$GPGSA,M,3,03,16,26,28,29,31,32,,,,,,1.6,0.7,1.4,1*24
$GPGSA,M,3,03,16,26,28,29,31,32,,,,,,1.6,0.7,1.4,1*24
$GPGSA,M,3,03,16,26,28,29,31,32,,,,,,1.5,0.7,1.4,1*27
$GPGSA,M,3,03,16,26,28,29,31,32,,,,,,1.5,0.7,1.4,1*27
$GPGSA,M,3,03,16,26,28,29,31,32,,,,,,1.5,0.7,1.4,1*27
$GPGSA,M,3,03,16,26,28,29,31,32,,,,,,1.5,0.7,1.4,1*27
$GPGSA,M,3,03,16,26,28,29,31,32,,,,,,1.5,0.7,1.4,1*27
$GPGSA,M,3,03,16,26,28,29,31,32,,,,,,1.5,0.7,1.4,1*27
$GPGSA,M,3,03,16,26,28,29,31,32,,,,,,1.5,0.7,1.4,1*27
$GPGSA,M,3,03,16,26,28,29,31,32,,,,,,1.5,0.7,1.4,1*27
$GPGSA,M,3,03,16,26,28,29,31,32,,,,,,1.5,0.7,1.4,1*27
$GPGSA,M,3,03,16,26,28,29,31,32,,,,,,1.5,0.7,1.4,1*27
$GPGSA,M,3,03,16,26,28,29,31,32,,,,,,1.5,0.7,1.4,1*27
$GPGSA,M,3,03,16,26,28,29,31,32,,,,,,1.5,0.7,1.4,1*27
$GPGSA,M,3,03,16,26,28,29,31,32,,,,,,1.5,0.7,1.4,1*27
$GPGSA,M,3,03,16,26,28,29,31,32,,,,,,1.5,0.7,1.4,1*27
$GPGSA,M,3,03,16,26,28,29,31,32,,,,,,1.5,0.7,1.4,1*27
$GPGSA,M,3,03,16,26,28,29,31,32,,,,,,1.5,0.7,1.4,1*27
$GPGSA,M,3,03,16,26,28,29,31,32,,,,,,1.5,0.7,1.4,1*27
$GPGSA,M,3,03,16,26,28,29,31,32,,,,,,1.5,0.7,1.4,1*27
$GPGSA,M,3,03,16,26,28,29,31,32,,,,,,1.5,0.7,1.4,1*27
$GPGSA,M,3,03,16,26,28,29,31,32,,,,,,1.5,0.7,1.4,1*27
$GPGSA,M,3,03,16,26,28,29,31,32,,,,,,1.5,0.7,1.4,1*27
$GPGSA,M,3,03,16,26,28,29,31,32,,,,,,1.5,0.7,1.4,1*27
$GPGSA,M,3,03,16,26,28,29,31,32,,,,,,1.5,0.7,1.4,1*27
$GPGSA,M,3,03,16,26,28,29,31,32,,,,,,1.5,0.7,1.4,1*27
$GPGSA,M,3,03,16,26,28,29,31,32,,,,,,1.5,0.7,1.4,1*27
$GPGSA,M,3,03,16,26,28,29,31,32,,,,,,1.5,0.7,1.4,1*27
$GPGSA,M,3,03,16,26,28,29,31,32,,,,,,1.5,0.7,1.4,1*27
$GPGSA,M,3,03,16,26,28,29,31,32,,,,,,1.5,0.7,1.4,1*27
$GPGSA,M,3,03,16,26,28,29,31,32,,,,,,1.5,0.7,1.4,1*27
$GPGSA,M,3,03,16,26,28,29,31,32,,,,,,1.5,0.7,1.4,1*27
$GPGSA,M,3,03,16,26,28,29,31,32,,,,,,1.5,0.7,1.4,1*27
$GPGSA,M,3,03,16,26,28,29,31,32,,,,,,1.5,0.7,1.4,1*27
$GPGSA,M,3,03,16,26,28,29,31,32,,,,,,1.5,0.7,1.4,1*27
$GPGSA,M,3,03,16,26,28,29,31,32,,,,,,1.5,0.7,1.4,1*27
$GPGSA,M,3,03,16,26,28,29,31,32,,,,,,1.5,0.7,1.4,1*27
$GPGSA,M,3,03,16,26,28,29,31,32,,,,,,1.6,0.7,1.4,1*24
$GPGSA,M,3,03,16,26,28,29,31,32,,,,,,1.6,0.7,1.4,1*24
$GPGSA,M,3,03,16,26,28,29,31,32,,,,,,1.6,0.7,1.4,1*24
$GPGSA,M,3,03,16,26,28,29,31,32,,,,,,1.6,0.7,1.4,1*24
$GPGSA,M,3,03,16,26,28,29,31,32,,,,,,1.6,0.7,1.4,1*24
$GPGSA,M,3,03,16,26,28,29,31,32,,,,,,1.6,0.7,1.4,1*24
$GPGSA,M,3,03,16,26,28,29,31,32,,,,,,1.6,0.7,1.4,1*24
$GPGSA,M,3,03,16,26,28,29,31,32,,,,,,1.6,0.7,1.4,1*24
$GPGSA,M,3,03,16,26,28,29,31,32,,,,,,1.6,0.7,1.4,1*24
$GPGSA,M,3,03,16,26,28,29,31,32,,,,,,1.6,0.7,1.4,1*24
$GPGSA,M,3,03,16,26,28,29,31,32,,,,,,1.6,0.7,1.4,1*24
$GPGSA,M,3,03,16,26,28,29,31,32,,,,,,1.6,0.7,1.4,1*24
$GPGSA,M,3,03,16,26,28,29,31,32,,,,,,1.6,0.7,1.4,1*24
$GPGSA,M,3,03,16,26,28,29,31,32,,,,,,1.6,0.7,1.4,1*24
$GPGSA,M,3,03,16,26,28,29,31,32,,,,,,1.6,0.7,1.4,1*24
$GPGSA,M,3,03,16,26,28,29,31,32,,,,,,1.6,0.7,1.4,1*24
$GPGSA,M,3,03,16,26,28,29,31,32,,,,,,1.6,0.7,1.4,1*24
$GPGSA,M,3,03,16,26,28,29,31,32,,,,,,1.6,0.7,1.4,1*24
$GPGSA,M,3,03,16,26,28,29,31,32,,,,,,1.6,0.7,1.4,1*24
$GPGSA,M,3,03,16,26,28,29,31,32,,,,,,1.6,0.7,1.4,1*24
$GPGSA,M,3,03,16,26,28,29,31,32,,,,,,1.6,0.7,1.4,1*24
$GPGSA,M,3,03,16,26,28,29,31,32,,,,,,1.6,0.7,1.4,1*24
$GPGSA,M,3,03,16,26,28,29,31,32,,,,,,1.6,0.7,1.4,1*24
$GPGSA,M,3,03,16,26,28,29,31,32,,,,,,1.6,0.7,1.4,1*24
$GPGSA,M,3,03,16,26,28,29,31,32,,,,,,1.6,0.7,1.4,1*24
$GPGSA,M,3,03,16,26,28,29,31,32,,,,,,1.6,0.7,1.4,1*24
$GPGSA,M,3,03,16,26,28,29,31,32,,,,,,1.6,0.7,1.4,1*24
$GPGSA,M,3,03,16,26,28,29,31,32,,,,,,1.6,0.7,1.4,1*24
$GPGSA,M,3,03,16,26,28,29,31,32,,,,,,1.6,0.7,1.4,1*24
$GPGSA,M,3,03,16,26,28,29,31,32,,,,,,1.6,0.7,1.4,1*24
$GPGSA,M,3,03,16,26,28,29,31,32,,,,,,1.5,0.7,1.4,1*27
$GPGSA,M,3,03,16,26,28,29,31,32,,,,,,1.5,0.7,1.4,1*27
$GPGSA,M,3,03,16,26,28,29,31,32,,,,,,1.5,0.7,1.4,1*27
$GPGSA,M,3,03,16,26,28,29,31,32,,,,,,1.5,0.7,1.4,1*27
$GPGSA,M,3,03,16,26,28,29,31,32,,,,,,1.5,0.7,1.4,1*27
$GPGSA,M,3,03,16,26,28,29,31,32,,,,,,1.5,0.7,1.4,1*27
$GPGSA,M,3,03,16,26,28,29,31,32,,,,,,1.5,0.7,1.4,1*27
$GPGSA,M,3,03,16,26,28,29,31,32,,,,,,1.5,0.7,1.4,1*27
$GPGSA,M,3,03,16,26,28,29,31,32,,,,,,1.5,0.7,1.4,1*27
$GPGSA,M,3,03,16,26,28,29,31,32,,,,,,1.5,0.7,1.4,1*27
$GPGSA,M,3,03,16,26,28,29,31,32,,,,,,1.5,0.7,1.3,1*20
$GPGSA,M,3,03,16,26,28,29,31,32,,,,,,1.5,0.7,1.3,1*20
$GPGSA,M,3,03,16,26,28,29,31,32,,,,,,1.5,0.7,1.3,1*20
$GPGSA,M,3,03,16,26,27,28,29,31,32,,,,,1.5,0.7,1.3,1*25
$GPGSA,M,3,03,16,26,27,28,29,31,32,,,,,1.5,0.7,1.3,1*25
$GPGSA,M,3,03,16,26,27,28,29,31,32,,,,,1.5,0.7,1.3,1*25
$GPGSA,M,3,03,16,26,27,28,29,31,32,,,,,1.5,0.7,1.3,1*25
$GPGSA,M,3,03,16,26,27,28,29,31,32,,,,,1.5,0.7,1.3,1*25
$GPGSA,M,3,03,16,26,27,28,29,31,32,,,,,1.5,0.7,1.3,1*25
$GPGSA,M,3,03,16,26,27,28,29,31,32,,,,,1.5,0.7,1.3,1*25
$GPGSA,M,3,03,16,26,27,28,29,31,32,,,,,1.5,0.7,1.3,1*25
$GPGSA,M,3,03,16,26,27,28,29,31,32,,,,,1.5,0.7,1.3,1*25
$GPGSA,M,3,03,16,26,27,28,29,31,32,,,,,1.5,0.7,1.3,1*25
$GPGSA,M,3,03,16,26,27,28,29,31,32,,,,,1.5,0.7,1.3,1*25
$GPGSA,M,3,03,16,26,27,28,29,31,32,,,,,1.5,0.7,1.3,1*25
$GPGSA,M,3,03,16,26,27,28,29,31,32,,,,,1.4,0.7,1.2,1*25
$GPGSA,M,3,03,16,26,27,28,29,31,32,,,,,1.4,0.7,1.2,1*25
$GPGSA,M,3,03,16,26,27,28,29,31,32,,,,,1.4,0.7,1.2,1*25
$GPGSA,M,3,03,16,26,27,28,29,31,32,,,,,1.4,0.7,1.2,1*25
$GPGSA,M,3,03,16,26,27,28,29,31,32,,,,,1.4,0.7,1.2,1*25
$GPGSA,M,3,03,16,26,27,28,29,31,32,,,,,1.4,0.7,1.2,1*25
$GPGSA,M,3,03,16,26,27,28,29,31,32,,,,,1.4,0.7,1.2,1*25
$GPGSA,M,3,03,16,26,27,28,29,31,32,,,,,1.4,0.7,1.2,1*25
$GPGSA,M,3,03,16,26,27,28,29,31,32,,,,,1.4,0.7,1.2,1*25
$GPGSA,M,3,03,16,26,27,28,29,31,32,,,,,1.4,0.7,1.2,1*25
$GPGSA,M,3,03,16,26,27,28,29,31,32,,,,,1.6,0.7,1.4,1*21
$GPGSA,M,3,03,16,26,27,28,29,31,32,,,,,1.6,0.7,1.4,1*21
$GPGSA,M,3,03,16,26,27,28,29,31,32,,,,,1.6,0.7,1.4,1*21
$GPGSA,M,3,03,16,26,27,28,29,31,32,,,,,1.6,0.7,1.4,1*21
$GPGSA,M,3,03,16,26,27,28,29,31,32,,,,,1.6,0.7,1.4,1*21
$GPGSA,M,3,03,16,26,27,28,29,31,32,,,,,1.6,0.7,1.4,1*21
$GPGSA,M,3,03,16,26,27,28,29,31,32,,,,,1.6,0.7,1.4,1*21
$GPGSA,M,3,03,16,26,27,28,29,31,32,,,,,1.6,0.7,1.4,1*21
$GPGSA,M,3,03,16,26,27,28,29,31,32,,,,,1.6,0.7,1.4,1*21
$GPGSA,M,3,03,16,26,27,28,29,31,32,,,,,1.6,0.7,1.4,1*21
$GPGSA,M,3,03,16,26,27,28,29,31,32,,,,,1.6,0.7,1.4,1*21
$GPGSA,M,3,03,16,26,27,28,29,31,32,,,,,1.6,0.7,1.4,1*21
$GPGSA,M,3,03,16,26,27,28,29,31,32,,,,,1.6,0.7,1.4,1*21
$GPGSA,M,3,03,16,26,27,28,29,31,32,,,,,1.6,0.7,1.4,1*21
$GPGSA,M,3,03,16,26,27,28,29,31,32,,,,,1.6,0.7,1.4,1*21
$GPGSA,M,3,03,16,26,27,28,29,31,32,,,,,1.4,0.7,1.2,1*25
$GPGSA,M,3,03,16,26,27,28,29,31,32,,,,,1.4,0.7,1.2,1*25
$GPGSA,M,3,03,16,26,27,28,29,31,32,,,,,1.4,0.7,1.2,1*25
$GPGSA,M,3,03,16,26,27,28,29,31,32,,,,,1.4,0.7,1.2,1*25
$GPGSA,M,3,03,16,26,27,28,29,31,32,,,,,1.4,0.7,1.2,1*25
$GPGSA,M,3,03,16,26,27,28,29,31,32,,,,,1.4,0.7,1.2,1*25
$GPGSA,M,3,03,16,26,27,28,29,31,32,,,,,1.4,0.7,1.2,1*25
$GPGSA,M,3,03,16,26,27,28,29,31,32,,,,,1.4,0.7,1.2,1*25
$GPGSA,M,3,03,16,26,27,28,29,31,32,,,,,1.4,0.7,1.2,1*25
$GPGSA,M,3,03,16,26,27,28,29,31,32,,,,,1.4,0.7,1.2,1*25
$GPGSA,M,3,03,16,26,27,28,29,31,32,,,,,1.4,0.7,1.2,1*25
$GPGSA,M,3,03,16,26,27,28,29,31,32,,,,,1.4,0.7,1.2,1*25
$GPGSA,M,3,03,16,26,27,28,29,31,32,,,,,1.4,0.7,1.2,1*25
$GPGSA,M,3,03,16,26,27,28,29,31,32,,,,,1.4,0.7,1.2,1*25
$GPGSA,M,3,03,16,26,27,28,29,31,32,,,,,1.4,0.7,1.2,1*25
$GPGSA,M,3,03,16,26,27,28,29,31,32,,,,,1.4,0.7,1.2,1*25
$GPGSA,M,3,03,16,26,27,28,29,31,32,,,,,1.4,0.7,1.2,1*25
$GPGSA,M,3,03,16,26,27,28,29,31,32,,,,,1.4,0.7,1.2,1*25
$GPGSA,M,3,03,16,26,27,28,29,31,32,,,,,1.4,0.7,1.2,1*25
$GPGSA,M,3,03,16,26,27,28,29,31,32,,,,,1.4,0.7,1.2,1*25
$GPGSA,M,3,03,16,26,27,28,29,31,32,,,,,1.5,0.7,1.4,1*22
$GPGSA,M,3,03,16,26,27,28,29,31,32,,,,,1.5,0.7,1.4,1*22
$GPGSA,M,3,03,16,26,27,28,29,31,32,,,,,1.5,0.7,1.4,1*22
$GPGSA,M,3,03,16,26,27,28,29,31,32,,,,,1.5,0.7,1.4,1*22
$GPGSA,M,3,03,16,26,27,28,29,31,32,,,,,1.5,0.7,1.4,1*22
$GPGSA,M,3,03,16,26,27,28,29,31,32,,,,,1.7,0.8,1.5,1*2E
$GPGSA,M,3,03,16,26,27,28,29,31,32,,,,,1.7,0.8,1.5,1*2E
$GPGSA,M,3,03,16,26,27,28,29,31,32,,,,,1.7,0.8,1.5,1*2E
$GPGSA,M,3,03,16,26,27,28,29,31,32,,,,,1.7,0.8,1.5,1*2E
$GPGSA,M,3,03,16,26,27,28,29,31,32,,,,,1.7,0.8,1.5,1*2E
$GPGSA,M,3,03,16,26,27,28,29,31,32,,,,,1.6,0.8,1.4,1*2E
$GPGSA,M,3,03,16,26,27,28,29,31,32,,,,,1.6,0.8,1.4,1*2E
$GPGSA,M,3,03,16,26,27,28,29,31,32,,,,,1.6,0.8,1.4,1*2E
$GPGSA,M,3,03,16,26,27,28,29,31,32,,,,,1.6,0.8,1.4,1*2E
$GPGSA,M,3,03,16,26,27,28,29,31,32,,,,,1.6,0.8,1.4,1*2E
$GPGSA,M,3,03,16,26,27,28,29,31,32,,,,,1.6,0.8,1.4,1*2E
$GPGSA,M,3,03,16,26,27,28,29,31,32,,,,,1.6,0.8,1.4,1*2E
$GPGSA,M,3,03,16,26,27,28,29,31,32,,,,,1.6,0.8,1.4,1*2E
$GPGSA,M,3,03,16,26,27,28,29,31,32,,,,,1.6,0.8,1.4,1*2E
$GPGSA,M,3,03,16,26,27,28,29,31,32,,,,,1.6,0.8,1.4,1*2E
$GPGSA,M,3,03,16,26,27,28,29,31,32,,,,,1.6,0.8,1.4,1*2E
$GPGSA,M,3,03,16,26,27,28,29,31,32,,,,,1.6,0.8,1.4,1*2E
$GPGSA,M,3,03,16,26,27,28,29,31,32,,,,,1.6,0.8,1.4,1*2E
$GPGSA,M,3,03,16,26,27,28,29,31,32,,,,,1.6,0.8,1.4,1*2E
$GPGSA,M,3,03,16,26,27,28,29,31,32,,,,,1.6,0.8,1.4,1*2E
$GPGSA,M,3,03,16,26,27,28,29,31,32,,,,,1.6,0.8,1.4,1*2E
$GPGSA,M,3,03,16,26,27,28,29,31,32,,,,,1.6,0.8,1.4,1*2E
$GPGSA,M,3,03,16,26,27,28,29,31,32,,,,,1.6,0.8,1.4,1*2E
$GPGSA,M,3,03,16,26,27,28,29,31,32,,,,,1.6,0.8,1.4,1*2E
$GPGSA,M,3,03,16,26,27,28,29,31,32,,,,,1.6,0.8,1.4,1*2E
$GPGSA,M,3,03,16,26,27,28,29,31,32,,,,,1.7,0.8,1.5,1*2E
$GPGSA,M,3,03,16,26,27,28,29,31,32,,,,,1.7,0.8,1.5,1*2E
$GPGSA,M,3,03,16,26,27,28,29,31,32,,,,,1.7,0.8,1.5,1*2E
$GPGSA,M,3,03,16,26,27,28,29,31,32,,,,,1.7,0.8,1.5,1*2E
$GPGSA,M,3,03,16,26,27,28,29,31,32,,,,,1.7,0.8,1.5,1*2E
$GPGSA,M,3,03,16,26,27,28,29,31,32,,,,,1.7,0.8,1.5,1*2E
$GPGSA,M,3,03,16,26,27,28,29,31,32,,,,,1.7,0.8,1.5,1*2E
$GPGSA,M,3,03,16,26,27,28,29,31,32,,,,,1.7,0.8,1.5,1*2E
$GPGSA,M,3,03,16,26,27,28,29,31,32,,,,,1.7,0.8,1.5,1*2E
$GPGSA,M,3,03,16,26,27,28,29,31,32,,,,,1.7,0.8,1.5,1*2E
$GPGSA,M,3,03,16,26,27,28,29,31,32,,,,,1.6,0.8,1.4,1*2E
$GPGSA,M,3,03,16,26,27,28,29,31,32,,,,,1.6,0.8,1.4,1*2E
$GPGSA,M,3,03,16,26,27,28,29,31,32,,,,,1.6,0.8,1.4,1*2E
$GPGSA,M,3,03,16,26,27,28,29,31,32,,,,,1.6,0.8,1.4,1*2E
$GPGSA,M,3,03,16,26,27,28,29,31,32,,,,,1.6,0.8,1.4,1*2E
$GPGSA,M,3,03,16,26,27,28,29,31,32,,,,,1.6,0.8,1.4,1*2E
$GPGSA,M,3,03,16,26,27,28,29,31,32,,,,,1.6,0.8,1.4,1*2E
$GPGSA,M,3,03,16,26,27,28,29,31,32,,,,,1.6,0.8,1.4,1*2E
$GPGSA,M,3,03,16,26,27,28,29,31,32,,,,,1.6,0.8,1.4,1*2E
$GPGSA,M,3,03,16,26,27,28,29,31,32,,,,,1.6,0.8,1.4,1*2E
$GPGSA,M,3,03,16,26,27,28,29,31,32,,,,,1.6,0.8,1.4,1*2E
$GPGSA,M,3,03,16,26,27,28,29,31,32,,,,,1.6,0.8,1.4,1*2E
$GPGSA,M,3,03,16,26,27,28,29,31,32,,,,,1.6,0.8,1.4,1*2E
$GPGSA,M,3,03,16,26,27,28,29,31,32,,,,,1.6,0.8,1.4,1*2E
$GPGSA,M,3,03,16,26,27,28,29,31,32,,,,,1.6,0.8,1.4,1*2E
$GPGSA,M,3,03,16,26,27,28,29,31,32,,,,,1.6,0.8,1.4,1*2E
$GPGSA,M,3,03,16,26,27,28,29,31,32,,,,,1.6,0.8,1.4,1*2E
$GPGSA,M,3,03,16,26,27,28,29,31,32,,,,,1.6,0.8,1.4,1*2E
$GPGSA,M,3,03,16,26,27,28,31,32,,,,,,1.6,0.8,1.4,1*25
$GPGSA,M,3,03,16,26,27,28,31,32,,,,,,1.6,0.8,1.4,1*25
$GPGSA,M,3,03,16,26,27,28,31,32,,,,,,1.5,0.8,1.3,1*21
$GPGSA,M,3,03,16,26,27,28,29,31,32,,,,,1.5,0.8,1.3,1*2A
$GPGSA,M,3,03,16,26,27,28,29,31,32,,,,,1.5,0.8,1.3,1*2A
$GPGSA,M,3,03,16,26,27,28,29,31,32,,,,,1.5,0.8,1.3,1*2A
$GPGSA,M,3,03,16,26,27,28,29,31,32,,,,,1.5,0.8,1.3,1*2A
$GPGSA,M,3,03,16,26,27,28,29,31,32,,,,,1.6,0.8,1.4,1*2E
$GPGSA,M,3,03,16,26,27,28,29,31,32,,,,,1.6,0.8,1.4,1*2E
$GPGSA,M,3,03,16,26,27,28,29,31,32,,,,,1.6,0.8,1.4,1*2E
$GPGSA,M,3,03,16,26,27,28,29,31,32,,,,,1.6,0.8,1.4,1*2E
$GPGSA,M,3,03,16,26,27,28,29,31,32,,,,,1.6,0.8,1.4,1*2E
$GPGSA,M,3,03,16,26,27,28,29,31,32,,,,,1.6,0.8,1.4,1*2E
$GPGSA,M,3,03,16,26,27,28,29,31,32,,,,,1.6,0.8,1.4,1*2E
$GPGSA,M,3,03,16,26,27,28,29,31,32,,,,,1.6,0.8,1.4,1*2E
$GPGSA,M,3,03,16,26,27,28,29,31,32,,,,,1.6,0.8,1.4,1*2E
$GPGSA,M,3,03,16,26,27,28,29,31,32,,,,,1.6,0.8,1.4,1*2E
$GPGSA,M,3,03,16,26,27,28,29,31,32,,,,,1.7,0.8,1.5,1*2E
$GPGSA,M,3,03,16,26,27,28,29,31,32,,,,,1.7,0.8,1.5,1*2E
$GPGSA,M,3,03,16,26,28,29,31,32,,,,,,1.7,0.8,1.5,1*2B
$GPGSA,M,3,03,16,26,28,29,31,32,,,,,,1.7,0.8,1.5,1*2B
$GPGSA,M,3,03,16,26,27,28,29,31,32,,,,,1.7,0.8,1.5,1*2E
$GPGSA,M,3,03,16,26,27,28,29,31,32,,,,,1.7,0.8,1.5,1*2E
$GPGSA,M,3,03,16,26,27,28,29,31,32,,,,,1.7,0.8,1.5,1*2E
$GPGSA,M,3,03,16,26,27,28,29,31,32,,,,,1.7,0.8,1.5,1*2E
$GPGSA,M,3,03,16,26,27,28,29,31,32,,,,,1.7,0.8,1.5,1*2E
$GPGSA,M,3,03,16,26,27,28,29,31,32,,,,,1.7,0.8,1.5,1*2E
$GPGSA,M,3,03,16,26,27,28,29,31,32,,,,,1.7,0.8,1.5,1*2E
$GPGSA,M,3,03,16,26,27,28,29,31,32,,,,,1.7,0.8,1.5,1*2E
$GPGSA,M,3,03,16,26,27,28,29,31,32,,,,,1.7,0.8,1.5,1*2E
$GPGSA,M,3,03,16,26,27,28,29,31,32,,,,,1.7,0.8,1.5,1*2E
$GPGSA,M,3,03,16,26,27,28,29,31,32,,,,,1.7,0.8,1.5,1*2E
$GPGSA,M,3,03,16,26,27,28,29,31,32,,,,,1.7,0.8,1.5,1*2E
$GPGSA,M,3,03,16,26,27,28,29,31,32,,,,,1.7,0.8,1.5,1*2E
$GPGSA,M,3,03,16,26,27,28,29,31,32,,,,,1.7,0.8,1.5,1*2E
$GPGSA,M,3,03,16,26,27,28,29,31,32,,,,,1.7,0.8,1.5,1*2E
$GPGSA,M,3,03,16,26,27,28,29,31,32,,,,,1.7,0.8,1.5,1*2E
$GPGSA,M,3,03,16,26,27,28,29,31,32,,,,,1.5,0.7,1.3,1*25
$GPGSA,M,3,03,16,26,27,28,29,31,32,,,,,1.5,0.7,1.3,1*25
$GPGSA,M,3,03,16,26,27,28,29,31,32,,,,,1.5,0.7,1.3,1*25
$GPGSA,M,3,03,16,26,27,28,29,31,32,,,,,1.5,0.7,1.3,1*25
$GPGSA,M,3,03,16,26,27,28,29,31,32,,,,,1.5,0.7,1.3,1*25
$GPGSA,M,3,03,16,26,27,28,29,31,32,,,,,1.7,0.8,1.5,1*2E
$GPGSA,M,3,03,16,26,27,28,29,31,32,,,,,1.7,0.8,1.5,1*2E
$GPGSA,M,3,03,16,26,27,28,29,31,32,,,,,1.7,0.8,1.5,1*2E
$GPGSA,M,3,03,16,26,27,28,29,31,32,,,,,1.7,0.8,1.5,1*2E
$GPGSA,M,3,03,16,26,27,28,29,31,32,,,,,1.7,0.8,1.5,1*2E
$GPGSA,M,3,03,16,26,27,28,29,31,32,,,,,1.7,0.8,1.5,1*2E
$GPGSA,M,3,03,16,26,27,28,29,31,32,,,,,1.7,0.8,1.5,1*2E
$GPGSA,M,3,03,16,26,27,28,29,31,32,,,,,1.7,0.8,1.5,1*2E
$GPGSA,M,3,03,16,26,27,28,29,31,32,,,,,1.7,0.8,1.5,1*2E
$GPGSA,M,3,03,16,26,27,28,29,31,32,,,,,1.7,0.8,1.5,1*2E
$GPGSA,M,3,03,16,26,27,28,29,31,32,,,,,1.7,0.8,1.5,1*2E
$GPGSA,M,3,03,16,26,27,28,29,31,32,,,,,1.7,0.8,1.5,1*2E
$GPGSA,M,3,03,16,26,27,28,29,31,32,,,,,1.7,0.8,1.5,1*2E
$GPGSA,M,3,03,16,26,27,28,29,31,32,,,,,1.7,0.8,1.5,1*2E
$GPGSA,M,3,03,16,26,27,28,29,31,32,,,,,1.7,0.8,1.5,1*2E
$GPGSA,M,3,03,16,26,27,28,29,31,32,,,,,1.5,0.7,1.3,1*25
$GPGSA,M,3,03,16,26,27,28,29,31,32,,,,,1.5,0.7,1.3,1*25
$GPGSA,M,3,03,16,26,27,28,29,31,32,,,,,1.5,0.7,1.3,1*25
$GPGSA,M,3,03,16,26,27,28,29,31,32,,,,,1.5,0.7,1.3,1*25
$GPGSA,M,3,03,16,26,27,28,29,31,32,,,,,1.5,0.7,1.3,1*25
$GPGSA,M,3,03,16,26,27,28,29,31,32,,,,,1.4,0.7,1.2,1*25
$GPGSA,M,3,03,16,26,27,28,29,31,32,,,,,1.4,0.7,1.2,1*25
$GPGSA,M,3,03,16,26,27,28,29,31,32,,,,,1.4,0.7,1.2,1*25
$GPGSA,M,3,03,16,26,27,28,29,31,32,,,,,1.4,0.7,1.2,1*25
$GPGSA,M,3,03,16,26,27,28,29,31,32,,,,,1.4,0.7,1.2,1*25
$GPGSA,M,3,03,16,26,27,28,29,31,32,,,,,1.4,0.7,1.2,1*25
$GPGSA,M,3,03,16,26,27,28,29,31,32,,,,,1.4,0.7,1.2,1*25
$GPGSA,M,3,03,16,26,27,28,29,31,32,,,,,1.4,0.7,1.2,1*25
$GPGSA,M,3,03,16,26,27,28,29,31,32,,,,,1.4,0.7,1.2,1*25
$GPGSA,M,3,03,16,26,27,28,29,31,32,,,,,1.4,0.7,1.2,1*25
$GPGSA,M,3,03,16,26,27,28,29,31,32,,,,,1.4,0.7,1.2,1*25
$GPGSA,M,3,03,16,26,27,28,29,31,32,,,,,1.4,0.7,1.2,1*25
$GPGSA,M,3,03,16,26,27,28,29,31,32,,,,,1.4,0.7,1.2,1*25
$GPGSA,M,3,03,16,26,27,28,29,31,32,,,,,1.4,0.7,1.2,1*25
$GPGSA,M,3,03,16,26,27,28,29,31,32,,,,,1.4,0.7,1.2,1*25
$GPGSA,M,3,03,16,26,27,28,29,31,32,,,,,1.4,0.7,1.2,1*25
$GPGSA,M,3,03,16,26,27,28,29,31,32,,,,,1.4,0.7,1.2,1*25
$GPGSA,M,3,03,16,26,27,28,29,31,32,,,,,1.4,0.7,1.2,1*25
$GPGSA,M,3,03,16,26,27,28,29,31,32,,,,,1.4,0.7,1.2,1*25
$GPGSA,M,3,03,16,26,27,28,29,31,32,,,,,1.4,0.7,1.2,1*25
$GPGSA,M,3,03,16,26,27,28,29,31,32,,,,,1.4,0.7,1.2,1*25
$GPGSA,M,3,03,16,26,27,28,29,31,32,,,,,1.4,0.7,1.2,1*25
$GPGSA,M,3,03,16,26,27,28,29,31,32,,,,,1.4,0.7,1.2,1*25
$GPGSA,M,3,03,16,26,27,28,29,31,32,,,,,1.4,0.7,1.2,1*25
$GPGSA,M,3,03,16,26,27,28,29,31,32,,,,,1.4,0.7,1.2,1*25
$GPGSA,M,3,03,16,26,27,28,29,31,32,,,,,1.4,0.7,1.2,1*25
$GPGSA,M,3,03,16,26,27,28,29,31,32,,,,,1.4,0.7,1.2,1*25
$GPGSA,M,3,03,16,26,27,28,29,31,32,,,,,1.4,0.7,1.2,1*25
$GPGSA,M,3,03,16,26,27,28,29,31,32,,,,,1.4,0.7,1.2,1*25
$GPGSA,M,3,03,16,26,27,28,29,31,32,,,,,1.4,0.7,1.2,1*25
$GPGSA,M,3,03,16,26,27,28,29,31,32,,,,,1.4,0.7,1.2,1*25
$GPGSA,M,3,03,16,26,27,28,29,31,32,,,,,1.4,0.7,1.2,1*25
$GPGSA,M,3,03,16,26,27,28,29,31,32,,,,,1.4,0.7,1.2,1*25
$GPGSA,M,3,03,16,26,27,28,29,31,32,,,,,1.4,0.7,1.2,1*25
$GPGSA,M,3,03,16,26,27,28,29,31,32,,,,,1.4,0.7,1.2,1*25
$GPGSA,M,3,03,16,26,27,28,29,31,32,,,,,1.4,0.7,1.2,1*25
$GPGSA,M,3,03,16,26,27,28,29,31,32,,,,,1.4,0.7,1.2,1*25
$GPGSA,M,3,03,16,26,27,28,29,31,32,,,,,1.4,0.7,1.2,1*25
$GPGSA,M,3,03,16,26,27,28,29,31,32,,,,,1.4,0.7,1.2,1*25
$GPGSA,M,3,03,16,26,27,28,29,31,32,,,,,1.4,0.7,1.2,1*25
$GPGSA,M,3,03,16,26,27,28,29,31,32,,,,,1.5,0.7,1.3,1*25
$GPGSA,M,3,03,16,26,27,28,29,31,32,,,,,1.5,0.7,1.3,1*25
$GPGSA,M,3,03,16,26,27,28,29,31,32,,,,,1.5,0.7,1.3,1*25
$GPGSA,M,3,03,16,26,27,28,29,31,32,,,,,1.5,0.7,1.3,1*25
$GPGSA,M,3,03,16,26,27,28,29,31,32,,,,,1.5,0.7,1.3,1*25
$GPGSA,M,3,03,16,26,27,28,29,31,32,,,,,1.4,0.7,1.2,1*25
$GPGSA,M,3,03,16,26,27,28,29,31,32,,,,,1.4,0.7,1.2,1*25
$GPGSA,M,3,03,16,26,27,28,29,31,32,,,,,1.4,0.7,1.2,1*25
$GPGSA,M,3,03,16,26,27,28,29,31,32,,,,,1.4,0.7,1.2,1*25
$GPGSA,M,3,03,16,26,27,28,29,31,32,,,,,1.4,0.7,1.2,1*25
$GPGSA,M,3,03,16,26,27,28,29,31,32,,,,,1.4,0.7,1.2,1*25
$GPGSA,M,3,03,16,26,27,28,29,31,32,,,,,1.4,0.7,1.2,1*25
$GPGSA,M,3,03,16,26,27,28,29,31,32,,,,,1.4,0.7,1.2,1*25
$GPGSA,M,3,03,16,26,27,28,29,31,32,,,,,1.4,0.7,1.2,1*25
$GPGSA,M,3,03,16,26,27,28,29,31,32,,,,,1.4,0.7,1.2,1*25
$GPGSA,M,3,03,16,26,27,28,29,31,32,,,,,1.4,0.7,1.2,1*25
$GPGSA,M,3,03,16,26,27,28,29,31,32,,,,,1.4,0.7,1.2,1*25
$GPGSA,M,3,03,16,26,27,28,29,31,32,,,,,1.4,0.7,1.2,1*25
$GPGSA,M,3,03,16,26,27,28,29,31,32,,,,,1.4,0.7,1.2,1*25
$GPGSA,M,3,03,16,26,27,28,29,31,32,,,,,1.4,0.7,1.2,1*25
$GPGSA,M,3,03,16,26,27,28,29,31,32,,,,,1.4,0.7,1.2,1*25
$GPGSA,M,3,03,16,26,27,28,29,31,32,,,,,1.4,0.7,1.2,1*25
$GPGSA,M,3,03,16,26,27,28,29,31,32,,,,,1.4,0.7,1.2,1*25
$GPGSA,M,3,03,16,26,27,28,29,31,32,,,,,1.4,0.7,1.2,1*25
$GPGSA,M,3,03,16,26,27,28,29,31,32,,,,,1.4,0.7,1.2,1*25
$GPGSA,M,3,03,16,26,27,28,29,31,32,,,,,1.3,0.7,1.1,1*21
$GPGSA,M,3,03,16,26,27,28,29,31,32,,,,,1.3,0.7,1.1,1*21
$GPGSA,M,3,03,16,26,27,28,29,31,32,,,,,1.3,0.7,1.1,1*21
$GPGSA,M,3,03,16,26,27,28,29,31,32,,,,,1.3,0.7,1.1,1*21
$GPGSA,M,3,03,16,26,27,28,29,31,32,,,,,1.3,0.7,1.1,1*21
$GPGSA,M,3,03,16,26,27,28,29,31,32,,,,,1.3,0.7,1.1,1*21
$GPGSA,M,3,03,16,26,27,28,29,31,32,,,,,1.3,0.7,1.1,1*21
$GPGSA,M,3,03,16,26,27,28,29,31,32,,,,,1.3,0.7,1.1,1*21
$GPGSA,M,3,03,16,26,27,28,29,31,32,,,,,1.3,0.7,1.1,1*21
$GPGSA,M,3,03,16,26,27,28,29,31,32,,,,,1.3,0.7,1.1,1*21
$GPGSA,M,3,03,16,26,27,28,29,32,,,,,,1.3,0.7,1.2,1*20
$GPGSA,M,3,03,16,26,27,28,29,32,,,,,,1.3,0.7,1.2,1*20
$GPGSA,M,3,03,16,26,27,28,29,32,,,,,,1.3,0.7,1.2,1*20
$GPGSA,M,3,03,16,26,27,28,29,31,32,,,,,1.3,0.7,1.2,1*22
$GPGSA,M,3,03,16,26,27,28,29,31,32,,,,,1.3,0.7,1.2,1*22
$GPGSA,M,3,03,16,26,27,28,29,31,32,,,,,1.3,0.7,1.2,1*22
$GPGSA,M,3,03,16,26,27,28,29,31,32,,,,,1.3,0.7,1.2,1*22
$GPGSA,M,3,03,16,26,27,28,29,32,,,,,,1.3,0.7,1.2,1*20
$GPGSA,M,3,03,16,26,27,28,29,32,,,,,,1.3,0.7,1.2,1*20
$GPGSA,M,3,03,16,26,27,28,29,32,,,,,,1.3,0.7,1.2,1*20
$GPGSA,M,3,03,16,26,27,28,29,32,,,,,,1.3,0.7,1.2,1*20
$GPGSA,M,3,03,16,26,27,28,29,32,,,,,,1.3,0.7,1.2,1*20
$GPGSA,M,3,03,16,26,27,28,29,32,,,,,,1.3,0.7,1.2,1*20
$GPGSA,M,3,03,16,26,27,28,29,32,,,,,,1.3,0.7,1.2,1*20
$GPGSA,M,3,03,16,26,27,28,29,32,,,,,,1.3,0.7,1.2,1*20
$GPGSA,M,3,03,16,26,27,28,29,32,,,,,,1.4,0.7,1.2,1*27
$GPGSA,M,3,03,16,26,27,28,29,32,,,,,,1.4,0.7,1.2,1*27
$GPGSA,M,3,03,16,26,27,28,29,32,,,,,,1.4,0.7,1.2,1*27
$GPGSA,M,3,03,16,26,27,28,29,32,,,,,,1.4,0.7,1.2,1*27
$GPGSA,M,3,03,16,26,27,28,29,32,,,,,,1.4,0.7,1.2,1*27
$GPGSA,M,3,03,16,26,27,28,29,32,,,,,,1.4,0.7,1.2,1*27
$GPGSA,M,3,03,16,26,27,28,29,32,,,,,,1.4,0.7,1.2,1*27
$GPGSA,M,3,03,16,26,27,28,29,32,,,,,,1.4,0.7,1.2,1*27
$GPGSA,M,3,03,16,26,27,28,29,32,,,,,,1.4,0.7,1.2,1*27
$GPGSA,M,3,03,16,26,27,28,29,32,,,,,,1.4,0.7,1.2,1*27
$GPGSA,M,3,03,16,26,27,28,29,32,,,,,,1.3,0.7,1.2,1*20
$GPGSA,M,3,03,16,26,27,28,29,32,,,,,,1.3,0.7,1.2,1*20
$GPGSA,M,3,03,16,26,27,28,29,32,,,,,,1.3,0.7,1.2,1*20
$GPGSA,M,3,03,16,26,27,28,29,32,,,,,,1.3,0.7,1.2,1*20
$GPGSA,M,3,03,16,26,27,28,29,32,,,,,,1.3,0.7,1.2,1*20
$GPGSA,M,3,03,16,26,27,28,29,32,,,,,,1.3,0.6,1.1,1*22
$GPGSA,M,3,03,16,26,27,28,29,32,,,,,,1.3,0.6,1.1,1*22
$GPGSA,M,3,03,16,26,27,28,29,32,,,,,,1.3,0.6,1.1,1*22
$GPGSA,M,3,03,16,26,27,28,29,32,,,,,,1.3,0.6,1.1,1*22
$GPGSA,M,3,03,16,26,27,28,29,32,,,,,,1.3,0.6,1.1,1*22
$GPGSA,M,3,03,16,26,27,28,29,32,,,,,,1.3,0.7,1.2,1*20
$GPGSA,M,3,03,16,26,27,28,29,32,,,,,,1.3,0.7,1.2,1*20
$GPGSA,M,3,03,16,26,27,28,29,32,,,,,,1.3,0.7,1.2,1*20
$GPGSA,M,3,03,16,26,27,28,29,32,,,,,,1.3,0.7,1.2,1*20
$GPGSA,M,3,03,16,26,27,28,29,32,,,,,,1.3,0.7,1.2,1*20
$GPGSA,M,3,03,16,26,27,28,29,32,,,,,,1.5,0.7,1.3,1*27
$GPGSA,M,3,03,16,26,27,28,29,32,,,,,,1.5,0.7,1.3,1*27
$GPGSA,M,3,03,16,26,27,28,29,32,,,,,,1.5,0.7,1.3,1*27
$GPGSA,M,3,03,16,26,27,28,29,32,,,,,,1.5,0.7,1.3,1*27
$GPGSA,M,3,03,16,26,27,28,29,32,,,,,,1.5,0.7,1.3,1*27
$GPGSA,M,3,03,16,26,27,28,29,32,,,,,,1.4,0.7,1.2,1*27
$GPGSA,M,3,03,16,26,27,28,29,32,,,,,,1.4,0.7,1.2,1*27
$GPGSA,M,3,03,16,26,27,28,29,32,,,,,,1.4,0.7,1.2,1*27
$GPGSA,M,3,03,16,26,27,28,29,32,,,,,,1.4,0.7,1.2,1*27
$GPGSA,M,3,03,16,26,27,28,29,32,,,,,,1.4,0.7,1.2,1*27
$GPGSA,M,3,03,16,26,27,28,29,32,,,,,,1.3,0.6,1.2,1*21
$GPGSA,M,3,03,16,26,27,28,29,32,,,,,,1.3,0.6,1.2,1*21
$GPGSA,M,3,03,16,26,27,28,29,32,,,,,,1.3,0.6,1.2,1*21
$GPGSA,M,3,03,16,26,27,28,29,32,,,,,,1.3,0.6,1.2,1*21
$GPGSA,M,3,03,16,26,27,28,29,32,,,,,,1.3,0.6,1.2,1*21
$GPGSA,M,3,03,16,26,27,28,29,32,,,,,,1.3,0.6,1.1,1*22
$GPGSA,M,3,03,16,26,27,28,29,32,,,,,,1.3,0.6,1.1,1*22
$GPGSA,M,3,03,16,26,27,28,29,32,,,,,,1.3,0.6,1.1,1*22
$GPGSA,M,3,03,16,26,27,28,29,32,,,,,,1.3,0.6,1.1,1*22
$GPGSA,M,3,03,16,26,27,28,29,32,,,,,,1.3,0.6,1.1,1*22
$GPGSA,M,3,03,16,26,27,28,29,32,,,,,,1.3,0.6,1.1,1*22
$GPGSA,M,3,03,16,26,27,28,29,32,,,,,,1.3,0.6,1.1,1*22
$GPGSA,M,3,03,16,26,27,28,29,32,,,,,,1.3,0.6,1.1,1*22
$GPGSA,M,3,03,16,26,27,28,29,32,,,,,,1.3,0.6,1.1,1*22
$GPGSA,M,3,03,16,26,27,28,29,32,,,,,,1.3,0.6,1.1,1*22
$GPGSA,M,3,03,16,26,27,28,29,32,,,,,,1.3,0.6,1.1,1*22
$GPGSA,M,3,03,16,26,27,28,29,32,,,,,,1.3,0.6,1.1,1*22
$GPGSA,M,3,03,16,26,27,28,29,32,,,,,,1.3,0.6,1.1,1*22
$GPGSA,M,3,03,16,26,27,28,29,32,,,,,,1.3,0.6,1.1,1*22
$GPGSA,M,3,03,16,26,27,28,29,32,,,,,,1.3,0.6,1.1,1*22
$GPGSA,M,3,03,16,26,27,28,29,32,,,,,,1.3,0.6,1.1,1*22
$GPGSA,M,3,03,16,26,27,28,29,32,,,,,,1.3,0.6,1.1,1*22
$GPGSA,M,3,03,16,26,27,28,29,32,,,,,,1.3,0.6,1.1,1*22
$GPGSA,M,3,03,16,26,27,28,29,32,,,,,,1.3,0.6,1.1,1*22
$GPGSA,M,3,03,16,26,27,28,29,32,,,,,,1.3,0.6,1.1,1*22
$GPGSA,M,3,03,16,26,27,28,29,32,,,,,,1.3,0.7,1.1,1*23
$GPGSA,M,3,03,16,26,27,28,29,32,,,,,,1.3,0.7,1.1,1*23
$GPGSA,M,3,03,16,26,27,28,29,32,,,,,,1.3,0.7,1.1,1*23
$GPGSA,M,3,03,16,26,27,28,29,32,,,,,,1.3,0.7,1.1,1*23
$GPGSA,M,3,03,16,26,27,28,29,32,,,,,,1.3,0.7,1.1,1*23
$GPGSA,M,3,03,16,26,27,28,29,32,,,,,,1.3,0.7,1.1,1*23
$GPGSA,M,3,03,16,26,27,28,29,32,,,,,,1.3,0.7,1.1,1*23
$GPGSA,M,3,03,16,26,27,28,29,32,,,,,,1.3,0.7,1.1,1*23
$GPGSA,M,3,03,16,26,27,28,29,32,,,,,,1.3,0.7,1.1,1*23
$GPGSA,M,3,03,16,26,27,28,29,32,,,,,,1.3,0.7,1.1,1*23
$GPGSA,M,3,03,16,26,27,28,29,32,,,,,,1.3,0.7,1.1,1*23
$GPGSA,M,3,03,16,26,27,28,29,32,,,,,,1.3,0.7,1.1,1*23
$GPGSA,M,3,03,16,26,27,28,29,32,,,,,,1.3,0.7,1.1,1*23
$GPGSA,M,3,03,16,26,27,28,29,32,,,,,,1.3,0.7,1.1,1*23
$GPGSA,M,3,03,16,26,27,28,29,32,,,,,,1.3,0.7,1.1,1*23
$GPGSA,M,3,03,16,26,27,28,29,32,,,,,,1.3,0.7,1.1,1*23
$GPGSA,M,3,03,16,26,27,28,29,32,,,,,,1.3,0.7,1.1,1*23
$GPGSA,M,3,03,16,26,27,28,29,32,,,,,,1.3,0.7,1.1,1*23
$GPGSA,M,3,03,16,26,27,28,29,32,,,,,,1.3,0.7,1.1,1*23
$GPGSA,M,3,03,16,26,27,28,29,32,,,,,,1.3,0.7,1.1,1*23
$GPGSA,M,3,03,16,26,27,28,29,32,,,,,,1.3,0.7,1.1,1*23
$GPGSA,M,3,03,16,26,27,28,29,32,,,,,,1.3,0.7,1.1,1*23
$GPGSA,M,3,03,16,26,27,28,29,32,,,,,,1.3,0.7,1.1,1*23
$GPGSA,M,3,03,16,26,27,28,29,32,,,,,,1.3,0.7,1.1,1*23
$GPGSA,M,3,03,16,26,27,28,29,32,,,,,,1.3,0.7,1.1,1*23
$GPGSA,M,3,03,16,26,27,28,29,32,,,,,,1.3,0.7,1.1,1*23
$GPGSA,M,3,03,16,26,27,28,29,32,,,,,,1.3,0.7,1.1,1*23
$GPGSA,M,3,03,16,26,27,28,29,32,,,,,,1.3,0.7,1.1,1*23
$GPGSA,M,3,03,16,26,27,28,29,32,,,,,,1.3,0.7,1.1,1*23
$GPGSA,M,3,03,16,26,27,28,29,32,,,,,,1.3,0.7,1.1,1*23
$GPGSA,M,3,03,16,26,27,28,29,32,,,,,,1.2,0.6,1.1,1*23
$GPGSA,M,3,03,16,26,27,28,29,32,,,,,,1.2,0.6,1.1,1*23
$GPGSA,M,3,03,16,26,27,28,29,32,,,,,,1.2,0.6,1.1,1*23
$GPGSA,M,3,03,16,26,27,28,29,32,,,,,,1.2,0.6,1.1,1*23
$GPGSA,M,3,03,16,26,27,28,29,32,,,,,,1.2,0.6,1.1,1*23
$GPGSA,M,3,03,16,26,27,28,29,32,,,,,,1.2,0.6,1.0,1*22
$GPGSA,M,3,03,16,26,27,28,29,32,,,,,,1.2,0.6,1.0,1*22
$GPGSA,M,3,03,16,26,27,28,29,32,,,,,,1.2,0.6,1.0,1*22
$GPGSA,M,3,03,16,26,27,28,29,32,,,,,,1.2,0.6,1.0,1*22
$GPGSA,M,3,03,16,26,27,28,29,32,,,,,,1.2,0.6,1.0,1*22
$GPGSA,M,3,03,16,26,27,28,29,32,,,,,,1.2,0.6,1.0,1*22
$GPGSA,M,3,03,16,26,27,28,29,32,,,,,,1.2,0.6,1.0,1*22
$GPGSA,M,3,03,16,26,27,28,29,32,,,,,,1.2,0.6,1.0,1*22
$GPGSA,M,3,03,16,26,27,28,29,32,,,,,,1.2,0.6,1.0,1*22
$GPGSA,M,3,03,16,26,27,28,29,32,,,,,,1.2,0.6,1.0,1*22
$GPGSA,M,3,03,16,26,27,28,29,32,,,,,,1.3,0.7,1.1,1*23
$GPGSA,M,3,03,16,26,27,28,29,32,,,,,,1.3,0.7,1.1,1*23
$GPGSA,M,3,03,16,26,27,28,29,32,,,,,,1.3,0.7,1.1,1*23
$GPGSA,M,3,03,16,26,28,29,32,,,,,,,1.3,0.7,1.1,1*26
$GPGSA,M,3,03,16,26,28,29,32,,,,,,,1.3,0.7,1.1,1*26
$GPGSA,M,3,03,16,26,27,28,29,32,,,,,,1.2,0.6,1.1,1*23
$GPGSA,M,3,03,16,26,27,28,29,32,,,,,,1.2,0.6,1.1,1*23
$GPGSA,M,3,03,16,26,27,28,29,32,,,,,,1.2,0.6,1.1,1*23
$GPGSA,M,3,03,16,26,27,28,29,32,,,,,,1.2,0.6,1.1,1*23
$GPGSA,M,3,03,16,26,27,28,29,32,,,,,,1.2,0.6,1.1,1*23
$GPGSA,M,3,03,16,26,27,28,29,32,,,,,,1.3,0.7,1.1,1*23
$GPGSA,M,3,03,16,26,27,28,29,32,,,,,,1.3,0.7,1.1,1*23
$GPGSA,M,3,03,16,26,27,28,29,32,,,,,,1.3,0.7,1.1,1*23
$GPGSA,M,3,03,16,26,27,28,29,32,,,,,,1.3,0.7,1.1,1*23
$GPGSA,M,3,03,16,26,27,28,29,32,,,,,,1.3,0.7,1.1,1*23
$GPGSA,M,3,03,16,26,27,28,29,32,,,,,,1.2,0.6,1.1,1*23
$GPGSA,M,3,03,16,26,27,28,29,32,,,,,,1.2,0.6,1.1,1*23
$GPGSA,M,3,03,16,26,27,28,29,32,,,,,,1.2,0.6,1.1,1*23
$GPGSA,M,3,03,16,26,27,28,29,32,,,,,,1.2,0.6,1.1,1*23
$GPGSA,M,3,03,16,26,27,28,29,32,,,,,,1.2,0.6,1.1,1*23
$GPGSA,M,3,03,16,26,27,28,29,32,,,,,,1.2,0.6,1.1,1*23
$GPGSA,M,3,03,16,26,27,28,29,32,,,,,,1.2,0.6,1.1,1*23
$GPGSA,M,3,03,16,26,27,28,29,32,,,,,,1.2,0.6,1.1,1*23
$GPGSA,M,3,03,16,26,27,28,29,32,,,,,,1.2,0.6,1.1,1*23
$GPGSA,M,3,03,16,26,27,28,29,32,,,,,,1.2,0.6,1.1,1*23
$GPGSA,M,3,03,16,26,27,28,29,32,,,,,,1.2,0.6,1.1,1*23
$GPGSA,M,3,03,16,26,27,28,29,32,,,,,,1.2,0.6,1.1,1*23
$GPGSA,M,3,03,16,26,27,28,29,32,,,,,,1.2,0.6,1.1,1*23
$GPGSA,M,3,03,16,26,27,28,29,32,,,,,,1.2,0.6,1.1,1*23
$GPGSA,M,3,03,16,26,27,28,29,32,,,,,,1.2,0.6,1.1,1*23
$GPGSA,M,3,03,16,26,27,28,29,32,,,,,,1.2,0.6,1.1,1*23
$GPGSA,M,3,03,16,26,27,28,29,32,,,,,,1.2,0.6,1.1,1*23
$GPGSA,M,3,03,16,26,27,28,29,32,,,,,,1.2,0.6,1.1,1*23
$GPGSA,M,3,03,16,26,27,28,29,32,,,,,,1.2,0.6,1.1,1*23
$GPGSA,M,3,03,16,26,27,28,29,32,,,,,,1.2,0.6,1.1,1*23
$GPGSA,M,3,03,16,26,27,28,29,32,,,,,,1.2,0.6,1.0,1*22
$GPGSA,M,3,03,16,26,27,28,29,32,,,,,,1.2,0.6,1.0,1*22
$GPGSA,M,3,03,16,26,27,28,29,32,,,,,,1.2,0.6,1.0,1*22
$GPGSA,M,3,03,16,26,27,28,29,32,,,,,,1.2,0.6,1.0,1*22
$GPGSA,M,3,03,16,26,27,28,29,32,,,,,,1.2,0.6,1.0,1*22
$GPGSA,M,3,03,16,26,27,28,29,32,,,,,,1.2,0.6,1.1,1*23
$GPGSA,M,3,03,16,26,27,28,29,32,,,,,,1.2,0.6,1.1,1*23
$GPGSA,M,3,03,16,26,27,28,29,32,,,,,,1.2,0.6,1.1,1*23
$GPGSA,M,3,03,16,26,27,28,29,32,,,,,,1.2,0.6,1.1,1*23
$GPGSA,M,3,03,16,26,27,28,29,32,,,,,,1.2,0.6,1.1,1*23
$GPGSA,M,3,03,16,26,27,28,29,32,,,,,,1.2,0.6,1.1,1*23
$GPGSA,M,3,03,16,26,27,28,29,32,,,,,,1.2,0.6,1.1,1*23
$GPGSA,M,3,03,16,26,27,28,29,32,,,,,,1.2,0.6,1.1,1*23
$GPGSA,M,3,03,16,26,27,28,29,31,32,,,,,1.2,0.6,1.1,1*21
$GPGSA,M,3,03,16,26,27,28,29,31,32,,,,,1.2,0.6,1.1,1*21
$GPGSA,M,3,03,16,26,27,28,29,31,32,,,,,1.3,0.6,1.1,1*20
$GPGSA,M,3,03,16,26,27,28,29,31,32,,,,,1.3,0.6,1.1,1*20
$GPGSA,M,3,03,16,26,27,28,29,31,32,,,,,1.3,0.6,1.1,1*20
$GPGSA,M,3,03,16,26,27,28,29,31,32,,,,,1.3,0.6,1.1,1*20
$GPGSA,M,3,03,16,26,27,28,29,31,32,,,,,1.3,0.6,1.1,1*20
$GPGSA,M,3,03,16,26,27,28,29,32,,,,,,1.3,0.6,1.1,1*22
$GPGSA,M,3,03,16,26,27,28,29,32,,,,,,1.3,0.6,1.1,1*22
$GPGSA,M,3,03,16,26,27,28,29,32,,,,,,1.3,0.6,1.1,1*22
$GPGSA,M,3,03,16,26,27,28,29,32,,,,,,1.3,0.6,1.1,1*22
$GPGSA,M,3,03,16,26,27,28,29,32,,,,,,1.3,0.6,1.1,1*22
$GPGSA,M,3,03,16,26,27,28,29,32,,,,,,1.2,0.6,1.1,1*23
$GPGSA,M,3,03,16,26,27,28,29,32,,,,,,1.2,0.6,1.1,1*23
$GPGSA,M,3,03,16,26,27,28,29,32,,,,,,1.2,0.6,1.1,1*23
$GPGSA,M,3,03,16,26,27,28,29,32,,,,,,1.2,0.6,1.1,1*23
$GPGSA,M,3,03,16,26,27,28,29,32,,,,,,1.2,0.6,1.1,1*23
$GPGSA,M,3,03,16,26,27,28,29,32,,,,,,1.2,0.6,1.1,1*23
$GPGSA,M,3,03,16,26,27,28,29,32,,,,,,1.2,0.6,1.1,1*23
$GPGSA,M,3,03,16,26,27,28,29,32,,,,,,1.2,0.6,1.1,1*23
$GPGSA,M,3,03,16,26,27,28,29,31,32,,,,,1.2,0.6,1.1,1*21
$GPGSA,M,3,03,16,26,27,28,29,31,32,,,,,1.2,0.6,1.1,1*21
$GPGSA,M,3,03,16,26,27,28,29,31,32,,,,,1.2,0.6,1.1,1*21
$GPGSA,M,3,03,16,26,27,28,29,31,32,,,,,1.2,0.6,1.1,1*21
$GPGSA,M,3,03,16,26,27,28,29,31,32,,,,,1.2,0.6,1.1,1*21
$GPGSA,M,3,03,16,26,27,28,29,31,32,,,,,1.2,0.6,1.1,1*21
$GPGSA,M,3,03,16,26,27,28,29,31,32,,,,,1.2,0.6,1.1,1*21
$GPGSA,M,3,03,16,26,27,28,29,31,32,,,,,1.2,0.6,1.0,1*20
$GPGSA,M,3,03,16,26,27,28,29,31,32,,,,,1.2,0.6,1.0,1*20
$GPGSA,M,3,03,16,26,27,28,29,31,32,,,,,1.2,0.6,1.0,1*20
$GPGSA,M,3,03,16,26,27,28,29,31,32,,,,,1.2,0.6,1.0,1*20
$GPGSA,M,3,03,16,26,27,28,29,31,32,,,,,1.2,0.6,1.0,1*20
$GPGSA,M,3,03,16,26,27,28,29,31,32,,,,,1.2,0.6,1.0,1*20
$GPGSA,M,3,03,16,26,27,28,29,31,32,,,,,1.2,0.6,1.0,1*20
$GPGSA,M,3,03,16,26,27,28,29,31,32,,,,,1.2,0.6,1.0,1*20
$GPGSA,M,3,03,16,26,27,28,29,31,32,,,,,1.2,0.6,1.0,1*20
$GPGSA,M,3,03,16,26,27,28,29,31,32,,,,,1.2,0.6,1.0,1*20
$GPGSA,M,3,03,16,26,27,28,29,31,32,,,,,1.2,0.6,1.0,1*20
$GPGSA,M,3,03,16,26,27,28,29,31,32,,,,,1.2,0.6,1.0,1*20
$GPGSA,M,3,03,16,26,27,28,29,31,32,,,,,1.2,0.6,1.0,1*20
$GPGSA,M,3,03,16,26,27,28,29,31,32,,,,,1.2,0.6,1.0,1*20
$GPGSA,M,3,03,16,26,27,28,29,31,32,,,,,1.2,0.6,1.0,1*20
$GPGSA,M,3,03,16,26,27,28,29,31,32,,,,,1.2,0.6,1.1,1*21
$GPGSA,M,3,03,16,26,27,28,29,31,32,,,,,1.2,0.6,1.1,1*21
$GPGSA,M,3,03,16,26,27,28,29,31,32,,,,,1.2,0.6,1.1,1*21
$GPGSA,M,3,03,16,26,27,28,29,31,32,,,,,1.2,0.6,1.1,1*21
$GPGSA,M,3,03,16,26,27,28,29,31,32,,,,,1.2,0.6,1.1,1*21
$GPGSA,M,3,03,16,26,27,28,29,31,32,,,,,1.3,0.6,1.1,1*20
$GPGSA,M,3,03,16,26,27,28,29,31,32,,,,,1.3,0.6,1.1,1*20
$GPGSA,M,3,03,16,26,27,28,29,31,32,,,,,1.3,0.6,1.1,1*20
$GPGSA,M,3,03,16,26,27,28,29,31,32,,,,,1.3,0.6,1.1,1*20
$GPGSA,M,3,03,16,26,27,28,29,31,32,,,,,1.3,0.6,1.1,1*20
$GPGSA,M,3,03,16,26,27,28,29,31,32,,,,,1.2,0.6,1.1,1*21
$GPGSA,M,3,03,16,26,27,28,29,31,32,,,,,1.2,0.6,1.1,1*21
$GPGSA,M,3,03,16,26,27,28,29,31,32,,,,,1.2,0.6,1.1,1*21
$GPGSA,M,3,03,16,26,27,28,29,31,32,,,,,1.2,0.6,1.1,1*21
$GPGSA,M,3,03,16,26,27,28,29,31,32,,,,,1.2,0.6,1.1,1*21
$GPGSA,M,3,03,16,26,27,28,29,31,32,,,,,1.3,0.6,1.1,1*20
$GPGSA,M,3,03,16,26,27,28,29,31,32,,,,,1.3,0.6,1.1,1*20
$GPGSA,M,3,03,16,26,27,28,29,31,32,,,,,1.3,0.6,1.1,1*20
$GPGSA,M,3,03,16,26,27,28,29,31,32,,,,,1.3,0.6,1.1,1*20
$GPGSA,M,3,03,16,26,27,28,29,31,32,,,,,1.3,0.6,1.1,1*20
$GPGSA,M,3,03,16,26,27,28,29,31,32,,,,,1.2,0.6,1.0,1*20
$GPGSA,M,3,03,16,26,27,28,29,31,32,,,,,1.2,0.6,1.0,1*20
$GPGSA,M,3,03,16,26,27,28,29,31,32,,,,,1.2,0.6,1.0,1*20
$GPGSA,M,3,03,16,26,27,28,29,31,32,,,,,1.2,0.6,1.0,1*20
$GPGSA,M,3,03,16,26,27,28,29,31,32,,,,,1.2,0.6,1.0,1*20
$GPGSA,M,3,03,16,26,27,28,29,31,32,,,,,1.3,0.6,1.1,1*20
$GPGSA,M,3,03,16,26,27,28,29,31,32,,,,,1.3,0.6,1.1,1*20
$GPGSA,M,3,03,16,26,27,28,29,31,32,,,,,1.3,0.6,1.1,1*20
$GPGSA,M,3,03,16,26,27,28,29,31,32,,,,,1.3,0.6,1.1,1*20
$GPGSA,M,3,03,16,26,27,28,29,31,32,,,,,1.3,0.6,1.1,1*20
$GPGSA,M,3,03,16,26,27,28,29,31,32,,,,,1.3,0.6,1.1,1*20
$GPGSA,M,3,03,16,26,27,28,29,31,32,,,,,1.3,0.6,1.1,1*20
$GPGSA,M,3,03,16,26,27,28,29,31,32,,,,,1.3,0.6,1.1,1*20
$GPGSA,M,3,03,16,26,27,28,29,31,32,,,,,1.3,0.6,1.1,1*20
$GPGSA,M,3,03,16,26,27,28,29,31,32,,,,,1.3,0.6,1.1,1*20
$GPGSA,M,3,03,16,26,27,28,29,31,32,,,,,1.3,0.7,1.1,1*21
$GPGSA,M,3,03,16,26,27,28,29,31,32,,,,,1.3,0.7,1.1,1*21
$GPGSA,M,3,03,16,26,27,28,29,31,32,,,,,1.3,0.7,1.1,1*21
$GPGSA,M,3,03,16,26,27,28,29,31,32,,,,,1.3,0.7,1.1,1*21
$GPGSA,M,3,03,16,26,27,28,29,31,32,,,,,1.3,0.7,1.1,1*21
$GPGSA,M,3,03,16,26,27,28,29,31,32,,,,,1.3,0.6,1.1,1*20
$GPGSA,M,3,03,16,26,27,28,29,31,32,,,,,1.3,0.6,1.1,1*20
$GPGSA,M,3,03,16,26,27,28,29,31,32,,,,,1.3,0.6,1.1,1*20
$GPGSA,M,3,03,16,26,27,28,29,31,32,,,,,1.3,0.6,1.1,1*20
$GPGSA,M,3,03,16,26,27,28,29,31,32,,,,,1.3,0.6,1.1,1*20
$GPGSA,M,3,03,16,26,27,28,29,31,32,,,,,1.3,0.7,1.1,1*21
$GPGSA,M,3,03,16,26,27,28,29,31,32,,,,,1.3,0.7,1.1,1*21
$GPGSA,M,3,03,16,26,27,28,29,31,32,,,,,1.3,0.7,1.1,1*21
$GPGSA,M,3,03,16,26,27,28,29,31,32,,,,,1.3,0.7,1.1,1*21
$GPGSA,M,3,03,16,26,27,28,29,31,32,,,,,1.3,0.7,1.1,1*21
$GPGSA,M,3,03,16,26,27,28,29,31,32,,,,,1.4,0.7,1.2,1*25
$GPGSA,M,3,03,16,26,27,28,29,31,32,,,,,1.4,0.7,1.2,1*25
$GPGSA,M,3,03,16,26,27,28,29,31,32,,,,,1.4,0.7,1.2,1*25
$GPGSA,M,3,03,16,26,27,28,29,31,32,,,,,1.4,0.7,1.2,1*25
$GPGSA,M,3,03,16,26,27,28,29,31,32,,,,,1.4,0.7,1.2,1*25
$GPGSA,M,3,03,16,26,27,28,29,31,32,,,,,1.3,0.7,1.2,1*22
$GPGSA,M,3,03,16,26,27,28,29,31,32,,,,,1.3,0.7,1.2,1*22
$GPGSA,M,3,03,16,26,27,28,29,31,32,,,,,1.3,0.7,1.2,1*22
$GPGSA,M,3,03,16,26,27,28,29,31,32,,,,,1.3,0.7,1.2,1*22
$GPGSA,M,3,03,16,26,27,28,29,31,32,,,,,1.3,0.7,1.2,1*22
$GPGSA,M,3,03,16,26,27,28,29,31,32,,,,,1.4,0.7,1.2,1*25
$GPGSA,M,3,03,16,26,27,28,29,31,32,,,,,1.4,0.7,1.2,1*25
$GPGSA,M,3,03,16,26,27,28,29,31,32,,,,,1.4,0.7,1.2,1*25
$GPGSA,M,3,03,16,26,27,28,29,31,32,,,,,1.4,0.7,1.2,1*25
$GPGSA,M,3,03,16,26,27,28,29,31,32,,,,,1.4,0.7,1.2,1*25
$GPGSA,M,3,03,16,26,27,28,29,31,32,,,,,1.4,0.7,1.2,1*25
$GPGSA,M,3,03,16,26,27,28,29,31,32,,,,,1.4,0.7,1.2,1*25
$GPGSA,M,3,03,16,26,27,28,29,31,32,,,,,1.4,0.7,1.2,1*25
$GPGSA,M,3,03,16,26,27,28,29,31,32,,,,,1.4,0.7,1.2,1*25
$GPGSA,M,3,03,16,26,27,28,29,31,32,,,,,1.4,0.7,1.2,1*25
$GPGSA,M,3,03,16,26,27,28,29,31,32,,,,,1.3,0.7,1.2,1*22
$GPGSA,M,3,03,16,26,27,28,29,31,32,,,,,1.3,0.7,1.2,1*22
$GPGSA,M,3,03,16,26,27,28,29,31,32,,,,,1.3,0.7,1.2,1*22
$GPGSA,M,3,03,16,26,27,28,29,31,32,,,,,1.3,0.7,1.2,1*22
$GPGSA,M,3,03,16,26,27,28,29,31,32,,,,,1.3,0.7,1.2,1*22
$GPGSA,M,3,03,16,26,27,28,29,31,32,,,,,1.3,0.7,1.2,1*22
$GPGSA,M,3,03,16,26,27,28,29,31,32,,,,,1.3,0.7,1.2,1*22
$GPGSA,M,3,03,16,26,27,28,29,31,32,,,,,1.3,0.7,1.2,1*22
$GPGSA,M,3,03,16,26,27,28,29,31,32,,,,,1.3,0.7,1.2,1*22
$GPGSA,M,3,03,16,26,27,28,29,31,32,,,,,1.3,0.7,1.2,1*22
$GPGSA,M,3,03,16,26,27,28,29,31,32,,,,,1.3,0.7,1.2,1*22
$GPGSA,M,3,03,16,26,27,28,29,31,32,,,,,1.3,0.7,1.2,1*22
$GPGSA,M,3,03,16,26,27,28,29,31,32,,,,,1.3,0.7,1.2,1*22
$GPGSA,M,3,03,16,26,27,28,29,31,32,,,,,1.3,0.7,1.2,1*22
$GPGSA,M,3,03,16,26,28,29,31,32,,,,,,1.3,0.7,1.2,1*27
$GPGSA,M,3,03,16,26,28,29,31,32,,,,,,1.3,0.6,1.1,1*25
$GPGSA,M,3,03,16,26,27,28,29,31,32,,,,,1.3,0.6,1.1,1*20
$GPGSA,M,3,03,16,26,28,29,31,32,,,,,,1.3,0.6,1.1,1*25
$GPGSA,M,3,03,16,26,27,28,29,31,32,,,,,1.3,0.6,1.1,1*20
$GPGSA,M,3,03,16,26,27,28,29,31,32,,,,,1.3,0.6,1.1,1*20
$GPGSA,M,3,03,16,26,27,28,29,31,32,,,,,1.3,0.7,1.2,1*22
$GPGSA,M,3,03,16,26,27,28,29,31,32,,,,,1.3,0.7,1.2,1*22
$GPGSA,M,3,03,16,26,27,28,29,31,32,,,,,1.3,0.7,1.2,1*22
$GPGSA,M,3,03,16,26,28,29,31,32,,,,,,1.3,0.7,1.2,1*27
$GPGSA,M,3,03,16,26,28,29,31,32,,,,,,1.3,0.7,1.2,1*27
$GPGSA,M,3,03,16,26,28,29,31,32,,,,,,1.3,0.7,1.2,1*27
$GPGSA,M,3,03,16,26,28,29,31,32,,,,,,1.3,0.7,1.2,1*27
$GPGSA,M,3,03,16,26,28,29,31,32,,,,,,1.3,0.7,1.2,1*27
$GPGSA,M,3,03,16,26,28,29,31,32,,,,,,1.3,0.7,1.2,1*27
$GPGSA,M,3,03,16,26,28,29,31,32,,,,,,1.3,0.7,1.2,1*27
$GPGSA,M,3,03,16,26,28,29,31,32,,,,,,1.3,0.7,1.2,1*27
$GPGSA,M,3,03,16,26,28,29,31,32,,,,,,1.3,0.7,1.2,1*27
$GPGSA,M,3,03,16,26,28,29,31,32,,,,,,1.3,0.7,1.2,1*27
$GPGSA,M,3,03,16,26,28,29,31,32,,,,,,1.3,0.7,1.2,1*27
$GPGSA,M,3,03,16,26,28,29,31,32,,,,,,1.3,0.7,1.2,1*27
$GPGSA,M,3,03,16,26,28,29,31,32,,,,,,1.3,0.7,1.2,1*27
$GPGSA,M,3,03,16,26,28,29,31,32,,,,,,1.3,0.7,1.2,1*27
$GPGSA,M,3,03,16,26,28,29,31,32,,,,,,1.3,0.7,1.2,1*27
$GPGSA,M,3,03,16,26,28,29,31,32,,,,,,1.3,0.7,1.2,1*27
$GPGSA,M,3,03,16,26,28,29,31,32,,,,,,1.3,0.7,1.2,1*27
$GPGSA,M,3,03,16,26,28,29,31,32,,,,,,1.3,0.7,1.2,1*27
$GPGSA,M,3,03,16,26,28,29,31,32,,,,,,1.3,0.7,1.2,1*27
$GPGSA,M,3,03,16,26,28,29,31,32,,,,,,1.3,0.7,1.2,1*27
$GPGSA,M,3,03,16,26,28,29,31,32,,,,,,1.3,0.7,1.2,1*27
$GPGSA,M,3,03,16,26,28,29,31,32,,,,,,1.3,0.7,1.2,1*27
$GPGSA,M,3,03,16,26,28,29,31,32,,,,,,1.4,0.7,1.2,1*20
$GPGSA,M,3,03,16,26,28,29,31,32,,,,,,1.4,0.7,1.2,1*20
$GPGSA,M,3,03,16,26,28,29,31,32,,,,,,1.4,0.7,1.2,1*20
$GPGSA,M,3,03,16,26,28,29,31,32,,,,,,1.4,0.7,1.2,1*20
$GPGSA,M,3,03,16,26,28,29,31,32,,,,,,1.4,0.7,1.2,1*20
$GPGSA,M,3,03,16,26,28,29,31,32,,,,,,1.5,0.7,1.3,1*20
$GPGSA,M,3,03,16,26,28,29,31,32,,,,,,1.5,0.7,1.3,1*20
$GPGSA,M,3,03,16,26,28,29,31,32,,,,,,1.5,0.7,1.3,1*20
$GPGSA,M,3,03,16,26,28,29,31,32,,,,,,1.5,0.7,1.3,1*20
$GPGSA,M,3,03,16,26,28,29,31,32,,,,,,1.5,0.7,1.3,1*20
$GPGSA,M,3,03,16,26,28,29,31,32,,,,,,1.4,0.7,1.2,1*20
$GPGSA,M,3,03,16,26,28,29,31,32,,,,,,1.4,0.7,1.2,1*20
$GPGSA,M,3,03,16,26,28,29,31,32,,,,,,1.4,0.7,1.2,1*20
$GPGSA,M,3,03,16,26,28,29,31,32,,,,,,1.4,0.7,1.2,1*20
$GPGSA,M,3,03,16,26,28,29,31,32,,,,,,1.4,0.7,1.2,1*20
$GPGSA,M,3,03,16,26,28,29,31,32,,,,,,1.4,0.7,1.2,1*20
$GPGSA,M,3,03,16,26,28,29,31,32,,,,,,1.4,0.7,1.2,1*20
$GPGSA,M,3,03,16,26,28,29,31,32,,,,,,1.4,0.7,1.2,1*20
$GPGSA,M,3,03,16,26,28,29,31,32,,,,,,1.4,0.7,1.2,1*20
$GPGSA,M,3,03,16,26,28,29,31,32,,,,,,1.4,0.7,1.2,1*20
$GPGSA,M,3,03,16,26,28,29,31,32,,,,,,1.4,0.7,1.2,1*20
$GPGSA,M,3,03,16,26,28,29,31,32,,,,,,1.4,0.7,1.2,1*20
$GPGSA,M,3,03,16,26,28,29,31,32,,,,,,1.4,0.7,1.2,1*20
$GPGSA,M,3,03,16,26,28,29,31,32,,,,,,1.4,0.7,1.2,1*20
$GPGSA,M,3,03,16,26,28,29,31,32,,,,,,1.4,0.7,1.2,1*20
$GPGSA,M,3,03,16,26,28,29,31,32,,,,,,1.5,0.7,1.3,1*20
$GPGSA,M,3,03,16,26,28,29,31,32,,,,,,1.5,0.7,1.3,1*20
$GPGSA,M,3,03,16,26,28,29,31,32,,,,,,1.5,0.7,1.3,1*20
$GPGSA,M,3,03,16,26,28,29,31,32,,,,,,1.5,0.7,1.3,1*20
$GPGSA,M,3,03,16,26,28,29,31,32,,,,,,1.5,0.7,1.3,1*20
$GPGSA,M,3,03,16,26,28,29,31,32,,,,,,1.4,0.7,1.2,1*20
$GPGSA,M,3,03,16,26,28,29,31,32,,,,,,1.4,0.7,1.2,1*20
$GPGSA,M,3,03,16,26,28,29,31,32,,,,,,1.4,0.7,1.2,1*20
$GPGSA,M,3,03,16,26,28,29,31,32,,,,,,1.4,0.7,1.2,1*20
$GPGSA,M,3,03,16,26,28,29,31,32,,,,,,1.4,0.7,1.2,1*20
$GPGSA,M,3,03,16,26,28,29,31,32,,,,,,1.3,0.6,1.2,1*26
$GPGSA,M,3,03,16,26,28,29,31,32,,,,,,1.3,0.6,1.2,1*26
$GPGSA,M,3,03,16,26,28,29,31,32,,,,,,1.3,0.6,1.2,1*26
$GPGSA,M,3,03,16,26,28,29,31,32,,,,,,1.3,0.6,1.2,1*26
$GPGSA,M,3,03,16,26,28,29,31,32,,,,,,1.3,0.6,1.2,1*26
$GPGSA,M,3,03,16,26,28,29,31,32,,,,,,1.3,0.6,1.2,1*26
$GPGSA,M,3,03,16,26,28,29,31,32,,,,,,1.3,0.6,1.2,1*26
$GPGSA,M,3,03,16,26,28,29,31,32,,,,,,1.3,0.6,1.2,1*26
$GPGSA,M,3,03,16,26,28,29,31,32,,,,,,1.3,0.6,1.2,1*26
$GPGSA,M,3,03,16,26,28,29,31,32,,,,,,1.3,0.6,1.2,1*26
$GPGSA,M,3,03,16,26,28,29,31,32,,,,,,1.3,0.6,1.2,1*26
$GPGSA,M,3,03,16,26,28,29,31,32,,,,,,1.3,0.6,1.2,1*26
$GPGSA,M,3,03,16,26,28,29,31,32,,,,,,1.3,0.6,1.2,1*26
$GPGSA,M,3,03,16,26,28,29,31,32,,,,,,1.3,0.6,1.2,1*26
$GPGSA,M,3,03,16,26,28,29,31,32,,,,,,1.3,0.6,1.2,1*26
$GPGSA,M,3,03,16,26,28,29,31,32,,,,,,1.3,0.6,1.2,1*26
$GPGSA,M,3,03,16,26,28,29,31,32,,,,,,1.3,0.6,1.2,1*26
$GPGSA,M,3,03,16,26,28,29,31,32,,,,,,1.3,0.6,1.2,1*26
$GPGSA,M,3,03,16,26,28,29,31,32,,,,,,1.3,0.6,1.2,1*26
$GPGSA,M,3,03,16,26,28,29,31,32,,,,,,1.3,0.6,1.2,1*26
$GPGSA,M,3,03,16,26,28,29,31,32,,,,,,1.5,0.7,1.3,1*20
$GPGSA,M,3,03,16,26,28,29,31,32,,,,,,1.5,0.7,1.3,1*20
$GPGSA,M,3,03,16,26,28,29,31,32,,,,,,1.5,0.7,1.3,1*20
$GPGSA,M,3,03,16,26,28,29,31,32,,,,,,1.5,0.7,1.3,1*20
$GPGSA,M,3,03,16,26,28,29,31,32,,,,,,1.5,0.7,1.3,1*20
$GPGSA,M,3,03,16,26,28,29,31,32,,,,,,1.5,0.7,1.3,1*20
$GPGSA,M,3,03,16,26,28,29,31,32,,,,,,1.5,0.7,1.3,1*20
$GPGSA,M,3,03,16,26,28,29,31,32,,,,,,1.5,0.7,1.3,1*20
$GPGSA,M,3,03,16,26,28,29,31,32,,,,,,1.5,0.7,1.3,1*20
$GPGSA,M,3,03,16,26,28,29,31,32,,,,,,1.5,0.7,1.3,1*20
$GPGSA,M,3,03,16,26,28,29,31,32,,,,,,1.5,0.7,1.3,1*20
$GPGSA,M,3,03,16,26,28,29,31,32,,,,,,1.5,0.7,1.3,1*20
$GPGSA,M,3,03,16,26,28,29,31,32,,,,,,1.5,0.7,1.3,1*20
$GPGSA,M,3,03,16,26,28,29,31,32,,,,,,1.5,0.7,1.3,1*20
$GPGSA,M,3,03,16,26,28,29,31,32,,,,,,1.5,0.7,1.3,1*20
$GPGSA,M,3,03,16,26,28,29,31,32,,,,,,1.5,0.7,1.4,1*27
$GPGSA,M,3,03,16,26,28,29,31,32,,,,,,1.5,0.7,1.4,1*27
$GPGSA,M,3,03,16,26,28,29,31,32,,,,,,1.5,0.7,1.4,1*27
$GPGSA,M,3,03,16,26,28,29,31,32,,,,,,1.5,0.7,1.4,1*27
$GPGSA,M,3,03,16,26,28,29,31,32,,,,,,1.5,0.7,1.4,1*27
$GPGSA,M,3,03,16,26,28,29,31,32,,,,,,1.5,0.7,1.4,1*27
$GPGSA,M,3,03,16,26,28,29,31,32,,,,,,1.5,0.7,1.4,1*27
$GPGSA,M,3,03,16,26,28,29,31,32,,,,,,1.5,0.7,1.4,1*27
$GPGSA,M,3,03,16,26,28,29,31,32,,,,,,1.5,0.7,1.4,1*27
$GPGSA,M,3,03,16,26,28,29,31,32,,,,,,1.5,0.7,1.4,1*27
$GPGSA,M,3,03,16,26,28,29,31,32,,,,,,1.5,0.7,1.4,1*27
$GPGSA,M,3,03,16,26,28,29,31,32,,,,,,1.5,0.7,1.4,1*27
$GPGSA,M,3,03,16,26,28,29,31,32,,,,,,1.5,0.7,1.4,1*27
$GPGSA,M,3,03,16,26,28,29,31,32,,,,,,1.5,0.7,1.4,1*27
$GPGSA,M,3,03,16,26,28,29,31,32,,,,,,1.5,0.7,1.4,1*27
$GPGSA,M,3,03,16,26,28,29,31,32,,,,,,1.5,0.7,1.4,1*27
$GPGSA,M,3,03,16,26,28,29,31,32,,,,,,1.5,0.7,1.4,1*27
$GPGSA,M,3,03,16,26,28,29,31,32,,,,,,1.5,0.7,1.4,1*27
$GPGSA,M,3,03,16,26,28,29,31,32,,,,,,1.5,0.7,1.4,1*27
$GPGSA,M,3,03,16,26,28,29,31,32,,,,,,1.5,0.7,1.4,1*27
$GPGSA,M,3,03,16,26,28,29,31,32,,,,,,1.5,0.7,1.4,1*27
$GPGSA,M,3,03,16,26,28,29,31,32,,,,,,1.5,0.7,1.4,1*27
$GPGSA,M,3,03,16,26,28,29,31,32,,,,,,1.5,0.7,1.4,1*27
$GPGSA,M,3,03,16,26,28,29,31,32,,,,,,1.5,0.7,1.4,1*27
$GPGSA,M,3,03,16,26,28,29,31,32,,,,,,1.5,0.7,1.4,1*27
$GPGSA,M,3,03,16,26,28,29,31,32,,,,,,1.5,0.7,1.4,1*27
$GPGSA,M,3,03,16,26,28,29,31,32,,,,,,1.5,0.7,1.4,1*27
$GPGSA,M,3,03,16,26,28,29,31,32,,,,,,1.5,0.7,1.4,1*27
$GPGSA,M,3,03,16,26,28,29,31,32,,,,,,1.5,0.7,1.4,1*27
$GPGSA,M,3,03,16,26,28,29,31,32,,,,,,1.5,0.7,1.4,1*27
$GPGSA,M,3,03,16,26,28,29,31,32,,,,,,1.5,0.7,1.4,1*27
$GPGSA,M,3,03,16,26,28,29,31,32,,,,,,1.5,0.7,1.4,1*27
$GPGSA,M,3,03,16,26,28,29,31,32,,,,,,1.5,0.7,1.4,1*27
$GPGSA,M,3,03,16,26,28,29,31,32,,,,,,1.5,0.7,1.4,1*27
$GPGSA,M,3,03,16,26,28,29,31,32,,,,,,1.5,0.7,1.4,1*27
$GPGSA,M,3,03,16,26,28,29,31,32,,,,,,1.5,0.7,1.4,1*27
$GPGSA,M,3,03,16,26,28,29,31,32,,,,,,1.5,0.7,1.4,1*27
$GPGSA,M,3,03,16,26,28,29,31,32,,,,,,1.5,0.7,1.4,1*27
$GPGSA,M,3,03,16,26,28,29,31,32,,,,,,1.5,0.7,1.4,1*27
$GPGSA,M,3,03,16,26,28,29,31,32,,,,,,1.5,0.7,1.4,1*27
$GPGSA,M,3,03,16,26,28,29,31,32,,,,,,1.6,0.7,1.4,1*24
$GPGSA,M,3,03,16,26,28,29,31,32,,,,,,1.6,0.7,1.4,1*24
$GPGSA,M,3,03,16,26,28,29,31,32,,,,,,1.6,0.7,1.4,1*24
$GPGSA,M,3,03,16,26,28,29,31,32,,,,,,1.6,0.7,1.4,1*24
$GPGSA,M,3,03,16,26,28,29,31,32,,,,,,1.6,0.7,1.4,1*24
$GPGSA,M,3,03,16,26,28,29,31,32,,,,,,1.5,0.7,1.3,1*20
$GPGSA,M,3,03,16,26,28,29,31,32,,,,,,1.5,0.7,1.3,1*20
$GPGSA,M,3,03,16,26,28,29,31,32,,,,,,1.5,0.7,1.3,1*20
$GPGSA,M,3,03,16,26,28,29,31,32,,,,,,1.5,0.7,1.3,1*20
$GPGSA,M,3,03,16,26,28,29,31,32,,,,,,1.5,0.7,1.3,1*20
$GPGSA,M,3,03,16,26,28,29,31,32,,,,,,1.5,0.7,1.3,1*20
$GPGSA,M,3,03,16,26,28,29,31,32,,,,,,1.5,0.7,1.3,1*20
$GPGSA,M,3,03,16,26,28,29,31,32,,,,,,1.5,0.7,1.3,1*20
$GPGSA,M,3,03,16,26,28,29,31,32,,,,,,1.5,0.7,1.3,1*20
$GPGSA,M,3,03,16,26,28,29,31,32,,,,,,1.5,0.7,1.3,1*20
$GPGSA,M,3,03,16,26,28,29,31,32,,,,,,1.5,0.7,1.3,1*20
$GPGSA,M,3,03,16,26,28,29,31,32,,,,,,1.5,0.7,1.3,1*20
$GPGSA,M,3,03,16,26,28,29,31,32,,,,,,1.5,0.7,1.3,1*20
$GPGSA,M,3,03,16,26,28,29,31,32,,,,,,1.5,0.7,1.3,1*20
$GPGSA,M,3,03,16,26,28,29,31,32,,,,,,1.5,0.7,1.3,1*20
$GPGSA,M,3,03,16,26,28,29,31,32,,,,,,1.5,0.7,1.3,1*20
$GPGSA,M,3,03,16,26,28,29,31,32,,,,,,1.5,0.7,1.3,1*20
$GPGSA,M,3,03,16,26,28,29,31,32,,,,,,1.5,0.7,1.3,1*20
$GPGSA,M,3,03,16,26,28,29,31,32,,,,,,1.5,0.7,1.3,1*20
$GPGSA,M,3,03,16,26,28,29,31,32,,,,,,1.5,0.7,1.3,1*20
$GPGSA,M,3,03,16,26,28,29,31,32,,,,,,1.5,0.7,1.3,1*20
$GPGSA,M,3,03,16,26,28,29,31,32,,,,,,1.5,0.7,1.3,1*20
$GPGSA,M,3,03,16,26,28,29,31,32,,,,,,1.5,0.7,1.3,1*20
$GPGSA,M,3,03,16,26,28,29,31,32,,,,,,1.5,0.7,1.3,1*20
$GPGSA,M,3,03,16,26,28,29,31,32,,,,,,1.5,0.7,1.3,1*20
$GPGSA,M,3,03,16,26,28,29,31,32,,,,,,1.5,0.7,1.3,1*20
$GPGSA,M,3,03,16,26,28,29,31,32,,,,,,1.5,0.7,1.3,1*20
$GPGSA,M,3,03,16,26,28,29,31,32,,,,,,1.5,0.7,1.3,1*20
$GPGSA,M,3,03,16,26,28,29,31,32,,,,,,1.5,0.7,1.3,1*20
$GPGSA,M,3,03,16,26,28,29,31,32,,,,,,1.5,0.7,1.3,1*20
$GPGSA,M,3,03,16,26,28,29,31,32,,,,,,1.5,0.7,1.3,1*20
$GPGSA,M,3,03,16,26,28,29,31,32,,,,,,1.5,0.7,1.3,1*20
$GPGSA,M,3,03,16,26,28,29,31,32,,,,,,1.5,0.7,1.3,1*20
$GPGSA,M,3,03,16,26,28,29,31,32,,,,,,1.5,0.7,1.3,1*20
$GPGSA,M,3,03,16,26,28,29,31,32,,,,,,1.5,0.7,1.3,1*20
$GPGSA,M,3,03,16,26,28,29,31,32,,,,,,1.5,0.7,1.3,1*20
$GPGSA,M,3,03,16,26,28,29,31,32,,,,,,1.5,0.7,1.3,1*20
$GPGSA,M,3,03,16,26,28,29,31,32,,,,,,1.5,0.7,1.3,1*20
$GPGSA,M,3,03,16,26,28,29,31,32,,,,,,1.5,0.7,1.3,1*20
$GPGSA,M,3,03,16,26,28,29,31,32,,,,,,1.5,0.7,1.3,1*20
$GPGSA,M,3,03,16,26,28,29,31,32,,,,,,1.5,0.7,1.3,1*20
$GPGSA,M,3,03,16,26,28,29,31,32,,,,,,1.5,0.7,1.3,1*20
$GPGSA,M,3,03,16,26,28,29,31,32,,,,,,1.5,0.7,1.3,1*20
$GPGSA,M,3,03,16,26,28,29,31,32,,,,,,1.5,0.7,1.3,1*20
$GPGSA,M,3,03,16,26,28,29,31,32,,,,,,1.5,0.7,1.3,1*20
$GPGSA,M,3,03,16,26,28,29,31,32,,,,,,1.5,0.7,1.3,1*20
$GPGSA,M,3,03,16,26,28,29,31,32,,,,,,1.5,0.7,1.3,1*20
$GPGSA,M,3,03,16,26,28,29,31,32,,,,,,1.5,0.7,1.3,1*20
$GPGSA,M,3,03,16,26,28,29,31,32,,,,,,1.5,0.7,1.3,1*20
$GPGSA,M,3,03,16,26,28,29,31,32,,,,,,1.5,0.7,1.3,1*20
$GPGSA,M,3,03,16,26,28,29,31,32,,,,,,1.4,0.7,1.2,1*20
$GPGSA,M,3,03,16,26,28,29,31,32,,,,,,1.4,0.7,1.2,1*20
$GPGSA,M,3,03,16,26,28,29,31,32,,,,,,1.4,0.7,1.2,1*20
$GPGSA,M,3,03,16,26,28,29,31,32,,,,,,1.4,0.7,1.2,1*20
$GPGSA,M,3,03,16,26,28,29,31,32,,,,,,1.4,0.7,1.2,1*20
$GPGSA,M,3,03,16,26,28,29,31,32,,,,,,1.4,0.7,1.2,1*20
$GPGSA,M,3,03,16,26,28,29,31,32,,,,,,1.4,0.7,1.2,1*20
$GPGSA,M,3,03,16,26,28,29,31,32,,,,,,1.4,0.7,1.2,1*20
$GPGSA,M,3,03,16,26,28,29,31,32,,,,,,1.4,0.7,1.2,1*20
$GPGSA,M,3,03,16,26,28,29,31,32,,,,,,1.4,0.7,1.2,1*20
$GPGSA,M,3,03,16,26,28,29,31,32,,,,,,1.4,0.7,1.2,1*20
$GPGSA,M,3,03,16,26,28,29,31,32,,,,,,1.4,0.7,1.2,1*20
$GPGSA,M,3,03,16,26,28,29,31,32,,,,,,1.4,0.7,1.2,1*20
$GPGSA,M,3,03,16,26,28,29,31,32,,,,,,1.4,0.7,1.2,1*20
$GPGSA,M,3,03,16,26,28,29,31,32,,,,,,1.4,0.7,1.2,1*20
$GPGSA,M,3,03,16,26,28,29,31,32,,,,,,1.4,0.7,1.2,1*20
$GPGSA,M,3,03,16,26,28,29,31,32,,,,,,1.4,0.7,1.2,1*20
$GPGSA,M,3,03,16,26,28,29,31,32,,,,,,1.4,0.7,1.2,1*20
$GPGSA,M,3,03,16,26,28,29,31,32,,,,,,1.4,0.7,1.2,1*20
$GPGSA,M,3,03,16,26,28,29,31,32,,,,,,1.4,0.7,1.2,1*20
$GPGSA,M,3,03,16,26,28,29,31,32,,,,,,1.4,0.7,1.2,1*20
$GPGSA,M,3,03,16,26,28,29,31,32,,,,,,1.4,0.7,1.2,1*20
$GPGSA,M,3,03,16,26,28,29,31,32,,,,,,1.4,0.7,1.2,1*20
$GPGSA,M,3,03,16,26,28,29,31,32,,,,,,1.4,0.7,1.2,1*20
$GPGSA,M,3,03,16,26,28,29,31,32,,,,,,1.4,0.7,1.2,1*20
$GPGSA,M,3,03,16,26,28,29,31,32,,,,,,1.4,0.7,1.2,1*20
$GPGSA,M,3,03,16,26,28,29,31,32,,,,,,1.4,0.7,1.2,1*20
$GPGSA,M,3,03,16,26,28,29,31,32,,,,,,1.4,0.7,1.2,1*20
$GPGSA,M,3,03,16,26,28,29,31,32,,,,,,1.4,0.7,1.2,1*20
$GPGSA,M,3,03,16,26,28,29,31,32,,,,,,1.4,0.7,1.2,1*20
$GPGSA,M,3,03,16,26,28,29,31,32,,,,,,1.4,0.7,1.2,1*20
$GPGSA,M,3,03,16,26,28,29,31,32,,,,,,1.4,0.7,1.2,1*20
$GPGSA,M,3,03,16,26,28,29,31,32,,,,,,1.4,0.7,1.2,1*20
$GPGSA,M,3,03,16,26,28,29,31,32,,,,,,1.4,0.7,1.2,1*20
$GPGSA,M,3,03,16,26,28,29,31,32,,,,,,1.4,0.7,1.2,1*20
$GPGSA,M,3,03,16,26,28,29,31,32,,,,,,1.4,0.7,1.2,1*20
$GPGSA,M,3,03,16,26,28,29,31,32,,,,,,1.4,0.7,1.2,1*20
$GPGSA,M,3,03,16,26,28,29,31,32,,,,,,1.4,0.7,1.2,1*20
$GPGSA,M,3,03,16,26,28,29,31,32,,,,,,1.4,0.7,1.2,1*20
$GPGSA,M,3,03,16,26,28,29,31,32,,,,,,1.4,0.7,1.2,1*20
$GPGSA,M,3,03,16,26,28,29,31,32,,,,,,1.4,0.7,1.2,1*20
$GPGSA,M,3,03,16,26,28,29,31,32,,,,,,1.4,0.7,1.2,1*20
$GPGSA,M,3,03,16,26,28,29,31,32,,,,,,1.4,0.7,1.2,1*20
$GPGSA,M,3,03,16,26,28,29,31,32,,,,,,1.4,0.7,1.2,1*20
$GPGSA,M,3,03,16,26,28,29,31,32,,,,,,1.4,0.7,1.2,1*20
$GPGSA,M,3,03,16,26,28,29,31,32,,,,,,1.4,0.7,1.2,1*20
$GPGSA,M,3,03,16,26,28,29,31,32,,,,,,1.4,0.7,1.2,1*20
$GPGSA,M,3,03,16,26,28,29,31,32,,,,,,1.4,0.7,1.2,1*20
$GPGSA,M,3,03,16,26,28,29,31,32,,,,,,1.4,0.7,1.2,1*20
$GPGSA,M,3,03,16,26,28,29,31,32,,,,,,1.4,0.7,1.2,1*20
$GPGSA,M,3,03,16,26,28,29,31,32,,,,,,1.4,0.7,1.2,1*20
$GPGSA,M,3,03,16,26,28,29,31,32,,,,,,1.4,0.7,1.2,1*20
$GPGSA,M,3,03,16,26,28,29,31,32,,,,,,1.4,0.7,1.2,1*20
$GPGSA,M,3,03,16,26,28,29,31,32,,,,,,1.4,0.7,1.2,1*20
$GPGSA,M,3,03,16,26,28,29,31,32,,,,,,1.4,0.7,1.2,1*20
$GPGSA,M,3,03,16,26,28,29,31,32,,,,,,1.4,0.7,1.2,1*20
$GPGSA,M,3,03,16,26,28,29,31,32,,,,,,1.4,0.7,1.2,1*20
$GPGSA,M,3,03,16,26,28,29,31,32,,,,,,1.4,0.7,1.2,1*20
$GPGSA,M,3,03,16,26,28,29,31,32,,,,,,1.4,0.7,1.2,1*20
$GPGSA,M,3,03,16,26,28,29,31,32,,,,,,1.4,0.7,1.2,1*20
$GPGSA,M,3,03,16,26,28,29,31,32,,,,,,1.4,0.7,1.2,1*20
$GPGSA,M,3,03,16,26,28,29,31,32,,,,,,1.4,0.7,1.2,1*20
$GPGSA,M,3,03,16,26,28,29,31,32,,,,,,1.4,0.7,1.2,1*20
$GPGSA,M,3,03,16,26,28,29,31,32,,,,,,1.4,0.7,1.2,1*20
$GPGSA,M,3,03,16,26,28,29,31,32,,,,,,1.4,0.7,1.2,1*20
$GPGSA,M,3,03,16,26,28,29,31,32,,,,,,1.4,0.7,1.2,1*20
$GPGSA,M,3,03,16,26,28,29,31,32,,,,,,1.4,0.7,1.2,1*20
$GPGSA,M,3,03,16,26,28,29,31,32,,,,,,1.4,0.7,1.2,1*20
$GPGSA,M,3,03,16,26,28,29,31,32,,,,,,1.4,0.7,1.2,1*20
$GPGSA,M,3,03,16,26,28,29,31,32,,,,,,1.4,0.7,1.2,1*20
$GPGSA,M,3,03,16,26,28,29,31,32,,,,,,1.4,0.7,1.2,1*20
$GPGSA,M,3,03,16,26,28,29,31,32,,,,,,1.4,0.7,1.2,1*20
$GPGSA,M,3,03,16,26,28,29,31,32,,,,,,1.4,0.7,1.2,1*20
$GPGSA,M,3,03,16,26,28,29,31,32,,,,,,1.4,0.7,1.2,1*20
$GPGSA,M,3,03,16,26,28,29,31,32,,,,,,1.4,0.7,1.2,1*20
$GPGSA,M,3,03,16,26,28,29,31,32,,,,,,1.4,0.7,1.2,1*20
$GPGSA,M,3,03,16,26,28,29,31,32,,,,,,1.4,0.7,1.2,1*20
$GPGSA,M,3,03,16,26,28,29,31,32,,,,,,1.4,0.7,1.2,1*20
$GPGSA,M,3,03,16,26,28,29,31,32,,,,,,1.4,0.7,1.2,1*20
$GPGSA,M,3,03,16,26,28,29,31,32,,,,,,1.4,0.7,1.2,1*20
$GPGSA,M,3,03,16,26,28,29,31,32,,,,,,1.4,0.7,1.2,1*20
$GPGSA,M,3,03,16,26,28,29,31,32,,,,,,1.4,0.7,1.2,1*20
$GPGSA,M,3,03,16,26,28,29,31,32,,,,,,1.4,0.7,1.2,1*20
$GPGSA,M,3,03,16,26,28,29,31,32,,,,,,1.4,0.7,1.2,1*20
$GPGSA,M,3,03,16,26,28,29,31,32,,,,,,1.4,0.7,1.2,1*20
$GPGSA,M,3,03,16,26,28,29,31,32,,,,,,1.4,0.7,1.2,1*20
$GPGSA,M,3,03,16,26,28,29,31,32,,,,,,1.4,0.7,1.2,1*20
$GPGSA,M,3,03,16,26,28,29,31,32,,,,,,1.4,0.7,1.2,1*20
$GPGSA,M,3,03,16,26,28,29,31,32,,,,,,1.4,0.7,1.2,1*20
$GPGSA,M,3,03,16,26,28,29,31,32,,,,,,1.4,0.7,1.2,1*20
$GPGSA,M,3,03,16,26,28,29,31,32,,,,,,1.4,0.7,1.2,1*20
$GPGSA,M,3,03,16,26,28,29,31,32,,,,,,1.4,0.7,1.2,1*20
$GPGSA,M,3,03,16,26,28,29,31,32,,,,,,1.4,0.7,1.2,1*20
$GPGSA,M,3,03,16,26,28,29,31,32,,,,,,1.4,0.7,1.2,1*20
$GPGSA,M,3,03,16,26,28,29,31,32,,,,,,1.4,0.7,1.2,1*20
$GPGSA,M,3,03,16,26,28,29,31,32,,,,,,1.4,0.7,1.2,1*20
$GPGSA,M,3,03,16,26,28,29,31,32,,,,,,1.4,0.7,1.2,1*20
$GPGSA,M,3,03,16,26,28,29,31,32,,,,,,1.4,0.7,1.2,1*20
$GPGSA,M,3,03,16,26,28,29,31,32,,,,,,1.4,0.7,1.2,1*20
$GPGSA,M,3,03,16,26,28,29,31,32,,,,,,1.4,0.7,1.2,1*20
$GPGSA,M,3,03,16,26,28,29,31,32,,,,,,1.4,0.7,1.2,1*20
$GPGSA,M,3,03,16,26,28,29,31,32,,,,,,1.4,0.7,1.2,1*20
$GPGSA,M,3,03,16,26,28,29,31,32,,,,,,1.4,0.7,1.2,1*20
$GPGSA,M,3,03,16,26,28,29,31,32,,,,,,1.4,0.7,1.2,1*20
$GPGSA,M,3,03,16,26,28,29,31,32,,,,,,1.4,0.7,1.2,1*20
$GPGSA,M,3,03,16,26,28,29,31,32,,,,,,1.4,0.7,1.2,1*20
$GPGSA,M,3,03,16,26,28,29,31,32,,,,,,1.4,0.7,1.2,1*20
$GPGSA,M,3,03,16,26,28,29,31,32,,,,,,1.4,0.7,1.2,1*20
$GPGSA,M,3,03,16,26,28,29,31,32,,,,,,1.4,0.7,1.2,1*20
$GPGSA,M,3,03,16,26,28,29,31,32,,,,,,1.4,0.7,1.2,1*20
$GPGSA,M,3,03,16,26,28,29,31,32,,,,,,1.4,0.7,1.2,1*20
$GPGSA,M,3,03,16,26,28,29,31,32,,,,,,1.4,0.7,1.2,1*20
$GPGSA,M,3,03,16,26,28,29,31,32,,,,,,1.4,0.7,1.2,1*20
$GPGSA,M,3,03,16,26,28,29,31,32,,,,,,1.4,0.7,1.2,1*20
$GPGSA,M,3,03,16,26,28,29,31,32,,,,,,1.4,0.7,1.2,1*20
$GPGSA,M,3,03,16,26,28,29,31,32,,,,,,1.4,0.7,1.2,1*20
$GPGSA,M,3,03,16,26,28,29,31,32,,,,,,1.4,0.7,1.2,1*20
$GPGSA,M,3,03,16,26,28,29,31,32,,,,,,1.4,0.7,1.2,1*20
$GPGSA,M,3,03,16,26,28,29,31,32,,,,,,1.4,0.7,1.2,1*20
$GPGSA,M,3,03,16,26,28,29,31,32,,,,,,1.4,0.7,1.2,1*20
$GPGSA,M,3,03,16,26,28,29,31,32,,,,,,1.4,0.7,1.2,1*20
$GPGSA,M,3,03,16,26,28,29,31,32,,,,,,1.4,0.7,1.2,1*20
$GPGSA,M,3,03,16,26,28,29,31,32,,,,,,1.4,0.7,1.2,1*20
$GPGSA,M,3,03,16,26,28,29,31,32,,,,,,1.4,0.7,1.2,1*20
$GPGSA,M,3,03,16,26,28,29,31,32,,,,,,1.4,0.7,1.2,1*20
$GPGSA,M,3,03,16,26,28,29,31,32,,,,,,1.4,0.7,1.2,1*20
$GPGSA,M,3,03,16,26,28,29,31,32,,,,,,1.4,0.7,1.2,1*20
$GPGSA,M,3,03,16,26,28,29,31,32,,,,,,1.4,0.7,1.2,1*20
$GPGSA,M,3,03,16,26,28,29,31,32,,,,,,1.4,0.7,1.2,1*20
$GPGSA,M,3,03,16,26,28,29,31,32,,,,,,1.4,0.7,1.2,1*20
$GPGSA,M,3,03,16,26,28,29,31,32,,,,,,1.4,0.7,1.2,1*20
$GPGSA,M,3,03,16,26,28,29,31,32,,,,,,1.4,0.7,1.2,1*20
$GPGSA,M,3,03,16,26,28,29,31,32,,,,,,1.4,0.7,1.2,1*20
$GPGSA,M,3,03,16,26,28,29,31,32,,,,,,1.4,0.7,1.2,1*20
$GPGSA,M,3,03,16,26,28,29,31,32,,,,,,1.4,0.7,1.2,1*20
$GPGSA,M,3,03,16,26,28,29,31,32,,,,,,1.4,0.7,1.2,1*20
$GPGSA,M,3,03,16,26,28,29,31,32,,,,,,1.4,0.7,1.2,1*20
$GPGSA,M,3,03,16,26,28,29,31,32,,,,,,1.4,0.7,1.2,1*20
$GPGSA,M,3,03,16,26,28,29,31,32,,,,,,1.4,0.7,1.2,1*20
$GPGSA,M,3,03,16,26,28,29,31,32,,,,,,1.4,0.7,1.2,1*20
$GPGSA,M,3,03,16,26,28,29,31,32,,,,,,1.4,0.7,1.2,1*20
$GPGSA,M,3,03,16,26,28,29,31,32,,,,,,1.4,0.7,1.2,1*20
$GPGSA,M,3,03,16,26,28,29,31,32,,,,,,1.4,0.7,1.2,1*20
$GPGSA,M,3,03,16,26,28,29,31,32,,,,,,1.4,0.7,1.2,1*20
$GPGSA,M,3,03,16,26,28,29,31,32,,,,,,1.4,0.7,1.2,1*20
$GPGSA,M,3,03,16,26,28,29,31,32,,,,,,1.4,0.7,1.2,1*20
$GPGSA,M,3,03,16,26,28,29,31,32,,,,,,1.4,0.7,1.2,1*20
$GPGSA,M,3,03,16,26,28,29,31,32,,,,,,1.4,0.7,1.2,1*20
$GPGSA,M,3,03,16,26,28,29,31,32,,,,,,1.4,0.7,1.2,1*20
$GPGSA,M,3,03,16,26,28,29,31,32,,,,,,1.4,0.7,1.2,1*20
$GPGSA,M,3,03,16,26,28,29,31,32,,,,,,1.4,0.7,1.2,1*20
$GPGSA,M,3,03,16,26,28,29,31,32,,,,,,1.4,0.7,1.2,1*20
$GPGSA,M,3,03,16,26,28,29,31,32,,,,,,1.4,0.7,1.2,1*20
$GPGSA,M,3,03,16,26,28,29,31,32,,,,,,1.4,0.7,1.2,1*20
$GPGSA,M,3,03,16,26,28,29,31,32,,,,,,1.4,0.7,1.2,1*20
$GPGSA,M,3,03,16,26,28,29,31,32,,,,,,1.4,0.7,1.2,1*20
$GPGSA,M,3,03,16,26,28,29,31,32,,,,,,1.4,0.7,1.2,1*20
$GPGSA,M,3,03,16,26,28,29,31,32,,,,,,1.4,0.7,1.2,1*20
$GPGSA,M,3,03,16,26,28,29,31,32,,,,,,1.4,0.7,1.2,1*20
$GPGSA,M,3,03,16,26,28,29,31,32,,,,,,1.4,0.7,1.2,1*20
$GPGSA,M,3,03,16,26,28,29,31,32,,,,,,1.4,0.7,1.2,1*20
$GPGSA,M,3,03,16,26,28,29,31,32,,,,,,1.4,0.7,1.2,1*20
$GPGSA,M,3,03,16,26,28,29,31,32,,,,,,1.4,0.7,1.2,1*20
$GPGSA,M,3,03,16,26,28,29,31,32,,,,,,1.4,0.7,1.2,1*20
$GPGSA,M,3,03,16,26,28,29,31,32,,,,,,1.4,0.7,1.2,1*20
$GPGSA,M,3,03,16,26,28,29,31,32,,,,,,1.4,0.7,1.2,1*20
$GPGSA,M,3,03,16,26,28,29,31,32,,,,,,1.4,0.7,1.2,1*20
$GPGSA,M,3,03,16,26,28,29,31,32,,,,,,1.4,0.7,1.2,1*20
$GPGSA,M,3,03,16,26,28,29,31,32,,,,,,1.4,0.7,1.2,1*20
$GPGSA,M,3,03,16,26,28,29,31,32,,,,,,1.4,0.7,1.2,1*20
$GPGSA,M,3,03,16,26,28,29,31,32,,,,,,1.4,0.7,1.2,1*20
$GPGSA,M,3,03,16,26,28,29,31,32,,,,,,1.4,0.7,1.2,1*20
$GPGSA,M,3,03,16,26,28,29,31,32,,,,,,1.4,0.7,1.2,1*20
$GPGSA,M,3,03,16,26,28,29,31,32,,,,,,1.4,0.7,1.2,1*20
$GPGSA,M,3,03,16,26,28,29,31,32,,,,,,1.4,0.7,1.2,1*20
$GPGSA,M,3,03,16,26,28,29,31,32,,,,,,1.4,0.7,1.2,1*20
$GPGSA,M,3,03,16,26,28,29,31,32,,,,,,1.4,0.7,1.2,1*20
$GPGSA,M,3,03,16,26,28,29,31,32,,,,,,1.4,0.7,1.2,1*20
$GPGSA,M,3,03,16,26,28,29,31,32,,,,,,1.4,0.7,1.2,1*20
$GPGSA,M,3,03,16,26,28,29,31,32,,,,,,1.4,0.7,1.2,1*20
$GPGSA,M,3,03,16,26,28,29,31,32,,,,,,1.4,0.7,1.2,1*20
$GPGSA,M,3,03,16,26,28,29,31,32,,,,,,1.4,0.7,1.2,1*20
$GPGSA,M,3,03,16,26,28,29,31,32,,,,,,1.4,0.7,1.2,1*20
$GPGSA,M,3,03,16,26,28,29,31,32,,,,,,1.4,0.7,1.2,1*20
$GPGSA,M,3,03,16,26,28,29,31,32,,,,,,1.4,0.7,1.2,1*20
$GPGSA,M,3,03,16,26,28,29,31,32,,,,,,1.4,0.7,1.2,1*20
$GPGSA,M,3,03,16,26,28,29,31,32,,,,,,1.4,0.7,1.2,1*20
$GPGSA,M,3,03,16,26,28,29,31,32,,,,,,1.4,0.7,1.2,1*20
$GPGSA,M,3,03,16,26,28,29,31,32,,,,,,1.4,0.7,1.2,1*20
$GPGSA,M,3,03,16,26,28,29,31,32,,,,,,1.4,0.7,1.2,1*20
$GPGSA,M,3,03,16,26,28,29,31,32,,,,,,1.5,0.7,1.3,1*20
$GPGSA,M,3,03,16,26,28,29,31,32,,,,,,1.5,0.7,1.3,1*20
$GPGSA,M,3,03,16,26,28,29,31,32,,,,,,1.5,0.7,1.3,1*20
$GPGSA,M,3,03,16,26,28,29,31,32,,,,,,1.5,0.7,1.3,1*20
$GPGSA,M,3,03,16,26,28,29,31,32,,,,,,1.5,0.7,1.3,1*20
$GPGSA,M,3,03,16,26,28,29,31,32,,,,,,1.4,0.7,1.3,1*21
$GPGSA,M,3,03,16,26,28,29,31,32,,,,,,1.4,0.7,1.3,1*21
$GPGSA,M,3,03,16,26,28,29,31,32,,,,,,1.4,0.7,1.3,1*21
$GPGSA,M,3,03,16,26,28,29,31,32,,,,,,1.4,0.7,1.3,1*21
$GPGSA,M,3,03,16,26,28,29,31,32,,,,,,1.4,0.7,1.3,1*21
$GPGSA,M,3,03,16,26,28,29,31,32,,,,,,1.4,0.7,1.3,1*21
$GPGSA,M,3,03,16,26,28,29,31,32,,,,,,1.4,0.7,1.3,1*21
$GPGSA,M,3,03,16,26,28,29,31,32,,,,,,1.4,0.7,1.3,1*21
$GPGSA,M,3,03,16,26,28,29,31,32,,,,,,1.4,0.7,1.3,1*21
$GPGSA,M,3,03,16,26,28,29,31,32,,,,,,1.4,0.7,1.3,1*21
$GPGSA,M,3,03,16,26,28,29,31,32,,,,,,1.4,0.6,1.2,1*21
$GPGSA,M,3,03,16,26,28,29,31,32,,,,,,1.4,0.6,1.2,1*21
$GPGSA,M,3,03,16,26,28,29,31,32,,,,,,1.4,0.6,1.2,1*21
$GPGSA,M,3,03,16,26,28,29,31,32,,,,,,1.4,0.6,1.2,1*21
$GPGSA,M,3,03,16,26,28,29,31,32,,,,,,1.4,0.6,1.2,1*21
$GPGSA,M,3,03,16,26,28,29,31,32,,,,,,1.3,0.6,1.2,1*26
$GPGSA,M,3,03,16,26,28,29,31,32,,,,,,1.3,0.6,1.2,1*26
$GPGSA,M,3,03,16,26,28,29,31,32,,,,,,1.3,0.6,1.2,1*26
$GPGSA,M,3,03,16,26,28,29,31,32,,,,,,1.3,0.6,1.2,1*26
$GPGSA,M,3,03,16,26,28,29,31,32,,,,,,1.3,0.6,1.2,1*26
$GPGSA,M,3,03,16,26,28,29,31,32,,,,,,1.4,0.6,1.2,1*21
$GPGSA,M,3,03,16,26,28,29,31,32,,,,,,1.4,0.6,1.2,1*21
$GPGSA,M,3,03,16,26,28,29,31,32,,,,,,1.4,0.6,1.2,1*21
$GPGSA,M,3,03,16,26,28,29,31,32,,,,,,1.4,0.6,1.2,1*21
$GPGSA,M,3,03,16,26,28,29,31,32,,,,,,1.4,0.6,1.2,1*21
$GPGSA,M,3,03,16,26,28,29,31,32,,,,,,1.4,0.6,1.2,1*21
$GPGSA,M,3,03,16,26,28,29,31,32,,,,,,1.4,0.6,1.2,1*21
$GPGSA,M,3,03,16,26,28,29,31,32,,,,,,1.4,0.6,1.2,1*21
$GPGSA,M,3,03,16,26,28,29,31,32,,,,,,1.4,0.6,1.2,1*21
$GPGSA,M,3,03,16,26,28,29,31,32,,,,,,1.4,0.6,1.2,1*21
$GPGSA,M,3,03,16,26,28,29,31,32,,,,,,1.3,0.6,1.1,1*25
$GPGSA,M,3,03,16,26,28,29,31,32,,,,,,1.3,0.6,1.1,1*25
$GPGSA,M,3,03,16,26,28,29,31,32,,,,,,1.3,0.6,1.1,1*25
$GPGSA,M,3,03,16,26,28,29,31,32,,,,,,1.3,0.6,1.1,1*25
$GPGSA,M,3,03,16,26,28,29,31,32,,,,,,1.3,0.6,1.1,1*25
$GPGSA,M,3,03,16,26,28,29,31,32,,,,,,1.3,0.6,1.1,1*25
$GPGSA,M,3,03,16,26,28,29,31,32,,,,,,1.3,0.6,1.1,1*25
$GPGSA,M,3,03,16,26,28,29,31,32,,,,,,1.3,0.6,1.1,1*25
$GPGSA,M,3,03,16,26,28,29,31,32,,,,,,1.3,0.6,1.1,1*25
$GPGSA,M,3,03,16,26,28,29,31,32,,,,,,1.3,0.6,1.1,1*25
$GPGSA,M,3,03,16,26,28,29,31,32,,,,,,1.4,0.7,1.3,1*21
$GPGSA,M,3,03,16,26,28,29,31,32,,,,,,1.4,0.7,1.3,1*21
$GPGSA,M,3,03,16,26,28,29,31,32,,,,,,1.4,0.7,1.3,1*21
$GPGSA,M,3,03,16,26,28,29,31,32,,,,,,1.4,0.7,1.3,1*21
$GPGSA,M,3,03,16,26,28,29,31,32,,,,,,1.4,0.7,1.3,1*21
$GPGSA,M,3,03,16,26,28,29,31,32,,,,,,1.4,0.7,1.3,1*21
$GPGSA,M,3,03,16,26,28,29,31,32,,,,,,1.4,0.7,1.3,1*21
$GPGSA,M,3,03,16,26,28,29,31,32,,,,,,1.4,0.7,1.3,1*21
$GPGSA,M,3,03,16,26,28,29,31,32,,,,,,1.4,0.7,1.3,1*21
$GPGSA,M,3,03,16,26,28,29,31,32,,,,,,1.4,0.7,1.3,1*21
$GPGSA,M,3,03,16,26,28,29,31,32,,,,,,1.3,0.6,1.1,1*25
$GPGSA,M,3,03,16,26,28,29,31,32,,,,,,1.3,0.6,1.1,1*25
$GPGSA,M,3,03,16,26,28,29,31,32,,,,,,1.3,0.6,1.1,1*25
$GPGSA,M,3,03,16,26,28,29,31,32,,,,,,1.3,0.6,1.1,1*25
$GPGSA,M,3,03,16,26,28,29,31,32,,,,,,1.3,0.6,1.1,1*25
$GPGSA,M,3,03,16,26,28,29,31,32,,,,,,1.3,0.6,1.1,1*25
$GPGSA,M,3,03,16,26,28,29,31,32,,,,,,1.3,0.6,1.1,1*25
$GPGSA,M,3,03,16,26,28,29,31,32,,,,,,1.3,0.6,1.1,1*25
$GPGSA,M,3,03,16,26,28,29,31,32,,,,,,1.3,0.6,1.1,1*25
$GPGSA,M,3,03,16,26,28,29,31,32,,,,,,1.3,0.6,1.1,1*25
$GPGSA,M,3,03,16,26,28,29,31,32,,,,,,1.3,0.6,1.1,1*25
$GPGSA,M,3,03,16,26,28,29,31,32,,,,,,1.3,0.6,1.1,1*25
$GPGSA,M,3,03,16,26,28,29,31,32,,,,,,1.3,0.6,1.1,1*25
$GPGSA,M,3,03,16,26,28,29,31,32,,,,,,1.3,0.6,1.1,1*25
$GPGSA,M,3,03,16,26,28,29,31,32,,,,,,1.3,0.6,1.1,1*25
$GPGSA,M,3,03,16,26,28,29,31,32,,,,,,1.3,0.6,1.1,1*25
$GPGSA,M,3,03,16,26,28,29,31,32,,,,,,1.3,0.6,1.1,1*25
$GPGSA,M,3,03,16,26,28,29,31,32,,,,,,1.3,0.6,1.1,1*25
$GPGSA,M,3,03,16,26,28,29,31,32,,,,,,1.3,0.6,1.1,1*25
$GPGSA,M,3,03,16,26,28,29,31,32,,,,,,1.3,0.6,1.1,1*25
$GPGSA,M,3,03,16,26,28,29,31,32,,,,,,1.4,0.6,1.2,1*21
$GPGSA,M,3,03,16,26,28,29,31,32,,,,,,1.4,0.6,1.2,1*21
$GPGSA,M,3,03,16,26,28,29,31,32,,,,,,1.4,0.6,1.2,1*21
$GPGSA,M,3,03,16,26,28,29,31,32,,,,,,1.4,0.6,1.2,1*21
$GPGSA,M,3,03,16,26,28,29,31,32,,,,,,1.4,0.6,1.2,1*21
$GPGSA,M,3,03,16,26,28,29,31,32,,,,,,1.3,0.6,1.1,1*25
$GPGSA,M,3,03,16,26,28,29,31,32,,,,,,1.3,0.6,1.1,1*25
$GPGSA,M,3,03,16,26,28,29,31,32,,,,,,1.3,0.6,1.1,1*25
$GPGSA,M,3,03,16,26,28,29,31,32,,,,,,1.3,0.6,1.1,1*25
$GPGSA,M,3,03,16,26,28,29,31,32,,,,,,1.3,0.6,1.1,1*25
$GPGSA,M,3,03,16,26,28,29,31,32,,,,,,1.3,0.7,1.1,1*24
$GPGSA,M,3,03,16,26,28,29,31,32,,,,,,1.3,0.7,1.1,1*24
$GPGSA,M,3,03,16,26,28,29,31,32,,,,,,1.3,0.7,1.1,1*24
$GPGSA,M,3,03,16,26,28,29,31,32,,,,,,1.3,0.7,1.1,1*24
$GPGSA,M,3,03,16,26,28,29,31,32,,,,,,1.3,0.7,1.1,1*24
$GPGSA,M,3,03,16,26,28,29,31,32,,,,,,1.3,0.6,1.1,1*25
$GPGSA,M,3,03,16,26,28,29,31,32,,,,,,1.3,0.6,1.1,1*25
$GPGSA,M,3,03,16,26,28,29,31,32,,,,,,1.3,0.6,1.1,1*25
$GPGSA,M,3,03,16,26,28,29,31,32,,,,,,1.3,0.6,1.1,1*25
$GPGSA,M,3,03,16,26,28,29,31,32,,,,,,1.3,0.6,1.1,1*25
$GPGSA,M,3,03,16,26,28,29,31,32,,,,,,1.3,0.6,1.1,1*25
$GPGSA,M,3,03,16,26,28,29,31,32,,,,,,1.3,0.6,1.1,1*25
$GPGSA,M,3,03,16,26,28,29,31,32,,,,,,1.3,0.6,1.1,1*25
$GPGSA,M,3,03,16,26,28,29,31,32,,,,,,1.3,0.6,1.1,1*25
$GPGSA,M,3,03,16,26,28,29,31,32,,,,,,1.3,0.6,1.1,1*25
$GPGSA,M,3,03,16,26,28,29,31,32,,,,,,1.3,0.6,1.1,1*25
$GPGSA,M,3,03,16,26,28,29,31,32,,,,,,1.3,0.6,1.1,1*25
$GPGSA,M,3,03,16,26,28,29,31,32,,,,,,1.3,0.6,1.1,1*25
$GPGSA,M,3,03,16,26,28,29,31,32,,,,,,1.3,0.6,1.1,1*25
$GPGSA,M,3,03,16,26,28,29,31,32,,,,,,1.3,0.6,1.1,1*25
$GPGSA,M,3,03,16,26,28,29,31,32,,,,,,1.3,0.6,1.1,1*25
$GPGSA,M,3,03,16,26,28,29,31,32,,,,,,1.3,0.6,1.1,1*25
$GPGSA,M,3,03,16,26,28,29,31,32,,,,,,1.3,0.6,1.1,1*25
$GPGSA,M,3,03,16,26,28,29,31,32,,,,,,1.3,0.6,1.1,1*25
$GPGSA,M,3,03,16,26,28,29,31,32,,,,,,1.3,0.6,1.1,1*25
$GPGSA,M,3,03,16,26,28,29,31,32,,,,,,1.3,0.6,1.1,1*25
$GPGSA,M,3,03,16,26,28,29,31,32,,,,,,1.3,0.6,1.1,1*25
$GPGSA,M,3,03,16,26,28,29,31,32,,,,,,1.3,0.6,1.1,1*25
$GPGSA,M,3,03,16,26,28,29,31,32,,,,,,1.3,0.6,1.1,1*25
$GPGSA,M,3,03,16,26,28,29,31,32,,,,,,1.3,0.6,1.1,1*25
$GPGSA,M,3,03,16,26,28,29,31,32,,,,,,1.3,0.6,1.1,1*25
$GPGSA,M,3,03,16,26,28,29,31,32,,,,,,1.3,0.6,1.1,1*25
$GPGSA,M,3,03,16,26,28,29,31,32,,,,,,1.3,0.6,1.1,1*25
$GPGSA,M,3,03,16,26,28,29,31,32,,,,,,1.3,0.6,1.1,1*25
$GPGSA,M,3,03,16,26,28,29,31,32,,,,,,1.3,0.6,1.1,1*25
$GPGSA,M,3,03,16,26,28,29,31,32,,,,,,1.3,0.6,1.1,1*25
$GPGSA,M,3,03,16,26,28,29,31,32,,,,,,1.3,0.6,1.1,1*25
$GPGSA,M,3,03,16,26,28,29,31,32,,,,,,1.3,0.6,1.1,1*25
$GPGSA,M,3,03,16,26,28,29,31,32,,,,,,1.3,0.6,1.1,1*25
$GPGSA,M,3,03,16,26,28,29,31,32,,,,,,1.3,0.6,1.1,1*25
$GPGSA,M,3,03,16,26,28,29,31,32,,,,,,1.3,0.6,1.1,1*25
$GPGSA,M,3,03,16,26,28,29,31,32,,,,,,1.3,0.6,1.1,1*25
$GPGSA,M,3,03,16,26,28,29,31,32,,,,,,1.3,0.6,1.1,1*25
$GPGSA,M,3,03,16,26,28,29,31,32,,,,,,1.3,0.6,1.1,1*25
$GPGSA,M,3,03,16,26,28,29,31,32,,,,,,1.3,0.6,1.1,1*25
$GPGSA,M,3,03,16,26,28,29,31,32,,,,,,1.3,0.6,1.1,1*25
$GPGSA,M,3,03,16,26,28,29,31,32,,,,,,1.3,0.6,1.1,1*25
$GPGSA,M,3,03,16,26,28,29,31,32,,,,,,1.3,0.6,1.1,1*25
$GPGSA,M,3,03,16,26,28,29,31,32,,,,,,1.3,0.6,1.1,1*25
$GPGSA,M,3,03,16,26,28,29,31,32,,,,,,1.3,0.6,1.1,1*25
$GPGSA,M,3,03,16,26,28,29,31,32,,,,,,1.3,0.6,1.1,1*25
$GPGSA,M,3,03,16,26,28,29,31,32,,,,,,1.3,0.6,1.1,1*25
$GPGSA,M,3,03,16,26,28,29,31,32,,,,,,1.3,0.6,1.1,1*25
$GPGSA,M,3,03,16,26,28,29,31,32,,,,,,1.3,0.6,1.1,1*25
$GPGSA,M,3,03,16,26,28,29,31,32,,,,,,1.3,0.6,1.1,1*25
$GPGSA,M,3,03,16,26,28,29,31,32,,,,,,1.3,0.6,1.1,1*25
$GPGSA,M,3,03,16,26,28,29,31,32,,,,,,1.3,0.6,1.1,1*25
$GPGSA,M,3,03,16,26,28,29,31,32,,,,,,1.3,0.6,1.1,1*25
$GPGSA,M,3,03,16,26,28,29,31,32,,,,,,1.3,0.6,1.1,1*25
$GPGSA,M,3,03,16,26,28,29,31,32,,,,,,1.3,0.6,1.1,1*25
$GPGSA,M,3,03,16,26,28,29,31,32,,,,,,1.3,0.6,1.1,1*25
$GPGSA,M,3,03,16,26,28,29,31,32,,,,,,1.3,0.6,1.1,1*25
$GPGSA,M,3,03,16,26,28,29,31,32,,,,,,1.3,0.6,1.1,1*25
$GPGSA,M,3,03,16,26,28,29,31,32,,,,,,1.3,0.6,1.1,1*25
$GPGSA,M,3,03,16,26,28,29,31,32,,,,,,1.3,0.6,1.1,1*25
$GPGSA,M,3,03,16,26,28,29,31,32,,,,,,1.3,0.6,1.1,1*25
$GPGSA,M,3,03,16,26,28,29,31,32,,,,,,1.3,0.6,1.1,1*25
$GPGSA,M,3,03,16,26,28,29,31,32,,,,,,1.3,0.6,1.1,1*25
$GPGSA,M,3,03,16,26,28,29,31,32,,,,,,1.3,0.6,1.1,1*25
$GPGSA,M,3,03,16,26,28,29,31,32,,,,,,1.3,0.6,1.1,1*25
$GPGSA,M,3,03,16,26,28,29,31,32,,,,,,1.3,0.6,1.1,1*25
$GPGSA,M,3,03,16,26,28,29,31,32,,,,,,1.3,0.6,1.1,1*25
$GPGSA,M,3,03,16,26,28,29,31,32,,,,,,1.3,0.6,1.1,1*25
$GPGSA,M,3,03,16,26,28,29,31,32,,,,,,1.3,0.6,1.1,1*25
$GPGSA,M,3,03,16,26,28,29,31,32,,,,,,1.3,0.6,1.1,1*25
$GPGSA,M,3,03,16,26,28,29,31,32,,,,,,1.3,0.6,1.1,1*25
$GPGSA,M,3,03,16,26,28,29,31,32,,,,,,1.3,0.6,1.1,1*25
$GPGSA,M,3,03,16,26,28,29,31,32,,,,,,1.3,0.6,1.1,1*25
$GPGSA,M,3,03,16,26,28,29,31,32,,,,,,1.3,0.6,1.1,1*25
$GPGSA,M,3,03,16,26,28,29,31,32,,,,,,1.3,0.6,1.1,1*25
$GPGSA,M,3,03,16,26,28,29,31,32,,,,,,1.3,0.7,1.2,1*27
$GPGSA,M,3,03,16,26,28,29,31,32,,,,,,1.3,0.7,1.2,1*27
$GPGSA,M,3,03,16,26,28,29,31,32,,,,,,1.3,0.7,1.2,1*27
$GPGSA,M,3,03,16,26,28,29,31,32,,,,,,1.3,0.7,1.2,1*27
$GPGSA,M,3,03,16,26,28,29,31,32,,,,,,1.3,0.7,1.2,1*27
$GPGSA,M,3,03,16,26,28,29,31,32,,,,,,1.3,0.7,1.2,1*27
$GPGSA,M,3,03,16,26,28,29,31,32,,,,,,1.3,0.7,1.2,1*27
$GPGSA,M,3,03,16,26,28,29,31,32,,,,,,1.3,0.7,1.2,1*27
$GPGSA,M,3,03,16,26,28,29,31,32,,,,,,1.3,0.7,1.2,1*27
$GPGSA,M,3,03,16,26,28,29,31,32,,,,,,1.3,0.7,1.2,1*27
$GPGSA,M,3,03,16,26,28,29,31,32,,,,,,1.3,0.7,1.2,1*27
$GPGSA,M,3,03,16,26,28,29,31,32,,,,,,1.3,0.7,1.2,1*27
$GPGSA,M,3,03,16,26,28,29,31,32,,,,,,1.3,0.7,1.2,1*27
$GPGSA,M,3,03,16,26,28,29,31,32,,,,,,1.3,0.7,1.2,1*27
$GPGSA,M,3,03,16,26,28,29,31,32,,,,,,1.3,0.7,1.2,1*27
$GPGSA,M,3,03,16,26,28,29,31,32,,,,,,1.3,0.7,1.1,1*24
$GPGSA,M,3,03,16,26,28,29,31,32,,,,,,1.3,0.7,1.1,1*24
$GPGSA,M,3,03,16,26,28,29,31,32,,,,,,1.3,0.7,1.1,1*24
$GPGSA,M,3,03,16,26,28,29,31,32,,,,,,1.3,0.7,1.1,1*24
$GPGSA,M,3,03,16,26,28,29,31,32,,,,,,1.3,0.7,1.1,1*24
$GPGSA,M,3,03,16,26,28,29,31,32,,,,,,1.3,0.7,1.2,1*27
$GPGSA,M,3,03,16,26,28,29,31,32,,,,,,1.3,0.7,1.2,1*27
$GPGSA,M,3,03,16,26,28,29,31,32,,,,,,1.3,0.7,1.2,1*27
$GPGSA,M,3,03,16,26,28,29,31,32,,,,,,1.3,0.7,1.2,1*27
$GPGSA,M,3,03,16,26,28,29,31,32,,,,,,1.3,0.7,1.2,1*27
$GPGSA,M,3,03,16,26,28,29,31,32,,,,,,1.3,0.6,1.1,1*25
$GPGSA,M,3,03,16,26,28,29,31,32,,,,,,1.3,0.6,1.1,1*25
$GPGSA,M,3,03,16,26,28,29,31,32,,,,,,1.3,0.6,1.1,1*25
$GPGSA,M,3,03,16,26,28,29,31,32,,,,,,1.3,0.6,1.1,1*25
$GPGSA,M,3,03,16,26,28,29,31,32,,,,,,1.3,0.6,1.1,1*25
$GPGSA,M,3,03,16,26,28,29,31,32,,,,,,1.3,0.7,1.2,1*27
$GPGSA,M,3,03,16,26,28,29,31,32,,,,,,1.3,0.7,1.2,1*27
$GPGSA,M,3,03,16,26,28,29,31,32,,,,,,1.3,0.7,1.2,1*27
$GPGSA,M,3,03,16,26,28,29,31,32,,,,,,1.3,0.7,1.2,1*27
$GPGSA,M,3,03,16,26,28,29,31,32,,,,,,1.3,0.7,1.2,1*27
$GPGSA,M,3,03,16,26,28,29,31,32,,,,,,1.3,0.7,1.2,1*27
$GPGSA,M,3,03,16,26,28,29,31,32,,,,,,1.3,0.7,1.2,1*27
$GPGSA,M,3,03,16,26,28,29,31,32,,,,,,1.3,0.7,1.2,1*27
$GPGSA,M,3,03,16,26,28,29,31,32,,,,,,1.3,0.7,1.2,1*27
$GPGSA,M,3,03,16,26,28,29,31,32,,,,,,1.3,0.7,1.2,1*27
$GPGSA,M,3,03,16,26,28,29,31,32,,,,,,1.3,0.7,1.2,1*27
$GPGSA,M,3,03,16,26,28,29,31,32,,,,,,1.3,0.7,1.2,1*27
$GPGSA,M,3,03,16,26,28,29,31,32,,,,,,1.3,0.7,1.2,1*27
$GPGSA,M,3,03,16,26,28,29,31,32,,,,,,1.3,0.7,1.2,1*27
$GPGSA,M,3,03,16,26,28,29,31,32,,,,,,1.3,0.7,1.2,1*27
$GPGSA,M,3,03,16,26,28,29,31,32,,,,,,1.3,0.7,1.2,1*27
$GPGSA,M,3,03,16,26,28,29,31,32,,,,,,1.3,0.7,1.2,1*27
$GPGSA,M,3,03,16,26,28,29,31,32,,,,,,1.3,0.7,1.2,1*27
$GPGSA,M,3,03,16,26,28,29,31,32,,,,,,1.3,0.7,1.2,1*27
$GPGSA,M,3,03,16,26,28,29,31,32,,,,,,1.3,0.7,1.2,1*27
$GPGSA,M,3,03,16,26,28,29,31,32,,,,,,1.3,0.7,1.2,1*27
$GPGSA,M,3,03,16,26,28,29,31,32,,,,,,1.3,0.7,1.2,1*27
$GPGSA,M,3,03,16,26,28,29,31,32,,,,,,1.3,0.7,1.2,1*27
$GPGSA,M,3,03,16,26,28,29,31,32,,,,,,1.3,0.7,1.2,1*27
$GPGSA,M,3,03,16,26,28,29,31,32,,,,,,1.3,0.7,1.2,1*27
$GPGSA,M,3,03,16,26,28,29,31,32,,,,,,1.3,0.7,1.2,1*27
$GPGSA,M,3,03,16,26,28,29,31,32,,,,,,1.3,0.7,1.2,1*27
$GPGSA,M,3,03,16,26,28,29,31,32,,,,,,1.3,0.7,1.2,1*27
$GPGSA,M,3,03,16,26,28,29,31,32,,,,,,1.3,0.7,1.2,1*27
$GPGSA,M,3,03,16,26,28,29,31,32,,,,,,1.3,0.7,1.2,1*27
$GPGSA,M,3,03,16,26,28,29,31,32,,,,,,1.3,0.6,1.1,1*25
$GPGSA,M,3,03,16,26,28,29,31,32,,,,,,1.3,0.6,1.1,1*25
$GPGSA,M,3,03,16,26,28,29,31,32,,,,,,1.3,0.6,1.1,1*25
$GPGSA,M,3,03,16,26,28,29,31,32,,,,,,1.3,0.6,1.1,1*25
$GPGSA,M,3,03,16,26,28,29,31,32,,,,,,1.3,0.6,1.1,1*25
$GPGSA,M,3,03,16,26,28,29,31,32,,,,,,1.3,0.6,1.1,1*25
$GPGSA,M,3,03,16,26,28,29,31,32,,,,,,1.3,0.6,1.1,1*25
$GPGSA,M,3,03,16,26,28,29,31,32,,,,,,1.3,0.6,1.1,1*25
$GPGSA,M,3,03,16,26,28,29,31,32,,,,,,1.3,0.6,1.1,1*25
$GPGSA,M,3,03,16,26,28,29,31,32,,,,,,1.3,0.6,1.1,1*25
$GPGSA,M,3,03,16,26,28,29,31,32,,,,,,1.3,0.6,1.1,1*25
$GPGSA,M,3,03,16,26,28,29,31,32,,,,,,1.3,0.6,1.1,1*25
$GPGSA,M,3,03,16,26,28,29,31,32,,,,,,1.3,0.6,1.1,1*25
$GPGSA,M,3,03,16,26,28,29,31,32,,,,,,1.3,0.6,1.1,1*25
$GPGSA,M,3,03,16,26,28,29,31,32,,,,,,1.3,0.6,1.1,1*25
$GPGSA,M,3,03,16,26,28,29,31,32,,,,,,1.3,0.6,1.1,1*25
$GPGSA,M,3,03,16,26,28,29,31,32,,,,,,1.3,0.6,1.1,1*25
$GPGSA,M,3,03,16,26,28,29,31,32,,,,,,1.3,0.6,1.1,1*25
$GPGSA,M,3,03,16,26,28,29,31,32,,,,,,1.3,0.6,1.1,1*25
$GPGSA,M,3,03,16,26,28,29,31,32,,,,,,1.3,0.6,1.1,1*25
$GPGSA,M,3,03,16,26,28,29,31,32,,,,,,1.3,0.7,1.1,1*24
$GPGSA,M,3,03,16,26,28,29,31,32,,,,,,1.3,0.7,1.1,1*24
$GPGSA,M,3,03,16,26,28,29,31,32,,,,,,1.3,0.7,1.1,1*24
$GPGSA,M,3,03,16,26,28,29,31,32,,,,,,1.3,0.7,1.1,1*24
$GPGSA,M,3,03,16,26,28,29,31,32,,,,,,1.3,0.7,1.1,1*24
$GPGSA,M,3,03,16,26,28,29,31,32,,,,,,1.3,0.6,1.1,1*25
$GPGSA,M,3,03,16,26,28,29,31,32,,,,,,1.3,0.6,1.1,1*25
$GPGSA,M,3,03,16,26,27,28,29,31,32,,,,,1.3,0.6,1.1,1*20
$GPGSA,M,3,03,16,26,27,28,29,31,32,,,,,1.3,0.6,1.1,1*20
$GPGSA,M,3,03,16,26,27,28,29,31,32,,,,,1.3,0.6,1.1,1*20
$GPGSA,M,3,03,16,26,27,28,29,31,32,,,,,1.3,0.6,1.1,1*20
$GPGSA,M,3,03,16,26,27,28,29,31,32,,,,,1.3,0.6,1.1,1*20
$GPGSA,M,3,03,16,26,27,28,29,31,32,,,,,1.3,0.6,1.1,1*20
$GPGSA,M,3,03,16,26,27,28,29,31,32,,,,,1.3,0.6,1.1,1*20
$GPGSA,M,3,03,16,26,27,28,29,31,32,,,,,1.3,0.6,1.1,1*20
$GPGSA,M,3,03,16,26,27,28,29,31,32,,,,,1.4,0.6,1.2,1*24
$GPGSA,M,3,03,16,26,27,28,29,31,32,,,,,1.4,0.6,1.2,1*24
$GPGSA,M,3,03,16,26,27,28,29,31,32,,,,,1.4,0.6,1.2,1*24
$GPGSA,M,3,03,16,26,27,28,29,31,32,,,,,1.4,0.6,1.2,1*24
$GPGSA,M,3,03,16,26,27,28,29,31,32,,,,,1.4,0.6,1.2,1*24
$GPGSA,M,3,03,16,26,27,28,29,31,32,,,,,1.4,0.6,1.2,1*24
$GPGSA,M,3,03,16,26,27,28,29,31,32,,,,,1.4,0.6,1.2,1*24
$GPGSA,M,3,03,16,26,27,28,29,31,32,,,,,1.4,0.6,1.2,1*24
$GPGSA,M,3,03,16,26,27,28,29,31,32,,,,,1.4,0.6,1.2,1*24
$GPGSA,M,3,03,16,26,27,28,29,31,32,,,,,1.4,0.6,1.2,1*24
$GPGSA,M,3,03,16,26,27,28,29,31,32,,,,,1.3,0.6,1.1,1*20
$GPGSA,M,3,03,16,26,27,28,29,31,32,,,,,1.3,0.6,1.1,1*20
$GPGSA,M,3,03,16,26,27,28,29,31,32,,,,,1.3,0.6,1.1,1*20
$GPGSA,M,3,03,16,26,27,28,29,31,32,,,,,1.3,0.6,1.1,1*20
$GPGSA,M,3,03,16,26,27,28,29,31,32,,,,,1.3,0.6,1.1,1*20
$GPGSA,M,3,03,16,26,27,28,29,31,32,,,,,1.3,0.6,1.1,1*20
$GPGSA,M,3,03,16,26,27,28,29,31,32,,,,,1.3,0.6,1.1,1*20
$GPGSA,M,3,03,16,26,27,28,29,31,32,,,,,1.3,0.6,1.1,1*20
$GPGSA,M,3,03,16,26,27,28,29,31,32,,,,,1.3,0.6,1.1,1*20
$GPGSA,M,3,03,16,26,27,28,29,31,32,,,,,1.3,0.6,1.1,1*20
$GPGSA,M,3,03,16,26,27,28,29,31,32,,,,,1.3,0.6,1.1,1*20
$GPGSA,M,3,03,16,26,27,28,29,31,32,,,,,1.3,0.6,1.1,1*20
$GPGSA,M,3,03,16,26,27,28,29,31,32,,,,,1.3,0.6,1.1,1*20
$GPGSA,M,3,03,16,26,27,28,29,31,32,,,,,1.3,0.6,1.1,1*20
$GPGSA,M,3,03,16,26,27,28,29,31,32,,,,,1.3,0.6,1.1,1*20
$GPGSA,M,3,03,16,26,27,28,29,31,32,,,,,1.3,0.6,1.1,1*20
$GPGSA,M,3,03,16,26,27,28,29,31,32,,,,,1.3,0.6,1.1,1*20
$GPGSA,M,3,03,16,26,27,28,29,31,32,,,,,1.3,0.6,1.1,1*20
$GPGSA,M,3,03,16,26,27,28,29,31,32,,,,,1.3,0.6,1.1,1*20
$GPGSA,M,3,03,16,26,27,28,29,31,32,,,,,1.3,0.6,1.1,1*20
$GPGSA,M,3,03,16,26,27,28,29,31,32,,,,,1.3,0.6,1.1,1*20
$GPGSA,M,3,03,16,26,27,28,29,31,32,,,,,1.3,0.6,1.1,1*20
$GPGSA,M,3,03,16,26,27,28,29,31,32,,,,,1.3,0.6,1.1,1*20
$GPGSA,M,3,03,16,26,27,28,29,31,32,,,,,1.3,0.6,1.1,1*20
$GPGSA,M,3,03,16,26,27,28,29,31,32,,,,,1.3,0.6,1.1,1*20
$GPGSA,M,3,03,16,26,27,28,29,31,32,,,,,1.3,0.6,1.1,1*20
$GPGSA,M,3,03,16,26,27,28,29,31,32,,,,,1.3,0.6,1.1,1*20
$GPGSA,M,3,03,16,26,27,28,29,31,32,,,,,1.3,0.6,1.1,1*20
$GPGSA,M,3,03,16,26,27,28,29,31,32,,,,,1.3,0.6,1.1,1*20
$GPGSA,M,3,03,16,26,27,28,29,31,32,,,,,1.3,0.6,1.1,1*20
$GPGSA,M,3,03,16,26,27,28,29,31,32,,,,,1.3,0.6,1.1,1*20
$GPGSA,M,3,03,16,26,27,28,29,31,32,,,,,1.3,0.6,1.1,1*20
$GPGSA,M,3,03,16,26,27,28,29,31,32,,,,,1.3,0.6,1.1,1*20
$GPGSA,M,3,03,16,26,27,28,29,31,32,,,,,1.3,0.6,1.1,1*20
$GPGSA,M,3,03,16,26,27,28,29,31,32,,,,,1.3,0.6,1.1,1*20
$GPGSA,M,3,03,16,26,27,28,29,31,32,,,,,1.3,0.6,1.2,1*23
$GPGSA,M,3,03,16,26,27,28,29,31,32,,,,,1.3,0.6,1.2,1*23
$GPGSA,M,3,03,16,26,27,28,29,31,32,,,,,1.3,0.6,1.2,1*23
$GPGSA,M,3,03,16,26,27,28,29,31,32,,,,,1.3,0.6,1.2,1*23
$GPGSA,M,3,03,16,26,27,28,29,31,32,,,,,1.3,0.6,1.2,1*23
$GPGSA,M,3,03,16,26,27,28,29,31,32,,,,,1.3,0.6,1.2,1*23
$GPGSA,M,3,03,16,26,27,28,29,31,32,,,,,1.3,0.6,1.2,1*23
$GPGSA,M,3,03,16,26,27,28,29,31,32,,,,,1.3,0.6,1.2,1*23
$GPGSA,M,3,03,16,26,27,28,29,31,32,,,,,1.3,0.6,1.2,1*23
$GPGSA,M,3,03,16,26,27,28,29,31,32,,,,,1.3,0.6,1.2,1*23
$GPGSA,M,3,03,16,26,27,28,29,31,32,,,,,1.3,0.6,1.1,1*20
$GPGSA,M,3,03,16,26,27,28,29,31,32,,,,,1.3,0.6,1.1,1*20
$GPGSA,M,3,03,16,26,27,28,29,31,32,,,,,1.3,0.6,1.1,1*20
$GPGSA,M,3,03,16,26,27,28,29,31,32,,,,,1.3,0.6,1.1,1*20
$GPGSA,M,3,03,16,26,27,28,29,31,32,,,,,1.3,0.6,1.1,1*20
$GPGSA,M,3,03,16,26,27,28,29,31,32,,,,,1.3,0.6,1.1,1*20
$GPGSA,M,3,03,16,26,27,28,29,31,32,,,,,1.3,0.6,1.1,1*20
$GPGSA,M,3,03,16,26,27,28,29,31,32,,,,,1.3,0.6,1.1,1*20
$GPGSA,M,3,03,16,26,27,28,29,31,32,,,,,1.3,0.6,1.1,1*20
$GPGSA,M,3,03,16,26,27,28,29,31,32,,,,,1.3,0.6,1.1,1*20
$GPGSA,M,3,03,16,26,27,28,29,31,32,,,,,1.3,0.6,1.1,1*20
$GPGSA,M,3,03,16,26,27,28,29,31,32,,,,,1.3,0.6,1.1,1*20
$GPGSA,M,3,03,16,26,27,28,29,31,32,,,,,1.3,0.6,1.1,1*20
$GPGSA,M,3,03,16,26,27,28,29,31,32,,,,,1.3,0.6,1.1,1*20
$GPGSA,M,3,03,16,26,27,28,29,32,,,,,,1.3,0.6,1.1,1*22
$GPGSA,M,3,03,16,26,27,28,29,32,,,,,,1.3,0.6,1.1,1*22
$GPGSA,M,3,03,16,26,27,28,29,31,32,,,,,1.3,0.6,1.1,1*20
$GPGSA,M,3,03,16,26,27,28,29,31,32,,,,,1.3,0.6,1.1,1*20
$GPGSA,M,3,03,16,26,27,28,29,31,32,,,,,1.3,0.6,1.1,1*20
$GPGSA,M,3,03,16,26,27,28,29,31,32,,,,,1.3,0.6,1.1,1*20
$GPGSA,M,3,03,16,26,27,28,29,31,32,,,,,1.3,0.6,1.1,1*20
$GPGSA,M,3,03,16,26,27,28,29,31,32,,,,,1.3,0.6,1.1,1*20
$GPGSA,M,3,03,16,26,27,28,29,31,32,,,,,1.3,0.6,1.1,1*20
$GPGSA,M,3,03,16,26,27,28,29,31,32,,,,,1.3,0.6,1.1,1*20
$GPGSA,M,3,03,16,26,27,28,29,31,32,,,,,1.3,0.6,1.1,1*20
$GPGSA,M,3,03,16,26,27,28,29,31,32,,,,,1.3,0.6,1.1,1*20
$GPGSA,M,3,03,16,26,27,28,29,31,32,,,,,1.3,0.6,1.1,1*20
$GPGSA,M,3,03,16,26,27,28,29,31,32,,,,,1.3,0.6,1.1,1*20
$GPGSA,M,3,03,16,26,27,28,29,31,32,,,,,1.3,0.6,1.1,1*20
$GPGSA,M,3,03,16,26,27,28,29,31,32,,,,,1.3,0.6,1.1,1*20
$GPGSA,M,3,03,16,26,27,28,29,31,32,,,,,1.3,0.6,1.1,1*20
$GPGSA,M,3,03,16,26,27,28,29,32,,,,,,1.3,0.6,1.1,1*22
$GPGSA,M,3,03,16,26,27,28,29,32,,,,,,1.3,0.6,1.1,1*22
$GPGSA,M,3,03,16,26,27,28,29,32,,,,,,1.3,0.6,1.1,1*22
$GPGSA,M,3,03,16,26,27,28,29,32,,,,,,1.3,0.6,1.1,1*22
$GPGSA,M,3,03,16,26,27,28,29,31,32,,,,,1.3,0.6,1.1,1*20
$GPGSA,M,3,03,16,26,27,28,29,31,32,,,,,1.3,0.6,1.1,1*20
$GPGSA,M,3,03,16,26,27,28,29,31,32,,,,,1.3,0.6,1.1,1*20
$GPGSA,M,3,03,16,26,27,28,29,31,32,,,,,1.3,0.6,1.1,1*20
$GPGSA,M,3,03,16,26,27,28,29,31,32,,,,,1.3,0.6,1.1,1*20
$GPGSA,M,3,03,16,26,27,28,29,31,32,,,,,1.3,0.6,1.1,1*20
$GPGSA,M,3,03,16,26,27,28,29,31,32,,,,,1.3,0.6,1.1,1*20
$GPGSA,M,3,03,16,26,27,28,29,31,32,,,,,1.3,0.6,1.1,1*20
$GPGSA,M,3,03,16,26,27,28,29,31,32,,,,,1.3,0.6,1.1,1*20
$GPGSA,M,3,03,16,26,27,28,29,31,32,,,,,1.3,0.6,1.1,1*20
$GPGSA,M,3,03,16,26,27,28,29,31,32,,,,,1.3,0.6,1.1,1*20
$GPGSA,M,3,03,16,26,27,28,29,31,32,,,,,1.3,0.6,1.1,1*20
$GPGSA,M,3,03,16,26,27,28,29,32,,,,,,1.3,0.6,1.1,1*22
$GPGSA,M,3,03,16,26,27,28,29,32,,,,,,1.3,0.6,1.1,1*22
$GPGSA,M,3,03,16,26,27,28,29,32,,,,,,1.3,0.6,1.1,1*22
$GPGSA,M,3,03,16,26,27,28,29,32,,,,,,1.3,0.7,1.2,1*20
$GPGSA,M,3,03,16,26,27,28,29,31,32,,,,,1.3,0.7,1.2,1*22
$GPGSA,M,3,03,16,26,27,28,29,31,32,,,,,1.3,0.7,1.2,1*22
$GPGSA,M,3,03,16,26,27,28,29,31,32,,,,,1.3,0.7,1.2,1*22
$GPGSA,M,3,03,16,26,27,28,29,32,,,,,,1.3,0.7,1.2,1*20
$GPGSA,M,3,03,16,26,27,28,29,32,,,,,,1.4,0.7,1.2,1*27
$GPGSA,M,3,03,16,26,27,28,29,32,,,,,,1.4,0.7,1.2,1*27
$GPGSA,M,3,03,16,26,27,28,29,32,,,,,,1.4,0.7,1.2,1*27
$GPGSA,M,3,03,16,26,27,28,29,32,,,,,,1.4,0.7,1.2,1*27
$GPGSA,M,3,03,16,26,27,28,29,32,,,,,,1.4,0.7,1.2,1*27
$GPGSA,M,3,03,16,26,27,28,29,32,,,,,,1.4,0.6,1.2,1*26
$GPGSA,M,3,03,16,26,27,28,29,32,,,,,,1.4,0.6,1.2,1*26
$GPGSA,M,3,03,16,26,27,28,29,32,,,,,,1.4,0.6,1.2,1*26
$GPGSA,M,3,03,16,26,27,28,29,32,,,,,,1.4,0.6,1.2,1*26
$GPGSA,M,3,03,16,26,27,28,29,32,,,,,,1.4,0.6,1.2,1*26
$GPGSA,M,3,03,16,26,27,28,29,32,,,,,,1.3,0.6,1.1,1*22
$GPGSA,M,3,03,16,26,27,28,29,32,,,,,,1.3,0.6,1.1,1*22
$GPGSA,M,3,03,16,26,27,28,29,31,32,,,,,1.3,0.6,1.1,1*20
$GPGSA,M,3,03,16,26,27,28,29,31,32,,,,,1.3,0.6,1.1,1*20
$GPGSA,M,3,03,16,26,27,28,29,31,32,,,,,1.3,0.6,1.1,1*20
$GPGSA,M,3,03,16,26,27,28,29,31,32,,,,,1.3,0.7,1.2,1*22
$GPGSA,M,3,03,16,26,27,28,29,31,32,,,,,1.3,0.7,1.2,1*22
$GPGSA,M,3,03,16,26,27,28,29,31,32,,,,,1.3,0.7,1.2,1*22
$GPGSA,M,3,03,16,26,27,28,29,31,32,,,,,1.3,0.7,1.2,1*22
$GPGSA,M,3,03,16,26,27,28,29,31,32,,,,,1.3,0.7,1.2,1*22
$GPGSA,M,3,03,16,26,27,28,29,31,32,,,,,1.3,0.6,1.1,1*20
$GPGSA,M,3,03,16,26,27,28,29,31,32,,,,,1.3,0.6,1.1,1*20
$GPGSA,M,3,03,16,26,27,28,29,31,32,,,,,1.3,0.6,1.1,1*20
$GPGSA,M,3,03,16,26,27,28,29,31,32,,,,,1.3,0.6,1.1,1*20
$GPGSA,M,3,03,16,26,27,28,29,31,32,,,,,1.3,0.6,1.1,1*20
$GPGSA,M,3,03,16,26,27,28,29,31,32,,,,,1.3,0.6,1.1,1*20
$GPGSA,M,3,03,16,26,27,28,29,31,32,,,,,1.3,0.6,1.1,1*20
$GPGSA,M,3,03,16,26,27,28,29,31,32,,,,,1.3,0.6,1.1,1*20
$GPGSA,M,3,03,16,26,27,28,29,31,32,,,,,1.3,0.6,1.1,1*20
$GPGSA,M,3,03,16,26,27,28,29,31,32,,,,,1.3,0.6,1.1,1*20
$GPGSA,M,3,03,16,26,27,28,29,31,32,,,,,1.3,0.6,1.2,1*23
$GPGSA,M,3,03,16,26,27,28,29,31,32,,,,,1.3,0.6,1.2,1*23
$GPGSA,M,3,03,16,26,27,28,29,31,32,,,,,1.3,0.6,1.2,1*23
$GPGSA,M,3,03,16,26,27,28,29,31,32,,,,,1.3,0.6,1.2,1*23
$GPGSA,M,3,03,16,26,27,28,29,32,,,,,,1.3,0.6,1.2,1*21
$GPGSA,M,3,03,16,26,27,28,29,32,,,,,,1.3,0.6,1.1,1*22
$GPGSA,M,3,03,16,26,27,28,29,32,,,,,,1.3,0.6,1.1,1*22
$GPGSA,M,3,03,16,26,27,28,29,32,,,,,,1.3,0.6,1.1,1*22
$GPGSA,M,3,03,16,26,27,28,29,32,,,,,,1.3,0.6,1.1,1*22
$GPGSA,M,3,03,16,26,27,28,29,31,32,,,,,1.3,0.6,1.1,1*20
$GPGSA,M,3,03,16,26,27,28,29,32,,,,,,1.3,0.6,1.1,1*22
$GPGSA,M,3,03,16,26,27,28,29,32,,,,,,1.3,0.6,1.1,1*22
$GPGSA,M,3,03,16,26,27,28,29,31,32,,,,,1.3,0.6,1.1,1*20
$GPGSA,M,3,03,16,26,27,28,29,31,32,,,,,1.3,0.6,1.1,1*20
$GPGSA,M,3,03,16,26,27,28,29,31,32,,,,,1.3,0.6,1.1,1*20
$GPGSA,M,3,03,16,26,27,28,29,31,32,,,,,1.3,0.6,1.1,1*20
$GPGSA,M,3,03,16,26,27,28,29,31,32,,,,,1.3,0.6,1.1,1*20
$GPGSA,M,3,03,16,26,27,28,29,31,32,,,,,1.3,0.6,1.1,1*20
$GPGSA,M,3,03,16,26,27,28,29,31,32,,,,,1.3,0.6,1.1,1*20
$GPGSA,M,3,03,16,26,27,28,29,31,32,,,,,1.3,0.6,1.1,1*20
$GPGSA,M,3,03,16,26,27,28,29,31,32,,,,,1.3,0.6,1.1,1*20
$GPGSA,M,3,03,16,26,27,28,29,31,32,,,,,1.3,0.6,1.1,1*20
$GPGSA,M,3,03,16,26,27,28,29,31,32,,,,,1.3,0.6,1.1,1*20
$GPGSA,M,3,03,16,26,27,28,29,31,32,,,,,1.3,0.6,1.1,1*20
$GPGSA,M,3,03,16,26,27,28,29,31,32,,,,,1.3,0.6,1.1,1*20
$GPGSA,M,3,03,16,26,27,28,29,31,32,,,,,1.3,0.7,1.2,1*22
$GPGSA,M,3,03,16,26,27,28,29,31,32,,,,,1.3,0.7,1.2,1*22
$GPGSA,M,3,03,16,26,27,28,29,31,32,,,,,1.3,0.7,1.2,1*22
$GPGSA,M,3,03,16,26,27,28,29,31,32,,,,,1.3,0.7,1.2,1*22
$GPGSA,M,3,03,16,26,27,28,29,31,32,,,,,1.3,0.7,1.2,1*22
$GPGSA,M,3,03,16,26,27,28,29,31,32,,,,,1.3,0.7,1.2,1*22
$GPGSA,M,3,03,16,26,27,28,29,31,32,,,,,1.3,0.7,1.2,1*22
$GPGSA,M,3,03,16,26,27,28,29,31,32,,,,,1.3,0.7,1.2,1*22
$GPGSA,M,3,03,16,26,27,28,29,31,32,,,,,1.3,0.7,1.2,1*22
$GPGSA,M,3,03,16,26,27,28,29,31,32,,,,,1.3,0.7,1.2,1*22
$GPGSA,M,3,03,16,26,27,28,29,31,32,,,,,1.3,0.7,1.1,1*21
$GPGSA,M,3,03,16,26,27,28,29,31,32,,,,,1.3,0.7,1.1,1*21
$GPGSA,M,3,03,16,26,27,28,29,31,32,,,,,1.3,0.7,1.1,1*21
$GPGSA,M,3,03,16,26,27,28,29,31,32,,,,,1.3,0.7,1.1,1*21
$GPGSA,M,3,03,16,26,27,28,29,31,32,,,,,1.3,0.7,1.1,1*21
$GPGSA,M,3,03,16,26,27,28,29,31,32,,,,,1.3,0.7,1.1,1*21
$GPGSA,M,3,03,16,26,27,28,29,31,32,,,,,1.3,0.7,1.1,1*21
$GPGSA,M,3,03,16,26,27,28,29,31,32,,,,,1.3,0.7,1.1,1*21
$GPGSA,M,3,03,16,26,27,28,29,31,32,,,,,1.3,0.7,1.1,1*21
$GPGSA,M,3,03,16,26,27,28,29,31,32,,,,,1.3,0.7,1.1,1*21
$GPGSA,M,3,03,16,26,27,28,29,31,32,,,,,1.3,0.7,1.1,1*21
$GPGSA,M,3,03,16,26,27,28,29,31,32,,,,,1.3,0.7,1.1,1*21
$GPGSA,M,3,03,16,26,27,28,29,31,32,,,,,1.3,0.7,1.1,1*21
$GPGSA,M,3,03,16,26,27,28,29,31,32,,,,,1.3,0.7,1.1,1*21
$GPGSA,M,3,03,16,26,27,28,29,31,32,,,,,1.3,0.7,1.1,1*21
$GPGSA,M,3,03,16,26,27,28,29,31,32,,,,,1.3,0.7,1.2,1*22
$GPGSA,M,3,03,16,26,27,28,29,31,32,,,,,1.3,0.7,1.2,1*22
$GPGSA,M,3,03,16,26,27,28,29,31,32,,,,,1.3,0.7,1.2,1*22
$GPGSA,M,3,03,16,26,27,28,29,31,32,,,,,1.3,0.7,1.2,1*22
$GPGSA,M,3,03,16,26,27,28,29,31,32,,,,,1.3,0.7,1.2,1*22
$GPGSA,M,3,03,16,26,27,28,29,31,32,,,,,1.3,0.7,1.2,1*22
$GPGSA,M,3,03,16,26,27,28,29,31,32,,,,,1.3,0.7,1.2,1*22
$GPGSA,M,3,03,16,26,27,28,29,31,32,,,,,1.3,0.7,1.2,1*22
$GPGSA,M,3,03,16,26,27,28,29,31,32,,,,,1.3,0.7,1.2,1*22
$GPGSA,M,3,03,16,26,27,28,29,31,32,,,,,1.3,0.7,1.2,1*22
$GPGSA,M,3,03,16,26,27,28,29,31,32,,,,,1.3,0.7,1.2,1*22
$GPGSA,M,3,03,16,26,27,28,29,31,32,,,,,1.3,0.7,1.2,1*22
$GPGSA,M,3,03,16,26,27,28,29,31,32,,,,,1.3,0.7,1.2,1*22
$GPGSA,M,3,03,16,26,27,28,29,31,32,,,,,1.3,0.7,1.2,1*22
$GPGSA,M,3,03,16,26,27,28,29,31,32,,,,,1.3,0.7,1.2,1*22
$GPGSA,M,3,03,16,26,27,28,29,31,32,,,,,1.4,0.7,1.2,1*25
$GPGSA,M,3,03,16,26,27,28,29,31,32,,,,,1.4,0.7,1.2,1*25
$GPGSA,M,3,03,16,26,27,28,29,31,32,,,,,1.4,0.7,1.2,1*25
$GPGSA,M,3,03,16,26,27,28,29,31,32,,,,,1.4,0.7,1.2,1*25
$GPGSA,M,3,03,16,26,27,28,29,31,32,,,,,1.4,0.7,1.2,1*25
$GPGSA,M,3,03,16,26,27,28,29,31,32,,,,,1.3,0.7,1.1,1*21
$GPGSA,M,3,03,16,26,27,28,29,31,32,,,,,1.3,0.7,1.1,1*21
$GPGSA,M,3,03,16,26,27,28,29,31,32,,,,,1.3,0.7,1.1,1*21
$GPGSA,M,3,03,16,26,27,28,29,31,32,,,,,1.3,0.7,1.1,1*21
$GPGSA,M,3,03,16,26,27,28,29,31,32,,,,,1.3,0.7,1.1,1*21
$GPGSA,M,3,03,16,26,27,28,29,31,32,,,,,1.3,0.7,1.1,1*21
$GPGSA,M,3,03,16,26,27,28,29,31,32,,,,,1.3,0.7,1.1,1*21
$GPGSA,M,3,03,16,26,27,28,29,31,32,,,,,1.3,0.7,1.1,1*21
$GPGSA,M,3,03,16,26,27,28,29,31,32,,,,,1.3,0.7,1.1,1*21
$GPGSA,M,3,03,16,26,27,28,29,31,32,,,,,1.3,0.7,1.1,1*21
$GPGSA,M,3,03,16,26,27,28,29,31,32,,,,,1.3,0.6,1.1,1*20
$GPGSA,M,3,03,16,26,27,28,29,31,32,,,,,1.3,0.6,1.1,1*20
$GPGSA,M,3,03,16,26,27,28,29,31,32,,,,,1.3,0.6,1.1,1*20
$GPGSA,M,3,03,16,26,27,28,29,31,32,,,,,1.3,0.6,1.1,1*20
$GPGSA,M,3,03,16,26,27,28,29,31,32,,,,,1.3,0.6,1.1,1*20
$GPGSA,M,3,03,16,26,27,28,29,31,32,,,,,1.3,0.7,1.1,1*21
$GPGSA,M,3,03,16,26,27,28,29,31,32,,,,,1.3,0.7,1.1,1*21
$GPGSA,M,3,03,16,26,27,28,29,31,32,,,,,1.3,0.7,1.1,1*21
$GPGSA,M,3,03,16,26,27,28,29,31,32,,,,,1.3,0.7,1.1,1*21
$GPGSA,M,3,03,16,26,27,28,29,31,32,,,,,1.3,0.7,1.1,1*21
$GPGSA,M,3,03,16,26,27,28,29,31,32,,,,,1.4,0.7,1.2,1*25
$GPGSA,M,3,03,16,26,27,28,29,31,32,,,,,1.4,0.7,1.2,1*25
$GPGSA,M,3,03,16,26,27,28,29,31,32,,,,,1.4,0.7,1.2,1*25
$GPGSA,M,3,03,16,26,27,28,29,31,32,,,,,1.4,0.7,1.2,1*25
$GPGSA,M,3,03,16,26,27,28,29,31,32,,,,,1.4,0.7,1.2,1*25
$GPGSA,M,3,03,16,26,27,28,29,31,32,,,,,1.4,0.7,1.2,1*25
$GPGSA,M,3,03,16,26,27,28,29,31,32,,,,,1.4,0.7,1.2,1*25
$GPGSA,M,3,03,16,26,27,28,29,31,32,,,,,1.4,0.7,1.2,1*25
$GPGSA,M,3,03,16,26,27,28,29,31,32,,,,,1.4,0.7,1.2,1*25
$GPGSA,M,3,03,16,26,27,28,29,31,32,,,,,1.4,0.7,1.2,1*25
$GPGSA,M,3,03,16,26,27,28,29,31,32,,,,,1.4,0.7,1.2,1*25
$GPGSA,M,3,03,16,26,27,28,29,31,32,,,,,1.4,0.7,1.2,1*25
$GPGSA,M,3,03,16,26,27,28,29,31,32,,,,,1.4,0.7,1.2,1*25
$GPGSA,M,3,03,16,26,27,28,29,31,32,,,,,1.4,0.7,1.2,1*25
$GPGSA,M,3,03,16,26,27,28,29,31,32,,,,,1.4,0.7,1.2,1*25
$GPGSA,M,3,03,16,26,27,28,29,31,32,,,,,1.4,0.7,1.2,1*25
$GPGSA,M,3,03,16,26,27,28,29,31,32,,,,,1.4,0.7,1.2,1*25
$GPGSA,M,3,03,16,26,27,28,29,31,32,,,,,1.4,0.7,1.2,1*25
$GPGSA,M,3,03,16,26,27,28,29,31,32,,,,,1.4,0.7,1.2,1*25
$GPGSA,M,3,03,16,26,27,28,29,31,32,,,,,1.4,0.7,1.2,1*25
$GPGSA,M,3,03,16,26,27,28,29,31,32,,,,,1.4,0.7,1.2,1*25
$GPGSA,M,3,03,16,26,27,28,29,31,32,,,,,1.4,0.7,1.2,1*25
$GPGSA,M,3,03,16,26,27,28,29,31,32,,,,,1.4,0.7,1.2,1*25
$GPGSA,M,3,03,16,26,27,28,29,31,32,,,,,1.4,0.7,1.2,1*25
$GPGSA,M,3,03,16,26,27,28,29,31,32,,,,,1.4,0.7,1.2,1*25
$GPGSA,M,3,03,16,26,27,28,29,31,32,,,,,1.3,0.7,1.1,1*21
$GPGSA,M,3,03,16,26,27,28,29,31,32,,,,,1.3,0.7,1.1,1*21
$GPGSA,M,3,03,16,26,27,28,29,31,32,,,,,1.3,0.7,1.1,1*21
$GPGSA,M,3,03,16,26,27,28,29,31,32,,,,,1.3,0.7,1.1,1*21
$GPGSA,M,3,03,16,26,27,28,29,31,32,,,,,1.3,0.7,1.1,1*21
$GPGSA,M,3,03,16,26,27,28,29,31,32,,,,,1.5,0.7,1.3,1*25
$GPGSA,M,3,03,16,26,27,28,29,31,32,,,,,1.5,0.7,1.3,1*25
$GPGSA,M,3,03,16,26,27,28,29,31,32,,,,,1.5,0.7,1.3,1*25
$GPGSA,M,3,03,16,26,27,28,29,31,32,,,,,1.5,0.7,1.3,1*25
$GPGSA,M,3,03,16,26,27,28,29,31,32,,,,,1.5,0.7,1.3,1*25
$GPGSA,M,3,03,16,26,27,28,29,31,32,,,,,1.4,0.7,1.2,1*25
$GPGSA,M,3,03,16,26,27,28,29,31,32,,,,,1.4,0.7,1.2,1*25
$GPGSA,M,3,03,16,26,27,28,29,31,32,,,,,1.4,0.7,1.2,1*25
$GPGSA,M,3,03,16,26,27,28,29,31,32,,,,,1.4,0.7,1.2,1*25
$GPGSA,M,3,03,16,26,27,28,29,31,32,,,,,1.4,0.7,1.2,1*25
$GPGSA,M,3,03,16,26,27,28,29,31,32,,,,,1.3,0.7,1.1,1*21
$GPGSA,M,3,03,16,26,27,28,29,31,32,,,,,1.3,0.7,1.1,1*21
$GPGSA,M,3,03,16,26,27,28,29,31,32,,,,,1.3,0.7,1.1,1*21
$GPGSA,M,3,03,16,26,27,28,29,31,32,,,,,1.3,0.7,1.1,1*21
$GPGSA,M,3,03,16,26,27,28,29,31,32,,,,,1.3,0.7,1.1,1*21
$GPGSA,M,3,03,16,26,27,28,29,31,32,,,,,1.3,0.7,1.1,1*21
$GPGSA,M,3,03,16,26,27,28,29,31,32,,,,,1.3,0.7,1.1,1*21
$GPGSA,M,3,03,16,26,27,28,29,31,32,,,,,1.3,0.7,1.1,1*21
$GPGSA,M,3,03,16,26,27,28,29,31,32,,,,,1.3,0.7,1.1,1*21
$GPGSA,M,3,03,16,26,27,28,29,31,32,,,,,1.3,0.7,1.1,1*21
$GPGSA,M,3,03,16,26,27,28,29,31,32,,,,,1.5,0.7,1.3,1*25
$GPGSA,M,3,03,16,26,27,28,29,31,32,,,,,1.5,0.7,1.3,1*25
$GPGSA,M,3,03,16,26,27,28,29,31,32,,,,,1.5,0.7,1.3,1*25
$GPGSA,M,3,03,16,26,27,28,29,31,32,,,,,1.5,0.7,1.3,1*25
$GPGSA,M,3,03,16,26,27,28,29,31,32,,,,,1.5,0.7,1.3,1*25
$GPGSA,M,3,03,16,26,27,28,29,31,32,,,,,1.3,0.7,1.2,1*22
$GPGSA,M,3,03,16,26,27,28,29,31,32,,,,,1.3,0.7,1.2,1*22
$GPGSA,M,3,03,16,26,27,28,29,31,32,,,,,1.3,0.7,1.2,1*22
$GPGSA,M,3,03,16,26,27,28,29,31,32,,,,,1.3,0.7,1.2,1*22
$GPGSA,M,3,03,16,26,27,28,29,31,32,,,,,1.3,0.7,1.2,1*22
$GPGSA,M,3,03,16,26,27,28,29,31,32,,,,,1.3,0.7,1.2,1*22
$GPGSA,M,3,03,16,26,27,28,29,31,32,,,,,1.3,0.7,1.2,1*22
$GPGSA,M,3,03,16,26,27,28,29,31,32,,,,,1.3,0.7,1.2,1*22
$GPGSA,M,3,03,16,26,27,28,29,31,32,,,,,1.3,0.7,1.2,1*22
$GPGSA,M,3,03,16,26,27,28,29,31,32,,,,,1.3,0.7,1.2,1*22
$GPGSA,M,3,03,16,26,27,28,29,31,32,,,,,1.3,0.7,1.1,1*21
$GPGSA,M,3,03,16,26,27,28,29,31,32,,,,,1.3,0.7,1.1,1*21
$GPGSA,M,3,03,16,26,27,28,29,31,32,,,,,1.3,0.7,1.1,1*21
$GPGSA,M,3,03,16,26,27,28,29,31,32,,,,,1.3,0.7,1.1,1*21
$GPGSA,M,3,03,16,26,27,28,29,31,32,,,,,1.3,0.7,1.1,1*21
$GPGSA,M,3,03,16,26,27,28,29,31,32,,,,,1.3,0.7,1.2,1*22
$GPGSA,M,3,03,16,26,27,28,29,31,32,,,,,1.3,0.7,1.2,1*22
$GPGSA,M,3,03,16,26,27,28,29,31,32,,,,,1.3,0.7,1.2,1*22
$GPGSA,M,3,03,16,26,27,28,29,31,32,,,,,1.3,0.7,1.2,1*22
$GPGSA,M,3,03,16,26,27,28,29,31,32,,,,,1.3,0.7,1.2,1*22
$GPGSA,M,3,03,16,26,27,28,29,31,32,,,,,1.3,0.7,1.2,1*22
$GPGSA,M,3,03,16,26,27,28,29,31,32,,,,,1.3,0.7,1.2,1*22
$GPGSA,M,3,03,16,26,27,28,29,31,32,,,,,1.3,0.7,1.2,1*22
$GPGSA,M,3,03,16,26,27,28,29,31,32,,,,,1.3,0.7,1.2,1*22
$GPGSA,M,3,03,16,26,27,28,29,31,32,,,,,1.3,0.7,1.2,1*22
$GPGSA,M,3,03,16,26,27,28,29,31,32,,,,,1.5,0.7,1.3,1*25
$GPGSA,M,3,03,16,26,27,28,29,31,32,,,,,1.5,0.7,1.3,1*25
$GPGSA,M,3,03,16,26,27,28,29,31,32,,,,,1.5,0.7,1.3,1*25
$GPGSA,M,3,03,16,26,27,28,29,31,32,,,,,1.5,0.7,1.3,1*25
$GPGSA,M,3,03,16,26,27,28,29,31,32,,,,,1.5,0.7,1.3,1*25
$GPGSA,M,3,03,16,26,27,28,29,31,32,,,,,1.4,0.7,1.2,1*25
$GPGSA,M,3,03,16,26,27,28,29,31,32,,,,,1.4,0.7,1.2,1*25
$GPGSA,M,3,03,16,26,27,28,29,31,32,,,,,1.4,0.7,1.2,1*25
$GPGSA,M,3,03,16,26,27,28,29,31,32,,,,,1.4,0.7,1.2,1*25
$GPGSA,M,3,03,16,26,27,28,29,31,32,,,,,1.4,0.7,1.2,1*25
$GPGSA,M,3,03,16,26,27,28,29,31,32,,,,,1.4,0.7,1.2,1*25
$GPGSA,M,3,03,16,26,27,28,29,31,32,,,,,1.4,0.7,1.2,1*25
$GPGSA,M,3,03,16,26,27,28,29,31,32,,,,,1.4,0.7,1.2,1*25
$GPGSA,M,3,03,16,26,27,28,29,31,32,,,,,1.4,0.7,1.2,1*25
$GPGSA,M,3,03,16,26,27,28,31,32,,,,,,1.4,0.7,1.2,1*2E
$GPGSA,M,3,03,16,26,27,28,31,32,,,,,,1.3,0.7,1.1,1*2A
$GPGSA,M,3,03,16,26,27,28,31,32,,,,,,1.3,0.7,1.1,1*2A
$GPGSA,M,3,03,16,26,27,28,31,32,,,,,,1.3,0.7,1.1,1*2A
$GPGSA,M,3,03,16,26,27,28,31,32,,,,,,1.3,0.7,1.1,1*2A
$GPGSA,M,3,03,16,26,27,28,31,32,,,,,,1.3,0.7,1.1,1*2A
$GPGSA,M,3,03,16,26,27,28,31,32,,,,,,1.3,0.7,1.1,1*2A
$GPGSA,M,3,03,16,26,27,28,31,32,,,,,,1.3,0.7,1.1,1*2A
$GPGSA,M,3,03,16,26,27,28,31,32,,,,,,1.3,0.7,1.1,1*2A
$GPGSA,M,3,03,16,26,27,28,29,31,32,,,,,1.3,0.7,1.1,1*21
$GPGSA,M,3,03,16,26,27,28,29,31,32,,,,,1.3,0.7,1.1,1*21
$GPGSA,M,3,03,16,26,27,28,29,31,32,,,,,1.4,0.7,1.2,1*25
$GPGSA,M,3,03,16,26,27,28,29,31,32,,,,,1.4,0.7,1.2,1*25
$GPGSA,M,3,03,16,26,27,28,29,31,32,,,,,1.4,0.7,1.2,1*25
$GPGSA,M,3,03,16,26,27,28,29,31,32,,,,,1.4,0.7,1.2,1*25
$GPGSA,M,3,03,16,26,27,28,29,31,32,,,,,1.4,0.7,1.2,1*25
$GPGSA,M,3,03,16,26,27,28,29,31,32,,,,,1.4,0.7,1.2,1*25
$GPGSA,M,3,03,16,26,27,28,29,31,32,,,,,1.4,0.7,1.2,1*25
$GPGSA,M,3,03,16,26,27,28,29,31,32,,,,,1.4,0.7,1.2,1*25
$GPGSA,M,3,03,16,26,27,28,29,31,32,,,,,1.4,0.7,1.2,1*25
$GPGSA,M,3,03,16,26,27,28,29,31,32,,,,,1.4,0.7,1.2,1*25
$GPGSA,M,3,03,16,26,27,28,29,31,32,,,,,1.4,0.7,1.2,1*25
$GPGSA,M,3,03,16,26,27,28,29,31,32,,,,,1.4,0.7,1.2,1*25
$GPGSA,M,3,03,16,26,27,28,29,31,32,,,,,1.4,0.7,1.2,1*25
$GPGSA,M,3,03,16,26,27,28,29,31,32,,,,,1.4,0.7,1.2,1*25
$GPGSA,M,3,03,16,26,27,28,29,31,32,,,,,1.4,0.7,1.2,1*25
$GPGSA,M,3,03,16,26,27,28,29,31,32,,,,,1.3,0.7,1.1,1*21
$GPGSA,M,3,03,16,26,27,28,29,31,32,,,,,1.3,0.7,1.1,1*21
$GPGSA,M,3,03,16,26,27,28,29,31,32,,,,,1.3,0.7,1.1,1*21
$GPGSA,M,3,03,16,26,27,28,29,31,32,,,,,1.3,0.7,1.1,1*21
$GPGSA,M,3,03,16,26,27,28,29,31,32,,,,,1.3,0.7,1.1,1*21
$GPGSA,M,3,03,16,26,27,28,29,31,32,,,,,1.3,0.7,1.1,1*21
$GPGSA,M,3,03,16,26,27,28,29,31,32,,,,,1.3,0.7,1.1,1*21
$GPGSA,M,3,03,16,26,27,28,29,31,32,,,,,1.3,0.7,1.1,1*21
$GPGSA,M,3,03,16,26,27,28,29,31,32,,,,,1.3,0.7,1.1,1*21
$GPGSA,M,3,03,16,26,27,28,29,31,32,,,,,1.3,0.7,1.1,1*21
$GPGSA,M,3,03,16,26,27,28,29,31,32,,,,,1.3,0.7,1.1,1*21
$GPGSA,M,3,03,16,26,27,28,29,31,32,,,,,1.3,0.7,1.1,1*21
$GPGSA,M,3,03,16,26,27,28,29,31,32,,,,,1.3,0.7,1.1,1*21
$GPGSA,M,3,03,16,26,27,28,29,31,32,,,,,1.3,0.7,1.1,1*21
$GPGSA,M,3,03,16,26,27,28,29,31,32,,,,,1.3,0.7,1.1,1*21
$GPGSA,M,3,03,16,26,27,28,29,31,32,,,,,1.3,0.7,1.1,1*21
$GPGSA,M,3,03,16,26,27,28,29,31,32,,,,,1.3,0.7,1.1,1*21
$GPGSA,M,3,03,16,26,27,28,29,31,32,,,,,1.3,0.7,1.1,1*21
$GPGSA,M,3,03,16,26,27,28,29,31,32,,,,,1.3,0.7,1.1,1*21
$GPGSA,M,3,03,16,26,27,28,29,31,32,,,,,1.3,0.7,1.1,1*21
$GPGSA,M,3,03,16,26,27,28,29,31,32,,,,,1.4,0.7,1.2,1*25
$GPGSA,M,3,03,16,26,27,28,29,31,32,,,,,1.4,0.7,1.2,1*25
$GPGSA,M,3,03,16,26,27,28,29,31,32,,,,,1.4,0.7,1.2,1*25
$GPGSA,M,3,03,16,26,27,28,29,31,32,,,,,1.4,0.7,1.2,1*25
$GPGSA,M,3,03,16,26,27,28,29,31,32,,,,,1.4,0.7,1.2,1*25
$GPGSA,M,3,03,16,26,27,28,29,31,32,,,,,1.3,0.7,1.1,1*21
$GPGSA,M,3,03,16,26,27,28,29,31,32,,,,,1.3,0.7,1.1,1*21
$GPGSA,M,3,03,16,26,27,28,29,31,32,,,,,1.3,0.7,1.1,1*21
$GPGSA,M,3,03,16,26,27,28,29,31,32,,,,,1.3,0.7,1.1,1*21
$GPGSA,M,3,03,16,26,27,28,29,31,32,,,,,1.3,0.7,1.1,1*21
$GPGSA,M,3,03,16,26,27,28,29,31,32,,,,,1.3,0.7,1.1,1*21
$GPGSA,M,3,03,16,26,27,28,29,31,32,,,,,1.3,0.7,1.1,1*21
$GPGSA,M,3,03,16,26,27,28,29,31,32,,,,,1.3,0.7,1.1,1*21
$GPGSA,M,3,03,16,26,27,28,29,31,32,,,,,1.3,0.7,1.1,1*21
$GPGSA,M,3,03,16,26,27,28,29,31,32,,,,,1.3,0.7,1.1,1*21
$GPGSA,M,3,03,16,26,27,28,29,31,32,,,,,1.3,0.7,1.1,1*21
$GPGSA,M,3,03,16,26,27,28,29,31,32,,,,,1.3,0.7,1.1,1*21
$GPGSA,M,3,03,16,26,27,28,29,31,32,,,,,1.3,0.7,1.1,1*21
$GPGSA,M,3,03,16,26,27,28,29,31,32,,,,,1.3,0.7,1.1,1*21
$GPGSA,M,3,03,16,26,27,28,29,31,32,,,,,1.3,0.7,1.1,1*21
$GPGSA,M,3,03,16,26,27,28,29,31,32,,,,,1.3,0.7,1.1,1*21
$GPGSA,M,3,03,16,26,27,28,29,31,32,,,,,1.3,0.7,1.1,1*21
$GPGSA,M,3,03,16,26,27,28,29,31,32,,,,,1.3,0.7,1.1,1*21
$GPGSA,M,3,03,16,26,27,28,29,31,32,,,,,1.3,0.7,1.1,1*21
$GPGSA,M,3,03,16,26,27,28,29,31,32,,,,,1.3,0.7,1.1,1*21
$GPGSA,M,3,03,16,26,27,28,29,31,32,,,,,1.3,0.7,1.1,1*21
$GPGSA,M,3,03,16,26,27,28,29,31,32,,,,,1.3,0.7,1.1,1*21
$GPGSA,M,3,03,16,26,27,28,29,31,32,,,,,1.3,0.7,1.1,1*21
$GPGSA,M,3,03,16,26,27,28,29,31,32,,,,,1.3,0.7,1.1,1*21
$GPGSA,M,3,03,16,26,27,28,29,31,32,,,,,1.3,0.7,1.1,1*21
$GPGSA,M,3,03,16,26,27,28,29,31,32,,,,,1.3,0.7,1.1,1*21
$GPGSA,M,3,03,16,26,27,28,29,31,32,,,,,1.3,0.7,1.1,1*21
$GPGSA,M,3,03,16,26,27,28,29,31,32,,,,,1.3,0.7,1.1,1*21
$GPGSA,M,3,03,16,26,27,28,29,31,32,,,,,1.3,0.7,1.1,1*21
$GPGSA,M,3,03,16,26,27,28,29,31,32,,,,,1.3,0.7,1.1,1*21
$GPGSA,M,3,03,16,26,27,28,29,31,32,,,,,1.3,0.7,1.1,1*21
$GPGSA,M,3,03,16,26,27,28,29,31,32,,,,,1.3,0.7,1.1,1*21
$GPGSA,M,3,03,16,26,27,28,29,31,32,,,,,1.3,0.7,1.1,1*21
$GPGSA,M,3,03,16,26,27,28,29,31,32,,,,,1.3,0.7,1.1,1*21
$GPGSA,M,3,03,16,26,27,28,29,31,32,,,,,1.3,0.7,1.1,1*21
$GPGSA,M,3,03,16,26,27,28,29,31,32,,,,,1.3,0.7,1.1,1*21
$GPGSA,M,3,03,16,26,27,28,29,31,32,,,,,1.3,0.7,1.1,1*21
$GPGSA,M,3,03,16,26,27,28,29,31,32,,,,,1.3,0.7,1.1,1*21
$GPGSA,M,3,03,16,26,27,28,29,31,32,,,,,1.3,0.7,1.1,1*21
$GPGSA,M,3,03,16,26,27,28,29,31,32,,,,,1.3,0.7,1.1,1*21
$GPGSA,M,3,03,16,26,27,28,29,31,32,,,,,1.3,0.7,1.1,1*21
$GPGSA,M,3,03,16,26,27,28,29,31,32,,,,,1.3,0.7,1.1,1*21
$GPGSA,M,3,03,16,26,27,28,29,31,32,,,,,1.3,0.7,1.1,1*21
$GPGSA,M,3,03,16,26,27,28,29,31,32,,,,,1.3,0.7,1.1,1*21
$GPGSA,M,3,03,16,26,27,28,29,31,32,,,,,1.3,0.7,1.1,1*21
$GPGSA,M,3,03,16,26,27,28,29,31,32,,,,,1.3,0.7,1.1,1*21
$GPGSA,M,3,03,16,26,27,28,29,31,32,,,,,1.3,0.7,1.1,1*21
$GPGSA,M,3,03,16,26,27,28,29,31,32,,,,,1.3,0.7,1.1,1*21
$GPGSA,M,3,03,16,26,27,28,29,31,32,,,,,1.3,0.7,1.1,1*21
$GPGSA,M,3,03,16,26,27,28,29,31,32,,,,,1.3,0.7,1.1,1*21
$GPGSA,M,3,03,16,26,27,28,29,31,32,,,,,1.3,0.7,1.1,1*21
$GPGSA,M,3,03,16,26,27,28,29,31,32,,,,,1.3,0.7,1.1,1*21
$GPGSA,M,3,03,16,26,27,28,29,31,32,,,,,1.3,0.7,1.1,1*21
$GPGSA,M,3,03,16,26,27,28,29,31,32,,,,,1.3,0.7,1.1,1*21
$GPGSA,M,3,03,16,26,27,28,29,31,32,,,,,1.3,0.7,1.1,1*21
$GPGSA,M,3,03,16,26,27,28,29,31,32,,,,,1.3,0.7,1.1,1*21
$GPGSA,M,3,03,16,26,27,28,29,31,32,,,,,1.3,0.7,1.1,1*21
$GPGSA,M,3,03,16,26,27,28,29,31,32,,,,,1.3,0.7,1.1,1*21
$GPGSA,M,3,03,16,26,27,28,29,31,32,,,,,1.3,0.7,1.1,1*21
$GPGSA,M,3,03,16,26,27,28,29,31,32,,,,,1.3,0.7,1.1,1*21
$GPGSA,M,3,03,16,26,27,28,29,31,32,,,,,1.3,0.7,1.1,1*21
$GPGSA,M,3,03,16,26,27,28,29,31,32,,,,,1.3,0.7,1.1,1*21
$GPGSA,M,3,03,16,26,27,28,29,31,32,,,,,1.3,0.7,1.1,1*21
$GPGSA,M,3,03,16,26,27,28,29,31,32,,,,,1.3,0.7,1.1,1*21
$GPGSA,M,3,03,16,26,27,28,29,31,32,,,,,1.3,0.7,1.1,1*21
$GPGSA,M,3,03,16,26,27,28,29,31,32,,,,,1.3,0.7,1.1,1*21
$GPGSA,M,3,03,16,26,27,28,29,31,32,,,,,1.3,0.7,1.1,1*21
$GPGSA,M,3,03,16,26,27,28,29,31,32,,,,,1.3,0.7,1.1,1*21
$GPGSA,M,3,03,16,26,27,28,29,31,32,,,,,1.3,0.7,1.1,1*21
$GPGSA,M,3,03,16,26,27,28,29,31,32,,,,,1.3,0.7,1.1,1*21
$GPGSA,M,3,03,16,26,27,28,29,31,32,,,,,1.3,0.7,1.1,1*21
$GPGSA,M,3,03,16,26,27,28,29,31,32,,,,,1.3,0.7,1.1,1*21
$GPGSA,M,3,03,16,26,27,28,29,31,32,,,,,1.3,0.7,1.1,1*21
$GPGSA,M,3,03,16,26,27,28,29,31,32,,,,,1.3,0.7,1.1,1*21
$GPGSA,M,3,03,16,26,27,28,29,31,32,,,,,1.3,0.7,1.1,1*21
$GPGSA,M,3,03,16,26,27,28,29,31,32,,,,,1.3,0.7,1.1,1*21
$GPGSA,M,3,03,16,26,27,28,29,31,32,,,,,1.3,0.7,1.1,1*21
$GPGSA,M,3,03,16,26,27,28,29,31,32,,,,,1.3,0.7,1.1,1*21
$GPGSA,M,3,03,16,26,27,28,29,31,32,,,,,1.3,0.7,1.1,1*21
$GPGSA,M,3,03,16,26,27,28,29,31,32,,,,,1.3,0.7,1.1,1*21
$GPGSA,M,3,03,16,26,27,28,29,31,32,,,,,1.3,0.7,1.1,1*21
$GPGSA,M,3,03,16,26,27,28,29,31,32,,,,,1.3,0.7,1.1,1*21
$GPGSA,M,3,03,16,26,27,28,29,31,32,,,,,1.3,0.7,1.1,1*21
$GPGSA,M,3,03,16,26,27,28,29,31,32,,,,,1.3,0.7,1.1,1*21
$GPGSA,M,3,03,16,26,27,28,29,31,32,,,,,1.3,0.7,1.1,1*21
$GPGSA,M,3,03,16,26,27,28,29,31,32,,,,,1.3,0.7,1.1,1*21
$GPGSA,M,3,03,16,26,27,28,29,31,32,,,,,1.3,0.7,1.1,1*21
$GPGSA,M,3,03,16,26,27,28,29,31,32,,,,,1.3,0.7,1.1,1*21
$GPGSA,M,3,03,16,26,27,28,29,31,32,,,,,1.3,0.7,1.1,1*21
$GPGSA,M,3,03,16,26,27,28,29,31,32,,,,,1.3,0.7,1.1,1*21
$GPGSA,M,3,03,16,26,27,28,29,31,32,,,,,1.3,0.7,1.1,1*21
$GPGSA,M,3,03,16,26,27,28,29,31,32,,,,,1.3,0.7,1.1,1*21
$GPGSA,M,3,03,16,26,27,28,29,31,32,,,,,1.3,0.7,1.1,1*21
$GPGSA,M,3,03,16,26,27,28,29,31,32,,,,,1.3,0.7,1.1,1*21
$GPGSA,M,3,03,16,26,27,28,29,31,32,,,,,1.3,0.7,1.1,1*21
$GPGSA,M,3,03,16,26,27,28,29,31,32,,,,,1.3,0.7,1.2,1*22
$GPGSA,M,3,03,16,26,27,28,29,31,32,,,,,1.3,0.7,1.2,1*22
$GPGSA,M,3,03,16,26,27,28,29,31,32,,,,,1.3,0.7,1.2,1*22
$GPGSA,M,3,03,16,26,27,28,29,31,32,,,,,1.3,0.7,1.2,1*22
$GPGSA,M,3,03,16,26,27,28,29,31,32,,,,,1.3,0.7,1.2,1*22
$GPGSA,M,3,03,16,26,27,28,29,31,32,,,,,1.3,0.7,1.2,1*22
$GPGSA,M,3,03,16,26,27,28,29,31,32,,,,,1.3,0.7,1.2,1*22
$GPGSA,M,3,03,16,26,27,28,29,31,32,,,,,1.3,0.7,1.2,1*22
$GPGSA,M,3,03,16,26,27,28,29,31,32,,,,,1.3,0.7,1.2,1*22
$GPGSA,M,3,03,16,26,27,28,29,31,32,,,,,1.3,0.7,1.2,1*22
$GPGSA,M,3,03,16,26,27,28,29,31,32,,,,,1.3,0.7,1.1,1*21
$GPGSA,M,3,03,16,26,27,28,29,31,32,,,,,1.3,0.7,1.1,1*21
$GPGSA,M,3,03,16,26,27,28,29,31,32,,,,,1.3,0.7,1.1,1*21
$GPGSA,M,3,03,16,26,27,28,29,31,32,,,,,1.3,0.7,1.1,1*21
$GPGSA,M,3,03,16,26,27,28,29,31,32,,,,,1.3,0.7,1.1,1*21
$GPGSA,M,3,03,16,26,27,28,29,31,32,,,,,1.3,0.7,1.1,1*21
$GPGSA,M,3,03,16,26,27,28,29,31,32,,,,,1.3,0.7,1.1,1*21
$GPGSA,M,3,03,16,26,27,28,29,31,32,,,,,1.3,0.7,1.1,1*21
$GPGSA,M,3,03,16,26,27,28,29,31,32,,,,,1.3,0.7,1.1,1*21
$GPGSA,M,3,03,16,26,27,28,29,31,32,,,,,1.3,0.7,1.1,1*21
$GPGSA,M,3,03,16,26,27,28,29,31,32,,,,,1.3,0.7,1.1,1*21
$GPGSA,M,3,03,16,26,27,28,29,31,32,,,,,1.3,0.7,1.1,1*21
$GPGSA,M,3,03,16,26,27,28,29,31,32,,,,,1.3,0.7,1.1,1*21
$GPGSA,M,3,03,16,26,27,28,29,31,32,,,,,1.3,0.7,1.1,1*21
$GPGSA,M,3,03,16,26,27,28,29,31,32,,,,,1.3,0.7,1.1,1*21
$GPGSA,M,3,03,16,26,27,28,29,31,32,,,,,1.3,0.7,1.1,1*21
$GPGSA,M,3,03,16,26,27,28,29,31,32,,,,,1.3,0.7,1.1,1*21
$GPGSA,M,3,03,16,26,27,28,29,31,32,,,,,1.3,0.7,1.1,1*21
$GPGSA,M,3,03,16,26,27,28,29,31,32,,,,,1.3,0.7,1.1,1*21
$GPGSA,M,3,03,16,26,27,28,29,31,32,,,,,1.3,0.7,1.1,1*21
$GPGSA,M,3,03,16,26,27,28,29,31,32,,,,,1.3,0.7,1.1,1*21
$GPGSA,M,3,03,16,26,27,28,29,31,32,,,,,1.3,0.7,1.1,1*21
$GPGSA,M,3,03,16,26,27,28,29,31,32,,,,,1.3,0.7,1.1,1*21
$GPGSA,M,3,03,16,26,27,28,29,31,32,,,,,1.3,0.7,1.1,1*21
$GPGSA,M,3,03,16,26,27,28,29,31,32,,,,,1.3,0.7,1.1,1*21
$GPGSA,M,3,03,16,26,27,28,29,31,32,,,,,1.3,0.7,1.1,1*21
$GPGSA,M,3,03,16,26,27,28,29,31,32,,,,,1.3,0.7,1.1,1*21
$GPGSA,M,3,03,16,26,27,28,29,31,32,,,,,1.3,0.7,1.1,1*21
$GPGSA,M,3,03,16,26,27,28,29,31,32,,,,,1.3,0.7,1.1,1*21
$GPGSA,M,3,03,16,26,27,28,29,31,32,,,,,1.3,0.7,1.1,1*21
$GPGSA,M,3,03,16,26,27,28,29,31,32,,,,,1.3,0.7,1.1,1*21
$GPGSA,M,3,03,16,26,27,28,29,31,32,,,,,1.3,0.7,1.1,1*21
$GPGSA,M,3,03,16,26,27,28,29,31,32,,,,,1.3,0.7,1.1,1*21
$GPGSA,M,3,03,16,26,27,28,29,31,32,,,,,1.3,0.7,1.1,1*21
$GPGSA,M,3,03,16,26,27,28,29,31,32,,,,,1.3,0.7,1.1,1*21
$GPGSA,M,3,03,16,26,27,28,29,31,32,,,,,1.3,0.7,1.1,1*21
$GPGSA,M,3,03,16,26,27,28,29,31,32,,,,,1.3,0.7,1.1,1*21
$GPGSA,M,3,03,16,26,27,28,29,31,32,,,,,1.3,0.7,1.1,1*21
$GPGSA,M,3,03,16,26,27,28,29,31,32,,,,,1.3,0.7,1.1,1*21
$GPGSA,M,3,03,16,26,27,28,29,31,32,,,,,1.3,0.7,1.1,1*21
$GPGSA,M,3,03,16,26,27,28,29,31,32,,,,,1.3,0.7,1.1,1*21
$GPGSA,M,3,03,16,26,27,28,29,31,32,,,,,1.3,0.7,1.1,1*21
$GPGSA,M,3,03,16,26,27,28,29,31,32,,,,,1.3,0.7,1.1,1*21
$GPGSA,M,3,03,16,26,27,28,29,31,32,,,,,1.3,0.7,1.1,1*21
$GPGSA,M,3,03,16,26,27,28,29,31,32,,,,,1.3,0.7,1.1,1*21
$GPGSA,M,3,03,16,26,27,28,29,31,32,,,,,1.3,0.7,1.1,1*21
$GPGSA,M,3,03,16,26,27,28,29,31,32,,,,,1.3,0.7,1.1,1*21
$GPGSA,M,3,03,16,26,27,28,29,31,32,,,,,1.3,0.7,1.1,1*21
$GPGSA,M,3,03,16,26,27,28,29,31,32,,,,,1.3,0.7,1.1,1*21
$GPGSA,M,3,03,16,26,27,28,29,31,32,,,,,1.3,0.7,1.1,1*21
$GPGSA,M,3,03,16,26,27,28,29,31,32,,,,,1.3,0.7,1.1,1*21
$GPGSA,M,3,03,16,26,27,28,29,31,32,,,,,1.3,0.7,1.1,1*21
$GPGSA,M,3,03,16,26,27,28,29,31,32,,,,,1.3,0.7,1.1,1*21
$GPGSA,M,3,03,16,26,27,28,29,31,32,,,,,1.3,0.7,1.1,1*21
$GPGSA,M,3,03,16,26,27,28,29,31,32,,,,,1.3,0.7,1.1,1*21
$GPGSA,M,3,03,16,26,27,28,29,31,32,,,,,1.3,0.7,1.1,1*21
$GPGSA,M,3,03,16,26,27,28,29,31,32,,,,,1.3,0.7,1.1,1*21
$GPGSA,M,3,03,16,26,27,28,29,31,32,,,,,1.3,0.7,1.1,1*21
$GPGSA,M,3,03,16,26,27,28,29,31,32,,,,,1.3,0.7,1.1,1*21
$GPGSA,M,3,03,16,26,27,28,29,31,32,,,,,1.3,0.7,1.1,1*21
$GPGSA,M,3,03,16,26,27,28,29,31,32,,,,,1.3,0.7,1.1,1*21
$GPGSA,M,3,03,16,26,27,28,29,31,32,,,,,1.3,0.7,1.1,1*21
$GPGSA,M,3,03,16,26,27,28,29,31,32,,,,,1.3,0.7,1.1,1*21
$GPGSA,M,3,03,16,26,27,28,29,31,32,,,,,1.3,0.7,1.1,1*21
$GPGSA,M,3,03,16,26,27,28,29,31,32,,,,,1.3,0.7,1.1,1*21
$GPGSA,M,3,03,16,26,27,28,29,31,32,,,,,1.3,0.7,1.1,1*21
$GPGSA,M,3,03,16,26,27,28,29,31,32,,,,,1.3,0.7,1.1,1*21
$GPGSA,M,3,03,16,26,27,28,29,31,32,,,,,1.3,0.7,1.1,1*21
$GPGSA,M,3,03,16,26,27,28,29,31,32,,,,,1.3,0.7,1.1,1*21
$GPGSA,M,3,03,16,26,27,28,29,31,32,,,,,1.3,0.7,1.1,1*21
$GPGSA,M,3,03,16,26,27,28,29,31,32,,,,,1.3,0.7,1.1,1*21
$GPGSA,M,3,03,16,26,27,28,29,31,32,,,,,1.3,0.7,1.1,1*21
$GPGSA,M,3,03,16,26,27,28,29,31,32,,,,,1.3,0.7,1.1,1*21
$GPGSA,M,3,03,16,26,27,28,29,31,32,,,,,1.3,0.7,1.1,1*21
$GPGSA,M,3,03,16,26,27,28,29,31,32,,,,,1.3,0.7,1.1,1*21
$GPGSA,M,3,03,16,26,27,28,29,31,32,,,,,1.3,0.7,1.1,1*21
$GPGSA,M,3,03,16,26,27,28,29,31,32,,,,,1.3,0.7,1.1,1*21
$GPGSA,M,3,03,16,26,27,28,29,31,32,,,,,1.3,0.7,1.1,1*21
$GPGSA,M,3,03,16,26,27,28,29,31,32,,,,,1.3,0.7,1.1,1*21
$GPGSA,M,3,03,16,26,27,28,29,31,32,,,,,1.3,0.7,1.1,1*21
$GPGSA,M,3,03,16,26,27,28,29,31,32,,,,,1.3,0.7,1.1,1*21
$GPGSA,M,3,03,16,26,27,28,29,31,32,,,,,1.3,0.7,1.1,1*21
$GPGSA,M,3,03,16,26,27,28,29,31,32,,,,,1.3,0.7,1.1,1*21
$GPGSA,M,3,03,16,26,27,28,29,31,32,,,,,1.3,0.7,1.1,1*21
$GPGSA,M,3,03,16,26,27,28,29,31,32,,,,,1.3,0.7,1.1,1*21
$GPGSA,M,3,03,16,26,27,28,29,31,32,,,,,1.3,0.7,1.1,1*21
$GPGSA,M,3,03,16,26,27,28,29,31,32,,,,,1.3,0.7,1.1,1*21
$GPGSA,M,3,03,16,26,27,28,29,31,32,,,,,1.3,0.7,1.1,1*21
$GPGSA,M,3,03,16,26,27,28,29,31,32,,,,,1.3,0.7,1.1,1*21
$GPGSA,M,3,03,16,26,27,28,29,31,32,,,,,1.3,0.7,1.1,1*21
$GPGSA,M,3,03,16,26,27,28,29,31,32,,,,,1.3,0.7,1.1,1*21
$GPGSA,M,3,03,16,26,27,28,29,31,32,,,,,1.3,0.7,1.1,1*21
$GPGSA,M,3,03,16,26,27,28,29,31,32,,,,,1.3,0.7,1.1,1*21
$GPGSA,M,3,03,16,26,27,28,29,31,32,,,,,1.3,0.7,1.1,1*21
$GPGSA,M,3,03,16,26,27,28,29,31,32,,,,,1.3,0.7,1.1,1*21
$GPGSA,M,3,03,16,26,27,28,29,31,32,,,,,1.3,0.7,1.1,1*21
$GPGSA,M,3,03,16,26,27,28,29,31,32,,,,,1.3,0.7,1.1,1*21
$GPGSA,M,3,03,16,26,27,28,29,31,32,,,,,1.3,0.7,1.1,1*21
$GPGSA,M,3,03,16,26,27,28,29,31,32,,,,,1.3,0.7,1.1,1*21
$GPGSA,M,3,03,16,26,27,28,29,31,32,,,,,1.3,0.7,1.1,1*21
$GPGSA,M,3,03,16,26,27,28,29,31,32,,,,,1.3,0.7,1.1,1*21
$GPGSA,M,3,03,16,26,27,28,29,31,32,,,,,1.3,0.7,1.1,1*21
$GPGSA,M,3,03,16,26,27,28,29,31,32,,,,,1.3,0.7,1.1,1*21
$GPGSA,M,3,03,16,26,27,28,29,31,32,,,,,1.3,0.7,1.1,1*21
$GPGSA,M,3,03,16,26,27,28,29,31,32,,,,,1.3,0.7,1.1,1*21
$GPGSA,M,3,03,16,26,27,28,29,31,32,,,,,1.3,0.7,1.1,1*21
$GPGSA,M,3,03,16,26,27,28,29,31,32,,,,,1.3,0.7,1.1,1*21
$GPGSA,M,3,03,16,26,27,28,29,31,32,,,,,1.3,0.7,1.1,1*21
$GPGSA,M,3,03,16,26,27,28,29,31,32,,,,,1.3,0.7,1.1,1*21
$GPGSA,M,3,03,16,26,27,28,29,31,32,,,,,1.3,0.7,1.1,1*21
$GPGSA,M,3,03,16,26,27,28,29,31,32,,,,,1.3,0.7,1.1,1*21
$GPGSA,M,3,03,16,26,27,28,29,31,32,,,,,1.3,0.7,1.1,1*21
$GPGSA,M,3,03,16,26,27,28,29,31,32,,,,,1.3,0.7,1.1,1*21
$GPGSA,M,3,03,16,26,27,28,29,31,32,,,,,1.3,0.7,1.1,1*21
$GPGSA,M,3,03,16,26,27,28,29,31,32,,,,,1.3,0.7,1.1,1*21
$GPGSA,M,3,03,16,26,27,28,29,31,32,,,,,1.3,0.7,1.1,1*21
$GPGSA,M,3,03,16,26,27,28,29,31,32,,,,,1.3,0.7,1.1,1*21
$GPGSA,M,3,03,16,26,27,28,29,31,32,,,,,1.3,0.7,1.1,1*21
$GPGSA,M,3,03,16,26,27,28,29,31,32,,,,,1.3,0.7,1.1,1*21
$GPGSA,M,3,03,16,26,27,28,29,31,32,,,,,1.3,0.7,1.1,1*21
$GPGSA,M,3,03,16,26,27,28,29,31,32,,,,,1.3,0.7,1.1,1*21
$GPGSA,M,3,03,16,26,27,28,29,31,32,,,,,1.3,0.7,1.1,1*21
$GPGSA,M,3,03,16,26,27,28,31,32,,,,,,1.3,0.7,1.1,1*2A
$GPGSA,M,3,03,16,26,27,28,31,32,,,,,,1.3,0.7,1.1,1*2A
$GPGSA,M,3,03,16,26,27,28,31,32,,,,,,1.3,0.7,1.1,1*2A
$GPGSA,M,3,03,16,26,27,28,29,31,32,,,,,1.3,0.7,1.1,1*21
$GPGSA,M,3,03,16,26,27,28,29,31,32,,,,,1.3,0.7,1.1,1*21
$GPGSA,M,3,03,16,26,27,28,29,31,32,,,,,1.3,0.7,1.1,1*21
$GPGSA,M,3,03,16,26,27,28,29,31,32,,,,,1.3,0.7,1.1,1*21
$GPGSA,M,3,03,16,26,27,28,29,31,32,,,,,1.3,0.7,1.1,1*21
$GPGSA,M,3,03,16,26,27,28,29,31,32,,,,,1.3,0.7,1.1,1*21
$GPGSA,M,3,03,16,26,27,28,29,31,32,,,,,1.3,0.7,1.1,1*21
$GPGSA,M,3,03,16,26,27,28,29,31,32,,,,,1.3,0.7,1.1,1*21
$GPGSA,M,3,03,16,26,27,28,29,31,32,,,,,1.3,0.7,1.1,1*21
$GPGSA,M,3,03,16,26,27,28,29,31,32,,,,,1.3,0.7,1.1,1*21
$GPGSA,M,3,03,16,26,27,28,29,31,32,,,,,1.3,0.6,1.1,1*20
$GPGSA,M,3,03,16,26,27,28,29,31,32,,,,,1.3,0.6,1.1,1*20
$GPGSA,M,3,03,16,26,27,28,29,31,32,,,,,1.3,0.6,1.1,1*20
$GPGSA,M,3,03,16,26,27,28,29,31,32,,,,,1.3,0.6,1.1,1*20
$GPGSA,M,3,03,16,26,27,28,29,31,32,,,,,1.3,0.6,1.1,1*20
$GPGSA,M,3,03,16,26,27,28,29,31,32,,,,,1.3,0.6,1.1,1*20
$GPGSA,M,3,03,16,26,27,28,29,31,32,,,,,1.3,0.6,1.1,1*20
$GPGSA,M,3,03,16,26,27,28,29,31,32,,,,,1.3,0.6,1.1,1*20
$GPGSA,M,3,03,16,26,27,28,29,31,32,,,,,1.3,0.6,1.1,1*20
$GPGSA,M,3,03,16,26,27,28,29,31,32,,,,,1.3,0.6,1.1,1*20
$GPGSA,M,3,03,16,26,27,28,29,31,32,,,,,1.3,0.7,1.1,1*21
$GPGSA,M,3,03,16,26,27,28,29,31,32,,,,,1.3,0.7,1.1,1*21
$GPGSA,M,3,03,16,26,27,28,29,31,32,,,,,1.3,0.7,1.1,1*21
$GPGSA,M,3,03,16,26,27,28,29,31,32,,,,,1.3,0.7,1.1,1*21
$GPGSA,M,3,03,16,26,27,28,29,31,32,,,,,1.3,0.7,1.1,1*21
$GPGSA,M,3,03,16,26,27,28,29,31,32,,,,,1.3,0.7,1.1,1*21
$GPGSA,M,3,03,16,26,27,28,29,31,32,,,,,1.3,0.7,1.1,1*21
$GPGSA,M,3,03,16,26,27,28,29,31,32,,,,,1.3,0.7,1.1,1*21
$GPGSA,M,3,03,16,26,27,28,29,31,32,,,,,1.3,0.7,1.1,1*21
$GPGSA,M,3,03,16,26,27,28,29,31,32,,,,,1.3,0.7,1.1,1*21
$GPGSA,M,3,03,16,26,27,28,29,31,32,,,,,1.3,0.7,1.1,1*21
$GPGSA,M,3,03,16,26,27,28,29,31,32,,,,,1.3,0.7,1.1,1*21
$GPGSA,M,3,03,16,26,27,28,29,31,32,,,,,1.3,0.7,1.1,1*21
$GPGSA,M,3,03,16,26,27,28,29,31,32,,,,,1.3,0.7,1.1,1*21
$GPGSA,M,3,03,16,26,27,28,29,31,32,,,,,1.3,0.7,1.1,1*21
$GPGSA,M,3,03,16,26,27,28,29,31,32,,,,,1.3,0.7,1.2,1*22
$GPGSA,M,3,03,16,26,27,28,29,31,32,,,,,1.3,0.7,1.2,1*22
$GPGSA,M,3,03,16,26,27,28,29,31,32,,,,,1.3,0.7,1.2,1*22
$GPGSA,M,3,03,16,26,27,28,29,31,32,,,,,1.3,0.7,1.2,1*22
$GPGSA,M,3,03,16,26,27,28,29,31,32,,,,,1.3,0.7,1.2,1*22
$GPGSA,M,3,03,16,26,27,28,29,31,32,,,,,1.3,0.7,1.2,1*22
$GPGSA,M,3,03,16,26,27,28,29,31,32,,,,,1.3,0.7,1.2,1*22
$GPGSA,M,3,03,16,26,27,28,29,31,32,,,,,1.3,0.7,1.2,1*22
$GPGSA,M,3,03,16,26,27,28,29,31,32,,,,,1.3,0.7,1.2,1*22
$GPGSA,M,3,03,16,26,27,28,29,31,32,,,,,1.3,0.7,1.2,1*22
$GPGSA,M,3,03,16,26,27,28,29,31,32,,,,,1.3,0.7,1.2,1*22
$GPGSA,M,3,03,16,26,27,28,29,31,32,,,,,1.3,0.7,1.2,1*22
$GPGSA,M,3,03,16,26,27,28,29,31,32,,,,,1.3,0.7,1.2,1*22
$GPGSA,M,3,03,16,26,27,28,29,31,32,,,,,1.3,0.7,1.2,1*22
$GPGSA,M,3,03,16,26,27,28,29,31,32,,,,,1.3,0.7,1.2,1*22
$GPGSA,M,3,03,16,26,27,28,29,31,32,,,,,1.3,0.7,1.2,1*22
$GPGSA,M,3,03,16,26,27,28,29,31,32,,,,,1.3,0.7,1.2,1*22
$GPGSA,M,3,03,16,26,27,28,29,31,32,,,,,1.3,0.7,1.2,1*22
$GPGSA,M,3,03,16,26,27,28,29,31,32,,,,,1.3,0.7,1.2,1*22
$GPGSA,M,3,03,16,26,27,28,29,31,32,,,,,1.3,0.7,1.2,1*22
$GPGSA,M,3,03,16,26,27,28,29,31,32,,,,,1.3,0.7,1.2,1*22
$GPGSA,M,3,03,16,26,27,28,29,31,32,,,,,1.3,0.7,1.2,1*22
$GPGSA,M,3,03,16,26,27,28,29,31,32,,,,,1.3,0.7,1.2,1*22
$GPGSA,M,3,03,16,26,27,28,29,31,32,,,,,1.3,0.7,1.2,1*22
$GPGSA,M,3,03,16,26,27,28,29,31,32,,,,,1.3,0.7,1.2,1*22
$GPGSA,M,3,03,16,26,27,28,29,31,32,,,,,1.4,0.7,1.2,1*25
$GPGSA,M,3,03,16,26,27,28,29,31,32,,,,,1.4,0.7,1.2,1*25
$GPGSA,M,3,03,16,26,27,28,29,31,32,,,,,1.4,0.7,1.2,1*25
$GPGSA,M,3,03,16,26,27,28,29,31,32,,,,,1.4,0.7,1.2,1*25
$GPGSA,M,3,03,16,26,27,28,29,31,32,,,,,1.4,0.7,1.2,1*25
$GPGSA,M,3,03,16,26,27,28,29,31,32,,,,,1.3,0.7,1.1,1*21
$GPGSA,M,3,03,16,26,27,28,29,31,32,,,,,1.3,0.7,1.1,1*21
$GPGSA,M,3,03,16,26,27,28,29,31,32,,,,,1.3,0.7,1.1,1*21
$GPGSA,M,3,03,16,26,27,28,29,31,32,,,,,1.3,0.7,1.1,1*21
$GPGSA,M,3,03,16,26,27,28,29,31,32,,,,,1.3,0.7,1.1,1*21
$GPGSA,M,3,03,16,26,27,28,29,31,32,,,,,1.4,0.7,1.2,1*25
$GPGSA,M,3,03,16,26,27,28,29,31,32,,,,,1.4,0.7,1.2,1*25
$GPGSA,M,3,03,16,26,27,28,29,31,32,,,,,1.4,0.7,1.2,1*25
$GPGSA,M,3,03,16,26,27,28,31,32,,,,,,1.4,0.7,1.2,1*2E
$GPGSA,M,3,03,16,26,27,28,31,32,,,,,,1.4,0.7,1.2,1*2E
$GPGSA,M,3,03,16,26,27,28,29,31,32,,,,,1.4,0.7,1.2,1*25
$GPGSA,M,3,03,16,26,27,28,29,31,32,,,,,1.4,0.7,1.2,1*25
$GPGSA,M,3,03,16,26,27,28,29,31,32,,,,,1.4,0.7,1.2,1*25
$GPGSA,M,3,03,16,26,27,28,29,31,32,,,,,1.4,0.7,1.2,1*25
$GPGSA,M,3,03,16,26,27,28,31,32,,,,,,1.4,0.7,1.2,1*2E
$GPGSA,M,3,03,16,26,27,28,31,32,,,,,,1.3,0.7,1.1,1*2A
$GPGSA,M,3,03,16,26,27,28,31,32,,,,,,1.3,0.7,1.1,1*2A
$GPGSA,M,3,03,16,26,27,28,31,32,,,,,,1.3,0.7,1.1,1*2A
$GPGSA,M,3,03,16,26,27,28,31,32,,,,,,1.3,0.7,1.1,1*2A
$GPGSA,M,3,03,16,26,27,28,31,32,,,,,,1.3,0.7,1.1,1*2A
$GPGSA,M,3,03,16,26,27,28,31,32,,,,,,1.3,0.7,1.1,1*2A
$GPGSA,M,3,03,16,26,27,28,31,32,,,,,,1.3,0.7,1.1,1*2A
$GPGSA,M,3,03,16,26,27,28,31,32,,,,,,1.3,0.7,1.1,1*2A
$GPGSA,M,3,03,16,26,27,28,31,32,,,,,,1.3,0.7,1.1,1*2A
$GPGSA,M,3,03,16,26,27,28,31,32,,,,,,1.3,0.7,1.1,1*2A
$GPGSA,M,3,03,16,26,27,28,31,32,,,,,,1.4,0.7,1.2,1*2E
$GPGSA,M,3,03,16,26,27,28,31,32,,,,,,1.4,0.7,1.2,1*2E
$GPGSA,M,3,03,16,26,27,28,31,32,,,,,,1.4,0.7,1.2,1*2E
$GPGSA,M,3,03,16,26,27,28,31,32,,,,,,1.4,0.7,1.2,1*2E
$GPGSA,M,3,03,16,26,27,28,31,32,,,,,,1.4,0.7,1.2,1*2E
$GPGSA,M,3,03,16,26,27,28,31,32,,,,,,1.4,0.7,1.2,1*2E
$GPGSA,M,3,03,16,26,27,28,31,32,,,,,,1.4,0.7,1.2,1*2E
$GPGSA,M,3,03,16,26,27,28,31,32,,,,,,1.4,0.7,1.2,1*2E
$GPGSA,M,3,03,16,26,27,28,31,32,,,,,,1.4,0.7,1.2,1*2E
$GPGSA,M,3,03,16,26,27,28,31,32,,,,,,1.4,0.7,1.2,1*2E
$GPGSA,M,3,03,16,26,27,28,31,32,,,,,,1.4,0.7,1.2,1*2E
$GPGSA,M,3,03,16,26,27,28,31,32,,,,,,1.4,0.7,1.2,1*2E
$GPGSA,M,3,03,16,26,27,28,31,32,,,,,,1.4,0.7,1.2,1*2E
$GPGSA,M,3,03,16,26,27,28,31,32,,,,,,1.4,0.7,1.2,1*2E
$GPGSA,M,3,03,16,26,27,28,31,32,,,,,,1.4,0.7,1.2,1*2E
$GPGSA,M,3,03,16,26,27,28,31,32,,,,,,1.6,0.8,1.4,1*25
$GPGSA,M,3,03,16,26,27,28,31,32,,,,,,1.6,0.8,1.4,1*25
$GPGSA,M,3,03,16,26,27,28,31,32,,,,,,1.6,0.8,1.4,1*25
$GPGSA,M,3,03,16,26,27,28,31,32,,,,,,1.6,0.8,1.4,1*25
$GPGSA,M,3,03,16,26,27,28,31,32,,,,,,1.6,0.8,1.4,1*25
$GPGSA,M,3,03,16,26,27,28,31,32,,,,,,1.6,0.8,1.4,1*25
$GPGSA,M,3,03,16,26,27,28,31,32,,,,,,1.6,0.8,1.4,1*25
$GPGSA,M,3,03,16,26,27,28,31,32,,,,,,1.6,0.8,1.4,1*25
$GPGSA,M,3,03,16,26,27,28,31,32,,,,,,1.6,0.8,1.4,1*25
$GPGSA,M,3,03,16,26,27,28,31,32,,,,,,1.6,0.8,1.4,1*25
$GPGSA,M,3,03,16,26,27,28,31,32,,,,,,1.4,0.7,1.2,1*2E
$GPGSA,M,3,03,16,26,27,28,31,32,,,,,,1.4,0.7,1.2,1*2E
$GPGSA,M,3,03,16,26,27,28,31,32,,,,,,1.4,0.7,1.2,1*2E
$GPGSA,M,3,03,16,26,27,28,31,32,,,,,,1.4,0.7,1.2,1*2E
$GPGSA,M,3,03,16,26,27,28,31,32,,,,,,1.4,0.7,1.2,1*2E
$GPGSA,M,3,03,16,26,27,28,31,32,,,,,,1.4,0.7,1.2,1*2E
$GPGSA,M,3,03,16,26,27,28,31,32,,,,,,1.4,0.7,1.2,1*2E
$GPGSA,M,3,03,16,26,27,28,31,32,,,,,,1.4,0.7,1.2,1*2E
$GPGSA,M,3,03,16,26,27,28,31,32,,,,,,1.4,0.7,1.2,1*2E
$GPGSA,M,3,03,16,26,27,28,31,32,,,,,,1.4,0.7,1.2,1*2E
$GPGSA,M,3,03,16,26,27,28,31,32,,,,,,1.4,0.7,1.2,1*2E
$GPGSA,M,3,03,16,26,27,28,31,32,,,,,,1.4,0.7,1.2,1*2E
$GPGSA,M,3,03,16,26,27,28,31,32,,,,,,1.4,0.7,1.2,1*2E
$GPGSA,M,3,03,16,26,27,28,31,32,,,,,,1.4,0.7,1.2,1*2E
$GPGSA,M,3,03,16,26,27,28,31,32,,,,,,1.4,0.7,1.2,1*2E
$GPGSA,M,3,03,16,26,27,28,31,32,,,,,,1.4,0.8,1.1,1*22
$GPGSA,M,3,03,16,26,27,28,31,32,,,,,,1.4,0.8,1.1,1*22
$GPGSA,M,3,03,16,26,27,28,31,32,,,,,,1.4,0.8,1.1,1*22
$GPGSA,M,3,03,16,26,27,28,31,32,,,,,,1.4,0.8,1.1,1*22
$GPGSA,M,3,03,16,26,27,28,31,32,,,,,,1.4,0.8,1.1,1*22
$GPGSA,M,3,03,16,26,27,28,31,32,,,,,,1.4,0.8,1.1,1*22
$GPGSA,M,3,03,16,26,27,28,31,32,,,,,,1.4,0.8,1.1,1*22
$GPGSA,M,3,03,16,26,27,28,31,32,,,,,,1.4,0.8,1.1,1*22
$GPGSA,M,3,03,16,26,27,28,31,32,,,,,,1.4,0.8,1.1,1*22
$GPGSA,M,3,03,16,26,27,28,31,32,,,,,,1.4,0.8,1.1,1*22
$GPGSA,M,3,03,16,26,27,28,31,32,,,,,,1.3,0.7,1.1,1*2A
$GPGSA,M,3,03,16,26,27,28,31,32,,,,,,1.3,0.7,1.1,1*2A
$GPGSA,M,3,16,26,27,28,31,32,,,,,,,1.3,0.7,1.1,1*29
$GPGSA,M,3,16,26,27,28,31,32,,,,,,,1.3,0.7,1.1,1*29
$GPGSA,M,3,16,26,27,28,31,32,,,,,,,1.3,0.7,1.1,1*29
$GPGSA,M,3,03,16,26,27,28,31,32,,,,,,1.3,0.7,1.1,1*2A
$GPGSA,M,3,03,16,26,27,28,31,32,,,,,,1.3,0.7,1.1,1*2A
$GPGSA,M,3,03,16,26,27,28,31,32,,,,,,1.3,0.7,1.1,1*2A
$GPGSA,M,3,03,16,26,27,28,31,32,,,,,,1.3,0.7,1.1,1*2A
$GPGSA,M,3,03,16,26,27,28,31,32,,,,,,1.3,0.7,1.1,1*2A
$GPGSA,M,3,16,26,27,28,31,32,,,,,,,1.3,0.8,1.1,1*26
$GPGSA,M,3,16,26,27,28,31,32,,,,,,,1.3,0.8,1.1,1*26
$GPGSA,M,3,16,26,27,28,31,32,,,,,,,1.3,0.8,1.1,1*26
$GPGSA,M,3,16,26,27,28,31,32,,,,,,,1.3,0.8,1.1,1*26
$GPGSA,M,3,16,26,27,28,31,32,,,,,,,1.3,0.8,1.1,1*26
$GPGSA,M,3,16,26,27,28,31,32,,,,,,,1.5,0.7,1.3,1*2D
$GPGSA,M,3,16,26,27,28,31,32,,,,,,,1.5,0.7,1.3,1*2D
$GPGSA,M,3,16,26,27,28,31,32,,,,,,,1.5,0.7,1.3,1*2D
$GPGSA,M,3,16,26,27,28,31,32,,,,,,,1.5,0.7,1.3,1*2D
$GPGSA,M,3,16,26,27,28,31,32,,,,,,,1.5,0.7,1.3,1*2D
$GPGSA,M,3,16,26,27,28,31,32,,,,,,,1.3,0.8,1.1,1*26
$GPGSA,M,3,16,26,27,28,31,32,,,,,,,1.3,0.8,1.1,1*26
$GPGSA,M,3,16,26,27,28,31,32,,,,,,,1.3,0.8,1.1,1*26
$GPGSA,M,3,16,26,27,28,31,32,,,,,,,1.3,0.8,1.1,1*26
$GPGSA,M,3,16,26,27,28,31,32,,,,,,,1.3,0.8,1.1,1*26
$GPGSA,M,3,16,26,27,28,31,32,,,,,,,1.6,0.8,1.4,1*26
$GPGSA,M,3,16,26,27,28,31,32,,,,,,,1.6,0.8,1.4,1*26
$GPGSA,M,3,16,26,27,28,31,32,,,,,,,1.6,0.8,1.4,1*26
$GPGSA,M,3,16,26,27,31,32,,,,,,,,1.6,0.8,1.4,1*2C
$GPGSA,M,3,16,26,27,28,31,32,,,,,,,1.6,0.8,1.4,1*26
$GPGSA,M,3,16,26,27,28,31,32,,,,,,,1.4,0.8,1.2,1*22
$GPGSA,M,3,16,26,27,28,31,32,,,,,,,1.4,0.8,1.2,1*22
$GPGSA,M,3,16,26,27,31,32,,,,,,,,1.4,0.8,1.2,1*28
$GPGSA,M,3,16,26,27,31,32,,,,,,,,1.4,0.8,1.2,1*28
$GPGSA,M,3,16,26,27,28,31,32,,,,,,,1.4,0.8,1.2,1*22
$GPGSA,M,3,16,26,27,28,31,32,,,,,,,1.4,0.8,1.2,1*22
$GPGSA,M,3,16,26,27,31,32,,,,,,,,1.4,0.8,1.2,1*28
$GPGSA,M,3,16,26,27,31,32,,,,,,,,1.4,0.8,1.2,1*28
$GPGSA,M,3,16,26,27,28,31,32,,,,,,,1.4,0.8,1.2,1*22
$GPGSA,M,3,16,26,27,31,32,,,,,,,,1.4,0.8,1.2,1*28
$GPGSA,M,3,16,26,27,31,32,,,,,,,,1.4,0.8,1.2,1*28
$GPGSA,M,3,16,26,27,28,31,32,,,,,,,1.4,0.8,1.2,1*22
$GPGSA,M,3,16,26,27,28,31,32,,,,,,,1.4,0.8,1.2,1*22
$GPGSA,M,3,16,26,27,28,31,32,,,,,,,1.4,0.8,1.2,1*22
$GPGSA,M,3,16,26,27,28,31,32,,,,,,,1.4,0.8,1.2,1*22
$GPGSA,M,3,16,26,27,28,31,32,,,,,,,1.4,0.8,1.2,1*22
$GPGSA,M,3,16,26,27,28,31,32,,,,,,,1.4,0.8,1.2,1*22
$GPGSA,M,3,16,26,27,28,31,32,,,,,,,1.4,0.8,1.2,1*22
$GPGSA,M,3,16,26,27,28,31,32,,,,,,,1.4,0.8,1.2,1*22
$GPGSA,M,3,16,26,27,28,31,32,,,,,,,1.4,0.8,1.2,1*22
$GPGSA,M,3,16,26,27,28,31,32,,,,,,,1.4,0.8,1.2,1*22
$GPGSA,M,3,16,26,27,28,31,32,,,,,,,1.4,0.8,1.2,1*22
$GPGSA,M,3,16,26,27,28,31,32,,,,,,,1.4,0.8,1.2,1*22
$GPGSA,M,3,16,26,27,28,31,32,,,,,,,1.4,0.8,1.2,1*22
$GPGSA,M,3,16,26,27,28,31,32,,,,,,,1.4,0.8,1.2,1*22
$GPGSA,M,3,16,26,27,28,31,32,,,,,,,1.4,0.8,1.2,1*22
$GPGSA,M,3,16,26,27,28,31,32,,,,,,,1.4,0.8,1.2,1*22
$GPGSA,M,3,16,26,27,28,31,32,,,,,,,1.4,0.8,1.2,1*22
$GPGSA,M,3,16,26,27,28,31,32,,,,,,,1.4,0.8,1.2,1*22
$GPGSA,M,3,16,26,27,28,31,32,,,,,,,1.4,0.8,1.2,1*22
$GPGSA,M,3,16,26,27,28,31,32,,,,,,,1.4,0.8,1.2,1*22
$GPGSA,M,3,16,26,27,28,31,32,,,,,,,1.4,0.8,1.2,1*22
$GPGSA,M,3,16,26,27,28,31,32,,,,,,,1.4,0.8,1.2,1*22
$GPGSA,M,3,16,26,27,28,31,32,,,,,,,1.4,0.8,1.2,1*22
$GPGSA,M,3,16,26,27,28,31,32,,,,,,,1.4,0.8,1.2,1*22
$GPGSA,M,3,16,26,27,28,31,32,,,,,,,1.4,0.8,1.2,1*22
$GPGSA,M,3,16,26,27,28,31,32,,,,,,,1.4,0.8,1.2,1*22
$GPGSA,M,3,16,26,27,28,31,32,,,,,,,1.4,0.8,1.2,1*22
$GPGSA,M,3,16,26,27,28,31,32,,,,,,,1.4,0.8,1.2,1*22
$GPGSA,M,3,16,26,27,28,31,32,,,,,,,1.4,0.8,1.2,1*22
$GPGSA,M,3,16,26,27,28,31,32,,,,,,,1.4,0.8,1.2,1*22
$GPGSA,M,3,16,26,27,28,31,32,,,,,,,1.4,0.8,1.2,1*22
$GPGSA,M,3,16,26,27,28,31,32,,,,,,,1.4,0.8,1.2,1*22
$GPGSA,M,3,16,26,27,28,31,32,,,,,,,1.4,0.8,1.2,1*22
$GPGSA,M,3,16,26,27,28,31,32,,,,,,,1.4,0.8,1.2,1*22
$GPGSA,M,3,16,26,27,28,31,32,,,,,,,1.4,0.8,1.2,1*22
$GPGSA,M,3,16,26,27,28,31,32,,,,,,,1.4,0.8,1.2,1*22
$GPGSA,M,3,16,26,27,28,31,32,,,,,,,1.4,0.8,1.2,1*22
$GPGSA,M,3,16,26,27,28,31,32,,,,,,,1.4,0.8,1.2,1*22
$GPGSA,M,3,16,26,27,28,31,32,,,,,,,1.4,0.8,1.2,1*22
$GPGSA,M,3,16,26,27,28,31,32,,,,,,,1.4,0.8,1.2,1*22
$GPGSA,M,3,16,26,27,28,31,32,,,,,,,1.4,0.8,1.2,1*22
$GPGSA,M,3,16,26,27,28,31,32,,,,,,,1.4,0.8,1.2,1*22
$GPGSA,M,3,16,26,27,28,31,32,,,,,,,1.4,0.8,1.2,1*22
$GPGSA,M,3,16,26,27,28,31,32,,,,,,,1.4,0.8,1.2,1*22
$GPGSA,M,3,16,26,27,28,31,32,,,,,,,1.4,0.8,1.2,1*22
$GPGSA,M,3,16,26,27,28,31,32,,,,,,,1.4,0.8,1.2,1*22
$GPGSA,M,3,16,26,27,28,31,32,,,,,,,1.4,0.8,1.2,1*22
$GPGSA,M,3,16,26,27,28,31,32,,,,,,,1.4,0.8,1.2,1*22
$GPGSA,M,3,16,26,27,28,31,32,,,,,,,1.4,0.8,1.2,1*22
$GPGSA,M,3,16,26,27,28,31,32,,,,,,,1.4,0.8,1.2,1*22
$GPGSA,M,3,16,26,27,28,31,32,,,,,,,1.4,0.8,1.2,1*22
$GPGSA,M,3,16,26,27,28,31,32,,,,,,,1.4,0.8,1.2,1*22
$GPGSA,M,3,16,26,27,28,31,32,,,,,,,1.4,0.8,1.2,1*22
$GPGSA,M,3,16,26,27,28,31,32,,,,,,,1.4,0.8,1.2,1*22
$GPGSA,M,3,16,26,27,28,31,32,,,,,,,1.6,0.8,1.4,1*26
$GPGSA,M,3,16,26,27,28,31,32,,,,,,,1.6,0.8,1.4,1*26
$GPGSA,M,3,16,26,27,28,31,32,,,,,,,1.6,0.8,1.4,1*26
$GPGSA,M,3,16,26,27,28,31,32,,,,,,,1.6,0.8,1.4,1*26
$GPGSA,M,3,16,26,27,28,31,32,,,,,,,1.6,0.8,1.4,1*26
$GPGSA,M,3,16,26,27,28,31,32,,,,,,,1.6,0.8,1.5,1*27
$GPGSA,M,3,16,26,27,28,31,32,,,,,,,1.6,0.8,1.5,1*27
$GPGSA,M,3,16,26,27,28,29,31,32,,,,,,1.6,0.8,1.5,1*2C
$GPGSA,M,3,16,26,27,28,29,31,32,,,,,,1.6,0.8,1.5,1*2C
$GPGSA,M,3,16,26,27,28,29,31,32,,,,,,1.6,0.8,1.5,1*2C
$GPGSA,M,3,16,26,27,28,29,31,32,,,,,,1.6,0.8,1.4,1*2D
$GPGSA,M,3,16,26,27,28,29,31,32,,,,,,1.6,0.8,1.4,1*2D
$GPGSA,M,3,16,26,27,28,29,31,32,,,,,,1.6,0.8,1.4,1*2D
$GPGSA,M,3,16,26,27,28,29,31,32,,,,,,1.6,0.8,1.4,1*2D
$GPGSA,M,3,16,26,27,28,29,31,32,,,,,,1.6,0.8,1.4,1*2D
$GPGSA,M,3,16,26,27,28,29,31,32,,,,,,1.6,0.8,1.4,1*2D
$GPGSA,M,3,16,26,27,28,29,31,32,,,,,,1.6,0.8,1.4,1*2D
$GPGSA,M,3,16,26,27,28,29,31,32,,,,,,1.6,0.8,1.4,1*2D
$GPGSA,M,3,16,26,27,28,29,31,32,,,,,,1.6,0.8,1.4,1*2D
$GPGSA,M,3,16,26,27,28,29,31,32,,,,,,1.6,0.8,1.4,1*2D
$GPGSA,M,3,16,26,27,28,29,31,32,,,,,,1.6,0.8,1.4,1*2D
$GPGSA,M,3,16,26,27,28,31,32,,,,,,,1.6,0.8,1.4,1*26
$GPGSA,M,3,16,26,27,28,31,32,,,,,,,1.6,0.8,1.4,1*26
$GPGSA,M,3,16,26,27,28,31,32,,,,,,,1.6,0.8,1.4,1*26
$GPGSA,M,3,16,26,27,28,31,32,,,,,,,1.6,0.8,1.4,1*26
$GPGSA,M,3,03,16,26,27,28,31,32,,,,,,1.6,0.8,1.4,1*25
$GPGSA,M,3,03,16,26,27,28,31,32,,,,,,1.6,0.8,1.4,1*25
$GPGSA,M,3,03,16,26,27,28,31,32,,,,,,1.6,0.8,1.4,1*25
$GPGSA,M,3,03,16,26,27,28,29,31,32,,,,,1.6,0.8,1.4,1*2E
$GPGSA,M,3,03,16,26,27,28,29,31,32,,,,,1.6,0.8,1.4,1*2E
$GPGSA,M,3,03,16,26,27,28,29,31,32,,,,,1.6,0.8,1.4,1*2E
$GPGSA,M,3,03,16,26,27,28,29,31,32,,,,,1.6,0.8,1.4,1*2E
$GPGSA,M,3,03,16,26,27,28,29,31,32,,,,,1.6,0.8,1.4,1*2E
$GPGSA,M,3,03,16,26,27,28,29,31,32,,,,,1.6,0.8,1.4,1*2E
$GPGSA,M,3,03,16,26,27,28,29,31,32,,,,,1.6,0.8,1.4,1*2E
$GPGSA,M,3,03,16,26,27,28,29,31,32,,,,,1.6,0.8,1.4,1*2E
$GPGSA,M,3,03,16,26,27,28,29,31,32,,,,,1.6,0.8,1.4,1*2E
$GPGSA,M,3,03,16,26,27,28,29,31,32,,,,,1.6,0.8,1.4,1*2E
$GPGSA,M,3,03,16,26,27,28,31,32,,,,,,1.6,0.8,1.4,1*25
$GPGSA,M,3,03,16,26,27,28,31,32,,,,,,1.6,0.8,1.4,1*25
$GPGSA,M,3,03,16,26,27,28,31,32,,,,,,1.6,0.8,1.4,1*25
$GPGSA,M,3,03,16,26,27,28,31,32,,,,,,1.6,0.8,1.4,1*25
$GPGSA,M,3,03,16,26,27,28,31,32,,,,,,1.6,0.8,1.4,1*25
$GPGSA,M,3,03,16,26,27,28,31,32,,,,,,1.6,0.8,1.4,1*25
$GPGSA,M,3,03,16,26,27,28,31,32,,,,,,1.6,0.8,1.4,1*25
$GPGSA,M,3,03,16,26,27,28,31,32,,,,,,1.6,0.8,1.4,1*25
$GPGSA,M,3,03,16,26,27,28,31,32,,,,,,1.6,0.8,1.4,1*25
$GPGSA,M,3,03,16,26,27,28,31,32,,,,,,1.6,0.8,1.4,1*25
$GPGSA,M,3,03,16,26,27,28,31,32,,,,,,1.6,0.8,1.4,1*25
$GPGSA,M,3,03,16,26,27,28,29,31,32,,,,,1.6,0.8,1.4,1*2E
$GPGSA,M,3,03,16,26,27,28,31,32,,,,,,1.6,0.8,1.4,1*25
$GPGSA,M,3,03,16,26,27,28,31,32,,,,,,1.6,0.8,1.4,1*25
$GPGSA,M,3,03,16,26,27,28,29,31,32,,,,,1.6,0.8,1.4,1*2E
$GPGSA,M,3,03,16,26,27,28,29,31,32,,,,,1.6,0.8,1.4,1*2E
$GPGSA,M,3,03,16,26,27,28,29,31,32,,,,,1.6,0.8,1.4,1*2E
$GPGSA,M,3,03,16,26,27,28,31,32,,,,,,1.6,0.8,1.4,1*25
$GPGSA,M,3,03,16,26,27,28,31,32,,,,,,1.6,0.8,1.4,1*25
$GPGSA,M,3,03,16,26,27,28,29,31,32,,,,,1.6,0.8,1.4,1*2E
$GPGSA,M,3,03,16,26,27,28,29,31,32,,,,,1.6,0.8,1.4,1*2E
$GPGSA,M,3,03,16,26,27,28,29,31,32,,,,,1.6,0.8,1.4,1*2E
$GPGSA,M,3,03,16,26,27,28,29,31,32,,,,,1.6,0.8,1.4,1*2E
$GPGSA,M,3,03,16,26,27,28,29,31,32,,,,,1.6,0.8,1.4,1*2E
$GPGSA,M,3,03,16,26,27,28,29,31,32,,,,,1.6,0.8,1.4,1*2E
$GPGSA,M,3,03,16,26,27,28,29,31,32,,,,,1.6,0.8,1.4,1*2E
$GPGSA,M,3,03,16,26,27,28,29,31,32,,,,,1.6,0.8,1.4,1*2E
$GPGSA,M,3,03,16,26,27,28,29,31,32,,,,,1.6,0.8,1.4,1*2E
$GPGSA,M,3,03,16,26,27,28,29,31,32,,,,,1.6,0.8,1.4,1*2E
$GPGSA,M,3,03,16,26,27,28,29,31,32,,,,,1.6,0.8,1.4,1*2E
$GPGSA,M,3,03,16,26,27,28,29,31,32,,,,,1.6,0.8,1.4,1*2E
$GPGSA,M,3,03,16,26,27,28,29,31,32,,,,,1.6,0.8,1.4,1*2E
$GPGSA,M,3,03,16,26,27,28,31,32,,,,,,1.6,0.8,1.4,1*25
$GPGSA,M,3,03,16,26,27,28,31,32,,,,,,1.6,0.8,1.4,1*25
$GPGSA,M,3,03,16,26,27,28,29,31,32,,,,,1.6,0.8,1.4,1*2E
$GPGSA,M,3,03,16,26,27,28,31,32,,,,,,1.6,0.8,1.4,1*25
$GPGSA,M,3,03,16,26,27,28,31,,,,,,,1.6,0.8,1.4,1*24
$GPGSA,M,3,03,16,26,27,28,29,31,32,,,,,1.7,0.8,1.5,1*2E
$GPGSA,M,3,03,16,26,27,28,29,31,32,,,,,1.7,0.8,1.5,1*2E
$GPGSA,M,3,03,16,26,27,28,31,32,,,,,,1.7,0.8,1.5,1*25
$GPGSA,M,3,03,16,26,27,28,31,32,,,,,,1.7,0.8,1.5,1*25
$GPGSA,M,3,03,16,26,27,28,29,31,32,,,,,1.7,0.8,1.5,1*2E
$GPGSA,M,3,03,16,26,27,28,29,31,32,,,,,1.7,0.8,1.5,1*2E
$GPGSA,M,3,03,16,26,27,28,29,31,,,,,,1.7,0.8,1.5,1*2F
$GPGSA,M,3,03,16,26,27,28,29,31,,,,,,1.7,0.8,1.5,1*2F
$GPGSA,M,3,03,16,26,27,28,29,31,32,,,,,1.7,0.8,1.5,1*2E
$GPGSA,M,3,03,16,26,27,28,29,31,32,,,,,1.7,0.8,1.5,1*2E
$GPGSA,M,3,03,16,26,27,28,29,31,32,,,,,1.7,0.8,1.5,1*2E
$GPGSA,M,3,03,16,26,27,28,29,31,32,,,,,1.7,0.8,1.5,1*2E
$GPGSA,M,3,03,16,26,27,28,29,31,32,,,,,1.7,0.8,1.5,1*2E
$GPGSA,M,3,03,16,26,27,28,29,31,32,,,,,1.7,0.8,1.5,1*2E
$GPGSA,M,3,03,16,26,27,28,29,31,32,,,,,1.7,0.8,1.5,1*2E
$GPGSA,M,3,03,16,26,27,28,29,31,32,,,,,1.7,0.8,1.5,1*2E
$GPGSA,M,3,03,16,26,27,28,29,31,32,,,,,1.7,0.8,1.5,1*2E
$GPGSA,M,3,03,16,26,27,28,29,31,32,,,,,1.7,0.8,1.5,1*2E
$GPGSA,M,3,03,16,26,27,28,29,31,32,,,,,1.7,0.8,1.5,1*2E
$GPGSA,M,3,03,16,26,27,28,29,31,32,,,,,1.7,0.8,1.5,1*2E
$GPGSA,M,3,03,16,26,27,28,29,31,32,,,,,1.6,0.8,1.4,1*2E
$GPGSA,M,3,03,16,26,27,28,29,31,32,,,,,1.6,0.8,1.4,1*2E
$GPGSA,M,3,03,16,26,28,31,32,,,,,,,1.6,0.8,1.4,1*20
$GPGSA,M,3,03,16,26,28,31,32,,,,,,,1.6,0.8,1.4,1*20
$GPGSA,M,3,03,16,26,28,29,31,32,,,,,,1.6,0.8,1.4,1*2B
$GPGSA,M,3,03,16,26,28,29,31,32,,,,,,1.6,0.8,1.4,1*2B
$GPGSA,M,3,03,16,26,28,29,31,32,,,,,,1.6,0.8,1.4,1*2B
$GPGSA,M,3,03,16,26,28,31,32,,,,,,,1.6,0.8,1.4,1*20
$GPGSA,M,3,03,16,26,28,31,32,,,,,,,1.6,0.8,1.4,1*20
$GPGSA,M,3,03,16,26,28,31,32,,,,,,,1.6,0.8,1.4,1*20
$GPGSA,M,3,03,16,26,27,28,31,32,,,,,,1.6,0.8,1.4,1*25
$GPGSA,M,3,03,16,26,27,28,31,32,,,,,,1.6,0.8,1.4,1*25
$GPGSA,M,3,03,16,26,28,31,32,,,,,,,1.6,0.8,1.4,1*20
$GPGSA,M,3,03,16,26,28,31,32,,,,,,,1.6,0.8,1.4,1*20
$GPGSA,M,3,03,16,26,28,31,32,,,,,,,1.6,0.8,1.4,1*20
$GPGSA,M,3,03,16,26,28,31,32,,,,,,,1.5,0.7,1.3,1*2B
$GPGSA,M,3,03,16,26,28,31,32,,,,,,,1.5,0.7,1.3,1*2B
$GPGSA,M,3,03,16,26,28,31,32,,,,,,,1.5,0.7,1.3,1*2B
$GPGSA,M,3,03,16,26,28,31,32,,,,,,,1.5,0.7,1.3,1*2B
$GPGSA,M,3,03,16,26,28,31,32,,,,,,,1.5,0.7,1.3,1*2B
$GPGSA,M,3,03,16,26,28,31,32,,,,,,,1.6,0.8,1.3,1*27
$GPGSA,M,3,03,16,26,28,31,32,,,,,,,1.6,0.8,1.3,1*27
$GPGSA,M,3,03,16,26,28,31,,,,,,,,1.6,0.8,1.3,1*26
$GPGSA,M,3,03,16,26,28,31,,,,,,,,1.6,0.8,1.3,1*26
$GPGSA,M,3,03,16,26,28,31,32,,,,,,,1.6,0.8,1.3,1*27
$GPGSA,M,3,03,16,26,28,31,32,,,,,,,1.5,0.8,1.3,1*24
$GPGSA,M,3,03,16,26,28,31,32,,,,,,,1.5,0.8,1.3,1*24
$GPGSA,M,3,03,16,26,28,31,32,,,,,,,1.5,0.8,1.3,1*24
$GPGSA,M,3,03,16,26,28,31,32,,,,,,,1.5,0.8,1.3,1*24
$GPGSA,M,3,03,16,26,28,31,32,,,,,,,1.5,0.8,1.3,1*24
$GPGSA,M,3,03,16,26,28,31,32,,,,,,,1.5,0.8,1.3,1*24
$GPGSA,M,3,03,16,26,28,31,,,,,,,,1.5,0.8,1.3,1*25
$GPGSA,M,3,03,16,26,28,31,,,,,,,,1.5,0.8,1.3,1*25
$GPGSA,M,3,03,16,26,28,31,,,,,,,,1.5,0.8,1.3,1*25
$GPGSA,M,3,03,16,26,28,31,,,,,,,,1.5,0.8,1.3,1*25
$GPGSA,M,3,03,16,26,28,29,31,,,,,,,1.4,0.8,1.2,1*2E
$GPGSA,M,3,03,16,26,28,31,,,,,,,,1.4,0.8,1.2,1*25
$GPGSA,M,3,03,16,26,28,31,,,,,,,,1.4,0.8,1.2,1*25
$GPGSA,M,3,03,16,26,28,31,,,,,,,,1.4,0.8,1.2,1*25
$GPGSA,M,3,03,16,26,28,31,32,,,,,,,1.4,0.8,1.2,1*24
$GPGSA,M,3,03,16,26,28,31,32,,,,,,,1.4,0.7,1.2,1*2B
$GPGSA,M,3,03,16,26,28,29,31,32,,,,,,1.4,0.7,1.2,1*20
$GPGSA,M,3,03,16,26,28,31,,,,,,,,1.4,0.7,1.2,1*2A
$GPGSA,M,3,03,16,26,28,31,,,,,,,,1.4,0.7,1.2,1*2A
$GPGSA,M,3,03,16,26,28,31,32,,,,,,,1.4,0.7,1.2,1*2B
$GPGSA,M,3,03,16,26,28,31,32,,,,,,,1.4,0.8,1.2,1*24
$GPGSA,M,3,03,16,26,28,31,32,,,,,,,1.4,0.8,1.2,1*24
$GPGSA,M,3,03,16,26,28,31,32,,,,,,,1.4,0.8,1.2,1*24
$GPGSA,M,3,03,16,26,28,31,32,,,,,,,1.4,0.8,1.2,1*24
$GPGSA,M,3,03,16,26,28,31,32,,,,,,,1.4,0.8,1.2,1*24
$GPGSA,M,3,03,16,26,28,31,32,,,,,,,1.7,0.8,1.5,1*20
$GPGSA,M,3,03,16,26,28,31,32,,,,,,,1.7,0.8,1.5,1*20
$GPGSA,M,3,03,16,26,28,31,32,,,,,,,1.7,0.8,1.5,1*20
$GPGSA,M,3,03,16,26,28,31,32,,,,,,,1.7,0.8,1.5,1*20
$GPGSA,M,3,03,16,26,28,31,32,,,,,,,1.7,0.8,1.5,1*20
$GPGSA,M,3,03,16,26,28,31,32,,,,,,,1.4,0.8,1.2,1*24
$GPGSA,M,3,03,16,26,28,31,32,,,,,,,1.4,0.8,1.2,1*24
$GPGSA,M,3,03,16,26,28,31,32,,,,,,,1.4,0.8,1.2,1*24
$GPGSA,M,3,03,16,26,28,31,32,,,,,,,1.4,0.8,1.2,1*24
$GPGSA,M,3,03,16,26,28,31,32,,,,,,,1.4,0.8,1.2,1*24
$GPGSA,M,3,03,16,26,28,31,32,,,,,,,1.6,0.8,1.4,1*20
$GPGSA,M,3,03,16,26,28,31,32,,,,,,,1.6,0.8,1.4,1*20
$GPGSA,M,3,03,16,26,28,31,32,,,,,,,1.6,0.8,1.4,1*20
$GPGSA,M,3,03,16,26,28,31,32,,,,,,,1.6,0.8,1.4,1*20
$GPGSA,M,3,03,16,26,28,31,32,,,,,,,1.6,0.8,1.4,1*20
$GPGSA,M,3,03,16,26,28,29,31,32,,,,,,1.5,0.7,1.4,1*27
$GPGSA,M,3,03,16,26,28,31,32,,,,,,,1.5,0.7,1.4,1*2C
$GPGSA,M,3,03,16,26,28,31,32,,,,,,,1.5,0.7,1.4,1*2C
$GPGSA,M,3,03,16,26,28,31,32,,,,,,,1.5,0.7,1.4,1*2C
$GPGSA,M,3,03,16,26,28,31,32,,,,,,,1.5,0.7,1.4,1*2C
$GPGSA,M,3,03,16,26,28,31,32,,,,,,,1.5,0.8,1.3,1*24
$GPGSA,M,3,03,16,26,28,31,32,,,,,,,1.5,0.8,1.3,1*24
$GPGSA,M,3,03,16,26,28,31,32,,,,,,,1.5,0.8,1.3,1*24
$GPGSA,M,3,03,16,26,28,31,32,,,,,,,1.5,0.8,1.3,1*24
$GPGSA,M,3,03,16,26,28,29,31,32,,,,,,1.5,0.8,1.3,1*2F
$GPGSA,M,3,03,16,26,28,29,31,32,,,,,,1.4,0.7,1.2,1*20
$GPGSA,M,3,03,16,26,28,29,31,32,,,,,,1.4,0.7,1.2,1*20
$GPGSA,M,3,03,16,26,28,29,31,32,,,,,,1.4,0.7,1.2,1*20
$GPGSA,M,3,03,16,26,28,29,31,32,,,,,,1.4,0.7,1.2,1*20
$GPGSA,M,3,03,16,26,28,29,31,32,,,,,,1.4,0.7,1.2,1*20
$GPGSA,M,3,03,16,26,28,29,31,32,,,,,,1.5,0.8,1.3,1*2F
$GPGSA,M,3,03,16,26,28,29,31,32,,,,,,1.5,0.8,1.3,1*2F
$GPGSA,M,3,03,16,26,28,29,31,32,,,,,,1.5,0.8,1.3,1*2F
$GPGSA,M,3,03,16,26,28,31,32,,,,,,,1.5,0.8,1.3,1*24
$GPGSA,M,3,03,16,26,28,31,,,,,,,,1.5,0.8,1.3,1*25
$GPGSA,M,3,03,16,26,28,31,,,,,,,,1.7,0.8,1.5,1*21
$GPGSA,M,3,03,16,26,28,29,31,32,,,,,,1.7,0.8,1.5,1*2B
$GPGSA,M,3,03,16,26,28,29,31,32,,,,,,1.7,0.8,1.5,1*2B
$GPGSA,M,3,03,16,26,28,29,31,32,,,,,,1.7,0.8,1.5,1*2B
$GPGSA,M,3,03,16,26,28,29,31,32,,,,,,1.7,0.8,1.5,1*2B
$GPGSA,M,3,03,16,26,28,29,31,32,,,,,,1.5,0.8,1.3,1*2F
$GPGSA,M,3,03,16,26,28,29,31,32,,,,,,1.5,0.8,1.3,1*2F
$GPGSA,M,3,03,16,26,28,29,31,32,,,,,,1.5,0.8,1.3,1*2F
$GPGSA,M,3,03,16,26,28,29,31,32,,,,,,1.5,0.8,1.3,1*2F
$GPGSA,M,3,03,16,26,28,29,31,32,,,,,,1.5,0.8,1.3,1*2F
$GPGSA,M,3,03,16,26,28,29,31,32,,,,,,1.5,0.7,1.3,1*20
$GPGSA,M,3,03,16,26,28,29,31,32,,,,,,1.5,0.7,1.3,1*20
$GPGSA,M,3,03,16,26,27,28,29,31,32,,,,,1.5,0.7,1.3,1*25
$GPGSA,M,3,03,16,26,27,28,29,31,32,,,,,1.5,0.7,1.3,1*25
$GPGSA,M,3,03,16,26,27,28,29,31,32,,,,,1.5,0.7,1.3,1*25
$GPGSA,M,3,03,16,26,27,28,29,31,32,,,,,1.8,0.9,1.5,1*20
$GPGSA,M,3,03,16,26,27,28,29,31,32,,,,,1.8,0.9,1.5,1*20
$GPGSA,M,3,03,16,26,27,28,29,31,32,,,,,1.8,0.9,1.5,1*20
$GPGSA,M,3,03,16,26,27,28,29,31,32,,,,,1.8,0.9,1.5,1*20
$GPGSA,M,3,03,16,26,27,28,29,31,32,,,,,1.8,0.9,1.5,1*20
$GPGSA,M,3,03,16,26,27,28,29,31,32,,,,,1.7,0.9,1.5,1*2F
$GPGSA,M,3,03,16,26,27,28,29,31,32,,,,,1.7,0.9,1.5,1*2F
$GPGSA,M,3,03,16,26,27,28,29,31,32,,,,,1.7,0.9,1.5,1*2F
$GPGSA,M,3,03,16,26,27,28,29,31,32,,,,,1.7,0.9,1.5,1*2F
$GPGSA,M,3,03,16,26,28,29,31,32,,,,,,1.7,0.9,1.5,1*2A
$GPGSA,M,3,03,16,26,28,29,31,32,,,,,,1.7,0.9,1.5,1*2A
$GPGSA,M,3,03,16,26,28,29,31,32,,,,,,1.7,0.9,1.5,1*2A
$GPGSA,M,3,03,16,26,28,29,31,32,,,,,,1.7,0.9,1.5,1*2A
$GPGSA,M,3,03,16,26,28,29,31,32,,,,,,1.7,0.9,1.5,1*2A
$GPGSA,M,3,03,16,26,28,29,31,32,,,,,,1.7,0.9,1.5,1*2A
$GPGSA,M,3,03,16,26,28,29,31,32,,,,,,1.7,0.9,1.5,1*2A
$GPGSA,M,3,03,16,26,28,29,31,32,,,,,,1.7,0.9,1.5,1*2A
$GPGSA,M,3,03,16,26,28,29,31,,,,,,,1.7,0.9,1.5,1*2B
$GPGSA,M,3,03,16,26,28,29,31,,,,,,,1.7,0.9,1.5,1*2B
$GPGSA,M,3,03,16,26,28,29,31,,,,,,,1.7,0.9,1.5,1*2B
$GPGSA,M,3,03,16,26,28,29,31,32,,,,,,1.7,0.9,1.5,1*2A
$GPGSA,M,3,03,16,26,28,29,31,32,,,,,,1.7,0.9,1.5,1*2A
$GPGSA,M,3,03,16,26,28,31,,,,,,,,1.7,0.9,1.5,1*20
$GPGSA,M,3,03,16,26,28,31,,,,,,,,1.7,0.9,1.5,1*20
$GPGSA,M,3,03,16,26,27,28,31,,,,,,,1.7,0.9,1.5,1*25
$GPGSA,M,3,03,16,26,27,28,31,,,,,,,1.5,0.7,1.3,1*2F
$GPGSA,M,3,03,16,26,27,28,31,,,,,,,1.5,0.7,1.3,1*2F
$GPGSA,M,3,03,16,26,27,28,29,31,32,,,,,1.5,0.7,1.3,1*25
$GPGSA,M,3,03,16,26,27,28,29,31,,,,,,1.5,0.7,1.3,1*24
$GPGSA,M,3,03,16,26,27,28,29,31,,,,,,1.5,0.7,1.3,1*24
$GPGSA,M,3,03,16,26,27,28,29,31,,,,,,1.5,0.7,1.3,1*24
$GPGSA,M,3,03,16,26,27,28,29,31,,,,,,1.5,0.7,1.3,1*24
$GPGSA,M,3,03,16,26,27,28,31,,,,,,,1.5,0.7,1.3,1*2F
$GPGSA,M,3,03,16,26,27,28,29,31,32,,,,,1.5,0.7,1.3,1*25
$GPGSA,M,3,03,16,26,27,28,31,,,,,,,1.5,0.7,1.3,1*2F
$GPGSA,M,3,03,16,26,27,28,31,,,,,,,1.5,0.7,1.3,1*2F
$GPGSA,M,3,03,16,26,27,28,31,32,,,,,,1.5,0.7,1.3,1*2E
$GPGSA,M,3,03,16,26,27,28,31,,,,,,,1.5,0.7,1.3,1*2F
$GPGSA,M,3,03,16,26,27,28,31,,,,,,,1.5,0.7,1.3,1*2F
$GPGSA,M,3,03,16,26,27,28,31,,,,,,,1.5,0.7,1.3,1*2F
$GPGSA,M,3,03,16,26,27,28,31,,,,,,,1.5,0.7,1.3,1*2F
$GPGSA,M,3,03,16,26,27,28,31,,,,,,,1.5,0.7,1.3,1*2F
$GPGSA,M,3,03,16,26,27,28,31,,,,,,,1.5,0.7,1.3,1*2F
$GPGSA,M,3,03,16,26,27,28,31,,,,,,,1.5,0.7,1.3,1*2F
$GPGSA,M,3,03,16,26,27,28,31,,,,,,,1.5,0.7,1.3,1*2F
$GPGSA,M,3,03,16,26,27,28,29,31,,,,,,1.5,0.7,1.3,1*24
$GPGSA,M,3,03,16,26,27,28,29,31,,,,,,1.5,0.7,1.3,1*24
$GPGSA,M,3,03,16,26,27,28,29,31,,,,,,1.5,0.7,1.3,1*24
$GPGSA,M,3,03,16,26,27,28,31,,,,,,,1.5,0.7,1.3,1*2F
$GPGSA,M,3,03,16,26,27,28,31,,,,,,,1.5,0.7,1.3,1*2F
$GPGSA,M,3,03,16,26,27,28,31,,,,,,,1.5,0.7,1.3,1*2F
$GPGSA,M,3,03,16,26,27,28,31,,,,,,,1.5,0.7,1.3,1*2F
$GPGSA,M,3,03,16,26,27,28,31,,,,,,,1.5,0.7,1.3,1*2F
$GPGSA,M,3,03,16,26,27,28,31,,,,,,,1.5,0.7,1.3,1*2F
$GPGSA,M,3,03,16,26,27,28,31,,,,,,,1.5,0.7,1.3,1*2F
$GPGSA,M,3,03,16,26,27,28,31,,,,,,,1.5,0.7,1.3,1*2F
$GPGSA,M,3,03,16,26,27,28,31,,,,,,,1.5,0.7,1.3,1*2F
$GPGSA,M,3,03,16,26,27,28,31,,,,,,,1.5,0.7,1.3,1*2F
$GPGSA,M,3,03,16,26,27,28,31,,,,,,,1.5,0.7,1.3,1*2F
$GPGSA,M,3,03,16,26,27,28,31,,,,,,,1.5,0.7,1.3,1*2F
$GPGSA,M,3,03,16,26,27,28,31,,,,,,,1.5,0.7,1.3,1*2F
$GPGSA,M,3,03,16,26,27,28,31,,,,,,,1.5,0.7,1.3,1*2F
$GPGSA,M,3,03,16,26,27,28,31,,,,,,,1.5,0.7,1.3,1*2F
$GPGSA,M,3,03,16,26,27,28,31,,,,,,,1.5,0.7,1.3,1*2F
$GPGSA,M,3,03,16,26,27,28,31,,,,,,,1.5,0.7,1.3,1*2F
$GPGSA,M,3,03,16,26,27,28,31,,,,,,,1.5,0.8,1.3,1*20
$GPGSA,M,3,03,16,26,27,28,31,,,,,,,1.5,0.8,1.3,1*20
$GPGSA,M,3,03,16,26,27,28,31,,,,,,,1.5,0.8,1.3,1*20
$GPGSA,M,3,03,16,26,27,28,31,,,,,,,1.5,0.8,1.3,1*20
$GPGSA,M,3,03,16,26,27,28,31,,,,,,,1.5,0.8,1.3,1*20
$GPGSA,M,3,03,16,26,27,28,31,,,,,,,1.6,0.8,1.3,1*23
$GPGSA,M,3,03,16,26,27,28,31,,,,,,,1.6,0.8,1.3,1*23
$GPGSA,M,3,03,16,26,27,28,31,,,,,,,1.6,0.8,1.3,1*23
$GPGSA,M,3,03,16,26,27,28,31,,,,,,,1.6,0.8,1.3,1*23
$GPGSA,M,3,03,16,26,27,28,31,,,,,,,1.6,0.8,1.3,1*23
$GPGSA,M,3,03,16,26,27,28,31,,,,,,,1.6,0.9,1.3,1*22
$GPGSA,M,3,03,16,26,28,31,,,,,,,,1.6,0.9,1.3,1*27
$GPGSA,M,3,03,16,26,28,31,,,,,,,,1.6,0.9,1.3,1*27
$GPGSA,M,3,03,16,26,28,31,,,,,,,,1.6,0.9,1.3,1*27
$GPGSA,M,3,03,16,26,28,31,,,,,,,,1.6,0.9,1.3,1*27
$GPGSA,M,3,03,16,26,28,31,,,,,,,,1.2,0.8,1.0,1*21
$GPGSA,M,3,03,16,26,28,31,,,,,,,,1.2,0.8,1.0,1*21
$GPGSA,M,3,03,16,26,28,31,,,,,,,,1.2,0.8,1.0,1*21
$GPGSA,M,3,03,16,26,28,31,,,,,,,,1.2,0.8,1.0,1*21
$GPGSA,M,3,03,16,26,28,31,,,,,,,,1.2,0.8,1.0,1*21
$GPGSA,M,3,03,16,26,28,31,,,,,,,,1.4,0.9,1.0,1*26
$GPGSA,M,3,03,16,26,28,31,,,,,,,,1.4,0.9,1.0,1*26
$GPGSA,M,3,03,16,26,28,31,,,,,,,,1.4,0.9,1.0,1*26
$GPGSA,M,3,03,16,26,28,31,,,,,,,,1.4,0.9,1.0,1*26
$GPGSA,M,3,03,16,26,28,31,,,,,,,,1.4,0.9,1.0,1*26
$GPGSA,M,3,03,16,26,28,31,,,,,,,,1.3,0.9,1.0,1*21
$GPGSA,M,3,03,16,26,28,31,,,,,,,,1.3,0.9,1.0,1*21
$GPGSA,M,3,03,16,26,28,31,,,,,,,,1.3,0.9,1.0,1*21
$GPGSA,M,3,03,16,26,28,31,,,,,,,,1.3,0.9,1.0,1*21
$GPGSA,M,3,03,16,26,28,31,,,,,,,,1.3,0.9,1.0,1*21
$GPGSA,M,3,03,16,26,28,31,,,,,,,,1.4,0.9,1.1,1*27
$GPGSA,M,3,03,16,26,28,31,,,,,,,,1.4,0.9,1.1,1*27
$GPGSA,M,3,03,16,26,28,31,,,,,,,,1.4,0.9,1.1,1*27
$GPGSA,M,3,03,16,26,28,31,,,,,,,,1.4,0.9,1.1,1*27
$GPGSA,M,3,03,16,26,28,31,,,,,,,,1.4,0.9,1.1,1*27
$GPGSA,M,3,03,16,26,28,31,,,,,,,,1.3,0.8,1.0,1*20
$GPGSA,M,3,03,16,26,28,31,,,,,,,,1.3,0.8,1.0,1*20
$GPGSA,M,3,03,16,26,28,31,,,,,,,,1.3,0.8,1.0,1*20
$GPGSA,M,3,03,16,26,28,31,,,,,,,,1.3,0.8,1.0,1*20
$GPGSA,M,3,03,16,26,28,31,,,,,,,,1.3,0.8,1.0,1*20
$GPGSA,M,3,03,16,26,28,31,,,,,,,,1.4,0.9,1.0,1*26
$GPGSA,M,3,03,16,26,28,31,,,,,,,,1.4,0.9,1.0,1*26
$GPGSA,M,3,03,16,26,28,31,,,,,,,,1.4,0.9,1.0,1*26
$GPGSA,M,3,03,16,26,28,31,,,,,,,,1.4,0.9,1.0,1*26
$GPGSA,M,3,03,16,26,28,31,,,,,,,,1.4,0.9,1.0,1*26
$GPGSA,M,3,03,16,26,28,31,,,,,,,,1.7,1.1,1.3,1*2F
$GPGSA,M,3,03,16,26,28,31,,,,,,,,1.7,1.1,1.3,1*2F
$GPGSA,M,3,03,16,26,28,31,,,,,,,,1.7,1.1,1.3,1*2F
$GPGSA,M,3,03,16,26,28,31,,,,,,,,1.7,1.1,1.3,1*2F
$GPGSA,M,3,03,16,26,28,31,,,,,,,,1.7,1.1,1.3,1*2F
$GPGSA,M,3,03,16,26,28,31,,,,,,,,1.5,1.1,1.1,1*2F
$GPGSA,M,3,03,16,26,28,31,,,,,,,,1.5,1.1,1.1,1*2F
$GPGSA,M,3,03,16,26,28,31,,,,,,,,1.5,1.1,1.1,1*2F
$GPGSA,M,3,03,16,26,28,31,,,,,,,,1.5,1.1,1.1,1*2F
$GPGSA,M,3,03,16,26,28,31,,,,,,,,1.5,1.1,1.1,1*2F
$GPGSA,M,3,03,16,26,28,31,,,,,,,,1.5,1.0,1.1,1*2E
$GPGSA,M,3,03,16,26,28,31,,,,,,,,1.5,1.0,1.1,1*2E
$GPGSA,M,3,03,16,26,28,31,,,,,,,,1.5,1.0,1.1,1*2E
$GPGSA,M,3,03,16,26,28,31,,,,,,,,1.5,1.0,1.1,1*2E
$GPGSA,M,3,03,16,26,28,31,,,,,,,,1.5,1.0,1.1,1*2E
$GPGSA,M,3,03,16,26,28,31,,,,,,,,1.4,0.9,1.1,1*27
$GPGSA,M,3,03,16,26,28,31,,,,,,,,1.4,0.9,1.1,1*27
$GPGSA,M,3,03,16,26,28,31,,,,,,,,1.4,0.9,1.1,1*27
$GPGSA,M,3,03,16,26,28,31,,,,,,,,1.4,0.9,1.1,1*27
$GPGSA,M,3,03,16,26,28,31,,,,,,,,1.4,0.9,1.1,1*27
$GPGSA,M,3,03,16,26,28,31,,,,,,,,1.5,1.0,1.1,1*2E
$GPGSA,M,3,03,16,26,28,31,,,,,,,,1.5,1.0,1.1,1*2E
$GPGSA,M,3,03,16,26,28,31,,,,,,,,1.5,1.0,1.1,1*2E
$GPGSA,M,3,03,16,26,28,31,,,,,,,,1.5,1.0,1.1,1*2E
$GPGSA,M,3,03,16,26,28,31,,,,,,,,1.5,1.0,1.1,1*2E
$GPGSA,M,3,03,16,26,28,31,,,,,,,,1.6,0.9,1.3,1*27
$GPGSA,M,3,03,16,26,28,31,,,,,,,,1.6,0.9,1.3,1*27
$GPGSA,M,3,03,16,26,28,31,,,,,,,,1.6,0.9,1.3,1*27
$GPGSA,M,3,03,16,26,28,31,,,,,,,,1.6,0.9,1.3,1*27
$GPGSA,M,3,03,16,26,28,31,,,,,,,,1.6,0.9,1.3,1*27
$GPGSA,M,3,03,16,26,28,31,,,,,,,,1.4,0.8,1.1,1*26
$GPGSA,M,3,03,16,26,28,31,,,,,,,,1.4,0.8,1.1,1*26
$GPGSA,M,3,03,16,26,28,31,,,,,,,,1.4,0.8,1.1,1*26
$GPGSA,M,3,03,16,26,28,31,,,,,,,,1.4,0.8,1.1,1*26
$GPGSA,M,3,03,16,26,28,31,,,,,,,,1.4,0.8,1.1,1*26
$GPGSA,M,3,03,16,26,28,31,,,,,,,,1.4,0.8,1.1,1*26
$GPGSA,M,3,03,16,26,28,31,,,,,,,,1.4,0.8,1.1,1*26
$GPGSA,M,3,03,16,26,28,31,,,,,,,,1.4,0.8,1.1,1*26
$GPGSA,M,3,03,16,26,28,31,,,,,,,,1.4,0.8,1.1,1*26
$GPGSA,M,3,03,16,26,28,31,,,,,,,,1.4,0.8,1.1,1*26
$GPGSA,M,3,03,16,26,28,31,,,,,,,,1.3,0.7,1.1,1*2E
$GPGSA,M,3,03,16,26,28,31,,,,,,,,1.3,0.7,1.1,1*2E
$GPGSA,M,3,03,16,26,28,31,,,,,,,,1.3,0.7,1.1,1*2E
$GPGSA,M,3,03,16,26,28,31,,,,,,,,1.3,0.7,1.1,1*2E
$GPGSA,M,3,03,16,26,28,31,,,,,,,,1.3,0.7,1.1,1*2E
$GPGSA,M,3,03,16,26,28,31,,,,,,,,1.7,0.8,1.5,1*21
$GPGSA,M,3,03,16,26,28,31,,,,,,,,1.7,0.8,1.5,1*21
$GPGSA,M,3,03,16,26,28,31,,,,,,,,1.7,0.8,1.5,1*21
$GPGSA,M,3,03,16,26,28,31,,,,,,,,1.7,0.8,1.5,1*21
$GPGSA,M,3,03,16,26,28,31,,,,,,,,1.7,0.8,1.5,1*21
$GPGSA,M,3,03,16,26,28,31,,,,,,,,1.7,0.8,1.5,1*21
$GPGSA,M,3,03,16,26,28,31,,,,,,,,1.7,0.8,1.5,1*21
$GPGSA,M,3,03,26,28,31,,,,,,,,,1.7,0.8,1.5,1*26
$GPGSA,M,3,03,26,28,31,,,,,,,,,1.7,0.8,1.5,1*26
$GPGSA,M,3,03,26,28,31,,,,,,,,,1.7,0.8,1.5,1*26
$GPGSA,M,3,03,16,26,28,31,,,,,,,,1.7,0.9,1.4,1*21
$GPGSA,M,3,03,26,28,31,,,,,,,,,1.7,0.9,1.4,1*26
$GPGSA,M,3,03,26,28,31,,,,,,,,,1.7,0.9,1.4,1*26
$GPGSA,M,3,03,26,28,31,,,,,,,,,1.7,0.9,1.4,1*26
$GPGSA,M,3,03,26,28,31,,,,,,,,,1.7,0.9,1.4,1*26
$GPGSA,M,3,03,26,28,31,,,,,,,,,1.6,0.8,1.4,1*26
$GPGSA,M,3,03,26,28,31,,,,,,,,,1.6,0.8,1.4,1*26
$GPGSA,M,3,03,26,28,31,,,,,,,,,1.6,0.8,1.4,1*26
$GPGSA,M,3,03,26,28,31,,,,,,,,,1.6,0.8,1.4,1*26
$GPGSA,M,3,03,26,28,31,,,,,,,,,1.6,0.8,1.4,1*26
$GPGSA,M,3,03,16,26,28,31,,,,,,,,1.6,0.8,1.4,1*21
$GPGSA,M,3,03,16,26,28,31,,,,,,,,1.6,0.8,1.4,1*21
$GPGSA,M,3,03,16,26,28,31,,,,,,,,1.6,0.8,1.4,1*21
$GPGSA,M,3,03,16,26,28,31,,,,,,,,1.6,0.8,1.4,1*21
$GPGSA,M,3,03,16,26,28,31,,,,,,,,1.6,0.8,1.4,1*21
$GPGSA,M,3,03,26,28,31,,,,,,,,,1.4,0.7,1.2,1*2D
$GPGSA,M,3,03,26,28,31,,,,,,,,,1.4,0.7,1.2,1*2D
$GPGSA,M,3,03,26,28,31,,,,,,,,,1.4,0.7,1.2,1*2D
$GPGSA,M,3,03,16,26,28,31,,,,,,,,1.4,0.7,1.2,1*2A
$GPGSA,M,3,03,16,26,28,31,,,,,,,,1.4,0.7,1.2,1*2A
$GPGSA,M,3,03,16,26,28,31,,,,,,,,1.4,0.7,1.2,1*2A
$GPGSA,M,3,03,26,28,31,,,,,,,,,1.4,0.7,1.2,1*2D
$GPGSA,M,3,03,26,28,31,,,,,,,,,1.4,0.7,1.2,1*2D
$GPGSA,M,3,03,16,26,28,31,,,,,,,,1.4,0.7,1.2,1*2A
$GPGSA,M,3,03,16,26,28,31,,,,,,,,1.4,0.7,1.2,1*2A
$GPGSA,M,3,03,16,26,28,31,,,,,,,,1.5,0.8,1.2,1*24
$GPGSA,M,3,03,26,28,31,,,,,,,,,1.5,0.8,1.2,1*23
$GPGSA,M,3,03,26,28,31,,,,,,,,,1.5,0.8,1.2,1*23
$GPGSA,M,3,03,16,26,28,31,,,,,,,,1.5,0.8,1.2,1*24
$GPGSA,M,3,03,16,26,28,31,,,,,,,,1.5,0.8,1.2,1*24
$GPGSA,M,3,03,16,26,28,31,,,,,,,,1.6,0.9,1.4,1*20
$GPGSA,M,3,03,16,26,28,31,,,,,,,,1.6,0.9,1.4,1*20
$GPGSA,M,3,03,16,26,28,31,,,,,,,,1.6,0.9,1.4,1*20
$GPGSA,M,3,03,16,26,28,31,,,,,,,,1.6,0.9,1.4,1*20
$GPGSA,M,3,03,16,26,28,31,,,,,,,,1.6,0.9,1.4,1*20
$GPGSA,M,3,03,16,26,28,31,32,,,,,,,1.6,0.8,1.4,1*20
$GPGSA,M,3,03,16,26,28,31,32,,,,,,,1.6,0.8,1.4,1*20
$GPGSA,M,3,03,16,26,28,31,32,,,,,,,1.6,0.8,1.4,1*20
$GPGSA,M,3,03,16,26,28,31,32,,,,,,,1.6,0.8,1.4,1*20
$GPGSA,M,3,03,26,28,31,32,,,,,,,,1.6,0.8,1.4,1*27
$GPGSA,M,3,03,26,28,31,32,,,,,,,,1.6,0.8,1.3,1*20
$GPGSA,M,3,03,26,28,31,32,,,,,,,,1.6,0.8,1.3,1*20
$GPGSA,M,3,03,26,28,31,32,,,,,,,,1.6,0.8,1.3,1*20
$GPGSA,M,3,03,26,28,31,32,,,,,,,,1.6,0.8,1.3,1*20
$GPGSA,M,3,03,26,28,31,32,,,,,,,,1.6,0.8,1.3,1*20
$GPGSA,M,3,03,26,28,31,32,,,,,,,,1.8,1.0,1.5,1*21
$GPGSA,M,3,03,26,28,31,32,,,,,,,,1.8,1.0,1.5,1*21
$GPGSA,M,3,03,26,28,31,32,,,,,,,,1.8,1.0,1.5,1*21
$GPGSA,M,3,03,26,28,31,32,,,,,,,,1.8,1.0,1.5,1*21
$GPGSA,M,3,03,26,28,31,32,,,,,,,,1.8,1.0,1.5,1*21
$GPGSA,M,3,03,26,28,31,32,,,,,,,,1.5,0.7,1.3,1*2C
$GPGSA,M,3,03,26,28,31,32,,,,,,,,1.5,0.7,1.3,1*2C
$GPGSA,M,3,03,26,28,31,32,,,,,,,,1.5,0.7,1.3,1*2C
$GPGSA,M,3,03,26,28,31,32,,,,,,,,1.5,0.7,1.3,1*2C
$GPGSA,M,3,03,26,28,31,32,,,,,,,,1.5,0.7,1.3,1*2C
$GPGSA,M,3,03,26,28,31,32,,,,,,,,1.7,0.9,1.4,1*27
$GPGSA,M,3,03,26,28,31,32,,,,,,,,1.7,0.9,1.4,1*27
$GPGSA,M,3,03,26,28,31,32,,,,,,,,1.7,0.9,1.4,1*27
$GPGSA,M,3,03,26,28,31,32,,,,,,,,1.7,0.9,1.4,1*27
$GPGSA,M,3,03,26,28,31,32,,,,,,,,1.7,0.9,1.4,1*27
$GPGSA,M,3,03,26,28,31,32,,,,,,,,1.7,0.9,1.4,1*27
$GPGSA,M,3,03,26,28,31,32,,,,,,,,1.7,0.9,1.4,1*27
$GPGSA,M,3,03,26,28,31,32,,,,,,,,1.7,0.9,1.4,1*27
$GPGSA,M,3,03,16,26,28,31,32,,,,,,,1.7,0.9,1.4,1*20
$GPGSA,M,3,03,26,28,31,32,,,,,,,,1.7,0.9,1.4,1*27
$GPGSA,M,3,03,26,28,31,32,,,,,,,,1.7,0.9,1.4,1*27
$GPGSA,M,3,03,16,26,28,31,32,,,,,,,1.7,0.9,1.4,1*20
$GPGSA,M,3,03,16,26,28,31,32,,,,,,,1.7,0.9,1.4,1*20
$GPGSA,M,3,03,26,28,31,32,,,,,,,,1.7,0.9,1.4,1*27
$GPGSA,M,3,03,26,28,31,32,,,,,,,,1.7,0.9,1.4,1*27
$GPGSA,M,3,03,26,28,31,32,,,,,,,,1.7,0.9,1.4,1*27
$GPGSA,M,3,03,26,28,31,32,,,,,,,,1.7,0.9,1.4,1*27
$GPGSA,M,3,03,26,28,31,32,,,,,,,,1.7,0.9,1.4,1*27
$GPGSA,M,3,03,26,28,31,32,,,,,,,,1.7,0.9,1.4,1*27
$GPGSA,M,3,03,26,28,31,32,,,,,,,,1.7,0.9,1.4,1*27
$GPGSA,M,3,03,26,28,31,32,,,,,,,,1.7,0.9,1.4,1*27
$GPGSA,M,3,03,26,28,31,32,,,,,,,,1.7,0.9,1.4,1*27
$GPGSA,M,3,03,26,28,31,32,,,,,,,,1.7,0.9,1.4,1*27
$GPGSA,M,3,03,26,28,31,32,,,,,,,,1.7,0.9,1.4,1*27
$GPGSA,M,3,03,26,28,31,32,,,,,,,,1.7,0.9,1.4,1*27
$GPGSA,M,3,03,26,28,31,32,,,,,,,,1.7,0.9,1.4,1*27
$GPGSA,M,3,03,26,28,31,32,,,,,,,,1.7,0.9,1.4,1*27
$GPGSA,M,3,03,26,28,31,32,,,,,,,,1.7,0.9,1.4,1*27
$GPGSA,M,3,03,26,28,31,32,,,,,,,,1.7,0.9,1.4,1*27
$GPGSA,M,3,03,26,28,31,32,,,,,,,,1.7,0.9,1.4,1*27
$GPGSA,M,3,03,26,28,31,32,,,,,,,,1.7,0.8,1.4,1*26
$GPGSA,M,3,03,26,28,31,32,,,,,,,,1.7,0.8,1.4,1*26
$GPGSA,M,3,03,26,28,31,32,,,,,,,,1.7,0.8,1.4,1*26
$GPGSA,M,3,03,26,28,31,32,,,,,,,,1.7,0.8,1.4,1*26
$GPGSA,M,3,03,26,28,31,32,,,,,,,,1.7,0.8,1.4,1*26
$GPGSA,M,3,03,26,28,31,32,,,,,,,,1.7,0.8,1.4,1*26
$GPGSA,M,3,03,26,28,31,32,,,,,,,,1.7,0.8,1.4,1*26
$GPGSA,M,3,03,26,28,31,32,,,,,,,,1.7,0.8,1.4,1*26
$GPGSA,M,3,03,26,28,31,32,,,,,,,,1.7,0.8,1.4,1*26
$GPGSA,M,3,03,26,28,31,32,,,,,,,,1.7,0.8,1.4,1*26
$GPGSA,M,3,03,26,28,31,32,,,,,,,,1.7,0.8,1.4,1*26
$GPGSA,M,3,03,26,28,31,32,,,,,,,,1.7,0.8,1.4,1*26
$GPGSA,M,3,03,26,28,31,32,,,,,,,,1.7,0.8,1.4,1*26
$GPGSA,M,3,03,26,28,31,32,,,,,,,,1.7,0.8,1.4,1*26
$GPGSA,M,3,03,26,28,31,32,,,,,,,,1.7,0.8,1.4,1*26
$GPGSA,M,3,03,26,28,31,32,,,,,,,,1.7,0.8,1.4,1*26
$GPGSA,M,3,03,26,28,31,32,,,,,,,,1.7,0.8,1.4,1*26
$GPGSA,M,3,03,26,28,31,32,,,,,,,,1.7,0.8,1.4,1*26
$GPGSA,M,3,03,26,28,31,32,,,,,,,,1.7,0.8,1.4,1*26
$GPGSA,M,3,03,26,28,31,32,,,,,,,,1.7,0.8,1.4,1*26
$GPGSA,M,3,03,26,28,31,32,,,,,,,,1.7,0.8,1.4,1*26
$GPGSA,M,3,03,26,28,31,32,,,,,,,,1.7,0.8,1.4,1*26
$GPGSA,M,3,03,26,28,31,32,,,,,,,,1.7,0.8,1.4,1*26
$GPGSA,M,3,03,26,28,31,32,,,,,,,,1.7,0.8,1.4,1*26
$GPGSA,M,3,03,26,28,31,32,,,,,,,,1.7,0.8,1.4,1*26
$GPGSA,M,3,03,26,28,31,32,,,,,,,,1.6,0.8,1.4,1*27
$GPGSA,M,3,03,26,28,31,32,,,,,,,,1.6,0.8,1.4,1*27
$GPGSA,M,3,03,26,28,31,32,,,,,,,,1.6,0.8,1.4,1*27
$GPGSA,M,3,03,26,28,31,32,,,,,,,,1.6,0.8,1.4,1*27
$GPGSA,M,3,03,26,28,31,32,,,,,,,,1.6,0.8,1.4,1*27
$GPGSA,M,3,03,26,28,31,32,,,,,,,,1.7,0.8,1.4,1*26
$GPGSA,M,3,03,26,28,31,32,,,,,,,,1.7,0.8,1.4,1*26
$GPGSA,M,3,03,26,28,31,32,,,,,,,,1.7,0.8,1.4,1*26
$GPGSA,M,3,03,26,28,31,32,,,,,,,,1.7,0.8,1.4,1*26
$GPGSA,M,3,03,26,28,31,32,,,,,,,,1.7,0.8,1.4,1*26
$GPGSA,M,3,03,26,28,31,32,,,,,,,,1.7,0.8,1.4,1*26
$GPGSA,M,3,03,26,28,31,32,,,,,,,,1.7,0.8,1.4,1*26
$GPGSA,M,3,03,26,28,31,32,,,,,,,,1.7,0.8,1.4,1*26
$GPGSA,M,3,03,26,28,31,32,,,,,,,,1.7,0.8,1.4,1*26
$GPGSA,M,3,03,26,28,31,32,,,,,,,,1.7,0.8,1.4,1*26
$GPGSA,M,3,03,26,27,28,31,32,,,,,,,1.7,0.8,1.4,1*23
$GPGSA,M,3,03,26,27,28,31,32,,,,,,,1.7,0.8,1.4,1*23
$GPGSA,M,3,03,26,27,28,31,32,,,,,,,1.7,0.8,1.4,1*23
$GPGSA,M,3,03,26,27,28,31,32,,,,,,,1.7,0.8,1.4,1*23
$GPGSA,M,3,03,26,27,28,31,32,,,,,,,1.7,0.8,1.4,1*23
$GPGSA,M,3,03,26,27,28,31,32,,,,,,,1.7,0.8,1.4,1*23
$GPGSA,M,3,03,26,27,28,31,32,,,,,,,1.7,0.8,1.4,1*23
$GPGSA,M,3,03,26,27,28,31,32,,,,,,,1.7,0.8,1.4,1*23
$GPGSA,M,3,03,26,27,28,31,32,,,,,,,1.7,0.8,1.4,1*23
$GPGSA,M,3,03,26,27,28,31,32,,,,,,,1.7,0.8,1.4,1*23
$GPGSA,M,3,03,26,27,28,31,32,,,,,,,1.7,0.8,1.4,1*23
$GPGSA,M,3,03,26,27,28,31,32,,,,,,,1.7,0.8,1.4,1*23
$GPGSA,M,3,03,26,27,28,31,32,,,,,,,1.7,0.8,1.4,1*23
$GPGSA,M,3,03,26,27,28,31,32,,,,,,,1.7,0.8,1.4,1*23
$GPGSA,M,3,03,26,27,28,31,32,,,,,,,1.7,0.8,1.4,1*23
$GPGSA,M,3,03,26,27,28,29,31,32,,,,,,1.7,0.8,1.4,1*28
$GPGSA,M,3,03,26,27,28,31,32,,,,,,,1.7,0.8,1.4,1*23
$GPGSA,M,3,03,26,27,28,31,32,,,,,,,1.7,0.8,1.4,1*23
$GPGSA,M,3,03,26,27,28,29,31,32,,,,,,1.7,0.8,1.4,1*28
$GPGSA,M,3,03,26,27,28,29,31,32,,,,,,1.7,0.8,1.4,1*28
$GPGSA,M,3,03,26,27,28,29,31,32,,,,,,1.7,0.8,1.4,1*28
$GPGSA,M,3,03,26,27,28,31,32,,,,,,,1.7,0.8,1.4,1*23
$GPGSA,M,3,03,26,27,28,31,32,,,,,,,1.7,0.8,1.4,1*23
$GPGSA,M,3,03,26,27,28,31,32,,,,,,,1.7,0.8,1.4,1*23
$GPGSA,M,3,03,26,27,28,31,32,,,,,,,1.7,0.8,1.4,1*23
$GPGSA,M,3,03,26,27,28,31,32,,,,,,,1.7,0.8,1.4,1*23
$GPGSA,M,3,03,26,27,28,31,32,,,,,,,1.7,0.8,1.4,1*23
$GPGSA,M,3,03,26,27,28,31,32,,,,,,,1.7,0.8,1.4,1*23
$GPGSA,M,3,03,26,27,28,31,32,,,,,,,1.7,0.8,1.4,1*23
$GPGSA,M,3,03,26,27,28,29,31,32,,,,,,1.7,0.8,1.4,1*28
$GPGSA,M,3,03,26,27,28,29,31,32,,,,,,1.7,0.8,1.4,1*28
$GPGSA,M,3,03,26,27,28,29,31,32,,,,,,1.7,0.8,1.4,1*28
$GPGSA,M,3,03,26,27,28,29,31,32,,,,,,1.7,0.8,1.4,1*28
$GPGSA,M,3,03,26,27,28,29,31,32,,,,,,1.7,0.8,1.4,1*28
$GPGSA,M,3,03,26,27,28,29,31,32,,,,,,1.7,0.8,1.4,1*28
$GPGSA,M,3,03,26,27,28,29,31,32,,,,,,1.3,0.7,1.2,1*25
$GPGSA,M,3,03,26,27,28,29,31,32,,,,,,1.3,0.7,1.2,1*25
$GPGSA,M,3,03,26,27,28,29,31,32,,,,,,1.3,0.7,1.2,1*25
$GPGSA,M,3,03,26,27,28,29,31,32,,,,,,1.3,0.7,1.2,1*25
$GPGSA,M,3,03,26,27,28,29,31,32,,,,,,1.3,0.7,1.2,1*25
$GPGSA,M,3,03,26,27,28,29,31,32,,,,,,1.6,0.8,1.4,1*29
$GPGSA,M,3,03,26,27,28,29,31,32,,,,,,1.6,0.8,1.4,1*29
$GPGSA,M,3,03,26,27,28,29,31,32,,,,,,1.6,0.8,1.4,1*29
$GPGSA,M,3,03,26,27,28,29,31,32,,,,,,1.6,0.8,1.4,1*29
$GPGSA,M,3,03,26,27,28,29,31,32,,,,,,1.6,0.8,1.4,1*29
$GPGSA,M,3,03,26,27,28,29,31,32,,,,,,1.3,0.7,1.2,1*25
$GPGSA,M,3,03,26,27,28,29,31,32,,,,,,1.3,0.7,1.2,1*25
$GPGSA,M,3,03,26,27,28,29,31,32,,,,,,1.3,0.7,1.2,1*25
$GPGSA,M,3,03,26,27,28,29,31,32,,,,,,1.3,0.7,1.2,1*25
$GPGSA,M,3,03,26,27,28,29,31,32,,,,,,1.3,0.7,1.2,1*25
$GPGSA,M,3,03,26,27,28,29,31,32,,,,,,1.3,0.7,1.2,1*25
$GPGSA,M,3,03,26,27,28,29,31,32,,,,,,1.3,0.7,1.2,1*25
$GPGSA,M,3,03,26,27,28,29,31,32,,,,,,1.3,0.7,1.2,1*25
$GPGSA,M,3,03,26,27,28,29,31,32,,,,,,1.3,0.7,1.2,1*25
$GPGSA,M,3,03,26,27,28,29,31,32,,,,,,1.3,0.7,1.2,1*25
$GPGSA,M,3,03,26,27,28,29,31,32,,,,,,1.3,0.7,1.2,1*25
$GPGSA,M,3,03,26,27,28,29,31,32,,,,,,1.3,0.7,1.2,1*25
$GPGSA,M,3,03,26,27,28,29,31,32,,,,,,1.3,0.7,1.2,1*25
$GPGSA,M,3,03,26,27,28,29,31,32,,,,,,1.3,0.7,1.2,1*25
$GPGSA,M,3,03,26,27,28,29,31,32,,,,,,1.3,0.7,1.2,1*25
$GPGSA,M,3,03,26,27,28,29,31,32,,,,,,1.3,0.7,1.2,1*25
$GPGSA,M,3,03,26,27,28,29,31,32,,,,,,1.3,0.7,1.2,1*25
$GPGSA,M,3,03,26,27,28,29,31,32,,,,,,1.3,0.7,1.2,1*25
$GPGSA,M,3,03,26,27,28,29,31,32,,,,,,1.3,0.7,1.2,1*25
$GPGSA,M,3,03,26,27,28,29,31,32,,,,,,1.3,0.7,1.2,1*25
$GPGSA,M,3,03,26,27,28,29,31,32,,,,,,1.3,0.7,1.2,1*25
$GPGSA,M,3,03,26,27,28,29,31,32,,,,,,1.3,0.7,1.2,1*25
$GPGSA,M,3,03,26,27,28,29,31,32,,,,,,1.3,0.7,1.2,1*25
$GPGSA,M,3,03,26,27,28,29,31,32,,,,,,1.3,0.7,1.2,1*25
$GPGSA,M,3,03,26,27,28,29,31,32,,,,,,1.3,0.7,1.2,1*25
$GPGSA,M,3,03,26,27,28,29,31,32,,,,,,1.3,0.7,1.2,1*25
$GPGSA,M,3,03,26,27,28,29,31,32,,,,,,1.3,0.7,1.2,1*25
$GPGSA,M,3,03,26,27,28,29,31,32,,,,,,1.3,0.7,1.2,1*25
$GPGSA,M,3,03,26,27,28,31,32,,,,,,,1.3,0.7,1.2,1*2E
$GPGSA,M,3,03,26,27,28,31,32,,,,,,,1.3,0.7,1.2,1*2E
$GPGSA,M,3,03,26,27,28,31,32,,,,,,,1.3,0.7,1.2,1*2E
$GPGSA,M,3,03,26,27,28,31,32,,,,,,,1.3,0.7,1.2,1*2E
$GPGSA,M,3,03,26,27,28,31,32,,,,,,,1.3,0.7,1.2,1*2E
$GPGSA,M,3,03,26,27,28,31,32,,,,,,,1.3,0.7,1.2,1*2E
$GPGSA,M,3,03,26,27,28,29,31,32,,,,,,1.3,0.7,1.2,1*25
$GPGSA,M,3,03,26,27,28,29,31,32,,,,,,1.6,0.8,1.4,1*29
$GPGSA,M,3,03,26,27,28,29,31,32,,,,,,1.6,0.8,1.4,1*29
$GPGSA,M,3,03,26,27,28,29,31,32,,,,,,1.6,0.8,1.4,1*29
$GPGSA,M,3,03,26,27,28,29,31,32,,,,,,1.6,0.8,1.4,1*29
$GPGSA,M,3,03,26,28,29,31,32,,,,,,,1.6,0.8,1.4,1*2C
$GPGSA,M,3,03,26,28,29,31,32,,,,,,,1.6,0.8,1.4,1*2C
$GPGSA,M,3,03,26,28,29,31,32,,,,,,,1.6,0.8,1.4,1*2C
$GPGSA,M,3,03,26,28,29,31,32,,,,,,,1.6,0.8,1.4,1*2C
$GPGSA,M,3,03,26,28,29,31,32,,,,,,,1.6,0.8,1.4,1*2C
$GPGSA,M,3,03,26,28,29,31,32,,,,,,,1.6,0.8,1.4,1*2C
$GPGSA,M,3,03,26,28,29,31,32,,,,,,,1.6,0.8,1.4,1*2C
$GPGSA,M,3,03,26,28,29,31,32,,,,,,,1.6,0.8,1.4,1*2C
$GPGSA,M,3,03,26,28,29,31,32,,,,,,,1.6,0.8,1.4,1*2C
$GPGSA,M,3,03,26,28,29,31,32,,,,,,,1.6,0.8,1.4,1*2C
$GPGSA,M,3,03,26,28,29,31,32,,,,,,,1.6,0.8,1.4,1*2C
$GPGSA,M,3,03,26,28,29,31,32,,,,,,,1.6,0.8,1.4,1*2C
$GPGSA,M,3,03,26,28,29,31,32,,,,,,,1.6,0.8,1.4,1*2C
$GPGSA,M,3,03,26,28,29,31,32,,,,,,,1.6,0.8,1.4,1*2C
$GPGSA,M,3,03,26,28,29,31,32,,,,,,,1.6,0.8,1.4,1*2C
$GPGSA,M,3,03,26,28,29,31,32,,,,,,,1.6,0.8,1.4,1*2C
$GPGSA,M,3,03,26,28,29,31,32,,,,,,,1.4,0.7,1.2,1*27
$GPGSA,M,3,03,26,28,29,31,32,,,,,,,1.4,0.7,1.2,1*27
$GPGSA,M,3,03,26,28,29,31,32,,,,,,,1.4,0.7,1.2,1*27
$GPGSA,M,3,03,26,28,29,31,32,,,,,,,1.4,0.7,1.2,1*27
$GPGSA,M,3,03,26,28,29,31,32,,,,,,,1.4,0.7,1.2,1*27
$GPGSA,M,3,03,26,28,29,31,32,,,,,,,1.4,0.7,1.2,1*27
$GPGSA,M,3,03,26,28,29,31,32,,,,,,,1.4,0.7,1.2,1*27
$GPGSA,M,3,03,26,28,29,31,32,,,,,,,1.4,0.7,1.2,1*27
$GPGSA,M,3,03,26,28,29,31,32,,,,,,,1.4,0.7,1.2,1*27
$GPGSA,M,3,03,26,28,29,31,32,,,,,,,1.4,0.7,1.2,1*27
$GPGSA,M,3,03,26,27,28,29,31,32,,,,,,1.4,0.7,1.2,1*22
$GPGSA,M,3,03,26,27,28,29,31,32,,,,,,1.4,0.7,1.2,1*22
$GPGSA,M,3,03,26,27,28,29,31,32,,,,,,1.4,0.7,1.2,1*22
$GPGSA,M,3,03,26,27,28,29,31,32,,,,,,1.4,0.7,1.2,1*22
$GPGSA,M,3,03,26,27,28,29,31,32,,,,,,1.4,0.7,1.2,1*22
$GPGSA,M,3,03,26,27,28,29,31,32,,,,,,1.4,0.7,1.2,1*22
$GPGSA,M,3,03,26,27,28,29,31,32,,,,,,1.4,0.7,1.2,1*22
$GPGSA,M,3,03,26,27,28,29,31,32,,,,,,1.4,0.7,1.2,1*22
$GPGSA,M,3,03,26,27,28,29,31,32,,,,,,1.4,0.7,1.2,1*22
$GPGSA,M,3,03,26,27,28,29,31,32,,,,,,1.4,0.7,1.2,1*22
$GPGSA,M,3,03,26,27,28,29,31,32,,,,,,1.4,0.7,1.2,1*22
$GPGSA,M,3,03,26,27,28,29,31,32,,,,,,1.4,0.7,1.2,1*22
$GPGSA,M,3,03,26,27,28,29,31,32,,,,,,1.4,0.7,1.2,1*22
$GPGSA,M,3,03,26,27,28,29,31,32,,,,,,1.4,0.7,1.2,1*22
$GPGSA,M,3,03,26,27,28,29,31,32,,,,,,1.4,0.7,1.2,1*22
$GPGSA,M,3,03,26,27,28,29,31,32,,,,,,1.4,0.7,1.2,1*22
$GPGSA,M,3,03,26,28,29,31,32,,,,,,,1.4,0.7,1.2,1*27
$GPGSA,M,3,03,26,28,29,31,32,,,,,,,1.4,0.7,1.2,1*27
$GPGSA,M,3,03,26,28,29,31,32,,,,,,,1.4,0.7,1.2,1*27
$GPGSA,M,3,03,26,27,28,29,31,32,,,,,,1.4,0.7,1.2,1*22
$GPGSA,M,3,03,26,27,28,29,31,32,,,,,,1.4,0.7,1.2,1*22
$GPGSA,M,3,03,26,28,29,31,32,,,,,,,1.4,0.7,1.2,1*27
$GPGSA,M,3,03,26,28,29,31,32,,,,,,,1.4,0.7,1.2,1*27
$GPGSA,M,3,03,26,28,29,31,32,,,,,,,1.4,0.7,1.2,1*27
$GPGSA,M,3,03,26,28,29,31,32,,,,,,,1.4,0.7,1.2,1*27
$GPGSA,M,3,03,26,27,28,29,31,32,,,,,,1.3,0.6,1.1,1*27
$GPGSA,M,3,03,26,27,28,29,31,32,,,,,,1.3,0.6,1.1,1*27
$GPGSA,M,3,03,26,28,29,31,32,,,,,,,1.3,0.6,1.1,1*22
$GPGSA,M,3,03,26,28,29,31,32,,,,,,,1.3,0.6,1.1,1*22
$GPGSA,M,3,03,26,28,29,31,32,,,,,,,1.3,0.6,1.1,1*22
$GPGSA,M,3,03,26,28,29,31,32,,,,,,,1.4,0.7,1.2,1*27
$GPGSA,M,3,03,26,28,29,31,32,,,,,,,1.4,0.7,1.2,1*27
$GPGSA,M,3,03,26,28,29,31,32,,,,,,,1.4,0.7,1.2,1*27
$GPGSA,M,3,03,26,28,29,31,32,,,,,,,1.4,0.7,1.2,1*27
$GPGSA,M,3,03,26,28,29,31,32,,,,,,,1.4,0.7,1.2,1*27
$GPGSA,M,3,03,26,28,29,31,32,,,,,,,1.4,0.7,1.2,1*27
$GPGSA,M,3,03,26,27,28,29,31,32,,,,,,1.4,0.7,1.2,1*22
$GPGSA,M,3,03,26,27,28,29,31,32,,,,,,1.4,0.7,1.2,1*22
$GPGSA,M,3,03,26,28,29,31,32,,,,,,,1.4,0.7,1.2,1*27
$GPGSA,M,3,03,26,28,29,31,32,,,,,,,1.4,0.7,1.2,1*27
$GPGSA,M,3,03,26,28,29,31,32,,,,,,,1.4,0.7,1.2,1*27
$GPGSA,M,3,03,26,28,29,31,32,,,,,,,1.4,0.7,1.2,1*27
$GPGSA,M,3,03,26,28,29,31,32,,,,,,,1.4,0.7,1.2,1*27
$GPGSA,M,3,03,26,28,29,31,32,,,,,,,1.4,0.7,1.2,1*27
$GPGSA,M,3,03,26,28,29,31,32,,,,,,,1.4,0.7,1.2,1*27
$GPGSA,M,3,03,26,28,29,31,32,,,,,,,1.4,0.7,1.2,1*27
$GPGSA,M,3,03,26,28,29,31,32,,,,,,,1.4,0.7,1.2,1*27
$GPGSA,M,3,03,26,28,29,31,32,,,,,,,1.4,0.7,1.2,1*27
$GPGSA,M,3,03,26,28,29,31,32,,,,,,,1.4,0.7,1.2,1*27
$GPGSA,M,3,03,26,28,29,31,32,,,,,,,1.4,0.7,1.2,1*27
$GPGSA,M,3,03,26,28,29,31,32,,,,,,,1.4,0.7,1.2,1*27
$GPGSA,M,3,03,26,28,29,31,32,,,,,,,1.4,0.7,1.2,1*27
$GPGSA,M,3,03,26,28,29,31,32,,,,,,,1.4,0.7,1.2,1*27
$GPGSA,M,3,03,26,28,29,31,32,,,,,,,1.4,0.7,1.2,1*27
$GPGSA,M,3,03,26,28,29,31,32,,,,,,,1.4,0.7,1.2,1*27
$GPGSA,M,3,03,26,28,29,31,32,,,,,,,1.4,0.7,1.2,1*27
$GPGSA,M,3,03,26,28,29,31,32,,,,,,,1.4,0.7,1.2,1*27
$GPGSA,M,3,03,26,28,29,31,32,,,,,,,1.4,0.7,1.2,1*27
$GPGSA,M,3,03,26,28,29,31,32,,,,,,,1.4,0.7,1.2,1*27
$GPGSA,M,3,03,26,28,29,31,32,,,,,,,1.4,0.7,1.2,1*27
$GPGSA,M,3,03,26,28,29,31,32,,,,,,,1.4,0.7,1.2,1*27
$GPGSA,M,3,03,26,28,29,31,32,,,,,,,1.4,0.7,1.2,1*27
$GPGSA,M,3,03,26,28,29,31,32,,,,,,,1.4,0.7,1.2,1*27
$GPGSA,M,3,03,26,28,29,31,32,,,,,,,1.4,0.7,1.2,1*27
$GPGSA,M,3,03,26,28,29,31,32,,,,,,,1.4,0.7,1.2,1*27
$GPGSA,M,3,03,26,28,29,31,32,,,,,,,1.4,0.7,1.2,1*27
$GPGSA,M,3,03,26,28,29,31,32,,,,,,,1.4,0.7,1.2,1*27
$GPGSA,M,3,03,26,28,29,31,32,,,,,,,1.4,0.7,1.2,1*27
$GPGSA,M,3,03,26,28,29,31,32,,,,,,,1.4,0.7,1.2,1*27
$GPGSA,M,3,03,26,28,29,31,32,,,,,,,1.4,0.7,1.2,1*27
$GPGSA,M,3,03,26,28,29,31,32,,,,,,,1.4,0.7,1.2,1*27
$GPGSA,M,3,03,26,28,29,31,32,,,,,,,1.4,0.7,1.2,1*27
$GPGSA,M,3,03,26,28,29,31,32,,,,,,,1.4,0.7,1.2,1*27
$GPGSA,M,3,03,26,28,29,31,32,,,,,,,1.4,0.7,1.2,1*27
$GPGSA,M,3,03,26,28,29,31,32,,,,,,,1.4,0.7,1.2,1*27
$GPGSA,M,3,03,26,28,29,31,32,,,,,,,1.4,0.7,1.2,1*27
$GPGSA,M,3,03,26,28,29,31,32,,,,,,,1.4,0.7,1.2,1*27
$GPGSA,M,3,03,26,28,29,31,32,,,,,,,1.4,0.7,1.2,1*27
$GPGSA,M,3,03,26,28,29,31,32,,,,,,,1.4,0.7,1.2,1*27
$GPGSA,M,3,03,26,28,29,31,32,,,,,,,1.4,0.7,1.2,1*27
$GPGSA,M,3,03,26,28,29,31,32,,,,,,,1.4,0.7,1.2,1*27
$GPGSA,M,3,03,26,28,29,31,32,,,,,,,1.4,0.7,1.2,1*27
$GPGSA,M,3,03,26,28,29,31,32,,,,,,,1.4,0.7,1.2,1*27
$GPGSA,M,3,03,26,28,29,31,32,,,,,,,1.4,0.7,1.2,1*27
$GPGSA,M,3,03,26,28,29,31,32,,,,,,,1.4,0.7,1.2,1*27
$GPGSA,M,3,03,26,28,29,31,32,,,,,,,1.4,0.7,1.2,1*27
$GPGSA,M,3,03,26,28,29,31,32,,,,,,,1.4,0.7,1.2,1*27
$GPGSA,M,3,03,26,28,29,31,32,,,,,,,1.4,0.7,1.2,1*27
$GPGSA,M,3,03,26,28,29,31,32,,,,,,,1.4,0.7,1.2,1*27
$GPGSA,M,3,03,26,28,29,31,32,,,,,,,1.4,0.7,1.2,1*27
$GPGSA,M,3,03,26,28,29,31,32,,,,,,,1.4,0.7,1.2,1*27
$GPGSA,M,3,03,26,28,29,31,32,,,,,,,1.4,0.7,1.2,1*27
$GPGSA,M,3,03,26,28,29,31,32,,,,,,,1.4,0.7,1.2,1*27
$GPGSA,M,3,03,26,28,29,31,32,,,,,,,1.4,0.7,1.2,1*27
$GPGSA,M,3,03,26,28,29,31,32,,,,,,,1.4,0.7,1.2,1*27
$GPGSA,M,3,03,26,28,29,31,32,,,,,,,1.4,0.7,1.2,1*27
$GPGSA,M,3,03,26,28,29,31,32,,,,,,,1.4,0.7,1.2,1*27
$GPGSA,M,3,03,26,28,29,31,32,,,,,,,1.4,0.7,1.2,1*27
$GPGSA,M,3,03,26,28,29,31,32,,,,,,,1.4,0.7,1.2,1*27
$GPGSA,M,3,03,26,28,29,31,32,,,,,,,1.4,0.7,1.2,1*27
$GPGSA,M,3,03,26,28,29,31,32,,,,,,,1.4,0.7,1.2,1*27
$GPGSA,M,3,03,26,28,29,31,32,,,,,,,1.4,0.7,1.2,1*27
$GPGSA,M,3,03,26,28,29,31,32,,,,,,,1.4,0.7,1.2,1*27
$GPGSA,M,3,03,26,28,29,31,32,,,,,,,1.4,0.7,1.2,1*27
$GPGSA,M,3,03,26,28,29,31,32,,,,,,,1.4,0.7,1.2,1*27
$GPGSA,M,3,03,26,28,29,31,32,,,,,,,1.4,0.7,1.2,1*27
$GPGSA,M,3,03,26,28,29,31,32,,,,,,,1.4,0.7,1.2,1*27
$GPGSA,M,3,03,26,28,29,31,32,,,,,,,1.4,0.7,1.2,1*27
$GPGSA,M,3,03,26,28,29,31,32,,,,,,,1.4,0.7,1.2,1*27
$GPGSA,M,3,03,26,28,29,31,32,,,,,,,1.4,0.7,1.2,1*27
$GPGSA,M,3,03,26,28,29,31,32,,,,,,,1.4,0.7,1.2,1*27
$GPGSA,M,3,03,26,28,29,31,32,,,,,,,1.4,0.7,1.2,1*27
$GPGSA,M,3,03,26,28,29,31,32,,,,,,,1.4,0.7,1.2,1*27
$GPGSA,M,3,03,26,28,29,31,32,,,,,,,1.4,0.7,1.2,1*27
$GPGSA,M,3,03,26,28,29,31,32,,,,,,,1.4,0.7,1.2,1*27
$GPGSA,M,3,03,26,28,29,31,32,,,,,,,1.4,0.7,1.2,1*27
$GPGSA,M,3,03,26,28,29,31,32,,,,,,,1.4,0.7,1.2,1*27
$GPGSA,M,3,03,26,28,29,31,32,,,,,,,1.4,0.7,1.2,1*27
$GPGSA,M,3,03,26,28,29,31,32,,,,,,,1.4,0.7,1.2,1*27
$GPGSA,M,3,03,26,28,29,31,32,,,,,,,1.4,0.7,1.2,1*27
$GPGSA,M,3,03,26,28,29,31,32,,,,,,,1.4,0.7,1.2,1*27
$GPGSA,M,3,03,26,28,29,31,32,,,,,,,1.4,0.7,1.2,1*27
$GPGSA,M,3,03,26,28,29,31,32,,,,,,,1.4,0.7,1.2,1*27
$GPGSA,M,3,03,26,28,29,31,32,,,,,,,1.4,0.7,1.2,1*27
$GPGSA,M,3,03,26,28,29,31,32,,,,,,,1.4,0.7,1.2,1*27
$GPGSA,M,3,03,26,28,29,31,32,,,,,,,1.4,0.7,1.2,1*27
$GPGSA,M,3,03,26,28,29,31,32,,,,,,,1.4,0.7,1.2,1*27
$GPGSA,M,3,03,26,28,29,31,32,,,,,,,1.4,0.7,1.2,1*27
$GPGSA,M,3,03,26,28,29,31,32,,,,,,,1.4,0.7,1.2,1*27
$GPGSA,M,3,03,26,28,29,31,32,,,,,,,1.4,0.7,1.2,1*27
$GPGSA,M,3,03,26,28,29,31,32,,,,,,,1.4,0.7,1.2,1*27
$GPGSA,M,3,03,26,28,29,31,32,,,,,,,1.4,0.7,1.2,1*27
$GPGSA,M,3,03,26,28,29,31,32,,,,,,,1.4,0.7,1.2,1*27
$GPGSA,M,3,03,26,28,29,31,32,,,,,,,1.4,0.7,1.2,1*27
$GPGSA,M,3,03,26,28,29,31,32,,,,,,,1.4,0.7,1.2,1*27
$GPGSA,M,3,03,26,28,29,31,32,,,,,,,1.4,0.7,1.2,1*27
$GPGSA,M,3,03,26,28,29,31,32,,,,,,,1.4,0.7,1.2,1*27
$GPGSA,M,3,03,26,28,29,31,32,,,,,,,1.4,0.7,1.2,1*27
$GPGSA,M,3,03,26,28,29,31,32,,,,,,,1.4,0.7,1.2,1*27
$GPGSA,M,3,03,26,28,29,31,32,,,,,,,1.4,0.7,1.2,1*27
$GPGSA,M,3,03,26,28,29,31,32,,,,,,,1.4,0.7,1.2,1*27
$GPGSA,M,3,03,26,28,29,31,32,,,,,,,1.4,0.7,1.2,1*27
$GPGSA,M,3,03,26,28,29,31,32,,,,,,,1.4,0.7,1.2,1*27
$GPGSA,M,3,03,26,28,29,31,32,,,,,,,1.4,0.7,1.2,1*27
$GPGSA,M,3,03,26,28,29,31,32,,,,,,,1.4,0.7,1.2,1*27
$GPGSA,M,3,03,26,28,29,31,32,,,,,,,1.4,0.7,1.2,1*27
$GPGSA,M,3,03,26,28,29,31,32,,,,,,,1.4,0.7,1.2,1*27
$GPGSA,M,3,03,26,28,29,31,32,,,,,,,1.4,0.7,1.2,1*27
$GPGSA,M,3,03,26,28,29,31,32,,,,,,,1.4,0.7,1.2,1*27
$GPGSA,M,3,03,26,28,29,31,32,,,,,,,1.4,0.7,1.2,1*27
$GPGSA,M,3,03,26,28,29,31,32,,,,,,,1.4,0.7,1.2,1*27
$GPGSA,M,3,03,26,28,29,31,32,,,,,,,1.4,0.7,1.2,1*27
$GPGSA,M,3,03,26,28,29,31,32,,,,,,,1.4,0.7,1.2,1*27
$GPGSA,M,3,03,26,28,29,31,32,,,,,,,1.4,0.7,1.2,1*27
$GPGSA,M,3,03,26,28,29,31,32,,,,,,,1.4,0.7,1.2,1*27
$GPGSA,M,3,03,26,28,29,31,32,,,,,,,1.4,0.7,1.2,1*27
$GPGSA,M,3,03,26,28,29,31,32,,,,,,,1.4,0.7,1.2,1*27
$GPGSA,M,3,03,26,28,29,31,32,,,,,,,1.4,0.7,1.2,1*27
$GPGSA,M,3,03,26,28,29,31,32,,,,,,,1.4,0.7,1.2,1*27
$GPGSA,M,3,03,26,28,29,31,32,,,,,,,1.4,0.7,1.2,1*27
$GPGSA,M,3,03,26,28,29,31,32,,,,,,,1.4,0.7,1.2,1*27
$GPGSA,M,3,03,26,28,29,31,32,,,,,,,1.4,0.7,1.2,1*27
$GPGSA,M,3,03,26,28,29,31,32,,,,,,,1.4,0.7,1.2,1*27
$GPGSA,M,3,03,26,28,29,31,32,,,,,,,1.4,0.7,1.2,1*27
$GPGSA,M,3,03,26,28,29,31,32,,,,,,,1.4,0.7,1.2,1*27
$GPGSA,M,3,03,26,28,29,31,32,,,,,,,1.4,0.7,1.2,1*27
$GPGSA,M,3,03,26,28,29,31,32,,,,,,,1.4,0.7,1.2,1*27
$GPGSA,M,3,03,26,28,29,31,32,,,,,,,1.4,0.7,1.2,1*27
$GPGSA,M,3,03,26,28,29,31,32,,,,,,,1.4,0.7,1.2,1*27
$GPGSA,M,3,03,26,28,29,31,32,,,,,,,1.4,0.7,1.2,1*27
$GPGSA,M,3,03,26,28,29,31,32,,,,,,,1.3,0.6,1.1,1*22
$GPGSA,M,3,03,26,28,29,31,32,,,,,,,1.3,0.6,1.1,1*22
$GPGSA,M,3,03,26,28,29,31,32,,,,,,,1.3,0.6,1.1,1*22
$GPGSA,M,3,03,26,28,29,31,32,,,,,,,1.3,0.6,1.1,1*22
$GPGSA,M,3,03,26,28,29,31,32,,,,,,,1.3,0.6,1.1,1*22
$GPGSA,M,3,03,26,28,29,31,32,,,,,,,1.3,0.6,1.1,1*22
$GPGSA,M,3,03,26,28,29,31,32,,,,,,,1.3,0.6,1.1,1*22
$GPGSA,M,3,03,26,28,29,31,32,,,,,,,1.3,0.6,1.1,1*22
$GPGSA,M,3,03,26,28,29,31,32,,,,,,,1.3,0.6,1.1,1*22
$GPGSA,M,3,03,26,28,29,31,32,,,,,,,1.3,0.6,1.1,1*22
$GPGSA,M,3,03,26,27,28,29,31,32,,,,,,1.3,0.6,1.1,1*27
$GPGSA,M,3,03,26,27,28,29,31,32,,,,,,1.3,0.6,1.1,1*27
$GPGSA,M,3,03,26,27,28,29,31,32,,,,,,1.3,0.6,1.1,1*27
$GPGSA,M,3,03,26,27,28,29,31,32,,,,,,1.3,0.6,1.1,1*27
$GPGSA,M,3,03,26,27,28,29,31,32,,,,,,1.3,0.6,1.1,1*27
$GPGSA,M,3,03,26,27,28,29,31,32,,,,,,1.4,0.7,1.2,1*22
$GPGSA,M,3,03,26,27,28,29,31,32,,,,,,1.4,0.7,1.2,1*22
$GPGSA,M,3,03,26,27,28,29,31,32,,,,,,1.4,0.7,1.2,1*22
$GPGSA,M,3,03,26,27,28,29,31,32,,,,,,1.4,0.7,1.2,1*22
$GPGSA,M,3,03,26,27,28,29,31,32,,,,,,1.4,0.7,1.2,1*22
$GPGSA,M,3,03,26,27,28,29,31,32,,,,,,1.4,0.7,1.2,1*22
$GPGSA,M,3,03,26,27,28,29,31,32,,,,,,1.4,0.7,1.2,1*22
$GPGSA,M,3,03,26,27,28,29,31,32,,,,,,1.4,0.7,1.2,1*22
$GPGSA,M,3,03,26,27,28,29,31,32,,,,,,1.4,0.7,1.2,1*22
$GPGSA,M,3,03,26,27,28,29,31,32,,,,,,1.4,0.7,1.2,1*22
$GPGSA,M,3,03,26,27,28,29,31,32,,,,,,1.4,0.7,1.2,1*22
$GPGSA,M,3,03,26,27,28,29,31,32,,,,,,1.4,0.7,1.2,1*22
$GPGSA,M,3,03,26,28,29,31,32,,,,,,,1.4,0.7,1.2,1*27
$GPGSA,M,3,03,26,28,29,31,32,,,,,,,1.4,0.7,1.2,1*27
$GPGSA,M,3,03,26,28,29,31,32,,,,,,,1.4,0.7,1.2,1*27
$GPGSA,M,3,03,26,28,29,31,32,,,,,,,1.4,0.7,1.2,1*27
$GPGSA,M,3,03,26,28,29,31,32,,,,,,,1.4,0.7,1.2,1*27
$GPGSA,M,3,03,26,28,29,31,32,,,,,,,1.4,0.7,1.2,1*27
$GPGSA,M,3,03,26,28,29,31,32,,,,,,,1.4,0.7,1.2,1*27
$GPGSA,M,3,03,26,28,29,31,32,,,,,,,1.4,0.7,1.2,1*27
$GPGSA,M,3,03,26,28,29,31,32,,,,,,,1.4,0.7,1.2,1*27
$GPGSA,M,3,03,26,28,29,31,32,,,,,,,1.4,0.7,1.2,1*27
$GPGSA,M,3,03,26,28,29,31,32,,,,,,,1.4,0.7,1.2,1*27
$GPGSA,M,3,03,26,28,29,31,32,,,,,,,1.4,0.7,1.2,1*27
$GPGSA,M,3,03,26,28,29,31,32,,,,,,,1.4,0.7,1.2,1*27
$GPGSA,M,3,03,26,28,29,31,32,,,,,,,1.4,0.7,1.2,1*27
$GPGSA,M,3,03,26,28,29,31,32,,,,,,,1.4,0.7,1.2,1*27
$GPGSA,M,3,03,26,28,29,31,32,,,,,,,1.4,0.7,1.2,1*27
$GPGSA,M,3,03,26,28,29,31,32,,,,,,,1.4,0.7,1.2,1*27
$GPGSA,M,3,03,26,28,29,31,32,,,,,,,1.4,0.7,1.2,1*27
$GPGSA,M,3,03,26,28,29,31,32,,,,,,,1.4,0.7,1.2,1*27
$GPGSA,M,3,03,26,28,29,31,32,,,,,,,1.4,0.7,1.2,1*27
$GPGSA,M,3,03,26,28,29,31,32,,,,,,,1.4,0.7,1.2,1*27
$GPGSA,M,3,03,26,28,29,31,32,,,,,,,1.4,0.7,1.2,1*27
$GPGSA,M,3,03,26,28,29,31,32,,,,,,,1.4,0.7,1.2,1*27
$GPGSA,M,3,03,26,28,29,31,32,,,,,,,1.4,0.7,1.2,1*27
$GPGSA,M,3,03,26,28,29,31,32,,,,,,,1.4,0.7,1.2,1*27
$GPGSA,M,3,03,26,28,29,31,32,,,,,,,1.4,0.7,1.2,1*27
$GPGSA,M,3,03,26,28,29,31,32,,,,,,,1.4,0.7,1.2,1*27
$GPGSA,M,3,03,26,28,29,31,32,,,,,,,1.4,0.7,1.2,1*27
$GPGSA,M,3,03,26,28,29,31,32,,,,,,,1.4,0.7,1.2,1*27
$GPGSA,M,3,03,26,28,29,31,32,,,,,,,1.4,0.7,1.2,1*27
$GPGSA,M,3,03,26,28,29,31,32,,,,,,,1.4,0.7,1.2,1*27
$GPGSA,M,3,03,26,28,29,31,32,,,,,,,1.4,0.7,1.2,1*27
$GPGSA,M,3,03,26,28,29,31,32,,,,,,,1.4,0.7,1.2,1*27
$GPGSA,M,3,03,26,28,29,31,32,,,,,,,1.4,0.7,1.2,1*27
$GPGSA,M,3,03,26,28,29,31,32,,,,,,,1.4,0.7,1.2,1*27
$GPGSA,M,3,03,26,28,29,31,32,,,,,,,1.4,0.7,1.2,1*27
$GPGSA,M,3,03,26,28,29,31,32,,,,,,,1.4,0.7,1.2,1*27
$GPGSA,M,3,03,26,28,29,31,32,,,,,,,1.4,0.7,1.2,1*27
$GPGSA,M,3,03,26,28,29,31,32,,,,,,,1.4,0.7,1.2,1*27
$GPGSA,M,3,03,26,28,29,31,32,,,,,,,1.4,0.7,1.2,1*27
$GPGSA,M,3,03,26,28,29,31,32,,,,,,,1.4,0.7,1.2,1*27
$GPGSA,M,3,03,26,28,29,31,32,,,,,,,1.4,0.7,1.2,1*27
$GPGSA,M,3,03,26,28,29,31,32,,,,,,,1.4,0.7,1.2,1*27
$GPGSA,M,3,03,26,28,29,31,32,,,,,,,1.4,0.7,1.2,1*27
$GPGSA,M,3,03,26,28,29,31,32,,,,,,,1.4,0.7,1.2,1*27
$GPGSA,M,3,03,26,28,29,31,32,,,,,,,1.4,0.7,1.2,1*27
$GPGSA,M,3,03,26,28,29,31,32,,,,,,,1.4,0.7,1.2,1*27
$GPGSA,M,3,03,26,28,29,31,32,,,,,,,1.4,0.7,1.2,1*27
$GPGSA,M,3,03,26,28,29,31,32,,,,,,,1.4,0.7,1.2,1*27
$GPGSA,M,3,03,26,28,29,31,32,,,,,,,1.4,0.7,1.2,1*27
$GPGSA,M,3,03,26,28,29,31,32,,,,,,,1.4,0.7,1.2,1*27
$GPGSA,M,3,03,26,28,29,31,32,,,,,,,1.4,0.7,1.2,1*27
$GPGSA,M,3,03,26,28,29,31,32,,,,,,,1.4,0.7,1.2,1*27
$GPGSA,M,3,03,26,28,29,31,32,,,,,,,1.4,0.7,1.2,1*27
$GPGSA,M,3,03,26,28,29,31,32,,,,,,,1.4,0.7,1.2,1*27
$GPGSA,M,3,03,26,28,29,31,32,,,,,,,1.4,0.7,1.2,1*27
$GPGSA,M,3,03,26,28,29,31,32,,,,,,,1.4,0.7,1.2,1*27
$GPGSA,M,3,03,26,28,29,31,32,,,,,,,1.4,0.7,1.2,1*27
$GPGSA,M,3,03,26,28,29,31,32,,,,,,,1.4,0.7,1.2,1*27
$GPGSA,M,3,03,26,28,29,31,32,,,,,,,1.4,0.7,1.2,1*27
$GPGSA,M,3,03,26,28,29,31,32,,,,,,,1.4,0.7,1.2,1*27
$GPGSA,M,3,03,26,28,29,31,32,,,,,,,1.4,0.7,1.2,1*27
$GPGSA,M,3,03,26,28,29,31,32,,,,,,,1.4,0.7,1.2,1*27
$GPGSA,M,3,03,26,28,29,31,32,,,,,,,1.4,0.7,1.2,1*27
$GPGSA,M,3,03,26,28,29,31,32,,,,,,,1.4,0.7,1.2,1*27
$GPGSA,M,3,03,26,28,29,31,32,,,,,,,1.4,0.7,1.2,1*27
$GPGSA,M,3,03,26,28,29,31,32,,,,,,,1.4,0.7,1.2,1*27
$GPGSA,M,3,03,26,28,29,31,32,,,,,,,1.4,0.7,1.2,1*27
$GPGSA,M,3,03,26,28,29,31,32,,,,,,,1.4,0.7,1.2,1*27
$GPGSA,M,3,03,26,28,29,31,32,,,,,,,1.4,0.7,1.2,1*27
$GPGSA,M,3,03,26,28,29,31,32,,,,,,,1.4,0.7,1.2,1*27
$GPGSA,M,3,03,26,28,29,31,32,,,,,,,1.4,0.7,1.2,1*27
$GPGSA,M,3,03,26,28,29,31,32,,,,,,,1.4,0.7,1.2,1*27
$GPGSA,M,3,03,26,28,29,31,32,,,,,,,1.4,0.7,1.2,1*27
$GPGSA,M,3,03,26,28,29,31,32,,,,,,,1.4,0.7,1.2,1*27
$GPGSA,M,3,03,26,28,29,31,32,,,,,,,1.4,0.7,1.2,1*27
$GPGSA,M,3,03,26,28,29,31,32,,,,,,,1.4,0.7,1.2,1*27
$GPGSA,M,3,03,26,28,29,31,32,,,,,,,1.4,0.7,1.2,1*27
$GPGSA,M,3,03,26,28,29,31,32,,,,,,,1.4,0.7,1.2,1*27
$GPGSA,M,3,03,26,28,29,31,32,,,,,,,1.4,0.7,1.2,1*27
$GPGSA,M,3,03,26,28,29,31,32,,,,,,,1.4,0.7,1.2,1*27
$GPGSA,M,3,03,26,28,29,31,32,,,,,,,1.4,0.7,1.2,1*27
$GPGSA,M,3,03,26,28,29,31,32,,,,,,,1.4,0.7,1.2,1*27
$GPGSA,M,3,03,26,28,29,31,32,,,,,,,1.4,0.7,1.2,1*27
$GPGSA,M,3,03,26,28,29,31,32,,,,,,,1.4,0.7,1.2,1*27
$GPGSA,M,3,03,26,28,29,31,32,,,,,,,1.4,0.7,1.2,1*27
$GPGSA,M,3,03,26,28,29,31,32,,,,,,,1.4,0.7,1.2,1*27
$GPGSA,M,3,03,26,28,29,31,32,,,,,,,1.4,0.7,1.2,1*27
$GPGSA,M,3,03,26,28,29,31,32,,,,,,,1.4,0.7,1.2,1*27
$GPGSA,M,3,03,26,28,29,31,32,,,,,,,1.4,0.7,1.2,1*27
$GPGSA,M,3,03,26,28,29,31,32,,,,,,,1.4,0.7,1.2,1*27
$GPGSA,M,3,03,26,28,29,31,32,,,,,,,1.4,0.7,1.2,1*27
$GPGSA,M,3,03,26,28,29,31,32,,,,,,,1.4,0.7,1.2,1*27
$GPGSA,M,3,03,26,28,29,31,32,,,,,,,1.4,0.7,1.2,1*27
$GPGSA,M,3,03,26,28,29,31,32,,,,,,,1.4,0.7,1.2,1*27
$GPGSA,M,3,03,26,28,29,31,32,,,,,,,1.4,0.7,1.2,1*27
$GPGSA,M,3,03,26,28,29,31,32,,,,,,,1.4,0.7,1.2,1*27
$GPGSA,M,3,03,26,28,29,31,32,,,,,,,1.4,0.7,1.2,1*27
$GPGSA,M,3,03,26,28,29,31,32,,,,,,,1.4,0.7,1.2,1*27
$GPGSA,M,3,03,26,28,29,31,32,,,,,,,1.4,0.7,1.2,1*27
$GPGSA,M,3,03,26,28,29,31,32,,,,,,,1.4,0.7,1.2,1*27
$GPGSA,M,3,03,26,28,29,31,32,,,,,,,1.4,0.7,1.2,1*27
$GPGSA,M,3,03,26,28,29,31,32,,,,,,,1.4,0.7,1.2,1*27
$GPGSA,M,3,03,26,28,29,31,32,,,,,,,1.4,0.7,1.2,1*27
$GPGSA,M,3,03,26,28,29,31,32,,,,,,,1.4,0.7,1.2,1*27
$GPGSA,M,3,03,26,28,29,31,32,,,,,,,1.4,0.7,1.2,1*27
$GPGSA,M,3,03,26,28,29,31,32,,,,,,,1.4,0.7,1.2,1*27
$GPGSA,M,3,03,26,28,29,31,32,,,,,,,1.4,0.7,1.2,1*27
$GPGSA,M,3,03,26,28,29,31,32,,,,,,,1.4,0.7,1.2,1*27
$GPGSA,M,3,03,26,28,29,31,32,,,,,,,1.4,0.7,1.2,1*27
$GPGSA,M,3,03,26,28,29,31,32,,,,,,,1.4,0.7,1.2,1*27
$GPGSA,M,3,03,26,28,29,31,32,,,,,,,1.4,0.7,1.2,1*27
$GPGSA,M,3,03,26,28,29,31,32,,,,,,,1.4,0.7,1.2,1*27
$GPGSA,M,3,03,26,28,29,31,32,,,,,,,1.4,0.7,1.2,1*27
$GPGSA,M,3,03,26,28,29,31,32,,,,,,,1.4,0.7,1.2,1*27
$GPGSA,M,3,03,26,28,29,31,32,,,,,,,1.4,0.7,1.2,1*27
$GPGSA,M,3,03,26,28,29,31,32,,,,,,,1.4,0.7,1.2,1*27
$GPGSA,M,3,03,26,28,29,31,32,,,,,,,1.4,0.7,1.2,1*27
$GPGSA,M,3,03,26,28,29,31,32,,,,,,,1.3,0.6,1.1,1*22
$GPGSA,M,3,03,26,28,29,31,32,,,,,,,1.3,0.6,1.1,1*22
$GPGSA,M,3,03,26,28,29,31,32,,,,,,,1.3,0.6,1.1,1*22
$GPGSA,M,3,03,26,28,29,31,32,,,,,,,1.3,0.6,1.1,1*22
$GPGSA,M,3,03,26,27,28,29,31,32,,,,,,1.3,0.6,1.1,1*27
$GPGSA,M,3,03,26,27,28,29,31,32,,,,,,1.4,0.7,1.2,1*22
$GPGSA,M,3,03,26,27,28,29,31,32,,,,,,1.4,0.7,1.2,1*22
$GPGSA,M,3,03,26,27,28,29,31,32,,,,,,1.4,0.7,1.2,1*22
$GPGSA,M,3,03,26,27,28,29,31,32,,,,,,1.4,0.7,1.2,1*22
$GPGSA,M,3,03,26,27,28,29,31,32,,,,,,1.4,0.7,1.2,1*22
$GPGSA,M,3,03,26,28,29,31,32,,,,,,,1.4,0.7,1.2,1*27
$GPGSA,M,3,03,26,28,29,31,32,,,,,,,1.4,0.7,1.2,1*27
$GPGSA,M,3,03,26,28,29,31,32,,,,,,,1.4,0.7,1.2,1*27
$GPGSA,M,3,03,26,28,29,31,32,,,,,,,1.4,0.7,1.2,1*27
$GPGSA,M,3,03,26,28,29,31,32,,,,,,,1.4,0.7,1.2,1*27
$GPGSA,M,3,03,26,28,29,31,32,,,,,,,1.3,0.6,1.1,1*22
$GPGSA,M,3,03,26,28,29,31,32,,,,,,,1.3,0.6,1.1,1*22
$GPGSA,M,3,03,26,28,29,31,32,,,,,,,1.3,0.6,1.1,1*22
$GPGSA,M,3,03,26,28,29,31,32,,,,,,,1.3,0.6,1.1,1*22
$GPGSA,M,3,03,26,28,29,31,32,,,,,,,1.3,0.6,1.1,1*22
$GPGSA,M,3,03,26,28,29,31,32,,,,,,,1.4,0.7,1.2,1*27
$GPGSA,M,3,03,26,28,29,31,32,,,,,,,1.4,0.7,1.2,1*27
$GPGSA,M,3,03,26,28,29,31,32,,,,,,,1.4,0.7,1.2,1*27
$GPGSA,M,3,03,26,28,29,31,32,,,,,,,1.4,0.7,1.2,1*27
$GPGSA,M,3,03,26,28,29,31,32,,,,,,,1.4,0.7,1.2,1*27
$GPGSA,M,3,03,26,28,29,31,32,,,,,,,1.4,0.7,1.2,1*27
$GPGSA,M,3,03,26,28,29,31,32,,,,,,,1.4,0.7,1.2,1*27
$GPGSA,M,3,03,26,28,29,31,32,,,,,,,1.4,0.7,1.2,1*27
$GPGSA,M,3,03,26,28,29,31,32,,,,,,,1.4,0.7,1.2,1*27
$GPGSA,M,3,03,26,28,29,31,32,,,,,,,1.4,0.7,1.2,1*27
$GPGSA,M,3,03,26,28,29,31,32,,,,,,,1.4,0.7,1.2,1*27
$GPGSA,M,3,03,26,28,29,31,32,,,,,,,1.4,0.7,1.2,1*27
$GPGSA,M,3,03,26,28,29,31,32,,,,,,,1.4,0.7,1.2,1*27
$GPGSA,M,3,03,26,28,29,31,32,,,,,,,1.4,0.7,1.2,1*27
$GPGSA,M,3,03,26,28,29,31,32,,,,,,,1.4,0.7,1.2,1*27
$GPGSA,M,3,03,26,28,29,31,32,,,,,,,1.4,0.7,1.2,1*27
$GPGSA,M,3,03,26,28,29,31,32,,,,,,,1.4,0.7,1.2,1*27
$GPGSA,M,3,03,26,28,29,31,32,,,,,,,1.4,0.7,1.2,1*27
$GPGSA,M,3,03,26,28,29,31,32,,,,,,,1.4,0.7,1.2,1*27
$GPGSA,M,3,03,26,28,29,31,32,,,,,,,1.4,0.7,1.2,1*27
$GPGSA,M,3,03,26,28,29,31,32,,,,,,,1.4,0.7,1.2,1*27
$GPGSA,M,3,03,26,28,29,31,32,,,,,,,1.4,0.7,1.2,1*27
$GPGSA,M,3,03,26,28,29,31,32,,,,,,,1.4,0.7,1.2,1*27
$GPGSA,M,3,03,26,28,29,31,32,,,,,,,1.4,0.7,1.2,1*27
$GPGSA,M,3,03,26,28,29,31,32,,,,,,,1.4,0.7,1.2,1*27
$GPGSA,M,3,03,26,28,29,31,32,,,,,,,1.4,0.7,1.2,1*27
$GPGSA,M,3,03,26,28,29,31,32,,,,,,,1.4,0.7,1.2,1*27
$GPGSA,M,3,03,26,28,29,31,32,,,,,,,1.4,0.7,1.2,1*27
$GPGSA,M,3,03,26,28,29,31,32,,,,,,,1.4,0.7,1.2,1*27
$GPGSA,M,3,03,26,28,29,31,32,,,,,,,1.4,0.7,1.2,1*27
$GPGSA,M,3,03,26,28,29,31,32,,,,,,,1.4,0.7,1.2,1*27
$GPGSA,M,3,03,26,28,29,31,32,,,,,,,1.4,0.7,1.2,1*27
$GPGSA,M,3,03,26,28,29,31,32,,,,,,,1.4,0.7,1.2,1*27
$GPGSA,M,3,03,26,28,29,31,32,,,,,,,1.4,0.7,1.2,1*27
$GPGSA,M,3,03,26,28,29,31,32,,,,,,,1.4,0.7,1.2,1*27
$GPGSA,M,3,03,26,28,29,31,32,,,,,,,1.4,0.7,1.2,1*27
$GPGSA,M,3,03,26,28,29,31,32,,,,,,,1.4,0.7,1.2,1*27
$GPGSA,M,3,03,26,28,29,31,32,,,,,,,1.4,0.7,1.2,1*27
$GPGSA,M,3,03,26,28,29,31,32,,,,,,,1.4,0.7,1.2,1*27
$GPGSA,M,3,03,26,28,29,31,32,,,,,,,1.4,0.7,1.2,1*27
$GPGSA,M,3,03,26,28,29,31,32,,,,,,,1.4,0.7,1.2,1*27
$GPGSA,M,3,03,26,28,29,31,32,,,,,,,1.4,0.7,1.2,1*27
$GPGSA,M,3,03,26,28,29,31,32,,,,,,,1.4,0.7,1.2,1*27
$GPGSA,M,3,03,26,28,29,31,32,,,,,,,1.4,0.7,1.2,1*27
$GPGSA,M,3,03,26,28,29,31,32,,,,,,,1.4,0.7,1.2,1*27
$GPGSA,M,3,03,26,28,29,31,32,,,,,,,1.4,0.7,1.2,1*27
$GPGSA,M,3,03,26,28,29,31,32,,,,,,,1.4,0.7,1.2,1*27
$GPGSA,M,3,03,26,28,29,31,32,,,,,,,1.4,0.7,1.2,1*27
$GPGSA,M,3,03,26,28,29,31,32,,,,,,,1.4,0.7,1.2,1*27
$GPGSA,M,3,03,26,28,29,31,32,,,,,,,1.4,0.7,1.2,1*27
$GPGSA,M,3,03,26,28,29,31,32,,,,,,,1.4,0.7,1.2,1*27
$GPGSA,M,3,03,26,28,29,31,32,,,,,,,1.4,0.7,1.2,1*27
$GPGSA,M,3,03,26,28,29,31,32,,,,,,,1.4,0.7,1.2,1*27
$GPGSA,M,3,03,26,28,29,31,32,,,,,,,1.4,0.7,1.2,1*27
$GPGSA,M,3,03,26,28,29,31,32,,,,,,,1.4,0.7,1.2,1*27
$GPGSA,M,3,03,26,28,29,31,32,,,,,,,1.4,0.7,1.2,1*27
$GPGSA,M,3,03,26,28,29,31,32,,,,,,,1.4,0.7,1.2,1*27
$GPGSA,M,3,03,26,28,29,31,32,,,,,,,1.4,0.7,1.2,1*27
$GPGSA,M,3,03,26,28,29,31,32,,,,,,,1.4,0.7,1.2,1*27
$GPGSA,M,3,03,26,28,29,31,32,,,,,,,1.4,0.7,1.2,1*27
$GPGSA,M,3,03,26,28,29,31,32,,,,,,,1.4,0.7,1.2,1*27
$GPGSA,M,3,03,26,28,29,31,32,,,,,,,1.4,0.7,1.2,1*27
$GPGSA,M,3,03,26,28,29,31,32,,,,,,,1.4,0.7,1.2,1*27
$GPGSA,M,3,03,26,28,29,31,32,,,,,,,1.4,0.7,1.2,1*27
$GPGSA,M,3,03,26,28,29,31,32,,,,,,,1.4,0.7,1.2,1*27
$GPGSA,M,3,03,26,28,29,31,32,,,,,,,1.4,0.7,1.2,1*27
$GPGSA,M,3,03,26,28,29,31,32,,,,,,,1.4,0.7,1.2,1*27
$GPGSA,M,3,03,26,28,29,31,32,,,,,,,1.4,0.7,1.2,1*27
$GPGSA,M,3,03,04,26,28,29,31,32,,,,,,1.4,0.7,1.2,1*23
$GPGSA,M,3,03,04,26,28,29,31,32,,,,,,1.4,0.7,1.2,1*23
$GPGSA,M,3,03,04,26,28,29,31,32,,,,,,1.4,0.7,1.2,1*23
$GPGSA,M,3,03,04,26,28,29,31,32,,,,,,1.4,0.7,1.2,1*23
$GPGSA,M,3,03,04,26,28,29,31,32,,,,,,1.4,0.7,1.2,1*23
$GPGSA,M,3,03,04,26,28,29,31,32,,,,,,1.4,0.7,1.2,1*23
$GPGSA,M,3,03,04,26,28,29,31,32,,,,,,1.4,0.7,1.2,1*23
$GPGSA,M,3,03,04,26,28,29,31,32,,,,,,1.4,0.7,1.2,1*23
$GPGSA,M,3,03,04,26,28,29,31,32,,,,,,1.4,0.7,1.2,1*23
$GPGSA,M,3,03,04,26,28,29,31,32,,,,,,1.4,0.7,1.2,1*23
$GPGSA,M,3,03,04,26,28,29,31,32,,,,,,1.4,0.7,1.2,1*23
$GPGSA,M,3,03,04,26,28,29,31,32,,,,,,1.4,0.7,1.2,1*23
$GPGSA,M,3,03,04,26,28,29,31,32,,,,,,1.4,0.7,1.2,1*23
$GPGSA,M,3,03,04,26,28,29,31,32,,,,,,1.4,0.7,1.2,1*23
$GPGSA,M,3,03,04,26,28,29,31,32,,,,,,1.4,0.7,1.2,1*23
$GPGSA,M,3,03,04,26,28,29,31,32,,,,,,1.4,0.7,1.2,1*23
$GPGSA,M,3,03,04,26,28,29,31,32,,,,,,1.4,0.7,1.2,1*23
$GPGSA,M,3,03,04,26,28,29,31,32,,,,,,1.4,0.7,1.2,1*23
$GPGSA,M,3,03,04,26,28,29,31,32,,,,,,1.4,0.7,1.2,1*23
$GPGSA,M,3,03,04,26,28,29,31,32,,,,,,1.4,0.7,1.2,1*23
$GPGSA,M,3,03,04,26,28,29,31,32,,,,,,1.4,0.7,1.2,1*23
$GPGSA,M,3,03,04,26,28,29,31,32,,,,,,1.4,0.7,1.2,1*23
$GPGSA,M,3,03,04,26,28,29,31,32,,,,,,1.4,0.7,1.2,1*23
$GPGSA,M,3,03,04,26,28,29,31,32,,,,,,1.4,0.7,1.2,1*23
$GPGSA,M,3,03,04,26,28,29,31,32,,,,,,1.4,0.7,1.2,1*23
$GPGSA,M,3,03,04,26,28,29,31,32,,,,,,1.4,0.7,1.2,1*23
$GPGSA,M,3,03,04,26,28,29,31,32,,,,,,1.4,0.7,1.2,1*23
$GPGSA,M,3,03,04,26,28,29,31,32,,,,,,1.4,0.7,1.2,1*23
$GPGSA,M,3,03,04,26,28,29,31,32,,,,,,1.4,0.7,1.2,1*23
$GPGSA,M,3,03,04,26,28,29,31,32,,,,,,1.4,0.7,1.2,1*23
$GPGSA,M,3,03,04,26,28,29,31,32,,,,,,1.4,0.7,1.2,1*23
$GPGSA,M,3,03,04,26,28,29,31,32,,,,,,1.4,0.7,1.2,1*23
$GPGSA,M,3,03,04,26,28,29,31,32,,,,,,1.4,0.7,1.2,1*23
$GPGSA,M,3,03,04,26,28,29,31,32,,,,,,1.4,0.7,1.2,1*23
$GPGSA,M,3,03,04,26,28,29,31,32,,,,,,1.4,0.7,1.2,1*23
$GPGSA,M,3,03,04,26,28,29,31,32,,,,,,1.4,0.7,1.2,1*23
$GPGSA,M,3,03,04,26,28,29,31,32,,,,,,1.4,0.7,1.2,1*23
$GPGSA,M,3,03,04,26,28,29,31,32,,,,,,1.4,0.7,1.2,1*23
$GPGSA,M,3,03,04,26,28,29,31,32,,,,,,1.4,0.7,1.2,1*23
$GPGSA,M,3,03,04,26,28,29,31,32,,,,,,1.4,0.7,1.2,1*23
$GPGSA,M,3,03,04,26,28,29,31,32,,,,,,1.4,0.7,1.2,1*23
$GPGSA,M,3,03,04,26,28,29,31,32,,,,,,1.4,0.7,1.2,1*23
$GPGSA,M,3,03,04,26,28,29,31,32,,,,,,1.4,0.7,1.2,1*23
$GPGSA,M,3,03,04,26,28,29,31,32,,,,,,1.4,0.7,1.2,1*23
$GPGSA,M,3,03,04,26,28,29,31,32,,,,,,1.4,0.7,1.2,1*23
$GPGSA,M,3,03,04,26,27,28,29,31,32,,,,,1.4,0.7,1.2,1*26
$GPGSA,M,3,03,04,26,27,28,29,31,32,,,,,1.4,0.7,1.2,1*26
$GPGSA,M,3,03,04,26,27,28,29,31,32,,,,,1.4,0.7,1.2,1*26
$GPGSA,M,3,03,04,26,27,28,29,31,32,,,,,1.4,0.7,1.2,1*26
$GPGSA,M,3,03,04,26,27,28,29,31,32,,,,,1.4,0.7,1.2,1*26
$GPGSA,M,3,03,04,26,27,28,29,31,32,,,,,1.4,0.7,1.2,1*26
$GPGSA,M,3,03,04,26,27,28,29,31,32,,,,,1.4,0.7,1.2,1*26
$GPGSA,M,3,03,04,26,27,28,29,31,32,,,,,1.4,0.7,1.2,1*26
$GPGSA,M,3,03,04,26,27,28,29,31,32,,,,,1.4,0.7,1.2,1*26
$GPGSA,M,3,03,04,26,27,28,29,31,32,,,,,1.4,0.7,1.2,1*26
$GPGSA,M,3,03,04,26,27,28,29,31,32,,,,,1.4,0.7,1.2,1*26
$GPGSA,M,3,03,04,26,27,28,29,31,32,,,,,1.4,0.7,1.2,1*26
$GPGSA,M,3,03,04,26,27,28,29,31,32,,,,,1.4,0.7,1.2,1*26
$GPGSA,M,3,03,04,26,27,28,29,31,32,,,,,1.4,0.7,1.2,1*26
$GPGSA,M,3,03,04,26,27,28,29,31,32,,,,,1.4,0.7,1.2,1*26
$GPGSA,M,3,03,04,26,27,28,29,31,32,,,,,1.4,0.7,1.2,1*26
$GPGSA,M,3,03,04,26,27,28,29,31,32,,,,,1.4,0.7,1.2,1*26
$GPGSA,M,3,03,04,26,27,28,29,31,32,,,,,1.4,0.7,1.2,1*26
$GPGSA,M,3,03,04,26,27,28,29,31,32,,,,,1.4,0.7,1.2,1*26
$GPGSA,M,3,03,04,26,28,29,31,32,,,,,,1.4,0.7,1.2,1*23
$GPGSA,M,3,03,04,26,28,29,31,32,,,,,,1.4,0.7,1.2,1*23
$GPGSA,M,3,03,04,26,28,29,31,32,,,,,,1.4,0.7,1.2,1*23
$GPGSA,M,3,03,04,26,28,29,31,32,,,,,,1.4,0.7,1.2,1*23
$GPGSA,M,3,03,04,26,28,29,31,32,,,,,,1.4,0.7,1.2,1*23
$GPGSA,M,3,03,04,26,28,29,31,32,,,,,,1.4,0.7,1.2,1*23
$GPGSA,M,3,03,04,26,28,29,31,32,,,,,,1.4,0.7,1.2,1*23
$GPGSA,M,3,03,04,26,28,29,31,32,,,,,,1.4,0.7,1.2,1*23
$GPGSA,M,3,03,04,26,28,29,31,32,,,,,,1.4,0.7,1.2,1*23
$GPGSA,M,3,03,04,26,28,29,31,32,,,,,,1.4,0.7,1.2,1*23
$GPGSA,M,3,03,04,26,28,29,31,32,,,,,,1.4,0.7,1.2,1*23
$GPGSA,M,3,03,04,26,28,29,31,32,,,,,,1.4,0.7,1.2,1*23
$GPGSA,M,3,03,04,26,28,29,31,32,,,,,,1.4,0.7,1.2,1*23
$GPGSA,M,3,03,04,26,28,29,31,32,,,,,,1.4,0.7,1.2,1*23
$GPGSA,M,3,03,04,26,28,29,31,32,,,,,,1.4,0.7,1.2,1*23
$GPGSA,M,3,03,04,26,28,29,31,32,,,,,,1.4,0.7,1.2,1*23
$GPGSA,M,3,03,04,26,28,29,31,32,,,,,,1.4,0.7,1.2,1*23
$GPGSA,M,3,03,04,26,28,29,31,32,,,,,,1.4,0.7,1.2,1*23
$GPGSA,M,3,03,04,26,28,29,31,32,,,,,,1.4,0.7,1.2,1*23
$GPGSA,M,3,03,04,26,28,29,31,32,,,,,,1.4,0.7,1.2,1*23
$GPGSA,M,3,03,04,26,28,29,31,32,,,,,,1.4,0.7,1.2,1*23
$GPGSA,M,3,03,04,26,28,29,31,32,,,,,,1.4,0.7,1.2,1*23
$GPGSA,M,3,03,04,26,28,29,31,32,,,,,,1.4,0.7,1.2,1*23
$GPGSA,M,3,03,04,26,28,29,31,32,,,,,,1.4,0.7,1.2,1*23
$GPGSA,M,3,03,04,26,28,29,31,32,,,,,,1.4,0.7,1.2,1*23
$GPGSA,M,3,03,04,26,28,29,31,32,,,,,,1.4,0.7,1.2,1*23
$GPGSA,M,3,03,04,26,28,29,31,32,,,,,,1.4,0.7,1.2,1*23
$GPGSA,M,3,03,04,26,28,29,31,32,,,,,,1.4,0.7,1.2,1*23
$GPGSA,M,3,03,04,26,28,29,31,32,,,,,,1.4,0.7,1.2,1*23
$GPGSA,M,3,03,04,26,28,29,31,32,,,,,,1.4,0.7,1.2,1*23
$GPGSA,M,3,03,04,26,28,29,31,32,,,,,,1.4,0.7,1.2,1*23
$GPGSA,M,3,03,04,26,28,29,31,32,,,,,,1.4,0.7,1.2,1*23
$GPGSA,M,3,03,04,26,28,29,31,32,,,,,,1.4,0.7,1.2,1*23
$GPGSA,M,3,03,04,26,28,29,31,32,,,,,,1.4,0.7,1.2,1*23
$GPGSA,M,3,03,04,26,28,29,31,32,,,,,,1.4,0.7,1.2,1*23
$GPGSA,M,3,03,04,26,28,29,31,32,,,,,,1.4,0.7,1.2,1*23
$GPGSA,M,3,03,04,26,28,29,31,32,,,,,,1.4,0.7,1.2,1*23
$GPGSA,M,3,03,04,26,28,29,31,32,,,,,,1.4,0.7,1.2,1*23
$GPGSA,M,3,03,04,26,28,29,31,32,,,,,,1.4,0.7,1.2,1*23
$GPGSA,M,3,03,04,26,28,29,31,32,,,,,,1.4,0.7,1.2,1*23
$GPGSA,M,3,03,04,26,28,29,31,32,,,,,,1.4,0.7,1.2,1*23
$GPGSA,M,3,03,04,26,28,29,31,32,,,,,,1.4,0.7,1.2,1*23
$GPGSA,M,3,03,04,26,28,29,31,32,,,,,,1.4,0.7,1.2,1*23
$GPGSA,M,3,03,04,26,28,29,31,32,,,,,,1.4,0.7,1.2,1*23
$GPGSA,M,3,03,04,26,28,29,31,32,,,,,,1.4,0.7,1.2,1*23
$GPGSA,M,3,03,04,26,28,29,31,32,,,,,,1.4,0.7,1.2,1*23
$GPGSA,M,3,03,04,26,28,29,31,32,,,,,,1.4,0.7,1.2,1*23
$GPGSA,M,3,03,04,26,28,29,31,32,,,,,,1.4,0.7,1.2,1*23
$GPGSA,M,3,03,04,26,28,29,31,32,,,,,,1.4,0.7,1.2,1*23
$GPGSA,M,3,03,04,26,28,29,31,32,,,,,,1.4,0.7,1.2,1*23
$GPGSA,M,3,03,04,26,28,29,31,32,,,,,,1.4,0.7,1.2,1*23
$GPGSA,M,3,03,04,26,28,29,31,32,,,,,,1.4,0.7,1.2,1*23
$GPGSA,M,3,03,04,26,28,29,31,32,,,,,,1.4,0.7,1.2,1*23
$GPGSA,M,3,03,04,26,28,29,31,32,,,,,,1.4,0.7,1.2,1*23
$GPGSA,M,3,03,04,26,28,29,31,32,,,,,,1.4,0.7,1.2,1*23
$GPGSA,M,3,03,04,26,28,29,31,32,,,,,,1.4,0.7,1.2,1*23
$GPGSA,M,3,03,04,26,28,29,31,32,,,,,,1.4,0.7,1.2,1*23
$GPGSA,M,3,03,04,26,28,29,31,32,,,,,,1.4,0.7,1.2,1*23
$GPGSA,M,3,03,04,26,28,29,31,32,,,,,,1.4,0.7,1.2,1*23
$GPGSA,M,3,03,04,26,28,29,31,32,,,,,,1.4,0.7,1.2,1*23
$GPGSA,M,3,03,04,26,28,29,31,32,,,,,,1.4,0.7,1.2,1*23
$GPGSA,M,3,03,04,26,28,29,31,32,,,,,,1.4,0.7,1.2,1*23
$GPGSA,M,3,03,04,26,28,29,31,32,,,,,,1.4,0.7,1.2,1*23
$GPGSA,M,3,03,04,26,28,29,31,32,,,,,,1.4,0.7,1.2,1*23
$GPGSA,M,3,03,04,26,28,29,31,32,,,,,,1.4,0.7,1.2,1*23
$GPGSA,M,3,03,04,26,28,29,31,32,,,,,,1.4,0.7,1.2,1*23
$GPGSA,M,3,03,04,26,28,29,31,32,,,,,,1.4,0.7,1.2,1*23
$GPGSA,M,3,03,04,26,28,29,31,32,,,,,,1.4,0.7,1.2,1*23
$GPGSA,M,3,03,04,26,28,29,31,32,,,,,,1.4,0.7,1.2,1*23
$GPGSA,M,3,03,04,26,28,29,31,32,,,,,,1.4,0.7,1.2,1*23
$GPGSA,M,3,03,04,26,28,29,31,32,,,,,,1.4,0.7,1.2,1*23
$GPGSA,M,3,03,04,26,28,29,31,32,,,,,,1.4,0.7,1.2,1*23
$GPGSA,M,3,03,04,26,28,29,31,32,,,,,,1.4,0.7,1.2,1*23
$GPGSA,M,3,03,04,26,28,29,31,32,,,,,,1.4,0.7,1.2,1*23
$GPGSA,M,3,03,04,26,28,29,31,32,,,,,,1.4,0.7,1.2,1*23
$GPGSA,M,3,03,04,26,28,29,31,32,,,,,,1.4,0.7,1.2,1*23
$GPGSA,M,3,03,04,26,28,29,31,32,,,,,,1.4,0.7,1.2,1*23
$GPGSA,M,3,03,04,26,28,29,31,32,,,,,,1.4,0.7,1.2,1*23
$GPGSA,M,3,03,04,26,28,29,31,32,,,,,,1.4,0.7,1.2,1*23
$GPGSA,M,3,03,04,26,28,29,31,32,,,,,,1.4,0.7,1.2,1*23
$GPGSA,M,3,03,04,26,28,29,31,32,,,,,,1.4,0.7,1.2,1*23
$GPGSA,M,3,03,04,26,28,29,31,32,,,,,,1.4,0.7,1.2,1*23
$GPGSA,M,3,03,04,26,28,29,31,32,,,,,,1.4,0.7,1.2,1*23
$GPGSA,M,3,03,04,26,28,29,31,32,,,,,,1.4,0.7,1.2,1*23
$GPGSA,M,3,03,04,26,28,29,31,32,,,,,,1.4,0.7,1.2,1*23
$GPGSA,M,3,03,04,26,28,29,31,32,,,,,,1.4,0.7,1.2,1*23
$GPGSA,M,3,03,04,26,28,29,31,32,,,,,,1.4,0.7,1.2,1*23
$GPGSA,M,3,03,04,26,28,29,31,32,,,,,,1.4,0.7,1.2,1*23
$GPGSA,M,3,03,04,26,28,29,31,32,,,,,,1.4,0.7,1.2,1*23
$GPGSA,M,3,03,04,26,28,29,31,32,,,,,,1.4,0.7,1.2,1*23
$GPGSA,M,3,03,04,26,28,29,31,32,,,,,,1.4,0.7,1.2,1*23
$GPGSA,M,3,03,04,26,28,29,31,32,,,,,,1.4,0.7,1.2,1*23
$GPGSA,M,3,03,04,26,28,29,31,32,,,,,,1.4,0.7,1.2,1*23
$GPGSA,M,3,03,04,26,28,29,31,32,,,,,,1.4,0.7,1.2,1*23
$GPGSA,M,3,03,04,26,28,29,31,32,,,,,,1.4,0.7,1.2,1*23
$GPGSA,M,3,03,04,26,28,29,31,32,,,,,,1.4,0.7,1.2,1*23
$GPGSA,M,3,03,04,26,28,29,31,32,,,,,,1.4,0.7,1.2,1*23
$GPGSA,M,3,03,04,26,28,29,31,32,,,,,,1.4,0.7,1.2,1*23
$GPGSA,M,3,03,04,26,28,29,31,32,,,,,,1.4,0.7,1.2,1*23
$GPGSA,M,3,03,04,26,28,29,31,32,,,,,,1.4,0.7,1.2,1*23
$GPGSA,M,3,03,04,26,28,29,31,32,,,,,,1.4,0.7,1.2,1*23
$GPGSA,M,3,03,04,26,28,29,31,32,,,,,,1.4,0.7,1.2,1*23
$GPGSA,M,3,03,04,26,28,29,31,32,,,,,,1.4,0.7,1.2,1*23
$GPGSA,M,3,03,04,26,28,29,31,32,,,,,,1.4,0.7,1.2,1*23
$GPGSA,M,3,03,04,26,28,29,31,32,,,,,,1.4,0.7,1.2,1*23
$GPGSA,M,3,03,04,26,28,29,31,32,,,,,,1.4,0.7,1.2,1*23
$GPGSA,M,3,03,04,26,28,29,31,32,,,,,,1.4,0.7,1.2,1*23
$GPGSA,M,3,03,04,26,28,29,31,32,,,,,,1.4,0.7,1.2,1*23
$GPGSA,M,3,03,04,26,28,29,31,32,,,,,,1.4,0.7,1.2,1*23
$GPGSA,M,3,03,04,26,27,28,29,31,32,,,,,1.4,0.7,1.2,1*26
$GPGSA,M,3,03,04,26,27,28,29,31,32,,,,,1.4,0.7,1.2,1*26
$GPGSA,M,3,03,04,26,27,28,29,31,32,,,,,1.4,0.7,1.2,1*26
$GPGSA,M,3,03,04,26,27,28,29,31,32,,,,,1.4,0.7,1.2,1*26
$GPGSA,M,3,03,04,26,27,28,29,31,32,,,,,1.4,0.7,1.2,1*26
$GPGSA,M,3,03,04,26,27,28,29,31,32,,,,,1.4,0.7,1.2,1*26
$GPGSA,M,3,03,04,26,27,28,29,31,32,,,,,1.4,0.7,1.2,1*26
$GPGSA,M,3,03,04,26,27,28,29,31,32,,,,,1.4,0.7,1.2,1*26
$GPGSA,M,3,03,04,26,27,28,29,31,32,,,,,1.4,0.7,1.2,1*26
$GPGSA,M,3,03,04,26,27,28,29,31,32,,,,,1.4,0.7,1.2,1*26
$GPGSA,M,3,03,04,26,27,28,29,31,32,,,,,1.4,0.7,1.2,1*26
$GPGSA,M,3,03,04,26,27,28,29,31,32,,,,,1.4,0.7,1.2,1*26
$GPGSA,M,3,03,04,26,27,28,29,31,32,,,,,1.4,0.7,1.2,1*26
$GPGSA,M,3,03,04,26,27,28,29,31,32,,,,,1.4,0.7,1.2,1*26
$GPGSA,M,3,03,04,26,27,28,29,31,32,,,,,1.4,0.7,1.2,1*26
$GPGSA,M,3,03,04,26,27,28,29,31,32,,,,,1.4,0.7,1.2,1*26
$GPGSA,M,3,03,04,26,27,28,29,31,32,,,,,1.4,0.7,1.2,1*26
$GPGSA,M,3,03,04,26,27,28,29,31,32,,,,,1.4,0.7,1.2,1*26
$GPGSA,M,3,03,04,26,27,28,29,31,32,,,,,1.4,0.7,1.2,1*26
$GPGSA,M,3,03,04,26,27,28,29,31,32,,,,,1.4,0.7,1.2,1*26
$GPGSA,M,3,03,04,26,27,28,29,31,32,,,,,1.4,0.7,1.2,1*26
$GPGSA,M,3,03,04,26,27,28,29,31,32,,,,,1.4,0.7,1.2,1*26
$GPGSA,M,3,03,04,26,27,28,29,31,32,,,,,1.4,0.7,1.2,1*26
$GPGSA,M,3,03,04,26,27,28,29,31,32,,,,,1.4,0.7,1.2,1*26
$GPGSA,M,3,03,04,26,27,28,29,31,32,,,,,1.4,0.7,1.2,1*26
$GPGSA,M,3,03,04,26,27,28,29,31,32,,,,,1.4,0.7,1.2,1*26
$GPGSA,M,3,03,04,26,27,28,29,31,32,,,,,1.4,0.7,1.2,1*26
$GPGSA,M,3,03,04,26,27,28,29,31,32,,,,,1.4,0.7,1.2,1*26
$GPGSA,M,3,03,04,26,27,28,29,31,32,,,,,1.4,0.7,1.2,1*26
$GPGSA,M,3,03,04,26,27,28,29,31,32,,,,,1.4,0.7,1.2,1*26
$GPGSA,M,3,03,04,26,27,28,29,31,32,,,,,1.4,0.7,1.2,1*26
$GPGSA,M,3,03,04,26,27,28,29,31,32,,,,,1.4,0.7,1.2,1*26
$GPGSA,M,3,03,04,26,27,28,29,31,32,,,,,1.4,0.7,1.2,1*26
$GPGSA,M,3,03,04,26,27,28,29,31,32,,,,,1.4,0.7,1.2,1*26
$GPGSA,M,3,03,04,26,27,28,29,31,32,,,,,1.4,0.7,1.2,1*26
$GPGSA,M,3,03,04,26,27,28,29,31,32,,,,,1.4,0.7,1.2,1*26
$GPGSA,M,3,03,04,26,27,28,29,31,32,,,,,1.4,0.7,1.2,1*26
$GPGSA,M,3,03,04,26,27,28,29,31,32,,,,,1.4,0.7,1.2,1*26
$GPGSA,M,3,03,04,26,27,28,29,31,32,,,,,1.4,0.7,1.2,1*26
$GPGSA,M,3,03,04,26,27,28,29,31,32,,,,,1.4,0.7,1.2,1*26
$GPGSA,M,3,03,04,26,27,28,29,31,32,,,,,1.4,0.7,1.2,1*26
$GPGSA,M,3,03,04,26,27,28,29,31,32,,,,,1.4,0.7,1.2,1*26
$GPGSA,M,3,03,04,26,27,28,29,31,32,,,,,1.4,0.7,1.2,1*26
$GPGSA,M,3,03,04,26,27,28,29,31,32,,,,,1.4,0.7,1.2,1*26
$GPGSA,M,3,03,04,26,27,28,29,31,32,,,,,1.4,0.7,1.2,1*26
$GPGSA,M,3,03,04,26,28,29,31,32,,,,,,1.4,0.7,1.2,1*23
$GPGSA,M,3,03,04,26,28,29,31,32,,,,,,1.4,0.7,1.2,1*23
$GPGSA,M,3,03,04,26,28,29,31,32,,,,,,1.4,0.7,1.2,1*23
$GPGSA,M,3,03,04,26,28,29,31,32,,,,,,1.4,0.7,1.2,1*23
$GPGSA,M,3,03,04,26,28,29,31,32,,,,,,1.4,0.7,1.2,1*23
$GPGSA,M,3,03,04,26,28,29,31,32,,,,,,1.4,0.7,1.2,1*23
$GPGSA,M,3,03,04,26,28,29,31,32,,,,,,1.4,0.7,1.2,1*23
$GPGSA,M,3,03,04,26,28,29,31,32,,,,,,1.4,0.7,1.2,1*23
$GPGSA,M,3,03,04,26,28,29,31,32,,,,,,1.4,0.7,1.2,1*23
$GPGSA,M,3,03,04,26,28,29,31,32,,,,,,1.3,0.6,1.1,1*26
$GPGSA,M,3,03,04,26,28,29,31,32,,,,,,1.3,0.6,1.1,1*26
$GPGSA,M,3,03,04,26,28,29,31,32,,,,,,1.3,0.6,1.1,1*26
$GPGSA,M,3,03,04,26,28,29,31,32,,,,,,1.3,0.6,1.1,1*26
$GPGSA,M,3,03,04,26,28,29,31,32,,,,,,1.3,0.6,1.1,1*26
$GPGSA,M,3,03,04,26,28,29,31,32,,,,,,1.4,0.7,1.2,1*23
$GPGSA,M,3,03,04,26,28,29,31,32,,,,,,1.4,0.7,1.2,1*23
$GPGSA,M,3,03,04,26,28,29,31,32,,,,,,1.4,0.7,1.2,1*23
$GPGSA,M,3,03,04,26,28,29,31,32,,,,,,1.4,0.7,1.2,1*23
$GPGSA,M,3,03,04,26,28,29,31,32,,,,,,1.4,0.7,1.2,1*23
$GPGSA,M,3,03,04,26,28,29,31,32,,,,,,1.4,0.7,1.2,1*23
$GPGSA,M,3,03,04,26,28,29,31,32,,,,,,1.4,0.7,1.2,1*23
$GPGSA,M,3,03,04,26,28,29,31,32,,,,,,1.4,0.7,1.2,1*23
$GPGSA,M,3,03,04,26,28,29,31,32,,,,,,1.4,0.7,1.2,1*23
$GPGSA,M,3,03,04,26,28,29,31,32,,,,,,1.4,0.7,1.2,1*23
$GPGSA,M,3,03,04,26,27,28,29,31,32,,,,,1.4,0.7,1.2,1*26
$GPGSA,M,3,03,04,26,28,29,31,32,,,,,,1.4,0.7,1.2,1*23
$GPGSA,M,3,03,04,26,28,29,31,32,,,,,,1.4,0.7,1.2,1*23
$GPGSA,M,3,03,04,26,27,28,29,31,32,,,,,1.4,0.7,1.2,1*26
$GPGSA,M,3,03,04,26,27,28,29,31,32,,,,,1.4,0.7,1.2,1*26
$GPGSA,M,3,03,04,26,28,29,31,32,,,,,,1.4,0.7,1.2,1*23
$GPGSA,M,3,03,04,26,28,29,31,32,,,,,,1.4,0.7,1.2,1*23
$GPGSA,M,3,03,04,26,28,29,31,32,,,,,,1.4,0.7,1.2,1*23
$GPGSA,M,3,03,04,26,28,29,31,32,,,,,,1.4,0.7,1.2,1*23
$GPGSA,M,3,03,04,26,28,29,31,32,,,,,,1.4,0.7,1.2,1*23
$GPGSA,M,3,03,04,26,28,29,31,32,,,,,,1.4,0.7,1.2,1*23
$GPGSA,M,3,03,04,26,28,29,31,32,,,,,,1.4,0.7,1.2,1*23
$GPGSA,M,3,03,04,26,28,29,31,32,,,,,,1.4,0.7,1.2,1*23
$GPGSA,M,3,03,04,26,28,29,31,32,,,,,,1.4,0.7,1.2,1*23
$GPGSA,M,3,03,04,26,28,29,31,32,,,,,,1.4,0.7,1.2,1*23
$GPGSA,M,3,03,04,26,28,29,31,32,,,,,,1.4,0.7,1.2,1*23
$GPGSA,M,3,03,04,26,28,29,31,32,,,,,,1.4,0.7,1.2,1*23
$GPGSA,M,3,03,04,26,28,29,31,32,,,,,,1.4,0.7,1.2,1*23
$GPGSA,M,3,03,04,26,28,29,31,32,,,,,,1.4,0.7,1.2,1*23
$GPGSA,M,3,03,04,26,28,29,31,32,,,,,,1.4,0.7,1.2,1*23
$GPGSA,M,3,03,04,26,28,29,31,32,,,,,,1.3,0.7,1.2,1*24
$GPGSA,M,3,03,04,26,28,29,31,32,,,,,,1.3,0.7,1.2,1*24
$GPGSA,M,3,03,04,26,28,29,31,32,,,,,,1.3,0.7,1.2,1*24
$GPGSA,M,3,03,04,26,28,29,31,32,,,,,,1.3,0.7,1.2,1*24
$GPGSA,M,3,03,04,26,28,29,31,32,,,,,,1.3,0.7,1.2,1*24
$GPGSA,M,3,03,04,26,28,29,31,32,,,,,,1.3,0.7,1.2,1*24
$GPGSA,M,3,03,04,26,28,29,31,32,,,,,,1.3,0.7,1.2,1*24
$GPGSA,M,3,03,04,26,28,29,31,32,,,,,,1.3,0.7,1.2,1*24
$GPGSA,M,3,03,04,26,28,29,31,32,,,,,,1.3,0.7,1.2,1*24
$GPGSA,M,3,03,04,26,28,29,31,32,,,,,,1.3,0.7,1.2,1*24
$GPGSA,M,3,03,04,26,28,29,31,32,,,,,,1.3,0.6,1.1,1*26
$GPGSA,M,3,03,04,26,28,29,31,32,,,,,,1.3,0.6,1.1,1*26
$GPGSA,M,3,03,04,26,28,29,31,32,,,,,,1.3,0.6,1.1,1*26
$GPGSA,M,3,03,04,26,28,29,31,32,,,,,,1.3,0.6,1.1,1*26
$GPGSA,M,3,03,04,26,28,29,31,32,,,,,,1.3,0.6,1.1,1*26
$GPGSA,M,3,03,04,26,28,29,31,32,,,,,,1.3,0.6,1.1,1*26
$GPGSA,M,3,03,04,26,28,29,31,32,,,,,,1.3,0.6,1.1,1*26
$GPGSA,M,3,03,04,26,28,29,31,32,,,,,,1.3,0.6,1.1,1*26
$GPGSA,M,3,03,04,26,28,29,31,32,,,,,,1.3,0.6,1.1,1*26
$GPGSA,M,3,03,04,26,28,29,31,32,,,,,,1.3,0.6,1.1,1*26
$GPGSA,M,3,03,04,26,28,29,31,32,,,,,,1.3,0.6,1.1,1*26
$GPGSA,M,3,03,04,26,28,29,31,32,,,,,,1.3,0.6,1.1,1*26
$GPGSA,M,3,03,04,26,28,29,31,32,,,,,,1.3,0.6,1.1,1*26
$GPGSA,M,3,03,04,26,28,29,31,32,,,,,,1.3,0.6,1.1,1*26
$GPGSA,M,3,03,04,26,28,29,31,32,,,,,,1.3,0.6,1.1,1*26
$GPGSA,M,3,03,04,26,28,29,31,32,,,,,,1.3,0.6,1.1,1*26
$GPGSA,M,3,03,04,26,28,29,31,32,,,,,,1.3,0.6,1.1,1*26
$GPGSA,M,3,03,04,26,28,29,31,32,,,,,,1.3,0.6,1.1,1*26
$GPGSA,M,3,03,04,26,28,29,31,32,,,,,,1.3,0.6,1.1,1*26
$GPGSA,M,3,03,04,26,28,29,31,32,,,,,,1.3,0.6,1.1,1*26
$GPGSA,M,3,03,04,26,28,29,31,32,,,,,,1.3,0.6,1.1,1*26
$GPGSA,M,3,03,04,26,28,29,31,32,,,,,,1.3,0.6,1.1,1*26
$GPGSA,M,3,03,04,26,28,29,31,32,,,,,,1.3,0.6,1.1,1*26
$GPGSA,M,3,03,04,26,28,29,31,32,,,,,,1.3,0.6,1.1,1*26
$GPGSA,M,3,03,04,26,28,29,31,32,,,,,,1.3,0.6,1.1,1*26
$GPGSA,M,3,03,04,26,28,29,31,32,,,,,,1.2,0.6,1.1,1*27
$GPGSA,M,3,03,04,26,28,29,31,32,,,,,,1.2,0.6,1.1,1*27
$GPGSA,M,3,03,04,26,28,29,31,32,,,,,,1.2,0.6,1.1,1*27
$GPGSA,M,3,03,04,26,28,29,31,32,,,,,,1.2,0.6,1.1,1*27
$GPGSA,M,3,03,04,26,28,29,31,32,,,,,,1.2,0.6,1.1,1*27
$GPGSA,M,3,03,04,26,28,29,31,32,,,,,,1.4,0.7,1.2,1*23
$GPGSA,M,3,03,04,26,28,29,31,32,,,,,,1.4,0.7,1.2,1*23
$GPGSA,M,3,03,04,26,28,29,31,32,,,,,,1.4,0.7,1.2,1*23
$GPGSA,M,3,03,04,26,28,29,31,32,,,,,,1.4,0.7,1.2,1*23
$GPGSA,M,3,03,04,26,27,28,29,31,32,,,,,1.4,0.7,1.2,1*26
$GPGSA,M,3,03,04,26,27,28,29,31,32,,,,,1.4,0.7,1.2,1*26
$GPGSA,M,3,03,04,26,27,28,29,31,,,,,,1.4,0.7,1.2,1*27
$GPGSA,M,3,03,04,26,27,28,29,31,,,,,,1.4,0.7,1.2,1*27
$GPGSA,M,3,03,04,26,27,28,29,31,,,,,,1.4,0.7,1.2,1*27
$GPGSA,M,3,03,04,26,27,28,29,31,,,,,,1.4,0.7,1.2,1*27
$GPGSA,M,3,03,04,26,27,28,29,31,,,,,,1.4,0.7,1.2,1*27
$GPGSA,M,3,03,04,26,27,28,29,31,,,,,,1.4,0.7,1.2,1*27
$GPGSA,M,3,03,04,26,27,28,29,31,,,,,,1.4,0.7,1.2,1*27
$GPGSA,M,3,03,04,26,27,28,29,31,,,,,,1.4,0.7,1.2,1*27
$GPGSA,M,3,03,04,26,27,28,29,31,,,,,,1.4,0.7,1.2,1*27
$GPGSA,M,3,03,04,26,27,28,29,31,,,,,,1.4,0.7,1.2,1*27
$GPGSA,M,3,03,04,26,27,28,29,31,,,,,,1.4,0.7,1.2,1*27
$GPGSA,M,3,03,04,26,27,28,29,31,,,,,,1.4,0.7,1.2,1*27
$GPGSA,M,3,03,04,26,27,28,29,31,,,,,,1.4,0.7,1.2,1*27
$GPGSA,M,3,03,04,16,26,27,28,29,31,,,,,1.4,0.7,1.2,1*20
$GPGSA,M,3,03,04,16,26,27,28,29,31,,,,,1.4,0.7,1.3,1*21
$GPGSA,M,3,03,04,16,26,27,28,29,31,,,,,1.4,0.7,1.3,1*21
$GPGSA,M,3,03,04,16,26,27,28,29,31,,,,,1.4,0.7,1.3,1*21
$GPGSA,M,3,03,04,16,26,27,28,29,31,,,,,1.4,0.7,1.3,1*21
$GPGSA,M,3,03,04,16,26,27,28,29,31,,,,,1.4,0.7,1.3,1*21
$GPGSA,M,3,03,04,16,26,27,28,29,31,,,,,1.4,0.7,1.3,1*21
$GPGSA,M,3,03,04,16,26,27,28,29,31,,,,,1.4,0.7,1.3,1*21
$GPGSA,M,3,03,04,16,26,27,28,29,31,,,,,1.4,0.7,1.3,1*21
$GPGSA,M,3,03,04,16,26,27,28,29,31,,,,,1.4,0.7,1.3,1*21
$GPGSA,M,3,03,04,16,26,27,28,29,31,,,,,1.4,0.7,1.3,1*21
$GPGSA,M,3,03,04,16,26,27,28,29,31,,,,,1.3,0.7,1.2,1*27
$GPGSA,M,3,03,04,16,26,27,28,29,31,,,,,1.3,0.7,1.2,1*27
$GPGSA,M,3,03,04,16,26,27,28,29,31,,,,,1.3,0.7,1.2,1*27
$GPGSA,M,3,03,04,16,26,27,28,29,31,,,,,1.3,0.7,1.2,1*27
$GPGSA,M,3,03,04,16,26,27,28,29,31,,,,,1.3,0.7,1.2,1*27
$GPGSA,M,3,03,04,16,26,27,28,29,31,,,,,1.3,0.7,1.2,1*27
$GPGSA,M,3,03,04,16,26,27,28,29,31,,,,,1.3,0.7,1.2,1*27
$GPGSA,M,3,03,04,16,26,27,28,29,31,,,,,1.3,0.7,1.2,1*27
$GPGSA,M,3,03,04,16,26,27,28,29,31,,,,,1.3,0.7,1.2,1*27
$GPGSA,M,3,03,04,16,26,27,28,29,31,,,,,1.3,0.7,1.2,1*27
$GPGSA,M,3,03,04,16,26,27,28,29,31,,,,,1.3,0.7,1.2,1*27
$GPGSA,M,3,03,04,16,26,27,28,29,31,,,,,1.3,0.7,1.2,1*27
$GPGSA,M,3,03,04,16,26,27,28,29,31,,,,,1.3,0.7,1.2,1*27
$GPGSA,M,3,03,04,16,26,27,28,29,31,,,,,1.3,0.7,1.2,1*27
$GPGSA,M,3,03,04,16,26,27,28,29,31,,,,,1.3,0.7,1.2,1*27
$GPGSA,M,3,03,04,16,26,27,28,29,31,,,,,1.3,0.7,1.2,1*27
$GPGSA,M,3,03,04,16,26,27,28,29,31,,,,,1.3,0.7,1.2,1*27
$GPGSA,M,3,03,04,16,26,27,28,29,31,,,,,1.3,0.7,1.2,1*27
$GPGSA,M,3,03,04,16,26,27,28,29,31,,,,,1.3,0.7,1.2,1*27
$GPGSA,M,3,03,04,16,26,27,28,31,,,,,,1.3,0.7,1.2,1*2C
$GPGSA,M,3,03,04,16,26,27,28,31,,,,,,1.3,0.7,1.1,1*2F
$GPGSA,M,3,03,04,16,26,27,28,31,,,,,,1.3,0.7,1.1,1*2F
$GPGSA,M,3,03,04,16,26,27,28,31,,,,,,1.3,0.7,1.1,1*2F
$GPGSA,M,3,03,04,16,26,27,28,31,,,,,,1.3,0.7,1.1,1*2F
$GPGSA,M,3,03,04,16,26,27,28,31,,,,,,1.3,0.7,1.1,1*2F
$GPGSA,M,3,03,04,16,26,27,28,31,,,,,,1.3,0.7,1.1,1*2F
$GPGSA,M,3,03,04,16,26,27,28,31,,,,,,1.3,0.7,1.1,1*2F
$GPGSA,M,3,03,04,16,26,27,28,31,,,,,,1.3,0.7,1.1,1*2F
$GPGSA,M,3,03,04,16,26,27,28,31,,,,,,1.3,0.7,1.1,1*2F
$GPGSA,M,3,03,04,16,26,27,28,31,,,,,,1.3,0.7,1.1,1*2F
$GPGSA,M,3,03,04,16,26,27,28,31,,,,,,1.4,0.7,1.2,1*2B
$GPGSA,M,3,03,04,16,26,27,28,31,,,,,,1.4,0.7,1.2,1*2B
$GPGSA,M,3,03,04,16,26,27,28,31,,,,,,1.4,0.7,1.2,1*2B
$GPGSA,M,3,03,04,16,26,27,28,31,,,,,,1.4,0.7,1.2,1*2B
$GPGSA,M,3,03,04,16,26,27,28,31,,,,,,1.4,0.7,1.2,1*2B
$GPGSA,M,3,03,04,16,26,27,28,31,,,,,,1.4,0.7,1.2,1*2B
$GPGSA,M,3,03,04,16,26,27,28,31,,,,,,1.4,0.7,1.2,1*2B
$GPGSA,M,3,04,16,26,27,28,31,,,,,,,1.4,0.7,1.2,1*28
$GPGSA,M,3,04,16,26,27,28,31,,,,,,,1.4,0.7,1.2,1*28
$GPGSA,M,3,04,16,26,27,28,31,,,,,,,1.4,0.7,1.2,1*28
$GPGSA,M,3,04,16,26,27,28,31,,,,,,,1.4,0.7,1.2,1*28
$GPGSA,M,3,04,16,26,27,28,31,,,,,,,1.4,0.7,1.2,1*28
$GPGSA,M,3,04,16,26,27,28,31,,,,,,,1.4,0.7,1.2,1*28
$GPGSA,M,3,04,16,26,27,28,31,,,,,,,1.4,0.7,1.2,1*28
$GPGSA,M,3,04,16,26,27,28,31,,,,,,,1.4,0.7,1.2,1*28
$GPGSA,M,3,04,16,26,27,28,31,,,,,,,1.4,0.7,1.2,1*28
$GPGSA,M,3,04,16,26,27,28,31,,,,,,,1.4,0.7,1.2,1*28
$GPGSA,M,3,04,16,26,27,28,31,,,,,,,1.4,0.7,1.2,1*28
$GPGSA,M,3,04,16,26,27,28,31,,,,,,,1.4,0.7,1.2,1*28
$GPGSA,M,3,04,16,26,27,28,31,,,,,,,1.4,0.7,1.2,1*28
$GPGSA,M,3,04,16,26,27,28,31,,,,,,,1.3,0.7,1.2,1*2F
$GPGSA,M,3,04,16,26,27,28,31,,,,,,,1.3,0.7,1.2,1*2F
$GPGSA,M,3,04,16,26,27,28,31,,,,,,,1.3,0.7,1.2,1*2F
$GPGSA,M,3,04,16,26,27,28,31,,,,,,,1.3,0.7,1.2,1*2F
$GPGSA,M,3,04,16,26,27,28,31,,,,,,,1.3,0.7,1.2,1*2F
$GPGSA,M,3,04,16,26,27,28,31,,,,,,,1.6,0.8,1.3,1*24
$GPGSA,M,3,04,16,26,27,28,31,,,,,,,1.6,0.8,1.3,1*24
$GPGSA,M,3,04,16,26,27,28,31,,,,,,,1.6,0.8,1.3,1*24
$GPGSA,M,3,04,16,26,27,28,31,,,,,,,1.6,0.8,1.3,1*24
$GPGSA,M,3,04,16,26,27,28,31,,,,,,,1.6,0.8,1.3,1*24
$GPGSA,M,3,04,16,26,27,28,31,,,,,,,1.6,0.8,1.3,1*24
$GPGSA,M,3,04,16,26,27,28,31,,,,,,,1.6,0.8,1.3,1*24
$GPGSA,M,3,04,16,26,27,28,31,,,,,,,1.6,0.8,1.3,1*24
$GPGSA,M,3,04,16,26,27,28,31,,,,,,,1.6,0.8,1.3,1*24
$GPGSA,M,3,04,16,26,27,28,31,,,,,,,1.6,0.8,1.3,1*24
$GPGSA,M,3,04,16,26,27,28,31,,,,,,,1.6,0.8,1.3,1*24
$GPGSA,M,3,04,16,26,27,28,31,,,,,,,1.6,0.8,1.3,1*24
$GPGSA,M,3,04,16,26,27,28,31,,,,,,,1.6,0.8,1.3,1*24
$GPGSA,M,3,04,16,26,27,28,31,,,,,,,1.6,0.8,1.3,1*24
$GPGSA,M,3,04,16,26,27,28,31,,,,,,,1.6,0.8,1.3,1*24
$GPGSA,M,3,03,04,16,26,27,28,31,,,,,,1.5,0.8,1.3,1*24
$GPGSA,M,3,03,04,16,26,27,28,31,,,,,,1.5,0.8,1.3,1*24
$GPGSA,M,3,03,04,16,26,27,28,31,,,,,,1.5,0.8,1.3,1*24
$GPGSA,M,3,03,04,16,26,27,28,31,,,,,,1.5,0.8,1.3,1*24
$GPGSA,M,3,03,04,16,26,27,28,31,,,,,,1.5,0.8,1.3,1*24
$GPGSA,M,3,04,16,26,27,28,31,,,,,,,1.5,0.8,1.3,1*27
$GPGSA,M,3,03,04,16,26,27,28,31,,,,,,1.5,0.8,1.3,1*24
$GPGSA,M,3,04,16,26,27,28,31,,,,,,,1.5,0.8,1.3,1*27
$GPGSA,M,3,03,04,16,26,27,28,31,,,,,,1.5,0.8,1.3,1*24
$GPGSA,M,3,04,16,26,27,28,31,,,,,,,1.5,0.8,1.3,1*27
$GPGSA,M,3,04,16,26,27,28,31,,,,,,,1.5,0.8,1.3,1*27
$GPGSA,M,3,04,16,26,27,28,31,,,,,,,1.5,0.8,1.3,1*27
$GPGSA,M,3,04,16,26,27,28,31,,,,,,,1.5,0.8,1.3,1*27
$GPGSA,M,3,04,16,26,27,28,31,,,,,,,1.5,0.8,1.3,1*27
$GPGSA,M,3,04,16,26,27,28,31,,,,,,,1.5,0.8,1.3,1*27
$GPGSA,M,3,04,16,26,27,28,31,,,,,,,1.5,0.8,1.3,1*27
$GPGSA,M,3,04,16,26,27,28,31,,,,,,,1.5,0.8,1.3,1*27
$GPGSA,M,3,04,16,26,27,28,31,,,,,,,1.5,0.8,1.3,1*27
$GPGSA,M,3,04,16,26,27,28,31,,,,,,,1.5,0.8,1.3,1*27
$GPGSA,M,3,04,16,26,27,28,31,,,,,,,1.5,0.8,1.3,1*27
$GPGSA,M,3,04,16,26,27,28,31,,,,,,,1.4,0.7,1.2,1*28
$GPGSA,M,3,04,16,26,27,28,31,,,,,,,1.4,0.7,1.2,1*28
$GPGSA,M,3,04,16,26,27,28,31,,,,,,,1.4,0.7,1.2,1*28
$GPGSA,M,3,04,16,26,27,28,31,,,,,,,1.4,0.7,1.2,1*28
$GPGSA,M,3,03,04,16,26,27,28,31,,,,,,1.4,0.7,1.2,1*2B
$GPGSA,M,3,03,04,16,26,27,28,31,,,,,,1.4,0.7,1.2,1*2B
$GPGSA,M,3,03,04,16,26,27,28,31,,,,,,1.4,0.7,1.2,1*2B
$GPGSA,M,3,03,04,16,26,27,28,31,,,,,,1.4,0.7,1.2,1*2B
$GPGSA,M,3,03,04,16,26,27,28,31,,,,,,1.4,0.7,1.2,1*2B
$GPGSA,M,3,03,04,16,26,27,28,31,,,,,,1.4,0.7,1.2,1*2B
$GPGSA,M,3,03,04,16,26,27,28,31,,,,,,1.4,0.7,1.2,1*2B
$GPGSA,M,3,03,04,16,26,27,28,31,,,,,,1.4,0.7,1.2,1*2B
$GPGSA,M,3,03,04,16,26,27,28,31,,,,,,1.4,0.7,1.2,1*2B
$GPGSA,M,3,03,04,16,26,27,28,31,,,,,,1.4,0.7,1.2,1*2B
$GPGSA,M,3,03,04,16,26,27,28,31,,,,,,1.4,0.7,1.2,1*2B
$GPGSA,M,3,04,16,26,27,28,31,,,,,,,1.4,0.7,1.2,1*28
$GPGSA,M,3,04,16,26,27,28,31,,,,,,,1.4,0.7,1.2,1*28
$GPGSA,M,3,03,04,16,26,27,28,31,,,,,,1.4,0.7,1.2,1*2B
$GPGSA,M,3,04,16,26,27,28,31,,,,,,,1.4,0.7,1.2,1*28
$GPGSA,M,3,04,16,26,27,28,31,,,,,,,1.4,0.7,1.2,1*28
$GPGSA,M,3,04,16,26,27,28,31,,,,,,,1.4,0.7,1.2,1*28
$GPGSA,M,3,04,16,26,27,28,31,,,,,,,1.4,0.7,1.2,1*28
$GPGSA,M,3,04,16,26,27,28,31,,,,,,,1.4,0.7,1.2,1*28
$GPGSA,M,3,03,04,16,26,27,28,29,31,,,,,1.4,0.7,1.2,1*20
$GPGSA,M,3,03,04,16,26,27,28,29,31,,,,,1.4,0.7,1.2,1*20
$GPGSA,M,3,03,04,16,26,27,28,29,31,,,,,1.4,0.8,1.2,1*2F
$GPGSA,M,3,03,04,16,26,27,28,29,31,,,,,1.4,0.8,1.2,1*2F
$GPGSA,M,3,03,04,16,26,27,28,29,31,,,,,1.4,0.8,1.2,1*2F
$GPGSA,M,3,03,04,16,26,27,28,29,31,,,,,1.4,0.8,1.2,1*2F
$GPGSA,M,3,03,04,16,26,27,28,29,31,,,,,1.4,0.8,1.2,1*2F
$GPGSA,M,3,03,04,16,26,27,28,29,31,,,,,1.4,0.7,1.2,1*20
$GPGSA,M,3,03,04,16,26,27,28,29,31,,,,,1.4,0.7,1.2,1*20
$GPGSA,M,3,03,04,16,26,27,28,29,31,,,,,1.4,0.7,1.2,1*20
$GPGSA,M,3,03,04,16,26,27,28,29,31,,,,,1.4,0.7,1.2,1*20
$GPGSA,M,3,03,04,16,26,27,28,29,31,,,,,1.4,0.7,1.2,1*20
$GPGSA,M,3,03,04,16,26,27,28,29,31,,,,,1.4,0.8,1.2,1*2F
$GPGSA,M,3,03,04,16,26,27,28,29,31,,,,,1.4,0.8,1.2,1*2F
$GPGSA,M,3,03,04,16,26,27,28,29,31,,,,,1.4,0.8,1.2,1*2F
$GPGSA,M,3,03,04,16,26,27,28,29,31,,,,,1.4,0.8,1.2,1*2F
$GPGSA,M,3,03,04,16,26,27,28,29,31,,,,,1.4,0.8,1.2,1*2F
$GPGSA,M,3,03,04,16,26,27,28,29,31,,,,,1.5,0.8,1.2,1*2E
$GPGSA,M,3,03,04,16,26,27,28,29,31,,,,,1.5,0.8,1.2,1*2E
$GPGSA,M,3,03,04,16,26,27,28,29,31,,,,,1.5,0.8,1.2,1*2E
$GPGSA,M,3,03,04,16,26,27,28,29,31,,,,,1.5,0.8,1.2,1*2E
$GPGSA,M,3,03,04,16,26,27,28,31,,,,,,1.5,0.8,1.2,1*25
$GPGSA,M,3,03,04,16,26,28,31,,,,,,,1.5,0.8,1.2,1*20
$GPGSA,M,3,03,04,16,26,28,31,,,,,,,1.5,0.8,1.2,1*20
$GPGSA,M,3,03,04,16,26,28,29,31,,,,,,1.5,0.8,1.2,1*2B
$GPGSA,M,3,03,16,26,28,29,31,,,,,,,1.5,0.8,1.2,1*2F
$GPGSA,M,3,03,16,26,28,29,31,,,,,,,1.5,0.8,1.2,1*2F
$GPGSA,M,3,03,16,26,28,29,31,,,,,,,1.5,0.8,1.2,1*2F
$GPGSA,M,3,03,16,26,28,29,31,,,,,,,1.5,0.8,1.2,1*2F
$GPGSA,M,3,03,16,26,28,29,31,,,,,,,1.5,0.8,1.2,1*2F
$GPGSA,M,3,03,16,26,28,29,31,,,,,,,1.5,0.8,1.2,1*2F
$GPGSA,M,3,03,16,26,28,29,31,,,,,,,1.5,0.8,1.2,1*2F
$GPGSA,M,3,03,16,26,28,29,31,,,,,,,2.1,1.2,1.7,1*26
$GPGSA,M,3,03,16,26,28,29,31,,,,,,,2.1,1.2,1.7,1*26
$GPGSA,M,3,03,16,26,28,31,,,,,,,,2.1,1.2,1.7,1*2D
$GPGSA,M,3,03,16,26,28,31,,,,,,,,2.1,1.2,1.7,1*2D
$GPGSA,M,3,03,16,26,28,31,,,,,,,,2.1,1.2,1.7,1*2D
$GPGSA,M,3,03,04,16,26,28,31,,,,,,,1.7,1.0,1.4,1*2D
$GPGSA,M,3,03,16,26,28,31,,,,,,,,1.7,1.0,1.4,1*29
$GPGSA,M,3,03,16,26,28,31,,,,,,,,1.7,1.0,1.4,1*29
$GPGSA,M,3,03,16,26,28,31,,,,,,,,1.7,1.0,1.4,1*29
$GPGSA,M,3,03,04,16,26,28,29,31,,,,,,1.7,1.0,1.4,1*26
$GPGSA,M,3,03,04,16,26,28,29,31,,,,,,1.5,0.8,1.3,1*2A
$GPGSA,M,3,03,04,16,26,28,29,31,,,,,,1.5,0.8,1.3,1*2A
$GPGSA,M,3,03,04,16,26,28,31,,,,,,,1.5,0.8,1.3,1*21
$GPGSA,M,3,03,04,16,26,28,31,,,,,,,1.5,0.8,1.3,1*21
$GPGSA,M,3,03,04,16,26,28,29,31,,,,,,1.5,0.8,1.3,1*2A
$GPGSA,M,3,03,04,16,26,28,29,31,,,,,,1.7,1.0,1.4,1*26
$GPGSA,M,3,03,04,16,26,28,29,31,,,,,,1.7,1.0,1.4,1*26
$GPGSA,M,3,03,04,16,26,28,29,31,,,,,,1.7,1.0,1.4,1*26
$GPGSA,M,3,03,16,26,28,29,31,,,,,,,1.7,1.0,1.4,1*22
$GPGSA,M,3,03,04,16,26,28,29,31,,,,,,1.7,1.0,1.4,1*26
$GPGSA,M,3,03,04,16,26,28,29,31,,,,,,1.7,1.0,1.4,1*26
$GPGSA,M,3,03,04,16,26,28,29,31,,,,,,1.7,1.0,1.4,1*26
$GPGSA,M,3,03,04,16,26,28,29,31,,,,,,1.7,1.0,1.4,1*26
$GPGSA,M,3,03,04,16,26,28,29,31,,,,,,1.7,1.0,1.4,1*26
$GPGSA,M,3,03,04,16,26,28,29,31,,,,,,1.7,1.0,1.4,1*26
$GPGSA,M,3,03,04,16,26,28,29,31,,,,,,1.6,0.9,1.3,1*28
$GPGSA,M,3,03,04,16,26,28,29,31,,,,,,1.6,0.9,1.3,1*28
$GPGSA,M,3,03,04,16,26,28,29,31,,,,,,1.6,0.9,1.3,1*28
$GPGSA,M,3,03,04,16,26,28,29,31,,,,,,1.6,0.9,1.3,1*28
$GPGSA,M,3,03,04,16,26,28,29,31,,,,,,1.6,0.9,1.3,1*28
$GPGSA,M,3,03,04,16,26,28,29,31,,,,,,1.7,1.0,1.4,1*26
$GPGSA,M,3,03,04,16,26,28,29,31,,,,,,1.7,1.0,1.4,1*26
$GPGSA,M,3,03,04,16,26,28,29,31,,,,,,1.7,1.0,1.4,1*26
$GPGSA,M,3,03,04,16,26,28,29,31,,,,,,1.7,1.0,1.4,1*26
$GPGSA,M,3,03,04,16,26,28,29,31,,,,,,1.7,1.0,1.4,1*26
$GPGSA,M,3,03,04,16,26,28,29,31,,,,,,1.8,1.1,1.4,1*28
$GPGSA,M,3,03,04,16,26,28,29,31,,,,,,1.8,1.1,1.4,1*28
$GPGSA,M,3,03,04,16,26,28,29,31,,,,,,1.8,1.1,1.4,1*28
$GPGSA,M,3,03,16,26,28,31,,,,,,,,1.8,1.1,1.4,1*27
$GPGSA,M,3,03,16,26,28,31,,,,,,,,1.8,1.1,1.4,1*27
$GPGSA,M,3,03,16,26,28,31,,,,,,,,1.9,1.2,1.5,1*24
$GPGSA,M,3,03,16,26,28,31,,,,,,,,1.9,1.2,1.5,1*24
$GPGSA,M,3,03,16,26,28,31,,,,,,,,1.9,1.2,1.5,1*24
$GPGSA,M,3,03,16,26,28,31,,,,,,,,1.9,1.2,1.5,1*24
$GPGSA,M,3,03,04,16,26,28,31,,,,,,,1.9,1.2,1.5,1*20
$GPGSA,M,3,03,04,16,26,28,31,,,,,,,1.9,1.1,1.5,1*23
$GPGSA,M,3,03,16,26,28,31,,,,,,,,1.9,1.1,1.5,1*27
$GPGSA,M,3,03,04,16,26,28,31,,,,,,,1.9,1.1,1.5,1*23
$GPGSA,M,3,03,04,16,26,28,31,,,,,,,1.9,1.1,1.5,1*23
$GPGSA,M,3,03,04,16,26,28,31,,,,,,,1.9,1.1,1.5,1*23
$GPGSA,M,3,03,04,16,26,28,31,,,,,,,1.8,1.0,1.5,1*23
$GPGSA,M,3,03,04,16,26,28,31,,,,,,,1.8,1.0,1.5,1*23
$GPGSA,M,3,03,04,16,26,28,31,,,,,,,1.8,1.0,1.5,1*23
$GPGSA,M,3,03,04,16,26,28,31,,,,,,,1.8,1.0,1.5,1*23
$GPGSA,M,3,03,04,16,26,28,31,,,,,,,1.8,1.0,1.5,1*23
$GPGSA,M,3,03,04,16,26,28,31,,,,,,,1.7,1.0,1.4,1*2D
$GPGSA,M,3,03,04,16,26,28,31,,,,,,,1.7,1.0,1.4,1*2D
$GPGSA,M,3,03,04,16,26,28,31,,,,,,,1.7,1.0,1.4,1*2D
$GPGSA,M,3,03,04,16,26,28,31,,,,,,,1.7,1.0,1.4,1*2D
$GPGSA,M,3,03,04,16,26,28,,,,,,,,1.7,1.0,1.4,1*2F
$GPGSA,M,3,03,04,16,26,28,,,,,,,,1.4,0.8,1.2,1*23
$GPGSA,M,3,03,04,16,26,28,,,,,,,,1.4,0.8,1.2,1*23
$GPGSA,M,3,03,04,16,26,28,,,,,,,,1.4,0.8,1.2,1*23
$GPGSA,M,3,03,04,16,26,28,,,,,,,,1.4,0.8,1.2,1*23
$GPGSA,M,3,03,04,16,26,28,,,,,,,,1.4,0.8,1.2,1*23
$GPGSA,M,3,03,04,16,26,28,,,,,,,,2.1,1.2,1.7,1*2B
$GPGSA,M,3,03,04,16,26,28,31,,,,,,,1.9,1.1,1.5,1*23
$GPGSA,M,3,03,04,16,26,28,31,,,,,,,2.1,1.2,1.7,1*29
$GPGSA,M,3,03,04,16,26,28,31,,,,,,,2.1,1.2,1.7,1*29
$GPGSA,M,3,03,04,16,26,28,,,,,,,,2.1,1.2,1.7,1*2B
$GPGSA,M,3,03,04,16,26,28,,,,,,,,1.3,0.8,1.1,1*27
$GPGSA,M,3,03,04,16,26,28,31,,,,,,,2.0,1.3,1.5,1*2B
$GPGSA,M,3,03,04,16,26,28,,,,,,,,1.3,0.8,1.1,1*27
$GPGSA,M,3,03,04,16,26,28,31,,,,,,,2.0,1.3,1.5,1*2B
$GPGSA,M,3,03,04,16,26,28,31,,,,,,,1.3,0.8,1.1,1*25
$GPGSA,M,3,03,04,26,28,29,31,,,,,,,1.3,0.8,1.0,1*28
$GPGSA,M,3,03,04,26,28,29,31,,,,,,,1.3,0.8,1.0,1*28
$GPGSA,M,3,03,04,26,28,29,31,,,,,,,1.3,0.8,1.0,1*28
$GPGSA,M,3,03,04,26,28,31,,,,,,,,1.3,0.8,1.0,1*23
$GPGSA,M,3,03,04,16,26,28,31,,,,,,,2.1,1.4,1.6,1*2E
$GPGSA,M,3,03,04,16,26,28,31,,,,,,,2.1,1.4,1.6,1*2E
$GPGSA,M,3,03,16,26,28,31,,,,,,,,2.1,1.4,1.6,1*2A
$GPGSA,M,3,03,26,28,31,,,,,,,,,1.4,0.9,1.0,1*21
$GPGSA,M,3,03,26,28,31,,,,,,,,,1.4,0.9,1.0,1*21
$GPGSA,M,3,03,04,26,28,29,31,,,,,,,1.4,0.9,1.0,1*2E
$GPGSA,M,3,03,04,26,28,31,32,,,,,,,2.2,1.5,1.6,1*2A
$GPGSA,M,3,03,26,28,31,32,,,,,,,,2.2,1.5,1.6,1*2E
$GPGSA,M,3,03,04,26,28,31,32,,,,,,,1.9,1.1,1.5,1*25
$GPGSA,M,3,03,04,26,28,31,,,,,,,,2.0,1.2,1.6,1*2E
$GPGSA,M,3,03,26,28,31,,,,,,,,,2.4,1.3,2.0,1*2A
$GPGSA,M,3,03,04,26,28,31,,,,,,,,1.3,0.7,1.0,1*2C
$GPGSA,M,3,03,04,26,28,31,,,,,,,,1.3,0.7,1.0,1*2C
$GPGSA,M,3,03,04,26,28,31,,,,,,,,1.3,0.7,1.0,1*2C
$GPGSA,M,3,03,26,28,29,31,,,,,,,,1.3,0.7,1.0,1*23
$GPGSA,M,3,03,26,28,29,31,,,,,,,,1.3,0.7,1.0,1*23
$GPGSA,M,3,03,04,26,28,29,31,,,,,,,1.2,0.7,1.0,1*26
$GPGSA,M,3,03,04,26,28,29,31,,,,,,,1.2,0.7,1.0,1*26
$GPGSA,M,3,03,26,28,31,,,,,,,,,1.2,0.7,1.0,1*29
$GPGSA,M,3,26,28,31,,,,,,,,,,1.2,0.7,1.0,1*2A
$GPGSA,M,3,26,28,31,,,,,,,,,,1.2,0.7,1.0,1*2A
$GPGSA,M,3,26,28,31,,,,,,,,,,1.3,0.7,1.1,1*2A
$GPGSA,M,3,26,28,31,,,,,,,,,,1.3,0.7,1.1,1*2A
$GPGSA,M,3,03,26,28,31,,,,,,,,,1.3,0.7,1.1,1*29
$GPGSA,M,3,03,26,28,31,,,,,,,,,1.3,0.7,1.1,1*29
$GPGSA,M,3,03,16,26,28,31,,,,,,,,1.3,0.7,1.1,1*2E
$GPGSA,M,3,03,16,26,28,31,,,,,,,,1.2,0.7,1.0,1*2E
$GPGSA,M,3,03,16,26,28,31,,,,,,,,1.2,0.7,1.0,1*2E
$GPGSA,M,3,03,16,26,28,31,,,,,,,,1.2,0.7,1.0,1*2E
$GPGSA,M,3,03,16,26,28,31,,,,,,,,1.2,0.7,1.0,1*2E
$GPGSA,M,3,03,16,26,28,31,,,,,,,,1.2,0.7,1.0,1*2E
$GPGSA,M,3,03,16,26,27,28,31,,,,,,,1.4,0.8,1.1,1*23
$GPGSA,M,3,03,16,26,27,28,31,,,,,,,1.4,0.8,1.1,1*23
$GPGSA,M,3,03,16,26,28,31,,,,,,,,1.4,0.8,1.1,1*26
$GPGSA,M,3,03,16,26,28,29,31,,,,,,,1.4,0.8,1.1,1*2D
$GPGSA,M,3,03,16,26,27,28,29,31,,,,,,1.4,0.8,1.1,1*28
$GPGSA,M,3,03,16,26,28,29,31,,,,,,,1.3,0.8,1.0,1*2B
$GPGSA,M,3,03,16,26,28,29,31,,,,,,,1.3,0.8,1.0,1*2B
$GPGSA,M,3,03,16,26,28,31,,,,,,,,1.3,0.8,1.0,1*20
$GPGSA,M,3,03,16,26,28,31,,,,,,,,1.3,0.8,1.0,1*20
$GPGSA,M,3,16,26,28,31,,,,,,,,,1.3,0.8,1.0,1*23
$GPGSA,M,3,04,16,26,28,31,,,,,,,,1.1,0.6,1.0,1*2B
$GPGSA,M,3,03,16,26,28,31,,,,,,,,1.1,0.6,1.0,1*2C
$GPGSA,M,3,03,16,26,28,31,,,,,,,,1.1,0.6,1.0,1*2C
$GPGSA,M,3,03,16,26,27,28,31,,,,,,,1.1,0.6,1.0,1*29
$GPGSA,M,3,03,16,26,27,28,31,,,,,,,1.1,0.6,1.0,1*29
$GPGSA,M,3,03,16,26,27,28,29,31,,,,,,1.2,0.7,1.0,1*20
$GPGSA,M,3,03,16,26,27,28,29,31,,,,,,1.2,0.7,1.0,1*20
$GPGSA,M,3,03,16,26,27,28,31,,,,,,,1.2,0.7,1.0,1*2B
$GPGSA,M,3,03,16,26,27,28,31,,,,,,,1.2,0.7,1.0,1*2B
$GPGSA,M,3,03,16,26,28,31,,,,,,,,1.2,0.7,1.0,1*2E
$GPGSA,M,3,03,16,26,28,31,,,,,,,,1.1,0.6,1.0,1*2C
$GPGSA,M,3,03,16,26,28,29,31,,,,,,,1.1,0.6,1.0,1*27
$GPGSA,M,3,03,16,26,28,29,31,,,,,,,1.1,0.6,1.0,1*27
$GPGSA,M,3,03,16,26,28,29,31,,,,,,,1.1,0.6,1.0,1*27
$GPGSA,M,3,03,16,26,28,31,,,,,,,,1.1,0.6,1.0,1*2C
$GPGSA,M,3,03,16,26,28,31,,,,,,,,1.2,0.6,1.0,1*2F
$GPGSA,M,3,03,16,26,28,31,,,,,,,,1.2,0.6,1.0,1*2F
$GPGSA,M,3,03,16,26,28,31,,,,,,,,1.2,0.6,1.0,1*2F
$GPGSA,M,3,03,16,26,28,29,31,,,,,,,1.2,0.6,1.0,1*24
$GPGSA,M,3,03,16,26,28,29,31,,,,,,,1.2,0.6,1.0,1*24
$GPGSA,M,3,03,16,26,28,29,31,,,,,,,1.2,0.7,1.0,1*25
$GPGSA,M,3,03,16,26,28,29,31,,,,,,,1.2,0.7,1.0,1*25
$GPGSA,M,3,03,16,26,28,29,31,,,,,,,1.2,0.7,1.0,1*25
$GPGSA,M,3,03,16,26,28,29,31,,,,,,,1.2,0.7,1.0,1*25
$GPGSA,M,3,03,16,26,28,29,31,,,,,,,1.2,0.7,1.0,1*25
$GPGSA,M,3,03,16,26,28,29,31,,,,,,,1.2,0.7,1.0,1*25
$GPGSA,M,3,03,16,26,28,29,31,,,,,,,1.2,0.7,1.0,1*25
$GPGSA,M,3,03,16,26,28,31,,,,,,,,1.2,0.7,1.0,1*2E
$GPGSA,M,3,03,16,26,28,31,,,,,,,,1.2,0.7,1.0,1*2E
$GPGSA,M,3,03,16,26,28,29,31,,,,,,,1.2,0.7,1.0,1*25
$GPGSA,M,3,03,16,26,28,29,31,,,,,,,1.2,0.7,1.0,1*25
$GPGSA,M,3,03,16,26,28,29,31,,,,,,,1.2,0.7,1.0,1*25
$GPGSA,M,3,03,16,26,28,29,31,,,,,,,1.2,0.7,1.0,1*25
$GPGSA,M,3,03,16,26,28,29,31,,,,,,,1.2,0.7,1.0,1*25
$GPGSA,M,3,03,16,26,28,29,31,,,,,,,1.2,0.7,1.0,1*25
$GPGSA,M,3,03,16,26,28,29,31,,,,,,,1.2,0.7,1.0,1*25
$GPGSA,M,3,03,16,26,28,29,31,,,,,,,1.2,0.7,1.0,1*25
$GPGSA,M,3,03,16,26,28,29,31,,,,,,,1.2,0.7,1.0,1*25
$GPGSA,M,3,03,16,26,28,29,31,,,,,,,1.2,0.7,1.0,1*25
$GPGSA,M,3,03,04,16,26,28,29,31,,,,,,1.2,0.7,1.0,1*21
$GPGSA,M,3,03,16,26,28,29,31,,,,,,,1.3,0.7,1.1,1*25
$GPGSA,M,3,03,16,26,28,29,31,,,,,,,1.3,0.7,1.1,1*25
$GPGSA,M,3,03,16,26,28,29,31,,,,,,,1.3,0.7,1.1,1*25
$GPGSA,M,3,03,16,26,28,29,31,,,,,,,1.3,0.7,1.1,1*25
$GPGSA,M,3,03,16,26,28,29,31,,,,,,,1.3,0.7,1.1,1*25
$GPGSA,M,3,03,16,26,28,29,31,,,,,,,1.3,0.8,1.0,1*2B
$GPGSA,M,3,03,16,26,28,29,31,,,,,,,1.3,0.8,1.0,1*2B
$GPGSA,M,3,03,16,26,28,29,31,,,,,,,1.3,0.8,1.0,1*2B
$GPGSA,M,3,03,16,26,28,29,31,,,,,,,1.3,0.8,1.0,1*2B
$GPGSA,M,3,03,16,26,28,29,31,,,,,,,1.3,0.8,1.0,1*2B
$GPGSA,M,3,03,16,26,28,29,31,,,,,,,1.2,0.7,1.0,1*25
$GPGSA,M,3,03,16,26,28,29,31,,,,,,,1.2,0.7,1.0,1*25
$GPGSA,M,3,03,16,26,28,29,31,,,,,,,1.2,0.7,1.0,1*25
$GPGSA,M,3,03,16,26,28,29,31,,,,,,,1.2,0.7,1.0,1*25
$GPGSA,M,3,03,16,26,28,29,31,,,,,,,1.2,0.7,1.0,1*25
$GPGSA,M,3,03,16,26,28,29,31,,,,,,,1.2,0.7,1.0,1*25
$GPGSA,M,3,03,16,26,28,29,31,,,,,,,1.2,0.7,1.0,1*25
$GPGSA,M,3,03,16,26,28,29,31,,,,,,,1.2,0.7,1.0,1*25
$GPGSA,M,3,03,16,26,28,29,31,,,,,,,1.2,0.7,1.0,1*25
$GPGSA,M,3,03,16,26,28,29,31,,,,,,,1.2,0.7,1.0,1*25
$GPGSA,M,3,03,16,26,28,29,31,,,,,,,1.3,0.8,1.0,1*2B
$GPGSA,M,3,03,16,26,28,29,31,,,,,,,1.3,0.8,1.0,1*2B
$GPGSA,M,3,03,16,26,28,29,31,,,,,,,1.3,0.8,1.0,1*2B
$GPGSA,M,3,03,16,26,28,29,31,,,,,,,1.3,0.8,1.0,1*2B
$GPGSA,M,3,03,16,26,28,29,31,,,,,,,1.3,0.8,1.0,1*2B
$GPGSA,M,3,03,16,26,28,29,31,,,,,,,1.2,0.7,1.0,1*25
$GPGSA,M,3,03,16,26,28,31,,,,,,,,1.2,0.7,1.0,1*2E
$GPGSA,M,3,03,16,26,28,31,,,,,,,,1.2,0.7,1.0,1*2E
$GPGSA,M,3,03,16,26,28,31,,,,,,,,1.2,0.7,1.0,1*2E
$GPGSA,M,3,03,16,26,28,31,,,,,,,,1.2,0.7,1.0,1*2E
$GPGSA,M,3,03,16,26,28,31,,,,,,,,1.2,0.7,1.0,1*2E
$GPGSA,M,3,03,16,26,28,31,,,,,,,,1.2,0.7,1.0,1*2E
$GPGSA,M,3,03,16,26,28,29,31,,,,,,,1.2,0.7,1.0,1*25
$GPGSA,M,3,03,26,28,29,31,,,,,,,,1.2,0.7,1.0,1*22
$GPGSA,M,3,03,26,28,29,31,,,,,,,,1.2,0.7,1.0,1*22
$GPGSA,M,3,03,26,28,29,31,,,,,,,,1.3,0.8,1.1,1*2D
$GPGSA,M,3,03,26,28,29,31,,,,,,,,1.3,0.8,1.1,1*2D
$GPGSA,M,3,03,26,28,29,31,,,,,,,,1.3,0.8,1.1,1*2D
$GPGSA,M,3,03,26,28,29,31,,,,,,,,1.3,0.8,1.1,1*2D
$GPGSA,M,3,03,26,28,29,31,,,,,,,,1.3,0.8,1.1,1*2D
$GPGSA,M,3,03,26,28,29,31,,,,,,,,1.2,0.7,1.0,1*22
$GPGSA,M,3,03,26,28,29,31,,,,,,,,1.2,0.7,1.0,1*22
$GPGSA,M,3,03,26,28,29,31,,,,,,,,1.2,0.7,1.0,1*22
$GPGSA,M,3,03,26,28,29,31,,,,,,,,1.2,0.7,1.0,1*22
$GPGSA,M,3,03,26,28,29,31,,,,,,,,1.2,0.7,1.0,1*22
$GPGSA,M,3,03,26,28,29,31,,,,,,,,1.4,0.9,1.1,1*2B
$GPGSA,M,3,03,26,28,29,31,,,,,,,,1.4,0.9,1.1,1*2B
$GPGSA,M,3,03,26,28,29,31,,,,,,,,1.4,0.9,1.1,1*2B
$GPGSA,M,3,03,26,28,29,31,,,,,,,,1.4,0.9,1.1,1*2B
$GPGSA,M,3,03,26,28,29,31,,,,,,,,1.4,0.9,1.1,1*2B
$GPGSA,M,3,03,26,28,29,31,32,,,,,,,1.2,0.7,1.0,1*23
$GPGSA,M,3,03,26,28,29,31,32,,,,,,,1.2,0.7,1.0,1*23
$GPGSA,M,3,03,26,28,29,31,32,,,,,,,1.2,0.7,1.0,1*23
$GPGSA,M,3,03,26,28,31,32,,,,,,,,1.2,0.7,1.0,1*28
$GPGSA,M,3,03,26,28,31,32,,,,,,,,1.2,0.7,1.0,1*28
$GPGSA,M,3,03,26,28,29,31,32,,,,,,,1.3,0.7,1.0,1*22
$GPGSA,M,3,03,26,28,31,32,,,,,,,,1.3,0.7,1.0,1*29
$GPGSA,M,3,03,26,28,31,32,,,,,,,,1.3,0.7,1.0,1*29
$GPGSA,M,3,03,26,28,31,32,,,,,,,,1.3,0.7,1.0,1*29
$GPGSA,M,3,03,26,28,29,31,32,,,,,,,1.3,0.7,1.0,1*22
$GPGSA,M,3,03,26,28,29,31,32,,,,,,,1.3,0.7,1.1,1*23
$GPGSA,M,3,03,26,28,29,31,32,,,,,,,1.3,0.7,1.1,1*23
$GPGSA,M,3,03,26,28,29,31,32,,,,,,,1.3,0.7,1.1,1*23
$GPGSA,M,3,03,26,28,29,31,32,,,,,,,1.3,0.7,1.1,1*23
$GPGSA,M,3,03,26,28,29,31,32,,,,,,,1.3,0.7,1.1,1*23
$GPGSA,M,3,03,26,28,29,31,32,,,,,,,1.3,0.7,1.0,1*22
$GPGSA,M,3,03,26,28,29,31,32,,,,,,,1.3,0.7,1.0,1*22
$GPGSA,M,3,03,26,28,29,31,32,,,,,,,1.3,0.7,1.0,1*22
$GPGSA,M,3,03,26,28,29,31,32,,,,,,,1.3,0.7,1.0,1*22
$GPGSA,M,3,03,26,28,31,32,,,,,,,,1.3,0.7,1.0,1*29
$GPGSA,M,3,03,26,28,29,31,32,,,,,,,1.3,0.8,1.1,1*2C
$GPGSA,M,3,03,26,28,29,31,32,,,,,,,1.3,0.8,1.1,1*2C
$GPGSA,M,3,03,26,28,29,31,32,,,,,,,1.3,0.8,1.1,1*2C
$GPGSA,M,3,03,26,28,29,31,32,,,,,,,1.3,0.8,1.1,1*2C
$GPGSA,M,3,03,16,26,28,29,31,32,,,,,,1.3,0.8,1.1,1*2B
$GPGSA,M,3,03,26,28,29,31,32,,,,,,,1.3,0.7,1.0,1*22
$GPGSA,M,3,03,26,28,29,31,32,,,,,,,1.3,0.7,1.0,1*22
$GPGSA,M,3,03,26,28,29,31,32,,,,,,,1.3,0.7,1.0,1*22
$GPGSA,M,3,03,26,28,29,31,,,,,,,,1.3,0.7,1.0,1*23
$GPGSA,M,3,03,26,28,29,31,,,,,,,,1.3,0.7,1.0,1*23
$GPGSA,M,3,03,26,28,29,31,,,,,,,,1.3,0.8,1.1,1*2D
$GPGSA,M,3,03,26,28,29,31,32,,,,,,,1.3,0.8,1.1,1*2C
$GPGSA,M,3,03,16,26,28,29,31,,,,,,,1.3,0.8,1.1,1*2A
$GPGSA,M,3,03,16,26,28,29,31,32,,,,,,1.3,0.8,1.1,1*2B
$GPGSA,M,3,03,16,26,28,29,31,32,,,,,,1.3,0.8,1.1,1*2B
$GPGSA,M,3,03,26,28,29,31,32,,,,,,,1.3,0.8,1.0,1*2D
$GPGSA,M,3,03,26,28,29,31,32,,,,,,,1.3,0.8,1.0,1*2D
$GPGSA,M,3,03,26,28,29,31,32,,,,,,,1.3,0.8,1.0,1*2D
$GPGSA,M,3,03,16,26,28,29,31,32,,,,,,1.3,0.8,1.0,1*2A
$GPGSA,M,3,03,16,26,28,29,31,,,,,,,1.3,0.8,1.0,1*2B
$GPGSA,M,3,03,16,26,28,29,31,,,,,,,1.3,0.8,1.1,1*2A
$GPGSA,M,3,03,16,26,28,29,31,,,,,,,1.3,0.8,1.1,1*2A
$GPGSA,M,3,03,16,26,28,29,31,,,,,,,1.3,0.8,1.1,1*2A
$GPGSA,M,3,03,26,28,31,,,,,,,,,1.3,0.8,1.1,1*26
$GPGSA,M,3,03,26,28,31,,,,,,,,,1.3,0.8,1.1,1*26
$GPGSA,M,3,03,26,28,29,31,,,,,,,,1.5,1.0,1.2,1*21
$GPGSA,M,3,03,26,28,29,31,,,,,,,,1.5,1.0,1.2,1*21
$GPGSA,M,3,03,26,28,29,31,,,,,,,,1.5,1.0,1.2,1*21
$GPGSA,M,3,03,26,28,31,,,,,,,,,1.5,1.0,1.2,1*2A
$GPGSA,M,3,03,26,28,31,,,,,,,,,1.5,1.0,1.2,1*2A
$GPGSA,M,3,03,26,28,31,,,,,,,,,1.3,0.8,1.1,1*26
$GPGSA,M,3,03,26,28,31,32,,,,,,,,1.3,0.8,1.1,1*27
$GPGSA,M,3,03,26,28,29,31,32,,,,,,,1.3,0.8,1.1,1*2C
$GPGSA,M,3,03,26,28,31,32,,,,,,,,1.3,0.8,1.1,1*27
$GPGSA,M,3,03,26,28,29,31,32,,,,,,,1.3,0.8,1.1,1*2C
$GPGSA,M,3,03,26,28,29,31,32,,,,,,,1.4,0.8,1.2,1*28
$GPGSA,M,3,03,26,28,31,32,,,,,,,,1.4,0.8,1.2,1*23
$GPGSA,M,3,03,26,28,31,32,,,,,,,,1.4,0.8,1.2,1*23
$GPGSA,M,3,03,26,28,31,32,,,,,,,,1.4,0.8,1.2,1*23
$GPGSA,M,3,03,26,28,31,32,,,,,,,,1.4,0.8,1.2,1*23
$GPGSA,M,3,03,16,26,28,29,31,32,,,,,,1.5,0.8,1.3,1*2F
$GPGSA,M,3,03,16,26,28,29,31,32,,,,,,1.5,0.8,1.3,1*2F
$GPGSA,M,3,03,16,26,28,29,31,32,,,,,,1.5,0.8,1.3,1*2F
$GPGSA,M,3,03,16,26,28,29,31,32,,,,,,1.5,0.8,1.3,1*2F
$GPGSA,M,3,03,16,26,28,31,32,,,,,,,1.5,0.8,1.3,1*24
$GPGSA,M,3,03,16,26,28,31,32,,,,,,,1.4,0.8,1.1,1*27
$GPGSA,M,3,03,16,26,28,31,32,,,,,,,1.4,0.8,1.1,1*27
$GPGSA,M,3,03,16,26,28,31,32,,,,,,,1.4,0.8,1.1,1*27
$GPGSA,M,3,03,16,26,28,29,31,32,,,,,,1.4,0.8,1.1,1*2C
$GPGSA,M,3,03,16,26,28,29,31,32,,,,,,1.4,0.8,1.1,1*2C
$GPGSA,M,3,03,16,26,28,29,31,32,,,,,,1.4,0.8,1.1,1*2C
$GPGSA,M,3,03,16,26,28,29,31,32,,,,,,1.4,0.8,1.1,1*2C
$GPGSA,M,3,03,16,26,28,29,31,32,,,,,,1.4,0.8,1.1,1*2C
$GPGSA,M,3,03,16,26,28,29,31,32,,,,,,1.4,0.8,1.1,1*2C
$GPGSA,M,3,03,16,26,28,29,31,32,,,,,,1.4,0.8,1.1,1*2C
$GPGSA,M,3,03,16,26,28,31,32,,,,,,,1.3,0.7,1.1,1*2F
$GPGSA,M,3,03,16,26,28,31,32,,,,,,,1.3,0.7,1.1,1*2F
$GPGSA,M,3,03,16,26,28,31,32,,,,,,,1.3,0.7,1.1,1*2F
$GPGSA,M,3,03,16,26,28,31,32,,,,,,,1.3,0.7,1.1,1*2F
$GPGSA,M,3,03,16,26,28,31,32,,,,,,,1.3,0.7,1.1,1*2F
$GPGSA,M,3,03,16,26,28,31,32,,,,,,,1.3,0.7,1.1,1*2F
$GPGSA,M,3,03,16,26,28,31,32,,,,,,,1.3,0.7,1.1,1*2F
$GPGSA,M,3,03,16,26,28,31,32,,,,,,,1.3,0.7,1.1,1*2F
$GPGSA,M,3,03,16,26,28,31,32,,,,,,,1.3,0.7,1.1,1*2F
$GPGSA,M,3,03,16,26,28,31,32,,,,,,,1.3,0.7,1.1,1*2F
$GPGSA,M,3,03,16,26,28,31,32,,,,,,,1.3,0.7,1.1,1*2F
$GPGSA,M,3,03,16,26,28,31,32,,,,,,,1.3,0.7,1.1,1*2F
$GPGSA,M,3,03,16,26,28,31,32,,,,,,,1.3,0.7,1.1,1*2F
$GPGSA,M,3,03,16,26,28,29,31,32,,,,,,1.3,0.7,1.1,1*24
$GPGSA,M,3,03,16,26,28,29,31,32,,,,,,1.3,0.7,1.1,1*24
$GPGSA,M,3,03,16,26,28,29,31,32,,,,,,1.3,0.7,1.1,1*24
$GPGSA,M,3,03,16,26,28,29,31,32,,,,,,1.3,0.7,1.1,1*24
$GPGSA,M,3,03,26,28,31,32,,,,,,,,1.3,0.7,1.1,1*28
$GPGSA,M,3,03,26,28,31,32,,,,,,,,1.3,0.7,1.1,1*28
$GPGSA,M,3,03,26,28,31,32,,,,,,,,1.3,0.7,1.1,1*28
$GPGSA,M,3,03,26,28,31,32,,,,,,,,1.2,0.7,1.0,1*28
$GPGSA,M,3,03,26,28,31,32,,,,,,,,1.2,0.7,1.0,1*28
$GPGSA,M,3,03,26,28,31,32,,,,,,,,1.2,0.7,1.0,1*28
$GPGSA,M,3,03,26,28,31,32,,,,,,,,1.2,0.7,1.0,1*28
$GPGSA,M,3,03,26,28,29,31,32,,,,,,,1.2,0.7,1.0,1*23
$GPGSA,M,3,03,26,28,29,31,32,,,,,,,1.2,0.7,1.0,1*23
$GPGSA,M,3,03,26,28,29,31,32,,,,,,,1.2,0.7,1.0,1*23
$GPGSA,M,3,03,26,28,29,31,32,,,,,,,1.2,0.7,1.0,1*23
$GPGSA,M,3,03,26,28,29,31,32,,,,,,,1.2,0.7,1.0,1*23
$GPGSA,M,3,03,26,28,31,32,,,,,,,,1.2,0.7,1.0,1*28
$GPGSA,M,3,03,26,28,31,32,,,,,,,,1.2,0.7,1.0,1*28
$GPGSA,M,3,03,26,28,29,31,32,,,,,,,1.2,0.7,1.0,1*23
$GPGSA,M,3,03,26,28,29,31,32,,,,,,,1.2,0.7,1.0,1*23
$GPGSA,M,3,03,26,28,29,31,32,,,,,,,1.2,0.7,1.0,1*23
$GPGSA,M,3,03,26,28,29,31,32,,,,,,,1.2,0.7,1.0,1*23
$GPGSA,M,3,03,26,28,29,31,32,,,,,,,1.2,0.7,1.0,1*23
$GPGSA,M,3,03,26,28,29,31,32,,,,,,,1.2,0.7,1.0,1*23
$GPGSA,M,3,03,26,28,29,31,32,,,,,,,1.2,0.7,1.0,1*23
$GPGSA,M,3,03,26,28,29,31,32,,,,,,,1.2,0.7,1.0,1*23
$GPGSA,M,3,03,26,28,29,31,32,,,,,,,1.2,0.7,1.0,1*23
$GPGSA,M,3,03,26,28,29,31,32,,,,,,,1.2,0.6,1.0,1*22
$GPGSA,M,3,03,26,28,29,31,32,,,,,,,1.2,0.6,1.0,1*22
$GPGSA,M,3,03,26,28,29,31,32,,,,,,,1.2,0.6,1.0,1*22
$GPGSA,M,3,03,26,28,29,31,32,,,,,,,1.2,0.6,1.0,1*22
$GPGSA,M,3,03,04,26,28,29,31,32,,,,,,1.2,0.6,1.0,1*26
$GPGSA,M,3,03,26,28,29,31,32,,,,,,,1.2,0.6,1.0,1*22
$GPGSA,M,3,03,26,28,29,31,32,,,,,,,1.2,0.6,1.0,1*22
$GPGSA,M,3,03,26,28,29,31,32,,,,,,,1.2,0.6,1.0,1*22
$GPGSA,M,3,03,26,28,29,31,32,,,,,,,1.2,0.6,1.0,1*22
$GPGSA,M,3,03,26,28,29,31,32,,,,,,,1.2,0.6,1.0,1*22
$GPGSA,M,3,03,26,28,29,31,32,,,,,,,1.2,0.7,1.0,1*23
$GPGSA,M,3,03,26,28,29,31,32,,,,,,,1.2,0.7,1.0,1*23
$GPGSA,M,3,03,26,28,29,31,32,,,,,,,1.2,0.7,1.0,1*23
$GPGSA,M,3,03,26,28,29,31,32,,,,,,,1.2,0.7,1.0,1*23
$GPGSA,M,3,03,26,28,29,31,32,,,,,,,1.2,0.7,1.0,1*23
$GPGSA,M,3,03,26,28,29,31,32,,,,,,,1.3,0.7,1.1,1*23
$GPGSA,M,3,03,26,28,29,31,32,,,,,,,1.3,0.7,1.1,1*23
$GPGSA,M,3,03,26,28,29,31,32,,,,,,,1.3,0.7,1.1,1*23
$GPGSA,M,3,03,26,28,29,31,32,,,,,,,1.3,0.7,1.1,1*23
$GPGSA,M,3,03,26,28,29,31,32,,,,,,,1.3,0.7,1.1,1*23
$GPGSA,M,3,03,26,28,29,31,32,,,,,,,1.2,0.7,1.0,1*23
$GPGSA,M,3,03,26,28,29,31,32,,,,,,,1.2,0.7,1.0,1*23
$GPGSA,M,3,03,26,28,29,31,32,,,,,,,1.2,0.7,1.0,1*23
$GPGSA,M,3,03,26,28,29,31,32,,,,,,,1.2,0.7,1.0,1*23
$GPGSA,M,3,03,26,28,29,31,32,,,,,,,1.2,0.7,1.0,1*23
$GPGSA,M,3,03,26,28,29,31,32,,,,,,,1.4,0.8,1.1,1*2B
$GPGSA,M,3,03,26,28,29,31,32,,,,,,,1.4,0.8,1.1,1*2B
$GPGSA,M,3,03,26,28,29,31,32,,,,,,,1.4,0.8,1.1,1*2B
$GPGSA,M,3,03,16,26,28,29,31,32,,,,,,1.4,0.8,1.1,1*2C
$GPGSA,M,3,03,16,26,28,29,31,32,,,,,,1.4,0.8,1.1,1*2C
$GPGSA,M,3,03,16,26,28,29,31,32,,,,,,1.3,0.7,1.1,1*24
$GPGSA,M,3,03,16,26,28,29,31,32,,,,,,1.3,0.7,1.1,1*24
$GPGSA,M,3,03,16,26,28,29,31,32,,,,,,1.3,0.7,1.1,1*24
$GPGSA,M,3,03,16,26,28,29,31,32,,,,,,1.3,0.7,1.1,1*24
$GPGSA,M,3,03,16,26,28,29,31,32,,,,,,1.3,0.7,1.1,1*24
$GPGSA,M,3,03,16,26,28,29,31,32,,,,,,1.3,0.7,1.1,1*24
$GPGSA,M,3,03,16,26,28,29,31,32,,,,,,1.3,0.7,1.1,1*24
$GPGSA,M,3,03,16,26,28,29,31,32,,,,,,1.3,0.7,1.1,1*24
$GPGSA,M,3,03,16,26,28,29,31,32,,,,,,1.3,0.7,1.1,1*24
$GPGSA,M,3,03,16,26,28,29,31,32,,,,,,1.3,0.7,1.1,1*24
$GPGSA,M,3,03,16,26,28,29,31,32,,,,,,1.3,0.7,1.1,1*24
$GPGSA,M,3,03,16,26,28,29,31,32,,,,,,1.3,0.7,1.1,1*24
$GPGSA,M,3,03,16,26,28,29,31,32,,,,,,1.3,0.7,1.1,1*24
$GPGSA,M,3,03,16,26,28,29,31,32,,,,,,1.3,0.7,1.1,1*24
$GPGSA,M,3,03,16,26,28,29,31,32,,,,,,1.3,0.7,1.1,1*24
$GPGSA,M,3,03,16,26,28,29,31,32,,,,,,1.3,0.7,1.1,1*24
$GPGSA,M,3,03,16,26,28,29,31,32,,,,,,1.3,0.7,1.1,1*24
$GPGSA,M,3,03,16,26,28,29,31,32,,,,,,1.3,0.7,1.1,1*24
$GPGSA,M,3,03,16,26,28,29,31,32,,,,,,1.3,0.7,1.1,1*24
$GPGSA,M,3,03,16,26,28,29,31,32,,,,,,1.3,0.7,1.1,1*24
$GPGSA,M,3,03,16,26,28,29,31,32,,,,,,1.3,0.7,1.1,1*24
$GPGSA,M,3,03,16,26,28,29,31,32,,,,,,1.3,0.7,1.1,1*24
$GPGSA,M,3,03,16,26,28,29,31,32,,,,,,1.3,0.7,1.1,1*24
$GPGSA,M,3,03,16,26,28,29,31,32,,,,,,1.3,0.7,1.1,1*24
$GPGSA,M,3,03,16,26,28,29,31,32,,,,,,1.3,0.7,1.1,1*24
$GPGSA,M,3,03,16,26,28,29,31,32,,,,,,1.3,0.7,1.1,1*24
$GPGSA,M,3,03,16,26,28,29,31,32,,,,,,1.3,0.7,1.1,1*24
$GPGSA,M,3,03,16,26,28,29,31,32,,,,,,1.3,0.7,1.1,1*24
$GPGSA,M,3,03,26,28,29,31,32,,,,,,,1.3,0.7,1.1,1*23
$GPGSA,M,3,03,26,28,29,31,32,,,,,,,1.3,0.7,1.1,1*23
$GPGSA,M,3,03,26,28,29,31,32,,,,,,,1.3,0.7,1.1,1*23
$GPGSA,M,3,03,26,28,29,31,32,,,,,,,1.3,0.7,1.1,1*23
$GPGSA,M,3,03,26,28,29,31,32,,,,,,,1.3,0.7,1.1,1*23
$GPGSA,M,3,03,26,28,29,31,32,,,,,,,1.3,0.7,1.1,1*23
$GPGSA,M,3,03,26,28,29,31,32,,,,,,,1.3,0.7,1.1,1*23
$GPGSA,M,3,03,26,28,29,31,32,,,,,,,1.3,0.7,1.1,1*23
$GPGSA,M,3,03,26,28,29,31,32,,,,,,,1.3,0.7,1.1,1*23
$GPGSA,M,3,03,26,28,29,31,32,,,,,,,1.3,0.7,1.1,1*23
$GPGSA,M,3,03,26,28,29,31,32,,,,,,,1.3,0.7,1.1,1*23
$GPGSA,M,3,03,26,28,29,31,32,,,,,,,1.3,0.7,1.1,1*23
$GPGSA,M,3,03,26,28,29,31,32,,,,,,,1.3,0.7,1.1,1*23
$GPGSA,M,3,03,26,28,29,31,32,,,,,,,1.3,0.7,1.1,1*23
$GPGSA,M,3,03,26,28,29,31,32,,,,,,,1.3,0.7,1.1,1*23
$GPGSA,M,3,03,26,28,29,31,32,,,,,,,1.3,0.7,1.1,1*23
$GPGSA,M,3,03,26,28,29,31,32,,,,,,,1.3,0.7,1.1,1*23
$GPGSA,M,3,03,26,28,29,31,32,,,,,,,1.2,0.7,1.0,1*23
$GPGSA,M,3,03,26,27,28,29,31,32,,,,,,1.2,0.7,1.0,1*26
$GPGSA,M,3,03,26,27,28,29,31,32,,,,,,1.2,0.7,1.0,1*26
$GPGSA,M,3,03,26,27,28,29,31,32,,,,,,1.2,0.7,1.0,1*26
$GPGSA,M,3,03,26,27,28,29,31,32,,,,,,1.2,0.7,1.0,1*26
$GPGSA,M,3,03,26,27,28,29,31,32,,,,,,1.3,0.7,1.1,1*26
$GPGSA,M,3,03,26,28,29,31,32,,,,,,,1.3,0.7,1.1,1*23
$GPGSA,M,3,03,26,28,29,31,32,,,,,,,1.3,0.7,1.1,1*23
$GPGSA,M,3,03,26,28,29,31,32,,,,,,,1.3,0.7,1.1,1*23
$GPGSA,M,3,03,26,28,31,32,,,,,,,,1.3,0.7,1.1,1*28
$GPGSA,M,3,03,26,28,31,32,,,,,,,,1.2,0.7,1.0,1*28
$GPGSA,M,3,03,26,28,31,32,,,,,,,,1.2,0.7,1.0,1*28
$GPGSA,M,3,03,26,28,29,31,32,,,,,,,1.2,0.7,1.0,1*23
$GPGSA,M,3,03,26,28,31,32,,,,,,,,1.2,0.7,1.0,1*28
$GPGSA,M,3,03,26,28,31,32,,,,,,,,1.2,0.7,1.0,1*28
$GPGSA,M,3,03,26,28,31,32,,,,,,,,1.3,0.8,1.1,1*27
$GPGSA,M,3,03,26,28,31,32,,,,,,,,1.3,0.8,1.1,1*27
$GPGSA,M,3,03,26,28,31,32,,,,,,,,1.3,0.8,1.1,1*27
$GPGSA,M,3,03,26,28,31,32,,,,,,,,1.3,0.8,1.1,1*27
$GPGSA,M,3,03,26,28,29,31,32,,,,,,,1.3,0.8,1.1,1*2C
$GPGSA,M,3,03,26,28,29,31,32,,,,,,,1.2,0.7,1.0,1*23
$GPGSA,M,3,03,26,28,29,31,32,,,,,,,1.2,0.7,1.0,1*23
$GPGSA,M,3,03,26,28,29,31,32,,,,,,,1.2,0.7,1.0,1*23
$GPGSA,M,3,03,26,28,29,31,32,,,,,,,1.2,0.7,1.0,1*23
$GPGSA,M,3,03,26,28,29,31,32,,,,,,,1.2,0.7,1.0,1*23
$GPGSA,M,3,03,26,28,29,31,32,,,,,,,1.2,0.7,1.0,1*23
$GPGSA,M,3,03,26,28,29,31,32,,,,,,,1.2,0.7,1.0,1*23
$GPGSA,M,3,03,26,28,29,31,32,,,,,,,1.2,0.7,1.0,1*23
$GPGSA,M,3,03,26,28,29,31,32,,,,,,,1.2,0.7,1.0,1*23
$GPGSA,M,3,03,26,28,29,31,32,,,,,,,1.2,0.7,1.0,1*23
$GPGSA,M,3,03,26,28,29,31,32,,,,,,,1.2,0.7,1.0,1*23
$GPGSA,M,3,03,26,28,29,31,32,,,,,,,1.2,0.7,1.0,1*23
$GPGSA,M,3,03,26,28,29,31,32,,,,,,,1.2,0.7,1.0,1*23
$GPGSA,M,3,03,26,28,29,31,32,,,,,,,1.2,0.7,1.0,1*23
$GPGSA,M,3,03,26,28,29,31,32,,,,,,,1.2,0.7,1.0,1*23
$GPGSA,M,3,03,26,28,29,31,32,,,,,,,1.2,0.7,1.0,1*23
$GPGSA,M,3,03,26,28,29,31,32,,,,,,,1.2,0.7,1.0,1*23
$GPGSA,M,3,03,26,28,29,31,32,,,,,,,1.2,0.7,1.0,1*23
$GPGSA,M,3,03,26,27,28,29,31,32,,,,,,1.2,0.7,1.0,1*26
$GPGSA,M,3,03,26,27,28,29,31,32,,,,,,1.2,0.7,1.0,1*26
$GPGSA,M,3,03,26,27,28,29,31,32,,,,,,1.2,0.7,1.0,1*26
$GPGSA,M,3,03,26,27,28,29,31,32,,,,,,1.2,0.7,1.0,1*26
$GPGSA,M,3,03,26,27,28,29,31,32,,,,,,1.2,0.7,1.0,1*26
$GPGSA,M,3,03,26,27,28,29,31,32,,,,,,1.2,0.7,1.0,1*26
$GPGSA,M,3,03,26,27,28,29,31,32,,,,,,1.2,0.7,1.0,1*26
$GPGSA,M,3,03,26,27,28,29,31,32,,,,,,1.3,0.7,1.1,1*26
$GPGSA,M,3,03,26,27,28,29,31,32,,,,,,1.3,0.7,1.1,1*26
$GPGSA,M,3,03,26,27,28,29,31,32,,,,,,1.3,0.7,1.1,1*26
$GPGSA,M,3,03,26,27,28,29,31,32,,,,,,1.3,0.7,1.1,1*26
$GPGSA,M,3,03,26,27,28,29,31,32,,,,,,1.3,0.7,1.1,1*26
$GPGSA,M,3,03,26,27,28,29,31,32,,,,,,1.3,0.7,1.1,1*26
$GPGSA,M,3,03,26,27,28,29,31,32,,,,,,1.3,0.7,1.1,1*26
$GPGSA,M,3,03,26,27,28,29,31,32,,,,,,1.3,0.7,1.1,1*26
$GPGSA,M,3,03,26,27,28,29,31,32,,,,,,1.3,0.7,1.1,1*26
$GPGSA,M,3,03,26,27,28,29,31,32,,,,,,1.3,0.7,1.1,1*26
$GPGSA,M,3,03,26,27,28,29,31,32,,,,,,1.2,0.7,1.0,1*26
$GPGSA,M,3,03,26,27,28,29,31,32,,,,,,1.2,0.7,1.0,1*26
$GPGSA,M,3,03,26,27,28,29,31,32,,,,,,1.2,0.7,1.0,1*26
$GPGSA,M,3,03,26,27,28,29,31,32,,,,,,1.2,0.7,1.0,1*26
$GPGSA,M,3,03,26,27,28,29,31,32,,,,,,1.2,0.7,1.0,1*26
$GPGSA,M,3,03,26,27,28,29,31,32,,,,,,1.3,0.7,1.1,1*26
$GPGSA,M,3,03,26,27,28,29,31,32,,,,,,1.3,0.7,1.1,1*26
$GPGSA,M,3,03,26,27,28,29,31,32,,,,,,1.3,0.7,1.1,1*26
$GPGSA,M,3,03,26,27,28,29,31,32,,,,,,1.3,0.7,1.1,1*26
$GPGSA,M,3,03,26,27,28,29,31,32,,,,,,1.3,0.7,1.1,1*26
$GPGSA,M,3,03,16,26,27,28,29,31,32,,,,,1.3,0.7,1.1,1*21
$GPGSA,M,3,03,26,27,28,29,31,32,,,,,,1.3,0.7,1.1,1*26
$GPGSA,M,3,03,26,27,28,29,31,32,,,,,,1.3,0.7,1.1,1*26
$GPGSA,M,3,03,16,26,27,28,29,31,32,,,,,1.3,0.7,1.1,1*21
$GPGSA,M,3,03,16,26,27,28,29,31,32,,,,,1.3,0.7,1.1,1*21
$GPGSA,M,3,03,16,26,27,28,29,31,32,,,,,1.3,0.7,1.1,1*21
$GPGSA,M,3,03,16,26,27,28,29,31,32,,,,,1.3,0.7,1.1,1*21
$GPGSA,M,3,03,16,26,27,28,29,31,32,,,,,1.3,0.7,1.1,1*21
$GPGSA,M,3,03,16,26,27,28,29,31,32,,,,,1.3,0.7,1.1,1*21
$GPGSA,M,3,03,26,27,28,29,31,32,,,,,,1.3,0.7,1.1,1*26
$GPGSA,M,3,03,26,27,28,29,31,32,,,,,,1.4,0.8,1.1,1*2E
$GPGSA,M,3,03,26,27,28,29,31,32,,,,,,1.4,0.8,1.1,1*2E
$GPGSA,M,3,03,26,27,28,29,31,32,,,,,,1.4,0.8,1.1,1*2E
$GPGSA,M,3,03,26,27,28,29,31,32,,,,,,1.4,0.8,1.1,1*2E
$GPGSA,M,3,03,26,27,28,29,31,32,,,,,,1.4,0.8,1.1,1*2E
$GPGSA,M,3,03,26,27,28,29,31,32,,,,,,1.3,0.7,1.1,1*26
$GPGSA,M,3,03,26,27,28,29,31,32,,,,,,1.3,0.7,1.1,1*26
$GPGSA,M,3,03,26,27,28,29,31,32,,,,,,1.3,0.7,1.1,1*26
$GPGSA,M,3,03,26,27,28,29,31,32,,,,,,1.3,0.7,1.1,1*26
$GPGSA,M,3,03,26,27,28,29,31,32,,,,,,1.3,0.7,1.1,1*26
$GPGSA,M,3,03,26,27,28,29,31,32,,,,,,1.2,0.7,1.0,1*26
$GPGSA,M,3,03,26,27,28,29,31,32,,,,,,1.2,0.7,1.0,1*26
$GPGSA,M,3,03,26,27,28,29,31,32,,,,,,1.2,0.7,1.0,1*26
$GPGSA,M,3,03,26,27,28,29,31,32,,,,,,1.2,0.7,1.0,1*26
$GPGSA,M,3,03,26,27,28,29,31,32,,,,,,1.2,0.7,1.0,1*26
$GPGSA,M,3,03,26,27,28,29,31,32,,,,,,1.4,0.8,1.2,1*2D
$GPGSA,M,3,03,26,27,28,29,31,32,,,,,,1.4,0.8,1.2,1*2D
$GPGSA,M,3,03,26,27,28,29,31,32,,,,,,1.4,0.8,1.2,1*2D
$GPGSA,M,3,03,26,27,28,29,31,32,,,,,,1.4,0.8,1.2,1*2D
$GPGSA,M,3,03,26,27,28,29,31,32,,,,,,1.4,0.8,1.2,1*2D
$GPGSA,M,3,03,26,27,28,29,31,32,,,,,,1.3,0.7,1.1,1*26
$GPGSA,M,3,03,26,27,28,29,31,32,,,,,,1.3,0.7,1.1,1*26
$GPGSA,M,3,03,26,27,28,29,31,32,,,,,,1.3,0.7,1.1,1*26
$GPGSA,M,3,03,26,27,28,29,31,32,,,,,,1.3,0.7,1.1,1*26
$GPGSA,M,3,03,26,27,28,29,31,32,,,,,,1.3,0.7,1.1,1*26
$GPGSA,M,3,03,26,27,28,29,31,32,,,,,,1.4,0.8,1.1,1*2E
$GPGSA,M,3,03,26,27,28,29,31,32,,,,,,1.4,0.8,1.1,1*2E
$GPGSA,M,3,03,26,27,28,29,31,32,,,,,,1.4,0.8,1.1,1*2E
$GPGSA,M,3,03,26,27,28,29,31,32,,,,,,1.4,0.8,1.1,1*2E
$GPGSA,M,3,03,26,27,28,29,31,32,,,,,,1.4,0.8,1.1,1*2E
$GPGSA,M,3,03,26,27,28,29,31,32,,,,,,1.5,0.8,1.3,1*2D
$GPGSA,M,3,03,26,27,28,29,31,32,,,,,,1.5,0.8,1.3,1*2D
$GPGSA,M,3,03,26,27,28,29,31,32,,,,,,1.5,0.8,1.3,1*2D
$GPGSA,M,3,03,26,27,28,29,31,32,,,,,,1.5,0.8,1.3,1*2D
$GPGSA,M,3,03,26,27,28,29,31,32,,,,,,1.5,0.8,1.3,1*2D
$GPGSA,M,3,03,26,27,28,29,31,32,,,,,,1.5,0.8,1.3,1*2D
$GPGSA,M,3,03,26,27,28,29,31,32,,,,,,1.5,0.8,1.3,1*2D
$GPGSA,M,3,03,26,27,28,29,31,32,,,,,,1.5,0.8,1.3,1*2D
$GPGSA,M,3,03,26,27,28,31,32,,,,,,,1.5,0.8,1.3,1*26
$GPGSA,M,3,03,26,27,28,31,32,,,,,,,1.5,0.8,1.3,1*26
$GPGSA,M,3,03,26,27,28,31,32,,,,,,,1.4,0.8,1.1,1*25
$GPGSA,M,3,03,26,27,28,29,31,32,,,,,,1.4,0.8,1.1,1*2E
$GPGSA,M,3,03,26,27,28,29,31,32,,,,,,1.4,0.8,1.1,1*2E
$GPGSA,M,3,03,26,27,28,31,32,,,,,,,1.4,0.8,1.1,1*25
$GPGSA,M,3,03,26,27,28,31,32,,,,,,,1.4,0.8,1.1,1*25
$GPGSA,M,3,03,26,27,28,31,32,,,,,,,1.3,0.7,1.1,1*2D
$GPGSA,M,3,03,26,27,28,31,32,,,,,,,1.3,0.7,1.1,1*2D
$GPGSA,M,3,03,26,27,28,31,32,,,,,,,1.3,0.7,1.1,1*2D
$GPGSA,M,3,03,16,26,27,28,29,31,32,,,,,1.3,0.7,1.1,1*21
$GPGSA,M,3,03,16,26,27,28,29,31,32,,,,,1.3,0.7,1.1,1*21
$GPGSA,M,3,03,16,26,27,28,29,31,32,,,,,1.3,0.7,1.1,1*21
$GPGSA,M,3,03,16,26,27,28,29,31,32,,,,,1.3,0.7,1.1,1*21
$GPGSA,M,3,03,16,26,27,28,29,31,32,,,,,1.3,0.7,1.1,1*21
$GPGSA,M,3,03,16,26,27,28,29,31,32,,,,,1.3,0.7,1.1,1*21
$GPGSA,M,3,03,26,27,28,29,31,32,,,,,,1.3,0.7,1.1,1*26
$GPGSA,M,3,03,26,27,28,29,31,32,,,,,,1.4,0.8,1.1,1*2E
$GPGSA,M,3,03,26,28,29,31,32,,,,,,,1.4,0.8,1.1,1*2B
$GPGSA,M,3,03,26,28,29,31,32,,,,,,,1.4,0.8,1.1,1*2B
$GPGSA,M,3,03,26,28,29,31,32,,,,,,,1.4,0.8,1.1,1*2B
$GPGSA,M,3,03,16,26,28,29,31,32,,,,,,1.4,0.8,1.1,1*2C
$GPGSA,M,3,03,16,26,28,29,31,32,,,,,,1.4,0.8,1.1,1*2C
$GPGSA,M,3,03,16,26,28,29,31,32,,,,,,1.4,0.8,1.1,1*2C
$GPGSA,M,3,03,16,26,28,31,32,,,,,,,1.4,0.8,1.1,1*27
$GPGSA,M,3,03,16,26,28,31,32,,,,,,,1.4,0.8,1.1,1*27
$GPGSA,M,3,03,16,26,28,31,32,,,,,,,1.4,0.8,1.1,1*27
$GPGSA,M,3,03,16,26,28,31,32,,,,,,,1.4,0.8,1.1,1*27
$GPGSA,M,3,03,16,26,28,31,32,,,,,,,1.4,0.8,1.1,1*27
$GPGSA,M,3,03,16,26,28,31,32,,,,,,,1.4,0.8,1.1,1*27
$GPGSA,M,3,03,16,26,28,31,32,,,,,,,1.4,0.8,1.1,1*27
$GPGSA,M,3,03,16,26,28,31,32,,,,,,,1.4,0.8,1.1,1*27
$GPGSA,M,3,03,16,26,28,31,32,,,,,,,1.4,0.8,1.1,1*27
$GPGSA,M,3,03,16,26,27,28,31,32,,,,,,1.4,0.8,1.1,1*22
$GPGSA,M,3,03,16,26,27,28,31,32,,,,,,1.4,0.8,1.1,1*22
$GPGSA,M,3,03,16,26,27,28,31,32,,,,,,1.4,0.8,1.1,1*22
$GPGSA,M,3,03,16,26,27,28,31,32,,,,,,1.4,0.8,1.1,1*22
$GPGSA,M,3,03,26,27,28,31,32,,,,,,,1.4,0.8,1.1,1*25
$GPGSA,M,3,03,26,28,31,32,,,,,,,,1.4,0.8,1.1,1*20
$GPGSA,M,3,03,26,28,31,32,,,,,,,,1.4,0.8,1.1,1*20
$GPGSA,M,3,03,26,28,31,32,,,,,,,,1.4,0.8,1.1,1*20
$GPGSA,M,3,03,26,28,31,32,,,,,,,,1.4,0.8,1.1,1*20
$GPGSA,M,3,03,26,28,31,32,,,,,,,,1.4,0.8,1.1,1*20
$GPGSA,M,3,03,26,28,31,32,,,,,,,,1.4,0.8,1.1,1*20
$GPGSA,M,3,03,26,28,31,32,,,,,,,,1.4,0.8,1.1,1*20
$GPGSA,M,3,03,26,28,31,32,,,,,,,,1.4,0.8,1.1,1*20
$GPGSA,M,3,03,26,28,31,32,,,,,,,,1.4,0.8,1.1,1*20
$GPGSA,M,3,03,26,28,31,32,,,,,,,,1.4,0.8,1.1,1*20
$GPGSA,M,3,03,26,28,31,32,,,,,,,,1.4,0.8,1.1,1*20
$GPGSA,M,3,03,26,28,31,32,,,,,,,,1.4,0.8,1.1,1*20
$GPGSA,M,3,03,26,28,31,32,,,,,,,,1.4,0.8,1.1,1*20
$GPGSA,M,3,03,26,28,31,32,,,,,,,,1.4,0.8,1.1,1*20
$GPGSA,M,3,03,26,28,31,32,,,,,,,,1.3,0.7,1.1,1*28
$GPGSA,M,3,03,26,28,31,32,,,,,,,,1.3,0.7,1.1,1*28
$GPGSA,M,3,03,26,28,31,32,,,,,,,,1.3,0.7,1.1,1*28
$GPGSA,M,3,03,26,28,31,32,,,,,,,,1.3,0.7,1.1,1*28
$GPGSA,M,3,03,26,28,31,32,,,,,,,,1.3,0.7,1.1,1*28
$GPGSA,M,3,03,26,28,31,32,,,,,,,,1.5,0.8,1.3,1*23
$GPGSA,M,3,03,26,28,31,32,,,,,,,,1.5,0.8,1.3,1*23
$GPGSA,M,3,03,26,28,31,32,,,,,,,,1.5,0.8,1.3,1*23
$GPGSA,M,3,03,26,28,31,32,,,,,,,,1.5,0.8,1.3,1*23
$GPGSA,M,3,03,26,28,31,32,,,,,,,,1.5,0.8,1.3,1*23
$GPGSA,M,3,03,26,28,31,32,,,,,,,,1.4,0.8,1.2,1*23
$GPGSA,M,3,03,26,28,31,32,,,,,,,,1.4,0.8,1.2,1*23
$GPGSA,M,3,03,26,28,31,32,,,,,,,,1.4,0.8,1.2,1*23
$GPGSA,M,3,03,16,26,28,31,32,,,,,,,1.4,0.8,1.2,1*24
$GPGSA,M,3,03,16,26,28,31,32,,,,,,,1.4,0.8,1.2,1*24
$GPGSA,M,3,03,16,26,28,31,32,,,,,,,1.3,0.7,1.1,1*2F
$GPGSA,M,3,03,16,26,28,31,32,,,,,,,1.3,0.7,1.1,1*2F
$GPGSA,M,3,03,16,26,28,31,32,,,,,,,1.3,0.7,1.1,1*2F
$GPGSA,M,3,03,16,26,28,31,32,,,,,,,1.3,0.7,1.1,1*2F
$GPGSA,M,3,03,16,26,28,31,32,,,,,,,1.3,0.7,1.1,1*2F
$GPGSA,M,3,03,16,26,28,31,32,,,,,,,1.4,0.8,1.1,1*27
$GPGSA,M,3,03,16,26,28,31,32,,,,,,,1.4,0.8,1.1,1*27
$GPGSA,M,3,03,16,26,28,31,32,,,,,,,1.4,0.8,1.1,1*27
$GPGSA,M,3,03,16,26,28,31,32,,,,,,,1.4,0.8,1.1,1*27
$GPGSA,M,3,03,16,26,28,29,31,32,,,,,,1.4,0.8,1.1,1*2C
$GPGSA,M,3,03,16,26,28,29,31,32,,,,,,1.4,0.8,1.1,1*2C
$GPGSA,M,3,03,16,26,28,29,31,32,,,,,,1.4,0.8,1.1,1*2C
$GPGSA,M,3,03,16,26,28,29,31,32,,,,,,1.4,0.8,1.1,1*2C
$GPGSA,M,3,03,16,26,28,29,31,32,,,,,,1.4,0.8,1.1,1*2C
$GPGSA,M,3,03,16,26,28,31,32,,,,,,,1.4,0.8,1.1,1*27
$GPGSA,M,3,03,16,26,28,31,32,,,,,,,1.3,0.7,1.1,1*2F
$GPGSA,M,3,03,16,26,28,31,32,,,,,,,1.3,0.7,1.1,1*2F
$GPGSA,M,3,03,16,26,28,29,31,32,,,,,,1.3,0.7,1.1,1*24
$GPGSA,M,3,03,16,26,28,31,32,,,,,,,1.3,0.7,1.1,1*2F
$GPGSA,M,3,03,16,26,28,31,32,,,,,,,1.3,0.7,1.1,1*2F
$GPGSA,M,3,03,16,26,28,31,32,,,,,,,1.3,0.7,1.1,1*2F
$GPGSA,M,3,03,16,26,27,28,31,32,,,,,,1.3,0.7,1.1,1*2A
$GPGSA,M,3,03,26,28,31,32,,,,,,,,1.3,0.7,1.1,1*28
$GPGSA,M,3,03,26,28,31,32,,,,,,,,1.3,0.7,1.1,1*28
$GPGSA,M,3,03,26,27,28,31,32,,,,,,,1.3,0.7,1.1,1*2D
$GPGSA,M,3,03,26,28,31,32,,,,,,,,1.4,0.8,1.1,1*20
$GPGSA,M,3,03,26,28,31,32,,,,,,,,1.4,0.8,1.1,1*20
$GPGSA,M,3,03,26,27,28,31,32,,,,,,,1.4,0.8,1.1,1*25
$GPGSA,M,3,03,26,27,28,31,32,,,,,,,1.4,0.8,1.1,1*25
$GPGSA,M,3,03,26,27,28,31,32,,,,,,,1.4,0.8,1.1,1*25
$GPGSA,M,3,03,26,27,28,31,32,,,,,,,1.3,0.7,1.1,1*2D
$GPGSA,M,3,03,26,28,31,32,,,,,,,,1.3,0.7,1.1,1*28
$GPGSA,M,3,03,26,28,31,32,,,,,,,,1.3,0.7,1.1,1*28
$GPGSA,M,3,03,26,28,31,32,,,,,,,,1.3,0.7,1.1,1*28
$GPGSA,M,3,03,26,28,31,32,,,,,,,,1.3,0.7,1.1,1*28
$GPGSA,M,3,03,26,28,31,32,,,,,,,,1.3,0.7,1.1,1*28
$GPGSA,M,3,03,26,28,31,32,,,,,,,,1.3,0.7,1.1,1*28
$GPGSA,M,3,03,26,28,31,32,,,,,,,,1.3,0.7,1.1,1*28
$GPGSA,M,3,03,26,28,29,31,32,,,,,,,1.3,0.7,1.1,1*23
$GPGSA,M,3,03,26,28,29,31,32,,,,,,,1.3,0.7,1.1,1*23
$GPGSA,M,3,03,26,28,29,31,32,,,,,,,1.3,0.7,1.1,1*23
$GPGSA,M,3,03,26,28,29,31,32,,,,,,,1.3,0.7,1.1,1*23
$GPGSA,M,3,03,26,28,29,31,32,,,,,,,1.3,0.7,1.1,1*23
$GPGSA,M,3,03,26,27,28,29,31,32,,,,,,1.3,0.7,1.1,1*26
$GPGSA,M,3,03,26,27,28,29,31,32,,,,,,1.3,0.7,1.1,1*26
$GPGSA,M,3,03,26,27,28,29,31,32,,,,,,1.3,0.7,1.1,1*26
$GPGSA,M,3,03,26,27,28,29,31,32,,,,,,1.3,0.7,1.1,1*26
$GPGSA,M,3,03,26,27,28,29,31,32,,,,,,1.3,0.7,1.1,1*26
$GPGSA,M,3,03,26,27,28,29,31,32,,,,,,1.3,0.7,1.1,1*26
$GPGSA,M,3,03,26,27,28,29,31,32,,,,,,1.3,0.7,1.1,1*26
$GPGSA,M,3,03,26,27,28,29,31,32,,,,,,1.3,0.7,1.1,1*26
$GPGSA,M,3,03,26,27,28,29,31,32,,,,,,1.3,0.7,1.1,1*26
$GPGSA,M,3,03,26,27,28,29,31,32,,,,,,1.3,0.7,1.1,1*26
$GPGSA,M,3,03,26,27,28,29,31,32,,,,,,1.3,0.7,1.1,1*26
$GPGSA,M,3,03,26,27,28,29,31,32,,,,,,1.3,0.7,1.1,1*26
$GPGSA,M,3,03,26,27,28,29,31,32,,,,,,1.3,0.7,1.1,1*26
$GPGSA,M,3,03,26,27,28,29,31,32,,,,,,1.3,0.7,1.1,1*26
$GPGSA,M,3,03,26,27,28,29,31,32,,,,,,1.3,0.7,1.1,1*26
$GPGSA,M,3,03,26,27,28,29,31,32,,,,,,1.3,0.7,1.1,1*26
$GPGSA,M,3,03,26,27,28,29,31,32,,,,,,1.3,0.7,1.1,1*26
$GPGSA,M,3,03,26,27,28,29,31,32,,,,,,1.3,0.7,1.1,1*26
$GPGSA,M,3,03,26,27,28,31,32,,,,,,,1.3,0.7,1.1,1*2D
$GPGSA,M,3,03,26,27,28,31,32,,,,,,,1.3,0.7,1.1,1*2D
$GPGSA,M,3,03,26,27,28,29,31,32,,,,,,1.3,0.7,1.1,1*26
$GPGSA,M,3,03,26,27,28,29,31,32,,,,,,1.3,0.7,1.1,1*26
$GPGSA,M,3,03,26,27,28,29,31,32,,,,,,1.3,0.7,1.1,1*26
$GPGSA,M,3,03,26,27,28,29,31,32,,,,,,1.3,0.7,1.1,1*26
$GPGSA,M,3,03,26,27,28,29,31,32,,,,,,1.3,0.7,1.1,1*26
$GPGSA,M,3,03,26,27,28,29,31,32,,,,,,1.3,0.7,1.1,1*26
$GPGSA,M,3,03,26,27,28,31,32,,,,,,,1.3,0.7,1.1,1*2D
$GPGSA,M,3,03,26,27,28,31,32,,,,,,,1.3,0.7,1.1,1*2D
$GPGSA,M,3,03,26,27,28,31,32,,,,,,,1.3,0.7,1.1,1*2D
$GPGSA,M,3,03,26,27,28,29,31,32,,,,,,1.3,0.7,1.1,1*26
$GPGSA,M,3,03,26,27,28,29,31,32,,,,,,1.3,0.7,1.1,1*26
$GPGSA,M,3,03,26,27,28,31,32,,,,,,,1.3,0.7,1.1,1*2D
$GPGSA,M,3,03,26,27,28,31,32,,,,,,,1.3,0.7,1.1,1*2D
$GPGSA,M,3,03,26,27,28,31,32,,,,,,,1.3,0.7,1.1,1*2D
$GPGSA,M,3,03,26,27,28,31,32,,,,,,,1.3,0.7,1.1,1*2D
$GPGSA,M,3,03,26,27,28,31,32,,,,,,,1.3,0.7,1.1,1*2D
$GPGSA,M,3,03,26,27,28,31,32,,,,,,,1.3,0.7,1.1,1*2D
$GPGSA,M,3,03,26,27,28,31,32,,,,,,,1.3,0.7,1.1,1*2D
$GPGSA,M,3,03,26,27,28,31,32,,,,,,,1.3,0.7,1.1,1*2D
$GPGSA,M,3,03,26,27,28,31,32,,,,,,,1.3,0.7,1.1,1*2D
$GPGSA,M,3,03,26,27,28,31,32,,,,,,,1.3,0.7,1.1,1*2D
$GPGSA,M,3,03,26,27,28,31,32,,,,,,,1.3,0.7,1.1,1*2D
$GPGSA,M,3,03,26,27,28,31,32,,,,,,,1.4,0.8,1.2,1*26
$GPGSA,M,3,03,26,27,28,31,32,,,,,,,1.4,0.8,1.2,1*26
$GPGSA,M,3,03,26,27,28,31,32,,,,,,,1.4,0.8,1.2,1*26
$GPGSA,M,3,03,26,27,28,29,31,32,,,,,,1.4,0.8,1.2,1*2D
$GPGSA,M,3,03,26,27,28,29,31,32,,,,,,1.4,0.8,1.2,1*2D
$GPGSA,M,3,03,26,27,28,29,31,32,,,,,,1.3,0.7,1.1,1*26
$GPGSA,M,3,03,26,27,28,29,31,32,,,,,,1.3,0.7,1.1,1*26
$GPGSA,M,3,03,26,27,28,29,31,32,,,,,,1.3,0.7,1.1,1*26
$GPGSA,M,3,03,26,27,28,29,31,32,,,,,,1.3,0.7,1.1,1*26
$GPGSA,M,3,03,26,27,28,31,32,,,,,,,1.3,0.7,1.1,1*2D
$GPGSA,M,3,03,26,27,28,31,32,,,,,,,1.2,0.7,1.0,1*2D
$GPGSA,M,3,03,26,27,28,31,32,,,,,,,1.2,0.7,1.0,1*2D
$GPGSA,M,3,03,26,27,28,31,32,,,,,,,1.2,0.7,1.0,1*2D
$GPGSA,M,3,03,26,27,28,31,32,,,,,,,1.2,0.7,1.0,1*2D
$GPGSA,M,3,03,26,27,28,31,32,,,,,,,1.2,0.7,1.0,1*2D
$GPGSA,M,3,03,26,27,28,31,32,,,,,,,1.3,0.7,1.1,1*2D
$GPGSA,M,3,03,26,27,28,31,32,,,,,,,1.3,0.7,1.1,1*2D
$GPGSA,M,3,03,26,27,28,31,32,,,,,,,1.3,0.7,1.1,1*2D
$GPGSA,M,3,03,26,27,28,31,32,,,,,,,1.3,0.7,1.1,1*2D
$GPGSA,M,3,03,26,27,28,31,32,,,,,,,1.3,0.7,1.1,1*2D
$GPGSA,M,3,03,26,27,28,31,32,,,,,,,1.3,0.7,1.1,1*2D
$GPGSA,M,3,03,26,27,28,31,32,,,,,,,1.3,0.7,1.1,1*2D
$GPGSA,M,3,03,26,27,28,31,32,,,,,,,1.3,0.7,1.1,1*2D
$GPGSA,M,3,03,26,27,28,31,32,,,,,,,1.3,0.7,1.1,1*2D
$GPGSA,M,3,03,26,27,28,31,32,,,,,,,1.3,0.7,1.1,1*2D
$GPGSA,M,3,03,26,27,28,31,32,,,,,,,1.3,0.7,1.1,1*2D
$GPGSA,M,3,03,26,27,28,31,32,,,,,,,1.3,0.7,1.1,1*2D
$GPGSA,M,3,03,26,27,28,31,32,,,,,,,1.3,0.7,1.1,1*2D
$GPGSA,M,3,03,26,27,28,31,32,,,,,,,1.3,0.7,1.1,1*2D
$GPGSA,M,3,03,26,27,28,31,32,,,,,,,1.3,0.7,1.1,1*2D
$GPGSA,M,3,03,26,27,28,31,32,,,,,,,1.3,0.7,1.1,1*2D
$GPGSA,M,3,03,26,27,28,31,32,,,,,,,1.3,0.7,1.1,1*2D
$GPGSA,M,3,03,26,27,28,31,32,,,,,,,1.3,0.7,1.1,1*2D
$GPGSA,M,3,03,26,27,28,31,32,,,,,,,1.3,0.7,1.1,1*2D
$GPGSA,M,3,03,26,27,28,31,32,,,,,,,1.3,0.7,1.1,1*2D
$GPGSA,M,3,03,16,26,27,28,31,32,,,,,,1.3,0.7,1.1,1*2A
$GPGSA,M,3,03,16,26,27,28,31,32,,,,,,1.3,0.7,1.1,1*2A
$GPGSA,M,3,03,16,26,27,28,31,32,,,,,,1.3,0.7,1.1,1*2A
$GPGSA,M,3,03,16,26,27,28,31,32,,,,,,1.3,0.7,1.1,1*2A
$GPGSA,M,3,03,16,26,27,28,31,32,,,,,,1.3,0.7,1.1,1*2A
$GPGSA,M,3,03,16,26,27,28,31,32,,,,,,1.3,0.7,1.1,1*2A
$GPGSA,M,3,03,16,26,27,28,31,32,,,,,,1.3,0.7,1.1,1*2A
$GPGSA,M,3,03,16,26,27,28,31,32,,,,,,1.3,0.7,1.1,1*2A
$GPGSA,M,3,03,16,26,27,28,31,32,,,,,,1.3,0.7,1.1,1*2A
$GPGSA,M,3,03,16,26,27,28,31,32,,,,,,1.3,0.7,1.1,1*2A
$GPGSA,M,3,03,16,26,27,28,31,32,,,,,,1.3,0.7,1.1,1*2A
$GPGSA,M,3,03,16,26,27,28,31,32,,,,,,1.3,0.7,1.1,1*2A
$GPGSA,M,3,03,16,26,27,28,29,31,32,,,,,1.3,0.7,1.1,1*21
$GPGSA,M,3,03,16,26,27,28,29,31,32,,,,,1.3,0.7,1.1,1*21
$GPGSA,M,3,03,16,26,27,28,29,31,32,,,,,1.3,0.7,1.1,1*21
$GPGSA,M,3,03,16,26,27,28,29,31,32,,,,,1.3,0.7,1.1,1*21
$GPGSA,M,3,03,16,26,27,28,29,31,32,,,,,1.3,0.7,1.1,1*21
$GPGSA,M,3,03,16,26,27,28,29,31,32,,,,,1.3,0.7,1.1,1*21
$GPGSA,M,3,03,16,26,27,28,29,31,32,,,,,1.3,0.7,1.1,1*21
$GPGSA,M,3,03,16,26,27,28,29,31,32,,,,,1.3,0.7,1.1,1*21
$GPGSA,M,3,03,16,26,27,28,29,31,32,,,,,1.3,0.7,1.2,1*22
$GPGSA,M,3,03,16,26,27,28,29,31,32,,,,,1.3,0.7,1.2,1*22
$GPGSA,M,3,03,16,26,28,29,31,32,,,,,,1.3,0.7,1.2,1*27
$GPGSA,M,3,03,16,26,28,29,31,32,,,,,,1.3,0.7,1.2,1*27
$GPGSA,M,3,03,16,26,28,29,31,32,,,,,,1.3,0.7,1.2,1*27
$GPGSA,M,3,03,16,26,27,28,29,31,32,,,,,1.4,0.8,1.2,1*2A
$GPGSA,M,3,03,16,26,28,29,31,32,,,,,,1.4,0.8,1.2,1*2F
$GPGSA,M,3,03,16,26,28,29,31,32,,,,,,1.4,0.8,1.2,1*2F
$GPGSA,M,3,03,16,26,28,29,31,32,,,,,,1.4,0.8,1.2,1*2F
$GPGSA,M,3,03,26,28,29,31,32,,,,,,,1.4,0.8,1.2,1*28
$GPGSA,M,3,03,26,28,29,31,32,,,,,,,1.4,0.8,1.1,1*2B
$GPGSA,M,3,03,26,28,29,31,32,,,,,,,1.4,0.8,1.1,1*2B
$GPGSA,M,3,03,26,28,29,31,32,,,,,,,1.4,0.8,1.1,1*2B
$GPGSA,M,3,03,26,28,31,32,,,,,,,,1.4,0.8,1.1,1*20
$GPGSA,M,3,03,26,28,31,32,,,,,,,,1.4,0.8,1.1,1*20
$GPGSA,M,3,03,26,28,31,32,,,,,,,,1.9,1.0,1.6,1*23
$GPGSA,M,3,03,26,28,29,31,32,,,,,,,1.9,1.0,1.6,1*28
$GPGSA,M,3,03,26,28,29,31,32,,,,,,,1.9,1.0,1.6,1*28
$GPGSA,M,3,03,26,28,29,31,32,,,,,,,1.9,1.0,1.6,1*28
$GPGSA,M,3,03,26,28,29,31,32,,,,,,,1.9,1.0,1.6,1*28
$GPGSA,M,3,03,26,28,29,31,32,,,,,,,1.7,0.9,1.4,1*2C
$GPGSA,M,3,03,26,28,29,31,32,,,,,,,1.7,0.9,1.4,1*2C
$GPGSA,M,3,03,26,28,29,31,32,,,,,,,1.7,0.9,1.4,1*2C
$GPGSA,M,3,03,26,28,29,31,32,,,,,,,1.7,0.9,1.4,1*2C
$GPGSA,M,3,03,26,28,29,31,32,,,,,,,1.7,0.9,1.4,1*2C
$GPGSA,M,3,03,26,28,29,31,32,,,,,,,1.4,0.7,1.2,1*27
$GPGSA,M,3,03,26,28,29,31,32,,,,,,,1.4,0.7,1.2,1*27
$GPGSA,M,3,03,26,28,29,31,32,,,,,,,1.4,0.7,1.2,1*27
$GPGSA,M,3,03,26,28,29,31,32,,,,,,,1.4,0.7,1.2,1*27
$GPGSA,M,3,03,26,28,29,31,32,,,,,,,1.4,0.7,1.2,1*27
$GPGSA,M,3,03,26,28,31,32,,,,,,,,1.4,0.7,1.2,1*2C
$GPGSA,M,3,03,26,28,31,32,,,,,,,,1.4,0.7,1.2,1*2C
$GPGSA,M,3,03,26,28,31,32,,,,,,,,1.4,0.7,1.2,1*2C
$GPGSA,M,3,03,26,28,29,31,32,,,,,,,1.4,0.7,1.2,1*27
$GPGSA,M,3,03,26,28,29,31,32,,,,,,,1.4,0.7,1.2,1*27
$GPGSA,M,3,03,26,28,29,31,32,,,,,,,1.7,0.9,1.5,1*2D
$GPGSA,M,3,03,26,28,29,31,32,,,,,,,1.7,0.9,1.5,1*2D
$GPGSA,M,3,03,26,28,29,31,32,,,,,,,1.7,0.9,1.5,1*2D
$GPGSA,M,3,03,26,28,29,31,32,,,,,,,1.7,0.9,1.5,1*2D
$GPGSA,M,3,03,26,28,29,31,32,,,,,,,1.7,0.9,1.5,1*2D
$GPGSA,M,3,03,26,28,29,31,32,,,,,,,1.4,0.7,1.2,1*27
$GPGSA,M,3,03,26,28,29,31,32,,,,,,,1.4,0.7,1.2,1*27
$GPGSA,M,3,03,26,28,29,31,32,,,,,,,1.4,0.7,1.2,1*27
$GPGSA,M,3,03,26,28,29,31,32,,,,,,,1.4,0.7,1.2,1*27
$GPGSA,M,3,03,26,28,29,31,32,,,,,,,1.4,0.7,1.2,1*27
$GPGSA,M,3,03,26,28,29,31,32,,,,,,,1.2,0.6,1.1,1*23
$GPGSA,M,3,03,26,28,29,31,32,,,,,,,1.2,0.6,1.1,1*23
$GPGSA,M,3,03,26,28,29,31,32,,,,,,,1.2,0.6,1.1,1*23
$GPGSA,M,3,03,26,28,29,31,32,,,,,,,1.2,0.6,1.1,1*23
$GPGSA,M,3,03,26,28,29,31,32,,,,,,,1.2,0.6,1.1,1*23
$GPGSA,M,3,03,26,28,29,31,32,,,,,,,1.2,0.6,1.1,1*23
$GPGSA,M,3,03,26,28,29,31,32,,,,,,,1.2,0.6,1.1,1*23
$GPGSA,M,3,03,26,28,29,31,32,,,,,,,1.2,0.6,1.1,1*23
$GPGSA,M,3,03,26,28,29,31,32,,,,,,,1.2,0.6,1.1,1*23
$GPGSA,M,3,03,26,28,29,31,32,,,,,,,1.2,0.6,1.1,1*23
$GPGSA,M,3,03,26,28,29,31,32,,,,,,,1.3,0.7,1.2,1*20
$GPGSA,M,3,03,26,28,29,31,32,,,,,,,1.3,0.7,1.2,1*20
$GPGSA,M,3,03,26,28,29,31,32,,,,,,,1.3,0.7,1.2,1*20
$GPGSA,M,3,03,26,28,29,31,32,,,,,,,1.3,0.7,1.2,1*20
$GPGSA,M,3,03,26,28,29,31,32,,,,,,,1.3,0.7,1.2,1*20
$GPGSA,M,3,03,16,26,28,29,31,32,,,,,,1.3,0.7,1.1,1*24
$GPGSA,M,3,03,26,28,29,31,32,,,,,,,1.1,0.6,0.9,1*29
$GPGSA,M,3,03,26,28,29,31,,,,,,,,1.3,0.7,1.1,1*22
$GPGSA,M,3,03,26,28,29,31,,,,,,,,1.3,0.7,1.1,1*22
$GPGSA,M,3,03,26,28,,,,,,,,,,1.3,0.7,1.1,1*2B
$GPGSA,M,3,03,26,28,29,31,32,,,,,,,1.0,0.6,0.8,1*29
$GPGSA,M,3,03,28,29,,,,,,,,,,1.4,0.7,1.2,1*20
$GPGSA,M,3,03,28,29,,,,,,,,,,1.4,0.7,1.2,1*20
$GPGSA,M,3,03,28,29,,,,,,,,,,1.4,0.7,1.2,1*20
$GPGSA,M,3,03,26,28,29,,,,,,,,,1.4,0.7,1.2,1*24
$GPGSA,M,3,03,26,28,29,31,32,,,,,,,1.0,0.6,0.9,1*28
$GPGSA,M,3,03,26,28,29,31,32,,,,,,,1.0,0.6,0.8,1*29
$GPGSA,M,3,03,26,28,29,31,32,,,,,,,1.0,0.6,0.9,1*28
$GPGSA,M,3,03,28,29,32,,,,,,,,,1.3,0.7,1.1,1*25
$GPGSA,M,3,03,26,28,29,31,32,,,,,,,1.1,0.7,0.9,1*28
$GPGSA,M,3,03,26,28,29,32,,,,,,,,1.1,0.7,0.9,1*2A
$GPGSA,M,3,03,26,28,29,31,32,,,,,,,1.1,0.6,0.9,1*29
$GPGSA,M,3,03,26,28,29,32,,,,,,,,1.2,0.7,1.0,1*21
$GPGSA,M,3,03,26,28,29,32,,,,,,,,1.2,0.7,1.0,1*21
$GPGSA,M,3,03,28,29,32,,,,,,,,,1.3,0.7,1.1,1*25
$GPGSA,M,3,03,28,29,32,,,,,,,,,1.2,0.6,1.1,1*25
$GPGSA,M,3,03,26,28,29,32,,,,,,,,1.2,0.6,1.1,1*21
$GPGSA,M,3,26,28,31,32,,,,,,,,,1.2,0.6,1.1,1*2B
$GPGSA,M,3,26,28,31,32,,,,,,,,,1.2,0.6,1.1,1*2B
$GPGSA,M,3,16,26,28,32,,,,,,,,,1.2,0.6,1.1,1*2E
$GPGSA,M,3,16,26,28,32,,,,,,,,,1.2,0.6,1.1,1*2E
$GPGSA,M,3,16,28,32,,,,,,,,,,1.2,0.6,1.1,1*2A
$GPGSA,M,3,16,28,31,32,,,,,,,,,1.2,0.6,1.1,1*28
$GPGSA,M,3,16,28,31,32,,,,,,,,,1.2,0.6,1.1,1*28
$GPGSA,M,3,16,28,31,32,,,,,,,,,1.2,0.6,1.1,1*28
$GPGSA,M,3,16,26,28,29,31,32,,,,,,,1.4,0.8,1.1,1*2F
$GPGSA,M,3,16,26,28,31,32,,,,,,,,1.5,0.9,1.2,1*27
$GPGSA,M,3,16,26,28,31,32,,,,,,,,1.4,0.9,1.1,1*25
$GPGSA,M,3,16,26,28,31,32,,,,,,,,1.4,0.9,1.1,1*25
$GPGSA,M,3,16,26,28,32,,,,,,,,,1.4,0.9,1.1,1*27
$GPGSA,M,3,28,32,,,,,,,,,,,1.5,0.8,1.3,1*26
$GPGSA,M,3,28,32,,,,,,,,,,,1.5,0.8,1.3,1*26
$GPGSA,M,3,16,26,28,29,32,,,,,,,,1.2,0.7,1.0,1*25
$GPGSA,M,3,16,28,32,,,,,,,,,,1.5,0.8,1.3,1*21
$GPGSA,M,3,16,28,32,,,,,,,,,,1.5,0.8,1.3,1*21
$GPGSA,M,3,16,28,29,32,,,,,,,,,1.4,0.7,1.2,1*25
$GPGSA,M,3,16,28,29,32,,,,,,,,,1.4,0.7,1.2,1*25
$GPGSA,M,3,16,28,29,32,,,,,,,,,1.4,0.7,1.2,1*25
$GPGSA,M,3,16,28,29,32,,,,,,,,,1.4,0.7,1.2,1*25
$GPGSA,M,3,16,26,28,29,32,,,,,,,,1.6,1.0,1.2,1*25
$GPGSA,M,3,16,28,29,31,32,,,,,,,,1.7,0.9,1.5,1*2D
$GPGSA,M,3,16,28,29,31,32,,,,,,,,1.7,0.9,1.5,1*2D
$GPGSA,M,3,16,26,28,29,31,32,,,,,,,1.7,0.9,1.5,1*29
$GPGSA,M,3,26,28,29,31,32,,,,,,,,1.7,0.9,1.5,1*2E
$GPGSA,M,3,26,28,29,32,,,,,,,,,1.7,0.9,1.5,1*2C
$GPGSA,M,3,26,28,29,32,,,,,,,,,1.7,0.8,1.5,1*2D
$GPGSA,M,3,26,28,29,32,,,,,,,,,1.7,0.8,1.5,1*2D
$GPGSA,M,3,16,26,28,29,32,,,,,,,,1.7,0.8,1.5,1*2A
$GPGSA,M,3,16,26,28,29,32,,,,,,,,1.7,0.8,1.5,1*2A
$GPGSA,M,3,16,26,28,29,32,,,,,,,,1.7,0.8,1.5,1*2A
$GPGSA,M,3,16,28,29,32,,,,,,,,,1.7,0.9,1.5,1*2F
$GPGSA,M,3,16,28,29,32,,,,,,,,,1.7,0.9,1.5,1*2F
$GPGSA,M,3,16,28,29,32,,,,,,,,,1.7,0.9,1.5,1*2F
$GPGSA,M,3,28,29,32,,,,,,,,,,1.7,0.9,1.5,1*28
$GPGSA,M,3,28,29,32,,,,,,,,,,1.7,0.9,1.5,1*28
$GPGSA,M,3,16,28,29,32,,,,,,,,,1.7,0.9,1.5,1*2F
$GPGSA,M,3,28,29,32,,,,,,,,,,1.7,0.9,1.5,1*28
$GPGSA,M,3,28,29,32,,,,,,,,,,1.7,0.9,1.5,1*28
$GPGSA,M,3,28,29,32,,,,,,,,,,1.7,0.9,1.5,1*28
$GPGSA,M,3,29,32,,,,,,,,,,,1.7,0.9,1.5,1*22
$GPGSA,M,3,28,29,32,,,,,,,,,,1.7,0.9,1.5,1*28
$GPGSA,M,3,28,29,32,,,,,,,,,,1.7,0.9,1.5,1*28
$GPGSA,M,3,28,29,32,,,,,,,,,,1.7,0.9,1.5,1*28
$GPGSA,M,3,26,28,29,32,,,,,,,,,1.7,0.9,1.5,1*2C
$GPGSA,M,3,26,28,29,32,,,,,,,,,1.7,0.9,1.5,1*2C
$GPGSA,M,3,26,28,29,32,,,,,,,,,1.7,0.9,1.5,1*2C
$GPGSA,M,3,16,26,28,29,32,,,,,,,,1.7,0.9,1.5,1*2B
$GPGSA,M,3,16,28,29,32,,,,,,,,,1.7,0.9,1.5,1*2F
$GPGSA,M,3,16,28,29,32,,,,,,,,,1.7,0.9,1.5,1*2F
$GPGSA,M,3,28,29,32,,,,,,,,,,1.7,0.9,1.5,1*28
$GPGSA,M,3,28,29,32,,,,,,,,,,1.8,0.9,1.6,1*24
$GPGSA,M,3,29,32,,,,,,,,,,,1.8,0.9,1.6,1*2E
$GPGSA,M,3,29,32,,,,,,,,,,,1.8,0.9,1.6,1*2E
$GPGSA,M,3,29,32,,,,,,,,,,,1.8,0.9,1.6,1*2E
$GPGSA,M,3,16,29,32,,,,,,,,,,1.8,0.9,1.6,1*29
$GPGSA,M,3,16,29,32,,,,,,,,,,1.8,0.8,1.6,1*28
$GPGSA,M,3,16,29,32,,,,,,,,,,1.8,0.8,1.6,1*28
$GPGSA,M,3,16,26,29,32,,,,,,,,,1.8,0.8,1.6,1*2C
$GPGSA,M,3,16,26,29,32,,,,,,,,,1.8,0.8,1.6,1*2C
$GPGSA,M,3,26,29,32,,,,,,,,,,1.8,0.8,1.6,1*2B
$GPGSA,M,3,26,29,32,,,,,,,,,,1.8,0.9,1.6,1*2A
$GPGSA,M,3,26,29,32,,,,,,,,,,1.8,0.9,1.6,1*2A
$GPGSA,M,3,26,29,32,,,,,,,,,,1.8,0.9,1.6,1*2A
$GPGSA,M,3,26,29,32,,,,,,,,,,1.8,0.9,1.6,1*2A
$GPGSA,M,3,16,26,29,32,,,,,,,,,1.8,0.9,1.6,1*2D
$GPGSA,M,3,16,26,27,29,32,,,,,,,,1.7,1.0,1.3,1*2A
$GPGSA,M,3,16,26,28,29,32,,,,,,,,1.8,0.9,1.6,1*27
$GPGSA,M,3,16,26,29,32,,,,,,,,,1.8,0.9,1.6,1*2D
$GPGSA,M,3,16,29,32,,,,,,,,,,1.8,0.9,1.6,1*29
$GPGSA,M,3,16,28,29,32,,,,,,,,,1.8,0.9,1.6,1*23
$GPGSA,M,3,16,26,31,32,,,,,,,,,1.9,1.3,1.4,1*2C
$GPGSA,M,3,16,26,28,31,32,,,,,,,,1.6,1.0,1.3,1*2D
$GPGSA,M,3,26,28,32,,,,,,,,,,1.8,0.9,1.6,1*2B
$GPGSA,M,3,26,28,32,,,,,,,,,,1.8,0.9,1.6,1*2B
$GPGSA,M,3,16,32,,,,,,,,,,,1.8,0.9,1.6,1*22
$GPGSA,M,3,03,28,31,32,,,,,,,,,3.7,3.4,1.5,1*2E
$GPGSA,M,3,16,28,31,32,,,,,,,,,3.7,3.4,1.5,1*2A
$GPGSA,M,3,16,26,28,31,32,,,,,,,,1.6,0.9,1.3,1*25
$GPGSA,M,3,16,28,31,32,,,,,,,,,1.8,1.1,1.4,1*21
$GPGSA,M,3,16,31,32,,,,,,,,,,1.8,1.1,1.4,1*2B
$GPGSA,M,3,03,16,26,28,31,32,,,,,,,1.7,1.0,1.3,1*2F
$GPGSA,M,3,16,26,28,31,32,,,,,,,,1.6,0.9,1.3,1*25
$GPGSA,M,3,16,26,31,32,,,,,,,,,1.7,1.0,1.4,1*21
$GPGSA,M,3,16,26,28,31,32,,,,,,,,1.6,1.0,1.3,1*2D
$GPGSA,M,3,16,26,28,31,32,,,,,,,,1.6,1.0,1.3,1*2D
$GPGSA,M,3,16,26,28,31,32,,,,,,,,1.6,0.9,1.3,1*25
$GPGSA,M,3,16,26,28,31,32,,,,,,,,1.7,1.0,1.4,1*2B
$GPGSA,M,3,16,26,28,31,32,,,,,,,,1.6,0.9,1.3,1*25
$GPGSA,M,3,03,16,26,28,31,32,,,,,,,1.6,0.9,1.3,1*26
$GPGSA,M,3,26,28,31,32,,,,,,,,,1.8,1.1,1.4,1*22
$GPGSA,M,3,26,28,31,32,,,,,,,,,1.8,1.1,1.4,1*22
$GPGSA,M,3,26,28,31,32,,,,,,,,,1.8,1.1,1.4,1*22
$GPGSA,M,3,26,28,32,,,,,,,,,,1.7,1.0,1.4,1*2E
$GPGSA,M,3,26,28,32,,,,,,,,,,1.7,1.0,1.4,1*2E
$GPGSA,M,3,26,28,,,,,,,,,,,1.7,1.0,1.4,1*2F
$GPGSA,M,3,26,28,,,,,,,,,,,1.4,0.8,1.1,1*20
$GPGSA,M,3,26,28,,,,,,,,,,,1.3,0.8,1.1,1*27
$GPGSA,M,3,26,28,,,,,,,,,,,1.3,0.8,1.1,1*27
$GPGSA,M,3,26,28,,,,,,,,,,,1.3,0.8,1.1,1*27
$GPGSA,M,3,26,28,,,,,,,,,,,1.4,0.8,1.1,1*20
$GPGSA,M,3,26,28,,,,,,,,,,,1.3,0.8,1.1,1*27
$GPGSA,M,3,16,26,28,,,,,,,,,,1.3,0.7,1.1,1*2F
$GPGSA,M,3,16,26,28,31,,,,,,,,,1.3,0.7,1.1,1*2D
$GPGSA,M,3,16,26,28,29,31,,,,,,,,1.3,0.8,1.1,1*29
$GPGSA,M,3,16,26,28,29,,,,,,,,,1.3,0.7,1.1,1*24
$GPGSA,M,3,16,26,28,,,,,,,,,,1.3,0.8,1.1,1*20
$GPGSA,M,3,16,26,28,,,,,,,,,,1.3,0.7,1.1,1*2F
$GPGSA,M,3,16,26,28,29,,,,,,,,,1.3,0.7,1.1,1*24
$GPGSA,M,3,16,26,28,,,,,,,,,,1.4,0.8,1.2,1*24
$GPGSA,M,3,16,26,28,,,,,,,,,,1.3,0.7,1.1,1*2F
$GPGSA,M,3,03,16,26,28,,,,,,,,,1.3,0.7,1.1,1*2C
$GPGSA,M,3,16,26,28,29,,,,,,,,,1.3,0.8,1.1,1*2B
$GPGSA,M,3,16,26,28,29,32,,,,,,,,1.3,0.7,1.1,1*25
$GPGSA,M,3,16,26,28,31,,,,,,,,,1.4,0.8,1.1,1*25
$GPGSA,M,3,16,26,28,29,31,,,,,,,,1.3,0.7,1.1,1*26
$GPGSA,M,3,16,26,28,31,,,,,,,,,2.1,1.2,1.7,1*2E
$GPGSA,M,3,03,16,26,28,31,,,,,,,,1.9,1.1,1.5,1*27
$GPGSA,M,3,03,16,26,28,31,,,,,,,,1.9,1.1,1.5,1*27
$GPGSA,M,3,03,26,28,,,,,,,,,,1.8,1.2,1.3,1*26
$GPGSA,M,3,03,26,28,,,,,,,,,,1.8,1.2,1.4,1*21
$GPGSA,M,3,03,26,28,31,,,,,,,,,2.2,1.5,1.7,1*2E
$GPGSA,M,3,03,26,28,31,,,,,,,,,2.5,1.5,2.0,1*2D
$GPGSA,M,3,03,26,28,31,,,,,,,,,3.3,2.3,2.4,1*2B
$GPGSA,M,3,03,26,28,29,,,,,,,,,1.3,0.7,1.1,1*20
$GPGSA,M,3,03,26,28,31,,,,,,,,,2.3,1.4,1.9,1*20
$GPGSA,M,3,03,26,,,,,,,,,,,1.5,0.8,1.2,1*2B
$GPGSA,M,3,03,26,28,,,,,,,,,,1.5,0.8,1.2,1*21
$GPGSA,M,3,03,26,28,,,,,,,,,,1.5,0.8,1.2,1*21
$GPGSA,M,3,03,26,28,29,,,,,,,,,1.5,0.8,1.2,1*2A
$GPGSA,M,3,03,26,28,29,,,,,,,,,1.5,0.8,1.2,1*2A
$GPGSA,M,3,03,26,28,,,,,,,,,,1.6,1.0,1.3,1*2A
$GPGSA,M,3,03,26,28,,,,,,,,,,1.6,1.0,1.3,1*2A
$GPGSA,M,3,03,26,28,,,,,,,,,,1.6,1.0,1.3,1*2A
$GPGSA,M,3,03,26,,,,,,,,,,,1.6,1.0,1.3,1*20
$GPGSA,M,3,03,26,,,,,,,,,,,1.6,1.0,1.3,1*20
$GPGSA,M,3,03,26,28,29,,,,,,,,,1.4,0.8,1.2,1*2B
$GPGSA,M,3,03,26,28,29,,,,,,,,,1.4,0.8,1.2,1*2B
$GPGSA,M,3,03,26,29,,,,,,,,,,1.4,0.8,1.2,1*21
$GPGSA,M,3,03,26,29,,,,,,,,,,1.4,0.8,1.2,1*21
$GPGSA,M,3,03,26,28,29,,,,,,,,,1.4,0.8,1.2,1*2B
$GPGSA,M,3,03,26,28,29,,,,,,,,,1.3,0.7,1.1,1*20
$GPGSA,M,3,03,26,28,,,,,,,,,,1.3,0.7,1.1,1*2B
$GPGSA,M,3,03,26,,,,,,,,,,,1.3,0.7,1.1,1*21
$GPGSA,M,3,03,16,26,,,,,,,,,,1.3,0.7,1.1,1*26
$GPGSA,M,3,03,16,26,,,,,,,,,,1.3,0.7,1.1,1*26
$GPGSA,M,3,03,16,26,,,,,,,,,,1.2,0.6,1.0,1*27
$GPGSA,M,3,03,16,26,,,,,,,,,,1.2,0.6,1.0,1*27
$GPGSA,M,3,03,16,26,,,,,,,,,,1.2,0.6,1.0,1*27
$GPGSA,M,3,03,16,26,28,,,,,,,,,1.2,0.6,1.0,1*2D
$GPGSA,M,3,03,16,26,28,,,,,,,,,1.2,0.6,1.0,1*2D
$GPGSA,M,3,03,16,26,28,,,,,,,,,1.5,0.7,1.3,1*28
$GPGSA,M,3,03,16,26,28,,,,,,,,,1.5,0.7,1.3,1*28
$GPGSA,M,3,03,16,26,28,,,,,,,,,1.5,0.7,1.3,1*28
$GPGSA,M,3,03,16,26,28,,,,,,,,,1.5,0.7,1.3,1*28
$GPGSA,M,3,03,16,26,,,,,,,,,,1.9,1.1,1.5,1*2F
$GPGSA,M,3,16,26,,,,,,,,,,,1.5,0.7,1.3,1*21
$GPGSA,M,3,16,,,,,,,,,,,,1.5,0.7,1.3,1*25
$GPGSA,M,3,16,,,,,,,,,,,,1.5,0.7,1.3,1*25
$GPGSA,M,3,03,16,26,,,,,,,,,,1.4,0.8,1.2,1*2D
$GPGSA,M,3,16,26,,,,,,,,,,,1.5,0.7,1.3,1*21
$GPGSA,M,3,16,,,,,,,,,,,,1.5,0.8,1.3,1*2A
$GPGSA,M,3,16,,,,,,,,,,,,1.5,0.8,1.3,1*2A
$GPGSA,M,3,03,16,,,,,,,,,,,1.4,0.7,1.2,1*26
$GPGSA,M,3,16,26,,,,,,,,,,,1.5,0.8,1.3,1*2E
$GPGSA,M,3,16,,,,,,,,,,,,1.5,0.8,1.3,1*2A
$GPGSA,M,3,03,16,26,,,,,,,,,,1.3,0.7,1.1,1*26
$GPGSA,M,3,03,16,26,,,,,,,,,,1.3,0.7,1.1,1*26
$GPGSA,M,3,03,16,26,,,,,,,,,,1.3,0.7,1.1,1*26
$GPGSA,M,3,03,16,26,,,,,,,,,,1.3,0.7,1.1,1*26
$GPGSA,M,3,03,16,26,32,,,,,,,,,1.3,0.7,1.1,1*27
$GPGSA,M,3,03,16,26,32,,,,,,,,,1.3,0.7,1.1,1*27
$GPGSA,M,3,03,16,26,32,,,,,,,,,1.3,0.7,1.1,1*27
$GPGSA,M,3,03,16,26,,,,,,,,,,1.3,0.7,1.1,1*26
$GPGSA,M,3,03,16,26,,,,,,,,,,1.9,1.3,1.4,1*2C
$GPGSA,M,3,03,16,,,,,,,,,,,2.0,1.1,1.7,1*23
$GPGSA,M,3,03,16,,,,,,,,,,,2.0,1.1,1.7,1*23
$GPGSA,M,3,03,16,26,,,,,,,,,,1.6,0.8,1.3,1*2E
$GPGSA,M,3,03,16,26,,,,,,,,,,1.6,0.8,1.3,1*2E
$GPGSA,M,3,03,16,26,27,,,,,,,,,1.5,0.8,1.3,1*28
$GPGSA,M,3,03,16,27,,,,,,,,,,1.7,0.8,1.5,1*28
$GPGSA,M,3,03,16,26,27,,,,,,,,,1.9,1.1,1.6,1*29
$GPGSA,M,3,03,16,26,27,,,,,,,,,1.9,1.1,1.6,1*29
$GPGSA,M,3,03,16,26,27,31,,,,,,,,1.9,1.1,1.5,1*28
$GPGSA,M,3,16,26,27,31,,,,,,,,,2.1,1.2,1.7,1*21
$GPGSA,M,3,16,26,27,,,,,,,,,,2.1,1.2,1.7,1*23
$GPGSA,M,3,16,27,31,,,,,,,,,,2.1,1.3,1.7,1*24
$GPGSA,M,3,16,27,,,,,,,,,,,2.1,1.3,1.7,1*26
$GPGSA,M,3,16,27,,,,,,,,,,,2.1,1.3,1.7,1*26
$GPGSA,M,3,16,27,28,,,,,,,,,,1.9,1.0,1.6,1*25
$GPGSA,M,3,16,27,28,,,,,,,,,,1.9,1.0,1.6,1*25
$GPGSA,M,3,16,27,28,,,,,,,,,,1.9,1.0,1.6,1*25
$GPGSA,M,3,16,27,,,,,,,,,,,2.1,1.3,1.7,1*26
$GPGSA,M,3,27,,,,,,,,,,,,2.2,1.4,1.8,1*2A
$GPGSA,M,3,27,,,,,,,,,,,,2.2,1.4,1.8,1*2A
$GPGSA,M,3,27,,,,,,,,,,,,2.2,1.4,1.8,1*2A
$GPGSA,M,3,27,,,,,,,,,,,,2.4,1.5,1.9,1*2C
$GPGSA,M,3,27,,,,,,,,,,,,2.3,1.4,1.8,1*2B
$GPGSA,M,3,27,,,,,,,,,,,,3.0,2.0,2.2,1*27
$GPGSA,M,3,27,,,,,,,,,,,,2.4,1.5,1.9,1*2C
$GPGSA,M,3,26,,,,,,,,,,,,8.8,6.9,5.5,1*28
$GPGSA,M,3,26,29,,,,,,,,,,,4.5,2.6,3.7,1*2D
$GPGSA,M,3,26,29,,,,,,,,,,,5.8,3.5,4.6,1*25
$GPGSA,M,3,26,29,,,,,,,,,,,5.8,3.5,4.6,1*25
$GPGSA,M,3,03,26,29,,,,,,,,,,5.8,3.5,4.6,1*26
$GPGSA,M,3,26,29,,,,,,,,,,,5.8,3.5,4.6,1*25
$GPGSA,M,3,26,29,,,,,,,,,,,5.8,3.5,4.6,1*25
$GPGSA,M,3,26,29,,,,,,,,,,,5.8,3.5,4.6,1*25
$GPGSA,M,3,26,29,,,,,,,,,,,5.8,3.5,4.6,1*25
$GPGSA,M,3,26,29,,,,,,,,,,,5.8,3.5,4.6,1*25
$GPGSA,M,3,26,29,32,,,,,,,,,,5.8,3.5,4.6,1*24
$GPGSA,M,3,26,29,,,,,,,,,,,5.8,3.5,4.6,1*25
$GPGSA,M,3,26,29,,,,,,,,,,,5.8,3.5,4.6,1*25
$GPGSA,M,3,26,29,,,,,,,,,,,5.1,3.0,4.1,1*2E
$GPGSA,M,3,26,29,,,,,,,,,,,5.8,3.5,4.6,1*25
$GPGSA,M,3,26,29,,,,,,,,,,,5.8,3.5,4.6,1*25
$GPGSA,M,3,03,26,29,,,,,,,,,,5.8,3.5,4.6,1*26
$GPGSA,M,3,03,16,26,29,,,,,,,,,5.8,3.5,4.6,1*21
$GPGSA,M,3,26,29,,,,,,,,,,,5.8,3.5,4.6,1*25
$GPGSA,M,3,03,26,,,,,,,,,,,7.0,4.4,5.4,1*22
$GPGSA,M,3,26,29,,,,,,,,,,,5.8,3.5,4.6,1*25
$GPGSA,M,3,26,29,,,,,,,,,,,5.8,3.5,4.6,1*25
$GPGSA,M,3,26,29,,,,,,,,,,,5.8,3.5,4.6,1*25
$GPGSA,M,3,26,29,,,,,,,,,,,5.8,3.5,4.6,1*25
$GPGSA,M,1,,,,,,,,,,,,,,,*12
$GPGSA,M,1,,,,,,,,,,,,,,,*12
$GPGSA,M,1,,,,,,,,,,,,,,,*12
$GPGSA,M,1,,,,,,,,,,,,,,,*12
$GPGSA,M,1,,,,,,,,,,,,,,,*12
$GPGSA,M,1,,,,,,,,,,,,,,,*12
$GPGSA,M,1,,,,,,,,,,,,,,,*12
$GPGSA,M,1,,,,,,,,,,,,,,,*12
$GPGSA,M,1,,,,,,,,,,,,,,,*12
$GPGSA,M,1,,,,,,,,,,,,,,,*12
$GPGSA,M,1,,,,,,,,,,,,,,,*12
$GPGSA,M,1,,,,,,,,,,,,,,,*12
$GPGSA,M,1,,,,,,,,,,,,,,,*12
$GPGSA,M,1,,,,,,,,,,,,,,,*12
$GPGSA,M,1,,,,,,,,,,,,,,,*12
$GPGSA,M,1,,,,,,,,,,,,,,,*12
$GPGSA,M,1,,,,,,,,,,,,,,,*12
$GPGSA,M,1,,,,,,,,,,,,,,,*12
$GPGSA,M,1,,,,,,,,,,,,,,,*12
$GPGSA,M,1,,,,,,,,,,,,,,,*12
$GPGSA,M,1,,,,,,,,,,,,,,,*12
$GPGSA,M,1,,,,,,,,,,,,,,,*12
$GPGSA,M,1,,,,,,,,,,,,,,,*12
$GPGSA,M,1,,,,,,,,,,,,,,,*12
$GPGSA,M,1,,,,,,,,,,,,,,,*12
$GPGSA,M,1,,,,,,,,,,,,,,,*12
$GPGSA,M,1,,,,,,,,,,,,,,,*12
$GPGSA,M,1,,,,,,,,,,,,,,,*12
$GPGSA,M,1,,,,,,,,,,,,,,,*12
$GPGSA,M,1,,,,,,,,,,,,,,,*12
$GPGSA,M,1,,,,,,,,,,,,,,,*12
$GPGSA,M,1,,,,,,,,,,,,,,,*12
$GPGSA,M,1,,,,,,,,,,,,,,,*12
$GPGSA,M,1,,,,,,,,,,,,,,,*12
$GPGSA,M,1,,,,,,,,,,,,,,,*12
$GPGSA,M,1,,,,,,,,,,,,,,,*12
$GPGSA,M,1,,,,,,,,,,,,,,,*12
$GPGSA,M,1,,,,,,,,,,,,,,,*12
$GPGSA,M,1,,,,,,,,,,,,,,,*12
$GPGSA,M,1,,,,,,,,,,,,,,,*12
$GPGSA,M,1,,,,,,,,,,,,,,,*12
$GPGSA,M,1,,,,,,,,,,,,,,,*12
$GPGSA,M,1,,,,,,,,,,,,,,,*12
$GPGSA,M,1,,,,,,,,,,,,,,,*12
$GPGSA,M,1,,,,,,,,,,,,,,,*12
$GPGSA,M,1,,,,,,,,,,,,,,,*12
$GPGSA,M,1,,,,,,,,,,,,,,,*12
$GPGSA,M,3,16,26,28,,,,,,,,,,1.7,0.9,1.4,1*20
$GPGSA,M,3,16,26,28,29,,,,,,,,,1.2,0.7,1.0,1*24
$GPGSA,M,3,16,26,29,,,,,,,,,,1.3,0.8,1.1,1*21
$GPGSA,M,3,16,26,28,29,,,,,,,,,1.3,0.7,1.1,1*24
$GPGSA,M,3,04,16,26,28,29,,,,,,,,1.2,0.6,1.0,1*21
$GPGSA,M,3,03,04,16,26,29,,,,,,,,1.2,0.6,1.0,1*28
$GPGSA,M,3,03,04,16,26,29,,,,,,,,1.1,0.6,1.0,1*2B
$GPGSA,M,3,03,16,26,29,,,,,,,,,1.1,0.6,1.0,1*2F
$GPGSA,M,3,03,16,26,28,29,,,,,,,,1.1,0.6,1.0,1*25
$GPGSA,M,3,03,16,26,28,29,,,,,,,,1.2,0.6,1.0,1*26
$GPGSA,M,3,26,29,,,,,,,,,,,1.3,0.6,1.1,1*28
$GPGSA,M,3,26,29,,,,,,,,,,,1.3,0.6,1.1,1*28
$GPGSA,M,3,16,26,29,,,,,,,,,,1.3,0.6,1.1,1*2F
$GPGSA,M,3,03,26,29,,,,,,,,,,1.3,0.6,1.1,1*2B
$GPGSA,M,3,03,26,29,,,,,,,,,,1.3,0.6,1.1,1*2B
$GPGSA,M,3,03,26,29,,,,,,,,,,1.3,0.7,1.1,1*2A
$GPGSA,M,3,03,26,29,,,,,,,,,,1.3,0.7,1.1,1*2A
$GPGSA,M,3,03,26,29,,,,,,,,,,1.3,0.7,1.1,1*2A
$GPGSA,M,3,03,26,29,,,,,,,,,,1.3,0.7,1.1,1*2A
$GPGSA,M,3,03,26,29,,,,,,,,,,1.3,0.7,1.1,1*2A
$GPGSA,M,3,03,26,29,,,,,,,,,,1.2,0.6,1.0,1*2B
$GPGSA,M,3,03,26,29,,,,,,,,,,1.2,0.6,1.0,1*2B
$GPGSA,M,3,03,26,29,,,,,,,,,,1.2,0.6,1.0,1*2B
$GPGSA,M,3,03,16,26,29,,,,,,,,,1.2,0.6,1.0,1*2C
$GPGSA,M,3,03,16,26,29,,,,,,,,,1.2,0.6,1.0,1*2C
$GPGSA,M,3,03,16,26,29,,,,,,,,,1.3,0.8,1.1,1*22
$GPGSA,M,3,03,16,26,29,,,,,,,,,1.3,0.8,1.1,1*22
$GPGSA,M,3,03,16,26,29,,,,,,,,,1.3,0.8,1.1,1*22
$GPGSA,M,3,03,16,26,29,,,,,,,,,1.3,0.8,1.1,1*22
$GPGSA,M,3,03,16,26,29,,,,,,,,,1.3,0.8,1.1,1*22
$GPGSA,M,3,03,16,26,29,,,,,,,,,1.6,1.1,1.2,1*2C
$GPGSA,M,3,16,26,29,,,,,,,,,,1.6,1.1,1.2,1*2F
$GPGSA,M,3,16,26,28,29,,,,,,,,,1.6,1.1,1.2,1*25
$GPGSA,M,3,16,26,28,29,,,,,,,,,1.6,1.1,1.2,1*25
$GPGSA,M,3,03,16,26,28,29,,,,,,,,1.6,1.1,1.2,1*26
$GPGSA,M,3,03,16,26,28,29,,,,,,,,1.4,0.8,1.1,1*2F
$GPGSA,M,3,03,16,26,28,29,,,,,,,,1.4,0.8,1.1,1*2F
$GPGSA,M,3,03,16,26,28,29,,,,,,,,1.4,0.8,1.1,1*2F
$GPGSA,M,3,03,16,26,28,29,,,,,,,,1.4,0.8,1.1,1*2F
$GPGSA,M,3,03,16,26,28,29,,,,,,,,1.4,0.8,1.1,1*2F
$GPGSA,M,3,03,16,26,28,29,,,,,,,,1.5,0.9,1.2,1*2C
$GPGSA,M,3,03,16,26,28,29,,,,,,,,1.5,0.9,1.2,1*2C
$GPGSA,M,3,03,16,26,28,29,,,,,,,,1.5,0.9,1.2,1*2C
$GPGSA,M,3,03,16,26,28,29,,,,,,,,1.5,0.9,1.2,1*2C
$GPGSA,M,3,03,16,26,28,29,,,,,,,,1.5,0.9,1.2,1*2C
$GPGSA,M,3,03,16,26,28,29,,,,,,,,1.5,1.0,1.2,1*24
$GPGSA,M,3,03,16,26,28,29,,,,,,,,1.5,1.0,1.2,1*24
$GPGSA,M,3,03,16,26,28,29,,,,,,,,1.5,1.0,1.2,1*24
$GPGSA,M,3,03,16,26,28,29,,,,,,,,1.5,1.0,1.2,1*24
$GPGSA,M,3,03,16,26,28,29,,,,,,,,1.5,1.0,1.2,1*24
$GPGSA,M,3,03,16,26,28,29,,,,,,,,1.6,1.0,1.2,1*27
$GPGSA,M,3,03,16,26,28,29,,,,,,,,1.6,1.0,1.2,1*27
$GPGSA,M,3,03,16,26,28,29,,,,,,,,1.6,1.0,1.2,1*27
$GPGSA,M,3,03,16,26,28,29,,,,,,,,1.6,1.0,1.2,1*27
$GPGSA,M,3,03,16,26,28,29,,,,,,,,1.6,1.0,1.2,1*27
$GPGSA,M,3,03,16,26,28,29,,,,,,,,1.6,1.0,1.3,1*26
$GPGSA,M,3,03,16,26,28,29,,,,,,,,1.6,1.0,1.3,1*26
$GPGSA,M,3,03,16,26,28,29,,,,,,,,1.6,1.0,1.3,1*26
$GPGSA,M,3,03,16,26,28,29,,,,,,,,1.6,1.0,1.3,1*26
$GPGSA,M,3,03,16,26,28,29,,,,,,,,1.6,1.0,1.3,1*26
$GPGSA,M,3,03,16,26,28,29,,,,,,,,1.5,0.9,1.2,1*2C
$GPGSA,M,3,03,16,26,28,29,,,,,,,,1.5,0.9,1.2,1*2C
$GPGSA,M,3,03,16,26,28,29,,,,,,,,1.5,0.9,1.2,1*2C
$GPGSA,M,3,03,16,26,28,29,,,,,,,,1.5,0.9,1.2,1*2C
$GPGSA,M,3,03,16,26,28,29,,,,,,,,1.5,0.9,1.2,1*2C
$GPGSA,M,3,03,16,26,28,29,,,,,,,,1.4,0.8,1.1,1*2F
$GPGSA,M,3,03,16,26,28,29,,,,,,,,1.4,0.8,1.1,1*2F
$GPGSA,M,3,03,16,26,28,29,,,,,,,,1.4,0.8,1.1,1*2F
$GPGSA,M,3,03,16,26,28,29,,,,,,,,1.4,0.8,1.1,1*2F
$GPGSA,M,3,03,16,26,28,29,,,,,,,,1.4,0.8,1.1,1*2F
$GPGSA,M,3,03,16,26,28,29,,,,,,,,1.7,1.0,1.4,1*20
$GPGSA,M,3,03,16,26,28,29,,,,,,,,1.7,1.0,1.4,1*20
$GPGSA,M,3,03,16,26,28,29,,,,,,,,1.7,1.0,1.4,1*20
$GPGSA,M,3,03,16,26,28,29,,,,,,,,1.7,1.0,1.4,1*20
$GPGSA,M,3,03,16,26,28,29,,,,,,,,1.7,1.0,1.4,1*20
$GPGSA,M,3,03,16,26,28,29,,,,,,,,1.5,0.9,1.2,1*2C
$GPGSA,M,3,03,16,26,28,29,,,,,,,,1.5,0.9,1.2,1*2C
$GPGSA,M,3,03,16,26,28,29,,,,,,,,1.5,0.9,1.2,1*2C
$GPGSA,M,3,03,16,26,28,29,,,,,,,,1.5,0.9,1.2,1*2C
$GPGSA,M,3,03,16,26,28,29,,,,,,,,1.5,0.9,1.2,1*2C
$GPGSA,M,3,03,16,26,28,29,,,,,,,,1.5,0.9,1.2,1*2C
$GPGSA,M,3,03,16,26,28,29,,,,,,,,1.5,0.9,1.2,1*2C
$GPGSA,M,3,03,16,26,28,29,,,,,,,,1.5,0.9,1.2,1*2C
$GPGSA,M,3,16,26,28,29,,,,,,,,,1.5,0.9,1.2,1*2F
$GPGSA,M,3,16,26,28,29,,,,,,,,,1.5,0.9,1.2,1*2F
$GPGSA,M,3,03,16,26,28,29,,,,,,,,1.5,0.9,1.2,1*2C
$GPGSA,M,3,03,16,26,28,29,,,,,,,,1.5,0.9,1.2,1*2C
$GPGSA,M,3,03,16,26,28,29,,,,,,,,1.5,0.9,1.2,1*2C
$GPGSA,M,3,03,16,26,28,29,,,,,,,,1.5,0.9,1.2,1*2C
$GPGSA,M,3,16,26,28,29,,,,,,,,,1.5,0.9,1.2,1*2F
$GPGSA,M,3,16,26,28,29,,,,,,,,,1.6,1.0,1.2,1*24
$GPGSA,M,3,03,16,26,28,29,,,,,,,,1.6,1.0,1.2,1*27
$GPGSA,M,3,03,16,26,28,29,,,,,,,,1.6,1.0,1.2,1*27
$GPGSA,M,3,16,26,28,29,,,,,,,,,1.6,1.0,1.2,1*24
$GPGSA,M,3,16,26,28,29,,,,,,,,,1.6,1.0,1.2,1*24
$GPGSA,M,3,03,16,26,28,29,,,,,,,,1.5,0.9,1.2,1*2C
$GPGSA,M,3,03,16,26,28,29,,,,,,,,1.5,0.9,1.2,1*2C
$GPGSA,M,3,03,16,26,28,29,,,,,,,,1.5,0.9,1.2,1*2C
$GPGSA,M,3,03,16,26,28,29,,,,,,,,1.5,0.9,1.2,1*2C
$GPGSA,M,3,03,16,26,28,29,,,,,,,,1.5,0.9,1.2,1*2C
$GPGSA,M,3,16,26,28,29,,,,,,,,,1.4,0.8,1.2,1*2F
$GPGSA,M,3,16,26,28,29,,,,,,,,,1.4,0.8,1.2,1*2F
$GPGSA,M,3,16,26,28,29,,,,,,,,,1.4,0.8,1.2,1*2F
$GPGSA,M,3,03,16,26,28,29,,,,,,,,1.4,0.8,1.2,1*2C
$GPGSA,M,3,03,16,26,28,29,,,,,,,,1.4,0.8,1.2,1*2C
$GPGSA,M,3,03,16,26,28,29,,,,,,,,1.4,0.8,1.1,1*2F
$GPGSA,M,3,03,16,26,28,29,,,,,,,,1.4,0.8,1.1,1*2F
$GPGSA,M,3,16,26,28,29,,,,,,,,,1.4,0.8,1.1,1*2C
$GPGSA,M,3,16,26,28,29,,,,,,,,,1.4,0.8,1.1,1*2C
$GPGSA,M,3,03,16,26,28,29,,,,,,,,1.4,0.8,1.1,1*2F
$GPGSA,M,3,03,16,26,28,29,,,,,,,,1.3,0.8,1.1,1*28
$GPGSA,M,3,03,16,26,28,29,,,,,,,,1.3,0.8,1.1,1*28
$GPGSA,M,3,03,16,26,28,29,,,,,,,,1.3,0.8,1.1,1*28
$GPGSA,M,3,03,16,26,28,29,,,,,,,,1.3,0.8,1.1,1*28
$GPGSA,M,3,16,26,28,29,,,,,,,,,1.3,0.8,1.1,1*2B
$GPGSA,M,3,16,26,28,29,,,,,,,,,1.3,0.8,1.1,1*2B
$GPGSA,M,3,16,26,28,29,,,,,,,,,1.3,0.8,1.1,1*2B
$GPGSA,M,3,16,26,28,29,,,,,,,,,1.3,0.8,1.1,1*2B
$GPGSA,M,3,16,26,28,29,,,,,,,,,1.3,0.8,1.1,1*2B
$GPGSA,M,3,16,26,28,29,,,,,,,,,1.3,0.8,1.1,1*2B
$GPGSA,M,3,16,26,28,29,,,,,,,,,1.3,0.8,1.1,1*2B
$GPGSA,M,3,16,26,28,29,,,,,,,,,1.3,0.8,1.1,1*2B
$GPGSA,M,3,16,26,28,29,,,,,,,,,1.3,0.8,1.1,1*2B
$GPGSA,M,3,16,26,28,29,,,,,,,,,1.3,0.8,1.1,1*2B
$GPGSA,M,3,16,26,28,29,,,,,,,,,1.3,0.8,1.1,1*2B
$GPGSA,M,3,16,26,28,29,,,,,,,,,1.3,0.8,1.1,1*2B
$GPGSA,M,3,16,26,28,29,,,,,,,,,1.3,0.8,1.1,1*2B
$GPGSA,M,3,16,26,28,29,,,,,,,,,1.3,0.8,1.1,1*2B
$GPGSA,M,3,16,26,28,29,,,,,,,,,1.3,0.8,1.1,1*2B
$GPGSA,M,3,16,26,28,29,,,,,,,,,1.3,0.8,1.1,1*2B
$GPGSA,M,3,16,26,28,29,,,,,,,,,1.5,0.7,1.3,1*20
$GPGSA,M,3,16,26,28,29,,,,,,,,,1.5,0.7,1.3,1*20
$GPGSA,M,1,,,,,,,,,,,,,,,*12
$GPGSA,M,1,,,,,,,,,,,,,,,*12
$GPGSA,M,1,,,,,,,,,,,,,,,*12
$GPGSA,M,3,03,26,29,32,,,,,,,,,1.1,0.6,0.9,1*21
$GPGSA,M,3,03,04,26,29,32,,,,,,,,1.7,0.8,1.4,1*21
$GPGSA,M,3,03,04,26,28,29,32,,,,,,,1.7,0.8,1.4,1*2B
$GPGSA,M,3,03,04,26,28,29,32,,,,,,,1.7,0.8,1.4,1*2B
$GPGSA,M,3,03,04,26,28,29,32,,,,,,,1.7,0.8,1.4,1*2B
$GPGSA,M,3,03,04,16,26,27,28,29,32,,,,,1.0,0.5,0.9,1*2F
$GPGSA,M,3,03,04,16,26,27,28,29,32,,,,,1.0,0.5,0.9,1*2F
$GPGSA,M,3,03,04,16,26,27,28,29,32,,,,,1.0,0.5,0.9,1*2F
$GPGSA,M,3,03,04,16,26,28,29,32,,,,,,1.0,0.5,0.9,1*2A
$GPGSA,M,3,03,04,16,26,28,29,32,,,,,,1.0,0.5,0.9,1*2A
$GPGSA,M,3,03,04,26,28,29,32,,,,,,,1.2,0.6,1.0,1*24
$GPGSA,M,3,03,04,26,28,29,32,,,,,,,1.2,0.6,1.0,1*24
$GPGSA,M,3,03,04,26,28,29,32,,,,,,,1.2,0.6,1.0,1*24
$GPGSA,M,3,03,04,26,28,29,32,,,,,,,1.2,0.6,1.0,1*24
$GPGSA,M,3,03,04,26,28,29,32,,,,,,,1.2,0.6,1.0,1*24
$GPGSA,M,3,03,04,26,28,29,32,,,,,,,1.1,0.6,1.0,1*27
$GPGSA,M,3,03,04,26,28,29,32,,,,,,,1.1,0.6,1.0,1*27
$GPGSA,M,3,03,04,26,28,29,32,,,,,,,1.1,0.6,1.0,1*27
$GPGSA,M,3,03,04,26,28,29,32,,,,,,,1.1,0.6,1.0,1*27
$GPGSA,M,3,03,04,26,28,29,32,,,,,,,1.1,0.6,1.0,1*27
$GPGSA,M,3,03,04,26,28,29,32,,,,,,,1.2,0.6,1.0,1*24
$GPGSA,M,3,03,04,26,28,29,32,,,,,,,1.2,0.6,1.0,1*24
$GPGSA,M,3,03,04,26,28,29,32,,,,,,,1.2,0.6,1.0,1*24
$GPGSA,M,3,03,04,26,28,29,32,,,,,,,1.2,0.6,1.0,1*24
$GPGSA,M,3,03,04,26,28,29,32,,,,,,,1.2,0.6,1.0,1*24
$GPGSA,M,3,03,04,26,28,29,32,,,,,,,1.1,0.6,1.0,1*27
$GPGSA,M,3,03,04,26,28,29,32,,,,,,,1.1,0.6,1.0,1*27
$GPGSA,M,3,03,04,26,28,29,32,,,,,,,1.1,0.6,1.0,1*27
$GPGSA,M,3,03,04,26,28,29,32,,,,,,,1.1,0.6,1.0,1*27
$GPGSA,M,3,03,04,26,28,29,32,,,,,,,1.1,0.6,1.0,1*27
$GPGSA,M,3,03,04,26,28,29,32,,,,,,,1.1,0.6,0.9,1*2F
$GPGSA,M,3,03,04,26,28,29,32,,,,,,,1.1,0.6,0.9,1*2F
$GPGSA,M,3,03,04,26,28,29,32,,,,,,,1.1,0.6,0.9,1*2F
$GPGSA,M,3,03,04,26,28,29,32,,,,,,,1.1,0.6,0.9,1*2F
$GPGSA,M,3,03,04,26,28,29,32,,,,,,,1.1,0.6,0.9,1*2F
$GPGSA,M,3,03,04,26,28,29,32,,,,,,,1.2,0.6,1.0,1*24
$GPGSA,M,3,03,04,26,28,29,32,,,,,,,1.2,0.6,1.0,1*24
$GPGSA,M,3,03,04,26,28,29,32,,,,,,,1.2,0.6,1.0,1*24
$GPGSA,M,3,03,04,26,28,29,32,,,,,,,1.2,0.6,1.0,1*24
$GPGSA,M,3,03,04,26,28,29,32,,,,,,,1.2,0.6,1.0,1*24
$GPGSA,M,3,03,04,26,28,29,32,,,,,,,1.1,0.6,0.9,1*2F
$GPGSA,M,3,03,04,26,28,29,32,,,,,,,1.1,0.6,0.9,1*2F
$GPGSA,M,3,03,04,26,28,29,32,,,,,,,1.1,0.6,0.9,1*2F
$GPGSA,M,3,03,04,26,28,29,32,,,,,,,1.1,0.6,0.9,1*2F
$GPGSA,M,3,03,04,26,28,29,32,,,,,,,1.1,0.6,0.9,1*2F
$GPGSA,M,3,03,04,26,28,29,32,,,,,,,1.2,0.6,1.0,1*24
$GPGSA,M,3,03,04,26,28,29,32,,,,,,,1.2,0.6,1.0,1*24
$GPGSA,M,3,03,04,26,28,29,32,,,,,,,1.2,0.6,1.0,1*24
$GPGSA,M,3,03,04,26,28,29,32,,,,,,,1.2,0.6,1.0,1*24
$GPGSA,M,3,03,04,26,28,29,32,,,,,,,1.2,0.6,1.0,1*24
$GPGSA,M,3,03,04,26,28,29,32,,,,,,,1.2,0.6,1.0,1*24
$GPGSA,M,3,03,04,26,28,29,32,,,,,,,1.2,0.6,1.0,1*24
$GPGSA,M,3,03,04,26,28,29,32,,,,,,,1.2,0.6,1.0,1*24
$GPGSA,M,3,03,04,26,28,29,32,,,,,,,1.2,0.6,1.0,1*24
$GPGSA,M,3,03,04,26,28,29,32,,,,,,,1.2,0.6,1.0,1*24
$GPGSA,M,3,03,04,26,28,29,32,,,,,,,1.1,0.6,0.9,1*2F
$GPGSA,M,3,03,04,26,28,29,32,,,,,,,1.1,0.6,0.9,1*2F
$GPGSA,M,3,03,04,26,28,29,32,,,,,,,1.1,0.6,0.9,1*2F
$GPGSA,M,3,03,04,26,28,29,32,,,,,,,1.1,0.6,0.9,1*2F
$GPGSA,M,3,03,04,26,28,29,32,,,,,,,1.1,0.6,0.9,1*2F
$GPGSA,M,3,03,04,26,28,29,32,,,,,,,1.1,0.6,0.9,1*2F
$GPGSA,M,3,03,04,26,28,29,32,,,,,,,1.1,0.6,0.9,1*2F
$GPGSA,M,3,03,04,26,28,29,32,,,,,,,1.1,0.6,0.9,1*2F
$GPGSA,M,3,03,04,26,28,29,32,,,,,,,1.1,0.6,0.9,1*2F
$GPGSA,M,3,03,04,26,28,29,32,,,,,,,1.1,0.6,0.9,1*2F
$GPGSA,M,3,03,04,26,28,29,32,,,,,,,1.2,0.6,1.0,1*24
$GPGSA,M,3,03,04,26,28,29,32,,,,,,,1.2,0.6,1.0,1*24
$GPGSA,M,3,03,04,26,28,29,32,,,,,,,1.2,0.6,1.0,1*24
$GPGSA,M,3,03,04,26,28,29,32,,,,,,,1.2,0.6,1.0,1*24
$GPGSA,M,3,03,04,26,28,29,32,,,,,,,1.2,0.6,1.0,1*24
$GPGSA,M,3,03,04,26,28,29,32,,,,,,,1.2,0.6,1.0,1*24
$GPGSA,M,3,03,04,26,28,29,32,,,,,,,1.2,0.6,1.0,1*24
$GPGSA,M,3,03,04,26,28,29,32,,,,,,,1.2,0.6,1.0,1*24
$GPGSA,M,3,03,04,26,28,29,32,,,,,,,1.2,0.6,1.0,1*24
$GPGSA,M,3,03,04,26,28,29,32,,,,,,,1.2,0.6,1.0,1*24
$GPGSA,M,3,03,04,26,28,29,32,,,,,,,1.1,0.6,1.0,1*27
$GPGSA,M,3,03,04,26,28,29,32,,,,,,,1.1,0.6,1.0,1*27
$GPGSA,M,3,03,04,26,28,29,32,,,,,,,1.1,0.6,1.0,1*27
$GPGSA,M,3,03,04,26,28,29,32,,,,,,,1.1,0.6,1.0,1*27
$GPGSA,M,3,03,04,26,28,29,32,,,,,,,1.1,0.6,1.0,1*27
$GPGSA,M,3,03,04,26,28,29,32,,,,,,,1.1,0.6,0.9,1*2F
$GPGSA,M,3,03,04,26,28,29,32,,,,,,,1.1,0.6,0.9,1*2F
$GPGSA,M,3,03,04,26,28,29,32,,,,,,,1.1,0.6,0.9,1*2F
$GPGSA,M,3,03,04,26,28,29,32,,,,,,,1.1,0.6,0.9,1*2F
$GPGSA,M,3,03,04,26,28,29,32,,,,,,,1.1,0.6,0.9,1*2F
$GPGSA,M,3,03,04,26,28,29,32,,,,,,,1.1,0.6,0.9,1*2F
$GPGSA,M,3,03,04,26,28,29,32,,,,,,,1.1,0.6,0.9,1*2F
$GPGSA,M,3,03,04,26,28,29,32,,,,,,,1.1,0.6,0.9,1*2F
$GPGSA,M,3,03,04,26,28,29,32,,,,,,,1.1,0.6,0.9,1*2F
$GPGSA,M,3,03,04,26,28,29,32,,,,,,,1.1,0.6,0.9,1*2F
$GPGSA,M,3,03,04,26,28,29,32,,,,,,,1.1,0.6,1.0,1*27
$GPGSA,M,3,03,04,26,28,29,32,,,,,,,1.1,0.6,1.0,1*27
$GPGSA,M,3,03,04,26,28,29,32,,,,,,,1.1,0.6,1.0,1*27
$GPGSA,M,3,03,04,26,28,29,32,,,,,,,1.1,0.6,1.0,1*27
$GPGSA,M,3,03,04,26,28,29,32,,,,,,,1.1,0.6,1.0,1*27
$GPGSA,M,3,03,04,26,28,29,32,,,,,,,1.1,0.6,1.0,1*27
$GPGSA,M,3,03,04,26,28,29,32,,,,,,,1.1,0.6,1.0,1*27
$GPGSA,M,3,03,04,26,28,29,32,,,,,,,1.1,0.6,1.0,1*27
$GPGSA,M,3,03,04,26,28,29,32,,,,,,,1.1,0.6,1.0,1*27
$GPGSA,M,3,03,04,26,28,29,32,,,,,,,1.1,0.6,1.0,1*27
$GPGSA,M,3,03,04,26,28,29,32,,,,,,,1.1,0.6,1.0,1*27
$GPGSA,M,3,03,04,26,28,29,32,,,,,,,1.1,0.6,1.0,1*27
$GPGSA,M,3,03,04,26,28,29,32,,,,,,,1.1,0.6,1.0,1*27
$GPGSA,M,3,03,04,26,28,29,32,,,,,,,1.1,0.6,1.0,1*27
$GPGSA,M,3,03,04,26,28,29,32,,,,,,,1.1,0.6,1.0,1*27
$GPGSA,M,3,03,04,26,28,29,32,,,,,,,1.1,0.6,1.0,1*27
$GPGSA,M,3,03,04,26,28,29,32,,,,,,,1.1,0.6,1.0,1*27
$GPGSA,M,3,03,04,26,28,29,32,,,,,,,1.1,0.6,1.0,1*27
$GPGSA,M,3,03,04,26,28,29,32,,,,,,,1.1,0.6,1.0,1*27
$GPGSA,M,3,03,04,26,28,29,32,,,,,,,1.1,0.6,1.0,1*27
$GPGSA,M,3,03,04,26,28,29,32,,,,,,,1.1,0.6,1.0,1*27
$GPGSA,M,3,03,04,26,28,29,32,,,,,,,1.1,0.6,1.0,1*27
$GPGSA,M,3,03,04,26,28,29,32,,,,,,,1.1,0.6,1.0,1*27
$GPGSA,M,3,03,04,26,28,29,32,,,,,,,1.1,0.6,1.0,1*27
$GPGSA,M,3,03,04,26,28,29,32,,,,,,,1.1,0.6,1.0,1*27
$GPGSA,M,3,03,04,26,28,29,32,,,,,,,1.1,0.6,1.0,1*27
$GPGSA,M,3,03,04,26,28,29,32,,,,,,,1.1,0.6,1.0,1*27
$GPGSA,M,3,03,04,26,28,29,32,,,,,,,1.1,0.6,1.0,1*27
$GPGSA,M,3,03,04,26,28,29,32,,,,,,,1.1,0.6,1.0,1*27
$GPGSA,M,3,03,04,26,28,29,32,,,,,,,1.1,0.6,1.0,1*27
$GPGSA,M,3,03,04,26,28,29,32,,,,,,,1.1,0.6,0.9,1*2F
$GPGSA,M,3,03,04,26,28,29,32,,,,,,,1.1,0.6,0.9,1*2F
$GPGSA,M,3,03,04,26,28,29,32,,,,,,,1.1,0.6,0.9,1*2F
$GPGSA,M,3,03,04,26,28,29,32,,,,,,,1.1,0.6,0.9,1*2F
$GPGSA,M,3,03,04,26,28,29,32,,,,,,,1.1,0.6,0.9,1*2F
$GPGSA,M,3,03,04,26,28,29,32,,,,,,,1.1,0.6,0.9,1*2F
$GPGSA,M,3,03,04,26,28,29,32,,,,,,,1.1,0.6,0.9,1*2F
$GPGSA,M,3,03,04,26,28,29,32,,,,,,,1.1,0.6,0.9,1*2F
$GPGSA,M,3,03,04,26,28,29,32,,,,,,,1.1,0.6,0.9,1*2F
$GPGSA,M,3,03,04,26,28,29,32,,,,,,,1.1,0.6,0.9,1*2F
$GPGSA,M,3,03,04,26,28,29,32,,,,,,,1.1,0.6,0.9,1*2F
$GPGSA,M,3,03,04,26,28,29,32,,,,,,,1.1,0.6,0.9,1*2F
$GPGSA,M,3,03,04,26,28,29,32,,,,,,,1.1,0.6,0.9,1*2F
$GPGSA,M,3,03,04,26,28,29,32,,,,,,,1.1,0.6,0.9,1*2F
$GPGSA,M,3,03,04,26,28,29,32,,,,,,,1.1,0.6,0.9,1*2F
$GPGSA,M,3,03,04,26,28,29,32,,,,,,,1.1,0.6,0.9,1*2F
$GPGSA,M,3,03,04,26,28,29,32,,,,,,,1.1,0.6,0.9,1*2F
$GPGSA,M,3,03,04,26,28,29,32,,,,,,,1.1,0.6,0.9,1*2F
$GPGSA,M,3,03,04,26,28,29,32,,,,,,,1.1,0.6,0.9,1*2F
$GPGSA,M,3,03,04,26,28,29,32,,,,,,,1.1,0.6,0.9,1*2F
$GPGSA,M,3,03,04,26,28,29,32,,,,,,,1.1,0.6,0.9,1*2F
$GPGSA,M,3,03,04,26,28,29,32,,,,,,,1.1,0.6,0.9,1*2F
$GPGSA,M,3,03,04,26,28,29,32,,,,,,,1.1,0.6,0.9,1*2F
$GPGSA,M,3,03,04,26,28,29,32,,,,,,,1.1,0.6,0.9,1*2F
$GPGSA,M,3,03,04,26,28,29,32,,,,,,,1.1,0.6,0.9,1*2F
$GPGSA,M,3,03,04,26,28,29,32,,,,,,,1.1,0.6,0.9,1*2F
$GPGSA,M,3,03,04,26,28,29,32,,,,,,,1.1,0.6,0.9,1*2F
$GPGSA,M,3,03,04,26,28,29,32,,,,,,,1.1,0.6,0.9,1*2F
$GPGSA,M,3,03,04,26,28,29,32,,,,,,,1.1,0.6,0.9,1*2F
$GPGSA,M,3,03,04,26,28,29,32,,,,,,,1.1,0.6,0.9,1*2F
$GPGSA,M,3,03,04,26,28,29,32,,,,,,,1.1,0.6,0.9,1*2F
$GPGSA,M,3,03,04,26,28,29,32,,,,,,,1.1,0.6,0.9,1*2F
$GPGSA,M,3,03,04,26,28,29,32,,,,,,,1.1,0.6,0.9,1*2F
$GPGSA,M,3,03,04,26,28,29,32,,,,,,,1.1,0.6,0.9,1*2F
$GPGSA,M,3,03,04,16,26,28,29,32,,,,,,1.1,0.6,0.9,1*28
$GPGSA,M,3,03,04,16,26,28,29,32,,,,,,1.1,0.6,0.9,1*28
$GPGSA,M,3,03,04,16,26,28,29,32,,,,,,1.1,0.6,0.9,1*28
$GPGSA,M,3,03,04,16,26,28,29,32,,,,,,1.1,0.6,0.9,1*28
$GPGSA,M,3,03,04,16,26,28,29,32,,,,,,1.1,0.6,0.9,1*28
$GPGSA,M,3,03,04,16,26,28,29,32,,,,,,1.1,0.6,0.9,1*28
$GPGSA,M,3,03,04,16,26,28,29,32,,,,,,1.1,0.6,0.9,1*28
$GPGSA,M,3,03,04,16,26,28,29,32,,,,,,1.1,0.6,0.9,1*28
$GPGSA,M,3,03,04,16,26,28,29,32,,,,,,1.1,0.6,0.9,1*28
$GPGSA,M,3,03,04,16,26,28,29,32,,,,,,1.1,0.6,0.9,1*28
$GPGSA,M,3,03,04,16,26,28,29,32,,,,,,1.1,0.6,0.9,1*28
$GPGSA,M,3,03,04,16,26,28,29,32,,,,,,1.2,0.7,1.0,1*22
$GPGSA,M,3,03,04,16,26,28,29,32,,,,,,1.2,0.7,1.0,1*22
$GPGSA,M,3,03,04,16,26,28,29,32,,,,,,1.2,0.7,1.0,1*22
$GPGSA,M,3,03,04,16,26,28,29,32,,,,,,1.2,0.7,1.0,1*22
$GPGSA,M,3,03,04,16,26,28,29,32,,,,,,1.2,0.7,1.0,1*22
$GPGSA,M,3,03,04,16,26,28,29,32,,,,,,1.2,0.7,1.0,1*22
$GPGSA,M,3,03,04,16,26,28,29,32,,,,,,1.2,0.7,1.0,1*22
$GPGSA,M,3,03,04,16,26,28,29,32,,,,,,1.2,0.7,1.0,1*22
$GPGSA,M,3,03,04,16,26,28,29,32,,,,,,1.2,0.7,1.0,1*22
$GPGSA,M,3,03,04,16,26,28,29,32,,,,,,1.2,0.7,1.0,1*22
$GPGSA,M,3,03,04,16,26,28,29,32,,,,,,1.2,0.6,1.0,1*23
$GPGSA,M,3,03,04,16,26,28,29,32,,,,,,1.2,0.6,1.0,1*23
$GPGSA,M,3,03,04,16,26,28,29,32,,,,,,1.2,0.6,1.0,1*23
$GPGSA,M,3,03,04,16,26,28,29,32,,,,,,1.2,0.6,1.0,1*23
$GPGSA,M,3,03,04,16,26,28,29,32,,,,,,1.2,0.6,1.0,1*23
$GPGSA,M,3,03,04,16,26,28,29,32,,,,,,1.2,0.6,1.0,1*23
$GPGSA,M,3,03,04,16,26,28,29,32,,,,,,1.2,0.6,1.0,1*23
$GPGSA,M,3,03,04,16,26,28,29,32,,,,,,1.2,0.6,1.0,1*23
$GPGSA,M,3,03,04,16,26,28,29,32,,,,,,1.2,0.6,1.0,1*23
$GPGSA,M,3,03,04,16,26,28,29,32,,,,,,1.2,0.6,1.0,1*23
$GPGSA,M,3,03,04,16,26,28,29,32,,,,,,1.2,0.6,1.0,1*23
$GPGSA,M,3,03,04,16,26,28,29,32,,,,,,1.2,0.6,1.0,1*23
$GPGSA,M,3,03,04,16,26,28,29,32,,,,,,1.2,0.6,1.0,1*23
$GPGSA,M,3,03,04,16,26,28,29,32,,,,,,1.2,0.6,1.0,1*23
$GPGSA,M,3,03,04,16,26,28,29,32,,,,,,1.2,0.6,1.0,1*23
$GPGSA,M,3,03,04,16,26,28,29,32,,,,,,1.2,0.6,1.0,1*23
$GPGSA,M,3,03,04,16,26,28,29,32,,,,,,1.2,0.6,1.0,1*23
$GPGSA,M,3,03,04,16,26,28,29,32,,,,,,1.2,0.6,1.0,1*23
$GPGSA,M,3,03,04,16,26,28,29,32,,,,,,1.2,0.6,1.0,1*23
$GPGSA,M,3,03,04,16,26,28,29,32,,,,,,1.2,0.6,1.0,1*23
$GPGSA,M,3,03,04,16,26,28,29,32,,,,,,1.2,0.7,1.0,1*22
$GPGSA,M,3,03,04,16,26,28,29,32,,,,,,1.2,0.7,1.0,1*22
$GPGSA,M,3,03,04,16,26,28,29,32,,,,,,1.2,0.7,1.0,1*22
$GPGSA,M,3,03,16,26,28,29,32,,,,,,,1.2,0.7,1.0,1*26
$GPGSA,M,3,03,16,26,28,29,32,,,,,,,1.2,0.7,1.0,1*26
$GPGSA,M,3,03,16,26,28,32,,,,,,,,1.2,0.7,1.0,1*2D
$GPGSA,M,3,03,16,26,28,32,,,,,,,,1.2,0.7,1.0,1*2D
$GPGSA,M,3,03,16,26,28,32,,,,,,,,1.2,0.7,1.0,1*2D
$GPGSA,M,3,03,16,26,28,32,,,,,,,,1.2,0.7,1.0,1*2D
$GPGSA,M,3,03,16,26,28,32,,,,,,,,1.2,0.7,1.0,1*2D
$GPGSA,M,3,03,16,26,28,32,,,,,,,,1.2,0.6,1.0,1*2C
$GPGSA,M,3,03,16,26,28,32,,,,,,,,1.2,0.6,1.0,1*2C
$GPGSA,M,3,03,16,26,28,32,,,,,,,,1.2,0.6,1.0,1*2C
$GPGSA,M,3,03,16,26,28,32,,,,,,,,1.2,0.6,1.0,1*2C
$GPGSA,M,3,03,16,26,28,32,,,,,,,,1.2,0.6,1.0,1*2C
$GPGSA,M,3,03,04,16,26,28,32,,,,,,,1.2,0.6,1.0,1*28
$GPGSA,M,3,03,04,16,26,28,32,,,,,,,1.2,0.6,1.0,1*28
$GPGSA,M,3,03,04,16,26,28,32,,,,,,,1.2,0.6,1.0,1*28
$GPGSA,M,3,03,04,16,26,28,32,,,,,,,1.2,0.6,1.0,1*28
$GPGSA,M,3,03,04,16,26,28,32,,,,,,,1.2,0.6,1.0,1*28
$GPGSA,M,3,03,04,16,26,28,32,,,,,,,1.2,0.6,1.0,1*28
$GPGSA,M,3,03,04,16,26,28,32,,,,,,,1.2,0.6,1.0,1*28
$GPGSA,M,3,03,04,16,26,28,32,,,,,,,1.2,0.6,1.0,1*28
$GPGSA,M,3,03,16,26,28,32,,,,,,,,1.2,0.6,1.0,1*2C
$GPGSA,M,3,03,16,26,28,32,,,,,,,,1.2,0.6,1.0,1*2C
$GPGSA,M,3,03,16,26,28,32,,,,,,,,1.2,0.6,1.0,1*2C
$GPGSA,M,3,03,16,26,28,32,,,,,,,,1.2,0.6,1.0,1*2C
$GPGSA,M,3,03,16,26,28,32,,,,,,,,1.2,0.6,1.0,1*2C
$GPGSA,M,3,03,16,26,28,32,,,,,,,,1.2,0.6,1.0,1*2C
$GPGSA,M,3,03,04,16,26,28,32,,,,,,,1.2,0.6,1.0,1*28
$GPGSA,M,3,03,04,16,26,28,32,,,,,,,1.4,0.8,1.2,1*22
$GPGSA,M,3,03,04,16,26,28,32,,,,,,,1.4,0.8,1.2,1*22
$GPGSA,M,3,03,04,16,26,28,32,,,,,,,1.4,0.8,1.2,1*22
$GPGSA,M,3,03,04,16,26,28,32,,,,,,,1.4,0.8,1.2,1*22
$GPGSA,M,3,03,04,16,26,28,32,,,,,,,1.4,0.8,1.2,1*22
$GPGSA,M,3,03,04,16,26,28,32,,,,,,,1.2,0.6,1.0,1*28
$GPGSA,M,3,03,04,16,26,28,32,,,,,,,1.2,0.6,1.0,1*28
$GPGSA,M,3,03,04,16,26,28,32,,,,,,,1.2,0.6,1.0,1*28
$GPGSA,M,3,03,04,16,26,28,32,,,,,,,1.2,0.6,1.0,1*28
$GPGSA,M,3,03,04,16,26,28,32,,,,,,,1.2,0.6,1.0,1*28
$GPGSA,M,3,03,04,16,26,28,32,,,,,,,1.2,0.6,1.0,1*28
$GPGSA,M,3,03,04,16,26,28,32,,,,,,,1.2,0.6,1.0,1*28
$GPGSA,M,3,03,04,16,26,28,32,,,,,,,1.2,0.6,1.0,1*28
$GPGSA,M,3,03,04,16,26,28,32,,,,,,,1.2,0.6,1.0,1*28
$GPGSA,M,3,03,04,16,26,28,32,,,,,,,1.2,0.6,1.0,1*28
$GPGSA,M,3,03,04,16,26,28,32,,,,,,,1.2,0.6,1.0,1*28
$GPGSA,M,3,03,04,16,26,28,32,,,,,,,1.2,0.6,1.0,1*28
$GPGSA,M,3,03,04,16,26,28,32,,,,,,,1.2,0.6,1.0,1*28
$GPGSA,M,3,03,04,16,26,28,32,,,,,,,1.2,0.6,1.0,1*28
$GPGSA,M,3,03,04,16,26,28,32,,,,,,,1.2,0.6,1.0,1*28
$GPGSA,M,3,03,04,16,26,28,32,,,,,,,1.2,0.6,1.0,1*28
$GPGSA,M,3,03,04,16,26,28,32,,,,,,,1.2,0.6,1.0,1*28
$GPGSA,M,3,03,04,16,26,28,32,,,,,,,1.2,0.6,1.0,1*28
$GPGSA,M,3,03,04,16,26,28,32,,,,,,,1.2,0.6,1.0,1*28
$GPGSA,M,3,03,04,16,26,28,32,,,,,,,1.2,0.6,1.0,1*28
$GPGSA,M,3,03,04,16,26,28,32,,,,,,,1.2,0.6,1.0,1*28
$GPGSA,M,3,03,04,16,26,28,32,,,,,,,1.2,0.6,1.0,1*28
$GPGSA,M,3,04,16,26,28,32,,,,,,,,1.2,0.6,1.0,1*2B
$GPGSA,M,3,04,16,26,28,32,,,,,,,,1.2,0.6,1.0,1*2B
$GPGSA,M,3,04,16,26,28,32,,,,,,,,1.2,0.6,1.0,1*2B
$GPGSA,M,3,04,16,26,28,32,,,,,,,,1.2,0.7,1.0,1*2A
$GPGSA,M,3,04,16,26,32,,,,,,,,,1.2,0.7,1.0,1*20
$GPGSA,M,3,04,16,26,32,,,,,,,,,1.2,0.7,1.0,1*20
$GPGSA,M,3,03,04,16,26,28,32,,,,,,,1.2,0.7,1.0,1*29
$GPGSA,M,3,03,04,16,26,32,,,,,,,,1.2,0.7,1.0,1*23
$GPGSA,M,3,03,04,16,26,32,,,,,,,,1.3,0.8,1.1,1*2C
$GPGSA,M,3,03,04,16,26,32,,,,,,,,1.3,0.8,1.1,1*2C
$GPGSA,M,3,03,04,16,26,32,,,,,,,,1.3,0.8,1.1,1*2C
$GPGSA,M,3,03,04,16,26,32,,,,,,,,1.3,0.8,1.1,1*2C
$GPGSA,M,3,03,04,16,26,32,,,,,,,,1.3,0.8,1.1,1*2C
$GPGSA,M,3,03,04,16,26,32,,,,,,,,1.3,0.8,1.1,1*2C
$GPGSA,M,3,03,04,16,26,32,,,,,,,,1.3,0.8,1.1,1*2C
$GPGSA,M,3,03,04,16,26,32,,,,,,,,1.3,0.8,1.1,1*2C
$GPGSA,M,3,03,04,16,26,32,,,,,,,,1.3,0.8,1.1,1*2C
$GPGSA,M,3,03,04,16,26,32,,,,,,,,1.3,0.8,1.1,1*2C
$GPGSA,M,3,03,04,16,26,32,,,,,,,,1.3,0.8,1.1,1*2C
$GPGSA,M,3,03,04,16,26,32,,,,,,,,1.3,0.8,1.1,1*2C
$GPGSA,M,3,03,04,16,26,32,,,,,,,,1.3,0.8,1.1,1*2C
$GPGSA,M,3,03,04,16,26,32,,,,,,,,1.3,0.8,1.1,1*2C
$GPGSA,M,3,03,04,16,26,32,,,,,,,,1.3,0.8,1.1,1*2C
$GPGSA,M,3,03,04,16,26,32,,,,,,,,1.3,0.8,1.1,1*2C
$GPGSA,M,3,03,04,16,26,32,,,,,,,,1.3,0.8,1.1,1*2C
$GPGSA,M,3,03,04,16,26,32,,,,,,,,1.3,0.8,1.1,1*2C
$GPGSA,M,3,03,04,16,26,32,,,,,,,,1.3,0.8,1.1,1*2C
$GPGSA,M,3,03,04,16,26,32,,,,,,,,1.3,0.8,1.1,1*2C
$GPGSA,M,3,03,04,16,26,32,,,,,,,,1.3,0.8,1.1,1*2C
$GPGSA,M,3,03,04,16,26,32,,,,,,,,1.3,0.8,1.1,1*2C
$GPGSA,M,3,03,04,16,26,32,,,,,,,,1.3,0.8,1.1,1*2C
$GPGSA,M,3,03,04,16,26,32,,,,,,,,1.3,0.8,1.1,1*2C
$GPGSA,M,3,03,04,16,26,32,,,,,,,,1.3,0.8,1.1,1*2C
$GPGSA,M,3,03,04,16,26,32,,,,,,,,1.3,0.8,1.1,1*2C
$GPGSA,M,3,03,04,16,26,32,,,,,,,,1.3,0.8,1.1,1*2C
$GPGSA,M,3,03,04,16,26,32,,,,,,,,1.3,0.8,1.1,1*2C
$GPGSA,M,3,03,04,16,26,32,,,,,,,,1.3,0.8,1.1,1*2C
$GPGSA,M,3,03,04,16,26,32,,,,,,,,1.3,0.8,1.1,1*2C
$GPGSA,M,3,03,04,16,26,32,,,,,,,,1.3,0.8,1.1,1*2C
$GPGSA,M,3,03,04,16,26,32,,,,,,,,1.3,0.8,1.1,1*2C
$GPGSA,M,3,03,04,16,26,32,,,,,,,,1.3,0.8,1.1,1*2C
$GPGSA,M,3,03,04,16,26,32,,,,,,,,1.3,0.8,1.1,1*2C
$GPGSA,M,3,03,04,16,26,32,,,,,,,,1.3,0.8,1.1,1*2C
$GPGSA,M,3,03,04,16,26,32,,,,,,,,1.4,0.8,1.1,1*2B
$GPGSA,M,3,03,04,16,26,32,,,,,,,,1.4,0.8,1.1,1*2B
$GPGSA,M,3,03,04,16,26,32,,,,,,,,1.4,0.8,1.1,1*2B
$GPGSA,M,3,03,04,16,26,32,,,,,,,,1.4,0.8,1.1,1*2B
$GPGSA,M,3,03,04,16,26,32,,,,,,,,1.4,0.8,1.1,1*2B
$GPGSA,M,3,03,04,16,26,32,,,,,,,,1.4,0.8,1.1,1*2B
$GPGSA,M,3,03,04,16,26,32,,,,,,,,1.4,0.8,1.1,1*2B
$GPGSA,M,3,03,04,16,26,32,,,,,,,,1.4,0.8,1.1,1*2B
$GPGSA,M,3,03,04,16,26,32,,,,,,,,1.4,0.8,1.1,1*2B
$GPGSA,M,3,03,04,16,26,32,,,,,,,,1.4,0.8,1.1,1*2B
$GPGSA,M,3,03,04,16,26,32,,,,,,,,1.4,0.8,1.1,1*2B
$GPGSA,M,3,03,04,16,26,32,,,,,,,,1.4,0.8,1.1,1*2B
$GPGSA,M,3,03,04,16,26,32,,,,,,,,1.4,0.8,1.1,1*2B
$GPGSA,M,3,03,04,16,26,32,,,,,,,,1.4,0.8,1.1,1*2B
$GPGSA,M,3,03,04,16,26,32,,,,,,,,1.4,0.8,1.1,1*2B
$GPGSA,M,3,03,04,16,26,32,,,,,,,,1.4,0.8,1.2,1*28
$GPGSA,M,3,03,04,16,26,32,,,,,,,,1.4,0.8,1.2,1*28
$GPGSA,M,3,03,04,16,26,32,,,,,,,,1.4,0.8,1.2,1*28
$GPGSA,M,3,03,04,16,26,32,,,,,,,,1.4,0.8,1.2,1*28
$GPGSA,M,3,03,04,16,26,32,,,,,,,,1.4,0.8,1.2,1*28
$GPGSA,M,3,03,04,16,26,32,,,,,,,,1.5,0.8,1.2,1*29
$GPGSA,M,3,03,04,16,26,32,,,,,,,,1.5,0.8,1.2,1*29
$GPGSA,M,3,03,04,16,26,32,,,,,,,,1.5,0.8,1.2,1*29
$GPGSA,M,3,03,04,16,26,32,,,,,,,,1.5,0.8,1.2,1*29
$GPGSA,M,3,03,04,16,26,32,,,,,,,,1.5,0.8,1.2,1*29
$GPGSA,M,3,03,04,16,26,32,,,,,,,,1.4,0.8,1.1,1*2B
$GPGSA,M,3,03,04,16,26,32,,,,,,,,1.4,0.8,1.1,1*2B
$GPGSA,M,3,03,04,16,26,32,,,,,,,,1.4,0.8,1.1,1*2B
$GPGSA,M,3,03,04,16,26,32,,,,,,,,1.4,0.8,1.1,1*2B
$GPGSA,M,3,03,04,16,26,32,,,,,,,,1.4,0.8,1.1,1*2B
$GPGSA,M,3,03,04,16,26,32,,,,,,,,1.4,0.8,1.2,1*28
$GPGSA,M,3,03,04,16,26,32,,,,,,,,1.4,0.8,1.2,1*28
$GPGSA,M,3,03,04,16,26,32,,,,,,,,1.4,0.8,1.2,1*28
$GPGSA,M,3,03,04,16,26,32,,,,,,,,1.4,0.8,1.2,1*28
$GPGSA,M,3,03,04,16,26,32,,,,,,,,1.4,0.8,1.2,1*28
$GPGSA,M,3,03,04,16,26,32,,,,,,,,1.5,0.8,1.2,1*29
$GPGSA,M,3,03,04,16,26,32,,,,,,,,1.5,0.8,1.2,1*29
$GPGSA,M,3,03,04,16,26,32,,,,,,,,1.5,0.8,1.2,1*29
$GPGSA,M,3,03,04,16,26,32,,,,,,,,1.5,0.8,1.2,1*29
$GPGSA,M,3,03,04,16,26,32,,,,,,,,1.5,0.8,1.2,1*29
$GPGSA,M,3,03,04,16,26,32,,,,,,,,1.4,0.8,1.2,1*28
$GPGSA,M,3,03,04,16,26,32,,,,,,,,1.4,0.8,1.2,1*28
$GPGSA,M,3,03,04,16,26,31,32,,,,,,,1.4,0.8,1.2,1*2A
$GPGSA,M,3,03,04,16,26,31,32,,,,,,,1.4,0.8,1.2,1*2A
$GPGSA,M,3,03,04,16,26,31,32,,,,,,,1.4,0.8,1.2,1*2A
$GPGSA,M,3,03,04,16,26,31,32,,,,,,,1.4,0.8,1.2,1*2A
$GPGSA,M,3,03,04,16,26,31,32,,,,,,,1.4,0.8,1.2,1*2A
$GPGSA,M,3,03,04,16,26,31,32,,,,,,,1.4,0.8,1.2,1*2A
$GPGSA,M,3,03,04,16,26,31,32,,,,,,,1.4,0.8,1.2,1*2A
$GPGSA,M,3,03,04,16,26,31,32,,,,,,,1.4,0.8,1.2,1*2A
$GPGSA,M,3,03,04,16,26,31,32,,,,,,,1.4,0.8,1.2,1*2A
$GPGSA,M,3,03,04,16,26,31,32,,,,,,,1.4,0.8,1.2,1*2A
$GPGSA,M,3,03,04,16,26,31,32,,,,,,,1.4,0.8,1.2,1*2A
$GPGSA,M,3,03,04,16,26,31,32,,,,,,,1.4,0.8,1.2,1*2A
$GPGSA,M,3,03,04,16,26,31,32,,,,,,,1.4,0.8,1.2,1*2A
$GPGSA,M,3,03,04,16,26,31,32,,,,,,,1.4,0.8,1.2,1*2A
$GPGSA,M,3,03,04,16,26,31,32,,,,,,,1.4,0.8,1.2,1*2A
$GPGSA,M,3,03,04,16,26,31,32,,,,,,,1.4,0.8,1.2,1*2A
$GPGSA,M,3,03,04,16,26,31,32,,,,,,,1.4,0.8,1.2,1*2A
$GPGSA,M,3,03,04,16,26,31,32,,,,,,,1.4,0.8,1.2,1*2A
$GPGSA,M,3,03,04,16,26,31,32,,,,,,,1.4,0.8,1.2,1*2A
$GPGSA,M,3,03,04,16,26,31,32,,,,,,,1.4,0.8,1.2,1*2A
$GPGSA,M,3,03,04,16,26,31,32,,,,,,,1.4,0.8,1.2,1*2A
$GPGSA,M,3,03,04,16,26,31,32,,,,,,,1.4,0.8,1.2,1*2A
$GPGSA,M,3,03,04,16,26,31,32,,,,,,,1.4,0.8,1.2,1*2A
$GPGSA,M,3,03,04,16,26,31,32,,,,,,,1.4,0.8,1.1,1*29
$GPGSA,M,3,03,04,16,26,31,32,,,,,,,1.4,0.8,1.1,1*29
$GPGSA,M,3,03,04,16,26,31,32,,,,,,,1.4,0.8,1.1,1*29
$GPGSA,M,3,03,04,16,26,31,32,,,,,,,1.4,0.8,1.1,1*29
$GPGSA,M,3,03,04,16,26,31,32,,,,,,,1.4,0.8,1.1,1*29
$GPGSA,M,3,03,04,16,26,31,32,,,,,,,1.4,0.8,1.2,1*2A
$GPGSA,M,3,03,04,16,26,31,32,,,,,,,1.4,0.8,1.2,1*2A
$GPGSA,M,3,03,04,16,26,31,32,,,,,,,1.4,0.8,1.2,1*2A
$GPGSA,M,3,03,04,16,26,31,32,,,,,,,1.4,0.8,1.2,1*2A
$GPGSA,M,3,03,04,16,26,31,32,,,,,,,1.4,0.8,1.2,1*2A
$GPGSA,M,3,03,04,16,26,31,32,,,,,,,1.6,0.8,1.4,1*2E
$GPGSA,M,3,03,04,16,26,31,32,,,,,,,1.6,0.8,1.4,1*2E
$GPGSA,M,3,03,04,16,26,31,32,,,,,,,1.6,0.8,1.4,1*2E
$GPGSA,M,3,03,04,16,26,31,32,,,,,,,1.6,0.8,1.4,1*2E
$GPGSA,M,3,03,04,16,26,31,32,,,,,,,1.6,0.8,1.4,1*2E
$GPGSA,M,3,03,04,16,26,31,32,,,,,,,1.5,0.8,1.3,1*2A
$GPGSA,M,3,03,04,16,26,31,32,,,,,,,1.5,0.8,1.3,1*2A
$GPGSA,M,3,03,04,16,26,31,32,,,,,,,1.5,0.8,1.3,1*2A
$GPGSA,M,3,03,04,16,26,31,32,,,,,,,1.5,0.8,1.3,1*2A
$GPGSA,M,3,03,04,16,26,31,32,,,,,,,1.5,0.8,1.3,1*2A
$GPGSA,M,3,03,04,16,26,31,32,,,,,,,1.4,0.8,1.2,1*2A
$GPGSA,M,3,03,04,16,26,31,32,,,,,,,1.4,0.8,1.2,1*2A
$GPGSA,M,3,03,04,16,26,31,32,,,,,,,1.4,0.8,1.2,1*2A
$GPGSA,M,3,03,04,16,26,31,32,,,,,,,1.4,0.8,1.2,1*2A
$GPGSA,M,3,03,04,16,26,31,32,,,,,,,1.4,0.8,1.2,1*2A
$GPGSA,M,3,03,04,16,26,31,32,,,,,,,1.4,0.8,1.2,1*2A
$GPGSA,M,3,04,16,26,31,32,,,,,,,,1.4,0.8,1.2,1*29
$GPGSA,M,3,04,16,26,31,32,,,,,,,,1.4,0.8,1.2,1*29
$GPGSA,M,3,04,16,26,31,32,,,,,,,,1.4,0.8,1.2,1*29
$GPGSA,M,3,04,16,26,31,32,,,,,,,,1.4,0.8,1.2,1*29
$GPGSA,M,3,04,16,26,31,32,,,,,,,,1.4,0.8,1.2,1*29
$GPGSA,M,3,04,16,26,31,32,,,,,,,,1.4,0.8,1.2,1*29
$GPGSA,M,3,04,16,26,31,32,,,,,,,,1.4,0.8,1.2,1*29
$GPGSA,M,3,03,04,16,26,31,32,,,,,,,1.4,0.8,1.2,1*2A
$GPGSA,M,3,03,04,16,26,31,32,,,,,,,1.4,0.8,1.2,1*2A
$GPGSA,M,3,03,04,16,26,31,32,,,,,,,1.4,0.8,1.2,1*2A
$GPGSA,M,3,03,04,16,26,31,32,,,,,,,1.4,0.8,1.2,1*2A
$GPGSA,M,3,03,04,16,26,31,32,,,,,,,1.4,0.8,1.2,1*2A
$GPGSA,M,3,03,04,16,26,31,32,,,,,,,1.4,0.8,1.2,1*2A
$GPGSA,M,3,03,04,16,26,31,32,,,,,,,1.4,0.8,1.2,1*2A
$GPGSA,M,3,03,04,16,26,31,32,,,,,,,1.4,0.8,1.2,1*2A
$GPGSA,M,3,03,04,16,26,31,32,,,,,,,1.4,0.8,1.2,1*2A
$GPGSA,M,3,03,04,16,26,31,32,,,,,,,1.4,0.8,1.2,1*2A
$GPGSA,M,3,03,04,16,26,31,32,,,,,,,1.4,0.8,1.2,1*2A
$GPGSA,M,3,03,04,16,26,31,32,,,,,,,1.4,0.8,1.2,1*2A
$GPGSA,M,3,03,04,16,26,31,32,,,,,,,1.5,0.8,1.2,1*2B
$GPGSA,M,3,03,04,16,26,31,32,,,,,,,1.5,0.8,1.2,1*2B
$GPGSA,M,3,03,04,16,26,31,32,,,,,,,1.5,0.8,1.2,1*2B
$GPGSA,M,3,03,04,16,26,31,32,,,,,,,1.5,0.8,1.2,1*2B
$GPGSA,M,3,03,04,16,26,31,32,,,,,,,1.5,0.8,1.2,1*2B
$GPGSA,M,3,03,04,16,26,31,32,,,,,,,1.5,0.8,1.2,1*2B
$GPGSA,M,3,03,04,16,26,31,32,,,,,,,1.5,0.8,1.2,1*2B
$GPGSA,M,3,03,04,16,26,31,32,,,,,,,1.5,0.8,1.2,1*2B
$GPGSA,M,3,03,04,16,26,27,31,32,,,,,,1.5,0.8,1.2,1*2E
$GPGSA,M,3,03,04,16,26,27,31,32,,,,,,1.5,0.8,1.2,1*2E
$GPGSA,M,3,03,04,16,26,27,31,32,,,,,,1.6,0.8,1.3,1*2C
$GPGSA,M,3,03,04,16,26,27,31,32,,,,,,1.6,0.8,1.3,1*2C
$GPGSA,M,3,03,04,16,26,27,31,32,,,,,,1.6,0.8,1.3,1*2C
$GPGSA,M,3,03,04,16,26,27,31,32,,,,,,1.6,0.8,1.3,1*2C
$GPGSA,M,3,03,04,16,26,27,31,32,,,,,,1.6,0.8,1.3,1*2C
$GPGSA,M,3,03,04,16,26,27,31,32,,,,,,1.5,0.7,1.3,1*20
$GPGSA,M,3,03,04,16,26,27,31,32,,,,,,1.5,0.7,1.3,1*20
$GPGSA,M,3,03,04,16,26,27,31,32,,,,,,1.5,0.7,1.3,1*20
$GPGSA,M,3,03,04,16,26,27,31,32,,,,,,1.5,0.7,1.3,1*20
$GPGSA,M,3,03,04,16,26,27,31,32,,,,,,1.5,0.7,1.3,1*20
$GPGSA,M,3,03,04,16,26,27,31,32,,,,,,1.4,0.7,1.2,1*20
$GPGSA,M,3,03,04,16,26,27,31,32,,,,,,1.4,0.7,1.2,1*20
$GPGSA,M,3,03,04,16,26,27,31,32,,,,,,1.4,0.7,1.2,1*20
$GPGSA,M,3,03,04,16,26,31,32,,,,,,,1.4,0.7,1.2,1*25
$GPGSA,M,3,03,04,16,26,31,32,,,,,,,1.4,0.7,1.2,1*25
$GPGSA,M,3,03,04,16,26,31,32,,,,,,,1.6,0.8,1.3,1*29
$GPGSA,M,3,03,04,16,26,31,32,,,,,,,1.6,0.8,1.3,1*29
$GPGSA,M,3,03,04,16,26,31,32,,,,,,,1.6,0.8,1.3,1*29
$GPGSA,M,3,03,04,16,26,31,32,,,,,,,1.6,0.8,1.3,1*29
$GPGSA,M,3,03,04,16,26,31,32,,,,,,,1.6,0.8,1.3,1*29
$GPGSA,M,3,03,04,16,26,31,32,,,,,,,1.5,0.8,1.2,1*2B
$GPGSA,M,3,03,04,16,26,31,32,,,,,,,1.5,0.8,1.2,1*2B
$GPGSA,M,3,03,04,16,26,31,32,,,,,,,1.5,0.8,1.2,1*2B
$GPGSA,M,3,03,04,16,26,31,32,,,,,,,1.5,0.8,1.2,1*2B
$GPGSA,M,3,03,16,26,27,31,32,,,,,,,1.5,0.8,1.2,1*2A
$GPGSA,M,3,03,16,26,27,31,32,,,,,,,1.6,0.8,1.4,1*2F
$GPGSA,M,3,03,16,26,27,31,32,,,,,,,1.6,0.8,1.4,1*2F
$GPGSA,M,3,03,16,26,31,32,,,,,,,,1.6,0.8,1.4,1*2A
$GPGSA,M,3,03,16,26,31,32,,,,,,,,1.6,0.8,1.4,1*2A
$GPGSA,M,3,03,16,26,31,32,,,,,,,,1.6,0.8,1.4,1*2A
$GPGSA,M,3,03,16,26,31,32,,,,,,,,1.6,0.8,1.3,1*2D
$GPGSA,M,3,03,16,26,31,32,,,,,,,,1.6,0.8,1.3,1*2D
$GPGSA,M,3,03,16,26,31,32,,,,,,,,1.6,0.8,1.3,1*2D
$GPGSA,M,3,03,16,26,31,32,,,,,,,,1.6,0.8,1.3,1*2D
$GPGSA,M,3,03,16,26,31,32,,,,,,,,1.6,0.8,1.3,1*2D
$GPGSA,M,3,03,16,26,31,32,,,,,,,,1.6,0.8,1.3,1*2D
$GPGSA,M,3,03,16,26,31,32,,,,,,,,1.6,0.8,1.3,1*2D
$GPGSA,M,3,03,16,26,27,31,32,,,,,,,1.6,0.8,1.3,1*28
$GPGSA,M,3,03,16,26,27,31,32,,,,,,,1.6,0.8,1.3,1*28
$GPGSA,M,3,03,16,26,27,31,32,,,,,,,1.6,0.8,1.3,1*28
$GPGSA,M,3,03,16,26,27,31,32,,,,,,,1.6,0.8,1.3,1*28
$GPGSA,M,3,03,16,26,27,31,32,,,,,,,1.6,0.8,1.3,1*28
$GPGSA,M,3,03,16,26,27,31,32,,,,,,,1.6,0.8,1.3,1*28
$GPGSA,M,3,03,16,26,27,31,32,,,,,,,1.6,0.8,1.3,1*28
$GPGSA,M,3,03,16,26,27,31,32,,,,,,,1.6,0.8,1.3,1*28
$GPGSA,M,3,03,16,26,27,31,32,,,,,,,1.3,0.7,1.1,1*20
$GPGSA,M,3,03,16,26,27,31,32,,,,,,,1.3,0.7,1.1,1*20
$GPGSA,M,3,03,16,26,27,31,32,,,,,,,1.3,0.7,1.1,1*20
$GPGSA,M,3,03,16,26,31,32,,,,,,,,1.3,0.7,1.1,1*25
$GPGSA,M,3,03,04,16,26,31,32,,,,,,,1.3,0.7,1.1,1*21
$GPGSA,M,3,03,04,16,26,31,32,,,,,,,1.3,0.7,1.1,1*21
$GPGSA,M,3,03,04,16,26,27,31,32,,,,,,1.3,0.7,1.1,1*24
$GPGSA,M,3,03,04,16,26,31,32,,,,,,,1.3,0.7,1.1,1*21
$GPGSA,M,3,03,04,16,26,31,32,,,,,,,1.3,0.7,1.1,1*21
$GPGSA,M,3,03,04,16,26,31,32,,,,,,,1.3,0.7,1.1,1*21
$GPGSA,M,3,03,04,16,26,31,32,,,,,,,1.5,0.8,1.2,1*2B
$GPGSA,M,3,03,04,16,26,31,32,,,,,,,1.5,0.8,1.2,1*2B
$GPGSA,M,3,03,04,16,26,31,32,,,,,,,1.5,0.8,1.2,1*2B
$GPGSA,M,3,03,04,16,26,31,32,,,,,,,1.5,0.8,1.2,1*2B
$GPGSA,M,3,03,04,16,26,31,32,,,,,,,1.5,0.8,1.2,1*2B
$GPGSA,M,3,03,04,16,26,31,32,,,,,,,1.3,0.7,1.1,1*21
$GPGSA,M,3,03,04,16,26,31,32,,,,,,,1.3,0.7,1.1,1*21
$GPGSA,M,3,03,04,16,26,31,32,,,,,,,1.3,0.7,1.1,1*21
$GPGSA,M,3,03,04,16,26,31,32,,,,,,,1.3,0.7,1.1,1*21
$GPGSA,M,3,03,04,16,26,31,32,,,,,,,1.3,0.7,1.1,1*21
$GPGSA,M,3,03,04,16,26,31,32,,,,,,,1.4,0.8,1.2,1*2A
$GPGSA,M,3,03,04,16,26,31,32,,,,,,,1.4,0.8,1.2,1*2A
$GPGSA,M,3,03,04,16,26,31,32,,,,,,,1.4,0.8,1.2,1*2A
$GPGSA,M,3,03,04,16,26,31,32,,,,,,,1.4,0.8,1.2,1*2A
$GPGSA,M,3,03,04,16,26,31,32,,,,,,,1.4,0.8,1.2,1*2A
$GPGSA,M,3,03,04,16,26,31,32,,,,,,,1.4,0.8,1.2,1*2A
$GPGSA,M,3,03,04,16,26,31,32,,,,,,,1.4,0.8,1.2,1*2A
$GPGSA,M,3,03,04,16,26,31,32,,,,,,,1.4,0.8,1.2,1*2A
$GPGSA,M,3,03,04,16,26,31,32,,,,,,,1.4,0.8,1.2,1*2A
$GPGSA,M,3,03,04,16,26,31,32,,,,,,,1.4,0.8,1.2,1*2A
$GPGSA,M,3,03,04,16,26,31,32,,,,,,,1.3,0.7,1.1,1*21
$GPGSA,M,3,03,04,16,26,31,32,,,,,,,1.3,0.7,1.1,1*21
$GPGSA,M,3,03,04,16,26,31,32,,,,,,,1.3,0.7,1.1,1*21
$GPGSA,M,3,03,04,16,26,31,32,,,,,,,1.3,0.7,1.1,1*21
$GPGSA,M,3,03,04,16,26,31,32,,,,,,,1.3,0.7,1.1,1*21
$GPGSA,M,3,03,04,16,26,31,32,,,,,,,1.3,0.7,1.1,1*21
$GPGSA,M,3,03,04,16,26,31,32,,,,,,,1.3,0.7,1.1,1*21
$GPGSA,M,3,03,04,16,26,31,32,,,,,,,1.3,0.7,1.1,1*21
$GPGSA,M,3,03,04,16,26,31,32,,,,,,,1.3,0.7,1.1,1*21
$GPGSA,M,3,03,04,16,26,31,32,,,,,,,1.3,0.7,1.1,1*21
$GPGSA,M,3,03,04,16,26,31,32,,,,,,,1.4,0.8,1.2,1*2A
$GPGSA,M,3,03,04,16,26,31,32,,,,,,,1.4,0.8,1.2,1*2A
$GPGSA,M,3,03,04,16,26,31,32,,,,,,,1.4,0.8,1.2,1*2A
$GPGSA,M,3,03,04,16,26,31,32,,,,,,,1.4,0.8,1.2,1*2A
$GPGSA,M,3,03,04,16,26,31,32,,,,,,,1.4,0.8,1.2,1*2A
$GPGSA,M,3,03,04,16,26,31,32,,,,,,,1.4,0.8,1.2,1*2A
$GPGSA,M,3,03,04,16,26,31,32,,,,,,,1.4,0.8,1.2,1*2A
$GPGSA,M,3,03,04,16,26,31,32,,,,,,,1.4,0.8,1.2,1*2A
$GPGSA,M,3,03,04,16,26,31,32,,,,,,,1.4,0.8,1.2,1*2A
$GPGSA,M,3,03,04,16,26,31,32,,,,,,,1.4,0.8,1.2,1*2A
$GPGSA,M,3,03,04,16,26,31,32,,,,,,,1.5,0.9,1.3,1*2B
$GPGSA,M,3,03,04,16,26,31,32,,,,,,,1.5,0.9,1.3,1*2B
$GPGSA,M,3,03,04,16,26,31,32,,,,,,,1.5,0.9,1.3,1*2B
$GPGSA,M,3,03,04,16,26,31,,,,,,,,1.5,0.9,1.3,1*2A
$GPGSA,M,3,03,04,16,26,31,,,,,,,,1.5,0.9,1.3,1*2A
$GPGSA,M,3,03,04,16,26,31,,,,,,,,1.4,0.8,1.2,1*2B
$GPGSA,M,3,03,04,16,26,31,,,,,,,,1.4,0.8,1.2,1*2B
$GPGSA,M,3,03,04,16,26,31,,,,,,,,1.4,0.8,1.2,1*2B
$GPGSA,M,3,03,04,16,26,31,,,,,,,,1.4,0.8,1.2,1*2B
$GPGSA,M,3,03,04,16,26,31,,,,,,,,1.4,0.8,1.2,1*2B
$GPGSA,M,3,03,04,16,26,31,,,,,,,,1.4,0.8,1.1,1*28
$GPGSA,M,3,03,04,16,26,31,,,,,,,,1.4,0.8,1.1,1*28
$GPGSA,M,3,03,04,16,26,31,,,,,,,,1.4,0.8,1.1,1*28
$GPGSA,M,3,03,04,16,26,31,,,,,,,,1.4,0.8,1.1,1*28
$GPGSA,M,3,03,04,16,26,31,,,,,,,,1.4,0.8,1.1,1*28
$GPGSA,M,3,03,04,16,26,31,,,,,,,,1.4,0.8,1.1,1*28
$GPGSA,M,3,03,04,16,26,31,,,,,,,,1.4,0.8,1.1,1*28
$GPGSA,M,3,03,04,16,26,31,,,,,,,,1.4,0.8,1.1,1*28
$GPGSA,M,3,03,04,16,26,31,,,,,,,,1.4,0.8,1.1,1*28
$GPGSA,M,3,03,04,16,26,31,,,,,,,,1.4,0.8,1.1,1*28
$GPGSA,M,3,03,04,16,26,31,,,,,,,,1.4,0.8,1.1,1*28
$GPGSA,M,3,03,04,16,26,31,,,,,,,,1.4,0.8,1.1,1*28
$GPGSA,M,3,03,04,16,26,31,,,,,,,,1.4,0.8,1.1,1*28
$GPGSA,M,3,03,04,16,26,27,31,,,,,,,1.4,0.8,1.1,1*2D
$GPGSA,M,3,03,04,16,26,27,31,,,,,,,1.4,0.8,1.1,1*2D
$GPGSA,M,3,03,04,16,26,27,31,,,,,,,1.3,0.7,1.0,1*24
$GPGSA,M,3,03,04,16,26,27,31,,,,,,,1.3,0.7,1.0,1*24
$GPGSA,M,3,03,04,16,26,27,31,,,,,,,1.3,0.7,1.0,1*24
$GPGSA,M,3,03,04,16,26,27,31,,,,,,,1.3,0.7,1.0,1*24
$GPGSA,M,3,03,04,16,26,27,31,,,,,,,1.3,0.7,1.0,1*24
$GPGSA,M,3,03,04,16,26,27,31,,,,,,,1.3,0.7,1.1,1*25
$GPGSA,M,3,03,04,16,26,27,31,,,,,,,1.3,0.7,1.1,1*25
$GPGSA,M,3,03,04,16,26,27,31,,,,,,,1.3,0.7,1.1,1*25
$GPGSA,M,3,03,04,16,26,27,31,,,,,,,1.3,0.7,1.1,1*25
$GPGSA,M,3,03,04,16,26,27,31,,,,,,,1.3,0.7,1.1,1*25
$GPGSA,M,3,03,04,16,26,27,31,,,,,,,1.3,0.7,1.1,1*25
$GPGSA,M,3,03,04,16,26,27,29,31,,,,,,1.3,0.7,1.1,1*2E
$GPGSA,M,3,03,16,26,27,29,31,,,,,,,1.3,0.7,1.1,1*2A
$GPGSA,M,3,03,16,26,27,29,31,,,,,,,1.3,0.7,1.1,1*2A
$GPGSA,M,3,03,16,26,27,29,31,,,,,,,1.3,0.7,1.1,1*2A
$GPGSA,M,3,03,16,26,27,29,31,,,,,,,1.3,0.7,1.1,1*2A
$GPGSA,M,3,03,16,26,27,29,31,,,,,,,1.3,0.7,1.1,1*2A
$GPGSA,M,3,03,16,26,27,29,31,,,,,,,1.3,0.7,1.1,1*2A
$GPGSA,M,3,03,16,26,27,29,31,,,,,,,1.3,0.7,1.1,1*2A
$GPGSA,M,3,03,16,26,27,29,31,,,,,,,1.3,0.7,1.1,1*2A
$GPGSA,M,3,03,04,16,26,27,29,31,,,,,,1.2,0.7,1.0,1*2E
$GPGSA,M,3,03,04,16,26,27,29,31,,,,,,1.2,0.7,1.0,1*2E
$GPGSA,M,3,03,04,16,26,27,29,31,,,,,,1.2,0.7,1.0,1*2E
$GPGSA,M,3,03,04,16,26,27,29,31,,,,,,1.2,0.7,1.0,1*2E
$GPGSA,M,3,03,04,16,26,27,29,31,,,,,,1.2,0.7,1.0,1*2E
$GPGSA,M,3,03,04,16,26,27,29,31,,,,,,1.2,0.7,1.0,1*2E
$GPGSA,M,3,03,04,16,26,27,29,31,,,,,,1.2,0.7,1.0,1*2E
$GPGSA,M,3,03,04,16,26,27,29,31,,,,,,1.2,0.7,1.0,1*2E
$GPGSA,M,3,03,04,16,26,27,29,31,,,,,,1.2,0.7,1.0,1*2E
$GPGSA,M,3,03,04,16,26,27,29,31,,,,,,1.2,0.7,1.0,1*2E
$GPGSA,M,3,03,04,16,26,27,29,31,,,,,,1.2,0.7,1.0,1*2E
$GPGSA,M,3,03,04,16,26,27,29,31,,,,,,1.2,0.7,1.0,1*2E
$GPGSA,M,3,03,04,16,26,27,29,31,,,,,,1.2,0.7,1.0,1*2E
$GPGSA,M,3,03,04,16,26,27,29,31,,,,,,1.2,0.7,1.0,1*2E
$GPGSA,M,3,03,04,16,26,27,29,31,,,,,,1.2,0.7,1.0,1*2E
$GPGSA,M,3,03,04,16,26,27,29,31,,,,,,1.2,0.7,1.0,1*2E
$GPGSA,M,3,03,04,16,26,27,29,31,,,,,,1.2,0.7,1.0,1*2E
$GPGSA,M,3,03,04,16,26,27,29,31,,,,,,1.2,0.7,1.0,1*2E
$GPGSA,M,3,03,04,16,26,27,29,31,,,,,,1.2,0.7,1.0,1*2E
$GPGSA,M,3,03,04,16,26,27,29,31,,,,,,1.2,0.7,1.0,1*2E
$GPGSA,M,3,03,04,16,26,27,29,31,,,,,,1.2,0.7,1.0,1*2E
$GPGSA,M,3,03,04,16,26,27,29,31,,,,,,1.2,0.7,1.0,1*2E
$GPGSA,M,3,03,04,16,26,27,29,31,,,,,,1.2,0.7,1.0,1*2E
$GPGSA,M,3,03,04,16,26,27,29,31,,,,,,1.2,0.7,1.0,1*2E
$GPGSA,M,3,03,04,16,26,27,29,31,,,,,,1.2,0.7,1.0,1*2E
$GPGSA,M,3,03,04,16,26,27,29,31,,,,,,1.2,0.7,1.0,1*2E
$GPGSA,M,3,03,04,16,26,27,29,31,,,,,,1.2,0.7,1.0,1*2E
$GPGSA,M,3,03,04,16,26,27,29,31,,,,,,1.2,0.7,1.0,1*2E
$GPGSA,M,3,03,04,16,26,27,29,31,,,,,,1.2,0.7,1.0,1*2E
$GPGSA,M,3,03,04,16,26,27,29,31,,,,,,1.2,0.7,1.0,1*2E
$GPGSA,M,3,03,04,16,26,27,29,31,,,,,,1.2,0.7,1.0,1*2E
$GPGSA,M,3,03,04,16,26,27,29,31,,,,,,1.2,0.7,1.0,1*2E
$GPGSA,M,3,03,04,16,26,27,29,31,,,,,,1.2,0.7,1.0,1*2E
$GPGSA,M,3,03,04,16,26,27,29,31,,,,,,1.2,0.7,1.0,1*2E
$GPGSA,M,3,03,04,16,26,27,29,31,,,,,,1.2,0.7,1.0,1*2E
$GPGSA,M,3,03,04,16,26,27,29,31,,,,,,1.2,0.7,1.0,1*2E
$GPGSA,M,3,03,04,16,26,27,29,31,,,,,,1.2,0.7,1.0,1*2E
$GPGSA,M,3,03,04,16,26,27,29,31,,,,,,1.2,0.7,1.0,1*2E
$GPGSA,M,3,03,04,16,26,27,29,31,,,,,,1.2,0.7,1.0,1*2E
$GPGSA,M,3,03,04,16,26,27,29,31,,,,,,1.2,0.7,1.0,1*2E
$GPGSA,M,3,03,04,16,26,27,29,31,,,,,,1.2,0.7,1.1,1*2F
$GPGSA,M,3,03,04,16,26,27,29,31,,,,,,1.2,0.7,1.1,1*2F
$GPGSA,M,3,03,04,16,26,27,29,31,,,,,,1.2,0.7,1.1,1*2F
$GPGSA,M,3,03,04,16,26,27,29,31,,,,,,1.2,0.7,1.1,1*2F
$GPGSA,M,3,03,04,16,26,27,29,31,,,,,,1.2,0.7,1.1,1*2F
$GPGSA,M,3,03,04,16,26,27,29,31,,,,,,1.2,0.6,1.1,1*2E
$GPGSA,M,3,03,04,16,26,27,29,31,,,,,,1.2,0.6,1.1,1*2E
$GPGSA,M,3,03,04,16,26,27,29,31,,,,,,1.2,0.6,1.1,1*2E
$GPGSA,M,3,03,04,16,26,27,29,31,,,,,,1.2,0.6,1.1,1*2E
$GPGSA,M,3,03,04,16,26,27,29,31,,,,,,1.2,0.6,1.1,1*2E
$GPGSA,M,3,03,04,16,26,27,29,31,,,,,,1.2,0.6,1.1,1*2E
$GPGSA,M,3,03,04,16,26,27,29,31,,,,,,1.2,0.6,1.1,1*2E
$GPGSA,M,3,03,04,16,26,27,29,31,,,,,,1.2,0.6,1.1,1*2E
$GPGSA,M,3,03,04,16,26,27,29,31,,,,,,1.2,0.6,1.1,1*2E
$GPGSA,M,3,03,04,16,26,27,29,31,,,,,,1.2,0.6,1.1,1*2E
$GPGSA,M,3,03,04,16,26,27,29,31,,,,,,1.2,0.7,1.1,1*2F
$GPGSA,M,3,03,04,16,26,27,29,31,,,,,,1.2,0.7,1.1,1*2F
$GPGSA,M,3,03,04,16,26,27,29,31,,,,,,1.2,0.7,1.1,1*2F
$GPGSA,M,3,03,04,16,26,27,29,31,,,,,,1.2,0.7,1.1,1*2F
$GPGSA,M,3,03,04,16,26,27,29,31,,,,,,1.2,0.7,1.1,1*2F
$GPGSA,M,3,03,04,16,26,27,29,31,,,,,,1.2,0.7,1.1,1*2F
$GPGSA,M,3,03,04,16,26,27,29,31,,,,,,1.2,0.7,1.1,1*2F
$GPGSA,M,3,03,04,16,26,27,29,31,,,,,,1.2,0.7,1.1,1*2F
$GPGSA,M,3,03,04,16,26,27,29,31,,,,,,1.2,0.7,1.1,1*2F
$GPGSA,M,3,03,04,16,26,27,29,31,,,,,,1.2,0.7,1.1,1*2F
$GPGSA,M,3,03,04,16,26,27,29,31,,,,,,1.2,0.7,1.1,1*2F
$GPGSA,M,3,03,04,16,26,27,29,31,,,,,,1.2,0.7,1.1,1*2F
$GPGSA,M,3,03,04,16,26,27,29,31,,,,,,1.2,0.7,1.1,1*2F
$GPGSA,M,3,03,04,16,26,27,29,31,,,,,,1.2,0.7,1.1,1*2F
$GPGSA,M,3,03,04,16,26,27,29,31,,,,,,1.2,0.7,1.1,1*2F
$GPGSA,M,3,03,04,16,26,27,29,31,,,,,,1.2,0.6,1.1,1*2E
$GPGSA,M,3,03,04,16,26,27,29,31,,,,,,1.2,0.6,1.1,1*2E
$GPGSA,M,3,03,04,16,26,27,29,31,,,,,,1.2,0.6,1.1,1*2E
$GPGSA,M,3,03,04,16,26,27,29,31,,,,,,1.2,0.6,1.1,1*2E
$GPGSA,M,3,03,04,16,26,27,29,31,,,,,,1.2,0.6,1.1,1*2E
$GPGSA,M,3,03,04,16,26,27,29,31,,,,,,1.2,0.6,1.0,1*2F
$GPGSA,M,3,03,04,16,26,27,29,31,,,,,,1.2,0.6,1.0,1*2F
$GPGSA,M,3,03,04,16,26,27,29,31,,,,,,1.2,0.6,1.0,1*2F
$GPGSA,M,3,03,04,16,26,27,29,31,,,,,,1.2,0.6,1.0,1*2F
$GPGSA,M,3,03,04,16,26,27,29,31,,,,,,1.2,0.6,1.0,1*2F
$GPGSA,M,3,03,04,16,26,27,29,31,,,,,,1.2,0.6,1.0,1*2F
$GPGSA,M,3,03,04,16,26,27,29,31,,,,,,1.2,0.6,1.0,1*2F
$GPGSA,M,3,03,04,16,26,27,29,31,,,,,,1.2,0.6,1.0,1*2F
$GPGSA,M,3,03,04,16,26,27,29,31,,,,,,1.2,0.6,1.0,1*2F
$GPGSA,M,3,03,04,16,26,27,29,31,,,,,,1.2,0.6,1.0,1*2F
$GPGSA,M,3,03,04,16,26,27,29,31,,,,,,1.3,0.7,1.1,1*2E
$GPGSA,M,3,03,04,16,26,27,29,31,,,,,,1.3,0.7,1.1,1*2E
$GPGSA,M,3,03,04,16,26,27,29,31,,,,,,1.3,0.7,1.1,1*2E
$GPGSA,M,3,03,04,16,26,27,29,31,,,,,,1.3,0.7,1.1,1*2E
$GPGSA,M,3,03,04,16,26,27,29,31,,,,,,1.3,0.7,1.1,1*2E
$GPGSA,M,3,03,04,16,26,27,29,31,,,,,,1.2,0.6,1.0,1*2F
$GPGSA,M,3,03,04,16,26,27,29,31,,,,,,1.2,0.6,1.0,1*2F
$GPGSA,M,3,03,04,16,26,27,29,31,,,,,,1.2,0.6,1.0,1*2F
$GPGSA,M,3,03,04,16,26,27,29,31,,,,,,1.2,0.6,1.0,1*2F
$GPGSA,M,3,03,04,16,26,27,29,31,,,,,,1.2,0.6,1.0,1*2F
$GPGSA,M,3,03,04,16,26,27,29,31,,,,,,1.2,0.6,1.0,1*2F
$GPGSA,M,3,03,04,16,26,27,29,31,,,,,,1.2,0.6,1.0,1*2F
$GPGSA,M,3,03,04,16,26,27,29,31,,,,,,1.2,0.6,1.0,1*2F
$GPGSA,M,3,03,04,16,26,27,29,31,,,,,,1.2,0.6,1.0,1*2F
$GPGSA,M,3,03,04,16,26,27,29,31,,,,,,1.2,0.6,1.0,1*2F
$GPGSA,M,3,03,04,16,26,27,29,31,,,,,,1.2,0.6,1.0,1*2F
$GPGSA,M,3,03,04,16,26,27,29,31,,,,,,1.2,0.6,1.0,1*2F
$GPGSA,M,3,03,04,16,26,27,29,31,,,,,,1.2,0.6,1.0,1*2F
$GPGSA,M,3,03,04,16,26,27,29,31,,,,,,1.2,0.6,1.0,1*2F
$GPGSA,M,3,03,04,16,26,27,29,31,,,,,,1.2,0.6,1.0,1*2F
$GPGSA,M,3,03,04,16,26,27,29,31,,,,,,1.2,0.6,1.0,1*2F
$GPGSA,M,3,03,04,16,26,27,29,31,,,,,,1.2,0.6,1.0,1*2F
$GPGSA,M,3,03,04,16,26,27,29,31,,,,,,1.2,0.6,1.0,1*2F
$GPGSA,M,3,03,04,16,26,27,29,31,,,,,,1.2,0.6,1.0,1*2F
$GPGSA,M,3,03,04,16,26,27,29,31,,,,,,1.2,0.6,1.0,1*2F
$GPGSA,M,3,03,04,16,26,27,29,31,,,,,,1.3,0.7,1.2,1*2D
$GPGSA,M,3,03,04,16,26,27,29,31,,,,,,1.3,0.7,1.2,1*2D
$GPGSA,M,3,03,04,16,26,27,29,31,,,,,,1.3,0.7,1.2,1*2D
$GPGSA,M,3,03,04,16,26,27,29,31,,,,,,1.3,0.7,1.2,1*2D
$GPGSA,M,3,03,04,16,26,27,29,31,,,,,,1.3,0.7,1.2,1*2D
$GPGSA,M,3,03,04,16,26,27,29,31,,,,,,1.3,0.7,1.2,1*2D
$GPGSA,M,3,03,04,16,26,27,29,31,,,,,,1.3,0.7,1.2,1*2D
$GPGSA,M,3,03,04,16,26,27,29,31,,,,,,1.3,0.7,1.2,1*2D
$GPGSA,M,3,03,04,16,26,27,29,31,,,,,,1.3,0.7,1.2,1*2D
$GPGSA,M,3,03,04,16,26,27,29,31,,,,,,1.3,0.7,1.2,1*2D
$GPGSA,M,3,03,04,16,26,27,29,31,,,,,,1.3,0.7,1.1,1*2E
$GPGSA,M,3,03,04,16,26,27,29,31,,,,,,1.3,0.7,1.1,1*2E
$GPGSA,M,3,03,04,16,26,27,29,31,,,,,,1.3,0.7,1.1,1*2E
$GPGSA,M,3,03,04,16,26,27,29,31,,,,,,1.3,0.7,1.1,1*2E
$GPGSA,M,3,03,04,16,26,27,29,31,,,,,,1.3,0.7,1.1,1*2E
$GPGSA,M,3,03,04,16,26,27,29,31,,,,,,1.2,0.6,1.0,1*2F
$GPGSA,M,3,03,04,16,26,27,29,31,,,,,,1.2,0.6,1.0,1*2F
$GPGSA,M,3,03,04,16,26,27,29,31,,,,,,1.2,0.6,1.0,1*2F
$GPGSA,M,3,03,04,16,26,27,29,31,,,,,,1.2,0.6,1.0,1*2F
$GPGSA,M,3,03,04,16,26,27,29,31,,,,,,1.2,0.6,1.0,1*2F
$GPGSA,M,3,03,04,16,26,27,29,31,,,,,,1.2,0.6,1.0,1*2F
$GPGSA,M,3,03,04,16,26,27,29,31,,,,,,1.2,0.6,1.0,1*2F
$GPGSA,M,3,03,04,16,26,27,29,31,,,,,,1.2,0.6,1.0,1*2F
$GPGSA,M,3,03,04,16,26,27,29,31,,,,,,1.2,0.6,1.0,1*2F
$GPGSA,M,3,03,04,16,26,27,29,31,,,,,,1.2,0.6,1.0,1*2F
$GPGSA,M,3,03,04,16,26,27,29,31,,,,,,1.2,0.7,1.0,1*2E
$GPGSA,M,3,03,04,16,26,27,28,29,31,,,,,1.2,0.7,1.0,1*24
$GPGSA,M,3,03,04,16,26,27,28,29,31,,,,,1.2,0.7,1.0,1*24
$GPGSA,M,3,03,04,16,26,27,28,29,31,,,,,1.2,0.7,1.0,1*24
$GPGSA,M,3,03,04,16,26,27,28,29,31,,,,,1.2,0.7,1.0,1*24
$GPGSA,M,3,03,04,16,26,27,28,29,31,,,,,1.2,0.6,1.0,1*25
$GPGSA,M,3,03,04,16,26,27,28,29,31,,,,,1.2,0.6,1.0,1*25
$GPGSA,M,3,03,04,16,26,27,28,29,31,,,,,1.2,0.6,1.0,1*25
$GPGSA,M,3,03,04,16,26,27,28,29,31,,,,,1.2,0.6,1.0,1*25
$GPGSA,M,3,03,04,16,26,27,28,29,31,,,,,1.2,0.6,1.0,1*25
$GPGSA,M,3,03,04,16,26,27,28,29,31,,,,,1.2,0.6,1.0,1*25
$GPGSA,M,3,03,04,16,26,27,29,31,,,,,,1.2,0.6,1.0,1*2F
$GPGSA,M,3,03,04,16,26,27,29,31,,,,,,1.2,0.6,1.0,1*2F
$GPGSA,M,3,03,04,16,26,27,29,31,,,,,,1.2,0.6,1.0,1*2F
$GPGSA,M,3,03,04,16,26,27,29,31,,,,,,1.2,0.6,1.0,1*2F
$GPGSA,M,3,03,04,16,26,27,29,31,,,,,,1.4,0.7,1.2,1*2A
$GPGSA,M,3,03,04,16,26,27,29,31,,,,,,1.4,0.7,1.2,1*2A
$GPGSA,M,3,03,04,16,26,27,28,29,31,,,,,1.4,0.7,1.2,1*20
$GPGSA,M,3,03,04,16,26,27,28,29,31,,,,,1.4,0.7,1.2,1*20
$GPGSA,M,3,03,04,16,26,27,28,29,31,,,,,1.4,0.7,1.2,1*20
$GPGSA,M,3,03,04,16,26,27,28,29,31,,,,,1.2,0.6,1.0,1*25
$GPGSA,M,3,03,04,16,26,27,28,29,31,,,,,1.2,0.6,1.0,1*25
$GPGSA,M,3,03,04,16,26,27,28,29,31,,,,,1.2,0.6,1.0,1*25
$GPGSA,M,3,03,04,16,26,27,28,29,31,,,,,1.2,0.6,1.0,1*25
$GPGSA,M,3,03,04,16,26,27,28,29,31,,,,,1.2,0.6,1.0,1*25
$GPGSA,M,3,03,04,16,26,27,28,29,31,,,,,1.2,0.7,1.0,1*24
$GPGSA,M,3,03,04,16,26,27,28,29,31,,,,,1.2,0.7,1.0,1*24
$GPGSA,M,3,03,04,16,26,27,28,29,31,,,,,1.2,0.7,1.0,1*24
$GPGSA,M,3,03,04,16,26,27,28,29,31,,,,,1.2,0.7,1.0,1*24
$GPGSA,M,3,03,04,16,26,27,28,29,31,,,,,1.2,0.7,1.0,1*24
$GPGSA,M,3,03,04,16,26,27,28,29,31,,,,,1.2,0.7,1.0,1*24
$GPGSA,M,3,03,04,16,26,27,28,29,31,,,,,1.2,0.7,1.0,1*24
$GPGSA,M,3,03,04,16,26,27,28,29,31,,,,,1.2,0.7,1.0,1*24
$GPGSA,M,3,03,04,16,26,27,28,29,31,,,,,1.2,0.7,1.0,1*24
$GPGSA,M,3,03,04,16,26,27,28,29,31,,,,,1.2,0.7,1.0,1*24
$GPGSA,M,3,03,04,16,26,27,28,29,31,,,,,1.2,0.7,1.0,1*24
$GPGSA,M,3,03,04,16,26,27,28,29,31,,,,,1.2,0.7,1.0,1*24
$GPGSA,M,3,03,04,16,26,27,28,29,31,,,,,1.2,0.7,1.0,1*24
$GPGSA,M,3,03,04,16,26,27,28,29,31,,,,,1.2,0.7,1.0,1*24
$GPGSA,M,3,03,04,16,26,27,28,29,31,,,,,1.2,0.7,1.0,1*24
$GPGSA,M,3,03,04,16,26,27,28,29,31,,,,,1.2,0.7,1.0,1*24
$GPGSA,M,3,03,04,16,26,27,28,29,31,,,,,1.2,0.7,1.0,1*24
$GPGSA,M,3,03,04,16,26,27,28,29,31,,,,,1.2,0.7,1.0,1*24
$GPGSA,M,3,03,04,16,26,27,28,29,31,,,,,1.2,0.7,1.0,1*24
$GPGSA,M,3,03,04,16,26,27,28,29,31,,,,,1.2,0.7,1.0,1*24
$GPGSA,M,3,03,04,16,26,27,28,29,31,,,,,1.4,0.7,1.2,1*20
$GPGSA,M,3,03,04,16,26,27,28,29,31,,,,,1.4,0.7,1.2,1*20
$GPGSA,M,3,03,04,16,26,27,28,29,31,,,,,1.4,0.7,1.2,1*20
$GPGSA,M,3,03,04,16,26,27,28,29,31,,,,,1.4,0.7,1.2,1*20
$GPGSA,M,3,03,04,16,26,27,28,29,31,,,,,1.4,0.7,1.2,1*20
$GPGSA,M,3,03,04,16,26,27,28,29,31,,,,,1.4,0.7,1.2,1*20
$GPGSA,M,3,03,04,16,26,27,28,29,31,,,,,1.4,0.7,1.2,1*20
$GPGSA,M,3,03,04,16,26,27,28,29,31,,,,,1.4,0.7,1.2,1*20
$GPGSA,M,3,03,04,16,26,27,28,29,31,,,,,1.4,0.7,1.2,1*20
$GPGSA,M,3,03,04,16,26,27,28,29,31,,,,,1.4,0.7,1.2,1*20
$GPGSA,M,3,03,04,16,26,27,28,29,31,,,,,1.4,0.7,1.2,1*20
$GPGSA,M,3,03,04,16,26,27,28,29,31,,,,,1.4,0.7,1.2,1*20
$GPGSA,M,3,03,04,16,26,27,28,29,31,,,,,1.4,0.7,1.2,1*20
$GPGSA,M,3,03,04,16,26,27,28,29,31,,,,,1.4,0.7,1.2,1*20
$GPGSA,M,3,03,04,16,26,27,28,29,31,,,,,1.4,0.7,1.2,1*20
$GPGSA,M,3,03,04,16,26,27,28,29,31,,,,,1.2,0.7,1.0,1*24
$GPGSA,M,3,03,04,16,26,27,28,29,31,,,,,1.2,0.7,1.0,1*24
$GPGSA,M,3,03,04,16,26,27,28,29,31,,,,,1.2,0.7,1.0,1*24
$GPGSA,M,3,03,04,16,26,27,28,29,31,,,,,1.2,0.7,1.0,1*24
$GPGSA,M,3,03,04,16,26,27,28,29,31,,,,,1.2,0.7,1.0,1*24
$GPGSA,M,3,03,04,16,26,27,28,29,31,,,,,1.3,0.7,1.1,1*24
$GPGSA,M,3,03,04,16,26,27,28,29,31,,,,,1.3,0.7,1.1,1*24
$GPGSA,M,3,03,04,16,26,27,28,29,31,,,,,1.3,0.7,1.1,1*24
$GPGSA,M,3,03,04,16,26,27,28,29,31,,,,,1.3,0.7,1.1,1*24
$GPGSA,M,3,03,04,16,26,27,28,29,31,,,,,1.3,0.7,1.1,1*24
$GPGSA,M,3,03,04,16,26,27,28,29,31,,,,,1.3,0.7,1.1,1*24
$GPGSA,M,3,03,04,16,26,27,28,29,31,,,,,1.3,0.7,1.1,1*24
$GPGSA,M,3,03,04,16,26,27,28,29,31,,,,,1.3,0.7,1.1,1*24
$GPGSA,M,3,03,04,16,26,27,28,29,31,,,,,1.3,0.7,1.1,1*24
$GPGSA,M,3,03,04,16,26,27,28,29,31,,,,,1.3,0.7,1.1,1*24
$GPGSA,M,3,03,04,16,26,27,28,29,31,,,,,1.4,0.7,1.2,1*20
$GPGSA,M,3,03,04,16,26,27,28,29,31,,,,,1.4,0.7,1.2,1*20
$GPGSA,M,3,03,04,16,26,27,28,29,31,,,,,1.4,0.7,1.2,1*20
$GPGSA,M,3,03,04,16,26,27,28,29,31,,,,,1.4,0.7,1.2,1*20
$GPGSA,M,3,03,04,16,26,27,28,29,31,,,,,1.4,0.7,1.2,1*20
$GPGSA,M,3,03,04,16,26,27,28,29,31,,,,,1.2,0.7,1.0,1*24
$GPGSA,M,3,03,04,16,26,27,28,29,31,,,,,1.2,0.7,1.0,1*24
$GPGSA,M,3,03,04,16,26,27,28,29,31,,,,,1.2,0.7,1.0,1*24
$GPGSA,M,3,03,04,16,26,27,28,29,31,,,,,1.2,0.7,1.0,1*24
$GPGSA,M,3,03,04,16,26,27,28,29,31,,,,,1.2,0.7,1.0,1*24
$GPGSA,M,3,03,04,16,26,27,28,29,31,,,,,1.2,0.7,1.0,1*24
$GPGSA,M,3,03,04,16,26,27,28,29,31,,,,,1.2,0.7,1.0,1*24
$GPGSA,M,3,03,04,16,26,27,28,29,31,,,,,1.2,0.7,1.0,1*24
$GPGSA,M,3,03,04,16,26,27,28,29,31,,,,,1.2,0.7,1.0,1*24
$GPGSA,M,3,03,04,16,26,27,28,29,31,,,,,1.2,0.7,1.0,1*24
$GPGSA,M,3,03,04,16,26,27,28,29,31,,,,,1.2,0.7,1.0,1*24
$GPGSA,M,3,03,04,16,26,27,28,29,31,,,,,1.2,0.7,1.0,1*24
$GPGSA,M,3,03,04,16,26,27,28,29,31,,,,,1.2,0.7,1.0,1*24
$GPGSA,M,3,03,04,16,26,27,28,29,31,,,,,1.2,0.7,1.0,1*24
$GPGSA,M,3,03,04,16,26,27,28,29,31,,,,,1.2,0.7,1.0,1*24
$GPGSA,M,3,03,04,16,26,27,28,29,31,,,,,1.2,0.6,1.0,1*25
$GPGSA,M,3,03,04,16,26,27,28,29,31,,,,,1.2,0.6,1.0,1*25
$GPGSA,M,3,03,04,16,26,27,28,29,31,,,,,1.2,0.6,1.0,1*25
$GPGSA,M,3,03,04,16,26,27,28,29,31,,,,,1.2,0.6,1.0,1*25
$GPGSA,M,3,03,04,16,26,27,28,29,31,,,,,1.2,0.6,1.0,1*25
$GPGSA,M,3,03,04,16,26,27,28,29,31,,,,,1.2,0.6,1.0,1*25
$GPGSA,M,3,03,04,16,26,27,28,29,31,,,,,1.2,0.6,1.0,1*25
$GPGSA,M,3,03,04,16,26,27,28,29,31,,,,,1.2,0.6,1.0,1*25
$GPGSA,M,3,03,04,16,26,27,28,29,31,,,,,1.2,0.6,1.0,1*25
$GPGSA,M,3,03,04,16,26,27,28,29,31,,,,,1.2,0.6,1.0,1*25
$GPGSA,M,3,03,04,16,26,27,28,29,31,,,,,1.2,0.6,1.0,1*25
$GPGSA,M,3,03,04,16,26,27,28,29,31,,,,,1.2,0.6,1.0,1*25
$GPGSA,M,3,03,04,16,26,27,28,29,31,,,,,1.2,0.6,1.0,1*25
$GPGSA,M,3,03,04,16,26,27,28,29,31,,,,,1.2,0.6,1.0,1*25
$GPGSA,M,3,03,04,16,26,27,28,29,31,,,,,1.2,0.6,1.0,1*25
$GPGSA,M,3,03,04,16,26,27,28,29,31,,,,,1.3,0.7,1.1,1*24
$GPGSA,M,3,03,04,16,26,27,28,29,31,,,,,1.3,0.7,1.1,1*24
$GPGSA,M,3,03,04,16,26,27,28,29,31,,,,,1.3,0.7,1.1,1*24
$GPGSA,M,3,03,04,16,26,27,28,29,31,,,,,1.3,0.7,1.1,1*24
$GPGSA,M,3,03,04,16,26,27,28,29,31,,,,,1.3,0.7,1.1,1*24
$GPGSA,M,3,03,04,16,26,27,28,29,31,,,,,1.2,0.7,1.0,1*24
$GPGSA,M,3,03,04,16,26,27,28,29,31,,,,,1.2,0.7,1.0,1*24
$GPGSA,M,3,03,04,16,26,27,28,29,31,,,,,1.2,0.7,1.0,1*24
$GPGSA,M,3,03,04,16,26,27,28,29,31,,,,,1.2,0.7,1.0,1*24
$GPGSA,M,3,03,04,16,26,27,28,29,31,,,,,1.2,0.7,1.0,1*24
$GPGSA,M,3,03,04,16,26,27,28,29,31,,,,,1.2,0.7,1.0,1*24
$GPGSA,M,3,03,04,16,26,27,28,29,31,,,,,1.2,0.7,1.0,1*24
$GPGSA,M,3,03,04,16,26,27,28,29,31,,,,,1.2,0.7,1.0,1*24
$GPGSA,M,3,03,04,16,26,27,28,29,31,,,,,1.2,0.7,1.0,1*24
$GPGSA,M,3,03,04,16,26,27,28,29,31,,,,,1.2,0.7,1.0,1*24
$GPGSA,M,3,03,04,16,26,27,28,29,31,,,,,1.2,0.6,1.0,1*25
$GPGSA,M,3,03,04,16,26,27,28,29,31,,,,,1.2,0.6,1.0,1*25
$GPGSA,M,3,03,04,16,26,27,28,29,31,,,,,1.2,0.6,1.0,1*25
$GPGSA,M,3,03,04,16,26,27,28,29,31,,,,,1.2,0.6,1.0,1*25
$GPGSA,M,3,03,04,16,26,27,28,29,31,,,,,1.2,0.6,1.0,1*25
$GPGSA,M,3,03,04,16,26,27,28,29,31,,,,,1.4,0.7,1.2,1*20
$GPGSA,M,3,03,04,16,26,27,28,29,31,,,,,1.4,0.7,1.2,1*20
$GPGSA,M,3,03,04,16,26,27,28,29,31,,,,,1.4,0.7,1.2,1*20
$GPGSA,M,3,03,04,16,26,27,28,29,31,,,,,1.4,0.7,1.2,1*20
$GPGSA,M,3,03,04,16,26,27,28,29,31,,,,,1.4,0.7,1.2,1*20
$GPGSA,M,3,03,04,16,26,27,28,29,31,,,,,1.3,0.7,1.1,1*24
$GPGSA,M,3,03,04,16,26,27,28,29,31,,,,,1.3,0.7,1.1,1*24
$GPGSA,M,3,03,04,16,26,27,28,29,31,,,,,1.3,0.7,1.1,1*24
$GPGSA,M,3,03,04,16,26,27,28,29,31,,,,,1.3,0.7,1.1,1*24
$GPGSA,M,3,03,04,16,26,27,28,29,31,,,,,1.3,0.7,1.1,1*24
$GPGSA,M,3,03,04,16,26,27,28,29,31,,,,,1.3,0.7,1.1,1*24
$GPGSA,M,3,03,04,16,26,27,28,29,31,,,,,1.3,0.7,1.1,1*24
$GPGSA,M,3,03,04,16,26,27,28,29,31,,,,,1.3,0.7,1.1,1*24
$GPGSA,M,3,03,04,16,26,27,28,29,31,,,,,1.3,0.7,1.1,1*24
$GPGSA,M,3,03,04,16,26,27,28,29,31,,,,,1.3,0.7,1.1,1*24
$GPGSA,M,3,03,04,16,26,27,28,29,31,,,,,1.3,0.7,1.1,1*24
$GPGSA,M,3,03,04,16,26,27,28,29,31,,,,,1.3,0.7,1.1,1*24
$GPGSA,M,3,03,04,16,26,27,28,29,31,,,,,1.3,0.7,1.1,1*24
$GPGSA,M,3,03,04,16,26,27,28,29,31,,,,,1.3,0.7,1.1,1*24
$GPGSA,M,3,03,04,16,26,27,28,29,31,,,,,1.3,0.7,1.1,1*24
$GPGSA,M,3,03,04,16,26,27,28,29,31,,,,,1.3,0.7,1.1,1*24
$GPGSA,M,3,03,04,16,26,27,28,29,31,,,,,1.3,0.7,1.1,1*24
$GPGSA,M,3,03,04,16,26,27,28,29,31,,,,,1.3,0.7,1.1,1*24
$GPGSA,M,3,03,04,16,26,27,28,29,31,,,,,1.3,0.7,1.1,1*24
$GPGSA,M,3,03,04,16,26,27,28,29,31,,,,,1.3,0.7,1.1,1*24
$GPGSA,M,3,03,04,16,26,27,28,29,31,,,,,1.3,0.7,1.1,1*24
$GPGSA,M,3,03,04,16,26,27,28,29,31,,,,,1.3,0.7,1.1,1*24
$GPGSA,M,3,03,04,16,26,27,28,29,31,,,,,1.3,0.7,1.1,1*24
$GPGSA,M,3,03,04,16,26,27,28,29,31,,,,,1.3,0.7,1.1,1*24
$GPGSA,M,3,03,04,16,26,27,28,29,31,,,,,1.3,0.7,1.1,1*24
$GPGSA,M,3,03,04,16,26,27,28,29,31,,,,,1.3,0.6,1.1,1*25
$GPGSA,M,3,03,04,16,26,27,28,29,31,,,,,1.3,0.6,1.1,1*25
$GPGSA,M,3,03,04,16,26,27,28,29,31,,,,,1.3,0.6,1.1,1*25
$GPGSA,M,3,03,04,16,26,27,28,29,31,,,,,1.3,0.6,1.1,1*25
$GPGSA,M,3,03,04,16,26,27,28,29,31,,,,,1.3,0.6,1.1,1*25
$GPGSA,M,3,03,04,16,26,27,28,29,31,,,,,1.3,0.7,1.1,1*24
$GPGSA,M,3,03,04,16,26,27,28,29,31,,,,,1.3,0.7,1.1,1*24
$GPGSA,M,3,03,04,16,26,27,28,29,31,,,,,1.3,0.7,1.1,1*24
$GPGSA,M,3,03,04,16,26,27,28,29,31,,,,,1.3,0.7,1.1,1*24
$GPGSA,M,3,03,04,16,26,28,29,31,,,,,,1.3,0.7,1.1,1*21
$GPGSA,M,3,03,04,16,26,28,29,31,,,,,,1.3,0.7,1.1,1*21
$GPGSA,M,3,03,04,16,26,27,28,29,31,,,,,1.3,0.7,1.1,1*24
$GPGSA,M,3,03,04,16,26,28,29,31,,,,,,1.3,0.7,1.1,1*21
$GPGSA,M,3,03,04,16,26,28,29,31,,,,,,1.3,0.7,1.1,1*21
$GPGSA,M,3,03,04,16,26,27,28,29,31,,,,,1.3,0.7,1.1,1*24
$GPGSA,M,3,03,04,16,26,27,28,29,31,,,,,1.3,0.7,1.1,1*24
$GPGSA,M,3,03,04,16,26,27,28,29,31,,,,,1.3,0.7,1.1,1*24
$GPGSA,M,3,03,04,16,26,27,28,29,31,,,,,1.3,0.7,1.1,1*24
$GPGSA,M,3,03,04,16,26,27,28,29,31,,,,,1.3,0.7,1.1,1*24
$GPGSA,M,3,03,04,16,26,28,29,31,,,,,,1.3,0.7,1.1,1*21
$GPGSA,M,3,03,04,16,26,28,29,31,,,,,,1.3,0.7,1.1,1*21
$GPGSA,M,3,03,04,16,26,27,28,29,31,,,,,1.3,0.7,1.1,1*24
$GPGSA,M,3,03,04,16,26,27,28,29,31,,,,,1.3,0.7,1.1,1*24
$GPGSA,M,3,03,04,16,26,27,28,29,31,,,,,1.3,0.7,1.1,1*24
$GPGSA,M,3,03,04,16,26,27,28,29,31,,,,,1.3,0.7,1.1,1*24
$GPGSA,M,3,03,04,16,26,27,28,29,31,,,,,1.3,0.7,1.1,1*24
$GPGSA,M,3,03,04,16,26,27,28,29,31,,,,,1.3,0.7,1.1,1*24
$GPGSA,M,3,03,04,16,26,27,28,29,31,,,,,1.3,0.7,1.1,1*24
$GPGSA,M,3,03,04,16,26,27,28,29,31,,,,,1.3,0.7,1.1,1*24
$GPGSA,M,3,03,04,16,26,27,28,29,31,,,,,1.3,0.7,1.1,1*24
$GPGSA,M,3,03,04,16,26,27,28,29,31,,,,,1.4,0.7,1.2,1*20
$GPGSA,M,3,03,04,16,26,27,28,29,31,,,,,1.4,0.7,1.2,1*20
$GPGSA,M,3,03,04,16,26,27,28,29,31,,,,,1.4,0.7,1.2,1*20
$GPGSA,M,3,03,04,16,26,27,28,29,31,,,,,1.4,0.7,1.2,1*20
$GPGSA,M,3,03,04,16,26,27,28,29,31,,,,,1.4,0.7,1.2,1*20
$GPGSA,M,3,03,04,16,26,27,28,29,31,,,,,1.4,0.7,1.2,1*20
$GPGSA,M,3,03,04,16,26,27,28,29,31,,,,,1.4,0.7,1.2,1*20
$GPGSA,M,3,03,04,16,26,27,28,29,31,,,,,1.4,0.7,1.2,1*20
$GPGSA,M,3,03,04,16,26,27,28,29,31,,,,,1.4,0.7,1.2,1*20
$GPGSA,M,3,03,04,16,26,27,28,29,31,,,,,1.4,0.7,1.2,1*20
$GPGSA,M,3,03,04,16,26,27,28,29,31,,,,,1.4,0.7,1.2,1*20
$GPGSA,M,3,03,04,16,26,27,28,29,31,,,,,1.4,0.7,1.2,1*20
$GPGSA,M,3,03,04,16,26,27,28,29,31,,,,,1.4,0.7,1.2,1*20
$GPGSA,M,3,03,04,16,26,27,28,29,31,,,,,1.4,0.7,1.2,1*20
$GPGSA,M,3,03,04,16,26,27,28,29,31,,,,,1.4,0.7,1.2,1*20
$GPGSA,M,3,03,04,16,26,27,28,29,31,,,,,1.4,0.7,1.2,1*20
$GPGSA,M,3,03,04,16,26,27,28,29,31,,,,,1.4,0.7,1.2,1*20
$GPGSA,M,3,03,04,16,26,27,28,29,31,,,,,1.4,0.7,1.2,1*20
$GPGSA,M,3,03,04,16,26,27,28,29,31,,,,,1.4,0.7,1.2,1*20
$GPGSA,M,3,03,04,16,26,27,28,29,31,,,,,1.4,0.7,1.2,1*20
$GPGSA,M,3,03,04,16,26,27,28,29,31,,,,,1.4,0.7,1.2,1*20
$GPGSA,M,3,03,04,16,26,27,28,29,31,,,,,1.4,0.7,1.2,1*20
$GPGSA,M,3,03,04,16,26,27,28,29,31,,,,,1.4,0.7,1.2,1*20
$GPGSA,M,3,03,04,16,26,27,28,29,31,,,,,1.4,0.7,1.2,1*20
$GPGSA,M,3,03,04,16,26,27,28,29,31,,,,,1.4,0.7,1.2,1*20
$GPGSA,M,3,03,04,16,26,27,28,29,31,,,,,1.4,0.7,1.2,1*20
$GPGSA,M,3,03,04,16,26,27,28,29,31,,,,,1.4,0.7,1.2,1*20
$GPGSA,M,3,03,04,16,26,27,28,29,31,,,,,1.4,0.7,1.2,1*20
$GPGSA,M,3,03,04,16,26,27,28,29,31,,,,,1.4,0.7,1.2,1*20
$GPGSA,M,3,03,04,16,26,27,28,29,31,,,,,1.4,0.7,1.2,1*20
$GPGSA,M,3,03,04,16,26,27,28,29,31,,,,,1.4,0.7,1.2,1*20
$GPGSA,M,3,03,04,16,26,27,28,29,31,,,,,1.4,0.7,1.2,1*20
$GPGSA,M,3,03,04,16,26,27,28,29,31,,,,,1.4,0.7,1.2,1*20
$GPGSA,M,3,03,04,16,26,27,28,29,31,,,,,1.4,0.7,1.2,1*20
$GPGSA,M,3,03,04,16,26,27,28,29,31,,,,,1.4,0.7,1.2,1*20
$GPGSA,M,3,03,04,16,26,27,28,29,31,,,,,1.4,0.7,1.2,1*20
$GPGSA,M,3,03,04,16,26,27,28,29,31,,,,,1.4,0.7,1.2,1*20
$GPGSA,M,3,03,04,16,26,27,28,29,31,,,,,1.4,0.7,1.2,1*20
$GPGSA,M,3,03,04,16,26,27,28,29,31,,,,,1.4,0.7,1.2,1*20
$GPGSA,M,3,03,04,16,26,27,28,29,31,,,,,1.4,0.7,1.2,1*20
$GPGSA,M,3,03,04,16,26,27,28,29,31,,,,,1.3,0.7,1.1,1*24
$GPGSA,M,3,03,04,16,26,27,28,29,31,,,,,1.3,0.7,1.1,1*24
$GPGSA,M,3,03,04,16,26,27,28,29,31,,,,,1.3,0.7,1.1,1*24
$GPGSA,M,3,03,04,16,26,27,28,29,31,,,,,1.3,0.7,1.1,1*24
$GPGSA,M,3,03,04,16,26,27,28,29,31,,,,,1.3,0.7,1.1,1*24
$GPGSA,M,3,03,04,16,26,27,28,29,31,,,,,1.3,0.7,1.1,1*24
$GPGSA,M,3,03,04,16,26,27,28,29,31,,,,,1.3,0.7,1.1,1*24
$GPGSA,M,3,03,04,16,26,27,28,29,31,,,,,1.3,0.7,1.1,1*24
$GPGSA,M,3,03,04,16,26,27,28,29,31,,,,,1.3,0.7,1.1,1*24
$GPGSA,M,3,03,04,16,26,27,28,29,31,,,,,1.3,0.7,1.1,1*24
$GPGSA,M,3,03,04,16,26,27,28,29,31,,,,,1.3,0.7,1.1,1*24
$GPGSA,M,3,03,04,16,26,27,28,29,31,,,,,1.3,0.7,1.1,1*24
$GPGSA,M,3,03,04,16,26,27,28,29,31,,,,,1.3,0.7,1.1,1*24
$GPGSA,M,3,03,04,16,26,27,28,29,31,,,,,1.3,0.7,1.1,1*24
$GPGSA,M,3,03,04,16,26,27,28,29,31,,,,,1.3,0.7,1.1,1*24
$GPGSA,M,3,03,04,16,26,27,28,29,31,,,,,1.3,0.7,1.1,1*24
$GPGSA,M,3,03,04,16,26,27,28,29,31,,,,,1.3,0.7,1.1,1*24
$GPGSA,M,3,03,04,16,26,27,28,29,31,,,,,1.3,0.7,1.1,1*24
$GPGSA,M,3,03,04,16,26,27,28,29,31,,,,,1.3,0.7,1.1,1*24
$GPGSA,M,3,03,04,16,26,27,28,29,31,,,,,1.3,0.7,1.1,1*24
$GPGSA,M,3,03,04,16,26,27,28,29,31,,,,,1.3,0.7,1.1,1*24
$GPGSA,M,3,03,04,16,26,27,28,29,31,,,,,1.3,0.7,1.1,1*24
$GPGSA,M,3,03,04,16,26,27,28,29,31,,,,,1.3,0.7,1.1,1*24
$GPGSA,M,3,03,04,16,26,27,28,29,31,,,,,1.3,0.7,1.1,1*24
$GPGSA,M,3,03,04,16,26,27,28,29,31,,,,,1.3,0.7,1.1,1*24
$GPGSA,M,3,03,04,16,26,27,28,29,31,,,,,1.3,0.7,1.1,1*24
$GPGSA,M,3,03,04,16,26,27,28,29,31,,,,,1.3,0.7,1.1,1*24
$GPGSA,M,3,03,04,16,26,27,28,29,31,,,,,1.3,0.7,1.1,1*24
$GPGSA,M,3,03,04,16,26,27,28,29,31,,,,,1.3,0.7,1.1,1*24
$GPGSA,M,3,03,04,16,26,27,28,29,31,,,,,1.3,0.7,1.1,1*24
$GPGSA,M,3,03,04,16,26,27,28,29,31,,,,,1.3,0.7,1.1,1*24
$GPGSA,M,3,03,04,16,26,27,28,29,31,,,,,1.3,0.7,1.1,1*24
$GPGSA,M,3,03,04,16,26,27,28,29,31,,,,,1.3,0.7,1.1,1*24
$GPGSA,M,3,03,04,16,26,27,28,29,31,,,,,1.3,0.7,1.1,1*24
$GPGSA,M,3,03,04,16,26,27,28,29,31,,,,,1.3,0.7,1.1,1*24
$GPGSA,M,3,03,04,16,26,27,28,29,31,,,,,1.3,0.7,1.1,1*24
$GPGSA,M,3,03,04,16,26,27,28,29,31,,,,,1.3,0.7,1.1,1*24
$GPGSA,M,3,03,04,16,26,27,28,29,31,,,,,1.3,0.7,1.1,1*24
$GPGSA,M,3,03,04,16,26,27,28,29,31,,,,,1.3,0.7,1.1,1*24
$GPGSA,M,3,03,04,16,26,27,28,29,31,,,,,1.3,0.7,1.1,1*24
$GPGSA,M,3,03,04,16,26,27,28,29,31,,,,,1.3,0.7,1.1,1*24
$GPGSA,M,3,03,04,16,26,27,28,29,31,,,,,1.3,0.7,1.1,1*24
$GPGSA,M,3,03,04,16,26,27,28,29,31,,,,,1.3,0.7,1.1,1*24
$GPGSA,M,3,03,04,16,26,27,28,29,31,,,,,1.3,0.7,1.1,1*24
$GPGSA,M,3,03,04,16,26,27,28,29,31,,,,,1.3,0.7,1.1,1*24
$GPGSA,M,3,03,04,16,26,27,28,29,31,,,,,1.3,0.7,1.1,1*24
$GPGSA,M,3,03,04,16,26,27,28,29,31,,,,,1.3,0.7,1.1,1*24
$GPGSA,M,3,03,04,16,26,27,28,29,31,,,,,1.3,0.7,1.1,1*24
$GPGSA,M,3,03,04,16,26,27,28,29,31,,,,,1.3,0.7,1.1,1*24
$GPGSA,M,3,03,04,16,26,27,28,29,31,,,,,1.3,0.7,1.1,1*24
$GPGSA,M,3,03,04,16,26,27,28,29,31,,,,,1.3,0.7,1.1,1*24
$GPGSA,M,3,03,04,16,26,27,28,29,31,,,,,1.3,0.7,1.1,1*24
$GPGSA,M,3,03,04,16,26,27,28,29,31,,,,,1.3,0.7,1.1,1*24
$GPGSA,M,3,03,04,16,26,27,28,29,31,,,,,1.3,0.7,1.1,1*24
$GPGSA,M,3,03,04,16,26,27,28,29,31,,,,,1.3,0.7,1.1,1*24
$GPGSA,M,3,03,04,16,26,27,28,29,31,,,,,1.3,0.7,1.1,1*24
$GPGSA,M,3,03,04,16,26,27,28,29,31,,,,,1.3,0.7,1.1,1*24
$GPGSA,M,3,03,04,16,26,27,28,29,31,,,,,1.3,0.7,1.1,1*24
$GPGSA,M,3,03,04,16,26,27,28,29,31,,,,,1.3,0.7,1.1,1*24
$GPGSA,M,3,03,04,16,26,27,28,29,31,,,,,1.3,0.7,1.1,1*24
$GPGSA,M,3,03,04,16,26,27,28,29,31,,,,,1.3,0.7,1.1,1*24
$GPGSA,M,3,03,04,16,26,27,28,29,31,,,,,1.3,0.7,1.1,1*24
$GPGSA,M,3,03,04,16,26,27,28,29,31,,,,,1.3,0.7,1.1,1*24
$GPGSA,M,3,03,04,16,26,27,28,29,31,,,,,1.3,0.7,1.1,1*24
$GPGSA,M,3,03,04,16,26,27,28,29,31,,,,,1.3,0.7,1.1,1*24
$GPGSA,M,3,03,04,16,26,27,28,29,31,,,,,1.3,0.7,1.1,1*24
$GPGSA,M,3,03,04,16,26,27,28,29,31,,,,,1.3,0.7,1.1,1*24
$GPGSA,M,3,03,04,16,26,27,28,29,31,,,,,1.3,0.7,1.1,1*24
$GPGSA,M,3,03,04,16,26,27,28,29,31,,,,,1.3,0.7,1.1,1*24
$GPGSA,M,3,03,04,16,26,27,28,29,31,,,,,1.3,0.7,1.1,1*24
$GPGSA,M,3,03,04,16,26,27,28,29,31,,,,,1.3,0.7,1.1,1*24
$GPGSA,M,3,03,04,16,26,27,28,29,31,,,,,1.3,0.7,1.1,1*24
$GPGSA,M,3,03,04,16,26,27,28,29,31,,,,,1.3,0.7,1.1,1*24
$GPGSA,M,3,03,04,16,26,27,28,29,31,,,,,1.3,0.7,1.1,1*24
$GPGSA,M,3,03,04,16,26,27,28,29,31,,,,,1.3,0.7,1.1,1*24
$GPGSA,M,3,03,04,16,26,27,28,29,31,,,,,1.3,0.7,1.1,1*24
$GPGSA,M,3,03,04,16,26,27,28,29,31,,,,,1.3,0.7,1.1,1*24
$GPGSA,M,3,03,04,16,26,27,28,29,31,,,,,1.3,0.7,1.1,1*24
$GPGSA,M,3,03,04,16,26,27,28,29,31,,,,,1.3,0.7,1.1,1*24
$GPGSA,M,3,03,04,16,26,27,28,29,31,,,,,1.3,0.7,1.1,1*24
$GPGSA,M,3,03,04,16,26,27,28,29,31,,,,,1.3,0.7,1.1,1*24
$GPGSA,M,3,03,04,16,26,27,28,29,31,,,,,1.3,0.7,1.1,1*24
$GPGSA,M,3,03,04,16,26,27,28,29,31,,,,,1.3,0.7,1.1,1*24
$GPGSA,M,3,03,04,16,26,27,28,29,31,,,,,1.3,0.7,1.1,1*24
$GPGSA,M,3,03,04,16,26,27,28,29,31,,,,,1.3,0.7,1.1,1*24
$GPGSA,M,3,03,04,16,26,27,28,29,31,,,,,1.3,0.7,1.1,1*24
$GPGSA,M,3,03,04,16,26,27,28,29,31,,,,,1.3,0.7,1.1,1*24
$GPGSA,M,3,03,04,16,26,27,28,29,31,,,,,1.3,0.7,1.1,1*24
$GPGSA,M,3,03,04,16,26,27,28,29,31,,,,,1.3,0.7,1.1,1*24
$GPGSA,M,3,03,04,16,26,27,28,29,31,,,,,1.3,0.7,1.1,1*24
$GPGSA,M,3,03,04,16,26,27,28,29,31,,,,,1.3,0.7,1.1,1*24
$GPGSA,M,3,03,04,16,26,27,28,29,31,,,,,1.3,0.7,1.1,1*24
$GPGSA,M,3,03,04,16,26,27,28,29,31,,,,,1.3,0.7,1.1,1*24
$GPGSA,M,3,03,04,16,26,27,28,29,31,,,,,1.3,0.7,1.1,1*24
$GPGSA,M,3,03,04,16,26,27,28,29,31,,,,,1.3,0.7,1.1,1*24
$GPGSA,M,3,03,04,16,26,27,28,29,31,,,,,1.3,0.7,1.1,1*24
$GPGSA,M,3,03,04,16,26,27,28,29,31,,,,,1.3,0.7,1.1,1*24
$GPGSA,M,3,03,04,16,26,27,28,29,31,,,,,1.3,0.7,1.1,1*24
$GPGSA,M,3,03,04,16,26,27,28,29,31,,,,,1.3,0.7,1.1,1*24
$GPGSA,M,3,03,04,16,26,27,28,29,31,,,,,1.3,0.7,1.1,1*24
$GPGSA,M,3,03,04,16,26,27,28,29,31,,,,,1.3,0.7,1.1,1*24
$GPGSA,M,3,03,04,16,26,27,28,29,31,,,,,1.3,0.7,1.1,1*24
$GPGSA,M,3,03,04,16,26,27,28,29,31,,,,,1.3,0.7,1.1,1*24
$GPGSA,M,3,03,04,16,26,27,28,29,31,,,,,1.3,0.7,1.1,1*24
$GPGSA,M,3,03,04,16,26,27,28,29,31,,,,,1.3,0.7,1.1,1*24
$GPGSA,M,3,03,04,16,26,27,28,29,31,,,,,1.3,0.7,1.1,1*24
$GPGSA,M,3,03,04,16,26,27,28,29,31,,,,,1.3,0.7,1.1,1*24
$GPGSA,M,3,03,04,16,26,27,28,29,31,,,,,1.3,0.7,1.1,1*24
$GPGSA,M,3,03,04,16,26,27,28,29,31,,,,,1.3,0.7,1.1,1*24
$GPGSA,M,3,03,04,16,26,27,28,29,31,,,,,1.3,0.7,1.1,1*24
$GPGSA,M,3,03,04,16,26,27,28,29,31,,,,,1.3,0.7,1.1,1*24
$GPGSA,M,3,03,04,16,26,27,28,29,31,,,,,1.3,0.7,1.1,1*24
$GPGSA,M,3,03,04,16,26,27,28,29,31,,,,,1.3,0.7,1.1,1*24
$GPGSA,M,3,03,04,16,26,27,28,29,31,,,,,1.3,0.7,1.1,1*24
$GPGSA,M,3,03,04,16,26,27,28,29,31,,,,,1.3,0.7,1.1,1*24
$GPGSA,M,3,03,04,16,26,27,28,29,31,,,,,1.3,0.7,1.1,1*24
$GPGSA,M,3,03,04,16,26,27,28,29,31,,,,,1.3,0.7,1.1,1*24
$GPGSA,M,3,03,04,16,26,27,28,29,31,,,,,1.3,0.7,1.1,1*24
$GPGSA,M,3,03,04,16,26,27,28,29,31,,,,,1.3,0.7,1.1,1*24
$GPGSA,M,3,03,04,16,26,27,28,29,31,,,,,1.3,0.7,1.1,1*24
$GPGSA,M,3,03,04,16,26,27,28,29,31,,,,,1.3,0.7,1.1,1*24
$GPGSA,M,3,03,04,16,26,27,28,29,31,,,,,1.3,0.7,1.1,1*24
$GPGSA,M,3,03,04,16,26,27,28,29,31,,,,,1.3,0.7,1.1,1*24
$GPGSA,M,3,03,04,16,26,27,28,29,31,,,,,1.3,0.7,1.1,1*24
$GPGSA,M,3,03,04,16,26,27,28,29,31,,,,,1.3,0.7,1.1,1*24
$GPGSA,M,3,03,04,16,26,27,28,29,31,,,,,1.3,0.7,1.1,1*24
$GPGSA,M,3,03,04,16,26,27,28,29,31,,,,,1.3,0.7,1.1,1*24
$GPGSA,M,3,03,04,16,26,27,28,29,31,,,,,1.3,0.7,1.1,1*24
$GPGSA,M,3,03,04,16,26,27,28,29,31,,,,,1.3,0.7,1.1,1*24
$GPGSA,M,3,03,04,16,26,27,28,29,31,,,,,1.3,0.7,1.1,1*24
$GPGSA,M,3,03,04,16,26,27,28,29,31,,,,,1.3,0.7,1.1,1*24
$GPGSA,M,3,03,04,16,26,27,28,29,31,,,,,1.3,0.7,1.1,1*24
$GPGSA,M,3,03,04,16,26,27,28,29,31,,,,,1.3,0.7,1.1,1*24
$GPGSA,M,3,03,04,16,26,27,28,29,31,,,,,1.3,0.7,1.1,1*24
$GPGSA,M,3,03,04,16,26,27,28,29,31,,,,,1.3,0.7,1.1,1*24
$GPGSA,M,3,03,04,16,26,27,28,29,31,,,,,1.3,0.7,1.1,1*24
$GPGSA,M,3,03,04,16,26,27,28,29,31,,,,,1.3,0.7,1.1,1*24
$GPGSA,M,3,03,04,16,26,27,28,29,31,,,,,1.3,0.7,1.1,1*24
$GPGSA,M,3,03,04,16,26,27,28,29,31,,,,,1.3,0.7,1.1,1*24
$GPGSA,M,3,03,04,16,26,27,28,29,31,,,,,1.3,0.7,1.1,1*24
$GPGSA,M,3,03,04,16,26,27,28,29,31,,,,,1.3,0.7,1.1,1*24
$GPGSA,M,3,03,04,16,26,27,28,29,31,,,,,1.3,0.7,1.1,1*24
$GPGSA,M,3,03,04,16,26,27,28,29,31,,,,,1.3,0.7,1.1,1*24
$GPGSA,M,3,03,04,16,26,27,28,29,31,,,,,1.3,0.7,1.1,1*24
$GPGSA,M,3,03,04,16,26,27,28,29,31,,,,,1.3,0.7,1.1,1*24
$GPGSA,M,3,03,04,16,26,27,28,29,31,,,,,1.3,0.7,1.1,1*24
$GPGSA,M,3,03,04,16,26,27,28,29,31,,,,,1.3,0.7,1.1,1*24
$GPGSA,M,3,03,04,16,26,27,28,29,31,,,,,1.3,0.7,1.1,1*24
$GPGSA,M,3,03,04,16,26,27,28,29,31,,,,,1.3,0.7,1.1,1*24
$GPGSA,M,3,03,04,16,26,27,28,29,31,,,,,1.3,0.7,1.1,1*24
$GPGSA,M,3,03,04,16,26,27,28,29,31,,,,,1.3,0.7,1.1,1*24
$GPGSA,M,3,03,04,16,26,27,28,29,31,,,,,1.3,0.7,1.1,1*24
$GPGSA,M,3,03,04,16,26,27,28,29,31,,,,,1.3,0.7,1.1,1*24
$GPGSA,M,3,03,04,16,26,27,28,29,31,,,,,1.3,0.7,1.1,1*24
$GPGSA,M,3,03,04,16,26,27,28,29,31,,,,,1.3,0.7,1.1,1*24
$GPGSA,M,3,03,04,16,26,27,28,29,31,,,,,1.3,0.7,1.1,1*24
$GPGSA,M,3,03,04,16,26,27,28,29,31,,,,,1.3,0.7,1.1,1*24
$GPGSA,M,3,03,04,16,26,27,28,29,31,,,,,1.3,0.7,1.1,1*24
$GPGSA,M,3,03,04,16,26,27,28,29,31,,,,,1.3,0.7,1.1,1*24
$GPGSA,M,3,03,04,16,26,27,28,29,31,,,,,1.3,0.7,1.1,1*24
$GPGSA,M,3,03,04,16,26,27,28,29,31,,,,,1.3,0.7,1.1,1*24
$GPGSA,M,3,03,04,16,26,27,28,29,31,,,,,1.3,0.7,1.1,1*24
$GPGSA,M,3,03,04,16,26,27,28,29,31,,,,,1.3,0.7,1.1,1*24
$GPGSA,M,3,03,04,16,26,27,28,29,31,,,,,1.3,0.7,1.1,1*24
$GPGSA,M,3,03,04,16,26,27,28,29,31,,,,,1.3,0.7,1.1,1*24
$GPGSA,M,3,03,04,16,26,27,28,29,31,,,,,1.3,0.7,1.1,1*24
$GPGSA,M,3,03,04,16,26,27,28,29,31,,,,,1.3,0.7,1.1,1*24
$GPGSA,M,3,03,04,16,26,27,28,29,31,,,,,1.3,0.7,1.1,1*24
$GPGSA,M,3,03,04,16,26,27,28,29,31,,,,,1.3,0.7,1.1,1*24
$GPGSA,M,3,03,04,16,26,27,28,29,31,,,,,1.3,0.7,1.1,1*24
$GPGSA,M,3,03,04,16,26,27,28,29,31,32,,,,1.3,0.7,1.1,1*25
$GPGSA,M,3,03,04,16,26,27,28,29,31,,,,,1.3,0.7,1.1,1*24
$GPGSA,M,3,03,04,16,26,27,28,29,31,,,,,1.3,0.7,1.1,1*24
$GPGSA,M,3,03,04,16,26,27,28,29,31,,,,,1.3,0.7,1.1,1*24
$GPGSA,M,3,03,04,16,26,27,28,29,31,,,,,1.3,0.7,1.1,1*24
$GPGSA,M,3,03,04,16,26,27,28,29,31,,,,,1.4,0.7,1.2,1*20
$GPGSA,M,3,03,04,16,26,27,28,29,31,,,,,1.4,0.7,1.2,1*20
$GPGSA,M,3,03,04,16,26,27,28,29,31,,,,,1.4,0.7,1.2,1*20
$GPGSA,M,3,03,04,16,26,27,28,29,31,,,,,1.4,0.7,1.2,1*20
$GPGSA,M,3,03,04,16,26,27,28,29,31,,,,,1.4,0.7,1.2,1*20
$GPGSA,M,3,03,04,16,26,27,28,29,31,,,,,1.4,0.7,1.2,1*20
$GPGSA,M,3,03,04,16,26,27,28,29,31,,,,,1.4,0.7,1.2,1*20
$GPGSA,M,3,03,04,16,26,27,28,29,31,,,,,1.4,0.7,1.2,1*20
$GPGSA,M,3,03,04,16,26,27,28,29,31,,,,,1.4,0.7,1.2,1*20
$GPGSA,M,3,03,04,16,26,27,28,29,31,,,,,1.4,0.7,1.2,1*20
$GPGSA,M,3,03,04,16,26,27,28,29,31,,,,,1.3,0.7,1.1,1*24
$GPGSA,M,3,03,04,16,26,27,28,29,31,,,,,1.3,0.7,1.1,1*24
$GPGSA,M,3,03,04,16,26,27,28,29,31,,,,,1.3,0.7,1.1,1*24
$GPGSA,M,3,03,04,16,26,27,28,29,31,,,,,1.3,0.7,1.1,1*24
$GPGSA,M,3,03,04,16,26,27,28,29,31,,,,,1.3,0.7,1.1,1*24
$GPGSA,M,3,03,04,16,26,27,28,29,31,,,,,1.3,0.7,1.1,1*24
$GPGSA,M,3,03,04,16,26,27,28,29,31,,,,,1.3,0.7,1.1,1*24
$GPGSA,M,3,03,04,16,26,27,28,29,31,,,,,1.3,0.7,1.1,1*24
$GPGSA,M,3,03,04,16,26,27,28,29,31,,,,,1.3,0.7,1.1,1*24
$GPGSA,M,3,03,04,16,26,27,28,29,31,,,,,1.3,0.7,1.1,1*24
$GPGSA,M,3,03,04,16,26,27,28,29,31,,,,,1.3,0.7,1.1,1*24
$GPGSA,M,3,03,04,16,26,27,28,29,31,,,,,1.3,0.7,1.1,1*24
$GPGSA,M,3,03,04,16,26,27,28,29,31,,,,,1.3,0.7,1.1,1*24
$GPGSA,M,3,03,04,16,26,27,28,29,31,,,,,1.3,0.7,1.1,1*24
$GPGSA,M,3,03,04,16,26,27,28,29,31,,,,,1.3,0.7,1.1,1*24
$GPGSA,M,3,03,04,16,26,27,28,29,31,,,,,1.3,0.7,1.1,1*24
$GPGSA,M,3,03,04,16,26,27,28,29,31,,,,,1.3,0.7,1.1,1*24
$GPGSA,M,3,03,04,16,26,28,29,31,,,,,,1.3,0.7,1.1,1*21
$GPGSA,M,3,03,04,16,26,28,29,31,,,,,,1.3,0.7,1.1,1*21
$GPGSA,M,3,03,04,16,26,27,28,29,31,,,,,1.3,0.7,1.1,1*24
$GPGSA,M,3,03,04,16,26,27,28,29,31,,,,,1.3,0.7,1.1,1*24
$GPGSA,M,3,03,04,16,26,27,28,29,31,,,,,1.3,0.7,1.1,1*24
$GPGSA,M,3,03,04,16,26,27,28,29,31,,,,,1.3,0.7,1.1,1*24
$GPGSA,M,3,03,04,16,26,27,28,29,31,,,,,1.3,0.7,1.1,1*24
$GPGSA,M,3,03,04,16,26,27,28,29,31,,,,,1.3,0.7,1.1,1*24
$GPGSA,M,3,03,04,16,26,27,28,29,31,,,,,1.3,0.7,1.1,1*24
$GPGSA,M,3,03,04,16,26,27,28,29,31,,,,,1.3,0.7,1.1,1*24
$GPGSA,M,3,03,04,16,26,27,28,29,31,,,,,1.3,0.7,1.1,1*24
$GPGSA,M,3,03,04,16,26,27,28,29,31,,,,,1.3,0.7,1.1,1*24
$GPGSA,M,3,03,04,16,26,27,28,29,31,,,,,1.3,0.7,1.1,1*24
$GPGSA,M,3,03,04,16,26,28,29,31,,,,,,1.3,0.7,1.1,1*21
$GPGSA,M,3,03,04,16,26,28,29,31,,,,,,1.3,0.7,1.1,1*21
$GPGSA,M,3,03,04,16,26,27,28,29,31,,,,,1.3,0.7,1.1,1*24
$GPGSA,M,3,03,04,16,26,28,29,31,,,,,,1.3,0.7,1.1,1*21
$GPGSA,M,3,03,04,16,26,28,29,31,,,,,,1.3,0.7,1.1,1*21
$GPGSA,M,3,03,04,16,26,27,28,29,31,,,,,1.3,0.7,1.1,1*24
$GPGSA,M,3,03,04,16,26,27,28,29,31,,,,,1.3,0.7,1.1,1*24
$GPGSA,M,3,03,04,16,26,27,28,29,31,,,,,1.3,0.7,1.1,1*24
$GPGSA,M,3,03,04,16,26,27,28,29,31,,,,,1.3,0.7,1.1,1*24
$GPGSA,M,3,03,04,16,26,27,28,29,31,,,,,1.3,0.7,1.1,1*24
$GPGSA,M,3,03,04,16,26,27,28,29,31,,,,,1.3,0.7,1.1,1*24
$GPGSA,M,3,03,04,16,26,27,28,29,31,,,,,1.3,0.7,1.1,1*24
$GPGSA,M,3,03,04,16,26,27,28,29,31,,,,,1.3,0.7,1.1,1*24
$GPGSA,M,3,03,04,16,26,27,28,29,31,,,,,1.3,0.7,1.1,1*24
$GPGSA,M,3,03,04,16,26,27,28,29,31,,,,,1.3,0.7,1.1,1*24
$GPGSA,M,3,03,04,16,26,27,28,29,31,,,,,1.3,0.7,1.1,1*24
$GPGSA,M,3,03,04,16,26,27,28,29,31,,,,,1.3,0.7,1.1,1*24
$GPGSA,M,3,03,04,16,26,27,28,29,31,,,,,1.3,0.7,1.1,1*24
$GPGSA,M,3,03,04,16,26,27,28,29,31,,,,,1.3,0.7,1.1,1*24
$GPGSA,M,3,03,04,16,26,27,28,29,31,,,,,1.3,0.7,1.1,1*24
$GPGSA,M,3,03,04,16,26,27,28,29,31,,,,,1.3,0.7,1.1,1*24
$GPGSA,M,3,03,04,16,26,27,28,29,31,,,,,1.3,0.7,1.1,1*24
$GPGSA,M,3,03,04,16,26,27,28,29,31,,,,,1.3,0.7,1.1,1*24
$GPGSA,M,3,03,04,16,26,27,28,29,31,,,,,1.3,0.7,1.1,1*24
$GPGSA,M,3,03,04,16,26,27,28,29,31,,,,,1.3,0.7,1.1,1*24
$GPGSA,M,3,03,04,16,26,27,28,29,31,,,,,1.3,0.7,1.1,1*24
$GPGSA,M,3,03,04,16,26,27,28,29,31,,,,,1.3,0.7,1.1,1*24
$GPGSA,M,3,03,04,16,26,28,29,31,,,,,,1.3,0.7,1.1,1*21
$GPGSA,M,3,03,04,16,26,28,29,31,,,,,,1.3,0.7,1.1,1*21
$GPGSA,M,3,03,04,16,26,28,29,31,,,,,,1.3,0.7,1.1,1*21
$GPGSA,M,3,03,04,16,26,27,28,29,31,32,,,,1.3,0.7,1.1,1*25
$GPGSA,M,3,03,04,16,26,27,28,29,31,,,,,1.3,0.7,1.1,1*24
$GPGSA,M,3,03,04,16,26,27,28,29,31,,,,,1.3,0.7,1.1,1*24
$GPGSA,M,3,03,04,16,26,27,28,29,31,,,,,1.3,0.7,1.1,1*24
$GPGSA,M,3,03,04,16,26,27,28,29,31,,,,,1.3,0.7,1.1,1*24
$GPGSA,M,3,03,04,16,26,27,28,29,31,,,,,1.3,0.7,1.1,1*24
$GPGSA,M,3,03,04,16,26,27,28,29,31,,,,,1.3,0.7,1.1,1*24
$GPGSA,M,3,03,04,16,26,27,28,29,31,,,,,1.3,0.7,1.1,1*24
$GPGSA,M,3,03,04,16,26,27,28,29,31,,,,,1.3,0.7,1.1,1*24
$GPGSA,M,3,03,04,16,26,27,28,29,31,,,,,1.3,0.7,1.1,1*24
$GPGSA,M,3,03,04,16,26,27,28,29,31,,,,,1.3,0.7,1.1,1*24
$GPGSA,M,3,03,04,16,26,27,28,29,31,,,,,1.3,0.7,1.1,1*24
$GPGSA,M,3,03,04,16,26,27,28,29,31,,,,,1.3,0.7,1.1,1*24
$GPGSA,M,3,03,04,16,26,27,28,29,31,,,,,1.3,0.7,1.1,1*24
$GPGSA,M,3,03,04,16,26,27,28,29,31,,,,,1.3,0.7,1.1,1*24
$GPGSA,M,3,03,04,16,26,27,28,29,31,,,,,1.3,0.7,1.1,1*24
$GPGSA,M,3,03,04,16,26,27,28,29,31,,,,,1.3,0.7,1.1,1*24
$GPGSA,M,3,03,04,16,26,27,28,29,31,,,,,1.3,0.7,1.1,1*24
$GPGSA,M,3,03,04,16,26,28,29,31,,,,,,1.3,0.7,1.1,1*21
$GPGSA,M,3,03,04,16,26,28,29,31,,,,,,1.3,0.7,1.1,1*21
$GPGSA,M,3,03,04,16,26,27,28,29,31,,,,,1.3,0.7,1.1,1*24
$GPGSA,M,3,03,04,16,26,27,28,29,31,,,,,1.3,0.7,1.1,1*24
$GPGSA,M,3,03,04,16,26,27,28,29,31,32,,,,1.3,0.7,1.1,1*25
$GPGSA,M,3,03,04,16,26,27,28,29,31,32,,,,1.3,0.7,1.1,1*25
$GPGSA,M,3,03,04,16,26,27,28,29,31,,,,,1.3,0.7,1.1,1*24
$GPGSA,M,3,03,04,16,26,27,28,29,31,,,,,1.3,0.7,1.1,1*24
$GPGSA,M,3,03,04,16,26,27,28,29,31,,,,,1.3,0.7,1.1,1*24
$GPGSA,M,3,03,04,16,26,27,28,29,31,,,,,1.3,0.7,1.1,1*24
$GPGSA,M,3,03,04,16,26,27,28,29,31,,,,,1.3,0.7,1.1,1*24
$GPGSA,M,3,03,04,16,26,27,28,29,31,,,,,1.3,0.7,1.1,1*24
$GPGSA,M,3,03,04,16,26,27,28,29,31,,,,,1.3,0.7,1.1,1*24
$GPGSA,M,3,03,04,16,26,27,28,29,31,,,,,1.3,0.7,1.1,1*24
$GPGSA,M,3,03,04,16,26,27,28,29,31,,,,,1.3,0.7,1.1,1*24
$GPGSA,M,3,03,04,16,26,27,28,29,31,,,,,1.3,0.7,1.1,1*24
$GPGSA,M,3,03,04,16,26,27,28,29,31,,,,,1.3,0.7,1.1,1*24
$GPGSA,M,3,03,04,16,26,27,28,29,31,,,,,1.3,0.7,1.1,1*24
$GPGSA,M,3,03,04,16,26,27,28,29,31,,,,,1.3,0.7,1.1,1*24
$GPGSA,M,3,03,04,16,26,27,28,29,31,,,,,1.3,0.7,1.1,1*24
$GPGSA,M,3,03,04,16,26,27,28,29,31,,,,,1.3,0.7,1.1,1*24
$GPGSA,M,3,03,04,16,26,27,28,29,31,,,,,1.3,0.7,1.1,1*24
$GPGSA,M,3,03,04,16,26,27,28,29,31,,,,,1.3,0.7,1.1,1*24
$GPGSA,M,3,03,04,16,26,27,28,29,31,,,,,1.3,0.7,1.1,1*24
$GPGSA,M,3,03,04,16,26,27,28,29,31,,,,,1.3,0.7,1.1,1*24
$GPGSA,M,3,03,04,16,26,27,28,29,31,,,,,1.3,0.7,1.1,1*24
$GPGSA,M,3,03,04,16,26,27,28,29,31,,,,,1.3,0.7,1.1,1*24
$GPGSA,M,3,03,04,16,26,27,28,29,31,,,,,1.3,0.7,1.1,1*24
$GPGSA,M,3,03,04,16,26,27,28,29,31,,,,,1.3,0.7,1.1,1*24
$GPGSA,M,3,03,04,16,26,27,28,29,31,,,,,1.3,0.7,1.1,1*24
$GPGSA,M,3,03,04,16,26,28,29,31,,,,,,1.3,0.7,1.1,1*21
$GPGSA,M,3,03,04,16,26,28,29,31,,,,,,1.3,0.7,1.1,1*21
$GPGSA,M,3,03,04,16,26,28,29,31,,,,,,1.3,0.7,1.1,1*21
$GPGSA,M,3,03,04,16,26,27,28,29,31,,,,,1.3,0.7,1.1,1*24
$GPGSA,M,3,03,04,16,26,27,28,29,31,,,,,1.3,0.7,1.1,1*24
$GPGSA,M,3,03,04,16,26,27,28,29,31,,,,,1.3,0.7,1.1,1*24
$GPGSA,M,3,03,04,16,26,27,28,29,31,,,,,1.3,0.7,1.1,1*24
$GPGSA,M,3,03,04,16,26,27,28,29,31,,,,,1.3,0.7,1.1,1*24
$GPGSA,M,3,03,04,16,26,27,28,29,31,,,,,1.3,0.7,1.1,1*24
$GPGSA,M,3,03,04,16,26,27,28,29,31,,,,,1.3,0.7,1.1,1*24
$GPGSA,M,3,03,04,16,26,27,28,29,31,,,,,1.3,0.7,1.1,1*24
$GPGSA,M,3,03,04,16,26,27,28,29,31,,,,,1.3,0.7,1.1,1*24
$GPGSA,M,3,03,04,16,26,27,28,29,31,,,,,1.4,0.7,1.2,1*20
$GPGSA,M,3,03,04,16,26,27,28,29,31,,,,,1.4,0.7,1.2,1*20
$GPGSA,M,3,03,04,16,26,27,28,29,31,,,,,1.4,0.7,1.2,1*20
$GPGSA,M,3,03,04,16,26,27,28,29,31,,,,,1.4,0.7,1.2,1*20
$GPGSA,M,3,03,04,16,26,27,28,29,31,,,,,1.4,0.7,1.2,1*20
$GPGSA,M,3,03,04,16,26,27,28,29,31,,,,,1.4,0.7,1.2,1*20
$GPGSA,M,3,03,04,16,26,27,28,29,31,,,,,1.4,0.7,1.2,1*20
$GPGSA,M,3,03,04,16,26,27,28,29,31,,,,,1.4,0.7,1.2,1*20
$GPGSA,M,3,03,04,16,26,27,28,29,31,,,,,1.4,0.7,1.2,1*20
$GPGSA,M,3,03,04,16,26,27,28,29,31,,,,,1.4,0.7,1.2,1*20
$GPGSA,M,3,03,04,16,26,27,28,29,31,,,,,1.4,0.7,1.2,1*20
$GPGSA,M,3,03,04,16,26,27,28,29,31,,,,,1.4,0.7,1.2,1*20
$GPGSA,M,3,03,04,16,26,27,28,29,31,,,,,1.4,0.7,1.2,1*20
$GPGSA,M,3,03,04,16,26,27,28,29,31,,,,,1.4,0.7,1.2,1*20
$GPGSA,M,3,03,04,16,26,27,28,29,31,,,,,1.4,0.7,1.2,1*20
$GPGSA,M,3,03,04,16,26,27,28,29,31,,,,,1.3,0.7,1.1,1*24
$GPGSA,M,3,03,04,16,26,27,28,29,31,,,,,1.3,0.7,1.1,1*24
$GPGSA,M,3,03,04,16,26,27,28,29,31,,,,,1.3,0.7,1.1,1*24
$GPGSA,M,3,03,04,16,26,27,28,29,31,,,,,1.3,0.7,1.1,1*24
$GPGSA,M,3,03,04,16,26,27,28,29,31,,,,,1.3,0.7,1.1,1*24
$GPGSA,M,3,03,04,16,26,27,28,29,31,,,,,1.3,0.7,1.1,1*24
$GPGSA,M,3,03,04,16,26,27,28,29,31,,,,,1.3,0.7,1.1,1*24
$GPGSA,M,3,03,04,16,26,27,28,29,31,,,,,1.3,0.7,1.1,1*24
$GPGSA,M,3,03,04,16,26,27,28,29,31,,,,,1.3,0.7,1.1,1*24
$GPGSA,M,3,03,04,16,26,27,28,29,31,,,,,1.3,0.7,1.1,1*24
$GPGSA,M,3,03,04,16,26,27,28,29,31,,,,,1.3,0.7,1.1,1*24
$GPGSA,M,3,03,04,16,26,27,28,29,31,,,,,1.3,0.7,1.1,1*24
$GPGSA,M,3,03,04,16,26,27,28,29,31,,,,,1.3,0.7,1.1,1*24
$GPGSA,M,3,03,04,16,26,27,28,29,31,,,,,1.3,0.7,1.1,1*24
$GPGSA,M,3,03,04,16,26,27,28,29,31,,,,,1.3,0.7,1.1,1*24
$GPGSA,M,3,03,04,16,26,27,28,29,31,,,,,1.3,0.7,1.1,1*24
$GPGSA,M,3,03,04,16,26,27,28,29,31,,,,,1.3,0.7,1.1,1*24
$GPGSA,M,3,03,04,16,26,27,28,29,31,,,,,1.3,0.7,1.1,1*24
$GPGSA,M,3,03,04,16,26,27,28,29,31,,,,,1.3,0.7,1.1,1*24
$GPGSA,M,3,03,04,16,26,27,28,29,31,,,,,1.3,0.7,1.1,1*24
$GPGSA,M,3,03,04,16,26,27,28,29,31,,,,,1.3,0.7,1.1,1*24
$GPGSA,M,3,03,04,16,26,27,28,29,31,,,,,1.3,0.7,1.1,1*24
$GPGSA,M,3,03,04,16,26,27,28,29,31,,,,,1.3,0.7,1.1,1*24
$GPGSA,M,3,03,04,16,26,27,28,29,31,,,,,1.3,0.7,1.1,1*24
$GPGSA,M,3,03,04,16,26,27,28,29,31,,,,,1.3,0.7,1.1,1*24
$GPGSA,M,3,03,04,16,26,27,28,29,31,,,,,1.3,0.7,1.1,1*24
$GPGSA,M,3,03,04,16,26,27,28,29,31,,,,,1.3,0.7,1.1,1*24
$GPGSA,M,3,03,04,16,26,27,28,29,31,,,,,1.3,0.7,1.1,1*24
$GPGSA,M,3,03,04,16,26,27,28,29,31,,,,,1.3,0.7,1.1,1*24
$GPGSA,M,3,03,04,16,26,27,28,29,31,,,,,1.3,0.7,1.1,1*24
$GPGSA,M,3,03,04,16,26,27,28,29,31,,,,,1.3,0.7,1.1,1*24
$GPGSA,M,3,03,04,16,26,27,28,29,31,,,,,1.3,0.7,1.1,1*24
$GPGSA,M,3,03,04,16,26,27,28,29,31,,,,,1.3,0.7,1.1,1*24
$GPGSA,M,3,03,04,16,26,27,28,29,31,,,,,1.3,0.7,1.1,1*24
$GPGSA,M,3,03,04,16,26,27,28,29,31,,,,,1.3,0.7,1.1,1*24
$GPGSA,M,3,03,04,16,26,27,28,29,31,,,,,1.3,0.7,1.1,1*24
$GPGSA,M,3,03,04,16,26,27,28,29,31,,,,,1.3,0.7,1.1,1*24
$GPGSA,M,3,03,04,16,26,27,28,29,31,,,,,1.3,0.7,1.1,1*24
$GPGSA,M,3,03,04,16,26,27,28,29,31,,,,,1.3,0.7,1.1,1*24
$GPGSA,M,3,03,04,16,26,27,28,29,31,,,,,1.3,0.7,1.1,1*24
$GPGSA,M,3,03,04,16,26,27,28,29,31,,,,,1.3,0.7,1.1,1*24
$GPGSA,M,3,03,04,16,26,27,28,29,31,,,,,1.3,0.7,1.1,1*24
$GPGSA,M,3,03,04,16,26,27,28,29,31,,,,,1.3,0.7,1.1,1*24
$GPGSA,M,3,03,04,16,26,27,28,29,31,,,,,1.3,0.7,1.1,1*24
$GPGSA,M,3,03,04,16,26,27,28,29,31,,,,,1.3,0.7,1.1,1*24
$GPGSA,M,3,03,04,16,26,27,28,29,31,,,,,1.3,0.7,1.1,1*24
$GPGSA,M,3,03,16,26,27,28,29,31,,,,,,1.3,0.7,1.1,1*20
$GPGSA,M,3,03,16,26,27,28,29,31,,,,,,1.3,0.7,1.1,1*20
$GPGSA,M,3,03,16,26,27,28,29,31,32,,,,,1.3,0.7,1.1,1*21
$GPGSA,M,3,03,16,26,27,28,29,31,32,,,,,1.3,0.7,1.1,1*21
$GPGSA,M,3,03,16,26,27,28,29,31,32,,,,,1.3,0.7,1.1,1*21
$GPGSA,M,3,03,16,26,27,28,29,31,32,,,,,1.3,0.7,1.1,1*21
$GPGSA,M,3,03,16,26,28,29,31,32,,,,,,1.3,0.7,1.1,1*24
$GPGSA,M,3,03,16,26,28,29,31,32,,,,,,1.3,0.7,1.1,1*24
$GPGSA,M,3,03,16,26,28,29,31,32,,,,,,1.3,0.7,1.1,1*24
$GPGSA,M,3,03,16,26,27,28,29,31,32,,,,,1.3,0.7,1.1,1*21
$GPGSA,M,3,03,16,26,28,29,31,32,,,,,,1.3,0.7,1.1,1*24
$GPGSA,M,3,03,16,26,27,28,29,31,32,,,,,1.3,0.7,1.1,1*21
$GPGSA,M,3,03,16,26,27,28,29,31,32,,,,,1.3,0.7,1.1,1*21
$GPGSA,M,3,03,16,26,27,28,29,31,32,,,,,1.3,0.7,1.1,1*21
$GPGSA,M,3,03,16,26,27,28,29,31,32,,,,,1.3,0.7,1.1,1*21
$GPGSA,M,3,03,16,26,28,29,31,32,,,,,,1.3,0.7,1.1,1*24
$GPGSA,M,3,03,16,26,28,29,31,32,,,,,,1.3,0.7,1.1,1*24
$GPGSA,M,3,03,16,26,28,29,31,32,,,,,,1.3,0.7,1.1,1*24
$GPGSA,M,3,03,16,26,28,29,31,32,,,,,,1.3,0.7,1.1,1*24
$GPGSA,M,3,03,16,26,28,29,31,32,,,,,,1.3,0.7,1.1,1*24
$GPGSA,M,3,03,16,26,28,29,31,32,,,,,,1.3,0.7,1.1,1*24
$GPGSA,M,3,03,16,26,28,29,31,32,,,,,,1.3,0.7,1.1,1*24
$GPGSA,M,3,03,16,26,28,29,31,32,,,,,,1.3,0.7,1.1,1*24
$GPGSA,M,3,03,16,26,28,29,31,32,,,,,,1.3,0.7,1.1,1*24
$GPGSA,M,3,03,16,26,28,29,31,32,,,,,,1.4,0.7,1.2,1*20
$GPGSA,M,3,03,16,26,28,29,31,32,,,,,,1.4,0.7,1.2,1*20
$GPGSA,M,3,03,16,26,28,29,31,32,,,,,,1.4,0.7,1.2,1*20
$GPGSA,M,3,03,16,26,28,29,31,32,,,,,,1.4,0.7,1.2,1*20
$GPGSA,M,3,03,16,26,28,29,31,32,,,,,,1.4,0.7,1.2,1*20
$GPGSA,M,3,03,16,26,28,29,31,32,,,,,,1.3,0.7,1.1,1*24
$GPGSA,M,3,03,16,26,28,29,31,32,,,,,,1.3,0.7,1.1,1*24
$GPGSA,M,3,03,16,26,28,29,31,32,,,,,,1.3,0.7,1.1,1*24
$GPGSA,M,3,03,16,26,28,29,31,32,,,,,,1.3,0.7,1.1,1*24
$GPGSA,M,3,03,16,26,28,29,31,32,,,,,,1.3,0.7,1.1,1*24
$GPGSA,M,3,03,16,26,28,29,31,32,,,,,,1.3,0.6,1.1,1*25
$GPGSA,M,3,03,16,26,28,29,31,32,,,,,,1.3,0.6,1.1,1*25
$GPGSA,M,3,03,16,26,28,29,31,32,,,,,,1.3,0.6,1.1,1*25
$GPGSA,M,3,03,16,26,28,29,31,32,,,,,,1.3,0.6,1.1,1*25
$GPGSA,M,3,03,16,26,28,29,31,32,,,,,,1.3,0.6,1.1,1*25
$GPGSA,M,3,03,16,26,28,29,31,32,,,,,,1.3,0.6,1.1,1*25
$GPGSA,M,3,03,16,26,28,29,31,32,,,,,,1.3,0.6,1.1,1*25
$GPGSA,M,3,03,16,26,28,29,31,32,,,,,,1.3,0.6,1.1,1*25
$GPGSA,M,3,03,16,26,28,29,31,32,,,,,,1.3,0.6,1.1,1*25
$GPGSA,M,3,03,16,26,28,29,31,32,,,,,,1.3,0.6,1.1,1*25
$GPGSA,M,3,03,16,26,28,29,31,32,,,,,,1.3,0.6,1.1,1*25
$GPGSA,M,3,03,16,26,28,29,31,32,,,,,,1.3,0.6,1.1,1*25
$GPGSA,M,3,03,16,26,28,29,31,32,,,,,,1.3,0.6,1.1,1*25
$GPGSA,M,3,03,16,26,28,29,31,32,,,,,,1.3,0.6,1.1,1*25
$GPGSA,M,3,03,16,26,28,29,31,32,,,,,,1.3,0.6,1.1,1*25
$GPGSA,M,3,03,16,26,28,29,31,32,,,,,,1.3,0.6,1.1,1*25
$GPGSA,M,3,03,16,26,28,29,31,32,,,,,,1.3,0.6,1.1,1*25
$GPGSA,M,3,03,16,26,28,29,31,32,,,,,,1.3,0.6,1.1,1*25
$GPGSA,M,3,03,16,26,28,29,31,32,,,,,,1.3,0.6,1.1,1*25
$GPGSA,M,3,03,16,26,28,29,31,32,,,,,,1.3,0.6,1.1,1*25
$GPGSA,M,3,03,16,26,28,29,31,32,,,,,,1.3,0.6,1.1,1*25
$GPGSA,M,3,03,16,26,28,29,31,32,,,,,,1.3,0.6,1.1,1*25
$GPGSA,M,3,03,16,26,28,29,31,32,,,,,,1.3,0.6,1.1,1*25
$GPGSA,M,3,03,16,26,28,29,31,32,,,,,,1.3,0.6,1.1,1*25
$GPGSA,M,3,03,16,26,28,29,31,32,,,,,,1.3,0.6,1.1,1*25
$GPGSA,M,3,03,16,26,28,29,31,32,,,,,,1.3,0.6,1.1,1*25
$GPGSA,M,3,03,16,26,28,29,31,32,,,,,,1.3,0.6,1.1,1*25
$GPGSA,M,3,03,16,26,28,29,31,32,,,,,,1.3,0.6,1.1,1*25
$GPGSA,M,3,03,16,26,28,29,31,32,,,,,,1.3,0.6,1.1,1*25
$GPGSA,M,3,03,16,26,28,29,31,32,,,,,,1.3,0.6,1.1,1*25
$GPGSA,M,3,03,16,26,28,29,31,32,,,,,,1.3,0.6,1.1,1*25
$GPGSA,M,3,03,16,26,28,29,31,32,,,,,,1.3,0.6,1.1,1*25
$GPGSA,M,3,03,16,26,28,29,31,32,,,,,,1.3,0.6,1.1,1*25
$GPGSA,M,3,03,16,26,28,29,31,32,,,,,,1.3,0.6,1.1,1*25
$GPGSA,M,3,03,16,26,28,29,31,32,,,,,,1.3,0.6,1.1,1*25
$GPGSA,M,3,03,16,26,28,29,31,32,,,,,,1.3,0.6,1.1,1*25
$GPGSA,M,3,03,16,26,28,29,31,32,,,,,,1.3,0.6,1.1,1*25
$GPGSA,M,3,03,16,26,28,29,31,32,,,,,,1.3,0.6,1.1,1*25
$GPGSA,M,3,03,16,26,28,29,31,32,,,,,,1.3,0.6,1.1,1*25
$GPGSA,M,3,03,16,26,28,29,31,32,,,,,,1.3,0.6,1.1,1*25
$GPGSA,M,3,03,16,26,28,29,31,32,,,,,,1.3,0.6,1.1,1*25
$GPGSA,M,3,03,16,26,28,29,31,32,,,,,,1.3,0.6,1.1,1*25
$GPGSA,M,3,03,16,26,28,29,31,32,,,,,,1.3,0.6,1.1,1*25
$GPGSA,M,3,03,16,26,28,29,31,32,,,,,,1.3,0.6,1.1,1*25
$GPGSA,M,3,03,16,26,28,29,31,32,,,,,,1.3,0.6,1.1,1*25
$GPGSA,M,3,03,16,26,28,29,31,32,,,,,,1.3,0.6,1.1,1*25
$GPGSA,M,3,03,16,26,28,29,31,32,,,,,,1.3,0.6,1.1,1*25
$GPGSA,M,3,03,16,26,28,29,31,32,,,,,,1.3,0.6,1.1,1*25
$GPGSA,M,3,03,16,26,28,29,31,32,,,,,,1.3,0.6,1.1,1*25
$GPGSA,M,3,03,16,26,28,29,31,32,,,,,,1.3,0.6,1.1,1*25
$GPGSA,M,3,03,16,26,28,29,31,32,,,,,,1.3,0.6,1.1,1*25
$GPGSA,M,3,03,16,26,28,29,31,32,,,,,,1.3,0.6,1.1,1*25
$GPGSA,M,3,03,16,26,28,29,31,32,,,,,,1.3,0.6,1.1,1*25
$GPGSA,M,3,03,16,26,28,29,31,32,,,,,,1.3,0.6,1.1,1*25
$GPGSA,M,3,03,16,26,28,29,31,32,,,,,,1.3,0.6,1.1,1*25
$GPGSA,M,3,03,16,26,28,29,31,32,,,,,,1.3,0.6,1.1,1*25
$GPGSA,M,3,03,16,26,28,29,31,32,,,,,,1.3,0.6,1.1,1*25
$GPGSA,M,3,03,16,26,28,29,31,32,,,,,,1.3,0.6,1.1,1*25
$GPGSA,M,3,03,16,26,28,29,31,32,,,,,,1.3,0.6,1.1,1*25
$GPGSA,M,3,03,16,26,28,29,31,32,,,,,,1.3,0.6,1.1,1*25
$GPGSA,M,3,03,16,26,28,29,31,32,,,,,,1.3,0.6,1.1,1*25
$GPGSA,M,3,03,16,26,28,29,31,32,,,,,,1.3,0.6,1.1,1*25
$GPGSA,M,3,03,16,26,28,29,31,32,,,,,,1.3,0.6,1.1,1*25
$GPGSA,M,3,03,16,26,28,29,31,32,,,,,,1.3,0.6,1.1,1*25
$GPGSA,M,3,03,16,26,28,29,31,32,,,,,,1.3,0.6,1.1,1*25
$GPGSA,M,3,03,16,26,28,29,31,32,,,,,,1.3,0.6,1.1,1*25
$GPGSA,M,3,03,16,26,28,29,31,32,,,,,,1.3,0.6,1.1,1*25
$GPGSA,M,3,03,16,26,28,29,31,32,,,,,,1.3,0.6,1.1,1*25
$GPGSA,M,3,03,16,26,28,29,31,32,,,,,,1.3,0.6,1.1,1*25
$GPGSA,M,3,03,16,26,27,28,29,31,32,,,,,1.3,0.6,1.1,1*20
$GPGSA,M,3,03,16,26,28,29,31,32,,,,,,1.3,0.6,1.1,1*25
$GPGSA,M,3,03,16,26,28,29,31,32,,,,,,1.3,0.6,1.1,1*25
$GPGSA,M,3,03,16,26,28,29,31,32,,,,,,1.3,0.6,1.1,1*25
$GPGSA,M,3,03,16,26,28,29,31,32,,,,,,1.3,0.6,1.1,1*25
$GPGSA,M,3,03,16,26,28,29,31,32,,,,,,1.3,0.6,1.1,1*25
$GPGSA,M,3,03,16,26,28,29,31,32,,,,,,1.3,0.6,1.1,1*25
$GPGSA,M,3,03,16,26,28,29,31,32,,,,,,1.3,0.6,1.1,1*25
$GPGSA,M,3,03,16,26,28,29,31,32,,,,,,1.3,0.6,1.1,1*25
$GPGSA,M,3,03,16,26,28,29,31,32,,,,,,1.3,0.6,1.1,1*25
$GPGSA,M,3,03,16,26,28,29,31,32,,,,,,1.3,0.6,1.1,1*25
$GPGSA,M,3,03,16,26,28,29,31,32,,,,,,1.3,0.6,1.1,1*25
$GPGSA,M,3,03,16,26,28,29,31,32,,,,,,1.3,0.6,1.1,1*25
$GPGSA,M,3,03,16,26,28,29,31,32,,,,,,1.3,0.6,1.1,1*25
$GPGSA,M,3,03,16,26,28,29,31,32,,,,,,1.3,0.6,1.1,1*25
$GPGSA,M,3,03,16,26,28,29,31,32,,,,,,1.3,0.6,1.1,1*25
$GPGSA,M,3,03,16,26,28,29,31,32,,,,,,1.3,0.6,1.1,1*25
$GPGSA,M,3,03,16,26,28,29,31,32,,,,,,1.3,0.6,1.1,1*25
$GPGSA,M,3,03,16,26,28,29,31,32,,,,,,1.3,0.6,1.1,1*25
$GPGSA,M,3,03,16,26,28,29,31,32,,,,,,1.3,0.6,1.1,1*25
$GPGSA,M,3,03,16,26,28,29,31,32,,,,,,1.3,0.6,1.1,1*25
$GPGSA,M,3,03,16,26,28,29,31,32,,,,,,1.3,0.6,1.1,1*25
$GPGSA,M,3,03,16,26,28,29,31,32,,,,,,1.3,0.6,1.1,1*25
$GPGSA,M,3,03,16,26,28,29,31,32,,,,,,1.3,0.6,1.1,1*25
$GPGSA,M,3,03,16,26,28,29,31,32,,,,,,1.3,0.6,1.1,1*25
$GPGSA,M,3,03,16,26,28,29,31,32,,,,,,1.3,0.6,1.1,1*25
$GPGSA,M,3,03,16,26,28,29,31,32,,,,,,1.3,0.6,1.1,1*25
$GPGSA,M,3,03,16,26,28,29,31,32,,,,,,1.3,0.6,1.1,1*25
$GPGSA,M,3,03,16,26,28,29,31,32,,,,,,1.3,0.6,1.1,1*25
$GPGSA,M,3,03,16,26,28,29,31,32,,,,,,1.3,0.6,1.1,1*25
$GPGSA,M,3,03,16,26,28,29,31,32,,,,,,1.3,0.6,1.1,1*25
$GPGSA,M,3,03,16,26,28,29,31,32,,,,,,1.3,0.6,1.1,1*25
$GPGSA,M,3,03,16,26,28,29,31,32,,,,,,1.3,0.6,1.1,1*25
$GPGSA,M,3,03,16,26,28,29,31,32,,,,,,1.3,0.6,1.1,1*25
$GPGSA,M,3,03,16,26,28,29,31,32,,,,,,1.3,0.6,1.1,1*25
$GPGSA,M,3,03,16,26,28,29,31,32,,,,,,1.3,0.6,1.1,1*25
$GPGSA,M,3,03,16,26,28,29,31,32,,,,,,1.3,0.6,1.1,1*25
$GPGSA,M,3,03,16,26,28,29,31,32,,,,,,1.3,0.6,1.1,1*25
$GPGSA,M,3,03,16,26,28,29,31,32,,,,,,1.3,0.6,1.1,1*25
$GPGSA,M,3,03,16,26,28,29,31,32,,,,,,1.3,0.6,1.1,1*25
$GPGSA,M,3,03,16,26,28,29,31,32,,,,,,1.3,0.6,1.1,1*25
$GPGSA,M,3,03,16,26,28,29,31,32,,,,,,1.3,0.6,1.1,1*25
$GPGSA,M,3,03,16,26,28,29,31,32,,,,,,1.3,0.6,1.1,1*25
$GPGSA,M,3,03,16,26,28,29,31,32,,,,,,1.3,0.6,1.1,1*25
$GPGSA,M,3,03,16,26,28,29,31,32,,,,,,1.3,0.6,1.1,1*25
$GPGSA,M,3,03,16,26,28,29,31,32,,,,,,1.3,0.6,1.1,1*25
$GPGSA,M,3,03,16,26,28,29,31,32,,,,,,1.3,0.6,1.1,1*25
$GPGSA,M,3,03,16,26,28,29,31,32,,,,,,1.3,0.6,1.1,1*25
$GPGSA,M,3,03,16,26,28,29,31,32,,,,,,1.3,0.6,1.1,1*25
$GPGSA,M,3,03,16,26,28,29,31,32,,,,,,1.3,0.6,1.1,1*25
$GPGSA,M,3,03,16,26,28,29,31,32,,,,,,1.3,0.6,1.1,1*25
$GPGSA,M,3,03,16,26,28,29,31,32,,,,,,1.3,0.6,1.1,1*25
$GPGSA,M,3,03,16,26,28,29,31,32,,,,,,1.3,0.6,1.1,1*25
$GPGSA,M,3,03,16,26,28,29,31,32,,,,,,1.3,0.6,1.1,1*25
$GPGSA,M,3,03,16,26,28,29,31,32,,,,,,1.3,0.6,1.1,1*25
$GPGSA,M,3,03,16,26,28,29,31,32,,,,,,1.3,0.6,1.1,1*25
$GPGSA,M,3,03,16,26,28,29,31,32,,,,,,1.3,0.6,1.1,1*25
$GPGSA,M,3,03,16,26,28,29,31,32,,,,,,1.3,0.6,1.1,1*25
$GPGSA,M,3,03,16,26,28,29,31,32,,,,,,1.3,0.6,1.1,1*25
$GPGSA,M,3,03,16,26,28,29,31,32,,,,,,1.3,0.6,1.1,1*25
$GPGSA,M,3,03,16,26,28,29,31,32,,,,,,1.3,0.6,1.1,1*25
$GPGSA,M,3,03,16,26,28,29,31,32,,,,,,1.3,0.6,1.1,1*25
$GPGSA,M,3,03,16,26,28,29,31,32,,,,,,1.3,0.6,1.1,1*25
$GPGSA,M,3,03,16,26,28,29,31,32,,,,,,1.3,0.6,1.1,1*25
$GPGSA,M,3,03,16,26,28,29,31,32,,,,,,1.3,0.6,1.1,1*25
$GPGSA,M,3,03,16,26,28,29,31,32,,,,,,1.3,0.6,1.1,1*25
$GPGSA,M,3,03,16,26,28,29,31,32,,,,,,1.3,0.6,1.1,1*25
$GPGSA,M,3,03,16,26,28,29,31,32,,,,,,1.3,0.6,1.1,1*25
$GPGSA,M,3,03,16,26,28,29,31,32,,,,,,1.3,0.6,1.1,1*25
$GPGSA,M,3,03,16,26,28,29,31,32,,,,,,1.3,0.6,1.1,1*25
$GPGSA,M,3,03,16,26,28,29,31,32,,,,,,1.3,0.6,1.1,1*25
$GPGSA,M,3,03,16,26,28,29,31,32,,,,,,1.3,0.6,1.1,1*25
$GPGSA,M,3,03,16,26,28,29,31,32,,,,,,1.3,0.6,1.1,1*25
$GPGSA,M,3,03,16,26,28,29,31,32,,,,,,1.3,0.6,1.1,1*25
$GPGSA,M,3,03,16,26,28,29,31,32,,,,,,1.3,0.6,1.1,1*25
$GPGSA,M,3,03,16,26,28,29,31,32,,,,,,1.3,0.6,1.1,1*25
$GPGSA,M,3,03,16,26,28,29,31,32,,,,,,1.3,0.6,1.1,1*25
$GPGSA,M,3,03,16,26,28,29,31,32,,,,,,1.3,0.6,1.1,1*25
$GPGSA,M,3,03,16,26,28,29,31,32,,,,,,1.3,0.6,1.1,1*25
$GPGSA,M,3,03,16,26,28,29,31,32,,,,,,1.3,0.6,1.1,1*25
$GPGSA,M,3,03,16,26,28,29,31,32,,,,,,1.3,0.6,1.1,1*25
$GPGSA,M,3,03,16,26,28,29,31,32,,,,,,1.3,0.6,1.1,1*25
$GPGSA,M,3,03,16,26,28,29,31,32,,,,,,1.3,0.6,1.1,1*25
$GPGSA,M,3,03,16,26,28,29,31,32,,,,,,1.3,0.6,1.1,1*25
$GPGSA,M,3,03,16,26,28,29,31,32,,,,,,1.3,0.6,1.1,1*25
$GPGSA,M,3,03,16,26,28,29,31,32,,,,,,1.3,0.6,1.1,1*25
$GPGSA,M,3,03,16,26,28,29,31,32,,,,,,1.3,0.6,1.1,1*25
$GPGSA,M,3,03,16,26,28,29,31,32,,,,,,1.3,0.6,1.1,1*25
$GPGSA,M,3,03,16,26,28,29,31,32,,,,,,1.3,0.6,1.1,1*25
$GPGSA,M,3,03,16,26,28,29,31,32,,,,,,1.3,0.6,1.1,1*25
$GPGSA,M,3,03,16,26,28,29,31,32,,,,,,1.3,0.6,1.1,1*25
$GPGSA,M,3,03,16,26,28,29,31,32,,,,,,1.3,0.6,1.1,1*25
$GPGSA,M,3,03,16,26,28,29,31,32,,,,,,1.3,0.6,1.1,1*25
$GPGSA,M,3,03,16,26,28,29,31,32,,,,,,1.3,0.6,1.1,1*25
$GPGSA,M,3,03,16,26,28,29,31,32,,,,,,1.3,0.6,1.1,1*25
$GPGSA,M,3,03,16,26,28,29,31,32,,,,,,1.3,0.6,1.1,1*25
$GPGSA,M,3,03,16,26,28,29,31,32,,,,,,1.3,0.6,1.1,1*25
$GPGSA,M,3,03,16,26,28,29,31,32,,,,,,1.3,0.6,1.1,1*25
$GPGSA,M,3,03,16,26,28,29,31,32,,,,,,1.3,0.6,1.1,1*25
$GPGSA,M,3,03,16,26,28,29,31,32,,,,,,1.3,0.6,1.1,1*25
$GPGSA,M,3,03,16,26,28,29,31,32,,,,,,1.3,0.6,1.1,1*25
$GPGSA,M,3,03,16,26,28,29,31,32,,,,,,1.3,0.6,1.1,1*25
$GPGSA,M,3,03,16,26,28,29,31,32,,,,,,1.3,0.6,1.1,1*25
$GPGSA,M,3,03,16,26,28,29,31,32,,,,,,1.3,0.6,1.1,1*25
$GPGSA,M,3,03,16,26,28,29,31,32,,,,,,1.3,0.6,1.1,1*25
$GPGSA,M,3,03,16,26,28,29,31,32,,,,,,1.3,0.6,1.1,1*25
$GPGSA,M,3,03,16,26,28,29,31,32,,,,,,1.3,0.6,1.1,1*25
$GPGSA,M,3,03,16,26,28,29,31,32,,,,,,1.3,0.6,1.1,1*25
$GPGSA,M,3,03,16,26,28,29,31,32,,,,,,1.3,0.6,1.1,1*25
$GPGSA,M,3,03,16,26,28,29,31,32,,,,,,1.3,0.6,1.1,1*25
$GPGSA,M,3,03,16,26,28,29,31,32,,,,,,1.3,0.6,1.1,1*25
$GPGSA,M,3,03,16,26,28,29,31,32,,,,,,1.3,0.6,1.1,1*25
$GPGSA,M,3,03,16,26,28,29,31,32,,,,,,1.3,0.6,1.1,1*25
$GPGSA,M,3,03,16,26,28,29,31,32,,,,,,1.3,0.6,1.1,1*25
$GPGSA,M,3,03,16,26,28,29,31,32,,,,,,1.3,0.6,1.1,1*25
$GPGSA,M,3,03,16,26,28,29,31,32,,,,,,1.3,0.6,1.1,1*25
$GPGSA,M,3,03,16,26,28,29,31,32,,,,,,1.3,0.6,1.1,1*25
$GPGSA,M,3,03,16,26,28,29,31,32,,,,,,1.3,0.6,1.1,1*25
$GPGSA,M,3,03,16,26,28,29,31,32,,,,,,1.3,0.6,1.1,1*25
$GPGSA,M,3,03,16,26,28,29,31,32,,,,,,1.3,0.6,1.1,1*25
$GPGSA,M,3,03,16,26,28,29,31,32,,,,,,1.3,0.6,1.1,1*25
$GPGSA,M,3,03,16,26,28,29,31,32,,,,,,1.3,0.6,1.1,1*25
$GPGSA,M,3,03,16,26,28,29,31,32,,,,,,1.3,0.6,1.1,1*25
$GPGSA,M,3,03,16,26,28,29,31,32,,,,,,1.3,0.6,1.1,1*25
$GPGSA,M,3,03,16,26,28,29,31,32,,,,,,1.3,0.6,1.1,1*25
$GPGSA,M,3,03,16,26,28,29,31,32,,,,,,1.3,0.6,1.1,1*25
$GPGSA,M,3,03,16,26,28,29,31,32,,,,,,1.3,0.6,1.1,1*25
$GPGSA,M,3,03,16,26,28,29,31,32,,,,,,1.3,0.6,1.1,1*25
$GPGSA,M,3,03,16,26,28,29,31,32,,,,,,1.3,0.6,1.1,1*25
$GPGSA,M,3,03,16,26,28,29,31,32,,,,,,1.3,0.6,1.1,1*25
$GPGSA,M,3,03,16,26,28,29,31,32,,,,,,1.3,0.6,1.1,1*25
$GPGSA,M,3,03,16,26,28,29,31,32,,,,,,1.3,0.6,1.1,1*25
$GPGSA,M,3,03,16,26,28,29,31,32,,,,,,1.3,0.6,1.1,1*25
$GPGSA,M,3,03,16,26,28,29,31,32,,,,,,1.3,0.6,1.1,1*25
$GPGSA,M,3,03,16,26,28,29,31,32,,,,,,1.3,0.6,1.1,1*25
$GPGSA,M,3,03,16,26,28,29,31,32,,,,,,1.3,0.6,1.1,1*25
$GPGSA,M,3,03,16,26,28,29,31,32,,,,,,1.3,0.6,1.1,1*25
$GPGSA,M,3,03,16,26,28,29,31,32,,,,,,1.3,0.6,1.1,1*25
$GPGSA,M,3,03,16,26,28,29,31,32,,,,,,1.3,0.6,1.1,1*25
$GPGSA,M,3,03,16,26,28,29,31,32,,,,,,1.3,0.6,1.1,1*25
$GPGSA,M,3,03,16,26,28,29,31,32,,,,,,1.3,0.6,1.1,1*25
$GPGSA,M,3,03,16,26,28,29,31,32,,,,,,1.4,0.7,1.2,1*20
$GPGSA,M,3,03,16,26,28,29,31,32,,,,,,1.4,0.7,1.2,1*20
$GPGSA,M,3,03,16,26,28,29,31,32,,,,,,1.4,0.7,1.2,1*20
$GPGSA,M,3,03,16,26,28,29,31,32,,,,,,1.4,0.7,1.2,1*20
$GPGSA,M,3,03,16,26,28,29,31,32,,,,,,1.4,0.7,1.2,1*20
$GPGSA,M,3,03,16,26,28,29,31,32,,,,,,1.4,0.7,1.2,1*20
$GPGSA,M,3,03,16,26,28,29,31,32,,,,,,1.4,0.7,1.2,1*20
$GPGSA,M,3,03,16,26,28,29,31,32,,,,,,1.4,0.7,1.2,1*20
$GPGSA,M,3,03,16,26,28,29,31,32,,,,,,1.4,0.7,1.2,1*20
$GPGSA,M,3,03,16,26,28,29,31,32,,,,,,1.4,0.7,1.2,1*20
$GPGSA,M,3,03,16,26,28,29,31,32,,,,,,1.4,0.7,1.2,1*20
$GPGSA,M,3,03,16,26,28,29,31,32,,,,,,1.4,0.7,1.2,1*20
$GPGSA,M,3,03,16,26,28,29,31,32,,,,,,1.4,0.7,1.2,1*20
$GPGSA,M,3,03,16,26,28,29,31,32,,,,,,1.4,0.7,1.2,1*20
$GPGSA,M,3,03,16,26,28,29,31,32,,,,,,1.4,0.7,1.2,1*20
$GPGSA,M,3,03,16,26,28,29,31,32,,,,,,1.4,0.7,1.2,1*20
$GPGSA,M,3,03,16,26,28,29,31,32,,,,,,1.4,0.7,1.2,1*20
$GPGSA,M,3,03,16,26,28,29,31,32,,,,,,1.4,0.7,1.2,1*20
$GPGSA,M,3,03,16,26,28,29,31,32,,,,,,1.4,0.7,1.2,1*20
$GPGSA,M,3,03,16,26,28,29,31,32,,,,,,1.4,0.7,1.2,1*20
$GPGSA,M,3,03,16,26,28,29,31,32,,,,,,1.3,0.6,1.1,1*25
$GPGSA,M,3,03,16,26,28,29,31,32,,,,,,1.3,0.6,1.1,1*25
$GPGSA,M,3,03,16,26,28,29,31,32,,,,,,1.3,0.6,1.1,1*25
$GPGSA,M,3,03,16,26,28,29,31,32,,,,,,1.3,0.6,1.1,1*25
$GPGSA,M,3,03,16,26,28,29,31,32,,,,,,1.3,0.6,1.1,1*25
$GPGSA,M,3,03,16,26,28,29,31,32,,,,,,1.3,0.6,1.1,1*25
$GPGSA,M,3,03,16,26,28,29,31,32,,,,,,1.3,0.6,1.1,1*25
$GPGSA,M,3,03,16,26,28,29,31,32,,,,,,1.3,0.6,1.1,1*25
$GPGSA,M,3,03,16,26,28,29,31,32,,,,,,1.3,0.6,1.1,1*25
$GPGSA,M,3,03,16,26,28,29,31,32,,,,,,1.3,0.6,1.1,1*25
$GPGSA,M,3,03,16,26,28,29,31,32,,,,,,1.3,0.6,1.1,1*25
$GPGSA,M,3,03,16,26,28,29,31,32,,,,,,1.3,0.6,1.1,1*25
$GPGSA,M,3,03,16,26,28,29,31,32,,,,,,1.3,0.6,1.1,1*25
$GPGSA,M,3,03,16,26,28,29,31,32,,,,,,1.3,0.6,1.1,1*25
$GPGSA,M,3,03,16,26,28,29,31,32,,,,,,1.3,0.6,1.1,1*25
$GPGSA,M,3,03,16,26,28,29,31,32,,,,,,1.3,0.6,1.1,1*25
$GPGSA,M,3,03,16,26,28,29,31,32,,,,,,1.3,0.6,1.1,1*25
$GPGSA,M,3,03,16,26,28,29,31,32,,,,,,1.3,0.6,1.1,1*25
$GPGSA,M,3,03,16,26,28,29,31,32,,,,,,1.3,0.6,1.1,1*25
$GPGSA,M,3,03,16,26,28,29,31,32,,,,,,1.3,0.6,1.1,1*25
$GPGSA,M,3,03,16,26,28,29,31,32,,,,,,1.3,0.6,1.1,1*25
$GPGSA,M,3,03,16,26,28,29,31,32,,,,,,1.3,0.6,1.1,1*25
$GPGSA,M,3,03,16,26,28,29,31,32,,,,,,1.3,0.6,1.1,1*25
$GPGSA,M,3,03,16,26,28,29,31,32,,,,,,1.3,0.6,1.1,1*25
$GPGSA,M,3,03,16,26,28,29,31,32,,,,,,1.3,0.6,1.1,1*25
$GPGSA,M,3,03,16,26,28,29,31,32,,,,,,1.3,0.6,1.1,1*25
$GPGSA,M,3,03,16,26,28,29,31,32,,,,,,1.3,0.6,1.1,1*25
$GPGSA,M,3,03,16,26,28,29,31,32,,,,,,1.3,0.6,1.1,1*25
$GPGSA,M,3,03,16,26,28,29,31,32,,,,,,1.3,0.6,1.1,1*25
$GPGSA,M,3,03,16,26,28,29,31,32,,,,,,1.3,0.6,1.1,1*25
$GPGSA,M,3,03,16,26,28,29,31,32,,,,,,1.3,0.6,1.1,1*25
$GPGSA,M,3,03,16,26,28,29,31,32,,,,,,1.3,0.6,1.1,1*25
$GPGSA,M,3,03,16,26,28,29,31,32,,,,,,1.3,0.6,1.1,1*25
$GPGSA,M,3,03,16,26,28,29,31,32,,,,,,1.3,0.6,1.1,1*25
$GPGSA,M,3,03,16,26,28,29,31,32,,,,,,1.3,0.6,1.1,1*25
$GPGSA,M,3,03,16,26,28,29,31,32,,,,,,1.3,0.6,1.1,1*25
$GPGSA,M,3,03,16,26,28,29,31,32,,,,,,1.3,0.6,1.1,1*25
$GPGSA,M,3,03,16,26,28,29,31,32,,,,,,1.3,0.6,1.1,1*25
$GPGSA,M,3,03,16,26,28,29,31,32,,,,,,1.3,0.6,1.1,1*25
$GPGSA,M,3,03,16,26,28,29,31,32,,,,,,1.3,0.6,1.1,1*25
$GPGSA,M,3,03,16,26,28,29,31,32,,,,,,1.3,0.6,1.1,1*25
$GPGSA,M,3,03,16,26,28,29,31,32,,,,,,1.3,0.6,1.1,1*25
$GPGSA,M,3,03,16,26,28,29,31,32,,,,,,1.3,0.6,1.1,1*25
$GPGSA,M,3,03,16,26,28,29,31,32,,,,,,1.3,0.6,1.1,1*25
$GPGSA,M,3,03,16,26,28,29,31,32,,,,,,1.3,0.6,1.1,1*25
$GPGSA,M,3,03,16,26,28,29,31,32,,,,,,1.3,0.6,1.1,1*25
$GPGSA,M,3,03,16,26,28,29,31,32,,,,,,1.3,0.6,1.1,1*25
$GPGSA,M,3,03,16,26,28,29,31,32,,,,,,1.3,0.6,1.1,1*25
$GPGSA,M,3,03,16,26,28,29,31,32,,,,,,1.3,0.6,1.1,1*25
$GPGSA,M,3,03,16,26,28,29,31,32,,,,,,1.3,0.6,1.1,1*25
$GPGSA,M,3,03,16,26,28,29,31,32,,,,,,1.3,0.6,1.1,1*25
$GPGSA,M,3,03,16,26,28,29,31,32,,,,,,1.3,0.6,1.1,1*25
$GPGSA,M,3,03,16,26,28,29,31,32,,,,,,1.3,0.6,1.1,1*25
$GPGSA,M,3,03,16,26,28,29,31,32,,,,,,1.3,0.6,1.1,1*25
$GPGSA,M,3,03,16,26,28,29,31,32,,,,,,1.3,0.6,1.1,1*25
$GPGSA,M,3,03,16,26,28,29,31,32,,,,,,1.3,0.6,1.1,1*25
$GPGSA,M,3,03,16,26,28,29,31,32,,,,,,1.3,0.6,1.1,1*25
$GPGSA,M,3,03,16,26,28,29,31,32,,,,,,1.3,0.6,1.1,1*25
$GPGSA,M,3,03,16,26,28,29,31,32,,,,,,1.3,0.6,1.1,1*25
$GPGSA,M,3,03,16,26,28,29,31,32,,,,,,1.3,0.6,1.1,1*25
$GPGSA,M,3,03,16,26,28,29,31,32,,,,,,1.3,0.6,1.1,1*25
$GPGSA,M,3,03,16,26,28,29,31,32,,,,,,1.3,0.6,1.1,1*25
$GPGSA,M,3,03,16,26,28,29,31,32,,,,,,1.3,0.6,1.1,1*25
$GPGSA,M,3,03,16,26,28,29,31,32,,,,,,1.3,0.6,1.1,1*25
$GPGSA,M,3,03,16,26,28,29,31,32,,,,,,1.3,0.6,1.1,1*25
$GPGSA,M,3,03,16,26,28,29,31,32,,,,,,1.3,0.6,1.1,1*25
$GPGSA,M,3,03,16,26,28,29,31,32,,,,,,1.3,0.6,1.1,1*25
$GPGSA,M,3,03,16,26,28,29,31,32,,,,,,1.3,0.6,1.1,1*25
$GPGSA,M,3,03,16,26,28,29,31,32,,,,,,1.3,0.6,1.1,1*25
$GPGSA,M,3,03,16,26,28,29,31,32,,,,,,1.3,0.6,1.1,1*25
$GPGSA,M,3,03,16,26,28,29,31,32,,,,,,1.3,0.6,1.1,1*25
$GPGSA,M,3,03,16,26,28,29,31,32,,,,,,1.3,0.6,1.1,1*25
$GPGSA,M,3,03,16,26,28,29,31,32,,,,,,1.3,0.6,1.1,1*25
$GPGSA,M,3,03,16,26,28,29,31,32,,,,,,1.3,0.6,1.1,1*25
$GPGSA,M,3,03,16,26,28,29,31,32,,,,,,1.3,0.6,1.1,1*25
$GPGSA,M,3,03,16,26,28,29,31,32,,,,,,1.3,0.6,1.1,1*25
$GPGSA,M,3,03,16,26,28,29,31,32,,,,,,1.3,0.6,1.1,1*25
$GPGSA,M,3,03,16,26,28,29,31,32,,,,,,1.3,0.6,1.1,1*25
$GPGSA,M,3,03,16,26,28,29,31,32,,,,,,1.3,0.6,1.1,1*25
$GPGSA,M,3,03,16,26,28,29,31,32,,,,,,1.3,0.6,1.1,1*25
$GPGSA,M,3,03,16,26,28,29,31,32,,,,,,1.3,0.6,1.1,1*25
$GPGSA,M,3,03,16,26,28,29,31,32,,,,,,1.3,0.6,1.1,1*25
$GPGSA,M,3,03,16,26,28,29,31,32,,,,,,1.3,0.6,1.1,1*25
$GPGSA,M,3,03,16,26,28,29,31,32,,,,,,1.3,0.6,1.1,1*25
$GPGSA,M,3,03,16,26,28,29,31,32,,,,,,1.3,0.6,1.1,1*25
$GPGSA,M,3,03,16,26,28,29,31,32,,,,,,1.3,0.6,1.1,1*25
$GPGSA,M,3,03,16,26,28,29,31,32,,,,,,1.3,0.6,1.1,1*25
$GPGSA,M,3,03,16,26,28,29,31,32,,,,,,1.3,0.6,1.1,1*25
$GPGSA,M,3,03,16,26,28,29,31,32,,,,,,1.3,0.6,1.1,1*25
$GPGSA,M,3,03,16,26,28,29,31,32,,,,,,1.3,0.6,1.1,1*25
$GPGSA,M,3,03,16,26,28,29,31,32,,,,,,1.3,0.6,1.1,1*25
$GPGSA,M,3,03,16,26,28,29,31,32,,,,,,1.3,0.6,1.1,1*25
$GPGSA,M,3,03,16,26,28,29,31,32,,,,,,1.3,0.6,1.1,1*25
$GPGSA,M,3,03,16,26,28,29,31,32,,,,,,1.3,0.6,1.1,1*25
$GPGSA,M,3,03,16,26,28,29,31,32,,,,,,1.3,0.6,1.1,1*25
$GPGSA,M,3,03,16,26,28,29,31,32,,,,,,1.3,0.6,1.1,1*25
$GPGSA,M,3,03,16,26,28,29,31,32,,,,,,1.3,0.6,1.1,1*25
$GPGSA,M,3,03,16,26,28,29,31,32,,,,,,1.3,0.6,1.1,1*25
$GPGSA,M,3,03,16,26,28,29,31,32,,,,,,1.3,0.6,1.1,1*25
$GPGSA,M,3,03,16,26,28,29,31,32,,,,,,1.3,0.6,1.1,1*25
$GPGSA,M,3,03,16,26,28,29,31,32,,,,,,1.3,0.6,1.1,1*25
$GPGSA,M,3,03,16,26,28,29,31,32,,,,,,1.3,0.6,1.1,1*25
$GPGSA,M,3,03,16,26,28,29,31,32,,,,,,1.3,0.6,1.1,1*25
$GPGSA,M,3,03,16,26,28,29,31,32,,,,,,1.3,0.6,1.1,1*25
$GPGSA,M,3,03,16,26,28,29,31,32,,,,,,1.3,0.6,1.1,1*25
$GPGSA,M,3,03,16,26,28,29,31,32,,,,,,1.3,0.6,1.1,1*25
$GPGSA,M,3,03,16,26,28,29,31,32,,,,,,1.3,0.6,1.1,1*25
$GPGSA,M,3,03,16,26,28,29,31,32,,,,,,1.3,0.6,1.1,1*25
$GPGSA,M,3,03,16,26,28,29,31,32,,,,,,1.3,0.6,1.1,1*25
$GPGSA,M,3,03,16,26,28,29,31,32,,,,,,1.3,0.6,1.1,1*25
$GPGSA,M,3,03,16,26,28,29,31,32,,,,,,1.3,0.6,1.1,1*25
$GPGSA,M,3,03,16,26,28,29,31,32,,,,,,1.3,0.6,1.1,1*25
$GPGSA,M,3,03,16,26,28,29,31,32,,,,,,1.3,0.6,1.1,1*25
$GPGSA,M,3,03,16,26,28,29,31,32,,,,,,1.3,0.6,1.1,1*25
$GPGSA,M,3,03,16,26,28,29,31,32,,,,,,1.3,0.6,1.1,1*25
$GPGSA,M,3,03,16,26,28,29,31,32,,,,,,1.4,0.7,1.3,1*21
$GPGSA,M,3,03,16,26,28,29,31,32,,,,,,1.4,0.7,1.3,1*21
$GPGSA,M,3,03,16,26,28,29,31,32,,,,,,1.4,0.7,1.3,1*21
$GPGSA,M,3,03,16,26,28,29,31,32,,,,,,1.4,0.7,1.3,1*21
$GPGSA,M,3,03,16,26,28,29,31,32,,,,,,1.4,0.7,1.3,1*21
$GPGSA,M,3,03,16,26,28,29,31,32,,,,,,1.4,0.7,1.3,1*21
$GPGSA,M,3,03,16,26,28,29,31,32,,,,,,1.4,0.7,1.3,1*21
$GPGSA,M,3,03,16,26,28,29,31,32,,,,,,1.4,0.7,1.3,1*21
$GPGSA,M,3,03,16,26,28,29,31,32,,,,,,1.4,0.7,1.3,1*21
$GPGSA,M,3,03,16,26,28,29,31,32,,,,,,1.4,0.7,1.3,1*21
$GPGSA,M,3,03,16,26,28,29,31,32,,,,,,1.3,0.6,1.1,1*25
$GPGSA,M,3,03,16,26,28,29,31,32,,,,,,1.3,0.6,1.1,1*25
$GPGSA,M,3,03,16,26,28,29,31,32,,,,,,1.3,0.6,1.1,1*25
$GPGSA,M,3,03,16,26,28,29,31,32,,,,,,1.3,0.6,1.1,1*25
$GPGSA,M,3,03,16,26,28,29,31,32,,,,,,1.3,0.6,1.1,1*25
$GPGSA,M,3,03,16,26,28,29,31,32,,,,,,1.3,0.6,1.1,1*25
$GPGSA,M,3,03,16,26,28,29,31,32,,,,,,1.3,0.6,1.1,1*25
$GPGSA,M,3,03,16,26,28,29,31,32,,,,,,1.3,0.6,1.1,1*25
$GPGSA,M,3,03,16,26,28,29,31,32,,,,,,1.3,0.6,1.1,1*25
$GPGSA,M,3,03,16,26,28,29,31,32,,,,,,1.3,0.6,1.1,1*25
$GPGSA,M,3,03,16,26,28,29,31,32,,,,,,1.3,0.6,1.1,1*25
$GPGSA,M,3,03,16,26,28,29,31,32,,,,,,1.3,0.6,1.1,1*25
$GPGSA,M,3,03,16,26,28,29,31,32,,,,,,1.3,0.6,1.1,1*25
$GPGSA,M,3,03,16,26,28,29,31,32,,,,,,1.3,0.6,1.1,1*25
$GPGSA,M,3,03,16,26,28,29,31,32,,,,,,1.3,0.6,1.1,1*25
$GPGSA,M,3,03,16,26,28,29,31,32,,,,,,1.3,0.6,1.1,1*25
$GPGSA,M,3,03,16,26,28,29,31,32,,,,,,1.3,0.6,1.1,1*25
$GPGSA,M,3,03,16,26,28,29,31,32,,,,,,1.3,0.6,1.1,1*25
$GPGSA,M,3,03,16,26,28,29,31,32,,,,,,1.3,0.6,1.1,1*25
$GPGSA,M,3,03,16,26,28,29,31,32,,,,,,1.3,0.6,1.1,1*25
$GPGSA,M,3,03,16,26,28,29,31,32,,,,,,1.3,0.6,1.1,1*25
$GPGSA,M,3,03,16,26,28,29,31,32,,,,,,1.3,0.6,1.1,1*25
$GPGSA,M,3,03,16,26,28,29,31,32,,,,,,1.3,0.6,1.1,1*25
$GPGSA,M,3,03,16,26,28,29,31,32,,,,,,1.3,0.6,1.1,1*25
$GPGSA,M,3,03,16,26,28,29,31,32,,,,,,1.3,0.6,1.1,1*25
$GPGSA,M,3,03,16,26,28,29,31,32,,,,,,1.3,0.6,1.1,1*25
$GPGSA,M,3,03,16,26,28,29,31,32,,,,,,1.3,0.6,1.1,1*25
$GPGSA,M,3,03,16,26,28,29,31,32,,,,,,1.3,0.6,1.1,1*25
$GPGSA,M,3,03,16,26,28,29,31,32,,,,,,1.3,0.6,1.1,1*25
$GPGSA,M,3,03,16,26,28,29,31,32,,,,,,1.3,0.6,1.1,1*25
$GPGSA,M,3,03,16,26,28,29,31,32,,,,,,1.3,0.6,1.1,1*25
$GPGSA,M,3,03,16,26,28,29,31,32,,,,,,1.3,0.6,1.1,1*25
$GPGSA,M,3,03,16,26,28,29,31,32,,,,,,1.3,0.6,1.1,1*25
$GPGSA,M,3,03,16,26,28,29,31,32,,,,,,1.3,0.6,1.1,1*25
$GPGSA,M,3,03,16,26,28,29,31,32,,,,,,1.3,0.6,1.1,1*25
$GPGSA,M,3,03,16,26,28,29,31,32,,,,,,1.3,0.6,1.1,1*25
$GPGSA,M,3,03,16,26,28,29,31,32,,,,,,1.3,0.6,1.1,1*25
$GPGSA,M,3,03,16,26,28,29,31,32,,,,,,1.3,0.6,1.1,1*25
$GPGSA,M,3,03,16,26,28,29,31,32,,,,,,1.3,0.6,1.1,1*25
$GPGSA,M,3,03,16,26,28,29,31,32,,,,,,1.3,0.6,1.1,1*25
$GPGSA,M,3,03,16,26,28,29,31,32,,,,,,1.3,0.6,1.1,1*25
$GPGSA,M,3,03,16,26,28,29,31,32,,,,,,1.3,0.6,1.1,1*25
$GPGSA,M,3,03,16,26,28,29,31,32,,,,,,1.3,0.6,1.1,1*25
$GPGSA,M,3,03,16,26,28,29,31,32,,,,,,1.3,0.6,1.1,1*25
$GPGSA,M,3,03,16,26,28,29,31,32,,,,,,1.3,0.6,1.1,1*25
$GPGSA,M,3,03,16,26,28,29,31,32,,,,,,1.3,0.6,1.1,1*25
$GPGSA,M,3,03,16,26,28,29,31,32,,,,,,1.3,0.6,1.1,1*25
$GPGSA,M,3,03,16,26,28,29,31,32,,,,,,1.3,0.6,1.1,1*25
$GPGSA,M,3,03,16,26,28,29,31,32,,,,,,1.3,0.6,1.1,1*25
$GPGSA,M,3,03,16,26,28,29,31,32,,,,,,1.3,0.6,1.1,1*25
$GPGSA,M,3,03,16,26,28,29,31,32,,,,,,1.3,0.6,1.1,1*25
$GPGSA,M,3,03,16,26,28,29,31,32,,,,,,1.3,0.6,1.1,1*25
$GPGSA,M,3,03,16,26,28,29,31,32,,,,,,1.3,0.6,1.1,1*25
$GPGSA,M,3,03,16,26,28,29,31,32,,,,,,1.3,0.6,1.1,1*25
$GPGSA,M,3,03,16,26,28,29,31,32,,,,,,1.3,0.6,1.1,1*25
$GPGSA,M,3,03,16,26,28,29,31,32,,,,,,1.3,0.6,1.1,1*25
$GPGSA,M,3,03,16,26,28,29,31,32,,,,,,1.3,0.6,1.1,1*25
$GPGSA,M,3,03,16,26,28,29,31,32,,,,,,1.3,0.6,1.1,1*25
$GPGSA,M,3,03,16,26,28,29,31,32,,,,,,1.3,0.6,1.1,1*25
$GPGSA,M,3,03,16,26,28,29,31,32,,,,,,1.3,0.6,1.1,1*25
$GPGSA,M,3,03,16,26,28,29,31,32,,,,,,1.3,0.6,1.1,1*25
$GPGSA,M,3,03,16,26,28,29,31,32,,,,,,1.3,0.6,1.1,1*25
$GPGSA,M,3,03,16,26,28,29,31,32,,,,,,1.3,0.6,1.1,1*25
$GPGSA,M,3,03,16,26,28,29,31,32,,,,,,1.3,0.6,1.1,1*25
$GPGSA,M,3,03,16,26,28,29,31,32,,,,,,1.3,0.6,1.1,1*25
$GPGSA,M,3,03,16,26,28,29,31,32,,,,,,1.3,0.6,1.1,1*25
$GPGSA,M,3,03,16,26,28,29,31,32,,,,,,1.3,0.6,1.1,1*25
$GPGSA,M,3,03,16,26,28,29,31,32,,,,,,1.3,0.6,1.1,1*25
$GPGSA,M,3,03,16,26,28,29,31,32,,,,,,1.3,0.6,1.1,1*25
$GPGSA,M,3,03,16,26,28,29,31,32,,,,,,1.3,0.6,1.1,1*25
$GPGSA,M,3,03,16,26,28,29,31,32,,,,,,1.3,0.6,1.1,1*25
$GPGSA,M,3,03,16,26,28,29,31,32,,,,,,1.3,0.6,1.1,1*25
$GPGSA,M,3,03,16,26,28,29,31,32,,,,,,1.3,0.6,1.1,1*25
$GPGSA,M,3,03,16,26,28,29,31,32,,,,,,1.3,0.6,1.1,1*25
$GPGSA,M,3,03,16,26,28,29,31,32,,,,,,1.3,0.6,1.1,1*25
$GPGSA,M,3,03,16,26,28,29,31,32,,,,,,1.4,0.7,1.2,1*20
$GPGSA,M,3,03,16,26,28,29,31,32,,,,,,1.4,0.7,1.2,1*20
$GPGSA,M,3,03,16,26,28,29,31,32,,,,,,1.4,0.7,1.2,1*20
$GPGSA,M,3,03,16,26,28,29,31,32,,,,,,1.4,0.7,1.2,1*20
$GPGSA,M,3,03,16,26,28,29,31,32,,,,,,1.4,0.7,1.2,1*20
$GPGSA,M,3,03,16,26,28,29,31,32,,,,,,1.4,0.7,1.2,1*20
$GPGSA,M,3,03,16,26,28,29,31,32,,,,,,1.4,0.7,1.2,1*20
$GPGSA,M,3,03,16,26,28,29,31,32,,,,,,1.4,0.7,1.2,1*20
$GPGSA,M,3,03,16,26,28,29,31,32,,,,,,1.4,0.7,1.2,1*20
$GPGSA,M,3,03,16,26,28,29,31,32,,,,,,1.4,0.7,1.2,1*20
$GPGSA,M,3,03,16,26,28,29,31,32,,,,,,1.4,0.7,1.2,1*20
$GPGSA,M,3,03,16,26,28,29,31,32,,,,,,1.4,0.7,1.2,1*20
$GPGSA,M,3,03,16,26,28,29,31,32,,,,,,1.4,0.7,1.2,1*20
$GPGSA,M,3,03,16,26,28,29,31,32,,,,,,1.4,0.7,1.2,1*20
$GPGSA,M,3,03,16,26,28,29,31,32,,,,,,1.4,0.7,1.2,1*20
$GPGSA,M,3,03,16,26,28,29,31,32,,,,,,1.4,0.7,1.2,1*20
$GPGSA,M,3,03,16,26,28,29,31,32,,,,,,1.4,0.7,1.2,1*20
$GPGSA,M,3,03,16,26,28,29,31,32,,,,,,1.4,0.7,1.2,1*20
$GPGSA,M,3,03,16,26,28,29,31,32,,,,,,1.4,0.7,1.2,1*20
$GPGSA,M,3,03,16,26,28,29,31,32,,,,,,1.4,0.7,1.2,1*20
$GPGSA,M,3,03,16,26,28,29,31,32,,,,,,1.4,0.7,1.2,1*20
$GPGSA,M,3,03,16,26,28,29,31,32,,,,,,1.4,0.7,1.2,1*20
$GPGSA,M,3,03,16,26,28,29,31,32,,,,,,1.4,0.7,1.2,1*20
$GPGSA,M,3,03,16,26,28,29,31,32,,,,,,1.4,0.7,1.2,1*20
$GPGSA,M,3,03,16,26,28,29,31,32,,,,,,1.4,0.7,1.2,1*20
$GPGSA,M,3,03,16,26,28,29,31,32,,,,,,1.4,0.7,1.2,1*20
$GPGSA,M,3,03,16,26,28,29,31,32,,,,,,1.4,0.7,1.2,1*20
$GPGSA,M,3,03,16,26,28,29,31,32,,,,,,1.4,0.7,1.2,1*20
$GPGSA,M,3,03,16,26,28,29,31,32,,,,,,1.4,0.7,1.2,1*20
$GPGSA,M,3,03,16,26,28,29,31,32,,,,,,1.4,0.7,1.2,1*20
$GPGSA,M,3,03,16,26,28,29,31,32,,,,,,1.4,0.7,1.2,1*20
$GPGSA,M,3,03,16,26,28,29,31,32,,,,,,1.4,0.7,1.2,1*20
$GPGSA,M,3,03,16,26,28,29,31,32,,,,,,1.4,0.7,1.2,1*20
$GPGSA,M,3,03,16,26,28,29,31,32,,,,,,1.4,0.7,1.2,1*20
$GPGSA,M,3,03,16,26,28,29,31,32,,,,,,1.4,0.7,1.2,1*20
$GPGSA,M,3,03,16,26,28,29,31,32,,,,,,1.4,0.7,1.3,1*21
$GPGSA,M,3,03,16,26,28,29,31,32,,,,,,1.4,0.7,1.3,1*21
$GPGSA,M,3,03,16,26,28,29,31,32,,,,,,1.4,0.7,1.3,1*21
$GPGSA,M,3,03,16,26,28,29,31,32,,,,,,1.4,0.7,1.3,1*21
$GPGSA,M,3,03,16,26,28,29,31,32,,,,,,1.4,0.7,1.3,1*21
$GPGSA,M,3,03,16,26,28,29,31,32,,,,,,1.4,0.7,1.3,1*21
$GPGSA,M,3,03,16,26,28,29,31,32,,,,,,1.4,0.7,1.3,1*21
$GPGSA,M,3,03,16,26,28,29,31,32,,,,,,1.4,0.7,1.3,1*21
$GPGSA,M,3,03,16,26,28,29,31,32,,,,,,1.4,0.7,1.3,1*21
$GPGSA,M,3,03,16,26,28,29,31,32,,,,,,1.4,0.7,1.3,1*21
$GPGSA,M,3,03,16,26,28,29,31,32,,,,,,1.4,0.7,1.3,1*21
$GPGSA,M,3,03,16,26,28,29,31,32,,,,,,1.4,0.7,1.3,1*21
$GPGSA,M,3,03,16,26,28,29,31,32,,,,,,1.4,0.7,1.3,1*21
$GPGSA,M,3,03,16,26,28,29,31,32,,,,,,1.4,0.7,1.3,1*21
$GPGSA,M,3,03,16,26,28,29,31,32,,,,,,1.4,0.7,1.3,1*21
$GPGSA,M,3,03,16,26,28,29,31,32,,,,,,1.4,0.7,1.3,1*21
$GPGSA,M,3,03,16,26,28,29,31,32,,,,,,1.4,0.7,1.3,1*21
$GPGSA,M,3,03,16,26,28,29,31,32,,,,,,1.4,0.7,1.3,1*21
$GPGSA,M,3,03,16,26,28,29,31,32,,,,,,1.4,0.7,1.3,1*21
$GPGSA,M,3,03,16,26,28,29,31,32,,,,,,1.4,0.7,1.3,1*21
$GPGSA,M,3,03,16,26,28,29,31,32,,,,,,1.4,0.7,1.3,1*21
$GPGSA,M,3,03,16,26,28,29,31,32,,,,,,1.4,0.7,1.3,1*21
$GPGSA,M,3,03,16,26,28,29,31,32,,,,,,1.4,0.7,1.3,1*21
$GPGSA,M,3,03,16,26,28,29,31,32,,,,,,1.4,0.7,1.3,1*21
$GPGSA,M,3,03,16,26,28,29,31,32,,,,,,1.4,0.7,1.3,1*21
$GPGSA,M,3,03,16,26,28,29,31,32,,,,,,1.4,0.7,1.3,1*21
$GPGSA,M,3,03,16,26,28,29,31,32,,,,,,1.4,0.7,1.3,1*21
$GPGSA,M,3,03,16,26,28,29,31,32,,,,,,1.4,0.7,1.3,1*21
$GPGSA,M,3,03,16,26,28,29,31,32,,,,,,1.4,0.7,1.3,1*21
$GPGSA,M,3,03,16,26,28,29,31,32,,,,,,1.4,0.7,1.3,1*21
$GPGSA,M,3,03,16,26,28,29,31,32,,,,,,1.4,0.7,1.3,1*21
$GPGSA,M,3,03,16,26,28,29,31,32,,,,,,1.4,0.7,1.3,1*21
$GPGSA,M,3,03,16,26,28,29,31,32,,,,,,1.4,0.7,1.3,1*21
$GPGSA,M,3,03,16,26,28,29,31,32,,,,,,1.4,0.7,1.3,1*21
$GPGSA,M,3,03,16,26,28,29,31,32,,,,,,1.4,0.7,1.3,1*21
$GPGSA,M,3,03,16,26,28,29,31,32,,,,,,1.4,0.7,1.3,1*21
$GPGSA,M,3,03,16,26,28,29,31,32,,,,,,1.4,0.7,1.3,1*21
$GPGSA,M,3,03,16,26,28,29,31,32,,,,,,1.4,0.7,1.3,1*21
$GPGSA,M,3,03,16,26,28,29,31,32,,,,,,1.4,0.7,1.3,1*21
$GPGSA,M,3,03,16,26,28,29,31,32,,,,,,1.4,0.7,1.3,1*21
$GPGSA,M,3,03,16,26,28,29,31,32,,,,,,1.4,0.7,1.3,1*21
$GPGSA,M,3,03,16,26,28,29,31,32,,,,,,1.4,0.7,1.3,1*21
$GPGSA,M,3,03,16,26,28,29,31,32,,,,,,1.4,0.7,1.3,1*21
$GPGSA,M,3,03,16,26,28,29,31,32,,,,,,1.4,0.7,1.3,1*21
$GPGSA,M,3,03,16,26,28,29,31,32,,,,,,1.4,0.7,1.3,1*21
$GPGSA,M,3,03,16,26,28,29,31,32,,,,,,1.4,0.7,1.3,1*21
$GPGSA,M,3,03,16,26,28,29,31,32,,,,,,1.4,0.7,1.3,1*21
$GPGSA,M,3,03,16,26,28,29,31,32,,,,,,1.4,0.7,1.3,1*21
$GPGSA,M,3,03,16,26,28,29,31,32,,,,,,1.4,0.7,1.3,1*21
$GPGSA,M,3,03,16,26,28,29,31,32,,,,,,1.4,0.7,1.3,1*21
$GPGSA,M,3,03,16,26,28,29,31,32,,,,,,1.4,0.7,1.3,1*21
$GPGSA,M,3,03,16,26,28,29,31,32,,,,,,1.4,0.7,1.3,1*21
$GPGSA,M,3,03,16,26,28,29,31,32,,,,,,1.4,0.7,1.3,1*21
$GPGSA,M,3,03,16,26,28,29,31,32,,,,,,1.4,0.7,1.3,1*21
$GPGSA,M,3,03,16,26,28,29,31,32,,,,,,1.4,0.7,1.3,1*21
$GPGSA,M,3,03,16,26,28,29,31,32,,,,,,1.4,0.7,1.3,1*21
$GPGSA,M,3,03,16,26,28,29,31,32,,,,,,1.4,0.7,1.3,1*21
$GPGSA,M,3,03,16,26,28,29,31,32,,,,,,1.4,0.7,1.3,1*21
$GPGSA,M,3,03,16,26,28,29,31,32,,,,,,1.4,0.7,1.3,1*21
$GPGSA,M,3,03,16,26,28,29,31,32,,,,,,1.4,0.7,1.3,1*21
$GPGSA,M,3,03,16,26,28,29,31,32,,,,,,1.4,0.7,1.3,1*21
$GPGSA,M,3,03,16,26,28,29,31,32,,,,,,1.4,0.7,1.3,1*21
$GPGSA,M,3,03,16,26,28,29,31,32,,,,,,1.4,0.7,1.3,1*21
$GPGSA,M,3,03,16,26,28,29,31,32,,,,,,1.4,0.7,1.3,1*21
$GPGSA,M,3,03,16,26,28,29,31,32,,,,,,1.4,0.7,1.3,1*21
$GPGSA,M,3,03,16,26,28,29,31,32,,,,,,1.4,0.7,1.3,1*21
$GPGSA,M,3,03,16,26,28,29,31,32,,,,,,1.4,0.7,1.3,1*21
$GPGSA,M,3,03,16,26,28,29,31,32,,,,,,1.4,0.7,1.3,1*21
$GPGSA,M,3,03,16,26,28,29,31,32,,,,,,1.4,0.7,1.3,1*21
$GPGSA,M,3,03,16,26,28,29,31,32,,,,,,1.4,0.7,1.3,1*21
$GPGSA,M,3,03,16,26,28,29,31,32,,,,,,1.4,0.7,1.3,1*21
$GPGSA,M,3,03,16,26,28,29,31,32,,,,,,1.4,0.7,1.3,1*21
$GPGSA,M,3,03,16,26,28,29,31,32,,,,,,1.4,0.7,1.3,1*21
$GPGSA,M,3,03,16,26,28,29,31,32,,,,,,1.4,0.7,1.3,1*21
$GPGSA,M,3,03,16,26,28,29,31,32,,,,,,1.4,0.7,1.3,1*21
$GPGSA,M,3,03,16,26,28,29,31,32,,,,,,1.4,0.7,1.3,1*21
$GPGSA,M,3,03,16,26,28,29,31,32,,,,,,1.4,0.7,1.3,1*21
$GPGSA,M,3,03,16,26,28,29,31,32,,,,,,1.4,0.7,1.3,1*21
$GPGSA,M,3,03,16,26,27,28,29,31,32,,,,,1.4,0.7,1.3,1*24
$GPGSA,M,3,03,16,27,28,29,31,32,,,,,,1.4,0.7,1.3,1*20
$GPGSA,M,3,03,16,28,29,31,32,,,,,,,1.4,0.7,1.3,1*25
$GPGSA,M,3,03,16,28,29,31,32,,,,,,,1.4,0.7,1.3,1*25
$GPGSA,M,3,03,16,28,29,31,32,,,,,,,1.4,0.7,1.3,1*25
$GPGSA,M,3,03,16,27,28,29,31,32,,,,,,1.4,0.7,1.3,1*20
$GPGSA,M,3,03,16,27,28,29,31,32,,,,,,1.4,0.7,1.3,1*20
$GPGSA,M,3,03,16,26,27,28,29,31,32,,,,,1.3,0.6,1.1,1*20
$GPGSA,M,3,03,16,26,28,29,31,32,,,,,,1.3,0.6,1.1,1*25
$GPGSA,M,3,03,16,26,28,29,31,32,,,,,,1.3,0.6,1.1,1*25
$GPGSA,M,3,03,16,26,27,28,29,31,32,,,,,1.3,0.6,1.1,1*20
$GPGSA,M,3,03,16,26,28,29,31,32,,,,,,1.3,0.6,1.1,1*25
$GPGSA,M,3,03,16,26,28,29,31,32,,,,,,1.3,0.6,1.1,1*25
$GPGSA,M,3,03,16,26,28,29,31,32,,,,,,1.3,0.6,1.1,1*25
$GPGSA,M,3,03,16,26,28,29,31,32,,,,,,1.3,0.6,1.1,1*25
$GPGSA,M,3,03,16,26,28,29,31,32,,,,,,1.3,0.6,1.1,1*25
$GPGSA,M,3,03,16,26,28,29,31,32,,,,,,1.3,0.6,1.1,1*25
$GPGSA,M,3,03,16,26,27,28,29,31,32,,,,,1.3,0.6,1.1,1*20
$GPGSA,M,3,03,16,26,27,28,29,31,32,,,,,1.3,0.6,1.1,1*20
$GPGSA,M,3,03,16,26,27,28,29,31,32,,,,,1.3,0.6,1.1,1*20
$GPGSA,M,3,03,16,26,27,28,29,31,32,,,,,1.3,0.6,1.1,1*20
$GPGSA,M,3,03,16,26,27,28,29,31,32,,,,,1.3,0.6,1.1,1*20
$GPGSA,M,3,03,16,26,27,28,29,31,32,,,,,1.3,0.6,1.1,1*20
$GPGSA,M,3,03,16,26,27,28,29,31,32,,,,,1.3,0.6,1.1,1*20
$GPGSA,M,3,03,16,26,27,28,29,31,32,,,,,1.3,0.6,1.1,1*20
$GPGSA,M,3,03,16,26,27,28,29,31,32,,,,,1.3,0.6,1.1,1*20
$GPGSA,M,3,03,16,26,28,29,31,32,,,,,,1.3,0.6,1.1,1*25
$GPGSA,M,3,03,16,26,28,29,31,32,,,,,,1.3,0.6,1.1,1*25
$GPGSA,M,3,03,16,26,28,29,31,32,,,,,,1.3,0.6,1.1,1*25
$GPGSA,M,3,03,16,26,28,29,31,32,,,,,,1.3,0.6,1.1,1*25
$GPGSA,M,3,03,16,26,27,28,29,31,32,,,,,1.3,0.6,1.1,1*20
$GPGSA,M,3,03,16,26,27,28,29,31,32,,,,,1.3,0.6,1.1,1*20
$GPGSA,M,3,03,16,26,27,28,29,31,32,,,,,1.3,0.6,1.1,1*20
$GPGSA,M,3,03,16,26,27,28,29,31,32,,,,,1.3,0.6,1.1,1*20
$GPGSA,M,3,03,16,26,27,28,29,31,32,,,,,1.3,0.6,1.1,1*20
$GPGSA,M,3,03,16,26,27,28,29,31,32,,,,,1.3,0.6,1.1,1*20
$GPGSA,M,3,03,16,26,27,28,29,31,32,,,,,1.3,0.6,1.1,1*20
$GPGSA,M,3,03,16,26,27,28,29,31,32,,,,,1.3,0.6,1.1,1*20
$GPGSA,M,3,03,16,26,27,28,29,31,32,,,,,1.3,0.6,1.1,1*20
$GPGSA,M,3,03,16,26,27,28,29,31,32,,,,,1.3,0.6,1.1,1*20
$GPGSA,M,3,03,16,26,27,28,29,31,32,,,,,1.3,0.6,1.1,1*20
$GPGSA,M,3,03,16,26,27,28,29,31,32,,,,,1.3,0.6,1.1,1*20
$GPGSA,M,3,03,16,26,27,28,29,31,32,,,,,1.3,0.6,1.2,1*23
$GPGSA,M,3,03,16,26,27,28,29,31,32,,,,,1.3,0.6,1.2,1*23
$GPGSA,M,3,03,16,26,27,28,29,31,32,,,,,1.3,0.6,1.2,1*23
$GPGSA,M,3,03,16,26,27,28,29,31,32,,,,,1.3,0.6,1.2,1*23
$GPGSA,M,3,03,16,27,28,29,31,32,,,,,,1.3,0.6,1.2,1*27
$GPGSA,M,3,03,16,27,28,29,31,32,,,,,,1.3,0.6,1.1,1*24
$GPGSA,M,3,03,16,27,28,29,31,32,,,,,,1.3,0.6,1.1,1*24
$GPGSA,M,3,03,16,27,28,29,31,32,,,,,,1.3,0.6,1.1,1*24
$GPGSA,M,3,03,16,26,27,28,29,31,32,,,,,1.3,0.6,1.1,1*20
$GPGSA,M,3,03,16,26,27,28,29,31,32,,,,,1.3,0.6,1.1,1*20
$GPGSA,M,3,03,16,26,27,28,29,31,32,,,,,1.4,0.7,1.2,1*25
$GPGSA,M,3,03,16,26,27,28,29,31,32,,,,,1.4,0.7,1.2,1*25
$GPGSA,M,3,03,16,26,27,28,29,31,32,,,,,1.4,0.7,1.2,1*25
$GPGSA,M,3,03,16,26,27,28,29,31,32,,,,,1.4,0.7,1.2,1*25
$GPGSA,M,3,03,16,26,27,28,29,31,32,,,,,1.4,0.7,1.2,1*25
$GPGSA,M,3,03,16,26,27,28,29,31,32,,,,,1.4,0.7,1.2,1*25
$GPGSA,M,3,03,16,26,27,28,29,31,32,,,,,1.4,0.7,1.2,1*25
$GPGSA,M,3,03,16,26,27,28,29,31,32,,,,,1.4,0.7,1.2,1*25
$GPGSA,M,3,03,16,26,27,28,29,31,32,,,,,1.4,0.7,1.2,1*25
$GPGSA,M,3,03,16,26,27,28,29,31,32,,,,,1.4,0.7,1.2,1*25
$GPGSA,M,3,03,16,26,27,28,29,31,32,,,,,1.3,0.6,1.2,1*23
$GPGSA,M,3,03,16,26,27,28,29,31,32,,,,,1.3,0.6,1.2,1*23
$GPGSA,M,3,03,16,26,27,28,29,31,32,,,,,1.3,0.6,1.2,1*23
$GPGSA,M,3,03,16,26,27,28,29,31,32,,,,,1.3,0.6,1.2,1*23
$GPGSA,M,3,03,16,26,27,28,29,31,32,,,,,1.3,0.6,1.2,1*23
$GPGSA,M,3,03,16,26,27,28,29,31,32,,,,,1.3,0.6,1.2,1*23
$GPGSA,M,3,03,16,26,28,29,31,32,,,,,,1.3,0.6,1.2,1*26
$GPGSA,M,3,03,16,26,28,29,31,32,,,,,,1.3,0.6,1.2,1*26
$GPGSA,M,3,03,16,26,27,28,29,31,32,,,,,1.3,0.6,1.2,1*23
$GPGSA,M,3,03,16,26,27,28,29,31,32,,,,,1.3,0.6,1.2,1*23
$GPGSA,M,3,03,16,26,27,28,29,31,32,,,,,1.3,0.6,1.2,1*23
$GPGSA,M,3,03,16,26,27,28,29,31,32,,,,,1.3,0.6,1.2,1*23
$GPGSA,M,3,03,16,26,27,28,29,31,32,,,,,1.3,0.6,1.2,1*23
$GPGSA,M,3,03,16,26,27,28,29,31,32,,,,,1.3,0.6,1.2,1*23
$GPGSA,M,3,03,16,26,27,28,29,31,32,,,,,1.3,0.6,1.2,1*23
$GPGSA,M,3,03,16,26,27,28,29,31,32,,,,,1.3,0.6,1.2,1*23
$GPGSA,M,3,03,16,26,27,28,29,31,32,,,,,1.3,0.6,1.2,1*23
$GPGSA,M,3,03,16,26,27,28,29,31,32,,,,,1.3,0.6,1.2,1*23
$GPGSA,M,3,03,16,26,27,28,29,31,32,,,,,1.3,0.6,1.2,1*23
$GPGSA,M,3,03,16,26,27,28,29,31,32,,,,,1.3,0.6,1.2,1*23
$GPGSA,M,3,03,16,26,27,28,29,31,32,,,,,1.4,0.7,1.2,1*25
$GPGSA,M,3,03,16,26,27,28,29,31,32,,,,,1.4,0.7,1.2,1*25
$GPGSA,M,3,03,16,26,27,28,29,31,32,,,,,1.4,0.7,1.2,1*25
$GPGSA,M,3,03,16,26,27,28,29,31,32,,,,,1.4,0.7,1.2,1*25
$GPGSA,M,3,03,16,26,27,28,29,31,32,,,,,1.4,0.7,1.2,1*25
$GPGSA,M,3,03,16,26,27,28,29,31,32,,,,,1.3,0.6,1.2,1*23
$GPGSA,M,3,03,16,26,27,28,29,31,32,,,,,1.3,0.6,1.2,1*23
$GPGSA,M,3,03,16,26,27,28,29,31,32,,,,,1.3,0.6,1.2,1*23
$GPGSA,M,3,03,16,26,27,28,29,31,32,,,,,1.3,0.6,1.2,1*23
$GPGSA,M,3,03,16,26,27,28,29,31,32,,,,,1.3,0.6,1.2,1*23
$GPGSA,M,3,03,16,26,27,28,29,31,32,,,,,1.4,0.6,1.2,1*24
$GPGSA,M,3,03,16,26,27,28,29,31,32,,,,,1.4,0.6,1.2,1*24
$GPGSA,M,3,03,16,26,27,28,29,31,32,,,,,1.4,0.6,1.2,1*24
$GPGSA,M,3,03,16,26,27,28,29,31,32,,,,,1.4,0.6,1.2,1*24
$GPGSA,M,3,03,16,26,27,28,29,31,32,,,,,1.4,0.6,1.2,1*24
$GPGSA,M,3,03,16,26,27,28,29,31,32,,,,,1.4,0.7,1.2,1*25
$GPGSA,M,3,03,16,26,27,28,29,31,32,,,,,1.4,0.7,1.2,1*25
$GPGSA,M,3,03,16,26,27,28,29,31,32,,,,,1.4,0.7,1.2,1*25
$GPGSA,M,3,03,16,26,27,28,29,31,32,,,,,1.4,0.7,1.2,1*25
$GPGSA,M,3,03,16,26,27,28,29,31,32,,,,,1.4,0.7,1.2,1*25
$GPGSA,M,3,03,16,26,27,28,29,31,32,,,,,1.3,0.6,1.1,1*20
$GPGSA,M,3,03,16,26,27,28,29,31,32,,,,,1.3,0.6,1.1,1*20
$GPGSA,M,3,03,04,16,26,27,28,29,31,32,,,,1.3,0.6,1.1,1*24
$GPGSA,M,3,03,04,16,26,27,28,29,31,32,,,,1.3,0.6,1.1,1*24
$GPGSA,M,3,03,04,16,26,27,28,29,31,32,,,,1.3,0.6,1.1,1*24
$GPGSA,M,3,03,04,16,26,27,28,29,31,32,,,,1.3,0.6,1.1,1*24
$GPGSA,M,3,03,04,16,26,27,28,29,31,32,,,,1.3,0.6,1.1,1*24
$GPGSA,M,3,03,04,16,26,27,28,29,31,32,,,,1.3,0.6,1.1,1*24
$GPGSA,M,3,03,04,16,26,27,28,29,31,32,,,,1.3,0.6,1.1,1*24
$GPGSA,M,3,03,04,16,26,27,28,29,31,32,,,,1.3,0.6,1.1,1*24
$GPGSA,M,3,03,04,16,26,27,28,29,31,32,,,,1.3,0.7,1.1,1*25
$GPGSA,M,3,03,04,16,26,27,28,29,31,32,,,,1.3,0.7,1.1,1*25
$GPGSA,M,3,03,04,16,26,27,28,29,31,32,,,,1.3,0.7,1.1,1*25
$GPGSA,M,3,03,04,16,26,27,28,29,31,32,,,,1.3,0.7,1.1,1*25
$GPGSA,M,3,03,04,16,26,27,28,29,31,32,,,,1.3,0.7,1.1,1*25
$GPGSA,M,3,03,04,16,26,27,28,29,31,32,,,,1.3,0.7,1.1,1*25
$GPGSA,M,3,03,04,16,26,27,28,29,31,32,,,,1.3,0.7,1.1,1*25
$GPGSA,M,3,03,04,16,26,27,28,29,31,32,,,,1.3,0.7,1.1,1*25
$GPGSA,M,3,03,04,16,26,27,28,29,31,32,,,,1.3,0.7,1.1,1*25
$GPGSA,M,3,03,04,16,26,27,28,29,31,32,,,,1.3,0.7,1.1,1*25
$GPGSA,M,3,03,04,16,26,27,28,29,31,32,,,,1.4,0.7,1.2,1*21
$GPGSA,M,3,03,04,16,26,27,28,29,31,32,,,,1.4,0.7,1.2,1*21
$GPGSA,M,3,03,04,16,26,27,28,29,31,32,,,,1.4,0.7,1.2,1*21
$GPGSA,M,3,03,04,16,26,27,28,29,31,32,,,,1.4,0.7,1.2,1*21
$GPGSA,M,3,03,04,16,26,27,28,29,31,32,,,,1.4,0.7,1.2,1*21
$GPGSA,M,3,03,04,16,26,27,28,29,31,32,,,,1.4,0.7,1.2,1*21
$GPGSA,M,3,03,04,16,26,27,28,29,31,32,,,,1.4,0.7,1.2,1*21
$GPGSA,M,3,03,04,16,26,27,28,29,31,32,,,,1.4,0.7,1.2,1*21
$GPGSA,M,3,03,04,16,26,27,28,29,31,32,,,,1.4,0.7,1.2,1*21
$GPGSA,M,3,03,04,16,26,27,28,29,31,32,,,,1.4,0.7,1.2,1*21
$GPGSA,M,3,03,04,16,26,27,28,29,31,32,,,,1.4,0.7,1.2,1*21
$GPGSA,M,3,03,04,16,26,27,28,29,31,32,,,,1.4,0.7,1.2,1*21
$GPGSA,M,3,03,04,16,26,27,28,29,31,32,,,,1.4,0.7,1.2,1*21
$GPGSA,M,3,03,04,16,26,27,28,29,31,32,,,,1.4,0.7,1.2,1*21
$GPGSA,M,3,03,04,16,26,27,28,29,31,32,,,,1.4,0.7,1.2,1*21
$GPGSA,M,3,03,04,16,26,27,28,29,31,32,,,,1.3,0.6,1.1,1*24
$GPGSA,M,3,03,04,16,26,27,28,29,31,32,,,,1.3,0.6,1.1,1*24
$GPGSA,M,3,03,04,16,26,27,28,29,31,32,,,,1.3,0.6,1.1,1*24
$GPGSA,M,3,03,04,16,26,27,28,29,31,32,,,,1.3,0.6,1.1,1*24
$GPGSA,M,3,03,04,16,26,27,28,29,31,32,,,,1.3,0.6,1.1,1*24
$GPGSA,M,3,03,04,16,26,27,28,29,31,32,,,,1.4,0.7,1.2,1*21
$GPGSA,M,3,03,04,16,26,27,28,29,31,32,,,,1.4,0.7,1.2,1*21
$GPGSA,M,3,03,04,16,26,27,28,29,31,32,,,,1.4,0.7,1.2,1*21
$GPGSA,M,3,03,04,16,26,27,28,29,31,32,,,,1.4,0.7,1.2,1*21
$GPGSA,M,3,03,04,16,26,27,28,29,31,32,,,,1.4,0.7,1.2,1*21
$GPGSA,M,3,03,04,16,26,27,28,29,31,32,,,,1.2,0.6,1.0,1*24
$GPGSA,M,3,03,04,16,26,27,28,29,31,32,,,,1.2,0.6,1.0,1*24
$GPGSA,M,3,03,04,16,26,27,28,29,31,32,,,,1.2,0.6,1.0,1*24
$GPGSA,M,3,03,04,16,26,27,28,29,31,32,,,,1.2,0.6,1.0,1*24
$GPGSA,M,3,03,04,16,26,27,28,29,31,32,,,,1.2,0.6,1.0,1*24
$GPGSA,M,3,03,04,16,26,27,28,29,31,32,,,,1.3,0.6,1.1,1*24
$GPGSA,M,3,03,04,16,26,27,28,29,31,32,,,,1.3,0.6,1.1,1*24
$GPGSA,M,3,03,04,16,26,27,28,29,31,32,,,,1.3,0.6,1.1,1*24
$GPGSA,M,3,03,04,16,26,27,28,29,31,32,,,,1.3,0.6,1.1,1*24
$GPGSA,M,3,03,04,16,26,27,28,29,31,32,,,,1.3,0.6,1.1,1*24
$GPGSA,M,3,03,04,16,26,27,28,29,31,32,,,,1.3,0.6,1.1,1*24
$GPGSA,M,3,03,04,16,26,27,28,29,31,32,,,,1.3,0.6,1.1,1*24
$GPGSA,M,3,03,04,16,26,27,28,29,31,32,,,,1.3,0.6,1.1,1*24
$GPGSA,M,3,03,04,16,26,27,28,29,31,32,,,,1.3,0.6,1.1,1*24
$GPGSA,M,3,03,04,16,26,27,28,29,31,32,,,,1.3,0.6,1.1,1*24
$GPGSA,M,3,03,04,16,26,27,28,29,31,32,,,,1.3,0.6,1.1,1*24
$GPGSA,M,3,03,04,16,26,27,28,29,31,32,,,,1.3,0.6,1.1,1*24
$GPGSA,M,3,03,04,16,26,27,28,29,31,32,,,,1.3,0.6,1.1,1*24
$GPGSA,M,3,03,04,16,26,27,28,29,31,32,,,,1.3,0.6,1.1,1*24
$GPGSA,M,3,03,04,16,26,27,28,29,31,32,,,,1.3,0.6,1.1,1*24
$GPGSA,M,3,03,04,16,26,27,28,29,31,32,,,,1.3,0.6,1.1,1*24
$GPGSA,M,3,03,04,16,26,27,28,29,31,32,,,,1.3,0.6,1.1,1*24
$GPGSA,M,3,03,04,16,26,27,28,29,31,32,,,,1.3,0.6,1.1,1*24
$GPGSA,M,3,03,04,16,26,27,28,29,31,32,,,,1.3,0.6,1.1,1*24
$GPGSA,M,3,03,04,16,26,27,28,29,31,32,,,,1.3,0.6,1.1,1*24
$GPGSA,M,3,03,04,16,26,27,28,29,31,32,,,,1.3,0.6,1.1,1*24
$GPGSA,M,3,03,04,16,26,27,28,29,31,32,,,,1.3,0.6,1.1,1*24
$GPGSA,M,3,03,04,16,26,27,28,29,31,32,,,,1.3,0.6,1.1,1*24
$GPGSA,M,3,03,04,16,26,27,28,29,31,32,,,,1.3,0.6,1.1,1*24
$GPGSA,M,3,03,04,16,26,27,28,29,31,32,,,,1.3,0.6,1.1,1*24
$GPGSA,M,3,03,04,16,26,27,28,29,31,32,,,,1.3,0.6,1.1,1*24
$GPGSA,M,3,03,04,16,26,27,28,29,31,32,,,,1.3,0.6,1.1,1*24
$GPGSA,M,3,03,04,16,26,27,28,29,31,32,,,,1.3,0.6,1.1,1*24
$GPGSA,M,3,03,04,16,26,27,28,29,31,32,,,,1.3,0.6,1.1,1*24
$GPGSA,M,3,03,04,16,26,27,28,29,31,32,,,,1.3,0.6,1.1,1*24
$GPGSA,M,3,03,04,16,26,27,28,29,31,32,,,,1.3,0.6,1.1,1*24
$GPGSA,M,3,03,04,16,26,27,28,29,31,32,,,,1.3,0.6,1.1,1*24
$GPGSA,M,3,03,04,16,26,27,28,29,31,32,,,,1.3,0.6,1.1,1*24
$GPGSA,M,3,03,04,16,26,27,28,29,31,32,,,,1.3,0.6,1.1,1*24
$GPGSA,M,3,03,04,16,26,27,28,29,31,32,,,,1.3,0.6,1.1,1*24
$GPGSA,M,3,03,04,16,26,27,28,29,31,32,,,,1.3,0.6,1.1,1*24
$GPGSA,M,3,03,04,16,26,27,28,29,31,32,,,,1.3,0.6,1.1,1*24
$GPGSA,M,3,03,04,16,26,27,28,29,31,32,,,,1.3,0.6,1.1,1*24
$GPGSA,M,3,03,04,16,26,27,28,29,31,32,,,,1.3,0.6,1.1,1*24
$GPGSA,M,3,03,04,16,26,27,28,29,31,32,,,,1.3,0.6,1.1,1*24
$GPGSA,M,3,03,04,16,26,27,28,29,31,32,,,,1.3,0.6,1.1,1*24
$GPGSA,M,3,03,04,16,26,27,28,29,31,32,,,,1.3,0.6,1.1,1*24
$GPGSA,M,3,03,04,16,26,27,28,29,31,32,,,,1.3,0.6,1.1,1*24
$GPGSA,M,3,03,04,16,26,27,28,29,31,32,,,,1.3,0.6,1.1,1*24
$GPGSA,M,3,03,04,16,26,27,28,29,31,32,,,,1.3,0.6,1.1,1*24
$GPGSA,M,3,03,04,16,26,27,28,29,31,32,,,,1.3,0.6,1.1,1*24
$GPGSA,M,3,03,04,16,26,27,28,29,31,32,,,,1.3,0.6,1.1,1*24
$GPGSA,M,3,03,04,16,26,27,28,29,31,32,,,,1.3,0.6,1.1,1*24
$GPGSA,M,3,03,04,16,26,27,28,29,31,32,,,,1.3,0.6,1.1,1*24
$GPGSA,M,3,03,04,16,26,27,28,29,31,32,,,,1.3,0.6,1.1,1*24
$GPGSA,M,3,03,04,16,26,27,28,29,31,32,,,,1.3,0.6,1.1,1*24
$GPGSA,M,3,03,04,16,26,27,28,29,31,32,,,,1.3,0.6,1.1,1*24
$GPGSA,M,3,03,04,16,26,27,28,29,31,32,,,,1.3,0.6,1.1,1*24
$GPGSA,M,3,03,04,16,26,27,28,29,31,32,,,,1.3,0.6,1.1,1*24
$GPGSA,M,3,03,04,16,26,27,28,29,31,32,,,,1.3,0.6,1.1,1*24
$GPGSA,M,3,03,04,16,26,27,28,29,31,32,,,,1.3,0.6,1.1,1*24
$GPGSA,M,3,03,04,16,26,27,28,29,31,32,,,,1.3,0.6,1.1,1*24
$GPGSA,M,3,03,04,16,26,27,28,29,31,32,,,,1.3,0.6,1.1,1*24
$GPGSA,M,3,03,04,16,26,27,28,29,31,32,,,,1.3,0.6,1.1,1*24
$GPGSA,M,3,03,04,16,26,27,28,29,31,32,,,,1.3,0.6,1.1,1*24
$GPGSA,M,3,03,04,16,26,27,28,29,31,32,,,,1.3,0.6,1.1,1*24
$GPGSA,M,3,03,04,16,26,27,28,29,31,32,,,,1.3,0.6,1.1,1*24
$GPGSA,M,3,03,04,16,26,27,28,29,31,32,,,,1.3,0.6,1.1,1*24
$GPGSA,M,3,03,04,16,26,27,28,29,31,32,,,,1.3,0.6,1.1,1*24
$GPGSA,M,3,03,04,16,26,27,28,29,31,32,,,,1.3,0.6,1.1,1*24
$GPGSA,M,3,03,04,16,26,27,28,29,31,32,,,,1.3,0.6,1.1,1*24
$GPGSA,M,3,03,04,16,26,27,28,29,31,32,,,,1.3,0.6,1.1,1*24
$GPGSA,M,3,03,04,16,26,27,28,29,31,32,,,,1.3,0.6,1.1,1*24
$GPGSA,M,3,03,04,16,26,27,28,29,31,32,,,,1.3,0.6,1.1,1*24
$GPGSA,M,3,03,04,16,26,27,28,29,31,32,,,,1.3,0.6,1.1,1*24
$GPGSA,M,3,03,04,16,26,27,28,29,31,32,,,,1.3,0.6,1.1,1*24
$GPGSA,M,3,03,04,16,26,27,28,29,31,32,,,,1.3,0.6,1.1,1*24
$GPGSA,M,3,03,04,16,26,27,28,29,31,32,,,,1.3,0.6,1.1,1*24
$GPGSA,M,3,03,04,16,26,27,28,29,31,32,,,,1.3,0.6,1.1,1*24
$GPGSA,M,3,03,04,16,26,27,28,29,31,32,,,,1.3,0.6,1.1,1*24
$GPGSA,M,3,03,04,16,26,27,28,29,31,32,,,,1.3,0.6,1.1,1*24
$GPGSA,M,3,03,04,16,26,27,28,29,31,32,,,,1.3,0.6,1.1,1*24
$GPGSA,M,3,03,04,16,26,27,28,29,31,32,,,,1.3,0.6,1.1,1*24
$GPGSA,M,3,03,04,16,26,27,28,29,31,32,,,,1.3,0.6,1.1,1*24
$GPGSA,M,3,03,04,16,26,27,28,29,31,32,,,,1.3,0.6,1.1,1*24
$GPGSA,M,3,03,04,16,26,27,28,29,31,32,,,,1.3,0.6,1.1,1*24
$GPGSA,M,3,03,04,16,26,27,28,29,31,32,,,,1.3,0.6,1.1,1*24
$GPGSA,M,3,03,04,16,26,27,28,29,31,32,,,,1.3,0.6,1.1,1*24
$GPGSA,M,3,03,04,16,26,27,28,29,31,32,,,,1.3,0.6,1.1,1*24
$GPGSA,M,3,03,04,16,26,27,28,29,31,32,,,,1.3,0.6,1.1,1*24
$GPGSA,M,3,03,04,16,26,27,28,29,31,32,,,,1.3,0.6,1.1,1*24
$GPGSA,M,3,03,04,16,26,27,28,29,31,32,,,,1.3,0.6,1.1,1*24
$GPGSA,M,3,03,04,16,26,27,28,29,31,32,,,,1.3,0.6,1.1,1*24
$GPGSA,M,3,03,04,16,26,27,28,29,31,32,,,,1.3,0.6,1.1,1*24
$GPGSA,M,3,03,04,16,26,27,28,29,31,32,,,,1.3,0.6,1.1,1*24
$GPGSA,M,3,03,04,16,26,27,28,29,31,32,,,,1.4,0.7,1.2,1*21
$GPGSA,M,3,03,04,16,26,27,28,29,31,32,,,,1.4,0.7,1.2,1*21
$GPGSA,M,3,03,04,16,26,27,28,29,31,32,,,,1.4,0.7,1.2,1*21
$GPGSA,M,3,03,16,26,27,28,31,32,,,,,,1.4,0.7,1.2,1*2E
$GPGSA,M,3,03,16,26,27,28,31,32,,,,,,1.4,0.7,1.2,1*2E
$GPGSA,M,3,03,16,26,27,28,29,31,32,,,,,1.3,0.6,1.1,1*20
$GPGSA,M,3,03,04,16,26,27,28,29,31,32,,,,1.3,0.6,1.1,1*24
$GPGSA,M,3,03,04,16,26,27,28,29,31,32,,,,1.3,0.6,1.1,1*24
$GPGSA,M,3,03,04,16,26,27,28,29,31,32,,,,1.3,0.6,1.1,1*24
$GPGSA,M,3,03,04,16,26,27,28,29,31,32,,,,1.3,0.6,1.1,1*24
$GPGSA,M,3,03,04,16,26,27,28,29,31,32,,,,1.4,0.7,1.2,1*21
$GPGSA,M,3,03,04,16,26,27,28,29,31,32,,,,1.4,0.7,1.2,1*21
$GPGSA,M,3,03,04,16,26,27,28,29,31,32,,,,1.4,0.7,1.2,1*21
$GPGSA,M,3,03,04,16,26,27,28,29,31,32,,,,1.4,0.7,1.2,1*21
$GPGSA,M,3,03,04,16,26,27,28,29,31,32,,,,1.4,0.7,1.2,1*21
$GPGSA,M,3,03,16,26,27,28,29,31,32,,,,,1.2,0.6,1.0,1*20
$GPGSA,M,3,03,16,26,27,28,29,31,32,,,,,1.2,0.6,1.0,1*20
$GPGSA,M,3,03,04,16,26,27,28,29,31,32,,,,1.2,0.6,1.0,1*24
$GPGSA,M,3,03,04,16,26,27,28,29,31,32,,,,1.2,0.6,1.0,1*24
$GPGSA,M,3,03,04,16,26,27,28,29,31,32,,,,1.2,0.6,1.0,1*24
$GPGSA,M,3,03,04,16,26,27,28,29,31,32,,,,1.2,0.6,1.1,1*25
$GPGSA,M,3,03,04,16,26,27,28,29,31,32,,,,1.2,0.6,1.1,1*25
$GPGSA,M,3,03,04,16,26,27,28,29,31,32,,,,1.2,0.6,1.1,1*25
$GPGSA,M,3,03,04,16,26,27,28,29,31,32,,,,1.2,0.6,1.1,1*25
$GPGSA,M,3,03,04,16,26,27,28,29,31,32,,,,1.2,0.6,1.1,1*25
$GPGSA,M,3,03,04,16,26,27,28,29,31,32,,,,1.2,0.6,1.1,1*25
$GPGSA,M,3,03,04,16,26,27,28,29,31,32,,,,1.2,0.6,1.1,1*25
$GPGSA,M,3,03,04,16,26,27,28,29,31,32,,,,1.2,0.6,1.1,1*25
$GPGSA,M,3,03,04,16,26,27,28,31,32,,,,,1.2,0.6,1.1,1*2E
$GPGSA,M,3,03,04,16,26,27,28,31,32,,,,,1.2,0.6,1.1,1*2E
$GPGSA,M,3,03,04,16,26,27,28,29,31,32,,,,1.3,0.6,1.1,1*24
$GPGSA,M,3,03,04,16,26,27,28,31,32,,,,,1.3,0.6,1.1,1*2F
$GPGSA,M,3,03,04,16,26,27,28,31,32,,,,,1.3,0.6,1.1,1*2F
$GPGSA,M,3,03,04,16,26,27,28,31,32,,,,,1.3,0.6,1.1,1*2F
$GPGSA,M,3,03,04,16,26,27,28,31,32,,,,,1.3,0.6,1.1,1*2F
$GPGSA,M,3,03,16,26,27,28,31,32,,,,,,1.3,0.6,1.1,1*2B
$GPGSA,M,3,03,16,26,27,28,31,32,,,,,,1.3,0.6,1.1,1*2B
$GPGSA,M,3,03,16,26,27,28,29,31,32,,,,,1.3,0.6,1.1,1*20
$GPGSA,M,3,03,16,26,27,28,29,31,32,,,,,1.3,0.6,1.1,1*20
$GPGSA,M,3,03,04,16,26,27,28,31,32,,,,,1.3,0.6,1.1,1*2F
$GPGSA,M,3,03,04,16,26,27,28,31,32,,,,,1.2,0.6,1.1,1*2E
$GPGSA,M,3,03,04,16,26,27,28,29,31,32,,,,1.2,0.6,1.1,1*25
$GPGSA,M,3,03,04,16,26,27,28,29,31,32,,,,1.2,0.6,1.1,1*25
$GPGSA,M,3,03,04,16,26,27,28,29,31,32,,,,1.2,0.6,1.1,1*25
$GPGSA,M,3,03,04,16,26,27,28,29,31,32,,,,1.2,0.6,1.1,1*25
$GPGSA,M,3,03,04,16,26,27,28,29,31,32,,,,1.3,0.6,1.1,1*24
$GPGSA,M,3,03,04,16,26,27,28,29,31,32,,,,1.3,0.6,1.1,1*24
$GPGSA,M,3,03,04,16,26,27,28,29,31,32,,,,1.3,0.6,1.1,1*24
$GPGSA,M,3,03,04,16,26,27,28,29,31,32,,,,1.3,0.6,1.1,1*24
$GPGSA,M,3,03,16,26,27,28,29,31,32,,,,,1.3,0.6,1.1,1*20
$GPGSA,M,3,03,16,26,27,28,29,31,32,,,,,1.2,0.6,1.1,1*21
$GPGSA,M,3,03,16,26,27,28,29,31,32,,,,,1.2,0.6,1.1,1*21
$GPGSA,M,3,03,16,26,27,28,31,32,,,,,,1.2,0.6,1.1,1*2A
$GPGSA,M,3,03,16,26,27,28,31,32,,,,,,1.2,0.6,1.1,1*2A
$GPGSA,M,3,03,04,16,26,27,28,31,32,,,,,1.2,0.6,1.1,1*2E
$GPGSA,M,3,03,04,16,26,27,28,31,32,,,,,1.2,0.6,1.1,1*2E
$GPGSA,M,3,03,04,16,26,27,28,31,32,,,,,1.2,0.6,1.1,1*2E
$GPGSA,M,3,03,16,26,27,28,31,32,,,,,,1.2,0.6,1.1,1*2A
$GPGSA,M,3,03,16,26,27,28,31,32,,,,,,1.2,0.6,1.1,1*2A
$GPGSA,M,3,03,16,26,27,28,31,32,,,,,,1.2,0.6,1.1,1*2A
$GPGSA,M,3,03,16,26,27,28,31,32,,,,,,1.2,0.6,1.1,1*2A
$GPGSA,M,3,03,16,26,27,28,31,32,,,,,,1.2,0.6,1.1,1*2A
$GPGSA,M,3,03,16,27,28,31,32,,,,,,,1.2,0.6,1.1,1*2E
$GPGSA,M,3,03,16,27,28,31,32,,,,,,,1.2,0.6,1.1,1*2E
$GPGSA,M,3,03,16,27,28,31,32,,,,,,,1.2,0.6,1.1,1*2E
$GPGSA,M,3,03,16,27,28,31,32,,,,,,,1.3,0.6,1.1,1*2F
$GPGSA,M,3,03,16,27,28,31,32,,,,,,,1.3,0.6,1.1,1*2F
$GPGSA,M,3,03,04,16,27,28,29,31,32,,,,,1.3,0.6,1.1,1*20
$GPGSA,M,3,03,04,16,27,28,29,31,32,,,,,1.3,0.6,1.1,1*20
$GPGSA,M,3,03,04,16,27,28,29,31,32,,,,,1.3,0.6,1.1,1*20
$GPGSA,M,3,03,04,16,27,28,29,31,32,,,,,1.3,0.6,1.1,1*20
$GPGSA,M,3,03,04,16,27,28,31,32,,,,,,1.3,0.6,1.1,1*2B
$GPGSA,M,3,03,04,16,27,28,31,32,,,,,,1.3,0.6,1.1,1*2B
$GPGSA,M,3,03,04,16,27,28,31,32,,,,,,1.3,0.6,1.1,1*2B
$GPGSA,M,3,03,04,16,27,28,31,32,,,,,,1.3,0.6,1.1,1*2B
$GPGSA,M,3,03,04,16,27,28,31,32,,,,,,1.3,0.6,1.1,1*2B
$GPGSA,M,3,03,04,16,27,28,31,32,,,,,,1.3,0.6,1.1,1*2B
$GPGSA,M,3,03,04,16,27,28,31,32,,,,,,1.3,0.6,1.1,1*2B
$GPGSA,M,3,03,16,27,28,31,32,,,,,,,1.3,0.6,1.1,1*2F
$GPGSA,M,3,03,16,27,28,31,32,,,,,,,1.3,0.6,1.1,1*2F
$GPGSA,M,3,03,04,16,27,28,31,32,,,,,,1.3,0.6,1.1,1*2B
$GPGSA,M,3,03,04,16,27,28,31,32,,,,,,1.3,0.6,1.1,1*2B
$GPGSA,M,3,03,04,16,27,28,31,32,,,,,,1.3,0.6,1.1,1*2B
$GPGSA,M,3,03,04,16,27,28,31,32,,,,,,1.3,0.6,1.1,1*2B
$GPGSA,M,3,03,04,16,27,28,31,32,,,,,,1.3,0.6,1.1,1*2B
$GPGSA,M,3,03,04,16,27,28,31,32,,,,,,1.2,0.6,1.1,1*2A
$GPGSA,M,3,03,16,27,28,31,32,,,,,,,1.2,0.6,1.1,1*2E
$GPGSA,M,3,03,16,27,28,31,32,,,,,,,1.2,0.6,1.1,1*2E
$GPGSA,M,3,03,16,27,28,31,32,,,,,,,1.2,0.6,1.1,1*2E
$GPGSA,M,3,03,16,27,28,31,32,,,,,,,1.2,0.6,1.1,1*2E
$GPGSA,M,3,03,16,27,28,31,32,,,,,,,1.3,0.6,1.1,1*2F
$GPGSA,M,3,03,16,27,28,31,32,,,,,,,1.3,0.6,1.1,1*2F
$GPGSA,M,3,03,16,27,28,31,32,,,,,,,1.3,0.6,1.1,1*2F
$GPGSA,M,3,03,16,27,28,31,32,,,,,,,1.3,0.6,1.1,1*2F
$GPGSA,M,3,03,16,27,28,31,32,,,,,,,1.3,0.6,1.1,1*2F
$GPGSA,M,3,03,16,27,28,31,32,,,,,,,1.3,0.6,1.1,1*2F
$GPGSA,M,3,03,16,27,28,31,32,,,,,,,1.3,0.6,1.1,1*2F
$GPGSA,M,3,03,16,27,28,31,32,,,,,,,1.3,0.6,1.1,1*2F
$GPGSA,M,3,03,16,27,28,31,32,,,,,,,1.3,0.6,1.1,1*2F
$GPGSA,M,3,03,16,27,28,31,32,,,,,,,1.3,0.6,1.1,1*2F
$GPGSA,M,3,03,16,27,28,31,32,,,,,,,1.3,0.7,1.1,1*2E
$GPGSA,M,3,03,16,27,28,31,32,,,,,,,1.3,0.7,1.1,1*2E
$GPGSA,M,3,03,16,27,28,31,32,,,,,,,1.3,0.7,1.1,1*2E
$GPGSA,M,3,03,16,27,28,31,32,,,,,,,1.3,0.7,1.1,1*2E
$GPGSA,M,3,03,16,27,28,31,32,,,,,,,1.3,0.7,1.1,1*2E
$GPGSA,M,3,03,16,27,28,31,32,,,,,,,1.3,0.7,1.2,1*2D
$GPGSA,M,3,03,16,27,28,31,32,,,,,,,1.3,0.7,1.2,1*2D
$GPGSA,M,3,03,16,27,28,31,32,,,,,,,1.3,0.7,1.2,1*2D
$GPGSA,M,3,03,16,27,28,31,32,,,,,,,1.3,0.7,1.2,1*2D
$GPGSA,M,3,03,16,27,28,31,32,,,,,,,1.3,0.7,1.2,1*2D
$GPGSA,M,3,03,16,27,28,31,32,,,,,,,1.4,0.7,1.2,1*2A
$GPGSA,M,3,03,16,27,28,31,32,,,,,,,1.4,0.7,1.2,1*2A
$GPGSA,M,3,03,16,27,28,31,32,,,,,,,1.4,0.7,1.2,1*2A
$GPGSA,M,3,03,16,27,28,31,32,,,,,,,1.4,0.7,1.2,1*2A
$GPGSA,M,3,03,16,27,28,31,32,,,,,,,1.4,0.7,1.2,1*2A
$GPGSA,M,3,03,16,27,28,31,32,,,,,,,1.3,0.7,1.1,1*2E
$GPGSA,M,3,03,16,27,28,31,32,,,,,,,1.3,0.7,1.1,1*2E
$GPGSA,M,3,03,16,27,28,31,32,,,,,,,1.3,0.7,1.1,1*2E
$GPGSA,M,3,03,16,27,28,31,32,,,,,,,1.3,0.7,1.1,1*2E
$GPGSA,M,3,03,16,27,28,31,32,,,,,,,1.3,0.7,1.1,1*2E
$GPGSA,M,3,03,16,27,28,31,32,,,,,,,1.3,0.7,1.1,1*2E
$GPGSA,M,3,03,16,27,28,31,32,,,,,,,1.3,0.7,1.1,1*2E
$GPGSA,M,3,03,16,27,28,31,32,,,,,,,1.3,0.7,1.1,1*2E
$GPGSA,M,3,03,16,27,28,31,32,,,,,,,1.3,0.7,1.1,1*2E
$GPGSA,M,3,03,16,27,28,31,32,,,,,,,1.3,0.7,1.1,1*2E
$GPGSA,M,3,03,16,27,28,31,32,,,,,,,1.3,0.7,1.1,1*2E
$GPGSA,M,3,03,16,27,28,31,32,,,,,,,1.3,0.7,1.1,1*2E
$GPGSA,M,3,03,16,27,28,31,32,,,,,,,1.3,0.7,1.1,1*2E
$GPGSA,M,3,03,16,27,28,31,32,,,,,,,1.3,0.7,1.1,1*2E
$GPGSA,M,3,03,16,27,28,31,32,,,,,,,1.3,0.7,1.1,1*2E
$GPGSA,M,3,03,16,27,28,31,32,,,,,,,1.3,0.7,1.1,1*2E
$GPGSA,M,3,03,16,27,28,31,32,,,,,,,1.3,0.7,1.1,1*2E
$GPGSA,M,3,03,16,27,28,31,32,,,,,,,1.3,0.7,1.1,1*2E
$GPGSA,M,3,03,16,27,28,31,32,,,,,,,1.3,0.7,1.1,1*2E
$GPGSA,M,3,03,16,27,28,31,32,,,,,,,1.3,0.7,1.1,1*2E
$GPGSA,M,3,03,16,27,28,31,32,,,,,,,1.3,0.7,1.1,1*2E
$GPGSA,M,3,03,16,27,28,31,32,,,,,,,1.3,0.7,1.1,1*2E
$GPGSA,M,3,03,16,27,28,31,32,,,,,,,1.3,0.7,1.1,1*2E
$GPGSA,M,3,03,16,27,28,31,32,,,,,,,1.3,0.7,1.1,1*2E
$GPGSA,M,3,03,16,27,28,31,32,,,,,,,1.3,0.7,1.1,1*2E
$GPGSA,M,3,03,16,27,28,31,32,,,,,,,1.3,0.7,1.1,1*2E
$GPGSA,M,3,03,16,27,28,31,32,,,,,,,1.3,0.7,1.1,1*2E
$GPGSA,M,3,03,16,27,28,31,32,,,,,,,1.3,0.7,1.1,1*2E
$GPGSA,M,3,03,16,27,28,31,32,,,,,,,1.3,0.7,1.1,1*2E
$GPGSA,M,3,03,16,27,28,31,32,,,,,,,1.3,0.7,1.1,1*2E
$GPGSA,M,3,03,16,27,28,31,32,,,,,,,1.3,0.7,1.2,1*2D
$GPGSA,M,3,03,16,27,28,31,32,,,,,,,1.3,0.7,1.2,1*2D
$GPGSA,M,3,03,16,27,28,31,32,,,,,,,1.3,0.7,1.2,1*2D
$GPGSA,M,3,03,16,27,28,31,32,,,,,,,1.3,0.7,1.2,1*2D
$GPGSA,M,3,03,16,27,28,32,,,,,,,,1.3,0.7,1.2,1*2F
$GPGSA,M,3,03,16,27,28,32,,,,,,,,1.3,0.7,1.1,1*2C
$GPGSA,M,3,03,16,27,28,32,,,,,,,,1.3,0.7,1.1,1*2C
$GPGSA,M,3,03,16,27,28,32,,,,,,,,1.3,0.7,1.1,1*2C
$GPGSA,M,3,03,16,27,28,32,,,,,,,,1.3,0.7,1.1,1*2C
$GPGSA,M,3,03,16,27,28,32,,,,,,,,1.3,0.7,1.1,1*2C
$GPGSA,M,3,03,16,27,28,32,,,,,,,,1.3,0.7,1.1,1*2C
$GPGSA,M,3,03,16,27,28,32,,,,,,,,1.3,0.7,1.1,1*2C
$GPGSA,M,3,03,16,27,28,32,,,,,,,,1.3,0.7,1.1,1*2C
$GPGSA,M,3,03,16,27,28,32,,,,,,,,1.3,0.7,1.1,1*2C
$GPGSA,M,3,03,16,27,28,32,,,,,,,,1.3,0.7,1.1,1*2C
$GPGSA,M,3,03,16,27,28,32,,,,,,,,1.4,0.7,1.2,1*28
$GPGSA,M,3,03,16,27,28,32,,,,,,,,1.4,0.7,1.2,1*28
$GPGSA,M,3,03,16,27,28,32,,,,,,,,1.4,0.7,1.2,1*28
$GPGSA,M,3,03,16,27,28,32,,,,,,,,1.4,0.7,1.2,1*28
$GPGSA,M,3,03,16,27,28,32,,,,,,,,1.4,0.7,1.2,1*28
$GPGSA,M,3,03,16,27,28,32,,,,,,,,1.4,0.7,1.2,1*28
$GPGSA,M,3,03,16,27,28,32,,,,,,,,1.4,0.7,1.2,1*28
$GPGSA,M,3,03,16,27,28,32,,,,,,,,1.4,0.7,1.2,1*28
$GPGSA,M,3,03,16,27,28,32,,,,,,,,1.4,0.7,1.2,1*28
$GPGSA,M,3,03,16,27,28,32,,,,,,,,1.4,0.7,1.2,1*28
$GPGSA,M,3,03,16,27,28,32,,,,,,,,1.6,0.9,1.4,1*22
$GPGSA,M,3,03,16,27,28,32,,,,,,,,1.6,0.9,1.4,1*22
$GPGSA,M,3,03,16,27,28,32,,,,,,,,1.6,0.9,1.4,1*22
$GPGSA,M,3,03,16,27,28,32,,,,,,,,1.6,0.9,1.4,1*22
$GPGSA,M,3,03,16,27,28,32,,,,,,,,1.6,0.9,1.4,1*22
$GPGSA,M,3,03,16,27,28,32,,,,,,,,1.6,0.9,1.4,1*22
$GPGSA,M,3,03,16,27,28,32,,,,,,,,1.6,0.9,1.4,1*22
$GPGSA,M,3,03,16,27,28,32,,,,,,,,1.6,0.9,1.4,1*22
$GPGSA,M,3,03,16,27,28,32,,,,,,,,1.6,0.9,1.4,1*22
$GPGSA,M,3,03,16,27,28,32,,,,,,,,1.6,0.9,1.4,1*22
$GPGSA,M,3,03,16,27,28,32,,,,,,,,1.6,0.9,1.4,1*22
$GPGSA,M,3,03,16,27,28,32,,,,,,,,1.6,0.9,1.4,1*22
$GPGSA,M,3,03,16,27,28,32,,,,,,,,1.6,0.9,1.4,1*22
$GPGSA,M,3,03,16,27,28,32,,,,,,,,1.6,0.9,1.4,1*22
$GPGSA,M,3,03,16,27,28,32,,,,,,,,1.6,0.9,1.4,1*22
$GPGSA,M,3,03,16,27,28,32,,,,,,,,1.6,0.9,1.4,1*22
$GPGSA,M,3,03,16,27,28,32,,,,,,,,1.6,0.9,1.4,1*22
$GPGSA,M,3,03,16,27,28,32,,,,,,,,1.6,0.9,1.4,1*22
$GPGSA,M,3,03,16,27,28,32,,,,,,,,1.6,0.9,1.4,1*22
$GPGSA,M,3,03,16,27,28,32,,,,,,,,1.6,0.9,1.4,1*22
$GPGSA,M,3,03,16,27,28,32,,,,,,,,1.6,0.9,1.4,1*22
$GPGSA,M,3,03,16,27,28,32,,,,,,,,1.6,0.9,1.4,1*22
$GPGSA,M,3,03,16,27,28,32,,,,,,,,1.6,0.9,1.4,1*22
$GPGSA,M,3,03,16,27,28,32,,,,,,,,1.6,0.9,1.4,1*22
$GPGSA,M,3,03,16,27,28,32,,,,,,,,1.6,0.9,1.4,1*22
$GPGSA,M,3,03,16,27,28,32,,,,,,,,1.6,0.9,1.4,1*22
$GPGSA,M,3,03,16,27,28,32,,,,,,,,1.6,0.9,1.4,1*22
$GPGSA,M,3,03,16,27,28,32,,,,,,,,1.6,0.9,1.4,1*22
$GPGSA,M,3,03,16,27,28,32,,,,,,,,1.6,0.9,1.4,1*22
$GPGSA,M,3,03,16,27,28,32,,,,,,,,1.6,0.9,1.4,1*22
$GPGSA,M,3,03,16,27,28,32,,,,,,,,1.6,0.9,1.4,1*22
$GPGSA,M,3,03,16,27,28,32,,,,,,,,1.6,0.9,1.4,1*22
$GPGSA,M,3,03,16,27,28,32,,,,,,,,1.6,0.9,1.4,1*22
$GPGSA,M,3,03,16,27,28,32,,,,,,,,1.6,0.9,1.4,1*22
$GPGSA,M,3,03,16,27,28,32,,,,,,,,1.6,0.9,1.4,1*22
$GPGSA,M,3,03,16,27,28,32,,,,,,,,1.6,0.9,1.4,1*22
$GPGSA,M,3,03,16,27,28,32,,,,,,,,1.6,0.9,1.4,1*22
$GPGSA,M,3,03,16,27,28,32,,,,,,,,1.6,0.9,1.4,1*22
$GPGSA,M,3,03,16,27,28,32,,,,,,,,1.6,0.9,1.4,1*22
$GPGSA,M,3,03,16,27,28,32,,,,,,,,1.6,0.9,1.4,1*22
$GPGSA,M,3,03,16,27,28,32,,,,,,,,1.6,0.9,1.4,1*22
$GPGSA,M,3,03,16,27,28,32,,,,,,,,1.6,0.9,1.4,1*22
$GPGSA,M,3,03,16,27,28,32,,,,,,,,1.6,0.9,1.4,1*22
$GPGSA,M,3,03,16,27,28,32,,,,,,,,1.6,0.9,1.4,1*22
$GPGSA,M,3,03,16,27,28,32,,,,,,,,1.6,0.9,1.4,1*22
$GPGSA,M,3,03,16,27,28,32,,,,,,,,1.4,0.8,1.2,1*27
$GPGSA,M,3,03,16,27,28,32,,,,,,,,1.4,0.8,1.2,1*27
$GPGSA,M,3,03,16,27,28,32,,,,,,,,1.4,0.8,1.2,1*27
$GPGSA,M,3,03,16,27,28,32,,,,,,,,1.4,0.8,1.2,1*27
$GPGSA,M,3,03,16,27,28,32,,,,,,,,1.4,0.8,1.2,1*27
$GPGSA,M,3,03,16,27,28,32,,,,,,,,1.4,0.8,1.2,1*27
$GPGSA,M,3,03,16,27,28,32,,,,,,,,1.4,0.8,1.2,1*27
$GPGSA,M,3,03,16,27,28,32,,,,,,,,1.4,0.8,1.2,1*27
$GPGSA,M,3,03,16,27,28,32,,,,,,,,1.4,0.8,1.2,1*27
$GPGSA,M,3,03,16,27,28,32,,,,,,,,1.4,0.8,1.2,1*27
$GPGSA,M,3,03,16,26,27,28,32,,,,,,,1.4,0.8,1.2,1*23
$GPGSA,M,3,03,16,26,27,28,32,,,,,,,1.4,0.8,1.2,1*23
$GPGSA,M,3,03,16,27,28,32,,,,,,,,1.4,0.8,1.2,1*27
$GPGSA,M,3,03,16,27,28,32,,,,,,,,1.4,0.8,1.2,1*27
$GPGSA,M,3,03,16,27,28,32,,,,,,,,1.4,0.8,1.2,1*27
$GPGSA,M,3,03,16,27,28,32,,,,,,,,1.6,0.9,1.3,1*25
$GPGSA,M,3,03,16,27,28,32,,,,,,,,1.6,0.9,1.3,1*25
$GPGSA,M,3,03,16,26,27,28,32,,,,,,,1.6,0.9,1.3,1*21
$GPGSA,M,3,03,16,26,27,28,32,,,,,,,1.6,0.9,1.3,1*21
$GPGSA,M,3,03,16,26,27,28,32,,,,,,,1.6,0.9,1.3,1*21
$GPGSA,M,3,03,16,26,27,28,32,,,,,,,1.5,0.9,1.2,1*23
$GPGSA,M,3,03,16,26,27,32,,,,,,,,1.5,0.9,1.2,1*29
$GPGSA,M,3,03,16,26,27,32,,,,,,,,1.5,0.9,1.2,1*29
$GPGSA,M,3,03,16,27,32,,,,,,,,,1.5,0.9,1.2,1*2D
$GPGSA,M,3,03,16,27,32,,,,,,,,,1.5,0.9,1.2,1*2D
$GPGSA,M,3,03,16,27,32,,,,,,,,,1.6,0.9,1.3,1*2F
$GPGSA,M,3,03,16,27,32,,,,,,,,,1.6,0.9,1.3,1*2F
$GPGSA,M,3,03,16,27,32,,,,,,,,,1.6,0.9,1.3,1*2F
$GPGSA,M,3,03,16,27,32,,,,,,,,,1.6,0.9,1.3,1*2F
$GPGSA,M,3,03,16,27,32,,,,,,,,,1.6,0.9,1.3,1*2F
$GPGSA,M,3,03,16,27,32,,,,,,,,,1.6,0.9,1.3,1*2F
$GPGSA,M,3,03,16,27,32,,,,,,,,,1.6,0.9,1.3,1*2F
$GPGSA,M,3,03,16,27,32,,,,,,,,,1.6,0.9,1.3,1*2F
$GPGSA,M,3,03,16,27,32,,,,,,,,,1.6,0.9,1.3,1*2F
$GPGSA,M,3,03,16,26,27,32,,,,,,,,1.6,0.9,1.3,1*2B
$GPGSA,M,3,03,16,26,27,32,,,,,,,,1.8,1.1,1.5,1*2A
$GPGSA,M,3,03,16,27,32,,,,,,,,,1.8,1.1,1.5,1*2E
$GPGSA,M,3,03,16,27,32,,,,,,,,,1.8,1.1,1.5,1*2E
$GPGSA,M,3,03,16,27,32,,,,,,,,,1.8,1.1,1.5,1*2E
$GPGSA,M,3,03,16,27,32,,,,,,,,,1.8,1.1,1.5,1*2E
$GPGSA,M,3,03,16,27,32,,,,,,,,,1.8,1.1,1.5,1*2E
$GPGSA,M,3,03,16,27,32,,,,,,,,,1.8,1.1,1.5,1*2E
$GPGSA,M,3,03,16,27,32,,,,,,,,,1.8,1.1,1.5,1*2E
$GPGSA,M,3,03,16,27,32,,,,,,,,,1.8,1.1,1.5,1*2E
$GPGSA,M,3,03,16,27,32,,,,,,,,,1.8,1.1,1.5,1*2E
$GPGSA,M,3,03,16,27,32,,,,,,,,,2.2,1.4,1.7,1*20
$GPGSA,M,3,03,16,27,32,,,,,,,,,2.2,1.4,1.7,1*20
$GPGSA,M,3,03,16,27,32,,,,,,,,,2.2,1.4,1.7,1*20
$GPGSA,M,3,03,16,27,32,,,,,,,,,2.2,1.4,1.7,1*20
$GPGSA,M,3,03,16,27,32,,,,,,,,,2.2,1.4,1.7,1*20
$GPGSA,M,3,03,16,27,32,,,,,,,,,1.9,1.2,1.5,1*2C
$GPGSA,M,3,03,16,27,32,,,,,,,,,1.9,1.2,1.5,1*2C
$GPGSA,M,3,03,16,27,32,,,,,,,,,1.9,1.2,1.5,1*2C
$GPGSA,M,3,03,16,27,32,,,,,,,,,1.9,1.2,1.5,1*2C
$GPGSA,M,3,03,16,27,32,,,,,,,,,1.9,1.2,1.5,1*2C
$GPGSA,M,3,03,16,27,32,,,,,,,,,2.2,1.4,1.7,1*20
$GPGSA,M,3,03,16,27,32,,,,,,,,,2.2,1.4,1.7,1*20
$GPGSA,M,3,03,16,27,32,,,,,,,,,2.2,1.4,1.7,1*20
$GPGSA,M,3,03,16,27,32,,,,,,,,,2.2,1.4,1.7,1*20
$GPGSA,M,3,03,16,27,32,,,,,,,,,2.2,1.4,1.7,1*20
$GPGSA,M,3,03,16,27,32,,,,,,,,,2.2,1.4,1.7,1*20
$GPGSA,M,3,03,16,27,32,,,,,,,,,2.2,1.4,1.7,1*20
$GPGSA,M,3,03,16,27,32,,,,,,,,,2.2,1.4,1.7,1*20
$GPGSA,M,3,03,16,27,32,,,,,,,,,2.2,1.4,1.7,1*20
$GPGSA,M,3,03,16,27,32,,,,,,,,,2.2,1.4,1.7,1*20
$GPGSA,M,3,03,16,27,32,,,,,,,,,2.2,1.4,1.7,1*20
$GPGSA,M,3,03,16,27,32,,,,,,,,,2.2,1.4,1.7,1*20
$GPGSA,M,3,03,16,27,32,,,,,,,,,2.2,1.4,1.7,1*20
$GPGSA,M,3,03,16,27,32,,,,,,,,,2.2,1.4,1.7,1*20
$GPGSA,M,3,03,16,27,32,,,,,,,,,2.2,1.4,1.7,1*20
$GPGSA,M,3,03,16,27,32,,,,,,,,,2.2,1.4,1.7,1*20
$GPGSA,M,3,03,16,27,32,,,,,,,,,2.2,1.4,1.7,1*20
$GPGSA,M,3,03,16,27,32,,,,,,,,,2.2,1.4,1.7,1*20
$GPGSA,M,3,03,16,27,32,,,,,,,,,2.2,1.4,1.7,1*20
$GPGSA,M,3,03,16,27,32,,,,,,,,,2.2,1.4,1.7,1*20
$GPGSA,M,3,03,16,27,32,,,,,,,,,2.2,1.4,1.7,1*20
$GPGSA,M,3,03,16,27,32,,,,,,,,,2.2,1.4,1.7,1*20
$GPGSA,M,3,03,16,27,32,,,,,,,,,2.2,1.4,1.7,1*20
$GPGSA,M,3,03,16,27,32,,,,,,,,,2.2,1.4,1.7,1*20
$GPGSA,M,3,03,16,27,32,,,,,,,,,2.2,1.4,1.7,1*20
$GPGSA,M,3,03,16,27,32,,,,,,,,,2.0,1.2,1.6,1*25
$GPGSA,M,3,03,16,27,32,,,,,,,,,2.0,1.2,1.6,1*25
$GPGSA,M,3,03,16,27,32,,,,,,,,,2.0,1.2,1.6,1*25
$GPGSA,M,3,03,16,27,32,,,,,,,,,2.0,1.2,1.6,1*25
$GPGSA,M,3,03,16,27,32,,,,,,,,,2.0,1.2,1.6,1*25
$GPGSA,M,3,03,16,27,32,,,,,,,,,2.4,1.6,1.7,1*24
$GPGSA,M,3,03,16,27,32,,,,,,,,,2.4,1.6,1.7,1*24
$GPGSA,M,3,03,16,27,32,,,,,,,,,2.4,1.6,1.7,1*24
$GPGSA,M,3,03,16,27,32,,,,,,,,,2.4,1.6,1.7,1*24
$GPGSA,M,3,03,16,27,32,,,,,,,,,2.4,1.6,1.7,1*24
$GPGSA,M,3,03,16,27,32,,,,,,,,,2.2,1.4,1.7,1*20
$GPGSA,M,3,03,16,27,32,,,,,,,,,2.2,1.4,1.7,1*20
$GPGSA,M,3,03,16,27,32,,,,,,,,,2.2,1.4,1.7,1*20
$GPGSA,M,3,03,16,27,32,,,,,,,,,2.2,1.4,1.7,1*20
$GPGSA,M,3,03,16,27,32,,,,,,,,,2.2,1.4,1.7,1*20
$GPGSA,M,3,03,16,27,32,,,,,,,,,2.2,1.4,1.7,1*20
$GPGSA,M,3,03,16,27,32,,,,,,,,,2.2,1.4,1.7,1*20
$GPGSA,M,3,03,16,27,32,,,,,,,,,2.2,1.4,1.7,1*20
$GPGSA,M,3,03,16,27,32,,,,,,,,,2.2,1.4,1.7,1*20
$GPGSA,M,3,03,16,27,32,,,,,,,,,2.2,1.4,1.7,1*20
$GPGSA,M,3,03,16,27,32,,,,,,,,,2.2,1.4,1.7,1*20
$GPGSA,M,3,03,16,27,32,,,,,,,,,2.2,1.4,1.7,1*20
$GPGSA,M,3,03,16,27,32,,,,,,,,,2.2,1.4,1.7,1*20
$GPGSA,M,3,03,16,27,32,,,,,,,,,2.2,1.4,1.7,1*20
$GPGSA,M,3,03,16,27,32,,,,,,,,,2.2,1.4,1.7,1*20
$GPGSA,M,3,03,16,27,32,,,,,,,,,2.2,1.4,1.7,1*20
$GPGSA,M,3,03,16,27,32,,,,,,,,,2.2,1.4,1.7,1*20
$GPGSA,M,3,03,16,27,32,,,,,,,,,2.2,1.4,1.7,1*20
$GPGSA,M,3,03,16,27,32,,,,,,,,,2.2,1.4,1.7,1*20
$GPGSA,M,3,03,16,27,32,,,,,,,,,2.2,1.4,1.7,1*20
$GPGSA,M,3,03,16,27,32,,,,,,,,,2.2,1.4,1.7,1*20
$GPGSA,M,3,03,16,27,32,,,,,,,,,2.2,1.4,1.7,1*20
$GPGSA,M,3,03,16,27,32,,,,,,,,,2.2,1.4,1.7,1*20
$GPGSA,M,3,03,16,27,32,,,,,,,,,2.2,1.4,1.7,1*20
$GPGSA,M,3,03,16,27,32,,,,,,,,,2.2,1.4,1.7,1*20
$GPGSA,M,3,03,16,27,32,,,,,,,,,2.2,1.4,1.7,1*20
$GPGSA,M,3,03,16,27,32,,,,,,,,,2.2,1.4,1.7,1*20
$GPGSA,M,3,03,16,27,32,,,,,,,,,2.2,1.4,1.7,1*20
$GPGSA,M,3,03,16,27,32,,,,,,,,,2.2,1.4,1.7,1*20
$GPGSA,M,3,03,16,27,32,,,,,,,,,2.2,1.4,1.7,1*20
$GPGSA,M,3,03,16,27,32,,,,,,,,,2.2,1.4,1.7,1*20
$GPGSA,M,3,03,16,27,32,,,,,,,,,2.2,1.4,1.7,1*20
$GPGSA,M,3,03,16,27,32,,,,,,,,,2.2,1.4,1.7,1*20
$GPGSA,M,3,03,16,27,32,,,,,,,,,2.2,1.4,1.7,1*20
$GPGSA,M,3,03,16,27,32,,,,,,,,,2.2,1.4,1.7,1*20
$GPGSA,M,3,03,16,27,32,,,,,,,,,2.2,1.4,1.7,1*20
$GPGSA,M,3,03,16,27,32,,,,,,,,,2.2,1.4,1.7,1*20
$GPGSA,M,3,03,16,27,32,,,,,,,,,2.2,1.4,1.7,1*20
$GPGSA,M,3,03,16,27,32,,,,,,,,,2.2,1.4,1.7,1*20
$GPGSA,M,3,03,16,27,32,,,,,,,,,2.2,1.4,1.7,1*20
$GPGSA,M,3,03,16,27,28,32,,,,,,,,2.2,1.4,1.7,1*2A
$GPGSA,M,3,03,16,27,28,32,,,,,,,,2.2,1.4,1.7,1*2A
$GPGSA,M,3,03,16,27,28,32,,,,,,,,2.2,1.4,1.7,1*2A
$GPGSA,M,3,03,16,27,28,32,,,,,,,,2.2,1.4,1.7,1*2A