$GIGSV,1,1,02,09,16,273,34,10,51,165,46*68
$GIGSV,1,1,02,09,16,273,34,10,51,165,46*68
$GIGSV,1,1,02,09,16,273,34,10,51,165,46*68
$GIGSV,1,1,02,09,16,273,34,10,51,165,46*68
$GIGSV,1,1,02,09,16,273,34,10,51,165,46*68
$GIGSV,1,1,02,09,16,273,34,10,51,165,46*68
$GIGSV,1,1,02,09,16,273,34,10,51,165,46*68
$GIGSV,1,1,02,09,16,273,34,10,51,165,46*68
$GIGSV,1,1,02,09,16,273,34,10,51,165,46*68
$GIGSV,1,1,02,09,16,273,34,10,51,165,46*68
$GIGSV,1,1,02,09,16,273,34,10,51,165,46*68
$GIGSV,1,1,02,09,16,273,34,10,51,165,46*68
$GIGSV,1,1,02,09,16,273,34,10,51,165,46*68
$GIGSV,1,1,02,09,16,273,34,10,51,165,46*68
$GIGSV,1,1,02,09,16,273,34,10,51,165,46*68
$GIGSV,1,1,02,09,16,273,34,10,51,165,46*68
$GIGSV,1,1,02,09,16,273,34,10,51,165,46*68
$GIGSV,1,1,02,09,16,273,34,10,51,165,46*68
$GIGSV,1,1,02,09,16,273,34,10,51,165,46*68
$GIGSV,1,1,02,09,16,273,34,10,51,165,46*68
$GIGSV,1,1,02,09,16,273,34,10,51,165,46*68
$GIGSV,1,1,02,09,16,273,34,10,51,165,46*68
$GIGSV,1,1,02,09,16,273,34,10,51,165,46*68
$GIGSV,1,1,02,09,16,273,34,10,51,165,46*68
$GIGSV,1,1,02,09,16,273,34,10,51,165,46*68
$GIGSV,1,1,02,09,16,273,34,10,51,165,46*68
$GIGSV,1,1,02,09,16,273,34,10,51,165,46*68
$GIGSV,1,1,02,09,16,273,34,10,51,165,46*68
$GIGSV,1,1,02,09,16,273,34,10,51,165,46*68
$GIGSV,1,1,02,09,16,273,34,10,51,165,46*68
$GIGSV,1,1,02,09,16,273,34,10,51,165,46*68
$GIGSV,1,1,02,09,16,273,34,10,51,165,46*68
$GIGSV,1,1,02,09,16,273,34,10,51,165,46*68
$GIGSV,1,1,02,09,16,273,34,10,51,165,46*68
$GIGSV,1,1,02,09,16,273,34,10,51,165,46*68
$GIGSV,1,1,02,09,16,273,33,10,51,165,46*6F
$GIGSV,1,1,02,09,16,273,33,10,51,165,46*6F
$GIGSV,1,1,02,09,16,273,33,10,51,165,46*6F
$GIGSV,1,1,02,09,16,273,33,10,51,165,46*6F
$GIGSV,1,1,02,09,16,273,34,10,51,165,46*68
$GIGSV,1,1,02,09,16,273,34,10,51,165,46*68
$GIGSV,1,1,02,09,16,273,34,10,51,165,46*68
$GIGSV,1,1,02,09,16,273,34,10,51,165,46*68
$GIGSV,1,1,02,09,16,273,34,10,51,165,46*68
$GIGSV,1,1,02,09,16,273,34,10,51,165,46*68
$GIGSV,1,1,02,09,16,273,34,10,51,165,46*68
$GIGSV,1,1,02,09,16,273,34,10,51,165,46*68
$GIGSV,1,1,02,09,16,273,34,10,51,165,46*68
$GIGSV,1,1,02,09,16,273,34,10,51,165,46*68
$GIGSV,1,1,02,09,16,273,34,10,51,165,46*68
$GIGSV,1,1,02,09,16,273,34,10,51,165,46*68
$GIGSV,1,1,02,09,16,273,34,10,51,165,46*68
$GIGSV,1,1,02,09,16,273,34,10,51,165,46*68
$GIGSV,1,1,02,09,16,273,34,10,51,165,46*68
$GIGSV,1,1,02,09,16,273,34,10,51,165,46*68
$GIGSV,1,1,02,09,16,273,34,10,51,165,46*68
$GIGSV,1,1,02,09,16,273,34,10,51,165,46*68
$GIGSV,1,1,02,09,16,273,34,10,51,165,46*68
$GIGSV,1,1,02,09,16,273,34,10,51,165,46*68
$GIGSV,1,1,02,09,16,273,34,10,51,165,46*68
$GIGSV,1,1,02,09,16,273,34,10,51,165,46*68
$GIGSV,1,1,02,09,16,273,34,10,51,165,46*68
$GIGSV,1,1,02,09,16,273,34,10,51,165,46*68
$GIGSV,1,1,02,09,16,273,34,10,51,165,46*68
$GIGSV,1,1,02,09,16,273,34,10,51,165,46*68
$GIGSV,1,1,02,09,16,273,34,10,51,165,46*68
$GIGSV,1,1,02,09,16,273,34,10,51,165,46*68
$GIGSV,1,1,02,09,16,273,34,10,51,165,46*68
$GIGSV,1,1,02,09,16,273,34,10,51,165,46*68
$GIGSV,1,1,02,09,16,273,34,10,51,165,46*68
$GIGSV,1,1,02,09,16,273,34,10,51,165,46*68
$GIGSV,1,1,02,09,16,273,34,10,51,165,46*68
$GIGSV,1,1,02,09,16,273,34,10,51,165,46*68
$GIGSV,1,1,02,09,16,273,34,10,51,165,46*68
$GIGSV,1,1,02,09,16,273,34,10,51,165,46*68
$GIGSV,1,1,02,09,16,273,34,10,51,165,46*68
$GIGSV,1,1,02,09,16,273,34,10,51,165,46*68
$GIGSV,1,1,02,09,16,273,34,10,51,165,46*68
$GIGSV,1,1,02,09,16,273,34,10,51,165,46*68
$GIGSV,1,1,02,09,16,273,34,10,51,165,46*68
$GIGSV,1,1,02,09,16,273,34,10,51,165,46*68
$GIGSV,1,1,02,09,16,273,34,10,51,165,46*68
$GIGSV,1,1,02,09,16,273,34,10,51,165,46*68
$GIGSV,1,1,02,09,16,273,34,10,51,165,46*68
$GIGSV,1,1,02,09,16,273,34,10,51,165,46*68
$GIGSV,1,1,02,09,16,273,34,10,51,165,46*68
$GIGSV,1,1,02,09,16,273,34,10,51,165,46*68
$GIGSV,1,1,02,09,16,273,34,10,51,165,46*68
$GIGSV,1,1,02,09,16,273,34,10,51,165,46*68
$GIGSV,1,1,02,09,16,273,34,10,51,165,46*68
$GIGSV,1,1,02,09,16,273,34,10,51,165,46*68
$GIGSV,1,1,02,09,16,273,34,10,51,165,46*68
$GIGSV,1,1,02,09,16,273,34,10,51,165,46*68
$GIGSV,1,1,02,09,16,273,34,10,51,165,46*68
$GIGSV,1,1,02,09,16,273,34,10,51,165,46*68
$GIGSV,1,1,02,09,16,273,34,10,51,165,46*68
$GIGSV,1,1,02,09,16,273,34,10,51,165,46*68
$GIGSV,1,1,02,09,16,273,34,10,51,165,46*68
$GIGSV,1,1,02,09,16,273,34,10,51,165,46*68
$GIGSV,1,1,02,09,16,273,34,10,51,165,46*68
$GIGSV,1,1,02,09,16,273,34,10,51,165,46*68
$GIGSV,1,1,02,09,16,273,34,10,51,165,46*68
$GIGSV,1,1,02,09,16,273,34,10,51,165,46*68
$GIGSV,1,1,02,09,16,273,34,10,51,165,46*68
$GIGSV,1,1,02,09,16,273,34,10,51,165,46*68
$GIGSV,1,1,02,09,16,273,34,10,51,165,46*68
$GIGSV,1,1,02,09,16,273,34,10,51,165,46*68
$GIGSV,1,1,02,09,16,273,34,10,51,165,46*68
$GIGSV,1,1,02,09,16,273,34,10,51,165,46*68
$GIGSV,1,1,02,09,16,273,34,10,51,165,46*68
$GIGSV,1,1,02,09,16,273,34,10,51,165,46*68
$GIGSV,1,1,02,09,16,273,34,10,51,165,46*68
$GIGSV,1,1,02,09,16,273,34,10,51,165,46*68
$GIGSV,1,1,02,09,16,273,34,10,51,165,46*68
$GIGSV,1,1,02,09,16,273,34,10,51,165,46*68
$GIGSV,1,1,02,09,16,273,34,10,51,165,46*68
$GIGSV,1,1,02,09,16,273,34,10,51,165,46*68
$GIGSV,1,1,02,09,16,273,34,10,51,165,46*68
$GIGSV,1,1,02,09,16,273,34,10,51,165,46*68
$GIGSV,1,1,02,09,16,273,34,10,51,165,46*68
$GIGSV,1,1,02,09,16,273,34,10,51,165,46*68
$GIGSV,1,1,02,09,16,273,34,10,51,165,46*68
$GIGSV,1,1,02,09,16,273,34,10,51,165,46*68
$GIGSV,1,1,02,09,16,273,34,10,51,165,46*68
$GIGSV,1,1,02,09,16,273,34,10,51,165,46*68
$GIGSV,1,1,02,09,16,273,34,10,51,165,46*68
$GIGSV,1,1,02,09,16,273,34,10,51,165,46*68
$GIGSV,1,1,02,09,16,273,34,10,51,165,46*68
$GIGSV,1,1,02,09,16,273,34,10,51,165,46*68
$GIGSV,1,1,02,09,16,273,34,10,51,165,46*68
$GIGSV,1,1,02,09,16,273,34,10,51,165,46*68
$GIGSV,1,1,02,09,16,273,34,10,51,165,46*68
$GIGSV,1,1,02,09,16,273,34,10,51,165,46*68
$GIGSV,1,1,02,09,16,273,34,10,51,165,46*68
$GIGSV,1,1,02,09,16,273,34,10,51,165,46*68
$GIGSV,1,1,02,09,16,273,34,10,51,165,46*68
$GIGSV,1,1,02,09,16,273,34,10,51,165,46*68
$GIGSV,1,1,02,09,16,273,34,10,51,165,46*68
$GIGSV,1,1,02,09,16,273,34,10,51,165,46*68
$GIGSV,1,1,02,09,16,273,34,10,51,165,46*68
$GIGSV,1,1,02,09,16,273,34,10,51,165,46*68
$GIGSV,1,1,02,09,16,273,34,10,51,165,46*68
$GIGSV,1,1,02,09,16,273,34,10,51,165,46*68
$GIGSV,1,1,02,09,16,273,34,10,51,165,46*68
$GIGSV,1,1,02,09,16,273,34,10,51,165,46*68
$GIGSV,1,1,02,09,16,273,34,10,51,165,46*68
$GIGSV,1,1,02,09,16,273,34,10,51,165,46*68
$GIGSV,1,1,02,09,16,273,34,10,51,165,46*68
$GIGSV,1,1,02,09,16,273,34,10,51,165,46*68
$GIGSV,1,1,02,09,16,273,34,10,51,165,46*68
$GIGSV,1,1,02,09,16,273,34,10,51,165,46*68
$GIGSV,1,1,02,09,16,273,34,10,51,165,46*68
$GIGSV,1,1,02,09,16,273,34,10,51,165,46*68
$GIGSV,1,1,02,09,16,273,34,10,51,165,46*68
$GIGSV,1,1,02,09,16,273,34,10,51,165,46*68
$GIGSV,1,1,02,09,16,273,34,10,51,165,46*68
$GIGSV,1,1,02,09,16,273,34,10,51,165,46*68
$GIGSV,1,1,02,09,16,273,34,10,51,165,46*68
$GIGSV,1,1,02,09,16,273,34,10,51,165,46*68
$GIGSV,1,1,02,09,16,273,34,10,51,165,46*68
$GIGSV,1,1,02,09,16,273,34,10,51,165,46*68
$GIGSV,1,1,02,09,16,273,34,10,51,165,46*68
$GIGSV,1,1,02,09,16,273,34,10,51,165,46*68
$GIGSV,1,1,02,09,16,273,34,10,51,165,46*68
$GIGSV,1,1,02,09,16,273,34,10,51,165,46*68
$GIGSV,1,1,02,09,16,273,34,10,51,165,46*68
$GIGSV,1,1,02,09,16,273,34,10,51,165,46*68
$GIGSV,1,1,02,09,16,273,34,10,51,165,46*68
$GIGSV,1,1,02,09,16,273,34,10,51,165,46*68
$GIGSV,1,1,02,09,16,273,34,10,51,165,46*68
$GIGSV,1,1,02,09,16,273,34,10,51,165,46*68
$GIGSV,1,1,02,09,16,273,34,10,51,165,46*68
$GIGSV,1,1,02,09,16,273,34,10,51,165,46*68
$GIGSV,1,1,02,09,16,273,34,10,51,165,46*68
$GIGSV,1,1,02,09,16,273,34,10,51,165,46*68
$GIGSV,1,1,02,09,16,273,34,10,51,165,46*68
$GIGSV,1,1,02,09,16,273,34,10,51,165,46*68
$GIGSV,1,1,02,09,16,273,34,10,51,165,46*68
$GIGSV,1,1,02,09,16,273,34,10,51,165,46*68
$GIGSV,1,1,02,09,16,273,34,10,51,165,46*68
$GIGSV,1,1,02,09,16,273,34,10,51,165,46*68
$GIGSV,1,1,02,09,16,273,34,10,51,165,46*68
$GIGSV,1,1,02,09,16,273,34,10,51,165,46*68
$GIGSV,1,1,02,09,16,273,34,10,51,165,46*68
$GIGSV,1,1,02,09,16,273,34,10,51,165,46*68
$GIGSV,1,1,02,09,16,273,34,10,51,165,46*68
$GIGSV,1,1,02,09,16,273,34,10,51,165,46*68
$GIGSV,1,1,02,09,16,273,33,10,51,165,46*6F
$GIGSV,1,1,02,09,16,273,34,10,51,165,46*68
$GIGSV,1,1,02,09,16,273,34,10,51,165,46*68
$GIGSV,1,1,02,09,16,273,34,10,51,165,46*68
$GIGSV,1,1,02,09,16,273,34,10,51,165,46*68
$GIGSV,1,1,02,09,16,273,34,10,51,165,46*68
$GIGSV,1,1,02,09,16,273,34,10,51,165,46*68
$GIGSV,1,1,02,09,16,273,34,10,51,165,46*68
$GIGSV,1,1,02,09,16,273,34,10,51,165,46*68
$GIGSV,1,1,02,09,16,273,34,10,51,165,46*68
$GIGSV,1,1,02,09,16,273,34,10,51,165,46*68
$GIGSV,1,1,02,09,16,273,34,10,51,165,46*68
$GIGSV,1,1,02,09,16,273,34,10,51,165,46*68
$GIGSV,1,1,02,09,16,273,34,10,51,165,46*68
$GIGSV,1,1,02,09,16,273,33,10,51,165,46*6F
$GIGSV,1,1,02,09,16,273,33,10,51,165,46*6F
$GIGSV,1,1,02,09,16,273,33,10,51,165,46*6F
$GIGSV,1,1,02,09,16,273,33,10,51,165,46*6F
$GIGSV,1,1,02,09,16,273,33,10,51,165,46*6F
$GIGSV,1,1,02,09,16,273,33,10,51,165,46*6F
$GIGSV,1,1,02,09,16,273,33,10,51,165,46*6F
$GIGSV,1,1,02,09,16,273,33,10,51,165,46*6F
$GIGSV,1,1,02,09,16,273,33,10,51,165,46*6F
$GIGSV,1,1,02,09,16,273,33,10,51,165,46*6F
$GIGSV,1,1,02,09,16,273,33,10,51,165,46*6F
$GIGSV,1,1,02,09,16,273,33,10,51,165,46*6F
$GIGSV,1,1,02,09,16,273,33,10,51,165,46*6F
$GIGSV,1,1,02,09,16,273,33,10,51,165,46*6F
$GIGSV,1,1,02,09,16,273,33,10,51,165,46*6F
$GIGSV,1,1,02,09,16,273,33,10,51,165,46*6F
$GIGSV,1,1,02,09,16,273,33,10,51,165,46*6F
$GIGSV,1,1,02,09,16,273,33,10,51,165,46*6F
$GIGSV,1,1,02,09,16,273,33,10,51,165,46*6F
$GIGSV,1,1,02,09,16,273,33,10,51,165,46*6F
$GIGSV,1,1,02,09,16,273,33,10,51,165,46*6F
$GIGSV,1,1,02,09,16,273,33,10,51,165,46*6F
$GIGSV,1,1,02,09,16,273,33,10,51,165,46*6F
$GIGSV,1,1,02,09,16,273,33,10,51,165,46*6F
$GIGSV,1,1,02,09,16,273,33,10,51,165,46*6F
$GIGSV,1,1,02,09,16,273,33,10,51,165,47*6E
$GIGSV,1,1,02,09,16,273,33,10,51,165,47*6E
$GIGSV,1,1,02,09,16,273,33,10,51,165,47*6E
$GIGSV,1,1,02,09,16,273,33,10,51,165,47*6E
$GIGSV,1,1,02,09,16,273,33,10,51,165,47*6E
$GIGSV,1,1,02,09,16,273,33,10,51,165,47*6E
$GIGSV,1,1,02,09,16,273,33,10,51,165,47*6E
$GIGSV,1,1,02,09,16,273,33,10,51,165,47*6E
$GIGSV,1,1,02,09,16,273,33,10,51,165,47*6E
$GIGSV,1,1,02,09,16,273,33,10,51,165,47*6E
$GIGSV,1,1,02,09,16,273,33,10,51,165,47*6E
$GIGSV,1,1,02,09,16,273,33,10,51,165,47*6E
$GIGSV,1,1,02,09,16,273,33,10,51,165,47*6E
$GIGSV,1,1,02,09,16,273,33,10,51,165,47*6E
$GIGSV,1,1,02,09,16,273,33,10,51,165,47*6E
$GIGSV,1,1,02,09,16,273,33,10,51,165,47*6E
$GIGSV,1,1,02,09,16,273,33,10,51,165,47*6E
$GIGSV,1,1,02,09,16,273,33,10,51,165,47*6E
$GIGSV,1,1,02,09,16,273,33,10,51,165,47*6E
$GIGSV,1,1,02,09,16,273,33,10,51,165,47*6E
$GIGSV,1,1,02,09,16,273,33,10,51,165,47*6E
$GIGSV,1,1,02,09,16,273,33,10,51,165,47*6E
$GIGSV,1,1,02,09,16,273,33,10,51,165,47*6E
$GIGSV,1,1,02,09,16,273,33,10,51,165,47*6E
$GIGSV,1,1,02,09,16,273,33,10,51,165,47*6E
$GIGSV,1,1,02,09,16,273,33,10,51,165,47*6E
$GIGSV,1,1,02,09,16,273,33,10,51,165,47*6E
$GIGSV,1,1,02,09,16,273,33,10,51,165,46*6F
$GIGSV,1,1,02,09,16,273,33,10,51,165,46*6F
$GIGSV,1,1,02,09,16,273,33,10,51,165,46*6F
$GIGSV,1,1,02,09,16,273,33,10,51,165,46*6F
$GIGSV,1,1,02,09,16,273,33,10,51,165,46*6F
$GIGSV,1,1,02,09,16,273,33,10,51,165,46*6F
$GIGSV,1,1,02,09,16,273,33,10,51,165,46*6F
$GIGSV,1,1,02,09,16,273,33,10,51,165,46*6F
$GIGSV,1,1,02,09,16,273,33,10,51,165,46*6F
$GIGSV,1,1,02,09,16,273,33,10,51,165,46*6F
$GIGSV,1,1,02,09,16,273,33,10,51,165,46*6F
$GIGSV,1,1,02,09,16,273,33,10,51,165,46*6F
$GIGSV,1,1,02,09,16,273,33,10,51,165,46*6F
$GIGSV,1,1,02,09,16,273,33,10,51,165,46*6F
$GIGSV,1,1,02,09,16,273,33,10,51,165,46*6F
$GIGSV,1,1,02,09,16,273,33,10,51,165,46*6F
$GIGSV,1,1,02,09,16,273,33,10,51,165,46*6F
$GIGSV,1,1,02,09,16,273,33,10,51,165,46*6F
$GIGSV,1,1,02,09,16,273,33,10,51,165,46*6F
$GIGSV,1,1,02,09,16,273,33,10,51,165,46*6F
$GIGSV,1,1,02,09,16,273,33,10,51,165,46*6F
$GIGSV,1,1,02,09,16,273,33,10,51,165,46*6F
$GIGSV,1,1,02,09,16,273,33,10,51,165,46*6F
$GIGSV,1,1,02,09,16,273,33,10,51,165,46*6F
$GIGSV,1,1,02,09,16,273,33,10,51,165,46*6F
$GIGSV,1,1,02,09,16,273,33,10,51,165,46*6F
$GIGSV,1,1,02,09,16,273,33,10,51,165,46*6F
$GIGSV,1,1,02,09,16,273,33,10,51,165,46*6F
$GIGSV,1,1,02,09,16,273,33,10,51,165,46*6F
$GIGSV,1,1,02,09,16,273,33,10,51,165,47*6E
$GIGSV,1,1,02,09,16,273,33,10,51,165,47*6E
$GIGSV,1,1,02,09,16,273,33,10,51,165,47*6E
$GIGSV,1,1,02,09,16,273,33,10,51,165,47*6E
$GIGSV,1,1,02,09,16,273,33,10,51,165,47*6E
$GIGSV,1,1,02,09,16,273,33,10,51,165,47*6E
$GIGSV,1,1,02,09,16,273,33,10,51,165,47*6E
$GIGSV,1,1,02,09,16,273,33,10,51,165,47*6E
$GIGSV,1,1,02,09,16,273,33,10,51,165,47*6E
$GIGSV,1,1,02,09,16,273,33,10,51,165,47*6E
$GIGSV,1,1,02,09,16,273,33,10,51,165,47*6E
$GIGSV,1,1,02,09,16,273,33,10,51,165,47*6E
$GIGSV,1,1,02,09,16,273,33,10,51,165,47*6E
$GIGSV,1,1,02,09,16,273,33,10,51,165,47*6E
$GIGSV,1,1,02,09,16,273,33,10,51,165,47*6E
$GIGSV,1,1,02,09,16,273,34,10,51,165,47*69
$GIGSV,1,1,02,09,16,273,34,10,51,165,47*69
$GIGSV,1,1,02,09,16,273,34,10,51,165,47*69
$GIGSV,1,1,02,09,16,273,34,10,51,165,47*69
$GIGSV,1,1,02,09,16,273,34,10,51,165,47*69
$GIGSV,1,1,02,09,16,273,34,10,51,165,47*69
$GIGSV,1,1,02,09,16,273,34,10,51,165,47*69
$GIGSV,1,1,02,09,16,273,34,10,51,165,47*69
$GIGSV,1,1,02,09,16,273,34,10,51,165,47*69
$GIGSV,1,1,02,09,16,273,34,10,51,165,47*69
$GIGSV,1,1,02,09,16,273,34,10,51,165,47*69
$GIGSV,1,1,02,09,16,273,34,10,51,165,47*69
$GIGSV,1,1,02,09,16,273,34,10,51,165,47*69
$GIGSV,1,1,02,09,16,273,34,10,51,165,47*69
$GIGSV,1,1,02,09,16,273,34,10,51,165,47*69
$GIGSV,1,1,02,09,16,273,34,10,51,165,47*69
$GIGSV,1,1,02,09,16,273,34,10,51,165,47*69
$GIGSV,1,1,02,09,16,273,34,10,51,165,47*69
$GIGSV,1,1,02,09,16,273,34,10,51,165,47*69
$GIGSV,1,1,02,09,16,273,34,10,51,165,47*69
$GIGSV,1,1,02,09,16,273,34,10,51,165,47*69
$GIGSV,1,1,02,09,16,273,34,10,51,165,47*69
$GIGSV,1,1,02,09,16,273,34,10,51,165,47*69
$GIGSV,1,1,02,09,16,273,34,10,51,165,47*69
$GIGSV,1,1,02,09,16,273,33,10,51,165,47*6E
$GIGSV,1,1,02,09,16,273,33,10,51,165,47*6E
$GIGSV,1,1,02,09,16,273,33,10,51,165,47*6E
$GIGSV,1,1,02,09,16,273,33,10,51,165,47*6E
$GIGSV,1,1,02,09,16,273,33,10,51,165,47*6E
$GIGSV,1,1,02,09,16,273,33,10,51,165,47*6E
$GIGSV,1,1,02,09,16,273,33,10,51,165,47*6E
$GIGSV,1,1,02,09,16,273,33,10,51,165,47*6E
$GIGSV,1,1,02,09,16,273,33,10,51,165,47*6E
$GIGSV,1,1,02,09,16,273,33,10,51,165,47*6E
$GIGSV,1,1,02,09,16,273,34,10,51,165,47*69
$GIGSV,1,1,02,09,16,273,34,10,51,165,47*69
$GIGSV,1,1,02,09,16,273,34,10,51,165,47*69
$GIGSV,1,1,02,09,16,273,34,10,51,165,47*69
$GIGSV,1,1,02,09,16,273,34,10,51,165,47*69
$GIGSV,1,1,02,09,16,273,34,10,51,165,47*69
$GIGSV,1,1,02,09,16,273,34,10,51,165,47*69
$GIGSV,1,1,02,09,16,273,34,10,51,165,47*69
$GIGSV,1,1,02,09,16,273,33,10,51,165,47*6E
$GIGSV,1,1,02,09,16,273,33,10,51,165,47*6E
$GIGSV,1,1,02,09,16,273,33,10,51,165,47*6E
$GIGSV,1,1,02,09,16,273,33,10,51,165,47*6E
$GIGSV,1,1,02,09,16,273,33,10,51,165,47*6E
$GIGSV,1,1,02,09,16,273,33,10,51,165,47*6E
$GIGSV,1,1,02,09,16,273,33,10,51,165,47*6E
$GIGSV,1,1,02,09,16,273,33,10,51,165,47*6E
$GIGSV,1,1,02,09,16,273,33,10,51,165,47*6E
$GIGSV,1,1,02,09,16,273,33,10,51,165,47*6E
$GIGSV,1,1,02,09,16,273,33,10,51,165,47*6E
$GIGSV,1,1,02,09,16,273,33,10,51,165,47*6E
$GIGSV,1,1,02,09,16,273,33,10,51,165,47*6E
$GIGSV,1,1,02,09,16,273,33,10,51,165,47*6E
$GIGSV,1,1,02,09,16,273,33,10,51,165,47*6E
$GIGSV,1,1,02,09,16,273,33,10,51,165,47*6E
$GIGSV,1,1,02,09,16,273,33,10,51,165,47*6E
$GIGSV,1,1,02,09,16,273,33,10,51,165,47*6E
$GIGSV,1,1,02,09,16,273,33,10,51,165,47*6E
$GIGSV,1,1,02,09,16,273,33,10,51,165,47*6E
$GIGSV,1,1,02,09,16,273,33,10,51,165,47*6E
$GIGSV,1,1,02,09,16,273,33,10,51,165,47*6E
$GIGSV,1,1,02,09,16,273,33,10,51,165,47*6E
$GIGSV,1,1,02,09,16,273,33,10,51,165,47*6E
$GIGSV,1,1,02,09,16,273,33,10,51,165,47*6E
$GIGSV,1,1,02,09,16,273,33,10,51,165,47*6E
$GIGSV,1,1,02,09,16,273,33,10,51,165,47*6E
$GIGSV,1,1,02,09,16,273,33,10,51,165,47*6E
$GIGSV,1,1,02,09,16,273,33,10,51,165,47*6E
$GIGSV,1,1,02,09,16,273,33,10,51,165,47*6E
$GIGSV,1,1,02,09,16,273,33,10,51,165,47*6E
$GIGSV,1,1,02,09,16,273,33,10,51,165,47*6E
$GIGSV,1,1,02,09,16,273,33,10,51,165,47*6E
$GIGSV,1,1,02,09,16,273,33,10,51,165,47*6E
$GIGSV,1,1,02,09,16,273,33,10,51,165,47*6E
$GIGSV,1,1,02,09,16,273,33,10,51,165,47*6E
$GIGSV,1,1,02,09,16,273,33,10,51,165,47*6E
$GIGSV,1,1,02,09,16,273,33,10,51,165,47*6E
$GIGSV,1,1,02,09,16,273,33,10,51,165,47*6E
$GIGSV,1,1,02,09,16,273,33,10,51,165,47*6E
$GIGSV,1,1,02,09,16,273,33,10,51,165,47*6E
$GIGSV,1,1,02,09,16,273,33,10,51,165,47*6E
$GIGSV,1,1,02,09,16,273,33,10,51,165,46*6F
$GIGSV,1,1,02,09,16,273,32,10,51,165,46*6E
$GIGSV,1,1,02,09,16,273,32,10,51,165,46*6E
$GIGSV,1,1,02,09,16,273,32,10,51,165,46*6E
$GIGSV,1,1,02,09,16,273,32,10,51,165,46*6E
$GIGSV,1,1,02,09,16,273,32,10,51,165,46*6E
$GIGSV,1,1,02,09,16,273,32,10,51,165,46*6E
$GIGSV,1,1,02,09,16,273,32,10,51,165,46*6E
$GIGSV,1,1,02,09,16,273,32,10,51,165,46*6E
$GIGSV,1,1,02,09,16,273,32,10,51,165,46*6E
$GIGSV,1,1,02,09,16,273,32,10,51,165,46*6E
$GIGSV,1,1,02,09,16,273,32,10,51,165,46*6E
$GIGSV,1,1,02,09,16,273,32,10,51,165,46*6E
$GIGSV,1,1,02,09,16,273,32,10,51,165,46*6E
$GIGSV,1,1,02,09,16,273,32,10,51,165,46*6E
$GIGSV,1,1,02,09,16,273,32,10,51,165,46*6E
$GIGSV,1,1,02,09,16,273,32,10,51,165,46*6E
$GIGSV,1,1,02,09,16,273,32,10,51,165,46*6E
$GIGSV,1,1,02,09,16,273,32,10,51,165,46*6E
$GIGSV,1,1,02,09,16,273,32,10,51,165,46*6E
$GIGSV,1,1,02,09,16,273,32,10,51,165,46*6E
$GIGSV,1,1,02,09,16,273,32,10,51,165,46*6E
$GIGSV,1,1,02,09,16,273,32,10,51,165,46*6E
$GIGSV,1,1,02,09,16,273,32,10,51,165,46*6E
$GIGSV,1,1,02,09,16,273,32,10,51,165,46*6E
$GIGSV,1,1,02,09,16,273,32,10,51,165,46*6E
$GIGSV,1,1,02,09,16,273,32,10,51,165,46*6E
$GIGSV,1,1,02,09,16,273,32,10,51,165,46*6E
$GIGSV,1,1,02,09,16,273,32,10,51,165,46*6E
$GIGSV,1,1,02,09,16,273,32,10,51,165,46*6E
$GIGSV,1,1,02,09,16,273,32,10,51,165,46*6E
$GIGSV,1,1,02,09,16,273,32,10,51,165,46*6E
$GIGSV,1,1,02,09,16,273,32,10,51,165,46*6E
$GIGSV,1,1,02,09,16,273,32,10,51,165,46*6E
$GIGSV,1,1,02,09,16,273,32,10,51,165,46*6E
$GIGSV,1,1,02,09,16,273,32,10,51,165,46*6E
$GIGSV,1,1,02,09,16,273,32,10,51,165,46*6E
$GIGSV,1,1,02,09,16,273,32,10,51,165,46*6E
$GIGSV,1,1,02,09,16,273,32,10,51,165,46*6E
$GIGSV,1,1,02,09,16,273,32,10,51,165,46*6E
$GIGSV,1,1,02,09,16,273,32,10,51,165,46*6E
$GIGSV,1,1,02,09,16,273,32,10,51,165,46*6E
$GIGSV,1,1,02,09,16,273,32,10,51,165,46*6E
$GIGSV,1,1,02,09,16,273,32,10,51,165,46*6E
$GIGSV,1,1,02,09,16,273,32,10,51,165,46*6E
$GIGSV,1,1,02,09,16,273,32,10,51,165,46*6E
$GIGSV,1,1,02,09,16,273,32,10,51,165,46*6E
$GIGSV,1,1,02,09,16,273,32,10,51,165,46*6E
$GIGSV,1,1,02,09,16,273,32,10,51,165,46*6E
$GIGSV,1,1,02,09,16,273,32,10,51,165,46*6E
$GIGSV,1,1,02,09,16,273,32,10,51,165,46*6E
$GIGSV,1,1,02,09,16,273,32,10,51,165,46*6E
$GIGSV,1,1,02,09,16,273,32,10,51,165,46*6E
$GIGSV,1,1,02,09,16,273,32,10,51,165,46*6E
$GIGSV,1,1,02,09,16,273,32,10,51,165,46*6E
$GIGSV,1,1,02,09,16,273,31,10,51,165,46*6D
$GIGSV,1,1,02,09,16,273,31,10,51,165,46*6D
$GIGSV,1,1,02,09,16,273,31,10,51,165,46*6D
$GIGSV,1,1,02,09,16,273,31,10,51,165,46*6D
$GIGSV,1,1,02,09,16,273,31,10,51,165,46*6D
$GIGSV,1,1,02,09,16,273,31,10,51,165,46*6D
$GIGSV,1,1,02,09,16,273,31,10,51,165,46*6D
$GIGSV,1,1,02,09,16,273,31,10,51,165,46*6D
$GIGSV,1,1,02,09,16,273,31,10,51,165,46*6D
$GIGSV,1,1,02,09,16,273,31,10,51,165,46*6D
$GIGSV,1,1,02,09,16,273,31,10,51,165,46*6D
$GIGSV,1,1,02,09,16,273,31,10,51,165,46*6D
$GIGSV,1,1,02,09,16,273,31,10,51,165,46*6D
$GIGSV,1,1,02,09,16,273,31,10,51,165,46*6D
$GIGSV,1,1,02,09,16,273,31,10,51,165,46*6D
$GIGSV,1,1,02,09,16,273,31,10,51,165,46*6D
$GIGSV,1,1,02,09,16,273,31,10,51,165,46*6D
$GIGSV,1,1,02,09,16,273,31,10,51,165,46*6D
$GIGSV,1,1,02,09,16,273,31,10,51,165,46*6D
$GIGSV,1,1,02,09,16,273,31,10,51,165,46*6D
$GIGSV,1,1,02,09,16,273,31,10,51,165,46*6D
$GIGSV,1,1,02,09,16,273,32,10,51,165,46*6E
$GIGSV,1,1,02,09,16,273,32,10,51,165,46*6E
$GIGSV,1,1,02,09,16,273,32,10,51,165,46*6E
$GIGSV,1,1,02,09,16,273,32,10,51,165,46*6E
$GIGSV,1,1,02,09,16,273,32,10,51,165,46*6E
$GIGSV,1,1,02,09,16,273,32,10,51,165,46*6E
$GIGSV,1,1,02,09,16,273,33,10,51,165,46*6F
$GIGSV,1,1,02,09,16,273,33,10,51,165,46*6F
$GIGSV,1,1,02,09,16,273,33,10,51,165,46*6F
$GIGSV,1,1,02,09,16,273,33,10,51,165,46*6F
$GIGSV,1,1,02,09,16,273,34,10,51,165,46*68
$GIGSV,1,1,02,09,16,273,34,10,51,165,46*68
$GIGSV,1,1,02,09,16,273,34,10,51,165,45*6B
$GIGSV,1,1,02,09,16,273,34,10,51,165,45*6B
$GIGSV,1,1,02,09,16,273,34,10,51,165,46*68
$GIGSV,1,1,02,09,16,273,34,10,51,165,45*6B
$GIGSV,1,1,02,09,16,273,35,10,51,165,45*6A
$GIGSV,1,1,02,09,16,273,35,10,51,165,45*6A
$GIGSV,1,1,02,09,16,273,35,10,51,165,45*6A
$GIGSV,1,1,02,09,16,273,36,10,51,165,45*69
$GIGSV,1,1,02,09,16,273,36,10,51,165,45*69
$GIGSV,1,1,02,09,16,273,36,10,51,165,45*69
$GIGSV,1,1,02,09,16,273,36,10,51,165,45*69
$GIGSV,1,1,02,09,16,273,36,10,51,165,45*69
$GIGSV,1,1,02,09,16,273,36,10,51,165,45*69
$GIGSV,1,1,02,09,16,273,36,10,51,165,45*69
$GIGSV,1,1,02,09,16,273,37,10,51,165,45*68
$GIGSV,1,1,02,09,16,273,37,10,51,165,45*68
$GIGSV,1,1,02,09,16,273,37,10,51,165,45*68
$GIGSV,1,1,02,09,16,273,37,10,51,165,45*68
$GIGSV,1,1,02,09,16,273,37,10,51,165,45*68
$GIGSV,1,1,02,09,16,273,37,10,51,165,45*68
$GIGSV,1,1,02,09,16,273,37,10,51,165,45*68
$GIGSV,1,1,02,09,16,273,37,10,51,165,45*68
$GIGSV,1,1,02,09,16,273,37,10,51,165,45*68
$GIGSV,1,1,02,09,16,273,37,10,51,165,45*68
$GIGSV,1,1,02,09,16,273,37,10,51,165,44*69
$GIGSV,1,1,02,09,16,273,37,10,51,165,44*69
$GIGSV,1,1,02,09,16,273,38,10,51,165,44*66
$GIGSV,1,1,02,09,16,273,38,10,51,165,44*66
$GIGSV,1,1,02,09,16,273,38,10,51,165,44*66
$GIGSV,1,1,02,09,16,273,38,10,51,165,44*66
$GIGSV,1,1,02,09,16,273,38,10,51,165,44*66
$GIGSV,1,1,02,09,16,273,38,10,51,165,44*66
$GIGSV,1,1,02,09,16,273,38,10,51,165,44*66
$GIGSV,1,1,02,09,16,273,38,10,51,165,44*66
$GIGSV,1,1,02,09,16,273,38,10,51,165,44*66
$GIGSV,1,1,02,09,16,273,38,10,51,165,44*66
$GIGSV,1,1,02,09,16,273,39,10,51,165,44*67
$GIGSV,1,1,02,09,16,273,39,10,51,165,44*67
$GIGSV,1,1,02,09,16,273,39,10,51,165,44*67
$GIGSV,1,1,02,09,16,273,39,10,51,165,44*67
$GIGSV,1,1,02,09,16,273,39,10,51,165,44*67
$GIGSV,1,1,02,09,16,273,39,10,51,165,44*67
$GIGSV,1,1,02,09,16,273,39,10,51,165,44*67
$GIGSV,1,1,02,09,16,273,39,10,51,165,44*67
$GIGSV,1,1,02,09,16,273,39,10,51,165,44*67
$GIGSV,1,1,02,09,16,273,39,10,51,165,44*67
$GIGSV,1,1,02,09,16,273,39,10,51,165,43*60
$GIGSV,1,1,02,09,16,273,39,10,51,165,43*60
$GIGSV,1,1,02,09,16,273,39,10,51,165,43*60
$GIGSV,1,1,02,09,16,273,39,10,51,165,43*60
$GIGSV,1,1,02,09,16,273,39,10,51,165,43*60
$GIGSV,1,1,02,09,16,273,39,10,51,165,43*60
$GIGSV,1,1,02,09,16,273,39,10,51,165,43*60
$GIGSV,1,1,02,09,16,273,39,10,51,165,43*60
$GIGSV,1,1,02,09,16,273,39,10,51,165,43*60
$GIGSV,1,1,02,09,16,273,39,10,51,165,43*60
$GIGSV,1,1,02,09,16,273,39,10,51,165,43*60
$GIGSV,1,1,02,09,16,273,39,10,51,165,43*60
$GIGSV,1,1,02,09,16,273,39,10,51,165,43*60
$GIGSV,1,1,02,09,16,273,39,10,51,165,43*60
$GIGSV,1,1,02,09,16,273,40,10,51,165,43*6E
$GIGSV,1,1,02,09,16,273,40,10,51,165,43*6E
$GIGSV,1,1,02,09,16,273,39,10,51,165,43*60
$GIGSV,1,1,02,09,16,273,39,10,51,165,43*60
$GIGSV,1,1,02,09,16,273,39,10,51,165,42*61
$GIGSV,1,1,02,09,16,273,39,10,51,165,42*61
$GIGSV,1,1,02,09,16,273,39,10,51,165,42*61
$GIGSV,1,1,02,09,16,273,39,10,51,165,42*61
$GIGSV,1,1,02,09,16,273,39,10,51,165,42*61
$GIGSV,1,1,02,09,16,273,39,10,51,165,42*61
$GIGSV,1,1,02,09,16,273,39,10,51,165,42*61
$GIGSV,1,1,02,09,16,273,39,10,51,165,42*61
$GIGSV,1,1,02,09,16,273,39,10,51,165,42*61
$GIGSV,1,1,02,09,16,273,39,10,51,165,42*61
$GIGSV,1,1,02,09,16,273,39,10,51,165,42*61
$GIGSV,1,1,02,09,16,273,39,10,51,165,42*61
$GIGSV,1,1,02,09,16,273,39,10,51,165,42*61
$GIGSV,1,1,02,09,16,273,39,10,51,165,42*61
$GIGSV,1,1,02,09,16,273,39,10,51,165,42*61
$GIGSV,1,1,02,09,16,273,39,10,51,165,42*61
$GIGSV,1,1,02,09,16,273,39,10,51,165,42*61
$GIGSV,1,1,02,09,16,273,39,10,51,165,42*61
$GIGSV,1,1,02,09,16,273,39,10,51,165,42*61
$GIGSV,1,1,02,09,16,273,39,10,51,165,42*61
$GIGSV,1,1,02,09,16,273,39,10,51,165,42*61
$GIGSV,1,1,02,09,16,273,39,10,51,165,42*61
$GIGSV,1,1,02,09,16,273,39,10,51,165,42*61
$GIGSV,1,1,02,09,16,273,39,10,51,165,42*61
$GIGSV,1,1,02,09,16,273,39,10,51,165,42*61
$GIGSV,1,1,02,09,16,273,38,10,51,165,42*60
$GIGSV,1,1,02,09,16,273,38,10,51,165,42*60
$GIGSV,1,1,02,09,16,273,38,10,51,165,42*60
$GIGSV,1,1,02,09,16,273,38,10,51,165,42*60
$GIGSV,1,1,02,09,16,273,38,10,51,165,42*60
$GIGSV,1,1,02,09,16,273,38,10,51,165,42*60
$GIGSV,1,1,02,09,16,273,38,10,51,165,42*60
$GIGSV,1,1,02,09,16,273,38,10,51,165,42*60
$GIGSV,1,1,02,09,16,273,38,10,51,165,42*60
$GIGSV,1,1,02,09,16,273,38,10,51,165,42*60
$GIGSV,1,1,02,09,16,273,38,10,51,165,42*60
$GIGSV,1,1,02,09,16,273,38,10,51,165,42*60
$GIGSV,1,1,02,09,16,273,38,10,51,165,42*60
$GIGSV,1,1,02,09,16,273,38,10,51,165,42*60
$GIGSV,1,1,02,09,16,273,38,10,51,165,42*60
$GIGSV,1,1,02,09,16,273,38,10,51,165,42*60
$GIGSV,1,1,02,09,16,273,37,10,51,165,42*6F
$GIGSV,1,1,02,09,16,273,37,10,51,165,42*6F
$GIGSV,1,1,02,09,16,273,37,10,51,165,42*6F
$GIGSV,1,1,02,09,16,273,37,10,51,165,42*6F
$GIGSV,1,1,02,09,16,273,37,10,51,165,42*6F
$GIGSV,1,1,02,09,16,273,37,10,51,165,42*6F
$GIGSV,1,1,02,09,16,273,37,10,51,165,42*6F
$GIGSV,1,1,02,09,16,273,37,10,51,165,42*6F
$GIGSV,1,1,02,09,16,273,37,10,51,165,42*6F
$GIGSV,1,1,02,09,16,273,37,10,51,165,42*6F
$GIGSV,1,1,02,09,16,273,37,10,51,165,42*6F
$GIGSV,1,1,02,09,16,273,37,10,51,165,42*6F
$GIGSV,1,1,02,09,16,273,37,10,51,165,42*6F
$GIGSV,1,1,02,09,16,273,37,10,51,165,42*6F
$GIGSV,1,1,02,09,16,273,37,10,51,165,42*6F
$GIGSV,1,1,02,09,16,273,37,10,51,165,42*6F
$GIGSV,1,1,02,09,16,273,37,10,51,165,42*6F
$GIGSV,1,1,02,09,16,273,37,10,51,165,42*6F
$GIGSV,1,1,02,09,16,273,37,10,51,165,41*6C
$GIGSV,1,1,02,09,16,273,37,10,51,165,41*6C
$GIGSV,1,1,02,09,16,273,37,10,51,165,41*6C
$GIGSV,1,1,02,09,16,273,37,10,51,165,41*6C
$GIGSV,1,1,02,09,16,273,37,10,51,165,41*6C
$GIGSV,1,1,02,09,16,273,37,10,51,165,41*6C
$GIGSV,1,1,02,09,16,273,37,10,51,165,41*6C
$GIGSV,1,1,02,09,16,273,37,10,51,165,41*6C
$GIGSV,1,1,02,09,16,273,37,10,51,165,41*6C
$GIGSV,1,1,02,09,16,273,37,10,51,165,41*6C
$GIGSV,1,1,02,09,16,273,37,10,51,165,41*6C
$GIGSV,1,1,02,09,16,273,36,10,51,165,41*6D
$GIGSV,1,1,02,09,16,273,36,10,51,165,41*6D
$GIGSV,1,1,02,09,16,273,36,10,51,165,41*6D
$GIGSV,1,1,02,09,16,273,36,10,51,165,41*6D
$GIGSV,1,1,02,09,16,273,36,10,51,165,41*6D
$GIGSV,1,1,02,09,16,273,36,10,51,165,41*6D
$GIGSV,1,1,02,09,16,273,36,10,51,165,41*6D
$GIGSV,1,1,02,09,16,273,36,10,51,165,41*6D
$GIGSV,1,1,02,09,16,273,36,10,51,165,41*6D
$GIGSV,1,1,02,09,16,273,36,10,51,165,41*6D
$GIGSV,1,1,02,09,16,273,36,10,51,165,41*6D
$GIGSV,1,1,02,09,16,273,36,10,51,165,41*6D
$GIGSV,1,1,02,09,16,273,36,10,51,165,41*6D
$GIGSV,1,1,02,09,16,273,36,10,51,165,41*6D
$GIGSV,1,1,02,09,16,273,36,10,51,165,41*6D
$GIGSV,1,1,02,09,16,273,36,10,51,165,40*6C
$GIGSV,1,1,02,09,16,273,36,10,51,165,40*6C
$GIGSV,1,1,02,09,16,273,36,10,51,165,40*6C
$GIGSV,1,1,02,09,16,273,36,10,51,165,40*6C
$GIGSV,1,1,02,09,16,273,36,10,51,165,40*6C
$GIGSV,1,1,02,09,16,273,36,10,51,165,40*6C
$GIGSV,1,1,02,09,16,273,36,10,51,165,40*6C
$GIGSV,1,1,02,09,16,273,36,10,51,165,40*6C
$GIGSV,1,1,02,09,16,273,36,10,51,165,40*6C
$GIGSV,1,1,02,09,16,273,36,10,51,165,40*6C
$GIGSV,1,1,02,09,16,273,35,10,51,165,40*6F
$GIGSV,1,1,02,09,16,273,35,10,51,165,40*6F
$GIGSV,1,1,02,09,16,273,35,10,51,165,40*6F
$GIGSV,1,1,02,09,16,273,35,10,51,165,40*6F
$GIGSV,1,1,02,09,16,273,35,10,51,165,40*6F
$GIGSV,1,1,02,09,16,273,35,10,51,165,40*6F
$GIGSV,1,1,02,09,16,273,35,10,51,165,40*6F
$GIGSV,1,1,02,09,16,273,35,10,51,165,40*6F
$GIGSV,1,1,02,09,16,273,35,10,51,165,40*6F
$GIGSV,1,1,02,09,16,273,35,10,51,165,40*6F
$GIGSV,1,1,02,09,16,273,35,10,51,165,40*6F
$GIGSV,1,1,02,09,16,273,35,10,51,165,40*6F
$GIGSV,1,1,02,09,16,273,35,10,51,165,40*6F
$GIGSV,1,1,02,09,16,273,35,10,51,165,40*6F
$GIGSV,1,1,02,09,16,273,35,10,51,165,40*6F
$GIGSV,1,1,02,09,16,273,35,10,51,165,40*6F
$GIGSV,1,1,02,09,16,273,35,10,51,165,40*6F
$GIGSV,1,1,02,09,16,273,35,10,51,165,40*6F
$GIGSV,1,1,02,09,16,273,35,10,51,165,40*6F
$GIGSV,1,1,02,09,16,273,35,10,51,165,40*6F
$GIGSV,1,1,02,09,16,273,35,10,51,165,40*6F
$GIGSV,1,1,02,09,16,273,34,10,51,165,40*6E
$GIGSV,1,1,02,09,16,273,34,10,51,165,41*6F
$GIGSV,1,1,02,09,16,273,34,10,51,165,41*6F
$GIGSV,1,1,02,09,16,273,34,10,51,165,41*6F
$GIGSV,1,1,02,09,16,273,34,10,51,165,41*6F
$GIGSV,1,1,02,09,16,273,34,10,51,165,41*6F
$GIGSV,1,1,02,09,16,273,34,10,51,165,41*6F
$GIGSV,1,1,02,09,16,273,34,10,51,165,41*6F
$GIGSV,1,1,02,09,16,273,35,10,51,165,41*6E
$GIGSV,1,1,02,09,16,273,35,10,51,165,41*6E
$GIGSV,1,1,02,09,16,273,35,10,51,165,41*6E
$GIGSV,1,1,02,09,16,273,35,10,51,165,41*6E
$GIGSV,1,1,02,09,16,273,35,10,51,165,41*6E
$GIGSV,1,1,02,09,16,273,35,10,51,165,41*6E
$GIGSV,1,1,02,09,16,273,35,10,51,165,41*6E
$GIGSV,1,1,02,09,16,273,35,10,51,165,41*6E
$GIGSV,1,1,02,09,16,273,35,10,51,165,41*6E
$GIGSV,1,1,02,09,16,273,35,10,51,165,41*6E
$GIGSV,1,1,02,09,16,273,35,10,51,165,41*6E
$GIGSV,1,1,02,09,16,273,35,10,51,165,41*6E
$GIGSV,1,1,02,09,16,273,35,10,51,165,41*6E
$GIGSV,1,1,02,09,16,273,35,10,51,165,41*6E
$GIGSV,1,1,02,09,16,273,35,10,51,165,41*6E
$GIGSV,1,1,02,09,16,273,35,10,51,165,41*6E
$GIGSV,1,1,02,09,16,273,35,10,51,165,41*6E
$GIGSV,1,1,02,09,16,273,35,10,51,165,41*6E
$GIGSV,1,1,02,09,16,273,34,10,51,165,41*6F
$GIGSV,1,1,02,09,16,273,34,10,51,165,41*6F
$GIGSV,1,1,02,09,16,273,34,10,51,165,41*6F
$GIGSV,1,1,02,09,16,273,34,10,51,165,41*6F
$GIGSV,1,1,02,09,16,273,34,10,51,165,41*6F
$GIGSV,1,1,02,09,16,273,34,10,51,165,41*6F
$GIGSV,1,1,02,09,16,273,34,10,51,165,41*6F
$GIGSV,1,1,02,09,16,273,34,10,51,165,41*6F
$GIGSV,1,1,02,09,16,273,34,10,51,165,41*6F
$GIGSV,1,1,02,09,16,273,34,10,51,165,41*6F
$GIGSV,1,1,02,09,16,273,34,10,51,165,41*6F
$GIGSV,1,1,02,09,16,273,34,10,51,165,41*6F
$GIGSV,1,1,02,09,16,273,34,10,51,165,41*6F
$GIGSV,1,1,02,09,16,273,34,10,51,165,41*6F
$GIGSV,1,1,02,09,16,273,34,10,51,165,41*6F
$GIGSV,1,1,02,09,16,273,34,10,51,165,41*6F
$GIGSV,1,1,02,09,16,273,34,10,51,165,41*6F
$GIGSV,1,1,02,09,16,273,34,10,51,165,41*6F
$GIGSV,1,1,02,09,16,273,34,10,51,165,41*6F
$GIGSV,1,1,02,09,16,273,34,10,51,165,41*6F
$GIGSV,1,1,02,09,16,273,34,10,51,165,41*6F
$GIGSV,1,1,02,09,16,273,34,10,51,165,41*6F
$GIGSV,1,1,02,09,16,273,34,10,51,165,41*6F
$GIGSV,1,1,02,09,16,273,34,10,51,165,41*6F
$GIGSV,1,1,02,09,16,273,34,10,51,165,41*6F
$GIGSV,1,1,02,09,16,273,34,10,51,165,41*6F
$GIGSV,1,1,02,09,16,273,34,10,51,165,41*6F
$GIGSV,1,1,02,09,16,273,34,10,51,165,41*6F
$GIGSV,1,1,02,09,16,273,33,10,51,165,40*69
$GIGSV,1,1,02,09,16,273,33,10,51,165,40*69
$GIGSV,1,1,02,09,16,273,33,10,51,165,40*69
$GIGSV,1,1,02,09,16,273,33,10,51,165,40*69
$GIGSV,1,1,02,09,16,273,33,10,51,165,40*69
$GIGSV,1,1,02,09,16,273,33,10,51,165,40*69
$GIGSV,1,1,02,09,16,273,33,10,51,165,40*69
$GIGSV,1,1,02,09,16,273,33,10,51,165,40*69
$GIGSV,1,1,02,09,16,273,33,10,51,165,40*69
$GIGSV,1,1,02,09,16,273,33,10,51,165,40*69
$GIGSV,1,1,02,09,16,273,33,10,51,165,40*69
$GIGSV,1,1,02,09,16,273,33,10,51,165,40*69
$GIGSV,1,1,02,09,16,273,33,10,51,165,40*69
$GIGSV,1,1,02,09,16,273,33,10,51,165,40*69
$GIGSV,1,1,02,09,16,273,33,10,51,165,40*69
$GIGSV,1,1,02,09,16,273,33,10,51,165,40*69
$GIGSV,1,1,02,09,16,273,33,10,51,165,40*69
$GIGSV,1,1,02,09,16,273,33,10,51,165,40*69
$GIGSV,1,1,02,09,16,273,33,10,51,165,40*69
$GIGSV,1,1,02,09,16,273,33,10,51,165,40*69
$GIGSV,1,1,02,09,16,273,33,10,51,165,40*69
$GIGSV,1,1,02,09,16,273,33,10,51,165,40*69
$GIGSV,1,1,02,09,16,273,33,10,51,165,39*67
$GIGSV,1,1,02,09,16,273,33,10,51,165,39*67
$GIGSV,1,1,02,09,16,273,33,10,51,165,39*67
$GIGSV,1,1,02,09,16,273,33,10,51,165,39*67
$GIGSV,1,1,02,09,16,273,33,10,51,165,39*67
$GIGSV,1,1,02,09,16,273,33,10,51,165,39*67
$GIGSV,1,1,02,09,16,273,33,10,51,165,39*67
$GIGSV,1,1,02,09,16,273,33,10,51,165,39*67
$GIGSV,1,1,02,09,16,273,33,10,51,165,39*67
$GIGSV,1,1,02,09,16,273,33,10,51,165,39*67
$GIGSV,1,1,02,09,16,273,33,10,51,165,39*67
$GIGSV,1,1,02,09,16,273,33,10,51,165,39*67
$GIGSV,1,1,02,09,16,273,33,10,51,165,39*67
$GIGSV,1,1,02,09,16,273,33,10,51,165,39*67
$GIGSV,1,1,02,09,16,273,33,10,51,165,39*67
$GIGSV,1,1,02,09,16,273,33,10,51,165,39*67
$GIGSV,1,1,02,09,16,273,33,10,51,165,39*67
$GIGSV,1,1,02,09,16,273,33,10,51,165,39*67
$GIGSV,1,1,02,09,16,273,33,10,51,165,39*67
$GIGSV,1,1,02,09,16,273,33,10,51,165,39*67
$GIGSV,1,1,02,09,16,273,33,10,51,165,39*67
$GIGSV,1,1,02,09,16,273,33,10,51,165,39*67
$GIGSV,1,1,02,09,16,273,33,10,51,165,39*67
$GIGSV,1,1,02,09,16,273,33,10,51,165,39*67
$GIGSV,1,1,02,09,16,273,33,10,51,165,40*69
$GIGSV,1,1,02,09,16,273,33,10,51,165,40*69
$GIGSV,1,1,02,09,16,273,33,10,51,165,40*69
$GIGSV,1,1,02,09,16,273,33,10,51,165,40*69
$GIGSV,1,1,02,09,16,273,33,10,51,165,40*69
$GIGSV,1,1,02,09,16,273,33,10,51,165,40*69
$GIGSV,1,1,02,09,16,273,33,10,51,165,40*69
$GIGSV,1,1,02,09,16,273,33,10,51,165,40*69
$GIGSV,1,1,02,09,16,273,33,10,51,165,40*69
$GIGSV,1,1,02,09,16,273,32,10,51,165,40*68
$GIGSV,1,1,02,09,16,273,32,10,51,165,40*68
$GIGSV,1,1,02,09,16,273,32,10,51,165,40*68
$GIGSV,1,1,02,09,16,273,32,10,51,165,40*68
$GIGSV,1,1,02,09,16,273,32,10,51,165,40*68
$GIGSV,1,1,02,09,16,273,32,10,51,165,40*68
$GIGSV,1,1,02,09,16,273,32,10,51,165,40*68
$GIGSV,1,1,02,09,16,273,32,10,51,165,40*68
$GIGSV,1,1,02,09,16,273,32,10,51,165,40*68
$GIGSV,1,1,02,09,16,273,32,10,51,165,40*68
$GIGSV,1,1,02,09,16,273,32,10,51,165,40*68
$GIGSV,1,1,02,09,16,273,32,10,51,165,40*68
$GIGSV,1,1,02,09,16,273,32,10,51,165,40*68
$GIGSV,1,1,02,09,16,273,32,10,51,165,40*68
$GIGSV,1,1,02,09,16,273,32,10,51,165,40*68
$GIGSV,1,1,02,09,16,273,32,10,51,165,40*68
$GIGSV,1,1,02,09,16,273,32,10,51,165,40*68
$GIGSV,1,1,02,09,16,273,33,10,51,165,40*69
$GIGSV,1,1,02,09,16,273,33,10,51,165,40*69
$GIGSV,1,1,02,09,16,273,33,10,51,165,40*69
$GIGSV,1,1,02,09,16,273,33,10,51,165,40*69
$GIGSV,1,1,02,09,16,273,33,10,51,165,41*68
$GIGSV,1,1,02,09,16,273,33,10,51,165,41*68
$GIGSV,1,1,02,09,16,273,33,10,51,165,41*68
$GIGSV,1,1,02,09,16,273,33,10,51,165,41*68
$GIGSV,1,1,02,09,16,273,33,10,51,165,41*68
$GIGSV,1,1,02,09,16,273,33,10,51,165,40*69
$GIGSV,1,1,02,09,16,273,33,10,51,165,40*69
$GIGSV,1,1,02,09,16,273,33,10,51,165,40*69
$GIGSV,1,1,02,09,16,273,34,10,51,165,40*6E
$GIGSV,1,1,02,09,16,273,34,10,51,165,40*6E
$GIGSV,1,1,02,09,16,273,34,10,51,165,40*6E
$GIGSV,1,1,02,09,16,273,34,10,51,165,40*6E
$GIGSV,1,1,02,09,16,273,34,10,51,165,40*6E
$GIGSV,1,1,02,09,16,273,34,10,51,165,40*6E
$GIGSV,1,1,02,09,16,273,33,10,51,165,40*69
$GIGSV,1,1,02,09,16,273,33,10,51,165,40*69
$GIGSV,1,1,02,09,16,273,33,10,51,165,40*69
$GIGSV,1,1,02,09,16,273,33,10,51,165,40*69
$GIGSV,1,1,02,09,16,273,33,10,51,165,40*69
$GIGSV,1,1,02,09,16,273,33,10,51,165,40*69
$GIGSV,1,1,02,09,16,273,33,10,51,165,40*69
$GIGSV,1,1,02,09,16,273,33,10,51,165,40*69
$GIGSV,1,1,02,09,16,273,33,10,51,165,40*69
$GIGSV,1,1,02,09,16,273,33,10,51,165,40*69
$GIGSV,1,1,02,09,16,273,33,10,51,165,40*69
$GIGSV,1,1,02,09,16,273,33,10,51,165,40*69
$GIGSV,1,1,02,09,16,273,33,10,51,165,40*69
$GIGSV,1,1,02,09,16,273,33,10,51,165,40*69
$GIGSV,1,1,02,09,16,273,33,10,51,165,39*67
$GIGSV,1,1,02,09,16,273,33,10,51,165,39*67
$GIGSV,1,1,02,09,16,273,33,10,51,165,39*67
$GIGSV,1,1,02,09,16,273,33,10,51,165,39*67
$GIGSV,1,1,02,09,16,273,33,10,51,165,39*67
$GIGSV,1,1,02,09,16,273,33,10,51,165,39*67
$GIGSV,1,1,02,09,16,273,33,10,51,165,39*67
$GIGSV,1,1,02,09,16,273,33,10,51,165,39*67
$GIGSV,1,1,02,09,16,273,33,10,51,165,39*67
$GIGSV,1,1,02,09,16,273,33,10,51,165,39*67
$GIGSV,1,1,02,09,16,273,33,10,51,165,39*67
$GIGSV,1,1,02,09,16,273,33,10,51,165,40*69
$GIGSV,1,1,02,09,16,273,33,10,51,165,40*69
$GIGSV,1,1,02,09,16,273,33,10,51,165,40*69
$GIGSV,1,1,02,09,16,273,33,10,51,165,40*69
$GIGSV,1,1,02,09,16,273,33,10,51,165,40*69
$GIGSV,1,1,02,09,16,273,33,10,51,165,40*69
$GIGSV,1,1,02,09,16,273,33,10,51,165,40*69
$GIGSV,1,1,02,09,16,273,33,10,51,165,40*69
$GIGSV,1,1,02,09,16,273,33,10,51,165,40*69
$GIGSV,1,1,02,09,16,273,33,10,51,165,40*69
$GIGSV,1,1,02,09,16,273,33,10,51,165,40*69
$GIGSV,1,1,02,09,16,273,33,10,51,165,40*69
$GIGSV,1,1,02,09,16,273,32,10,51,165,40*68
$GIGSV,1,1,02,09,16,273,32,10,51,165,40*68
$GIGSV,1,1,02,09,16,273,32,10,51,165,40*68
$GIGSV,1,1,02,09,16,273,32,10,51,165,40*68
$GIGSV,1,1,02,09,16,273,32,10,51,165,40*68
$GIGSV,1,1,02,09,16,273,32,10,51,165,40*68
$GIGSV,1,1,02,09,16,273,33,10,51,165,40*69
$GIGSV,1,1,02,09,16,273,33,10,51,165,40*69
$GIGSV,1,1,02,09,16,273,33,10,51,165,40*69
$GIGSV,1,1,02,09,16,273,33,10,51,165,40*69
$GIGSV,1,1,02,09,16,273,33,10,51,165,40*69
$GIGSV,1,1,02,09,16,273,33,10,51,165,40*69
$GIGSV,1,1,02,09,16,273,33,10,51,165,40*69
$GIGSV,1,1,02,09,16,273,33,10,51,165,40*69
$GIGSV,1,1,02,09,16,273,32,10,51,165,40*68
$GIGSV,1,1,02,09,16,273,32,10,51,165,40*68
$GIGSV,1,1,02,09,16,273,33,10,51,165,40*69
$GIGSV,1,1,02,09,16,273,33,10,51,165,40*69
$GIGSV,1,1,02,09,16,273,33,10,51,165,40*69
$GIGSV,1,1,02,09,16,273,32,10,51,165,40*68
$GIGSV,1,1,02,09,16,273,32,10,51,165,40*68
$GIGSV,1,1,02,09,16,273,32,10,51,165,40*68
$GIGSV,1,1,02,09,16,273,32,10,51,165,40*68
$GIGSV,1,1,02,09,16,273,32,10,51,165,40*68
$GIGSV,1,1,02,09,16,273,32,10,51,165,40*68
$GIGSV,1,1,02,09,16,273,32,10,51,165,40*68
$GIGSV,1,1,02,09,16,273,32,10,51,165,40*68
$GIGSV,1,1,02,09,16,273,32,10,51,165,40*68
$GIGSV,1,1,02,09,16,273,32,10,51,165,40*68
$GIGSV,1,1,02,09,16,273,32,10,51,165,40*68
$GIGSV,1,1,02,09,16,273,32,10,51,165,40*68
$GIGSV,1,1,02,09,16,273,32,10,51,165,40*68
$GIGSV,1,1,02,09,16,273,32,10,51,165,40*68
$GIGSV,1,1,02,09,16,273,32,10,51,165,40*68
$GIGSV,1,1,02,09,16,273,32,10,51,165,39*66
$GIGSV,1,1,02,09,16,273,32,10,51,165,39*66
$GIGSV,1,1,02,09,16,273,32,10,51,165,39*66
$GIGSV,1,1,02,09,16,273,32,10,51,165,39*66
$GIGSV,1,1,02,09,16,273,32,10,51,165,39*66
$GIGSV,1,1,02,09,16,273,32,10,51,165,39*66
$GIGSV,1,1,02,09,16,273,32,10,51,165,39*66
$GIGSV,1,1,02,09,16,273,32,10,51,165,39*66
$GIGSV,1,1,02,09,16,273,32,10,51,165,39*66
$GIGSV,1,1,02,09,16,273,32,10,51,165,39*66
$GIGSV,1,1,02,09,16,273,32,10,51,165,39*66
$GIGSV,1,1,02,09,16,273,32,10,51,165,39*66
$GIGSV,1,1,02,09,16,273,32,10,51,165,39*66
$GIGSV,1,1,02,09,16,273,32,10,51,165,39*66
$GIGSV,1,1,02,09,16,273,32,10,51,165,39*66
$GIGSV,1,1,02,09,16,273,33,10,51,165,39*67
$GIGSV,1,1,02,09,16,273,33,10,51,165,40*69
$GIGSV,1,1,02,09,16,273,33,10,51,165,40*69
$GIGSV,1,1,02,09,16,273,33,10,51,165,40*69
$GIGSV,1,1,02,09,16,273,33,10,51,165,40*69
$GIGSV,1,1,02,09,16,273,34,10,51,165,40*6E
$GIGSV,1,1,02,09,16,273,34,10,51,165,40*6E
$GIGSV,1,1,02,09,16,273,34,10,51,165,40*6E
$GIGSV,1,1,02,09,16,273,34,10,51,165,40*6E
$GIGSV,1,1,02,09,16,273,34,10,51,165,40*6E
$GIGSV,1,1,02,09,16,273,34,10,51,165,40*6E
$GIGSV,1,1,02,09,16,273,34,10,51,165,41*6F
$GIGSV,1,1,02,09,16,273,34,10,51,165,42*6C
$GIGSV,1,1,02,09,16,273,34,10,51,165,42*6C
$GIGSV,1,1,02,09,16,273,34,10,51,165,42*6C
$GIGSV,1,1,02,09,16,273,34,10,51,165,42*6C
$GIGSV,1,1,02,09,16,273,35,10,51,165,42*6D
$GIGSV,1,1,02,09,16,273,35,10,51,165,43*6C
$GIGSV,1,1,02,09,16,273,35,10,51,165,43*6C
$GIGSV,1,1,02,09,16,273,35,10,51,165,43*6C
$GIGSV,1,1,02,09,16,273,35,10,51,165,43*6C
$GIGSV,1,1,02,09,16,273,35,10,51,165,43*6C
$GIGSV,1,1,02,09,16,273,35,10,51,165,43*6C
$GIGSV,1,1,02,09,16,273,35,10,51,165,43*6C
$GIGSV,1,1,02,09,16,273,35,10,51,165,43*6C
$GIGSV,1,1,02,09,16,273,35,10,51,165,43*6C
$GIGSV,1,1,02,09,16,273,35,10,51,165,43*6C
$GIGSV,1,1,02,09,16,273,35,10,51,165,43*6C
$GIGSV,1,1,02,09,16,273,35,10,51,165,43*6C
$GIGSV,1,1,02,09,16,273,35,10,51,165,43*6C
$GIGSV,1,1,02,09,16,273,35,10,51,165,43*6C
$GIGSV,1,1,02,09,16,273,36,10,51,165,43*6F
$GIGSV,1,1,02,09,16,273,35,10,51,165,43*6C
$GIGSV,1,1,02,09,16,273,35,10,51,165,44*6B
$GIGSV,1,1,02,09,16,273,36,10,51,165,44*68
$GIGSV,1,1,02,09,16,273,36,10,51,165,44*68
$GIGSV,1,1,02,09,16,273,35,10,51,165,44*6B
$GIGSV,1,1,02,09,16,273,35,10,51,165,44*6B
$GIGSV,1,1,02,09,16,273,35,10,51,165,44*6B
$GIGSV,1,1,02,09,16,273,35,10,51,165,44*6B
$GIGSV,1,1,02,09,16,273,35,10,51,165,44*6B
$GIGSV,1,1,02,09,16,273,35,10,51,165,44*6B
$GIGSV,1,1,02,09,16,273,35,10,51,165,44*6B
$GIGSV,1,1,02,09,16,273,35,10,51,165,44*6B
$GIGSV,1,1,02,09,16,273,35,10,51,165,44*6B
$GIGSV,1,1,02,09,16,273,35,10,51,165,44*6B
$GIGSV,1,1,02,09,16,273,35,10,51,165,44*6B
$GIGSV,1,1,02,09,16,273,35,10,51,165,44*6B
$GIGSV,1,1,02,09,16,273,35,10,51,165,44*6B
$GIGSV,1,1,02,09,16,273,35,10,51,165,44*6B
$GIGSV,1,1,02,09,16,273,35,10,51,165,44*6B
$GIGSV,1,1,02,09,16,273,35,10,51,165,44*6B
$GIGSV,1,1,02,09,16,273,35,10,51,165,44*6B
$GIGSV,1,1,02,09,16,273,35,10,51,165,44*6B
$GIGSV,1,1,02,09,16,273,35,10,51,165,44*6B
$GIGSV,1,1,02,09,16,273,35,10,51,165,44*6B
$GIGSV,1,1,02,09,16,273,35,10,51,165,44*6B
$GIGSV,1,1,02,09,16,273,35,10,51,165,44*6B
$GIGSV,1,1,02,09,16,273,35,10,51,165,44*6B
$GIGSV,1,1,02,09,16,273,35,10,51,165,44*6B
$GIGSV,1,1,02,09,16,273,35,10,51,165,44*6B
$GIGSV,1,1,02,09,16,273,35,10,51,165,44*6B
$GIGSV,1,1,02,09,16,273,35,10,51,165,44*6B
$GIGSV,1,1,02,09,16,273,35,10,51,165,44*6B
$GIGSV,1,1,02,09,16,273,35,10,51,165,44*6B
$GIGSV,1,1,02,09,16,273,35,10,51,165,44*6B
$GIGSV,1,1,02,09,16,273,36,10,51,165,44*68
$GIGSV,1,1,02,09,16,273,36,10,51,165,44*68
$GIGSV,1,1,02,09,16,273,36,10,51,165,44*68
$GIGSV,1,1,02,09,16,273,36,10,51,165,44*68
$GIGSV,1,1,02,09,16,273,36,10,51,165,43*6F
$GIGSV,1,1,02,09,16,273,36,10,51,165,43*6F
$GIGSV,1,1,02,09,16,273,36,10,51,165,43*6F
$GIGSV,1,1,02,09,16,273,36,10,51,165,43*6F
$GIGSV,1,1,02,09,16,273,35,10,51,165,43*6C
$GIGSV,1,1,02,09,16,273,35,10,51,165,43*6C
$GIGSV,1,1,02,09,16,273,35,10,51,165,43*6C
$GIGSV,1,1,02,09,16,273,35,10,51,165,43*6C
$GIGSV,1,1,02,09,16,273,35,10,51,165,43*6C
$GIGSV,1,1,02,09,16,273,35,10,51,165,43*6C
$GIGSV,1,1,02,09,16,273,35,10,51,165,43*6C
$GIGSV,1,1,02,09,16,273,35,10,51,165,43*6C
$GIGSV,1,1,02,09,16,273,35,10,51,165,43*6C
$GIGSV,1,1,02,09,16,273,35,10,51,165,43*6C
$GIGSV,1,1,02,09,16,273,35,10,51,165,43*6C
$GIGSV,1,1,02,09,16,273,35,10,51,165,43*6C
$GIGSV,1,1,02,09,16,273,35,10,51,165,43*6C
$GIGSV,1,1,02,09,16,273,35,10,51,165,43*6C
$GIGSV,1,1,02,09,16,273,35,10,51,165,43*6C
$GIGSV,1,1,02,09,16,273,35,10,51,165,43*6C
$GIGSV,1,1,02,09,16,273,35,10,51,165,43*6C
$GIGSV,1,1,02,09,16,273,35,10,51,165,43*6C
$GIGSV,1,1,02,09,16,273,35,10,51,165,43*6C
$GIGSV,1,1,02,09,16,273,35,10,51,165,43*6C
$GIGSV,1,1,02,09,16,273,35,10,51,165,43*6C
$GIGSV,1,1,02,09,16,273,35,10,51,165,43*6C
$GIGSV,1,1,02,09,16,273,35,10,51,165,43*6C
$GIGSV,1,1,02,09,16,273,35,10,51,165,43*6C
$GIGSV,1,1,02,09,16,273,35,10,51,165,43*6C
$GIGSV,1,1,02,09,16,273,35,10,51,165,43*6C
$GIGSV,1,1,02,09,16,273,35,10,51,165,43*6C
$GIGSV,1,1,02,09,16,273,35,10,51,165,43*6C
$GIGSV,1,1,02,09,16,273,35,10,51,165,43*6C
$GIGSV,1,1,02,09,16,273,35,10,51,165,43*6C
$GIGSV,1,1,02,09,16,273,35,10,51,165,43*6C
$GIGSV,1,1,02,09,16,273,35,10,51,165,43*6C
$GIGSV,1,1,02,09,16,273,35,10,51,165,43*6C
$GIGSV,1,1,02,09,16,273,35,10,51,165,43*6C
$GIGSV,1,1,02,09,16,273,35,10,51,165,43*6C
$GIGSV,1,1,02,09,16,273,35,10,51,165,43*6C
$GIGSV,1,1,02,09,16,273,35,10,51,165,42*6D
$GIGSV,1,1,02,09,16,273,35,10,51,165,42*6D
$GIGSV,1,1,02,09,16,273,35,10,51,165,42*6D
$GIGSV,1,1,02,09,16,273,35,10,51,165,42*6D
$GIGSV,1,1,02,09,16,273,35,10,51,165,42*6D
$GIGSV,1,1,02,09,16,273,35,10,51,165,42*6D
$GIGSV,1,1,02,09,16,273,35,10,51,165,42*6D
$GIGSV,1,1,02,09,16,273,35,10,51,165,42*6D
$GIGSV,1,1,02,09,16,273,35,10,51,165,42*6D
$GIGSV,1,1,02,09,16,273,35,10,51,165,42*6D
$GIGSV,1,1,02,09,16,273,35,10,51,165,42*6D
$GIGSV,1,1,02,09,16,273,35,10,51,165,42*6D
$GIGSV,1,1,02,09,16,273,35,10,51,165,42*6D
$GIGSV,1,1,02,09,16,273,35,10,51,165,42*6D
$GIGSV,1,1,02,09,16,273,35,10,51,165,42*6D
$GIGSV,1,1,02,09,16,273,35,10,51,165,42*6D
$GIGSV,1,1,02,09,16,273,35,10,51,165,42*6D
$GIGSV,1,1,02,09,16,273,35,10,51,165,42*6D
$GIGSV,1,1,02,09,16,273,35,10,51,165,42*6D
$GIGSV,1,1,02,09,16,273,35,10,51,165,42*6D
$GIGSV,1,1,02,09,16,273,35,10,51,165,42*6D
$GIGSV,1,1,02,09,16,273,35,10,51,165,42*6D
$GIGSV,1,1,02,09,16,273,36,10,51,165,42*6E
$GIGSV,1,1,02,09,16,273,36,10,51,165,42*6E
$GIGSV,1,1,02,09,16,273,36,10,51,165,42*6E
$GIGSV,1,1,02,09,16,273,36,10,51,165,42*6E
$GIGSV,1,1,02,09,16,273,36,10,51,165,42*6E
$GIGSV,1,1,02,09,16,273,36,10,51,165,42*6E
$GIGSV,1,1,02,09,16,273,36,10,51,165,42*6E
$GIGSV,1,1,02,09,16,273,36,10,51,165,42*6E
$GIGSV,1,1,02,09,16,273,36,10,51,165,41*6D
$GIGSV,1,1,02,09,16,273,36,10,51,165,41*6D
$GIGSV,1,1,02,09,16,273,36,10,51,165,41*6D
$GIGSV,1,1,02,09,16,273,36,10,51,165,41*6D
$GIGSV,1,1,02,09,16,273,36,10,51,165,41*6D
$GIGSV,1,1,02,09,16,273,36,10,51,165,41*6D
$GIGSV,1,1,02,09,16,273,36,10,51,165,41*6D
$GIGSV,1,1,02,09,16,273,36,10,51,165,41*6D
$GIGSV,1,1,02,09,16,273,36,10,51,165,41*6D
$GIGSV,1,1,02,09,16,273,36,10,51,165,41*6D
$GIGSV,1,1,02,09,16,273,36,10,51,165,41*6D
$GIGSV,1,1,02,09,16,273,36,10,51,165,41*6D
$GIGSV,1,1,02,09,16,273,36,10,51,165,41*6D
$GIGSV,1,1,02,09,16,273,36,10,51,165,41*6D
$GIGSV,1,1,02,09,16,273,36,10,51,165,41*6D
$GIGSV,1,1,02,09,16,273,36,10,51,165,41*6D
$GIGSV,1,1,02,09,16,273,36,10,51,165,41*6D
$GIGSV,1,1,02,09,16,273,36,10,51,165,41*6D
$GIGSV,1,1,02,09,16,273,36,10,51,165,41*6D
$GIGSV,1,1,02,09,16,273,37,10,51,165,41*6C
$GIGSV,1,1,02,09,16,273,36,10,51,165,41*6D
$GIGSV,1,1,02,09,16,273,36,10,51,165,41*6D
$GIGSV,1,1,02,09,16,273,37,10,51,165,41*6C
$GIGSV,1,1,02,09,16,273,37,10,51,165,41*6C
$GIGSV,1,1,02,09,16,273,37,10,51,165,41*6C
$GIGSV,1,1,02,09,16,273,37,10,51,165,41*6C
$GIGSV,1,1,02,09,16,273,37,10,51,165,41*6C
$GIGSV,1,1,02,09,16,273,37,10,51,165,41*6C
$GIGSV,1,1,02,09,16,273,37,10,51,165,41*6C
$GIGSV,1,1,02,09,16,273,37,10,51,165,41*6C
$GIGSV,1,1,02,09,16,273,37,10,51,165,41*6C
$GIGSV,1,1,02,09,16,273,37,10,51,165,41*6C
$GIGSV,1,1,02,09,16,273,37,10,51,165,41*6C
$GIGSV,1,1,02,09,16,273,37,10,51,165,41*6C
$GIGSV,1,1,02,09,16,273,37,10,51,165,41*6C
$GIGSV,1,1,02,09,16,273,37,10,51,165,41*6C
$GIGSV,1,1,02,09,16,273,37,10,51,165,41*6C
$GIGSV,1,1,02,09,16,273,37,10,51,165,41*6C
$GIGSV,1,1,02,09,16,273,37,10,51,165,41*6C
$GIGSV,1,1,02,09,16,273,37,10,51,165,41*6C
$GIGSV,1,1,02,09,16,273,37,10,51,165,41*6C
$GIGSV,1,1,02,09,16,273,37,10,51,165,41*6C
$GIGSV,1,1,02,09,16,273,37,10,51,165,41*6C
$GIGSV,1,1,02,09,16,273,37,10,51,165,41*6C
$GIGSV,1,1,02,09,16,273,37,10,51,165,41*6C
$GIGSV,1,1,02,09,16,273,37,10,51,165,41*6C
$GIGSV,1,1,02,09,16,273,37,10,51,165,41*6C
$GIGSV,1,1,02,09,16,273,37,10,51,165,41*6C
$GIGSV,1,1,02,09,16,273,37,10,51,165,41*6C
$GIGSV,1,1,02,09,16,273,37,10,51,165,41*6C
$GIGSV,1,1,02,09,16,273,37,10,51,165,41*6C
$GIGSV,1,1,02,09,16,273,37,10,51,165,41*6C
$GIGSV,1,1,02,09,16,273,37,10,51,165,41*6C
$GIGSV,1,1,02,09,16,273,37,10,51,165,41*6C
$GIGSV,1,1,02,09,16,273,37,10,51,165,41*6C
$GIGSV,1,1,02,09,16,273,37,10,51,165,41*6C
$GIGSV,1,1,02,09,16,273,37,10,51,165,41*6C
$GIGSV,1,1,02,09,16,273,37,10,51,165,41*6C
$GIGSV,1,1,02,09,16,273,37,10,51,165,41*6C
$GIGSV,1,1,02,09,16,273,37,10,51,165,41*6C
$GIGSV,1,1,02,09,16,273,37,10,51,165,41*6C
$GIGSV,1,1,02,09,16,273,37,10,51,165,41*6C
$GIGSV,1,1,02,09,16,273,37,10,51,165,41*6C
$GIGSV,1,1,02,09,16,273,37,10,51,165,41*6C
$GIGSV,1,1,02,09,16,273,37,10,51,165,41*6C
$GIGSV,1,1,02,09,16,273,37,10,51,165,41*6C
$GIGSV,1,1,02,09,16,273,37,10,51,165,41*6C
$GIGSV,1,1,02,09,16,273,37,10,51,165,41*6C
$GIGSV,1,1,02,09,16,273,37,10,51,165,41*6C
$GIGSV,1,1,02,09,16,273,37,10,51,165,41*6C
$GIGSV,1,1,02,09,16,273,37,10,51,165,41*6C
$GIGSV,1,1,02,09,16,273,37,10,51,165,41*6C
$GIGSV,1,1,02,09,16,273,37,10,51,165,41*6C
$GIGSV,1,1,02,09,16,273,38,10,51,165,41*63
$GIGSV,1,1,02,09,16,273,38,10,51,165,41*63
$GIGSV,1,1,02,09,16,273,38,10,51,165,41*63
$GIGSV,1,1,02,09,16,273,38,10,51,165,41*63
$GIGSV,1,1,02,09,16,273,38,10,51,165,41*63
$GIGSV,1,1,02,09,16,273,38,10,51,165,41*63
$GIGSV,1,1,02,09,16,273,38,10,51,165,41*63
$GIGSV,1,1,02,09,16,273,38,10,51,165,41*63
$GIGSV,1,1,02,09,16,273,38,10,51,165,41*63
$GIGSV,1,1,02,09,16,273,38,10,51,165,41*63
$GIGSV,1,1,02,09,16,273,38,10,51,165,41*63
$GIGSV,1,1,02,09,16,273,38,10,51,165,41*63
$GIGSV,1,1,02,09,16,273,38,10,51,165,41*63
$GIGSV,1,1,02,09,16,273,38,10,51,165,41*63
$GIGSV,1,1,02,09,16,273,38,10,51,165,41*63
$GIGSV,1,1,02,09,16,273,38,10,51,165,41*63
$GIGSV,1,1,02,09,16,273,38,10,51,165,41*63
$GIGSV,1,1,02,09,16,273,38,10,51,165,41*63
$GIGSV,1,1,02,09,16,273,38,10,51,165,41*63
$GIGSV,1,1,02,09,16,273,38,10,51,165,41*63
$GIGSV,1,1,02,09,16,273,38,10,51,165,41*63
$GIGSV,1,1,02,09,16,273,38,10,51,165,41*63
$GIGSV,1,1,02,09,16,273,38,10,51,165,41*63
$GIGSV,1,1,02,09,16,273,38,10,51,165,40*62
$GIGSV,1,1,02,09,16,273,38,10,51,165,40*62
$GIGSV,1,1,02,09,16,273,38,10,51,165,40*62
$GIGSV,1,1,02,09,16,273,38,10,51,165,40*62
$GIGSV,1,1,02,09,16,273,38,10,51,165,40*62
$GIGSV,1,1,02,09,16,273,38,10,51,165,40*62
$GIGSV,1,1,02,09,16,273,38,10,51,165,40*62
$GIGSV,1,1,02,09,16,273,38,10,51,165,40*62
$GIGSV,1,1,02,09,16,273,38,10,51,165,40*62
$GIGSV,1,1,02,09,16,273,38,10,51,165,40*62
$GIGSV,1,1,02,09,16,273,38,10,51,165,40*62
$GIGSV,1,1,02,09,16,273,38,10,51,165,40*62
$GIGSV,1,1,02,09,16,273,38,10,51,165,40*62
$GIGSV,1,1,02,09,16,273,38,10,51,165,40*62
$GIGSV,1,1,02,09,16,273,38,10,51,165,40*62
$GIGSV,1,1,02,09,16,273,38,10,51,165,40*62
$GIGSV,1,1,02,09,16,273,38,10,51,165,40*62
$GIGSV,1,1,02,09,16,273,38,10,51,165,40*62
$GIGSV,1,1,02,09,16,273,38,10,51,165,40*62
$GIGSV,1,1,02,09,16,273,38,10,51,165,40*62
$GIGSV,1,1,02,09,16,273,38,10,51,165,40*62
$GIGSV,1,1,02,09,16,273,38,10,51,165,40*62
$GIGSV,1,1,02,09,16,273,38,10,51,165,40*62
$GIGSV,1,1,02,09,16,273,38,10,51,165,40*62
$GIGSV,1,1,02,09,16,273,38,10,51,165,40*62
$GIGSV,1,1,02,09,16,273,38,10,51,165,40*62
$GIGSV,1,1,02,09,16,273,38,10,51,165,40*62
$GIGSV,1,1,02,09,16,273,38,10,51,165,40*62
$GIGSV,1,1,02,09,16,273,38,10,51,165,40*62
$GIGSV,1,1,02,09,16,273,38,10,51,165,40*62
$GIGSV,1,1,02,09,16,273,38,10,51,165,40*62
$GIGSV,1,1,02,09,16,273,38,10,51,165,40*62
$GIGSV,1,1,02,09,16,273,38,10,51,165,40*62
$GIGSV,1,1,02,09,16,273,38,10,51,165,40*62
$GIGSV,1,1,02,09,16,273,38,10,51,165,40*62
$GIGSV,1,1,02,09,16,273,38,10,51,165,40*62
$GIGSV,1,1,02,09,16,273,38,10,51,165,40*62
$GIGSV,1,1,02,09,16,273,38,10,51,165,40*62
$GIGSV,1,1,02,09,16,273,38,10,51,165,40*62
$GIGSV,1,1,02,09,16,273,38,10,51,165,40*62
$GIGSV,1,1,02,09,16,273,38,10,51,165,40*62
$GIGSV,1,1,02,09,16,273,38,10,51,165,40*62
$GIGSV,1,1,02,09,16,273,38,10,51,165,40*62
$GIGSV,1,1,02,09,16,273,38,10,51,165,40*62
$GIGSV,1,1,02,09,16,273,38,10,51,165,40*62
$GIGSV,1,1,02,09,16,273,38,10,51,165,40*62
$GIGSV,1,1,02,09,16,273,38,10,51,165,40*62
$GIGSV,1,1,02,09,16,273,38,10,51,165,40*62
$GIGSV,1,1,02,09,16,273,38,10,51,165,40*62
$GIGSV,1,1,02,09,16,273,38,10,51,165,40*62
$GIGSV,1,1,02,09,16,273,38,10,51,165,40*62
$GIGSV,1,1,02,09,16,273,38,10,51,165,40*62
$GIGSV,1,1,02,09,16,273,38,10,51,165,40*62
$GIGSV,1,1,02,09,16,273,38,10,51,165,40*62
$GIGSV,1,1,02,09,16,273,38,10,51,165,40*62
$GIGSV,1,1,02,09,16,273,38,10,51,165,40*62
$GIGSV,1,1,02,09,16,273,38,10,51,165,40*62
$GIGSV,1,1,02,09,16,273,38,10,51,165,40*62
$GIGSV,1,1,02,09,16,273,38,10,51,165,40*62
$GIGSV,1,1,02,09,16,273,38,10,51,165,40*62
$GIGSV,1,1,02,09,16,273,38,10,51,165,40*62
$GIGSV,1,1,02,09,16,273,38,10,51,165,40*62
$GIGSV,1,1,02,09,16,273,38,10,51,165,40*62
$GIGSV,1,1,02,09,16,273,38,10,51,165,40*62
$GIGSV,1,1,02,09,16,273,38,10,51,165,40*62
$GIGSV,1,1,02,09,16,273,38,10,51,165,40*62
$GIGSV,1,1,02,09,16,273,38,10,51,165,40*62
$GIGSV,1,1,02,09,16,273,38,10,51,165,40*62
$GIGSV,1,1,02,09,16,273,38,10,51,165,40*62
$GIGSV,1,1,02,09,16,273,38,10,51,165,40*62
$GIGSV,1,1,02,09,16,273,38,10,51,165,40*62
$GIGSV,1,1,02,09,16,273,38,10,51,165,40*62
$GIGSV,1,1,02,09,16,273,38,10,51,165,40*62
$GIGSV,1,1,02,09,16,273,38,10,51,165,40*62
$GIGSV,1,1,02,09,16,273,38,10,51,165,40*62
$GIGSV,1,1,02,09,16,273,38,10,51,165,40*62
$GIGSV,1,1,02,09,16,273,38,10,51,165,40*62
$GIGSV,1,1,02,09,16,273,38,10,51,165,40*62
$GIGSV,1,1,02,09,16,273,38,10,51,165,40*62
$GIGSV,1,1,02,09,16,273,38,10,51,165,40*62
$GIGSV,1,1,02,09,16,273,38,10,51,165,40*62
$GIGSV,1,1,02,09,16,273,38,10,51,165,40*62
$GIGSV,1,1,02,09,16,273,38,10,51,165,40*62
$GIGSV,1,1,02,09,16,273,38,10,51,165,40*62
$GIGSV,1,1,02,09,16,273,38,10,51,165,40*62
$GIGSV,1,1,02,09,16,273,38,10,51,165,40*62
$GIGSV,1,1,02,09,16,273,38,10,51,165,40*62
$GIGSV,1,1,02,09,16,273,38,10,51,165,40*62
$GIGSV,1,1,02,09,16,273,38,10,51,165,40*62
$GIGSV,1,1,02,09,16,273,38,10,51,165,40*62
$GIGSV,1,1,02,09,16,273,38,10,51,165,40*62
$GIGSV,1,1,02,09,16,273,38,10,51,165,40*62
$GIGSV,1,1,02,09,16,273,38,10,51,165,40*62
$GIGSV,1,1,02,09,16,273,38,10,51,165,40*62
$GIGSV,1,1,02,09,16,273,38,10,51,165,40*62
$GIGSV,1,1,02,09,16,273,38,10,51,165,40*62
$GIGSV,1,1,02,09,16,273,38,10,51,165,40*62
$GIGSV,1,1,02,09,16,273,38,10,51,165,40*62
$GIGSV,1,1,02,09,16,273,38,10,51,165,40*62
$GIGSV,1,1,02,09,16,273,38,10,51,165,40*62
$GIGSV,1,1,02,09,16,273,38,10,51,165,41*63
$GIGSV,1,1,02,09,16,273,38,10,51,165,41*63
$GIGSV,1,1,02,09,16,273,38,10,51,165,41*63
$GIGSV,1,1,02,09,16,273,38,10,51,165,41*63
$GIGSV,1,1,02,09,16,273,38,10,51,165,41*63
$GIGSV,1,1,02,09,16,273,38,10,51,165,41*63
$GIGSV,1,1,02,09,16,273,38,10,51,165,41*63
$GIGSV,1,1,02,09,16,273,38,10,51,165,41*63
$GIGSV,1,1,02,09,16,273,38,10,51,165,41*63
$GIGSV,1,1,02,09,16,273,38,10,51,165,41*63
$GIGSV,1,1,02,09,16,273,38,10,51,165,41*63
$GIGSV,1,1,02,09,16,273,38,10,51,165,41*63
$GIGSV,1,1,02,09,16,273,38,10,51,165,41*63
$GIGSV,1,1,02,09,16,273,38,10,51,165,41*63
$GIGSV,1,1,02,09,16,273,38,10,51,165,41*63
$GIGSV,1,1,02,09,16,273,38,10,51,165,41*63
$GIGSV,1,1,02,09,16,273,38,10,51,165,41*63
$GIGSV,1,1,02,09,16,273,38,10,51,165,41*63
$GIGSV,1,1,02,09,16,273,38,10,51,165,41*63
$GIGSV,1,1,02,09,16,273,38,10,51,165,41*63
$GIGSV,1,1,02,09,16,273,38,10,51,165,41*63
$GIGSV,1,1,02,09,16,273,38,10,51,165,41*63
$GIGSV,1,1,02,09,16,273,38,10,51,165,41*63
$GIGSV,1,1,02,09,16,273,38,10,51,165,41*63
$GIGSV,1,1,02,09,16,273,38,10,51,165,41*63
$GIGSV,1,1,02,09,16,273,38,10,51,165,41*63
$GIGSV,1,1,02,09,16,273,38,10,51,165,41*63
$GIGSV,1,1,02,09,16,273,38,10,51,165,41*63
$GIGSV,1,1,02,09,16,273,38,10,51,165,41*63
$GIGSV,1,1,02,09,16,273,38,10,51,165,41*63
$GIGSV,1,1,02,09,16,273,38,10,51,165,41*63
$GIGSV,1,1,02,09,16,273,38,10,51,165,41*63
$GIGSV,1,1,02,09,16,273,38,10,51,165,41*63
$GIGSV,1,1,02,09,16,273,38,10,51,165,41*63
$GIGSV,1,1,02,09,16,273,38,10,51,165,41*63
$GIGSV,1,1,02,09,16,273,38,10,51,165,41*63
$GIGSV,1,1,02,09,16,273,38,10,51,165,41*63
$GIGSV,1,1,02,09,16,273,38,10,51,165,41*63
$GIGSV,1,1,02,09,16,273,38,10,51,165,41*63
$GIGSV,1,1,02,09,16,273,38,10,51,165,41*63
$GIGSV,1,1,02,09,16,273,38,10,51,165,41*63
$GIGSV,1,1,02,09,16,273,38,10,51,165,41*63
$GIGSV,1,1,02,09,16,273,38,10,51,165,41*63
$GIGSV,1,1,02,09,16,273,38,10,51,165,41*63
$GIGSV,1,1,02,09,16,273,38,10,51,165,41*63
$GIGSV,1,1,02,09,16,273,38,10,51,165,41*63
$GIGSV,1,1,02,09,16,273,38,10,51,165,41*63
$GIGSV,1,1,02,09,16,273,38,10,51,165,41*63
$GIGSV,1,1,02,09,16,273,38,10,51,165,41*63
$GIGSV,1,1,02,09,16,273,38,10,51,165,41*63
$GIGSV,1,1,02,09,16,273,38,10,51,165,41*63
$GIGSV,1,1,02,09,16,273,38,10,51,165,41*63
$GIGSV,1,1,02,09,16,273,38,10,51,165,41*63
$GIGSV,1,1,02,09,16,273,39,10,51,165,41*62
$GIGSV,1,1,02,09,16,273,39,10,51,165,41*62
$GIGSV,1,1,02,09,16,273,39,10,51,165,41*62
$GIGSV,1,1,02,09,16,273,39,10,51,165,41*62
$GIGSV,1,1,02,09,16,273,39,10,51,165,41*62
$GIGSV,1,1,02,09,16,273,39,10,51,165,41*62
$GIGSV,1,1,02,09,16,273,39,10,51,165,41*62
$GIGSV,1,1,02,09,16,273,39,10,51,165,41*62
$GIGSV,1,1,02,09,16,273,39,10,51,165,41*62
$GIGSV,1,1,02,09,16,273,39,10,51,165,41*62
$GIGSV,1,1,02,09,16,273,39,10,51,165,41*62
$GIGSV,1,1,02,09,16,273,39,10,51,165,41*62
$GIGSV,1,1,02,09,16,273,39,10,51,165,41*62
$GIGSV,1,1,02,09,16,273,39,10,51,165,41*62
$GIGSV,1,1,02,09,16,273,39,10,51,165,41*62
$GIGSV,1,1,02,09,16,273,39,10,51,165,41*62
$GIGSV,1,1,02,09,16,273,39,10,51,165,41*62
$GIGSV,1,1,02,09,16,273,39,10,51,165,41*62
$GIGSV,1,1,02,09,16,273,39,10,51,165,41*62
$GIGSV,1,1,02,09,16,273,39,10,51,165,41*62
$GIGSV,1,1,02,09,16,273,39,10,51,165,41*62
$GIGSV,1,1,02,09,16,273,39,10,51,165,41*62
$GIGSV,1,1,02,09,16,273,39,10,51,165,41*62
$GIGSV,1,1,02,09,16,273,39,10,51,165,41*62
$GIGSV,1,1,02,09,16,273,39,10,51,165,41*62
$GIGSV,1,1,02,09,16,273,39,10,51,165,41*62
$GIGSV,1,1,02,09,16,273,39,10,51,165,41*62
$GIGSV,1,1,02,09,16,273,39,10,51,165,41*62
$GIGSV,1,1,02,09,16,273,39,10,51,165,41*62
$GIGSV,1,1,02,09,16,273,39,10,51,165,41*62
$GIGSV,1,1,02,09,16,273,39,10,51,165,41*62
$GIGSV,1,1,02,09,16,273,39,10,51,165,41*62
$GIGSV,1,1,02,09,16,273,39,10,51,165,41*62
$GIGSV,1,1,02,09,16,273,39,10,51,165,41*62
$GIGSV,1,1,02,09,16,273,39,10,51,165,41*62
$GIGSV,1,1,02,09,16,273,39,10,51,165,41*62
$GIGSV,1,1,02,09,16,273,39,10,51,165,41*62
$GIGSV,1,1,02,09,16,273,39,10,51,165,41*62
$GIGSV,1,1,02,09,16,273,39,10,51,165,41*62
$GIGSV,1,1,02,09,16,273,39,10,51,165,41*62
$GIGSV,1,1,02,09,16,273,39,10,51,165,41*62
$GIGSV,1,1,02,09,16,273,39,10,51,165,41*62
$GIGSV,1,1,02,09,16,273,39,10,51,165,41*62
$GIGSV,1,1,02,09,16,273,39,10,51,165,41*62
$GIGSV,1,1,02,09,16,273,39,10,51,165,41*62
$GIGSV,1,1,02,09,16,273,39,10,51,165,41*62
$GIGSV,1,1,02,09,16,273,39,10,51,165,41*62
$GIGSV,1,1,02,09,16,273,39,10,51,165,41*62
$GIGSV,1,1,02,09,16,273,39,10,51,165,41*62
$GIGSV,1,1,02,09,16,273,39,10,51,165,41*62
$GIGSV,1,1,02,09,16,273,39,10,51,165,41*62
$GIGSV,1,1,02,09,16,273,39,10,51,165,41*62
$GIGSV,1,1,02,09,16,273,39,10,51,165,41*62
$GIGSV,1,1,02,09,16,273,39,10,51,165,41*62
$GIGSV,1,1,02,09,16,273,39,10,51,165,41*62
$GIGSV,1,1,02,09,16,273,39,10,51,165,41*62
$GIGSV,1,1,02,09,16,273,39,10,51,165,41*62
$GIGSV,1,1,02,09,16,273,39,10,51,165,41*62
$GIGSV,1,1,02,09,16,273,39,10,51,165,41*62
$GIGSV,1,1,02,09,16,273,39,10,51,165,41*62
$GIGSV,1,1,02,09,16,273,39,10,51,165,41*62
$GIGSV,1,1,02,09,16,273,39,10,51,165,41*62
$GIGSV,1,1,02,09,16,273,39,10,51,165,41*62
$GIGSV,1,1,02,09,16,273,39,10,51,165,41*62
$GIGSV,1,1,02,09,16,273,39,10,51,165,41*62
$GIGSV,1,1,02,09,16,273,39,10,51,165,41*62
$GIGSV,1,1,02,09,16,273,39,10,51,165,41*62
$GIGSV,1,1,02,09,16,273,39,10,51,165,41*62
$GIGSV,1,1,02,09,16,273,39,10,51,165,41*62
$GIGSV,1,1,02,09,16,273,40,10,51,165,41*6C
$GIGSV,1,1,02,09,16,273,40,10,51,165,41*6C
$GIGSV,1,1,02,09,16,273,40,10,51,165,41*6C
$GIGSV,1,1,02,09,16,273,40,10,51,165,41*6C
$GIGSV,1,1,02,09,16,273,40,10,51,165,41*6C
$GIGSV,1,1,02,09,16,273,40,10,51,165,41*6C
$GIGSV,1,1,02,09,16,273,40,10,51,165,41*6C
$GIGSV,1,1,02,09,16,273,40,10,51,165,41*6C
$GIGSV,1,1,02,09,16,273,40,10,51,165,41*6C
$GIGSV,1,1,02,09,16,273,40,10,51,165,41*6C
$GIGSV,1,1,02,09,16,273,40,10,51,165,41*6C
$GIGSV,1,1,02,09,16,273,40,10,51,165,41*6C
$GIGSV,1,1,02,09,16,273,40,10,51,165,41*6C
$GIGSV,1,1,02,09,16,273,40,10,51,165,41*6C
$GIGSV,1,1,02,09,16,273,40,10,51,165,41*6C
$GIGSV,1,1,02,09,16,273,40,10,51,165,41*6C
$GIGSV,1,1,02,09,16,273,40,10,51,165,41*6C
$GIGSV,1,1,02,09,16,273,40,10,51,165,41*6C
$GIGSV,1,1,02,09,16,273,40,10,51,165,41*6C
$GIGSV,1,1,02,09,16,273,40,10,51,165,41*6C
$GIGSV,1,1,02,09,16,273,40,10,51,165,41*6C
$GIGSV,1,1,02,09,16,273,40,10,51,165,41*6C
$GIGSV,1,1,02,09,16,273,40,10,51,165,41*6C
$GIGSV,1,1,02,09,16,273,40,10,51,165,41*6C
$GIGSV,1,1,02,09,16,273,40,10,51,165,41*6C
$GIGSV,1,1,02,09,16,273,40,10,51,165,41*6C
$GIGSV,1,1,02,09,16,273,40,10,51,165,41*6C
$GIGSV,1,1,02,09,16,273,40,10,51,165,41*6C
$GIGSV,1,1,02,09,16,273,40,10,51,165,41*6C
$GIGSV,1,1,02,09,16,273,40,10,51,165,41*6C
$GIGSV,1,1,02,09,16,273,40,10,51,165,41*6C
$GIGSV,1,1,02,09,16,273,40,10,51,165,41*6C
$GIGSV,1,1,02,09,16,273,40,10,51,165,41*6C
$GIGSV,1,1,02,09,16,273,40,10,51,165,41*6C
$GIGSV,1,1,02,09,16,273,40,10,51,165,41*6C
$GIGSV,1,1,02,09,16,273,40,10,51,165,41*6C
$GIGSV,1,1,02,09,16,273,40,10,51,165,41*6C
$GIGSV,1,1,02,09,16,273,40,10,51,165,41*6C
$GIGSV,1,1,02,09,16,273,40,10,51,165,41*6C
$GIGSV,1,1,02,09,16,273,40,10,51,165,40*6D
$GIGSV,1,1,02,09,16,273,40,10,51,165,40*6D
$GIGSV,1,1,02,09,16,273,40,10,51,165,40*6D
$GIGSV,1,1,02,09,16,273,40,10,51,165,40*6D
$GIGSV,1,1,02,09,16,273,40,10,51,165,40*6D
$GIGSV,1,1,02,09,16,273,40,10,51,165,40*6D
$GIGSV,1,1,02,09,16,273,40,10,51,165,40*6D
$GIGSV,1,1,02,09,16,273,40,10,51,165,40*6D
$GIGSV,1,1,02,09,16,273,40,10,51,165,40*6D
$GIGSV,1,1,02,09,16,273,40,10,51,165,40*6D
$GIGSV,1,1,02,09,16,273,40,10,51,165,40*6D
$GIGSV,1,1,02,09,16,273,40,10,51,165,40*6D
$GIGSV,1,1,02,09,16,273,40,10,51,165,40*6D
$GIGSV,1,1,02,09,16,273,40,10,51,165,40*6D
$GIGSV,1,1,02,09,16,273,39,10,51,165,40*63
$GIGSV,1,1,02,09,16,273,39,10,51,165,40*63
$GIGSV,1,1,02,09,16,273,39,10,51,165,40*63
$GIGSV,1,1,02,09,16,273,39,10,51,165,40*63
$GIGSV,1,1,02,09,16,273,39,10,51,165,40*63
$GIGSV,1,1,02,09,16,273,39,10,51,165,40*63
$GIGSV,1,1,02,09,16,273,39,10,51,165,40*63
$GIGSV,1,1,02,09,16,273,39,10,51,165,40*63
$GIGSV,1,1,02,09,16,273,39,10,51,165,40*63
$GIGSV,1,1,02,09,16,273,39,10,51,165,40*63
$GIGSV,1,1,02,09,16,273,39,10,51,165,40*63
$GIGSV,1,1,02,09,16,273,39,10,51,165,40*63
$GIGSV,1,1,02,09,16,273,39,10,51,165,40*63
$GIGSV,1,1,02,09,16,273,39,10,51,165,40*63
$GIGSV,1,1,02,09,16,273,39,10,51,165,40*63
$GIGSV,1,1,02,09,16,273,39,10,51,165,40*63
$GIGSV,1,1,02,09,16,273,39,10,51,165,40*63
$GIGSV,1,1,02,09,16,273,39,10,51,165,40*63
$GIGSV,1,1,02,09,16,273,39,10,51,165,40*63
$GIGSV,1,1,02,09,16,273,39,10,51,165,40*63
$GIGSV,1,1,02,09,16,273,39,10,51,165,40*63
$GIGSV,1,1,02,09,16,273,39,10,51,165,40*63
$GIGSV,1,1,02,09,16,273,39,10,51,165,40*63
$GIGSV,1,1,02,09,16,273,39,10,51,165,40*63
$GIGSV,1,1,02,09,16,273,39,10,51,165,40*63
$GIGSV,1,1,02,09,16,273,39,10,51,165,40*63
$GIGSV,1,1,02,09,16,273,39,10,51,165,40*63
$GIGSV,1,1,02,09,16,273,39,10,51,165,40*63
$GIGSV,1,1,02,09,16,273,39,10,51,165,40*63
$GIGSV,1,1,02,09,16,273,39,10,51,165,40*63
$GIGSV,1,1,02,09,16,273,39,10,51,165,40*63
$GIGSV,1,1,02,09,16,273,39,10,51,165,40*63
$GIGSV,1,1,02,09,16,273,39,10,51,165,40*63
$GIGSV,1,1,02,09,16,273,39,10,51,165,40*63
$GIGSV,1,1,02,09,16,273,39,10,51,165,40*63
$GIGSV,1,1,02,09,16,273,39,10,51,165,40*63
$GIGSV,1,1,02,09,16,273,39,10,51,165,39*6D
$GIGSV,1,1,02,09,16,273,39,10,51,165,39*6D
$GIGSV,1,1,02,09,16,273,39,10,51,165,39*6D
$GIGSV,1,1,02,09,16,273,39,10,51,165,39*6D
$GIGSV,1,1,02,09,16,273,39,10,51,165,39*6D
$GIGSV,1,1,02,09,16,273,39,10,51,165,39*6D
$GIGSV,1,1,02,09,16,273,39,10,51,165,39*6D
$GIGSV,1,1,02,09,16,273,39,10,51,165,39*6D
$GIGSV,1,1,02,09,16,273,39,10,51,165,39*6D
$GIGSV,1,1,02,09,16,273,39,10,51,165,39*6D
$GIGSV,1,1,02,09,16,273,39,10,51,165,39*6D
$GIGSV,1,1,02,09,16,273,39,10,51,165,39*6D
$GIGSV,1,1,02,09,16,273,39,10,51,165,39*6D
$GIGSV,1,1,02,09,16,273,39,10,51,165,39*6D
$GIGSV,1,1,02,09,16,273,39,10,51,165,39*6D
$GIGSV,1,1,02,09,16,273,39,10,51,165,39*6D
$GIGSV,1,1,02,09,16,273,39,10,51,165,39*6D
$GIGSV,1,1,02,09,16,273,39,10,51,165,39*6D
$GIGSV,1,1,02,09,16,273,39,10,51,165,39*6D
$GIGSV,1,1,02,09,16,273,39,10,51,165,39*6D
$GIGSV,1,1,02,09,16,273,39,10,51,165,39*6D
$GIGSV,1,1,02,09,16,273,39,10,51,165,39*6D
$GIGSV,1,1,02,09,16,273,39,10,51,165,39*6D
$GIGSV,1,1,02,09,16,273,39,10,51,165,39*6D
$GIGSV,1,1,02,09,16,273,39,10,51,165,39*6D
$GIGSV,1,1,02,09,16,273,39,10,51,165,39*6D
$GIGSV,1,1,02,09,16,273,39,10,51,165,39*6D
$GIGSV,1,1,02,09,16,273,39,10,51,165,39*6D
$GIGSV,1,1,02,09,16,273,39,10,51,165,39*6D
$GIGSV,1,1,02,09,16,273,39,10,51,165,39*6D
$GIGSV,1,1,02,09,16,273,39,10,51,165,39*6D
$GIGSV,1,1,02,09,16,273,39,10,51,165,39*6D
$GIGSV,1,1,02,09,16,273,39,10,51,165,39*6D
$GIGSV,1,1,02,09,16,273,39,10,51,165,39*6D
$GIGSV,1,1,02,09,16,273,39,10,51,165,39*6D
$GIGSV,1,1,02,09,16,273,39,10,51,165,39*6D
$GIGSV,1,1,02,09,16,273,39,10,51,165,39*6D
$GIGSV,1,1,02,09,16,273,39,10,51,165,39*6D
$GIGSV,1,1,02,09,16,273,39,10,51,165,39*6D
$GIGSV,1,1,02,09,16,273,39,10,51,165,39*6D
$GIGSV,1,1,02,09,16,273,39,10,51,165,39*6D
$GIGSV,1,1,02,09,16,273,39,10,51,165,39*6D
$GIGSV,1,1,02,09,16,273,39,10,51,165,39*6D
$GIGSV,1,1,02,09,16,273,39,10,51,165,39*6D
$GIGSV,1,1,02,09,16,273,39,10,51,165,39*6D
$GIGSV,1,1,02,09,16,273,39,10,51,165,39*6D
$GIGSV,1,1,02,09,16,273,39,10,51,165,39*6D
$GIGSV,1,1,02,09,16,273,39,10,51,165,39*6D
$GIGSV,1,1,02,09,16,273,39,10,51,165,39*6D
$GIGSV,1,1,02,09,16,273,39,10,51,165,39*6D
$GIGSV,1,1,02,09,16,273,39,10,51,165,39*6D
$GIGSV,1,1,02,09,16,273,39,10,51,165,39*6D
$GIGSV,1,1,02,09,16,273,39,10,51,165,39*6D
$GIGSV,1,1,02,09,16,273,39,10,51,165,39*6D
$GIGSV,1,1,02,09,16,273,39,10,51,165,39*6D
$GIGSV,1,1,02,09,16,273,39,10,51,165,39*6D
$GIGSV,1,1,02,09,16,273,39,10,51,165,39*6D
$GIGSV,1,1,02,09,16,273,39,10,51,165,39*6D
$GIGSV,1,1,02,09,16,273,39,10,51,165,39*6D
$GIGSV,1,1,02,09,16,273,39,10,51,165,39*6D
$GIGSV,1,1,02,09,16,273,39,10,51,165,39*6D
$GIGSV,1,1,02,09,16,273,39,10,51,165,39*6D
$GIGSV,1,1,02,09,16,273,39,10,51,165,39*6D
$GIGSV,1,1,02,09,16,273,39,10,51,165,39*6D
$GIGSV,1,1,02,09,16,273,39,10,51,165,39*6D
$GIGSV,1,1,02,09,16,273,39,10,51,165,39*6D
$GIGSV,1,1,02,09,16,273,39,10,51,165,39*6D
$GIGSV,1,1,02,09,16,273,39,10,51,165,38*6C
$GIGSV,1,1,02,09,16,273,39,10,51,165,38*6C
$GIGSV,1,1,02,09,16,273,39,10,51,165,38*6C
$GIGSV,1,1,02,09,16,273,39,10,51,165,38*6C
$GIGSV,1,1,02,09,16,273,39,10,51,165,38*6C
$GIGSV,1,1,02,09,16,273,39,10,51,165,38*6C
$GIGSV,1,1,02,09,16,273,39,10,51,165,38*6C
$GIGSV,1,1,02,09,16,273,39,10,51,165,38*6C
$GIGSV,1,1,02,09,16,273,39,10,51,165,38*6C
$GIGSV,1,1,02,09,16,273,39,10,51,165,38*6C
$GIGSV,1,1,02,09,16,273,39,10,51,165,38*6C
$GIGSV,1,1,02,09,16,273,39,10,51,165,38*6C
$GIGSV,1,1,02,09,16,273,39,10,51,165,38*6C
$GIGSV,1,1,02,09,16,273,39,10,51,165,38*6C
$GIGSV,1,1,02,09,16,273,39,10,51,165,38*6C
$GIGSV,1,1,02,09,16,273,39,10,51,165,38*6C
$GIGSV,1,1,02,09,16,273,39,10,51,165,38*6C
$GIGSV,1,1,02,09,16,273,39,10,51,165,38*6C
$GIGSV,1,1,02,09,16,273,39,10,51,165,38*6C
$GIGSV,1,1,02,09,16,273,39,10,51,165,38*6C
$GIGSV,1,1,02,09,16,273,39,10,51,165,38*6C
$GIGSV,1,1,02,09,16,273,39,10,51,165,38*6C
$GIGSV,1,1,02,09,16,273,39,10,51,165,38*6C
$GIGSV,1,1,02,09,16,273,39,10,51,165,38*6C
$GIGSV,1,1,02,09,16,273,39,10,51,165,38*6C
$GIGSV,1,1,02,09,16,273,39,10,51,165,38*6C
$GIGSV,1,1,02,09,16,273,39,10,51,165,38*6C
$GIGSV,1,1,02,09,16,273,39,10,51,165,38*6C
$GIGSV,1,1,02,09,16,273,39,10,51,165,38*6C
$GIGSV,1,1,02,09,16,273,39,10,51,165,38*6C
$GIGSV,1,1,02,09,16,273,39,10,51,165,38*6C
$GIGSV,1,1,02,09,16,273,39,10,51,165,38*6C
$GIGSV,1,1,02,09,16,273,39,10,51,165,38*6C
$GIGSV,1,1,02,09,16,273,38,10,51,165,38*6D
$GIGSV,1,1,02,09,16,273,39,10,51,165,38*6C
$GIGSV,1,1,02,09,16,273,39,10,51,165,38*6C
$GIGSV,1,1,02,09,16,273,39,10,51,165,38*6C
$GIGSV,1,1,02,09,16,273,39,10,51,165,38*6C
$GIGSV,1,1,02,09,16,273,39,10,51,165,38*6C
$GIGSV,1,1,02,09,16,273,39,10,51,165,38*6C
$GIGSV,1,1,02,09,16,273,39,10,51,165,38*6C
$GIGSV,1,1,02,09,16,273,39,10,51,165,38*6C
$GIGSV,1,1,02,09,16,273,39,10,51,165,38*6C
$GIGSV,1,1,02,09,16,273,39,10,51,165,38*6C
$GIGSV,1,1,02,09,16,273,39,10,51,165,38*6C
$GIGSV,1,1,02,09,16,273,39,10,51,165,38*6C
$GIGSV,1,1,02,09,16,273,39,10,51,165,38*6C
$GIGSV,1,1,02,09,16,273,39,10,51,165,38*6C
$GIGSV,1,1,02,09,16,273,39,10,51,165,38*6C
$GIGSV,1,1,02,09,16,273,39,10,51,165,38*6C
$GIGSV,1,1,02,09,16,273,39,10,51,165,38*6C
$GIGSV,1,1,02,09,16,273,39,10,51,165,38*6C
$GIGSV,1,1,02,09,16,273,39,10,51,165,38*6C
$GIGSV,1,1,02,09,16,273,39,10,51,165,38*6C
$GIGSV,1,1,02,09,16,273,39,10,51,165,38*6C
$GIGSV,1,1,02,09,16,273,39,10,51,165,38*6C
$GIGSV,1,1,02,09,16,273,39,10,51,165,38*6C
$GIGSV,1,1,02,09,16,273,39,10,51,165,38*6C
$GIGSV,1,1,02,09,16,273,38,10,51,165,38*6D
$GIGSV,1,1,02,09,16,273,38,10,51,165,38*6D
$GIGSV,1,1,02,09,16,273,38,10,51,165,38*6D
$GIGSV,1,1,02,09,16,273,38,10,51,165,38*6D
$GIGSV,1,1,02,09,16,273,38,10,51,165,38*6D
$GIGSV,1,1,02,09,16,273,38,10,51,165,38*6D
$GIGSV,1,1,02,09,16,273,38,10,51,165,38*6D
$GIGSV,1,1,02,09,16,273,38,10,51,165,38*6D
$GIGSV,1,1,02,09,16,273,38,10,51,165,38*6D
$GIGSV,1,1,02,09,16,273,38,10,51,165,38*6D
$GIGSV,1,1,02,09,16,273,38,10,51,165,38*6D
$GIGSV,1,1,02,09,16,273,38,10,51,165,38*6D
$GIGSV,1,1,02,09,16,273,38,10,51,165,38*6D
$GIGSV,1,1,02,09,16,273,38,10,51,165,38*6D
$GIGSV,1,1,02,09,16,273,38,10,51,165,38*6D
$GIGSV,1,1,02,09,16,273,38,10,51,165,38*6D
$GIGSV,1,1,02,09,16,273,38,10,51,165,38*6D
$GIGSV,1,1,02,09,16,273,38,10,51,165,38*6D
$GIGSV,1,1,02,09,16,273,38,10,51,165,38*6D
$GIGSV,1,1,02,09,16,273,38,10,51,165,38*6D
$GIGSV,1,1,02,09,16,273,38,10,51,165,38*6D
$GIGSV,1,1,02,09,16,273,38,10,51,165,38*6D
$GIGSV,1,1,02,09,16,273,38,10,51,165,38*6D
$GIGSV,1,1,02,09,16,273,38,10,51,165,38*6D
$GIGSV,1,1,02,09,16,273,38,10,51,165,39*6C
$GIGSV,1,1,02,09,16,273,38,10,51,165,39*6C
$GIGSV,1,1,02,09,16,273,38,10,51,165,39*6C
$GIGSV,1,1,02,09,16,273,38,10,51,165,39*6C
$GIGSV,1,1,02,09,16,273,38,10,51,165,39*6C
$GIGSV,1,1,02,09,16,273,38,10,51,165,39*6C
$GIGSV,1,1,02,09,16,273,38,10,51,165,39*6C
$GIGSV,1,1,02,09,16,273,38,10,51,165,39*6C
$GIGSV,1,1,02,09,16,273,38,10,51,165,39*6C
$GIGSV,1,1,02,09,16,273,38,10,51,165,39*6C
$GIGSV,1,1,02,09,16,273,38,10,51,165,39*6C
$GIGSV,1,1,02,09,16,273,38,10,51,165,39*6C
$GIGSV,1,1,02,09,16,273,38,10,51,165,39*6C
$GIGSV,1,1,02,09,16,273,38,10,51,165,39*6C
$GIGSV,1,1,02,09,16,273,38,10,51,165,39*6C
$GIGSV,1,1,02,09,16,273,38,10,51,165,39*6C
$GIGSV,1,1,02,09,16,273,38,10,51,165,39*6C
$GIGSV,1,1,02,09,16,273,38,10,51,165,39*6C
$GIGSV,1,1,02,09,16,273,38,10,51,165,39*6C
$GIGSV,1,1,02,09,16,273,38,10,51,165,39*6C
$GIGSV,1,1,02,09,16,273,38,10,51,165,39*6C
$GIGSV,1,1,02,09,16,273,38,10,51,165,39*6C
$GIGSV,1,1,02,09,16,273,38,10,51,165,39*6C
$GIGSV,1,1,02,09,16,273,38,10,51,165,39*6C
$GIGSV,1,1,02,09,16,273,38,10,51,165,39*6C
$GIGSV,1,1,02,09,16,273,38,10,51,165,39*6C
$GIGSV,1,1,02,09,16,273,38,10,51,165,39*6C
$GIGSV,1,1,02,09,16,273,38,10,51,165,39*6C
$GIGSV,1,1,02,09,16,273,38,10,51,165,39*6C
$GIGSV,1,1,02,09,16,273,38,10,51,165,39*6C
$GIGSV,1,1,02,09,16,273,38,10,51,165,39*6C
$GIGSV,1,1,02,09,16,273,38,10,51,165,39*6C
$GIGSV,1,1,02,09,16,273,38,10,51,165,39*6C
$GIGSV,1,1,02,09,16,273,38,10,51,165,39*6C
$GIGSV,1,1,02,09,16,273,38,10,51,165,39*6C
$GIGSV,1,1,02,09,16,273,38,10,51,165,39*6C
$GIGSV,1,1,02,09,16,273,38,10,51,165,39*6C
$GIGSV,1,1,02,09,16,273,38,10,51,165,39*6C
$GIGSV,1,1,02,09,16,273,38,10,51,165,39*6C
$GIGSV,1,1,02,09,16,273,38,10,51,165,39*6C
$GIGSV,1,1,02,09,16,273,38,10,51,165,39*6C
$GIGSV,1,1,02,09,16,273,38,10,51,165,39*6C
$GIGSV,1,1,02,09,16,273,38,10,51,165,39*6C
$GIGSV,1,1,02,09,16,273,38,10,51,165,39*6C
$GIGSV,1,1,02,09,16,273,38,10,51,165,39*6C
$GIGSV,1,1,02,09,16,273,38,10,51,165,39*6C
$GIGSV,1,1,02,09,16,273,38,10,51,165,39*6C
$GIGSV,1,1,02,09,16,273,38,10,51,165,39*6C
$GIGSV,1,1,02,09,16,273,38,10,51,165,40*62
$GIGSV,1,1,02,09,16,273,38,10,51,165,40*62
$GIGSV,1,1,02,09,16,273,38,10,51,165,40*62
$GIGSV,1,1,02,09,16,273,38,10,51,165,40*62
$GIGSV,1,1,02,09,16,273,38,10,51,165,40*62
$GIGSV,1,1,02,09,16,273,38,10,51,165,40*62
$GIGSV,1,1,02,09,16,273,38,10,51,165,40*62
$GIGSV,1,1,02,09,16,273,38,10,51,165,40*62
$GIGSV,1,1,02,09,16,273,38,10,51,165,40*62
$GIGSV,1,1,02,09,16,273,38,10,51,165,40*62
$GIGSV,1,1,02,09,16,273,38,10,51,165,40*62
$GIGSV,1,1,02,09,16,273,38,10,51,165,40*62
$GIGSV,1,1,02,09,16,273,38,10,51,165,40*62
$GIGSV,1,1,02,09,16,273,38,10,51,165,40*62
$GIGSV,1,1,02,09,16,273,38,10,51,165,40*62
$GIGSV,1,1,02,09,16,273,38,10,51,165,40*62
$GIGSV,1,1,02,09,16,273,38,10,51,165,40*62
$GIGSV,1,1,02,09,16,273,38,10,51,165,40*62
$GIGSV,1,1,02,09,16,273,38,10,51,165,40*62
$GIGSV,1,1,02,09,16,273,38,10,51,165,40*62
$GIGSV,1,1,02,09,16,273,38,10,51,165,40*62
$GIGSV,1,1,02,09,16,273,38,10,51,165,40*62
$GIGSV,1,1,02,09,16,273,38,10,51,165,40*62
$GIGSV,1,1,02,09,16,273,38,10,51,165,40*62
$GIGSV,1,1,02,09,16,273,38,10,51,165,40*62
$GIGSV,1,1,02,09,16,273,38,10,51,165,40*62
$GIGSV,1,1,02,09,16,273,38,10,51,165,40*62
$GIGSV,1,1,02,09,16,273,38,10,51,165,40*62
$GIGSV,1,1,02,09,16,273,38,10,51,165,40*62
$GIGSV,1,1,02,09,16,273,38,10,51,165,40*62
$GIGSV,1,1,02,09,16,273,38,10,51,165,40*62
$GIGSV,1,1,02,09,16,273,38,10,51,165,40*62
$GIGSV,1,1,02,09,16,273,38,10,51,165,40*62
$GIGSV,1,1,02,09,16,273,38,10,51,165,40*62
$GIGSV,1,1,02,09,16,273,38,10,51,165,40*62
$GIGSV,1,1,02,09,16,273,38,10,51,165,40*62
$GIGSV,1,1,02,09,16,273,38,10,51,165,40*62
$GIGSV,1,1,02,09,16,273,38,10,51,165,40*62
$GIGSV,1,1,02,09,16,273,38,10,51,165,40*62
$GIGSV,1,1,02,09,16,273,38,10,51,165,40*62
$GIGSV,1,1,02,09,16,273,38,10,51,165,40*62
$GIGSV,1,1,02,09,16,273,38,10,51,165,40*62
$GIGSV,1,1,02,09,16,273,38,10,51,165,40*62
$GIGSV,1,1,02,09,16,273,38,10,51,165,40*62
$GIGSV,1,1,02,09,16,273,38,10,51,165,40*62
$GIGSV,1,1,02,09,16,273,38,10,51,165,40*62
$GIGSV,1,1,02,09,16,273,38,10,51,165,40*62
$GIGSV,1,1,02,09,16,273,38,10,51,165,40*62
$GIGSV,1,1,02,09,16,273,38,10,51,165,40*62
$GIGSV,1,1,02,09,16,273,38,10,51,165,40*62
$GIGSV,1,1,02,09,16,273,38,10,51,165,40*62
$GIGSV,1,1,02,09,16,273,38,10,51,165,40*62
$GIGSV,1,1,02,09,16,273,38,10,51,165,40*62
$GIGSV,1,1,02,09,16,273,38,10,51,165,40*62
$GIGSV,1,1,02,09,16,273,38,10,51,165,40*62
$GIGSV,1,1,02,09,16,273,38,10,51,165,40*62
$GIGSV,1,1,02,09,16,273,38,10,51,165,40*62
$GIGSV,1,1,02,09,16,273,38,10,51,165,40*62
$GIGSV,1,1,02,09,16,273,38,10,51,165,40*62
$GIGSV,1,1,02,09,16,273,38,10,51,165,40*62
$GIGSV,1,1,02,09,16,273,38,10,51,165,40*62
$GIGSV,1,1,02,09,16,273,38,10,51,165,40*62
$GIGSV,1,1,02,09,16,273,38,10,51,165,40*62
$GIGSV,1,1,02,09,16,273,38,10,51,165,40*62
$GIGSV,1,1,02,09,16,273,38,10,51,165,40*62
$GIGSV,1,1,02,09,16,273,38,10,51,165,40*62
$GIGSV,1,1,02,09,16,273,38,10,51,165,40*62
$GIGSV,1,1,02,09,16,273,38,10,51,165,40*62
$GIGSV,1,1,02,09,16,273,38,10,51,165,40*62
$GIGSV,1,1,02,09,16,273,38,10,51,165,40*62
$GIGSV,1,1,02,09,16,273,38,10,51,165,40*62
$GIGSV,1,1,02,09,16,273,38,10,51,165,40*62
$GIGSV,1,1,02,09,16,273,38,10,51,165,40*62
$GIGSV,1,1,02,09,16,273,38,10,51,165,40*62
$GIGSV,1,1,02,09,16,273,38,10,51,165,40*62
$GIGSV,1,1,02,09,16,273,38,10,51,165,40*62
$GIGSV,1,1,02,09,16,273,38,10,51,165,40*62
$GIGSV,1,1,02,09,16,273,37,10,51,165,40*6D
$GIGSV,1,1,02,09,16,273,37,10,51,165,40*6D
$GIGSV,1,1,02,09,16,273,37,10,51,165,40*6D
$GIGSV,1,1,02,09,16,273,37,10,51,165,40*6D
$GIGSV,1,1,02,09,16,273,37,10,51,165,40*6D
$GIGSV,1,1,02,09,16,273,37,10,51,165,40*6D
$GIGSV,1,1,02,09,16,273,37,10,51,165,40*6D
$GIGSV,1,1,02,09,16,273,37,10,51,165,40*6D
$GIGSV,1,1,02,09,16,273,37,10,51,165,40*6D
$GIGSV,1,1,02,09,16,273,37,10,51,165,40*6D
$GIGSV,1,1,02,09,16,273,37,10,51,165,40*6D
$GIGSV,1,1,02,09,16,273,37,10,51,165,40*6D
$GIGSV,1,1,02,09,16,273,37,10,51,165,40*6D
$GIGSV,1,1,02,09,16,273,37,10,51,165,40*6D
$GIGSV,1,1,02,09,16,273,37,10,51,165,40*6D
$GIGSV,1,1,02,09,16,273,37,10,51,165,40*6D
$GIGSV,1,1,02,09,16,273,37,10,51,165,40*6D
$GIGSV,1,1,02,09,16,273,37,10,51,165,40*6D
$GIGSV,1,1,02,09,16,273,37,10,51,165,40*6D
$GIGSV,1,1,02,09,16,273,37,10,51,165,40*6D
$GIGSV,1,1,02,09,16,273,37,10,51,165,40*6D
$GIGSV,1,1,02,09,16,273,37,10,51,165,40*6D
$GIGSV,1,1,02,09,16,273,37,10,51,165,40*6D
$GIGSV,1,1,02,09,16,273,37,10,51,165,39*63
$GIGSV,1,1,02,09,16,273,37,10,51,165,39*63
$GIGSV,1,1,02,09,16,273,37,10,51,165,39*63
$GIGSV,1,1,02,09,16,273,37,10,51,165,39*63
$GIGSV,1,1,02,09,16,273,37,10,51,165,39*63
$GIGSV,1,1,02,09,16,273,37,10,51,165,39*63
$GIGSV,1,1,02,09,16,273,37,10,51,165,39*63
$GIGSV,1,1,02,09,16,273,37,10,51,165,39*63
$GIGSV,1,1,02,09,16,273,37,10,51,165,39*63
$GIGSV,1,1,02,09,16,273,37,10,51,165,39*63
$GIGSV,1,1,02,09,16,273,37,10,51,165,39*63
$GIGSV,1,1,02,09,16,273,37,10,51,165,39*63
$GIGSV,1,1,02,09,16,273,37,10,51,165,39*63
$GIGSV,1,1,02,09,16,273,37,10,51,165,39*63
$GIGSV,1,1,02,09,16,273,37,10,51,165,39*63
$GIGSV,1,1,02,09,16,273,37,10,51,165,39*63
$GIGSV,1,1,02,09,16,273,37,10,51,165,39*63
$GIGSV,1,1,02,09,16,273,37,10,51,165,39*63
$GIGSV,1,1,02,09,16,273,37,10,51,165,39*63
$GIGSV,1,1,02,09,16,273,37,10,51,165,39*63
$GIGSV,1,1,02,09,16,273,37,10,51,165,39*63
$GIGSV,1,1,02,09,16,273,37,10,51,165,39*63
$GIGSV,1,1,02,09,16,273,37,10,51,165,39*63
$GIGSV,1,1,02,09,16,273,37,10,51,165,39*63
$GIGSV,1,1,02,09,16,273,37,10,51,165,39*63
$GIGSV,1,1,02,09,16,273,37,10,51,165,39*63
$GIGSV,1,1,02,09,16,273,37,10,51,165,39*63
$GIGSV,1,1,02,09,16,273,37,10,51,165,39*63
$GIGSV,1,1,02,09,16,273,37,10,51,165,39*63
$GIGSV,1,1,02,09,16,273,37,10,51,165,39*63
$GIGSV,1,1,02,09,16,273,37,10,51,165,39*63
$GIGSV,1,1,02,09,16,273,37,10,51,165,39*63
$GIGSV,1,1,02,09,16,273,37,10,51,165,39*63
$GIGSV,1,1,02,09,16,273,37,10,51,165,39*63
$GIGSV,1,1,02,09,16,273,37,10,51,165,39*63
$GIGSV,1,1,02,09,16,273,37,10,51,165,39*63
$GIGSV,1,1,02,09,16,273,37,10,51,165,39*63
$GIGSV,1,1,02,09,16,273,37,10,51,165,39*63
$GIGSV,1,1,02,09,16,273,37,10,51,165,39*63
$GIGSV,1,1,02,09,16,273,37,10,51,165,39*63
$GIGSV,1,1,02,09,16,273,37,10,51,165,39*63
$GIGSV,1,1,02,09,16,273,37,10,51,165,39*63
$GIGSV,1,1,02,09,16,273,37,10,51,165,39*63
$GIGSV,1,1,02,09,16,273,37,10,51,165,39*63
$GIGSV,1,1,02,09,16,273,37,10,51,165,39*63
$GIGSV,1,1,02,09,16,273,37,10,51,165,39*63
$GIGSV,1,1,02,09,16,273,37,10,51,165,39*63
$GIGSV,1,1,02,09,16,273,37,10,51,165,39*63
$GIGSV,1,1,02,09,16,273,37,10,51,165,39*63
$GIGSV,1,1,02,09,16,273,37,10,51,165,39*63
$GIGSV,1,1,02,09,16,273,37,10,51,165,39*63
$GIGSV,1,1,02,09,16,273,37,10,51,165,39*63
$GIGSV,1,1,02,09,16,273,37,10,51,165,39*63
$GIGSV,1,1,02,09,16,273,37,10,51,165,39*63
$GIGSV,1,1,02,09,16,273,37,10,51,165,39*63
$GIGSV,1,1,02,09,16,273,37,10,51,165,39*63
$GIGSV,1,1,02,09,16,273,37,10,51,165,39*63
$GIGSV,1,1,02,09,16,273,37,10,51,165,39*63
$GIGSV,1,1,02,09,16,273,37,10,51,165,39*63
$GIGSV,1,1,02,09,16,273,37,10,51,165,39*63
$GIGSV,1,1,02,09,16,273,37,10,51,165,39*63
$GIGSV,1,1,02,09,16,273,37,10,51,165,39*63
$GIGSV,1,1,02,09,16,273,36,10,51,165,39*62
$GIGSV,1,1,02,09,16,273,36,10,51,165,39*62
$GIGSV,1,1,02,09,16,273,36,10,51,165,39*62
$GIGSV,1,1,02,09,16,273,36,10,51,165,39*62
$GIGSV,1,1,02,09,16,273,36,10,51,165,39*62
$GIGSV,1,1,02,09,16,273,36,10,51,165,39*62
$GIGSV,1,1,02,09,16,273,36,10,51,165,39*62
$GIGSV,1,1,02,09,16,273,36,10,51,165,39*62
$GIGSV,1,1,02,09,16,273,36,10,51,165,39*62
$GIGSV,1,1,02,09,16,273,36,10,51,165,39*62
$GIGSV,1,1,02,09,16,273,36,10,51,165,39*62
$GIGSV,1,1,02,09,16,273,36,10,51,165,39*62
$GIGSV,1,1,02,09,16,273,36,10,51,165,39*62
$GIGSV,1,1,02,09,16,273,36,10,51,165,39*62
$GIGSV,1,1,02,09,16,273,36,10,51,165,39*62
$GIGSV,1,1,02,09,16,273,36,10,51,165,39*62
$GIGSV,1,1,02,09,16,273,36,10,51,165,39*62
$GIGSV,1,1,02,09,16,273,36,10,51,165,39*62
$GIGSV,1,1,02,09,16,273,36,10,51,165,39*62
$GIGSV,1,1,02,09,16,273,36,10,51,165,39*62
$GIGSV,1,1,02,09,16,273,36,10,51,165,39*62
$GIGSV,1,1,02,09,16,273,36,10,51,165,39*62
$GIGSV,1,1,02,09,16,273,36,10,51,165,39*62
$GIGSV,1,1,02,09,16,273,36,10,51,165,39*62
$GIGSV,1,1,02,09,16,273,36,10,51,165,39*62
$GIGSV,1,1,02,09,16,273,36,10,51,165,39*62
$GIGSV,1,1,02,09,16,273,36,10,51,165,39*62
$GIGSV,1,1,02,09,16,273,36,10,51,165,39*62
$GIGSV,1,1,02,09,16,273,36,10,51,165,39*62
$GIGSV,1,1,02,09,16,273,36,10,51,165,39*62
$GIGSV,1,1,02,09,16,273,36,10,51,165,39*62
$GIGSV,1,1,02,09,16,273,36,10,51,165,39*62
$GIGSV,1,1,02,09,16,273,36,10,51,165,39*62
$GIGSV,1,1,02,09,16,273,36,10,51,165,39*62
$GIGSV,1,1,02,09,16,273,36,10,51,165,39*62
$GIGSV,1,1,02,09,16,273,36,10,51,165,39*62
$GIGSV,1,1,02,09,16,273,36,10,51,165,39*62
$GIGSV,1,1,02,09,16,273,36,10,51,165,39*62
$GIGSV,1,1,02,09,16,273,36,10,51,165,39*62
$GIGSV,1,1,02,09,16,273,36,10,51,165,39*62
$GIGSV,1,1,02,09,16,273,36,10,51,165,39*62
$GIGSV,1,1,02,09,16,273,36,10,51,165,39*62
$GIGSV,1,1,02,09,16,273,36,10,51,165,39*62
$GIGSV,1,1,02,09,16,273,36,10,51,165,39*62
$GIGSV,1,1,02,09,16,273,36,10,51,165,39*62
$GIGSV,1,1,02,09,16,273,36,10,51,165,39*62
$GIGSV,1,1,02,09,16,273,36,10,51,165,39*62
$GIGSV,1,1,02,09,16,273,36,10,51,165,39*62
$GIGSV,1,1,02,09,16,273,36,10,51,165,39*62
$GIGSV,1,1,02,09,16,273,36,10,51,165,39*62
$GIGSV,1,1,02,09,16,273,36,10,51,165,39*62
$GIGSV,1,1,02,09,16,273,36,10,51,165,39*62
$GIGSV,1,1,02,09,16,273,36,10,51,165,39*62
$GIGSV,1,1,02,09,16,273,36,10,51,165,39*62
$GIGSV,1,1,02,09,16,273,36,10,51,165,39*62
$GIGSV,1,1,02,09,16,273,36,10,51,165,39*62
$GIGSV,1,1,02,09,16,273,36,10,51,165,39*62
$GIGSV,1,1,02,09,16,273,36,10,51,165,39*62
$GIGSV,1,1,02,09,16,273,36,10,51,165,39*62
$GIGSV,1,1,02,09,16,273,36,10,51,165,39*62
$GIGSV,1,1,02,09,16,273,36,10,51,165,39*62
$GIGSV,1,1,02,09,16,273,36,10,51,165,39*62
$GIGSV,1,1,02,09,16,273,36,10,51,165,39*62
$GIGSV,1,1,02,09,16,273,36,10,51,165,39*62
$GIGSV,1,1,02,09,16,273,36,10,51,165,39*62
$GIGSV,1,1,02,09,16,273,36,10,51,165,38*63
$GIGSV,1,1,02,09,16,273,36,10,51,165,38*63
$GIGSV,1,1,02,09,16,273,36,10,51,165,38*63
$GIGSV,1,1,02,09,16,273,36,10,51,165,38*63
$GIGSV,1,1,02,09,16,273,36,10,51,165,38*63
$GIGSV,1,1,02,09,16,273,36,10,51,165,38*63
$GIGSV,1,1,02,09,16,273,36,10,51,165,38*63
$GIGSV,1,1,02,09,16,273,36,10,51,165,38*63
$GIGSV,1,1,02,09,16,273,36,10,51,165,38*63
$GIGSV,1,1,02,09,16,273,36,10,51,165,38*63
$GIGSV,1,1,02,09,16,273,36,10,51,165,38*63
$GIGSV,1,1,02,09,16,273,36,10,51,165,38*63
$GIGSV,1,1,02,09,16,273,36,10,51,165,38*63
$GIGSV,1,1,02,09,16,273,36,10,51,165,38*63
$GIGSV,1,1,02,09,16,273,36,10,51,165,38*63
$GIGSV,1,1,02,09,16,273,36,10,51,165,38*63
$GIGSV,1,1,02,09,16,273,36,10,51,165,38*63
$GIGSV,1,1,02,09,16,273,36,10,51,165,38*63
$GIGSV,1,1,02,09,16,273,36,10,51,165,38*63
$GIGSV,1,1,02,09,16,273,36,10,51,165,38*63
$GIGSV,1,1,02,09,16,273,36,10,51,165,38*63
$GIGSV,1,1,02,09,16,273,36,10,51,165,38*63
$GIGSV,1,1,02,09,16,273,36,10,51,165,38*63
$GIGSV,1,1,02,09,16,273,36,10,51,165,38*63
$GIGSV,1,1,02,09,16,273,36,10,51,165,38*63
$GIGSV,1,1,02,09,16,273,36,10,51,165,38*63
$GIGSV,1,1,02,09,16,273,36,10,51,165,38*63
$GIGSV,1,1,02,09,16,273,36,10,51,165,38*63
$GIGSV,1,1,02,09,16,273,36,10,51,165,38*63
$GIGSV,1,1,02,09,16,273,36,10,51,165,38*63
$GIGSV,1,1,02,09,16,273,36,10,51,165,38*63
$GIGSV,1,1,02,09,16,273,36,10,51,165,38*63
$GIGSV,1,1,02,09,16,273,36,10,51,165,38*63
$GIGSV,1,1,02,09,16,273,36,10,51,165,38*63
$GIGSV,1,1,02,09,16,273,36,10,51,165,38*63
$GIGSV,1,1,02,09,16,273,36,10,51,165,38*63
$GIGSV,1,1,02,09,16,273,36,10,51,165,38*63
$GIGSV,1,1,02,09,16,273,36,10,51,165,38*63
$GIGSV,1,1,02,09,16,273,36,10,51,165,38*63
$GIGSV,1,1,02,09,16,273,36,10,51,165,38*63
$GIGSV,1,1,02,09,16,273,36,10,51,165,38*63
$GIGSV,1,1,02,09,16,273,36,10,51,165,38*63
$GIGSV,1,1,02,09,16,273,36,10,51,165,38*63
$GIGSV,1,1,02,09,16,273,36,10,51,165,38*63
$GIGSV,1,1,02,09,16,273,36,10,51,165,38*63
$GIGSV,1,1,02,09,16,273,36,10,51,165,38*63
$GIGSV,1,1,02,09,16,273,36,10,51,165,38*63
$GIGSV,1,1,02,09,16,273,36,10,51,165,38*63
$GIGSV,1,1,02,09,16,273,36,10,51,165,38*63
$GIGSV,1,1,02,09,16,273,36,10,51,165,38*63
$GIGSV,1,1,02,09,16,273,36,10,51,165,38*63
$GIGSV,1,1,02,09,16,273,36,10,51,165,38*63
$GIGSV,1,1,02,09,16,273,36,10,51,165,38*63
$GIGSV,1,1,02,09,16,273,36,10,51,165,38*63
$GIGSV,1,1,02,09,16,273,36,10,51,165,38*63
$GIGSV,1,1,02,09,16,273,36,10,51,165,38*63
$GIGSV,1,1,02,09,16,273,36,10,51,165,38*63
$GIGSV,1,1,02,09,16,273,36,10,51,165,38*63
$GIGSV,1,1,02,09,16,273,36,10,51,165,38*63
$GIGSV,1,1,02,09,16,273,36,10,51,165,38*63
$GIGSV,1,1,02,09,16,273,36,10,51,165,38*63
$GIGSV,1,1,02,09,16,273,36,10,51,165,38*63
$GIGSV,1,1,02,09,16,273,36,10,51,165,37*6C
$GIGSV,1,1,02,09,16,273,36,10,51,165,37*6C
$GIGSV,1,1,02,09,16,273,36,10,51,165,37*6C
$GIGSV,1,1,02,09,16,273,36,10,51,165,37*6C
$GIGSV,1,1,02,09,16,273,36,10,51,165,37*6C
$GIGSV,1,1,02,09,16,273,36,10,51,165,37*6C
$GIGSV,1,1,02,09,16,273,37,10,51,165,37*6D
$GIGSV,1,1,02,09,16,273,37,10,51,165,37*6D
$GIGSV,1,1,02,09,16,273,37,10,51,165,37*6D
$GIGSV,1,1,02,09,16,273,37,10,51,165,37*6D
$GIGSV,1,1,02,09,16,273,37,10,51,165,37*6D
$GIGSV,1,1,02,09,16,273,37,10,51,165,37*6D
$GIGSV,1,1,02,09,16,273,37,10,51,165,37*6D
$GIGSV,1,1,02,09,16,273,37,10,51,165,37*6D
$GIGSV,1,1,02,09,16,273,37,10,51,165,37*6D
$GIGSV,1,1,02,09,16,273,37,10,51,165,37*6D
$GIGSV,1,1,02,09,16,273,37,10,51,165,37*6D
$GIGSV,1,1,02,09,16,273,37,10,51,165,37*6D
$GIGSV,1,1,02,09,16,273,37,10,51,165,37*6D
$GIGSV,1,1,02,09,16,273,37,10,51,165,37*6D
$GIGSV,1,1,02,09,16,273,37,10,51,165,37*6D
$GIGSV,1,1,02,09,16,273,37,10,51,165,37*6D
$GIGSV,1,1,02,09,16,273,37,10,51,165,37*6D
$GIGSV,1,1,02,09,16,273,37,10,51,165,37*6D
$GIGSV,1,1,02,09,16,273,37,10,51,165,37*6D
$GIGSV,1,1,02,09,16,273,37,10,51,165,37*6D
$GIGSV,1,1,02,09,16,273,37,10,51,165,37*6D
$GIGSV,1,1,02,09,16,273,37,10,51,165,37*6D
$GIGSV,1,1,02,09,16,273,37,10,51,165,37*6D
$GIGSV,1,1,02,09,16,273,37,10,51,165,37*6D
$GIGSV,1,1,02,09,16,273,37,10,51,165,37*6D
$GIGSV,1,1,02,09,16,273,37,10,51,165,37*6D
$GIGSV,1,1,02,09,16,273,37,10,51,165,37*6D
$GIGSV,1,1,02,09,16,273,37,10,51,165,37*6D
$GIGSV,1,1,02,09,16,273,37,10,51,165,37*6D
$GIGSV,1,1,02,09,16,273,37,10,51,165,37*6D
$GIGSV,1,1,02,09,16,273,37,10,51,165,37*6D
$GIGSV,1,1,02,09,16,273,37,10,51,165,37*6D
$GIGSV,1,1,02,09,16,273,37,10,51,165,37*6D
$GIGSV,1,1,02,09,16,273,37,10,51,165,37*6D
$GIGSV,1,1,02,09,16,273,37,10,51,165,37*6D
$GIGSV,1,1,02,09,16,273,37,10,51,165,37*6D
$GIGSV,1,1,02,09,16,273,37,10,51,165,37*6D
$GIGSV,1,1,02,09,16,273,38,10,51,165,37*62
$GIGSV,1,1,02,09,16,273,38,10,51,165,37*62
$GIGSV,1,1,02,09,16,273,38,10,51,165,37*62
$GIGSV,1,1,02,09,16,273,38,10,51,165,37*62
$GIGSV,1,1,02,09,16,273,38,10,51,165,37*62
$GIGSV,1,1,02,09,16,273,38,10,51,165,37*62
$GIGSV,1,1,02,09,16,273,38,10,51,165,37*62
$GIGSV,1,1,02,09,16,273,38,10,51,165,37*62
$GIGSV,1,1,02,09,16,273,38,10,51,165,37*62
$GIGSV,1,1,02,09,16,273,38,10,51,165,37*62
$GIGSV,1,1,02,09,16,273,38,10,51,165,37*62
$GIGSV,1,1,02,09,16,273,38,10,51,165,37*62
$GIGSV,1,1,02,09,16,273,38,10,51,165,37*62
$GIGSV,1,1,02,09,16,273,38,10,51,165,37*62
$GIGSV,1,1,02,09,16,273,38,10,51,165,37*62
$GIGSV,1,1,02,09,16,273,38,10,51,165,37*62
$GIGSV,1,1,02,09,16,273,38,10,51,165,37*62
$GIGSV,1,1,02,09,16,273,38,10,51,165,37*62
$GIGSV,1,1,02,09,16,273,38,10,51,165,37*62
$GIGSV,1,1,02,09,16,273,38,10,51,165,37*62
$GIGSV,1,1,02,09,16,273,38,10,51,165,38*6D
$GIGSV,1,1,02,09,16,273,38,10,51,165,38*6D
$GIGSV,1,1,02,09,16,273,38,10,51,165,38*6D
$GIGSV,1,1,02,09,16,273,38,10,51,165,38*6D
$GIGSV,1,1,02,09,16,273,38,10,51,165,38*6D
$GIGSV,1,1,02,09,16,273,38,10,51,165,38*6D
$GIGSV,1,1,02,09,16,273,38,10,51,165,38*6D
$GIGSV,1,1,02,09,16,273,38,10,51,165,38*6D
$GIGSV,1,1,02,09,16,273,38,10,51,165,38*6D
$GIGSV,1,1,02,09,16,273,38,10,51,165,38*6D
$GIGSV,1,1,02,09,16,273,38,10,51,165,38*6D
$GIGSV,1,1,02,09,16,273,38,10,51,165,38*6D
$GIGSV,1,1,02,09,16,273,37,10,51,165,38*62
$GIGSV,1,1,02,09,16,273,37,10,51,165,38*62
$GIGSV,1,1,02,09,16,273,37,10,51,165,38*62
$GIGSV,1,1,02,09,16,273,37,10,51,165,38*62
$GIGSV,1,1,02,09,16,273,37,10,51,165,38*62
$GIGSV,1,1,02,09,16,273,37,10,51,165,38*62
$GIGSV,1,1,02,09,16,273,37,10,51,165,38*62
$GIGSV,1,1,02,09,16,273,37,10,51,165,38*62
$GIGSV,1,1,02,09,16,273,37,10,51,165,38*62
$GIGSV,1,1,02,09,16,273,37,10,51,165,38*62
$GIGSV,1,1,02,09,16,273,37,10,51,165,39*63
$GIGSV,1,1,02,09,16,273,37,10,51,165,39*63
$GIGSV,1,1,02,09,16,273,37,10,51,165,39*63
$GIGSV,1,1,02,09,16,273,37,10,51,165,39*63
$GIGSV,1,1,02,09,16,273,37,10,51,165,39*63
$GIGSV,1,1,02,09,16,273,37,10,51,165,39*63
$GIGSV,1,1,02,09,16,273,37,10,51,165,40*6D
$GIGSV,1,1,02,09,16,273,37,10,51,165,40*6D
$GIGSV,1,1,02,09,16,273,37,10,51,165,40*6D
$GIGSV,1,1,02,09,16,273,37,10,51,165,40*6D
$GIGSV,1,1,02,09,16,273,38,10,51,165,40*62
$GIGSV,1,1,02,09,16,273,38,10,51,165,41*63
$GIGSV,1,1,02,09,16,273,38,10,51,165,41*63
$GIGSV,1,1,02,09,16,273,38,10,51,165,41*63
$GIGSV,1,1,02,09,16,273,38,10,51,165,41*63
$GIGSV,1,1,02,09,16,273,38,10,51,165,41*63
$GIGSV,1,1,02,09,16,273,38,10,51,165,42*60
$GIGSV,1,1,02,09,16,273,38,10,51,165,42*60
$GIGSV,1,1,02,09,16,273,38,10,51,165,42*60
$GIGSV,1,1,02,09,16,273,38,10,51,165,42*60
$GIGSV,1,1,02,09,16,273,38,10,51,165,42*60
$GIGSV,1,1,02,09,16,273,38,10,51,165,42*60
$GIGSV,1,1,02,09,16,273,38,10,51,165,43*61
$GIGSV,1,1,02,09,16,273,38,10,51,165,43*61
$GIGSV,1,1,02,09,16,273,38,10,51,165,43*61
$GIGSV,1,1,02,09,16,273,38,10,51,165,43*61
$GIGSV,1,1,02,09,16,273,38,10,51,165,43*61
$GIGSV,1,1,02,09,16,273,38,10,51,165,43*61
$GIGSV,1,1,02,09,16,273,38,10,51,165,43*61
$GIGSV,1,1,02,09,16,273,38,10,51,165,44*66
$GIGSV,1,1,02,09,16,273,38,10,51,165,44*66
$GIGSV,1,1,02,09,16,273,38,10,51,165,44*66
$GIGSV,1,1,02,09,16,273,38,10,51,165,44*66
$GIGSV,1,1,02,09,16,273,38,10,51,165,44*66
$GIGSV,1,1,02,09,16,273,38,10,51,165,44*66
$GIGSV,1,1,02,09,16,273,38,10,51,165,44*66
$GIGSV,1,1,02,09,16,273,38,10,51,165,44*66
$GIGSV,1,1,02,09,16,273,38,10,51,165,44*66
$GIGSV,1,1,02,09,16,273,38,10,51,165,44*66
$GIGSV,1,1,02,09,16,273,39,10,51,165,44*67
$GIGSV,1,1,02,09,16,273,39,10,51,165,44*67
$GIGSV,1,1,02,09,16,273,38,10,51,165,44*66
$GIGSV,1,1,02,09,16,273,38,10,51,165,44*66
$GIGSV,1,1,02,09,16,273,38,10,51,165,44*66
$GIGSV,1,1,02,09,16,273,38,10,51,165,44*66
$GIGSV,1,1,02,09,16,273,38,10,51,165,44*66
$GIGSV,1,1,02,09,16,273,38,10,51,165,44*66
$GIGSV,1,1,02,09,16,273,38,10,51,165,44*66
$GIGSV,1,1,02,09,16,273,38,10,51,165,44*66
$GIGSV,1,1,02,09,16,273,38,10,51,165,44*66
$GIGSV,1,1,02,09,16,273,38,10,51,165,44*66
$GIGSV,1,1,02,09,16,273,38,10,51,165,44*66
$GIGSV,1,1,02,09,16,273,39,10,51,165,44*67
$GIGSV,1,1,02,09,16,273,39,10,51,165,44*67
$GIGSV,1,1,02,09,16,273,39,10,51,165,44*67
$GIGSV,1,1,02,09,16,273,39,10,51,165,44*67
$GIGSV,1,1,02,09,16,273,39,10,51,165,44*67
$GIGSV,1,1,02,09,16,273,39,10,51,165,44*67
$GIGSV,1,1,02,09,16,273,39,10,51,165,44*67
$GIGSV,1,1,02,09,16,273,39,10,51,165,44*67
$GIGSV,1,1,02,09,16,273,39,10,51,165,44*67
$GIGSV,1,1,02,09,16,273,39,10,51,165,44*67
$GIGSV,1,1,02,09,16,273,39,10,51,165,45*66
$GIGSV,1,1,02,09,16,273,39,10,51,165,45*66
$GIGSV,1,1,02,09,16,273,39,10,51,165,44*67
$GIGSV,1,1,02,09,16,273,39,10,51,165,44*67
$GIGSV,1,1,02,09,16,273,39,10,51,165,44*67
$GIGSV,1,1,02,09,16,273,39,10,51,165,44*67
$GIGSV,1,1,02,09,16,273,39,10,51,165,44*67
$GIGSV,1,1,02,09,16,273,39,10,51,165,45*66
$GIGSV,1,1,02,09,16,273,39,10,51,165,45*66
$GIGSV,1,1,02,09,16,273,39,10,51,165,45*66
$GIGSV,1,1,02,09,16,273,39,10,51,165,45*66
$GIGSV,1,1,02,09,16,273,38,10,51,165,45*67
$GIGSV,1,1,02,09,16,273,38,10,51,165,45*67
$GIGSV,1,1,02,09,16,273,38,10,51,165,45*67
$GIGSV,1,1,02,09,16,273,38,10,51,165,45*67
$GIGSV,1,1,02,09,16,273,38,10,51,165,45*67
$GIGSV,1,1,02,09,16,273,38,10,51,165,45*67
$GIGSV,1,1,02,09,16,273,38,10,51,165,45*67
$GIGSV,1,1,02,09,16,273,38,10,51,165,45*67
$GIGSV,1,1,02,09,16,273,38,10,51,165,45*67
$GIGSV,1,1,02,09,16,273,38,10,51,165,45*67
$GIGSV,1,1,02,09,16,273,38,10,51,165,45*67
$GIGSV,1,1,02,09,16,273,38,10,51,165,45*67
$GIGSV,1,1,02,09,16,273,38,10,51,165,45*67
$GIGSV,1,1,02,09,16,273,38,10,51,165,45*67
$GIGSV,1,1,02,09,16,273,38,10,51,165,45*67
$GIGSV,1,1,02,09,16,273,38,10,51,165,45*67
$GIGSV,1,1,02,09,16,273,38,10,51,165,45*67
$GIGSV,1,1,02,09,16,273,38,10,51,165,45*67
$GIGSV,1,1,02,09,16,273,38,10,51,165,45*67
$GIGSV,1,1,02,09,16,273,38,10,51,165,45*67
$GIGSV,1,1,02,09,16,273,38,10,51,165,45*67
$GIGSV,1,1,02,09,16,273,38,10,51,165,45*67
$GIGSV,1,1,02,09,16,273,38,10,51,165,45*67
$GIGSV,1,1,02,09,16,273,38,10,51,165,45*67
$GIGSV,1,1,02,09,16,273,38,10,51,165,45*67
$GIGSV,1,1,02,09,16,273,38,10,51,165,45*67
$GIGSV,1,1,02,09,16,273,38,10,51,165,45*67
$GIGSV,1,1,02,09,16,273,38,10,51,165,45*67
$GIGSV,1,1,02,09,16,273,38,10,51,165,45*67
$GIGSV,1,1,02,09,16,273,38,10,51,165,45*67
$GIGSV,1,1,02,09,16,273,38,10,51,165,45*67
$GIGSV,1,1,02,09,16,273,38,10,51,165,45*67
$GIGSV,1,1,02,09,16,273,38,10,51,165,45*67
$GIGSV,1,1,02,09,16,273,38,10,51,165,45*67
$GIGSV,1,1,02,09,16,273,38,10,51,165,45*67
$GIGSV,1,1,02,09,16,273,38,10,51,165,45*67
$GIGSV,1,1,02,09,16,273,38,10,51,165,44*66
$GIGSV,1,1,02,09,16,273,38,10,51,165,44*66
$GIGSV,1,1,02,09,16,273,38,10,51,165,44*66
$GIGSV,1,1,02,09,16,273,38,10,51,165,44*66
$GIGSV,1,1,02,09,16,273,38,10,51,165,44*66
$GIGSV,1,1,02,09,16,273,38,10,51,165,44*66
$GIGSV,1,1,02,09,16,273,38,10,51,165,44*66
$GIGSV,1,1,02,09,16,273,38,10,51,165,44*66
$GIGSV,1,1,02,09,16,273,38,10,51,165,44*66
$GIGSV,1,1,02,09,16,273,38,10,51,165,44*66
$GIGSV,1,1,02,09,16,273,38,10,51,165,44*66
$GIGSV,1,1,02,09,16,273,38,10,51,165,44*66
$GIGSV,1,1,02,09,16,273,38,10,51,165,44*66
$GIGSV,1,1,02,09,16,273,38,10,51,165,44*66
$GIGSV,1,1,02,09,16,273,38,10,51,165,44*66
$GIGSV,1,1,02,09,16,273,38,10,51,165,44*66
$GIGSV,1,1,02,09,16,273,38,10,51,165,44*66
$GIGSV,1,1,02,09,16,273,38,10,51,165,44*66
$GIGSV,1,1,02,09,16,273,38,10,51,165,44*66
$GIGSV,1,1,02,09,16,273,38,10,51,165,44*66
$GIGSV,1,1,02,09,16,273,38,10,51,165,44*66
$GIGSV,1,1,02,09,16,273,38,10,51,165,44*66
$GIGSV,1,1,02,09,16,273,38,10,51,165,44*66
$GIGSV,1,1,02,09,16,273,39,10,51,165,44*67
$GIGSV,1,1,02,09,16,273,39,10,51,165,44*67
$GIGSV,1,1,02,09,16,273,39,10,51,165,44*67
$GIGSV,1,1,02,09,16,273,39,10,51,165,44*67
$GIGSV,1,1,02,09,16,273,39,10,51,165,44*67
$GIGSV,1,1,02,09,16,273,39,10,51,165,44*67
$GIGSV,1,1,02,09,16,273,39,10,51,165,44*67
$GIGSV,1,1,02,09,16,273,39,10,51,165,45*66
$GIGSV,1,1,02,09,16,273,39,10,51,165,45*66
$GIGSV,1,1,02,09,16,273,39,10,51,165,45*66
$GIGSV,1,1,02,09,16,273,39,10,51,165,45*66
$GIGSV,1,1,02,09,16,273,40,10,51,165,45*68
$GIGSV,1,1,02,09,16,273,40,10,51,165,45*68
$GIGSV,1,1,02,09,16,273,40,10,51,165,45*68
$GIGSV,1,1,02,09,16,273,40,10,51,165,45*68
$GIGSV,1,1,02,09,16,273,40,10,51,165,45*68
$GIGSV,1,1,02,09,16,273,40,10,51,165,45*68
$GIGSV,1,1,02,09,16,273,40,10,51,165,45*68
$GIGSV,1,1,02,09,16,273,40,10,51,165,45*68
$GIGSV,1,1,02,09,16,273,40,10,51,165,45*68
$GIGSV,1,1,02,09,16,273,40,10,51,165,45*68
$GIGSV,1,1,02,09,16,273,40,10,51,165,45*68
$GIGSV,1,1,02,09,16,273,40,10,51,165,45*68
$GIGSV,1,1,02,09,16,273,40,10,51,165,45*68
$GIGSV,1,1,02,09,16,273,40,10,51,165,45*68
$GIGSV,1,1,02,09,16,273,40,10,51,165,45*68
$GIGSV,1,1,02,09,16,273,40,10,51,165,45*68
$GIGSV,1,1,02,09,16,273,40,10,51,165,45*68
$GIGSV,1,1,02,09,16,273,40,10,51,165,45*68
$GIGSV,1,1,02,09,16,273,40,10,51,165,45*68
$GIGSV,1,1,02,09,16,273,39,10,51,165,45*66
$GIGSV,1,1,02,09,16,273,39,10,51,165,45*66
$GIGSV,1,1,02,09,16,273,39,10,51,165,45*66
$GIGSV,1,1,02,09,16,273,39,10,51,165,46*65
$GIGSV,1,1,02,09,16,273,39,10,51,165,46*65
$GIGSV,1,1,02,09,16,273,39,10,51,165,46*65
$GIGSV,1,1,02,09,16,273,39,10,51,165,46*65
$GIGSV,1,1,02,09,16,273,39,10,51,165,46*65
$GIGSV,1,1,02,09,16,273,39,10,51,165,46*65
$GIGSV,1,1,02,09,16,273,39,10,51,165,46*65
$GIGSV,1,1,02,09,16,273,39,10,51,165,46*65
$GIGSV,1,1,02,09,16,273,39,10,51,165,46*65
$GIGSV,1,1,02,09,16,273,39,10,51,165,46*65
$GIGSV,1,1,02,09,16,273,39,10,51,165,46*65
$GIGSV,1,1,02,09,16,273,39,10,51,165,46*65
$GIGSV,1,1,02,09,16,273,39,10,51,165,46*65
$GIGSV,1,1,02,09,16,273,39,10,51,165,46*65
$GIGSV,1,1,02,09,16,273,39,10,51,165,46*65
$GIGSV,1,1,02,09,16,273,39,10,51,165,46*65
$GIGSV,1,1,02,09,16,273,39,10,51,165,46*65
$GIGSV,1,1,02,09,16,273,39,10,51,165,46*65
$GIGSV,1,1,02,09,16,273,39,10,51,165,46*65
$GIGSV,1,1,02,09,16,273,39,10,51,165,46*65
$GIGSV,1,1,02,09,16,273,38,10,51,165,46*64
$GIGSV,1,1,02,09,16,273,38,10,51,165,46*64
$GIGSV,1,1,02,09,16,273,38,10,51,165,46*64
$GIGSV,1,1,02,09,16,273,38,10,51,165,46*64
$GIGSV,1,1,02,09,16,273,38,10,51,165,46*64
$GIGSV,1,1,02,09,16,273,38,10,51,165,46*64
$GIGSV,1,1,02,09,16,273,38,10,51,165,46*64
$GIGSV,1,1,02,09,16,273,38,10,51,165,46*64
$GIGSV,1,1,02,09,16,273,38,10,51,165,46*64
$GIGSV,1,1,02,09,16,273,38,10,51,165,46*64
$GIGSV,1,1,02,09,16,273,38,10,51,165,46*64
$GIGSV,1,1,02,09,16,273,38,10,51,165,46*64
$GIGSV,1,1,02,09,16,273,38,10,51,165,46*64
$GIGSV,1,1,02,09,16,273,38,10,51,165,46*64
$GIGSV,1,1,02,09,16,273,38,10,51,165,46*64
$GIGSV,1,1,02,09,16,273,38,10,51,165,46*64
$GIGSV,1,1,02,09,16,273,38,10,51,165,46*64
$GIGSV,1,1,02,09,16,273,38,10,51,165,46*64
$GIGSV,1,1,02,09,16,273,38,10,51,165,46*64
$GIGSV,1,1,02,09,16,273,38,10,51,165,46*64
$GIGSV,1,1,02,09,16,273,38,10,51,165,46*64
$GIGSV,1,1,02,09,16,273,38,10,51,165,46*64
$GIGSV,1,1,02,09,16,273,38,10,51,165,46*64
$GIGSV,1,1,02,09,16,273,38,10,51,165,46*64
$GIGSV,1,1,02,09,16,273,38,10,51,165,46*64
$GIGSV,1,1,02,09,16,273,38,10,51,165,46*64
$GIGSV,1,1,02,09,16,273,38,10,51,165,46*64
$GIGSV,1,1,02,09,16,273,38,10,51,165,46*64
$GIGSV,1,1,02,09,16,273,38,10,51,165,46*64
$GIGSV,1,1,02,09,16,273,38,10,51,165,46*64
$GIGSV,1,1,02,09,16,273,38,10,51,165,46*64
$GIGSV,1,1,02,09,16,273,38,10,51,165,46*64
$GIGSV,1,1,02,09,16,273,38,10,51,165,46*64
$GIGSV,1,1,02,09,16,273,39,10,51,165,46*65
$GIGSV,1,1,02,09,16,273,39,10,51,165,46*65
$GIGSV,1,1,02,09,16,273,39,10,51,165,46*65
$GIGSV,1,1,02,09,16,273,39,10,51,165,46*65
$GIGSV,1,1,02,09,16,273,39,10,51,165,46*65
$GIGSV,1,1,02,09,16,273,39,10,51,165,46*65
$GIGSV,1,1,02,09,16,273,39,10,51,165,46*65
$GIGSV,1,1,02,09,16,273,39,10,51,165,46*65
$GIGSV,1,1,02,09,16,273,39,10,51,165,47*64
$GIGSV,1,1,02,09,16,273,39,10,51,165,46*65
$GIGSV,1,1,02,09,16,273,39,10,51,165,46*65
$GIGSV,1,1,02,09,16,273,39,10,51,165,47*64
$GIGSV,1,1,02,09,16,273,39,10,51,165,47*64
$GIGSV,1,1,02,09,16,273,39,10,51,165,47*64
$GIGSV,1,1,02,09,16,273,39,10,51,165,47*64
$GIGSV,1,1,02,09,16,273,39,10,51,165,47*64
$GIGSV,1,1,02,09,16,273,39,10,51,165,47*64
$GIGSV,1,1,02,09,16,273,39,10,51,165,47*64
$GIGSV,1,1,02,09,16,273,39,10,51,165,47*64
$GIGSV,1,1,02,09,16,273,39,10,51,165,47*64
$GIGSV,1,1,02,09,16,273,40,10,51,165,47*6A
$GIGSV,1,1,02,09,16,273,40,10,51,165,47*6A
$GIGSV,1,1,02,09,16,273,40,10,51,165,47*6A
$GIGSV,1,1,02,09,16,273,40,10,51,165,47*6A
$GIGSV,1,1,02,09,16,273,40,10,51,165,47*6A
$GIGSV,1,1,02,09,16,273,40,10,51,165,47*6A
$GIGSV,1,1,02,09,16,273,40,10,51,165,47*6A
$GIGSV,1,1,02,09,16,273,40,10,51,165,47*6A
$GIGSV,1,1,02,09,16,273,40,10,51,165,47*6A
$GIGSV,1,1,02,09,16,273,40,10,51,165,47*6A
$GIGSV,1,1,02,09,16,273,40,10,51,165,47*6A
$GIGSV,1,1,02,09,16,273,40,10,51,165,47*6A
$GIGSV,1,1,02,09,16,273,39,10,51,165,47*64
$GIGSV,1,1,02,09,16,273,39,10,51,165,47*64
$GIGSV,1,1,02,09,16,273,39,10,51,165,47*64
$GIGSV,1,1,02,09,16,273,39,10,51,165,47*64
$GIGSV,1,1,02,09,16,273,39,10,51,165,47*64
$GIGSV,1,1,02,09,16,273,39,10,51,165,47*64
$GIGSV,1,1,02,09,16,273,39,10,51,165,47*64
$GIGSV,1,1,02,09,16,273,39,10,51,165,47*64
$GIGSV,1,1,02,09,16,273,39,10,51,165,47*64
$GIGSV,1,1,02,09,16,273,39,10,51,165,47*64
$GIGSV,1,1,02,09,16,273,39,10,51,165,47*64
$GIGSV,1,1,02,09,16,273,39,10,51,165,47*64
$GIGSV,1,1,02,09,16,273,39,10,51,165,47*64
$GIGSV,1,1,02,09,16,273,39,10,51,165,47*64
$GIGSV,1,1,02,09,16,273,39,10,51,165,47*64
$GIGSV,1,1,02,09,16,273,39,10,51,165,47*64
$GIGSV,1,1,02,09,16,273,39,10,51,165,47*64
$GIGSV,1,1,02,09,16,273,39,10,51,165,47*64
$GIGSV,1,1,02,09,16,273,39,10,51,165,47*64
$GIGSV,1,1,02,09,16,273,39,10,51,165,47*64
$GIGSV,1,1,02,09,16,273,39,10,51,165,47*64
$GIGSV,1,1,02,09,16,273,39,10,51,165,47*64
$GIGSV,1,1,02,09,16,273,39,10,51,165,47*64
$GIGSV,1,1,02,09,16,273,39,10,51,165,47*64
$GIGSV,1,1,02,09,16,273,39,10,51,165,47*64
$GIGSV,1,1,02,09,16,273,39,10,51,165,47*64
$GIGSV,1,1,02,09,16,273,39,10,51,165,47*64
$GIGSV,1,1,02,09,16,273,39,10,51,165,46*65
$GIGSV,1,1,02,09,16,273,39,10,51,165,46*65
$GIGSV,1,1,02,09,16,273,39,10,51,165,46*65
$GIGSV,1,1,02,09,16,273,39,10,51,165,46*65
$GIGSV,1,1,02,09,16,273,39,10,51,165,46*65
$GIGSV,1,1,02,09,16,273,39,10,51,165,46*65
$GIGSV,1,1,02,09,16,273,39,10,51,165,46*65
$GIGSV,1,1,02,09,16,273,40,10,51,165,46*6B
$GIGSV,1,1,02,09,16,273,40,10,51,165,46*6B
$GIGSV,1,1,02,09,16,273,40,10,51,165,46*6B
$GIGSV,1,1,02,09,16,273,40,10,51,165,46*6B
$GIGSV,1,1,02,09,16,273,40,10,51,165,46*6B
$GIGSV,1,1,02,09,16,273,40,10,51,165,46*6B
$GIGSV,1,1,02,09,16,273,40,10,51,165,46*6B
$GIGSV,1,1,02,09,16,273,40,10,51,165,46*6B
$GIGSV,1,1,02,09,16,273,40,10,51,165,46*6B
$GIGSV,1,1,02,09,16,273,40,10,51,165,46*6B
$GIGSV,1,1,02,09,16,273,40,10,51,165,46*6B
$GIGSV,1,1,02,09,16,273,40,10,51,165,46*6B
$GIGSV,1,1,02,09,16,273,40,10,51,165,46*6B
$GIGSV,1,1,02,09,16,273,40,10,51,165,46*6B
$GIGSV,1,1,02,09,16,273,40,10,51,165,46*6B
$GIGSV,1,1,02,09,16,273,40,10,51,165,45*68
$GIGSV,1,1,02,09,16,273,40,10,51,165,45*68
$GIGSV,1,1,02,09,16,273,40,10,51,165,45*68
$GIGSV,1,1,02,09,16,273,40,10,51,165,45*68
$GIGSV,1,1,02,09,16,273,40,10,51,165,45*68
$GIGSV,1,1,02,09,16,273,40,10,51,165,45*68
$GIGSV,1,1,02,09,16,273,40,10,51,165,45*68
$GIGSV,1,1,02,09,16,273,40,10,51,165,45*68
$GIGSV,1,1,02,09,16,273,40,10,51,165,45*68
$GIGSV,1,1,02,09,16,273,40,10,51,165,45*68
$GIGSV,1,1,02,09,16,273,40,10,51,165,45*68
$GIGSV,1,1,02,09,16,273,40,10,51,165,45*68
$GIGSV,1,1,02,09,16,273,40,10,51,165,45*68
$GIGSV,1,1,02,09,16,273,40,10,51,165,45*68
$GIGSV,1,1,02,09,16,273,40,10,51,165,45*68
$GIGSV,1,1,02,09,16,273,40,10,51,165,46*6B
$GIGSV,1,1,02,09,16,273,40,10,51,165,46*6B
$GIGSV,1,1,02,09,16,273,40,10,51,165,46*6B
$GIGSV,1,1,02,09,16,273,40,10,51,165,46*6B
$GIGSV,1,1,02,09,16,273,40,10,51,165,46*6B
$GIGSV,1,1,02,09,16,273,40,10,51,165,46*6B
$GIGSV,1,1,02,09,16,273,40,10,51,165,46*6B
$GIGSV,1,1,02,09,16,273,40,10,51,165,46*6B
$GIGSV,1,1,02,09,16,273,40,10,51,165,46*6B
$GIGSV,1,1,02,09,16,273,40,10,51,165,46*6B
$GIGSV,1,1,02,09,16,273,39,10,51,165,46*65
$GIGSV,1,1,02,09,16,273,39,10,51,165,46*65
$GIGSV,1,1,02,09,16,273,39,10,51,165,46*65
$GIGSV,1,1,02,09,16,273,39,10,51,165,46*65
$GIGSV,1,1,02,09,16,273,39,10,51,165,46*65
$GIGSV,1,1,02,09,16,273,39,10,51,165,46*65
$GIGSV,1,1,02,09,16,273,39,10,51,165,46*65
$GIGSV,1,1,02,09,16,273,39,10,51,165,46*65
$GIGSV,1,1,02,09,16,273,39,10,51,165,46*65
$GIGSV,1,1,02,09,16,273,39,10,51,165,46*65
$GIGSV,1,1,02,09,16,273,39,10,51,165,46*65
$GIGSV,1,1,02,09,16,273,39,10,51,165,46*65
$GIGSV,1,1,02,09,16,273,39,10,51,165,46*65
$GIGSV,1,1,02,09,16,273,39,10,51,165,46*65
$GIGSV,1,1,02,09,16,273,39,10,51,165,46*65
$GIGSV,1,1,02,09,16,273,39,10,51,165,46*65
$GIGSV,1,1,02,09,16,273,39,10,51,165,46*65
$GIGSV,1,1,02,09,16,273,39,10,51,165,46*65
$GIGSV,1,1,02,09,16,273,39,10,51,165,46*65
$GIGSV,1,1,02,09,16,273,38,10,51,165,46*64
$GIGSV,1,1,02,09,16,273,38,10,51,165,46*64
$GIGSV,1,1,02,09,16,273,38,10,51,165,46*64
$GIGSV,1,1,02,09,16,273,38,10,51,165,46*64
$GIGSV,1,1,02,09,16,273,38,10,51,165,46*64
$GIGSV,1,1,02,09,16,273,38,10,51,165,46*64
$GIGSV,1,1,02,09,16,273,38,10,51,165,46*64
$GIGSV,1,1,02,09,16,273,38,10,51,165,46*64
$GIGSV,1,1,02,09,16,273,38,10,51,165,46*64
$GIGSV,1,1,02,09,16,273,38,10,51,165,46*64
$GIGSV,1,1,02,09,16,273,38,10,51,165,46*64
$GIGSV,1,1,02,09,16,273,38,10,51,165,46*64
$GIGSV,1,1,02,09,16,273,38,10,51,165,46*64
$GIGSV,1,1,02,09,16,273,38,10,51,165,46*64
$GIGSV,1,1,02,09,16,273,38,10,51,165,46*64
$GIGSV,1,1,02,09,16,273,38,10,51,165,46*64
$GIGSV,1,1,02,09,16,273,38,10,51,165,46*64
$GIGSV,1,1,02,09,16,273,38,10,51,165,46*64
$GIGSV,1,1,02,09,16,273,38,10,51,165,46*64
$GIGSV,1,1,02,09,16,273,38,10,51,165,46*64
$GIGSV,1,1,02,09,16,273,38,10,51,165,46*64
$GIGSV,1,1,02,09,16,273,37,10,51,165,46*6B
$GIGSV,1,1,02,09,16,273,37,10,51,165,46*6B
$GIGSV,1,1,02,09,16,273,37,10,51,165,46*6B
$GIGSV,1,1,02,09,16,273,37,10,51,165,46*6B
$GIGSV,1,1,02,09,16,273,37,10,51,165,46*6B
$GIGSV,1,1,02,09,16,273,37,10,51,165,46*6B
$GIGSV,1,1,02,09,16,273,37,10,51,165,46*6B
$GIGSV,1,1,02,09,16,273,37,10,51,165,46*6B
$GIGSV,1,1,02,09,16,273,38,10,51,165,46*64
$GIGSV,1,1,02,09,16,273,38,10,51,165,46*64
$GIGSV,1,1,02,09,16,273,38,10,51,165,46*64
$GIGSV,1,1,02,09,16,273,38,10,51,165,46*64
$GIGSV,1,1,02,09,16,273,38,10,51,165,46*64
$GIGSV,1,1,02,09,16,273,38,10,51,165,46*64
$GIGSV,1,1,02,09,16,273,37,10,51,165,46*6B
$GIGSV,1,1,02,09,16,273,37,10,51,165,46*6B
$GIGSV,1,1,02,09,16,273,37,10,51,165,46*6B
$GIGSV,1,1,02,09,16,273,37,10,51,165,46*6B
$GIGSV,1,1,02,09,16,273,37,10,51,165,46*6B
$GIGSV,1,1,02,09,16,273,37,10,51,165,46*6B
$GIGSV,1,1,02,09,16,273,37,10,51,165,46*6B
$GIGSV,1,1,02,09,16,273,37,10,51,165,46*6B
$GIGSV,1,1,02,09,16,273,37,10,51,165,46*6B
$GIGSV,1,1,02,09,16,273,37,10,51,165,46*6B
$GIGSV,1,1,02,09,16,273,37,10,51,165,46*6B
$GIGSV,1,1,02,09,16,273,37,10,51,165,46*6B
$GIGSV,1,1,02,09,16,273,37,10,51,165,46*6B
$GIGSV,1,1,02,09,16,273,37,10,51,165,46*6B
$GIGSV,1,1,02,09,16,273,37,10,51,165,46*6B
$GIGSV,1,1,02,09,16,273,37,10,51,165,46*6B
$GIGSV,1,1,02,09,16,273,37,10,51,165,46*6B
$GIGSV,1,1,02,09,16,273,37,10,51,165,46*6B
$GIGSV,1,1,02,09,16,273,37,10,51,165,46*6B
$GIGSV,1,1,02,09,16,273,37,10,51,165,46*6B
$GIGSV,1,1,02,09,16,273,37,10,51,165,46*6B
$GIGSV,1,1,02,09,16,273,37,10,51,165,46*6B
$GIGSV,1,1,02,09,16,273,37,10,51,165,46*6B
$GIGSV,1,1,02,09,16,273,37,10,51,165,46*6B
$GIGSV,1,1,02,09,16,273,37,10,51,165,46*6B
$GIGSV,1,1,02,09,16,273,37,10,51,165,46*6B
$GIGSV,1,1,02,09,16,273,37,10,51,165,46*6B
$GIGSV,1,1,02,09,16,273,37,10,51,165,46*6B
$GIGSV,1,1,02,09,16,273,37,10,51,165,46*6B
$GIGSV,1,1,02,09,16,273,37,10,51,165,46*6B
$GIGSV,1,1,02,09,16,273,37,10,51,165,46*6B
$GIGSV,1,1,02,09,16,273,37,10,51,165,46*6B
$GIGSV,1,1,02,09,16,273,37,10,51,165,46*6B
$GIGSV,1,1,02,09,16,273,37,10,51,165,46*6B
$GIGSV,1,1,02,09,16,273,37,10,51,165,46*6B
$GIGSV,1,1,02,09,16,273,37,10,51,165,46*6B
$GIGSV,1,1,02,09,16,273,36,10,51,165,46*6A
$GIGSV,1,1,02,09,16,273,36,10,51,165,46*6A
$GIGSV,1,1,02,09,16,273,36,10,51,165,46*6A
$GIGSV,1,1,02,09,16,273,36,10,51,165,46*6A
$GIGSV,1,1,02,09,16,273,36,10,51,165,46*6A
$GIGSV,1,1,02,09,16,273,36,10,51,165,46*6A
$GIGSV,1,1,02,09,16,273,36,10,51,165,46*6A
$GIGSV,1,1,02,09,16,273,36,10,51,165,46*6A
$GIGSV,1,1,02,09,16,273,36,10,51,165,46*6A
$GIGSV,1,1,02,09,16,273,36,10,51,165,46*6A
$GIGSV,1,1,02,09,16,273,36,10,51,165,46*6A
$GIGSV,1,1,02,09,16,273,36,10,51,165,46*6A
$GIGSV,1,1,02,09,16,273,36,10,51,165,46*6A
$GIGSV,1,1,02,09,16,273,36,10,51,165,45*69
$GIGSV,1,1,02,09,16,273,36,10,51,165,45*69
$GIGSV,1,1,02,09,16,273,36,10,51,165,45*69
$GIGSV,1,1,02,09,16,273,36,10,51,165,45*69
$GIGSV,1,1,02,09,16,273,36,10,51,165,45*69
$GIGSV,1,1,02,09,16,273,36,10,51,165,45*69
$GIGSV,1,1,02,09,16,273,36,10,51,165,45*69
$GIGSV,1,1,02,09,16,273,36,10,51,165,45*69
$GIGSV,1,1,02,09,16,273,36,10,51,165,45*69
$GIGSV,1,1,02,09,16,273,36,10,51,165,45*69
$GIGSV,1,1,02,09,16,273,36,10,51,165,45*69
$GIGSV,1,1,02,09,16,273,36,10,51,165,45*69
$GIGSV,1,1,02,09,16,273,36,10,51,165,45*69
$GIGSV,1,1,02,09,16,273,36,10,51,165,45*69
$GIGSV,1,1,02,09,16,273,36,10,51,165,45*69
$GIGSV,1,1,02,09,16,273,36,10,51,165,45*69
$GIGSV,1,1,02,09,16,273,36,10,51,165,45*69
$GIGSV,1,1,02,09,16,273,36,10,51,165,45*69
$GIGSV,1,1,02,09,16,273,36,10,51,165,45*69
$GIGSV,1,1,02,09,16,273,36,10,51,165,45*69
$GIGSV,1,1,02,09,16,273,36,10,51,165,45*69
$GIGSV,1,1,02,09,16,273,36,10,51,165,45*69
$GIGSV,1,1,02,09,16,273,36,10,51,165,45*69
$GIGSV,1,1,02,09,16,273,36,10,51,165,45*69
$GIGSV,1,1,02,09,16,273,36,10,51,165,45*69
$GIGSV,1,1,02,09,16,273,36,10,51,165,45*69
$GIGSV,1,1,02,09,16,273,36,10,51,165,45*69
$GIGSV,1,1,02,09,16,273,36,10,51,165,45*69
$GIGSV,1,1,02,09,16,273,36,10,51,165,45*69
$GIGSV,1,1,02,09,16,273,36,10,51,165,45*69
$GIGSV,1,1,02,09,16,273,36,10,51,165,45*69
$GIGSV,1,1,02,09,16,273,36,10,51,165,45*69
$GIGSV,1,1,02,09,16,273,36,10,51,165,45*69
$GIGSV,1,1,02,09,16,273,36,10,51,165,45*69
$GIGSV,1,1,02,09,16,273,36,10,51,165,45*69
$GIGSV,1,1,02,09,16,273,36,10,51,165,46*6A
$GIGSV,1,1,02,09,16,273,36,10,51,165,46*6A
$GIGSV,1,1,02,09,16,273,36,10,51,165,46*6A
$GIGSV,1,1,02,09,16,273,36,10,51,165,46*6A
$GIGSV,1,1,02,09,16,273,36,10,51,165,46*6A
$GIGSV,1,1,02,09,16,273,36,10,51,165,46*6A
$GIGSV,1,1,02,09,16,273,36,10,51,165,46*6A
$GIGSV,1,1,02,09,16,273,36,10,51,165,46*6A
$GIGSV,1,1,02,09,16,273,36,10,51,165,45*69
$GIGSV,1,1,02,09,16,273,36,10,51,165,45*69
$GIGSV,1,1,02,09,16,273,36,10,51,165,45*69
$GIGSV,1,1,02,09,16,273,36,10,51,165,45*69
$GIGSV,1,1,02,09,16,273,36,10,51,165,46*6A
$GIGSV,1,1,02,09,16,273,36,10,51,165,46*6A
$GIGSV,1,1,02,09,16,273,36,10,51,165,46*6A
$GIGSV,1,1,02,09,16,273,36,10,51,165,46*6A
$GIGSV,1,1,02,09,16,273,36,10,51,165,46*6A
$GIGSV,1,1,02,09,16,273,36,10,51,165,46*6A
$GIGSV,1,1,02,09,16,273,36,10,51,165,46*6A
$GIGSV,1,1,02,09,16,273,36,10,51,165,46*6A
$GIGSV,1,1,02,09,16,273,36,10,51,165,46*6A
$GIGSV,1,1,02,09,16,273,36,10,51,165,46*6A
$GIGSV,1,1,02,09,16,273,36,10,51,165,46*6A
$GIGSV,1,1,02,09,16,273,36,10,51,165,46*6A
$GIGSV,1,1,02,09,16,273,36,10,51,165,46*6A
$GIGSV,1,1,02,09,16,273,36,10,51,165,46*6A
$GIGSV,1,1,02,09,16,273,36,10,51,165,46*6A
$GIGSV,1,1,02,09,16,273,36,10,51,165,46*6A
$GIGSV,1,1,02,09,16,273,36,10,51,165,46*6A
$GIGSV,1,1,02,09,16,273,36,10,51,165,46*6A
$GIGSV,1,1,02,09,16,273,36,10,51,165,46*6A
$GIGSV,1,1,02,09,16,273,36,10,51,165,46*6A
$GIGSV,1,1,02,09,16,273,36,10,51,165,46*6A
$GIGSV,1,1,02,09,16,273,36,10,51,165,46*6A
$GIGSV,1,1,02,09,16,273,36,10,51,165,46*6A
$GIGSV,1,1,02,09,16,273,36,10,51,165,46*6A
$GIGSV,1,1,02,09,16,273,36,10,51,165,46*6A
$GIGSV,1,1,02,09,16,273,36,10,51,165,46*6A
$GIGSV,1,1,02,09,16,273,36,10,51,165,46*6A
$GIGSV,1,1,02,09,16,273,36,10,51,165,46*6A
$GIGSV,1,1,02,09,16,273,36,10,51,165,46*6A
$GIGSV,1,1,02,09,16,273,36,10,51,165,46*6A
$GIGSV,1,1,02,09,16,273,36,10,51,165,46*6A
$GIGSV,1,1,02,09,16,273,37,10,51,165,46*6B
$GIGSV,1,1,02,09,16,273,37,10,51,165,46*6B
$GIGSV,1,1,02,09,16,273,37,10,51,165,46*6B
$GIGSV,1,1,02,09,16,273,37,10,51,165,46*6B
$GIGSV,1,1,02,09,16,273,37,10,51,165,46*6B
$GIGSV,1,1,02,09,16,273,37,10,51,165,46*6B
$GIGSV,1,1,02,09,16,273,38,10,51,165,46*64
$GIGSV,1,1,02,09,16,273,38,10,51,165,46*64
$GIGSV,1,1,02,09,16,273,38,10,51,165,46*64
$GIGSV,1,1,02,09,16,273,38,10,51,165,46*64
$GIGSV,1,1,02,09,16,273,38,10,51,165,46*64
$GIGSV,1,1,02,09,16,273,38,10,51,165,46*64
$GIGSV,1,1,02,09,16,273,38,10,51,165,46*64
$GIGSV,1,1,02,09,16,273,39,10,51,165,46*65
$GIGSV,1,1,02,09,16,273,39,10,51,165,46*65
$GIGSV,1,1,02,09,16,273,39,10,51,165,46*65
$GIGSV,1,1,02,09,16,273,39,10,51,165,46*65
$GIGSV,1,1,02,09,16,273,39,10,51,165,46*65
$GIGSV,1,1,02,09,16,273,39,10,51,165,45*66
$GIGSV,1,1,02,09,16,273,39,10,51,165,45*66
$GIGSV,1,1,02,09,16,273,39,10,51,165,45*66
$GIGSV,1,1,02,09,16,273,39,10,51,165,45*66
$GIGSV,1,1,02,09,16,273,39,10,51,165,45*66
$GIGSV,1,1,02,09,16,273,39,10,51,165,45*66
$GIGSV,1,1,02,09,16,273,39,10,51,165,45*66
$GIGSV,1,1,02,09,16,273,39,10,51,165,45*66
$GIGSV,1,1,02,09,16,273,39,10,51,165,45*66
$GIGSV,1,1,02,09,16,273,39,10,51,165,45*66
$GIGSV,1,1,02,09,16,273,39,10,51,165,45*66
$GIGSV,1,1,02,09,16,273,40,10,51,165,45*68
$GIGSV,1,1,02,09,16,273,40,10,51,165,45*68
$GIGSV,1,1,02,09,16,273,40,10,51,165,45*68
$GIGSV,1,1,02,09,16,273,40,10,51,165,45*68
$GIGSV,1,1,02,09,16,273,40,10,51,165,45*68
$GIGSV,1,1,02,09,16,273,40,10,51,165,44*69
$GIGSV,1,1,02,09,16,273,40,10,51,165,44*69
$GIGSV,1,1,02,09,16,273,40,10,51,165,44*69
$GIGSV,1,1,02,09,16,273,40,10,51,165,44*69
$GIGSV,1,1,02,09,16,273,40,10,51,165,44*69
$GIGSV,1,1,02,09,16,273,40,10,51,165,44*69
$GIGSV,1,1,02,09,16,273,40,10,51,165,44*69
$GIGSV,1,1,02,09,16,273,40,10,51,165,44*69
$GIGSV,1,1,02,09,16,273,40,10,51,165,44*69
$GIGSV,1,1,02,09,16,273,40,10,51,165,44*69
$GIGSV,1,1,02,09,16,273,40,10,51,165,44*69
$GIGSV,1,1,02,09,16,273,40,10,51,165,44*69
$GIGSV,1,1,02,09,16,273,40,10,51,165,44*69
$GIGSV,1,1,02,09,16,273,40,10,51,165,44*69
$GIGSV,1,1,02,09,16,273,40,10,51,165,44*69
$GIGSV,1,1,02,09,16,273,40,10,51,165,44*69
$GIGSV,1,1,02,09,16,273,40,10,51,165,44*69
$GIGSV,1,1,02,09,16,273,40,10,51,165,44*69
$GIGSV,1,1,02,09,16,273,40,10,51,165,44*69
$GIGSV,1,1,02,09,16,273,40,10,51,165,44*69
$GIGSV,1,1,02,09,16,273,40,10,51,165,44*69
$GIGSV,1,1,02,09,16,273,40,10,51,165,44*69
$GIGSV,1,1,02,09,16,273,40,10,51,165,44*69
$GIGSV,1,1,02,09,16,273,41,10,51,165,44*68
$GIGSV,1,1,02,09,16,273,41,10,51,165,44*68
$GIGSV,1,1,02,09,16,273,40,10,51,165,44*69
$GIGSV,1,1,02,09,16,273,40,10,51,165,44*69
$GIGSV,1,1,02,09,16,273,40,10,51,165,44*69
$GIGSV,1,1,02,09,16,273,40,10,51,165,44*69
$GIGSV,1,1,02,09,16,273,40,10,51,165,43*6E
$GIGSV,1,1,02,09,16,273,40,10,51,165,43*6E
$GIGSV,1,1,02,09,16,273,40,10,51,165,43*6E
$GIGSV,1,1,02,09,16,273,40,10,51,165,43*6E
$GIGSV,1,1,02,09,16,273,40,10,51,165,43*6E
$GIGSV,1,1,02,09,16,273,40,10,51,165,43*6E
$GIGSV,1,1,02,09,16,273,40,10,51,165,43*6E
$GIGSV,1,1,02,09,16,273,40,10,51,165,43*6E
$GIGSV,1,1,02,09,16,273,40,10,51,165,43*6E
$GIGSV,1,1,02,09,16,273,40,10,51,165,43*6E
$GIGSV,1,1,02,09,16,273,40,10,51,165,44*69
$GIGSV,1,1,02,09,16,273,40,10,51,165,44*69
$GIGSV,1,1,02,09,16,273,40,10,51,165,44*69
$GIGSV,1,1,02,09,16,273,40,10,51,165,44*69
$GIGSV,1,1,02,09,16,273,40,10,51,165,44*69
$GIGSV,1,1,02,09,16,273,40,10,51,165,44*69
$GIGSV,1,1,02,09,16,273,40,10,51,165,44*69
$GIGSV,1,1,02,09,16,273,40,10,51,165,44*69
$GIGSV,1,1,02,09,16,273,40,10,51,165,44*69
$GIGSV,1,1,02,09,16,273,40,10,51,165,44*69
$GIGSV,1,1,02,09,16,273,40,10,51,165,44*69
$GIGSV,1,1,02,09,16,273,40,10,51,165,44*69
$GIGSV,1,1,02,09,16,273,40,10,51,165,44*69
$GIGSV,1,1,02,09,16,273,40,10,51,165,44*69
$GIGSV,1,1,02,09,16,273,40,10,51,165,44*69
$GIGSV,1,1,02,09,16,273,40,10,51,165,44*69
$GIGSV,1,1,02,09,16,273,40,10,51,165,45*68
$GIGSV,1,1,02,09,16,273,40,10,51,165,45*68
$GIGSV,1,1,02,09,16,273,40,10,51,165,45*68
$GIGSV,1,1,02,09,16,273,40,10,51,165,45*68
$GIGSV,1,1,02,09,16,273,39,10,51,165,45*66
$GIGSV,1,1,02,09,16,273,39,10,51,165,45*66
$GIGSV,1,1,02,09,16,273,39,10,51,165,45*66
$GIGSV,1,1,02,09,16,273,39,10,51,165,45*66
$GIGSV,1,1,02,09,16,273,39,10,51,165,45*66
$GIGSV,1,1,02,09,16,273,39,10,51,165,45*66
$GIGSV,1,1,02,09,16,273,39,10,51,165,45*66
$GIGSV,1,1,02,09,16,273,39,10,51,165,45*66
$GIGSV,1,1,02,09,16,273,39,10,51,165,45*66
$GIGSV,1,1,02,09,16,273,39,10,51,165,45*66
$GIGSV,1,1,02,09,16,273,39,10,51,165,45*66
$GIGSV,1,1,02,09,16,273,39,10,51,165,45*66
$GIGSV,1,1,02,09,16,273,39,10,51,165,45*66
$GIGSV,1,1,02,09,16,273,39,10,51,165,44*67
$GIGSV,1,1,02,09,16,273,39,10,51,165,44*67
$GIGSV,1,1,02,09,16,273,39,10,51,165,44*67
$GIGSV,1,1,02,09,16,273,39,10,51,165,45*66
$GIGSV,1,1,02,09,16,273,39,10,51,165,45*66
$GIGSV,1,1,02,09,16,273,39,10,51,165,44*67
$GIGSV,1,1,02,09,16,273,39,10,51,165,44*67
$GIGSV,1,1,02,09,16,273,39,10,51,165,44*67
$GIGSV,1,1,02,09,16,273,39,10,51,165,44*67
$GIGSV,1,1,02,09,16,273,39,10,51,165,44*67
$GIGSV,1,1,02,09,16,273,39,10,51,165,44*67
$GIGSV,1,1,02,09,16,273,39,10,51,165,45*66
$GIGSV,1,1,02,09,16,273,38,10,51,165,45*67
$GIGSV,1,1,02,09,16,273,38,10,51,165,45*67
$GIGSV,1,1,02,09,16,273,38,10,51,165,45*67
$GIGSV,1,1,02,09,16,273,38,10,51,165,45*67
$GIGSV,1,1,02,09,16,273,38,10,51,165,45*67
$GIGSV,1,1,02,09,16,273,38,10,51,165,45*67
$GIGSV,1,1,02,09,16,273,38,10,51,165,45*67
$GIGSV,1,1,02,09,16,273,38,10,51,165,45*67
$GIGSV,1,1,02,09,16,273,38,10,51,165,45*67
$GIGSV,1,1,02,09,16,273,38,10,51,165,45*67
$GIGSV,1,1,02,09,16,273,38,10,51,165,45*67
$GIGSV,1,1,02,09,16,273,39,10,51,165,45*66
$GIGSV,1,1,02,09,16,273,39,10,51,165,45*66
$GIGSV,1,1,02,09,16,273,39,10,51,165,45*66
$GIGSV,1,1,02,09,16,273,39,10,51,165,45*66
$GIGSV,1,1,02,09,16,273,38,10,51,165,45*67
$GIGSV,1,1,02,09,16,273,38,10,51,165,45*67
$GIGSV,1,1,02,09,16,273,38,10,51,165,45*67
$GIGSV,1,1,02,09,16,273,38,10,51,165,45*67
$GIGSV,1,1,02,09,16,273,38,10,51,165,45*67
$GIGSV,1,1,02,09,16,273,38,10,51,165,45*67
$GIGSV,1,1,02,09,16,273,38,10,51,165,45*67
$GIGSV,1,1,02,09,16,273,38,10,51,165,45*67
$GIGSV,1,1,02,09,16,273,38,10,51,165,45*67
$GIGSV,1,1,02,09,16,273,38,10,51,165,45*67
$GIGSV,1,1,02,09,16,273,38,10,51,165,45*67
$GIGSV,1,1,02,09,16,273,38,10,51,165,45*67
$GIGSV,1,1,02,09,16,273,38,10,51,165,45*67
$GIGSV,1,1,02,09,16,273,38,10,51,165,45*67
$GIGSV,1,1,02,09,16,273,38,10,51,165,45*67
$GIGSV,1,1,02,09,16,273,38,10,51,165,46*64
$GIGSV,1,1,02,09,16,273,38,10,51,165,46*64
$GIGSV,1,1,02,09,16,273,38,10,51,165,46*64
$GIGSV,1,1,02,09,16,273,38,10,51,165,46*64
$GIGSV,1,1,02,09,16,273,38,10,51,165,46*64
$GIGSV,1,1,02,09,16,273,38,10,51,165,46*64
$GIGSV,1,1,02,09,16,273,38,10,51,165,46*64
$GIGSV,1,1,02,09,16,273,38,10,51,165,46*64
$GIGSV,1,1,02,09,16,273,38,10,51,165,46*64
$GIGSV,1,1,02,09,16,273,38,10,51,165,46*64
$GIGSV,1,1,02,09,16,273,37,10,51,165,46*6B
$GIGSV,1,1,02,09,16,273,37,10,51,165,46*6B
$GIGSV,1,1,02,09,16,273,37,10,51,165,46*6B
$GIGSV,1,1,02,09,16,273,37,10,51,165,46*6B
$GIGSV,1,1,02,09,16,273,37,10,51,165,46*6B
$GIGSV,1,1,02,09,16,273,37,10,51,165,46*6B
$GIGSV,1,1,02,09,16,273,37,10,51,165,46*6B
$GIGSV,1,1,02,09,16,273,37,10,51,165,46*6B
$GIGSV,1,1,02,09,16,273,37,10,51,165,46*6B
$GIGSV,1,1,02,09,16,273,37,10,51,165,46*6B
$GIGSV,1,1,02,09,16,273,37,10,51,165,46*6B
$GIGSV,1,1,02,09,16,273,37,10,51,165,46*6B
$GIGSV,1,1,02,09,16,273,37,10,51,165,46*6B
$GIGSV,1,1,02,09,16,273,37,10,51,165,46*6B
$GIGSV,1,1,02,09,16,273,37,10,51,165,46*6B
$GIGSV,1,1,02,09,16,273,37,10,51,165,46*6B
$GIGSV,1,1,02,09,16,273,37,10,51,165,46*6B
$GIGSV,1,1,02,09,16,273,37,10,51,165,46*6B
$GIGSV,1,1,02,09,16,273,38,10,51,165,46*64
$GIGSV,1,1,02,09,16,273,38,10,51,165,46*64
$GIGSV,1,1,02,09,16,273,38,10,51,165,46*64
$GIGSV,1,1,02,09,16,273,38,10,51,165,46*64
$GIGSV,1,1,02,09,16,273,38,10,51,165,46*64
$GIGSV,1,1,02,09,16,273,38,10,51,165,46*64
$GIGSV,1,1,02,09,16,273,38,10,51,165,46*64
$GIGSV,1,1,02,09,16,273,38,10,51,165,46*64
$GIGSV,1,1,02,09,16,273,38,10,51,165,46*64
$GIGSV,1,1,02,09,16,273,38,10,51,165,46*64
$GIGSV,1,1,02,09,16,273,38,10,51,165,46*64
$GIGSV,1,1,02,09,16,273,38,10,51,165,46*64
$GIGSV,1,1,02,09,16,273,38,10,51,165,46*64
$GIGSV,1,1,02,09,16,273,38,10,51,165,46*64
$GIGSV,1,1,02,09,16,273,38,10,51,165,46*64
$GIGSV,1,1,02,09,16,273,38,10,51,165,46*64
$GIGSV,1,1,02,09,16,273,38,10,51,165,46*64
$GIGSV,1,1,02,09,16,273,38,10,51,165,46*64
$GIGSV,1,1,02,09,16,273,38,10,51,165,46*64
$GIGSV,1,1,02,09,16,273,38,10,51,165,46*64
$GIGSV,1,1,02,09,16,273,38,10,51,165,46*64
$GIGSV,1,1,02,09,16,273,37,10,51,165,46*6B
$GIGSV,1,1,02,09,16,273,38,10,51,165,46*64
$GIGSV,1,1,02,09,16,273,38,10,51,165,46*64
$GIGSV,1,1,02,09,16,273,38,10,51,165,46*64
$GIGSV,1,1,02,09,16,273,37,10,51,165,46*6B
$GIGSV,1,1,02,09,16,273,37,10,51,165,46*6B
$GIGSV,1,1,02,09,16,273,37,10,51,165,46*6B
$GIGSV,1,1,02,09,16,273,37,10,51,165,46*6B
$GIGSV,1,1,02,09,16,273,37,10,51,165,46*6B
$GIGSV,1,1,02,09,16,273,37,10,51,165,46*6B
$GIGSV,1,1,02,09,16,273,37,10,51,165,46*6B
$GIGSV,1,1,02,09,16,273,37,10,51,165,46*6B
$GIGSV,1,1,02,09,16,273,37,10,51,165,46*6B
$GIGSV,1,1,02,09,16,273,37,10,51,165,46*6B
$GIGSV,1,1,02,09,16,273,38,10,51,165,46*64
$GIGSV,1,1,02,09,16,273,38,10,51,165,46*64
$GIGSV,1,1,02,09,16,273,38,10,51,165,46*64
$GIGSV,1,1,02,09,16,273,38,10,51,165,46*64
$GIGSV,1,1,02,09,16,273,38,10,51,165,46*64
$GIGSV,1,1,02,09,16,273,37,10,51,165,46*6B
$GIGSV,1,1,02,09,16,273,37,10,51,165,46*6B
$GIGSV,1,1,02,09,16,273,37,10,51,165,46*6B
$GIGSV,1,1,02,09,16,273,37,10,51,165,46*6B
$GIGSV,1,1,02,09,16,273,37,10,51,165,46*6B
$GIGSV,1,1,02,09,16,273,37,10,51,165,46*6B
$GIGSV,1,1,02,09,16,273,37,10,51,165,46*6B
$GIGSV,1,1,02,09,16,273,37,10,51,165,46*6B
$GIGSV,1,1,02,09,16,273,37,10,51,165,46*6B
$GIGSV,1,1,02,09,16,273,37,10,51,165,46*6B
$GIGSV,1,1,02,09,16,273,37,10,51,165,46*6B
$GIGSV,1,1,02,09,16,273,37,10,51,165,46*6B
$GIGSV,1,1,02,09,16,273,37,10,51,165,46*6B
$GIGSV,1,1,02,09,16,273,37,10,51,165,46*6B
$GIGSV,1,1,02,09,16,273,37,10,51,165,46*6B
$GIGSV,1,1,02,09,16,273,37,10,51,165,46*6B
$GIGSV,1,1,02,09,16,273,37,10,51,165,46*6B
$GIGSV,1,1,02,09,16,273,37,10,51,165,46*6B
$GIGSV,1,1,02,09,16,273,37,10,51,165,46*6B
$GIGSV,1,1,02,09,16,273,37,10,51,165,46*6B
$GIGSV,1,1,02,09,16,273,37,10,51,165,46*6B
$GIGSV,1,1,02,09,16,273,37,10,51,165,46*6B
$GIGSV,1,1,02,09,16,273,37,10,51,165,46*6B
$GIGSV,1,1,02,09,16,273,37,10,51,165,46*6B
$GIGSV,1,1,02,09,16,273,37,10,51,165,46*6B
$GIGSV,1,1,02,09,16,273,37,10,51,165,46*6B
$GIGSV,1,1,02,09,16,273,37,10,51,165,46*6B
$GIGSV,1,1,02,09,16,273,37,10,51,165,46*6B
$GIGSV,1,1,02,09,16,273,37,10,51,165,46*6B
$GIGSV,1,1,02,09,16,273,37,10,51,165,46*6B
$GIGSV,1,1,02,09,16,273,36,10,51,165,46*6A
$GIGSV,1,1,02,09,16,273,36,10,51,165,46*6A
$GIGSV,1,1,02,09,16,273,36,10,51,165,46*6A
$GIGSV,1,1,02,09,16,273,36,10,51,165,46*6A
$GIGSV,1,1,02,09,16,273,36,10,51,165,46*6A
$GIGSV,1,1,02,09,16,273,36,10,51,165,46*6A
$GIGSV,1,1,02,09,16,273,36,10,51,165,46*6A
$GIGSV,1,1,02,09,16,273,36,10,51,165,46*6A
$GIGSV,1,1,02,09,16,273,36,10,51,165,46*6A
$GIGSV,1,1,02,09,16,273,36,10,51,165,46*6A
$GIGSV,1,1,02,09,16,273,36,10,51,165,46*6A
$GIGSV,1,1,02,09,16,273,36,10,51,165,46*6A
$GIGSV,1,1,02,09,16,273,36,10,51,165,46*6A
$GIGSV,1,1,02,09,16,273,36,10,51,165,46*6A
$GIGSV,1,1,02,09,16,273,36,10,51,165,46*6A
$GIGSV,1,1,02,09,16,273,36,10,51,165,46*6A
$GIGSV,1,1,02,09,16,273,36,10,51,165,46*6A
$GIGSV,1,1,02,09,16,273,36,10,51,165,46*6A
$GIGSV,1,1,02,09,16,273,36,10,51,165,46*6A
$GIGSV,1,1,02,09,16,273,36,10,51,165,46*6A
$GIGSV,1,1,02,09,16,273,36,10,51,165,46*6A
$GIGSV,1,1,02,09,16,273,36,10,51,165,46*6A
$GIGSV,1,1,02,09,16,273,36,10,51,165,46*6A
$GIGSV,1,1,02,09,16,273,36,10,51,165,46*6A
$GIGSV,1,1,02,09,16,273,36,10,51,165,46*6A
$GIGSV,1,1,02,09,16,273,36,10,51,165,46*6A
$GIGSV,1,1,02,09,16,273,36,10,51,165,46*6A
$GIGSV,1,1,02,09,16,273,36,10,51,165,46*6A
$GIGSV,1,1,02,09,16,273,36,10,51,165,46*6A
$GIGSV,1,1,02,09,16,273,35,10,51,165,46*69
$GIGSV,1,1,02,09,16,273,35,10,51,165,46*69
$GIGSV,1,1,02,09,16,273,35,10,51,165,46*69
$GIGSV,1,1,02,09,16,273,35,10,51,165,46*69
$GIGSV,1,1,02,09,16,273,35,10,51,165,46*69
$GIGSV,1,1,02,09,16,273,35,10,51,165,46*69
$GIGSV,1,1,02,09,16,273,35,10,51,165,46*69
$GIGSV,1,1,02,09,16,273,35,10,51,165,46*69
$GIGSV,1,1,02,09,16,273,35,10,51,165,46*69
$GIGSV,1,1,02,09,16,273,35,10,51,165,46*69
$GIGSV,1,1,02,09,16,273,35,10,51,165,46*69
$GIGSV,1,1,02,09,16,273,35,10,51,165,46*69
$GIGSV,1,1,02,09,16,273,35,10,51,165,46*69
$GIGSV,1,1,02,09,16,273,35,10,51,165,46*69
$GIGSV,1,1,02,09,16,273,35,10,51,165,46*69
$GIGSV,1,1,02,09,16,273,35,10,51,165,46*69
$GIGSV,1,1,02,09,16,273,35,10,51,165,46*69
$GIGSV,1,1,02,09,16,273,35,10,51,165,46*69
$GIGSV,1,1,02,09,16,273,35,10,51,165,46*69
$GIGSV,1,1,02,09,16,273,35,10,51,165,46*69
$GIGSV,1,1,02,09,16,273,35,10,51,165,46*69
$GIGSV,1,1,02,09,16,273,35,10,51,165,46*69
$GIGSV,1,1,02,09,16,273,36,10,51,165,46*6A
$GIGSV,1,1,02,09,16,273,36,10,51,165,46*6A
$GIGSV,1,1,02,09,16,273,36,10,51,165,46*6A
$GIGSV,1,1,02,09,16,273,36,10,51,165,46*6A
$GIGSV,1,1,02,09,16,273,36,10,51,165,46*6A
$GIGSV,1,1,02,09,16,273,36,10,51,165,46*6A
$GIGSV,1,1,02,09,16,273,36,10,51,165,46*6A
$GIGSV,1,1,02,09,16,273,36,10,51,165,46*6A
$GIGSV,1,1,02,09,16,273,36,10,51,165,46*6A
$GIGSV,1,1,02,09,16,273,36,10,51,165,46*6A
$GIGSV,1,1,02,09,16,273,36,10,51,165,46*6A
$GIGSV,1,1,02,09,16,273,36,10,51,165,46*6A
$GIGSV,1,1,02,09,16,273,36,10,51,165,46*6A
$GIGSV,1,1,02,09,16,273,36,10,51,165,46*6A
$GIGSV,1,1,02,09,16,273,36,10,51,165,46*6A
$GIGSV,1,1,02,09,16,273,36,10,51,165,46*6A
$GIGSV,1,1,02,09,16,273,36,10,51,165,46*6A
$GIGSV,1,1,02,09,16,273,36,10,51,165,46*6A
$GIGSV,1,1,02,09,16,273,36,10,51,165,46*6A
$GIGSV,1,1,02,09,16,273,36,10,51,165,47*6B
$GIGSV,1,1,02,09,16,273,36,10,51,165,46*6A
$GIGSV,1,1,02,09,16,273,36,10,51,165,46*6A
$GIGSV,1,1,02,09,16,273,36,10,51,165,46*6A
$GIGSV,1,1,02,09,16,273,37,10,51,165,46*6B
$GIGSV,1,1,02,09,16,273,37,10,51,165,46*6B
$GIGSV,1,1,02,09,16,273,37,10,51,165,46*6B
$GIGSV,1,1,02,09,16,273,37,10,51,165,46*6B
$GIGSV,1,1,02,09,16,273,37,10,51,165,46*6B
$GIGSV,1,1,02,09,16,273,37,10,51,165,46*6B
$GIGSV,1,1,02,09,16,273,37,10,51,165,46*6B
$GIGSV,1,1,02,09,16,273,37,10,51,165,46*6B
$GIGSV,1,1,02,09,16,273,37,10,51,165,46*6B
$GIGSV,1,1,02,09,16,273,37,10,51,165,46*6B
$GIGSV,1,1,02,09,16,273,37,10,51,165,46*6B
$GIGSV,1,1,02,09,16,273,38,10,51,165,46*64
$GIGSV,1,1,02,09,16,273,38,10,51,165,46*64
$GIGSV,1,1,02,09,16,273,38,10,51,165,46*64
$GIGSV,1,1,02,09,16,273,38,10,51,165,46*64
$GIGSV,1,1,02,09,16,273,38,10,51,165,46*64
$GIGSV,1,1,02,09,16,273,38,10,51,165,46*64
$GIGSV,1,1,02,09,16,273,38,10,51,165,46*64
$GIGSV,1,1,02,09,16,273,38,10,51,165,46*64
$GIGSV,1,1,02,09,16,273,38,10,51,165,46*64
$GIGSV,1,1,02,09,16,273,38,10,51,165,46*64
$GIGSV,1,1,02,09,16,273,38,10,51,165,46*64
$GIGSV,1,1,02,09,16,273,38,10,51,165,46*64
$GIGSV,1,1,02,09,16,273,38,10,51,165,46*64
$GIGSV,1,1,02,09,16,273,38,10,51,165,46*64
$GIGSV,1,1,02,09,16,273,38,10,51,165,46*64
$GIGSV,1,1,02,09,16,273,38,10,51,165,46*64
$GIGSV,1,1,02,09,16,273,38,10,51,165,46*64
$GIGSV,1,1,02,09,16,273,38,10,51,165,46*64
$GIGSV,1,1,02,09,16,273,38,10,51,165,46*64
$GIGSV,1,1,02,09,16,273,38,10,51,165,46*64
$GIGSV,1,1,02,09,16,273,38,10,51,165,46*64
$GIGSV,1,1,02,09,16,273,38,10,51,165,46*64
$GIGSV,1,1,02,09,16,273,38,10,51,165,46*64
$GIGSV,1,1,02,09,16,273,38,10,51,165,46*64
$GIGSV,1,1,02,09,16,273,38,10,51,165,46*64
$GIGSV,1,1,02,09,16,273,38,10,51,165,46*64
$GIGSV,1,1,02,09,16,273,38,10,51,165,46*64
$GIGSV,1,1,02,09,16,273,38,10,51,165,46*64
$GIGSV,1,1,02,09,16,273,38,10,51,165,46*64
$GIGSV,1,1,02,09,16,273,38,10,51,165,46*64
$GIGSV,1,1,02,09,16,273,38,10,51,165,46*64
$GIGSV,1,1,02,09,16,273,38,10,51,165,46*64
$GIGSV,1,1,02,09,16,273,38,10,51,165,46*64
$GIGSV,1,1,02,09,16,273,38,10,51,165,46*64
$GIGSV,1,1,02,09,16,273,38,10,51,165,46*64
$GIGSV,1,1,02,09,16,273,38,10,51,165,46*64
$GIGSV,1,1,02,09,16,273,38,10,51,165,46*64
$GIGSV,1,1,02,09,16,273,38,10,51,165,46*64
$GIGSV,1,1,02,09,16,273,38,10,51,165,46*64
$GIGSV,1,1,02,09,16,273,38,10,51,165,46*64
$GIGSV,1,1,02,09,16,273,38,10,51,165,46*64
$GIGSV,1,1,02,09,16,273,38,10,51,165,46*64
$GIGSV,1,1,02,09,16,273,38,10,51,165,46*64
$GIGSV,1,1,02,09,16,273,38,10,51,165,46*64
$GIGSV,1,1,02,09,16,273,38,10,51,165,46*64
$GIGSV,1,1,02,09,16,273,38,10,51,165,46*64
$GIGSV,1,1,02,09,16,273,37,10,51,165,46*6B
$GIGSV,1,1,02,09,16,273,37,10,51,165,47*6A
$GIGSV,1,1,02,09,16,273,37,10,51,165,47*6A
$GIGSV,1,1,02,09,16,273,37,10,51,165,47*6A
$GIGSV,1,1,02,09,16,273,37,10,51,165,47*6A
$GIGSV,1,1,02,09,16,273,37,10,51,165,47*6A
$GIGSV,1,1,02,09,16,273,37,10,51,165,47*6A
$GIGSV,1,1,02,09,16,273,37,10,51,165,47*6A
$GIGSV,1,1,02,09,16,273,37,10,51,165,47*6A
$GIGSV,1,1,02,09,16,273,37,10,51,165,47*6A
$GIGSV,1,1,02,09,16,273,37,10,51,165,47*6A
$GIGSV,1,1,02,09,16,273,37,10,51,165,47*6A
$GIGSV,1,1,02,09,16,273,37,10,51,165,47*6A
$GIGSV,1,1,02,09,16,273,37,10,51,165,47*6A
$GIGSV,1,1,02,09,16,273,37,10,51,165,47*6A
$GIGSV,1,1,02,09,16,273,37,10,51,165,47*6A
$GIGSV,1,1,02,09,16,273,37,10,51,165,47*6A
$GIGSV,1,1,02,09,16,273,37,10,51,165,47*6A
$GIGSV,1,1,02,09,16,273,37,10,51,165,47*6A
$GIGSV,1,1,02,09,16,273,37,10,51,165,47*6A
$GIGSV,1,1,02,09,16,273,37,10,51,165,47*6A
$GIGSV,1,1,02,09,16,273,37,10,51,165,47*6A
$GIGSV,1,1,02,09,16,273,37,10,51,165,47*6A
$GIGSV,1,1,02,09,16,273,37,10,51,165,47*6A
$GIGSV,1,1,02,09,16,273,37,10,51,165,47*6A
$GIGSV,1,1,02,09,16,273,37,10,51,165,47*6A
$GIGSV,1,1,02,09,16,273,37,10,51,165,47*6A
$GIGSV,1,1,02,09,16,273,37,10,51,165,47*6A
$GIGSV,1,1,02,09,16,273,37,10,51,165,47*6A
$GIGSV,1,1,02,09,16,273,37,10,51,165,47*6A
$GIGSV,1,1,02,09,16,273,37,10,51,165,47*6A
$GIGSV,1,1,02,09,16,273,37,10,51,165,47*6A
$GIGSV,1,1,02,09,16,273,37,10,51,165,47*6A
$GIGSV,1,1,02,09,16,273,37,10,51,165,47*6A
$GIGSV,1,1,02,09,16,273,38,10,51,165,47*65
$GIGSV,1,1,02,09,16,273,38,10,51,165,47*65
$GIGSV,1,1,02,09,16,273,38,10,51,165,47*65
$GIGSV,1,1,02,09,16,273,38,10,51,165,47*65
$GIGSV,1,1,02,09,16,273,38,10,51,165,47*65
$GIGSV,1,1,02,09,16,273,38,10,51,165,47*65
$GIGSV,1,1,02,09,16,273,38,10,51,165,47*65
$GIGSV,1,1,02,09,16,273,38,10,51,165,47*65
$GIGSV,1,1,02,09,16,273,38,10,51,165,47*65
$GIGSV,1,1,02,09,16,273,38,10,51,165,47*65
$GIGSV,1,1,02,09,16,273,38,10,51,165,47*65
$GIGSV,1,1,02,09,16,273,38,10,51,165,47*65
$GIGSV,1,1,02,09,16,273,38,10,51,165,47*65
$GIGSV,1,1,02,09,16,273,38,10,51,165,47*65
$GIGSV,1,1,02,09,16,273,38,10,51,165,47*65
$GIGSV,1,1,02,09,16,273,38,10,51,165,47*65
$GIGSV,1,1,02,09,16,273,38,10,51,165,47*65
$GIGSV,1,1,02,09,16,273,38,10,51,165,47*65
$GIGSV,1,1,02,09,16,273,38,10,51,165,47*65
$GIGSV,1,1,02,09,16,273,38,10,51,165,47*65
$GIGSV,1,1,02,09,16,273,38,10,51,165,47*65
$GIGSV,1,1,02,09,16,273,38,10,51,165,47*65
$GIGSV,1,1,02,09,16,273,38,10,51,165,47*65
$GIGSV,1,1,02,09,16,273,38,10,51,165,47*65
$GIGSV,1,1,02,09,16,273,38,10,51,165,47*65
$GIGSV,1,1,02,09,16,273,38,10,51,165,47*65
$GIGSV,1,1,02,09,16,273,38,10,51,165,47*65
$GIGSV,1,1,02,09,16,273,38,10,51,165,47*65
$GIGSV,1,1,02,09,16,273,38,10,51,165,47*65
$GIGSV,1,1,02,09,16,273,38,10,51,165,47*65
$GIGSV,1,1,02,09,16,273,38,10,51,165,47*65
$GIGSV,1,1,02,09,16,273,38,10,51,165,47*65
$GIGSV,1,1,02,09,16,273,38,10,51,165,47*65
$GIGSV,1,1,02,09,16,273,38,10,51,165,47*65
$GIGSV,1,1,02,09,16,273,38,10,51,165,47*65
$GIGSV,1,1,02,09,16,273,38,10,51,165,47*65
$GIGSV,1,1,02,09,16,273,38,10,51,165,47*65
$GIGSV,1,1,02,09,16,273,38,10,51,165,47*65
$GIGSV,1,1,02,09,16,273,38,10,51,165,47*65
$GIGSV,1,1,02,09,16,273,38,10,51,165,47*65
$GIGSV,1,1,02,09,16,273,38,10,51,165,47*65
$GIGSV,1,1,02,09,16,273,38,10,51,165,46*64
$GIGSV,1,1,02,09,16,273,38,10,51,165,46*64
$GIGSV,1,1,02,09,16,273,38,10,51,165,46*64
$GIGSV,1,1,02,09,16,273,38,10,51,165,46*64
$GIGSV,1,1,02,09,16,273,38,10,51,165,46*64
$GIGSV,1,1,02,09,16,273,38,10,51,165,47*65
$GIGSV,1,1,02,09,16,273,38,10,51,165,47*65
$GIGSV,1,1,02,09,16,273,38,10,51,165,47*65
$GIGSV,1,1,02,09,16,273,38,10,51,165,46*64
$GIGSV,1,1,02,09,16,273,38,10,51,165,46*64
$GIGSV,1,1,02,09,16,273,38,10,51,165,46*64
$GIGSV,1,1,02,09,16,273,38,10,51,165,46*64
$GIGSV,1,1,02,09,16,273,38,10,51,165,46*64
$GIGSV,1,1,02,09,16,273,38,10,51,165,46*64
$GIGSV,1,1,02,09,16,273,38,10,51,165,46*64
$GIGSV,1,1,02,09,16,273,38,10,51,165,46*64
$GIGSV,1,1,02,09,16,273,38,10,51,165,46*64
$GIGSV,1,1,02,09,16,273,38,10,51,165,46*64
$GIGSV,1,1,02,09,16,273,38,10,51,165,46*64
$GIGSV,1,1,02,09,16,273,38,10,51,165,46*64
$GIGSV,1,1,02,09,16,273,38,10,51,165,46*64
$GIGSV,1,1,02,09,16,273,38,10,51,165,46*64
$GIGSV,1,1,02,09,16,273,38,10,51,165,46*64
$GIGSV,1,1,02,09,16,273,38,10,51,165,46*64
$GIGSV,1,1,02,09,16,273,38,10,51,165,46*64
$GIGSV,1,1,02,09,16,273,38,10,51,165,46*64
$GIGSV,1,1,02,09,16,273,38,10,51,165,46*64
$GIGSV,1,1,02,09,16,273,38,10,51,165,46*64
$GIGSV,1,1,02,09,16,273,38,10,51,165,46*64
$GIGSV,1,1,02,09,16,273,38,10,51,165,46*64
$GIGSV,1,1,02,09,16,273,38,10,51,165,46*64
$GIGSV,1,1,02,09,16,273,38,10,51,165,46*64
$GIGSV,1,1,02,09,16,273,38,10,51,165,46*64
$GIGSV,1,1,02,09,16,273,38,10,51,165,46*64
$GIGSV,1,1,02,09,16,273,38,10,51,165,46*64
$GIGSV,1,1,02,09,16,273,38,10,51,165,46*64
$GIGSV,1,1,02,09,16,273,38,10,51,165,46*64
$GIGSV,1,1,02,09,16,273,37,10,51,165,46*6B
$GIGSV,1,1,02,09,16,273,37,10,51,165,46*6B
$GIGSV,1,1,02,09,16,273,37,10,51,165,46*6B
$GIGSV,1,1,02,09,16,273,37,10,51,165,46*6B
$GIGSV,1,1,02,09,16,273,37,10,51,165,46*6B
$GIGSV,1,1,02,09,16,273,37,10,51,165,46*6B
$GIGSV,1,1,02,09,16,273,37,10,51,165,46*6B
$GIGSV,1,1,02,09,16,273,37,10,51,165,46*6B
$GIGSV,1,1,02,09,16,273,37,10,51,165,46*6B
$GIGSV,1,1,02,09,16,273,37,10,51,165,46*6B
$GIGSV,1,1,02,09,16,273,37,10,51,165,46*6B
$GIGSV,1,1,02,09,16,273,37,10,51,165,46*6B
$GIGSV,1,1,02,09,16,273,37,10,51,165,46*6B
$GIGSV,1,1,02,09,16,273,37,10,51,165,46*6B
$GIGSV,1,1,02,09,16,273,37,10,51,165,46*6B
$GIGSV,1,1,02,09,16,273,37,10,51,165,46*6B
$GIGSV,1,1,02,09,16,273,37,10,51,165,46*6B
$GIGSV,1,1,02,09,16,273,37,10,51,165,46*6B
$GIGSV,1,1,02,09,16,273,37,10,51,165,46*6B
$GIGSV,1,1,02,09,16,273,37,10,51,165,46*6B
$GIGSV,1,1,02,09,16,273,37,10,51,165,46*6B
$GIGSV,1,1,02,09,16,273,37,10,51,165,46*6B
$GIGSV,1,1,02,09,16,273,37,10,51,165,46*6B
$GIGSV,1,1,02,09,16,273,36,10,51,165,46*6A
$GIGSV,1,1,02,09,16,273,36,10,51,165,46*6A
$GIGSV,1,1,02,09,16,273,36,10,51,165,46*6A
$GIGSV,1,1,02,09,16,273,36,10,51,165,46*6A
$GIGSV,1,1,02,09,16,273,36,10,51,165,46*6A
$GIGSV,1,1,02,09,16,273,36,10,51,165,46*6A
$GIGSV,1,1,02,09,16,273,36,10,51,165,46*6A
$GIGSV,1,1,02,09,16,273,36,10,51,165,46*6A
$GIGSV,1,1,02,09,16,273,36,10,51,165,46*6A
$GIGSV,1,1,02,09,16,273,36,10,51,165,46*6A
$GIGSV,1,1,02,09,16,273,36,10,51,165,46*6A
$GIGSV,1,1,02,09,16,273,36,10,51,165,46*6A
$GIGSV,1,1,02,09,16,273,36,10,51,165,46*6A
$GIGSV,1,1,02,09,16,273,36,10,51,165,46*6A
$GIGSV,1,1,02,09,16,273,36,10,51,165,46*6A
$GIGSV,1,1,02,09,16,273,36,10,51,165,46*6A
$GIGSV,1,1,02,09,16,273,36,10,51,165,46*6A
$GIGSV,1,1,02,09,16,273,36,10,51,165,46*6A
$GIGSV,1,1,02,09,16,273,36,10,51,165,46*6A
$GIGSV,1,1,02,09,16,273,36,10,51,165,46*6A
$GIGSV,1,1,02,09,16,273,36,10,51,165,46*6A
$GIGSV,1,1,02,09,16,273,36,10,51,165,46*6A
$GIGSV,1,1,02,09,16,273,36,10,51,165,46*6A
$GIGSV,1,1,02,09,16,273,36,10,51,165,46*6A
$GIGSV,1,1,02,09,16,273,36,10,51,165,46*6A
$GIGSV,1,1,02,09,16,273,36,10,51,165,46*6A
$GIGSV,1,1,02,09,16,273,36,10,51,165,46*6A
$GIGSV,1,1,02,09,16,273,36,10,51,165,46*6A
$GIGSV,1,1,02,09,16,273,36,10,51,165,46*6A
$GIGSV,1,1,02,09,16,273,36,10,51,165,46*6A
$GIGSV,1,1,02,09,16,273,36,10,51,165,46*6A
$GIGSV,1,1,02,09,16,273,36,10,51,165,46*6A
$GIGSV,1,1,02,09,16,273,36,10,51,165,46*6A
$GIGSV,1,1,02,09,16,273,36,10,51,165,46*6A
$GIGSV,1,1,02,09,16,273,36,10,51,165,46*6A
$GIGSV,1,1,02,09,16,273,36,10,51,165,46*6A
$GIGSV,1,1,02,09,16,273,36,10,51,165,46*6A
$GIGSV,1,1,02,09,16,273,36,10,51,165,46*6A
$GIGSV,1,1,02,09,16,273,36,10,51,165,46*6A
$GIGSV,1,1,02,09,16,273,36,10,51,165,46*6A
$GIGSV,1,1,02,09,16,273,36,10,51,165,46*6A
$GIGSV,1,1,02,09,16,273,36,10,51,165,46*6A
$GIGSV,1,1,02,09,16,273,36,10,51,165,46*6A
$GIGSV,1,1,02,09,16,273,36,10,51,165,46*6A
$GIGSV,1,1,02,09,16,273,36,10,51,165,46*6A
$GIGSV,1,1,02,09,16,273,36,10,51,165,46*6A
$GIGSV,1,1,02,09,16,273,36,10,51,165,46*6A
$GIGSV,1,1,02,09,16,273,36,10,51,165,46*6A
$GIGSV,1,1,02,09,16,273,36,10,51,165,46*6A
$GIGSV,1,1,02,09,16,273,36,10,51,165,46*6A
$GIGSV,1,1,02,09,16,273,36,10,51,165,46*6A
$GIGSV,1,1,02,09,16,273,36,10,51,165,46*6A
$GIGSV,1,1,02,09,16,273,36,10,51,165,46*6A
$GIGSV,1,1,02,09,16,273,36,10,51,165,46*6A
$GIGSV,1,1,02,09,16,273,36,10,51,165,46*6A
$GIGSV,1,1,02,09,16,273,36,10,51,165,46*6A
$GIGSV,1,1,02,09,16,273,36,10,51,165,46*6A
$GIGSV,1,1,02,09,16,273,36,10,51,165,46*6A
$GIGSV,1,1,02,09,16,273,36,10,51,165,46*6A
$GIGSV,1,1,02,09,16,273,36,10,51,165,46*6A
$GIGSV,1,1,02,09,16,273,36,10,51,165,46*6A
$GIGSV,1,1,02,09,16,273,36,10,51,165,47*6B
$GIGSV,1,1,02,09,16,273,37,10,51,165,47*6A
$GIGSV,1,1,02,09,16,273,37,10,51,165,47*6A
$GIGSV,1,1,02,09,16,273,37,10,51,165,47*6A
$GIGSV,1,1,02,09,16,273,37,10,51,165,47*6A
$GIGSV,1,1,02,09,16,273,37,10,51,165,47*6A
$GIGSV,1,1,02,09,16,273,37,10,51,165,47*6A
$GIGSV,1,1,02,09,16,273,37,10,51,165,47*6A
$GIGSV,1,1,02,09,16,273,37,10,51,165,47*6A
$GIGSV,1,1,02,09,16,273,37,10,51,165,47*6A
$GIGSV,1,1,02,09,16,273,37,10,51,165,47*6A
$GIGSV,1,1,02,09,16,273,37,10,51,165,47*6A
$GIGSV,1,1,02,09,16,273,37,10,51,165,47*6A
$GIGSV,1,1,02,09,16,273,37,10,51,165,47*6A
$GIGSV,1,1,02,09,16,273,37,10,51,165,47*6A
$GIGSV,1,1,02,09,16,273,37,10,51,165,47*6A
$GIGSV,1,1,02,09,16,273,37,10,51,165,47*6A
$GIGSV,1,1,02,09,16,273,37,10,51,165,47*6A
$GIGSV,1,1,02,09,16,273,37,10,51,165,47*6A
$GIGSV,1,1,02,09,16,273,37,10,51,165,47*6A
$GIGSV,1,1,02,09,16,273,37,10,51,165,47*6A
$GIGSV,1,1,02,09,16,273,37,10,51,165,47*6A
$GIGSV,1,1,02,09,16,273,37,10,51,165,47*6A
$GIGSV,1,1,02,09,16,273,37,10,51,165,47*6A
$GIGSV,1,1,02,09,16,273,37,10,51,165,47*6A
$GIGSV,1,1,02,09,16,273,37,10,51,165,47*6A
$GIGSV,1,1,02,09,16,273,37,10,51,165,47*6A
$GIGSV,1,1,02,09,16,273,37,10,51,165,47*6A
$GIGSV,1,1,02,09,16,273,38,10,51,165,47*65
$GIGSV,1,1,02,09,16,273,38,10,51,165,47*65
$GIGSV,1,1,02,09,16,273,38,10,51,165,47*65
$GIGSV,1,1,02,09,16,273,38,10,51,165,47*65
$GIGSV,1,1,02,09,16,273,38,10,51,165,47*65
$GIGSV,1,1,02,09,16,273,38,10,51,165,47*65
$GIGSV,1,1,02,09,16,273,38,10,51,165,47*65
$GIGSV,1,1,02,09,16,273,38,10,51,165,47*65
$GIGSV,1,1,02,09,16,273,38,10,51,165,47*65
$GIGSV,1,1,02,09,16,273,38,10,51,165,47*65
$GIGSV,1,1,02,09,16,273,38,10,51,165,47*65
$GIGSV,1,1,02,09,16,273,38,10,51,165,47*65
$GIGSV,1,1,02,09,16,273,38,10,51,165,47*65
$GIGSV,1,1,02,09,16,273,38,10,51,165,47*65
$GIGSV,1,1,02,09,16,273,38,10,51,165,47*65
$GIGSV,1,1,02,09,16,273,38,10,51,165,47*65
$GIGSV,1,1,02,09,16,273,38,10,51,165,47*65
$GIGSV,1,1,02,09,16,273,38,10,51,165,47*65
$GIGSV,1,1,02,09,16,273,38,10,51,165,47*65
$GIGSV,1,1,02,09,16,273,38,10,51,165,47*65
$GIGSV,1,1,02,09,16,273,38,10,51,165,47*65
$GIGSV,1,1,02,09,16,273,38,10,51,165,47*65
$GIGSV,1,1,02,09,16,273,38,10,51,165,47*65
$GIGSV,1,1,02,09,16,273,38,10,51,165,47*65
$GIGSV,1,1,02,09,16,273,38,10,51,165,48*6A
$GIGSV,1,1,02,09,16,273,38,10,51,165,48*6A
$GIGSV,1,1,02,09,16,273,38,10,51,165,48*6A
$GIGSV,1,1,02,09,16,273,38,10,51,165,48*6A
$GIGSV,1,1,02,09,16,273,38,10,51,165,48*6A
$GIGSV,1,1,02,09,16,273,38,10,51,165,48*6A
$GIGSV,1,1,02,09,16,273,38,10,51,165,48*6A
$GIGSV,1,1,02,09,16,273,38,10,51,165,48*6A
$GIGSV,1,1,02,09,16,273,38,10,51,165,48*6A
$GIGSV,1,1,02,09,16,273,38,10,51,165,48*6A
$GIGSV,1,1,02,09,16,273,38,10,51,165,48*6A
$GIGSV,1,1,02,09,16,273,38,10,51,165,48*6A
$GIGSV,1,1,02,09,16,273,38,10,51,165,48*6A
$GIGSV,1,1,02,09,16,273,38,10,51,165,48*6A
$GIGSV,1,1,02,09,16,273,38,10,51,165,48*6A
$GIGSV,1,1,02,09,16,273,38,10,51,165,48*6A
$GIGSV,1,1,02,09,16,273,38,10,51,165,48*6A
$GIGSV,1,1,02,09,16,273,38,10,51,165,48*6A
$GIGSV,1,1,02,09,16,273,38,10,51,165,48*6A
$GIGSV,1,1,02,09,16,273,38,10,51,165,48*6A
$GIGSV,1,1,02,09,16,273,38,10,51,165,48*6A
$GIGSV,1,1,02,09,16,273,38,10,51,165,48*6A
$GIGSV,1,1,02,09,16,273,38,10,51,165,48*6A
$GIGSV,1,1,02,09,16,273,38,10,51,165,48*6A
$GIGSV,1,1,02,09,16,273,38,10,51,165,48*6A
$GIGSV,1,1,02,09,16,273,38,10,51,165,48*6A
$GIGSV,1,1,02,09,16,273,38,10,51,165,48*6A
$GIGSV,1,1,02,09,16,273,38,10,51,165,48*6A
$GIGSV,1,1,02,09,16,273,38,10,51,165,48*6A
$GIGSV,1,1,02,09,16,273,38,10,51,165,48*6A
$GIGSV,1,1,02,09,16,273,38,10,51,165,48*6A
$GIGSV,1,1,02,09,16,273,38,10,51,165,48*6A
$GIGSV,1,1,02,09,16,273,38,10,51,165,48*6A
$GIGSV,1,1,02,09,16,273,38,10,51,165,48*6A
$GIGSV,1,1,02,09,16,273,38,10,51,165,48*6A
$GIGSV,1,1,02,09,16,273,38,10,51,165,48*6A
$GIGSV,1,1,02,09,16,273,38,10,51,165,48*6A
$GIGSV,1,1,02,09,16,273,38,10,51,165,48*6A
$GIGSV,1,1,02,09,16,273,38,10,51,165,48*6A
$GIGSV,1,1,02,09,16,273,38,10,51,165,48*6A
$GIGSV,1,1,02,09,16,273,38,10,51,165,48*6A
$GIGSV,1,1,02,09,16,273,38,10,51,165,48*6A
$GIGSV,1,1,02,09,16,273,38,10,51,165,48*6A
$GIGSV,1,1,02,09,16,273,38,10,51,165,48*6A
$GIGSV,1,1,02,09,16,273,38,10,51,165,48*6A
$GIGSV,1,1,02,09,16,273,38,10,51,165,48*6A
$GIGSV,1,1,02,09,16,273,38,10,51,165,48*6A
$GIGSV,1,1,02,09,16,273,38,10,51,165,48*6A
$GIGSV,1,1,02,09,16,273,38,10,51,165,48*6A
$GIGSV,1,1,02,09,16,273,38,10,51,165,48*6A
$GIGSV,1,1,02,09,16,273,38,10,51,165,48*6A
$GIGSV,1,1,02,09,16,273,38,10,51,165,48*6A
$GIGSV,1,1,02,09,16,273,38,10,51,165,48*6A
$GIGSV,1,1,02,09,16,273,38,10,51,165,48*6A
$GIGSV,1,1,02,09,16,273,38,10,51,165,48*6A
$GIGSV,1,1,02,09,16,273,38,10,51,165,48*6A
$GIGSV,1,1,02,09,16,273,38,10,51,165,48*6A
$GIGSV,1,1,02,09,16,273,38,10,51,165,48*6A
$GIGSV,1,1,02,09,16,273,38,10,51,165,48*6A
$GIGSV,1,1,02,09,16,273,38,10,51,165,48*6A
$GIGSV,1,1,02,09,16,273,38,10,51,165,48*6A
$GIGSV,1,1,02,09,16,273,38,10,51,165,48*6A
$GIGSV,1,1,02,09,16,273,38,10,51,165,48*6A
$GIGSV,1,1,02,09,16,273,38,10,51,165,48*6A
$GIGSV,1,1,02,09,16,273,39,10,51,165,48*6B
$GIGSV,1,1,02,09,16,273,39,10,51,165,48*6B
$GIGSV,1,1,02,09,16,273,39,10,51,165,48*6B
$GIGSV,1,1,02,09,16,273,39,10,51,165,48*6B
$GIGSV,1,1,02,09,16,273,39,10,51,165,48*6B
$GIGSV,1,1,02,09,16,273,39,10,51,165,48*6B
$GIGSV,1,1,02,09,16,273,39,10,51,165,48*6B
$GIGSV,1,1,02,09,16,273,39,10,51,165,48*6B
$GIGSV,1,1,02,09,16,273,39,10,51,165,48*6B
$GIGSV,1,1,02,09,16,273,39,10,51,165,48*6B
$GIGSV,1,1,02,09,16,273,39,10,51,165,48*6B
$GIGSV,1,1,02,09,16,273,39,10,51,165,48*6B
$GIGSV,1,1,02,09,16,273,38,10,51,165,48*6A
$GIGSV,1,1,02,09,16,273,38,10,51,165,48*6A
$GIGSV,1,1,02,09,16,273,38,10,51,165,48*6A
$GIGSV,1,1,02,09,16,273,38,10,51,165,48*6A
$GIGSV,1,1,02,09,16,273,38,10,51,165,48*6A
$GIGSV,1,1,02,09,16,273,38,10,51,165,48*6A
$GIGSV,1,1,02,09,16,273,39,10,51,165,48*6B
$GIGSV,1,1,02,09,16,273,39,10,51,165,48*6B
$GIGSV,1,1,02,09,16,273,39,10,51,165,48*6B
$GIGSV,1,1,02,09,16,273,39,10,51,165,48*6B
$GIGSV,1,1,02,09,16,273,39,10,51,165,48*6B
$GIGSV,1,1,02,09,16,273,39,10,51,165,48*6B
$GIGSV,1,1,02,09,16,273,39,10,51,165,48*6B
$GIGSV,1,1,02,09,16,273,39,10,51,165,48*6B
$GIGSV,1,1,02,09,16,273,39,10,51,165,48*6B
$GIGSV,1,1,02,09,16,273,39,10,51,165,48*6B
$GIGSV,1,1,02,09,16,273,39,10,51,165,48*6B
$GIGSV,1,1,02,09,16,273,39,10,51,165,48*6B
$GIGSV,1,1,02,09,16,273,39,10,51,165,48*6B
$GIGSV,1,1,02,09,16,273,39,10,51,165,48*6B
$GIGSV,1,1,02,09,16,273,39,10,51,165,48*6B
$GIGSV,1,1,02,09,16,273,39,10,51,165,48*6B
$GIGSV,1,1,02,09,16,273,39,10,51,165,48*6B
$GIGSV,1,1,02,09,16,273,39,10,51,165,48*6B
$GIGSV,1,1,02,09,16,273,39,10,51,165,48*6B
$GIGSV,1,1,02,09,16,273,39,10,51,165,48*6B
$GIGSV,1,1,02,09,16,273,39,10,51,165,48*6B
$GIGSV,1,1,02,09,16,273,39,10,51,165,48*6B
$GIGSV,1,1,02,09,16,273,39,10,51,165,48*6B
$GIGSV,1,1,02,09,16,273,39,10,51,165,48*6B
$GIGSV,1,1,02,09,16,273,39,10,51,165,48*6B
$GIGSV,1,1,02,09,16,273,39,10,51,165,48*6B
$GIGSV,1,1,02,09,16,273,39,10,51,165,48*6B
$GIGSV,1,1,02,09,16,273,39,10,51,165,48*6B
$GIGSV,1,1,02,09,16,273,39,10,51,165,48*6B
$GIGSV,1,1,02,09,16,273,39,10,51,165,48*6B
$GIGSV,1,1,02,09,16,273,39,10,51,165,48*6B
$GIGSV,1,1,02,09,16,273,39,10,51,165,48*6B
$GIGSV,1,1,02,09,16,273,39,10,51,165,48*6B
$GIGSV,1,1,02,09,16,273,39,10,51,165,48*6B
$GIGSV,1,1,02,09,16,273,39,10,51,165,48*6B
$GIGSV,1,1,02,09,16,273,39,10,51,165,48*6B
$GIGSV,1,1,02,09,16,273,39,10,51,165,48*6B
$GIGSV,1,1,02,09,16,273,39,10,51,165,48*6B
$GIGSV,1,1,02,09,16,273,39,10,51,165,48*6B
$GIGSV,1,1,02,09,16,273,39,10,51,165,48*6B
$GIGSV,1,1,02,09,16,273,39,10,51,165,48*6B
$GIGSV,1,1,02,09,16,273,39,10,51,165,48*6B
$GIGSV,1,1,02,09,16,273,39,10,51,165,48*6B
$GIGSV,1,1,02,09,16,273,39,10,51,165,48*6B
$GIGSV,1,1,02,09,16,273,39,10,51,165,48*6B
$GIGSV,1,1,02,09,16,273,39,10,51,165,48*6B
$GIGSV,1,1,02,09,16,273,39,10,51,165,48*6B
$GIGSV,1,1,02,09,16,273,39,10,51,165,48*6B
$GIGSV,1,1,02,09,16,273,39,10,51,165,48*6B
$GIGSV,1,1,02,09,16,273,39,10,51,165,48*6B
$GIGSV,1,1,02,09,16,273,39,10,51,165,48*6B
$GIGSV,1,1,02,09,16,273,39,10,51,165,48*6B
$GIGSV,1,1,02,09,16,273,39,10,51,165,48*6B
$GIGSV,1,1,02,09,16,273,39,10,51,165,48*6B
$GIGSV,1,1,02,09,16,273,39,10,51,165,48*6B
$GIGSV,1,1,02,09,16,273,39,10,51,165,48*6B
$GIGSV,1,1,02,09,16,273,39,10,51,165,48*6B
$GIGSV,1,1,02,09,16,273,39,10,51,165,48*6B
$GIGSV,1,1,02,09,16,273,39,10,51,165,48*6B
$GIGSV,1,1,02,09,16,273,39,10,51,165,48*6B
$GIGSV,1,1,02,09,16,273,39,10,51,165,48*6B
$GIGSV,1,1,02,09,16,273,39,10,51,165,48*6B
$GIGSV,1,1,02,09,16,273,39,10,51,165,48*6B
$GIGSV,1,1,02,09,16,273,39,10,51,165,48*6B
$GIGSV,1,1,02,09,16,273,39,10,51,165,48*6B
$GIGSV,1,1,02,09,16,273,39,10,51,165,48*6B
$GIGSV,1,1,02,09,16,273,39,10,51,165,48*6B
$GIGSV,1,1,02,09,16,273,39,10,51,165,48*6B
$GIGSV,1,1,02,09,16,273,39,10,51,165,48*6B
$GIGSV,1,1,02,09,16,273,39,10,51,165,48*6B
$GIGSV,1,1,02,09,16,273,39,10,51,165,48*6B
$GIGSV,1,1,02,09,16,273,39,10,51,165,48*6B
$GIGSV,1,1,02,09,16,273,39,10,51,165,48*6B
$GIGSV,1,1,02,09,16,273,39,10,51,165,48*6B
$GIGSV,1,1,02,09,16,273,39,10,51,165,48*6B
$GIGSV,1,1,02,09,16,273,39,10,51,165,48*6B
$GIGSV,1,1,02,09,16,273,39,10,51,165,48*6B
$GIGSV,1,1,02,09,16,273,39,10,51,165,48*6B
$GIGSV,1,1,02,09,16,273,39,10,51,165,48*6B
$GIGSV,1,1,02,09,16,273,39,10,51,165,48*6B
$GIGSV,1,1,02,09,16,273,39,10,51,165,48*6B
$GIGSV,1,1,02,09,16,273,39,10,51,165,48*6B
$GIGSV,1,1,02,09,16,273,39,10,51,165,48*6B
$GIGSV,1,1,02,09,16,273,39,10,51,165,48*6B
$GIGSV,1,1,02,09,16,273,39,10,51,165,48*6B
$GIGSV,1,1,02,09,16,273,39,10,51,165,48*6B
$GIGSV,1,1,02,09,16,273,39,10,51,165,48*6B
$GIGSV,1,1,02,09,16,273,39,10,51,165,48*6B
$GIGSV,1,1,02,09,16,273,39,10,51,165,48*6B
$GIGSV,1,1,02,09,16,273,39,10,51,165,48*6B
$GIGSV,1,1,02,09,16,273,39,10,51,165,48*6B
$GIGSV,1,1,02,09,16,273,39,10,51,165,48*6B
$GIGSV,1,1,02,09,16,273,39,10,51,165,48*6B
$GIGSV,1,1,02,09,16,273,40,10,51,165,48*65
$GIGSV,1,1,02,09,16,273,40,10,51,165,48*65
$GIGSV,1,1,02,09,16,273,40,10,51,165,48*65
$GIGSV,1,1,02,09,16,273,40,10,51,165,48*65
$GIGSV,1,1,02,09,16,273,40,10,51,165,48*65
$GIGSV,1,1,02,09,16,273,40,10,51,165,48*65
$GIGSV,1,1,02,09,16,273,40,10,51,165,48*65
$GIGSV,1,1,02,09,16,273,40,10,51,165,48*65
$GIGSV,1,1,02,09,16,273,40,10,51,165,48*65
$GIGSV,1,1,02,09,16,273,40,10,51,165,48*65
$GIGSV,1,1,02,09,16,273,40,10,51,165,48*65
$GIGSV,1,1,02,09,16,273,40,10,51,165,48*65
$GIGSV,1,1,02,09,16,273,40,10,51,165,48*65
$GIGSV,1,1,02,09,16,273,39,10,51,165,48*6B
$GIGSV,1,1,02,09,16,273,39,10,51,165,48*6B
$GIGSV,1,1,02,09,16,273,39,10,51,165,48*6B
$GIGSV,1,1,02,09,16,273,39,10,51,165,48*6B
$GIGSV,1,1,02,09,16,273,40,10,51,165,48*65
$GIGSV,1,1,02,09,16,273,40,10,51,165,48*65
$GIGSV,1,1,02,09,16,273,39,10,51,165,48*6B
$GIGSV,1,1,02,09,16,273,39,10,51,165,48*6B
$GIGSV,1,1,02,09,16,273,39,10,51,165,48*6B
$GIGSV,1,1,02,09,16,273,39,10,51,165,48*6B
$GIGSV,1,1,02,09,16,273,39,10,51,165,48*6B
$GIGSV,1,1,02,09,16,273,39,10,51,165,48*6B
$GIGSV,1,1,02,09,16,273,39,10,51,165,48*6B
$GIGSV,1,1,02,09,16,273,39,10,51,165,48*6B
$GIGSV,1,1,02,09,16,273,39,10,51,165,48*6B
$GIGSV,1,1,02,09,16,273,39,10,51,165,48*6B
$GIGSV,1,1,02,09,16,273,39,10,51,165,48*6B
$GIGSV,1,1,02,09,16,273,39,10,51,165,48*6B
$GIGSV,1,1,02,09,16,273,39,10,51,165,48*6B
$GIGSV,1,1,02,09,16,273,39,10,51,165,48*6B
$GIGSV,1,1,02,09,16,273,39,10,51,165,48*6B
$GIGSV,1,1,02,09,16,273,39,10,51,165,48*6B
$GIGSV,1,1,02,09,16,273,39,10,51,165,48*6B
$GIGSV,1,1,02,09,16,273,39,10,51,165,48*6B
$GIGSV,1,1,02,09,16,273,39,10,51,165,48*6B
$GIGSV,1,1,02,09,16,273,39,10,51,165,48*6B
$GIGSV,1,1,02,09,16,273,39,10,51,165,48*6B
$GIGSV,1,1,02,09,16,273,39,10,51,165,48*6B
$GIGSV,1,1,02,09,16,273,39,10,51,165,48*6B
$GIGSV,1,1,02,09,16,273,39,10,51,165,48*6B
$GIGSV,1,1,02,09,16,273,39,10,51,165,48*6B
$GIGSV,1,1,02,09,16,273,39,10,51,165,48*6B
$GIGSV,1,1,02,09,16,273,39,10,51,165,48*6B
$GIGSV,1,1,02,09,16,273,39,10,51,165,48*6B
$GIGSV,1,1,02,09,16,273,39,10,51,165,48*6B
$GIGSV,1,1,02,09,16,273,39,10,51,165,48*6B
$GIGSV,1,1,02,09,16,273,39,10,51,165,48*6B
$GIGSV,1,1,02,09,16,273,39,10,51,165,48*6B
$GIGSV,1,1,02,09,16,273,39,10,51,165,48*6B
$GIGSV,1,1,02,09,16,273,39,10,51,165,48*6B
$GIGSV,1,1,02,09,16,273,39,10,51,165,48*6B
$GIGSV,1,1,02,09,16,273,39,10,51,165,48*6B
$GIGSV,1,1,02,09,16,273,39,10,51,165,48*6B
$GIGSV,1,1,02,09,16,273,39,10,51,165,48*6B
$GIGSV,1,1,02,09,16,273,39,10,51,165,48*6B
$GIGSV,1,1,02,09,16,273,39,10,51,165,48*6B
$GIGSV,1,1,02,09,16,273,39,10,51,165,48*6B
$GIGSV,1,1,02,09,16,273,39,10,51,165,48*6B
$GIGSV,1,1,02,09,16,273,39,10,51,165,48*6B
$GIGSV,1,1,02,09,16,273,39,10,51,165,48*6B
$GIGSV,1,1,02,09,16,273,39,10,51,165,48*6B
$GIGSV,1,1,02,09,16,273,39,10,51,165,48*6B
$GIGSV,1,1,02,09,16,273,39,10,51,165,48*6B
$GIGSV,1,1,02,09,16,273,39,10,51,165,48*6B
$GIGSV,1,1,02,09,16,273,39,10,51,165,48*6B
$GIGSV,1,1,02,09,16,273,39,10,51,165,47*64
$GIGSV,1,1,02,09,16,273,39,10,51,165,47*64
$GIGSV,1,1,02,09,16,273,39,10,51,165,47*64
$GIGSV,1,1,02,09,16,273,39,10,51,165,47*64
$GIGSV,1,1,02,09,16,273,39,10,51,165,47*64
$GIGSV,1,1,02,09,16,273,39,10,51,165,47*64
$GIGSV,1,1,02,09,16,273,39,10,51,165,47*64
$GIGSV,1,1,02,09,16,273,39,10,51,165,47*64
$GIGSV,1,1,02,09,16,273,39,10,51,165,47*64
$GIGSV,1,1,02,09,16,273,39,10,51,165,47*64
$GIGSV,1,1,02,09,16,273,39,10,51,165,47*64
$GIGSV,1,1,02,09,16,273,39,10,51,165,47*64
$GIGSV,1,1,02,09,16,273,39,10,51,165,47*64
$GIGSV,1,1,02,09,16,273,39,10,51,165,47*64
$GIGSV,1,1,02,09,16,273,39,10,51,165,47*64
$GIGSV,1,1,02,09,16,273,39,10,51,165,47*64
$GIGSV,1,1,02,09,16,273,39,10,51,165,47*64
$GIGSV,1,1,02,09,16,273,39,10,51,165,47*64
$GIGSV,1,1,02,09,16,273,39,10,51,165,47*64
$GIGSV,1,1,02,09,16,273,39,10,51,165,47*64
$GIGSV,1,1,02,09,16,273,39,10,51,165,47*64
$GIGSV,1,1,02,09,16,273,39,10,51,165,47*64
$GIGSV,1,1,02,09,16,273,39,10,51,165,47*64
$GIGSV,1,1,02,09,16,273,39,10,51,165,47*64
$GIGSV,1,1,02,09,16,273,39,10,51,165,47*64
$GIGSV,1,1,02,09,16,273,39,10,51,165,47*64
$GIGSV,1,1,02,09,16,273,39,10,51,165,47*64
$GIGSV,1,1,02,09,16,273,39,10,51,165,47*64
$GIGSV,1,1,02,09,16,273,39,10,51,165,47*64
$GIGSV,1,1,02,09,16,273,39,10,51,165,47*64
$GIGSV,1,1,02,09,16,273,39,10,51,165,47*64
$GIGSV,1,1,02,09,16,273,39,10,51,165,47*64
$GIGSV,1,1,02,09,16,273,39,10,51,165,47*64
$GIGSV,1,1,02,09,16,273,39,10,51,165,47*64
$GIGSV,1,1,02,09,16,273,39,10,51,165,47*64
$GIGSV,1,1,02,09,16,273,39,10,51,165,47*64
$GIGSV,1,1,02,09,16,273,39,10,51,165,47*64
$GIGSV,1,1,02,09,16,273,39,10,51,165,47*64
$GIGSV,1,1,02,09,16,273,39,10,51,165,47*64
$GIGSV,1,1,02,09,16,273,39,10,51,165,47*64
$GIGSV,1,1,02,09,16,273,39,10,51,165,47*64
$GIGSV,1,1,02,09,16,273,39,10,51,165,47*64
$GIGSV,1,1,02,09,16,273,39,10,51,165,47*64
$GIGSV,1,1,02,09,16,273,39,10,51,165,47*64
$GIGSV,1,1,02,09,16,273,39,10,51,165,47*64
$GIGSV,1,1,02,09,16,273,39,10,51,165,47*64
$GIGSV,1,1,02,09,16,273,39,10,51,165,47*64
$GIGSV,1,1,02,09,16,273,39,10,51,165,47*64
$GIGSV,1,1,02,09,16,273,39,10,51,165,47*64
$GIGSV,1,1,02,09,16,273,39,10,51,165,47*64
$GIGSV,1,1,02,09,16,273,39,10,51,165,47*64
$GIGSV,1,1,02,09,16,273,39,10,51,165,47*64
$GIGSV,1,1,02,09,16,273,39,10,51,165,47*64
$GIGSV,1,1,02,09,16,273,39,10,51,165,47*64
$GIGSV,1,1,02,09,16,273,39,10,51,165,47*64
$GIGSV,1,1,02,09,16,273,39,10,51,165,47*64
$GIGSV,1,1,02,09,16,273,39,10,51,165,47*64
$GIGSV,1,1,02,09,16,273,39,10,51,165,47*64
$GIGSV,1,1,02,09,16,273,39,10,51,165,47*64
$GIGSV,1,1,02,09,16,273,39,10,51,165,47*64
$GIGSV,1,1,02,09,16,273,39,10,51,165,47*64
$GIGSV,1,1,02,09,16,273,39,10,51,165,47*64
$GIGSV,1,1,02,09,16,273,39,10,51,165,47*64
$GIGSV,1,1,02,09,16,273,39,10,51,165,47*64
$GIGSV,1,1,02,09,16,273,39,10,51,165,47*64
$GIGSV,1,1,02,09,16,273,39,10,51,165,47*64
$GIGSV,1,1,02,09,16,273,39,10,51,165,47*64
$GIGSV,1,1,02,09,16,273,39,10,51,165,47*64
$GIGSV,1,1,02,09,16,273,39,10,51,165,47*64
$GIGSV,1,1,02,09,16,273,39,10,51,165,47*64
$GIGSV,1,1,02,09,16,273,39,10,51,165,47*64
$GIGSV,1,1,02,09,16,273,39,10,51,165,47*64
$GIGSV,1,1,02,09,16,273,39,10,51,165,47*64
$GIGSV,1,1,02,09,16,273,39,10,51,165,47*64
$GIGSV,1,1,02,09,16,273,39,10,51,165,47*64
$GIGSV,1,1,02,09,16,273,39,10,51,165,47*64
$GIGSV,1,1,02,09,16,273,39,10,51,165,47*64
$GIGSV,1,1,02,09,16,273,39,10,51,165,47*64
$GIGSV,1,1,02,09,16,273,39,10,51,165,47*64
$GIGSV,1,1,02,09,16,273,39,10,51,165,47*64
$GIGSV,1,1,02,09,16,273,39,10,51,165,47*64
$GIGSV,1,1,02,09,16,273,39,10,51,165,47*64
$GIGSV,1,1,02,09,16,273,39,10,51,165,47*64
$GIGSV,1,1,02,09,16,273,39,10,51,165,47*64
$GIGSV,1,1,02,09,16,273,39,10,51,165,47*64
$GIGSV,1,1,02,09,16,273,39,10,51,165,47*64
$GIGSV,1,1,02,09,16,273,39,10,51,165,47*64
$GIGSV,1,1,02,09,16,273,39,10,51,165,47*64
$GIGSV,1,1,02,09,16,273,39,10,51,165,47*64
$GIGSV,1,1,02,09,16,273,39,10,51,165,47*64
$GIGSV,1,1,02,09,16,273,39,10,51,165,47*64
$GIGSV,1,1,02,09,16,273,39,10,51,165,47*64
$GIGSV,1,1,02,09,16,273,39,10,51,165,47*64
$GIGSV,1,1,02,09,16,273,39,10,51,165,47*64
$GIGSV,1,1,02,09,16,273,39,10,51,165,47*64
$GIGSV,1,1,02,09,16,273,39,10,51,165,47*64
$GIGSV,1,1,02,09,16,273,39,10,51,165,47*64
$GIGSV,1,1,02,09,16,273,39,10,51,165,47*64
$GIGSV,1,1,02,09,16,273,39,10,51,165,47*64
$GIGSV,1,1,02,09,16,273,39,10,51,165,47*64
$GIGSV,1,1,02,09,16,273,39,10,51,165,47*64
$GIGSV,1,1,02,09,16,273,39,10,51,165,47*64
$GIGSV,1,1,02,09,16,273,39,10,51,165,47*64
$GIGSV,1,1,02,09,16,273,39,10,51,165,47*64
$GIGSV,1,1,02,09,16,273,39,10,51,165,47*64
$GIGSV,1,1,02,09,16,273,39,10,51,165,47*64
$GIGSV,1,1,02,09,16,273,39,10,51,165,47*64
$GIGSV,1,1,02,09,16,273,39,10,51,165,47*64
$GIGSV,1,1,02,09,16,273,39,10,51,165,47*64
$GIGSV,1,1,02,09,16,273,39,10,51,165,47*64
$GIGSV,1,1,02,09,16,273,39,10,51,165,47*64
$GIGSV,1,1,02,09,16,273,39,10,51,165,47*64
$GIGSV,1,1,02,09,16,273,39,10,51,165,47*64
$GIGSV,1,1,02,09,16,273,39,10,51,165,47*64
$GIGSV,1,1,02,09,16,273,39,10,51,165,47*64
$GIGSV,1,1,02,09,16,273,39,10,51,165,47*64
$GIGSV,1,1,02,09,16,273,39,10,51,165,47*64
$GIGSV,1,1,02,09,16,273,39,10,51,165,47*64
$GIGSV,1,1,02,09,16,273,39,10,51,165,47*64
$GIGSV,1,1,02,09,16,273,39,10,51,165,47*64
$GIGSV,1,1,02,09,16,273,39,10,51,165,47*64
$GIGSV,1,1,02,09,16,273,39,10,51,165,47*64
$GIGSV,1,1,02,09,16,273,39,10,51,165,47*64
$GIGSV,1,1,02,09,16,273,39,10,51,165,47*64
$GIGSV,1,1,02,09,16,273,39,10,51,165,47*64
$GIGSV,1,1,02,09,16,273,39,10,51,165,47*64
$GIGSV,1,1,02,09,16,273,39,10,51,165,47*64
$GIGSV,1,1,02,09,16,273,39,10,51,165,47*64
$GIGSV,1,1,02,09,16,273,39,10,51,165,47*64
$GIGSV,1,1,02,09,16,273,39,10,51,165,47*64
$GIGSV,1,1,02,09,16,273,39,10,51,165,47*64
$GIGSV,1,1,02,09,16,273,39,10,51,165,47*64
$GIGSV,1,1,02,09,16,273,40,10,51,165,47*6A
$GIGSV,1,1,02,09,16,273,40,10,51,165,47*6A
$GIGSV,1,1,02,09,16,273,40,10,51,165,47*6A
$GIGSV,1,1,02,09,16,273,40,10,51,165,47*6A
$GIGSV,1,1,02,09,16,273,40,10,51,165,47*6A
$GIGSV,1,1,02,09,16,273,40,10,51,165,47*6A
$GIGSV,1,1,02,09,16,273,40,10,51,165,47*6A
$GIGSV,1,1,02,09,16,273,40,10,51,165,47*6A
$GIGSV,1,1,02,09,16,273,40,10,51,165,47*6A
$GIGSV,1,1,02,09,16,273,40,10,51,165,47*6A
$GIGSV,1,1,02,09,16,273,40,10,51,165,47*6A
$GIGSV,1,1,02,09,16,273,40,10,51,165,47*6A
$GIGSV,1,1,02,09,16,273,40,10,51,165,47*6A
$GIGSV,1,1,02,09,16,273,40,10,51,165,47*6A
$GIGSV,1,1,02,09,16,273,40,10,51,165,47*6A
$GIGSV,1,1,02,09,16,273,40,10,51,165,47*6A
$GIGSV,1,1,02,09,16,273,40,10,51,165,47*6A
$GIGSV,1,1,02,09,16,273,40,10,51,165,47*6A
$GIGSV,1,1,02,09,16,273,40,10,51,165,47*6A
$GIGSV,1,1,02,09,16,273,40,10,51,165,47*6A
$GIGSV,1,1,02,09,16,273,40,10,51,165,47*6A
$GIGSV,1,1,02,09,16,273,40,10,51,165,47*6A
$GIGSV,1,1,02,09,16,273,40,10,51,165,47*6A
$GIGSV,1,1,02,09,16,273,40,10,51,165,47*6A
$GIGSV,1,1,02,09,16,273,40,10,51,165,47*6A
$GIGSV,1,1,02,09,16,273,40,10,51,165,47*6A
$GIGSV,1,1,02,09,16,273,40,10,51,165,47*6A
$GIGSV,1,1,02,09,16,273,40,10,51,165,47*6A
$GIGSV,1,1,02,09,16,273,40,10,51,165,47*6A
$GIGSV,1,1,02,09,16,273,40,10,51,165,47*6A
$GIGSV,1,1,02,09,16,273,40,10,51,165,47*6A
$GIGSV,1,1,02,09,16,273,40,10,51,165,47*6A
$GIGSV,1,1,02,09,16,273,40,10,51,165,47*6A
$GIGSV,1,1,02,09,16,273,40,10,51,165,47*6A
$GIGSV,1,1,02,09,16,273,40,10,51,165,47*6A
$GIGSV,1,1,02,09,16,273,40,10,51,165,47*6A
$GIGSV,1,1,02,09,16,273,40,10,51,165,47*6A
$GIGSV,1,1,02,09,16,273,40,10,51,165,47*6A
$GIGSV,1,1,02,09,16,273,40,10,51,165,47*6A
$GIGSV,1,1,02,09,16,273,40,10,51,165,47*6A
$GIGSV,1,1,02,09,16,273,40,10,51,165,47*6A
$GIGSV,1,1,02,09,16,273,40,10,51,165,47*6A
$GIGSV,1,1,02,09,16,273,40,10,51,165,47*6A
$GIGSV,1,1,02,09,16,273,40,10,51,165,47*6A
$GIGSV,1,1,02,09,16,273,40,10,51,165,47*6A
$GIGSV,1,1,02,09,16,273,40,10,51,165,47*6A
$GIGSV,1,1,02,09,16,273,40,10,51,165,47*6A
$GIGSV,1,1,02,09,16,273,40,10,51,165,47*6A
$GIGSV,1,1,02,09,16,273,40,10,51,165,47*6A
$GIGSV,1,1,02,09,16,273,40,10,51,165,47*6A
$GIGSV,1,1,02,09,16,273,40,10,51,165,47*6A
$GIGSV,1,1,02,09,16,273,40,10,51,165,47*6A
$GIGSV,1,1,02,09,16,273,40,10,51,165,47*6A
$GIGSV,1,1,02,09,16,273,40,10,51,165,47*6A
$GIGSV,1,1,02,09,16,273,40,10,51,165,47*6A
$GIGSV,1,1,02,09,16,273,40,10,51,165,47*6A
$GIGSV,1,1,02,09,16,273,40,10,51,165,47*6A
$GIGSV,1,1,02,09,16,273,40,10,51,165,47*6A
$GIGSV,1,1,02,09,16,273,40,10,51,165,47*6A
$GIGSV,1,1,02,09,16,273,40,10,51,165,47*6A
$GIGSV,1,1,02,09,16,273,40,10,51,165,47*6A
$GIGSV,1,1,02,09,16,273,40,10,51,165,47*6A
$GIGSV,1,1,02,09,16,273,40,10,51,165,47*6A
$GIGSV,1,1,02,09,16,273,40,10,51,165,47*6A
$GIGSV,1,1,02,09,16,273,40,10,51,165,47*6A
$GIGSV,1,1,02,09,16,273,40,10,51,165,47*6A
$GIGSV,1,1,02,09,16,273,40,10,51,165,47*6A
$GIGSV,1,1,02,09,16,273,40,10,51,165,47*6A
$GIGSV,1,1,02,09,16,273,40,10,51,165,47*6A
$GIGSV,1,1,02,09,16,273,40,10,51,165,47*6A
$GIGSV,1,1,02,09,16,273,40,10,51,165,47*6A
$GIGSV,1,1,02,09,16,273,40,10,51,165,47*6A
$GIGSV,1,1,02,09,16,273,40,10,51,165,47*6A
$GIGSV,1,1,02,09,16,273,40,10,51,165,47*6A
$GIGSV,1,1,02,09,16,273,40,10,51,165,47*6A
$GIGSV,1,1,02,09,16,273,40,10,51,165,47*6A
$GIGSV,1,1,02,09,16,273,40,10,51,165,47*6A
$GIGSV,1,1,02,09,16,273,40,10,51,165,47*6A
$GIGSV,1,1,02,09,16,273,40,10,51,165,47*6A
$GIGSV,1,1,02,09,16,273,40,10,51,165,47*6A
$GIGSV,1,1,02,09,16,273,40,10,51,165,47*6A
$GIGSV,1,1,02,09,16,273,40,10,51,165,47*6A
$GIGSV,1,1,02,09,16,273,40,10,51,165,47*6A
$GIGSV,1,1,02,09,16,273,40,10,51,165,47*6A
$GIGSV,1,1,02,09,16,273,40,10,51,165,47*6A
$GIGSV,1,1,02,09,16,273,40,10,51,165,47*6A
$GIGSV,1,1,02,09,16,273,40,10,51,165,47*6A
$GIGSV,1,1,02,09,16,273,40,10,51,165,47*6A
$GIGSV,1,1,02,09,16,273,40,10,51,165,47*6A
$GIGSV,1,1,02,09,16,273,40,10,51,165,47*6A
$GIGSV,1,1,02,09,16,273,40,10,51,165,47*6A
$GIGSV,1,1,02,09,16,273,40,10,51,165,47*6A
$GIGSV,1,1,02,09,16,273,40,10,51,165,47*6A
$GIGSV,1,1,02,09,16,273,40,10,51,165,47*6A
$GIGSV,1,1,02,09,16,273,40,10,51,165,47*6A
$GIGSV,1,1,02,09,16,273,40,10,51,165,47*6A
$GIGSV,1,1,02,09,16,273,40,10,51,165,47*6A
$GIGSV,1,1,02,09,16,273,40,10,51,165,47*6A
$GIGSV,1,1,02,09,16,273,40,10,51,165,47*6A
$GIGSV,1,1,02,09,16,273,40,10,51,165,47*6A
$GIGSV,1,1,02,09,16,273,40,10,51,165,47*6A
$GIGSV,1,1,02,09,16,273,40,10,51,165,47*6A
$GIGSV,1,1,02,09,16,273,40,10,51,165,47*6A
$GIGSV,1,1,02,09,16,273,40,10,51,165,47*6A
$GIGSV,1,1,02,09,16,273,40,10,51,165,47*6A
$GIGSV,1,1,02,09,16,273,40,10,51,165,47*6A
$GIGSV,1,1,02,09,16,273,40,10,51,165,47*6A
$GIGSV,1,1,02,09,16,273,40,10,51,165,47*6A
$GIGSV,1,1,02,09,16,273,40,10,51,165,47*6A
$GIGSV,1,1,02,09,16,273,40,10,51,165,47*6A
$GIGSV,1,1,02,09,16,273,40,10,51,165,47*6A
$GIGSV,1,1,02,09,16,273,40,10,51,165,47*6A
$GIGSV,1,1,02,09,16,273,40,10,51,165,47*6A
$GIGSV,1,1,02,09,16,273,40,10,51,165,47*6A
$GIGSV,1,1,02,09,16,273,40,10,51,165,47*6A
$GIGSV,1,1,02,09,16,273,40,10,51,165,47*6A
$GIGSV,1,1,02,09,16,273,40,10,51,165,47*6A
$GIGSV,1,1,02,09,16,273,40,10,51,165,47*6A
$GIGSV,1,1,02,09,16,273,40,10,51,165,47*6A
$GIGSV,1,1,02,09,16,273,40,10,51,165,47*6A
$GIGSV,1,1,02,09,16,273,40,10,51,165,47*6A
$GIGSV,1,1,02,09,16,273,40,10,51,165,47*6A
$GIGSV,1,1,02,09,16,273,40,10,51,165,47*6A
$GIGSV,1,1,02,09,16,273,39,10,51,165,47*64
$GIGSV,1,1,02,09,16,273,39,10,51,165,47*64
$GIGSV,1,1,02,09,16,273,39,10,51,165,47*64
$GIGSV,1,1,02,09,16,273,39,10,51,165,47*64
$GIGSV,1,1,02,09,16,273,39,10,51,165,47*64
$GIGSV,1,1,02,09,16,273,39,10,51,165,47*64
$GIGSV,1,1,02,09,16,273,39,10,51,165,47*64
$GIGSV,1,1,02,09,16,273,39,10,51,165,47*64
$GIGSV,1,1,02,09,16,273,39,10,51,165,47*64
$GIGSV,1,1,02,09,16,273,39,10,51,165,47*64
$GIGSV,1,1,02,09,16,273,39,10,51,165,47*64
$GIGSV,1,1,02,09,16,273,39,10,51,165,47*64
$GIGSV,1,1,02,09,16,273,39,10,51,165,47*64
$GIGSV,1,1,02,09,16,273,39,10,51,165,47*64
$GIGSV,1,1,02,09,16,273,39,10,51,165,47*64
$GIGSV,1,1,02,09,16,273,39,10,51,165,47*64
$GIGSV,1,1,02,09,16,273,39,10,51,165,47*64
$GIGSV,1,1,02,09,16,273,39,10,51,165,47*64
$GIGSV,1,1,02,09,16,273,39,10,51,165,47*64
$GIGSV,1,1,02,09,16,273,39,10,51,165,47*64
$GIGSV,1,1,02,09,16,273,39,10,51,165,47*64
$GIGSV,1,1,02,09,16,273,38,10,51,165,47*65
$GIGSV,1,1,02,09,16,273,38,10,51,165,47*65
$GIGSV,1,1,02,09,16,273,38,10,51,165,47*65
$GIGSV,1,1,02,09,16,273,38,10,51,165,47*65
$GIGSV,1,1,02,09,16,273,38,10,51,165,47*65
$GIGSV,1,1,02,09,16,273,38,10,51,165,47*65
$GIGSV,1,1,02,09,16,273,38,10,51,165,47*65
$GIGSV,1,1,02,09,16,273,38,10,51,165,47*65
$GIGSV,1,1,02,09,16,273,38,10,51,165,47*65
$GIGSV,1,1,02,09,16,273,38,10,51,165,47*65
$GIGSV,1,1,02,09,16,273,38,10,51,165,47*65
$GIGSV,1,1,02,09,16,273,38,10,51,165,47*65
$GIGSV,1,1,02,09,16,273,38,10,51,165,47*65
$GIGSV,1,1,02,09,16,273,38,10,51,165,47*65
$GIGSV,1,1,02,09,16,273,38,10,51,165,47*65
$GIGSV,1,1,02,09,16,273,38,10,51,165,47*65
$GIGSV,1,1,02,09,16,273,38,10,51,165,47*65
$GIGSV,1,1,02,09,16,273,38,10,51,165,47*65
$GIGSV,1,1,02,09,16,273,38,10,51,165,47*65
$GIGSV,1,1,02,09,16,273,38,10,51,165,47*65
$GIGSV,1,1,02,09,16,273,38,10,51,165,47*65
$GIGSV,1,1,02,09,16,273,37,10,51,165,47*6A
$GIGSV,1,1,02,09,16,273,37,10,51,165,47*6A
$GIGSV,1,1,02,09,16,273,37,10,51,165,47*6A
$GIGSV,1,1,02,09,16,273,37,10,51,165,47*6A
$GIGSV,1,1,02,09,16,273,37,10,51,165,47*6A
$GIGSV,1,1,02,09,16,273,37,10,51,165,47*6A
$GIGSV,1,1,02,09,16,273,37,10,51,165,47*6A
$GIGSV,1,1,02,09,16,273,37,10,51,165,47*6A
$GIGSV,1,1,02,09,16,273,37,10,51,165,47*6A
$GIGSV,1,1,02,09,16,273,37,10,51,165,47*6A
$GIGSV,1,1,02,09,16,273,37,10,51,165,47*6A
$GIGSV,1,1,02,09,17,273,38,10,51,165,47*64
$GIGSV,1,1,02,09,17,273,38,10,51,165,47*64
$GIGSV,1,1,02,09,17,273,38,10,51,165,47*64
$GIGSV,1,1,02,09,17,273,38,10,51,165,47*64
$GIGSV,1,1,02,09,17,273,38,10,51,165,47*64
$GIGSV,1,1,02,09,17,273,38,10,51,165,47*64
$GIGSV,1,1,02,09,17,273,38,10,51,165,47*64
$GIGSV,1,1,02,09,17,273,38,10,51,165,47*64
$GIGSV,1,1,02,09,17,273,39,10,51,165,47*65
$GIGSV,1,1,02,09,17,273,39,10,51,165,47*65
$GIGSV,1,1,02,09,17,273,39,10,51,165,47*65
$GIGSV,1,1,02,09,17,273,39,10,51,165,47*65
$GIGSV,1,1,02,09,17,273,39,10,51,165,47*65
$GIGSV,1,1,02,09,17,273,39,10,51,165,47*65
$GIGSV,1,1,02,09,17,273,39,10,51,165,47*65
$GIGSV,1,1,02,09,17,273,39,10,51,165,47*65
$GIGSV,1,1,02,09,17,273,39,10,51,165,47*65
$GIGSV,1,1,02,09,17,273,39,10,51,165,47*65
$GIGSV,1,1,02,09,17,273,39,10,51,165,47*65
$GIGSV,1,1,02,09,17,273,39,10,51,165,47*65
$GIGSV,1,1,02,09,17,273,39,10,51,165,46*64
$GIGSV,1,1,02,09,17,273,39,10,51,165,46*64
$GIGSV,1,1,02,09,17,273,39,10,51,165,46*64
$GIGSV,1,1,02,09,17,273,39,10,51,165,46*64
$GIGSV,1,1,02,09,17,273,39,10,51,165,46*64
$GIGSV,1,1,02,09,17,273,40,10,51,165,46*6A
$GIGSV,1,1,02,09,17,273,40,10,51,165,46*6A
$GIGSV,1,1,02,09,17,273,40,10,51,165,46*6A
$GIGSV,1,1,02,09,17,273,40,10,51,165,46*6A
$GIGSV,1,1,02,09,17,273,40,10,51,165,46*6A
$GIGSV,1,1,02,09,17,273,40,10,51,165,46*6A
$GIGSV,1,1,02,09,17,273,40,10,51,165,46*6A
$GIGSV,1,1,02,09,17,273,40,10,51,165,46*6A
$GIGSV,1,1,02,09,17,273,40,10,51,165,46*6A
$GIGSV,1,1,02,09,17,273,40,10,51,165,46*6A
$GIGSV,1,1,02,09,17,273,40,10,51,165,46*6A
$GIGSV,1,1,02,09,17,273,40,10,51,165,46*6A
$GIGSV,1,1,02,09,17,273,40,10,51,165,46*6A
$GIGSV,1,1,02,09,17,273,40,10,51,165,46*6A
$GIGSV,1,1,02,09,17,273,40,10,51,165,46*6A
$GIGSV,1,1,02,09,17,273,39,10,51,165,46*64
$GIGSV,1,1,02,09,17,273,39,10,51,165,46*64
$GIGSV,1,1,02,09,17,273,39,10,51,165,46*64
$GIGSV,1,1,02,09,17,273,39,10,51,165,46*64
$GIGSV,1,1,02,09,17,273,39,10,51,165,46*64
$GIGSV,1,1,02,09,17,273,39,10,51,165,46*64
$GIGSV,1,1,02,09,17,273,39,10,51,165,46*64
$GIGSV,1,1,02,09,17,273,39,10,51,165,46*64
$GIGSV,1,1,02,09,17,273,39,10,51,165,46*64
$GIGSV,1,1,02,09,17,273,39,10,51,165,46*64
$GIGSV,1,1,02,09,17,273,39,10,51,165,45*67
$GIGSV,1,1,02,09,17,273,39,10,51,165,45*67
$GIGSV,1,1,02,09,17,273,39,10,51,165,45*67
$GIGSV,1,1,02,09,17,273,39,10,51,165,45*67
$GIGSV,1,1,02,09,17,273,39,10,51,165,45*67
$GIGSV,1,1,02,09,17,273,39,10,51,165,45*67
$GIGSV,1,1,02,09,17,273,39,10,51,165,45*67
$GIGSV,1,1,02,09,17,273,39,10,51,165,45*67
$GIGSV,1,1,02,09,17,273,39,10,51,165,45*67
$GIGSV,1,1,02,09,17,273,40,10,51,165,45*69
$GIGSV,1,1,02,09,17,273,40,10,51,165,45*69
$GIGSV,1,1,02,09,17,273,40,10,51,165,45*69
$GIGSV,1,1,02,09,17,273,40,10,51,165,45*69
$GIGSV,1,1,02,09,17,273,40,10,51,165,45*69
$GIGSV,1,1,02,09,17,273,40,10,51,165,45*69
$GIGSV,1,1,02,09,17,273,40,10,51,165,45*69
$GIGSV,1,1,02,09,17,274,40,10,51,165,45*6E
$GIGSV,1,1,02,09,17,274,40,10,51,165,45*6E
$GIGSV,1,1,02,09,17,274,40,10,51,165,45*6E
$GIGSV,1,1,02,09,17,274,40,10,51,165,45*6E
$GIGSV,1,1,02,09,17,274,40,10,51,165,45*6E
$GIGSV,1,1,02,09,17,274,40,10,51,165,45*6E
$GIGSV,1,1,02,09,17,274,40,10,51,165,45*6E
$GIGSV,1,1,02,09,17,274,40,10,51,165,45*6E
$GIGSV,1,1,02,09,17,274,40,10,51,165,45*6E
$GIGSV,1,1,02,09,17,274,41,10,51,165,45*6F
$GIGSV,1,1,02,09,17,274,41,10,51,165,45*6F
$GIGSV,1,1,02,09,17,274,41,10,51,165,45*6F
$GIGSV,1,1,02,09,17,274,41,10,51,165,45*6F
$GIGSV,1,1,02,09,17,274,41,10,51,165,45*6F
$GIGSV,1,1,02,09,17,274,41,10,51,165,45*6F
$GIGSV,1,1,02,09,17,274,41,10,51,165,45*6F
$GIGSV,1,1,02,09,17,274,41,10,51,165,45*6F
$GIGSV,1,1,02,09,17,274,41,10,51,165,45*6F
$GIGSV,1,1,02,09,17,274,41,10,51,165,45*6F
$GIGSV,1,1,02,09,17,274,41,10,51,165,45*6F
$GIGSV,1,1,02,09,17,274,41,10,51,165,45*6F
$GIGSV,1,1,02,09,17,274,41,10,51,165,45*6F
$GIGSV,1,1,02,09,17,274,41,10,51,165,45*6F
$GIGSV,1,1,02,09,17,274,41,10,51,165,45*6F
$GIGSV,1,1,02,09,17,274,41,10,51,165,45*6F
$GIGSV,1,1,02,09,17,274,41,10,51,165,45*6F
$GIGSV,1,1,02,09,17,274,41,10,51,165,45*6F
$GIGSV,1,1,02,09,17,274,41,10,51,165,45*6F
$GIGSV,1,1,02,09,17,274,41,10,51,165,45*6F
$GIGSV,1,1,02,09,17,274,41,10,51,165,45*6F
$GIGSV,1,1,02,09,17,274,41,10,51,165,45*6F
$GIGSV,1,1,02,09,17,274,41,10,51,165,45*6F
$GIGSV,1,1,02,09,17,274,41,10,51,165,45*6F
$GIGSV,1,1,02,09,17,274,41,10,51,165,45*6F
$GIGSV,1,1,02,09,17,274,41,10,51,165,45*6F
$GIGSV,1,1,02,09,17,274,41,10,51,165,45*6F
$GIGSV,1,1,02,09,17,274,41,10,51,165,45*6F
$GIGSV,1,1,02,09,17,274,41,10,51,165,44*6E
$GIGSV,1,1,02,09,17,274,41,10,51,165,44*6E
$GIGSV,1,1,02,09,17,274,41,10,51,165,44*6E
$GIGSV,1,1,02,09,17,274,41,10,51,165,44*6E
$GIGSV,1,1,02,09,17,274,41,10,51,165,44*6E
$GIGSV,1,1,02,09,17,274,41,10,51,165,44*6E
$GIGSV,1,1,02,09,17,274,41,10,51,165,44*6E
$GIGSV,1,1,02,09,17,274,41,10,51,165,44*6E
$GIGSV,1,1,02,09,17,274,41,10,51,165,44*6E
$GIGSV,1,1,02,09,17,274,41,10,51,165,44*6E
$GIGSV,1,1,02,09,17,274,41,10,51,165,44*6E
$GIGSV,1,1,02,09,17,274,41,10,51,165,44*6E
$GIGSV,1,1,02,09,17,274,41,10,51,165,44*6E
$GIGSV,1,1,02,09,17,274,41,10,51,165,44*6E
$GIGSV,1,1,02,09,17,274,41,10,51,165,44*6E
$GIGSV,1,1,02,09,17,274,41,10,51,165,44*6E
$GIGSV,1,1,02,09,17,274,41,10,51,165,44*6E
$GIGSV,1,1,02,09,17,274,41,10,51,165,44*6E
$GIGSV,1,1,02,09,17,274,41,10,51,165,44*6E
$GIGSV,1,1,02,09,17,274,41,10,51,165,44*6E
$GIGSV,1,1,02,09,17,274,41,10,51,165,44*6E
$GIGSV,1,1,02,09,17,274,41,10,51,165,44*6E
$GIGSV,1,1,02,09,17,274,41,10,51,165,44*6E
$GIGSV,1,1,02,09,17,274,41,10,51,165,44*6E
$GIGSV,1,1,02,09,17,274,41,10,51,165,44*6E
$GIGSV,1,1,02,09,17,274,41,10,51,165,44*6E
$GIGSV,1,1,02,09,17,274,41,10,51,165,44*6E
$GIGSV,1,1,02,09,17,274,41,10,51,165,44*6E
$GIGSV,1,1,02,09,17,274,41,10,51,165,44*6E
$GIGSV,1,1,02,09,17,274,41,10,51,165,44*6E
$GIGSV,1,1,02,09,17,274,41,10,51,165,44*6E
$GIGSV,1,1,02,09,17,274,41,10,51,165,44*6E
$GIGSV,1,1,02,09,17,274,41,10,51,165,44*6E
$GIGSV,1,1,02,09,17,274,41,10,51,165,44*6E
$GIGSV,1,1,02,09,17,274,41,10,51,165,44*6E
$GIGSV,1,1,02,09,17,274,41,10,51,165,44*6E
$GIGSV,1,1,02,09,17,274,41,10,51,165,44*6E
$GIGSV,1,1,02,09,17,274,41,10,51,165,44*6E
$GIGSV,1,1,02,09,17,274,42,10,51,165,44*6D
$GIGSV,1,1,02,09,17,274,42,10,51,165,44*6D
$GIGSV,1,1,02,09,17,274,42,10,51,165,44*6D
$GIGSV,1,1,02,09,17,274,42,10,51,165,44*6D
$GIGSV,1,1,02,09,17,274,42,10,51,165,44*6D
$GIGSV,1,1,02,09,17,274,42,10,51,165,44*6D
$GIGSV,1,1,02,09,17,274,42,10,51,165,44*6D
$GIGSV,1,1,02,09,17,274,42,10,51,165,44*6D
$GIGSV,1,1,02,09,17,274,42,10,51,165,44*6D
$GIGSV,1,1,02,09,17,274,42,10,51,165,44*6D
$GIGSV,1,1,02,09,17,274,42,10,51,165,44*6D
$GIGSV,1,1,02,09,17,274,42,10,51,165,44*6D
$GIGSV,1,1,02,09,17,274,42,10,51,165,44*6D
$GIGSV,1,1,02,09,17,274,42,10,51,165,44*6D
$GIGSV,1,1,02,09,17,274,42,10,51,165,44*6D
$GIGSV,1,1,02,09,17,274,42,10,51,165,44*6D
$GIGSV,1,1,02,09,17,274,42,10,51,165,44*6D
$GIGSV,1,1,02,09,17,274,42,10,51,165,44*6D
$GIGSV,1,1,02,09,17,274,42,10,51,165,44*6D
$GIGSV,1,1,02,09,17,274,42,10,51,165,44*6D
$GIGSV,1,1,02,09,17,274,42,10,51,165,44*6D
$GIGSV,1,1,02,09,17,274,42,10,51,165,44*6D
$GIGSV,1,1,02,09,17,274,42,10,51,165,44*6D
$GIGSV,1,1,02,09,17,274,42,10,51,165,44*6D
$GIGSV,1,1,02,09,17,274,42,10,51,165,44*6D
$GIGSV,1,1,02,09,17,274,42,10,51,165,44*6D
$GIGSV,1,1,02,09,17,274,42,10,51,165,44*6D
$GIGSV,1,1,02,09,17,274,42,10,51,165,44*6D
$GIGSV,1,1,02,09,17,274,42,10,51,165,44*6D
$GIGSV,1,1,02,09,17,274,42,10,51,165,44*6D
$GIGSV,1,1,02,09,17,274,42,10,51,165,44*6D
$GIGSV,1,1,02,09,17,274,42,10,51,165,44*6D
$GIGSV,1,1,02,09,17,274,42,10,51,165,44*6D
$GIGSV,1,1,02,09,17,274,42,10,51,165,44*6D
$GIGSV,1,1,02,09,17,274,42,10,51,165,44*6D
$GIGSV,1,1,02,09,17,274,42,10,51,165,44*6D
$GIGSV,1,1,02,09,17,274,42,10,51,165,44*6D
$GIGSV,1,1,02,09,17,274,42,10,51,165,44*6D
$GIGSV,1,1,02,09,17,274,42,10,51,165,44*6D
$GIGSV,1,1,02,09,17,274,42,10,51,165,44*6D
$GIGSV,1,1,02,09,17,274,42,10,51,165,44*6D
$GIGSV,1,1,02,09,17,274,42,10,51,165,44*6D
$GIGSV,1,1,02,09,17,274,42,10,51,165,44*6D
$GIGSV,1,1,02,09,17,274,42,10,51,165,44*6D
$GIGSV,1,1,02,09,17,274,42,10,51,165,44*6D
$GIGSV,1,1,02,09,17,274,42,10,51,165,44*6D
$GIGSV,1,1,02,09,17,274,42,10,51,165,44*6D
$GIGSV,1,1,02,09,17,274,42,10,51,165,44*6D
$GIGSV,1,1,02,09,17,274,42,10,51,165,44*6D
$GIGSV,1,1,02,09,17,274,42,10,51,165,44*6D
$GIGSV,1,1,02,09,17,274,42,10,51,165,44*6D
$GIGSV,1,1,02,09,17,274,42,10,51,165,44*6D
$GIGSV,1,1,02,09,17,274,42,10,51,165,44*6D
$GIGSV,1,1,02,09,17,274,42,10,51,165,44*6D
$GIGSV,1,1,02,09,17,274,42,10,51,165,44*6D
$GIGSV,1,1,02,09,17,274,42,10,51,165,44*6D
$GIGSV,1,1,02,09,17,274,42,10,51,165,44*6D
$GIGSV,1,1,02,09,17,274,42,10,51,165,44*6D
$GIGSV,1,1,02,09,17,274,42,10,51,165,44*6D
$GIGSV,1,1,02,09,17,274,42,10,51,165,44*6D
$GIGSV,1,1,02,09,17,274,42,10,51,165,44*6D
$GIGSV,1,1,02,09,17,274,42,10,51,165,44*6D
$GIGSV,1,1,02,09,17,274,42,10,51,165,44*6D
$GIGSV,1,1,02,09,17,274,42,10,51,165,44*6D
$GIGSV,1,1,02,09,17,274,42,10,51,165,44*6D
$GIGSV,1,1,02,09,17,274,42,10,51,165,44*6D
$GIGSV,1,1,02,09,17,274,42,10,51,165,44*6D
$GIGSV,1,1,02,09,17,274,42,10,51,165,44*6D
$GIGSV,1,1,02,09,17,274,42,10,51,165,44*6D
$GIGSV,1,1,02,09,17,274,42,10,51,165,44*6D
$GIGSV,1,1,02,09,17,274,42,10,51,165,44*6D
$GIGSV,1,1,02,09,17,274,42,10,51,165,44*6D
$GIGSV,1,1,02,09,17,274,42,10,51,165,44*6D
$GIGSV,1,1,02,09,17,274,43,10,51,165,44*6C
$GIGSV,1,1,02,09,17,274,43,10,51,165,44*6C
$GIGSV,1,1,02,09,17,274,43,10,51,165,44*6C
$GIGSV,1,1,02,09,17,274,43,10,51,165,44*6C
$GIGSV,1,1,02,09,17,274,43,10,51,165,44*6C
$GIGSV,1,1,02,09,17,274,43,10,51,165,44*6C
$GIGSV,1,1,02,09,17,274,43,10,51,165,44*6C
$GIGSV,1,1,02,09,17,274,43,10,51,165,44*6C
$GIGSV,1,1,02,09,17,274,43,10,51,165,44*6C
$GIGSV,1,1,02,09,17,274,43,10,51,165,44*6C
$GIGSV,1,1,02,09,17,274,43,10,51,165,44*6C
$GIGSV,1,1,02,09,17,274,43,10,51,165,44*6C
$GIGSV,1,1,02,09,17,274,43,10,51,165,44*6C
$GIGSV,1,1,02,09,17,274,43,10,51,165,44*6C
$GIGSV,1,1,02,09,17,274,43,10,51,165,44*6C
$GIGSV,1,1,02,09,17,274,43,10,51,165,44*6C
$GIGSV,1,1,02,09,17,274,43,10,51,165,44*6C
$GIGSV,1,1,02,09,17,274,43,10,51,165,44*6C
$GIGSV,1,1,02,09,17,274,43,10,51,165,44*6C
$GIGSV,1,1,02,09,17,274,43,10,51,165,44*6C
$GIGSV,1,1,02,09,17,274,43,10,51,165,44*6C
$GIGSV,1,1,02,09,17,274,43,10,51,165,44*6C
$GIGSV,1,1,02,09,17,274,43,10,51,165,44*6C
$GIGSV,1,1,02,09,17,274,43,10,51,165,44*6C
$GIGSV,1,1,02,09,17,274,43,10,51,165,44*6C
$GIGSV,1,1,02,09,17,274,43,10,51,165,44*6C
$GIGSV,1,1,02,09,17,274,43,10,51,165,44*6C
$GIGSV,1,1,02,09,17,274,43,10,51,165,44*6C
$GIGSV,1,1,02,09,17,274,43,10,51,165,44*6C
$GIGSV,1,1,02,09,17,274,43,10,51,165,44*6C
$GIGSV,1,1,02,09,17,274,43,10,51,165,44*6C
$GIGSV,1,1,02,09,17,274,43,10,51,165,44*6C
$GIGSV,1,1,02,09,17,274,43,10,51,165,44*6C
$GIGSV,1,1,02,09,17,274,43,10,51,165,44*6C
$GIGSV,1,1,02,09,17,274,43,10,51,165,44*6C
$GIGSV,1,1,02,09,17,274,43,10,51,165,44*6C
$GIGSV,1,1,02,09,17,274,43,10,51,165,44*6C
$GIGSV,1,1,02,09,17,274,43,10,51,165,44*6C
$GIGSV,1,1,02,09,17,274,43,10,51,165,44*6C
$GIGSV,1,1,02,09,17,274,43,10,51,165,44*6C
$GIGSV,1,1,02,09,17,274,43,10,51,165,44*6C
$GIGSV,1,1,02,09,17,274,43,10,51,165,44*6C
$GIGSV,1,1,02,09,17,274,43,10,51,165,44*6C
$GIGSV,1,1,02,09,17,274,43,10,51,165,44*6C
$GIGSV,1,1,02,09,17,274,43,10,51,165,44*6C
$GIGSV,1,1,02,09,17,274,43,10,51,165,44*6C
$GIGSV,1,1,02,09,17,274,43,10,51,165,44*6C
$GIGSV,1,1,02,09,17,274,42,10,51,165,44*6D
$GIGSV,1,1,02,09,17,274,42,10,51,165,44*6D
$GIGSV,1,1,02,09,17,274,42,10,51,165,44*6D
$GIGSV,1,1,02,09,17,274,42,10,51,165,44*6D
$GIGSV,1,1,02,09,17,274,42,10,51,165,44*6D
$GIGSV,1,1,02,09,17,274,42,10,51,165,44*6D
$GIGSV,1,1,02,09,17,274,42,10,51,165,44*6D
$GIGSV,1,1,02,09,17,274,42,10,51,165,44*6D
$GIGSV,1,1,02,09,17,274,42,10,51,165,44*6D
$GIGSV,1,1,02,09,17,274,42,10,51,165,44*6D
$GIGSV,1,1,02,09,17,274,42,10,51,165,44*6D
$GIGSV,1,1,02,09,17,274,42,10,51,165,44*6D
$GIGSV,1,1,02,09,17,274,42,10,51,165,44*6D
$GIGSV,1,1,02,09,17,274,42,10,51,165,45*6C
$GIGSV,1,1,02,09,17,274,42,10,51,165,45*6C
$GIGSV,1,1,02,09,17,274,42,10,51,165,45*6C
$GIGSV,1,1,02,09,17,274,42,10,51,165,45*6C
$GIGSV,1,1,02,09,17,274,42,10,51,165,45*6C
$GIGSV,1,1,02,09,17,274,42,10,51,165,45*6C
$GIGSV,1,1,02,09,17,274,42,10,51,165,45*6C
$GIGSV,1,1,02,09,17,274,42,10,51,165,45*6C
$GIGSV,1,1,02,09,17,274,42,10,51,165,45*6C
$GIGSV,1,1,02,09,17,274,42,10,51,165,45*6C
$GIGSV,1,1,02,09,17,274,42,10,51,165,45*6C
$GIGSV,1,1,02,09,17,274,42,10,51,165,45*6C
$GIGSV,1,1,02,09,17,274,42,10,51,165,45*6C
$GIGSV,1,1,02,09,17,274,42,10,51,165,45*6C
$GIGSV,1,1,02,09,17,274,42,10,51,165,45*6C
$GIGSV,1,1,02,09,17,274,42,10,51,165,45*6C
$GIGSV,1,1,02,09,17,274,42,10,51,165,45*6C
$GIGSV,1,1,02,09,17,274,42,10,51,165,45*6C
$GIGSV,1,1,02,09,17,274,42,10,51,165,45*6C
$GIGSV,1,1,02,09,17,274,42,10,51,165,45*6C
$GIGSV,1,1,02,09,17,274,42,10,51,165,45*6C
$GIGSV,1,1,02,09,17,274,42,10,51,165,45*6C
$GIGSV,1,1,02,09,17,274,42,10,51,165,45*6C
$GIGSV,1,1,02,09,17,274,42,10,51,165,45*6C
$GIGSV,1,1,02,09,17,274,42,10,51,165,45*6C
$GIGSV,1,1,02,09,17,274,42,10,51,165,45*6C
$GIGSV,1,1,02,09,17,274,42,10,51,165,45*6C
$GIGSV,1,1,02,09,17,274,42,10,51,165,45*6C
$GIGSV,1,1,02,09,17,274,42,10,51,165,45*6C
$GIGSV,1,1,02,09,17,274,42,10,51,165,45*6C
$GIGSV,1,1,02,09,17,274,42,10,51,165,45*6C
$GIGSV,1,1,02,09,17,274,42,10,51,165,45*6C
$GIGSV,1,1,02,09,17,274,42,10,51,165,45*6C
$GIGSV,1,1,02,09,17,274,42,10,51,165,45*6C
$GIGSV,1,1,02,09,17,274,42,10,51,165,45*6C
$GIGSV,1,1,02,09,17,274,42,10,51,165,45*6C
$GIGSV,1,1,02,09,17,274,42,10,51,165,45*6C
$GIGSV,1,1,02,09,17,274,42,10,51,165,45*6C
$GIGSV,1,1,02,09,17,274,42,10,51,165,45*6C
$GIGSV,1,1,02,09,17,274,42,10,51,165,45*6C
$GIGSV,1,1,02,09,17,274,42,10,51,165,45*6C
$GIGSV,1,1,02,09,17,274,42,10,51,165,45*6C
$GIGSV,1,1,02,09,17,274,42,10,51,165,45*6C
$GIGSV,1,1,02,09,17,274,42,10,51,165,45*6C
$GIGSV,1,1,02,09,17,274,42,10,51,165,45*6C
$GIGSV,1,1,02,09,17,274,42,10,51,165,45*6C
$GIGSV,1,1,02,09,17,274,42,10,51,165,45*6C
$GIGSV,1,1,02,09,17,274,42,10,51,165,44*6D
$GIGSV,1,1,02,09,17,274,42,10,51,165,44*6D
$GIGSV,1,1,02,09,17,274,42,10,51,165,44*6D
$GIGSV,1,1,02,09,17,274,42,10,51,165,44*6D
$GIGSV,1,1,02,09,17,274,42,10,51,165,44*6D
$GIGSV,1,1,02,09,17,274,42,10,51,165,44*6D
$GIGSV,1,1,02,09,17,274,42,10,51,165,44*6D
$GIGSV,1,1,02,09,17,274,42,10,51,165,44*6D
$GIGSV,1,1,02,09,17,274,41,10,51,165,44*6E
$GIGSV,1,1,02,09,17,274,41,10,51,165,44*6E
$GIGSV,1,1,02,09,17,274,41,10,51,165,44*6E
$GIGSV,1,1,02,09,17,274,41,10,51,165,44*6E
$GIGSV,1,1,02,09,17,274,41,10,51,165,45*6F
$GIGSV,1,1,02,09,17,274,41,10,51,165,45*6F
$GIGSV,1,1,02,09,17,274,41,10,51,165,45*6F
$GIGSV,1,1,02,09,17,274,41,10,51,165,45*6F
$GIGSV,1,1,02,09,17,274,41,10,51,165,45*6F
$GIGSV,1,1,02,09,17,274,41,10,51,165,45*6F
$GIGSV,1,1,02,09,17,274,41,10,51,165,45*6F
$GIGSV,1,1,02,09,17,274,41,10,51,165,45*6F
$GIGSV,1,1,02,09,17,274,41,10,51,165,45*6F
$GIGSV,1,1,02,09,17,274,41,10,51,165,45*6F
$GIGSV,1,1,02,09,17,274,41,10,51,165,45*6F
$GIGSV,1,1,02,09,17,274,41,10,51,165,45*6F
$GIGSV,1,1,02,09,17,274,41,10,51,165,45*6F
$GIGSV,1,1,02,09,17,274,41,10,51,165,45*6F
$GIGSV,1,1,02,09,17,274,41,10,51,165,45*6F
$GIGSV,1,1,02,09,17,274,41,10,51,165,45*6F
$GIGSV,1,1,02,09,17,274,41,10,51,165,45*6F
$GIGSV,1,1,02,09,17,274,41,10,51,165,45*6F
$GIGSV,1,1,02,09,17,274,41,10,51,165,45*6F
$GIGSV,1,1,02,09,17,274,41,10,51,165,45*6F
$GIGSV,1,1,02,09,17,274,41,10,51,165,45*6F
$GIGSV,1,1,02,09,17,274,41,10,51,165,45*6F
$GIGSV,1,1,02,09,17,274,41,10,51,165,45*6F
$GIGSV,1,1,02,09,17,274,41,10,51,165,45*6F
$GIGSV,1,1,02,09,17,274,41,10,51,165,45*6F
$GIGSV,1,1,02,09,17,274,41,10,51,165,45*6F
$GIGSV,1,1,02,09,17,274,41,10,51,165,45*6F
$GIGSV,1,1,02,09,17,274,41,10,51,165,45*6F
$GIGSV,1,1,02,09,17,274,41,10,51,165,45*6F
$GIGSV,1,1,02,09,17,274,41,10,51,165,45*6F
$GIGSV,1,1,02,09,17,274,41,10,51,165,45*6F
$GIGSV,1,1,02,09,17,274,41,10,51,165,45*6F
$GIGSV,1,1,02,09,17,274,41,10,51,165,45*6F
$GIGSV,1,1,02,09,17,274,41,10,51,165,45*6F
$GIGSV,1,1,02,09,17,274,41,10,51,165,45*6F
$GIGSV,1,1,02,09,17,274,41,10,51,165,45*6F
$GIGSV,1,1,02,09,17,274,41,10,51,165,45*6F
$GIGSV,1,1,02,09,17,274,41,10,51,165,45*6F
$GIGSV,1,1,02,09,17,274,41,10,51,165,45*6F
$GIGSV,1,1,02,09,17,274,41,10,51,165,45*6F
$GIGSV,1,1,02,09,17,274,41,10,51,165,45*6F
$GIGSV,1,1,02,09,17,274,41,10,51,165,45*6F
$GIGSV,1,1,02,09,17,274,41,10,51,165,45*6F
$GIGSV,1,1,02,09,17,274,41,10,51,165,45*6F
$GIGSV,1,1,02,09,17,274,41,10,51,165,45*6F
$GIGSV,1,1,02,09,17,274,41,10,51,165,45*6F
$GIGSV,1,1,02,09,17,274,41,10,51,165,45*6F
$GIGSV,1,1,02,09,17,274,41,10,51,165,45*6F
$GIGSV,1,1,02,09,17,274,41,10,51,165,45*6F
$GIGSV,1,1,02,09,17,274,41,10,51,165,45*6F
$GIGSV,1,1,02,09,17,274,41,10,51,165,45*6F
$GIGSV,1,1,02,09,17,274,41,10,51,165,45*6F
$GIGSV,1,1,02,09,17,274,41,10,51,165,45*6F
$GIGSV,1,1,02,09,17,274,41,10,51,165,45*6F
$GIGSV,1,1,02,09,17,274,41,10,51,165,45*6F
$GIGSV,1,1,02,09,17,274,41,10,51,165,45*6F
$GIGSV,1,1,02,09,17,274,41,10,51,165,45*6F
$GIGSV,1,1,02,09,17,274,41,10,51,165,45*6F
$GIGSV,1,1,02,09,17,274,41,10,51,165,45*6F
$GIGSV,1,1,02,09,17,274,41,10,51,165,45*6F
$GIGSV,1,1,02,09,17,274,41,10,51,165,45*6F
$GIGSV,1,1,02,09,17,274,41,10,51,165,45*6F
$GIGSV,1,1,02,09,17,274,40,10,51,165,45*6E
$GIGSV,1,1,02,09,17,274,40,10,51,165,45*6E
$GIGSV,1,1,02,09,17,274,40,10,51,165,45*6E
$GIGSV,1,1,02,09,17,274,40,10,51,165,45*6E
$GIGSV,1,1,02,09,17,274,40,10,51,165,45*6E
$GIGSV,1,1,02,09,17,274,40,10,51,165,45*6E
$GIGSV,1,1,02,09,17,274,40,10,51,165,45*6E
$GIGSV,1,1,02,09,17,274,40,10,51,165,45*6E
$GIGSV,1,1,02,09,17,274,40,10,51,165,45*6E
$GIGSV,1,1,02,09,17,274,40,10,51,165,45*6E
$GIGSV,1,1,02,09,17,274,40,10,51,165,45*6E
$GIGSV,1,1,02,09,17,274,40,10,51,165,45*6E
$GIGSV,1,1,02,09,17,274,40,10,51,165,45*6E
$GIGSV,1,1,02,09,17,274,40,10,51,165,45*6E
$GIGSV,1,1,02,09,17,274,40,10,51,165,45*6E
$GIGSV,1,1,02,09,17,274,40,10,51,165,45*6E
$GIGSV,1,1,02,09,17,274,40,10,51,165,45*6E
$GIGSV,1,1,02,09,17,274,40,10,51,165,45*6E
$GIGSV,1,1,02,09,17,274,40,10,51,165,45*6E
$GIGSV,1,1,02,09,17,274,40,10,51,165,45*6E
$GIGSV,1,1,02,09,17,274,40,10,51,165,45*6E
$GIGSV,1,1,02,09,17,274,40,10,51,165,45*6E
$GIGSV,1,1,02,09,17,274,40,10,51,165,45*6E
$GIGSV,1,1,02,09,17,274,40,10,51,165,45*6E
$GIGSV,1,1,02,09,17,274,40,10,51,165,45*6E
$GIGSV,1,1,02,09,17,274,40,10,51,165,45*6E
$GIGSV,1,1,02,09,17,274,40,10,51,165,45*6E
$GIGSV,1,1,02,09,17,274,40,10,51,165,45*6E
$GIGSV,1,1,02,09,17,274,40,10,51,165,45*6E
$GIGSV,1,1,02,09,17,274,40,10,51,165,45*6E
$GIGSV,1,1,02,09,17,274,40,10,51,165,45*6E
$GIGSV,1,1,02,09,17,274,40,10,51,165,45*6E
$GIGSV,1,1,02,09,17,274,40,10,51,165,45*6E
$GIGSV,1,1,02,09,17,274,40,10,51,165,45*6E
$GIGSV,1,1,02,09,17,274,40,10,51,165,45*6E
$GIGSV,1,1,02,09,17,274,40,10,51,165,45*6E
$GIGSV,1,1,02,09,17,274,40,10,51,165,45*6E
$GIGSV,1,1,02,09,17,274,40,10,51,165,45*6E
$GIGSV,1,1,02,09,17,274,40,10,51,165,45*6E
$GIGSV,1,1,02,09,17,274,40,10,51,165,45*6E
$GIGSV,1,1,02,09,17,274,41,10,51,165,45*6F
$GIGSV,1,1,02,09,17,274,41,10,51,165,45*6F
$GIGSV,1,1,02,09,17,274,41,10,51,165,45*6F
$GIGSV,1,1,02,09,17,274,40,10,51,165,45*6E
$GIGSV,1,1,02,09,17,274,40,10,51,165,45*6E
$GIGSV,1,1,02,09,17,274,40,10,51,165,45*6E
$GIGSV,1,1,02,09,17,274,40,10,51,165,45*6E
$GIGSV,1,1,02,09,17,274,40,10,51,165,45*6E
$GIGSV,1,1,02,09,17,274,41,10,51,165,45*6F
$GIGSV,1,1,02,09,17,274,41,10,51,165,45*6F
$GIGSV,1,1,02,09,17,274,41,10,51,165,45*6F
$GIGSV,1,1,02,09,17,274,41,10,51,165,45*6F
$GIGSV,1,1,02,09,17,274,41,10,51,165,45*6F
$GIGSV,1,1,02,09,17,274,41,10,51,165,45*6F
$GIGSV,1,1,02,09,17,274,41,10,51,165,45*6F
$GIGSV,1,1,02,09,17,274,41,10,51,165,45*6F
$GIGSV,1,1,02,09,17,274,41,10,51,165,45*6F
$GIGSV,1,1,02,09,17,274,41,10,51,165,45*6F
$GIGSV,1,1,02,09,17,274,41,10,51,165,45*6F
$GIGSV,1,1,02,09,17,274,41,10,51,165,45*6F
$GIGSV,1,1,02,09,17,274,41,10,51,165,45*6F
$GIGSV,1,1,02,09,17,274,41,10,51,165,45*6F
$GIGSV,1,1,02,09,17,274,41,10,51,165,45*6F
$GIGSV,1,1,02,09,17,274,41,10,51,165,45*6F
$GIGSV,1,1,02,09,17,274,41,10,51,165,45*6F
$GIGSV,1,1,02,09,17,274,41,10,51,165,45*6F
$GIGSV,1,1,02,09,17,274,41,10,51,165,44*6E
$GIGSV,1,1,02,09,17,274,41,10,51,165,44*6E
$GIGSV,1,1,02,09,17,274,41,10,51,165,44*6E
$GIGSV,1,1,02,09,17,274,41,10,51,165,44*6E
$GIGSV,1,1,02,09,17,274,41,10,51,165,44*6E
$GIGSV,1,1,02,09,17,274,41,10,51,165,44*6E
$GIGSV,1,1,02,09,17,274,41,10,51,165,44*6E
$GIGSV,1,1,02,09,17,274,41,10,51,165,44*6E
$GIGSV,1,1,02,09,17,274,41,10,51,165,44*6E
$GIGSV,1,1,02,09,17,274,41,10,51,165,44*6E
$GIGSV,1,1,02,09,17,274,41,10,51,165,44*6E
$GIGSV,1,1,02,09,17,274,41,10,51,165,44*6E
$GIGSV,1,1,02,09,17,274,41,10,51,165,44*6E
$GIGSV,1,1,02,09,17,274,41,10,51,165,44*6E
$GIGSV,1,1,02,09,17,274,41,10,51,165,44*6E
$GIGSV,1,1,02,09,17,274,41,10,51,165,44*6E
$GIGSV,1,1,02,09,17,274,41,10,51,165,44*6E
$GIGSV,1,1,02,09,17,274,41,10,51,165,44*6E
$GIGSV,1,1,02,09,17,274,41,10,51,165,44*6E
$GIGSV,1,1,02,09,17,274,42,10,51,165,44*6D
$GIGSV,1,1,02,09,17,274,42,10,51,165,44*6D
$GIGSV,1,1,02,09,17,274,42,10,51,165,44*6D
$GIGSV,1,1,02,09,17,274,42,10,51,165,44*6D
$GIGSV,1,1,02,09,17,274,42,10,51,165,44*6D
$GIGSV,1,1,02,09,17,274,42,10,51,165,44*6D
$GIGSV,1,1,02,09,17,274,42,10,51,165,44*6D
$GIGSV,1,1,02,09,17,274,42,10,51,165,44*6D
$GIGSV,1,1,02,09,17,274,42,10,51,165,44*6D
$GIGSV,1,1,02,09,17,274,42,10,51,165,44*6D
$GIGSV,1,1,02,09,17,274,42,10,51,165,44*6D
$GIGSV,1,1,02,09,17,274,42,10,51,165,44*6D
$GIGSV,1,1,02,09,17,274,42,10,51,165,44*6D
$GIGSV,1,1,02,09,17,274,42,10,51,165,44*6D
$GIGSV,1,1,02,09,17,274,42,10,51,165,44*6D
$GIGSV,1,1,02,09,17,274,42,10,51,165,44*6D
$GIGSV,1,1,02,09,17,274,42,10,51,165,44*6D
$GIGSV,1,1,02,09,17,274,42,10,51,165,44*6D
$GIGSV,1,1,02,09,17,274,42,10,51,165,44*6D
$GIGSV,1,1,02,09,17,274,42,10,51,165,44*6D
$GIGSV,1,1,02,09,17,274,42,10,51,165,44*6D
$GIGSV,1,1,02,09,17,274,42,10,51,165,44*6D
$GIGSV,1,1,02,09,17,274,42,10,51,165,44*6D
$GIGSV,1,1,02,09,17,274,42,10,51,165,44*6D
$GIGSV,1,1,02,09,17,274,42,10,51,165,44*6D
$GIGSV,1,1,02,09,17,274,42,10,51,165,44*6D
$GIGSV,1,1,02,09,17,274,42,10,51,165,44*6D
$GIGSV,1,1,02,09,17,274,42,10,51,165,44*6D
$GIGSV,1,1,02,09,17,274,42,10,51,165,44*6D
$GIGSV,1,1,02,09,17,274,42,10,51,165,44*6D
$GIGSV,1,1,02,09,17,274,42,10,51,165,44*6D
$GIGSV,1,1,02,09,17,274,42,10,51,165,44*6D
$GIGSV,1,1,02,09,17,274,42,10,51,165,44*6D
$GIGSV,1,1,02,09,17,274,42,10,51,165,44*6D
$GIGSV,1,1,02,09,17,274,42,10,51,165,44*6D
$GIGSV,1,1,02,09,17,274,42,10,51,165,44*6D
$GIGSV,1,1,02,09,17,274,42,10,51,165,44*6D
$GIGSV,1,1,02,09,17,274,42,10,51,165,44*6D
$GIGSV,1,1,02,09,17,274,42,10,51,165,44*6D
$GIGSV,1,1,02,09,17,274,42,10,51,165,44*6D
$GIGSV,1,1,02,09,17,274,42,10,51,165,44*6D
$GIGSV,1,1,02,09,17,274,41,10,51,165,44*6E
$GIGSV,1,1,02,09,17,274,41,10,51,165,44*6E
$GIGSV,1,1,02,09,17,274,41,10,51,165,44*6E
$GIGSV,1,1,02,09,17,274,41,10,51,165,44*6E
$GIGSV,1,1,02,09,17,274,41,10,51,165,44*6E
$GIGSV,1,1,02,09,17,274,41,10,51,165,44*6E
$GIGSV,1,1,02,09,17,274,41,10,51,165,44*6E
$GIGSV,1,1,02,09,17,274,41,10,51,165,44*6E
$GIGSV,1,1,02,09,17,274,41,10,51,165,44*6E
$GIGSV,1,1,02,09,17,274,41,10,51,165,44*6E
$GIGSV,1,1,02,09,17,274,41,10,51,165,44*6E
$GIGSV,1,1,02,09,17,274,41,10,51,165,44*6E
$GIGSV,1,1,02,09,17,274,41,10,51,165,44*6E
$GIGSV,1,1,02,09,17,274,41,10,51,165,44*6E
$GIGSV,1,1,02,09,17,274,41,10,51,165,44*6E
$GIGSV,1,1,02,09,17,274,41,10,51,165,44*6E
$GIGSV,1,1,02,09,17,274,41,10,51,165,44*6E
$GIGSV,1,1,02,09,17,274,41,10,51,165,44*6E
$GIGSV,1,1,02,09,17,274,41,10,51,165,44*6E
$GIGSV,1,1,02,09,17,274,41,10,51,165,44*6E
$GIGSV,1,1,02,09,17,274,40,10,51,165,44*6F
$GIGSV,1,1,02,09,17,274,40,10,51,165,44*6F
$GIGSV,1,1,02,09,17,274,40,10,51,165,44*6F
$GIGSV,1,1,02,09,17,274,40,10,51,165,44*6F
$GIGSV,1,1,02,09,17,274,40,10,51,165,44*6F
$GIGSV,1,1,02,09,17,274,40,10,51,165,44*6F
$GIGSV,1,1,02,09,17,274,40,10,51,165,44*6F
$GIGSV,1,1,02,09,17,274,40,10,51,165,44*6F
$GIGSV,1,1,02,09,17,274,40,10,51,165,44*6F
$GIGSV,1,1,02,09,17,274,40,10,51,165,44*6F
$GIGSV,1,1,02,09,17,274,40,10,51,165,44*6F
$GIGSV,1,1,02,09,17,274,40,10,51,165,44*6F
$GIGSV,1,1,02,09,17,274,40,10,51,165,43*68
$GIGSV,1,1,02,09,17,274,40,10,51,165,43*68
$GIGSV,1,1,02,09,17,274,40,10,51,165,43*68
$GIGSV,1,1,02,09,17,274,40,10,51,165,43*68
$GIGSV,1,1,02,09,17,274,39,10,51,165,43*66
$GIGSV,1,1,02,09,17,274,39,10,51,165,43*66
$GIGSV,1,1,02,09,17,274,39,10,51,165,43*66
$GIGSV,1,1,02,09,17,274,39,10,51,165,43*66
$GIGSV,1,1,02,09,17,274,39,10,51,165,44*61
$GIGSV,1,1,02,09,17,274,39,10,51,165,44*61
$GIGSV,1,1,02,09,17,274,39,10,51,165,44*61
$GIGSV,1,1,02,09,17,274,39,10,51,165,44*61
$GIGSV,1,1,02,09,17,274,39,10,51,165,44*61
$GIGSV,1,1,02,09,17,274,39,10,51,165,44*61
$GIGSV,1,1,02,09,17,274,39,10,51,165,44*61
$GIGSV,1,1,02,09,17,274,39,10,51,165,44*61
$GIGSV,1,1,02,09,17,274,39,10,51,165,44*61
$GIGSV,1,1,02,09,17,274,39,10,51,165,44*61
$GIGSV,1,1,02,09,17,274,39,10,51,165,44*61
$GIGSV,1,1,02,09,17,274,39,10,51,165,44*61
$GIGSV,1,1,02,09,17,274,39,10,51,165,44*61
$GIGSV,1,1,02,09,17,274,39,10,51,165,44*61
$GIGSV,1,1,02,09,17,274,39,10,51,165,44*61
$GIGSV,1,1,02,09,17,274,38,10,51,165,44*60
$GIGSV,1,1,02,09,17,274,38,10,51,165,44*60
$GIGSV,1,1,02,09,17,274,38,10,51,165,44*60
$GIGSV,1,1,02,09,17,274,38,10,51,165,44*60
$GIGSV,1,1,02,09,17,274,38,10,51,165,44*60
$GIGSV,1,1,02,09,17,274,38,10,51,165,43*67
$GIGSV,1,1,02,09,17,274,38,10,51,165,43*67
$GIGSV,1,1,02,09,17,274,38,10,51,165,44*60
$GIGSV,1,1,02,09,17,274,38,10,51,165,44*60
$GIGSV,1,1,02,09,17,274,38,10,51,165,44*60
$GIGSV,1,1,02,09,17,274,38,10,51,165,44*60
$GIGSV,1,1,02,09,17,274,38,10,51,165,44*60
$GIGSV,1,1,02,09,17,274,38,10,51,165,44*60
$GIGSV,1,1,02,09,17,274,39,10,51,165,44*61
$GIGSV,1,1,02,09,17,274,39,10,51,165,44*61
$GIGSV,1,1,02,09,17,274,39,10,51,165,44*61
$GIGSV,1,1,02,09,17,274,39,10,51,165,44*61
$GIGSV,1,1,02,09,17,274,39,10,51,165,44*61
$GIGSV,1,1,02,09,17,274,39,10,51,165,44*61
$GIGSV,1,1,02,09,17,274,39,10,51,165,44*61
$GIGSV,1,1,02,09,17,274,39,10,51,165,44*61
$GIGSV,1,1,02,09,17,274,39,10,51,165,44*61
$GIGSV,1,1,02,09,17,274,39,10,51,165,44*61
$GIGSV,1,1,02,09,17,274,39,10,51,165,44*61
$GIGSV,1,1,02,09,17,274,39,10,51,165,44*61
$GIGSV,1,1,02,09,17,274,39,10,51,165,44*61
$GIGSV,1,1,02,09,17,274,39,10,51,165,44*61
$GIGSV,1,1,02,09,17,274,39,10,51,165,44*61
$GIGSV,1,1,02,09,17,274,39,10,51,165,44*61
$GIGSV,1,1,02,09,17,274,39,10,51,165,44*61
$GIGSV,1,1,02,09,17,274,40,10,51,165,44*6F
$GIGSV,1,1,02,09,17,274,40,10,51,165,44*6F
$GIGSV,1,1,02,09,17,274,40,10,51,165,44*6F
$GIGSV,1,1,02,09,17,274,40,10,51,165,44*6F
$GIGSV,1,1,02,09,17,274,40,10,51,165,44*6F
$GIGSV,1,1,02,09,17,274,40,10,51,165,44*6F
$GIGSV,1,1,02,09,17,274,40,10,51,165,44*6F
$GIGSV,1,1,02,09,17,274,40,10,51,165,44*6F
$GIGSV,1,1,02,09,17,274,40,10,51,165,44*6F
$GIGSV,1,1,02,09,17,274,40,10,51,165,44*6F
$GIGSV,1,1,02,09,17,274,40,10,51,165,44*6F
$GIGSV,1,1,02,09,17,274,40,10,51,165,44*6F
$GIGSV,1,1,02,09,17,274,40,10,51,165,44*6F
$GIGSV,1,1,02,09,17,274,40,10,51,165,44*6F
$GIGSV,1,1,02,09,17,274,40,10,51,165,44*6F
$GIGSV,1,1,02,09,17,274,41,10,51,165,44*6E
$GIGSV,1,1,02,09,17,274,41,10,51,165,44*6E
$GIGSV,1,1,02,09,17,274,41,10,51,165,44*6E
$GIGSV,1,1,02,09,17,274,41,10,51,165,44*6E
$GIGSV,1,1,02,09,17,274,41,10,51,165,44*6E
$GIGSV,1,1,02,09,17,274,41,10,51,165,44*6E
$GIGSV,1,1,02,09,17,274,41,10,51,165,44*6E
$GIGSV,1,1,02,09,17,274,41,10,51,165,44*6E
$GIGSV,1,1,02,09,17,274,41,10,51,165,44*6E
$GIGSV,1,1,02,09,17,274,41,10,51,165,44*6E
$GIGSV,1,1,02,09,17,274,41,10,51,165,44*6E
$GIGSV,1,1,02,09,17,274,41,10,51,165,44*6E
$GIGSV,1,1,02,09,17,274,41,10,51,165,44*6E
$GIGSV,1,1,02,09,17,274,41,10,51,165,44*6E
$GIGSV,1,1,02,09,17,274,42,10,51,165,44*6D
$GIGSV,1,1,02,09,17,274,42,10,51,165,44*6D
$GIGSV,1,1,02,09,17,274,42,10,51,165,44*6D
$GIGSV,1,1,02,09,17,274,42,10,51,165,44*6D
$GIGSV,1,1,02,09,17,274,42,10,51,165,44*6D
$GIGSV,1,1,02,09,17,274,42,10,51,165,44*6D
$GIGSV,1,1,02,09,17,274,42,10,51,165,44*6D
$GIGSV,1,1,02,09,17,274,42,10,51,165,43*6A
$GIGSV,1,1,02,09,17,274,42,10,51,165,43*6A
$GIGSV,1,1,02,09,17,274,42,10,51,165,43*6A
$GIGSV,1,1,02,09,17,274,42,10,51,165,43*6A
$GIGSV,1,1,02,09,17,274,42,10,51,165,43*6A
$GIGSV,1,1,02,09,17,274,42,10,51,165,43*6A
$GIGSV,1,1,02,09,17,274,42,10,51,165,43*6A
$GIGSV,1,1,02,09,17,274,42,10,51,165,44*6D
$GIGSV,1,1,02,09,17,274,42,10,51,165,44*6D
$GIGSV,1,1,02,09,17,274,42,10,51,165,44*6D
$GIGSV,1,1,02,09,17,274,42,10,51,165,44*6D
$GIGSV,1,1,02,09,17,274,42,10,51,165,44*6D
$GIGSV,1,1,02,09,17,274,42,10,51,165,44*6D
$GIGSV,1,1,02,09,17,274,42,10,51,165,44*6D
$GIGSV,1,1,02,09,17,274,42,10,51,165,44*6D
$GIGSV,1,1,02,09,17,274,42,10,51,165,44*6D
$GIGSV,1,1,02,09,17,274,42,10,51,165,43*6A
$GIGSV,1,1,02,09,17,274,42,10,51,165,43*6A
$GIGSV,1,1,02,09,17,274,42,10,51,165,43*6A
$GIGSV,1,1,02,09,17,274,42,10,51,165,44*6D
$GIGSV,1,1,02,09,17,274,41,10,51,165,44*6E
$GIGSV,1,1,02,09,17,274,41,10,51,165,44*6E
$GIGSV,1,1,02,09,17,274,41,10,51,165,44*6E
$GIGSV,1,1,02,09,17,274,41,10,51,165,44*6E
$GIGSV,1,1,02,09,17,274,41,10,51,165,44*6E
$GIGSV,1,1,02,09,17,274,41,10,51,165,44*6E
$GIGSV,1,1,02,09,17,274,41,10,51,165,44*6E
$GIGSV,1,1,02,09,17,274,41,10,51,165,44*6E
$GIGSV,1,1,02,09,17,274,41,10,51,165,44*6E
$GIGSV,1,1,02,09,17,274,41,10,51,165,44*6E
$GIGSV,1,1,02,09,17,274,41,10,51,165,44*6E
$GIGSV,1,1,02,09,17,274,41,10,51,165,44*6E
$GIGSV,1,1,02,09,17,274,41,10,51,165,44*6E
$GIGSV,1,1,02,09,17,274,41,10,51,165,44*6E
$GIGSV,1,1,02,09,17,274,41,10,51,165,44*6E
$GIGSV,1,1,02,09,17,274,41,10,51,165,44*6E
$GIGSV,1,1,02,09,17,274,41,10,51,165,44*6E
$GIGSV,1,1,02,09,17,274,41,10,51,165,44*6E
$GIGSV,1,1,02,09,17,274,41,10,51,165,44*6E
$GIGSV,1,1,02,09,17,274,41,10,51,165,44*6E
$GIGSV,1,1,02,09,17,274,41,10,51,165,44*6E
$GIGSV,1,1,02,09,17,274,41,10,51,165,44*6E
$GIGSV,1,1,02,09,17,274,41,10,51,165,44*6E
$GIGSV,1,1,02,09,17,274,41,10,51,165,44*6E
$GIGSV,1,1,02,09,17,274,41,10,51,165,44*6E
$GIGSV,1,1,02,09,17,274,41,10,51,165,44*6E
$GIGSV,1,1,02,09,17,274,41,10,51,165,44*6E
$GIGSV,1,1,02,09,17,274,41,10,51,165,44*6E
$GIGSV,1,1,02,09,17,274,41,10,51,165,44*6E
$GIGSV,1,1,02,09,17,274,41,10,51,165,44*6E
$GIGSV,1,1,02,09,17,274,41,10,51,165,44*6E
$GIGSV,1,1,02,09,17,274,42,10,51,165,44*6D
$GIGSV,1,1,02,09,17,274,42,10,51,165,44*6D
$GIGSV,1,1,02,09,17,274,42,10,51,165,44*6D
$GIGSV,1,1,02,09,17,274,42,10,51,165,44*6D
$GIGSV,1,1,02,09,17,274,42,10,51,165,44*6D
$GIGSV,1,1,02,09,17,274,42,10,51,165,44*6D
$GIGSV,1,1,02,09,17,274,42,10,51,165,44*6D
$GIGSV,1,1,02,09,17,274,42,10,51,165,44*6D
$GIGSV,1,1,02,09,17,274,43,10,51,165,44*6C
$GIGSV,1,1,02,09,17,274,43,10,51,165,44*6C
$GIGSV,1,1,02,09,17,274,43,10,51,165,44*6C
$GIGSV,1,1,02,09,17,274,43,10,51,165,44*6C
$GIGSV,1,1,02,09,17,274,43,10,51,165,44*6C
$GIGSV,1,1,02,09,17,274,43,10,51,165,44*6C
$GIGSV,1,1,02,09,17,274,43,10,51,165,44*6C
$GIGSV,1,1,02,09,17,274,43,10,51,165,44*6C
$GIGSV,1,1,02,09,17,274,43,10,51,165,44*6C
$GIGSV,1,1,02,09,17,274,43,10,51,165,44*6C
$GIGSV,1,1,02,09,17,274,43,10,51,165,44*6C
$GIGSV,1,1,02,09,17,274,43,10,51,165,44*6C
$GIGSV,1,1,02,09,17,274,44,10,51,165,44*6B
$GIGSV,1,1,02,09,17,274,44,10,51,165,44*6B
$GIGSV,1,1,02,09,17,274,44,10,51,165,44*6B
$GIGSV,1,1,02,09,17,274,44,10,51,165,44*6B
$GIGSV,1,1,02,09,17,274,44,10,51,165,44*6B
$GIGSV,1,1,02,09,17,274,44,10,51,165,44*6B
$GIGSV,1,1,02,09,17,274,44,10,51,165,44*6B
$GIGSV,1,1,02,09,17,274,44,10,51,165,44*6B
$GIGSV,1,1,02,09,17,274,44,10,51,165,44*6B
$GIGSV,1,1,02,09,17,274,44,10,51,165,44*6B
$GIGSV,1,1,02,09,17,274,44,10,51,165,44*6B
$GIGSV,1,1,02,09,17,274,44,10,51,165,44*6B
$GIGSV,1,1,02,09,17,274,44,10,51,165,44*6B
$GIGSV,1,1,02,09,17,274,44,10,51,165,44*6B
$GIGSV,1,1,02,09,17,274,44,10,51,165,44*6B
$GIGSV,1,1,02,09,17,274,44,10,51,165,44*6B
$GIGSV,1,1,02,09,17,274,44,10,51,165,44*6B
$GIGSV,1,1,02,09,17,274,44,10,51,165,44*6B
$GIGSV,1,1,02,09,17,274,44,10,51,165,44*6B
$GIGSV,1,1,02,09,17,274,44,10,51,165,44*6B
$GIGSV,1,1,02,09,17,274,44,10,51,165,44*6B
$GIGSV,1,1,02,09,17,274,44,10,51,165,44*6B
$GIGSV,1,1,02,09,17,274,44,10,51,165,44*6B
$GIGSV,1,1,02,09,17,274,44,10,51,165,44*6B
$GIGSV,1,1,02,09,17,274,44,10,51,165,44*6B
$GIGSV,1,1,02,09,17,274,44,10,51,165,44*6B
$GIGSV,1,1,02,09,17,274,44,10,51,165,44*6B
$GIGSV,1,1,02,09,17,274,44,10,51,165,45*6A
$GIGSV,1,1,02,09,17,274,44,10,51,165,45*6A
$GIGSV,1,1,02,09,17,274,44,10,51,165,45*6A
$GIGSV,1,1,02,09,17,274,44,10,51,165,45*6A
$GIGSV,1,1,02,09,17,274,44,10,51,165,45*6A
$GIGSV,1,1,02,09,17,274,44,10,51,165,45*6A
$GIGSV,1,1,02,09,17,274,44,10,51,165,45*6A
$GIGSV,1,1,02,09,17,274,44,10,51,165,45*6A
$GIGSV,1,1,02,09,17,274,44,10,51,165,45*6A
$GIGSV,1,1,02,09,17,274,44,10,51,165,45*6A
$GIGSV,1,1,02,09,17,274,44,10,51,165,45*6A
$GIGSV,1,1,02,09,17,274,44,10,51,165,45*6A
$GIGSV,1,1,02,09,17,274,44,10,51,165,45*6A
$GIGSV,1,1,02,09,17,274,44,10,51,165,45*6A
$GIGSV,1,1,02,09,17,274,44,10,51,165,45*6A
$GIGSV,1,1,02,09,17,274,44,10,51,165,45*6A
$GIGSV,1,1,02,09,17,274,44,10,51,165,45*6A
$GIGSV,1,1,02,09,17,274,44,10,51,165,45*6A
$GIGSV,1,1,02,09,17,274,44,10,51,165,45*6A
$GIGSV,1,1,02,09,17,274,44,10,51,165,45*6A
$GIGSV,1,1,02,09,17,274,44,10,51,165,45*6A
$GIGSV,1,1,02,09,17,274,44,10,51,165,45*6A
$GIGSV,1,1,02,09,17,274,44,10,51,165,45*6A
$GIGSV,1,1,02,09,17,274,44,10,51,165,45*6A
$GIGSV,1,1,02,09,17,274,44,10,51,165,45*6A
$GIGSV,1,1,02,09,17,274,44,10,51,165,45*6A
$GIGSV,1,1,02,09,17,274,44,10,51,165,45*6A
$GIGSV,1,1,02,09,17,274,44,10,51,165,45*6A
$GIGSV,1,1,02,09,17,274,44,10,51,165,45*6A
$GIGSV,1,1,02,09,17,274,44,10,51,165,45*6A
$GIGSV,1,1,02,09,17,274,44,10,51,165,45*6A
$GIGSV,1,1,02,09,17,274,44,10,51,165,45*6A
$GIGSV,1,1,02,09,17,274,44,10,51,165,45*6A
$GIGSV,1,1,02,09,17,274,44,10,51,165,45*6A
$GIGSV,1,1,02,09,17,274,44,10,51,165,45*6A
$GIGSV,1,1,02,09,17,274,44,10,51,165,45*6A
$GIGSV,1,1,02,09,17,274,44,10,51,165,45*6A
$GIGSV,1,1,02,09,17,274,44,10,51,165,45*6A
$GIGSV,1,1,02,09,17,274,44,10,51,165,45*6A
$GIGSV,1,1,02,09,17,274,44,10,51,165,45*6A
$GIGSV,1,1,02,09,17,274,44,10,51,165,45*6A
$GIGSV,1,1,02,09,17,274,44,10,51,165,45*6A
$GIGSV,1,1,02,09,17,274,44,10,51,165,45*6A
$GIGSV,1,1,02,09,17,274,44,10,51,165,45*6A
$GIGSV,1,1,02,09,17,274,44,10,51,165,45*6A
$GIGSV,1,1,02,09,17,274,44,10,51,165,45*6A
$GIGSV,1,1,02,09,17,274,44,10,51,165,46*69
$GIGSV,1,1,02,09,17,274,44,10,51,165,46*69
$GIGSV,1,1,02,09,17,274,44,10,51,165,46*69
$GIGSV,1,1,02,09,17,274,44,10,51,165,46*69
$GIGSV,1,1,02,09,17,274,44,10,51,165,46*69
$GIGSV,1,1,02,09,17,274,44,10,51,165,46*69
$GIGSV,1,1,02,09,17,274,44,10,51,165,46*69
$GIGSV,1,1,02,09,17,274,44,10,51,165,46*69
$GIGSV,1,1,02,09,17,274,44,10,51,165,46*69
$GIGSV,1,1,02,09,17,274,44,10,51,165,46*69
$GIGSV,1,1,02,09,17,274,44,10,51,165,46*69
$GIGSV,1,1,02,09,17,274,44,10,51,165,46*69
$GIGSV,1,1,02,09,17,274,44,10,51,165,46*69
$GIGSV,1,1,02,09,17,274,44,10,51,165,46*69
$GIGSV,1,1,02,09,17,274,45,10,51,165,46*68
$GIGSV,1,1,02,09,17,274,45,10,51,165,46*68
$GIGSV,1,1,02,09,17,274,45,10,51,165,46*68
$GIGSV,1,1,02,09,17,274,45,10,51,165,46*68
$GIGSV,1,1,02,09,17,274,45,10,51,165,46*68
$GIGSV,1,1,02,09,17,274,44,10,51,165,46*69
$GIGSV,1,1,02,09,17,274,44,10,51,165,46*69
$GIGSV,1,1,02,09,17,274,44,10,51,165,46*69
$GIGSV,1,1,02,09,17,274,44,10,51,165,46*69
$GIGSV,1,1,02,09,17,274,44,10,51,165,46*69
$GIGSV,1,1,02,09,17,274,44,10,51,165,46*69
$GIGSV,1,1,02,09,17,274,45,10,51,165,46*68
$GIGSV,1,1,02,09,17,274,45,10,51,165,46*68
$GIGSV,1,1,02,09,17,274,45,10,51,165,45*6B
$GIGSV,1,1,02,09,17,274,45,10,51,165,45*6B
$GIGSV,1,1,02,09,17,274,45,10,51,165,45*6B
$GIGSV,1,1,02,09,17,274,45,10,51,165,45*6B
$GIGSV,1,1,02,09,17,274,45,10,51,165,45*6B
$GIGSV,1,1,02,09,17,274,45,10,51,165,45*6B
$GIGSV,1,1,02,09,17,274,45,10,51,165,45*6B
$GIGSV,1,1,02,09,17,274,45,10,51,165,45*6B
$GIGSV,1,1,02,09,17,274,45,10,51,165,45*6B
$GIGSV,1,1,02,09,17,274,45,10,51,165,45*6B
$GIGSV,1,1,02,09,17,274,45,10,51,165,45*6B
$GIGSV,1,1,02,09,17,274,45,10,51,165,45*6B
$GIGSV,1,1,02,09,17,274,45,10,51,165,45*6B
$GIGSV,1,1,02,09,17,274,45,10,51,165,45*6B
$GIGSV,1,1,02,09,17,274,45,10,51,165,45*6B
$GIGSV,1,1,02,09,17,274,45,10,51,165,45*6B
$GIGSV,1,1,02,09,17,274,45,10,51,165,44*6A
$GIGSV,1,1,02,09,17,274,45,10,51,165,44*6A
$GIGSV,1,1,02,09,17,274,45,10,51,165,44*6A
$GIGSV,1,1,02,09,17,274,45,10,51,165,44*6A
$GIGSV,1,1,02,09,17,274,45,10,51,165,44*6A
$GIGSV,1,1,02,09,17,274,45,10,51,165,44*6A
$GIGSV,1,1,02,09,17,274,45,10,51,165,44*6A
$GIGSV,1,1,02,09,17,274,45,10,51,165,44*6A
$GIGSV,1,1,02,09,17,274,45,10,51,165,44*6A
$GIGSV,1,1,02,09,17,274,45,10,51,165,44*6A
$GIGSV,1,1,02,09,17,274,45,10,51,165,44*6A
$GIGSV,1,1,02,09,17,274,45,10,51,165,44*6A
$GIGSV,1,1,02,09,17,274,45,10,51,165,44*6A
$GIGSV,1,1,02,09,17,274,45,10,51,165,44*6A
$GIGSV,1,1,02,09,17,274,45,10,51,165,44*6A
$GIGSV,1,1,02,09,17,274,45,10,51,165,44*6A
$GIGSV,1,1,02,09,17,274,45,10,51,165,44*6A
$GIGSV,1,1,02,09,17,274,45,10,51,165,44*6A
$GIGSV,1,1,02,09,17,274,45,10,51,165,44*6A
$GIGSV,1,1,02,09,17,274,45,10,51,165,44*6A
$GIGSV,1,1,02,09,17,274,45,10,51,165,44*6A
$GIGSV,1,1,02,09,17,274,45,10,51,165,44*6A
$GIGSV,1,1,02,09,17,274,45,10,51,165,44*6A
$GIGSV,1,1,02,09,17,274,45,10,51,165,44*6A
$GIGSV,1,1,02,09,17,274,45,10,51,165,44*6A
$GIGSV,1,1,02,09,17,274,45,10,51,165,44*6A
$GIGSV,1,1,02,09,17,274,45,10,51,165,44*6A
$GIGSV,1,1,02,09,17,274,45,10,51,165,44*6A
$GIGSV,1,1,02,09,17,274,45,10,51,165,44*6A
$GIGSV,1,1,02,09,17,274,45,10,51,165,44*6A
$GIGSV,1,1,02,09,17,274,45,10,51,165,44*6A
$GIGSV,1,1,02,09,17,274,45,10,51,165,44*6A
$GIGSV,1,1,02,09,17,274,45,10,51,165,44*6A
$GIGSV,1,1,02,09,17,274,45,10,51,165,44*6A
$GIGSV,1,1,02,09,17,274,45,10,51,165,44*6A
$GIGSV,1,1,02,09,17,274,45,10,51,165,44*6A
$GIGSV,1,1,02,09,17,274,45,10,51,165,44*6A
$GIGSV,1,1,02,09,17,274,45,10,51,165,44*6A
$GIGSV,1,1,02,09,17,274,45,10,51,165,44*6A
$GIGSV,1,1,02,09,17,274,45,10,51,165,44*6A
$GIGSV,1,1,02,09,17,274,45,10,51,165,44*6A
$GIGSV,1,1,02,09,17,274,45,10,51,165,44*6A
$GIGSV,1,1,02,09,17,274,45,10,51,165,44*6A
$GIGSV,1,1,02,09,17,274,45,10,51,165,44*6A
$GIGSV,1,1,02,09,17,274,45,10,51,165,44*6A
$GIGSV,1,1,02,09,17,274,45,10,51,165,44*6A
$GIGSV,1,1,02,09,17,274,45,10,51,165,44*6A
$GIGSV,1,1,02,09,17,274,45,10,51,165,44*6A
$GIGSV,1,1,02,09,17,274,45,10,51,165,44*6A
$GIGSV,1,1,02,09,17,274,45,10,51,165,44*6A
$GIGSV,1,1,02,09,17,274,45,10,51,165,44*6A
$GIGSV,1,1,02,09,17,274,45,10,51,165,44*6A
$GIGSV,1,1,02,09,17,274,45,10,51,165,44*6A
$GIGSV,1,1,02,09,17,274,45,10,51,165,44*6A
$GIGSV,1,1,02,09,17,274,45,10,51,165,44*6A
$GIGSV,1,1,02,09,17,274,45,10,51,165,44*6A
$GIGSV,1,1,02,09,17,274,45,10,51,165,44*6A
$GIGSV,1,1,02,09,17,274,45,10,51,165,44*6A
$GIGSV,1,1,02,09,17,274,45,10,51,165,44*6A
$GIGSV,1,1,02,09,17,274,45,10,51,165,44*6A
$GIGSV,1,1,02,09,17,274,45,10,51,165,44*6A
$GIGSV,1,1,02,09,17,274,45,10,51,165,44*6A
$GIGSV,1,1,02,09,17,274,45,10,51,165,44*6A
$GIGSV,1,1,02,09,17,274,45,10,51,165,44*6A
$GIGSV,1,1,02,09,17,274,45,10,51,165,45*6B
$GIGSV,1,1,02,09,17,274,45,10,51,165,45*6B
$GIGSV,1,1,02,09,17,274,45,10,51,165,45*6B
$GIGSV,1,1,02,09,17,274,45,10,51,165,45*6B
$GIGSV,1,1,02,09,17,274,45,10,51,165,45*6B
$GIGSV,1,1,02,09,17,274,45,10,51,165,45*6B
$GIGSV,1,1,02,09,17,274,45,10,51,165,45*6B
$GIGSV,1,1,02,09,17,274,45,10,51,165,45*6B
$GIGSV,1,1,02,09,17,274,45,10,51,165,45*6B
$GIGSV,1,1,02,09,17,274,45,10,51,165,45*6B
$GIGSV,1,1,02,09,17,274,45,10,51,165,45*6B
$GIGSV,1,1,02,09,17,274,45,10,51,165,45*6B
$GIGSV,1,1,02,09,17,274,45,10,51,165,45*6B
$GIGSV,1,1,02,09,17,274,45,10,51,165,45*6B
$GIGSV,1,1,02,09,17,274,45,10,51,165,45*6B
$GIGSV,1,1,02,09,17,274,45,10,51,165,45*6B
$GIGSV,1,1,02,09,17,274,45,10,51,165,45*6B
$GIGSV,1,1,02,09,17,274,44,10,51,165,45*6A
$GIGSV,1,1,02,09,17,274,44,10,51,165,45*6A
$GIGSV,1,1,02,09,17,274,44,10,51,165,45*6A
$GIGSV,1,1,02,09,17,274,44,10,51,165,45*6A
$GIGSV,1,1,02,09,17,274,44,10,51,165,45*6A
$GIGSV,1,1,02,09,17,274,44,10,51,165,45*6A
$GIGSV,1,1,02,09,17,274,44,10,51,165,45*6A
$GIGSV,1,1,02,09,17,274,44,10,51,165,45*6A
$GIGSV,1,1,02,09,17,274,44,10,51,165,45*6A
$GIGSV,1,1,02,09,17,274,44,10,51,165,45*6A
$GIGSV,1,1,02,09,17,274,44,10,51,165,45*6A
$GIGSV,1,1,02,09,17,274,44,10,51,165,45*6A
$GIGSV,1,1,02,09,17,274,44,10,51,165,45*6A
$GIGSV,1,1,02,09,17,274,44,10,51,165,45*6A
$GIGSV,1,1,02,09,17,274,44,10,51,165,45*6A
$GIGSV,1,1,02,09,17,274,44,10,51,165,45*6A
$GIGSV,1,1,02,09,17,274,44,10,51,165,45*6A
$GIGSV,1,1,02,09,17,274,44,10,51,165,45*6A
$GIGSV,1,1,02,09,17,274,44,10,51,165,45*6A
$GIGSV,1,1,02,09,17,274,44,10,51,165,45*6A
$GIGSV,1,1,02,09,17,274,44,10,51,165,45*6A
$GIGSV,1,1,02,09,17,274,44,10,51,165,45*6A
$GIGSV,1,1,02,09,17,274,44,10,51,165,45*6A
$GIGSV,1,1,02,09,17,274,44,10,51,165,45*6A
$GIGSV,1,1,02,09,17,274,44,10,51,165,45*6A
$GIGSV,1,1,02,09,17,274,44,10,51,165,45*6A
$GIGSV,1,1,02,09,17,274,44,10,51,165,45*6A
$GIGSV,1,1,02,09,17,274,44,10,51,165,45*6A
$GIGSV,1,1,02,09,17,274,44,10,51,165,45*6A
$GIGSV,1,1,02,09,17,274,44,10,51,165,45*6A
$GIGSV,1,1,02,09,17,274,44,10,51,165,45*6A
$GIGSV,1,1,02,09,17,274,44,10,51,165,45*6A
$GIGSV,1,1,02,09,17,274,44,10,51,165,45*6A
$GIGSV,1,1,02,09,17,274,44,10,51,165,45*6A
$GIGSV,1,1,02,09,17,274,44,10,51,165,45*6A
$GIGSV,1,1,02,09,17,274,44,10,51,165,45*6A
$GIGSV,1,1,02,09,17,274,44,10,51,165,45*6A
$GIGSV,1,1,02,09,17,274,44,10,51,165,45*6A
$GIGSV,1,1,02,09,17,274,44,10,51,165,45*6A
$GIGSV,1,1,02,09,17,274,44,10,51,165,44*6B
$GIGSV,1,1,02,09,17,274,44,10,51,165,44*6B
$GIGSV,1,1,02,09,17,274,44,10,51,165,44*6B
$GIGSV,1,1,02,09,17,274,44,10,51,165,44*6B
$GIGSV,1,1,02,09,17,274,44,10,51,165,44*6B
$GIGSV,1,1,02,09,17,274,44,10,51,165,44*6B
$GIGSV,1,1,02,09,17,274,44,10,51,165,44*6B
$GIGSV,1,1,02,09,17,274,44,10,51,165,44*6B
$GIGSV,1,1,02,09,17,274,44,10,51,165,44*6B
$GIGSV,1,1,02,09,17,274,44,10,51,165,44*6B
$GIGSV,1,1,02,09,17,274,44,10,51,165,44*6B
$GIGSV,1,1,02,09,17,274,44,10,51,165,44*6B
$GIGSV,1,1,02,09,17,274,44,10,51,165,44*6B
$GIGSV,1,1,02,09,17,274,44,10,51,165,44*6B
$GIGSV,1,1,02,09,17,274,45,10,51,165,44*6A
$GIGSV,1,1,02,09,17,274,45,10,51,165,44*6A
$GIGSV,1,1,02,09,17,274,45,10,51,165,44*6A
$GIGSV,1,1,02,09,17,274,45,10,51,165,44*6A
$GIGSV,1,1,02,09,17,274,45,10,51,165,44*6A
$GIGSV,1,1,02,09,17,274,45,10,51,165,44*6A
$GIGSV,1,1,02,09,17,274,45,10,51,165,44*6A
$GIGSV,1,1,02,09,17,274,45,10,51,165,44*6A
$GIGSV,1,1,02,09,17,274,45,10,51,165,44*6A
$GIGSV,1,1,02,09,17,274,45,10,51,165,44*6A
$GIGSV,1,1,02,09,17,274,45,10,51,165,44*6A
$GIGSV,1,1,02,09,17,274,45,10,51,165,44*6A
$GIGSV,1,1,02,09,17,274,45,10,51,165,44*6A
$GIGSV,1,1,02,09,17,274,45,10,51,165,44*6A
$GIGSV,1,1,02,09,17,274,45,10,51,165,44*6A
$GIGSV,1,1,02,09,17,274,45,10,51,165,44*6A
$GIGSV,1,1,02,09,17,274,45,10,51,165,44*6A
$GIGSV,1,1,02,09,17,274,45,10,51,165,44*6A
$GIGSV,1,1,02,09,17,274,45,10,51,165,44*6A
$GIGSV,1,1,02,09,17,274,45,10,51,165,44*6A
$GIGSV,1,1,02,09,17,274,45,10,51,165,44*6A
$GIGSV,1,1,02,09,17,274,45,10,51,165,44*6A
$GIGSV,1,1,02,09,17,274,45,10,51,165,44*6A
$GIGSV,1,1,02,09,17,274,45,10,51,165,44*6A
$GIGSV,1,1,02,09,17,274,45,10,51,165,44*6A
$GIGSV,1,1,02,09,17,274,45,10,51,165,44*6A
$GIGSV,1,1,02,09,17,274,45,10,51,165,44*6A
$GIGSV,1,1,02,09,17,274,45,10,51,165,44*6A
$GIGSV,1,1,02,09,17,274,45,10,51,165,44*6A
$GIGSV,1,1,02,09,17,274,45,10,51,165,44*6A
$GIGSV,1,1,02,09,17,274,45,10,51,165,44*6A
$GIGSV,1,1,02,09,17,274,45,10,51,165,44*6A
$GIGSV,1,1,02,09,17,274,45,10,51,165,44*6A
$GIGSV,1,1,02,09,17,274,45,10,51,165,44*6A
$GIGSV,1,1,02,09,17,274,45,10,51,165,44*6A
$GIGSV,1,1,02,09,17,274,45,10,51,165,44*6A
$GIGSV,1,1,02,09,17,274,45,10,51,165,44*6A
$GIGSV,1,1,02,09,17,274,45,10,51,165,44*6A
$GIGSV,1,1,02,09,17,274,45,10,51,165,44*6A
$GIGSV,1,1,02,09,17,274,45,10,51,165,44*6A
$GIGSV,1,1,02,09,17,274,45,10,51,165,44*6A
$GIGSV,1,1,02,09,17,274,45,10,51,165,44*6A
$GIGSV,1,1,02,09,17,274,45,10,51,165,44*6A
$GIGSV,1,1,02,09,17,274,45,10,51,165,44*6A
$GIGSV,1,1,02,09,17,274,45,10,51,165,44*6A
$GIGSV,1,1,02,09,17,274,45,10,51,165,44*6A
$GIGSV,1,1,02,09,17,274,45,10,51,165,44*6A
$GIGSV,1,1,02,09,17,274,45,10,51,165,44*6A
$GIGSV,1,1,02,09,17,274,45,10,51,165,44*6A
$GIGSV,1,1,02,09,17,274,45,10,51,165,44*6A
$GIGSV,1,1,02,09,17,274,45,10,51,165,44*6A
$GIGSV,1,1,02,09,17,274,45,10,51,165,44*6A
$GIGSV,1,1,02,09,17,274,45,10,51,165,44*6A
$GIGSV,1,1,02,09,17,274,45,10,51,165,44*6A
$GIGSV,1,1,02,09,17,274,45,10,51,165,44*6A
$GIGSV,1,1,02,09,17,274,45,10,51,165,44*6A
$GIGSV,1,1,02,09,17,274,45,10,51,165,44*6A
$GIGSV,1,1,02,09,17,274,45,10,51,165,44*6A
$GIGSV,1,1,02,09,17,274,45,10,51,165,44*6A
$GIGSV,1,1,02,09,17,274,45,10,51,165,44*6A
$GIGSV,1,1,02,09,17,274,45,10,51,165,44*6A
$GIGSV,1,1,02,09,17,274,45,10,51,165,44*6A
$GIGSV,1,1,02,09,17,274,45,10,51,165,44*6A
$GIGSV,1,1,02,09,17,274,45,10,51,165,44*6A
$GIGSV,1,1,02,09,17,274,45,10,51,165,44*6A
$GIGSV,1,1,02,09,17,274,45,10,51,165,44*6A
$GIGSV,1,1,02,09,17,274,45,10,51,165,44*6A
$GIGSV,1,1,02,09,17,274,45,10,51,165,44*6A
$GIGSV,1,1,02,09,17,274,45,10,51,165,44*6A
$GIGSV,1,1,02,09,17,274,45,10,51,165,44*6A
$GIGSV,1,1,02,09,17,274,45,10,51,165,44*6A
$GIGSV,1,1,02,09,17,274,45,10,51,165,44*6A
$GIGSV,1,1,02,09,17,274,45,10,51,165,44*6A
$GIGSV,1,1,02,09,17,274,45,10,51,165,44*6A
$GIGSV,1,1,02,09,17,274,45,10,51,165,44*6A
$GIGSV,1,1,02,09,17,274,45,10,51,165,44*6A
$GIGSV,1,1,02,09,17,274,45,10,51,165,44*6A
$GIGSV,1,1,02,09,17,274,45,10,51,165,44*6A
$GIGSV,1,1,02,09,17,274,45,10,51,165,44*6A
$GIGSV,1,1,02,09,17,274,45,10,51,165,44*6A
$GIGSV,1,1,02,09,17,274,45,10,51,165,44*6A
$GIGSV,1,1,02,09,17,274,45,10,51,165,44*6A
$GIGSV,1,1,02,09,17,274,45,10,51,165,44*6A
$GIGSV,1,1,02,09,17,274,45,10,51,165,44*6A
$GIGSV,1,1,02,09,17,274,45,10,51,165,44*6A
$GIGSV,1,1,02,09,17,274,45,10,51,165,44*6A
$GIGSV,1,1,02,09,17,274,45,10,51,165,43*6D
$GIGSV,1,1,02,09,17,274,45,10,51,165,43*6D
$GIGSV,1,1,02,09,17,274,45,10,51,165,43*6D
$GIGSV,1,1,02,09,17,274,45,10,51,165,43*6D
$GIGSV,1,1,02,09,17,274,45,10,51,165,43*6D
$GIGSV,1,1,02,09,17,274,45,10,51,165,43*6D
$GIGSV,1,1,02,09,17,274,45,10,51,165,43*6D
$GIGSV,1,1,02,09,17,274,45,10,51,165,43*6D
$GIGSV,1,1,02,09,17,274,45,10,51,165,43*6D
$GIGSV,1,1,02,09,17,274,45,10,51,165,43*6D
$GIGSV,1,1,02,09,17,274,45,10,51,165,43*6D
$GIGSV,1,1,02,09,17,274,45,10,51,165,43*6D
$GIGSV,1,1,02,09,17,274,45,10,51,165,43*6D
$GIGSV,1,1,02,09,17,274,45,10,51,165,43*6D
$GIGSV,1,1,02,09,17,274,45,10,51,165,43*6D
$GIGSV,1,1,02,09,17,274,45,10,51,165,43*6D
$GIGSV,1,1,02,09,17,274,45,10,51,165,43*6D
$GIGSV,1,1,02,09,17,274,45,10,51,165,43*6D
$GIGSV,1,1,02,09,17,274,45,10,51,165,43*6D
$GIGSV,1,1,02,09,17,274,45,10,51,165,42*6C
$GIGSV,1,1,02,09,17,274,45,10,51,165,42*6C
$GIGSV,1,1,02,09,17,274,45,10,51,165,42*6C
$GIGSV,1,1,02,09,17,274,45,10,51,165,42*6C
$GIGSV,1,1,02,09,17,274,45,10,51,165,42*6C
$GIGSV,1,1,02,09,17,274,45,10,51,165,43*6D
$GIGSV,1,1,02,09,17,274,45,10,51,165,43*6D
$GIGSV,1,1,02,09,17,274,45,10,51,165,43*6D
$GIGSV,1,1,02,09,17,274,45,10,51,165,43*6D
$GIGSV,1,1,02,09,17,274,45,10,51,165,43*6D
$GIGSV,1,1,02,09,17,274,45,10,51,165,43*6D
$GIGSV,1,1,02,09,17,274,45,10,51,165,43*6D
$GIGSV,1,1,02,09,17,274,45,10,51,165,43*6D
$GIGSV,1,1,02,09,17,274,45,10,51,165,43*6D
$GIGSV,1,1,02,09,17,274,45,10,51,165,43*6D
$GIGSV,1,1,02,09,17,274,45,10,51,165,43*6D
$GIGSV,1,1,02,09,17,274,45,10,51,165,42*6C
$GIGSV,1,1,02,09,17,274,45,10,51,165,42*6C
$GIGSV,1,1,02,09,17,274,45,10,51,165,42*6C
$GIGSV,1,1,02,09,17,274,45,10,51,165,42*6C
$GIGSV,1,1,02,09,17,274,45,10,51,165,42*6C
$GIGSV,1,1,02,09,17,274,45,10,51,165,42*6C
$GIGSV,1,1,02,09,17,274,45,10,51,165,42*6C
$GIGSV,1,1,02,09,17,274,45,10,51,165,42*6C
$GIGSV,1,1,02,09,17,274,45,10,51,165,42*6C
$GIGSV,1,1,02,09,17,274,45,10,51,165,42*6C
$GIGSV,1,1,02,09,17,274,45,10,51,165,42*6C
$GIGSV,1,1,02,09,17,274,45,10,51,165,42*6C
$GIGSV,1,1,02,09,17,274,45,10,51,165,42*6C
$GIGSV,1,1,02,09,17,274,45,10,51,165,42*6C
$GIGSV,1,1,02,09,17,274,45,10,51,165,42*6C
$GIGSV,1,1,02,09,17,274,45,10,51,165,42*6C
$GIGSV,1,1,02,09,17,274,45,10,51,165,42*6C
$GIGSV,1,1,02,09,17,274,45,10,51,165,42*6C
$GIGSV,1,1,02,09,17,274,45,10,51,165,42*6C
$GIGSV,1,1,02,09,17,274,45,10,51,165,42*6C
$GIGSV,1,1,02,09,17,274,45,10,51,165,42*6C
$GIGSV,1,1,02,09,17,274,45,10,51,165,42*6C
$GIGSV,1,1,02,09,17,274,45,10,51,165,42*6C
$GIGSV,1,1,02,09,17,274,45,10,51,165,42*6C
$GIGSV,1,1,02,09,17,274,45,10,51,165,41*6F
$GIGSV,1,1,02,09,17,274,45,10,51,165,41*6F
$GIGSV,1,1,02,09,17,274,45,10,51,165,41*6F
$GIGSV,1,1,02,09,17,274,45,10,51,165,41*6F
$GIGSV,1,1,02,09,17,274,45,10,51,165,41*6F
$GIGSV,1,1,02,09,17,274,45,10,51,165,41*6F
$GIGSV,1,1,02,09,17,274,45,10,51,165,41*6F
$GIGSV,1,1,02,09,17,274,45,10,51,165,41*6F
$GIGSV,1,1,02,09,17,274,45,10,51,165,41*6F
$GIGSV,1,1,02,09,17,274,45,10,51,165,41*6F
$GIGSV,1,1,02,09,17,274,45,10,51,165,41*6F
$GIGSV,1,1,02,09,17,274,45,10,51,165,41*6F
$GIGSV,1,1,02,09,17,274,45,10,51,165,41*6F
$GIGSV,1,1,02,09,17,274,45,10,51,165,41*6F
$GIGSV,1,1,02,09,17,274,45,10,51,165,41*6F
$GIGSV,1,1,02,09,17,274,45,10,51,165,41*6F
$GIGSV,1,1,02,09,17,274,45,10,51,165,41*6F
$GIGSV,1,1,02,09,17,274,45,10,51,165,41*6F
$GIGSV,1,1,02,09,17,274,45,10,51,165,41*6F
$GIGSV,1,1,02,09,17,274,45,10,51,165,41*6F
$GIGSV,1,1,02,09,17,274,45,10,51,165,41*6F
$GIGSV,1,1,02,09,17,274,45,10,51,165,41*6F
$GIGSV,1,1,02,09,17,274,45,10,51,165,41*6F
$GIGSV,1,1,02,09,17,274,45,10,51,165,41*6F
$GIGSV,1,1,02,09,17,274,45,10,51,165,41*6F
$GIGSV,1,1,02,09,17,274,45,10,51,165,41*6F
$GIGSV,1,1,02,09,17,274,45,10,51,165,41*6F
$GIGSV,1,1,02,09,17,274,45,10,51,165,41*6F
$GIGSV,1,1,02,09,17,274,45,10,51,165,41*6F
$GIGSV,1,1,02,09,17,274,45,10,51,165,41*6F
$GIGSV,1,1,02,09,17,274,45,10,51,165,41*6F
$GIGSV,1,1,02,09,17,274,45,10,51,165,41*6F
$GIGSV,1,1,02,09,17,274,45,10,51,165,42*6C
$GIGSV,1,1,02,09,17,274,45,10,51,165,42*6C
$GIGSV,1,1,02,09,17,274,45,10,51,165,42*6C
$GIGSV,1,1,02,09,17,274,45,10,51,165,42*6C
$GIGSV,1,1,02,09,17,274,45,10,51,165,42*6C
$GIGSV,1,1,02,09,17,274,45,10,51,165,42*6C
$GIGSV,1,1,02,09,17,274,45,10,51,165,42*6C
$GIGSV,1,1,02,09,17,274,45,10,51,165,42*6C
$GIGSV,1,1,02,09,17,274,45,10,51,165,42*6C
$GIGSV,1,1,02,09,17,274,45,10,51,165,42*6C
$GIGSV,1,1,02,09,17,274,45,10,51,165,42*6C
$GIGSV,1,1,02,09,17,274,45,10,51,165,43*6D
$GIGSV,1,1,02,09,17,274,45,10,51,165,43*6D
$GIGSV,1,1,02,09,17,274,45,10,51,165,43*6D
$GIGSV,1,1,02,09,17,274,45,10,51,165,43*6D
$GIGSV,1,1,02,09,17,274,45,10,51,165,43*6D
$GIGSV,1,1,02,09,17,274,45,10,51,165,43*6D
$GIGSV,1,1,02,09,17,274,45,10,51,165,43*6D
$GIGSV,1,1,02,09,17,274,45,10,51,165,43*6D
$GIGSV,1,1,02,09,17,274,45,10,51,165,43*6D
$GIGSV,1,1,02,09,17,274,45,10,51,165,43*6D
$GIGSV,1,1,02,09,17,274,45,10,51,165,43*6D
$GIGSV,1,1,02,09,17,274,45,10,51,165,43*6D
$GIGSV,1,1,02,09,17,274,45,10,51,165,43*6D
$GIGSV,1,1,02,09,17,274,45,10,51,165,43*6D
$GIGSV,1,1,02,09,17,274,45,10,51,165,43*6D
$GIGSV,1,1,02,09,17,274,45,10,51,165,43*6D
$GIGSV,1,1,02,09,17,274,45,10,51,165,43*6D
$GIGSV,1,1,02,09,17,274,45,10,51,165,43*6D
$GIGSV,1,1,02,09,17,274,45,10,51,165,42*6C
$GIGSV,1,1,02,09,17,274,45,10,51,165,42*6C
$GIGSV,1,1,02,09,17,274,45,10,51,165,42*6C
$GIGSV,1,1,02,09,17,274,45,10,51,165,42*6C
$GIGSV,1,1,02,09,17,274,45,10,51,165,42*6C
$GIGSV,1,1,02,09,17,274,45,10,51,165,42*6C
$GIGSV,1,1,02,09,17,274,45,10,51,165,42*6C
$GIGSV,1,1,02,09,17,274,45,10,51,165,42*6C
$GIGSV,1,1,02,09,17,274,45,10,51,165,42*6C
$GIGSV,1,1,02,09,17,274,45,10,51,165,42*6C
$GIGSV,1,1,02,09,17,274,45,10,51,165,42*6C
$GIGSV,1,1,02,09,17,274,45,10,51,165,42*6C
$GIGSV,1,1,02,09,17,274,45,10,51,165,42*6C
$GIGSV,1,1,02,09,17,274,45,10,51,165,42*6C
$GIGSV,1,1,02,09,17,274,45,10,51,165,42*6C
$GIGSV,1,1,02,09,17,274,45,10,51,165,42*6C
$GIGSV,1,1,02,09,17,274,45,10,51,165,42*6C
$GIGSV,1,1,02,09,17,274,45,10,51,165,42*6C
$GIGSV,1,1,02,09,17,274,45,10,51,165,42*6C
$GIGSV,1,1,02,09,17,274,45,10,51,165,42*6C
$GIGSV,1,1,02,09,17,274,45,10,51,165,42*6C
$GIGSV,1,1,02,09,17,274,45,10,51,165,42*6C
$GIGSV,1,1,02,09,17,274,45,10,51,165,42*6C
$GIGSV,1,1,02,09,17,274,45,10,51,165,42*6C
$GIGSV,1,1,02,09,17,274,45,10,51,165,42*6C
$GIGSV,1,1,02,09,17,274,45,10,51,165,42*6C
$GIGSV,1,1,02,09,17,274,45,10,51,165,42*6C
$GIGSV,1,1,02,09,17,274,45,10,51,165,42*6C
$GIGSV,1,1,02,09,17,274,45,10,51,165,42*6C
$GIGSV,1,1,02,09,17,274,45,10,51,165,42*6C
$GIGSV,1,1,02,09,17,274,45,10,51,165,42*6C
$GIGSV,1,1,02,09,17,274,45,10,51,165,42*6C
$GIGSV,1,1,02,09,17,274,45,10,51,165,42*6C
$GIGSV,1,1,02,09,17,274,45,10,51,165,42*6C
$GIGSV,1,1,02,09,17,274,45,10,51,165,42*6C
$GIGSV,1,1,02,09,17,274,45,10,51,165,42*6C
$GIGSV,1,1,02,09,17,274,45,10,51,165,42*6C
$GIGSV,1,1,02,09,17,274,45,10,51,165,42*6C
$GIGSV,1,1,02,09,17,274,45,10,51,165,42*6C
$GIGSV,1,1,02,09,17,274,45,10,51,165,42*6C
$GIGSV,1,1,02,09,17,274,45,10,51,165,42*6C
$GIGSV,1,1,02,09,17,274,45,10,51,165,42*6C
$GIGSV,1,1,02,09,17,274,45,10,51,165,42*6C
$GIGSV,1,1,02,09,17,274,45,10,51,165,42*6C
$GIGSV,1,1,02,09,17,274,45,10,51,165,42*6C
$GIGSV,1,1,02,09,17,274,45,10,51,165,42*6C
$GIGSV,1,1,02,09,17,274,45,10,51,165,42*6C
$GIGSV,1,1,02,09,17,274,45,10,51,165,42*6C
$GIGSV,1,1,02,09,17,274,45,10,51,165,42*6C
$GIGSV,1,1,02,09,17,274,45,10,51,165,42*6C
$GIGSV,1,1,02,09,17,274,45,10,51,165,42*6C
$GIGSV,1,1,02,09,17,274,45,10,51,165,42*6C
$GIGSV,1,1,02,09,17,274,45,10,51,165,43*6D
$GIGSV,1,1,02,09,17,274,45,10,51,165,43*6D
$GIGSV,1,1,02,09,17,274,45,10,51,165,43*6D
$GIGSV,1,1,02,09,17,274,45,10,51,165,43*6D
$GIGSV,1,1,02,09,17,274,45,10,51,165,43*6D
$GIGSV,1,1,02,09,17,274,45,10,51,165,43*6D
$GIGSV,1,1,02,09,17,274,45,10,51,165,43*6D
$GIGSV,1,1,02,09,17,274,45,10,51,165,43*6D
$GIGSV,1,1,02,09,17,274,45,10,51,165,43*6D
$GIGSV,1,1,02,09,17,274,45,10,51,165,43*6D
$GIGSV,1,1,02,09,17,274,45,10,51,165,43*6D
$GIGSV,1,1,02,09,17,274,45,10,51,165,43*6D
$GIGSV,1,1,02,09,17,274,45,10,51,165,43*6D
$GIGSV,1,1,02,09,17,274,45,10,51,165,43*6D
$GIGSV,1,1,02,09,17,274,45,10,51,165,43*6D
$GIGSV,1,1,02,09,17,274,45,10,51,165,43*6D
$GIGSV,1,1,02,09,17,274,45,10,51,165,42*6C
$GIGSV,1,1,02,09,17,274,45,10,51,165,42*6C
$GIGSV,1,1,02,09,17,274,45,10,51,165,42*6C
$GIGSV,1,1,02,09,17,274,45,10,51,165,42*6C
$GIGSV,1,1,02,09,17,274,45,10,51,165,42*6C
$GIGSV,1,1,02,09,17,274,45,10,51,165,42*6C
$GIGSV,1,1,02,09,17,274,45,10,51,165,42*6C
$GIGSV,1,1,02,09,17,274,45,10,51,165,42*6C
$GIGSV,1,1,02,09,17,274,45,10,51,165,42*6C
$GIGSV,1,1,02,09,17,274,45,10,51,165,42*6C
$GIGSV,1,1,02,09,17,274,45,10,51,165,42*6C
$GIGSV,1,1,02,09,17,274,45,10,51,165,42*6C
$GIGSV,1,1,02,09,17,274,45,10,51,165,42*6C
$GIGSV,1,1,02,09,17,274,45,10,51,165,42*6C
$GIGSV,1,1,02,09,17,274,45,10,51,165,42*6C
$GIGSV,1,1,02,09,17,274,45,10,51,165,42*6C
$GIGSV,1,1,02,09,17,274,44,10,51,165,42*6D
$GIGSV,1,1,02,09,17,274,44,10,51,165,42*6D
$GIGSV,1,1,02,09,17,274,44,10,51,165,42*6D
$GIGSV,1,1,02,09,17,274,44,10,51,165,42*6D
$GIGSV,1,1,02,09,17,274,44,10,51,165,42*6D
$GIGSV,1,1,02,09,17,274,44,10,51,165,42*6D
$GIGSV,1,1,02,09,17,274,44,10,51,165,42*6D
$GIGSV,1,1,02,09,17,274,44,10,51,165,42*6D
$GIGSV,1,1,02,09,17,274,44,10,51,165,42*6D
$GIGSV,1,1,02,09,17,274,44,10,51,165,42*6D
$GIGSV,1,1,02,09,17,274,44,10,51,165,42*6D
$GIGSV,1,1,02,09,17,274,44,10,51,165,42*6D
$GIGSV,1,1,02,09,17,274,44,10,51,165,42*6D
$GIGSV,1,1,02,09,17,274,44,10,51,165,42*6D
$GIGSV,1,1,02,09,17,274,44,10,51,165,42*6D
$GIGSV,1,1,02,09,17,274,44,10,51,165,41*6E
$GIGSV,1,1,02,09,17,274,44,10,51,165,41*6E
$GIGSV,1,1,02,09,17,274,44,10,51,165,41*6E
$GIGSV,1,1,02,09,17,274,44,10,51,165,41*6E
$GIGSV,1,1,02,09,17,274,44,10,51,165,41*6E
$GIGSV,1,1,02,09,17,274,44,10,51,165,41*6E
$GIGSV,1,1,02,09,17,274,44,10,51,165,41*6E
$GIGSV,1,1,02,09,17,274,44,10,51,165,41*6E
$GIGSV,1,1,02,09,17,274,44,10,51,165,41*6E
$GIGSV,1,1,02,09,17,274,44,10,51,165,41*6E
$GIGSV,1,1,02,09,17,274,44,10,51,165,41*6E
$GIGSV,1,1,02,09,17,274,44,10,51,165,41*6E
$GIGSV,1,1,02,09,17,274,44,10,51,165,41*6E
$GIGSV,1,1,02,09,17,274,44,10,51,165,41*6E
$GIGSV,1,1,02,09,17,274,44,10,51,165,41*6E
$GIGSV,1,1,02,09,17,274,44,10,51,165,41*6E
$GIGSV,1,1,02,09,17,274,44,10,51,165,41*6E
$GIGSV,1,1,02,09,17,274,44,10,51,165,42*6D
$GIGSV,1,1,02,09,17,274,44,10,51,165,42*6D
$GIGSV,1,1,02,09,17,274,44,10,51,165,42*6D
$GIGSV,1,1,02,09,17,274,44,10,51,165,42*6D
$GIGSV,1,1,02,09,17,274,45,10,51,165,42*6C
$GIGSV,1,1,02,09,17,274,45,10,51,165,42*6C
$GIGSV,1,1,02,09,17,274,45,10,51,165,42*6C
$GIGSV,1,1,02,09,17,274,45,10,51,165,42*6C
$GIGSV,1,1,02,09,17,274,45,10,51,165,42*6C
$GIGSV,1,1,02,09,17,274,45,10,51,165,42*6C
$GIGSV,1,1,02,09,17,274,45,10,51,165,42*6C
$GIGSV,1,1,02,09,17,274,45,10,51,165,42*6C
$GIGSV,1,1,02,09,17,274,45,10,51,165,42*6C
$GIGSV,1,1,02,09,17,274,45,10,51,165,42*6C
$GIGSV,1,1,02,09,17,274,45,10,51,165,42*6C
$GIGSV,1,1,02,09,17,274,45,10,51,165,42*6C
$GIGSV,1,1,02,09,17,274,45,10,51,165,42*6C
$GIGSV,1,1,02,09,17,274,45,10,51,165,42*6C
$GIGSV,1,1,02,09,17,274,45,10,51,165,42*6C
$GIGSV,1,1,02,09,17,274,45,10,51,165,42*6C
$GIGSV,1,1,02,09,17,274,45,10,51,165,42*6C
$GIGSV,1,1,02,09,17,274,45,10,51,165,42*6C
$GIGSV,1,1,02,09,17,274,45,10,51,165,42*6C
$GIGSV,1,1,02,09,17,274,45,10,51,165,42*6C
$GIGSV,1,1,02,09,17,274,45,10,51,165,42*6C
$GIGSV,1,1,02,09,17,274,45,10,51,165,42*6C
$GIGSV,1,1,02,09,17,274,45,10,51,165,42*6C
$GIGSV,1,1,02,09,17,274,45,10,51,165,42*6C
$GIGSV,1,1,02,09,17,274,45,10,51,165,42*6C
$GIGSV,1,1,02,09,17,274,45,10,51,165,42*6C
$GIGSV,1,1,02,09,17,274,45,10,51,165,42*6C
$GIGSV,1,1,02,09,17,274,45,10,51,165,42*6C
$GIGSV,1,1,02,09,17,274,45,10,51,165,42*6C
$GIGSV,1,1,02,09,17,274,45,10,51,165,42*6C
$GIGSV,1,1,02,09,17,274,45,10,51,165,42*6C
$GIGSV,1,1,02,09,17,274,45,10,51,165,42*6C
$GIGSV,1,1,02,09,17,274,45,10,51,165,42*6C
$GIGSV,1,1,02,09,17,274,45,10,51,165,42*6C
$GIGSV,1,1,02,09,17,274,45,10,51,165,42*6C
$GIGSV,1,1,02,09,17,274,45,10,51,165,42*6C
$GIGSV,1,1,02,09,17,274,45,10,51,165,42*6C
$GIGSV,1,1,02,09,17,274,45,10,51,165,42*6C
$GIGSV,1,1,02,09,17,274,45,10,51,165,42*6C
$GIGSV,1,1,02,09,17,274,45,10,51,165,42*6C
$GIGSV,1,1,02,09,17,274,45,10,51,165,42*6C
$GIGSV,1,1,02,09,17,274,45,10,51,165,42*6C
$GIGSV,1,1,02,09,17,274,45,10,51,165,42*6C
$GIGSV,1,1,02,09,17,274,45,10,51,165,42*6C
$GIGSV,1,1,02,09,17,274,45,10,51,165,43*6D
$GIGSV,1,1,02,09,17,274,45,10,51,165,43*6D
$GIGSV,1,1,02,09,17,274,45,10,51,165,43*6D
$GIGSV,1,1,02,09,17,274,44,10,51,165,43*6C
$GIGSV,1,1,02,09,17,274,44,10,51,165,43*6C
$GIGSV,1,1,02,09,17,274,44,10,51,165,43*6C
$GIGSV,1,1,02,09,17,274,44,10,51,165,43*6C
$GIGSV,1,1,02,09,17,274,44,10,51,165,43*6C
$GIGSV,1,1,02,09,17,274,44,10,51,165,43*6C
$GIGSV,1,1,02,09,17,274,44,10,51,165,43*6C
$GIGSV,1,1,02,09,17,274,44,10,51,165,43*6C
$GIGSV,1,1,02,09,17,274,44,10,51,165,43*6C
$GIGSV,1,1,02,09,17,274,44,10,51,165,43*6C
$GIGSV,1,1,02,09,17,274,44,10,51,165,43*6C
$GIGSV,1,1,02,09,17,274,44,10,51,165,43*6C
$GIGSV,1,1,02,09,17,274,44,10,51,165,43*6C
$GIGSV,1,1,02,09,17,274,44,10,51,165,43*6C
$GIGSV,1,1,02,09,17,274,44,10,51,165,43*6C
$GIGSV,1,1,02,09,17,274,44,10,51,165,43*6C
$GIGSV,1,1,02,09,17,274,44,10,51,165,43*6C
$GIGSV,1,1,02,09,17,274,43,10,51,165,43*6B
$GIGSV,1,1,02,09,17,274,43,10,51,165,43*6B
$GIGSV,1,1,02,09,17,274,43,10,51,165,43*6B
$GIGSV,1,1,02,09,17,274,43,10,51,165,43*6B
$GIGSV,1,1,02,09,17,274,43,10,51,165,43*6B
$GIGSV,1,1,02,09,17,274,43,10,51,165,43*6B
$GIGSV,1,1,02,09,17,274,43,10,51,165,43*6B
$GIGSV,1,1,02,09,17,274,43,10,51,165,43*6B
$GIGSV,1,1,02,09,17,274,43,10,51,165,43*6B
$GIGSV,1,1,02,09,17,274,43,10,51,165,43*6B
$GIGSV,1,1,02,09,17,274,43,10,51,165,43*6B
$GIGSV,1,1,02,09,17,274,43,10,51,165,43*6B
$GIGSV,1,1,02,09,17,274,43,10,51,165,43*6B
$GIGSV,1,1,02,09,17,274,43,10,51,165,43*6B
$GIGSV,1,1,02,09,17,274,43,10,51,165,43*6B
$GIGSV,1,1,02,09,17,274,43,10,51,165,43*6B
$GIGSV,1,1,02,09,17,274,42,10,51,165,43*6A
$GIGSV,1,1,02,09,17,274,42,10,51,165,43*6A
$GIGSV,1,1,02,09,17,274,42,10,51,165,43*6A
$GIGSV,1,1,02,09,17,274,42,10,51,165,43*6A
$GIGSV,1,1,02,09,17,274,42,10,51,165,43*6A
$GIGSV,1,1,02,09,17,274,42,10,51,165,43*6A
$GIGSV,1,1,02,09,17,274,42,10,51,165,43*6A
$GIGSV,1,1,02,09,17,274,42,10,51,165,43*6A
$GIGSV,1,1,02,09,17,274,42,10,51,165,43*6A
$GIGSV,1,1,02,09,17,274,42,10,51,165,43*6A
$GIGSV,1,1,02,09,17,274,42,10,51,165,43*6A
$GIGSV,1,1,02,09,17,274,42,10,51,165,42*6B
$GIGSV,1,1,02,09,17,274,42,10,51,165,43*6A
$GIGSV,1,1,02,09,17,274,42,10,51,165,43*6A
$GIGSV,1,1,02,09,17,274,42,10,51,165,43*6A
$GIGSV,1,1,02,09,17,274,41,10,51,165,43*69
$GIGSV,1,1,02,09,17,274,41,10,51,165,43*69
$GIGSV,1,1,02,09,17,274,41,10,51,165,43*69
$GIGSV,1,1,02,09,17,274,41,10,51,165,43*69
$GIGSV,1,1,02,09,17,274,41,10,51,165,43*69
$GIGSV,1,1,02,09,17,274,41,10,51,165,43*69
$GIGSV,1,1,02,09,17,274,41,10,51,165,43*69
$GIGSV,1,1,02,09,17,274,41,10,51,165,43*69
$GIGSV,1,1,02,09,17,274,41,10,51,165,43*69
$GIGSV,1,1,02,09,17,274,41,10,51,165,43*69
$GIGSV,1,1,02,09,17,274,41,10,51,165,43*69
$GIGSV,1,1,02,09,17,274,41,10,51,165,43*69
$GIGSV,1,1,02,09,17,274,41,10,51,165,43*69
$GIGSV,1,1,02,09,17,274,41,10,51,165,43*69
$GIGSV,1,1,02,09,17,274,41,10,51,165,43*69
$GIGSV,1,1,02,09,17,274,41,10,51,165,43*69
$GIGSV,1,1,02,09,17,274,41,10,51,165,43*69
$GIGSV,1,1,02,09,17,274,41,10,51,165,43*69
$GIGSV,1,1,02,09,17,274,41,10,51,165,43*69
$GIGSV,1,1,02,09,17,274,41,10,51,165,43*69
$GIGSV,1,1,02,09,17,274,41,10,51,165,43*69
$GIGSV,1,1,02,09,17,274,41,10,51,165,43*69
$GIGSV,1,1,02,09,17,274,41,10,51,165,43*69
$GIGSV,1,1,02,09,17,274,41,10,51,165,43*69
$GIGSV,1,1,02,09,17,274,41,10,51,165,43*69
$GIGSV,1,1,02,09,17,274,41,10,51,165,43*69
$GIGSV,1,1,02,09,17,274,41,10,51,165,43*69
$GIGSV,1,1,02,09,17,274,41,10,51,165,43*69
$GIGSV,1,1,02,09,17,274,41,10,51,165,43*69
$GIGSV,1,1,02,09,17,274,41,10,51,165,43*69
$GIGSV,1,1,02,09,17,274,41,10,51,165,43*69
$GIGSV,1,1,02,09,17,274,41,10,51,165,43*69
$GIGSV,1,1,02,09,17,274,41,10,51,165,43*69
$GIGSV,1,1,02,09,17,274,41,10,51,165,43*69
$GIGSV,1,1,02,09,17,274,41,10,51,165,43*69
$GIGSV,1,1,02,09,17,274,41,10,51,165,43*69
$GIGSV,1,1,02,09,17,274,41,10,51,165,43*69
$GIGSV,1,1,02,09,17,274,41,10,51,165,43*69
$GIGSV,1,1,02,09,17,274,41,10,51,165,43*69
$GIGSV,1,1,02,09,17,274,41,10,51,165,43*69
$GIGSV,1,1,02,09,17,274,41,10,51,165,43*69
$GIGSV,1,1,02,09,17,274,41,10,51,165,43*69
$GIGSV,1,1,02,09,17,274,41,10,51,165,43*69
$GIGSV,1,1,02,09,17,274,41,10,51,165,43*69
$GIGSV,1,1,02,09,17,274,41,10,51,165,43*69
$GIGSV,1,1,02,09,17,274,41,10,51,165,43*69
$GIGSV,1,1,02,09,17,274,41,10,51,165,43*69
$GIGSV,1,1,02,09,17,274,41,10,51,165,43*69
$GIGSV,1,1,02,09,17,274,41,10,51,165,43*69
$GIGSV,1,1,02,09,17,274,41,10,51,165,42*68
$GIGSV,1,1,02,09,17,274,41,10,51,165,42*68
$GIGSV,1,1,02,09,17,274,41,10,51,165,42*68
$GIGSV,1,1,02,09,17,274,41,10,51,165,42*68
$GIGSV,1,1,02,09,17,274,41,10,51,165,42*68
$GIGSV,1,1,02,09,17,274,41,10,51,165,42*68
$GIGSV,1,1,02,09,17,274,41,10,51,165,42*68
$GIGSV,1,1,02,09,17,274,41,10,51,165,42*68
$GIGSV,1,1,02,09,17,274,41,10,51,165,42*68
$GIGSV,1,1,02,09,17,274,41,10,51,165,42*68
$GIGSV,1,1,02,09,17,274,41,10,51,165,42*68
$GIGSV,1,1,02,09,17,274,41,10,51,165,42*68
$GIGSV,1,1,02,09,17,274,41,10,51,165,42*68
$GIGSV,1,1,02,09,17,274,41,10,51,165,42*68
$GIGSV,1,1,02,09,17,274,41,10,51,165,42*68
$GIGSV,1,1,02,09,17,274,41,10,51,165,42*68
$GIGSV,1,1,02,09,17,274,41,10,51,165,42*68
$GIGSV,1,1,02,09,17,274,41,10,51,165,42*68
$GIGSV,1,1,02,09,17,274,41,10,51,165,42*68
$GIGSV,1,1,02,09,17,274,41,10,51,165,42*68
$GIGSV,1,1,02,09,17,274,41,10,51,165,42*68
$GIGSV,1,1,02,09,17,274,41,10,51,165,42*68
$GIGSV,1,1,02,09,17,274,41,10,51,165,42*68
$GIGSV,1,1,02,09,17,274,41,10,51,165,42*68
$GIGSV,1,1,02,09,17,274,41,10,51,165,42*68
$GIGSV,1,1,02,09,17,274,41,10,51,165,42*68
$GIGSV,1,1,02,09,17,274,42,10,51,165,42*6B
$GIGSV,1,1,02,09,17,274,42,10,51,165,42*6B
$GIGSV,1,1,02,09,17,274,42,10,51,165,42*6B
$GIGSV,1,1,02,09,17,274,42,10,51,165,42*6B
$GIGSV,1,1,02,09,17,274,42,10,51,165,42*6B
$GIGSV,1,1,02,09,17,274,43,10,51,165,42*6A
$GIGSV,1,1,02,09,17,274,43,10,51,165,42*6A
$GIGSV,1,1,02,09,17,274,43,10,51,165,42*6A
$GIGSV,1,1,02,09,17,274,43,10,51,165,42*6A
$GIGSV,1,1,02,09,17,274,43,10,51,165,42*6A
$GIGSV,1,1,02,09,17,274,44,10,51,165,42*6D
$GIGSV,1,1,02,09,17,274,44,10,51,165,42*6D
$GIGSV,1,1,02,09,17,274,44,10,51,165,42*6D
$GIGSV,1,1,02,09,17,274,44,10,51,165,42*6D
$GIGSV,1,1,02,09,17,274,44,10,51,165,42*6D
$GIGSV,1,1,02,09,17,274,44,10,51,165,42*6D
$GIGSV,1,1,02,09,17,274,44,10,51,165,42*6D
$GIGSV,1,1,02,09,17,274,44,10,51,165,42*6D
$GIGSV,1,1,02,09,17,274,44,10,51,165,42*6D
$GIGSV,1,1,02,09,17,274,44,10,51,165,42*6D
$GIGSV,1,1,02,09,17,274,44,10,51,165,42*6D
$GIGSV,1,1,02,09,17,274,44,10,51,165,42*6D
$GIGSV,1,1,02,09,17,274,44,10,51,165,42*6D
$GIGSV,1,1,02,09,17,274,44,10,51,165,42*6D
$GIGSV,1,1,02,09,17,274,44,10,51,165,42*6D
$GIGSV,1,1,02,09,17,274,44,10,51,165,42*6D
$GIGSV,1,1,02,09,17,274,44,10,51,165,42*6D
$GIGSV,1,1,02,09,17,274,44,10,51,165,42*6D
$GIGSV,1,1,02,09,17,274,44,10,51,165,42*6D
$GIGSV,1,1,02,09,17,274,44,10,51,165,42*6D
$GIGSV,1,1,02,09,17,274,44,10,51,165,42*6D
$GIGSV,1,1,02,09,17,274,44,10,51,165,42*6D
$GIGSV,1,1,02,09,17,274,44,10,51,165,42*6D
$GIGSV,1,1,02,09,17,274,44,10,51,165,42*6D
$GIGSV,1,1,02,09,17,274,44,10,51,165,42*6D
$GIGSV,1,1,02,09,17,274,44,10,51,165,42*6D
$GIGSV,1,1,02,09,17,274,44,10,51,165,42*6D
$GIGSV,1,1,02,09,17,274,44,10,51,165,42*6D
$GIGSV,1,1,02,09,17,274,44,10,51,165,42*6D
$GIGSV,1,1,02,09,17,274,44,10,51,165,42*6D
$GIGSV,1,1,02,09,17,274,44,10,51,165,42*6D
$GIGSV,1,1,02,09,17,274,44,10,51,165,42*6D
$GIGSV,1,1,02,09,17,274,45,10,51,165,42*6C
$GIGSV,1,1,02,09,17,274,45,10,51,165,42*6C
$GIGSV,1,1,02,09,17,274,45,10,51,165,42*6C
$GIGSV,1,1,02,09,17,274,45,10,51,165,42*6C
$GIGSV,1,1,02,09,17,274,45,10,51,165,42*6C
$GIGSV,1,1,02,09,17,274,45,10,51,165,42*6C
$GIGSV,1,1,02,09,17,274,45,10,51,165,42*6C
$GIGSV,1,1,02,09,17,274,45,10,51,165,42*6C
$GIGSV,1,1,02,09,17,274,45,10,51,165,42*6C
$GIGSV,1,1,02,09,17,274,45,10,51,165,42*6C
$GIGSV,1,1,02,09,17,274,45,10,51,165,42*6C
$GIGSV,1,1,02,09,17,274,45,10,51,165,42*6C
$GIGSV,1,1,02,09,17,274,45,10,51,165,42*6C
$GIGSV,1,1,02,09,17,274,45,10,51,165,42*6C
$GIGSV,1,1,02,09,17,274,45,10,51,165,42*6C
$GIGSV,1,1,02,09,17,274,45,10,51,165,42*6C
$GIGSV,1,1,02,09,17,274,45,10,51,165,42*6C
$GIGSV,1,1,02,09,17,274,45,10,51,165,42*6C
$GIGSV,1,1,02,09,17,274,45,10,51,165,42*6C
$GIGSV,1,1,02,09,17,274,45,10,51,165,42*6C
$GIGSV,1,1,02,09,17,274,45,10,51,165,42*6C
$GIGSV,1,1,02,09,17,274,45,10,51,165,42*6C
$GIGSV,1,1,02,09,17,274,45,10,51,165,42*6C
$GIGSV,1,1,02,09,17,274,45,10,51,165,42*6C
$GIGSV,1,1,02,09,17,274,45,10,51,165,42*6C
$GIGSV,1,1,02,09,17,274,45,10,51,165,42*6C
$GIGSV,1,1,02,09,17,274,45,10,51,165,42*6C
$GIGSV,1,1,02,09,17,274,45,10,51,165,42*6C
$GIGSV,1,1,02,09,17,274,45,10,51,165,42*6C
$GIGSV,1,1,02,09,17,274,45,10,51,165,42*6C
$GIGSV,1,1,02,09,17,274,45,10,51,165,42*6C
$GIGSV,1,1,02,09,17,274,45,10,51,165,42*6C
$GIGSV,1,1,02,09,17,274,45,10,51,165,42*6C
$GIGSV,1,1,02,09,17,274,45,10,51,165,42*6C
$GIGSV,1,1,02,09,17,274,45,10,51,165,42*6C
$GIGSV,1,1,02,09,17,274,45,10,51,165,42*6C
$GIGSV,1,1,02,09,17,274,45,10,51,165,42*6C
$GIGSV,1,1,02,09,17,274,45,10,51,165,42*6C
$GIGSV,1,1,02,09,17,274,45,10,51,165,42*6C
$GIGSV,1,1,02,09,17,274,45,10,51,165,42*6C
$GIGSV,1,1,02,09,17,274,45,10,51,165,42*6C
$GIGSV,1,1,02,09,17,274,45,10,51,165,42*6C
$GIGSV,1,1,02,09,17,274,45,10,51,165,42*6C
$GIGSV,1,1,02,09,17,274,45,10,51,165,42*6C
$GIGSV,1,1,02,09,17,274,45,10,51,165,42*6C
$GIGSV,1,1,02,09,17,274,45,10,51,165,42*6C
$GIGSV,1,1,02,09,17,274,45,10,51,165,42*6C
$GIGSV,1,1,02,09,17,274,45,10,51,165,42*6C
$GIGSV,1,1,02,09,17,274,45,10,51,165,43*6D
$GIGSV,1,1,02,09,17,274,45,10,51,165,43*6D
$GIGSV,1,1,02,09,17,274,45,10,51,165,43*6D
$GIGSV,1,1,02,09,17,274,45,10,51,165,43*6D
$GIGSV,1,1,02,09,17,274,45,10,51,165,43*6D
$GIGSV,1,1,02,09,17,274,45,10,51,165,42*6C
$GIGSV,1,1,02,09,17,274,45,10,51,165,42*6C
$GIGSV,1,1,02,09,17,274,45,10,51,165,42*6C
$GIGSV,1,1,02,09,17,274,45,10,51,165,42*6C
$GIGSV,1,1,02,09,17,274,45,10,51,165,42*6C
$GIGSV,1,1,02,09,17,274,45,10,51,165,42*6C
$GIGSV,1,1,02,09,17,274,45,10,51,165,42*6C
$GIGSV,1,1,02,09,17,274,45,10,51,165,42*6C
$GIGSV,1,1,02,09,17,274,45,10,51,165,42*6C
$GIGSV,1,1,02,09,17,274,45,10,51,165,42*6C
$GIGSV,1,1,02,09,17,274,45,10,51,165,42*6C
$GIGSV,1,1,02,09,17,274,45,10,51,165,42*6C
$GIGSV,1,1,02,09,17,274,45,10,51,165,42*6C
$GIGSV,1,1,02,09,17,274,45,10,51,165,42*6C
$GIGSV,1,1,02,09,17,274,45,10,51,165,42*6C
$GIGSV,1,1,02,09,17,274,45,10,51,165,42*6C
$GIGSV,1,1,02,09,17,274,45,10,51,165,42*6C
$GIGSV,1,1,02,09,17,274,45,10,51,165,42*6C
$GIGSV,1,1,02,09,17,274,45,10,51,165,42*6C
$GIGSV,1,1,02,09,17,274,45,10,51,165,42*6C
$GIGSV,1,1,02,09,17,274,45,10,51,165,42*6C
$GIGSV,1,1,02,09,17,274,45,10,51,165,41*6F
$GIGSV,1,1,02,09,17,274,45,10,51,165,41*6F
$GIGSV,1,1,02,09,17,274,45,10,51,165,41*6F
$GIGSV,1,1,02,09,17,274,45,10,51,165,41*6F
$GIGSV,1,1,02,09,17,274,45,10,51,165,41*6F
$GIGSV,1,1,02,09,17,274,45,10,51,165,41*6F
$GIGSV,1,1,02,09,17,274,45,10,51,165,41*6F
$GIGSV,1,1,02,09,17,274,45,10,51,165,41*6F
$GIGSV,1,1,02,09,17,274,45,10,51,165,41*6F
$GIGSV,1,1,02,09,17,274,45,10,51,165,41*6F
$GIGSV,1,1,02,09,17,274,45,10,51,165,41*6F
$GIGSV,1,1,02,09,17,274,45,10,51,165,41*6F
$GIGSV,1,1,02,09,17,274,45,10,51,165,41*6F
$GIGSV,1,1,02,09,17,274,45,10,51,165,41*6F
$GIGSV,1,1,02,09,17,274,45,10,51,165,41*6F
$GIGSV,1,1,02,09,17,274,45,10,51,165,41*6F
$GIGSV,1,1,02,09,17,274,45,10,51,165,41*6F
$GIGSV,1,1,02,09,17,274,45,10,51,165,41*6F
$GIGSV,1,1,02,09,17,274,45,10,51,165,41*6F
$GIGSV,1,1,02,09,17,274,45,10,51,165,41*6F
$GIGSV,1,1,02,09,17,274,45,10,51,165,41*6F
$GIGSV,1,1,02,09,17,274,45,10,51,165,41*6F
$GIGSV,1,1,02,09,17,274,45,10,51,165,41*6F
$GIGSV,1,1,02,09,17,274,45,10,51,165,41*6F
$GIGSV,1,1,02,09,17,274,45,10,51,165,41*6F
$GIGSV,1,1,02,09,17,274,45,10,51,165,41*6F
$GIGSV,1,1,02,09,17,274,45,10,51,165,41*6F
$GIGSV,1,1,02,09,17,274,45,10,51,165,41*6F
$GIGSV,1,1,02,09,17,274,45,10,51,165,41*6F
$GIGSV,1,1,02,09,17,274,45,10,51,165,40*6E
$GIGSV,1,1,02,09,17,274,45,10,51,165,40*6E
$GIGSV,1,1,02,09,17,274,45,10,51,165,40*6E
$GIGSV,1,1,02,09,17,274,45,10,51,165,40*6E
$GIGSV,1,1,02,09,17,274,45,10,51,165,40*6E
$GIGSV,1,1,02,09,17,274,45,10,51,165,40*6E
$GIGSV,1,1,02,09,17,274,45,10,51,165,40*6E
$GIGSV,1,1,02,09,17,274,45,10,51,165,40*6E
$GIGSV,1,1,02,09,17,274,45,10,51,165,40*6E
$GIGSV,1,1,02,09,17,274,45,10,51,165,40*6E
$GIGSV,1,1,02,09,17,274,45,10,51,165,40*6E
$GIGSV,1,1,02,09,17,274,45,10,51,165,40*6E
$GIGSV,1,1,02,09,17,274,45,10,51,165,40*6E
$GIGSV,1,1,02,09,17,274,45,10,51,165,40*6E
$GIGSV,1,1,02,09,17,274,45,10,51,165,40*6E
$GIGSV,1,1,02,09,17,274,45,10,51,165,40*6E
$GIGSV,1,1,02,09,17,274,45,10,51,165,40*6E
$GIGSV,1,1,02,09,17,274,45,10,51,165,40*6E
$GIGSV,1,1,02,09,17,274,45,10,51,165,40*6E
$GIGSV,1,1,02,09,17,274,45,10,51,165,40*6E
$GIGSV,1,1,02,09,17,274,45,10,51,165,40*6E
$GIGSV,1,1,02,09,17,274,45,10,51,165,40*6E
$GIGSV,1,1,02,09,17,274,45,10,51,165,40*6E
$GIGSV,1,1,02,09,17,274,45,10,51,165,40*6E
$GIGSV,1,1,02,09,17,274,45,10,51,165,40*6E
$GIGSV,1,1,02,09,17,274,45,10,51,165,40*6E
$GIGSV,1,1,02,09,17,274,45,10,51,165,40*6E
$GIGSV,1,1,02,09,17,274,45,10,51,165,40*6E
$GIGSV,1,1,02,09,17,274,45,10,51,165,40*6E
$GIGSV,1,1,02,09,17,274,45,10,51,165,40*6E
$GIGSV,1,1,02,09,17,274,45,10,51,165,40*6E
$GIGSV,1,1,02,09,17,274,45,10,51,165,40*6E
$GIGSV,1,1,02,09,17,274,45,10,51,165,40*6E
$GIGSV,1,1,02,09,17,274,45,10,51,165,40*6E
$GIGSV,1,1,02,09,17,274,45,10,51,165,40*6E
$GIGSV,1,1,02,09,17,274,45,10,51,165,40*6E
$GIGSV,1,1,02,09,17,274,45,10,51,165,40*6E
$GIGSV,1,1,02,09,17,274,45,10,51,165,40*6E
$GIGSV,1,1,02,09,17,274,45,10,51,165,40*6E
$GIGSV,1,1,02,09,17,274,45,10,51,165,40*6E
$GIGSV,1,1,02,09,17,274,45,10,51,165,40*6E
$GIGSV,1,1,02,09,17,274,45,10,51,165,40*6E
$GIGSV,1,1,02,09,17,274,45,10,51,165,40*6E
$GIGSV,1,1,02,09,17,274,45,10,51,165,40*6E
$GIGSV,1,1,02,09,17,274,45,10,51,165,40*6E
$GIGSV,1,1,02,09,17,274,45,10,51,165,40*6E
$GIGSV,1,1,02,09,17,274,45,10,51,165,40*6E
$GIGSV,1,1,02,09,17,274,45,10,51,165,40*6E
$GIGSV,1,1,02,09,17,274,45,10,51,165,40*6E
$GIGSV,1,1,02,09,17,274,45,10,51,165,40*6E
$GIGSV,1,1,02,09,17,274,45,10,51,165,40*6E
$GIGSV,1,1,02,09,17,274,45,10,51,165,40*6E
$GIGSV,1,1,02,09,17,274,45,10,51,165,40*6E
$GIGSV,1,1,02,09,17,274,45,10,51,165,40*6E
$GIGSV,1,1,02,09,17,274,45,10,51,165,40*6E
$GIGSV,1,1,02,09,17,274,45,10,51,165,40*6E
$GIGSV,1,1,02,09,17,274,45,10,51,165,40*6E
$GIGSV,1,1,02,09,17,274,45,10,51,165,40*6E
$GIGSV,1,1,02,09,17,274,45,10,51,165,40*6E
$GIGSV,1,1,02,09,17,274,45,10,51,165,40*6E
$GIGSV,1,1,02,09,17,274,45,10,51,165,40*6E
$GIGSV,1,1,02,09,17,274,45,10,51,165,40*6E
$GIGSV,1,1,02,09,17,274,45,10,51,165,40*6E
$GIGSV,1,1,02,09,17,274,45,10,51,165,40*6E
$GIGSV,1,1,02,09,17,274,45,10,51,165,40*6E
$GIGSV,1,1,02,09,17,274,45,10,51,165,40*6E
$GIGSV,1,1,02,09,17,274,45,10,51,165,40*6E
$GIGSV,1,1,02,09,17,274,45,10,51,165,40*6E
$GIGSV,1,1,02,09,17,274,45,10,51,165,40*6E
$GIGSV,1,1,02,09,17,274,45,10,51,165,40*6E
$GIGSV,1,1,02,09,17,274,45,10,51,165,40*6E
$GIGSV,1,1,02,09,17,274,45,10,51,165,40*6E
$GIGSV,1,1,02,09,17,274,45,10,51,165,40*6E
$GIGSV,1,1,02,09,17,274,45,10,51,165,40*6E
$GIGSV,1,1,02,09,17,274,45,10,51,165,40*6E
$GIGSV,1,1,02,09,17,274,45,10,51,165,40*6E
$GIGSV,1,1,02,09,17,274,45,10,51,165,40*6E
$GIGSV,1,1,02,09,17,274,45,10,51,165,40*6E
$GIGSV,1,1,02,09,17,274,45,10,51,165,40*6E
$GIGSV,1,1,02,09,17,274,45,10,51,165,40*6E
$GIGSV,1,1,02,09,17,274,45,10,51,165,40*6E
$GIGSV,1,1,02,09,17,274,45,10,51,165,40*6E
$GIGSV,1,1,02,09,17,274,45,10,51,165,40*6E
$GIGSV,1,1,02,09,17,274,45,10,51,165,40*6E
$GIGSV,1,1,02,09,17,274,45,10,51,165,40*6E
$GIGSV,1,1,02,09,17,274,45,10,51,165,40*6E
$GIGSV,1,1,02,09,17,274,45,10,51,165,40*6E
$GIGSV,1,1,02,09,17,274,45,10,51,165,40*6E
$GIGSV,1,1,02,09,17,274,45,10,51,165,40*6E
$GIGSV,1,1,02,09,17,274,45,10,51,165,40*6E
$GIGSV,1,1,02,09,17,274,45,10,51,165,40*6E
$GIGSV,1,1,02,09,17,274,45,10,51,165,40*6E
$GIGSV,1,1,02,09,17,274,44,10,51,165,40*6F
$GIGSV,1,1,02,09,17,274,44,10,51,165,40*6F
$GIGSV,1,1,02,09,17,274,44,10,51,165,40*6F
$GIGSV,1,1,02,09,17,274,45,10,51,165,40*6E
$GIGSV,1,1,02,09,17,274,45,10,51,165,40*6E
$GIGSV,1,1,02,09,17,274,45,10,51,165,40*6E
$GIGSV,1,1,02,09,17,274,45,10,51,165,40*6E
$GIGSV,1,1,02,09,17,274,45,10,51,165,40*6E
$GIGSV,1,1,02,09,17,274,45,10,51,165,40*6E
$GIGSV,1,1,02,09,17,274,45,10,51,165,40*6E
$GIGSV,1,1,02,09,17,274,45,10,51,165,40*6E
$GIGSV,1,1,02,09,17,274,45,10,51,165,40*6E
$GIGSV,1,1,02,09,17,274,45,10,51,165,40*6E
$GIGSV,1,1,02,09,17,274,44,10,51,165,40*6F
$GIGSV,1,1,02,09,17,274,44,10,51,165,40*6F
$GIGSV,1,1,02,09,17,274,44,10,51,165,40*6F
$GIGSV,1,1,02,09,17,274,45,10,51,165,40*6E
$GIGSV,1,1,02,09,17,274,45,10,51,165,40*6E
$GIGSV,1,1,02,09,17,274,45,10,51,165,40*6E
$GIGSV,1,1,02,09,17,274,45,10,51,165,40*6E
$GIGSV,1,1,02,09,17,274,45,10,51,165,40*6E
$GIGSV,1,1,02,09,17,274,45,10,51,165,40*6E
$GIGSV,1,1,02,09,17,274,45,10,51,165,40*6E
$GIGSV,1,1,02,09,17,274,45,10,51,165,40*6E
$GIGSV,1,1,02,09,17,274,45,10,51,165,40*6E
$GIGSV,1,1,02,09,17,274,45,10,51,165,40*6E
$GIGSV,1,1,02,09,17,274,45,10,51,165,40*6E
$GIGSV,1,1,02,09,17,274,45,10,51,165,40*6E
$GIGSV,1,1,02,09,17,274,45,10,51,165,40*6E
$GIGSV,1,1,02,09,17,274,45,10,51,165,40*6E
$GIGSV,1,1,02,09,17,274,44,10,51,165,40*6F
$GIGSV,1,1,02,09,17,274,44,10,51,165,40*6F
$GIGSV,1,1,02,09,17,274,44,10,51,165,40*6F
$GIGSV,1,1,02,09,17,274,44,10,51,165,40*6F
$GIGSV,1,1,02,09,17,274,44,10,51,165,40*6F
$GIGSV,1,1,02,09,17,274,44,10,51,165,40*6F
$GIGSV,1,1,02,09,17,274,44,10,51,165,40*6F
$GIGSV,1,1,02,09,17,274,44,10,51,165,40*6F
$GIGSV,1,1,02,09,17,274,44,10,51,165,40*6F
$GIGSV,1,1,02,09,17,274,44,10,51,165,40*6F
$GIGSV,1,1,02,09,17,274,44,10,51,165,40*6F
$GIGSV,1,1,02,09,17,274,44,10,51,165,40*6F
$GIGSV,1,1,02,09,17,274,44,10,51,165,40*6F
$GIGSV,1,1,02,09,17,274,44,10,51,165,40*6F
$GIGSV,1,1,02,09,17,274,44,10,51,165,40*6F
$GIGSV,1,1,02,09,17,274,44,10,51,165,40*6F
$GIGSV,1,1,02,09,17,274,44,10,51,165,40*6F
$GIGSV,1,1,02,09,17,274,44,10,51,165,40*6F
$GIGSV,1,1,02,09,17,274,44,10,51,165,40*6F
$GIGSV,1,1,02,09,17,274,44,10,51,165,40*6F
$GIGSV,1,1,02,09,17,274,44,10,51,165,40*6F
$GIGSV,1,1,02,09,17,274,44,10,51,165,40*6F
$GIGSV,1,1,02,09,17,274,44,10,51,165,40*6F
$GIGSV,1,1,02,09,17,274,44,10,51,165,40*6F
$GIGSV,1,1,02,09,17,274,44,10,51,165,40*6F
$GIGSV,1,1,02,09,17,274,44,10,51,165,40*6F
$GIGSV,1,1,02,09,17,274,44,10,51,165,40*6F
$GIGSV,1,1,02,09,17,274,44,10,51,165,40*6F
$GIGSV,1,1,02,09,17,274,44,10,51,165,40*6F
$GIGSV,1,1,02,09,17,274,44,10,51,165,40*6F
$GIGSV,1,1,02,09,17,274,44,10,51,165,40*6F
$GIGSV,1,1,02,09,17,274,44,10,51,165,40*6F
$GIGSV,1,1,02,09,17,274,44,10,51,165,40*6F
$GIGSV,1,1,02,09,17,274,44,10,51,165,40*6F
$GIGSV,1,1,02,09,17,274,44,10,51,165,40*6F
$GIGSV,1,1,02,09,17,274,44,10,51,165,40*6F
$GIGSV,1,1,02,09,17,274,44,10,51,165,40*6F
$GIGSV,1,1,02,09,17,274,44,10,51,165,40*6F
$GIGSV,1,1,02,09,17,274,44,10,51,165,40*6F
$GIGSV,1,1,02,09,17,274,44,10,51,165,40*6F
$GIGSV,1,1,02,09,17,274,44,10,51,165,40*6F
$GIGSV,1,1,02,09,17,274,44,10,51,165,40*6F
$GIGSV,1,1,02,09,17,274,44,10,51,165,40*6F
$GIGSV,1,1,02,09,17,274,44,10,51,165,40*6F
$GIGSV,1,1,02,09,17,274,44,10,51,165,40*6F
$GIGSV,1,1,02,09,17,274,44,10,51,165,40*6F
$GIGSV,1,1,02,09,17,274,44,10,51,165,40*6F
$GIGSV,1,1,02,09,17,274,44,10,51,165,40*6F
$GIGSV,1,1,02,09,17,274,44,10,51,165,40*6F
$GIGSV,1,1,02,09,17,274,44,10,51,165,40*6F
$GIGSV,1,1,02,09,17,274,44,10,51,165,40*6F
$GIGSV,1,1,02,09,17,274,44,10,51,165,40*6F
$GIGSV,1,1,02,09,17,274,44,10,51,165,40*6F
$GIGSV,1,1,02,09,17,274,44,10,51,165,40*6F
$GIGSV,1,1,02,09,17,274,44,10,51,165,40*6F
$GIGSV,1,1,02,09,17,274,44,10,51,165,40*6F
$GIGSV,1,1,02,09,17,274,44,10,51,165,40*6F
$GIGSV,1,1,02,09,17,274,44,10,51,165,40*6F
$GIGSV,1,1,02,09,17,274,44,10,51,165,40*6F
$GIGSV,1,1,02,09,17,274,44,10,51,165,40*6F
$GIGSV,1,1,02,09,17,274,44,10,51,165,40*6F
$GIGSV,1,1,02,09,17,274,44,10,51,165,40*6F
$GIGSV,1,1,02,09,17,274,44,10,51,165,40*6F
$GIGSV,1,1,02,09,17,274,44,10,51,165,40*6F
$GIGSV,1,1,02,09,17,274,44,10,51,165,40*6F
$GIGSV,1,1,02,09,17,274,44,10,51,165,40*6F
$GIGSV,1,1,02,09,17,274,44,10,51,165,40*6F
$GIGSV,1,1,02,09,17,274,44,10,51,165,40*6F
$GIGSV,1,1,02,09,17,274,44,10,51,165,40*6F
$GIGSV,1,1,02,09,17,274,44,10,51,165,40*6F
$GIGSV,1,1,02,09,17,274,44,10,51,165,40*6F
$GIGSV,1,1,02,09,17,274,44,10,51,165,40*6F
$GIGSV,1,1,02,09,17,274,44,10,51,165,40*6F
$GIGSV,1,1,02,09,17,274,44,10,51,165,40*6F
$GIGSV,1,1,02,09,17,274,44,10,51,165,40*6F
$GIGSV,1,1,02,09,17,274,44,10,51,165,40*6F
$GIGSV,1,1,02,09,17,274,44,10,51,165,40*6F
$GIGSV,1,1,02,09,17,274,44,10,51,165,40*6F
$GIGSV,1,1,02,09,17,274,44,10,51,165,40*6F
$GIGSV,1,1,02,09,17,274,44,10,51,165,40*6F
$GIGSV,1,1,02,09,17,274,45,10,51,165,40*6E
$GIGSV,1,1,02,09,17,274,45,10,51,165,40*6E
$GIGSV,1,1,02,09,17,274,45,10,51,165,40*6E
$GIGSV,1,1,02,09,17,274,45,10,51,165,40*6E
$GIGSV,1,1,02,09,17,274,45,10,51,165,40*6E
$GIGSV,1,1,02,09,17,274,45,10,51,165,40*6E
$GIGSV,1,1,02,09,17,274,45,10,51,165,40*6E
$GIGSV,1,1,02,09,17,274,45,10,51,165,40*6E
$GIGSV,1,1,02,09,17,274,44,10,51,165,40*6F
$GIGSV,1,1,02,09,17,274,44,10,51,165,40*6F
$GIGSV,1,1,02,09,17,274,44,10,51,165,40*6F
$GIGSV,1,1,02,09,17,274,44,10,51,165,40*6F
$GIGSV,1,1,02,09,17,274,44,10,51,165,40*6F
$GIGSV,1,1,02,09,17,274,44,10,51,165,40*6F
$GIGSV,1,1,02,09,17,274,44,10,51,165,40*6F
$GIGSV,1,1,02,09,17,274,44,10,51,165,40*6F
$GIGSV,1,1,02,09,17,274,44,10,51,165,40*6F
$GIGSV,1,1,02,09,17,274,44,10,51,165,40*6F
$GIGSV,1,1,02,09,17,274,44,10,51,165,40*6F
$GIGSV,1,1,02,09,17,274,44,10,51,165,40*6F
$GIGSV,1,1,02,09,17,274,44,10,51,165,40*6F
$GIGSV,1,1,02,09,17,274,44,10,51,165,40*6F
$GIGSV,1,1,02,09,17,274,44,10,51,165,40*6F
$GIGSV,1,1,02,09,17,274,44,10,51,165,40*6F
$GIGSV,1,1,02,09,17,274,44,10,51,165,40*6F
$GIGSV,1,1,02,09,17,274,44,10,51,165,40*6F
$GIGSV,1,1,02,09,17,274,44,10,51,165,40*6F
$GIGSV,1,1,02,09,17,274,44,10,51,165,40*6F
$GIGSV,1,1,02,09,17,274,44,10,51,165,40*6F
$GIGSV,1,1,02,09,17,274,44,10,51,165,40*6F
$GIGSV,1,1,02,09,17,274,44,10,51,165,40*6F
$GIGSV,1,1,02,09,17,274,44,10,51,165,40*6F
$GIGSV,1,1,02,09,17,274,45,10,51,165,40*6E
$GIGSV,1,1,02,09,17,274,45,10,51,165,40*6E
$GIGSV,1,1,02,09,17,274,45,10,51,165,40*6E
$GIGSV,1,1,02,09,17,274,45,10,51,165,40*6E
$GIGSV,1,1,02,09,17,274,45,10,51,165,40*6E
$GIGSV,1,1,02,09,17,274,45,10,51,165,40*6E
$GIGSV,1,1,02,09,17,274,45,10,51,165,40*6E
$GIGSV,1,1,02,09,17,274,45,10,51,165,40*6E
$GIGSV,1,1,02,09,17,274,45,10,51,165,40*6E
$GIGSV,1,1,02,09,17,274,45,10,51,165,40*6E
$GIGSV,1,1,02,09,17,274,45,10,51,165,40*6E
$GIGSV,1,1,02,09,17,274,45,10,51,165,40*6E
$GIGSV,1,1,02,09,17,274,45,10,51,165,40*6E
$GIGSV,1,1,02,09,17,274,45,10,51,165,40*6E
$GIGSV,1,1,02,09,17,274,45,10,51,165,40*6E
$GIGSV,1,1,02,09,17,274,45,10,51,165,40*6E
$GIGSV,1,1,02,09,17,274,45,10,51,165,40*6E
$GIGSV,1,1,02,09,17,274,45,10,51,165,40*6E
$GIGSV,1,1,02,09,17,274,45,10,51,165,40*6E
$GIGSV,1,1,02,09,17,274,45,10,51,165,40*6E
$GIGSV,1,1,02,09,17,274,45,10,51,165,40*6E
$GIGSV,1,1,02,09,17,274,45,10,51,165,40*6E
$GIGSV,1,1,02,09,17,274,45,10,51,165,40*6E
$GIGSV,1,1,02,09,17,274,45,10,51,165,40*6E
$GIGSV,1,1,02,09,17,274,44,10,51,165,40*6F
$GIGSV,1,1,02,09,17,274,44,10,51,165,40*6F
$GIGSV,1,1,02,09,17,274,44,10,51,165,40*6F
$GIGSV,1,1,02,09,17,274,44,10,51,165,40*6F
$GIGSV,1,1,02,09,17,274,44,10,51,165,40*6F
$GIGSV,1,1,02,09,17,274,44,10,51,165,40*6F
$GIGSV,1,1,02,09,17,274,44,10,51,165,40*6F
$GIGSV,1,1,02,09,17,274,44,10,51,165,40*6F
$GIGSV,1,1,02,09,17,274,44,10,51,165,40*6F
$GIGSV,1,1,02,09,17,274,44,10,51,165,40*6F
$GIGSV,1,1,02,09,17,274,44,10,51,165,40*6F
$GIGSV,1,1,02,09,17,274,44,10,51,165,40*6F
$GIGSV,1,1,02,09,17,274,44,10,51,165,40*6F
$GIGSV,1,1,02,09,17,274,44,10,51,165,40*6F
$GIGSV,1,1,02,09,17,274,44,10,51,165,40*6F
$GIGSV,1,1,02,09,17,274,44,10,51,165,40*6F
$GIGSV,1,1,02,09,17,274,44,10,51,165,40*6F
$GIGSV,1,1,02,09,17,274,44,10,51,165,40*6F
$GIGSV,1,1,02,09,17,274,44,10,51,165,40*6F
$GIGSV,1,1,02,09,17,274,44,10,51,165,40*6F
$GIGSV,1,1,02,09,17,274,44,10,51,165,40*6F
$GIGSV,1,1,02,09,17,274,44,10,51,165,40*6F
$GIGSV,1,1,02,09,17,274,44,10,51,165,40*6F
$GIGSV,1,1,02,09,17,274,44,10,51,165,40*6F
$GIGSV,1,1,02,09,17,274,44,10,51,165,40*6F
$GIGSV,1,1,02,09,17,274,44,10,51,165,40*6F
$GIGSV,1,1,02,09,17,274,45,10,51,165,40*6E
$GIGSV,1,1,02,09,17,274,45,10,51,165,40*6E
$GIGSV,1,1,02,09,17,274,45,10,51,165,40*6E
$GIGSV,1,1,02,09,17,274,45,10,51,165,40*6E
$GIGSV,1,1,02,09,17,274,45,10,51,165,40*6E
$GIGSV,1,1,02,09,17,274,45,10,51,165,40*6E
$GIGSV,1,1,02,09,17,274,45,10,51,165,40*6E
$GIGSV,1,1,02,09,17,274,45,10,51,165,40*6E
$GIGSV,1,1,02,09,17,274,45,10,51,165,40*6E
$GIGSV,1,1,02,09,17,274,45,10,51,165,40*6E
$GIGSV,1,1,02,09,17,274,45,10,51,165,40*6E
$GIGSV,1,1,02,09,17,274,45,10,51,165,40*6E
$GIGSV,1,1,02,09,17,274,45,10,51,165,40*6E
$GIGSV,1,1,02,09,17,274,45,10,51,165,40*6E
$GIGSV,1,1,02,09,17,274,45,10,51,165,40*6E
$GIGSV,1,1,02,09,17,274,45,10,51,165,40*6E
$GIGSV,1,1,02,09,17,274,45,10,51,165,40*6E
$GIGSV,1,1,02,09,17,274,45,10,51,165,40*6E
$GIGSV,1,1,02,09,17,274,45,10,51,165,40*6E
$GIGSV,1,1,02,09,17,274,45,10,51,165,40*6E
$GIGSV,1,1,02,09,17,274,45,10,51,165,40*6E
$GIGSV,1,1,02,09,17,274,45,10,51,165,40*6E
$GIGSV,1,1,02,09,17,274,45,10,51,165,40*6E
$GIGSV,1,1,02,09,17,274,45,10,51,165,40*6E
$GIGSV,1,1,02,09,17,274,45,10,51,165,40*6E
$GIGSV,1,1,02,09,17,274,45,10,51,165,40*6E
$GIGSV,1,1,02,09,17,274,45,10,51,165,40*6E
$GIGSV,1,1,02,09,17,274,45,10,51,165,40*6E
$GIGSV,1,1,02,09,17,274,45,10,51,165,40*6E
$GIGSV,1,1,02,09,17,274,45,10,51,165,40*6E
$GIGSV,1,1,02,09,17,274,45,10,51,165,40*6E
$GIGSV,1,1,02,09,17,274,45,10,51,165,40*6E
$GIGSV,1,1,02,09,17,274,45,10,51,165,40*6E
$GIGSV,1,1,02,09,17,274,45,10,51,165,40*6E
$GIGSV,1,1,02,09,17,274,45,10,51,165,40*6E
$GIGSV,1,1,02,09,17,274,45,10,51,165,40*6E
$GIGSV,1,1,02,09,17,274,45,10,51,165,40*6E
$GIGSV,1,1,02,09,17,274,45,10,51,165,40*6E
$GIGSV,1,1,02,09,17,274,45,10,51,165,40*6E
$GIGSV,1,1,02,09,17,274,45,10,51,165,40*6E
$GIGSV,1,1,02,09,17,274,45,10,51,165,40*6E
$GIGSV,1,1,02,09,17,274,45,10,51,165,40*6E
$GIGSV,1,1,02,09,17,274,45,10,51,165,40*6E
$GIGSV,1,1,02,09,17,274,45,10,51,165,40*6E
$GIGSV,1,1,02,09,17,274,45,10,51,165,40*6E
$GIGSV,1,1,02,09,17,274,45,10,51,165,40*6E
$GIGSV,1,1,02,09,17,274,45,10,51,165,40*6E
$GIGSV,1,1,02,09,17,274,45,10,51,165,39*60
$GIGSV,1,1,02,09,17,274,45,10,51,165,39*60
$GIGSV,1,1,02,09,17,274,45,10,51,165,39*60
$GIGSV,1,1,02,09,17,274,45,10,51,165,39*60
$GIGSV,1,1,02,09,17,274,45,10,51,165,39*60
$GIGSV,1,1,02,09,17,274,45,10,51,165,39*60
$GIGSV,1,1,02,09,17,274,45,10,51,165,39*60
$GIGSV,1,1,02,09,17,274,45,10,51,165,39*60
$GIGSV,1,1,02,09,17,274,45,10,51,165,39*60
$GIGSV,1,1,02,09,17,274,45,10,51,165,39*60
$GIGSV,1,1,02,09,17,274,45,10,51,165,39*60
$GIGSV,1,1,02,09,17,274,45,10,51,165,39*60
$GIGSV,1,1,02,09,17,274,45,10,51,165,39*60
$GIGSV,1,1,02,09,17,274,45,10,51,165,39*60
$GIGSV,1,1,02,09,17,274,45,10,51,165,39*60
$GIGSV,1,1,02,09,17,274,45,10,51,165,39*60
$GIGSV,1,1,02,09,17,274,45,10,51,165,39*60
$GIGSV,1,1,02,09,17,274,45,10,51,165,39*60
$GIGSV,1,1,02,09,17,274,45,10,51,165,39*60
$GIGSV,1,1,02,09,17,274,45,10,51,165,39*60
$GIGSV,1,1,02,09,17,274,45,10,51,165,39*60
$GIGSV,1,1,02,09,17,274,45,10,51,165,39*60
$GIGSV,1,1,02,09,17,274,45,10,51,165,40*6E
$GIGSV,1,1,02,09,17,274,45,10,51,165,40*6E
$GIGSV,1,1,02,09,17,274,45,10,51,165,40*6E
$GIGSV,1,1,02,09,17,274,45,10,51,165,40*6E
$GIGSV,1,1,02,09,17,274,45,10,51,165,40*6E
$GIGSV,1,1,02,09,17,274,45,10,51,165,40*6E
$GIGSV,1,1,02,09,17,274,45,10,51,165,40*6E
$GIGSV,1,1,02,09,17,274,45,10,51,165,40*6E
$GIGSV,1,1,02,09,17,274,45,10,51,165,40*6E
$GIGSV,1,1,02,09,17,274,45,10,51,165,40*6E
$GIGSV,1,1,02,09,17,274,45,10,51,165,40*6E
$GIGSV,1,1,02,09,17,274,45,10,51,165,40*6E
$GIGSV,1,1,02,09,17,274,45,10,51,165,40*6E
$GIGSV,1,1,02,09,17,274,45,10,51,165,40*6E
$GIGSV,1,1,02,09,17,274,45,10,51,165,40*6E
$GIGSV,1,1,02,09,17,274,45,10,51,165,40*6E
$GIGSV,1,1,02,09,17,274,45,10,51,165,40*6E
$GIGSV,1,1,02,09,17,274,45,10,51,165,40*6E
$GIGSV,1,1,02,09,17,274,45,10,51,165,40*6E
$GIGSV,1,1,02,09,17,274,45,10,51,165,40*6E
$GIGSV,1,1,02,09,17,274,45,10,51,165,40*6E
$GIGSV,1,1,02,09,17,274,45,10,51,165,40*6E
$GIGSV,1,1,02,09,17,274,45,10,51,165,40*6E
$GIGSV,1,1,02,09,17,274,45,10,51,165,40*6E
$GIGSV,1,1,02,09,17,274,46,10,51,165,40*6D
$GIGSV,1,1,02,09,17,274,46,10,51,165,40*6D
$GIGSV,1,1,02,09,17,274,46,10,51,165,40*6D
$GIGSV,1,1,02,09,17,274,46,10,51,165,40*6D
$GIGSV,1,1,02,09,17,274,46,10,51,165,40*6D
$GIGSV,1,1,02,09,17,274,46,10,51,165,40*6D
$GIGSV,1,1,02,09,17,274,46,10,51,165,40*6D
$GIGSV,1,1,02,09,17,274,46,10,51,165,40*6D
$GIGSV,1,1,02,09,17,274,46,10,51,165,40*6D
$GIGSV,1,1,02,09,17,274,46,10,51,165,40*6D
$GIGSV,1,1,02,09,17,274,46,10,51,165,40*6D
$GIGSV,1,1,02,09,17,274,46,10,51,165,40*6D
$GIGSV,1,1,02,09,17,274,46,10,51,165,41*6C
$GIGSV,1,1,02,09,17,274,46,10,51,165,41*6C
$GIGSV,1,1,02,09,17,274,46,10,51,165,41*6C
$GIGSV,1,1,02,09,17,274,46,10,51,165,41*6C
$GIGSV,1,1,02,09,17,274,46,10,51,165,41*6C
$GIGSV,1,1,02,09,17,274,46,10,51,165,41*6C
$GIGSV,1,1,02,09,17,274,46,10,51,165,41*6C
$GIGSV,1,1,02,09,17,274,46,10,51,165,41*6C
$GIGSV,1,1,02,09,17,274,46,10,51,165,41*6C
$GIGSV,1,1,02,09,17,274,46,10,51,165,42*6F
$GIGSV,1,1,02,09,17,274,46,10,51,165,42*6F
$GIGSV,1,1,02,09,17,274,46,10,51,165,42*6F
$GIGSV,1,1,02,09,17,274,46,10,51,165,42*6F
$GIGSV,1,1,02,09,17,274,46,10,51,165,42*6F
$GIGSV,1,1,02,09,17,274,46,10,51,165,42*6F
$GIGSV,1,1,02,09,17,274,46,10,51,165,42*6F
$GIGSV,1,1,02,09,17,274,46,10,51,165,42*6F
$GIGSV,1,1,02,09,17,274,46,10,51,165,42*6F
$GIGSV,1,1,02,09,17,274,46,10,51,165,42*6F
$GIGSV,1,1,02,09,17,274,46,10,51,165,42*6F
$GIGSV,1,1,02,09,17,274,46,10,51,165,42*6F
$GIGSV,1,1,02,09,17,274,45,10,51,165,42*6C
$GIGSV,1,1,02,09,17,274,45,10,51,165,42*6C
$GIGSV,1,1,02,09,17,274,45,10,51,165,42*6C
$GIGSV,1,1,02,09,17,274,45,10,51,165,42*6C
$GIGSV,1,1,02,09,17,274,45,10,51,165,42*6C
$GIGSV,1,1,02,09,17,274,45,10,51,165,42*6C
$GIGSV,1,1,02,09,17,274,45,10,51,165,43*6D
$GIGSV,1,1,02,09,17,274,45,10,51,165,43*6D
$GIGSV,1,1,02,09,17,274,45,10,51,165,43*6D
$GIGSV,1,1,02,09,17,274,45,10,51,165,43*6D
$GIGSV,1,1,02,09,17,274,45,10,51,165,43*6D
$GIGSV,1,1,02,09,17,274,45,10,51,165,43*6D
$GIGSV,1,1,02,09,17,274,45,10,51,165,43*6D
$GIGSV,1,1,02,09,17,274,45,10,51,165,43*6D
$GIGSV,1,1,02,09,17,274,45,10,51,165,43*6D
$GIGSV,1,1,02,09,17,274,45,10,51,165,43*6D
$GIGSV,1,1,02,09,17,274,45,10,51,165,43*6D
$GIGSV,1,1,02,09,17,274,45,10,51,165,43*6D
$GIGSV,1,1,02,09,17,274,45,10,51,165,43*6D
$GIGSV,1,1,02,09,17,274,45,10,51,165,43*6D
$GIGSV,1,1,02,09,17,274,45,10,51,165,43*6D
$GIGSV,1,1,02,09,17,274,45,10,51,165,43*6D
$GIGSV,1,1,02,09,17,274,45,10,51,165,43*6D
$GIGSV,1,1,02,09,17,274,45,10,51,165,43*6D
$GIGSV,1,1,02,09,17,274,45,10,51,165,43*6D
$GIGSV,1,1,02,09,17,274,45,10,51,165,43*6D
$GIGSV,1,1,02,09,17,274,45,10,51,165,43*6D
$GIGSV,1,1,02,09,17,274,45,10,51,165,43*6D
$GIGSV,1,1,02,09,17,274,45,10,51,165,43*6D
$GIGSV,1,1,02,09,17,274,45,10,51,165,43*6D
$GIGSV,1,1,02,09,17,274,45,10,51,165,43*6D
$GIGSV,1,1,02,09,17,274,45,10,51,165,43*6D
$GIGSV,1,1,02,09,17,274,45,10,51,165,43*6D
$GIGSV,1,1,02,09,17,274,45,10,51,165,43*6D
$GIGSV,1,1,02,09,17,274,45,10,51,165,43*6D
$GIGSV,1,1,02,09,17,274,45,10,51,165,43*6D
$GIGSV,1,1,02,09,17,274,45,10,51,165,43*6D
$GIGSV,1,1,02,09,17,274,45,10,51,165,43*6D
$GIGSV,1,1,02,09,17,274,45,10,51,165,43*6D
$GIGSV,1,1,02,09,17,274,45,10,51,165,43*6D
$GIGSV,1,1,02,09,17,274,45,10,51,165,43*6D
$GIGSV,1,1,02,09,17,274,45,10,51,165,43*6D
$GIGSV,1,1,02,09,17,274,45,10,51,165,43*6D
$GIGSV,1,1,02,09,17,274,45,10,51,165,43*6D
$GIGSV,1,1,02,09,17,274,45,10,51,165,43*6D
$GIGSV,1,1,02,09,17,274,45,10,51,165,43*6D
$GIGSV,1,1,02,09,17,274,45,10,51,165,43*6D
$GIGSV,1,1,02,09,17,274,45,10,51,165,43*6D
$GIGSV,1,1,02,09,17,274,45,10,51,165,43*6D
$GIGSV,1,1,02,09,17,274,45,10,51,165,43*6D
$GIGSV,1,1,02,09,17,274,45,10,51,165,43*6D
$GIGSV,1,1,02,09,17,274,45,10,51,165,43*6D
$GIGSV,1,1,02,09,17,274,45,10,51,165,43*6D
$GIGSV,1,1,02,09,17,274,45,10,51,165,43*6D
$GIGSV,1,1,02,09,17,274,45,10,51,165,43*6D
$GIGSV,1,1,02,09,17,274,45,10,51,165,43*6D
$GIGSV,1,1,02,09,17,274,45,10,51,165,43*6D
$GIGSV,1,1,02,09,17,274,45,10,51,165,43*6D
$GIGSV,1,1,02,09,17,274,45,10,51,165,43*6D
$GIGSV,1,1,02,09,17,274,44,10,51,165,43*6C
$GIGSV,1,1,02,09,17,274,44,10,51,165,43*6C
$GIGSV,1,1,02,09,17,274,44,10,51,165,43*6C
$GIGSV,1,1,02,09,17,274,44,10,51,165,43*6C
$GIGSV,1,1,02,09,17,274,44,10,51,165,42*6D
$GIGSV,1,1,02,09,17,274,44,10,51,165,42*6D
$GIGSV,1,1,02,09,17,274,44,10,51,165,42*6D
$GIGSV,1,1,02,09,17,274,44,10,51,165,42*6D
$GIGSV,1,1,02,09,17,274,44,10,51,165,42*6D
$GIGSV,1,1,02,09,17,274,44,10,51,165,42*6D
$GIGSV,1,1,02,09,17,274,44,10,51,165,42*6D
$GIGSV,1,1,02,09,17,274,44,10,51,165,42*6D
$GIGSV,1,1,02,09,17,274,44,10,51,165,43*6C
$GIGSV,1,1,02,09,17,274,44,10,51,165,43*6C
$GIGSV,1,1,02,09,17,274,44,10,51,165,43*6C
$GIGSV,1,1,02,09,17,274,44,10,51,165,43*6C
$GIGSV,1,1,02,09,17,274,44,10,51,165,43*6C
$GIGSV,1,1,02,09,17,274,44,10,51,165,43*6C
$GIGSV,1,1,02,09,17,274,44,10,51,165,43*6C
$GIGSV,1,1,02,09,17,274,44,10,51,165,43*6C
$GIGSV,1,1,02,09,17,274,44,10,51,165,43*6C
$GIGSV,1,1,02,09,17,274,44,10,51,165,43*6C
$GIGSV,1,1,02,09,17,274,44,10,51,165,43*6C
$GIGSV,1,1,02,09,17,274,44,10,51,165,43*6C
$GIGSV,1,1,02,09,17,274,44,10,51,165,43*6C
$GIGSV,1,1,02,09,17,274,44,10,51,165,43*6C
$GIGSV,1,1,02,09,17,274,44,10,51,165,43*6C
$GIGSV,1,1,02,09,17,274,44,10,51,165,43*6C
$GIGSV,1,1,02,09,17,274,43,10,51,165,43*6B
$GIGSV,1,1,02,09,17,274,43,10,51,165,43*6B
$GIGSV,1,1,02,09,17,274,43,10,51,165,43*6B
$GIGSV,1,1,02,09,17,274,43,10,51,165,43*6B
$GIGSV,1,1,02,09,17,274,43,10,51,165,43*6B
$GIGSV,1,1,02,09,17,274,43,10,51,165,43*6B
$GIGSV,1,1,02,09,17,274,43,10,51,165,43*6B
$GIGSV,1,1,02,09,17,274,43,10,51,165,43*6B
$GIGSV,1,1,02,09,17,274,43,10,51,165,43*6B
$GIGSV,1,1,02,09,17,274,44,10,51,165,43*6C
$GIGSV,1,1,02,09,17,274,44,10,51,165,43*6C
$GIGSV,1,1,02,09,17,274,44,10,51,165,43*6C
$GIGSV,1,1,02,09,17,274,44,10,51,165,43*6C
$GIGSV,1,1,02,09,17,274,44,10,51,165,43*6C
$GIGSV,1,1,02,09,17,274,44,10,51,165,43*6C
$GIGSV,1,1,02,09,17,274,44,10,51,165,43*6C
$GIGSV,1,1,02,09,17,274,44,10,51,165,43*6C
$GIGSV,1,1,02,09,17,274,44,10,51,165,43*6C
$GIGSV,1,1,02,09,17,274,44,10,51,165,43*6C
$GIGSV,1,1,02,09,17,274,44,10,51,165,43*6C
$GIGSV,1,1,02,09,17,274,44,10,51,165,43*6C
$GIGSV,1,1,02,09,17,274,44,10,51,165,43*6C
$GIGSV,1,1,02,09,17,274,44,10,51,165,43*6C
$GIGSV,1,1,02,09,17,274,44,10,51,165,42*6D
$GIGSV,1,1,02,09,17,274,44,10,51,165,42*6D
$GIGSV,1,1,02,09,17,274,44,10,51,165,42*6D
$GIGSV,1,1,02,09,17,274,44,10,51,165,42*6D
$GIGSV,1,1,02,09,17,274,44,10,51,165,42*6D
$GIGSV,1,1,02,09,17,274,44,10,51,165,42*6D
$GIGSV,1,1,02,09,17,274,44,10,51,165,42*6D
$GIGSV,1,1,02,09,17,274,43,10,51,165,42*6A
$GIGSV,1,1,02,09,17,274,43,10,51,165,42*6A
$GIGSV,1,1,02,09,17,274,44,10,51,165,42*6D
$GIGSV,1,1,02,09,17,274,43,10,51,165,42*6A
$GIGSV,1,1,02,09,17,274,43,10,51,165,42*6A
$GIGSV,1,1,02,09,17,274,43,10,51,165,42*6A
$GIGSV,1,1,02,09,17,274,43,10,51,165,42*6A
$GIGSV,1,1,02,09,17,274,43,10,51,165,42*6A
$GIGSV,1,1,02,09,17,274,43,10,51,165,42*6A
$GIGSV,1,1,02,09,17,274,43,10,51,165,42*6A
$GIGSV,1,1,02,09,17,274,43,10,51,165,42*6A
$GIGSV,1,1,02,09,17,274,43,10,51,165,42*6A
$GIGSV,1,1,02,09,17,274,43,10,51,165,42*6A
$GIGSV,1,1,02,09,17,274,43,10,51,165,42*6A
$GIGSV,1,1,02,09,17,274,43,10,51,165,41*69
$GIGSV,1,1,02,09,17,274,43,10,51,165,41*69
$GIGSV,1,1,02,09,17,274,43,10,51,165,41*69
$GIGSV,1,1,02,09,17,274,43,10,51,165,41*69
$GIGSV,1,1,02,09,17,274,43,10,51,165,41*69
$GIGSV,1,1,02,09,17,274,43,10,51,165,41*69
$GIGSV,1,1,02,09,17,274,43,10,51,165,41*69
$GIGSV,1,1,02,09,17,274,43,10,51,165,41*69
$GIGSV,1,1,02,09,17,274,43,10,51,165,41*69
$GIGSV,1,1,02,09,17,274,43,10,51,165,41*69
$GIGSV,1,1,02,09,17,274,43,10,51,165,41*69
$GIGSV,1,1,02,09,17,274,43,10,51,165,41*69
$GIGSV,1,1,02,09,17,274,43,10,51,165,41*69
$GIGSV,1,1,02,09,17,274,43,10,51,165,41*69
$GIGSV,1,1,02,09,17,274,43,10,51,165,41*69
$GIGSV,1,1,02,09,17,274,43,10,51,165,41*69
$GIGSV,1,1,02,09,17,274,44,10,51,165,41*6E
$GIGSV,1,1,02,09,17,274,44,10,51,165,41*6E
$GIGSV,1,1,02,09,17,274,44,10,51,165,41*6E
$GIGSV,1,1,02,09,17,274,44,10,51,165,41*6E
$GIGSV,1,1,02,09,17,274,44,10,51,165,41*6E
$GIGSV,1,1,02,09,17,274,44,10,51,165,41*6E
$GIGSV,1,1,02,09,17,274,44,10,51,165,41*6E
$GIGSV,1,1,02,09,17,274,44,10,51,165,41*6E
$GIGSV,1,1,02,09,17,274,44,10,51,165,41*6E
$GIGSV,1,1,02,09,17,274,44,10,51,165,41*6E
$GIGSV,1,1,02,09,17,274,44,10,51,165,41*6E
$GIGSV,1,1,02,09,17,274,44,10,51,165,41*6E
$GIGSV,1,1,02,09,17,274,44,10,51,165,41*6E
$GIGSV,1,1,02,09,17,274,44,10,51,165,41*6E
$GIGSV,1,1,02,09,17,274,44,10,51,165,41*6E
$GIGSV,1,1,02,09,17,274,44,10,51,165,41*6E
$GIGSV,1,1,02,09,17,274,44,10,51,165,41*6E
$GIGSV,1,1,02,09,17,274,44,10,51,165,41*6E
$GIGSV,1,1,02,09,17,274,44,10,51,165,41*6E
$GIGSV,1,1,02,09,17,274,44,10,51,165,41*6E
$GIGSV,1,1,02,09,17,274,44,10,51,165,41*6E
$GIGSV,1,1,02,09,17,274,44,10,51,165,41*6E
$GIGSV,1,1,02,09,17,274,44,10,51,165,41*6E
$GIGSV,1,1,02,09,17,274,44,10,51,165,41*6E
$GIGSV,1,1,02,09,17,274,44,10,51,165,41*6E
$GIGSV,1,1,02,09,17,274,44,10,51,165,41*6E
$GIGSV,1,1,02,09,17,274,44,10,51,165,41*6E
$GIGSV,1,1,02,09,17,274,44,10,51,165,41*6E
$GIGSV,1,1,02,09,17,274,44,10,51,165,41*6E
$GIGSV,1,1,02,09,17,274,44,10,51,165,41*6E
$GIGSV,1,1,02,09,17,274,44,10,51,165,40*6F
$GIGSV,1,1,02,09,17,274,44,10,51,165,40*6F
$GIGSV,1,1,02,09,17,274,44,10,51,165,40*6F
$GIGSV,1,1,02,09,17,274,44,10,51,165,40*6F
$GIGSV,1,1,02,09,17,274,44,10,51,165,40*6F
$GIGSV,1,1,02,09,17,274,44,10,51,165,40*6F
$GIGSV,1,1,02,09,17,274,44,10,51,165,40*6F
$GIGSV,1,1,02,09,17,274,44,10,51,165,40*6F
$GIGSV,1,1,02,09,17,274,44,10,51,165,40*6F
$GIGSV,1,1,02,09,17,274,44,10,51,165,40*6F
$GIGSV,1,1,02,09,17,274,44,10,51,165,40*6F
$GIGSV,1,1,02,09,17,274,44,10,51,165,40*6F
$GIGSV,1,1,02,09,17,274,44,10,51,165,40*6F
$GIGSV,1,1,02,09,17,274,44,10,51,165,40*6F
$GIGSV,1,1,02,09,17,274,43,10,51,165,40*68
$GIGSV,1,1,02,09,17,274,43,10,51,165,40*68
$GIGSV,1,1,02,09,17,274,43,10,51,165,40*68
$GIGSV,1,1,02,09,17,274,43,10,51,165,40*68
$GIGSV,1,1,02,09,17,274,43,10,51,165,40*68
$GIGSV,1,1,02,09,17,274,43,10,51,165,40*68
$GIGSV,1,1,02,09,17,274,43,10,51,165,40*68
$GIGSV,1,1,02,09,17,274,43,10,51,165,41*69
$GIGSV,1,1,02,09,17,274,43,10,51,165,41*69
$GIGSV,1,1,02,09,17,274,43,10,51,165,41*69
$GIGSV,1,1,02,09,17,274,43,10,51,165,41*69
$GIGSV,1,1,02,09,17,274,43,10,51,165,41*69
$GIGSV,1,1,02,09,17,274,43,10,51,165,41*69
$GIGSV,1,1,02,09,17,274,43,10,51,165,41*69
$GIGSV,1,1,02,09,17,274,42,10,51,165,41*68
$GIGSV,1,1,02,09,17,274,42,10,51,165,41*68
$GIGSV,1,1,02,09,17,274,42,10,51,165,41*68
$GIGSV,1,1,02,09,17,274,42,10,51,165,41*68
$GIGSV,1,1,02,09,17,274,42,10,51,165,41*68
$GIGSV,1,1,02,09,17,274,42,10,51,165,41*68
$GIGSV,1,1,02,09,17,274,42,10,51,165,41*68
$GIGSV,1,1,02,09,17,274,42,10,51,165,41*68
$GIGSV,1,1,02,09,17,274,42,10,51,165,41*68
$GIGSV,1,1,02,09,17,274,42,10,51,165,41*68
$GIGSV,1,1,02,09,17,274,42,10,51,165,41*68
$GIGSV,1,1,02,09,17,274,42,10,51,165,41*68
$GIGSV,1,1,02,09,17,274,42,10,51,165,41*68
$GIGSV,1,1,02,09,17,274,42,10,51,165,41*68
$GIGSV,1,1,02,09,17,274,42,10,51,165,41*68
$GIGSV,1,1,02,09,17,274,42,10,51,165,41*68
$GIGSV,1,1,02,09,17,274,42,10,51,165,41*68
$GIGSV,1,1,02,09,17,274,42,10,51,165,41*68
$GIGSV,1,1,02,09,17,274,42,10,51,165,41*68
$GIGSV,1,1,02,09,17,274,41,10,51,165,41*6B
$GIGSV,1,1,02,09,17,274,41,10,51,165,41*6B
$GIGSV,1,1,02,09,17,274,41,10,51,165,41*6B
$GIGSV,1,1,02,09,17,274,41,10,51,165,41*6B
$GIGSV,1,1,02,09,17,274,41,10,51,165,41*6B
$GIGSV,1,1,02,09,17,274,41,10,51,165,41*6B
$GIGSV,1,1,02,09,17,274,41,10,51,165,41*6B
$GIGSV,1,1,02,09,17,274,41,10,51,165,42*68
$GIGSV,1,1,02,09,17,274,41,10,51,165,42*68
$GIGSV,1,1,02,09,17,274,41,10,51,165,42*68
$GIGSV,1,1,02,09,17,274,41,10,51,165,42*68
$GIGSV,1,1,02,09,17,274,41,10,51,165,42*68
$GIGSV,1,1,02,09,17,274,41,10,51,165,42*68
$GIGSV,1,1,02,09,17,274,41,10,51,165,42*68
$GIGSV,1,1,02,09,17,274,41,10,51,165,42*68
$GIGSV,1,1,02,09,17,274,41,10,51,165,42*68
$GIGSV,1,1,02,09,17,274,41,10,51,165,42*68
$GIGSV,1,1,02,09,17,274,41,10,51,165,42*68
$GIGSV,1,1,02,09,17,274,40,10,51,165,42*69
$GIGSV,1,1,02,09,17,274,40,10,51,165,42*69
$GIGSV,1,1,02,09,17,274,40,10,51,165,42*69
$GIGSV,1,1,02,09,17,274,41,10,51,165,42*68
$GIGSV,1,1,02,09,17,274,41,10,51,165,42*68
$GIGSV,1,1,02,09,17,274,41,10,51,165,42*68
$GIGSV,1,1,02,09,17,274,41,10,51,165,42*68
$GIGSV,1,1,02,09,17,274,41,10,51,165,42*68
$GIGSV,1,1,02,09,17,274,41,10,51,165,42*68
$GIGSV,1,1,02,09,17,274,41,10,51,165,41*6B
$GIGSV,1,1,02,09,17,274,41,10,51,165,41*6B
$GIGSV,1,1,02,09,17,274,41,10,51,165,41*6B
$GIGSV,1,1,02,09,17,274,41,10,51,165,41*6B
$GIGSV,1,1,02,09,17,274,42,10,51,165,41*68
$GIGSV,1,1,02,09,17,274,42,10,51,165,41*68
$GIGSV,1,1,02,09,17,274,42,10,51,165,41*68
$GIGSV,1,1,02,09,17,274,42,10,51,165,41*68
$GIGSV,1,1,02,09,17,274,42,10,51,165,41*68
$GIGSV,1,1,02,09,17,274,42,10,51,165,41*68
$GIGSV,1,1,02,09,17,274,43,10,51,165,41*69
$GIGSV,1,1,02,09,17,274,43,10,51,165,41*69
$GIGSV,1,1,02,09,17,274,43,10,51,165,41*69
$GIGSV,1,1,02,09,17,274,43,10,51,165,41*69
$GIGSV,1,1,02,09,17,274,43,10,51,165,41*69
$GIGSV,1,1,02,09,17,274,43,10,51,165,41*69
$GIGSV,1,1,02,09,17,274,43,10,51,165,41*69
$GIGSV,1,1,02,09,17,274,43,10,51,165,41*69
$GIGSV,1,1,02,09,17,274,43,10,51,165,41*69
$GIGSV,1,1,02,09,17,274,43,10,51,165,41*69
$GIGSV,1,1,02,09,17,274,43,10,51,165,41*69
$GIGSV,1,1,02,09,17,274,43,10,51,165,41*69
$GIGSV,1,1,02,09,17,274,43,10,51,165,41*69
$GIGSV,1,1,02,09,17,274,43,10,51,165,41*69
$GIGSV,1,1,02,09,17,274,43,10,51,165,41*69
$GIGSV,1,1,02,09,17,274,43,10,51,165,41*69
$GIGSV,1,1,02,09,17,274,43,10,51,165,41*69
$GIGSV,1,1,02,09,17,274,43,10,51,165,41*69
$GIGSV,1,1,02,09,17,274,43,10,51,165,41*69
$GIGSV,1,1,02,09,17,274,43,10,51,165,41*69
$GIGSV,1,1,02,09,17,274,43,10,51,165,41*69
$GIGSV,1,1,02,09,17,274,43,10,51,165,41*69
$GIGSV,1,1,02,09,17,274,43,10,51,165,41*69
$GIGSV,1,1,02,09,17,274,43,10,51,165,41*69
$GIGSV,1,1,02,09,17,274,43,10,51,165,41*69
$GIGSV,1,1,02,09,17,274,43,10,51,165,41*69
$GIGSV,1,1,02,09,17,274,43,10,51,165,41*69
$GIGSV,1,1,02,09,17,274,44,10,51,165,41*6E
$GIGSV,1,1,02,09,17,274,44,10,51,165,41*6E
$GIGSV,1,1,02,09,17,274,44,10,51,165,41*6E
$GIGSV,1,1,02,09,17,274,44,10,51,165,41*6E
$GIGSV,1,1,02,09,17,274,44,10,51,165,41*6E
$GIGSV,1,1,02,09,17,274,44,10,51,165,41*6E
$GIGSV,1,1,02,09,17,274,44,10,51,165,41*6E
$GIGSV,1,1,02,09,17,274,44,10,51,165,40*6F
$GIGSV,1,1,02,09,17,274,44,10,51,165,40*6F
$GIGSV,1,1,02,09,17,274,44,10,51,165,40*6F
$GIGSV,1,1,02,09,17,274,44,10,51,165,40*6F
$GIGSV,1,1,02,09,17,274,44,10,51,165,40*6F
$GIGSV,1,1,02,09,17,274,44,10,51,165,40*6F
$GIGSV,1,1,02,09,17,274,45,10,51,165,40*6E
$GIGSV,1,1,02,09,17,274,45,10,51,165,40*6E
$GIGSV,1,1,02,09,17,274,45,10,51,165,40*6E
$GIGSV,1,1,02,09,17,274,45,10,51,165,40*6E
$GIGSV,1,1,02,09,17,274,45,10,51,165,40*6E
$GIGSV,1,1,02,09,17,274,45,10,51,165,40*6E
$GIGSV,1,1,02,09,17,274,45,10,51,165,40*6E
$GIGSV,1,1,02,09,17,274,45,10,51,165,40*6E
$GIGSV,1,1,02,09,17,274,45,10,51,165,40*6E
$GIGSV,1,1,02,09,17,274,45,10,51,165,40*6E
$GIGSV,1,1,02,09,17,274,45,10,51,165,40*6E
$GIGSV,1,1,02,09,17,274,45,10,51,165,40*6E
$GIGSV,1,1,02,09,17,274,45,10,51,165,40*6E
$GIGSV,1,1,02,09,17,274,45,10,51,165,40*6E
$GIGSV,1,1,02,09,17,274,45,10,51,165,40*6E
$GIGSV,1,1,02,09,17,274,45,10,51,165,40*6E
$GIGSV,1,1,02,09,17,274,45,10,51,165,40*6E
$GIGSV,1,1,02,09,17,274,45,10,51,165,40*6E
$GIGSV,1,1,02,09,17,274,45,10,51,165,40*6E
$GIGSV,1,1,02,09,17,274,44,10,51,165,40*6F
$GIGSV,1,1,02,09,17,274,44,10,51,165,40*6F
$GIGSV,1,1,02,09,17,274,44,10,51,165,40*6F
$GIGSV,1,1,02,09,17,274,44,10,51,165,40*6F
$GIGSV,1,1,02,09,17,274,44,10,51,165,40*6F
$GIGSV,1,1,02,09,17,274,44,10,51,165,40*6F
$GIGSV,1,1,02,09,17,274,44,10,51,165,41*6E
$GIGSV,1,1,02,09,17,274,44,10,51,165,41*6E
$GIGSV,1,1,02,09,17,274,44,10,51,165,41*6E
$GIGSV,1,1,02,09,17,274,44,10,51,165,41*6E
$GIGSV,1,1,02,09,17,274,44,10,51,165,41*6E
$GIGSV,1,1,02,09,17,274,44,10,51,165,41*6E
$GIGSV,1,1,02,09,17,274,44,10,51,165,41*6E
$GIGSV,1,1,02,09,17,274,44,10,51,165,41*6E
$GIGSV,1,1,02,09,17,274,44,10,51,165,41*6E
$GIGSV,1,1,02,09,17,274,44,10,51,165,41*6E
$GIGSV,1,1,02,09,17,274,44,10,51,165,41*6E
$GIGSV,1,1,02,09,17,274,44,10,51,165,41*6E
$GIGSV,1,1,02,09,17,274,44,10,51,165,41*6E
$GIGSV,1,1,02,09,17,274,44,10,51,165,41*6E
$GIGSV,1,1,02,09,17,274,44,10,51,165,41*6E
$GIGSV,1,1,02,09,17,274,44,10,51,165,41*6E
$GIGSV,1,1,02,09,17,274,44,10,51,165,41*6E
$GIGSV,1,1,02,09,17,274,44,10,51,165,41*6E
$GIGSV,1,1,02,09,17,274,44,10,51,165,41*6E
$GIGSV,1,1,02,09,17,274,44,10,51,165,41*6E
$GIGSV,1,1,02,09,17,274,44,10,51,165,41*6E
$GIGSV,1,1,02,09,17,274,43,10,51,165,42*6A
$GIGSV,1,1,02,09,17,274,43,10,51,165,42*6A
$GIGSV,1,1,02,09,17,274,43,10,51,165,42*6A
$GIGSV,1,1,02,09,17,274,43,10,51,165,42*6A
$GIGSV,1,1,02,09,17,274,43,10,51,165,42*6A
$GIGSV,1,1,02,09,17,274,43,10,51,165,42*6A
$GIGSV,1,1,02,09,17,274,43,10,51,165,42*6A
$GIGSV,1,1,02,09,17,274,43,10,51,165,42*6A
$GIGSV,1,1,02,09,17,274,44,10,51,165,42*6D
$GIGSV,1,1,02,09,17,274,44,10,51,165,42*6D
$GIGSV,1,1,02,09,17,274,44,10,51,165,42*6D
$GIGSV,1,1,02,09,17,274,44,10,51,165,42*6D
$GIGSV,1,1,02,09,17,274,44,10,51,165,42*6D
$GIGSV,1,1,02,09,17,274,44,10,51,165,42*6D
$GIGSV,1,1,02,09,17,274,44,10,51,165,42*6D
$GIGSV,1,1,02,09,17,274,44,10,51,165,42*6D
$GIGSV,1,1,02,09,17,274,44,10,51,165,42*6D
$GIGSV,1,1,02,09,17,274,44,10,51,165,42*6D
$GIGSV,1,1,02,09,17,274,43,10,51,165,42*6A
$GIGSV,1,1,02,09,17,274,43,10,51,165,42*6A
$GIGSV,1,1,02,09,17,274,44,10,51,165,42*6D
$GIGSV,1,1,02,09,17,274,44,10,51,165,42*6D
$GIGSV,1,1,02,09,17,274,44,10,51,165,42*6D
$GIGSV,1,1,02,09,17,274,44,10,51,165,42*6D
$GIGSV,1,1,02,09,17,274,44,10,51,165,42*6D
$GIGSV,1,1,02,09,17,274,44,10,51,165,42*6D
$GIGSV,1,1,02,09,17,274,44,10,51,165,42*6D
$GIGSV,1,1,02,09,17,274,44,10,51,165,42*6D
$GIGSV,1,1,02,09,17,274,44,10,51,165,42*6D
$GIGSV,1,1,02,09,17,274,43,10,51,165,42*6A
$GIGSV,1,1,02,09,17,274,43,10,51,165,42*6A
$GIGSV,1,1,02,09,17,274,43,10,51,165,42*6A
$GIGSV,1,1,02,09,17,274,43,10,51,165,42*6A
$GIGSV,1,1,02,09,17,274,43,10,51,165,42*6A
$GIGSV,1,1,02,09,17,274,44,10,51,165,42*6D
$GIGSV,1,1,02,09,17,274,44,10,51,165,42*6D
$GIGSV,1,1,02,09,17,274,44,10,51,165,43*6C
$GIGSV,1,1,02,09,17,274,44,10,51,165,43*6C
$GIGSV,1,1,02,09,17,274,44,10,51,165,43*6C
$GIGSV,1,1,02,09,17,274,44,10,51,165,43*6C
$GIGSV,1,1,02,09,17,274,44,10,51,165,42*6D
$GIGSV,1,1,02,09,17,274,44,10,51,165,42*6D
$GIGSV,1,1,02,09,17,274,44,10,51,165,42*6D
$GIGSV,1,1,02,09,17,274,44,10,51,165,42*6D
$GIGSV,1,1,02,09,17,274,44,10,51,165,42*6D
$GIGSV,1,1,02,09,17,274,44,10,51,165,42*6D
$GIGSV,1,1,02,09,17,274,44,10,51,165,42*6D
$GIGSV,1,1,02,09,17,274,44,10,51,165,42*6D
$GIGSV,1,1,02,09,17,274,44,10,51,165,42*6D
$GIGSV,1,1,02,09,17,274,44,10,51,165,42*6D
$GIGSV,1,1,02,09,17,274,44,10,51,165,42*6D
$GIGSV,1,1,02,09,17,274,44,10,51,165,42*6D
$GIGSV,1,1,02,09,17,274,44,10,51,165,42*6D
$GIGSV,1,1,02,09,17,274,44,10,51,165,42*6D
$GIGSV,1,1,02,09,17,274,44,10,51,165,42*6D
$GIGSV,1,1,02,09,17,274,44,10,51,165,42*6D
$GIGSV,1,1,02,09,17,274,44,10,51,165,42*6D
$GIGSV,1,1,02,09,17,274,44,10,51,165,42*6D
$GIGSV,1,1,02,09,17,274,44,10,51,165,42*6D
$GIGSV,1,1,02,09,17,274,44,10,51,165,42*6D
$GIGSV,1,1,02,09,17,274,44,10,51,165,42*6D
$GIGSV,1,1,02,09,17,274,44,10,51,165,42*6D
$GIGSV,1,1,02,09,17,274,44,10,51,165,42*6D
$GIGSV,1,1,02,09,17,274,44,10,51,165,42*6D
$GIGSV,1,1,02,09,17,274,44,10,51,165,42*6D
$GIGSV,1,1,02,09,17,274,44,10,51,165,43*6C
$GIGSV,1,1,02,09,17,274,43,10,51,165,43*6B
$GIGSV,1,1,02,09,17,274,43,10,51,165,43*6B
$GIGSV,1,1,02,09,17,274,43,10,51,165,43*6B
$GIGSV,1,1,02,09,17,274,43,10,51,165,43*6B
$GIGSV,1,1,02,09,17,274,43,10,51,165,42*6A
$GIGSV,1,1,02,09,17,274,43,10,51,165,42*6A
$GIGSV,1,1,02,09,17,274,43,10,51,165,42*6A
$GIGSV,1,1,02,09,17,274,43,10,51,165,42*6A
$GIGSV,1,1,02,09,17,274,43,10,51,165,42*6A
$GIGSV,1,1,02,09,17,274,43,10,51,165,42*6A
$GIGSV,1,1,02,09,17,274,43,10,51,165,42*6A
$GIGSV,1,1,02,09,17,274,43,10,51,165,42*6A
$GIGSV,1,1,02,09,17,274,43,10,51,165,42*6A
$GIGSV,1,1,02,09,17,274,43,10,51,165,42*6A
$GIGSV,1,1,02,09,17,274,43,10,51,165,42*6A
$GIGSV,1,1,02,09,17,274,43,10,51,165,42*6A
$GIGSV,1,1,02,09,17,274,42,10,51,165,42*6B
$GIGSV,1,1,02,09,17,274,42,10,51,165,42*6B
$GIGSV,1,1,02,09,17,274,42,10,51,165,42*6B
$GIGSV,1,1,02,09,17,274,42,10,51,165,42*6B
$GIGSV,1,1,02,09,17,274,42,10,51,165,42*6B
$GIGSV,1,1,02,09,17,274,42,10,51,165,42*6B
$GIGSV,1,1,02,09,17,274,42,10,51,165,42*6B
$GIGSV,1,1,02,09,17,274,42,10,51,165,42*6B
$GIGSV,1,1,02,09,17,274,42,10,51,165,42*6B
$GIGSV,1,1,02,09,17,274,42,10,51,165,42*6B
$GIGSV,1,1,02,09,17,274,42,10,51,165,42*6B
$GIGSV,1,1,02,09,17,274,42,10,51,165,42*6B
$GIGSV,1,1,02,09,17,274,42,10,51,165,42*6B
$GIGSV,1,1,02,09,17,274,42,10,51,165,42*6B
$GIGSV,1,1,02,09,17,274,42,10,51,165,42*6B
$GIGSV,1,1,02,09,17,274,42,10,51,165,42*6B
$GIGSV,1,1,02,09,17,274,42,10,51,165,42*6B
$GIGSV,1,1,02,09,17,274,42,10,51,165,42*6B
$GIGSV,1,1,02,09,17,274,42,10,51,165,42*6B
$GIGSV,1,1,02,09,17,274,42,10,51,165,42*6B
$GIGSV,1,1,02,09,17,274,42,10,51,165,42*6B
$GIGSV,1,1,02,09,17,274,42,10,51,165,42*6B
$GIGSV,1,1,02,09,17,274,42,10,51,165,42*6B
$GIGSV,1,1,02,09,17,274,42,10,51,165,42*6B
$GIGSV,1,1,02,09,17,274,42,10,51,165,42*6B
$GIGSV,1,1,02,09,17,274,42,10,51,165,42*6B
$GIGSV,1,1,02,09,17,274,42,10,51,165,42*6B
$GIGSV,1,1,02,09,17,274,42,10,51,165,42*6B
$GIGSV,1,1,02,09,17,274,42,10,51,165,42*6B
$GIGSV,1,1,02,09,17,274,42,10,51,165,42*6B
$GIGSV,1,1,02,09,17,274,42,10,51,165,42*6B
$GIGSV,1,1,02,09,17,274,42,10,51,165,42*6B
$GIGSV,1,1,02,09,17,274,42,10,51,165,42*6B
$GIGSV,1,1,02,09,17,274,42,10,51,165,42*6B
$GIGSV,1,1,02,09,17,274,42,10,51,165,42*6B
$GIGSV,1,1,02,09,17,274,42,10,51,165,42*6B
$GIGSV,1,1,02,09,17,274,42,10,51,165,42*6B
$GIGSV,1,1,02,09,17,274,42,10,51,165,42*6B
$GIGSV,1,1,02,09,17,274,42,10,51,165,42*6B
$GIGSV,1,1,02,09,17,274,42,10,51,165,43*6A
$GIGSV,1,1,02,09,17,274,42,10,51,165,43*6A
$GIGSV,1,1,02,09,17,274,42,10,51,165,43*6A
$GIGSV,1,1,02,09,17,274,42,10,51,165,43*6A
$GIGSV,1,1,02,09,17,274,42,10,51,165,43*6A
$GIGSV,1,1,02,09,17,274,42,10,51,165,43*6A
$GIGSV,1,1,02,09,17,274,42,10,51,165,43*6A
$GIGSV,1,1,02,09,17,274,42,10,51,165,43*6A
$GIGSV,1,1,02,09,17,274,42,10,51,165,43*6A
$GIGSV,1,1,02,09,17,274,43,10,51,165,43*6B
$GIGSV,1,1,02,09,17,274,43,10,51,165,43*6B
$GIGSV,1,1,02,09,17,274,43,10,51,165,43*6B
$GIGSV,1,1,02,09,17,274,43,10,51,165,43*6B
$GIGSV,1,1,02,09,17,274,43,10,51,165,43*6B
$GIGSV,1,1,02,09,17,274,43,10,51,165,43*6B
$GIGSV,1,1,02,09,17,274,43,10,51,165,43*6B
$GIGSV,1,1,02,09,17,274,43,10,51,165,42*6A
$GIGSV,1,1,02,09,17,274,43,10,51,165,42*6A
$GIGSV,1,1,02,09,17,274,43,10,51,165,42*6A
$GIGSV,1,1,02,09,17,274,43,10,51,165,42*6A
$GIGSV,1,1,02,09,17,274,43,10,51,165,42*6A
$GIGSV,1,1,02,09,17,274,43,10,51,165,42*6A
$GIGSV,1,1,02,09,17,274,43,10,51,165,42*6A
$GIGSV,1,1,02,09,17,274,43,10,51,165,42*6A
$GIGSV,1,1,02,09,17,274,43,10,51,165,42*6A
$GIGSV,1,1,02,09,17,274,43,10,51,165,42*6A
$GIGSV,1,1,02,09,17,274,43,10,51,165,42*6A
$GIGSV,1,1,02,09,17,274,43,10,51,165,42*6A
$GIGSV,1,1,02,09,17,274,43,10,51,165,42*6A
$GIGSV,1,1,02,09,17,274,43,10,51,165,42*6A
$GIGSV,1,1,02,09,17,274,43,10,51,165,42*6A
$GIGSV,1,1,02,09,17,274,43,10,51,165,42*6A
$GIGSV,1,1,02,09,17,274,43,10,51,165,42*6A
$GIGSV,1,1,02,09,17,274,43,10,51,165,42*6A
$GIGSV,1,1,02,09,17,274,43,10,51,165,42*6A
$GIGSV,1,1,02,09,17,274,43,10,51,165,42*6A
$GIGSV,1,1,02,09,17,274,43,10,51,165,42*6A
$GIGSV,1,1,02,09,17,274,43,10,51,165,42*6A
$GIGSV,1,1,02,09,17,274,43,10,51,165,42*6A
$GIGSV,1,1,02,09,17,274,43,10,51,165,42*6A
$GIGSV,1,1,02,09,17,274,43,10,51,165,42*6A
$GIGSV,1,1,02,09,17,274,43,10,51,165,42*6A
$GIGSV,1,1,02,09,17,274,43,10,51,165,42*6A
$GIGSV,1,1,02,09,17,274,43,10,51,165,42*6A
$GIGSV,1,1,02,09,17,274,43,10,51,165,42*6A
$GIGSV,1,1,02,09,17,274,43,10,51,165,42*6A
$GIGSV,1,1,02,09,17,274,43,10,51,165,42*6A
$GIGSV,1,1,02,09,17,274,43,10,51,165,42*6A
$GIGSV,1,1,02,09,17,274,43,10,51,165,42*6A
$GIGSV,1,1,02,09,17,274,43,10,51,165,42*6A
$GIGSV,1,1,02,09,17,274,43,10,51,165,42*6A
$GIGSV,1,1,02,09,17,274,43,10,51,165,42*6A
$GIGSV,1,1,02,09,17,274,43,10,51,165,42*6A
$GIGSV,1,1,02,09,17,274,43,10,51,165,42*6A
$GIGSV,1,1,02,09,17,274,43,10,51,165,42*6A
$GIGSV,1,1,02,09,17,274,43,10,51,165,42*6A
$GIGSV,1,1,02,09,17,274,43,10,51,165,42*6A
$GIGSV,1,1,02,09,17,274,43,10,51,165,42*6A
$GIGSV,1,1,02,09,17,274,43,10,51,165,42*6A
$GIGSV,1,1,02,09,17,274,43,10,51,165,42*6A
$GIGSV,1,1,02,09,17,274,42,10,51,165,42*6B
$GIGSV,1,1,02,09,17,274,42,10,51,165,42*6B
$GIGSV,1,1,02,09,17,274,42,10,51,165,42*6B
$GIGSV,1,1,02,09,17,274,42,10,51,165,42*6B
$GIGSV,1,1,02,09,17,274,42,10,51,165,42*6B
$GIGSV,1,1,02,09,17,274,42,10,51,165,42*6B
$GIGSV,1,1,02,09,17,274,42,10,51,165,42*6B
$GIGSV,1,1,02,09,17,274,42,10,51,165,42*6B
$GIGSV,1,1,02,09,17,274,42,10,51,165,42*6B
$GIGSV,1,1,02,09,17,274,42,10,51,165,42*6B
$GIGSV,1,1,02,09,17,274,42,10,51,165,42*6B
$GIGSV,1,1,02,09,17,274,42,10,51,165,42*6B
$GIGSV,1,1,02,09,17,274,42,10,51,165,42*6B
$GIGSV,1,1,02,09,17,274,42,10,51,165,42*6B
$GIGSV,1,1,02,09,17,274,42,10,51,165,42*6B
$GIGSV,1,1,02,09,17,274,42,10,51,165,42*6B
$GIGSV,1,1,02,09,17,274,42,10,51,165,42*6B
$GIGSV,1,1,02,09,17,274,42,10,51,165,42*6B
$GIGSV,1,1,02,09,17,274,42,10,51,165,42*6B
$GIGSV,1,1,02,09,17,274,42,10,51,165,42*6B
$GIGSV,1,1,02,09,17,274,42,10,51,165,42*6B
$GIGSV,1,1,02,09,17,274,42,10,51,165,42*6B
$GIGSV,1,1,02,09,17,274,42,10,51,165,42*6B
$GIGSV,1,1,02,09,17,274,42,10,51,165,42*6B
$GIGSV,1,1,02,09,17,274,42,10,51,165,42*6B
$GIGSV,1,1,02,09,17,274,42,10,51,165,42*6B
$GIGSV,1,1,02,09,17,274,42,10,51,165,42*6B
$GIGSV,1,1,02,09,17,274,42,10,51,165,42*6B
$GIGSV,1,1,02,09,17,274,42,10,51,165,42*6B
$GIGSV,1,1,02,09,17,274,42,10,51,165,42*6B
$GIGSV,1,1,02,09,17,274,42,10,51,165,42*6B
$GIGSV,1,1,02,09,17,274,42,10,51,165,42*6B
$GIGSV,1,1,02,09,17,274,42,10,51,165,42*6B
$GIGSV,1,1,02,09,17,274,42,10,51,165,42*6B
$GIGSV,1,1,02,09,17,274,42,10,51,165,42*6B
$GIGSV,1,1,02,09,17,274,43,10,51,165,42*6A
$GIGSV,1,1,02,09,17,274,43,10,51,165,42*6A
$GIGSV,1,1,02,09,17,274,43,10,51,165,42*6A
$GIGSV,1,1,02,09,17,274,43,10,51,165,42*6A
$GIGSV,1,1,02,09,17,274,43,10,51,165,42*6A
$GIGSV,1,1,02,09,17,274,43,10,51,165,42*6A
$GIGSV,1,1,02,09,17,274,43,10,51,165,42*6A
$GIGSV,1,1,02,09,17,274,43,10,51,165,42*6A
$GIGSV,1,1,02,09,17,274,43,10,51,165,42*6A
$GIGSV,1,1,02,09,17,274,43,10,51,165,42*6A
$GIGSV,1,1,02,09,17,274,43,10,51,165,42*6A
$GIGSV,1,1,02,09,17,274,43,10,51,165,42*6A
$GIGSV,1,1,02,09,17,274,43,10,51,165,42*6A
$GIGSV,1,1,02,09,17,274,43,10,51,165,42*6A
$GIGSV,1,1,02,09,17,274,43,10,51,165,42*6A
$GIGSV,1,1,02,09,17,274,43,10,51,165,42*6A
$GIGSV,1,1,02,09,17,274,43,10,51,165,42*6A
$GIGSV,1,1,02,09,17,274,43,10,51,165,42*6A
$GIGSV,1,1,02,09,17,274,43,10,51,165,42*6A
$GIGSV,1,1,02,09,17,274,43,10,51,165,42*6A
$GIGSV,1,1,02,09,17,274,43,10,51,165,42*6A
$GIGSV,1,1,02,09,17,274,43,10,51,165,42*6A
$GIGSV,1,1,02,09,17,274,43,10,51,165,42*6A
$GIGSV,1,1,02,09,17,274,43,10,51,165,42*6A
$GIGSV,1,1,02,09,17,274,43,10,51,165,42*6A
$GIGSV,1,1,02,09,17,274,43,10,51,165,42*6A
$GIGSV,1,1,02,09,17,274,43,10,51,165,42*6A
$GIGSV,1,1,02,09,17,274,43,10,51,165,42*6A
$GIGSV,1,1,02,09,17,274,43,10,51,165,42*6A
$GIGSV,1,1,02,09,17,274,43,10,51,165,42*6A
$GIGSV,1,1,02,09,17,274,43,10,51,165,42*6A
$GIGSV,1,1,02,09,17,274,43,10,51,165,42*6A
$GIGSV,1,1,02,09,17,274,43,10,51,165,42*6A
$GIGSV,1,1,02,09,17,274,43,10,51,165,42*6A
$GIGSV,1,1,02,09,17,274,43,10,51,165,42*6A
$GIGSV,1,1,02,09,17,274,43,10,51,165,42*6A
$GIGSV,1,1,02,09,17,274,43,10,51,165,42*6A
$GIGSV,1,1,02,09,17,274,43,10,51,165,42*6A
$GIGSV,1,1,02,09,17,274,43,10,51,165,42*6A
$GIGSV,1,1,02,09,17,274,43,10,51,165,42*6A
$GIGSV,1,1,02,09,17,274,43,10,51,165,42*6A
$GIGSV,1,1,02,09,17,274,43,10,51,165,42*6A
$GIGSV,1,1,02,09,17,274,43,10,51,165,42*6A
$GIGSV,1,1,02,09,17,274,43,10,51,165,42*6A
$GIGSV,1,1,02,09,17,274,43,10,51,165,42*6A
$GIGSV,1,1,02,09,17,274,43,10,51,165,42*6A
$GIGSV,1,1,02,09,17,274,43,10,51,165,42*6A
$GIGSV,1,1,02,09,17,274,43,10,51,165,42*6A
$GIGSV,1,1,02,09,17,274,43,10,51,165,42*6A
$GIGSV,1,1,02,09,17,274,43,10,51,165,42*6A
$GIGSV,1,1,02,09,17,274,43,10,51,165,42*6A
$GIGSV,1,1,02,09,17,274,43,10,51,165,42*6A
$GIGSV,1,1,02,09,17,274,44,10,51,165,42*6D
$GIGSV,1,1,02,09,17,274,44,10,51,165,42*6D
$GIGSV,1,1,02,09,17,274,44,10,51,165,42*6D
$GIGSV,1,1,02,09,17,274,44,10,51,165,42*6D
$GIGSV,1,1,02,09,17,274,44,10,51,165,42*6D
$GIGSV,1,1,02,09,17,274,44,10,51,165,42*6D
$GIGSV,1,1,02,09,17,274,44,10,51,165,42*6D
$GIGSV,1,1,02,09,17,274,44,10,51,165,42*6D
$GIGSV,1,1,02,09,17,274,44,10,51,165,42*6D
$GIGSV,1,1,02,09,17,274,44,10,51,165,42*6D
$GIGSV,1,1,02,09,17,274,44,10,51,165,42*6D
$GIGSV,1,1,02,09,17,274,44,10,51,165,42*6D
$GIGSV,1,1,02,09,17,274,44,10,51,165,42*6D
$GIGSV,1,1,02,09,17,274,44,10,51,165,42*6D
$GIGSV,1,1,02,09,17,274,44,10,51,165,42*6D
$GIGSV,1,1,02,09,17,274,44,10,51,165,42*6D
$GIGSV,1,1,02,09,17,274,44,10,51,165,42*6D
$GIGSV,1,1,02,09,17,274,44,10,51,165,42*6D
$GIGSV,1,1,02,09,17,274,44,10,51,165,42*6D
$GIGSV,1,1,02,09,17,274,43,10,51,165,42*6A
$GIGSV,1,1,02,09,17,274,43,10,51,165,41*69
$GIGSV,1,1,02,09,17,274,43,10,51,165,41*69
$GIGSV,1,1,02,09,17,274,43,10,51,165,41*69
$GIGSV,1,1,02,09,17,274,43,10,51,165,41*69
$GIGSV,1,1,02,09,17,274,43,10,51,165,41*69
$GIGSV,1,1,02,09,17,274,43,10,51,165,41*69
$GIGSV,1,1,02,09,17,274,43,10,51,165,41*69
$GIGSV,1,1,02,09,17,274,43,10,51,165,41*69
$GIGSV,1,1,02,09,17,274,43,10,51,165,41*69
$GIGSV,1,1,02,09,17,274,43,10,51,165,41*69
$GIGSV,1,1,02,09,17,274,43,10,51,165,41*69
$GIGSV,1,1,02,09,17,274,43,10,51,165,41*69
$GIGSV,1,1,02,09,17,274,43,10,51,165,41*69
$GIGSV,1,1,02,09,17,274,43,10,51,165,41*69
$GIGSV,1,1,02,09,17,274,43,10,51,165,41*69
$GIGSV,1,1,02,09,17,274,43,10,51,165,41*69
$GIGSV,1,1,02,09,17,274,43,10,51,165,41*69
$GIGSV,1,1,02,09,17,274,43,10,51,165,41*69
$GIGSV,1,1,02,09,17,274,43,10,51,165,41*69
$GIGSV,1,1,02,09,17,274,43,10,51,165,41*69
$GIGSV,1,1,02,09,17,274,43,10,51,165,41*69
$GIGSV,1,1,02,09,17,274,43,10,51,165,41*69
$GIGSV,1,1,02,09,17,274,43,10,51,165,41*69
$GIGSV,1,1,02,09,17,274,44,10,51,165,41*6E
$GIGSV,1,1,02,09,17,274,44,10,51,165,41*6E
$GIGSV,1,1,02,09,17,274,44,10,51,165,41*6E
$GIGSV,1,1,02,09,17,274,44,10,51,165,41*6E
$GIGSV,1,1,02,09,17,274,44,10,51,165,41*6E
$GIGSV,1,1,02,09,17,274,44,10,51,165,41*6E
$GIGSV,1,1,02,09,17,274,44,10,51,165,41*6E
$GIGSV,1,1,02,09,17,274,44,10,51,165,40*6F
$GIGSV,1,1,02,09,17,274,44,10,51,165,40*6F
$GIGSV,1,1,02,09,17,274,44,10,51,165,41*6E
$GIGSV,1,1,02,09,17,274,44,10,51,165,41*6E
$GIGSV,1,1,02,09,17,274,44,10,51,165,41*6E
$GIGSV,1,1,02,09,17,274,44,10,51,165,41*6E
$GIGSV,1,1,02,09,17,274,44,10,51,165,41*6E
$GIGSV,1,1,02,09,17,274,45,10,51,165,41*6F
$GIGSV,1,1,02,09,17,274,45,10,51,165,41*6F
$GIGSV,1,1,02,09,17,274,45,10,51,165,41*6F
$GIGSV,1,1,02,09,17,274,45,10,51,165,41*6F
$GIGSV,1,1,02,09,17,274,45,10,51,165,42*6C
$GIGSV,1,1,02,09,17,274,45,10,51,165,42*6C
$GIGSV,1,1,02,09,17,274,45,10,51,165,42*6C
$GIGSV,1,1,02,09,17,274,45,10,51,165,42*6C
$GIGSV,1,1,02,09,17,274,45,10,51,165,42*6C
$GIGSV,1,1,02,09,17,274,45,10,51,165,42*6C
$GIGSV,1,1,02,09,17,274,45,10,51,165,42*6C
$GIGSV,1,1,02,09,17,274,45,10,51,165,42*6C
$GIGSV,1,1,02,09,17,274,45,10,51,165,42*6C
$GIGSV,1,1,02,09,17,274,45,10,51,165,42*6C
$GIGSV,1,1,02,09,17,274,45,10,51,165,42*6C
$GIGSV,1,1,02,09,17,274,45,10,51,165,42*6C
$GIGSV,1,1,02,09,17,274,45,10,51,165,42*6C
$GIGSV,1,1,02,09,17,274,45,10,51,165,42*6C
$GIGSV,1,1,02,09,17,274,45,10,51,165,42*6C
$GIGSV,1,1,02,09,17,274,45,10,51,165,42*6C
$GIGSV,1,1,02,09,17,274,45,10,51,165,42*6C
$GIGSV,1,1,02,09,17,274,45,10,51,165,42*6C
$GIGSV,1,1,02,09,17,274,45,10,51,165,42*6C
$GIGSV,1,1,02,09,17,274,45,10,51,165,42*6C
$GIGSV,1,1,02,09,17,274,45,10,51,165,42*6C
$GIGSV,1,1,02,09,17,274,45,10,51,165,42*6C
$GIGSV,1,1,02,09,17,274,45,10,51,165,42*6C
$GIGSV,1,1,02,09,17,274,45,10,51,165,42*6C
$GIGSV,1,1,02,09,17,274,45,10,51,165,42*6C
$GIGSV,1,1,02,09,17,274,45,10,51,165,42*6C
$GIGSV,1,1,02,09,17,274,45,10,51,165,42*6C
$GIGSV,1,1,02,09,17,274,45,10,51,165,42*6C
$GIGSV,1,1,02,09,17,274,45,10,51,165,42*6C
$GIGSV,1,1,02,09,17,274,45,10,51,165,42*6C
$GIGSV,1,1,02,09,17,274,45,10,51,165,42*6C
$GIGSV,1,1,02,09,17,274,45,10,51,165,42*6C
$GIGSV,1,1,02,09,17,274,45,10,51,165,43*6D
$GIGSV,1,1,02,09,17,274,45,10,51,165,43*6D
$GIGSV,1,1,02,09,17,274,45,10,51,165,43*6D
$GIGSV,1,1,02,09,17,274,44,10,51,165,43*6C
$GIGSV,1,1,02,09,17,274,44,10,51,165,43*6C
$GIGSV,1,1,02,09,17,274,44,10,51,165,43*6C
$GIGSV,1,1,02,09,17,274,44,10,51,165,43*6C
$GIGSV,1,1,02,09,17,274,44,10,51,165,43*6C
$GIGSV,1,1,02,09,17,274,44,10,51,165,43*6C
$GIGSV,1,1,02,09,17,274,44,10,51,165,43*6C
$GIGSV,1,1,02,09,17,274,44,10,51,165,43*6C
$GIGSV,1,1,02,09,17,274,44,10,51,165,43*6C
$GIGSV,1,1,02,09,17,274,44,10,51,165,43*6C
$GIGSV,1,1,02,09,17,274,44,10,51,165,43*6C
$GIGSV,1,1,02,09,17,274,44,10,51,165,43*6C
$GIGSV,1,1,02,09,17,274,44,10,51,165,43*6C
$GIGSV,1,1,02,09,17,274,44,10,51,165,43*6C
$GIGSV,1,1,02,09,17,274,44,10,51,165,43*6C
$GIGSV,1,1,02,09,17,274,44,10,51,165,43*6C
$GIGSV,1,1,02,09,17,274,44,10,51,165,43*6C
$GIGSV,1,1,02,09,17,274,44,10,51,165,43*6C
$GIGSV,1,1,02,09,17,274,44,10,51,165,43*6C
$GIGSV,1,1,02,09,17,274,44,10,51,165,43*6C
$GIGSV,1,1,02,09,17,274,44,10,51,165,43*6C
$GIGSV,1,1,02,09,17,274,44,10,51,165,43*6C
$GIGSV,1,1,02,09,17,274,44,10,51,165,43*6C
$GIGSV,1,1,02,09,17,274,44,10,51,165,43*6C
$GIGSV,1,1,02,09,17,274,44,10,51,165,43*6C
$GIGSV,1,1,02,09,17,274,44,10,51,165,43*6C
$GIGSV,1,1,02,09,17,274,44,10,51,165,43*6C
$GIGSV,1,1,02,09,17,274,44,10,51,165,43*6C
$GIGSV,1,1,02,09,17,274,44,10,51,165,43*6C
$GIGSV,1,1,02,09,17,274,44,10,51,165,43*6C
$GIGSV,1,1,02,09,17,274,44,10,51,165,43*6C
$GIGSV,1,1,02,09,17,274,44,10,51,165,43*6C
$GIGSV,1,1,02,09,17,274,44,10,51,165,43*6C
$GIGSV,1,1,02,09,17,274,44,10,51,165,43*6C
$GIGSV,1,1,02,09,17,274,44,10,51,165,43*6C
$GIGSV,1,1,02,09,17,274,44,10,51,165,43*6C
$GIGSV,1,1,02,09,17,274,44,10,51,165,44*6B
$GIGSV,1,1,02,09,17,274,44,10,51,165,44*6B
$GIGSV,1,1,02,09,17,274,44,10,51,165,44*6B
$GIGSV,1,1,02,09,17,274,44,10,51,165,44*6B
$GIGSV,1,1,02,09,17,274,44,10,51,165,44*6B
$GIGSV,1,1,02,09,17,274,45,10,51,165,44*6A
$GIGSV,1,1,02,09,17,274,45,10,51,165,44*6A
$GIGSV,1,1,02,09,17,274,45,10,51,165,44*6A
$GIGSV,1,1,02,09,17,274,45,10,51,165,44*6A
$GIGSV,1,1,02,09,17,274,45,10,51,165,44*6A
$GIGSV,1,1,02,09,17,274,45,10,51,165,44*6A
$GIGSV,1,1,02,09,17,274,45,10,51,165,44*6A
$GIGSV,1,1,02,09,17,274,45,10,51,165,44*6A
$GIGSV,1,1,02,09,17,274,45,10,51,165,44*6A
$GIGSV,1,1,02,09,17,274,45,10,51,165,44*6A
$GIGSV,1,1,02,09,17,274,45,10,51,165,44*6A
$GIGSV,1,1,02,09,17,274,45,10,51,165,44*6A
$GIGSV,1,1,02,09,17,274,45,10,51,165,44*6A
$GIGSV,1,1,02,09,17,274,45,10,51,165,44*6A
$GIGSV,1,1,02,09,17,274,45,10,51,165,44*6A
$GIGSV,1,1,02,09,17,274,45,10,51,165,44*6A
$GIGSV,1,1,02,09,17,274,45,10,51,165,44*6A
$GIGSV,1,1,02,09,17,274,45,10,51,165,44*6A
$GIGSV,1,1,02,09,17,274,45,10,51,165,44*6A
$GIGSV,1,1,02,09,17,274,45,10,51,165,44*6A
$GIGSV,1,1,02,09,17,274,45,10,51,165,44*6A
$GIGSV,1,1,02,09,17,274,45,10,51,165,44*6A
$GIGSV,1,1,02,09,17,274,45,10,51,165,44*6A
$GIGSV,1,1,02,09,17,274,45,10,51,165,44*6A
$GIGSV,1,1,02,09,17,274,45,10,51,165,44*6A
$GIGSV,1,1,02,09,17,274,45,10,51,165,44*6A
$GIGSV,1,1,02,09,17,274,45,10,51,165,44*6A
$GIGSV,1,1,02,09,17,274,45,10,51,165,44*6A
$GIGSV,1,1,02,09,17,274,45,10,51,165,44*6A
$GIGSV,1,1,02,09,17,274,45,10,51,165,44*6A
$GIGSV,1,1,02,09,17,274,45,10,51,165,44*6A
$GIGSV,1,1,02,09,17,274,45,10,51,165,44*6A
$GIGSV,1,1,02,09,17,274,45,10,51,165,44*6A
$GIGSV,1,1,02,09,17,274,45,10,51,165,44*6A
$GIGSV,1,1,02,09,17,274,45,10,51,165,44*6A
$GIGSV,1,1,02,09,17,274,45,10,51,165,44*6A
$GIGSV,1,1,02,09,17,274,45,10,51,165,44*6A
$GIGSV,1,1,02,09,17,274,45,10,51,165,44*6A
$GIGSV,1,1,02,09,17,274,45,10,51,165,45*6B
$GIGSV,1,1,02,09,17,274,45,10,51,165,45*6B
$GIGSV,1,1,02,09,17,274,45,10,51,165,45*6B
$GIGSV,1,1,02,09,17,274,45,10,51,165,45*6B
$GIGSV,1,1,02,09,17,274,45,10,51,165,45*6B
$GIGSV,1,1,02,09,17,274,45,10,51,165,45*6B
$GIGSV,1,1,02,09,17,274,45,10,51,165,45*6B
$GIGSV,1,1,02,09,17,274,45,10,51,165,45*6B
$GIGSV,1,1,02,09,17,274,45,10,51,165,45*6B
$GIGSV,1,1,02,09,17,274,45,10,51,165,45*6B
$GIGSV,1,1,02,09,17,274,46,10,51,165,45*68
$GIGSV,1,1,02,09,17,274,46,10,51,165,45*68
$GIGSV,1,1,02,09,17,274,46,10,51,165,45*68
$GIGSV,1,1,02,09,17,274,46,10,51,165,45*68
$GIGSV,1,1,02,09,17,274,46,10,51,165,45*68
$GIGSV,1,1,02,09,17,274,46,10,51,165,45*68
$GIGSV,1,1,02,09,17,274,46,10,51,165,45*68
$GIGSV,1,1,02,09,17,274,46,10,51,165,45*68
$GIGSV,1,1,02,09,17,274,46,10,51,165,45*68
$GIGSV,1,1,02,09,17,274,46,10,51,165,45*68
$GIGSV,1,1,02,09,17,274,46,10,51,165,45*68
$GIGSV,1,1,02,09,17,274,46,10,51,165,45*68
$GIGSV,1,1,02,09,17,274,46,10,51,165,45*68
$GIGSV,1,1,02,09,17,274,46,10,51,165,45*68
$GIGSV,1,1,02,09,17,274,46,10,51,165,45*68
$GIGSV,1,1,02,09,17,274,46,10,51,165,45*68
$GIGSV,1,1,02,09,17,274,46,10,51,165,45*68
$GIGSV,1,1,02,09,17,274,46,10,51,165,45*68
$GIGSV,1,1,02,09,17,274,46,10,51,165,45*68
$GIGSV,1,1,02,09,17,274,46,10,51,165,45*68
$GIGSV,1,1,02,09,17,274,46,10,51,165,45*68
$GIGSV,1,1,02,09,17,274,46,10,51,165,45*68
$GIGSV,1,1,02,09,17,274,46,10,51,165,45*68
$GIGSV,1,1,02,09,17,274,46,10,51,165,45*68
$GIGSV,1,1,02,09,17,274,46,10,51,165,45*68
$GIGSV,1,1,02,09,17,274,46,10,51,165,45*68
$GIGSV,1,1,02,09,17,274,46,10,51,165,45*68
$GIGSV,1,1,02,09,17,274,46,10,51,165,45*68
$GIGSV,1,1,02,09,17,274,46,10,51,165,45*68
$GIGSV,1,1,02,09,17,274,46,10,51,165,45*68
$GIGSV,1,1,02,09,17,274,46,10,51,165,45*68
$GIGSV,1,1,02,09,17,274,46,10,51,165,45*68
$GIGSV,1,1,02,09,17,274,46,10,51,165,45*68
$GIGSV,1,1,02,09,17,274,46,10,51,165,45*68
$GIGSV,1,1,02,09,17,274,46,10,51,165,45*68
$GIGSV,1,1,02,09,17,274,46,10,51,165,45*68
$GIGSV,1,1,02,09,17,274,46,10,51,165,45*68
$GIGSV,1,1,02,09,17,274,46,10,51,165,45*68
$GIGSV,1,1,02,09,17,274,46,10,51,165,45*68
$GIGSV,1,1,02,09,17,274,46,10,51,165,45*68
$GIGSV,1,1,02,09,17,274,46,10,51,165,45*68
$GIGSV,1,1,02,09,17,274,46,10,51,165,45*68
$GIGSV,1,1,02,09,17,274,46,10,51,165,45*68
$GIGSV,1,1,02,09,17,274,46,10,51,165,45*68
$GIGSV,1,1,02,09,17,274,46,10,51,165,45*68
$GIGSV,1,1,02,09,17,274,46,10,51,165,45*68
$GIGSV,1,1,02,09,17,274,46,10,51,165,45*68
$GIGSV,1,1,02,09,17,274,46,10,51,165,45*68
$GIGSV,1,1,02,09,17,274,46,10,51,165,45*68
$GIGSV,1,1,02,09,17,274,46,10,51,165,45*68
$GIGSV,1,1,02,09,17,274,46,10,51,165,45*68
$GIGSV,1,1,02,09,17,274,46,10,51,165,45*68
$GIGSV,1,1,02,09,17,274,46,10,51,165,45*68
$GIGSV,1,1,02,09,17,274,46,10,51,165,45*68
$GIGSV,1,1,02,09,17,274,46,10,51,165,45*68
$GIGSV,1,1,02,09,17,274,46,10,51,165,45*68
$GIGSV,1,1,02,09,17,274,46,10,51,165,45*68
$GIGSV,1,1,02,09,17,274,46,10,51,165,45*68
$GIGSV,1,1,02,09,17,274,46,10,51,165,45*68
$GIGSV,1,1,02,09,17,274,46,10,51,165,45*68
$GIGSV,1,1,02,09,17,274,46,10,51,165,45*68
$GIGSV,1,1,02,09,17,274,46,10,51,165,45*68
$GIGSV,1,1,02,09,17,274,46,10,51,165,45*68
$GIGSV,1,1,02,09,17,274,46,10,51,165,45*68
$GIGSV,1,1,02,09,17,274,46,10,51,165,45*68
$GIGSV,1,1,02,09,17,274,46,10,51,165,45*68
$GIGSV,1,1,02,09,17,274,46,10,51,165,45*68
$GIGSV,1,1,02,09,17,274,46,10,51,165,45*68
$GIGSV,1,1,02,09,17,274,46,10,51,165,45*68
$GIGSV,1,1,02,09,17,274,46,10,51,165,45*68
$GIGSV,1,1,02,09,17,274,46,10,51,165,45*68
$GIGSV,1,1,02,09,17,274,46,10,51,165,45*68
$GIGSV,1,1,02,09,17,274,46,10,51,165,45*68
$GIGSV,1,1,02,09,17,274,46,10,51,165,45*68
$GIGSV,1,1,02,09,17,274,46,10,51,165,45*68
$GIGSV,1,1,02,09,17,274,46,10,51,165,45*68
$GIGSV,1,1,02,09,17,274,46,10,51,165,45*68
$GIGSV,1,1,02,09,17,274,46,10,51,165,45*68
$GIGSV,1,1,02,09,17,274,46,10,51,165,45*68
$GIGSV,1,1,02,09,17,274,46,10,51,165,45*68
$GIGSV,1,1,02,09,17,274,46,10,51,165,45*68
$GIGSV,1,1,02,09,17,274,46,10,51,165,45*68
$GIGSV,1,1,02,09,17,274,46,10,51,165,45*68
$GIGSV,1,1,02,09,17,274,45,10,51,165,45*6B
$GIGSV,1,1,02,09,17,274,45,10,51,165,45*6B
$GIGSV,1,1,02,09,17,274,45,10,51,165,45*6B
$GIGSV,1,1,02,09,17,274,45,10,51,165,45*6B
$GIGSV,1,1,02,09,17,274,45,10,51,165,45*6B
$GIGSV,1,1,02,09,17,274,45,10,51,165,45*6B
$GIGSV,1,1,02,09,17,274,45,10,51,165,45*6B
$GIGSV,1,1,02,09,17,274,45,10,51,165,45*6B
$GIGSV,1,1,02,09,17,274,45,10,51,165,45*6B
$GIGSV,1,1,02,09,17,274,45,10,51,165,45*6B
$GIGSV,1,1,02,09,17,274,45,10,51,165,45*6B
$GIGSV,1,1,02,09,17,274,45,10,51,165,45*6B
$GIGSV,1,1,02,09,17,274,45,10,51,165,45*6B
$GIGSV,1,1,02,09,17,274,45,10,51,165,45*6B
$GIGSV,1,1,02,09,17,274,45,10,51,165,45*6B
$GIGSV,1,1,02,09,17,274,45,10,51,165,45*6B
$GIGSV,1,1,02,09,17,274,45,10,51,165,45*6B
$GIGSV,1,1,02,09,17,274,45,10,51,165,45*6B
$GIGSV,1,1,02,09,17,274,45,10,51,165,45*6B
$GIGSV,1,1,02,09,17,274,45,10,51,165,45*6B
$GIGSV,1,1,02,09,17,274,45,10,51,165,45*6B
$GIGSV,1,1,02,09,17,274,45,10,51,165,45*6B
$GIGSV,1,1,02,09,17,274,45,10,51,165,45*6B
$GIGSV,1,1,02,09,17,274,45,10,51,165,45*6B
$GIGSV,1,1,02,09,17,274,45,10,51,165,45*6B
$GIGSV,1,1,02,09,17,274,45,10,51,165,45*6B
$GIGSV,1,1,02,09,17,274,45,10,51,165,45*6B
$GIGSV,1,1,02,09,17,274,45,10,51,165,45*6B
$GIGSV,1,1,02,09,17,274,45,10,51,165,45*6B
$GIGSV,1,1,02,09,17,274,45,10,51,165,45*6B
$GIGSV,1,1,02,09,17,274,45,10,51,165,45*6B
$GIGSV,1,1,02,09,17,274,45,10,51,165,45*6B
$GIGSV,1,1,02,09,17,274,45,10,51,165,45*6B
$GIGSV,1,1,02,09,17,274,45,10,51,165,45*6B
$GIGSV,1,1,02,09,17,274,45,10,51,165,45*6B
$GIGSV,1,1,02,09,17,274,45,10,51,165,45*6B
$GIGSV,1,1,02,09,17,274,45,10,51,165,45*6B
$GIGSV,1,1,02,09,17,274,45,10,51,165,45*6B
$GIGSV,1,1,02,09,17,274,45,10,51,165,45*6B
$GIGSV,1,1,02,09,17,274,45,10,51,165,45*6B
$GIGSV,1,1,02,09,17,274,45,10,51,165,45*6B
$GIGSV,1,1,02,09,17,274,45,10,51,165,45*6B
$GIGSV,1,1,02,09,17,274,45,10,51,165,45*6B
$GIGSV,1,1,02,09,17,274,45,10,51,165,45*6B
$GIGSV,1,1,02,09,17,274,45,10,51,165,45*6B
$GIGSV,1,1,02,09,17,274,45,10,51,165,45*6B
$GIGSV,1,1,02,09,17,274,45,10,51,165,45*6B
$GIGSV,1,1,02,09,17,274,45,10,51,165,45*6B
$GIGSV,1,1,02,09,17,274,45,10,51,165,45*6B
$GIGSV,1,1,02,09,17,274,45,10,51,165,45*6B
$GIGSV,1,1,02,09,17,274,45,10,51,165,45*6B
$GIGSV,1,1,02,09,17,274,45,10,51,165,45*6B
$GIGSV,1,1,02,09,17,274,44,10,51,165,45*6A
$GIGSV,1,1,02,09,17,274,45,10,51,165,45*6B
$GIGSV,1,1,02,09,17,274,45,10,51,165,45*6B
$GIGSV,1,1,02,09,17,274,45,10,51,165,45*6B
$GIGSV,1,1,02,09,17,274,45,10,51,165,45*6B
$GIGSV,1,1,02,09,17,274,45,10,51,165,45*6B
$GIGSV,1,1,02,09,17,274,45,10,51,165,45*6B
$GIGSV,1,1,02,09,17,274,45,10,51,165,45*6B
$GIGSV,1,1,02,09,17,274,45,10,51,165,45*6B
$GIGSV,1,1,02,09,17,274,45,10,51,165,45*6B
$GIGSV,1,1,02,09,17,274,45,10,51,165,44*6A
$GIGSV,1,1,02,09,17,274,45,10,51,165,44*6A
$GIGSV,1,1,02,09,17,274,45,10,51,165,44*6A
$GIGSV,1,1,02,09,17,274,45,10,51,165,44*6A
$GIGSV,1,1,02,09,17,274,45,10,51,165,44*6A
$GIGSV,1,1,02,09,17,274,45,10,51,165,44*6A
$GIGSV,1,1,02,09,17,274,45,10,51,165,44*6A
$GIGSV,1,1,02,09,17,274,44,10,51,165,44*6B
$GIGSV,1,1,02,09,17,274,44,10,51,165,44*6B
$GIGSV,1,1,02,09,17,274,44,10,51,165,44*6B
$GIGSV,1,1,02,09,17,274,44,10,51,165,44*6B
$GIGSV,1,1,02,09,17,274,44,10,51,165,44*6B
$GIGSV,1,1,02,09,17,274,44,10,51,165,44*6B
$GIGSV,1,1,02,09,17,274,44,10,51,165,44*6B
$GIGSV,1,1,02,09,17,274,44,10,51,165,44*6B
$GIGSV,1,1,02,09,17,274,44,10,51,165,44*6B
$GIGSV,1,1,02,09,17,274,44,10,51,165,44*6B
$GIGSV,1,1,02,09,17,274,44,10,51,165,44*6B
$GIGSV,1,1,02,09,17,274,44,10,51,165,44*6B
$GIGSV,1,1,02,09,17,274,44,10,51,165,44*6B
$GIGSV,1,1,02,09,17,274,44,10,51,165,44*6B
$GIGSV,1,1,02,09,17,274,44,10,51,165,44*6B
$GIGSV,1,1,02,09,17,274,44,10,51,165,44*6B
$GIGSV,1,1,02,09,17,274,44,10,51,165,44*6B
$GIGSV,1,1,02,09,17,274,44,10,51,165,44*6B
$GIGSV,1,1,02,09,17,274,43,10,51,165,44*6C
$GIGSV,1,1,02,09,17,274,43,10,51,165,44*6C
$GIGSV,1,1,02,09,17,274,43,10,51,165,44*6C
$GIGSV,1,1,02,09,17,274,43,10,51,165,44*6C
$GIGSV,1,1,02,09,17,274,43,10,51,165,44*6C
$GIGSV,1,1,02,09,17,274,43,10,51,165,43*6B
$GIGSV,1,1,02,09,17,274,43,10,51,165,43*6B
$GIGSV,1,1,02,09,17,274,43,10,51,165,43*6B
$GIGSV,1,1,02,09,17,274,43,10,51,165,43*6B
$GIGSV,1,1,02,09,17,274,43,10,51,165,43*6B
$GIGSV,1,1,02,09,17,274,43,10,51,165,43*6B
$GIGSV,1,1,02,09,17,274,43,10,51,165,43*6B
$GIGSV,1,1,02,09,17,274,43,10,51,165,43*6B
$GIGSV,1,1,02,09,17,274,43,10,51,165,43*6B
$GIGSV,1,1,02,09,17,274,43,10,51,165,43*6B
$GIGSV,1,1,02,09,17,274,43,10,51,165,43*6B
$GIGSV,1,1,02,09,17,274,42,10,51,165,43*6A
$GIGSV,1,1,02,09,17,274,42,10,51,165,43*6A
$GIGSV,1,1,02,09,17,274,42,10,51,165,43*6A
$GIGSV,1,1,02,09,17,274,42,10,51,165,43*6A
$GIGSV,1,1,02,09,17,274,42,10,51,165,43*6A
$GIGSV,1,1,02,09,17,274,42,10,51,165,43*6A
$GIGSV,1,1,02,09,17,274,42,10,51,165,43*6A
$GIGSV,1,1,02,09,17,274,42,10,51,165,43*6A
$GIGSV,1,1,02,09,17,274,42,10,51,165,43*6A
$GIGSV,1,1,02,09,17,274,42,10,51,165,43*6A
$GIGSV,1,1,02,09,17,274,42,10,51,165,43*6A
$GIGSV,1,1,02,09,17,274,42,10,51,165,43*6A
$GIGSV,1,1,02,09,17,274,42,10,51,165,43*6A
$GIGSV,1,1,02,09,17,274,42,10,51,165,43*6A
$GIGSV,1,1,02,09,17,274,42,10,51,165,43*6A
$GIGSV,1,1,02,09,17,274,42,10,51,165,43*6A
$GIGSV,1,1,02,09,17,274,42,10,51,165,43*6A
$GIGSV,1,1,02,09,17,274,42,10,51,165,43*6A
$GIGSV,1,1,02,09,17,274,42,10,51,165,43*6A
$GIGSV,1,1,02,09,17,274,42,10,51,165,43*6A
$GIGSV,1,1,02,09,17,274,42,10,51,165,43*6A
$GIGSV,1,1,02,09,17,274,42,10,51,165,43*6A
$GIGSV,1,1,02,09,17,274,42,10,51,165,43*6A
$GIGSV,1,1,02,09,17,274,42,10,51,165,43*6A
$GIGSV,1,1,02,09,17,274,42,10,51,165,43*6A
$GIGSV,1,1,02,09,17,274,42,10,51,165,43*6A
$GIGSV,1,1,02,09,17,274,42,10,51,165,43*6A
$GIGSV,1,1,02,09,17,274,41,10,51,165,43*69
$GIGSV,1,1,02,09,17,274,41,10,51,165,43*69
$GIGSV,1,1,02,09,17,274,41,10,51,165,43*69
$GIGSV,1,1,02,09,17,274,41,10,51,165,43*69
$GIGSV,1,1,02,09,17,274,41,10,51,165,43*69
$GIGSV,1,1,02,09,17,274,41,10,51,165,43*69
$GIGSV,1,1,02,09,17,274,41,10,51,165,43*69
$GIGSV,1,1,02,09,17,274,41,10,51,165,43*69
$GIGSV,1,1,02,09,17,274,41,10,51,165,43*69
$GIGSV,1,1,02,09,17,274,41,10,51,165,43*69
$GIGSV,1,1,02,09,17,274,41,10,51,165,43*69
$GIGSV,1,1,02,09,17,274,41,10,51,165,43*69
$GIGSV,1,1,02,09,17,274,41,10,51,165,43*69
$GIGSV,1,1,02,09,17,274,41,10,51,165,43*69
$GIGSV,1,1,02,09,17,274,41,10,51,165,43*69
$GIGSV,1,1,02,09,17,274,41,10,51,165,43*69
$GIGSV,1,1,02,09,17,274,41,10,51,165,43*69
$GIGSV,1,1,02,09,17,274,41,10,51,165,43*69
$GIGSV,1,1,02,09,17,274,41,10,51,165,43*69
$GIGSV,1,1,02,09,17,274,41,10,51,165,43*69
$GIGSV,1,1,02,09,17,274,41,10,51,165,43*69
$GIGSV,1,1,02,09,17,274,41,10,51,165,43*69
$GIGSV,1,1,02,09,17,274,41,10,51,165,43*69
$GIGSV,1,1,02,09,17,274,41,10,51,165,43*69
$GIGSV,1,1,02,09,17,274,41,10,51,165,43*69
$GIGSV,1,1,02,09,17,274,41,10,51,165,43*69
$GIGSV,1,1,02,09,17,274,41,10,51,165,43*69
$GIGSV,1,1,02,09,17,274,41,10,51,165,43*69
$GIGSV,1,1,02,09,17,274,41,10,51,165,43*69
$GIGSV,1,1,02,09,17,274,41,10,51,165,43*69
$GIGSV,1,1,02,09,17,274,41,10,51,165,43*69
$GIGSV,1,1,02,09,17,274,41,10,51,165,43*69
$GIGSV,1,1,02,09,17,274,41,10,51,165,43*69
$GIGSV,1,1,02,09,17,274,41,10,51,165,43*69
$GIGSV,1,1,02,09,17,274,41,10,51,165,43*69
$GIGSV,1,1,02,09,17,274,41,10,51,165,43*69
$GIGSV,1,1,02,09,17,274,41,10,51,165,43*69
$GIGSV,1,1,02,09,17,274,41,10,51,165,43*69
$GIGSV,1,1,02,09,17,274,41,10,51,165,43*69
$GIGSV,1,1,02,09,17,274,41,10,51,165,43*69
$GIGSV,1,1,02,09,17,274,41,10,51,165,43*69
$GIGSV,1,1,02,09,17,274,41,10,51,165,43*69
$GIGSV,1,1,02,09,17,274,41,10,51,165,43*69
$GIGSV,1,1,02,09,17,274,41,10,51,165,43*69
$GIGSV,1,1,02,09,17,274,41,10,51,165,43*69
$GIGSV,1,1,02,09,17,274,41,10,51,165,43*69
$GIGSV,1,1,02,09,17,274,41,10,51,165,43*69
$GIGSV,1,1,02,09,17,274,41,10,51,165,43*69
$GIGSV,1,1,02,09,17,274,41,10,51,165,43*69
$GIGSV,1,1,02,09,17,274,41,10,51,165,43*69
$GIGSV,1,1,02,09,17,274,41,10,51,165,43*69
$GIGSV,1,1,02,09,17,274,41,10,51,165,43*69
$GIGSV,1,1,02,09,17,274,41,10,51,165,43*69
$GIGSV,1,1,02,09,17,274,41,10,51,165,43*69
$GIGSV,1,1,02,09,17,274,41,10,51,165,43*69
$GIGSV,1,1,02,09,17,274,41,10,51,165,43*69
$GIGSV,1,1,02,09,17,274,41,10,51,165,43*69
$GIGSV,1,1,02,09,17,274,41,10,51,165,43*69
$GIGSV,1,1,02,09,17,274,41,10,51,165,42*68
$GIGSV,1,1,02,09,17,274,41,10,51,165,42*68
$GIGSV,1,1,02,09,17,274,41,10,51,165,42*68
$GIGSV,1,1,02,09,17,274,41,10,51,165,42*68
$GIGSV,1,1,02,09,17,274,41,10,51,165,42*68
$GIGSV,1,1,02,09,17,274,41,10,51,165,42*68
$GIGSV,1,1,02,09,17,274,41,10,51,165,42*68
$GIGSV,1,1,02,09,17,274,41,10,51,165,42*68
$GIGSV,1,1,02,09,17,274,41,10,51,165,42*68
$GIGSV,1,1,02,09,17,274,41,10,51,165,42*68
$GIGSV,1,1,02,09,17,274,41,10,51,165,42*68
$GIGSV,1,1,02,09,17,274,41,10,51,165,42*68
$GIGSV,1,1,02,09,17,274,41,10,51,165,42*68
$GIGSV,1,1,02,09,17,274,41,10,51,165,42*68
$GIGSV,1,1,02,09,17,274,40,10,51,165,42*69
$GIGSV,1,1,02,09,17,274,40,10,51,165,42*69
$GIGSV,1,1,02,09,17,274,40,10,51,165,42*69
$GIGSV,1,1,02,09,17,274,40,10,51,165,42*69
$GIGSV,1,1,02,09,17,274,40,10,51,165,42*69
$GIGSV,1,1,02,09,17,274,40,10,51,165,42*69
$GIGSV,1,1,02,09,17,274,40,10,51,165,42*69
$GIGSV,1,1,02,09,17,274,40,10,51,165,42*69
$GIGSV,1,1,02,09,17,274,40,10,51,165,42*69
$GIGSV,1,1,02,09,17,274,40,10,51,165,43*68
$GIGSV,1,1,02,09,17,274,40,10,51,165,43*68
$GIGSV,1,1,02,09,17,274,40,10,51,165,43*68
$GIGSV,1,1,02,09,17,274,40,10,51,165,43*68
$GIGSV,1,1,02,09,17,274,40,10,51,165,43*68
$GIGSV,1,1,02,09,17,274,40,10,51,165,43*68
$GIGSV,1,1,02,09,17,274,40,10,51,165,43*68
$GIGSV,1,1,02,09,17,274,40,10,51,165,43*68
$GIGSV,1,1,02,09,17,274,40,10,51,165,43*68
$GIGSV,1,1,02,09,17,274,40,10,51,165,43*68
$GIGSV,1,1,02,09,17,274,39,10,51,165,43*66
$GIGSV,1,1,02,09,17,274,39,10,51,165,43*66
$GIGSV,1,1,02,09,17,274,39,10,51,165,43*66
$GIGSV,1,1,02,09,17,274,39,10,51,165,43*66
$GIGSV,1,1,02,09,17,274,39,10,51,165,43*66
$GIGSV,1,1,02,09,17,274,39,10,51,165,43*66
$GIGSV,1,1,02,09,17,274,39,10,51,165,43*66
$GIGSV,1,1,02,09,17,274,39,10,51,165,43*66
$GIGSV,1,1,02,09,17,274,39,10,51,165,43*66
$GIGSV,1,1,02,09,17,274,39,10,51,165,43*66
$GIGSV,1,1,02,09,17,274,39,10,51,165,43*66
$GIGSV,1,1,02,09,17,274,39,10,51,165,43*66
$GIGSV,1,1,02,09,17,274,39,10,51,165,43*66
$GIGSV,1,1,02,09,17,274,39,10,51,165,43*66
$GIGSV,1,1,02,09,17,274,39,10,51,165,43*66
$GIGSV,1,1,02,09,17,274,39,10,51,165,43*66
$GIGSV,1,1,02,09,17,274,39,10,51,165,43*66
$GIGSV,1,1,02,09,17,274,39,10,51,165,43*66
$GIGSV,1,1,02,09,17,274,39,10,51,165,43*66
$GIGSV,1,1,02,09,17,274,39,10,51,165,43*66
$GIGSV,1,1,02,09,17,274,39,10,51,165,43*66
$GIGSV,1,1,02,09,17,274,38,10,51,165,43*67
$GIGSV,1,1,02,09,17,274,38,10,51,165,43*67
$GIGSV,1,1,02,09,17,274,38,10,51,165,43*67
$GIGSV,1,1,02,09,17,274,38,10,51,165,43*67
$GIGSV,1,1,02,09,17,274,38,10,51,165,43*67
$GIGSV,1,1,02,09,17,274,38,10,51,165,43*67
$GIGSV,1,1,02,09,17,274,38,10,51,165,43*67
$GIGSV,1,1,02,09,17,274,38,10,51,165,43*67
$GIGSV,1,1,02,09,17,274,38,10,51,165,43*67
$GIGSV,1,1,02,09,17,274,38,10,51,165,43*67
$GIGSV,1,1,02,09,17,274,38,10,51,165,43*67
$GIGSV,1,1,02,09,17,274,38,10,51,165,43*67
$GIGSV,1,1,02,09,17,274,38,10,51,165,43*67
$GIGSV,1,1,02,09,17,274,38,10,51,165,43*67
$GIGSV,1,1,02,09,17,274,39,10,51,165,43*66
$GIGSV,1,1,02,09,17,274,39,10,51,165,43*66
$GIGSV,1,1,02,09,17,274,39,10,51,165,43*66
$GIGSV,1,1,02,09,17,274,39,10,51,165,43*66
$GIGSV,1,1,02,09,17,274,39,10,51,165,43*66
$GIGSV,1,1,02,09,17,274,38,10,51,165,43*67
$GIGSV,1,1,02,09,17,274,38,10,51,165,43*67
$GIGSV,1,1,02,09,17,274,38,10,51,165,43*67
$GIGSV,1,1,02,09,17,274,38,10,51,165,43*67
$GIGSV,1,1,02,09,17,274,38,10,51,165,43*67
$GIGSV,1,1,02,09,17,274,38,10,51,165,43*67
$GIGSV,1,1,02,09,17,274,38,10,51,165,43*67
$GIGSV,1,1,02,09,17,274,39,10,51,165,43*66
$GIGSV,1,1,02,09,17,274,39,10,51,165,43*66
$GIGSV,1,1,02,09,17,274,39,10,51,165,43*66
$GIGSV,1,1,02,09,17,274,39,10,51,165,43*66
$GIGSV,1,1,02,09,17,274,39,10,51,165,43*66
$GIGSV,1,1,02,09,17,274,39,10,51,165,43*66
$GIGSV,1,1,02,09,17,274,39,10,51,165,43*66
$GIGSV,1,1,02,09,17,274,39,10,51,165,43*66
$GIGSV,1,1,02,09,17,274,39,10,51,165,43*66
$GIGSV,1,1,02,09,17,274,38,10,51,165,43*67
$GIGSV,1,1,02,09,17,274,38,10,51,165,43*67
$GIGSV,1,1,02,09,17,274,38,10,51,165,43*67
$GIGSV,1,1,02,09,17,274,38,10,51,165,43*67
$GIGSV,1,1,02,09,17,274,38,10,51,165,43*67
$GIGSV,1,1,02,09,17,274,38,10,51,165,43*67
$GIGSV,1,1,02,09,17,274,38,10,51,165,43*67
$GIGSV,1,1,02,09,17,274,38,10,51,165,43*67
$GIGSV,1,1,02,09,17,274,38,10,51,165,43*67
$GIGSV,1,1,02,09,17,274,38,10,51,165,43*67
$GIGSV,1,1,02,09,17,274,38,10,51,165,43*67
$GIGSV,1,1,02,09,17,274,38,10,51,165,43*67
$GIGSV,1,1,02,09,17,274,38,10,51,165,43*67
$GIGSV,1,1,02,09,17,274,38,10,51,165,43*67
$GIGSV,1,1,02,09,17,274,38,10,51,165,43*67
$GIGSV,1,1,02,09,17,274,38,10,51,165,43*67
$GIGSV,1,1,02,09,17,274,38,10,51,165,43*67
$GIGSV,1,1,02,09,17,274,38,10,51,165,43*67
$GIGSV,1,1,02,09,17,274,38,10,51,165,43*67
$GIGSV,1,1,02,09,17,274,38,10,51,165,43*67
$GIGSV,1,1,02,09,17,274,38,10,51,165,43*67
$GIGSV,1,1,02,09,17,274,38,10,51,165,43*67
$GIGSV,1,1,02,09,17,274,38,10,51,165,43*67
$GIGSV,1,1,02,09,17,274,38,10,51,165,43*67
$GIGSV,1,1,02,09,17,274,38,10,51,165,43*67
$GIGSV,1,1,02,09,17,274,38,10,51,165,43*67
$GIGSV,1,1,02,09,17,274,38,10,51,165,43*67
$GIGSV,1,1,02,09,17,274,38,10,51,165,43*67
$GIGSV,1,1,02,09,17,274,38,10,51,165,43*67
$GIGSV,1,1,02,09,17,274,38,10,51,165,43*67
$GIGSV,1,1,02,09,17,274,38,10,51,165,43*67
$GIGSV,1,1,02,09,17,274,38,10,51,165,43*67
$GIGSV,1,1,02,09,17,274,38,10,51,165,43*67
$GIGSV,1,1,02,09,17,274,38,10,51,165,43*67
$GIGSV,1,1,02,09,17,274,38,10,51,165,43*67
$GIGSV,1,1,02,09,17,274,38,10,51,165,43*67
$GIGSV,1,1,02,09,17,274,38,10,51,165,43*67
$GIGSV,1,1,02,09,17,274,38,10,51,165,43*67
$GIGSV,1,1,02,09,17,274,38,10,51,165,43*67
$GIGSV,1,1,02,09,17,274,38,10,51,165,42*66
$GIGSV,1,1,02,09,17,274,38,10,51,165,42*66
$GIGSV,1,1,02,09,17,274,38,10,51,165,42*66
$GIGSV,1,1,02,09,17,274,38,10,51,165,42*66
$GIGSV,1,1,02,09,17,274,38,10,51,165,42*66
$GIGSV,1,1,02,09,17,274,38,10,51,165,43*67
$GIGSV,1,1,02,09,17,274,38,10,51,165,43*67
$GIGSV,1,1,02,09,17,274,38,10,51,165,43*67
$GIGSV,1,1,02,09,17,274,38,10,51,165,43*67
$GIGSV,1,1,02,09,17,274,38,10,51,165,43*67
$GIGSV,1,1,02,09,17,274,38,10,51,165,43*67
$GIGSV,1,1,02,09,17,274,38,10,51,165,43*67
$GIGSV,1,1,02,09,17,274,38,10,51,165,43*67
$GIGSV,1,1,02,09,17,274,38,10,51,165,43*67
$GIGSV,1,1,02,09,17,274,38,10,51,165,43*67
$GIGSV,1,1,02,09,17,274,38,10,51,165,43*67
$GIGSV,1,1,02,09,17,274,38,10,51,165,42*66
$GIGSV,1,1,02,09,17,274,38,10,51,165,42*66
$GIGSV,1,1,02,09,17,274,38,10,51,165,42*66
$GIGSV,1,1,02,09,17,274,38,10,51,165,42*66
$GIGSV,1,1,02,09,17,274,38,10,51,165,42*66
$GIGSV,1,1,02,09,17,274,38,10,51,165,42*66
$GIGSV,1,1,02,09,17,274,38,10,51,165,42*66
$GIGSV,1,1,02,09,17,274,38,10,51,165,42*66
$GIGSV,1,1,02,09,17,274,38,10,51,165,42*66
$GIGSV,1,1,02,09,17,274,38,10,51,165,42*66
$GIGSV,1,1,02,09,17,274,38,10,51,165,42*66
$GIGSV,1,1,02,09,17,274,38,10,51,165,42*66
$GIGSV,1,1,02,09,17,274,38,10,51,165,42*66
$GIGSV,1,1,02,09,17,274,38,10,51,165,42*66
$GIGSV,1,1,02,09,17,274,38,10,51,165,42*66
$GIGSV,1,1,02,09,17,274,38,10,51,165,42*66
$GIGSV,1,1,02,09,17,274,38,10,51,165,42*66
$GIGSV,1,1,02,09,17,274,38,10,51,165,42*66
$GIGSV,1,1,02,09,17,274,38,10,51,165,42*66
$GIGSV,1,1,02,09,17,274,38,10,51,165,42*66
$GIGSV,1,1,02,09,17,274,38,10,51,165,42*66
$GIGSV,1,1,02,09,17,274,38,10,51,165,42*66
$GIGSV,1,1,02,09,17,274,38,10,51,165,42*66
$GIGSV,1,1,02,09,17,274,38,10,51,165,42*66
$GIGSV,1,1,02,09,17,274,39,10,51,165,42*67
$GIGSV,1,1,02,09,17,274,39,10,51,165,42*67
$GIGSV,1,1,02,09,17,274,39,10,51,165,42*67
$GIGSV,1,1,02,09,17,274,39,10,51,165,42*67
$GIGSV,1,1,02,09,17,274,39,10,51,165,42*67
$GIGSV,1,1,02,09,17,274,39,10,51,165,42*67
$GIGSV,1,1,02,09,17,274,39,10,51,165,42*67
$GIGSV,1,1,02,09,17,274,39,10,51,165,42*67
$GIGSV,1,1,02,09,17,274,39,10,51,165,42*67
$GIGSV,1,1,02,09,17,274,39,10,51,165,42*67
$GIGSV,1,1,02,09,17,274,39,10,51,165,42*67
$GIGSV,1,1,02,09,17,274,39,10,51,165,42*67
$GIGSV,1,1,02,09,17,274,39,10,51,165,42*67
$GIGSV,1,1,02,09,17,274,39,10,51,165,43*66
$GIGSV,1,1,02,09,17,274,39,10,51,165,43*66
$GIGSV,1,1,02,09,17,274,39,10,51,165,43*66
$GIGSV,1,1,02,09,17,274,39,10,51,165,43*66
$GIGSV,1,1,02,09,17,274,39,10,51,165,43*66
$GIGSV,1,1,02,09,17,274,39,10,51,165,43*66
$GIGSV,1,1,02,09,17,274,39,10,51,165,43*66
$GIGSV,1,1,02,09,17,274,39,10,51,165,43*66
$GIGSV,1,1,02,09,17,274,39,10,51,165,43*66
$GIGSV,1,1,02,09,17,274,39,10,51,165,43*66
$GIGSV,1,1,02,09,17,274,39,10,51,165,43*66
$GIGSV,1,1,02,09,17,274,39,10,51,165,43*66
$GIGSV,1,1,02,09,17,274,39,10,51,165,43*66
$GIGSV,1,1,02,09,17,274,39,10,51,165,43*66
$GIGSV,1,1,02,09,17,274,39,10,51,165,43*66
$GIGSV,1,1,02,09,17,274,39,10,51,165,43*66
$GIGSV,1,1,02,09,17,274,39,10,51,165,43*66
$GIGSV,1,1,02,09,17,274,39,10,51,165,43*66
$GIGSV,1,1,02,09,17,274,39,10,51,165,43*66
$GIGSV,1,1,02,09,17,274,39,10,51,165,42*67
$GIGSV,1,1,02,09,17,274,39,10,51,165,42*67
$GIGSV,1,1,02,09,17,274,39,10,51,165,42*67
$GIGSV,1,1,02,09,17,274,39,10,51,165,42*67
$GIGSV,1,1,02,09,17,274,39,10,51,165,43*66
$GIGSV,1,1,02,09,17,274,39,10,51,165,43*66
$GIGSV,1,1,02,09,17,274,39,10,51,165,43*66
$GIGSV,1,1,02,09,17,274,39,10,51,165,43*66
$GIGSV,1,1,02,09,17,274,39,10,51,165,43*66
$GIGSV,1,1,02,09,17,274,39,10,51,165,43*66
$GIGSV,1,1,02,09,17,274,39,10,51,165,43*66
$GIGSV,1,1,02,09,17,274,39,10,51,165,43*66
$GIGSV,1,1,02,09,17,274,39,10,51,165,43*66
$GIGSV,1,1,02,09,17,274,39,10,51,165,43*66
$GIGSV,1,1,02,09,17,274,39,10,51,165,43*66
$GIGSV,1,1,02,09,17,274,39,10,51,165,43*66
$GIGSV,1,1,02,09,17,274,39,10,51,165,43*66
$GIGSV,1,1,02,09,17,274,39,10,51,165,43*66
$GIGSV,1,1,02,09,17,274,39,10,51,165,43*66
$GIGSV,1,1,02,09,17,274,39,10,51,165,43*66
$GIGSV,1,1,02,09,17,274,39,10,51,165,43*66
$GIGSV,1,1,02,09,17,274,39,10,51,165,43*66
$GIGSV,1,1,02,09,17,274,39,10,51,165,43*66
$GIGSV,1,1,02,09,17,274,39,10,51,165,43*66
$GIGSV,1,1,02,09,17,274,39,10,51,165,43*66
$GIGSV,1,1,02,09,17,274,39,10,51,165,43*66
$GIGSV,1,1,02,09,17,274,39,10,51,165,43*66
$GIGSV,1,1,02,09,17,274,39,10,51,165,43*66
$GIGSV,1,1,02,09,17,274,39,10,51,165,43*66
$GIGSV,1,1,02,09,17,274,39,10,51,165,43*66
$GIGSV,1,1,02,09,17,274,39,10,51,165,43*66
$GIGSV,1,1,02,09,17,274,39,10,51,165,43*66
$GIGSV,1,1,02,09,17,274,40,10,51,165,43*68
$GIGSV,1,1,02,09,17,274,40,10,51,165,43*68
$GIGSV,1,1,02,09,17,274,40,10,51,165,43*68
$GIGSV,1,1,02,09,17,274,40,10,51,165,43*68
$GIGSV,1,1,02,09,17,274,39,10,51,165,43*66
$GIGSV,1,1,02,09,17,274,39,10,51,165,43*66
$GIGSV,1,1,02,09,17,274,39,10,51,165,43*66
$GIGSV,1,1,02,09,17,274,39,10,51,165,43*66
$GIGSV,1,1,02,09,17,274,39,10,51,165,43*66
$GIGSV,1,1,02,09,17,274,39,10,51,165,43*66
$GIGSV,1,1,02,09,17,274,39,10,51,165,43*66
$GIGSV,1,1,02,09,17,274,40,10,51,165,43*68
$GIGSV,1,1,02,09,17,274,40,10,51,165,43*68
$GIGSV,1,1,02,09,17,274,40,10,51,165,43*68
$GIGSV,1,1,02,09,17,274,40,10,51,165,43*68
$GIGSV,1,1,02,09,17,274,40,10,51,165,43*68
$GIGSV,1,1,02,09,17,274,40,10,51,165,43*68
$GIGSV,1,1,02,09,17,274,40,10,51,165,43*68
$GIGSV,1,1,02,09,17,274,40,10,51,165,43*68
$GIGSV,1,1,02,09,17,274,39,10,51,165,43*66
$GIGSV,1,1,02,09,17,274,39,10,51,165,43*66
$GIGSV,1,1,02,09,17,274,39,10,51,165,43*66
$GIGSV,1,1,02,09,17,274,39,10,51,165,43*66
$GIGSV,1,1,02,09,17,274,39,10,51,165,43*66
$GIGSV,1,1,02,09,17,274,39,10,51,165,43*66
$GIGSV,1,1,02,09,17,274,39,10,51,165,43*66
$GIGSV,1,1,02,09,17,274,39,10,51,165,43*66
$GIGSV,1,1,02,09,17,274,39,10,51,165,43*66
$GIGSV,1,1,02,09,17,274,39,10,51,165,43*66
$GIGSV,1,1,02,09,17,274,39,10,51,165,43*66
$GIGSV,1,1,02,09,17,274,39,10,51,165,43*66
$GIGSV,1,1,02,09,17,274,39,10,51,165,43*66
$GIGSV,1,1,02,09,17,274,39,10,51,165,43*66
$GIGSV,1,1,02,09,17,274,40,10,51,165,43*68
$GIGSV,1,1,02,09,17,274,40,10,51,165,43*68
$GIGSV,1,1,02,09,17,274,39,10,51,165,43*66
$GIGSV,1,1,02,09,17,274,39,10,51,165,43*66
$GIGSV,1,1,02,09,17,274,39,10,51,165,43*66
$GIGSV,1,1,02,09,17,274,39,10,51,165,43*66
$GIGSV,1,1,02,09,17,274,39,10,51,165,43*66
$GIGSV,1,1,02,09,17,274,39,10,51,165,43*66
$GIGSV,1,1,02,09,17,274,39,10,51,165,43*66
$GIGSV,1,1,02,09,17,274,39,10,51,165,43*66
$GIGSV,1,1,02,09,17,274,39,10,51,165,43*66
$GIGSV,1,1,02,09,17,274,39,10,51,165,43*66
$GIGSV,1,1,02,09,17,274,39,10,51,165,43*66
$GIGSV,1,1,02,09,17,274,39,10,51,165,43*66
$GIGSV,1,1,02,09,17,274,39,10,51,165,43*66
$GIGSV,1,1,02,09,17,274,39,10,51,165,43*66
$GIGSV,1,1,02,09,17,274,39,10,51,165,43*66
$GIGSV,1,1,02,09,17,274,39,10,51,165,43*66
$GIGSV,1,1,02,09,17,274,39,10,51,165,43*66
$GIGSV,1,1,02,09,17,274,39,10,51,165,43*66
$GIGSV,1,1,02,09,17,274,39,10,51,165,43*66
$GIGSV,1,1,02,09,17,274,39,10,51,165,43*66
$GIGSV,1,1,02,09,17,274,39,10,51,165,43*66
$GIGSV,1,1,02,09,17,274,39,10,51,165,43*66
$GIGSV,1,1,02,09,17,274,39,10,51,165,43*66
$GIGSV,1,1,02,09,17,274,39,10,51,165,43*66
$GIGSV,1,1,02,09,17,274,39,10,51,165,43*66
$GIGSV,1,1,02,09,17,274,39,10,51,165,43*66
$GIGSV,1,1,02,09,17,274,39,10,51,165,43*66
$GIGSV,1,1,02,09,17,274,39,10,51,165,43*66
$GIGSV,1,1,02,09,17,274,39,10,51,165,43*66
$GIGSV,1,1,02,09,17,274,39,10,51,165,43*66
$GIGSV,1,1,02,09,17,274,39,10,51,165,43*66
$GIGSV,1,1,02,09,17,274,39,10,51,165,43*66
$GIGSV,1,1,02,09,17,274,39,10,51,165,43*66
$GIGSV,1,1,02,09,17,274,39,10,51,165,43*66
$GIGSV,1,1,02,09,17,274,39,10,51,165,43*66
$GIGSV,1,1,02,09,17,274,39,10,51,165,43*66
$GIGSV,1,1,02,09,17,274,39,10,51,165,43*66
$GIGSV,1,1,02,09,17,274,39,10,51,165,43*66
$GIGSV,1,1,02,09,17,274,39,10,51,165,43*66
$GIGSV,1,1,02,09,17,274,39,10,51,165,43*66
$GIGSV,1,1,02,09,17,274,39,10,51,165,43*66
$GIGSV,1,1,02,09,17,274,39,10,51,165,43*66
$GIGSV,1,1,02,09,17,274,39,10,51,165,43*66
$GIGSV,1,1,02,09,17,274,39,10,51,165,43*66
$GIGSV,1,1,02,09,17,274,39,10,51,165,43*66
$GIGSV,1,1,02,09,17,274,39,10,51,165,43*66
$GIGSV,1,1,02,09,17,274,39,10,51,165,43*66
$GIGSV,1,1,02,09,17,274,39,10,51,165,43*66
$GIGSV,1,1,02,09,17,274,39,10,51,165,43*66
$GIGSV,1,1,02,09,17,274,39,10,51,165,43*66
$GIGSV,1,1,02,09,17,274,39,10,51,165,43*66
$GIGSV,1,1,02,09,17,274,39,10,51,165,43*66
$GIGSV,1,1,02,09,17,274,39,10,51,165,43*66
$GIGSV,1,1,02,09,17,274,39,10,51,165,43*66
$GIGSV,1,1,02,09,17,274,39,10,51,165,43*66
$GIGSV,1,1,02,09,17,274,39,10,51,165,43*66
$GIGSV,1,1,02,09,17,274,39,10,51,165,43*66
$GIGSV,1,1,02,09,17,274,39,10,51,165,43*66
$GIGSV,1,1,02,09,17,274,39,10,51,165,43*66
$GIGSV,1,1,02,09,17,274,39,10,51,165,43*66
$GIGSV,1,1,02,09,17,274,39,10,51,165,43*66
$GIGSV,1,1,02,09,17,274,39,10,51,165,43*66
$GIGSV,1,1,02,09,17,274,39,10,51,165,43*66
$GIGSV,1,1,02,09,17,274,39,10,51,165,43*66
$GIGSV,1,1,02,09,17,274,39,10,51,165,43*66
$GIGSV,1,1,02,09,17,274,39,10,51,165,43*66
$GIGSV,1,1,02,09,17,274,39,10,51,165,43*66
$GIGSV,1,1,02,09,17,274,39,10,51,165,43*66
$GIGSV,1,1,02,09,17,274,39,10,51,165,43*66
$GIGSV,1,1,02,09,17,274,39,10,51,165,43*66
$GIGSV,1,1,02,09,17,274,39,10,51,165,43*66
$GIGSV,1,1,02,09,17,274,39,10,51,165,43*66
$GIGSV,1,1,02,09,17,274,39,10,51,165,43*66
$GIGSV,1,1,02,09,17,274,39,10,51,165,43*66
$GIGSV,1,1,02,09,17,274,39,10,51,165,43*66
$GIGSV,1,1,02,09,17,274,39,10,51,165,43*66
$GIGSV,1,1,02,09,17,274,39,10,51,165,43*66
$GIGSV,1,1,02,09,17,274,39,10,51,165,43*66
$GIGSV,1,1,02,09,17,274,39,10,51,165,43*66
$GIGSV,1,1,02,09,17,274,39,10,51,165,43*66
$GIGSV,1,1,02,09,17,274,39,10,51,165,43*66
$GIGSV,1,1,02,09,17,274,39,10,51,165,43*66
$GIGSV,1,1,02,09,17,274,39,10,51,165,43*66
$GIGSV,1,1,02,09,17,274,39,10,51,165,43*66
$GIGSV,1,1,02,09,17,274,39,10,51,165,43*66
$GIGSV,1,1,02,09,17,274,39,10,51,165,43*66
$GIGSV,1,1,02,09,17,274,39,10,51,165,43*66
$GIGSV,1,1,02,09,17,274,39,10,51,165,43*66
$GIGSV,1,1,02,09,17,274,39,10,51,165,43*66
$GIGSV,1,1,02,09,17,274,39,10,51,165,43*66
$GIGSV,1,1,02,09,17,274,39,10,51,165,43*66
$GIGSV,1,1,02,09,17,274,39,10,51,165,43*66
$GIGSV,1,1,02,09,17,274,39,10,51,165,43*66
$GIGSV,1,1,02,09,17,274,39,10,51,165,43*66
$GIGSV,1,1,02,09,17,274,39,10,51,165,43*66
$GIGSV,1,1,02,09,17,274,39,10,51,165,43*66
$GIGSV,1,1,02,09,17,274,39,10,51,165,43*66
$GIGSV,1,1,02,09,17,274,39,10,51,165,43*66
$GIGSV,1,1,02,09,17,274,39,10,51,165,43*66
$GIGSV,1,1,02,09,17,274,39,10,51,165,43*66
$GIGSV,1,1,02,09,17,274,39,10,51,165,43*66
$GIGSV,1,1,02,09,17,274,39,10,51,165,43*66
$GIGSV,1,1,02,09,17,274,39,10,51,165,43*66
$GIGSV,1,1,02,09,17,274,39,10,51,165,43*66
$GIGSV,1,1,02,09,17,274,39,10,51,165,43*66
$GIGSV,1,1,02,09,17,274,39,10,51,165,43*66
$GIGSV,1,1,02,09,17,274,39,10,51,165,43*66
$GIGSV,1,1,02,09,17,274,39,10,51,165,43*66
$GIGSV,1,1,02,09,17,274,39,10,51,165,43*66
$GIGSV,1,1,02,09,17,274,39,10,51,165,43*66
$GIGSV,1,1,02,09,17,274,39,10,51,165,43*66
$GIGSV,1,1,02,09,17,274,39,10,51,165,43*66
$GIGSV,1,1,02,09,17,274,39,10,51,165,43*66
$GIGSV,1,1,02,09,17,274,39,10,51,165,43*66
$GIGSV,1,1,02,09,17,274,39,10,51,165,43*66
$GIGSV,1,1,02,09,17,274,39,10,51,165,43*66
$GIGSV,1,1,02,09,17,274,39,10,51,165,43*66
$GIGSV,1,1,02,09,17,274,39,10,51,165,43*66
$GIGSV,1,1,02,09,17,274,39,10,51,165,43*66
$GIGSV,1,1,02,09,17,274,39,10,51,165,43*66
$GIGSV,1,1,02,09,17,274,39,10,51,165,43*66
$GIGSV,1,1,02,09,17,274,39,10,51,165,43*66
$GIGSV,1,1,02,09,17,274,39,10,51,165,43*66
$GIGSV,1,1,02,09,17,274,39,10,51,165,43*66
$GIGSV,1,1,02,09,17,274,39,10,51,165,43*66
$GIGSV,1,1,02,09,17,274,39,10,51,165,43*66
$GIGSV,1,1,02,09,17,274,39,10,51,165,43*66
$GIGSV,1,1,02,09,17,274,39,10,51,165,43*66
$GIGSV,1,1,02,09,17,274,39,10,51,165,43*66
$GIGSV,1,1,02,09,17,274,39,10,51,165,43*66
$GIGSV,1,1,02,09,17,274,39,10,51,165,43*66
$GIGSV,1,1,02,09,17,274,39,10,51,165,43*66
$GIGSV,1,1,02,09,17,274,39,10,51,165,43*66
$GIGSV,1,1,02,09,17,274,39,10,51,165,43*66
$GIGSV,1,1,02,09,17,274,39,10,51,165,43*66
$GIGSV,1,1,02,09,17,274,39,10,51,165,43*66
$GIGSV,1,1,02,09,17,274,39,10,51,165,43*66
$GIGSV,1,1,02,09,17,274,39,10,51,165,43*66
$GIGSV,1,1,02,09,17,274,39,10,51,165,43*66
$GIGSV,1,1,02,09,17,274,39,10,51,165,43*66
$GIGSV,1,1,02,09,17,274,39,10,51,165,43*66
$GIGSV,1,1,02,09,17,274,39,10,51,165,43*66
$GIGSV,1,1,02,09,17,274,39,10,51,165,43*66
$GIGSV,1,1,02,09,17,274,39,10,51,165,43*66
$GIGSV,1,1,02,09,17,274,39,10,51,165,43*66
$GIGSV,1,1,02,09,17,274,39,10,51,165,43*66
$GIGSV,1,1,02,09,17,274,39,10,51,165,43*66
$GIGSV,1,1,02,09,17,274,39,10,51,165,43*66
$GIGSV,1,1,02,09,17,274,39,10,51,165,43*66
$GIGSV,1,1,02,09,17,274,39,10,51,165,43*66
$GIGSV,1,1,02,09,17,274,39,10,51,165,43*66
$GIGSV,1,1,02,09,17,274,39,10,51,165,43*66
$GIGSV,1,1,02,09,17,274,39,10,51,165,43*66
$GIGSV,1,1,02,09,17,274,39,10,51,165,43*66
$GIGSV,1,1,02,09,17,274,39,10,51,165,43*66
$GIGSV,1,1,02,09,17,274,39,10,51,165,43*66
$GIGSV,1,1,02,09,17,274,39,10,51,165,43*66
$GIGSV,1,1,02,09,17,274,39,10,51,165,43*66
$GIGSV,1,1,02,09,17,274,39,10,51,165,43*66
$GIGSV,1,1,02,09,17,274,39,10,51,165,42*67
$GIGSV,1,1,02,09,17,274,39,10,51,165,42*67
$GIGSV,1,1,02,09,17,274,39,10,51,165,42*67
$GIGSV,1,1,02,09,17,274,39,10,51,165,42*67
$GIGSV,1,1,02,09,17,274,39,10,51,165,42*67
$GIGSV,1,1,02,09,17,274,39,10,51,165,42*67
$GIGSV,1,1,02,09,17,274,39,10,51,165,42*67
$GIGSV,1,1,02,09,17,274,39,10,51,165,42*67
$GIGSV,1,1,02,09,17,274,39,10,51,165,42*67
$GIGSV,1,1,02,09,17,274,39,10,51,165,42*67
$GIGSV,1,1,02,09,17,274,39,10,51,165,42*67
$GIGSV,1,1,02,09,17,274,39,10,51,165,42*67
$GIGSV,1,1,02,09,17,274,40,10,51,165,42*69
$GIGSV,1,1,02,09,17,274,40,10,51,165,42*69
$GIGSV,1,1,02,09,17,274,40,10,51,165,42*69
$GIGSV,1,1,02,09,17,274,40,10,51,165,42*69
$GIGSV,1,1,02,09,17,274,40,10,51,165,42*69
$GIGSV,1,1,02,09,17,274,40,10,51,165,42*69
$GIGSV,1,1,02,09,17,274,40,10,51,165,42*69
$GIGSV,1,1,02,09,17,274,40,10,51,165,42*69
$GIGSV,1,1,02,09,17,274,40,10,51,165,42*69
$GIGSV,1,1,02,09,17,274,40,10,51,165,41*6A
$GIGSV,1,1,02,09,17,274,40,10,51,165,41*6A
$GIGSV,1,1,02,09,17,274,40,10,51,165,41*6A
$GIGSV,1,1,02,09,17,274,40,10,51,165,41*6A
$GIGSV,1,1,02,09,17,274,39,10,51,165,41*64
$GIGSV,1,1,02,09,17,274,39,10,51,165,41*64
$GIGSV,1,1,02,09,17,274,39,10,51,165,41*64
$GIGSV,1,1,02,09,17,274,39,10,51,165,41*64
$GIGSV,1,1,02,09,17,274,39,10,51,165,41*64
$GIGSV,1,1,02,09,17,274,39,10,51,165,42*67
$GIGSV,1,1,02,09,17,274,40,10,51,165,42*69
$GIGSV,1,1,02,09,17,274,40,10,51,165,42*69
$GIGSV,1,1,02,09,17,274,40,10,51,165,42*69
$GIGSV,1,1,02,09,17,274,40,10,51,165,42*69
$GIGSV,1,1,02,09,17,274,40,10,51,165,42*69
$GIGSV,1,1,02,09,17,274,40,10,51,165,42*69
$GIGSV,1,1,02,09,17,274,40,10,51,165,42*69
$GIGSV,1,1,02,09,17,274,39,10,51,165,42*67
$GIGSV,1,1,02,09,17,274,39,10,51,165,42*67
$GIGSV,1,1,02,09,17,274,39,10,51,165,42*67
$GIGSV,1,1,02,09,17,274,39,10,51,165,42*67
$GIGSV,1,1,02,09,17,274,39,10,51,165,42*67
$GIGSV,1,1,02,09,17,274,39,10,51,165,42*67
$GIGSV,1,1,02,09,17,274,39,10,51,165,42*67
$GIGSV,1,1,02,09,17,274,39,10,51,165,42*67
$GIGSV,1,1,02,09,17,274,39,10,51,165,42*67
$GIGSV,1,1,02,09,17,274,39,10,51,165,42*67
$GIGSV,1,1,02,09,17,274,39,10,51,165,42*67
$GIGSV,1,1,02,09,17,274,39,10,51,165,42*67
$GIGSV,1,1,02,09,17,274,39,10,51,165,43*66
$GIGSV,1,1,02,09,17,274,39,10,51,165,43*66
$GIGSV,1,1,02,09,17,274,40,10,51,165,43*68
$GIGSV,1,1,02,09,17,274,40,10,51,165,43*68
$GIGSV,1,1,02,09,17,274,40,10,51,165,43*68
$GIGSV,1,1,02,09,17,274,40,10,51,165,43*68
$GIGSV,1,1,02,09,17,274,40,10,51,165,43*68
$GIGSV,1,1,02,09,17,274,40,10,51,165,43*68
$GIGSV,1,1,02,09,17,274,40,10,51,165,43*68
$GIGSV,1,1,02,09,17,274,40,10,51,165,43*68
$GIGSV,1,1,02,09,17,274,40,10,51,165,43*68
$GIGSV,1,1,02,09,17,274,40,10,51,165,43*68
$GIGSV,1,1,02,09,17,274,40,10,51,165,43*68
$GIGSV,1,1,02,09,17,274,40,10,51,165,43*68
$GIGSV,1,1,02,09,17,274,40,10,51,165,43*68
$GIGSV,1,1,02,09,17,274,40,10,51,165,43*68
$GIGSV,1,1,02,09,17,274,41,10,51,165,43*69
$GIGSV,1,1,02,09,17,274,41,10,51,165,43*69
$GIGSV,1,1,02,09,17,274,41,10,51,165,43*69
$GIGSV,1,1,02,09,17,274,41,10,51,165,43*69
$GIGSV,1,1,02,09,17,274,41,10,51,165,43*69
$GIGSV,1,1,02,09,17,274,41,10,51,165,43*69
$GIGSV,1,1,02,09,17,274,41,10,51,165,43*69
$GIGSV,1,1,02,09,17,274,41,10,51,165,43*69
$GIGSV,1,1,02,09,17,274,41,10,51,165,43*69
$GIGSV,1,1,02,09,17,274,41,10,51,165,43*69
$GIGSV,1,1,02,09,17,274,41,10,51,165,43*69
$GIGSV,1,1,02,09,17,274,41,10,51,165,43*69
$GIGSV,1,1,02,09,17,274,41,10,51,165,43*69
$GIGSV,1,1,02,09,17,274,42,10,51,165,43*6A
$GIGSV,1,1,02,09,17,274,42,10,51,165,43*6A
$GIGSV,1,1,02,09,17,274,42,10,51,165,43*6A
$GIGSV,1,1,02,09,17,274,42,10,51,165,43*6A
$GIGSV,1,1,02,09,17,274,42,10,51,165,43*6A
$GIGSV,1,1,02,09,17,274,42,10,51,165,43*6A
$GIGSV,1,1,02,09,17,274,42,10,51,165,43*6A
$GIGSV,1,1,02,09,17,274,42,10,51,165,43*6A
$GIGSV,1,1,02,09,17,274,42,10,51,165,43*6A
$GIGSV,1,1,02,09,17,274,42,10,51,165,43*6A
$GIGSV,1,1,02,09,17,274,42,10,51,165,43*6A
$GIGSV,1,1,02,09,17,274,42,10,51,165,43*6A
$GIGSV,1,1,02,09,17,274,42,10,51,165,43*6A
$GIGSV,1,1,02,09,17,274,42,10,51,165,43*6A
$GIGSV,1,1,02,09,17,274,42,10,51,165,43*6A
$GIGSV,1,1,02,09,17,274,42,10,51,165,43*6A
$GIGSV,1,1,02,09,17,274,42,10,51,165,43*6A
$GIGSV,1,1,02,09,17,274,42,10,51,165,43*6A
$GIGSV,1,1,02,09,17,274,42,10,51,165,43*6A
$GIGSV,1,1,02,09,17,274,42,10,51,165,43*6A
$GIGSV,1,1,02,09,17,274,42,10,51,165,43*6A
$GIGSV,1,1,02,09,17,274,42,10,51,165,43*6A
$GIGSV,1,1,02,09,17,274,42,10,51,165,43*6A
$GIGSV,1,1,02,09,17,274,42,10,51,165,43*6A
$GIGSV,1,1,02,09,17,274,42,10,51,165,43*6A
$GIGSV,1,1,02,09,17,274,42,10,51,165,43*6A
$GIGSV,1,1,02,09,17,274,41,10,51,165,43*69
$GIGSV,1,1,02,09,17,274,41,10,51,165,43*69
$GIGSV,1,1,02,09,17,274,41,10,51,165,43*69
$GIGSV,1,1,02,09,17,274,41,10,51,165,43*69
$GIGSV,1,1,02,09,17,274,41,10,51,165,43*69
$GIGSV,1,1,02,09,17,274,41,10,51,165,43*69
$GIGSV,1,1,02,09,17,274,42,10,51,165,43*6A
$GIGSV,1,1,02,09,17,274,42,10,51,165,43*6A
$GIGSV,1,1,02,09,17,274,41,10,51,165,43*69
$GIGSV,1,1,02,09,17,274,41,10,51,165,43*69
$GIGSV,1,1,02,09,17,274,41,10,51,165,43*69
$GIGSV,1,1,02,09,17,274,41,10,51,165,43*69
$GIGSV,1,1,02,09,17,274,41,10,51,165,43*69
$GIGSV,1,1,02,09,17,274,41,10,51,165,43*69
$GIGSV,1,1,02,09,17,274,41,10,51,165,43*69
$GIGSV,1,1,02,09,17,274,41,10,51,165,43*69
$GIGSV,1,1,02,09,17,274,41,10,51,165,43*69
$GIGSV,1,1,02,09,17,274,41,10,51,165,43*69
$GIGSV,1,1,02,09,17,274,41,10,51,165,43*69
$GIGSV,1,1,02,09,17,274,41,10,51,165,43*69
$GIGSV,1,1,02,09,17,274,41,10,51,165,43*69
$GIGSV,1,1,02,09,17,274,41,10,51,165,43*69
$GIGSV,1,1,02,09,17,274,41,10,51,165,43*69
$GIGSV,1,1,02,09,17,274,41,10,51,165,43*69
$GIGSV,1,1,02,09,17,274,41,10,51,165,43*69
$GIGSV,1,1,02,09,17,274,41,10,51,165,43*69
$GIGSV,1,1,02,09,17,274,41,10,51,165,43*69
$GIGSV,1,1,02,09,17,274,41,10,51,165,43*69
$GIGSV,1,1,02,09,17,274,41,10,51,165,43*69
$GIGSV,1,1,02,09,17,274,41,10,51,165,43*69
$GIGSV,1,1,02,09,17,274,41,10,51,165,43*69
$GIGSV,1,1,02,09,17,274,41,10,51,165,43*69
$GIGSV,1,1,02,09,17,274,41,10,51,165,43*69
$GIGSV,1,1,02,09,17,274,41,10,51,165,43*69
$GIGSV,1,1,02,09,17,274,41,10,51,165,43*69
$GIGSV,1,1,02,09,17,274,41,10,51,165,43*69
$GIGSV,1,1,02,09,17,274,41,10,51,165,43*69
$GIGSV,1,1,02,09,17,274,41,10,51,165,43*69
$GIGSV,1,1,02,09,17,274,41,10,51,165,43*69
$GIGSV,1,1,02,09,17,274,41,10,51,165,43*69
$GIGSV,1,1,02,09,17,274,41,10,51,165,43*69
$GIGSV,1,1,02,09,17,274,41,10,51,165,43*69
$GIGSV,1,1,02,09,17,274,41,10,51,165,43*69
$GIGSV,1,1,02,09,17,274,40,10,51,165,43*68
$GIGSV,1,1,02,09,17,274,40,10,51,165,43*68
$GIGSV,1,1,02,09,17,274,40,10,51,165,43*68
$GIGSV,1,1,02,09,17,274,40,10,51,165,43*68
$GIGSV,1,1,02,09,17,274,40,10,51,165,43*68
$GIGSV,1,1,02,09,17,274,40,10,51,165,43*68
$GIGSV,1,1,02,09,17,274,40,10,51,165,43*68
$GIGSV,1,1,02,09,17,274,40,10,51,165,43*68
$GIGSV,1,1,02,09,17,274,40,10,51,165,43*68
$GIGSV,1,1,02,09,17,274,40,10,51,165,43*68
$GIGSV,1,1,02,09,17,274,40,10,51,165,43*68
$GIGSV,1,1,02,09,17,274,40,10,51,165,43*68
$GIGSV,1,1,02,09,17,274,40,10,51,165,43*68
$GIGSV,1,1,02,09,17,274,40,10,51,165,43*68
$GIGSV,1,1,02,09,17,274,40,10,51,165,43*68
$GIGSV,1,1,02,09,17,274,40,10,51,165,43*68
$GIGSV,1,1,02,09,17,274,40,10,51,165,43*68
$GIGSV,1,1,02,09,17,274,40,10,51,165,43*68
$GIGSV,1,1,02,09,17,274,40,10,51,165,43*68
$GIGSV,1,1,02,09,17,274,40,10,51,165,43*68
$GIGSV,1,1,02,09,17,274,40,10,51,165,43*68
$GIGSV,1,1,02,09,17,274,40,10,51,165,43*68
$GIGSV,1,1,02,09,17,274,40,10,51,165,43*68
$GIGSV,1,1,02,09,17,274,40,10,51,165,43*68
$GIGSV,1,1,02,09,17,274,40,10,51,165,43*68
$GIGSV,1,1,02,09,17,274,40,10,51,165,43*68
$GIGSV,1,1,02,09,17,274,40,10,51,165,43*68
$GIGSV,1,1,02,09,17,274,40,10,51,165,43*68
$GIGSV,1,1,02,09,17,274,40,10,51,165,43*68
$GIGSV,1,1,02,09,17,274,40,10,51,165,43*68
$GIGSV,1,1,02,09,17,274,40,10,51,165,43*68
$GIGSV,1,1,02,09,17,274,40,10,51,165,43*68
$GIGSV,1,1,02,09,17,274,40,10,51,165,43*68
$GIGSV,1,1,02,09,17,274,40,10,51,165,43*68
$GIGSV,1,1,02,09,17,274,40,10,51,165,43*68
$GIGSV,1,1,02,09,17,274,40,10,51,165,43*68
$GIGSV,1,1,02,09,17,274,40,10,51,165,43*68
$GIGSV,1,1,02,09,17,274,40,10,51,165,43*68
$GIGSV,1,1,02,09,17,274,40,10,51,165,43*68
$GIGSV,1,1,02,09,17,274,40,10,51,165,43*68
$GIGSV,1,1,02,09,17,274,40,10,51,165,43*68
$GIGSV,1,1,02,09,17,274,40,10,51,165,43*68
$GIGSV,1,1,02,09,17,274,40,10,51,165,43*68
$GIGSV,1,1,02,09,17,274,40,10,51,165,43*68
$GIGSV,1,1,02,09,17,274,40,10,51,165,43*68
$GIGSV,1,1,02,09,17,274,40,10,51,165,43*68
$GIGSV,1,1,02,09,17,274,40,10,51,165,43*68
$GIGSV,1,1,02,09,17,274,40,10,51,165,43*68
$GIGSV,1,1,02,09,17,274,39,10,51,165,43*66
$GIGSV,1,1,02,09,17,274,39,10,51,165,43*66
$GIGSV,1,1,02,09,17,274,39,10,51,165,43*66
$GIGSV,1,1,02,09,17,274,39,10,51,165,43*66
$GIGSV,1,1,02,09,17,274,39,10,51,165,43*66
$GIGSV,1,1,02,09,17,274,39,10,51,165,43*66
$GIGSV,1,1,02,09,17,274,39,10,51,165,43*66
$GIGSV,1,1,02,09,17,274,39,10,51,165,43*66
$GIGSV,1,1,02,09,17,274,39,10,51,165,43*66
$GIGSV,1,1,02,09,17,274,39,10,51,165,43*66
$GIGSV,1,1,02,09,17,274,39,10,51,165,43*66
$GIGSV,1,1,02,09,17,274,39,10,51,165,43*66
$GIGSV,1,1,02,09,17,274,39,10,51,165,43*66
$GIGSV,1,1,02,09,17,274,39,10,51,165,43*66
$GIGSV,1,1,02,09,17,274,39,10,51,165,43*66
$GIGSV,1,1,02,09,17,274,39,10,51,165,43*66
$GIGSV,1,1,02,09,17,274,39,10,51,165,43*66
$GIGSV,1,1,02,09,17,274,39,10,51,165,43*66
$GIGSV,1,1,02,09,17,274,39,10,51,165,43*66
$GIGSV,1,1,02,09,17,274,39,10,51,165,43*66
$GIGSV,1,1,02,09,17,274,39,10,51,165,43*66
$GIGSV,1,1,02,09,17,274,39,10,51,165,43*66
$GIGSV,1,1,02,09,17,274,39,10,51,165,43*66
$GIGSV,1,1,02,09,17,274,39,10,51,165,43*66
$GIGSV,1,1,02,09,17,274,39,10,51,165,43*66
$GIGSV,1,1,02,09,17,274,39,10,51,165,43*66
$GIGSV,1,1,02,09,17,274,39,10,51,165,43*66
$GIGSV,1,1,02,09,17,274,39,10,51,165,43*66
$GIGSV,1,1,02,09,17,274,39,10,51,165,43*66
$GIGSV,1,1,02,09,17,274,39,10,51,165,43*66
$GIGSV,1,1,02,09,17,274,39,10,51,165,42*67
$GIGSV,1,1,02,09,17,274,39,10,51,165,42*67
$GIGSV,1,1,02,09,17,274,39,10,51,165,42*67
$GIGSV,1,1,02,09,17,274,39,10,51,165,42*67
$GIGSV,1,1,02,09,17,274,39,10,51,165,42*67
$GIGSV,1,1,02,09,17,274,38,10,51,165,42*66
$GIGSV,1,1,02,09,17,274,38,10,51,165,42*66
$GIGSV,1,1,02,09,17,274,38,10,51,165,42*66
$GIGSV,1,1,02,09,17,274,38,10,51,165,42*66
$GIGSV,1,1,02,09,17,274,38,10,51,165,42*66
$GIGSV,1,1,02,09,17,274,38,10,51,165,42*66
$GIGSV,1,1,02,09,17,274,38,10,51,165,42*66
$GIGSV,1,1,02,09,17,274,38,10,51,165,42*66
$GIGSV,1,1,02,09,17,274,38,10,51,165,42*66
$GIGSV,1,1,02,09,17,274,38,10,51,165,42*66
$GIGSV,1,1,02,09,17,274,38,10,51,165,42*66
$GIGSV,1,1,02,09,17,274,38,10,51,165,42*66
$GIGSV,1,1,02,09,17,274,38,10,51,165,42*66
$GIGSV,1,1,02,09,17,274,38,10,51,165,42*66
$GIGSV,1,1,02,09,17,274,38,10,51,165,42*66
$GIGSV,1,1,02,09,17,274,38,10,51,165,42*66
$GIGSV,1,1,02,09,17,274,38,10,51,165,42*66
$GIGSV,1,1,02,09,17,274,38,10,51,165,42*66
$GIGSV,1,1,02,09,17,274,38,10,51,165,42*66
$GIGSV,1,1,02,09,17,274,38,10,51,165,42*66
$GIGSV,1,1,02,09,17,274,38,10,51,165,42*66
$GIGSV,1,1,02,09,17,274,38,10,51,165,42*66
$GIGSV,1,1,02,09,17,274,38,10,51,165,42*66
$GIGSV,1,1,02,09,17,274,38,10,51,165,42*66
$GIGSV,1,1,02,09,17,274,38,10,51,165,42*66
$GIGSV,1,1,02,09,17,274,38,10,51,165,42*66
$GIGSV,1,1,02,09,17,274,38,10,51,165,42*66
$GIGSV,1,1,02,09,17,274,39,10,51,165,42*67
$GIGSV,1,1,02,09,17,274,39,10,51,165,42*67
$GIGSV,1,1,02,09,17,274,39,10,51,165,42*67
$GIGSV,1,1,02,09,17,274,39,10,51,165,42*67
$GIGSV,1,1,02,09,17,274,38,10,51,165,42*66
$GIGSV,1,1,02,09,17,274,38,10,51,165,42*66
$GIGSV,1,1,02,09,17,274,38,10,51,165,42*66
$GIGSV,1,1,02,09,17,274,38,10,51,165,42*66
$GIGSV,1,1,02,09,17,274,38,10,51,165,42*66
$GIGSV,1,1,02,09,17,274,38,10,51,165,42*66
$GIGSV,1,1,02,09,17,274,38,10,51,165,42*66
$GIGSV,1,1,02,09,17,274,38,10,51,165,42*66
$GIGSV,1,1,02,09,17,274,38,10,51,165,42*66
$GIGSV,1,1,02,09,17,274,38,10,51,165,42*66
$GIGSV,1,1,02,09,17,274,38,10,51,165,42*66
$GIGSV,1,1,02,09,17,274,38,10,51,165,42*66
$GIGSV,1,1,02,09,17,274,38,10,51,165,42*66
$GIGSV,1,1,02,09,17,274,38,10,51,165,42*66
$GIGSV,1,1,02,09,17,274,38,10,51,165,42*66
$GIGSV,1,1,02,09,17,274,38,10,51,165,42*66
$GIGSV,1,1,02,09,17,274,38,10,51,165,42*66
$GIGSV,1,1,02,09,17,274,38,10,51,165,42*66
$GIGSV,1,1,02,09,17,274,38,10,51,165,42*66
$GIGSV,1,1,02,09,17,274,38,10,51,165,42*66
$GIGSV,1,1,02,09,17,274,39,10,51,165,42*67
$GIGSV,1,1,02,09,17,274,39,10,51,165,42*67
$GIGSV,1,1,02,09,17,274,39,10,51,165,42*67
$GIGSV,1,1,02,09,17,274,39,10,51,165,42*67
$GIGSV,1,1,02,09,17,274,39,10,51,165,42*67
$GIGSV,1,1,02,09,17,274,39,10,51,165,42*67
$GIGSV,1,1,02,09,17,274,39,10,51,165,42*67
$GIGSV,1,1,02,09,17,274,39,10,51,165,42*67
$GIGSV,1,1,02,09,17,274,39,10,51,165,42*67
$GIGSV,1,1,02,09,17,274,39,10,51,165,42*67
$GIGSV,1,1,02,09,17,274,39,10,51,165,42*67
$GIGSV,1,1,02,09,17,274,39,10,51,165,42*67
$GIGSV,1,1,02,09,17,274,39,10,51,165,42*67
$GIGSV,1,1,02,09,17,274,39,10,51,165,42*67
$GIGSV,1,1,02,09,17,274,39,10,51,165,42*67
$GIGSV,1,1,02,09,17,274,39,10,51,165,42*67
$GIGSV,1,1,02,09,17,274,39,10,51,165,42*67
$GIGSV,1,1,02,09,17,274,39,10,51,165,42*67
$GIGSV,1,1,02,09,17,274,39,10,51,165,42*67
$GIGSV,1,1,02,09,17,274,39,10,51,165,42*67
$GIGSV,1,1,02,09,17,274,39,10,51,165,42*67
$GIGSV,1,1,02,09,17,274,39,10,51,165,42*67
$GIGSV,1,1,02,09,17,274,39,10,51,165,42*67
$GIGSV,1,1,02,09,17,274,39,10,51,165,42*67
$GIGSV,1,1,02,09,17,274,39,10,51,165,42*67
$GIGSV,1,1,02,09,17,274,39,10,51,165,42*67
$GIGSV,1,1,02,09,17,274,39,10,51,165,42*67
$GIGSV,1,1,02,09,17,274,39,10,51,165,42*67
$GIGSV,1,1,02,09,17,274,38,10,51,165,42*66
$GIGSV,1,1,02,09,17,274,38,10,51,165,42*66
$GIGSV,1,1,02,09,17,274,38,10,51,165,42*66
$GIGSV,1,1,02,09,17,274,39,10,51,165,42*67
$GIGSV,1,1,02,09,17,274,39,10,51,165,42*67
$GIGSV,1,1,02,09,17,274,39,10,51,165,42*67
$GIGSV,1,1,02,09,17,274,39,10,51,165,42*67
$GIGSV,1,1,02,09,17,274,39,10,51,165,42*67
$GIGSV,1,1,02,09,17,274,39,10,51,165,42*67
$GIGSV,1,1,02,09,17,274,39,10,51,165,42*67
$GIGSV,1,1,02,09,17,274,39,10,51,165,42*67
$GIGSV,1,1,02,09,17,274,39,10,51,165,42*67
$GIGSV,1,1,02,09,17,274,39,10,51,165,42*67
$GIGSV,1,1,02,09,17,274,39,10,51,165,42*67
$GIGSV,1,1,02,09,17,274,39,10,51,165,42*67
$GIGSV,1,1,02,09,17,274,39,10,51,165,42*67
$GIGSV,1,1,02,09,17,274,39,10,51,165,42*67
$GIGSV,1,1,02,09,17,274,39,10,51,165,42*67
$GIGSV,1,1,02,09,17,274,39,10,51,165,42*67
$GIGSV,1,1,02,09,17,274,39,10,51,165,42*67
$GIGSV,1,1,02,09,17,274,39,10,51,165,42*67
$GIGSV,1,1,02,09,17,274,39,10,51,165,42*67
$GIGSV,1,1,02,09,17,274,39,10,51,165,42*67
$GIGSV,1,1,02,09,17,274,39,10,51,165,42*67
$GIGSV,1,1,02,09,17,274,39,10,51,165,42*67
$GIGSV,1,1,02,09,17,274,39,10,51,165,42*67
$GIGSV,1,1,02,09,17,274,39,10,51,165,42*67
$GIGSV,1,1,02,09,17,274,39,10,51,165,42*67
$GIGSV,1,1,02,09,17,274,39,10,51,165,42*67
$GIGSV,1,1,02,09,17,274,39,10,51,165,42*67
$GIGSV,1,1,02,09,17,274,39,10,51,165,42*67
$GIGSV,1,1,02,09,17,274,39,10,51,165,42*67
$GIGSV,1,1,02,09,17,274,39,10,51,165,42*67
$GIGSV,1,1,02,09,17,274,39,10,51,165,42*67
$GIGSV,1,1,02,09,17,274,39,10,51,165,42*67
$GIGSV,1,1,02,09,17,274,39,10,51,165,42*67
$GIGSV,1,1,02,09,17,274,39,10,51,165,42*67
$GIGSV,1,1,02,09,17,274,39,10,51,165,43*66
$GIGSV,1,1,02,09,17,274,39,10,51,165,43*66
$GIGSV,1,1,02,09,17,274,39,10,51,165,43*66
$GIGSV,1,1,02,09,17,274,39,10,51,165,43*66
$GIGSV,1,1,02,09,17,274,39,10,51,165,43*66
$GIGSV,1,1,02,09,17,274,39,10,51,165,43*66
$GIGSV,1,1,02,09,17,274,39,10,51,165,43*66
$GIGSV,1,1,02,09,17,274,39,10,51,165,43*66
$GIGSV,1,1,02,09,17,274,39,10,51,165,43*66
$GIGSV,1,1,02,09,17,274,39,10,51,165,43*66
$GIGSV,1,1,02,09,17,274,39,10,51,165,43*66
$GIGSV,1,1,02,09,17,274,39,10,51,165,43*66
$GIGSV,1,1,02,09,17,274,39,10,51,165,43*66
$GIGSV,1,1,02,09,17,274,39,10,51,165,43*66
$GIGSV,1,1,02,09,17,274,39,10,51,165,43*66
$GIGSV,1,1,02,09,17,274,38,10,51,165,43*67
$GIGSV,1,1,02,09,17,274,38,10,51,165,43*67
$GIGSV,1,1,02,09,17,274,38,10,51,165,43*67
$GIGSV,1,1,02,09,17,274,38,10,51,165,43*67
$GIGSV,1,1,02,09,17,274,38,10,51,165,43*67
$GIGSV,1,1,02,09,17,274,38,10,51,165,43*67
$GIGSV,1,1,02,09,17,274,38,10,51,165,43*67
$GIGSV,1,1,02,09,17,274,38,10,51,165,43*67
$GIGSV,1,1,02,09,17,274,38,10,51,165,43*67
$GIGSV,1,1,02,09,17,274,38,10,51,165,43*67
$GIGSV,1,1,02,09,17,274,38,10,51,165,43*67
$GIGSV,1,1,02,09,17,274,38,10,51,165,43*67
$GIGSV,1,1,02,09,17,274,38,10,51,165,43*67
$GIGSV,1,1,02,09,17,274,38,10,51,165,43*67
$GIGSV,1,1,02,09,17,274,38,10,51,165,43*67
$GIGSV,1,1,02,09,17,274,38,10,51,165,43*67
$GIGSV,1,1,02,09,17,274,37,10,51,165,43*68
$GIGSV,1,1,02,09,17,274,37,10,51,165,43*68
$GIGSV,1,1,02,09,17,274,37,10,51,165,43*68
$GIGSV,1,1,02,09,17,274,37,10,51,165,43*68
$GIGSV,1,1,02,09,17,274,37,10,51,165,43*68
$GIGSV,1,1,02,09,17,274,37,10,51,165,43*68
$GIGSV,1,1,02,09,17,274,37,10,51,165,43*68
$GIGSV,1,1,02,09,17,274,37,10,51,165,43*68
$GIGSV,1,1,02,09,17,274,37,10,51,165,43*68
$GIGSV,1,1,02,09,17,274,37,10,51,165,43*68
$GIGSV,1,1,02,09,17,274,37,10,51,165,43*68
$GIGSV,1,1,02,09,17,274,37,10,51,165,43*68
$GIGSV,1,1,02,09,17,274,37,10,51,165,43*68
$GIGSV,1,1,02,09,17,274,37,10,51,165,43*68
$GIGSV,1,1,02,09,17,274,37,10,51,165,43*68
$GIGSV,1,1,02,09,17,274,37,10,51,165,43*68
$GIGSV,1,1,02,09,17,274,37,10,51,165,43*68
$GIGSV,1,1,02,09,17,274,37,10,51,165,43*68
$GIGSV,1,1,02,09,17,274,36,10,51,165,43*69
$GIGSV,1,1,02,09,17,274,36,10,51,165,43*69
$GIGSV,1,1,02,09,17,274,36,10,51,165,43*69
$GIGSV,1,1,02,09,17,274,36,10,51,165,43*69
$GIGSV,1,1,02,09,17,274,36,10,51,165,43*69
$GIGSV,1,1,02,09,17,274,36,10,51,165,43*69
$GIGSV,1,1,02,09,17,274,36,10,51,165,43*69
$GIGSV,1,1,02,09,17,274,36,10,51,165,43*69
$GIGSV,1,1,02,09,17,274,36,10,51,165,43*69
$GIGSV,1,1,02,09,17,274,36,10,51,165,43*69
$GIGSV,1,1,02,09,17,274,36,10,51,165,43*69
$GIGSV,1,1,02,09,17,274,36,10,51,165,43*69
$GIGSV,1,1,02,09,17,274,36,10,51,165,43*69
$GIGSV,1,1,02,09,17,274,36,10,51,165,43*69
$GIGSV,1,1,02,09,17,274,36,10,51,165,43*69
$GIGSV,1,1,02,09,17,274,36,10,51,165,43*69
$GIGSV,1,1,02,09,17,274,36,10,51,165,43*69
$GIGSV,1,1,02,09,17,274,36,10,51,165,43*69
$GIGSV,1,1,02,09,17,274,36,10,51,165,43*69
$GIGSV,1,1,02,09,17,274,35,10,51,165,43*6A
$GIGSV,1,1,02,09,17,274,35,10,51,165,43*6A
$GIGSV,1,1,02,09,17,274,35,10,51,165,43*6A
$GIGSV,1,1,02,09,17,274,35,10,51,165,43*6A
$GIGSV,1,1,02,09,17,274,35,10,51,165,43*6A
$GIGSV,1,1,02,09,17,274,35,10,51,165,43*6A
$GIGSV,1,1,02,09,17,274,35,10,51,165,43*6A
$GIGSV,1,1,02,09,17,274,35,10,51,165,43*6A
$GIGSV,1,1,02,09,17,274,35,10,51,165,43*6A
$GIGSV,1,1,02,09,17,274,35,10,51,165,43*6A
$GIGSV,1,1,01,10,51,165,43*51
$GIGSV,1,1,01,10,51,165,43*51
$GIGSV,1,1,01,10,51,165,43*51
$GIGSV,1,1,01,10,51,165,43*51
$GIGSV,1,1,01,10,51,165,43*51
$GIGSV,1,1,01,10,51,165,43*51
$GIGSV,1,1,01,10,51,165,43*51
$GIGSV,1,1,01,10,51,165,43*51
$GIGSV,1,1,01,10,51,165,43*51
$GIGSV,1,1,01,10,51,165,43*51
$GIGSV,1,1,01,10,51,165,43*51
$GIGSV,1,1,01,10,51,165,43*51
$GIGSV,1,1,01,10,51,165,43*51
$GIGSV,1,1,01,10,51,165,43*51
$GIGSV,1,1,01,10,51,165,43*51
$GIGSV,1,1,01,10,51,165,43*51
$GIGSV,1,1,01,10,51,165,43*51
$GIGSV,1,1,01,10,51,165,43*51
$GIGSV,1,1,01,10,51,165,43*51
$GIGSV,1,1,01,10,51,165,43*51
$GIGSV,1,1,01,10,51,165,43*51
$GIGSV,1,1,02,09,17,274,33,10,51,165,43*6C
$GIGSV,1,1,01,10,51,165,43*51
$GIGSV,1,1,01,10,51,165,43*51
$GIGSV,1,1,01,10,51,165,43*51
$GIGSV,1,1,01,10,51,165,43*51
$GIGSV,1,1,01,10,51,165,43*51
$GIGSV,1,1,01,10,51,165,43*51
$GIGSV,1,1,02,09,17,274,32,10,51,165,43*6D
$GIGSV,1,1,01,10,51,165,43*51
$GIGSV,1,1,02,09,17,274,32,10,51,165,43*6D
$GIGSV,1,1,01,10,51,165,43*51
$GIGSV,1,1,01,10,51,165,43*51
$GIGSV,1,1,01,10,51,165,43*51
$GIGSV,1,1,02,09,17,274,32,10,51,165,43*6D
$GIGSV,1,1,02,09,17,274,33,10,51,165,43*6C
$GIGSV,1,1,02,09,17,274,34,10,51,165,43*6B
$GIGSV,1,1,01,10,51,165,43*51
$GIGSV,1,1,02,09,17,274,33,10,51,165,43*6C
$GIGSV,1,1,02,09,17,274,33,10,51,165,43*6C
$GIGSV,1,1,01,10,51,165,43*51
$GIGSV,1,1,02,09,17,274,34,10,51,165,43*6B
$GIGSV,1,1,02,09,17,274,34,10,51,165,43*6B
$GIGSV,1,1,02,09,17,274,37,10,51,165,43*68
$GIGSV,1,1,02,09,17,274,39,10,51,165,43*66
$GIGSV,1,1,02,09,17,274,38,10,51,165,43*67
$GIGSV,1,1,02,09,17,274,37,10,51,165,43*68
$GIGSV,1,1,02,09,17,274,37,10,51,165,43*68
$GIGSV,1,1,02,09,17,274,37,10,51,165,43*68
$GIGSV,1,1,02,09,17,274,36,10,51,165,43*69
$GIGSV,1,1,02,09,17,274,36,10,51,165,43*69
$GIGSV,1,1,02,09,17,274,35,10,51,165,43*6A
$GIGSV,1,1,02,09,17,274,36,10,51,165,43*69
$GIGSV,1,1,02,09,17,274,36,10,51,165,43*69
$GIGSV,1,1,02,09,17,274,35,10,51,165,43*6A
$GIGSV,1,1,02,09,17,274,36,10,51,165,43*69
$GIGSV,1,1,02,09,17,274,35,10,51,165,43*6A
$GIGSV,1,1,02,09,17,274,35,10,51,165,43*6A
$GIGSV,1,1,02,09,17,274,35,10,51,165,43*6A
$GIGSV,1,1,02,09,17,274,34,10,51,165,43*6B
$GIGSV,1,1,02,09,17,274,35,10,51,165,43*6A
$GIGSV,1,1,02,09,17,274,35,10,51,165,43*6A
$GIGSV,1,1,02,09,17,274,36,10,51,165,43*69
$GIGSV,1,1,02,09,17,274,35,10,51,165,43*6A
$GIGSV,1,1,02,09,17,274,35,10,51,165,43*6A
$GIGSV,1,1,02,09,17,274,34,10,51,165,43*6B
$GIGSV,1,1,02,09,17,274,34,10,51,165,43*6B
$GIGSV,1,1,02,09,17,274,33,10,51,165,43*6C
$GIGSV,1,1,02,09,17,274,34,10,51,165,43*6B
$GIGSV,1,1,02,09,17,274,34,10,51,165,43*6B
$GIGSV,1,1,02,09,17,274,34,10,51,165,43*6B
$GIGSV,1,1,02,09,17,274,34,10,51,165,43*6B
$GIGSV,1,1,02,09,17,274,34,10,51,165,43*6B
$GIGSV,1,1,02,09,17,274,34,10,51,165,43*6B
$GIGSV,1,1,02,09,17,274,35,10,51,165,43*6A
$GIGSV,1,1,02,09,17,274,35,10,51,165,43*6A
$GIGSV,1,1,02,09,17,274,35,10,51,165,43*6A
$GIGSV,1,1,02,09,17,274,35,10,51,165,43*6A
$GIGSV,1,1,02,09,17,274,35,10,51,165,43*6A
$GIGSV,1,1,02,09,17,274,35,10,51,165,43*6A
$GIGSV,1,1,02,09,17,274,35,10,51,165,43*6A
$GIGSV,1,1,02,09,17,274,36,10,51,165,43*69
$GIGSV,1,1,02,09,17,274,36,10,51,165,43*69
$GIGSV,1,1,02,09,17,274,35,10,51,165,43*6A
$GIGSV,1,1,02,09,17,274,35,10,51,165,43*6A
$GIGSV,1,1,02,09,17,274,33,10,51,165,43*6C
$GIGSV,1,1,02,09,17,274,35,10,51,165,43*6A
$GIGSV,1,1,02,09,17,274,36,10,51,165,43*69
$GIGSV,1,1,02,09,17,274,35,10,51,165,43*6A
$GIGSV,1,1,02,09,17,274,35,10,51,165,43*6A
$GIGSV,1,1,02,09,17,274,34,10,51,165,43*6B
$GIGSV,1,1,02,09,17,274,34,10,51,165,43*6B
$GIGSV,1,1,02,09,17,274,34,10,51,165,43*6B
$GIGSV,1,1,02,09,17,274,33,10,51,165,43*6C
$GIGSV,1,1,02,09,17,274,33,10,51,165,43*6C
$GIGSV,1,1,02,09,17,274,33,10,51,165,43*6C
$GIGSV,1,1,02,09,17,274,34,10,51,165,43*6B
$GIGSV,1,1,02,09,17,274,33,10,51,165,43*6C
$GIGSV,1,1,02,09,17,274,33,10,51,165,43*6C
$GIGSV,1,1,02,09,17,274,33,10,51,165,43*6C
$GIGSV,1,1,02,09,17,274,34,10,51,165,43*6B
$GIGSV,1,1,02,09,17,274,35,10,51,165,43*6A
$GIGSV,1,1,02,09,17,274,36,10,51,165,43*69
$GIGSV,1,1,02,09,17,274,36,10,51,165,43*69
$GIGSV,1,1,02,09,17,274,36,10,51,165,43*69
$GIGSV,1,1,02,09,17,274,35,10,51,165,43*6A
$GIGSV,1,1,02,09,17,274,35,10,51,165,43*6A
$GIGSV,1,1,02,09,17,274,35,10,51,165,43*6A
$GIGSV,1,1,02,09,17,274,35,10,51,165,43*6A
$GIGSV,1,1,02,09,17,274,35,10,51,165,43*6A
$GIGSV,1,1,02,09,17,274,35,10,51,165,43*6A
$GIGSV,1,1,02,09,17,274,35,10,51,165,43*6A
$GIGSV,1,1,02,09,17,274,35,10,51,165,43*6A
$GIGSV,1,1,02,09,17,274,35,10,51,165,42*6B
$GIGSV,1,1,02,09,17,274,35,10,51,165,42*6B
$GIGSV,1,1,02,09,17,274,36,10,51,165,42*68
$GIGSV,1,1,02,09,17,274,36,10,51,165,43*69
$GIGSV,1,1,02,09,17,274,36,10,51,165,43*69
$GIGSV,1,1,02,09,17,274,36,10,51,165,43*69
$GIGSV,1,1,02,09,17,274,36,10,51,165,43*69
$GIGSV,1,1,02,09,17,274,36,10,51,165,43*69
$GIGSV,1,1,02,09,17,274,36,10,51,165,42*68
$GIGSV,1,1,02,09,17,274,36,10,51,165,43*69
$GIGSV,1,1,02,09,17,274,35,10,51,165,43*6A
$GIGSV,1,1,02,09,17,274,35,10,51,165,43*6A
$GIGSV,1,1,02,09,17,274,35,10,51,165,43*6A
$GIGSV,1,1,02,09,17,274,35,10,51,165,43*6A
$GIGSV,1,1,02,09,17,274,35,10,51,165,43*6A
$GIGSV,1,1,02,09,17,274,35,10,51,165,43*6A
$GIGSV,1,1,02,09,17,274,35,10,51,165,43*6A
$GIGSV,1,1,02,09,17,274,35,10,51,165,43*6A
$GIGSV,1,1,02,09,17,274,35,10,51,165,43*6A
$GIGSV,1,1,02,09,17,274,35,10,51,165,43*6A
$GIGSV,1,1,02,09,17,274,35,10,51,165,43*6A
$GIGSV,1,1,02,09,17,274,35,10,51,165,43*6A
$GIGSV,1,1,02,09,17,274,35,10,51,165,43*6A
$GIGSV,1,1,02,09,17,274,35,10,51,165,43*6A
$GIGSV,1,1,02,09,17,274,35,10,51,165,43*6A
$GIGSV,1,1,02,09,17,274,35,10,51,165,43*6A
$GIGSV,1,1,02,09,17,274,35,10,51,165,43*6A
$GIGSV,1,1,02,09,17,274,35,10,51,165,43*6A
$GIGSV,1,1,02,09,17,274,35,10,51,165,44*6D
$GIGSV,1,1,02,09,17,274,35,10,51,165,44*6D
$GIGSV,1,1,02,09,17,274,35,10,51,165,44*6D
$GIGSV,1,1,02,09,17,274,35,10,51,165,44*6D
$GIGSV,1,1,02,09,17,274,35,10,51,165,44*6D
$GIGSV,1,1,02,09,17,274,35,10,51,165,44*6D
$GIGSV,1,1,02,09,17,274,35,10,51,165,44*6D
$GIGSV,1,1,02,09,17,274,35,10,51,165,44*6D
$GIGSV,1,1,02,09,17,274,35,10,51,165,44*6D
$GIGSV,1,1,02,09,17,274,35,10,51,165,44*6D
$GIGSV,1,1,02,09,17,274,36,10,51,165,44*6E
$GIGSV,1,1,02,09,17,274,36,10,51,165,44*6E
$GIGSV,1,1,02,09,17,274,36,10,51,165,44*6E
$GIGSV,1,1,02,09,17,274,35,10,51,165,44*6D
$GIGSV,1,1,02,09,17,274,36,10,51,165,44*6E
$GIGSV,1,1,02,09,17,274,35,10,51,165,44*6D
$GIGSV,1,1,02,09,17,274,35,10,51,165,44*6D
$GIGSV,1,1,02,09,17,274,35,10,51,165,44*6D
$GIGSV,1,1,02,09,17,274,35,10,51,165,44*6D
$GIGSV,1,1,02,09,17,274,35,10,51,165,44*6D
$GIGSV,1,1,02,09,17,274,35,10,51,165,44*6D
$GIGSV,1,1,02,09,17,274,35,10,51,165,44*6D
$GIGSV,1,1,02,09,17,274,35,10,51,165,44*6D
$GIGSV,1,1,02,09,17,274,35,10,51,165,44*6D
$GIGSV,1,1,02,09,17,274,35,10,51,165,45*6C
$GIGSV,1,1,02,09,17,274,35,10,51,165,45*6C
$GIGSV,1,1,02,09,17,274,35,10,51,165,45*6C
$GIGSV,1,1,02,09,17,274,35,10,51,165,45*6C
$GIGSV,1,1,02,09,17,274,35,10,51,165,45*6C
$GIGSV,1,1,02,09,17,274,35,10,51,165,45*6C
$GIGSV,1,1,02,09,17,274,35,10,51,165,45*6C
$GIGSV,1,1,02,09,17,274,35,10,51,165,45*6C
$GIGSV,1,1,02,09,17,274,35,10,51,165,45*6C
$GIGSV,1,1,02,09,17,274,35,10,51,165,45*6C
$GIGSV,1,1,02,09,17,274,35,10,51,165,45*6C
$GIGSV,1,1,02,09,17,274,35,10,51,165,45*6C
$GIGSV,1,1,02,09,17,274,35,10,51,165,45*6C
$GIGSV,1,1,02,09,17,274,35,10,51,165,45*6C
$GIGSV,1,1,02,09,17,274,35,10,51,165,45*6C
$GIGSV,1,1,02,09,17,274,35,10,51,165,45*6C
$GIGSV,1,1,02,09,17,274,35,10,51,165,45*6C
$GIGSV,1,1,02,09,17,274,35,10,51,165,45*6C
$GIGSV,1,1,02,09,17,274,35,10,51,165,45*6C
$GIGSV,1,1,02,09,17,274,35,10,51,165,45*6C
$GIGSV,1,1,02,09,17,274,35,10,51,165,45*6C
$GIGSV,1,1,02,09,17,274,35,10,51,165,45*6C
$GIGSV,1,1,02,09,17,274,34,10,51,165,45*6D
$GIGSV,1,1,02,09,17,274,34,10,51,165,45*6D
$GIGSV,1,1,02,09,17,274,34,10,51,165,45*6D
$GIGSV,1,1,02,09,17,274,34,10,51,165,45*6D
$GIGSV,1,1,02,09,17,274,34,10,51,165,45*6D
$GIGSV,1,1,02,09,17,274,34,10,51,165,45*6D
$GIGSV,1,1,02,09,17,274,34,10,51,165,45*6D
$GIGSV,1,1,02,09,17,274,35,10,51,165,45*6C
$GIGSV,1,1,02,09,17,274,35,10,51,165,45*6C
$GIGSV,1,1,02,09,17,274,36,10,51,165,45*6F
$GIGSV,1,1,02,09,17,274,38,10,51,165,45*61
$GIGSV,1,1,02,09,17,274,38,10,51,165,45*61
$GIGSV,1,1,02,09,17,274,38,10,51,165,45*61
$GIGSV,1,1,02,09,17,274,39,10,51,165,45*60
$GIGSV,1,1,02,09,17,274,39,10,51,165,45*60
$GIGSV,1,1,02,09,17,274,39,10,51,165,45*60
$GIGSV,1,1,02,09,17,274,39,10,51,165,45*60
$GIGSV,1,1,02,09,17,274,39,10,51,165,45*60
$GIGSV,1,1,02,09,17,274,38,10,51,165,45*61
$GIGSV,1,1,02,09,17,274,38,10,51,165,45*61
$GIGSV,1,1,01,10,51,165,45*57
$GIGSV,1,1,01,10,51,165,45*57
$GIGSV,1,1,01,10,51,165,45*57
$GIGSV,1,1,01,10,51,165,45*57
$GIGSV,1,1,01,10,51,165,45*57
$GIGSV,1,1,01,10,51,165,45*57
$GIGSV,1,1,01,10,51,165,45*57
$GIGSV,1,1,01,10,51,165,45*57
$GIGSV,1,1,01,10,51,165,45*57
$GIGSV,1,1,01,10,51,165,45*57
$GIGSV,1,1,01,10,51,165,45*57
$GIGSV,1,1,01,10,51,165,46*54
$GIGSV,1,1,01,10,51,165,46*54
$GIGSV,1,1,01,10,51,165,46*54
$GIGSV,1,1,01,10,51,165,46*54
$GIGSV,1,1,01,10,51,165,46*54
$GIGSV,1,1,01,10,51,165,46*54
$GIGSV,1,1,01,10,51,165,46*54
$GIGSV,1,1,01,10,51,165,46*54
$GIGSV,1,1,01,10,51,165,46*54
$GIGSV,1,1,01,10,51,165,46*54
$GIGSV,1,1,01,10,51,165,46*54
$GIGSV,1,1,01,10,51,165,46*54
$GIGSV,1,1,01,10,51,165,46*54
$GIGSV,1,1,01,10,51,165,46*54
$GIGSV,1,1,01,10,51,165,46*54
$GIGSV,1,1,01,10,51,165,46*54
$GIGSV,1,1,01,10,51,165,46*54
$GIGSV,1,1,01,10,51,165,46*54
$GIGSV,1,1,01,10,51,165,46*54
$GIGSV,1,1,01,10,51,165,46*54
$GIGSV,1,1,01,10,51,165,46*54
$GIGSV,1,1,01,10,51,165,46*54
$GIGSV,1,1,01,10,51,165,46*54
$GIGSV,1,1,01,10,51,165,46*54
$GIGSV,1,1,01,10,51,165,46*54
$GIGSV,1,1,01,10,51,165,46*54
$GIGSV,1,1,01,10,51,165,46*54
$GIGSV,1,1,02,09,17,274,41,10,51,165,46*6C
$GIGSV,1,1,02,09,17,274,40,10,51,165,46*6D
$GIGSV,1,1,02,09,17,274,40,10,51,165,46*6D
$GIGSV,1,1,02,09,17,274,42,10,51,165,46*6F
$GIGSV,1,1,02,09,17,274,41,10,51,165,46*6C
$GIGSV,1,1,02,09,17,274,41,10,51,165,46*6C
$GIGSV,1,1,02,09,17,274,41,10,51,165,46*6C
$GIGSV,1,1,02,09,17,274,41,10,51,165,46*6C
$GIGSV,1,1,02,09,17,274,41,10,51,165,46*6C
$GIGSV,1,1,02,09,17,274,43,10,51,165,46*6E
$GIGSV,1,1,02,09,17,274,41,10,51,165,46*6C
$GIGSV,1,1,02,09,17,274,40,10,51,165,46*6D
$GIGSV,1,1,02,09,17,274,40,10,51,165,46*6D
$GIGSV,1,1,02,09,17,274,40,10,51,165,46*6D
$GIGSV,1,1,02,09,17,274,40,10,51,165,46*6D
$GIGSV,1,1,02,09,17,274,40,10,51,165,46*6D
$GIGSV,1,1,02,09,17,274,40,10,51,165,46*6D
$GIGSV,1,1,02,09,17,274,40,10,51,165,46*6D
$GIGSV,1,1,02,09,17,274,40,10,51,165,46*6D
$GIGSV,1,1,02,09,17,274,41,10,51,165,46*6C
$GIGSV,1,1,02,09,17,274,40,10,51,165,46*6D
$GIGSV,1,1,02,09,17,274,41,10,51,165,46*6C
$GIGSV,1,1,02,09,17,274,41,10,51,165,46*6C
$GIGSV,1,1,02,09,17,274,42,10,51,165,46*6F
$GIGSV,1,1,02,09,17,274,42,10,51,165,46*6F
$GIGSV,1,1,02,09,17,274,42,10,51,165,46*6F
$GIGSV,1,1,02,09,17,274,42,10,51,165,46*6F
$GIGSV,1,1,02,09,17,274,42,10,51,165,46*6F
$GIGSV,1,1,02,09,17,274,42,10,51,165,46*6F
$GIGSV,1,1,02,09,17,274,42,10,51,165,46*6F
$GIGSV,1,1,02,09,17,274,42,10,51,165,46*6F
$GIGSV,1,1,02,09,17,274,42,10,51,165,46*6F
$GIGSV,1,1,02,09,17,274,42,10,51,165,46*6F
$GIGSV,1,1,02,09,17,274,42,10,51,165,46*6F
$GIGSV,1,1,02,09,17,274,42,10,51,165,46*6F
$GIGSV,1,1,02,09,17,274,42,10,51,165,46*6F
$GIGSV,1,1,02,09,17,274,43,10,51,165,46*6E
$GIGSV,1,1,02,09,17,274,43,10,51,165,46*6E
$GIGSV,1,1,02,09,17,274,43,10,51,165,46*6E
$GIGSV,1,1,02,09,17,274,43,10,51,165,46*6E
$GIGSV,1,1,02,09,17,274,45,10,51,165,46*68
$GIGSV,1,1,02,09,17,274,44,10,51,165,46*69
$GIGSV,1,1,02,09,17,274,44,10,51,165,46*69
$GIGSV,1,1,02,09,17,274,44,10,51,165,46*69
$GIGSV,1,1,02,09,17,274,44,10,51,165,46*69
$GIGSV,1,1,02,09,17,274,43,10,51,165,46*6E
$GIGSV,1,1,02,09,17,274,43,10,51,165,46*6E
$GIGSV,1,1,02,09,17,274,44,10,51,165,46*69
$GIGSV,1,1,02,09,17,274,43,10,51,165,46*6E
$GIGSV,1,1,02,09,17,274,43,10,51,165,46*6E
$GIGSV,1,1,02,09,17,274,44,10,51,165,46*69
$GIGSV,1,1,02,09,17,274,44,10,51,165,46*69
$GIGSV,1,1,02,09,17,274,44,10,51,165,46*69
$GIGSV,1,1,02,09,17,274,44,10,51,165,46*69
$GIGSV,1,1,02,09,17,274,44,10,51,165,46*69
$GIGSV,1,1,02,09,17,274,44,10,51,165,46*69
$GIGSV,1,1,02,09,17,274,44,10,51,165,46*69
$GIGSV,1,1,02,09,17,274,44,10,51,165,46*69
$GIGSV,1,1,02,09,17,274,44,10,51,165,46*69
$GIGSV,1,1,02,09,17,274,44,10,51,165,46*69
$GIGSV,1,1,02,09,17,274,44,10,51,165,46*69
$GIGSV,1,1,02,09,17,274,43,10,51,165,46*6E
$GIGSV,1,1,02,09,17,274,43,10,51,165,46*6E
$GIGSV,1,1,02,09,17,274,43,10,51,165,46*6E
$GIGSV,1,1,02,09,17,274,44,10,51,165,46*69
$GIGSV,1,1,02,09,17,274,44,10,51,165,46*69
$GIGSV,1,1,02,09,17,274,43,10,51,165,46*6E
$GIGSV,1,1,02,09,17,274,43,10,51,165,46*6E
$GIGSV,1,1,02,09,17,274,43,10,51,165,46*6E
$GIGSV,1,1,02,09,17,274,43,10,51,165,46*6E
$GIGSV,1,1,02,09,17,274,43,10,51,165,46*6E
$GIGSV,1,1,02,09,17,274,43,10,51,165,46*6E
$GIGSV,1,1,02,09,17,274,43,10,51,165,46*6E
$GIGSV,1,1,02,09,17,274,43,10,51,165,46*6E
$GIGSV,1,1,02,09,17,274,43,10,51,165,46*6E
$GIGSV,1,1,02,09,17,274,43,10,51,165,46*6E
$GIGSV,1,1,02,09,17,274,43,10,51,165,46*6E
$GIGSV,1,1,02,09,17,274,43,10,51,165,46*6E
$GIGSV,1,1,02,09,17,274,43,10,51,165,46*6E
$GIGSV,1,1,02,09,17,274,43,10,51,165,46*6E
$GIGSV,1,1,02,09,17,274,43,10,51,165,46*6E
$GIGSV,1,1,02,09,17,274,43,10,51,165,46*6E
$GIGSV,1,1,02,09,17,274,43,10,51,165,46*6E
$GIGSV,1,1,02,09,17,274,43,10,51,165,46*6E
$GIGSV,1,1,02,09,17,274,43,10,51,165,46*6E
$GIGSV,1,1,02,09,17,274,43,10,51,165,46*6E
$GIGSV,1,1,02,09,17,274,43,10,51,165,46*6E
$GIGSV,1,1,02,09,17,274,43,10,51,165,46*6E
$GIGSV,1,1,02,09,17,274,43,10,51,165,46*6E
$GIGSV,1,1,02,09,17,274,43,10,51,165,46*6E
$GIGSV,1,1,02,09,17,274,43,10,51,165,46*6E
$GIGSV,1,1,02,09,17,274,43,10,51,165,46*6E
$GIGSV,1,1,02,09,17,274,43,10,51,165,46*6E
$GIGSV,1,1,02,09,17,274,43,10,51,165,46*6E
$GIGSV,1,1,02,09,17,274,43,10,51,165,46*6E
$GIGSV,1,1,02,09,17,274,43,10,51,165,46*6E
$GIGSV,1,1,02,09,17,274,43,10,51,165,46*6E
$GIGSV,1,1,02,09,17,274,43,10,51,165,46*6E
$GIGSV,1,1,02,09,17,274,43,10,51,165,46*6E
$GIGSV,1,1,02,09,17,274,43,10,51,165,46*6E
$GIGSV,1,1,02,09,17,274,43,10,51,165,46*6E
$GIGSV,1,1,02,09,17,274,43,10,51,165,46*6E
$GIGSV,1,1,02,09,17,274,42,10,51,165,46*6F
$GIGSV,1,1,02,09,17,274,43,10,51,165,46*6E
$GIGSV,1,1,02,09,17,274,42,10,51,165,46*6F
$GIGSV,1,1,02,09,17,274,42,10,51,165,46*6F
$GIGSV,1,1,02,09,17,274,42,10,51,165,46*6F
$GIGSV,1,1,02,09,17,274,42,10,51,165,46*6F
$GIGSV,1,1,02,09,17,274,42,10,51,165,46*6F
$GIGSV,1,1,02,09,17,274,43,10,51,165,46*6E
$GIGSV,1,1,02,09,17,274,43,10,51,165,46*6E
$GIGSV,1,1,02,09,17,274,43,10,51,165,46*6E
$GIGSV,1,1,02,09,17,274,43,10,51,165,46*6E
$GIGSV,1,1,02,09,17,274,42,10,51,165,46*6F
$GIGSV,1,1,02,09,17,274,42,10,51,165,46*6F
$GIGSV,1,1,02,09,17,274,42,10,51,165,46*6F
$GIGSV,1,1,02,09,17,274,42,10,51,165,46*6F
$GIGSV,1,1,02,09,17,274,42,10,51,165,46*6F
$GIGSV,1,1,02,09,17,274,42,10,51,165,46*6F
$GIGSV,1,1,02,09,17,274,42,10,51,165,46*6F
$GIGSV,1,1,02,09,17,274,42,10,51,165,46*6F
$GIGSV,1,1,02,09,17,274,42,10,51,165,46*6F
$GIGSV,1,1,02,09,17,274,42,10,51,165,46*6F
$GIGSV,1,1,02,09,17,274,42,10,51,165,46*6F
$GIGSV,1,1,02,09,17,274,42,10,51,165,46*6F
$GIGSV,1,1,02,09,17,274,42,10,51,165,46*6F
$GIGSV,1,1,02,09,17,274,42,10,51,165,46*6F
$GIGSV,1,1,02,09,17,274,42,10,51,165,46*6F
$GIGSV,1,1,02,09,17,274,42,10,51,165,46*6F
$GIGSV,1,1,02,09,17,274,42,10,51,165,46*6F
$GIGSV,1,1,02,09,17,274,42,10,51,165,46*6F
$GIGSV,1,1,02,09,17,274,42,10,51,165,46*6F
$GIGSV,1,1,02,09,17,274,41,10,51,165,46*6C
$GIGSV,1,1,02,09,17,274,41,10,51,165,46*6C
$GIGSV,1,1,02,09,17,274,41,10,51,165,46*6C
$GIGSV,1,1,02,09,17,274,41,10,51,165,46*6C
$GIGSV,1,1,02,09,17,274,41,10,51,165,46*6C
$GIGSV,1,1,02,09,17,274,41,10,51,165,46*6C
$GIGSV,1,1,02,09,17,274,41,10,51,165,46*6C
$GIGSV,1,1,02,09,17,274,41,10,51,165,46*6C
$GIGSV,1,1,02,09,17,274,41,10,51,165,46*6C
$GIGSV,1,1,02,09,17,274,41,10,51,165,46*6C
$GIGSV,1,1,02,09,17,274,41,10,51,165,46*6C
$GIGSV,1,1,02,09,17,274,41,10,51,165,46*6C
$GIGSV,1,1,02,09,17,274,41,10,51,165,46*6C
$GIGSV,1,1,02,09,17,274,43,10,51,165,46*6E
$GIGSV,1,1,02,09,17,274,43,10,51,165,46*6E
$GIGSV,1,1,02,09,17,274,43,10,51,165,46*6E
$GIGSV,1,1,02,09,17,274,42,10,51,165,46*6F
$GIGSV,1,1,02,09,17,274,42,10,51,165,46*6F
$GIGSV,1,1,02,09,17,274,42,10,51,165,46*6F
$GIGSV,1,1,02,09,17,274,42,10,51,165,46*6F
$GIGSV,1,1,02,09,17,274,42,10,51,165,46*6F
$GIGSV,1,1,02,09,17,274,41,10,51,165,46*6C
$GIGSV,1,1,02,09,17,274,41,10,51,165,46*6C
$GIGSV,1,1,02,09,17,274,41,10,51,165,46*6C
$GIGSV,1,1,02,09,17,274,40,10,51,165,46*6D
$GIGSV,1,1,02,09,17,274,40,10,51,165,46*6D
$GIGSV,1,1,02,09,17,274,40,10,51,165,46*6D
$GIGSV,1,1,02,09,17,274,40,10,51,165,46*6D
$GIGSV,1,1,02,09,17,274,40,10,51,165,46*6D
$GIGSV,1,1,02,09,17,274,40,10,51,165,46*6D
$GIGSV,1,1,02,09,17,274,40,10,51,165,46*6D
$GIGSV,1,1,02,09,17,274,40,10,51,165,46*6D
$GIGSV,1,1,02,09,17,274,41,10,51,165,46*6C
$GIGSV,1,1,02,09,17,274,41,10,51,165,46*6C
$GIGSV,1,1,02,09,17,274,41,10,51,165,46*6C
$GIGSV,1,1,02,09,17,274,41,10,51,165,46*6C
$GIGSV,1,1,02,09,17,274,41,10,51,165,46*6C
$GIGSV,1,1,02,09,17,274,41,10,51,165,46*6C
$GIGSV,1,1,02,09,17,274,41,10,51,165,46*6C
$GIGSV,1,1,02,09,17,274,41,10,51,165,46*6C
$GIGSV,1,1,02,09,17,274,41,10,51,165,46*6C
$GIGSV,1,1,02,09,17,274,41,10,51,165,46*6C
$GIGSV,1,1,02,09,17,274,41,10,51,165,46*6C
$GIGSV,1,1,02,09,17,274,41,10,51,165,46*6C
$GIGSV,1,1,02,09,17,274,41,10,51,165,46*6C
$GIGSV,1,1,02,09,17,274,41,10,51,165,46*6C
$GIGSV,1,1,02,09,17,274,41,10,51,165,46*6C
$GIGSV,1,1,02,09,17,274,41,10,51,165,46*6C
$GIGSV,1,1,02,09,17,274,41,10,51,165,46*6C
$GIGSV,1,1,02,09,17,274,41,10,51,165,46*6C
$GIGSV,1,1,02,09,17,274,41,10,51,165,46*6C
$GIGSV,1,1,02,09,17,274,42,10,51,165,46*6F
$GIGSV,1,1,02,09,17,274,42,10,51,165,46*6F
$GIGSV,1,1,02,09,17,274,42,10,51,165,46*6F
$GIGSV,1,1,02,09,17,274,41,10,51,165,46*6C
$GIGSV,1,1,02,09,17,274,41,10,51,165,46*6C
$GIGSV,1,1,02,09,17,274,41,10,51,165,46*6C
$GIGSV,1,1,02,09,17,274,41,10,51,165,46*6C
$GIGSV,1,1,02,09,17,274,41,10,51,165,46*6C
$GIGSV,1,1,02,09,17,274,41,10,51,165,46*6C
$GIGSV,1,1,02,09,17,274,41,10,51,165,46*6C
$GIGSV,1,1,02,09,17,274,41,10,51,165,46*6C
$GIGSV,1,1,02,09,17,274,41,10,51,165,46*6C
$GIGSV,1,1,02,09,17,274,41,10,51,165,46*6C
$GIGSV,1,1,02,09,17,274,41,10,51,165,46*6C
$GIGSV,1,1,02,09,17,274,41,10,51,165,46*6C
$GIGSV,1,1,02,09,17,274,41,10,51,165,46*6C
$GIGSV,1,1,02,09,17,274,41,10,51,165,46*6C
$GIGSV,1,1,02,09,17,274,41,10,51,165,46*6C
$GIGSV,1,1,02,09,17,274,41,10,51,165,46*6C
$GIGSV,1,1,02,09,17,274,41,10,51,165,46*6C
$GIGSV,1,1,02,09,17,274,41,10,51,165,46*6C
$GIGSV,1,1,02,09,17,274,41,10,51,165,46*6C
$GIGSV,1,1,02,09,17,274,41,10,51,165,46*6C
$GIGSV,1,1,02,09,17,274,41,10,51,165,46*6C
$GIGSV,1,1,02,09,17,274,41,10,51,165,46*6C
$GIGSV,1,1,02,09,17,274,41,10,51,165,46*6C
$GIGSV,1,1,02,09,17,274,41,10,51,165,46*6C
$GIGSV,1,1,02,09,17,274,41,10,51,165,46*6C
$GIGSV,1,1,02,09,17,274,41,10,51,165,46*6C
$GIGSV,1,1,02,09,17,274,41,10,51,165,46*6C
$GIGSV,1,1,02,09,17,274,41,10,51,165,46*6C
$GIGSV,1,1,02,09,17,274,41,10,51,165,46*6C
$GIGSV,1,1,02,09,17,274,41,10,51,165,46*6C
$GIGSV,1,1,02,09,17,274,41,10,51,165,46*6C
$GIGSV,1,1,02,09,17,274,41,10,51,165,46*6C
$GIGSV,1,1,02,09,17,274,41,10,51,165,46*6C
$GIGSV,1,1,02,09,17,274,41,10,51,165,46*6C
$GIGSV,1,1,02,09,17,274,41,10,51,165,46*6C
$GIGSV,1,1,02,09,17,274,41,10,51,165,46*6C
$GIGSV,1,1,02,09,17,274,41,10,51,165,46*6C
$GIGSV,1,1,02,09,17,274,41,10,51,165,46*6C
$GIGSV,1,1,02,09,17,274,41,10,51,165,46*6C
$GIGSV,1,1,02,09,17,274,41,10,51,165,46*6C
$GIGSV,1,1,02,09,17,274,41,10,51,165,46*6C
$GIGSV,1,1,02,09,17,274,41,10,51,165,46*6C
$GIGSV,1,1,02,09,17,274,41,10,51,165,46*6C
$GIGSV,1,1,02,09,17,274,41,10,51,165,46*6C
$GIGSV,1,1,02,09,17,274,41,10,51,165,46*6C
$GIGSV,1,1,02,09,17,274,41,10,51,165,46*6C
$GIGSV,1,1,02,09,17,274,41,10,51,165,46*6C
$GIGSV,1,1,02,09,17,274,41,10,51,165,46*6C
$GIGSV,1,1,02,09,17,274,41,10,51,165,46*6C
$GIGSV,1,1,02,09,17,274,41,10,51,165,46*6C
$GIGSV,1,1,02,09,17,274,41,10,51,165,46*6C
$GIGSV,1,1,02,09,17,274,41,10,51,165,46*6C
$GIGSV,1,1,02,09,17,274,41,10,51,165,46*6C
$GIGSV,1,1,02,09,17,274,41,10,51,165,46*6C
$GIGSV,1,1,02,09,17,274,41,10,51,165,46*6C
$GIGSV,1,1,02,09,17,274,41,10,51,165,46*6C
$GIGSV,1,1,02,09,17,274,41,10,51,165,46*6C
$GIGSV,1,1,02,09,17,274,41,10,51,165,46*6C
$GIGSV,1,1,02,09,17,274,41,10,51,165,46*6C
$GIGSV,1,1,02,09,17,274,41,10,51,165,46*6C
$GIGSV,1,1,02,09,17,274,41,10,51,165,46*6C
$GIGSV,1,1,02,09,17,274,41,10,51,165,46*6C
$GIGSV,1,1,02,09,17,274,41,10,51,165,46*6C
$GIGSV,1,1,02,09,17,274,41,10,51,165,46*6C
$GIGSV,1,1,02,09,17,274,41,10,51,165,46*6C
$GIGSV,1,1,02,09,17,274,41,10,51,165,46*6C
$GIGSV,1,1,02,09,17,274,41,10,51,165,46*6C
$GIGSV,1,1,02,09,17,274,41,10,51,165,46*6C
$GIGSV,1,1,02,09,17,274,41,10,51,165,46*6C
$GIGSV,1,1,02,09,17,274,41,10,51,165,46*6C
$GIGSV,1,1,02,09,17,274,41,10,51,165,45*6F
$GIGSV,1,1,02,09,17,274,41,10,51,165,45*6F
$GIGSV,1,1,02,09,17,274,41,10,51,165,45*6F
$GIGSV,1,1,02,09,17,274,41,10,51,165,45*6F
$GIGSV,1,1,02,09,17,274,41,10,51,165,45*6F
$GIGSV,1,1,02,09,17,274,41,10,51,165,45*6F
$GIGSV,1,1,02,09,17,274,41,10,51,165,45*6F
$GIGSV,1,1,02,09,17,274,41,10,51,165,45*6F
$GIGSV,1,1,02,09,17,274,41,10,51,165,45*6F
$GIGSV,1,1,02,09,17,274,41,10,51,165,45*6F
$GIGSV,1,1,02,09,17,274,41,10,51,165,45*6F
$GIGSV,1,1,02,09,17,274,41,10,51,165,45*6F
$GIGSV,1,1,02,09,17,274,41,10,51,165,45*6F
$GIGSV,1,1,02,09,17,274,41,10,51,165,45*6F
$GIGSV,1,1,02,09,17,274,41,10,51,165,45*6F
$GIGSV,1,1,02,09,17,274,41,10,51,165,45*6F
$GIGSV,1,1,02,09,17,274,41,10,51,165,45*6F
$GIGSV,1,1,02,09,17,274,41,10,51,165,45*6F
$GIGSV,1,1,02,09,17,274,41,10,51,165,45*6F
$GIGSV,1,1,02,09,17,274,41,10,51,165,45*6F
$GIGSV,1,1,02,09,17,274,41,10,51,165,45*6F
$GIGSV,1,1,02,09,17,274,41,10,51,165,45*6F
$GIGSV,1,1,02,09,17,274,41,10,51,165,45*6F
$GIGSV,1,1,02,09,17,274,41,10,51,165,45*6F
$GIGSV,1,1,02,09,17,274,41,10,51,165,45*6F
$GIGSV,1,1,02,09,17,274,41,10,51,165,45*6F
$GIGSV,1,1,02,09,17,274,41,10,51,165,45*6F
$GIGSV,1,1,02,09,17,274,41,10,51,165,45*6F
$GIGSV,1,1,02,09,17,274,41,10,51,165,45*6F
$GIGSV,1,1,02,09,17,274,41,10,51,165,45*6F
$GIGSV,1,1,02,09,17,274,41,10,51,165,45*6F
$GIGSV,1,1,02,09,17,274,41,10,51,165,45*6F
$GIGSV,1,1,02,09,17,274,41,10,51,165,44*6E
$GIGSV,1,1,02,09,17,274,41,10,51,165,44*6E
$GIGSV,1,1,02,09,17,274,41,10,51,165,44*6E
$GIGSV,1,1,02,09,17,274,41,10,51,165,44*6E
$GIGSV,1,1,02,09,17,274,41,10,51,165,44*6E
$GIGSV,1,1,02,09,17,274,41,10,51,165,45*6F
$GIGSV,1,1,02,09,17,274,41,10,51,165,45*6F
$GIGSV,1,1,02,09,17,274,41,10,51,165,45*6F
$GIGSV,1,1,02,09,17,274,41,10,51,165,45*6F
$GIGSV,1,1,02,09,17,274,42,10,51,165,45*6C
$GIGSV,1,1,02,09,17,274,42,10,51,165,45*6C
$GIGSV,1,1,02,09,17,274,42,10,51,165,45*6C
$GIGSV,1,1,02,09,17,274,42,10,51,165,45*6C
$GIGSV,1,1,02,09,17,274,42,10,51,165,45*6C
$GIGSV,1,1,02,09,17,274,42,10,51,165,45*6C
$GIGSV,1,1,02,09,17,274,42,10,51,165,45*6C
$GIGSV,1,1,02,09,17,274,42,10,51,165,45*6C
$GIGSV,1,1,02,09,17,274,42,10,51,165,45*6C
$GIGSV,1,1,02,09,17,274,42,10,51,165,45*6C
$GIGSV,1,1,02,09,17,274,42,10,51,165,45*6C
$GIGSV,1,1,02,09,17,274,42,10,51,165,46*6F
$GIGSV,1,1,02,09,17,274,42,10,51,165,46*6F
$GIGSV,1,1,02,09,17,274,42,10,51,165,46*6F
$GIGSV,1,1,02,09,17,274,41,10,51,165,46*6C
$GIGSV,1,1,02,09,17,274,41,10,51,165,46*6C
$GIGSV,1,1,02,09,17,274,41,10,51,165,46*6C
$GIGSV,1,1,02,09,17,274,41,10,51,165,46*6C
$GIGSV,1,1,02,09,17,274,41,10,51,165,46*6C
$GIGSV,1,1,02,09,17,274,41,10,51,165,46*6C
$GIGSV,1,1,02,09,17,274,41,10,51,165,46*6C
$GIGSV,1,1,02,09,17,274,41,10,51,165,46*6C
$GIGSV,1,1,02,09,17,274,41,10,51,165,46*6C
$GIGSV,1,1,02,09,17,274,41,10,51,165,46*6C
$GIGSV,1,1,02,09,17,274,41,10,51,165,46*6C
$GIGSV,1,1,02,09,17,274,41,10,51,165,46*6C
$GIGSV,1,1,02,09,17,274,41,10,51,165,46*6C
$GIGSV,1,1,02,09,17,274,41,10,51,165,46*6C
$GIGSV,1,1,02,09,17,274,41,10,51,165,46*6C
$GIGSV,1,1,02,09,17,274,41,10,51,165,46*6C
$GIGSV,1,1,02,09,17,274,41,10,51,165,46*6C
$GIGSV,1,1,02,09,17,274,41,10,51,165,46*6C
$GIGSV,1,1,02,09,17,274,41,10,51,165,46*6C
$GIGSV,1,1,02,09,17,274,41,10,51,165,46*6C
$GIGSV,1,1,02,09,17,274,41,10,51,165,46*6C
$GIGSV,1,1,02,09,17,274,41,10,51,165,47*6D
$GIGSV,1,1,02,09,17,274,41,10,51,165,47*6D
$GIGSV,1,1,02,09,17,274,41,10,51,165,47*6D
$GIGSV,1,1,02,09,17,274,41,10,51,165,47*6D
$GIGSV,1,1,02,09,17,274,41,10,51,165,46*6C
$GIGSV,1,1,02,09,17,274,41,10,51,165,46*6C
$GIGSV,1,1,02,09,17,274,41,10,51,165,46*6C
$GIGSV,1,1,02,09,17,274,41,10,51,165,46*6C
$GIGSV,1,1,02,09,17,274,40,10,51,165,46*6D
$GIGSV,1,1,02,09,17,274,40,10,51,165,46*6D
$GIGSV,1,1,02,09,17,274,40,10,51,165,46*6D
$GIGSV,1,1,02,09,17,274,40,10,51,165,46*6D
$GIGSV,1,1,02,09,17,274,40,10,51,165,46*6D
$GIGSV,1,1,02,09,17,274,40,10,51,165,46*6D
$GIGSV,1,1,02,09,17,274,40,10,51,165,46*6D
$GIGSV,1,1,02,09,17,274,40,10,51,165,46*6D
$GIGSV,1,1,02,09,17,274,40,10,51,165,46*6D
$GIGSV,1,1,02,09,17,274,40,10,51,165,46*6D
$GIGSV,1,1,02,09,17,274,40,10,51,165,46*6D
$GIGSV,1,1,02,09,17,274,40,10,51,165,46*6D
$GIGSV,1,1,02,09,17,274,40,10,51,165,46*6D
$GIGSV,1,1,02,09,17,274,40,10,51,165,46*6D
$GIGSV,1,1,02,09,17,274,40,10,51,165,46*6D
$GIGSV,1,1,02,09,17,274,40,10,51,165,46*6D
$GIGSV,1,1,02,09,17,274,40,10,51,165,46*6D
$GIGSV,1,1,02,09,17,274,40,10,51,165,46*6D
$GIGSV,1,1,02,09,17,274,40,10,51,165,46*6D
$GIGSV,1,1,02,09,17,274,40,10,51,165,46*6D
$GIGSV,1,1,02,09,17,274,40,10,51,165,46*6D
$GIGSV,1,1,02,09,17,274,40,10,51,165,46*6D
$GIGSV,1,1,02,09,17,274,40,10,51,165,46*6D
$GIGSV,1,1,02,09,17,274,40,10,51,165,46*6D
$GIGSV,1,1,02,09,17,274,40,10,51,165,46*6D
$GIGSV,1,1,02,09,17,274,40,10,51,165,46*6D
$GIGSV,1,1,02,09,17,274,40,10,51,165,46*6D
$GIGSV,1,1,02,09,17,274,40,10,51,165,46*6D
$GIGSV,1,1,02,09,17,274,40,10,51,165,46*6D
$GIGSV,1,1,02,09,17,274,40,10,51,165,46*6D
$GIGSV,1,1,02,09,17,274,40,10,51,165,46*6D
$GIGSV,1,1,02,09,17,274,40,10,51,165,46*6D
$GIGSV,1,1,02,09,17,274,40,10,51,165,46*6D
$GIGSV,1,1,02,09,17,274,40,10,51,165,46*6D
$GIGSV,1,1,02,09,17,274,40,10,51,165,46*6D
$GIGSV,1,1,02,09,17,274,40,10,51,165,46*6D
$GIGSV,1,1,02,09,17,274,40,10,51,165,46*6D
$GIGSV,1,1,02,09,17,274,40,10,51,165,46*6D
$GIGSV,1,1,02,09,17,274,39,10,51,165,46*63
$GIGSV,1,1,02,09,17,274,39,10,51,165,46*63
$GIGSV,1,1,02,09,17,274,39,10,51,165,46*63
$GIGSV,1,1,02,09,17,274,39,10,51,165,46*63
$GIGSV,1,1,02,09,17,274,39,10,51,165,46*63
$GIGSV,1,1,02,09,17,274,39,10,51,165,46*63
$GIGSV,1,1,02,09,17,274,39,10,51,165,46*63
$GIGSV,1,1,02,09,17,274,39,10,51,165,46*63
$GIGSV,1,1,02,09,17,274,39,10,51,165,46*63
$GIGSV,1,1,02,09,17,274,39,10,51,165,46*63
$GIGSV,1,1,02,09,17,274,39,10,51,165,46*63
$GIGSV,1,1,02,09,17,274,39,10,51,165,46*63
$GIGSV,1,1,02,09,17,274,39,10,51,165,46*63
$GIGSV,1,1,02,09,17,274,39,10,51,165,46*63
$GIGSV,1,1,02,09,17,274,39,10,51,165,46*63
$GIGSV,1,1,02,09,17,274,39,10,51,165,46*63
$GIGSV,1,1,02,09,17,274,39,10,51,165,46*63
$GIGSV,1,1,02,09,17,274,39,10,51,165,46*63
$GIGSV,1,1,02,09,17,274,39,10,51,165,46*63
$GIGSV,1,1,02,09,17,274,39,10,51,165,46*63
$GIGSV,1,1,02,09,17,274,39,10,51,165,46*63
$GIGSV,1,1,02,09,17,274,39,10,51,165,46*63
$GIGSV,1,1,02,09,17,274,39,10,51,165,46*63
$GIGSV,1,1,02,09,17,274,39,10,51,165,46*63
$GIGSV,1,1,02,09,17,274,39,10,51,165,46*63
$GIGSV,1,1,02,09,17,274,39,10,51,165,46*63
$GIGSV,1,1,02,09,17,274,39,10,51,165,46*63
$GIGSV,1,1,02,09,17,274,39,10,51,165,46*63
$GIGSV,1,1,02,09,17,274,39,10,51,165,46*63
$GIGSV,1,1,02,09,17,274,39,10,51,165,46*63
$GIGSV,1,1,02,09,17,274,39,10,51,165,46*63
$GIGSV,1,1,02,09,17,274,39,10,51,165,46*63
$GIGSV,1,1,02,09,17,274,39,10,51,165,46*63
$GIGSV,1,1,02,09,17,274,39,10,51,165,46*63
$GIGSV,1,1,02,09,17,274,39,10,51,165,46*63
$GIGSV,1,1,02,09,17,274,39,10,51,165,46*63
$GIGSV,1,1,02,09,17,274,39,10,51,165,46*63
$GIGSV,1,1,02,09,17,274,39,10,51,165,46*63
$GIGSV,1,1,02,09,17,274,39,10,51,165,46*63
$GIGSV,1,1,02,09,17,274,39,10,51,165,46*63
$GIGSV,1,1,02,09,17,274,39,10,51,165,46*63
$GIGSV,1,1,02,09,17,274,39,10,51,165,46*63
$GIGSV,1,1,02,09,17,274,39,10,51,165,46*63
$GIGSV,1,1,02,09,17,274,39,10,51,165,46*63
$GIGSV,1,1,02,09,17,274,39,10,51,165,46*63
$GIGSV,1,1,02,09,17,274,39,10,51,165,46*63
$GIGSV,1,1,02,09,17,274,39,10,51,165,46*63
$GIGSV,1,1,02,09,17,274,39,10,51,165,46*63
$GIGSV,1,1,02,09,17,274,40,10,51,165,46*6D
$GIGSV,1,1,02,09,17,274,40,10,51,165,46*6D
$GIGSV,1,1,02,09,17,274,40,10,51,165,46*6D
$GIGSV,1,1,02,09,17,274,40,10,51,165,46*6D
$GIGSV,1,1,02,09,17,274,40,10,51,165,46*6D
$GIGSV,1,1,02,09,17,274,40,10,51,165,46*6D
$GIGSV,1,1,02,09,17,274,40,10,51,165,46*6D
$GIGSV,1,1,02,09,17,274,40,10,51,165,46*6D
$GIGSV,1,1,02,09,17,274,39,10,51,165,45*60
$GIGSV,1,1,02,09,17,274,39,10,51,165,45*60
$GIGSV,1,1,02,09,17,274,40,10,51,165,45*6E
$GIGSV,1,1,02,09,17,274,40,10,51,165,46*6D
$GIGSV,1,1,02,09,17,274,40,10,51,165,46*6D
$GIGSV,1,1,02,09,17,274,40,10,51,165,46*6D
$GIGSV,1,1,02,09,17,274,40,10,51,165,46*6D
$GIGSV,1,1,02,09,17,274,40,10,51,165,46*6D
$GIGSV,1,1,02,09,17,274,40,10,51,165,45*6E
$GIGSV,1,1,02,09,17,274,40,10,51,165,45*6E
$GIGSV,1,1,02,09,17,274,40,10,51,165,45*6E
$GIGSV,1,1,02,09,17,274,41,10,51,165,45*6F
$GIGSV,1,1,02,09,17,274,41,10,51,165,45*6F
$GIGSV,1,1,02,09,17,274,41,10,51,165,45*6F
$GIGSV,1,1,02,09,17,274,41,10,51,165,46*6C
$GIGSV,1,1,02,09,17,274,41,10,51,165,46*6C
$GIGSV,1,1,02,09,17,274,41,10,51,165,46*6C
$GIGSV,1,1,02,09,17,274,41,10,51,165,46*6C
$GIGSV,1,1,02,09,17,274,41,10,51,165,45*6F
$GIGSV,1,1,02,09,17,274,41,10,51,165,46*6C
$GIGSV,1,1,02,09,17,274,41,10,51,165,46*6C
$GIGSV,1,1,02,09,17,274,41,10,51,165,46*6C
$GIGSV,1,1,02,09,17,274,41,10,51,165,46*6C
$GIGSV,1,1,02,09,17,274,41,10,51,165,46*6C
$GIGSV,1,1,02,09,17,274,41,10,51,165,45*6F
$GIGSV,1,1,02,09,17,274,41,10,51,165,45*6F
$GIGSV,1,1,02,09,17,274,41,10,51,165,45*6F
$GIGSV,1,1,02,09,17,274,41,10,51,165,45*6F
$GIGSV,1,1,02,09,17,274,41,10,51,165,45*6F
$GIGSV,1,1,02,09,17,274,41,10,51,165,46*6C
$GIGSV,1,1,02,09,17,274,41,10,51,165,46*6C
$GIGSV,1,1,02,09,17,274,41,10,51,165,46*6C
$GIGSV,1,1,02,09,17,274,41,10,51,165,46*6C
$GIGSV,1,1,02,09,17,274,41,10,51,165,46*6C
$GIGSV,1,1,02,09,17,274,41,10,51,165,46*6C
$GIGSV,1,1,02,09,17,274,41,10,51,165,46*6C
$GIGSV,1,1,02,09,17,274,41,10,51,165,46*6C
$GIGSV,1,1,02,09,17,274,41,10,51,165,46*6C
$GIGSV,1,1,02,09,17,274,41,10,51,165,46*6C
$GIGSV,1,1,02,09,17,274,41,10,51,165,46*6C
$GIGSV,1,1,02,09,17,274,41,10,51,165,46*6C
$GIGSV,1,1,02,09,17,274,41,10,51,165,46*6C
$GIGSV,1,1,02,09,17,274,40,10,51,165,46*6D
$GIGSV,1,1,02,09,17,274,40,10,51,165,46*6D
$GIGSV,1,1,02,09,17,274,40,10,51,165,46*6D
$GIGSV,1,1,02,09,17,274,40,10,51,165,46*6D
$GIGSV,1,1,02,09,17,274,40,10,51,165,45*6E
$GIGSV,1,1,02,09,17,274,40,10,51,165,45*6E
$GIGSV,1,1,02,09,17,274,40,10,51,165,45*6E
$GIGSV,1,1,02,09,17,274,40,10,51,165,45*6E
$GIGSV,1,1,02,09,17,274,40,10,51,165,45*6E
$GIGSV,1,1,02,09,17,274,40,10,51,165,45*6E
$GIGSV,1,1,02,09,17,274,40,10,51,165,45*6E
$GIGSV,1,1,02,09,17,274,40,10,51,165,45*6E
$GIGSV,1,1,02,09,17,274,40,10,51,165,45*6E
$GIGSV,1,1,02,09,17,274,40,10,51,165,45*6E
$GIGSV,1,1,02,09,17,274,40,10,51,165,45*6E
$GIGSV,1,1,02,09,17,274,40,10,51,165,45*6E
$GIGSV,1,1,02,09,17,274,40,10,51,165,45*6E
$GIGSV,1,1,02,09,17,274,40,10,51,165,45*6E
$GIGSV,1,1,02,09,17,274,40,10,51,165,45*6E
$GIGSV,1,1,02,09,17,274,40,10,51,165,45*6E
$GIGSV,1,1,02,09,17,274,40,10,51,165,45*6E
$GIGSV,1,1,02,09,17,274,40,10,51,165,45*6E
$GIGSV,1,1,02,09,17,274,40,10,51,165,45*6E
$GIGSV,1,1,02,09,17,274,40,10,51,165,45*6E
$GIGSV,1,1,02,09,17,274,40,10,51,165,45*6E
$GIGSV,1,1,02,09,17,274,40,10,51,165,45*6E
$GIGSV,1,1,02,09,17,274,40,10,51,165,45*6E
$GIGSV,1,1,02,09,17,274,40,10,51,165,45*6E
$GIGSV,1,1,02,09,17,274,40,10,51,165,45*6E
$GIGSV,1,1,02,09,17,274,39,10,51,165,45*60
$GIGSV,1,1,02,09,17,274,39,10,51,165,45*60
$GIGSV,1,1,02,09,17,274,39,10,51,165,45*60
$GIGSV,1,1,02,09,17,274,39,10,51,165,44*61
$GIGSV,1,1,02,09,17,274,39,10,51,165,44*61
$GIGSV,1,1,02,09,17,274,39,10,51,165,44*61
$GIGSV,1,1,02,09,17,274,39,10,51,165,44*61
$GIGSV,1,1,02,09,17,274,39,10,51,165,44*61
$GIGSV,1,1,02,09,17,274,39,10,51,165,44*61
$GIGSV,1,1,02,09,17,274,39,10,51,165,44*61
$GIGSV,1,1,02,09,17,274,39,10,51,165,44*61
$GIGSV,1,1,02,09,17,274,39,10,51,165,44*61
$GIGSV,1,1,02,09,17,274,39,10,51,165,44*61
$GIGSV,1,1,02,09,17,274,39,10,51,165,44*61
$GIGSV,1,1,02,09,17,274,39,10,51,165,44*61
$GIGSV,1,1,02,09,17,274,39,10,51,165,44*61
$GIGSV,1,1,02,09,17,274,39,10,51,165,44*61
$GIGSV,1,1,02,09,17,274,39,10,51,165,44*61
$GIGSV,1,1,02,09,17,274,39,10,51,165,44*61
$GIGSV,1,1,02,09,17,274,39,10,51,165,43*66
$GIGSV,1,1,02,09,17,274,39,10,51,165,43*66
$GIGSV,1,1,02,09,17,274,39,10,51,165,43*66
$GIGSV,1,1,02,09,17,274,39,10,51,165,43*66
$GIGSV,1,1,02,09,17,274,39,10,51,165,43*66
$GIGSV,1,1,02,09,17,274,39,10,51,165,43*66
$GIGSV,1,1,02,09,17,274,39,10,51,165,43*66
$GIGSV,1,1,02,09,17,274,39,10,51,165,43*66
$GIGSV,1,1,02,09,17,274,39,10,51,165,43*66
$GIGSV,1,1,02,09,17,274,39,10,51,165,43*66
$GIGSV,1,1,02,09,17,274,39,10,51,165,43*66
$GIGSV,1,1,02,09,17,274,40,10,51,165,43*68
$GIGSV,1,1,02,09,17,274,40,10,51,165,43*68
$GIGSV,1,1,02,09,17,274,40,10,51,165,43*68
$GIGSV,1,1,02,09,17,274,40,10,51,165,42*69
$GIGSV,1,1,02,09,17,274,40,10,51,165,42*69
$GIGSV,1,1,02,09,17,274,40,10,51,165,42*69
$GIGSV,1,1,02,09,17,274,40,10,51,165,42*69
$GIGSV,1,1,02,09,17,274,40,10,51,165,42*69
$GIGSV,1,1,02,09,17,274,39,10,51,165,42*67
$GIGSV,1,1,02,09,17,274,39,10,51,165,42*67
$GIGSV,1,1,02,09,17,274,39,10,51,165,42*67
$GIGSV,1,1,02,09,17,274,39,10,51,165,42*67
$GIGSV,1,1,02,09,17,274,39,10,51,165,42*67
$GIGSV,1,1,02,09,17,274,39,10,51,165,42*67
$GIGSV,1,1,02,09,17,274,39,10,51,165,42*67
$GIGSV,1,1,02,09,17,274,39,10,51,165,42*67
$GIGSV,1,1,02,09,17,274,39,10,51,165,41*64
$GIGSV,1,1,02,09,17,274,39,10,51,165,41*64
$GIGSV,1,1,02,09,17,274,39,10,51,165,41*64
$GIGSV,1,1,02,09,17,274,39,10,51,165,41*64
$GIGSV,1,1,02,09,17,274,39,10,51,165,41*64
$GIGSV,1,1,02,09,17,274,39,10,51,165,41*64
$GIGSV,1,1,02,09,17,274,39,10,51,165,41*64
$GIGSV,1,1,02,09,17,274,39,10,51,165,41*64
$GIGSV,1,1,02,09,17,274,39,10,51,165,41*64
$GIGSV,1,1,02,09,17,274,39,10,51,165,41*64
$GIGSV,1,1,02,09,17,274,39,10,51,165,41*64
$GIGSV,1,1,02,09,17,274,39,10,51,165,41*64
$GIGSV,1,1,02,09,17,274,39,10,51,165,41*64
$GIGSV,1,1,02,09,17,274,39,10,51,165,40*65
$GIGSV,1,1,02,09,17,274,39,10,51,165,40*65
$GIGSV,1,1,02,09,17,274,39,10,51,165,40*65
$GIGSV,1,1,02,09,17,274,39,10,51,165,40*65
$GIGSV,1,1,02,09,17,274,39,10,51,165,40*65
$GIGSV,1,1,02,09,17,274,40,10,51,165,40*6B
$GIGSV,1,1,02,09,17,274,40,10,51,165,40*6B
$GIGSV,1,1,02,09,17,274,40,10,51,165,40*6B
$GIGSV,1,1,02,09,17,274,40,10,51,165,40*6B
$GIGSV,1,1,02,09,17,274,40,10,51,165,40*6B
$GIGSV,1,1,02,09,17,274,40,10,51,165,40*6B
$GIGSV,1,1,02,09,17,274,40,10,51,165,40*6B
$GIGSV,1,1,02,09,17,274,40,10,51,165,40*6B
$GIGSV,1,1,02,09,17,274,41,10,51,165,40*6A
$GIGSV,1,1,02,09,17,274,41,10,51,165,39*64
$GIGSV,1,1,02,09,17,274,41,10,51,165,39*64
$GIGSV,1,1,02,09,17,274,41,10,51,165,39*64
$GIGSV,1,1,02,09,17,274,41,10,51,165,39*64
$GIGSV,1,1,02,09,17,274,41,10,51,165,39*64
$GIGSV,1,1,02,09,17,274,41,10,51,165,39*64
$GIGSV,1,1,02,09,17,274,41,10,51,165,39*64
$GIGSV,1,1,02,09,17,274,41,10,51,165,39*64
$GIGSV,1,1,02,09,17,274,41,10,51,165,27*6B
$GIGSV,1,1,02,09,17,274,41,10,51,165,26*6A
$GIGSV,1,1,02,09,17,274,41,10,51,165,26*6A
$GIGSV,1,1,02,09,17,274,41,10,51,165,26*6A
$GIGSV,1,1,02,09,17,274,41,10,51,165,27*6B
$GIGSV,1,1,02,09,17,274,41,10,51,165,27*6B
$GIGSV,1,1,02,09,17,274,41,10,51,165,27*6B
$GIGSV,1,1,02,09,17,274,42,10,51,165,27*68
$GIGSV,1,1,02,09,17,274,42,10,51,165,27*68
$GIGSV,1,1,02,09,17,274,42,10,51,165,27*68
$GIGSV,1,1,02,09,17,274,42,10,51,165,27*68
$GIGSV,1,1,02,09,17,274,42,10,51,165,27*68
$GIGSV,1,1,02,09,17,274,42,10,51,165,27*68
$GIGSV,1,1,02,09,17,274,42,10,51,165,27*68
$GIGSV,1,1,02,09,17,274,42,10,51,165,28*67
$GIGSV,1,1,02,09,17,274,42,10,51,165,28*67
$GIGSV,1,1,02,09,17,274,42,10,51,165,27*68
$GIGSV,1,1,02,09,17,274,42,10,51,165,28*67
$GIGSV,1,1,02,09,17,274,42,10,51,165,28*67
$GIGSV,1,1,02,09,17,274,42,10,51,165,28*67
$GIGSV,1,1,02,09,17,274,42,10,51,165,28*67
$GIGSV,1,1,02,09,17,274,42,10,51,165,28*67
$GIGSV,1,1,02,09,17,274,42,10,51,165,28*67
$GIGSV,1,1,02,09,17,274,42,10,51,165,28*67
$GIGSV,1,1,02,09,17,274,42,10,51,165,28*67
$GIGSV,1,1,02,09,17,274,42,10,51,165,28*67
$GIGSV,1,1,02,09,17,274,42,10,51,165,28*67
$GIGSV,1,1,02,09,17,274,42,10,51,165,28*67
$GIGSV,1,1,02,09,17,274,42,10,51,165,28*67
$GIGSV,1,1,02,09,17,274,42,10,51,165,28*67
$GIGSV,1,1,02,09,17,274,42,10,51,165,28*67
$GIGSV,1,1,02,09,17,274,42,10,51,165,28*67
$GIGSV,1,1,02,09,17,274,42,10,51,165,28*67
$GIGSV,1,1,02,09,17,274,42,10,51,165,29*66
$GIGSV,1,1,02,09,17,274,42,10,51,165,29*66
$GIGSV,1,1,02,09,17,274,42,10,51,165,29*66
$GIGSV,1,1,02,09,17,274,42,10,51,165,29*66
$GIGSV,1,1,02,09,17,274,42,10,51,165,29*66
$GIGSV,1,1,02,09,17,274,42,10,51,165,29*66
$GIGSV,1,1,02,09,17,274,42,10,51,165,29*66
$GIGSV,1,1,02,09,17,274,42,10,51,165,29*66
$GIGSV,1,1,02,09,17,274,42,10,51,165,29*66
$GIGSV,1,1,02,09,17,274,42,10,51,165,29*66
$GIGSV,1,1,02,09,17,274,43,10,51,165,29*67
$GIGSV,1,1,02,09,17,274,43,10,51,165,30*6F
$GIGSV,1,1,02,09,17,274,43,10,51,165,30*6F
$GIGSV,1,1,02,09,17,274,43,10,51,165,30*6F
$GIGSV,1,1,02,09,17,274,43,10,51,165,30*6F
$GIGSV,1,1,02,09,17,274,43,10,51,165,30*6F
$GIGSV,1,1,02,09,17,274,43,10,51,165,30*6F
$GIGSV,1,1,02,09,17,274,43,10,51,165,30*6F
$GIGSV,1,1,02,09,17,274,43,10,51,165,30*6F
$GIGSV,1,1,02,09,17,274,43,10,51,165,30*6F
$GIGSV,1,1,02,09,17,274,42,10,51,165,30*6E
$GIGSV,1,1,02,09,17,274,42,10,51,165,30*6E
$GIGSV,1,1,02,09,17,274,42,10,51,165,30*6E
$GIGSV,1,1,02,09,17,274,42,10,51,165,30*6E
$GIGSV,1,1,02,09,17,274,42,10,51,165,30*6E
$GIGSV,1,1,02,09,17,274,43,10,51,165,30*6F
$GIGSV,1,1,02,09,17,274,43,10,51,165,30*6F
$GIGSV,1,1,02,09,17,274,43,10,51,165,30*6F
$GIGSV,1,1,02,09,17,274,43,10,51,165,30*6F
$GIGSV,1,1,02,09,17,274,43,10,51,165,29*67
$GIGSV,1,1,02,09,17,274,43,10,51,165,29*67
$GIGSV,1,1,02,09,17,274,43,10,51,165,28*66
$GIGSV,1,1,02,09,17,274,43,10,51,165,30*6F
$GIGSV,1,1,02,09,17,274,42,10,51,165,30*6E
$GIGSV,1,1,02,09,17,274,42,10,51,165,29*66
$GIGSV,1,1,02,09,17,274,42,10,51,165,29*66
$GIGSV,1,1,02,09,17,274,43,10,51,165,31*6E
$GIGSV,1,1,02,09,17,274,43,10,51,165,31*6E
$GIGSV,1,1,02,09,17,274,43,10,51,165,31*6E
$GIGSV,1,1,02,09,17,274,43,10,51,165,31*6E
$GIGSV,1,1,02,09,17,274,43,10,51,165,31*6E
$GIGSV,1,1,02,09,17,274,43,10,51,165,31*6E
$GIGSV,1,1,02,09,17,274,43,10,51,165,31*6E
$GIGSV,1,1,02,09,17,274,43,10,51,165,31*6E
$GIGSV,1,1,02,09,17,274,43,10,51,165,32*6D
$GIGSV,1,1,02,09,17,274,43,10,51,165,32*6D
$GIGSV,1,1,02,09,17,274,43,10,51,165,32*6D
$GIGSV,1,1,02,09,17,274,43,10,51,165,32*6D
$GIGSV,1,1,02,09,17,274,43,10,51,165,32*6D
$GIGSV,1,1,02,09,17,274,43,10,51,165,32*6D
$GIGSV,1,1,02,09,17,274,43,10,51,165,32*6D
$GIGSV,1,1,02,09,17,274,43,10,51,165,32*6D
$GIGSV,1,1,02,09,17,274,43,10,51,165,32*6D
$GIGSV,1,1,02,09,17,274,43,10,51,165,33*6C
$GIGSV,1,1,02,09,17,274,43,10,51,165,33*6C
$GIGSV,1,1,02,09,17,274,43,10,51,165,33*6C
$GIGSV,1,1,02,09,17,274,43,10,51,165,33*6C
$GIGSV,1,1,02,09,17,274,43,10,51,165,33*6C
$GIGSV,1,1,02,09,17,274,43,10,51,165,33*6C
$GIGSV,1,1,02,09,17,274,43,10,51,165,33*6C
$GIGSV,1,1,01,09,17,274,43*58
$GIGSV,1,1,01,09,17,274,43*58
$GIGSV,1,1,01,09,17,274,42*59
$GIGSV,1,1,01,09,17,274,42*59
$GIGSV,1,1,01,09,17,274,42*59
$GIGSV,1,1,01,09,17,274,42*59
$GIGSV,1,1,01,09,17,274,42*59
$GIGSV,1,1,01,09,17,274,42*59
$GIGSV,1,1,01,09,17,274,42*59
$GIGSV,1,1,02,09,17,274,42,10,51,165,29*66
$GIGSV,1,1,02,09,17,274,42,10,51,165,29*66
$GIGSV,1,1,02,09,17,274,42,10,51,165,31*6F
$GIGSV,1,1,02,09,17,274,42,10,51,165,32*6C
$GIGSV,1,1,02,09,17,274,42,10,51,165,32*6C
$GIGSV,1,1,02,09,17,274,42,10,51,165,32*6C
$GIGSV,1,1,02,09,17,274,42,10,51,165,32*6C
$GIGSV,1,1,02,09,17,274,42,10,51,165,32*6C
$GIGSV,1,1,02,09,17,274,42,10,51,165,33*6D
$GIGSV,1,1,02,09,17,274,42,10,51,165,33*6D
$GIGSV,1,1,02,09,17,274,42,10,51,165,34*6A
$GIGSV,1,1,02,09,17,274,42,10,51,165,35*6B
$GIGSV,1,1,02,09,17,274,42,10,51,165,35*6B
$GIGSV,1,1,02,09,17,274,42,10,51,165,34*6A
$GIGSV,1,1,02,09,17,274,42,10,51,165,34*6A
$GIGSV,1,1,02,09,17,274,42,10,51,165,34*6A
$GIGSV,1,1,02,09,17,274,42,10,51,165,34*6A
$GIGSV,1,1,02,09,17,274,42,10,51,165,32*6C
$GIGSV,1,1,02,09,17,274,42,10,51,165,33*6D
$GIGSV,1,1,02,09,17,274,42,10,51,165,33*6D
$GIGSV,1,1,02,09,17,274,42,10,51,165,32*6C
$GIGSV,1,1,02,09,17,274,41,10,51,165,31*6C
$GIGSV,1,1,02,09,17,274,41,10,51,165,31*6C
$GIGSV,1,1,02,09,17,274,41,10,51,165,32*6F
$GIGSV,1,1,02,09,17,274,41,10,51,165,32*6F
$GIGSV,1,1,02,09,17,274,41,10,51,165,33*6E
$GIGSV,1,1,02,09,17,274,41,10,51,165,32*6F
$GIGSV,1,1,02,09,17,274,41,10,51,165,32*6F
$GIGSV,1,1,01,09,17,274,41*5A
$GIGSV,1,1,01,09,17,274,41*5A
$GIGSV,1,1,01,09,17,274,41*5A
$GIGSV,1,1,01,09,17,274,41*5A
$GIGSV,1,1,01,09,17,274,41*5A
$GIGSV,1,1,01,09,17,274,41*5A
$GIGSV,1,1,01,09,17,274,41*5A
$GIGSV,1,1,01,09,17,274,41*5A
$GIGSV,1,1,01,09,17,274,41*5A
$GIGSV,1,1,01,09,17,274,41*5A
$GIGSV,1,1,01,09,17,274,41*5A
$GIGSV,1,1,02,09,17,274,41,10,51,165,32*6F
$GIGSV,1,1,02,09,17,274,41,10,51,165,32*6F
$GIGSV,1,1,02,09,17,274,41,10,51,165,29*65
$GIGSV,1,1,02,09,17,274,41,10,51,165,29*65
$GIGSV,1,1,02,09,17,274,41,10,51,165,29*65
$GIGSV,1,1,02,09,17,274,41,10,51,165,28*64
$GIGSV,1,1,02,09,17,274,41,10,51,165,28*64
$GIGSV,1,1,02,09,17,274,41,10,51,165,27*6B
$GIGSV,1,1,02,09,17,274,41,10,51,165,27*6B
$GIGSV,1,1,02,09,17,274,41,10,51,165,27*6B
$GIGSV,1,1,02,09,17,274,41,10,51,165,27*6B
$GIGSV,1,1,02,09,17,274,41,10,51,165,27*6B
$GIGSV,1,1,02,09,17,274,41,10,51,165,27*6B
$GIGSV,1,1,02,09,17,274,41,10,51,165,27*6B
$GIGSV,1,1,02,09,17,274,41,10,51,165,27*6B
$GIGSV,1,1,02,09,17,274,41,10,51,165,27*6B
$GIGSV,1,1,02,09,17,274,41,10,51,165,27*6B
$GIGSV,1,1,02,09,17,274,41,10,51,165,27*6B
$GIGSV,1,1,02,09,17,274,41,10,51,165,28*64
$GIGSV,1,1,02,09,17,274,41,10,51,165,28*64
$GIGSV,1,1,02,09,17,274,41,10,51,165,28*64
$GIGSV,1,1,02,09,17,274,41,10,51,165,29*65
$GIGSV,1,1,02,09,17,274,41,10,51,165,29*65
$GIGSV,1,1,02,09,17,274,41,10,51,165,29*65
$GIGSV,1,1,02,09,17,274,41,10,51,165,30*6D
$GIGSV,1,1,02,09,17,274,41,10,51,165,30*6D
$GIGSV,1,1,02,09,17,274,41,10,51,165,30*6D
$GIGSV,1,1,02,09,17,274,41,10,51,165,30*6D
$GIGSV,1,1,02,09,17,274,41,10,51,165,30*6D
$GIGSV,1,1,02,09,17,274,41,10,51,165,30*6D
$GIGSV,1,1,02,09,17,274,41,10,51,165,30*6D
$GIGSV,1,1,02,09,17,274,41,10,51,165,30*6D
$GIGSV,1,1,02,09,17,274,41,10,51,165,30*6D
$GIGSV,1,1,02,09,17,274,41,10,51,165,30*6D
$GIGSV,1,1,02,09,17,274,41,10,51,165,30*6D
$GIGSV,1,1,02,09,17,274,41,10,51,165,30*6D
$GIGSV,1,1,02,09,17,274,41,10,51,165,30*6D
$GIGSV,1,1,02,09,17,274,41,10,51,165,30*6D
$GIGSV,1,1,02,09,17,274,41,10,51,165,30*6D
$GIGSV,1,1,02,09,17,274,41,10,51,165,30*6D
$GIGSV,1,1,02,09,17,274,41,10,51,165,30*6D
$GIGSV,1,1,02,09,17,274,41,10,51,165,30*6D
$GIGSV,1,1,02,09,17,274,41,10,51,165,29*65
$GIGSV,1,1,02,09,17,274,41,10,51,165,29*65
$GIGSV,1,1,02,09,17,274,41,10,51,165,29*65
$GIGSV,1,1,02,09,17,274,41,10,51,165,29*65
$GIGSV,1,1,02,09,17,274,41,10,51,165,29*65
$GIGSV,1,1,02,09,17,274,41,10,51,165,30*6D
$GIGSV,1,1,02,09,17,274,41,10,51,165,30*6D
$GIGSV,1,1,02,09,17,274,41,10,51,165,30*6D
$GIGSV,1,1,02,09,17,274,41,10,51,165,30*6D
$GIGSV,1,1,02,09,17,274,41,10,51,165,30*6D
$GIGSV,1,1,02,09,17,274,41,10,51,165,30*6D
$GIGSV,1,1,02,09,17,274,41,10,51,165,30*6D
$GIGSV,1,1,02,09,17,274,41,10,51,165,30*6D
$GIGSV,1,1,02,09,17,274,41,10,51,165,30*6D
$GIGSV,1,1,02,09,17,274,41,10,51,165,30*6D
$GIGSV,1,1,02,09,17,274,41,10,51,165,30*6D
$GIGSV,1,1,02,09,17,274,41,10,51,165,30*6D
$GIGSV,1,1,02,09,17,274,41,10,51,165,30*6D
$GIGSV,1,1,02,09,17,274,41,10,51,165,30*6D
$GIGSV,1,1,02,09,17,274,41,10,51,165,30*6D
$GIGSV,1,1,02,09,17,274,41,10,51,165,30*6D
$GIGSV,1,1,02,09,17,274,41,10,51,165,30*6D
$GIGSV,1,1,02,09,17,274,41,10,51,165,30*6D
$GIGSV,1,1,02,09,17,274,41,10,51,165,30*6D
$GIGSV,1,1,02,09,17,274,41,10,51,165,30*6D
$GIGSV,1,1,02,09,17,274,41,10,51,165,31*6C
$GIGSV,1,1,02,09,17,274,41,10,51,165,31*6C
$GIGSV,1,1,02,09,17,274,41,10,51,165,32*6F
$GIGSV,1,1,02,09,17,274,41,10,51,165,32*6F
$GIGSV,1,1,02,09,17,274,41,10,51,165,34*69
$GIGSV,1,1,02,09,17,274,41,10,51,165,34*69
$GIGSV,1,1,02,09,17,274,41,10,51,165,36*6B
$GIGSV,1,1,02,09,17,274,41,10,51,165,36*6B
$GIGSV,1,1,02,09,17,274,41,10,51,165,36*6B
$GIGSV,1,1,02,09,17,274,41,10,51,165,38*65
$GIGSV,1,1,02,09,17,274,41,10,51,165,38*65
$GIGSV,1,1,02,09,17,274,41,10,51,165,37*6A
$GIGSV,1,1,02,09,17,274,41,10,51,165,37*6A
$GIGSV,1,1,02,09,17,274,41,10,51,165,37*6A
$GIGSV,1,1,02,09,17,274,41,10,51,165,37*6A
$GIGSV,1,1,02,09,17,274,41,10,51,165,37*6A
$GIGSV,1,1,02,09,17,274,41,10,51,165,37*6A
$GIGSV,1,1,02,09,17,274,41,10,51,165,37*6A
$GIGSV,1,1,02,09,17,274,41,10,51,165,37*6A
$GIGSV,1,1,02,09,17,274,41,10,51,165,36*6B
$GIGSV,1,1,02,09,17,274,41,10,51,165,36*6B
$GIGSV,1,1,02,09,17,274,41,10,51,165,36*6B
$GIGSV,1,1,02,09,17,274,41,10,51,165,37*6A
$GIGSV,1,1,02,09,17,274,41,10,51,165,37*6A
$GIGSV,1,1,02,09,17,274,41,10,51,165,37*6A
$GIGSV,1,1,02,09,17,274,41,10,51,165,37*6A
$GIGSV,1,1,02,09,17,274,41,10,51,165,37*6A
$GIGSV,1,1,02,09,17,274,41,10,51,165,37*6A
$GIGSV,1,1,02,09,17,274,41,10,51,165,37*6A
$GIGSV,1,1,02,09,17,274,41,10,51,165,37*6A
$GIGSV,1,1,02,09,17,274,41,10,51,165,37*6A
$GIGSV,1,1,02,09,17,274,41,10,51,165,37*6A
$GIGSV,1,1,02,09,17,274,41,10,51,165,37*6A
$GIGSV,1,1,02,09,17,274,41,10,51,165,37*6A
$GIGSV,1,1,02,09,17,274,41,10,51,165,37*6A
$GIGSV,1,1,02,09,17,274,41,10,51,165,37*6A
$GIGSV,1,1,02,09,17,274,41,10,51,165,37*6A
$GIGSV,1,1,02,09,17,274,41,10,51,165,37*6A
$GIGSV,1,1,02,09,17,274,41,10,51,165,37*6A
$GIGSV,1,1,02,09,17,274,41,10,51,165,37*6A
$GIGSV,1,1,02,09,17,274,41,10,51,165,37*6A
$GIGSV,1,1,02,09,17,274,41,10,51,165,37*6A
$GIGSV,1,1,02,09,17,274,40,10,51,165,37*6B
$GIGSV,1,1,02,09,17,274,40,10,51,165,37*6B
$GIGSV,1,1,02,09,17,274,40,10,51,165,36*6A
$GIGSV,1,1,02,09,17,274,40,10,51,165,36*6A
$GIGSV,1,1,02,09,17,274,40,10,51,165,36*6A
$GIGSV,1,1,02,09,17,274,40,10,51,165,36*6A
$GIGSV,1,1,02,09,17,274,41,10,51,165,36*6B
$GIGSV,1,1,02,09,17,274,41,10,51,165,36*6B
$GIGSV,1,1,02,09,17,274,41,10,51,165,36*6B
$GIGSV,1,1,02,09,17,274,41,10,51,165,36*6B
$GIGSV,1,1,02,09,17,274,41,10,51,165,36*6B
$GIGSV,1,1,02,09,17,274,41,10,51,165,36*6B
$GIGSV,1,1,02,09,17,274,41,10,51,165,36*6B
$GIGSV,1,1,02,09,17,274,41,10,51,165,36*6B
$GIGSV,1,1,02,09,17,274,41,10,51,165,36*6B
$GIGSV,1,1,02,09,17,274,41,10,51,165,36*6B
$GIGSV,1,1,02,09,17,274,41,10,51,165,36*6B
$GIGSV,1,1,02,09,17,274,41,10,51,165,36*6B
$GIGSV,1,1,02,09,17,274,41,10,51,165,36*6B
$GIGSV,1,1,02,09,17,274,41,10,51,165,36*6B
$GIGSV,1,1,02,09,17,274,41,10,51,165,36*6B
$GIGSV,1,1,02,09,17,274,41,10,51,165,35*68
$GIGSV,1,1,02,09,17,274,41,10,51,165,35*68
$GIGSV,1,1,02,09,17,274,41,10,51,165,35*68
$GIGSV,1,1,02,09,17,274,41,10,51,165,35*68
$GIGSV,1,1,02,09,17,274,41,10,51,165,35*68
$GIGSV,1,1,02,09,17,274,41,10,51,165,35*68
$GIGSV,1,1,02,09,17,274,41,10,51,165,35*68
$GIGSV,1,1,02,09,17,274,41,10,51,165,35*68
$GIGSV,1,1,02,09,17,274,41,10,51,165,35*68
$GIGSV,1,1,02,09,17,274,41,10,51,165,35*68
$GIGSV,1,1,02,09,17,274,41,10,51,165,35*68
$GIGSV,1,1,02,09,17,274,41,10,51,165,35*68
$GIGSV,1,1,02,09,17,274,41,10,51,165,35*68
$GIGSV,1,1,02,09,17,274,41,10,51,165,35*68
$GIGSV,1,1,02,09,17,274,41,10,51,165,35*68
$GIGSV,1,1,02,09,17,274,41,10,51,165,35*68
$GIGSV,1,1,02,09,17,274,41,10,51,165,35*68
$GIGSV,1,1,02,09,17,274,41,10,51,165,35*68
$GIGSV,1,1,02,09,17,274,41,10,51,165,35*68
$GIGSV,1,1,02,09,17,274,41,10,51,165,35*68
$GIGSV,1,1,02,09,17,274,41,10,51,165,35*68
$GIGSV,1,1,02,09,17,274,41,10,51,165,35*68
$GIGSV,1,1,02,09,17,274,41,10,51,165,35*68
$GIGSV,1,1,02,09,17,274,41,10,51,165,35*68
$GIGSV,1,1,02,09,17,274,41,10,51,165,35*68
$GIGSV,1,1,02,09,17,274,41,10,51,165,35*68
$GIGSV,1,1,02,09,17,274,41,10,51,165,35*68
$GIGSV,1,1,02,09,17,274,41,10,51,165,35*68
$GIGSV,1,1,02,09,17,274,41,10,51,165,35*68
$GIGSV,1,1,02,09,17,274,41,10,51,165,35*68
$GIGSV,1,1,02,09,17,274,41,10,51,165,35*68
$GIGSV,1,1,02,09,17,274,41,10,51,165,35*68
$GIGSV,1,1,02,09,17,274,41,10,51,165,34*69
$GIGSV,1,1,02,09,17,274,41,10,51,165,34*69
$GIGSV,1,1,02,09,17,274,41,10,51,165,34*69
$GIGSV,1,1,02,09,17,274,41,10,51,165,34*69
$GIGSV,1,1,02,09,17,274,41,10,51,165,34*69
$GIGSV,1,1,02,09,17,274,41,10,51,165,34*69
$GIGSV,1,1,02,09,17,274,41,10,51,165,34*69
$GIGSV,1,1,02,09,17,274,41,10,51,165,34*69
$GIGSV,1,1,02,09,17,274,41,10,51,165,34*69
$GIGSV,1,1,02,09,17,274,41,10,51,165,34*69
$GIGSV,1,1,02,09,17,274,41,10,51,165,34*69
$GIGSV,1,1,02,09,17,274,41,10,51,165,34*69
$GIGSV,1,1,02,09,17,274,41,10,51,165,34*69
$GIGSV,1,1,02,09,17,274,41,10,51,165,34*69
$GIGSV,1,1,02,09,17,274,41,10,51,165,34*69
$GIGSV,1,1,02,09,17,274,41,10,51,165,34*69
$GIGSV,1,1,02,09,17,274,41,10,51,165,34*69
$GIGSV,1,1,02,09,17,274,41,10,51,165,34*69
$GIGSV,1,1,02,09,17,274,41,10,51,165,34*69
$GIGSV,1,1,02,09,17,274,41,10,51,165,34*69
$GIGSV,1,1,02,09,17,274,41,10,51,165,34*69
$GIGSV,1,1,02,09,17,274,41,10,51,165,34*69
$GIGSV,1,1,02,09,17,274,41,10,51,165,34*69
$GIGSV,1,1,02,09,17,274,41,10,51,165,33*6E
$GIGSV,1,1,02,09,17,274,41,10,51,165,33*6E
$GIGSV,1,1,02,09,17,274,41,10,51,165,33*6E
$GIGSV,1,1,02,09,17,274,41,10,51,165,33*6E
$GIGSV,1,1,02,09,17,274,41,10,51,165,33*6E
$GIGSV,1,1,02,09,17,274,41,10,51,165,33*6E
$GIGSV,1,1,02,09,17,274,41,10,51,165,33*6E
$GIGSV,1,1,02,09,17,274,41,10,51,165,33*6E
$GIGSV,1,1,02,09,17,274,41,10,51,165,33*6E
$GIGSV,1,1,02,09,17,274,41,10,51,165,33*6E
$GIGSV,1,1,02,09,17,274,41,10,51,165,33*6E
$GIGSV,1,1,02,09,17,274,41,10,51,165,33*6E
$GIGSV,1,1,02,09,17,274,41,10,51,165,33*6E
$GIGSV,1,1,02,09,17,274,41,10,51,165,33*6E
$GIGSV,1,1,02,09,17,274,41,10,51,165,33*6E
$GIGSV,1,1,02,09,17,274,41,10,51,165,33*6E
$GIGSV,1,1,02,09,17,274,41,10,51,165,33*6E
$GIGSV,1,1,02,09,17,274,41,10,51,165,33*6E
$GIGSV,1,1,02,09,17,274,41,10,51,165,33*6E
$GIGSV,1,1,02,09,17,274,41,10,51,165,33*6E
$GIGSV,1,1,02,09,17,274,41,10,51,165,33*6E
$GIGSV,1,1,02,09,17,274,41,10,51,165,33*6E
$GIGSV,1,1,02,09,17,274,41,10,51,165,33*6E
$GIGSV,1,1,02,09,17,274,41,10,51,165,33*6E
$GIGSV,1,1,02,09,17,274,41,10,51,165,33*6E
$GIGSV,1,1,02,09,17,274,41,10,51,165,33*6E
$GIGSV,1,1,02,09,17,274,41,10,51,165,33*6E
$GIGSV,1,1,02,09,17,274,41,10,51,165,33*6E
$GIGSV,1,1,02,09,17,274,41,10,51,165,33*6E
$GIGSV,1,1,02,09,17,274,41,10,51,165,33*6E
$GIGSV,1,1,02,09,17,274,41,10,51,165,33*6E
$GIGSV,1,1,02,09,17,274,41,10,51,165,33*6E
$GIGSV,1,1,02,09,17,274,41,10,51,165,33*6E
$GIGSV,1,1,02,09,17,274,41,10,51,165,33*6E
$GIGSV,1,1,02,09,17,274,41,10,51,165,33*6E
$GIGSV,1,1,02,09,17,274,41,10,51,165,33*6E
$GIGSV,1,1,02,09,17,274,41,10,51,165,33*6E
$GIGSV,1,1,02,09,17,274,41,10,51,165,33*6E
$GIGSV,1,1,02,09,17,274,41,10,51,165,34*69
$GIGSV,1,1,02,09,17,274,41,10,51,165,34*69
$GIGSV,1,1,02,09,17,274,41,10,51,165,34*69
$GIGSV,1,1,02,09,17,274,41,10,51,165,35*68
$GIGSV,1,1,02,09,17,274,41,10,51,165,35*68
$GIGSV,1,1,02,09,17,274,41,10,51,165,36*6B
$GIGSV,1,1,02,09,17,274,41,10,51,165,36*6B
$GIGSV,1,1,02,09,17,274,41,10,51,165,36*6B
$GIGSV,1,1,02,09,17,274,41,10,51,165,37*6A
$GIGSV,1,1,02,09,17,274,41,10,51,165,37*6A
$GIGSV,1,1,02,09,17,274,41,10,51,165,37*6A
$GIGSV,1,1,02,09,17,274,41,10,51,165,38*65
$GIGSV,1,1,02,09,17,274,41,10,51,165,38*65
$GIGSV,1,1,02,09,17,274,41,10,51,165,38*65
$GIGSV,1,1,02,09,17,274,41,10,51,165,38*65
$GIGSV,1,1,02,09,17,274,41,10,51,165,39*64
$GIGSV,1,1,02,09,17,274,41,10,51,165,39*64
$GIGSV,1,1,02,09,17,274,42,10,51,165,39*67
$GIGSV,1,1,02,09,17,274,42,10,51,165,40*69
$GIGSV,1,1,02,09,17,274,42,10,51,165,40*69
$GIGSV,1,1,02,09,17,274,42,10,51,165,40*69
$GIGSV,1,1,02,09,17,274,42,10,51,165,41*68
$GIGSV,1,1,02,09,17,274,42,10,51,165,41*68
$GIGSV,1,1,02,09,17,274,42,10,51,165,41*68
$GIGSV,1,1,02,09,17,274,42,10,51,165,41*68
$GIGSV,1,1,02,09,17,274,42,10,51,165,41*68
$GIGSV,1,1,02,09,17,274,42,10,51,165,41*68
$GIGSV,1,1,02,09,17,274,42,10,51,165,41*68
$GIGSV,1,1,02,09,17,274,42,10,51,165,41*68
$GIGSV,1,1,02,09,17,274,42,10,51,165,41*68
$GIGSV,1,1,02,09,17,274,42,10,51,165,41*68
$GIGSV,1,1,02,09,17,274,42,10,51,165,41*68
$GIGSV,1,1,02,09,17,274,42,10,51,165,41*68
$GIGSV,1,1,02,09,17,274,42,10,51,165,41*68
$GIGSV,1,1,02,09,17,274,42,10,51,165,42*6B
$GIGSV,1,1,02,09,17,274,42,10,51,165,42*6B
$GIGSV,1,1,02,09,17,274,42,10,51,165,42*6B
$GIGSV,1,1,02,09,17,274,42,10,51,165,43*6A
$GIGSV,1,1,02,09,17,274,42,10,51,165,43*6A
$GIGSV,1,1,02,09,17,274,42,10,51,165,43*6A
$GIGSV,1,1,02,09,17,274,42,10,51,165,44*6D
$GIGSV,1,1,02,09,17,274,42,10,51,165,44*6D
$GIGSV,1,1,02,09,17,274,42,10,51,165,44*6D
$GIGSV,1,1,02,09,17,274,42,10,51,165,44*6D
$GIGSV,1,1,02,09,17,274,42,10,51,165,44*6D
$GIGSV,1,1,02,09,17,274,42,10,51,165,44*6D
$GIGSV,1,1,02,09,17,274,42,10,51,165,44*6D
$GIGSV,1,1,02,09,17,274,42,10,51,165,44*6D
$GIGSV,1,1,02,09,17,274,42,10,51,165,44*6D
$GIGSV,1,1,02,09,17,274,42,10,51,165,44*6D
$GIGSV,1,1,02,09,17,274,42,10,51,165,44*6D
$GIGSV,1,1,02,09,17,274,42,10,51,165,44*6D
$GIGSV,1,1,02,09,17,274,41,10,51,165,44*6E
$GIGSV,1,1,02,09,17,274,41,10,51,165,44*6E
$GIGSV,1,1,02,09,17,274,41,10,51,165,44*6E
$GIGSV,1,1,02,09,17,274,41,10,51,165,44*6E
$GIGSV,1,1,02,09,17,274,41,10,51,165,44*6E
$GIGSV,1,1,02,09,17,274,41,10,51,165,44*6E
$GIGSV,1,1,02,09,17,274,41,10,51,165,44*6E
$GIGSV,1,1,02,09,17,274,41,10,51,165,44*6E
$GIGSV,1,1,02,09,17,274,41,10,51,165,44*6E
$GIGSV,1,1,02,09,17,274,41,10,51,165,44*6E
$GIGSV,1,1,02,09,17,274,41,10,51,165,44*6E
$GIGSV,1,1,02,09,17,274,41,10,51,165,44*6E
$GIGSV,1,1,02,09,17,274,41,10,51,165,43*69
$GIGSV,1,1,02,09,17,274,41,10,51,165,43*69
$GIGSV,1,1,02,09,17,274,41,10,51,165,43*69
$GIGSV,1,1,02,09,17,274,41,10,51,165,43*69
$GIGSV,1,1,02,09,17,274,41,10,51,165,43*69
$GIGSV,1,1,02,09,17,274,41,10,51,165,43*69
$GIGSV,1,1,02,09,17,274,41,10,51,165,43*69
$GIGSV,1,1,02,09,17,274,40,10,51,165,43*68
$GIGSV,1,1,02,09,17,274,40,10,51,165,43*68
$GIGSV,1,1,02,09,17,274,40,10,51,165,43*68
$GIGSV,1,1,02,09,17,274,40,10,51,165,43*68
$GIGSV,1,1,02,09,17,274,40,10,51,165,43*68
$GIGSV,1,1,02,09,17,274,40,10,51,165,43*68
$GIGSV,1,1,02,09,17,274,40,10,51,165,43*68
$GIGSV,1,1,02,09,17,274,40,10,51,165,43*68
$GIGSV,1,1,02,09,17,274,40,10,51,165,43*68
$GIGSV,1,1,02,09,17,274,40,10,51,165,43*68
$GIGSV,1,1,02,09,17,274,40,10,51,165,43*68
$GIGSV,1,1,02,09,17,274,40,10,51,165,42*69
$GIGSV,1,1,02,09,17,274,40,10,51,165,42*69
$GIGSV,1,1,02,09,17,274,40,10,51,165,42*69
$GIGSV,1,1,02,09,17,274,40,10,51,165,42*69
$GIGSV,1,1,02,09,17,274,40,10,51,165,42*69
$GIGSV,1,1,02,09,17,274,40,10,51,165,42*69
$GIGSV,1,1,02,09,17,274,40,10,51,165,42*69
$GIGSV,1,1,02,09,17,274,40,10,51,165,42*69
$GIGSV,1,1,02,09,17,274,40,10,51,165,42*69
$GIGSV,1,1,02,09,17,274,40,10,51,165,42*69
$GIGSV,1,1,02,09,17,274,39,10,51,165,42*67
$GIGSV,1,1,02,09,17,274,39,10,51,165,42*67
$GIGSV,1,1,02,09,17,274,39,10,51,165,42*67
$GIGSV,1,1,02,09,17,274,39,10,51,165,42*67
$GIGSV,1,1,02,09,17,274,39,10,51,165,42*67
$GIGSV,1,1,02,09,17,274,39,10,51,165,42*67
$GIGSV,1,1,02,09,17,274,39,10,51,165,42*67
$GIGSV,1,1,02,09,17,274,39,10,51,165,42*67
$GIGSV,1,1,02,09,17,274,39,10,51,165,42*67
$GIGSV,1,1,02,09,17,274,39,10,51,165,42*67
$GIGSV,1,1,02,09,17,274,39,10,51,165,42*67
$GIGSV,1,1,02,09,17,274,39,10,51,165,41*64
$GIGSV,1,1,02,09,17,274,39,10,51,165,41*64
$GIGSV,1,1,02,09,17,274,39,10,51,165,41*64
$GIGSV,1,1,02,09,17,274,39,10,51,165,41*64
$GIGSV,1,1,02,09,17,274,39,10,51,165,41*64
$GIGSV,1,1,02,09,17,274,39,10,51,165,41*64
$GIGSV,1,1,02,09,17,274,39,10,51,165,41*64
$GIGSV,1,1,02,09,17,274,39,10,51,165,41*64
$GIGSV,1,1,02,09,17,274,39,10,51,165,41*64
$GIGSV,1,1,02,09,17,274,39,10,51,165,41*64
$GIGSV,1,1,02,09,17,274,38,10,51,165,41*65
$GIGSV,1,1,02,09,17,274,38,10,51,165,41*65
$GIGSV,1,1,02,09,17,274,38,10,51,165,41*65
$GIGSV,1,1,02,09,17,274,38,10,51,165,41*65
$GIGSV,1,1,02,09,17,274,38,10,51,165,41*65
$GIGSV,1,1,02,09,17,274,38,10,51,165,41*65
$GIGSV,1,1,02,09,17,274,38,10,51,165,41*65
$GIGSV,1,1,02,09,17,274,38,10,51,165,41*65
$GIGSV,1,1,02,09,17,274,38,10,51,165,41*65
$GIGSV,1,1,02,09,17,274,38,10,51,165,41*65
$GIGSV,1,1,02,09,17,274,38,10,51,165,41*65
$GIGSV,1,1,02,09,17,274,38,10,51,165,41*65
$GIGSV,1,1,02,09,17,274,38,10,51,165,41*65
$GIGSV,1,1,02,09,17,274,38,10,51,165,41*65
$GIGSV,1,1,02,09,17,274,38,10,51,165,41*65
$GIGSV,1,1,02,09,17,274,38,10,51,165,41*65
$GIGSV,1,1,02,09,17,274,38,10,51,165,41*65
$GIGSV,1,1,02,09,17,274,38,10,51,165,40*64
$GIGSV,1,1,02,09,17,274,38,10,51,165,40*64
$GIGSV,1,1,02,09,17,274,37,10,51,165,40*6B
$GIGSV,1,1,02,09,17,274,37,10,51,165,40*6B
$GIGSV,1,1,02,09,17,274,37,10,51,165,40*6B
$GIGSV,1,1,02,09,17,274,37,10,51,165,40*6B
$GIGSV,1,1,02,09,17,274,37,10,51,165,40*6B
$GIGSV,1,1,02,09,17,274,37,10,51,165,40*6B
$GIGSV,1,1,02,09,17,274,37,10,51,165,40*6B
$GIGSV,1,1,02,09,17,274,37,10,51,165,40*6B
$GIGSV,1,1,02,09,17,274,37,10,51,165,40*6B
$GIGSV,1,1,02,09,17,274,37,10,51,165,40*6B
$GIGSV,1,1,02,09,17,274,37,10,51,165,40*6B
$GIGSV,1,1,02,09,17,274,38,10,51,165,41*65
$GIGSV,1,1,02,09,17,274,38,10,51,165,41*65
$GIGSV,1,1,02,09,17,274,38,10,51,165,41*65
$GIGSV,1,1,02,09,17,274,38,10,51,165,41*65
$GIGSV,1,1,02,09,17,274,38,10,51,165,42*66
$GIGSV,1,1,02,09,17,274,39,10,51,165,42*67
$GIGSV,1,1,02,09,17,274,39,10,51,165,42*67
$GIGSV,1,1,02,09,17,274,39,10,51,165,42*67
$GIGSV,1,1,02,09,17,274,39,10,51,165,43*66
$GIGSV,1,1,02,09,17,274,39,10,51,165,43*66
$GIGSV,1,1,02,09,17,274,39,10,51,165,43*66
$GIGSV,1,1,02,09,17,274,39,10,51,165,43*66
$GIGSV,1,1,02,09,17,274,39,10,51,165,43*66
$GIGSV,1,1,02,09,17,274,39,10,51,165,43*66
$GIGSV,1,1,02,09,17,274,39,10,51,165,43*66
$GIGSV,1,1,02,09,17,274,39,10,51,165,43*66
$GIGSV,1,1,02,09,17,274,39,10,51,165,43*66
$GIGSV,1,1,02,09,17,274,39,10,51,165,43*66
$GIGSV,1,1,02,09,17,274,40,10,51,165,43*68
$GIGSV,1,1,02,09,17,274,40,10,51,165,43*68
$GIGSV,1,1,02,09,17,274,40,10,51,165,43*68
$GIGSV,1,1,02,09,17,274,40,10,51,165,43*68
$GIGSV,1,1,02,09,17,274,40,10,51,165,43*68
$GIGSV,1,1,02,09,17,274,40,10,51,165,43*68
$GIGSV,1,1,02,09,17,274,40,10,51,165,44*6F
$GIGSV,1,1,02,09,17,274,40,10,51,165,44*6F
$GIGSV,1,1,02,09,17,274,40,10,51,165,44*6F
$GIGSV,1,1,02,09,17,274,40,10,51,165,44*6F
$GIGSV,1,1,02,09,17,274,40,10,51,165,44*6F
$GIGSV,1,1,02,09,17,274,40,10,51,165,44*6F
$GIGSV,1,1,02,09,17,274,40,10,51,165,45*6E
$GIGSV,1,1,02,09,17,274,40,10,51,165,45*6E
$GIGSV,1,1,02,09,17,274,40,10,51,165,45*6E
$GIGSV,1,1,02,09,17,274,40,10,51,165,45*6E
$GIGSV,1,1,02,09,17,274,40,10,51,165,45*6E
$GIGSV,1,1,02,09,17,274,40,10,51,165,45*6E
$GIGSV,1,1,02,09,17,274,40,10,51,165,45*6E
$GIGSV,1,1,02,09,17,274,40,10,51,165,45*6E
$GIGSV,1,1,02,09,17,274,40,10,51,165,45*6E
$GIGSV,1,1,02,09,17,274,40,10,51,165,45*6E
$GIGSV,1,1,02,09,17,274,40,10,51,165,45*6E
$GIGSV,1,1,02,09,17,274,40,10,51,165,45*6E
$GIGSV,1,1,02,09,17,274,40,10,51,165,45*6E
$GIGSV,1,1,02,09,17,274,40,10,51,165,45*6E
$GIGSV,1,1,02,09,17,274,40,10,51,165,45*6E
$GIGSV,1,1,02,09,17,274,40,10,51,165,45*6E
$GIGSV,1,1,02,09,17,274,40,10,51,165,45*6E
$GIGSV,1,1,02,09,17,274,40,10,51,165,45*6E
$GIGSV,1,1,02,09,17,274,40,10,51,165,45*6E
$GIGSV,1,1,02,09,17,274,40,10,51,165,45*6E
$GIGSV,1,1,02,09,17,274,40,10,51,165,45*6E
$GIGSV,1,1,02,09,17,274,40,10,51,165,45*6E
$GIGSV,1,1,02,09,17,274,40,10,51,165,45*6E
$GIGSV,1,1,02,09,17,274,40,10,51,165,45*6E
$GIGSV,1,1,02,09,17,274,40,10,51,165,45*6E
$GIGSV,1,1,02,09,17,274,40,10,51,165,45*6E
$GIGSV,1,1,02,09,17,274,40,10,51,165,45*6E
$GIGSV,1,1,02,09,17,274,40,10,51,165,45*6E
$GIGSV,1,1,02,09,17,274,40,10,51,165,45*6E
$GIGSV,1,1,02,09,17,274,40,10,51,165,45*6E
$GIGSV,1,1,02,09,17,274,40,10,51,165,45*6E
$GIGSV,1,1,02,09,17,274,40,10,51,165,45*6E
$GIGSV,1,1,02,09,17,274,40,10,51,165,45*6E
$GIGSV,1,1,02,09,17,274,40,10,51,165,45*6E
$GIGSV,1,1,02,09,17,274,40,10,51,165,45*6E
$GIGSV,1,1,02,09,17,274,40,10,51,165,45*6E
$GIGSV,1,1,02,09,17,274,40,10,51,165,45*6E
$GIGSV,1,1,02,09,17,274,40,10,51,165,45*6E
$GIGSV,1,1,02,09,17,274,40,10,51,165,45*6E
$GIGSV,1,1,02,09,17,274,40,10,51,165,45*6E
$GIGSV,1,1,02,09,17,274,40,10,51,165,45*6E
$GIGSV,1,1,02,09,17,274,40,10,51,165,45*6E
$GIGSV,1,1,02,09,17,274,40,10,51,165,45*6E
$GIGSV,1,1,02,09,17,274,40,10,51,165,45*6E
$GIGSV,1,1,02,09,17,274,40,10,51,165,45*6E
$GIGSV,1,1,02,09,17,274,40,10,51,165,45*6E
$GIGSV,1,1,02,09,17,274,40,10,51,165,45*6E
$GIGSV,1,1,02,09,17,274,40,10,51,165,45*6E
$GIGSV,1,1,02,09,17,274,40,10,51,165,45*6E
$GIGSV,1,1,02,09,17,274,40,10,51,165,45*6E
$GIGSV,1,1,02,09,17,274,40,10,51,165,45*6E
$GIGSV,1,1,02,09,17,274,40,10,51,165,45*6E
$GIGSV,1,1,02,09,17,274,40,10,51,165,45*6E
$GIGSV,1,1,02,09,17,274,40,10,51,165,45*6E
$GIGSV,1,1,02,09,17,274,41,10,51,165,45*6F
$GIGSV,1,1,02,09,17,274,41,10,51,165,45*6F
$GIGSV,1,1,02,09,17,274,41,10,51,165,45*6F
$GIGSV,1,1,02,09,17,274,41,10,51,165,45*6F
$GIGSV,1,1,02,09,17,274,41,10,51,165,45*6F
$GIGSV,1,1,02,09,17,274,41,10,51,165,45*6F
$GIGSV,1,1,02,09,17,274,41,10,51,165,45*6F
$GIGSV,1,1,02,09,17,274,41,10,51,165,45*6F
$GIGSV,1,1,02,09,17,274,41,10,51,165,45*6F
$GIGSV,1,1,02,09,17,274,41,10,51,165,45*6F
$GIGSV,1,1,02,09,17,274,41,10,51,165,45*6F
$GIGSV,1,1,02,09,17,274,41,10,51,165,45*6F
$GIGSV,1,1,02,09,17,274,41,10,51,165,45*6F
$GIGSV,1,1,02,09,17,274,41,10,51,165,45*6F
$GIGSV,1,1,02,09,17,274,41,10,51,165,45*6F
$GIGSV,1,1,02,09,17,274,41,10,51,165,45*6F
$GIGSV,1,1,02,09,17,274,41,10,51,165,46*6C
$GIGSV,1,1,02,09,17,274,41,10,51,165,46*6C
$GIGSV,1,1,02,09,17,274,41,10,51,165,46*6C
$GIGSV,1,1,02,09,17,274,41,10,51,165,46*6C
$GIGSV,1,1,02,09,17,274,41,10,51,165,46*6C
$GIGSV,1,1,02,09,17,274,41,10,51,165,46*6C
$GIGSV,1,1,02,09,17,274,41,10,51,165,46*6C
$GIGSV,1,1,02,09,17,274,41,10,51,165,46*6C
$GIGSV,1,1,02,09,17,274,41,10,51,165,46*6C
$GIGSV,1,1,02,09,17,274,41,10,51,165,46*6C
$GIGSV,1,1,02,09,17,274,41,10,51,165,46*6C
$GIGSV,1,1,02,09,17,274,40,10,51,165,46*6D
$GIGSV,1,1,02,09,17,274,40,10,51,165,46*6D
$GIGSV,1,1,02,09,17,274,40,10,51,165,46*6D
$GIGSV,1,1,02,09,17,274,40,10,51,165,46*6D
$GIGSV,1,1,02,09,17,274,40,10,51,165,46*6D
$GIGSV,1,1,02,09,17,274,40,10,51,165,47*6C
$GIGSV,1,1,02,09,17,274,40,10,51,165,47*6C
$GIGSV,1,1,02,09,17,274,40,10,51,165,47*6C
$GIGSV,1,1,02,09,17,274,40,10,51,165,47*6C
$GIGSV,1,1,02,09,17,274,40,10,51,165,47*6C
$GIGSV,1,1,02,09,17,274,40,10,51,165,47*6C
$GIGSV,1,1,02,09,17,274,40,10,51,165,47*6C
$GIGSV,1,1,02,09,17,274,40,10,51,165,47*6C
$GIGSV,1,1,02,09,17,274,40,10,51,165,47*6C
$GIGSV,1,1,02,09,17,274,40,10,51,165,47*6C
$GIGSV,1,1,02,09,17,274,40,10,51,165,47*6C
$GIGSV,1,1,02,09,17,274,40,10,51,165,47*6C
$GIGSV,1,1,02,09,17,274,40,10,51,165,47*6C
$GIGSV,1,1,02,09,17,274,40,10,51,165,47*6C
$GIGSV,1,1,02,09,17,274,40,10,51,165,47*6C
$GIGSV,1,1,02,09,17,274,40,10,51,165,47*6C
$GIGSV,1,1,02,09,17,274,40,10,51,165,47*6C
$GIGSV,1,1,02,09,17,274,40,10,51,165,47*6C
$GIGSV,1,1,02,09,17,274,40,10,51,165,47*6C
$GIGSV,1,1,02,09,17,274,40,10,51,165,47*6C
$GIGSV,1,1,02,09,17,274,40,10,51,165,47*6C
$GIGSV,1,1,02,09,17,274,40,10,51,165,47*6C
$GIGSV,1,1,02,09,17,274,40,10,51,165,47*6C
$GIGSV,1,1,02,09,17,274,40,10,51,165,47*6C
$GIGSV,1,1,02,09,17,274,40,10,51,165,47*6C
$GIGSV,1,1,02,09,17,274,40,10,51,165,47*6C
$GIGSV,1,1,02,09,17,274,40,10,51,165,47*6C
$GIGSV,1,1,02,09,17,274,40,10,51,165,47*6C
$GIGSV,1,1,02,09,17,274,40,10,51,165,47*6C
$GIGSV,1,1,02,09,17,274,40,10,51,165,47*6C
$GIGSV,1,1,02,09,17,274,40,10,51,165,47*6C
$GIGSV,1,1,02,09,17,274,40,10,51,165,47*6C
$GIGSV,1,1,02,09,17,274,40,10,51,165,47*6C
$GIGSV,1,1,02,09,17,274,40,10,51,165,47*6C
$GIGSV,1,1,02,09,17,274,40,10,51,165,47*6C
$GIGSV,1,1,02,09,17,274,40,10,51,165,47*6C
$GIGSV,1,1,02,09,17,274,40,10,51,165,47*6C
$GIGSV,1,1,02,09,17,274,40,10,51,165,47*6C
$GIGSV,1,1,02,09,17,274,40,10,51,165,47*6C
$GIGSV,1,1,02,09,17,274,40,10,51,165,47*6C
$GIGSV,1,1,02,09,17,274,40,10,51,165,47*6C
$GIGSV,1,1,02,09,17,274,40,10,51,165,47*6C
$GIGSV,1,1,02,09,17,274,40,10,51,165,47*6C
$GIGSV,1,1,02,09,17,274,40,10,51,165,47*6C
$GIGSV,1,1,02,09,17,274,40,10,51,165,47*6C
$GIGSV,1,1,02,09,17,274,40,10,51,165,47*6C
$GIGSV,1,1,02,09,17,274,40,10,51,165,47*6C
$GIGSV,1,1,02,09,17,274,40,10,51,165,47*6C
$GIGSV,1,1,02,09,17,274,40,10,51,165,47*6C
$GIGSV,1,1,02,09,17,274,40,10,51,165,47*6C
$GIGSV,1,1,02,09,17,274,40,10,51,165,47*6C
$GIGSV,1,1,02,09,17,274,40,10,51,165,47*6C
$GIGSV,1,1,02,09,17,274,40,10,51,165,47*6C
$GIGSV,1,1,02,09,17,274,40,10,51,165,47*6C
$GIGSV,1,1,02,09,17,274,40,10,51,165,47*6C
$GIGSV,1,1,02,09,17,274,40,10,51,165,47*6C
$GIGSV,1,1,02,09,17,274,40,10,51,165,47*6C
$GIGSV,1,1,02,09,17,274,40,10,51,165,47*6C
$GIGSV,1,1,02,09,17,274,40,10,51,165,47*6C
$GIGSV,1,1,02,09,17,274,40,10,51,165,47*6C
$GIGSV,1,1,02,09,17,274,40,10,51,165,47*6C
$GIGSV,1,1,02,09,17,274,40,10,51,165,47*6C
$GIGSV,1,1,02,09,17,274,40,10,51,165,47*6C
$GIGSV,1,1,02,09,17,274,40,10,51,165,47*6C
$GIGSV,1,1,02,09,17,274,40,10,51,165,47*6C
$GIGSV,1,1,02,09,17,274,40,10,51,165,47*6C
$GIGSV,1,1,02,09,17,274,40,10,51,165,47*6C
$GIGSV,1,1,02,09,17,274,40,10,51,165,47*6C
$GIGSV,1,1,02,09,17,274,40,10,51,165,47*6C
$GIGSV,1,1,02,09,17,274,40,10,51,165,47*6C
$GIGSV,1,1,02,09,17,274,40,10,51,165,47*6C
$GIGSV,1,1,02,09,17,274,40,10,51,165,47*6C
$GIGSV,1,1,02,09,17,274,39,10,51,165,47*62
$GIGSV,1,1,02,09,17,274,39,10,51,165,47*62
$GIGSV,1,1,02,09,17,274,39,10,51,165,47*62
$GIGSV,1,1,02,09,17,274,39,10,51,165,47*62
$GIGSV,1,1,02,09,17,274,39,10,51,165,47*62
$GIGSV,1,1,02,09,17,274,39,10,51,165,47*62
$GIGSV,1,1,02,09,17,274,39,10,51,165,47*62
$GIGSV,1,1,02,09,17,274,39,10,51,165,47*62
$GIGSV,1,1,02,09,17,274,40,10,51,165,47*6C
$GIGSV,1,1,02,09,17,274,40,10,51,165,47*6C
$GIGSV,1,1,02,09,17,274,40,10,51,165,47*6C
$GIGSV,1,1,02,09,17,274,40,10,51,165,47*6C
$GIGSV,1,1,02,09,17,274,40,10,51,165,47*6C
$GIGSV,1,1,02,09,17,274,40,10,51,165,47*6C
$GIGSV,1,1,02,09,17,274,40,10,51,165,47*6C
$GIGSV,1,1,02,09,17,274,40,10,51,165,47*6C
$GIGSV,1,1,02,09,17,274,40,10,51,165,47*6C
$GIGSV,1,1,02,09,17,274,40,10,51,165,47*6C
$GIGSV,1,1,02,09,17,274,40,10,51,165,47*6C
$GIGSV,1,1,02,09,17,274,40,10,51,165,47*6C
$GIGSV,1,1,02,09,17,274,40,10,51,165,47*6C
$GIGSV,1,1,02,09,17,274,40,10,51,165,47*6C
$GIGSV,1,1,02,09,17,274,40,10,51,165,47*6C
$GIGSV,1,1,02,09,17,274,40,10,51,165,47*6C
$GIGSV,1,1,02,09,17,274,40,10,51,165,47*6C
$GIGSV,1,1,02,09,17,274,40,10,51,165,47*6C
$GIGSV,1,1,02,09,17,274,40,10,51,165,47*6C
$GIGSV,1,1,02,09,17,274,40,10,51,165,47*6C
$GIGSV,1,1,02,09,17,274,40,10,51,165,47*6C
$GIGSV,1,1,02,09,17,274,40,10,51,165,47*6C
$GIGSV,1,1,02,09,17,274,40,10,51,165,47*6C
$GIGSV,1,1,02,09,17,274,40,10,51,165,47*6C
$GIGSV,1,1,02,09,17,274,40,10,51,165,47*6C
$GIGSV,1,1,02,09,17,274,40,10,51,165,47*6C
$GIGSV,1,1,02,09,17,274,40,10,51,165,47*6C
$GIGSV,1,1,02,09,17,274,40,10,51,165,47*6C
$GIGSV,1,1,02,09,17,274,40,10,51,165,47*6C
$GIGSV,1,1,02,09,17,274,40,10,51,165,47*6C
$GIGSV,1,1,02,09,17,274,40,10,51,165,47*6C
$GIGSV,1,1,02,09,17,274,40,10,51,165,47*6C
$GIGSV,1,1,02,09,17,274,40,10,51,165,47*6C
$GIGSV,1,1,02,09,17,274,40,10,51,165,47*6C
$GIGSV,1,1,02,09,17,274,40,10,51,165,47*6C
$GIGSV,1,1,02,09,17,274,40,10,51,165,47*6C
$GIGSV,1,1,02,09,17,274,40,10,51,165,47*6C
$GIGSV,1,1,02,09,17,274,40,10,51,165,47*6C
$GIGSV,1,1,02,09,17,274,40,10,51,165,47*6C
$GIGSV,1,1,02,09,17,274,40,10,51,165,47*6C
$GIGSV,1,1,02,09,17,274,40,10,51,165,47*6C
$GIGSV,1,1,02,09,17,274,40,10,51,165,47*6C
$GIGSV,1,1,02,09,17,274,40,10,51,165,47*6C
$GIGSV,1,1,02,09,17,274,40,10,51,165,47*6C
$GIGSV,1,1,02,09,17,274,40,10,51,165,47*6C
$GIGSV,1,1,02,09,17,274,40,10,51,165,47*6C
$GIGSV,1,1,02,09,17,274,40,10,51,165,47*6C
$GIGSV,1,1,02,09,17,274,40,10,51,165,47*6C
$GIGSV,1,1,02,09,17,274,40,10,51,165,47*6C
$GIGSV,1,1,02,09,17,274,40,10,51,165,47*6C
$GIGSV,1,1,02,09,17,274,40,10,51,165,47*6C
$GIGSV,1,1,02,09,17,274,40,10,51,165,47*6C
$GIGSV,1,1,02,09,17,274,40,10,51,165,47*6C
$GIGSV,1,1,02,09,17,274,40,10,51,165,47*6C
$GIGSV,1,1,02,09,17,274,40,10,51,165,47*6C
$GIGSV,1,1,02,09,17,274,40,10,51,165,47*6C
$GIGSV,1,1,02,09,17,274,40,10,51,165,47*6C
$GIGSV,1,1,02,09,17,274,40,10,51,165,47*6C
$GIGSV,1,1,02,09,17,274,40,10,51,165,47*6C
$GIGSV,1,1,02,09,17,274,40,10,51,165,47*6C
$GIGSV,1,1,02,09,17,274,40,10,51,165,47*6C
$GIGSV,1,1,02,09,17,274,40,10,51,165,47*6C
$GIGSV,1,1,02,09,17,274,40,10,51,165,47*6C
$GIGSV,1,1,02,09,17,274,40,10,51,165,47*6C
$GIGSV,1,1,02,09,17,274,40,10,51,165,47*6C
$GIGSV,1,1,02,09,17,274,40,10,51,165,47*6C
$GIGSV,1,1,02,09,17,274,40,10,51,165,47*6C
$GIGSV,1,1,02,09,17,274,40,10,51,165,47*6C
$GIGSV,1,1,02,09,17,274,40,10,51,165,47*6C
$GIGSV,1,1,02,09,17,274,40,10,51,165,47*6C
$GIGSV,1,1,02,09,17,274,40,10,51,165,47*6C
$GIGSV,1,1,02,09,17,274,40,10,51,165,47*6C
$GIGSV,1,1,02,09,17,274,40,10,51,165,47*6C
$GIGSV,1,1,02,09,17,274,40,10,51,165,47*6C
$GIGSV,1,1,02,09,17,274,40,10,51,165,47*6C
$GIGSV,1,1,02,09,17,274,40,10,51,165,47*6C
$GIGSV,1,1,02,09,17,274,40,10,51,165,47*6C
$GIGSV,1,1,02,09,17,274,40,10,51,165,47*6C
$GIGSV,1,1,02,09,17,274,40,10,51,165,47*6C
$GIGSV,1,1,02,09,17,274,40,10,51,165,47*6C
$GIGSV,1,1,02,09,17,274,40,10,51,165,47*6C
$GIGSV,1,1,02,09,17,274,40,10,51,165,47*6C
$GIGSV,1,1,02,09,17,274,40,10,51,165,47*6C
$GIGSV,1,1,02,09,17,274,40,10,51,165,47*6C
$GIGSV,1,1,02,09,17,274,40,10,51,165,47*6C
$GIGSV,1,1,02,09,17,274,40,10,51,165,47*6C
$GIGSV,1,1,02,09,17,274,41,10,51,165,47*6D
$GIGSV,1,1,02,09,17,274,41,10,51,165,47*6D
$GIGSV,1,1,02,09,17,274,41,10,51,165,47*6D
$GIGSV,1,1,02,09,17,274,40,10,51,165,47*6C
$GIGSV,1,1,02,09,17,274,40,10,51,165,47*6C
$GIGSV,1,1,02,09,17,274,40,10,51,165,47*6C
$GIGSV,1,1,02,09,17,274,40,10,51,165,47*6C
$GIGSV,1,1,02,09,17,274,40,10,51,165,47*6C
$GIGSV,1,1,02,09,17,275,40,10,51,165,47*6D
$GIGSV,1,1,02,09,17,275,40,10,51,165,47*6D
$GIGSV,1,1,02,09,17,275,40,10,51,165,47*6D
$GIGSV,1,1,02,09,17,275,40,10,51,165,47*6D
$GIGSV,1,1,02,09,17,275,40,10,51,165,47*6D
$GIGSV,1,1,02,09,17,275,41,10,51,165,47*6C
$GIGSV,1,1,02,09,17,275,41,10,51,165,47*6C
$GIGSV,1,1,02,09,17,275,41,10,51,165,47*6C
$GIGSV,1,1,02,09,17,275,41,10,51,165,47*6C
$GIGSV,1,1,02,09,17,275,41,10,51,165,47*6C
$GIGSV,1,1,02,09,17,275,41,10,51,165,47*6C
$GIGSV,1,1,02,09,17,275,41,10,51,165,47*6C
$GIGSV,1,1,02,09,17,275,41,10,51,165,47*6C
$GIGSV,1,1,02,09,17,275,41,10,51,165,47*6C
$GIGSV,1,1,02,09,17,275,41,10,51,165,47*6C
$GIGSV,1,1,02,09,17,275,41,10,51,165,47*6C
$GIGSV,1,1,02,09,17,275,41,10,51,165,47*6C
$GIGSV,1,1,02,09,17,275,41,10,51,165,47*6C
$GIGSV,1,1,02,09,17,275,41,10,51,165,47*6C
$GIGSV,1,1,02,09,17,275,41,10,51,165,47*6C
$GIGSV,1,1,02,09,17,275,41,10,51,165,47*6C
$GIGSV,1,1,02,09,17,275,41,10,51,165,47*6C
$GIGSV,1,1,02,09,17,275,41,10,51,165,47*6C
$GIGSV,1,1,02,09,17,275,41,10,51,165,47*6C
$GIGSV,1,1,02,09,17,275,41,10,51,165,47*6C
$GIGSV,1,1,02,09,17,275,41,10,51,165,47*6C
$GIGSV,1,1,02,09,17,275,41,10,51,165,47*6C
$GIGSV,1,1,02,09,17,275,41,10,51,165,47*6C
$GIGSV,1,1,02,09,17,275,41,10,51,165,47*6C
$GIGSV,1,1,02,09,17,275,40,10,51,165,47*6D
$GIGSV,1,1,02,09,17,275,40,10,51,165,47*6D
$GIGSV,1,1,02,09,17,275,40,10,51,165,47*6D
$GIGSV,1,1,02,09,17,275,40,10,51,165,47*6D
$GIGSV,1,1,02,09,17,275,40,10,51,165,47*6D
$GIGSV,1,1,02,09,17,275,40,10,51,165,47*6D
$GIGSV,1,1,02,09,17,275,40,10,51,165,47*6D
$GIGSV,1,1,02,09,17,275,40,10,51,165,47*6D
$GIGSV,1,1,02,09,17,275,40,10,51,165,47*6D
$GIGSV,1,1,02,09,17,275,40,10,51,165,47*6D
$GIGSV,1,1,02,09,17,275,40,10,51,165,47*6D
$GIGSV,1,1,02,09,17,275,40,10,51,165,47*6D
$GIGSV,1,1,02,09,17,275,40,10,51,165,47*6D
$GIGSV,1,1,02,09,17,275,40,10,51,165,47*6D
$GIGSV,1,1,02,09,17,275,40,10,51,165,47*6D
$GIGSV,1,1,02,09,17,275,40,10,51,165,47*6D
$GIGSV,1,1,02,09,17,275,40,10,51,165,47*6D
$GIGSV,1,1,02,09,17,275,40,10,51,165,47*6D
$GIGSV,1,1,02,09,17,275,40,10,51,165,47*6D
$GIGSV,1,1,02,09,17,275,40,10,51,165,47*6D
$GIGSV,1,1,02,09,17,275,40,10,51,165,47*6D
$GIGSV,1,1,02,09,17,275,40,10,51,165,47*6D
$GIGSV,1,1,02,09,17,275,40,10,51,165,47*6D
$GIGSV,1,1,02,09,17,275,40,10,51,165,47*6D
$GIGSV,1,1,02,09,17,275,40,10,51,165,47*6D
$GIGSV,1,1,02,09,17,275,40,10,51,165,47*6D
$GIGSV,1,1,02,09,17,275,40,10,51,165,47*6D
$GIGSV,1,1,02,09,17,275,40,10,51,165,47*6D
$GIGSV,1,1,02,09,17,275,40,10,51,165,47*6D
$GIGSV,1,1,02,09,17,275,40,10,51,165,47*6D
$GIGSV,1,1,02,09,17,275,40,10,51,165,47*6D
$GIGSV,1,1,02,09,17,275,40,10,51,165,47*6D
$GIGSV,1,1,02,09,17,275,39,10,51,165,47*63
$GIGSV,1,1,02,09,17,275,39,10,51,165,47*63
$GIGSV,1,1,02,09,17,275,39,10,51,165,47*63
$GIGSV,1,1,02,09,17,275,39,10,51,165,47*63
$GIGSV,1,1,02,09,17,275,39,10,51,165,47*63
$GIGSV,1,1,02,09,17,275,39,10,51,165,47*63
$GIGSV,1,1,02,09,17,275,39,10,51,165,47*63
$GIGSV,1,1,02,09,17,275,39,10,51,165,47*63
$GIGSV,1,1,02,09,17,275,39,10,51,165,47*63
$GIGSV,1,1,02,09,17,275,39,10,51,165,47*63
$GIGSV,1,1,02,09,17,275,39,10,51,165,47*63
$GIGSV,1,1,02,09,17,275,39,10,51,165,47*63
$GIGSV,1,1,02,09,17,275,39,10,51,165,47*63
$GIGSV,1,1,02,09,17,275,39,10,51,165,47*63
$GIGSV,1,1,02,09,17,275,39,10,51,165,47*63
$GIGSV,1,1,02,09,17,275,39,10,51,165,47*63
$GIGSV,1,1,02,09,17,275,39,10,51,165,47*63
$GIGSV,1,1,02,09,17,275,39,10,51,165,47*63
$GIGSV,1,1,02,09,17,275,39,10,51,165,47*63
$GIGSV,1,1,02,09,17,275,40,10,51,165,47*6D
$GIGSV,1,1,02,09,17,275,40,10,51,165,47*6D
$GIGSV,1,1,02,09,17,275,40,10,51,165,47*6D
$GIGSV,1,1,02,09,17,275,40,10,51,165,47*6D
$GIGSV,1,1,02,09,17,275,40,10,51,165,47*6D
$GIGSV,1,1,02,09,17,275,40,10,51,165,47*6D
$GIGSV,1,1,02,09,17,275,40,10,51,165,47*6D
$GIGSV,1,1,02,09,17,275,40,10,51,165,47*6D
$GIGSV,1,1,02,09,17,275,40,10,51,165,47*6D
$GIGSV,1,1,02,09,17,275,40,10,51,165,47*6D
$GIGSV,1,1,02,09,17,275,40,10,51,165,47*6D
$GIGSV,1,1,02,09,17,275,39,10,51,165,47*63
$GIGSV,1,1,02,09,17,275,39,10,51,165,47*63
$GIGSV,1,1,02,09,17,275,39,10,51,165,47*63
$GIGSV,1,1,02,09,17,275,39,10,51,165,47*63
$GIGSV,1,1,02,09,17,275,39,10,51,165,47*63
$GIGSV,1,1,02,09,17,275,39,10,51,165,47*63
$GIGSV,1,1,02,09,17,275,39,10,51,165,47*63
$GIGSV,1,1,02,09,17,275,39,10,51,165,47*63
$GIGSV,1,1,02,09,17,275,39,10,51,165,47*63
$GIGSV,1,1,02,09,17,275,39,10,51,165,46*62
$GIGSV,1,1,02,09,17,275,39,10,51,165,46*62
$GIGSV,1,1,02,09,17,275,39,10,51,165,46*62
$GIGSV,1,1,02,09,17,275,39,10,51,165,46*62
$GIGSV,1,1,02,09,17,275,39,10,51,165,46*62
$GIGSV,1,1,02,09,17,275,39,10,51,165,46*62
$GIGSV,1,1,02,09,17,275,39,10,51,165,46*62
$GIGSV,1,1,02,09,17,275,39,10,51,165,46*62
$GIGSV,1,1,02,09,17,275,39,10,51,165,46*62
$GIGSV,1,1,02,09,17,275,39,10,51,165,46*62
$GIGSV,1,1,02,09,17,275,39,10,51,165,46*62
$GIGSV,1,1,02,09,17,275,39,10,51,165,46*62
$GIGSV,1,1,02,09,17,275,39,10,51,165,46*62
$GIGSV,1,1,02,09,17,275,39,10,51,165,46*62
$GIGSV,1,1,02,09,17,275,39,10,51,165,46*62
$GIGSV,1,1,02,09,17,275,39,10,51,165,46*62
$GIGSV,1,1,02,09,17,275,39,10,51,165,46*62
$GIGSV,1,1,02,09,17,275,40,10,51,165,46*6C
$GIGSV,1,1,02,09,17,275,40,10,51,165,46*6C
$GIGSV,1,1,02,09,17,275,40,10,51,165,46*6C
$GIGSV,1,1,02,09,17,275,40,10,51,165,46*6C
$GIGSV,1,1,02,09,17,275,40,10,51,165,46*6C
$GIGSV,1,1,02,09,17,275,40,10,51,165,46*6C
$GIGSV,1,1,02,09,17,275,40,10,51,165,46*6C
$GIGSV,1,1,02,09,17,275,40,10,51,165,46*6C
$GIGSV,1,1,02,09,17,275,40,10,51,165,46*6C
$GIGSV,1,1,02,09,17,275,40,10,51,165,46*6C
$GIGSV,1,1,02,09,17,275,40,10,51,165,46*6C
$GIGSV,1,1,02,09,17,275,40,10,51,165,46*6C
$GIGSV,1,1,02,09,17,275,40,10,51,165,46*6C
$GIGSV,1,1,02,09,17,275,40,10,51,165,46*6C
$GIGSV,1,1,02,09,17,275,40,10,51,165,46*6C
$GIGSV,1,1,02,09,17,275,40,10,51,165,46*6C
$GIGSV,1,1,02,09,17,275,40,10,51,165,46*6C
$GIGSV,1,1,02,09,17,275,40,10,51,165,46*6C
$GIGSV,1,1,02,09,17,275,40,10,51,165,46*6C
$GIGSV,1,1,02,09,17,275,40,10,51,165,46*6C
$GIGSV,1,1,02,09,17,275,40,10,51,165,46*6C
$GIGSV,1,1,02,09,17,275,39,10,51,165,46*62
$GIGSV,1,1,02,09,17,275,39,10,51,165,46*62
$GIGSV,1,1,02,09,17,275,39,10,51,165,46*62
$GIGSV,1,1,02,09,17,275,39,10,51,165,46*62
$GIGSV,1,1,02,09,17,275,39,10,51,165,46*62
$GIGSV,1,1,02,09,17,275,39,10,51,165,46*62
$GIGSV,1,1,02,09,17,275,39,10,51,165,46*62
$GIGSV,1,1,02,09,17,275,39,10,51,165,46*62
$GIGSV,1,1,02,09,17,275,39,10,51,165,46*62
$GIGSV,1,1,02,09,17,275,39,10,51,165,46*62
$GIGSV,1,1,02,09,17,275,39,10,51,165,46*62
$GIGSV,1,1,02,09,17,275,39,10,51,165,46*62
$GIGSV,1,1,02,09,17,275,39,10,51,165,46*62
$GIGSV,1,1,02,09,17,275,39,10,51,165,46*62
$GIGSV,1,1,02,09,17,275,39,10,51,165,46*62
$GIGSV,1,1,02,09,17,275,39,10,51,165,46*62
$GIGSV,1,1,02,09,17,275,39,10,51,165,46*62
$GIGSV,1,1,02,09,17,275,39,10,51,165,46*62
$GIGSV,1,1,02,09,17,275,39,10,51,165,46*62
$GIGSV,1,1,02,09,17,275,39,10,51,165,46*62
$GIGSV,1,1,02,09,17,275,39,10,51,165,46*62
$GIGSV,1,1,02,09,17,275,39,10,51,165,46*62
$GIGSV,1,1,02,09,17,275,39,10,51,165,46*62
$GIGSV,1,1,02,09,17,275,39,10,51,165,45*61
$GIGSV,1,1,02,09,17,275,39,10,51,165,45*61
$GIGSV,1,1,02,09,17,275,39,10,51,165,45*61
$GIGSV,1,1,02,09,17,275,39,10,51,165,45*61
$GIGSV,1,1,02,09,17,275,39,10,51,165,45*61
$GIGSV,1,1,02,09,17,275,39,10,51,165,45*61
$GIGSV,1,1,02,09,17,275,39,10,51,165,45*61
$GIGSV,1,1,02,09,17,275,39,10,51,165,45*61
$GIGSV,1,1,02,09,17,275,39,10,51,165,45*61
$GIGSV,1,1,02,09,17,275,39,10,51,165,45*61
$GIGSV,1,1,02,09,17,275,39,10,51,165,45*61
$GIGSV,1,1,02,09,17,275,39,10,51,165,45*61
$GIGSV,1,1,02,09,17,275,39,10,51,165,45*61
$GIGSV,1,1,02,09,17,275,39,10,51,165,45*61
$GIGSV,1,1,02,09,17,275,39,10,51,165,45*61
$GIGSV,1,1,02,09,17,275,39,10,51,165,45*61
$GIGSV,1,1,02,09,17,275,39,10,51,165,45*61
$GIGSV,1,1,02,09,17,275,39,10,51,165,45*61
$GIGSV,1,1,02,09,17,275,39,10,51,165,45*61
$GIGSV,1,1,02,09,17,275,39,10,51,165,45*61
$GIGSV,1,1,02,09,17,275,39,10,51,165,45*61
$GIGSV,1,1,02,09,17,275,39,10,51,165,45*61
$GIGSV,1,1,02,09,17,275,39,10,51,165,45*61
$GIGSV,1,1,02,09,17,275,39,10,51,165,45*61
$GIGSV,1,1,02,09,17,275,39,10,51,165,45*61
$GIGSV,1,1,02,09,17,275,39,10,51,165,45*61
$GIGSV,1,1,02,09,17,275,39,10,51,165,45*61
$GIGSV,1,1,02,09,17,275,39,10,51,165,45*61
$GIGSV,1,1,02,09,17,275,39,10,51,165,45*61
$GIGSV,1,1,02,09,17,275,39,10,51,165,45*61
$GIGSV,1,1,02,09,17,275,39,10,51,165,45*61
$GIGSV,1,1,02,09,17,275,39,10,51,165,45*61
$GIGSV,1,1,02,09,17,275,39,10,51,165,45*61
$GIGSV,1,1,02,09,17,275,39,10,51,165,45*61
$GIGSV,1,1,02,09,17,275,39,10,51,165,45*61
$GIGSV,1,1,02,09,17,275,39,10,51,165,46*62
$GIGSV,1,1,02,09,17,275,39,10,51,165,46*62
$GIGSV,1,1,02,09,17,275,39,10,51,165,45*61
$GIGSV,1,1,02,09,17,275,39,10,51,165,46*62
$GIGSV,1,1,02,09,17,275,39,10,51,165,46*62
$GIGSV,1,1,02,09,17,275,39,10,51,165,46*62
$GIGSV,1,1,02,09,17,275,39,10,51,165,46*62
$GIGSV,1,1,02,09,17,275,39,10,51,165,46*62
$GIGSV,1,1,02,09,17,275,39,10,51,165,46*62
$GIGSV,1,1,02,09,17,275,39,10,51,165,46*62
$GIGSV,1,1,02,09,17,275,39,10,51,165,46*62
$GIGSV,1,1,02,09,17,275,39,10,51,165,46*62
$GIGSV,1,1,02,09,17,275,40,10,51,165,46*6C
$GIGSV,1,1,02,09,17,275,40,10,51,165,46*6C
$GIGSV,1,1,02,09,17,275,40,10,51,165,46*6C
$GIGSV,1,1,02,09,17,275,40,10,51,165,46*6C
$GIGSV,1,1,02,09,17,275,40,10,51,165,46*6C
$GIGSV,1,1,02,09,17,275,40,10,51,165,46*6C
$GIGSV,1,1,02,09,17,275,40,10,51,165,46*6C
$GIGSV,1,1,02,09,17,275,40,10,51,165,46*6C
$GIGSV,1,1,02,09,17,275,40,10,51,165,46*6C
$GIGSV,1,1,02,09,17,275,40,10,51,165,46*6C
$GIGSV,1,1,02,09,17,275,40,10,51,165,46*6C
$GIGSV,1,1,02,09,17,275,40,10,51,165,46*6C
$GIGSV,1,1,02,09,17,275,40,10,51,165,46*6C
$GIGSV,1,1,02,09,17,275,40,10,51,165,46*6C
$GIGSV,1,1,02,09,17,275,40,10,51,165,46*6C
$GIGSV,1,1,02,09,17,275,40,10,51,165,46*6C
$GIGSV,1,1,02,09,17,275,40,10,51,165,46*6C
$GIGSV,1,1,02,09,17,275,40,10,51,165,46*6C
$GIGSV,1,1,02,09,17,275,41,10,51,165,45*6E
$GIGSV,1,1,02,09,17,275,41,10,51,165,45*6E
$GIGSV,1,1,02,09,17,275,41,10,51,165,45*6E
$GIGSV,1,1,02,09,17,275,41,10,51,165,45*6E
$GIGSV,1,1,02,09,17,275,41,10,51,165,45*6E
$GIGSV,1,1,02,09,17,275,41,10,51,165,45*6E
$GIGSV,1,1,02,09,17,275,41,10,51,165,45*6E
$GIGSV,1,1,02,09,17,275,41,10,51,165,45*6E
$GIGSV,1,1,02,09,17,275,41,10,51,165,45*6E
$GIGSV,1,1,02,09,17,275,41,10,51,165,45*6E
$GIGSV,1,1,02,09,17,275,41,10,51,165,45*6E
$GIGSV,1,1,02,09,17,275,41,10,51,165,45*6E
$GIGSV,1,1,02,09,17,275,41,10,51,165,45*6E
$GIGSV,1,1,02,09,17,275,41,10,51,165,45*6E
$GIGSV,1,1,02,09,17,275,41,10,51,165,45*6E
$GIGSV,1,1,02,09,17,275,41,10,51,165,45*6E
$GIGSV,1,1,02,09,17,275,41,10,51,165,45*6E
$GIGSV,1,1,02,09,17,275,40,10,51,165,45*6F
$GIGSV,1,1,02,09,17,275,40,10,51,165,45*6F
$GIGSV,1,1,02,09,17,275,40,10,51,165,45*6F
$GIGSV,1,1,02,09,17,275,40,10,51,165,45*6F
$GIGSV,1,1,02,09,17,275,40,10,51,165,45*6F
$GIGSV,1,1,02,09,17,275,40,10,51,165,45*6F
$GIGSV,1,1,02,09,17,275,40,10,51,165,45*6F
$GIGSV,1,1,02,09,17,275,40,10,51,165,45*6F
$GIGSV,1,1,02,09,17,275,40,10,51,165,45*6F
$GIGSV,1,1,02,09,17,275,40,10,51,165,45*6F
$GIGSV,1,1,02,09,17,275,40,10,51,165,45*6F
$GIGSV,1,1,02,09,17,275,40,10,51,165,45*6F
$GIGSV,1,1,02,09,17,275,40,10,51,165,45*6F
$GIGSV,1,1,02,09,17,275,40,10,51,165,45*6F
$GIGSV,1,1,02,09,17,275,40,10,51,165,45*6F
$GIGSV,1,1,02,09,17,275,40,10,51,165,45*6F
$GIGSV,1,1,02,09,17,275,40,10,51,165,45*6F
$GIGSV,1,1,02,09,17,275,40,10,51,165,45*6F
$GIGSV,1,1,02,09,17,275,40,10,51,165,45*6F
$GIGSV,1,1,02,09,17,275,40,10,51,165,45*6F
$GIGSV,1,1,02,09,17,275,40,10,51,165,45*6F
$GIGSV,1,1,02,09,17,275,40,10,51,165,45*6F
$GIGSV,1,1,02,09,17,275,40,10,51,165,45*6F
$GIGSV,1,1,02,09,17,275,40,10,51,165,45*6F
$GIGSV,1,1,02,09,17,275,40,10,51,165,45*6F
$GIGSV,1,1,02,09,17,275,40,10,51,165,45*6F
$GIGSV,1,1,02,09,17,275,40,10,51,165,45*6F
$GIGSV,1,1,02,09,17,275,40,10,51,165,45*6F
$GIGSV,1,1,02,09,17,275,40,10,51,165,45*6F
$GIGSV,1,1,02,09,17,275,40,10,51,165,45*6F
$GIGSV,1,1,02,09,17,275,40,10,51,165,45*6F
$GIGSV,1,1,02,09,17,275,40,10,51,165,45*6F
$GIGSV,1,1,02,09,17,275,40,10,51,165,45*6F
$GIGSV,1,1,02,09,17,275,40,10,51,165,45*6F
$GIGSV,1,1,02,09,17,275,40,10,51,165,45*6F
$GIGSV,1,1,02,09,17,275,40,10,51,165,45*6F
$GIGSV,1,1,02,09,17,275,40,10,51,165,45*6F
$GIGSV,1,1,02,09,17,275,40,10,51,165,45*6F
$GIGSV,1,1,02,09,17,275,40,10,51,165,45*6F
$GIGSV,1,1,02,09,17,275,40,10,51,165,45*6F
$GIGSV,1,1,02,09,17,275,40,10,51,165,45*6F
$GIGSV,1,1,02,09,17,275,40,10,51,165,45*6F
$GIGSV,1,1,02,09,17,275,40,10,51,165,45*6F
$GIGSV,1,1,02,09,17,275,40,10,51,165,45*6F
$GIGSV,1,1,02,09,17,275,40,10,51,165,45*6F
$GIGSV,1,1,02,09,17,275,40,10,51,165,45*6F
$GIGSV,1,1,02,09,17,275,40,10,51,165,45*6F
$GIGSV,1,1,02,09,17,275,40,10,51,165,45*6F
$GIGSV,1,1,02,09,17,275,40,10,51,165,45*6F
$GIGSV,1,1,02,09,17,275,40,10,51,165,45*6F
$GIGSV,1,1,02,09,17,275,40,10,51,165,45*6F
$GIGSV,1,1,02,09,17,275,40,10,51,165,45*6F
$GIGSV,1,1,02,09,17,275,40,10,51,165,45*6F
$GIGSV,1,1,02,09,17,275,40,10,51,165,45*6F
$GIGSV,1,1,02,09,17,275,40,10,51,165,45*6F
$GIGSV,1,1,02,09,17,275,40,10,51,165,45*6F
$GIGSV,1,1,02,09,17,275,40,10,51,165,45*6F
$GIGSV,1,1,02,09,17,275,40,10,51,165,45*6F
$GIGSV,1,1,02,09,17,275,40,10,51,165,45*6F
$GIGSV,1,1,02,09,17,275,40,10,51,165,45*6F
$GIGSV,1,1,02,09,17,275,40,10,51,165,45*6F
$GIGSV,1,1,02,09,17,275,40,10,51,165,45*6F
$GIGSV,1,1,02,09,17,275,40,10,51,165,45*6F
$GIGSV,1,1,02,09,17,275,40,10,51,165,45*6F
$GIGSV,1,1,02,09,17,275,40,10,51,165,45*6F
$GIGSV,1,1,02,09,17,275,40,10,51,165,45*6F
$GIGSV,1,1,02,09,17,275,40,10,51,165,45*6F
$GIGSV,1,1,02,09,17,275,40,10,51,165,45*6F
$GIGSV,1,1,02,09,17,275,40,10,51,165,45*6F
$GIGSV,1,1,02,09,17,275,40,10,51,165,45*6F
$GIGSV,1,1,02,09,17,275,40,10,51,165,45*6F
$GIGSV,1,1,02,09,17,275,40,10,51,165,45*6F
$GIGSV,1,1,02,09,17,275,40,10,51,165,45*6F
$GIGSV,1,1,02,09,17,275,40,10,51,165,45*6F
$GIGSV,1,1,02,09,17,275,40,10,51,165,45*6F
$GIGSV,1,1,02,09,17,275,40,10,51,165,45*6F
$GIGSV,1,1,02,09,17,275,40,10,51,165,45*6F
$GIGSV,1,1,02,09,17,275,40,10,51,165,45*6F
$GIGSV,1,1,02,09,17,275,40,10,51,165,45*6F
$GIGSV,1,1,02,09,17,275,40,10,51,165,45*6F
$GIGSV,1,1,02,09,17,275,40,10,51,165,45*6F
$GIGSV,1,1,02,09,17,275,40,10,51,165,45*6F
$GIGSV,1,1,02,09,17,275,40,10,51,165,45*6F
$GIGSV,1,1,02,09,17,275,40,10,51,165,45*6F
$GIGSV,1,1,02,09,17,275,40,10,51,165,45*6F
$GIGSV,1,1,02,09,17,275,40,10,51,165,45*6F
$GIGSV,1,1,02,09,17,275,40,10,51,165,45*6F
$GIGSV,1,1,02,09,17,275,40,10,51,165,45*6F
$GIGSV,1,1,02,09,17,275,40,10,51,165,45*6F
$GIGSV,1,1,02,09,17,275,40,10,51,165,45*6F
$GIGSV,1,1,02,09,17,275,40,10,51,165,45*6F
$GIGSV,1,1,02,09,17,275,40,10,51,165,45*6F
$GIGSV,1,1,02,09,17,275,40,10,51,165,45*6F
$GIGSV,1,1,02,09,17,275,40,10,51,165,45*6F
$GIGSV,1,1,02,09,17,275,40,10,51,165,45*6F
$GIGSV,1,1,02,09,17,275,40,10,51,165,45*6F
$GIGSV,1,1,02,09,17,275,40,10,51,165,45*6F
$GIGSV,1,1,02,09,17,275,40,10,51,165,45*6F
$GIGSV,1,1,02,09,17,275,40,10,51,165,45*6F
$GIGSV,1,1,02,09,17,275,40,10,51,165,45*6F
$GIGSV,1,1,02,09,17,275,40,10,51,165,45*6F
$GIGSV,1,1,02,09,17,275,41,10,51,165,45*6E
$GIGSV,1,1,02,09,17,275,41,10,51,165,44*6F
$GIGSV,1,1,02,09,17,275,41,10,51,165,44*6F
$GIGSV,1,1,02,09,17,275,41,10,51,165,44*6F
$GIGSV,1,1,02,09,17,275,41,10,51,165,44*6F
$GIGSV,1,1,02,09,17,275,41,10,51,165,44*6F
$GIGSV,1,1,02,09,17,275,41,10,51,165,44*6F
$GIGSV,1,1,02,09,17,275,41,10,51,165,44*6F
$GIGSV,1,1,02,09,17,275,41,10,51,165,44*6F
$GIGSV,1,1,02,09,17,275,41,10,51,165,44*6F
$GIGSV,1,1,02,09,17,275,41,10,51,165,45*6E
$GIGSV,1,1,02,09,17,275,41,10,51,165,45*6E
$GIGSV,1,1,02,09,17,275,41,10,51,165,45*6E
$GIGSV,1,1,02,09,17,275,41,10,51,165,45*6E
$GIGSV,1,1,02,09,17,275,41,10,51,165,45*6E
$GIGSV,1,1,02,09,17,275,41,10,51,165,45*6E
$GIGSV,1,1,02,09,17,275,41,10,51,165,45*6E
$GIGSV,1,1,02,09,17,275,41,10,51,165,45*6E
$GIGSV,1,1,02,09,17,275,41,10,51,165,45*6E
$GIGSV,1,1,02,09,17,275,41,10,51,165,45*6E
$GIGSV,1,1,02,09,17,275,41,10,51,165,45*6E
$GIGSV,1,1,02,09,17,275,41,10,51,165,45*6E
$GIGSV,1,1,02,09,17,275,41,10,51,165,45*6E
$GIGSV,1,1,02,09,17,275,41,10,51,165,45*6E
$GIGSV,1,1,02,09,17,275,41,10,51,165,45*6E
$GIGSV,1,1,02,09,17,275,41,10,51,165,45*6E
$GIGSV,1,1,02,09,17,275,41,10,51,165,45*6E
$GIGSV,1,1,02,09,17,275,41,10,51,165,45*6E
$GIGSV,1,1,02,09,17,275,41,10,51,165,45*6E
$GIGSV,1,1,02,09,17,275,41,10,51,165,45*6E
$GIGSV,1,1,02,09,17,275,41,10,51,165,45*6E
$GIGSV,1,1,02,09,17,275,41,10,51,165,45*6E
$GIGSV,1,1,02,09,17,275,41,10,51,165,45*6E
$GIGSV,1,1,02,09,17,275,41,10,51,165,45*6E
$GIGSV,1,1,02,09,17,275,41,10,51,165,45*6E
$GIGSV,1,1,02,09,17,275,41,10,51,165,45*6E
$GIGSV,1,1,02,09,17,275,41,10,51,165,45*6E
$GIGSV,1,1,02,09,17,275,41,10,51,165,45*6E
$GIGSV,1,1,02,09,17,275,41,10,51,165,45*6E
$GIGSV,1,1,02,09,17,275,41,10,51,165,45*6E
$GIGSV,1,1,02,09,17,275,41,10,51,165,45*6E
$GIGSV,1,1,02,09,17,275,41,10,51,165,45*6E
$GIGSV,1,1,02,09,17,275,41,10,51,165,44*6F
$GIGSV,1,1,02,09,17,275,41,10,51,165,44*6F
$GIGSV,1,1,02,09,17,275,41,10,51,165,44*6F
$GIGSV,1,1,02,09,17,275,41,10,51,165,44*6F
$GIGSV,1,1,02,09,17,275,41,10,51,165,44*6F
$GIGSV,1,1,02,09,17,275,41,10,51,165,44*6F
$GIGSV,1,1,02,09,17,275,41,10,51,165,44*6F
$GIGSV,1,1,02,09,17,275,41,10,51,165,44*6F
$GIGSV,1,1,02,09,17,275,41,10,51,165,44*6F
$GIGSV,1,1,02,09,17,275,41,10,51,165,44*6F
$GIGSV,1,1,02,09,17,275,41,10,51,165,44*6F
$GIGSV,1,1,02,09,17,275,41,10,51,165,44*6F
$GIGSV,1,1,02,09,17,275,41,10,51,165,44*6F
$GIGSV,1,1,02,09,17,275,41,10,51,165,44*6F
$GIGSV,1,1,02,09,17,275,41,10,51,165,44*6F
$GIGSV,1,1,02,09,17,275,41,10,51,165,44*6F
$GIGSV,1,1,02,09,17,275,42,10,51,165,44*6C
$GIGSV,1,1,02,09,17,275,42,10,51,165,44*6C
$GIGSV,1,1,02,09,17,275,42,10,51,165,44*6C
$GIGSV,1,1,02,09,17,275,42,10,51,165,44*6C
$GIGSV,1,1,02,09,17,275,42,10,51,165,44*6C
$GIGSV,1,1,02,09,17,275,42,10,51,165,44*6C
$GIGSV,1,1,02,09,17,275,42,10,51,165,44*6C
$GIGSV,1,1,02,09,17,275,42,10,51,165,44*6C
$GIGSV,1,1,02,09,17,275,42,10,51,165,44*6C
$GIGSV,1,1,02,09,17,275,42,10,51,165,44*6C
$GIGSV,1,1,02,09,17,275,42,10,51,165,44*6C
$GIGSV,1,1,02,09,17,275,41,10,51,165,44*6F
$GIGSV,1,1,02,09,17,275,41,10,51,165,44*6F
$GIGSV,1,1,02,09,17,275,41,10,51,165,44*6F
$GIGSV,1,1,02,09,17,275,41,10,51,165,44*6F
$GIGSV,1,1,02,09,17,275,41,10,51,165,44*6F
$GIGSV,1,1,02,09,17,275,41,10,51,165,44*6F
$GIGSV,1,1,02,09,17,275,41,10,51,165,44*6F
$GIGSV,1,1,02,09,17,275,41,10,51,165,44*6F
$GIGSV,1,1,02,09,17,275,41,10,51,165,44*6F
$GIGSV,1,1,02,09,17,275,41,10,51,165,44*6F
$GIGSV,1,1,02,09,17,275,41,10,51,165,44*6F
$GIGSV,1,1,02,09,17,275,41,10,51,165,44*6F
$GIGSV,1,1,02,09,17,275,41,10,51,165,44*6F
$GIGSV,1,1,02,09,17,275,41,10,51,165,44*6F
$GIGSV,1,1,02,09,17,275,41,10,51,165,44*6F
$GIGSV,1,1,02,09,17,275,41,10,51,165,44*6F
$GIGSV,1,1,02,09,17,275,41,10,51,165,44*6F
$GIGSV,1,1,02,09,17,275,41,10,51,165,44*6F
$GIGSV,1,1,02,09,17,275,41,10,51,165,44*6F
$GIGSV,1,1,02,09,17,275,41,10,51,165,44*6F
$GIGSV,1,1,02,09,17,275,41,10,51,165,44*6F
$GIGSV,1,1,02,09,17,275,41,10,51,165,45*6E
$GIGSV,1,1,02,09,17,275,41,10,51,165,45*6E
$GIGSV,1,1,02,09,17,275,41,10,51,165,45*6E
$GIGSV,1,1,02,09,17,275,41,10,51,165,45*6E
$GIGSV,1,1,02,09,17,275,41,10,51,165,45*6E
$GIGSV,1,1,02,09,17,275,41,10,51,165,45*6E
$GIGSV,1,1,02,09,17,275,41,10,51,165,45*6E
$GIGSV,1,1,02,09,17,275,41,10,51,165,45*6E
$GIGSV,1,1,02,09,17,275,41,10,51,165,45*6E
$GIGSV,1,1,02,09,17,275,41,10,51,165,45*6E
$GIGSV,1,1,02,09,17,275,41,10,51,165,45*6E
$GIGSV,1,1,02,09,17,275,41,10,51,165,45*6E
$GIGSV,1,1,02,09,17,275,41,10,51,165,45*6E
$GIGSV,1,1,02,09,17,275,41,10,51,165,45*6E
$GIGSV,1,1,02,09,17,275,41,10,51,165,45*6E
$GIGSV,1,1,02,09,17,275,41,10,51,165,45*6E
$GIGSV,1,1,02,09,17,275,41,10,51,165,45*6E
$GIGSV,1,1,02,09,17,275,41,10,51,165,45*6E
$GIGSV,1,1,02,09,17,275,41,10,51,165,45*6E
$GIGSV,1,1,02,09,17,275,41,10,51,165,45*6E
$GIGSV,1,1,02,09,17,275,41,10,51,165,45*6E
$GIGSV,1,1,02,09,17,275,41,10,51,165,45*6E
$GIGSV,1,1,02,09,17,275,41,10,51,165,45*6E
$GIGSV,1,1,02,09,17,275,41,10,51,165,45*6E
$GIGSV,1,1,02,09,17,275,42,10,51,165,45*6D
$GIGSV,1,1,02,09,17,275,42,10,51,165,45*6D
$GIGSV,1,1,02,09,17,275,42,10,51,165,45*6D
$GIGSV,1,1,02,09,17,275,42,10,51,165,45*6D
$GIGSV,1,1,02,09,17,275,42,10,51,165,45*6D
$GIGSV,1,1,02,09,17,275,42,10,51,165,45*6D
$GIGSV,1,1,02,09,17,275,42,10,51,165,45*6D
$GIGSV,1,1,02,09,17,275,42,10,51,165,45*6D
$GIGSV,1,1,02,09,17,275,42,10,51,165,45*6D
$GIGSV,1,1,02,09,17,275,42,10,51,165,45*6D
$GIGSV,1,1,02,09,17,275,42,10,51,165,45*6D
$GIGSV,1,1,02,09,17,275,42,10,51,165,45*6D
$GIGSV,1,1,02,09,17,275,42,10,51,165,45*6D
$GIGSV,1,1,02,09,17,275,42,10,51,165,45*6D
$GIGSV,1,1,02,09,17,275,42,10,51,165,45*6D
$GIGSV,1,1,02,09,17,275,42,10,51,165,45*6D
$GIGSV,1,1,02,09,17,275,42,10,51,165,45*6D
$GIGSV,1,1,02,09,17,275,42,10,51,165,45*6D
$GIGSV,1,1,02,09,17,275,42,10,51,165,45*6D
$GIGSV,1,1,02,09,17,275,42,10,51,165,45*6D
$GIGSV,1,1,02,09,17,275,42,10,51,165,45*6D
$GIGSV,1,1,02,09,17,275,42,10,51,165,45*6D
$GIGSV,1,1,02,09,17,275,42,10,51,165,45*6D
$GIGSV,1,1,02,09,17,275,42,10,51,165,45*6D
$GIGSV,1,1,02,09,17,275,42,10,51,165,45*6D
$GIGSV,1,1,02,09,17,275,42,10,51,165,45*6D
$GIGSV,1,1,02,09,17,275,42,10,51,165,45*6D
$GIGSV,1,1,02,09,17,275,42,10,51,165,45*6D
$GIGSV,1,1,02,09,17,275,42,10,51,165,45*6D
$GIGSV,1,1,02,09,17,275,42,10,51,165,45*6D
$GIGSV,1,1,02,09,17,275,42,10,51,165,45*6D
$GIGSV,1,1,02,09,17,275,42,10,51,165,45*6D
$GIGSV,1,1,02,09,17,275,42,10,51,165,45*6D
$GIGSV,1,1,02,09,17,275,42,10,51,165,45*6D
$GIGSV,1,1,02,09,17,275,42,10,51,165,45*6D
$GIGSV,1,1,02,09,17,275,42,10,51,165,45*6D
$GIGSV,1,1,02,09,17,275,42,10,51,165,45*6D
$GIGSV,1,1,02,09,17,275,42,10,51,165,45*6D
$GIGSV,1,1,02,09,17,275,42,10,51,165,45*6D
$GIGSV,1,1,02,09,17,275,42,10,51,165,45*6D
$GIGSV,1,1,02,09,17,275,42,10,51,165,45*6D
$GIGSV,1,1,02,09,17,275,42,10,51,165,45*6D
$GIGSV,1,1,02,09,17,275,42,10,51,165,45*6D
$GIGSV,1,1,02,09,17,275,42,10,51,165,45*6D
$GIGSV,1,1,02,09,17,275,42,10,51,165,45*6D
$GIGSV,1,1,02,09,17,275,42,10,51,165,45*6D
$GIGSV,1,1,02,09,17,275,42,10,51,165,45*6D
$GIGSV,1,1,02,09,17,275,42,10,51,165,45*6D
$GIGSV,1,1,02,09,17,275,42,10,51,165,45*6D
$GIGSV,1,1,02,09,17,275,42,10,51,165,45*6D
$GIGSV,1,1,02,09,17,275,42,10,51,165,45*6D
$GIGSV,1,1,02,09,17,275,42,10,51,165,45*6D
$GIGSV,1,1,02,09,17,275,41,10,51,165,45*6E
$GIGSV,1,1,02,09,17,275,41,10,51,165,45*6E
$GIGSV,1,1,02,09,17,275,41,10,51,165,45*6E
$GIGSV,1,1,02,09,17,275,41,10,51,165,45*6E
$GIGSV,1,1,02,09,17,275,41,10,51,165,45*6E
$GIGSV,1,1,02,09,17,275,41,10,51,165,45*6E
$GIGSV,1,1,02,09,17,275,41,10,51,165,45*6E
$GIGSV,1,1,02,09,17,275,41,10,51,165,45*6E
$GIGSV,1,1,02,09,17,275,41,10,51,165,45*6E
$GIGSV,1,1,02,09,17,275,41,10,51,165,45*6E
$GIGSV,1,1,02,09,17,275,41,10,51,165,45*6E
$GIGSV,1,1,02,09,17,275,41,10,51,165,45*6E
$GIGSV,1,1,02,09,17,275,41,10,51,165,45*6E
$GIGSV,1,1,02,09,17,275,41,10,51,165,45*6E
$GIGSV,1,1,02,09,17,275,41,10,51,165,46*6D
$GIGSV,1,1,02,09,17,275,41,10,51,165,46*6D
$GIGSV,1,1,02,09,17,275,41,10,51,165,46*6D
$GIGSV,1,1,02,09,17,275,41,10,51,165,46*6D
$GIGSV,1,1,02,09,17,275,41,10,51,165,46*6D
$GIGSV,1,1,02,09,17,275,41,10,51,165,46*6D
$GIGSV,1,1,02,09,17,275,41,10,51,165,46*6D
$GIGSV,1,1,02,09,17,275,41,10,51,165,46*6D
$GIGSV,1,1,02,09,17,275,41,10,51,165,46*6D
$GIGSV,1,1,02,09,17,275,41,10,51,165,46*6D
$GIGSV,1,1,02,09,17,275,40,10,51,165,46*6C
$GIGSV,1,1,02,09,17,275,40,10,51,165,46*6C
$GIGSV,1,1,02,09,17,275,40,10,51,165,46*6C
$GIGSV,1,1,02,09,17,275,40,10,51,165,46*6C
$GIGSV,1,1,02,09,17,275,40,10,51,165,46*6C
$GIGSV,1,1,02,09,17,275,40,10,51,165,46*6C
$GIGSV,1,1,02,09,17,275,40,10,51,165,46*6C
$GIGSV,1,1,02,09,17,275,40,10,51,165,46*6C
$GIGSV,1,1,02,09,17,275,40,10,51,165,46*6C
$GIGSV,1,1,02,09,17,275,40,10,51,165,46*6C
$GIGSV,1,1,02,09,17,275,40,10,51,165,46*6C
$GIGSV,1,1,02,09,17,275,40,10,51,165,46*6C
$GIGSV,1,1,02,09,17,275,40,10,51,165,46*6C
$GIGSV,1,1,02,09,17,275,40,10,51,165,46*6C
$GIGSV,1,1,02,09,17,275,40,10,51,165,46*6C
$GIGSV,1,1,02,09,17,275,40,10,51,165,46*6C
$GIGSV,1,1,02,09,17,275,40,10,51,165,46*6C
$GIGSV,1,1,02,09,17,275,40,10,51,165,46*6C
$GIGSV,1,1,02,09,17,275,40,10,51,165,46*6C
$GIGSV,1,1,02,09,17,275,40,10,51,165,46*6C
$GIGSV,1,1,02,09,17,275,40,10,51,165,46*6C
$GIGSV,1,1,02,09,17,275,40,10,51,165,46*6C
$GIGSV,1,1,02,09,17,275,40,10,51,165,46*6C
$GIGSV,1,1,02,09,17,275,40,10,51,165,46*6C
$GIGSV,1,1,02,09,17,275,39,10,51,165,46*62
$GIGSV,1,1,02,09,17,275,39,10,51,165,46*62
$GIGSV,1,1,02,09,17,275,39,10,51,165,46*62
$GIGSV,1,1,02,09,17,275,39,10,51,165,46*62
$GIGSV,1,1,02,09,17,275,39,10,51,165,46*62
$GIGSV,1,1,02,09,17,275,39,10,51,165,46*62
$GIGSV,1,1,02,09,17,275,39,10,51,165,46*62
$GIGSV,1,1,02,09,17,275,39,10,51,165,46*62
$GIGSV,1,1,02,09,17,275,39,10,51,165,46*62
$GIGSV,1,1,02,09,17,275,39,10,51,165,46*62
$GIGSV,1,1,02,09,17,275,39,10,51,165,46*62
$GIGSV,1,1,02,09,17,275,39,10,51,165,46*62
$GIGSV,1,1,02,09,17,275,39,10,51,165,46*62
$GIGSV,1,1,02,09,17,275,39,10,51,165,46*62
$GIGSV,1,1,02,09,17,275,39,10,51,165,46*62
$GIGSV,1,1,02,09,17,275,39,10,51,165,46*62
$GIGSV,1,1,02,09,17,275,39,10,51,165,46*62
$GIGSV,1,1,02,09,17,275,39,10,51,165,45*61
$GIGSV,1,1,02,09,17,275,39,10,51,165,45*61
$GIGSV,1,1,02,09,17,275,39,10,51,165,45*61
$GIGSV,1,1,02,09,17,275,39,10,51,165,45*61
$GIGSV,1,1,02,09,17,275,39,10,51,165,45*61
$GIGSV,1,1,02,09,17,275,39,10,51,165,45*61
$GIGSV,1,1,02,09,17,275,39,10,51,165,45*61
$GIGSV,1,1,02,09,17,275,39,10,51,165,45*61
$GIGSV,1,1,02,09,17,275,39,10,51,165,45*61
$GIGSV,1,1,02,09,17,275,39,10,51,165,45*61
$GIGSV,1,1,02,09,17,275,39,10,51,165,45*61
$GIGSV,1,1,02,09,17,275,39,10,51,165,45*61
$GIGSV,1,1,02,09,17,275,39,10,51,165,45*61
$GIGSV,1,1,02,09,17,275,39,10,51,165,45*61
$GIGSV,1,1,02,09,17,275,39,10,51,165,45*61
$GIGSV,1,1,02,09,17,275,39,10,51,165,45*61
$GIGSV,1,1,02,09,17,275,39,10,51,165,45*61
$GIGSV,1,1,02,09,17,275,38,10,51,165,45*60
$GIGSV,1,1,02,09,17,275,38,10,51,165,45*60
$GIGSV,1,1,02,09,17,275,38,10,51,165,44*61
$GIGSV,1,1,02,09,17,275,38,10,51,165,44*61
$GIGSV,1,1,02,09,17,275,38,10,51,165,44*61
$GIGSV,1,1,01,10,51,165,44*56
$GIGSV,1,1,01,10,51,165,44*56
$GIGSV,1,1,01,10,51,165,44*56
$GIGSV,1,1,01,10,51,165,44*56
$GIGSV,1,1,01,10,51,165,44*56
$GIGSV,1,1,01,10,51,165,44*56
$GIGSV,1,1,01,10,51,165,44*56
$GIGSV,1,1,01,10,51,165,44*56
$GIGSV,1,1,01,10,51,165,44*56
$GIGSV,1,1,01,10,51,165,43*51
$GIGSV,1,1,01,10,51,165,43*51
$GIGSV,1,1,01,10,51,165,43*51
$GIGSV,1,1,01,10,51,165,43*51
$GIGSV,1,1,01,10,51,165,43*51
$GIGSV,1,1,01,10,51,165,43*51
$GIGSV,1,1,01,10,51,165,43*51
$GIGSV,1,1,01,10,51,165,43*51
$GIGSV,1,1,01,10,51,165,43*51
$GIGSV,1,1,01,10,51,165,43*51
$GIGSV,1,1,01,10,51,165,43*51
$GIGSV,1,1,01,10,51,165,43*51
$GIGSV,1,1,01,10,51,165,42*50
$GIGSV,1,1,01,10,51,165,42*50
$GIGSV,1,1,01,10,51,165,42*50
$GIGSV,1,1,01,10,51,165,42*50
$GIGSV,1,1,01,10,51,165,42*50
$GIGSV,1,1,01,10,51,165,42*50
$GIGSV,1,1,01,10,51,165,42*50
$GIGSV,1,1,01,10,51,165,42*50
$GIGSV,1,1,01,10,51,165,42*50
$GIGSV,1,1,01,10,51,165,42*50
$GIGSV,1,1,01,10,51,165,42*50
$GIGSV,1,1,01,10,51,165,42*50
$GIGSV,1,1,01,10,51,165,27*53
$GIGSV,1,1,01,10,51,165,27*53
$GIGSV,1,1,01,10,51,165,26*52
$GIGSV,1,1,01,10,51,165,29*5D
$GIGSV,1,1,01,10,51,165,29*5D
$GIGSV,1,1,01,10,51,165,30*55
$GIGSV,1,1,01,10,51,165,30*55
$GIGSV,1,1,01,10,51,165,30*55
$GIGSV,1,1,01,10,51,165,30*55
$GIGSV,1,1,01,10,51,165,30*55
$GIGSV,1,1,01,10,51,165,30*55
$GIGSV,1,1,01,10,51,165,30*55
$GIGSV,1,1,01,10,51,165,30*55
$GIGSV,1,1,01,10,51,165,30*55
$GIGSV,1,1,01,10,51,165,30*55
$GIGSV,1,1,01,10,51,165,30*55
$GIGSV,1,1,01,10,51,165,30*55
$GIGSV,1,1,01,10,51,165,30*55
$GIGSV,1,1,01,10,51,165,30*55
$GIGSV,1,1,01,10,51,165,30*55
$GIGSV,1,1,01,10,51,165,30*55
$GIGSV,1,1,01,10,51,165,30*55
$GIGSV,1,1,01,10,51,165,30*55
$GIGSV,1,1,01,10,51,165,31*54
$GIGSV,1,1,01,10,51,165,31*54
$GIGSV,1,1,01,10,51,165,31*54
$GIGSV,1,1,01,10,51,165,31*54
$GIGSV,1,1,01,10,51,165,30*55
$GIGSV,1,1,01,10,51,165,30*55
$GIGSV,1,1,01,10,51,165,31*54
$GIGSV,1,1,01,10,51,165,31*54
$GIGSV,1,1,01,10,51,165,31*54
$GIGSV,1,1,01,10,51,165,31*54
$GIGSV,1,1,01,10,51,165,31*54
$GIGSV,1,1,01,10,51,165,31*54
$GIGSV,1,1,01,10,51,165,31*54
$GIGSV,1,1,01,10,51,165,31*54
$GIGSV,1,1,01,10,51,165,31*54
$GIGSV,1,1,01,10,51,165,31*54
$GIGSV,1,1,01,10,51,165,31*54
$GIGSV,1,1,01,10,51,165,31*54
$GIGSV,1,1,01,10,51,165,31*54
$GIGSV,1,1,01,10,51,165,31*54
$GIGSV,1,1,01,10,51,165,31*54
$GIGSV,1,1,01,10,51,165,31*54
$GIGSV,1,1,01,10,51,165,31*54
$GIGSV,1,1,01,10,51,165,32*57
$GIGSV,1,1,01,10,51,165,32*57
$GIGSV,1,1,01,10,51,165,34*51
$GIGSV,1,1,01,10,51,165,34*51
$GIGSV,1,1,01,10,51,165,34*51
$GIGSV,1,1,01,10,51,165,34*51
$GIGSV,1,1,01,10,51,165,34*51
$GIGSV,1,1,01,10,51,165,34*51
$GIGSV,1,1,01,10,51,165,34*51
$GIGSV,1,1,01,10,51,165,34*51
$GIGSV,1,1,01,10,51,165,34*51
$GIGSV,1,1,01,10,51,165,35*50
$GIGSV,1,1,01,10,51,165,35*50
$GIGSV,1,1,01,10,51,165,35*50
$GIGSV,1,1,01,10,51,165,35*50
$GIGSV,1,1,01,10,51,165,35*50
$GIGSV,1,1,01,10,51,165,35*50
$GIGSV,1,1,01,10,51,165,35*50
$GIGSV,1,1,01,10,51,165,35*50
$GIGSV,1,1,01,10,51,165,35*50
$GIGSV,1,1,01,10,51,165,35*50
$GIGSV,1,1,01,10,51,165,35*50
$GIGSV,1,1,01,10,51,165,35*50
$GIGSV,1,1,01,10,51,165,35*50
$GIGSV,1,1,01,10,51,165,36*53
$GIGSV,1,1,01,10,51,165,36*53
$GIGSV,1,1,01,10,51,165,36*53
$GIGSV,1,1,01,10,51,165,36*53
$GIGSV,1,1,01,10,51,165,36*53
$GIGSV,1,1,01,10,51,165,36*53
$GIGSV,1,1,01,10,51,165,36*53
$GIGSV,1,1,01,10,51,165,36*53
$GIGSV,1,1,01,10,51,165,36*53
$GIGSV,1,1,01,10,51,165,36*53
$GIGSV,1,1,01,10,51,165,36*53
$GIGSV,1,1,01,10,51,165,35*50
$GIGSV,1,1,01,10,51,165,35*50
$GIGSV,1,1,01,10,51,165,35*50
$GIGSV,1,1,01,10,51,165,35*50
$GIGSV,1,1,01,10,51,165,35*50
$GIGSV,1,1,01,10,51,165,35*50
$GIGSV,1,1,01,10,51,165,35*50
$GIGSV,1,1,01,10,51,165,35*50
$GIGSV,1,1,01,10,51,165,35*50
$GIGSV,1,1,01,10,51,165,35*50
$GIGSV,1,1,01,10,51,165,35*50
$GIGSV,1,1,01,10,51,165,35*50
$GIGSV,1,1,01,10,51,165,35*50
$GIGSV,1,1,01,10,51,165,35*50
$GIGSV,1,1,01,10,51,165,35*50
$GIGSV,1,1,01,10,51,165,35*50
$GIGSV,1,1,01,10,51,165,35*50
$GIGSV,1,1,01,10,51,165,35*50
$GIGSV,1,1,01,10,51,165,35*50
$GIGSV,1,1,01,10,51,165,35*50
$GIGSV,1,1,01,10,51,165,35*50
$GIGSV,1,1,01,10,51,165,35*50
$GIGSV,1,1,01,10,51,165,35*50
$GIGSV,1,1,01,10,51,165,35*50
$GIGSV,1,1,01,10,51,165,35*50
$GIGSV,1,1,01,10,51,165,35*50
$GIGSV,1,1,01,10,51,165,35*50
$GIGSV,1,1,01,10,51,165,35*50
$GIGSV,1,1,01,10,51,165,35*50
$GIGSV,1,1,01,10,51,165,35*50
$GIGSV,1,1,01,10,51,165,35*50
$GIGSV,1,1,01,10,51,165,35*50
$GIGSV,1,1,01,10,51,165,35*50
$GIGSV,1,1,01,10,51,165,35*50
$GIGSV,1,1,01,10,51,165,35*50
$GIGSV,1,1,01,10,51,165,35*50
$GIGSV,1,1,01,10,51,165,35*50
$GIGSV,1,1,01,10,51,165,36*53
$GIGSV,1,1,01,10,51,165,36*53
$GIGSV,1,1,01,10,51,165,36*53
$GIGSV,1,1,01,10,51,165,36*53
$GIGSV,1,1,01,10,51,165,36*53
$GIGSV,1,1,01,10,51,165,36*53
$GIGSV,1,1,01,10,51,165,36*53
$GIGSV,1,1,01,10,51,165,36*53
$GIGSV,1,1,01,10,51,165,36*53
$GIGSV,1,1,01,10,51,165,36*53
$GIGSV,1,1,01,10,51,165,36*53
$GIGSV,1,1,01,10,51,165,35*50
$GIGSV,1,1,01,10,51,165,35*50
$GIGSV,1,1,01,10,51,165,35*50
$GIGSV,1,1,01,10,51,165,35*50
$GIGSV,1,1,01,10,51,165,35*50
$GIGSV,1,1,01,10,51,165,35*50
$GIGSV,1,1,01,10,51,165,35*50
$GIGSV,1,1,01,10,51,165,35*50
$GIGSV,1,1,01,10,51,165,35*50
$GIGSV,1,1,01,10,51,165,35*50
$GIGSV,1,1,01,10,51,165,36*53
$GIGSV,1,1,01,10,51,165,36*53
$GIGSV,1,1,01,10,51,165,36*53
$GIGSV,1,1,01,10,51,165,36*53
$GIGSV,1,1,01,10,51,165,36*53
$GIGSV,1,1,01,10,51,165,35*50
$GIGSV,1,1,01,10,51,165,35*50
$GIGSV,1,1,01,10,51,165,35*50
$GIGSV,1,1,01,10,51,165,35*50
$GIGSV,1,1,01,10,51,165,35*50
$GIGSV,1,1,01,10,51,165,35*50
$GIGSV,1,1,01,10,51,165,35*50
$GIGSV,1,1,01,10,51,165,35*50
$GIGSV,1,1,01,10,51,165,35*50
$GIGSV,1,1,01,10,51,165,35*50
$GIGSV,1,1,01,10,51,165,35*50
$GIGSV,1,1,01,10,51,165,35*50
$GIGSV,1,1,01,10,51,165,35*50
$GIGSV,1,1,01,10,51,165,35*50
$GIGSV,1,1,01,10,51,165,36*53
$GIGSV,1,1,01,10,51,165,36*53
$GIGSV,1,1,01,10,51,165,36*53
$GIGSV,1,1,01,10,51,165,37*52
$GIGSV,1,1,01,10,51,165,37*52
$GIGSV,1,1,01,10,51,165,37*52
$GIGSV,1,1,01,10,51,165,37*52
$GIGSV,1,1,01,10,51,165,37*52
$GIGSV,1,1,01,10,51,165,38*5D
$GIGSV,1,1,01,10,51,165,38*5D
$GIGSV,1,1,01,10,51,165,38*5D
$GIGSV,1,1,01,10,51,165,38*5D
$GIGSV,1,1,01,10,51,165,38*5D
$GIGSV,1,1,01,10,51,165,39*5C
$GIGSV,1,1,01,10,51,165,39*5C
$GIGSV,1,1,01,10,51,165,39*5C
$GIGSV,1,1,01,10,51,165,40*52
$GIGSV,1,1,01,10,51,165,40*52
$GIGSV,1,1,01,10,51,165,40*52
$GIGSV,1,1,01,10,51,165,40*52
$GIGSV,1,1,01,10,51,165,40*52
$GIGSV,1,1,01,10,51,165,40*52
$GIGSV,1,1,01,10,51,165,40*52
$GIGSV,1,1,01,10,51,165,40*52
$GIGSV,1,1,01,10,51,165,40*52
$GIGSV,1,1,01,10,51,165,40*52
$GIGSV,1,1,01,10,51,165,40*52
$GIGSV,1,1,01,10,51,165,40*52
$GIGSV,1,1,01,10,51,165,40*52
$GIGSV,1,1,01,10,51,165,40*52
$GIGSV,1,1,01,10,51,165,40*52
$GIGSV,1,1,01,10,51,165,40*52
$GIGSV,1,1,01,10,51,165,40*52
$GIGSV,1,1,01,10,51,165,40*52
$GIGSV,1,1,01,10,51,165,40*52
$GIGSV,1,1,01,10,51,165,40*52
$GIGSV,1,1,01,10,51,165,40*52
$GIGSV,1,1,01,10,51,165,40*52
$GIGSV,1,1,01,10,51,165,40*52
$GIGSV,1,1,01,10,51,165,40*52
$GIGSV,1,1,01,10,51,165,39*5C
$GIGSV,1,1,01,10,51,165,39*5C
$GIGSV,1,1,01,10,51,165,39*5C
$GIGSV,1,1,01,10,51,165,39*5C
$GIGSV,1,1,01,10,51,165,39*5C
$GIGSV,1,1,01,10,51,165,39*5C
$GIGSV,1,1,01,10,51,165,39*5C
$GIGSV,1,1,01,10,51,165,39*5C
$GIGSV,1,1,01,10,51,165,39*5C
$GIGSV,1,1,01,10,51,165,39*5C
$GIGSV,1,1,01,10,51,165,39*5C
$GIGSV,1,1,01,10,51,165,39*5C
$GIGSV,1,1,01,10,51,165,39*5C
$GIGSV,1,1,01,10,51,165,38*5D
$GIGSV,1,1,01,10,51,165,38*5D
$GIGSV,1,1,01,10,51,165,38*5D
$GIGSV,1,1,01,10,51,165,38*5D
$GIGSV,1,1,01,10,51,165,38*5D
$GIGSV,1,1,01,10,51,165,38*5D
$GIGSV,1,1,01,10,51,165,38*5D
$GIGSV,1,1,01,10,51,165,38*5D
$GIGSV,1,1,01,10,51,165,38*5D
$GIGSV,1,1,01,10,51,165,38*5D
$GIGSV,1,1,01,10,51,165,38*5D
$GIGSV,1,1,01,10,51,165,38*5D
$GIGSV,1,1,01,10,51,165,38*5D
$GIGSV,1,1,01,10,51,165,38*5D
$GIGSV,1,1,01,10,51,165,37*52
$GIGSV,1,1,01,10,51,165,37*52
$GIGSV,1,1,01,10,51,165,37*52
$GIGSV,1,1,01,10,51,165,37*52
$GIGSV,1,1,01,10,51,165,37*52
$GIGSV,1,1,01,10,51,165,37*52
$GIGSV,1,1,01,10,51,165,37*52
$GIGSV,1,1,01,10,51,165,37*52
$GIGSV,1,1,01,10,51,165,37*52
$GIGSV,1,1,01,10,51,165,37*52
$GIGSV,1,1,01,10,51,165,37*52
$GIGSV,1,1,01,10,51,165,37*52
$GIGSV,1,1,01,10,51,165,37*52
$GIGSV,1,1,01,10,51,165,37*52
$GIGSV,1,1,01,10,51,165,37*52
$GIGSV,1,1,01,10,51,165,37*52
$GIGSV,1,1,01,10,51,165,36*53
$GIGSV,1,1,01,10,51,165,36*53
$GIGSV,1,1,01,10,51,165,36*53
$GIGSV,1,1,01,10,51,165,36*53
$GIGSV,1,1,01,10,51,165,36*53
$GIGSV,1,1,01,10,51,165,36*53
$GIGSV,1,1,01,10,51,165,36*53
$GIGSV,1,1,01,10,51,165,36*53
$GIGSV,1,1,01,10,51,165,36*53
$GIGSV,1,1,01,10,51,165,36*53
$GIGSV,1,1,01,10,51,165,36*53
$GIGSV,1,1,01,10,51,165,36*53
$GIGSV,1,1,01,10,51,165,36*53
$GIGSV,1,1,01,10,51,165,36*53
$GIGSV,1,1,01,10,51,165,36*53
$GIGSV,1,1,01,10,51,165,36*53
$GIGSV,1,1,01,10,51,165,36*53
$GIGSV,1,1,01,10,51,165,36*53
$GIGSV,1,1,01,10,51,165,36*53
$GIGSV,1,1,01,10,51,165,36*53
$GIGSV,1,1,01,10,51,165,36*53
$GIGSV,1,1,01,10,51,165,35*50
$GIGSV,1,1,01,10,51,165,35*50
$GIGSV,1,1,01,10,51,165,35*50
$GIGSV,1,1,01,10,51,165,35*50
$GIGSV,1,1,01,10,51,165,35*50
$GIGSV,1,1,01,10,51,165,35*50
$GIGSV,1,1,01,10,51,165,35*50
$GIGSV,1,1,01,10,51,165,35*50
$GIGSV,1,1,01,10,51,165,35*50
$GIGSV,1,1,01,10,51,165,35*50
$GIGSV,1,1,01,10,51,165,35*50
$GIGSV,1,1,01,10,51,165,35*50
$GIGSV,1,1,01,10,51,165,35*50
$GIGSV,1,1,01,10,51,165,36*53
$GIGSV,1,1,01,10,51,165,36*53
$GIGSV,1,1,01,10,51,165,36*53
$GIGSV,1,1,01,10,51,165,36*53
$GIGSV,1,1,01,10,51,165,36*53
$GIGSV,1,1,01,10,51,165,36*53
$GIGSV,1,1,01,10,51,165,36*53
$GIGSV,1,1,01,10,51,165,36*53
$GIGSV,1,1,01,10,51,165,36*53
$GIGSV,1,1,01,10,51,165,36*53
$GIGSV,1,1,01,10,51,165,36*53
$GIGSV,1,1,01,10,51,165,36*53
$GIGSV,1,1,01,10,51,165,36*53
$GIGSV,1,1,01,10,51,165,36*53
$GIGSV,1,1,01,10,51,165,36*53
$GIGSV,1,1,01,10,51,165,36*53
$GIGSV,1,1,01,10,51,165,35*50
$GIGSV,1,1,01,10,51,165,35*50
$GIGSV,1,1,01,10,51,165,35*50
$GIGSV,1,1,01,10,51,165,35*50
$GIGSV,1,1,01,10,51,165,35*50
$GIGSV,1,1,01,10,51,165,35*50
$GIGSV,1,1,01,10,51,165,35*50
$GIGSV,1,1,01,10,51,165,35*50
$GIGSV,1,1,01,10,51,165,35*50
$GIGSV,1,1,01,10,51,165,35*50
$GIGSV,1,1,01,10,51,165,35*50
$GIGSV,1,1,01,10,51,165,35*50
$GIGSV,1,1,01,10,51,165,35*50
$GIGSV,1,1,01,10,51,165,35*50
$GIGSV,1,1,01,10,51,165,35*50
$GIGSV,1,1,01,10,51,165,35*50
$GIGSV,1,1,01,10,51,165,35*50
$GIGSV,1,1,01,10,51,165,35*50
$GIGSV,1,1,01,10,51,165,35*50
$GIGSV,1,1,02,09,17,275,37,10,51,165,35*68
$GIGSV,1,1,02,09,17,275,34,10,51,165,35*6B
$GIGSV,1,1,02,09,17,275,35,10,51,165,35*6A
$GIGSV,1,1,02,09,17,275,34,10,51,165,34*6A
$GIGSV,1,1,02,09,17,275,35,10,51,165,34*6B
$GIGSV,1,1,02,09,17,275,35,10,51,165,34*6B
$GIGSV,1,1,02,09,17,275,35,10,51,165,34*6B
$GIGSV,1,1,02,09,17,275,35,10,51,165,35*6A
$GIGSV,1,1,02,09,17,275,35,10,51,165,35*6A
$GIGSV,1,1,02,09,17,275,35,10,51,165,35*6A
$GIGSV,1,1,02,09,17,275,35,10,51,165,35*6A
$GIGSV,1,1,02,09,17,275,35,10,51,165,35*6A
$GIGSV,1,1,02,09,17,275,36,10,51,165,35*69
$GIGSV,1,1,02,09,17,275,36,10,51,165,35*69
$GIGSV,1,1,02,09,17,275,36,10,51,165,35*69
$GIGSV,1,1,02,09,17,275,36,10,51,165,35*69
$GIGSV,1,1,02,09,17,275,35,10,51,165,34*6B
$GIGSV,1,1,02,09,17,275,35,10,51,165,34*6B
$GIGSV,1,1,02,09,17,275,35,10,51,165,34*6B
$GIGSV,1,1,02,09,17,275,36,10,51,165,35*69
$GIGSV,1,1,02,09,17,275,37,10,51,165,35*68
$GIGSV,1,1,02,09,17,275,38,10,51,165,34*66
$GIGSV,1,1,02,09,17,275,38,10,51,165,34*66
$GIGSV,1,1,02,09,17,275,37,10,51,165,34*69
$GIGSV,1,1,02,09,17,275,37,10,51,165,34*69
$GIGSV,1,1,02,09,17,275,37,10,51,165,34*69
$GIGSV,1,1,02,09,17,275,36,10,51,165,34*68
$GIGSV,1,1,02,09,17,275,36,10,51,165,35*69
$GIGSV,1,1,02,09,17,275,36,10,51,165,35*69
$GIGSV,1,1,02,09,17,275,36,10,51,165,35*69
$GIGSV,1,1,02,09,17,275,36,10,51,165,35*69
$GIGSV,1,1,02,09,17,275,36,10,51,165,35*69
$GIGSV,1,1,02,09,17,275,36,10,51,165,35*69
$GIGSV,1,1,02,09,17,275,35,10,51,165,35*6A
$GIGSV,1,1,02,09,17,275,35,10,51,165,35*6A
$GIGSV,1,1,02,09,17,275,34,10,51,165,35*6B
$GIGSV,1,1,02,09,17,275,34,10,51,165,35*6B
$GIGSV,1,1,02,09,17,275,34,10,51,165,34*6A
$GIGSV,1,1,02,09,17,275,34,10,51,165,34*6A
$GIGSV,1,1,02,09,17,275,34,10,51,165,34*6A
$GIGSV,1,1,02,09,17,275,34,10,51,165,34*6A
$GIGSV,1,1,02,09,17,275,33,10,51,165,34*6D
$GIGSV,1,1,02,09,17,275,33,10,51,165,34*6D
$GIGSV,1,1,02,09,17,275,33,10,51,165,34*6D
$GIGSV,1,1,02,09,17,275,33,10,51,165,34*6D
$GIGSV,1,1,02,09,17,275,33,10,51,165,35*6C
$GIGSV,1,1,02,09,17,275,32,10,51,165,35*6D
$GIGSV,1,1,02,09,17,275,33,10,51,165,35*6C
$GIGSV,1,1,02,09,17,275,33,10,51,165,35*6C
$GIGSV,1,1,02,09,17,275,33,10,51,165,35*6C
$GIGSV,1,1,02,09,17,275,33,10,51,165,34*6D
$GIGSV,1,1,02,09,17,275,32,10,51,165,34*6C
$GIGSV,1,1,02,09,17,275,32,10,51,165,34*6C
$GIGSV,1,1,02,09,17,275,32,10,51,165,35*6D
$GIGSV,1,1,02,09,17,275,33,10,51,165,35*6C
$GIGSV,1,1,02,09,17,275,33,10,51,165,35*6C
$GIGSV,1,1,02,09,17,275,33,10,51,165,35*6C
$GIGSV,1,1,02,09,17,275,33,10,51,165,35*6C
$GIGSV,1,1,02,09,17,275,34,10,51,165,35*6B
$GIGSV,1,1,02,09,17,275,33,10,51,165,35*6C
$GIGSV,1,1,02,09,17,275,34,10,51,165,35*6B
$GIGSV,1,1,02,09,17,275,34,10,51,165,35*6B
$GIGSV,1,1,02,09,17,275,33,10,51,165,35*6C
$GIGSV,1,1,02,09,17,275,33,10,51,165,34*6D
$GIGSV,1,1,01,10,51,165,34*51
$GIGSV,1,1,01,10,51,165,34*51
$GIGSV,1,1,01,10,51,165,34*51
$GIGSV,1,1,01,10,51,165,34*51
$GIGSV,1,1,01,10,51,165,34*51
$GIGSV,1,1,01,10,51,165,34*51
$GIGSV,1,1,01,10,51,165,34*51
$GIGSV,1,1,01,10,51,165,34*51
$GIGSV,1,1,01,10,51,165,34*51
$GIGSV,1,1,01,10,51,165,34*51
$GIGSV,1,1,01,10,51,165,34*51
$GIGSV,1,1,01,10,51,165,34*51
$GIGSV,1,1,01,10,51,165,34*51
$GIGSV,1,1,01,10,51,165,34*51
$GIGSV,1,1,01,10,51,165,34*51
$GIGSV,1,1,01,10,51,165,34*51
$GIGSV,1,1,01,10,51,165,34*51
$GIGSV,1,1,01,10,51,165,34*51
$GIGSV,1,1,01,10,51,165,34*51
$GIGSV,1,1,01,10,51,165,34*51
$GIGSV,1,1,01,10,51,165,34*51
$GIGSV,1,1,01,10,51,165,34*51
$GIGSV,1,1,01,10,51,165,34*51
$GIGSV,1,1,01,10,51,165,34*51
$GIGSV,1,1,01,10,51,165,34*51
$GIGSV,1,1,01,10,51,165,34*51
$GIGSV,1,1,01,10,51,165,34*51
$GIGSV,1,1,01,10,51,165,34*51
$GIGSV,1,1,01,10,51,165,34*51
$GIGSV,1,1,01,10,51,165,34*51
$GIGSV,1,1,01,10,51,165,34*51
$GIGSV,1,1,01,10,51,165,34*51
$GIGSV,1,1,01,10,51,165,34*51
$GIGSV,1,1,01,10,51,165,34*51
$GIGSV,1,1,01,10,51,165,34*51
$GIGSV,1,1,01,10,51,165,34*51
$GIGSV,1,1,01,10,51,165,34*51
$GIGSV,1,1,01,10,51,165,34*51
$GIGSV,1,1,01,10,51,165,34*51
$GIGSV,1,1,01,10,51,165,34*51
$GIGSV,1,1,01,10,51,165,34*51
$GIGSV,1,1,01,10,51,165,34*51
$GIGSV,1,1,01,10,51,165,34*51
$GIGSV,1,1,01,10,51,165,34*51
$GIGSV,1,1,01,10,51,165,34*51
$GIGSV,1,1,01,10,51,165,34*51
$GIGSV,1,1,01,10,51,165,34*51
$GIGSV,1,1,01,10,51,165,34*51
$GIGSV,1,1,01,10,51,165,34*51
$GIGSV,1,1,01,10,51,165,34*51
$GIGSV,1,1,01,10,51,165,34*51
$GIGSV,1,1,01,10,51,165,34*51
$GIGSV,1,1,01,10,51,165,34*51
$GIGSV,1,1,01,10,51,165,34*51
$GIGSV,1,1,01,10,51,165,34*51
$GIGSV,1,1,01,10,51,165,34*51
$GIGSV,1,1,01,10,51,165,34*51
$GIGSV,1,1,01,10,51,165,34*51
$GIGSV,1,1,01,10,51,165,34*51
$GIGSV,1,1,01,10,51,165,34*51
$GIGSV,1,1,01,10,51,165,34*51
$GIGSV,1,1,01,10,51,165,34*51
$GIGSV,1,1,01,10,51,165,34*51
$GIGSV,1,1,01,10,51,165,34*51
$GIGSV,1,1,01,10,51,165,34*51
$GIGSV,1,1,01,10,51,165,34*51
$GIGSV,1,1,01,10,51,165,34*51
$GIGSV,1,1,01,10,51,165,34*51
$GIGSV,1,1,01,10,51,165,34*51
$GIGSV,1,1,01,10,51,165,34*51
$GIGSV,1,1,01,10,51,165,34*51
$GIGSV,1,1,01,10,51,165,34*51
$GIGSV,1,1,01,10,51,165,34*51
$GIGSV,1,1,01,10,51,165,34*51
$GIGSV,1,1,01,10,51,165,34*51
$GIGSV,1,1,01,10,51,165,34*51
$GIGSV,1,1,01,10,51,165,34*51
$GIGSV,1,1,01,10,51,165,33*56
$GIGSV,1,1,01,10,51,165,33*56
$GIGSV,1,1,01,10,51,165,33*56
$GIGSV,1,1,01,10,51,165,33*56
$GIGSV,1,1,01,10,51,165,33*56
$GIGSV,1,1,01,10,51,165,33*56
$GIGSV,1,1,01,10,51,165,34*51
$GIGSV,1,1,01,10,51,165,34*51
$GIGSV,1,1,01,10,51,165,34*51
$GIGSV,1,1,01,10,51,165,34*51
$GIGSV,1,1,01,10,51,165,33*56
$GIGSV,1,1,01,10,51,165,33*56
$GIGSV,1,1,01,10,51,165,33*56
$GIGSV,1,1,01,10,51,165,34*51
$GIGSV,1,1,01,10,51,165,34*51
$GIGSV,1,1,01,10,51,165,34*51
$GIGSV,1,1,01,10,51,165,34*51
$GIGSV,1,1,01,10,51,165,34*51
$GIGSV,1,1,01,10,51,165,34*51
$GIGSV,1,1,01,10,51,165,34*51
$GIGSV,1,1,01,10,51,165,34*51
$GIGSV,1,1,01,10,51,165,34*51
$GIGSV,1,1,01,10,51,165,34*51
$GIGSV,1,1,01,10,51,165,34*51
$GIGSV,1,1,01,10,51,165,34*51
$GIGSV,1,1,01,10,51,165,34*51
$GIGSV,1,1,01,10,51,165,34*51
$GIGSV,1,1,01,10,51,165,34*51
$GIGSV,1,1,01,10,51,165,34*51
$GIGSV,1,1,01,10,51,165,34*51
$GIGSV,1,1,01,10,51,165,34*51
$GIGSV,1,1,01,10,51,165,34*51
$GIGSV,1,1,01,10,51,165,34*51
$GIGSV,1,1,01,10,51,165,34*51
$GIGSV,1,1,01,10,51,165,34*51
$GIGSV,1,1,01,10,51,165,34*51
$GIGSV,1,1,01,10,51,165,34*51
$GIGSV,1,1,01,10,51,165,34*51
$GIGSV,1,1,01,10,51,165,33*56
$GIGSV,1,1,01,10,51,165,33*56
$GIGSV,1,1,01,10,51,165,33*56
$GIGSV,1,1,01,10,51,165,33*56
$GIGSV,1,1,01,10,51,165,33*56
$GIGSV,1,1,01,10,51,165,33*56
$GIGSV,1,1,01,10,51,165,33*56
$GIGSV,1,1,01,10,51,165,33*56
$GIGSV,1,1,01,10,51,165,33*56
$GIGSV,1,1,01,10,51,165,33*56
$GIGSV,1,1,01,10,51,165,33*56
$GIGSV,1,1,01,10,51,165,33*56
$GIGSV,1,1,01,10,51,165,33*56
$GIGSV,1,1,01,10,51,165,33*56
$GIGSV,1,1,01,10,51,165,33*56
$GIGSV,1,1,01,10,51,165,32*57
$GIGSV,1,1,01,10,51,165,32*57
$GIGSV,1,1,01,10,51,165,32*57
$GIGSV,1,1,01,10,51,165,32*57
$GIGSV,1,1,01,10,51,165,26*52
$GIGSV,1,1,01,10,51,165,26*52
$GIGSV,1,1,01,10,51,165,31*54
$GIGSV,1,1,01,10,51,165,30*55
$GIGSV,1,1,01,10,51,165,30*55
$GIGSV,1,1,01,10,51,165,30*55
$GIGSV,1,1,01,10,51,165,30*55
$GIGSV,1,1,01,10,51,165,29*5D
$GIGSV,1,1,01,10,51,165,29*5D
$GIGSV,1,1,01,10,51,165,29*5D
$GIGSV,1,1,01,10,51,165,29*5D
$GIGSV,1,1,01,10,51,165,30*55
$GIGSV,1,1,01,10,51,165,30*55
$GIGSV,1,1,01,10,51,165,30*55
$GIGSV,1,1,01,10,51,165,30*55
$GIGSV,1,1,01,10,51,165,29*5D
$GIGSV,1,1,01,10,51,165,29*5D
$GIGSV,1,1,01,10,51,165,29*5D
$GIGSV,1,1,01,10,51,165,29*5D
$GIGSV,1,1,01,10,51,165,29*5D
$GIGSV,1,1,01,10,51,165,29*5D
$GIGSV,1,1,01,10,51,165,29*5D
$GIGSV,1,1,01,10,51,165,29*5D
$GIGSV,1,1,01,10,51,165,29*5D
$GIGSV,1,1,01,10,51,165,29*5D
$GIGSV,1,1,01,10,51,165,29*5D
$GIGSV,1,1,01,10,51,165,30*55
$GIGSV,1,1,01,10,51,165,30*55
$GIGSV,1,1,01,10,51,165,30*55
$GIGSV,1,1,01,10,51,165,30*55
$GIGSV,1,1,01,10,51,165,30*55
$GIGSV,1,1,01,10,51,165,30*55
$GIGSV,1,1,01,10,51,165,30*55
$GIGSV,1,1,01,10,51,165,30*55
$GIGSV,1,1,01,10,51,165,30*55
$GIGSV,1,1,01,10,51,165,30*55
$GIGSV,1,1,01,10,51,165,30*55
$GIGSV,1,1,01,10,51,165,30*55
$GIGSV,1,1,01,10,51,165,30*55
$GIGSV,1,1,01,10,51,165,30*55
$GIGSV,1,1,01,10,51,165,30*55
$GIGSV,1,1,01,10,51,165,30*55
$GIGSV,1,1,01,10,51,165,30*55
$GIGSV,1,1,01,10,51,165,30*55
$GIGSV,1,1,01,10,51,165,30*55
$GIGSV,1,1,01,10,51,165,30*55
$GIGSV,1,1,01,10,51,165,30*55
$GIGSV,1,1,01,10,51,165,30*55
$GIGSV,1,1,01,10,51,165,30*55
$GIGSV,1,1,01,10,51,165,30*55
$GIGSV,1,1,01,10,51,165,30*55
$GIGSV,1,1,01,10,51,165,30*55
$GIGSV,1,1,01,10,51,165,33*56
$GIGSV,1,1,01,10,51,165,35*50
$GIGSV,1,1,01,10,51,165,35*50
$GIGSV,1,1,01,10,51,165,35*50
$GIGSV,1,1,01,10,51,165,35*50
$GIGSV,1,1,01,10,51,165,35*50
$GIGSV,1,1,01,10,51,165,35*50
$GIGSV,1,1,01,10,51,165,35*50
$GIGSV,1,1,01,10,51,165,35*50
$GIGSV,1,1,01,10,51,165,34*51
$GIGSV,1,1,01,10,51,165,34*51
$GIGSV,1,1,01,10,51,165,34*51
$GIGSV,1,1,01,10,51,165,34*51
$GIGSV,1,1,01,10,51,165,34*51
$GIGSV,1,1,01,10,51,165,34*51
$GIGSV,1,1,01,10,51,165,34*51
$GIGSV,1,1,01,10,51,165,34*51
$GIGSV,1,1,01,10,51,165,34*51
$GIGSV,1,1,01,10,51,165,34*51
$GIGSV,1,1,01,10,51,165,34*51
$GIGSV,1,1,01,10,51,165,34*51
$GIGSV,1,1,01,10,51,165,34*51
$GIGSV,1,1,01,10,51,165,34*51
$GIGSV,1,1,01,10,51,165,34*51
$GIGSV,1,1,01,10,51,165,34*51
$GIGSV,1,1,01,10,51,165,34*51
$GIGSV,1,1,01,10,51,165,34*51
$GIGSV,1,1,01,10,51,165,34*51
$GIGSV,1,1,01,10,51,165,34*51
$GIGSV,1,1,01,10,51,165,34*51
$GIGSV,1,1,01,10,51,165,34*51
$GIGSV,1,1,01,10,51,165,34*51
$GIGSV,1,1,01,10,51,165,34*51
$GIGSV,1,1,01,10,51,165,34*51
$GIGSV,1,1,01,10,51,165,34*51
$GIGSV,1,1,01,10,51,165,34*51
$GIGSV,1,1,01,10,51,165,33*56
$GIGSV,1,1,01,10,51,165,33*56
$GIGSV,1,1,01,10,51,165,33*56
$GIGSV,1,1,01,10,51,165,33*56
$GIGSV,1,1,01,10,51,165,33*56
$GIGSV,1,1,01,10,51,165,33*56
$GIGSV,1,1,01,10,51,165,33*56
$GIGSV,1,1,01,10,51,165,33*56
$GIGSV,1,1,01,10,51,165,33*56
$GIGSV,1,1,01,10,51,165,33*56
$GIGSV,1,1,01,10,51,165,33*56
$GIGSV,1,1,01,10,51,165,33*56
$GIGSV,1,1,01,10,51,165,33*56
$GIGSV,1,1,01,10,51,165,33*56
$GIGSV,1,1,01,10,51,165,33*56
$GIGSV,1,1,01,10,51,165,33*56
$GIGSV,1,1,01,10,51,165,33*56
$GIGSV,1,1,01,10,51,165,33*56
$GIGSV,1,1,01,10,51,165,33*56
$GIGSV,1,1,01,10,51,165,33*56
$GIGSV,1,1,01,10,51,165,33*56
$GIGSV,1,1,01,10,51,165,33*56
$GIGSV,1,1,01,10,51,165,33*56
$GIGSV,1,1,01,10,51,165,33*56
$GIGSV,1,1,01,10,51,165,33*56
$GIGSV,1,1,01,10,51,165,33*56
$GIGSV,1,1,01,10,51,165,33*56
$GIGSV,1,1,01,10,51,165,33*56
$GIGSV,1,1,01,10,51,165,33*56
$GIGSV,1,1,01,10,51,165,34*51
$GIGSV,1,1,01,10,51,165,34*51
$GIGSV,1,1,01,10,51,165,34*51
$GIGSV,1,1,01,10,51,165,34*51
$GIGSV,1,1,01,10,51,165,34*51
$GIGSV,1,1,01,10,51,165,34*51
$GIGSV,1,1,01,10,51,165,34*51
$GIGSV,1,1,01,10,51,165,34*51
$GIGSV,1,1,01,10,51,165,34*51
$GIGSV,1,1,01,10,51,165,34*51
$GIGSV,1,1,01,10,51,165,34*51
$GIGSV,1,1,01,10,51,165,34*51
$GIGSV,1,1,01,10,51,165,34*51
$GIGSV,1,1,01,10,51,165,34*51
$GIGSV,1,1,01,10,51,165,34*51
$GIGSV,1,1,01,10,51,165,34*51
$GIGSV,1,1,01,10,51,165,34*51
$GIGSV,1,1,01,10,51,165,34*51
$GIGSV,1,1,01,10,51,165,34*51
$GIGSV,1,1,01,10,51,165,34*51
$GIGSV,1,1,01,10,51,165,34*51
$GIGSV,1,1,02,09,17,275,42,10,51,165,34*6B
$GIGSV,1,1,02,09,17,275,42,10,51,165,34*6B
$GIGSV,1,1,02,09,17,275,42,10,51,165,34*6B
$GIGSV,1,1,02,09,17,275,42,10,51,165,34*6B
$GIGSV,1,1,02,09,17,275,42,10,51,165,34*6B
$GIGSV,1,1,02,09,17,275,42,10,51,165,34*6B
$GIGSV,1,1,02,09,17,275,42,10,51,165,34*6B
$GIGSV,1,1,02,09,17,275,42,10,51,165,34*6B
$GIGSV,1,1,02,09,17,275,42,10,51,165,34*6B
$GIGSV,1,1,02,09,17,275,42,10,51,165,34*6B
$GIGSV,1,1,02,09,17,275,42,10,51,165,34*6B
$GIGSV,1,1,02,09,17,275,42,10,51,165,34*6B
$GIGSV,1,1,02,09,17,275,41,10,51,165,34*68
$GIGSV,1,1,02,09,17,275,41,10,51,165,34*68
$GIGSV,1,1,02,09,17,275,41,10,51,165,34*68
$GIGSV,1,1,02,09,17,275,42,10,51,165,34*6B
$GIGSV,1,1,02,09,17,275,42,10,51,165,34*6B
$GIGSV,1,1,02,09,17,275,42,10,51,165,34*6B
$GIGSV,1,1,02,09,17,275,44,10,51,165,34*6D
$GIGSV,1,1,02,09,17,275,44,10,51,165,34*6D
$GIGSV,1,1,02,09,17,275,44,10,51,165,34*6D
$GIGSV,1,1,02,09,17,275,44,10,51,165,34*6D
$GIGSV,1,1,02,09,17,275,44,10,51,165,34*6D
$GIGSV,1,1,02,09,17,275,44,10,51,165,34*6D
$GIGSV,1,1,02,09,17,275,44,10,51,165,34*6D
$GIGSV,1,1,02,09,17,275,44,10,51,165,34*6D
$GIGSV,1,1,02,09,17,275,44,10,51,165,34*6D
$GIGSV,1,1,02,09,17,275,44,10,51,165,34*6D
$GIGSV,1,1,02,09,17,275,44,10,51,165,34*6D
$GIGSV,1,1,02,09,17,275,44,10,51,165,34*6D
$GIGSV,1,1,02,09,17,275,44,10,51,165,34*6D
$GIGSV,1,1,02,09,17,275,44,10,51,165,34*6D
$GIGSV,1,1,02,09,17,275,44,10,51,165,34*6D
$GIGSV,1,1,02,09,17,275,44,10,51,165,34*6D
$GIGSV,1,1,02,09,17,275,44,10,51,165,34*6D
$GIGSV,1,1,02,09,17,275,44,10,51,165,34*6D
$GIGSV,1,1,02,09,17,275,44,10,51,165,34*6D
$GIGSV,1,1,02,09,17,275,44,10,51,165,33*6A
$GIGSV,1,1,02,09,17,275,44,10,51,165,33*6A
$GIGSV,1,1,02,09,17,275,44,10,51,165,33*6A
$GIGSV,1,1,02,09,17,275,44,10,51,165,33*6A
$GIGSV,1,1,02,09,17,275,44,10,51,165,33*6A
$GIGSV,1,1,02,09,17,275,44,10,51,165,33*6A
$GIGSV,1,1,02,09,17,275,44,10,51,165,33*6A
$GIGSV,1,1,02,09,17,275,44,10,51,165,33*6A
$GIGSV,1,1,02,09,17,275,44,10,51,165,33*6A
$GIGSV,1,1,02,09,17,275,45,10,51,165,33*6B
$GIGSV,1,1,02,09,17,275,45,10,51,165,33*6B
$GIGSV,1,1,02,09,17,275,44,10,51,165,33*6A
$GIGSV,1,1,02,09,17,275,46,10,51,165,33*68
$GIGSV,1,1,02,09,17,275,45,10,51,165,33*6B
$GIGSV,1,1,02,09,17,275,45,10,51,165,33*6B
$GIGSV,1,1,02,09,17,275,45,10,51,165,33*6B
$GIGSV,1,1,02,09,17,275,45,10,51,165,33*6B
$GIGSV,1,1,02,09,17,275,45,10,51,165,33*6B
$GIGSV,1,1,02,09,17,275,45,10,51,165,33*6B
$GIGSV,1,1,02,09,17,275,45,10,51,165,33*6B
$GIGSV,1,1,02,09,17,275,45,10,51,165,33*6B
$GIGSV,1,1,02,09,17,275,45,10,51,165,33*6B
$GIGSV,1,1,02,09,17,275,45,10,51,165,33*6B
$GIGSV,1,1,02,09,17,275,45,10,51,165,33*6B
$GIGSV,1,1,02,09,17,275,45,10,51,165,33*6B
$GIGSV,1,1,02,09,17,275,45,10,51,165,32*6A
$GIGSV,1,1,02,09,17,275,45,10,51,165,32*6A
$GIGSV,1,1,02,09,17,275,45,10,51,165,32*6A
$GIGSV,1,1,02,09,17,275,45,10,51,165,32*6A
$GIGSV,1,1,02,09,17,275,45,10,51,165,32*6A
$GIGSV,1,1,02,09,17,275,45,10,51,165,32*6A
$GIGSV,1,1,02,09,17,275,45,10,51,165,32*6A
$GIGSV,1,1,02,09,17,275,45,10,51,165,32*6A
$GIGSV,1,1,02,09,17,275,45,10,51,165,32*6A
$GIGSV,1,1,02,09,17,275,45,10,51,165,32*6A
$GIGSV,1,1,02,09,17,275,45,10,51,165,32*6A
$GIGSV,1,1,02,09,17,275,45,10,51,165,32*6A
$GIGSV,1,1,02,09,17,275,45,10,51,165,32*6A
$GIGSV,1,1,02,09,17,275,45,10,51,165,33*6B
$GIGSV,1,1,02,09,17,275,45,10,51,165,33*6B
$GIGSV,1,1,02,09,17,275,45,10,51,165,33*6B
$GIGSV,1,1,02,09,17,275,45,10,51,165,33*6B
$GIGSV,1,1,02,09,17,275,45,10,51,165,33*6B
$GIGSV,1,1,02,09,17,275,45,10,51,165,33*6B
$GIGSV,1,1,02,09,17,275,45,10,51,165,33*6B
$GIGSV,1,1,02,09,17,275,45,10,51,165,33*6B
$GIGSV,1,1,02,09,17,275,45,10,51,165,33*6B
$GIGSV,1,1,02,09,17,275,45,10,51,165,33*6B
$GIGSV,1,1,02,09,17,275,45,10,51,165,33*6B
$GIGSV,1,1,02,09,17,275,45,10,51,165,32*6A
$GIGSV,1,1,02,09,17,275,45,10,51,165,32*6A
$GIGSV,1,1,02,09,17,275,45,10,51,165,32*6A
$GIGSV,1,1,02,09,17,275,45,10,51,165,32*6A
$GIGSV,1,1,02,09,17,275,45,10,51,165,32*6A
$GIGSV,1,1,02,09,17,275,45,10,51,165,32*6A
$GIGSV,1,1,02,09,17,275,45,10,51,165,32*6A
$GIGSV,1,1,02,09,17,275,45,10,51,165,32*6A
$GIGSV,1,1,02,09,17,275,45,10,51,165,32*6A
$GIGSV,1,1,02,09,17,275,45,10,51,165,32*6A
$GIGSV,1,1,02,09,17,275,45,10,51,165,33*6B
$GIGSV,1,1,02,09,17,275,45,10,51,165,33*6B
$GIGSV,1,1,02,09,17,275,45,10,51,165,33*6B
$GIGSV,1,1,02,09,17,275,45,10,51,165,33*6B
$GIGSV,1,1,02,09,17,275,45,10,51,165,33*6B
$GIGSV,1,1,02,09,17,275,44,10,51,165,33*6A
$GIGSV,1,1,02,09,17,275,44,10,51,165,33*6A
$GIGSV,1,1,02,09,17,275,44,10,51,165,33*6A
$GIGSV,1,1,02,09,17,275,44,10,51,165,33*6A
$GIGSV,1,1,02,09,17,275,44,10,51,165,33*6A
$GIGSV,1,1,02,09,17,275,44,10,51,165,33*6A
$GIGSV,1,1,02,09,17,275,44,10,51,165,34*6D
$GIGSV,1,1,02,09,17,275,44,10,51,165,34*6D
$GIGSV,1,1,02,09,17,275,44,10,51,165,34*6D
$GIGSV,1,1,02,09,17,275,44,10,51,165,34*6D
$GIGSV,1,1,02,09,17,275,44,10,51,165,34*6D
$GIGSV,1,1,02,09,17,275,44,10,51,165,35*6C
$GIGSV,1,1,02,09,17,275,44,10,51,165,35*6C
$GIGSV,1,1,02,09,17,275,44,10,51,165,36*6F
$GIGSV,1,1,02,09,17,275,44,10,51,165,36*6F
$GIGSV,1,1,02,09,17,275,44,10,51,165,36*6F
$GIGSV,1,1,02,09,17,275,44,10,51,165,37*6E
$GIGSV,1,1,02,09,17,275,44,10,51,165,37*6E
$GIGSV,1,1,02,09,17,275,44,10,51,165,37*6E
$GIGSV,1,1,02,09,17,275,44,10,51,165,37*6E
$GIGSV,1,1,02,09,17,275,44,10,51,165,37*6E
$GIGSV,1,1,02,09,17,275,44,10,51,165,37*6E
$GIGSV,1,1,02,09,17,275,44,10,51,165,38*61
$GIGSV,1,1,02,09,17,275,44,10,51,165,38*61
$GIGSV,1,1,02,09,17,275,44,10,51,165,38*61
$GIGSV,1,1,02,09,17,275,44,10,51,165,38*61
$GIGSV,1,1,02,09,17,275,43,10,51,165,38*66
$GIGSV,1,1,02,09,17,275,43,10,51,165,38*66
$GIGSV,1,1,02,09,17,275,43,10,51,165,38*66
$GIGSV,1,1,02,09,17,275,43,10,51,165,38*66
$GIGSV,1,1,02,09,17,275,43,10,51,165,39*67
$GIGSV,1,1,02,09,17,275,43,10,51,165,39*67
$GIGSV,1,1,02,09,17,275,43,10,51,165,39*67
$GIGSV,1,1,02,09,17,275,44,10,51,165,39*60
$GIGSV,1,1,02,09,17,275,44,10,51,165,39*60
$GIGSV,1,1,02,09,17,275,44,10,51,165,39*60
$GIGSV,1,1,02,09,17,275,44,10,51,165,39*60
$GIGSV,1,1,02,09,17,275,45,10,51,165,39*61
$GIGSV,1,1,02,09,17,275,45,10,51,165,39*61
$GIGSV,1,1,02,09,17,275,45,10,51,165,39*61
$GIGSV,1,1,02,09,17,275,45,10,51,165,39*61
$GIGSV,1,1,02,09,17,275,46,10,51,165,39*62
$GIGSV,1,1,02,09,17,275,46,10,51,165,39*62
$GIGSV,1,1,02,09,17,275,46,10,51,165,39*62
$GIGSV,1,1,02,09,17,275,46,10,51,165,39*62
$GIGSV,1,1,02,09,17,275,46,10,51,165,39*62
$GIGSV,1,1,02,09,17,275,46,10,51,165,40*6C
$GIGSV,1,1,02,09,17,275,49,10,51,165,40*63
$GIGSV,1,1,02,09,17,275,49,10,51,165,40*63
$GIGSV,1,1,02,09,17,275,49,10,51,165,40*63
$GIGSV,1,1,02,09,17,275,49,10,51,165,40*63
$GIGSV,1,1,02,09,17,275,49,10,51,165,40*63
$GIGSV,1,1,02,09,17,275,49,10,51,165,40*63
$GIGSV,1,1,02,09,17,275,49,10,51,165,40*63
$GIGSV,1,1,02,09,17,275,49,10,51,165,40*63
$GIGSV,1,1,02,09,17,275,49,10,51,165,40*63
$GIGSV,1,1,02,09,17,275,49,10,51,165,40*63
$GIGSV,1,1,02,09,17,275,49,10,51,165,40*63
$GIGSV,1,1,02,09,17,275,49,10,51,165,40*63
$GIGSV,1,1,02,09,17,275,49,10,51,165,40*63
$GIGSV,1,1,02,09,17,275,49,10,51,165,40*63
$GIGSV,1,1,02,09,17,275,49,10,51,165,40*63
$GIGSV,1,1,02,09,17,275,49,10,51,165,40*63
$GIGSV,1,1,02,09,17,275,49,10,51,165,40*63
$GIGSV,1,1,02,09,17,275,49,10,51,165,40*63
$GIGSV,1,1,02,09,17,275,49,10,51,165,41*62
$GIGSV,1,1,02,09,17,275,49,10,51,165,41*62
$GIGSV,1,1,02,09,17,275,49,10,51,165,41*62
$GIGSV,1,1,02,09,17,275,49,10,51,165,41*62
$GIGSV,1,1,02,09,17,275,49,10,51,165,41*62
$GIGSV,1,1,02,09,17,275,49,10,51,165,41*62
$GIGSV,1,1,02,09,17,275,49,10,51,165,41*62
$GIGSV,1,1,02,09,17,275,49,10,51,165,41*62
$GIGSV,1,1,02,09,17,275,49,10,51,165,41*62
$GIGSV,1,1,02,09,17,275,49,10,51,165,41*62
$GIGSV,1,1,02,09,17,275,49,10,51,165,41*62
$GIGSV,1,1,02,09,17,275,49,10,51,165,41*62
$GIGSV,1,1,02,09,17,275,49,10,51,165,41*62
$GIGSV,1,1,02,09,17,275,49,10,51,165,41*62
$GIGSV,1,1,02,09,17,275,49,10,51,165,41*62
$GIGSV,1,1,02,09,17,275,49,10,51,165,41*62
$GIGSV,1,1,02,09,17,275,49,10,51,165,41*62
$GIGSV,1,1,02,09,17,275,49,10,51,165,41*62
$GIGSV,1,1,02,09,17,275,49,10,51,165,41*62
$GIGSV,1,1,02,09,17,275,49,10,51,165,41*62
$GIGSV,1,1,02,09,17,275,49,10,51,165,41*62
$GIGSV,1,1,02,09,17,275,49,10,51,165,41*62
$GIGSV,1,1,02,09,17,275,49,10,51,165,41*62
$GIGSV,1,1,02,09,17,275,49,10,51,165,41*62
$GIGSV,1,1,02,09,17,275,49,10,51,165,41*62
$GIGSV,1,1,02,09,17,275,49,10,51,165,41*62
$GIGSV,1,1,02,09,17,275,49,10,51,165,41*62
$GIGSV,1,1,02,09,17,275,49,10,51,165,41*62
$GIGSV,1,1,02,09,17,275,49,10,51,165,41*62
$GIGSV,1,1,02,09,17,275,49,10,51,165,41*62
$GIGSV,1,1,02,09,17,275,49,10,51,165,41*62
$GIGSV,1,1,02,09,17,275,49,10,51,165,41*62
$GIGSV,1,1,02,09,17,275,49,10,51,165,41*62
$GIGSV,1,1,02,09,17,275,49,10,51,165,41*62
$GIGSV,1,1,02,09,17,275,49,10,51,165,41*62
$GIGSV,1,1,02,09,17,275,49,10,51,165,41*62
$GIGSV,1,1,02,09,17,275,49,10,51,165,41*62
$GIGSV,1,1,02,09,17,275,49,10,51,165,41*62
$GIGSV,1,1,02,09,17,275,49,10,51,165,41*62
$GIGSV,1,1,02,09,17,275,49,10,51,165,41*62
$GIGSV,1,1,02,09,17,275,49,10,51,165,41*62
$GIGSV,1,1,02,09,17,275,49,10,51,165,41*62
$GIGSV,1,1,02,09,17,275,49,10,51,165,41*62
$GIGSV,1,1,02,09,17,275,49,10,51,165,41*62
$GIGSV,1,1,02,09,17,275,49,10,51,165,41*62
$GIGSV,1,1,02,09,17,275,49,10,51,165,41*62
$GIGSV,1,1,02,09,17,275,49,10,51,165,41*62
$GIGSV,1,1,02,09,17,275,49,10,51,165,41*62
$GIGSV,1,1,02,09,17,275,49,10,51,165,41*62
$GIGSV,1,1,02,09,17,275,49,10,51,165,41*62
$GIGSV,1,1,02,09,17,275,49,10,51,165,41*62
$GIGSV,1,1,02,09,17,275,49,10,51,165,41*62
$GIGSV,1,1,02,09,17,275,49,10,51,165,41*62
$GIGSV,1,1,02,09,17,275,49,10,51,165,41*62
$GIGSV,1,1,02,09,17,275,49,10,51,165,41*62
$GIGSV,1,1,02,09,17,275,49,10,51,165,41*62
$GIGSV,1,1,02,09,17,275,49,10,51,165,41*62
$GIGSV,1,1,02,09,17,275,49,10,51,165,41*62
$GIGSV,1,1,02,09,17,275,49,10,51,165,41*62
$GIGSV,1,1,02,09,17,275,49,10,51,165,41*62
$GIGSV,1,1,02,09,17,275,50,10,51,165,42*69
$GIGSV,1,1,02,09,17,275,50,10,51,165,42*69
$GIGSV,1,1,02,09,17,275,50,10,51,165,42*69
$GIGSV,1,1,02,09,17,275,50,10,51,165,41*6A
$GIGSV,1,1,02,09,17,275,49,10,51,165,41*62
$GIGSV,1,1,02,09,17,275,49,10,51,165,41*62
$GIGSV,1,1,02,09,17,275,49,10,51,165,41*62
$GIGSV,1,1,02,09,17,275,50,10,51,165,41*6A
$GIGSV,1,1,02,09,17,275,50,10,51,165,42*69
$GIGSV,1,1,02,09,17,275,50,10,51,165,42*69
$GIGSV,1,1,02,09,17,275,50,10,51,165,42*69
$GIGSV,1,1,02,09,17,275,50,10,51,165,41*6A
$GIGSV,1,1,02,09,17,275,50,10,51,165,42*69
$GIGSV,1,1,02,09,17,275,50,10,51,165,42*69
$GIGSV,1,1,02,09,17,275,50,10,51,165,42*69
$GIGSV,1,1,02,09,17,275,50,10,51,165,42*69
$GIGSV,1,1,02,09,17,275,50,10,51,165,42*69
$GIGSV,1,1,02,09,17,275,50,10,51,165,42*69
$GIGSV,1,1,02,09,17,275,49,10,51,165,42*61
$GIGSV,1,1,02,09,17,275,49,10,51,165,42*61
$GIGSV,1,1,02,09,17,275,49,10,51,165,42*61
$GIGSV,1,1,02,09,17,275,49,10,51,165,42*61
$GIGSV,1,1,02,09,17,275,49,10,51,165,42*61
$GIGSV,1,1,02,09,17,275,49,10,51,165,42*61
$GIGSV,1,1,02,09,17,275,49,10,51,165,42*61
$GIGSV,1,1,02,09,17,275,49,10,51,165,42*61
$GIGSV,1,1,02,09,17,275,49,10,51,165,42*61
$GIGSV,1,1,02,09,17,275,49,10,51,165,42*61
$GIGSV,1,1,02,09,17,275,49,10,51,165,42*61
$GIGSV,1,1,02,09,17,275,49,10,51,165,42*61
$GIGSV,1,1,02,09,17,275,49,10,51,165,42*61
$GIGSV,1,1,02,09,17,275,49,10,51,165,42*61
$GIGSV,1,1,02,09,17,275,49,10,51,165,42*61
$GIGSV,1,1,02,09,17,275,49,10,51,165,42*61
$GIGSV,1,1,02,09,17,275,49,10,51,165,42*61
$GIGSV,1,1,02,09,17,275,49,10,51,165,42*61
$GIGSV,1,1,02,09,17,275,49,10,51,165,42*61
$GIGSV,1,1,02,09,17,275,49,10,51,165,42*61
$GIGSV,1,1,02,09,17,275,49,10,51,165,42*61
$GIGSV,1,1,02,09,17,275,49,10,51,165,42*61
$GIGSV,1,1,02,09,17,275,49,10,51,165,42*61
$GIGSV,1,1,02,09,17,275,49,10,51,165,42*61
$GIGSV,1,1,02,09,17,275,49,10,51,165,42*61
$GIGSV,1,1,02,09,17,275,49,10,51,165,42*61
$GIGSV,1,1,02,09,17,275,49,10,51,165,42*61
$GIGSV,1,1,02,09,17,275,49,10,51,165,42*61
$GIGSV,1,1,02,09,17,275,49,10,51,165,42*61
$GIGSV,1,1,02,09,17,275,49,10,51,165,42*61
$GIGSV,1,1,02,09,17,275,49,10,51,165,42*61
$GIGSV,1,1,02,09,17,275,49,10,51,165,42*61
$GIGSV,1,1,02,09,17,275,49,10,51,165,42*61
$GIGSV,1,1,02,09,17,275,49,10,51,165,42*61
$GIGSV,1,1,02,09,17,275,49,10,51,165,42*61
$GIGSV,1,1,02,09,17,275,49,10,51,165,42*61
$GIGSV,1,1,02,09,17,275,49,10,51,165,42*61
$GIGSV,1,1,02,09,17,275,49,10,51,165,42*61
$GIGSV,1,1,02,09,17,275,49,10,51,165,42*61
$GIGSV,1,1,02,09,17,275,49,10,51,165,42*61
$GIGSV,1,1,02,09,17,275,49,10,51,165,42*61
$GIGSV,1,1,02,09,17,275,49,10,51,165,42*61
$GIGSV,1,1,02,09,17,275,49,10,51,165,42*61
$GIGSV,1,1,02,09,17,275,49,10,51,165,42*61
$GIGSV,1,1,02,09,17,275,49,10,51,165,42*61
$GIGSV,1,1,02,09,17,275,49,10,51,165,42*61
$GIGSV,1,1,02,09,17,275,49,10,51,165,42*61
$GIGSV,1,1,02,09,17,275,49,10,51,165,42*61
$GIGSV,1,1,02,09,17,275,49,10,51,165,42*61
$GIGSV,1,1,02,09,17,275,49,10,51,165,42*61
$GIGSV,1,1,02,09,17,275,49,10,51,165,42*61
$GIGSV,1,1,02,09,17,275,49,10,51,165,42*61
$GIGSV,1,1,02,09,17,275,49,10,51,165,42*61
$GIGSV,1,1,02,09,17,275,49,10,51,165,42*61
$GIGSV,1,1,02,09,17,275,49,10,51,165,42*61
$GIGSV,1,1,02,09,17,275,49,10,51,165,42*61
$GIGSV,1,1,02,09,17,275,49,10,51,165,42*61
$GIGSV,1,1,02,09,17,275,49,10,51,165,42*61
$GIGSV,1,1,02,09,17,275,49,10,51,165,42*61
$GIGSV,1,1,02,09,17,275,49,10,51,165,42*61
$GIGSV,1,1,02,09,17,275,49,10,51,165,42*61
$GIGSV,1,1,02,09,17,275,49,10,51,165,42*61
$GIGSV,1,1,02,09,17,275,49,10,51,165,42*61
$GIGSV,1,1,02,09,17,275,49,10,51,165,42*61
$GIGSV,1,1,02,09,17,275,49,10,51,165,42*61
$GIGSV,1,1,02,09,17,275,49,10,51,165,42*61
$GIGSV,1,1,02,09,17,275,49,10,51,165,42*61
$GIGSV,1,1,02,09,17,275,49,10,51,165,42*61
$GIGSV,1,1,02,09,17,275,49,10,51,165,42*61
$GIGSV,1,1,02,09,17,275,49,10,51,165,42*61
$GIGSV,1,1,02,09,17,275,49,10,51,165,42*61
$GIGSV,1,1,02,09,17,275,49,10,51,165,42*61
$GIGSV,1,1,02,09,17,275,49,10,51,165,42*61
$GIGSV,1,1,02,09,17,275,49,10,51,165,42*61
$GIGSV,1,1,02,09,17,275,49,10,51,165,42*61
$GIGSV,1,1,02,09,17,275,49,10,51,165,42*61
$GIGSV,1,1,02,09,17,275,49,10,51,165,42*61
$GIGSV,1,1,02,09,17,275,49,10,51,165,42*61
$GIGSV,1,1,02,09,17,275,49,10,51,165,42*61
$GIGSV,1,1,02,09,17,275,49,10,51,165,42*61
$GIGSV,1,1,02,09,17,275,49,10,51,165,42*61
$GIGSV,1,1,02,09,17,275,49,10,51,165,42*61
$GIGSV,1,1,02,09,17,275,49,10,51,165,42*61
$GIGSV,1,1,02,09,17,275,49,10,51,165,42*61
$GIGSV,1,1,02,09,17,275,49,10,51,165,42*61
$GIGSV,1,1,02,09,17,275,49,10,51,165,42*61
$GIGSV,1,1,02,09,17,275,49,10,51,165,42*61
$GIGSV,1,1,02,09,17,275,49,10,51,165,42*61
$GIGSV,1,1,02,09,17,275,49,10,51,165,42*61
$GIGSV,1,1,02,09,17,275,49,10,51,165,42*61
$GIGSV,1,1,02,09,17,275,49,10,51,165,42*61
$GIGSV,1,1,02,09,17,275,49,10,51,165,42*61
$GIGSV,1,1,02,09,17,275,49,10,51,165,42*61
$GIGSV,1,1,02,09,17,275,49,10,51,165,42*61
$GIGSV,1,1,02,09,17,275,49,10,51,165,42*61
$GIGSV,1,1,02,09,17,275,49,10,51,165,42*61
$GIGSV,1,1,02,09,17,275,49,10,51,165,42*61
$GIGSV,1,1,02,09,17,275,49,10,51,165,42*61
$GIGSV,1,1,02,09,17,275,49,10,51,165,42*61
$GIGSV,1,1,02,09,17,275,49,10,51,165,42*61
$GIGSV,1,1,02,09,17,275,49,10,51,165,43*60
$GIGSV,1,1,02,09,17,275,49,10,51,165,43*60
$GIGSV,1,1,02,09,17,275,49,10,51,165,43*60
$GIGSV,1,1,02,09,17,275,49,10,51,165,43*60
$GIGSV,1,1,02,09,17,275,49,10,51,165,43*60
$GIGSV,1,1,02,09,17,275,49,10,51,165,43*60
$GIGSV,1,1,02,09,17,275,49,10,51,165,43*60
$GIGSV,1,1,02,09,17,275,49,10,51,165,43*60
$GIGSV,1,1,02,09,17,275,49,10,51,165,43*60
$GIGSV,1,1,02,09,17,275,49,10,51,165,43*60
$GIGSV,1,1,02,09,17,275,49,10,51,165,43*60
$GIGSV,1,1,02,09,17,275,49,10,51,165,43*60
$GIGSV,1,1,02,09,17,275,49,10,51,165,43*60
$GIGSV,1,1,02,09,17,275,49,10,51,165,43*60
$GIGSV,1,1,02,09,17,275,49,10,51,165,43*60
$GIGSV,1,1,02,09,17,275,49,10,51,165,43*60
$GIGSV,1,1,02,09,17,275,49,10,51,165,43*60
$GIGSV,1,1,02,09,17,275,49,10,51,165,43*60
$GIGSV,1,1,02,09,17,275,49,10,51,165,43*60
$GIGSV,1,1,02,09,17,275,49,10,51,165,43*60
$GIGSV,1,1,02,09,17,275,49,10,51,165,43*60
$GIGSV,1,1,02,09,17,275,49,10,51,165,43*60
$GIGSV,1,1,02,09,17,275,49,10,51,165,43*60
$GIGSV,1,1,02,09,17,275,49,10,51,165,43*60
$GIGSV,1,1,02,09,17,275,49,10,51,165,43*60
$GIGSV,1,1,02,09,17,275,49,10,51,165,43*60
$GIGSV,1,1,02,09,17,275,49,10,51,165,43*60
$GIGSV,1,1,02,09,17,275,49,10,51,165,43*60
$GIGSV,1,1,02,09,17,275,49,10,51,165,43*60
$GIGSV,1,1,02,09,17,275,49,10,51,165,43*60
$GIGSV,1,1,02,09,17,275,49,10,51,165,43*60
$GIGSV,1,1,02,09,17,275,49,10,51,165,43*60
$GIGSV,1,1,02,09,17,275,49,10,51,165,43*60
$GIGSV,1,1,02,09,17,275,49,10,51,165,43*60
$GIGSV,1,1,02,09,17,275,49,10,51,165,43*60
$GIGSV,1,1,02,09,17,275,49,10,51,165,43*60
$GIGSV,1,1,02,09,17,275,49,10,51,165,43*60
$GIGSV,1,1,02,09,17,275,49,10,51,165,43*60
$GIGSV,1,1,02,09,17,275,49,10,51,165,43*60
$GIGSV,1,1,02,09,17,275,49,10,51,165,43*60
$GIGSV,1,1,02,09,17,275,49,10,51,165,43*60
$GIGSV,1,1,02,09,17,275,49,10,51,165,43*60
$GIGSV,1,1,02,09,17,275,49,10,51,165,43*60
$GIGSV,1,1,02,09,17,275,49,10,51,165,43*60
$GIGSV,1,1,02,09,17,275,49,10,51,165,43*60
$GIGSV,1,1,02,09,17,275,49,10,51,165,43*60
$GIGSV,1,1,02,09,17,275,49,10,51,165,43*60
$GIGSV,1,1,02,09,17,275,49,10,51,165,43*60
$GIGSV,1,1,02,09,17,275,49,10,51,165,43*60
$GIGSV,1,1,02,09,17,275,49,10,51,165,43*60
$GIGSV,1,1,02,09,17,275,49,10,51,165,43*60
$GIGSV,1,1,02,09,17,275,49,10,51,165,43*60
$GIGSV,1,1,02,09,17,275,49,10,51,165,43*60
$GIGSV,1,1,02,09,17,275,49,10,51,165,43*60
$GIGSV,1,1,02,09,17,275,49,10,51,165,43*60
$GIGSV,1,1,02,09,17,275,49,10,51,165,43*60
$GIGSV,1,1,02,09,17,275,49,10,51,165,43*60
$GIGSV,1,1,02,09,17,275,49,10,51,165,43*60
$GIGSV,1,1,02,09,17,275,49,10,51,165,43*60
$GIGSV,1,1,02,09,17,275,49,10,51,165,43*60
$GIGSV,1,1,02,09,17,275,49,10,51,165,43*60
$GIGSV,1,1,02,09,17,275,49,10,51,165,43*60
$GIGSV,1,1,02,09,17,275,49,10,51,165,43*60
$GIGSV,1,1,02,09,17,275,49,10,51,165,43*60
$GIGSV,1,1,02,09,17,275,49,10,51,165,43*60
$GIGSV,1,1,02,09,17,275,49,10,51,165,43*60
$GIGSV,1,1,02,09,17,275,49,10,51,165,43*60
$GIGSV,1,1,02,09,17,275,49,10,51,165,43*60
$GIGSV,1,1,02,09,17,275,49,10,51,165,43*60
$GIGSV,1,1,02,09,17,275,49,10,51,165,43*60
$GIGSV,1,1,02,09,17,275,49,10,51,165,43*60
$GIGSV,1,1,02,09,17,275,49,10,51,165,43*60
$GIGSV,1,1,02,09,17,275,49,10,51,165,43*60
$GIGSV,1,1,02,09,17,275,49,10,51,165,43*60
$GIGSV,1,1,02,09,17,275,49,10,51,165,43*60
$GIGSV,1,1,02,09,17,275,49,10,51,165,43*60
$GIGSV,1,1,02,09,17,275,49,10,51,165,43*60
$GIGSV,1,1,02,09,17,275,49,10,51,165,43*60
$GIGSV,1,1,02,09,17,275,49,10,51,165,43*60
$GIGSV,1,1,02,09,17,275,49,10,51,165,43*60
$GIGSV,1,1,02,09,17,275,49,10,51,165,43*60
$GIGSV,1,1,02,09,17,275,49,10,51,165,43*60
$GIGSV,1,1,02,09,17,275,49,10,51,165,43*60
$GIGSV,1,1,02,09,17,275,49,10,51,165,43*60
$GIGSV,1,1,02,09,17,275,49,10,51,165,43*60
$GIGSV,1,1,02,09,17,275,49,10,51,165,43*60
$GIGSV,1,1,02,09,17,275,49,10,51,165,43*60
$GIGSV,1,1,02,09,17,275,49,10,51,165,43*60
$GIGSV,1,1,02,09,17,275,49,10,51,165,43*60
$GIGSV,1,1,02,09,17,275,49,10,51,165,43*60
$GIGSV,1,1,02,09,17,275,49,10,51,165,43*60
$GIGSV,1,1,02,09,17,275,49,10,51,165,43*60
$GIGSV,1,1,02,09,17,275,49,10,51,165,43*60
$GIGSV,1,1,02,09,17,275,49,10,51,165,43*60
$GIGSV,1,1,02,09,17,275,49,10,51,165,43*60
$GIGSV,1,1,02,09,17,275,49,10,51,165,43*60
$GIGSV,1,1,02,09,17,275,49,10,51,165,43*60
$GIGSV,1,1,02,09,17,275,49,10,51,165,43*60
$GIGSV,1,1,02,09,17,275,49,10,51,165,43*60
$GIGSV,1,1,02,09,17,275,49,10,51,165,43*60
$GIGSV,1,1,02,09,17,275,49,10,51,165,43*60
$GIGSV,1,1,02,09,17,275,49,10,51,165,43*60
$GIGSV,1,1,02,09,17,275,49,10,51,165,43*60
$GIGSV,1,1,02,09,17,275,49,10,51,165,43*60
$GIGSV,1,1,02,09,17,275,49,10,51,165,43*60
$GIGSV,1,1,02,09,17,275,49,10,51,165,43*60
$GIGSV,1,1,02,09,17,275,49,10,51,165,43*60
$GIGSV,1,1,02,09,17,275,49,10,51,165,43*60
$GIGSV,1,1,02,09,17,275,49,10,51,165,43*60
$GIGSV,1,1,02,09,17,275,49,10,51,165,43*60
$GIGSV,1,1,02,09,17,275,49,10,51,165,43*60
$GIGSV,1,1,02,09,17,275,49,10,51,165,43*60
$GIGSV,1,1,02,09,17,275,49,10,51,165,43*60
$GIGSV,1,1,02,09,17,275,49,10,51,165,43*60
$GIGSV,1,1,02,09,17,275,49,10,51,165,43*60
$GIGSV,1,1,02,09,17,275,49,10,51,165,43*60
$GIGSV,1,1,02,09,17,275,49,10,51,165,43*60
$GIGSV,1,1,02,09,17,275,49,10,51,165,43*60
$GIGSV,1,1,02,09,17,275,49,10,51,165,43*60
$GIGSV,1,1,02,09,17,275,50,10,51,165,43*68
$GIGSV,1,1,02,09,17,275,50,10,51,165,43*68
$GIGSV,1,1,02,09,17,275,50,10,51,165,43*68
$GIGSV,1,1,02,09,17,275,50,10,51,165,43*68
$GIGSV,1,1,02,09,17,275,50,10,51,165,43*68
$GIGSV,1,1,02,09,17,275,50,10,51,165,43*68
$GIGSV,1,1,02,09,17,275,50,10,51,165,43*68
$GIGSV,1,1,02,09,17,275,50,10,51,165,43*68
$GIGSV,1,1,02,09,17,275,50,10,51,165,43*68
$GIGSV,1,1,02,09,17,275,50,10,51,165,43*68
$GIGSV,1,1,02,09,17,275,50,10,51,165,43*68
$GIGSV,1,1,02,09,17,275,50,10,51,165,43*68
$GIGSV,1,1,02,09,17,275,50,10,51,165,43*68
$GIGSV,1,1,02,09,17,275,50,10,51,165,43*68
$GIGSV,1,1,02,09,17,275,50,10,51,165,43*68
$GIGSV,1,1,02,09,17,275,50,10,51,165,43*68
$GIGSV,1,1,02,09,17,275,50,10,51,165,43*68
$GIGSV,1,1,02,09,17,275,50,10,51,165,43*68
$GIGSV,1,1,02,09,17,275,50,10,51,165,43*68
$GIGSV,1,1,02,09,17,275,50,10,51,165,43*68
$GIGSV,1,1,02,09,17,275,50,10,51,165,43*68
$GIGSV,1,1,02,09,17,275,50,10,51,165,43*68
$GIGSV,1,1,02,09,17,275,50,10,51,165,43*68
$GIGSV,1,1,02,09,17,275,50,10,51,165,43*68
$GIGSV,1,1,02,09,17,275,50,10,51,165,43*68
$GIGSV,1,1,02,09,17,275,50,10,51,165,43*68
$GIGSV,1,1,02,09,17,275,50,10,51,165,43*68
$GIGSV,1,1,02,09,17,275,50,10,51,165,43*68
$GIGSV,1,1,02,09,17,275,50,10,51,165,43*68
$GIGSV,1,1,02,09,17,275,50,10,51,165,43*68
$GIGSV,1,1,02,09,17,275,50,10,51,165,43*68
$GIGSV,1,1,02,09,17,275,50,10,51,165,43*68
$GIGSV,1,1,02,09,17,275,50,10,51,165,43*68
$GIGSV,1,1,02,09,17,275,50,10,51,165,43*68
$GIGSV,1,1,02,09,17,275,50,10,51,165,43*68
$GIGSV,1,1,02,09,17,275,50,10,51,165,43*68
$GIGSV,1,1,02,09,17,275,50,10,51,165,43*68
$GIGSV,1,1,02,09,17,275,50,10,51,165,43*68
$GIGSV,1,1,02,09,17,275,50,10,51,165,43*68
$GIGSV,1,1,02,09,17,275,50,10,51,165,43*68
$GIGSV,1,1,02,09,17,275,50,10,51,165,43*68
$GIGSV,1,1,02,09,17,275,50,10,51,165,43*68
$GIGSV,1,1,02,09,17,275,50,10,51,165,43*68
$GIGSV,1,1,02,09,17,275,50,10,51,165,43*68
$GIGSV,1,1,02,09,17,275,50,10,51,165,43*68
$GIGSV,1,1,02,09,17,275,50,10,51,165,43*68
$GIGSV,1,1,02,09,17,275,50,10,51,165,43*68
$GIGSV,1,1,02,09,17,275,50,10,51,165,43*68
$GIGSV,1,1,02,09,17,275,50,10,51,165,43*68
$GIGSV,1,1,02,09,17,275,50,10,51,165,43*68
$GIGSV,1,1,02,09,17,275,50,10,51,165,43*68
$GIGSV,1,1,02,09,17,275,50,10,51,165,43*68
$GIGSV,1,1,02,09,17,275,50,10,51,165,43*68
$GIGSV,1,1,02,09,17,275,50,10,51,165,43*68
$GIGSV,1,1,02,09,17,275,50,10,51,165,43*68
$GIGSV,1,1,02,09,17,275,50,10,51,165,43*68
$GIGSV,1,1,02,09,17,275,50,10,51,165,43*68
$GIGSV,1,1,02,09,17,275,50,10,51,165,43*68
$GIGSV,1,1,02,09,17,275,50,10,51,165,43*68
$GIGSV,1,1,02,09,17,275,50,10,51,165,43*68
$GIGSV,1,1,02,09,17,275,50,10,51,165,43*68
$GIGSV,1,1,02,09,17,275,50,10,51,165,43*68
$GIGSV,1,1,02,09,17,275,50,10,51,165,43*68
$GIGSV,1,1,02,09,17,275,50,10,51,165,43*68
$GIGSV,1,1,02,09,17,275,50,10,51,165,43*68
$GIGSV,1,1,02,09,17,275,50,10,51,165,43*68
$GIGSV,1,1,02,09,17,275,50,10,51,165,43*68
$GIGSV,1,1,02,09,17,275,50,10,51,165,43*68
$GIGSV,1,1,02,09,17,275,50,10,51,165,43*68
$GIGSV,1,1,02,09,17,275,50,10,51,165,43*68
$GIGSV,1,1,02,09,17,275,50,10,51,165,43*68
$GIGSV,1,1,02,09,17,275,50,10,51,165,43*68
$GIGSV,1,1,02,09,17,275,50,10,51,165,43*68
$GIGSV,1,1,02,09,17,275,50,10,51,165,44*6F
$GIGSV,1,1,02,09,17,275,50,10,51,165,44*6F
$GIGSV,1,1,02,09,17,275,50,10,51,165,44*6F
$GIGSV,1,1,02,09,17,275,50,10,51,165,44*6F
$GIGSV,1,1,02,09,17,275,50,10,51,165,44*6F
$GIGSV,1,1,02,09,17,275,50,10,51,165,44*6F
$GIGSV,1,1,02,09,17,275,50,10,51,165,44*6F
$GIGSV,1,1,02,09,17,275,50,10,51,165,44*6F
$GIGSV,1,1,02,09,17,275,50,10,51,165,44*6F
$GIGSV,1,1,02,09,17,275,50,10,51,165,44*6F
$GIGSV,1,1,02,09,17,275,50,10,51,165,44*6F
$GIGSV,1,1,02,09,17,275,50,10,51,165,44*6F
$GIGSV,1,1,02,09,17,275,50,10,51,165,44*6F
$GIGSV,1,1,02,09,17,275,50,10,51,165,44*6F
$GIGSV,1,1,02,09,17,275,50,10,51,165,44*6F
$GIGSV,1,1,02,09,17,275,50,10,51,165,44*6F
$GIGSV,1,1,02,09,17,275,50,10,51,165,44*6F
$GIGSV,1,1,02,09,17,275,50,10,51,165,44*6F
$GIGSV,1,1,02,09,17,275,50,10,51,165,44*6F
$GIGSV,1,1,02,09,17,275,50,10,51,165,44*6F
$GIGSV,1,1,02,09,17,275,50,10,51,165,44*6F
$GIGSV,1,1,02,09,17,275,50,10,51,165,44*6F
$GIGSV,1,1,02,09,17,275,50,10,51,165,44*6F
$GIGSV,1,1,02,09,17,275,50,10,51,165,44*6F
$GIGSV,1,1,02,09,17,275,50,10,51,165,44*6F
$GIGSV,1,1,02,09,17,275,50,10,51,165,44*6F
$GIGSV,1,1,02,09,17,275,50,10,51,165,44*6F
$GIGSV,1,1,02,09,17,275,50,10,51,165,44*6F
$GIGSV,1,1,02,09,17,275,50,10,51,165,44*6F
$GIGSV,1,1,02,09,17,275,50,10,51,165,44*6F
$GIGSV,1,1,02,09,17,275,50,10,51,165,44*6F
$GIGSV,1,1,02,09,17,275,50,10,51,165,44*6F
$GIGSV,1,1,02,09,17,275,50,10,51,165,44*6F
$GIGSV,1,1,02,09,17,275,50,10,51,165,44*6F
$GIGSV,1,1,02,09,17,275,50,10,51,165,44*6F
$GIGSV,1,1,02,09,17,275,50,10,51,165,44*6F
$GIGSV,1,1,02,09,17,275,50,10,51,165,44*6F
$GIGSV,1,1,02,09,17,275,50,10,51,165,44*6F
$GIGSV,1,1,02,09,17,275,50,10,51,165,44*6F
$GIGSV,1,1,02,09,17,275,50,10,51,165,44*6F
$GIGSV,1,1,02,09,17,275,50,10,51,165,44*6F
$GIGSV,1,1,02,09,17,275,50,10,51,165,44*6F
$GIGSV,1,1,02,09,17,275,50,10,51,165,44*6F
$GIGSV,1,1,02,09,17,275,50,10,51,165,44*6F
$GIGSV,1,1,02,09,17,275,50,10,51,165,44*6F
$GIGSV,1,1,02,09,17,275,50,10,51,165,44*6F
$GIGSV,1,1,02,09,17,275,50,10,51,165,44*6F
$GIGSV,1,1,02,09,17,275,49,10,51,165,44*67
$GIGSV,1,1,02,09,17,275,49,10,51,165,44*67
$GIGSV,1,1,02,09,17,275,49,10,51,165,44*67
$GIGSV,1,1,02,09,17,275,49,10,51,165,44*67
$GIGSV,1,1,02,09,17,275,49,10,51,165,44*67
$GIGSV,1,1,02,09,17,275,49,10,51,165,44*67
$GIGSV,1,1,02,09,17,275,49,10,51,165,44*67
$GIGSV,1,1,02,09,17,275,49,10,51,165,44*67
$GIGSV,1,1,02,09,17,275,49,10,51,165,44*67
$GIGSV,1,1,02,09,17,275,49,10,51,165,44*67
$GIGSV,1,1,02,09,17,275,49,10,51,165,44*67
$GIGSV,1,1,02,09,17,275,49,10,51,165,44*67
$GIGSV,1,1,02,09,17,275,49,10,51,165,44*67
$GIGSV,1,1,02,09,17,275,49,10,51,165,44*67
$GIGSV,1,1,02,09,17,275,49,10,51,165,44*67
$GIGSV,1,1,02,09,17,275,49,10,51,165,44*67
$GIGSV,1,1,02,09,17,275,49,10,51,165,44*67
$GIGSV,1,1,02,09,17,275,49,10,51,165,44*67
$GIGSV,1,1,02,09,17,275,49,10,51,165,44*67
$GIGSV,1,1,02,09,17,275,49,10,51,165,44*67
$GIGSV,1,1,02,09,17,275,49,10,51,165,44*67
$GIGSV,1,1,02,09,17,275,49,10,51,165,44*67
$GIGSV,1,1,02,09,17,275,49,10,51,165,44*67
$GIGSV,1,1,02,09,17,275,49,10,51,165,44*67
$GIGSV,1,1,02,09,17,275,49,10,51,165,44*67
$GIGSV,1,1,02,09,17,275,49,10,51,165,44*67
$GIGSV,1,1,02,09,17,275,49,10,51,165,44*67
$GIGSV,1,1,02,09,17,275,49,10,51,165,44*67
$GIGSV,1,1,02,09,17,275,49,10,51,165,44*67
$GIGSV,1,1,02,09,17,275,49,10,51,165,44*67
$GIGSV,1,1,02,09,17,275,49,10,51,165,44*67
$GIGSV,1,1,02,09,17,275,49,10,51,165,44*67
$GIGSV,1,1,02,09,17,275,49,10,51,165,44*67
$GIGSV,1,1,02,09,17,275,49,10,51,165,44*67
$GIGSV,1,1,02,09,17,275,49,10,51,165,44*67
$GIGSV,1,1,02,09,17,275,49,10,51,165,44*67
$GIGSV,1,1,02,09,17,275,49,10,51,165,44*67
$GIGSV,1,1,02,09,17,275,49,10,51,165,44*67
$GIGSV,1,1,02,09,17,275,49,10,51,165,44*67
$GIGSV,1,1,02,09,17,275,49,10,51,165,44*67
$GIGSV,1,1,02,09,17,275,49,10,51,165,44*67
$GIGSV,1,1,02,09,17,275,49,10,51,165,44*67
$GIGSV,1,1,02,09,17,275,49,10,51,165,44*67
$GIGSV,1,1,02,09,17,275,49,10,51,165,44*67
$GIGSV,1,1,02,09,17,275,49,10,51,165,44*67
$GIGSV,1,1,02,09,17,275,49,10,51,165,44*67
$GIGSV,1,1,02,09,17,275,49,10,51,165,44*67
$GIGSV,1,1,02,09,17,275,49,10,51,165,44*67
$GIGSV,1,1,02,09,17,275,49,10,51,165,44*67
$GIGSV,1,1,02,09,17,275,49,10,51,165,44*67
$GIGSV,1,1,02,09,17,275,49,10,51,165,44*67
$GIGSV,1,1,02,09,17,275,49,10,51,165,44*67
$GIGSV,1,1,02,09,17,275,49,10,51,165,44*67
$GIGSV,1,1,02,09,17,275,49,10,51,165,44*67
$GIGSV,1,1,02,09,17,275,49,10,51,165,44*67
$GIGSV,1,1,02,09,17,275,49,10,51,165,44*67
$GIGSV,1,1,02,09,17,275,49,10,51,165,44*67
$GIGSV,1,1,02,09,17,275,49,10,51,165,44*67
$GIGSV,1,1,02,09,17,275,50,10,51,165,44*6F
$GIGSV,1,1,02,09,17,275,50,10,51,165,44*6F
$GIGSV,1,1,02,09,17,275,50,10,51,165,44*6F
$GIGSV,1,1,02,09,17,275,50,10,51,165,44*6F
$GIGSV,1,1,02,09,17,275,50,10,51,165,44*6F
$GIGSV,1,1,02,09,17,275,50,10,51,165,44*6F
$GIGSV,1,1,02,09,17,275,50,10,51,165,44*6F
$GIGSV,1,1,02,09,17,275,50,10,51,165,44*6F
$GIGSV,1,1,02,09,17,275,50,10,51,165,44*6F
$GIGSV,1,1,02,09,17,275,50,10,51,165,44*6F
$GIGSV,1,1,02,09,17,275,50,10,51,165,44*6F
$GIGSV,1,1,02,09,17,275,50,10,51,165,44*6F
$GIGSV,1,1,02,09,17,275,50,10,51,165,44*6F
$GIGSV,1,1,02,09,17,275,50,10,51,165,44*6F
$GIGSV,1,1,02,09,17,275,50,10,51,165,44*6F
$GIGSV,1,1,02,09,17,275,50,10,51,165,44*6F
$GIGSV,1,1,02,09,17,275,50,10,51,165,44*6F
$GIGSV,1,1,02,09,17,275,50,10,51,165,44*6F
$GIGSV,1,1,02,09,17,275,50,10,51,165,44*6F
$GIGSV,1,1,02,09,17,275,50,10,51,165,44*6F
$GIGSV,1,1,02,09,17,275,50,10,51,165,44*6F
$GIGSV,1,1,02,09,17,275,50,10,51,165,44*6F
$GIGSV,1,1,02,09,17,275,50,10,51,165,44*6F
$GIGSV,1,1,02,09,17,275,50,10,51,165,44*6F
$GIGSV,1,1,02,09,17,275,50,10,51,165,44*6F
$GIGSV,1,1,02,09,17,275,50,10,51,165,44*6F
$GIGSV,1,1,02,09,17,275,50,10,51,165,44*6F
$GIGSV,1,1,02,09,17,275,50,10,51,165,44*6F
$GIGSV,1,1,02,09,17,275,50,10,51,165,44*6F
$GIGSV,1,1,02,09,17,275,50,10,51,165,44*6F
$GIGSV,1,1,02,09,17,275,50,10,51,165,44*6F
$GIGSV,1,1,02,09,17,275,50,10,51,165,44*6F
$GIGSV,1,1,02,09,17,275,50,10,51,165,44*6F
$GIGSV,1,1,02,09,17,275,50,10,51,165,44*6F
$GIGSV,1,1,02,09,17,275,50,10,51,165,44*6F
$GIGSV,1,1,02,09,17,275,50,10,51,165,44*6F
$GIGSV,1,1,02,09,17,275,50,10,51,165,44*6F
$GIGSV,1,1,02,09,17,275,50,10,51,165,44*6F
$GIGSV,1,1,02,09,17,275,50,10,51,165,44*6F
$GIGSV,1,1,02,09,17,275,50,10,51,165,44*6F
$GIGSV,1,1,02,09,17,275,50,10,51,165,44*6F
$GIGSV,1,1,02,09,17,275,50,10,51,165,44*6F
$GIGSV,1,1,02,09,17,275,50,10,51,165,44*6F
$GIGSV,1,1,02,09,17,275,50,10,51,165,44*6F
$GIGSV,1,1,02,09,17,275,50,10,51,165,44*6F
$GIGSV,1,1,02,09,17,275,50,10,51,165,44*6F
$GIGSV,1,1,02,09,17,275,50,10,51,165,44*6F
$GIGSV,1,1,02,09,17,275,50,10,51,165,44*6F
$GIGSV,1,1,02,09,17,275,50,10,51,165,44*6F
$GIGSV,1,1,02,09,17,275,50,10,51,165,44*6F
$GIGSV,1,1,02,09,17,275,50,10,51,165,44*6F
$GIGSV,1,1,02,09,17,275,50,10,51,165,44*6F
$GIGSV,1,1,02,09,17,275,50,10,51,165,44*6F
$GIGSV,1,1,02,09,17,275,50,10,51,165,44*6F
$GIGSV,1,1,02,09,17,275,50,10,51,165,44*6F
$GIGSV,1,1,02,09,17,275,50,10,51,165,44*6F
$GIGSV,1,1,02,09,17,275,49,10,51,165,44*67
$GIGSV,1,1,02,09,17,275,49,10,51,165,44*67
$GIGSV,1,1,02,09,17,275,49,10,51,165,44*67
$GIGSV,1,1,02,09,17,275,49,10,51,165,44*67
$GIGSV,1,1,02,09,17,275,49,10,51,165,44*67
$GIGSV,1,1,02,09,17,275,49,10,51,165,44*67
$GIGSV,1,1,02,09,17,275,49,10,51,165,44*67
$GIGSV,1,1,02,09,17,275,49,10,51,165,44*67
$GIGSV,1,1,02,09,17,275,49,10,51,165,44*67
$GIGSV,1,1,02,09,17,275,49,10,51,165,44*67
$GIGSV,1,1,02,09,17,275,49,10,51,165,44*67
$GIGSV,1,1,02,09,17,275,49,10,51,165,44*67
$GIGSV,1,1,02,09,17,275,49,10,51,165,44*67
$GIGSV,1,1,02,09,17,275,49,10,51,165,44*67
$GIGSV,1,1,02,09,17,275,49,10,51,165,44*67
$GIGSV,1,1,02,09,17,275,49,10,51,165,44*67
$GIGSV,1,1,02,09,17,275,49,10,51,165,44*67
$GIGSV,1,1,02,09,17,275,49,10,51,165,44*67
$GIGSV,1,1,02,09,17,275,49,10,51,165,44*67
$GIGSV,1,1,02,09,17,275,49,10,51,165,44*67
$GIGSV,1,1,02,09,17,275,49,10,51,165,44*67
$GIGSV,1,1,02,09,17,275,49,10,51,165,44*67
$GIGSV,1,1,02,09,17,275,50,10,51,165,44*6F
$GIGSV,1,1,02,09,17,275,50,10,51,165,44*6F
$GIGSV,1,1,02,09,17,275,50,10,51,165,44*6F
$GIGSV,1,1,02,09,17,275,50,10,51,165,44*6F
$GIGSV,1,1,02,09,17,275,50,10,51,165,44*6F
$GIGSV,1,1,02,09,17,275,50,10,51,165,44*6F
$GIGSV,1,1,02,09,17,275,50,10,51,165,44*6F
$GIGSV,1,1,02,09,17,275,50,10,51,165,44*6F
$GIGSV,1,1,02,09,17,275,50,10,51,165,44*6F
$GIGSV,1,1,02,09,17,275,50,10,51,165,44*6F
$GIGSV,1,1,02,09,17,275,50,10,51,165,44*6F
$GIGSV,1,1,02,09,17,275,50,10,51,165,44*6F
$GIGSV,1,1,02,09,17,275,50,10,51,165,44*6F
$GIGSV,1,1,02,09,17,275,50,10,51,165,44*6F
$GIGSV,1,1,02,09,17,275,50,10,51,165,44*6F
$GIGSV,1,1,02,09,17,275,50,10,51,165,44*6F
$GIGSV,1,1,02,09,17,275,50,10,51,165,44*6F
$GIGSV,1,1,02,09,17,275,50,10,51,165,44*6F
$GIGSV,1,1,02,09,17,275,50,10,51,165,44*6F
$GIGSV,1,1,02,09,17,275,50,10,51,165,44*6F
$GIGSV,1,1,02,09,17,275,50,10,51,165,44*6F
$GIGSV,1,1,02,09,17,275,50,10,51,165,44*6F
$GIGSV,1,1,02,09,17,275,50,10,51,165,44*6F
$GIGSV,1,1,02,09,17,275,50,10,51,165,44*6F
$GIGSV,1,1,02,09,17,275,50,10,51,165,44*6F
$GIGSV,1,1,02,09,17,275,50,10,51,165,44*6F
$GIGSV,1,1,02,09,17,275,50,10,51,165,44*6F
$GIGSV,1,1,02,09,17,275,50,10,51,165,44*6F
$GIGSV,1,1,02,09,17,275,50,10,51,165,44*6F
$GIGSV,1,1,02,09,17,275,50,10,51,165,44*6F
$GIGSV,1,1,02,09,17,275,50,10,51,165,44*6F
$GIGSV,1,1,02,09,17,275,50,10,51,165,44*6F
$GIGSV,1,1,02,09,17,275,50,10,51,165,44*6F
$GIGSV,1,1,02,09,17,275,50,10,51,165,44*6F
$GIGSV,1,1,02,09,17,275,50,10,51,165,44*6F
$GIGSV,1,1,02,09,17,275,50,10,51,165,44*6F
$GIGSV,1,1,02,09,17,275,50,10,51,165,44*6F
$GIGSV,1,1,02,09,17,275,50,10,51,165,44*6F
$GIGSV,1,1,02,09,17,275,50,10,51,165,44*6F
$GIGSV,1,1,02,09,17,275,50,10,51,165,44*6F
$GIGSV,1,1,02,09,17,275,50,10,51,165,44*6F
$GIGSV,1,1,02,09,17,275,50,10,51,165,44*6F
$GIGSV,1,1,02,09,17,275,50,10,51,165,44*6F
$GIGSV,1,1,02,09,17,275,50,10,51,165,44*6F
$GIGSV,1,1,02,09,17,275,50,10,51,165,44*6F
$GIGSV,1,1,02,09,17,275,50,10,51,165,44*6F
$GIGSV,1,1,02,09,17,275,50,10,51,165,44*6F
$GIGSV,1,1,02,09,17,275,50,10,51,165,44*6F
$GIGSV,1,1,02,09,17,275,50,10,51,165,44*6F
$GIGSV,1,1,02,09,17,275,50,10,51,165,44*6F
$GIGSV,1,1,02,09,17,275,50,10,51,165,44*6F
$GIGSV,1,1,02,09,17,275,50,10,51,165,44*6F
$GIGSV,1,1,02,09,17,275,50,10,51,165,44*6F
$GIGSV,1,1,02,09,17,275,50,10,51,165,44*6F
$GIGSV,1,1,02,09,17,275,50,10,51,165,44*6F
$GIGSV,1,1,02,09,17,275,50,10,51,165,44*6F
$GIGSV,1,1,02,09,17,275,50,10,51,165,44*6F
$GIGSV,1,1,02,09,17,275,50,10,51,165,44*6F
$GIGSV,1,1,02,09,17,275,50,10,51,165,44*6F
$GIGSV,1,1,02,09,17,275,50,10,51,165,44*6F
$GIGSV,1,1,02,09,17,275,50,10,51,165,44*6F
$GIGSV,1,1,02,09,17,275,50,10,51,165,44*6F
$GIGSV,1,1,02,09,17,275,50,10,51,165,44*6F
$GIGSV,1,1,02,09,17,275,50,10,51,165,44*6F
$GIGSV,1,1,02,09,17,275,50,10,51,165,44*6F
$GIGSV,1,1,02,09,17,275,50,10,51,165,44*6F
$GIGSV,1,1,02,09,17,275,50,10,51,165,44*6F
$GIGSV,1,1,02,09,17,275,50,10,51,165,44*6F
$GIGSV,1,1,02,09,17,275,50,10,51,165,44*6F
$GIGSV,1,1,02,09,17,275,50,10,51,165,44*6F
$GIGSV,1,1,02,09,17,275,50,10,51,165,44*6F
$GIGSV,1,1,02,09,17,275,50,10,51,165,44*6F
$GIGSV,1,1,02,09,17,275,50,10,51,165,44*6F
$GIGSV,1,1,02,09,17,275,50,10,51,165,44*6F
$GIGSV,1,1,02,09,17,275,50,10,51,165,44*6F
$GIGSV,1,1,02,09,17,275,50,10,51,165,44*6F
$GIGSV,1,1,02,09,17,275,50,10,51,165,44*6F
$GIGSV,1,1,02,09,17,275,50,10,51,165,44*6F
$GIGSV,1,1,02,09,17,275,50,10,51,165,44*6F
$GIGSV,1,1,02,09,17,275,50,10,51,165,44*6F
$GIGSV,1,1,02,09,17,275,50,10,51,165,44*6F
$GIGSV,1,1,02,09,17,275,50,10,51,165,44*6F
$GIGSV,1,1,02,09,17,275,50,10,51,165,44*6F
$GIGSV,1,1,02,09,17,275,50,10,51,165,44*6F
$GIGSV,1,1,02,09,17,275,50,10,51,165,44*6F
$GIGSV,1,1,02,09,17,275,50,10,51,165,44*6F
$GIGSV,1,1,02,09,17,275,50,10,51,165,44*6F
$GIGSV,1,1,02,09,17,275,50,10,51,165,44*6F
$GIGSV,1,1,02,09,17,275,50,10,51,165,44*6F
$GIGSV,1,1,02,09,17,275,50,10,51,165,44*6F
$GIGSV,1,1,02,09,17,275,50,10,51,165,44*6F
$GIGSV,1,1,02,09,17,275,50,10,51,165,44*6F
$GIGSV,1,1,02,09,17,275,50,10,51,165,44*6F
$GIGSV,1,1,02,09,17,275,50,10,51,165,44*6F
$GIGSV,1,1,02,09,17,275,50,10,51,165,44*6F
$GIGSV,1,1,02,09,17,275,50,10,51,165,44*6F
$GIGSV,1,1,02,09,17,275,50,10,51,165,44*6F
$GIGSV,1,1,02,09,17,275,50,10,51,165,44*6F
$GIGSV,1,1,02,09,17,275,50,10,51,165,44*6F
$GIGSV,1,1,02,09,17,275,50,10,51,165,44*6F
$GIGSV,1,1,02,09,17,275,50,10,51,165,44*6F
$GIGSV,1,1,02,09,17,275,50,10,51,165,44*6F
$GIGSV,1,1,02,09,17,275,50,10,51,165,44*6F
$GIGSV,1,1,02,09,17,275,50,10,51,165,44*6F
$GIGSV,1,1,02,09,17,275,50,10,51,165,44*6F
$GIGSV,1,1,02,09,17,275,50,10,51,165,44*6F
$GIGSV,1,1,02,09,17,275,50,10,51,165,44*6F
$GIGSV,1,1,02,09,17,275,50,10,51,165,44*6F
$GIGSV,1,1,02,09,17,275,50,10,51,165,44*6F
$GIGSV,1,1,02,09,17,275,50,10,51,165,44*6F
$GIGSV,1,1,02,09,17,275,50,10,51,165,44*6F
$GIGSV,1,1,02,09,17,275,50,10,51,165,44*6F
$GIGSV,1,1,02,09,17,275,50,10,51,165,44*6F
$GIGSV,1,1,02,09,17,275,50,10,51,165,44*6F
$GIGSV,1,1,02,09,17,275,50,10,51,165,44*6F
$GIGSV,1,1,02,09,17,275,50,10,51,165,44*6F
$GIGSV,1,1,02,09,17,275,50,10,51,165,44*6F
$GIGSV,1,1,02,09,17,275,50,10,51,165,44*6F
$GIGSV,1,1,02,09,17,275,50,10,51,165,44*6F
$GIGSV,1,1,02,09,17,275,50,10,51,165,44*6F
$GIGSV,1,1,02,09,17,275,50,10,51,165,44*6F
$GIGSV,1,1,02,09,17,275,50,10,51,165,44*6F
$GIGSV,1,1,02,09,17,275,50,10,51,165,44*6F
$GIGSV,1,1,02,09,17,275,50,10,51,165,44*6F
$GIGSV,1,1,02,09,17,275,50,10,51,165,44*6F
$GIGSV,1,1,02,09,17,275,50,10,51,165,44*6F
$GIGSV,1,1,02,09,17,275,50,10,51,165,44*6F
$GIGSV,1,1,02,09,17,275,50,10,51,165,44*6F
$GIGSV,1,1,02,09,17,275,50,10,51,165,44*6F
$GIGSV,1,1,02,09,17,275,50,10,51,165,44*6F
$GIGSV,1,1,02,09,17,275,50,10,51,165,44*6F
$GIGSV,1,1,02,09,17,275,50,10,51,165,44*6F
$GIGSV,1,1,02,09,17,275,50,10,51,165,44*6F
$GIGSV,1,1,02,09,17,275,50,10,51,165,44*6F
$GIGSV,1,1,02,09,17,275,50,10,51,165,44*6F
$GIGSV,1,1,02,09,17,275,50,10,51,165,44*6F
$GIGSV,1,1,02,09,17,275,50,10,51,165,44*6F
$GIGSV,1,1,02,09,17,275,50,10,51,165,44*6F
$GIGSV,1,1,02,09,17,275,50,10,51,165,44*6F
$GIGSV,1,1,02,09,17,275,50,10,51,165,44*6F
$GIGSV,1,1,02,09,17,275,50,10,51,165,44*6F
$GIGSV,1,1,02,09,17,275,50,10,51,165,44*6F
$GIGSV,1,1,02,09,17,275,50,10,51,165,44*6F
$GIGSV,1,1,02,09,17,275,50,10,51,165,44*6F
$GIGSV,1,1,02,09,17,275,50,10,51,165,44*6F
$GIGSV,1,1,02,09,17,275,50,10,51,165,44*6F
$GIGSV,1,1,02,09,17,275,50,10,51,165,44*6F
$GIGSV,1,1,02,09,17,275,50,10,51,165,44*6F
$GIGSV,1,1,02,09,17,275,50,10,51,165,44*6F
$GIGSV,1,1,02,09,17,275,50,10,51,165,44*6F
$GIGSV,1,1,02,09,17,275,50,10,51,165,44*6F
$GIGSV,1,1,02,09,17,275,50,10,51,165,44*6F
$GIGSV,1,1,02,09,17,275,50,10,51,165,44*6F
$GIGSV,1,1,02,09,17,275,50,10,51,165,44*6F
$GIGSV,1,1,02,09,17,275,50,10,51,165,44*6F
$GIGSV,1,1,02,09,17,275,50,10,51,165,44*6F
$GIGSV,1,1,02,09,17,275,50,10,51,165,44*6F
$GIGSV,1,1,02,09,17,275,50,10,51,165,44*6F
$GIGSV,1,1,02,09,17,275,50,10,51,165,44*6F
$GIGSV,1,1,02,09,17,275,50,10,51,165,44*6F
$GIGSV,1,1,02,09,17,275,50,10,51,165,44*6F
$GIGSV,1,1,02,09,17,275,50,10,51,165,44*6F
$GIGSV,1,1,02,09,17,275,50,10,51,165,44*6F
$GIGSV,1,1,02,09,17,275,50,10,51,165,44*6F
$GIGSV,1,1,02,09,17,275,50,10,51,165,44*6F
$GIGSV,1,1,02,09,17,275,50,10,51,165,44*6F
$GIGSV,1,1,02,09,17,275,50,10,51,165,44*6F
$GIGSV,1,1,02,09,17,275,50,10,51,165,44*6F
$GIGSV,1,1,02,09,17,275,50,10,51,165,44*6F
$GIGSV,1,1,02,09,17,275,50,10,51,165,44*6F
$GIGSV,1,1,02,09,17,275,50,10,51,165,44*6F
$GIGSV,1,1,02,09,17,275,50,10,51,165,44*6F
$GIGSV,1,1,02,09,17,275,50,10,51,165,44*6F
$GIGSV,1,1,02,09,17,275,50,10,51,165,44*6F
$GIGSV,1,1,02,09,17,275,50,10,51,165,44*6F
$GIGSV,1,1,02,09,17,275,50,10,51,165,44*6F
$GIGSV,1,1,02,09,17,275,50,10,51,165,44*6F
$GIGSV,1,1,02,09,17,275,50,10,51,165,44*6F
$GIGSV,1,1,02,09,17,275,50,10,51,165,44*6F
$GIGSV,1,1,02,09,17,275,50,10,51,165,44*6F
$GIGSV,1,1,02,09,17,275,50,10,51,165,44*6F
$GIGSV,1,1,02,09,17,275,50,10,51,165,44*6F
$GIGSV,1,1,02,09,17,275,50,10,51,165,44*6F
$GIGSV,1,1,02,09,17,275,50,10,51,165,44*6F
$GIGSV,1,1,02,09,17,275,50,10,51,165,44*6F
$GIGSV,1,1,02,09,17,275,50,10,51,165,44*6F
$GIGSV,1,1,02,09,17,275,50,10,51,165,44*6F
$GIGSV,1,1,02,09,17,275,50,10,51,165,44*6F
$GIGSV,1,1,02,09,17,275,50,10,51,165,44*6F
$GIGSV,1,1,02,09,17,275,50,10,51,165,44*6F
$GIGSV,1,1,02,09,17,275,50,10,51,165,44*6F
$GIGSV,1,1,02,09,17,275,50,10,51,165,44*6F
$GIGSV,1,1,02,09,17,275,50,10,51,165,44*6F
$GIGSV,1,1,02,09,17,275,50,10,51,165,44*6F
$GIGSV,1,1,02,09,17,275,50,10,51,165,44*6F
$GIGSV,1,1,02,09,17,275,50,10,51,165,44*6F
$GIGSV,1,1,02,09,17,275,50,10,51,165,44*6F
$GIGSV,1,1,02,09,17,275,50,10,51,165,44*6F
$GIGSV,1,1,02,09,17,275,50,10,51,165,44*6F
$GIGSV,1,1,02,09,17,275,50,10,51,165,44*6F
$GIGSV,1,1,02,09,17,275,50,10,51,165,44*6F
$GIGSV,1,1,02,09,17,275,50,10,51,165,44*6F
$GIGSV,1,1,02,09,17,275,50,10,51,165,44*6F
$GIGSV,1,1,02,09,17,275,50,10,51,165,44*6F
$GIGSV,1,1,02,09,17,275,50,10,51,165,44*6F
$GIGSV,1,1,02,09,17,275,50,10,51,165,44*6F
$GIGSV,1,1,02,09,17,275,50,10,51,165,44*6F
$GIGSV,1,1,02,09,17,275,50,10,51,165,44*6F
$GIGSV,1,1,02,09,17,275,50,10,51,165,44*6F
$GIGSV,1,1,02,09,17,275,50,10,51,165,44*6F
$GIGSV,1,1,02,09,17,275,50,10,51,165,44*6F
$GIGSV,1,1,02,09,17,275,50,10,51,165,44*6F
$GIGSV,1,1,02,09,17,275,50,10,51,165,44*6F
$GIGSV,1,1,02,09,17,275,50,10,51,165,44*6F
$GIGSV,1,1,02,09,17,275,50,10,51,165,44*6F
$GIGSV,1,1,02,09,17,275,50,10,51,165,44*6F
$GIGSV,1,1,02,09,17,275,50,10,51,165,44*6F
$GIGSV,1,1,02,09,17,275,50,10,51,165,44*6F
$GIGSV,1,1,02,09,17,275,50,10,51,165,44*6F
$GIGSV,1,1,02,09,17,275,50,10,51,165,44*6F
$GIGSV,1,1,02,09,17,275,50,10,51,165,44*6F
$GIGSV,1,1,02,09,17,275,50,10,51,165,44*6F
$GIGSV,1,1,02,09,17,275,50,10,51,165,44*6F
$GIGSV,1,1,02,09,17,275,50,10,51,165,44*6F
$GIGSV,1,1,02,09,17,275,50,10,51,165,44*6F
$GIGSV,1,1,02,09,17,275,50,10,51,165,44*6F
$GIGSV,1,1,02,09,17,275,50,10,51,165,44*6F
$GIGSV,1,1,02,09,17,275,50,10,51,165,44*6F
$GIGSV,1,1,02,09,17,275,50,10,51,165,44*6F
$GIGSV,1,1,02,09,17,275,50,10,51,165,44*6F
$GIGSV,1,1,02,09,17,275,50,10,51,165,44*6F
$GIGSV,1,1,02,09,17,275,50,10,51,165,44*6F
$GIGSV,1,1,02,09,17,275,50,10,51,165,44*6F
$GIGSV,1,1,02,09,17,275,50,10,51,165,44*6F
$GIGSV,1,1,02,09,17,275,50,10,51,165,44*6F
$GIGSV,1,1,02,09,17,275,50,10,51,165,44*6F
$GIGSV,1,1,02,09,17,275,50,10,51,165,44*6F
$GIGSV,1,1,02,09,17,275,50,10,51,165,44*6F
$GIGSV,1,1,02,09,17,275,50,10,51,165,44*6F
$GIGSV,1,1,02,09,17,275,50,10,51,165,44*6F
$GIGSV,1,1,02,09,17,275,50,10,51,165,44*6F
$GIGSV,1,1,02,09,17,275,50,10,51,165,44*6F
$GIGSV,1,1,02,09,17,275,50,10,51,165,44*6F
$GIGSV,1,1,02,09,17,275,50,10,51,165,44*6F
$GIGSV,1,1,02,09,17,275,50,10,51,165,44*6F
$GIGSV,1,1,02,09,17,275,50,10,51,165,44*6F
$GIGSV,1,1,02,09,17,275,50,10,51,165,44*6F
$GIGSV,1,1,02,09,17,275,50,10,51,165,44*6F
$GIGSV,1,1,02,09,17,275,50,10,51,165,44*6F
$GIGSV,1,1,02,09,17,275,50,10,51,165,44*6F
$GIGSV,1,1,02,09,17,275,50,10,51,165,44*6F
$GIGSV,1,1,02,09,17,275,50,10,51,165,44*6F
$GIGSV,1,1,02,09,17,275,50,10,51,165,44*6F
$GIGSV,1,1,02,09,17,275,50,10,51,165,44*6F
$GIGSV,1,1,02,09,17,275,50,10,51,165,44*6F
$GIGSV,1,1,02,09,17,275,50,10,51,165,44*6F
$GIGSV,1,1,02,09,17,275,50,10,51,165,44*6F
$GIGSV,1,1,02,09,17,275,50,10,51,165,44*6F
$GIGSV,1,1,02,09,17,275,50,10,51,165,44*6F
$GIGSV,1,1,02,09,17,275,50,10,51,165,44*6F
$GIGSV,1,1,02,09,17,275,50,10,51,165,44*6F
$GIGSV,1,1,02,09,17,275,50,10,51,165,44*6F
$GIGSV,1,1,02,09,17,275,50,10,51,165,44*6F
$GIGSV,1,1,02,09,17,275,50,10,51,165,44*6F
$GIGSV,1,1,02,09,17,275,50,10,51,165,44*6F
$GIGSV,1,1,02,09,17,275,50,10,51,165,44*6F
$GIGSV,1,1,02,09,17,275,50,10,51,165,44*6F
$GIGSV,1,1,02,09,17,275,50,10,51,165,44*6F
$GIGSV,1,1,02,09,17,275,50,10,51,165,44*6F
$GIGSV,1,1,02,09,17,275,50,10,51,165,44*6F
$GIGSV,1,1,02,09,17,275,50,10,51,165,44*6F
$GIGSV,1,1,02,09,17,275,50,10,51,165,44*6F
$GIGSV,1,1,02,09,17,275,50,10,51,165,44*6F
$GIGSV,1,1,02,09,17,275,50,10,51,165,44*6F
$GIGSV,1,1,02,09,17,275,50,10,51,165,44*6F
$GIGSV,1,1,02,09,17,275,50,10,51,165,44*6F
$GIGSV,1,1,02,09,17,275,50,10,51,165,44*6F
$GIGSV,1,1,02,09,17,275,50,10,51,165,44*6F
$GIGSV,1,1,02,09,17,275,50,10,51,165,44*6F
$GIGSV,1,1,02,09,17,275,50,10,51,165,44*6F
$GIGSV,1,1,02,09,17,275,50,10,51,165,44*6F
$GIGSV,1,1,02,09,17,275,50,10,51,165,44*6F
$GIGSV,1,1,02,09,17,275,50,10,51,165,44*6F
$GIGSV,1,1,02,09,17,275,50,10,51,165,44*6F
$GIGSV,1,1,02,09,17,275,50,10,51,165,44*6F
$GIGSV,1,1,02,09,17,275,50,10,51,165,44*6F
$GIGSV,1,1,02,09,17,275,50,10,51,165,44*6F
$GIGSV,1,1,02,09,17,275,50,10,51,165,44*6F
$GIGSV,1,1,02,09,17,275,50,10,51,165,44*6F
$GIGSV,1,1,02,09,17,275,50,10,51,165,44*6F
$GIGSV,1,1,02,09,17,275,50,10,51,165,44*6F
$GIGSV,1,1,02,09,17,275,50,10,51,165,44*6F
$GIGSV,1,1,02,09,17,275,50,10,51,165,44*6F
$GIGSV,1,1,02,09,17,275,50,10,51,165,44*6F
$GIGSV,1,1,02,09,17,275,50,10,51,165,44*6F
$GIGSV,1,1,02,09,17,275,50,10,51,165,44*6F
$GIGSV,1,1,02,09,17,275,50,10,51,165,44*6F
$GIGSV,1,1,02,09,17,275,50,10,51,165,44*6F
$GIGSV,1,1,02,09,17,275,50,10,51,165,44*6F
$GIGSV,1,1,02,09,17,275,50,10,51,165,44*6F
$GIGSV,1,1,02,09,17,275,50,10,51,165,44*6F
$GIGSV,1,1,02,09,17,275,50,10,51,165,44*6F
$GIGSV,1,1,02,09,17,275,50,10,51,165,44*6F
$GIGSV,1,1,02,09,17,275,50,10,51,165,44*6F
$GIGSV,1,1,02,09,17,275,50,10,51,165,44*6F
$GIGSV,1,1,02,09,17,275,50,10,51,165,44*6F
$GIGSV,1,1,02,09,17,275,50,10,51,165,44*6F
$GIGSV,1,1,02,09,17,275,50,10,51,165,44*6F
$GIGSV,1,1,02,09,17,275,50,10,51,165,44*6F
$GIGSV,1,1,02,09,17,275,50,10,51,165,44*6F
$GIGSV,1,1,02,09,17,275,50,10,51,165,44*6F
$GIGSV,1,1,02,09,17,275,50,10,51,165,44*6F
$GIGSV,1,1,02,09,17,275,50,10,51,165,44*6F
$GIGSV,1,1,02,09,17,275,50,10,51,165,44*6F
$GIGSV,1,1,02,09,17,275,50,10,51,165,44*6F
$GIGSV,1,1,02,09,17,275,50,10,51,165,44*6F
$GIGSV,1,1,02,09,17,275,50,10,51,165,44*6F
$GIGSV,1,1,02,09,17,275,50,10,51,165,44*6F
$GIGSV,1,1,02,09,17,275,50,10,51,165,44*6F
$GIGSV,1,1,02,09,17,275,50,10,51,165,44*6F
$GIGSV,1,1,02,09,17,275,50,10,51,165,44*6F
$GIGSV,1,1,02,09,17,275,50,10,51,165,44*6F
$GIGSV,1,1,02,09,17,275,50,10,51,165,44*6F
$GIGSV,1,1,02,09,17,275,50,10,51,165,44*6F
$GIGSV,1,1,02,09,17,275,50,10,51,165,44*6F
$GIGSV,1,1,02,09,17,275,50,10,51,165,44*6F
$GIGSV,1,1,02,09,17,275,50,10,51,165,44*6F
$GIGSV,1,1,02,09,17,275,50,10,51,165,44*6F
$GIGSV,1,1,02,09,17,275,49,10,51,165,44*67
$GIGSV,1,1,02,09,17,275,49,10,51,165,44*67
$GIGSV,1,1,02,09,17,275,49,10,51,165,44*67
$GIGSV,1,1,02,09,17,275,49,10,51,165,44*67
$GIGSV,1,1,02,09,17,275,49,10,51,165,44*67
$GIGSV,1,1,02,09,17,275,49,10,51,165,44*67
$GIGSV,1,1,02,09,17,275,49,10,51,165,44*67
$GIGSV,1,1,02,09,17,275,49,10,51,165,43*60
$GIGSV,1,1,02,09,17,275,49,10,51,165,43*60
$GIGSV,1,1,02,09,17,275,49,10,51,165,43*60
$GIGSV,1,1,02,09,17,275,49,10,51,165,43*60
$GIGSV,1,1,02,09,17,275,49,10,51,165,43*60
$GIGSV,1,1,02,09,17,275,49,10,51,165,43*60
$GIGSV,1,1,02,09,17,275,49,10,51,165,43*60
$GIGSV,1,1,02,09,17,275,49,10,51,165,43*60
$GIGSV,1,1,02,09,17,275,49,10,51,165,44*67
$GIGSV,1,1,02,09,17,275,49,10,51,165,44*67
$GIGSV,1,1,02,09,17,275,49,10,51,165,44*67
$GIGSV,1,1,02,09,17,275,48,10,51,165,44*66
$GIGSV,1,1,02,09,17,275,48,10,51,165,44*66
$GIGSV,1,1,02,09,17,275,48,10,51,165,44*66
$GIGSV,1,1,02,09,17,275,48,10,51,165,44*66
$GIGSV,1,1,02,09,17,275,48,10,51,165,44*66
$GIGSV,1,1,02,09,17,275,48,10,51,165,44*66
$GIGSV,1,1,02,09,17,275,48,10,51,165,44*66
$GIGSV,1,1,02,09,17,275,48,10,51,165,44*66
$GIGSV,1,1,02,09,17,275,48,10,51,165,44*66
$GIGSV,1,1,02,09,17,275,48,10,51,165,44*66
$GIGSV,1,1,02,09,17,275,48,10,51,165,44*66
$GIGSV,1,1,02,09,17,275,48,10,51,165,44*66
$GIGSV,1,1,02,09,17,275,48,10,51,165,44*66
$GIGSV,1,1,02,09,17,275,48,10,51,165,43*61
$GIGSV,1,1,02,09,17,275,48,10,51,165,43*61
$GIGSV,1,1,02,09,17,275,48,10,51,165,44*66
$GIGSV,1,1,02,09,17,275,47,10,51,165,44*69
$GIGSV,1,1,02,09,17,275,47,10,51,165,44*69
$GIGSV,1,1,02,09,17,275,47,10,51,165,44*69
$GIGSV,1,1,02,09,17,275,47,10,51,165,44*69
$GIGSV,1,1,02,09,17,275,47,10,51,165,44*69
$GIGSV,1,1,02,09,17,275,47,10,51,165,44*69
$GIGSV,1,1,02,09,17,275,47,10,51,165,44*69
$GIGSV,1,1,02,09,17,275,47,10,51,165,44*69
$GIGSV,1,1,02,09,17,275,47,10,51,165,44*69
$GIGSV,1,1,02,09,17,275,47,10,51,165,44*69
$GIGSV,1,1,02,09,17,275,47,10,51,165,44*69
$GIGSV,1,1,02,09,17,275,47,10,51,165,44*69
$GIGSV,1,1,02,09,17,275,47,10,51,165,44*69
$GIGSV,1,1,02,09,17,275,47,10,51,165,44*69
$GIGSV,1,1,02,09,17,275,47,10,51,165,44*69
$GIGSV,1,1,02,09,17,275,47,10,51,165,44*69
$GIGSV,1,1,02,09,17,275,47,10,51,165,44*69
$GIGSV,1,1,02,09,17,275,46,10,51,165,44*68
$GIGSV,1,1,02,09,17,275,46,10,51,165,44*68
$GIGSV,1,1,02,09,17,275,46,10,51,165,44*68
$GIGSV,1,1,02,09,17,275,46,10,51,165,44*68
$GIGSV,1,1,02,09,17,275,46,10,51,165,44*68
$GIGSV,1,1,02,09,17,275,46,10,51,165,44*68
$GIGSV,1,1,02,09,17,275,46,10,51,165,44*68
$GIGSV,1,1,02,09,17,275,46,10,51,165,44*68
$GIGSV,1,1,02,09,17,275,46,10,51,165,44*68
$GIGSV,1,1,02,09,17,275,46,10,51,165,44*68
$GIGSV,1,1,02,09,17,275,46,10,51,165,44*68
$GIGSV,1,1,02,09,17,275,46,10,51,165,44*68
$GIGSV,1,1,02,09,17,275,46,10,51,165,44*68
$GIGSV,1,1,02,09,17,275,46,10,51,165,44*68
$GIGSV,1,1,02,09,17,275,46,10,51,165,44*68
$GIGSV,1,1,02,09,17,275,46,10,51,165,44*68
$GIGSV,1,1,02,09,17,275,46,10,51,165,43*6F
$GIGSV,1,1,02,09,17,275,46,10,51,165,43*6F
$GIGSV,1,1,02,09,17,275,45,10,51,165,43*6C
$GIGSV,1,1,02,09,17,275,45,10,51,165,43*6C
$GIGSV,1,1,02,09,17,275,45,10,51,165,43*6C
$GIGSV,1,1,02,09,17,275,45,10,51,165,43*6C
$GIGSV,1,1,02,09,17,275,45,10,51,165,43*6C
$GIGSV,1,1,02,09,17,275,45,10,51,165,43*6C
$GIGSV,1,1,02,09,17,275,45,10,51,165,43*6C
$GIGSV,1,1,02,09,17,275,45,10,51,165,43*6C
$GIGSV,1,1,02,09,17,275,45,10,51,165,43*6C
$GIGSV,1,1,02,09,17,275,45,10,51,165,43*6C
$GIGSV,1,1,02,09,17,275,45,10,51,165,43*6C
$GIGSV,1,1,02,09,17,275,45,10,51,165,43*6C
$GIGSV,1,1,02,09,17,275,45,10,51,165,42*6D
$GIGSV,1,1,02,09,17,275,45,10,51,165,42*6D
$GIGSV,1,1,02,09,17,275,45,10,51,165,42*6D
$GIGSV,1,1,02,09,17,275,45,10,51,165,42*6D
$GIGSV,1,1,02,09,17,275,44,10,51,165,42*6C
$GIGSV,1,1,02,09,17,275,44,10,51,165,42*6C
$GIGSV,1,1,02,09,17,275,44,10,51,165,42*6C
$GIGSV,1,1,02,09,17,275,44,10,51,165,42*6C
$GIGSV,1,1,02,09,17,275,44,10,51,165,42*6C
$GIGSV,1,1,02,09,17,275,44,10,51,165,42*6C
$GIGSV,1,1,02,09,17,275,44,10,51,165,42*6C
$GIGSV,1,1,02,09,17,275,44,10,51,165,42*6C
$GIGSV,1,1,02,09,17,275,44,10,51,165,42*6C
$GIGSV,1,1,02,09,17,275,44,10,51,165,41*6F
$GIGSV,1,1,02,09,17,275,44,10,51,165,41*6F
$GIGSV,1,1,02,09,17,275,44,10,51,165,41*6F
$GIGSV,1,1,02,09,17,275,44,10,51,165,41*6F
$GIGSV,1,1,02,09,17,275,44,10,51,165,41*6F
$GIGSV,1,1,02,09,17,275,44,10,51,165,41*6F
$GIGSV,1,1,02,09,17,275,44,10,51,165,41*6F
$GIGSV,1,1,02,09,17,275,43,10,51,165,41*68
$GIGSV,1,1,02,09,17,275,43,10,51,165,41*68
$GIGSV,1,1,02,09,17,275,43,10,51,165,41*68
$GIGSV,1,1,02,09,17,275,43,10,51,165,41*68
$GIGSV,1,1,02,09,17,275,43,10,51,165,41*68
$GIGSV,1,1,02,09,17,275,43,10,51,165,41*68
$GIGSV,1,1,02,09,17,275,43,10,51,165,41*68
$GIGSV,1,1,02,09,17,275,43,10,51,165,40*69
$GIGSV,1,1,02,09,17,275,43,10,51,165,40*69
$GIGSV,1,1,02,09,17,275,43,10,51,165,40*69
$GIGSV,1,1,02,09,17,275,43,10,51,165,40*69
$GIGSV,1,1,02,09,17,275,43,10,51,165,40*69
$GIGSV,1,1,02,09,17,275,43,10,51,165,40*69
$GIGSV,1,1,02,09,17,275,43,10,51,165,40*69
$GIGSV,1,1,01,09,17,275,42*58
$GIGSV,1,1,01,09,17,275,42*58
$GIGSV,1,1,01,09,17,275,42*58
$GIGSV,1,1,01,09,17,275,42*58
$GIGSV,1,1,01,09,17,275,42*58
$GIGSV,1,1,01,09,17,275,42*58
$GIGSV,1,1,01,09,17,275,42*58
$GIGSV,1,1,01,09,17,275,42*58
$GIGSV,1,1,01,09,17,275,42*58
$GIGSV,1,1,01,09,17,275,42*58
$GIGSV,1,1,01,09,17,275,42*58
$GIGSV,1,1,01,09,17,275,42*58
$GIGSV,1,1,01,09,17,275,42*58
$GIGSV,1,1,01,09,17,275,42*58
$GIGSV,1,1,01,09,17,275,42*58
$GIGSV,1,1,01,09,17,275,41*5B
$GIGSV,1,1,01,09,17,275,41*5B
$GIGSV,1,1,01,09,17,275,41*5B
$GIGSV,1,1,01,09,17,275,41*5B
$GIGSV,1,1,01,09,17,275,41*5B
$GIGSV,1,1,01,09,17,275,41*5B
$GIGSV,1,1,01,09,17,275,41*5B
$GIGSV,1,1,01,09,17,275,41*5B
$GIGSV,1,1,01,09,17,275,41*5B
$GIGSV,1,1,01,09,17,275,41*5B
$GIGSV,1,1,01,09,17,275,41*5B
$GIGSV,1,1,01,09,17,275,41*5B
$GIGSV,1,1,01,09,17,275,41*5B
$GIGSV,1,1,01,09,17,275,41*5B
$GIGSV,1,1,01,09,17,275,40*5A
$GIGSV,1,1,01,09,17,275,40*5A
$GIGSV,1,1,01,09,17,275,40*5A
$GIGSV,1,1,01,09,17,275,40*5A
$GIGSV,1,1,01,09,17,275,40*5A
$GIGSV,1,1,01,09,17,275,40*5A
$GIGSV,1,1,01,09,17,275,40*5A
$GIGSV,1,1,01,09,17,275,40*5A
$GIGSV,1,1,01,09,17,275,40*5A
$GIGSV,1,1,01,09,17,275,40*5A
$GIGSV,1,1,01,09,17,275,40*5A
$GIGSV,1,1,01,10,51,165,43*51
$GIGSV,1,1,01,10,51,165,42*50
$GIGSV,1,1,01,10,51,165,42*50
$GIGSV,1,1,01,10,51,165,43*51
$GIGSV,1,1,01,10,51,165,43*51
$GIGSV,1,1,01,10,51,165,43*51
$GIGSV,1,1,01,10,51,165,43*51
$GIGSV,1,1,01,10,51,165,43*51
$GIGSV,1,1,01,10,51,165,42*50
$GIGSV,1,1,01,10,51,165,42*50
$GIGSV,1,1,01,10,51,165,42*50
$GIGSV,1,1,01,10,51,165,41*53
$GIGSV,1,1,01,10,51,165,41*53
$GIGSV,1,1,01,10,51,165,41*53
$GIGSV,1,1,01,10,51,165,40*52
$GIGSV,1,1,01,10,51,165,40*52
$GIGSV,1,1,01,10,51,165,41*53
$GIGSV,1,1,01,10,51,165,41*53
$GIGSV,1,1,01,10,51,165,41*53
$GIGSV,1,1,01,10,51,165,41*53
$GIGSV,1,1,01,10,51,165,41*53
$GIGSV,1,1,01,10,51,165,40*52
$GIGSV,1,1,01,10,51,165,40*52
$GIGSV,1,1,01,10,51,165,40*52
$GIGSV,1,1,01,10,51,165,39*5C
$GIGSV,1,1,01,10,51,165,39*5C
$GIGSV,1,1,01,10,51,165,39*5C
$GIGSV,1,1,01,10,51,165,39*5C
$GIGSV,1,1,01,10,51,165,39*5C
$GIGSV,1,1,01,10,51,165,39*5C
$GIGSV,1,1,01,10,51,165,38*5D
$GIGSV,1,1,01,10,51,165,38*5D
$GIGSV,1,1,01,10,51,165,37*52
$GIGSV,1,1,01,10,51,165,37*52
$GIGSV,1,1,01,10,51,165,37*52
$GIGSV,1,1,01,10,51,165,37*52
$GIGSV,1,1,01,10,51,165,37*52
$GIGSV,1,1,01,10,51,165,38*5D
$GIGSV,1,1,01,10,51,165,37*52
$GIGSV,1,1,01,10,51,165,37*52
$GIGSV,1,1,01,10,51,165,37*52
$GIGSV,1,1,01,10,51,165,37*52
$GIGSV,1,1,01,10,51,165,37*52
$GIGSV,1,1,01,10,51,165,37*52
$GIGSV,1,1,01,10,51,165,38*5D
$GIGSV,1,1,01,10,51,165,37*52
$GIGSV,1,1,01,10,51,165,37*52
$GIGSV,1,1,01,10,51,165,39*5C
$GIGSV,1,1,01,10,51,165,38*5D
$GIGSV,1,1,01,10,51,165,37*52
$GIGSV,1,1,01,10,51,165,37*52
$GIGSV,1,1,01,10,51,165,37*52
$GIGSV,1,1,01,10,51,165,36*53
$GIGSV,1,1,01,10,51,165,36*53
$GIGSV,1,1,01,10,51,165,36*53
$GIGSV,1,1,01,10,51,165,36*53
$GIGSV,1,1,01,10,51,165,36*53
$GIGSV,1,1,01,10,51,165,36*53
$GIGSV,1,1,01,10,51,165,36*53
$GIGSV,1,1,01,10,51,165,36*53
$GIGSV,1,1,01,10,51,165,36*53
$GIGSV,1,1,01,10,51,165,36*53
$GIGSV,1,1,01,10,51,165,36*53
$GIGSV,1,1,01,10,51,165,36*53
$GIGSV,1,1,01,10,51,165,35*50
$GIGSV,1,1,01,10,51,165,35*50
$GIGSV,1,1,01,10,51,165,35*50
$GIGSV,1,1,01,10,51,165,35*50
$GIGSV,1,1,01,10,51,165,35*50
$GIGSV,1,1,01,10,51,165,35*50
$GIGSV,1,1,01,10,51,165,35*50
$GIGSV,1,1,01,10,51,165,35*50
$GIGSV,1,1,01,10,51,165,35*50
$GIGSV,1,1,01,10,51,165,35*50
$GIGSV,1,1,01,10,51,165,35*50
$GIGSV,1,1,01,10,51,165,35*50
$GIGSV,1,1,01,10,51,165,35*50
$GIGSV,1,1,01,10,51,165,35*50
$GIGSV,1,1,01,10,51,165,35*50
$GIGSV,1,1,01,10,51,165,35*50
$GIGSV,1,1,01,10,51,165,35*50
$GIGSV,1,1,01,10,51,165,35*50
$GIGSV,1,1,01,10,51,165,35*50
$GIGSV,1,1,01,10,51,165,34*51
$GIGSV,1,1,01,10,51,165,34*51
$GIGSV,1,1,01,10,51,165,34*51
$GIGSV,1,1,01,10,51,165,34*51
$GIGSV,1,1,01,10,51,165,34*51
$GIGSV,1,1,01,10,51,165,34*51
$GIGSV,1,1,01,10,51,165,34*51
$GIGSV,1,1,01,10,51,165,35*50
$GIGSV,1,1,01,10,51,165,35*50
$GIGSV,1,1,01,10,51,165,35*50
$GIGSV,1,1,01,10,51,165,35*50
$GIGSV,1,1,01,10,51,165,35*50
$GIGSV,1,1,01,10,51,165,35*50
$GIGSV,1,1,01,10,51,165,35*50
$GIGSV,1,1,01,10,51,165,35*50
$GIGSV,1,1,01,10,51,165,35*50
$GIGSV,1,1,01,10,51,165,34*51
$GIGSV,1,1,01,10,51,165,34*51
$GIGSV,1,1,01,10,51,165,34*51
$GIGSV,1,1,01,10,51,165,34*51
$GIGSV,1,1,01,10,51,165,34*51
$GIGSV,1,1,01,10,51,165,34*51
$GIGSV,1,1,01,10,51,165,34*51
$GIGSV,1,1,01,10,51,165,34*51
$GIGSV,1,1,01,10,51,165,34*51
$GIGSV,1,1,01,10,51,165,34*51
$GIGSV,1,1,01,10,51,165,34*51
$GIGSV,1,1,01,10,51,165,34*51
$GIGSV,1,1,01,10,51,165,34*51
$GIGSV,1,1,01,10,51,165,34*51
$GIGSV,1,1,01,10,51,165,33*56
$GIGSV,1,1,01,10,51,165,33*56
$GIGSV,1,1,01,10,51,165,33*56
$GIGSV,1,1,01,10,51,165,33*56
$GIGSV,1,1,01,10,51,165,36*53
$GIGSV,1,1,01,10,51,165,36*53
$GIGSV,1,1,01,10,51,165,35*50
$GIGSV,1,1,01,10,51,165,35*50
$GIGSV,1,1,01,10,51,165,29*5D
$GIGSV,1,1,01,10,51,165,29*5D
$GIGSV,1,1,01,10,51,165,30*55
$GIGSV,1,1,01,10,51,165,30*55
$GIGSV,1,1,01,10,51,165,30*55
$GIGSV,1,1,01,10,51,165,31*54
$GIGSV,1,1,01,10,51,165,31*54
$GIGSV,1,1,01,10,51,165,31*54
$GIGSV,1,1,01,10,51,165,31*54
$GIGSV,1,1,01,10,51,165,31*54
$GIGSV,1,1,01,10,51,165,31*54
$GIGSV,1,1,01,10,51,165,31*54
$GIGSV,1,1,01,10,51,165,31*54
$GIGSV,1,1,01,10,51,165,31*54
$GIGSV,1,1,01,10,51,165,31*54
$GIGSV,1,1,01,10,51,165,31*54
$GIGSV,1,1,01,10,51,165,31*54
$GIGSV,1,1,01,10,51,165,31*54
$GIGSV,1,1,01,10,51,165,31*54
$GIGSV,1,1,01,10,51,165,31*54
$GIGSV,1,1,01,10,51,165,31*54
$GIGSV,1,1,01,10,51,165,31*54
$GIGSV,1,1,01,10,51,165,31*54
$GIGSV,1,1,01,10,51,165,31*54
$GIGSV,1,1,01,10,51,165,31*54
$GIGSV,1,1,01,10,51,165,31*54
$GIGSV,1,1,01,10,51,165,31*54
$GIGSV,1,1,01,10,51,165,31*54
$GIGSV,1,1,01,10,51,165,31*54
$GIGSV,1,1,01,10,51,165,31*54
$GIGSV,1,1,01,10,51,165,31*54
$GIGSV,1,1,01,10,51,165,31*54
$GIGSV,1,1,01,10,51,165,31*54
$GIGSV,1,1,01,10,51,165,31*54
$GIGSV,1,1,01,10,51,165,31*54
$GIGSV,1,1,01,10,51,165,31*54
$GIGSV,1,1,01,10,51,165,31*54
$GIGSV,1,1,01,10,51,165,31*54
$GIGSV,1,1,01,10,51,165,31*54
$GIGSV,1,1,01,10,51,165,31*54
$GIGSV,1,1,01,10,51,165,31*54
$GIGSV,1,1,01,10,51,165,31*54
$GIGSV,1,1,01,10,51,165,31*54
$GIGSV,1,1,01,10,51,165,31*54
$GIGSV,1,1,01,10,51,165,31*54
$GIGSV,1,1,01,10,51,165,31*54
$GIGSV,1,1,01,10,51,165,31*54
$GIGSV,1,1,01,10,51,165,33*56
$GIGSV,1,1,01,10,51,165,34*51
$GIGSV,1,1,01,10,51,165,34*51
$GIGSV,1,1,01,10,51,165,34*51
$GIGSV,1,1,01,10,51,165,35*50
$GIGSV,1,1,01,10,51,165,37*52
$GIGSV,1,1,02,09,17,275,36,10,51,165,37*6B
$GIGSV,1,1,02,09,17,275,36,10,51,165,37*6B
$GIGSV,1,1,01,10,51,165,38*5D
$GIGSV,1,1,02,09,17,275,36,10,51,165,38*64
$GIGSV,1,1,02,09,17,275,36,10,51,165,39*65
$GIGSV,1,1,02,09,17,275,36,10,51,165,40*6B
$GIGSV,1,1,02,09,17,275,36,10,51,165,40*6B
$GIGSV,1,1,01,10,51,165,42*50
$GIGSV,1,1,02,09,17,275,36,10,51,165,42*69
$GIGSV,1,1,02,09,17,275,36,10,51,165,43*68
$GIGSV,1,1,02,09,17,275,37,10,51,165,43*69
$GIGSV,1,1,02,09,17,275,38,10,51,165,47*62
$GIGSV,1,1,02,09,17,275,38,10,51,165,46*63
$GIGSV,1,1,02,09,17,275,39,10,51,165,47*63
$GIGSV,1,1,02,09,17,275,38,10,51,165,47*62
$GIGSV,1,1,02,09,17,275,38,10,51,165,47*62
$GIGSV,1,1,01,10,51,165,47*55
$GIGSV,1,1,02,09,17,275,37,10,51,165,47*6D
$GIGSV,1,1,02,09,17,275,37,10,51,165,47*6D
$GIGSV,1,1,02,09,17,275,36,10,51,165,47*6C
$GIGSV,1,1,02,09,17,275,37,10,51,165,47*6D
$GIGSV,1,1,02,09,17,275,36,10,51,165,47*6C
$GIGSV,1,1,02,09,17,275,36,10,51,165,47*6C
$GIGSV,1,1,02,09,17,275,36,10,51,165,47*6C
$GIGSV,1,1,01,10,51,165,47*55
$GIGSV,1,1,02,09,17,275,36,10,51,165,46*6D
$GIGSV,1,1,02,09,17,275,36,10,51,165,46*6D
$GIGSV,1,1,02,09,17,275,35,10,51,165,46*6E
$GIGSV,1,1,02,09,17,275,35,10,51,165,46*6E
$GIGSV,1,1,02,09,17,275,35,10,51,165,46*6E
$GIGSV,1,1,02,09,17,275,35,10,51,165,46*6E
$GIGSV,1,1,02,09,17,275,34,10,51,165,46*6F
$GIGSV,1,1,02,09,17,275,34,10,51,165,46*6F
$GIGSV,1,1,02,09,17,275,35,10,51,165,46*6E
$GIGSV,1,1,02,09,17,275,35,10,51,165,46*6E
$GIGSV,1,1,02,09,17,275,35,10,51,165,46*6E
$GIGSV,1,1,02,09,17,275,35,10,51,165,46*6E
$GIGSV,1,1,02,09,17,275,34,10,51,165,46*6F
$GIGSV,1,1,02,09,17,275,34,10,51,165,46*6F
$GIGSV,1,1,02,09,17,275,33,10,51,165,46*68
$GIGSV,1,1,02,09,17,275,33,10,51,165,46*68
$GIGSV,1,1,02,09,17,275,34,10,51,165,47*6E
$GIGSV,1,1,02,09,17,275,34,10,51,165,47*6E
$GIGSV,1,1,02,09,17,275,35,10,51,165,47*6F
$GIGSV,1,1,02,09,17,275,37,10,51,165,46*6C
$GIGSV,1,1,02,09,17,275,37,10,51,165,46*6C
$GIGSV,1,1,02,09,17,275,37,10,51,165,46*6C
$GIGSV,1,1,02,09,17,275,37,10,51,165,46*6C
$GIGSV,1,1,02,09,17,275,36,10,51,165,46*6D
$GIGSV,1,1,02,09,17,275,36,10,51,165,46*6D
$GIGSV,1,1,02,09,17,275,37,10,51,165,46*6C
$GIGSV,1,1,02,09,17,275,37,10,51,165,46*6C
$GIGSV,1,1,02,09,17,275,36,10,51,165,46*6D
$GIGSV,1,1,02,09,17,275,37,10,51,165,46*6C
$GIGSV,1,1,02,09,17,275,37,10,51,165,46*6C
$GIGSV,1,1,02,09,17,275,37,10,51,165,46*6C
$GIGSV,1,1,02,09,17,275,38,10,51,165,46*63
$GIGSV,1,1,02,09,17,275,38,10,51,165,46*63
$GIGSV,1,1,02,09,17,275,38,10,51,165,46*63
$GIGSV,1,1,02,09,17,275,38,10,51,165,46*63
$GIGSV,1,1,02,09,17,275,39,10,51,165,45*61
$GIGSV,1,1,02,09,17,275,39,10,51,165,45*61
$GIGSV,1,1,02,09,17,275,39,10,51,165,45*61
$GIGSV,1,1,02,09,17,275,39,10,51,165,45*61
$GIGSV,1,1,02,09,17,275,39,10,51,165,45*61
$GIGSV,1,1,02,09,17,275,39,10,51,165,45*61
$GIGSV,1,1,02,09,17,275,38,10,51,165,45*60
$GIGSV,1,1,02,09,17,275,38,10,51,165,45*60
$GIGSV,1,1,02,09,17,275,38,10,51,165,45*60
$GIGSV,1,1,02,09,17,275,38,10,51,165,45*60
$GIGSV,1,1,02,09,17,275,38,10,51,165,45*60
$GIGSV,1,1,02,09,17,275,39,10,51,165,45*61
$GIGSV,1,1,02,09,17,275,39,10,51,165,45*61
$GIGSV,1,1,02,09,17,275,39,10,51,165,45*61
$GIGSV,1,1,02,09,17,275,39,10,51,165,45*61
$GIGSV,1,1,02,09,17,275,39,10,51,165,45*61
$GIGSV,1,1,02,09,17,275,39,10,51,165,45*61
$GIGSV,1,1,02,09,17,275,39,10,51,165,45*61
$GIGSV,1,1,02,09,17,275,39,10,51,165,45*61
$GIGSV,1,1,02,09,17,275,38,10,51,165,45*60
$GIGSV,1,1,02,09,17,275,38,10,51,165,45*60
$GIGSV,1,1,02,09,17,275,37,10,51,165,45*6F
$GIGSV,1,1,02,09,17,275,37,10,51,165,45*6F
$GIGSV,1,1,02,09,17,275,26,10,51,165,45*6F
$GIGSV,1,1,02,09,17,275,26,10,51,165,45*6F
$GIGSV,1,1,02,09,17,275,27,10,51,165,45*6E
$GIGSV,1,1,02,09,17,275,26,10,51,165,45*6F
$GIGSV,1,1,02,09,17,275,31,10,51,165,45*69
$GIGSV,1,1,02,09,17,275,31,10,51,165,45*69
$GIGSV,1,1,02,09,17,275,31,10,51,165,45*69
$GIGSV,1,1,02,09,17,275,32,10,51,165,45*6A
$GIGSV,1,1,02,09,17,275,32,10,51,165,45*6A
$GIGSV,1,1,02,09,17,275,33,10,51,165,45*6B
$GIGSV,1,1,02,09,17,275,33,10,51,165,45*6B
$GIGSV,1,1,02,09,17,275,32,10,51,165,45*6A
$GIGSV,1,1,02,09,17,275,32,10,51,165,45*6A
$GIGSV,1,1,02,09,17,275,32,10,51,165,45*6A
$GIGSV,1,1,02,09,17,275,32,10,51,165,44*6B
$GIGSV,1,1,02,09,17,275,32,10,51,165,44*6B
$GIGSV,1,1,02,09,17,275,32,10,51,165,44*6B
$GIGSV,1,1,02,09,17,275,32,10,51,165,44*6B
$GIGSV,1,1,02,09,17,275,32,10,51,165,44*6B
$GIGSV,1,1,02,09,17,275,32,10,51,165,44*6B
$GIGSV,1,1,02,09,17,275,32,10,51,165,44*6B
$GIGSV,1,1,02,09,17,275,32,10,51,165,44*6B
$GIGSV,1,1,02,09,17,275,32,10,51,165,44*6B
$GIGSV,1,1,02,09,17,275,32,10,51,165,44*6B
$GIGSV,1,1,02,09,17,275,32,10,51,165,44*6B
$GIGSV,1,1,02,09,17,275,32,10,51,165,44*6B
$GIGSV,1,1,02,09,17,275,32,10,51,165,44*6B
$GIGSV,1,1,02,09,17,275,32,10,51,165,44*6B
$GIGSV,1,1,02,09,17,275,32,10,51,165,45*6A
$GIGSV,1,1,02,09,17,275,32,10,51,165,45*6A
$GIGSV,1,1,02,09,17,275,32,10,51,165,45*6A
$GIGSV,1,1,02,09,17,275,32,10,51,165,45*6A
$GIGSV,1,1,02,09,17,275,32,10,51,165,45*6A
$GIGSV,1,1,02,09,17,275,32,10,51,165,45*6A
$GIGSV,1,1,02,09,17,275,32,10,51,165,45*6A
$GIGSV,1,1,02,09,17,275,32,10,51,165,45*6A
$GIGSV,1,1,02,09,17,275,32,10,51,165,45*6A
$GIGSV,1,1,02,09,17,275,32,10,51,165,45*6A
$GIGSV,1,1,02,09,17,275,32,10,51,165,45*6A
$GIGSV,1,1,02,09,17,275,32,10,51,165,45*6A
$GIGSV,1,1,02,09,17,275,31,10,51,165,45*69
$GIGSV,1,1,02,09,17,275,32,10,51,165,45*6A
$GIGSV,1,1,02,09,17,275,32,10,51,165,45*6A
$GIGSV,1,1,02,09,17,275,32,10,51,165,45*6A
$GIGSV,1,1,02,09,17,275,32,10,51,165,45*6A
$GIGSV,1,1,02,09,17,275,32,10,51,165,45*6A
$GIGSV,1,1,02,09,17,275,32,10,51,165,45*6A
$GIGSV,1,1,02,09,17,275,32,10,51,165,45*6A
$GIGSV,1,1,02,09,17,275,31,10,51,165,45*69
$GIGSV,1,1,02,09,17,275,31,10,51,165,45*69
$GIGSV,1,1,02,09,17,275,32,10,51,165,45*6A
$GIGSV,1,1,02,09,17,275,32,10,51,165,45*6A
$GIGSV,1,1,02,09,17,275,32,10,51,165,45*6A
$GIGSV,1,1,02,09,17,275,32,10,51,165,45*6A
$GIGSV,1,1,02,09,17,275,32,10,51,165,45*6A
$GIGSV,1,1,02,09,17,275,32,10,51,165,45*6A
$GIGSV,1,1,02,09,17,275,32,10,51,165,45*6A
$GIGSV,1,1,02,09,17,275,32,10,51,165,45*6A
$GIGSV,1,1,02,09,17,275,32,10,51,165,46*69
$GIGSV,1,1,02,09,17,275,31,10,51,165,46*6A
$GIGSV,1,1,02,09,17,275,31,10,51,165,45*69
$GIGSV,1,1,02,09,17,275,31,10,51,165,45*69
$GIGSV,1,1,02,09,17,275,31,10,51,165,45*69
$GIGSV,1,1,02,09,17,275,31,10,51,165,45*69
$GIGSV,1,1,02,09,17,275,32,10,51,165,45*6A
$GIGSV,1,1,02,09,17,275,32,10,51,165,46*69
$GIGSV,1,1,02,09,17,275,32,10,51,165,46*69
$GIGSV,1,1,02,09,17,275,32,10,51,165,46*69
$GIGSV,1,1,02,09,17,275,31,10,51,165,46*6A
$GIGSV,1,1,02,09,17,275,31,10,51,165,46*6A
$GIGSV,1,1,02,09,17,275,31,10,51,165,46*6A
$GIGSV,1,1,02,09,17,275,31,10,51,165,45*69
$GIGSV,1,1,02,09,17,275,32,10,51,165,45*6A
$GIGSV,1,1,02,09,17,275,32,10,51,165,45*6A
$GIGSV,1,1,02,09,17,275,31,10,51,165,46*6A
$GIGSV,1,1,02,09,17,275,31,10,51,165,46*6A
$GIGSV,1,1,02,09,17,275,31,10,51,165,46*6A
$GIGSV,1,1,02,09,17,275,31,10,51,165,45*69
$GIGSV,1,1,02,09,17,275,31,10,51,165,45*69
$GIGSV,1,1,02,09,17,275,31,10,51,165,45*69
$GIGSV,1,1,02,09,17,275,31,10,51,165,45*69
$GIGSV,1,1,02,09,17,275,31,10,51,165,45*69
$GIGSV,1,1,02,09,17,275,31,10,51,165,45*69
$GIGSV,1,1,02,09,17,275,32,10,51,165,45*6A
$GIGSV,1,1,02,09,17,275,32,10,51,165,45*6A
$GIGSV,1,1,02,09,17,275,32,10,51,165,45*6A
$GIGSV,1,1,02,09,17,275,32,10,51,165,45*6A
$GIGSV,1,1,02,09,17,275,32,10,51,165,45*6A
$GIGSV,1,1,02,09,17,275,32,10,51,165,45*6A
$GIGSV,1,1,02,09,17,275,32,10,51,165,45*6A
$GIGSV,1,1,01,10,51,165,45*57
$GIGSV,1,1,01,10,51,165,45*57
$GIGSV,1,1,01,10,51,165,45*57
$GIGSV,1,1,01,10,51,165,45*57
$GIGSV,1,1,01,10,51,165,45*57
$GIGSV,1,1,01,10,51,165,45*57
$GIGSV,1,1,01,10,51,165,45*57
$GIGSV,1,1,01,10,51,165,45*57
$GIGSV,1,1,01,10,51,165,45*57
$GIGSV,1,1,01,10,51,165,45*57
$GIGSV,1,1,01,10,51,165,45*57
$GIGSV,1,1,01,10,51,165,45*57
$GIGSV,1,1,02,09,17,275,33,10,51,165,45*6B
$GIGSV,1,1,02,09,17,275,33,10,51,165,45*6B
$GIGSV,1,1,01,10,51,165,45*57
$GIGSV,1,1,02,09,17,275,34,10,51,165,45*6C
$GIGSV,1,1,02,09,17,275,34,10,51,165,45*6C
$GIGSV,1,1,01,10,51,165,45*57
$GIGSV,1,1,01,10,51,165,45*57
$GIGSV,1,1,01,10,51,165,45*57
$GIGSV,1,1,01,10,51,165,45*57
$GIGSV,1,1,01,10,51,165,45*57
$GIGSV,1,1,01,10,51,165,45*57
$GIGSV,1,1,02,09,17,275,34,10,51,165,45*6C
$GIGSV,1,1,02,09,17,275,34,10,51,165,45*6C
$GIGSV,1,1,01,10,51,165,45*57
$GIGSV,1,1,01,10,51,165,45*57
$GIGSV,1,1,02,09,17,275,37,10,51,165,45*6F
$GIGSV,1,1,02,09,17,275,37,10,51,165,45*6F
$GIGSV,1,1,02,09,17,275,38,10,51,165,45*60
$GIGSV,1,1,02,09,17,275,37,10,51,165,45*6F
$GIGSV,1,1,02,09,17,275,37,10,51,165,45*6F
$GIGSV,1,1,02,09,17,275,37,10,51,165,45*6F
$GIGSV,1,1,02,09,17,275,37,10,51,165,45*6F
$GIGSV,1,1,02,09,17,275,37,10,51,165,45*6F
$GIGSV,1,1,02,09,17,275,37,10,51,165,45*6F
$GIGSV,1,1,02,09,17,275,37,10,51,165,45*6F
$GIGSV,1,1,02,09,17,275,36,10,51,165,45*6E
$GIGSV,1,1,02,09,17,275,35,10,51,165,45*6D
$GIGSV,1,1,02,09,17,275,35,10,51,165,45*6D
$GIGSV,1,1,02,09,17,275,35,10,51,165,45*6D
$GIGSV,1,1,02,09,17,275,35,10,51,165,45*6D
$GIGSV,1,1,02,09,17,275,35,10,51,165,45*6D
$GIGSV,1,1,02,09,17,275,35,10,51,165,45*6D
$GIGSV,1,1,02,09,17,275,35,10,51,165,45*6D
$GIGSV,1,1,02,09,17,275,35,10,51,165,45*6D
$GIGSV,1,1,02,09,17,275,34,10,51,165,45*6C
$GIGSV,1,1,02,09,17,275,34,10,51,165,45*6C
$GIGSV,1,1,02,09,17,275,34,10,51,165,45*6C
$GIGSV,1,1,02,09,17,275,34,10,51,165,45*6C
$GIGSV,1,1,02,09,17,275,34,10,51,165,45*6C
$GIGSV,1,1,02,09,17,275,34,10,51,165,45*6C
$GIGSV,1,1,02,09,17,275,34,10,51,165,45*6C
$GIGSV,1,1,02,09,17,275,35,10,51,165,45*6D
$GIGSV,1,1,02,09,17,275,35,10,51,165,45*6D
$GIGSV,1,1,02,09,17,275,35,10,51,165,45*6D
$GIGSV,1,1,02,09,17,275,35,10,51,165,45*6D
$GIGSV,1,1,02,09,17,275,35,10,51,165,45*6D
$GIGSV,1,1,02,09,17,275,35,10,51,165,45*6D
$GIGSV,1,1,02,09,17,275,35,10,51,165,45*6D
$GIGSV,1,1,02,09,17,275,35,10,51,165,45*6D
$GIGSV,1,1,02,09,17,275,34,10,51,165,45*6C
$GIGSV,1,1,02,09,17,275,34,10,51,165,45*6C
$GIGSV,1,1,02,09,17,275,34,10,51,165,45*6C
$GIGSV,1,1,02,09,17,275,34,10,51,165,45*6C
$GIGSV,1,1,02,09,17,275,34,10,51,165,45*6C
$GIGSV,1,1,02,09,17,275,34,10,51,165,45*6C
$GIGSV,1,1,02,09,17,275,34,10,51,165,45*6C
$GIGSV,1,1,02,09,17,275,34,10,51,165,45*6C
$GIGSV,1,1,02,09,17,275,34,10,51,165,45*6C
$GIGSV,1,1,02,09,17,275,34,10,51,165,45*6C
$GIGSV,1,1,02,09,17,275,34,10,51,165,45*6C
$GIGSV,1,1,02,09,17,275,34,10,51,165,45*6C
$GIGSV,1,1,02,09,17,275,35,10,51,165,45*6D
$GIGSV,1,1,02,09,17,275,35,10,51,165,45*6D
$GIGSV,1,1,02,09,17,275,35,10,51,165,45*6D
$GIGSV,1,1,02,09,17,275,35,10,51,165,45*6D
$GIGSV,1,1,02,09,17,275,35,10,51,165,45*6D
$GIGSV,1,1,02,09,17,275,35,10,51,165,45*6D
$GIGSV,1,1,02,09,17,275,35,10,51,165,45*6D
$GIGSV,1,1,02,09,17,275,35,10,51,165,45*6D
$GIGSV,1,1,02,09,17,275,35,10,51,165,45*6D
$GIGSV,1,1,02,09,17,275,35,10,51,165,45*6D
$GIGSV,1,1,02,09,17,275,35,10,51,165,45*6D
$GIGSV,1,1,02,09,17,275,35,10,51,165,45*6D
$GIGSV,1,1,02,09,17,275,35,10,51,165,45*6D
$GIGSV,1,1,02,09,17,275,35,10,51,165,45*6D
$GIGSV,1,1,02,09,17,275,35,10,51,165,45*6D
$GIGSV,1,1,02,09,17,275,36,10,51,165,45*6E
$GIGSV,1,1,02,09,17,275,36,10,51,165,45*6E
$GIGSV,1,1,02,09,17,275,36,10,51,165,45*6E
$GIGSV,1,1,02,09,17,275,36,10,51,165,45*6E
$GIGSV,1,1,02,09,17,275,36,10,51,165,45*6E
$GIGSV,1,1,02,09,17,275,36,10,51,165,45*6E
$GIGSV,1,1,02,09,17,275,37,10,51,165,45*6F
$GIGSV,1,1,02,09,17,275,37,10,51,165,45*6F
$GIGSV,1,1,02,09,17,275,37,10,51,165,45*6F
$GIGSV,1,1,02,09,17,275,38,10,51,165,45*60
$GIGSV,1,1,02,09,17,275,38,10,51,165,45*60
$GIGSV,1,1,02,09,17,275,38,10,51,165,45*60
$GIGSV,1,1,02,09,17,275,38,10,51,165,45*60
$GIGSV,1,1,02,09,17,275,38,10,51,165,45*60
$GIGSV,1,1,02,09,17,275,38,10,51,165,45*60
$GIGSV,1,1,02,09,17,275,38,10,51,165,45*60
$GIGSV,1,1,02,09,17,275,38,10,51,165,45*60
$GIGSV,1,1,02,09,17,275,38,10,51,165,45*60
$GIGSV,1,1,02,09,17,275,38,10,51,165,45*60
$GIGSV,1,1,02,09,17,275,38,10,51,165,45*60
$GIGSV,1,1,02,09,17,275,38,10,51,165,45*60
$GIGSV,1,1,02,09,17,275,38,10,51,165,45*60
$GIGSV,1,1,02,09,17,275,39,10,51,165,45*61
$GIGSV,1,1,02,09,17,275,39,10,51,165,45*61
$GIGSV,1,1,02,09,17,275,39,10,51,165,45*61
$GIGSV,1,1,02,09,17,275,39,10,51,165,45*61
$GIGSV,1,1,02,09,17,275,39,10,51,165,45*61
$GIGSV,1,1,02,09,17,275,39,10,51,165,45*61
$GIGSV,1,1,02,09,17,275,39,10,51,165,45*61
$GIGSV,1,1,02,09,17,275,39,10,51,165,45*61
$GIGSV,1,1,02,09,17,275,39,10,51,165,45*61
$GIGSV,1,1,02,09,17,275,39,10,51,165,45*61
$GIGSV,1,1,02,09,17,275,39,10,51,165,44*60
$GIGSV,1,1,02,09,17,275,39,10,51,165,44*60
$GIGSV,1,1,02,09,17,275,39,10,51,165,44*60
$GIGSV,1,1,02,09,17,275,39,10,51,165,44*60
$GIGSV,1,1,02,09,17,275,39,10,51,165,44*60
$GIGSV,1,1,02,09,17,275,39,10,51,165,44*60
$GIGSV,1,1,02,09,17,275,39,10,51,165,44*60
$GIGSV,1,1,02,09,17,275,39,10,51,165,44*60
$GIGSV,1,1,02,09,17,275,39,10,51,165,44*60
$GIGSV,1,1,02,09,17,275,39,10,51,165,44*60
$GIGSV,1,1,02,09,17,275,39,10,51,165,44*60
$GIGSV,1,1,02,09,17,275,39,10,51,165,44*60
$GIGSV,1,1,02,09,17,275,39,10,51,165,44*60
$GIGSV,1,1,02,09,17,275,39,10,51,165,44*60
$GIGSV,1,1,02,09,17,275,39,10,51,165,44*60
$GIGSV,1,1,02,09,17,275,39,10,51,165,44*60
$GIGSV,1,1,02,09,17,275,39,10,51,165,44*60
$GIGSV,1,1,02,09,17,275,39,10,51,165,44*60
$GIGSV,1,1,02,09,17,275,39,10,51,165,44*60
$GIGSV,1,1,02,09,17,275,39,10,51,165,44*60
$GIGSV,1,1,02,09,17,275,39,10,51,165,44*60
$GIGSV,1,1,02,09,17,275,39,10,51,165,44*60
$GIGSV,1,1,02,09,17,275,39,10,51,165,44*60
$GIGSV,1,1,02,09,17,275,39,10,51,165,44*60
$GIGSV,1,1,02,09,17,275,39,10,51,165,44*60
$GIGSV,1,1,02,09,17,275,39,10,51,165,44*60
$GIGSV,1,1,02,09,17,275,39,10,51,165,44*60
$GIGSV,1,1,02,09,17,275,39,10,51,165,44*60
$GIGSV,1,1,02,09,17,275,39,10,51,165,44*60
$GIGSV,1,1,02,09,17,275,39,10,51,165,44*60
$GIGSV,1,1,02,09,17,275,39,10,51,165,44*60
$GIGSV,1,1,02,09,17,275,39,10,51,165,44*60
$GIGSV,1,1,02,09,17,275,39,10,51,165,44*60
$GIGSV,1,1,02,09,17,275,39,10,51,165,44*60
$GIGSV,1,1,02,09,17,275,39,10,51,165,44*60
$GIGSV,1,1,02,09,17,275,39,10,51,165,44*60
$GIGSV,1,1,02,09,17,275,39,10,51,165,44*60
$GIGSV,1,1,02,09,17,275,39,10,51,165,44*60
$GIGSV,1,1,02,09,17,275,39,10,51,165,44*60
$GIGSV,1,1,02,09,17,275,39,10,51,165,44*60
$GIGSV,1,1,02,09,17,275,39,10,51,165,44*60
$GIGSV,1,1,02,09,17,275,40,10,51,165,44*6E
$GIGSV,1,1,02,09,17,275,40,10,51,165,44*6E
$GIGSV,1,1,02,09,17,275,40,10,51,165,44*6E
$GIGSV,1,1,02,09,17,275,40,10,51,165,44*6E
$GIGSV,1,1,02,09,17,275,40,10,51,165,44*6E
$GIGSV,1,1,02,09,17,275,40,10,51,165,44*6E
$GIGSV,1,1,02,09,17,275,40,10,51,165,44*6E
$GIGSV,1,1,02,09,17,275,40,10,51,165,44*6E
$GIGSV,1,1,02,09,17,275,40,10,51,165,44*6E
$GIGSV,1,1,02,09,17,275,40,10,51,165,44*6E
$GIGSV,1,1,02,09,17,275,40,10,51,165,44*6E
$GIGSV,1,1,02,09,17,275,40,10,51,165,44*6E
$GIGSV,1,1,02,09,17,275,40,10,51,165,44*6E
$GIGSV,1,1,02,09,17,275,40,10,51,165,44*6E
$GIGSV,1,1,02,09,17,275,40,10,51,165,44*6E
$GIGSV,1,1,02,09,17,275,40,10,51,165,44*6E
$GIGSV,1,1,02,09,17,275,40,10,51,165,44*6E
$GIGSV,1,1,02,09,17,275,40,10,51,165,44*6E
$GIGSV,1,1,02,09,17,275,40,10,51,165,44*6E
$GIGSV,1,1,02,09,17,275,40,10,51,165,44*6E
$GIGSV,1,1,02,09,17,275,40,10,51,165,44*6E
$GIGSV,1,1,02,09,17,275,40,10,51,165,44*6E
$GIGSV,1,1,02,09,17,275,40,10,51,165,44*6E
$GIGSV,1,1,02,09,17,275,40,10,51,165,44*6E
$GIGSV,1,1,02,09,17,275,40,10,51,165,44*6E
$GIGSV,1,1,02,09,17,275,40,10,51,165,44*6E
$GIGSV,1,1,02,09,17,275,40,10,51,165,44*6E
$GIGSV,1,1,02,09,17,275,40,10,51,165,44*6E
$GIGSV,1,1,02,09,17,275,40,10,51,165,44*6E
$GIGSV,1,1,02,09,17,275,40,10,51,165,44*6E
$GIGSV,1,1,02,09,17,275,40,10,51,165,44*6E
$GIGSV,1,1,02,09,17,275,40,10,51,165,44*6E
$GIGSV,1,1,02,09,17,275,40,10,51,165,44*6E
$GIGSV,1,1,02,09,17,275,40,10,51,165,44*6E
$GIGSV,1,1,02,09,17,275,40,10,51,165,44*6E
$GIGSV,1,1,02,09,17,275,40,10,51,165,44*6E
$GIGSV,1,1,02,09,17,275,40,10,51,165,44*6E
$GIGSV,1,1,02,09,17,275,40,10,51,165,44*6E
$GIGSV,1,1,02,09,17,275,40,10,51,165,44*6E
$GIGSV,1,1,02,09,17,275,40,10,51,165,44*6E
$GIGSV,1,1,02,09,17,275,40,10,51,165,44*6E
$GIGSV,1,1,02,09,17,275,40,10,51,165,44*6E
$GIGSV,1,1,02,09,17,275,40,10,51,165,44*6E
$GIGSV,1,1,02,09,17,275,40,10,51,165,44*6E
$GIGSV,1,1,02,09,17,275,40,10,51,165,44*6E
$GIGSV,1,1,02,09,17,275,40,10,51,165,44*6E
$GIGSV,1,1,02,09,17,275,40,10,51,165,44*6E
$GIGSV,1,1,02,09,17,275,40,10,51,165,44*6E
$GIGSV,1,1,02,09,17,275,40,10,51,165,44*6E
$GIGSV,1,1,02,09,17,275,40,10,51,165,44*6E
$GIGSV,1,1,02,09,17,275,40,10,51,165,44*6E
$GIGSV,1,1,02,09,17,275,40,10,51,165,44*6E
$GIGSV,1,1,02,09,17,275,40,10,51,165,44*6E
$GIGSV,1,1,02,09,17,275,40,10,51,165,44*6E
$GIGSV,1,1,02,09,17,275,40,10,51,165,44*6E
$GIGSV,1,1,02,09,17,275,40,10,51,165,44*6E
$GIGSV,1,1,02,09,17,275,40,10,51,165,44*6E
$GIGSV,1,1,02,09,17,275,40,10,51,165,44*6E
$GIGSV,1,1,02,09,17,275,40,10,51,165,44*6E
$GIGSV,1,1,02,09,17,275,40,10,51,165,44*6E
$GIGSV,1,1,02,09,17,275,40,10,51,165,44*6E
$GIGSV,1,1,02,09,17,275,40,10,51,165,44*6E
$GIGSV,1,1,02,09,17,275,40,10,51,165,44*6E
$GIGSV,1,1,02,09,17,275,40,10,51,165,44*6E
$GIGSV,1,1,02,09,17,275,40,10,51,165,44*6E
$GIGSV,1,1,02,09,17,275,40,10,51,165,44*6E
$GIGSV,1,1,02,09,17,275,40,10,51,165,44*6E
$GIGSV,1,1,02,09,17,275,40,10,51,165,44*6E
$GIGSV,1,1,02,09,17,275,40,10,51,165,44*6E
$GIGSV,1,1,02,09,17,275,40,10,51,165,44*6E
$GIGSV,1,1,02,09,17,275,40,10,51,165,44*6E
$GIGSV,1,1,02,09,17,275,41,10,51,165,44*6F
$GIGSV,1,1,02,09,17,275,41,10,51,165,44*6F
$GIGSV,1,1,02,09,17,275,41,10,51,165,44*6F
$GIGSV,1,1,02,09,17,275,41,10,51,165,44*6F
$GIGSV,1,1,02,09,17,275,41,10,51,165,44*6F
$GIGSV,1,1,02,09,17,275,41,10,51,165,44*6F
$GIGSV,1,1,02,09,17,275,41,10,51,165,44*6F
$GIGSV,1,1,02,09,17,275,41,10,51,165,44*6F
$GIGSV,1,1,02,09,17,275,41,10,51,165,44*6F
$GIGSV,1,1,02,09,17,275,41,10,51,165,44*6F
$GIGSV,1,1,02,09,17,275,41,10,51,165,44*6F
$GIGSV,1,1,02,09,17,275,41,10,51,165,44*6F
$GIGSV,1,1,02,09,17,275,41,10,51,165,44*6F
$GIGSV,1,1,02,09,17,275,41,10,51,165,44*6F
$GIGSV,1,1,02,09,17,275,41,10,51,165,44*6F
$GIGSV,1,1,02,09,17,275,41,10,51,165,44*6F
$GIGSV,1,1,02,09,17,275,41,10,51,165,44*6F
$GIGSV,1,1,02,09,17,275,41,10,51,165,44*6F
$GIGSV,1,1,02,09,17,275,41,10,51,165,44*6F
$GIGSV,1,1,02,09,17,275,41,10,51,165,44*6F
$GIGSV,1,1,02,09,17,275,41,10,51,165,44*6F
$GIGSV,1,1,02,09,17,275,41,10,51,165,44*6F
$GIGSV,1,1,02,09,17,275,41,10,51,165,44*6F
$GIGSV,1,1,02,09,17,275,41,10,51,165,44*6F
$GIGSV,1,1,02,09,17,275,41,10,51,165,44*6F
$GIGSV,1,1,02,09,17,275,41,10,51,165,44*6F
$GIGSV,1,1,02,09,17,275,41,10,51,165,44*6F
$GIGSV,1,1,02,09,17,275,41,10,51,165,44*6F
$GIGSV,1,1,02,09,17,275,41,10,51,165,44*6F
$GIGSV,1,1,02,09,17,275,41,10,51,165,44*6F
$GIGSV,1,1,02,09,17,275,41,10,51,165,44*6F
$GIGSV,1,1,02,09,17,275,41,10,51,165,44*6F
$GIGSV,1,1,02,09,17,275,41,10,51,165,44*6F
$GIGSV,1,1,02,09,17,275,41,10,51,165,44*6F
$GIGSV,1,1,02,09,17,275,41,10,51,165,44*6F
$GIGSV,1,1,02,09,17,275,41,10,51,165,44*6F
$GIGSV,1,1,02,09,17,275,41,10,51,165,44*6F
$GIGSV,1,1,02,09,17,275,41,10,51,165,44*6F
$GIGSV,1,1,02,09,17,275,41,10,51,165,44*6F
$GIGSV,1,1,02,09,17,275,41,10,51,165,44*6F
$GIGSV,1,1,02,09,17,275,41,10,51,165,44*6F
$GIGSV,1,1,02,09,17,275,41,10,51,165,44*6F
$GIGSV,1,1,02,09,17,275,41,10,51,165,44*6F
$GIGSV,1,1,02,09,17,275,41,10,51,165,44*6F
$GIGSV,1,1,02,09,17,275,41,10,51,165,44*6F
$GIGSV,1,1,02,09,17,275,41,10,51,165,44*6F
$GIGSV,1,1,02,09,17,275,41,10,51,165,44*6F
$GIGSV,1,1,02,09,17,275,41,10,51,165,44*6F
$GIGSV,1,1,02,09,17,275,41,10,51,165,44*6F
$GIGSV,1,1,02,09,17,275,41,10,51,165,44*6F
$GIGSV,1,1,02,09,17,275,41,10,51,165,44*6F
$GIGSV,1,1,02,09,17,275,41,10,51,165,44*6F
$GIGSV,1,1,02,09,17,275,41,10,51,165,44*6F
$GIGSV,1,1,02,09,17,275,41,10,51,165,44*6F
$GIGSV,1,1,02,09,17,275,41,10,51,165,44*6F
$GIGSV,1,1,02,09,17,275,41,10,51,165,44*6F
$GIGSV,1,1,02,09,17,275,41,10,51,165,44*6F
$GIGSV,1,1,02,09,17,275,41,10,51,165,44*6F
$GIGSV,1,1,02,09,17,275,41,10,51,165,44*6F
$GIGSV,1,1,02,09,17,275,41,10,51,165,44*6F
$GIGSV,1,1,02,09,17,275,41,10,51,165,44*6F
$GIGSV,1,1,02,09,17,275,41,10,51,165,44*6F
$GIGSV,1,1,02,09,17,275,41,10,51,165,44*6F
$GIGSV,1,1,02,09,17,275,41,10,51,165,44*6F
$GIGSV,1,1,02,09,17,275,41,10,51,165,44*6F
$GIGSV,1,1,02,09,17,275,41,10,51,165,44*6F
$GIGSV,1,1,02,09,17,275,41,10,51,165,44*6F
$GIGSV,1,1,02,09,17,275,41,10,51,165,44*6F
$GIGSV,1,1,02,09,17,275,41,10,51,165,44*6F
$GIGSV,1,1,02,09,17,275,41,10,51,165,44*6F
$GIGSV,1,1,02,09,17,275,41,10,51,165,44*6F
$GIGSV,1,1,02,09,17,275,41,10,51,165,44*6F
$GIGSV,1,1,02,09,17,275,41,10,51,165,44*6F
$GIGSV,1,1,02,09,17,275,41,10,51,165,44*6F
$GIGSV,1,1,02,09,17,275,41,10,51,165,44*6F
$GIGSV,1,1,02,09,17,275,41,10,51,165,44*6F
$GIGSV,1,1,02,09,17,275,41,10,51,165,44*6F
$GIGSV,1,1,02,09,17,275,41,10,51,165,44*6F
$GIGSV,1,1,02,09,17,275,41,10,51,165,44*6F
$GIGSV,1,1,02,09,17,275,41,10,51,165,44*6F
$GIGSV,1,1,02,09,17,275,41,10,51,165,44*6F
$GIGSV,1,1,02,09,17,275,41,10,51,165,44*6F
$GIGSV,1,1,02,09,17,275,41,10,51,165,44*6F
$GIGSV,1,1,02,09,17,275,41,10,51,165,44*6F
$GIGSV,1,1,02,09,17,275,41,10,51,165,44*6F
$GIGSV,1,1,02,09,17,275,41,10,51,165,44*6F
$GIGSV,1,1,02,09,17,275,42,10,51,165,44*6C
$GIGSV,1,1,02,09,17,275,42,10,51,165,44*6C
$GIGSV,1,1,02,09,17,275,42,10,51,165,44*6C
$GIGSV,1,1,02,09,17,275,42,10,51,165,44*6C
$GIGSV,1,1,02,09,17,275,42,10,51,165,44*6C
$GIGSV,1,1,02,09,17,275,42,10,51,165,44*6C
$GIGSV,1,1,02,09,17,275,42,10,51,165,44*6C
$GIGSV,1,1,02,09,17,275,42,10,51,165,44*6C
$GIGSV,1,1,02,09,17,275,42,10,51,165,44*6C
$GIGSV,1,1,02,09,17,275,42,10,51,165,44*6C
$GIGSV,1,1,02,09,17,275,42,10,51,165,44*6C
$GIGSV,1,1,02,09,17,275,42,10,51,165,44*6C
$GIGSV,1,1,02,09,17,275,42,10,51,165,44*6C
$GIGSV,1,1,02,09,17,275,42,10,51,165,44*6C
$GIGSV,1,1,02,09,17,275,42,10,51,165,44*6C
$GIGSV,1,1,02,09,17,275,42,10,51,165,44*6C
$GIGSV,1,1,02,09,17,275,42,10,51,165,44*6C
$GIGSV,1,1,02,09,17,275,42,10,51,165,44*6C
$GIGSV,1,1,02,09,17,275,42,10,51,165,44*6C
$GIGSV,1,1,02,09,17,275,42,10,51,165,44*6C
$GIGSV,1,1,02,09,17,275,42,10,51,165,44*6C
$GIGSV,1,1,02,09,17,275,42,10,51,165,44*6C
$GIGSV,1,1,02,09,17,275,42,10,51,165,44*6C
$GIGSV,1,1,02,09,17,275,42,10,51,165,44*6C
$GIGSV,1,1,02,09,17,275,42,10,51,165,44*6C
$GIGSV,1,1,02,09,17,275,42,10,51,165,44*6C
$GIGSV,1,1,02,09,17,275,42,10,51,165,44*6C
$GIGSV,1,1,02,09,17,275,42,10,51,165,44*6C
$GIGSV,1,1,02,09,17,275,42,10,51,165,44*6C
$GIGSV,1,1,02,09,17,275,42,10,51,165,44*6C
$GIGSV,1,1,02,09,17,275,42,10,51,165,44*6C
$GIGSV,1,1,02,09,17,275,42,10,51,165,44*6C
$GIGSV,1,1,02,09,17,275,42,10,51,165,44*6C
$GIGSV,1,1,02,09,17,275,42,10,51,165,44*6C
$GIGSV,1,1,02,09,17,275,42,10,51,165,44*6C
$GIGSV,1,1,02,09,17,275,42,10,51,165,44*6C
$GIGSV,1,1,02,09,17,275,42,10,51,165,44*6C
$GIGSV,1,1,02,09,17,275,42,10,51,165,44*6C
$GIGSV,1,1,02,09,17,275,42,10,51,165,44*6C
$GIGSV,1,1,02,09,17,275,42,10,51,165,44*6C
$GIGSV,1,1,02,09,17,275,42,10,51,165,44*6C
$GIGSV,1,1,02,09,17,275,42,10,51,165,44*6C
$GIGSV,1,1,02,09,17,275,42,10,51,165,44*6C
$GIGSV,1,1,02,09,17,275,42,10,51,165,44*6C
$GIGSV,1,1,02,09,17,275,42,10,51,165,44*6C
$GIGSV,1,1,02,09,17,275,42,10,51,165,44*6C
$GIGSV,1,1,02,09,17,275,42,10,51,165,44*6C
$GIGSV,1,1,02,09,17,275,42,10,51,165,44*6C
$GIGSV,1,1,02,09,17,275,42,10,51,165,44*6C
$GIGSV,1,1,02,09,17,275,42,10,51,165,44*6C
$GIGSV,1,1,02,09,17,275,42,10,51,165,44*6C
$GIGSV,1,1,02,09,17,275,42,10,51,165,44*6C
$GIGSV,1,1,02,09,17,275,42,10,51,165,44*6C
$GIGSV,1,1,02,09,17,275,42,10,51,165,44*6C
$GIGSV,1,1,02,09,17,275,42,10,51,165,44*6C
$GIGSV,1,1,02,09,17,275,42,10,51,165,44*6C
$GIGSV,1,1,02,09,17,275,42,10,51,165,44*6C
$GIGSV,1,1,02,09,17,275,42,10,51,165,44*6C
$GIGSV,1,1,02,09,17,275,42,10,51,165,43*6B
$GIGSV,1,1,02,09,17,275,42,10,51,165,43*6B
$GIGSV,1,1,02,09,17,275,42,10,51,165,43*6B
$GIGSV,1,1,02,09,17,275,42,10,51,165,43*6B
$GIGSV,1,1,02,09,17,275,42,10,51,165,43*6B
$GIGSV,1,1,02,09,17,275,42,10,51,165,43*6B
$GIGSV,1,1,02,09,17,275,42,10,51,165,43*6B
$GIGSV,1,1,02,09,17,275,42,10,51,165,43*6B
$GIGSV,1,1,02,09,17,275,42,10,51,165,43*6B
$GIGSV,1,1,02,09,17,275,42,10,51,165,43*6B
$GIGSV,1,1,02,09,17,275,42,10,51,165,43*6B
$GIGSV,1,1,02,09,17,275,42,10,51,165,43*6B
$GIGSV,1,1,02,09,17,275,42,10,51,165,43*6B
$GIGSV,1,1,02,09,17,275,42,10,51,165,43*6B
$GIGSV,1,1,02,09,17,275,42,10,51,165,43*6B
$GIGSV,1,1,02,09,17,275,42,10,51,165,43*6B
$GIGSV,1,1,02,09,17,275,42,10,51,165,43*6B
$GIGSV,1,1,02,09,17,275,42,10,51,165,43*6B
$GIGSV,1,1,02,09,17,275,42,10,51,165,43*6B
$GIGSV,1,1,02,09,17,275,42,10,51,165,43*6B
$GIGSV,1,1,02,09,17,275,42,10,51,165,43*6B
$GIGSV,1,1,02,09,17,275,42,10,51,165,43*6B
$GIGSV,1,1,02,09,17,275,42,10,51,165,43*6B
$GIGSV,1,1,02,09,17,275,42,10,51,165,43*6B
$GIGSV,1,1,02,09,17,275,42,10,51,165,43*6B
$GIGSV,1,1,02,09,17,275,42,10,51,165,43*6B
$GIGSV,1,1,02,09,17,275,42,10,51,165,43*6B
$GIGSV,1,1,02,09,17,275,42,10,51,165,43*6B
$GIGSV,1,1,02,09,17,275,42,10,51,165,43*6B
$GIGSV,1,1,02,09,17,275,42,10,51,165,43*6B
$GIGSV,1,1,02,09,17,275,42,10,51,165,43*6B
$GIGSV,1,1,02,09,17,275,42,10,51,165,43*6B
$GIGSV,1,1,02,09,17,275,42,10,51,165,43*6B
$GIGSV,1,1,02,09,17,275,42,10,51,165,43*6B
$GIGSV,1,1,02,09,17,275,42,10,51,165,43*6B
$GIGSV,1,1,02,09,17,275,42,10,51,165,43*6B
$GIGSV,1,1,02,09,17,275,42,10,51,165,43*6B
$GIGSV,1,1,02,09,17,275,42,10,51,165,43*6B
$GIGSV,1,1,02,09,17,275,43,10,51,165,43*6A
$GIGSV,1,1,02,09,17,275,43,10,51,165,43*6A
$GIGSV,1,1,02,09,17,275,43,10,51,165,44*6D
$GIGSV,1,1,02,09,17,275,43,10,51,165,44*6D
$GIGSV,1,1,02,09,17,275,43,10,51,165,44*6D
$GIGSV,1,1,02,09,17,275,43,10,51,165,44*6D
$GIGSV,1,1,02,09,17,275,43,10,51,165,44*6D
$GIGSV,1,1,02,09,17,275,43,10,51,165,44*6D
$GIGSV,1,1,02,09,17,275,43,10,51,165,44*6D
$GIGSV,1,1,02,09,17,275,43,10,51,165,44*6D
$GIGSV,1,1,02,09,17,275,43,10,51,165,44*6D
$GIGSV,1,1,02,09,17,275,43,10,51,165,44*6D
$GIGSV,1,1,02,09,17,275,43,10,51,165,44*6D
$GIGSV,1,1,02,09,17,275,43,10,51,165,44*6D
$GIGSV,1,1,02,09,17,275,43,10,51,165,44*6D
$GIGSV,1,1,02,09,17,275,43,10,51,165,44*6D
$GIGSV,1,1,02,09,17,275,43,10,51,165,44*6D
$GIGSV,1,1,02,09,17,275,43,10,51,165,44*6D
$GIGSV,1,1,02,09,17,275,43,10,51,165,44*6D
$GIGSV,1,1,02,09,17,275,43,10,51,165,44*6D
$GIGSV,1,1,02,09,17,275,43,10,51,165,44*6D
$GIGSV,1,1,02,09,17,275,43,10,51,165,44*6D
$GIGSV,1,1,02,09,17,275,43,10,51,165,44*6D
$GIGSV,1,1,02,09,17,275,44,10,51,165,44*6A
$GIGSV,1,1,02,09,17,275,44,10,51,165,44*6A
$GIGSV,1,1,02,09,17,275,44,10,51,165,44*6A
$GIGSV,1,1,02,09,17,275,44,10,51,165,44*6A
$GIGSV,1,1,02,09,17,275,44,10,51,165,44*6A
$GIGSV,1,1,02,09,17,275,44,10,51,165,44*6A
$GIGSV,1,1,02,09,17,275,44,10,51,165,44*6A
$GIGSV,1,1,02,09,17,275,44,10,51,165,44*6A
$GIGSV,1,1,02,09,17,275,44,10,51,165,44*6A
$GIGSV,1,1,02,09,17,275,44,10,51,165,44*6A
$GIGSV,1,1,02,09,17,275,44,10,51,165,44*6A
$GIGSV,1,1,02,09,17,275,44,10,51,165,44*6A
$GIGSV,1,1,02,09,17,275,44,10,51,165,44*6A
$GIGSV,1,1,02,09,17,275,44,10,51,165,44*6A
$GIGSV,1,1,02,09,17,275,44,10,51,165,44*6A
$GIGSV,1,1,02,09,17,275,44,10,51,165,44*6A
$GIGSV,1,1,02,09,17,275,44,10,51,165,44*6A
$GIGSV,1,1,02,09,17,275,44,10,51,165,44*6A
$GIGSV,1,1,02,09,17,275,44,10,51,165,44*6A
$GIGSV,1,1,02,09,17,275,44,10,51,165,44*6A
$GIGSV,1,1,02,09,17,275,44,10,51,165,44*6A
$GIGSV,1,1,02,09,17,275,44,10,51,165,44*6A
$GIGSV,1,1,02,09,17,275,44,10,51,165,44*6A
$GIGSV,1,1,02,09,17,275,44,10,51,165,44*6A
$GIGSV,1,1,02,09,17,275,44,10,51,165,44*6A
$GIGSV,1,1,02,09,17,275,44,10,51,165,44*6A
$GIGSV,1,1,02,09,17,275,44,10,51,165,44*6A
$GIGSV,1,1,02,09,17,275,44,10,51,165,44*6A
$GIGSV,1,1,02,09,17,275,44,10,51,165,44*6A
$GIGSV,1,1,02,09,17,275,44,10,51,165,44*6A
$GIGSV,1,1,02,09,17,275,44,10,51,165,44*6A
$GIGSV,1,1,02,09,17,275,44,10,51,165,44*6A
$GIGSV,1,1,02,09,17,275,44,10,51,165,44*6A
$GIGSV,1,1,02,09,17,275,44,10,51,165,44*6A
$GIGSV,1,1,02,09,17,275,44,10,51,165,44*6A
$GIGSV,1,1,02,09,17,275,44,10,51,165,44*6A
$GIGSV,1,1,02,09,17,275,44,10,51,165,44*6A
$GIGSV,1,1,02,09,17,275,44,10,51,165,44*6A
$GIGSV,1,1,02,09,17,275,44,10,51,165,44*6A
$GIGSV,1,1,02,09,17,275,44,10,51,165,44*6A
$GIGSV,1,1,02,09,17,275,44,10,51,165,44*6A
$GIGSV,1,1,02,09,17,275,44,10,51,165,44*6A
$GIGSV,1,1,02,09,17,275,44,10,51,165,44*6A
$GIGSV,1,1,02,09,17,275,44,10,51,165,44*6A
$GIGSV,1,1,02,09,17,275,44,10,51,165,44*6A
$GIGSV,1,1,02,09,17,275,44,10,51,165,44*6A
$GIGSV,1,1,02,09,17,275,43,10,51,165,44*6D
$GIGSV,1,1,02,09,17,275,43,10,51,165,44*6D
$GIGSV,1,1,02,09,17,275,43,10,51,165,44*6D
$GIGSV,1,1,02,09,17,275,43,10,51,165,44*6D
$GIGSV,1,1,02,09,17,275,43,10,51,165,44*6D
$GIGSV,1,1,02,09,17,275,43,10,51,165,44*6D
$GIGSV,1,1,02,09,17,275,43,10,51,165,44*6D
$GIGSV,1,1,02,09,17,275,43,10,51,165,44*6D
$GIGSV,1,1,02,09,17,275,43,10,51,165,44*6D
$GIGSV,1,1,02,09,17,275,43,10,51,165,44*6D
$GIGSV,1,1,02,09,17,275,43,10,51,165,44*6D
$GIGSV,1,1,02,09,17,275,43,10,51,165,44*6D
$GIGSV,1,1,02,09,17,275,43,10,51,165,44*6D
$GIGSV,1,1,02,09,17,275,43,10,51,165,44*6D
$GIGSV,1,1,02,09,17,275,43,10,51,165,44*6D
$GIGSV,1,1,02,09,17,275,43,10,51,165,44*6D
$GIGSV,1,1,02,09,17,275,43,10,51,165,44*6D
$GIGSV,1,1,02,09,17,275,43,10,51,165,44*6D
$GIGSV,1,1,02,09,17,275,43,10,51,165,44*6D
$GIGSV,1,1,02,09,17,275,43,10,51,165,44*6D
$GIGSV,1,1,02,09,17,275,43,10,51,165,44*6D
$GIGSV,1,1,02,09,17,275,43,10,51,165,44*6D
$GIGSV,1,1,02,09,17,275,43,10,51,165,44*6D
$GIGSV,1,1,02,09,17,275,43,10,51,165,44*6D
$GIGSV,1,1,02,09,17,275,43,10,51,165,44*6D
$GIGSV,1,1,02,09,17,275,43,10,51,165,44*6D
$GIGSV,1,1,02,09,17,275,43,10,51,165,44*6D
$GIGSV,1,1,02,09,17,275,43,10,51,165,44*6D
$GIGSV,1,1,02,09,17,275,43,10,51,165,44*6D
$GIGSV,1,1,02,09,17,275,42,10,51,165,44*6C
$GIGSV,1,1,02,09,17,275,42,10,51,165,44*6C
$GIGSV,1,1,02,09,17,275,42,10,51,165,44*6C
$GIGSV,1,1,02,09,17,275,42,10,51,165,44*6C
$GIGSV,1,1,02,09,17,275,42,10,51,165,44*6C
$GIGSV,1,1,02,09,17,275,42,10,51,165,44*6C
$GIGSV,1,1,02,09,17,275,42,10,51,165,44*6C
$GIGSV,1,1,02,09,17,275,42,10,51,165,44*6C
$GIGSV,1,1,02,09,17,275,42,10,51,165,44*6C
$GIGSV,1,1,02,09,17,275,42,10,51,165,44*6C
$GIGSV,1,1,02,09,17,275,42,10,51,165,44*6C
$GIGSV,1,1,02,09,17,275,42,10,51,165,44*6C
$GIGSV,1,1,02,09,17,275,42,10,51,165,44*6C
$GIGSV,1,1,02,09,17,275,42,10,51,165,44*6C
$GIGSV,1,1,02,09,17,275,42,10,51,165,44*6C
$GIGSV,1,1,02,09,17,275,42,10,51,165,44*6C
$GIGSV,1,1,02,09,17,275,42,10,51,165,44*6C
$GIGSV,1,1,02,09,17,275,42,10,51,165,44*6C
$GIGSV,1,1,02,09,17,275,42,10,51,165,44*6C
$GIGSV,1,1,02,09,17,275,42,10,51,165,44*6C
$GIGSV,1,1,02,09,17,275,42,10,51,165,44*6C
$GIGSV,1,1,02,09,17,275,42,10,51,165,44*6C
$GIGSV,1,1,02,09,17,275,42,10,51,165,44*6C
$GIGSV,1,1,02,09,17,275,42,10,51,165,44*6C
$GIGSV,1,1,02,09,17,275,42,10,51,165,44*6C
$GIGSV,1,1,02,09,17,275,42,10,51,165,44*6C
$GIGSV,1,1,02,09,17,275,42,10,51,165,44*6C
$GIGSV,1,1,02,09,17,275,42,10,51,165,44*6C
$GIGSV,1,1,02,09,17,275,42,10,51,165,44*6C
$GIGSV,1,1,02,09,17,275,41,10,51,165,44*6F
$GIGSV,1,1,02,09,17,275,41,10,51,165,44*6F
$GIGSV,1,1,02,09,17,275,41,10,51,165,44*6F
$GIGSV,1,1,02,09,17,275,41,10,51,165,44*6F
$GIGSV,1,1,02,09,17,275,41,10,51,165,44*6F
$GIGSV,1,1,02,09,17,275,41,10,51,165,44*6F
$GIGSV,1,1,02,09,17,275,41,10,51,165,44*6F
$GIGSV,1,1,02,09,17,275,41,10,51,165,44*6F
$GIGSV,1,1,02,09,17,275,41,10,51,165,44*6F
$GIGSV,1,1,02,09,17,275,41,10,51,165,44*6F
$GIGSV,1,1,02,09,17,275,41,10,51,165,44*6F
$GIGSV,1,1,02,09,17,275,41,10,51,165,44*6F
$GIGSV,1,1,02,09,17,275,41,10,51,165,44*6F
$GIGSV,1,1,02,09,17,275,41,10,51,165,44*6F
$GIGSV,1,1,02,09,17,275,41,10,51,165,44*6F
$GIGSV,1,1,02,09,17,275,41,10,51,165,44*6F
$GIGSV,1,1,02,09,17,275,41,10,51,165,44*6F
$GIGSV,1,1,02,09,17,275,41,10,51,165,44*6F
$GIGSV,1,1,02,09,17,275,41,10,51,165,44*6F
$GIGSV,1,1,02,09,17,275,41,10,51,165,44*6F
$GIGSV,1,1,02,09,17,275,41,10,51,165,44*6F
$GIGSV,1,1,02,09,17,275,41,10,51,165,44*6F
$GIGSV,1,1,02,09,17,275,40,10,51,165,44*6E
$GIGSV,1,1,02,09,17,275,40,10,51,165,44*6E
$GIGSV,1,1,02,09,17,275,40,10,51,165,44*6E
$GIGSV,1,1,02,09,17,275,41,10,51,165,44*6F
$GIGSV,1,1,02,09,17,275,41,10,51,165,44*6F
$GIGSV,1,1,02,09,17,275,41,10,51,165,44*6F
$GIGSV,1,1,02,09,17,275,41,10,51,165,44*6F
$GIGSV,1,1,02,09,17,275,41,10,51,165,45*6E
$GIGSV,1,1,02,09,17,275,41,10,51,165,45*6E
$GIGSV,1,1,02,09,17,275,41,10,51,165,45*6E
$GIGSV,1,1,02,09,17,275,41,10,51,165,45*6E
$GIGSV,1,1,02,09,17,275,41,10,51,165,45*6E
$GIGSV,1,1,02,09,17,275,41,10,51,165,45*6E
$GIGSV,1,1,02,09,17,275,41,10,51,165,45*6E
$GIGSV,1,1,02,09,17,275,40,10,51,165,45*6F
$GIGSV,1,1,02,09,17,275,40,10,51,165,45*6F
$GIGSV,1,1,02,09,17,275,40,10,51,165,45*6F
$GIGSV,1,1,02,09,17,275,40,10,51,165,45*6F
$GIGSV,1,1,02,09,17,275,40,10,51,165,45*6F
$GIGSV,1,1,02,09,17,275,40,10,51,165,45*6F
$GIGSV,1,1,02,09,17,275,40,10,51,165,45*6F
$GIGSV,1,1,02,09,17,275,40,10,51,165,45*6F
$GIGSV,1,1,02,09,17,275,40,10,51,165,45*6F
$GIGSV,1,1,02,09,17,275,40,10,51,165,45*6F
$GIGSV,1,1,02,09,17,275,40,10,51,165,45*6F
$GIGSV,1,1,02,09,17,275,40,10,51,165,45*6F
$GIGSV,1,1,02,09,17,275,40,10,51,165,45*6F
$GIGSV,1,1,02,09,17,275,40,10,51,165,45*6F
$GIGSV,1,1,02,09,17,275,40,10,51,165,45*6F
$GIGSV,1,1,02,09,17,275,41,10,51,165,45*6E
$GIGSV,1,1,02,09,17,275,41,10,51,165,45*6E
$GIGSV,1,1,02,09,17,275,41,10,51,165,45*6E
$GIGSV,1,1,02,09,17,275,41,10,51,165,45*6E
$GIGSV,1,1,02,09,17,275,41,10,51,165,45*6E
$GIGSV,1,1,02,09,17,275,41,10,51,165,45*6E
$GIGSV,1,1,02,09,17,275,41,10,51,165,45*6E
$GIGSV,1,1,02,09,17,275,41,10,51,165,45*6E
$GIGSV,1,1,02,09,17,275,41,10,51,165,45*6E
$GIGSV,1,1,02,09,17,275,41,10,51,165,45*6E
$GIGSV,1,1,02,09,17,275,41,10,51,165,45*6E
$GIGSV,1,1,02,09,17,275,42,10,51,165,45*6D
$GIGSV,1,1,02,09,17,275,42,10,51,165,45*6D
$GIGSV,1,1,02,09,17,275,42,10,51,165,45*6D
$GIGSV,1,1,02,09,17,275,42,10,51,165,45*6D
$GIGSV,1,1,02,09,17,275,42,10,51,165,45*6D
$GIGSV,1,1,02,09,17,275,42,10,51,165,45*6D
$GIGSV,1,1,02,09,17,275,42,10,51,165,45*6D
$GIGSV,1,1,02,09,17,275,42,10,51,165,45*6D
$GIGSV,1,1,02,09,17,275,42,10,51,165,45*6D
$GIGSV,1,1,02,09,17,275,42,10,51,165,45*6D
$GIGSV,1,1,02,09,17,275,42,10,51,165,45*6D
$GIGSV,1,1,02,09,17,275,42,10,51,165,45*6D
$GIGSV,1,1,02,09,17,275,42,10,51,165,45*6D
$GIGSV,1,1,02,09,17,275,42,10,51,165,45*6D
$GIGSV,1,1,02,09,17,275,43,10,51,165,45*6C
$GIGSV,1,1,02,09,17,275,43,10,51,165,45*6C
$GIGSV,1,1,02,09,17,275,43,10,51,165,45*6C
$GIGSV,1,1,02,09,17,275,43,10,51,165,45*6C
$GIGSV,1,1,02,09,17,275,43,10,51,165,44*6D
$GIGSV,1,1,02,09,17,275,43,10,51,165,44*6D
$GIGSV,1,1,02,09,17,275,43,10,51,165,44*6D
$GIGSV,1,1,02,09,17,275,43,10,51,165,44*6D
$GIGSV,1,1,02,09,17,275,43,10,51,165,44*6D
$GIGSV,1,1,02,09,17,275,43,10,51,165,44*6D
$GIGSV,1,1,02,09,17,275,43,10,51,165,44*6D
$GIGSV,1,1,02,09,17,275,43,10,51,165,44*6D
$GIGSV,1,1,02,09,17,275,43,10,51,165,44*6D
$GIGSV,1,1,02,09,17,275,43,10,51,165,44*6D
$GIGSV,1,1,02,09,17,275,43,10,51,165,44*6D
$GIGSV,1,1,02,09,17,275,43,10,51,165,44*6D
$GIGSV,1,1,02,09,17,275,43,10,51,165,44*6D
$GIGSV,1,1,02,09,17,275,43,10,51,165,44*6D
$GIGSV,1,1,02,09,17,275,43,10,51,165,44*6D
$GIGSV,1,1,02,09,17,275,43,10,51,165,44*6D
$GIGSV,1,1,02,09,17,275,43,10,51,165,44*6D
$GIGSV,1,1,02,09,17,275,43,10,51,165,44*6D
$GIGSV,1,1,02,09,17,275,43,10,51,165,44*6D
$GIGSV,1,1,02,09,17,275,43,10,51,165,44*6D
$GIGSV,1,1,02,09,17,275,42,10,51,165,44*6C
$GIGSV,1,1,02,09,17,275,42,10,51,165,44*6C
$GIGSV,1,1,02,09,17,275,42,10,51,165,44*6C
$GIGSV,1,1,02,09,17,275,42,10,51,165,44*6C
$GIGSV,1,1,02,09,17,275,42,10,51,165,44*6C
$GIGSV,1,1,02,09,17,275,42,10,51,165,44*6C
$GIGSV,1,1,02,09,17,275,42,10,51,165,44*6C
$GIGSV,1,1,02,09,17,275,42,10,51,165,44*6C
$GIGSV,1,1,02,09,17,275,42,10,51,165,44*6C
$GIGSV,1,1,02,09,17,275,42,10,51,165,44*6C
$GIGSV,1,1,02,09,17,275,42,10,51,165,44*6C
$GIGSV,1,1,02,09,17,275,42,10,51,165,44*6C
$GIGSV,1,1,02,09,17,275,42,10,51,165,44*6C
$GIGSV,1,1,02,09,17,275,42,10,51,165,44*6C
$GIGSV,1,1,02,09,17,275,42,10,51,165,44*6C
$GIGSV,1,1,02,09,17,275,42,10,51,165,44*6C
$GIGSV,1,1,02,09,17,275,42,10,51,165,44*6C
$GIGSV,1,1,02,09,17,275,42,10,51,165,44*6C
$GIGSV,1,1,02,09,17,275,42,10,51,165,44*6C
$GIGSV,1,1,02,09,17,275,42,10,51,165,44*6C
$GIGSV,1,1,02,09,17,275,42,10,51,165,44*6C
$GIGSV,1,1,02,09,17,275,42,10,51,165,44*6C
$GIGSV,1,1,02,09,17,275,42,10,51,165,44*6C
$GIGSV,1,1,02,09,17,275,42,10,51,165,44*6C
$GIGSV,1,1,02,09,17,275,41,10,51,165,44*6F
$GIGSV,1,1,02,09,17,275,41,10,51,165,44*6F
$GIGSV,1,1,02,09,17,275,41,10,51,165,44*6F
$GIGSV,1,1,02,09,17,275,41,10,51,165,44*6F
$GIGSV,1,1,02,09,17,275,41,10,51,165,44*6F
$GIGSV,1,1,02,09,17,275,41,10,51,165,44*6F
$GIGSV,1,1,02,09,17,275,41,10,51,165,44*6F
$GIGSV,1,1,02,09,17,275,41,10,51,165,44*6F
$GIGSV,1,1,02,09,17,275,41,10,51,165,44*6F
$GIGSV,1,1,02,09,17,275,41,10,51,165,44*6F
$GIGSV,1,1,02,09,17,275,41,10,51,165,45*6E
$GIGSV,1,1,02,09,17,275,41,10,51,165,45*6E
$GIGSV,1,1,02,09,17,275,41,10,51,165,45*6E
$GIGSV,1,1,02,09,17,275,41,10,51,165,45*6E
$GIGSV,1,1,02,09,17,275,41,10,51,165,45*6E
$GIGSV,1,1,02,09,17,275,41,10,51,165,45*6E
$GIGSV,1,1,02,09,17,275,41,10,51,165,45*6E
$GIGSV,1,1,02,09,17,275,41,10,51,165,45*6E
$GIGSV,1,1,02,09,17,275,41,10,51,165,45*6E
$GIGSV,1,1,02,09,17,275,41,10,51,165,45*6E
$GIGSV,1,1,02,09,17,275,41,10,51,165,45*6E
$GIGSV,1,1,02,09,17,275,41,10,51,165,45*6E
$GIGSV,1,1,02,09,17,275,41,10,51,165,45*6E
$GIGSV,1,1,02,09,17,275,41,10,51,165,45*6E
$GIGSV,1,1,02,09,17,275,41,10,51,165,45*6E
$GIGSV,1,1,02,09,17,275,41,10,51,165,45*6E
$GIGSV,1,1,02,09,17,275,41,10,51,165,45*6E
$GIGSV,1,1,02,09,17,275,41,10,51,165,45*6E
$GIGSV,1,1,02,09,17,275,41,10,51,165,45*6E
$GIGSV,1,1,02,09,17,275,41,10,51,165,45*6E
$GIGSV,1,1,02,09,17,275,41,10,51,165,45*6E
$GIGSV,1,1,02,09,17,275,41,10,51,165,44*6F
$GIGSV,1,1,02,09,17,275,41,10,51,165,44*6F
$GIGSV,1,1,02,09,17,275,41,10,51,165,44*6F
$GIGSV,1,1,02,09,17,275,41,10,51,165,44*6F
$GIGSV,1,1,02,09,17,275,41,10,51,165,44*6F
$GIGSV,1,1,02,09,17,275,41,10,51,165,44*6F
$GIGSV,1,1,02,09,17,275,41,10,51,165,44*6F
$GIGSV,1,1,02,09,17,275,41,10,51,165,44*6F
$GIGSV,1,1,02,09,17,275,41,10,51,165,44*6F
$GIGSV,1,1,02,09,17,275,41,10,51,165,44*6F
$GIGSV,1,1,02,09,17,275,41,10,51,165,44*6F
$GIGSV,1,1,02,09,17,275,41,10,51,165,44*6F
$GIGSV,1,1,02,09,17,275,41,10,51,165,44*6F
$GIGSV,1,1,02,09,17,275,41,10,51,165,44*6F
$GIGSV,1,1,02,09,17,275,41,10,51,165,44*6F
$GIGSV,1,1,02,09,17,275,41,10,51,165,44*6F
$GIGSV,1,1,02,09,17,275,41,10,51,165,44*6F
$GIGSV,1,1,02,09,17,275,41,10,51,165,44*6F
$GIGSV,1,1,02,09,17,275,41,10,51,165,44*6F
$GIGSV,1,1,02,09,17,275,41,10,51,165,44*6F
$GIGSV,1,1,02,09,17,275,41,10,51,165,44*6F
$GIGSV,1,1,02,09,17,275,41,10,51,165,44*6F
$GIGSV,1,1,02,09,17,275,41,10,51,165,44*6F
$GIGSV,1,1,02,09,17,275,41,10,51,165,44*6F
$GIGSV,1,1,02,09,17,275,41,10,51,165,44*6F
$GIGSV,1,1,02,09,17,275,41,10,51,165,44*6F
$GIGSV,1,1,02,09,17,275,41,10,51,165,44*6F
$GIGSV,1,1,02,09,17,275,41,10,51,165,44*6F
$GIGSV,1,1,02,09,17,275,41,10,51,165,44*6F
$GIGSV,1,1,02,09,17,275,41,10,51,165,44*6F
$GIGSV,1,1,02,09,17,275,41,10,51,165,44*6F
$GIGSV,1,1,02,09,17,275,41,10,51,165,44*6F
$GIGSV,1,1,02,09,17,275,41,10,51,165,44*6F
$GIGSV,1,1,02,09,17,275,41,10,51,165,44*6F
$GIGSV,1,1,02,09,17,275,41,10,51,165,44*6F
$GIGSV,1,1,02,09,17,275,41,10,51,165,44*6F
$GIGSV,1,1,02,09,17,275,41,10,51,165,44*6F
$GIGSV,1,1,02,09,17,275,41,10,51,165,44*6F
$GIGSV,1,1,02,09,17,275,41,10,51,165,44*6F
$GIGSV,1,1,02,09,17,275,41,10,51,165,44*6F
$GIGSV,1,1,02,09,17,275,41,10,51,165,44*6F
$GIGSV,1,1,02,09,17,275,40,10,51,165,44*6E
$GIGSV,1,1,02,09,17,275,40,10,51,165,44*6E
$GIGSV,1,1,02,09,17,275,40,10,51,165,44*6E
$GIGSV,1,1,02,09,17,275,40,10,51,165,44*6E
$GIGSV,1,1,02,09,17,275,40,10,51,165,44*6E
$GIGSV,1,1,02,09,17,275,41,10,51,165,44*6F
$GIGSV,1,1,02,09,17,275,41,10,51,165,44*6F
$GIGSV,1,1,02,09,17,275,41,10,51,165,44*6F
$GIGSV,1,1,02,09,17,275,41,10,51,165,44*6F
$GIGSV,1,1,02,09,17,275,41,10,51,165,44*6F
$GIGSV,1,1,02,09,17,275,41,10,51,165,44*6F
$GIGSV,1,1,02,09,17,275,41,10,51,165,44*6F
$GIGSV,1,1,02,09,17,275,41,10,51,165,44*6F
$GIGSV,1,1,02,09,17,275,41,10,51,165,44*6F
$GIGSV,1,1,02,09,17,275,41,10,51,165,44*6F
$GIGSV,1,1,02,09,17,275,42,10,51,165,44*6C
$GIGSV,1,1,02,09,17,275,42,10,51,165,44*6C
$GIGSV,1,1,02,09,17,275,42,10,51,165,43*6B
$GIGSV,1,1,02,09,17,275,42,10,51,165,43*6B
$GIGSV,1,1,02,09,17,275,42,10,51,165,43*6B
$GIGSV,1,1,02,09,17,275,42,10,51,165,43*6B
$GIGSV,1,1,02,09,17,275,42,10,51,165,43*6B
$GIGSV,1,1,02,09,17,275,42,10,51,165,43*6B
$GIGSV,1,1,02,09,17,275,42,10,51,165,43*6B
$GIGSV,1,1,02,09,17,275,42,10,51,165,43*6B
$GIGSV,1,1,02,09,17,275,42,10,51,165,43*6B
$GIGSV,1,1,02,09,17,275,42,10,51,165,43*6B
$GIGSV,1,1,02,09,17,275,42,10,51,165,43*6B
$GIGSV,1,1,02,09,17,275,42,10,51,165,43*6B
$GIGSV,1,1,02,09,17,275,42,10,51,165,43*6B
$GIGSV,1,1,02,09,17,275,42,10,51,165,43*6B
$GIGSV,1,1,02,09,17,275,42,10,51,165,43*6B
$GIGSV,1,1,02,09,17,275,42,10,51,165,43*6B
$GIGSV,1,1,02,09,17,275,42,10,51,165,43*6B
$GIGSV,1,1,02,09,17,275,42,10,51,165,43*6B
$GIGSV,1,1,02,09,17,275,42,10,51,165,43*6B
$GIGSV,1,1,02,09,17,275,42,10,51,165,43*6B
$GIGSV,1,1,02,09,17,275,42,10,51,165,43*6B
$GIGSV,1,1,02,09,17,275,42,10,51,165,43*6B
$GIGSV,1,1,02,09,17,275,42,10,51,165,43*6B
$GIGSV,1,1,02,09,17,275,42,10,51,165,43*6B
$GIGSV,1,1,02,09,17,275,42,10,51,165,43*6B
$GIGSV,1,1,02,09,17,275,42,10,51,165,43*6B
$GIGSV,1,1,02,09,17,275,42,10,51,165,43*6B
$GIGSV,1,1,02,09,17,275,42,10,51,165,43*6B
$GIGSV,1,1,02,09,17,275,42,10,51,165,43*6B
$GIGSV,1,1,02,09,17,275,42,10,51,165,42*6A
$GIGSV,1,1,02,09,17,275,42,10,51,165,42*6A
$GIGSV,1,1,02,09,17,275,42,10,51,165,42*6A
$GIGSV,1,1,02,09,17,275,42,10,51,165,42*6A
$GIGSV,1,1,02,09,17,275,42,10,51,165,42*6A
$GIGSV,1,1,02,09,17,275,42,10,51,165,42*6A
$GIGSV,1,1,02,09,17,275,42,10,51,165,42*6A
$GIGSV,1,1,02,09,17,275,42,10,51,165,42*6A
$GIGSV,1,1,02,09,17,275,42,10,51,165,42*6A
$GIGSV,1,1,02,09,17,275,42,10,51,165,42*6A
$GIGSV,1,1,02,09,17,275,42,10,51,165,42*6A
$GIGSV,1,1,02,09,17,275,42,10,51,165,42*6A
$GIGSV,1,1,02,09,17,275,42,10,51,165,42*6A
$GIGSV,1,1,02,09,17,275,42,10,51,165,42*6A
$GIGSV,1,1,02,09,17,275,42,10,51,165,42*6A
$GIGSV,1,1,02,09,17,275,42,10,51,165,42*6A
$GIGSV,1,1,02,09,17,275,42,10,51,165,42*6A
$GIGSV,1,1,02,09,17,275,42,10,51,165,42*6A
$GIGSV,1,1,02,09,17,275,42,10,51,165,42*6A
$GIGSV,1,1,02,09,17,275,42,10,51,165,42*6A
$GIGSV,1,1,02,09,17,275,41,10,51,165,42*69
$GIGSV,1,1,02,09,17,275,41,10,51,165,42*69
$GIGSV,1,1,02,09,17,275,41,10,51,165,42*69
$GIGSV,1,1,02,09,17,275,41,10,51,165,42*69
$GIGSV,1,1,02,09,17,275,41,10,51,165,42*69
$GIGSV,1,1,02,09,17,275,41,10,51,165,42*69
$GIGSV,1,1,02,09,17,275,41,10,51,165,42*69
$GIGSV,1,1,02,09,17,275,41,10,51,165,42*69
$GIGSV,1,1,02,09,17,275,41,10,51,165,42*69
$GIGSV,1,1,02,09,17,275,41,10,51,165,42*69
$GIGSV,1,1,02,09,17,275,41,10,51,165,42*69
$GIGSV,1,1,02,09,17,275,41,10,51,165,42*69
$GIGSV,1,1,02,09,17,275,41,10,51,165,42*69
$GIGSV,1,1,02,09,17,275,41,10,51,165,42*69
$GIGSV,1,1,02,09,17,275,41,10,51,165,42*69
$GIGSV,1,1,02,09,17,275,41,10,51,165,42*69
$GIGSV,1,1,02,09,17,275,41,10,51,165,42*69
$GIGSV,1,1,02,09,17,275,41,10,51,165,42*69
$GIGSV,1,1,02,09,17,275,41,10,51,165,42*69
$GIGSV,1,1,02,09,17,275,41,10,51,165,42*69
$GIGSV,1,1,02,09,17,275,41,10,51,165,42*69
$GIGSV,1,1,02,09,17,275,41,10,51,165,42*69
$GIGSV,1,1,02,09,17,275,41,10,51,165,42*69
$GIGSV,1,1,02,09,17,275,41,10,51,165,42*69
$GIGSV,1,1,02,09,17,275,41,10,51,165,42*69
$GIGSV,1,1,02,09,17,275,41,10,51,165,42*69
$GIGSV,1,1,02,09,17,275,42,10,51,165,42*6A
$GIGSV,1,1,02,09,17,275,42,10,51,165,42*6A
$GIGSV,1,1,02,09,17,275,42,10,51,165,42*6A
$GIGSV,1,1,02,09,17,275,42,10,51,165,42*6A
$GIGSV,1,1,02,09,17,275,42,10,51,165,42*6A
$GIGSV,1,1,02,09,17,275,42,10,51,165,42*6A
$GIGSV,1,1,02,09,17,275,42,10,51,165,42*6A
$GIGSV,1,1,02,09,17,275,42,10,51,165,42*6A
$GIGSV,1,1,02,09,17,275,42,10,51,165,42*6A
$GIGSV,1,1,02,09,17,275,42,10,51,165,42*6A
$GIGSV,1,1,02,09,17,275,42,10,51,165,42*6A
$GIGSV,1,1,02,09,17,275,42,10,51,165,42*6A
$GIGSV,1,1,02,09,17,275,42,10,51,165,42*6A
$GIGSV,1,1,02,09,17,275,42,10,51,165,41*69
$GIGSV,1,1,02,09,17,275,42,10,51,165,41*69
$GIGSV,1,1,02,09,17,275,42,10,51,165,41*69
$GIGSV,1,1,02,09,17,275,42,10,51,165,41*69
$GIGSV,1,1,02,09,17,275,43,10,51,165,41*68
$GIGSV,1,1,02,09,17,275,43,10,51,165,41*68
$GIGSV,1,1,02,09,17,275,43,10,51,165,42*6B
$GIGSV,1,1,02,09,17,275,43,10,51,165,42*6B
$GIGSV,1,1,02,09,17,275,43,10,51,165,42*6B
$GIGSV,1,1,02,09,17,275,43,10,51,165,42*6B
$GIGSV,1,1,02,09,17,275,43,10,51,165,42*6B
$GIGSV,1,1,02,09,17,275,43,10,51,165,42*6B
$GIGSV,1,1,02,09,17,275,43,10,51,165,42*6B
$GIGSV,1,1,02,09,17,275,43,10,51,165,41*68
$GIGSV,1,1,02,09,17,275,43,10,51,165,41*68
$GIGSV,1,1,02,09,17,275,43,10,51,165,41*68
$GIGSV,1,1,02,09,17,275,43,10,51,165,41*68
$GIGSV,1,1,02,09,17,275,43,10,51,165,41*68
$GIGSV,1,1,02,09,17,275,43,10,51,165,41*68
$GIGSV,1,1,02,09,17,275,43,10,51,165,42*6B
$GIGSV,1,1,02,09,17,275,43,10,51,165,42*6B
$GIGSV,1,1,02,09,17,275,43,10,51,165,42*6B
$GIGSV,1,1,02,09,17,275,43,10,51,165,42*6B
$GIGSV,1,1,02,09,17,275,43,10,51,165,42*6B
$GIGSV,1,1,02,09,17,275,43,10,51,165,42*6B
$GIGSV,1,1,02,09,17,275,43,10,51,165,42*6B
$GIGSV,1,1,02,09,17,275,43,10,51,165,42*6B
$GIGSV,1,1,02,09,17,275,43,10,51,165,42*6B
$GIGSV,1,1,02,09,17,275,43,10,51,165,42*6B
$GIGSV,1,1,02,09,17,275,43,10,51,165,42*6B
$GIGSV,1,1,02,09,17,275,43,10,51,165,41*68
$GIGSV,1,1,02,09,17,275,43,10,51,165,41*68
$GIGSV,1,1,02,09,17,275,43,10,51,165,41*68
$GIGSV,1,1,02,09,17,275,43,10,51,165,41*68
$GIGSV,1,1,02,09,17,275,43,10,51,165,41*68
$GIGSV,1,1,02,09,17,275,43,10,51,165,41*68
$GIGSV,1,1,02,09,17,275,43,10,51,165,41*68
$GIGSV,1,1,02,09,17,275,43,10,51,165,41*68
$GIGSV,1,1,02,09,17,275,43,10,51,165,41*68
$GIGSV,1,1,02,09,17,275,43,10,51,165,41*68
$GIGSV,1,1,02,09,17,275,43,10,51,165,41*68
$GIGSV,1,1,02,09,17,275,43,10,51,165,41*68
$GIGSV,1,1,02,09,17,275,43,10,51,165,41*68
$GIGSV,1,1,02,09,17,275,43,10,51,165,41*68
$GIGSV,1,1,02,09,17,275,43,10,51,165,41*68
$GIGSV,1,1,02,09,17,275,43,10,51,165,41*68
$GIGSV,1,1,02,09,17,275,43,10,51,165,41*68
$GIGSV,1,1,02,09,17,275,43,10,51,165,41*68
$GIGSV,1,1,02,09,17,275,43,10,51,165,41*68
$GIGSV,1,1,02,09,17,275,43,10,51,165,41*68
$GIGSV,1,1,02,09,17,275,43,10,51,165,41*68
$GIGSV,1,1,02,09,17,275,43,10,51,165,41*68
$GIGSV,1,1,02,09,17,275,43,10,51,165,41*68
$GIGSV,1,1,02,09,17,275,43,10,51,165,41*68
$GIGSV,1,1,02,09,17,275,43,10,51,165,42*6B
$GIGSV,1,1,02,09,17,275,43,10,51,165,42*6B
$GIGSV,1,1,02,09,17,275,43,10,51,165,42*6B
$GIGSV,1,1,02,09,17,275,43,10,51,165,42*6B
$GIGSV,1,1,02,09,17,275,43,10,51,165,42*6B
$GIGSV,1,1,02,09,17,275,43,10,51,165,42*6B
$GIGSV,1,1,02,09,17,275,43,10,51,165,42*6B
$GIGSV,1,1,02,09,17,275,43,10,51,165,42*6B
$GIGSV,1,1,02,09,17,275,43,10,51,165,42*6B
$GIGSV,1,1,02,09,17,275,43,10,51,165,42*6B
$GIGSV,1,1,02,09,17,275,43,10,51,165,43*6A
$GIGSV,1,1,02,09,17,275,43,10,51,165,43*6A
$GIGSV,1,1,02,09,17,275,43,10,51,165,43*6A
$GIGSV,1,1,02,09,17,275,43,10,51,165,43*6A
$GIGSV,1,1,02,09,17,275,43,10,51,165,43*6A
$GIGSV,1,1,02,09,17,275,43,10,51,165,43*6A
$GIGSV,1,1,02,09,17,275,43,10,51,165,44*6D
$GIGSV,1,1,02,09,17,275,43,10,51,165,44*6D
$GIGSV,1,1,02,09,17,275,43,10,51,165,44*6D
$GIGSV,1,1,02,09,17,275,43,10,51,165,44*6D
$GIGSV,1,1,02,09,17,275,43,10,51,165,44*6D
$GIGSV,1,1,02,09,17,275,43,10,51,165,44*6D
$GIGSV,1,1,02,09,17,275,43,10,51,165,44*6D
$GIGSV,1,1,02,09,17,275,43,10,51,165,44*6D
$GIGSV,1,1,02,09,17,275,43,10,51,165,45*6C
$GIGSV,1,1,02,09,17,275,43,10,51,165,45*6C
$GIGSV,1,1,02,09,17,275,43,10,51,165,45*6C
$GIGSV,1,1,02,09,17,275,43,10,51,165,45*6C
$GIGSV,1,1,02,09,17,275,43,10,51,165,45*6C
$GIGSV,1,1,02,09,17,275,43,10,51,165,45*6C
$GIGSV,1,1,02,09,17,275,43,10,51,165,45*6C
$GIGSV,1,1,02,09,17,275,43,10,51,165,45*6C
$GIGSV,1,1,02,09,17,275,43,10,51,165,45*6C
$GIGSV,1,1,02,09,17,275,43,10,51,165,45*6C
$GIGSV,1,1,02,09,17,275,43,10,51,165,45*6C
$GIGSV,1,1,02,09,17,275,43,10,51,165,44*6D
$GIGSV,1,1,02,09,17,275,43,10,51,165,44*6D
$GIGSV,1,1,02,09,17,275,43,10,51,165,44*6D
$GIGSV,1,1,02,09,17,275,43,10,51,165,44*6D
$GIGSV,1,1,02,09,17,275,43,10,51,165,44*6D
$GIGSV,1,1,02,09,17,275,43,10,51,165,44*6D
$GIGSV,1,1,02,09,17,275,43,10,51,165,44*6D
$GIGSV,1,1,02,09,17,275,43,10,51,165,44*6D
$GIGSV,1,1,02,09,17,275,43,10,51,165,44*6D
$GIGSV,1,1,02,09,17,275,43,10,51,165,44*6D
$GIGSV,1,1,02,09,17,275,43,10,51,165,44*6D
$GIGSV,1,1,02,09,17,275,43,10,51,165,44*6D
$GIGSV,1,1,02,09,17,275,43,10,51,165,44*6D
$GIGSV,1,1,02,09,17,275,43,10,51,165,44*6D
$GIGSV,1,1,02,09,17,275,43,10,51,165,44*6D
$GIGSV,1,1,02,09,17,275,43,10,51,165,44*6D
$GIGSV,1,1,02,09,17,275,43,10,51,165,44*6D
$GIGSV,1,1,02,09,17,275,43,10,51,165,44*6D
$GIGSV,1,1,02,09,17,275,43,10,51,165,43*6A
$GIGSV,1,1,02,09,17,275,43,10,51,165,43*6A
$GIGSV,1,1,02,09,17,275,43,10,51,165,43*6A
$GIGSV,1,1,02,09,17,275,43,10,51,165,43*6A
$GIGSV,1,1,02,09,17,275,43,10,51,165,43*6A
$GIGSV,1,1,02,09,17,275,43,10,51,165,43*6A
$GIGSV,1,1,02,09,17,275,43,10,51,165,43*6A
$GIGSV,1,1,02,09,17,275,43,10,51,165,43*6A
$GIGSV,1,1,02,09,17,275,43,10,51,165,43*6A
$GIGSV,1,1,02,09,17,275,43,10,51,165,43*6A
$GIGSV,1,1,02,09,17,275,43,10,51,165,43*6A
$GIGSV,1,1,02,09,17,275,43,10,51,165,43*6A
$GIGSV,1,1,02,09,17,275,43,10,51,165,43*6A
$GIGSV,1,1,02,09,17,275,43,10,51,165,43*6A
$GIGSV,1,1,02,09,17,275,43,10,51,165,43*6A
$GIGSV,1,1,02,09,17,275,43,10,51,165,43*6A
$GIGSV,1,1,02,09,17,275,43,10,51,165,43*6A
$GIGSV,1,1,02,09,17,275,43,10,51,165,43*6A
$GIGSV,1,1,02,09,17,275,43,10,51,165,43*6A
$GIGSV,1,1,02,09,17,275,42,10,51,165,42*6A
$GIGSV,1,1,02,09,17,275,42,10,51,165,42*6A
$GIGSV,1,1,02,09,17,275,42,10,51,165,42*6A
$GIGSV,1,1,02,09,17,275,42,10,51,165,42*6A
$GIGSV,1,1,02,09,17,275,42,10,51,165,42*6A
$GIGSV,1,1,02,09,17,275,42,10,51,165,42*6A
$GIGSV,1,1,02,09,17,275,42,10,51,165,42*6A
$GIGSV,1,1,02,09,17,275,42,10,51,165,42*6A
$GIGSV,1,1,02,09,17,275,42,10,51,165,42*6A
$GIGSV,1,1,02,09,17,275,42,10,51,165,42*6A
$GIGSV,1,1,02,09,17,275,42,10,51,165,42*6A
$GIGSV,1,1,02,09,17,275,43,10,51,165,42*6B
$GIGSV,1,1,02,09,17,275,43,10,51,165,42*6B
$GIGSV,1,1,02,09,17,275,43,10,51,165,42*6B
$GIGSV,1,1,02,09,17,275,43,10,51,165,42*6B
$GIGSV,1,1,02,09,17,275,43,10,51,165,41*68
$GIGSV,1,1,02,09,17,275,43,10,51,165,41*68
$GIGSV,1,1,02,09,17,275,43,10,51,165,41*68
$GIGSV,1,1,02,09,17,275,43,10,51,165,41*68
$GIGSV,1,1,02,09,17,275,43,10,51,165,41*68
$GIGSV,1,1,02,09,17,275,43,10,51,165,41*68
$GIGSV,1,1,02,09,17,275,43,10,51,165,41*68
$GIGSV,1,1,02,09,17,275,43,10,51,165,41*68
$GIGSV,1,1,02,09,17,275,43,10,51,165,41*68
$GIGSV,1,1,02,09,17,275,43,10,51,165,41*68
$GIGSV,1,1,02,09,17,275,43,10,51,165,41*68
$GIGSV,1,1,02,09,17,275,43,10,51,165,41*68
$GIGSV,1,1,02,09,17,275,42,10,51,165,41*69
$GIGSV,1,1,02,09,17,275,42,10,51,165,41*69
$GIGSV,1,1,02,09,17,275,43,10,51,165,40*69
$GIGSV,1,1,02,09,17,275,43,10,51,165,40*69
$GIGSV,1,1,02,09,17,275,43,10,51,165,40*69
$GIGSV,1,1,02,09,17,275,43,10,51,165,40*69
$GIGSV,1,1,02,09,17,275,43,10,51,165,40*69
$GIGSV,1,1,02,09,17,275,43,10,51,165,40*69
$GIGSV,1,1,02,09,17,275,43,10,51,165,40*69
$GIGSV,1,1,02,09,17,275,43,10,51,165,40*69
$GIGSV,1,1,02,09,17,275,42,10,51,165,40*68
$GIGSV,1,1,02,09,17,275,42,10,51,165,40*68
$GIGSV,1,1,02,09,17,275,42,10,51,165,40*68
$GIGSV,1,1,02,09,17,275,42,10,51,165,40*68
$GIGSV,1,1,02,09,17,275,42,10,51,165,40*68
$GIGSV,1,1,02,09,17,275,42,10,51,165,39*66
$GIGSV,1,1,02,09,17,275,42,10,51,165,39*66
$GIGSV,1,1,02,09,17,275,42,10,51,165,39*66
$GIGSV,1,1,02,09,17,275,42,10,51,165,39*66
$GIGSV,1,1,02,09,17,275,42,10,51,165,24*6A
$GIGSV,1,1,02,09,17,275,42,10,51,165,24*6A
$GIGSV,1,1,02,09,17,275,42,10,51,165,25*6B
$GIGSV,1,1,02,09,17,275,42,10,51,165,24*6A
$GIGSV,1,1,02,09,17,275,42,10,51,165,24*6A
$GIGSV,1,1,02,09,17,275,42,10,51,165,24*6A
$GIGSV,1,1,02,09,17,275,42,10,51,165,24*6A
$GIGSV,1,1,02,09,17,275,43,10,51,165,23*6C
$GIGSV,1,1,02,09,17,275,43,10,51,165,25*6A
$GIGSV,1,1,02,09,17,275,43,10,51,165,25*6A
$GIGSV,1,1,02,09,17,275,43,10,51,165,25*6A
$GIGSV,1,1,02,09,17,275,43,10,51,165,25*6A
$GIGSV,1,1,02,09,17,275,43,10,51,165,25*6A
$GIGSV,1,1,02,09,17,275,43,10,51,165,26*69
$GIGSV,1,1,02,09,17,275,43,10,51,165,26*69
$GIGSV,1,1,02,09,17,275,43,10,51,165,27*68
$GIGSV,1,1,02,09,17,275,43,10,51,165,27*68
$GIGSV,1,1,02,09,17,275,43,10,51,165,27*68
$GIGSV,1,1,02,09,17,275,43,10,51,165,27*68
$GIGSV,1,1,02,09,17,275,42,10,51,165,27*69
$GIGSV,1,1,02,09,17,275,42,10,51,165,27*69
$GIGSV,1,1,02,09,17,275,42,10,51,165,27*69
$GIGSV,1,1,02,09,17,275,42,10,51,165,27*69
$GIGSV,1,1,02,09,17,275,43,10,51,165,27*68
$GIGSV,1,1,02,09,17,275,43,10,51,165,27*68
$GIGSV,1,1,02,09,17,275,43,10,51,165,27*68
$GIGSV,1,1,02,09,17,275,43,10,51,165,27*68
$GIGSV,1,1,02,09,17,275,43,10,51,165,27*68
$GIGSV,1,1,02,09,17,275,43,10,51,165,27*68
$GIGSV,1,1,02,09,17,275,43,10,51,165,27*68
$GIGSV,1,1,02,09,17,275,43,10,51,165,27*68
$GIGSV,1,1,02,09,17,275,43,10,51,165,27*68
$GIGSV,1,1,02,09,17,275,43,10,51,165,27*68
$GIGSV,1,1,02,09,17,275,43,10,51,165,27*68
$GIGSV,1,1,02,09,17,275,43,10,51,165,27*68
$GIGSV,1,1,02,09,17,275,43,10,51,165,27*68
$GIGSV,1,1,02,09,17,275,43,10,51,165,27*68
$GIGSV,1,1,02,09,17,275,43,10,51,165,27*68
$GIGSV,1,1,02,09,17,275,43,10,51,165,27*68
$GIGSV,1,1,01,09,17,275,43*59
$GIGSV,1,1,01,09,17,275,43*59
$GIGSV,1,1,01,09,17,275,43*59
$GIGSV,1,1,01,09,17,275,42*58
$GIGSV,1,1,01,09,17,275,42*58
$GIGSV,1,1,01,09,17,275,42*58
$GIGSV,1,1,01,09,17,275,42*58
$GIGSV,1,1,01,09,17,275,42*58
$GIGSV,1,1,01,09,17,275,42*58
$GIGSV,1,1,01,09,17,275,42*58
$GIGSV,1,1,01,09,17,275,42*58
$GIGSV,1,1,01,09,17,275,42*58
$GIGSV,1,1,01,09,17,275,42*58
$GIGSV,1,1,01,09,17,275,42*58
$GIGSV,1,1,01,09,17,275,42*58
$GIGSV,1,1,01,09,17,275,42*58
$GIGSV,1,1,01,09,17,275,42*58
$GIGSV,1,1,01,09,17,275,42*58
$GIGSV,1,1,01,09,17,275,42*58
$GIGSV,1,1,01,09,17,275,42*58
$GIGSV,1,1,01,09,17,275,42*58
$GIGSV,1,1,01,09,17,275,42*58
$GIGSV,1,1,01,09,17,275,42*58
$GIGSV,1,1,01,09,17,275,42*58
$GIGSV,1,1,01,09,17,275,42*58
$GIGSV,1,1,01,09,17,275,42*58
$GIGSV,1,1,01,09,17,275,42*58
$GIGSV,1,1,01,09,17,275,42*58
$GIGSV,1,1,01,09,17,275,42*58
$GIGSV,1,1,01,09,17,275,42*58
$GIGSV,1,1,01,09,17,275,42*58
$GIGSV,1,1,01,09,17,275,42*58
$GIGSV,1,1,01,09,17,275,42*58
$GIGSV,1,1,01,09,17,275,42*58
$GIGSV,1,1,01,09,17,275,42*58
$GIGSV,1,1,01,09,17,275,42*58
$GIGSV,1,1,01,09,17,275,41*5B
$GIGSV,1,1,01,09,17,275,41*5B
$GIGSV,1,1,01,09,17,275,41*5B
$GIGSV,1,1,01,09,17,275,41*5B
$GIGSV,1,1,01,09,17,275,41*5B
$GIGSV,1,1,01,09,17,275,41*5B
$GIGSV,1,1,01,09,17,275,41*5B
$GIGSV,1,1,01,09,17,275,41*5B
$GIGSV,1,1,01,09,17,275,41*5B
$GIGSV,1,1,01,09,17,275,41*5B
$GIGSV,1,1,01,09,17,275,41*5B
$GIGSV,1,1,01,09,17,275,41*5B
$GIGSV,1,1,01,09,17,275,41*5B
$GIGSV,1,1,01,09,17,275,41*5B
$GIGSV,1,1,01,09,17,275,41*5B
$GIGSV,1,1,01,09,17,275,41*5B
$GIGSV,1,1,01,09,17,275,41*5B
$GIGSV,1,1,01,09,17,275,41*5B
$GIGSV,1,1,01,09,17,275,41*5B
$GIGSV,1,1,01,09,17,275,41*5B
$GIGSV,1,1,01,09,17,275,41*5B
$GIGSV,1,1,01,09,17,275,41*5B
$GIGSV,1,1,01,09,17,275,41*5B
$GIGSV,1,1,01,09,17,275,41*5B
$GIGSV,1,1,01,09,17,275,41*5B
$GIGSV,1,1,01,09,17,275,41*5B
$GIGSV,1,1,01,09,17,275,41*5B
$GIGSV,1,1,01,09,17,275,41*5B
$GIGSV,1,1,01,09,17,275,41*5B
$GIGSV,1,1,01,09,17,275,41*5B
$GIGSV,1,1,01,09,17,275,41*5B
$GIGSV,1,1,01,09,17,275,41*5B
$GIGSV,1,1,01,09,17,275,41*5B
$GIGSV,1,1,01,09,17,275,41*5B
$GIGSV,1,1,01,09,17,275,41*5B
$GIGSV,1,1,01,09,17,275,41*5B
$GIGSV,1,1,01,09,17,275,41*5B
$GIGSV,1,1,01,09,17,275,41*5B
$GIGSV,1,1,01,09,17,275,41*5B
$GIGSV,1,1,01,09,17,275,41*5B
$GIGSV,1,1,01,09,17,275,41*5B
$GIGSV,1,1,01,09,17,275,41*5B
$GIGSV,1,1,01,09,17,275,41*5B
$GIGSV,1,1,01,09,17,275,41*5B
$GIGSV,1,1,01,09,17,275,41*5B
$GIGSV,1,1,01,09,17,275,41*5B
$GIGSV,1,1,01,09,17,275,41*5B
$GIGSV,1,1,01,09,17,275,41*5B
$GIGSV,1,1,01,09,17,275,41*5B
$GIGSV,1,1,01,09,17,275,41*5B
$GIGSV,1,1,01,09,17,275,41*5B
$GIGSV,1,1,01,09,17,275,41*5B
$GIGSV,1,1,01,09,17,275,41*5B
$GIGSV,1,1,01,09,17,275,41*5B
$GIGSV,1,1,01,09,17,275,41*5B
$GIGSV,1,1,01,09,17,275,41*5B
$GIGSV,1,1,01,09,17,275,41*5B
$GIGSV,1,1,01,09,17,275,41*5B
$GIGSV,1,1,01,09,17,275,41*5B
$GIGSV,1,1,01,09,17,275,41*5B
$GIGSV,1,1,01,09,17,275,41*5B
$GIGSV,1,1,01,09,17,275,40*5A
$GIGSV,1,1,01,09,17,275,40*5A
$GIGSV,1,1,01,09,17,275,40*5A
$GIGSV,1,1,01,09,17,275,40*5A
$GIGSV,1,1,01,09,17,275,40*5A
$GIGSV,1,1,01,09,17,275,40*5A
$GIGSV,1,1,01,09,17,275,40*5A
$GIGSV,1,1,01,09,17,275,40*5A
$GIGSV,1,1,01,09,17,275,40*5A
$GIGSV,1,1,01,09,17,275,40*5A
$GIGSV,1,1,01,09,17,275,40*5A
$GIGSV,1,1,01,09,17,275,40*5A
$GIGSV,1,1,01,09,17,275,40*5A
$GIGSV,1,1,01,09,17,275,40*5A
$GIGSV,1,1,01,09,17,275,40*5A
$GIGSV,1,1,01,09,17,275,40*5A
$GIGSV,1,1,01,09,17,275,40*5A
$GIGSV,1,1,01,09,17,275,40*5A
$GIGSV,1,1,01,09,17,275,40*5A
$GIGSV,1,1,01,09,17,275,40*5A
$GIGSV,1,1,01,09,17,275,40*5A
$GIGSV,1,1,01,09,17,275,40*5A
$GIGSV,1,1,01,09,17,275,40*5A
$GIGSV,1,1,01,09,17,275,40*5A
$GIGSV,1,1,01,09,17,275,40*5A
$GIGSV,1,1,01,09,17,275,40*5A
$GIGSV,1,1,01,09,17,275,40*5A
$GIGSV,1,1,01,09,17,275,40*5A
$GIGSV,1,1,01,09,17,275,40*5A
$GIGSV,1,1,01,09,17,275,40*5A
$GIGSV,1,1,01,09,17,275,40*5A
$GIGSV,1,1,01,09,17,275,40*5A
$GIGSV,1,1,01,09,17,275,40*5A
$GIGSV,1,1,01,09,17,275,40*5A
$GIGSV,1,1,01,09,17,275,40*5A
$GIGSV,1,1,01,09,17,275,40*5A
$GIGSV,1,1,01,09,17,275,40*5A
$GIGSV,1,1,01,09,17,275,40*5A
$GIGSV,1,1,01,09,17,275,40*5A
$GIGSV,1,1,01,09,17,275,40*5A
$GIGSV,1,1,01,09,17,275,40*5A
$GIGSV,1,1,01,09,17,275,40*5A
$GIGSV,1,1,01,09,17,275,40*5A
$GIGSV,1,1,01,09,17,275,40*5A
$GIGSV,1,1,01,09,17,275,40*5A
$GIGSV,1,1,01,09,17,275,40*5A
$GIGSV,1,1,01,09,17,275,40*5A
$GIGSV,1,1,01,09,17,275,40*5A
$GIGSV,1,1,01,09,17,275,40*5A
$GIGSV,1,1,01,09,17,275,40*5A
$GIGSV,1,1,01,09,17,275,40*5A
$GIGSV,1,1,01,09,17,275,40*5A
$GIGSV,1,1,01,09,17,275,40*5A
$GIGSV,1,1,01,09,17,275,40*5A
$GIGSV,1,1,01,09,17,275,40*5A
$GIGSV,1,1,01,09,17,275,40*5A
$GIGSV,1,1,01,09,17,275,40*5A
$GIGSV,1,1,01,09,17,275,40*5A
$GIGSV,1,1,01,09,17,275,40*5A
$GIGSV,1,1,01,09,17,275,40*5A
$GIGSV,1,1,01,09,17,275,40*5A
$GIGSV,1,1,01,09,17,275,40*5A
$GIGSV,1,1,01,09,17,275,40*5A
$GIGSV,1,1,01,09,17,275,40*5A
$GIGSV,1,1,01,09,17,275,40*5A
$GIGSV,1,1,01,09,17,275,40*5A
$GIGSV,1,1,01,09,17,275,40*5A
$GIGSV,1,1,01,09,17,275,40*5A
$GIGSV,1,1,01,09,17,275,40*5A
$GIGSV,1,1,01,09,17,275,40*5A
$GIGSV,1,1,01,09,17,275,40*5A
$GIGSV,1,1,01,09,17,275,40*5A
$GIGSV,1,1,01,09,17,275,40*5A
$GIGSV,1,1,01,09,17,275,40*5A
$GIGSV,1,1,01,09,17,275,40*5A
$GIGSV,1,1,01,09,17,275,40*5A
$GIGSV,1,1,01,09,17,275,40*5A
$GIGSV,1,1,01,09,17,275,40*5A
$GIGSV,1,1,01,09,17,275,40*5A
$GIGSV,1,1,01,09,17,275,41*5B
$GIGSV,1,1,01,09,17,275,41*5B
$GIGSV,1,1,01,09,17,275,41*5B
$GIGSV,1,1,01,09,17,275,41*5B
$GIGSV,1,1,01,09,17,275,41*5B
$GIGSV,1,1,01,09,17,275,41*5B
$GIGSV,1,1,01,09,17,275,41*5B
$GIGSV,1,1,01,09,17,275,41*5B
$GIGSV,1,1,01,09,17,275,41*5B
$GIGSV,1,1,01,09,17,275,41*5B
$GIGSV,1,1,01,09,17,275,41*5B
$GIGSV,1,1,01,09,17,275,41*5B
$GIGSV,1,1,01,09,17,275,41*5B
$GIGSV,1,1,01,09,17,275,41*5B
$GIGSV,1,1,01,09,17,275,41*5B
$GIGSV,1,1,01,09,17,275,41*5B
$GIGSV,1,1,01,09,17,275,41*5B
$GIGSV,1,1,01,09,17,275,41*5B
$GIGSV,1,1,01,09,17,275,41*5B
$GIGSV,1,1,01,09,17,275,41*5B
$GIGSV,1,1,01,09,17,275,41*5B
$GIGSV,1,1,01,09,17,275,41*5B
$GIGSV,1,1,01,09,17,275,41*5B
$GIGSV,1,1,01,09,17,275,41*5B
$GIGSV,1,1,01,09,17,275,41*5B
$GIGSV,1,1,01,09,17,275,41*5B
$GIGSV,1,1,01,09,17,275,41*5B
$GIGSV,1,1,01,09,17,275,41*5B
$GIGSV,1,1,01,09,17,275,41*5B
$GIGSV,1,1,01,09,17,275,41*5B
$GIGSV,1,1,01,09,17,275,41*5B
$GIGSV,1,1,01,09,17,275,41*5B
$GIGSV,1,1,01,09,17,275,41*5B
$GIGSV,1,1,01,09,17,275,41*5B
$GIGSV,1,1,01,09,17,275,41*5B
$GIGSV,1,1,01,09,17,275,41*5B
$GIGSV,1,1,01,09,17,275,41*5B
$GIGSV,1,1,01,09,17,275,41*5B
$GIGSV,1,1,01,09,17,275,41*5B
$GIGSV,1,1,01,09,17,275,41*5B
$GIGSV,1,1,01,09,17,275,41*5B
$GIGSV,1,1,01,09,17,275,41*5B
$GIGSV,1,1,01,09,17,275,41*5B
$GIGSV,1,1,01,09,17,275,41*5B
$GIGSV,1,1,01,09,17,275,41*5B
$GIGSV,1,1,01,09,17,275,41*5B
$GIGSV,1,1,01,09,17,275,41*5B
$GIGSV,1,1,01,09,17,275,41*5B
$GIGSV,1,1,01,09,17,275,41*5B
$GIGSV,1,1,01,09,17,275,41*5B
$GIGSV,1,1,01,09,17,275,41*5B
$GIGSV,1,1,01,09,17,275,41*5B
$GIGSV,1,1,01,09,17,275,41*5B
$GIGSV,1,1,01,09,17,275,41*5B
$GIGSV,1,1,01,09,17,275,41*5B
$GIGSV,1,1,01,09,17,275,41*5B
$GIGSV,1,1,01,09,17,275,41*5B
$GIGSV,1,1,01,09,17,275,41*5B
$GIGSV,1,1,01,09,17,275,41*5B
$GIGSV,1,1,01,09,17,275,41*5B
$GIGSV,1,1,01,09,17,275,41*5B
$GIGSV,1,1,01,09,17,275,41*5B
$GIGSV,1,1,01,09,17,275,41*5B
$GIGSV,1,1,01,09,17,275,41*5B
$GIGSV,1,1,01,09,17,275,40*5A
$GIGSV,1,1,01,09,17,275,40*5A
$GIGSV,1,1,01,09,17,275,40*5A
$GIGSV,1,1,01,09,17,275,40*5A
$GIGSV,1,1,01,09,17,275,40*5A
$GIGSV,1,1,01,09,17,275,40*5A
$GIGSV,1,1,01,09,17,275,40*5A
$GIGSV,1,1,01,09,17,275,40*5A
$GIGSV,1,1,01,09,17,275,40*5A
$GIGSV,1,1,01,09,17,275,40*5A
$GIGSV,1,1,01,09,17,275,40*5A
$GIGSV,1,1,01,09,17,275,40*5A
$GIGSV,1,1,01,09,17,275,40*5A
$GIGSV,1,1,01,09,17,275,40*5A
$GIGSV,1,1,01,09,17,275,40*5A
$GIGSV,1,1,01,09,17,275,40*5A
$GIGSV,1,1,01,09,17,275,40*5A
$GIGSV,1,1,01,09,17,275,40*5A
$GIGSV,1,1,01,09,17,275,40*5A
$GIGSV,1,1,01,09,17,275,40*5A
$GIGSV,1,1,01,09,17,275,40*5A
$GIGSV,1,1,01,09,17,275,40*5A
$GIGSV,1,1,01,09,17,275,40*5A
$GIGSV,1,1,01,09,17,275,40*5A
$GIGSV,1,1,01,09,17,275,40*5A
$GIGSV,1,1,01,09,17,275,40*5A
$GIGSV,1,1,01,09,17,275,40*5A
$GIGSV,1,1,01,09,17,275,40*5A
$GIGSV,1,1,01,09,17,275,40*5A
$GIGSV,1,1,01,09,17,275,40*5A
$GIGSV,1,1,01,09,17,275,40*5A
$GIGSV,1,1,01,09,17,275,40*5A
$GIGSV,1,1,01,09,17,275,40*5A
$GIGSV,1,1,01,09,17,275,40*5A
$GIGSV,1,1,01,09,17,275,40*5A
$GIGSV,1,1,01,09,17,275,40*5A
$GIGSV,1,1,01,09,17,275,40*5A
$GIGSV,1,1,01,09,17,275,40*5A
$GIGSV,1,1,01,09,17,275,40*5A
$GIGSV,1,1,01,09,17,275,40*5A
$GIGSV,1,1,01,09,17,275,40*5A
$GIGSV,1,1,01,09,17,275,40*5A
$GIGSV,1,1,01,09,17,275,40*5A
$GIGSV,1,1,01,09,17,275,40*5A
$GIGSV,1,1,01,09,17,275,40*5A
$GIGSV,1,1,01,09,17,275,40*5A
$GIGSV,1,1,01,09,17,275,40*5A
$GIGSV,1,1,01,09,17,275,40*5A
$GIGSV,1,1,01,09,17,275,40*5A
$GIGSV,1,1,01,09,17,275,40*5A
$GIGSV,1,1,01,09,17,275,40*5A
$GIGSV,1,1,01,09,17,275,40*5A
$GIGSV,1,1,01,09,17,275,40*5A
$GIGSV,1,1,01,09,17,275,40*5A
$GIGSV,1,1,01,09,17,275,40*5A
$GIGSV,1,1,01,09,17,275,40*5A
$GIGSV,1,1,01,09,17,275,40*5A
$GIGSV,1,1,01,09,17,275,40*5A
$GIGSV,1,1,01,09,17,275,40*5A
$GIGSV,1,1,01,09,17,275,40*5A
$GIGSV,1,1,01,09,17,275,40*5A
$GIGSV,1,1,01,09,17,275,40*5A
$GIGSV,1,1,01,09,17,275,40*5A
$GIGSV,1,1,01,09,17,275,40*5A
$GIGSV,1,1,01,09,17,275,40*5A
$GIGSV,1,1,01,09,17,275,39*54
$GIGSV,1,1,01,09,17,275,39*54
$GIGSV,1,1,01,09,17,275,39*54
$GIGSV,1,1,01,09,17,275,39*54
$GIGSV,1,1,01,09,17,275,39*54
$GIGSV,1,1,01,09,17,275,39*54
$GIGSV,1,1,01,09,17,275,39*54
$GIGSV,1,1,01,09,17,275,39*54
$GIGSV,1,1,01,09,17,275,39*54
$GIGSV,1,1,01,09,17,275,39*54
$GIGSV,1,1,01,09,17,275,39*54
$GIGSV,1,1,01,09,17,275,39*54
$GIGSV,1,1,01,09,17,275,39*54
$GIGSV,1,1,01,09,17,275,39*54
$GIGSV,1,1,01,09,17,275,39*54
$GIGSV,1,1,01,09,17,275,39*54
$GIGSV,1,1,01,09,17,275,39*54
$GIGSV,1,1,01,09,17,275,39*54
$GIGSV,1,1,01,09,17,275,39*54
$GIGSV,1,1,01,09,17,275,39*54
$GIGSV,1,1,01,09,17,275,39*54
$GIGSV,1,1,01,09,17,275,39*54
$GIGSV,1,1,01,09,17,275,39*54
$GIGSV,1,1,01,09,17,275,39*54
$GIGSV,1,1,01,09,17,275,39*54
$GIGSV,1,1,01,09,17,275,39*54
$GIGSV,1,1,01,09,17,275,39*54
$GIGSV,1,1,01,09,17,275,38*55
$GIGSV,1,1,01,09,17,275,38*55
$GIGSV,1,1,01,09,17,275,38*55
$GIGSV,1,1,01,09,17,275,38*55
$GIGSV,1,1,01,09,17,275,38*55
$GIGSV,1,1,01,09,17,275,38*55
$GIGSV,1,1,01,09,17,275,38*55
$GIGSV,1,1,01,09,17,275,38*55
$GIGSV,1,1,01,09,17,275,38*55
$GIGSV,1,1,01,09,17,275,38*55
$GIGSV,1,1,01,09,17,275,38*55
$GIGSV,1,1,01,09,17,275,38*55
$GIGSV,1,1,01,09,17,275,38*55
$GIGSV,1,1,01,09,17,275,38*55
$GIGSV,1,1,01,09,17,275,38*55
$GIGSV,1,1,01,09,17,275,38*55
$GIGSV,1,1,01,09,17,275,38*55
$GIGSV,1,1,01,09,17,275,38*55
$GIGSV,1,1,01,09,17,275,38*55
$GIGSV,1,1,01,09,17,275,38*55
$GIGSV,1,1,01,09,17,275,38*55
$GIGSV,1,1,01,09,17,275,38*55
$GIGSV,1,1,01,09,17,275,38*55
$GIGSV,1,1,01,09,17,275,38*55
$GIGSV,1,1,01,09,17,275,38*55
$GIGSV,1,1,01,09,17,275,38*55
$GIGSV,1,1,01,09,17,275,38*55
$GIGSV,1,1,01,09,17,275,38*55
$GIGSV,1,1,01,09,17,275,38*55
$GIGSV,1,1,01,09,17,275,38*55
$GIGSV,1,1,01,09,17,275,38*55
$GIGSV,1,1,01,09,17,275,38*55
$GIGSV,1,1,01,09,17,275,38*55
$GIGSV,1,1,01,09,17,275,38*55
$GIGSV,1,1,01,09,17,275,38*55
$GIGSV,1,1,01,09,17,275,38*55
$GIGSV,1,1,01,09,17,275,38*55
$GIGSV,1,1,01,09,17,275,38*55
$GIGSV,1,1,01,09,17,275,38*55
$GIGSV,1,1,01,09,17,275,38*55
$GIGSV,1,1,01,09,17,275,37*5A
$GIGSV,1,1,01,09,17,275,37*5A
$GIGSV,1,1,01,09,17,275,37*5A
$GIGSV,1,1,01,09,17,275,37*5A
$GIGSV,1,1,01,09,17,275,37*5A
$GIGSV,1,1,01,09,17,275,38*55
$GIGSV,1,1,01,09,17,275,38*55
$GIGSV,1,1,01,09,17,275,38*55
$GIGSV,1,1,01,09,17,275,38*55
$GIGSV,1,1,01,09,17,275,38*55
$GIGSV,1,1,01,09,17,275,38*55
$GIGSV,1,1,01,09,17,275,38*55
$GIGSV,1,1,01,09,17,275,38*55
$GIGSV,1,1,01,09,17,275,38*55
$GIGSV,1,1,01,09,17,275,38*55
$GIGSV,1,1,01,09,17,275,38*55
$GIGSV,1,1,01,09,17,275,38*55
$GIGSV,1,1,01,09,17,275,38*55
$GIGSV,1,1,01,09,17,275,38*55
$GIGSV,1,1,01,09,17,275,38*55
$GIGSV,1,1,01,09,17,275,38*55
$GIGSV,1,1,01,09,17,275,38*55
$GIGSV,1,1,01,09,17,275,38*55
$GIGSV,1,1,01,09,17,275,38*55
$GIGSV,1,1,01,09,17,275,38*55
$GIGSV,1,1,01,09,17,275,38*55
$GIGSV,1,1,01,09,17,275,38*55
$GIGSV,1,1,01,09,17,275,38*55
$GIGSV,1,1,01,09,17,275,38*55
$GIGSV,1,1,01,09,17,275,38*55
$GIGSV,1,1,01,09,17,275,38*55
$GIGSV,1,1,01,09,17,275,38*55
$GIGSV,1,1,01,09,17,275,38*55
$GIGSV,1,1,01,09,17,275,38*55
$GIGSV,1,1,01,09,17,275,38*55
$GIGSV,1,1,01,09,17,275,38*55
$GIGSV,1,1,01,09,17,275,38*55
$GIGSV,1,1,01,09,17,275,38*55
$GIGSV,1,1,01,09,17,275,38*55
$GIGSV,1,1,01,09,17,275,38*55
$GIGSV,1,1,01,09,17,275,38*55
$GIGSV,1,1,01,09,17,275,38*55
$GIGSV,1,1,01,09,17,275,38*55
$GIGSV,1,1,01,09,17,275,38*55
$GIGSV,1,1,01,09,17,275,38*55
$GIGSV,1,1,01,09,17,275,38*55
$GIGSV,1,1,01,09,17,275,38*55
$GIGSV,1,1,01,09,17,275,38*55
$GIGSV,1,1,01,09,17,275,38*55
$GIGSV,1,1,01,09,17,275,38*55
$GIGSV,1,1,01,09,17,275,38*55
$GIGSV,1,1,01,09,17,275,38*55
$GIGSV,1,1,01,09,17,275,38*55
$GIGSV,1,1,01,09,17,275,38*55
$GIGSV,1,1,01,09,17,275,38*55
$GIGSV,1,1,01,09,17,275,38*55
$GIGSV,1,1,01,09,17,275,38*55
$GIGSV,1,1,01,09,17,275,38*55
$GIGSV,1,1,01,09,17,275,38*55
$GIGSV,1,1,01,09,17,275,38*55
$GIGSV,1,1,01,09,17,275,38*55
$GIGSV,1,1,01,09,17,275,38*55
$GIGSV,1,1,01,09,17,275,38*55
$GIGSV,1,1,01,09,17,275,38*55
$GIGSV,1,1,01,09,17,275,38*55
$GIGSV,1,1,01,09,17,275,38*55
$GIGSV,1,1,01,09,17,275,38*55
$GIGSV,1,1,01,09,17,275,38*55
$GIGSV,1,1,01,09,17,275,38*55
$GIGSV,1,1,01,09,17,275,38*55
$GIGSV,1,1,01,09,17,275,38*55
$GIGSV,1,1,01,09,17,275,38*55
$GIGSV,1,1,01,09,17,275,38*55
$GIGSV,1,1,01,09,17,275,38*55
$GIGSV,1,1,01,09,17,275,38*55
$GIGSV,1,1,01,09,17,275,38*55
$GIGSV,1,1,01,09,17,275,38*55
$GIGSV,1,1,01,09,17,275,38*55
$GIGSV,1,1,01,09,17,275,38*55
$GIGSV,1,1,01,09,17,275,38*55
$GIGSV,1,1,01,09,17,275,38*55
$GIGSV,1,1,01,09,17,275,38*55
$GIGSV,1,1,01,09,17,275,38*55
$GIGSV,1,1,01,09,17,275,38*55
$GIGSV,1,1,01,09,17,275,38*55
$GIGSV,1,1,01,09,17,275,38*55
$GIGSV,1,1,01,09,17,275,38*55
$GIGSV,1,1,01,09,17,275,38*55
$GIGSV,1,1,01,09,17,275,38*55
$GIGSV,1,1,01,09,17,275,38*55
$GIGSV,1,1,01,09,17,275,38*55
$GIGSV,1,1,01,09,17,275,38*55
$GIGSV,1,1,01,09,17,275,38*55
$GIGSV,1,1,01,09,17,275,38*55
$GIGSV,1,1,01,09,17,275,38*55
$GIGSV,1,1,01,09,17,275,38*55
$GIGSV,1,1,01,09,17,275,38*55
$GIGSV,1,1,01,09,17,275,38*55
$GIGSV,1,1,01,09,17,275,38*55
$GIGSV,1,1,01,09,17,275,38*55
$GIGSV,1,1,01,09,17,275,38*55
$GIGSV,1,1,01,09,17,275,38*55
$GIGSV,1,1,01,09,17,275,38*55
$GIGSV,1,1,01,09,17,275,38*55
$GIGSV,1,1,01,09,17,275,38*55
$GIGSV,1,1,01,09,17,275,38*55
$GIGSV,1,1,01,09,17,275,38*55
$GIGSV,1,1,01,09,17,275,38*55
$GIGSV,1,1,01,09,17,275,38*55
$GIGSV,1,1,01,09,17,275,38*55
$GIGSV,1,1,01,09,17,275,38*55
$GIGSV,1,1,01,09,17,275,38*55
$GIGSV,1,1,01,09,17,275,38*55
$GIGSV,1,1,01,09,17,275,38*55
$GIGSV,1,1,01,09,17,275,38*55
$GIGSV,1,1,01,09,17,275,38*55
$GIGSV,1,1,01,09,17,275,38*55
$GIGSV,1,1,01,09,17,275,39*54
$GIGSV,1,1,01,09,17,275,39*54
$GIGSV,1,1,01,09,17,275,39*54
$GIGSV,1,1,01,09,17,275,39*54
$GIGSV,1,1,01,09,17,275,39*54
$GIGSV,1,1,01,09,17,275,39*54
$GIGSV,1,1,01,09,17,275,39*54
$GIGSV,1,1,01,09,17,275,39*54
$GIGSV,1,1,01,09,17,275,39*54
$GIGSV,1,1,01,09,17,275,39*54
$GIGSV,1,1,01,09,17,275,39*54
$GIGSV,1,1,01,09,17,275,39*54
$GIGSV,1,1,01,09,17,275,39*54
$GIGSV,1,1,01,09,17,275,39*54
$GIGSV,1,1,01,09,17,275,39*54
$GIGSV,1,1,02,09,17,275,39,10,51,165,45*61
$GIGSV,1,1,02,09,17,275,39,10,51,165,45*61
$GIGSV,1,1,02,09,17,275,39,10,51,165,45*61
$GIGSV,1,1,02,09,17,275,39,10,51,165,45*61
$GIGSV,1,1,02,09,17,275,39,10,51,165,45*61
$GIGSV,1,1,02,09,17,275,39,10,51,165,45*61
$GIGSV,1,1,02,09,17,275,39,10,51,165,45*61
$GIGSV,1,1,02,09,17,275,39,10,51,165,45*61
$GIGSV,1,1,02,09,17,275,39,10,51,165,45*61
$GIGSV,1,1,02,09,17,275,39,10,51,165,45*61
$GIGSV,1,1,02,09,17,275,39,10,51,165,45*61
$GIGSV,1,1,02,09,17,275,39,10,51,165,45*61
$GIGSV,1,1,02,09,17,275,39,10,51,165,45*61
$GIGSV,1,1,02,09,17,275,39,10,51,165,45*61
$GIGSV,1,1,02,09,17,275,39,10,51,165,47*63
$GIGSV,1,1,02,09,17,275,39,10,51,165,46*62
$GIGSV,1,1,02,09,17,275,39,10,51,165,46*62
$GIGSV,1,1,02,09,17,275,39,10,51,165,46*62
$GIGSV,1,1,02,09,17,275,39,10,51,165,46*62
$GIGSV,1,1,02,09,17,275,39,10,51,165,46*62
$GIGSV,1,1,02,09,17,275,39,10,51,165,46*62
$GIGSV,1,1,02,09,17,275,39,10,51,165,46*62
$GIGSV,1,1,02,09,17,275,39,10,51,165,46*62
$GIGSV,1,1,02,09,17,275,39,10,51,165,46*62
$GIGSV,1,1,02,09,17,275,39,10,51,165,46*62
$GIGSV,1,1,02,09,17,275,39,10,51,165,46*62
$GIGSV,1,1,02,09,17,275,39,10,51,165,46*62
$GIGSV,1,1,02,09,17,275,39,10,51,165,46*62
$GIGSV,1,1,02,09,17,275,39,10,51,165,46*62
$GIGSV,1,1,02,09,17,275,39,10,51,165,46*62
$GIGSV,1,1,02,09,17,275,39,10,51,165,46*62
$GIGSV,1,1,02,09,17,275,39,10,51,165,46*62
$GIGSV,1,1,02,09,17,275,39,10,51,165,46*62
$GIGSV,1,1,02,09,17,275,39,10,51,165,46*62
$GIGSV,1,1,02,09,17,275,39,10,51,165,46*62
$GIGSV,1,1,02,09,17,275,39,10,51,165,46*62
$GIGSV,1,1,02,09,17,275,39,10,51,165,46*62
$GIGSV,1,1,02,09,17,275,39,10,51,165,46*62
$GIGSV,1,1,02,09,17,275,39,10,51,165,45*61
$GIGSV,1,1,02,09,17,275,39,10,51,165,45*61
$GIGSV,1,1,02,09,17,275,39,10,51,165,45*61
$GIGSV,1,1,02,09,17,275,40,10,51,165,45*6F
$GIGSV,1,1,02,09,17,275,40,10,51,165,45*6F
$GIGSV,1,1,02,09,17,275,40,10,51,165,45*6F
$GIGSV,1,1,02,09,17,275,40,10,51,165,45*6F
$GIGSV,1,1,02,09,17,275,40,10,51,165,45*6F
$GIGSV,1,1,02,09,17,275,40,10,51,165,45*6F
$GIGSV,1,1,02,09,17,275,40,10,51,165,45*6F
$GIGSV,1,1,02,09,17,275,40,10,51,165,45*6F
$GIGSV,1,1,02,09,17,275,40,10,51,165,45*6F
$GIGSV,1,1,02,09,17,275,40,10,51,165,45*6F
$GIGSV,1,1,02,09,17,275,40,10,51,165,45*6F
$GIGSV,1,1,02,09,17,275,41,10,51,165,45*6E
$GIGSV,1,1,02,09,17,275,41,10,51,165,45*6E
$GIGSV,1,1,02,09,17,275,41,10,51,165,45*6E
$GIGSV,1,1,02,09,17,275,41,10,51,165,46*6D
$GIGSV,1,1,02,09,17,275,41,10,51,165,46*6D
$GIGSV,1,1,02,09,17,275,41,10,51,165,46*6D
$GIGSV,1,1,02,09,17,275,41,10,51,165,46*6D
$GIGSV,1,1,02,09,17,275,41,10,51,165,46*6D
$GIGSV,1,1,02,09,17,275,41,10,51,165,46*6D
$GIGSV,1,1,02,09,17,275,41,10,51,165,46*6D
$GIGSV,1,1,02,09,17,275,41,10,51,165,46*6D
$GIGSV,1,1,02,09,17,275,41,10,51,165,46*6D
$GIGSV,1,1,02,09,17,275,41,10,51,165,46*6D
$GIGSV,1,1,02,09,17,275,41,10,51,165,46*6D
$GIGSV,1,1,02,09,17,275,41,10,51,165,46*6D
$GIGSV,1,1,02,09,17,275,41,10,51,165,46*6D
$GIGSV,1,1,02,09,17,275,41,10,51,165,46*6D
$GIGSV,1,1,02,09,17,275,41,10,51,165,46*6D
$GIGSV,1,1,02,09,17,275,41,10,51,165,46*6D
$GIGSV,1,1,02,09,17,275,41,10,51,165,46*6D
$GIGSV,1,1,02,09,17,275,41,10,51,165,46*6D
$GIGSV,1,1,02,09,17,275,41,10,51,165,46*6D
$GIGSV,1,1,02,09,17,275,41,10,51,165,46*6D
$GIGSV,1,1,02,09,17,275,41,10,51,165,45*6E
$GIGSV,1,1,02,09,17,275,41,10,51,165,45*6E
$GIGSV,1,1,02,09,17,275,41,10,51,165,45*6E
$GIGSV,1,1,02,09,17,275,41,10,51,165,45*6E
$GIGSV,1,1,02,09,17,275,41,10,51,165,45*6E
$GIGSV,1,1,02,09,17,275,41,10,51,165,45*6E
$GIGSV,1,1,02,09,17,275,41,10,51,165,45*6E
$GIGSV,1,1,02,09,17,275,41,10,51,165,45*6E
$GIGSV,1,1,02,09,17,275,41,10,51,165,45*6E
$GIGSV,1,1,02,09,17,275,41,10,51,165,45*6E
$GIGSV,1,1,02,09,17,275,41,10,51,165,45*6E
$GIGSV,1,1,02,09,17,275,40,10,51,165,45*6F
$GIGSV,1,1,02,09,17,275,40,10,51,165,45*6F
$GIGSV,1,1,02,09,17,275,40,10,51,165,45*6F
$GIGSV,1,1,02,09,17,275,40,10,51,165,45*6F
$GIGSV,1,1,02,09,17,275,40,10,51,165,45*6F
$GIGSV,1,1,02,09,17,275,40,10,51,165,45*6F
$GIGSV,1,1,02,09,17,275,40,10,51,165,45*6F
$GIGSV,1,1,02,09,17,275,40,10,51,165,45*6F
$GIGSV,1,1,02,09,17,275,40,10,51,165,45*6F
$GIGSV,1,1,02,09,17,275,40,10,51,165,45*6F
$GIGSV,1,1,02,09,17,275,40,10,51,165,45*6F
$GIGSV,1,1,02,09,17,275,40,10,51,165,45*6F
$GIGSV,1,1,02,09,17,275,40,10,51,165,45*6F
$GIGSV,1,1,02,09,17,275,40,10,51,165,45*6F
$GIGSV,1,1,02,09,17,275,40,10,51,165,45*6F
$GIGSV,1,1,02,09,17,275,40,10,51,165,45*6F
$GIGSV,1,1,02,09,17,275,40,10,51,165,45*6F
$GIGSV,1,1,02,09,17,275,40,10,51,165,45*6F
$GIGSV,1,1,02,09,17,275,40,10,51,165,45*6F
$GIGSV,1,1,02,09,17,275,40,10,51,165,45*6F
$GIGSV,1,1,02,09,17,275,40,10,51,165,45*6F
$GIGSV,1,1,02,09,17,275,40,10,51,165,45*6F
$GIGSV,1,1,02,09,17,275,39,10,51,165,45*61
$GIGSV,1,1,02,09,17,275,39,10,51,165,45*61
$GIGSV,1,1,02,09,17,275,39,10,51,165,45*61
$GIGSV,1,1,02,09,17,275,39,10,51,165,45*61
$GIGSV,1,1,02,09,17,275,39,10,51,165,45*61
$GIGSV,1,1,02,09,17,275,39,10,51,165,45*61
$GIGSV,1,1,02,09,17,275,39,10,51,165,45*61
$GIGSV,1,1,02,09,17,275,39,10,51,165,45*61
$GIGSV,1,1,02,09,17,275,39,10,51,165,45*61
$GIGSV,1,1,02,09,17,275,39,10,51,165,45*61
$GIGSV,1,1,02,09,17,275,39,10,51,165,45*61
$GIGSV,1,1,02,09,17,275,39,10,51,165,44*60
$GIGSV,1,1,02,09,17,275,39,10,51,165,44*60
$GIGSV,1,1,02,09,17,275,39,10,51,165,44*60
$GIGSV,1,1,02,09,17,275,39,10,51,165,44*60
$GIGSV,1,1,02,09,17,275,39,10,51,165,44*60
$GIGSV,1,1,02,09,17,275,39,10,51,165,44*60
$GIGSV,1,1,02,09,17,275,39,10,51,165,44*60
$GIGSV,1,1,02,09,17,275,39,10,51,165,44*60
$GIGSV,1,1,02,09,17,275,39,10,51,165,44*60
$GIGSV,1,1,02,09,17,275,39,10,51,165,44*60
$GIGSV,1,1,02,09,17,275,39,10,51,165,44*60
$GIGSV,1,1,02,09,17,275,39,10,51,165,44*60
$GIGSV,1,1,02,09,17,275,39,10,51,165,44*60
$GIGSV,1,1,02,09,17,275,39,10,51,165,44*60
$GIGSV,1,1,02,09,17,275,39,10,51,165,44*60
$GIGSV,1,1,02,09,17,275,39,10,51,165,44*60
$GIGSV,1,1,02,09,17,275,39,10,51,165,44*60
$GIGSV,1,1,02,09,17,275,39,10,51,165,44*60
$GIGSV,1,1,02,09,17,275,39,10,51,165,44*60
$GIGSV,1,1,02,09,17,275,39,10,51,165,44*60
$GIGSV,1,1,02,09,17,275,40,10,51,165,44*6E
$GIGSV,1,1,02,09,17,275,40,10,51,165,44*6E
$GIGSV,1,1,02,09,17,275,40,10,51,165,44*6E
$GIGSV,1,1,02,09,17,275,40,10,51,165,44*6E
$GIGSV,1,1,02,09,17,275,40,10,51,165,44*6E
$GIGSV,1,1,02,09,17,275,40,10,51,165,44*6E
$GIGSV,1,1,02,09,17,275,40,10,51,165,44*6E
$GIGSV,1,1,02,09,17,275,40,10,51,165,44*6E
$GIGSV,1,1,02,09,17,275,40,10,51,165,44*6E
$GIGSV,1,1,02,09,17,275,40,10,51,165,44*6E
$GIGSV,1,1,02,09,17,275,40,10,51,165,43*69
$GIGSV,1,1,02,09,17,275,40,10,51,165,43*69
$GIGSV,1,1,02,09,17,275,40,10,51,165,43*69
$GIGSV,1,1,02,09,17,275,40,10,51,165,43*69
$GIGSV,1,1,02,09,17,275,40,10,51,165,43*69
$GIGSV,1,1,02,09,17,275,40,10,51,165,43*69
$GIGSV,1,1,02,09,17,275,40,10,51,165,43*69
$GIGSV,1,1,02,09,17,275,40,10,51,165,43*69
$GIGSV,1,1,02,09,17,275,40,10,51,165,43*69
$GIGSV,1,1,02,09,17,275,40,10,51,165,43*69
$GIGSV,1,1,02,09,17,275,40,10,51,165,42*68
$GIGSV,1,1,02,09,17,275,40,10,51,165,42*68
$GIGSV,1,1,02,09,17,275,40,10,51,165,42*68
$GIGSV,1,1,02,09,17,275,40,10,51,165,42*68
$GIGSV,1,1,02,09,17,275,40,10,51,165,42*68
$GIGSV,1,1,02,09,17,275,40,10,51,165,42*68
$GIGSV,1,1,02,09,17,275,40,10,51,165,41*6B
$GIGSV,1,1,02,09,17,275,40,10,51,165,41*6B
$GIGSV,1,1,02,09,17,275,40,10,51,165,41*6B
$GIGSV,1,1,02,09,17,275,40,10,51,165,41*6B
$GIGSV,1,1,02,09,17,275,40,10,51,165,41*6B
$GIGSV,1,1,02,09,17,275,40,10,51,165,41*6B
$GIGSV,1,1,02,09,17,275,40,10,51,165,41*6B
$GIGSV,1,1,02,09,17,275,40,10,51,165,41*6B
$GIGSV,1,1,02,09,17,275,40,10,51,165,41*6B
$GIGSV,1,1,02,09,17,275,40,10,51,165,41*6B
$GIGSV,1,1,02,09,17,275,40,10,51,165,41*6B
$GIGSV,1,1,02,09,17,275,40,10,51,165,41*6B
$GIGSV,1,1,02,09,17,275,40,10,51,165,41*6B
$GIGSV,1,1,02,09,17,275,40,10,51,165,42*68
$GIGSV,1,1,02,09,17,275,40,10,51,165,42*68
$GIGSV,1,1,02,09,17,275,40,10,51,165,42*68
$GIGSV,1,1,02,09,17,275,40,10,51,165,42*68
$GIGSV,1,1,02,09,17,275,40,10,51,165,42*68
$GIGSV,1,1,02,09,17,275,40,10,51,165,42*68
$GIGSV,1,1,02,09,17,275,40,10,51,165,42*68
$GIGSV,1,1,02,09,17,275,40,10,51,165,42*68
$GIGSV,1,1,02,09,17,275,40,10,51,165,42*68
$GIGSV,1,1,02,09,17,275,40,10,51,165,42*68
$GIGSV,1,1,02,09,17,275,40,10,51,165,42*68
$GIGSV,1,1,02,09,17,275,40,10,51,165,42*68
$GIGSV,1,1,02,09,17,275,40,10,51,165,42*68
$GIGSV,1,1,02,09,17,275,40,10,51,165,42*68
$GIGSV,1,1,02,09,17,275,40,10,51,165,42*68
$GIGSV,1,1,02,09,17,275,40,10,51,165,42*68
$GIGSV,1,1,02,09,17,275,40,10,51,165,42*68
$GIGSV,1,1,02,09,17,275,40,10,51,165,42*68
$GIGSV,1,1,02,09,17,275,40,10,51,165,42*68
$GIGSV,1,1,02,09,17,275,40,10,51,165,42*68
$GIGSV,1,1,02,09,17,275,40,10,51,165,42*68
$GIGSV,1,1,02,09,17,275,40,10,51,165,42*68
$GIGSV,1,1,02,09,17,275,40,10,51,165,42*68
$GIGSV,1,1,02,09,17,275,40,10,51,165,42*68
$GIGSV,1,1,02,09,17,275,40,10,51,165,42*68
$GIGSV,1,1,02,09,17,275,40,10,51,165,42*68
$GIGSV,1,1,02,09,17,275,40,10,51,165,42*68
$GIGSV,1,1,02,09,17,275,40,10,51,165,42*68
$GIGSV,1,1,02,09,17,275,40,10,51,165,42*68
$GIGSV,1,1,02,09,17,275,40,10,51,165,42*68
$GIGSV,1,1,02,09,17,275,40,10,51,165,42*68
$GIGSV,1,1,02,09,17,275,40,10,51,165,42*68
$GIGSV,1,1,02,09,17,275,40,10,51,165,42*68
$GIGSV,1,1,02,09,17,275,40,10,51,165,42*68
$GIGSV,1,1,02,09,17,275,40,10,51,165,42*68
$GIGSV,1,1,02,09,17,275,40,10,51,165,42*68
$GIGSV,1,1,02,09,17,275,40,10,51,165,42*68
$GIGSV,1,1,02,09,17,275,40,10,51,165,42*68
$GIGSV,1,1,02,09,17,275,40,10,51,165,42*68
$GIGSV,1,1,02,09,17,275,41,10,51,165,42*69
$GIGSV,1,1,02,09,17,275,41,10,51,165,42*69
$GIGSV,1,1,02,09,17,275,41,10,51,165,42*69
$GIGSV,1,1,02,09,17,275,41,10,51,165,42*69
$GIGSV,1,1,02,09,17,275,41,10,51,165,42*69
$GIGSV,1,1,02,09,17,275,41,10,51,165,42*69
$GIGSV,1,1,02,09,17,275,41,10,51,165,42*69
$GIGSV,1,1,02,09,17,275,41,10,51,165,42*69
$GIGSV,1,1,02,09,17,275,41,10,51,165,42*69
$GIGSV,1,1,02,09,17,275,41,10,51,165,42*69
$GIGSV,1,1,02,09,17,275,41,10,51,165,42*69
$GIGSV,1,1,02,09,17,275,41,10,51,165,42*69
$GIGSV,1,1,02,09,17,275,41,10,51,165,42*69
$GIGSV,1,1,02,09,17,275,41,10,51,165,42*69
$GIGSV,1,1,02,09,17,275,41,10,51,165,42*69
$GIGSV,1,1,02,09,17,275,41,10,51,165,42*69
$GIGSV,1,1,02,09,17,275,41,10,51,165,42*69
$GIGSV,1,1,02,09,17,275,41,10,51,165,42*69
$GIGSV,1,1,02,09,17,275,41,10,51,165,42*69
$GIGSV,1,1,02,09,17,275,41,10,51,165,42*69
$GIGSV,1,1,02,09,17,275,41,10,51,165,42*69
$GIGSV,1,1,02,09,17,275,41,10,51,165,42*69
$GIGSV,1,1,02,09,17,275,41,10,51,165,42*69
$GIGSV,1,1,02,09,17,275,41,10,51,165,42*69
$GIGSV,1,1,02,09,17,275,41,10,51,165,42*69
$GIGSV,1,1,02,09,17,275,41,10,51,165,42*69
$GIGSV,1,1,02,09,17,275,41,10,51,165,42*69
$GIGSV,1,1,02,09,17,275,41,10,51,165,42*69
$GIGSV,1,1,02,09,17,275,41,10,51,165,42*69
$GIGSV,1,1,02,09,17,275,41,10,51,165,42*69
$GIGSV,1,1,02,09,17,275,41,10,51,165,42*69
$GIGSV,1,1,02,09,17,275,41,10,51,165,43*68
$GIGSV,1,1,02,09,17,275,41,10,51,165,43*68
$GIGSV,1,1,02,09,17,275,41,10,51,165,43*68
$GIGSV,1,1,02,09,17,275,41,10,51,165,43*68
$GIGSV,1,1,02,09,17,275,41,10,51,165,43*68
$GIGSV,1,1,02,09,17,275,41,10,51,165,43*68
$GIGSV,1,1,02,09,17,275,41,10,51,165,43*68
$GIGSV,1,1,02,09,17,275,41,10,51,165,43*68
$GIGSV,1,1,02,09,17,275,41,10,51,165,43*68
$GIGSV,1,1,02,09,17,275,41,10,51,165,43*68
$GIGSV,1,1,02,09,17,275,41,10,51,165,43*68
$GIGSV,1,1,02,09,17,275,41,10,51,165,43*68
$GIGSV,1,1,02,09,17,275,41,10,51,165,43*68
$GIGSV,1,1,02,09,17,275,41,10,51,165,43*68
$GIGSV,1,1,02,09,17,275,42,10,51,165,43*6B
$GIGSV,1,1,02,09,17,275,42,10,51,165,43*6B
$GIGSV,1,1,02,09,17,275,42,10,51,165,43*6B
$GIGSV,1,1,02,09,17,275,42,10,51,165,43*6B
$GIGSV,1,1,02,09,17,275,42,10,51,165,43*6B
$GIGSV,1,1,02,09,17,275,42,10,51,165,43*6B
$GIGSV,1,1,02,09,17,275,42,10,51,165,43*6B
$GIGSV,1,1,02,09,17,275,42,10,51,165,43*6B
$GIGSV,1,1,02,09,17,275,42,10,51,165,43*6B
$GIGSV,1,1,02,09,17,275,42,10,51,165,43*6B
$GIGSV,1,1,02,09,17,275,42,10,51,165,43*6B
$GIGSV,1,1,02,09,17,275,42,10,51,165,43*6B
$GIGSV,1,1,02,09,17,275,42,10,51,165,43*6B
$GIGSV,1,1,02,09,17,275,42,10,51,165,43*6B
$GIGSV,1,1,02,09,17,275,42,10,51,165,43*6B
$GIGSV,1,1,02,09,17,275,42,10,51,165,43*6B
$GIGSV,1,1,02,09,17,275,42,10,51,165,43*6B
$GIGSV,1,1,02,09,17,275,42,10,51,165,43*6B
$GIGSV,1,1,02,09,17,275,42,10,51,165,43*6B
$GIGSV,1,1,02,09,17,275,42,10,51,165,43*6B
$GIGSV,1,1,02,09,17,275,42,10,51,165,43*6B
$GIGSV,1,1,02,09,17,275,42,10,51,165,43*6B
$GIGSV,1,1,02,09,17,275,42,10,51,165,43*6B
$GIGSV,1,1,02,09,17,275,42,10,51,165,43*6B
$GIGSV,1,1,02,09,17,275,42,10,51,165,43*6B
$GIGSV,1,1,02,09,17,275,42,10,51,165,43*6B
$GIGSV,1,1,02,09,17,275,42,10,51,165,43*6B
$GIGSV,1,1,02,09,17,275,42,10,51,165,43*6B
$GIGSV,1,1,02,09,17,275,42,10,51,165,43*6B
$GIGSV,1,1,02,09,17,275,42,10,51,165,43*6B
$GIGSV,1,1,02,09,17,275,42,10,51,165,43*6B
$GIGSV,1,1,02,09,17,275,42,10,51,165,43*6B
$GIGSV,1,1,02,09,17,275,42,10,51,165,43*6B
$GIGSV,1,1,02,09,17,275,42,10,51,165,43*6B
$GIGSV,1,1,02,09,17,275,42,10,51,165,43*6B
$GIGSV,1,1,02,09,17,275,42,10,51,165,43*6B
$GIGSV,1,1,02,09,17,275,42,10,51,165,43*6B
$GIGSV,1,1,02,09,17,275,42,10,51,165,43*6B
$GIGSV,1,1,02,09,17,275,42,10,51,165,43*6B
$GIGSV,1,1,02,09,17,275,42,10,51,165,43*6B
$GIGSV,1,1,02,09,17,275,42,10,51,165,43*6B
$GIGSV,1,1,02,09,17,275,42,10,51,165,43*6B
$GIGSV,1,1,02,09,17,275,42,10,51,165,43*6B
$GIGSV,1,1,02,09,17,275,42,10,51,165,43*6B
$GIGSV,1,1,02,09,17,275,42,10,51,165,43*6B
$GIGSV,1,1,02,09,17,275,42,10,51,165,42*6A
$GIGSV,1,1,02,09,17,275,42,10,51,165,42*6A
$GIGSV,1,1,02,09,17,275,42,10,51,165,43*6B
$GIGSV,1,1,02,09,17,275,42,10,51,165,43*6B
$GIGSV,1,1,02,09,17,275,42,10,51,165,43*6B
$GIGSV,1,1,02,09,17,275,42,10,51,165,43*6B
$GIGSV,1,1,02,09,17,275,42,10,51,165,43*6B
$GIGSV,1,1,02,09,17,275,42,10,51,165,43*6B
$GIGSV,1,1,02,09,17,275,42,10,51,165,43*6B
$GIGSV,1,1,02,09,17,275,42,10,51,165,43*6B
$GIGSV,1,1,02,09,17,275,42,10,51,165,43*6B
$GIGSV,1,1,02,09,17,275,42,10,51,165,43*6B
$GIGSV,1,1,02,09,17,275,42,10,51,165,43*6B
$GIGSV,1,1,02,09,17,275,42,10,51,165,43*6B
$GIGSV,1,1,02,09,17,275,42,10,51,165,43*6B
$GIGSV,1,1,02,09,17,275,42,10,51,165,43*6B
$GIGSV,1,1,02,09,17,275,42,10,51,165,43*6B
$GIGSV,1,1,02,09,17,275,42,10,51,165,43*6B
$GIGSV,1,1,02,09,17,275,42,10,51,165,43*6B
$GIGSV,1,1,02,09,17,275,42,10,51,165,43*6B
$GIGSV,1,1,02,09,17,275,42,10,51,165,44*6C
$GIGSV,1,1,02,09,17,275,42,10,51,165,44*6C
$GIGSV,1,1,02,09,17,275,42,10,51,165,44*6C
$GIGSV,1,1,02,09,17,275,42,10,51,165,44*6C
$GIGSV,1,1,02,09,17,275,42,10,51,165,44*6C
$GIGSV,1,1,02,09,17,275,42,10,51,165,44*6C
$GIGSV,1,1,02,09,17,275,42,10,51,165,44*6C
$GIGSV,1,1,02,09,17,275,41,10,51,165,44*6F
$GIGSV,1,1,02,09,17,275,41,10,51,165,44*6F
$GIGSV,1,1,02,09,17,275,41,10,51,165,44*6F
$GIGSV,1,1,02,09,17,275,41,10,51,165,44*6F
$GIGSV,1,1,02,09,17,275,41,10,51,165,44*6F
$GIGSV,1,1,02,09,17,275,41,10,51,165,44*6F
$GIGSV,1,1,02,09,17,275,41,10,51,165,44*6F
$GIGSV,1,1,02,09,17,275,41,10,51,165,44*6F
$GIGSV,1,1,02,09,17,275,41,10,51,165,44*6F
$GIGSV,1,1,02,09,17,275,41,10,51,165,44*6F
$GIGSV,1,1,02,09,17,275,41,10,51,165,44*6F
$GIGSV,1,1,02,09,17,275,41,10,51,165,44*6F
$GIGSV,1,1,02,09,17,275,41,10,51,165,44*6F
$GIGSV,1,1,02,09,17,275,41,10,51,165,45*6E
$GIGSV,1,1,02,09,17,275,41,10,51,165,45*6E
$GIGSV,1,1,02,09,17,275,41,10,51,165,45*6E
$GIGSV,1,1,02,09,17,275,41,10,51,165,45*6E
$GIGSV,1,1,02,09,17,275,41,10,51,165,45*6E
$GIGSV,1,1,02,09,17,275,41,10,51,165,45*6E
$GIGSV,1,1,02,09,17,275,41,10,51,165,45*6E
$GIGSV,1,1,02,09,17,275,41,10,51,165,45*6E
$GIGSV,1,1,02,09,17,275,41,10,51,165,45*6E
$GIGSV,1,1,02,09,17,275,41,10,51,165,45*6E
$GIGSV,1,1,02,09,17,275,41,10,51,165,45*6E
$GIGSV,1,1,02,09,17,275,41,10,51,165,45*6E
$GIGSV,1,1,02,09,17,275,41,10,51,165,45*6E
$GIGSV,1,1,02,09,17,275,41,10,51,165,45*6E
$GIGSV,1,1,02,09,17,275,41,10,51,165,45*6E
$GIGSV,1,1,02,09,17,275,41,10,51,165,45*6E
$GIGSV,1,1,02,09,17,275,41,10,51,165,45*6E
$GIGSV,1,1,02,09,17,275,41,10,51,165,45*6E
$GIGSV,1,1,02,09,17,275,41,10,51,165,45*6E
$GIGSV,1,1,02,09,17,275,41,10,51,165,45*6E
$GIGSV,1,1,02,09,17,275,41,10,51,165,45*6E
$GIGSV,1,1,02,09,17,275,41,10,51,165,45*6E
$GIGSV,1,1,02,09,17,275,41,10,51,165,45*6E
$GIGSV,1,1,02,09,17,275,41,10,51,165,45*6E
$GIGSV,1,1,02,09,17,275,41,10,51,165,45*6E
$GIGSV,1,1,02,09,17,275,41,10,51,165,45*6E
$GIGSV,1,1,02,09,17,275,41,10,51,165,45*6E
$GIGSV,1,1,02,09,17,275,41,10,51,165,45*6E
$GIGSV,1,1,02,09,17,275,41,10,51,165,45*6E
$GIGSV,1,1,02,09,17,275,41,10,51,165,45*6E
$GIGSV,1,1,02,09,17,275,41,10,51,165,45*6E
$GIGSV,1,1,02,09,17,275,41,10,51,165,45*6E
$GIGSV,1,1,02,09,17,275,41,10,51,165,45*6E
$GIGSV,1,1,02,09,17,275,41,10,51,165,45*6E
$GIGSV,1,1,02,09,17,275,41,10,51,165,45*6E
$GIGSV,1,1,02,09,17,275,41,10,51,165,45*6E
$GIGSV,1,1,02,09,17,275,41,10,51,165,45*6E
$GIGSV,1,1,02,09,17,275,41,10,51,165,45*6E
$GIGSV,1,1,02,09,17,275,41,10,51,165,45*6E
$GIGSV,1,1,02,09,17,275,41,10,51,165,45*6E
$GIGSV,1,1,02,09,17,275,41,10,51,165,45*6E
$GIGSV,1,1,02,09,17,275,41,10,51,165,45*6E
$GIGSV,1,1,02,09,17,275,41,10,51,165,45*6E
$GIGSV,1,1,02,09,17,275,41,10,51,165,45*6E
$GIGSV,1,1,02,09,17,275,41,10,51,165,45*6E
$GIGSV,1,1,02,09,17,275,41,10,51,165,45*6E
$GIGSV,1,1,02,09,17,275,41,10,51,165,45*6E
$GIGSV,1,1,02,09,17,275,41,10,51,165,45*6E
$GIGSV,1,1,02,09,17,275,41,10,51,165,45*6E
$GIGSV,1,1,02,09,17,275,41,10,51,165,45*6E
$GIGSV,1,1,02,09,17,275,41,10,51,165,45*6E
$GIGSV,1,1,02,09,17,275,41,10,51,165,45*6E
$GIGSV,1,1,02,09,17,275,41,10,51,165,45*6E
$GIGSV,1,1,02,09,17,275,42,10,51,165,45*6D
$GIGSV,1,1,02,09,17,275,42,10,51,165,45*6D
$GIGSV,1,1,02,09,17,275,42,10,51,165,45*6D
$GIGSV,1,1,02,09,17,275,42,10,51,165,45*6D
$GIGSV,1,1,02,09,17,275,42,10,51,165,45*6D
$GIGSV,1,1,02,09,17,275,42,10,51,165,45*6D
$GIGSV,1,1,02,09,17,275,42,10,51,165,45*6D
$GIGSV,1,1,02,09,17,275,42,10,51,165,45*6D
$GIGSV,1,1,02,09,17,275,43,10,51,165,45*6C
$GIGSV,1,1,02,09,17,275,43,10,51,165,45*6C
$GIGSV,1,1,02,09,17,275,43,10,51,165,45*6C
$GIGSV,1,1,02,09,17,275,43,10,51,165,45*6C
$GIGSV,1,1,02,09,17,275,43,10,51,165,45*6C
$GIGSV,1,1,02,09,17,275,43,10,51,165,45*6C
$GIGSV,1,1,02,09,17,275,43,10,51,165,45*6C
$GIGSV,1,1,02,09,17,275,43,10,51,165,45*6C
$GIGSV,1,1,02,09,17,275,43,10,51,165,45*6C
$GIGSV,1,1,02,09,17,275,43,10,51,165,45*6C
$GIGSV,1,1,02,09,17,275,43,10,51,165,45*6C
$GIGSV,1,1,02,09,17,275,43,10,51,165,45*6C
$GIGSV,1,1,02,09,17,275,43,10,51,165,45*6C
$GIGSV,1,1,02,09,17,275,43,10,51,165,45*6C
$GIGSV,1,1,02,09,17,275,43,10,51,165,45*6C
$GIGSV,1,1,02,09,17,275,43,10,51,165,45*6C
$GIGSV,1,1,02,09,17,275,43,10,51,165,45*6C
$GIGSV,1,1,02,09,17,275,43,10,51,165,45*6C
$GIGSV,1,1,02,09,17,275,43,10,51,165,45*6C
$GIGSV,1,1,02,09,17,275,43,10,51,165,45*6C
$GIGSV,1,1,02,09,17,275,43,10,51,165,45*6C
$GIGSV,1,1,02,09,17,275,43,10,51,165,45*6C
$GIGSV,1,1,02,09,17,275,43,10,51,165,45*6C
$GIGSV,1,1,02,09,17,275,43,10,51,165,45*6C
$GIGSV,1,1,02,09,17,275,43,10,51,165,45*6C
$GIGSV,1,1,02,09,17,275,43,10,51,165,45*6C
$GIGSV,1,1,02,09,17,275,43,10,51,165,45*6C
$GIGSV,1,1,02,09,17,275,43,10,51,165,45*6C
$GIGSV,1,1,02,09,17,275,43,10,51,165,45*6C
$GIGSV,1,1,02,09,17,275,43,10,51,165,45*6C
$GIGSV,1,1,02,09,17,275,43,10,51,165,45*6C
$GIGSV,1,1,02,09,17,275,43,10,51,165,45*6C
$GIGSV,1,1,02,09,17,275,43,10,51,165,45*6C
$GIGSV,1,1,02,09,17,275,43,10,51,165,45*6C
$GIGSV,1,1,02,09,17,275,43,10,51,165,45*6C
$GIGSV,1,1,02,09,17,275,43,10,51,165,45*6C
$GIGSV,1,1,02,09,17,275,43,10,51,165,45*6C
$GIGSV,1,1,02,09,17,275,43,10,51,165,45*6C
$GIGSV,1,1,02,09,17,275,43,10,51,165,45*6C
$GIGSV,1,1,02,09,17,275,43,10,51,165,45*6C
$GIGSV,1,1,02,09,17,275,43,10,51,165,45*6C
$GIGSV,1,1,02,09,17,275,43,10,51,165,45*6C
$GIGSV,1,1,02,09,17,275,43,10,51,165,45*6C
$GIGSV,1,1,02,09,17,275,43,10,51,165,45*6C
$GIGSV,1,1,02,09,17,275,43,10,51,165,45*6C
$GIGSV,1,1,02,09,17,275,43,10,51,165,45*6C
$GIGSV,1,1,02,09,17,275,43,10,51,165,45*6C
$GIGSV,1,1,02,09,17,275,43,10,51,165,45*6C
$GIGSV,1,1,02,09,17,275,43,10,51,165,45*6C
$GIGSV,1,1,02,09,17,275,43,10,51,165,45*6C
$GIGSV,1,1,02,09,17,275,43,10,51,165,45*6C
$GIGSV,1,1,02,09,17,275,43,10,51,165,45*6C
$GIGSV,1,1,02,09,17,275,43,10,51,165,45*6C
$GIGSV,1,1,02,09,17,275,43,10,51,165,45*6C
$GIGSV,1,1,02,09,17,275,43,10,51,165,45*6C
$GIGSV,1,1,02,09,17,275,43,10,51,165,45*6C
$GIGSV,1,1,02,09,17,275,43,10,51,165,45*6C
$GIGSV,1,1,02,09,17,275,43,10,51,165,45*6C
$GIGSV,1,1,02,09,17,275,43,10,51,165,45*6C
$GIGSV,1,1,02,09,17,275,43,10,51,165,45*6C
$GIGSV,1,1,02,09,17,275,43,10,51,165,45*6C
$GIGSV,1,1,02,09,17,275,43,10,51,165,45*6C
$GIGSV,1,1,02,09,17,275,43,10,51,165,45*6C
$GIGSV,1,1,02,09,17,275,43,10,51,165,45*6C
$GIGSV,1,1,02,09,17,275,43,10,51,165,44*6D
$GIGSV,1,1,02,09,17,275,43,10,51,165,44*6D
$GIGSV,1,1,02,09,17,275,43,10,51,165,44*6D
$GIGSV,1,1,02,09,17,275,43,10,51,165,44*6D
$GIGSV,1,1,02,09,17,275,43,10,51,165,44*6D
$GIGSV,1,1,02,09,17,275,43,10,51,165,44*6D
$GIGSV,1,1,02,09,17,275,43,10,51,165,44*6D
$GIGSV,1,1,02,09,17,275,43,10,51,165,44*6D
$GIGSV,1,1,02,09,17,275,43,10,51,165,44*6D
$GIGSV,1,1,02,09,17,275,43,10,51,165,44*6D
$GIGSV,1,1,02,09,17,275,43,10,51,165,44*6D
$GIGSV,1,1,02,09,17,275,43,10,51,165,44*6D
$GIGSV,1,1,02,09,17,275,42,10,51,165,44*6C
$GIGSV,1,1,02,09,17,275,42,10,51,165,44*6C
$GIGSV,1,1,02,09,17,275,42,10,51,165,44*6C
$GIGSV,1,1,02,09,17,275,42,10,51,165,44*6C
$GIGSV,1,1,02,09,17,275,42,10,51,165,44*6C
$GIGSV,1,1,02,09,17,275,42,10,51,165,44*6C
$GIGSV,1,1,02,09,17,275,42,10,51,165,44*6C
$GIGSV,1,1,02,09,17,275,42,10,51,165,44*6C
$GIGSV,1,1,02,09,17,275,42,10,51,165,44*6C
$GIGSV,1,1,02,09,17,275,42,10,51,165,44*6C
$GIGSV,1,1,02,09,17,275,42,10,51,165,44*6C
$GIGSV,1,1,02,09,17,275,42,10,51,165,44*6C
$GIGSV,1,1,02,09,17,275,42,10,51,165,44*6C
$GIGSV,1,1,02,09,17,275,42,10,51,165,44*6C
$GIGSV,1,1,02,09,17,275,42,10,51,165,44*6C
$GIGSV,1,1,02,09,17,275,42,10,51,165,44*6C
$GIGSV,1,1,02,09,17,275,42,10,51,165,44*6C
$GIGSV,1,1,02,09,17,275,42,10,51,165,45*6D
$GIGSV,1,1,02,09,17,275,42,10,51,165,45*6D
$GIGSV,1,1,02,09,17,275,42,10,51,165,45*6D
$GIGSV,1,1,02,09,17,275,42,10,51,165,45*6D
$GIGSV,1,1,02,09,17,275,42,10,51,165,45*6D
$GIGSV,1,1,02,09,17,275,42,10,51,165,45*6D
$GIGSV,1,1,02,09,17,275,42,10,51,165,45*6D
$GIGSV,1,1,02,09,17,275,42,10,51,165,45*6D
$GIGSV,1,1,02,09,17,275,42,10,51,165,45*6D
$GIGSV,1,1,02,09,17,275,43,10,51,165,45*6C
$GIGSV,1,1,02,09,17,275,43,10,51,165,45*6C
$GIGSV,1,1,02,09,17,275,43,10,51,165,45*6C
$GIGSV,1,1,02,09,17,275,43,10,51,165,45*6C
$GIGSV,1,1,02,09,17,275,43,10,51,165,45*6C
$GIGSV,1,1,02,09,17,275,43,10,51,165,45*6C
$GIGSV,1,1,02,09,17,275,42,10,51,165,45*6D
$GIGSV,1,1,02,09,17,275,42,10,51,165,45*6D
$GIGSV,1,1,02,09,17,275,42,10,51,165,45*6D
$GIGSV,1,1,02,09,17,275,42,10,51,165,45*6D
$GIGSV,1,1,02,09,17,275,42,10,51,165,45*6D
$GIGSV,1,1,02,09,17,275,42,10,51,165,45*6D
$GIGSV,1,1,02,09,17,275,42,10,51,165,45*6D
$GIGSV,1,1,02,09,17,275,42,10,51,165,45*6D
$GIGSV,1,1,02,09,17,275,42,10,51,165,45*6D
$GIGSV,1,1,02,09,17,275,42,10,51,165,45*6D
$GIGSV,1,1,02,09,17,275,42,10,51,165,45*6D
$GIGSV,1,1,02,09,17,275,42,10,51,165,45*6D
$GIGSV,1,1,02,09,17,275,42,10,51,165,45*6D
$GIGSV,1,1,02,09,17,275,42,10,51,165,45*6D
$GIGSV,1,1,02,09,17,275,42,10,51,165,45*6D
$GIGSV,1,1,02,09,17,275,42,10,51,165,44*6C
$GIGSV,1,1,02,09,17,275,42,10,51,165,44*6C
$GIGSV,1,1,02,09,17,275,42,10,51,165,44*6C
$GIGSV,1,1,02,09,17,275,42,10,51,165,44*6C
$GIGSV,1,1,02,09,17,275,42,10,51,165,44*6C
$GIGSV,1,1,02,09,17,275,43,10,51,165,44*6D
$GIGSV,1,1,02,09,17,275,43,10,51,165,44*6D
$GIGSV,1,1,02,09,17,275,43,10,51,165,44*6D
$GIGSV,1,1,02,09,17,275,43,10,51,165,44*6D
$GIGSV,1,1,02,09,17,275,43,10,51,165,44*6D
$GIGSV,1,1,02,09,17,275,43,10,51,165,44*6D
$GIGSV,1,1,02,09,17,275,43,10,51,165,44*6D
$GIGSV,1,1,02,09,17,275,43,10,51,165,44*6D
$GIGSV,1,1,02,09,17,275,43,10,51,165,44*6D
$GIGSV,1,1,02,09,17,275,43,10,51,165,44*6D
$GIGSV,1,1,02,09,17,275,43,10,51,165,44*6D
$GIGSV,1,1,02,09,17,275,43,10,51,165,44*6D
$GIGSV,1,1,02,09,17,275,43,10,51,165,44*6D
$GIGSV,1,1,02,09,17,275,43,10,51,165,44*6D
$GIGSV,1,1,02,09,17,275,43,10,51,165,44*6D
$GIGSV,1,1,02,09,17,275,43,10,51,165,44*6D
$GIGSV,1,1,02,09,17,275,43,10,51,165,44*6D
$GIGSV,1,1,02,09,17,275,43,10,51,165,44*6D
$GIGSV,1,1,02,09,17,275,43,10,51,165,44*6D
$GIGSV,1,1,02,09,17,275,43,10,51,165,44*6D
$GIGSV,1,1,02,09,17,275,43,10,51,165,44*6D
$GIGSV,1,1,02,09,17,275,43,10,51,165,44*6D
$GIGSV,1,1,02,09,17,275,43,10,51,165,44*6D
$GIGSV,1,1,02,09,17,275,43,10,51,165,44*6D
$GIGSV,1,1,02,09,17,275,43,10,51,165,44*6D
$GIGSV,1,1,02,09,17,275,43,10,51,165,44*6D
$GIGSV,1,1,02,09,17,275,43,10,51,165,44*6D
$GIGSV,1,1,02,09,17,275,43,10,51,165,45*6C
$GIGSV,1,1,02,09,17,275,43,10,51,165,45*6C
$GIGSV,1,1,02,09,17,275,43,10,51,165,45*6C
$GIGSV,1,1,02,09,17,275,43,10,51,165,45*6C
$GIGSV,1,1,02,09,17,275,43,10,51,165,45*6C
$GIGSV,1,1,02,09,17,275,43,10,51,165,45*6C
$GIGSV,1,1,02,09,17,275,43,10,51,165,45*6C
$GIGSV,1,1,02,09,17,275,43,10,51,165,45*6C
$GIGSV,1,1,02,09,17,275,43,10,51,165,45*6C
$GIGSV,1,1,02,09,17,275,43,10,51,165,45*6C
$GIGSV,1,1,02,09,17,275,43,10,51,165,45*6C
$GIGSV,1,1,02,09,17,275,43,10,51,165,45*6C
$GIGSV,1,1,02,09,17,275,43,10,51,165,45*6C
$GIGSV,1,1,02,09,17,275,43,10,51,165,45*6C
$GIGSV,1,1,02,09,17,275,43,10,51,165,45*6C
$GIGSV,1,1,02,09,17,275,43,10,51,165,45*6C
$GIGSV,1,1,02,09,17,275,43,10,51,165,45*6C
$GIGSV,1,1,02,09,17,275,43,10,51,165,45*6C
$GIGSV,1,1,02,09,17,275,43,10,51,165,45*6C
$GIGSV,1,1,02,09,17,275,43,10,51,165,45*6C
$GIGSV,1,1,02,09,17,275,43,10,51,165,45*6C
$GIGSV,1,1,02,09,17,275,43,10,51,165,45*6C
$GIGSV,1,1,02,09,17,275,43,10,51,165,45*6C
$GIGSV,1,1,02,09,17,275,43,10,51,165,45*6C
$GIGSV,1,1,02,09,17,275,43,10,51,165,45*6C
$GIGSV,1,1,02,09,17,275,43,10,51,165,45*6C
$GIGSV,1,1,02,09,17,275,43,10,51,165,45*6C
$GIGSV,1,1,02,09,17,275,43,10,51,165,45*6C
$GIGSV,1,1,02,09,17,275,43,10,51,165,45*6C
$GIGSV,1,1,02,09,17,275,43,10,51,165,45*6C
$GIGSV,1,1,02,09,17,275,43,10,51,165,45*6C
$GIGSV,1,1,02,09,17,275,43,10,51,165,45*6C
$GIGSV,1,1,02,09,17,275,43,10,51,165,45*6C
$GIGSV,1,1,02,09,17,275,43,10,51,165,45*6C
$GIGSV,1,1,02,09,17,275,43,10,51,165,45*6C
$GIGSV,1,1,02,09,17,275,43,10,51,165,45*6C
$GIGSV,1,1,02,09,17,275,43,10,51,165,45*6C
$GIGSV,1,1,02,09,17,275,43,10,51,165,45*6C
$GIGSV,1,1,02,09,17,275,43,10,51,165,45*6C
$GIGSV,1,1,02,09,17,275,43,10,51,165,45*6C
$GIGSV,1,1,02,09,17,275,43,10,51,165,45*6C
$GIGSV,1,1,02,09,17,275,43,10,51,165,45*6C
$GIGSV,1,1,02,09,17,275,43,10,51,165,45*6C
$GIGSV,1,1,02,09,17,275,43,10,51,165,45*6C
$GIGSV,1,1,02,09,17,275,43,10,51,165,45*6C
$GIGSV,1,1,02,09,17,275,43,10,51,165,45*6C
$GIGSV,1,1,02,09,17,275,43,10,51,165,45*6C
$GIGSV,1,1,02,09,17,275,43,10,51,165,45*6C
$GIGSV,1,1,02,09,17,275,43,10,51,165,44*6D
$GIGSV,1,1,02,09,17,275,43,10,51,165,44*6D
$GIGSV,1,1,02,09,17,275,43,10,51,165,44*6D
$GIGSV,1,1,02,09,17,275,43,10,51,165,44*6D
$GIGSV,1,1,02,09,17,275,43,10,51,165,44*6D
$GIGSV,1,1,02,09,17,275,43,10,51,165,44*6D
$GIGSV,1,1,02,09,17,275,43,10,51,165,44*6D
$GIGSV,1,1,02,09,17,275,43,10,51,165,44*6D
$GIGSV,1,1,02,09,17,275,43,10,51,165,44*6D
$GIGSV,1,1,02,09,17,275,43,10,51,165,44*6D
$GIGSV,1,1,02,09,17,275,43,10,51,165,44*6D
$GIGSV,1,1,02,09,17,275,43,10,51,165,44*6D
$GIGSV,1,1,02,09,17,275,43,10,51,165,44*6D
$GIGSV,1,1,02,09,17,275,43,10,51,165,44*6D
$GIGSV,1,1,02,09,17,275,43,10,51,165,44*6D
$GIGSV,1,1,02,09,17,275,43,10,51,165,44*6D
$GIGSV,1,1,02,09,17,275,43,10,51,165,44*6D
$GIGSV,1,1,02,09,17,275,43,10,51,165,44*6D
$GIGSV,1,1,02,09,17,275,43,10,51,165,44*6D
$GIGSV,1,1,02,09,17,275,42,10,51,165,44*6C
$GIGSV,1,1,02,09,17,275,42,10,51,165,44*6C
$GIGSV,1,1,02,09,17,275,42,10,51,165,44*6C
$GIGSV,1,1,02,09,17,275,42,10,51,165,44*6C
$GIGSV,1,1,02,09,17,275,42,10,51,165,44*6C
$GIGSV,1,1,02,09,17,275,42,10,51,165,44*6C
$GIGSV,1,1,02,09,17,275,42,10,51,165,44*6C
$GIGSV,1,1,02,09,17,275,42,10,51,165,44*6C
$GIGSV,1,1,02,09,17,275,42,10,51,165,44*6C
$GIGSV,1,1,02,09,17,275,42,10,51,165,44*6C
$GIGSV,1,1,02,09,17,275,42,10,51,165,44*6C
$GIGSV,1,1,02,09,17,275,42,10,51,165,44*6C
$GIGSV,1,1,02,09,17,275,42,10,51,165,44*6C
$GIGSV,1,1,02,09,17,275,42,10,51,165,44*6C
$GIGSV,1,1,02,09,17,275,42,10,51,165,44*6C
$GIGSV,1,1,02,09,17,275,42,10,51,165,44*6C
$GIGSV,1,1,02,09,17,275,42,10,51,165,44*6C
$GIGSV,1,1,02,09,17,275,42,10,51,165,44*6C
$GIGSV,1,1,02,09,17,275,42,10,51,165,44*6C
$GIGSV,1,1,02,09,17,275,42,10,51,165,44*6C
$GIGSV,1,1,02,09,17,275,42,10,51,165,44*6C
$GIGSV,1,1,02,09,17,275,42,10,51,165,44*6C
$GIGSV,1,1,02,09,17,275,41,10,51,165,44*6F
$GIGSV,1,1,02,09,17,275,41,10,51,165,44*6F
$GIGSV,1,1,02,09,17,275,41,10,51,165,44*6F
$GIGSV,1,1,02,09,17,275,41,10,51,165,44*6F
$GIGSV,1,1,02,09,17,275,41,10,51,165,44*6F
$GIGSV,1,1,02,09,17,275,41,10,51,165,44*6F
$GIGSV,1,1,02,09,17,275,41,10,51,165,44*6F
$GIGSV,1,1,02,09,17,275,41,10,51,165,44*6F
$GIGSV,1,1,02,09,17,275,41,10,51,165,44*6F
$GIGSV,1,1,02,09,17,275,41,10,51,165,44*6F
$GIGSV,1,1,02,09,17,275,41,10,51,165,44*6F
$GIGSV,1,1,02,09,17,275,41,10,51,165,44*6F
$GIGSV,1,1,02,09,17,275,41,10,51,165,44*6F
$GIGSV,1,1,02,09,17,275,41,10,51,165,44*6F
$GIGSV,1,1,02,09,17,275,41,10,51,165,44*6F
$GIGSV,1,1,02,09,17,275,41,10,51,165,44*6F
$GIGSV,1,1,02,09,17,275,41,10,51,165,44*6F
$GIGSV,1,1,02,09,17,275,41,10,51,165,44*6F
$GIGSV,1,1,02,09,17,275,42,10,51,165,44*6C
$GIGSV,1,1,02,09,17,275,42,10,51,165,44*6C
$GIGSV,1,1,02,09,17,275,42,10,51,165,43*6B
$GIGSV,1,1,02,09,17,275,42,10,51,165,43*6B
$GIGSV,1,1,02,09,17,275,42,10,51,165,43*6B
$GIGSV,1,1,02,09,17,275,42,10,51,165,43*6B
$GIGSV,1,1,02,09,17,275,42,10,51,165,43*6B
$GIGSV,1,1,02,09,17,275,42,10,51,165,43*6B
$GIGSV,1,1,02,09,17,275,42,10,51,165,43*6B
$GIGSV,1,1,02,09,17,275,42,10,51,165,43*6B
$GIGSV,1,1,02,09,17,275,42,10,51,165,43*6B
$GIGSV,1,1,02,09,17,275,42,10,51,165,43*6B
$GIGSV,1,1,02,09,17,275,42,10,51,165,44*6C
$GIGSV,1,1,02,09,17,275,42,10,51,165,44*6C
$GIGSV,1,1,02,09,17,275,42,10,51,165,44*6C
$GIGSV,1,1,02,09,17,275,42,10,51,165,44*6C
$GIGSV,1,1,02,09,17,275,42,10,51,165,44*6C
$GIGSV,1,1,02,09,17,275,42,10,51,165,44*6C
$GIGSV,1,1,02,09,17,275,42,10,51,165,44*6C
$GIGSV,1,1,02,09,17,275,42,10,51,165,44*6C
$GIGSV,1,1,02,09,17,275,42,10,51,165,44*6C
$GIGSV,1,1,02,09,17,275,42,10,51,165,44*6C
$GIGSV,1,1,02,09,17,275,42,10,51,165,44*6C
$GIGSV,1,1,02,09,17,275,42,10,51,165,44*6C
$GIGSV,1,1,02,09,17,275,42,10,51,165,44*6C
$GIGSV,1,1,02,09,17,275,42,10,51,165,44*6C
$GIGSV,1,1,02,09,17,275,43,10,51,165,44*6D
$GIGSV,1,1,02,09,17,275,43,10,51,165,44*6D
$GIGSV,1,1,02,09,17,275,43,10,51,165,44*6D
$GIGSV,1,1,02,09,17,275,43,10,51,165,44*6D
$GIGSV,1,1,02,09,17,275,43,10,51,165,44*6D
$GIGSV,1,1,02,09,17,275,43,10,51,165,44*6D
$GIGSV,1,1,02,09,17,275,43,10,51,165,44*6D
$GIGSV,1,1,02,09,17,275,43,10,51,165,44*6D
$GIGSV,1,1,02,09,17,275,43,10,51,165,44*6D
$GIGSV,1,1,02,09,17,275,43,10,51,165,44*6D
$GIGSV,1,1,02,09,17,275,43,10,51,165,44*6D
$GIGSV,1,1,02,09,17,275,44,10,51,165,44*6A
$GIGSV,1,1,02,09,17,275,44,10,51,165,44*6A
$GIGSV,1,1,02,09,17,275,44,10,51,165,44*6A
$GIGSV,1,1,02,09,17,275,44,10,51,165,44*6A
$GIGSV,1,1,02,09,17,275,44,10,51,165,44*6A
$GIGSV,1,1,02,09,17,275,44,10,51,165,44*6A
$GIGSV,1,1,02,09,17,275,44,10,51,165,44*6A
$GIGSV,1,1,02,09,17,275,44,10,51,165,44*6A
$GIGSV,1,1,02,09,17,275,44,10,51,165,44*6A
$GIGSV,1,1,02,09,17,275,44,10,51,165,44*6A
$GIGSV,1,1,02,09,17,275,44,10,51,165,44*6A
$GIGSV,1,1,02,09,17,275,44,10,51,165,44*6A
$GIGSV,1,1,02,09,17,275,44,10,51,165,44*6A
$GIGSV,1,1,02,09,17,275,44,10,51,165,44*6A
$GIGSV,1,1,02,09,17,275,44,10,51,165,44*6A
$GIGSV,1,1,02,09,17,275,44,10,51,165,44*6A
$GIGSV,1,1,02,09,17,275,44,10,51,165,44*6A
$GIGSV,1,1,02,09,17,275,44,10,51,165,44*6A
$GIGSV,1,1,02,09,17,275,44,10,51,165,44*6A
$GIGSV,1,1,02,09,17,275,44,10,51,165,44*6A
$GIGSV,1,1,02,09,17,275,44,10,51,165,44*6A
$GIGSV,1,1,02,09,17,275,45,10,51,165,44*6B
$GIGSV,1,1,02,09,17,275,45,10,51,165,44*6B
$GIGSV,1,1,02,09,17,275,45,10,51,165,44*6B
$GIGSV,1,1,02,09,17,275,45,10,51,165,44*6B
$GIGSV,1,1,02,09,17,275,45,10,51,165,44*6B
$GIGSV,1,1,02,09,17,275,45,10,51,165,44*6B
$GIGSV,1,1,02,09,17,275,45,10,51,165,44*6B
$GIGSV,1,1,02,09,17,275,45,10,51,165,44*6B
$GIGSV,1,1,02,09,17,275,45,10,51,165,44*6B
$GIGSV,1,1,02,09,17,275,45,10,51,165,44*6B
$GIGSV,1,1,02,09,17,275,45,10,51,165,44*6B
$GIGSV,1,1,02,09,17,275,45,10,51,165,44*6B
$GIGSV,1,1,02,09,17,275,45,10,51,165,44*6B
$GIGSV,1,1,02,09,17,275,45,10,51,165,44*6B
$GIGSV,1,1,02,09,17,275,45,10,51,165,44*6B
$GIGSV,1,1,02,09,17,275,45,10,51,165,43*6C
$GIGSV,1,1,02,09,17,275,45,10,51,165,44*6B
$GIGSV,1,1,02,09,17,275,45,10,51,165,44*6B
$GIGSV,1,1,02,09,17,275,45,10,51,165,44*6B
$GIGSV,1,1,02,09,17,275,45,10,51,165,44*6B
$GIGSV,1,1,02,09,17,275,45,10,51,165,44*6B
$GIGSV,1,1,02,09,17,275,45,10,51,165,43*6C
$GIGSV,1,1,02,09,17,275,45,10,51,165,43*6C
$GIGSV,1,1,02,09,17,275,45,10,51,165,43*6C
$GIGSV,1,1,02,09,17,275,45,10,51,165,43*6C
$GIGSV,1,1,02,09,17,275,45,10,51,165,43*6C
$GIGSV,1,1,02,09,17,275,45,10,51,165,43*6C
$GIGSV,1,1,02,09,17,275,45,10,51,165,43*6C
$GIGSV,1,1,02,09,17,275,45,10,51,165,43*6C
$GIGSV,1,1,02,09,17,275,45,10,51,165,43*6C
$GIGSV,1,1,02,09,17,275,45,10,51,165,43*6C
$GIGSV,1,1,02,09,17,275,45,10,51,165,43*6C
$GIGSV,1,1,02,09,17,275,45,10,51,165,43*6C
$GIGSV,1,1,02,09,17,275,44,10,51,165,43*6D
$GIGSV,1,1,02,09,17,275,44,10,51,165,43*6D
$GIGSV,1,1,02,09,17,275,44,10,51,165,43*6D
$GIGSV,1,1,02,09,17,275,44,10,51,165,43*6D
$GIGSV,1,1,02,09,17,275,44,10,51,165,43*6D
$GIGSV,1,1,02,09,17,275,44,10,51,165,43*6D
$GIGSV,1,1,02,09,17,275,44,10,51,165,43*6D
$GIGSV,1,1,02,09,17,275,44,10,51,165,43*6D
$GIGSV,1,1,02,09,17,275,44,10,51,165,43*6D
$GIGSV,1,1,02,09,17,275,44,10,51,165,43*6D
$GIGSV,1,1,02,09,17,275,44,10,51,165,43*6D
$GIGSV,1,1,02,09,17,275,44,10,51,165,43*6D
$GIGSV,1,1,02,09,17,275,44,10,51,165,43*6D
$GIGSV,1,1,02,09,17,275,44,10,51,165,43*6D
$GIGSV,1,1,02,09,17,275,44,10,51,165,43*6D
$GIGSV,1,1,02,09,17,275,44,10,51,165,43*6D
$GIGSV,1,1,02,09,17,275,44,10,51,165,43*6D
$GIGSV,1,1,02,09,17,275,44,10,51,165,43*6D
$GIGSV,1,1,02,09,17,275,44,10,51,165,43*6D
$GIGSV,1,1,02,09,17,275,44,10,51,165,43*6D
$GIGSV,1,1,02,09,17,275,44,10,51,165,43*6D
$GIGSV,1,1,02,09,17,275,44,10,51,165,43*6D
$GIGSV,1,1,02,09,17,275,44,10,51,165,43*6D
$GIGSV,1,1,02,09,17,275,44,10,51,165,43*6D
$GIGSV,1,1,02,09,17,275,44,10,51,165,43*6D
$GIGSV,1,1,02,09,17,276,44,10,51,165,43*6E
$GIGSV,1,1,02,09,17,276,44,10,51,165,43*6E
$GIGSV,1,1,02,09,17,276,44,10,51,165,43*6E
$GIGSV,1,1,02,09,17,276,44,10,51,165,43*6E
$GIGSV,1,1,02,09,17,276,44,10,51,165,43*6E
$GIGSV,1,1,02,09,17,276,44,10,51,165,43*6E
$GIGSV,1,1,02,09,17,276,44,10,51,165,43*6E
$GIGSV,1,1,02,09,17,276,44,10,51,165,43*6E
$GIGSV,1,1,02,09,17,276,44,10,51,165,43*6E
$GIGSV,1,1,02,09,17,276,44,10,51,165,43*6E
$GIGSV,1,1,02,09,17,276,44,10,51,165,43*6E
$GIGSV,1,1,02,09,17,276,44,10,51,165,43*6E
$GIGSV,1,1,02,09,17,276,44,10,51,165,43*6E
$GIGSV,1,1,02,09,17,276,44,10,51,165,44*69
$GIGSV,1,1,02,09,17,276,44,10,51,165,43*6E
$GIGSV,1,1,02,09,17,276,43,10,51,165,43*69
$GIGSV,1,1,02,09,17,276,43,10,51,165,43*69
$GIGSV,1,1,02,09,17,276,43,10,51,165,43*69
$GIGSV,1,1,02,09,17,276,43,10,51,165,43*69
$GIGSV,1,1,02,09,17,276,43,10,51,165,43*69
$GIGSV,1,1,02,09,17,276,43,10,51,165,43*69
$GIGSV,1,1,02,09,17,276,43,10,51,165,43*69
$GIGSV,1,1,02,09,17,276,43,10,51,165,43*69
$GIGSV,1,1,02,09,17,276,43,10,51,165,43*69
$GIGSV,1,1,02,09,17,276,43,10,51,165,43*69
$GIGSV,1,1,02,09,17,276,43,10,51,165,43*69
$GIGSV,1,1,02,09,17,276,43,10,51,165,43*69
$GIGSV,1,1,02,09,17,276,43,10,51,165,43*69
$GIGSV,1,1,02,09,17,276,43,10,51,165,43*69
$GIGSV,1,1,02,09,17,276,43,10,51,165,43*69
$GIGSV,1,1,02,09,17,276,43,10,51,165,42*68
$GIGSV,1,1,02,09,17,276,43,10,51,165,42*68
$GIGSV,1,1,02,09,17,276,43,10,51,165,42*68
$GIGSV,1,1,02,09,17,276,43,10,51,165,42*68
$GIGSV,1,1,02,09,17,276,43,10,51,165,42*68
$GIGSV,1,1,02,09,17,276,43,10,51,165,42*68
$GIGSV,1,1,02,09,17,276,43,10,51,165,42*68
$GIGSV,1,1,02,09,17,276,43,10,51,165,42*68
$GIGSV,1,1,02,09,17,276,43,10,51,165,42*68
$GIGSV,1,1,02,09,17,276,43,10,51,165,42*68
$GIGSV,1,1,02,09,17,276,43,10,51,165,42*68
$GIGSV,1,1,02,09,17,276,43,10,51,165,42*68
$GIGSV,1,1,02,09,17,276,43,10,51,165,42*68
$GIGSV,1,1,02,09,17,276,43,10,51,165,42*68
$GIGSV,1,1,02,09,17,276,43,10,51,165,42*68
$GIGSV,1,1,02,09,17,276,43,10,51,165,42*68
$GIGSV,1,1,02,09,17,276,44,10,51,165,42*6F
$GIGSV,1,1,02,09,17,276,44,10,51,165,42*6F
$GIGSV,1,1,02,09,17,276,44,10,51,165,42*6F
$GIGSV,1,1,02,09,17,276,44,10,51,165,42*6F
$GIGSV,1,1,02,09,17,276,44,10,51,165,42*6F
$GIGSV,1,1,02,09,17,276,44,10,51,165,41*6C
$GIGSV,1,1,02,09,17,276,44,10,51,165,41*6C
$GIGSV,1,1,02,09,17,276,44,10,51,165,41*6C
$GIGSV,1,1,02,09,17,276,44,10,51,165,41*6C
$GIGSV,1,1,02,09,17,276,44,10,51,165,41*6C
$GIGSV,1,1,02,09,17,276,44,10,51,165,41*6C
$GIGSV,1,1,02,09,17,276,44,10,51,165,41*6C
$GIGSV,1,1,02,09,17,276,44,10,51,165,41*6C
$GIGSV,1,1,02,09,17,276,44,10,51,165,41*6C
$GIGSV,1,1,02,09,17,276,44,10,51,165,41*6C
$GIGSV,1,1,02,09,17,276,44,10,51,165,41*6C
$GIGSV,1,1,02,09,17,276,44,10,51,165,41*6C
$GIGSV,1,1,02,09,17,276,44,10,51,165,41*6C
$GIGSV,1,1,02,09,17,276,44,10,51,165,41*6C
$GIGSV,1,1,02,09,17,276,44,10,51,165,41*6C
$GIGSV,1,1,02,09,17,276,44,10,51,165,41*6C
$GIGSV,1,1,02,09,17,276,44,10,51,165,41*6C
$GIGSV,1,1,02,09,17,276,44,10,51,165,41*6C
$GIGSV,1,1,02,09,17,276,44,10,51,165,41*6C
$GIGSV,1,1,02,09,17,276,44,10,51,165,41*6C
$GIGSV,1,1,02,09,17,276,44,10,51,165,41*6C
$GIGSV,1,1,02,09,17,276,44,10,51,165,41*6C
$GIGSV,1,1,02,09,17,276,44,10,51,165,41*6C
$GIGSV,1,1,02,09,17,276,44,10,51,165,41*6C
$GIGSV,1,1,02,09,17,276,44,10,51,165,41*6C
$GIGSV,1,1,02,09,17,276,44,10,51,165,41*6C
$GIGSV,1,1,02,09,17,276,44,10,51,165,41*6C
$GIGSV,1,1,02,09,17,276,44,10,51,165,41*6C
$GIGSV,1,1,02,09,17,276,44,10,51,165,41*6C
$GIGSV,1,1,02,09,17,276,44,10,51,165,41*6C
$GIGSV,1,1,02,09,17,276,44,10,51,165,41*6C
$GIGSV,1,1,02,09,17,276,44,10,51,165,41*6C
$GIGSV,1,1,02,09,17,276,44,10,51,165,41*6C
$GIGSV,1,1,02,09,17,276,44,10,51,165,41*6C
$GIGSV,1,1,02,09,17,276,44,10,51,165,41*6C
$GIGSV,1,1,02,09,17,276,44,10,51,165,41*6C
$GIGSV,1,1,02,09,17,276,44,10,51,165,41*6C
$GIGSV,1,1,02,09,17,276,44,10,51,165,41*6C
$GIGSV,1,1,02,09,17,276,44,10,51,165,41*6C
$GIGSV,1,1,02,09,17,276,44,10,51,165,41*6C
$GIGSV,1,1,02,09,17,276,44,10,51,165,41*6C
$GIGSV,1,1,02,09,17,276,44,10,51,165,41*6C
$GIGSV,1,1,02,09,17,276,44,10,51,165,41*6C
$GIGSV,1,1,02,09,17,276,44,10,51,165,41*6C
$GIGSV,1,1,02,09,17,276,44,10,51,165,41*6C
$GIGSV,1,1,02,09,17,276,44,10,51,165,41*6C
$GIGSV,1,1,02,09,17,276,44,10,51,165,40*6D
$GIGSV,1,1,02,09,17,276,44,10,51,165,40*6D
$GIGSV,1,1,02,09,17,276,44,10,51,165,40*6D
$GIGSV,1,1,02,09,17,276,44,10,51,165,40*6D
$GIGSV,1,1,02,09,17,276,44,10,51,165,40*6D
$GIGSV,1,1,02,09,17,276,44,10,51,165,40*6D
$GIGSV,1,1,02,09,17,276,44,10,51,165,40*6D
$GIGSV,1,1,02,09,17,276,44,10,51,165,40*6D
$GIGSV,1,1,02,09,17,276,44,10,51,165,40*6D
$GIGSV,1,1,02,09,17,276,44,10,51,165,40*6D
$GIGSV,1,1,02,09,17,276,44,10,51,165,40*6D
$GIGSV,1,1,02,09,17,276,44,10,51,165,40*6D
$GIGSV,1,1,02,09,17,276,44,10,51,165,40*6D
$GIGSV,1,1,02,09,17,276,44,10,51,165,40*6D
$GIGSV,1,1,02,09,17,276,44,10,51,165,40*6D
$GIGSV,1,1,02,09,17,276,44,10,51,165,40*6D
$GIGSV,1,1,02,09,17,276,44,10,51,165,40*6D
$GIGSV,1,1,02,09,17,276,44,10,51,165,40*6D
$GIGSV,1,1,02,09,17,276,44,10,51,165,40*6D
$GIGSV,1,1,02,09,17,276,44,10,51,165,40*6D
$GIGSV,1,1,02,09,17,276,44,10,51,165,40*6D
$GIGSV,1,1,02,09,17,276,44,10,51,165,40*6D
$GIGSV,1,1,02,09,17,276,45,10,51,165,40*6C
$GIGSV,1,1,02,09,17,276,45,10,51,165,40*6C
$GIGSV,1,1,02,09,17,276,45,10,51,165,40*6C
$GIGSV,1,1,02,09,17,276,45,10,51,165,40*6C
$GIGSV,1,1,02,09,17,276,45,10,51,165,39*62
$GIGSV,1,1,02,09,17,276,45,10,51,165,39*62
$GIGSV,1,1,02,09,17,276,45,10,51,165,39*62
$GIGSV,1,1,02,09,17,276,45,10,51,165,39*62
$GIGSV,1,1,02,09,17,276,45,10,51,165,39*62
$GIGSV,1,1,02,09,17,276,45,10,51,165,39*62
$GIGSV,1,1,02,09,17,276,45,10,51,165,39*62
$GIGSV,1,1,02,09,17,276,45,10,51,165,39*62
$GIGSV,1,1,02,09,17,276,45,10,51,165,39*62
$GIGSV,1,1,02,09,17,276,45,10,51,165,39*62
$GIGSV,1,1,02,09,17,276,45,10,51,165,39*62
$GIGSV,1,1,02,09,17,276,45,10,51,165,39*62
$GIGSV,1,1,02,09,17,276,45,10,51,165,39*62
$GIGSV,1,1,02,09,17,276,45,10,51,165,39*62
$GIGSV,1,1,02,09,17,276,45,10,51,165,39*62
$GIGSV,1,1,02,09,17,276,45,10,51,165,39*62
$GIGSV,1,1,02,09,17,276,45,10,51,165,38*63
$GIGSV,1,1,02,09,17,276,45,10,51,165,38*63
$GIGSV,1,1,02,09,17,276,45,10,51,165,38*63
$GIGSV,1,1,02,09,17,276,45,10,51,165,38*63
$GIGSV,1,1,02,09,17,276,45,10,51,165,38*63
$GIGSV,1,1,02,09,17,276,45,10,51,165,38*63
$GIGSV,1,1,02,09,17,276,45,10,51,165,38*63
$GIGSV,1,1,02,09,17,276,45,10,51,165,38*63
$GIGSV,1,1,02,09,17,276,45,10,51,165,38*63
$GIGSV,1,1,02,09,17,276,45,10,51,165,38*63
$GIGSV,1,1,02,09,17,276,45,10,51,165,38*63
$GIGSV,1,1,02,09,17,276,45,10,51,165,38*63
$GIGSV,1,1,02,09,17,276,45,10,51,165,38*63
$GIGSV,1,1,02,09,17,276,45,10,51,165,38*63
$GIGSV,1,1,02,09,17,276,45,10,51,165,37*6C
$GIGSV,1,1,02,09,17,276,45,10,51,165,37*6C
$GIGSV,1,1,02,09,17,276,45,10,51,165,37*6C
$GIGSV,1,1,02,09,17,276,45,10,51,165,37*6C
$GIGSV,1,1,02,09,17,276,45,10,51,165,37*6C
$GIGSV,1,1,02,09,17,276,45,10,51,165,37*6C
$GIGSV,1,1,02,09,17,276,45,10,51,165,37*6C
$GIGSV,1,1,02,09,17,276,45,10,51,165,37*6C
$GIGSV,1,1,02,09,17,276,45,10,51,165,37*6C
$GIGSV,1,1,02,09,17,276,45,10,51,165,37*6C
$GIGSV,1,1,02,09,17,276,45,10,51,165,37*6C
$GIGSV,1,1,02,09,17,276,45,10,51,165,37*6C
$GIGSV,1,1,02,09,17,276,45,10,51,165,37*6C
$GIGSV,1,1,02,09,17,276,45,10,51,165,37*6C
$GIGSV,1,1,02,09,17,276,45,10,51,165,37*6C
$GIGSV,1,1,02,09,17,276,45,10,51,165,36*6D
$GIGSV,1,1,02,09,17,276,45,10,51,165,36*6D
$GIGSV,1,1,02,09,17,276,45,10,51,165,36*6D
$GIGSV,1,1,02,09,17,276,45,10,51,165,36*6D
$GIGSV,1,1,02,09,17,276,45,10,51,165,36*6D
$GIGSV,1,1,02,09,17,276,45,10,51,165,36*6D
$GIGSV,1,1,02,09,17,276,45,10,51,165,36*6D
$GIGSV,1,1,02,09,17,276,45,10,51,165,36*6D
$GIGSV,1,1,02,09,17,276,45,10,51,165,36*6D
$GIGSV,1,1,02,09,17,276,45,10,51,165,36*6D
$GIGSV,1,1,02,09,17,276,45,10,51,165,36*6D
$GIGSV,1,1,02,09,17,276,45,10,51,165,36*6D
$GIGSV,1,1,02,09,17,276,45,10,51,165,36*6D
$GIGSV,1,1,02,09,17,276,45,10,51,165,36*6D
$GIGSV,1,1,02,09,17,276,45,10,51,165,35*6E
$GIGSV,1,1,02,09,17,276,46,10,51,165,35*6D
$GIGSV,1,1,02,09,17,276,46,10,51,165,35*6D
$GIGSV,1,1,02,09,17,276,46,10,51,165,35*6D
$GIGSV,1,1,02,09,17,276,46,10,51,165,35*6D
$GIGSV,1,1,02,09,17,276,46,10,51,165,35*6D
$GIGSV,1,1,02,09,17,276,46,10,51,165,35*6D
$GIGSV,1,1,02,09,17,276,46,10,51,165,35*6D
$GIGSV,1,1,02,09,17,276,46,10,51,165,35*6D
$GIGSV,1,1,02,09,17,276,46,10,51,165,35*6D
$GIGSV,1,1,02,09,17,276,46,10,51,165,35*6D
$GIGSV,1,1,02,09,17,276,46,10,51,165,35*6D
$GIGSV,1,1,02,09,17,276,46,10,51,165,35*6D
$GIGSV,1,1,02,09,17,276,46,10,51,165,35*6D
$GIGSV,1,1,02,09,17,276,46,10,51,165,35*6D
$GIGSV,1,1,02,09,17,276,46,10,51,165,35*6D
$GIGSV,1,1,02,09,17,276,46,10,51,165,34*6C
$GIGSV,1,1,02,09,17,276,46,10,51,165,34*6C
$GIGSV,1,1,02,09,17,276,46,10,51,165,34*6C
$GIGSV,1,1,02,09,17,276,46,10,51,165,34*6C
$GIGSV,1,1,02,09,17,276,46,10,51,165,34*6C
$GIGSV,1,1,02,09,17,276,46,10,51,165,34*6C
$GIGSV,1,1,02,09,17,276,46,10,51,165,34*6C
$GIGSV,1,1,02,09,17,276,46,10,51,165,34*6C
$GIGSV,1,1,02,09,17,276,46,10,51,165,34*6C
$GIGSV,1,1,02,09,17,276,46,10,51,165,34*6C
$GIGSV,1,1,02,09,17,276,46,10,51,165,34*6C
$GIGSV,1,1,02,09,17,276,46,10,51,165,34*6C
$GIGSV,1,1,02,09,17,276,46,10,51,165,34*6C
$GIGSV,1,1,02,09,17,276,46,10,51,165,34*6C
$GIGSV,1,1,02,09,17,276,46,10,51,165,34*6C
$GIGSV,1,1,02,09,17,276,46,10,51,165,34*6C
$GIGSV,1,1,02,09,17,276,46,10,51,165,34*6C
$GIGSV,1,1,02,09,17,276,46,10,51,165,34*6C
$GIGSV,1,1,02,09,17,276,46,10,51,165,34*6C
$GIGSV,1,1,02,09,17,276,46,10,51,165,34*6C
$GIGSV,1,1,02,09,17,276,46,10,51,165,34*6C
$GIGSV,1,1,02,09,17,276,46,10,51,165,34*6C
$GIGSV,1,1,02,09,17,276,46,10,51,165,34*6C
$GIGSV,1,1,02,09,17,276,46,10,51,165,34*6C
$GIGSV,1,1,02,09,17,276,46,10,51,165,34*6C
$GIGSV,1,1,02,09,17,276,46,10,51,165,34*6C
$GIGSV,1,1,02,09,17,276,46,10,51,165,34*6C
$GIGSV,1,1,02,09,17,276,45,10,51,165,34*6F
$GIGSV,1,1,02,09,17,276,45,10,51,165,34*6F
$GIGSV,1,1,02,09,17,276,45,10,51,165,34*6F
$GIGSV,1,1,02,09,17,276,45,10,51,165,34*6F
$GIGSV,1,1,02,09,17,276,45,10,51,165,34*6F
$GIGSV,1,1,02,09,17,276,45,10,51,165,34*6F
$GIGSV,1,1,02,09,17,276,45,10,51,165,34*6F
$GIGSV,1,1,02,09,17,276,45,10,51,165,35*6E
$GIGSV,1,1,02,09,17,276,45,10,51,165,35*6E
$GIGSV,1,1,02,09,17,276,45,10,51,165,35*6E
$GIGSV,1,1,02,09,17,276,45,10,51,165,35*6E
$GIGSV,1,1,02,09,17,276,45,10,51,165,35*6E
$GIGSV,1,1,02,09,17,276,45,10,51,165,35*6E
$GIGSV,1,1,02,09,17,276,45,10,51,165,36*6D
$GIGSV,1,1,02,09,17,276,45,10,51,165,36*6D
$GIGSV,1,1,02,09,17,276,45,10,51,165,36*6D
$GIGSV,1,1,02,09,17,276,45,10,51,165,36*6D
$GIGSV,1,1,02,09,17,276,45,10,51,165,36*6D
$GIGSV,1,1,02,09,17,276,45,10,51,165,36*6D
$GIGSV,1,1,02,09,17,276,45,10,51,165,36*6D
$GIGSV,1,1,02,09,17,276,45,10,51,165,37*6C
$GIGSV,1,1,02,09,17,276,45,10,51,165,37*6C
$GIGSV,1,1,02,09,17,276,45,10,51,165,37*6C
$GIGSV,1,1,02,09,17,276,45,10,51,165,37*6C
$GIGSV,1,1,02,09,17,276,45,10,51,165,37*6C
$GIGSV,1,1,02,09,17,276,45,10,51,165,37*6C
$GIGSV,1,1,02,09,17,276,45,10,51,165,37*6C
$GIGSV,1,1,02,09,17,276,45,10,51,165,37*6C
$GIGSV,1,1,02,09,17,276,45,10,51,165,37*6C
$GIGSV,1,1,02,09,17,276,45,10,51,165,38*63
$GIGSV,1,1,02,09,17,276,45,10,51,165,38*63
$GIGSV,1,1,02,09,17,276,45,10,51,165,38*63
$GIGSV,1,1,02,09,17,276,45,10,51,165,38*63
$GIGSV,1,1,02,09,17,276,45,10,51,165,38*63
$GIGSV,1,1,02,09,17,276,45,10,51,165,38*63
$GIGSV,1,1,02,09,17,276,45,10,51,165,38*63
$GIGSV,1,1,02,09,17,276,45,10,51,165,38*63
$GIGSV,1,1,02,09,17,276,45,10,51,165,38*63
$GIGSV,1,1,02,09,17,276,45,10,51,165,38*63
$GIGSV,1,1,02,09,17,276,45,10,51,165,38*63
$GIGSV,1,1,02,09,17,276,44,10,51,165,38*62
$GIGSV,1,1,02,09,17,276,44,10,51,165,38*62
$GIGSV,1,1,02,09,17,276,44,10,51,165,38*62
$GIGSV,1,1,02,09,17,276,44,10,51,165,38*62
$GIGSV,1,1,02,09,17,276,44,10,51,165,39*63
$GIGSV,1,1,02,09,17,276,44,10,51,165,39*63
$GIGSV,1,1,02,09,17,276,44,10,51,165,39*63
$GIGSV,1,1,02,09,17,276,44,10,51,165,39*63
$GIGSV,1,1,02,09,17,276,44,10,51,165,39*63
$GIGSV,1,1,02,09,17,276,44,10,51,165,39*63
$GIGSV,1,1,02,09,17,276,44,10,51,165,39*63
$GIGSV,1,1,02,09,17,276,44,10,51,165,39*63
$GIGSV,1,1,02,09,17,276,44,10,51,165,39*63
$GIGSV,1,1,02,09,17,276,44,10,51,165,39*63
$GIGSV,1,1,02,09,17,276,44,10,51,165,39*63
$GIGSV,1,1,02,09,17,276,44,10,51,165,39*63
$GIGSV,1,1,02,09,17,276,44,10,51,165,39*63
$GIGSV,1,1,02,09,17,276,44,10,51,165,39*63
$GIGSV,1,1,02,09,17,276,44,10,51,165,39*63
$GIGSV,1,1,02,09,17,276,44,10,51,165,39*63
$GIGSV,1,1,02,09,17,276,44,10,51,165,39*63
$GIGSV,1,1,02,09,17,276,44,10,51,165,39*63
$GIGSV,1,1,02,09,17,276,44,10,51,165,39*63
$GIGSV,1,1,02,09,17,276,44,10,51,165,39*63
$GIGSV,1,1,02,09,17,276,44,10,51,165,39*63
$GIGSV,1,1,02,09,17,276,44,10,51,165,39*63
$GIGSV,1,1,02,09,17,276,44,10,51,165,40*6D
$GIGSV,1,1,02,09,17,276,44,10,51,165,40*6D
$GIGSV,1,1,02,09,17,276,44,10,51,165,40*6D
$GIGSV,1,1,02,09,17,276,44,10,51,165,40*6D
$GIGSV,1,1,02,09,17,276,44,10,51,165,40*6D
$GIGSV,1,1,02,09,17,276,44,10,51,165,40*6D
$GIGSV,1,1,02,09,17,276,44,10,51,165,40*6D
$GIGSV,1,1,02,09,17,276,44,10,51,165,40*6D
$GIGSV,1,1,02,09,17,276,44,10,51,165,40*6D
$GIGSV,1,1,02,09,17,276,44,10,51,165,40*6D
$GIGSV,1,1,02,09,17,276,44,10,51,165,40*6D
$GIGSV,1,1,02,09,17,276,44,10,51,165,40*6D
$GIGSV,1,1,02,09,17,276,44,10,51,165,40*6D
$GIGSV,1,1,02,09,17,276,44,10,51,165,40*6D
$GIGSV,1,1,02,09,17,276,44,10,51,165,40*6D
$GIGSV,1,1,02,09,17,276,44,10,51,165,40*6D
$GIGSV,1,1,02,09,17,276,44,10,51,165,40*6D
$GIGSV,1,1,02,09,17,276,44,10,51,165,40*6D
$GIGSV,1,1,02,09,17,276,44,10,51,165,40*6D
$GIGSV,1,1,02,09,17,276,43,10,51,165,40*6A
$GIGSV,1,1,02,09,17,276,43,10,51,165,40*6A
$GIGSV,1,1,02,09,17,276,43,10,51,165,40*6A
$GIGSV,1,1,02,09,17,276,43,10,51,165,40*6A
$GIGSV,1,1,02,09,17,276,43,10,51,165,40*6A
$GIGSV,1,1,02,09,17,276,43,10,51,165,40*6A
$GIGSV,1,1,02,09,17,276,43,10,51,165,40*6A
$GIGSV,1,1,02,09,17,276,43,10,51,165,40*6A
$GIGSV,1,1,02,09,17,276,43,10,51,165,40*6A
$GIGSV,1,1,02,09,17,276,43,10,51,165,40*6A
$GIGSV,1,1,02,09,17,276,43,10,51,165,40*6A
$GIGSV,1,1,02,09,17,276,43,10,51,165,40*6A
$GIGSV,1,1,02,09,17,276,43,10,51,165,40*6A
$GIGSV,1,1,02,09,17,276,43,10,51,165,40*6A
$GIGSV,1,1,02,09,17,276,43,10,51,165,40*6A
$GIGSV,1,1,02,09,17,276,43,10,51,165,40*6A
$GIGSV,1,1,02,09,17,276,43,10,51,165,40*6A
$GIGSV,1,1,02,09,17,276,43,10,51,165,40*6A
$GIGSV,1,1,02,09,17,276,43,10,51,165,40*6A
$GIGSV,1,1,02,09,17,276,43,10,51,165,40*6A
$GIGSV,1,1,02,09,17,276,43,10,51,165,40*6A
$GIGSV,1,1,02,09,17,276,43,10,51,165,40*6A
$GIGSV,1,1,02,09,17,276,43,10,51,165,40*6A
$GIGSV,1,1,02,09,17,276,43,10,51,165,40*6A
$GIGSV,1,1,02,09,17,276,43,10,51,165,40*6A
$GIGSV,1,1,02,09,17,276,43,10,51,165,40*6A
$GIGSV,1,1,02,09,17,276,43,10,51,165,40*6A
$GIGSV,1,1,02,09,17,276,43,10,51,165,40*6A
$GIGSV,1,1,02,09,17,276,43,10,51,165,40*6A
$GIGSV,1,1,02,09,17,276,43,10,51,165,40*6A
$GIGSV,1,1,02,09,17,276,43,10,51,165,40*6A
$GIGSV,1,1,02,09,17,276,43,10,51,165,40*6A
$GIGSV,1,1,02,09,17,276,43,10,51,165,40*6A
$GIGSV,1,1,02,09,17,276,43,10,51,165,40*6A
$GIGSV,1,1,02,09,17,276,43,10,51,165,40*6A
$GIGSV,1,1,02,09,17,276,43,10,51,165,40*6A
$GIGSV,1,1,02,09,17,276,43,10,51,165,40*6A
$GIGSV,1,1,02,09,17,276,43,10,51,165,40*6A
$GIGSV,1,1,02,09,17,276,43,10,51,165,40*6A
$GIGSV,1,1,02,09,17,276,43,10,51,165,40*6A
$GIGSV,1,1,02,09,17,276,43,10,51,165,40*6A
$GIGSV,1,1,02,09,17,276,43,10,51,165,40*6A
$GIGSV,1,1,02,09,17,276,43,10,51,165,40*6A
$GIGSV,1,1,02,09,17,276,43,10,51,165,41*6B
$GIGSV,1,1,02,09,17,276,43,10,51,165,41*6B
$GIGSV,1,1,02,09,17,276,43,10,51,165,41*6B
$GIGSV,1,1,02,09,17,276,43,10,51,165,41*6B
$GIGSV,1,1,02,09,17,276,43,10,51,165,41*6B
$GIGSV,1,1,02,09,17,276,43,10,51,165,41*6B
$GIGSV,1,1,02,09,17,276,43,10,51,165,41*6B
$GIGSV,1,1,02,09,17,276,43,10,51,165,41*6B
$GIGSV,1,1,02,09,17,276,43,10,51,165,41*6B
$GIGSV,1,1,02,09,17,276,43,10,51,165,41*6B
$GIGSV,1,1,02,09,17,276,43,10,51,165,41*6B
$GIGSV,1,1,02,09,17,276,43,10,51,165,41*6B
$GIGSV,1,1,02,09,17,276,43,10,51,165,41*6B
$GIGSV,1,1,02,09,17,276,43,10,51,165,41*6B
$GIGSV,1,1,02,09,17,276,43,10,51,165,41*6B
$GIGSV,1,1,02,09,17,276,43,10,51,165,41*6B
$GIGSV,1,1,02,09,17,276,43,10,51,165,41*6B
$GIGSV,1,1,02,09,17,276,44,10,51,165,41*6C
$GIGSV,1,1,02,09,17,276,44,10,51,165,41*6C
$GIGSV,1,1,02,09,17,276,44,10,51,165,41*6C
$GIGSV,1,1,02,09,17,276,44,10,51,165,41*6C
$GIGSV,1,1,02,09,17,276,44,10,51,165,41*6C
$GIGSV,1,1,02,09,17,276,44,10,51,165,41*6C
$GIGSV,1,1,02,09,17,276,44,10,51,165,41*6C
$GIGSV,1,1,02,09,17,276,44,10,51,165,41*6C
$GIGSV,1,1,02,09,17,276,44,10,51,165,41*6C
$GIGSV,1,1,02,09,17,276,44,10,51,165,41*6C
$GIGSV,1,1,02,09,17,276,44,10,51,165,41*6C
$GIGSV,1,1,02,09,17,276,44,10,51,165,41*6C
$GIGSV,1,1,02,09,17,276,44,10,51,165,41*6C
$GIGSV,1,1,02,09,17,276,44,10,51,165,41*6C
$GIGSV,1,1,02,09,17,276,44,10,51,165,41*6C
$GIGSV,1,1,02,09,17,276,44,10,51,165,41*6C
$GIGSV,1,1,02,09,17,276,44,10,51,165,41*6C
$GIGSV,1,1,02,09,17,276,44,10,51,165,41*6C
$GIGSV,1,1,02,09,17,276,44,10,51,165,41*6C
$GIGSV,1,1,02,09,17,276,44,10,51,165,41*6C
$GIGSV,1,1,02,09,17,276,44,10,51,165,41*6C
$GIGSV,1,1,02,09,17,276,44,10,51,165,41*6C
$GIGSV,1,1,02,09,17,276,44,10,51,165,41*6C
$GIGSV,1,1,02,09,17,276,44,10,51,165,41*6C
$GIGSV,1,1,02,09,17,276,44,10,51,165,41*6C
$GIGSV,1,1,02,09,17,276,44,10,51,165,41*6C
$GIGSV,1,1,02,09,17,276,44,10,51,165,41*6C
$GIGSV,1,1,02,09,17,276,44,10,51,165,41*6C
$GIGSV,1,1,02,09,17,276,44,10,51,165,41*6C
$GIGSV,1,1,02,09,17,276,44,10,51,165,41*6C
$GIGSV,1,1,02,09,17,276,44,10,51,165,41*6C
$GIGSV,1,1,02,09,17,276,44,10,51,165,41*6C
$GIGSV,1,1,02,09,17,276,44,10,51,165,41*6C
$GIGSV,1,1,02,09,17,276,44,10,51,165,41*6C
$GIGSV,1,1,02,09,17,276,44,10,51,165,41*6C
$GIGSV,1,1,02,09,17,276,44,10,51,165,41*6C
$GIGSV,1,1,02,09,17,276,44,10,51,165,41*6C
$GIGSV,1,1,02,09,17,276,44,10,51,165,41*6C
$GIGSV,1,1,02,09,17,276,44,10,51,165,41*6C
$GIGSV,1,1,02,09,17,276,44,10,51,165,41*6C
$GIGSV,1,1,02,09,17,276,44,10,51,165,41*6C
$GIGSV,1,1,02,09,17,276,44,10,51,165,41*6C
$GIGSV,1,1,02,09,17,276,44,10,51,165,41*6C
$GIGSV,1,1,02,09,17,276,44,10,51,165,41*6C
$GIGSV,1,1,02,09,17,276,44,10,51,165,41*6C
$GIGSV,1,1,02,09,17,276,44,10,51,165,41*6C
$GIGSV,1,1,02,09,17,276,44,10,51,165,41*6C
$GIGSV,1,1,02,09,17,276,44,10,51,165,41*6C
$GIGSV,1,1,02,09,17,276,44,10,51,165,41*6C
$GIGSV,1,1,02,09,17,276,44,10,51,165,41*6C
$GIGSV,1,1,02,09,17,276,44,10,51,165,41*6C
$GIGSV,1,1,02,09,17,276,44,10,51,165,41*6C
$GIGSV,1,1,02,09,17,276,44,10,51,165,41*6C
$GIGSV,1,1,02,09,17,276,44,10,51,165,41*6C
$GIGSV,1,1,02,09,17,276,44,10,51,165,41*6C
$GIGSV,1,1,02,09,17,276,44,10,51,165,41*6C
$GIGSV,1,1,02,09,17,276,44,10,51,165,41*6C
$GIGSV,1,1,02,09,17,276,44,10,51,165,41*6C
$GIGSV,1,1,02,09,17,276,44,10,51,165,41*6C
$GIGSV,1,1,02,09,17,276,44,10,51,165,41*6C
$GIGSV,1,1,02,09,17,276,44,10,51,165,41*6C
$GIGSV,1,1,02,09,17,276,44,10,51,165,41*6C
$GIGSV,1,1,02,09,17,276,44,10,51,165,41*6C
$GIGSV,1,1,02,09,17,276,44,10,51,165,41*6C
$GIGSV,1,1,02,09,17,276,44,10,51,165,41*6C
$GIGSV,1,1,02,09,17,276,44,10,51,165,41*6C
$GIGSV,1,1,02,09,17,276,44,10,51,165,41*6C
$GIGSV,1,1,02,09,17,276,44,10,51,165,41*6C
$GIGSV,1,1,02,09,17,276,44,10,51,165,41*6C
$GIGSV,1,1,02,09,17,276,44,10,51,165,41*6C
$GIGSV,1,1,02,09,17,276,44,10,51,165,41*6C
$GIGSV,1,1,02,09,17,276,44,10,51,165,41*6C
$GIGSV,1,1,02,09,17,276,44,10,51,165,41*6C
$GIGSV,1,1,02,09,17,276,44,10,51,165,41*6C
$GIGSV,1,1,02,09,17,276,44,10,51,165,41*6C
$GIGSV,1,1,02,09,17,276,44,10,51,165,41*6C
$GIGSV,1,1,02,09,17,276,44,10,51,165,41*6C
$GIGSV,1,1,02,09,17,276,44,10,51,165,41*6C
$GIGSV,1,1,02,09,17,276,44,10,51,165,41*6C
$GIGSV,1,1,02,09,17,276,44,10,51,165,41*6C
$GIGSV,1,1,02,09,17,276,44,10,51,165,41*6C
$GIGSV,1,1,02,09,17,276,44,10,51,165,41*6C
$GIGSV,1,1,02,09,17,276,44,10,51,165,41*6C
$GIGSV,1,1,02,09,17,276,44,10,51,165,41*6C
$GIGSV,1,1,02,09,17,276,44,10,51,165,41*6C
$GIGSV,1,1,02,09,17,276,44,10,51,165,41*6C
$GIGSV,1,1,02,09,17,276,44,10,51,165,41*6C
$GIGSV,1,1,02,09,17,276,44,10,51,165,41*6C
$GIGSV,1,1,02,09,17,276,44,10,51,165,41*6C
$GIGSV,1,1,02,09,17,276,44,10,51,165,41*6C
$GIGSV,1,1,02,09,17,276,44,10,51,165,41*6C
$GIGSV,1,1,02,09,17,276,44,10,51,165,41*6C
$GIGSV,1,1,02,09,17,276,44,10,51,165,41*6C
$GIGSV,1,1,02,09,17,276,44,10,51,165,41*6C
$GIGSV,1,1,02,09,17,276,44,10,51,165,41*6C
$GIGSV,1,1,02,09,17,276,44,10,51,165,41*6C
$GIGSV,1,1,02,09,17,276,44,10,51,165,41*6C
$GIGSV,1,1,02,09,17,276,44,10,51,165,41*6C
$GIGSV,1,1,02,09,17,276,44,10,51,165,41*6C
$GIGSV,1,1,02,09,17,276,44,10,51,165,41*6C
$GIGSV,1,1,02,09,17,276,44,10,51,165,41*6C
$GIGSV,1,1,02,09,17,276,44,10,51,165,41*6C
$GIGSV,1,1,02,09,17,276,44,10,51,165,41*6C
$GIGSV,1,1,02,09,17,276,44,10,51,165,41*6C
$GIGSV,1,1,02,09,17,276,44,10,51,165,41*6C
$GIGSV,1,1,02,09,17,276,44,10,51,165,41*6C
$GIGSV,1,1,02,09,17,276,44,10,51,165,41*6C
$GIGSV,1,1,02,09,17,276,44,10,51,165,41*6C
$GIGSV,1,1,02,09,17,276,44,10,51,165,41*6C
$GIGSV,1,1,02,09,17,276,44,10,51,165,41*6C
$GIGSV,1,1,02,09,17,276,44,10,51,165,41*6C
$GIGSV,1,1,02,09,17,276,44,10,51,165,41*6C
$GIGSV,1,1,02,09,17,276,44,10,51,165,41*6C
$GIGSV,1,1,02,09,17,276,44,10,51,165,41*6C
$GIGSV,1,1,02,09,17,276,44,10,51,165,41*6C
$GIGSV,1,1,02,09,17,276,44,10,51,165,41*6C
$GIGSV,1,1,02,09,17,276,44,10,51,165,41*6C
$GIGSV,1,1,02,09,17,276,44,10,51,165,41*6C
$GIGSV,1,1,02,09,17,276,44,10,51,165,41*6C
$GIGSV,1,1,02,09,17,276,44,10,51,165,41*6C
$GIGSV,1,1,02,09,17,276,44,10,51,165,41*6C
$GIGSV,1,1,02,09,17,276,44,10,51,165,41*6C
$GIGSV,1,1,02,09,17,276,44,10,51,165,41*6C
$GIGSV,1,1,02,09,17,276,44,10,51,165,41*6C
$GIGSV,1,1,02,09,17,276,44,10,51,165,41*6C
$GIGSV,1,1,02,09,17,276,44,10,51,165,41*6C
$GIGSV,1,1,02,09,17,276,44,10,51,165,41*6C
$GIGSV,1,1,02,09,17,276,44,10,51,165,41*6C
$GIGSV,1,1,02,09,17,276,44,10,51,165,41*6C
$GIGSV,1,1,02,09,17,276,44,10,51,165,41*6C
$GIGSV,1,1,02,09,17,276,44,10,51,165,41*6C
$GIGSV,1,1,02,09,17,276,44,10,51,165,41*6C
$GIGSV,1,1,02,09,17,276,44,10,51,165,41*6C
$GIGSV,1,1,02,09,17,276,44,10,51,165,41*6C
$GIGSV,1,1,02,09,17,276,44,10,51,165,41*6C
$GIGSV,1,1,02,09,17,276,44,10,51,165,41*6C
$GIGSV,1,1,02,09,17,276,44,10,51,165,41*6C
$GIGSV,1,1,02,09,17,276,44,10,51,165,41*6C
$GIGSV,1,1,02,09,17,276,44,10,51,165,41*6C
$GIGSV,1,1,02,09,17,276,44,10,51,165,41*6C
$GIGSV,1,1,02,09,17,276,44,10,51,165,41*6C
$GIGSV,1,1,02,09,17,276,44,10,51,165,41*6C
$GIGSV,1,1,02,09,17,276,44,10,51,165,41*6C
$GIGSV,1,1,02,09,17,276,44,10,51,165,41*6C
$GIGSV,1,1,02,09,17,276,44,10,51,165,41*6C
$GIGSV,1,1,02,09,17,276,44,10,51,165,41*6C
$GIGSV,1,1,02,09,17,276,44,10,51,165,41*6C
$GIGSV,1,1,02,09,17,276,44,10,51,165,41*6C
$GIGSV,1,1,02,09,17,276,44,10,51,165,41*6C
$GIGSV,1,1,02,09,17,276,44,10,51,165,41*6C
$GIGSV,1,1,02,09,17,276,44,10,51,165,41*6C
$GIGSV,1,1,02,09,17,276,44,10,51,165,41*6C
$GIGSV,1,1,02,09,17,276,44,10,51,165,41*6C
$GIGSV,1,1,02,09,17,276,44,10,51,165,41*6C
$GIGSV,1,1,02,09,17,276,44,10,51,165,41*6C
$GIGSV,1,1,02,09,17,276,44,10,51,165,41*6C
$GIGSV,1,1,02,09,17,276,44,10,51,165,41*6C
$GIGSV,1,1,02,09,17,276,44,10,51,165,41*6C
$GIGSV,1,1,02,09,17,276,44,10,51,165,41*6C
$GIGSV,1,1,02,09,17,276,44,10,51,165,41*6C
$GIGSV,1,1,02,09,17,276,44,10,51,165,41*6C
$GIGSV,1,1,02,09,17,276,44,10,51,165,41*6C
$GIGSV,1,1,02,09,17,276,44,10,51,165,41*6C
$GIGSV,1,1,02,09,17,276,44,10,51,165,41*6C
$GIGSV,1,1,02,09,17,276,44,10,51,165,41*6C
$GIGSV,1,1,02,09,17,276,44,10,51,165,41*6C
$GIGSV,1,1,02,09,17,276,44,10,51,165,41*6C
$GIGSV,1,1,02,09,17,276,44,10,51,165,41*6C
$GIGSV,1,1,02,09,17,276,44,10,51,165,41*6C
$GIGSV,1,1,02,09,17,276,44,10,51,165,41*6C
$GIGSV,1,1,02,09,17,276,44,10,51,165,41*6C
$GIGSV,1,1,02,09,17,276,44,10,51,165,41*6C
$GIGSV,1,1,02,09,17,276,44,10,51,165,41*6C
$GIGSV,1,1,02,09,17,276,44,10,51,165,41*6C
$GIGSV,1,1,02,09,17,276,44,10,51,165,41*6C
$GIGSV,1,1,02,09,17,276,44,10,51,165,41*6C
$GIGSV,1,1,02,09,17,276,44,10,51,165,41*6C
$GIGSV,1,1,02,09,17,276,44,10,51,165,41*6C
$GIGSV,1,1,02,09,17,276,44,10,51,165,41*6C
$GIGSV,1,1,02,09,17,276,44,10,51,165,41*6C
$GIGSV,1,1,02,09,17,276,44,10,51,165,41*6C
$GIGSV,1,1,02,09,17,276,44,10,51,165,41*6C
$GIGSV,1,1,02,09,17,276,44,10,51,165,41*6C
$GIGSV,1,1,02,09,17,276,44,10,51,165,41*6C
$GIGSV,1,1,02,09,17,276,44,10,51,165,41*6C
$GIGSV,1,1,02,09,17,276,44,10,51,165,41*6C
$GIGSV,1,1,02,09,17,276,44,10,51,165,41*6C
$GIGSV,1,1,02,09,17,276,44,10,51,165,41*6C
$GIGSV,1,1,02,09,17,276,44,10,51,165,41*6C
$GIGSV,1,1,02,09,17,276,44,10,51,165,41*6C
$GIGSV,1,1,02,09,17,276,44,10,51,165,41*6C
$GIGSV,1,1,02,09,17,276,44,10,51,165,41*6C
$GIGSV,1,1,02,09,17,276,44,10,51,165,41*6C
$GIGSV,1,1,02,09,17,276,44,10,51,165,41*6C
$GIGSV,1,1,02,09,17,276,44,10,51,165,41*6C
$GIGSV,1,1,02,09,17,276,44,10,51,165,41*6C
$GIGSV,1,1,02,09,17,276,44,10,51,165,41*6C
$GIGSV,1,1,02,09,17,276,44,10,51,165,41*6C
$GIGSV,1,1,02,09,17,276,44,10,51,165,41*6C
$GIGSV,1,1,02,09,17,276,44,10,51,165,41*6C
$GIGSV,1,1,02,09,17,276,44,10,51,165,41*6C
$GIGSV,1,1,02,09,17,276,44,10,51,165,41*6C
$GIGSV,1,1,02,09,17,276,45,10,51,165,41*6D
$GIGSV,1,1,02,09,17,276,45,10,51,165,41*6D
$GIGSV,1,1,02,09,17,276,45,10,51,165,41*6D
$GIGSV,1,1,02,09,17,276,45,10,51,165,41*6D
$GIGSV,1,1,02,09,17,276,45,10,51,165,41*6D
$GIGSV,1,1,02,09,17,276,45,10,51,165,41*6D
$GIGSV,1,1,02,09,17,276,45,10,51,165,41*6D
$GIGSV,1,1,02,09,17,276,45,10,51,165,41*6D
$GIGSV,1,1,02,09,17,276,45,10,51,165,41*6D
$GIGSV,1,1,02,09,17,276,45,10,51,165,41*6D
$GIGSV,1,1,02,09,17,276,45,10,51,165,42*6E
$GIGSV,1,1,02,09,17,276,44,10,51,165,42*6F
$GIGSV,1,1,02,09,17,276,44,10,51,165,42*6F
$GIGSV,1,1,02,09,17,276,44,10,51,165,42*6F
$GIGSV,1,1,02,09,17,276,44,10,51,165,42*6F
$GIGSV,1,1,02,09,17,276,44,10,51,165,42*6F
$GIGSV,1,1,02,09,17,276,44,10,51,165,42*6F
$GIGSV,1,1,02,09,17,276,44,10,51,165,42*6F
$GIGSV,1,1,02,09,17,276,44,10,51,165,42*6F
$GIGSV,1,1,02,09,17,276,44,10,51,165,42*6F
$GIGSV,1,1,02,09,17,276,44,10,51,165,42*6F
$GIGSV,1,1,02,09,17,276,44,10,51,165,42*6F
$GIGSV,1,1,02,09,17,276,44,10,51,165,42*6F
$GIGSV,1,1,02,09,17,276,44,10,51,165,42*6F
$GIGSV,1,1,02,09,17,276,44,10,51,165,42*6F
$GIGSV,1,1,02,09,17,276,44,10,51,165,43*6E
$GIGSV,1,1,02,09,17,276,44,10,51,165,43*6E
$GIGSV,1,1,02,09,17,276,44,10,51,165,43*6E
$GIGSV,1,1,02,09,17,276,44,10,51,165,43*6E
$GIGSV,1,1,02,09,17,276,44,10,51,165,43*6E
$GIGSV,1,1,02,09,17,276,44,10,51,165,43*6E
$GIGSV,1,1,02,09,17,276,44,10,51,165,43*6E
$GIGSV,1,1,02,09,17,276,44,10,51,165,43*6E
$GIGSV,1,1,02,09,17,276,44,10,51,165,43*6E
$GIGSV,1,1,02,09,17,276,44,10,51,165,43*6E
$GIGSV,1,1,02,09,17,276,44,10,51,165,43*6E
$GIGSV,1,1,02,09,17,276,44,10,51,165,43*6E
$GIGSV,1,1,02,09,17,276,44,10,51,165,43*6E
$GIGSV,1,1,02,09,17,276,44,10,51,165,43*6E
$GIGSV,1,1,02,09,17,276,44,10,51,165,43*6E
$GIGSV,1,1,02,09,17,276,44,10,51,165,43*6E
$GIGSV,1,1,02,09,17,276,44,10,51,165,43*6E
$GIGSV,1,1,02,09,17,276,44,10,51,165,43*6E
$GIGSV,1,1,02,09,17,276,44,10,51,165,43*6E
$GIGSV,1,1,02,09,17,276,44,10,51,165,43*6E
$GIGSV,1,1,02,09,17,276,44,10,51,165,43*6E
$GIGSV,1,1,02,09,17,276,44,10,51,165,43*6E
$GIGSV,1,1,02,09,17,276,44,10,51,165,44*69
$GIGSV,1,1,02,09,17,276,44,10,51,165,44*69
$GIGSV,1,1,02,09,17,276,44,10,51,165,44*69
$GIGSV,1,1,02,09,17,276,44,10,51,165,44*69
$GIGSV,1,1,02,09,17,276,44,10,51,165,44*69
$GIGSV,1,1,02,09,17,276,44,10,51,165,44*69
$GIGSV,1,1,02,09,17,276,44,10,51,165,44*69
$GIGSV,1,1,02,09,17,276,44,10,51,165,44*69
$GIGSV,1,1,02,09,17,276,44,10,51,165,44*69
$GIGSV,1,1,02,09,17,276,44,10,51,165,44*69
$GIGSV,1,1,02,09,17,276,44,10,51,165,44*69
$GIGSV,1,1,02,09,17,276,44,10,51,165,44*69
$GIGSV,1,1,02,09,17,276,44,10,51,165,44*69
$GIGSV,1,1,02,09,17,276,44,10,51,165,44*69
$GIGSV,1,1,02,09,17,276,44,10,51,165,44*69
$GIGSV,1,1,02,09,17,276,44,10,51,165,44*69
$GIGSV,1,1,02,09,17,276,44,10,51,165,44*69
$GIGSV,1,1,02,09,17,276,44,10,51,165,44*69
$GIGSV,1,1,02,09,17,276,44,10,51,165,44*69
$GIGSV,1,1,02,09,17,276,44,10,51,165,44*69
$GIGSV,1,1,02,09,17,276,44,10,51,165,44*69
$GIGSV,1,1,02,09,17,276,44,10,51,165,44*69
$GIGSV,1,1,02,09,17,276,44,10,51,165,44*69
$GIGSV,1,1,02,09,17,276,44,10,51,165,44*69
$GIGSV,1,1,02,09,17,276,44,10,51,165,44*69
$GIGSV,1,1,02,09,17,276,44,10,51,165,44*69
$GIGSV,1,1,02,09,17,276,44,10,51,165,44*69
$GIGSV,1,1,02,09,17,276,44,10,51,165,44*69
$GIGSV,1,1,02,09,17,276,44,10,51,165,44*69
$GIGSV,1,1,02,09,17,276,44,10,51,165,44*69
$GIGSV,1,1,02,09,17,276,44,10,51,165,44*69
$GIGSV,1,1,02,09,17,276,44,10,51,165,44*69
$GIGSV,1,1,02,09,17,276,44,10,51,165,44*69
$GIGSV,1,1,02,09,17,276,44,10,51,165,44*69
$GIGSV,1,1,02,09,17,276,44,10,51,165,44*69
$GIGSV,1,1,02,09,17,276,44,10,51,165,44*69
$GIGSV,1,1,02,09,17,276,44,10,51,165,44*69
$GIGSV,1,1,02,09,17,276,44,10,51,165,44*69
$GIGSV,1,1,02,09,17,276,44,10,51,165,44*69
$GIGSV,1,1,02,09,17,276,44,10,51,165,44*69
$GIGSV,1,1,02,09,17,276,44,10,51,165,44*69
$GIGSV,1,1,02,09,17,276,44,10,51,165,44*69
$GIGSV,1,1,02,09,17,276,44,10,51,165,44*69
$GIGSV,1,1,02,09,17,276,44,10,51,165,44*69
$GIGSV,1,1,02,09,17,276,44,10,51,165,44*69
$GIGSV,1,1,02,09,17,276,44,10,51,165,44*69
$GIGSV,1,1,02,09,17,276,44,10,51,165,44*69
$GIGSV,1,1,02,09,17,276,44,10,51,165,44*69
$GIGSV,1,1,02,09,17,276,44,10,51,165,44*69
$GIGSV,1,1,02,09,17,276,44,10,51,165,44*69
$GIGSV,1,1,02,09,17,276,44,10,51,165,44*69
$GIGSV,1,1,02,09,17,276,44,10,51,165,44*69
$GIGSV,1,1,02,09,17,276,44,10,51,165,44*69
$GIGSV,1,1,02,09,17,276,44,10,51,165,44*69
$GIGSV,1,1,02,09,17,276,44,10,51,165,44*69
$GIGSV,1,1,02,09,17,276,44,10,51,165,44*69
$GIGSV,1,1,02,09,17,276,44,10,51,165,44*69
$GIGSV,1,1,02,09,17,276,44,10,51,165,44*69
$GIGSV,1,1,02,09,17,276,44,10,51,165,44*69
$GIGSV,1,1,02,09,17,276,44,10,51,165,44*69
$GIGSV,1,1,02,09,17,276,44,10,51,165,44*69
$GIGSV,1,1,02,09,17,276,44,10,51,165,44*69
$GIGSV,1,1,02,09,17,276,44,10,51,165,44*69
$GIGSV,1,1,02,09,17,276,44,10,51,165,44*69
$GIGSV,1,1,02,09,17,276,44,10,51,165,44*69
$GIGSV,1,1,02,09,17,276,44,10,51,165,44*69
$GIGSV,1,1,02,09,17,276,44,10,51,165,44*69
$GIGSV,1,1,02,09,17,276,44,10,51,165,44*69
$GIGSV,1,1,02,09,17,276,44,10,51,165,44*69
$GIGSV,1,1,02,09,17,276,44,10,51,165,44*69
$GIGSV,1,1,02,09,17,276,44,10,51,165,44*69
$GIGSV,1,1,02,09,17,276,44,10,51,165,44*69
$GIGSV,1,1,02,09,17,276,44,10,51,165,44*69
$GIGSV,1,1,02,09,17,276,44,10,51,165,44*69
$GIGSV,1,1,02,09,17,276,44,10,51,165,44*69
$GIGSV,1,1,02,09,17,276,44,10,51,165,44*69
$GIGSV,1,1,02,09,17,276,44,10,51,165,44*69
$GIGSV,1,1,02,09,17,276,44,10,51,165,44*69
$GIGSV,1,1,02,09,17,276,44,10,51,165,44*69
$GIGSV,1,1,02,09,17,276,44,10,51,165,44*69
$GIGSV,1,1,02,09,17,276,44,10,51,165,44*69
$GIGSV,1,1,02,09,17,276,44,10,51,165,44*69
$GIGSV,1,1,02,09,17,276,44,10,51,165,44*69
$GIGSV,1,1,02,09,17,276,44,10,51,165,44*69
$GIGSV,1,1,02,09,17,276,44,10,51,165,44*69
$GIGSV,1,1,02,09,17,276,44,10,51,165,44*69
$GIGSV,1,1,02,09,17,276,44,10,51,165,44*69
$GIGSV,1,1,02,09,17,276,44,10,51,165,44*69
$GIGSV,1,1,02,09,17,276,44,10,51,165,44*69
$GIGSV,1,1,02,09,17,276,44,10,51,165,44*69
$GIGSV,1,1,02,09,17,276,44,10,51,165,44*69
$GIGSV,1,1,02,09,17,276,44,10,51,165,44*69
$GIGSV,1,1,02,09,17,276,44,10,51,165,44*69
$GIGSV,1,1,02,09,17,276,44,10,51,165,44*69
$GIGSV,1,1,02,09,17,276,44,10,51,165,45*68
$GIGSV,1,1,02,09,17,276,44,10,51,165,45*68
$GIGSV,1,1,02,09,17,276,44,10,51,165,44*69
$GIGSV,1,1,02,09,17,276,44,10,51,165,44*69
$GIGSV,1,1,02,09,17,276,44,10,51,165,44*69
$GIGSV,1,1,02,09,17,276,44,10,51,165,44*69
$GIGSV,1,1,02,09,17,276,44,10,51,165,44*69
$GIGSV,1,1,02,09,17,276,44,10,51,165,45*68
$GIGSV,1,1,02,09,17,276,44,10,51,165,45*68
$GIGSV,1,1,02,09,17,276,44,10,51,165,45*68
$GIGSV,1,1,02,09,17,276,44,10,51,165,44*69
$GIGSV,1,1,02,09,17,276,44,10,51,165,44*69
$GIGSV,1,1,02,09,17,276,44,10,51,165,44*69
$GIGSV,1,1,02,09,17,276,43,10,51,165,44*6E
$GIGSV,1,1,02,09,17,276,43,10,51,165,44*6E
$GIGSV,1,1,02,09,17,276,43,10,51,165,45*6F
$GIGSV,1,1,02,09,17,276,43,10,51,165,45*6F
$GIGSV,1,1,02,09,17,276,43,10,51,165,45*6F
$GIGSV,1,1,02,09,17,276,43,10,51,165,45*6F
$GIGSV,1,1,02,09,17,276,43,10,51,165,45*6F
$GIGSV,1,1,02,09,17,276,43,10,51,165,45*6F
$GIGSV,1,1,02,09,17,276,43,10,51,165,45*6F
$GIGSV,1,1,02,09,17,276,43,10,51,165,45*6F
$GIGSV,1,1,02,09,17,276,43,10,51,165,45*6F
$GIGSV,1,1,02,09,17,276,43,10,51,165,45*6F
$GIGSV,1,1,02,09,17,276,43,10,51,165,45*6F
$GIGSV,1,1,02,09,17,276,43,10,51,165,44*6E
$GIGSV,1,1,02,09,17,276,43,10,51,165,44*6E
$GIGSV,1,1,02,09,17,276,43,10,51,165,45*6F
$GIGSV,1,1,02,09,17,276,43,10,51,165,45*6F
$GIGSV,1,1,02,09,17,276,42,10,51,165,45*6E
$GIGSV,1,1,02,09,17,276,42,10,51,165,44*6F
$GIGSV,1,1,02,09,17,276,42,10,51,165,44*6F
$GIGSV,1,1,02,09,17,276,42,10,51,165,44*6F
$GIGSV,1,1,02,09,17,276,42,10,51,165,44*6F
$GIGSV,1,1,02,09,17,276,42,10,51,165,44*6F
$GIGSV,1,1,02,09,17,276,42,10,51,165,44*6F
$GIGSV,1,1,02,09,17,276,42,10,51,165,44*6F
$GIGSV,1,1,02,09,17,276,42,10,51,165,44*6F
$GIGSV,1,1,02,09,17,276,42,10,51,165,44*6F
$GIGSV,1,1,02,09,17,276,42,10,51,165,44*6F
$GIGSV,1,1,02,09,17,276,42,10,51,165,44*6F
$GIGSV,1,1,02,09,17,276,42,10,51,165,44*6F
$GIGSV,1,1,02,09,17,276,42,10,51,165,44*6F
$GIGSV,1,1,02,09,17,276,42,10,51,165,44*6F
$GIGSV,1,1,02,09,17,276,42,10,51,165,44*6F
$GIGSV,1,1,02,09,17,276,43,10,51,165,44*6E
$GIGSV,1,1,02,09,17,276,43,10,51,165,44*6E
$GIGSV,1,1,02,09,17,276,43,10,51,165,44*6E
$GIGSV,1,1,02,09,17,276,43,10,51,165,44*6E
$GIGSV,1,1,02,09,17,276,43,10,51,165,44*6E
$GIGSV,1,1,02,09,17,276,43,10,51,165,44*6E
$GIGSV,1,1,02,09,17,276,43,10,51,165,44*6E
$GIGSV,1,1,02,09,17,276,43,10,51,165,44*6E
$GIGSV,1,1,02,09,17,276,43,10,51,165,44*6E
$GIGSV,1,1,02,09,17,276,43,10,51,165,44*6E
$GIGSV,1,1,02,09,17,276,43,10,51,165,44*6E
$GIGSV,1,1,02,09,17,276,43,10,51,165,44*6E
$GIGSV,1,1,02,09,17,276,43,10,51,165,44*6E
$GIGSV,1,1,02,09,17,276,43,10,51,165,44*6E
$GIGSV,1,1,02,09,17,276,43,10,51,165,44*6E
$GIGSV,1,1,02,09,17,276,43,10,51,165,44*6E
$GIGSV,1,1,02,09,17,276,43,10,51,165,44*6E
$GIGSV,1,1,02,09,17,276,43,10,51,165,44*6E
$GIGSV,1,1,02,09,17,276,43,10,51,165,44*6E
$GIGSV,1,1,02,09,17,276,43,10,51,165,44*6E
$GIGSV,1,1,02,09,17,276,43,10,51,165,44*6E
$GIGSV,1,1,02,09,17,276,43,10,51,165,44*6E
$GIGSV,1,1,02,09,17,276,43,10,51,165,44*6E
$GIGSV,1,1,02,09,17,276,43,10,51,165,44*6E
$GIGSV,1,1,02,09,17,276,43,10,51,165,44*6E
$GIGSV,1,1,02,09,17,276,43,10,51,165,44*6E
$GIGSV,1,1,02,09,17,276,43,10,51,165,44*6E
$GIGSV,1,1,02,09,17,276,43,10,51,165,44*6E
$GIGSV,1,1,02,09,17,276,43,10,51,165,44*6E
$GIGSV,1,1,02,09,17,276,43,10,51,165,44*6E
$GIGSV,1,1,02,09,17,276,43,10,51,165,44*6E
$GIGSV,1,1,02,09,17,276,44,10,51,165,44*69
$GIGSV,1,1,02,09,17,276,44,10,51,165,44*69
$GIGSV,1,1,02,09,17,276,44,10,51,165,44*69
$GIGSV,1,1,02,09,17,276,44,10,51,165,44*69
$GIGSV,1,1,02,09,17,276,44,10,51,165,44*69
$GIGSV,1,1,02,09,17,276,44,10,51,165,44*69
$GIGSV,1,1,02,09,17,276,44,10,51,165,44*69
$GIGSV,1,1,02,09,17,276,44,10,51,165,44*69
$GIGSV,1,1,02,09,17,276,44,10,51,165,44*69
$GIGSV,1,1,02,09,17,276,44,10,51,165,44*69
$GIGSV,1,1,02,09,17,276,44,10,51,165,44*69
$GIGSV,1,1,02,09,17,276,44,10,51,165,44*69
$GIGSV,1,1,02,09,17,276,44,10,51,165,44*69
$GIGSV,1,1,02,09,17,276,44,10,51,165,44*69
$GIGSV,1,1,02,09,17,276,44,10,51,165,44*69
$GIGSV,1,1,02,09,17,276,44,10,51,165,44*69
$GIGSV,1,1,02,09,17,276,44,10,51,165,44*69
$GIGSV,1,1,02,09,17,276,44,10,51,165,44*69
$GIGSV,1,1,02,09,17,276,44,10,51,165,44*69
$GIGSV,1,1,02,09,17,276,44,10,51,165,44*69
$GIGSV,1,1,02,09,17,276,44,10,51,165,44*69
$GIGSV,1,1,02,09,17,276,44,10,51,165,44*69
$GIGSV,1,1,02,09,17,276,44,10,51,165,44*69
$GIGSV,1,1,02,09,17,276,44,10,51,165,44*69
$GIGSV,1,1,02,09,17,276,44,10,51,165,44*69
$GIGSV,1,1,02,09,17,276,44,10,51,165,44*69
$GIGSV,1,1,02,09,17,276,44,10,51,165,44*69
$GIGSV,1,1,02,09,17,276,44,10,51,165,44*69
$GIGSV,1,1,02,09,17,276,44,10,51,165,44*69
$GIGSV,1,1,02,09,17,276,44,10,51,165,44*69
$GIGSV,1,1,02,09,17,276,44,10,51,165,44*69
$GIGSV,1,1,02,09,17,276,44,10,51,165,44*69
$GIGSV,1,1,02,09,17,276,44,10,51,165,44*69
$GIGSV,1,1,02,09,17,276,44,10,51,165,44*69
$GIGSV,1,1,02,09,17,276,44,10,51,165,43*6E
$GIGSV,1,1,02,09,17,276,44,10,51,165,44*69
$GIGSV,1,1,02,09,17,276,44,10,51,165,44*69
$GIGSV,1,1,02,09,17,276,44,10,51,165,44*69
$GIGSV,1,1,02,09,17,276,45,10,51,165,44*68
$GIGSV,1,1,02,09,17,276,45,10,51,165,44*68
$GIGSV,1,1,02,09,17,276,44,10,51,165,43*6E
$GIGSV,1,1,02,09,17,276,44,10,51,165,43*6E
$GIGSV,1,1,02,09,17,276,44,10,51,165,43*6E
$GIGSV,1,1,02,09,17,276,44,10,51,165,43*6E
$GIGSV,1,1,02,09,17,276,45,10,51,165,43*6F
$GIGSV,1,1,02,09,17,276,45,10,51,165,43*6F
$GIGSV,1,1,02,09,17,276,45,10,51,165,43*6F
$GIGSV,1,1,02,09,17,276,45,10,51,165,43*6F
$GIGSV,1,1,02,09,17,276,45,10,51,165,43*6F
$GIGSV,1,1,02,09,17,276,45,10,51,165,43*6F
$GIGSV,1,1,02,09,17,276,45,10,51,165,43*6F
$GIGSV,1,1,02,09,17,276,45,10,51,165,43*6F
$GIGSV,1,1,02,09,17,276,44,10,51,165,43*6E
$GIGSV,1,1,02,09,17,276,44,10,51,165,43*6E
$GIGSV,1,1,02,09,17,276,44,10,51,165,43*6E
$GIGSV,1,1,02,09,17,276,44,10,51,165,43*6E
$GIGSV,1,1,02,09,17,276,44,10,51,165,43*6E
$GIGSV,1,1,02,09,17,276,44,10,51,165,43*6E
$GIGSV,1,1,02,09,17,276,44,10,51,165,43*6E
$GIGSV,1,1,02,09,17,276,44,10,51,165,43*6E
$GIGSV,1,1,02,09,17,276,44,10,51,165,43*6E
$GIGSV,1,1,02,09,17,276,44,10,51,165,43*6E
$GIGSV,1,1,02,09,17,276,44,10,51,165,43*6E
$GIGSV,1,1,02,09,17,276,44,10,51,165,43*6E
$GIGSV,1,1,02,09,17,276,44,10,51,165,43*6E
$GIGSV,1,1,02,09,17,276,44,10,51,165,43*6E
$GIGSV,1,1,02,09,17,276,44,10,51,165,44*69
$GIGSV,1,1,02,09,17,276,44,10,51,165,44*69
$GIGSV,1,1,02,09,17,276,44,10,51,165,44*69
$GIGSV,1,1,02,09,17,276,44,10,51,165,44*69
$GIGSV,1,1,02,09,17,276,44,10,51,165,44*69
$GIGSV,1,1,02,09,17,276,44,10,51,165,44*69
$GIGSV,1,1,02,09,17,276,44,10,51,165,44*69
$GIGSV,1,1,02,09,17,276,44,10,51,165,44*69
$GIGSV,1,1,02,09,17,276,44,10,51,165,44*69
$GIGSV,1,1,02,09,17,276,44,10,51,165,44*69
$GIGSV,1,1,02,09,17,276,44,10,51,165,44*69
$GIGSV,1,1,02,09,17,276,44,10,51,165,44*69
$GIGSV,1,1,02,09,17,276,44,10,51,165,44*69
$GIGSV,1,1,02,09,17,276,44,10,51,165,44*69
$GIGSV,1,1,02,09,17,276,44,10,51,165,44*69
$GIGSV,1,1,02,09,17,276,44,10,51,165,44*69
$GIGSV,1,1,02,09,17,276,44,10,51,165,44*69
$GIGSV,1,1,02,09,17,276,44,10,51,165,44*69
$GIGSV,1,1,02,09,17,276,44,10,51,165,44*69
$GIGSV,1,1,02,09,17,276,44,10,51,165,44*69
$GIGSV,1,1,02,09,17,276,44,10,51,165,44*69
$GIGSV,1,1,02,09,17,276,44,10,51,165,44*69
$GIGSV,1,1,02,09,17,276,44,10,51,165,44*69
$GIGSV,1,1,02,09,17,276,44,10,51,165,44*69
$GIGSV,1,1,02,09,17,276,44,10,51,165,44*69
$GIGSV,1,1,02,09,17,276,44,10,51,165,44*69
$GIGSV,1,1,02,09,17,276,44,10,51,165,44*69
$GIGSV,1,1,02,09,17,276,44,10,51,165,44*69
$GIGSV,1,1,02,09,17,276,44,10,51,165,44*69
$GIGSV,1,1,02,09,17,276,44,10,51,165,44*69
$GIGSV,1,1,02,09,17,276,44,10,51,165,44*69
$GIGSV,1,1,02,09,17,276,44,10,51,165,44*69
$GIGSV,1,1,02,09,17,276,44,10,51,165,44*69
$GIGSV,1,1,02,09,17,276,44,10,51,165,44*69
$GIGSV,1,1,02,09,17,276,44,10,51,165,44*69
$GIGSV,1,1,02,09,17,276,44,10,51,165,44*69
$GIGSV,1,1,02,09,17,276,44,10,51,165,44*69
$GIGSV,1,1,02,09,17,276,44,10,51,165,44*69
$GIGSV,1,1,02,09,17,276,44,10,51,165,44*69
$GIGSV,1,1,02,09,17,276,44,10,51,165,44*69
$GIGSV,1,1,02,09,17,276,44,10,51,165,44*69
$GIGSV,1,1,02,09,17,276,44,10,51,165,44*69
$GIGSV,1,1,02,09,17,276,44,10,51,165,44*69
$GIGSV,1,1,02,09,17,276,44,10,51,165,44*69
$GIGSV,1,1,02,09,17,276,44,10,51,165,44*69
$GIGSV,1,1,02,09,17,276,44,10,51,165,44*69
$GIGSV,1,1,02,09,17,276,44,10,51,165,44*69
$GIGSV,1,1,02,09,17,276,43,10,51,165,44*6E
$GIGSV,1,1,02,09,17,276,43,10,51,165,44*6E
$GIGSV,1,1,02,09,17,276,43,10,51,165,44*6E
$GIGSV,1,1,02,09,17,276,43,10,51,165,44*6E
$GIGSV,1,1,02,09,17,276,43,10,51,165,44*6E
$GIGSV,1,1,02,09,17,276,43,10,51,165,44*6E
$GIGSV,1,1,02,09,17,276,43,10,51,165,44*6E
$GIGSV,1,1,02,09,17,276,43,10,51,165,44*6E
$GIGSV,1,1,02,09,17,276,43,10,51,165,44*6E
$GIGSV,1,1,02,09,17,276,43,10,51,165,44*6E
$GIGSV,1,1,02,09,17,276,43,10,51,165,44*6E
$GIGSV,1,1,02,09,17,276,43,10,51,165,44*6E
$GIGSV,1,1,02,09,17,276,43,10,51,165,44*6E
$GIGSV,1,1,02,09,17,276,43,10,51,165,44*6E
$GIGSV,1,1,02,09,17,276,43,10,51,165,44*6E
$GIGSV,1,1,02,09,17,276,43,10,51,165,44*6E
$GIGSV,1,1,02,09,17,276,43,10,51,165,44*6E
$GIGSV,1,1,02,09,17,276,43,10,51,165,44*6E
$GIGSV,1,1,02,09,17,276,42,10,51,165,44*6F
$GIGSV,1,1,02,09,17,276,42,10,51,165,44*6F
$GIGSV,1,1,02,09,17,276,42,10,51,165,44*6F
$GIGSV,1,1,02,09,17,276,42,10,51,165,44*6F
$GIGSV,1,1,02,09,17,276,42,10,51,165,44*6F
$GIGSV,1,1,02,09,17,276,42,10,51,165,44*6F
$GIGSV,1,1,02,09,17,276,42,10,51,165,44*6F
$GIGSV,1,1,02,09,17,276,42,10,51,165,44*6F
$GIGSV,1,1,02,09,17,276,42,10,51,165,44*6F
$GIGSV,1,1,02,09,17,276,42,10,51,165,44*6F
$GIGSV,1,1,02,09,17,276,42,10,51,165,44*6F
$GIGSV,1,1,02,09,17,276,42,10,51,165,44*6F
$GIGSV,1,1,02,09,17,276,42,10,51,165,44*6F
$GIGSV,1,1,02,09,17,276,42,10,51,165,44*6F
$GIGSV,1,1,02,09,17,276,42,10,51,165,44*6F
$GIGSV,1,1,02,09,17,276,42,10,51,165,44*6F
$GIGSV,1,1,02,09,17,276,41,10,51,165,44*6C
$GIGSV,1,1,02,09,17,276,41,10,51,165,44*6C
$GIGSV,1,1,02,09,17,276,41,10,51,165,44*6C
$GIGSV,1,1,02,09,17,276,41,10,51,165,44*6C
$GIGSV,1,1,02,09,17,276,41,10,51,165,44*6C
$GIGSV,1,1,02,09,17,276,41,10,51,165,44*6C
$GIGSV,1,1,02,09,17,276,41,10,51,165,44*6C
$GIGSV,1,1,02,09,17,276,41,10,51,165,44*6C
$GIGSV,1,1,02,09,17,276,41,10,51,165,44*6C
$GIGSV,1,1,02,09,17,276,41,10,51,165,44*6C
$GIGSV,1,1,02,09,17,276,41,10,51,165,44*6C
$GIGSV,1,1,02,09,17,276,41,10,51,165,44*6C
$GIGSV,1,1,02,09,17,276,41,10,51,165,44*6C
$GIGSV,1,1,02,09,17,276,41,10,51,165,44*6C
$GIGSV,1,1,02,09,17,276,40,10,51,165,44*6D
$GIGSV,1,1,02,09,17,276,40,10,51,165,44*6D
$GIGSV,1,1,02,09,17,276,40,10,51,165,44*6D
$GIGSV,1,1,02,09,17,276,40,10,51,165,44*6D
$GIGSV,1,1,02,09,17,276,40,10,51,165,44*6D
$GIGSV,1,1,02,09,17,276,40,10,51,165,44*6D
$GIGSV,1,1,02,09,17,276,40,10,51,165,44*6D
$GIGSV,1,1,02,09,17,276,40,10,51,165,44*6D
$GIGSV,1,1,02,09,17,276,40,10,51,165,44*6D
$GIGSV,1,1,02,09,17,276,40,10,51,165,44*6D
$GIGSV,1,1,02,09,17,276,40,10,51,165,44*6D
$GIGSV,1,1,02,09,17,276,40,10,51,165,44*6D
$GIGSV,1,1,02,09,17,276,40,10,51,165,45*6C
$GIGSV,1,1,02,09,17,276,40,10,51,165,45*6C
$GIGSV,1,1,02,09,17,276,40,10,51,165,45*6C
$GIGSV,1,1,02,09,17,276,40,10,51,165,45*6C
$GIGSV,1,1,02,09,17,276,40,10,51,165,45*6C
$GIGSV,1,1,02,09,17,276,40,10,51,165,44*6D
$GIGSV,1,1,02,09,17,276,40,10,51,165,44*6D
$GIGSV,1,1,02,09,17,276,40,10,51,165,44*6D
$GIGSV,1,1,02,09,17,276,40,10,51,165,44*6D
$GIGSV,1,1,02,09,17,276,40,10,51,165,44*6D
$GIGSV,1,1,02,09,17,276,40,10,51,165,44*6D
$GIGSV,1,1,02,09,17,276,40,10,51,165,44*6D
$GIGSV,1,1,02,09,17,276,40,10,51,165,44*6D
$GIGSV,1,1,02,09,17,276,40,10,51,165,44*6D
$GIGSV,1,1,02,09,17,276,40,10,51,165,44*6D
$GIGSV,1,1,02,09,17,276,40,10,51,165,44*6D
$GIGSV,1,1,02,09,17,276,40,10,51,165,44*6D
$GIGSV,1,1,02,09,17,276,40,10,51,165,44*6D
$GIGSV,1,1,02,09,17,276,40,10,51,165,44*6D
$GIGSV,1,1,02,09,17,276,40,10,51,165,44*6D
$GIGSV,1,1,02,09,17,276,40,10,51,165,44*6D
$GIGSV,1,1,02,09,17,276,40,10,51,165,44*6D
$GIGSV,1,1,02,09,17,276,41,10,51,165,44*6C
$GIGSV,1,1,02,09,17,276,41,10,51,165,44*6C
$GIGSV,1,1,02,09,17,276,41,10,51,165,44*6C
$GIGSV,1,1,02,09,17,276,41,10,51,165,44*6C
$GIGSV,1,1,02,09,17,276,41,10,51,165,44*6C
$GIGSV,1,1,02,09,17,276,41,10,51,165,44*6C
$GIGSV,1,1,02,09,17,276,41,10,51,165,44*6C
$GIGSV,1,1,02,09,17,276,41,10,51,165,44*6C
$GIGSV,1,1,02,09,17,276,41,10,51,165,44*6C
$GIGSV,1,1,02,09,17,276,41,10,51,165,44*6C
$GIGSV,1,1,02,09,17,276,41,10,51,165,44*6C
$GIGSV,1,1,02,09,17,276,41,10,51,165,44*6C
$GIGSV,1,1,02,09,17,276,41,10,51,165,44*6C
$GIGSV,1,1,02,09,17,276,41,10,51,165,44*6C
$GIGSV,1,1,02,09,17,276,41,10,51,165,44*6C
$GIGSV,1,1,02,09,17,276,41,10,51,165,44*6C
$GIGSV,1,1,02,09,17,276,41,10,51,165,44*6C
$GIGSV,1,1,02,09,17,276,41,10,51,165,44*6C
$GIGSV,1,1,02,09,17,276,41,10,51,165,44*6C
$GIGSV,1,1,02,09,17,276,41,10,51,165,44*6C
$GIGSV,1,1,02,09,17,276,41,10,51,165,44*6C
$GIGSV,1,1,02,09,17,276,41,10,51,165,44*6C
$GIGSV,1,1,02,09,17,276,41,10,51,165,44*6C
$GIGSV,1,1,02,09,17,276,41,10,51,165,44*6C
$GIGSV,1,1,02,09,17,276,41,10,51,165,44*6C
$GIGSV,1,1,02,09,17,276,41,10,51,165,44*6C
$GIGSV,1,1,02,09,17,276,41,10,51,165,44*6C
$GIGSV,1,1,02,09,17,276,41,10,51,165,44*6C
$GIGSV,1,1,02,09,17,276,41,10,51,165,44*6C
$GIGSV,1,1,02,09,17,276,41,10,51,165,44*6C
$GIGSV,1,1,02,09,17,276,41,10,51,165,44*6C
$GIGSV,1,1,02,09,17,276,41,10,51,165,44*6C
$GIGSV,1,1,02,09,17,276,41,10,51,165,44*6C
$GIGSV,1,1,02,09,17,276,41,10,51,165,44*6C
$GIGSV,1,1,02,09,17,276,41,10,51,165,44*6C
$GIGSV,1,1,02,09,17,276,41,10,51,165,44*6C
$GIGSV,1,1,02,09,17,276,41,10,51,165,44*6C
$GIGSV,1,1,02,09,17,276,41,10,51,165,44*6C
$GIGSV,1,1,02,09,17,276,40,10,51,165,44*6D
$GIGSV,1,1,02,09,17,276,40,10,51,165,44*6D
$GIGSV,1,1,02,09,17,276,40,10,51,165,44*6D
$GIGSV,1,1,02,09,17,276,40,10,51,165,44*6D
$GIGSV,1,1,02,09,17,276,40,10,51,165,44*6D
$GIGSV,1,1,02,09,17,276,40,10,51,165,44*6D
$GIGSV,1,1,02,09,17,276,40,10,51,165,44*6D
$GIGSV,1,1,02,09,17,276,40,10,51,165,44*6D
$GIGSV,1,1,02,09,17,276,40,10,51,165,44*6D
$GIGSV,1,1,02,09,17,276,40,10,51,165,44*6D
$GIGSV,1,1,02,09,17,276,40,10,51,165,44*6D
$GIGSV,1,1,02,09,17,276,40,10,51,165,44*6D
$GIGSV,1,1,02,09,17,276,40,10,51,165,44*6D
$GIGSV,1,1,02,09,17,276,40,10,51,165,44*6D
$GIGSV,1,1,02,09,17,276,40,10,51,165,44*6D
$GIGSV,1,1,02,09,17,276,40,10,51,165,44*6D
$GIGSV,1,1,02,09,17,276,40,10,51,165,44*6D
$GIGSV,1,1,02,09,17,276,40,10,51,165,44*6D
$GIGSV,1,1,02,09,17,276,40,10,51,165,44*6D
$GIGSV,1,1,02,09,17,276,40,10,51,165,44*6D
$GIGSV,1,1,02,09,17,276,40,10,51,165,44*6D
$GIGSV,1,1,02,09,17,276,40,10,51,165,44*6D
$GIGSV,1,1,02,09,17,276,40,10,51,165,44*6D
$GIGSV,1,1,02,09,17,276,40,10,51,165,44*6D
$GIGSV,1,1,02,09,17,276,40,10,51,165,44*6D
$GIGSV,1,1,02,09,17,276,40,10,51,165,44*6D
$GIGSV,1,1,02,09,17,276,40,10,51,165,44*6D
$GIGSV,1,1,02,09,17,276,40,10,51,165,44*6D
$GIGSV,1,1,02,09,17,276,40,10,51,165,44*6D
$GIGSV,1,1,02,09,17,276,40,10,51,165,44*6D
$GIGSV,1,1,02,09,17,276,40,10,51,165,45*6C
$GIGSV,1,1,02,09,17,276,40,10,51,165,45*6C
$GIGSV,1,1,02,09,17,276,40,10,51,165,45*6C
$GIGSV,1,1,02,09,17,276,40,10,51,165,45*6C
$GIGSV,1,1,02,09,17,276,40,10,51,165,45*6C
$GIGSV,1,1,02,09,17,276,40,10,51,165,45*6C
$GIGSV,1,1,02,09,17,276,40,10,51,165,45*6C
$GIGSV,1,1,02,09,17,276,40,10,51,165,45*6C
$GIGSV,1,1,02,09,17,276,40,10,51,165,45*6C
$GIGSV,1,1,02,09,17,276,40,10,51,165,45*6C
$GIGSV,1,1,02,09,17,276,40,10,51,165,45*6C
$GIGSV,1,1,02,09,17,276,40,10,51,165,45*6C
$GIGSV,1,1,02,09,17,276,40,10,51,165,45*6C
$GIGSV,1,1,02,09,17,276,40,10,51,165,45*6C
$GIGSV,1,1,02,09,17,276,40,10,51,165,45*6C
$GIGSV,1,1,02,09,17,276,41,10,51,165,45*6D
$GIGSV,1,1,02,09,17,276,41,10,51,165,45*6D
$GIGSV,1,1,02,09,17,276,41,10,51,165,45*6D
$GIGSV,1,1,02,09,17,276,41,10,51,165,45*6D
$GIGSV,1,1,02,09,17,276,41,10,51,165,45*6D
$GIGSV,1,1,02,09,17,276,41,10,51,165,45*6D
$GIGSV,1,1,02,09,17,276,41,10,51,165,45*6D
$GIGSV,1,1,02,09,17,276,41,10,51,165,45*6D
$GIGSV,1,1,02,09,17,276,41,10,51,165,45*6D
$GIGSV,1,1,02,09,17,276,41,10,51,165,45*6D
$GIGSV,1,1,02,09,17,276,41,10,51,165,45*6D
$GIGSV,1,1,02,09,17,276,41,10,51,165,45*6D
$GIGSV,1,1,02,09,17,276,41,10,51,165,45*6D
$GIGSV,1,1,02,09,17,276,41,10,51,165,45*6D
$GIGSV,1,1,02,09,17,276,41,10,51,165,45*6D
$GIGSV,1,1,02,09,17,276,41,10,51,165,45*6D
$GIGSV,1,1,02,09,17,276,41,10,51,165,45*6D
$GIGSV,1,1,02,09,17,276,41,10,51,165,45*6D
$GIGSV,1,1,02,09,17,276,41,10,51,165,45*6D
$GIGSV,1,1,02,09,17,276,41,10,51,165,45*6D
$GIGSV,1,1,02,09,17,276,41,10,51,165,45*6D
$GIGSV,1,1,02,09,17,276,41,10,51,165,45*6D
$GIGSV,1,1,02,09,17,276,41,10,51,165,45*6D
$GIGSV,1,1,02,09,17,276,41,10,51,165,45*6D
$GIGSV,1,1,02,09,17,276,41,10,51,165,45*6D
$GIGSV,1,1,02,09,17,276,41,10,51,165,45*6D
$GIGSV,1,1,02,09,17,276,41,10,51,165,45*6D
$GIGSV,1,1,02,09,17,276,41,10,51,165,45*6D
$GIGSV,1,1,02,09,17,276,41,10,51,165,45*6D
$GIGSV,1,1,02,09,17,276,41,10,51,165,45*6D
$GIGSV,1,1,02,09,17,276,41,10,51,165,45*6D
$GIGSV,1,1,02,09,17,276,41,10,51,165,45*6D
$GIGSV,1,1,02,09,17,276,41,10,51,165,45*6D
$GIGSV,1,1,02,09,17,276,41,10,51,165,45*6D
$GIGSV,1,1,02,09,17,276,41,10,51,165,46*6E
$GIGSV,1,1,02,09,17,276,41,10,51,165,46*6E
$GIGSV,1,1,02,09,17,276,41,10,51,165,46*6E
$GIGSV,1,1,02,09,17,276,41,10,51,165,46*6E
$GIGSV,1,1,02,09,17,276,40,10,51,165,46*6F
$GIGSV,1,1,02,09,17,276,40,10,51,165,46*6F
$GIGSV,1,1,02,09,17,276,40,10,51,165,46*6F
$GIGSV,1,1,02,09,17,276,40,10,51,165,46*6F
$GIGSV,1,1,02,09,17,276,40,10,51,165,46*6F
$GIGSV,1,1,02,09,17,276,40,10,51,165,46*6F
$GIGSV,1,1,02,09,17,276,40,10,51,165,46*6F
$GIGSV,1,1,02,09,17,276,40,10,51,165,46*6F
$GIGSV,1,1,02,09,17,276,40,10,51,165,46*6F
$GIGSV,1,1,02,09,17,276,40,10,51,165,46*6F
$GIGSV,1,1,02,09,17,276,40,10,51,165,46*6F
$GIGSV,1,1,02,09,17,276,40,10,51,165,46*6F
$GIGSV,1,1,02,09,17,276,40,10,51,165,46*6F
$GIGSV,1,1,02,09,17,276,40,10,51,165,46*6F
$GIGSV,1,1,02,09,17,276,40,10,51,165,46*6F
$GIGSV,1,1,02,09,17,276,41,10,51,165,46*6E
$GIGSV,1,1,02,09,17,276,41,10,51,165,46*6E
$GIGSV,1,1,02,09,17,276,41,10,51,165,46*6E
$GIGSV,1,1,02,09,17,276,41,10,51,165,46*6E
$GIGSV,1,1,02,09,17,276,41,10,51,165,46*6E
$GIGSV,1,1,02,09,17,276,41,10,51,165,46*6E
$GIGSV,1,1,02,09,17,276,41,10,51,165,46*6E
$GIGSV,1,1,02,09,17,276,41,10,51,165,46*6E
$GIGSV,1,1,02,09,17,276,41,10,51,165,46*6E
$GIGSV,1,1,02,09,17,276,41,10,51,165,46*6E
$GIGSV,1,1,02,09,17,276,41,10,51,165,46*6E
$GIGSV,1,1,02,09,17,276,41,10,51,165,46*6E
$GIGSV,1,1,02,09,17,276,41,10,51,165,46*6E
$GIGSV,1,1,02,09,17,276,41,10,51,165,46*6E
$GIGSV,1,1,02,09,17,276,41,10,51,165,46*6E
$GIGSV,1,1,02,09,17,276,41,10,51,165,46*6E
$GIGSV,1,1,02,09,17,276,41,10,51,165,46*6E
$GIGSV,1,1,02,09,17,276,41,10,51,165,46*6E
$GIGSV,1,1,02,09,17,276,41,10,51,165,46*6E
$GIGSV,1,1,02,09,17,276,41,10,51,165,46*6E
$GIGSV,1,1,02,09,17,276,41,10,51,165,46*6E
$GIGSV,1,1,02,09,17,276,41,10,51,165,46*6E
$GIGSV,1,1,02,09,17,276,42,10,51,165,46*6D
$GIGSV,1,1,02,09,17,276,42,10,51,165,46*6D
$GIGSV,1,1,02,09,17,276,42,10,51,165,46*6D
$GIGSV,1,1,02,09,17,276,42,10,51,165,46*6D
$GIGSV,1,1,02,09,17,276,42,10,51,165,46*6D
$GIGSV,1,1,02,09,17,276,42,10,51,165,46*6D
$GIGSV,1,1,02,09,17,276,42,10,51,165,46*6D
$GIGSV,1,1,02,09,17,276,42,10,51,165,46*6D
$GIGSV,1,1,02,09,17,276,42,10,51,165,46*6D
$GIGSV,1,1,02,09,17,276,42,10,51,165,46*6D
$GIGSV,1,1,02,09,17,276,42,10,51,165,46*6D
$GIGSV,1,1,02,09,17,276,42,10,51,165,46*6D
$GIGSV,1,1,02,09,17,276,42,10,51,165,46*6D
$GIGSV,1,1,02,09,17,276,42,10,51,165,46*6D
$GIGSV,1,1,02,09,17,276,42,10,51,165,47*6C
$GIGSV,1,1,02,09,17,276,42,10,51,165,47*6C
$GIGSV,1,1,02,09,17,276,43,10,51,165,47*6D
$GIGSV,1,1,02,09,17,276,43,10,51,165,47*6D
$GIGSV,1,1,02,09,17,276,43,10,51,165,47*6D
$GIGSV,1,1,02,09,17,276,43,10,51,165,47*6D
$GIGSV,1,1,02,09,17,276,43,10,51,165,47*6D
$GIGSV,1,1,02,09,17,276,43,10,51,165,47*6D
$GIGSV,1,1,02,09,17,276,43,10,51,165,47*6D
$GIGSV,1,1,02,09,17,276,42,10,51,165,47*6C
$GIGSV,1,1,02,09,17,276,42,10,51,165,47*6C
$GIGSV,1,1,02,09,17,276,42,10,51,165,47*6C
$GIGSV,1,1,02,09,17,276,43,10,51,165,47*6D
$GIGSV,1,1,02,09,17,276,43,10,51,165,47*6D
$GIGSV,1,1,02,09,17,276,43,10,51,165,47*6D
$GIGSV,1,1,02,09,17,276,43,10,51,165,47*6D
$GIGSV,1,1,02,09,17,276,43,10,51,165,47*6D
$GIGSV,1,1,02,09,17,276,43,10,51,165,47*6D
$GIGSV,1,1,02,09,17,276,43,10,51,165,47*6D
$GIGSV,1,1,02,09,17,276,43,10,51,165,47*6D
$GIGSV,1,1,02,09,17,276,43,10,51,165,47*6D
$GIGSV,1,1,02,09,17,276,43,10,51,165,47*6D
$GIGSV,1,1,02,09,17,276,43,10,51,165,47*6D
$GIGSV,1,1,02,09,17,276,43,10,51,165,47*6D
$GIGSV,1,1,02,09,17,276,43,10,51,165,47*6D
$GIGSV,1,1,02,09,17,276,43,10,51,165,47*6D
$GIGSV,1,1,02,09,17,276,43,10,51,165,47*6D
$GIGSV,1,1,02,09,17,276,43,10,51,165,47*6D
$GIGSV,1,1,02,09,17,276,43,10,51,165,47*6D
$GIGSV,1,1,02,09,17,276,42,10,51,165,47*6C
$GIGSV,1,1,02,09,17,276,42,10,51,165,47*6C
$GIGSV,1,1,02,09,17,276,42,10,51,165,47*6C
$GIGSV,1,1,02,09,17,276,42,10,51,165,47*6C
$GIGSV,1,1,02,09,17,276,42,10,51,165,47*6C
$GIGSV,1,1,02,09,17,276,42,10,51,165,47*6C
$GIGSV,1,1,02,09,17,276,42,10,51,165,47*6C
$GIGSV,1,1,02,09,17,276,42,10,51,165,47*6C
$GIGSV,1,1,02,09,17,276,42,10,51,165,47*6C
$GIGSV,1,1,02,09,17,276,42,10,51,165,47*6C
$GIGSV,1,1,02,09,17,276,42,10,51,165,47*6C
$GIGSV,1,1,02,09,17,276,42,10,51,165,47*6C
$GIGSV,1,1,02,09,17,276,42,10,51,165,47*6C
$GIGSV,1,1,02,09,17,276,42,10,51,165,47*6C
$GIGSV,1,1,02,09,17,276,42,10,51,165,47*6C
$GIGSV,1,1,02,09,17,276,42,10,51,165,47*6C
$GIGSV,1,1,02,09,17,276,42,10,51,165,47*6C
$GIGSV,1,1,02,09,17,276,42,10,51,165,47*6C
$GIGSV,1,1,02,09,17,276,42,10,51,165,47*6C
$GIGSV,1,1,02,09,17,276,42,10,51,165,47*6C
$GIGSV,1,1,02,09,17,276,42,10,51,165,47*6C
$GIGSV,1,1,02,09,17,276,42,10,51,165,47*6C
$GIGSV,1,1,02,09,17,276,42,10,51,165,47*6C
$GIGSV,1,1,02,09,17,276,42,10,51,165,47*6C
$GIGSV,1,1,02,09,17,276,42,10,51,165,47*6C
$GIGSV,1,1,02,09,17,276,42,10,51,165,47*6C
$GIGSV,1,1,02,09,17,276,42,10,51,165,47*6C
$GIGSV,1,1,02,09,17,276,42,10,51,165,47*6C
$GIGSV,1,1,02,09,17,276,42,10,51,165,47*6C
$GIGSV,1,1,02,09,17,276,42,10,51,165,47*6C
$GIGSV,1,1,02,09,17,276,42,10,51,165,46*6D
$GIGSV,1,1,02,09,17,276,42,10,51,165,46*6D
$GIGSV,1,1,02,09,17,276,42,10,51,165,46*6D
$GIGSV,1,1,02,09,17,276,42,10,51,165,46*6D
$GIGSV,1,1,02,09,17,276,42,10,51,165,46*6D
$GIGSV,1,1,02,09,17,276,42,10,51,165,46*6D
$GIGSV,1,1,02,09,17,276,42,10,51,165,46*6D
$GIGSV,1,1,02,09,17,276,42,10,51,165,46*6D
$GIGSV,1,1,02,09,17,276,42,10,51,165,46*6D
$GIGSV,1,1,02,09,17,276,41,10,51,165,46*6E
$GIGSV,1,1,02,09,17,276,41,10,51,165,46*6E
$GIGSV,1,1,02,09,17,276,41,10,51,165,46*6E
$GIGSV,1,1,02,09,17,276,41,10,51,165,46*6E
$GIGSV,1,1,02,09,17,276,41,10,51,165,46*6E
$GIGSV,1,1,02,09,17,276,41,10,51,165,46*6E
$GIGSV,1,1,02,09,17,276,41,10,51,165,46*6E
$GIGSV,1,1,02,09,17,276,41,10,51,165,46*6E
$GIGSV,1,1,02,09,17,276,41,10,51,165,46*6E
$GIGSV,1,1,02,09,17,276,41,10,51,165,46*6E
$GIGSV,1,1,02,09,17,276,41,10,51,165,46*6E
$GIGSV,1,1,02,09,17,276,41,10,51,165,46*6E
$GIGSV,1,1,02,09,17,276,41,10,51,165,46*6E
$GIGSV,1,1,02,09,17,276,41,10,51,165,46*6E
$GIGSV,1,1,02,09,17,276,41,10,51,165,46*6E
$GIGSV,1,1,02,09,17,276,41,10,51,165,46*6E
$GIGSV,1,1,02,09,17,276,41,10,51,165,46*6E
$GIGSV,1,1,02,09,17,276,41,10,51,165,46*6E
$GIGSV,1,1,02,09,17,276,41,10,51,165,46*6E
$GIGSV,1,1,02,09,17,276,42,10,51,165,46*6D
$GIGSV,1,1,02,09,17,276,42,10,51,165,46*6D
$GIGSV,1,1,02,09,17,276,42,10,51,165,46*6D
$GIGSV,1,1,02,09,17,276,42,10,51,165,46*6D
$GIGSV,1,1,02,09,17,276,42,10,51,165,46*6D
$GIGSV,1,1,02,09,17,276,42,10,51,165,46*6D
$GIGSV,1,1,02,09,17,276,42,10,51,165,46*6D
$GIGSV,1,1,02,09,17,276,42,10,51,165,46*6D
$GIGSV,1,1,02,09,17,276,42,10,51,165,46*6D
$GIGSV,1,1,02,09,17,276,42,10,51,165,46*6D
$GIGSV,1,1,02,09,17,276,42,10,51,165,46*6D
$GIGSV,1,1,02,09,17,276,42,10,51,165,46*6D
$GIGSV,1,1,02,09,17,276,42,10,51,165,46*6D
$GIGSV,1,1,02,09,17,276,42,10,51,165,46*6D
$GIGSV,1,1,02,09,17,276,42,10,51,165,46*6D
$GIGSV,1,1,02,09,17,276,42,10,51,165,46*6D
$GIGSV,1,1,02,09,17,276,42,10,51,165,46*6D
$GIGSV,1,1,02,09,17,276,42,10,51,165,46*6D
$GIGSV,1,1,02,09,17,276,42,10,51,165,46*6D
$GIGSV,1,1,02,09,17,276,42,10,51,165,46*6D
$GIGSV,1,1,02,09,17,276,42,10,51,165,46*6D
$GIGSV,1,1,02,09,17,276,42,10,51,165,46*6D
$GIGSV,1,1,02,09,17,276,42,10,51,165,46*6D
$GIGSV,1,1,02,09,17,276,42,10,51,165,46*6D
$GIGSV,1,1,02,09,17,276,42,10,51,165,46*6D
$GIGSV,1,1,02,09,17,276,42,10,51,165,46*6D
$GIGSV,1,1,02,09,17,276,42,10,51,165,46*6D
$GIGSV,1,1,02,09,17,276,42,10,51,165,46*6D
$GIGSV,1,1,02,09,17,276,42,10,51,165,46*6D
$GIGSV,1,1,02,09,17,276,41,10,51,165,46*6E
$GIGSV,1,1,02,09,17,276,41,10,51,165,46*6E
$GIGSV,1,1,02,09,17,276,41,10,51,165,46*6E
$GIGSV,1,1,02,09,17,276,41,10,51,165,46*6E
$GIGSV,1,1,02,09,17,276,41,10,51,165,46*6E
$GIGSV,1,1,02,09,17,276,41,10,51,165,46*6E
$GIGSV,1,1,02,09,17,276,41,10,51,165,46*6E
$GIGSV,1,1,02,09,17,276,41,10,51,165,46*6E
$GIGSV,1,1,02,09,17,276,41,10,51,165,46*6E
$GIGSV,1,1,02,09,17,276,41,10,51,165,46*6E
$GIGSV,1,1,02,09,17,276,41,10,51,165,46*6E
$GIGSV,1,1,02,09,17,276,41,10,51,165,46*6E
$GIGSV,1,1,02,09,17,276,41,10,51,165,46*6E
$GIGSV,1,1,02,09,17,276,42,10,51,165,46*6D
$GIGSV,1,1,02,09,17,276,41,10,51,165,46*6E
$GIGSV,1,1,02,09,17,276,41,10,51,165,46*6E
$GIGSV,1,1,02,09,17,276,41,10,51,165,46*6E
$GIGSV,1,1,02,09,17,276,41,10,51,165,46*6E
$GIGSV,1,1,02,09,17,276,41,10,51,165,46*6E
$GIGSV,1,1,02,09,17,276,41,10,51,165,46*6E
$GIGSV,1,1,02,09,17,276,41,10,51,165,46*6E
$GIGSV,1,1,02,09,17,276,41,10,51,165,46*6E
$GIGSV,1,1,02,09,17,276,41,10,51,165,46*6E
$GIGSV,1,1,02,09,17,276,41,10,51,165,46*6E
$GIGSV,1,1,02,09,17,276,41,10,51,165,46*6E
$GIGSV,1,1,02,09,17,276,41,10,51,165,46*6E
$GIGSV,1,1,02,09,17,276,41,10,51,165,46*6E
$GIGSV,1,1,02,09,17,276,41,10,51,165,46*6E
$GIGSV,1,1,02,09,17,276,41,10,51,165,46*6E
$GIGSV,1,1,02,09,17,276,41,10,51,165,46*6E
$GIGSV,1,1,02,09,17,276,41,10,51,165,46*6E
$GIGSV,1,1,02,09,17,276,41,10,51,165,46*6E
$GIGSV,1,1,02,09,17,276,41,10,51,165,46*6E
$GIGSV,1,1,02,09,17,276,41,10,51,165,46*6E
$GIGSV,1,1,02,09,17,276,41,10,51,165,46*6E
$GIGSV,1,1,02,09,17,276,41,10,51,165,46*6E
$GIGSV,1,1,02,09,17,276,41,10,51,165,46*6E
$GIGSV,1,1,02,09,17,276,41,10,51,165,46*6E
$GIGSV,1,1,02,09,17,276,41,10,51,165,46*6E
$GIGSV,1,1,02,09,17,276,41,10,51,165,46*6E
$GIGSV,1,1,02,09,17,276,41,10,51,165,45*6D
$GIGSV,1,1,02,09,17,276,41,10,51,165,45*6D
$GIGSV,1,1,02,09,17,276,41,10,51,165,45*6D
$GIGSV,1,1,02,09,17,276,41,10,51,165,45*6D
$GIGSV,1,1,02,09,17,276,41,10,51,165,45*6D
$GIGSV,1,1,02,09,17,276,40,10,51,165,45*6C
$GIGSV,1,1,02,09,17,276,40,10,51,165,45*6C
$GIGSV,1,1,02,09,17,276,40,10,51,165,45*6C
$GIGSV,1,1,02,09,17,276,40,10,51,165,45*6C
$GIGSV,1,1,02,09,17,276,40,10,51,165,45*6C
$GIGSV,1,1,02,09,17,276,40,10,51,165,45*6C
$GIGSV,1,1,02,09,17,276,40,10,51,165,45*6C
$GIGSV,1,1,02,09,17,276,40,10,51,165,45*6C
$GIGSV,1,1,02,09,17,276,40,10,51,165,45*6C
$GIGSV,1,1,02,09,17,276,40,10,51,165,45*6C
$GIGSV,1,1,02,09,17,276,40,10,51,165,45*6C
$GIGSV,1,1,02,09,17,276,40,10,51,165,45*6C
$GIGSV,1,1,02,09,17,276,40,10,51,165,45*6C
$GIGSV,1,1,02,09,17,276,40,10,51,165,45*6C
$GIGSV,1,1,02,09,17,276,40,10,51,165,45*6C
$GIGSV,1,1,02,09,17,276,40,10,51,165,45*6C
$GIGSV,1,1,02,09,17,276,40,10,51,165,45*6C
$GIGSV,1,1,02,09,17,276,40,10,51,165,45*6C
$GIGSV,1,1,02,09,17,276,40,10,51,165,45*6C
$GIGSV,1,1,02,09,17,276,40,10,51,165,45*6C
$GIGSV,1,1,02,09,17,276,40,10,51,165,45*6C
$GIGSV,1,1,02,09,17,276,40,10,51,165,45*6C
$GIGSV,1,1,02,09,17,276,40,10,51,165,45*6C
$GIGSV,1,1,02,09,17,276,40,10,51,165,45*6C
$GIGSV,1,1,02,09,17,276,40,10,51,165,45*6C
$GIGSV,1,1,02,09,17,276,40,10,51,165,45*6C
$GIGSV,1,1,02,09,17,276,40,10,51,165,45*6C
$GIGSV,1,1,02,09,17,276,40,10,51,165,45*6C
$GIGSV,1,1,02,09,17,276,40,10,51,165,45*6C
$GIGSV,1,1,02,09,17,276,40,10,51,165,45*6C
$GIGSV,1,1,02,09,17,276,40,10,51,165,45*6C
$GIGSV,1,1,02,09,17,276,40,10,51,165,45*6C
$GIGSV,1,1,02,09,17,276,40,10,51,165,45*6C
$GIGSV,1,1,02,09,17,276,40,10,51,165,45*6C
$GIGSV,1,1,02,09,17,276,40,10,51,165,45*6C
$GIGSV,1,1,02,09,17,276,40,10,51,165,45*6C
$GIGSV,1,1,02,09,17,276,40,10,51,165,45*6C
$GIGSV,1,1,02,09,17,276,40,10,51,165,45*6C
$GIGSV,1,1,02,09,17,276,40,10,51,165,45*6C
$GIGSV,1,1,02,09,17,276,40,10,51,165,45*6C
$GIGSV,1,1,02,09,17,276,40,10,51,165,45*6C
$GIGSV,1,1,02,09,17,276,40,10,51,165,45*6C
$GIGSV,1,1,02,09,17,276,40,10,51,165,45*6C
$GIGSV,1,1,02,09,17,276,40,10,51,165,45*6C
$GIGSV,1,1,02,09,17,276,40,10,51,165,45*6C
$GIGSV,1,1,02,09,17,276,40,10,51,165,45*6C
$GIGSV,1,1,02,09,17,276,40,10,51,165,45*6C
$GIGSV,1,1,02,09,17,276,40,10,51,165,45*6C
$GIGSV,1,1,02,09,17,276,40,10,51,165,45*6C
$GIGSV,1,1,02,09,17,276,40,10,51,165,45*6C
$GIGSV,1,1,02,09,17,276,40,10,51,165,45*6C
$GIGSV,1,1,02,09,17,276,40,10,51,165,45*6C
$GIGSV,1,1,02,09,17,276,40,10,51,165,45*6C
$GIGSV,1,1,02,09,17,276,40,10,51,165,45*6C
$GIGSV,1,1,02,09,17,276,40,10,51,165,45*6C
$GIGSV,1,1,02,09,17,276,40,10,51,165,45*6C
$GIGSV,1,1,02,09,17,276,40,10,51,165,45*6C
$GIGSV,1,1,02,09,17,276,40,10,51,165,45*6C
$GIGSV,1,1,02,09,17,276,40,10,51,165,45*6C
$GIGSV,1,1,02,09,17,276,40,10,51,165,45*6C
$GIGSV,1,1,02,09,17,276,40,10,51,165,45*6C
$GIGSV,1,1,02,09,17,276,40,10,51,165,45*6C
$GIGSV,1,1,02,09,17,276,40,10,51,165,45*6C
$GIGSV,1,1,02,09,17,276,40,10,51,165,45*6C
$GIGSV,1,1,02,09,17,276,40,10,51,165,45*6C
$GIGSV,1,1,02,09,17,276,40,10,51,165,45*6C
$GIGSV,1,1,02,09,17,276,40,10,51,165,45*6C
$GIGSV,1,1,02,09,17,276,40,10,51,165,45*6C
$GIGSV,1,1,02,09,17,276,40,10,51,165,45*6C
$GIGSV,1,1,02,09,17,276,40,10,51,165,45*6C
$GIGSV,1,1,02,09,17,276,40,10,51,165,45*6C
$GIGSV,1,1,02,09,17,276,40,10,51,165,45*6C
$GIGSV,1,1,02,09,17,276,40,10,51,165,45*6C
$GIGSV,1,1,02,09,17,276,40,10,51,165,45*6C
$GIGSV,1,1,02,09,17,276,40,10,51,165,45*6C
$GIGSV,1,1,02,09,17,276,40,10,51,165,45*6C
$GIGSV,1,1,02,09,17,276,40,10,51,165,45*6C
$GIGSV,1,1,02,09,17,276,40,10,51,165,45*6C
$GIGSV,1,1,02,09,17,276,40,10,51,165,45*6C
$GIGSV,1,1,02,09,17,276,40,10,51,165,45*6C
$GIGSV,1,1,02,09,17,276,40,10,51,165,45*6C
$GIGSV,1,1,02,09,17,276,40,10,51,165,45*6C
$GIGSV,1,1,02,09,17,276,40,10,51,165,45*6C
$GIGSV,1,1,02,09,17,276,40,10,51,165,45*6C
$GIGSV,1,1,02,09,17,276,40,10,51,165,45*6C
$GIGSV,1,1,02,09,17,276,40,10,51,165,45*6C
$GIGSV,1,1,02,09,17,276,40,10,51,165,45*6C
$GIGSV,1,1,02,09,17,276,40,10,51,165,45*6C
$GIGSV,1,1,02,09,17,276,40,10,51,165,45*6C
$GIGSV,1,1,02,09,17,276,41,10,51,165,45*6D
$GIGSV,1,1,02,09,17,276,41,10,51,165,45*6D
$GIGSV,1,1,02,09,17,276,41,10,51,165,45*6D
$GIGSV,1,1,02,09,17,276,41,10,51,165,45*6D
$GIGSV,1,1,02,09,17,276,41,10,51,165,45*6D
$GIGSV,1,1,02,09,17,276,41,10,51,165,45*6D
$GIGSV,1,1,02,09,17,276,41,10,51,165,45*6D
$GIGSV,1,1,02,09,17,276,41,10,51,165,45*6D
$GIGSV,1,1,02,09,17,276,41,10,51,165,45*6D
$GIGSV,1,1,02,09,17,276,41,10,51,165,45*6D
$GIGSV,1,1,02,09,17,276,41,10,51,165,45*6D
$GIGSV,1,1,02,09,17,276,41,10,51,165,45*6D
$GIGSV,1,1,02,09,17,276,41,10,51,165,45*6D
$GIGSV,1,1,02,09,17,276,41,10,51,165,45*6D
$GIGSV,1,1,02,09,17,276,41,10,51,165,45*6D
$GIGSV,1,1,02,09,17,276,41,10,51,165,45*6D
$GIGSV,1,1,02,09,17,276,42,10,51,165,45*6E
$GIGSV,1,1,02,09,17,276,42,10,51,165,45*6E
$GIGSV,1,1,02,09,17,276,42,10,51,165,45*6E
$GIGSV,1,1,02,09,17,276,42,10,51,165,45*6E
$GIGSV,1,1,02,09,17,276,42,10,51,165,45*6E
$GIGSV,1,1,02,09,17,276,42,10,51,165,45*6E
$GIGSV,1,1,02,09,17,276,42,10,51,165,45*6E
$GIGSV,1,1,02,09,17,276,42,10,51,165,45*6E
$GIGSV,1,1,02,09,17,276,42,10,51,165,45*6E
$GIGSV,1,1,02,09,17,276,42,10,51,165,44*6F
$GIGSV,1,1,02,09,17,276,42,10,51,165,44*6F
$GIGSV,1,1,02,09,17,276,42,10,51,165,44*6F
$GIGSV,1,1,02,09,17,276,42,10,51,165,45*6E
$GIGSV,1,1,02,09,17,276,42,10,51,165,45*6E
$GIGSV,1,1,02,09,17,276,42,10,51,165,45*6E
$GIGSV,1,1,02,09,17,276,42,10,51,165,45*6E
$GIGSV,1,1,02,09,17,276,42,10,51,165,45*6E
$GIGSV,1,1,02,09,17,276,42,10,51,165,45*6E
$GIGSV,1,1,02,09,17,276,42,10,51,165,45*6E
$GIGSV,1,1,02,09,17,276,42,10,51,165,45*6E
$GIGSV,1,1,02,09,17,276,42,10,51,165,45*6E
$GIGSV,1,1,02,09,17,276,42,10,51,165,45*6E
$GIGSV,1,1,02,09,17,276,42,10,51,165,45*6E
$GIGSV,1,1,02,09,17,276,42,10,51,165,45*6E
$GIGSV,1,1,02,09,17,276,42,10,51,165,45*6E
$GIGSV,1,1,02,09,17,276,42,10,51,165,45*6E
$GIGSV,1,1,02,09,17,276,42,10,51,165,45*6E
$GIGSV,1,1,02,09,17,276,42,10,51,165,45*6E
$GIGSV,1,1,02,09,17,276,42,10,51,165,45*6E
$GIGSV,1,1,02,09,17,276,42,10,51,165,45*6E
$GIGSV,1,1,02,09,17,276,42,10,51,165,45*6E
$GIGSV,1,1,02,09,17,276,42,10,51,165,45*6E
$GIGSV,1,1,02,09,17,276,42,10,51,165,45*6E
$GIGSV,1,1,02,09,17,276,42,10,51,165,45*6E
$GIGSV,1,1,02,09,17,276,42,10,51,165,45*6E
$GIGSV,1,1,02,09,17,276,42,10,51,165,45*6E
$GIGSV,1,1,02,09,17,276,42,10,51,165,45*6E
$GIGSV,1,1,02,09,17,276,42,10,51,165,45*6E
$GIGSV,1,1,02,09,17,276,42,10,51,165,45*6E
$GIGSV,1,1,02,09,17,276,42,10,51,165,45*6E
$GIGSV,1,1,02,09,17,276,42,10,51,165,45*6E
$GIGSV,1,1,02,09,17,276,42,10,51,165,45*6E
$GIGSV,1,1,02,09,17,276,42,10,51,165,45*6E
$GIGSV,1,1,02,09,17,276,42,10,51,165,45*6E
$GIGSV,1,1,02,09,17,276,42,10,51,165,45*6E
$GIGSV,1,1,02,09,17,276,42,10,51,165,45*6E
$GIGSV,1,1,02,09,17,276,42,10,51,165,45*6E
$GIGSV,1,1,02,09,17,276,43,10,51,165,45*6F
$GIGSV,1,1,02,09,17,276,43,10,51,165,45*6F
$GIGSV,1,1,02,09,17,276,43,10,51,165,45*6F
$GIGSV,1,1,02,09,17,276,43,10,51,165,45*6F
$GIGSV,1,1,02,09,17,276,43,10,51,165,45*6F
$GIGSV,1,1,02,09,17,276,43,10,51,165,45*6F
$GIGSV,1,1,02,09,17,276,43,10,51,165,45*6F
$GIGSV,1,1,02,09,17,276,43,10,51,165,45*6F
$GIGSV,1,1,02,09,17,276,43,10,51,165,45*6F
$GIGSV,1,1,02,09,17,276,43,10,51,165,45*6F
$GIGSV,1,1,02,09,17,276,43,10,51,165,45*6F
$GIGSV,1,1,02,09,17,276,43,10,51,165,45*6F
$GIGSV,1,1,02,09,17,276,43,10,51,165,45*6F
$GIGSV,1,1,02,09,17,276,43,10,51,165,45*6F
$GIGSV,1,1,02,09,17,276,43,10,51,165,45*6F
$GIGSV,1,1,02,09,17,276,43,10,51,165,45*6F
$GIGSV,1,1,02,09,17,276,43,10,51,165,45*6F
$GIGSV,1,1,02,09,17,276,43,10,51,165,45*6F
$GIGSV,1,1,02,09,17,276,43,10,51,165,45*6F
$GIGSV,1,1,02,09,17,276,43,10,51,165,45*6F
$GIGSV,1,1,02,09,17,276,43,10,51,165,45*6F
$GIGSV,1,1,02,09,17,276,43,10,51,165,45*6F
$GIGSV,1,1,02,09,17,276,43,10,51,165,45*6F
$GIGSV,1,1,02,09,17,276,43,10,51,165,44*6E
$GIGSV,1,1,02,09,17,276,43,10,51,165,44*6E
$GIGSV,1,1,02,09,17,276,43,10,51,165,44*6E
$GIGSV,1,1,02,09,17,276,43,10,51,165,44*6E
$GIGSV,1,1,02,09,17,276,43,10,51,165,44*6E
$GIGSV,1,1,02,09,17,276,43,10,51,165,44*6E
$GIGSV,1,1,02,09,17,276,43,10,51,165,44*6E
$GIGSV,1,1,02,09,17,276,43,10,51,165,44*6E
$GIGSV,1,1,02,09,17,276,43,10,51,165,44*6E
$GIGSV,1,1,02,09,17,276,43,10,51,165,44*6E
$GIGSV,1,1,02,09,17,276,43,10,51,165,44*6E
$GIGSV,1,1,02,09,17,276,43,10,51,165,44*6E
$GIGSV,1,1,02,09,17,276,43,10,51,165,44*6E
$GIGSV,1,1,02,09,17,276,43,10,51,165,44*6E
$GIGSV,1,1,02,09,17,276,43,10,51,165,44*6E
$GIGSV,1,1,02,09,17,276,43,10,51,165,44*6E
$GIGSV,1,1,02,09,17,276,43,10,51,165,44*6E
$GIGSV,1,1,02,09,17,276,43,10,51,165,44*6E
$GIGSV,1,1,02,09,17,276,43,10,51,165,44*6E
$GIGSV,1,1,02,09,17,276,43,10,51,165,44*6E
$GIGSV,1,1,02,09,17,276,44,10,51,165,44*69
$GIGSV,1,1,02,09,17,276,44,10,51,165,44*69
$GIGSV,1,1,02,09,17,276,44,10,51,165,43*6E
$GIGSV,1,1,02,09,17,276,44,10,51,165,43*6E
$GIGSV,1,1,02,09,17,276,44,10,51,165,43*6E
$GIGSV,1,1,02,09,17,276,44,10,51,165,43*6E
$GIGSV,1,1,02,09,17,276,44,10,51,165,43*6E
$GIGSV,1,1,02,09,17,276,44,10,51,165,43*6E
$GIGSV,1,1,02,09,17,276,44,10,51,165,43*6E
$GIGSV,1,1,02,09,17,276,44,10,51,165,43*6E
$GIGSV,1,1,02,09,17,276,44,10,51,165,43*6E
$GIGSV,1,1,02,09,17,276,44,10,51,165,43*6E
$GIGSV,1,1,02,09,17,276,44,10,51,165,43*6E
$GIGSV,1,1,02,09,17,276,44,10,51,165,43*6E
$GIGSV,1,1,02,09,17,276,44,10,51,165,43*6E
$GIGSV,1,1,02,09,17,276,44,10,51,165,44*69
$GIGSV,1,1,02,09,17,276,44,10,51,165,44*69
$GIGSV,1,1,02,09,17,276,44,10,51,165,44*69
$GIGSV,1,1,02,09,17,276,44,10,51,165,44*69
$GIGSV,1,1,02,09,17,276,45,10,51,165,44*68
$GIGSV,1,1,02,09,17,276,45,10,51,165,44*68
$GIGSV,1,1,02,09,17,276,45,10,51,165,44*68
$GIGSV,1,1,02,09,17,276,45,10,51,165,44*68
$GIGSV,1,1,02,09,17,276,45,10,51,165,44*68
$GIGSV,1,1,02,09,17,276,45,10,51,165,44*68
$GIGSV,1,1,02,09,17,276,45,10,51,165,44*68
$GIGSV,1,1,02,09,17,276,45,10,51,165,44*68
$GIGSV,1,1,02,09,17,276,45,10,51,165,44*68
$GIGSV,1,1,02,09,17,276,45,10,51,165,44*68
$GIGSV,1,1,02,09,17,276,45,10,51,165,44*68
$GIGSV,1,1,02,09,17,276,45,10,51,165,44*68
$GIGSV,1,1,02,09,17,276,45,10,51,165,44*68
$GIGSV,1,1,02,09,17,276,45,10,51,165,44*68
$GIGSV,1,1,02,09,17,276,45,10,51,165,44*68
$GIGSV,1,1,02,09,17,276,45,10,51,165,44*68
$GIGSV,1,1,02,09,17,276,45,10,51,165,44*68
$GIGSV,1,1,02,09,17,276,45,10,51,165,44*68
$GIGSV,1,1,02,09,17,276,44,10,51,165,44*69
$GIGSV,1,1,02,09,17,276,44,10,51,165,44*69
$GIGSV,1,1,02,09,17,276,44,10,51,165,45*68
$GIGSV,1,1,02,09,17,276,44,10,51,165,45*68
$GIGSV,1,1,02,09,17,276,44,10,51,165,45*68
$GIGSV,1,1,02,09,17,276,44,10,51,165,44*69
$GIGSV,1,1,02,09,17,276,44,10,51,165,44*69
$GIGSV,1,1,02,09,17,276,44,10,51,165,44*69
$GIGSV,1,1,02,09,17,276,44,10,51,165,44*69
$GIGSV,1,1,02,09,17,276,44,10,51,165,44*69
$GIGSV,1,1,02,09,17,276,44,10,51,165,44*69
$GIGSV,1,1,02,09,17,276,44,10,51,165,44*69
$GIGSV,1,1,02,09,17,276,44,10,51,165,44*69
$GIGSV,1,1,02,09,17,276,44,10,51,165,44*69
$GIGSV,1,1,02,09,17,276,44,10,51,165,44*69
$GIGSV,1,1,02,09,17,276,44,10,51,165,45*68
$GIGSV,1,1,02,09,17,276,44,10,51,165,45*68
$GIGSV,1,1,02,09,17,276,44,10,51,165,45*68
$GIGSV,1,1,02,09,17,276,44,10,51,165,45*68
$GIGSV,1,1,02,09,17,276,44,10,51,165,45*68
$GIGSV,1,1,02,09,17,276,44,10,51,165,45*68
$GIGSV,1,1,02,09,17,276,44,10,51,165,45*68
$GIGSV,1,1,02,09,17,276,44,10,51,165,45*68
$GIGSV,1,1,02,09,17,276,44,10,51,165,45*68
$GIGSV,1,1,02,09,17,276,44,10,51,165,45*68
$GIGSV,1,1,02,09,17,276,44,10,51,165,45*68
$GIGSV,1,1,02,09,17,276,44,10,51,165,45*68
$GIGSV,1,1,02,09,17,276,44,10,51,165,45*68
$GIGSV,1,1,02,09,17,276,44,10,51,165,45*68
$GIGSV,1,1,02,09,17,276,44,10,51,165,45*68
$GIGSV,1,1,02,09,17,276,44,10,51,165,45*68
$GIGSV,1,1,02,09,17,276,44,10,51,165,45*68
$GIGSV,1,1,02,09,17,276,44,10,51,165,45*68
$GIGSV,1,1,02,09,17,276,44,10,51,165,45*68
$GIGSV,1,1,02,09,17,276,44,10,51,165,45*68
$GIGSV,1,1,02,09,17,276,44,10,51,165,45*68
$GIGSV,1,1,02,09,17,276,44,10,51,165,45*68
$GIGSV,1,1,02,09,17,276,44,10,51,165,45*68
$GIGSV,1,1,02,09,17,276,44,10,51,165,45*68
$GIGSV,1,1,02,09,17,276,44,10,51,165,45*68
$GIGSV,1,1,02,09,17,276,44,10,51,165,45*68
$GIGSV,1,1,02,09,17,276,44,10,51,165,45*68
$GIGSV,1,1,02,09,17,276,44,10,51,165,45*68
$GIGSV,1,1,02,09,17,276,44,10,51,165,45*68
$GIGSV,1,1,02,09,17,276,44,10,51,165,45*68
$GIGSV,1,1,02,09,17,276,44,10,51,165,45*68
$GIGSV,1,1,02,09,17,276,44,10,51,165,45*68
$GIGSV,1,1,02,09,17,276,44,10,51,165,45*68
$GIGSV,1,1,02,09,17,276,44,10,51,165,45*68
$GIGSV,1,1,02,09,17,276,44,10,51,165,45*68
$GIGSV,1,1,02,09,17,276,44,10,51,165,45*68
$GIGSV,1,1,02,09,17,276,44,10,51,165,44*69
$GIGSV,1,1,02,09,17,276,44,10,51,165,44*69
$GIGSV,1,1,02,09,17,276,44,10,51,165,44*69
$GIGSV,1,1,02,09,17,276,44,10,51,165,44*69
$GIGSV,1,1,02,09,17,276,44,10,51,165,44*69
$GIGSV,1,1,02,09,17,276,44,10,51,165,44*69
$GIGSV,1,1,02,09,17,276,44,10,51,165,44*69
$GIGSV,1,1,02,09,17,276,44,10,51,165,44*69
$GIGSV,1,1,02,09,17,276,44,10,51,165,44*69
$GIGSV,1,1,02,09,17,276,44,10,51,165,44*69
$GIGSV,1,1,02,09,17,276,44,10,51,165,44*69
$GIGSV,1,1,02,09,17,276,44,10,51,165,44*69
$GIGSV,1,1,02,09,17,276,44,10,51,165,44*69
$GIGSV,1,1,02,09,17,276,44,10,51,165,44*69
$GIGSV,1,1,02,09,17,276,44,10,51,165,44*69
$GIGSV,1,1,02,09,17,276,44,10,51,165,44*69
$GIGSV,1,1,02,09,17,276,44,10,51,165,44*69
$GIGSV,1,1,02,09,17,276,43,10,51,165,44*6E
$GIGSV,1,1,02,09,17,276,43,10,51,165,44*6E
$GIGSV,1,1,02,09,17,276,43,10,51,165,44*6E
$GIGSV,1,1,02,09,17,276,43,10,51,165,44*6E
$GIGSV,1,1,02,09,17,276,43,10,51,165,44*6E
$GIGSV,1,1,02,09,17,276,43,10,51,165,44*6E
$GIGSV,1,1,02,09,17,276,43,10,51,165,44*6E
$GIGSV,1,1,02,09,17,276,43,10,51,165,44*6E
$GIGSV,1,1,02,09,17,276,43,10,51,165,44*6E
$GIGSV,1,1,02,09,17,276,43,10,51,165,44*6E
$GIGSV,1,1,02,09,17,276,43,10,51,165,44*6E
$GIGSV,1,1,02,09,17,276,43,10,51,165,44*6E
$GIGSV,1,1,02,09,17,276,43,10,51,165,44*6E
$GIGSV,1,1,02,09,17,276,43,10,51,165,44*6E
$GIGSV,1,1,02,09,17,276,43,10,51,165,44*6E
$GIGSV,1,1,02,09,17,276,43,10,51,165,44*6E
$GIGSV,1,1,02,09,17,276,43,10,51,165,44*6E
$GIGSV,1,1,02,09,17,276,43,10,51,165,44*6E
$GIGSV,1,1,02,09,17,276,43,10,51,165,44*6E
$GIGSV,1,1,02,09,17,276,43,10,51,165,44*6E
$GIGSV,1,1,02,09,17,276,43,10,51,165,44*6E
$GIGSV,1,1,02,09,17,276,43,10,51,165,44*6E
$GIGSV,1,1,02,09,17,276,43,10,51,165,44*6E
$GIGSV,1,1,02,09,17,276,43,10,51,165,44*6E
$GIGSV,1,1,02,09,17,276,43,10,51,165,44*6E
$GIGSV,1,1,02,09,17,276,43,10,51,165,44*6E
$GIGSV,1,1,02,09,17,276,43,10,51,165,44*6E
$GIGSV,1,1,02,09,17,276,43,10,51,165,44*6E
$GIGSV,1,1,02,09,17,276,43,10,51,165,44*6E
$GIGSV,1,1,02,09,17,276,43,10,51,165,44*6E
$GIGSV,1,1,02,09,17,276,43,10,51,165,44*6E
$GIGSV,1,1,02,09,17,276,43,10,51,165,44*6E
$GIGSV,1,1,02,09,17,276,43,10,51,165,44*6E
$GIGSV,1,1,02,09,17,276,43,10,51,165,44*6E
$GIGSV,1,1,02,09,17,276,42,10,51,165,44*6F
$GIGSV,1,1,02,09,17,276,42,10,51,165,44*6F
$GIGSV,1,1,02,09,17,276,42,10,51,165,44*6F
$GIGSV,1,1,02,09,17,276,42,10,51,165,44*6F
$GIGSV,1,1,02,09,17,276,42,10,51,165,44*6F
$GIGSV,1,1,02,09,17,276,42,10,51,165,45*6E
$GIGSV,1,1,02,09,17,276,42,10,51,165,45*6E
$GIGSV,1,1,02,09,17,276,42,10,51,165,45*6E
$GIGSV,1,1,02,09,17,276,42,10,51,165,45*6E
$GIGSV,1,1,02,09,17,276,42,10,51,165,45*6E
$GIGSV,1,1,02,09,17,276,42,10,51,165,45*6E
$GIGSV,1,1,02,09,17,276,42,10,51,165,45*6E
$GIGSV,1,1,02,09,17,276,42,10,51,165,45*6E
$GIGSV,1,1,02,09,17,276,42,10,51,165,45*6E
$GIGSV,1,1,02,09,17,276,42,10,51,165,45*6E
$GIGSV,1,1,02,09,17,276,42,10,51,165,45*6E
$GIGSV,1,1,02,09,17,276,42,10,51,165,45*6E
$GIGSV,1,1,02,09,17,276,42,10,51,165,45*6E
$GIGSV,1,1,02,09,17,276,42,10,51,165,45*6E
$GIGSV,1,1,02,09,17,276,42,10,51,165,45*6E
$GIGSV,1,1,02,09,17,276,42,10,51,165,45*6E
$GIGSV,1,1,02,09,17,276,42,10,51,165,45*6E
$GIGSV,1,1,02,09,17,276,42,10,51,165,45*6E
$GIGSV,1,1,02,09,17,276,42,10,51,165,45*6E
$GIGSV,1,1,02,09,17,276,42,10,51,165,45*6E
$GIGSV,1,1,02,09,17,276,42,10,51,165,45*6E
$GIGSV,1,1,02,09,17,276,42,10,51,165,45*6E
$GIGSV,1,1,02,09,17,276,42,10,51,165,45*6E
$GIGSV,1,1,02,09,17,276,42,10,51,165,45*6E
$GIGSV,1,1,02,09,17,276,42,10,51,165,45*6E
$GIGSV,1,1,02,09,17,276,42,10,51,165,45*6E
$GIGSV,1,1,02,09,17,276,42,10,51,165,45*6E
$GIGSV,1,1,02,09,17,276,42,10,51,165,45*6E
$GIGSV,1,1,02,09,17,276,42,10,51,165,45*6E
$GIGSV,1,1,02,09,17,276,42,10,51,165,45*6E
$GIGSV,1,1,02,09,17,276,42,10,51,165,45*6E
$GIGSV,1,1,02,09,17,276,42,10,51,165,45*6E
$GIGSV,1,1,02,09,17,276,42,10,51,165,45*6E
$GIGSV,1,1,02,09,17,276,42,10,51,165,45*6E
$GIGSV,1,1,02,09,17,276,42,10,51,165,45*6E
$GIGSV,1,1,02,09,17,276,42,10,51,165,45*6E
$GIGSV,1,1,02,09,17,276,42,10,51,165,45*6E
$GIGSV,1,1,02,09,17,276,42,10,51,165,45*6E
$GIGSV,1,1,02,09,17,276,42,10,51,165,45*6E
$GIGSV,1,1,02,09,17,276,42,10,51,165,45*6E
$GIGSV,1,1,02,09,17,276,42,10,51,165,45*6E
$GIGSV,1,1,02,09,17,276,42,10,51,165,45*6E
$GIGSV,1,1,02,09,17,276,42,10,51,165,45*6E
$GIGSV,1,1,02,09,17,276,42,10,51,165,45*6E
$GIGSV,1,1,02,09,17,276,42,10,51,165,45*6E
$GIGSV,1,1,02,09,17,276,42,10,51,165,45*6E
$GIGSV,1,1,02,09,17,276,42,10,51,165,45*6E
$GIGSV,1,1,02,09,17,276,42,10,51,165,45*6E
$GIGSV,1,1,02,09,17,276,42,10,51,165,45*6E
$GIGSV,1,1,02,09,17,276,42,10,51,165,45*6E
$GIGSV,1,1,02,09,17,276,42,10,51,165,45*6E
$GIGSV,1,1,02,09,17,276,42,10,51,165,45*6E
$GIGSV,1,1,02,09,17,276,42,10,51,165,45*6E
$GIGSV,1,1,02,09,17,276,42,10,51,165,45*6E
$GIGSV,1,1,02,09,17,276,42,10,51,165,45*6E
$GIGSV,1,1,02,09,17,276,42,10,51,165,45*6E
$GIGSV,1,1,02,09,17,276,42,10,51,165,45*6E
$GIGSV,1,1,02,09,17,276,42,10,51,165,45*6E
$GIGSV,1,1,02,09,17,276,42,10,51,165,45*6E
$GIGSV,1,1,02,09,17,276,42,10,51,165,45*6E
$GIGSV,1,1,02,09,17,276,42,10,51,165,45*6E
$GIGSV,1,1,02,09,17,276,42,10,51,165,45*6E
$GIGSV,1,1,02,09,17,276,42,10,51,165,45*6E
$GIGSV,1,1,02,09,17,276,42,10,51,165,45*6E
$GIGSV,1,1,02,09,17,276,42,10,51,165,45*6E
$GIGSV,1,1,02,09,17,276,42,10,51,165,45*6E
$GIGSV,1,1,02,09,17,276,42,10,51,165,45*6E
$GIGSV,1,1,02,09,17,276,42,10,51,165,45*6E
$GIGSV,1,1,02,09,17,276,42,10,51,165,45*6E
$GIGSV,1,1,02,09,17,276,42,10,51,165,45*6E
$GIGSV,1,1,02,09,17,276,42,10,51,165,45*6E
$GIGSV,1,1,02,09,17,276,42,10,51,165,45*6E
$GIGSV,1,1,02,09,17,276,41,10,51,165,45*6D
$GIGSV,1,1,02,09,17,276,41,10,51,165,45*6D
$GIGSV,1,1,02,09,17,276,41,10,51,165,45*6D
$GIGSV,1,1,02,09,17,276,41,10,51,165,45*6D
$GIGSV,1,1,02,09,17,276,41,10,51,165,44*6C
$GIGSV,1,1,02,09,17,276,41,10,51,165,44*6C
$GIGSV,1,1,02,09,17,276,41,10,51,165,44*6C
$GIGSV,1,1,02,09,17,276,41,10,51,165,44*6C
$GIGSV,1,1,02,09,17,276,41,10,51,165,44*6C
$GIGSV,1,1,02,09,17,276,41,10,51,165,44*6C
$GIGSV,1,1,02,09,17,276,41,10,51,165,44*6C
$GIGSV,1,1,02,09,17,276,41,10,51,165,44*6C
$GIGSV,1,1,02,09,17,276,41,10,51,165,44*6C
$GIGSV,1,1,02,09,17,276,41,10,51,165,44*6C
$GIGSV,1,1,02,09,17,276,41,10,51,165,44*6C
$GIGSV,1,1,02,09,17,276,41,10,51,165,44*6C
$GIGSV,1,1,02,09,17,276,42,10,51,165,44*6F
$GIGSV,1,1,02,09,17,276,42,10,51,165,44*6F
$GIGSV,1,1,02,09,17,276,42,10,51,165,44*6F
$GIGSV,1,1,02,09,17,276,42,10,51,165,44*6F
$GIGSV,1,1,02,09,17,276,42,10,51,165,44*6F
$GIGSV,1,1,02,09,17,276,42,10,51,165,44*6F
$GIGSV,1,1,02,09,17,276,42,10,51,165,44*6F
$GIGSV,1,1,02,09,17,276,42,10,51,165,44*6F
$GIGSV,1,1,02,09,17,276,42,10,51,165,45*6E
$GIGSV,1,1,02,09,17,276,42,10,51,165,45*6E
$GIGSV,1,1,02,09,17,276,42,10,51,165,45*6E
$GIGSV,1,1,02,09,17,276,42,10,51,165,45*6E
$GIGSV,1,1,02,09,17,276,42,10,51,165,45*6E
$GIGSV,1,1,02,09,17,276,42,10,51,165,45*6E
$GIGSV,1,1,02,09,17,276,42,10,51,165,45*6E
$GIGSV,1,1,02,09,17,276,42,10,51,165,44*6F
$GIGSV,1,1,02,09,17,276,42,10,51,165,44*6F
$GIGSV,1,1,02,09,17,276,42,10,51,165,44*6F
$GIGSV,1,1,02,09,17,276,42,10,51,165,44*6F
$GIGSV,1,1,02,09,17,276,42,10,51,165,44*6F
$GIGSV,1,1,02,09,17,276,42,10,51,165,44*6F
$GIGSV,1,1,02,09,17,276,42,10,51,165,44*6F
$GIGSV,1,1,02,09,17,276,42,10,51,165,44*6F
$GIGSV,1,1,02,09,17,276,42,10,51,165,44*6F
$GIGSV,1,1,02,09,17,276,42,10,51,165,44*6F
$GIGSV,1,1,02,09,17,276,42,10,51,165,44*6F
$GIGSV,1,1,02,09,17,276,42,10,51,165,44*6F
$GIGSV,1,1,02,09,17,276,42,10,51,165,44*6F
$GIGSV,1,1,02,09,17,276,42,10,51,165,44*6F
$GIGSV,1,1,02,09,17,276,42,10,51,165,44*6F
$GIGSV,1,1,02,09,17,276,42,10,51,165,44*6F
$GIGSV,1,1,02,09,17,276,42,10,51,165,44*6F
$GIGSV,1,1,02,09,17,276,42,10,51,165,44*6F
$GIGSV,1,1,02,09,17,276,42,10,51,165,44*6F
$GIGSV,1,1,02,09,17,276,42,10,51,165,44*6F
$GIGSV,1,1,02,09,17,276,42,10,51,165,44*6F
$GIGSV,1,1,02,09,17,276,42,10,51,165,44*6F
$GIGSV,1,1,02,09,17,276,42,10,51,165,44*6F
$GIGSV,1,1,02,09,17,276,42,10,51,165,44*6F
$GIGSV,1,1,02,09,17,276,42,10,51,165,44*6F
$GIGSV,1,1,02,09,17,276,43,10,51,165,44*6E
$GIGSV,1,1,02,09,17,276,43,10,51,165,44*6E
$GIGSV,1,1,02,09,17,276,43,10,51,165,44*6E
$GIGSV,1,1,02,09,17,276,43,10,51,165,44*6E
$GIGSV,1,1,02,09,17,276,43,10,51,165,44*6E
$GIGSV,1,1,02,09,17,276,43,10,51,165,44*6E
$GIGSV,1,1,02,09,17,276,43,10,51,165,44*6E
$GIGSV,1,1,02,09,17,276,43,10,51,165,45*6F
$GIGSV,1,1,02,09,17,276,43,10,51,165,45*6F
$GIGSV,1,1,02,09,17,276,43,10,51,165,45*6F
$GIGSV,1,1,02,09,17,276,43,10,51,165,45*6F
$GIGSV,1,1,02,09,17,276,43,10,51,165,45*6F
$GIGSV,1,1,02,09,17,276,43,10,51,165,45*6F
$GIGSV,1,1,02,09,17,276,43,10,51,165,45*6F
$GIGSV,1,1,02,09,17,276,43,10,51,165,45*6F
$GIGSV,1,1,02,09,17,276,43,10,51,165,45*6F
$GIGSV,1,1,02,09,17,276,43,10,51,165,45*6F
$GIGSV,1,1,02,09,17,276,43,10,51,165,45*6F
$GIGSV,1,1,02,09,17,276,43,10,51,165,45*6F
$GIGSV,1,1,02,09,17,276,43,10,51,165,45*6F
$GIGSV,1,1,02,09,17,276,43,10,51,165,45*6F
$GIGSV,1,1,02,09,17,276,43,10,51,165,45*6F
$GIGSV,1,1,02,09,17,276,43,10,51,165,45*6F
$GIGSV,1,1,02,09,17,276,43,10,51,165,45*6F
$GIGSV,1,1,02,09,17,276,43,10,51,165,45*6F
$GIGSV,1,1,02,09,17,276,43,10,51,165,45*6F
$GIGSV,1,1,02,09,17,276,43,10,51,165,45*6F
$GIGSV,1,1,02,09,17,276,43,10,51,165,45*6F
$GIGSV,1,1,02,09,17,276,43,10,51,165,45*6F
$GIGSV,1,1,02,09,17,276,43,10,51,165,45*6F
$GIGSV,1,1,02,09,17,276,43,10,51,165,45*6F
$GIGSV,1,1,02,09,17,276,43,10,51,165,45*6F
$GIGSV,1,1,02,09,17,276,43,10,51,165,45*6F
$GIGSV,1,1,02,09,17,276,43,10,51,165,45*6F
$GIGSV,1,1,02,09,17,276,43,10,51,165,45*6F
$GIGSV,1,1,02,09,17,276,43,10,51,165,45*6F
$GIGSV,1,1,02,09,17,276,43,10,51,165,45*6F
$GIGSV,1,1,02,09,17,276,43,10,51,165,45*6F
$GIGSV,1,1,02,09,17,276,43,10,51,165,45*6F
$GIGSV,1,1,02,09,17,276,43,10,51,165,45*6F
$GIGSV,1,1,02,09,17,276,43,10,51,165,45*6F
$GIGSV,1,1,02,09,17,276,43,10,51,165,45*6F
$GIGSV,1,1,02,09,17,276,43,10,51,165,45*6F
$GIGSV,1,1,02,09,17,276,43,10,51,165,45*6F
$GIGSV,1,1,02,09,17,276,43,10,51,165,45*6F
$GIGSV,1,1,02,09,17,276,43,10,51,165,45*6F
$GIGSV,1,1,02,09,17,276,43,10,51,165,45*6F
$GIGSV,1,1,02,09,17,276,43,10,51,165,45*6F
$GIGSV,1,1,02,09,17,276,43,10,51,165,45*6F
$GIGSV,1,1,02,09,17,276,43,10,51,165,45*6F
$GIGSV,1,1,02,09,17,276,43,10,51,165,45*6F
$GIGSV,1,1,02,09,17,276,43,10,51,165,45*6F
$GIGSV,1,1,02,09,17,276,43,10,51,165,45*6F
$GIGSV,1,1,02,09,17,276,43,10,51,165,45*6F
$GIGSV,1,1,02,09,17,276,43,10,51,165,45*6F
$GIGSV,1,1,02,09,17,276,43,10,51,165,45*6F
$GIGSV,1,1,02,09,17,276,44,10,51,165,45*68
$GIGSV,1,1,02,09,17,276,44,10,51,165,45*68
$GIGSV,1,1,02,09,17,276,44,10,51,165,45*68
$GIGSV,1,1,02,09,17,276,44,10,51,165,45*68
$GIGSV,1,1,02,09,17,276,44,10,51,165,45*68
$GIGSV,1,1,02,09,17,276,43,10,51,165,45*6F
$GIGSV,1,1,02,09,17,276,43,10,51,165,45*6F
$GIGSV,1,1,02,09,17,276,43,10,51,165,45*6F
$GIGSV,1,1,02,09,17,276,43,10,51,165,45*6F
$GIGSV,1,1,02,09,17,276,43,10,51,165,45*6F
$GIGSV,1,1,02,09,17,276,43,10,51,165,45*6F
$GIGSV,1,1,02,09,17,276,43,10,51,165,45*6F
$GIGSV,1,1,02,09,17,276,43,10,51,165,45*6F
$GIGSV,1,1,02,09,17,276,43,10,51,165,45*6F
$GIGSV,1,1,02,09,17,276,43,10,51,165,45*6F
$GIGSV,1,1,02,09,17,276,43,10,51,165,45*6F
$GIGSV,1,1,02,09,17,276,43,10,51,165,45*6F
$GIGSV,1,1,02,09,17,276,43,10,51,165,45*6F
$GIGSV,1,1,02,09,17,276,43,10,51,165,45*6F
$GIGSV,1,1,02,09,17,276,43,10,51,165,45*6F
$GIGSV,1,1,02,09,17,276,43,10,51,165,45*6F
$GIGSV,1,1,02,09,17,276,43,10,51,165,45*6F
$GIGSV,1,1,02,09,17,276,43,10,51,165,45*6F
$GIGSV,1,1,02,09,17,276,43,10,51,165,45*6F
$GIGSV,1,1,02,09,17,276,43,10,51,165,45*6F
$GIGSV,1,1,02,09,17,276,42,10,51,165,45*6E
$GIGSV,1,1,02,09,17,276,42,10,51,165,45*6E
$GIGSV,1,1,02,09,17,276,42,10,51,165,45*6E
$GIGSV,1,1,02,09,17,276,42,10,51,165,45*6E
$GIGSV,1,1,02,09,17,276,42,10,51,165,45*6E
$GIGSV,1,1,02,09,17,276,42,10,51,165,45*6E
$GIGSV,1,1,02,09,17,276,42,10,51,165,45*6E
$GIGSV,1,1,02,09,17,276,42,10,51,165,45*6E
$GIGSV,1,1,02,09,17,276,42,10,51,165,45*6E
$GIGSV,1,1,02,09,17,276,42,10,51,165,45*6E
$GIGSV,1,1,02,09,17,276,42,10,51,165,45*6E
$GIGSV,1,1,02,09,17,276,42,10,51,165,45*6E
$GIGSV,1,1,02,09,17,276,42,10,51,165,45*6E
$GIGSV,1,1,02,09,17,276,42,10,51,165,45*6E
$GIGSV,1,1,02,09,17,276,42,10,51,165,45*6E
$GIGSV,1,1,02,09,17,276,42,10,51,165,45*6E
$GIGSV,1,1,02,09,17,276,42,10,51,165,45*6E
$GIGSV,1,1,02,09,17,276,42,10,51,165,45*6E
$GIGSV,1,1,02,09,17,276,42,10,51,165,45*6E
$GIGSV,1,1,02,09,17,276,42,10,51,165,45*6E
$GIGSV,1,1,02,09,17,276,42,10,51,165,45*6E
$GIGSV,1,1,02,09,17,276,42,10,51,165,45*6E
$GIGSV,1,1,02,09,17,276,42,10,51,165,45*6E
$GIGSV,1,1,02,09,17,276,42,10,51,165,45*6E
$GIGSV,1,1,02,09,17,276,42,10,51,165,45*6E
$GIGSV,1,1,02,09,17,276,42,10,51,165,45*6E
$GIGSV,1,1,02,09,17,276,42,10,51,165,45*6E
$GIGSV,1,1,02,09,17,276,42,10,51,165,46*6D
$GIGSV,1,1,02,09,17,276,43,10,51,165,46*6C
$GIGSV,1,1,02,09,17,276,43,10,51,165,46*6C
$GIGSV,1,1,02,09,17,276,43,10,51,165,46*6C
$GIGSV,1,1,02,09,17,276,43,10,51,165,46*6C
$GIGSV,1,1,02,09,17,276,43,10,51,165,46*6C
$GIGSV,1,1,02,09,17,276,43,10,51,165,46*6C
$GIGSV,1,1,02,09,17,276,43,10,51,165,46*6C
$GIGSV,1,1,02,09,17,276,43,10,51,165,46*6C
$GIGSV,1,1,02,09,17,276,43,10,51,165,46*6C
$GIGSV,1,1,02,09,17,276,43,10,51,165,46*6C
$GIGSV,1,1,02,09,17,276,43,10,51,165,46*6C
$GIGSV,1,1,02,09,17,276,43,10,51,165,46*6C
$GIGSV,1,1,02,09,17,276,43,10,51,165,46*6C
$GIGSV,1,1,02,09,17,276,43,10,51,165,46*6C
$GIGSV,1,1,02,09,17,276,43,10,51,165,46*6C
$GIGSV,1,1,02,09,17,276,43,10,51,165,46*6C
$GIGSV,1,1,02,09,17,276,43,10,51,165,46*6C
$GIGSV,1,1,02,09,17,276,43,10,51,165,46*6C
$GIGSV,1,1,02,09,17,276,43,10,51,165,46*6C
$GIGSV,1,1,02,09,17,276,43,10,51,165,46*6C
$GIGSV,1,1,02,09,17,276,43,10,51,165,46*6C
$GIGSV,1,1,02,09,17,276,43,10,51,165,46*6C
$GIGSV,1,1,02,09,17,276,43,10,51,165,46*6C
$GIGSV,1,1,02,09,17,276,43,10,51,165,46*6C
$GIGSV,1,1,02,09,17,276,43,10,51,165,46*6C
$GIGSV,1,1,02,09,17,276,43,10,51,165,46*6C
$GIGSV,1,1,02,09,17,276,43,10,51,165,46*6C
$GIGSV,1,1,02,09,17,276,43,10,51,165,46*6C
$GIGSV,1,1,02,09,17,276,43,10,51,165,46*6C
$GIGSV,1,1,02,09,17,276,43,10,51,165,46*6C
$GIGSV,1,1,02,09,17,276,43,10,51,165,46*6C
$GIGSV,1,1,02,09,17,276,43,10,51,165,46*6C
$GIGSV,1,1,02,09,17,276,43,10,51,165,46*6C
$GIGSV,1,1,02,09,17,276,43,10,51,165,46*6C
$GIGSV,1,1,02,09,17,276,43,10,51,165,46*6C
$GIGSV,1,1,02,09,17,276,43,10,51,165,46*6C
$GIGSV,1,1,02,09,17,276,43,10,51,165,46*6C
$GIGSV,1,1,02,09,17,276,43,10,51,165,46*6C
$GIGSV,1,1,02,09,17,276,43,10,51,165,46*6C
$GIGSV,1,1,02,09,17,276,43,10,51,165,46*6C
$GIGSV,1,1,02,09,17,276,43,10,51,165,46*6C
$GIGSV,1,1,02,09,17,276,43,10,51,165,46*6C
$GIGSV,1,1,02,09,17,276,43,10,51,165,46*6C
$GIGSV,1,1,02,09,17,276,42,10,51,165,46*6D
$GIGSV,1,1,02,09,17,276,42,10,51,165,46*6D
$GIGSV,1,1,02,09,17,276,42,10,51,165,46*6D
$GIGSV,1,1,02,09,17,276,42,10,51,165,46*6D
$GIGSV,1,1,02,09,17,276,42,10,51,165,46*6D
$GIGSV,1,1,02,09,17,276,42,10,51,165,46*6D
$GIGSV,1,1,02,09,17,276,42,10,51,165,46*6D
$GIGSV,1,1,02,09,17,276,42,10,51,165,46*6D
$GIGSV,1,1,02,09,17,276,42,10,51,165,46*6D
$GIGSV,1,1,02,09,17,276,42,10,51,165,46*6D
$GIGSV,1,1,02,09,17,276,42,10,51,165,46*6D
$GIGSV,1,1,02,09,17,276,42,10,51,165,46*6D
$GIGSV,1,1,02,09,17,276,42,10,51,165,46*6D
$GIGSV,1,1,02,09,17,276,42,10,51,165,46*6D
$GIGSV,1,1,02,09,17,276,42,10,51,165,46*6D
$GIGSV,1,1,02,09,17,276,42,10,51,165,46*6D
$GIGSV,1,1,02,09,17,276,42,10,51,165,46*6D
$GIGSV,1,1,02,09,17,276,42,10,51,165,46*6D
$GIGSV,1,1,02,09,17,276,42,10,51,165,46*6D
$GIGSV,1,1,02,09,17,276,42,10,51,165,46*6D
$GIGSV,1,1,02,09,17,276,42,10,51,165,46*6D
$GIGSV,1,1,02,09,17,276,42,10,51,165,46*6D
$GIGSV,1,1,02,09,17,276,42,10,51,165,46*6D
$GIGSV,1,1,02,09,17,276,42,10,51,165,46*6D
$GIGSV,1,1,02,09,17,276,42,10,51,165,46*6D
$GIGSV,1,1,02,09,17,276,42,10,51,165,46*6D
$GIGSV,1,1,02,09,17,276,42,10,51,165,46*6D
$GIGSV,1,1,02,09,17,276,41,10,51,165,46*6E
$GIGSV,1,1,02,09,17,276,41,10,51,165,46*6E
$GIGSV,1,1,02,09,17,276,42,10,51,165,46*6D
$GIGSV,1,1,02,09,17,276,42,10,51,165,46*6D
$GIGSV,1,1,02,09,17,276,42,10,51,165,46*6D
$GIGSV,1,1,02,09,17,276,42,10,51,165,46*6D
$GIGSV,1,1,02,09,17,276,42,10,51,165,46*6D
$GIGSV,1,1,02,09,17,276,42,10,51,165,46*6D
$GIGSV,1,1,02,09,17,276,41,10,51,165,46*6E
$GIGSV,1,1,02,09,17,276,41,10,51,165,46*6E
$GIGSV,1,1,02,09,17,276,41,10,51,165,46*6E
$GIGSV,1,1,02,09,17,276,41,10,51,165,46*6E
$GIGSV,1,1,02,09,17,276,41,10,51,165,46*6E
$GIGSV,1,1,02,09,17,276,41,10,51,165,46*6E
$GIGSV,1,1,02,09,17,276,41,10,51,165,46*6E
$GIGSV,1,1,02,09,17,276,41,10,51,165,46*6E
$GIGSV,1,1,02,09,17,276,41,10,51,165,46*6E
$GIGSV,1,1,02,09,17,276,41,10,51,165,46*6E
$GIGSV,1,1,02,09,17,276,41,10,51,165,46*6E
$GIGSV,1,1,02,09,17,276,41,10,51,165,46*6E
$GIGSV,1,1,02,09,17,276,41,10,51,165,46*6E
$GIGSV,1,1,02,09,17,276,41,10,51,165,46*6E
$GIGSV,1,1,02,09,17,276,41,10,51,165,46*6E
$GIGSV,1,1,02,09,17,276,41,10,51,165,46*6E
$GIGSV,1,1,02,09,17,276,41,10,51,165,46*6E
$GIGSV,1,1,02,09,17,276,41,10,51,165,46*6E
$GIGSV,1,1,02,09,17,276,41,10,51,165,46*6E
$GIGSV,1,1,02,09,17,276,41,10,51,165,46*6E
$GIGSV,1,1,02,09,17,276,41,10,51,165,46*6E
$GIGSV,1,1,02,09,17,276,41,10,51,165,46*6E
$GIGSV,1,1,02,09,17,276,41,10,51,165,46*6E
$GIGSV,1,1,02,09,17,276,41,10,51,165,46*6E
$GIGSV,1,1,02,09,17,276,41,10,51,165,46*6E
$GIGSV,1,1,02,09,17,276,41,10,51,165,46*6E
$GIGSV,1,1,02,09,17,276,42,10,51,165,46*6D
$GIGSV,1,1,02,09,17,276,42,10,51,165,46*6D
$GIGSV,1,1,02,09,17,276,42,10,51,165,46*6D
$GIGSV,1,1,02,09,17,276,42,10,51,165,46*6D
$GIGSV,1,1,02,09,17,276,42,10,51,165,46*6D
$GIGSV,1,1,02,09,17,276,42,10,51,165,46*6D
$GIGSV,1,1,02,09,17,276,42,10,51,165,46*6D
$GIGSV,1,1,02,09,17,276,42,10,51,165,46*6D
$GIGSV,1,1,02,09,17,276,42,10,51,165,46*6D
$GIGSV,1,1,02,09,17,276,43,10,51,165,46*6C
$GIGSV,1,1,02,09,17,276,43,10,51,165,46*6C
$GIGSV,1,1,02,09,17,276,43,10,51,165,46*6C
$GIGSV,1,1,02,09,17,276,43,10,51,165,46*6C
$GIGSV,1,1,02,09,17,276,43,10,51,165,46*6C
$GIGSV,1,1,02,09,17,276,43,10,51,165,46*6C
$GIGSV,1,1,02,09,17,276,43,10,51,165,46*6C
$GIGSV,1,1,02,09,17,276,43,10,51,165,46*6C
$GIGSV,1,1,02,09,17,276,43,10,51,165,46*6C
$GIGSV,1,1,02,09,17,276,43,10,51,165,46*6C
$GIGSV,1,1,02,09,17,276,43,10,51,165,46*6C
$GIGSV,1,1,02,09,17,276,43,10,51,165,46*6C
$GIGSV,1,1,02,09,17,276,43,10,51,165,46*6C
$GIGSV,1,1,02,09,17,276,43,10,51,165,46*6C
$GIGSV,1,1,02,09,17,276,43,10,51,165,46*6C
$GIGSV,1,1,02,09,17,276,43,10,51,165,46*6C
$GIGSV,1,1,02,09,17,276,43,10,51,165,46*6C
$GIGSV,1,1,02,09,17,276,43,10,51,165,46*6C
$GIGSV,1,1,02,09,17,276,43,10,51,165,46*6C
$GIGSV,1,1,02,09,17,276,43,10,51,165,46*6C
$GIGSV,1,1,02,09,17,276,43,10,51,165,46*6C
$GIGSV,1,1,02,09,17,276,43,10,51,165,46*6C
$GIGSV,1,1,02,09,17,276,43,10,51,165,46*6C
$GIGSV,1,1,02,09,17,276,43,10,51,165,46*6C
$GIGSV,1,1,02,09,17,276,43,10,51,165,46*6C
$GIGSV,1,1,02,09,17,276,43,10,51,165,46*6C
$GIGSV,1,1,02,09,17,276,43,10,51,165,46*6C
$GIGSV,1,1,02,09,17,276,43,10,51,165,46*6C
$GIGSV,1,1,02,09,17,276,43,10,51,165,46*6C
$GIGSV,1,1,02,09,17,276,43,10,51,165,46*6C
$GIGSV,1,1,02,09,17,276,43,10,51,165,46*6C
$GIGSV,1,1,02,09,17,276,43,10,51,165,46*6C
$GIGSV,1,1,02,09,17,276,43,10,51,165,46*6C
$GIGSV,1,1,02,09,17,276,43,10,51,165,46*6C
$GIGSV,1,1,02,09,17,276,43,10,51,165,46*6C
$GIGSV,1,1,02,09,17,276,43,10,51,165,46*6C
$GIGSV,1,1,02,09,17,276,43,10,51,165,46*6C
$GIGSV,1,1,02,09,17,276,43,10,51,165,46*6C
$GIGSV,1,1,02,09,17,276,43,10,51,165,46*6C
$GIGSV,1,1,02,09,17,276,43,10,51,165,46*6C
$GIGSV,1,1,02,09,17,276,43,10,51,165,46*6C
$GIGSV,1,1,02,09,17,276,43,10,51,165,46*6C
$GIGSV,1,1,02,09,17,276,43,10,51,165,46*6C
$GIGSV,1,1,02,09,17,276,43,10,51,165,46*6C
$GIGSV,1,1,02,09,17,276,43,10,51,165,46*6C
$GIGSV,1,1,02,09,17,276,43,10,51,165,46*6C
$GIGSV,1,1,02,09,17,276,43,10,51,165,46*6C
$GIGSV,1,1,02,09,17,276,43,10,51,165,46*6C
$GIGSV,1,1,02,09,17,276,43,10,51,165,46*6C
$GIGSV,1,1,02,09,17,276,43,10,51,165,46*6C
$GIGSV,1,1,02,09,17,276,43,10,51,165,46*6C
$GIGSV,1,1,02,09,17,276,43,10,51,165,46*6C
$GIGSV,1,1,02,09,17,276,43,10,51,165,46*6C
$GIGSV,1,1,02,09,17,276,43,10,51,165,46*6C
$GIGSV,1,1,02,09,17,276,43,10,51,165,46*6C
$GIGSV,1,1,02,09,17,276,43,10,51,165,46*6C
$GIGSV,1,1,02,09,17,276,43,10,51,165,46*6C
$GIGSV,1,1,02,09,17,276,43,10,51,165,46*6C
$GIGSV,1,1,02,09,17,276,43,10,51,165,46*6C
$GIGSV,1,1,02,09,17,276,43,10,51,165,46*6C
$GIGSV,1,1,02,09,17,276,43,10,51,165,46*6C
$GIGSV,1,1,02,09,17,276,43,10,51,165,46*6C
$GIGSV,1,1,02,09,17,276,43,10,51,165,46*6C
$GIGSV,1,1,02,09,17,276,43,10,51,165,46*6C
$GIGSV,1,1,02,09,17,276,43,10,51,165,46*6C
$GIGSV,1,1,02,09,17,276,43,10,51,165,46*6C
$GIGSV,1,1,02,09,17,276,43,10,51,165,46*6C
$GIGSV,1,1,02,09,17,276,43,10,51,165,46*6C
$GIGSV,1,1,02,09,17,276,43,10,51,165,46*6C
$GIGSV,1,1,02,09,17,276,43,10,51,165,46*6C
$GIGSV,1,1,02,09,17,276,43,10,51,165,46*6C
$GIGSV,1,1,02,09,17,276,43,10,51,165,46*6C
$GIGSV,1,1,02,09,17,276,43,10,51,165,46*6C
$GIGSV,1,1,02,09,17,276,43,10,51,165,46*6C
$GIGSV,1,1,02,09,17,276,43,10,51,165,46*6C
$GIGSV,1,1,02,09,17,276,43,10,51,165,46*6C
$GIGSV,1,1,02,09,17,276,43,10,51,165,46*6C
$GIGSV,1,1,02,09,17,276,43,10,51,165,46*6C
$GIGSV,1,1,02,09,17,276,43,10,51,165,46*6C
$GIGSV,1,1,02,09,17,276,43,10,51,165,46*6C
$GIGSV,1,1,02,09,17,276,43,10,51,165,46*6C
$GIGSV,1,1,02,09,17,276,43,10,51,165,46*6C
$GIGSV,1,1,02,09,17,276,43,10,51,165,46*6C
$GIGSV,1,1,02,09,17,276,43,10,51,165,46*6C
$GIGSV,1,1,02,09,17,276,43,10,51,165,46*6C
$GIGSV,1,1,02,09,17,276,43,10,51,165,46*6C
$GIGSV,1,1,02,09,17,276,43,10,51,165,46*6C
$GIGSV,1,1,02,09,17,276,43,10,51,165,46*6C
$GIGSV,1,1,02,09,17,276,43,10,51,165,46*6C
$GIGSV,1,1,02,09,17,276,43,10,51,165,46*6C
$GIGSV,1,1,02,09,17,276,43,10,51,165,46*6C
$GIGSV,1,1,02,09,17,276,43,10,51,165,46*6C
$GIGSV,1,1,02,09,17,276,43,10,51,165,46*6C
$GIGSV,1,1,02,09,17,276,43,10,51,165,46*6C
$GIGSV,1,1,02,09,17,276,43,10,51,165,46*6C
$GIGSV,1,1,02,09,17,276,42,10,51,165,46*6D
$GIGSV,1,1,02,09,17,276,42,10,51,165,46*6D
$GIGSV,1,1,02,09,17,276,42,10,51,165,46*6D
$GIGSV,1,1,02,09,17,276,42,10,51,165,46*6D
$GIGSV,1,1,02,09,17,276,42,10,51,165,46*6D
$GIGSV,1,1,02,09,17,276,42,10,51,165,46*6D
$GIGSV,1,1,02,09,17,276,42,10,51,165,46*6D
$GIGSV,1,1,02,09,17,276,42,10,51,165,46*6D
$GIGSV,1,1,02,09,17,276,42,10,51,165,46*6D
$GIGSV,1,1,02,09,17,276,42,10,51,165,46*6D
$GIGSV,1,1,02,09,17,276,42,10,51,165,46*6D
$GIGSV,1,1,02,09,17,276,42,10,51,165,46*6D
$GIGSV,1,1,02,09,17,276,42,10,51,165,46*6D
$GIGSV,1,1,02,09,17,276,42,10,51,165,46*6D
$GIGSV,1,1,02,09,17,276,42,10,51,165,46*6D
$GIGSV,1,1,02,09,17,276,42,10,51,165,46*6D
$GIGSV,1,1,02,09,17,276,42,10,51,165,46*6D
$GIGSV,1,1,02,09,17,276,42,10,51,165,46*6D
$GIGSV,1,1,02,09,17,276,42,10,51,165,46*6D
$GIGSV,1,1,02,09,17,276,42,10,51,165,46*6D
$GIGSV,1,1,02,09,17,276,42,10,51,165,46*6D
$GIGSV,1,1,02,09,17,276,42,10,51,165,46*6D
$GIGSV,1,1,02,09,17,276,42,10,51,165,46*6D
$GIGSV,1,1,02,09,17,276,42,10,51,165,46*6D
$GIGSV,1,1,02,09,17,276,42,10,51,165,46*6D
$GIGSV,1,1,02,09,17,276,42,10,51,165,46*6D
$GIGSV,1,1,02,09,17,276,42,10,51,165,46*6D
$GIGSV,1,1,02,09,17,276,42,10,51,165,46*6D
$GIGSV,1,1,02,09,17,276,42,10,51,165,46*6D
$GIGSV,1,1,02,09,17,276,42,10,51,165,46*6D
$GIGSV,1,1,02,09,17,276,42,10,51,165,46*6D
$GIGSV,1,1,02,09,17,276,42,10,51,165,46*6D
$GIGSV,1,1,02,09,17,276,42,10,51,165,46*6D
$GIGSV,1,1,02,09,17,276,42,10,51,165,46*6D
$GIGSV,1,1,02,09,17,276,42,10,51,165,46*6D
$GIGSV,1,1,02,09,17,276,41,10,51,165,46*6E
$GIGSV,1,1,02,09,17,276,41,10,51,165,46*6E
$GIGSV,1,1,02,09,17,276,41,10,51,165,46*6E
$GIGSV,1,1,02,09,17,276,42,10,51,165,46*6D
$GIGSV,1,1,02,09,17,276,42,10,51,165,46*6D
$GIGSV,1,1,02,09,17,276,42,10,51,165,46*6D
$GIGSV,1,1,02,09,17,276,42,10,51,165,46*6D
$GIGSV,1,1,02,09,17,276,42,10,51,165,46*6D
$GIGSV,1,1,02,09,17,276,42,10,51,165,46*6D
$GIGSV,1,1,02,09,17,276,42,10,51,165,46*6D
$GIGSV,1,1,02,09,17,276,42,10,51,165,46*6D
$GIGSV,1,1,02,09,17,276,42,10,51,165,46*6D
$GIGSV,1,1,02,09,17,276,42,10,51,165,46*6D
$GIGSV,1,1,02,09,17,276,42,10,51,165,46*6D
$GIGSV,1,1,02,09,17,276,42,10,51,165,46*6D
$GIGSV,1,1,02,09,17,276,42,10,51,165,46*6D
$GIGSV,1,1,02,09,17,276,42,10,51,165,46*6D
$GIGSV,1,1,02,09,17,276,42,10,51,165,46*6D
$GIGSV,1,1,02,09,17,276,42,10,51,165,46*6D
$GIGSV,1,1,02,09,17,276,42,10,51,165,46*6D
$GIGSV,1,1,02,09,17,276,42,10,51,165,46*6D
$GIGSV,1,1,02,09,17,276,42,10,51,165,46*6D
$GIGSV,1,1,02,09,17,276,42,10,51,165,46*6D
$GIGSV,1,1,02,09,17,276,42,10,51,165,46*6D
$GIGSV,1,1,02,09,17,276,42,10,51,165,46*6D
$GIGSV,1,1,02,09,17,276,42,10,51,165,46*6D
$GIGSV,1,1,02,09,17,276,42,10,51,165,46*6D
$GIGSV,1,1,02,09,17,276,42,10,51,165,46*6D
$GIGSV,1,1,02,09,17,276,42,10,51,165,46*6D
$GIGSV,1,1,02,09,17,276,42,10,51,165,46*6D
$GIGSV,1,1,02,09,17,276,42,10,51,165,46*6D
$GIGSV,1,1,02,09,17,276,42,10,51,165,46*6D
$GIGSV,1,1,02,09,17,276,42,10,51,165,46*6D
$GIGSV,1,1,02,09,17,276,42,10,51,165,46*6D
$GIGSV,1,1,02,09,17,276,42,10,51,165,46*6D
$GIGSV,1,1,02,09,17,276,42,10,51,165,46*6D
$GIGSV,1,1,02,09,17,276,42,10,51,165,46*6D
$GIGSV,1,1,02,09,17,276,42,10,51,165,46*6D
$GIGSV,1,1,02,09,17,276,42,10,51,165,46*6D
$GIGSV,1,1,02,09,17,276,42,10,51,165,46*6D
$GIGSV,1,1,02,09,17,276,42,10,51,165,46*6D
$GIGSV,1,1,02,09,17,276,42,10,51,165,46*6D
$GIGSV,1,1,02,09,17,276,42,10,51,165,45*6E
$GIGSV,1,1,02,09,17,276,42,10,51,165,45*6E
$GIGSV,1,1,02,09,17,276,42,10,51,165,45*6E
$GIGSV,1,1,02,09,17,276,42,10,51,165,45*6E
$GIGSV,1,1,02,09,17,276,43,10,51,165,45*6F
$GIGSV,1,1,02,09,17,276,43,10,51,165,45*6F
$GIGSV,1,1,02,09,17,276,43,10,51,165,45*6F
$GIGSV,1,1,02,09,17,276,43,10,51,165,45*6F
$GIGSV,1,1,02,09,17,276,43,10,51,165,45*6F
$GIGSV,1,1,02,09,17,276,43,10,51,165,45*6F
$GIGSV,1,1,02,09,17,276,43,10,51,165,45*6F
$GIGSV,1,1,02,09,17,276,43,10,51,165,45*6F
$GIGSV,1,1,02,09,17,276,43,10,51,165,45*6F
$GIGSV,1,1,02,09,17,276,43,10,51,165,45*6F
$GIGSV,1,1,02,09,17,276,43,10,51,165,45*6F
$GIGSV,1,1,02,09,17,276,43,10,51,165,45*6F
$GIGSV,1,1,02,09,17,276,43,10,51,165,45*6F
$GIGSV,1,1,02,09,17,276,43,10,51,165,45*6F
$GIGSV,1,1,02,09,17,276,43,10,51,165,45*6F
$GIGSV,1,1,02,09,17,276,43,10,51,165,45*6F
$GIGSV,1,1,02,09,17,276,43,10,51,165,45*6F
$GIGSV,1,1,02,09,17,276,43,10,51,165,45*6F
$GIGSV,1,1,02,09,17,276,43,10,51,165,45*6F
$GIGSV,1,1,02,09,17,276,43,10,51,165,45*6F
$GIGSV,1,1,02,09,17,276,43,10,51,165,45*6F
$GIGSV,1,1,02,09,17,276,43,10,51,165,45*6F
$GIGSV,1,1,02,09,17,276,43,10,51,165,45*6F
$GIGSV,1,1,02,09,17,276,43,10,51,165,45*6F
$GIGSV,1,1,02,09,17,276,43,10,51,165,45*6F
$GIGSV,1,1,02,09,17,276,43,10,51,165,45*6F
$GIGSV,1,1,02,09,17,276,43,10,51,165,45*6F
$GIGSV,1,1,02,09,17,276,43,10,51,165,45*6F
$GIGSV,1,1,02,09,17,276,43,10,51,165,45*6F
$GIGSV,1,1,02,09,17,276,43,10,51,165,45*6F
$GIGSV,1,1,02,09,17,276,43,10,51,165,45*6F
$GIGSV,1,1,02,09,17,276,43,10,51,165,45*6F
$GIGSV,1,1,02,09,17,276,43,10,51,165,45*6F
$GIGSV,1,1,02,09,17,276,43,10,51,165,45*6F
$GIGSV,1,1,02,09,17,276,43,10,51,165,45*6F
$GIGSV,1,1,02,09,17,276,43,10,51,165,45*6F
$GIGSV,1,1,02,09,17,276,43,10,51,165,45*6F
$GIGSV,1,1,02,09,17,276,43,10,51,165,45*6F
$GIGSV,1,1,02,09,17,276,43,10,51,165,45*6F
$GIGSV,1,1,02,09,17,276,43,10,51,165,45*6F
$GIGSV,1,1,02,09,17,276,43,10,51,165,45*6F
$GIGSV,1,1,02,09,17,276,43,10,51,165,45*6F
$GIGSV,1,1,02,09,17,276,43,10,51,165,45*6F
$GIGSV,1,1,02,09,17,276,43,10,51,165,45*6F
$GIGSV,1,1,02,09,17,276,43,10,51,165,45*6F
$GIGSV,1,1,02,09,17,276,43,10,51,165,45*6F
$GIGSV,1,1,02,09,17,276,43,10,51,165,45*6F
$GIGSV,1,1,02,09,17,276,43,10,51,165,45*6F
$GIGSV,1,1,02,09,17,276,43,10,51,165,45*6F
$GIGSV,1,1,02,09,17,276,43,10,51,165,45*6F
$GIGSV,1,1,02,09,17,276,43,10,51,165,45*6F
$GIGSV,1,1,02,09,17,276,43,10,51,165,45*6F
$GIGSV,1,1,02,09,17,276,43,10,51,165,45*6F
$GIGSV,1,1,02,09,17,276,44,10,51,165,45*68
$GIGSV,1,1,02,09,17,276,44,10,51,165,45*68
$GIGSV,1,1,02,09,17,276,44,10,51,165,45*68
$GIGSV,1,1,02,09,17,276,44,10,51,165,45*68
$GIGSV,1,1,02,09,17,276,44,10,51,165,45*68
$GIGSV,1,1,02,09,17,276,44,10,51,165,45*68
$GIGSV,1,1,02,09,17,276,44,10,51,165,45*68
$GIGSV,1,1,02,09,17,276,44,10,51,165,45*68
$GIGSV,1,1,02,09,17,276,44,10,51,165,45*68
$GIGSV,1,1,02,09,17,276,44,10,51,165,45*68
$GIGSV,1,1,02,09,17,276,44,10,51,165,45*68
$GIGSV,1,1,02,09,17,276,44,10,51,165,45*68
$GIGSV,1,1,02,09,17,276,44,10,51,165,45*68
$GIGSV,1,1,02,09,17,276,44,10,51,165,45*68
$GIGSV,1,1,02,09,17,276,44,10,51,165,45*68
$GIGSV,1,1,02,09,17,276,44,10,51,165,45*68
$GIGSV,1,1,02,09,17,276,44,10,51,165,45*68
$GIGSV,1,1,02,09,17,276,44,10,51,165,45*68
$GIGSV,1,1,02,09,17,276,44,10,51,165,45*68
$GIGSV,1,1,02,09,17,276,44,10,51,165,45*68
$GIGSV,1,1,02,09,17,276,44,10,51,165,45*68
$GIGSV,1,1,02,09,17,276,44,10,51,165,45*68
$GIGSV,1,1,02,09,17,276,44,10,51,165,45*68
$GIGSV,1,1,02,09,17,276,44,10,51,165,45*68
$GIGSV,1,1,02,09,17,276,44,10,51,165,45*68
$GIGSV,1,1,02,09,17,276,44,10,51,165,45*68
$GIGSV,1,1,02,09,17,276,44,10,51,165,45*68
$GIGSV,1,1,02,09,17,276,44,10,51,165,45*68
$GIGSV,1,1,02,09,17,276,44,10,51,165,45*68
$GIGSV,1,1,02,09,17,276,44,10,51,165,45*68
$GIGSV,1,1,02,09,17,276,44,10,51,165,45*68
$GIGSV,1,1,02,09,17,276,44,10,51,165,45*68
$GIGSV,1,1,02,09,17,276,44,10,51,165,45*68
$GIGSV,1,1,02,09,17,276,44,10,51,165,44*69
$GIGSV,1,1,02,09,17,276,44,10,51,165,44*69
$GIGSV,1,1,02,09,17,276,44,10,51,165,44*69
$GIGSV,1,1,02,09,17,276,44,10,51,165,44*69
$GIGSV,1,1,02,09,17,276,44,10,51,165,44*69
$GIGSV,1,1,02,09,17,276,44,10,51,165,44*69
$GIGSV,1,1,02,09,17,276,44,10,51,165,44*69
$GIGSV,1,1,02,09,17,276,44,10,51,165,44*69
$GIGSV,1,1,02,09,17,276,44,10,51,165,44*69
$GIGSV,1,1,02,09,17,276,44,10,51,165,44*69
$GIGSV,1,1,02,09,17,276,44,10,51,165,44*69
$GIGSV,1,1,02,09,17,276,44,10,51,165,44*69
$GIGSV,1,1,02,09,17,276,44,10,51,165,44*69
$GIGSV,1,1,02,09,17,276,44,10,51,165,44*69
$GIGSV,1,1,02,09,17,276,44,10,51,165,44*69
$GIGSV,1,1,02,09,17,276,44,10,51,165,44*69
$GIGSV,1,1,02,09,17,276,44,10,51,165,44*69
$GIGSV,1,1,02,09,17,276,43,10,51,165,44*6E
$GIGSV,1,1,02,09,17,276,43,10,51,165,44*6E
$GIGSV,1,1,02,09,17,276,43,10,51,165,44*6E
$GIGSV,1,1,02,09,17,276,43,10,51,165,44*6E
$GIGSV,1,1,02,09,17,276,43,10,51,165,44*6E
$GIGSV,1,1,02,09,17,276,43,10,51,165,44*6E
$GIGSV,1,1,02,09,17,276,43,10,51,165,44*6E
$GIGSV,1,1,02,09,17,276,43,10,51,165,44*6E
$GIGSV,1,1,02,09,17,276,43,10,51,165,44*6E
$GIGSV,1,1,02,09,17,276,43,10,51,165,44*6E
$GIGSV,1,1,02,09,17,276,43,10,51,165,44*6E
$GIGSV,1,1,02,09,17,276,43,10,51,165,44*6E
$GIGSV,1,1,02,09,17,276,43,10,51,165,44*6E
$GIGSV,1,1,02,09,17,276,43,10,51,165,44*6E
$GIGSV,1,1,02,09,17,276,43,10,51,165,44*6E
$GIGSV,1,1,02,09,17,276,43,10,51,165,44*6E
$GIGSV,1,1,02,09,17,276,42,10,51,165,44*6F
$GIGSV,1,1,02,09,17,276,42,10,51,165,44*6F
$GIGSV,1,1,02,09,17,276,42,10,51,165,44*6F
$GIGSV,1,1,02,09,17,276,42,10,51,165,44*6F
$GIGSV,1,1,02,09,17,276,42,10,51,165,44*6F
$GIGSV,1,1,02,09,17,276,42,10,51,165,44*6F
$GIGSV,1,1,02,09,17,276,42,10,51,165,44*6F
$GIGSV,1,1,02,09,17,276,42,10,51,165,44*6F
$GIGSV,1,1,02,09,17,276,42,10,51,165,44*6F
$GIGSV,1,1,02,09,17,276,42,10,51,165,44*6F
$GIGSV,1,1,02,09,17,276,42,10,51,165,44*6F
$GIGSV,1,1,02,09,17,276,42,10,51,165,44*6F
$GIGSV,1,1,02,09,17,276,42,10,51,165,44*6F
$GIGSV,1,1,02,09,17,276,42,10,51,165,44*6F
$GIGSV,1,1,02,09,17,276,41,10,51,165,44*6C
$GIGSV,1,1,02,09,17,276,41,10,51,165,44*6C
$GIGSV,1,1,02,09,17,276,41,10,51,165,44*6C
$GIGSV,1,1,02,09,17,276,41,10,51,165,44*6C
$GIGSV,1,1,02,09,17,276,41,10,51,165,44*6C
$GIGSV,1,1,02,09,17,276,41,10,51,165,44*6C
$GIGSV,1,1,02,09,17,276,41,10,51,165,44*6C
$GIGSV,1,1,02,09,17,276,41,10,51,165,44*6C
$GIGSV,1,1,02,09,17,276,41,10,51,165,44*6C
$GIGSV,1,1,02,09,17,276,41,10,51,165,44*6C
$GIGSV,1,1,02,09,17,276,41,10,51,165,45*6D
$GIGSV,1,1,02,09,17,276,41,10,51,165,45*6D
$GIGSV,1,1,02,09,17,276,41,10,51,165,44*6C
$GIGSV,1,1,02,09,17,276,41,10,51,165,45*6D
$GIGSV,1,1,02,09,17,276,41,10,51,165,45*6D
$GIGSV,1,1,02,09,17,276,41,10,51,165,44*6C
$GIGSV,1,1,02,09,17,276,41,10,51,165,44*6C
$GIGSV,1,1,02,09,17,276,41,10,51,165,44*6C
$GIGSV,1,1,02,09,17,276,41,10,51,165,45*6D
$GIGSV,1,1,02,09,17,276,41,10,51,165,45*6D
$GIGSV,1,1,02,09,17,276,41,10,51,165,45*6D
$GIGSV,1,1,02,09,17,276,41,10,51,165,45*6D
$GIGSV,1,1,02,09,17,276,41,10,51,165,45*6D
$GIGSV,1,1,02,09,17,276,41,10,51,165,45*6D
$GIGSV,1,1,02,09,17,276,41,10,51,165,45*6D
$GIGSV,1,1,02,09,17,276,41,10,51,165,45*6D
$GIGSV,1,1,02,09,17,276,41,10,51,165,45*6D
$GIGSV,1,1,02,09,17,276,41,10,51,165,45*6D
$GIGSV,1,1,02,09,17,276,41,10,51,165,45*6D
$GIGSV,1,1,02,09,17,276,41,10,51,165,45*6D
$GIGSV,1,1,02,09,17,276,42,10,51,165,45*6E
$GIGSV,1,1,02,09,17,276,42,10,51,165,45*6E
$GIGSV,1,1,02,09,17,276,42,10,51,165,45*6E
$GIGSV,1,1,02,09,17,276,42,10,51,165,45*6E
$GIGSV,1,1,02,09,17,276,41,10,51,165,45*6D
$GIGSV,1,1,02,09,17,276,42,10,51,165,45*6E
$GIGSV,1,1,02,09,17,276,42,10,51,165,45*6E
$GIGSV,1,1,02,09,17,276,42,10,51,165,45*6E
$GIGSV,1,1,02,09,17,276,42,10,51,165,45*6E
$GIGSV,1,1,02,09,17,276,42,10,51,165,45*6E
$GIGSV,1,1,02,09,17,276,42,10,51,165,45*6E
$GIGSV,1,1,02,09,17,276,42,10,51,165,45*6E
$GIGSV,1,1,02,09,17,276,42,10,51,165,45*6E
$GIGSV,1,1,02,09,17,276,42,10,51,165,45*6E
$GIGSV,1,1,02,09,17,276,42,10,51,165,45*6E
$GIGSV,1,1,02,09,17,276,42,10,51,165,45*6E
$GIGSV,1,1,02,09,17,276,42,10,51,165,45*6E
$GIGSV,1,1,02,09,17,276,42,10,51,165,45*6E
$GIGSV,1,1,02,09,17,276,42,10,51,165,45*6E
$GIGSV,1,1,02,09,17,276,42,10,51,165,45*6E
$GIGSV,1,1,02,09,17,276,43,10,51,165,45*6F
$GIGSV,1,1,02,09,17,276,42,10,51,165,45*6E
$GIGSV,1,1,02,09,17,276,42,10,51,165,45*6E
$GIGSV,1,1,02,09,17,276,43,10,51,165,45*6F
$GIGSV,1,1,02,09,17,276,43,10,51,165,45*6F
$GIGSV,1,1,02,09,17,276,43,10,51,165,45*6F
$GIGSV,1,1,02,09,17,276,43,10,51,165,45*6F
$GIGSV,1,1,02,09,17,276,43,10,51,165,45*6F
$GIGSV,1,1,02,09,17,276,43,10,51,165,45*6F
$GIGSV,1,1,02,09,17,276,43,10,51,165,45*6F
$GIGSV,1,1,02,09,17,276,43,10,51,165,45*6F
$GIGSV,1,1,02,09,17,276,43,10,51,165,45*6F
$GIGSV,1,1,02,09,17,276,43,10,51,165,45*6F
$GIGSV,1,1,02,09,17,276,43,10,51,165,45*6F
$GIGSV,1,1,02,09,17,276,43,10,51,165,45*6F
$GIGSV,1,1,02,09,17,276,43,10,51,165,45*6F
$GIGSV,1,1,02,09,17,276,43,10,51,165,45*6F
$GIGSV,1,1,02,09,17,276,43,10,51,165,45*6F
$GIGSV,1,1,02,09,17,276,43,10,51,165,45*6F
$GIGSV,1,1,02,09,17,276,43,10,51,165,45*6F
$GIGSV,1,1,02,09,17,276,43,10,51,165,45*6F
$GIGSV,1,1,02,09,17,276,43,10,51,165,45*6F
$GIGSV,1,1,02,09,17,276,43,10,51,165,45*6F
$GIGSV,1,1,02,09,17,276,43,10,51,165,45*6F
$GIGSV,1,1,02,09,17,276,43,10,51,165,45*6F
$GIGSV,1,1,02,09,17,276,43,10,51,165,45*6F
$GIGSV,1,1,02,09,17,276,43,10,51,165,45*6F
$GIGSV,1,1,02,09,17,276,43,10,51,165,45*6F
$GIGSV,1,1,02,09,17,276,43,10,51,165,45*6F
$GIGSV,1,1,02,09,17,276,43,10,51,165,45*6F
$GIGSV,1,1,02,09,17,276,43,10,51,165,45*6F
$GIGSV,1,1,02,09,17,276,43,10,51,165,45*6F
$GIGSV,1,1,02,09,17,276,43,10,51,165,45*6F
$GIGSV,1,1,02,09,17,276,43,10,51,165,45*6F
$GIGSV,1,1,02,09,17,276,43,10,51,165,45*6F
$GIGSV,1,1,02,09,17,276,43,10,51,165,45*6F
$GIGSV,1,1,02,09,17,276,43,10,51,165,45*6F
$GIGSV,1,1,02,09,17,276,43,10,51,165,44*6E
$GIGSV,1,1,02,09,17,276,43,10,51,165,44*6E
$GIGSV,1,1,02,09,17,276,43,10,51,165,44*6E
$GIGSV,1,1,02,09,17,276,43,10,51,165,44*6E
$GIGSV,1,1,02,09,17,276,43,10,51,165,44*6E
$GIGSV,1,1,02,09,17,276,43,10,51,165,44*6E
$GIGSV,1,1,02,09,17,276,43,10,51,165,44*6E
$GIGSV,1,1,02,09,17,276,43,10,51,165,44*6E
$GIGSV,1,1,02,09,17,276,43,10,51,165,44*6E
$GIGSV,1,1,02,09,17,276,43,10,51,165,44*6E
$GIGSV,1,1,02,09,17,276,43,10,51,165,44*6E
$GIGSV,1,1,02,09,17,276,43,10,51,165,44*6E
$GIGSV,1,1,02,09,17,276,43,10,51,165,44*6E
$GIGSV,1,1,02,09,17,276,43,10,51,165,44*6E
$GIGSV,1,1,02,09,17,276,43,10,51,165,44*6E
$GIGSV,1,1,02,09,17,276,43,10,51,165,44*6E
$GIGSV,1,1,02,09,17,276,43,10,51,165,44*6E
$GIGSV,1,1,02,09,17,276,43,10,51,165,44*6E
$GIGSV,1,1,02,09,17,276,43,10,51,165,44*6E
$GIGSV,1,1,02,09,17,276,43,10,51,165,44*6E
$GIGSV,1,1,02,09,17,276,43,10,51,165,44*6E
$GIGSV,1,1,02,09,17,276,43,10,51,165,44*6E
$GIGSV,1,1,02,09,17,276,43,10,51,165,44*6E
$GIGSV,1,1,02,09,17,276,43,10,51,165,44*6E
$GIGSV,1,1,02,09,17,276,43,10,51,165,44*6E
$GIGSV,1,1,02,09,17,276,43,10,51,165,44*6E
$GIGSV,1,1,02,09,17,276,43,10,51,165,44*6E
$GIGSV,1,1,02,09,17,276,43,10,51,165,43*69
$GIGSV,1,1,02,09,17,276,43,10,51,165,43*69
$GIGSV,1,1,02,09,17,276,43,10,51,165,43*69
$GIGSV,1,1,02,09,17,276,43,10,51,165,43*69
$GIGSV,1,1,02,09,17,276,43,10,51,165,43*69
$GIGSV,1,1,02,09,17,276,43,10,51,165,43*69
$GIGSV,1,1,02,09,17,276,43,10,51,165,43*69
$GIGSV,1,1,02,09,17,276,43,10,51,165,43*69
$GIGSV,1,1,02,09,17,276,43,10,51,165,43*69
$GIGSV,1,1,02,09,17,276,43,10,51,165,43*69
$GIGSV,1,1,02,09,17,276,43,10,51,165,43*69
$GIGSV,1,1,02,09,17,276,43,10,51,165,43*69
$GIGSV,1,1,02,09,17,276,43,10,51,165,43*69
$GIGSV,1,1,02,09,17,276,43,10,51,165,43*69
$GIGSV,1,1,02,09,17,276,43,10,51,165,43*69
$GIGSV,1,1,02,09,17,276,43,10,51,165,43*69
$GIGSV,1,1,02,09,17,276,43,10,51,165,43*69
$GIGSV,1,1,02,09,17,276,43,10,51,165,43*69
$GIGSV,1,1,02,09,17,276,43,10,51,165,43*69
$GIGSV,1,1,02,09,17,276,43,10,51,165,43*69
$GIGSV,1,1,02,09,17,276,43,10,51,165,43*69
$GIGSV,1,1,02,09,17,276,43,10,51,165,43*69
$GIGSV,1,1,02,09,17,276,43,10,51,165,43*69
$GIGSV,1,1,02,09,17,276,43,10,51,165,43*69
$GIGSV,1,1,02,09,17,276,43,10,51,165,43*69
$GIGSV,1,1,02,09,17,276,43,10,51,165,43*69
$GIGSV,1,1,02,09,17,276,43,10,51,165,43*69
$GIGSV,1,1,02,09,17,276,43,10,51,165,43*69
$GIGSV,1,1,02,09,17,276,42,10,51,165,43*68
$GIGSV,1,1,02,09,17,276,42,10,51,165,43*68
$GIGSV,1,1,02,09,17,276,42,10,51,165,43*68
$GIGSV,1,1,02,09,17,276,42,10,51,165,43*68
$GIGSV,1,1,02,09,17,276,42,10,51,165,42*69
$GIGSV,1,1,02,09,17,276,42,10,51,165,42*69
$GIGSV,1,1,02,09,17,276,42,10,51,165,42*69
$GIGSV,1,1,02,09,17,276,42,10,51,165,42*69
$GIGSV,1,1,02,09,17,276,42,10,51,165,42*69
$GIGSV,1,1,02,09,17,276,42,10,51,165,43*68
$GIGSV,1,1,02,09,17,276,42,10,51,165,43*68
$GIGSV,1,1,02,09,17,276,42,10,51,165,43*68
$GIGSV,1,1,02,09,17,276,42,10,51,165,43*68
$GIGSV,1,1,02,09,17,276,42,10,51,165,43*68
$GIGSV,1,1,02,09,17,276,42,10,51,165,43*68
$GIGSV,1,1,02,09,17,276,42,10,51,165,43*68
$GIGSV,1,1,02,09,17,276,42,10,51,165,43*68
$GIGSV,1,1,02,09,17,276,42,10,51,165,43*68
$GIGSV,1,1,02,09,17,276,42,10,51,165,43*68
$GIGSV,1,1,02,09,17,276,42,10,51,165,43*68
$GIGSV,1,1,02,09,17,276,42,10,51,165,43*68
$GIGSV,1,1,02,09,17,276,41,10,51,165,43*6B
$GIGSV,1,1,02,09,17,276,41,10,51,165,43*6B
$GIGSV,1,1,02,09,17,276,41,10,51,165,43*6B
$GIGSV,1,1,02,09,17,276,42,10,51,165,43*68
$GIGSV,1,1,02,09,17,276,42,10,51,165,43*68
$GIGSV,1,1,02,09,17,276,42,10,51,165,43*68
$GIGSV,1,1,02,09,17,276,42,10,51,165,43*68
$GIGSV,1,1,02,09,17,276,42,10,51,165,43*68
$GIGSV,1,1,02,09,17,276,42,10,51,165,43*68
$GIGSV,1,1,02,09,17,276,42,10,51,165,43*68
$GIGSV,1,1,02,09,17,276,42,10,51,165,42*69
$GIGSV,1,1,02,09,17,276,42,10,51,165,42*69
$GIGSV,1,1,02,09,17,276,42,10,51,165,42*69
$GIGSV,1,1,02,09,17,276,42,10,51,165,42*69
$GIGSV,1,1,02,09,17,276,42,10,51,165,42*69
$GIGSV,1,1,02,09,17,276,42,10,51,165,42*69
$GIGSV,1,1,02,09,17,276,42,10,51,165,42*69
$GIGSV,1,1,02,09,17,276,42,10,51,165,43*68
$GIGSV,1,1,02,09,17,276,42,10,51,165,43*68
$GIGSV,1,1,02,09,17,276,42,10,51,165,43*68
$GIGSV,1,1,02,09,17,276,42,10,51,165,43*68
$GIGSV,1,1,02,09,17,276,42,10,51,165,43*68
$GIGSV,1,1,02,09,17,276,42,10,51,165,43*68
$GIGSV,1,1,02,09,17,276,42,10,51,165,43*68
$GIGSV,1,1,02,09,17,276,42,10,51,165,43*68
$GIGSV,1,1,02,09,17,276,42,10,51,165,43*68
$GIGSV,1,1,02,09,17,276,42,10,51,165,43*68
$GIGSV,1,1,02,09,17,276,42,10,51,165,43*68
$GIGSV,1,1,02,09,17,276,42,10,51,165,43*68
$GIGSV,1,1,02,09,17,276,42,10,51,165,43*68
$GIGSV,1,1,02,09,17,276,42,10,51,165,43*68
$GIGSV,1,1,02,09,17,276,42,10,51,165,43*68
$GIGSV,1,1,02,09,17,276,42,10,51,165,43*68
$GIGSV,1,1,02,09,17,276,42,10,51,165,43*68
$GIGSV,1,1,02,09,17,276,42,10,51,165,43*68
$GIGSV,1,1,02,09,17,276,42,10,51,165,43*68
$GIGSV,1,1,02,09,17,276,42,10,51,165,43*68
$GIGSV,1,1,02,09,17,276,42,10,51,165,43*68
$GIGSV,1,1,02,09,17,276,42,10,51,165,43*68
$GIGSV,1,1,02,09,17,276,42,10,51,165,43*68
$GIGSV,1,1,02,09,17,276,42,10,51,165,43*68
$GIGSV,1,1,02,09,17,276,42,10,51,165,43*68
$GIGSV,1,1,02,09,17,276,42,10,51,165,43*68
$GIGSV,1,1,02,09,17,276,42,10,51,165,43*68
$GIGSV,1,1,02,09,17,276,42,10,51,165,43*68
$GIGSV,1,1,02,09,17,276,42,10,51,165,43*68
$GIGSV,1,1,02,09,17,276,42,10,51,165,43*68
$GIGSV,1,1,02,09,17,276,42,10,51,165,43*68
$GIGSV,1,1,02,09,17,276,42,10,51,165,43*68
$GIGSV,1,1,02,09,17,276,42,10,51,165,43*68
$GIGSV,1,1,02,09,17,276,42,10,51,165,43*68
$GIGSV,1,1,02,09,17,276,42,10,51,165,43*68
$GIGSV,1,1,02,09,17,276,42,10,51,165,43*68
$GIGSV,1,1,02,09,17,276,42,10,51,165,43*68
$GIGSV,1,1,02,09,17,276,42,10,51,165,43*68
$GIGSV,1,1,02,09,17,276,42,10,51,165,43*68
$GIGSV,1,1,02,09,17,276,42,10,51,165,43*68
$GIGSV,1,1,02,09,17,276,42,10,51,165,43*68
$GIGSV,1,1,02,09,17,276,42,10,51,165,43*68
$GIGSV,1,1,02,09,17,276,42,10,51,165,43*68
$GIGSV,1,1,02,09,17,276,42,10,51,165,43*68
$GIGSV,1,1,02,09,17,276,42,10,51,165,43*68
$GIGSV,1,1,02,09,17,276,42,10,51,165,43*68
$GIGSV,1,1,02,09,17,276,42,10,51,165,43*68
$GIGSV,1,1,02,09,17,276,42,10,51,165,43*68
$GIGSV,1,1,02,09,17,276,42,10,51,165,43*68
$GIGSV,1,1,02,09,17,276,42,10,51,165,43*68
$GIGSV,1,1,02,09,17,276,42,10,51,165,43*68
$GIGSV,1,1,02,09,17,276,42,10,51,165,44*6F
$GIGSV,1,1,02,09,17,276,42,10,51,165,44*6F
$GIGSV,1,1,02,09,17,276,42,10,51,165,44*6F
$GIGSV,1,1,02,09,17,276,42,10,51,165,44*6F
$GIGSV,1,1,02,09,17,276,42,10,51,165,44*6F
$GIGSV,1,1,02,09,17,276,42,10,51,165,44*6F
$GIGSV,1,1,02,09,17,276,42,10,51,165,44*6F
$GIGSV,1,1,02,09,17,276,43,10,51,165,44*6E
$GIGSV,1,1,02,09,17,276,43,10,51,165,44*6E
$GIGSV,1,1,02,09,17,276,43,10,51,165,44*6E
$GIGSV,1,1,02,09,17,276,43,10,51,165,44*6E
$GIGSV,1,1,02,09,17,276,43,10,51,165,44*6E
$GIGSV,1,1,02,09,17,276,43,10,51,165,44*6E
$GIGSV,1,1,02,09,17,276,43,10,51,165,44*6E
$GIGSV,1,1,02,09,17,276,43,10,51,165,44*6E
$GIGSV,1,1,02,09,17,276,43,10,51,165,44*6E
$GIGSV,1,1,02,09,17,276,43,10,51,165,44*6E
$GIGSV,1,1,02,09,17,276,43,10,51,165,44*6E
$GIGSV,1,1,02,09,17,276,43,10,51,165,44*6E
$GIGSV,1,1,02,09,17,276,43,10,51,165,44*6E
$GIGSV,1,1,02,09,17,276,43,10,51,165,44*6E
$GIGSV,1,1,02,09,17,276,43,10,51,165,44*6E
$GIGSV,1,1,02,09,17,276,43,10,51,165,44*6E
$GIGSV,1,1,02,09,17,276,43,10,51,165,44*6E
$GIGSV,1,1,02,09,17,276,43,10,51,165,44*6E
$GIGSV,1,1,02,09,17,276,43,10,51,165,44*6E
$GIGSV,1,1,02,09,17,276,43,10,51,165,44*6E
$GIGSV,1,1,02,09,17,276,43,10,51,165,44*6E
$GIGSV,1,1,02,09,17,276,43,10,51,165,44*6E
$GIGSV,1,1,02,09,17,276,43,10,51,165,44*6E
$GIGSV,1,1,02,09,17,276,43,10,51,165,43*69
$GIGSV,1,1,02,09,17,276,43,10,51,165,43*69
$GIGSV,1,1,02,09,17,276,43,10,51,165,43*69
$GIGSV,1,1,02,09,17,276,43,10,51,165,43*69
$GIGSV,1,1,02,09,17,276,43,10,51,165,43*69
$GIGSV,1,1,02,09,17,276,43,10,51,165,43*69
$GIGSV,1,1,02,09,17,276,43,10,51,165,43*69
$GIGSV,1,1,02,09,17,276,43,10,51,165,43*69
$GIGSV,1,1,02,09,17,276,43,10,51,165,43*69
$GIGSV,1,1,02,09,17,276,43,10,51,165,43*69
$GIGSV,1,1,02,09,17,276,43,10,51,165,43*69
$GIGSV,1,1,02,09,17,276,43,10,51,165,43*69
$GIGSV,1,1,02,09,17,276,43,10,51,165,43*69
$GIGSV,1,1,02,09,17,276,43,10,51,165,43*69
$GIGSV,1,1,02,09,17,276,43,10,51,165,43*69
$GIGSV,1,1,02,09,17,276,43,10,51,165,43*69
$GIGSV,1,1,02,09,17,276,43,10,51,165,43*69
$GIGSV,1,1,02,09,17,276,43,10,51,165,43*69
$GIGSV,1,1,02,09,17,276,43,10,51,165,42*68
$GIGSV,1,1,02,09,17,276,43,10,51,165,42*68
$GIGSV,1,1,02,09,17,276,43,10,51,165,42*68
$GIGSV,1,1,02,09,17,276,43,10,51,165,42*68
$GIGSV,1,1,02,09,17,276,43,10,51,165,42*68
$GIGSV,1,1,02,09,17,276,43,10,51,165,42*68
$GIGSV,1,1,02,09,17,276,43,10,51,165,42*68
$GIGSV,1,1,02,09,17,276,43,10,51,165,42*68
$GIGSV,1,1,02,09,17,276,43,10,51,165,42*68
$GIGSV,1,1,02,09,17,276,43,10,51,165,42*68
$GIGSV,1,1,02,09,17,276,43,10,51,165,42*68
$GIGSV,1,1,02,09,17,276,43,10,51,165,42*68
$GIGSV,1,1,02,09,17,276,43,10,51,165,42*68
$GIGSV,1,1,02,09,17,276,43,10,51,165,42*68
$GIGSV,1,1,02,09,17,276,43,10,51,165,42*68
$GIGSV,1,1,02,09,17,276,43,10,51,165,42*68
$GIGSV,1,1,02,09,17,276,43,10,51,165,42*68
$GIGSV,1,1,02,09,17,276,43,10,51,165,42*68
$GIGSV,1,1,02,09,17,276,43,10,51,165,42*68
$GIGSV,1,1,02,09,17,276,43,10,51,165,42*68
$GIGSV,1,1,02,09,17,276,43,10,51,165,42*68
$GIGSV,1,1,02,09,17,276,43,10,51,165,42*68
$GIGSV,1,1,02,09,17,276,43,10,51,165,42*68
$GIGSV,1,1,02,09,17,276,43,10,51,165,42*68
$GIGSV,1,1,02,09,17,276,43,10,51,165,41*6B
$GIGSV,1,1,02,09,17,276,43,10,51,165,41*6B
$GIGSV,1,1,02,09,17,276,43,10,51,165,41*6B
$GIGSV,1,1,02,09,17,276,43,10,51,165,41*6B
$GIGSV,1,1,02,09,17,276,43,10,51,165,41*6B
$GIGSV,1,1,02,09,17,276,43,10,51,165,41*6B
$GIGSV,1,1,02,09,17,276,43,10,51,165,41*6B
$GIGSV,1,1,02,09,17,276,43,10,51,165,41*6B
$GIGSV,1,1,02,09,17,276,43,10,51,165,41*6B
$GIGSV,1,1,02,09,17,276,43,10,51,165,41*6B
$GIGSV,1,1,02,09,17,276,43,10,51,165,41*6B
$GIGSV,1,1,02,09,17,276,43,10,51,165,41*6B
$GIGSV,1,1,02,09,17,276,43,10,51,165,41*6B
$GIGSV,1,1,02,09,17,276,43,10,51,165,41*6B
$GIGSV,1,1,02,09,17,276,43,10,51,165,41*6B
$GIGSV,1,1,02,09,17,276,43,10,51,165,41*6B
$GIGSV,1,1,02,09,17,276,43,10,51,165,41*6B
$GIGSV,1,1,02,09,17,276,43,10,51,165,41*6B
$GIGSV,1,1,02,09,17,276,43,10,51,165,41*6B
$GIGSV,1,1,02,09,17,276,43,10,51,165,41*6B
$GIGSV,1,1,02,09,17,276,43,10,51,165,41*6B
$GIGSV,1,1,02,09,17,276,43,10,51,165,41*6B
$GIGSV,1,1,02,09,17,276,43,10,51,165,41*6B
$GIGSV,1,1,02,09,17,276,43,10,51,165,41*6B
$GIGSV,1,1,02,09,17,276,43,10,51,165,41*6B
$GIGSV,1,1,02,09,17,276,43,10,51,165,41*6B
$GIGSV,1,1,02,09,17,276,43,10,51,165,41*6B
$GIGSV,1,1,02,09,17,276,43,10,51,165,40*6A
$GIGSV,1,1,02,09,17,276,43,10,51,165,40*6A
$GIGSV,1,1,02,09,17,276,43,10,51,165,40*6A
$GIGSV,1,1,02,09,17,276,43,10,51,165,40*6A
$GIGSV,1,1,02,09,17,276,43,10,51,165,40*6A
$GIGSV,1,1,02,09,17,276,43,10,51,165,40*6A
$GIGSV,1,1,02,09,17,276,43,10,51,165,40*6A
$GIGSV,1,1,02,09,17,276,43,10,51,165,40*6A
$GIGSV,1,1,02,09,17,276,43,10,51,165,40*6A
$GIGSV,1,1,02,09,17,276,43,10,51,165,40*6A
$GIGSV,1,1,02,09,17,276,43,10,51,165,40*6A
$GIGSV,1,1,02,09,17,276,43,10,51,165,40*6A
$GIGSV,1,1,02,09,17,276,44,10,51,165,40*6D
$GIGSV,1,1,02,09,17,276,44,10,51,165,39*63
$GIGSV,1,1,02,09,17,276,44,10,51,165,39*63
$GIGSV,1,1,02,09,17,276,44,10,51,165,39*63
$GIGSV,1,1,02,09,17,276,44,10,51,165,39*63
$GIGSV,1,1,02,09,17,276,44,10,51,165,39*63
$GIGSV,1,1,02,09,17,276,44,10,51,165,39*63
$GIGSV,1,1,02,09,17,276,44,10,51,165,39*63
$GIGSV,1,1,02,09,17,276,44,10,51,165,39*63
$GIGSV,1,1,02,09,17,276,44,10,51,165,39*63
$GIGSV,1,1,02,09,17,276,44,10,51,165,39*63
$GIGSV,1,1,02,09,17,276,44,10,51,165,39*63
$GIGSV,1,1,02,09,17,276,44,10,51,165,39*63
$GIGSV,1,1,02,09,17,276,44,10,51,165,39*63
$GIGSV,1,1,02,09,17,276,44,10,51,165,39*63
$GIGSV,1,1,02,09,17,276,44,10,51,165,39*63
$GIGSV,1,1,02,09,17,276,44,10,51,165,39*63
$GIGSV,1,1,02,09,17,276,44,10,51,165,39*63
$GIGSV,1,1,02,09,17,276,44,10,51,165,39*63
$GIGSV,1,1,02,09,17,276,44,10,51,165,39*63
$GIGSV,1,1,02,09,17,276,44,10,51,165,38*62
$GIGSV,1,1,02,09,17,276,44,10,51,165,38*62
$GIGSV,1,1,02,09,17,276,44,10,51,165,38*62
$GIGSV,1,1,02,09,17,276,44,10,51,165,38*62
$GIGSV,1,1,02,09,17,276,44,10,51,165,38*62
$GIGSV,1,1,02,09,17,276,44,10,51,165,38*62
$GIGSV,1,1,02,09,17,276,44,10,51,165,38*62
$GIGSV,1,1,02,09,17,276,44,10,51,165,38*62
$GIGSV,1,1,02,09,17,276,44,10,51,165,38*62
$GIGSV,1,1,02,09,17,276,44,10,51,165,38*62
$GIGSV,1,1,02,09,17,276,44,10,51,165,38*62
$GIGSV,1,1,02,09,17,276,44,10,51,165,38*62
$GIGSV,1,1,02,09,17,276,44,10,51,165,38*62
$GIGSV,1,1,02,09,17,276,44,10,51,165,38*62
$GIGSV,1,1,02,09,17,276,44,10,51,165,38*62
$GIGSV,1,1,02,09,17,276,44,10,51,165,38*62
$GIGSV,1,1,02,09,17,276,44,10,51,165,38*62
$GIGSV,1,1,02,09,17,276,44,10,51,165,38*62
$GIGSV,1,1,02,09,17,276,44,10,51,165,38*62
$GIGSV,1,1,02,09,17,276,44,10,51,165,37*6D
$GIGSV,1,1,02,09,17,276,44,10,51,165,37*6D
$GIGSV,1,1,02,09,17,276,44,10,51,165,37*6D
$GIGSV,1,1,02,09,17,276,44,10,51,165,37*6D
$GIGSV,1,1,02,09,17,276,44,10,51,165,37*6D
$GIGSV,1,1,02,09,17,276,44,10,51,165,37*6D
$GIGSV,1,1,02,09,17,276,44,10,51,165,37*6D
$GIGSV,1,1,02,09,17,276,44,10,51,165,37*6D
$GIGSV,1,1,02,09,17,276,44,10,51,165,37*6D
$GIGSV,1,1,02,09,17,276,44,10,51,165,37*6D
$GIGSV,1,1,02,09,17,276,44,10,51,165,37*6D
$GIGSV,1,1,02,09,17,276,44,10,51,165,37*6D
$GIGSV,1,1,02,09,17,276,44,10,51,165,37*6D
$GIGSV,1,1,02,09,17,276,44,10,51,165,37*6D
$GIGSV,1,1,02,09,17,276,44,10,51,165,37*6D
$GIGSV,1,1,02,09,17,276,44,10,51,165,37*6D
$GIGSV,1,1,02,09,17,276,44,10,51,165,36*6C
$GIGSV,1,1,02,09,17,276,44,10,51,165,36*6C
$GIGSV,1,1,02,09,17,276,44,10,51,165,36*6C
$GIGSV,1,1,02,09,17,276,44,10,51,165,36*6C
$GIGSV,1,1,02,09,17,276,44,10,51,165,36*6C
$GIGSV,1,1,02,09,17,276,44,10,51,165,36*6C
$GIGSV,1,1,02,09,17,276,44,10,51,165,36*6C
$GIGSV,1,1,02,09,17,276,44,10,51,165,36*6C
$GIGSV,1,1,02,09,17,276,44,10,51,165,36*6C
$GIGSV,1,1,02,09,17,276,44,10,51,165,36*6C
$GIGSV,1,1,02,09,17,276,44,10,51,165,36*6C
$GIGSV,1,1,02,09,17,276,44,10,51,165,36*6C
$GIGSV,1,1,02,09,17,276,44,10,51,165,36*6C
$GIGSV,1,1,02,09,17,276,44,10,51,165,36*6C
$GIGSV,1,1,02,09,17,276,44,10,51,165,36*6C
$GIGSV,1,1,02,09,17,276,44,10,51,165,36*6C
$GIGSV,1,1,02,09,17,276,44,10,51,165,36*6C
$GIGSV,1,1,02,09,17,276,44,10,51,165,36*6C
$GIGSV,1,1,02,09,17,276,44,10,51,165,36*6C
$GIGSV,1,1,02,09,17,276,44,10,51,165,36*6C
$GIGSV,1,1,02,09,17,276,44,10,51,165,36*6C
$GIGSV,1,1,02,09,17,276,44,10,51,165,36*6C
$GIGSV,1,1,02,09,17,276,44,10,51,165,36*6C
$GIGSV,1,1,02,09,17,276,44,10,51,165,35*6F
$GIGSV,1,1,02,09,17,276,44,10,51,165,35*6F
$GIGSV,1,1,02,09,17,276,44,10,51,165,35*6F
$GIGSV,1,1,02,09,17,276,44,10,51,165,35*6F
$GIGSV,1,1,02,09,17,276,44,10,51,165,35*6F
$GIGSV,1,1,02,09,17,276,44,10,51,165,35*6F
$GIGSV,1,1,02,09,17,276,44,10,51,165,35*6F
$GIGSV,1,1,02,09,17,276,44,10,51,165,35*6F
$GIGSV,1,1,02,09,17,276,44,10,51,165,35*6F
$GIGSV,1,1,02,09,17,276,44,10,51,165,35*6F
$GIGSV,1,1,02,09,17,276,44,10,51,165,35*6F
$GIGSV,1,1,02,09,17,276,44,10,51,165,35*6F
$GIGSV,1,1,02,09,17,276,44,10,51,165,35*6F
$GIGSV,1,1,02,09,17,276,44,10,51,165,35*6F
$GIGSV,1,1,02,09,17,276,44,10,51,165,35*6F
$GIGSV,1,1,02,09,17,276,44,10,51,165,35*6F
$GIGSV,1,1,02,09,17,276,44,10,51,165,35*6F
$GIGSV,1,1,02,09,17,276,44,10,51,165,35*6F
$GIGSV,1,1,02,09,17,276,44,10,51,165,35*6F
$GIGSV,1,1,02,09,17,276,44,10,51,165,35*6F
$GIGSV,1,1,02,09,17,276,44,10,51,165,35*6F
$GIGSV,1,1,02,09,17,276,44,10,51,165,34*6E
$GIGSV,1,1,02,09,17,276,44,10,51,165,34*6E
$GIGSV,1,1,02,09,17,276,44,10,51,165,34*6E
$GIGSV,1,1,02,09,17,276,44,10,51,165,34*6E
$GIGSV,1,1,02,09,17,276,44,10,51,165,34*6E
$GIGSV,1,1,02,09,17,276,44,10,51,165,34*6E
$GIGSV,1,1,02,09,17,276,44,10,51,165,34*6E
$GIGSV,1,1,02,09,17,276,44,10,51,165,34*6E
$GIGSV,1,1,02,09,17,276,44,10,51,165,34*6E
$GIGSV,1,1,02,09,17,276,44,10,51,165,34*6E
$GIGSV,1,1,02,09,17,276,44,10,51,165,34*6E
$GIGSV,1,1,02,09,17,276,44,10,51,165,34*6E
$GIGSV,1,1,02,09,17,276,44,10,51,165,34*6E
$GIGSV,1,1,02,09,17,276,44,10,51,165,34*6E
$GIGSV,1,1,02,09,17,276,44,10,51,165,34*6E
$GIGSV,1,1,02,09,17,276,44,10,51,165,34*6E
$GIGSV,1,1,02,09,17,276,44,10,51,165,34*6E
$GIGSV,1,1,02,09,17,276,44,10,51,165,34*6E
$GIGSV,1,1,02,09,17,276,44,10,51,165,34*6E
$GIGSV,1,1,02,09,17,276,44,10,51,165,34*6E
$GIGSV,1,1,02,09,17,276,44,10,51,165,34*6E
$GIGSV,1,1,02,09,17,276,44,10,51,165,34*6E
$GIGSV,1,1,02,09,17,276,44,10,51,165,34*6E
$GIGSV,1,1,02,09,17,276,44,10,51,165,34*6E
$GIGSV,1,1,02,09,17,276,44,10,51,165,34*6E
$GIGSV,1,1,02,09,17,276,45,10,51,165,34*6F
$GIGSV,1,1,02,09,17,276,45,10,51,165,34*6F
$GIGSV,1,1,02,09,17,276,45,10,51,165,34*6F
$GIGSV,1,1,02,09,17,276,45,10,51,165,34*6F
$GIGSV,1,1,02,09,17,276,45,10,51,165,34*6F
$GIGSV,1,1,02,09,17,276,45,10,51,165,34*6F
$GIGSV,1,1,02,09,17,276,45,10,51,165,34*6F
$GIGSV,1,1,02,09,17,276,45,10,51,165,34*6F
$GIGSV,1,1,02,09,17,276,45,10,51,165,34*6F
$GIGSV,1,1,02,09,17,276,45,10,51,165,34*6F
$GIGSV,1,1,02,09,17,276,45,10,51,165,34*6F
$GIGSV,1,1,02,09,17,276,45,10,51,165,34*6F
$GIGSV,1,1,02,09,17,276,45,10,51,165,34*6F
$GIGSV,1,1,02,09,17,276,45,10,51,165,34*6F
$GIGSV,1,1,02,09,17,276,45,10,51,165,34*6F
$GIGSV,1,1,02,09,17,276,45,10,51,165,34*6F
$GIGSV,1,1,02,09,17,276,45,10,51,165,34*6F
$GIGSV,1,1,02,09,17,276,45,10,51,165,34*6F
$GIGSV,1,1,02,09,17,276,45,10,51,165,34*6F
$GIGSV,1,1,02,09,17,276,45,10,51,165,34*6F
$GIGSV,1,1,02,09,17,276,45,10,51,165,34*6F
$GIGSV,1,1,02,09,17,276,45,10,51,165,34*6F
$GIGSV,1,1,02,09,17,276,45,10,51,165,34*6F
$GIGSV,1,1,02,09,17,276,45,10,51,165,34*6F
$GIGSV,1,1,02,09,17,276,45,10,51,165,34*6F
$GIGSV,1,1,02,09,17,276,45,10,51,165,34*6F
$GIGSV,1,1,02,09,17,276,45,10,51,165,34*6F
$GIGSV,1,1,02,09,17,276,45,10,51,165,33*68
$GIGSV,1,1,02,09,17,276,45,10,51,165,33*68
$GIGSV,1,1,02,09,17,276,45,10,51,165,33*68
$GIGSV,1,1,02,09,17,276,45,10,51,165,33*68
$GIGSV,1,1,02,09,17,276,45,10,51,165,33*68
$GIGSV,1,1,02,09,17,276,45,10,51,165,33*68
$GIGSV,1,1,02,09,17,276,45,10,51,165,33*68
$GIGSV,1,1,02,09,17,276,45,10,51,165,33*68
$GIGSV,1,1,02,09,17,276,45,10,51,165,34*6F
$GIGSV,1,1,02,09,17,276,45,10,51,165,34*6F
$GIGSV,1,1,02,09,17,276,45,10,51,165,34*6F
$GIGSV,1,1,02,09,17,276,45,10,51,165,34*6F
$GIGSV,1,1,02,09,17,276,45,10,51,165,34*6F
$GIGSV,1,1,02,09,17,276,45,10,51,165,33*68
$GIGSV,1,1,02,09,17,276,45,10,51,165,33*68
$GIGSV,1,1,02,09,17,276,45,10,51,165,33*68
$GIGSV,1,1,02,09,17,276,45,10,51,165,33*68
$GIGSV,1,1,02,09,17,276,45,10,51,165,33*68
$GIGSV,1,1,02,09,17,276,45,10,51,165,33*68
$GIGSV,1,1,02,09,17,276,45,10,51,165,33*68
$GIGSV,1,1,02,09,17,276,45,10,51,165,33*68
$GIGSV,1,1,02,09,17,276,45,10,51,165,33*68
$GIGSV,1,1,02,09,17,276,45,10,51,165,33*68
$GIGSV,1,1,02,09,17,276,45,10,51,165,33*68
$GIGSV,1,1,02,09,17,276,45,10,51,165,33*68
$GIGSV,1,1,02,09,17,276,45,10,51,165,33*68
$GIGSV,1,1,02,09,17,276,45,10,51,165,33*68
$GIGSV,1,1,02,09,17,276,45,10,51,165,33*68
$GIGSV,1,1,02,09,17,276,45,10,51,165,33*68
$GIGSV,1,1,02,09,17,276,45,10,51,165,33*68
$GIGSV,1,1,02,09,17,276,45,10,51,165,33*68
$GIGSV,1,1,02,09,17,276,45,10,51,165,33*68
$GIGSV,1,1,02,09,17,276,45,10,51,165,33*68
$GIGSV,1,1,02,09,17,276,45,10,51,165,33*68
$GIGSV,1,1,02,09,17,276,45,10,51,165,33*68
$GIGSV,1,1,02,09,17,276,45,10,51,165,33*68
$GIGSV,1,1,02,09,17,276,45,10,51,165,33*68
$GIGSV,1,1,02,09,17,276,45,10,51,165,33*68
$GIGSV,1,1,02,09,17,276,45,10,51,165,33*68
$GIGSV,1,1,02,09,17,276,45,10,51,165,33*68
$GIGSV,1,1,02,09,17,276,45,10,51,165,33*68
$GIGSV,1,1,02,09,17,276,45,10,51,165,33*68
$GIGSV,1,1,02,09,17,276,45,10,51,165,33*68
$GIGSV,1,1,02,09,17,276,45,10,51,165,33*68
$GIGSV,1,1,02,09,17,276,45,10,51,165,33*68
$GIGSV,1,1,02,09,17,276,45,10,51,165,33*68
$GIGSV,1,1,02,09,17,276,44,10,51,165,33*69
$GIGSV,1,1,02,09,17,276,44,10,51,165,33*69
$GIGSV,1,1,02,09,17,276,44,10,51,165,33*69
$GIGSV,1,1,02,09,17,276,44,10,51,165,33*69
$GIGSV,1,1,02,09,17,276,44,10,51,165,33*69
$GIGSV,1,1,02,09,17,276,44,10,51,165,33*69
$GIGSV,1,1,02,09,17,276,44,10,51,165,33*69
$GIGSV,1,1,02,09,17,276,44,10,51,165,33*69
$GIGSV,1,1,02,09,17,276,44,10,51,165,33*69
$GIGSV,1,1,02,09,17,276,44,10,51,165,33*69
$GIGSV,1,1,02,09,17,276,44,10,51,165,33*69
$GIGSV,1,1,02,09,17,276,44,10,51,165,33*69
$GIGSV,1,1,02,09,17,276,44,10,51,165,33*69
$GIGSV,1,1,02,09,17,276,44,10,51,165,33*69
$GIGSV,1,1,02,09,17,276,44,10,51,165,33*69
$GIGSV,1,1,02,09,17,276,44,10,51,165,33*69
$GIGSV,1,1,02,09,17,276,44,10,51,165,33*69
$GIGSV,1,1,02,09,17,276,44,10,51,165,33*69
$GIGSV,1,1,02,09,17,276,44,10,51,165,33*69
$GIGSV,1,1,02,09,17,276,44,10,51,165,33*69
$GIGSV,1,1,02,09,17,276,44,10,51,165,33*69
$GIGSV,1,1,02,09,17,276,44,10,51,165,33*69
$GIGSV,1,1,02,09,17,276,44,10,51,165,33*69
$GIGSV,1,1,02,09,17,276,44,10,51,165,33*69
$GIGSV,1,1,02,09,17,276,44,10,51,165,33*69
$GIGSV,1,1,02,09,17,276,44,10,51,165,33*69
$GIGSV,1,1,02,09,17,276,44,10,51,165,33*69
$GIGSV,1,1,02,09,17,276,44,10,51,165,33*69
$GIGSV,1,1,02,09,17,276,44,10,51,165,33*69
$GIGSV,1,1,02,09,17,276,44,10,51,165,33*69
$GIGSV,1,1,02,09,17,276,44,10,51,165,33*69
$GIGSV,1,1,02,09,17,276,44,10,51,165,33*69
$GIGSV,1,1,02,09,17,276,44,10,51,165,33*69
$GIGSV,1,1,02,09,17,276,44,10,51,165,33*69
$GIGSV,1,1,02,09,17,276,44,10,51,165,33*69
$GIGSV,1,1,02,09,17,276,44,10,51,165,33*69
$GIGSV,1,1,02,09,17,276,44,10,51,165,33*69
$GIGSV,1,1,02,09,17,276,44,10,51,165,33*69
$GIGSV,1,1,02,09,17,276,44,10,51,165,33*69
$GIGSV,1,1,02,09,17,276,44,10,51,165,33*69
$GIGSV,1,1,02,09,17,276,44,10,51,165,33*69
$GIGSV,1,1,02,09,17,276,44,10,51,165,33*69
$GIGSV,1,1,02,09,17,276,44,10,51,165,33*69
$GIGSV,1,1,02,09,17,276,44,10,51,165,33*69
$GIGSV,1,1,02,09,17,276,44,10,51,165,33*69
$GIGSV,1,1,02,09,17,276,44,10,51,165,33*69
$GIGSV,1,1,02,09,17,276,44,10,51,165,33*69
$GIGSV,1,1,02,09,17,276,44,10,51,165,33*69
$GIGSV,1,1,02,09,17,276,44,10,51,165,33*69
$GIGSV,1,1,02,09,17,276,44,10,51,165,33*69
$GIGSV,1,1,02,09,17,276,44,10,51,165,33*69
$GIGSV,1,1,02,09,17,276,44,10,51,165,33*69
$GIGSV,1,1,02,09,17,276,44,10,51,165,33*69
$GIGSV,1,1,02,09,17,276,44,10,51,165,33*69
$GIGSV,1,1,02,09,17,276,44,10,51,165,33*69
$GIGSV,1,1,02,09,17,276,44,10,51,165,33*69
$GIGSV,1,1,02,09,17,276,44,10,51,165,33*69
$GIGSV,1,1,02,09,17,276,44,10,51,165,33*69
$GIGSV,1,1,02,09,17,276,44,10,51,165,33*69
$GIGSV,1,1,02,09,17,276,44,10,51,165,33*69
$GIGSV,1,1,02,09,17,276,44,10,51,165,33*69
$GIGSV,1,1,02,09,17,276,44,10,51,165,33*69
$GIGSV,1,1,02,09,17,276,44,10,51,165,33*69
$GIGSV,1,1,02,09,17,276,44,10,51,165,33*69
$GIGSV,1,1,02,09,17,276,44,10,51,165,33*69
$GIGSV,1,1,02,09,17,276,44,10,51,165,33*69
$GIGSV,1,1,02,09,17,276,44,10,51,165,33*69
$GIGSV,1,1,02,09,17,276,44,10,51,165,33*69