$GPGST,033634.40,0.02,0.01,0.02,0.0000,0.01,0.01,0.02*61
$GPGST,033634.60,0.02,0.01,0.02,0.0000,0.01,0.01,0.02*63
$GPGST,033634.80,0.02,0.01,0.02,0.0000,0.01,0.01,0.02*6D
$GPGST,033635.00,0.02,0.01,0.02,0.0000,0.01,0.01,0.02*64
$GPGST,033635.20,0.02,0.01,0.02,0.0000,0.01,0.01,0.02*66
$GPGST,033635.40,0.02,0.01,0.02,0.0000,0.01,0.01,0.02*60
$GPGST,033635.60,0.02,0.01,0.02,0.0000,0.01,0.01,0.02*62
$GPGST,033635.80,0.02,0.01,0.02,0.0000,0.01,0.01,0.02*6C
$GPGST,033636.00,0.02,0.01,0.02,0.0000,0.01,0.01,0.02*67
$GPGST,033636.20,0.02,0.01,0.02,0.0000,0.01,0.01,0.02*65
$GPGST,033636.40,0.02,0.01,0.02,0.0000,0.01,0.01,0.02*63
$GPGST,033636.60,0.02,0.01,0.02,0.0000,0.01,0.01,0.02*61
$GPGST,033636.80,0.02,0.01,0.02,0.0000,0.01,0.01,0.02*6F
$GPGST,033637.00,0.02,0.01,0.02,0.0000,0.01,0.01,0.02*66
$GPGST,033637.20,0.02,0.01,0.02,0.0000,0.01,0.01,0.02*64
$GPGST,033637.40,0.02,0.01,0.02,0.0000,0.01,0.01,0.02*62
$GPGST,033637.60,0.02,0.01,0.02,0.0000,0.01,0.01,0.02*60
$GPGST,033637.80,0.02,0.01,0.02,0.0000,0.01,0.01,0.02*6E
$GPGST,033638.00,0.02,0.01,0.02,0.0000,0.01,0.01,0.02*69
$GPGST,033638.20,0.02,0.01,0.02,0.0000,0.01,0.01,0.02*6B
$GPGST,033638.40,0.02,0.01,0.02,0.0000,0.01,0.01,0.02*6D
$GPGST,033638.60,0.02,0.01,0.02,0.0000,0.01,0.01,0.02*6F
$GPGST,033638.80,0.02,0.01,0.02,0.0000,0.01,0.01,0.02*61
$GPGST,033639.00,0.02,0.01,0.02,0.0000,0.01,0.01,0.02*68
$GPGST,033639.20,0.02,0.01,0.02,0.0000,0.01,0.01,0.02*6A
$GPGST,033639.40,0.02,0.01,0.02,0.0000,0.01,0.01,0.02*6C
$GPGST,033639.60,0.02,0.01,0.02,0.0000,0.01,0.01,0.02*6E
$GPGST,033639.80,0.02,0.01,0.02,0.0000,0.01,0.01,0.02*60
$GPGST,033640.00,0.02,0.01,0.02,0.0000,0.01,0.01,0.02*66
$GPGST,033640.20,0.02,0.01,0.02,0.0000,0.01,0.01,0.02*64
$GPGST,033640.40,0.02,0.01,0.02,0.0000,0.01,0.01,0.02*62
$GPGST,033640.60,0.02,0.01,0.02,0.0000,0.01,0.01,0.02*60
$GPGST,033640.80,0.02,0.01,0.02,0.0000,0.01,0.01,0.02*6E
$GPGST,033641.00,0.02,0.01,0.02,0.0000,0.01,0.01,0.02*67
$GPGST,033641.20,0.02,0.01,0.02,0.0000,0.01,0.01,0.02*65
$GPGST,033641.40,0.02,0.01,0.02,0.0000,0.01,0.01,0.02*63
$GPGST,033641.60,0.02,0.01,0.02,0.0000,0.01,0.01,0.02*61
$GPGST,033641.80,0.02,0.01,0.02,0.0000,0.01,0.01,0.02*6F
$GPGST,033642.00,0.02,0.01,0.02,0.0000,0.01,0.01,0.02*64
$GPGST,033642.20,0.02,0.01,0.02,0.0000,0.01,0.01,0.02*66
$GPGST,033642.40,0.02,0.01,0.02,0.0000,0.01,0.01,0.02*60
$GPGST,033642.60,0.02,0.01,0.02,0.0000,0.01,0.01,0.02*62
$GPGST,033642.80,0.02,0.01,0.02,0.0000,0.01,0.01,0.02*6C
$GPGST,033643.00,0.02,0.01,0.02,0.0000,0.01,0.01,0.02*65
$GPGST,033643.20,0.02,0.01,0.02,0.0000,0.01,0.01,0.02*67
$GPGST,033643.40,0.02,0.01,0.02,0.0000,0.01,0.01,0.02*61
$GPGST,033643.60,0.02,0.01,0.02,0.0000,0.01,0.01,0.02*63
$GPGST,033643.80,0.02,0.01,0.02,0.0000,0.01,0.01,0.02*6D
$GPGST,033644.00,0.02,0.01,0.02,0.0000,0.01,0.01,0.02*62
$GPGST,033644.20,0.02,0.01,0.02,0.0000,0.01,0.01,0.02*60
$GPGST,033644.40,0.02,0.01,0.02,0.0000,0.01,0.01,0.02*66
$GPGST,033644.60,0.02,0.01,0.02,0.0000,0.01,0.01,0.02*64
$GPGST,033644.80,0.02,0.01,0.02,0.0000,0.01,0.01,0.02*6A
$GPGST,033645.00,0.02,0.01,0.02,0.0000,0.01,0.01,0.02*63
$GPGST,033645.20,0.02,0.01,0.02,0.0000,0.01,0.01,0.02*61
$GPGST,033645.40,0.02,0.01,0.02,0.0000,0.01,0.01,0.02*67
$GPGST,033645.60,0.03,0.01,0.03,0.0000,0.01,0.01,0.03*64
$GPGST,033645.80,0.03,0.01,0.03,0.0000,0.01,0.01,0.03*6A
$GPGST,033646.00,0.02,0.01,0.02,0.0000,0.01,0.01,0.02*60
$GPGST,033646.20,0.02,0.01,0.02,0.0000,0.01,0.01,0.02*62
$GPGST,033646.40,0.02,0.01,0.02,0.0000,0.01,0.01,0.02*64
$GPGST,033646.60,0.02,0.01,0.02,0.0000,0.01,0.01,0.02*66
$GPGST,033646.80,0.02,0.01,0.02,0.0000,0.01,0.01,0.02*68
$GPGST,033647.00,0.02,0.01,0.02,0.0000,0.01,0.01,0.02*61
$GPGST,033647.20,0.02,0.01,0.02,0.0000,0.01,0.01,0.02*63
$GPGST,033647.40,0.02,0.01,0.02,0.0000,0.01,0.01,0.02*65
$GPGST,033647.60,0.02,0.01,0.02,0.0000,0.01,0.01,0.02*67
$GPGST,033647.80,0.02,0.01,0.02,0.0000,0.01,0.01,0.02*69
$GPGST,033648.00,0.02,0.01,0.02,0.0000,0.01,0.01,0.02*6E
$GPGST,033648.20,0.02,0.01,0.02,0.0000,0.01,0.01,0.02*6C
$GPGST,033648.40,0.02,0.01,0.02,0.0000,0.01,0.01,0.02*6A
$GPGST,033648.60,0.02,0.01,0.02,0.0000,0.01,0.01,0.02*68
$GPGST,033648.80,0.02,0.01,0.02,0.0000,0.01,0.01,0.02*66
$GPGST,033649.00,0.02,0.01,0.02,0.0000,0.01,0.01,0.02*6F
$GPGST,033649.20,0.02,0.01,0.02,0.0000,0.01,0.01,0.02*6D
$GPGST,033649.40,0.02,0.01,0.02,0.0000,0.01,0.01,0.02*6B
$GPGST,033649.60,0.02,0.01,0.02,0.0000,0.01,0.01,0.02*69
$GPGST,033649.80,0.02,0.01,0.02,0.0000,0.01,0.01,0.02*67
$GPGST,033650.00,0.02,0.01,0.02,0.0000,0.01,0.01,0.02*67
$GPGST,033650.20,0.02,0.01,0.02,0.0000,0.01,0.01,0.02*65
$GPGST,033650.40,0.02,0.01,0.02,0.0000,0.01,0.01,0.02*63
$GPGST,033650.60,0.02,0.01,0.02,0.0000,0.01,0.01,0.02*61
$GPGST,033650.80,0.03,0.01,0.03,0.0000,0.01,0.01,0.03*6E
$GPGST,033651.00,0.02,0.01,0.02,0.0000,0.01,0.01,0.02*66
$GPGST,033651.20,0.02,0.01,0.02,0.0000,0.01,0.01,0.02*64
$GPGST,033651.40,0.02,0.01,0.02,0.0000,0.01,0.01,0.02*62
$GPGST,033651.60,0.02,0.01,0.02,0.0000,0.01,0.01,0.02*60
$GPGST,033651.80,0.02,0.01,0.02,0.0000,0.01,0.01,0.02*6E
$GPGST,033652.00,0.02,0.01,0.02,0.0000,0.01,0.01,0.02*65
$GPGST,033652.20,0.02,0.01,0.02,0.0000,0.01,0.01,0.02*67
$GPGST,033652.40,0.02,0.01,0.02,0.0000,0.01,0.01,0.02*61
$GPGST,033652.60,0.02,0.01,0.02,0.0000,0.01,0.01,0.02*63
$GPGST,033652.80,0.02,0.01,0.02,0.0000,0.01,0.01,0.02*6D
$GPGST,033653.00,0.02,0.01,0.02,0.0000,0.01,0.01,0.02*64
$GPGST,033653.20,0.02,0.01,0.02,0.0000,0.01,0.01,0.02*66
$GPGST,033653.40,0.03,0.02,0.03,0.0000,0.02,0.02,0.03*62
$GPGST,033653.60,0.03,0.02,0.03,0.0000,0.02,0.02,0.03*60
$GPGST,033653.80,0.03,0.02,0.03,0.0000,0.02,0.02,0.03*6E
$GPGST,033654.00,0.03,0.02,0.03,0.0000,0.02,0.02,0.03*61
$GPGST,033654.20,0.03,0.02,0.03,0.0000,0.02,0.02,0.03*63
$GPGST,033654.40,0.03,0.02,0.03,0.0000,0.02,0.02,0.03*65
$GPGST,033654.60,0.03,0.02,0.03,0.0000,0.02,0.02,0.03*67
$GPGST,033654.80,0.03,0.02,0.03,0.0000,0.02,0.02,0.03*69
$GPGST,033655.00,0.02,0.01,0.02,0.0000,0.01,0.01,0.02*62
$GPGST,033655.20,0.02,0.01,0.02,0.0000,0.01,0.01,0.02*60
$GPGST,033655.40,0.02,0.01,0.02,0.0000,0.01,0.01,0.02*66
$GPGST,033655.60,0.02,0.01,0.02,0.0000,0.01,0.01,0.02*64
$GPGST,033655.80,0.02,0.01,0.02,0.0000,0.01,0.01,0.02*6A
$GPGST,033656.00,0.02,0.01,0.02,0.0000,0.01,0.01,0.02*61
$GPGST,033656.20,0.02,0.01,0.02,0.0000,0.01,0.01,0.02*63
$GPGST,033656.40,0.02,0.01,0.02,0.0000,0.01,0.01,0.02*65
$GPGST,033656.60,0.02,0.01,0.02,0.0000,0.01,0.01,0.02*67
$GPGST,033656.80,0.03,0.01,0.03,0.0000,0.01,0.01,0.03*68
$GPGST,033657.00,0.02,0.01,0.02,0.0000,0.01,0.01,0.02*60
$GPGST,033657.20,0.02,0.01,0.02,0.0000,0.01,0.01,0.02*62
$GPGST,033657.40,0.02,0.01,0.02,0.0000,0.01,0.01,0.02*64
$GPGST,033657.60,0.02,0.01,0.02,0.0000,0.01,0.01,0.02*66
$GPGST,033657.80,0.03,0.01,0.03,0.0000,0.01,0.01,0.03*69
$GPGST,033658.00,0.02,0.01,0.02,0.0000,0.01,0.01,0.02*6F
$GPGST,033658.20,0.02,0.01,0.02,0.0000,0.01,0.01,0.02*6D
$GPGST,033658.40,0.02,0.01,0.02,0.0000,0.01,0.01,0.02*6B
$GPGST,033658.60,0.03,0.01,0.03,0.0000,0.01,0.01,0.03*68
$GPGST,033658.80,0.03,0.01,0.03,0.0000,0.01,0.01,0.03*66
$GPGST,033659.00,0.02,0.01,0.02,0.0000,0.01,0.01,0.02*6E
$GPGST,033659.20,0.02,0.01,0.02,0.0000,0.01,0.01,0.02*6C
$GPGST,033659.40,0.02,0.01,0.02,0.0000,0.01,0.01,0.02*6A
$GPGST,033659.60,0.03,0.01,0.03,0.0000,0.01,0.01,0.03*69
$GPGST,033659.80,0.03,0.01,0.03,0.0000,0.01,0.01,0.03*67
$GPGST,033700.00,0.02,0.01,0.02,0.0000,0.01,0.01,0.02*63
$GPGST,033700.20,0.02,0.01,0.02,0.0000,0.01,0.01,0.02*61
$GPGST,033700.40,0.02,0.01,0.02,0.0000,0.01,0.01,0.02*67
$GPGST,033700.60,0.02,0.01,0.02,0.0000,0.01,0.01,0.02*65
$GPGST,033700.80,0.02,0.01,0.02,0.0000,0.01,0.01,0.02*6B
$GPGST,033701.00,0.02,0.01,0.02,0.0000,0.01,0.01,0.02*62
$GPGST,033701.20,0.02,0.01,0.02,0.0000,0.01,0.01,0.02*60
$GPGST,033701.40,0.02,0.01,0.02,0.0000,0.01,0.01,0.02*66
$GPGST,033701.60,0.02,0.01,0.02,0.0000,0.01,0.01,0.02*64
$GPGST,033701.80,0.02,0.01,0.02,0.0000,0.01,0.01,0.02*6A
$GPGST,033702.00,0.02,0.01,0.02,0.0000,0.01,0.01,0.02*61
$GPGST,033702.20,0.02,0.01,0.02,0.0000,0.01,0.01,0.02*63
$GPGST,033702.40,0.02,0.01,0.02,0.0000,0.01,0.01,0.02*65
$GPGST,033702.60,0.02,0.01,0.02,0.0000,0.01,0.01,0.02*67
$GPGST,033702.80,0.02,0.01,0.02,0.0000,0.01,0.01,0.02*69
$GPGST,033703.00,0.02,0.01,0.02,0.0000,0.01,0.01,0.02*60
$GPGST,033703.20,0.02,0.01,0.02,0.0000,0.01,0.01,0.02*62
$GPGST,033703.40,0.03,0.01,0.03,0.0000,0.01,0.01,0.03*65
$GPGST,033703.60,0.03,0.01,0.03,0.0000,0.01,0.01,0.03*67
$GPGST,033703.80,0.03,0.01,0.03,0.0000,0.01,0.01,0.03*69
$GPGST,033704.00,0.02,0.01,0.02,0.0000,0.01,0.01,0.02*67
$GPGST,033704.20,0.03,0.02,0.03,0.0000,0.01,0.02,0.03*64
$GPGST,033704.40,0.03,0.02,0.03,0.0000,0.01,0.02,0.03*62
$GPGST,033704.60,0.03,0.02,0.03,0.0000,0.01,0.02,0.03*60
$GPGST,033704.80,0.03,0.02,0.03,0.0000,0.01,0.02,0.03*6E
$GPGST,033705.00,0.02,0.01,0.02,0.0000,0.01,0.01,0.02*66
$GPGST,033705.20,0.02,0.01,0.02,0.0000,0.01,0.01,0.02*64
$GPGST,033705.40,0.03,0.01,0.03,0.0000,0.01,0.01,0.03*63
$GPGST,033705.60,0.03,0.02,0.03,0.0000,0.01,0.02,0.03*61
$GPGST,033705.80,0.03,0.02,0.03,0.0000,0.01,0.02,0.03*6F
$GPGST,033706.00,0.02,0.01,0.02,0.0000,0.01,0.01,0.02*65
$GPGST,033706.20,0.03,0.01,0.03,0.0000,0.01,0.01,0.03*66
$GPGST,033706.40,0.03,0.02,0.03,0.0000,0.01,0.02,0.03*60
$GPGST,033706.60,0.03,0.02,0.03,0.0000,0.01,0.02,0.03*62
$GPGST,033706.80,0.03,0.02,0.03,0.0000,0.01,0.02,0.03*6C
$GPGST,033707.00,0.02,0.01,0.02,0.0000,0.01,0.01,0.02*64
$GPGST,033707.20,0.02,0.01,0.02,0.0000,0.01,0.01,0.02*66
$GPGST,033707.40,0.03,0.01,0.03,0.0000,0.01,0.01,0.03*61
$GPGST,033707.60,0.03,0.01,0.03,0.0000,0.01,0.01,0.03*63
$GPGST,033707.80,0.03,0.01,0.03,0.0000,0.01,0.01,0.03*6D
$GPGST,033708.00,0.02,0.01,0.02,0.0000,0.01,0.01,0.02*6B
$GPGST,033708.20,0.02,0.01,0.02,0.0000,0.01,0.01,0.02*69
$GPGST,033708.40,0.02,0.01,0.02,0.0000,0.01,0.01,0.02*6F
$GPGST,033708.60,0.03,0.01,0.03,0.0000,0.01,0.01,0.03*6C
$GPGST,033708.80,0.03,0.01,0.03,0.0000,0.01,0.01,0.03*62
$GPGST,033709.00,0.02,0.01,0.02,0.0000,0.01,0.01,0.02*6A
$GPGST,033709.20,0.02,0.01,0.02,0.0000,0.01,0.01,0.02*68
$GPGST,033709.40,0.02,0.01,0.02,0.0000,0.01,0.01,0.02*6E
$GPGST,033709.60,0.02,0.01,0.02,0.0000,0.01,0.01,0.02*6C
$GPGST,033709.80,0.02,0.01,0.02,0.0000,0.01,0.01,0.02*62
$GPGST,033710.00,0.02,0.01,0.02,0.0000,0.01,0.01,0.02*62
$GPGST,033710.20,0.02,0.01,0.02,0.0000,0.01,0.01,0.02*60
$GPGST,033710.40,0.02,0.01,0.02,0.0000,0.01,0.01,0.02*66
$GPGST,033710.60,0.02,0.01,0.02,0.0000,0.01,0.01,0.02*64
$GPGST,033710.80,0.02,0.01,0.02,0.0000,0.01,0.01,0.02*6A
$GPGST,033711.00,0.02,0.01,0.02,0.0000,0.01,0.01,0.02*63
$GPGST,033711.20,0.02,0.01,0.02,0.0000,0.01,0.01,0.02*61
$GPGST,033711.40,0.03,0.01,0.03,0.0000,0.01,0.01,0.03*66
$GPGST,033711.60,0.03,0.01,0.03,0.0000,0.01,0.01,0.03*64
$GPGST,033711.80,0.03,0.01,0.03,0.0000,0.01,0.01,0.03*6A
$GPGST,033712.00,0.02,0.01,0.02,0.0000,0.01,0.01,0.02*60
$GPGST,033712.20,0.02,0.01,0.02,0.0000,0.01,0.01,0.02*62
$GPGST,033712.40,0.02,0.01,0.02,0.0000,0.01,0.01,0.02*64
$GPGST,033712.60,0.02,0.01,0.02,0.0000,0.01,0.01,0.02*66
$GPGST,033712.80,0.03,0.01,0.03,0.0000,0.01,0.01,0.03*69
$GPGST,033713.00,0.02,0.01,0.02,0.0000,0.01,0.01,0.02*61
$GPGST,033713.20,0.02,0.01,0.02,0.0000,0.01,0.01,0.02*63
$GPGST,033713.40,0.02,0.01,0.02,0.0000,0.01,0.01,0.02*65
$GPGST,033713.60,0.02,0.01,0.02,0.0000,0.01,0.01,0.02*67
$GPGST,033713.80,0.03,0.01,0.03,0.0000,0.01,0.01,0.03*68
$GPGST,033714.00,0.02,0.01,0.02,0.0000,0.01,0.01,0.02*66
$GPGST,033714.20,0.03,0.01,0.03,0.0000,0.01,0.01,0.03*65
$GPGST,033714.40,0.03,0.01,0.03,0.0000,0.01,0.01,0.03*63
$GPGST,033714.60,0.03,0.01,0.03,0.0000,0.01,0.01,0.03*61
$GPGST,033714.80,0.03,0.01,0.03,0.0000,0.01,0.01,0.03*6F
$GPGST,033715.00,0.02,0.01,0.02,0.0000,0.01,0.01,0.02*67
$GPGST,033715.20,0.03,0.01,0.03,0.0000,0.01,0.01,0.03*64
$GPGST,033715.40,0.03,0.01,0.03,0.0000,0.01,0.01,0.03*62
$GPGST,033715.60,0.03,0.01,0.03,0.0000,0.01,0.01,0.03*60
$GPGST,033715.80,0.03,0.01,0.03,0.0000,0.01,0.01,0.03*6E
$GPGST,033716.00,0.02,0.01,0.02,0.0000,0.01,0.01,0.02*64
$GPGST,033716.20,0.02,0.01,0.02,0.0000,0.01,0.01,0.02*66
$GPGST,033716.40,0.02,0.01,0.02,0.0000,0.01,0.01,0.02*60
$GPGST,033716.60,0.03,0.01,0.03,0.0000,0.01,0.01,0.03*63
$GPGST,033716.80,0.03,0.01,0.03,0.0000,0.01,0.01,0.03*6D
$GPGST,033717.00,0.02,0.01,0.02,0.0000,0.01,0.01,0.02*65
$GPGST,033717.20,0.02,0.01,0.02,0.0000,0.01,0.01,0.02*67
$GPGST,033717.40,0.02,0.01,0.02,0.0000,0.01,0.01,0.02*61
$GPGST,033717.60,0.02,0.01,0.02,0.0000,0.01,0.01,0.02*63
$GPGST,033717.80,0.03,0.01,0.03,0.0000,0.01,0.01,0.03*6C
$GPGST,033718.00,0.02,0.01,0.02,0.0000,0.01,0.01,0.02*6A
$GPGST,033718.20,0.02,0.01,0.02,0.0000,0.01,0.01,0.02*68
$GPGST,033718.40,0.02,0.01,0.02,0.0000,0.01,0.01,0.02*6E
$GPGST,033718.60,0.03,0.01,0.03,0.0000,0.01,0.01,0.03*6D
$GPGST,033718.80,0.03,0.01,0.03,0.0000,0.01,0.01,0.03*63
$GPGST,033719.00,0.03,0.01,0.03,0.0000,0.01,0.01,0.03*6A
$GPGST,033719.20,0.03,0.01,0.03,0.0000,0.01,0.01,0.03*68
$GPGST,033719.40,0.03,0.01,0.03,0.0000,0.01,0.01,0.03*6E
$GPGST,033719.60,0.03,0.01,0.03,0.0000,0.01,0.01,0.03*6C
$GPGST,033719.80,0.03,0.01,0.03,0.0000,0.01,0.01,0.03*62
$GPGST,033720.00,0.02,0.01,0.02,0.0000,0.01,0.01,0.02*61
$GPGST,033720.20,0.02,0.01,0.02,0.0000,0.01,0.01,0.02*63
$GPGST,033720.40,0.02,0.01,0.02,0.0000,0.01,0.01,0.02*65
$GPGST,033720.60,0.02,0.01,0.02,0.0000,0.01,0.01,0.02*67
$GPGST,033720.80,0.02,0.01,0.02,0.0000,0.01,0.01,0.02*69
$GPGST,033721.00,0.02,0.01,0.02,0.0000,0.01,0.01,0.02*60
$GPGST,033721.20,0.02,0.01,0.02,0.0000,0.01,0.01,0.02*62
$GPGST,033721.40,0.03,0.01,0.03,0.0000,0.01,0.01,0.03*65
$GPGST,033721.60,0.03,0.01,0.03,0.0000,0.01,0.01,0.03*67
$GPGST,033721.80,0.03,0.01,0.03,0.0000,0.01,0.01,0.03*69
$GPGST,033722.00,0.03,0.01,0.03,0.0000,0.01,0.01,0.03*62
$GPGST,033722.20,0.03,0.01,0.03,0.0000,0.01,0.01,0.03*60
$GPGST,033722.40,0.03,0.01,0.03,0.0000,0.01,0.01,0.03*66
$GPGST,033722.60,0.03,0.01,0.03,0.0000,0.01,0.01,0.03*64
$GPGST,033722.80,0.03,0.01,0.03,0.0000,0.01,0.01,0.03*6A
$GPGST,033723.00,0.02,0.01,0.02,0.0000,0.01,0.01,0.02*62
$GPGST,033723.20,0.02,0.01,0.02,0.0000,0.01,0.01,0.02*60
$GPGST,033723.40,0.02,0.01,0.02,0.0000,0.01,0.01,0.02*66
$GPGST,033723.60,0.02,0.01,0.02,0.0000,0.01,0.01,0.02*64
$GPGST,033723.80,0.03,0.01,0.03,0.0000,0.01,0.01,0.03*6B
$GPGST,033724.00,0.03,0.01,0.03,0.0000,0.01,0.01,0.03*64
$GPGST,033724.20,0.03,0.01,0.03,0.0000,0.01,0.01,0.03*66
$GPGST,033724.40,0.03,0.01,0.03,0.0000,0.01,0.01,0.03*60
$GPGST,033724.60,0.03,0.02,0.03,0.0000,0.01,0.02,0.03*62
$GPGST,033724.80,0.03,0.02,0.03,0.0000,0.01,0.02,0.03*6C
$GPGST,033725.00,0.02,0.01,0.02,0.0000,0.01,0.01,0.02*64
$GPGST,033725.20,0.03,0.01,0.03,0.0000,0.01,0.01,0.03*67
$GPGST,033725.40,0.03,0.01,0.03,0.0000,0.01,0.01,0.03*61
$GPGST,033725.60,0.03,0.01,0.03,0.0000,0.01,0.01,0.03*63
$GPGST,033725.80,0.03,0.01,0.03,0.0000,0.01,0.01,0.03*6D
$GPGST,033726.00,0.03,0.01,0.03,0.0000,0.01,0.01,0.03*66
$GPGST,033726.20,0.03,0.01,0.03,0.0000,0.01,0.01,0.03*64
$GPGST,033726.40,0.03,0.02,0.03,0.0000,0.01,0.02,0.03*62
$GPGST,033726.60,0.03,0.02,0.03,0.0000,0.01,0.02,0.03*60
$GPGST,033726.80,0.03,0.02,0.03,0.0000,0.01,0.02,0.03*6E
$GPGST,033727.00,0.02,0.01,0.02,0.0000,0.01,0.01,0.02*66
$GPGST,033727.20,0.03,0.02,0.03,0.0000,0.02,0.02,0.03*66
$GPGST,033727.40,0.03,0.02,0.03,0.0000,0.02,0.02,0.03*60
$GPGST,033727.60,0.03,0.02,0.03,0.0000,0.02,0.02,0.03*62
$GPGST,033727.80,0.03,0.02,0.03,0.0000,0.02,0.02,0.03*6C
$GPGST,033728.00,0.03,0.02,0.03,0.0000,0.02,0.02,0.03*6B
$GPGST,033728.20,0.03,0.02,0.03,0.0000,0.02,0.02,0.03*69
$GPGST,033728.40,0.03,0.02,0.03,0.0000,0.02,0.02,0.03*6F
$GPGST,033728.60,0.03,0.02,0.03,0.0000,0.02,0.02,0.03*6D
$GPGST,033728.80,0.03,0.02,0.03,0.0000,0.02,0.02,0.03*63
$GPGST,033729.00,0.02,0.01,0.02,0.0000,0.01,0.01,0.02*68
$GPGST,033729.20,0.02,0.02,0.02,0.0000,0.01,0.02,0.02*6A
$GPGST,033729.40,0.03,0.02,0.03,0.0000,0.01,0.02,0.03*6D
$GPGST,033729.60,0.03,0.02,0.03,0.0000,0.01,0.02,0.03*6F
$GPGST,033729.80,0.03,0.02,0.03,0.0000,0.01,0.02,0.03*61
$GPGST,033730.00,0.02,0.01,0.02,0.0000,0.01,0.01,0.02*60
$GPGST,033730.20,0.02,0.01,0.02,0.0000,0.01,0.01,0.02*62
$GPGST,033730.40,0.02,0.01,0.02,0.0000,0.01,0.01,0.02*64
$GPGST,033730.60,0.03,0.02,0.03,0.0000,0.02,0.02,0.03*64
$GPGST,033730.80,0.03,0.02,0.03,0.0000,0.02,0.02,0.03*6A
$GPGST,033731.00,0.03,0.02,0.03,0.0000,0.02,0.02,0.03*63
$GPGST,033731.20,0.03,0.02,0.03,0.0000,0.02,0.02,0.03*61
$GPGST,033731.40,0.03,0.02,0.03,0.0000,0.02,0.02,0.03*67
$GPGST,033731.60,0.03,0.02,0.03,0.0000,0.02,0.02,0.03*65
$GPGST,033731.80,0.03,0.02,0.03,0.0000,0.02,0.02,0.03*6B
$GPGST,033732.00,0.02,0.01,0.02,0.0000,0.01,0.01,0.02*62
$GPGST,033732.20,0.03,0.02,0.03,0.0000,0.01,0.02,0.03*61
$GPGST,033732.40,0.03,0.02,0.03,0.0000,0.02,0.02,0.03*64
$GPGST,033732.60,0.03,0.02,0.03,0.0000,0.02,0.02,0.03*66
$GPGST,033732.80,0.03,0.02,0.03,0.0000,0.02,0.02,0.03*68
$GPGST,033733.00,0.02,0.01,0.02,0.0000,0.01,0.01,0.02*63
$GPGST,033733.20,0.02,0.01,0.02,0.0000,0.01,0.01,0.02*61
$GPGST,033733.40,0.03,0.02,0.03,0.0000,0.02,0.02,0.03*65
$GPGST,033733.60,0.03,0.02,0.03,0.0000,0.02,0.02,0.03*67
$GPGST,033733.80,0.03,0.02,0.03,0.0000,0.02,0.02,0.03*69
$GPGST,033734.00,0.03,0.02,0.03,0.0000,0.02,0.02,0.03*66
$GPGST,033734.20,0.03,0.02,0.03,0.0000,0.02,0.02,0.03*64
$GPGST,033734.40,0.03,0.02,0.03,0.0000,0.02,0.02,0.03*62
$GPGST,033734.60,0.03,0.02,0.03,0.0000,0.02,0.02,0.03*60
$GPGST,033734.80,0.03,0.03,0.03,0.0000,0.02,0.03,0.03*6E
$GPGST,033735.00,0.03,0.02,0.03,0.0000,0.02,0.02,0.03*67
$GPGST,033735.20,0.03,0.02,0.03,0.0000,0.02,0.02,0.03*65
$GPGST,033735.40,0.03,0.02,0.03,0.0000,0.02,0.02,0.03*63
$GPGST,033735.60,0.03,0.02,0.03,0.0000,0.02,0.02,0.03*61
$GPGST,033735.80,0.03,0.03,0.03,0.0000,0.02,0.03,0.03*6F
$GPGST,033736.00,0.03,0.02,0.03,0.0000,0.02,0.02,0.03*64
$GPGST,033736.20,0.03,0.03,0.03,0.0000,0.03,0.03,0.03*67
$GPGST,033736.40,0.04,0.03,0.04,0.0000,0.03,0.03,0.04*66
$GPGST,033736.60,0.04,0.03,0.04,0.0000,0.03,0.03,0.04*64
$GPGST,033736.80,0.04,0.03,0.04,0.0000,0.03,0.03,0.04*6A
$GPGST,033737.00,0.03,0.02,0.03,0.0000,0.02,0.02,0.03*65
$GPGST,033737.20,0.03,0.03,0.03,0.0000,0.03,0.03,0.03*66
$GPGST,033737.40,0.04,0.03,0.04,0.0000,0.03,0.03,0.04*67
$GPGST,033737.60,0.04,0.03,0.04,0.0000,0.03,0.03,0.04*65
$GPGST,033737.80,0.04,0.03,0.04,0.0000,0.03,0.03,0.04*6B
$GPGST,033738.00,0.04,0.03,0.04,0.0000,0.03,0.03,0.04*6C
$GPGST,033738.20,0.04,0.04,0.04,0.0000,0.03,0.04,0.04*6E
$GPGST,033738.40,0.04,0.04,0.04,0.0000,0.04,0.04,0.04*6F
$GPGST,033738.60,0.05,0.04,0.05,0.0000,0.04,0.04,0.05*6C
$GPGST,033738.80,0.05,0.04,0.05,0.0000,0.04,0.04,0.05*62
$GPGST,033739.00,0.03,0.03,0.03,0.0000,0.03,0.03,0.03*6A
$GPGST,033739.20,0.04,0.03,0.04,0.0000,0.03,0.03,0.04*6F
$GPGST,033739.40,0.04,0.03,0.04,0.0000,0.03,0.03,0.04*69
$GPGST,033739.60,0.04,0.03,0.04,0.0000,0.03,0.03,0.04*6B
$GPGST,033739.80,0.04,0.03,0.04,0.0000,0.03,0.03,0.04*65
$GPGST,033740.00,0.04,0.03,0.04,0.0000,0.03,0.03,0.04*63
$GPGST,033740.20,0.04,0.03,0.04,0.0000,0.03,0.03,0.04*61
$GPGST,033740.40,0.04,0.03,0.04,0.0000,0.03,0.03,0.04*67
$GPGST,033740.60,0.04,0.04,0.04,0.0000,0.03,0.04,0.04*65
$GPGST,033740.80,0.04,0.04,0.04,0.0000,0.04,0.04,0.04*6C
$GPGST,033741.00,0.04,0.03,0.04,0.0000,0.03,0.03,0.04*62
$GPGST,033741.20,0.04,0.03,0.04,0.0000,0.03,0.03,0.04*60
$GPGST,033741.40,0.04,0.03,0.04,0.0000,0.03,0.03,0.04*66
$GPGST,033741.60,0.04,0.03,0.04,0.0000,0.03,0.03,0.04*64
$GPGST,033741.80,0.04,0.04,0.04,0.0000,0.03,0.04,0.04*6A
$GPGST,033742.00,0.04,0.03,0.04,0.0000,0.03,0.03,0.04*61
$GPGST,033742.20,0.04,0.03,0.04,0.0000,0.03,0.03,0.04*63
$GPGST,033742.40,0.04,0.03,0.04,0.0000,0.03,0.03,0.04*65
$GPGST,033742.60,0.05,0.04,0.05,0.0000,0.03,0.04,0.05*66
$GPGST,033742.80,0.05,0.04,0.05,0.0000,0.04,0.04,0.05*6F
$GPGST,033743.00,0.04,0.03,0.04,0.0000,0.03,0.03,0.04*60
$GPGST,033743.20,0.04,0.03,0.04,0.0000,0.03,0.03,0.04*62
$GPGST,033743.40,0.04,0.03,0.04,0.0000,0.03,0.03,0.04*64
$GPGST,033743.60,0.04,0.03,0.04,0.0000,0.03,0.03,0.04*66
$GPGST,033743.80,0.04,0.03,0.04,0.0000,0.03,0.03,0.04*68
$GPGST,033744.00,0.03,0.02,0.03,0.0000,0.02,0.02,0.03*61
$GPGST,033744.20,0.03,0.03,0.03,0.0000,0.02,0.03,0.03*63
$GPGST,033744.40,0.04,0.03,0.04,0.0000,0.03,0.03,0.04*63
$GPGST,033744.60,0.04,0.03,0.04,0.0000,0.03,0.03,0.04*61
$GPGST,033744.80,0.04,0.03,0.04,0.0000,0.03,0.03,0.04*6F
$GPGST,033745.00,0.03,0.03,0.03,0.0000,0.03,0.03,0.03*61
$GPGST,033745.20,0.04,0.03,0.04,0.0000,0.03,0.03,0.04*64
$GPGST,033745.40,0.04,0.03,0.04,0.0000,0.03,0.03,0.04*62
$GPGST,033745.60,0.04,0.03,0.04,0.0000,0.03,0.03,0.04*60
$GPGST,033745.80,0.04,0.04,0.04,0.0000,0.03,0.04,0.04*6E
$GPGST,033746.00,0.03,0.03,0.03,0.0000,0.03,0.03,0.03*62
$GPGST,033746.20,0.03,0.03,0.03,0.0000,0.03,0.03,0.03*60
$GPGST,033746.40,0.04,0.03,0.04,0.0000,0.03,0.03,0.04*61
$GPGST,033746.60,0.04,0.03,0.04,0.0000,0.03,0.03,0.04*63
$GPGST,033746.80,0.04,0.03,0.04,0.0000,0.03,0.03,0.04*6D
$GPGST,033747.00,0.03,0.02,0.03,0.0000,0.02,0.02,0.03*62
$GPGST,033747.20,0.03,0.03,0.03,0.0000,0.03,0.03,0.03*61
$GPGST,033747.40,0.03,0.03,0.03,0.0000,0.03,0.03,0.03*67
$GPGST,033747.60,0.04,0.03,0.04,0.0000,0.03,0.03,0.04*62
$GPGST,033747.80,0.04,0.03,0.04,0.0000,0.03,0.03,0.04*6C
$GPGST,033748.00,0.03,0.03,0.03,0.0000,0.03,0.03,0.03*6C
$GPGST,033748.20,0.04,0.03,0.04,0.0000,0.03,0.03,0.04*69
$GPGST,033748.40,0.04,0.03,0.04,0.0000,0.03,0.03,0.04*6F
$GPGST,033748.60,0.04,0.03,0.04,0.0000,0.03,0.03,0.04*6D
$GPGST,033748.80,0.04,0.03,0.04,0.0000,0.03,0.03,0.04*63
$GPGST,033749.00,0.03,0.02,0.03,0.0000,0.02,0.02,0.03*6C
$GPGST,033749.20,0.03,0.03,0.03,0.0000,0.02,0.03,0.03*6E
$GPGST,033749.40,0.04,0.03,0.04,0.0000,0.03,0.03,0.04*6E
$GPGST,033749.60,0.04,0.03,0.04,0.0000,0.03,0.03,0.04*6C
$GPGST,033749.80,0.04,0.03,0.04,0.0000,0.03,0.03,0.04*62
$GPGST,033750.00,0.03,0.02,0.03,0.0000,0.02,0.02,0.03*64
$GPGST,033750.20,0.03,0.03,0.03,0.0000,0.03,0.03,0.03*67
$GPGST,033750.40,0.04,0.03,0.04,0.0000,0.03,0.03,0.04*66
$GPGST,033750.60,0.04,0.03,0.04,0.0000,0.03,0.03,0.04*64
$GPGST,033750.80,0.04,0.03,0.04,0.0000,0.03,0.03,0.04*6A
$GPGST,033751.00,0.03,0.03,0.03,0.0000,0.03,0.03,0.03*64
$GPGST,033751.20,0.04,0.03,0.04,0.0000,0.03,0.03,0.04*61
$GPGST,033751.40,0.04,0.03,0.04,0.0000,0.03,0.03,0.04*67
$GPGST,033751.60,0.04,0.03,0.04,0.0000,0.03,0.03,0.04*65
$GPGST,033751.80,0.04,0.03,0.04,0.0000,0.03,0.03,0.04*6B
$GPGST,033752.00,0.03,0.02,0.03,0.0000,0.02,0.02,0.03*66
$GPGST,033752.20,0.03,0.03,0.03,0.0000,0.02,0.03,0.03*64
$GPGST,033752.40,0.04,0.03,0.04,0.0000,0.03,0.03,0.04*64
$GPGST,033752.60,0.04,0.03,0.04,0.0000,0.03,0.03,0.04*66
$GPGST,033752.80,0.04,0.03,0.04,0.0000,0.03,0.03,0.04*68
$GPGST,033753.00,0.03,0.02,0.03,0.0000,0.02,0.02,0.03*67
$GPGST,033753.20,0.03,0.02,0.03,0.0000,0.02,0.02,0.03*65
$GPGST,033753.40,0.03,0.02,0.03,0.0000,0.02,0.02,0.03*63
$GPGST,033753.60,0.04,0.03,0.04,0.0000,0.03,0.03,0.04*67
$GPGST,033753.80,0.04,0.03,0.04,0.0000,0.03,0.03,0.04*69
$GPGST,033754.00,0.04,0.03,0.04,0.0000,0.03,0.03,0.04*66
$GPGST,033754.20,0.04,0.03,0.04,0.0000,0.03,0.03,0.04*64
$GPGST,033754.40,0.04,0.03,0.04,0.0000,0.03,0.03,0.04*62
$GPGST,033754.60,0.04,0.03,0.04,0.0000,0.03,0.03,0.04*60
$GPGST,033754.80,0.04,0.03,0.04,0.0000,0.03,0.03,0.04*6E
$GPGST,033755.00,0.03,0.02,0.03,0.0000,0.02,0.02,0.03*61
$GPGST,033755.20,0.03,0.03,0.03,0.0000,0.03,0.03,0.03*62
$GPGST,033755.40,0.04,0.03,0.04,0.0000,0.03,0.03,0.04*63
$GPGST,033755.60,0.04,0.03,0.04,0.0000,0.03,0.03,0.04*61
$GPGST,033755.80,0.04,0.03,0.04,0.0000,0.03,0.03,0.04*6F
$GPGST,033756.00,0.04,0.03,0.04,0.0000,0.03,0.03,0.04*64
$GPGST,033756.20,0.04,0.03,0.04,0.0000,0.03,0.03,0.04*66
$GPGST,033756.40,0.04,0.03,0.04,0.0000,0.03,0.03,0.04*60
$GPGST,033756.60,0.04,0.03,0.04,0.0000,0.03,0.03,0.04*62
$GPGST,033756.80,0.04,0.04,0.04,0.0000,0.04,0.04,0.04*6B
$GPGST,033757.00,0.03,0.02,0.03,0.0000,0.02,0.02,0.03*63
$GPGST,033757.20,0.03,0.02,0.03,0.0000,0.02,0.02,0.03*61
$GPGST,033757.40,0.03,0.03,0.03,0.0000,0.03,0.03,0.03*66
$GPGST,033757.60,0.03,0.03,0.03,0.0000,0.03,0.03,0.03*64
$GPGST,033757.80,0.04,0.03,0.04,0.0000,0.03,0.03,0.04*6D
$GPGST,033758.00,0.03,0.02,0.03,0.0000,0.02,0.02,0.03*6C
$GPGST,033758.20,0.03,0.03,0.03,0.0000,0.03,0.03,0.03*6F
$GPGST,033758.40,0.04,0.03,0.04,0.0000,0.03,0.03,0.04*6E
$GPGST,033758.60,0.05,0.04,0.05,0.0000,0.04,0.04,0.05*6A
$GPGST,033758.80,0.05,0.04,0.05,0.0000,0.04,0.04,0.05*64
$GPGST,033759.00,0.04,0.03,0.04,0.0000,0.03,0.03,0.04*6B
$GPGST,033759.20,0.04,0.04,0.04,0.0000,0.04,0.03,0.04*69
$GPGST,033759.40,0.04,0.04,0.04,0.0000,0.04,0.04,0.04*68
$GPGST,033759.60,0.04,0.04,0.04,0.0000,0.04,0.04,0.04*6A
$GPGST,033759.80,0.05,0.04,0.05,0.0000,0.04,0.04,0.05*65
$GPGST,033800.00,0.03,0.03,0.03,0.0000,0.03,0.03,0.03*6F
$GPGST,033800.20,0.04,0.03,0.04,0.0000,0.03,0.03,0.04*6A
$GPGST,033800.40,0.04,0.03,0.04,0.0000,0.03,0.03,0.04*6C
$GPGST,033800.60,0.04,0.03,0.04,0.0000,0.03,0.03,0.04*6E
$GPGST,033800.80,0.04,0.03,0.04,0.0000,0.03,0.03,0.04*60
$GPGST,033801.00,0.03,0.02,0.03,0.0000,0.02,0.02,0.03*6F
$GPGST,033801.20,0.04,0.03,0.04,0.0000,0.03,0.03,0.04*6B
$GPGST,033801.40,0.04,0.03,0.04,0.0000,0.03,0.03,0.04*6D
$GPGST,033801.60,0.04,0.03,0.04,0.0000,0.03,0.03,0.04*6F
$GPGST,033801.80,0.04,0.03,0.04,0.0000,0.03,0.03,0.04*61
$GPGST,033802.00,0.04,0.03,0.04,0.0000,0.03,0.03,0.04*6A
$GPGST,033802.20,0.04,0.03,0.04,0.0000,0.03,0.03,0.04*68
$GPGST,033802.40,0.04,0.03,0.04,0.0000,0.03,0.03,0.04*6E
$GPGST,033802.60,0.04,0.03,0.04,0.0000,0.03,0.03,0.04*6C
$GPGST,033802.80,0.04,0.03,0.04,0.0000,0.03,0.03,0.04*62
$GPGST,033803.00,0.03,0.02,0.03,0.0000,0.02,0.02,0.03*6D
$GPGST,033803.20,0.03,0.02,0.03,0.0000,0.02,0.02,0.03*6F
$GPGST,033803.40,0.03,0.02,0.03,0.0000,0.02,0.02,0.03*69
$GPGST,033803.60,0.03,0.03,0.03,0.0000,0.02,0.03,0.03*6B
$GPGST,033803.80,0.04,0.03,0.04,0.0000,0.03,0.03,0.04*63
$GPGST,033804.00,0.03,0.02,0.03,0.0000,0.02,0.02,0.03*6A
$GPGST,033804.20,0.03,0.02,0.03,0.0000,0.02,0.02,0.03*68
$GPGST,033804.40,0.03,0.03,0.03,0.0000,0.02,0.03,0.03*6E
$GPGST,033804.60,0.04,0.03,0.04,0.0000,0.03,0.03,0.04*6A
$GPGST,033804.80,0.04,0.03,0.04,0.0000,0.03,0.03,0.04*64
$GPGST,033805.00,0.03,0.02,0.03,0.0000,0.02,0.02,0.03*6B
$GPGST,033805.20,0.03,0.02,0.03,0.0000,0.02,0.02,0.03*69
$GPGST,033805.40,0.03,0.02,0.03,0.0000,0.02,0.02,0.03*6F
$GPGST,033805.60,0.03,0.03,0.03,0.0000,0.02,0.03,0.03*6D
$GPGST,033805.80,0.04,0.03,0.04,0.0000,0.03,0.03,0.04*65
$GPGST,033806.00,0.03,0.02,0.03,0.0000,0.02,0.02,0.03*68
$GPGST,033806.20,0.03,0.02,0.03,0.0000,0.02,0.02,0.03*6A
$GPGST,033806.40,0.04,0.03,0.04,0.0000,0.03,0.03,0.04*6A
$GPGST,033806.60,0.04,0.03,0.04,0.0000,0.03,0.03,0.04*68
$GPGST,033806.80,0.04,0.03,0.04,0.0000,0.03,0.03,0.04*66
$GPGST,033807.00,0.03,0.03,0.03,0.0000,0.03,0.03,0.03*68
$GPGST,033807.20,0.04,0.03,0.04,0.0000,0.03,0.03,0.04*6D
$GPGST,033807.40,0.04,0.03,0.04,0.0000,0.03,0.03,0.04*6B
$GPGST,033807.60,0.04,0.03,0.04,0.0000,0.03,0.03,0.04*69
$GPGST,033807.80,0.04,0.03,0.04,0.0000,0.03,0.03,0.04*67
$GPGST,033808.00,0.04,0.03,0.04,0.0000,0.03,0.03,0.04*60
$GPGST,033808.20,0.04,0.03,0.04,0.0000,0.03,0.03,0.04*62
$GPGST,033808.40,0.04,0.03,0.04,0.0000,0.03,0.03,0.04*64
$GPGST,033808.60,0.04,0.03,0.04,0.0000,0.03,0.03,0.04*66
$GPGST,033808.80,0.04,0.03,0.04,0.0000,0.03,0.03,0.04*68
$GPGST,033809.00,0.03,0.02,0.03,0.0000,0.02,0.02,0.03*67
$GPGST,033809.20,0.03,0.03,0.03,0.0000,0.03,0.03,0.03*64
$GPGST,033809.40,0.03,0.03,0.03,0.0000,0.03,0.03,0.03*62
$GPGST,033809.60,0.04,0.03,0.04,0.0000,0.03,0.03,0.04*67
$GPGST,033809.80,0.04,0.03,0.04,0.0000,0.03,0.03,0.04*69
$GPGST,033810.00,0.03,0.02,0.03,0.0000,0.02,0.02,0.03*6F
$GPGST,033810.20,0.03,0.02,0.03,0.0000,0.02,0.02,0.03*6D
$GPGST,033810.40,0.03,0.02,0.03,0.0000,0.02,0.02,0.03*6B
$GPGST,033810.60,0.03,0.02,0.03,0.0000,0.02,0.02,0.03*69
$GPGST,033810.80,0.03,0.02,0.03,0.0000,0.02,0.02,0.03*67
$GPGST,033811.00,0.02,0.01,0.02,0.0000,0.01,0.01,0.02*6C
$GPGST,033811.20,0.02,0.01,0.02,0.0000,0.01,0.01,0.02*6E
$GPGST,033811.40,0.02,0.01,0.02,0.0000,0.01,0.01,0.02*68
$GPGST,033811.60,0.03,0.02,0.03,0.0000,0.02,0.02,0.03*68
$GPGST,033811.80,0.03,0.02,0.03,0.0000,0.02,0.02,0.03*66
$GPGST,033812.00,0.02,0.01,0.02,0.0000,0.01,0.01,0.02*6F
$GPGST,033812.20,0.03,0.02,0.03,0.0000,0.01,0.02,0.03*6C
$GPGST,033812.40,0.03,0.02,0.03,0.0000,0.02,0.02,0.03*69
$GPGST,033812.60,0.03,0.02,0.03,0.0000,0.02,0.02,0.03*6B
$GPGST,033812.80,0.03,0.02,0.03,0.0000,0.02,0.02,0.03*65
$GPGST,033813.00,0.03,0.01,0.03,0.0000,0.01,0.01,0.03*6F
$GPGST,033813.20,0.03,0.01,0.03,0.0000,0.01,0.01,0.03*6D
$GPGST,033813.40,0.03,0.01,0.03,0.0000,0.01,0.01,0.03*6B
$GPGST,033813.60,0.03,0.01,0.03,0.0000,0.01,0.01,0.03*69
$GPGST,033813.80,0.03,0.02,0.03,0.0000,0.01,0.02,0.03*67
$GPGST,033814.00,0.02,0.01,0.02,0.0000,0.01,0.01,0.02*69
$GPGST,033814.20,0.02,0.01,0.02,0.0000,0.01,0.01,0.02*6B
$GPGST,033814.40,0.02,0.01,0.02,0.0000,0.01,0.01,0.02*6D
$GPGST,033814.60,0.03,0.02,0.03,0.0000,0.02,0.02,0.03*6D
$GPGST,033814.80,0.03,0.02,0.03,0.0000,0.02,0.02,0.03*63
$GPGST,033815.00,0.03,0.02,0.03,0.0000,0.02,0.02,0.03*6A
$GPGST,033815.20,0.03,0.02,0.03,0.0000,0.02,0.02,0.03*68
$GPGST,033815.40,0.03,0.02,0.03,0.0000,0.02,0.02,0.03*6E
$GPGST,033815.60,0.03,0.02,0.03,0.0000,0.02,0.02,0.03*6C
$GPGST,033815.80,0.03,0.02,0.03,0.0000,0.02,0.02,0.03*62
$GPGST,033816.00,0.03,0.02,0.03,0.0000,0.02,0.02,0.03*69
$GPGST,033816.20,0.03,0.02,0.03,0.0000,0.02,0.02,0.03*6B
$GPGST,033816.40,0.03,0.02,0.03,0.0000,0.02,0.02,0.03*6D
$GPGST,033816.60,0.03,0.02,0.03,0.0000,0.02,0.02,0.03*6F
$GPGST,033816.80,0.03,0.02,0.03,0.0000,0.02,0.02,0.03*61
$GPGST,033817.00,0.03,0.02,0.03,0.0000,0.02,0.02,0.03*68
$GPGST,033817.20,0.03,0.02,0.03,0.0000,0.02,0.02,0.03*6A
$GPGST,033817.40,0.03,0.02,0.03,0.0000,0.02,0.02,0.03*6C
$GPGST,033817.60,0.04,0.03,0.04,0.0000,0.03,0.03,0.04*68
$GPGST,033817.80,0.04,0.03,0.04,0.0000,0.03,0.03,0.04*66
$GPGST,033818.00,0.04,0.03,0.04,0.0000,0.03,0.03,0.04*61
$GPGST,033818.20,0.04,0.03,0.04,0.0000,0.03,0.03,0.04*63
$GPGST,033818.40,0.04,0.03,0.04,0.0000,0.03,0.03,0.04*65
$GPGST,033818.60,0.04,0.03,0.04,0.0000,0.03,0.03,0.04*67
$GPGST,033818.80,0.04,0.03,0.04,0.0000,0.03,0.03,0.04*69
$GPGST,033819.00,0.03,0.02,0.03,0.0000,0.02,0.02,0.03*66
$GPGST,033819.20,0.03,0.02,0.03,0.0000,0.02,0.02,0.03*64
$GPGST,033819.40,0.03,0.02,0.03,0.0000,0.02,0.02,0.03*62
$GPGST,033819.60,0.04,0.03,0.04,0.0000,0.03,0.03,0.04*66
$GPGST,033819.80,0.04,0.04,0.04,0.0000,0.03,0.04,0.04*68
$GPGST,033820.00,0.04,0.03,0.04,0.0000,0.03,0.03,0.04*6A
$GPGST,033820.20,0.04,0.03,0.04,0.0000,0.03,0.03,0.04*68
$GPGST,033820.40,0.04,0.04,0.04,0.0000,0.04,0.04,0.04*69
$GPGST,033820.60,0.04,0.04,0.04,0.0000,0.04,0.04,0.04*6B
$GPGST,033820.80,0.05,0.04,0.05,0.0000,0.04,0.04,0.05*64
$GPGST,033821.00,0.03,0.02,0.03,0.0000,0.02,0.02,0.03*6D
$GPGST,033821.20,0.03,0.02,0.03,0.0000,0.02,0.02,0.03*6F
$GPGST,033821.40,0.03,0.02,0.03,0.0000,0.02,0.02,0.03*69
$GPGST,033821.60,0.03,0.03,0.03,0.0000,0.02,0.03,0.03*6B
$GPGST,033821.80,0.03,0.03,0.03,0.0000,0.02,0.03,0.03*65
$GPGST,033822.00,0.02,0.01,0.02,0.0000,0.01,0.01,0.02*6C
$GPGST,033822.20,0.02,0.01,0.02,0.0000,0.01,0.01,0.02*6E
$GPGST,033822.40,0.02,0.01,0.02,0.0000,0.01,0.01,0.02*68
$GPGST,033822.60,0.03,0.01,0.03,0.0000,0.01,0.01,0.03*6B
$GPGST,033822.80,0.03,0.02,0.03,0.0000,0.01,0.02,0.03*65
$GPGST,033823.00,0.02,0.01,0.02,0.0000,0.01,0.01,0.02*6D
$GPGST,033823.20,0.03,0.01,0.03,0.0000,0.01,0.01,0.03*6E
$GPGST,033823.40,0.03,0.01,0.03,0.0000,0.01,0.01,0.03*68
$GPGST,033823.60,0.03,0.01,0.03,0.0000,0.01,0.01,0.03*6A
$GPGST,033823.80,0.03,0.02,0.03,0.0000,0.01,0.02,0.03*64
$GPGST,033824.00,0.02,0.01,0.02,0.0000,0.01,0.01,0.02*6A
$GPGST,033824.20,0.02,0.01,0.02,0.0000,0.01,0.01,0.02*68
$GPGST,033824.40,0.02,0.01,0.02,0.0000,0.01,0.01,0.02*6E
$GPGST,033824.60,0.02,0.01,0.02,0.0000,0.01,0.01,0.02*6C
$GPGST,033824.80,0.03,0.01,0.03,0.0000,0.01,0.01,0.03*63
$GPGST,033825.00,0.02,0.01,0.02,0.0000,0.01,0.01,0.02*6B
$GPGST,033825.20,0.02,0.01,0.02,0.0000,0.01,0.01,0.02*69
$GPGST,033825.40,0.02,0.01,0.02,0.0000,0.01,0.01,0.02*6F
$GPGST,033825.60,0.02,0.01,0.02,0.0000,0.01,0.01,0.02*6D
$GPGST,033825.80,0.03,0.01,0.03,0.0000,0.01,0.01,0.03*62
$GPGST,033826.00,0.02,0.01,0.02,0.0000,0.01,0.01,0.02*68
$GPGST,033826.20,0.02,0.01,0.02,0.0000,0.01,0.01,0.02*6A
$GPGST,033826.40,0.03,0.02,0.03,0.0000,0.02,0.02,0.03*6E
$GPGST,033826.60,0.03,0.02,0.03,0.0000,0.02,0.02,0.03*6C
$GPGST,033826.80,0.03,0.02,0.03,0.0000,0.02,0.02,0.03*62
$GPGST,033827.00,0.02,0.01,0.02,0.0000,0.01,0.01,0.02*69
$GPGST,033827.20,0.02,0.01,0.02,0.0000,0.01,0.01,0.02*6B
$GPGST,033827.40,0.03,0.02,0.03,0.0000,0.01,0.02,0.03*6C
$GPGST,033827.60,0.03,0.02,0.03,0.0000,0.01,0.02,0.03*6E
$GPGST,033827.80,0.03,0.02,0.03,0.0000,0.02,0.02,0.03*63
$GPGST,033828.00,0.02,0.01,0.02,0.0000,0.01,0.01,0.02*66
$GPGST,033828.20,0.02,0.01,0.02,0.0000,0.01,0.01,0.02*64
$GPGST,033828.40,0.02,0.01,0.02,0.0000,0.01,0.01,0.02*62
$GPGST,033828.60,0.02,0.01,0.02,0.0000,0.01,0.01,0.02*60
$GPGST,033828.80,0.02,0.01,0.02,0.0000,0.01,0.01,0.02*6E
$GPGST,033829.00,0.02,0.01,0.02,0.0000,0.01,0.01,0.02*67
$GPGST,033829.20,0.02,0.01,0.02,0.0000,0.01,0.01,0.02*65
$GPGST,033829.40,0.02,0.01,0.02,0.0000,0.01,0.01,0.02*63
$GPGST,033829.60,0.02,0.01,0.02,0.0000,0.01,0.01,0.02*61
$GPGST,033829.80,0.02,0.01,0.02,0.0000,0.01,0.01,0.02*6F
$GPGST,033830.00,0.02,0.01,0.02,0.0000,0.01,0.01,0.02*6F
$GPGST,033830.20,0.02,0.01,0.02,0.0000,0.01,0.01,0.02*6D
$GPGST,033830.40,0.02,0.01,0.02,0.0000,0.01,0.01,0.02*6B
$GPGST,033830.60,0.02,0.01,0.02,0.0000,0.01,0.01,0.02*69
$GPGST,033830.80,0.02,0.01,0.02,0.0000,0.01,0.01,0.02*67
$GPGST,033831.00,0.02,0.01,0.02,0.0000,0.01,0.01,0.02*6E
$GPGST,033831.20,0.02,0.01,0.02,0.0000,0.01,0.01,0.02*6C
$GPGST,033831.40,0.02,0.01,0.02,0.0000,0.01,0.01,0.02*6A
$GPGST,033831.60,0.02,0.01,0.02,0.0000,0.01,0.01,0.02*68
$GPGST,033831.80,0.02,0.01,0.02,0.0000,0.01,0.01,0.02*66
$GPGST,033832.00,0.02,0.01,0.02,0.0000,0.01,0.01,0.02*6D
$GPGST,033832.20,0.02,0.01,0.02,0.0000,0.01,0.01,0.02*6F
$GPGST,033832.40,0.02,0.01,0.02,0.0000,0.01,0.01,0.02*69
$GPGST,033832.60,0.02,0.01,0.02,0.0000,0.01,0.01,0.02*6B
$GPGST,033832.80,0.02,0.01,0.02,0.0000,0.01,0.01,0.02*65
$GPGST,033833.00,0.02,0.01,0.02,0.0000,0.01,0.01,0.02*6C
$GPGST,033833.20,0.02,0.01,0.02,0.0000,0.01,0.01,0.02*6E
$GPGST,033833.40,0.02,0.01,0.02,0.0000,0.01,0.01,0.02*68
$GPGST,033833.60,0.03,0.02,0.03,0.0000,0.02,0.02,0.03*68
$GPGST,033833.80,0.03,0.02,0.03,0.0000,0.02,0.02,0.03*66
$GPGST,033834.00,0.02,0.01,0.02,0.0000,0.01,0.01,0.02*6B
$GPGST,033834.20,0.02,0.01,0.02,0.0000,0.01,0.01,0.02*69
$GPGST,033834.40,0.02,0.01,0.02,0.0000,0.01,0.01,0.02*6F
$GPGST,033834.60,0.02,0.01,0.02,0.0000,0.01,0.01,0.02*6D
$GPGST,033834.80,0.02,0.01,0.02,0.0000,0.01,0.01,0.02*63
$GPGST,033835.00,0.02,0.01,0.02,0.0000,0.01,0.01,0.02*6A
$GPGST,033835.20,0.02,0.01,0.02,0.0000,0.01,0.01,0.02*68
$GPGST,033835.40,0.02,0.01,0.02,0.0000,0.01,0.01,0.02*6E
$GPGST,033835.60,0.02,0.01,0.02,0.0000,0.01,0.01,0.02*6C
$GPGST,033835.80,0.02,0.01,0.02,0.0000,0.01,0.01,0.02*62
$GPGST,033836.00,0.02,0.01,0.02,0.0000,0.01,0.01,0.02*69
$GPGST,033836.20,0.02,0.01,0.02,0.0000,0.01,0.01,0.02*6B
$GPGST,033836.40,0.02,0.01,0.02,0.0000,0.01,0.01,0.02*6D
$GPGST,033836.60,0.02,0.01,0.02,0.0000,0.01,0.01,0.02*6F
$GPGST,033836.80,0.03,0.01,0.03,0.0000,0.01,0.01,0.03*60
$GPGST,033837.00,0.02,0.01,0.02,0.0000,0.01,0.01,0.02*68
$GPGST,033837.20,0.02,0.01,0.02,0.0000,0.01,0.01,0.02*6A
$GPGST,033837.40,0.02,0.01,0.02,0.0000,0.01,0.01,0.02*6C
$GPGST,033837.60,0.03,0.01,0.03,0.0000,0.01,0.01,0.03*6F
$GPGST,033837.80,0.03,0.01,0.03,0.0000,0.01,0.01,0.03*61
$GPGST,033838.00,0.02,0.01,0.02,0.0000,0.01,0.01,0.02*67
$GPGST,033838.20,0.02,0.01,0.02,0.0000,0.01,0.01,0.02*65
$GPGST,033838.40,0.02,0.01,0.02,0.0000,0.01,0.01,0.02*63
$GPGST,033838.60,0.02,0.01,0.02,0.0000,0.01,0.01,0.02*61
$GPGST,033838.80,0.02,0.01,0.02,0.0000,0.01,0.01,0.02*6F
$GPGST,033839.00,0.02,0.01,0.02,0.0000,0.01,0.01,0.02*66
$GPGST,033839.20,0.02,0.01,0.02,0.0000,0.01,0.01,0.02*64
$GPGST,033839.40,0.02,0.01,0.02,0.0000,0.01,0.01,0.02*62
$GPGST,033839.60,0.02,0.01,0.02,0.0000,0.01,0.01,0.02*60
$GPGST,033839.80,0.02,0.01,0.02,0.0000,0.01,0.01,0.02*6E
$GPGST,033840.00,0.02,0.01,0.02,0.0000,0.01,0.01,0.02*68
$GPGST,033840.20,0.02,0.01,0.02,0.0000,0.01,0.01,0.02*6A
$GPGST,033840.40,0.02,0.01,0.02,0.0000,0.01,0.01,0.02*6C
$GPGST,033840.60,0.02,0.01,0.02,0.0000,0.01,0.01,0.02*6E
$GPGST,033840.80,0.02,0.01,0.02,0.0000,0.01,0.01,0.02*60
$GPGST,033841.00,0.02,0.01,0.02,0.0000,0.01,0.01,0.02*69
$GPGST,033841.20,0.02,0.01,0.02,0.0000,0.01,0.01,0.02*6B
$GPGST,033841.40,0.02,0.01,0.02,0.0000,0.01,0.01,0.02*6D
$GPGST,033841.60,0.02,0.01,0.02,0.0000,0.01,0.01,0.02*6F
$GPGST,033841.80,0.02,0.01,0.02,0.0000,0.01,0.01,0.02*61
$GPGST,033842.00,0.02,0.01,0.02,0.0000,0.01,0.01,0.02*6A
$GPGST,033842.20,0.02,0.01,0.02,0.0000,0.01,0.01,0.02*68
$GPGST,033842.40,0.02,0.01,0.02,0.0000,0.01,0.01,0.02*6E
$GPGST,033842.60,0.02,0.01,0.02,0.0000,0.01,0.01,0.02*6C
$GPGST,033842.80,0.02,0.01,0.02,0.0000,0.01,0.01,0.02*62
$GPGST,033843.00,0.02,0.01,0.02,0.0000,0.01,0.01,0.02*6B
$GPGST,033843.20,0.02,0.01,0.02,0.0000,0.01,0.01,0.02*69
$GPGST,033843.40,0.02,0.01,0.02,0.0000,0.01,0.01,0.02*6F
$GPGST,033843.60,0.02,0.01,0.02,0.0000,0.01,0.01,0.02*6D
$GPGST,033843.80,0.02,0.01,0.02,0.0000,0.01,0.01,0.02*63
$GPGST,033844.00,0.02,0.01,0.02,0.0000,0.01,0.01,0.02*6C
$GPGST,033844.20,0.02,0.01,0.02,0.0000,0.01,0.01,0.02*6E
$GPGST,033844.40,0.02,0.01,0.02,0.0000,0.01,0.01,0.02*68
$GPGST,033844.60,0.02,0.01,0.02,0.0000,0.01,0.01,0.02*6A
$GPGST,033844.80,0.02,0.01,0.02,0.0000,0.01,0.01,0.02*64
$GPGST,033845.00,0.02,0.01,0.02,0.0000,0.01,0.01,0.02*6D
$GPGST,033845.20,0.02,0.01,0.02,0.0000,0.01,0.01,0.02*6F
$GPGST,033845.40,0.02,0.01,0.02,0.0000,0.01,0.01,0.02*69
$GPGST,033845.60,0.02,0.01,0.02,0.0000,0.01,0.01,0.02*6B
$GPGST,033845.80,0.02,0.01,0.02,0.0000,0.01,0.01,0.02*65
$GPGST,033846.00,0.02,0.01,0.02,0.0000,0.01,0.01,0.02*6E
$GPGST,033846.20,0.02,0.01,0.02,0.0000,0.01,0.01,0.02*6C
$GPGST,033846.40,0.02,0.01,0.02,0.0000,0.01,0.01,0.02*6A
$GPGST,033846.60,0.02,0.01,0.02,0.0000,0.01,0.01,0.02*68
$GPGST,033846.80,0.02,0.01,0.02,0.0000,0.01,0.01,0.02*66
$GPGST,033847.00,0.02,0.01,0.02,0.0000,0.01,0.01,0.02*6F
$GPGST,033847.20,0.02,0.01,0.02,0.0000,0.01,0.01,0.02*6D
$GPGST,033847.40,0.02,0.01,0.02,0.0000,0.01,0.01,0.02*6B
$GPGST,033847.60,0.02,0.01,0.02,0.0000,0.01,0.01,0.02*69
$GPGST,033847.80,0.02,0.01,0.02,0.0000,0.01,0.01,0.02*67
$GPGST,033848.00,0.02,0.01,0.02,0.0000,0.01,0.01,0.02*60
$GPGST,033848.20,0.02,0.01,0.02,0.0000,0.01,0.01,0.02*62
$GPGST,033848.40,0.02,0.01,0.02,0.0000,0.01,0.01,0.02*64
$GPGST,033848.60,0.02,0.01,0.02,0.0000,0.01,0.01,0.02*66
$GPGST,033848.80,0.02,0.01,0.02,0.0000,0.01,0.01,0.02*68
$GPGST,033849.00,0.02,0.01,0.02,0.0000,0.01,0.01,0.02*61
$GPGST,033849.20,0.02,0.01,0.02,0.0000,0.01,0.01,0.02*63
$GPGST,033849.40,0.02,0.01,0.02,0.0000,0.01,0.01,0.02*65
$GPGST,033849.60,0.02,0.01,0.02,0.0000,0.01,0.01,0.02*67
$GPGST,033849.80,0.02,0.01,0.02,0.0000,0.01,0.01,0.02*69
$GPGST,033850.00,0.02,0.01,0.02,0.0000,0.01,0.01,0.02*69
$GPGST,033850.20,0.02,0.01,0.02,0.0000,0.01,0.01,0.02*6B
$GPGST,033850.40,0.02,0.01,0.02,0.0000,0.01,0.01,0.02*6D
$GPGST,033850.60,0.02,0.01,0.02,0.0000,0.01,0.01,0.02*6F
$GPGST,033850.80,0.02,0.01,0.02,0.0000,0.01,0.01,0.02*61
$GPGST,033851.00,0.02,0.01,0.02,0.0000,0.01,0.01,0.02*68
$GPGST,033851.20,0.02,0.01,0.02,0.0000,0.01,0.01,0.02*6A
$GPGST,033851.40,0.02,0.01,0.02,0.0000,0.01,0.01,0.02*6C
$GPGST,033851.60,0.02,0.01,0.02,0.0000,0.01,0.01,0.02*6E
$GPGST,033851.80,0.02,0.01,0.02,0.0000,0.01,0.01,0.02*60
$GPGST,033852.00,0.02,0.01,0.02,0.0000,0.01,0.01,0.02*6B
$GPGST,033852.20,0.02,0.01,0.02,0.0000,0.01,0.01,0.02*69
$GPGST,033852.40,0.02,0.01,0.02,0.0000,0.01,0.01,0.02*6F
$GPGST,033852.60,0.02,0.01,0.02,0.0000,0.01,0.01,0.02*6D
$GPGST,033852.80,0.02,0.01,0.02,0.0000,0.01,0.01,0.02*63
$GPGST,033853.00,0.02,0.01,0.02,0.0000,0.01,0.01,0.02*6A
$GPGST,033853.20,0.02,0.01,0.02,0.0000,0.01,0.01,0.02*68
$GPGST,033853.40,0.02,0.01,0.02,0.0000,0.01,0.01,0.02*6E
$GPGST,033853.60,0.02,0.01,0.02,0.0000,0.01,0.01,0.02*6C
$GPGST,033853.80,0.02,0.01,0.02,0.0000,0.01,0.01,0.02*62
$GPGST,033854.00,0.02,0.01,0.02,0.0000,0.01,0.01,0.02*6D
$GPGST,033854.20,0.02,0.01,0.02,0.0000,0.01,0.01,0.02*6F
$GPGST,033854.40,0.02,0.01,0.02,0.0000,0.01,0.01,0.02*69
$GPGST,033854.60,0.02,0.01,0.02,0.0000,0.01,0.01,0.02*6B
$GPGST,033854.80,0.02,0.01,0.02,0.0000,0.01,0.01,0.02*65
$GPGST,033855.00,0.02,0.01,0.02,0.0000,0.01,0.01,0.02*6C
$GPGST,033855.20,0.02,0.01,0.02,0.0000,0.01,0.01,0.02*6E
$GPGST,033855.40,0.02,0.01,0.02,0.0000,0.01,0.01,0.02*68
$GPGST,033855.60,0.02,0.01,0.02,0.0000,0.01,0.01,0.02*6A
$GPGST,033855.80,0.02,0.01,0.02,0.0000,0.01,0.01,0.02*64
$GPGST,033856.00,0.02,0.01,0.02,0.0000,0.01,0.01,0.02*6F
$GPGST,033856.20,0.02,0.01,0.02,0.0000,0.01,0.01,0.02*6D
$GPGST,033856.40,0.02,0.01,0.02,0.0000,0.01,0.01,0.02*6B
$GPGST,033856.60,0.02,0.01,0.02,0.0000,0.01,0.01,0.02*69
$GPGST,033856.80,0.02,0.01,0.02,0.0000,0.01,0.01,0.02*67
$GPGST,033857.00,0.02,0.01,0.02,0.0000,0.01,0.01,0.02*6E
$GPGST,033857.20,0.02,0.01,0.02,0.0000,0.01,0.01,0.02*6C
$GPGST,033857.40,0.02,0.01,0.02,0.0000,0.01,0.01,0.02*6A
$GPGST,033857.60,0.02,0.01,0.02,0.0000,0.01,0.01,0.02*68
$GPGST,033857.80,0.02,0.01,0.02,0.0000,0.01,0.01,0.02*66
$GPGST,033858.00,0.02,0.01,0.02,0.0000,0.01,0.01,0.02*61
$GPGST,033858.20,0.02,0.01,0.02,0.0000,0.01,0.01,0.02*63
$GPGST,033858.40,0.02,0.01,0.02,0.0000,0.01,0.01,0.02*65
$GPGST,033858.60,0.02,0.01,0.02,0.0000,0.01,0.01,0.02*67
$GPGST,033858.80,0.02,0.01,0.02,0.0000,0.01,0.01,0.02*69
$GPGST,033859.00,0.02,0.01,0.02,0.0000,0.01,0.01,0.02*60
$GPGST,033859.20,0.02,0.01,0.02,0.0000,0.01,0.01,0.02*62
$GPGST,033859.40,0.02,0.01,0.02,0.0000,0.01,0.01,0.02*64
$GPGST,033859.60,0.02,0.01,0.02,0.0000,0.01,0.01,0.02*66
$GPGST,033859.80,0.02,0.01,0.02,0.0000,0.01,0.01,0.02*68
$GPGST,033900.00,0.02,0.01,0.02,0.0000,0.01,0.01,0.02*6D
$GPGST,033900.20,0.02,0.01,0.02,0.0000,0.01,0.01,0.02*6F
$GPGST,033900.40,0.02,0.01,0.02,0.0000,0.01,0.01,0.02*69
$GPGST,033900.60,0.02,0.01,0.02,0.0000,0.01,0.01,0.02*6B
$GPGST,033900.80,0.02,0.01,0.02,0.0000,0.01,0.01,0.02*65
$GPGST,033901.00,0.02,0.01,0.02,0.0000,0.01,0.01,0.02*6C
$GPGST,033901.20,0.02,0.01,0.02,0.0000,0.01,0.01,0.02*6E
$GPGST,033901.40,0.02,0.01,0.02,0.0000,0.01,0.01,0.02*68
$GPGST,033901.60,0.02,0.01,0.02,0.0000,0.01,0.01,0.02*6A
$GPGST,033901.80,0.02,0.01,0.02,0.0000,0.01,0.01,0.02*64
$GPGST,033902.00,0.02,0.01,0.02,0.0000,0.01,0.01,0.02*6F
$GPGST,033902.20,0.02,0.01,0.02,0.0000,0.01,0.01,0.02*6D
$GPGST,033902.40,0.02,0.01,0.02,0.0000,0.01,0.01,0.02*6B
$GPGST,033902.60,0.02,0.01,0.02,0.0000,0.01,0.01,0.02*69
$GPGST,033902.80,0.02,0.01,0.02,0.0000,0.01,0.01,0.02*67
$GPGST,033903.00,0.02,0.01,0.02,0.0000,0.01,0.01,0.02*6E
$GPGST,033903.20,0.02,0.01,0.02,0.0000,0.01,0.01,0.02*6C
$GPGST,033903.40,0.02,0.01,0.02,0.0000,0.01,0.01,0.02*6A
$GPGST,033903.60,0.02,0.01,0.02,0.0000,0.01,0.01,0.02*68
$GPGST,033903.80,0.02,0.01,0.02,0.0000,0.01,0.01,0.02*66
$GPGST,033904.00,0.02,0.01,0.02,0.0000,0.01,0.01,0.02*69
$GPGST,033904.20,0.02,0.01,0.02,0.0000,0.01,0.01,0.02*6B
$GPGST,033904.40,0.02,0.01,0.02,0.0000,0.01,0.01,0.02*6D
$GPGST,033904.60,0.02,0.01,0.02,0.0000,0.01,0.01,0.02*6F
$GPGST,033904.80,0.02,0.01,0.02,0.0000,0.01,0.01,0.02*61
$GPGST,033905.00,0.02,0.01,0.02,0.0000,0.01,0.01,0.02*68
$GPGST,033905.20,0.02,0.01,0.02,0.0000,0.01,0.01,0.02*6A
$GPGST,033905.40,0.02,0.01,0.02,0.0000,0.01,0.01,0.02*6C
$GPGST,033905.60,0.02,0.01,0.02,0.0000,0.01,0.01,0.02*6E
$GPGST,033905.80,0.02,0.01,0.02,0.0000,0.01,0.01,0.02*60
$GPGST,033906.00,0.02,0.01,0.02,0.0000,0.01,0.01,0.02*6B
$GPGST,033906.20,0.02,0.01,0.02,0.0000,0.01,0.01,0.02*69
$GPGST,033906.40,0.02,0.01,0.02,0.0000,0.01,0.01,0.02*6F
$GPGST,033906.60,0.02,0.01,0.02,0.0000,0.01,0.01,0.02*6D
$GPGST,033906.80,0.02,0.01,0.02,0.0000,0.01,0.01,0.02*63
$GPGST,033907.00,0.02,0.01,0.02,0.0000,0.01,0.01,0.02*6A
$GPGST,033907.20,0.02,0.01,0.02,0.0000,0.01,0.01,0.02*68
$GPGST,033907.40,0.02,0.01,0.02,0.0000,0.01,0.01,0.02*6E
$GPGST,033907.60,0.02,0.01,0.02,0.0000,0.01,0.01,0.02*6C
$GPGST,033907.80,0.02,0.01,0.02,0.0000,0.01,0.01,0.02*62
$GPGST,033908.00,0.02,0.01,0.02,0.0000,0.01,0.01,0.02*65
$GPGST,033908.20,0.02,0.01,0.02,0.0000,0.01,0.01,0.02*67
$GPGST,033908.40,0.02,0.01,0.02,0.0000,0.01,0.01,0.02*61
$GPGST,033908.60,0.02,0.01,0.02,0.0000,0.01,0.01,0.02*63
$GPGST,033908.80,0.02,0.01,0.02,0.0000,0.01,0.01,0.02*6D
$GPGST,033909.00,0.02,0.01,0.02,0.0000,0.01,0.01,0.02*64
$GPGST,033909.20,0.02,0.01,0.02,0.0000,0.01,0.01,0.02*66
$GPGST,033909.40,0.02,0.01,0.02,0.0000,0.01,0.01,0.02*60
$GPGST,033909.60,0.02,0.01,0.02,0.0000,0.01,0.01,0.02*62
$GPGST,033909.80,0.02,0.01,0.02,0.0000,0.01,0.01,0.02*6C
$GPGST,033910.00,0.02,0.01,0.02,0.0000,0.01,0.01,0.02*6C
$GPGST,033910.20,0.02,0.01,0.02,0.0000,0.01,0.01,0.02*6E
$GPGST,033910.40,0.02,0.01,0.02,0.0000,0.01,0.01,0.02*68
$GPGST,033910.60,0.02,0.01,0.02,0.0000,0.01,0.01,0.02*6A
$GPGST,033910.80,0.02,0.01,0.02,0.0000,0.01,0.01,0.02*64
$GPGST,033911.00,0.02,0.01,0.02,0.0000,0.01,0.01,0.02*6D
$GPGST,033911.20,0.02,0.01,0.02,0.0000,0.01,0.01,0.02*6F
$GPGST,033911.40,0.02,0.01,0.02,0.0000,0.01,0.01,0.02*69
$GPGST,033911.60,0.02,0.01,0.02,0.0000,0.01,0.01,0.02*6B
$GPGST,033911.80,0.02,0.01,0.02,0.0000,0.01,0.01,0.02*65
$GPGST,033912.00,0.02,0.01,0.02,0.0000,0.01,0.01,0.02*6E
$GPGST,033912.20,0.02,0.01,0.02,0.0000,0.01,0.01,0.02*6C
$GPGST,033912.40,0.02,0.01,0.02,0.0000,0.01,0.01,0.02*6A
$GPGST,033912.60,0.02,0.01,0.02,0.0000,0.01,0.01,0.02*68
$GPGST,033912.80,0.02,0.01,0.02,0.0000,0.01,0.01,0.02*66
$GPGST,033913.00,0.02,0.01,0.02,0.0000,0.01,0.01,0.02*6F
$GPGST,033913.20,0.02,0.01,0.02,0.0000,0.01,0.01,0.02*6D
$GPGST,033913.40,0.02,0.01,0.02,0.0000,0.01,0.01,0.02*6B
$GPGST,033913.60,0.02,0.01,0.02,0.0000,0.01,0.01,0.02*69
$GPGST,033913.80,0.02,0.01,0.02,0.0000,0.01,0.01,0.02*67
$GPGST,033914.00,0.02,0.01,0.02,0.0000,0.01,0.01,0.02*68
$GPGST,033914.20,0.02,0.01,0.02,0.0000,0.01,0.01,0.02*6A
$GPGST,033914.40,0.02,0.01,0.02,0.0000,0.01,0.01,0.02*6C
$GPGST,033914.60,0.02,0.01,0.02,0.0000,0.01,0.01,0.02*6E
$GPGST,033914.80,0.02,0.01,0.02,0.0000,0.01,0.01,0.02*60
$GPGST,033915.00,0.02,0.01,0.02,0.0000,0.01,0.01,0.02*69
$GPGST,033915.20,0.02,0.01,0.02,0.0000,0.01,0.01,0.02*6B
$GPGST,033915.40,0.02,0.01,0.02,0.0000,0.01,0.01,0.02*6D
$GPGST,033915.60,0.02,0.01,0.02,0.0000,0.01,0.01,0.02*6F
$GPGST,033915.80,0.02,0.01,0.02,0.0000,0.01,0.01,0.02*61
$GPGST,033916.00,0.02,0.01,0.02,0.0000,0.01,0.01,0.02*6A
$GPGST,033916.20,0.02,0.01,0.02,0.0000,0.01,0.01,0.02*68
$GPGST,033916.40,0.02,0.01,0.02,0.0000,0.01,0.01,0.02*6E
$GPGST,033916.60,0.02,0.01,0.02,0.0000,0.01,0.01,0.02*6C
$GPGST,033916.80,0.02,0.01,0.02,0.0000,0.01,0.01,0.02*62
$GPGST,033917.00,0.02,0.01,0.02,0.0000,0.01,0.01,0.02*6B
$GPGST,033917.20,0.02,0.01,0.02,0.0000,0.01,0.01,0.02*69
$GPGST,033917.40,0.02,0.01,0.02,0.0000,0.01,0.01,0.02*6F
$GPGST,033917.60,0.02,0.01,0.02,0.0000,0.01,0.01,0.02*6D
$GPGST,033917.80,0.02,0.01,0.02,0.0000,0.01,0.01,0.02*63
$GPGST,033918.00,0.02,0.01,0.02,0.0000,0.01,0.01,0.02*64
$GPGST,033918.20,0.02,0.01,0.02,0.0000,0.01,0.01,0.02*66
$GPGST,033918.40,0.02,0.01,0.02,0.0000,0.01,0.01,0.02*60
$GPGST,033918.60,0.02,0.01,0.02,0.0000,0.01,0.01,0.02*62
$GPGST,033918.80,0.02,0.01,0.02,0.0000,0.01,0.01,0.02*6C
$GPGST,033919.00,0.02,0.01,0.02,0.0000,0.01,0.01,0.02*65
$GPGST,033919.20,0.02,0.01,0.02,0.0000,0.01,0.01,0.02*67
$GPGST,033919.40,0.02,0.01,0.02,0.0000,0.01,0.01,0.02*61
$GPGST,033919.60,0.02,0.01,0.02,0.0000,0.01,0.01,0.02*63
$GPGST,033919.80,0.02,0.01,0.02,0.0000,0.01,0.01,0.02*6D
$GPGST,033920.00,0.02,0.01,0.02,0.0000,0.01,0.01,0.02*6F
$GPGST,033920.20,0.02,0.01,0.02,0.0000,0.01,0.01,0.02*6D
$GPGST,033920.40,0.02,0.01,0.02,0.0000,0.01,0.01,0.02*6B
$GPGST,033920.60,0.02,0.01,0.02,0.0000,0.01,0.01,0.02*69
$GPGST,033920.80,0.02,0.01,0.02,0.0000,0.01,0.01,0.02*67
$GPGST,033921.00,0.02,0.01,0.02,0.0000,0.01,0.01,0.02*6E
$GPGST,033921.20,0.02,0.01,0.02,0.0000,0.01,0.01,0.02*6C
$GPGST,033921.40,0.02,0.01,0.02,0.0000,0.01,0.01,0.02*6A
$GPGST,033921.60,0.02,0.01,0.02,0.0000,0.01,0.01,0.02*68
$GPGST,033921.80,0.02,0.01,0.02,0.0000,0.01,0.01,0.02*66
$GPGST,033922.00,0.02,0.01,0.02,0.0000,0.01,0.01,0.02*6D
$GPGST,033922.20,0.02,0.01,0.02,0.0000,0.01,0.01,0.02*6F
$GPGST,033922.40,0.02,0.01,0.02,0.0000,0.01,0.01,0.02*69
$GPGST,033922.60,0.02,0.01,0.02,0.0000,0.01,0.01,0.02*6B
$GPGST,033922.80,0.02,0.01,0.02,0.0000,0.01,0.01,0.02*65
$GPGST,033923.00,0.02,0.01,0.02,0.0000,0.01,0.01,0.02*6C
$GPGST,033923.20,0.02,0.01,0.02,0.0000,0.01,0.01,0.02*6E
$GPGST,033923.40,0.02,0.01,0.02,0.0000,0.01,0.01,0.02*68
$GPGST,033923.60,0.02,0.01,0.02,0.0000,0.01,0.01,0.02*6A
$GPGST,033923.80,0.02,0.01,0.02,0.0000,0.01,0.01,0.02*64
$GPGST,033924.00,0.02,0.01,0.02,0.0000,0.01,0.01,0.02*6B
$GPGST,033924.20,0.02,0.01,0.02,0.0000,0.01,0.01,0.02*69
$GPGST,033924.40,0.02,0.01,0.02,0.0000,0.01,0.01,0.02*6F
$GPGST,033924.60,0.02,0.01,0.02,0.0000,0.01,0.01,0.02*6D
$GPGST,033924.80,0.02,0.01,0.02,0.0000,0.01,0.01,0.02*63
$GPGST,033925.00,0.02,0.01,0.02,0.0000,0.01,0.01,0.02*6A
$GPGST,033925.20,0.02,0.01,0.02,0.0000,0.01,0.01,0.02*68
$GPGST,033925.40,0.02,0.01,0.02,0.0000,0.01,0.01,0.02*6E
$GPGST,033925.60,0.02,0.01,0.02,0.0000,0.01,0.01,0.02*6C
$GPGST,033925.80,0.02,0.01,0.02,0.0000,0.01,0.01,0.02*62
$GPGST,033926.00,0.02,0.01,0.02,0.0000,0.01,0.01,0.02*69
$GPGST,033926.20,0.02,0.01,0.02,0.0000,0.01,0.01,0.02*6B
$GPGST,033926.40,0.02,0.01,0.02,0.0000,0.01,0.01,0.02*6D
$GPGST,033926.60,0.02,0.01,0.02,0.0000,0.01,0.01,0.02*6F
$GPGST,033926.80,0.02,0.01,0.02,0.0000,0.01,0.01,0.02*61
$GPGST,033927.00,0.02,0.01,0.02,0.0000,0.01,0.01,0.02*68
$GPGST,033927.20,0.02,0.01,0.02,0.0000,0.01,0.01,0.02*6A
$GPGST,033927.40,0.02,0.01,0.02,0.0000,0.01,0.01,0.02*6C
$GPGST,033927.60,0.02,0.01,0.02,0.0000,0.01,0.01,0.02*6E
$GPGST,033927.80,0.02,0.01,0.02,0.0000,0.01,0.01,0.02*60
$GPGST,033928.00,0.02,0.01,0.02,0.0000,0.01,0.01,0.02*67
$GPGST,033928.20,0.02,0.01,0.02,0.0000,0.01,0.01,0.02*65
$GPGST,033928.40,0.02,0.01,0.02,0.0000,0.01,0.01,0.02*63
$GPGST,033928.60,0.02,0.01,0.02,0.0000,0.01,0.01,0.02*61
$GPGST,033928.80,0.02,0.01,0.02,0.0000,0.01,0.01,0.02*6F
$GPGST,033929.00,0.02,0.01,0.02,0.0000,0.01,0.01,0.02*66
$GPGST,033929.20,0.02,0.01,0.02,0.0000,0.01,0.01,0.02*64
$GPGST,033929.40,0.02,0.01,0.02,0.0000,0.01,0.01,0.02*62
$GPGST,033929.60,0.02,0.01,0.02,0.0000,0.01,0.01,0.02*60
$GPGST,033929.80,0.02,0.01,0.02,0.0000,0.01,0.01,0.02*6E
$GPGST,033930.00,0.02,0.01,0.02,0.0000,0.01,0.01,0.02*6E
$GPGST,033930.20,0.02,0.01,0.02,0.0000,0.01,0.01,0.02*6C
$GPGST,033930.40,0.02,0.01,0.02,0.0000,0.01,0.01,0.02*6A
$GPGST,033930.60,0.02,0.01,0.02,0.0000,0.01,0.01,0.02*68
$GPGST,033930.80,0.02,0.01,0.02,0.0000,0.01,0.01,0.02*66
$GPGST,033931.00,0.02,0.01,0.02,0.0000,0.01,0.01,0.02*6F
$GPGST,033931.20,0.02,0.01,0.02,0.0000,0.01,0.01,0.02*6D
$GPGST,033931.40,0.02,0.01,0.02,0.0000,0.01,0.01,0.02*6B
$GPGST,033931.60,0.02,0.01,0.02,0.0000,0.01,0.01,0.02*69
$GPGST,033931.80,0.02,0.01,0.02,0.0000,0.01,0.01,0.02*67
$GPGST,033932.00,0.02,0.01,0.02,0.0000,0.01,0.01,0.02*6C
$GPGST,033932.20,0.02,0.01,0.02,0.0000,0.01,0.01,0.02*6E
$GPGST,033932.40,0.02,0.01,0.02,0.0000,0.01,0.01,0.02*68
$GPGST,033932.60,0.02,0.01,0.02,0.0000,0.01,0.01,0.02*6A
$GPGST,033932.80,0.02,0.01,0.02,0.0000,0.01,0.01,0.02*64
$GPGST,033933.00,0.02,0.01,0.02,0.0000,0.01,0.01,0.02*6D
$GPGST,033933.20,0.02,0.01,0.02,0.0000,0.01,0.01,0.02*6F
$GPGST,033933.40,0.02,0.01,0.02,0.0000,0.01,0.01,0.02*69
$GPGST,033933.60,0.02,0.01,0.02,0.0000,0.01,0.01,0.02*6B
$GPGST,033933.80,0.02,0.01,0.02,0.0000,0.01,0.01,0.02*65
$GPGST,033934.00,0.02,0.01,0.02,0.0000,0.01,0.01,0.02*6A
$GPGST,033934.20,0.02,0.01,0.02,0.0000,0.01,0.01,0.02*68
$GPGST,033934.40,0.02,0.01,0.02,0.0000,0.01,0.01,0.02*6E
$GPGST,033934.60,0.02,0.01,0.02,0.0000,0.01,0.01,0.02*6C
$GPGST,033934.80,0.02,0.01,0.02,0.0000,0.01,0.01,0.02*62
$GPGST,033935.00,0.02,0.01,0.02,0.0000,0.01,0.01,0.02*6B
$GPGST,033935.20,0.02,0.01,0.02,0.0000,0.01,0.01,0.02*69
$GPGST,033935.40,0.02,0.01,0.02,0.0000,0.01,0.01,0.02*6F
$GPGST,033935.60,0.02,0.01,0.02,0.0000,0.01,0.01,0.02*6D
$GPGST,033935.80,0.02,0.01,0.02,0.0000,0.01,0.01,0.02*63
$GPGST,033936.00,0.02,0.01,0.02,0.0000,0.01,0.01,0.02*68
$GPGST,033936.20,0.02,0.01,0.02,0.0000,0.01,0.01,0.02*6A
$GPGST,033936.40,0.02,0.01,0.02,0.0000,0.01,0.01,0.02*6C
$GPGST,033936.60,0.02,0.01,0.02,0.0000,0.01,0.01,0.02*6E
$GPGST,033936.80,0.02,0.01,0.02,0.0000,0.01,0.01,0.02*60
$GPGST,033937.00,0.02,0.01,0.02,0.0000,0.01,0.01,0.02*69
$GPGST,033937.20,0.02,0.01,0.02,0.0000,0.01,0.01,0.02*6B
$GPGST,033937.40,0.02,0.01,0.02,0.0000,0.01,0.01,0.02*6D
$GPGST,033937.60,0.02,0.01,0.02,0.0000,0.01,0.01,0.02*6F
$GPGST,033937.80,0.02,0.01,0.02,0.0000,0.01,0.01,0.02*61
$GPGST,033938.00,0.02,0.01,0.02,0.0000,0.01,0.01,0.02*66
$GPGST,033938.20,0.02,0.01,0.02,0.0000,0.01,0.01,0.02*64
$GPGST,033938.40,0.02,0.01,0.02,0.0000,0.01,0.01,0.02*62
$GPGST,033938.60,0.02,0.01,0.02,0.0000,0.01,0.01,0.02*60
$GPGST,033938.80,0.02,0.01,0.02,0.0000,0.01,0.01,0.02*6E
$GPGST,033939.00,0.02,0.01,0.02,0.0000,0.01,0.01,0.02*67
$GPGST,033939.20,0.02,0.01,0.02,0.0000,0.01,0.01,0.02*65
$GPGST,033939.40,0.02,0.01,0.02,0.0000,0.01,0.01,0.02*63
$GPGST,033939.60,0.02,0.01,0.02,0.0000,0.01,0.01,0.02*61
$GPGST,033939.80,0.02,0.01,0.02,0.0000,0.01,0.01,0.02*6F
$GPGST,033940.00,0.02,0.01,0.02,0.0000,0.01,0.01,0.02*69
$GPGST,033940.20,0.02,0.01,0.02,0.0000,0.01,0.01,0.02*6B
$GPGST,033940.40,0.02,0.01,0.02,0.0000,0.01,0.01,0.02*6D
$GPGST,033940.60,0.02,0.01,0.02,0.0000,0.01,0.01,0.02*6F
$GPGST,033940.80,0.02,0.01,0.02,0.0000,0.01,0.01,0.02*61
$GPGST,033941.00,0.02,0.01,0.02,0.0000,0.01,0.01,0.02*68
$GPGST,033941.20,0.02,0.01,0.02,0.0000,0.01,0.01,0.02*6A
$GPGST,033941.40,0.02,0.01,0.02,0.0000,0.01,0.01,0.02*6C
$GPGST,033941.60,0.02,0.01,0.02,0.0000,0.01,0.01,0.02*6E
$GPGST,033941.80,0.02,0.01,0.02,0.0000,0.01,0.01,0.02*60
$GPGST,033942.00,0.02,0.01,0.02,0.0000,0.01,0.01,0.02*6B
$GPGST,033942.20,0.02,0.01,0.02,0.0000,0.01,0.01,0.02*69
$GPGST,033942.40,0.02,0.01,0.02,0.0000,0.01,0.01,0.02*6F
$GPGST,033942.60,0.02,0.01,0.02,0.0000,0.01,0.01,0.02*6D
$GPGST,033942.80,0.02,0.01,0.02,0.0000,0.01,0.01,0.02*63
$GPGST,033943.00,0.02,0.01,0.02,0.0000,0.01,0.01,0.02*6A
$GPGST,033943.20,0.02,0.01,0.02,0.0000,0.01,0.01,0.02*68
$GPGST,033943.40,0.02,0.01,0.02,0.0000,0.01,0.01,0.02*6E
$GPGST,033943.60,0.02,0.01,0.02,0.0000,0.01,0.01,0.02*6C
$GPGST,033943.80,0.02,0.01,0.02,0.0000,0.01,0.01,0.02*62
$GPGST,033944.00,0.02,0.01,0.02,0.0000,0.01,0.01,0.02*6D
$GPGST,033944.20,0.02,0.01,0.02,0.0000,0.01,0.01,0.02*6F
$GPGST,033944.40,0.02,0.01,0.02,0.0000,0.01,0.01,0.02*69
$GPGST,033944.60,0.02,0.01,0.02,0.0000,0.01,0.01,0.02*6B
$GPGST,033944.80,0.02,0.01,0.02,0.0000,0.01,0.01,0.02*65
$GPGST,033945.00,0.02,0.01,0.02,0.0000,0.01,0.01,0.02*6C
$GPGST,033945.20,0.02,0.01,0.02,0.0000,0.01,0.01,0.02*6E
$GPGST,033945.40,0.02,0.01,0.02,0.0000,0.01,0.01,0.02*68
$GPGST,033945.60,0.02,0.01,0.02,0.0000,0.01,0.01,0.02*6A
$GPGST,033945.80,0.02,0.01,0.02,0.0000,0.01,0.01,0.02*64
$GPGST,033946.00,0.02,0.01,0.02,0.0000,0.01,0.01,0.02*6F
$GPGST,033946.20,0.02,0.01,0.02,0.0000,0.01,0.01,0.02*6D
$GPGST,033946.40,0.02,0.01,0.02,0.0000,0.01,0.01,0.02*6B
$GPGST,033946.60,0.02,0.01,0.02,0.0000,0.01,0.01,0.02*69
$GPGST,033946.80,0.02,0.01,0.02,0.0000,0.01,0.01,0.02*67
$GPGST,033947.00,0.02,0.01,0.02,0.0000,0.01,0.01,0.02*6E
$GPGST,033947.20,0.02,0.01,0.02,0.0000,0.01,0.01,0.02*6C
$GPGST,033947.40,0.02,0.01,0.02,0.0000,0.01,0.01,0.02*6A
$GPGST,033947.60,0.02,0.01,0.02,0.0000,0.01,0.01,0.02*68
$GPGST,033947.80,0.02,0.01,0.02,0.0000,0.01,0.01,0.02*66
$GPGST,033948.00,0.02,0.01,0.02,0.0000,0.01,0.01,0.02*61
$GPGST,033948.20,0.02,0.01,0.02,0.0000,0.01,0.01,0.02*63
$GPGST,033948.40,0.02,0.01,0.02,0.0000,0.01,0.01,0.02*65
$GPGST,033948.60,0.02,0.01,0.02,0.0000,0.01,0.01,0.02*67
$GPGST,033948.80,0.02,0.01,0.02,0.0000,0.01,0.01,0.02*69
$GPGST,033949.00,0.02,0.01,0.02,0.0000,0.01,0.01,0.02*60
$GPGST,033949.20,0.02,0.01,0.02,0.0000,0.01,0.01,0.02*62
$GPGST,033949.40,0.02,0.01,0.02,0.0000,0.01,0.01,0.02*64
$GPGST,033949.60,0.02,0.01,0.02,0.0000,0.01,0.01,0.02*66
$GPGST,033949.80,0.02,0.01,0.02,0.0000,0.01,0.01,0.02*68
$GPGST,033950.00,0.02,0.01,0.02,0.0000,0.01,0.01,0.02*68
$GPGST,033950.20,0.02,0.01,0.02,0.0000,0.01,0.01,0.02*6A
$GPGST,033950.40,0.02,0.01,0.02,0.0000,0.01,0.01,0.02*6C
$GPGST,033950.60,0.02,0.01,0.02,0.0000,0.01,0.01,0.02*6E
$GPGST,033950.80,0.02,0.01,0.02,0.0000,0.01,0.01,0.02*60
$GPGST,033951.00,0.02,0.01,0.02,0.0000,0.01,0.01,0.02*69
$GPGST,033951.20,0.02,0.01,0.02,0.0000,0.01,0.01,0.02*6B
$GPGST,033951.40,0.02,0.01,0.02,0.0000,0.01,0.01,0.02*6D
$GPGST,033951.60,0.02,0.01,0.02,0.0000,0.01,0.01,0.02*6F
$GPGST,033951.80,0.02,0.01,0.02,0.0000,0.01,0.01,0.02*61
$GPGST,033952.00,0.02,0.01,0.02,0.0000,0.01,0.01,0.02*6A
$GPGST,033952.20,0.02,0.01,0.02,0.0000,0.01,0.01,0.02*68
$GPGST,033952.40,0.02,0.01,0.02,0.0000,0.01,0.01,0.02*6E
$GPGST,033952.60,0.02,0.01,0.02,0.0000,0.01,0.01,0.02*6C
$GPGST,033952.80,0.02,0.01,0.02,0.0000,0.01,0.01,0.02*62
$GPGST,033953.00,0.02,0.01,0.02,0.0000,0.01,0.01,0.02*6B
$GPGST,033953.20,0.02,0.01,0.02,0.0000,0.01,0.01,0.02*69
$GPGST,033953.40,0.02,0.01,0.02,0.0000,0.01,0.01,0.02*6F
$GPGST,033953.60,0.02,0.01,0.02,0.0000,0.01,0.01,0.02*6D
$GPGST,033953.80,0.02,0.01,0.02,0.0000,0.01,0.01,0.02*63
$GPGST,033954.00,0.02,0.01,0.02,0.0000,0.01,0.01,0.02*6C
$GPGST,033954.20,0.02,0.01,0.02,0.0000,0.01,0.01,0.02*6E
$GPGST,033954.40,0.02,0.01,0.02,0.0000,0.01,0.01,0.02*68
$GPGST,033954.60,0.02,0.01,0.02,0.0000,0.01,0.01,0.02*6A
$GPGST,033954.80,0.02,0.01,0.02,0.0000,0.01,0.01,0.02*64
$GPGST,033955.00,0.02,0.01,0.02,0.0000,0.01,0.01,0.02*6D
$GPGST,033955.20,0.02,0.01,0.02,0.0000,0.01,0.01,0.02*6F
$GPGST,033955.40,0.02,0.01,0.02,0.0000,0.01,0.01,0.02*69
$GPGST,033955.60,0.02,0.01,0.02,0.0000,0.01,0.01,0.02*6B
$GPGST,033955.80,0.02,0.01,0.02,0.0000,0.01,0.01,0.02*65
$GPGST,033956.00,0.02,0.01,0.02,0.0000,0.01,0.01,0.02*6E
$GPGST,033956.20,0.02,0.01,0.02,0.0000,0.01,0.01,0.02*6C
$GPGST,033956.40,0.02,0.01,0.02,0.0000,0.01,0.01,0.02*6A
$GPGST,033956.60,0.02,0.01,0.02,0.0000,0.01,0.01,0.02*68
$GPGST,033956.80,0.02,0.01,0.02,0.0000,0.01,0.01,0.02*66
$GPGST,033957.00,0.02,0.01,0.02,0.0000,0.01,0.01,0.02*6F
$GPGST,033957.20,0.02,0.01,0.02,0.0000,0.01,0.01,0.02*6D
$GPGST,033957.40,0.02,0.01,0.02,0.0000,0.01,0.01,0.02*6B
$GPGST,033957.60,0.02,0.01,0.02,0.0000,0.01,0.01,0.02*69
$GPGST,033957.80,0.02,0.01,0.02,0.0000,0.01,0.01,0.02*67
$GPGST,033958.00,0.02,0.01,0.02,0.0000,0.01,0.01,0.02*60
$GPGST,033958.20,0.02,0.01,0.02,0.0000,0.01,0.01,0.02*62
$GPGST,033958.40,0.02,0.01,0.02,0.0000,0.01,0.01,0.02*64
$GPGST,033958.60,0.02,0.01,0.02,0.0000,0.01,0.01,0.02*66
$GPGST,033958.80,0.02,0.01,0.02,0.0000,0.01,0.01,0.02*68
$GPGST,033959.00,0.02,0.01,0.02,0.0000,0.01,0.01,0.02*61
$GPGST,033959.20,0.02,0.01,0.02,0.0000,0.01,0.01,0.02*63
$GPGST,033959.40,0.02,0.01,0.02,0.0000,0.01,0.01,0.02*65
$GPGST,033959.60,0.02,0.01,0.02,0.0000,0.01,0.01,0.02*67
$GPGST,033959.80,0.02,0.01,0.02,0.0000,0.01,0.01,0.02*69
$GPGST,034000.00,0.02,0.01,0.02,0.0000,0.01,0.01,0.02*63
$GPGST,034000.20,0.02,0.01,0.02,0.0000,0.01,0.01,0.02*61
$GPGST,034000.40,0.02,0.01,0.02,0.0000,0.01,0.01,0.02*67
$GPGST,034000.60,0.02,0.01,0.02,0.0000,0.01,0.01,0.02*65
$GPGST,034000.80,0.02,0.01,0.02,0.0000,0.01,0.01,0.02*6B
$GPGST,034001.00,0.02,0.01,0.02,0.0000,0.01,0.01,0.02*62
$GPGST,034001.20,0.02,0.01,0.02,0.0000,0.01,0.01,0.02*60
$GPGST,034001.40,0.02,0.01,0.02,0.0000,0.01,0.01,0.02*66
$GPGST,034001.60,0.02,0.01,0.02,0.0000,0.01,0.01,0.02*64
$GPGST,034001.80,0.02,0.01,0.02,0.0000,0.01,0.01,0.02*6A
$GPGST,034002.00,0.02,0.01,0.02,0.0000,0.01,0.01,0.02*61
$GPGST,034002.20,0.02,0.01,0.02,0.0000,0.01,0.01,0.02*63
$GPGST,034002.40,0.02,0.01,0.02,0.0000,0.01,0.01,0.02*65
$GPGST,034002.60,0.02,0.01,0.02,0.0000,0.01,0.01,0.02*67
$GPGST,034002.80,0.02,0.01,0.02,0.0000,0.01,0.01,0.02*69
$GPGST,034003.00,0.02,0.01,0.02,0.0000,0.01,0.01,0.02*60
$GPGST,034003.20,0.02,0.01,0.02,0.0000,0.01,0.01,0.02*62
$GPGST,034003.40,0.02,0.01,0.02,0.0000,0.01,0.01,0.02*64
$GPGST,034003.60,0.02,0.01,0.02,0.0000,0.01,0.01,0.02*66
$GPGST,034003.80,0.02,0.01,0.02,0.0000,0.01,0.01,0.02*68
$GPGST,034004.00,0.02,0.01,0.02,0.0000,0.01,0.01,0.02*67
$GPGST,034004.20,0.02,0.01,0.02,0.0000,0.01,0.01,0.02*65
$GPGST,034004.40,0.02,0.02,0.02,0.0000,0.01,0.02,0.02*63
$GPGST,034004.60,0.03,0.02,0.03,0.0000,0.02,0.02,0.03*63
$GPGST,034004.80,0.03,0.02,0.03,0.0000,0.02,0.02,0.03*6D
$GPGST,034005.00,0.03,0.02,0.03,0.0000,0.02,0.02,0.03*64
$GPGST,034005.20,0.03,0.03,0.03,0.0000,0.03,0.03,0.03*67
$GPGST,034005.40,0.03,0.03,0.03,0.0000,0.03,0.03,0.03*61
$GPGST,034005.60,0.04,0.03,0.04,0.0000,0.03,0.03,0.04*64
$GPGST,034005.80,0.04,0.03,0.04,0.0000,0.03,0.03,0.04*6A
$GPGST,034006.00,0.03,0.02,0.03,0.0000,0.02,0.02,0.03*67
$GPGST,034006.20,0.03,0.02,0.03,0.0000,0.02,0.02,0.03*65
$GPGST,034006.40,0.03,0.02,0.03,0.0000,0.02,0.02,0.03*63
$GPGST,034006.60,0.03,0.03,0.03,0.0000,0.03,0.03,0.03*60
$GPGST,034006.80,0.03,0.03,0.03,0.0000,0.03,0.03,0.03*6E
$GPGST,034007.00,0.03,0.02,0.03,0.0000,0.02,0.02,0.03*66
$GPGST,034007.20,0.03,0.02,0.03,0.0000,0.02,0.02,0.03*64
$GPGST,034007.40,0.03,0.02,0.03,0.0000,0.02,0.02,0.03*62
$GPGST,034007.60,0.03,0.03,0.03,0.0000,0.03,0.03,0.03*61
$GPGST,034007.80,0.04,0.03,0.04,0.0000,0.03,0.03,0.04*68
$GPGST,034008.00,0.03,0.02,0.03,0.0000,0.02,0.02,0.03*69
$GPGST,034008.20,0.03,0.02,0.03,0.0000,0.02,0.02,0.03*6B
$GPGST,034008.40,0.03,0.02,0.03,0.0000,0.02,0.02,0.03*6D
$GPGST,034008.60,0.03,0.03,0.03,0.0000,0.02,0.03,0.03*6F
$GPGST,034008.80,0.03,0.03,0.03,0.0000,0.02,0.03,0.03*61
$GPGST,034009.00,0.02,0.01,0.02,0.0000,0.01,0.01,0.02*6A
$GPGST,034009.20,0.02,0.01,0.02,0.0000,0.01,0.01,0.02*68
$GPGST,034009.40,0.03,0.02,0.03,0.0000,0.01,0.02,0.03*6F
$GPGST,034009.60,0.03,0.02,0.03,0.0000,0.01,0.02,0.03*6D
$GPGST,034009.80,0.03,0.02,0.03,0.0000,0.01,0.02,0.03*63
$GPGST,034010.00,0.02,0.01,0.02,0.0000,0.01,0.01,0.02*62
$GPGST,034010.20,0.02,0.01,0.02,0.0000,0.01,0.01,0.02*60
$GPGST,034010.40,0.02,0.01,0.02,0.0000,0.01,0.01,0.02*66
$GPGST,034010.60,0.02,0.01,0.02,0.0000,0.01,0.01,0.02*64
$GPGST,034010.80,0.03,0.02,0.03,0.0000,0.02,0.02,0.03*68
$GPGST,034011.00,0.02,0.01,0.02,0.0000,0.01,0.01,0.02*63
$GPGST,034011.20,0.02,0.02,0.02,0.0000,0.02,0.02,0.02*62
$GPGST,034011.40,0.02,0.02,0.02,0.0000,0.02,0.02,0.02*64
$GPGST,034011.60,0.03,0.02,0.03,0.0000,0.02,0.02,0.03*67
$GPGST,034011.80,0.03,0.02,0.03,0.0000,0.02,0.02,0.03*69
$GPGST,034012.00,0.03,0.02,0.03,0.0000,0.02,0.02,0.03*62
$GPGST,034012.20,0.03,0.02,0.03,0.0000,0.02,0.02,0.03*60
$GPGST,034012.40,0.03,0.02,0.03,0.0000,0.02,0.02,0.03*66
$GPGST,034012.60,0.03,0.02,0.03,0.0000,0.02,0.02,0.03*64
$GPGST,034012.80,0.03,0.02,0.03,0.0000,0.02,0.02,0.03*6A
$GPGST,034013.00,0.02,0.02,0.02,0.0000,0.02,0.02,0.02*62
$GPGST,034013.20,0.03,0.02,0.03,0.0000,0.02,0.02,0.03*61
$GPGST,034013.40,0.03,0.02,0.03,0.0000,0.02,0.02,0.03*67
$GPGST,034013.60,0.03,0.02,0.03,0.0000,0.02,0.02,0.03*65
$GPGST,034013.80,0.03,0.02,0.03,0.0000,0.02,0.02,0.03*6B
$GPGST,034014.00,0.03,0.02,0.03,0.0000,0.02,0.02,0.03*64
$GPGST,034014.20,0.03,0.02,0.03,0.0000,0.02,0.02,0.03*66
$GPGST,034014.40,0.03,0.02,0.03,0.0000,0.02,0.02,0.03*60
$GPGST,034014.60,0.03,0.02,0.03,0.0000,0.02,0.02,0.03*62
$GPGST,034014.80,0.03,0.03,0.03,0.0000,0.03,0.03,0.03*6D
$GPGST,034015.00,0.03,0.02,0.03,0.0000,0.02,0.02,0.03*65
$GPGST,034015.20,0.03,0.02,0.03,0.0000,0.02,0.02,0.03*67
$GPGST,034015.40,0.03,0.02,0.03,0.0000,0.02,0.02,0.03*61
$GPGST,034015.60,0.03,0.03,0.03,0.0000,0.03,0.03,0.03*62
$GPGST,034015.80,0.03,0.03,0.03,0.0000,0.03,0.03,0.03*6C
$GPGST,034016.00,0.03,0.02,0.03,0.0000,0.02,0.02,0.03*66
$GPGST,034016.20,0.03,0.02,0.03,0.0000,0.02,0.02,0.03*64
$GPGST,034016.40,0.03,0.02,0.03,0.0000,0.02,0.02,0.03*62
$GPGST,034016.60,0.03,0.03,0.03,0.0000,0.03,0.03,0.03*61
$GPGST,034016.80,0.04,0.03,0.04,0.0000,0.03,0.03,0.04*68
$GPGST,034017.00,0.04,0.03,0.04,0.0000,0.03,0.03,0.04*61
$GPGST,034017.20,0.04,0.03,0.04,0.0000,0.03,0.03,0.04*63
$GPGST,034017.40,0.04,0.04,0.04,0.0000,0.04,0.04,0.04*62
$GPGST,034017.60,0.04,0.04,0.04,0.0000,0.04,0.04,0.04*60
$GPGST,034017.80,0.04,0.04,0.04,0.0000,0.04,0.04,0.04*6E
$GPGST,034018.00,0.03,0.03,0.03,0.0000,0.03,0.02,0.03*68
$GPGST,034018.20,0.03,0.03,0.03,0.0000,0.03,0.03,0.03*6B
$GPGST,034018.40,0.03,0.03,0.03,0.0000,0.03,0.03,0.03*6D
$GPGST,034018.60,0.04,0.03,0.04,0.0000,0.03,0.03,0.04*68
$GPGST,034018.80,0.04,0.03,0.04,0.0000,0.03,0.03,0.04*66
$GPGST,034019.00,0.04,0.03,0.04,0.0000,0.03,0.03,0.04*6F
$GPGST,034019.20,0.04,0.04,0.04,0.0000,0.04,0.04,0.04*6A
$GPGST,034019.40,0.04,0.04,0.04,0.0000,0.04,0.04,0.04*6C
$GPGST,034019.60,0.04,0.04,0.04,0.0000,0.04,0.04,0.04*6E
$GPGST,034019.80,0.05,0.04,0.05,0.0000,0.04,0.04,0.05*61
$GPGST,034020.00,0.03,0.03,0.03,0.0000,0.03,0.03,0.03*62
$GPGST,034020.20,0.04,0.03,0.04,0.0000,0.03,0.03,0.04*67
$GPGST,034020.40,0.04,0.03,0.04,0.0000,0.03,0.03,0.04*61
$GPGST,034020.60,0.04,0.03,0.04,0.0000,0.03,0.03,0.04*63
$GPGST,034020.80,0.04,0.03,0.04,0.0000,0.03,0.03,0.04*6D
$GPGST,034021.00,0.03,0.02,0.03,0.0000,0.02,0.02,0.03*62
$GPGST,034021.20,0.03,0.02,0.03,0.0000,0.02,0.02,0.03*60
$GPGST,034021.40,0.03,0.03,0.03,0.0000,0.03,0.03,0.03*67
$GPGST,034021.60,0.03,0.03,0.03,0.0000,0.03,0.03,0.03*65
$GPGST,034021.80,0.04,0.03,0.04,0.0000,0.03,0.03,0.04*6C
$GPGST,034022.00,0.03,0.02,0.03,0.0000,0.02,0.02,0.03*61
$GPGST,034022.20,0.03,0.02,0.03,0.0000,0.02,0.02,0.03*63
$GPGST,034022.40,0.03,0.02,0.03,0.0000,0.02,0.02,0.03*65
$GPGST,034022.60,0.03,0.02,0.03,0.0000,0.02,0.02,0.03*67
$GPGST,034022.80,0.03,0.02,0.03,0.0000,0.02,0.02,0.03*69
$GPGST,034023.00,0.03,0.02,0.03,0.0000,0.02,0.02,0.03*60
$GPGST,034023.20,0.03,0.02,0.03,0.0000,0.02,0.02,0.03*62
$GPGST,034023.40,0.03,0.02,0.03,0.0000,0.02,0.02,0.03*64
$GPGST,034023.60,0.03,0.02,0.03,0.0000,0.02,0.02,0.03*66
$GPGST,034023.80,0.03,0.02,0.03,0.0000,0.02,0.02,0.03*68
$GPGST,034024.00,0.03,0.02,0.03,0.0000,0.02,0.02,0.03*67
$GPGST,034024.20,0.03,0.02,0.03,0.0000,0.02,0.02,0.03*65
$GPGST,034024.40,0.03,0.02,0.03,0.0000,0.02,0.02,0.03*63
$GPGST,034024.60,0.03,0.02,0.03,0.0000,0.02,0.02,0.03*61
$GPGST,034024.80,0.04,0.03,0.04,0.0000,0.03,0.03,0.04*69
$GPGST,034025.00,0.03,0.02,0.03,0.0000,0.02,0.02,0.03*66
$GPGST,034025.20,0.03,0.02,0.03,0.0000,0.02,0.02,0.03*64
$GPGST,034025.40,0.03,0.02,0.03,0.0000,0.02,0.02,0.03*62
$GPGST,034025.60,0.03,0.03,0.03,0.0000,0.03,0.03,0.03*61
$GPGST,034025.80,0.03,0.03,0.03,0.0000,0.03,0.03,0.03*6F
$GPGST,034026.00,0.03,0.02,0.03,0.0000,0.02,0.02,0.03*65
$GPGST,034026.20,0.03,0.02,0.03,0.0000,0.02,0.02,0.03*67
$GPGST,034026.40,0.03,0.02,0.03,0.0000,0.02,0.02,0.03*61
$GPGST,034026.60,0.03,0.02,0.03,0.0000,0.02,0.02,0.03*63
$GPGST,034026.80,0.03,0.02,0.03,0.0000,0.02,0.02,0.03*6D
$GPGST,034027.00,0.02,0.01,0.02,0.0000,0.01,0.01,0.02*66
$GPGST,034027.20,0.02,0.01,0.02,0.0000,0.01,0.01,0.02*64
$GPGST,034027.40,0.03,0.02,0.03,0.0000,0.02,0.02,0.03*60
$GPGST,034027.60,0.03,0.02,0.03,0.0000,0.02,0.02,0.03*62
$GPGST,034027.80,0.03,0.02,0.03,0.0000,0.02,0.02,0.03*6C
$GPGST,034028.00,0.03,0.02,0.03,0.0000,0.02,0.02,0.03*6B
$GPGST,034028.20,0.03,0.02,0.03,0.0000,0.02,0.02,0.03*69
$GPGST,034028.40,0.03,0.03,0.03,0.0000,0.03,0.03,0.03*6E
$GPGST,034028.60,0.03,0.03,0.03,0.0000,0.03,0.03,0.03*6C
$GPGST,034028.80,0.04,0.03,0.04,0.0000,0.03,0.03,0.04*65
$GPGST,034029.00,0.03,0.02,0.03,0.0000,0.02,0.02,0.03*6A
$GPGST,034029.20,0.03,0.02,0.03,0.0000,0.02,0.02,0.03*68
$GPGST,034029.40,0.03,0.03,0.03,0.0000,0.03,0.03,0.03*6F
$GPGST,034029.60,0.03,0.03,0.03,0.0000,0.03,0.03,0.03*6D
$GPGST,034029.80,0.03,0.03,0.03,0.0000,0.03,0.03,0.03*63
$GPGST,034030.00,0.03,0.02,0.03,0.0000,0.02,0.02,0.03*62
$GPGST,034030.20,0.03,0.02,0.03,0.0000,0.02,0.02,0.03*60
$GPGST,034030.40,0.03,0.02,0.03,0.0000,0.02,0.02,0.03*66
$GPGST,034030.60,0.03,0.03,0.03,0.0000,0.03,0.03,0.03*65
$GPGST,034030.80,0.03,0.03,0.03,0.0000,0.03,0.03,0.03*6B
$GPGST,034031.00,0.03,0.02,0.03,0.0000,0.02,0.02,0.03*63
$GPGST,034031.20,0.03,0.02,0.03,0.0000,0.02,0.02,0.03*61
$GPGST,034031.40,0.03,0.02,0.03,0.0000,0.02,0.02,0.03*67
$GPGST,034031.60,0.03,0.03,0.03,0.0000,0.02,0.03,0.03*65
$GPGST,034031.80,0.04,0.03,0.04,0.0000,0.03,0.03,0.04*6D
$GPGST,034032.00,0.03,0.02,0.03,0.0000,0.02,0.02,0.03*60
$GPGST,034032.20,0.03,0.03,0.03,0.0000,0.03,0.03,0.03*63
$GPGST,034032.40,0.03,0.03,0.03,0.0000,0.03,0.03,0.03*65
$GPGST,034032.60,0.04,0.03,0.04,0.0000,0.03,0.03,0.04*60
$GPGST,034032.80,0.04,0.03,0.04,0.0000,0.03,0.03,0.04*6E
$GPGST,034033.00,0.03,0.03,0.03,0.0000,0.03,0.03,0.03*60
$GPGST,034033.20,0.04,0.03,0.04,0.0000,0.03,0.03,0.04*65
$GPGST,034033.40,0.04,0.03,0.04,0.0000,0.03,0.03,0.04*63
$GPGST,034033.60,0.04,0.04,0.04,0.0000,0.04,0.04,0.04*66
$GPGST,034033.80,0.04,0.04,0.04,0.0000,0.04,0.04,0.04*68
$GPGST,034034.00,0.03,0.03,0.03,0.0000,0.03,0.03,0.03*67
$GPGST,034034.20,0.04,0.03,0.04,0.0000,0.03,0.03,0.04*62
$GPGST,034034.40,0.04,0.03,0.04,0.0000,0.03,0.03,0.04*64
$GPGST,034034.60,0.04,0.04,0.04,0.0000,0.04,0.04,0.04*61
$GPGST,034034.80,0.04,0.04,0.04,0.0000,0.04,0.04,0.04*6F
$GPGST,034035.00,0.03,0.03,0.03,0.0000,0.03,0.03,0.03*66
$GPGST,034035.20,0.04,0.03,0.04,0.0000,0.03,0.03,0.04*63
$GPGST,034035.40,0.04,0.03,0.04,0.0000,0.03,0.03,0.04*65
$GPGST,034035.60,0.04,0.03,0.04,0.0000,0.03,0.03,0.04*67
$GPGST,034035.80,0.04,0.04,0.04,0.0000,0.03,0.04,0.04*69
$GPGST,034036.00,0.03,0.03,0.03,0.0000,0.02,0.03,0.03*64
$GPGST,034036.20,0.03,0.03,0.03,0.0000,0.03,0.03,0.03*67
$GPGST,034036.40,0.04,0.03,0.04,0.0000,0.03,0.03,0.04*66
$GPGST,034036.60,0.04,0.03,0.04,0.0000,0.03,0.03,0.04*64
$GPGST,034036.80,0.04,0.03,0.04,0.0000,0.03,0.03,0.04*6A
$GPGST,034037.00,0.03,0.03,0.03,0.0000,0.03,0.03,0.03*64
$GPGST,034037.20,0.04,0.03,0.04,0.0000,0.03,0.03,0.04*61
$GPGST,034037.40,0.04,0.03,0.04,0.0000,0.03,0.03,0.04*67
$GPGST,034037.60,0.04,0.03,0.04,0.0000,0.03,0.03,0.04*65
$GPGST,034037.80,0.04,0.03,0.04,0.0000,0.03,0.03,0.04*6B
$GPGST,034038.00,0.03,0.03,0.03,0.0000,0.02,0.03,0.03*6A
$GPGST,034038.20,0.04,0.03,0.04,0.0000,0.03,0.03,0.04*6E
$GPGST,034038.40,0.04,0.03,0.04,0.0000,0.03,0.03,0.04*68
$GPGST,034038.60,0.04,0.03,0.04,0.0000,0.03,0.03,0.04*6A
$GPGST,034038.80,0.04,0.03,0.04,0.0000,0.03,0.03,0.04*64
$GPGST,034039.00,0.03,0.02,0.03,0.0000,0.02,0.02,0.03*6B
$GPGST,034039.20,0.03,0.02,0.03,0.0000,0.02,0.02,0.03*69
$GPGST,034039.40,0.03,0.03,0.03,0.0000,0.03,0.03,0.03*6E
$GPGST,034039.60,0.03,0.03,0.03,0.0000,0.03,0.03,0.03*6C
$GPGST,034039.80,0.03,0.03,0.03,0.0000,0.03,0.03,0.03*62
$GPGST,034040.00,0.03,0.01,0.03,0.0000,0.01,0.01,0.03*66
$GPGST,034040.20,0.03,0.02,0.03,0.0000,0.01,0.02,0.03*64
$GPGST,034040.40,0.03,0.02,0.03,0.0000,0.02,0.02,0.03*61
$GPGST,034040.60,0.03,0.02,0.03,0.0000,0.02,0.02,0.03*63
$GPGST,034040.80,0.03,0.02,0.03,0.0000,0.02,0.02,0.03*6D
$GPGST,034041.00,0.02,0.01,0.02,0.0000,0.01,0.01,0.02*66
$GPGST,034041.20,0.02,0.01,0.02,0.0000,0.01,0.01,0.02*64
$GPGST,034041.40,0.02,0.01,0.02,0.0000,0.01,0.01,0.02*62
$GPGST,034041.60,0.02,0.01,0.02,0.0000,0.01,0.01,0.02*60
$GPGST,034041.80,0.02,0.01,0.02,0.0000,0.01,0.01,0.02*6E
$GPGST,034042.00,0.02,0.01,0.02,0.0000,0.01,0.01,0.02*65
$GPGST,034042.20,0.02,0.01,0.02,0.0000,0.01,0.01,0.02*67
$GPGST,034042.40,0.02,0.01,0.02,0.0000,0.01,0.01,0.02*61
$GPGST,034042.60,0.02,0.01,0.02,0.0000,0.01,0.01,0.02*63
$GPGST,034042.80,0.03,0.01,0.03,0.0000,0.01,0.01,0.03*6C
$GPGST,034043.00,0.02,0.02,0.02,0.0000,0.02,0.02,0.02*67
$GPGST,034043.20,0.03,0.02,0.03,0.0000,0.02,0.02,0.03*64
$GPGST,034043.40,0.03,0.02,0.03,0.0000,0.02,0.02,0.03*62
$GPGST,034043.60,0.03,0.02,0.03,0.0000,0.02,0.02,0.03*60
$GPGST,034043.80,0.03,0.02,0.03,0.0000,0.02,0.02,0.03*6E
$GPGST,034044.00,0.03,0.02,0.03,0.0000,0.02,0.02,0.03*61
$GPGST,034044.20,0.03,0.03,0.03,0.0000,0.03,0.03,0.03*62
$GPGST,034044.40,0.03,0.03,0.03,0.0000,0.03,0.03,0.03*64
$GPGST,034044.60,0.04,0.03,0.04,0.0000,0.03,0.03,0.04*61
$GPGST,034044.80,0.04,0.03,0.04,0.0000,0.03,0.03,0.04*6F
$GPGST,034045.00,0.03,0.02,0.03,0.0000,0.02,0.02,0.03*60
$GPGST,034045.20,0.03,0.02,0.03,0.0000,0.02,0.02,0.03*62
$GPGST,034045.40,0.03,0.02,0.03,0.0000,0.02,0.02,0.03*64
$GPGST,034045.60,0.03,0.03,0.03,0.0000,0.03,0.03,0.03*67
$GPGST,034045.80,0.03,0.03,0.03,0.0000,0.03,0.03,0.03*69
$GPGST,034046.00,0.03,0.02,0.03,0.0000,0.02,0.02,0.03*63
$GPGST,034046.20,0.03,0.03,0.03,0.0000,0.03,0.03,0.03*60
$GPGST,034046.40,0.03,0.03,0.03,0.0000,0.03,0.03,0.03*66
$GPGST,034046.60,0.04,0.03,0.04,0.0000,0.03,0.03,0.04*63
$GPGST,034046.80,0.04,0.03,0.04,0.0000,0.03,0.03,0.04*6D
$GPGST,034047.00,0.03,0.02,0.03,0.0000,0.02,0.02,0.03*62
$GPGST,034047.20,0.03,0.02,0.03,0.0000,0.02,0.02,0.03*60
$GPGST,034047.40,0.03,0.03,0.03,0.0000,0.03,0.03,0.03*67
$GPGST,034047.60,0.03,0.03,0.03,0.0000,0.03,0.03,0.03*65
$GPGST,034047.80,0.04,0.03,0.04,0.0000,0.03,0.03,0.04*6C
$GPGST,034048.00,0.03,0.02,0.03,0.0000,0.02,0.02,0.03*6D
$GPGST,034048.20,0.03,0.02,0.03,0.0000,0.02,0.02,0.03*6F
$GPGST,034048.40,0.03,0.03,0.03,0.0000,0.03,0.03,0.03*68
$GPGST,034048.60,0.04,0.03,0.04,0.0000,0.03,0.03,0.04*6D
$GPGST,034048.80,0.04,0.03,0.04,0.0000,0.03,0.03,0.04*63
$GPGST,034049.00,0.04,0.03,0.04,0.0000,0.03,0.03,0.04*6A
$GPGST,034049.20,0.04,0.03,0.04,0.0000,0.03,0.03,0.04*68
$GPGST,034049.40,0.04,0.03,0.04,0.0000,0.03,0.03,0.04*6E
$GPGST,034049.60,0.04,0.03,0.04,0.0000,0.03,0.03,0.04*6C
$GPGST,034049.80,0.04,0.03,0.04,0.0000,0.03,0.03,0.04*62
$GPGST,034050.00,0.03,0.03,0.03,0.0000,0.03,0.03,0.03*65
$GPGST,034050.20,0.04,0.03,0.04,0.0000,0.03,0.03,0.04*60
$GPGST,034050.40,0.04,0.03,0.04,0.0000,0.03,0.03,0.04*66
$GPGST,034050.60,0.04,0.03,0.04,0.0000,0.03,0.03,0.04*64
$GPGST,034050.80,0.04,0.03,0.04,0.0000,0.03,0.03,0.04*6A
$GPGST,034051.00,0.03,0.02,0.03,0.0000,0.02,0.02,0.03*65
$GPGST,034051.20,0.03,0.03,0.03,0.0000,0.03,0.03,0.03*66
$GPGST,034051.40,0.04,0.03,0.04,0.0000,0.03,0.03,0.04*67
$GPGST,034051.60,0.04,0.03,0.04,0.0000,0.03,0.03,0.04*65
$GPGST,034051.80,0.04,0.03,0.04,0.0000,0.03,0.03,0.04*6B
$GPGST,034052.00,0.03,0.02,0.03,0.0000,0.02,0.02,0.03*66
$GPGST,034052.20,0.03,0.02,0.03,0.0000,0.02,0.02,0.03*64
$GPGST,034052.40,0.03,0.02,0.03,0.0000,0.02,0.02,0.03*62
$GPGST,034052.60,0.03,0.02,0.03,0.0000,0.02,0.02,0.03*60
$GPGST,034052.80,0.03,0.03,0.03,0.0000,0.03,0.03,0.03*6F
$GPGST,034053.00,0.03,0.02,0.03,0.0000,0.02,0.02,0.03*67
$GPGST,034053.20,0.03,0.02,0.03,0.0000,0.02,0.02,0.03*65
$GPGST,034053.40,0.03,0.02,0.03,0.0000,0.02,0.02,0.03*63
$GPGST,034053.60,0.03,0.02,0.03,0.0000,0.02,0.02,0.03*61
$GPGST,034053.80,0.03,0.03,0.03,0.0000,0.03,0.03,0.03*6E
$GPGST,034054.00,0.03,0.02,0.03,0.0000,0.02,0.02,0.03*60
$GPGST,034054.20,0.03,0.03,0.03,0.0000,0.03,0.03,0.03*63
$GPGST,034054.40,0.03,0.03,0.03,0.0000,0.03,0.03,0.03*65
$GPGST,034054.60,0.04,0.03,0.04,0.0000,0.03,0.03,0.04*60
$GPGST,034054.80,0.04,0.03,0.04,0.0000,0.03,0.03,0.04*6E
$GPGST,034055.00,0.04,0.03,0.04,0.0000,0.03,0.03,0.04*67
$GPGST,034055.20,0.04,0.03,0.04,0.0000,0.03,0.03,0.04*65
$GPGST,034055.40,0.04,0.03,0.04,0.0000,0.03,0.03,0.04*63
$GPGST,034055.60,0.04,0.03,0.04,0.0000,0.03,0.03,0.04*61
$GPGST,034055.80,0.04,0.04,0.04,0.0000,0.04,0.03,0.04*6F
$GPGST,034056.00,0.03,0.02,0.03,0.0000,0.02,0.02,0.03*62
$GPGST,034056.20,0.03,0.03,0.03,0.0000,0.03,0.03,0.03*61
$GPGST,034056.40,0.04,0.03,0.04,0.0000,0.03,0.03,0.04*60
$GPGST,034056.60,0.04,0.04,0.04,0.0000,0.04,0.04,0.04*65
$GPGST,034056.80,0.05,0.04,0.05,0.0000,0.04,0.04,0.05*6A
$GPGST,034057.00,0.04,0.03,0.04,0.0000,0.03,0.03,0.04*65
$GPGST,034057.20,0.04,0.03,0.04,0.0000,0.03,0.03,0.04*67
$GPGST,034057.40,0.04,0.04,0.04,0.0000,0.04,0.04,0.04*66
$GPGST,034057.60,0.05,0.04,0.05,0.0000,0.04,0.04,0.05*65
$GPGST,034057.80,0.05,0.04,0.05,0.0000,0.04,0.04,0.05*6B
$GPGST,034058.00,0.04,0.03,0.04,0.0000,0.03,0.03,0.04*6A
$GPGST,034058.20,0.04,0.03,0.04,0.0000,0.03,0.03,0.04*68
$GPGST,034058.40,0.04,0.04,0.04,0.0000,0.04,0.04,0.04*69
$GPGST,034058.60,0.05,0.04,0.05,0.0000,0.04,0.04,0.05*6A
$GPGST,034058.80,0.05,0.04,0.05,0.0000,0.04,0.04,0.05*64
$GPGST,034059.00,0.04,0.03,0.04,0.0000,0.03,0.03,0.04*6B
$GPGST,034059.20,0.04,0.03,0.04,0.0000,0.03,0.03,0.04*69
$GPGST,034059.40,0.04,0.03,0.04,0.0000,0.03,0.03,0.04*6F
$GPGST,034059.60,0.04,0.03,0.04,0.0000,0.03,0.03,0.04*6D
$GPGST,034059.80,0.04,0.03,0.04,0.0000,0.03,0.03,0.04*63
$GPGST,034100.00,0.03,0.01,0.03,0.0000,0.01,0.01,0.03*63
$GPGST,034100.20,0.03,0.02,0.03,0.0000,0.01,0.02,0.03*61
$GPGST,034100.40,0.03,0.02,0.03,0.0000,0.02,0.02,0.03*64
$GPGST,034100.60,0.03,0.02,0.03,0.0000,0.02,0.02,0.03*66
$GPGST,034100.80,0.03,0.02,0.03,0.0000,0.02,0.02,0.03*68
$GPGST,034101.00,0.03,0.02,0.03,0.0000,0.02,0.02,0.03*61
$GPGST,034101.20,0.03,0.02,0.03,0.0000,0.02,0.02,0.03*63
$GPGST,034101.40,0.03,0.02,0.03,0.0000,0.02,0.02,0.03*65
$GPGST,034101.60,0.03,0.03,0.03,0.0000,0.03,0.03,0.03*66
$GPGST,034101.80,0.04,0.03,0.04,0.0000,0.03,0.03,0.04*6F
$GPGST,034102.00,0.03,0.02,0.03,0.0000,0.02,0.02,0.03*62
$GPGST,034102.20,0.03,0.02,0.03,0.0000,0.02,0.02,0.03*60
$GPGST,034102.40,0.03,0.03,0.03,0.0000,0.03,0.03,0.03*67
$GPGST,034102.60,0.04,0.03,0.04,0.0000,0.03,0.03,0.04*62
$GPGST,034102.80,0.04,0.03,0.04,0.0000,0.03,0.03,0.04*6C
$GPGST,034103.00,0.03,0.03,0.03,0.0000,0.03,0.03,0.03*62
$GPGST,034103.20,0.04,0.03,0.04,0.0000,0.03,0.03,0.04*67
$GPGST,034103.40,0.04,0.03,0.04,0.0000,0.03,0.03,0.04*61
$GPGST,034103.60,0.04,0.03,0.04,0.0000,0.03,0.03,0.04*63
$GPGST,034103.80,0.05,0.04,0.05,0.0000,0.04,0.04,0.05*6B
$GPGST,034104.00,0.04,0.03,0.04,0.0000,0.03,0.03,0.04*62
$GPGST,034104.20,0.05,0.04,0.05,0.0000,0.04,0.04,0.05*66
$GPGST,034104.40,0.05,0.04,0.05,0.0000,0.04,0.04,0.05*60
$GPGST,034104.60,0.05,0.04,0.05,0.0000,0.04,0.04,0.05*62
$GPGST,034104.80,0.05,0.05,0.05,0.0000,0.05,0.05,0.05*6D
$GPGST,034105.00,0.04,0.04,0.04,0.0000,0.04,0.04,0.04*64
$GPGST,034105.20,0.04,0.04,0.04,0.0000,0.04,0.04,0.04*66
$GPGST,034105.40,0.05,0.04,0.05,0.0000,0.04,0.04,0.05*61
$GPGST,034105.60,0.05,0.04,0.05,0.0000,0.04,0.04,0.05*63
$GPGST,034105.80,0.05,0.04,0.05,0.0000,0.04,0.04,0.05*6D
$GPGST,034106.00,0.04,0.03,0.04,0.0000,0.03,0.03,0.04*60
$GPGST,034106.20,0.04,0.03,0.04,0.0000,0.03,0.03,0.04*62
$GPGST,034106.40,0.04,0.03,0.04,0.0000,0.03,0.03,0.04*64
$GPGST,034106.60,0.04,0.03,0.04,0.0000,0.03,0.03,0.04*66
$GPGST,034106.80,0.04,0.04,0.04,0.0000,0.04,0.03,0.04*68
$GPGST,034107.00,0.03,0.03,0.03,0.0000,0.03,0.03,0.03*66
$GPGST,034107.20,0.04,0.03,0.04,0.0000,0.03,0.03,0.04*63
$GPGST,034107.40,0.04,0.03,0.04,0.0000,0.03,0.03,0.04*65
$GPGST,034107.60,0.04,0.03,0.04,0.0000,0.03,0.03,0.04*67
$GPGST,034107.80,0.04,0.03,0.04,0.0000,0.03,0.03,0.04*69
$GPGST,034108.00,0.03,0.02,0.03,0.0000,0.02,0.02,0.03*68
$GPGST,034108.20,0.03,0.02,0.03,0.0000,0.02,0.02,0.03*6A
$GPGST,034108.40,0.03,0.03,0.03,0.0000,0.03,0.03,0.03*6D
$GPGST,034108.60,0.04,0.04,0.04,0.0000,0.04,0.03,0.04*68
$GPGST,034108.80,0.04,0.04,0.04,0.0000,0.04,0.04,0.04*61
$GPGST,034109.00,0.04,0.03,0.04,0.0000,0.03,0.03,0.04*6F
$GPGST,034109.20,0.04,0.03,0.04,0.0000,0.03,0.03,0.04*6D
$GPGST,034109.40,0.04,0.03,0.04,0.0000,0.03,0.03,0.04*6B
$GPGST,034109.60,0.04,0.03,0.04,0.0000,0.03,0.03,0.04*69
$GPGST,034109.80,0.04,0.03,0.04,0.0000,0.03,0.03,0.04*67
$GPGST,034110.00,0.03,0.02,0.03,0.0000,0.02,0.02,0.03*61
$GPGST,034110.20,0.03,0.02,0.03,0.0000,0.02,0.02,0.03*63
$GPGST,034110.40,0.03,0.02,0.03,0.0000,0.02,0.02,0.03*65
$GPGST,034110.60,0.03,0.02,0.03,0.0000,0.02,0.02,0.03*67
$GPGST,034110.80,0.03,0.02,0.03,0.0000,0.02,0.02,0.03*69
$GPGST,034111.00,0.03,0.02,0.03,0.0000,0.02,0.02,0.03*60
$GPGST,034111.20,0.03,0.02,0.03,0.0000,0.02,0.02,0.03*62
$GPGST,034111.40,0.03,0.03,0.03,0.0000,0.02,0.03,0.03*64
$GPGST,034111.60,0.03,0.03,0.03,0.0000,0.02,0.03,0.03*66
$GPGST,034111.80,0.04,0.03,0.04,0.0000,0.03,0.03,0.04*6E
$GPGST,034112.00,0.03,0.02,0.03,0.0000,0.02,0.02,0.03*63
$GPGST,034112.20,0.03,0.02,0.03,0.0000,0.02,0.02,0.03*61
$GPGST,034112.40,0.03,0.02,0.03,0.0000,0.02,0.02,0.03*67
$GPGST,034112.60,0.03,0.03,0.03,0.0000,0.02,0.03,0.03*65
$GPGST,034112.80,0.03,0.03,0.03,0.0000,0.03,0.03,0.03*6A
$GPGST,034113.00,0.03,0.02,0.03,0.0000,0.02,0.02,0.03*62
$GPGST,034113.20,0.03,0.02,0.03,0.0000,0.02,0.02,0.03*60
$GPGST,034113.40,0.03,0.02,0.03,0.0000,0.02,0.02,0.03*66
$GPGST,034113.60,0.03,0.02,0.03,0.0000,0.02,0.02,0.03*64
$GPGST,034113.80,0.03,0.02,0.03,0.0000,0.02,0.02,0.03*6A
$GPGST,034114.00,0.03,0.02,0.03,0.0000,0.02,0.02,0.03*65
$GPGST,034114.20,0.03,0.02,0.03,0.0000,0.02,0.02,0.03*67
$GPGST,034114.40,0.03,0.02,0.03,0.0000,0.02,0.02,0.03*61
$GPGST,034114.60,0.03,0.02,0.03,0.0000,0.02,0.02,0.03*63
$GPGST,034114.80,0.03,0.03,0.03,0.0000,0.03,0.02,0.03*6D
$GPGST,034115.00,0.03,0.02,0.03,0.0000,0.02,0.02,0.03*64
$GPGST,034115.20,0.03,0.02,0.03,0.0000,0.02,0.02,0.03*66
$GPGST,034115.40,0.03,0.02,0.03,0.0000,0.02,0.02,0.03*60
$GPGST,034115.60,0.03,0.02,0.03,0.0000,0.02,0.02,0.03*62
$GPGST,034115.80,0.03,0.02,0.03,0.0000,0.02,0.02,0.03*6C
$GPGST,034116.00,0.03,0.02,0.03,0.0000,0.02,0.02,0.03*67
$GPGST,034116.20,0.03,0.02,0.03,0.0000,0.02,0.02,0.03*65
$GPGST,034116.40,0.03,0.02,0.03,0.0000,0.02,0.02,0.03*63
$GPGST,034116.60,0.03,0.02,0.03,0.0000,0.02,0.02,0.03*61
$GPGST,034116.80,0.03,0.02,0.03,0.0000,0.02,0.02,0.03*6F
$GPGST,034117.00,0.03,0.02,0.03,0.0000,0.02,0.02,0.03*66
$GPGST,034117.20,0.03,0.02,0.03,0.0000,0.02,0.02,0.03*64
$GPGST,034117.40,0.03,0.02,0.03,0.0000,0.02,0.02,0.03*62
$GPGST,034117.60,0.03,0.02,0.03,0.0000,0.02,0.02,0.03*60
$GPGST,034117.80,0.03,0.02,0.03,0.0000,0.02,0.02,0.03*6E
$GPGST,034118.00,0.03,0.02,0.03,0.0000,0.02,0.02,0.03*69
$GPGST,034118.20,0.03,0.02,0.03,0.0000,0.02,0.02,0.03*6B
$GPGST,034118.40,0.03,0.02,0.03,0.0000,0.02,0.02,0.03*6D
$GPGST,034118.60,0.03,0.02,0.03,0.0000,0.02,0.02,0.03*6F
$GPGST,034118.80,0.03,0.02,0.03,0.0000,0.02,0.02,0.03*61
$GPGST,034119.00,0.03,0.02,0.03,0.0000,0.02,0.02,0.03*68
$GPGST,034119.20,0.03,0.02,0.03,0.0000,0.02,0.02,0.03*6A
$GPGST,034119.40,0.03,0.02,0.03,0.0000,0.02,0.02,0.03*6C
$GPGST,034119.60,0.03,0.02,0.03,0.0000,0.02,0.02,0.03*6E
$GPGST,034119.80,0.03,0.02,0.03,0.0000,0.02,0.02,0.03*60
$GPGST,034120.00,0.03,0.02,0.03,0.0000,0.02,0.02,0.03*62
$GPGST,034120.20,0.03,0.02,0.03,0.0000,0.02,0.02,0.03*60
$GPGST,034120.40,0.03,0.02,0.03,0.0000,0.02,0.02,0.03*66
$GPGST,034120.60,0.03,0.02,0.03,0.0000,0.02,0.02,0.03*64
$GPGST,034120.80,0.03,0.02,0.03,0.0000,0.02,0.02,0.03*6A
$GPGST,034121.00,0.03,0.02,0.03,0.0000,0.02,0.02,0.03*63
$GPGST,034121.20,0.03,0.02,0.03,0.0000,0.02,0.02,0.03*61
$GPGST,034121.40,0.03,0.02,0.03,0.0000,0.02,0.02,0.03*67
$GPGST,034121.60,0.03,0.02,0.03,0.0000,0.02,0.02,0.03*65
$GPGST,034121.80,0.03,0.02,0.03,0.0000,0.02,0.02,0.03*6B
$GPGST,034122.00,0.03,0.02,0.03,0.0000,0.02,0.02,0.03*60
$GPGST,034122.20,0.03,0.02,0.03,0.0000,0.02,0.02,0.03*62
$GPGST,034122.40,0.03,0.02,0.03,0.0000,0.02,0.02,0.03*64
$GPGST,034122.60,0.03,0.02,0.03,0.0000,0.02,0.02,0.03*66
$GPGST,034122.80,0.03,0.02,0.03,0.0000,0.02,0.02,0.03*68
$GPGST,034123.00,0.03,0.02,0.03,0.0000,0.02,0.02,0.03*61
$GPGST,034123.20,0.03,0.02,0.03,0.0000,0.02,0.02,0.03*63
$GPGST,034123.40,0.03,0.02,0.03,0.0000,0.02,0.02,0.03*65
$GPGST,034123.60,0.03,0.02,0.03,0.0000,0.02,0.02,0.03*67
$GPGST,034123.80,0.03,0.02,0.03,0.0000,0.02,0.02,0.03*69
$GPGST,034124.00,0.03,0.02,0.03,0.0000,0.02,0.02,0.03*66
$GPGST,034124.20,0.03,0.02,0.03,0.0000,0.02,0.02,0.03*64
$GPGST,034124.40,0.03,0.02,0.03,0.0000,0.02,0.02,0.03*62
$GPGST,034124.60,0.03,0.02,0.03,0.0000,0.02,0.02,0.03*60
$GPGST,034124.80,0.03,0.02,0.03,0.0000,0.02,0.02,0.03*6E
$GPGST,034125.00,0.02,0.01,0.02,0.0000,0.01,0.01,0.02*65
$GPGST,034125.20,0.03,0.02,0.03,0.0000,0.02,0.02,0.03*65
$GPGST,034125.40,0.03,0.02,0.03,0.0000,0.02,0.02,0.03*63
$GPGST,034125.60,0.03,0.02,0.03,0.0000,0.02,0.02,0.03*61
$GPGST,034125.80,0.03,0.02,0.03,0.0000,0.02,0.02,0.03*6F
$GPGST,034126.00,0.03,0.02,0.03,0.0000,0.02,0.02,0.03*64
$GPGST,034126.20,0.03,0.02,0.03,0.0000,0.02,0.02,0.03*66
$GPGST,034126.40,0.03,0.02,0.03,0.0000,0.02,0.02,0.03*60
$GPGST,034126.60,0.03,0.02,0.03,0.0000,0.02,0.02,0.03*62
$GPGST,034126.80,0.03,0.02,0.03,0.0000,0.02,0.02,0.03*6C
$GPGST,034127.00,0.03,0.02,0.03,0.0000,0.02,0.02,0.03*65
$GPGST,034127.20,0.03,0.02,0.03,0.0000,0.02,0.02,0.03*67
$GPGST,034127.40,0.03,0.02,0.03,0.0000,0.02,0.02,0.03*61
$GPGST,034127.60,0.03,0.02,0.03,0.0000,0.02,0.02,0.03*63
$GPGST,034127.80,0.03,0.02,0.03,0.0000,0.02,0.02,0.03*6D
$GPGST,034128.00,0.03,0.02,0.03,0.0000,0.02,0.02,0.03*6A
$GPGST,034128.20,0.03,0.02,0.03,0.0000,0.02,0.02,0.03*68
$GPGST,034128.40,0.03,0.02,0.03,0.0000,0.02,0.02,0.03*6E
$GPGST,034128.60,0.03,0.02,0.03,0.0000,0.02,0.02,0.03*6C
$GPGST,034128.80,0.03,0.02,0.03,0.0000,0.02,0.02,0.03*62
$GPGST,034129.00,0.03,0.02,0.03,0.0000,0.02,0.02,0.03*6B
$GPGST,034129.20,0.03,0.02,0.03,0.0000,0.02,0.02,0.03*69
$GPGST,034129.40,0.03,0.02,0.03,0.0000,0.02,0.02,0.03*6F
$GPGST,034129.60,0.03,0.02,0.03,0.0000,0.02,0.02,0.03*6D
$GPGST,034129.80,0.03,0.03,0.03,0.0000,0.03,0.03,0.03*62
$GPGST,034130.00,0.03,0.02,0.03,0.0000,0.02,0.02,0.03*63
$GPGST,034130.20,0.03,0.02,0.03,0.0000,0.02,0.02,0.03*61
$GPGST,034130.40,0.03,0.03,0.03,0.0000,0.03,0.03,0.03*66
$GPGST,034130.60,0.04,0.03,0.04,0.0000,0.03,0.03,0.04*63
$GPGST,034130.80,0.04,0.03,0.04,0.0000,0.03,0.03,0.04*6D
$GPGST,034131.00,0.03,0.02,0.03,0.0000,0.02,0.02,0.03*62
$GPGST,034131.20,0.03,0.02,0.03,0.0000,0.02,0.02,0.03*60
$GPGST,034131.40,0.03,0.02,0.03,0.0000,0.02,0.02,0.03*66
$GPGST,034131.60,0.03,0.02,0.03,0.0000,0.02,0.02,0.03*64
$GPGST,034131.80,0.03,0.03,0.03,0.0000,0.03,0.03,0.03*6B
$GPGST,034132.00,0.03,0.02,0.03,0.0000,0.02,0.02,0.03*61
$GPGST,034132.20,0.03,0.02,0.03,0.0000,0.02,0.02,0.03*63
$GPGST,034132.40,0.03,0.02,0.03,0.0000,0.02,0.02,0.03*65
$GPGST,034132.60,0.03,0.02,0.03,0.0000,0.02,0.02,0.03*67
$GPGST,034132.80,0.03,0.02,0.03,0.0000,0.02,0.02,0.03*69
$GPGST,034133.00,0.03,0.02,0.03,0.0000,0.02,0.02,0.03*60
$GPGST,034133.20,0.03,0.02,0.03,0.0000,0.02,0.02,0.03*62
$GPGST,034133.40,0.03,0.02,0.03,0.0000,0.02,0.02,0.03*64
$GPGST,034133.60,0.03,0.02,0.03,0.0000,0.02,0.02,0.03*66
$GPGST,034133.80,0.03,0.02,0.03,0.0000,0.02,0.02,0.03*68
$GPGST,034134.00,0.03,0.02,0.03,0.0000,0.02,0.02,0.03*67
$GPGST,034134.20,0.03,0.02,0.03,0.0000,0.02,0.02,0.03*65
$GPGST,034134.40,0.03,0.02,0.03,0.0000,0.02,0.02,0.03*63
$GPGST,034134.60,0.03,0.02,0.03,0.0000,0.02,0.02,0.03*61
$GPGST,034134.80,0.03,0.02,0.03,0.0000,0.02,0.02,0.03*6F
$GPGST,034135.00,0.03,0.02,0.03,0.0000,0.02,0.02,0.03*66
$GPGST,034135.20,0.03,0.02,0.03,0.0000,0.02,0.02,0.03*64
$GPGST,034135.40,0.03,0.03,0.03,0.0000,0.02,0.03,0.03*62
$GPGST,034135.60,0.03,0.03,0.03,0.0000,0.03,0.03,0.03*61
$GPGST,034135.80,0.03,0.03,0.03,0.0000,0.03,0.03,0.03*6F
$GPGST,034136.00,0.03,0.02,0.03,0.0000,0.02,0.02,0.03*65
$GPGST,034136.20,0.03,0.02,0.03,0.0000,0.02,0.02,0.03*67
$GPGST,034136.40,0.03,0.03,0.03,0.0000,0.02,0.03,0.03*61
$GPGST,034136.60,0.04,0.03,0.04,0.0000,0.03,0.03,0.04*65
$GPGST,034136.80,0.04,0.03,0.04,0.0000,0.03,0.03,0.04*6B
$GPGST,034137.00,0.03,0.02,0.03,0.0000,0.02,0.02,0.03*64
$GPGST,034137.20,0.03,0.02,0.03,0.0000,0.02,0.02,0.03*66
$GPGST,034137.40,0.03,0.02,0.03,0.0000,0.02,0.02,0.03*60
$GPGST,034137.60,0.03,0.02,0.03,0.0000,0.02,0.02,0.03*62
$GPGST,034137.80,0.03,0.03,0.03,0.0000,0.03,0.03,0.03*6D
$GPGST,034138.00,0.03,0.02,0.03,0.0000,0.02,0.02,0.03*6B
$GPGST,034138.20,0.03,0.02,0.03,0.0000,0.02,0.02,0.03*69
$GPGST,034138.40,0.03,0.02,0.03,0.0000,0.02,0.02,0.03*6F
$GPGST,034138.60,0.03,0.02,0.03,0.0000,0.02,0.02,0.03*6D
$GPGST,034138.80,0.04,0.03,0.04,0.0000,0.03,0.03,0.04*65
$GPGST,034139.00,0.03,0.02,0.03,0.0000,0.02,0.02,0.03*6A
$GPGST,034139.20,0.03,0.02,0.03,0.0000,0.02,0.02,0.03*68
$GPGST,034139.40,0.03,0.02,0.03,0.0000,0.02,0.02,0.03*6E
$GPGST,034139.60,0.03,0.03,0.03,0.0000,0.03,0.03,0.03*6D
$GPGST,034139.80,0.03,0.03,0.03,0.0000,0.03,0.03,0.03*63
$GPGST,034140.00,0.03,0.02,0.03,0.0000,0.02,0.02,0.03*64
$GPGST,034140.20,0.03,0.02,0.03,0.0000,0.02,0.02,0.03*66
$GPGST,034140.40,0.03,0.02,0.03,0.0000,0.02,0.02,0.03*60
$GPGST,034140.60,0.03,0.02,0.03,0.0000,0.02,0.02,0.03*62
$GPGST,034140.80,0.03,0.02,0.03,0.0000,0.02,0.02,0.03*6C
$GPGST,034141.00,0.03,0.02,0.03,0.0000,0.02,0.02,0.03*65
$GPGST,034141.20,0.03,0.02,0.03,0.0000,0.02,0.02,0.03*67
$GPGST,034141.40,0.03,0.02,0.03,0.0000,0.02,0.02,0.03*61
$GPGST,034141.60,0.03,0.02,0.03,0.0000,0.02,0.02,0.03*63
$GPGST,034141.80,0.03,0.02,0.03,0.0000,0.02,0.02,0.03*6D
$GPGST,034142.00,0.03,0.02,0.03,0.0000,0.02,0.02,0.03*66
$GPGST,034142.20,0.03,0.02,0.03,0.0000,0.02,0.02,0.03*64
$GPGST,034142.40,0.03,0.02,0.03,0.0000,0.02,0.02,0.03*62
$GPGST,034142.60,0.03,0.02,0.03,0.0000,0.02,0.02,0.03*60
$GPGST,034142.80,0.03,0.02,0.03,0.0000,0.02,0.02,0.03*6E
$GPGST,034143.00,0.03,0.02,0.03,0.0000,0.02,0.02,0.03*67
$GPGST,034143.20,0.03,0.02,0.03,0.0000,0.02,0.02,0.03*65
$GPGST,034143.40,0.03,0.02,0.03,0.0000,0.02,0.02,0.03*63
$GPGST,034143.60,0.03,0.02,0.03,0.0000,0.02,0.02,0.03*61
$GPGST,034143.80,0.03,0.02,0.03,0.0000,0.02,0.02,0.03*6F
$GPGST,034144.00,0.03,0.02,0.03,0.0000,0.02,0.02,0.03*60
$GPGST,034144.20,0.03,0.02,0.03,0.0000,0.02,0.02,0.03*62
$GPGST,034144.40,0.03,0.02,0.03,0.0000,0.02,0.02,0.03*64
$GPGST,034144.60,0.03,0.02,0.03,0.0000,0.02,0.02,0.03*66
$GPGST,034144.80,0.03,0.02,0.03,0.0000,0.02,0.02,0.03*68
$GPGST,034145.00,0.02,0.01,0.02,0.0000,0.01,0.01,0.02*63
$GPGST,034145.20,0.03,0.02,0.03,0.0000,0.02,0.02,0.03*63
$GPGST,034145.40,0.03,0.02,0.03,0.0000,0.02,0.02,0.03*65
$GPGST,034145.60,0.03,0.02,0.03,0.0000,0.02,0.02,0.03*67
$GPGST,034145.80,0.03,0.02,0.03,0.0000,0.02,0.02,0.03*69
$GPGST,034146.00,0.03,0.02,0.03,0.0000,0.02,0.02,0.03*62
$GPGST,034146.20,0.03,0.02,0.03,0.0000,0.02,0.02,0.03*60
$GPGST,034146.40,0.03,0.02,0.03,0.0000,0.02,0.02,0.03*66
$GPGST,034146.60,0.03,0.02,0.03,0.0000,0.02,0.02,0.03*64
$GPGST,034146.80,0.03,0.02,0.03,0.0000,0.02,0.02,0.03*6A
$GPGST,034147.00,0.02,0.01,0.02,0.0000,0.01,0.01,0.02*61
$GPGST,034147.20,0.02,0.01,0.02,0.0000,0.01,0.01,0.02*63
$GPGST,034147.40,0.02,0.01,0.02,0.0000,0.01,0.01,0.02*65
$GPGST,034147.60,0.03,0.02,0.03,0.0000,0.02,0.02,0.03*65
$GPGST,034147.80,0.03,0.02,0.03,0.0000,0.02,0.02,0.03*6B
$GPGST,034148.00,0.02,0.01,0.02,0.0000,0.01,0.01,0.02*6E
$GPGST,034148.20,0.02,0.01,0.02,0.0000,0.01,0.01,0.02*6C
$GPGST,034148.40,0.03,0.02,0.03,0.0000,0.02,0.02,0.03*68
$GPGST,034148.60,0.03,0.02,0.03,0.0000,0.02,0.02,0.03*6A
$GPGST,034148.80,0.03,0.02,0.03,0.0000,0.02,0.02,0.03*64
$GPGST,034149.00,0.02,0.02,0.02,0.0000,0.02,0.01,0.02*6F
$GPGST,034149.20,0.03,0.02,0.03,0.0000,0.02,0.02,0.03*6F
$GPGST,034149.40,0.03,0.02,0.03,0.0000,0.02,0.02,0.03*69
$GPGST,034149.60,0.03,0.02,0.03,0.0000,0.02,0.02,0.03*6B
$GPGST,034149.80,0.03,0.02,0.03,0.0000,0.02,0.02,0.03*65
$GPGST,034150.00,0.02,0.01,0.02,0.0000,0.01,0.01,0.02*67
$GPGST,034150.20,0.02,0.02,0.02,0.0000,0.02,0.01,0.02*65
$GPGST,034150.40,0.03,0.02,0.03,0.0000,0.02,0.02,0.03*61
$GPGST,034150.60,0.03,0.02,0.03,0.0000,0.02,0.02,0.03*63
$GPGST,034150.80,0.03,0.02,0.03,0.0000,0.02,0.02,0.03*6D
$GPGST,034151.00,0.02,0.01,0.02,0.0000,0.01,0.01,0.02*66
$GPGST,034151.20,0.02,0.01,0.02,0.0000,0.01,0.01,0.02*64
$GPGST,034151.40,0.03,0.02,0.03,0.0000,0.02,0.02,0.03*60
$GPGST,034151.60,0.03,0.02,0.03,0.0000,0.02,0.02,0.03*62
$GPGST,034151.80,0.03,0.02,0.03,0.0000,0.02,0.02,0.03*6C
$GPGST,034152.00,0.02,0.02,0.02,0.0000,0.02,0.02,0.02*66
$GPGST,034152.20,0.03,0.02,0.03,0.0000,0.02,0.02,0.03*65
$GPGST,034152.40,0.03,0.02,0.03,0.0000,0.02,0.02,0.03*63
$GPGST,034152.60,0.03,0.02,0.03,0.0000,0.02,0.02,0.03*61
$GPGST,034152.80,0.03,0.02,0.03,0.0000,0.02,0.02,0.03*6F
$GPGST,034153.00,0.02,0.01,0.02,0.0000,0.01,0.01,0.02*64
$GPGST,034153.20,0.02,0.01,0.02,0.0000,0.01,0.01,0.02*66
$GPGST,034153.40,0.03,0.01,0.03,0.0000,0.01,0.01,0.03*61
$GPGST,034153.60,0.03,0.01,0.03,0.0000,0.01,0.01,0.03*63
$GPGST,034153.80,0.03,0.02,0.03,0.0000,0.01,0.02,0.03*6D
$GPGST,034154.00,0.02,0.01,0.02,0.0000,0.01,0.01,0.02*63
$GPGST,034154.20,0.02,0.01,0.02,0.0000,0.01,0.01,0.02*61
$GPGST,034154.40,0.02,0.01,0.02,0.0000,0.01,0.01,0.02*67
$GPGST,034154.60,0.02,0.01,0.02,0.0000,0.01,0.01,0.02*65
$GPGST,034154.80,0.03,0.01,0.03,0.0000,0.01,0.01,0.03*6A
$GPGST,034155.00,0.02,0.01,0.02,0.0000,0.01,0.01,0.02*62
$GPGST,034155.20,0.02,0.01,0.02,0.0000,0.01,0.01,0.02*60
$GPGST,034155.40,0.02,0.01,0.02,0.0000,0.01,0.01,0.02*66
$GPGST,034155.60,0.03,0.01,0.03,0.0000,0.01,0.01,0.03*65
$GPGST,034155.80,0.03,0.02,0.03,0.0000,0.02,0.02,0.03*68
$GPGST,034156.00,0.02,0.01,0.02,0.0000,0.01,0.01,0.02*61
$GPGST,034156.20,0.02,0.01,0.02,0.0000,0.01,0.01,0.02*63
$GPGST,034156.40,0.02,0.01,0.02,0.0000,0.01,0.01,0.02*65
$GPGST,034156.60,0.02,0.01,0.02,0.0000,0.01,0.01,0.02*67
$GPGST,034156.80,0.03,0.02,0.03,0.0000,0.02,0.02,0.03*6B
$GPGST,034157.00,0.02,0.01,0.02,0.0000,0.01,0.01,0.02*60
$GPGST,034157.20,0.03,0.01,0.03,0.0000,0.01,0.01,0.03*63
$GPGST,034157.40,0.03,0.01,0.03,0.0000,0.01,0.01,0.03*65
$GPGST,034157.60,0.03,0.02,0.03,0.0000,0.02,0.02,0.03*64
$GPGST,034157.80,0.03,0.02,0.03,0.0000,0.02,0.02,0.03*6A
$GPGST,034158.00,0.02,0.01,0.02,0.0000,0.01,0.01,0.02*6F
$GPGST,034158.20,0.02,0.01,0.02,0.0000,0.01,0.01,0.02*6D
$GPGST,034158.40,0.02,0.01,0.02,0.0000,0.01,0.01,0.02*6B
$GPGST,034158.60,0.02,0.01,0.02,0.0000,0.01,0.01,0.02*69
$GPGST,034158.80,0.02,0.01,0.02,0.0000,0.01,0.01,0.02*67
$GPGST,034159.00,0.02,0.01,0.02,0.0000,0.01,0.01,0.02*6E
$GPGST,034159.20,0.02,0.01,0.02,0.0000,0.01,0.01,0.02*6C
$GPGST,034159.40,0.02,0.01,0.02,0.0000,0.01,0.01,0.02*6A
$GPGST,034159.60,0.02,0.01,0.02,0.0000,0.01,0.01,0.02*68
$GPGST,034159.80,0.03,0.01,0.03,0.0000,0.01,0.01,0.03*67
$GPGST,034200.00,0.02,0.01,0.02,0.0000,0.01,0.01,0.02*61
$GPGST,034200.20,0.02,0.01,0.02,0.0000,0.01,0.01,0.02*63
$GPGST,034200.40,0.02,0.01,0.02,0.0000,0.01,0.01,0.02*65
$GPGST,034200.60,0.02,0.01,0.02,0.0000,0.01,0.01,0.02*67
$GPGST,034200.80,0.03,0.01,0.03,0.0000,0.01,0.01,0.03*68
$GPGST,034201.00,0.02,0.01,0.02,0.0000,0.01,0.01,0.02*60
$GPGST,034201.20,0.02,0.01,0.02,0.0000,0.01,0.01,0.02*62
$GPGST,034201.40,0.02,0.01,0.02,0.0000,0.01,0.01,0.02*64
$GPGST,034201.60,0.02,0.01,0.02,0.0000,0.01,0.01,0.02*66
$GPGST,034201.80,0.03,0.02,0.03,0.0000,0.02,0.02,0.03*6A
$GPGST,034202.00,0.02,0.01,0.02,0.0000,0.01,0.01,0.02*63
$GPGST,034202.20,0.02,0.01,0.02,0.0000,0.01,0.01,0.02*61
$GPGST,034202.40,0.02,0.01,0.02,0.0000,0.01,0.01,0.02*67
$GPGST,034202.60,0.02,0.01,0.02,0.0000,0.01,0.01,0.02*65
$GPGST,034202.80,0.02,0.01,0.02,0.0000,0.01,0.01,0.02*6B
$GPGST,034203.00,0.02,0.01,0.02,0.0000,0.01,0.01,0.02*62
$GPGST,034203.20,0.02,0.01,0.02,0.0000,0.01,0.01,0.02*60
$GPGST,034203.40,0.02,0.01,0.02,0.0000,0.01,0.01,0.02*66
$GPGST,034203.60,0.02,0.01,0.02,0.0000,0.01,0.01,0.02*64
$GPGST,034203.80,0.02,0.01,0.02,0.0000,0.01,0.01,0.02*6A
$GPGST,034204.00,0.02,0.01,0.02,0.0000,0.01,0.01,0.02*65
$GPGST,034204.20,0.02,0.01,0.02,0.0000,0.01,0.01,0.02*67
$GPGST,034204.40,0.02,0.01,0.02,0.0000,0.01,0.01,0.02*61
$GPGST,034204.60,0.02,0.01,0.02,0.0000,0.01,0.01,0.02*63
$GPGST,034204.80,0.02,0.01,0.02,0.0000,0.01,0.01,0.02*6D
$GPGST,034205.00,0.02,0.01,0.02,0.0000,0.01,0.01,0.02*64
$GPGST,034205.20,0.02,0.01,0.02,0.0000,0.01,0.01,0.02*66
$GPGST,034205.40,0.02,0.01,0.02,0.0000,0.01,0.01,0.02*60
$GPGST,034205.60,0.02,0.01,0.02,0.0000,0.01,0.01,0.02*62
$GPGST,034205.80,0.02,0.01,0.02,0.0000,0.01,0.01,0.02*6C
$GPGST,034206.00,0.02,0.01,0.02,0.0000,0.01,0.01,0.02*67
$GPGST,034206.20,0.02,0.01,0.02,0.0000,0.01,0.01,0.02*65
$GPGST,034206.40,0.02,0.01,0.02,0.0000,0.01,0.01,0.02*63
$GPGST,034206.60,0.02,0.01,0.02,0.0000,0.01,0.01,0.02*61
$GPGST,034206.80,0.03,0.02,0.03,0.0000,0.02,0.02,0.03*6D
$GPGST,034207.00,0.02,0.01,0.02,0.0000,0.01,0.01,0.02*66
$GPGST,034207.20,0.02,0.01,0.02,0.0000,0.01,0.01,0.02*64
$GPGST,034207.40,0.02,0.01,0.02,0.0000,0.01,0.01,0.02*62
$GPGST,034207.60,0.03,0.02,0.03,0.0000,0.02,0.02,0.03*62
$GPGST,034207.80,0.03,0.02,0.03,0.0000,0.02,0.02,0.03*6C
$GPGST,034208.00,0.02,0.01,0.02,0.0000,0.01,0.01,0.02*69
$GPGST,034208.20,0.02,0.01,0.02,0.0000,0.01,0.01,0.02*6B
$GPGST,034208.40,0.02,0.01,0.02,0.0000,0.01,0.01,0.02*6D
$GPGST,034208.60,0.02,0.01,0.02,0.0000,0.01,0.01,0.02*6F
$GPGST,034208.80,0.03,0.01,0.03,0.0000,0.01,0.01,0.03*60
$GPGST,034209.00,0.02,0.01,0.02,0.0000,0.01,0.01,0.02*68
$GPGST,034209.20,0.02,0.01,0.02,0.0000,0.01,0.01,0.02*6A
$GPGST,034209.40,0.02,0.01,0.02,0.0000,0.01,0.01,0.02*6C
$GPGST,034209.60,0.02,0.02,0.02,0.0000,0.01,0.02,0.02*6E
$GPGST,034209.80,0.03,0.02,0.03,0.0000,0.02,0.02,0.03*62
$GPGST,034210.00,0.02,0.01,0.02,0.0000,0.01,0.01,0.02*60
$GPGST,034210.20,0.02,0.01,0.02,0.0000,0.01,0.01,0.02*62
$GPGST,034210.40,0.02,0.01,0.02,0.0000,0.01,0.01,0.02*64
$GPGST,034210.60,0.02,0.01,0.02,0.0000,0.01,0.01,0.02*66
$GPGST,034210.80,0.03,0.02,0.03,0.0000,0.02,0.02,0.03*6A
$GPGST,034211.00,0.02,0.01,0.02,0.0000,0.01,0.01,0.02*61
$GPGST,034211.20,0.03,0.01,0.03,0.0000,0.01,0.01,0.03*62
$GPGST,034211.40,0.03,0.01,0.03,0.0000,0.01,0.01,0.03*64
$GPGST,034211.60,0.03,0.01,0.03,0.0000,0.01,0.01,0.03*66
$GPGST,034211.80,0.03,0.02,0.03,0.0000,0.01,0.02,0.03*68
$GPGST,034212.00,0.02,0.01,0.02,0.0000,0.01,0.01,0.02*62
$GPGST,034212.20,0.03,0.01,0.03,0.0000,0.01,0.01,0.03*61
$GPGST,034212.40,0.03,0.01,0.03,0.0000,0.01,0.01,0.03*67
$GPGST,034212.60,0.03,0.02,0.03,0.0000,0.01,0.02,0.03*65
$GPGST,034212.80,0.03,0.02,0.03,0.0000,0.02,0.02,0.03*68
$GPGST,034213.00,0.02,0.01,0.02,0.0000,0.01,0.01,0.02*63
$GPGST,034213.20,0.03,0.01,0.03,0.0000,0.01,0.01,0.03*60
$GPGST,034213.40,0.03,0.01,0.03,0.0000,0.01,0.01,0.03*66
$GPGST,034213.60,0.03,0.01,0.03,0.0000,0.01,0.01,0.03*64
$GPGST,034213.80,0.03,0.01,0.03,0.0000,0.01,0.01,0.03*6A
$GPGST,034214.00,0.02,0.01,0.02,0.0000,0.01,0.01,0.02*64
$GPGST,034214.20,0.02,0.01,0.02,0.0000,0.01,0.01,0.02*66
$GPGST,034214.40,0.02,0.01,0.02,0.0000,0.01,0.01,0.02*60
$GPGST,034214.60,0.03,0.01,0.03,0.0000,0.01,0.01,0.03*63
$GPGST,034214.80,0.03,0.01,0.03,0.0000,0.01,0.01,0.03*6D
$GPGST,034215.00,0.02,0.01,0.02,0.0000,0.01,0.01,0.02*65
$GPGST,034215.20,0.02,0.01,0.02,0.0000,0.01,0.01,0.02*67
$GPGST,034215.40,0.02,0.01,0.02,0.0000,0.01,0.01,0.02*61
$GPGST,034215.60,0.03,0.01,0.03,0.0000,0.01,0.01,0.03*62
$GPGST,034215.80,0.03,0.02,0.03,0.0000,0.02,0.02,0.03*6F
$GPGST,034216.00,0.02,0.01,0.02,0.0000,0.01,0.01,0.02*66
$GPGST,034216.20,0.02,0.01,0.02,0.0000,0.01,0.01,0.02*64
$GPGST,034216.40,0.02,0.01,0.02,0.0000,0.01,0.01,0.02*62
$GPGST,034216.60,0.03,0.01,0.03,0.0000,0.01,0.01,0.03*61
$GPGST,034216.80,0.03,0.02,0.03,0.0000,0.02,0.02,0.03*6C
$GPGST,034217.00,0.02,0.01,0.02,0.0000,0.01,0.01,0.02*67
$GPGST,034217.20,0.03,0.01,0.03,0.0000,0.01,0.01,0.03*64
$GPGST,034217.40,0.03,0.02,0.03,0.0000,0.02,0.02,0.03*61
$GPGST,034217.60,0.03,0.02,0.03,0.0000,0.02,0.02,0.03*63
$GPGST,034217.80,0.03,0.02,0.03,0.0000,0.02,0.02,0.03*6D
$GPGST,034218.00,0.02,0.01,0.02,0.0000,0.01,0.01,0.02*68
$GPGST,034218.20,0.02,0.01,0.02,0.0000,0.01,0.01,0.02*6A
$GPGST,034218.40,0.03,0.01,0.03,0.0000,0.01,0.01,0.03*6D
$GPGST,034218.60,0.03,0.01,0.03,0.0000,0.01,0.01,0.03*6F
$GPGST,034218.80,0.03,0.02,0.03,0.0000,0.02,0.02,0.03*62
$GPGST,034219.00,0.02,0.01,0.02,0.0000,0.01,0.01,0.02*69
$GPGST,034219.20,0.02,0.01,0.02,0.0000,0.01,0.01,0.02*6B
$GPGST,034219.40,0.02,0.01,0.02,0.0000,0.01,0.01,0.02*6D
$GPGST,034219.60,0.03,0.01,0.03,0.0000,0.01,0.01,0.03*6E
$GPGST,034219.80,0.03,0.02,0.03,0.0000,0.02,0.02,0.03*63
$GPGST,034220.00,0.02,0.01,0.02,0.0000,0.01,0.01,0.02*63
$GPGST,034220.20,0.02,0.01,0.02,0.0000,0.01,0.01,0.02*61
$GPGST,034220.40,0.03,0.01,0.03,0.0000,0.01,0.01,0.03*66
$GPGST,034220.60,0.03,0.01,0.03,0.0000,0.01,0.01,0.03*64
$GPGST,034220.80,0.03,0.01,0.03,0.0000,0.01,0.01,0.03*6A
$GPGST,034221.00,0.02,0.01,0.02,0.0000,0.01,0.01,0.02*62
$GPGST,034221.20,0.02,0.01,0.02,0.0000,0.01,0.01,0.02*60
$GPGST,034221.40,0.02,0.01,0.02,0.0000,0.01,0.01,0.02*66
$GPGST,034221.60,0.02,0.01,0.02,0.0000,0.01,0.01,0.02*64
$GPGST,034221.80,0.03,0.01,0.03,0.0000,0.01,0.01,0.03*6B
$GPGST,034222.00,0.02,0.01,0.02,0.0000,0.01,0.01,0.02*61
$GPGST,034222.20,0.02,0.01,0.02,0.0000,0.01,0.01,0.02*63
$GPGST,034222.40,0.02,0.01,0.02,0.0000,0.01,0.01,0.02*65
$GPGST,034222.60,0.02,0.01,0.02,0.0000,0.01,0.01,0.02*67
$GPGST,034222.80,0.03,0.01,0.03,0.0000,0.01,0.01,0.03*68
$GPGST,034223.00,0.02,0.01,0.02,0.0000,0.01,0.01,0.02*60
$GPGST,034223.20,0.02,0.01,0.02,0.0000,0.01,0.01,0.02*62
$GPGST,034223.40,0.02,0.01,0.02,0.0000,0.01,0.01,0.02*64
$GPGST,034223.60,0.02,0.01,0.02,0.0000,0.01,0.01,0.02*66
$GPGST,034223.80,0.02,0.01,0.02,0.0000,0.01,0.01,0.02*68
$GPGST,034224.00,0.02,0.01,0.02,0.0000,0.01,0.01,0.02*67
$GPGST,034224.20,0.02,0.01,0.02,0.0000,0.01,0.01,0.02*65
$GPGST,034224.40,0.02,0.01,0.02,0.0000,0.01,0.01,0.02*63
$GPGST,034224.60,0.02,0.01,0.02,0.0000,0.01,0.01,0.02*61
$GPGST,034224.80,0.02,0.01,0.02,0.0000,0.01,0.01,0.02*6F
$GPGST,034225.00,0.02,0.01,0.02,0.0000,0.01,0.01,0.02*66
$GPGST,034225.20,0.02,0.01,0.02,0.0000,0.01,0.01,0.02*64
$GPGST,034225.40,0.02,0.01,0.02,0.0000,0.01,0.01,0.02*62
$GPGST,034225.60,0.02,0.01,0.02,0.0000,0.01,0.01,0.02*60
$GPGST,034225.80,0.02,0.01,0.02,0.0000,0.01,0.01,0.02*6E
$GPGST,034226.00,0.02,0.01,0.02,0.0000,0.01,0.01,0.02*65
$GPGST,034226.20,0.02,0.01,0.02,0.0000,0.01,0.01,0.02*67
$GPGST,034226.40,0.02,0.01,0.02,0.0000,0.01,0.01,0.02*61
$GPGST,034226.60,0.02,0.01,0.02,0.0000,0.01,0.01,0.02*63
$GPGST,034226.80,0.02,0.01,0.02,0.0000,0.01,0.01,0.02*6D
$GPGST,034227.00,0.02,0.01,0.02,0.0000,0.01,0.01,0.02*64
$GPGST,034227.20,0.02,0.01,0.02,0.0000,0.01,0.01,0.02*66
$GPGST,034227.40,0.02,0.01,0.02,0.0000,0.01,0.01,0.02*60
$GPGST,034227.60,0.02,0.01,0.02,0.0000,0.01,0.01,0.02*62
$GPGST,034227.80,0.02,0.02,0.02,0.0000,0.02,0.02,0.02*6F
$GPGST,034228.00,0.02,0.01,0.02,0.0000,0.01,0.01,0.02*6B
$GPGST,034228.20,0.02,0.01,0.02,0.0000,0.01,0.01,0.02*69
$GPGST,034228.40,0.02,0.01,0.02,0.0000,0.01,0.01,0.02*6F
$GPGST,034228.60,0.02,0.01,0.02,0.0000,0.01,0.01,0.02*6D
$GPGST,034228.80,0.03,0.02,0.03,0.0000,0.01,0.02,0.03*62
$GPGST,034229.00,0.02,0.01,0.02,0.0000,0.01,0.01,0.02*6A
$GPGST,034229.20,0.02,0.01,0.02,0.0000,0.01,0.01,0.02*68
$GPGST,034229.40,0.02,0.01,0.02,0.0000,0.01,0.01,0.02*6E
$GPGST,034229.60,0.02,0.01,0.02,0.0000,0.01,0.01,0.02*6C
$GPGST,034229.80,0.03,0.02,0.03,0.0000,0.02,0.02,0.03*60
$GPGST,034230.00,0.03,0.02,0.03,0.0000,0.02,0.02,0.03*60
$GPGST,034230.20,0.03,0.02,0.03,0.0000,0.02,0.02,0.03*62
$GPGST,034230.40,0.03,0.02,0.03,0.0000,0.02,0.02,0.03*64
$GPGST,034230.60,0.03,0.02,0.03,0.0000,0.02,0.02,0.03*66
$GPGST,034230.80,0.03,0.02,0.03,0.0000,0.02,0.02,0.03*68
$GPGST,034231.00,0.02,0.01,0.02,0.0000,0.01,0.01,0.02*63
$GPGST,034231.20,0.02,0.01,0.02,0.0000,0.01,0.01,0.02*61
$GPGST,034231.40,0.02,0.01,0.02,0.0000,0.01,0.01,0.02*67
$GPGST,034231.60,0.02,0.01,0.02,0.0000,0.01,0.01,0.02*65
$GPGST,034231.80,0.02,0.01,0.02,0.0000,0.01,0.01,0.02*6B
$GPGST,034232.00,0.02,0.01,0.02,0.0000,0.01,0.01,0.02*60
$GPGST,034232.20,0.02,0.01,0.02,0.0000,0.01,0.01,0.02*62
$GPGST,034232.40,0.02,0.01,0.02,0.0000,0.01,0.01,0.02*64
$GPGST,034232.60,0.02,0.01,0.02,0.0000,0.01,0.01,0.02*66
$GPGST,034232.80,0.02,0.01,0.02,0.0000,0.01,0.01,0.02*68
$GPGST,034233.00,0.02,0.01,0.02,0.0000,0.01,0.01,0.02*61
$GPGST,034233.20,0.02,0.01,0.02,0.0000,0.01,0.01,0.02*63
$GPGST,034233.40,0.02,0.01,0.02,0.0000,0.01,0.01,0.02*65
$GPGST,034233.60,0.02,0.01,0.02,0.0000,0.01,0.01,0.02*67
$GPGST,034233.80,0.03,0.01,0.03,0.0000,0.01,0.01,0.03*68
$GPGST,034234.00,0.02,0.01,0.02,0.0000,0.01,0.01,0.02*66
$GPGST,034234.20,0.02,0.01,0.02,0.0000,0.01,0.01,0.02*64
$GPGST,034234.40,0.02,0.01,0.02,0.0000,0.01,0.01,0.02*62
$GPGST,034234.60,0.02,0.01,0.02,0.0000,0.01,0.01,0.02*60
$GPGST,034234.80,0.02,0.01,0.02,0.0000,0.01,0.01,0.02*6E
$GPGST,034235.00,0.02,0.01,0.02,0.0000,0.01,0.01,0.02*67
$GPGST,034235.20,0.02,0.01,0.02,0.0000,0.01,0.01,0.02*65
$GPGST,034235.40,0.02,0.01,0.02,0.0000,0.01,0.01,0.02*63
$GPGST,034235.60,0.02,0.01,0.02,0.0000,0.01,0.01,0.02*61
$GPGST,034235.80,0.02,0.01,0.02,0.0000,0.01,0.01,0.02*6F
$GPGST,034236.00,0.02,0.01,0.02,0.0000,0.01,0.01,0.02*64
$GPGST,034236.20,0.02,0.01,0.02,0.0000,0.01,0.01,0.02*66
$GPGST,034236.40,0.02,0.01,0.02,0.0000,0.01,0.01,0.02*60
$GPGST,034236.60,0.02,0.01,0.02,0.0000,0.01,0.01,0.02*62
$GPGST,034236.80,0.02,0.01,0.02,0.0000,0.01,0.01,0.02*6C
$GPGST,034237.00,0.02,0.01,0.02,0.0000,0.01,0.01,0.02*65
$GPGST,034237.20,0.02,0.01,0.02,0.0000,0.01,0.01,0.02*67
$GPGST,034237.40,0.02,0.01,0.02,0.0000,0.01,0.01,0.02*61
$GPGST,034237.60,0.02,0.01,0.02,0.0000,0.01,0.01,0.02*63
$GPGST,034237.80,0.02,0.01,0.02,0.0000,0.01,0.01,0.02*6D
$GPGST,034238.00,0.02,0.01,0.02,0.0000,0.01,0.01,0.02*6A
$GPGST,034238.20,0.02,0.01,0.02,0.0000,0.01,0.01,0.02*68
$GPGST,034238.40,0.02,0.01,0.02,0.0000,0.01,0.01,0.02*6E
$GPGST,034238.60,0.02,0.01,0.02,0.0000,0.01,0.01,0.02*6C
$GPGST,034238.80,0.02,0.01,0.02,0.0000,0.01,0.01,0.02*62
$GPGST,034239.00,0.02,0.01,0.02,0.0000,0.01,0.01,0.02*6B
$GPGST,034239.20,0.02,0.01,0.02,0.0000,0.01,0.01,0.02*69
$GPGST,034239.40,0.02,0.01,0.02,0.0000,0.01,0.01,0.02*6F
$GPGST,034239.60,0.02,0.01,0.02,0.0000,0.01,0.01,0.02*6D
$GPGST,034239.80,0.02,0.01,0.02,0.0000,0.01,0.01,0.02*63
$GPGST,034240.00,0.02,0.01,0.02,0.0000,0.01,0.01,0.02*65
$GPGST,034240.20,0.02,0.01,0.02,0.0000,0.01,0.01,0.02*67
$GPGST,034240.40,0.02,0.01,0.02,0.0000,0.01,0.01,0.02*61
$GPGST,034240.60,0.02,0.01,0.02,0.0000,0.01,0.01,0.02*63
$GPGST,034240.80,0.02,0.01,0.02,0.0000,0.01,0.01,0.02*6D
$GPGST,034241.00,0.02,0.01,0.02,0.0000,0.01,0.01,0.02*64
$GPGST,034241.20,0.02,0.01,0.02,0.0000,0.01,0.01,0.02*66
$GPGST,034241.40,0.02,0.01,0.02,0.0000,0.01,0.01,0.02*60
$GPGST,034241.60,0.02,0.01,0.02,0.0000,0.01,0.01,0.02*62
$GPGST,034241.80,0.02,0.01,0.02,0.0000,0.01,0.01,0.02*6C
$GPGST,034242.00,0.02,0.01,0.02,0.0000,0.01,0.01,0.02*67
$GPGST,034242.20,0.02,0.01,0.02,0.0000,0.01,0.01,0.02*65
$GPGST,034242.40,0.02,0.01,0.02,0.0000,0.01,0.01,0.02*63
$GPGST,034242.60,0.02,0.01,0.02,0.0000,0.01,0.01,0.02*61
$GPGST,034242.80,0.02,0.01,0.02,0.0000,0.01,0.01,0.02*6F
$GPGST,034243.00,0.02,0.01,0.02,0.0000,0.01,0.01,0.02*66
$GPGST,034243.20,0.02,0.01,0.02,0.0000,0.01,0.01,0.02*64
$GPGST,034243.40,0.02,0.01,0.02,0.0000,0.01,0.01,0.02*62
$GPGST,034243.60,0.02,0.01,0.02,0.0000,0.01,0.01,0.02*60
$GPGST,034243.80,0.02,0.01,0.02,0.0000,0.01,0.01,0.02*6E
$GPGST,034244.00,0.02,0.01,0.02,0.0000,0.01,0.01,0.02*61
$GPGST,034244.20,0.02,0.01,0.02,0.0000,0.01,0.01,0.02*63
$GPGST,034244.40,0.02,0.01,0.02,0.0000,0.01,0.01,0.02*65
$GPGST,034244.60,0.02,0.02,0.02,0.0000,0.02,0.02,0.02*64
$GPGST,034244.80,0.03,0.02,0.03,0.0000,0.02,0.02,0.03*6B
$GPGST,034245.00,0.02,0.01,0.02,0.0000,0.01,0.01,0.02*60
$GPGST,034245.20,0.02,0.01,0.02,0.0000,0.01,0.01,0.02*62
$GPGST,034245.40,0.02,0.01,0.02,0.0000,0.01,0.01,0.02*64
$GPGST,034245.60,0.02,0.02,0.02,0.0000,0.02,0.02,0.02*65
$GPGST,034245.80,0.03,0.02,0.03,0.0000,0.02,0.02,0.03*6A
$GPGST,034246.00,0.02,0.01,0.02,0.0000,0.01,0.01,0.02*63
$GPGST,034246.20,0.02,0.01,0.02,0.0000,0.01,0.01,0.02*61
$GPGST,034246.40,0.03,0.02,0.03,0.0000,0.02,0.02,0.03*65
$GPGST,034246.60,0.03,0.02,0.03,0.0000,0.02,0.02,0.03*67
$GPGST,034246.80,0.03,0.02,0.03,0.0000,0.02,0.02,0.03*69
$GPGST,034247.00,0.02,0.01,0.02,0.0000,0.01,0.01,0.02*62
$GPGST,034247.20,0.03,0.02,0.03,0.0000,0.02,0.02,0.03*62
$GPGST,034247.40,0.03,0.02,0.03,0.0000,0.02,0.02,0.03*64
$GPGST,034247.60,0.03,0.02,0.03,0.0000,0.02,0.02,0.03*66
$GPGST,034247.80,0.03,0.02,0.03,0.0000,0.02,0.02,0.03*68
$GPGST,034248.00,0.03,0.02,0.03,0.0000,0.02,0.02,0.03*6F
$GPGST,034248.20,0.03,0.02,0.03,0.0000,0.02,0.02,0.03*6D
$GPGST,034248.40,0.03,0.02,0.03,0.0000,0.02,0.02,0.03*6B
$GPGST,034248.60,0.03,0.02,0.03,0.0000,0.02,0.02,0.03*69
$GPGST,034248.80,0.03,0.02,0.03,0.0000,0.02,0.02,0.03*67
$GPGST,034249.00,0.02,0.01,0.02,0.0000,0.01,0.01,0.02*6C
$GPGST,034249.20,0.02,0.01,0.02,0.0000,0.01,0.01,0.02*6E
$GPGST,034249.40,0.02,0.02,0.02,0.0000,0.02,0.02,0.02*6B
$GPGST,034249.60,0.03,0.02,0.03,0.0000,0.02,0.02,0.03*68
$GPGST,034249.80,0.03,0.02,0.03,0.0000,0.02,0.02,0.03*66
$GPGST,034250.00,0.02,0.01,0.02,0.0000,0.01,0.01,0.02*64
$GPGST,034250.20,0.02,0.01,0.02,0.0000,0.01,0.01,0.02*66
$GPGST,034250.40,0.02,0.01,0.02,0.0000,0.01,0.01,0.02*60
$GPGST,034250.60,0.02,0.02,0.02,0.0000,0.02,0.02,0.02*61
$GPGST,034250.80,0.03,0.02,0.03,0.0000,0.02,0.02,0.03*6E
$GPGST,034251.00,0.02,0.01,0.02,0.0000,0.01,0.01,0.02*65
$GPGST,034251.20,0.02,0.01,0.02,0.0000,0.01,0.01,0.02*67
$GPGST,034251.40,0.03,0.02,0.03,0.0000,0.02,0.02,0.03*63
$GPGST,034251.60,0.03,0.02,0.03,0.0000,0.02,0.02,0.03*61
$GPGST,034251.80,0.03,0.02,0.03,0.0000,0.02,0.02,0.03*6F
$GPGST,034252.00,0.02,0.02,0.02,0.0000,0.02,0.02,0.02*65
$GPGST,034252.20,0.02,0.02,0.02,0.0000,0.02,0.02,0.02*67
$GPGST,034252.40,0.03,0.02,0.03,0.0000,0.02,0.02,0.03*60
$GPGST,034252.60,0.03,0.02,0.03,0.0000,0.02,0.02,0.03*62
$GPGST,034252.80,0.03,0.02,0.03,0.0000,0.02,0.02,0.03*6C
$GPGST,034253.00,0.02,0.01,0.02,0.0000,0.01,0.01,0.02*67
$GPGST,034253.20,0.02,0.01,0.02,0.0000,0.01,0.01,0.02*65
$GPGST,034253.40,0.02,0.02,0.02,0.0000,0.02,0.02,0.02*60
$GPGST,034253.60,0.03,0.02,0.03,0.0000,0.02,0.02,0.03*63
$GPGST,034253.80,0.03,0.02,0.03,0.0000,0.02,0.02,0.03*6D
$GPGST,034254.00,0.02,0.01,0.02,0.0000,0.01,0.01,0.02*60
$GPGST,034254.20,0.03,0.02,0.03,0.0000,0.02,0.02,0.03*60
$GPGST,034254.40,0.03,0.02,0.03,0.0000,0.02,0.02,0.03*66
$GPGST,034254.60,0.03,0.02,0.03,0.0000,0.02,0.02,0.03*64
$GPGST,034254.80,0.03,0.02,0.03,0.0000,0.02,0.02,0.03*6A
$GPGST,034255.00,0.03,0.03,0.03,0.0000,0.03,0.03,0.03*62
$GPGST,034255.20,0.03,0.03,0.03,0.0000,0.03,0.03,0.03*60
$GPGST,034255.40,0.03,0.03,0.03,0.0000,0.03,0.03,0.03*66
$GPGST,034255.60,0.03,0.03,0.03,0.0000,0.03,0.03,0.03*64
$GPGST,034255.80,0.03,0.03,0.03,0.0000,0.03,0.03,0.03*6A
$GPGST,034256.00,0.03,0.02,0.03,0.0000,0.02,0.02,0.03*60
$GPGST,034256.20,0.03,0.02,0.03,0.0000,0.02,0.02,0.03*62
$GPGST,034256.40,0.03,0.02,0.03,0.0000,0.02,0.02,0.03*64
$GPGST,034256.60,0.03,0.02,0.03,0.0000,0.02,0.02,0.03*66
$GPGST,034256.80,0.03,0.02,0.03,0.0000,0.02,0.02,0.03*68
$GPGST,034257.00,0.03,0.02,0.03,0.0000,0.02,0.02,0.03*61
$GPGST,034257.20,0.03,0.02,0.03,0.0000,0.02,0.02,0.03*63
$GPGST,034257.40,0.03,0.02,0.03,0.0000,0.02,0.02,0.03*65
$GPGST,034257.60,0.03,0.02,0.03,0.0000,0.02,0.02,0.03*67
$GPGST,034257.80,0.03,0.02,0.03,0.0000,0.02,0.02,0.03*69
$GPGST,034258.00,0.02,0.02,0.02,0.0000,0.02,0.02,0.02*6F
$GPGST,034258.20,0.03,0.02,0.03,0.0000,0.02,0.02,0.03*6C
$GPGST,034258.40,0.03,0.02,0.03,0.0000,0.02,0.02,0.03*6A
$GPGST,034258.60,0.03,0.02,0.03,0.0000,0.02,0.02,0.03*68
$GPGST,034258.80,0.03,0.02,0.03,0.0000,0.02,0.02,0.03*66
$GPGST,034259.00,0.02,0.01,0.02,0.0000,0.01,0.01,0.02*6D
$GPGST,034259.20,0.02,0.02,0.02,0.0000,0.02,0.02,0.02*6C
$GPGST,034259.40,0.02,0.02,0.02,0.0000,0.02,0.02,0.02*6A
$GPGST,034259.60,0.03,0.02,0.03,0.0000,0.02,0.02,0.03*69
$GPGST,034259.80,0.03,0.02,0.03,0.0000,0.02,0.02,0.03*67
$GPGST,034300.00,0.02,0.01,0.02,0.0000,0.01,0.01,0.02*60
$GPGST,034300.20,0.02,0.01,0.02,0.0000,0.01,0.01,0.02*62
$GPGST,034300.40,0.02,0.02,0.02,0.0000,0.02,0.02,0.02*67
$GPGST,034300.60,0.03,0.02,0.03,0.0000,0.02,0.02,0.03*64
$GPGST,034300.80,0.03,0.02,0.03,0.0000,0.02,0.02,0.03*6A
$GPGST,034301.00,0.02,0.01,0.02,0.0000,0.01,0.01,0.02*61
$GPGST,034301.20,0.02,0.02,0.02,0.0000,0.02,0.02,0.02*60
$GPGST,034301.40,0.03,0.02,0.03,0.0000,0.02,0.02,0.03*67
$GPGST,034301.60,0.03,0.02,0.03,0.0000,0.02,0.02,0.03*65
$GPGST,034301.80,0.03,0.02,0.03,0.0000,0.02,0.02,0.03*6B
$GPGST,034302.00,0.02,0.01,0.02,0.0000,0.01,0.01,0.02*62
$GPGST,034302.20,0.02,0.01,0.02,0.0000,0.01,0.01,0.02*60
$GPGST,034302.40,0.02,0.02,0.02,0.0000,0.02,0.02,0.02*65
$GPGST,034302.60,0.02,0.02,0.02,0.0000,0.02,0.02,0.02*67
$GPGST,034302.80,0.03,0.02,0.03,0.0000,0.02,0.02,0.03*68
$GPGST,034303.00,0.02,0.01,0.02,0.0000,0.01,0.01,0.02*63
$GPGST,034303.20,0.02,0.01,0.02,0.0000,0.01,0.01,0.02*61
$GPGST,034303.40,0.02,0.01,0.02,0.0000,0.01,0.01,0.02*67
$GPGST,034303.60,0.02,0.02,0.02,0.0000,0.02,0.02,0.02*66
$GPGST,034303.80,0.02,0.02,0.02,0.0000,0.02,0.02,0.02*68
$GPGST,034304.00,0.02,0.01,0.02,0.0000,0.01,0.01,0.02*64
$GPGST,034304.20,0.02,0.01,0.02,0.0000,0.01,0.01,0.02*66
$GPGST,034304.40,0.02,0.01,0.02,0.0000,0.01,0.01,0.02*60
$GPGST,034304.60,0.02,0.02,0.02,0.0000,0.02,0.02,0.02*61
$GPGST,034304.80,0.02,0.02,0.02,0.0000,0.02,0.02,0.02*6F
$GPGST,034305.00,0.02,0.01,0.02,0.0000,0.01,0.01,0.02*65
$GPGST,034305.20,0.02,0.01,0.02,0.0000,0.01,0.01,0.02*67
$GPGST,034305.40,0.02,0.01,0.02,0.0000,0.01,0.01,0.02*61
$GPGST,034305.60,0.02,0.02,0.02,0.0000,0.02,0.01,0.02*63
$GPGST,034305.80,0.02,0.02,0.02,0.0000,0.02,0.02,0.02*6E
$GPGST,034306.00,0.02,0.01,0.02,0.0000,0.01,0.01,0.02*66
$GPGST,034306.20,0.02,0.01,0.02,0.0000,0.01,0.01,0.02*64
$GPGST,034306.40,0.02,0.01,0.02,0.0000,0.01,0.01,0.02*62
$GPGST,034306.60,0.02,0.02,0.02,0.0000,0.02,0.01,0.02*60
$GPGST,034306.80,0.02,0.02,0.02,0.0000,0.02,0.02,0.02*6D
$GPGST,034307.00,0.02,0.01,0.02,0.0000,0.01,0.01,0.02*67
$GPGST,034307.20,0.02,0.01,0.02,0.0000,0.01,0.01,0.02*65
$GPGST,034307.40,0.02,0.01,0.02,0.0000,0.01,0.01,0.02*63
$GPGST,034307.60,0.02,0.01,0.02,0.0000,0.01,0.01,0.02*61
$GPGST,034307.80,0.02,0.01,0.02,0.0000,0.01,0.01,0.02*6F
$GPGST,034308.00,0.02,0.01,0.02,0.0000,0.01,0.01,0.02*68
$GPGST,034308.20,0.02,0.01,0.02,0.0000,0.01,0.01,0.02*6A
$GPGST,034308.40,0.02,0.01,0.02,0.0000,0.01,0.01,0.02*6C
$GPGST,034308.60,0.02,0.02,0.02,0.0000,0.02,0.02,0.02*6D
$GPGST,034308.80,0.03,0.02,0.03,0.0000,0.02,0.02,0.03*62
$GPGST,034309.00,0.02,0.01,0.02,0.0000,0.01,0.01,0.02*69
$GPGST,034309.20,0.02,0.02,0.02,0.0000,0.02,0.02,0.02*68
$GPGST,034309.40,0.02,0.02,0.02,0.0000,0.02,0.02,0.02*6E
$GPGST,034309.60,0.03,0.02,0.03,0.0000,0.02,0.02,0.03*6D
$GPGST,034309.80,0.03,0.02,0.03,0.0000,0.02,0.02,0.03*63
$GPGST,034310.00,0.02,0.01,0.02,0.0000,0.01,0.01,0.02*61
$GPGST,034310.20,0.02,0.01,0.02,0.0000,0.01,0.01,0.02*63
$GPGST,034310.40,0.02,0.02,0.02,0.0000,0.02,0.01,0.02*65
$GPGST,034310.60,0.02,0.02,0.02,0.0000,0.02,0.02,0.02*64
$GPGST,034310.80,0.02,0.02,0.02,0.0000,0.02,0.02,0.02*6A
$GPGST,034311.00,0.02,0.01,0.02,0.0000,0.01,0.01,0.02*60
$GPGST,034311.20,0.02,0.01,0.02,0.0000,0.01,0.01,0.02*62
$GPGST,034311.40,0.02,0.01,0.02,0.0000,0.01,0.01,0.02*64
$GPGST,034311.60,0.02,0.01,0.02,0.0000,0.01,0.01,0.02*66
$GPGST,034311.80,0.02,0.02,0.02,0.0000,0.02,0.02,0.02*6B
$GPGST,034312.00,0.02,0.01,0.02,0.0000,0.01,0.01,0.02*63
$GPGST,034312.20,0.02,0.01,0.02,0.0000,0.01,0.01,0.02*61
$GPGST,034312.40,0.02,0.02,0.02,0.0000,0.02,0.02,0.02*64
$GPGST,034312.60,0.02,0.02,0.02,0.0000,0.02,0.02,0.02*66
$GPGST,034312.80,0.03,0.02,0.03,0.0000,0.02,0.02,0.03*69
$GPGST,034313.00,0.02,0.01,0.02,0.0000,0.01,0.01,0.02*62
$GPGST,034313.20,0.02,0.01,0.02,0.0000,0.01,0.01,0.02*60
$GPGST,034313.40,0.02,0.02,0.02,0.0000,0.02,0.02,0.02*65
$GPGST,034313.60,0.02,0.02,0.02,0.0000,0.02,0.02,0.02*67
$GPGST,034313.80,0.03,0.02,0.03,0.0000,0.02,0.02,0.03*68
$GPGST,034314.00,0.02,0.01,0.02,0.0000,0.01,0.01,0.02*65
$GPGST,034314.20,0.02,0.02,0.02,0.0000,0.02,0.02,0.02*64
$GPGST,034314.40,0.02,0.02,0.02,0.0000,0.02,0.02,0.02*62
$GPGST,034314.60,0.02,0.02,0.02,0.0000,0.02,0.02,0.02*60
$GPGST,034314.80,0.03,0.02,0.03,0.0000,0.02,0.02,0.03*6F
$GPGST,034315.00,0.02,0.02,0.02,0.0000,0.02,0.02,0.02*67
$GPGST,034315.20,0.02,0.02,0.02,0.0000,0.02,0.02,0.02*65
$GPGST,034315.40,0.03,0.02,0.03,0.0000,0.02,0.02,0.03*62
$GPGST,034315.60,0.03,0.02,0.03,0.0000,0.02,0.02,0.03*60
$GPGST,034315.80,0.03,0.02,0.03,0.0000,0.02,0.02,0.03*6E
$GPGST,034316.00,0.02,0.01,0.02,0.0000,0.01,0.01,0.02*67
$GPGST,034316.20,0.02,0.01,0.02,0.0000,0.01,0.01,0.02*65
$GPGST,034316.40,0.02,0.01,0.02,0.0000,0.01,0.01,0.02*63
$GPGST,034316.60,0.02,0.01,0.02,0.0000,0.01,0.01,0.02*61
$GPGST,034316.80,0.02,0.01,0.02,0.0000,0.01,0.01,0.02*6F
$GPGST,034317.00,0.02,0.01,0.02,0.0000,0.01,0.01,0.02*66
$GPGST,034317.20,0.02,0.01,0.02,0.0000,0.01,0.01,0.02*64
$GPGST,034317.40,0.02,0.02,0.02,0.0000,0.02,0.02,0.02*61
$GPGST,034317.60,0.03,0.02,0.03,0.0000,0.02,0.02,0.03*62
$GPGST,034317.80,0.03,0.02,0.03,0.0000,0.02,0.02,0.03*6C
$GPGST,034318.00,0.02,0.02,0.02,0.0000,0.02,0.02,0.02*6A
$GPGST,034318.20,0.02,0.02,0.02,0.0000,0.02,0.02,0.02*68
$GPGST,034318.40,0.02,0.02,0.02,0.0000,0.02,0.02,0.02*6E
$GPGST,034318.60,0.03,0.02,0.03,0.0000,0.02,0.02,0.03*6D
$GPGST,034318.80,0.03,0.02,0.03,0.0000,0.02,0.02,0.03*63
$GPGST,034319.00,0.02,0.01,0.02,0.0000,0.01,0.01,0.02*68
$GPGST,034319.20,0.02,0.01,0.02,0.0000,0.01,0.01,0.02*6A
$GPGST,034319.40,0.02,0.01,0.02,0.0000,0.01,0.01,0.02*6C
$GPGST,034319.60,0.02,0.02,0.02,0.0000,0.01,0.02,0.02*6E
$GPGST,034319.80,0.02,0.02,0.02,0.0000,0.02,0.02,0.02*63
$GPGST,034320.00,0.02,0.01,0.02,0.0000,0.01,0.01,0.02*62
$GPGST,034320.20,0.02,0.01,0.02,0.0000,0.01,0.01,0.02*60
$GPGST,034320.40,0.02,0.01,0.02,0.0000,0.01,0.01,0.02*66
$GPGST,034320.60,0.02,0.01,0.02,0.0000,0.01,0.01,0.02*64
$GPGST,034320.80,0.02,0.01,0.02,0.0000,0.01,0.01,0.02*6A
$GPGST,034321.00,0.02,0.01,0.02,0.0000,0.01,0.01,0.02*63
$GPGST,034321.20,0.02,0.01,0.02,0.0000,0.01,0.01,0.02*61
$GPGST,034321.40,0.02,0.01,0.02,0.0000,0.01,0.01,0.02*67
$GPGST,034321.60,0.02,0.01,0.02,0.0000,0.01,0.01,0.02*65
$GPGST,034321.80,0.02,0.01,0.02,0.0000,0.01,0.01,0.02*6B
$GPGST,034322.00,0.02,0.01,0.02,0.0000,0.01,0.01,0.02*60
$GPGST,034322.20,0.02,0.01,0.02,0.0000,0.01,0.01,0.02*62
$GPGST,034322.40,0.02,0.01,0.02,0.0000,0.01,0.01,0.02*64
$GPGST,034322.60,0.02,0.01,0.02,0.0000,0.01,0.01,0.02*66
$GPGST,034322.80,0.02,0.01,0.02,0.0000,0.01,0.01,0.02*68
$GPGST,034323.00,0.02,0.01,0.02,0.0000,0.01,0.01,0.02*61
$GPGST,034323.20,0.02,0.01,0.02,0.0000,0.01,0.01,0.02*63
$GPGST,034323.40,0.02,0.01,0.02,0.0000,0.01,0.01,0.02*65
$GPGST,034323.60,0.02,0.01,0.02,0.0000,0.01,0.01,0.02*67
$GPGST,034323.80,0.02,0.01,0.02,0.0000,0.01,0.01,0.02*69
$GPGST,034324.00,0.02,0.01,0.02,0.0000,0.01,0.01,0.02*66
$GPGST,034324.20,0.02,0.01,0.02,0.0000,0.01,0.01,0.02*64
$GPGST,034324.40,0.02,0.01,0.02,0.0000,0.01,0.01,0.02*62
$GPGST,034324.60,0.02,0.01,0.02,0.0000,0.01,0.01,0.02*60
$GPGST,034324.80,0.02,0.01,0.02,0.0000,0.01,0.01,0.02*6E
$GPGST,034325.00,0.02,0.01,0.02,0.0000,0.01,0.01,0.02*67
$GPGST,034325.20,0.02,0.01,0.02,0.0000,0.01,0.01,0.02*65
$GPGST,034325.40,0.02,0.01,0.02,0.0000,0.01,0.01,0.02*63
$GPGST,034325.60,0.02,0.01,0.02,0.0000,0.01,0.01,0.02*61
$GPGST,034325.80,0.02,0.01,0.02,0.0000,0.01,0.01,0.02*6F
$GPGST,034326.00,0.02,0.01,0.02,0.0000,0.01,0.01,0.02*64
$GPGST,034326.20,0.02,0.01,0.02,0.0000,0.01,0.01,0.02*66
$GPGST,034326.40,0.02,0.01,0.02,0.0000,0.01,0.01,0.02*60
$GPGST,034326.60,0.02,0.01,0.02,0.0000,0.01,0.01,0.02*62
$GPGST,034326.80,0.02,0.01,0.02,0.0000,0.01,0.01,0.02*6C
$GPGST,034327.00,0.02,0.01,0.02,0.0000,0.01,0.01,0.02*65
$GPGST,034327.20,0.02,0.01,0.02,0.0000,0.01,0.01,0.02*67
$GPGST,034327.40,0.02,0.01,0.02,0.0000,0.01,0.01,0.02*61
$GPGST,034327.60,0.02,0.01,0.02,0.0000,0.01,0.01,0.02*63
$GPGST,034327.80,0.02,0.01,0.02,0.0000,0.01,0.01,0.02*6D
$GPGST,034328.00,0.02,0.01,0.02,0.0000,0.01,0.01,0.02*6A
$GPGST,034328.20,0.02,0.01,0.02,0.0000,0.01,0.01,0.02*68
$GPGST,034328.40,0.02,0.01,0.02,0.0000,0.01,0.01,0.02*6E
$GPGST,034328.60,0.02,0.01,0.02,0.0000,0.01,0.01,0.02*6C
$GPGST,034328.80,0.02,0.01,0.02,0.0000,0.01,0.01,0.02*62
$GPGST,034329.00,0.02,0.01,0.02,0.0000,0.01,0.01,0.02*6B
$GPGST,034329.20,0.02,0.01,0.02,0.0000,0.01,0.01,0.02*69
$GPGST,034329.40,0.02,0.01,0.02,0.0000,0.01,0.01,0.02*6F
$GPGST,034329.60,0.02,0.01,0.02,0.0000,0.01,0.01,0.02*6D
$GPGST,034329.80,0.02,0.01,0.02,0.0000,0.01,0.01,0.02*63
$GPGST,034330.00,0.02,0.01,0.02,0.0000,0.01,0.01,0.02*63
$GPGST,034330.20,0.02,0.01,0.02,0.0000,0.01,0.01,0.02*61
$GPGST,034330.40,0.02,0.01,0.02,0.0000,0.01,0.01,0.02*67
$GPGST,034330.60,0.02,0.01,0.02,0.0000,0.01,0.01,0.02*65
$GPGST,034330.80,0.02,0.01,0.02,0.0000,0.01,0.01,0.02*6B
$GPGST,034331.00,0.02,0.01,0.02,0.0000,0.01,0.01,0.02*62
$GPGST,034331.20,0.02,0.01,0.02,0.0000,0.01,0.01,0.02*60
$GPGST,034331.40,0.02,0.01,0.02,0.0000,0.01,0.01,0.02*66
$GPGST,034331.60,0.02,0.01,0.02,0.0000,0.01,0.01,0.02*64
$GPGST,034331.80,0.02,0.01,0.02,0.0000,0.01,0.01,0.02*6A
$GPGST,034332.00,0.02,0.01,0.02,0.0000,0.01,0.01,0.02*61
$GPGST,034332.20,0.02,0.01,0.02,0.0000,0.01,0.01,0.02*63
$GPGST,034332.40,0.02,0.01,0.02,0.0000,0.01,0.01,0.02*65
$GPGST,034332.60,0.02,0.01,0.02,0.0000,0.01,0.01,0.02*67
$GPGST,034332.80,0.02,0.01,0.02,0.0000,0.01,0.01,0.02*69
$GPGST,034333.00,0.02,0.01,0.02,0.0000,0.01,0.01,0.02*60
$GPGST,034333.20,0.02,0.01,0.02,0.0000,0.01,0.01,0.02*62
$GPGST,034333.40,0.02,0.01,0.02,0.0000,0.01,0.01,0.02*64
$GPGST,034333.60,0.02,0.01,0.02,0.0000,0.01,0.01,0.02*66
$GPGST,034333.80,0.02,0.01,0.02,0.0000,0.01,0.01,0.02*68
$GPGST,034334.00,0.02,0.01,0.02,0.0000,0.01,0.01,0.02*67
$GPGST,034334.20,0.02,0.01,0.02,0.0000,0.01,0.01,0.02*65
$GPGST,034334.40,0.02,0.01,0.02,0.0000,0.01,0.01,0.02*63
$GPGST,034334.60,0.02,0.01,0.02,0.0000,0.01,0.01,0.02*61
$GPGST,034334.80,0.02,0.01,0.02,0.0000,0.01,0.01,0.02*6F
$GPGST,034335.00,0.02,0.01,0.02,0.0000,0.01,0.01,0.02*66
$GPGST,034335.20,0.02,0.01,0.02,0.0000,0.01,0.01,0.02*64
$GPGST,034335.40,0.02,0.01,0.02,0.0000,0.01,0.01,0.02*62
$GPGST,034335.60,0.02,0.01,0.02,0.0000,0.01,0.01,0.02*60
$GPGST,034335.80,0.02,0.01,0.02,0.0000,0.01,0.01,0.02*6E
$GPGST,034336.00,0.02,0.01,0.02,0.0000,0.01,0.01,0.02*65
$GPGST,034336.20,0.02,0.01,0.02,0.0000,0.01,0.01,0.02*67
$GPGST,034336.40,0.02,0.01,0.02,0.0000,0.01,0.01,0.02*61
$GPGST,034336.60,0.02,0.01,0.02,0.0000,0.01,0.01,0.02*63
$GPGST,034336.80,0.02,0.01,0.02,0.0000,0.01,0.01,0.02*6D
$GPGST,034337.00,0.02,0.01,0.02,0.0000,0.01,0.01,0.02*64
$GPGST,034337.20,0.02,0.01,0.02,0.0000,0.01,0.01,0.02*66
$GPGST,034337.40,0.02,0.01,0.02,0.0000,0.01,0.01,0.02*60
$GPGST,034337.60,0.02,0.01,0.02,0.0000,0.01,0.01,0.02*62
$GPGST,034337.80,0.02,0.01,0.02,0.0000,0.01,0.01,0.02*6C
$GPGST,034338.00,0.02,0.01,0.02,0.0000,0.01,0.01,0.02*6B
$GPGST,034338.20,0.02,0.01,0.02,0.0000,0.01,0.01,0.02*69
$GPGST,034338.40,0.02,0.01,0.02,0.0000,0.01,0.01,0.02*6F
$GPGST,034338.60,0.02,0.01,0.02,0.0000,0.01,0.01,0.02*6D
$GPGST,034338.80,0.02,0.01,0.02,0.0000,0.01,0.01,0.02*63
$GPGST,034339.00,0.02,0.01,0.02,0.0000,0.01,0.01,0.02*6A
$GPGST,034339.20,0.02,0.01,0.02,0.0000,0.01,0.01,0.02*68
$GPGST,034339.40,0.02,0.01,0.02,0.0000,0.01,0.01,0.02*6E
$GPGST,034339.60,0.02,0.01,0.02,0.0000,0.01,0.01,0.02*6C
$GPGST,034339.80,0.02,0.01,0.02,0.0000,0.01,0.01,0.02*62
$GPGST,034340.00,0.02,0.01,0.02,0.0000,0.01,0.01,0.02*64
$GPGST,034340.20,0.02,0.01,0.02,0.0000,0.01,0.01,0.02*66
$GPGST,034340.40,0.02,0.01,0.02,0.0000,0.01,0.01,0.02*60
$GPGST,034340.60,0.02,0.02,0.02,0.0000,0.01,0.02,0.02*62
$GPGST,034340.80,0.02,0.02,0.02,0.0000,0.02,0.02,0.02*6F
$GPGST,034341.00,0.02,0.01,0.02,0.0000,0.01,0.01,0.02*65
$GPGST,034341.20,0.02,0.01,0.02,0.0000,0.01,0.01,0.02*67
$GPGST,034341.40,0.02,0.01,0.02,0.0000,0.01,0.01,0.02*61
$GPGST,034341.60,0.02,0.02,0.02,0.0000,0.02,0.02,0.02*60
$GPGST,034341.80,0.03,0.02,0.03,0.0000,0.02,0.02,0.03*6F
$GPGST,034342.00,0.02,0.01,0.02,0.0000,0.01,0.01,0.02*66
$GPGST,034342.20,0.02,0.01,0.02,0.0000,0.01,0.01,0.02*64
$GPGST,034342.40,0.02,0.02,0.02,0.0000,0.02,0.02,0.02*61
$GPGST,034342.60,0.02,0.02,0.02,0.0000,0.02,0.02,0.02*63
$GPGST,034342.80,0.03,0.02,0.03,0.0000,0.02,0.02,0.03*6C
$GPGST,034343.00,0.02,0.01,0.02,0.0000,0.01,0.01,0.02*67
$GPGST,034343.20,0.02,0.01,0.02,0.0000,0.01,0.01,0.02*65
$GPGST,034343.40,0.02,0.02,0.02,0.0000,0.02,0.02,0.02*60
$GPGST,034343.60,0.03,0.02,0.03,0.0000,0.02,0.02,0.03*63
$GPGST,034343.80,0.03,0.02,0.03,0.0000,0.02,0.02,0.03*6D
$GPGST,034344.00,0.03,0.02,0.03,0.0000,0.02,0.02,0.03*62
$GPGST,034344.20,0.03,0.02,0.03,0.0000,0.02,0.02,0.03*60
$GPGST,034344.40,0.03,0.02,0.03,0.0000,0.02,0.02,0.03*66
$GPGST,034344.60,0.03,0.02,0.03,0.0000,0.02,0.02,0.03*64
$GPGST,034344.80,0.03,0.02,0.03,0.0000,0.02,0.02,0.03*6A
$GPGST,034345.00,0.02,0.02,0.02,0.0000,0.02,0.02,0.02*62
$GPGST,034345.20,0.02,0.02,0.02,0.0000,0.02,0.02,0.02*60
$GPGST,034345.40,0.03,0.02,0.03,0.0000,0.02,0.02,0.03*67
$GPGST,034345.60,0.03,0.02,0.03,0.0000,0.02,0.02,0.03*65
$GPGST,034345.80,0.03,0.02,0.03,0.0000,0.02,0.02,0.03*6B
$GPGST,034346.00,0.02,0.01,0.02,0.0000,0.01,0.01,0.02*62
$GPGST,034346.20,0.02,0.01,0.02,0.0000,0.01,0.01,0.02*60
$GPGST,034346.40,0.02,0.02,0.02,0.0000,0.02,0.02,0.02*65
$GPGST,034346.60,0.02,0.02,0.02,0.0000,0.02,0.02,0.02*67
$GPGST,034346.80,0.02,0.02,0.02,0.0000,0.02,0.02,0.02*69
$GPGST,034347.00,0.02,0.01,0.02,0.0000,0.01,0.01,0.02*63
$GPGST,034347.20,0.02,0.01,0.02,0.0000,0.01,0.01,0.02*61
$GPGST,034347.40,0.02,0.01,0.02,0.0000,0.01,0.01,0.02*67
$GPGST,034347.60,0.02,0.01,0.02,0.0000,0.01,0.01,0.02*65
$GPGST,034347.80,0.02,0.02,0.02,0.0000,0.02,0.02,0.02*68
$GPGST,034348.00,0.02,0.01,0.02,0.0000,0.01,0.01,0.02*6C
$GPGST,034348.20,0.02,0.01,0.02,0.0000,0.01,0.01,0.02*6E
$GPGST,034348.40,0.02,0.02,0.02,0.0000,0.02,0.02,0.02*6B
$GPGST,034348.60,0.02,0.02,0.02,0.0000,0.02,0.02,0.02*69
$GPGST,034348.80,0.02,0.02,0.02,0.0000,0.02,0.02,0.02*67
$GPGST,034349.00,0.02,0.01,0.02,0.0000,0.01,0.01,0.02*6D
$GPGST,034349.20,0.02,0.01,0.02,0.0000,0.01,0.01,0.02*6F
$GPGST,034349.40,0.02,0.01,0.02,0.0000,0.01,0.01,0.02*69
$GPGST,034349.60,0.02,0.02,0.02,0.0000,0.01,0.02,0.02*6B
$GPGST,034349.80,0.02,0.02,0.02,0.0000,0.02,0.02,0.02*66
$GPGST,034350.00,0.02,0.01,0.02,0.0000,0.01,0.01,0.02*65
$GPGST,034350.20,0.02,0.01,0.02,0.0000,0.01,0.01,0.02*67
$GPGST,034350.40,0.02,0.01,0.02,0.0000,0.01,0.01,0.02*61
$GPGST,034350.60,0.02,0.02,0.02,0.0000,0.02,0.02,0.02*60
$GPGST,034350.80,0.02,0.02,0.02,0.0000,0.02,0.02,0.02*6E
$GPGST,034351.00,0.02,0.01,0.02,0.0000,0.01,0.01,0.02*64
$GPGST,034351.20,0.02,0.01,0.02,0.0000,0.01,0.01,0.02*66
$GPGST,034351.40,0.02,0.02,0.02,0.0000,0.02,0.02,0.02*63
$GPGST,034351.60,0.02,0.02,0.02,0.0000,0.02,0.02,0.02*61
$GPGST,034351.80,0.03,0.02,0.03,0.0000,0.02,0.02,0.03*6E
$GPGST,034352.00,0.02,0.01,0.02,0.0000,0.01,0.01,0.02*67
$GPGST,034352.20,0.02,0.02,0.02,0.0000,0.02,0.01,0.02*65
$GPGST,034352.40,0.02,0.02,0.02,0.0000,0.02,0.02,0.02*60
$GPGST,034352.60,0.02,0.02,0.02,0.0000,0.02,0.02,0.02*62
$GPGST,034352.80,0.03,0.02,0.03,0.0000,0.02,0.02,0.03*6D
$GPGST,034353.00,0.02,0.01,0.02,0.0000,0.01,0.01,0.02*66
$GPGST,034353.20,0.02,0.01,0.02,0.0000,0.01,0.01,0.02*64
$GPGST,034353.40,0.02,0.01,0.02,0.0000,0.01,0.01,0.02*62
$GPGST,034353.60,0.02,0.02,0.02,0.0000,0.02,0.02,0.02*63
$GPGST,034353.80,0.03,0.02,0.03,0.0000,0.02,0.02,0.03*6C
$GPGST,034354.00,0.02,0.02,0.02,0.0000,0.02,0.02,0.02*62
$GPGST,034354.20,0.02,0.02,0.02,0.0000,0.02,0.02,0.02*60
$GPGST,034354.40,0.02,0.02,0.02,0.0000,0.02,0.02,0.02*66
$GPGST,034354.60,0.03,0.02,0.03,0.0000,0.02,0.02,0.03*65
$GPGST,034354.80,0.03,0.02,0.03,0.0000,0.02,0.02,0.03*6B
$GPGST,034355.00,0.02,0.01,0.02,0.0000,0.01,0.01,0.02*60
$GPGST,034355.20,0.02,0.02,0.02,0.0000,0.02,0.02,0.02*61
$GPGST,034355.40,0.03,0.02,0.03,0.0000,0.02,0.02,0.03*66
$GPGST,034355.60,0.03,0.02,0.03,0.0000,0.02,0.02,0.03*64
$GPGST,034355.80,0.03,0.02,0.03,0.0000,0.02,0.02,0.03*6A
$GPGST,034356.00,0.03,0.02,0.03,0.0000,0.02,0.02,0.03*61
$GPGST,034356.20,0.03,0.02,0.03,0.0000,0.02,0.02,0.03*63
$GPGST,034356.40,0.03,0.02,0.03,0.0000,0.02,0.02,0.03*65
$GPGST,034356.60,0.03,0.02,0.03,0.0000,0.02,0.02,0.03*67
$GPGST,034356.80,0.03,0.02,0.03,0.0000,0.02,0.02,0.03*69
$GPGST,034357.00,0.02,0.02,0.02,0.0000,0.02,0.02,0.02*61
$GPGST,034357.20,0.02,0.02,0.02,0.0000,0.02,0.02,0.02*63
$GPGST,034357.40,0.03,0.02,0.03,0.0000,0.02,0.02,0.03*64
$GPGST,034357.60,0.03,0.02,0.03,0.0000,0.02,0.02,0.03*66
$GPGST,034357.80,0.03,0.02,0.03,0.0000,0.02,0.02,0.03*68
$GPGST,034358.00,0.02,0.01,0.02,0.0000,0.01,0.01,0.02*6D
$GPGST,034358.20,0.02,0.01,0.02,0.0000,0.01,0.01,0.02*6F
$GPGST,034358.40,0.02,0.01,0.02,0.0000,0.01,0.01,0.02*69
$GPGST,034358.60,0.02,0.02,0.02,0.0000,0.02,0.02,0.02*68
$GPGST,034358.80,0.03,0.02,0.03,0.0000,0.02,0.02,0.03*67
$GPGST,034359.00,0.02,0.01,0.02,0.0000,0.01,0.01,0.02*6C
$GPGST,034359.20,0.03,0.03,0.03,0.0000,0.03,0.03,0.03*6D
$GPGST,034359.40,0.03,0.03,0.03,0.0000,0.03,0.03,0.03*6B
$GPGST,034359.60,0.03,0.03,0.03,0.0000,0.03,0.03,0.03*69
$GPGST,034359.80,0.04,0.03,0.04,0.0000,0.03,0.03,0.04*60
$GPGST,034400.00,0.04,0.03,0.04,0.0000,0.03,0.03,0.04*63
$GPGST,034400.20,0.04,0.03,0.04,0.0000,0.03,0.03,0.04*61
$GPGST,034400.40,0.04,0.03,0.04,0.0000,0.03,0.03,0.04*67
$GPGST,034400.60,0.04,0.03,0.04,0.0000,0.03,0.03,0.04*65
$GPGST,034400.80,0.04,0.03,0.04,0.0000,0.03,0.03,0.04*6B
$GPGST,034401.00,0.02,0.02,0.02,0.0000,0.02,0.02,0.02*65
$GPGST,034401.20,0.02,0.02,0.02,0.0000,0.02,0.02,0.02*67
$GPGST,034401.40,0.03,0.02,0.03,0.0000,0.02,0.02,0.03*60
$GPGST,034401.60,0.03,0.02,0.03,0.0000,0.02,0.02,0.03*62
$GPGST,034401.80,0.03,0.02,0.03,0.0000,0.02,0.02,0.03*6C
$GPGST,034402.00,0.02,0.02,0.02,0.0000,0.02,0.02,0.02*66
$GPGST,034402.20,0.03,0.02,0.03,0.0000,0.02,0.02,0.03*65
$GPGST,034402.40,0.03,0.02,0.03,0.0000,0.02,0.02,0.03*63
$GPGST,034402.60,0.03,0.02,0.03,0.0000,0.02,0.02,0.03*61
$GPGST,034402.80,0.03,0.02,0.03,0.0000,0.02,0.02,0.03*6F
$GPGST,034403.00,0.03,0.02,0.03,0.0000,0.02,0.02,0.03*66
$GPGST,034403.20,0.03,0.02,0.03,0.0000,0.02,0.02,0.03*64
$GPGST,034403.40,0.03,0.02,0.03,0.0000,0.02,0.02,0.03*62
$GPGST,034403.60,0.03,0.02,0.03,0.0000,0.02,0.02,0.03*60
$GPGST,034403.80,0.03,0.02,0.03,0.0000,0.02,0.02,0.03*6E
$GPGST,034404.00,0.02,0.02,0.02,0.0000,0.02,0.02,0.02*60
$GPGST,034404.20,0.03,0.02,0.03,0.0000,0.02,0.02,0.03*63
$GPGST,034404.40,0.03,0.02,0.03,0.0000,0.02,0.02,0.03*65
$GPGST,034404.60,0.03,0.02,0.03,0.0000,0.02,0.02,0.03*67
$GPGST,034404.80,0.03,0.02,0.03,0.0000,0.02,0.02,0.03*69
$GPGST,034405.00,0.03,0.02,0.03,0.0000,0.02,0.02,0.03*60
$GPGST,034405.20,0.03,0.02,0.03,0.0000,0.02,0.02,0.03*62
$GPGST,034405.40,0.03,0.02,0.03,0.0000,0.02,0.02,0.03*64
$GPGST,034405.60,0.03,0.02,0.03,0.0000,0.02,0.02,0.03*66
$GPGST,034405.80,0.03,0.02,0.03,0.0000,0.02,0.02,0.03*68
$GPGST,034406.00,0.02,0.02,0.02,0.0000,0.02,0.02,0.02*62
$GPGST,034406.20,0.02,0.02,0.02,0.0000,0.02,0.02,0.02*60
$GPGST,034406.40,0.02,0.02,0.02,0.0000,0.02,0.02,0.02*66
$GPGST,034406.60,0.03,0.02,0.03,0.0000,0.02,0.02,0.03*65
$GPGST,034406.80,0.03,0.02,0.03,0.0000,0.02,0.02,0.03*6B
$GPGST,034407.00,0.03,0.02,0.03,0.0000,0.02,0.02,0.03*62
$GPGST,034407.20,0.03,0.02,0.03,0.0000,0.02,0.02,0.03*60
$GPGST,034407.40,0.03,0.02,0.03,0.0000,0.02,0.02,0.03*66
$GPGST,034407.60,0.03,0.02,0.03,0.0000,0.02,0.02,0.03*64
$GPGST,034407.80,0.03,0.02,0.03,0.0000,0.02,0.02,0.03*6A
$GPGST,034408.00,0.02,0.02,0.02,0.0000,0.02,0.02,0.02*6C
$GPGST,034408.20,0.03,0.02,0.03,0.0000,0.02,0.02,0.03*6F
$GPGST,034408.40,0.03,0.02,0.03,0.0000,0.02,0.02,0.03*69
$GPGST,034408.60,0.03,0.02,0.03,0.0000,0.02,0.02,0.03*6B
$GPGST,034408.80,0.03,0.02,0.03,0.0000,0.02,0.02,0.03*65
$GPGST,034409.00,0.03,0.02,0.03,0.0000,0.02,0.02,0.03*6C
$GPGST,034409.20,0.03,0.02,0.03,0.0000,0.02,0.02,0.03*6E
$GPGST,034409.40,0.03,0.02,0.03,0.0000,0.02,0.02,0.03*68
$GPGST,034409.60,0.03,0.02,0.03,0.0000,0.02,0.02,0.03*6A
$GPGST,034409.80,0.03,0.02,0.03,0.0000,0.02,0.02,0.03*64
$GPGST,034410.00,0.02,0.02,0.02,0.0000,0.02,0.02,0.02*65
$GPGST,034410.20,0.03,0.02,0.03,0.0000,0.02,0.02,0.03*66
$GPGST,034410.40,0.03,0.02,0.03,0.0000,0.02,0.02,0.03*60
$GPGST,034410.60,0.03,0.03,0.03,0.0000,0.03,0.03,0.03*63
$GPGST,034410.80,0.03,0.03,0.03,0.0000,0.03,0.03,0.03*6D
$GPGST,034411.00,0.03,0.02,0.03,0.0000,0.02,0.02,0.03*65
$GPGST,034411.20,0.03,0.02,0.03,0.0000,0.02,0.02,0.03*67
$GPGST,034411.40,0.03,0.02,0.03,0.0000,0.02,0.02,0.03*61
$GPGST,034411.60,0.03,0.02,0.03,0.0000,0.02,0.02,0.03*63
$GPGST,034411.80,0.03,0.03,0.03,0.0000,0.03,0.03,0.03*6C
$GPGST,034412.00,0.02,0.02,0.02,0.0000,0.02,0.02,0.02*67
$GPGST,034412.20,0.02,0.02,0.02,0.0000,0.02,0.02,0.02*65
$GPGST,034412.40,0.03,0.02,0.03,0.0000,0.02,0.02,0.03*62
$GPGST,034412.60,0.03,0.02,0.03,0.0000,0.02,0.02,0.03*60
$GPGST,034412.80,0.03,0.02,0.03,0.0000,0.02,0.02,0.03*6E
$GPGST,034413.00,0.02,0.02,0.02,0.0000,0.02,0.02,0.02*66
$GPGST,034413.20,0.03,0.02,0.03,0.0000,0.02,0.02,0.03*65
$GPGST,034413.40,0.03,0.02,0.03,0.0000,0.02,0.02,0.03*63
$GPGST,034413.60,0.03,0.02,0.03,0.0000,0.02,0.02,0.03*61
$GPGST,034413.80,0.03,0.02,0.03,0.0000,0.02,0.02,0.03*6F
$GPGST,034414.00,0.03,0.03,0.03,0.0000,0.02,0.03,0.03*60
$GPGST,034414.20,0.03,0.03,0.03,0.0000,0.03,0.03,0.03*63
$GPGST,034414.40,0.03,0.03,0.03,0.0000,0.03,0.03,0.03*65
$GPGST,034414.60,0.04,0.03,0.04,0.0000,0.03,0.03,0.04*60
$GPGST,034414.80,0.04,0.03,0.04,0.0000,0.03,0.03,0.04*6E
$GPGST,034415.00,0.03,0.02,0.03,0.0000,0.02,0.02,0.03*61
$GPGST,034415.20,0.03,0.02,0.03,0.0000,0.02,0.02,0.03*63
$GPGST,034415.40,0.03,0.02,0.03,0.0000,0.02,0.02,0.03*65
$GPGST,034415.60,0.03,0.02,0.03,0.0000,0.02,0.02,0.03*67
$GPGST,034415.80,0.03,0.02,0.03,0.0000,0.02,0.02,0.03*69
$GPGST,034416.00,0.02,0.02,0.02,0.0000,0.02,0.02,0.02*63
$GPGST,034416.20,0.03,0.02,0.03,0.0000,0.02,0.02,0.03*60
$GPGST,034416.40,0.03,0.02,0.03,0.0000,0.02,0.02,0.03*66
$GPGST,034416.60,0.03,0.02,0.03,0.0000,0.02,0.02,0.03*64
$GPGST,034416.80,0.03,0.02,0.03,0.0000,0.02,0.02,0.03*6A
$GPGST,034417.00,0.03,0.02,0.03,0.0000,0.02,0.02,0.03*63
$GPGST,034417.20,0.03,0.02,0.03,0.0000,0.02,0.02,0.03*61
$GPGST,034417.40,0.03,0.02,0.03,0.0000,0.02,0.02,0.03*67
$GPGST,034417.60,0.03,0.02,0.03,0.0000,0.02,0.02,0.03*65
$GPGST,034417.80,0.03,0.03,0.03,0.0000,0.03,0.03,0.03*6A
$GPGST,034418.00,0.03,0.02,0.03,0.0000,0.02,0.02,0.03*6C
$GPGST,034418.20,0.03,0.02,0.03,0.0000,0.02,0.02,0.03*6E
$GPGST,034418.40,0.03,0.02,0.03,0.0000,0.02,0.02,0.03*68
$GPGST,034418.60,0.03,0.02,0.03,0.0000,0.02,0.02,0.03*6A
$GPGST,034418.80,0.03,0.02,0.03,0.0000,0.02,0.02,0.03*64
$GPGST,034419.00,0.03,0.02,0.03,0.0000,0.02,0.02,0.03*6D
$GPGST,034419.20,0.03,0.02,0.03,0.0000,0.02,0.02,0.03*6F
$GPGST,034419.40,0.03,0.02,0.03,0.0000,0.02,0.02,0.03*69
$GPGST,034419.60,0.03,0.02,0.03,0.0000,0.02,0.02,0.03*6B
$GPGST,034419.80,0.03,0.02,0.03,0.0000,0.02,0.02,0.03*65
$GPGST,034420.00,0.03,0.02,0.03,0.0000,0.02,0.02,0.03*67
$GPGST,034420.20,0.03,0.02,0.03,0.0000,0.02,0.02,0.03*65
$GPGST,034420.40,0.04,0.03,0.04,0.0000,0.03,0.03,0.04*65
$GPGST,034420.60,0.04,0.03,0.04,0.0000,0.03,0.03,0.04*67
$GPGST,034420.80,0.04,0.03,0.04,0.0000,0.03,0.03,0.04*69
$GPGST,034421.00,0.04,0.03,0.04,0.0000,0.03,0.03,0.04*60
$GPGST,034421.20,0.04,0.03,0.04,0.0000,0.03,0.03,0.04*62
$GPGST,034421.40,0.04,0.03,0.04,0.0000,0.03,0.03,0.04*64
$GPGST,034421.60,0.04,0.03,0.04,0.0000,0.03,0.03,0.04*66
$GPGST,034421.80,0.04,0.03,0.04,0.0000,0.03,0.03,0.04*68
$GPGST,034422.00,0.02,0.02,0.02,0.0000,0.02,0.02,0.02*64
$GPGST,034422.20,0.02,0.02,0.02,0.0000,0.02,0.02,0.02*66
$GPGST,034422.40,0.03,0.02,0.03,0.0000,0.02,0.02,0.03*61
$GPGST,034422.60,0.03,0.02,0.03,0.0000,0.02,0.02,0.03*63
$GPGST,034422.80,0.03,0.02,0.03,0.0000,0.02,0.02,0.03*6D
$GPGST,034423.00,0.02,0.02,0.02,0.0000,0.02,0.02,0.02*65
$GPGST,034423.20,0.03,0.02,0.03,0.0000,0.02,0.02,0.03*66
$GPGST,034423.40,0.03,0.02,0.03,0.0000,0.02,0.02,0.03*60
$GPGST,034423.60,0.03,0.02,0.03,0.0000,0.02,0.02,0.03*62
$GPGST,034423.80,0.03,0.02,0.03,0.0000,0.02,0.02,0.03*6C
$GPGST,034424.00,0.02,0.02,0.02,0.0000,0.02,0.02,0.02*62
$GPGST,034424.20,0.03,0.02,0.03,0.0000,0.02,0.02,0.03*61
$GPGST,034424.40,0.03,0.02,0.03,0.0000,0.02,0.02,0.03*67
$GPGST,034424.60,0.03,0.02,0.03,0.0000,0.02,0.02,0.03*65
$GPGST,034424.80,0.03,0.02,0.03,0.0000,0.02,0.02,0.03*6B
$GPGST,034425.00,0.02,0.02,0.02,0.0000,0.02,0.02,0.02*63
$GPGST,034425.20,0.02,0.02,0.02,0.0000,0.02,0.02,0.02*61
$GPGST,034425.40,0.03,0.02,0.03,0.0000,0.02,0.02,0.03*66
$GPGST,034425.60,0.03,0.02,0.03,0.0000,0.02,0.02,0.03*64
$GPGST,034425.80,0.03,0.02,0.03,0.0000,0.02,0.02,0.03*6A
$GPGST,034426.00,0.02,0.01,0.02,0.0000,0.01,0.01,0.02*63
$GPGST,034426.20,0.02,0.01,0.02,0.0000,0.01,0.01,0.02*61
$GPGST,034426.40,0.02,0.01,0.02,0.0000,0.01,0.01,0.02*67
$GPGST,034426.60,0.02,0.02,0.02,0.0000,0.02,0.02,0.02*66
$GPGST,034426.80,0.02,0.02,0.02,0.0000,0.02,0.02,0.02*68
$GPGST,034427.00,0.02,0.01,0.02,0.0000,0.01,0.01,0.02*62
$GPGST,034427.20,0.02,0.02,0.02,0.0000,0.01,0.02,0.02*60
$GPGST,034427.40,0.02,0.02,0.02,0.0000,0.02,0.02,0.02*65
$GPGST,034427.60,0.03,0.02,0.03,0.0000,0.02,0.02,0.03*66
$GPGST,034427.80,0.03,0.02,0.03,0.0000,0.02,0.02,0.03*68
$GPGST,034428.00,0.03,0.02,0.03,0.0000,0.02,0.02,0.03*6F
$GPGST,034428.20,0.03,0.02,0.03,0.0000,0.02,0.02,0.03*6D
$GPGST,034428.40,0.03,0.02,0.03,0.0000,0.02,0.02,0.03*6B
$GPGST,034428.60,0.03,0.02,0.03,0.0000,0.02,0.02,0.03*69
$GPGST,034428.80,0.03,0.03,0.03,0.0000,0.03,0.03,0.03*66
$GPGST,034429.00,0.02,0.02,0.02,0.0000,0.02,0.02,0.02*6F
$GPGST,034429.20,0.03,0.02,0.03,0.0000,0.02,0.02,0.03*6C
$GPGST,034429.40,0.03,0.02,0.03,0.0000,0.02,0.02,0.03*6A
$GPGST,034429.60,0.03,0.02,0.03,0.0000,0.02,0.02,0.03*68
$GPGST,034429.80,0.03,0.02,0.03,0.0000,0.02,0.02,0.03*66
$GPGST,034430.00,0.03,0.02,0.03,0.0000,0.02,0.02,0.03*66
$GPGST,034430.20,0.03,0.02,0.03,0.0000,0.02,0.02,0.03*64
$GPGST,034430.40,0.03,0.02,0.03,0.0000,0.02,0.02,0.03*62
$GPGST,034430.60,0.03,0.03,0.03,0.0000,0.03,0.02,0.03*60
$GPGST,034430.80,0.04,0.03,0.04,0.0000,0.03,0.03,0.04*68
$GPGST,034431.00,0.03,0.03,0.03,0.0000,0.03,0.03,0.03*66
$GPGST,034431.20,0.03,0.03,0.03,0.0000,0.03,0.03,0.03*64
$GPGST,034431.40,0.04,0.03,0.04,0.0000,0.03,0.03,0.04*65
$GPGST,034431.60,0.04,0.03,0.04,0.0000,0.03,0.03,0.04*67
$GPGST,034431.80,0.04,0.03,0.04,0.0000,0.03,0.03,0.04*69
$GPGST,034432.00,0.03,0.02,0.03,0.0000,0.02,0.02,0.03*64
$GPGST,034432.20,0.03,0.03,0.03,0.0000,0.03,0.03,0.03*67
$GPGST,034432.40,0.03,0.03,0.03,0.0000,0.03,0.03,0.03*61
$GPGST,034432.60,0.03,0.03,0.03,0.0000,0.03,0.03,0.03*63
$GPGST,034432.80,0.03,0.03,0.03,0.0000,0.03,0.03,0.03*6D
$GPGST,034433.00,0.02,0.02,0.02,0.0000,0.02,0.02,0.02*64
$GPGST,034433.20,0.03,0.02,0.03,0.0000,0.02,0.02,0.03*67
$GPGST,034433.40,0.03,0.02,0.03,0.0000,0.02,0.02,0.03*61
$GPGST,034433.60,0.03,0.03,0.03,0.0000,0.03,0.03,0.03*62
$GPGST,034433.80,0.03,0.03,0.03,0.0000,0.03,0.03,0.03*6C
$GPGST,034434.00,0.03,0.03,0.03,0.0000,0.03,0.03,0.03*63
$GPGST,034434.20,0.03,0.03,0.03,0.0000,0.03,0.03,0.03*61
$GPGST,034434.40,0.03,0.03,0.03,0.0000,0.03,0.03,0.03*67
$GPGST,034434.60,0.03,0.03,0.03,0.0000,0.03,0.03,0.03*65
$GPGST,034434.80,0.04,0.03,0.04,0.0000,0.03,0.03,0.04*6C
$GPGST,034435.00,0.03,0.02,0.03,0.0000,0.02,0.02,0.03*63
$GPGST,034435.20,0.03,0.02,0.03,0.0000,0.02,0.02,0.03*61
$GPGST,034435.40,0.03,0.02,0.03,0.0000,0.02,0.02,0.03*67
$GPGST,034435.60,0.03,0.03,0.03,0.0000,0.03,0.03,0.03*64
$GPGST,034435.80,0.04,0.03,0.04,0.0000,0.03,0.03,0.04*6D
$GPGST,034436.00,0.03,0.03,0.03,0.0000,0.03,0.03,0.03*61
$GPGST,034436.20,0.04,0.03,0.04,0.0000,0.03,0.03,0.04*64
$GPGST,034436.40,0.04,0.03,0.04,0.0000,0.03,0.03,0.04*62
$GPGST,034436.60,0.04,0.03,0.04,0.0000,0.03,0.03,0.04*60
$GPGST,034436.80,0.04,0.03,0.04,0.0000,0.03,0.03,0.04*6E
$GPGST,034437.00,0.03,0.02,0.03,0.0000,0.02,0.02,0.03*61
$GPGST,034437.20,0.03,0.02,0.03,0.0000,0.02,0.02,0.03*63
$GPGST,034437.40,0.04,0.03,0.04,0.0000,0.03,0.03,0.04*63
$GPGST,034437.60,0.04,0.03,0.04,0.0000,0.03,0.03,0.04*61
$GPGST,034437.80,0.04,0.03,0.04,0.0000,0.03,0.03,0.04*6F
$GPGST,034438.00,0.03,0.03,0.03,0.0000,0.03,0.03,0.03*6F
$GPGST,034438.20,0.03,0.03,0.03,0.0000,0.03,0.03,0.03*6D
$GPGST,034438.40,0.04,0.03,0.04,0.0000,0.03,0.03,0.04*6C
$GPGST,034438.60,0.04,0.03,0.04,0.0000,0.03,0.03,0.04*6E
$GPGST,034438.80,0.04,0.03,0.04,0.0000,0.03,0.03,0.04*60
$GPGST,034439.00,0.03,0.02,0.03,0.0000,0.02,0.02,0.03*6F
$GPGST,034439.20,0.03,0.02,0.03,0.0000,0.02,0.02,0.03*6D
$GPGST,034439.40,0.03,0.02,0.03,0.0000,0.02,0.02,0.03*6B
$GPGST,034439.60,0.04,0.03,0.04,0.0000,0.03,0.03,0.04*6F
$GPGST,034439.80,0.04,0.03,0.04,0.0000,0.03,0.03,0.04*61
$GPGST,034440.00,0.04,0.03,0.04,0.0000,0.03,0.03,0.04*67
$GPGST,034440.20,0.04,0.03,0.04,0.0000,0.03,0.03,0.04*65
$GPGST,034440.40,0.04,0.03,0.04,0.0000,0.03,0.03,0.04*63
$GPGST,034440.60,0.04,0.03,0.04,0.0000,0.03,0.03,0.04*61
$GPGST,034440.80,0.04,0.04,0.04,0.0000,0.04,0.04,0.04*68
$GPGST,034441.00,0.03,0.02,0.03,0.0000,0.02,0.02,0.03*60
$GPGST,034441.20,0.03,0.03,0.03,0.0000,0.03,0.03,0.03*63
$GPGST,034441.40,0.03,0.03,0.03,0.0000,0.03,0.03,0.03*65
$GPGST,034441.60,0.03,0.03,0.03,0.0000,0.03,0.03,0.03*67
$GPGST,034441.80,0.04,0.03,0.04,0.0000,0.03,0.03,0.04*6E
$GPGST,034442.00,0.03,0.02,0.03,0.0000,0.02,0.02,0.03*63
$GPGST,034442.20,0.03,0.02,0.03,0.0000,0.02,0.02,0.03*61
$GPGST,034442.40,0.03,0.02,0.03,0.0000,0.02,0.02,0.03*67
$GPGST,034442.60,0.03,0.03,0.03,0.0000,0.03,0.03,0.03*64
$GPGST,034442.80,0.03,0.03,0.03,0.0000,0.03,0.03,0.03*6A
$GPGST,034443.00,0.03,0.02,0.03,0.0000,0.02,0.02,0.03*62
$GPGST,034443.20,0.03,0.02,0.03,0.0000,0.02,0.02,0.03*60
$GPGST,034443.40,0.03,0.02,0.03,0.0000,0.02,0.02,0.03*66
$GPGST,034443.60,0.03,0.03,0.03,0.0000,0.03,0.03,0.03*65
$GPGST,034443.80,0.03,0.03,0.03,0.0000,0.03,0.03,0.03*6B
$GPGST,034444.00,0.02,0.02,0.02,0.0000,0.02,0.02,0.02*64
$GPGST,034444.20,0.03,0.02,0.03,0.0000,0.02,0.02,0.03*67
$GPGST,034444.40,0.03,0.02,0.03,0.0000,0.02,0.02,0.03*61
$GPGST,034444.60,0.03,0.02,0.03,0.0000,0.02,0.02,0.03*63
$GPGST,034444.80,0.03,0.03,0.03,0.0000,0.03,0.03,0.03*6C
$GPGST,034445.00,0.03,0.02,0.03,0.0000,0.02,0.02,0.03*64
$GPGST,034445.20,0.03,0.03,0.03,0.0000,0.03,0.03,0.03*67
$GPGST,034445.40,0.03,0.03,0.03,0.0000,0.03,0.03,0.03*61
$GPGST,034445.60,0.03,0.03,0.03,0.0000,0.03,0.03,0.03*63
$GPGST,034445.80,0.04,0.03,0.04,0.0000,0.03,0.03,0.04*6A
$GPGST,034446.00,0.03,0.02,0.03,0.0000,0.02,0.02,0.03*67
$GPGST,034446.20,0.03,0.02,0.03,0.0000,0.02,0.02,0.03*65
$GPGST,034446.40,0.03,0.02,0.03,0.0000,0.02,0.02,0.03*63
$GPGST,034446.60,0.03,0.03,0.03,0.0000,0.03,0.03,0.03*60
$GPGST,034446.80,0.03,0.03,0.03,0.0000,0.03,0.03,0.03*6E
$GPGST,034447.00,0.03,0.02,0.03,0.0000,0.02,0.02,0.03*66
$GPGST,034447.20,0.03,0.02,0.03,0.0000,0.02,0.02,0.03*64
$GPGST,034447.40,0.04,0.03,0.04,0.0000,0.03,0.03,0.04*64
$GPGST,034447.60,0.04,0.03,0.04,0.0000,0.03,0.03,0.04*66
$GPGST,034447.80,0.04,0.04,0.04,0.0000,0.04,0.03,0.04*68
$GPGST,034448.00,0.03,0.03,0.03,0.0000,0.03,0.03,0.03*68
$GPGST,034448.20,0.04,0.03,0.04,0.0000,0.03,0.03,0.04*6D
$GPGST,034448.40,0.04,0.03,0.04,0.0000,0.03,0.03,0.04*6B
$GPGST,034448.60,0.04,0.03,0.04,0.0000,0.03,0.03,0.04*69
$GPGST,034448.80,0.04,0.03,0.04,0.0000,0.03,0.03,0.04*67
$GPGST,034449.00,0.03,0.02,0.03,0.0000,0.02,0.02,0.03*68
$GPGST,034449.20,0.03,0.02,0.03,0.0000,0.02,0.02,0.03*6A
$GPGST,034449.40,0.03,0.02,0.03,0.0000,0.02,0.02,0.03*6C
$GPGST,034449.60,0.03,0.03,0.03,0.0000,0.03,0.03,0.03*6F
$GPGST,034449.80,0.03,0.03,0.03,0.0000,0.03,0.03,0.03*61
$GPGST,034450.00,0.03,0.02,0.03,0.0000,0.02,0.02,0.03*60
$GPGST,034450.20,0.03,0.02,0.03,0.0000,0.02,0.02,0.03*62
$GPGST,034450.40,0.03,0.03,0.03,0.0000,0.03,0.03,0.03*65
$GPGST,034450.60,0.03,0.03,0.03,0.0000,0.03,0.03,0.03*67
$GPGST,034450.80,0.04,0.03,0.04,0.0000,0.03,0.03,0.04*6E
$GPGST,034451.00,0.03,0.02,0.03,0.0000,0.02,0.02,0.03*61
$GPGST,034451.20,0.03,0.03,0.03,0.0000,0.03,0.03,0.03*62
$GPGST,034451.40,0.03,0.03,0.03,0.0000,0.03,0.03,0.03*64
$GPGST,034451.60,0.03,0.03,0.03,0.0000,0.03,0.03,0.03*66
$GPGST,034451.80,0.04,0.03,0.04,0.0000,0.03,0.03,0.04*6F
$GPGST,034452.00,0.03,0.02,0.03,0.0000,0.02,0.02,0.03*62
$GPGST,034452.20,0.03,0.02,0.03,0.0000,0.02,0.02,0.03*60
$GPGST,034452.40,0.03,0.02,0.03,0.0000,0.02,0.02,0.03*66
$GPGST,034452.60,0.03,0.02,0.03,0.0000,0.02,0.02,0.03*64
$GPGST,034452.80,0.03,0.02,0.03,0.0000,0.02,0.02,0.03*6A
$GPGST,034453.00,0.02,0.02,0.02,0.0000,0.02,0.02,0.02*62
$GPGST,034453.20,0.03,0.02,0.03,0.0000,0.02,0.02,0.03*61
$GPGST,034453.40,0.03,0.02,0.03,0.0000,0.02,0.02,0.03*67
$GPGST,034453.60,0.03,0.02,0.03,0.0000,0.02,0.02,0.03*65
$GPGST,034453.80,0.03,0.03,0.03,0.0000,0.03,0.03,0.03*6A
$GPGST,034454.00,0.03,0.02,0.03,0.0000,0.02,0.02,0.03*64
$GPGST,034454.20,0.03,0.02,0.03,0.0000,0.02,0.02,0.03*66
$GPGST,034454.40,0.03,0.03,0.03,0.0000,0.03,0.03,0.03*61
$GPGST,034454.60,0.03,0.03,0.03,0.0000,0.03,0.03,0.03*63
$GPGST,034454.80,0.04,0.03,0.04,0.0000,0.03,0.03,0.04*6A
$GPGST,034455.00,0.03,0.02,0.03,0.0000,0.02,0.02,0.03*65
$GPGST,034455.20,0.03,0.02,0.03,0.0000,0.02,0.02,0.03*67
$GPGST,034455.40,0.03,0.03,0.03,0.0000,0.03,0.03,0.03*60
$GPGST,034455.60,0.03,0.03,0.03,0.0000,0.03,0.03,0.03*62
$GPGST,034455.80,0.03,0.03,0.03,0.0000,0.03,0.03,0.03*6C
$GPGST,034456.00,0.03,0.02,0.03,0.0000,0.02,0.02,0.03*66
$GPGST,034456.20,0.03,0.03,0.03,0.0000,0.02,0.03,0.03*64
$GPGST,034456.40,0.03,0.03,0.03,0.0000,0.03,0.03,0.03*63
$GPGST,034456.60,0.03,0.03,0.03,0.0000,0.03,0.03,0.03*61
$GPGST,034456.80,0.04,0.03,0.04,0.0000,0.03,0.03,0.04*68
$GPGST,034457.00,0.03,0.02,0.03,0.0000,0.02,0.02,0.03*67
$GPGST,034457.20,0.03,0.02,0.03,0.0000,0.02,0.02,0.03*65
$GPGST,034457.40,0.03,0.02,0.03,0.0000,0.02,0.02,0.03*63
$GPGST,034457.60,0.03,0.02,0.03,0.0000,0.02,0.02,0.03*61
$GPGST,034457.80,0.03,0.03,0.03,0.0000,0.03,0.03,0.03*6E
$GPGST,034458.00,0.03,0.02,0.03,0.0000,0.02,0.02,0.03*68
$GPGST,034458.20,0.03,0.03,0.03,0.0000,0.03,0.03,0.03*6B
$GPGST,034458.40,0.03,0.03,0.03,0.0000,0.03,0.03,0.03*6D
$GPGST,034458.60,0.04,0.03,0.04,0.0000,0.03,0.03,0.04*68
$GPGST,034458.80,0.04,0.03,0.04,0.0000,0.03,0.03,0.04*66
$GPGST,034459.00,0.03,0.02,0.03,0.0000,0.02,0.02,0.03*69
$GPGST,034459.20,0.03,0.03,0.03,0.0000,0.03,0.03,0.03*6A
$GPGST,034459.40,0.03,0.03,0.03,0.0000,0.03,0.03,0.03*6C
$GPGST,034459.60,0.04,0.03,0.04,0.0000,0.03,0.03,0.04*69
$GPGST,034459.80,0.04,0.03,0.04,0.0000,0.03,0.03,0.04*67
$GPGST,034500.00,0.03,0.03,0.03,0.0000,0.03,0.03,0.03*65
$GPGST,034500.20,0.04,0.03,0.04,0.0000,0.03,0.03,0.04*60
$GPGST,034500.40,0.04,0.03,0.04,0.0000,0.03,0.03,0.04*66
$GPGST,034500.60,0.04,0.03,0.04,0.0000,0.03,0.03,0.04*64
$GPGST,034500.80,0.04,0.03,0.04,0.0000,0.03,0.03,0.04*6A
$GPGST,034501.00,0.03,0.02,0.03,0.0000,0.02,0.02,0.03*65
$GPGST,034501.20,0.03,0.02,0.03,0.0000,0.02,0.02,0.03*67
$GPGST,034501.40,0.03,0.03,0.03,0.0000,0.03,0.03,0.03*60
$GPGST,034501.60,0.03,0.03,0.03,0.0000,0.03,0.03,0.03*62
$GPGST,034501.80,0.04,0.03,0.04,0.0000,0.03,0.03,0.04*6B
$GPGST,034502.00,0.03,0.02,0.03,0.0000,0.02,0.02,0.03*66
$GPGST,034502.20,0.03,0.02,0.03,0.0000,0.02,0.02,0.03*64
$GPGST,034502.40,0.03,0.03,0.03,0.0000,0.03,0.03,0.03*63
$GPGST,034502.60,0.03,0.03,0.03,0.0000,0.03,0.03,0.03*61
$GPGST,034502.80,0.04,0.03,0.04,0.0000,0.03,0.03,0.04*68
$GPGST,034503.00,0.03,0.02,0.03,0.0000,0.02,0.02,0.03*67
$GPGST,034503.20,0.03,0.02,0.03,0.0000,0.02,0.02,0.03*65
$GPGST,034503.40,0.03,0.03,0.03,0.0000,0.03,0.03,0.03*62
$GPGST,034503.60,0.04,0.03,0.04,0.0000,0.03,0.03,0.04*67
$GPGST,034503.80,0.04,0.03,0.04,0.0000,0.03,0.03,0.04*69
$GPGST,034504.00,0.03,0.03,0.03,0.0000,0.03,0.03,0.03*61
$GPGST,034504.20,0.04,0.03,0.04,0.0000,0.03,0.03,0.04*64
$GPGST,034504.40,0.04,0.03,0.04,0.0000,0.03,0.03,0.04*62
$GPGST,034504.60,0.04,0.03,0.04,0.0000,0.03,0.03,0.04*60
$GPGST,034504.80,0.04,0.03,0.04,0.0000,0.03,0.03,0.04*6E
$GPGST,034505.00,0.03,0.03,0.03,0.0000,0.03,0.03,0.03*60
$GPGST,034505.20,0.04,0.03,0.04,0.0000,0.03,0.03,0.04*65
$GPGST,034505.40,0.04,0.04,0.04,0.0000,0.04,0.04,0.04*64
$GPGST,034505.60,0.04,0.04,0.04,0.0000,0.04,0.04,0.04*66
$GPGST,034505.80,0.04,0.04,0.04,0.0000,0.04,0.04,0.04*68
$GPGST,034506.00,0.04,0.03,0.04,0.0000,0.03,0.03,0.04*64
$GPGST,034506.20,0.04,0.03,0.04,0.0000,0.03,0.03,0.04*66
$GPGST,034506.40,0.04,0.03,0.04,0.0000,0.03,0.03,0.04*60
$GPGST,034506.60,0.04,0.04,0.04,0.0000,0.04,0.04,0.04*65
$GPGST,034506.80,0.04,0.04,0.04,0.0000,0.04,0.04,0.04*6B
$GPGST,034507.00,0.03,0.03,0.03,0.0000,0.03,0.03,0.03*62
$GPGST,034507.20,0.03,0.03,0.03,0.0000,0.03,0.03,0.03*60
$GPGST,034507.40,0.04,0.03,0.04,0.0000,0.03,0.03,0.04*61
$GPGST,034507.60,0.04,0.04,0.04,0.0000,0.04,0.03,0.04*63
$GPGST,034507.80,0.04,0.04,0.04,0.0000,0.04,0.04,0.04*6A
$GPGST,034508.00,0.03,0.03,0.03,0.0000,0.03,0.03,0.03*6D
$GPGST,034508.20,0.03,0.03,0.03,0.0000,0.03,0.03,0.03*6F
$GPGST,034508.40,0.04,0.03,0.04,0.0000,0.03,0.03,0.04*6E
$GPGST,034508.60,0.04,0.03,0.04,0.0000,0.03,0.03,0.04*6C
$GPGST,034508.80,0.04,0.04,0.04,0.0000,0.04,0.03,0.04*62
$GPGST,034509.00,0.03,0.02,0.03,0.0000,0.02,0.02,0.03*6D
$GPGST,034509.20,0.03,0.03,0.03,0.0000,0.03,0.03,0.03*6E
$GPGST,034509.40,0.03,0.03,0.03,0.0000,0.03,0.03,0.03*68
$GPGST,034509.60,0.04,0.03,0.04,0.0000,0.03,0.03,0.04*6D
$GPGST,034509.80,0.04,0.03,0.04,0.0000,0.03,0.03,0.04*63
$GPGST,034510.00,0.03,0.02,0.03,0.0000,0.02,0.02,0.03*65
$GPGST,034510.20,0.03,0.02,0.03,0.0000,0.02,0.02,0.03*67
$GPGST,034510.40,0.03,0.03,0.03,0.0000,0.03,0.03,0.03*60
$GPGST,034510.60,0.04,0.03,0.04,0.0000,0.03,0.03,0.04*65
$GPGST,034510.80,0.04,0.03,0.04,0.0000,0.03,0.03,0.04*6B
$GPGST,034511.00,0.03,0.03,0.03,0.0000,0.03,0.03,0.03*65
$GPGST,034511.20,0.03,0.03,0.03,0.0000,0.03,0.03,0.03*67
$GPGST,034511.40,0.04,0.03,0.04,0.0000,0.03,0.03,0.04*66
$GPGST,034511.60,0.04,0.03,0.04,0.0000,0.03,0.03,0.04*64
$GPGST,034511.80,0.04,0.03,0.04,0.0000,0.03,0.03,0.04*6A
$GPGST,034512.00,0.03,0.02,0.03,0.0000,0.02,0.02,0.03*67
$GPGST,034512.20,0.03,0.03,0.03,0.0000,0.03,0.03,0.03*64
$GPGST,034512.40,0.04,0.03,0.04,0.0000,0.03,0.03,0.04*65
$GPGST,034512.60,0.04,0.03,0.04,0.0000,0.03,0.03,0.04*67
$GPGST,034512.80,0.04,0.03,0.04,0.0000,0.03,0.03,0.04*69
$GPGST,034513.00,0.03,0.02,0.03,0.0000,0.02,0.02,0.03*66
$GPGST,034513.20,0.03,0.03,0.03,0.0000,0.03,0.03,0.03*65
$GPGST,034513.40,0.03,0.03,0.03,0.0000,0.03,0.03,0.03*63
$GPGST,034513.60,0.04,0.03,0.04,0.0000,0.03,0.03,0.04*66
$GPGST,034513.80,0.04,0.03,0.04,0.0000,0.03,0.03,0.04*68
$GPGST,034514.00,0.03,0.03,0.03,0.0000,0.03,0.03,0.03*60
$GPGST,034514.20,0.03,0.03,0.03,0.0000,0.03,0.03,0.03*62
$GPGST,034514.40,0.04,0.03,0.04,0.0000,0.03,0.03,0.04*63
$GPGST,034514.60,0.04,0.03,0.04,0.0000,0.03,0.03,0.04*61
$GPGST,034514.80,0.04,0.03,0.04,0.0000,0.03,0.03,0.04*6F
$GPGST,034515.00,0.03,0.02,0.03,0.0000,0.02,0.02,0.03*60
$GPGST,034515.20,0.03,0.03,0.03,0.0000,0.03,0.03,0.03*63
$GPGST,034515.40,0.03,0.03,0.03,0.0000,0.03,0.03,0.03*65
$GPGST,034515.60,0.04,0.03,0.04,0.0000,0.03,0.03,0.04*60
$GPGST,034515.80,0.04,0.03,0.04,0.0000,0.03,0.03,0.04*6E
$GPGST,034516.00,0.03,0.02,0.03,0.0000,0.02,0.02,0.03*63
$GPGST,034516.20,0.03,0.02,0.03,0.0000,0.02,0.02,0.03*61
$GPGST,034516.40,0.03,0.03,0.03,0.0000,0.03,0.03,0.03*66
$GPGST,034516.60,0.04,0.03,0.04,0.0000,0.03,0.03,0.04*63
$GPGST,034516.80,0.04,0.03,0.04,0.0000,0.03,0.03,0.04*6D
$GPGST,034517.00,0.03,0.02,0.03,0.0000,0.02,0.02,0.03*62
$GPGST,034517.20,0.03,0.02,0.03,0.0000,0.02,0.02,0.03*60
$GPGST,034517.40,0.03,0.03,0.03,0.0000,0.03,0.03,0.03*67
$GPGST,034517.60,0.03,0.03,0.03,0.0000,0.03,0.03,0.03*65
$GPGST,034517.80,0.04,0.03,0.04,0.0000,0.03,0.03,0.04*6C
$GPGST,034518.00,0.03,0.02,0.03,0.0000,0.02,0.02,0.03*6D
$GPGST,034518.20,0.03,0.02,0.03,0.0000,0.02,0.02,0.03*6F
$GPGST,034518.40,0.03,0.03,0.03,0.0000,0.03,0.03,0.03*68
$GPGST,034518.60,0.03,0.03,0.03,0.0000,0.03,0.03,0.03*6A
$GPGST,034518.80,0.04,0.03,0.04,0.0000,0.03,0.03,0.04*63
$GPGST,034519.00,0.03,0.02,0.03,0.0000,0.02,0.02,0.03*6C
$GPGST,034519.20,0.03,0.02,0.03,0.0000,0.02,0.02,0.03*6E
$GPGST,034519.40,0.03,0.03,0.03,0.0000,0.03,0.03,0.03*69
$GPGST,034519.60,0.04,0.03,0.04,0.0000,0.03,0.03,0.04*6C
$GPGST,034519.80,0.04,0.04,0.04,0.0000,0.04,0.04,0.04*65
$GPGST,034520.00,0.04,0.03,0.04,0.0000,0.03,0.03,0.04*60
$GPGST,034520.20,0.04,0.03,0.04,0.0000,0.03,0.03,0.04*62
$GPGST,034520.40,0.04,0.03,0.04,0.0000,0.03,0.03,0.04*64
$GPGST,034520.60,0.04,0.04,0.04,0.0000,0.04,0.04,0.04*61
$GPGST,034520.80,0.04,0.04,0.04,0.0000,0.04,0.04,0.04*6F
$GPGST,034521.00,0.03,0.02,0.03,0.0000,0.02,0.02,0.03*67
$GPGST,034521.20,0.03,0.02,0.03,0.0000,0.02,0.02,0.03*65
$GPGST,034521.40,0.03,0.03,0.03,0.0000,0.03,0.03,0.03*62
$GPGST,034521.60,0.04,0.03,0.04,0.0000,0.03,0.03,0.04*67
$GPGST,034521.80,0.04,0.03,0.04,0.0000,0.03,0.03,0.04*69
$GPGST,034522.00,0.03,0.03,0.03,0.0000,0.02,0.03,0.03*64
$GPGST,034522.20,0.04,0.03,0.04,0.0000,0.03,0.03,0.04*60
$GPGST,034522.40,0.04,0.03,0.04,0.0000,0.03,0.03,0.04*66
$GPGST,034522.60,0.04,0.03,0.04,0.0000,0.03,0.03,0.04*64
$GPGST,034522.80,0.04,0.04,0.04,0.0000,0.03,0.04,0.04*6A
$GPGST,034523.00,0.03,0.03,0.03,0.0000,0.03,0.03,0.03*64
$GPGST,034523.20,0.04,0.03,0.04,0.0000,0.03,0.03,0.04*61
$GPGST,034523.40,0.04,0.03,0.04,0.0000,0.03,0.03,0.04*67
$GPGST,034523.60,0.04,0.03,0.04,0.0000,0.03,0.03,0.04*65
$GPGST,034523.80,0.04,0.04,0.04,0.0000,0.04,0.04,0.04*6C
$GPGST,034524.00,0.03,0.03,0.03,0.0000,0.03,0.03,0.03*63
$GPGST,034524.20,0.04,0.03,0.04,0.0000,0.03,0.03,0.04*66
$GPGST,034524.40,0.04,0.03,0.04,0.0000,0.03,0.03,0.04*60
$GPGST,034524.60,0.04,0.03,0.04,0.0000,0.03,0.03,0.04*62
$GPGST,034524.80,0.04,0.03,0.04,0.0000,0.03,0.03,0.04*6C
$GPGST,034525.00,0.03,0.02,0.03,0.0000,0.02,0.02,0.03*63
$GPGST,034525.20,0.03,0.02,0.03,0.0000,0.02,0.02,0.03*61
$GPGST,034525.40,0.03,0.03,0.03,0.0000,0.03,0.03,0.03*66
$GPGST,034525.60,0.04,0.03,0.04,0.0000,0.03,0.03,0.04*63
$GPGST,034525.80,0.04,0.03,0.04,0.0000,0.03,0.03,0.04*6D
$GPGST,034526.00,0.03,0.02,0.03,0.0000,0.02,0.02,0.03*60
$GPGST,034526.20,0.03,0.03,0.03,0.0000,0.03,0.03,0.03*63
$GPGST,034526.40,0.03,0.03,0.03,0.0000,0.03,0.03,0.03*65
$GPGST,034526.60,0.04,0.03,0.04,0.0000,0.03,0.03,0.04*60
$GPGST,034526.80,0.04,0.03,0.04,0.0000,0.03,0.03,0.04*6E
$GPGST,034527.00,0.04,0.03,0.04,0.0000,0.03,0.03,0.04*67
$GPGST,034527.20,0.04,0.03,0.04,0.0000,0.03,0.03,0.04*65
$GPGST,034527.40,0.04,0.04,0.04,0.0000,0.04,0.04,0.04*64
$GPGST,034527.60,0.04,0.04,0.04,0.0000,0.04,0.04,0.04*66
$GPGST,034527.80,0.04,0.04,0.04,0.0000,0.04,0.04,0.04*68
$GPGST,034528.00,0.03,0.02,0.03,0.0000,0.02,0.02,0.03*6E
$GPGST,034528.20,0.03,0.03,0.03,0.0000,0.03,0.03,0.03*6D
$GPGST,034528.40,0.04,0.03,0.04,0.0000,0.03,0.03,0.04*6C
$GPGST,034528.60,0.04,0.03,0.04,0.0000,0.03,0.03,0.04*6E
$GPGST,034528.80,0.04,0.03,0.04,0.0000,0.03,0.03,0.04*60
$GPGST,034529.00,0.04,0.03,0.04,0.0000,0.03,0.03,0.04*69
$GPGST,034529.20,0.04,0.03,0.04,0.0000,0.03,0.03,0.04*6B
$GPGST,034529.40,0.04,0.03,0.04,0.0000,0.03,0.03,0.04*6D
$GPGST,034529.60,0.04,0.03,0.04,0.0000,0.03,0.03,0.04*6F
$GPGST,034529.80,0.04,0.04,0.04,0.0000,0.04,0.04,0.04*66
$GPGST,034530.00,0.03,0.02,0.03,0.0000,0.02,0.02,0.03*67
$GPGST,034530.20,0.03,0.03,0.03,0.0000,0.03,0.03,0.03*64
$GPGST,034530.40,0.03,0.03,0.03,0.0000,0.03,0.03,0.03*62
$GPGST,034530.60,0.03,0.03,0.03,0.0000,0.03,0.03,0.03*60
$GPGST,034530.80,0.03,0.03,0.03,0.0000,0.03,0.03,0.03*6E
$GPGST,034531.00,0.02,0.02,0.02,0.0000,0.02,0.02,0.02*67
$GPGST,034531.20,0.03,0.02,0.03,0.0000,0.02,0.02,0.03*64
$GPGST,034531.40,0.03,0.02,0.03,0.0000,0.02,0.02,0.03*62
$GPGST,034531.60,0.03,0.02,0.03,0.0000,0.02,0.02,0.03*60
$GPGST,034531.80,0.03,0.02,0.03,0.0000,0.02,0.02,0.03*6E
$GPGST,034532.00,0.02,0.01,0.02,0.0000,0.01,0.01,0.02*67
$GPGST,034532.20,0.02,0.01,0.02,0.0000,0.01,0.01,0.02*65
$GPGST,034532.40,0.02,0.02,0.02,0.0000,0.01,0.02,0.02*63
$GPGST,034532.60,0.02,0.02,0.02,0.0000,0.02,0.02,0.02*62
$GPGST,034532.80,0.03,0.02,0.03,0.0000,0.02,0.02,0.03*6D
$GPGST,034533.00,0.02,0.01,0.02,0.0000,0.01,0.01,0.02*66
$GPGST,034533.20,0.02,0.01,0.02,0.0000,0.01,0.01,0.02*64
$GPGST,034533.40,0.02,0.01,0.02,0.0000,0.01,0.01,0.02*62
$GPGST,034533.60,0.02,0.01,0.02,0.0000,0.01,0.01,0.02*60
$GPGST,034533.80,0.02,0.01,0.02,0.0000,0.01,0.01,0.02*6E
$GPGST,034534.00,0.02,0.01,0.02,0.0000,0.01,0.01,0.02*61
$GPGST,034534.20,0.02,0.01,0.02,0.0000,0.01,0.01,0.02*63
$GPGST,034534.40,0.02,0.01,0.02,0.0000,0.01,0.01,0.02*65
$GPGST,034534.60,0.02,0.01,0.02,0.0000,0.01,0.01,0.02*67
$GPGST,034534.80,0.02,0.01,0.02,0.0000,0.01,0.01,0.02*69
$GPGST,034535.00,0.02,0.01,0.02,0.0000,0.01,0.01,0.02*60
$GPGST,034535.20,0.02,0.01,0.02,0.0000,0.01,0.01,0.02*62
$GPGST,034535.40,0.02,0.01,0.02,0.0000,0.01,0.01,0.02*64
$GPGST,034535.60,0.02,0.01,0.02,0.0000,0.01,0.01,0.02*66
$GPGST,034535.80,0.02,0.01,0.02,0.0000,0.01,0.01,0.02*68
$GPGST,034536.00,0.02,0.01,0.02,0.0000,0.01,0.01,0.02*63
$GPGST,034536.20,0.02,0.01,0.02,0.0000,0.01,0.01,0.02*61
$GPGST,034536.40,0.02,0.01,0.02,0.0000,0.01,0.01,0.02*67
$GPGST,034536.60,0.02,0.01,0.02,0.0000,0.01,0.01,0.02*65
$GPGST,034536.80,0.02,0.01,0.02,0.0000,0.01,0.01,0.02*6B
$GPGST,034537.00,0.02,0.01,0.02,0.0000,0.01,0.01,0.02*62
$GPGST,034537.20,0.02,0.01,0.02,0.0000,0.01,0.01,0.02*60
$GPGST,034537.40,0.02,0.01,0.02,0.0000,0.01,0.01,0.02*66
$GPGST,034537.60,0.02,0.01,0.02,0.0000,0.01,0.01,0.02*64
$GPGST,034537.80,0.02,0.01,0.02,0.0000,0.01,0.01,0.02*6A
$GPGST,034538.00,0.02,0.01,0.02,0.0000,0.01,0.01,0.02*6D
$GPGST,034538.20,0.02,0.01,0.02,0.0000,0.01,0.01,0.02*6F
$GPGST,034538.40,0.02,0.01,0.02,0.0000,0.01,0.01,0.02*69
$GPGST,034538.60,0.02,0.01,0.02,0.0000,0.01,0.01,0.02*6B
$GPGST,034538.80,0.02,0.01,0.02,0.0000,0.01,0.01,0.02*65
$GPGST,034539.00,0.02,0.01,0.02,0.0000,0.01,0.01,0.02*6C
$GPGST,034539.20,0.02,0.01,0.02,0.0000,0.01,0.01,0.02*6E
$GPGST,034539.40,0.02,0.01,0.02,0.0000,0.01,0.01,0.02*68
$GPGST,034539.60,0.02,0.01,0.02,0.0000,0.01,0.01,0.02*6A
$GPGST,034539.80,0.02,0.01,0.02,0.0000,0.01,0.01,0.02*64
$GPGST,034540.00,0.02,0.01,0.02,0.0000,0.01,0.01,0.02*62
$GPGST,034540.20,0.02,0.01,0.02,0.0000,0.01,0.01,0.02*60
$GPGST,034540.40,0.02,0.01,0.02,0.0000,0.01,0.01,0.02*66
$GPGST,034540.60,0.02,0.01,0.02,0.0000,0.01,0.01,0.02*64
$GPGST,034540.80,0.02,0.01,0.02,0.0000,0.01,0.01,0.02*6A
$GPGST,034541.00,0.02,0.01,0.02,0.0000,0.01,0.01,0.02*63
$GPGST,034541.20,0.02,0.01,0.02,0.0000,0.01,0.01,0.02*61
$GPGST,034541.40,0.02,0.01,0.02,0.0000,0.01,0.01,0.02*67
$GPGST,034541.60,0.02,0.01,0.02,0.0000,0.01,0.01,0.02*65
$GPGST,034541.80,0.02,0.01,0.02,0.0000,0.01,0.01,0.02*6B
$GPGST,034542.00,0.02,0.01,0.02,0.0000,0.01,0.01,0.02*60
$GPGST,034542.20,0.02,0.01,0.02,0.0000,0.01,0.01,0.02*62
$GPGST,034542.40,0.02,0.01,0.02,0.0000,0.01,0.01,0.02*64
$GPGST,034542.60,0.02,0.01,0.02,0.0000,0.01,0.01,0.02*66
$GPGST,034542.80,0.02,0.01,0.02,0.0000,0.01,0.01,0.02*68
$GPGST,034543.00,0.02,0.01,0.02,0.0000,0.01,0.01,0.02*61
$GPGST,034543.20,0.02,0.01,0.02,0.0000,0.01,0.01,0.02*63
$GPGST,034543.40,0.02,0.01,0.02,0.0000,0.01,0.01,0.02*65
$GPGST,034543.60,0.02,0.01,0.02,0.0000,0.01,0.01,0.02*67
$GPGST,034543.80,0.02,0.01,0.02,0.0000,0.01,0.01,0.02*69
$GPGST,034544.00,0.02,0.01,0.02,0.0000,0.01,0.01,0.02*66
$GPGST,034544.20,0.02,0.01,0.02,0.0000,0.01,0.01,0.02*64
$GPGST,034544.40,0.02,0.01,0.02,0.0000,0.01,0.01,0.02*62
$GPGST,034544.60,0.02,0.01,0.02,0.0000,0.01,0.01,0.02*60
$GPGST,034544.80,0.02,0.01,0.02,0.0000,0.01,0.01,0.02*6E
$GPGST,034545.00,0.02,0.01,0.02,0.0000,0.01,0.01,0.02*67
$GPGST,034545.20,0.02,0.01,0.02,0.0000,0.01,0.01,0.02*65
$GPGST,034545.40,0.02,0.01,0.02,0.0000,0.01,0.01,0.02*63
$GPGST,034545.60,0.02,0.01,0.02,0.0000,0.01,0.01,0.02*61
$GPGST,034545.80,0.02,0.01,0.02,0.0000,0.01,0.01,0.02*6F
$GPGST,034546.00,0.02,0.01,0.02,0.0000,0.01,0.01,0.02*64
$GPGST,034546.20,0.02,0.01,0.02,0.0000,0.01,0.01,0.02*66
$GPGST,034546.40,0.02,0.01,0.02,0.0000,0.01,0.01,0.02*60
$GPGST,034546.60,0.02,0.01,0.02,0.0000,0.01,0.01,0.02*62
$GPGST,034546.80,0.02,0.01,0.02,0.0000,0.01,0.01,0.02*6C
$GPGST,034547.00,0.02,0.01,0.02,0.0000,0.01,0.01,0.02*65
$GPGST,034547.20,0.02,0.01,0.02,0.0000,0.01,0.01,0.02*67
$GPGST,034547.40,0.02,0.01,0.02,0.0000,0.01,0.01,0.02*61
$GPGST,034547.60,0.02,0.01,0.02,0.0000,0.01,0.01,0.02*63
$GPGST,034547.80,0.02,0.01,0.02,0.0000,0.01,0.01,0.02*6D
$GPGST,034548.00,0.02,0.01,0.02,0.0000,0.01,0.01,0.02*6A
$GPGST,034548.20,0.02,0.01,0.02,0.0000,0.01,0.01,0.02*68
$GPGST,034548.40,0.02,0.01,0.02,0.0000,0.01,0.01,0.02*6E
$GPGST,034548.60,0.02,0.01,0.02,0.0000,0.01,0.01,0.02*6C
$GPGST,034548.80,0.02,0.01,0.02,0.0000,0.01,0.01,0.02*62
$GPGST,034549.00,0.02,0.01,0.02,0.0000,0.01,0.01,0.02*6B
$GPGST,034549.20,0.02,0.01,0.02,0.0000,0.01,0.01,0.02*69
$GPGST,034549.40,0.02,0.01,0.02,0.0000,0.01,0.01,0.02*6F
$GPGST,034549.60,0.02,0.01,0.02,0.0000,0.01,0.01,0.02*6D
$GPGST,034549.80,0.02,0.01,0.02,0.0000,0.01,0.01,0.02*63
$GPGST,034550.00,0.02,0.01,0.02,0.0000,0.01,0.01,0.02*63
$GPGST,034550.20,0.02,0.01,0.02,0.0000,0.01,0.01,0.02*61
$GPGST,034550.40,0.02,0.01,0.02,0.0000,0.01,0.01,0.02*67
$GPGST,034550.60,0.02,0.01,0.02,0.0000,0.01,0.01,0.02*65
$GPGST,034550.80,0.02,0.01,0.02,0.0000,0.01,0.01,0.02*6B
$GPGST,034551.00,0.02,0.01,0.02,0.0000,0.01,0.01,0.02*62
$GPGST,034551.20,0.02,0.01,0.02,0.0000,0.01,0.01,0.02*60
$GPGST,034551.40,0.02,0.01,0.02,0.0000,0.01,0.01,0.02*66
$GPGST,034551.60,0.02,0.01,0.02,0.0000,0.01,0.01,0.02*64
$GPGST,034551.80,0.02,0.01,0.02,0.0000,0.01,0.01,0.02*6A
$GPGST,034552.00,0.02,0.01,0.02,0.0000,0.01,0.01,0.02*61
$GPGST,034552.20,0.02,0.01,0.02,0.0000,0.01,0.01,0.02*63
$GPGST,034552.40,0.02,0.01,0.02,0.0000,0.01,0.01,0.02*65
$GPGST,034552.60,0.02,0.01,0.02,0.0000,0.01,0.01,0.02*67
$GPGST,034552.80,0.02,0.01,0.02,0.0000,0.01,0.01,0.02*69
$GPGST,034553.00,0.02,0.01,0.02,0.0000,0.01,0.01,0.02*60
$GPGST,034553.20,0.02,0.01,0.02,0.0000,0.01,0.01,0.02*62
$GPGST,034553.40,0.02,0.01,0.02,0.0000,0.01,0.01,0.02*64
$GPGST,034553.60,0.02,0.01,0.02,0.0000,0.01,0.01,0.02*66
$GPGST,034553.80,0.02,0.01,0.02,0.0000,0.01,0.01,0.02*68
$GPGST,034554.00,0.02,0.01,0.02,0.0000,0.01,0.01,0.02*67
$GPGST,034554.20,0.02,0.01,0.02,0.0000,0.01,0.01,0.02*65
$GPGST,034554.40,0.02,0.01,0.02,0.0000,0.01,0.01,0.02*63
$GPGST,034554.60,0.02,0.01,0.02,0.0000,0.01,0.01,0.02*61
$GPGST,034554.80,0.02,0.01,0.02,0.0000,0.01,0.01,0.02*6F
$GPGST,034555.00,0.02,0.01,0.02,0.0000,0.01,0.01,0.02*66
$GPGST,034555.20,0.02,0.01,0.02,0.0000,0.01,0.01,0.02*64
$GPGST,034555.40,0.02,0.01,0.02,0.0000,0.01,0.01,0.02*62
$GPGST,034555.60,0.02,0.01,0.02,0.0000,0.01,0.01,0.02*60
$GPGST,034555.80,0.02,0.01,0.02,0.0000,0.01,0.01,0.02*6E
$GPGST,034556.00,0.02,0.01,0.02,0.0000,0.01,0.01,0.02*65
$GPGST,034556.20,0.02,0.01,0.02,0.0000,0.01,0.01,0.02*67
$GPGST,034556.40,0.02,0.01,0.02,0.0000,0.01,0.01,0.02*61
$GPGST,034556.60,0.02,0.01,0.02,0.0000,0.01,0.01,0.02*63
$GPGST,034556.80,0.02,0.01,0.02,0.0000,0.01,0.01,0.02*6D
$GPGST,034557.00,0.02,0.01,0.02,0.0000,0.01,0.01,0.02*64
$GPGST,034557.20,0.02,0.01,0.02,0.0000,0.01,0.01,0.02*66
$GPGST,034557.40,0.02,0.01,0.02,0.0000,0.01,0.01,0.02*60
$GPGST,034557.60,0.02,0.01,0.02,0.0000,0.01,0.01,0.02*62
$GPGST,034557.80,0.02,0.01,0.02,0.0000,0.01,0.01,0.02*6C
$GPGST,034558.00,0.02,0.01,0.02,0.0000,0.01,0.01,0.02*6B
$GPGST,034558.20,0.02,0.01,0.02,0.0000,0.01,0.01,0.02*69
$GPGST,034558.40,0.02,0.01,0.02,0.0000,0.01,0.01,0.02*6F
$GPGST,034558.60,0.02,0.01,0.02,0.0000,0.01,0.01,0.02*6D
$GPGST,034558.80,0.02,0.01,0.02,0.0000,0.01,0.01,0.02*63
$GPGST,034559.00,0.02,0.01,0.02,0.0000,0.01,0.01,0.02*6A
$GPGST,034559.20,0.02,0.01,0.02,0.0000,0.01,0.01,0.02*68
$GPGST,034559.40,0.02,0.01,0.02,0.0000,0.01,0.01,0.02*6E
$GPGST,034559.60,0.02,0.01,0.02,0.0000,0.01,0.01,0.02*6C
$GPGST,034559.80,0.02,0.01,0.02,0.0000,0.01,0.01,0.02*62
$GPGST,034600.00,0.02,0.01,0.02,0.0000,0.01,0.01,0.02*65
$GPGST,034600.20,0.02,0.01,0.02,0.0000,0.01,0.01,0.02*67
$GPGST,034600.40,0.02,0.01,0.02,0.0000,0.01,0.01,0.02*61
$GPGST,034600.60,0.02,0.01,0.02,0.0000,0.01,0.01,0.02*63
$GPGST,034600.80,0.02,0.01,0.02,0.0000,0.01,0.01,0.02*6D
$GPGST,034601.00,0.02,0.01,0.02,0.0000,0.01,0.01,0.02*64
$GPGST,034601.20,0.02,0.01,0.02,0.0000,0.01,0.01,0.02*66
$GPGST,034601.40,0.02,0.01,0.02,0.0000,0.01,0.01,0.02*60
$GPGST,034601.60,0.02,0.01,0.02,0.0000,0.01,0.01,0.02*62
$GPGST,034601.80,0.02,0.01,0.02,0.0000,0.01,0.01,0.02*6C
$GPGST,034602.00,0.02,0.01,0.02,0.0000,0.01,0.01,0.02*67
$GPGST,034602.20,0.02,0.01,0.02,0.0000,0.01,0.01,0.02*65
$GPGST,034602.40,0.02,0.01,0.02,0.0000,0.01,0.01,0.02*63
$GPGST,034602.60,0.02,0.01,0.02,0.0000,0.01,0.01,0.02*61
$GPGST,034602.80,0.02,0.01,0.02,0.0000,0.01,0.01,0.02*6F
$GPGST,034603.00,0.02,0.01,0.02,0.0000,0.01,0.01,0.02*66
$GPGST,034603.20,0.02,0.01,0.02,0.0000,0.01,0.01,0.02*64
$GPGST,034603.40,0.02,0.01,0.02,0.0000,0.01,0.01,0.02*62
$GPGST,034603.60,0.02,0.01,0.02,0.0000,0.01,0.01,0.02*60
$GPGST,034603.80,0.02,0.01,0.02,0.0000,0.01,0.01,0.02*6E
$GPGST,034604.00,0.02,0.01,0.02,0.0000,0.01,0.01,0.02*61
$GPGST,034604.20,0.02,0.01,0.02,0.0000,0.01,0.01,0.02*63
$GPGST,034604.40,0.02,0.01,0.02,0.0000,0.01,0.01,0.02*65
$GPGST,034604.60,0.02,0.01,0.02,0.0000,0.01,0.01,0.02*67
$GPGST,034604.80,0.02,0.01,0.02,0.0000,0.01,0.01,0.02*69
$GPGST,034605.00,0.02,0.01,0.02,0.0000,0.01,0.01,0.02*60
$GPGST,034605.20,0.02,0.01,0.02,0.0000,0.01,0.01,0.02*62
$GPGST,034605.40,0.02,0.01,0.02,0.0000,0.01,0.01,0.02*64
$GPGST,034605.60,0.02,0.01,0.02,0.0000,0.01,0.01,0.02*66
$GPGST,034605.80,0.02,0.02,0.02,0.0000,0.01,0.02,0.02*68
$GPGST,034606.00,0.02,0.01,0.02,0.0000,0.01,0.01,0.02*63
$GPGST,034606.20,0.02,0.01,0.02,0.0000,0.01,0.01,0.02*61
$GPGST,034606.40,0.02,0.01,0.02,0.0000,0.01,0.01,0.02*67
$GPGST,034606.60,0.02,0.01,0.02,0.0000,0.01,0.01,0.02*65
$GPGST,034606.80,0.02,0.02,0.02,0.0000,0.01,0.02,0.02*6B
$GPGST,034607.00,0.02,0.01,0.02,0.0000,0.01,0.01,0.02*62
$GPGST,034607.20,0.02,0.01,0.02,0.0000,0.01,0.01,0.02*60
$GPGST,034607.40,0.02,0.01,0.02,0.0000,0.01,0.01,0.02*66
$GPGST,034607.60,0.02,0.01,0.02,0.0000,0.01,0.01,0.02*64
$GPGST,034607.80,0.03,0.02,0.03,0.0000,0.01,0.02,0.03*6B
$GPGST,034608.00,0.02,0.01,0.02,0.0000,0.01,0.01,0.02*6D
$GPGST,034608.20,0.02,0.01,0.02,0.0000,0.01,0.01,0.02*6F
$GPGST,034608.40,0.02,0.01,0.02,0.0000,0.01,0.01,0.02*69
$GPGST,034608.60,0.02,0.01,0.02,0.0000,0.01,0.01,0.02*6B
$GPGST,034608.80,0.02,0.01,0.02,0.0000,0.01,0.01,0.02*65
$GPGST,034609.00,0.02,0.01,0.02,0.0000,0.01,0.01,0.02*6C
$GPGST,034609.20,0.02,0.01,0.02,0.0000,0.01,0.01,0.02*6E
$GPGST,034609.40,0.02,0.01,0.02,0.0000,0.01,0.01,0.02*68
$GPGST,034609.60,0.02,0.02,0.02,0.0000,0.01,0.02,0.02*6A
$GPGST,034609.80,0.02,0.02,0.02,0.0000,0.02,0.02,0.02*67
$GPGST,034610.00,0.02,0.01,0.02,0.0000,0.01,0.01,0.02*64
$GPGST,034610.20,0.02,0.02,0.02,0.0000,0.02,0.02,0.02*65
$GPGST,034610.40,0.03,0.02,0.03,0.0000,0.02,0.02,0.03*62
$GPGST,034610.60,0.03,0.02,0.03,0.0000,0.02,0.02,0.03*60
$GPGST,034610.80,0.03,0.02,0.03,0.0000,0.02,0.02,0.03*6E
$GPGST,034611.00,0.03,0.02,0.03,0.0000,0.02,0.02,0.03*67
$GPGST,034611.20,0.03,0.02,0.03,0.0000,0.02,0.02,0.03*65
$GPGST,034611.40,0.03,0.02,0.03,0.0000,0.02,0.02,0.03*63
$GPGST,034611.60,0.03,0.03,0.03,0.0000,0.03,0.03,0.03*60
$GPGST,034611.80,0.04,0.03,0.04,0.0000,0.03,0.03,0.04*69
$GPGST,034612.00,0.03,0.02,0.03,0.0000,0.02,0.02,0.03*64
$GPGST,034612.20,0.03,0.02,0.03,0.0000,0.02,0.02,0.03*66
$GPGST,034612.40,0.03,0.03,0.03,0.0000,0.03,0.03,0.03*61
$GPGST,034612.60,0.03,0.03,0.03,0.0000,0.03,0.03,0.03*63
$GPGST,034612.80,0.03,0.03,0.03,0.0000,0.03,0.03,0.03*6D
$GPGST,034613.00,0.03,0.02,0.03,0.0000,0.02,0.02,0.03*65
$GPGST,034613.20,0.03,0.02,0.03,0.0000,0.02,0.02,0.03*67
$GPGST,034613.40,0.03,0.02,0.03,0.0000,0.02,0.02,0.03*61
$GPGST,034613.60,0.03,0.02,0.03,0.0000,0.02,0.02,0.03*63
$GPGST,034613.80,0.03,0.02,0.03,0.0000,0.02,0.02,0.03*6D
$GPGST,034614.00,0.02,0.02,0.02,0.0000,0.02,0.02,0.02*63
$GPGST,034614.20,0.03,0.02,0.03,0.0000,0.02,0.02,0.03*60
$GPGST,034614.40,0.03,0.02,0.03,0.0000,0.02,0.02,0.03*66
$GPGST,034614.60,0.03,0.02,0.03,0.0000,0.02,0.02,0.03*64
$GPGST,034614.80,0.03,0.02,0.03,0.0000,0.02,0.02,0.03*6A
$GPGST,034615.00,0.03,0.02,0.03,0.0000,0.02,0.02,0.03*63
$GPGST,034615.20,0.03,0.02,0.03,0.0000,0.02,0.02,0.03*61
$GPGST,034615.40,0.03,0.02,0.03,0.0000,0.02,0.02,0.03*67
$GPGST,034615.60,0.03,0.02,0.03,0.0000,0.02,0.02,0.03*65
$GPGST,034615.80,0.03,0.03,0.03,0.0000,0.02,0.03,0.03*6B
$GPGST,034616.00,0.03,0.02,0.03,0.0000,0.02,0.02,0.03*60
$GPGST,034616.20,0.03,0.02,0.03,0.0000,0.02,0.02,0.03*62
$GPGST,034616.40,0.03,0.02,0.03,0.0000,0.02,0.02,0.03*64
$GPGST,034616.60,0.03,0.03,0.03,0.0000,0.02,0.03,0.03*66
$GPGST,034616.80,0.03,0.03,0.03,0.0000,0.03,0.03,0.03*69
$GPGST,034617.00,0.03,0.02,0.03,0.0000,0.02,0.02,0.03*61
$GPGST,034617.20,0.03,0.02,0.03,0.0000,0.02,0.02,0.03*63
$GPGST,034617.40,0.03,0.02,0.03,0.0000,0.02,0.02,0.03*65
$GPGST,034617.60,0.03,0.03,0.03,0.0000,0.03,0.03,0.03*66
$GPGST,034617.80,0.03,0.03,0.03,0.0000,0.03,0.03,0.03*68
$GPGST,034618.00,0.03,0.02,0.03,0.0000,0.02,0.02,0.03*6E
$GPGST,034618.20,0.03,0.02,0.03,0.0000,0.02,0.02,0.03*6C
$GPGST,034618.40,0.03,0.03,0.03,0.0000,0.03,0.03,0.03*6B
$GPGST,034618.60,0.03,0.03,0.03,0.0000,0.03,0.03,0.03*69
$GPGST,034618.80,0.04,0.03,0.04,0.0000,0.03,0.03,0.04*60
$GPGST,034619.00,0.03,0.02,0.03,0.0000,0.02,0.02,0.03*6F
$GPGST,034619.20,0.03,0.02,0.03,0.0000,0.02,0.02,0.03*6D
$GPGST,034619.40,0.03,0.03,0.03,0.0000,0.03,0.03,0.03*6A
$GPGST,034619.60,0.04,0.03,0.04,0.0000,0.03,0.03,0.04*6F
$GPGST,034619.80,0.04,0.03,0.04,0.0000,0.03,0.03,0.04*61
$GPGST,034620.00,0.03,0.03,0.03,0.0000,0.03,0.03,0.03*64
$GPGST,034620.20,0.03,0.03,0.03,0.0000,0.03,0.03,0.03*66
$GPGST,034620.40,0.04,0.03,0.04,0.0000,0.03,0.03,0.04*67
$GPGST,034620.60,0.04,0.03,0.04,0.0000,0.03,0.03,0.04*65
$GPGST,034620.80,0.04,0.03,0.04,0.0000,0.03,0.03,0.04*6B
$GPGST,034621.00,0.03,0.02,0.03,0.0000,0.02,0.02,0.03*64
$GPGST,034621.20,0.03,0.03,0.03,0.0000,0.03,0.03,0.03*67
$GPGST,034621.40,0.03,0.03,0.03,0.0000,0.03,0.03,0.03*61
$GPGST,034621.60,0.04,0.03,0.04,0.0000,0.03,0.03,0.04*64
$GPGST,034621.80,0.04,0.03,0.04,0.0000,0.03,0.03,0.04*6A
$GPGST,034622.00,0.03,0.03,0.03,0.0000,0.02,0.03,0.03*67
$GPGST,034622.20,0.04,0.03,0.04,0.0000,0.03,0.03,0.04*63
$GPGST,034622.40,0.04,0.03,0.04,0.0000,0.03,0.03,0.04*65
$GPGST,034622.60,0.04,0.03,0.04,0.0000,0.03,0.03,0.04*67
$GPGST,034622.80,0.04,0.04,0.04,0.0000,0.04,0.04,0.04*6E
$GPGST,034623.00,0.03,0.03,0.03,0.0000,0.03,0.03,0.03*67
$GPGST,034623.20,0.04,0.03,0.04,0.0000,0.03,0.03,0.04*62
$GPGST,034623.40,0.04,0.03,0.04,0.0000,0.03,0.03,0.04*64
$GPGST,034623.60,0.04,0.03,0.04,0.0000,0.03,0.03,0.04*66
$GPGST,034623.80,0.04,0.03,0.04,0.0000,0.03,0.03,0.04*68
$GPGST,034624.00,0.03,0.02,0.03,0.0000,0.02,0.02,0.03*61
$GPGST,034624.20,0.03,0.02,0.03,0.0000,0.02,0.02,0.03*63
$GPGST,034624.40,0.03,0.03,0.03,0.0000,0.03,0.03,0.03*64
$GPGST,034624.60,0.03,0.03,0.03,0.0000,0.03,0.03,0.03*66
$GPGST,034624.80,0.04,0.03,0.04,0.0000,0.03,0.03,0.04*6F
$GPGST,034625.00,0.03,0.02,0.03,0.0000,0.02,0.02,0.03*60
$GPGST,034625.20,0.03,0.02,0.03,0.0000,0.02,0.02,0.03*62
$GPGST,034625.40,0.04,0.03,0.04,0.0000,0.03,0.03,0.04*62
$GPGST,034625.60,0.04,0.03,0.04,0.0000,0.03,0.03,0.04*60
$GPGST,034625.80,0.04,0.03,0.04,0.0000,0.03,0.03,0.04*6E
$GPGST,034626.00,0.04,0.03,0.04,0.0000,0.03,0.03,0.04*65
$GPGST,034626.20,0.04,0.03,0.04,0.0000,0.03,0.03,0.04*67
$GPGST,034626.40,0.04,0.03,0.04,0.0000,0.03,0.03,0.04*61
$GPGST,034626.60,0.04,0.03,0.04,0.0000,0.03,0.03,0.04*63
$GPGST,034626.80,0.04,0.04,0.04,0.0000,0.04,0.04,0.04*6A
$GPGST,034627.00,0.03,0.03,0.03,0.0000,0.02,0.03,0.03*62
$GPGST,034627.20,0.04,0.03,0.04,0.0000,0.03,0.03,0.04*66
$GPGST,034627.40,0.04,0.03,0.04,0.0000,0.03,0.03,0.04*60
$GPGST,034627.60,0.04,0.04,0.04,0.0000,0.03,0.04,0.04*62
$GPGST,034627.80,0.04,0.04,0.04,0.0000,0.04,0.04,0.04*6B
$GPGST,034628.00,0.03,0.03,0.03,0.0000,0.03,0.03,0.03*6C
$GPGST,034628.20,0.03,0.03,0.03,0.0000,0.03,0.03,0.03*6E
$GPGST,034628.40,0.04,0.03,0.04,0.0000,0.03,0.03,0.04*6F
$GPGST,034628.60,0.04,0.03,0.04,0.0000,0.03,0.03,0.04*6D
$GPGST,034628.80,0.04,0.04,0.04,0.0000,0.03,0.04,0.04*63
$GPGST,034629.00,0.03,0.02,0.03,0.0000,0.02,0.02,0.03*6C
$GPGST,034629.20,0.03,0.03,0.03,0.0000,0.03,0.03,0.03*6F
$GPGST,034629.40,0.03,0.03,0.03,0.0000,0.03,0.03,0.03*69
$GPGST,034629.60,0.04,0.03,0.04,0.0000,0.03,0.03,0.04*6C
$GPGST,034629.80,0.04,0.03,0.04,0.0000,0.03,0.03,0.04*62
$GPGST,034630.00,0.03,0.02,0.03,0.0000,0.02,0.02,0.03*64
$GPGST,034630.20,0.03,0.02,0.03,0.0000,0.02,0.02,0.03*66
$GPGST,034630.40,0.03,0.03,0.03,0.0000,0.03,0.03,0.03*61
$GPGST,034630.60,0.03,0.03,0.03,0.0000,0.03,0.03,0.03*63
$GPGST,034630.80,0.03,0.03,0.03,0.0000,0.03,0.03,0.03*6D
$GPGST,034631.00,0.03,0.02,0.03,0.0000,0.02,0.02,0.03*65
$GPGST,034631.20,0.03,0.02,0.03,0.0000,0.02,0.02,0.03*67
$GPGST,034631.40,0.03,0.02,0.03,0.0000,0.02,0.02,0.03*61
$GPGST,034631.60,0.03,0.02,0.03,0.0000,0.02,0.02,0.03*63
$GPGST,034631.80,0.03,0.02,0.03,0.0000,0.02,0.02,0.03*6D
$GPGST,034632.00,0.03,0.02,0.03,0.0000,0.02,0.02,0.03*66
$GPGST,034632.20,0.03,0.02,0.03,0.0000,0.02,0.02,0.03*64
$GPGST,034632.40,0.03,0.02,0.03,0.0000,0.02,0.02,0.03*62
$GPGST,034632.60,0.03,0.03,0.03,0.0000,0.03,0.03,0.03*61
$GPGST,034632.80,0.03,0.03,0.03,0.0000,0.03,0.03,0.03*6F
$GPGST,034633.00,0.03,0.02,0.03,0.0000,0.02,0.02,0.03*67
$GPGST,034633.20,0.03,0.02,0.03,0.0000,0.02,0.02,0.03*65
$GPGST,034633.40,0.03,0.02,0.03,0.0000,0.02,0.02,0.03*63
$GPGST,034633.60,0.03,0.03,0.03,0.0000,0.03,0.03,0.03*60
$GPGST,034633.80,0.03,0.03,0.03,0.0000,0.03,0.03,0.03*6E
$GPGST,034634.00,0.03,0.02,0.03,0.0000,0.02,0.02,0.03*60
$GPGST,034634.20,0.03,0.02,0.03,0.0000,0.02,0.02,0.03*62
$GPGST,034634.40,0.03,0.03,0.03,0.0000,0.03,0.03,0.03*65
$GPGST,034634.60,0.04,0.03,0.04,0.0000,0.03,0.03,0.04*60
$GPGST,034634.80,0.04,0.03,0.04,0.0000,0.03,0.03,0.04*6E
$GPGST,034635.00,0.03,0.02,0.03,0.0000,0.02,0.02,0.03*61
$GPGST,034635.20,0.03,0.02,0.03,0.0000,0.02,0.02,0.03*63
$GPGST,034635.40,0.03,0.02,0.03,0.0000,0.02,0.02,0.03*65
$GPGST,034635.60,0.03,0.02,0.03,0.0000,0.02,0.02,0.03*67
$GPGST,034635.80,0.03,0.03,0.03,0.0000,0.02,0.03,0.03*69
$GPGST,034636.00,0.02,0.01,0.02,0.0000,0.01,0.01,0.02*60
$GPGST,034636.20,0.02,0.01,0.02,0.0000,0.01,0.01,0.02*62
$GPGST,034636.40,0.03,0.02,0.03,0.0000,0.01,0.02,0.03*65
$GPGST,034636.60,0.03,0.02,0.03,0.0000,0.01,0.02,0.03*67
$GPGST,034636.80,0.03,0.02,0.03,0.0000,0.02,0.02,0.03*6A
$GPGST,034637.00,0.02,0.01,0.02,0.0000,0.01,0.01,0.02*61
$GPGST,034637.20,0.02,0.01,0.02,0.0000,0.01,0.01,0.02*63
$GPGST,034637.40,0.02,0.01,0.02,0.0000,0.01,0.01,0.02*65
$GPGST,034637.60,0.02,0.01,0.02,0.0000,0.01,0.01,0.02*67
$GPGST,034637.80,0.02,0.01,0.02,0.0000,0.01,0.01,0.02*69
$GPGST,034638.00,0.02,0.01,0.02,0.0000,0.01,0.01,0.02*6E
$GPGST,034638.20,0.02,0.01,0.02,0.0000,0.01,0.01,0.02*6C
$GPGST,034638.40,0.02,0.01,0.02,0.0000,0.01,0.01,0.02*6A
$GPGST,034638.60,0.02,0.01,0.02,0.0000,0.01,0.01,0.02*68
$GPGST,034638.80,0.02,0.01,0.02,0.0000,0.01,0.01,0.02*66
$GPGST,034639.00,0.02,0.01,0.02,0.0000,0.01,0.01,0.02*6F
$GPGST,034639.20,0.02,0.01,0.02,0.0000,0.01,0.01,0.02*6D
$GPGST,034639.40,0.02,0.01,0.02,0.0000,0.01,0.01,0.02*6B
$GPGST,034639.60,0.02,0.01,0.02,0.0000,0.01,0.01,0.02*69
$GPGST,034639.80,0.02,0.01,0.02,0.0000,0.01,0.01,0.02*67
$GPGST,034640.00,0.02,0.01,0.02,0.0000,0.01,0.01,0.02*61
$GPGST,034640.20,0.02,0.01,0.02,0.0000,0.01,0.01,0.02*63
$GPGST,034640.40,0.02,0.01,0.02,0.0000,0.01,0.01,0.02*65
$GPGST,034640.60,0.02,0.02,0.02,0.0000,0.02,0.02,0.02*64
$GPGST,034640.80,0.03,0.03,0.03,0.0000,0.03,0.03,0.03*6A
$GPGST,034641.00,0.03,0.03,0.03,0.0000,0.03,0.03,0.03*63
$GPGST,034641.20,0.03,0.03,0.03,0.0000,0.03,0.03,0.03*61
$GPGST,034641.40,0.04,0.03,0.04,0.0000,0.03,0.03,0.04*60
$GPGST,034641.60,0.04,0.03,0.04,0.0000,0.03,0.03,0.04*62
$GPGST,034641.80,0.04,0.03,0.04,0.0000,0.03,0.03,0.04*6C
$GPGST,034642.00,0.03,0.02,0.03,0.0000,0.02,0.02,0.03*61
$GPGST,034642.20,0.03,0.02,0.03,0.0000,0.02,0.02,0.03*63
$GPGST,034642.40,0.03,0.03,0.03,0.0000,0.03,0.03,0.03*64
$GPGST,034642.60,0.03,0.03,0.03,0.0000,0.03,0.03,0.03*66
$GPGST,034642.80,0.04,0.03,0.04,0.0000,0.03,0.03,0.04*6F
$GPGST,034643.00,0.03,0.03,0.03,0.0000,0.03,0.03,0.03*61
$GPGST,034643.20,0.04,0.03,0.04,0.0000,0.03,0.03,0.04*64
$GPGST,034643.40,0.04,0.03,0.04,0.0000,0.03,0.03,0.04*62
$GPGST,034643.60,0.04,0.03,0.04,0.0000,0.03,0.03,0.04*60
$GPGST,034643.80,0.04,0.04,0.04,0.0000,0.03,0.04,0.04*6E
$GPGST,034644.00,0.03,0.02,0.03,0.0000,0.02,0.02,0.03*67
$GPGST,034644.20,0.03,0.03,0.03,0.0000,0.03,0.03,0.03*64
$GPGST,034644.40,0.03,0.03,0.03,0.0000,0.03,0.03,0.03*62
$GPGST,034644.60,0.04,0.03,0.04,0.0000,0.03,0.03,0.04*67
$GPGST,034644.80,0.04,0.03,0.04,0.0000,0.03,0.03,0.04*69
$GPGST,034645.00,0.03,0.02,0.03,0.0000,0.02,0.02,0.03*66
$GPGST,034645.20,0.03,0.03,0.03,0.0000,0.02,0.03,0.03*64
$GPGST,034645.40,0.03,0.03,0.03,0.0000,0.03,0.03,0.03*63
$GPGST,034645.60,0.04,0.03,0.04,0.0000,0.03,0.03,0.04*66
$GPGST,034645.80,0.04,0.03,0.04,0.0000,0.03,0.03,0.04*68
$GPGST,034646.00,0.03,0.02,0.03,0.0000,0.02,0.02,0.03*65
$GPGST,034646.20,0.03,0.02,0.03,0.0000,0.02,0.02,0.03*67
$GPGST,034646.40,0.03,0.02,0.03,0.0000,0.02,0.02,0.03*61
$GPGST,034646.60,0.03,0.02,0.03,0.0000,0.02,0.02,0.03*63
$GPGST,034646.80,0.03,0.03,0.03,0.0000,0.03,0.03,0.03*6C
$GPGST,034647.00,0.03,0.02,0.03,0.0000,0.02,0.02,0.03*64
$GPGST,034647.20,0.03,0.02,0.03,0.0000,0.02,0.02,0.03*66
$GPGST,034647.40,0.03,0.02,0.03,0.0000,0.02,0.02,0.03*60
$GPGST,034647.60,0.03,0.03,0.03,0.0000,0.03,0.03,0.03*63
$GPGST,034647.80,0.04,0.03,0.04,0.0000,0.03,0.03,0.04*6A
$GPGST,034648.00,0.03,0.02,0.03,0.0000,0.02,0.02,0.03*6B
$GPGST,034648.20,0.03,0.02,0.03,0.0000,0.02,0.02,0.03*69
$GPGST,034648.40,0.03,0.03,0.03,0.0000,0.03,0.03,0.03*6E
$GPGST,034648.60,0.04,0.03,0.04,0.0000,0.03,0.03,0.04*6B
$GPGST,034648.80,0.04,0.03,0.04,0.0000,0.03,0.03,0.04*65
$GPGST,034649.00,0.03,0.03,0.03,0.0000,0.02,0.03,0.03*6A
$GPGST,034649.20,0.03,0.03,0.03,0.0000,0.03,0.03,0.03*69
$GPGST,034649.40,0.03,0.03,0.03,0.0000,0.03,0.03,0.03*6F
$GPGST,034649.60,0.03,0.03,0.03,0.0000,0.03,0.03,0.03*6D
$GPGST,034649.80,0.03,0.03,0.03,0.0000,0.03,0.03,0.03*63
$GPGST,034650.00,0.03,0.02,0.03,0.0000,0.02,0.02,0.03*62
$GPGST,034650.20,0.03,0.02,0.03,0.0000,0.02,0.02,0.03*60
$GPGST,034650.40,0.03,0.02,0.03,0.0000,0.02,0.02,0.03*66
$GPGST,034650.60,0.03,0.03,0.03,0.0000,0.03,0.03,0.03*65
$GPGST,034650.80,0.03,0.03,0.03,0.0000,0.03,0.03,0.03*6B
$GPGST,034651.00,0.03,0.02,0.03,0.0000,0.02,0.02,0.03*63
$GPGST,034651.20,0.03,0.02,0.03,0.0000,0.02,0.02,0.03*61
$GPGST,034651.40,0.03,0.03,0.03,0.0000,0.03,0.03,0.03*66
$GPGST,034651.60,0.03,0.03,0.03,0.0000,0.03,0.03,0.03*64
$GPGST,034651.80,0.04,0.03,0.04,0.0000,0.03,0.03,0.04*6D
$GPGST,034652.00,0.04,0.03,0.04,0.0000,0.03,0.03,0.04*66
$GPGST,034652.20,0.04,0.03,0.04,0.0000,0.03,0.03,0.04*64
$GPGST,034652.40,0.04,0.04,0.04,0.0000,0.04,0.04,0.04*65
$GPGST,034652.60,0.04,0.04,0.04,0.0000,0.04,0.04,0.04*67
$GPGST,034652.80,0.04,0.04,0.04,0.0000,0.04,0.04,0.04*69
$GPGST,034653.00,0.03,0.03,0.03,0.0000,0.03,0.03,0.03*60
$GPGST,034653.20,0.03,0.03,0.03,0.0000,0.03,0.03,0.03*62
$GPGST,034653.40,0.04,0.03,0.04,0.0000,0.03,0.03,0.04*63
$GPGST,034653.60,0.04,0.03,0.04,0.0000,0.03,0.03,0.04*61
$GPGST,034653.80,0.04,0.03,0.04,0.0000,0.03,0.03,0.04*6F
$GPGST,034654.00,0.03,0.03,0.03,0.0000,0.03,0.03,0.03*67
$GPGST,034654.20,0.03,0.03,0.03,0.0000,0.03,0.03,0.03*65
$GPGST,034654.40,0.04,0.03,0.04,0.0000,0.03,0.03,0.04*64
$GPGST,034654.60,0.04,0.03,0.04,0.0000,0.03,0.03,0.04*66
$GPGST,034654.80,0.04,0.04,0.04,0.0000,0.04,0.04,0.04*6F
$GPGST,034655.00,0.03,0.03,0.03,0.0000,0.03,0.03,0.03*66
$GPGST,034655.20,0.03,0.03,0.03,0.0000,0.03,0.03,0.03*64
$GPGST,034655.40,0.04,0.03,0.04,0.0000,0.03,0.03,0.04*65
$GPGST,034655.60,0.04,0.03,0.04,0.0000,0.03,0.03,0.04*67
$GPGST,034655.80,0.04,0.03,0.04,0.0000,0.03,0.03,0.04*69
$GPGST,034656.00,0.03,0.02,0.03,0.0000,0.02,0.02,0.03*64
$GPGST,034656.20,0.03,0.03,0.03,0.0000,0.03,0.03,0.03*67
$GPGST,034656.40,0.03,0.03,0.03,0.0000,0.03,0.03,0.03*61
$GPGST,034656.60,0.04,0.03,0.04,0.0000,0.03,0.03,0.04*64
$GPGST,034656.80,0.04,0.03,0.04,0.0000,0.03,0.03,0.04*6A
$GPGST,034657.00,0.03,0.02,0.03,0.0000,0.02,0.02,0.03*65
$GPGST,034657.20,0.03,0.03,0.03,0.0000,0.03,0.03,0.03*66
$GPGST,034657.40,0.03,0.03,0.03,0.0000,0.03,0.03,0.03*60
$GPGST,034657.60,0.04,0.03,0.04,0.0000,0.03,0.03,0.04*65
$GPGST,034657.80,0.04,0.03,0.04,0.0000,0.03,0.03,0.04*6B
$GPGST,034658.00,0.03,0.02,0.03,0.0000,0.02,0.02,0.03*6A
$GPGST,034658.20,0.03,0.02,0.03,0.0000,0.02,0.02,0.03*68
$GPGST,034658.40,0.03,0.03,0.03,0.0000,0.03,0.03,0.03*6F
$GPGST,034658.60,0.03,0.03,0.03,0.0000,0.03,0.03,0.03*6D
$GPGST,034658.80,0.04,0.03,0.04,0.0000,0.03,0.03,0.04*64
$GPGST,034659.00,0.03,0.02,0.03,0.0000,0.02,0.02,0.03*6B
$GPGST,034659.20,0.03,0.03,0.03,0.0000,0.02,0.03,0.03*69
$GPGST,034659.40,0.03,0.03,0.03,0.0000,0.03,0.03,0.03*6E
$GPGST,034659.60,0.04,0.03,0.04,0.0000,0.03,0.03,0.04*6B
$GPGST,034659.80,0.04,0.03,0.04,0.0000,0.03,0.03,0.04*65
$GPGST,034700.00,0.03,0.03,0.03,0.0000,0.03,0.03,0.03*67
$GPGST,034700.20,0.03,0.03,0.03,0.0000,0.03,0.03,0.03*65
$GPGST,034700.40,0.04,0.03,0.04,0.0000,0.03,0.03,0.04*64
$GPGST,034700.60,0.04,0.03,0.04,0.0000,0.03,0.03,0.04*66
$GPGST,034700.80,0.05,0.04,0.05,0.0000,0.04,0.04,0.05*6E
$GPGST,034701.00,0.04,0.03,0.04,0.0000,0.03,0.03,0.04*61
$GPGST,034701.20,0.04,0.04,0.04,0.0000,0.04,0.04,0.04*64
$GPGST,034701.40,0.04,0.04,0.04,0.0000,0.04,0.04,0.04*62
$GPGST,034701.60,0.05,0.04,0.05,0.0000,0.04,0.04,0.05*61
$GPGST,034701.80,0.05,0.04,0.05,0.0000,0.04,0.04,0.05*6F
$GPGST,034702.00,0.03,0.03,0.03,0.0000,0.03,0.03,0.03*65
$GPGST,034702.20,0.04,0.04,0.04,0.0000,0.03,0.04,0.04*60
$GPGST,034702.40,0.04,0.04,0.04,0.0000,0.04,0.04,0.04*61
$GPGST,034702.60,0.04,0.04,0.04,0.0000,0.04,0.04,0.04*63
$GPGST,034702.80,0.05,0.04,0.05,0.0000,0.04,0.04,0.05*6C
$GPGST,034703.00,0.04,0.03,0.04,0.0000,0.03,0.03,0.04*63
$GPGST,034703.20,0.04,0.04,0.04,0.0000,0.03,0.04,0.04*61
$GPGST,034703.40,0.04,0.04,0.04,0.0000,0.04,0.04,0.04*60
$GPGST,034703.60,0.04,0.04,0.04,0.0000,0.04,0.04,0.04*62
$GPGST,034703.80,0.05,0.04,0.05,0.0000,0.04,0.04,0.05*6D
$GPGST,034704.00,0.03,0.03,0.03,0.0000,0.03,0.03,0.03*63
$GPGST,034704.20,0.04,0.03,0.04,0.0000,0.03,0.03,0.04*66
$GPGST,034704.40,0.04,0.03,0.04,0.0000,0.03,0.03,0.04*60
$GPGST,034704.60,0.04,0.03,0.04,0.0000,0.03,0.03,0.04*62
$GPGST,034704.80,0.04,0.03,0.04,0.0000,0.03,0.03,0.04*6C
$GPGST,034705.00,0.03,0.02,0.03,0.0000,0.02,0.02,0.03*63
$GPGST,034705.20,0.03,0.02,0.03,0.0000,0.02,0.02,0.03*61
$GPGST,034705.40,0.03,0.02,0.03,0.0000,0.02,0.02,0.03*67
$GPGST,034705.60,0.03,0.03,0.03,0.0000,0.03,0.03,0.03*64
$GPGST,034705.80,0.03,0.03,0.03,0.0000,0.03,0.03,0.03*6A
$GPGST,034706.00,0.03,0.02,0.03,0.0000,0.02,0.02,0.03*60
$GPGST,034706.20,0.03,0.02,0.03,0.0000,0.02,0.02,0.03*62
$GPGST,034706.40,0.03,0.03,0.03,0.0000,0.03,0.03,0.03*65
$GPGST,034706.60,0.03,0.03,0.03,0.0000,0.03,0.03,0.03*67
$GPGST,034706.80,0.04,0.03,0.04,0.0000,0.03,0.03,0.04*6E
$GPGST,034707.00,0.03,0.02,0.03,0.0000,0.02,0.02,0.03*61
$GPGST,034707.20,0.04,0.03,0.04,0.0000,0.03,0.03,0.04*65
$GPGST,034707.40,0.04,0.04,0.04,0.0000,0.04,0.04,0.04*64
$GPGST,034707.60,0.04,0.04,0.04,0.0000,0.04,0.04,0.04*66
$GPGST,034707.80,0.04,0.04,0.04,0.0000,0.04,0.04,0.04*68
$GPGST,034708.00,0.04,0.04,0.04,0.0000,0.03,0.04,0.04*68
$GPGST,034708.20,0.04,0.04,0.04,0.0000,0.04,0.04,0.04*6D
$GPGST,034708.40,0.05,0.04,0.05,0.0000,0.04,0.04,0.05*6A
$GPGST,034708.60,0.05,0.04,0.05,0.0000,0.04,0.04,0.05*68
$GPGST,034708.80,0.05,0.04,0.05,0.0000,0.04,0.04,0.05*66
$GPGST,034709.00,0.04,0.03,0.04,0.0000,0.03,0.03,0.04*69
$GPGST,034709.20,0.04,0.03,0.04,0.0000,0.03,0.03,0.04*6B
$GPGST,034709.40,0.04,0.03,0.04,0.0000,0.03,0.03,0.04*6D
$GPGST,034709.60,0.04,0.03,0.04,0.0000,0.03,0.03,0.04*6F
$GPGST,034709.80,0.04,0.04,0.04,0.0000,0.04,0.04,0.04*66
$GPGST,034710.00,0.03,0.02,0.03,0.0000,0.02,0.02,0.03*67
$GPGST,034710.20,0.03,0.02,0.03,0.0000,0.02,0.02,0.03*65
$GPGST,034710.40,0.03,0.03,0.03,0.0000,0.03,0.03,0.03*62
$GPGST,034710.60,0.04,0.03,0.04,0.0000,0.03,0.03,0.04*67
$GPGST,034710.80,0.04,0.03,0.04,0.0000,0.03,0.03,0.04*69
$GPGST,034711.00,0.03,0.03,0.03,0.0000,0.03,0.03,0.03*67
$GPGST,034711.20,0.04,0.03,0.04,0.0000,0.03,0.03,0.04*62
$GPGST,034711.40,0.04,0.03,0.04,0.0000,0.03,0.03,0.04*64
$GPGST,034711.60,0.04,0.03,0.04,0.0000,0.03,0.03,0.04*66
$GPGST,034711.80,0.04,0.03,0.04,0.0000,0.03,0.03,0.04*68
$GPGST,034712.00,0.03,0.02,0.03,0.0000,0.02,0.02,0.03*65
$GPGST,034712.20,0.03,0.02,0.03,0.0000,0.02,0.02,0.03*67
$GPGST,034712.40,0.03,0.03,0.03,0.0000,0.03,0.03,0.03*60
$GPGST,034712.60,0.03,0.03,0.03,0.0000,0.03,0.03,0.03*62
$GPGST,034712.80,0.04,0.03,0.04,0.0000,0.03,0.03,0.04*6B
$GPGST,034713.00,0.03,0.02,0.03,0.0000,0.02,0.02,0.03*64
$GPGST,034713.20,0.03,0.02,0.03,0.0000,0.02,0.02,0.03*66
$GPGST,034713.40,0.03,0.03,0.03,0.0000,0.03,0.03,0.03*61
$GPGST,034713.60,0.03,0.03,0.03,0.0000,0.03,0.03,0.03*63
$GPGST,034713.80,0.04,0.03,0.04,0.0000,0.03,0.03,0.04*6A
$GPGST,034714.00,0.03,0.02,0.03,0.0000,0.02,0.02,0.03*63
$GPGST,034714.20,0.03,0.02,0.03,0.0000,0.02,0.02,0.03*61
$GPGST,034714.40,0.03,0.02,0.03,0.0000,0.02,0.02,0.03*67
$GPGST,034714.60,0.03,0.03,0.03,0.0000,0.03,0.03,0.03*64
$GPGST,034714.80,0.03,0.03,0.03,0.0000,0.03,0.03,0.03*6A
$GPGST,034715.00,0.03,0.02,0.03,0.0000,0.02,0.02,0.03*62
$GPGST,034715.20,0.03,0.02,0.03,0.0000,0.02,0.02,0.03*60
$GPGST,034715.40,0.03,0.03,0.03,0.0000,0.03,0.03,0.03*67
$GPGST,034715.60,0.04,0.03,0.04,0.0000,0.03,0.03,0.04*62
$GPGST,034715.80,0.04,0.03,0.04,0.0000,0.03,0.03,0.04*6C
$GPGST,034716.00,0.03,0.03,0.03,0.0000,0.03,0.03,0.03*60
$GPGST,034716.20,0.03,0.03,0.03,0.0000,0.03,0.03,0.03*62
$GPGST,034716.40,0.04,0.03,0.04,0.0000,0.03,0.03,0.04*63
$GPGST,034716.60,0.04,0.03,0.04,0.0000,0.03,0.03,0.04*61
$GPGST,034716.80,0.04,0.03,0.04,0.0000,0.03,0.03,0.04*6F
$GPGST,034717.00,0.03,0.02,0.03,0.0000,0.02,0.02,0.03*60
$GPGST,034717.20,0.03,0.02,0.03,0.0000,0.02,0.02,0.03*62
$GPGST,034717.40,0.03,0.03,0.03,0.0000,0.02,0.03,0.03*64
$GPGST,034717.60,0.03,0.03,0.03,0.0000,0.03,0.03,0.03*67
$GPGST,034717.80,0.03,0.03,0.03,0.0000,0.03,0.03,0.03*69
$GPGST,034718.00,0.03,0.02,0.03,0.0000,0.02,0.02,0.03*6F
$GPGST,034718.20,0.03,0.02,0.03,0.0000,0.02,0.02,0.03*6D
$GPGST,034718.40,0.03,0.03,0.03,0.0000,0.03,0.03,0.03*6A
$GPGST,034718.60,0.03,0.03,0.03,0.0000,0.03,0.03,0.03*68
$GPGST,034718.80,0.04,0.03,0.04,0.0000,0.03,0.03,0.04*61
$GPGST,034719.00,0.03,0.02,0.03,0.0000,0.02,0.02,0.03*6E
$GPGST,034719.20,0.03,0.02,0.03,0.0000,0.02,0.02,0.03*6C
$GPGST,034719.40,0.03,0.03,0.03,0.0000,0.02,0.03,0.03*6A
$GPGST,034719.60,0.03,0.03,0.03,0.0000,0.03,0.03,0.03*69
$GPGST,034719.80,0.04,0.03,0.04,0.0000,0.03,0.03,0.04*60
$GPGST,034720.00,0.03,0.02,0.03,0.0000,0.02,0.02,0.03*64
$GPGST,034720.20,0.03,0.02,0.03,0.0000,0.02,0.02,0.03*66
$GPGST,034720.40,0.03,0.02,0.03,0.0000,0.02,0.02,0.03*60
$GPGST,034720.60,0.03,0.03,0.03,0.0000,0.03,0.03,0.03*63
$GPGST,034720.80,0.03,0.03,0.03,0.0000,0.03,0.03,0.03*6D
$GPGST,034721.00,0.03,0.02,0.03,0.0000,0.02,0.02,0.03*65
$GPGST,034721.20,0.03,0.02,0.03,0.0000,0.02,0.02,0.03*67
$GPGST,034721.40,0.04,0.03,0.04,0.0000,0.03,0.03,0.04*67
$GPGST,034721.60,0.04,0.03,0.04,0.0000,0.03,0.03,0.04*65
$GPGST,034721.80,0.04,0.04,0.04,0.0000,0.04,0.04,0.04*6C
$GPGST,034722.00,0.04,0.03,0.04,0.0000,0.03,0.03,0.04*60
$GPGST,034722.20,0.04,0.03,0.04,0.0000,0.03,0.03,0.04*62
$GPGST,034722.40,0.04,0.04,0.04,0.0000,0.04,0.04,0.04*63
$GPGST,034722.60,0.04,0.04,0.04,0.0000,0.04,0.04,0.04*61
$GPGST,034722.80,0.04,0.04,0.04,0.0000,0.04,0.04,0.04*6F
$GPGST,034723.00,0.03,0.02,0.03,0.0000,0.02,0.02,0.03*67
$GPGST,034723.20,0.03,0.03,0.03,0.0000,0.03,0.03,0.03*64
$GPGST,034723.40,0.03,0.03,0.03,0.0000,0.03,0.03,0.03*62
$GPGST,034723.60,0.04,0.03,0.04,0.0000,0.03,0.03,0.04*67
$GPGST,034723.80,0.04,0.03,0.04,0.0000,0.03,0.03,0.04*69
$GPGST,034724.00,0.03,0.03,0.03,0.0000,0.03,0.03,0.03*61
$GPGST,034724.20,0.04,0.04,0.04,0.0000,0.04,0.04,0.04*63
$GPGST,034724.40,0.04,0.04,0.04,0.0000,0.04,0.04,0.04*65
$GPGST,034724.60,0.05,0.04,0.05,0.0000,0.04,0.04,0.05*66
$GPGST,034724.80,0.05,0.04,0.05,0.0000,0.04,0.04,0.05*68
$GPGST,034725.00,0.04,0.03,0.04,0.0000,0.03,0.03,0.04*67
$GPGST,034725.20,0.04,0.03,0.04,0.0000,0.03,0.03,0.04*65
$GPGST,034725.40,0.04,0.04,0.04,0.0000,0.04,0.04,0.04*64
$GPGST,034725.60,0.04,0.04,0.04,0.0000,0.04,0.04,0.04*66
$GPGST,034725.80,0.04,0.04,0.04,0.0000,0.04,0.04,0.04*68
$GPGST,034726.00,0.03,0.02,0.03,0.0000,0.02,0.02,0.03*62
$GPGST,034726.20,0.03,0.02,0.03,0.0000,0.02,0.02,0.03*60
$GPGST,034726.40,0.03,0.02,0.03,0.0000,0.02,0.02,0.03*66
$GPGST,034726.60,0.03,0.02,0.03,0.0000,0.02,0.02,0.03*64
$GPGST,034726.80,0.03,0.03,0.03,0.0000,0.02,0.03,0.03*6A
$GPGST,034727.00,0.03,0.02,0.03,0.0000,0.02,0.02,0.03*63
$GPGST,034727.20,0.03,0.02,0.03,0.0000,0.02,0.02,0.03*61
$GPGST,034727.40,0.03,0.03,0.03,0.0000,0.03,0.03,0.03*66
$GPGST,034727.60,0.03,0.03,0.03,0.0000,0.03,0.03,0.03*64
$GPGST,034727.80,0.03,0.03,0.03,0.0000,0.03,0.03,0.03*6A
$GPGST,034728.00,0.03,0.02,0.03,0.0000,0.02,0.02,0.03*6C
$GPGST,034728.20,0.03,0.02,0.03,0.0000,0.02,0.02,0.03*6E
$GPGST,034728.40,0.03,0.02,0.03,0.0000,0.02,0.02,0.03*68
$GPGST,034728.60,0.03,0.02,0.03,0.0000,0.02,0.02,0.03*6A
$GPGST,034728.80,0.03,0.02,0.03,0.0000,0.02,0.02,0.03*64
$GPGST,034729.00,0.02,0.02,0.02,0.0000,0.02,0.02,0.02*6C
$GPGST,034729.20,0.02,0.02,0.02,0.0000,0.02,0.02,0.02*6E
$GPGST,034729.40,0.03,0.02,0.03,0.0000,0.02,0.02,0.03*69
$GPGST,034729.60,0.03,0.02,0.03,0.0000,0.02,0.02,0.03*6B
$GPGST,034729.80,0.03,0.03,0.03,0.0000,0.03,0.03,0.03*64
$GPGST,034730.00,0.03,0.02,0.03,0.0000,0.02,0.02,0.03*65
$GPGST,034730.20,0.03,0.02,0.03,0.0000,0.02,0.02,0.03*67
$GPGST,034730.40,0.03,0.03,0.03,0.0000,0.02,0.03,0.03*61
$GPGST,034730.60,0.03,0.03,0.03,0.0000,0.03,0.03,0.03*62
$GPGST,034730.80,0.03,0.03,0.03,0.0000,0.03,0.03,0.03*6C
$GPGST,034731.00,0.03,0.02,0.03,0.0000,0.02,0.02,0.03*64
$GPGST,034731.20,0.03,0.02,0.03,0.0000,0.02,0.02,0.03*66
$GPGST,034731.40,0.03,0.02,0.03,0.0000,0.02,0.02,0.03*60
$GPGST,034731.60,0.03,0.03,0.03,0.0000,0.02,0.03,0.03*62
$GPGST,034731.80,0.03,0.03,0.03,0.0000,0.03,0.03,0.03*6D
$GPGST,034732.00,0.03,0.02,0.03,0.0000,0.02,0.02,0.03*67
$GPGST,034732.20,0.03,0.02,0.03,0.0000,0.02,0.02,0.03*65
$GPGST,034732.40,0.03,0.02,0.03,0.0000,0.02,0.02,0.03*63
$GPGST,034732.60,0.03,0.03,0.03,0.0000,0.02,0.03,0.03*61
$GPGST,034732.80,0.03,0.03,0.03,0.0000,0.03,0.03,0.03*6E
$GPGST,034733.00,0.03,0.02,0.03,0.0000,0.02,0.02,0.03*66
$GPGST,034733.20,0.03,0.02,0.03,0.0000,0.02,0.02,0.03*64
$GPGST,034733.40,0.03,0.02,0.03,0.0000,0.02,0.02,0.03*62
$GPGST,034733.60,0.03,0.02,0.03,0.0000,0.02,0.02,0.03*60
$GPGST,034733.80,0.03,0.03,0.03,0.0000,0.02,0.03,0.03*6E
$GPGST,034734.00,0.03,0.02,0.03,0.0000,0.02,0.02,0.03*61
$GPGST,034734.20,0.03,0.02,0.03,0.0000,0.02,0.02,0.03*63
$GPGST,034734.40,0.03,0.02,0.03,0.0000,0.02,0.02,0.03*65
$GPGST,034734.60,0.03,0.02,0.03,0.0000,0.02,0.02,0.03*67
$GPGST,034734.80,0.03,0.02,0.03,0.0000,0.02,0.02,0.03*69
$GPGST,034735.00,0.02,0.02,0.02,0.0000,0.02,0.02,0.02*61
$GPGST,034735.20,0.03,0.02,0.03,0.0000,0.02,0.02,0.03*62
$GPGST,034735.40,0.03,0.02,0.03,0.0000,0.02,0.02,0.03*64
$GPGST,034735.60,0.03,0.02,0.03,0.0000,0.02,0.02,0.03*66
$GPGST,034735.80,0.03,0.02,0.03,0.0000,0.02,0.02,0.03*68
$GPGST,034736.00,0.02,0.02,0.02,0.0000,0.01,0.02,0.02*61
$GPGST,034736.20,0.02,0.02,0.02,0.0000,0.02,0.02,0.02*60
$GPGST,034736.40,0.03,0.02,0.03,0.0000,0.02,0.02,0.03*67
$GPGST,034736.60,0.03,0.02,0.03,0.0000,0.02,0.02,0.03*65
$GPGST,034736.80,0.03,0.02,0.03,0.0000,0.02,0.02,0.03*6B
$GPGST,034737.00,0.02,0.02,0.02,0.0000,0.02,0.02,0.02*63
$GPGST,034737.20,0.03,0.02,0.03,0.0000,0.02,0.02,0.03*60
$GPGST,034737.40,0.03,0.02,0.03,0.0000,0.02,0.02,0.03*66
$GPGST,034737.60,0.03,0.02,0.03,0.0000,0.02,0.02,0.03*64
$GPGST,034737.80,0.03,0.02,0.03,0.0000,0.02,0.02,0.03*6A
$GPGST,034738.00,0.02,0.02,0.02,0.0000,0.02,0.02,0.02*6C
$GPGST,034738.20,0.02,0.02,0.02,0.0000,0.02,0.02,0.02*6E
$GPGST,034738.40,0.03,0.02,0.03,0.0000,0.02,0.02,0.03*69
$GPGST,034738.60,0.03,0.02,0.03,0.0000,0.02,0.02,0.03*6B
$GPGST,034738.80,0.03,0.02,0.03,0.0000,0.02,0.02,0.03*65
$GPGST,034739.00,0.02,0.01,0.02,0.0000,0.01,0.01,0.02*6E
$GPGST,034739.20,0.02,0.01,0.02,0.0000,0.01,0.01,0.02*6C
$GPGST,034739.40,0.02,0.01,0.02,0.0000,0.01,0.01,0.02*6A
$GPGST,034739.60,0.02,0.02,0.02,0.0000,0.01,0.02,0.02*68
$GPGST,034739.80,0.02,0.02,0.02,0.0000,0.01,0.02,0.02*66
$GPGST,034740.00,0.02,0.02,0.02,0.0000,0.02,0.02,0.02*63
$GPGST,034740.20,0.02,0.02,0.02,0.0000,0.02,0.02,0.02*61
$GPGST,034740.40,0.03,0.02,0.03,0.0000,0.02,0.02,0.03*66
$GPGST,034740.60,0.03,0.02,0.03,0.0000,0.02,0.02,0.03*64
$GPGST,034740.80,0.03,0.02,0.03,0.0000,0.02,0.02,0.03*6A
$GPGST,034741.00,0.02,0.01,0.02,0.0000,0.01,0.01,0.02*61
$GPGST,034741.20,0.02,0.01,0.02,0.0000,0.01,0.01,0.02*63
$GPGST,034741.40,0.02,0.02,0.02,0.0000,0.01,0.02,0.02*65
$GPGST,034741.60,0.02,0.02,0.02,0.0000,0.01,0.02,0.02*67
$GPGST,034741.80,0.02,0.02,0.02,0.0000,0.02,0.02,0.02*6A
$GPGST,034742.00,0.02,0.01,0.02,0.0000,0.01,0.01,0.02*62
$GPGST,034742.20,0.02,0.01,0.02,0.0000,0.01,0.01,0.02*60
$GPGST,034742.40,0.02,0.01,0.02,0.0000,0.01,0.01,0.02*66
$GPGST,034742.60,0.02,0.01,0.02,0.0000,0.01,0.01,0.02*64
$GPGST,034742.80,0.02,0.01,0.02,0.0000,0.01,0.01,0.02*6A
$GPGST,034743.00,0.02,0.01,0.02,0.0000,0.01,0.01,0.02*63
$GPGST,034743.20,0.02,0.01,0.02,0.0000,0.01,0.01,0.02*61
$GPGST,034743.40,0.02,0.01,0.02,0.0000,0.01,0.01,0.02*67
$GPGST,034743.60,0.02,0.01,0.02,0.0000,0.01,0.01,0.02*65
$GPGST,034743.80,0.02,0.01,0.02,0.0000,0.01,0.01,0.02*6B
$GPGST,034744.00,0.02,0.01,0.02,0.0000,0.01,0.01,0.02*64
$GPGST,034744.20,0.02,0.01,0.02,0.0000,0.01,0.01,0.02*66
$GPGST,034744.40,0.02,0.01,0.02,0.0000,0.01,0.01,0.02*60
$GPGST,034744.60,0.02,0.01,0.02,0.0000,0.01,0.01,0.02*62
$GPGST,034744.80,0.02,0.01,0.02,0.0000,0.01,0.01,0.02*6C
$GPGST,034745.00,0.02,0.01,0.02,0.0000,0.01,0.01,0.02*65
$GPGST,034745.20,0.02,0.01,0.02,0.0000,0.01,0.01,0.02*67
$GPGST,034745.40,0.02,0.01,0.02,0.0000,0.01,0.01,0.02*61
$GPGST,034745.60,0.02,0.01,0.02,0.0000,0.01,0.01,0.02*63
$GPGST,034745.80,0.02,0.01,0.02,0.0000,0.01,0.01,0.02*6D
$GPGST,034746.00,0.02,0.01,0.02,0.0000,0.01,0.01,0.02*66
$GPGST,034746.20,0.02,0.01,0.02,0.0000,0.01,0.01,0.02*64
$GPGST,034746.40,0.02,0.01,0.02,0.0000,0.01,0.01,0.02*62
$GPGST,034746.60,0.02,0.01,0.02,0.0000,0.01,0.01,0.02*60
$GPGST,034746.80,0.02,0.01,0.02,0.0000,0.01,0.01,0.02*6E
$GPGST,034747.00,0.02,0.01,0.02,0.0000,0.01,0.01,0.02*67
$GPGST,034747.20,0.02,0.01,0.02,0.0000,0.01,0.01,0.02*65
$GPGST,034747.40,0.02,0.01,0.02,0.0000,0.01,0.01,0.02*63
$GPGST,034747.60,0.02,0.01,0.02,0.0000,0.01,0.01,0.02*61
$GPGST,034747.80,0.02,0.01,0.02,0.0000,0.01,0.01,0.02*6F
$GPGST,034748.00,0.02,0.01,0.02,0.0000,0.01,0.01,0.02*68
$GPGST,034748.20,0.02,0.01,0.02,0.0000,0.01,0.01,0.02*6A
$GPGST,034748.40,0.02,0.01,0.02,0.0000,0.01,0.01,0.02*6C
$GPGST,034748.60,0.02,0.01,0.02,0.0000,0.01,0.01,0.02*6E
$GPGST,034748.80,0.02,0.02,0.02,0.0000,0.01,0.02,0.02*60
$GPGST,034749.00,0.02,0.01,0.02,0.0000,0.01,0.01,0.02*69
$GPGST,034749.20,0.02,0.01,0.02,0.0000,0.01,0.01,0.02*6B
$GPGST,034749.40,0.02,0.01,0.02,0.0000,0.01,0.01,0.02*6D
$GPGST,034749.60,0.02,0.02,0.02,0.0000,0.01,0.02,0.02*6F
$GPGST,034749.80,0.03,0.02,0.03,0.0000,0.02,0.02,0.03*63
$GPGST,034750.00,0.02,0.01,0.02,0.0000,0.01,0.01,0.02*61
$GPGST,034750.20,0.02,0.01,0.02,0.0000,0.01,0.01,0.02*63
$GPGST,034750.40,0.02,0.01,0.02,0.0000,0.01,0.01,0.02*65
$GPGST,034750.60,0.02,0.02,0.02,0.0000,0.02,0.02,0.02*64
$GPGST,034750.80,0.02,0.02,0.02,0.0000,0.02,0.02,0.02*6A
$GPGST,034751.00,0.02,0.01,0.02,0.0000,0.01,0.01,0.02*60
$GPGST,034751.20,0.02,0.02,0.02,0.0000,0.01,0.02,0.02*62
$GPGST,034751.40,0.02,0.02,0.02,0.0000,0.02,0.02,0.02*67
$GPGST,034751.60,0.02,0.02,0.02,0.0000,0.02,0.02,0.02*65
$GPGST,034751.80,0.03,0.02,0.03,0.0000,0.02,0.02,0.03*6A
$GPGST,034752.00,0.02,0.02,0.02,0.0000,0.02,0.02,0.02*60
$GPGST,034752.20,0.02,0.02,0.02,0.0000,0.02,0.02,0.02*62
$GPGST,034752.40,0.03,0.02,0.03,0.0000,0.02,0.02,0.03*65
$GPGST,034752.60,0.03,0.02,0.03,0.0000,0.02,0.02,0.03*67
$GPGST,034752.80,0.03,0.02,0.03,0.0000,0.02,0.02,0.03*69
$GPGST,034753.00,0.02,0.01,0.02,0.0000,0.01,0.01,0.02*62
$GPGST,034753.20,0.02,0.01,0.02,0.0000,0.01,0.01,0.02*60
$GPGST,034753.40,0.02,0.02,0.02,0.0000,0.02,0.01,0.02*66
$GPGST,034753.60,0.02,0.02,0.02,0.0000,0.02,0.01,0.02*64
$GPGST,034753.80,0.02,0.02,0.02,0.0000,0.02,0.01,0.02*6A
$GPGST,034754.00,0.02,0.01,0.02,0.0000,0.01,0.01,0.02*65
$GPGST,034754.20,0.02,0.01,0.02,0.0000,0.01,0.01,0.02*67
$GPGST,034754.40,0.02,0.01,0.02,0.0000,0.01,0.01,0.02*61
$GPGST,034754.60,0.02,0.02,0.02,0.0000,0.02,0.01,0.02*63
$GPGST,034754.80,0.02,0.02,0.02,0.0000,0.02,0.01,0.02*6D
$GPGST,034755.00,0.02,0.01,0.02,0.0000,0.01,0.01,0.02*64
$GPGST,034755.20,0.02,0.01,0.02,0.0000,0.01,0.01,0.02*66
$GPGST,034755.40,0.02,0.01,0.02,0.0000,0.01,0.01,0.02*60
$GPGST,034755.60,0.02,0.01,0.02,0.0000,0.01,0.01,0.02*62
$GPGST,034755.80,0.02,0.02,0.02,0.0000,0.02,0.02,0.02*6F
$GPGST,034756.00,0.02,0.01,0.02,0.0000,0.01,0.01,0.02*67
$GPGST,034756.20,0.02,0.01,0.02,0.0000,0.01,0.01,0.02*65
$GPGST,034756.40,0.02,0.01,0.02,0.0000,0.01,0.01,0.02*63
$GPGST,034756.60,0.02,0.02,0.02,0.0000,0.02,0.02,0.02*62
$GPGST,034756.80,0.02,0.02,0.02,0.0000,0.02,0.02,0.02*6C
$GPGST,034757.00,0.02,0.01,0.02,0.0000,0.01,0.01,0.02*66
$GPGST,034757.20,0.02,0.02,0.02,0.0000,0.02,0.02,0.02*67
$GPGST,034757.40,0.02,0.02,0.02,0.0000,0.02,0.02,0.02*61
$GPGST,034757.60,0.03,0.02,0.03,0.0000,0.02,0.02,0.03*62
$GPGST,034757.80,0.03,0.02,0.03,0.0000,0.02,0.02,0.03*6C
$GPGST,034758.00,0.02,0.02,0.02,0.0000,0.02,0.02,0.02*6A
$GPGST,034758.20,0.03,0.02,0.03,0.0000,0.02,0.02,0.03*69
$GPGST,034758.40,0.03,0.02,0.03,0.0000,0.02,0.02,0.03*6F
$GPGST,034758.60,0.03,0.02,0.03,0.0000,0.02,0.02,0.03*6D
$GPGST,034758.80,0.03,0.02,0.03,0.0000,0.02,0.02,0.03*63
$GPGST,034759.00,0.02,0.02,0.02,0.0000,0.02,0.02,0.02*6B
$GPGST,034759.20,0.02,0.02,0.02,0.0000,0.02,0.02,0.02*69
$GPGST,034759.40,0.03,0.02,0.03,0.0000,0.02,0.02,0.03*6E
$GPGST,034759.60,0.03,0.02,0.03,0.0000,0.02,0.02,0.03*6C
$GPGST,034759.80,0.03,0.02,0.03,0.0000,0.02,0.02,0.03*62
$GPGST,034800.00,0.03,0.02,0.03,0.0000,0.02,0.02,0.03*69
$GPGST,034800.20,0.03,0.02,0.03,0.0000,0.02,0.02,0.03*6B
$GPGST,034800.40,0.03,0.02,0.03,0.0000,0.02,0.02,0.03*6D
$GPGST,034800.60,0.03,0.02,0.03,0.0000,0.02,0.02,0.03*6F
$GPGST,034800.80,0.03,0.02,0.03,0.0000,0.02,0.02,0.03*61
$GPGST,034801.00,0.02,0.01,0.02,0.0000,0.01,0.01,0.02*6A
$GPGST,034801.20,0.02,0.01,0.02,0.0000,0.01,0.01,0.02*68
$GPGST,034801.40,0.02,0.02,0.02,0.0000,0.01,0.02,0.02*6E
$GPGST,034801.60,0.02,0.02,0.02,0.0000,0.02,0.02,0.02*6F
$GPGST,034801.80,0.02,0.02,0.02,0.0000,0.02,0.02,0.02*61
$GPGST,034802.00,0.02,0.01,0.02,0.0000,0.01,0.01,0.02*69
$GPGST,034802.20,0.02,0.01,0.02,0.0000,0.01,0.01,0.02*6B
$GPGST,034802.40,0.02,0.01,0.02,0.0000,0.01,0.01,0.02*6D
$GPGST,034802.60,0.02,0.01,0.02,0.0000,0.01,0.01,0.02*6F
$GPGST,034802.80,0.02,0.01,0.02,0.0000,0.01,0.01,0.02*61
$GPGST,034803.00,0.02,0.01,0.02,0.0000,0.01,0.01,0.02*68
$GPGST,034803.20,0.02,0.01,0.02,0.0000,0.01,0.01,0.02*6A
$GPGST,034803.40,0.02,0.01,0.02,0.0000,0.01,0.01,0.02*6C
$GPGST,034803.60,0.02,0.01,0.02,0.0000,0.01,0.01,0.02*6E
$GPGST,034803.80,0.02,0.02,0.02,0.0000,0.02,0.02,0.02*63
$GPGST,034804.00,0.02,0.01,0.02,0.0000,0.01,0.01,0.02*6F
$GPGST,034804.20,0.02,0.01,0.02,0.0000,0.01,0.01,0.02*6D
$GPGST,034804.40,0.02,0.01,0.02,0.0000,0.01,0.01,0.02*6B
$GPGST,034804.60,0.02,0.01,0.02,0.0000,0.01,0.01,0.02*69
$GPGST,034804.80,0.02,0.01,0.02,0.0000,0.01,0.01,0.02*67
$GPGST,034805.00,0.02,0.01,0.02,0.0000,0.01,0.01,0.02*6E
$GPGST,034805.20,0.02,0.01,0.02,0.0000,0.01,0.01,0.02*6C
$GPGST,034805.40,0.02,0.01,0.02,0.0000,0.01,0.01,0.02*6A
$GPGST,034805.60,0.02,0.01,0.02,0.0000,0.01,0.01,0.02*68
$GPGST,034805.80,0.02,0.01,0.02,0.0000,0.01,0.01,0.02*66
$GPGST,034806.00,0.02,0.01,0.02,0.0000,0.01,0.01,0.02*6D
$GPGST,034806.20,0.02,0.01,0.02,0.0000,0.01,0.01,0.02*6F
$GPGST,034806.40,0.02,0.01,0.02,0.0000,0.01,0.01,0.02*69
$GPGST,034806.60,0.02,0.01,0.02,0.0000,0.01,0.01,0.02*6B
$GPGST,034806.80,0.02,0.01,0.02,0.0000,0.01,0.01,0.02*65
$GPGST,034807.00,0.02,0.01,0.02,0.0000,0.01,0.01,0.02*6C
$GPGST,034807.20,0.02,0.01,0.02,0.0000,0.01,0.01,0.02*6E
$GPGST,034807.40,0.02,0.01,0.02,0.0000,0.01,0.01,0.02*68
$GPGST,034807.60,0.02,0.01,0.02,0.0000,0.01,0.01,0.02*6A
$GPGST,034807.80,0.02,0.01,0.02,0.0000,0.01,0.01,0.02*64
$GPGST,034808.00,0.02,0.01,0.02,0.0000,0.01,0.01,0.02*63
$GPGST,034808.20,0.02,0.01,0.02,0.0000,0.01,0.01,0.02*61
$GPGST,034808.40,0.02,0.01,0.02,0.0000,0.01,0.01,0.02*67
$GPGST,034808.60,0.02,0.01,0.02,0.0000,0.01,0.01,0.02*65
$GPGST,034808.80,0.02,0.01,0.02,0.0000,0.01,0.01,0.02*6B
$GPGST,034809.00,0.02,0.01,0.02,0.0000,0.01,0.01,0.02*62
$GPGST,034809.20,0.02,0.02,0.02,0.0000,0.01,0.02,0.02*60
$GPGST,034809.40,0.02,0.02,0.02,0.0000,0.02,0.02,0.02*65
$GPGST,034809.60,0.02,0.02,0.02,0.0000,0.02,0.02,0.02*67
$GPGST,034809.80,0.03,0.02,0.03,0.0000,0.02,0.02,0.03*68
$GPGST,034810.00,0.03,0.02,0.03,0.0000,0.02,0.02,0.03*68
$GPGST,034810.20,0.03,0.02,0.03,0.0000,0.02,0.02,0.03*6A
$GPGST,034810.40,0.03,0.02,0.03,0.0000,0.02,0.02,0.03*6C
$GPGST,034810.60,0.03,0.02,0.03,0.0000,0.02,0.02,0.03*6E
$GPGST,034810.80,0.03,0.02,0.03,0.0000,0.02,0.02,0.03*60
$GPGST,034811.00,0.02,0.01,0.02,0.0000,0.01,0.01,0.02*6B
$GPGST,034811.20,0.02,0.01,0.02,0.0000,0.01,0.01,0.02*69
$GPGST,034811.40,0.02,0.01,0.02,0.0000,0.01,0.01,0.02*6F
$GPGST,034811.60,0.02,0.01,0.02,0.0000,0.01,0.01,0.02*6D
$GPGST,034811.80,0.02,0.01,0.02,0.0000,0.01,0.01,0.02*63
$GPGST,034812.00,0.02,0.01,0.02,0.0000,0.01,0.01,0.02*68
$GPGST,034812.20,0.02,0.01,0.02,0.0000,0.01,0.01,0.02*6A
$GPGST,034812.40,0.02,0.01,0.02,0.0000,0.01,0.01,0.02*6C
$GPGST,034812.60,0.02,0.01,0.02,0.0000,0.01,0.01,0.02*6E
$GPGST,034812.80,0.02,0.01,0.02,0.0000,0.01,0.01,0.02*60
$GPGST,034813.00,0.02,0.01,0.02,0.0000,0.01,0.01,0.02*69
$GPGST,034813.20,0.02,0.01,0.02,0.0000,0.01,0.01,0.02*6B
$GPGST,034813.40,0.02,0.02,0.02,0.0000,0.02,0.02,0.02*6E
$GPGST,034813.60,0.03,0.02,0.03,0.0000,0.02,0.02,0.03*6D
$GPGST,034813.80,0.03,0.02,0.03,0.0000,0.02,0.02,0.03*63
$GPGST,034814.00,0.02,0.02,0.02,0.0000,0.01,0.02,0.02*6E
$GPGST,034814.20,0.02,0.02,0.02,0.0000,0.02,0.02,0.02*6F
$GPGST,034814.40,0.02,0.02,0.02,0.0000,0.02,0.02,0.02*69
$GPGST,034814.60,0.03,0.02,0.03,0.0000,0.02,0.02,0.03*6A
$GPGST,034814.80,0.03,0.02,0.03,0.0000,0.02,0.02,0.03*64
$GPGST,034815.00,0.02,0.01,0.02,0.0000,0.01,0.01,0.02*6F
$GPGST,034815.20,0.02,0.01,0.02,0.0000,0.01,0.01,0.02*6D
$GPGST,034815.40,0.02,0.01,0.02,0.0000,0.01,0.01,0.02*6B
$GPGST,034815.60,0.02,0.01,0.02,0.0000,0.01,0.01,0.02*69
$GPGST,034815.80,0.02,0.02,0.02,0.0000,0.01,0.02,0.02*67
$GPGST,034816.00,0.02,0.01,0.02,0.0000,0.01,0.01,0.02*6C
$GPGST,034816.20,0.02,0.01,0.02,0.0000,0.01,0.01,0.02*6E
$GPGST,034816.40,0.02,0.01,0.02,0.0000,0.01,0.01,0.02*68
$GPGST,034816.60,0.02,0.02,0.02,0.0000,0.01,0.02,0.02*6A
$GPGST,034816.80,0.02,0.02,0.02,0.0000,0.02,0.02,0.02*67
$GPGST,034817.00,0.02,0.01,0.02,0.0000,0.01,0.01,0.02*6D
$GPGST,034817.20,0.02,0.01,0.02,0.0000,0.01,0.01,0.02*6F
$GPGST,034817.40,0.02,0.01,0.02,0.0000,0.01,0.01,0.02*69
$GPGST,034817.60,0.02,0.02,0.02,0.0000,0.01,0.02,0.02*6B
$GPGST,034817.80,0.02,0.02,0.02,0.0000,0.02,0.02,0.02*66
$GPGST,034818.00,0.02,0.01,0.02,0.0000,0.01,0.01,0.02*62
$GPGST,034818.20,0.02,0.01,0.02,0.0000,0.01,0.01,0.02*60
$GPGST,034818.40,0.02,0.01,0.02,0.0000,0.01,0.01,0.02*66
$GPGST,034818.60,0.02,0.01,0.02,0.0000,0.01,0.01,0.02*64
$GPGST,034818.80,0.02,0.01,0.02,0.0000,0.01,0.01,0.02*6A
$GPGST,034819.00,0.02,0.01,0.02,0.0000,0.01,0.01,0.02*63
$GPGST,034819.20,0.02,0.01,0.02,0.0000,0.01,0.01,0.02*61
$GPGST,034819.40,0.02,0.01,0.02,0.0000,0.01,0.01,0.02*67
$GPGST,034819.60,0.02,0.01,0.02,0.0000,0.01,0.01,0.02*65
$GPGST,034819.80,0.02,0.02,0.02,0.0000,0.01,0.02,0.02*6B
$GPGST,034820.00,0.02,0.01,0.02,0.0000,0.01,0.01,0.02*69
$GPGST,034820.20,0.02,0.01,0.02,0.0000,0.01,0.01,0.02*6B
$GPGST,034820.40,0.02,0.01,0.02,0.0000,0.01,0.01,0.02*6D
$GPGST,034820.60,0.02,0.01,0.02,0.0000,0.01,0.01,0.02*6F
$GPGST,034820.80,0.02,0.02,0.02,0.0000,0.02,0.02,0.02*62
$GPGST,034821.00,0.02,0.01,0.02,0.0000,0.01,0.01,0.02*68
$GPGST,034821.20,0.02,0.01,0.02,0.0000,0.01,0.01,0.02*6A
$GPGST,034821.40,0.02,0.01,0.02,0.0000,0.01,0.01,0.02*6C
$GPGST,034821.60,0.02,0.01,0.02,0.0000,0.01,0.01,0.02*6E
$GPGST,034821.80,0.02,0.01,0.02,0.0000,0.01,0.01,0.02*60
$GPGST,034822.00,0.02,0.01,0.02,0.0000,0.01,0.01,0.02*6B
$GPGST,034822.20,0.02,0.01,0.02,0.0000,0.01,0.01,0.02*69
$GPGST,034822.40,0.02,0.01,0.02,0.0000,0.01,0.01,0.02*6F
$GPGST,034822.60,0.02,0.01,0.02,0.0000,0.01,0.01,0.02*6D
$GPGST,034822.80,0.02,0.01,0.02,0.0000,0.01,0.01,0.02*63
$GPGST,034823.00,0.02,0.02,0.02,0.0000,0.02,0.02,0.02*69
$GPGST,034823.20,0.02,0.02,0.02,0.0000,0.02,0.02,0.02*6B
$GPGST,034823.40,0.02,0.02,0.02,0.0000,0.02,0.02,0.02*6D
$GPGST,034823.60,0.03,0.02,0.03,0.0000,0.02,0.02,0.03*6E
$GPGST,034823.80,0.03,0.02,0.03,0.0000,0.02,0.02,0.03*60
$GPGST,034824.00,0.02,0.01,0.02,0.0000,0.01,0.01,0.02*6D
$GPGST,034824.20,0.02,0.02,0.02,0.0000,0.02,0.02,0.02*6C
$GPGST,034824.40,0.02,0.02,0.02,0.0000,0.02,0.02,0.02*6A
$GPGST,034824.60,0.03,0.02,0.03,0.0000,0.02,0.02,0.03*69
$GPGST,034824.80,0.03,0.02,0.03,0.0000,0.02,0.02,0.03*67
$GPGST,034825.00,0.02,0.01,0.02,0.0000,0.01,0.01,0.02*6C
$GPGST,034825.20,0.03,0.02,0.03,0.0000,0.02,0.02,0.03*6C
$GPGST,034825.40,0.03,0.02,0.03,0.0000,0.02,0.02,0.03*6A
$GPGST,034825.60,0.03,0.03,0.03,0.0000,0.03,0.03,0.03*69
$GPGST,034825.80,0.04,0.03,0.04,0.0000,0.03,0.03,0.04*60
$GPGST,034826.00,0.03,0.03,0.03,0.0000,0.03,0.03,0.03*6C
$GPGST,034826.20,0.04,0.03,0.04,0.0000,0.03,0.03,0.04*69
$GPGST,034826.40,0.04,0.03,0.04,0.0000,0.03,0.03,0.04*6F
$GPGST,034826.60,0.04,0.03,0.04,0.0000,0.03,0.03,0.04*6D
$GPGST,034826.80,0.04,0.03,0.04,0.0000,0.03,0.03,0.04*63
$GPGST,034827.00,0.03,0.02,0.03,0.0000,0.02,0.02,0.03*6C
$GPGST,034827.20,0.03,0.02,0.03,0.0000,0.02,0.02,0.03*6E
$GPGST,034827.40,0.03,0.02,0.03,0.0000,0.02,0.02,0.03*68
$GPGST,034827.60,0.03,0.02,0.03,0.0000,0.02,0.02,0.03*6A
$GPGST,034827.80,0.03,0.02,0.03,0.0000,0.02,0.02,0.03*64
$GPGST,034828.00,0.02,0.02,0.02,0.0000,0.01,0.02,0.02*61
$GPGST,034828.20,0.02,0.02,0.02,0.0000,0.02,0.02,0.02*60
$GPGST,034828.40,0.02,0.02,0.02,0.0000,0.02,0.02,0.02*66
$GPGST,034828.60,0.03,0.02,0.03,0.0000,0.02,0.02,0.03*65
$GPGST,034828.80,0.03,0.02,0.03,0.0000,0.02,0.02,0.03*6B
$GPGST,034829.00,0.02,0.01,0.02,0.0000,0.01,0.01,0.02*60
$GPGST,034829.20,0.03,0.02,0.03,0.0000,0.02,0.02,0.03*60
$GPGST,034829.40,0.03,0.02,0.03,0.0000,0.02,0.02,0.03*66
$GPGST,034829.60,0.03,0.02,0.03,0.0000,0.02,0.02,0.03*64
$GPGST,034829.80,0.03,0.03,0.03,0.0000,0.03,0.02,0.03*6A
$GPGST,034830.00,0.03,0.02,0.03,0.0000,0.02,0.02,0.03*6A
$GPGST,034830.20,0.03,0.02,0.03,0.0000,0.02,0.02,0.03*68
$GPGST,034830.40,0.03,0.02,0.03,0.0000,0.02,0.02,0.03*6E
$GPGST,034830.60,0.03,0.03,0.03,0.0000,0.03,0.02,0.03*6C
$GPGST,034830.80,0.03,0.03,0.03,0.0000,0.03,0.03,0.03*63
$GPGST,034831.00,0.02,0.01,0.02,0.0000,0.01,0.01,0.02*69
$GPGST,034831.20,0.02,0.01,0.02,0.0000,0.01,0.01,0.02*6B
$GPGST,034831.40,0.02,0.02,0.02,0.0000,0.01,0.02,0.02*6D
$GPGST,034831.60,0.02,0.02,0.02,0.0000,0.02,0.02,0.02*6C
$GPGST,034831.80,0.02,0.02,0.02,0.0000,0.02,0.02,0.02*62
$GPGST,034832.00,0.02,0.01,0.02,0.0000,0.01,0.01,0.02*6A
$GPGST,034832.20,0.02,0.01,0.02,0.0000,0.01,0.01,0.02*68
$GPGST,034832.40,0.02,0.01,0.02,0.0000,0.01,0.01,0.02*6E
$GPGST,034832.60,0.02,0.01,0.02,0.0000,0.01,0.01,0.02*6C
$GPGST,034832.80,0.02,0.01,0.02,0.0000,0.01,0.01,0.02*62
$GPGST,034833.00,0.02,0.01,0.02,0.0000,0.01,0.01,0.02*6B
$GPGST,034833.20,0.02,0.01,0.02,0.0000,0.01,0.01,0.02*69
$GPGST,034833.40,0.02,0.01,0.02,0.0000,0.01,0.01,0.02*6F
$GPGST,034833.60,0.02,0.01,0.02,0.0000,0.01,0.01,0.02*6D
$GPGST,034833.80,0.02,0.01,0.02,0.0000,0.01,0.01,0.02*63
$GPGST,034834.00,0.02,0.01,0.02,0.0000,0.01,0.01,0.02*6C
$GPGST,034834.20,0.02,0.01,0.02,0.0000,0.01,0.01,0.02*6E
$GPGST,034834.40,0.02,0.01,0.02,0.0000,0.01,0.01,0.02*68
$GPGST,034834.60,0.02,0.01,0.02,0.0000,0.01,0.01,0.02*6A
$GPGST,034834.80,0.02,0.01,0.02,0.0000,0.01,0.01,0.02*64
$GPGST,034835.00,0.02,0.01,0.02,0.0000,0.01,0.01,0.02*6D
$GPGST,034835.20,0.02,0.01,0.02,0.0000,0.01,0.01,0.02*6F
$GPGST,034835.40,0.02,0.01,0.02,0.0000,0.01,0.01,0.02*69
$GPGST,034835.60,0.02,0.01,0.02,0.0000,0.01,0.01,0.02*6B
$GPGST,034835.80,0.02,0.01,0.02,0.0000,0.01,0.01,0.02*65
$GPGST,034836.00,0.02,0.01,0.02,0.0000,0.01,0.01,0.02*6E
$GPGST,034836.20,0.02,0.01,0.02,0.0000,0.01,0.01,0.02*6C
$GPGST,034836.40,0.02,0.01,0.02,0.0000,0.01,0.01,0.02*6A
$GPGST,034836.60,0.02,0.01,0.02,0.0000,0.01,0.01,0.02*68
$GPGST,034836.80,0.02,0.01,0.02,0.0000,0.01,0.01,0.02*66
$GPGST,034837.00,0.02,0.01,0.02,0.0000,0.01,0.01,0.02*6F
$GPGST,034837.20,0.02,0.01,0.02,0.0000,0.01,0.01,0.02*6D
$GPGST,034837.40,0.02,0.01,0.02,0.0000,0.01,0.01,0.02*6B
$GPGST,034837.60,0.02,0.02,0.02,0.0000,0.02,0.02,0.02*6A
$GPGST,034837.80,0.03,0.02,0.03,0.0000,0.02,0.02,0.03*65
$GPGST,034838.00,0.02,0.02,0.02,0.0000,0.02,0.02,0.02*63
$GPGST,034838.20,0.02,0.02,0.02,0.0000,0.02,0.02,0.02*61
$GPGST,034838.40,0.02,0.02,0.02,0.0000,0.02,0.02,0.02*67
$GPGST,034838.60,0.03,0.02,0.03,0.0000,0.02,0.02,0.03*64
$GPGST,034838.80,0.03,0.02,0.03,0.0000,0.02,0.02,0.03*6A
$GPGST,034839.00,0.02,0.01,0.02,0.0000,0.01,0.01,0.02*61
$GPGST,034839.20,0.02,0.01,0.02,0.0000,0.01,0.01,0.02*63
$GPGST,034839.40,0.02,0.01,0.02,0.0000,0.01,0.01,0.02*65
$GPGST,034839.60,0.02,0.02,0.02,0.0000,0.02,0.02,0.02*64
$GPGST,034839.80,0.02,0.02,0.02,0.0000,0.02,0.02,0.02*6A
$GPGST,034840.00,0.02,0.01,0.02,0.0000,0.01,0.01,0.02*6F
$GPGST,034840.20,0.02,0.01,0.02,0.0000,0.01,0.01,0.02*6D
$GPGST,034840.40,0.02,0.01,0.02,0.0000,0.01,0.01,0.02*6B
$GPGST,034840.60,0.02,0.01,0.02,0.0000,0.01,0.01,0.02*69
$GPGST,034840.80,0.02,0.01,0.02,0.0000,0.01,0.01,0.02*67
$GPGST,034841.00,0.02,0.01,0.02,0.0000,0.01,0.01,0.02*6E
$GPGST,034841.20,0.02,0.01,0.02,0.0000,0.01,0.01,0.02*6C
$GPGST,034841.40,0.02,0.01,0.02,0.0000,0.01,0.01,0.02*6A
$GPGST,034841.60,0.02,0.02,0.02,0.0000,0.02,0.02,0.02*6B
$GPGST,034841.80,0.02,0.02,0.02,0.0000,0.02,0.02,0.02*65
$GPGST,034842.00,0.02,0.01,0.02,0.0000,0.01,0.01,0.02*6D
$GPGST,034842.20,0.02,0.02,0.02,0.0000,0.02,0.02,0.02*6C
$GPGST,034842.40,0.02,0.02,0.02,0.0000,0.02,0.02,0.02*6A
$GPGST,034842.60,0.03,0.02,0.03,0.0000,0.02,0.02,0.03*69
$GPGST,034842.80,0.03,0.02,0.03,0.0000,0.02,0.02,0.03*67
$GPGST,034843.00,0.02,0.01,0.02,0.0000,0.01,0.01,0.02*6C
$GPGST,034843.20,0.02,0.02,0.02,0.0000,0.01,0.02,0.02*6E
$GPGST,034843.40,0.02,0.02,0.02,0.0000,0.02,0.02,0.02*6B
$GPGST,034843.60,0.02,0.02,0.02,0.0000,0.02,0.02,0.02*69
$GPGST,034843.80,0.03,0.02,0.03,0.0000,0.02,0.02,0.03*66
$GPGST,034844.00,0.02,0.01,0.02,0.0000,0.01,0.01,0.02*6B
$GPGST,034844.20,0.02,0.01,0.02,0.0000,0.01,0.01,0.02*69
$GPGST,034844.40,0.03,0.02,0.03,0.0000,0.02,0.02,0.03*6D
$GPGST,034844.60,0.03,0.02,0.03,0.0000,0.02,0.02,0.03*6F
$GPGST,034844.80,0.03,0.02,0.03,0.0000,0.02,0.02,0.03*61
$GPGST,034845.00,0.02,0.02,0.02,0.0000,0.02,0.02,0.02*69
$GPGST,034845.20,0.02,0.02,0.02,0.0000,0.02,0.02,0.02*6B
$GPGST,034845.40,0.03,0.02,0.03,0.0000,0.02,0.02,0.03*6C
$GPGST,034845.60,0.03,0.02,0.03,0.0000,0.02,0.02,0.03*6E
$GPGST,034845.80,0.03,0.02,0.03,0.0000,0.02,0.02,0.03*60
$GPGST,034846.00,0.02,0.01,0.02,0.0000,0.01,0.01,0.02*69
$GPGST,034846.20,0.02,0.02,0.02,0.0000,0.02,0.02,0.02*68
$GPGST,034846.40,0.03,0.03,0.03,0.0000,0.03,0.03,0.03*6E
$GPGST,034846.60,0.03,0.03,0.03,0.0000,0.03,0.03,0.03*6C
$GPGST,034846.80,0.03,0.03,0.03,0.0000,0.03,0.03,0.03*62
$GPGST,034847.00,0.03,0.03,0.03,0.0000,0.03,0.03,0.03*6B
$GPGST,034847.20,0.03,0.03,0.03,0.0000,0.03,0.03,0.03*69
$GPGST,034847.40,0.03,0.03,0.03,0.0000,0.03,0.03,0.03*6F
$GPGST,034847.60,0.03,0.03,0.03,0.0000,0.03,0.03,0.03*6D
$GPGST,034847.80,0.03,0.03,0.03,0.0000,0.03,0.03,0.03*63
$GPGST,034848.00,0.02,0.02,0.02,0.0000,0.02,0.02,0.02*64
$GPGST,034848.20,0.02,0.02,0.02,0.0000,0.02,0.02,0.02*66
$GPGST,034848.40,0.03,0.02,0.03,0.0000,0.02,0.02,0.03*61
$GPGST,034848.60,0.03,0.02,0.03,0.0000,0.02,0.02,0.03*63
$GPGST,034848.80,0.03,0.02,0.03,0.0000,0.02,0.02,0.03*6D
$GPGST,034849.00,0.02,0.02,0.02,0.0000,0.02,0.02,0.02*65
$GPGST,034849.20,0.03,0.02,0.03,0.0000,0.02,0.02,0.03*66
$GPGST,034849.40,0.03,0.02,0.03,0.0000,0.02,0.02,0.03*60
$GPGST,034849.60,0.03,0.02,0.03,0.0000,0.02,0.02,0.03*62
$GPGST,034849.80,0.03,0.02,0.03,0.0000,0.02,0.02,0.03*6C
$GPGST,034850.00,0.02,0.02,0.02,0.0000,0.01,0.02,0.02*6E
$GPGST,034850.20,0.02,0.02,0.02,0.0000,0.02,0.02,0.02*6F
$GPGST,034850.40,0.03,0.02,0.03,0.0000,0.02,0.02,0.03*68
$GPGST,034850.60,0.03,0.02,0.03,0.0000,0.02,0.02,0.03*6A
$GPGST,034850.80,0.03,0.02,0.03,0.0000,0.02,0.02,0.03*64
$GPGST,034851.00,0.03,0.02,0.03,0.0000,0.02,0.02,0.03*6D
$GPGST,034851.20,0.03,0.02,0.03,0.0000,0.02,0.02,0.03*6F
$GPGST,034851.40,0.03,0.02,0.03,0.0000,0.02,0.02,0.03*69
$GPGST,034851.60,0.03,0.02,0.03,0.0000,0.02,0.02,0.03*6B
$GPGST,034851.80,0.03,0.02,0.03,0.0000,0.02,0.02,0.03*65
$GPGST,034852.00,0.02,0.02,0.02,0.0000,0.01,0.02,0.02*6C
$GPGST,034852.20,0.02,0.02,0.02,0.0000,0.02,0.02,0.02*6D
$GPGST,034852.40,0.03,0.02,0.03,0.0000,0.02,0.02,0.03*6A
$GPGST,034852.60,0.03,0.02,0.03,0.0000,0.02,0.02,0.03*68
$GPGST,034852.80,0.03,0.02,0.03,0.0000,0.02,0.02,0.03*66
$GPGST,034853.00,0.03,0.02,0.03,0.0000,0.02,0.02,0.03*6F
$GPGST,034853.20,0.03,0.02,0.03,0.0000,0.02,0.02,0.03*6D
$GPGST,034853.40,0.03,0.02,0.03,0.0000,0.02,0.02,0.03*6B
$GPGST,034853.60,0.03,0.02,0.03,0.0000,0.02,0.02,0.03*69
$GPGST,034853.80,0.03,0.02,0.03,0.0000,0.02,0.02,0.03*67
$GPGST,034854.00,0.03,0.02,0.03,0.0000,0.02,0.02,0.03*68
$GPGST,034854.20,0.03,0.02,0.03,0.0000,0.02,0.02,0.03*6A
$GPGST,034854.40,0.03,0.02,0.03,0.0000,0.02,0.02,0.03*6C
$GPGST,034854.60,0.03,0.02,0.03,0.0000,0.02,0.02,0.03*6E
$GPGST,034854.80,0.03,0.02,0.03,0.0000,0.02,0.02,0.03*60
$GPGST,034855.00,0.02,0.02,0.02,0.0000,0.02,0.02,0.02*68
$GPGST,034855.20,0.02,0.02,0.02,0.0000,0.02,0.02,0.02*6A
$GPGST,034855.40,0.02,0.02,0.02,0.0000,0.02,0.02,0.02*6C
$GPGST,034855.60,0.03,0.02,0.03,0.0000,0.02,0.02,0.03*6F
$GPGST,034855.80,0.03,0.02,0.03,0.0000,0.02,0.02,0.03*61
$GPGST,034856.00,0.02,0.02,0.02,0.0000,0.02,0.02,0.02*6B
$GPGST,034856.20,0.03,0.02,0.03,0.0000,0.02,0.02,0.03*68
$GPGST,034856.40,0.03,0.02,0.03,0.0000,0.02,0.02,0.03*6E
$GPGST,034856.60,0.03,0.02,0.03,0.0000,0.02,0.02,0.03*6C
$GPGST,034856.80,0.03,0.02,0.03,0.0000,0.02,0.02,0.03*62
$GPGST,034857.00,0.02,0.02,0.02,0.0000,0.02,0.02,0.02*6A
$GPGST,034857.20,0.02,0.02,0.02,0.0000,0.02,0.02,0.02*68
$GPGST,034857.40,0.03,0.02,0.03,0.0000,0.02,0.02,0.03*6F
$GPGST,034857.60,0.03,0.02,0.03,0.0000,0.02,0.02,0.03*6D
$GPGST,034857.80,0.03,0.02,0.03,0.0000,0.02,0.02,0.03*63
$GPGST,034858.00,0.02,0.01,0.02,0.0000,0.01,0.01,0.02*66
$GPGST,034858.20,0.02,0.02,0.02,0.0000,0.01,0.02,0.02*64
$GPGST,034858.40,0.02,0.02,0.02,0.0000,0.02,0.02,0.02*61
$GPGST,034858.60,0.03,0.02,0.03,0.0000,0.02,0.02,0.03*62
$GPGST,034858.80,0.03,0.02,0.03,0.0000,0.02,0.02,0.03*6C
$GPGST,034859.00,0.02,0.02,0.02,0.0000,0.01,0.02,0.02*67
$GPGST,034859.20,0.02,0.02,0.02,0.0000,0.02,0.02,0.02*66
$GPGST,034859.40,0.03,0.02,0.03,0.0000,0.02,0.02,0.03*61
$GPGST,034859.60,0.03,0.02,0.03,0.0000,0.02,0.02,0.03*63
$GPGST,034859.80,0.03,0.02,0.03,0.0000,0.02,0.02,0.03*6D
$GPGST,034900.00,0.02,0.01,0.02,0.0000,0.01,0.01,0.02*6A
$GPGST,034900.20,0.02,0.01,0.02,0.0000,0.01,0.01,0.02*68
$GPGST,034900.40,0.02,0.02,0.02,0.0000,0.02,0.02,0.02*6D
$GPGST,034900.60,0.03,0.03,0.03,0.0000,0.03,0.02,0.03*6E
$GPGST,034900.80,0.03,0.03,0.03,0.0000,0.03,0.02,0.03*60
$GPGST,034901.00,0.03,0.02,0.03,0.0000,0.02,0.02,0.03*69
$GPGST,034901.20,0.03,0.03,0.03,0.0000,0.03,0.03,0.03*6A
$GPGST,034901.40,0.03,0.03,0.03,0.0000,0.03,0.03,0.03*6C
$GPGST,034901.60,0.03,0.03,0.03,0.0000,0.03,0.03,0.03*6E
$GPGST,034901.80,0.03,0.03,0.03,0.0000,0.03,0.03,0.03*60
$GPGST,034902.00,0.03,0.02,0.03,0.0000,0.02,0.02,0.03*6A
$GPGST,034902.20,0.03,0.02,0.03,0.0000,0.02,0.02,0.03*68
$GPGST,034902.40,0.03,0.02,0.03,0.0000,0.02,0.02,0.03*6E
$GPGST,034902.60,0.03,0.02,0.03,0.0000,0.02,0.02,0.03*6C
$GPGST,034902.80,0.03,0.02,0.03,0.0000,0.02,0.02,0.03*62
$GPGST,034903.00,0.02,0.01,0.02,0.0000,0.01,0.01,0.02*69
$GPGST,034903.20,0.02,0.01,0.02,0.0000,0.01,0.01,0.02*6B
$GPGST,034903.40,0.02,0.02,0.02,0.0000,0.02,0.02,0.02*6E
$GPGST,034903.60,0.02,0.02,0.02,0.0000,0.02,0.02,0.02*6C
$GPGST,034903.80,0.02,0.02,0.02,0.0000,0.02,0.02,0.02*62
$GPGST,034904.00,0.02,0.01,0.02,0.0000,0.01,0.01,0.02*6E
$GPGST,034904.20,0.02,0.02,0.02,0.0000,0.01,0.02,0.02*6C
$GPGST,034904.40,0.02,0.02,0.02,0.0000,0.02,0.02,0.02*69
$GPGST,034904.60,0.02,0.02,0.02,0.0000,0.02,0.02,0.02*6B
$GPGST,034904.80,0.03,0.02,0.03,0.0000,0.02,0.02,0.03*64
$GPGST,034905.00,0.02,0.01,0.02,0.0000,0.01,0.01,0.02*6F
$GPGST,034905.20,0.02,0.01,0.02,0.0000,0.01,0.01,0.02*6D
$GPGST,034905.40,0.02,0.02,0.02,0.0000,0.02,0.02,0.02*68
$GPGST,034905.60,0.02,0.02,0.02,0.0000,0.02,0.02,0.02*6A
$GPGST,034905.80,0.03,0.02,0.03,0.0000,0.02,0.02,0.03*65
$GPGST,034906.00,0.02,0.01,0.02,0.0000,0.01,0.01,0.02*6C
$GPGST,034906.20,0.02,0.01,0.02,0.0000,0.01,0.01,0.02*6E
$GPGST,034906.40,0.02,0.02,0.02,0.0000,0.02,0.02,0.02*6B
$GPGST,034906.60,0.02,0.02,0.02,0.0000,0.02,0.02,0.02*69
$GPGST,034906.80,0.03,0.02,0.03,0.0000,0.02,0.02,0.03*66
$GPGST,034907.00,0.02,0.02,0.02,0.0000,0.01,0.02,0.02*6D
$GPGST,034907.20,0.02,0.02,0.02,0.0000,0.02,0.02,0.02*6C
$GPGST,034907.40,0.03,0.02,0.03,0.0000,0.02,0.02,0.03*6B
$GPGST,034907.60,0.03,0.02,0.03,0.0000,0.02,0.02,0.03*69
$GPGST,034907.80,0.03,0.02,0.03,0.0000,0.02,0.02,0.03*67
$GPGST,034908.00,0.02,0.01,0.02,0.0000,0.01,0.01,0.02*62
$GPGST,034908.20,0.02,0.02,0.02,0.0000,0.01,0.02,0.02*60
$GPGST,034908.40,0.02,0.02,0.02,0.0000,0.02,0.02,0.02*65
$GPGST,034908.60,0.03,0.02,0.03,0.0000,0.02,0.02,0.03*66
$GPGST,034908.80,0.03,0.02,0.03,0.0000,0.02,0.02,0.03*68
$GPGST,034909.00,0.03,0.02,0.03,0.0000,0.02,0.02,0.03*61
$GPGST,034909.20,0.03,0.02,0.03,0.0000,0.02,0.02,0.03*63
$GPGST,034909.40,0.04,0.03,0.04,0.0000,0.03,0.03,0.04*63
$GPGST,034909.60,0.04,0.03,0.04,0.0000,0.03,0.03,0.04*61
$GPGST,034909.80,0.04,0.03,0.04,0.0000,0.03,0.03,0.04*6F
$GPGST,034910.00,0.03,0.03,0.03,0.0000,0.03,0.03,0.03*68
$GPGST,034910.20,0.03,0.03,0.03,0.0000,0.03,0.03,0.03*6A
$GPGST,034910.40,0.03,0.03,0.03,0.0000,0.03,0.03,0.03*6C
$GPGST,034910.60,0.04,0.03,0.04,0.0000,0.03,0.03,0.04*69
$GPGST,034910.80,0.04,0.03,0.04,0.0000,0.03,0.03,0.04*67
$GPGST,034911.00,0.03,0.02,0.03,0.0000,0.02,0.02,0.03*68
$GPGST,034911.20,0.03,0.02,0.03,0.0000,0.02,0.02,0.03*6A
$GPGST,034911.40,0.03,0.02,0.03,0.0000,0.02,0.02,0.03*6C
$GPGST,034911.60,0.03,0.02,0.03,0.0000,0.02,0.02,0.03*6E
$GPGST,034911.80,0.03,0.02,0.03,0.0000,0.02,0.02,0.03*60
$GPGST,034912.00,0.02,0.02,0.02,0.0000,0.01,0.02,0.02*69
$GPGST,034912.20,0.02,0.02,0.02,0.0000,0.02,0.02,0.02*68
$GPGST,034912.40,0.03,0.02,0.03,0.0000,0.02,0.02,0.03*6F
$GPGST,034912.60,0.03,0.02,0.03,0.0000,0.02,0.02,0.03*6D
$GPGST,034912.80,0.03,0.02,0.03,0.0000,0.02,0.02,0.03*63
$GPGST,034913.00,0.02,0.01,0.02,0.0000,0.01,0.01,0.02*68
$GPGST,034913.20,0.02,0.02,0.02,0.0000,0.01,0.02,0.02*6A
$GPGST,034913.40,0.03,0.02,0.03,0.0000,0.02,0.02,0.03*6E
$GPGST,034913.60,0.03,0.02,0.03,0.0000,0.02,0.02,0.03*6C
$GPGST,034913.80,0.03,0.02,0.03,0.0000,0.02,0.02,0.03*62
$GPGST,034914.00,0.02,0.02,0.02,0.0000,0.02,0.02,0.02*6C
$GPGST,034914.20,0.03,0.02,0.03,0.0000,0.02,0.02,0.03*6F
$GPGST,034914.40,0.03,0.02,0.03,0.0000,0.02,0.02,0.03*69
$GPGST,034914.60,0.03,0.02,0.03,0.0000,0.02,0.02,0.03*6B
$GPGST,034914.80,0.03,0.02,0.03,0.0000,0.02,0.02,0.03*65
$GPGST,034915.00,0.03,0.02,0.03,0.0000,0.02,0.02,0.03*6C
$GPGST,034915.20,0.03,0.02,0.03,0.0000,0.02,0.02,0.03*6E
$GPGST,034915.40,0.03,0.02,0.03,0.0000,0.02,0.02,0.03*68
$GPGST,034915.60,0.03,0.02,0.03,0.0000,0.02,0.02,0.03*6A
$GPGST,034915.80,0.03,0.02,0.03,0.0000,0.02,0.02,0.03*64
$GPGST,034916.00,0.03,0.02,0.03,0.0000,0.02,0.02,0.03*6F
$GPGST,034916.20,0.03,0.02,0.03,0.0000,0.02,0.02,0.03*6D
$GPGST,034916.40,0.03,0.02,0.03,0.0000,0.02,0.02,0.03*6B
$GPGST,034916.60,0.03,0.02,0.03,0.0000,0.02,0.02,0.03*69
$GPGST,034916.80,0.03,0.02,0.03,0.0000,0.02,0.02,0.03*67
$GPGST,034917.00,0.03,0.02,0.03,0.0000,0.02,0.02,0.03*6E
$GPGST,034917.20,0.03,0.02,0.03,0.0000,0.02,0.02,0.03*6C
$GPGST,034917.40,0.03,0.02,0.03,0.0000,0.02,0.02,0.03*6A
$GPGST,034917.60,0.03,0.02,0.03,0.0000,0.02,0.02,0.03*68
$GPGST,034917.80,0.03,0.02,0.03,0.0000,0.02,0.02,0.03*66
$GPGST,034918.00,0.03,0.02,0.03,0.0000,0.02,0.02,0.03*61
$GPGST,034918.20,0.03,0.02,0.03,0.0000,0.02,0.02,0.03*63
$GPGST,034918.40,0.03,0.02,0.03,0.0000,0.02,0.02,0.03*65
$GPGST,034918.60,0.03,0.02,0.03,0.0000,0.02,0.02,0.03*67
$GPGST,034918.80,0.04,0.03,0.04,0.0000,0.03,0.03,0.04*6F
$GPGST,034919.00,0.03,0.03,0.03,0.0000,0.02,0.03,0.03*60
$GPGST,034919.20,0.03,0.03,0.03,0.0000,0.02,0.03,0.03*62
$GPGST,034919.40,0.04,0.03,0.04,0.0000,0.03,0.03,0.04*62
$GPGST,034919.60,0.04,0.03,0.04,0.0000,0.03,0.03,0.04*60
$GPGST,034919.80,0.04,0.03,0.04,0.0000,0.03,0.03,0.04*6E
$GPGST,034920.00,0.03,0.02,0.03,0.0000,0.02,0.02,0.03*6A
$GPGST,034920.20,0.03,0.02,0.03,0.0000,0.02,0.02,0.03*68
$GPGST,034920.40,0.03,0.02,0.03,0.0000,0.02,0.02,0.03*6E
$GPGST,034920.60,0.03,0.02,0.03,0.0000,0.02,0.02,0.03*6C
$GPGST,034920.80,0.03,0.02,0.03,0.0000,0.02,0.02,0.03*62
$GPGST,034921.00,0.02,0.02,0.02,0.0000,0.01,0.02,0.02*69
$GPGST,034921.20,0.03,0.02,0.03,0.0000,0.02,0.02,0.03*69
$GPGST,034921.40,0.03,0.02,0.03,0.0000,0.02,0.02,0.03*6F
$GPGST,034921.60,0.03,0.02,0.03,0.0000,0.02,0.02,0.03*6D
$GPGST,034921.80,0.03,0.02,0.03,0.0000,0.02,0.02,0.03*63
$GPGST,034922.00,0.03,0.02,0.03,0.0000,0.02,0.02,0.03*68
$GPGST,034922.20,0.03,0.03,0.03,0.0000,0.02,0.03,0.03*6A
$GPGST,034922.40,0.03,0.03,0.03,0.0000,0.03,0.03,0.03*6D
$GPGST,034922.60,0.03,0.03,0.03,0.0000,0.03,0.03,0.03*6F
$GPGST,034922.80,0.04,0.03,0.04,0.0000,0.03,0.03,0.04*66
$GPGST,034923.00,0.03,0.03,0.03,0.0000,0.03,0.03,0.03*68
$GPGST,034923.20,0.03,0.03,0.03,0.0000,0.03,0.03,0.03*6A
$GPGST,034923.40,0.03,0.03,0.03,0.0000,0.03,0.03,0.03*6C
$GPGST,034923.60,0.04,0.03,0.04,0.0000,0.03,0.03,0.04*69
$GPGST,034923.80,0.04,0.03,0.04,0.0000,0.03,0.03,0.04*67
$GPGST,034924.00,0.03,0.02,0.03,0.0000,0.02,0.02,0.03*6E
$GPGST,034924.20,0.03,0.02,0.03,0.0000,0.02,0.02,0.03*6C
$GPGST,034924.40,0.03,0.02,0.03,0.0000,0.02,0.02,0.03*6A
$GPGST,034924.60,0.03,0.02,0.03,0.0000,0.02,0.02,0.03*68
$GPGST,034924.80,0.03,0.03,0.03,0.0000,0.02,0.03,0.03*66
$GPGST,034925.00,0.03,0.02,0.03,0.0000,0.02,0.02,0.03*6F
$GPGST,034925.20,0.03,0.02,0.03,0.0000,0.02,0.02,0.03*6D
$GPGST,034925.40,0.03,0.02,0.03,0.0000,0.02,0.02,0.03*6B
$GPGST,034925.60,0.03,0.02,0.03,0.0000,0.02,0.02,0.03*69
$GPGST,034925.80,0.03,0.02,0.03,0.0000,0.02,0.02,0.03*67
$GPGST,034926.00,0.03,0.02,0.03,0.0000,0.02,0.02,0.03*6C
$GPGST,034926.20,0.03,0.02,0.03,0.0000,0.02,0.02,0.03*6E
$GPGST,034926.40,0.04,0.03,0.04,0.0000,0.03,0.02,0.04*6F
$GPGST,034926.60,0.04,0.03,0.04,0.0000,0.03,0.03,0.04*6C
$GPGST,034926.80,0.04,0.03,0.04,0.0000,0.03,0.03,0.04*62
$GPGST,034927.00,0.04,0.03,0.04,0.0000,0.03,0.03,0.04*6B
$GPGST,034927.20,0.04,0.03,0.04,0.0000,0.03,0.03,0.04*69
$GPGST,034927.40,0.04,0.03,0.04,0.0000,0.03,0.03,0.04*6F
$GPGST,034927.60,0.04,0.03,0.04,0.0000,0.03,0.03,0.04*6D
$GPGST,034927.80,0.04,0.03,0.04,0.0000,0.03,0.03,0.04*63
$GPGST,034928.00,0.03,0.02,0.03,0.0000,0.02,0.02,0.03*62
$GPGST,034928.20,0.03,0.02,0.03,0.0000,0.02,0.02,0.03*60
$GPGST,034928.40,0.03,0.02,0.03,0.0000,0.02,0.02,0.03*66
$GPGST,034928.60,0.03,0.03,0.03,0.0000,0.02,0.03,0.03*64
$GPGST,034928.80,0.04,0.03,0.04,0.0000,0.03,0.03,0.04*6C
$GPGST,034929.00,0.03,0.02,0.03,0.0000,0.02,0.02,0.03*63
$GPGST,034929.20,0.03,0.02,0.03,0.0000,0.02,0.02,0.03*61
$GPGST,034929.40,0.03,0.03,0.03,0.0000,0.02,0.03,0.03*67
$GPGST,034929.60,0.03,0.03,0.03,0.0000,0.03,0.03,0.03*64
$GPGST,034929.80,0.04,0.03,0.04,0.0000,0.03,0.03,0.04*6D
$GPGST,034930.00,0.03,0.02,0.03,0.0000,0.02,0.02,0.03*6B
$GPGST,034930.20,0.03,0.02,0.03,0.0000,0.02,0.02,0.03*69
$GPGST,034930.40,0.03,0.02,0.03,0.0000,0.02,0.02,0.03*6F
$GPGST,034930.60,0.03,0.03,0.03,0.0000,0.02,0.03,0.03*6D
$GPGST,034930.80,0.04,0.03,0.04,0.0000,0.03,0.03,0.04*65
$GPGST,034931.00,0.03,0.02,0.03,0.0000,0.02,0.02,0.03*6A
$GPGST,034931.20,0.03,0.02,0.03,0.0000,0.02,0.02,0.03*68
$GPGST,034931.40,0.03,0.02,0.03,0.0000,0.02,0.02,0.03*6E
$GPGST,034931.60,0.03,0.03,0.03,0.0000,0.02,0.03,0.03*6C
$GPGST,034931.80,0.04,0.03,0.04,0.0000,0.03,0.03,0.04*64
$GPGST,034932.00,0.03,0.02,0.03,0.0000,0.02,0.02,0.03*69
$GPGST,034932.20,0.03,0.03,0.03,0.0000,0.02,0.03,0.03*6B
$GPGST,034932.40,0.03,0.03,0.03,0.0000,0.02,0.03,0.03*6D
$GPGST,034932.60,0.04,0.03,0.04,0.0000,0.03,0.03,0.04*69
$GPGST,034932.80,0.04,0.03,0.04,0.0000,0.03,0.03,0.04*67
$GPGST,034933.00,0.03,0.02,0.03,0.0000,0.02,0.02,0.03*68
$GPGST,034933.20,0.03,0.03,0.03,0.0000,0.02,0.03,0.03*6A
$GPGST,034933.40,0.04,0.03,0.04,0.0000,0.03,0.03,0.04*6A
$GPGST,034933.60,0.04,0.03,0.04,0.0000,0.03,0.03,0.04*68
$GPGST,034933.80,0.04,0.03,0.04,0.0000,0.03,0.03,0.04*66
$GPGST,034934.00,0.03,0.02,0.03,0.0000,0.02,0.02,0.03*6F
$GPGST,034934.20,0.03,0.02,0.03,0.0000,0.02,0.02,0.03*6D
$GPGST,034934.40,0.03,0.03,0.03,0.0000,0.02,0.03,0.03*6B
$GPGST,034934.60,0.03,0.03,0.03,0.0000,0.02,0.03,0.03*69
$GPGST,034934.80,0.04,0.03,0.04,0.0000,0.03,0.03,0.04*61
$GPGST,034935.00,0.03,0.02,0.03,0.0000,0.02,0.02,0.03*6E
$GPGST,034935.20,0.03,0.02,0.03,0.0000,0.02,0.02,0.03*6C
$GPGST,034935.40,0.03,0.02,0.03,0.0000,0.02,0.02,0.03*6A
$GPGST,034935.60,0.03,0.02,0.03,0.0000,0.02,0.02,0.03*68
$GPGST,034935.80,0.03,0.03,0.03,0.0000,0.02,0.03,0.03*66
$GPGST,034936.00,0.03,0.02,0.03,0.0000,0.02,0.02,0.03*6D
$GPGST,034936.20,0.03,0.02,0.03,0.0000,0.02,0.02,0.03*6F
$GPGST,034936.40,0.04,0.03,0.04,0.0000,0.02,0.03,0.04*6E
$GPGST,034936.60,0.04,0.03,0.04,0.0000,0.03,0.03,0.04*6D
$GPGST,034936.80,0.04,0.03,0.04,0.0000,0.03,0.03,0.04*63
$GPGST,034937.00,0.03,0.03,0.03,0.0000,0.02,0.03,0.03*6C
$GPGST,034937.20,0.03,0.03,0.03,0.0000,0.03,0.03,0.03*6F
$GPGST,034937.40,0.04,0.03,0.04,0.0000,0.03,0.03,0.04*6E
$GPGST,034937.60,0.04,0.03,0.04,0.0000,0.03,0.03,0.04*6C
$GPGST,034937.80,0.05,0.04,0.05,0.0000,0.04,0.04,0.05*64
$GPGST,034938.00,0.04,0.03,0.04,0.0000,0.03,0.03,0.04*65
$GPGST,034938.20,0.04,0.03,0.04,0.0000,0.03,0.03,0.04*67
$GPGST,034938.40,0.04,0.03,0.04,0.0000,0.03,0.03,0.04*61
$GPGST,034938.60,0.04,0.03,0.04,0.0000,0.03,0.03,0.04*63
$GPGST,034938.80,0.04,0.04,0.04,0.0000,0.03,0.04,0.04*6D
$GPGST,034939.00,0.03,0.02,0.03,0.0000,0.02,0.02,0.03*62
$GPGST,034939.20,0.03,0.02,0.03,0.0000,0.02,0.02,0.03*60
$GPGST,034939.40,0.04,0.03,0.04,0.0000,0.02,0.03,0.04*61
$GPGST,034939.60,0.04,0.03,0.04,0.0000,0.03,0.03,0.04*62
$GPGST,034939.80,0.04,0.03,0.04,0.0000,0.03,0.03,0.04*6C
$GPGST,034940.00,0.04,0.03,0.04,0.0000,0.02,0.03,0.04*6B
$GPGST,034940.20,0.04,0.03,0.04,0.0000,0.03,0.03,0.04*68
$GPGST,034940.40,0.04,0.03,0.04,0.0000,0.03,0.03,0.04*6E
$GPGST,034940.60,0.04,0.04,0.04,0.0000,0.03,0.04,0.04*6C
$GPGST,034940.80,0.05,0.04,0.05,0.0000,0.03,0.04,0.05*63
$GPGST,034941.00,0.04,0.03,0.04,0.0000,0.03,0.03,0.04*6B
$GPGST,034941.20,0.04,0.03,0.04,0.0000,0.03,0.03,0.04*69
$GPGST,034941.40,0.04,0.03,0.04,0.0000,0.03,0.03,0.04*6F
$GPGST,034941.60,0.04,0.03,0.04,0.0000,0.03,0.03,0.04*6D
$GPGST,034941.80,0.04,0.04,0.04,0.0000,0.03,0.04,0.04*63
$GPGST,034942.00,0.03,0.02,0.03,0.0000,0.02,0.02,0.03*6E
$GPGST,034942.20,0.04,0.03,0.04,0.0000,0.02,0.03,0.04*6B
$GPGST,034942.40,0.04,0.03,0.04,0.0000,0.03,0.03,0.04*6C
$GPGST,034942.60,0.04,0.03,0.04,0.0000,0.03,0.03,0.04*6E
$GPGST,034942.80,0.04,0.03,0.04,0.0000,0.03,0.03,0.04*60
$GPGST,034943.00,0.04,0.03,0.04,0.0000,0.03,0.03,0.04*69
$GPGST,034943.20,0.04,0.03,0.04,0.0000,0.03,0.03,0.04*6B
$GPGST,034943.40,0.04,0.03,0.04,0.0000,0.03,0.03,0.04*6D
$GPGST,034943.60,0.04,0.03,0.04,0.0000,0.03,0.03,0.04*6F
$GPGST,034943.80,0.04,0.03,0.04,0.0000,0.03,0.03,0.04*61
$GPGST,034944.00,0.03,0.02,0.03,0.0000,0.02,0.02,0.03*68
$GPGST,034944.20,0.03,0.02,0.03,0.0000,0.02,0.02,0.03*6A
$GPGST,034944.40,0.04,0.03,0.04,0.0000,0.02,0.03,0.04*6B
$GPGST,034944.60,0.04,0.03,0.04,0.0000,0.02,0.03,0.04*69
$GPGST,034944.80,0.04,0.03,0.04,0.0000,0.02,0.03,0.04*67
$GPGST,034945.00,0.03,0.03,0.03,0.0000,0.02,0.03,0.03*69
$GPGST,034945.20,0.03,0.03,0.03,0.0000,0.02,0.03,0.03*6B
$GPGST,034945.40,0.04,0.03,0.04,0.0000,0.03,0.03,0.04*6B
$GPGST,034945.60,0.04,0.03,0.04,0.0000,0.03,0.03,0.04*69
$GPGST,034945.80,0.04,0.03,0.04,0.0000,0.03,0.03,0.04*67
$GPGST,034946.00,0.03,0.02,0.03,0.0000,0.02,0.02,0.03*6A
$GPGST,034946.20,0.03,0.03,0.03,0.0000,0.02,0.03,0.03*68
$GPGST,034946.40,0.03,0.03,0.03,0.0000,0.02,0.03,0.03*6E
$GPGST,034946.60,0.04,0.03,0.04,0.0000,0.03,0.03,0.04*6A
$GPGST,034946.80,0.04,0.03,0.04,0.0000,0.03,0.03,0.04*64
$GPGST,034947.00,0.03,0.02,0.03,0.0000,0.02,0.02,0.03*6B
$GPGST,034947.20,0.03,0.02,0.03,0.0000,0.02,0.02,0.03*69
$GPGST,034947.40,0.04,0.03,0.04,0.0000,0.02,0.03,0.04*68
$GPGST,034947.60,0.04,0.03,0.04,0.0000,0.03,0.03,0.04*6B
$GPGST,034947.80,0.04,0.03,0.04,0.0000,0.03,0.03,0.04*65
$GPGST,034948.00,0.03,0.03,0.03,0.0000,0.02,0.03,0.03*64
$GPGST,034948.20,0.04,0.03,0.04,0.0000,0.03,0.03,0.04*60
$GPGST,034948.40,0.04,0.03,0.04,0.0000,0.03,0.03,0.04*66
$GPGST,034948.60,0.04,0.03,0.04,0.0000,0.03,0.03,0.04*64
$GPGST,034948.80,0.04,0.03,0.04,0.0000,0.03,0.03,0.04*6A
$GPGST,034949.00,0.03,0.02,0.03,0.0000,0.01,0.02,0.03*66
$GPGST,034949.20,0.03,0.02,0.03,0.0000,0.02,0.02,0.03*67
$GPGST,034949.40,0.03,0.02,0.03,0.0000,0.02,0.02,0.03*61
$GPGST,034949.60,0.03,0.02,0.03,0.0000,0.02,0.02,0.03*63
$GPGST,034949.80,0.03,0.02,0.03,0.0000,0.02,0.02,0.03*6D
$GPGST,034950.00,0.03,0.02,0.03,0.0000,0.02,0.02,0.03*6D
$GPGST,034950.20,0.03,0.02,0.03,0.0000,0.02,0.02,0.03*6F
$GPGST,034950.40,0.03,0.02,0.03,0.0000,0.02,0.02,0.03*69
$GPGST,034950.60,0.03,0.02,0.03,0.0000,0.02,0.02,0.03*6B
$GPGST,034950.80,0.03,0.02,0.03,0.0000,0.02,0.02,0.03*65
$GPGST,034951.00,0.03,0.02,0.03,0.0000,0.02,0.02,0.03*6C
$GPGST,034951.20,0.03,0.02,0.03,0.0000,0.02,0.02,0.03*6E
$GPGST,034951.40,0.03,0.02,0.03,0.0000,0.02,0.02,0.03*68
$GPGST,034951.60,0.03,0.02,0.03,0.0000,0.02,0.02,0.03*6A
$GPGST,034951.80,0.03,0.02,0.03,0.0000,0.02,0.02,0.03*64
$GPGST,034952.00,0.03,0.02,0.03,0.0000,0.02,0.02,0.03*6F
$GPGST,034952.20,0.03,0.02,0.03,0.0000,0.02,0.02,0.03*6D
$GPGST,034952.40,0.03,0.02,0.03,0.0000,0.02,0.02,0.03*6B
$GPGST,034952.60,0.03,0.02,0.03,0.0000,0.02,0.02,0.03*69
$GPGST,034952.80,0.03,0.02,0.03,0.0000,0.02,0.02,0.03*67
$GPGST,034953.00,0.03,0.02,0.03,0.0000,0.02,0.02,0.03*6E
$GPGST,034953.20,0.03,0.02,0.03,0.0000,0.02,0.02,0.03*6C
$GPGST,034953.40,0.03,0.02,0.03,0.0000,0.02,0.02,0.03*6A
$GPGST,034953.60,0.03,0.02,0.03,0.0000,0.02,0.02,0.03*68
$GPGST,034953.80,0.03,0.02,0.03,0.0000,0.02,0.02,0.03*66
$GPGST,034954.00,0.03,0.02,0.03,0.0000,0.01,0.02,0.03*6A
$GPGST,034954.20,0.03,0.02,0.03,0.0000,0.02,0.02,0.03*6B
$GPGST,034954.40,0.03,0.02,0.03,0.0000,0.02,0.02,0.03*6D
$GPGST,034954.60,0.03,0.02,0.03,0.0000,0.02,0.02,0.03*6F
$GPGST,034954.80,0.03,0.02,0.03,0.0000,0.02,0.02,0.03*61
$GPGST,034955.00,0.02,0.01,0.02,0.0000,0.01,0.01,0.02*6A
$GPGST,034955.20,0.03,0.02,0.03,0.0000,0.01,0.02,0.03*69
$GPGST,034955.40,0.03,0.02,0.03,0.0000,0.02,0.02,0.03*6C
$GPGST,034955.60,0.03,0.02,0.03,0.0000,0.02,0.02,0.03*6E
$GPGST,034955.80,0.03,0.02,0.03,0.0000,0.02,0.02,0.03*60
$GPGST,034956.00,0.03,0.02,0.03,0.0000,0.02,0.02,0.03*6B
$GPGST,034956.20,0.03,0.02,0.03,0.0000,0.02,0.02,0.03*69
$GPGST,034956.40,0.03,0.02,0.03,0.0000,0.02,0.02,0.03*6F
$GPGST,034956.60,0.03,0.02,0.03,0.0000,0.02,0.02,0.03*6D
$GPGST,034956.80,0.03,0.02,0.03,0.0000,0.02,0.02,0.03*63
$GPGST,034957.00,0.03,0.02,0.03,0.0000,0.01,0.02,0.03*69
$GPGST,034957.20,0.03,0.02,0.03,0.0000,0.02,0.02,0.03*68
$GPGST,034957.40,0.03,0.02,0.03,0.0000,0.02,0.02,0.03*6E
$GPGST,034957.60,0.03,0.02,0.03,0.0000,0.02,0.02,0.03*6C
$GPGST,034957.80,0.03,0.02,0.03,0.0000,0.02,0.02,0.03*62
$GPGST,034958.00,0.03,0.02,0.03,0.0000,0.02,0.02,0.03*65
$GPGST,034958.20,0.03,0.02,0.03,0.0000,0.02,0.02,0.03*67
$GPGST,034958.40,0.03,0.02,0.03,0.0000,0.02,0.02,0.03*61
$GPGST,034958.60,0.03,0.02,0.03,0.0000,0.02,0.02,0.03*63
$GPGST,034958.80,0.03,0.02,0.03,0.0000,0.02,0.02,0.03*6D
$GPGST,034959.00,0.04,0.03,0.04,0.0000,0.03,0.03,0.04*62
$GPGST,034959.20,0.04,0.03,0.04,0.0000,0.03,0.03,0.04*60
$GPGST,034959.40,0.04,0.03,0.04,0.0000,0.03,0.03,0.04*66
$GPGST,034959.60,0.04,0.03,0.04,0.0000,0.03,0.03,0.04*64
$GPGST,034959.80,0.04,0.03,0.04,0.0000,0.03,0.03,0.04*6A
$GPGST,035000.00,0.03,0.02,0.03,0.0000,0.02,0.02,0.03*60
$GPGST,035000.20,0.03,0.02,0.03,0.0000,0.02,0.02,0.03*62
$GPGST,035000.40,0.03,0.03,0.03,0.0000,0.03,0.03,0.03*65
$GPGST,035000.60,0.04,0.03,0.04,0.0000,0.03,0.03,0.04*60
$GPGST,035000.80,0.04,0.03,0.04,0.0000,0.03,0.03,0.04*6E
$GPGST,035001.00,0.03,0.02,0.03,0.0000,0.02,0.02,0.03*61
$GPGST,035001.20,0.03,0.02,0.03,0.0000,0.02,0.02,0.03*63
$GPGST,035001.40,0.04,0.03,0.04,0.0000,0.03,0.03,0.04*63
$GPGST,035001.60,0.04,0.03,0.04,0.0000,0.03,0.03,0.04*61
$GPGST,035001.80,0.04,0.03,0.04,0.0000,0.03,0.03,0.04*6F
$GPGST,035002.00,0.03,0.02,0.03,0.0000,0.02,0.02,0.03*62
$GPGST,035002.20,0.04,0.03,0.04,0.0000,0.03,0.03,0.04*66
$GPGST,035002.40,0.04,0.03,0.04,0.0000,0.03,0.03,0.04*60
$GPGST,035002.60,0.04,0.03,0.04,0.0000,0.03,0.03,0.04*62
$GPGST,035002.80,0.04,0.03,0.04,0.0000,0.03,0.03,0.04*6C
$GPGST,035003.00,0.03,0.03,0.03,0.0000,0.02,0.03,0.03*63
$GPGST,035003.20,0.03,0.03,0.03,0.0000,0.02,0.03,0.03*61
$GPGST,035003.40,0.04,0.03,0.04,0.0000,0.03,0.03,0.04*61
$GPGST,035003.60,0.04,0.03,0.04,0.0000,0.03,0.03,0.04*63
$GPGST,035003.80,0.04,0.03,0.04,0.0000,0.03,0.03,0.04*6D
$GPGST,035004.00,0.03,0.02,0.03,0.0000,0.02,0.02,0.03*64
$GPGST,035004.20,0.03,0.02,0.03,0.0000,0.02,0.02,0.03*66
$GPGST,035004.40,0.03,0.02,0.03,0.0000,0.02,0.02,0.03*60
$GPGST,035004.60,0.03,0.03,0.03,0.0000,0.02,0.03,0.03*62
$GPGST,035004.80,0.03,0.03,0.03,0.0000,0.03,0.03,0.03*6D
$GPGST,035005.00,0.03,0.02,0.03,0.0000,0.02,0.02,0.03*65
$GPGST,035005.20,0.03,0.02,0.03,0.0000,0.02,0.02,0.03*67
$GPGST,035005.40,0.03,0.03,0.03,0.0000,0.03,0.03,0.03*60
$GPGST,035005.60,0.04,0.03,0.04,0.0000,0.03,0.03,0.04*65
$GPGST,035005.80,0.04,0.03,0.04,0.0000,0.03,0.03,0.04*6B
$GPGST,035006.00,0.04,0.03,0.04,0.0000,0.03,0.03,0.04*60
$GPGST,035006.20,0.04,0.03,0.04,0.0000,0.03,0.03,0.04*62
$GPGST,035006.40,0.04,0.03,0.04,0.0000,0.03,0.03,0.04*64
$GPGST,035006.60,0.04,0.03,0.04,0.0000,0.03,0.03,0.04*66
$GPGST,035006.80,0.04,0.03,0.04,0.0000,0.03,0.03,0.04*68
$GPGST,035007.00,0.03,0.02,0.03,0.0000,0.02,0.02,0.03*67
$GPGST,035007.20,0.03,0.02,0.03,0.0000,0.02,0.02,0.03*65
$GPGST,035007.40,0.03,0.02,0.03,0.0000,0.02,0.02,0.03*63
$GPGST,035007.60,0.04,0.03,0.04,0.0000,0.02,0.03,0.04*66
$GPGST,035007.80,0.04,0.03,0.04,0.0000,0.03,0.03,0.04*69
$GPGST,035008.00,0.03,0.03,0.03,0.0000,0.03,0.03,0.03*69
$GPGST,035008.20,0.04,0.03,0.04,0.0000,0.03,0.03,0.04*6C
$GPGST,035008.40,0.04,0.03,0.04,0.0000,0.03,0.03,0.04*6A
$GPGST,035008.60,0.04,0.03,0.04,0.0000,0.03,0.03,0.04*68
$GPGST,035008.80,0.04,0.03,0.04,0.0000,0.03,0.03,0.04*66
$GPGST,035009.00,0.03,0.02,0.03,0.0000,0.02,0.02,0.03*69
$GPGST,035009.20,0.03,0.02,0.03,0.0000,0.02,0.02,0.03*6B
$GPGST,035009.40,0.03,0.02,0.03,0.0000,0.02,0.02,0.03*6D
$GPGST,035009.60,0.03,0.02,0.03,0.0000,0.02,0.02,0.03*6F
$GPGST,035009.80,0.03,0.03,0.03,0.0000,0.03,0.03,0.03*60
$GPGST,035010.00,0.03,0.02,0.03,0.0000,0.02,0.02,0.03*61
$GPGST,035010.20,0.03,0.02,0.03,0.0000,0.02,0.02,0.03*63
$GPGST,035010.40,0.04,0.03,0.04,0.0000,0.03,0.03,0.04*63
$GPGST,035010.60,0.04,0.03,0.04,0.0000,0.03,0.03,0.04*61
$GPGST,035010.80,0.04,0.03,0.04,0.0000,0.03,0.03,0.04*6F
$GPGST,035011.00,0.04,0.03,0.04,0.0000,0.03,0.03,0.04*66
$GPGST,035011.20,0.04,0.03,0.04,0.0000,0.03,0.03,0.04*64
$GPGST,035011.40,0.04,0.03,0.04,0.0000,0.03,0.03,0.04*62
$GPGST,035011.60,0.04,0.04,0.04,0.0000,0.04,0.04,0.04*67
$GPGST,035011.80,0.05,0.04,0.05,0.0000,0.04,0.04,0.05*68
$GPGST,035012.00,0.03,0.03,0.03,0.0000,0.03,0.03,0.03*62
$GPGST,035012.20,0.04,0.03,0.04,0.0000,0.03,0.03,0.04*67
$GPGST,035012.40,0.04,0.03,0.04,0.0000,0.03,0.03,0.04*61
$GPGST,035012.60,0.04,0.03,0.04,0.0000,0.03,0.03,0.04*63
$GPGST,035012.80,0.04,0.03,0.04,0.0000,0.03,0.03,0.04*6D
$GPGST,035013.00,0.03,0.02,0.03,0.0000,0.02,0.02,0.03*62
$GPGST,035013.20,0.03,0.03,0.03,0.0000,0.03,0.03,0.03*61
$GPGST,035013.40,0.04,0.03,0.04,0.0000,0.03,0.03,0.04*60
$GPGST,035013.60,0.04,0.03,0.04,0.0000,0.03,0.03,0.04*62
$GPGST,035013.80,0.04,0.03,0.04,0.0000,0.03,0.03,0.04*6C
$GPGST,035014.00,0.03,0.03,0.03,0.0000,0.03,0.03,0.03*64
$GPGST,035014.20,0.03,0.03,0.03,0.0000,0.03,0.03,0.03*66
$GPGST,035014.40,0.04,0.03,0.04,0.0000,0.03,0.03,0.04*67
$GPGST,035014.60,0.04,0.03,0.04,0.0000,0.03,0.03,0.04*65
$GPGST,035014.80,0.04,0.03,0.04,0.0000,0.03,0.03,0.04*6B
$GPGST,035015.00,0.03,0.03,0.03,0.0000,0.03,0.03,0.03*65
$GPGST,035015.20,0.04,0.03,0.04,0.0000,0.03,0.03,0.04*60
$GPGST,035015.40,0.04,0.03,0.04,0.0000,0.03,0.03,0.04*66
$GPGST,035015.60,0.04,0.03,0.04,0.0000,0.03,0.03,0.04*64
$GPGST,035015.80,0.04,0.04,0.04,0.0000,0.03,0.04,0.04*6A
$GPGST,035016.00,0.03,0.03,0.03,0.0000,0.03,0.03,0.03*66
$GPGST,035016.20,0.04,0.03,0.04,0.0000,0.03,0.03,0.04*63
$GPGST,035016.40,0.04,0.04,0.04,0.0000,0.04,0.04,0.04*62
$GPGST,035016.60,0.05,0.04,0.05,0.0000,0.04,0.04,0.05*61
$GPGST,035016.80,0.05,0.04,0.05,0.0000,0.04,0.04,0.05*6F
$GPGST,035017.00,0.04,0.03,0.04,0.0000,0.03,0.03,0.04*60
$GPGST,035017.20,0.04,0.04,0.04,0.0000,0.04,0.04,0.04*65
$GPGST,035017.40,0.04,0.04,0.04,0.0000,0.04,0.04,0.04*63
$GPGST,035017.60,0.05,0.04,0.05,0.0000,0.04,0.04,0.05*60
$GPGST,035017.80,0.05,0.05,0.05,0.0000,0.04,0.05,0.05*6E
$GPGST,035018.00,0.04,0.03,0.04,0.0000,0.03,0.03,0.04*6F
$GPGST,035018.20,0.04,0.03,0.04,0.0000,0.03,0.03,0.04*6D
$GPGST,035018.40,0.05,0.04,0.05,0.0000,0.04,0.04,0.05*6D
$GPGST,035018.60,0.05,0.04,0.05,0.0000,0.04,0.04,0.05*6F
$GPGST,035018.80,0.05,0.04,0.05,0.0000,0.04,0.04,0.05*61
$GPGST,035019.00,0.04,0.03,0.04,0.0000,0.03,0.03,0.04*6E
$GPGST,035019.20,0.04,0.03,0.04,0.0000,0.03,0.03,0.04*6C
$GPGST,035019.40,0.04,0.03,0.04,0.0000,0.03,0.03,0.04*6A
$GPGST,035019.60,0.04,0.03,0.04,0.0000,0.03,0.03,0.04*68
$GPGST,035019.80,0.04,0.03,0.04,0.0000,0.03,0.03,0.04*66
$GPGST,035020.00,0.04,0.03,0.04,0.0000,0.03,0.03,0.04*64
$GPGST,035020.20,0.04,0.03,0.04,0.0000,0.03,0.03,0.04*66
$GPGST,035020.40,0.04,0.03,0.04,0.0000,0.03,0.03,0.04*60
$GPGST,035020.60,0.04,0.04,0.04,0.0000,0.04,0.04,0.04*65
$GPGST,035020.80,0.05,0.04,0.05,0.0000,0.04,0.04,0.05*6A
$GPGST,035021.00,0.05,0.04,0.05,0.0000,0.03,0.04,0.05*64
$GPGST,035021.20,0.05,0.04,0.05,0.0000,0.04,0.04,0.05*61
$GPGST,035021.40,0.05,0.04,0.05,0.0000,0.04,0.04,0.05*67
$GPGST,035021.60,0.05,0.04,0.05,0.0000,0.04,0.04,0.05*65
$GPGST,035021.80,0.06,0.05,0.06,0.0000,0.05,0.05,0.06*69
$GPGST,035022.00,0.05,0.04,0.05,0.0000,0.04,0.04,0.05*60
$GPGST,035022.20,0.05,0.04,0.05,0.0000,0.04,0.04,0.05*62
$GPGST,035022.40,0.05,0.04,0.05,0.0000,0.04,0.04,0.05*64
$GPGST,035022.60,0.06,0.05,0.06,0.0000,0.05,0.05,0.06*64
$GPGST,035022.80,0.06,0.05,0.06,0.0000,0.05,0.05,0.06*6A
$GPGST,035023.00,0.04,0.04,0.04,0.0000,0.04,0.04,0.04*60
$GPGST,035023.20,0.04,0.04,0.04,0.0000,0.04,0.04,0.04*62
$GPGST,035023.40,0.05,0.04,0.05,0.0000,0.04,0.04,0.05*65
$GPGST,035023.60,0.05,0.04,0.05,0.0000,0.04,0.04,0.05*67
$GPGST,035023.80,0.05,0.04,0.05,0.0000,0.04,0.04,0.05*69
$GPGST,035024.00,0.07,0.06,0.07,0.0000,0.06,0.06,0.07*66
$GPGST,035024.20,0.07,0.06,0.07,0.0000,0.06,0.06,0.07*64
$GPGST,035024.40,0.07,0.06,0.07,0.0000,0.06,0.06,0.07*62
$GPGST,035024.60,0.07,0.06,0.07,0.0000,0.06,0.06,0.07*60
$GPGST,035024.80,0.07,0.06,0.07,0.0000,0.06,0.06,0.07*6E
$GPGST,035025.00,0.04,0.03,0.04,0.0000,0.03,0.03,0.04*61
$GPGST,035025.20,0.04,0.03,0.04,0.0000,0.03,0.03,0.04*63
$GPGST,035025.40,0.04,0.03,0.04,0.0000,0.03,0.03,0.04*65
$GPGST,035025.60,0.04,0.03,0.04,0.0000,0.03,0.03,0.04*67
$GPGST,035025.80,0.04,0.04,0.04,0.0000,0.03,0.04,0.04*69
$GPGST,035026.00,0.03,0.03,0.03,0.0000,0.03,0.03,0.03*65
$GPGST,035026.20,0.04,0.03,0.04,0.0000,0.03,0.03,0.04*60
$GPGST,035026.40,0.04,0.04,0.04,0.0000,0.04,0.04,0.04*61
$GPGST,035026.60,0.05,0.04,0.05,0.0000,0.04,0.04,0.05*62
$GPGST,035026.80,0.05,0.04,0.05,0.0000,0.04,0.04,0.05*6C
$GPGST,035027.00,0.04,0.03,0.04,0.0000,0.03,0.03,0.04*63
$GPGST,035027.20,0.04,0.04,0.04,0.0000,0.04,0.04,0.04*66
$GPGST,035027.40,0.05,0.04,0.05,0.0000,0.04,0.04,0.05*61
$GPGST,035027.60,0.05,0.04,0.05,0.0000,0.04,0.04,0.05*63
$GPGST,035027.80,0.05,0.04,0.05,0.0000,0.04,0.04,0.05*6D
$GPGST,035028.00,0.04,0.03,0.04,0.0000,0.03,0.03,0.04*6C
$GPGST,035028.20,0.05,0.04,0.05,0.0000,0.04,0.04,0.05*68
$GPGST,035028.40,0.05,0.04,0.05,0.0000,0.04,0.04,0.05*6E
$GPGST,035028.60,0.05,0.04,0.05,0.0000,0.04,0.04,0.05*6C
$GPGST,035028.80,0.06,0.05,0.06,0.0000,0.05,0.05,0.06*60
$GPGST,035029.00,0.05,0.04,0.05,0.0000,0.04,0.04,0.05*6B
$GPGST,035029.20,0.05,0.04,0.05,0.0000,0.04,0.04,0.05*69
$GPGST,035029.40,0.05,0.04,0.05,0.0000,0.04,0.04,0.05*6F
$GPGST,035029.60,0.05,0.04,0.05,0.0000,0.04,0.04,0.05*6D
$GPGST,035029.80,0.05,0.05,0.05,0.0000,0.04,0.05,0.05*63
$GPGST,035030.00,0.05,0.03,0.05,0.0000,0.03,0.03,0.05*64
$GPGST,035030.20,0.05,0.04,0.05,0.0000,0.04,0.04,0.05*61
$GPGST,035030.40,0.05,0.04,0.05,0.0000,0.04,0.04,0.05*67
$GPGST,035030.60,0.05,0.04,0.05,0.0000,0.04,0.04,0.05*65
$GPGST,035030.80,0.06,0.05,0.06,0.0000,0.05,0.04,0.06*68
$GPGST,035031.00,0.04,0.03,0.04,0.0000,0.03,0.03,0.04*64
$GPGST,035031.20,0.05,0.04,0.05,0.0000,0.04,0.04,0.05*60
$GPGST,035031.40,0.05,0.04,0.05,0.0000,0.04,0.04,0.05*66
$GPGST,035031.60,0.05,0.04,0.05,0.0000,0.04,0.04,0.05*64
$GPGST,035031.80,0.05,0.04,0.05,0.0000,0.04,0.04,0.05*6A
$GPGST,035032.00,0.04,0.03,0.04,0.0000,0.03,0.03,0.04*67
$GPGST,035032.20,0.04,0.03,0.04,0.0000,0.03,0.03,0.04*65
$GPGST,035032.40,0.05,0.04,0.05,0.0000,0.04,0.04,0.05*65
$GPGST,035032.60,0.05,0.04,0.05,0.0000,0.04,0.04,0.05*67
$GPGST,035032.80,0.05,0.04,0.05,0.0000,0.04,0.04,0.05*69
$GPGST,035033.00,0.04,0.03,0.04,0.0000,0.03,0.03,0.04*66
$GPGST,035033.20,0.04,0.03,0.04,0.0000,0.03,0.03,0.04*64
$GPGST,035033.40,0.05,0.04,0.05,0.0000,0.04,0.04,0.05*64
$GPGST,035033.60,0.05,0.04,0.05,0.0000,0.04,0.04,0.05*66
$GPGST,035033.80,0.05,0.04,0.05,0.0000,0.04,0.04,0.05*68
$GPGST,035034.00,0.03,0.02,0.03,0.0000,0.02,0.02,0.03*67
$GPGST,035034.20,0.04,0.03,0.04,0.0000,0.03,0.03,0.04*63
$GPGST,035034.40,0.04,0.03,0.04,0.0000,0.03,0.03,0.04*65
$GPGST,035034.60,0.04,0.03,0.04,0.0000,0.03,0.03,0.04*67
$GPGST,035034.80,0.04,0.04,0.04,0.0000,0.04,0.04,0.04*6E
$GPGST,035035.00,0.04,0.03,0.04,0.0000,0.03,0.03,0.04*60
$GPGST,035035.20,0.04,0.03,0.04,0.0000,0.03,0.03,0.04*62
$GPGST,035035.40,0.04,0.03,0.04,0.0000,0.03,0.03,0.04*64
$GPGST,035035.60,0.04,0.03,0.04,0.0000,0.03,0.03,0.04*66
$GPGST,035035.80,0.04,0.04,0.04,0.0000,0.04,0.04,0.04*6F
$GPGST,035036.00,0.03,0.02,0.03,0.0000,0.02,0.02,0.03*65
$GPGST,035036.20,0.04,0.03,0.04,0.0000,0.03,0.02,0.04*60
$GPGST,035036.40,0.04,0.03,0.04,0.0000,0.03,0.03,0.04*67
$GPGST,035036.60,0.04,0.03,0.04,0.0000,0.03,0.03,0.04*65
$GPGST,035036.80,0.04,0.03,0.04,0.0000,0.03,0.03,0.04*6B
$GPGST,035037.00,0.04,0.03,0.04,0.0000,0.03,0.03,0.04*62
$GPGST,035037.20,0.04,0.03,0.04,0.0000,0.03,0.03,0.04*60
$GPGST,035037.40,0.04,0.03,0.04,0.0000,0.03,0.03,0.04*66
$GPGST,035037.60,0.04,0.03,0.04,0.0000,0.03,0.03,0.04*64
$GPGST,035037.80,0.04,0.03,0.04,0.0000,0.03,0.03,0.04*6A
$GPGST,035038.00,0.03,0.02,0.03,0.0000,0.02,0.02,0.03*6B
$GPGST,035038.20,0.04,0.03,0.04,0.0000,0.03,0.03,0.04*6F
$GPGST,035038.40,0.04,0.03,0.04,0.0000,0.03,0.03,0.04*69
$GPGST,035038.60,0.04,0.03,0.04,0.0000,0.03,0.03,0.04*6B
$GPGST,035038.80,0.04,0.03,0.04,0.0000,0.03,0.03,0.04*65
$GPGST,035039.00,0.03,0.02,0.03,0.0000,0.02,0.02,0.03*6A
$GPGST,035039.20,0.04,0.03,0.04,0.0000,0.03,0.03,0.04*6E
$GPGST,035039.40,0.04,0.03,0.04,0.0000,0.03,0.03,0.04*68
$GPGST,035039.60,0.04,0.03,0.04,0.0000,0.03,0.03,0.04*6A
$GPGST,035039.80,0.04,0.03,0.04,0.0000,0.03,0.03,0.04*64
$GPGST,035040.00,0.04,0.03,0.04,0.0000,0.03,0.03,0.04*62
$GPGST,035040.20,0.04,0.03,0.04,0.0000,0.03,0.03,0.04*60
$GPGST,035040.40,0.04,0.03,0.04,0.0000,0.03,0.03,0.04*66
$GPGST,035040.60,0.05,0.03,0.05,0.0000,0.03,0.03,0.05*65
$GPGST,035040.80,0.05,0.04,0.05,0.0000,0.04,0.04,0.05*6C
$GPGST,035041.00,0.04,0.03,0.04,0.0000,0.03,0.03,0.04*63
$GPGST,035041.20,0.04,0.03,0.04,0.0000,0.03,0.03,0.04*61
$GPGST,035041.40,0.04,0.04,0.04,0.0000,0.03,0.04,0.04*67
$GPGST,035041.60,0.05,0.04,0.05,0.0000,0.04,0.04,0.05*63
$GPGST,035041.80,0.05,0.04,0.05,0.0000,0.04,0.04,0.05*6D
$GPGST,035042.00,0.04,0.03,0.04,0.0000,0.03,0.03,0.04*60
$GPGST,035042.20,0.05,0.04,0.05,0.0000,0.04,0.04,0.05*64
$GPGST,035042.40,0.05,0.04,0.05,0.0000,0.04,0.04,0.05*62
$GPGST,035042.60,0.05,0.04,0.05,0.0000,0.04,0.04,0.05*60
$GPGST,035042.80,0.05,0.04,0.05,0.0000,0.04,0.04,0.05*6E
$GPGST,035043.00,0.04,0.03,0.04,0.0000,0.03,0.03,0.04*61
$GPGST,035043.20,0.04,0.03,0.04,0.0000,0.03,0.03,0.04*63
$GPGST,035043.40,0.05,0.04,0.05,0.0000,0.04,0.04,0.05*63
$GPGST,035043.60,0.05,0.04,0.05,0.0000,0.04,0.04,0.05*61
$GPGST,035043.80,0.05,0.04,0.05,0.0000,0.04,0.04,0.05*6F
$GPGST,035044.00,0.05,0.03,0.05,0.0000,0.03,0.03,0.05*67
$GPGST,035044.20,0.05,0.04,0.05,0.0000,0.04,0.04,0.05*62
$GPGST,035044.40,0.05,0.04,0.05,0.0000,0.04,0.04,0.05*64
$GPGST,035044.60,0.05,0.04,0.05,0.0000,0.04,0.04,0.05*66
$GPGST,035044.80,0.05,0.04,0.05,0.0000,0.04,0.04,0.05*68
$GPGST,035045.00,0.04,0.03,0.04,0.0000,0.03,0.03,0.04*67
$GPGST,035045.20,0.04,0.03,0.04,0.0000,0.03,0.03,0.04*65
$GPGST,035045.40,0.05,0.03,0.05,0.0000,0.03,0.03,0.05*62
$GPGST,035045.60,0.05,0.03,0.05,0.0000,0.03,0.03,0.05*60
$GPGST,035045.80,0.05,0.03,0.05,0.0000,0.03,0.03,0.05*6E
$GPGST,035046.00,0.03,0.02,0.03,0.0000,0.02,0.02,0.03*62
$GPGST,035046.20,0.03,0.02,0.03,0.0000,0.02,0.02,0.03*60
$GPGST,035046.40,0.04,0.03,0.04,0.0000,0.03,0.03,0.04*60
$GPGST,035046.60,0.04,0.03,0.04,0.0000,0.03,0.03,0.04*62
$GPGST,035046.80,0.04,0.03,0.04,0.0000,0.03,0.03,0.04*6C
$GPGST,035047.00,0.04,0.02,0.04,0.0000,0.02,0.02,0.04*64
$GPGST,035047.20,0.04,0.03,0.04,0.0000,0.03,0.03,0.04*67
$GPGST,035047.40,0.04,0.03,0.04,0.0000,0.03,0.03,0.04*61
$GPGST,035047.60,0.04,0.03,0.04,0.0000,0.03,0.03,0.04*63
$GPGST,035047.80,0.04,0.03,0.04,0.0000,0.03,0.03,0.04*6D
$GPGST,035048.00,0.03,0.02,0.03,0.0000,0.02,0.02,0.03*6C
$GPGST,035048.20,0.04,0.03,0.04,0.0000,0.03,0.03,0.04*68
$GPGST,035048.40,0.04,0.03,0.04,0.0000,0.03,0.03,0.04*6E
$GPGST,035048.60,0.04,0.03,0.04,0.0000,0.03,0.03,0.04*6C
$GPGST,035048.80,0.04,0.03,0.04,0.0000,0.03,0.03,0.04*62
$GPGST,035049.00,0.04,0.03,0.04,0.0000,0.03,0.03,0.04*6B
$GPGST,035049.20,0.04,0.03,0.04,0.0000,0.03,0.03,0.04*69
$GPGST,035049.40,0.04,0.03,0.04,0.0000,0.03,0.03,0.04*6F
$GPGST,035049.60,0.04,0.03,0.04,0.0000,0.03,0.03,0.04*6D
$GPGST,035049.80,0.04,0.03,0.04,0.0000,0.03,0.03,0.04*63
$GPGST,035050.00,0.03,0.02,0.03,0.0000,0.02,0.02,0.03*65
$GPGST,035050.20,0.04,0.02,0.04,0.0000,0.02,0.02,0.04*60
$GPGST,035050.40,0.04,0.03,0.04,0.0000,0.03,0.03,0.04*67
$GPGST,035050.60,0.04,0.03,0.04,0.0000,0.03,0.03,0.04*65
$GPGST,035050.80,0.04,0.03,0.04,0.0000,0.03,0.03,0.04*6B
$GPGST,035051.00,0.03,0.02,0.03,0.0000,0.02,0.02,0.03*64
$GPGST,035051.20,0.03,0.02,0.03,0.0000,0.02,0.02,0.03*66
$GPGST,035051.40,0.04,0.03,0.04,0.0000,0.02,0.03,0.04*67
$GPGST,035051.60,0.04,0.03,0.04,0.0000,0.03,0.03,0.04*64
$GPGST,035051.80,0.04,0.03,0.04,0.0000,0.03,0.03,0.04*6A
$GPGST,035052.00,0.03,0.02,0.03,0.0000,0.02,0.02,0.03*67
$GPGST,035052.20,0.03,0.02,0.03,0.0000,0.02,0.02,0.03*65
$GPGST,035052.40,0.03,0.02,0.03,0.0000,0.02,0.02,0.03*63
$GPGST,035052.60,0.03,0.02,0.03,0.0000,0.02,0.02,0.03*61
$GPGST,035052.80,0.04,0.02,0.04,0.0000,0.02,0.02,0.04*68
$GPGST,035053.00,0.03,0.02,0.03,0.0000,0.02,0.02,0.03*66
$GPGST,035053.20,0.03,0.02,0.03,0.0000,0.02,0.02,0.03*64
$GPGST,035053.40,0.03,0.02,0.03,0.0000,0.02,0.02,0.03*62
$GPGST,035053.60,0.04,0.02,0.04,0.0000,0.02,0.02,0.04*67
$GPGST,035053.80,0.04,0.03,0.04,0.0000,0.02,0.03,0.04*69
$GPGST,035054.00,0.03,0.02,0.03,0.0000,0.02,0.02,0.03*61
$GPGST,035054.20,0.03,0.02,0.03,0.0000,0.02,0.02,0.03*63
$GPGST,035054.40,0.04,0.02,0.04,0.0000,0.02,0.02,0.04*62
$GPGST,035054.60,0.04,0.03,0.04,0.0000,0.02,0.03,0.04*60
$GPGST,035054.80,0.04,0.03,0.04,0.0000,0.03,0.03,0.04*6F
$GPGST,035055.00,0.03,0.02,0.03,0.0000,0.02,0.02,0.03*60
$GPGST,035055.20,0.03,0.02,0.03,0.0000,0.02,0.02,0.03*62
$GPGST,035055.40,0.04,0.02,0.04,0.0000,0.02,0.02,0.04*63
$GPGST,035055.60,0.04,0.03,0.04,0.0000,0.03,0.03,0.04*60
$GPGST,035055.80,0.04,0.03,0.04,0.0000,0.03,0.03,0.04*6E
$GPGST,035056.00,0.04,0.03,0.04,0.0000,0.03,0.03,0.04*65
$GPGST,035056.20,0.04,0.03,0.04,0.0000,0.03,0.03,0.04*67
$GPGST,035056.40,0.04,0.03,0.04,0.0000,0.03,0.03,0.04*61
$GPGST,035056.60,0.04,0.04,0.04,0.0000,0.03,0.04,0.04*63
$GPGST,035056.80,0.05,0.04,0.05,0.0000,0.03,0.04,0.05*6C
$GPGST,035057.00,0.04,0.03,0.04,0.0000,0.03,0.03,0.04*64
$GPGST,035057.20,0.04,0.03,0.04,0.0000,0.03,0.03,0.04*66
$GPGST,035057.40,0.04,0.03,0.04,0.0000,0.03,0.03,0.04*60
$GPGST,035057.60,0.05,0.04,0.05,0.0000,0.04,0.04,0.05*64
$GPGST,035057.80,0.05,0.04,0.05,0.0000,0.04,0.04,0.05*6A
$GPGST,035058.00,0.04,0.04,0.04,0.0000,0.03,0.04,0.04*6B
$GPGST,035058.20,0.05,0.04,0.05,0.0000,0.04,0.04,0.05*6F
$GPGST,035058.40,0.05,0.04,0.05,0.0000,0.04,0.04,0.05*69
$GPGST,035058.60,0.05,0.04,0.05,0.0000,0.04,0.04,0.05*6B
$GPGST,035058.80,0.05,0.04,0.05,0.0000,0.04,0.04,0.05*65
$GPGST,035059.00,0.04,0.03,0.04,0.0000,0.03,0.03,0.04*6A
$GPGST,035059.20,0.04,0.03,0.04,0.0000,0.03,0.03,0.04*68
$GPGST,035059.40,0.04,0.04,0.04,0.0000,0.04,0.04,0.04*69
$GPGST,035059.60,0.05,0.04,0.05,0.0000,0.04,0.04,0.05*6A
$GPGST,035059.80,0.05,0.04,0.05,0.0000,0.04,0.04,0.05*64
$GPGST,035100.00,0.04,0.03,0.04,0.0000,0.03,0.03,0.04*67
$GPGST,035100.20,0.04,0.03,0.04,0.0000,0.03,0.03,0.04*65
$GPGST,035100.40,0.05,0.04,0.05,0.0000,0.04,0.04,0.05*65
$GPGST,035100.60,0.05,0.04,0.05,0.0000,0.04,0.04,0.05*67
$GPGST,035100.80,0.05,0.04,0.05,0.0000,0.04,0.04,0.05*69
$GPGST,035101.00,0.04,0.03,0.04,0.0000,0.03,0.02,0.04*67
$GPGST,035101.20,0.04,0.03,0.04,0.0000,0.03,0.03,0.04*64
$GPGST,035101.40,0.04,0.03,0.04,0.0000,0.03,0.03,0.04*62
$GPGST,035101.60,0.05,0.04,0.05,0.0000,0.04,0.03,0.05*61
$GPGST,035101.80,0.05,0.04,0.05,0.0000,0.04,0.03,0.05*6F
$GPGST,035102.00,0.04,0.03,0.04,0.0000,0.03,0.03,0.04*65
$GPGST,035102.20,0.04,0.03,0.04,0.0000,0.03,0.03,0.04*67
$GPGST,035102.40,0.04,0.04,0.04,0.0000,0.04,0.03,0.04*61
$GPGST,035102.60,0.05,0.04,0.05,0.0000,0.04,0.04,0.05*65
$GPGST,035102.80,0.05,0.04,0.05,0.0000,0.04,0.04,0.05*6B
$GPGST,035103.00,0.04,0.04,0.04,0.0000,0.04,0.03,0.04*64
$GPGST,035103.20,0.04,0.04,0.04,0.0000,0.04,0.03,0.04*66
$GPGST,035103.40,0.05,0.04,0.05,0.0000,0.04,0.04,0.05*66
$GPGST,035103.60,0.05,0.04,0.05,0.0000,0.04,0.04,0.05*64
$GPGST,035103.80,0.05,0.04,0.05,0.0000,0.04,0.04,0.05*6A
$GPGST,035104.00,0.04,0.03,0.04,0.0000,0.03,0.03,0.04*63
$GPGST,035104.20,0.04,0.03,0.04,0.0000,0.03,0.03,0.04*61
$GPGST,035104.40,0.04,0.04,0.04,0.0000,0.04,0.03,0.04*67
$GPGST,035104.60,0.04,0.04,0.04,0.0000,0.04,0.03,0.04*65
$GPGST,035104.80,0.05,0.04,0.05,0.0000,0.04,0.04,0.05*6D
$GPGST,035105.00,0.04,0.03,0.04,0.0000,0.03,0.03,0.04*62
$GPGST,035105.20,0.04,0.03,0.04,0.0000,0.03,0.03,0.04*60
$GPGST,035105.40,0.04,0.04,0.04,0.0000,0.04,0.03,0.04*66
$GPGST,035105.60,0.04,0.04,0.04,0.0000,0.04,0.04,0.04*63
$GPGST,035105.80,0.05,0.04,0.05,0.0000,0.04,0.04,0.05*6C
$GPGST,035106.00,0.03,0.03,0.03,0.0000,0.03,0.03,0.03*66
$GPGST,035106.20,0.04,0.03,0.04,0.0000,0.03,0.03,0.04*63
$GPGST,035106.40,0.04,0.03,0.04,0.0000,0.03,0.03,0.04*65
$GPGST,035106.60,0.04,0.03,0.04,0.0000,0.03,0.03,0.04*67
$GPGST,035106.80,0.04,0.03,0.04,0.0000,0.03,0.03,0.04*69
$GPGST,035107.00,0.03,0.02,0.03,0.0000,0.02,0.02,0.03*66
$GPGST,035107.20,0.04,0.03,0.04,0.0000,0.03,0.03,0.04*62
$GPGST,035107.40,0.04,0.03,0.04,0.0000,0.03,0.03,0.04*64
$GPGST,035107.60,0.04,0.03,0.04,0.0000,0.03,0.03,0.04*66
$GPGST,035107.80,0.04,0.03,0.04,0.0000,0.03,0.03,0.04*68
$GPGST,035108.00,0.04,0.03,0.04,0.0000,0.03,0.03,0.04*6F
$GPGST,035108.20,0.04,0.03,0.04,0.0000,0.03,0.03,0.04*6D
$GPGST,035108.40,0.04,0.03,0.04,0.0000,0.03,0.03,0.04*6B
$GPGST,035108.60,0.04,0.03,0.04,0.0000,0.03,0.03,0.04*69
$GPGST,035108.80,0.05,0.04,0.05,0.0000,0.04,0.04,0.05*61
$GPGST,035109.00,0.03,0.03,0.03,0.0000,0.03,0.03,0.03*69
$GPGST,035109.20,0.04,0.03,0.04,0.0000,0.03,0.03,0.04*6C
$GPGST,035109.40,0.04,0.03,0.04,0.0000,0.03,0.03,0.04*6A
$GPGST,035109.60,0.04,0.03,0.04,0.0000,0.03,0.03,0.04*68
$GPGST,035109.80,0.04,0.03,0.04,0.0000,0.03,0.03,0.04*66
$GPGST,035110.00,0.04,0.03,0.04,0.0000,0.03,0.03,0.04*66
$GPGST,035110.20,0.04,0.03,0.04,0.0000,0.03,0.03,0.04*64
$GPGST,035110.40,0.04,0.03,0.04,0.0000,0.03,0.03,0.04*62
$GPGST,035110.60,0.04,0.03,0.04,0.0000,0.03,0.03,0.04*60
$GPGST,035110.80,0.04,0.04,0.04,0.0000,0.04,0.03,0.04*6E
$GPGST,035111.00,0.04,0.03,0.04,0.0000,0.03,0.03,0.04*67
$GPGST,035111.20,0.04,0.03,0.04,0.0000,0.03,0.03,0.04*65
$GPGST,035111.40,0.04,0.04,0.04,0.0000,0.04,0.03,0.04*63
$GPGST,035111.60,0.04,0.04,0.04,0.0000,0.04,0.04,0.04*66
$GPGST,035111.80,0.04,0.04,0.04,0.0000,0.04,0.04,0.04*68
$GPGST,035112.00,0.04,0.03,0.04,0.0000,0.03,0.03,0.04*64
$GPGST,035112.20,0.04,0.03,0.04,0.0000,0.03,0.03,0.04*66
$GPGST,035112.40,0.04,0.03,0.04,0.0000,0.03,0.03,0.04*60
$GPGST,035112.60,0.04,0.03,0.04,0.0000,0.03,0.03,0.04*62
$GPGST,035112.80,0.04,0.04,0.04,0.0000,0.04,0.04,0.04*6B
$GPGST,035113.00,0.03,0.03,0.03,0.0000,0.03,0.02,0.03*63
$GPGST,035113.20,0.04,0.03,0.04,0.0000,0.03,0.03,0.04*67
$GPGST,035113.40,0.04,0.03,0.04,0.0000,0.03,0.03,0.04*61
$GPGST,035113.60,0.04,0.03,0.04,0.0000,0.03,0.03,0.04*63
$GPGST,035113.80,0.04,0.03,0.04,0.0000,0.03,0.03,0.04*6D
$GPGST,035114.00,0.03,0.02,0.03,0.0000,0.02,0.02,0.03*64
$GPGST,035114.20,0.04,0.03,0.04,0.0000,0.03,0.03,0.04*60
$GPGST,035114.40,0.04,0.03,0.04,0.0000,0.03,0.03,0.04*66
$GPGST,035114.60,0.04,0.03,0.04,0.0000,0.03,0.03,0.04*64
$GPGST,035114.80,0.04,0.03,0.04,0.0000,0.03,0.03,0.04*6A
$GPGST,035115.00,0.03,0.03,0.03,0.0000,0.03,0.02,0.03*65
$GPGST,035115.20,0.04,0.03,0.04,0.0000,0.03,0.03,0.04*61
$GPGST,035115.40,0.04,0.03,0.04,0.0000,0.03,0.03,0.04*67
$GPGST,035115.60,0.04,0.04,0.04,0.0000,0.04,0.03,0.04*65
$GPGST,035115.80,0.05,0.04,0.05,0.0000,0.04,0.04,0.05*6D
$GPGST,035116.00,0.04,0.03,0.04,0.0000,0.03,0.03,0.04*60
$GPGST,035116.20,0.05,0.04,0.05,0.0000,0.04,0.04,0.05*64
$GPGST,035116.40,0.05,0.04,0.05,0.0000,0.04,0.04,0.05*62
$GPGST,035116.60,0.05,0.05,0.05,0.0000,0.05,0.05,0.05*61
$GPGST,035116.80,0.05,0.05,0.05,0.0000,0.05,0.05,0.05*6F
$GPGST,035117.00,0.05,0.04,0.05,0.0000,0.04,0.04,0.05*67
$GPGST,035117.20,0.05,0.04,0.05,0.0000,0.04,0.04,0.05*65
$GPGST,035117.40,0.05,0.04,0.05,0.0000,0.04,0.04,0.05*63
$GPGST,035117.60,0.05,0.05,0.05,0.0000,0.04,0.05,0.05*61
$GPGST,035117.80,0.06,0.05,0.06,0.0000,0.05,0.05,0.06*6D
$GPGST,035118.00,0.04,0.03,0.04,0.0000,0.03,0.03,0.04*6E
$GPGST,035118.20,0.05,0.04,0.05,0.0000,0.04,0.03,0.05*6D
$GPGST,035118.40,0.05,0.04,0.05,0.0000,0.04,0.04,0.05*6C
$GPGST,035118.60,0.05,0.04,0.05,0.0000,0.04,0.04,0.05*6E
$GPGST,035118.80,0.05,0.05,0.05,0.0000,0.04,0.05,0.05*60
$GPGST,035119.00,0.06,0.05,0.06,0.0000,0.04,0.05,0.06*6A
$GPGST,035119.20,0.06,0.05,0.06,0.0000,0.05,0.05,0.06*69
$GPGST,035119.40,0.06,0.05,0.06,0.0000,0.05,0.05,0.06*6F
$GPGST,035119.60,0.06,0.05,0.06,0.0000,0.05,0.05,0.06*6D
$GPGST,035119.80,0.06,0.06,0.06,0.0000,0.05,0.06,0.06*63
$GPGST,035120.00,0.07,0.06,0.07,0.0000,0.05,0.06,0.07*60
$GPGST,035120.20,0.07,0.06,0.07,0.0000,0.06,0.06,0.07*61
$GPGST,035120.40,0.07,0.06,0.07,0.0000,0.06,0.06,0.07*67
$GPGST,035120.60,0.07,0.06,0.07,0.0000,0.06,0.06,0.07*65
$GPGST,035120.80,0.07,0.06,0.07,0.0000,0.06,0.06,0.07*6B
$GPGST,035121.00,0.07,0.06,0.07,0.0000,0.06,0.06,0.07*62
$GPGST,035121.20,6.68,4.30,6.68,0.0000,4.30,3.25,6.68*6D
$GPGST,035121.40,6.68,4.30,6.68,0.0000,4.30,3.25,6.68*6B
$GPGST,035121.60,6.68,4.30,6.68,0.0000,4.30,3.25,6.68*69
$GPGST,035121.80,6.68,4.30,6.68,0.0000,4.30,3.25,6.68*67
$GPGST,035122.00,8.01,4.97,8.01,0.0000,4.97,3.84,8.01*66
$GPGST,035122.20,8.01,4.97,8.01,0.0000,4.97,3.84,8.01*64
$GPGST,035122.40,8.01,4.97,8.01,0.0000,4.97,3.84,8.01*62
$GPGST,035122.60,8.01,4.97,8.01,0.0000,4.97,3.84,8.01*60
$GPGST,035122.80,8.01,4.97,8.01,0.0000,4.97,3.84,8.01*6E
$GPGST,035123.00,7.78,4.97,7.78,0.0000,4.97,3.72,7.78*6F
$GPGST,035123.20,7.78,4.97,7.78,0.0000,4.97,3.72,7.78*6D
$GPGST,035123.40,7.78,4.97,7.78,0.0000,4.97,3.72,7.78*6B
$GPGST,035123.60,7.78,4.97,7.78,0.0000,4.97,3.72,7.78*69
$GPGST,035123.80,7.78,4.97,7.78,0.0000,4.97,3.72,7.78*67
$GPGST,035124.00,8.79,5.61,8.79,0.0000,5.61,4.26,8.79*60
$GPGST,035124.20,8.79,5.61,8.79,0.0000,5.61,4.26,8.79*62
$GPGST,035124.40,8.79,5.61,8.79,0.0000,5.61,4.26,8.79*64
$GPGST,035124.60,8.79,5.61,8.79,0.0000,5.61,4.26,8.79*66
$GPGST,035124.80,8.79,5.61,8.79,0.0000,5.61,4.26,8.79*68
$GPGST,035125.00,8.01,5.12,8.01,0.0000,5.12,3.90,8.01*64
$GPGST,035125.20,8.01,5.12,8.01,0.0000,5.12,3.90,8.01*66
$GPGST,035125.40,8.01,5.12,8.01,0.0000,5.12,3.90,8.01*60
$GPGST,035125.60,8.01,5.12,8.01,0.0000,5.12,3.90,8.01*62
$GPGST,035125.80,8.01,5.12,8.01,0.0000,5.12,3.90,8.01*6C
$GPGST,035126.00,5.76,3.72,5.76,0.0000,3.72,2.82,5.76*68
$GPGST,035126.20,5.76,3.72,5.76,0.0000,3.72,2.82,5.76*6A
$GPGST,035126.40,5.76,3.72,5.76,0.0000,3.72,2.82,5.76*6C
$GPGST,035126.60,5.76,3.72,5.76,0.0000,3.72,2.82,5.76*6E
$GPGST,035126.80,5.76,3.72,5.76,0.0000,3.72,2.82,5.76*60
$GPGST,035127.00,6.37,4.23,6.37,0.0000,4.23,3.15,6.37*60
$GPGST,035127.20,6.37,4.23,6.37,0.0000,4.23,3.15,6.37*62
$GPGST,035127.40,6.37,4.23,6.37,0.0000,4.23,3.15,6.37*64
$GPGST,035127.60,6.37,4.23,6.37,0.0000,4.23,3.15,6.37*66
$GPGST,035127.80,6.37,4.23,6.37,0.0000,4.23,3.15,6.37*68
$GPGST,035128.00,5.63,3.73,5.63,0.0000,3.73,2.83,5.63*63
$GPGST,035128.20,5.63,3.73,5.63,0.0000,3.73,2.83,5.63*61
$GPGST,035128.40,5.63,3.73,5.63,0.0000,3.73,2.83,5.63*67
$GPGST,035128.60,5.63,3.73,5.63,0.0000,3.73,2.83,5.63*65
$GPGST,035128.80,5.63,3.73,5.63,0.0000,3.73,2.83,5.63*6B
$GPGST,035129.00,4.46,2.95,4.46,0.0000,2.95,2.24,4.46*69
$GPGST,035129.20,4.46,2.95,4.46,0.0000,2.95,2.24,4.46*6B
$GPGST,035129.40,4.46,2.95,4.46,0.0000,2.95,2.24,4.46*6D
$GPGST,035129.60,4.46,2.95,4.46,0.0000,2.95,2.24,4.46*6F
$GPGST,035129.80,4.46,2.95,4.46,0.0000,2.95,2.25,4.46*60
$GPGST,035130.00,2.04,1.35,2.04,0.0000,1.35,1.04,2.04*60
$GPGST,035130.20,2.04,1.35,2.04,0.0000,1.35,1.04,2.04*62
$GPGST,035130.40,2.04,1.35,2.04,0.0000,1.35,1.04,2.04*64
$GPGST,035130.60,2.04,1.35,2.04,0.0000,1.35,1.04,2.04*66
$GPGST,035130.80,2.04,1.35,2.04,0.0000,1.35,1.04,2.04*68
$GPGST,035131.00,1.99,1.32,1.99,0.0000,1.32,1.02,1.99*60
$GPGST,035131.20,1.99,1.32,1.99,0.0000,1.32,1.02,1.99*62
$GPGST,035131.40,1.99,1.32,1.99,0.0000,1.32,1.02,1.99*64
$GPGST,035131.60,1.99,1.32,1.99,0.0000,1.32,1.02,1.99*66
$GPGST,035131.80,1.99,1.32,1.99,0.0000,1.32,1.02,1.99*68
$GPGST,035132.00,1.64,1.09,1.64,0.0000,1.09,0.85,1.64*6F
$GPGST,035132.20,1.64,1.09,1.64,0.0000,1.09,0.85,1.64*6D
$GPGST,035132.40,1.64,1.09,1.64,0.0000,1.09,0.85,1.64*6B
$GPGST,035132.60,1.64,1.09,1.64,0.0000,1.09,0.85,1.64*69
$GPGST,035132.80,1.64,1.09,1.64,0.0000,1.09,0.85,1.64*67
$GPGST,035133.00,1.47,0.98,1.47,0.0000,0.98,0.77,1.47*62
$GPGST,035133.20,1.47,0.98,1.47,0.0000,0.98,0.77,1.47*60
$GPGST,035133.40,1.47,0.98,1.47,0.0000,0.98,0.77,1.47*66
$GPGST,035133.60,1.47,0.98,1.47,0.0000,0.98,0.77,1.47*64
$GPGST,035133.80,1.47,0.98,1.47,0.0000,0.98,0.77,1.47*6A
$GPGST,035134.00,1.47,0.98,1.47,0.0000,0.98,0.76,1.47*64
$GPGST,035134.20,1.47,0.98,1.47,0.0000,0.98,0.76,1.47*66
$GPGST,035134.40,1.47,0.98,1.47,0.0000,0.98,0.76,1.47*60
$GPGST,035134.60,1.47,0.98,1.47,0.0000,0.98,0.76,1.47*62
$GPGST,035134.80,1.47,0.98,1.47,0.0000,0.98,0.76,1.47*6C
$GPGST,035135.00,0.02,0.01,0.02,0.0000,0.01,0.01,0.02*65
$GPGST,035135.20,0.02,0.01,0.02,0.0000,0.01,0.01,0.02*67
$GPGST,035135.40,0.02,0.01,0.02,0.0000,0.01,0.01,0.02*61
$GPGST,035135.60,0.02,0.01,0.02,0.0000,0.01,0.01,0.02*63
$GPGST,035135.80,0.02,0.01,0.02,0.0000,0.01,0.01,0.02*6D
$GPGST,035136.00,0.02,0.01,0.02,0.0000,0.01,0.01,0.02*66
$GPGST,035136.20,0.02,0.01,0.02,0.0000,0.01,0.01,0.02*64
$GPGST,035136.40,0.02,0.01,0.02,0.0000,0.01,0.01,0.02*62
$GPGST,035136.60,0.02,0.01,0.02,0.0000,0.01,0.01,0.02*60
$GPGST,035136.80,0.02,0.01,0.02,0.0000,0.01,0.01,0.02*6E
$GPGST,035137.00,0.02,0.01,0.02,0.0000,0.01,0.01,0.02*67
$GPGST,035137.20,0.02,0.01,0.02,0.0000,0.01,0.01,0.02*65
$GPGST,035137.40,0.02,0.01,0.02,0.0000,0.01,0.01,0.02*63
$GPGST,035137.60,0.02,0.01,0.02,0.0000,0.01,0.01,0.02*61
$GPGST,035137.80,0.02,0.01,0.02,0.0000,0.01,0.01,0.02*6F
$GPGST,035138.00,0.02,0.01,0.02,0.0000,0.01,0.01,0.02*68
$GPGST,035138.20,0.02,0.01,0.02,0.0000,0.01,0.01,0.02*6A
$GPGST,035138.40,0.02,0.01,0.02,0.0000,0.01,0.01,0.02*6C
$GPGST,035138.60,0.02,0.01,0.02,0.0000,0.01,0.01,0.02*6E
$GPGST,035138.80,0.02,0.01,0.02,0.0000,0.01,0.01,0.02*60
$GPGST,035139.00,0.02,0.01,0.02,0.0000,0.01,0.01,0.02*69
$GPGST,035139.20,0.02,0.01,0.02,0.0000,0.01,0.01,0.02*6B
$GPGST,035139.40,0.02,0.01,0.02,0.0000,0.01,0.01,0.02*6D
$GPGST,035139.60,0.02,0.01,0.02,0.0000,0.01,0.01,0.02*6F
$GPGST,035139.80,0.02,0.01,0.02,0.0000,0.01,0.01,0.02*61
$GPGST,035140.00,0.02,0.01,0.02,0.0000,0.01,0.01,0.02*67
$GPGST,035140.20,0.02,0.01,0.02,0.0000,0.01,0.01,0.02*65
$GPGST,035140.40,0.02,0.01,0.02,0.0000,0.01,0.01,0.02*63
$GPGST,035140.60,0.02,0.01,0.02,0.0000,0.01,0.01,0.02*61
$GPGST,035140.80,0.02,0.01,0.02,0.0000,0.01,0.01,0.02*6F
$GPGST,035141.00,0.02,0.01,0.02,0.0000,0.01,0.01,0.02*66
$GPGST,035141.20,0.02,0.01,0.02,0.0000,0.01,0.01,0.02*64
$GPGST,035141.40,0.02,0.01,0.02,0.0000,0.01,0.01,0.02*62
$GPGST,035141.60,0.03,0.02,0.03,0.0000,0.02,0.02,0.03*62
$GPGST,035141.80,0.03,0.02,0.03,0.0000,0.02,0.02,0.03*6C
$GPGST,035142.00,0.03,0.02,0.03,0.0000,0.02,0.02,0.03*67
$GPGST,035142.20,0.03,0.02,0.03,0.0000,0.02,0.02,0.03*65
$GPGST,035142.40,0.03,0.02,0.03,0.0000,0.02,0.02,0.03*63
$GPGST,035142.60,0.03,0.02,0.03,0.0000,0.02,0.02,0.03*61
$GPGST,035142.80,0.03,0.03,0.03,0.0000,0.03,0.03,0.03*6E
$GPGST,035143.00,0.03,0.02,0.03,0.0000,0.02,0.02,0.03*66
$GPGST,035143.20,0.03,0.02,0.03,0.0000,0.02,0.02,0.03*64
$GPGST,035143.40,0.03,0.02,0.03,0.0000,0.02,0.02,0.03*62
$GPGST,035143.60,0.03,0.02,0.03,0.0000,0.02,0.02,0.03*60
$GPGST,035143.80,0.03,0.02,0.03,0.0000,0.02,0.02,0.03*6E
$GPGST,035144.00,0.03,0.02,0.03,0.0000,0.02,0.02,0.03*61
$GPGST,035144.20,0.03,0.02,0.03,0.0000,0.02,0.02,0.03*63
$GPGST,035144.40,0.03,0.02,0.03,0.0000,0.02,0.02,0.03*65
$GPGST,035144.60,0.03,0.02,0.03,0.0000,0.02,0.02,0.03*67
$GPGST,035144.80,0.03,0.03,0.03,0.0000,0.03,0.03,0.03*68
$GPGST,035145.00,0.03,0.02,0.03,0.0000,0.02,0.02,0.03*60
$GPGST,035145.20,0.03,0.02,0.03,0.0000,0.02,0.02,0.03*62
$GPGST,035145.40,0.03,0.03,0.03,0.0000,0.03,0.03,0.03*65
$GPGST,035145.60,0.04,0.03,0.04,0.0000,0.03,0.03,0.04*60
$GPGST,035145.80,0.04,0.03,0.04,0.0000,0.03,0.03,0.04*6E
$GPGST,035146.00,0.03,0.03,0.03,0.0000,0.03,0.03,0.03*62
$GPGST,035146.20,0.03,0.03,0.03,0.0000,0.03,0.03,0.03*60
$GPGST,035146.40,0.04,0.03,0.04,0.0000,0.03,0.03,0.04*61
$GPGST,035146.60,0.04,0.03,0.04,0.0000,0.03,0.03,0.04*63
$GPGST,035146.80,0.04,0.03,0.04,0.0000,0.03,0.03,0.04*6D
$GPGST,035147.00,0.03,0.02,0.03,0.0000,0.02,0.02,0.03*62
$GPGST,035147.20,0.03,0.02,0.03,0.0000,0.02,0.02,0.03*60
$GPGST,035147.40,0.03,0.02,0.03,0.0000,0.02,0.02,0.03*66
$GPGST,035147.60,0.03,0.02,0.03,0.0000,0.02,0.02,0.03*64
$GPGST,035147.80,0.03,0.03,0.03,0.0000,0.03,0.02,0.03*6A
$GPGST,035148.00,0.03,0.02,0.03,0.0000,0.02,0.02,0.03*6D
$GPGST,035148.20,0.03,0.02,0.03,0.0000,0.02,0.02,0.03*6F
$GPGST,035148.40,0.03,0.02,0.03,0.0000,0.02,0.02,0.03*69
$GPGST,035148.60,0.03,0.02,0.03,0.0000,0.02,0.02,0.03*6B
$GPGST,035148.80,0.03,0.03,0.03,0.0000,0.03,0.03,0.03*64
$GPGST,035149.00,0.03,0.02,0.03,0.0000,0.02,0.02,0.03*6C
$GPGST,035149.20,0.03,0.03,0.03,0.0000,0.03,0.03,0.03*6F
$GPGST,035149.40,0.03,0.03,0.03,0.0000,0.03,0.03,0.03*69
$GPGST,035149.60,0.04,0.03,0.04,0.0000,0.03,0.03,0.04*6C
$GPGST,035149.80,0.04,0.03,0.04,0.0000,0.03,0.03,0.04*62
$GPGST,035150.00,0.03,0.03,0.03,0.0000,0.03,0.03,0.03*65
$GPGST,035150.20,0.03,0.03,0.03,0.0000,0.03,0.03,0.03*67
$GPGST,035150.40,0.04,0.03,0.04,0.0000,0.03,0.03,0.04*66
$GPGST,035150.60,0.04,0.03,0.04,0.0000,0.03,0.03,0.04*64
$GPGST,035150.80,0.04,0.03,0.04,0.0000,0.03,0.03,0.04*6A
$GPGST,035151.00,0.03,0.02,0.03,0.0000,0.02,0.02,0.03*65
$GPGST,035151.20,0.04,0.03,0.04,0.0000,0.03,0.03,0.04*61
$GPGST,035151.40,0.04,0.03,0.04,0.0000,0.03,0.03,0.04*67
$GPGST,035151.60,0.04,0.04,0.04,0.0000,0.04,0.03,0.04*65
$GPGST,035151.80,0.04,0.04,0.04,0.0000,0.04,0.04,0.04*6C
$GPGST,035152.00,0.04,0.03,0.04,0.0000,0.03,0.03,0.04*60
$GPGST,035152.20,0.04,0.03,0.04,0.0000,0.03,0.03,0.04*62
$GPGST,035152.40,0.04,0.03,0.04,0.0000,0.03,0.03,0.04*64
$GPGST,035152.60,0.04,0.03,0.04,0.0000,0.03,0.03,0.04*66
$GPGST,035152.80,0.04,0.03,0.04,0.0000,0.03,0.03,0.04*68
$GPGST,035153.00,0.03,0.02,0.03,0.0000,0.02,0.02,0.03*67
$GPGST,035153.20,0.03,0.02,0.03,0.0000,0.02,0.02,0.03*65
$GPGST,035153.40,0.03,0.02,0.03,0.0000,0.02,0.02,0.03*63
$GPGST,035153.60,0.03,0.02,0.03,0.0000,0.02,0.02,0.03*61
$GPGST,035153.80,0.03,0.03,0.03,0.0000,0.03,0.02,0.03*6F
$GPGST,035154.00,0.03,0.02,0.03,0.0000,0.02,0.02,0.03*60
$GPGST,035154.20,0.03,0.02,0.03,0.0000,0.02,0.02,0.03*62
$GPGST,035154.40,0.03,0.02,0.03,0.0000,0.02,0.02,0.03*64
$GPGST,035154.60,0.03,0.02,0.03,0.0000,0.02,0.02,0.03*66
$GPGST,035154.80,0.03,0.02,0.03,0.0000,0.02,0.02,0.03*68
$GPGST,035155.00,0.03,0.02,0.03,0.0000,0.02,0.02,0.03*61
$GPGST,035155.20,0.03,0.02,0.03,0.0000,0.02,0.02,0.03*63
$GPGST,035155.40,0.03,0.02,0.03,0.0000,0.02,0.02,0.03*65
$GPGST,035155.60,0.03,0.02,0.03,0.0000,0.02,0.02,0.03*67
$GPGST,035155.80,0.03,0.02,0.03,0.0000,0.02,0.02,0.03*69
$GPGST,035156.00,0.03,0.02,0.03,0.0000,0.02,0.02,0.03*62
$GPGST,035156.20,0.03,0.03,0.03,0.0000,0.03,0.03,0.03*61
$GPGST,035156.40,0.03,0.03,0.03,0.0000,0.03,0.03,0.03*67
$GPGST,035156.60,0.03,0.03,0.03,0.0000,0.03,0.03,0.03*65
$GPGST,035156.80,0.04,0.03,0.04,0.0000,0.03,0.03,0.04*6C
$GPGST,035157.00,0.03,0.02,0.03,0.0000,0.02,0.02,0.03*63
$GPGST,035157.20,0.03,0.02,0.03,0.0000,0.02,0.02,0.03*61
$GPGST,035157.40,0.03,0.03,0.03,0.0000,0.03,0.03,0.03*66
$GPGST,035157.60,0.03,0.03,0.03,0.0000,0.03,0.03,0.03*64
$GPGST,035157.80,0.03,0.03,0.03,0.0000,0.03,0.03,0.03*6A
$GPGST,035158.00,0.03,0.03,0.03,0.0000,0.03,0.02,0.03*6C
$GPGST,035158.20,0.03,0.03,0.03,0.0000,0.03,0.03,0.03*6F
$GPGST,035158.40,0.03,0.03,0.03,0.0000,0.03,0.03,0.03*69
$GPGST,035158.60,0.04,0.03,0.04,0.0000,0.03,0.03,0.04*6C
$GPGST,035158.80,0.04,0.03,0.04,0.0000,0.03,0.03,0.04*62
$GPGST,035159.00,0.03,0.02,0.03,0.0000,0.02,0.02,0.03*6D
$GPGST,035159.20,0.03,0.02,0.03,0.0000,0.02,0.02,0.03*6F
$GPGST,035159.40,0.03,0.02,0.03,0.0000,0.02,0.02,0.03*69
$GPGST,035159.60,0.03,0.03,0.03,0.0000,0.03,0.03,0.03*6A
$GPGST,035159.80,0.03,0.03,0.03,0.0000,0.03,0.03,0.03*64
$GPGST,035200.00,0.03,0.02,0.03,0.0000,0.02,0.02,0.03*62
$GPGST,035200.20,0.03,0.02,0.03,0.0000,0.02,0.02,0.03*60
$GPGST,035200.40,0.03,0.02,0.03,0.0000,0.02,0.02,0.03*66
$GPGST,035200.60,0.03,0.02,0.03,0.0000,0.02,0.02,0.03*64
$GPGST,035200.80,0.03,0.02,0.03,0.0000,0.02,0.02,0.03*6A
$GPGST,035201.00,0.03,0.02,0.03,0.0000,0.02,0.02,0.03*63
$GPGST,035201.20,0.03,0.02,0.03,0.0000,0.02,0.02,0.03*61
$GPGST,035201.40,0.03,0.02,0.03,0.0000,0.02,0.02,0.03*67
$GPGST,035201.60,0.03,0.03,0.03,0.0000,0.03,0.03,0.03*64
$GPGST,035201.80,0.03,0.03,0.03,0.0000,0.03,0.03,0.03*6A
$GPGST,035202.00,0.03,0.02,0.03,0.0000,0.02,0.02,0.03*60
$GPGST,035202.20,0.03,0.02,0.03,0.0000,0.02,0.02,0.03*62
$GPGST,035202.40,0.03,0.02,0.03,0.0000,0.02,0.02,0.03*64
$GPGST,035202.60,0.03,0.02,0.03,0.0000,0.02,0.02,0.03*66
$GPGST,035202.80,0.03,0.02,0.03,0.0000,0.02,0.02,0.03*68
$GPGST,035203.00,0.02,0.02,0.02,0.0000,0.02,0.02,0.02*60
$GPGST,035203.20,0.03,0.02,0.03,0.0000,0.02,0.02,0.03*63
$GPGST,035203.40,0.03,0.02,0.03,0.0000,0.02,0.02,0.03*65
$GPGST,035203.60,0.03,0.02,0.03,0.0000,0.02,0.02,0.03*67
$GPGST,035203.80,0.03,0.02,0.03,0.0000,0.02,0.02,0.03*69
$GPGST,035204.00,0.03,0.02,0.03,0.0000,0.02,0.02,0.03*66
$GPGST,035204.20,0.03,0.02,0.03,0.0000,0.02,0.02,0.03*64
$GPGST,035204.40,0.03,0.02,0.03,0.0000,0.02,0.02,0.03*62
$GPGST,035204.60,0.03,0.02,0.03,0.0000,0.02,0.02,0.03*60
$GPGST,035204.80,0.03,0.02,0.03,0.0000,0.02,0.02,0.03*6E
$GPGST,035205.00,0.03,0.02,0.03,0.0000,0.02,0.02,0.03*67
$GPGST,035205.20,0.03,0.02,0.03,0.0000,0.02,0.02,0.03*65
$GPGST,035205.40,0.03,0.02,0.03,0.0000,0.02,0.02,0.03*63
$GPGST,035205.60,0.03,0.03,0.03,0.0000,0.03,0.02,0.03*61
$GPGST,035205.80,0.03,0.03,0.03,0.0000,0.03,0.03,0.03*6E
$GPGST,035206.00,0.03,0.02,0.03,0.0000,0.02,0.02,0.03*64
$GPGST,035206.20,0.03,0.03,0.03,0.0000,0.03,0.02,0.03*66
$GPGST,035206.40,0.03,0.03,0.03,0.0000,0.03,0.03,0.03*61
$GPGST,035206.60,0.03,0.03,0.03,0.0000,0.03,0.03,0.03*63
$GPGST,035206.80,0.03,0.03,0.03,0.0000,0.03,0.03,0.03*6D
$GPGST,035207.00,0.03,0.02,0.03,0.0000,0.02,0.02,0.03*65
$GPGST,035207.20,0.03,0.02,0.03,0.0000,0.02,0.02,0.03*67
$GPGST,035207.40,0.03,0.02,0.03,0.0000,0.02,0.02,0.03*61
$GPGST,035207.60,0.03,0.02,0.03,0.0000,0.02,0.02,0.03*63
$GPGST,035207.80,0.03,0.02,0.03,0.0000,0.02,0.02,0.03*6D
$GPGST,035208.00,0.03,0.02,0.03,0.0000,0.02,0.02,0.03*6A
$GPGST,035208.20,0.03,0.02,0.03,0.0000,0.02,0.02,0.03*68
$GPGST,035208.40,0.03,0.02,0.03,0.0000,0.02,0.02,0.03*6E
$GPGST,035208.60,0.03,0.02,0.03,0.0000,0.02,0.02,0.03*6C
$GPGST,035208.80,0.03,0.02,0.03,0.0000,0.02,0.02,0.03*62
$GPGST,035209.00,0.03,0.02,0.03,0.0000,0.02,0.02,0.03*6B
$GPGST,035209.20,0.03,0.02,0.03,0.0000,0.02,0.02,0.03*69
$GPGST,035209.40,0.03,0.02,0.03,0.0000,0.02,0.02,0.03*6F
$GPGST,035209.60,0.03,0.02,0.03,0.0000,0.02,0.02,0.03*6D
$GPGST,035209.80,0.03,0.03,0.03,0.0000,0.03,0.03,0.03*62
$GPGST,035210.00,0.03,0.02,0.03,0.0000,0.02,0.02,0.03*63
$GPGST,035210.20,0.03,0.02,0.03,0.0000,0.02,0.02,0.03*61
$GPGST,035210.40,0.03,0.02,0.03,0.0000,0.02,0.02,0.03*67
$GPGST,035210.60,0.03,0.02,0.03,0.0000,0.02,0.02,0.03*65
$GPGST,035210.80,0.03,0.02,0.03,0.0000,0.02,0.02,0.03*6B
$GPGST,035211.00,0.03,0.02,0.03,0.0000,0.02,0.02,0.03*62
$GPGST,035211.20,0.03,0.02,0.03,0.0000,0.02,0.02,0.03*60
$GPGST,035211.40,0.03,0.02,0.03,0.0000,0.02,0.02,0.03*66
$GPGST,035211.60,0.03,0.02,0.03,0.0000,0.02,0.02,0.03*64
$GPGST,035211.80,0.03,0.02,0.03,0.0000,0.02,0.02,0.03*6A
$GPGST,035212.00,0.03,0.02,0.03,0.0000,0.02,0.02,0.03*61
$GPGST,035212.20,0.03,0.02,0.03,0.0000,0.02,0.02,0.03*63
$GPGST,035212.40,0.03,0.02,0.03,0.0000,0.02,0.02,0.03*65
$GPGST,035212.60,0.03,0.02,0.03,0.0000,0.02,0.02,0.03*67
$GPGST,035212.80,0.03,0.03,0.03,0.0000,0.03,0.03,0.03*68
$GPGST,035213.00,0.03,0.02,0.03,0.0000,0.02,0.02,0.03*60
$GPGST,035213.20,0.03,0.02,0.03,0.0000,0.02,0.02,0.03*62
$GPGST,035213.40,0.03,0.02,0.03,0.0000,0.02,0.02,0.03*64
$GPGST,035213.60,0.03,0.02,0.03,0.0000,0.02,0.02,0.03*66
$GPGST,035213.80,0.03,0.03,0.03,0.0000,0.03,0.03,0.03*69
$GPGST,035214.00,0.03,0.02,0.03,0.0000,0.02,0.02,0.03*67
$GPGST,035214.20,0.03,0.02,0.03,0.0000,0.02,0.02,0.03*65
$GPGST,035214.40,0.03,0.02,0.03,0.0000,0.02,0.02,0.03*63
$GPGST,035214.60,0.03,0.02,0.03,0.0000,0.02,0.02,0.03*61
$GPGST,035214.80,0.03,0.02,0.03,0.0000,0.02,0.02,0.03*6F
$GPGST,035215.00,0.03,0.02,0.03,0.0000,0.02,0.02,0.03*66
$GPGST,035215.20,0.03,0.02,0.03,0.0000,0.02,0.02,0.03*64
$GPGST,035215.40,0.03,0.02,0.03,0.0000,0.02,0.02,0.03*62
$GPGST,035215.60,0.03,0.02,0.03,0.0000,0.02,0.02,0.03*60
$GPGST,035215.80,0.03,0.02,0.03,0.0000,0.02,0.02,0.03*6E
$GPGST,035216.00,0.03,0.02,0.03,0.0000,0.02,0.02,0.03*65
$GPGST,035216.20,0.03,0.02,0.03,0.0000,0.02,0.02,0.03*67
$GPGST,035216.40,0.03,0.02,0.03,0.0000,0.02,0.02,0.03*61
$GPGST,035216.60,0.03,0.02,0.03,0.0000,0.02,0.02,0.03*63
$GPGST,035216.80,0.03,0.02,0.03,0.0000,0.02,0.02,0.03*6D
$GPGST,035217.00,0.03,0.02,0.03,0.0000,0.02,0.02,0.03*64
$GPGST,035217.20,0.03,0.02,0.03,0.0000,0.02,0.02,0.03*66
$GPGST,035217.40,0.03,0.02,0.03,0.0000,0.02,0.02,0.03*60
$GPGST,035217.60,0.03,0.02,0.03,0.0000,0.02,0.02,0.03*62
$GPGST,035217.80,0.03,0.02,0.03,0.0000,0.02,0.02,0.03*6C
$GPGST,035218.00,0.03,0.02,0.03,0.0000,0.02,0.02,0.03*6B
$GPGST,035218.20,0.03,0.02,0.03,0.0000,0.02,0.02,0.03*69
$GPGST,035218.40,0.03,0.02,0.03,0.0000,0.02,0.02,0.03*6F
$GPGST,035218.60,0.03,0.02,0.03,0.0000,0.02,0.02,0.03*6D
$GPGST,035218.80,0.03,0.02,0.03,0.0000,0.02,0.02,0.03*63
$GPGST,035219.00,0.03,0.02,0.03,0.0000,0.02,0.02,0.03*6A
$GPGST,035219.20,0.03,0.02,0.03,0.0000,0.02,0.02,0.03*68
$GPGST,035219.40,0.03,0.02,0.03,0.0000,0.02,0.02,0.03*6E
$GPGST,035219.60,0.03,0.02,0.03,0.0000,0.02,0.02,0.03*6C
$GPGST,035219.80,0.03,0.02,0.03,0.0000,0.02,0.02,0.03*62
$GPGST,035220.00,0.02,0.01,0.02,0.0000,0.01,0.01,0.02*62
$GPGST,035220.20,0.02,0.02,0.02,0.0000,0.01,0.02,0.02*60
$GPGST,035220.40,0.03,0.02,0.03,0.0000,0.02,0.02,0.03*64
$GPGST,035220.60,0.03,0.02,0.03,0.0000,0.02,0.02,0.03*66
$GPGST,035220.80,0.03,0.02,0.03,0.0000,0.02,0.02,0.03*68
$GPGST,035221.00,0.02,0.02,0.02,0.0000,0.01,0.02,0.02*63
$GPGST,035221.20,0.03,0.02,0.03,0.0000,0.02,0.02,0.03*63
$GPGST,035221.40,0.03,0.02,0.03,0.0000,0.02,0.02,0.03*65
$GPGST,035221.60,0.03,0.02,0.03,0.0000,0.02,0.02,0.03*67
$GPGST,035221.80,0.03,0.02,0.03,0.0000,0.02,0.02,0.03*69
$GPGST,035222.00,0.02,0.01,0.02,0.0000,0.01,0.01,0.02*60
$GPGST,035222.20,0.02,0.02,0.02,0.0000,0.01,0.02,0.02*62
$GPGST,035222.40,0.03,0.02,0.03,0.0000,0.02,0.02,0.03*66
$GPGST,035222.60,0.03,0.02,0.03,0.0000,0.02,0.02,0.03*64
$GPGST,035222.80,0.03,0.02,0.03,0.0000,0.02,0.02,0.03*6A
$GPGST,035223.00,0.03,0.02,0.03,0.0000,0.02,0.02,0.03*63
$GPGST,035223.20,0.03,0.02,0.03,0.0000,0.02,0.02,0.03*61
$GPGST,035223.40,0.03,0.02,0.03,0.0000,0.02,0.02,0.03*67
$GPGST,035223.60,0.03,0.02,0.03,0.0000,0.02,0.02,0.03*65
$GPGST,035223.80,0.03,0.02,0.03,0.0000,0.02,0.02,0.03*6B
$GPGST,035224.00,0.03,0.02,0.03,0.0000,0.02,0.02,0.03*64
$GPGST,035224.20,0.03,0.02,0.03,0.0000,0.02,0.02,0.03*66
$GPGST,035224.40,0.03,0.02,0.03,0.0000,0.02,0.02,0.03*60
$GPGST,035224.60,0.03,0.02,0.03,0.0000,0.02,0.02,0.03*62
$GPGST,035224.80,0.03,0.02,0.03,0.0000,0.02,0.02,0.03*6C
$GPGST,035225.00,0.03,0.02,0.03,0.0000,0.02,0.02,0.03*65
$GPGST,035225.20,0.03,0.02,0.03,0.0000,0.02,0.02,0.03*67
$GPGST,035225.40,0.03,0.02,0.03,0.0000,0.02,0.02,0.03*61
$GPGST,035225.60,0.03,0.02,0.03,0.0000,0.02,0.02,0.03*63
$GPGST,035225.80,0.03,0.02,0.03,0.0000,0.02,0.02,0.03*6D
$GPGST,035226.00,0.03,0.02,0.03,0.0000,0.02,0.02,0.03*66
$GPGST,035226.20,0.03,0.02,0.03,0.0000,0.02,0.02,0.03*64
$GPGST,035226.40,0.03,0.02,0.03,0.0000,0.02,0.02,0.03*62
$GPGST,035226.60,0.03,0.02,0.03,0.0000,0.02,0.02,0.03*60
$GPGST,035226.80,0.03,0.02,0.03,0.0000,0.02,0.02,0.03*6E
$GPGST,035227.00,0.03,0.02,0.03,0.0000,0.02,0.02,0.03*67
$GPGST,035227.20,0.03,0.02,0.03,0.0000,0.02,0.02,0.03*65
$GPGST,035227.40,0.03,0.02,0.03,0.0000,0.02,0.02,0.03*63
$GPGST,035227.60,0.03,0.02,0.03,0.0000,0.02,0.02,0.03*61
$GPGST,035227.80,0.03,0.03,0.03,0.0000,0.02,0.03,0.03*6F
$GPGST,035228.00,0.03,0.02,0.03,0.0000,0.02,0.02,0.03*68
$GPGST,035228.20,0.03,0.03,0.03,0.0000,0.03,0.03,0.03*6B
$GPGST,035228.40,0.04,0.03,0.04,0.0000,0.03,0.03,0.04*6A
$GPGST,035228.60,0.04,0.03,0.04,0.0000,0.03,0.03,0.04*68
$GPGST,035228.80,0.04,0.03,0.04,0.0000,0.03,0.03,0.04*66
$GPGST,035229.00,0.03,0.03,0.03,0.0000,0.03,0.03,0.03*68
$GPGST,035229.20,0.03,0.03,0.03,0.0000,0.03,0.03,0.03*6A
$GPGST,035229.40,0.04,0.03,0.04,0.0000,0.03,0.03,0.04*6B
$GPGST,035229.60,0.04,0.03,0.04,0.0000,0.03,0.03,0.04*69
$GPGST,035229.80,0.04,0.03,0.04,0.0000,0.03,0.03,0.04*67
$GPGST,035230.00,0.03,0.02,0.03,0.0000,0.02,0.02,0.03*61
$GPGST,035230.20,0.03,0.02,0.03,0.0000,0.02,0.02,0.03*63
$GPGST,035230.40,0.03,0.02,0.03,0.0000,0.02,0.02,0.03*65
$GPGST,035230.60,0.03,0.02,0.03,0.0000,0.02,0.02,0.03*67
$GPGST,035230.80,0.03,0.02,0.03,0.0000,0.02,0.02,0.03*69
$GPGST,035231.00,0.02,0.02,0.02,0.0000,0.01,0.02,0.02*62
$GPGST,035231.20,0.03,0.02,0.03,0.0000,0.02,0.02,0.03*62
$GPGST,035231.40,0.03,0.02,0.03,0.0000,0.02,0.02,0.03*64
$GPGST,035231.60,0.03,0.02,0.03,0.0000,0.02,0.02,0.03*66
$GPGST,035231.80,0.03,0.02,0.03,0.0000,0.02,0.02,0.03*68
$GPGST,035232.00,0.03,0.02,0.03,0.0000,0.02,0.02,0.03*63
$GPGST,035232.20,0.03,0.02,0.03,0.0000,0.02,0.02,0.03*61
$GPGST,035232.40,0.03,0.02,0.03,0.0000,0.02,0.02,0.03*67
$GPGST,035232.60,0.03,0.02,0.03,0.0000,0.02,0.02,0.03*65
$GPGST,035232.80,0.03,0.03,0.03,0.0000,0.03,0.03,0.03*6A
$GPGST,035233.00,0.03,0.02,0.03,0.0000,0.02,0.02,0.03*62
$GPGST,035233.20,0.03,0.02,0.03,0.0000,0.02,0.02,0.03*60
$GPGST,035233.40,0.03,0.02,0.03,0.0000,0.02,0.02,0.03*66
$GPGST,035233.60,0.03,0.02,0.03,0.0000,0.02,0.02,0.03*64
$GPGST,035233.80,0.03,0.02,0.03,0.0000,0.02,0.02,0.03*6A
$GPGST,035234.00,0.02,0.01,0.02,0.0000,0.01,0.01,0.02*67
$GPGST,035234.20,0.03,0.02,0.03,0.0000,0.02,0.02,0.03*67
$GPGST,035234.40,0.03,0.02,0.03,0.0000,0.02,0.02,0.03*61
$GPGST,035234.60,0.03,0.02,0.03,0.0000,0.02,0.02,0.03*63
$GPGST,035234.80,0.03,0.02,0.03,0.0000,0.02,0.02,0.03*6D
$GPGST,035235.00,0.02,0.01,0.02,0.0000,0.01,0.01,0.02*66
$GPGST,035235.20,0.03,0.02,0.03,0.0000,0.01,0.02,0.03*65
$GPGST,035235.40,0.03,0.02,0.03,0.0000,0.02,0.02,0.03*60
$GPGST,035235.60,0.03,0.02,0.03,0.0000,0.02,0.02,0.03*62
$GPGST,035235.80,0.03,0.02,0.03,0.0000,0.02,0.02,0.03*6C
$GPGST,035236.00,0.02,0.01,0.02,0.0000,0.01,0.01,0.02*65
$GPGST,035236.20,0.02,0.01,0.02,0.0000,0.01,0.01,0.02*67
$GPGST,035236.40,0.03,0.02,0.03,0.0000,0.02,0.02,0.03*63
$GPGST,035236.60,0.03,0.02,0.03,0.0000,0.02,0.02,0.03*61
$GPGST,035236.80,0.03,0.02,0.03,0.0000,0.02,0.02,0.03*6F
$GPGST,035237.00,0.02,0.01,0.02,0.0000,0.01,0.01,0.02*64
$GPGST,035237.20,0.02,0.01,0.02,0.0000,0.01,0.01,0.02*66
$GPGST,035237.40,0.03,0.02,0.03,0.0000,0.02,0.02,0.03*62
$GPGST,035237.60,0.03,0.02,0.03,0.0000,0.02,0.02,0.03*60
$GPGST,035237.80,0.03,0.02,0.03,0.0000,0.02,0.02,0.03*6E
$GPGST,035238.00,0.02,0.01,0.02,0.0000,0.01,0.01,0.02*6B
$GPGST,035238.20,0.03,0.02,0.03,0.0000,0.02,0.02,0.03*6B
$GPGST,035238.40,0.03,0.02,0.03,0.0000,0.02,0.02,0.03*6D
$GPGST,035238.60,0.03,0.02,0.03,0.0000,0.02,0.02,0.03*6F
$GPGST,035238.80,0.03,0.02,0.03,0.0000,0.02,0.02,0.03*61
$GPGST,035239.00,0.02,0.01,0.02,0.0000,0.01,0.01,0.02*6A
$GPGST,035239.20,0.03,0.02,0.03,0.0000,0.01,0.02,0.03*69
$GPGST,035239.40,0.03,0.02,0.03,0.0000,0.02,0.02,0.03*6C
$GPGST,035239.60,0.03,0.02,0.03,0.0000,0.02,0.02,0.03*6E
$GPGST,035239.80,0.03,0.02,0.03,0.0000,0.02,0.02,0.03*60
$GPGST,035240.00,0.02,0.02,0.02,0.0000,0.01,0.02,0.02*64
$GPGST,035240.20,0.03,0.02,0.03,0.0000,0.02,0.02,0.03*64
$GPGST,035240.40,0.03,0.02,0.03,0.0000,0.02,0.02,0.03*62
$GPGST,035240.60,0.03,0.02,0.03,0.0000,0.02,0.02,0.03*60
$GPGST,035240.80,0.03,0.02,0.03,0.0000,0.02,0.02,0.03*6E
$GPGST,035241.00,0.02,0.01,0.02,0.0000,0.01,0.01,0.02*65
$GPGST,035241.20,0.03,0.01,0.03,0.0000,0.01,0.01,0.03*66
$GPGST,035241.40,0.03,0.01,0.03,0.0000,0.01,0.01,0.03*60
$GPGST,035241.60,0.03,0.02,0.03,0.0000,0.01,0.02,0.03*62
$GPGST,035241.80,0.03,0.02,0.03,0.0000,0.02,0.02,0.03*6F
$GPGST,035242.00,0.02,0.01,0.02,0.0000,0.01,0.01,0.02*66
$GPGST,035242.20,0.02,0.01,0.02,0.0000,0.01,0.01,0.02*64
$GPGST,035242.40,0.03,0.01,0.03,0.0000,0.01,0.01,0.03*63
$GPGST,035242.60,0.03,0.02,0.03,0.0000,0.01,0.02,0.03*61
$GPGST,035242.80,0.03,0.02,0.03,0.0000,0.02,0.02,0.03*6C
$GPGST,035243.00,0.02,0.02,0.02,0.0000,0.02,0.02,0.02*64
$GPGST,035243.20,0.03,0.02,0.03,0.0000,0.02,0.02,0.03*67
$GPGST,035243.40,0.03,0.02,0.03,0.0000,0.02,0.02,0.03*61
$GPGST,035243.60,0.03,0.02,0.03,0.0000,0.02,0.02,0.03*63
$GPGST,035243.80,0.03,0.02,0.03,0.0000,0.02,0.02,0.03*6D
$GPGST,035244.00,0.02,0.01,0.02,0.0000,0.01,0.01,0.02*60
$GPGST,035244.20,0.02,0.02,0.02,0.0000,0.02,0.02,0.02*61
$GPGST,035244.40,0.03,0.02,0.03,0.0000,0.02,0.02,0.03*66
$GPGST,035244.60,0.03,0.02,0.03,0.0000,0.02,0.02,0.03*64
$GPGST,035244.80,0.03,0.02,0.03,0.0000,0.02,0.02,0.03*6A
$GPGST,035245.00,0.02,0.01,0.02,0.0000,0.01,0.01,0.02*61
$GPGST,035245.20,0.02,0.02,0.02,0.0000,0.01,0.02,0.02*63
$GPGST,035245.40,0.03,0.02,0.03,0.0000,0.02,0.02,0.03*67
$GPGST,035245.60,0.03,0.02,0.03,0.0000,0.02,0.02,0.03*65
$GPGST,035245.80,0.03,0.02,0.03,0.0000,0.02,0.02,0.03*6B
$GPGST,035246.00,0.02,0.02,0.02,0.0000,0.02,0.02,0.02*61
$GPGST,035246.20,0.03,0.02,0.03,0.0000,0.02,0.02,0.03*62
$GPGST,035246.40,0.03,0.02,0.03,0.0000,0.02,0.02,0.03*64
$GPGST,035246.60,0.03,0.02,0.03,0.0000,0.02,0.02,0.03*66
$GPGST,035246.80,0.03,0.02,0.03,0.0000,0.02,0.02,0.03*68
$GPGST,035247.00,0.02,0.01,0.02,0.0000,0.01,0.01,0.02*63
$GPGST,035247.20,0.02,0.02,0.02,0.0000,0.02,0.02,0.02*62
$GPGST,035247.40,0.03,0.02,0.03,0.0000,0.02,0.02,0.03*65
$GPGST,035247.60,0.03,0.02,0.03,0.0000,0.02,0.02,0.03*67
$GPGST,035247.80,0.03,0.02,0.03,0.0000,0.02,0.02,0.03*69
$GPGST,035248.00,0.02,0.01,0.02,0.0000,0.01,0.01,0.02*6C
$GPGST,035248.20,0.03,0.02,0.03,0.0000,0.02,0.02,0.03*6C
$GPGST,035248.40,0.03,0.02,0.03,0.0000,0.02,0.02,0.03*6A
$GPGST,035248.60,0.03,0.02,0.03,0.0000,0.02,0.02,0.03*68
$GPGST,035248.80,0.03,0.02,0.03,0.0000,0.02,0.02,0.03*66
$GPGST,035249.00,0.03,0.02,0.03,0.0000,0.02,0.02,0.03*6F
$GPGST,035249.20,0.03,0.02,0.03,0.0000,0.02,0.02,0.03*6D
$GPGST,035249.40,0.03,0.02,0.03,0.0000,0.02,0.02,0.03*6B
$GPGST,035249.60,0.03,0.02,0.03,0.0000,0.02,0.02,0.03*69
$GPGST,035249.80,0.03,0.02,0.03,0.0000,0.02,0.02,0.03*67
$GPGST,035250.00,0.02,0.01,0.02,0.0000,0.01,0.01,0.02*65
$GPGST,035250.20,0.02,0.01,0.02,0.0000,0.01,0.01,0.02*67
$GPGST,035250.40,0.02,0.01,0.02,0.0000,0.01,0.01,0.02*61
$GPGST,035250.60,0.03,0.02,0.03,0.0000,0.02,0.02,0.03*61
$GPGST,035250.80,0.03,0.02,0.03,0.0000,0.02,0.02,0.03*6F
$GPGST,035251.00,0.02,0.01,0.02,0.0000,0.01,0.01,0.02*64
$GPGST,035251.20,0.02,0.02,0.02,0.0000,0.02,0.02,0.02*65
$GPGST,035251.40,0.03,0.02,0.03,0.0000,0.02,0.02,0.03*62
$GPGST,035251.60,0.03,0.02,0.03,0.0000,0.02,0.02,0.03*60
$GPGST,035251.80,0.03,0.02,0.03,0.0000,0.02,0.02,0.03*6E
$GPGST,035252.00,0.02,0.01,0.02,0.0000,0.01,0.01,0.02*67
$GPGST,035252.20,0.02,0.01,0.02,0.0000,0.01,0.01,0.02*65
$GPGST,035252.40,0.02,0.02,0.02,0.0000,0.02,0.02,0.02*60
$GPGST,035252.60,0.03,0.02,0.03,0.0000,0.02,0.02,0.03*63
$GPGST,035252.80,0.03,0.02,0.03,0.0000,0.02,0.02,0.03*6D
$GPGST,035253.00,0.02,0.01,0.02,0.0000,0.01,0.01,0.02*66
$GPGST,035253.20,0.02,0.02,0.02,0.0000,0.01,0.02,0.02*64
$GPGST,035253.40,0.02,0.02,0.02,0.0000,0.02,0.02,0.02*61
$GPGST,035253.60,0.03,0.02,0.03,0.0000,0.02,0.02,0.03*62
$GPGST,035253.80,0.03,0.02,0.03,0.0000,0.02,0.02,0.03*6C
$GPGST,035254.00,0.02,0.01,0.02,0.0000,0.01,0.01,0.02*61
$GPGST,035254.20,0.02,0.01,0.02,0.0000,0.01,0.01,0.02*63
$GPGST,035254.40,0.02,0.02,0.02,0.0000,0.02,0.02,0.02*66
$GPGST,035254.60,0.03,0.02,0.03,0.0000,0.02,0.02,0.03*65
$GPGST,035254.80,0.03,0.02,0.03,0.0000,0.02,0.02,0.03*6B
$GPGST,035255.00,0.03,0.02,0.03,0.0000,0.02,0.02,0.03*62
$GPGST,035255.20,0.03,0.02,0.03,0.0000,0.02,0.02,0.03*60
$GPGST,035255.40,0.03,0.02,0.03,0.0000,0.02,0.02,0.03*66
$GPGST,035255.60,0.03,0.02,0.03,0.0000,0.02,0.02,0.03*64
$GPGST,035255.80,0.03,0.02,0.03,0.0000,0.02,0.02,0.03*6A
$GPGST,035256.00,0.02,0.02,0.02,0.0000,0.02,0.02,0.02*60
$GPGST,035256.20,0.03,0.02,0.03,0.0000,0.02,0.02,0.03*63
$GPGST,035256.40,0.03,0.02,0.03,0.0000,0.02,0.02,0.03*65
$GPGST,035256.60,0.03,0.02,0.03,0.0000,0.02,0.02,0.03*67
$GPGST,035256.80,0.03,0.02,0.03,0.0000,0.02,0.02,0.03*69
$GPGST,035257.00,0.02,0.02,0.02,0.0000,0.02,0.02,0.02*61
$GPGST,035257.20,0.03,0.02,0.03,0.0000,0.02,0.02,0.03*62
$GPGST,035257.40,0.03,0.02,0.03,0.0000,0.02,0.02,0.03*64
$GPGST,035257.60,0.03,0.02,0.03,0.0000,0.02,0.02,0.03*66
$GPGST,035257.80,0.03,0.02,0.03,0.0000,0.02,0.02,0.03*68
$GPGST,035258.00,0.03,0.02,0.03,0.0000,0.02,0.02,0.03*6F
$GPGST,035258.20,0.03,0.02,0.03,0.0000,0.02,0.02,0.03*6D
$GPGST,035258.40,0.03,0.02,0.03,0.0000,0.02,0.02,0.03*6B
$GPGST,035258.60,0.03,0.02,0.03,0.0000,0.02,0.02,0.03*69
$GPGST,035258.80,0.03,0.02,0.03,0.0000,0.02,0.02,0.03*67
$GPGST,035259.00,0.03,0.02,0.03,0.0000,0.02,0.02,0.03*6E
$GPGST,035259.20,0.03,0.03,0.03,0.0000,0.02,0.03,0.03*6C
$GPGST,035259.40,0.03,0.03,0.03,0.0000,0.02,0.03,0.03*6A
$GPGST,035259.60,0.03,0.03,0.03,0.0000,0.03,0.03,0.03*69
$GPGST,035259.80,0.03,0.03,0.03,0.0000,0.03,0.03,0.03*67
$GPGST,035300.00,0.03,0.02,0.03,0.0000,0.02,0.02,0.03*63
$GPGST,035300.20,0.03,0.02,0.03,0.0000,0.02,0.02,0.03*61
$GPGST,035300.40,0.03,0.03,0.03,0.0000,0.03,0.03,0.03*66
$GPGST,035300.60,0.04,0.03,0.04,0.0000,0.03,0.03,0.04*63
$GPGST,035300.80,0.04,0.03,0.04,0.0000,0.03,0.03,0.04*6D
$GPGST,035301.00,0.03,0.02,0.03,0.0000,0.02,0.02,0.03*62
$GPGST,035301.20,0.03,0.03,0.03,0.0000,0.03,0.03,0.03*61
$GPGST,035301.40,0.03,0.03,0.03,0.0000,0.03,0.03,0.03*67
$GPGST,035301.60,0.04,0.03,0.04,0.0000,0.03,0.03,0.04*62
$GPGST,035301.80,0.04,0.03,0.04,0.0000,0.03,0.03,0.04*6C
$GPGST,035302.00,0.03,0.02,0.03,0.0000,0.02,0.02,0.03*61
$GPGST,035302.20,0.03,0.02,0.03,0.0000,0.02,0.02,0.03*63
$GPGST,035302.40,0.03,0.02,0.03,0.0000,0.02,0.02,0.03*65
$GPGST,035302.60,0.03,0.03,0.03,0.0000,0.02,0.03,0.03*67
$GPGST,035302.80,0.04,0.03,0.04,0.0000,0.03,0.03,0.04*6F
$GPGST,035303.00,0.03,0.02,0.03,0.0000,0.02,0.02,0.03*60
$GPGST,035303.20,0.03,0.03,0.03,0.0000,0.02,0.03,0.03*62
$GPGST,035303.40,0.04,0.03,0.04,0.0000,0.03,0.03,0.04*62
$GPGST,035303.60,0.04,0.03,0.04,0.0000,0.03,0.03,0.04*60
$GPGST,035303.80,0.04,0.03,0.04,0.0000,0.03,0.03,0.04*6E
$GPGST,035304.00,0.03,0.02,0.03,0.0000,0.02,0.02,0.03*67
$GPGST,035304.20,0.03,0.02,0.03,0.0000,0.02,0.02,0.03*65
$GPGST,035304.40,0.03,0.03,0.03,0.0000,0.02,0.03,0.03*63
$GPGST,035304.60,0.04,0.04,0.04,0.0000,0.04,0.03,0.04*67
$GPGST,035304.80,0.04,0.04,0.04,0.0000,0.04,0.03,0.04*69
$GPGST,035305.00,0.04,0.03,0.04,0.0000,0.03,0.03,0.04*60
$GPGST,035305.20,0.04,0.03,0.04,0.0000,0.03,0.03,0.04*62
$GPGST,035305.40,0.04,0.03,0.04,0.0000,0.03,0.03,0.04*64
$GPGST,035305.60,0.04,0.04,0.04,0.0000,0.04,0.03,0.04*66
$GPGST,035305.80,0.05,0.04,0.05,0.0000,0.04,0.04,0.05*6E
$GPGST,035306.00,0.04,0.03,0.04,0.0000,0.03,0.03,0.04*63
$GPGST,035306.20,0.04,0.03,0.04,0.0000,0.03,0.03,0.04*61
$GPGST,035306.40,0.04,0.04,0.04,0.0000,0.03,0.04,0.04*67
$GPGST,035306.60,0.04,0.04,0.04,0.0000,0.03,0.04,0.04*65
$GPGST,035306.80,0.04,0.04,0.04,0.0000,0.03,0.04,0.04*6B
$GPGST,035307.00,0.03,0.02,0.03,0.0000,0.02,0.02,0.03*64
$GPGST,035307.20,0.03,0.03,0.03,0.0000,0.02,0.03,0.03*66
$GPGST,035307.40,0.04,0.03,0.04,0.0000,0.03,0.03,0.04*66
$GPGST,035307.60,0.04,0.03,0.04,0.0000,0.03,0.03,0.04*64
$GPGST,035307.80,0.04,0.03,0.04,0.0000,0.03,0.03,0.04*6A
$GPGST,035308.00,0.03,0.03,0.03,0.0000,0.03,0.03,0.03*6A
$GPGST,035308.20,0.04,0.03,0.04,0.0000,0.03,0.03,0.04*6F
$GPGST,035308.40,0.04,0.03,0.04,0.0000,0.03,0.03,0.04*69
$GPGST,035308.60,0.04,0.03,0.04,0.0000,0.03,0.03,0.04*6B
$GPGST,035308.80,0.04,0.03,0.04,0.0000,0.03,0.03,0.04*65
$GPGST,035309.00,0.03,0.03,0.03,0.0000,0.03,0.03,0.03*6B
$GPGST,035309.20,0.04,0.03,0.04,0.0000,0.03,0.03,0.04*6E
$GPGST,035309.40,0.04,0.03,0.04,0.0000,0.03,0.03,0.04*68
$GPGST,035309.60,0.04,0.03,0.04,0.0000,0.03,0.03,0.04*6A
$GPGST,035309.80,0.04,0.03,0.04,0.0000,0.03,0.03,0.04*64
$GPGST,035310.00,0.03,0.03,0.03,0.0000,0.03,0.03,0.03*63
$GPGST,035310.20,0.03,0.03,0.03,0.0000,0.03,0.03,0.03*61
$GPGST,035310.40,0.04,0.03,0.04,0.0000,0.03,0.03,0.04*60
$GPGST,035310.60,0.04,0.03,0.04,0.0000,0.03,0.03,0.04*62
$GPGST,035310.80,0.04,0.03,0.04,0.0000,0.03,0.03,0.04*6C
$GPGST,035311.00,0.03,0.02,0.03,0.0000,0.02,0.02,0.03*63
$GPGST,035311.20,0.03,0.02,0.03,0.0000,0.02,0.02,0.03*61
$GPGST,035311.40,0.03,0.03,0.03,0.0000,0.02,0.03,0.03*67
$GPGST,035311.60,0.04,0.03,0.04,0.0000,0.03,0.03,0.04*63
$GPGST,035311.80,0.04,0.03,0.04,0.0000,0.03,0.03,0.04*6D
$GPGST,035312.00,0.03,0.02,0.03,0.0000,0.02,0.02,0.03*60
$GPGST,035312.20,0.03,0.02,0.03,0.0000,0.02,0.02,0.03*62
$GPGST,035312.40,0.03,0.03,0.03,0.0000,0.03,0.03,0.03*65
$GPGST,035312.60,0.04,0.03,0.04,0.0000,0.03,0.03,0.04*60
$GPGST,035312.80,0.04,0.03,0.04,0.0000,0.03,0.03,0.04*6E
$GPGST,035313.00,0.03,0.02,0.03,0.0000,0.02,0.02,0.03*61
$GPGST,035313.20,0.03,0.02,0.03,0.0000,0.02,0.02,0.03*63
$GPGST,035313.40,0.03,0.03,0.03,0.0000,0.02,0.03,0.03*65
$GPGST,035313.60,0.04,0.03,0.04,0.0000,0.03,0.03,0.04*61
$GPGST,035313.80,0.04,0.03,0.04,0.0000,0.03,0.03,0.04*6F
$GPGST,035314.00,0.03,0.02,0.03,0.0000,0.02,0.02,0.03*66
$GPGST,035314.20,0.03,0.03,0.03,0.0000,0.02,0.03,0.03*64
$GPGST,035314.40,0.04,0.03,0.04,0.0000,0.03,0.03,0.04*64
$GPGST,035314.60,0.04,0.03,0.04,0.0000,0.03,0.03,0.04*66
$GPGST,035314.80,0.04,0.03,0.04,0.0000,0.03,0.03,0.04*68
$GPGST,035315.00,0.03,0.03,0.03,0.0000,0.03,0.03,0.03*66
$GPGST,035315.20,0.04,0.03,0.04,0.0000,0.03,0.03,0.04*63
$GPGST,035315.40,0.04,0.03,0.04,0.0000,0.03,0.03,0.04*65
$GPGST,035315.60,0.04,0.03,0.04,0.0000,0.03,0.03,0.04*67
$GPGST,035315.80,0.04,0.04,0.04,0.0000,0.04,0.03,0.04*69
$GPGST,035316.00,0.03,0.03,0.03,0.0000,0.03,0.02,0.03*64
$GPGST,035316.20,0.04,0.03,0.04,0.0000,0.03,0.03,0.04*60
$GPGST,035316.40,0.04,0.03,0.04,0.0000,0.03,0.03,0.04*66
$GPGST,035316.60,0.04,0.03,0.04,0.0000,0.03,0.03,0.04*64
$GPGST,035316.80,0.04,0.03,0.04,0.0000,0.03,0.03,0.04*6A
$GPGST,035317.00,0.03,0.03,0.03,0.0000,0.03,0.02,0.03*65
$GPGST,035317.20,0.03,0.03,0.03,0.0000,0.03,0.02,0.03*67
$GPGST,035317.40,0.04,0.03,0.04,0.0000,0.03,0.03,0.04*67
$GPGST,035317.60,0.04,0.03,0.04,0.0000,0.03,0.03,0.04*65
$GPGST,035317.80,0.04,0.03,0.04,0.0000,0.03,0.03,0.04*6B
$GPGST,035318.00,0.03,0.03,0.03,0.0000,0.03,0.03,0.03*6B
$GPGST,035318.20,0.04,0.03,0.04,0.0000,0.03,0.03,0.04*6E
$GPGST,035318.40,0.04,0.03,0.04,0.0000,0.03,0.03,0.04*68
$GPGST,035318.60,0.04,0.03,0.04,0.0000,0.03,0.03,0.04*6A
$GPGST,035318.80,0.04,0.03,0.04,0.0000,0.03,0.03,0.04*64
$GPGST,035319.00,0.03,0.03,0.03,0.0000,0.03,0.02,0.03*6B
$GPGST,035319.20,0.03,0.03,0.03,0.0000,0.03,0.02,0.03*69
$GPGST,035319.40,0.04,0.03,0.04,0.0000,0.03,0.03,0.04*69
$GPGST,035319.60,0.04,0.03,0.04,0.0000,0.03,0.03,0.04*6B
$GPGST,035319.80,0.04,0.03,0.04,0.0000,0.03,0.03,0.04*65
$GPGST,035320.00,0.04,0.03,0.04,0.0000,0.03,0.02,0.04*66
$GPGST,035320.20,0.04,0.03,0.04,0.0000,0.03,0.03,0.04*65
$GPGST,035320.40,0.04,0.04,0.04,0.0000,0.03,0.04,0.04*63
$GPGST,035320.60,0.04,0.04,0.04,0.0000,0.03,0.04,0.04*61
$GPGST,035320.80,0.05,0.04,0.05,0.0000,0.03,0.04,0.05*6E
$GPGST,035321.00,0.04,0.04,0.04,0.0000,0.03,0.04,0.04*66
$GPGST,035321.20,0.04,0.04,0.04,0.0000,0.03,0.04,0.04*64
$GPGST,035321.40,0.04,0.04,0.04,0.0000,0.03,0.04,0.04*62
$GPGST,035321.60,0.04,0.04,0.04,0.0000,0.03,0.04,0.04*60
$GPGST,035321.80,0.05,0.04,0.05,0.0000,0.04,0.04,0.05*68
$GPGST,035322.00,0.03,0.03,0.03,0.0000,0.03,0.02,0.03*63
$GPGST,035322.20,0.04,0.03,0.04,0.0000,0.03,0.03,0.04*67
$GPGST,035322.40,0.04,0.03,0.04,0.0000,0.03,0.03,0.04*61
$GPGST,035322.60,0.05,0.04,0.05,0.0000,0.04,0.04,0.05*65
$GPGST,035322.80,0.05,0.04,0.05,0.0000,0.04,0.04,0.05*6B
$GPGST,035323.00,0.04,0.03,0.04,0.0000,0.03,0.03,0.04*64
$GPGST,035323.20,0.04,0.03,0.04,0.0000,0.03,0.03,0.04*66
$GPGST,035323.40,0.04,0.03,0.04,0.0000,0.03,0.03,0.04*60
$GPGST,035323.60,0.05,0.04,0.05,0.0000,0.04,0.03,0.05*63
$GPGST,035323.80,0.05,0.04,0.05,0.0000,0.04,0.04,0.05*6A
$GPGST,035324.00,0.03,0.02,0.03,0.0000,0.02,0.02,0.03*65
$GPGST,035324.20,0.04,0.03,0.04,0.0000,0.03,0.02,0.04*60
$GPGST,035324.40,0.04,0.03,0.04,0.0000,0.03,0.03,0.04*67
$GPGST,035324.60,0.04,0.03,0.04,0.0000,0.03,0.03,0.04*65
$GPGST,035324.80,0.04,0.03,0.04,0.0000,0.03,0.03,0.04*6B
$GPGST,035325.00,0.04,0.03,0.04,0.0000,0.03,0.03,0.04*62
$GPGST,035325.20,0.04,0.03,0.04,0.0000,0.03,0.03,0.04*60
$GPGST,035325.40,0.04,0.03,0.04,0.0000,0.03,0.03,0.04*66
$GPGST,035325.60,0.04,0.03,0.04,0.0000,0.03,0.03,0.04*64
$GPGST,035325.80,0.05,0.03,0.05,0.0000,0.03,0.03,0.05*6B
$GPGST,035326.00,0.04,0.03,0.04,0.0000,0.03,0.03,0.04*61
$GPGST,035326.20,0.05,0.03,0.05,0.0000,0.03,0.03,0.05*62
$GPGST,035326.40,0.05,0.03,0.05,0.0000,0.03,0.03,0.05*64
$GPGST,035326.60,0.05,0.04,0.05,0.0000,0.04,0.03,0.05*66
$GPGST,035326.80,0.05,0.04,0.05,0.0000,0.04,0.04,0.05*6F
$GPGST,035327.00,0.05,0.03,0.05,0.0000,0.03,0.03,0.05*61
$GPGST,035327.20,0.05,0.04,0.05,0.0000,0.04,0.04,0.05*64
$GPGST,035327.40,0.05,0.04,0.05,0.0000,0.04,0.04,0.05*62
$GPGST,035327.60,0.06,0.04,0.06,0.0000,0.04,0.04,0.06*63
$GPGST,035327.80,0.06,0.05,0.06,0.0000,0.05,0.05,0.06*6C
$GPGST,035328.00,0.06,0.04,0.06,0.0000,0.04,0.04,0.06*6A
$GPGST,035328.20,0.06,0.05,0.06,0.0000,0.04,0.05,0.06*68
$GPGST,035328.40,0.06,0.05,0.06,0.0000,0.05,0.05,0.06*6F
$GPGST,035328.60,0.06,0.05,0.06,0.0000,0.05,0.05,0.06*6D
$GPGST,035328.80,0.06,0.05,0.06,0.0000,0.05,0.05,0.06*63
$GPGST,035329.00,0.05,0.03,0.05,0.0000,0.03,0.03,0.05*6F
$GPGST,035329.20,0.05,0.04,0.05,0.0000,0.04,0.04,0.05*6A
$GPGST,035329.40,0.05,0.04,0.05,0.0000,0.04,0.04,0.05*6C
$GPGST,035329.60,0.06,0.04,0.06,0.0000,0.04,0.04,0.06*6D
$GPGST,035329.80,0.06,0.05,0.06,0.0000,0.05,0.05,0.06*62
$GPGST,035330.00,0.08,0.06,0.08,0.0000,0.05,0.06,0.08*6C
$GPGST,035330.20,0.08,0.06,0.08,0.0000,0.05,0.06,0.08*6E
$GPGST,035330.40,0.09,0.06,0.09,0.0000,0.05,0.06,0.09*69
$GPGST,035330.60,0.09,0.06,0.09,0.0000,0.05,0.06,0.09*6B
$GPGST,035330.80,0.09,0.07,0.09,0.0000,0.06,0.07,0.09*66
$GPGST,035331.00,0.06,0.04,0.06,0.0000,0.04,0.04,0.06*62
$GPGST,035331.20,0.06,0.05,0.06,0.0000,0.04,0.05,0.06*60
$GPGST,035331.40,0.06,0.05,0.06,0.0000,0.05,0.05,0.06*67
$GPGST,035331.60,0.07,0.05,0.07,0.0000,0.05,0.05,0.07*64
$GPGST,035331.80,0.07,0.05,0.07,0.0000,0.05,0.05,0.07*6A
$GPGST,035332.00,0.07,0.05,0.07,0.0000,0.05,0.05,0.07*61
$GPGST,035332.20,0.07,0.05,0.07,0.0000,0.05,0.05,0.07*63
$GPGST,035332.40,0.07,0.06,0.07,0.0000,0.06,0.06,0.07*66
$GPGST,035332.60,0.07,0.06,0.07,0.0000,0.06,0.06,0.07*64
$GPGST,035332.80,0.08,0.06,0.08,0.0000,0.06,0.06,0.08*65
$GPGST,035333.00,0.08,0.06,0.08,0.0000,0.06,0.06,0.08*6C
$GPGST,035333.20,0.08,0.07,0.08,0.0000,0.07,0.07,0.08*6F
$GPGST,035333.40,0.08,0.07,0.08,0.0000,0.07,0.07,0.08*69
$GPGST,035333.60,0.08,0.07,0.08,0.0000,0.07,0.07,0.08*6B
$GPGST,035333.80,0.09,0.07,0.09,0.0000,0.07,0.07,0.09*64
$GPGST,035334.00,0.09,0.07,0.09,0.0000,0.07,0.07,0.09*6B
$GPGST,035334.20,5.67,3.53,5.67,0.0000,2.11,3.53,5.67*61
$GPGST,035334.40,5.67,3.53,5.67,0.0000,2.11,3.53,5.67*67
$GPGST,035334.60,5.67,3.53,5.67,0.0000,2.11,3.53,5.67*65
$GPGST,035334.80,5.67,3.53,5.67,0.0000,2.11,3.53,5.67*6B
$GPGST,035335.00,4.99,2.90,4.99,0.0000,2.16,2.90,4.99*65
$GPGST,035335.20,4.99,2.90,4.99,0.0000,2.16,2.90,4.99*67
$GPGST,035335.40,4.99,2.90,4.99,0.0000,2.16,2.90,4.99*61
$GPGST,035335.60,4.99,2.90,4.99,0.0000,2.16,2.90,4.99*63
$GPGST,035335.80,4.99,2.90,4.99,0.0000,2.16,2.90,4.99*6D
$GPGST,035336.00,4.87,3.38,4.87,0.0000,2.64,3.38,4.87*6C
$GPGST,035336.20,4.87,3.38,4.87,0.0000,2.64,3.38,4.87*6E
$GPGST,035336.40,4.87,3.38,4.87,0.0000,2.64,3.38,4.87*68
$GPGST,035336.60,4.87,3.38,4.87,0.0000,2.64,3.38,4.87*6A
$GPGST,035336.80,4.87,3.38,4.87,0.0000,2.64,3.38,4.87*64
$GPGST,035337.00,7.04,4.34,7.04,0.0000,3.97,4.34,7.04*68
$GPGST,035337.20,7.04,4.34,7.04,0.0000,3.97,4.34,7.04*6A
$GPGST,035337.40,7.04,4.34,7.04,0.0000,3.97,4.34,7.04*6C
$GPGST,035337.60,7.04,4.34,7.04,0.0000,3.97,4.34,7.04*6E
$GPGST,035337.80,7.04,4.34,7.04,0.0000,3.97,4.34,7.04*60
$GPGST,035338.00,8.32,4.60,8.32,0.0000,4.60,4.59,8.32*68
$GPGST,035338.20,8.32,4.60,8.32,0.0000,4.60,4.59,8.32*6A
$GPGST,035338.40,8.32,4.60,8.32,0.0000,4.60,4.59,8.32*6C
$GPGST,035338.60,8.32,4.60,8.32,0.0000,4.60,4.59,8.32*6E
$GPGST,035338.80,8.32,4.60,8.32,0.0000,4.60,4.59,8.32*60
$GPGST,035339.00,18.54,10.30,18.54,0.0000,9.95,10.30,18.54*55
$GPGST,035339.20,18.54,10.30,18.54,0.0000,9.95,10.30,18.54*57
$GPGST,035339.40,18.54,10.30,18.54,0.0000,9.95,10.30,18.54*51
$GPGST,035339.60,18.54,10.30,18.54,0.0000,9.95,10.30,18.54*53
$GPGST,035339.80,18.54,10.30,18.54,0.0000,9.95,10.30,18.54*5D
$GPGST,035340.00,25.71,19.88,25.71,0.0000,19.88,11.56,25.71*64
$GPGST,035340.20,25.71,19.88,25.71,0.0000,19.88,11.56,25.71*66
$GPGST,035340.40,25.71,19.88,25.71,0.0000,19.88,11.56,25.71*60
$GPGST,035340.60,25.71,19.88,25.71,0.0000,19.88,11.56,25.71*62
$GPGST,035340.80,25.71,19.88,25.71,0.0000,19.88,11.56,25.71*6C
$GPGST,035341.00,20.23,15.70,20.23,0.0000,15.70,7.77,20.23*53
$GPGST,035341.20,20.23,15.70,20.23,0.0000,15.70,7.77,20.23*51
$GPGST,035341.40,20.23,15.70,20.23,0.0000,15.70,7.77,20.23*57
$GPGST,035341.60,20.23,15.70,20.23,0.0000,15.70,7.77,20.23*55
$GPGST,035341.80,20.23,15.70,20.23,0.0000,15.70,7.77,20.23*5B
$GPGST,035342.00,17.19,13.70,17.19,0.0000,13.70,7.74,17.19*5E
$GPGST,035342.20,17.19,13.70,17.19,0.0000,13.70,7.74,17.19*5C
$GPGST,035342.40,17.19,13.70,17.19,0.0000,13.70,7.74,17.19*5A
$GPGST,035342.60,17.19,13.70,17.19,0.0000,13.70,7.74,17.19*58
$GPGST,035342.80,17.19,13.70,17.19,0.0000,13.70,7.74,17.19*56
$GPGST,035343.00,12.92,11.08,12.92,0.0000,11.08,6.39,12.92*51
$GPGST,035343.20,12.92,11.08,12.92,0.0000,11.08,6.39,12.92*53
$GPGST,035343.40,12.92,11.08,12.92,0.0000,11.08,6.39,12.92*55
$GPGST,035343.60,12.92,11.08,12.92,0.0000,11.08,6.39,12.92*57
$GPGST,035343.80,12.92,11.08,12.92,0.0000,11.08,6.39,12.92*59
$GPGST,035344.00,9.82,7.59,9.82,0.0000,7.59,5.10,9.82*65
$GPGST,035344.20,9.82,7.59,9.82,0.0000,7.59,5.10,9.82*67
$GPGST,035344.40,9.82,7.59,9.82,0.0000,7.59,5.10,9.82*61
$GPGST,035344.60,9.82,7.59,9.82,0.0000,7.59,5.10,9.82*63
$GPGST,035344.80,9.82,7.59,9.82,0.0000,7.59,5.10,9.82*6D
$GPGST,035345.00,12.46,9.24,12.46,0.0000,9.24,6.37,12.46*50
$GPGST,035345.20,12.46,9.24,12.46,0.0000,9.24,6.37,12.46*52
$GPGST,035345.40,12.46,9.24,12.46,0.0000,9.24,6.37,12.46*54
$GPGST,035345.60,12.46,9.24,12.46,0.0000,9.24,6.37,12.46*56
$GPGST,035345.80,12.46,9.24,12.46,0.0000,9.24,6.37,12.46*58
$GPGST,035346.00,5.71,4.31,5.71,0.0000,4.31,3.03,5.71*63
$GPGST,035346.20,5.71,4.31,5.71,0.0000,4.31,3.03,5.71*61
$GPGST,035346.40,5.71,4.31,5.71,0.0000,4.31,3.03,5.71*67
$GPGST,035346.60,5.71,4.31,5.71,0.0000,4.31,3.03,5.71*65
$GPGST,035346.80,5.71,4.31,5.71,0.0000,4.31,3.03,5.71*6B
$GPGST,035347.00,7.74,5.80,7.74,0.0000,5.80,4.19,7.74*69
$GPGST,035347.20,7.74,5.80,7.74,0.0000,5.80,4.19,7.74*6B
$GPGST,035347.40,7.74,5.80,7.74,0.0000,5.80,4.19,7.74*6D
$GPGST,035347.60,7.74,5.80,7.74,0.0000,5.80,4.19,7.74*6F
$GPGST,035347.80,7.74,5.80,7.74,0.0000,5.80,4.19,7.74*61
$GPGST,035348.00,6.12,4.65,6.12,0.0000,4.65,3.43,6.12*6F
$GPGST,035348.20,6.12,4.65,6.12,0.0000,4.65,3.43,6.12*6D
$GPGST,035348.40,6.12,4.65,6.12,0.0000,4.65,3.43,6.12*6B
$GPGST,035348.60,6.12,4.65,6.12,0.0000,4.65,3.43,6.12*69
$GPGST,035348.80,6.12,4.65,6.12,0.0000,4.65,3.43,6.12*67
$GPGST,035349.00,6.99,5.37,6.99,0.0000,5.37,3.99,6.99*6A
$GPGST,035349.20,6.99,5.37,6.99,0.0000,5.37,3.99,6.99*68
$GPGST,035349.40,6.99,5.37,6.99,0.0000,5.37,3.99,6.99*6E
$GPGST,035349.60,6.99,5.37,6.99,0.0000,5.37,3.99,6.99*6C
$GPGST,035349.80,6.99,5.37,6.99,0.0000,5.37,3.99,6.99*62
$GPGST,035350.00,10.46,8.17,10.46,0.0000,8.17,6.14,10.46*57
$GPGST,035350.20,10.46,8.17,10.46,0.0000,8.17,6.14,10.46*55
$GPGST,035350.40,10.46,8.17,10.46,0.0000,8.17,6.14,10.46*53
$GPGST,035350.60,10.46,8.17,10.46,0.0000,8.17,6.14,10.46*51
$GPGST,035350.80,10.46,8.17,10.46,0.0000,8.17,6.14,10.46*5F
$GPGST,035351.00,5.98,4.73,5.98,0.0000,4.73,3.58,5.98*6C
$GPGST,035351.20,5.98,4.73,5.98,0.0000,4.73,3.58,5.98*6E
$GPGST,035351.40,5.98,4.73,5.98,0.0000,4.73,3.58,5.98*68
$GPGST,035351.60,5.98,4.73,5.98,0.0000,4.73,3.58,5.98*6A
$GPGST,035351.80,5.98,4.73,5.98,0.0000,4.73,3.58,5.98*64
$GPGST,035352.00,8.09,6.36,8.09,0.0000,6.36,4.86,8.09*6E
$GPGST,035352.20,8.09,6.36,8.09,0.0000,6.36,4.86,8.09*6C
$GPGST,035352.40,8.09,6.36,8.09,0.0000,6.36,4.86,8.09*6A
$GPGST,035352.60,8.09,6.36,8.09,0.0000,6.36,4.86,8.09*68
$GPGST,035352.80,8.09,6.36,8.09,0.0000,6.36,4.86,8.09*66
$GPGST,035353.00,8.30,6.61,8.30,0.0000,6.61,5.08,8.30*62
$GPGST,035353.20,8.30,6.61,8.30,0.0000,6.61,5.08,8.30*60
$GPGST,035353.40,8.30,6.61,8.30,0.0000,6.61,5.08,8.30*66
$GPGST,035353.60,8.30,6.61,8.30,0.0000,6.61,5.08,8.30*64
$GPGST,035353.80,8.30,6.61,8.30,0.0000,6.61,5.08,8.30*6A
$GPGST,035354.00,6.78,5.48,6.78,0.0000,5.48,4.19,6.78*66
$GPGST,035354.20,6.78,5.48,6.78,0.0000,5.48,4.19,6.78*64
$GPGST,035354.40,6.78,5.48,6.78,0.0000,5.48,4.19,6.78*62
$GPGST,035354.60,6.78,5.48,6.78,0.0000,5.48,4.19,6.78*60
$GPGST,035354.80,6.78,5.48,6.78,0.0000,5.48,4.19,6.78*6E
$GPGST,035355.00,4.74,3.86,4.74,0.0000,3.86,2.98,4.74*66
$GPGST,035355.20,4.74,3.86,4.74,0.0000,3.86,2.98,4.74*64
$GPGST,035355.40,1.61,1.43,1.61,0.0000,1.43,1.40,1.61*65
$GPGST,035355.60,3.00,3.00,3.00,0.0000,3.00,3.00,3.00*64
$GPGST,035355.80,3.00,3.00,3.00,0.0000,3.00,3.00,3.00*6A
$GPGST,035356.00,7.22,6.19,7.22,0.0000,6.19,5.16,7.22*64
$GPGST,035356.20,7.22,6.19,7.22,0.0000,6.19,5.16,7.22*66
$GPGST,035356.40,7.22,6.19,7.22,0.0000,6.19,5.16,7.22*60
$GPGST,035356.60,7.22,6.19,7.22,0.0000,6.19,5.16,7.22*62
$GPGST,035356.80,7.22,6.19,7.22,0.0000,6.19,5.16,7.22*6C
$GPGST,035357.00,7.42,6.30,7.42,0.0000,6.30,4.81,7.42*6C
$GPGST,035357.20,7.42,6.30,7.42,0.0000,6.30,4.81,7.42*6E
$GPGST,035357.40,7.42,6.30,7.42,0.0000,6.30,4.81,7.42*68
$GPGST,035357.60,7.42,6.30,7.42,0.0000,6.30,4.81,7.42*6A
$GPGST,035357.80,7.42,6.30,7.42,0.0000,6.30,4.81,7.42*64
$GPGST,035358.00,7.40,6.37,7.40,0.0000,6.37,4.86,7.40*66
$GPGST,035358.20,7.40,6.37,7.40,0.0000,6.37,4.86,7.40*64
$GPGST,035358.40,7.40,6.37,7.40,0.0000,6.37,4.86,7.40*62
$GPGST,035358.60,7.40,6.37,7.40,0.0000,6.37,4.86,7.40*60
$GPGST,035358.80,7.40,6.37,7.40,0.0000,6.37,4.86,7.40*6E
$GPGST,035359.00,7.61,6.50,7.61,0.0000,6.50,5.02,7.61*69
$GPGST,035359.20,7.61,6.50,7.61,0.0000,6.50,5.02,7.61*6B
$GPGST,035359.40,7.61,6.50,7.61,0.0000,6.50,5.02,7.61*6D
$GPGST,035359.60,7.61,6.50,7.61,0.0000,6.50,5.02,7.61*6F
$GPGST,035359.80,7.61,6.50,7.61,0.0000,6.50,5.02,7.61*61
$GPGST,035400.00,6.68,5.70,6.68,0.0000,5.70,4.49,6.68*64
$GPGST,035400.20,6.68,5.70,6.68,0.0000,5.70,4.49,6.68*66
$GPGST,035400.40,6.68,5.70,6.68,0.0000,5.70,4.49,6.68*60
$GPGST,035400.60,6.68,5.70,6.68,0.0000,5.70,4.49,6.68*62
$GPGST,035400.80,6.68,5.70,6.68,0.0000,5.70,4.49,6.68*6C
$GPGST,035401.00,8.67,7.33,8.67,0.0000,7.33,5.85,8.67*65
$GPGST,035401.20,8.67,7.33,8.67,0.0000,7.33,5.85,8.67*67
$GPGST,035401.40,8.67,7.33,8.67,0.0000,7.33,5.85,8.67*61
$GPGST,035401.60,8.67,7.33,8.67,0.0000,7.33,5.85,8.67*63
$GPGST,035401.80,8.67,7.33,8.67,0.0000,7.33,5.85,8.67*6D
$GPGST,035402.00,5.66,4.79,5.66,0.0000,4.79,3.84,5.66*6D
$GPGST,035402.20,5.66,4.79,5.66,0.0000,4.79,3.84,5.66*6F
$GPGST,035402.40,5.66,4.79,5.66,0.0000,4.79,3.84,5.66*69
$GPGST,035402.60,5.66,4.79,5.66,0.0000,4.79,3.84,5.66*6B
$GPGST,035402.80,5.66,4.79,5.66,0.0000,4.79,3.84,5.66*65
$GPGST,035403.00,8.47,7.16,8.47,0.0000,7.16,5.72,8.47*6D
$GPGST,035403.20,8.47,7.16,8.47,0.0000,7.16,5.72,8.47*6F
$GPGST,035403.40,8.47,7.16,8.47,0.0000,7.16,5.72,8.47*69
$GPGST,035403.60,8.47,7.16,8.47,0.0000,7.16,5.72,8.47*6B
$GPGST,035403.80,8.47,7.16,8.47,0.0000,7.16,5.72,8.47*65
$GPGST,035404.00,8.53,7.31,8.53,0.0000,7.31,5.82,8.53*60
$GPGST,035404.20,8.53,7.31,8.53,0.0000,7.31,5.82,8.53*62
$GPGST,035404.40,8.53,7.31,8.53,0.0000,7.31,5.82,8.53*64
$GPGST,035404.60,8.53,7.31,8.53,0.0000,7.31,5.82,8.53*66
$GPGST,035404.80,8.53,7.31,8.53,0.0000,7.31,5.82,8.53*68
$GPGST,035405.00,7.84,6.77,7.84,0.0000,6.77,5.40,7.84*6A
$GPGST,035405.20,7.84,6.77,7.84,0.0000,6.77,5.40,7.84*68
$GPGST,035405.40,7.84,6.77,7.84,0.0000,6.77,5.40,7.84*6E
$GPGST,035405.60,7.84,6.77,7.84,0.0000,6.77,5.40,7.84*6C
$GPGST,035405.80,7.84,6.77,7.84,0.0000,6.77,5.40,7.84*62
$GPGST,035406.00,14.09,13.18,14.09,0.0000,13.18,9.62,14.09*52
$GPGST,035406.20,14.09,13.18,14.09,0.0000,13.18,9.62,14.09*50
$GPGST,035406.40,14.09,13.18,14.09,0.0000,13.18,9.62,14.09*56
$GPGST,035406.60,14.09,13.18,14.09,0.0000,13.18,9.62,14.09*54
$GPGST,035406.80,14.09,13.18,14.09,0.0000,13.18,9.62,14.09*5A
$GPGST,035407.00,10.74,9.23,10.74,0.0000,9.23,6.96,10.74*59
$GPGST,035407.20,10.74,9.23,10.74,0.0000,9.23,6.96,10.74*5B
$GPGST,035407.40,10.74,9.23,10.74,0.0000,9.23,6.96,10.74*5D
$GPGST,035407.60,10.74,9.23,10.74,0.0000,9.23,6.96,10.74*5F
$GPGST,035407.80,10.74,9.23,10.74,0.0000,9.23,6.96,10.74*51
$GPGST,035408.00,8.79,7.47,8.79,0.0000,7.47,5.77,8.79*6E
$GPGST,035408.20,8.79,7.47,8.79,0.0000,7.47,5.77,8.79*6C
$GPGST,035408.40,8.79,7.47,8.79,0.0000,7.47,5.77,8.79*6A
$GPGST,035408.60,8.79,7.47,8.79,0.0000,7.47,5.77,8.79*68
$GPGST,035408.80,8.79,7.47,8.79,0.0000,7.47,5.77,8.79*66
$GPGST,035409.00,9.61,8.14,9.61,0.0000,8.14,6.35,9.61*62
$GPGST,035409.20,9.61,8.14,9.61,0.0000,8.14,6.35,9.61*60
$GPGST,035409.40,9.61,8.14,9.61,0.0000,8.14,6.35,9.61*66
$GPGST,035409.60,9.61,8.14,9.61,0.0000,8.14,6.35,9.61*64
$GPGST,035409.80,9.61,8.14,9.61,0.0000,8.14,6.35,9.61*6A
$GPGST,035410.00,8.24,6.99,8.24,0.0000,6.99,5.50,8.24*6A
$GPGST,035410.20,8.24,6.99,8.24,0.0000,6.99,5.50,8.24*68
$GPGST,035410.40,8.24,6.99,8.24,0.0000,6.99,5.50,8.24*6E
$GPGST,035410.60,8.24,6.99,8.24,0.0000,6.99,5.50,8.24*6C
$GPGST,035410.80,8.24,6.99,8.24,0.0000,6.99,5.50,8.24*62
$GPGST,035411.00,9.50,8.18,9.50,0.0000,8.18,6.42,9.50*69
$GPGST,035411.20,9.50,8.18,9.50,0.0000,8.18,6.42,9.50*6B
$GPGST,035411.40,9.50,8.18,9.50,0.0000,8.18,6.42,9.50*6D
$GPGST,035411.60,9.50,8.18,9.50,0.0000,8.18,6.42,9.50*6F
$GPGST,035411.80,9.50,8.18,9.50,0.0000,8.18,6.42,9.50*61
$GPGST,035412.00,8.35,7.25,8.35,0.0000,7.25,5.64,8.35*6F
$GPGST,035412.20,8.35,7.25,8.35,0.0000,7.25,5.64,8.35*6D
$GPGST,035412.40,8.35,7.25,8.35,0.0000,7.25,5.64,8.35*6B
$GPGST,035412.60,8.35,7.25,8.35,0.0000,7.25,5.64,8.35*69
$GPGST,035412.80,8.35,7.25,8.35,0.0000,7.25,5.64,8.35*67
$GPGST,035413.00,7.58,6.72,7.58,0.0000,6.72,5.21,7.58*6B
$GPGST,035413.20,7.58,6.72,7.58,0.0000,6.72,5.21,7.58*69
$GPGST,035413.40,7.58,6.72,7.58,0.0000,6.72,5.21,7.58*6F
$GPGST,035413.60,7.58,6.72,7.58,0.0000,6.72,5.21,7.58*6D
$GPGST,035413.80,7.58,6.72,7.58,0.0000,6.72,5.21,7.58*63
$GPGST,035414.00,5.70,5.06,5.70,0.0000,5.06,3.86,5.70*6F
$GPGST,035414.20,5.70,5.06,5.70,0.0000,5.06,3.86,5.70*6D
$GPGST,035414.40,5.70,5.06,5.70,0.0000,5.06,3.86,5.70*6B
$GPGST,035414.60,5.70,5.06,5.70,0.0000,5.06,3.86,5.70*69
$GPGST,035414.80,5.70,5.06,5.70,0.0000,5.06,3.86,5.70*67
$GPGST,035415.00,7.68,6.85,7.68,0.0000,6.85,5.25,7.68*6A
$GPGST,035415.20,7.68,6.85,7.68,0.0000,6.85,5.25,7.68*68
$GPGST,035415.40,7.68,6.85,7.68,0.0000,6.85,5.25,7.68*6E
$GPGST,035415.60,7.68,6.85,7.68,0.0000,6.85,5.25,7.68*6C
$GPGST,035415.80,7.68,6.85,7.68,0.0000,6.85,5.25,7.68*62
$GPGST,035416.00,7.63,6.80,7.63,0.0000,6.80,5.15,7.63*61
$GPGST,035416.20,7.63,6.80,7.63,0.0000,6.80,5.15,7.63*63
$GPGST,035416.40,7.63,6.80,7.63,0.0000,6.80,5.15,7.63*65
$GPGST,035416.60,7.63,6.80,7.63,0.0000,6.80,5.15,7.63*67
$GPGST,035416.80,7.63,6.80,7.63,0.0000,6.80,5.15,7.63*69
$GPGST,035417.00,8.75,7.81,8.75,0.0000,7.81,5.96,8.75*63
$GPGST,035417.20,8.75,7.81,8.75,0.0000,7.81,5.96,8.75*61
$GPGST,035417.40,8.75,7.81,8.75,0.0000,7.81,5.96,8.75*67
$GPGST,035417.60,8.75,7.81,8.75,0.0000,7.81,5.96,8.75*65
$GPGST,035417.80,8.75,7.81,8.75,0.0000,7.81,5.96,8.75*6B
$GPGST,035418.00,7.20,6.46,7.20,0.0000,6.46,4.97,7.20*63
$GPGST,035418.20,7.20,6.46,7.20,0.0000,6.46,4.97,7.20*61
$GPGST,035418.40,7.20,6.46,7.20,0.0000,6.46,4.97,7.20*67
$GPGST,035418.60,7.20,6.46,7.20,0.0000,6.46,4.97,7.20*65
$GPGST,035418.80,7.20,6.46,7.20,0.0000,6.46,4.97,7.20*6B
$GPGST,035419.00,3.47,3.13,3.47,0.0000,3.13,2.42,3.47*69
$GPGST,035419.20,3.47,3.13,3.47,0.0000,3.13,2.42,3.47*6B
$GPGST,035419.40,3.47,3.13,3.47,0.0000,3.13,2.42,3.47*6D
$GPGST,035419.60,3.47,3.13,3.47,0.0000,3.13,2.42,3.47*6F
$GPGST,035419.80,3.47,3.13,3.47,0.0000,3.13,2.42,3.47*61
$GPGST,035420.00,4.95,4.40,4.95,0.0000,4.40,3.42,4.95*6A
$GPGST,035420.20,4.95,4.40,4.95,0.0000,4.40,3.42,4.95*68
$GPGST,035420.40,4.95,4.40,4.95,0.0000,4.40,3.42,4.95*6E
$GPGST,035420.60,4.95,4.40,4.95,0.0000,4.40,3.42,4.95*6C
$GPGST,035420.80,4.95,4.40,4.95,0.0000,4.40,3.42,4.95*62
$GPGST,035421.00,4.23,3.78,4.23,0.0000,3.78,2.93,4.23*6B
$GPGST,035421.20,4.23,3.78,4.23,0.0000,3.78,2.93,4.23*69
$GPGST,035421.40,4.23,3.78,4.23,0.0000,3.78,2.93,4.23*6F
$GPGST,035421.60,4.23,3.78,4.23,0.0000,3.78,2.93,4.23*6D
$GPGST,035421.80,4.23,3.78,4.23,0.0000,3.78,2.93,4.23*63
$GPGST,035422.00,7.33,6.56,7.33,0.0000,6.56,5.11,7.33*67
$GPGST,035422.20,7.33,6.56,7.33,0.0000,6.56,5.11,7.33*65
$GPGST,035422.40,7.33,6.56,7.33,0.0000,6.56,5.11,7.33*63
$GPGST,035422.60,7.33,6.56,7.33,0.0000,6.56,5.11,7.33*61
$GPGST,035422.80,7.33,6.56,7.33,0.0000,6.56,5.11,7.33*6F
$GPGST,035423.00,5.89,5.18,5.89,0.0000,5.18,4.02,5.89*66
$GPGST,035423.20,5.89,5.18,5.89,0.0000,5.18,4.02,5.89*64
$GPGST,035423.40,5.89,5.18,5.89,0.0000,5.18,4.02,5.89*62
$GPGST,035423.60,5.89,5.18,5.89,0.0000,5.18,4.02,5.89*60
$GPGST,035423.80,5.89,5.18,5.89,0.0000,5.18,4.02,5.89*6E
$GPGST,035424.00,4.67,4.06,4.67,0.0000,4.06,3.16,4.67*62
$GPGST,035424.20,4.67,4.06,4.67,0.0000,4.06,3.16,4.67*60
$GPGST,035424.40,4.67,4.06,4.67,0.0000,4.06,3.16,4.67*66
$GPGST,035424.60,4.67,4.06,4.67,0.0000,4.06,3.16,4.67*64
$GPGST,035424.80,4.67,4.06,4.67,0.0000,4.06,3.16,4.67*6A
$GPGST,035425.00,4.58,3.95,4.58,0.0000,3.95,3.09,4.58*61
$GPGST,035425.20,4.58,3.95,4.58,0.0000,3.95,3.09,4.58*63
$GPGST,035425.40,4.58,3.95,4.58,0.0000,3.95,3.09,4.58*65
$GPGST,035425.60,4.58,3.95,4.58,0.0000,3.95,3.09,4.58*67
$GPGST,035425.80,4.58,3.95,4.58,0.0000,3.95,3.09,4.58*69
$GPGST,035426.00,5.06,4.38,5.06,0.0000,4.38,3.46,5.06*63
$GPGST,035426.20,5.06,4.38,5.06,0.0000,4.38,3.46,5.06*61
$GPGST,035426.40,5.06,4.38,5.06,0.0000,4.38,3.46,5.06*67
$GPGST,035426.60,5.06,4.38,5.06,0.0000,4.38,3.46,5.06*65
$GPGST,035426.80,5.06,4.38,5.06,0.0000,4.38,3.46,5.06*6B
$GPGST,035427.00,4.03,3.48,4.03,0.0000,3.48,2.76,4.03*64
$GPGST,035427.20,4.03,3.48,4.03,0.0000,3.48,2.76,4.03*66
$GPGST,035427.40,4.03,3.48,4.03,0.0000,3.48,2.76,4.03*60
$GPGST,035427.60,4.03,3.48,4.03,0.0000,3.48,2.76,4.03*62
$GPGST,035427.80,4.03,3.48,4.03,0.0000,3.48,2.76,4.03*6C
$GPGST,035428.00,6.71,5.81,6.71,0.0000,5.81,4.64,6.71*69
$GPGST,035428.20,6.71,5.81,6.71,0.0000,5.81,4.64,6.71*6B
$GPGST,035428.40,6.71,5.81,6.71,0.0000,5.81,4.64,6.71*6D
$GPGST,035428.60,6.71,5.81,6.71,0.0000,5.81,4.64,6.71*6F
$GPGST,035428.80,6.71,5.81,6.71,0.0000,5.81,4.64,6.71*61
$GPGST,035429.00,5.98,5.13,5.98,0.0000,5.13,4.11,5.98*6E
$GPGST,035429.20,5.98,5.13,5.98,0.0000,5.13,4.11,5.98*6C
$GPGST,035429.40,5.98,5.13,5.98,0.0000,5.13,4.11,5.98*6A
$GPGST,035429.60,5.98,5.14,5.98,0.0000,5.14,4.11,5.98*68
$GPGST,035429.80,5.98,5.14,5.98,0.0000,5.14,4.11,5.98*66
$GPGST,035430.00,7.50,6.36,7.50,0.0000,6.36,5.13,7.50*63
$GPGST,035430.20,7.50,6.36,7.50,0.0000,6.36,5.13,7.50*61
$GPGST,035430.40,7.50,6.36,7.50,0.0000,6.36,5.13,7.50*67
$GPGST,035430.60,7.50,6.36,7.50,0.0000,6.36,5.13,7.50*65
$GPGST,035430.80,7.50,6.36,7.50,0.0000,6.36,5.13,7.50*6B
$GPGST,035431.00,6.25,5.17,6.25,0.0000,5.17,4.22,6.25*62
$GPGST,035431.20,6.25,5.17,6.25,0.0000,5.17,4.22,6.25*60
$GPGST,035431.40,6.25,5.17,6.25,0.0000,5.17,4.22,6.25*66
$GPGST,035431.60,6.25,5.17,6.25,0.0000,5.17,4.22,6.25*64
$GPGST,035431.80,6.25,5.17,6.25,0.0000,5.17,4.22,6.25*6A
$GPGST,035432.00,8.45,7.08,8.45,0.0000,7.08,5.76,8.45*69
$GPGST,035432.20,8.45,7.08,8.45,0.0000,7.08,5.76,8.45*6B
$GPGST,035432.40,8.45,7.08,8.45,0.0000,7.08,5.76,8.45*6D
$GPGST,035432.60,8.45,7.08,8.45,0.0000,7.08,5.76,8.45*6F
$GPGST,035432.80,8.45,7.08,8.45,0.0000,7.08,5.76,8.45*61
$GPGST,035433.00,8.51,7.17,8.51,0.0000,7.17,5.83,8.51*67
$GPGST,035433.20,8.51,7.17,8.51,0.0000,7.17,5.83,8.51*65
$GPGST,035433.40,8.51,7.17,8.51,0.0000,7.17,5.83,8.51*63
$GPGST,035433.60,8.51,7.17,8.51,0.0000,7.17,5.83,8.51*61
$GPGST,035433.80,8.51,7.17,8.51,0.0000,7.17,5.83,8.51*6F
$GPGST,035434.00,6.66,5.65,6.66,0.0000,5.65,4.59,6.66*6C
$GPGST,035434.20,6.66,5.65,6.66,0.0000,5.65,4.59,6.66*6E
$GPGST,035434.40,6.66,5.65,6.66,0.0000,5.65,4.59,6.66*68
$GPGST,035434.60,6.66,5.65,6.66,0.0000,5.65,4.59,6.66*6A
$GPGST,035434.80,6.66,5.65,6.66,0.0000,5.65,4.59,6.66*64
$GPGST,035435.00,8.20,6.99,8.20,0.0000,6.99,5.69,8.20*63
$GPGST,035435.20,8.20,6.99,8.20,0.0000,6.99,5.69,8.20*61
$GPGST,035435.40,8.20,6.99,8.20,0.0000,6.99,5.69,8.20*67
$GPGST,035435.60,8.20,6.99,8.20,0.0000,6.99,5.69,8.20*65
$GPGST,035435.80,8.20,6.99,8.20,0.0000,6.99,5.69,8.20*6B
$GPGST,035436.00,9.84,8.43,9.84,0.0000,8.43,6.86,9.84*6D
$GPGST,035436.20,9.84,8.43,9.84,0.0000,8.43,6.86,9.84*6F
$GPGST,035436.40,9.84,8.43,9.84,0.0000,8.43,6.86,9.84*69
$GPGST,035436.60,9.84,8.43,9.84,0.0000,8.43,6.86,9.84*6B
$GPGST,035436.80,9.84,8.43,9.84,0.0000,8.43,6.86,9.84*65
$GPGST,035437.00,11.05,9.49,11.05,0.0000,9.49,7.73,11.05*57
$GPGST,035437.20,11.05,9.49,11.05,0.0000,9.49,7.73,11.05*55
$GPGST,035437.40,11.05,9.49,11.05,0.0000,9.49,7.73,11.05*53
$GPGST,035437.60,11.05,9.49,11.05,0.0000,9.49,7.73,11.05*51
$GPGST,035437.80,11.05,9.49,11.05,0.0000,9.49,7.73,11.05*5F
$GPGST,035438.00,11.35,9.77,11.35,0.0000,9.77,7.97,11.35*51
$GPGST,035438.20,11.35,9.77,11.35,0.0000,9.77,7.97,11.35*53
$GPGST,035438.40,11.35,9.77,11.35,0.0000,9.77,7.97,11.35*55
$GPGST,035438.60,11.35,9.77,11.35,0.0000,9.77,7.97,11.35*57
$GPGST,035438.80,11.35,9.77,11.35,0.0000,9.77,7.97,11.35*59
$GPGST,035439.00,9.08,7.83,9.08,0.0000,7.83,6.40,9.08*6C
$GPGST,035439.20,9.08,7.83,9.08,0.0000,7.83,6.40,9.08*6E
$GPGST,035439.40,9.08,7.83,9.08,0.0000,7.83,6.40,9.08*68
$GPGST,035439.60,9.08,7.83,9.08,0.0000,7.83,6.40,9.08*6A
$GPGST,035439.80,9.08,7.83,9.08,0.0000,7.83,6.40,9.08*64
$GPGST,035440.00,9.10,7.85,9.10,0.0000,7.85,6.43,9.10*68
$GPGST,035440.20,9.10,7.85,9.10,0.0000,7.85,6.43,9.10*6A
$GPGST,035440.40,9.10,7.85,9.10,0.0000,7.85,6.43,9.10*6C
$GPGST,035440.60,9.10,7.85,9.10,0.0000,7.85,6.43,9.10*6E
$GPGST,035440.80,9.10,7.85,9.10,0.0000,7.85,6.43,9.10*60
$GPGST,035441.00,9.86,8.52,9.86,0.0000,8.52,6.99,9.86*61
$GPGST,035441.20,9.86,8.52,9.86,0.0000,8.52,6.99,9.86*63
$GPGST,035441.40,9.86,8.52,9.86,0.0000,8.52,6.99,9.86*65
$GPGST,035441.60,9.86,8.52,9.86,0.0000,8.52,6.99,9.86*67
$GPGST,035441.80,9.86,8.52,9.86,0.0000,8.52,6.99,9.86*69
$GPGST,035442.00,10.87,9.37,10.87,0.0000,9.37,7.71,10.87*5C
$GPGST,035442.20,10.87,9.37,10.87,0.0000,9.37,7.71,10.87*5E
$GPGST,035442.40,10.87,9.37,10.87,0.0000,9.37,7.71,10.87*58
$GPGST,035442.60,10.87,9.37,10.87,0.0000,9.37,7.71,10.87*5A
$GPGST,035442.80,10.87,9.37,10.87,0.0000,9.37,7.71,10.87*54
$GPGST,035443.00,10.54,9.10,10.54,0.0000,9.10,7.50,10.54*50
$GPGST,035443.20,10.54,9.10,10.54,0.0000,9.10,7.50,10.54*52
$GPGST,035443.40,10.54,9.10,10.54,0.0000,9.10,7.50,10.54*54
$GPGST,035443.60,10.54,9.10,10.54,0.0000,9.10,7.50,10.54*56
$GPGST,035443.80,10.54,9.10,10.54,0.0000,9.10,7.50,10.54*58
$GPGST,035444.00,9.85,8.51,9.85,0.0000,8.51,7.03,9.85*65
$GPGST,035444.20,9.85,8.51,9.85,0.0000,8.51,7.03,9.85*67
$GPGST,035444.40,9.85,8.51,9.85,0.0000,8.51,7.03,9.85*61
$GPGST,035444.60,9.85,8.51,9.85,0.0000,8.51,7.03,9.85*63
$GPGST,035444.80,9.85,8.51,9.85,0.0000,8.51,7.03,9.85*6D
$GPGST,035445.00,12.25,10.61,12.25,0.0000,10.61,8.77,12.25*58
$GPGST,035445.20,12.25,10.61,12.25,0.0000,10.61,8.77,12.25*5A
$GPGST,035445.40,12.25,10.61,12.25,0.0000,10.61,8.77,12.25*5C
$GPGST,035445.60,12.25,10.61,12.25,0.0000,10.61,8.77,12.25*5E
$GPGST,035445.80,12.25,10.61,12.25,0.0000,10.61,8.77,12.25*50
$GPGST,035446.00,11.70,10.14,11.70,0.0000,10.14,8.40,11.70*5C
$GPGST,035446.20,11.70,10.14,11.70,0.0000,10.14,8.40,11.70*5E
$GPGST,035446.40,11.70,10.14,11.70,0.0000,10.14,8.40,11.70*58
$GPGST,035446.60,11.70,10.14,11.70,0.0000,10.14,8.40,11.70*5A
$GPGST,035446.80,11.70,10.14,11.70,0.0000,10.14,8.40,11.70*54
$GPGST,035447.00,12.57,10.90,12.57,0.0000,10.90,9.04,12.57*5A
$GPGST,035447.20,12.57,10.90,12.57,0.0000,10.90,9.04,12.57*58
$GPGST,035447.40,12.57,10.90,12.57,0.0000,10.90,9.04,12.57*5E
$GPGST,035447.60,12.57,10.90,12.57,0.0000,10.90,9.04,12.57*5C
$GPGST,035447.80,12.57,10.90,12.57,0.0000,10.90,9.04,12.57*52
$GPGST,035448.00,12.96,11.24,12.96,0.0000,11.24,9.34,12.96*5B
$GPGST,035448.20,12.96,11.24,12.96,0.0000,11.24,9.34,12.96*59
$GPGST,035448.40,12.96,11.24,12.96,0.0000,11.24,9.34,12.96*5F
$GPGST,035448.60,12.96,11.24,12.96,0.0000,11.24,9.34,12.96*5D
$GPGST,035448.80,12.96,11.24,12.96,0.0000,11.24,9.34,12.96*53
$GPGST,035449.00,13.49,11.71,13.49,0.0000,11.71,9.75,13.49*5C
$GPGST,035449.20,13.49,11.71,13.49,0.0000,11.71,9.75,13.49*5E
$GPGST,035449.40,13.49,11.71,13.49,0.0000,11.71,9.75,13.49*58
$GPGST,035449.60,13.49,11.71,13.49,0.0000,11.71,9.75,13.49*5A
$GPGST,035449.80,13.49,11.71,13.49,0.0000,11.71,9.75,13.49*54
$GPGST,035450.00,15.44,13.40,15.44,0.0000,13.40,11.18,15.44*6D
$GPGST,035450.20,15.44,13.40,15.44,0.0000,13.40,11.18,15.44*6F
$GPGST,035450.40,15.44,13.40,15.44,0.0000,13.40,11.18,15.44*69
$GPGST,035450.60,15.44,13.40,15.44,0.0000,13.40,11.18,15.44*6B
$GPGST,035450.80,15.44,13.40,15.44,0.0000,13.40,11.18,15.44*65
$GPGST,035451.00,13.12,11.37,13.12,0.0000,11.37,9.50,13.12*5C
$GPGST,035451.20,13.12,11.37,13.12,0.0000,11.37,9.50,13.12*5E
$GPGST,035451.40,13.12,11.37,13.12,0.0000,11.37,9.50,13.12*58
$GPGST,035451.60,13.12,11.37,13.12,0.0000,11.37,9.50,13.12*5A
$GPGST,035451.80,13.12,11.37,13.12,0.0000,11.37,9.50,13.12*54
$GPGST,035452.00,12.20,10.57,12.20,0.0000,10.57,8.85,12.20*56
$GPGST,035452.20,12.20,10.57,12.20,0.0000,10.57,8.85,12.20*54
$GPGST,035452.40,12.20,10.57,12.20,0.0000,10.57,8.85,12.20*52
$GPGST,035452.60,12.20,10.57,12.20,0.0000,10.57,8.85,12.20*50
$GPGST,035452.80,12.20,10.57,12.20,0.0000,10.57,8.85,12.20*5E
$GPGST,035453.00,12.65,10.96,12.65,0.0000,10.96,9.18,12.65*53
$GPGST,035453.20,12.65,10.96,12.65,0.0000,10.96,9.18,12.65*51
$GPGST,035453.40,12.65,10.96,12.65,0.0000,10.96,9.18,12.65*57
$GPGST,035453.60,12.65,10.96,12.65,0.0000,10.96,9.18,12.65*55
$GPGST,035453.80,12.65,10.96,12.65,0.0000,10.96,9.18,12.65*5B
$GPGST,035454.00,13.31,11.53,13.31,0.0000,11.53,9.68,13.31*53
$GPGST,035454.20,13.31,11.53,13.31,0.0000,11.53,9.68,13.31*51
$GPGST,035454.40,13.31,11.53,13.31,0.0000,11.53,9.68,13.31*57
$GPGST,035454.60,13.31,11.53,13.31,0.0000,11.53,9.68,13.31*55
$GPGST,035454.80,13.31,11.53,13.31,0.0000,11.53,9.68,13.31*5B
$GPGST,035455.00,12.09,10.49,12.09,0.0000,10.49,8.82,12.09*5D
$GPGST,035455.20,12.09,10.49,12.09,0.0000,10.49,8.82,12.09*5F
$GPGST,035455.40,12.09,10.49,12.09,0.0000,10.49,8.82,12.09*59
$GPGST,035455.60,12.09,10.49,12.09,0.0000,10.49,8.82,12.09*5B
$GPGST,035455.80,12.09,10.49,12.09,0.0000,10.49,8.82,12.09*55
$GPGST,035456.00,11.38,9.86,11.38,0.0000,9.86,8.31,11.38*57
$GPGST,035456.20,11.38,9.86,11.38,0.0000,9.86,8.31,11.38*55
$GPGST,035456.40,11.38,9.86,11.38,0.0000,9.86,8.31,11.38*53
$GPGST,035456.60,11.38,9.86,11.38,0.0000,9.86,8.31,11.38*51
$GPGST,035456.80,11.38,9.86,11.38,0.0000,9.86,8.31,11.38*5F
$GPGST,035457.00,10.42,9.04,10.42,0.0000,9.04,7.62,10.42*53
$GPGST,035457.20,10.42,9.04,10.42,0.0000,9.04,7.62,10.42*51
$GPGST,035457.40,10.42,9.04,10.42,0.0000,9.04,7.62,10.42*57
$GPGST,035457.60,10.42,9.04,10.42,0.0000,9.04,7.62,10.42*55
$GPGST,035457.80,10.42,9.04,10.42,0.0000,9.04,7.62,10.42*5B
$GPGST,035458.00,10.53,9.13,10.53,0.0000,9.13,7.71,10.53*5E
$GPGST,035458.20,10.53,9.13,10.53,0.0000,9.13,7.71,10.53*5C
$GPGST,035458.40,10.53,9.13,10.53,0.0000,9.13,7.71,10.53*5A
$GPGST,035458.60,10.53,9.13,10.53,0.0000,9.13,7.71,10.53*58
$GPGST,035458.80,10.53,9.13,10.53,0.0000,9.13,7.71,10.53*56
$GPGST,035459.00,10.77,9.35,10.77,0.0000,9.35,7.91,10.77*57
$GPGST,035459.20,10.77,9.35,10.77,0.0000,9.35,7.91,10.77*55
$GPGST,035459.40,10.77,9.35,10.77,0.0000,9.35,7.91,10.77*53
$GPGST,035459.60,10.77,9.35,10.77,0.0000,9.35,7.91,10.77*51
$GPGST,035459.80,10.77,9.35,10.77,0.0000,9.35,7.91,10.77*5F
$GPGST,035500.00,10.31,8.94,10.31,0.0000,8.94,7.57,10.31*52
$GPGST,035500.20,10.31,8.94,10.31,0.0000,8.94,7.57,10.31*50
$GPGST,035500.40,10.31,8.94,10.31,0.0000,8.94,7.57,10.31*56
$GPGST,035500.60,10.31,8.94,10.31,0.0000,8.94,7.57,10.31*54
$GPGST,035500.80,10.31,8.94,10.31,0.0000,8.94,7.57,10.31*5A
$GPGST,035501.00,8.94,7.76,8.94,0.0000,7.76,6.58,8.94*6B
$GPGST,035501.20,8.94,7.76,8.94,0.0000,7.76,6.58,8.94*69
$GPGST,035501.40,8.94,7.76,8.94,0.0000,7.76,6.58,8.94*6F
$GPGST,035501.60,8.94,7.76,8.94,0.0000,7.76,6.58,8.94*6D
$GPGST,035501.80,8.94,7.76,8.94,0.0000,7.76,6.58,8.94*63
$GPGST,035502.00,8.86,7.69,8.86,0.0000,7.69,6.53,8.86*60
$GPGST,035502.20,8.86,7.69,8.86,0.0000,7.69,6.53,8.86*62
$GPGST,035502.40,8.86,7.69,8.86,0.0000,7.69,6.53,8.86*64
$GPGST,035502.60,8.86,7.69,8.86,0.0000,7.69,6.53,8.86*66
$GPGST,035502.80,8.86,7.69,8.86,0.0000,7.69,6.53,8.86*68
$GPGST,035503.00,8.27,7.18,8.27,0.0000,7.18,6.11,8.27*6C
$GPGST,035503.20,8.27,7.18,8.27,0.0000,7.18,6.11,8.27*6E
$GPGST,035503.40,8.27,7.18,8.27,0.0000,7.18,6.11,8.27*68
$GPGST,035503.60,8.27,7.18,8.27,0.0000,7.18,6.11,8.27*6A
$GPGST,035503.80,8.27,7.18,8.27,0.0000,7.18,6.11,8.27*64
$GPGST,035504.00,8.13,7.03,8.13,0.0000,7.03,6.01,8.13*6D
$GPGST,035504.20,8.13,7.03,8.13,0.0000,7.03,6.01,8.13*6F
$GPGST,035504.40,8.13,7.03,8.13,0.0000,7.03,6.01,8.13*69
$GPGST,035504.60,8.13,7.03,8.13,0.0000,7.03,6.01,8.13*6B
$GPGST,035504.80,8.13,7.03,8.13,0.0000,7.03,6.01,8.13*65
$GPGST,035505.00,9.28,8.04,9.28,0.0000,8.04,6.87,9.28*6B
$GPGST,035505.20,9.28,8.04,9.28,0.0000,8.04,6.87,9.28*69
$GPGST,035505.40,9.28,8.04,9.28,0.0000,8.04,6.87,9.28*6F
$GPGST,035505.60,9.28,8.04,9.28,0.0000,8.04,6.87,9.28*6D
$GPGST,035505.80,9.28,8.04,9.28,0.0000,8.04,6.87,9.28*63
$GPGST,035506.00,6.82,5.89,6.82,0.0000,5.89,5.04,6.82*6F
$GPGST,035506.20,6.82,5.89,6.82,0.0000,5.89,5.04,6.82*6D
$GPGST,035506.40,6.82,5.89,6.82,0.0000,5.89,5.04,6.82*6B
$GPGST,035506.60,6.82,5.89,6.82,0.0000,5.89,5.04,6.82*69
$GPGST,035506.80,6.82,5.89,6.82,0.0000,5.89,5.04,6.82*67
$GPGST,035507.00,8.22,7.11,8.22,0.0000,7.11,6.09,8.22*64
$GPGST,035507.20,8.22,7.11,8.22,0.0000,7.11,6.09,8.22*66
$GPGST,035507.40,8.22,7.11,8.22,0.0000,7.11,6.09,8.22*60
$GPGST,035507.60,8.22,7.11,8.22,0.0000,7.11,6.09,8.22*62
$GPGST,035507.80,8.22,7.11,8.22,0.0000,7.11,6.09,8.22*6C
$GPGST,035508.00,5.52,4.77,5.52,0.0000,4.77,4.10,5.52*6B
$GPGST,035508.20,5.52,4.77,5.52,0.0000,4.77,4.10,5.52*69
$GPGST,035508.40,5.52,4.77,5.52,0.0000,4.77,4.10,5.52*6F
$GPGST,035508.60,5.52,4.77,5.52,0.0000,4.77,4.10,5.52*6D
$GPGST,035508.80,5.52,4.77,5.52,0.0000,4.77,4.10,5.52*63
$GPGST,035509.00,8.35,7.23,8.35,0.0000,7.23,6.21,8.35*66
$GPGST,035509.20,8.35,7.23,8.35,0.0000,7.23,6.21,8.35*64
$GPGST,035509.40,8.35,7.23,8.35,0.0000,7.23,6.21,8.35*62
$GPGST,035509.60,8.35,7.23,8.35,0.0000,7.23,6.21,8.35*60
$GPGST,035509.80,8.35,7.23,8.35,0.0000,7.23,6.21,8.35*6E
$GPGST,035510.00,5.07,4.39,5.07,0.0000,4.39,3.78,5.07*6B
$GPGST,035510.20,5.07,4.39,5.07,0.0000,4.39,3.78,5.07*69
$GPGST,035510.40,5.07,4.39,5.07,0.0000,4.39,3.78,5.07*6F
$GPGST,035510.60,5.07,4.39,5.07,0.0000,4.39,3.78,5.07*6D
$GPGST,035510.80,5.07,4.39,5.07,0.0000,4.39,3.78,5.07*63
$GPGST,035511.00,7.53,6.51,7.53,0.0000,6.51,5.61,7.53*67
$GPGST,035511.20,7.53,6.51,7.53,0.0000,6.51,5.61,7.53*65
$GPGST,035511.40,7.53,6.51,7.53,0.0000,6.51,5.61,7.53*63
$GPGST,035511.60,7.53,6.51,7.53,0.0000,6.51,5.61,7.53*61
$GPGST,035511.80,7.53,6.51,7.53,0.0000,6.51,5.61,7.53*6F
$GPGST,035512.00,6.65,5.74,6.65,0.0000,5.74,4.96,6.65*69
$GPGST,035512.20,6.65,5.74,6.65,0.0000,5.74,4.96,6.65*6B
$GPGST,035512.40,6.65,5.74,6.65,0.0000,5.74,4.96,6.65*6D
$GPGST,035512.60,6.65,5.74,6.65,0.0000,5.74,4.96,6.65*6F
$GPGST,035512.80,6.65,5.74,6.65,0.0000,5.74,4.96,6.65*61
$GPGST,035513.00,6.11,5.27,6.11,0.0000,5.27,4.56,6.11*67
$GPGST,035513.20,6.11,5.27,6.11,0.0000,5.27,4.56,6.11*65
$GPGST,035513.40,6.11,5.27,6.11,0.0000,5.27,4.56,6.11*63
$GPGST,035513.60,6.11,5.27,6.11,0.0000,5.27,4.56,6.11*61
$GPGST,035513.80,6.11,5.27,6.11,0.0000,5.27,4.56,6.11*6F
$GPGST,035514.00,8.57,7.38,8.57,0.0000,7.38,6.40,8.57*69
$GPGST,035514.20,8.57,7.38,8.57,0.0000,7.38,6.40,8.57*6B
$GPGST,035514.40,8.57,7.38,8.57,0.0000,7.38,6.40,8.57*6D
$GPGST,035514.60,8.57,7.38,8.57,0.0000,7.38,6.40,8.57*6F
$GPGST,035514.80,8.57,7.38,8.57,0.0000,7.38,6.40,8.57*61
$GPGST,035515.00,8.02,6.91,8.02,0.0000,6.91,5.99,8.02*6F
$GPGST,035515.20,8.02,6.91,8.02,0.0000,6.91,5.99,8.02*6D
$GPGST,035515.40,8.02,6.91,8.02,0.0000,6.91,5.99,8.02*6B
$GPGST,035515.60,8.02,6.91,8.02,0.0000,6.91,5.99,8.02*69
$GPGST,035515.80,8.02,6.91,8.02,0.0000,6.91,5.99,8.02*67
$GPGST,035516.00,9.27,7.99,9.27,0.0000,7.99,6.93,9.27*63
$GPGST,035516.20,9.27,7.99,9.27,0.0000,7.99,6.93,9.27*61
$GPGST,035516.40,9.27,7.99,9.27,0.0000,7.99,6.93,9.27*67
$GPGST,035516.60,9.27,7.99,9.27,0.0000,7.99,6.93,9.27*65
$GPGST,035516.80,9.27,7.99,9.27,0.0000,7.99,6.93,9.27*6B
$GPGST,035517.00,8.60,7.42,8.60,0.0000,7.42,6.45,8.60*6B
$GPGST,035517.20,8.60,7.42,8.60,0.0000,7.42,6.45,8.60*69
$GPGST,035517.40,8.60,7.42,8.60,0.0000,7.42,6.45,8.60*6F
$GPGST,035517.60,8.60,7.42,8.60,0.0000,7.42,6.45,8.60*6D
$GPGST,035517.80,8.60,7.42,8.60,0.0000,7.42,6.45,8.60*63
$GPGST,035518.00,8.17,7.04,8.17,0.0000,7.04,6.12,8.17*66
$GPGST,035518.20,8.17,7.04,8.17,0.0000,7.04,6.12,8.17*64
$GPGST,035518.40,8.17,7.04,8.17,0.0000,7.04,6.12,8.17*62
$GPGST,035518.60,8.17,7.04,8.17,0.0000,7.04,6.12,8.17*60
$GPGST,035518.80,8.17,7.04,8.17,0.0000,7.04,6.12,8.17*6E
$GPGST,035519.00,6.37,5.46,6.37,0.0000,5.46,4.76,6.37*6B
$GPGST,035519.20,6.37,5.46,6.37,0.0000,5.46,4.76,6.37*69
$GPGST,035519.40,6.37,5.46,6.37,0.0000,5.46,4.76,6.37*6F
$GPGST,035519.60,6.37,5.46,6.37,0.0000,5.46,4.76,6.37*6D
$GPGST,035519.80,6.37,5.46,6.37,0.0000,5.46,4.76,6.37*63
$GPGST,035520.00,6.37,5.46,6.37,0.0000,5.46,4.77,6.37*60
$GPGST,035520.20,6.37,5.46,6.37,0.0000,5.46,4.77,6.37*62
$GPGST,035520.40,6.37,5.46,6.37,0.0000,5.46,4.77,6.37*64
$GPGST,035520.60,6.37,5.46,6.37,0.0000,5.46,4.77,6.37*66
$GPGST,035520.80,6.37,5.46,6.37,0.0000,5.46,4.77,6.37*68
$GPGST,035521.00,6.34,5.44,6.34,0.0000,5.44,4.75,6.34*60
$GPGST,035521.20,6.34,5.44,6.34,0.0000,5.44,4.75,6.34*62
$GPGST,035521.40,6.34,5.44,6.34,0.0000,5.44,4.75,6.34*64
$GPGST,035521.60,6.34,5.44,6.34,0.0000,5.44,4.75,6.34*66
$GPGST,035521.80,6.34,5.44,6.34,0.0000,5.44,4.75,6.34*68
$GPGST,035522.00,7.69,6.60,7.69,0.0000,6.60,5.78,7.69*66
$GPGST,035522.20,7.69,6.60,7.69,0.0000,6.60,5.78,7.69*64
$GPGST,035522.40,7.69,6.60,7.69,0.0000,6.60,5.78,7.69*62
$GPGST,035522.60,7.69,6.60,7.69,0.0000,6.60,5.78,7.69*60
$GPGST,035522.80,7.69,6.60,7.69,0.0000,6.60,5.78,7.69*6E
$GPGST,035523.00,7.13,6.13,7.13,0.0000,6.13,5.36,7.13*60
$GPGST,035523.20,7.13,6.13,7.13,0.0000,6.13,5.36,7.13*62
$GPGST,035523.40,7.13,6.13,7.13,0.0000,6.13,5.36,7.13*64
$GPGST,035523.60,7.13,6.13,7.13,0.0000,6.13,5.36,7.13*66
$GPGST,035523.80,7.13,6.13,7.13,0.0000,6.13,5.36,7.13*68
$GPGST,035524.00,5.56,4.76,5.56,0.0000,4.76,4.18,5.56*69
$GPGST,035524.20,5.56,4.76,5.56,0.0000,4.76,4.18,5.56*6B
$GPGST,035524.40,5.56,4.76,5.56,0.0000,4.76,4.18,5.56*6D
$GPGST,035524.60,5.56,4.76,5.56,0.0000,4.76,4.18,5.56*6F
$GPGST,035524.80,5.56,4.76,5.56,0.0000,4.76,4.18,5.56*61
$GPGST,035525.00,5.22,4.47,5.22,0.0000,4.47,3.93,5.22*6F
$GPGST,035525.20,5.22,4.47,5.22,0.0000,4.47,3.93,5.22*6D
$GPGST,035525.40,5.22,4.47,5.22,0.0000,4.47,3.93,5.22*6B
$GPGST,035525.60,5.22,4.47,5.22,0.0000,4.47,3.93,5.22*69
$GPGST,035525.80,5.22,4.47,5.22,0.0000,4.47,3.93,5.22*67
$GPGST,035526.00,6.99,5.99,6.99,0.0000,5.99,5.26,6.99*67
$GPGST,035526.20,6.99,5.99,6.99,0.0000,5.99,5.26,6.99*65
$GPGST,035526.40,6.99,5.99,6.99,0.0000,5.99,5.26,6.99*63
$GPGST,035526.60,6.99,5.99,6.99,0.0000,5.99,5.26,6.99*61
$GPGST,035526.80,6.99,5.99,6.99,0.0000,5.99,5.26,6.99*6F
$GPGST,035527.00,5.67,4.85,5.67,0.0000,4.85,4.27,5.67*64
$GPGST,035527.20,5.67,4.85,5.67,0.0000,4.85,4.27,5.67*66
$GPGST,035527.40,5.67,4.85,5.67,0.0000,4.85,4.27,5.67*60
$GPGST,035527.60,5.67,4.85,5.67,0.0000,4.85,4.27,5.67*62
$GPGST,035527.80,5.67,4.85,5.67,0.0000,4.85,4.27,5.67*6C
$GPGST,035528.00,5.60,4.79,5.60,0.0000,4.79,4.22,5.60*69
$GPGST,035528.20,5.60,4.79,5.60,0.0000,4.79,4.22,5.60*6B
$GPGST,035528.40,5.60,4.79,5.60,0.0000,4.79,4.22,5.60*6D
$GPGST,035528.60,5.60,4.79,5.60,0.0000,4.79,4.22,5.60*6F
$GPGST,035528.80,5.60,4.79,5.60,0.0000,4.79,4.22,5.60*61
$GPGST,035529.00,5.46,4.67,5.46,0.0000,4.67,4.12,5.46*6F
$GPGST,035529.20,5.46,4.67,5.46,0.0000,4.67,4.12,5.46*6D
$GPGST,035529.40,5.46,4.67,5.46,0.0000,4.67,4.12,5.46*6B
$GPGST,035529.60,5.46,4.67,5.46,0.0000,4.67,4.12,5.46*69
$GPGST,035529.80,5.46,4.67,5.46,0.0000,4.67,4.12,5.46*67
$GPGST,035530.00,5.13,4.38,5.13,0.0000,4.38,3.88,5.13*63
$GPGST,035530.20,5.13,4.38,5.13,0.0000,4.38,3.88,5.13*61
$GPGST,035530.40,5.13,4.38,5.13,0.0000,4.38,3.88,5.13*67
$GPGST,035530.60,5.13,4.38,5.13,0.0000,4.38,3.88,5.13*65
$GPGST,035530.80,5.13,4.38,5.13,0.0000,4.38,3.88,5.13*6B
$GPGST,035531.00,7.63,6.51,7.63,0.0000,6.51,5.77,7.63*61
$GPGST,035531.20,7.63,6.51,7.63,0.0000,6.51,5.77,7.63*63
$GPGST,035531.40,7.63,6.51,7.63,0.0000,6.51,5.77,7.63*65
$GPGST,035531.60,7.63,6.51,7.63,0.0000,6.51,5.77,7.63*67
$GPGST,035531.80,7.63,6.51,7.63,0.0000,6.51,5.77,7.63*69
$GPGST,035532.00,6.81,5.79,6.81,0.0000,5.79,5.14,6.81*6A
$GPGST,035532.20,6.81,5.79,6.81,0.0000,5.79,5.14,6.81*68
$GPGST,035532.40,6.81,5.79,6.81,0.0000,5.79,5.14,6.81*6E
$GPGST,035532.60,6.81,5.79,6.81,0.0000,5.79,5.14,6.81*6C
$GPGST,035532.80,6.81,5.79,6.81,0.0000,5.79,5.14,6.81*62
$GPGST,035533.00,7.91,6.72,7.91,0.0000,6.72,5.97,7.91*60
$GPGST,035533.20,7.91,6.72,7.91,0.0000,6.72,5.97,7.91*62
$GPGST,035533.40,7.91,6.72,7.91,0.0000,6.72,5.97,7.91*64
$GPGST,035533.60,7.91,6.72,7.91,0.0000,6.72,5.97,7.91*66
$GPGST,035533.80,7.91,6.72,7.91,0.0000,6.72,5.97,7.91*68
$GPGST,035534.00,7.57,6.43,7.57,0.0000,6.43,5.72,7.57*66
$GPGST,035534.20,7.57,6.43,7.57,0.0000,6.43,5.72,7.57*64
$GPGST,035534.40,7.57,6.43,7.57,0.0000,6.43,5.72,7.57*62
$GPGST,035534.60,7.57,6.43,7.57,0.0000,6.43,5.72,7.57*60
$GPGST,035534.80,7.57,6.43,7.57,0.0000,6.43,5.72,7.57*6E
$GPGST,035535.00,8.33,7.08,8.33,0.0000,7.08,6.30,8.33*6F
$GPGST,035535.20,8.33,7.08,8.33,0.0000,7.08,6.30,8.33*6D
$GPGST,035535.40,8.33,7.08,8.33,0.0000,7.08,6.30,8.33*6B
$GPGST,035535.60,8.33,7.08,8.33,0.0000,7.08,6.30,8.33*69
$GPGST,035535.80,8.33,7.08,8.33,0.0000,7.08,6.30,8.33*67
$GPGST,035536.00,7.77,6.59,7.77,0.0000,6.59,5.88,7.77*63
$GPGST,035536.20,7.77,6.59,7.77,0.0000,6.59,5.88,7.77*61
$GPGST,035536.40,7.77,6.59,7.77,0.0000,6.59,5.88,7.77*67
$GPGST,035536.60,7.77,6.59,7.77,0.0000,6.59,5.88,7.77*65
$GPGST,035536.80,7.77,6.59,7.77,0.0000,6.59,5.88,7.77*6B
$GPGST,035537.00,7.42,6.27,7.42,0.0000,6.27,5.61,7.42*63
$GPGST,035537.20,7.42,6.27,7.42,0.0000,6.27,5.61,7.42*61
$GPGST,035537.40,7.42,6.27,7.42,0.0000,6.27,5.61,7.42*67
$GPGST,035537.60,7.42,6.27,7.42,0.0000,6.27,5.61,7.42*65
$GPGST,035537.80,7.42,6.27,7.42,0.0000,6.27,5.61,7.42*6B
$GPGST,035538.00,8.54,7.21,8.54,0.0000,7.21,6.46,8.54*62
$GPGST,035538.20,8.54,7.21,8.54,0.0000,7.21,6.46,8.54*60
$GPGST,035538.40,8.54,7.21,8.54,0.0000,7.21,6.46,8.54*66
$GPGST,035538.60,8.54,7.21,8.54,0.0000,7.21,6.46,8.54*64
$GPGST,035538.80,8.54,7.21,8.54,0.0000,7.21,6.46,8.54*6A
$GPGST,035539.00,7.86,6.62,7.86,0.0000,6.62,5.94,7.86*6F
$GPGST,035539.20,7.86,6.62,7.86,0.0000,6.62,5.94,7.86*6D
$GPGST,035539.40,7.86,6.62,7.86,0.0000,6.62,5.94,7.86*6B
$GPGST,035539.60,7.86,6.62,7.86,0.0000,6.62,5.94,7.86*69
$GPGST,035539.80,7.86,6.62,7.86,0.0000,6.62,5.94,7.86*67
$GPGST,035540.00,7.68,6.47,7.68,0.0000,6.47,5.81,7.68*65
$GPGST,035540.20,7.68,6.47,7.68,0.0000,6.47,5.81,7.68*67
$GPGST,035540.40,7.68,6.47,7.68,0.0000,6.47,5.81,7.68*61
$GPGST,035540.60,7.68,6.47,7.68,0.0000,6.47,5.81,7.68*63
$GPGST,035540.80,7.68,6.47,7.68,0.0000,6.47,5.81,7.68*6D
$GPGST,035541.00,7.13,6.01,7.13,0.0000,6.01,5.40,7.13*65
$GPGST,035541.20,7.13,6.01,7.13,0.0000,6.01,5.40,7.13*67
$GPGST,035541.40,7.13,6.01,7.13,0.0000,6.01,5.40,7.13*61
$GPGST,035541.60,7.13,6.01,7.13,0.0000,6.01,5.40,7.13*63
$GPGST,035541.80,7.13,6.01,7.13,0.0000,6.01,5.40,7.13*6D
$GPGST,035542.00,7.59,6.39,7.59,0.0000,6.39,5.75,7.59*6E
$GPGST,035542.20,7.59,6.39,7.59,0.0000,6.39,5.75,7.59*6C
$GPGST,035542.40,7.59,6.39,7.59,0.0000,6.39,5.75,7.59*6A
$GPGST,035542.60,7.59,6.39,7.59,0.0000,6.39,5.75,7.59*68
$GPGST,035542.80,7.59,6.39,7.59,0.0000,6.39,5.75,7.59*66
$GPGST,035543.00,9.64,8.12,9.64,0.0000,8.12,7.32,9.64*6E
$GPGST,035543.20,9.64,8.12,9.64,0.0000,8.12,7.32,9.64*6C
$GPGST,035543.40,9.64,8.12,9.64,0.0000,8.12,7.32,9.64*6A
$GPGST,035543.60,9.64,8.12,9.64,0.0000,8.12,7.32,9.64*68
$GPGST,035543.80,9.64,8.12,9.64,0.0000,8.12,7.32,9.64*66
$GPGST,035544.00,9.63,8.12,9.63,0.0000,8.12,7.33,9.63*6F
$GPGST,035544.20,9.63,8.12,9.63,0.0000,8.12,7.33,9.63*6D
$GPGST,035544.40,9.63,8.12,9.63,0.0000,8.12,7.33,9.63*6B
$GPGST,035544.60,9.63,8.12,9.63,0.0000,8.12,7.33,9.63*69
$GPGST,035544.80,9.63,8.12,9.63,0.0000,8.12,7.33,9.63*67
$GPGST,035545.00,9.15,7.71,9.15,0.0000,7.71,6.96,9.15*61
$GPGST,035545.20,9.15,7.71,9.15,0.0000,7.71,6.96,9.15*63
$GPGST,035545.40,9.15,7.71,9.15,0.0000,7.71,6.96,9.15*65
$GPGST,035545.60,9.15,7.71,9.15,0.0000,7.71,6.96,9.15*67
$GPGST,035545.80,9.15,7.71,9.15,0.0000,7.71,6.96,9.15*69
$GPGST,035546.00,9.20,7.72,9.20,0.0000,7.72,6.99,9.20*6B
$GPGST,035546.20,9.20,7.72,9.20,0.0000,7.72,6.99,9.20*69
$GPGST,035546.40,9.20,7.72,9.20,0.0000,7.72,6.99,9.20*6F
$GPGST,035546.60,9.20,7.72,9.20,0.0000,7.72,6.99,9.20*6D
$GPGST,035546.80,9.20,7.72,9.20,0.0000,7.72,6.99,9.20*63
$GPGST,035547.00,8.88,7.44,8.88,0.0000,7.44,6.74,8.88*6A
$GPGST,035547.20,8.88,7.44,8.88,0.0000,7.44,6.74,8.88*68
$GPGST,035547.40,8.88,7.44,8.88,0.0000,7.44,6.74,8.88*6E
$GPGST,035547.60,8.88,7.44,8.88,0.0000,7.44,6.74,8.88*6C
$GPGST,035547.80,8.88,7.44,8.88,0.0000,7.44,6.74,8.88*62
$GPGST,035548.00,10.54,8.86,10.54,0.0000,8.86,8.03,10.54*53
$GPGST,035548.20,10.54,8.86,10.54,0.0000,8.86,8.03,10.54*51
$GPGST,035548.40,10.54,8.86,10.54,0.0000,8.86,8.03,10.54*57
$GPGST,035548.60,10.54,8.86,10.54,0.0000,8.86,8.03,10.54*55
$GPGST,035548.80,10.54,8.86,10.54,0.0000,8.86,8.03,10.54*5B
$GPGST,035549.00,9.47,7.96,9.47,0.0000,7.96,7.21,9.47*67
$GPGST,035549.20,9.47,7.96,9.47,0.0000,7.96,7.21,9.47*65
$GPGST,035549.40,9.47,7.96,9.47,0.0000,7.96,7.21,9.47*63
$GPGST,035549.60,9.47,7.96,9.47,0.0000,7.96,7.21,9.47*61
$GPGST,035549.80,9.47,7.96,9.47,0.0000,7.96,7.21,9.47*6F
$GPGST,035550.00,8.03,6.74,8.03,0.0000,6.74,6.12,8.03*6F
$GPGST,035550.20,8.03,6.74,8.03,0.0000,6.74,6.12,8.03*6D
$GPGST,035550.40,8.03,6.74,8.03,0.0000,6.74,6.12,8.03*6B
$GPGST,035550.60,8.03,6.74,8.03,0.0000,6.74,6.12,8.03*69
$GPGST,035550.80,8.03,6.74,8.03,0.0000,6.74,6.12,8.03*67
$GPGST,035551.00,7.78,6.53,7.78,0.0000,6.53,5.94,7.78*60
$GPGST,035551.20,7.78,6.53,7.78,0.0000,6.53,5.94,7.78*62
$GPGST,035551.40,7.78,6.53,7.78,0.0000,6.53,5.94,7.78*64
$GPGST,035551.60,7.78,6.53,7.78,0.0000,6.53,5.94,7.78*66
$GPGST,035551.80,7.78,6.53,7.78,0.0000,6.53,5.94,7.78*68
$GPGST,035552.00,8.43,7.06,8.43,0.0000,7.06,6.43,8.43*6D
$GPGST,035552.20,8.43,7.06,8.43,0.0000,7.06,6.43,8.43*6F
$GPGST,035552.40,8.43,7.06,8.43,0.0000,7.06,6.43,8.43*69
$GPGST,035552.60,8.43,7.06,8.43,0.0000,7.06,6.43,8.43*6B
$GPGST,035552.80,8.43,7.06,8.43,0.0000,7.06,6.43,8.43*65
$GPGST,035553.00,6.62,5.55,6.62,0.0000,5.55,5.06,6.62*63
$GPGST,035553.20,6.62,5.55,6.62,0.0000,5.55,5.06,6.62*61
$GPGST,035553.40,6.62,5.55,6.62,0.0000,5.55,5.06,6.62*67
$GPGST,035553.60,6.62,5.55,6.62,0.0000,5.55,5.06,6.62*65
$GPGST,035553.80,6.62,5.55,6.62,0.0000,5.55,5.06,6.62*6B
$GPGST,035554.00,6.62,5.55,6.62,0.0000,5.55,5.06,6.62*64
$GPGST,035554.20,6.62,5.55,6.62,0.0000,5.55,5.06,6.62*66
$GPGST,035554.40,6.62,5.55,6.62,0.0000,5.55,5.06,6.62*60
$GPGST,035554.60,6.62,5.55,6.62,0.0000,5.55,5.06,6.62*62
$GPGST,035554.80,6.62,5.55,6.62,0.0000,5.55,5.06,6.62*6C
$GPGST,035555.00,6.78,5.67,6.78,0.0000,5.67,5.19,6.78*60
$GPGST,035555.20,6.78,5.67,6.78,0.0000,5.67,5.19,6.78*62
$GPGST,035555.40,6.78,5.67,6.78,0.0000,5.67,5.19,6.78*64
$GPGST,035555.60,6.78,5.67,6.78,0.0000,5.67,5.19,6.78*66
$GPGST,035555.80,6.78,5.67,6.78,0.0000,5.67,5.19,6.78*68
$GPGST,035556.00,6.56,5.50,6.56,0.0000,5.50,5.03,6.56*64
$GPGST,035556.20,6.56,5.50,6.56,0.0000,5.50,5.03,6.56*66
$GPGST,035556.40,6.56,5.50,6.56,0.0000,5.50,5.03,6.56*60
$GPGST,035556.60,6.56,5.50,6.56,0.0000,5.50,5.03,6.56*62
$GPGST,035556.80,6.56,5.50,6.56,0.0000,5.50,5.03,6.56*6C
$GPGST,035557.00,5.19,4.33,5.19,0.0000,4.33,3.97,5.19*66
$GPGST,035557.20,5.19,4.33,5.19,0.0000,4.33,3.97,5.19*64
$GPGST,035557.40,5.19,4.33,5.19,0.0000,4.33,3.97,5.19*62
$GPGST,035557.60,5.19,4.33,5.19,0.0000,4.33,3.97,5.19*60
$GPGST,035557.80,5.19,4.33,5.19,0.0000,4.33,3.97,5.19*6E
$GPGST,035558.00,6.44,5.35,6.44,0.0000,5.35,4.92,6.44*60
$GPGST,035558.20,6.44,5.35,6.44,0.0000,5.35,4.92,6.44*62
$GPGST,035558.40,6.44,5.35,6.44,0.0000,5.35,4.92,6.44*64
$GPGST,035558.60,6.44,5.35,6.44,0.0000,5.35,4.92,6.44*66
$GPGST,035558.80,6.44,5.35,6.44,0.0000,5.35,4.92,6.44*68
$GPGST,035559.00,6.48,5.37,6.48,0.0000,5.37,4.94,6.48*6B
$GPGST,035559.20,6.48,5.37,6.48,0.0000,5.37,4.94,6.48*69
$GPGST,035559.40,6.48,5.37,6.48,0.0000,5.37,4.94,6.48*6F
$GPGST,035559.60,6.48,5.37,6.48,0.0000,5.37,4.94,6.48*6D
$GPGST,035559.80,6.48,5.37,6.48,0.0000,5.37,4.94,6.48*63
$GPGST,035600.00,7.73,6.39,7.73,0.0000,6.39,5.89,7.73*60
$GPGST,035600.20,7.73,6.39,7.73,0.0000,6.39,5.89,7.73*62
$GPGST,035600.40,7.73,6.39,7.73,0.0000,6.39,5.89,7.73*64
$GPGST,035600.60,7.73,6.39,7.73,0.0000,6.39,5.89,7.73*66
$GPGST,035600.80,7.73,6.39,7.73,0.0000,6.39,5.89,7.73*68
$GPGST,035601.00,6.82,5.64,6.82,0.0000,5.64,5.21,6.82*6C
$GPGST,035601.20,6.82,5.64,6.82,0.0000,5.64,5.21,6.82*6E
$GPGST,035601.40,6.82,5.64,6.82,0.0000,5.64,5.21,6.82*68
$GPGST,035601.60,6.82,5.64,6.82,0.0000,5.64,5.21,6.82*6A
$GPGST,035601.80,6.82,5.64,6.82,0.0000,5.64,5.21,6.82*64
$GPGST,035602.00,7.40,6.12,7.40,0.0000,6.12,5.65,7.40*60
$GPGST,035602.20,7.40,6.12,7.40,0.0000,6.12,5.65,7.40*62
$GPGST,035602.40,7.40,6.12,7.40,0.0000,6.12,5.65,7.40*64
$GPGST,035602.60,7.40,6.12,7.40,0.0000,6.12,5.65,7.40*66
$GPGST,035602.80,7.40,6.12,7.40,0.0000,6.12,5.65,7.40*68
$GPGST,035603.00,8.48,7.01,8.48,0.0000,7.01,6.49,8.48*6B
$GPGST,035603.20,8.48,7.01,8.48,0.0000,7.01,6.49,8.48*69
$GPGST,035603.40,8.48,7.01,8.48,0.0000,7.01,6.49,8.48*6F
$GPGST,035603.60,8.48,7.01,8.48,0.0000,7.01,6.49,8.48*6D
$GPGST,035603.80,8.48,7.01,8.48,0.0000,7.01,6.49,8.48*63
$GPGST,035604.00,6.97,5.71,6.97,0.0000,5.71,5.30,6.97*6D
$GPGST,035604.20,6.97,5.71,6.97,0.0000,5.71,5.30,6.97*6F
$GPGST,035604.40,6.97,5.71,6.97,0.0000,5.71,5.30,6.97*69
$GPGST,035604.60,6.97,5.71,6.97,0.0000,5.71,5.30,6.97*6B
$GPGST,035604.80,6.97,5.71,6.97,0.0000,5.71,5.30,6.97*65
$GPGST,035605.00,7.30,5.73,7.30,0.0000,5.73,5.33,7.30*63
$GPGST,035605.20,7.30,5.73,7.30,0.0000,5.73,5.33,7.30*61
$GPGST,035605.40,7.30,5.73,7.30,0.0000,5.73,5.33,7.30*67
$GPGST,035605.60,7.30,5.73,7.30,0.0000,5.73,5.33,7.30*65
$GPGST,035605.80,7.30,5.73,7.30,0.0000,5.73,5.33,7.30*6B
$GPGST,035606.00,7.25,5.53,7.25,0.0000,5.53,5.18,7.25*6D
$GPGST,035606.20,7.25,5.53,7.25,0.0000,5.53,5.18,7.25*6F
$GPGST,035606.40,7.25,5.53,7.25,0.0000,5.53,5.18,7.25*69
$GPGST,035606.60,7.25,5.53,7.25,0.0000,5.53,5.18,7.25*6B
$GPGST,035606.80,7.25,5.53,7.25,0.0000,5.53,5.18,7.25*65
$GPGST,035607.00,8.88,6.16,8.88,0.0000,6.16,5.90,8.88*64
$GPGST,035607.20,8.88,6.16,8.88,0.0000,6.16,5.90,8.88*66
$GPGST,035607.40,8.88,6.16,8.88,0.0000,6.16,5.90,8.88*60
$GPGST,035607.60,8.88,6.16,8.88,0.0000,6.16,5.90,8.88*62
$GPGST,035607.80,8.88,6.16,8.88,0.0000,6.16,5.90,8.88*6C
$GPGST,035608.00,8.38,5.95,8.38,0.0000,5.95,5.68,8.38*67
$GPGST,035608.20,8.38,5.95,8.38,0.0000,5.95,5.68,8.38*65
$GPGST,035608.40,8.38,5.95,8.38,0.0000,5.95,5.68,8.38*63
$GPGST,035608.60,8.38,5.95,8.38,0.0000,5.95,5.68,8.38*61
$GPGST,035608.80,8.38,5.95,8.38,0.0000,5.95,5.68,8.38*6F
$GPGST,035609.00,5.53,3.69,5.53,0.0000,3.69,3.52,5.53*69
$GPGST,035609.20,5.53,3.69,5.53,0.0000,3.69,3.52,5.53*6B
$GPGST,035609.40,5.53,3.69,5.53,0.0000,3.69,3.52,5.53*6D
$GPGST,035609.60,5.53,3.69,5.53,0.0000,3.69,3.52,5.53*6F
$GPGST,035609.80,5.53,3.69,5.53,0.0000,3.69,3.52,5.53*61
$GPGST,035610.00,13.29,18.57,13.29,0.0000,18.57,14.05,13.29*6F
$GPGST,035610.20,13.29,18.57,13.29,0.0000,18.57,14.05,13.29*6D
$GPGST,035610.40,13.29,18.57,13.29,0.0000,18.57,14.05,13.29*6B
$GPGST,035610.60,13.29,18.57,13.29,0.0000,18.57,14.05,13.29*69
$GPGST,035610.80,13.29,18.57,13.29,0.0000,18.57,14.05,13.29*67
$GPGST,035611.00,5.83,13.74,5.83,0.0000,9.19,13.74,5.83*68
$GPGST,035611.20,5.83,13.74,5.83,0.0000,9.19,13.74,5.83*6A
$GPGST,035611.40,5.83,13.74,5.83,0.0000,9.19,13.74,5.83*6C
$GPGST,035611.60,5.83,13.74,5.83,0.0000,9.19,13.74,5.83*6E
$GPGST,035611.80,5.83,13.74,5.83,0.0000,9.19,13.74,5.83*60
$GPGST,035612.00,3.59,14.15,3.59,0.0000,10.71,14.15,3.59*5C
$GPGST,035612.20,3.59,14.15,3.59,0.0000,10.71,14.15,3.59*5E
$GPGST,035612.40,3.59,14.15,3.59,0.0000,10.71,14.15,3.59*58
$GPGST,035612.60,3.59,14.15,3.59,0.0000,10.71,14.15,3.59*5A
$GPGST,035612.80,3.59,14.15,3.59,0.0000,10.71,14.15,3.59*54
$GPGST,035613.00,6.87,13.56,6.87,0.0000,10.43,13.56,6.87*5A
$GPGST,035613.20,6.87,13.56,6.87,0.0000,10.43,13.56,6.87*58
$GPGST,035613.40,6.87,13.56,6.87,0.0000,10.43,13.56,6.87*5E
$GPGST,035613.60,6.87,13.56,6.87,0.0000,10.43,13.56,6.87*5C
$GPGST,035613.80,6.87,13.56,6.87,0.0000,10.43,13.56,6.87*52
$GPGST,035614.00,10.13,19.75,10.13,0.0000,19.75,15.03,10.13*66
$GPGST,035614.20,10.62,20.07,10.62,0.0000,20.07,15.20,10.62*63
$GPGST,035614.40,10.08,18.57,10.08,0.0000,18.57,14.02,10.08*68
$GPGST,035614.60,9.35,16.83,9.35,0.0000,16.83,12.79,9.35*56
$GPGST,035614.80,11.26,19.78,11.26,0.0000,19.78,15.18,11.26*63
$GPGST,035615.00,9.84,19.09,9.84,0.0000,19.09,12.45,9.84*54
$GPGST,035615.20,9.84,19.09,9.84,0.0000,19.09,12.45,9.84*56
$GPGST,035615.40,9.84,19.09,9.84,0.0000,19.09,12.45,9.84*50
$GPGST,035615.60,9.84,19.09,9.84,0.0000,19.09,12.45,9.84*52
$GPGST,035615.80,11.87,18.01,11.87,0.0000,18.01,14.35,11.87*67
$GPGST,035616.00,10.82,15.99,10.82,0.0000,15.99,12.71,10.82*6E
$GPGST,035616.20,11.85,16.80,11.85,0.0000,16.80,13.35,11.85*6B
$GPGST,035616.40,12.85,17.83,12.85,0.0000,17.83,14.19,12.85*67
$GPGST,035616.60,12.98,17.36,12.98,0.0000,17.36,13.83,12.98*6D
$GPGST,035616.80,14.18,18.12,14.18,0.0000,18.12,14.58,14.18*6C
$GPGST,035617.00,14.16,17.41,14.16,0.0000,17.41,14.16,14.16*61
$GPGST,035617.20,112.88,107.61,112.88,0.0000,67.92,107.61,112.88*5B
$GPGST,035617.40,112.88,107.61,112.88,0.0000,67.92,107.61,112.88*5D
$GPGST,035617.60,112.88,107.61,112.88,0.0000,67.92,107.61,112.88*5F
$GPGST,035617.80,112.88,107.61,112.88,0.0000,67.92,107.61,112.88*51
$GPGST,035618.00,13.53,14.88,13.53,0.0000,14.88,12.42,13.53*6F
$GPGST,035618.20,13.20,14.30,13.20,0.0000,14.30,11.90,13.20*65
$GPGST,035618.40,12.19,12.94,12.19,0.0000,12.94,10.71,12.19*66
$GPGST,035618.60,12.72,13.34,12.72,0.0000,13.34,11.18,12.72*67
$GPGST,035618.80,13.11,13.50,13.11,0.0000,13.50,11.38,13.11*6F
$GPGST,035619.00,13.29,13.43,13.29,0.0000,13.43,11.31,13.29*64
$GPGST,035619.20,12.83,12.75,12.83,0.0000,12.75,10.75,12.83*66
$GPGST,035619.40,12.37,12.26,12.37,0.0000,12.26,10.36,12.37*68
$GPGST,035619.60,12.63,12.25,12.63,0.0000,12.25,10.35,12.63*68
$GPGST,035619.80,12.42,11.85,12.42,0.0000,11.85,10.06,12.42*65
$GPGST,035620.00,13.15,12.37,13.15,0.0000,12.37,10.49,13.15*6F
$GPGST,035620.20,12.73,11.79,12.73,0.0000,11.79,9.99,12.73*59
$GPGST,035620.40,13.57,12.37,13.57,0.0000,12.37,10.54,13.57*61
$GPGST,035620.60,12.89,11.78,12.89,0.0000,11.78,10.03,12.89*63
$GPGST,035620.80,13.05,11.75,13.05,0.0000,11.75,10.06,13.05*6D
$GPGST,035621.00,9.54,24.07,9.54,0.0000,24.07,16.47,9.54*58
$GPGST,035621.20,9.54,24.07,9.54,0.0000,24.07,16.47,9.54*5A
$GPGST,035621.40,9.54,24.07,9.54,0.0000,24.07,16.47,9.54*5C
$GPGST,035621.60,9.54,24.07,9.54,0.0000,24.07,16.47,9.54*5E
$GPGST,035621.80,9.54,24.07,9.54,0.0000,24.07,16.47,9.54*50
$GPGST,035622.00,12.17,10.71,12.17,0.0000,10.71,9.57,12.17*59
$GPGST,035622.20,23.87,32.24,23.87,0.0000,32.24,28.36,23.87*64
$GPGST,035622.40,23.87,32.24,23.87,0.0000,32.24,28.36,23.87*62
$GPGST,035622.60,23.87,32.24,23.87,0.0000,32.24,28.36,23.87*60
$GPGST,035622.80,23.87,32.24,23.87,0.0000,32.24,28.36,23.87*6E
$GPGST,035623.00,16.62,14.06,16.62,0.0000,14.06,12.91,16.62*6E
$GPGST,035623.20,15.45,12.86,15.45,0.0000,12.86,11.84,15.45*6D
$GPGST,035623.40,13.97,11.53,13.97,0.0000,11.53,10.64,13.97*6D
$GPGST,035623.60,16.14,13.16,16.14,0.0000,13.16,12.22,16.14*61
$GPGST,035623.80,13.97,11.26,13.97,0.0000,11.26,10.53,13.97*65
$GPGST,035624.00,12.82,10.22,12.82,0.0000,10.22,9.60,12.82*57
$GPGST,035624.20,4.72,3.38,4.72,0.0000,3.38,3.37,4.72*65
$GPGST,035624.40,3.67,2.62,3.67,0.0000,2.62,2.62,3.67*61
$GPGST,035624.60,3.03,2.18,3.03,0.0000,2.16,2.18,3.03*62
$GPGST,035624.80,0.00,0.00,0.00,0.0000,0.00,0.00,0.00*69
$GPGST,035625.00,12.88,20.88,12.88,0.0000,18.89,20.88,12.88*6B
$GPGST,035625.20,0.00,0.00,0.00,0.0000,0.00,0.00,0.00*62
$GPGST,035625.40,0.00,0.00,0.00,0.0000,0.00,0.00,0.00*64
$GPGST,035625.60,0.00,0.00,0.00,0.0000,0.00,0.00,0.00*66
$GPGST,035625.80,0.00,0.00,0.00,0.0000,0.00,0.00,0.00*68
$GPGST,035626.00,0.00,0.00,0.00,0.0000,0.00,0.00,0.00*63
$GPGST,035626.20,0.00,0.00,0.00,0.0000,0.00,0.00,0.00*61
$GPGST,035626.40,0.00,0.00,0.00,0.0000,0.00,0.00,0.00*67
$GPGST,035626.60,0.00,0.00,0.00,0.0000,0.00,0.00,0.00*65
$GPGST,035626.80,0.00,0.00,0.00,0.0000,0.00,0.00,0.00*6B
$GPGST,035627.00,0.00,0.00,0.00,0.0000,0.00,0.00,0.00*62
$GPGST,035627.20,0.00,0.00,0.00,0.0000,0.00,0.00,0.00*60
$GPGST,035627.40,0.00,0.00,0.00,0.0000,0.00,0.00,0.00*66
$GPGST,035627.60,0.00,0.00,0.00,0.0000,0.00,0.00,0.00*64
$GPGST,035627.80,0.00,0.00,0.00,0.0000,0.00,0.00,0.00*6A
$GPGST,035628.00,0.00,0.00,0.00,0.0000,0.00,0.00,0.00*6D
$GPGST,035628.20,0.00,0.00,0.00,0.0000,0.00,0.00,0.00*6F
$GPGST,035628.40,0.00,0.00,0.00,0.0000,0.00,0.00,0.00*69
$GPGST,035628.60,0.00,0.00,0.00,0.0000,0.00,0.00,0.00*6B
$GPGST,035628.80,0.00,0.00,0.00,0.0000,0.00,0.00,0.00*65
$GPGST,035629.00,0.00,0.00,0.00,0.0000,0.00,0.00,0.00*6C
$GPGST,035629.20,0.00,0.00,0.00,0.0000,0.00,0.00,0.00*6E
$GPGST,035629.40,0.00,0.00,0.00,0.0000,0.00,0.00,0.00*68
$GPGST,035629.60,0.00,0.00,0.00,0.0000,0.00,0.00,0.00*6A
$GPGST,035629.80,0.00,0.00,0.00,0.0000,0.00,0.00,0.00*64
$GPGST,035630.00,0.00,0.00,0.00,0.0000,0.00,0.00,0.00*64
$GPGST,035630.20,0.00,0.00,0.00,0.0000,0.00,0.00,0.00*66
$GPGST,035630.40,0.00,0.00,0.00,0.0000,0.00,0.00,0.00*60
$GPGST,035630.60,0.00,0.00,0.00,0.0000,0.00,0.00,0.00*62
$GPGST,035630.80,0.00,0.00,0.00,0.0000,0.00,0.00,0.00*6C
$GPGST,035631.00,0.00,0.00,0.00,0.0000,0.00,0.00,0.00*65
$GPGST,035631.20,0.00,0.00,0.00,0.0000,0.00,0.00,0.00*67
$GPGST,035631.40,0.00,0.00,0.00,0.0000,0.00,0.00,0.00*61
$GPGST,035631.60,0.00,0.00,0.00,0.0000,0.00,0.00,0.00*63
$GPGST,035631.80,0.00,0.00,0.00,0.0000,0.00,0.00,0.00*6D
$GPGST,035632.00,0.00,0.00,0.00,0.0000,0.00,0.00,0.00*66
$GPGST,035632.20,0.00,0.00,0.00,0.0000,0.00,0.00,0.00*64
$GPGST,035632.40,0.00,0.00,0.00,0.0000,0.00,0.00,0.00*62
$GPGST,035632.60,0.00,0.00,0.00,0.0000,0.00,0.00,0.00*60
$GPGST,035632.80,0.00,0.00,0.00,0.0000,0.00,0.00,0.00*6E
$GPGST,035633.00,0.00,0.00,0.00,0.0000,0.00,0.00,0.00*67
$GPGST,035633.20,0.00,0.00,0.00,0.0000,0.00,0.00,0.00*65
$GPGST,035633.40,0.00,0.00,0.00,0.0000,0.00,0.00,0.00*63
$GPGST,035633.60,0.00,0.00,0.00,0.0000,0.00,0.00,0.00*61
$GPGST,035633.80,0.00,0.00,0.00,0.0000,0.00,0.00,0.00*6F
$GPGST,035634.00,0.00,0.00,0.00,0.0000,0.00,0.00,0.00*60
$GPGST,035634.20,0.00,0.00,0.00,0.0000,0.00,0.00,0.00*62
$GPGST,035634.40,0.00,0.00,0.00,0.0000,0.00,0.00,0.00*64
$GPGST,035634.60,0.00,0.00,0.00,0.0000,0.00,0.00,0.00*66
$GPGST,035634.80,0.00,0.00,0.00,0.0000,0.00,0.00,0.00*68
$GPGST,035635.00,0.00,0.00,0.00,0.0000,0.00,0.00,0.00*61
$GPGST,035635.20,0.00,0.00,0.00,0.0000,0.00,0.00,0.00*63
$GPGST,035635.40,0.00,0.00,0.00,0.0000,0.00,0.00,0.00*65
$GPGST,035635.60,0.00,0.00,0.00,0.0000,0.00,0.00,0.00*67
$GPGST,035635.80,0.00,0.00,0.00,0.0000,0.00,0.00,0.00*69
$GPGST,035636.00,0.00,0.00,0.00,0.0000,0.00,0.00,0.00*62
$GPGST,035636.20,0.00,0.00,0.00,0.0000,0.00,0.00,0.00*60
$GPGST,035636.40,0.00,0.00,0.00,0.0000,0.00,0.00,0.00*66
$GPGST,035636.60,0.00,0.00,0.00,0.0000,0.00,0.00,0.00*64
$GPGST,035636.80,0.00,0.00,0.00,0.0000,0.00,0.00,0.00*6A
$GPGST,035637.00,0.00,0.00,0.00,0.0000,0.00,0.00,0.00*63
$GPGST,035637.20,0.00,0.00,0.00,0.0000,0.00,0.00,0.00*61
$GPGST,035637.40,0.00,0.00,0.00,0.0000,0.00,0.00,0.00*67
$GPGST,035637.60,0.00,0.00,0.00,0.0000,0.00,0.00,0.00*65
$GPGST,035637.80,0.00,0.00,0.00,0.0000,0.00,0.00,0.00*6B
$GPGST,035638.00,0.00,0.00,0.00,0.0000,0.00,0.00,0.00*6C
$GPGST,035638.20,0.00,0.00,0.00,0.0000,0.00,0.00,0.00*6E
$GPGST,035638.40,0.00,0.00,0.00,0.0000,0.00,0.00,0.00*68
$GPGST,035638.60,0.00,0.00,0.00,0.0000,0.00,0.00,0.00*6A
$GPGST,035638.80,0.00,0.00,0.00,0.0000,0.00,0.00,0.00*64
$GPGST,035639.00,0.00,0.00,0.00,0.0000,0.00,0.00,0.00*6D
$GPGST,035639.20,0.00,0.00,0.00,0.0000,0.00,0.00,0.00*6F
$GPGST,035639.40,0.00,0.00,0.00,0.0000,0.00,0.00,0.00*69
$GPGST,035639.60,0.00,0.00,0.00,0.0000,0.00,0.00,0.00*6B
$GPGST,035639.80,0.00,0.00,0.00,0.0000,0.00,0.00,0.00*65
$GPGST,035640.00,0.00,0.00,0.00,0.0000,0.00,0.00,0.00*63
$GPGST,035640.20,0.00,0.00,0.00,0.0000,0.00,0.00,0.00*61
$GPGST,035640.40,0.00,0.00,0.00,0.0000,0.00,0.00,0.00*67
$GPGST,035640.60,0.00,0.00,0.00,0.0000,0.00,0.00,0.00*65
$GPGST,035640.80,0.00,0.00,0.00,0.0000,0.00,0.00,0.00*6B
$GPGST,035641.00,0.00,0.00,0.00,0.0000,0.00,0.00,0.00*62
$GPGST,035641.20,0.00,0.00,0.00,0.0000,0.00,0.00,0.00*60
$GPGST,035641.40,0.00,0.00,0.00,0.0000,0.00,0.00,0.00*66
$GPGST,035641.60,0.00,0.00,0.00,0.0000,0.00,0.00,0.00*64
$GPGST,035641.80,0.00,0.00,0.00,0.0000,0.00,0.00,0.00*6A
$GPGST,035642.00,0.00,0.00,0.00,0.0000,0.00,0.00,0.00*61
$GPGST,035642.20,0.00,0.00,0.00,0.0000,0.00,0.00,0.00*63
$GPGST,035642.40,0.00,0.00,0.00,0.0000,0.00,0.00,0.00*65
$GPGST,035642.60,0.00,0.00,0.00,0.0000,0.00,0.00,0.00*67
$GPGST,035642.80,0.00,0.00,0.00,0.0000,0.00,0.00,0.00*69
$GPGST,035643.00,0.00,0.00,0.00,0.0000,0.00,0.00,0.00*60
$GPGST,035643.20,0.00,0.00,0.00,0.0000,0.00,0.00,0.00*62
$GPGST,035643.40,0.00,0.00,0.00,0.0000,0.00,0.00,0.00*64
$GPGST,035643.60,0.00,0.00,0.00,0.0000,0.00,0.00,0.00*66
$GPGST,035643.80,0.00,0.00,0.00,0.0000,0.00,0.00,0.00*68
$GPGST,035644.00,0.00,0.00,0.00,0.0000,0.00,0.00,0.00*67
$GPGST,035644.20,0.00,0.00,0.00,0.0000,0.00,0.00,0.00*65
$GPGST,035644.40,0.00,0.00,0.00,0.0000,0.00,0.00,0.00*63
$GPGST,035644.60,0.00,0.00,0.00,0.0000,0.00,0.00,0.00*61
$GPGST,035644.80,0.00,0.00,0.00,0.0000,0.00,0.00,0.00*6F
$GPGST,035645.00,0.00,0.00,0.00,0.0000,0.00,0.00,0.00*66
$GPGST,035645.20,0.00,0.00,0.00,0.0000,0.00,0.00,0.00*64
$GPGST,035645.40,0.00,0.00,0.00,0.0000,0.00,0.00,0.00*62
$GPGST,035645.60,0.00,0.00,0.00,0.0000,0.00,0.00,0.00*60
$GPGST,035645.80,0.00,0.00,0.00,0.0000,0.00,0.00,0.00*6E
$GPGST,035646.00,0.00,0.00,0.00,0.0000,0.00,0.00,0.00*65
$GPGST,035646.20,0.00,0.00,0.00,0.0000,0.00,0.00,0.00*67
$GPGST,035646.40,0.00,0.00,0.00,0.0000,0.00,0.00,0.00*61
$GPGST,035646.60,0.00,0.00,0.00,0.0000,0.00,0.00,0.00*63
$GPGST,035646.80,0.00,0.00,0.00,0.0000,0.00,0.00,0.00*6D
$GPGST,035647.00,0.00,0.00,0.00,0.0000,0.00,0.00,0.00*64
$GPGST,035647.20,0.00,0.00,0.00,0.0000,0.00,0.00,0.00*66
$GPGST,035647.40,0.00,0.00,0.00,0.0000,0.00,0.00,0.00*60
$GPGST,035647.60,0.00,0.00,0.00,0.0000,0.00,0.00,0.00*62
$GPGST,035647.80,0.00,0.00,0.00,0.0000,0.00,0.00,0.00*6C
$GPGST,035648.00,23.92,15.26,23.92,0.0000,15.26,15.23,23.92*64
$GPGST,035648.20,23.37,67.30,23.37,0.0000,67.30,47.56,23.37*6C
$GPGST,035648.40,19.86,48.06,19.86,0.0000,48.06,39.01,19.86*62
$GPGST,035648.60,17.93,42.75,17.93,0.0000,42.75,35.59,17.93*6B
$GPGST,035648.80,16.07,31.76,16.07,0.0000,31.76,26.57,16.07*65
$GPGST,035649.00,161.95,28.94,161.95,0.0000,28.94,24.42,161.95*50
$GPGST,035649.20,180.74,31.02,180.74,0.0000,31.02,26.54,180.74*57
$GPGST,035649.40,159.06,26.76,159.06,0.0000,26.76,22.91,159.06*5D
$GPGST,035649.60,159.89,26.53,159.89,0.0000,26.53,22.92,159.89*5B
$GPGST,035649.80,156.44,25.65,156.44,0.0000,25.65,22.14,156.44*55
$GPGST,035650.00,146.00,23.72,146.00,0.0000,23.72,20.41,146.00*56
$GPGST,035650.20,139.41,22.45,139.41,0.0000,22.45,19.29,139.41*5D
$GPGST,035650.40,142.05,22.84,142.05,0.0000,22.84,19.55,142.05*5C
$GPGST,035650.60,142.10,23.30,142.10,0.0000,23.30,19.99,142.10*5A
$GPGST,035650.80,120.53,19.58,120.53,0.0000,19.58,16.83,120.53*53
$GPGST,035651.00,19.51,7.50,19.51,0.0000,6.95,7.50,19.51*55
$GPGST,035651.20,19.51,7.50,19.51,0.0000,6.95,7.50,19.51*57
$GPGST,035651.40,132.65,21.59,132.65,0.0000,21.59,18.60,132.65*5B
$GPGST,035651.60,125.17,20.33,125.17,0.0000,20.33,17.55,125.17*53
$GPGST,035651.80,117.42,19.00,117.42,0.0000,19.00,16.47,117.42*5E
$GPGST,035652.00,117.10,19.14,117.10,0.0000,19.14,16.75,117.10*53
$GPGST,035652.20,115.32,18.84,115.32,0.0000,18.84,16.65,115.32*52
$GPGST,035652.40,116.17,19.23,116.17,0.0000,19.23,17.27,116.17*57
$GPGST,035652.60,116.71,19.63,116.71,0.0000,19.63,17.71,116.71*56
$GPGST,035652.80,110.80,18.86,110.80,0.0000,18.86,16.98,110.80*56
$GPGST,035653.00,110.93,18.97,110.93,0.0000,18.97,17.16,110.93*5A
$GPGST,035653.20,97.01,16.66,97.01,0.0000,16.66,15.22,97.01*68
$GPGST,035653.40,90.70,15.57,90.70,0.0000,15.57,14.34,90.70*69
$GPGST,035653.60,96.57,16.58,96.57,0.0000,16.58,15.41,96.57*6B
$GPGST,035653.80,95.93,16.46,95.93,0.0000,16.46,15.41,95.93*6E
$GPGST,035654.00,90.10,15.42,90.10,0.0000,15.42,14.69,90.10*64
$GPGST,035654.20,100.14,17.14,100.14,0.0000,17.14,16.60,100.14*51
$GPGST,035654.40,97.21,16.62,97.21,0.0000,16.62,16.30,97.21*6B
$GPGST,035654.60,88.06,15.09,88.06,0.0000,15.09,14.92,88.06*68
$GPGST,035654.80,89.19,15.39,89.19,0.0000,15.39,15.26,89.19*67
$GPGST,035655.00,82.17,14.29,82.17,0.0000,14.27,14.29,82.17*6B
$GPGST,035655.20,79.83,14.02,79.83,0.0000,13.96,14.02,79.83*6D
$GPGST,035655.40,79.59,14.13,79.59,0.0000,14.03,14.13,79.59*67
$GPGST,035655.60,74.26,13.35,74.26,0.0000,13.21,13.35,74.26*67
$GPGST,035655.80,71.46,12.93,71.46,0.0000,12.77,12.93,71.46*68
$GPGST,035656.00,70.66,12.93,70.66,0.0000,12.75,12.93,70.66*62
$GPGST,035656.20,70.12,12.97,70.12,0.0000,12.77,12.97,70.12*61
$GPGST,035656.40,73.35,13.79,73.35,0.0000,13.58,13.79,73.35*6D
$GPGST,035656.60,69.26,13.15,69.26,0.0000,12.98,13.15,69.26*6B
$GPGST,035656.80,68.20,13.12,68.20,0.0000,12.93,13.12,68.20*69
$GPGST,035657.00,79.07,15.49,79.07,0.0000,15.21,15.49,79.07*6B
$GPGST,035657.20,65.70,13.07,65.70,0.0000,12.82,13.07,65.70*6A
$GPGST,035657.40,63.86,12.90,63.86,0.0000,12.64,12.90,63.86*6B
$GPGST,035657.60,70.39,14.60,70.39,0.0000,14.10,14.60,70.39*6A
$GPGST,035657.80,66.00,13.96,66.00,0.0000,13.37,13.96,66.00*6B
$GPGST,035658.00,62.63,13.47,62.63,0.0000,12.91,13.47,62.63*60
$GPGST,035658.20,62.51,13.69,62.51,0.0000,13.10,13.69,62.51*6B
$GPGST,035658.40,69.90,15.63,69.90,0.0000,14.91,15.63,69.90*65
$GPGST,035658.60,62.28,14.22,62.28,0.0000,13.51,14.22,62.28*64
$GPGST,035658.80,68.93,16.08,68.93,0.0000,15.23,16.08,68.93*63
$GPGST,035659.00,77.17,18.34,77.17,0.0000,17.38,18.34,77.17*60
$GPGST,035659.20,82.86,19.98,82.86,0.0000,19.28,19.98,82.86*6F
$GPGST,035659.40,76.80,18.82,76.80,0.0000,18.36,18.82,76.80*6A
$GPGST,035659.60,82.90,20.72,82.90,0.0000,20.47,20.72,82.90*6F
$GPGST,035659.80,79.70,20.26,79.70,0.0000,20.22,20.26,79.70*68
$GPGST,035700.00,83.28,21.69,83.28,0.0000,21.69,21.58,83.28*69
$GPGST,035700.20,74.40,20.36,74.40,0.0000,20.36,19.94,74.40*66
$GPGST,035700.40,85.42,24.17,85.42,0.0000,24.17,23.35,85.42*6E
$GPGST,035700.60,81.21,23.67,81.21,0.0000,23.67,22.60,81.21*6C
$GPGST,035700.80,70.27,21.09,70.27,0.0000,21.09,19.92,70.27*6F
$GPGST,035701.00,74.85,22.92,74.85,0.0000,22.92,21.65,74.85*69
$GPGST,035701.20,64.29,20.09,64.29,0.0000,20.09,18.92,64.29*6E
$GPGST,035701.40,52.95,16.94,52.95,0.0000,16.94,15.83,52.95*67
$GPGST,035701.60,58.08,18.42,58.08,0.0000,18.42,17.86,58.08*6C
$GPGST,035701.80,58.89,18.70,58.89,0.0000,18.70,18.53,58.89*6C
$GPGST,035702.00,59.31,19.03,59.31,0.0000,18.92,19.03,59.31*68
$GPGST,035702.20,50.00,15.95,50.00,0.0000,15.80,15.95,50.00*6F
$GPGST,035702.40,53.93,17.14,53.93,0.0000,16.89,17.14,53.93*6A
$GPGST,035702.60,54.91,17.37,54.91,0.0000,17.03,17.37,54.91*6E
$GPGST,035702.80,53.96,17.03,53.96,0.0000,16.63,17.03,53.96*67
$GPGST,035703.00,48.21,15.19,48.21,0.0000,14.82,15.19,48.21*65
$GPGST,035703.20,46.54,14.63,46.54,0.0000,14.31,14.63,46.54*63
$GPGST,035703.40,47.47,14.77,47.47,0.0000,14.56,14.77,47.47*67
$GPGST,035703.60,46.80,14.43,46.80,0.0000,14.36,14.43,46.80*69
$GPGST,035703.80,43.75,13.54,43.75,0.0000,13.54,13.43,43.75*6D
$GPGST,035704.00,43.45,13.56,43.45,0.0000,13.56,13.40,43.45*62
$GPGST,035704.20,45.08,14.17,45.08,0.0000,14.17,13.85,45.08*66
$GPGST,035704.40,45.76,14.55,45.76,0.0000,14.55,14.05,45.76*66
$GPGST,035704.60,45.32,14.57,45.32,0.0000,14.57,13.93,45.32*6C
$GPGST,035704.80,46.70,15.18,46.70,0.0000,15.18,14.37,46.70*6E
$GPGST,035705.00,43.28,14.21,43.28,0.0000,14.21,13.32,43.28*6D
$GPGST,035705.20,49.21,16.31,49.21,0.0000,16.31,15.16,49.21*6C
$GPGST,035705.40,47.21,15.79,47.21,0.0000,15.79,14.58,47.21*6F
$GPGST,035705.60,48.61,16.43,48.61,0.0000,16.43,15.03,48.61*69
$GPGST,035705.80,49.49,16.89,49.49,0.0000,16.89,15.36,49.49*6A
$GPGST,035706.00,43.99,15.21,43.99,0.0000,15.21,13.94,43.99*68
$GPGST,035706.20,40.00,14.00,40.00,0.0000,14.00,12.89,40.00*64
$GPGST,035706.40,42.19,14.94,42.19,0.0000,14.94,13.83,42.19*63
$GPGST,035706.60,45.19,16.19,45.19,0.0000,16.19,15.07,45.19*6C
$GPGST,035706.80,42.56,15.45,42.56,0.0000,15.45,14.45,42.56*69
$GPGST,035707.00,44.66,16.39,44.66,0.0000,16.39,15.39,44.66*6F
$GPGST,035707.20,46.89,17.48,46.89,0.0000,17.48,16.41,46.89*62
$GPGST,035707.40,53.37,20.26,53.37,0.0000,20.26,18.88,53.37*6E
$GPGST,035707.60,56.54,21.80,56.54,0.0000,21.80,20.22,56.54*67
$GPGST,035707.80,84.03,32.81,84.03,0.0000,32.81,30.49,84.03*68
$GPGST,035708.00,82.96,33.18,82.96,0.0000,33.18,30.53,82.96*6E
$GPGST,035708.20,81.80,33.72,81.80,0.0000,33.72,30.50,81.80*6B
$GPGST,035708.40,80.71,34.40,80.71,0.0000,34.40,30.50,80.71*62
$GPGST,035708.60,79.64,34.62,79.64,0.0000,34.62,29.68,79.64*61
$GPGST,035708.80,78.79,35.00,78.79,0.0000,35.00,29.06,78.79*6A
$GPGST,035709.00,72.38,32.89,72.38,0.0000,32.89,26.48,72.38*69
$GPGST,035709.20,69.55,31.87,69.55,0.0000,31.87,25.15,69.55*61
$GPGST,035709.40,65.27,30.17,65.27,0.0000,30.17,23.41,65.27*69
$GPGST,035709.60,59.05,27.54,59.05,0.0000,27.54,21.04,59.05*67
$GPGST,035709.80,56.61,26.67,56.61,0.0000,26.67,20.04,56.61*65
$GPGST,035710.00,54.63,26.02,54.63,0.0000,26.02,19.25,54.63*6C
$GPGST,035710.20,56.75,27.26,56.75,0.0000,27.26,19.77,56.75*6C
$GPGST,035710.40,0.00,0.00,0.00,0.0000,0.00,0.00,0.00*63
$GPGST,035710.60,0.00,0.00,0.00,0.0000,0.00,0.00,0.00*61
$GPGST,035710.80,0.00,0.00,0.00,0.0000,0.00,0.00,0.00*6F
$GPGST,035711.00,0.00,0.00,0.00,0.0000,0.00,0.00,0.00*66
$GPGST,035711.20,0.00,0.00,0.00,0.0000,0.00,0.00,0.00*64
$GPGST,035711.40,0.00,0.00,0.00,0.0000,0.00,0.00,0.00*62
$GPGST,035711.60,0.00,0.00,0.00,0.0000,0.00,0.00,0.00*60
$GPGST,035711.80,0.00,0.00,0.00,0.0000,0.00,0.00,0.00*6E
$GPGST,035712.00,0.00,0.00,0.00,0.0000,0.00,0.00,0.00*65
$GPGST,035712.20,0.00,0.00,0.00,0.0000,0.00,0.00,0.00*67
$GPGST,035712.40,0.00,0.00,0.00,0.0000,0.00,0.00,0.00*61
$GPGST,035712.60,0.00,0.00,0.00,0.0000,0.00,0.00,0.00*63
$GPGST,035712.80,0.00,0.00,0.00,0.0000,0.00,0.00,0.00*6D
$GPGST,035713.00,0.00,0.00,0.00,0.0000,0.00,0.00,0.00*64
$GPGST,035713.20,0.00,0.00,0.00,0.0000,0.00,0.00,0.00*66
$GPGST,035713.40,0.00,0.00,0.00,0.0000,0.00,0.00,0.00*60
$GPGST,035713.60,0.00,0.00,0.00,0.0000,0.00,0.00,0.00*62
$GPGST,035713.80,0.00,0.00,0.00,0.0000,0.00,0.00,0.00*6C
$GPGST,035714.00,0.00,0.00,0.00,0.0000,0.00,0.00,0.00*63
$GPGST,035714.20,0.00,0.00,0.00,0.0000,0.00,0.00,0.00*61
$GPGST,035714.40,0.00,0.00,0.00,0.0000,0.00,0.00,0.00*67
$GPGST,035714.60,0.00,0.00,0.00,0.0000,0.00,0.00,0.00*65
$GPGST,035714.80,0.00,0.00,0.00,0.0000,0.00,0.00,0.00*6B
$GPGST,035715.00,0.00,0.00,0.00,0.0000,0.00,0.00,0.00*62
$GPGST,035715.20,0.00,0.00,0.00,0.0000,0.00,0.00,0.00*60
$GPGST,035715.40,0.00,0.00,0.00,0.0000,0.00,0.00,0.00*66
$GPGST,035715.60,0.00,0.00,0.00,0.0000,0.00,0.00,0.00*64
$GPGST,035715.80,0.00,0.00,0.00,0.0000,0.00,0.00,0.00*6A
$GPGST,035716.00,0.00,0.00,0.00,0.0000,0.00,0.00,0.00*61
$GPGST,035716.20,0.00,0.00,0.00,0.0000,0.00,0.00,0.00*63
$GPGST,035716.40,0.00,0.00,0.00,0.0000,0.00,0.00,0.00*65
$GPGST,035716.60,0.00,0.00,0.00,0.0000,0.00,0.00,0.00*67
$GPGST,035716.80,0.00,0.00,0.00,0.0000,0.00,0.00,0.00*69
$GPGST,035717.00,0.00,0.00,0.00,0.0000,0.00,0.00,0.00*60
$GPGST,035717.20,0.00,0.00,0.00,0.0000,0.00,0.00,0.00*62
$GPGST,035717.40,0.00,0.00,0.00,0.0000,0.00,0.00,0.00*64
$GPGST,035717.60,0.00,0.00,0.00,0.0000,0.00,0.00,0.00*66
$GPGST,035717.80,0.00,0.00,0.00,0.0000,0.00,0.00,0.00*68
$GPGST,035718.00,0.00,0.00,0.00,0.0000,0.00,0.00,0.00*6F
$GPGST,035718.20,0.00,0.00,0.00,0.0000,0.00,0.00,0.00*6D
$GPGST,035718.40,0.00,0.00,0.00,0.0000,0.00,0.00,0.00*6B
$GPGST,035718.60,0.00,0.00,0.00,0.0000,0.00,0.00,0.00*69
$GPGST,035718.80,0.00,0.00,0.00,0.0000,0.00,0.00,0.00*67
$GPGST,035719.00,0.00,0.00,0.00,0.0000,0.00,0.00,0.00*6E
$GPGST,035719.20,0.00,0.00,0.00,0.0000,0.00,0.00,0.00*6C
$GPGST,035719.40,0.00,0.00,0.00,0.0000,0.00,0.00,0.00*6A
$GPGST,035719.60,0.00,0.00,0.00,0.0000,0.00,0.00,0.00*68
$GPGST,035719.80,0.00,0.00,0.00,0.0000,0.00,0.00,0.00*66
$GPGST,035720.00,0.00,0.00,0.00,0.0000,0.00,0.00,0.00*64
$GPGST,035720.20,0.00,0.00,0.00,0.0000,0.00,0.00,0.00*66
$GPGST,035720.40,0.00,0.00,0.00,0.0000,0.00,0.00,0.00*60
$GPGST,035720.60,0.00,0.00,0.00,0.0000,0.00,0.00,0.00*62
$GPGST,035720.80,0.00,0.00,0.00,0.0000,0.00,0.00,0.00*6C
$GPGST,035721.00,0.00,0.00,0.00,0.0000,0.00,0.00,0.00*65
$GPGST,035721.20,0.00,0.00,0.00,0.0000,0.00,0.00,0.00*67
$GPGST,035721.40,0.00,0.00,0.00,0.0000,0.00,0.00,0.00*61
$GPGST,035721.60,0.00,0.00,0.00,0.0000,0.00,0.00,0.00*63
$GPGST,035721.80,0.00,0.00,0.00,0.0000,0.00,0.00,0.00*6D
$GPGST,035722.00,0.00,0.00,0.00,0.0000,0.00,0.00,0.00*66
$GPGST,035722.20,0.00,0.00,0.00,0.0000,0.00,0.00,0.00*64
$GPGST,035722.40,0.00,0.00,0.00,0.0000,0.00,0.00,0.00*62
$GPGST,035722.60,0.00,0.00,0.00,0.0000,0.00,0.00,0.00*60
$GPGST,035722.80,0.00,0.00,0.00,0.0000,0.00,0.00,0.00*6E
$GPGST,035723.00,0.00,0.00,0.00,0.0000,0.00,0.00,0.00*67
$GPGST,035723.20,0.00,0.00,0.00,0.0000,0.00,0.00,0.00*65
$GPGST,035723.40,0.00,0.00,0.00,0.0000,0.00,0.00,0.00*63
$GPGST,035723.60,0.00,0.00,0.00,0.0000,0.00,0.00,0.00*61
$GPGST,035723.80,0.00,0.00,0.00,0.0000,0.00,0.00,0.00*6F
$GPGST,035724.00,0.00,0.00,0.00,0.0000,0.00,0.00,0.00*60
$GPGST,035724.20,0.00,0.00,0.00,0.0000,0.00,0.00,0.00*62
$GPGST,035724.40,0.00,0.00,0.00,0.0000,0.00,0.00,0.00*64
$GPGST,035724.60,0.00,0.00,0.00,0.0000,0.00,0.00,0.00*66
$GPGST,035724.80,0.00,0.00,0.00,0.0000,0.00,0.00,0.00*68
$GPGST,035725.00,0.00,0.00,0.00,0.0000,0.00,0.00,0.00*61
$GPGST,035725.20,0.00,0.00,0.00,0.0000,0.00,0.00,0.00*63
$GPGST,035725.40,0.00,0.00,0.00,0.0000,0.00,0.00,0.00*65
$GPGST,035725.60,0.00,0.00,0.00,0.0000,0.00,0.00,0.00*67
$GPGST,035725.80,0.00,0.00,0.00,0.0000,0.00,0.00,0.00*69
$GPGST,035726.00,0.00,0.00,0.00,0.0000,0.00,0.00,0.00*62
$GPGST,035726.20,0.00,0.00,0.00,0.0000,0.00,0.00,0.00*60
$GPGST,035726.40,0.00,0.00,0.00,0.0000,0.00,0.00,0.00*66
$GPGST,035726.60,0.00,0.00,0.00,0.0000,0.00,0.00,0.00*64
$GPGST,035726.80,0.00,0.00,0.00,0.0000,0.00,0.00,0.00*6A
$GPGST,035727.00,16.79,15.26,16.79,0.0000,15.12,15.26,16.79*6D
$GPGST,035727.20,16.47,47.27,16.47,0.0000,34.19,47.27,16.47*6A
$GPGST,035727.40,110.30,32.62,110.30,0.0000,24.23,32.62,110.30*53
$GPGST,035727.60,92.89,26.27,92.89,0.0000,19.59,26.27,92.89*6B
$GPGST,035727.80,84.76,23.52,84.76,0.0000,17.29,23.52,84.76*6B
$GPGST,035728.00,24.65,12.17,24.65,0.0000,12.17,8.66,24.65*51
$GPGST,035728.20,24.65,12.17,24.65,0.0000,12.17,8.66,24.65*53
$GPGST,035728.40,24.65,12.17,24.65,0.0000,12.17,8.66,24.65*55
$GPGST,035728.60,24.65,12.17,24.65,0.0000,12.17,8.66,24.65*57
$GPGST,035728.80,24.65,12.17,24.65,0.0000,12.17,8.66,24.65*59
$GPGST,035729.00,0.04,0.02,0.04,0.0000,0.02,0.02,0.04*6B
$GPGST,035729.20,0.04,0.02,0.04,0.0000,0.02,0.02,0.04*69
$GPGST,035729.40,0.04,0.03,0.04,0.0000,0.02,0.03,0.04*6F
$GPGST,035729.60,0.04,0.03,0.04,0.0000,0.03,0.03,0.04*6C
$GPGST,035729.80,0.05,0.03,0.05,0.0000,0.03,0.03,0.05*63
$GPGST,035730.00,0.04,0.03,0.04,0.0000,0.02,0.03,0.04*63
$GPGST,035730.20,0.04,0.03,0.04,0.0000,0.02,0.03,0.04*61
$GPGST,035730.40,0.04,0.03,0.04,0.0000,0.03,0.03,0.04*66
$GPGST,035730.60,0.04,0.03,0.04,0.0000,0.03,0.03,0.04*64
$GPGST,035730.80,0.04,0.03,0.04,0.0000,0.03,0.03,0.04*6A
$GPGST,035731.00,0.03,0.02,0.03,0.0000,0.02,0.02,0.03*65
$GPGST,035731.20,0.03,0.02,0.03,0.0000,0.02,0.02,0.03*67
$GPGST,035731.40,0.04,0.02,0.04,0.0000,0.02,0.02,0.04*66
$GPGST,035731.60,0.04,0.02,0.04,0.0000,0.02,0.02,0.04*64
$GPGST,035731.80,0.04,0.03,0.04,0.0000,0.03,0.03,0.04*6B
$GPGST,035732.00,0.04,0.03,0.04,0.0000,0.02,0.03,0.04*61
$GPGST,035732.20,0.04,0.03,0.04,0.0000,0.03,0.03,0.04*62
$GPGST,035732.40,0.04,0.03,0.04,0.0000,0.03,0.03,0.04*64
$GPGST,035732.60,0.04,0.03,0.04,0.0000,0.03,0.03,0.04*66
$GPGST,035732.80,0.04,0.03,0.04,0.0000,0.03,0.03,0.04*68
$GPGST,035733.00,0.03,0.02,0.03,0.0000,0.02,0.02,0.03*67
$GPGST,035733.20,0.03,0.02,0.03,0.0000,0.02,0.02,0.03*65
$GPGST,035733.40,0.03,0.02,0.03,0.0000,0.02,0.02,0.03*63
$GPGST,035733.60,0.04,0.02,0.04,0.0000,0.02,0.02,0.04*66
$GPGST,035733.80,0.04,0.02,0.04,0.0000,0.02,0.02,0.04*68
$GPGST,035734.00,0.03,0.02,0.03,0.0000,0.02,0.02,0.03*60
$GPGST,035734.20,0.03,0.02,0.03,0.0000,0.02,0.02,0.03*62
$GPGST,035734.40,0.04,0.02,0.04,0.0000,0.02,0.02,0.04*63
$GPGST,035734.60,0.04,0.02,0.04,0.0000,0.02,0.02,0.04*61
$GPGST,035734.80,0.04,0.02,0.04,0.0000,0.02,0.02,0.04*6F
$GPGST,035735.00,0.03,0.02,0.03,0.0000,0.02,0.02,0.03*61
$GPGST,035735.20,0.03,0.02,0.03,0.0000,0.02,0.02,0.03*63
$GPGST,035735.40,0.03,0.02,0.03,0.0000,0.02,0.02,0.03*65
$GPGST,035735.60,0.03,0.02,0.03,0.0000,0.02,0.02,0.03*67
$GPGST,035735.80,0.03,0.02,0.03,0.0000,0.02,0.02,0.03*69
$GPGST,035736.00,0.03,0.02,0.03,0.0000,0.02,0.02,0.03*62
$GPGST,035736.20,0.03,0.02,0.03,0.0000,0.02,0.02,0.03*60
$GPGST,035736.40,0.03,0.02,0.03,0.0000,0.02,0.02,0.03*66
$GPGST,035736.60,0.03,0.02,0.03,0.0000,0.02,0.02,0.03*64
$GPGST,035736.80,0.04,0.02,0.04,0.0000,0.02,0.02,0.04*6D
$GPGST,035737.00,0.03,0.02,0.03,0.0000,0.02,0.02,0.03*63
$GPGST,035737.20,0.03,0.02,0.03,0.0000,0.02,0.02,0.03*61
$GPGST,035737.40,0.03,0.02,0.03,0.0000,0.02,0.02,0.03*67
$GPGST,035737.60,0.03,0.02,0.03,0.0000,0.02,0.02,0.03*65
$GPGST,035737.80,0.03,0.02,0.03,0.0000,0.02,0.02,0.03*6B
$GPGST,035738.00,0.03,0.02,0.03,0.0000,0.01,0.02,0.03*6F
$GPGST,035738.20,0.03,0.02,0.03,0.0000,0.02,0.02,0.03*6E
$GPGST,035738.40,0.03,0.02,0.03,0.0000,0.02,0.02,0.03*68
$GPGST,035738.60,0.03,0.02,0.03,0.0000,0.02,0.02,0.03*6A
$GPGST,035738.80,0.03,0.02,0.03,0.0000,0.02,0.02,0.03*64
$GPGST,035739.00,0.02,0.02,0.02,0.0000,0.01,0.02,0.02*6F
$GPGST,035739.20,0.03,0.02,0.03,0.0000,0.02,0.02,0.03*6F
$GPGST,035739.40,0.03,0.02,0.03,0.0000,0.02,0.02,0.03*69
$GPGST,035739.60,0.03,0.02,0.03,0.0000,0.02,0.02,0.03*6B
$GPGST,035739.80,0.03,0.02,0.03,0.0000,0.02,0.02,0.03*65
$GPGST,035740.00,0.03,0.02,0.03,0.0000,0.02,0.02,0.03*63
$GPGST,035740.20,0.03,0.02,0.03,0.0000,0.02,0.02,0.03*61
$GPGST,035740.40,0.03,0.02,0.03,0.0000,0.02,0.02,0.03*67
$GPGST,035740.60,0.03,0.02,0.03,0.0000,0.02,0.02,0.03*65
$GPGST,035740.80,0.03,0.02,0.03,0.0000,0.02,0.02,0.03*6B
$GPGST,035741.00,0.03,0.02,0.03,0.0000,0.02,0.02,0.03*62
$GPGST,035741.20,0.03,0.02,0.03,0.0000,0.02,0.02,0.03*60
$GPGST,035741.40,0.03,0.02,0.03,0.0000,0.02,0.02,0.03*66
$GPGST,035741.60,0.03,0.02,0.03,0.0000,0.02,0.02,0.03*64
$GPGST,035741.80,0.03,0.02,0.03,0.0000,0.02,0.02,0.03*6A
$GPGST,035742.00,0.02,0.02,0.02,0.0000,0.02,0.02,0.02*60
$GPGST,035742.20,0.03,0.02,0.03,0.0000,0.02,0.02,0.03*63
$GPGST,035742.40,0.03,0.02,0.03,0.0000,0.02,0.02,0.03*65
$GPGST,035742.60,0.03,0.03,0.03,0.0000,0.03,0.03,0.03*66
$GPGST,035742.80,0.03,0.03,0.03,0.0000,0.03,0.03,0.03*68
$GPGST,035743.00,0.03,0.03,0.03,0.0000,0.03,0.03,0.03*61
$GPGST,035743.20,0.03,0.03,0.03,0.0000,0.03,0.03,0.03*63
$GPGST,035743.40,0.04,0.03,0.04,0.0000,0.03,0.03,0.04*62
$GPGST,035743.60,0.04,0.03,0.04,0.0000,0.03,0.03,0.04*60
$GPGST,035743.80,0.04,0.03,0.04,0.0000,0.03,0.03,0.04*6E
$GPGST,035744.00,0.03,0.02,0.03,0.0000,0.02,0.02,0.03*67
$GPGST,035744.20,0.03,0.02,0.03,0.0000,0.02,0.02,0.03*65
$GPGST,035744.40,0.03,0.02,0.03,0.0000,0.02,0.02,0.03*63
$GPGST,035744.60,0.03,0.02,0.03,0.0000,0.02,0.02,0.03*61
$GPGST,035744.80,0.03,0.02,0.03,0.0000,0.02,0.02,0.03*6F
$GPGST,035745.00,0.03,0.02,0.03,0.0000,0.02,0.02,0.03*66
$GPGST,035745.20,0.03,0.02,0.03,0.0000,0.02,0.02,0.03*64
$GPGST,035745.40,0.03,0.02,0.03,0.0000,0.02,0.02,0.03*62
$GPGST,035745.60,0.04,0.03,0.04,0.0000,0.03,0.03,0.04*66
$GPGST,035745.80,0.04,0.03,0.04,0.0000,0.03,0.03,0.04*68
$GPGST,035746.00,0.03,0.03,0.03,0.0000,0.03,0.02,0.03*65
$GPGST,035746.20,0.03,0.03,0.03,0.0000,0.03,0.03,0.03*66
$GPGST,035746.40,0.03,0.03,0.03,0.0000,0.03,0.03,0.03*60
$GPGST,035746.60,0.03,0.03,0.03,0.0000,0.03,0.03,0.03*62
$GPGST,035746.80,0.04,0.03,0.04,0.0000,0.03,0.03,0.04*6B
$GPGST,035747.00,0.03,0.02,0.03,0.0000,0.02,0.02,0.03*64
$GPGST,035747.20,0.03,0.02,0.03,0.0000,0.02,0.02,0.03*66
$GPGST,035747.40,0.03,0.02,0.03,0.0000,0.02,0.02,0.03*60
$GPGST,035747.60,0.03,0.02,0.03,0.0000,0.02,0.02,0.03*62
$GPGST,035747.80,0.03,0.02,0.03,0.0000,0.02,0.02,0.03*6C
$GPGST,035748.00,0.03,0.03,0.03,0.0000,0.03,0.03,0.03*6A
$GPGST,035748.20,0.03,0.03,0.03,0.0000,0.03,0.03,0.03*68
$GPGST,035748.40,0.04,0.03,0.04,0.0000,0.03,0.03,0.04*69
$GPGST,035748.60,0.04,0.03,0.04,0.0000,0.03,0.03,0.04*6B
$GPGST,035748.80,0.04,0.03,0.04,0.0000,0.03,0.03,0.04*65
$GPGST,035749.00,0.03,0.02,0.03,0.0000,0.02,0.02,0.03*6A
$GPGST,035749.20,0.03,0.02,0.03,0.0000,0.02,0.02,0.03*68
$GPGST,035749.40,0.03,0.03,0.03,0.0000,0.03,0.03,0.03*6F
$GPGST,035749.60,0.04,0.03,0.04,0.0000,0.03,0.03,0.04*6A
$GPGST,035749.80,0.04,0.03,0.04,0.0000,0.03,0.03,0.04*64
$GPGST,035750.00,0.03,0.03,0.03,0.0000,0.03,0.03,0.03*63
$GPGST,035750.20,0.04,0.03,0.04,0.0000,0.03,0.03,0.04*66
$GPGST,035750.40,0.04,0.03,0.04,0.0000,0.03,0.03,0.04*60
$GPGST,035750.60,0.04,0.03,0.04,0.0000,0.03,0.03,0.04*62
$GPGST,035750.80,0.04,0.03,0.04,0.0000,0.03,0.03,0.04*6C
$GPGST,035751.00,0.03,0.02,0.03,0.0000,0.02,0.02,0.03*63
$GPGST,035751.20,0.03,0.02,0.03,0.0000,0.02,0.02,0.03*61
$GPGST,035751.40,0.03,0.02,0.03,0.0000,0.02,0.02,0.03*67
$GPGST,035751.60,0.03,0.02,0.03,0.0000,0.02,0.02,0.03*65
$GPGST,035751.80,0.03,0.02,0.03,0.0000,0.02,0.02,0.03*6B
$GPGST,035752.00,0.03,0.02,0.03,0.0000,0.02,0.02,0.03*60
$GPGST,035752.20,0.03,0.02,0.03,0.0000,0.02,0.02,0.03*62
$GPGST,035752.40,0.04,0.03,0.04,0.0000,0.03,0.03,0.04*62
$GPGST,035752.60,0.04,0.03,0.04,0.0000,0.03,0.03,0.04*60
$GPGST,035752.80,0.04,0.03,0.04,0.0000,0.03,0.03,0.04*6E
$GPGST,035753.00,0.03,0.03,0.03,0.0000,0.03,0.02,0.03*61
$GPGST,035753.20,0.04,0.03,0.04,0.0000,0.03,0.03,0.04*65
$GPGST,035753.40,0.04,0.03,0.04,0.0000,0.03,0.03,0.04*63
$GPGST,035753.60,0.04,0.03,0.04,0.0000,0.03,0.03,0.04*61
$GPGST,035753.80,0.04,0.03,0.04,0.0000,0.03,0.03,0.04*6F
$GPGST,035754.00,0.03,0.02,0.03,0.0000,0.02,0.02,0.03*66
$GPGST,035754.20,0.03,0.02,0.03,0.0000,0.02,0.02,0.03*64
$GPGST,035754.40,0.03,0.02,0.03,0.0000,0.02,0.02,0.03*62
$GPGST,035754.60,0.03,0.02,0.03,0.0000,0.02,0.02,0.03*60
$GPGST,035754.80,0.03,0.02,0.03,0.0000,0.02,0.02,0.03*6E
$GPGST,035755.00,0.02,0.01,0.02,0.0000,0.01,0.01,0.02*65
$GPGST,035755.20,0.03,0.02,0.03,0.0000,0.02,0.01,0.03*66
$GPGST,035755.40,0.03,0.02,0.03,0.0000,0.02,0.01,0.03*60
$GPGST,035755.60,0.03,0.02,0.03,0.0000,0.02,0.01,0.03*62
$GPGST,035755.80,0.03,0.02,0.03,0.0000,0.02,0.01,0.03*6C
$GPGST,035756.00,0.02,0.01,0.02,0.0000,0.01,0.01,0.02*66
$GPGST,035756.20,0.02,0.01,0.02,0.0000,0.01,0.01,0.02*64
$GPGST,035756.40,0.02,0.01,0.02,0.0000,0.01,0.01,0.02*62
$GPGST,035756.60,0.02,0.01,0.02,0.0000,0.01,0.01,0.02*60
$GPGST,035756.80,0.02,0.01,0.02,0.0000,0.01,0.01,0.02*6E
$GPGST,035757.00,0.02,0.01,0.02,0.0000,0.01,0.01,0.02*67
$GPGST,035757.20,0.02,0.01,0.02,0.0000,0.01,0.01,0.02*65
$GPGST,035757.40,0.02,0.01,0.02,0.0000,0.01,0.01,0.02*63
$GPGST,035757.60,0.02,0.01,0.02,0.0000,0.01,0.01,0.02*61
$GPGST,035757.80,0.02,0.01,0.02,0.0000,0.01,0.01,0.02*6F
$GPGST,035758.00,0.02,0.01,0.02,0.0000,0.01,0.01,0.02*68
$GPGST,035758.20,0.02,0.01,0.02,0.0000,0.01,0.01,0.02*6A
$GPGST,035758.40,0.02,0.01,0.02,0.0000,0.01,0.01,0.02*6C
$GPGST,035758.60,0.02,0.01,0.02,0.0000,0.01,0.01,0.02*6E
$GPGST,035758.80,0.02,0.01,0.02,0.0000,0.01,0.01,0.02*60
$GPGST,035759.00,0.02,0.01,0.02,0.0000,0.01,0.01,0.02*69
$GPGST,035759.20,0.02,0.01,0.02,0.0000,0.01,0.01,0.02*6B
$GPGST,035759.40,0.02,0.01,0.02,0.0000,0.01,0.01,0.02*6D
$GPGST,035759.60,0.02,0.01,0.02,0.0000,0.01,0.01,0.02*6F
$GPGST,035759.80,0.02,0.01,0.02,0.0000,0.01,0.01,0.02*61
$GPGST,035800.00,0.02,0.01,0.02,0.0000,0.01,0.01,0.02*6A
$GPGST,035800.20,0.02,0.01,0.02,0.0000,0.01,0.01,0.02*68
$GPGST,035800.40,0.02,0.01,0.02,0.0000,0.01,0.01,0.02*6E
$GPGST,035800.60,0.02,0.01,0.02,0.0000,0.01,0.01,0.02*6C
$GPGST,035800.80,0.02,0.01,0.02,0.0000,0.01,0.01,0.02*62
$GPGST,035801.00,0.02,0.01,0.02,0.0000,0.01,0.01,0.02*6B
$GPGST,035801.20,0.02,0.01,0.02,0.0000,0.01,0.01,0.02*69
$GPGST,035801.40,0.02,0.01,0.02,0.0000,0.01,0.01,0.02*6F
$GPGST,035801.60,0.02,0.01,0.02,0.0000,0.01,0.01,0.02*6D
$GPGST,035801.80,0.02,0.01,0.02,0.0000,0.01,0.01,0.02*63
$GPGST,035802.00,0.02,0.01,0.02,0.0000,0.01,0.01,0.02*68
$GPGST,035802.20,0.02,0.01,0.02,0.0000,0.01,0.01,0.02*6A
$GPGST,035802.40,0.02,0.01,0.02,0.0000,0.01,0.01,0.02*6C
$GPGST,035802.60,0.02,0.01,0.02,0.0000,0.01,0.01,0.02*6E
$GPGST,035802.80,0.02,0.01,0.02,0.0000,0.01,0.01,0.02*60
$GPGST,035803.00,0.02,0.01,0.02,0.0000,0.01,0.01,0.02*69
$GPGST,035803.20,0.02,0.01,0.02,0.0000,0.01,0.01,0.02*6B
$GPGST,035803.40,0.02,0.01,0.02,0.0000,0.01,0.01,0.02*6D
$GPGST,035803.60,0.02,0.01,0.02,0.0000,0.01,0.01,0.02*6F
$GPGST,035803.80,0.02,0.01,0.02,0.0000,0.01,0.01,0.02*61
$GPGST,035804.00,0.02,0.01,0.02,0.0000,0.01,0.01,0.02*6E
$GPGST,035804.20,0.02,0.01,0.02,0.0000,0.01,0.01,0.02*6C
$GPGST,035804.40,0.02,0.01,0.02,0.0000,0.01,0.01,0.02*6A
$GPGST,035804.60,0.02,0.01,0.02,0.0000,0.01,0.01,0.02*68
$GPGST,035804.80,0.02,0.01,0.02,0.0000,0.01,0.01,0.02*66
$GPGST,035805.00,0.02,0.01,0.02,0.0000,0.01,0.01,0.02*6F
$GPGST,035805.20,0.02,0.01,0.02,0.0000,0.01,0.01,0.02*6D
$GPGST,035805.40,0.02,0.01,0.02,0.0000,0.01,0.01,0.02*6B
$GPGST,035805.60,0.02,0.01,0.02,0.0000,0.01,0.01,0.02*69
$GPGST,035805.80,0.02,0.01,0.02,0.0000,0.01,0.01,0.02*67
$GPGST,035806.00,0.02,0.01,0.02,0.0000,0.01,0.01,0.02*6C
$GPGST,035806.20,0.02,0.01,0.02,0.0000,0.01,0.01,0.02*6E
$GPGST,035806.40,0.02,0.01,0.02,0.0000,0.01,0.01,0.02*68
$GPGST,035806.60,0.02,0.01,0.02,0.0000,0.01,0.01,0.02*6A
$GPGST,035806.80,0.02,0.01,0.02,0.0000,0.01,0.01,0.02*64
$GPGST,035807.00,0.02,0.01,0.02,0.0000,0.01,0.01,0.02*6D
$GPGST,035807.20,0.02,0.01,0.02,0.0000,0.01,0.01,0.02*6F
$GPGST,035807.40,0.02,0.01,0.02,0.0000,0.01,0.01,0.02*69
$GPGST,035807.60,0.02,0.01,0.02,0.0000,0.01,0.01,0.02*6B
$GPGST,035807.80,0.02,0.01,0.02,0.0000,0.01,0.01,0.02*65
$GPGST,035808.00,0.02,0.01,0.02,0.0000,0.01,0.01,0.02*62
$GPGST,035808.20,0.02,0.01,0.02,0.0000,0.01,0.01,0.02*60
$GPGST,035808.40,0.02,0.01,0.02,0.0000,0.01,0.01,0.02*66
$GPGST,035808.60,0.02,0.01,0.02,0.0000,0.01,0.01,0.02*64
$GPGST,035808.80,0.02,0.01,0.02,0.0000,0.01,0.01,0.02*6A
$GPGST,035809.00,0.02,0.01,0.02,0.0000,0.01,0.01,0.02*63
$GPGST,035809.20,0.02,0.01,0.02,0.0000,0.01,0.01,0.02*61
$GPGST,035809.40,0.02,0.01,0.02,0.0000,0.01,0.01,0.02*67
$GPGST,035809.60,0.02,0.01,0.02,0.0000,0.01,0.01,0.02*65
$GPGST,035809.80,0.02,0.01,0.02,0.0000,0.01,0.01,0.02*6B
$GPGST,035810.00,0.02,0.01,0.02,0.0000,0.01,0.01,0.02*6B
$GPGST,035810.20,0.02,0.01,0.02,0.0000,0.01,0.01,0.02*69
$GPGST,035810.40,0.02,0.01,0.02,0.0000,0.01,0.01,0.02*6F
$GPGST,035810.60,0.02,0.01,0.02,0.0000,0.01,0.01,0.02*6D
$GPGST,035810.80,0.02,0.01,0.02,0.0000,0.01,0.01,0.02*63
$GPGST,035811.00,0.02,0.01,0.02,0.0000,0.01,0.01,0.02*6A
$GPGST,035811.20,0.02,0.01,0.02,0.0000,0.01,0.01,0.02*68
$GPGST,035811.40,0.02,0.01,0.02,0.0000,0.01,0.01,0.02*6E
$GPGST,035811.60,0.02,0.01,0.02,0.0000,0.01,0.01,0.02*6C
$GPGST,035811.80,0.02,0.01,0.02,0.0000,0.01,0.01,0.02*62
$GPGST,035812.00,0.02,0.01,0.02,0.0000,0.01,0.01,0.02*69
$GPGST,035812.20,0.02,0.01,0.02,0.0000,0.01,0.01,0.02*6B
$GPGST,035812.40,0.02,0.01,0.02,0.0000,0.01,0.01,0.02*6D
$GPGST,035812.60,0.02,0.01,0.02,0.0000,0.01,0.01,0.02*6F
$GPGST,035812.80,0.02,0.01,0.02,0.0000,0.01,0.01,0.02*61
$GPGST,035813.00,0.02,0.01,0.02,0.0000,0.01,0.01,0.02*68
$GPGST,035813.20,0.02,0.01,0.02,0.0000,0.01,0.01,0.02*6A
$GPGST,035813.40,0.02,0.01,0.02,0.0000,0.01,0.01,0.02*6C
$GPGST,035813.60,0.02,0.01,0.02,0.0000,0.01,0.01,0.02*6E
$GPGST,035813.80,0.02,0.01,0.02,0.0000,0.01,0.01,0.02*60
$GPGST,035814.00,0.02,0.01,0.02,0.0000,0.01,0.01,0.02*6F
$GPGST,035814.20,0.02,0.01,0.02,0.0000,0.01,0.01,0.02*6D
$GPGST,035814.40,0.02,0.01,0.02,0.0000,0.01,0.01,0.02*6B
$GPGST,035814.60,0.02,0.01,0.02,0.0000,0.01,0.01,0.02*69
$GPGST,035814.80,0.02,0.01,0.02,0.0000,0.01,0.01,0.02*67
$GPGST,035815.00,0.02,0.01,0.02,0.0000,0.01,0.01,0.02*6E
$GPGST,035815.20,0.02,0.01,0.02,0.0000,0.01,0.01,0.02*6C
$GPGST,035815.40,0.02,0.01,0.02,0.0000,0.01,0.01,0.02*6A
$GPGST,035815.60,0.02,0.01,0.02,0.0000,0.01,0.01,0.02*68
$GPGST,035815.80,0.02,0.01,0.02,0.0000,0.01,0.01,0.02*66
$GPGST,035816.00,0.02,0.01,0.02,0.0000,0.01,0.01,0.02*6D
$GPGST,035816.20,0.02,0.01,0.02,0.0000,0.01,0.01,0.02*6F
$GPGST,035816.40,0.02,0.01,0.02,0.0000,0.01,0.01,0.02*69
$GPGST,035816.60,0.02,0.01,0.02,0.0000,0.01,0.01,0.02*6B
$GPGST,035816.80,0.02,0.01,0.02,0.0000,0.01,0.01,0.02*65
$GPGST,035817.00,0.02,0.01,0.02,0.0000,0.01,0.01,0.02*6C
$GPGST,035817.20,0.02,0.01,0.02,0.0000,0.01,0.01,0.02*6E
$GPGST,035817.40,0.02,0.01,0.02,0.0000,0.01,0.01,0.02*68
$GPGST,035817.60,0.02,0.01,0.02,0.0000,0.01,0.01,0.02*6A
$GPGST,035817.80,0.02,0.01,0.02,0.0000,0.01,0.01,0.02*64
$GPGST,035818.00,0.02,0.01,0.02,0.0000,0.01,0.01,0.02*63
$GPGST,035818.20,0.02,0.01,0.02,0.0000,0.01,0.01,0.02*61
$GPGST,035818.40,0.02,0.01,0.02,0.0000,0.01,0.01,0.02*67
$GPGST,035818.60,0.02,0.01,0.02,0.0000,0.01,0.01,0.02*65
$GPGST,035818.80,0.02,0.02,0.02,0.0000,0.02,0.01,0.02*6B
$GPGST,035819.00,0.02,0.02,0.02,0.0000,0.02,0.02,0.02*61
$GPGST,035819.20,0.03,0.02,0.03,0.0000,0.02,0.02,0.03*62
$GPGST,035819.40,0.03,0.02,0.03,0.0000,0.02,0.02,0.03*64
$GPGST,035819.60,0.03,0.02,0.03,0.0000,0.02,0.02,0.03*66
$GPGST,035819.80,0.03,0.02,0.03,0.0000,0.02,0.02,0.03*68
$GPGST,035820.00,0.03,0.02,0.03,0.0000,0.02,0.02,0.03*6A
$GPGST,035820.20,0.03,0.02,0.03,0.0000,0.02,0.02,0.03*68
$GPGST,035820.40,0.03,0.03,0.03,0.0000,0.03,0.02,0.03*6E
$GPGST,035820.60,0.03,0.03,0.03,0.0000,0.03,0.03,0.03*6D
$GPGST,035820.80,0.04,0.03,0.04,0.0000,0.03,0.03,0.04*64
$GPGST,035821.00,0.04,0.03,0.04,0.0000,0.03,0.03,0.04*6D
$GPGST,035821.20,0.04,0.03,0.04,0.0000,0.03,0.03,0.04*6F
$GPGST,035821.40,0.04,0.03,0.04,0.0000,0.03,0.03,0.04*69
$GPGST,035821.60,0.04,0.03,0.04,0.0000,0.03,0.03,0.04*6B
$GPGST,035821.80,0.04,0.04,0.04,0.0000,0.04,0.03,0.04*65
$GPGST,035822.00,0.03,0.02,0.03,0.0000,0.02,0.02,0.03*68
$GPGST,035822.20,0.03,0.02,0.03,0.0000,0.02,0.02,0.03*6A
$GPGST,035822.40,0.03,0.03,0.03,0.0000,0.03,0.03,0.03*6D
$GPGST,035822.60,0.03,0.03,0.03,0.0000,0.03,0.03,0.03*6F
$GPGST,035822.80,0.03,0.03,0.03,0.0000,0.03,0.03,0.03*61
$GPGST,035823.00,0.03,0.02,0.03,0.0000,0.02,0.02,0.03*69
$GPGST,035823.20,0.03,0.02,0.03,0.0000,0.02,0.02,0.03*6B
$GPGST,035823.40,0.03,0.02,0.03,0.0000,0.02,0.02,0.03*6D
$GPGST,035823.60,0.03,0.03,0.03,0.0000,0.03,0.02,0.03*6F
$GPGST,035823.80,0.03,0.03,0.03,0.0000,0.03,0.02,0.03*61
$GPGST,035824.00,0.03,0.02,0.03,0.0000,0.02,0.02,0.03*6E
$GPGST,035824.20,0.03,0.02,0.03,0.0000,0.02,0.02,0.03*6C
$GPGST,035824.40,0.03,0.02,0.03,0.0000,0.02,0.02,0.03*6A
$GPGST,035824.60,0.03,0.03,0.03,0.0000,0.03,0.03,0.03*69
$GPGST,035824.80,0.04,0.03,0.04,0.0000,0.03,0.03,0.04*60
$GPGST,035825.00,0.03,0.02,0.03,0.0000,0.02,0.02,0.03*6F
$GPGST,035825.20,0.03,0.02,0.03,0.0000,0.02,0.02,0.03*6D
$GPGST,035825.40,0.03,0.02,0.03,0.0000,0.02,0.02,0.03*6B
$GPGST,035825.60,0.03,0.03,0.03,0.0000,0.03,0.02,0.03*69
$GPGST,035825.80,0.04,0.03,0.04,0.0000,0.03,0.03,0.04*61
$GPGST,035826.00,0.03,0.02,0.03,0.0000,0.02,0.02,0.03*6C
$GPGST,035826.20,0.03,0.03,0.03,0.0000,0.02,0.03,0.03*6E
$GPGST,035826.40,0.03,0.03,0.03,0.0000,0.03,0.03,0.03*69
$GPGST,035826.60,0.04,0.03,0.04,0.0000,0.03,0.03,0.04*6C
$GPGST,035826.80,0.04,0.03,0.04,0.0000,0.03,0.03,0.04*62
$GPGST,035827.00,0.03,0.02,0.03,0.0000,0.02,0.02,0.03*6D
$GPGST,035827.20,0.03,0.02,0.03,0.0000,0.02,0.02,0.03*6F
$GPGST,035827.40,0.03,0.02,0.03,0.0000,0.02,0.02,0.03*69
$GPGST,035827.60,0.03,0.03,0.03,0.0000,0.03,0.03,0.03*6A
$GPGST,035827.80,0.03,0.03,0.03,0.0000,0.03,0.03,0.03*64
$GPGST,035828.00,0.03,0.02,0.03,0.0000,0.02,0.02,0.03*62
$GPGST,035828.20,0.03,0.03,0.03,0.0000,0.03,0.03,0.03*61
$GPGST,035828.40,0.03,0.03,0.03,0.0000,0.03,0.03,0.03*67
$GPGST,035828.60,0.03,0.03,0.03,0.0000,0.03,0.03,0.03*65
$GPGST,035828.80,0.03,0.03,0.03,0.0000,0.03,0.03,0.03*6B
$GPGST,035829.00,0.03,0.02,0.03,0.0000,0.02,0.02,0.03*63
$GPGST,035829.20,0.03,0.02,0.03,0.0000,0.02,0.02,0.03*61
$GPGST,035829.40,0.03,0.02,0.03,0.0000,0.02,0.02,0.03*67
$GPGST,035829.60,0.03,0.03,0.03,0.0000,0.03,0.03,0.03*64
$GPGST,035829.80,0.03,0.03,0.03,0.0000,0.03,0.03,0.03*6A
$GPGST,035830.00,0.03,0.02,0.03,0.0000,0.02,0.02,0.03*6B
$GPGST,035830.20,0.03,0.02,0.03,0.0000,0.02,0.02,0.03*69
$GPGST,035830.40,0.03,0.02,0.03,0.0000,0.02,0.02,0.03*6F
$GPGST,035830.60,0.03,0.02,0.03,0.0000,0.02,0.02,0.03*6D
$GPGST,035830.80,0.03,0.03,0.03,0.0000,0.03,0.03,0.03*62
$GPGST,035831.00,0.02,0.02,0.02,0.0000,0.02,0.02,0.02*6B
$GPGST,035831.20,0.02,0.02,0.02,0.0000,0.02,0.02,0.02*69
$GPGST,035831.40,0.03,0.02,0.03,0.0000,0.02,0.02,0.03*6E
$GPGST,035831.60,0.03,0.02,0.03,0.0000,0.02,0.02,0.03*6C
$GPGST,035831.80,0.03,0.02,0.03,0.0000,0.02,0.02,0.03*62
$GPGST,035832.00,0.03,0.02,0.03,0.0000,0.02,0.02,0.03*69
$GPGST,035832.20,0.03,0.02,0.03,0.0000,0.02,0.02,0.03*6B
$GPGST,035832.40,0.03,0.03,0.03,0.0000,0.03,0.02,0.03*6D
$GPGST,035832.60,0.03,0.03,0.03,0.0000,0.03,0.02,0.03*6F
$GPGST,035832.80,0.03,0.03,0.03,0.0000,0.03,0.03,0.03*60
$GPGST,035833.00,0.02,0.02,0.02,0.0000,0.02,0.02,0.02*69
$GPGST,035833.20,0.03,0.02,0.03,0.0000,0.02,0.02,0.03*6A
$GPGST,035833.40,0.03,0.02,0.03,0.0000,0.02,0.02,0.03*6C
$GPGST,035833.60,0.03,0.02,0.03,0.0000,0.02,0.02,0.03*6E
$GPGST,035833.80,0.04,0.03,0.04,0.0000,0.03,0.02,0.04*67
$GPGST,035834.00,0.03,0.02,0.03,0.0000,0.02,0.02,0.03*6F
$GPGST,035834.20,0.03,0.02,0.03,0.0000,0.02,0.02,0.03*6D
$GPGST,035834.40,0.03,0.03,0.03,0.0000,0.03,0.02,0.03*6B
$GPGST,035834.60,0.04,0.03,0.04,0.0000,0.03,0.02,0.04*6E
$GPGST,035834.80,0.04,0.03,0.04,0.0000,0.03,0.03,0.04*61
$GPGST,035835.00,0.03,0.02,0.03,0.0000,0.02,0.02,0.03*6E
$GPGST,035835.20,0.03,0.02,0.03,0.0000,0.02,0.02,0.03*6C
$GPGST,035835.40,0.03,0.02,0.03,0.0000,0.02,0.02,0.03*6A
$GPGST,035835.60,0.03,0.02,0.03,0.0000,0.02,0.02,0.03*68
$GPGST,035835.80,0.03,0.03,0.03,0.0000,0.03,0.03,0.03*67
$GPGST,035836.00,0.03,0.02,0.03,0.0000,0.02,0.02,0.03*6D
$GPGST,035836.20,0.03,0.02,0.03,0.0000,0.02,0.02,0.03*6F
$GPGST,035836.40,0.03,0.02,0.03,0.0000,0.02,0.02,0.03*69
$GPGST,035836.60,0.03,0.02,0.03,0.0000,0.02,0.02,0.03*6B
$GPGST,035836.80,0.03,0.03,0.03,0.0000,0.03,0.03,0.03*64
$GPGST,035837.00,0.03,0.02,0.03,0.0000,0.02,0.02,0.03*6C
$GPGST,035837.20,0.03,0.02,0.03,0.0000,0.02,0.02,0.03*6E
$GPGST,035837.40,0.03,0.02,0.03,0.0000,0.02,0.02,0.03*68
$GPGST,035837.60,0.03,0.02,0.03,0.0000,0.02,0.02,0.03*6A
$GPGST,035837.80,0.03,0.03,0.03,0.0000,0.03,0.02,0.03*64
$GPGST,035838.00,0.03,0.02,0.03,0.0000,0.02,0.02,0.03*63
$GPGST,035838.20,0.03,0.03,0.03,0.0000,0.03,0.02,0.03*61
$GPGST,035838.40,0.03,0.03,0.03,0.0000,0.03,0.03,0.03*66
$GPGST,035838.60,0.03,0.03,0.03,0.0000,0.03,0.03,0.03*64
$GPGST,035838.80,0.04,0.03,0.04,0.0000,0.03,0.03,0.04*6D
$GPGST,035839.00,0.03,0.03,0.03,0.0000,0.03,0.03,0.03*63
$GPGST,035839.20,0.03,0.03,0.03,0.0000,0.03,0.03,0.03*61
$GPGST,035839.40,0.04,0.03,0.04,0.0000,0.03,0.03,0.04*60
$GPGST,035839.60,0.04,0.03,0.04,0.0000,0.03,0.03,0.04*62
$GPGST,035839.80,0.04,0.04,0.04,0.0000,0.04,0.04,0.04*6B
$GPGST,035840.00,0.03,0.03,0.03,0.0000,0.03,0.03,0.03*6D
$GPGST,035840.20,0.04,0.03,0.04,0.0000,0.03,0.03,0.04*68
$GPGST,035840.40,0.04,0.03,0.04,0.0000,0.03,0.03,0.04*6E
$GPGST,035840.60,0.04,0.03,0.04,0.0000,0.03,0.03,0.04*6C
$GPGST,035840.80,0.04,0.03,0.04,0.0000,0.03,0.03,0.04*62
$GPGST,035841.00,0.03,0.02,0.03,0.0000,0.02,0.02,0.03*6D
$GPGST,035841.20,0.03,0.02,0.03,0.0000,0.02,0.02,0.03*6F
$GPGST,035841.40,0.03,0.03,0.03,0.0000,0.03,0.03,0.03*68
$GPGST,035841.60,0.03,0.03,0.03,0.0000,0.03,0.03,0.03*6A
$GPGST,035841.80,0.03,0.03,0.03,0.0000,0.03,0.03,0.03*64
$GPGST,035842.00,0.03,0.02,0.03,0.0000,0.02,0.02,0.03*6E
$GPGST,035842.20,0.03,0.02,0.03,0.0000,0.02,0.02,0.03*6C
$GPGST,035842.40,0.03,0.02,0.03,0.0000,0.02,0.02,0.03*6A
$GPGST,035842.60,0.03,0.03,0.03,0.0000,0.03,0.02,0.03*68
$GPGST,035842.80,0.03,0.03,0.03,0.0000,0.03,0.03,0.03*67
$GPGST,035843.00,0.03,0.02,0.03,0.0000,0.02,0.02,0.03*6F
$GPGST,035843.20,0.03,0.03,0.03,0.0000,0.03,0.02,0.03*6D
$GPGST,035843.40,0.03,0.03,0.03,0.0000,0.03,0.03,0.03*6A
$GPGST,035843.60,0.04,0.03,0.04,0.0000,0.03,0.03,0.04*6F
$GPGST,035843.80,0.04,0.03,0.04,0.0000,0.03,0.03,0.04*61
$GPGST,035844.00,0.03,0.03,0.03,0.0000,0.03,0.02,0.03*68
$GPGST,035844.20,0.03,0.03,0.03,0.0000,0.03,0.03,0.03*6B
$GPGST,035844.40,0.04,0.03,0.04,0.0000,0.03,0.03,0.04*6A
$GPGST,035844.60,0.04,0.03,0.04,0.0000,0.03,0.03,0.04*68
$GPGST,035844.80,0.04,0.03,0.04,0.0000,0.03,0.03,0.04*66
$GPGST,035845.00,0.03,0.03,0.03,0.0000,0.02,0.03,0.03*69
$GPGST,035845.20,0.03,0.03,0.03,0.0000,0.03,0.03,0.03*6A
$GPGST,035845.40,0.04,0.03,0.04,0.0000,0.03,0.03,0.04*6B
$GPGST,035845.60,0.04,0.03,0.04,0.0000,0.03,0.03,0.04*69
$GPGST,035845.80,0.04,0.03,0.04,0.0000,0.03,0.03,0.04*67
$GPGST,035846.00,0.03,0.03,0.03,0.0000,0.03,0.03,0.03*6B
$GPGST,035846.20,0.03,0.03,0.03,0.0000,0.03,0.03,0.03*69
$GPGST,035846.40,0.04,0.03,0.04,0.0000,0.03,0.03,0.04*68
$GPGST,035846.60,0.04,0.03,0.04,0.0000,0.03,0.03,0.04*6A
$GPGST,035846.80,0.05,0.04,0.05,0.0000,0.04,0.04,0.05*62
$GPGST,035847.00,0.04,0.04,0.04,0.0000,0.04,0.03,0.04*6D
$GPGST,035847.20,0.04,0.04,0.04,0.0000,0.04,0.03,0.04*6F
$GPGST,035847.40,0.04,0.04,0.04,0.0000,0.04,0.03,0.04*69
$GPGST,035847.60,0.04,0.04,0.04,0.0000,0.04,0.03,0.04*6B
$GPGST,035847.80,0.05,0.04,0.05,0.0000,0.04,0.04,0.05*63
$GPGST,035848.00,0.04,0.03,0.04,0.0000,0.03,0.03,0.04*62
$GPGST,035848.20,0.04,0.03,0.04,0.0000,0.03,0.03,0.04*60
$GPGST,035848.40,0.04,0.03,0.04,0.0000,0.03,0.03,0.04*66
$GPGST,035848.60,0.04,0.03,0.04,0.0000,0.03,0.03,0.04*64
$GPGST,035848.80,0.04,0.04,0.04,0.0000,0.04,0.04,0.04*6D
$GPGST,035849.00,0.03,0.03,0.03,0.0000,0.03,0.03,0.03*64
$GPGST,035849.20,0.03,0.03,0.03,0.0000,0.03,0.03,0.03*66
$GPGST,035849.40,0.04,0.03,0.04,0.0000,0.03,0.03,0.04*67
$GPGST,035849.60,0.04,0.03,0.04,0.0000,0.03,0.03,0.04*65
$GPGST,035849.80,0.04,0.03,0.04,0.0000,0.03,0.03,0.04*6B
$GPGST,035850.00,0.03,0.02,0.03,0.0000,0.02,0.02,0.03*6D
$GPGST,035850.20,0.03,0.02,0.03,0.0000,0.02,0.02,0.03*6F
$GPGST,035850.40,0.03,0.02,0.03,0.0000,0.02,0.02,0.03*69
$GPGST,035850.60,0.03,0.02,0.03,0.0000,0.02,0.02,0.03*6B
$GPGST,035850.80,0.03,0.03,0.03,0.0000,0.03,0.03,0.03*64
$GPGST,035851.00,0.03,0.02,0.03,0.0000,0.02,0.02,0.03*6C
$GPGST,035851.20,0.03,0.02,0.03,0.0000,0.02,0.02,0.03*6E
$GPGST,035851.40,0.03,0.02,0.03,0.0000,0.02,0.02,0.03*68
$GPGST,035851.60,0.03,0.03,0.03,0.0000,0.03,0.03,0.03*6B
$GPGST,035851.80,0.04,0.03,0.04,0.0000,0.03,0.03,0.04*62
$GPGST,035852.00,0.03,0.02,0.03,0.0000,0.02,0.02,0.03*6F
$GPGST,035852.20,0.03,0.02,0.03,0.0000,0.02,0.02,0.03*6D
$GPGST,035852.40,0.03,0.03,0.03,0.0000,0.03,0.03,0.03*6A
$GPGST,035852.60,0.03,0.03,0.03,0.0000,0.03,0.03,0.03*68
$GPGST,035852.80,0.04,0.03,0.04,0.0000,0.03,0.03,0.04*61
$GPGST,035853.00,0.03,0.02,0.03,0.0000,0.02,0.02,0.03*6E
$GPGST,035853.20,0.03,0.02,0.03,0.0000,0.02,0.02,0.03*6C
$GPGST,035853.40,0.03,0.02,0.03,0.0000,0.02,0.02,0.03*6A
$GPGST,035853.60,0.03,0.02,0.03,0.0000,0.02,0.02,0.03*68
$GPGST,035853.80,0.04,0.03,0.04,0.0000,0.03,0.02,0.04*61
$GPGST,035854.00,0.03,0.02,0.03,0.0000,0.02,0.02,0.03*69
$GPGST,035854.20,0.03,0.02,0.03,0.0000,0.02,0.02,0.03*6B
$GPGST,035854.40,0.03,0.02,0.03,0.0000,0.02,0.02,0.03*6D
$GPGST,035854.60,0.04,0.03,0.04,0.0000,0.03,0.03,0.04*69
$GPGST,035854.80,0.04,0.03,0.04,0.0000,0.03,0.03,0.04*67
$GPGST,035855.00,0.03,0.02,0.03,0.0000,0.02,0.02,0.03*68
$GPGST,035855.20,0.04,0.03,0.04,0.0000,0.02,0.03,0.04*6D
$GPGST,035855.40,0.04,0.03,0.04,0.0000,0.03,0.03,0.04*6A
$GPGST,035855.60,0.04,0.03,0.04,0.0000,0.03,0.03,0.04*68
$GPGST,035855.80,0.05,0.04,0.05,0.0000,0.04,0.04,0.05*60
$GPGST,035856.00,0.05,0.04,0.05,0.0000,0.04,0.04,0.05*6B
$GPGST,035856.20,0.05,0.05,0.05,0.0000,0.05,0.05,0.05*68
$GPGST,035856.40,0.05,0.05,0.05,0.0000,0.05,0.05,0.05*6E
$GPGST,035856.60,0.06,0.05,0.06,0.0000,0.05,0.05,0.06*6F
$GPGST,035856.80,0.06,0.05,0.06,0.0000,0.05,0.05,0.06*61
$GPGST,035857.00,0.05,0.04,0.05,0.0000,0.04,0.04,0.05*6A
$GPGST,035857.20,0.05,0.04,0.05,0.0000,0.04,0.04,0.05*68
$GPGST,035857.40,0.05,0.04,0.05,0.0000,0.04,0.04,0.05*6E
$GPGST,035857.60,0.05,0.04,0.05,0.0000,0.04,0.04,0.05*6C
$GPGST,035857.80,0.06,0.04,0.06,0.0000,0.04,0.04,0.06*61
$GPGST,035858.00,0.04,0.03,0.04,0.0000,0.03,0.03,0.04*63
$GPGST,035858.20,0.04,0.03,0.04,0.0000,0.03,0.03,0.04*61
$GPGST,035858.40,0.04,0.04,0.04,0.0000,0.03,0.04,0.04*67
$GPGST,035858.60,0.05,0.04,0.05,0.0000,0.04,0.04,0.05*63
$GPGST,035858.80,0.05,0.04,0.05,0.0000,0.04,0.04,0.05*6D
$GPGST,035859.00,0.03,0.03,0.03,0.0000,0.03,0.03,0.03*65
$GPGST,035859.20,0.04,0.03,0.04,0.0000,0.03,0.03,0.04*60
$GPGST,035859.40,0.04,0.03,0.04,0.0000,0.03,0.03,0.04*66
$GPGST,035859.60,0.04,0.03,0.04,0.0000,0.03,0.03,0.04*64
$GPGST,035859.80,0.04,0.03,0.04,0.0000,0.03,0.03,0.04*6A
$GPGST,035900.00,0.03,0.02,0.03,0.0000,0.02,0.02,0.03*69
$GPGST,035900.20,0.04,0.03,0.04,0.0000,0.03,0.03,0.04*6D
$GPGST,035900.40,0.04,0.03,0.04,0.0000,0.03,0.03,0.04*6B
$GPGST,035900.60,0.04,0.04,0.04,0.0000,0.03,0.04,0.04*69
$GPGST,035900.80,0.05,0.04,0.05,0.0000,0.03,0.04,0.05*66
$GPGST,035901.00,0.04,0.04,0.04,0.0000,0.03,0.04,0.04*6E
$GPGST,035901.20,0.04,0.04,0.04,0.0000,0.03,0.04,0.04*6C
$GPGST,035901.40,0.04,0.04,0.04,0.0000,0.03,0.04,0.04*6A
$GPGST,035901.60,0.04,0.04,0.04,0.0000,0.03,0.04,0.04*68
$GPGST,035901.80,0.05,0.04,0.05,0.0000,0.03,0.04,0.05*67
$GPGST,035902.00,0.04,0.03,0.04,0.0000,0.02,0.03,0.04*6C
$GPGST,035902.20,0.04,0.03,0.04,0.0000,0.02,0.03,0.04*6E
$GPGST,035902.40,0.05,0.03,0.05,0.0000,0.03,0.03,0.05*68
$GPGST,035902.60,0.05,0.03,0.05,0.0000,0.03,0.03,0.05*6A
$GPGST,035902.80,0.05,0.03,0.05,0.0000,0.03,0.03,0.05*64
$GPGST,035903.00,0.04,0.03,0.04,0.0000,0.02,0.03,0.04*6D
$GPGST,035903.20,0.04,0.03,0.04,0.0000,0.03,0.03,0.04*6E
$GPGST,035903.40,0.04,0.03,0.04,0.0000,0.03,0.03,0.04*68
$GPGST,035903.60,0.04,0.03,0.04,0.0000,0.03,0.03,0.04*6A
$GPGST,035903.80,0.04,0.03,0.04,0.0000,0.03,0.03,0.04*64
$GPGST,035904.00,0.03,0.02,0.03,0.0000,0.02,0.02,0.03*6D
$GPGST,035904.20,0.03,0.02,0.03,0.0000,0.02,0.02,0.03*6F
$GPGST,035904.40,0.04,0.03,0.04,0.0000,0.03,0.03,0.04*6F
$GPGST,035904.60,0.04,0.03,0.04,0.0000,0.03,0.03,0.04*6D
$GPGST,035904.80,0.04,0.03,0.04,0.0000,0.03,0.03,0.04*63
$GPGST,035905.00,0.04,0.03,0.04,0.0000,0.02,0.03,0.04*6B
$GPGST,035905.20,0.04,0.03,0.04,0.0000,0.03,0.03,0.04*68
$GPGST,035905.40,0.04,0.03,0.04,0.0000,0.03,0.03,0.04*6E
$GPGST,035905.60,0.04,0.03,0.04,0.0000,0.03,0.03,0.04*6C
$GPGST,035905.80,0.04,0.03,0.04,0.0000,0.03,0.03,0.04*62
$GPGST,035906.00,0.04,0.03,0.04,0.0000,0.02,0.03,0.04*68
$GPGST,035906.20,0.04,0.03,0.04,0.0000,0.02,0.03,0.04*6A
$GPGST,035906.40,0.04,0.03,0.04,0.0000,0.03,0.03,0.04*6D
$GPGST,035906.60,0.04,0.03,0.04,0.0000,0.03,0.03,0.04*6F
$GPGST,035906.80,0.04,0.03,0.04,0.0000,0.03,0.03,0.04*61
$GPGST,035907.00,0.04,0.03,0.04,0.0000,0.02,0.03,0.04*69
$GPGST,035907.20,0.04,0.03,0.04,0.0000,0.03,0.03,0.04*6A
$GPGST,035907.40,0.04,0.03,0.04,0.0000,0.03,0.03,0.04*6C
$GPGST,035907.60,0.04,0.03,0.04,0.0000,0.03,0.03,0.04*6E
$GPGST,035907.80,0.05,0.04,0.05,0.0000,0.03,0.04,0.05*61
$GPGST,035908.00,0.04,0.03,0.04,0.0000,0.03,0.03,0.04*67
$GPGST,035908.20,0.04,0.03,0.04,0.0000,0.03,0.03,0.04*65
$GPGST,035908.40,0.04,0.03,0.04,0.0000,0.03,0.03,0.04*63
$GPGST,035908.60,0.05,0.04,0.05,0.0000,0.03,0.04,0.05*60
$GPGST,035908.80,0.05,0.04,0.05,0.0000,0.04,0.04,0.05*69
$GPGST,035909.00,0.04,0.03,0.04,0.0000,0.03,0.03,0.04*66
$GPGST,035909.20,0.04,0.03,0.04,0.0000,0.03,0.03,0.04*64
$GPGST,035909.40,0.04,0.03,0.04,0.0000,0.03,0.03,0.04*62
$GPGST,035909.60,0.04,0.04,0.04,0.0000,0.03,0.04,0.04*60
$GPGST,035909.80,0.05,0.04,0.05,0.0000,0.03,0.04,0.05*6F
$GPGST,035910.00,0.04,0.03,0.04,0.0000,0.03,0.03,0.04*6E
$GPGST,035910.20,0.04,0.03,0.04,0.0000,0.03,0.03,0.04*6C
$GPGST,035910.40,0.04,0.03,0.04,0.0000,0.03,0.03,0.04*6A
$GPGST,035910.60,0.05,0.04,0.05,0.0000,0.03,0.04,0.05*69
$GPGST,035910.80,0.05,0.04,0.05,0.0000,0.04,0.04,0.05*60
$GPGST,035911.00,0.04,0.03,0.04,0.0000,0.03,0.03,0.04*6F
$GPGST,035911.20,0.04,0.03,0.04,0.0000,0.03,0.03,0.04*6D
$GPGST,035911.40,0.04,0.03,0.04,0.0000,0.03,0.03,0.04*6B
$GPGST,035911.60,0.04,0.03,0.04,0.0000,0.03,0.03,0.04*69
$GPGST,035911.80,0.04,0.04,0.04,0.0000,0.03,0.04,0.04*67
$GPGST,035912.00,0.05,0.03,0.05,0.0000,0.02,0.03,0.05*6C
$GPGST,035912.20,0.05,0.03,0.05,0.0000,0.03,0.03,0.05*6F
$GPGST,035912.40,0.05,0.03,0.05,0.0000,0.03,0.03,0.05*69
$GPGST,035912.60,0.05,0.04,0.05,0.0000,0.03,0.04,0.05*6B
$GPGST,035912.80,0.05,0.04,0.05,0.0000,0.03,0.04,0.05*65
$GPGST,035913.00,0.05,0.03,0.05,0.0000,0.02,0.03,0.05*6D
$GPGST,035913.20,0.05,0.03,0.05,0.0000,0.03,0.03,0.05*6E
$GPGST,035913.40,0.05,0.04,0.05,0.0000,0.03,0.04,0.05*68
$GPGST,035913.60,0.05,0.04,0.05,0.0000,0.03,0.04,0.05*6A
$GPGST,035913.80,0.06,0.04,0.06,0.0000,0.03,0.04,0.06*67
$GPGST,035914.00,0.05,0.03,0.05,0.0000,0.03,0.03,0.05*6B
$GPGST,035914.20,0.05,0.03,0.05,0.0000,0.03,0.03,0.05*69
$GPGST,035914.40,0.05,0.03,0.05,0.0000,0.03,0.03,0.05*6F
$GPGST,035914.60,0.05,0.04,0.05,0.0000,0.03,0.04,0.05*6D
$GPGST,035914.80,0.05,0.04,0.05,0.0000,0.03,0.04,0.05*63
$GPGST,035915.00,0.03,0.02,0.03,0.0000,0.02,0.02,0.03*6D
$GPGST,035915.20,0.04,0.04,0.04,0.0000,0.04,0.03,0.04*69
$GPGST,035915.40,0.04,0.04,0.04,0.0000,0.04,0.04,0.04*68
$GPGST,035915.60,0.05,0.04,0.05,0.0000,0.04,0.04,0.05*6B
$GPGST,035915.80,0.05,0.04,0.05,0.0000,0.04,0.04,0.05*65
$GPGST,035916.00,0.05,0.04,0.05,0.0000,0.04,0.04,0.05*6E
$GPGST,035916.20,0.05,0.04,0.05,0.0000,0.04,0.04,0.05*6C
$GPGST,035916.40,0.05,0.04,0.05,0.0000,0.04,0.04,0.05*6A
$GPGST,035916.60,0.05,0.05,0.05,0.0000,0.04,0.05,0.05*68
$GPGST,035916.80,0.05,0.05,0.05,0.0000,0.04,0.05,0.05*66
$GPGST,035917.00,0.04,0.03,0.04,0.0000,0.03,0.03,0.04*69
$GPGST,035917.20,0.04,0.03,0.04,0.0000,0.03,0.03,0.04*6B
$GPGST,035917.40,0.04,0.03,0.04,0.0000,0.03,0.03,0.04*6D
$GPGST,035917.60,0.04,0.04,0.04,0.0000,0.03,0.04,0.04*6F
$GPGST,035917.80,0.05,0.04,0.05,0.0000,0.03,0.04,0.05*60
$GPGST,035918.00,0.05,0.04,0.05,0.0000,0.03,0.04,0.05*67
$GPGST,035918.20,0.05,0.04,0.05,0.0000,0.03,0.04,0.05*65
$GPGST,035918.40,0.05,0.04,0.05,0.0000,0.03,0.04,0.05*63
$GPGST,035918.60,0.05,0.04,0.05,0.0000,0.04,0.04,0.05*66
$GPGST,035918.80,0.05,0.04,0.05,0.0000,0.04,0.04,0.05*68
$GPGST,035919.00,0.04,0.03,0.04,0.0000,0.03,0.03,0.04*67
$GPGST,035919.20,0.04,0.03,0.04,0.0000,0.03,0.03,0.04*65
$GPGST,035919.40,0.04,0.03,0.04,0.0000,0.03,0.03,0.04*63
$GPGST,035919.60,0.05,0.04,0.05,0.0000,0.04,0.04,0.05*67
$GPGST,035919.80,0.05,0.04,0.05,0.0000,0.04,0.04,0.05*69
$GPGST,035920.00,0.04,0.03,0.04,0.0000,0.03,0.03,0.04*6D
$GPGST,035920.20,0.04,0.03,0.04,0.0000,0.03,0.03,0.04*6F
$GPGST,035920.40,0.04,0.03,0.04,0.0000,0.03,0.03,0.04*69
$GPGST,035920.60,0.04,0.04,0.04,0.0000,0.03,0.04,0.04*6B
$GPGST,035920.80,0.05,0.04,0.05,0.0000,0.04,0.04,0.05*63
$GPGST,035921.00,0.04,0.03,0.04,0.0000,0.03,0.03,0.04*6C
$GPGST,035921.20,0.04,0.03,0.04,0.0000,0.03,0.03,0.04*6E
$GPGST,035921.40,0.04,0.03,0.04,0.0000,0.03,0.03,0.04*68
$GPGST,035921.60,0.05,0.04,0.05,0.0000,0.04,0.04,0.05*6C
$GPGST,035921.80,0.05,0.04,0.05,0.0000,0.04,0.04,0.05*62
$GPGST,035922.00,0.04,0.03,0.04,0.0000,0.03,0.03,0.04*6F
$GPGST,035922.20,0.04,0.03,0.04,0.0000,0.03,0.03,0.04*6D
$GPGST,035922.40,0.04,0.03,0.04,0.0000,0.03,0.03,0.04*6B
$GPGST,035922.60,0.05,0.04,0.05,0.0000,0.03,0.04,0.05*68
$GPGST,035922.80,0.05,0.04,0.05,0.0000,0.03,0.04,0.05*66
$GPGST,035923.00,0.05,0.04,0.05,0.0000,0.03,0.04,0.05*6F
$GPGST,035923.20,0.05,0.04,0.05,0.0000,0.03,0.04,0.05*6D
$GPGST,035923.40,0.05,0.04,0.05,0.0000,0.04,0.04,0.05*6C
$GPGST,035923.60,0.05,0.04,0.05,0.0000,0.04,0.04,0.05*6E
$GPGST,035923.80,0.05,0.04,0.05,0.0000,0.04,0.04,0.05*60
$GPGST,035924.00,0.04,0.03,0.04,0.0000,0.03,0.03,0.04*69
$GPGST,035924.20,0.04,0.03,0.04,0.0000,0.03,0.03,0.04*6B
$GPGST,035924.40,0.04,0.03,0.04,0.0000,0.03,0.03,0.04*6D
$GPGST,035924.60,0.05,0.04,0.05,0.0000,0.03,0.04,0.05*6E
$GPGST,035924.80,0.05,0.04,0.05,0.0000,0.04,0.04,0.05*67
$GPGST,035925.00,0.05,0.03,0.05,0.0000,0.03,0.03,0.05*69
$GPGST,035925.20,0.05,0.03,0.05,0.0000,0.03,0.03,0.05*6B
$GPGST,035925.40,0.06,0.04,0.06,0.0000,0.03,0.04,0.06*6E
$GPGST,035925.60,0.06,0.04,0.06,0.0000,0.03,0.04,0.06*6C
$GPGST,035925.80,0.06,0.04,0.06,0.0000,0.03,0.04,0.06*62
$GPGST,035926.00,0.05,0.03,0.05,0.0000,0.03,0.03,0.05*6A
$GPGST,035926.20,0.05,0.03,0.05,0.0000,0.03,0.03,0.05*68
$GPGST,035926.40,0.05,0.04,0.05,0.0000,0.03,0.04,0.05*6E
$GPGST,035926.60,0.06,0.04,0.06,0.0000,0.03,0.04,0.06*6F
$GPGST,035926.80,0.06,0.04,0.06,0.0000,0.04,0.04,0.06*66
$GPGST,035927.00,0.05,0.03,0.05,0.0000,0.03,0.03,0.05*6B
$GPGST,035927.20,0.05,0.04,0.05,0.0000,0.03,0.04,0.05*69
$GPGST,035927.40,0.06,0.04,0.06,0.0000,0.04,0.04,0.06*6B
$GPGST,035927.60,0.06,0.04,0.06,0.0000,0.04,0.04,0.06*69
$GPGST,035927.80,0.06,0.05,0.06,0.0000,0.04,0.05,0.06*67
$GPGST,035928.00,0.06,0.04,0.06,0.0000,0.04,0.04,0.06*60
$GPGST,035928.20,0.06,0.04,0.06,0.0000,0.04,0.04,0.06*62
$GPGST,035928.40,0.06,0.05,0.06,0.0000,0.04,0.05,0.06*64
$GPGST,035928.60,0.06,0.05,0.06,0.0000,0.04,0.05,0.06*66
$GPGST,035928.80,0.07,0.05,0.07,0.0000,0.04,0.05,0.07*69
$GPGST,035929.00,0.14,0.09,0.14,0.0000,0.03,0.09,0.14*65
$GPGST,035929.20,0.14,0.09,0.14,0.0000,0.03,0.09,0.14*67
$GPGST,035929.40,0.14,0.09,0.14,0.0000,0.03,0.09,0.14*61
$GPGST,035929.60,0.14,0.09,0.14,0.0000,0.04,0.09,0.14*64
$GPGST,035929.80,0.14,0.09,0.14,0.0000,0.04,0.09,0.14*6A
$GPGST,035930.00,0.05,0.03,0.05,0.0000,0.03,0.03,0.05*6D
$GPGST,035930.20,0.05,0.04,0.05,0.0000,0.03,0.04,0.05*6F
$GPGST,035930.40,0.05,0.04,0.05,0.0000,0.03,0.04,0.05*69
$GPGST,035930.60,0.06,0.04,0.06,0.0000,0.04,0.04,0.06*6F
$GPGST,035930.80,0.06,0.04,0.06,0.0000,0.04,0.04,0.06*61
$GPGST,035931.00,0.05,0.04,0.05,0.0000,0.03,0.04,0.05*6C
$GPGST,035931.20,0.05,0.04,0.05,0.0000,0.03,0.04,0.05*6E
$GPGST,035931.40,0.05,0.04,0.05,0.0000,0.04,0.04,0.05*6F
$GPGST,035931.60,0.05,0.04,0.05,0.0000,0.04,0.04,0.05*6D
$GPGST,035931.80,0.05,0.04,0.05,0.0000,0.04,0.04,0.05*63
$GPGST,035932.00,0.04,0.03,0.04,0.0000,0.03,0.03,0.04*6E
$GPGST,035932.20,0.05,0.03,0.05,0.0000,0.03,0.03,0.05*6D
$GPGST,035932.40,0.05,0.04,0.05,0.0000,0.03,0.04,0.05*6B
$GPGST,035932.60,0.05,0.04,0.05,0.0000,0.03,0.04,0.05*69
$GPGST,035932.80,0.05,0.04,0.05,0.0000,0.03,0.04,0.05*67
$GPGST,035933.00,0.04,0.03,0.04,0.0000,0.02,0.03,0.04*6E
$GPGST,035933.20,0.04,0.03,0.04,0.0000,0.03,0.03,0.04*6D
$GPGST,035933.40,0.05,0.03,0.05,0.0000,0.03,0.03,0.05*6A
$GPGST,035933.60,0.05,0.04,0.05,0.0000,0.03,0.04,0.05*68
$GPGST,035933.80,0.05,0.04,0.05,0.0000,0.03,0.04,0.05*66
$GPGST,035934.00,0.04,0.03,0.04,0.0000,0.03,0.03,0.04*68
$GPGST,035934.20,0.04,0.03,0.04,0.0000,0.03,0.03,0.04*6A
$GPGST,035934.40,0.05,0.04,0.05,0.0000,0.03,0.04,0.05*6D
$GPGST,035934.60,0.05,0.04,0.05,0.0000,0.04,0.04,0.05*68
$GPGST,035934.80,0.05,0.04,0.05,0.0000,0.04,0.04,0.05*66
$GPGST,035935.00,0.04,0.03,0.04,0.0000,0.03,0.03,0.04*69
$GPGST,035935.20,0.04,0.03,0.04,0.0000,0.03,0.03,0.04*6B
$GPGST,035935.40,0.04,0.03,0.04,0.0000,0.03,0.03,0.04*6D
$GPGST,035935.60,0.04,0.04,0.04,0.0000,0.04,0.04,0.04*68
$GPGST,035935.80,0.05,0.04,0.05,0.0000,0.04,0.04,0.05*67
$GPGST,035936.00,0.03,0.02,0.03,0.0000,0.02,0.02,0.03*6C
$GPGST,035936.20,0.04,0.03,0.04,0.0000,0.03,0.03,0.04*68
$GPGST,035936.40,0.04,0.03,0.04,0.0000,0.03,0.03,0.04*6E
$GPGST,035936.60,0.04,0.03,0.04,0.0000,0.03,0.03,0.04*6C
$GPGST,035936.80,0.04,0.03,0.04,0.0000,0.03,0.03,0.04*62
$GPGST,035937.00,0.03,0.02,0.03,0.0000,0.02,0.02,0.03*6D
$GPGST,035937.20,0.03,0.02,0.03,0.0000,0.02,0.02,0.03*6F
$GPGST,035937.40,0.04,0.03,0.04,0.0000,0.03,0.03,0.04*6F
$GPGST,035937.60,0.04,0.03,0.04,0.0000,0.03,0.03,0.04*6D
$GPGST,035937.80,0.04,0.03,0.04,0.0000,0.03,0.03,0.04*63
$GPGST,035938.00,0.03,0.02,0.03,0.0000,0.02,0.02,0.03*62
$GPGST,035938.20,0.03,0.03,0.03,0.0000,0.02,0.03,0.03*60
$GPGST,035938.40,0.04,0.03,0.04,0.0000,0.02,0.03,0.04*61
$GPGST,035938.60,0.04,0.03,0.04,0.0000,0.03,0.03,0.04*62
$GPGST,035938.80,0.04,0.03,0.04,0.0000,0.03,0.03,0.04*6C
$GPGST,035939.00,0.03,0.02,0.03,0.0000,0.02,0.02,0.03*63
$GPGST,035939.20,0.03,0.03,0.03,0.0000,0.02,0.03,0.03*61
$GPGST,035939.40,0.04,0.03,0.04,0.0000,0.03,0.03,0.04*61
$GPGST,035939.60,0.04,0.03,0.04,0.0000,0.03,0.03,0.04*63
$GPGST,035939.80,0.04,0.03,0.04,0.0000,0.03,0.03,0.04*6D
$GPGST,035940.00,0.04,0.03,0.04,0.0000,0.03,0.03,0.04*6B
$GPGST,035940.20,0.05,0.04,0.05,0.0000,0.04,0.04,0.05*6F
$GPGST,035940.40,0.05,0.04,0.05,0.0000,0.04,0.04,0.05*69
$GPGST,035940.60,0.05,0.04,0.05,0.0000,0.04,0.04,0.05*6B
$GPGST,035940.80,0.05,0.04,0.05,0.0000,0.04,0.04,0.05*65
$GPGST,035941.00,0.04,0.03,0.04,0.0000,0.03,0.03,0.04*6A
$GPGST,035941.20,0.04,0.03,0.04,0.0000,0.03,0.03,0.04*68
$GPGST,035941.40,0.04,0.04,0.04,0.0000,0.03,0.04,0.04*6E
$GPGST,035941.60,0.04,0.04,0.04,0.0000,0.04,0.04,0.04*6B
$GPGST,035941.80,0.05,0.04,0.05,0.0000,0.04,0.04,0.05*64
$GPGST,035942.00,0.03,0.02,0.03,0.0000,0.02,0.02,0.03*6F
$GPGST,035942.20,0.04,0.03,0.04,0.0000,0.03,0.03,0.04*6B
$GPGST,035942.40,0.04,0.03,0.04,0.0000,0.03,0.03,0.04*6D
$GPGST,035942.60,0.04,0.03,0.04,0.0000,0.03,0.03,0.04*6F
$GPGST,035942.80,0.04,0.04,0.04,0.0000,0.03,0.04,0.04*61
$GPGST,035943.00,0.04,0.03,0.04,0.0000,0.03,0.03,0.04*68
$GPGST,035943.20,0.04,0.03,0.04,0.0000,0.03,0.03,0.04*6A
$GPGST,035943.40,0.04,0.03,0.04,0.0000,0.03,0.03,0.04*6C
$GPGST,035943.60,0.05,0.04,0.05,0.0000,0.04,0.04,0.05*68
$GPGST,035943.80,0.05,0.04,0.05,0.0000,0.04,0.04,0.05*66
$GPGST,035944.00,0.04,0.03,0.04,0.0000,0.03,0.03,0.04*6F
$GPGST,035944.20,0.04,0.03,0.04,0.0000,0.03,0.03,0.04*6D
$GPGST,035944.40,0.05,0.04,0.05,0.0000,0.04,0.04,0.05*6D
$GPGST,035944.60,0.05,0.04,0.05,0.0000,0.04,0.04,0.05*6F
$GPGST,035944.80,0.05,0.05,0.05,0.0000,0.04,0.05,0.05*61
$GPGST,035945.00,0.04,0.04,0.04,0.0000,0.03,0.04,0.04*6E
$GPGST,035945.20,0.05,0.04,0.05,0.0000,0.03,0.04,0.05*6D
$GPGST,035945.40,0.05,0.04,0.05,0.0000,0.04,0.04,0.05*6C
$GPGST,035945.60,0.05,0.04,0.05,0.0000,0.04,0.04,0.05*6E
$GPGST,035945.80,0.05,0.04,0.05,0.0000,0.04,0.04,0.05*60
$GPGST,035946.00,0.03,0.02,0.03,0.0000,0.02,0.02,0.03*6B
$GPGST,035946.20,0.04,0.03,0.04,0.0000,0.02,0.03,0.04*6E
$GPGST,035946.40,0.04,0.03,0.04,0.0000,0.03,0.03,0.04*69
$GPGST,035946.60,0.04,0.04,0.04,0.0000,0.03,0.04,0.04*6B
$GPGST,035946.80,0.05,0.04,0.05,0.0000,0.03,0.04,0.05*64
$GPGST,035947.00,0.04,0.03,0.04,0.0000,0.03,0.03,0.04*6C
$GPGST,035947.20,0.04,0.03,0.04,0.0000,0.03,0.03,0.04*6E
$GPGST,035947.40,0.04,0.04,0.04,0.0000,0.03,0.04,0.04*68
$GPGST,035947.60,0.05,0.04,0.05,0.0000,0.04,0.04,0.05*6C
$GPGST,035947.80,0.05,0.04,0.05,0.0000,0.04,0.04,0.05*62
$GPGST,035948.00,0.04,0.03,0.04,0.0000,0.03,0.03,0.04*63
$GPGST,035948.20,0.04,0.03,0.04,0.0000,0.03,0.03,0.04*61
$GPGST,035948.40,0.05,0.04,0.05,0.0000,0.03,0.04,0.05*66
$GPGST,035948.60,0.05,0.04,0.05,0.0000,0.04,0.04,0.05*63
$GPGST,035948.80,0.05,0.04,0.05,0.0000,0.04,0.04,0.05*6D
$GPGST,035949.00,0.04,0.03,0.04,0.0000,0.03,0.03,0.04*62
$GPGST,035949.20,0.05,0.04,0.05,0.0000,0.03,0.04,0.05*61
$GPGST,035949.40,0.05,0.04,0.05,0.0000,0.04,0.04,0.05*60
$GPGST,035949.60,0.05,0.04,0.05,0.0000,0.04,0.04,0.05*62
$GPGST,035949.80,0.05,0.04,0.05,0.0000,0.04,0.04,0.05*6C
$GPGST,035950.00,0.04,0.03,0.04,0.0000,0.03,0.03,0.04*6A
$GPGST,035950.20,0.04,0.03,0.04,0.0000,0.03,0.03,0.04*68
$GPGST,035950.40,0.04,0.03,0.04,0.0000,0.03,0.03,0.04*6E
$GPGST,035950.60,0.04,0.03,0.04,0.0000,0.03,0.03,0.04*6C
$GPGST,035950.80,0.04,0.03,0.04,0.0000,0.03,0.03,0.04*62
$GPGST,035951.00,0.04,0.03,0.04,0.0000,0.03,0.03,0.04*6B
$GPGST,035951.20,0.04,0.03,0.04,0.0000,0.03,0.03,0.04*69
$GPGST,035951.40,0.04,0.03,0.04,0.0000,0.03,0.03,0.04*6F
$GPGST,035951.60,0.04,0.03,0.04,0.0000,0.03,0.03,0.04*6D
$GPGST,035951.80,0.04,0.03,0.04,0.0000,0.03,0.03,0.04*63
$GPGST,035952.00,0.03,0.02,0.03,0.0000,0.02,0.02,0.03*6E
$GPGST,035952.20,0.04,0.03,0.04,0.0000,0.03,0.03,0.04*6A
$GPGST,035952.40,0.04,0.03,0.04,0.0000,0.03,0.03,0.04*6C
$GPGST,035952.60,0.04,0.03,0.04,0.0000,0.03,0.03,0.04*6E
$GPGST,035952.80,0.04,0.03,0.04,0.0000,0.03,0.03,0.04*60
$GPGST,035953.00,0.03,0.03,0.03,0.0000,0.03,0.03,0.03*6E
$GPGST,035953.20,0.03,0.03,0.03,0.0000,0.03,0.03,0.03*6C
$GPGST,035953.40,0.04,0.03,0.04,0.0000,0.03,0.03,0.04*6D
$GPGST,035953.60,0.04,0.03,0.04,0.0000,0.03,0.03,0.04*6F
$GPGST,035953.80,0.04,0.03,0.04,0.0000,0.03,0.03,0.04*61
$GPGST,035954.00,0.03,0.02,0.03,0.0000,0.02,0.02,0.03*68
$GPGST,035954.20,0.03,0.02,0.03,0.0000,0.02,0.02,0.03*6A
$GPGST,035954.40,0.03,0.02,0.03,0.0000,0.02,0.02,0.03*6C
$GPGST,035954.60,0.03,0.03,0.03,0.0000,0.03,0.03,0.03*6F
$GPGST,035954.80,0.04,0.03,0.04,0.0000,0.03,0.03,0.04*66
$GPGST,035955.00,0.03,0.02,0.03,0.0000,0.02,0.02,0.03*69
$GPGST,035955.20,0.03,0.03,0.03,0.0000,0.02,0.03,0.03*6B
$GPGST,035955.40,0.03,0.03,0.03,0.0000,0.03,0.03,0.03*6C
$GPGST,035955.60,0.04,0.03,0.04,0.0000,0.03,0.03,0.04*69
$GPGST,035955.80,0.04,0.03,0.04,0.0000,0.03,0.03,0.04*67
$GPGST,035956.00,0.03,0.02,0.03,0.0000,0.02,0.02,0.03*6A
$GPGST,035956.20,0.03,0.02,0.03,0.0000,0.02,0.02,0.03*68
$GPGST,035956.40,0.03,0.02,0.03,0.0000,0.02,0.02,0.03*6E
$GPGST,035956.60,0.03,0.02,0.03,0.0000,0.02,0.02,0.03*6C
$GPGST,035956.80,0.03,0.02,0.03,0.0000,0.02,0.02,0.03*62
$GPGST,035957.00,0.03,0.02,0.03,0.0000,0.02,0.02,0.03*6B
$GPGST,035957.20,0.03,0.02,0.03,0.0000,0.02,0.02,0.03*69
$GPGST,035957.40,0.03,0.02,0.03,0.0000,0.02,0.02,0.03*6F
$GPGST,035957.60,0.03,0.02,0.03,0.0000,0.02,0.02,0.03*6D
$GPGST,035957.80,0.03,0.02,0.03,0.0000,0.02,0.02,0.03*63
$GPGST,035958.00,0.03,0.02,0.03,0.0000,0.02,0.02,0.03*64
$GPGST,035958.20,0.03,0.02,0.03,0.0000,0.02,0.02,0.03*66
$GPGST,035958.40,0.03,0.02,0.03,0.0000,0.02,0.02,0.03*60
$GPGST,035958.60,0.03,0.02,0.03,0.0000,0.02,0.02,0.03*62
$GPGST,035958.80,0.03,0.02,0.03,0.0000,0.02,0.02,0.03*6C
$GPGST,035959.00,0.03,0.02,0.03,0.0000,0.02,0.02,0.03*65
$GPGST,035959.20,0.03,0.02,0.03,0.0000,0.02,0.02,0.03*67
$GPGST,035959.40,0.03,0.02,0.03,0.0000,0.02,0.02,0.03*61
$GPGST,035959.60,0.03,0.02,0.03,0.0000,0.02,0.02,0.03*63
$GPGST,035959.80,0.03,0.02,0.03,0.0000,0.02,0.02,0.03*6D
$GPGST,040000.00,0.03,0.02,0.03,0.0000,0.02,0.02,0.03*62
$GPGST,040000.20,0.03,0.02,0.03,0.0000,0.02,0.02,0.03*60
$GPGST,040000.40,0.03,0.02,0.03,0.0000,0.02,0.02,0.03*66
$GPGST,040000.60,0.03,0.02,0.03,0.0000,0.02,0.02,0.03*64
$GPGST,040000.80,0.03,0.02,0.03,0.0000,0.02,0.02,0.03*6A
$GPGST,040001.00,0.02,0.02,0.02,0.0000,0.02,0.02,0.02*62
$GPGST,040001.20,0.03,0.02,0.03,0.0000,0.02,0.02,0.03*61
$GPGST,040001.40,0.03,0.02,0.03,0.0000,0.02,0.02,0.03*67
$GPGST,040001.60,0.03,0.02,0.03,0.0000,0.02,0.02,0.03*65
$GPGST,040001.80,0.03,0.02,0.03,0.0000,0.02,0.02,0.03*6B
$GPGST,040002.00,0.02,0.02,0.02,0.0000,0.02,0.02,0.02*61
$GPGST,040002.20,0.02,0.02,0.02,0.0000,0.02,0.02,0.02*63
$GPGST,040002.40,0.03,0.02,0.03,0.0000,0.02,0.02,0.03*64
$GPGST,040002.60,0.03,0.02,0.03,0.0000,0.02,0.02,0.03*66
$GPGST,040002.80,0.03,0.02,0.03,0.0000,0.02,0.02,0.03*68
$GPGST,040003.00,0.02,0.02,0.02,0.0000,0.01,0.02,0.02*63
$GPGST,040003.20,0.02,0.02,0.02,0.0000,0.02,0.02,0.02*62
$GPGST,040003.40,0.02,0.02,0.02,0.0000,0.02,0.02,0.02*64
$GPGST,040003.60,0.03,0.02,0.03,0.0000,0.02,0.02,0.03*67
$GPGST,040003.80,0.03,0.02,0.03,0.0000,0.02,0.02,0.03*69
$GPGST,040004.00,0.02,0.02,0.02,0.0000,0.01,0.02,0.02*64
$GPGST,040004.20,0.02,0.02,0.02,0.0000,0.02,0.02,0.02*65
$GPGST,040004.40,0.02,0.02,0.02,0.0000,0.02,0.02,0.02*63
$GPGST,040004.60,0.03,0.02,0.03,0.0000,0.02,0.02,0.03*60
$GPGST,040004.80,0.03,0.02,0.03,0.0000,0.02,0.02,0.03*6E
$GPGST,040005.00,0.02,0.02,0.02,0.0000,0.01,0.02,0.02*65
$GPGST,040005.20,0.02,0.02,0.02,0.0000,0.02,0.02,0.02*64
$GPGST,040005.40,0.02,0.02,0.02,0.0000,0.02,0.02,0.02*62
$GPGST,040005.60,0.02,0.02,0.02,0.0000,0.02,0.02,0.02*60
$GPGST,040005.80,0.03,0.02,0.03,0.0000,0.02,0.02,0.03*6F
$GPGST,040006.00,0.02,0.02,0.02,0.0000,0.01,0.02,0.02*66
$GPGST,040006.20,0.02,0.02,0.02,0.0000,0.02,0.02,0.02*67
$GPGST,040006.40,0.02,0.02,0.02,0.0000,0.02,0.02,0.02*61
$GPGST,040006.60,0.03,0.02,0.03,0.0000,0.02,0.02,0.03*62
$GPGST,040006.80,0.03,0.02,0.03,0.0000,0.02,0.02,0.03*6C
$GPGST,040007.00,0.02,0.02,0.02,0.0000,0.02,0.02,0.02*64
$GPGST,040007.20,0.03,0.02,0.03,0.0000,0.02,0.02,0.03*67
$GPGST,040007.40,0.03,0.02,0.03,0.0000,0.02,0.02,0.03*61
$GPGST,040007.60,0.03,0.03,0.03,0.0000,0.03,0.03,0.03*62
$GPGST,040007.80,0.03,0.03,0.03,0.0000,0.03,0.03,0.03*6C
$GPGST,040008.00,0.03,0.02,0.03,0.0000,0.02,0.02,0.03*6A
$GPGST,040008.20,0.03,0.02,0.03,0.0000,0.02,0.02,0.03*68
$GPGST,040008.40,0.03,0.03,0.03,0.0000,0.02,0.03,0.03*6E
$GPGST,040008.60,0.03,0.03,0.03,0.0000,0.03,0.03,0.03*6D
$GPGST,040008.80,0.03,0.03,0.03,0.0000,0.03,0.03,0.03*63
$GPGST,040009.00,0.02,0.02,0.02,0.0000,0.02,0.02,0.02*6A
$GPGST,040009.20,0.03,0.02,0.03,0.0000,0.02,0.02,0.03*69
$GPGST,040009.40,0.03,0.02,0.03,0.0000,0.02,0.02,0.03*6F
$GPGST,040009.60,0.03,0.02,0.03,0.0000,0.02,0.02,0.03*6D
$GPGST,040009.80,0.03,0.02,0.03,0.0000,0.02,0.02,0.03*63
$GPGST,040010.00,0.03,0.02,0.03,0.0000,0.02,0.02,0.03*63
$GPGST,040010.20,0.03,0.02,0.03,0.0000,0.02,0.02,0.03*61
$GPGST,040010.40,0.03,0.02,0.03,0.0000,0.02,0.02,0.03*67
$GPGST,040010.60,0.03,0.03,0.03,0.0000,0.03,0.03,0.03*64
$GPGST,040010.80,0.03,0.03,0.03,0.0000,0.03,0.03,0.03*6A
$GPGST,040011.00,0.03,0.02,0.03,0.0000,0.02,0.02,0.03*62
$GPGST,040011.20,0.03,0.02,0.03,0.0000,0.02,0.02,0.03*60
$GPGST,040011.40,0.03,0.03,0.03,0.0000,0.03,0.03,0.03*67
$GPGST,040011.60,0.03,0.03,0.03,0.0000,0.03,0.03,0.03*65
$GPGST,040011.80,0.03,0.03,0.03,0.0000,0.03,0.03,0.03*6B
$GPGST,040012.00,0.03,0.02,0.03,0.0000,0.02,0.02,0.03*61
$GPGST,040012.20,0.03,0.02,0.03,0.0000,0.02,0.02,0.03*63
$GPGST,040012.40,0.03,0.03,0.03,0.0000,0.03,0.03,0.03*64
$GPGST,040012.60,0.03,0.03,0.03,0.0000,0.03,0.03,0.03*66
$GPGST,040012.80,0.04,0.03,0.04,0.0000,0.03,0.03,0.04*6F
$GPGST,040013.00,0.03,0.02,0.03,0.0000,0.02,0.02,0.03*60
$GPGST,040013.20,0.03,0.03,0.03,0.0000,0.03,0.03,0.03*63
$GPGST,040013.40,0.03,0.03,0.03,0.0000,0.03,0.03,0.03*65
$GPGST,040013.60,0.04,0.03,0.04,0.0000,0.03,0.03,0.04*60
$GPGST,040013.80,0.04,0.03,0.04,0.0000,0.03,0.03,0.04*6E
$GPGST,040014.00,0.04,0.04,0.04,0.0000,0.04,0.04,0.04*66
$GPGST,040014.20,0.04,0.04,0.04,0.0000,0.04,0.04,0.04*64
$GPGST,040014.40,0.04,0.04,0.04,0.0000,0.04,0.04,0.04*62
$GPGST,040014.60,0.05,0.04,0.05,0.0000,0.04,0.04,0.05*61
$GPGST,040014.80,0.05,0.04,0.05,0.0000,0.04,0.04,0.05*6F
$GPGST,040015.00,0.03,0.02,0.03,0.0000,0.02,0.02,0.03*66
$GPGST,040015.20,0.03,0.02,0.03,0.0000,0.02,0.02,0.03*64
$GPGST,040015.40,0.03,0.02,0.03,0.0000,0.02,0.02,0.03*62
$GPGST,040015.60,0.03,0.03,0.03,0.0000,0.03,0.03,0.03*61
$GPGST,040015.80,0.03,0.03,0.03,0.0000,0.03,0.03,0.03*6F
$GPGST,040016.00,0.03,0.02,0.03,0.0000,0.02,0.02,0.03*65
$GPGST,040016.20,0.03,0.02,0.03,0.0000,0.02,0.02,0.03*67
$GPGST,040016.40,0.03,0.03,0.03,0.0000,0.03,0.03,0.03*60
$GPGST,040016.60,0.03,0.03,0.03,0.0000,0.03,0.03,0.03*62
$GPGST,040016.80,0.04,0.03,0.04,0.0000,0.03,0.03,0.04*6B
$GPGST,040017.00,0.03,0.02,0.03,0.0000,0.02,0.02,0.03*64
$GPGST,040017.20,0.03,0.02,0.03,0.0000,0.02,0.02,0.03*66
$GPGST,040017.40,0.03,0.03,0.03,0.0000,0.03,0.03,0.03*61
$GPGST,040017.60,0.03,0.03,0.03,0.0000,0.03,0.03,0.03*63
$GPGST,040017.80,0.04,0.03,0.04,0.0000,0.03,0.03,0.04*6A
$GPGST,040018.00,0.03,0.03,0.03,0.0000,0.03,0.03,0.03*6A
$GPGST,040018.20,0.04,0.03,0.04,0.0000,0.03,0.03,0.04*6F
$GPGST,040018.40,0.04,0.03,0.04,0.0000,0.03,0.03,0.04*69
$GPGST,040018.60,0.04,0.03,0.04,0.0000,0.03,0.03,0.04*6B
$GPGST,040018.80,0.04,0.03,0.04,0.0000,0.03,0.03,0.04*65
$GPGST,040019.00,0.03,0.02,0.03,0.0000,0.02,0.02,0.03*6A
$GPGST,040019.20,0.03,0.03,0.03,0.0000,0.03,0.03,0.03*69
$GPGST,040019.40,0.03,0.03,0.03,0.0000,0.03,0.03,0.03*6F
$GPGST,040019.60,0.04,0.03,0.04,0.0000,0.03,0.03,0.04*6A
$GPGST,040019.80,0.04,0.03,0.04,0.0000,0.03,0.03,0.04*64
$GPGST,040020.00,0.03,0.02,0.03,0.0000,0.02,0.02,0.03*60
$GPGST,040020.20,0.04,0.03,0.04,0.0000,0.03,0.03,0.04*64
$GPGST,040020.40,0.04,0.03,0.04,0.0000,0.03,0.03,0.04*62
$GPGST,040020.60,0.04,0.03,0.04,0.0000,0.03,0.03,0.04*60
$GPGST,040020.80,0.04,0.03,0.04,0.0000,0.03,0.03,0.04*6E
$GPGST,040021.00,0.03,0.02,0.03,0.0000,0.02,0.02,0.03*61
$GPGST,040021.20,0.03,0.03,0.03,0.0000,0.03,0.03,0.03*62
$GPGST,040021.40,0.03,0.03,0.03,0.0000,0.03,0.03,0.03*64
$GPGST,040021.60,0.03,0.03,0.03,0.0000,0.03,0.03,0.03*66
$GPGST,040021.80,0.04,0.03,0.04,0.0000,0.03,0.03,0.04*6F
$GPGST,040022.00,0.03,0.02,0.03,0.0000,0.02,0.02,0.03*62
$GPGST,040022.20,0.03,0.02,0.03,0.0000,0.02,0.02,0.03*60
$GPGST,040022.40,0.03,0.03,0.03,0.0000,0.02,0.03,0.03*66
$GPGST,040022.60,0.03,0.03,0.03,0.0000,0.03,0.03,0.03*65
$GPGST,040022.80,0.03,0.03,0.03,0.0000,0.03,0.03,0.03*6B
$GPGST,040023.00,0.03,0.02,0.03,0.0000,0.02,0.02,0.03*63
$GPGST,040023.20,0.03,0.02,0.03,0.0000,0.02,0.02,0.03*61
$GPGST,040023.40,0.03,0.03,0.03,0.0000,0.03,0.03,0.03*66
$GPGST,040023.60,0.03,0.03,0.03,0.0000,0.03,0.03,0.03*64
$GPGST,040023.80,0.03,0.03,0.03,0.0000,0.03,0.03,0.03*6A
$GPGST,040024.00,0.04,0.03,0.04,0.0000,0.03,0.03,0.04*62
$GPGST,040024.20,0.04,0.03,0.04,0.0000,0.03,0.03,0.04*60
$GPGST,040024.40,0.04,0.03,0.04,0.0000,0.03,0.03,0.04*66
$GPGST,040024.60,0.04,0.03,0.04,0.0000,0.03,0.03,0.04*64
$GPGST,040024.80,0.04,0.04,0.04,0.0000,0.04,0.03,0.04*6A
$GPGST,040025.00,0.03,0.02,0.03,0.0000,0.02,0.02,0.03*65
$GPGST,040025.20,0.03,0.02,0.03,0.0000,0.02,0.02,0.03*67
$GPGST,040025.40,0.03,0.02,0.03,0.0000,0.02,0.02,0.03*61
$GPGST,040025.60,0.03,0.02,0.03,0.0000,0.02,0.02,0.03*63
$GPGST,040025.80,0.03,0.03,0.03,0.0000,0.03,0.03,0.03*6C
$GPGST,040026.00,0.03,0.02,0.03,0.0000,0.02,0.02,0.03*66
$GPGST,040026.20,0.03,0.02,0.03,0.0000,0.02,0.02,0.03*64
$GPGST,040026.40,0.03,0.02,0.03,0.0000,0.02,0.02,0.03*62
$GPGST,040026.60,0.03,0.02,0.03,0.0000,0.02,0.02,0.03*60
$GPGST,040026.80,0.03,0.03,0.03,0.0000,0.03,0.03,0.03*6F
$GPGST,040027.00,0.03,0.02,0.03,0.0000,0.02,0.02,0.03*67
$GPGST,040027.20,0.03,0.02,0.03,0.0000,0.02,0.02,0.03*65
$GPGST,040027.40,0.03,0.02,0.03,0.0000,0.02,0.02,0.03*63
$GPGST,040027.60,0.03,0.02,0.03,0.0000,0.02,0.02,0.03*61
$GPGST,040027.80,0.03,0.03,0.03,0.0000,0.03,0.03,0.03*6E
$GPGST,040028.00,0.03,0.02,0.03,0.0000,0.02,0.02,0.03*68
$GPGST,040028.20,0.03,0.02,0.03,0.0000,0.02,0.02,0.03*6A
$GPGST,040028.40,0.03,0.03,0.03,0.0000,0.03,0.03,0.03*6D
$GPGST,040028.60,0.03,0.03,0.03,0.0000,0.03,0.03,0.03*6F
$GPGST,040028.80,0.03,0.03,0.03,0.0000,0.03,0.03,0.03*61
$GPGST,040029.00,0.03,0.02,0.03,0.0000,0.02,0.02,0.03*69
$GPGST,040029.20,0.03,0.02,0.03,0.0000,0.02,0.02,0.03*6B
$GPGST,040029.40,0.03,0.03,0.03,0.0000,0.03,0.03,0.03*6C
$GPGST,040029.60,0.04,0.03,0.04,0.0000,0.03,0.03,0.04*69
$GPGST,040029.80,0.04,0.04,0.04,0.0000,0.04,0.04,0.04*60
$GPGST,040030.00,0.04,0.04,0.04,0.0000,0.04,0.03,0.04*67
$GPGST,040030.20,0.04,0.04,0.04,0.0000,0.04,0.04,0.04*62
$GPGST,040030.40,0.04,0.04,0.04,0.0000,0.04,0.04,0.04*64
$GPGST,040030.60,0.04,0.04,0.04,0.0000,0.04,0.04,0.04*66
$GPGST,040030.80,0.04,0.04,0.04,0.0000,0.04,0.04,0.04*68
$GPGST,040031.00,0.03,0.03,0.03,0.0000,0.03,0.03,0.03*61
$GPGST,040031.20,0.03,0.03,0.03,0.0000,0.03,0.03,0.03*63
$GPGST,040031.40,0.04,0.04,0.04,0.0000,0.04,0.04,0.04*65
$GPGST,040031.60,0.04,0.04,0.04,0.0000,0.04,0.04,0.04*67
$GPGST,040031.80,0.04,0.04,0.04,0.0000,0.04,0.04,0.04*69
$GPGST,040032.00,0.04,0.03,0.04,0.0000,0.03,0.03,0.04*65
$GPGST,040032.20,0.04,0.03,0.04,0.0000,0.03,0.03,0.04*67
$GPGST,040032.40,0.04,0.04,0.04,0.0000,0.04,0.04,0.04*66
$GPGST,040032.60,0.04,0.04,0.04,0.0000,0.04,0.04,0.04*64
$GPGST,040032.80,0.04,0.04,0.04,0.0000,0.04,0.04,0.04*6A
$GPGST,040033.00,0.03,0.02,0.03,0.0000,0.02,0.02,0.03*62
$GPGST,040033.20,0.03,0.03,0.03,0.0000,0.03,0.03,0.03*61
$GPGST,040033.40,0.04,0.03,0.04,0.0000,0.03,0.03,0.04*60
$GPGST,040033.60,0.04,0.03,0.04,0.0000,0.03,0.03,0.04*62
$GPGST,040033.80,0.04,0.03,0.04,0.0000,0.03,0.03,0.04*6C
$GPGST,040034.00,0.03,0.03,0.03,0.0000,0.03,0.03,0.03*64
$GPGST,040034.20,0.04,0.03,0.04,0.0000,0.03,0.03,0.04*61
$GPGST,040034.40,0.04,0.04,0.04,0.0000,0.03,0.04,0.04*67
$GPGST,040034.60,0.04,0.04,0.04,0.0000,0.04,0.04,0.04*62
$GPGST,040034.80,0.04,0.04,0.04,0.0000,0.04,0.04,0.04*6C
$GPGST,040035.00,0.04,0.03,0.04,0.0000,0.03,0.03,0.04*62
$GPGST,040035.20,0.04,0.03,0.04,0.0000,0.03,0.03,0.04*60
$GPGST,040035.40,0.04,0.04,0.04,0.0000,0.03,0.04,0.04*66
$GPGST,040035.60,0.04,0.04,0.04,0.0000,0.04,0.04,0.04*63
$GPGST,040035.80,0.04,0.04,0.04,0.0000,0.04,0.04,0.04*6D
$GPGST,040036.00,0.03,0.02,0.03,0.0000,0.02,0.02,0.03*67
$GPGST,040036.20,0.03,0.02,0.03,0.0000,0.02,0.02,0.03*65
$GPGST,040036.40,0.03,0.02,0.03,0.0000,0.02,0.02,0.03*63
$GPGST,040036.60,0.03,0.03,0.03,0.0000,0.03,0.03,0.03*60
$GPGST,040036.80,0.04,0.03,0.04,0.0000,0.03,0.03,0.04*69
$GPGST,040037.00,0.03,0.02,0.03,0.0000,0.02,0.02,0.03*66
$GPGST,040037.20,0.03,0.02,0.03,0.0000,0.02,0.02,0.03*64
$GPGST,040037.40,0.03,0.03,0.03,0.0000,0.03,0.03,0.03*63
$GPGST,040037.60,0.03,0.03,0.03,0.0000,0.03,0.03,0.03*61
$GPGST,040037.80,0.04,0.03,0.04,0.0000,0.03,0.03,0.04*68
$GPGST,040038.00,0.03,0.02,0.03,0.0000,0.02,0.02,0.03*69
$GPGST,040038.20,0.03,0.02,0.03,0.0000,0.02,0.02,0.03*6B
$GPGST,040038.40,0.03,0.03,0.03,0.0000,0.03,0.03,0.03*6C
$GPGST,040038.60,0.04,0.03,0.04,0.0000,0.03,0.03,0.04*69
$GPGST,040038.80,0.04,0.03,0.04,0.0000,0.03,0.03,0.04*67
$GPGST,040039.00,0.03,0.03,0.03,0.0000,0.03,0.03,0.03*69
$GPGST,040039.20,0.03,0.03,0.03,0.0000,0.03,0.03,0.03*6B
$GPGST,040039.40,0.04,0.03,0.04,0.0000,0.03,0.03,0.04*6A
$GPGST,040039.60,0.04,0.03,0.04,0.0000,0.03,0.03,0.04*68
$GPGST,040039.80,0.04,0.03,0.04,0.0000,0.03,0.03,0.04*66
$GPGST,040040.00,0.03,0.03,0.03,0.0000,0.02,0.03,0.03*66
$GPGST,040040.20,0.03,0.03,0.03,0.0000,0.03,0.03,0.03*65
$GPGST,040040.40,0.04,0.03,0.04,0.0000,0.03,0.03,0.04*64
$GPGST,040040.60,0.04,0.03,0.04,0.0000,0.03,0.03,0.04*66
$GPGST,040040.80,0.04,0.04,0.04,0.0000,0.04,0.04,0.04*6F
$GPGST,040041.00,0.04,0.03,0.04,0.0000,0.03,0.03,0.04*61
$GPGST,040041.20,0.04,0.03,0.04,0.0000,0.03,0.03,0.04*63
$GPGST,040041.40,0.04,0.03,0.04,0.0000,0.03,0.03,0.04*65
$GPGST,040041.60,0.04,0.04,0.04,0.0000,0.03,0.04,0.04*67
$GPGST,040041.80,0.05,0.04,0.05,0.0000,0.04,0.04,0.05*6F
$GPGST,040042.00,0.03,0.03,0.03,0.0000,0.03,0.03,0.03*65
$GPGST,040042.20,0.04,0.03,0.04,0.0000,0.03,0.03,0.04*60
$GPGST,040042.40,0.04,0.03,0.04,0.0000,0.03,0.03,0.04*66
$GPGST,040042.60,0.04,0.03,0.04,0.0000,0.03,0.03,0.04*64
$GPGST,040042.80,0.04,0.03,0.04,0.0000,0.03,0.03,0.04*6A
$GPGST,040043.00,0.03,0.03,0.03,0.0000,0.02,0.03,0.03*65
$GPGST,040043.20,0.03,0.03,0.03,0.0000,0.03,0.03,0.03*66
$GPGST,040043.40,0.04,0.03,0.04,0.0000,0.03,0.03,0.04*67
$GPGST,040043.60,0.04,0.03,0.04,0.0000,0.03,0.03,0.04*65
$GPGST,040043.80,0.04,0.04,0.04,0.0000,0.04,0.04,0.04*6C
$GPGST,040044.00,0.03,0.03,0.03,0.0000,0.03,0.03,0.03*63
$GPGST,040044.20,0.04,0.03,0.04,0.0000,0.03,0.03,0.04*66
$GPGST,040044.40,0.04,0.03,0.04,0.0000,0.03,0.03,0.04*60
$GPGST,040044.60,0.04,0.03,0.04,0.0000,0.03,0.03,0.04*62
$GPGST,040044.80,0.04,0.03,0.04,0.0000,0.03,0.03,0.04*6C
$GPGST,040045.00,0.03,0.02,0.03,0.0000,0.02,0.02,0.03*63
$GPGST,040045.20,0.03,0.02,0.03,0.0000,0.02,0.02,0.03*61
$GPGST,040045.40,0.03,0.03,0.03,0.0000,0.02,0.03,0.03*67
$GPGST,040045.60,0.03,0.03,0.03,0.0000,0.03,0.03,0.03*64
$GPGST,040045.80,0.03,0.03,0.03,0.0000,0.03,0.03,0.03*6A
$GPGST,040046.00,0.03,0.02,0.03,0.0000,0.02,0.02,0.03*60
$GPGST,040046.20,0.03,0.02,0.03,0.0000,0.02,0.02,0.03*62
$GPGST,040046.40,0.03,0.02,0.03,0.0000,0.02,0.02,0.03*64
$GPGST,040046.60,0.03,0.02,0.03,0.0000,0.02,0.02,0.03*66
$GPGST,040046.80,0.03,0.03,0.03,0.0000,0.02,0.03,0.03*68
$GPGST,040047.00,0.03,0.02,0.03,0.0000,0.02,0.02,0.03*61
$GPGST,040047.20,0.03,0.02,0.03,0.0000,0.02,0.02,0.03*63
$GPGST,040047.40,0.03,0.02,0.03,0.0000,0.02,0.02,0.03*65
$GPGST,040047.60,0.04,0.03,0.04,0.0000,0.03,0.03,0.04*61
$GPGST,040047.80,0.04,0.03,0.04,0.0000,0.03,0.03,0.04*6F
$GPGST,040048.00,0.03,0.03,0.03,0.0000,0.02,0.03,0.03*6E
$GPGST,040048.20,0.03,0.03,0.03,0.0000,0.03,0.03,0.03*6D
$GPGST,040048.40,0.03,0.03,0.03,0.0000,0.03,0.03,0.03*6B
$GPGST,040048.60,0.04,0.03,0.04,0.0000,0.03,0.03,0.04*6E
$GPGST,040048.80,0.04,0.03,0.04,0.0000,0.03,0.03,0.04*60
$GPGST,040049.00,0.03,0.02,0.03,0.0000,0.02,0.02,0.03*6F
$GPGST,040049.20,0.03,0.02,0.03,0.0000,0.02,0.02,0.03*6D
$GPGST,040049.40,0.03,0.03,0.03,0.0000,0.02,0.03,0.03*6B
$GPGST,040049.60,0.03,0.03,0.03,0.0000,0.03,0.03,0.03*68
$GPGST,040049.80,0.03,0.03,0.03,0.0000,0.03,0.03,0.03*66
$GPGST,040050.00,0.03,0.02,0.03,0.0000,0.02,0.02,0.03*67
$GPGST,040050.20,0.03,0.02,0.03,0.0000,0.02,0.02,0.03*65
$GPGST,040050.40,0.03,0.02,0.03,0.0000,0.02,0.02,0.03*63
$GPGST,040050.60,0.03,0.02,0.03,0.0000,0.02,0.02,0.03*61
$GPGST,040050.80,0.03,0.03,0.03,0.0000,0.02,0.03,0.03*6F
$GPGST,040051.00,0.03,0.02,0.03,0.0000,0.02,0.02,0.03*66
$GPGST,040051.20,0.03,0.02,0.03,0.0000,0.02,0.02,0.03*64
$GPGST,040051.40,0.03,0.02,0.03,0.0000,0.02,0.02,0.03*62
$GPGST,040051.60,0.03,0.02,0.03,0.0000,0.02,0.02,0.03*60
$GPGST,040051.80,0.03,0.02,0.03,0.0000,0.02,0.02,0.03*6E
$GPGST,040052.00,0.02,0.02,0.02,0.0000,0.01,0.02,0.02*67
$GPGST,040052.20,0.02,0.02,0.02,0.0000,0.02,0.02,0.02*66
$GPGST,040052.40,0.03,0.02,0.03,0.0000,0.02,0.02,0.03*61
$GPGST,040052.60,0.03,0.02,0.03,0.0000,0.02,0.02,0.03*63
$GPGST,040052.80,0.03,0.02,0.03,0.0000,0.02,0.02,0.03*6D
$GPGST,040053.00,0.03,0.02,0.03,0.0000,0.02,0.02,0.03*64
$GPGST,040053.20,0.03,0.02,0.03,0.0000,0.02,0.02,0.03*66
$GPGST,040053.40,0.03,0.02,0.03,0.0000,0.02,0.02,0.03*60
$GPGST,040053.60,0.03,0.02,0.03,0.0000,0.02,0.02,0.03*62
$GPGST,040053.80,0.03,0.02,0.03,0.0000,0.02,0.02,0.03*6C
$GPGST,040054.00,0.02,0.02,0.02,0.0000,0.02,0.02,0.02*62
$GPGST,040054.20,0.02,0.02,0.02,0.0000,0.02,0.02,0.02*60
$GPGST,040054.40,0.03,0.02,0.03,0.0000,0.02,0.02,0.03*67
$GPGST,040054.60,0.03,0.03,0.03,0.0000,0.03,0.03,0.03*64
$GPGST,040054.80,0.03,0.03,0.03,0.0000,0.03,0.03,0.03*6A
$GPGST,040055.00,0.03,0.02,0.03,0.0000,0.02,0.02,0.03*62
$GPGST,040055.20,0.03,0.03,0.03,0.0000,0.02,0.03,0.03*60
$GPGST,040055.40,0.03,0.03,0.03,0.0000,0.03,0.03,0.03*67
$GPGST,040055.60,0.03,0.03,0.03,0.0000,0.03,0.03,0.03*65
$GPGST,040055.80,0.03,0.03,0.03,0.0000,0.03,0.03,0.03*6B
$GPGST,040056.00,0.02,0.02,0.02,0.0000,0.02,0.02,0.02*60
$GPGST,040056.20,0.03,0.02,0.03,0.0000,0.02,0.02,0.03*63
$GPGST,040056.40,0.03,0.03,0.03,0.0000,0.02,0.03,0.03*65
$GPGST,040056.60,0.03,0.03,0.03,0.0000,0.03,0.03,0.03*66
$GPGST,040056.80,0.03,0.03,0.03,0.0000,0.03,0.03,0.03*68
$GPGST,040057.00,0.03,0.02,0.03,0.0000,0.02,0.02,0.03*60
$GPGST,040057.20,0.03,0.03,0.03,0.0000,0.03,0.03,0.03*63
$GPGST,040057.40,0.03,0.03,0.03,0.0000,0.03,0.03,0.03*65
$GPGST,040057.60,0.04,0.03,0.04,0.0000,0.03,0.03,0.04*60
$GPGST,040057.80,0.04,0.03,0.04,0.0000,0.03,0.03,0.04*6E
$GPGST,040058.00,0.03,0.02,0.03,0.0000,0.02,0.02,0.03*6F
$GPGST,040058.20,0.03,0.02,0.03,0.0000,0.02,0.02,0.03*6D
$GPGST,040058.40,0.03,0.02,0.03,0.0000,0.02,0.02,0.03*6B
$GPGST,040058.60,0.03,0.02,0.03,0.0000,0.02,0.02,0.03*69
$GPGST,040058.80,0.03,0.03,0.03,0.0000,0.03,0.03,0.03*66
$GPGST,040059.00,0.03,0.02,0.03,0.0000,0.02,0.02,0.03*6E
$GPGST,040059.20,0.03,0.02,0.03,0.0000,0.02,0.02,0.03*6C
$GPGST,040059.40,0.03,0.02,0.03,0.0000,0.02,0.02,0.03*6A
$GPGST,040059.60,0.03,0.02,0.03,0.0000,0.02,0.02,0.03*68
$GPGST,040059.80,0.03,0.02,0.03,0.0000,0.02,0.02,0.03*66
$GPGST,040100.00,0.03,0.02,0.03,0.0000,0.02,0.02,0.03*63
$GPGST,040100.20,0.03,0.02,0.03,0.0000,0.02,0.02,0.03*61
$GPGST,040100.40,0.03,0.02,0.03,0.0000,0.02,0.02,0.03*67
$GPGST,040100.60,0.03,0.02,0.03,0.0000,0.02,0.02,0.03*65
$GPGST,040100.80,0.03,0.02,0.03,0.0000,0.02,0.02,0.03*6B
$GPGST,040101.00,0.03,0.02,0.03,0.0000,0.02,0.02,0.03*62
$GPGST,040101.20,0.03,0.02,0.03,0.0000,0.02,0.02,0.03*60
$GPGST,040101.40,0.03,0.02,0.03,0.0000,0.02,0.02,0.03*66
$GPGST,040101.60,0.03,0.02,0.03,0.0000,0.02,0.02,0.03*64
$GPGST,040101.80,0.03,0.02,0.03,0.0000,0.02,0.02,0.03*6A
$GPGST,040102.00,0.02,0.02,0.02,0.0000,0.02,0.02,0.02*60
$GPGST,040102.20,0.03,0.02,0.03,0.0000,0.02,0.02,0.03*63
$GPGST,040102.40,0.03,0.02,0.03,0.0000,0.02,0.02,0.03*65
$GPGST,040102.60,0.03,0.02,0.03,0.0000,0.02,0.02,0.03*67
$GPGST,040102.80,0.03,0.02,0.03,0.0000,0.02,0.02,0.03*69
$GPGST,040103.00,0.02,0.01,0.02,0.0000,0.01,0.01,0.02*62
$GPGST,040103.20,0.02,0.01,0.02,0.0000,0.01,0.01,0.02*60
$GPGST,040103.40,0.02,0.02,0.02,0.0000,0.02,0.02,0.02*65
$GPGST,040103.60,0.02,0.02,0.02,0.0000,0.02,0.02,0.02*67
$GPGST,040103.80,0.02,0.02,0.02,0.0000,0.02,0.02,0.02*69
$GPGST,040104.00,0.02,0.01,0.02,0.0000,0.01,0.01,0.02*65
$GPGST,040104.20,0.02,0.01,0.02,0.0000,0.01,0.01,0.02*67
$GPGST,040104.40,0.02,0.01,0.02,0.0000,0.01,0.01,0.02*61
$GPGST,040104.60,0.02,0.01,0.02,0.0000,0.01,0.01,0.02*63
$GPGST,040104.80,0.02,0.01,0.02,0.0000,0.01,0.01,0.02*6D
$GPGST,040105.00,0.02,0.01,0.02,0.0000,0.01,0.01,0.02*64
$GPGST,040105.20,0.02,0.01,0.02,0.0000,0.01,0.01,0.02*66
$GPGST,040105.40,0.02,0.01,0.02,0.0000,0.01,0.01,0.02*60
$GPGST,040105.60,0.02,0.01,0.02,0.0000,0.01,0.01,0.02*62
$GPGST,040105.80,0.02,0.01,0.02,0.0000,0.01,0.01,0.02*6C
$GPGST,040106.00,0.02,0.01,0.02,0.0000,0.01,0.01,0.02*67
$GPGST,040106.20,0.02,0.01,0.02,0.0000,0.01,0.01,0.02*65
$GPGST,040106.40,0.02,0.01,0.02,0.0000,0.01,0.01,0.02*63
$GPGST,040106.60,0.02,0.01,0.02,0.0000,0.01,0.01,0.02*61
$GPGST,040106.80,0.02,0.01,0.02,0.0000,0.01,0.01,0.02*6F
$GPGST,040107.00,0.02,0.01,0.02,0.0000,0.01,0.01,0.02*66
$GPGST,040107.20,0.02,0.01,0.02,0.0000,0.01,0.01,0.02*64
$GPGST,040107.40,0.02,0.01,0.02,0.0000,0.01,0.01,0.02*62
$GPGST,040107.60,0.02,0.01,0.02,0.0000,0.01,0.01,0.02*60
$GPGST,040107.80,0.02,0.01,0.02,0.0000,0.01,0.01,0.02*6E
$GPGST,040108.00,0.02,0.01,0.02,0.0000,0.01,0.01,0.02*69
$GPGST,040108.20,0.02,0.01,0.02,0.0000,0.01,0.01,0.02*6B
$GPGST,040108.40,0.02,0.01,0.02,0.0000,0.01,0.01,0.02*6D
$GPGST,040108.60,0.02,0.01,0.02,0.0000,0.01,0.01,0.02*6F
$GPGST,040108.80,0.02,0.01,0.02,0.0000,0.01,0.01,0.02*61
$GPGST,040109.00,0.02,0.01,0.02,0.0000,0.01,0.01,0.02*68
$GPGST,040109.20,0.02,0.01,0.02,0.0000,0.01,0.01,0.02*6A
$GPGST,040109.40,0.02,0.01,0.02,0.0000,0.01,0.01,0.02*6C
$GPGST,040109.60,0.02,0.01,0.02,0.0000,0.01,0.01,0.02*6E
$GPGST,040109.80,0.02,0.01,0.02,0.0000,0.01,0.01,0.02*60
$GPGST,040110.00,0.02,0.02,0.02,0.0000,0.02,0.02,0.02*63
$GPGST,040110.20,0.02,0.02,0.02,0.0000,0.02,0.02,0.02*61
$GPGST,040110.40,0.02,0.02,0.02,0.0000,0.02,0.02,0.02*67
$GPGST,040110.60,0.03,0.02,0.03,0.0000,0.02,0.02,0.03*64
$GPGST,040110.80,0.03,0.02,0.03,0.0000,0.02,0.02,0.03*6A
$GPGST,040111.00,0.02,0.01,0.02,0.0000,0.01,0.01,0.02*61
$GPGST,040111.20,0.02,0.01,0.02,0.0000,0.01,0.01,0.02*63
$GPGST,040111.40,0.02,0.01,0.02,0.0000,0.01,0.01,0.02*65
$GPGST,040111.60,0.02,0.01,0.02,0.0000,0.01,0.01,0.02*67
$GPGST,040111.80,0.02,0.01,0.02,0.0000,0.01,0.01,0.02*69
$GPGST,040112.00,0.02,0.01,0.02,0.0000,0.01,0.01,0.02*62
$GPGST,040112.20,0.02,0.01,0.02,0.0000,0.01,0.01,0.02*60
$GPGST,040112.40,0.02,0.01,0.02,0.0000,0.01,0.01,0.02*66
$GPGST,040112.60,0.02,0.02,0.02,0.0000,0.02,0.02,0.02*67
$GPGST,040112.80,0.03,0.02,0.03,0.0000,0.02,0.02,0.03*68
$GPGST,040113.00,0.02,0.01,0.02,0.0000,0.01,0.01,0.02*63
$GPGST,040113.20,0.02,0.01,0.02,0.0000,0.01,0.01,0.02*61
$GPGST,040113.40,0.02,0.01,0.02,0.0000,0.01,0.01,0.02*67
$GPGST,040113.60,0.02,0.02,0.02,0.0000,0.01,0.02,0.02*65
$GPGST,040113.80,0.03,0.02,0.03,0.0000,0.02,0.02,0.03*69
$GPGST,040114.00,0.02,0.01,0.02,0.0000,0.01,0.01,0.02*64
$GPGST,040114.20,0.02,0.01,0.02,0.0000,0.01,0.01,0.02*66
$GPGST,040114.40,0.02,0.02,0.02,0.0000,0.01,0.02,0.02*60
$GPGST,040114.60,0.02,0.02,0.02,0.0000,0.01,0.02,0.02*62
$GPGST,040114.80,0.03,0.02,0.03,0.0000,0.02,0.02,0.03*6E
$GPGST,040115.00,0.02,0.01,0.02,0.0000,0.01,0.01,0.02*65
$GPGST,040115.20,0.02,0.02,0.02,0.0000,0.02,0.02,0.02*64
$GPGST,040115.40,0.02,0.02,0.02,0.0000,0.02,0.02,0.02*62
$GPGST,040115.60,0.03,0.02,0.03,0.0000,0.02,0.02,0.03*61
$GPGST,040115.80,0.03,0.02,0.03,0.0000,0.02,0.02,0.03*6F
$GPGST,040116.00,0.02,0.01,0.02,0.0000,0.01,0.01,0.02*66
$GPGST,040116.20,0.02,0.01,0.02,0.0000,0.01,0.01,0.02*64
$GPGST,040116.40,0.02,0.02,0.02,0.0000,0.01,0.02,0.02*62
$GPGST,040116.60,0.03,0.02,0.03,0.0000,0.02,0.02,0.03*62
$GPGST,040116.80,0.03,0.02,0.03,0.0000,0.02,0.02,0.03*6C
$GPGST,040117.00,0.02,0.02,0.02,0.0000,0.01,0.02,0.02*67
$GPGST,040117.20,0.02,0.02,0.02,0.0000,0.01,0.02,0.02*65
$GPGST,040117.40,0.03,0.02,0.03,0.0000,0.02,0.02,0.03*61
$GPGST,040117.60,0.03,0.02,0.03,0.0000,0.02,0.02,0.03*63
$GPGST,040117.80,0.03,0.02,0.03,0.0000,0.02,0.02,0.03*6D
$GPGST,040118.00,0.03,0.02,0.03,0.0000,0.02,0.02,0.03*6A
$GPGST,040118.20,0.03,0.02,0.03,0.0000,0.02,0.02,0.03*68
$GPGST,040118.40,0.03,0.02,0.03,0.0000,0.02,0.02,0.03*6E
$GPGST,040118.60,0.03,0.02,0.03,0.0000,0.02,0.02,0.03*6C
$GPGST,040118.80,0.03,0.02,0.03,0.0000,0.02,0.02,0.03*62
$GPGST,040119.00,0.02,0.01,0.02,0.0000,0.01,0.01,0.02*69
$GPGST,040119.20,0.02,0.01,0.02,0.0000,0.01,0.01,0.02*6B
$GPGST,040119.40,0.02,0.02,0.02,0.0000,0.01,0.02,0.02*6D
$GPGST,040119.60,0.03,0.02,0.03,0.0000,0.02,0.02,0.03*6D
$GPGST,040119.80,0.03,0.02,0.03,0.0000,0.02,0.02,0.03*63
$GPGST,040120.00,0.03,0.02,0.03,0.0000,0.02,0.02,0.03*61
$GPGST,040120.20,0.03,0.02,0.03,0.0000,0.02,0.02,0.03*63
$GPGST,040120.40,0.03,0.02,0.03,0.0000,0.02,0.02,0.03*65
$GPGST,040120.60,0.03,0.02,0.03,0.0000,0.02,0.02,0.03*67
$GPGST,040120.80,0.03,0.02,0.03,0.0000,0.02,0.02,0.03*69
$GPGST,040121.00,0.02,0.01,0.02,0.0000,0.01,0.01,0.02*62
$GPGST,040121.20,0.02,0.02,0.02,0.0000,0.02,0.02,0.02*63
$GPGST,040121.40,0.02,0.02,0.02,0.0000,0.02,0.02,0.02*65
$GPGST,040121.60,0.03,0.02,0.03,0.0000,0.02,0.02,0.03*66
$GPGST,040121.80,0.03,0.02,0.03,0.0000,0.02,0.02,0.03*68