$GQGSV,1,1,02,03,39,170,45,07,53,169,41,,,,,,,,*7E
$GQGSV,1,1,02,03,39,170,45,07,53,169,41,,,,,,,,*7E
$GQGSV,1,1,02,03,39,170,45,07,53,169,41,,,,,,,,*7E
$GQGSV,1,1,02,03,39,170,45,07,53,169,41,,,,,,,,*7E
$GQGSV,1,1,02,03,39,170,45,07,53,169,41,,,,,,,,*7E
$GQGSV,1,1,02,03,39,170,45,07,53,169,41,,,,,,,,*7E
$GQGSV,1,1,02,03,39,170,45,07,53,169,41,,,,,,,,*7E
$GQGSV,1,1,02,03,39,170,45,07,53,169,41,,,,,,,,*7E
$GQGSV,1,1,02,03,39,170,45,07,53,169,41,,,,,,,,*7E
$GQGSV,1,1,02,03,39,170,45,07,53,169,41,,,,,,,,*7E
$GQGSV,1,1,02,03,39,170,45,07,53,169,41,,,,,,,,*7E
$GQGSV,1,1,02,03,39,170,45,07,53,169,41,,,,,,,,*7E
$GQGSV,1,1,02,03,39,170,45,07,53,169,41,,,,,,,,*7E
$GQGSV,1,1,02,03,39,170,44,07,53,169,41,,,,,,,,*7F
$GQGSV,1,1,02,03,39,170,44,07,53,169,41,,,,,,,,*7F
$GQGSV,1,1,02,03,39,170,44,07,53,169,41,,,,,,,,*7F
$GQGSV,1,1,02,03,39,170,44,07,53,169,41,,,,,,,,*7F
$GQGSV,1,1,02,03,39,170,44,07,53,169,41,,,,,,,,*7F
$GQGSV,1,1,02,03,39,170,44,07,53,169,41,,,,,,,,*7F
$GQGSV,1,1,02,03,39,170,44,07,53,169,41,,,,,,,,*7F
$GQGSV,1,1,02,03,39,170,44,07,53,169,41,,,,,,,,*7F
$GQGSV,1,1,02,03,39,170,44,07,53,169,41,,,,,,,,*7F
$GQGSV,1,1,02,03,39,170,44,07,53,169,41,,,,,,,,*7F
$GQGSV,1,1,02,03,39,170,44,07,53,169,41,,,,,,,,*7F
$GQGSV,1,1,02,03,39,170,44,07,53,169,41,,,,,,,,*7F
$GQGSV,1,1,02,03,39,170,44,07,53,169,41,,,,,,,,*7F
$GQGSV,1,1,02,03,39,170,44,07,53,169,41,,,,,,,,*7F
$GQGSV,1,1,02,03,39,170,44,07,53,169,41,,,,,,,,*7F
$GQGSV,1,1,02,03,39,170,44,07,53,169,41,,,,,,,,*7F
$GQGSV,1,1,02,03,39,170,44,07,53,169,41,,,,,,,,*7F
$GQGSV,1,1,02,03,39,170,44,07,53,169,41,,,,,,,,*7F
$GQGSV,1,1,02,03,39,170,44,07,53,169,41,,,,,,,,*7F
$GQGSV,1,1,02,03,39,170,44,07,53,169,41,,,,,,,,*7F
$GQGSV,1,1,02,03,39,170,44,07,53,169,41,,,,,,,,*7F
$GQGSV,1,1,02,03,39,170,44,07,53,169,41,,,,,,,,*7F
$GQGSV,1,1,02,03,39,170,44,07,53,169,41,,,,,,,,*7F
$GQGSV,1,1,02,03,39,170,44,07,53,169,41,,,,,,,,*7F
$GQGSV,1,1,02,03,39,170,44,07,53,169,41,,,,,,,,*7F
$GQGSV,1,1,02,03,39,170,44,07,53,169,41,,,,,,,,*7F
$GQGSV,1,1,02,03,39,170,44,07,53,169,41,,,,,,,,*7F
$GQGSV,1,1,02,03,39,170,44,07,53,169,41,,,,,,,,*7F
$GQGSV,1,1,02,03,39,170,44,07,53,169,41,,,,,,,,*7F
$GQGSV,1,1,02,03,39,170,44,07,53,169,41,,,,,,,,*7F
$GQGSV,1,1,02,03,39,170,44,07,53,169,41,,,,,,,,*7F
$GQGSV,1,1,02,03,39,170,44,07,53,169,41,,,,,,,,*7F
$GQGSV,1,1,02,03,39,170,44,07,53,169,41,,,,,,,,*7F
$GQGSV,1,1,02,03,39,170,44,07,53,169,41,,,,,,,,*7F
$GQGSV,1,1,02,03,39,170,44,07,53,169,41,,,,,,,,*7F
$GQGSV,1,1,02,03,39,170,44,07,53,169,41,,,,,,,,*7F
$GQGSV,1,1,02,03,39,170,44,07,53,169,41,,,,,,,,*7F
$GQGSV,1,1,02,03,39,170,44,07,53,169,41,,,,,,,,*7F
$GQGSV,1,1,02,03,39,170,44,07,53,169,41,,,,,,,,*7F
$GQGSV,1,1,02,03,39,170,44,07,53,169,41,,,,,,,,*7F
$GQGSV,1,1,02,03,39,170,44,07,53,169,41,,,,,,,,*7F
$GQGSV,1,1,02,03,39,170,44,07,53,169,41,,,,,,,,*7F
$GQGSV,1,1,02,03,39,170,44,07,53,169,41,,,,,,,,*7F
$GQGSV,1,1,02,03,39,170,44,07,53,169,41,,,,,,,,*7F
$GQGSV,1,1,02,03,39,170,44,07,53,169,41,,,,,,,,*7F
$GQGSV,1,1,02,03,39,170,44,07,53,169,41,,,,,,,,*7F
$GQGSV,1,1,02,03,39,170,44,07,53,169,41,,,,,,,,*7F
$GQGSV,1,1,02,03,39,170,44,07,53,169,41,,,,,,,,*7F
$GQGSV,1,1,02,03,39,170,44,07,53,169,41,,,,,,,,*7F
$GQGSV,1,1,02,03,39,170,44,07,53,169,41,,,,,,,,*7F
$GQGSV,1,1,02,03,39,170,44,07,53,169,41,,,,,,,,*7F
$GQGSV,1,1,02,03,39,170,44,07,53,169,41,,,,,,,,*7F
$GQGSV,1,1,02,03,39,170,44,07,53,169,41,,,,,,,,*7F
$GQGSV,1,1,02,03,39,170,44,07,53,169,41,,,,,,,,*7F
$GQGSV,1,1,02,03,39,170,44,07,53,169,41,,,,,,,,*7F
$GQGSV,1,1,02,03,39,170,44,07,53,169,41,,,,,,,,*7F
$GQGSV,1,1,02,03,39,170,44,07,53,169,41,,,,,,,,*7F
$GQGSV,1,1,02,03,39,170,44,07,53,169,41,,,,,,,,*7F
$GQGSV,1,1,02,03,39,170,44,07,53,169,41,,,,,,,,*7F
$GQGSV,1,1,02,03,39,170,44,07,53,169,42,,,,,,,,*7C
$GQGSV,1,1,02,03,39,170,44,07,53,169,42,,,,,,,,*7C
$GQGSV,1,1,02,03,39,170,44,07,53,169,42,,,,,,,,*7C
$GQGSV,1,1,02,03,39,170,44,07,53,169,42,,,,,,,,*7C
$GQGSV,1,1,02,03,39,170,44,07,53,169,42,,,,,,,,*7C
$GQGSV,1,1,02,03,39,170,44,07,53,169,42,,,,,,,,*7C
$GQGSV,1,1,02,03,39,170,44,07,53,169,42,,,,,,,,*7C
$GQGSV,1,1,02,03,39,170,44,07,53,169,42,,,,,,,,*7C
$GQGSV,1,1,02,03,39,170,45,07,53,169,42,,,,,,,,*7D
$GQGSV,1,1,02,03,39,170,45,07,53,169,42,,,,,,,,*7D
$GQGSV,1,1,02,03,39,170,45,07,53,169,42,,,,,,,,*7D
$GQGSV,1,1,02,03,39,170,45,07,53,169,42,,,,,,,,*7D
$GQGSV,1,1,02,03,39,170,45,07,53,169,42,,,,,,,,*7D
$GQGSV,1,1,02,03,39,170,45,07,53,169,42,,,,,,,,*7D
$GQGSV,1,1,02,03,39,170,45,07,53,169,42,,,,,,,,*7D
$GQGSV,1,1,02,03,39,170,45,07,53,169,42,,,,,,,,*7D
$GQGSV,1,1,02,03,39,170,44,07,53,169,42,,,,,,,,*7C
$GQGSV,1,1,02,03,39,170,44,07,53,169,42,,,,,,,,*7C
$GQGSV,1,1,02,03,39,170,44,07,53,169,42,,,,,,,,*7C
$GQGSV,1,1,02,03,39,170,44,07,53,169,42,,,,,,,,*7C
$GQGSV,1,1,02,03,39,170,44,07,53,169,42,,,,,,,,*7C
$GQGSV,1,1,02,03,39,170,44,07,53,169,42,,,,,,,,*7C
$GQGSV,1,1,02,03,39,170,44,07,53,169,42,,,,,,,,*7C
$GQGSV,1,1,02,03,39,170,44,07,53,169,42,,,,,,,,*7C
$GQGSV,1,1,02,03,39,170,44,07,53,169,41,,,,,,,,*7F
$GQGSV,1,1,02,03,39,170,44,07,53,169,41,,,,,,,,*7F
$GQGSV,1,1,02,03,39,170,44,07,53,169,41,,,,,,,,*7F
$GQGSV,1,1,02,03,39,170,44,07,53,169,41,,,,,,,,*7F
$GQGSV,1,1,02,03,39,170,44,07,53,169,41,,,,,,,,*7F
$GQGSV,1,1,02,03,39,170,44,07,53,169,41,,,,,,,,*7F
$GQGSV,1,1,02,03,39,170,44,07,53,169,41,,,,,,,,*7F
$GQGSV,1,1,02,03,39,170,44,07,53,169,41,,,,,,,,*7F
$GQGSV,1,1,02,03,39,170,44,07,53,169,41,,,,,,,,*7F
$GQGSV,1,1,02,03,39,170,44,07,53,169,41,,,,,,,,*7F
$GQGSV,1,1,02,03,39,170,44,07,53,169,41,,,,,,,,*7F
$GQGSV,1,1,02,03,39,170,44,07,53,169,41,,,,,,,,*7F
$GQGSV,1,1,02,03,39,170,44,07,53,169,41,,,,,,,,*7F
$GQGSV,1,1,02,03,39,170,44,07,53,169,41,,,,,,,,*7F
$GQGSV,1,1,02,03,39,170,44,07,53,169,41,,,,,,,,*7F
$GQGSV,1,1,02,03,39,170,44,07,53,169,41,,,,,,,,*7F
$GQGSV,1,1,02,03,39,170,44,07,53,169,41,,,,,,,,*7F
$GQGSV,1,1,02,03,39,170,44,07,53,169,41,,,,,,,,*7F
$GQGSV,1,1,02,03,39,170,44,07,53,169,41,,,,,,,,*7F
$GQGSV,1,1,02,03,39,170,44,07,53,169,41,,,,,,,,*7F
$GQGSV,1,1,02,03,39,170,44,07,53,169,41,,,,,,,,*7F
$GQGSV,1,1,02,03,39,170,44,07,53,169,41,,,,,,,,*7F
$GQGSV,1,1,02,03,39,170,44,07,53,169,41,,,,,,,,*7F
$GQGSV,1,1,02,03,39,170,44,07,53,169,41,,,,,,,,*7F
$GQGSV,1,1,02,03,39,170,44,07,53,169,41,,,,,,,,*7F
$GQGSV,1,1,02,03,39,170,44,07,53,169,41,,,,,,,,*7F
$GQGSV,1,1,02,03,39,170,44,07,53,169,41,,,,,,,,*7F
$GQGSV,1,1,02,03,39,170,44,07,53,169,41,,,,,,,,*7F
$GQGSV,1,1,02,03,39,170,44,07,53,169,41,,,,,,,,*7F
$GQGSV,1,1,02,03,39,170,44,07,53,169,41,,,,,,,,*7F
$GQGSV,1,1,02,03,39,170,44,07,53,169,41,,,,,,,,*7F
$GQGSV,1,1,02,03,39,170,44,07,53,169,41,,,,,,,,*7F
$GQGSV,1,1,02,03,39,170,44,07,53,169,41,,,,,,,,*7F
$GQGSV,1,1,02,03,39,170,44,07,53,169,41,,,,,,,,*7F
$GQGSV,1,1,02,03,39,170,44,07,53,169,41,,,,,,,,*7F
$GQGSV,1,1,02,03,39,170,44,07,53,169,41,,,,,,,,*7F
$GQGSV,1,1,02,03,39,170,44,07,53,169,41,,,,,,,,*7F
$GQGSV,1,1,02,03,39,170,44,07,53,169,41,,,,,,,,*7F
$GQGSV,1,1,02,03,39,170,44,07,53,169,41,,,,,,,,*7F
$GQGSV,1,1,02,03,39,170,44,07,53,169,41,,,,,,,,*7F
$GQGSV,1,1,02,03,39,170,44,07,53,169,41,,,,,,,,*7F
$GQGSV,1,1,02,03,39,170,44,07,53,169,41,,,,,,,,*7F
$GQGSV,1,1,02,03,39,170,44,07,53,169,41,,,,,,,,*7F
$GQGSV,1,1,02,03,39,170,44,07,53,169,41,,,,,,,,*7F
$GQGSV,1,1,02,03,39,170,44,07,53,169,41,,,,,,,,*7F
$GQGSV,1,1,02,03,39,170,44,07,53,169,41,,,,,,,,*7F
$GQGSV,1,1,02,03,39,170,44,07,53,169,41,,,,,,,,*7F
$GQGSV,1,1,02,03,39,170,44,07,53,169,41,,,,,,,,*7F
$GQGSV,1,1,02,03,39,170,44,07,53,169,41,,,,,,,,*7F
$GQGSV,1,1,02,03,39,170,44,07,53,169,41,,,,,,,,*7F
$GQGSV,1,1,02,03,39,170,44,07,53,169,41,,,,,,,,*7F
$GQGSV,1,1,02,03,39,170,44,07,53,169,41,,,,,,,,*7F
$GQGSV,1,1,02,03,39,170,44,07,53,169,41,,,,,,,,*7F
$GQGSV,1,1,02,03,39,170,44,07,53,169,41,,,,,,,,*7F
$GQGSV,1,1,02,03,39,170,44,07,53,169,41,,,,,,,,*7F
$GQGSV,1,1,02,03,39,170,44,07,53,169,41,,,,,,,,*7F
$GQGSV,1,1,02,03,39,170,44,07,53,169,41,,,,,,,,*7F
$GQGSV,1,1,02,03,39,170,44,07,53,169,41,,,,,,,,*7F
$GQGSV,1,1,02,03,39,170,44,07,53,169,41,,,,,,,,*7F
$GQGSV,1,1,02,03,39,170,44,07,53,169,41,,,,,,,,*7F
$GQGSV,1,1,02,03,39,170,44,07,53,169,41,,,,,,,,*7F
$GQGSV,1,1,02,03,39,170,44,07,53,169,41,,,,,,,,*7F
$GQGSV,1,1,02,03,39,170,44,07,53,169,41,,,,,,,,*7F
$GQGSV,1,1,02,03,39,170,44,07,53,169,41,,,,,,,,*7F
$GQGSV,1,1,02,03,39,170,44,07,53,169,41,,,,,,,,*7F
$GQGSV,1,1,02,03,39,170,44,07,53,169,41,,,,,,,,*7F
$GQGSV,1,1,02,03,39,170,44,07,53,169,41,,,,,,,,*7F
$GQGSV,1,1,02,03,39,170,44,07,53,169,41,,,,,,,,*7F
$GQGSV,1,1,02,03,39,170,44,07,53,169,41,,,,,,,,*7F
$GQGSV,1,1,02,03,39,170,44,07,53,169,41,,,,,,,,*7F
$GQGSV,1,1,02,03,39,170,44,07,53,169,41,,,,,,,,*7F
$GQGSV,1,1,02,03,39,170,44,07,53,169,41,,,,,,,,*7F
$GQGSV,1,1,02,03,39,170,44,07,53,169,41,,,,,,,,*7F
$GQGSV,1,1,02,03,39,170,44,07,53,169,41,,,,,,,,*7F
$GQGSV,1,1,02,03,39,170,44,07,53,169,41,,,,,,,,*7F
$GQGSV,1,1,02,03,39,170,44,07,53,169,41,,,,,,,,*7F
$GQGSV,1,1,02,03,39,170,44,07,53,169,41,,,,,,,,*7F
$GQGSV,1,1,02,03,39,170,44,07,53,169,41,,,,,,,,*7F
$GQGSV,1,1,02,03,39,170,44,07,53,169,41,,,,,,,,*7F
$GQGSV,1,1,02,03,39,170,44,07,53,169,41,,,,,,,,*7F
$GQGSV,1,1,02,03,39,170,44,07,53,169,41,,,,,,,,*7F
$GQGSV,1,1,02,03,39,170,44,07,53,169,41,,,,,,,,*7F
$GQGSV,1,1,02,03,39,170,44,07,53,169,41,,,,,,,,*7F
$GQGSV,1,1,02,03,39,170,44,07,53,169,41,,,,,,,,*7F
$GQGSV,1,1,02,03,39,170,44,07,53,169,41,,,,,,,,*7F
$GQGSV,1,1,02,03,39,170,44,07,53,169,41,,,,,,,,*7F
$GQGSV,1,1,02,03,39,170,44,07,53,169,41,,,,,,,,*7F
$GQGSV,1,1,02,03,39,170,44,07,53,169,41,,,,,,,,*7F
$GQGSV,1,1,02,03,39,170,44,07,53,169,41,,,,,,,,*7F
$GQGSV,1,1,02,03,39,170,44,07,53,169,41,,,,,,,,*7F
$GQGSV,1,1,02,03,39,170,44,07,53,169,41,,,,,,,,*7F
$GQGSV,1,1,02,03,39,170,44,07,53,169,41,,,,,,,,*7F
$GQGSV,1,1,02,03,39,170,44,07,53,169,41,,,,,,,,*7F
$GQGSV,1,1,02,03,39,170,44,07,53,169,41,,,,,,,,*7F
$GQGSV,1,1,02,03,39,170,44,07,53,169,41,,,,,,,,*7F
$GQGSV,1,1,02,03,39,170,44,07,53,169,41,,,,,,,,*7F
$GQGSV,1,1,02,03,39,170,44,07,53,169,41,,,,,,,,*7F
$GQGSV,1,1,02,03,39,170,44,07,53,169,41,,,,,,,,*7F
$GQGSV,1,1,02,03,39,170,44,07,53,169,41,,,,,,,,*7F
$GQGSV,1,1,02,03,39,170,44,07,53,169,41,,,,,,,,*7F
$GQGSV,1,1,02,03,39,170,44,07,53,169,41,,,,,,,,*7F
$GQGSV,1,1,02,03,39,170,44,07,53,169,41,,,,,,,,*7F
$GQGSV,1,1,02,03,39,170,44,07,53,169,41,,,,,,,,*7F
$GQGSV,1,1,02,03,39,170,44,07,53,169,41,,,,,,,,*7F
$GQGSV,1,1,02,03,39,170,44,07,53,169,41,,,,,,,,*7F
$GQGSV,1,1,02,03,39,170,44,07,53,169,41,,,,,,,,*7F
$GQGSV,1,1,02,03,39,170,44,07,53,169,41,,,,,,,,*7F
$GQGSV,1,1,02,03,39,170,44,07,53,169,41,,,,,,,,*7F
$GQGSV,1,1,02,03,39,170,44,07,53,169,41,,,,,,,,*7F
$GQGSV,1,1,02,03,39,170,44,07,53,169,41,,,,,,,,*7F
$GQGSV,1,1,02,03,39,170,44,07,53,169,41,,,,,,,,*7F
$GQGSV,1,1,02,03,39,170,44,07,53,169,41,,,,,,,,*7F
$GQGSV,1,1,02,03,39,170,44,07,53,169,41,,,,,,,,*7F
$GQGSV,1,1,02,03,39,170,44,07,53,169,41,,,,,,,,*7F
$GQGSV,1,1,02,03,39,170,44,07,53,169,41,,,,,,,,*7F
$GQGSV,1,1,02,03,39,170,44,07,53,169,41,,,,,,,,*7F
$GQGSV,1,1,02,03,39,170,44,07,53,169,41,,,,,,,,*7F
$GQGSV,1,1,02,03,39,170,44,07,53,169,41,,,,,,,,*7F
$GQGSV,1,1,02,03,39,170,44,07,53,169,41,,,,,,,,*7F
$GQGSV,1,1,02,03,39,170,44,07,53,169,41,,,,,,,,*7F
$GQGSV,1,1,02,03,39,170,44,07,53,169,41,,,,,,,,*7F
$GQGSV,1,1,02,03,39,170,44,07,53,169,41,,,,,,,,*7F
$GQGSV,1,1,02,03,39,170,44,07,53,169,41,,,,,,,,*7F
$GQGSV,1,1,02,03,39,170,44,07,53,169,41,,,,,,,,*7F
$GQGSV,1,1,02,03,39,170,44,07,53,169,41,,,,,,,,*7F
$GQGSV,1,1,02,03,39,170,44,07,53,169,41,,,,,,,,*7F
$GQGSV,1,1,02,03,39,170,44,07,53,169,41,,,,,,,,*7F
$GQGSV,1,1,02,03,39,170,44,07,53,169,41,,,,,,,,*7F
$GQGSV,1,1,02,03,39,170,44,07,53,169,41,,,,,,,,*7F
$GQGSV,1,1,02,03,39,170,44,07,53,169,41,,,,,,,,*7F
$GQGSV,1,1,02,03,39,170,44,07,53,169,41,,,,,,,,*7F
$GQGSV,1,1,02,03,39,170,44,07,53,169,41,,,,,,,,*7F
$GQGSV,1,1,02,03,39,170,44,07,53,169,41,,,,,,,,*7F
$GQGSV,1,1,02,03,39,170,44,07,53,169,41,,,,,,,,*7F
$GQGSV,1,1,02,03,39,170,44,07,53,169,41,,,,,,,,*7F
$GQGSV,1,1,02,03,39,170,44,07,53,169,41,,,,,,,,*7F
$GQGSV,1,1,02,03,39,170,44,07,53,169,41,,,,,,,,*7F
$GQGSV,1,1,02,03,39,170,44,07,53,169,41,,,,,,,,*7F
$GQGSV,1,1,02,03,39,170,44,07,53,169,41,,,,,,,,*7F
$GQGSV,1,1,02,03,39,170,44,07,53,169,41,,,,,,,,*7F
$GQGSV,1,1,02,03,39,170,44,07,53,169,41,,,,,,,,*7F
$GQGSV,1,1,02,03,39,170,44,07,53,169,41,,,,,,,,*7F
$GQGSV,1,1,02,03,39,170,44,07,53,169,41,,,,,,,,*7F
$GQGSV,1,1,02,03,39,170,44,07,53,169,41,,,,,,,,*7F
$GQGSV,1,1,02,03,39,170,44,07,53,169,41,,,,,,,,*7F
$GQGSV,1,1,02,03,39,170,44,07,53,169,41,,,,,,,,*7F
$GQGSV,1,1,02,03,39,170,44,07,53,169,41,,,,,,,,*7F
$GQGSV,1,1,02,03,39,170,44,07,53,169,41,,,,,,,,*7F
$GQGSV,1,1,02,03,39,170,44,07,53,169,41,,,,,,,,*7F
$GQGSV,1,1,02,03,39,170,44,07,53,169,41,,,,,,,,*7F
$GQGSV,1,1,02,03,39,170,44,07,53,169,41,,,,,,,,*7F
$GQGSV,1,1,02,03,39,170,44,07,53,169,41,,,,,,,,*7F
$GQGSV,1,1,02,03,39,170,44,07,53,169,41,,,,,,,,*7F
$GQGSV,1,1,02,03,39,170,44,07,53,169,41,,,,,,,,*7F
$GQGSV,1,1,02,03,39,170,44,07,53,169,41,,,,,,,,*7F
$GQGSV,1,1,02,03,39,170,44,07,53,169,41,,,,,,,,*7F
$GQGSV,1,1,02,03,39,170,44,07,53,169,41,,,,,,,,*7F
$GQGSV,1,1,02,03,39,170,44,07,53,169,41,,,,,,,,*7F
$GQGSV,1,1,02,03,39,170,44,07,53,169,41,,,,,,,,*7F
$GQGSV,1,1,02,03,39,170,44,07,53,169,41,,,,,,,,*7F
$GQGSV,1,1,02,03,39,170,44,07,53,169,41,,,,,,,,*7F
$GQGSV,1,1,02,03,39,170,44,07,53,169,41,,,,,,,,*7F
$GQGSV,1,1,02,03,39,170,44,07,53,169,41,,,,,,,,*7F
$GQGSV,1,1,02,03,39,170,44,07,53,169,41,,,,,,,,*7F
$GQGSV,1,1,02,03,39,170,44,07,53,169,41,,,,,,,,*7F
$GQGSV,1,1,02,03,39,170,44,07,53,169,41,,,,,,,,*7F
$GQGSV,1,1,02,03,39,170,44,07,53,169,41,,,,,,,,*7F
$GQGSV,1,1,02,03,39,170,44,07,53,169,41,,,,,,,,*7F
$GQGSV,1,1,02,03,39,170,44,07,53,169,41,,,,,,,,*7F
$GQGSV,1,1,02,03,39,170,44,07,53,169,41,,,,,,,,*7F
$GQGSV,1,1,02,03,39,170,44,07,53,169,41,,,,,,,,*7F
$GQGSV,1,1,02,03,39,170,44,07,53,169,41,,,,,,,,*7F
$GQGSV,1,1,02,03,39,170,44,07,53,169,41,,,,,,,,*7F
$GQGSV,1,1,02,03,39,170,44,07,53,169,41,,,,,,,,*7F
$GQGSV,1,1,02,03,39,170,44,07,53,169,41,,,,,,,,*7F
$GQGSV,1,1,02,03,39,170,44,07,53,169,41,,,,,,,,*7F
$GQGSV,1,1,02,03,39,170,44,07,53,169,41,,,,,,,,*7F
$GQGSV,1,1,02,03,39,170,44,07,53,169,41,,,,,,,,*7F
$GQGSV,1,1,02,03,39,170,44,07,53,169,41,,,,,,,,*7F
$GQGSV,1,1,02,03,39,170,44,07,53,169,41,,,,,,,,*7F
$GQGSV,1,1,02,03,39,170,44,07,53,169,41,,,,,,,,*7F
$GQGSV,1,1,02,03,39,170,44,07,53,169,41,,,,,,,,*7F
$GQGSV,1,1,02,03,39,170,44,07,53,169,41,,,,,,,,*7F
$GQGSV,1,1,02,03,39,170,44,07,53,169,41,,,,,,,,*7F
$GQGSV,1,1,02,03,39,170,44,07,53,169,41,,,,,,,,*7F
$GQGSV,1,1,02,03,39,170,43,07,53,169,41,,,,,,,,*78
$GQGSV,1,1,02,03,39,170,43,07,53,169,41,,,,,,,,*78
$GQGSV,1,1,02,03,39,170,43,07,53,169,41,,,,,,,,*78
$GQGSV,1,1,02,03,39,170,43,07,53,169,41,,,,,,,,*78
$GQGSV,1,1,02,03,39,170,43,07,53,169,41,,,,,,,,*78
$GQGSV,1,1,02,03,39,170,43,07,53,169,41,,,,,,,,*78
$GQGSV,1,1,02,03,39,170,43,07,53,169,41,,,,,,,,*78
$GQGSV,1,1,02,03,39,170,43,07,53,169,41,,,,,,,,*78
$GQGSV,1,1,02,03,39,170,42,07,53,169,41,,,,,,,,*79
$GQGSV,1,1,02,03,39,170,42,07,53,169,41,,,,,,,,*79
$GQGSV,1,1,02,03,39,170,42,07,53,169,41,,,,,,,,*79
$GQGSV,1,1,02,03,39,170,42,07,53,169,41,,,,,,,,*79
$GQGSV,1,1,02,03,39,170,42,07,53,169,41,,,,,,,,*79
$GQGSV,1,1,02,03,39,170,42,07,53,169,41,,,,,,,,*79
$GQGSV,1,1,02,03,39,170,41,07,53,169,41,,,,,,,,*7A
$GQGSV,1,1,02,03,39,170,41,07,53,169,41,,,,,,,,*7A
$GQGSV,1,1,02,03,39,170,41,07,53,169,41,,,,,,,,*7A
$GQGSV,1,1,02,03,39,170,41,07,53,169,40,,,,,,,,*7B
$GQGSV,1,1,02,03,39,170,41,07,53,169,40,,,,,,,,*7B
$GQGSV,1,1,02,03,39,170,41,07,53,169,40,,,,,,,,*7B
$GQGSV,1,1,02,03,39,170,41,07,53,169,40,,,,,,,,*7B
$GQGSV,1,1,02,03,39,170,41,07,53,169,39,,,,,,,,*75
$GQGSV,1,1,02,03,39,170,41,07,53,169,39,,,,,,,,*75
$GQGSV,1,1,02,03,39,170,40,07,53,169,39,,,,,,,,*74
$GQGSV,1,1,02,03,39,170,40,07,53,169,38,,,,,,,,*75
$GQGSV,1,1,02,03,39,170,40,07,53,169,38,,,,,,,,*75
$GQGSV,1,1,02,03,39,170,40,07,53,169,38,,,,,,,,*75
$GQGSV,1,1,02,03,39,170,40,07,53,169,38,,,,,,,,*75
$GQGSV,1,1,02,03,39,170,40,07,53,169,38,,,,,,,,*75
$GQGSV,1,1,02,03,39,170,39,07,53,169,38,,,,,,,,*7B
$GQGSV,1,1,02,03,39,170,39,07,53,169,38,,,,,,,,*7B
$GQGSV,1,1,02,03,39,170,39,07,53,169,38,,,,,,,,*7B
$GQGSV,1,1,02,03,39,170,39,07,53,169,37,,,,,,,,*74
$GQGSV,1,1,02,03,39,170,39,07,53,169,37,,,,,,,,*74
$GQGSV,1,1,02,03,39,170,39,07,53,169,37,,,,,,,,*74
$GQGSV,1,1,02,03,39,170,38,07,53,169,37,,,,,,,,*75
$GQGSV,1,1,02,03,39,170,38,07,53,169,37,,,,,,,,*75
$GQGSV,1,1,02,03,39,170,38,07,53,169,37,,,,,,,,*75
$GQGSV,1,1,02,03,39,170,38,07,53,169,37,,,,,,,,*75
$GQGSV,1,1,02,03,39,170,38,07,53,169,36,,,,,,,,*74
$GQGSV,1,1,02,03,39,170,38,07,53,169,36,,,,,,,,*74
$GQGSV,1,1,02,03,39,170,38,07,53,169,36,,,,,,,,*74
$GQGSV,1,1,02,03,39,170,38,07,53,169,35,,,,,,,,*77
$GQGSV,1,1,02,03,39,170,37,07,53,169,33,,,,,,,,*7E
$GQGSV,1,1,02,03,39,170,36,07,53,169,32,,,,,,,,*7E
$GQGSV,1,1,02,03,39,170,35,07,53,169,32,,,,,,,,*7D
$GQGSV,1,1,02,03,39,170,35,07,53,169,32,,,,,,,,*7D
$GQGSV,1,1,02,03,39,170,35,07,53,169,32,,,,,,,,*7D
$GQGSV,1,1,02,03,39,170,36,07,53,169,32,,,,,,,,*7E
$GQGSV,1,1,02,03,39,170,36,07,53,169,32,,,,,,,,*7E
$GQGSV,1,1,02,03,39,170,36,07,53,169,32,,,,,,,,*7E
$GQGSV,1,1,02,03,39,170,37,07,53,169,32,,,,,,,,*7F
$GQGSV,1,1,02,03,39,170,37,07,53,169,33,,,,,,,,*7E
$GQGSV,1,1,02,03,39,170,38,07,53,169,33,,,,,,,,*71
$GQGSV,1,1,02,03,39,170,39,07,53,169,33,,,,,,,,*70
$GQGSV,1,1,02,03,39,170,39,07,53,169,34,,,,,,,,*77
$GQGSV,1,1,02,03,39,170,39,07,53,169,34,,,,,,,,*77
$GQGSV,1,1,02,03,39,170,39,07,53,169,35,,,,,,,,*76
$GQGSV,1,1,02,03,39,170,39,07,53,169,35,,,,,,,,*76
$GQGSV,1,1,02,03,39,170,39,07,53,169,35,,,,,,,,*76
$GQGSV,1,1,02,03,39,170,39,07,53,169,36,,,,,,,,*75
$GQGSV,1,1,02,03,39,170,40,07,53,169,36,,,,,,,,*7B
$GQGSV,1,1,02,03,39,170,40,07,53,169,36,,,,,,,,*7B
$GQGSV,1,1,02,03,39,170,40,07,53,169,36,,,,,,,,*7B
$GQGSV,1,1,02,03,39,170,40,07,53,169,36,,,,,,,,*7B
$GQGSV,1,1,02,03,39,170,40,07,53,169,36,,,,,,,,*7B
$GQGSV,1,1,02,03,39,170,40,07,53,169,36,,,,,,,,*7B
$GQGSV,1,1,02,03,39,170,40,07,53,169,37,,,,,,,,*7A
$GQGSV,1,1,02,03,39,170,40,07,53,169,37,,,,,,,,*7A
$GQGSV,1,1,02,03,39,170,41,07,53,169,37,,,,,,,,*7B
$GQGSV,1,1,02,03,39,170,41,07,53,169,37,,,,,,,,*7B
$GQGSV,1,1,02,03,39,170,42,07,53,169,37,,,,,,,,*78
$GQGSV,1,1,02,03,39,170,42,07,53,169,37,,,,,,,,*78
$GQGSV,1,1,02,03,39,170,42,07,53,169,37,,,,,,,,*78
$GQGSV,1,1,02,03,39,170,42,07,53,169,37,,,,,,,,*78
$GQGSV,1,1,02,03,39,170,42,07,53,169,37,,,,,,,,*78
$GQGSV,1,1,02,03,39,170,42,07,53,169,37,,,,,,,,*78
$GQGSV,1,1,02,03,39,170,42,07,53,169,37,,,,,,,,*78
$GQGSV,1,1,02,03,39,170,42,07,53,169,37,,,,,,,,*78
$GQGSV,1,1,02,03,39,170,42,07,53,169,37,,,,,,,,*78
$GQGSV,1,1,02,03,39,170,42,07,53,169,37,,,,,,,,*78
$GQGSV,1,1,02,03,39,170,42,07,53,169,37,,,,,,,,*78
$GQGSV,1,1,02,03,39,170,42,07,53,169,37,,,,,,,,*78
$GQGSV,1,1,02,03,39,170,42,07,53,169,36,,,,,,,,*79
$GQGSV,1,1,02,03,39,170,42,07,53,169,36,,,,,,,,*79
$GQGSV,1,1,02,03,39,170,42,07,53,169,36,,,,,,,,*79
$GQGSV,1,1,02,03,39,170,42,07,53,169,36,,,,,,,,*79
$GQGSV,1,1,02,03,39,170,42,07,53,169,36,,,,,,,,*79
$GQGSV,1,1,02,03,39,170,41,07,53,169,36,,,,,,,,*7A
$GQGSV,1,1,02,03,39,170,41,07,53,169,36,,,,,,,,*7A
$GQGSV,1,1,02,03,39,170,40,07,53,169,36,,,,,,,,*7B
$GQGSV,1,1,02,03,39,170,40,07,53,169,36,,,,,,,,*7B
$GQGSV,1,1,02,03,39,170,40,07,53,169,36,,,,,,,,*7B
$GQGSV,1,1,02,03,39,170,40,07,53,169,36,,,,,,,,*7B
$GQGSV,1,1,02,03,39,170,40,07,53,169,36,,,,,,,,*7B
$GQGSV,1,1,02,03,39,170,40,07,53,169,36,,,,,,,,*7B
$GQGSV,1,1,02,03,39,170,40,07,53,169,36,,,,,,,,*7B
$GQGSV,1,1,02,03,39,170,40,07,53,169,36,,,,,,,,*7B
$GQGSV,1,1,02,03,39,170,40,07,53,169,37,,,,,,,,*7A
$GQGSV,1,1,02,03,39,170,41,07,53,169,37,,,,,,,,*7B
$GQGSV,1,1,02,03,39,170,41,07,53,169,37,,,,,,,,*7B
$GQGSV,1,1,02,03,39,170,41,07,53,169,37,,,,,,,,*7B
$GQGSV,1,1,02,03,39,170,42,07,53,169,37,,,,,,,,*78
$GQGSV,1,1,02,03,39,170,42,07,53,169,37,,,,,,,,*78
$GQGSV,1,1,02,03,39,170,42,07,53,169,37,,,,,,,,*78
$GQGSV,1,1,02,03,39,170,42,07,53,169,38,,,,,,,,*77
$GQGSV,1,1,02,03,39,170,42,07,53,169,38,,,,,,,,*77
$GQGSV,1,1,02,03,39,170,42,07,53,169,38,,,,,,,,*77
$GQGSV,1,1,02,03,39,170,42,07,53,169,38,,,,,,,,*77
$GQGSV,1,1,02,03,39,170,42,07,53,169,38,,,,,,,,*77
$GQGSV,1,1,02,03,39,170,42,07,53,169,39,,,,,,,,*76
$GQGSV,1,1,02,03,39,170,42,07,53,169,39,,,,,,,,*76
$GQGSV,1,1,02,03,39,170,43,07,53,169,39,,,,,,,,*77
$GQGSV,1,1,02,03,39,170,43,07,53,169,39,,,,,,,,*77
$GQGSV,1,1,02,03,39,170,43,07,53,169,39,,,,,,,,*77
$GQGSV,1,1,02,03,39,170,43,07,53,169,39,,,,,,,,*77
$GQGSV,1,1,02,03,39,170,43,07,53,169,39,,,,,,,,*77
$GQGSV,1,1,02,03,39,170,43,07,53,169,39,,,,,,,,*77
$GQGSV,1,1,02,03,39,170,43,07,53,169,39,,,,,,,,*77
$GQGSV,1,1,02,03,39,170,43,07,53,169,39,,,,,,,,*77
$GQGSV,1,1,02,03,39,170,43,07,53,169,39,,,,,,,,*77
$GQGSV,1,1,02,03,39,170,43,07,53,169,39,,,,,,,,*77
$GQGSV,1,1,02,03,39,170,43,07,53,169,39,,,,,,,,*77
$GQGSV,1,1,02,03,39,170,43,07,53,169,39,,,,,,,,*77
$GQGSV,1,1,02,03,39,170,43,07,53,169,39,,,,,,,,*77
$GQGSV,1,1,02,03,39,170,43,07,53,169,39,,,,,,,,*77
$GQGSV,1,1,02,03,39,170,43,07,53,169,39,,,,,,,,*77
$GQGSV,1,1,02,03,39,170,43,07,53,169,39,,,,,,,,*77
$GQGSV,1,1,02,03,39,170,43,07,53,169,38,,,,,,,,*76
$GQGSV,1,1,02,03,39,170,43,07,53,169,38,,,,,,,,*76
$GQGSV,1,1,02,03,39,170,43,07,53,169,38,,,,,,,,*76
$GQGSV,1,1,02,03,39,170,43,07,53,169,38,,,,,,,,*76
$GQGSV,1,1,02,03,39,170,43,07,53,169,38,,,,,,,,*76
$GQGSV,1,1,02,03,39,170,43,07,53,169,38,,,,,,,,*76
$GQGSV,1,1,02,03,39,170,43,07,53,169,37,,,,,,,,*79
$GQGSV,1,1,02,03,39,170,43,07,53,169,36,,,,,,,,*78
$GQGSV,1,1,02,03,39,170,43,07,53,169,36,,,,,,,,*78
$GQGSV,1,1,02,03,39,170,43,07,53,169,35,,,,,,,,*7B
$GQGSV,1,1,02,03,39,170,43,07,53,169,35,,,,,,,,*7B
$GQGSV,1,1,02,03,39,170,43,07,53,169,35,,,,,,,,*7B
$GQGSV,1,1,02,03,39,170,43,07,53,169,35,,,,,,,,*7B
$GQGSV,1,1,02,03,39,170,42,07,53,169,36,,,,,,,,*79
$GQGSV,1,1,02,03,39,170,42,07,53,169,35,,,,,,,,*7A
$GQGSV,1,1,02,03,39,170,41,07,53,169,35,,,,,,,,*79
$GQGSV,1,1,02,03,39,170,41,07,53,169,35,,,,,,,,*79
$GQGSV,1,1,02,03,39,170,41,07,53,169,35,,,,,,,,*79
$GQGSV,1,1,02,03,39,170,41,07,53,169,35,,,,,,,,*79
$GQGSV,1,1,02,03,39,170,41,07,53,169,35,,,,,,,,*79
$GQGSV,1,1,02,03,39,170,41,07,53,169,35,,,,,,,,*79
$GQGSV,1,1,02,03,39,170,41,07,53,169,35,,,,,,,,*79
$GQGSV,1,1,03,02,00,000,34,03,39,170,41,07,53,169,34,,,,*4C
$GQGSV,1,1,03,02,00,000,33,03,39,170,41,07,53,169,34,,,,*4B
$GQGSV,1,1,03,02,00,000,33,03,39,170,41,07,53,169,34,,,,*4B
$GQGSV,1,1,03,02,00,000,33,03,39,170,41,07,53,169,34,,,,*4B
$GQGSV,1,1,03,02,00,000,33,03,39,170,41,07,53,169,34,,,,*4B
$GQGSV,1,1,03,02,00,000,34,03,39,170,41,07,53,169,34,,,,*4C
$GQGSV,1,1,03,02,00,000,34,03,39,170,41,07,53,169,35,,,,*4D
$GQGSV,1,1,03,02,00,000,35,03,39,170,41,07,53,169,35,,,,*4C
$GQGSV,1,1,03,02,00,000,34,03,39,170,41,07,53,169,36,,,,*4E
$GQGSV,1,1,03,02,00,000,34,03,39,170,41,07,53,169,36,,,,*4E
$GQGSV,1,1,03,02,00,000,34,03,39,170,41,07,53,169,36,,,,*4E
$GQGSV,1,1,03,02,00,000,34,03,39,170,41,07,53,169,37,,,,*4F
$GQGSV,1,1,03,02,00,000,34,03,39,170,41,07,53,169,37,,,,*4F
$GQGSV,1,1,03,02,00,000,34,03,39,170,41,07,53,169,37,,,,*4F
$GQGSV,1,1,03,02,00,000,35,03,39,170,41,07,53,169,37,,,,*4E
$GQGSV,1,1,03,02,00,000,35,03,39,170,41,07,53,169,37,,,,*4E
$GQGSV,1,1,03,02,00,000,35,03,39,170,41,07,53,169,37,,,,*4E
$GQGSV,1,1,03,02,00,000,35,03,39,170,41,07,53,169,37,,,,*4E
$GQGSV,1,1,03,02,00,000,35,03,39,170,42,07,53,169,37,,,,*4D
$GQGSV,1,1,03,02,00,000,34,03,39,170,42,07,53,169,37,,,,*4C
$GQGSV,1,1,03,02,00,000,34,03,39,170,42,07,53,169,37,,,,*4C
$GQGSV,1,1,03,02,00,000,33,03,39,170,42,07,53,169,37,,,,*4B
$GQGSV,1,1,03,02,00,000,33,03,39,170,42,07,53,169,37,,,,*4B
$GQGSV,1,1,03,02,00,000,33,03,39,170,42,07,53,169,37,,,,*4B
$GQGSV,1,1,03,02,00,000,33,03,39,170,42,07,53,169,37,,,,*4B
$GQGSV,1,1,03,02,00,000,34,03,39,170,42,07,53,169,36,,,,*4D
$GQGSV,1,1,03,02,00,000,33,03,39,170,42,07,53,169,35,,,,*49
$GQGSV,1,1,03,02,00,000,32,03,39,170,42,07,53,169,34,,,,*49
$GQGSV,1,1,03,02,00,000,32,03,39,170,42,07,53,169,33,,,,*4E
$GQGSV,1,1,03,02,00,000,32,03,39,170,42,07,53,169,33,,,,*4E
$GQGSV,1,1,03,02,00,000,32,03,39,170,42,07,53,169,34,,,,*49
$GQGSV,1,1,03,02,00,000,32,03,39,170,42,07,53,169,34,,,,*49
$GQGSV,1,1,03,02,00,000,33,03,39,170,42,07,53,169,34,,,,*48
$GQGSV,1,1,03,02,00,000,33,03,39,170,41,07,53,169,34,,,,*4B
$GQGSV,1,1,03,02,00,000,33,03,39,170,41,07,53,169,34,,,,*4B
$GQGSV,1,1,03,02,00,000,32,03,39,170,41,07,53,169,34,,,,*4A
$GQGSV,1,1,03,02,00,000,32,03,39,170,41,07,53,169,34,,,,*4A
$GQGSV,1,1,03,02,00,000,32,03,39,170,41,07,53,169,34,,,,*4A
$GQGSV,1,1,03,02,00,000,31,03,39,170,41,07,53,169,34,,,,*49
$GQGSV,1,1,03,02,00,000,31,03,39,170,40,07,53,169,34,,,,*48
$GQGSV,1,1,03,02,00,000,31,03,39,170,40,07,53,169,35,,,,*49
$GQGSV,1,1,03,02,00,000,31,03,39,170,40,07,53,169,35,,,,*49
$GQGSV,1,1,03,02,00,000,30,03,39,170,40,07,53,169,35,,,,*48
$GQGSV,1,1,03,02,00,000,29,03,39,170,40,07,53,169,35,,,,*40
$GQGSV,1,1,03,02,00,000,28,03,39,170,40,07,53,169,36,,,,*42
$GQGSV,1,1,03,02,00,000,27,03,39,170,40,07,53,169,36,,,,*4D
$GQGSV,1,1,03,02,00,000,27,03,39,170,40,07,53,169,36,,,,*4D
$GQGSV,1,1,03,02,00,000,28,03,39,170,40,07,53,169,37,,,,*43
$GQGSV,1,1,03,02,00,000,28,03,39,170,40,07,53,169,37,,,,*43
$GQGSV,1,1,03,02,00,000,29,03,39,170,40,07,53,169,38,,,,*4D
$GQGSV,1,1,03,02,00,000,29,03,39,170,40,07,53,169,38,,,,*4D
$GQGSV,1,1,03,02,00,000,29,03,39,170,40,07,53,169,38,,,,*4D
$GQGSV,1,1,03,02,00,000,30,03,39,170,40,07,53,169,38,,,,*45
$GQGSV,1,1,03,02,00,000,30,03,39,170,40,07,53,169,39,,,,*44
$GQGSV,1,1,03,02,00,000,31,03,39,170,40,07,53,169,39,,,,*45
$GQGSV,1,1,03,02,00,000,31,03,39,170,40,07,53,169,39,,,,*45
$GQGSV,1,1,03,02,00,000,32,03,39,170,40,07,53,169,39,,,,*46
$GQGSV,1,1,03,02,00,000,32,03,39,170,40,07,53,169,39,,,,*46
$GQGSV,1,1,03,02,00,000,32,03,39,170,39,07,53,169,40,,,,*46
$GQGSV,1,1,03,02,00,000,32,03,39,170,39,07,53,169,40,,,,*46
$GQGSV,1,1,03,02,00,000,32,03,39,170,39,07,53,169,40,,,,*46
$GQGSV,1,1,03,02,00,000,32,03,39,170,39,07,53,169,40,,,,*46
$GQGSV,1,1,03,02,00,000,32,03,39,170,39,07,53,169,40,,,,*46
$GQGSV,1,1,03,02,00,000,32,03,39,170,39,07,53,169,40,,,,*46
$GQGSV,1,1,03,02,00,000,32,03,39,170,38,07,53,169,40,,,,*47
$GQGSV,1,1,03,02,00,000,32,03,39,170,38,07,53,169,40,,,,*47
$GQGSV,1,1,03,02,00,000,31,03,39,170,38,07,53,169,40,,,,*44
$GQGSV,1,1,03,02,00,000,31,03,39,170,38,07,53,169,40,,,,*44
$GQGSV,1,1,03,02,00,000,31,03,39,170,38,07,53,169,40,,,,*44
$GQGSV,1,1,03,02,00,000,31,03,39,170,38,07,53,169,40,,,,*44
$GQGSV,1,1,03,02,00,000,31,03,39,170,38,07,53,169,40,,,,*44
$GQGSV,1,1,03,02,00,000,31,03,39,170,38,07,53,169,40,,,,*44
$GQGSV,1,1,03,02,00,000,30,03,39,170,38,07,53,169,40,,,,*45
$GQGSV,1,1,03,02,00,000,30,03,39,170,38,07,53,169,40,,,,*45
$GQGSV,1,1,03,02,00,000,29,03,39,170,38,07,53,169,40,,,,*4D
$GQGSV,1,1,03,02,00,000,29,03,39,170,38,07,53,169,40,,,,*4D
$GQGSV,1,1,03,02,00,000,28,03,39,170,38,07,53,169,39,,,,*42
$GQGSV,1,1,03,02,00,000,27,03,39,170,39,07,53,169,39,,,,*4C
$GQGSV,1,1,03,02,00,000,27,03,39,170,39,07,53,169,39,,,,*4C
$GQGSV,1,1,03,02,00,000,26,03,39,170,39,07,53,169,39,,,,*4D
$GQGSV,1,1,03,02,00,000,26,03,39,170,39,07,53,169,39,,,,*4D
$GQGSV,1,1,03,02,00,000,27,03,39,170,39,07,53,169,39,,,,*4C
$GQGSV,1,1,03,02,00,000,28,03,39,170,39,07,53,169,39,,,,*43
$GQGSV,1,1,03,02,00,000,28,03,39,170,39,07,53,169,39,,,,*43
$GQGSV,1,1,03,02,00,000,29,03,39,170,39,07,53,169,39,,,,*42
$GQGSV,1,1,03,02,00,000,29,03,39,170,39,07,53,169,39,,,,*42
$GQGSV,1,1,03,02,00,000,30,03,39,170,39,07,53,169,39,,,,*4A
$GQGSV,1,1,03,02,00,000,30,03,39,170,40,07,53,169,39,,,,*44
$GQGSV,1,1,03,02,00,000,31,03,39,170,40,07,53,169,39,,,,*45
$GQGSV,1,1,03,02,00,000,31,03,39,170,40,07,53,169,39,,,,*45
$GQGSV,1,1,03,02,00,000,31,03,39,170,40,07,53,169,39,,,,*45
$GQGSV,1,1,03,02,00,000,31,03,39,170,40,07,53,169,39,,,,*45
$GQGSV,1,1,03,02,00,000,31,03,39,170,40,07,53,169,39,,,,*45
$GQGSV,1,1,03,02,00,000,31,03,39,170,40,07,53,169,39,,,,*45
$GQGSV,1,1,03,02,00,000,31,03,39,170,40,07,53,169,38,,,,*44
$GQGSV,1,1,03,02,00,000,30,03,39,170,40,07,53,169,38,,,,*45
$GQGSV,1,1,03,02,00,000,28,03,39,170,40,07,53,169,38,,,,*4C
$GQGSV,1,1,03,02,00,000,27,03,39,170,40,07,53,169,37,,,,*4C
$GQGSV,1,1,03,02,00,000,26,03,39,170,40,07,53,169,35,,,,*4F
$GQGSV,1,1,03,02,00,000,25,03,39,170,40,07,53,169,34,,,,*4D
$GQGSV,1,1,03,02,00,000,25,03,39,170,41,07,53,169,34,,,,*4C
$GQGSV,1,1,03,02,00,000,26,03,39,170,41,07,53,169,34,,,,*4F
$GQGSV,1,1,03,02,00,000,26,03,39,170,41,07,53,169,34,,,,*4F
$GQGSV,1,1,03,02,00,000,27,03,39,170,41,07,53,169,34,,,,*4E
$GQGSV,1,1,03,02,00,000,27,03,39,170,42,07,53,169,35,,,,*4C
$GQGSV,1,1,03,02,00,000,27,03,39,170,42,07,53,169,35,,,,*4C
$GQGSV,1,1,03,02,00,000,28,03,39,170,42,07,53,169,35,,,,*43
$GQGSV,1,1,03,02,00,000,28,03,39,170,42,07,53,169,35,,,,*43
$GQGSV,1,1,03,02,00,000,29,03,39,170,42,07,53,169,36,,,,*41
$GQGSV,1,1,03,02,00,000,29,03,39,170,42,07,53,169,36,,,,*41
$GQGSV,1,1,03,02,00,000,29,03,39,170,42,07,53,169,36,,,,*41
$GQGSV,1,1,03,02,00,000,29,03,39,170,42,07,53,169,36,,,,*41
$GQGSV,1,1,03,02,00,000,29,03,39,170,42,07,53,169,37,,,,*40
$GQGSV,1,1,03,02,00,000,29,03,39,170,42,07,53,169,37,,,,*40
$GQGSV,1,1,03,02,00,000,30,03,39,170,42,07,53,169,37,,,,*48
$GQGSV,1,1,03,02,00,000,30,03,39,170,42,07,53,169,37,,,,*48
$GQGSV,1,1,03,02,00,000,30,03,39,170,42,07,53,169,37,,,,*48
$GQGSV,1,1,03,02,00,000,30,03,39,170,42,07,53,169,37,,,,*48
$GQGSV,1,1,03,02,00,000,30,03,39,170,42,07,53,169,37,,,,*48
$GQGSV,1,1,03,02,00,000,30,03,39,170,42,07,53,169,37,,,,*48
$GQGSV,1,1,03,02,00,000,30,03,39,170,42,07,53,169,37,,,,*48
$GQGSV,1,1,03,02,00,000,30,03,39,170,42,07,53,169,37,,,,*48
$GQGSV,1,1,03,02,00,000,30,03,39,170,42,07,53,169,37,,,,*48
$GQGSV,1,1,03,02,00,000,30,03,39,170,42,07,53,169,37,,,,*48
$GQGSV,1,1,03,02,00,000,30,03,39,170,42,07,53,169,37,,,,*48
$GQGSV,1,1,03,02,00,000,30,03,39,170,42,07,53,169,37,,,,*48
$GQGSV,1,1,03,02,00,000,30,03,39,170,42,07,53,169,37,,,,*48
$GQGSV,1,1,03,02,00,000,30,03,39,170,42,07,53,169,37,,,,*48
$GQGSV,1,1,03,02,00,000,30,03,39,170,42,07,53,169,37,,,,*48
$GQGSV,1,1,03,02,00,000,30,03,39,170,42,07,53,169,37,,,,*48
$GQGSV,1,1,03,02,00,000,30,03,39,170,42,07,53,169,37,,,,*48
$GQGSV,1,1,03,02,00,000,30,03,39,170,42,07,53,169,37,,,,*48
$GQGSV,1,1,03,02,00,000,30,03,39,170,42,07,53,169,37,,,,*48
$GQGSV,1,1,03,02,00,000,30,03,39,170,42,07,53,169,37,,,,*48
$GQGSV,1,1,03,02,00,000,30,03,39,170,42,07,53,169,37,,,,*48
$GQGSV,1,1,03,02,00,000,30,03,39,170,42,07,53,169,37,,,,*48
$GQGSV,1,1,03,02,00,000,30,03,39,170,42,07,53,169,37,,,,*48
$GQGSV,1,1,03,02,00,000,30,03,39,170,42,07,53,169,37,,,,*48
$GQGSV,1,1,03,02,00,000,30,03,39,170,42,07,53,169,37,,,,*48
$GQGSV,1,1,03,02,00,000,30,03,39,170,42,07,53,169,37,,,,*48
$GQGSV,1,1,03,02,00,000,30,03,39,170,42,07,53,169,37,,,,*48
$GQGSV,1,1,03,02,00,000,30,03,39,170,42,07,53,169,37,,,,*48
$GQGSV,1,1,03,02,00,000,30,03,39,170,42,07,53,169,37,,,,*48
$GQGSV,1,1,03,02,00,000,30,03,39,170,42,07,53,169,37,,,,*48
$GQGSV,1,1,03,02,00,000,30,03,39,170,42,07,53,169,37,,,,*48
$GQGSV,1,1,03,02,00,000,30,03,39,170,42,07,53,169,37,,,,*48
$GQGSV,1,1,03,02,00,000,30,03,39,170,42,07,53,169,37,,,,*48
$GQGSV,1,1,03,02,00,000,30,03,39,170,42,07,53,169,37,,,,*48
$GQGSV,1,1,03,02,00,000,30,03,39,170,42,07,53,169,37,,,,*48
$GQGSV,1,1,03,02,00,000,30,03,39,170,42,07,53,169,37,,,,*48
$GQGSV,1,1,03,02,00,000,30,03,39,170,42,07,53,169,37,,,,*48
$GQGSV,1,1,03,02,00,000,30,03,39,170,42,07,53,169,37,,,,*48
$GQGSV,1,1,03,02,00,000,30,03,39,170,42,07,53,169,37,,,,*48
$GQGSV,1,1,03,02,00,000,30,03,39,170,42,07,53,169,37,,,,*48
$GQGSV,1,1,03,02,00,000,30,03,39,170,42,07,53,169,37,,,,*48
$GQGSV,1,1,03,02,00,000,30,03,39,170,42,07,53,169,37,,,,*48
$GQGSV,1,1,03,02,00,000,30,03,39,170,42,07,53,169,37,,,,*48
$GQGSV,1,1,03,02,00,000,31,03,39,170,42,07,53,169,37,,,,*49
$GQGSV,1,1,03,02,00,000,31,03,39,170,42,07,53,169,37,,,,*49
$GQGSV,1,1,03,02,00,000,31,03,39,170,42,07,53,169,37,,,,*49
$GQGSV,1,1,03,02,00,000,31,03,39,170,42,07,53,169,37,,,,*49
$GQGSV,1,1,03,02,00,000,31,03,39,170,43,07,53,169,37,,,,*48
$GQGSV,1,1,03,02,00,000,31,03,39,170,43,07,53,169,37,,,,*48
$GQGSV,1,1,03,02,00,000,31,03,39,170,43,07,53,169,37,,,,*48
$GQGSV,1,1,03,02,00,000,31,03,39,170,43,07,53,169,37,,,,*48
$GQGSV,1,1,03,02,00,000,31,03,39,170,43,07,53,169,37,,,,*48
$GQGSV,1,1,03,02,00,000,31,03,39,170,43,07,53,169,37,,,,*48
$GQGSV,1,1,03,02,00,000,31,03,39,170,43,07,53,169,37,,,,*48
$GQGSV,1,1,03,02,00,000,31,03,39,170,42,07,53,169,37,,,,*49
$GQGSV,1,1,03,02,00,000,31,03,39,170,42,07,53,169,37,,,,*49
$GQGSV,1,1,03,02,00,000,31,03,39,170,42,07,53,169,37,,,,*49
$GQGSV,1,1,03,02,00,000,31,03,39,170,42,07,53,169,37,,,,*49
$GQGSV,1,1,03,02,00,000,31,03,38,170,42,07,53,169,37,,,,*48
$GQGSV,1,1,03,02,00,000,31,03,38,170,42,07,53,169,37,,,,*48
$GQGSV,1,1,03,02,00,000,31,03,38,170,42,07,53,169,37,,,,*48
$GQGSV,1,1,03,02,00,000,31,03,38,170,42,07,53,169,37,,,,*48
$GQGSV,1,1,03,02,00,000,31,03,38,170,42,07,53,169,37,,,,*48
$GQGSV,1,1,03,02,00,000,31,03,38,170,42,07,53,169,37,,,,*48
$GQGSV,1,1,03,02,00,000,31,03,38,170,42,07,53,169,37,,,,*48
$GQGSV,1,1,03,02,00,000,31,03,38,170,42,07,53,169,37,,,,*48
$GQGSV,1,1,03,02,00,000,32,03,38,170,42,07,53,169,37,,,,*4B
$GQGSV,1,1,03,02,00,000,32,03,38,170,42,07,53,169,37,,,,*4B
$GQGSV,1,1,03,02,00,000,32,03,38,170,42,07,53,169,37,,,,*4B
$GQGSV,1,1,03,02,00,000,32,03,38,170,42,07,53,169,37,,,,*4B
$GQGSV,1,1,03,02,00,000,32,03,38,170,42,07,53,169,37,,,,*4B
$GQGSV,1,1,03,02,00,000,32,03,38,170,42,07,53,169,37,,,,*4B
$GQGSV,1,1,03,02,00,000,32,03,38,170,42,07,53,169,37,,,,*4B
$GQGSV,1,1,03,02,00,000,32,03,38,170,42,07,53,169,37,,,,*4B
$GQGSV,1,1,03,02,00,000,32,03,38,170,42,07,53,169,37,,,,*4B
$GQGSV,1,1,03,02,00,000,32,03,38,170,42,07,53,169,37,,,,*4B
$GQGSV,1,1,03,02,00,000,32,03,38,170,42,07,53,169,37,,,,*4B
$GQGSV,1,1,03,02,00,000,32,03,38,170,42,07,53,169,37,,,,*4B
$GQGSV,1,1,03,02,00,000,32,03,38,170,42,07,53,169,37,,,,*4B
$GQGSV,1,1,03,02,00,000,32,03,38,170,42,07,53,169,37,,,,*4B
$GQGSV,1,1,03,02,00,000,32,03,38,170,42,07,53,169,37,,,,*4B
$GQGSV,1,1,03,02,00,000,32,03,38,170,43,07,53,169,37,,,,*4A
$GQGSV,1,1,03,02,00,000,32,03,38,170,43,07,53,169,37,,,,*4A
$GQGSV,1,1,03,02,00,000,32,03,38,170,43,07,53,169,37,,,,*4A
$GQGSV,1,1,03,02,00,000,32,03,38,170,43,07,53,169,37,,,,*4A
$GQGSV,1,1,03,02,00,000,31,03,38,170,43,07,53,169,37,,,,*49
$GQGSV,1,1,03,02,00,000,31,03,38,170,43,07,53,169,37,,,,*49
$GQGSV,1,1,03,02,00,000,31,03,38,170,43,07,53,169,37,,,,*49
$GQGSV,1,1,03,02,00,000,31,03,38,170,43,07,53,169,37,,,,*49
$GQGSV,1,1,03,02,00,000,31,03,38,170,43,07,53,169,37,,,,*49
$GQGSV,1,1,03,02,00,000,31,03,38,170,43,07,53,169,37,,,,*49
$GQGSV,1,1,02,03,38,170,43,07,53,169,37,,,,,,,,*78
$GQGSV,1,1,02,03,38,170,43,07,53,169,37,,,,,,,,*78
$GQGSV,1,1,02,03,38,170,43,07,53,169,37,,,,,,,,*78
$GQGSV,1,1,02,03,38,170,43,07,53,169,37,,,,,,,,*78
$GQGSV,1,1,02,03,38,170,43,07,53,169,37,,,,,,,,*78
$GQGSV,1,1,02,03,38,170,43,07,53,169,37,,,,,,,,*78
$GQGSV,1,1,02,03,38,170,43,07,53,169,37,,,,,,,,*78
$GQGSV,1,1,02,03,38,170,43,07,53,169,37,,,,,,,,*78
$GQGSV,1,1,03,02,00,000,29,03,38,170,43,07,53,169,37,,,,*40
$GQGSV,1,1,03,02,00,000,28,03,38,170,43,07,53,169,37,,,,*41
$GQGSV,1,1,03,02,00,000,28,03,38,170,43,07,53,169,37,,,,*41
$GQGSV,1,1,03,02,00,000,29,03,38,170,43,07,53,169,37,,,,*40
$GQGSV,1,1,03,02,00,000,29,03,38,170,43,07,53,169,37,,,,*40
$GQGSV,1,1,03,02,00,000,30,03,38,170,43,07,53,169,37,,,,*48
$GQGSV,1,1,03,02,00,000,30,03,38,170,43,07,53,169,37,,,,*48
$GQGSV,1,1,03,02,00,000,31,03,38,170,43,07,53,169,37,,,,*49
$GQGSV,1,1,03,02,00,000,31,03,38,170,43,07,53,169,37,,,,*49
$GQGSV,1,1,03,02,00,000,32,03,38,170,43,07,53,169,37,,,,*4A
$GQGSV,1,1,03,02,00,000,32,03,38,170,43,07,53,169,37,,,,*4A
$GQGSV,1,1,03,02,00,000,32,03,38,170,43,07,53,169,37,,,,*4A
$GQGSV,1,1,03,02,00,000,32,03,38,170,43,07,53,169,37,,,,*4A
$GQGSV,1,1,03,02,00,000,32,03,38,170,43,07,53,169,37,,,,*4A
$GQGSV,1,1,03,02,00,000,32,03,38,170,43,07,53,169,37,,,,*4A
$GQGSV,1,1,02,03,38,170,43,07,53,169,37,,,,,,,,*78
$GQGSV,1,1,02,03,38,170,44,07,53,169,37,,,,,,,,*7F
$GQGSV,1,1,02,03,38,170,44,07,53,169,37,,,,,,,,*7F
$GQGSV,1,1,02,03,38,170,44,07,53,169,37,,,,,,,,*7F
$GQGSV,1,1,02,03,38,170,44,07,53,169,37,,,,,,,,*7F
$GQGSV,1,1,02,03,38,170,44,07,53,169,37,,,,,,,,*7F
$GQGSV,1,1,03,02,00,000,34,03,38,170,44,07,53,169,37,,,,*4B
$GQGSV,1,1,03,02,00,000,34,03,38,170,44,07,53,169,37,,,,*4B
$GQGSV,1,1,03,02,00,000,34,03,38,170,44,07,53,169,37,,,,*4B
$GQGSV,1,1,03,02,00,000,34,03,38,170,44,07,53,169,37,,,,*4B
$GQGSV,1,1,03,02,00,000,34,03,38,170,44,07,53,169,37,,,,*4B
$GQGSV,1,1,03,02,00,000,34,03,38,170,44,07,53,169,37,,,,*4B
$GQGSV,1,1,03,02,00,000,34,03,38,170,44,07,53,169,37,,,,*4B
$GQGSV,1,1,03,02,00,000,34,03,38,170,44,07,53,169,37,,,,*4B
$GQGSV,1,1,03,02,00,000,34,03,38,170,44,07,53,169,37,,,,*4B
$GQGSV,1,1,03,02,00,000,34,03,38,170,44,07,53,169,37,,,,*4B
$GQGSV,1,1,03,02,00,000,34,03,38,170,44,07,53,169,37,,,,*4B
$GQGSV,1,1,03,02,00,000,34,03,38,170,44,07,53,169,37,,,,*4B
$GQGSV,1,1,03,02,00,000,34,03,38,170,44,07,53,169,37,,,,*4B
$GQGSV,1,1,03,02,00,000,33,03,38,170,44,07,53,169,37,,,,*4C
$GQGSV,1,1,03,02,00,000,33,03,38,170,44,07,53,169,37,,,,*4C
$GQGSV,1,1,03,02,00,000,33,03,38,170,44,07,53,169,37,,,,*4C
$GQGSV,1,1,03,02,00,000,33,03,38,170,44,07,53,169,37,,,,*4C
$GQGSV,1,1,03,02,00,000,34,03,38,170,44,07,53,169,37,,,,*4B
$GQGSV,1,1,03,02,00,000,34,03,38,170,44,07,53,169,37,,,,*4B
$GQGSV,1,1,03,02,00,000,34,03,38,170,44,07,53,169,37,,,,*4B
$GQGSV,1,1,03,02,00,000,34,03,38,170,44,07,53,169,37,,,,*4B
$GQGSV,1,1,03,02,00,000,34,03,38,170,44,07,53,169,37,,,,*4B
$GQGSV,1,1,03,02,00,000,34,03,38,170,44,07,53,169,37,,,,*4B
$GQGSV,1,1,03,02,00,000,35,03,38,170,44,07,53,169,37,,,,*4A
$GQGSV,1,1,03,02,00,000,35,03,38,170,44,07,53,169,37,,,,*4A
$GQGSV,1,1,03,02,00,000,35,03,38,170,44,07,53,169,37,,,,*4A
$GQGSV,1,1,03,02,00,000,35,03,38,170,44,07,53,169,37,,,,*4A
$GQGSV,1,1,03,02,00,000,35,03,38,170,44,07,53,169,37,,,,*4A
$GQGSV,1,1,03,02,00,000,35,03,38,170,44,07,53,169,37,,,,*4A
$GQGSV,1,1,03,02,00,000,35,03,38,170,44,07,53,169,37,,,,*4A
$GQGSV,1,1,03,02,00,000,35,03,38,170,44,07,53,169,38,,,,*45
$GQGSV,1,1,03,02,00,000,35,03,38,170,44,07,53,169,38,,,,*45
$GQGSV,1,1,03,02,00,000,35,03,38,170,44,07,53,169,38,,,,*45
$GQGSV,1,1,03,02,00,000,35,03,38,170,44,07,53,169,38,,,,*45
$GQGSV,1,1,03,02,00,000,35,03,38,170,44,07,53,169,38,,,,*45
$GQGSV,1,1,03,02,00,000,35,03,38,170,44,07,53,169,38,,,,*45
$GQGSV,1,1,03,02,00,000,35,03,38,170,44,07,53,169,38,,,,*45
$GQGSV,1,1,03,02,00,000,35,03,38,170,44,07,53,169,38,,,,*45
$GQGSV,1,1,03,02,00,000,35,03,38,170,44,07,53,169,38,,,,*45
$GQGSV,1,1,03,02,00,000,35,03,38,170,44,07,53,169,38,,,,*45
$GQGSV,1,1,03,02,00,000,35,03,38,170,44,07,53,169,38,,,,*45
$GQGSV,1,1,03,02,00,000,35,03,38,170,44,07,53,169,38,,,,*45
$GQGSV,1,1,03,02,00,000,35,03,38,170,44,07,53,169,38,,,,*45
$GQGSV,1,1,03,02,00,000,35,03,38,170,44,07,53,169,38,,,,*45
$GQGSV,1,1,03,02,00,000,35,03,38,170,44,07,53,169,38,,,,*45
$GQGSV,1,1,03,02,00,000,34,03,38,170,44,07,53,169,38,,,,*44
$GQGSV,1,1,03,02,00,000,34,03,38,170,44,07,53,169,38,,,,*44
$GQGSV,1,1,03,02,00,000,34,03,38,170,44,07,53,169,38,,,,*44
$GQGSV,1,1,03,02,00,000,34,03,38,170,44,07,53,169,38,,,,*44
$GQGSV,1,1,03,02,00,000,34,03,38,170,44,07,53,169,38,,,,*44
$GQGSV,1,1,03,02,00,000,34,03,38,170,44,07,53,169,38,,,,*44
$GQGSV,1,1,03,02,00,000,34,03,38,170,44,07,53,169,38,,,,*44
$GQGSV,1,1,03,02,00,000,34,03,38,170,44,07,53,169,38,,,,*44
$GQGSV,1,1,03,02,00,000,33,03,38,170,44,07,53,169,38,,,,*43
$GQGSV,1,1,03,02,00,000,33,03,38,170,44,07,53,169,38,,,,*43
$GQGSV,1,1,03,02,00,000,33,03,38,170,44,07,53,169,38,,,,*43
$GQGSV,1,1,03,02,00,000,33,03,38,170,44,07,53,169,38,,,,*43
$GQGSV,1,1,03,02,00,000,33,03,38,170,44,07,53,169,38,,,,*43
$GQGSV,1,1,03,02,00,000,33,03,38,170,44,07,53,169,38,,,,*43
$GQGSV,1,1,03,02,00,000,33,03,38,170,44,07,53,169,38,,,,*43
$GQGSV,1,1,03,02,00,000,33,03,38,170,44,07,53,169,38,,,,*43
$GQGSV,1,1,03,02,00,000,33,03,38,170,44,07,53,169,38,,,,*43
$GQGSV,1,1,03,02,00,000,33,03,38,170,44,07,53,169,38,,,,*43
$GQGSV,1,1,03,02,00,000,33,03,38,170,44,07,53,169,38,,,,*43
$GQGSV,1,1,03,02,00,000,33,03,38,170,44,07,53,169,38,,,,*43
$GQGSV,1,1,03,02,00,000,33,03,38,170,44,07,53,169,38,,,,*43
$GQGSV,1,1,03,02,00,000,33,03,38,170,44,07,53,169,38,,,,*43
$GQGSV,1,1,03,02,00,000,33,03,38,170,44,07,53,169,38,,,,*43
$GQGSV,1,1,03,02,00,000,32,03,38,170,44,07,53,169,38,,,,*42
$GQGSV,1,1,03,02,00,000,32,03,38,170,44,07,53,169,38,,,,*42
$GQGSV,1,1,03,02,00,000,32,03,38,170,44,07,53,169,38,,,,*42
$GQGSV,1,1,03,02,00,000,32,03,38,170,44,07,53,169,38,,,,*42
$GQGSV,1,1,03,02,00,000,32,03,38,170,44,07,53,169,38,,,,*42
$GQGSV,1,1,03,02,00,000,32,03,38,170,44,07,53,169,38,,,,*42
$GQGSV,1,1,03,02,00,000,32,03,38,170,44,07,53,169,38,,,,*42
$GQGSV,1,1,03,02,00,000,32,03,38,170,44,07,53,169,38,,,,*42
$GQGSV,1,1,03,02,00,000,32,03,38,170,44,07,53,169,38,,,,*42
$GQGSV,1,1,03,02,00,000,32,03,38,170,44,07,53,169,38,,,,*42
$GQGSV,1,1,03,02,00,000,32,03,38,170,44,07,53,169,38,,,,*42
$GQGSV,1,1,03,02,00,000,32,03,38,170,44,07,53,169,38,,,,*42
$GQGSV,1,1,03,02,00,000,32,03,38,170,44,07,53,169,38,,,,*42
$GQGSV,1,1,03,02,00,000,32,03,38,170,44,07,53,169,38,,,,*42
$GQGSV,1,1,03,02,00,000,32,03,38,170,44,07,53,169,38,,,,*42
$GQGSV,1,1,03,02,00,000,32,03,38,170,44,07,53,169,38,,,,*42
$GQGSV,1,1,03,02,00,000,32,03,38,170,44,07,53,169,38,,,,*42
$GQGSV,1,1,03,02,00,000,32,03,38,170,44,07,53,169,38,,,,*42
$GQGSV,1,1,03,02,00,000,32,03,38,170,44,07,53,169,38,,,,*42
$GQGSV,1,1,03,02,00,000,31,03,38,170,44,07,53,169,38,,,,*41
$GQGSV,1,1,03,02,00,000,31,03,38,170,44,07,53,169,38,,,,*41
$GQGSV,1,1,03,02,00,000,31,03,38,170,44,07,53,169,37,,,,*4E
$GQGSV,1,1,03,02,00,000,31,03,38,170,44,07,53,169,37,,,,*4E
$GQGSV,1,1,03,02,00,000,31,03,38,170,44,07,53,169,37,,,,*4E
$GQGSV,1,1,03,02,00,000,31,03,38,170,44,07,53,169,37,,,,*4E
$GQGSV,1,1,03,02,00,000,31,03,38,170,44,07,53,169,37,,,,*4E
$GQGSV,1,1,03,02,00,000,31,03,38,170,44,07,53,169,37,,,,*4E
$GQGSV,1,1,03,02,00,000,31,03,38,170,44,07,53,169,37,,,,*4E
$GQGSV,1,1,03,02,00,000,31,03,38,170,44,07,53,169,37,,,,*4E
$GQGSV,1,1,03,02,00,000,31,03,38,170,44,07,53,169,37,,,,*4E
$GQGSV,1,1,03,02,00,000,31,03,38,170,44,07,53,169,37,,,,*4E
$GQGSV,1,1,03,02,00,000,30,03,38,170,44,07,53,169,37,,,,*4F
$GQGSV,1,1,03,02,00,000,30,03,38,170,44,07,53,169,37,,,,*4F
$GQGSV,1,1,03,02,00,000,30,03,38,170,44,07,53,169,37,,,,*4F
$GQGSV,1,1,03,02,00,000,30,03,38,170,44,07,53,169,37,,,,*4F
$GQGSV,1,1,03,02,00,000,29,03,38,170,44,07,53,169,37,,,,*47
$GQGSV,1,1,03,02,00,000,29,03,38,170,44,07,53,169,37,,,,*47
$GQGSV,1,1,03,02,00,000,29,03,38,170,44,07,53,169,37,,,,*47
$GQGSV,1,1,03,02,00,000,29,03,38,170,44,07,53,169,37,,,,*47
$GQGSV,1,1,03,02,00,000,29,03,38,170,44,07,53,169,37,,,,*47
$GQGSV,1,1,03,02,00,000,29,03,38,170,44,07,53,169,37,,,,*47
$GQGSV,1,1,03,02,00,000,28,03,38,170,44,07,53,169,37,,,,*46
$GQGSV,1,1,03,02,00,000,28,03,38,170,44,07,53,169,37,,,,*46
$GQGSV,1,1,03,02,00,000,28,03,38,170,44,07,53,169,37,,,,*46
$GQGSV,1,1,03,02,00,000,28,03,38,170,44,07,53,169,37,,,,*46
$GQGSV,1,1,03,02,00,000,28,03,38,170,44,07,53,169,37,,,,*46
$GQGSV,1,1,03,02,00,000,28,03,38,170,44,07,53,169,37,,,,*46
$GQGSV,1,1,03,02,00,000,28,03,38,170,44,07,53,169,37,,,,*46
$GQGSV,1,1,03,02,00,000,28,03,38,170,44,07,53,169,37,,,,*46
$GQGSV,1,1,03,02,00,000,28,03,38,170,44,07,53,169,37,,,,*46
$GQGSV,1,1,03,02,00,000,28,03,38,170,44,07,53,169,37,,,,*46
$GQGSV,1,1,03,02,00,000,27,03,38,170,44,07,53,169,37,,,,*49
$GQGSV,1,1,02,03,38,170,44,07,53,169,37,,,,,,,,*7F
$GQGSV,1,1,02,03,38,170,44,07,53,169,37,,,,,,,,*7F
$GQGSV,1,1,02,03,38,170,44,07,53,169,37,,,,,,,,*7F
$GQGSV,1,1,02,03,38,170,44,07,53,169,37,,,,,,,,*7F
$GQGSV,1,1,02,03,38,170,44,07,53,169,37,,,,,,,,*7F
$GQGSV,1,1,02,03,38,170,44,07,53,169,37,,,,,,,,*7F
$GQGSV,1,1,02,03,38,170,44,07,53,169,37,,,,,,,,*7F
$GQGSV,1,1,02,03,38,170,44,07,53,169,37,,,,,,,,*7F
$GQGSV,1,1,02,03,38,170,44,07,53,169,37,,,,,,,,*7F
$GQGSV,1,1,02,03,38,170,44,07,53,169,37,,,,,,,,*7F
$GQGSV,1,1,02,03,38,170,44,07,53,169,37,,,,,,,,*7F
$GQGSV,1,1,02,03,38,170,44,07,53,169,37,,,,,,,,*7F
$GQGSV,1,1,02,03,38,170,44,07,53,169,37,,,,,,,,*7F
$GQGSV,1,1,02,03,38,170,44,07,53,169,37,,,,,,,,*7F
$GQGSV,1,1,02,03,38,170,44,07,53,169,37,,,,,,,,*7F
$GQGSV,1,1,02,03,38,170,44,07,53,169,37,,,,,,,,*7F
$GQGSV,1,1,02,03,38,170,44,07,53,169,37,,,,,,,,*7F
$GQGSV,1,1,02,03,38,170,44,07,53,169,37,,,,,,,,*7F
$GQGSV,1,1,02,03,38,170,44,07,53,169,37,,,,,,,,*7F
$GQGSV,1,1,02,03,38,170,44,07,53,169,37,,,,,,,,*7F
$GQGSV,1,1,03,02,00,000,26,03,38,170,44,07,53,169,37,,,,*48
$GQGSV,1,1,03,02,00,000,25,03,38,170,44,07,53,169,37,,,,*4B
$GQGSV,1,1,03,02,00,000,25,03,38,170,44,07,53,169,37,,,,*4B
$GQGSV,1,1,03,02,00,000,25,03,38,170,44,07,53,169,37,,,,*4B
$GQGSV,1,1,03,02,00,000,26,03,38,170,44,07,53,169,37,,,,*48
$GQGSV,1,1,03,02,00,000,26,03,38,170,44,07,53,169,37,,,,*48
$GQGSV,1,1,03,02,00,000,27,03,38,170,44,07,53,169,37,,,,*49
$GQGSV,1,1,03,02,00,000,26,03,38,170,45,07,53,169,38,,,,*46
$GQGSV,1,1,03,02,00,000,26,03,38,170,45,07,53,169,38,,,,*46
$GQGSV,1,1,03,02,00,000,26,03,38,170,45,07,53,169,38,,,,*46
$GQGSV,1,1,03,02,00,000,26,03,38,170,45,07,53,169,38,,,,*46
$GQGSV,1,1,03,02,00,000,25,03,38,170,45,07,53,169,38,,,,*45
$GQGSV,1,1,03,02,00,000,25,03,38,170,45,07,53,169,38,,,,*45
$GQGSV,1,1,03,02,00,000,25,03,38,170,45,07,53,169,38,,,,*45
$GQGSV,1,1,03,02,00,000,25,03,38,170,45,07,53,169,38,,,,*45
$GQGSV,1,1,02,03,38,170,45,07,53,169,38,,,,,,,,*71
$GQGSV,1,1,02,03,38,170,45,07,53,169,38,,,,,,,,*71
$GQGSV,1,1,02,03,38,170,45,07,53,169,38,,,,,,,,*71
$GQGSV,1,1,02,03,38,170,45,07,53,169,38,,,,,,,,*71
$GQGSV,1,1,02,03,38,170,45,07,53,169,38,,,,,,,,*71
$GQGSV,1,1,02,03,38,170,45,07,53,169,38,,,,,,,,*71
$GQGSV,1,1,03,02,00,000,27,03,38,170,45,07,53,169,38,,,,*47
$GQGSV,1,1,03,02,00,000,27,03,38,170,45,07,53,169,38,,,,*47
$GQGSV,1,1,03,02,00,000,27,03,38,170,45,07,53,169,38,,,,*47
$GQGSV,1,1,03,02,00,000,28,03,38,170,45,07,53,169,38,,,,*48
$GQGSV,1,1,03,02,00,000,29,03,38,170,45,07,53,169,38,,,,*49
$GQGSV,1,1,03,02,00,000,29,03,38,170,45,07,53,169,38,,,,*49
$GQGSV,1,1,03,02,00,000,29,03,38,170,45,07,53,169,38,,,,*49
$GQGSV,1,1,03,02,00,000,29,03,38,170,45,07,53,169,38,,,,*49
$GQGSV,1,1,03,02,00,000,29,03,38,170,45,07,53,169,38,,,,*49
$GQGSV,1,1,03,02,00,000,29,03,38,170,45,07,53,169,38,,,,*49
$GQGSV,1,1,03,02,00,000,29,03,38,170,45,07,53,169,38,,,,*49
$GQGSV,1,1,03,02,00,000,29,03,38,170,45,07,53,169,38,,,,*49
$GQGSV,1,1,03,02,00,000,29,03,38,170,45,07,53,169,38,,,,*49
$GQGSV,1,1,03,02,00,000,29,03,38,170,44,07,53,169,38,,,,*48
$GQGSV,1,1,03,02,00,000,29,03,38,170,44,07,53,169,38,,,,*48
$GQGSV,1,1,03,02,00,000,29,03,38,170,44,07,53,169,37,,,,*47
$GQGSV,1,1,03,02,00,000,29,03,38,170,44,07,53,169,37,,,,*47
$GQGSV,1,1,03,02,00,000,29,03,38,170,44,07,53,169,37,,,,*47
$GQGSV,1,1,03,02,00,000,29,03,38,170,44,07,53,169,37,,,,*47
$GQGSV,1,1,03,02,00,000,29,03,38,170,44,07,53,169,37,,,,*47
$GQGSV,1,1,03,02,00,000,29,03,38,170,44,07,53,169,37,,,,*47
$GQGSV,1,1,03,02,00,000,29,03,38,170,44,07,53,169,37,,,,*47
$GQGSV,1,1,03,02,00,000,29,03,38,170,44,07,53,169,37,,,,*47
$GQGSV,1,1,03,02,00,000,28,03,38,170,44,07,53,169,37,,,,*46
$GQGSV,1,1,03,02,00,000,28,03,38,170,44,07,53,169,37,,,,*46
$GQGSV,1,1,03,02,00,000,28,03,38,170,44,07,53,169,37,,,,*46
$GQGSV,1,1,03,02,00,000,28,03,38,170,44,07,53,169,37,,,,*46
$GQGSV,1,1,03,02,00,000,28,03,38,170,44,07,53,169,37,,,,*46
$GQGSV,1,1,03,02,00,000,28,03,38,170,44,07,53,169,37,,,,*46
$GQGSV,1,1,03,02,00,000,28,03,38,170,44,07,53,169,37,,,,*46
$GQGSV,1,1,03,02,00,000,28,03,38,170,44,07,53,169,37,,,,*46
$GQGSV,1,1,03,02,00,000,28,03,38,170,44,07,53,169,37,,,,*46
$GQGSV,1,1,03,02,00,000,28,03,38,170,44,07,53,169,37,,,,*46
$GQGSV,1,1,03,02,00,000,29,03,38,170,44,07,53,169,37,,,,*47
$GQGSV,1,1,03,02,00,000,29,03,38,170,44,07,53,169,37,,,,*47
$GQGSV,1,1,03,02,00,000,29,03,38,170,44,07,53,169,37,,,,*47
$GQGSV,1,1,03,02,00,000,30,03,38,170,44,07,53,169,37,,,,*4F
$GQGSV,1,1,03,02,00,000,30,03,38,170,44,07,53,169,37,,,,*4F
$GQGSV,1,1,03,02,00,000,30,03,38,170,44,07,53,169,37,,,,*4F
$GQGSV,1,1,03,02,00,000,30,03,38,170,44,07,53,169,37,,,,*4F
$GQGSV,1,1,03,02,00,000,30,03,38,170,44,07,53,169,37,,,,*4F
$GQGSV,1,1,03,02,00,000,31,03,38,170,44,07,53,169,37,,,,*4E
$GQGSV,1,1,03,02,00,000,31,03,38,170,44,07,53,169,37,,,,*4E
$GQGSV,1,1,03,02,00,000,31,03,38,170,44,07,53,169,37,,,,*4E
$GQGSV,1,1,03,02,00,000,31,03,38,170,44,07,53,169,37,,,,*4E
$GQGSV,1,1,03,02,00,000,31,03,38,170,44,07,53,169,37,,,,*4E
$GQGSV,1,1,03,02,00,000,32,03,38,170,44,07,53,169,37,,,,*4D
$GQGSV,1,1,03,02,00,000,32,03,38,170,44,07,53,169,37,,,,*4D
$GQGSV,1,1,03,02,00,000,32,03,38,170,44,07,53,169,37,,,,*4D
$GQGSV,1,1,03,02,00,000,32,03,38,170,44,07,53,169,37,,,,*4D
$GQGSV,1,1,03,02,00,000,32,03,38,170,44,07,53,169,38,,,,*42
$GQGSV,1,1,03,02,00,000,32,03,38,170,44,07,53,169,38,,,,*42
$GQGSV,1,1,03,02,00,000,32,03,38,170,44,07,53,169,38,,,,*42
$GQGSV,1,1,03,02,00,000,32,03,38,170,44,07,53,169,38,,,,*42
$GQGSV,1,1,03,02,00,000,32,03,38,170,44,07,53,169,38,,,,*42
$GQGSV,1,1,03,02,00,000,32,03,38,170,44,07,53,169,38,,,,*42
$GQGSV,1,1,03,02,00,000,32,03,38,170,44,07,53,169,38,,,,*42
$GQGSV,1,1,03,02,00,000,32,03,38,170,44,07,53,169,38,,,,*42
$GQGSV,1,1,03,02,00,000,32,03,38,170,44,07,53,169,38,,,,*42
$GQGSV,1,1,03,02,00,000,32,03,38,170,44,07,53,169,38,,,,*42
$GQGSV,1,1,03,02,00,000,32,03,38,170,44,07,53,169,38,,,,*42
$GQGSV,1,1,03,02,00,000,32,03,38,170,44,07,53,169,38,,,,*42
$GQGSV,1,1,03,02,00,000,32,03,38,170,44,07,53,169,38,,,,*42
$GQGSV,1,1,03,02,00,000,32,03,38,170,44,07,53,169,38,,,,*42
$GQGSV,1,1,03,02,00,000,32,03,38,170,44,07,53,169,38,,,,*42
$GQGSV,1,1,03,02,00,000,32,03,38,170,43,07,53,169,38,,,,*45
$GQGSV,1,1,03,02,00,000,32,03,38,170,43,07,53,169,38,,,,*45
$GQGSV,1,1,03,02,00,000,32,03,38,170,43,07,53,169,38,,,,*45
$GQGSV,1,1,03,02,00,000,32,03,38,170,43,07,53,169,38,,,,*45
$GQGSV,1,1,03,02,00,000,32,03,38,170,43,07,53,169,38,,,,*45
$GQGSV,1,1,03,02,00,000,32,03,38,170,43,07,53,169,38,,,,*45
$GQGSV,1,1,03,02,00,000,32,03,38,170,43,07,53,169,38,,,,*45
$GQGSV,1,1,03,02,00,000,32,03,38,170,43,07,53,169,38,,,,*45
$GQGSV,1,1,03,02,00,000,32,03,38,170,43,07,53,169,37,,,,*4A
$GQGSV,1,1,03,02,00,000,32,03,38,170,43,07,53,169,37,,,,*4A
$GQGSV,1,1,03,02,00,000,32,03,38,170,43,07,53,169,37,,,,*4A
$GQGSV,1,1,03,02,00,000,33,03,38,170,43,07,53,169,37,,,,*4B
$GQGSV,1,1,03,02,00,000,33,03,38,170,43,07,53,169,37,,,,*4B
$GQGSV,1,1,03,02,00,000,33,03,38,170,43,07,53,169,37,,,,*4B
$GQGSV,1,1,03,02,00,000,33,03,38,170,43,07,53,169,37,,,,*4B
$GQGSV,1,1,03,02,00,000,33,03,38,170,43,07,53,169,37,,,,*4B
$GQGSV,1,1,03,02,00,000,33,03,38,170,43,07,53,169,37,,,,*4B
$GQGSV,1,1,03,02,00,000,33,03,38,170,43,07,53,169,37,,,,*4B
$GQGSV,1,1,03,02,00,000,33,03,38,170,43,07,53,169,37,,,,*4B
$GQGSV,1,1,03,02,00,000,33,03,38,170,43,07,53,169,37,,,,*4B
$GQGSV,1,1,03,02,00,000,33,03,38,170,43,07,53,169,37,,,,*4B
$GQGSV,1,1,03,02,00,000,34,03,38,170,43,07,53,169,37,,,,*4C
$GQGSV,1,1,03,02,00,000,34,03,38,170,43,07,53,169,37,,,,*4C
$GQGSV,1,1,03,02,00,000,34,03,38,170,43,07,53,169,37,,,,*4C
$GQGSV,1,1,03,02,00,000,34,03,38,170,43,07,53,169,37,,,,*4C
$GQGSV,1,1,03,02,00,000,34,03,38,170,43,07,53,169,37,,,,*4C
$GQGSV,1,1,03,02,00,000,34,03,38,170,43,07,53,169,37,,,,*4C
$GQGSV,1,1,03,02,00,000,34,03,38,170,43,07,53,169,37,,,,*4C
$GQGSV,1,1,03,02,00,000,34,03,38,170,43,07,53,169,37,,,,*4C
$GQGSV,1,1,03,02,00,000,34,03,38,170,43,07,53,169,37,,,,*4C
$GQGSV,1,1,03,02,00,000,34,03,38,170,43,07,53,169,37,,,,*4C
$GQGSV,1,1,03,02,00,000,34,03,38,170,43,07,53,169,37,,,,*4C
$GQGSV,1,1,03,02,00,000,34,03,38,170,43,07,53,169,37,,,,*4C
$GQGSV,1,1,03,02,00,000,34,03,38,170,43,07,53,169,37,,,,*4C
$GQGSV,1,1,03,02,00,000,34,03,38,170,43,07,53,169,37,,,,*4C
$GQGSV,1,1,03,02,00,000,34,03,38,170,43,07,53,169,37,,,,*4C
$GQGSV,1,1,03,02,00,000,34,03,38,170,43,07,53,169,37,,,,*4C
$GQGSV,1,1,03,02,00,000,34,03,38,170,43,07,53,169,37,,,,*4C
$GQGSV,1,1,03,02,00,000,34,03,38,170,43,07,53,169,37,,,,*4C
$GQGSV,1,1,03,02,00,000,34,03,38,170,43,07,53,169,37,,,,*4C
$GQGSV,1,1,03,02,00,000,34,03,38,170,43,07,53,169,37,,,,*4C
$GQGSV,1,1,03,02,00,000,34,03,38,170,43,07,53,169,37,,,,*4C
$GQGSV,1,1,03,02,00,000,34,03,38,170,43,07,53,169,37,,,,*4C
$GQGSV,1,1,03,02,00,000,34,03,38,170,43,07,53,169,37,,,,*4C
$GQGSV,1,1,03,02,00,000,34,03,38,170,43,07,53,169,37,,,,*4C
$GQGSV,1,1,03,02,00,000,34,03,38,170,44,07,53,169,37,,,,*4B
$GQGSV,1,1,03,02,00,000,35,03,38,170,44,07,53,169,37,,,,*4A
$GQGSV,1,1,03,02,00,000,34,03,38,171,44,07,53,169,37,,,,*4A
$GQGSV,1,1,03,02,00,000,35,03,38,171,44,07,53,169,37,,,,*4B
$GQGSV,1,1,02,03,38,171,44,07,53,169,37,,,,,,,,*7E
$GQGSV,1,1,02,03,38,171,44,07,53,169,37,,,,,,,,*7E
$GQGSV,1,1,02,03,38,171,44,07,53,169,37,,,,,,,,*7E
$GQGSV,1,1,02,03,38,171,45,07,53,169,37,,,,,,,,*7F
$GQGSV,1,1,02,03,38,171,45,07,53,169,37,,,,,,,,*7F
$GQGSV,1,1,02,03,38,171,45,07,53,169,37,,,,,,,,*7F
$GQGSV,1,1,02,03,38,171,45,07,53,169,37,,,,,,,,*7F
$GQGSV,1,1,02,03,38,171,45,07,53,169,37,,,,,,,,*7F
$GQGSV,1,1,02,03,38,171,45,07,53,169,37,,,,,,,,*7F
$GQGSV,1,1,02,03,38,171,45,07,53,169,37,,,,,,,,*7F
$GQGSV,1,1,02,03,38,171,45,07,53,169,37,,,,,,,,*7F
$GQGSV,1,1,02,03,38,171,45,07,53,169,37,,,,,,,,*7F
$GQGSV,1,1,02,03,38,171,45,07,53,169,37,,,,,,,,*7F
$GQGSV,1,1,02,03,38,171,45,07,53,169,37,,,,,,,,*7F
$GQGSV,1,1,02,03,38,171,45,07,53,169,37,,,,,,,,*7F
$GQGSV,1,1,02,03,38,171,45,07,53,169,37,,,,,,,,*7F
$GQGSV,1,1,02,03,38,171,45,07,53,169,37,,,,,,,,*7F
$GQGSV,1,1,02,03,38,171,45,07,53,169,37,,,,,,,,*7F
$GQGSV,1,1,02,03,38,171,45,07,53,169,37,,,,,,,,*7F
$GQGSV,1,1,02,03,38,171,45,07,53,169,37,,,,,,,,*7F
$GQGSV,1,1,02,03,38,171,45,07,53,169,37,,,,,,,,*7F
$GQGSV,1,1,02,03,38,171,46,07,53,169,37,,,,,,,,*7C
$GQGSV,1,1,03,02,00,000,36,03,38,171,46,07,53,169,37,,,,*4A
$GQGSV,1,1,03,02,00,000,38,03,38,171,46,07,53,169,37,,,,*44
$GQGSV,1,1,03,02,00,000,38,03,38,171,46,07,53,169,37,,,,*44
$GQGSV,1,1,03,02,00,000,37,03,38,171,46,07,53,169,37,,,,*4B
$GQGSV,1,1,03,02,00,000,36,03,38,171,46,07,53,169,37,,,,*4A
$GQGSV,1,1,03,02,00,000,35,03,38,171,46,07,53,169,37,,,,*49
$GQGSV,1,1,03,02,00,000,34,03,38,171,46,07,53,169,37,,,,*48
$GQGSV,1,1,03,02,00,000,34,03,38,171,46,07,53,169,37,,,,*48
$GQGSV,1,1,03,02,00,000,34,03,38,171,46,07,53,169,37,,,,*48
$GQGSV,1,1,03,02,00,000,34,03,38,171,46,07,53,169,37,,,,*48
$GQGSV,1,1,03,02,00,000,34,03,38,171,46,07,53,169,37,,,,*48
$GQGSV,1,1,03,02,00,000,34,03,38,171,46,07,53,169,37,,,,*48
$GQGSV,1,1,03,02,00,000,34,03,38,171,46,07,53,169,37,,,,*48
$GQGSV,1,1,03,02,00,000,34,03,38,171,46,07,53,169,37,,,,*48
$GQGSV,1,1,03,02,00,000,34,03,38,171,46,07,53,169,37,,,,*48
$GQGSV,1,1,03,02,00,000,34,03,38,171,46,07,53,169,37,,,,*48
$GQGSV,1,1,03,02,00,000,34,03,38,171,46,07,53,169,37,,,,*48
$GQGSV,1,1,03,02,00,000,34,03,38,171,46,07,53,169,37,,,,*48
$GQGSV,1,1,03,02,00,000,34,03,38,171,46,07,53,169,37,,,,*48
$GQGSV,1,1,03,02,00,000,34,03,38,171,46,07,53,169,37,,,,*48
$GQGSV,1,1,03,02,00,000,34,03,38,171,46,07,53,169,37,,,,*48
$GQGSV,1,1,03,02,00,000,34,03,38,171,46,07,53,169,37,,,,*48
$GQGSV,1,1,03,02,00,000,33,03,38,171,46,07,53,169,37,,,,*4F
$GQGSV,1,1,03,02,00,000,33,03,38,171,46,07,53,169,37,,,,*4F
$GQGSV,1,1,03,02,00,000,33,03,38,171,46,07,53,169,37,,,,*4F
$GQGSV,1,1,03,02,00,000,33,03,38,171,46,07,53,169,37,,,,*4F
$GQGSV,1,1,03,02,00,000,33,03,38,171,47,07,53,169,37,,,,*4E
$GQGSV,1,1,03,02,00,000,33,03,38,171,47,07,53,169,37,,,,*4E
$GQGSV,1,1,03,02,00,000,33,03,38,171,47,07,53,169,37,,,,*4E
$GQGSV,1,1,03,02,00,000,33,03,38,171,47,07,53,169,37,,,,*4E
$GQGSV,1,1,03,02,00,000,33,03,38,171,47,07,53,169,37,,,,*4E
$GQGSV,1,1,03,02,00,000,34,03,38,171,47,07,53,169,37,,,,*49
$GQGSV,1,1,03,02,00,000,34,03,38,171,47,07,53,169,37,,,,*49
$GQGSV,1,1,03,02,00,000,34,03,38,171,47,07,53,169,37,,,,*49
$GQGSV,1,1,03,02,00,000,33,03,38,171,47,07,53,169,37,,,,*4E
$GQGSV,1,1,03,02,00,000,33,03,38,171,47,07,53,169,37,,,,*4E
$GQGSV,1,1,03,02,00,000,33,03,38,171,47,07,53,169,37,,,,*4E
$GQGSV,1,1,03,02,00,000,33,03,38,171,47,07,53,169,37,,,,*4E
$GQGSV,1,1,03,02,00,000,33,03,38,171,47,07,53,169,37,,,,*4E
$GQGSV,1,1,03,02,00,000,33,03,38,171,47,07,53,169,37,,,,*4E
$GQGSV,1,1,03,02,00,000,33,03,38,171,47,07,53,169,37,,,,*4E
$GQGSV,1,1,03,02,00,000,33,03,38,171,47,07,53,169,37,,,,*4E
$GQGSV,1,1,03,02,00,000,33,03,38,171,46,07,53,169,37,,,,*4F
$GQGSV,1,1,03,02,00,000,33,03,38,171,46,07,53,169,37,,,,*4F
$GQGSV,1,1,03,02,00,000,33,03,38,171,46,07,53,169,37,,,,*4F
$GQGSV,1,1,03,02,00,000,33,03,38,171,46,07,53,169,37,,,,*4F
$GQGSV,1,1,02,03,38,171,46,07,53,169,37,,,,,,,,*7C
$GQGSV,1,1,02,03,38,171,46,07,53,169,37,,,,,,,,*7C
$GQGSV,1,1,02,03,38,171,46,07,53,169,37,,,,,,,,*7C
$GQGSV,1,1,02,03,38,171,46,07,53,169,37,,,,,,,,*7C
$GQGSV,1,1,02,03,38,171,46,07,53,169,37,,,,,,,,*7C
$GQGSV,1,1,02,03,38,171,46,07,53,169,37,,,,,,,,*7C
$GQGSV,1,1,03,02,00,000,31,03,38,171,46,07,53,169,37,,,,*4D
$GQGSV,1,1,03,02,00,000,32,03,38,171,46,07,53,169,37,,,,*4E
$GQGSV,1,1,03,02,00,000,32,03,38,171,46,07,53,169,37,,,,*4E
$GQGSV,1,1,03,02,00,000,32,03,38,171,46,07,53,169,37,,,,*4E
$GQGSV,1,1,03,02,00,000,32,03,38,171,46,07,53,169,37,,,,*4E
$GQGSV,1,1,03,02,00,000,32,03,38,171,46,07,53,169,37,,,,*4E
$GQGSV,1,1,03,02,00,000,32,03,38,171,45,07,53,169,37,,,,*4D
$GQGSV,1,1,03,02,00,000,32,03,38,171,45,07,53,169,37,,,,*4D
$GQGSV,1,1,03,02,00,000,32,03,38,171,45,07,53,169,37,,,,*4D
$GQGSV,1,1,03,02,00,000,32,03,38,171,45,07,53,169,37,,,,*4D
$GQGSV,1,1,03,02,00,000,32,03,38,171,45,07,53,169,37,,,,*4D
$GQGSV,1,1,03,02,00,000,31,03,38,171,45,07,53,169,37,,,,*4E
$GQGSV,1,1,03,02,00,000,31,03,38,171,45,07,53,169,37,,,,*4E
$GQGSV,1,1,03,02,00,000,31,03,38,171,45,07,53,169,37,,,,*4E
$GQGSV,1,1,03,02,00,000,31,03,38,171,45,07,53,169,37,,,,*4E
$GQGSV,1,1,03,02,00,000,32,03,38,171,45,07,53,169,37,,,,*4D
$GQGSV,1,1,03,02,00,000,32,03,38,171,44,07,53,169,37,,,,*4C
$GQGSV,1,1,03,02,00,000,32,03,38,171,44,07,53,169,37,,,,*4C
$GQGSV,1,1,02,03,38,171,44,07,53,169,37,,,,,,,,*7E
$GQGSV,1,1,02,03,38,171,44,07,53,169,37,,,,,,,,*7E
$GQGSV,1,1,02,03,38,171,44,07,53,169,37,,,,,,,,*7E
$GQGSV,1,1,02,03,38,171,44,07,53,169,37,,,,,,,,*7E
$GQGSV,1,1,02,03,38,171,44,07,53,169,37,,,,,,,,*7E
$GQGSV,1,1,02,03,38,171,44,07,53,169,37,,,,,,,,*7E
$GQGSV,1,1,03,02,00,000,32,03,38,171,44,07,53,169,37,,,,*4C
$GQGSV,1,1,03,02,00,000,32,03,38,171,44,07,53,169,37,,,,*4C
$GQGSV,1,1,03,02,00,000,32,03,38,171,44,07,53,169,37,,,,*4C
$GQGSV,1,1,03,02,00,000,32,03,38,171,44,07,53,169,37,,,,*4C
$GQGSV,1,1,03,02,00,000,32,03,38,171,44,07,53,169,37,,,,*4C
$GQGSV,1,1,03,02,00,000,32,03,38,171,44,07,53,169,37,,,,*4C
$GQGSV,1,1,03,02,00,000,31,03,38,171,44,07,53,169,37,,,,*4F
$GQGSV,1,1,03,02,00,000,31,03,38,171,44,07,53,169,37,,,,*4F
$GQGSV,1,1,03,02,00,000,31,03,38,171,44,07,53,169,37,,,,*4F
$GQGSV,1,1,03,02,00,000,30,03,38,171,43,07,53,169,37,,,,*49
$GQGSV,1,1,03,02,00,000,30,03,38,171,43,07,53,169,37,,,,*49
$GQGSV,1,1,03,02,00,000,30,03,38,171,43,07,53,169,37,,,,*49
$GQGSV,1,1,03,02,00,000,30,03,38,171,43,07,53,169,37,,,,*49
$GQGSV,1,1,03,02,00,000,30,03,38,171,43,07,53,169,37,,,,*49
$GQGSV,1,1,03,02,00,000,29,03,38,171,43,07,53,169,37,,,,*41
$GQGSV,1,1,03,02,00,000,29,03,38,171,43,07,53,169,37,,,,*41
$GQGSV,1,1,03,02,00,000,28,03,38,171,43,07,53,169,37,,,,*40
$GQGSV,1,1,03,02,00,000,27,03,38,171,43,07,53,169,36,,,,*4E
$GQGSV,1,1,02,03,38,171,43,07,53,169,36,,,,,,,,*78
$GQGSV,1,1,02,03,38,171,43,07,53,169,36,,,,,,,,*78
$GQGSV,1,1,02,03,38,171,43,07,53,169,35,,,,,,,,*7B
$GQGSV,1,1,02,03,38,171,43,07,53,169,34,,,,,,,,*7A
$GQGSV,1,1,02,03,38,171,41,07,53,169,34,,,,,,,,*78
$GQGSV,1,1,02,03,38,171,39,07,53,169,34,,,,,,,,*77
$GQGSV,1,1,03,02,00,000,24,03,38,171,38,07,53,169,34,,,,*43
$GQGSV,1,1,03,02,00,000,22,03,38,171,37,07,53,169,34,,,,*4A
$GQGSV,1,1,03,02,00,000,21,03,38,171,37,07,53,169,34,,,,*49
$GQGSV,1,1,03,02,00,000,21,03,38,171,37,07,53,169,34,,,,*49
$GQGSV,1,1,03,02,00,000,21,03,38,171,37,07,53,169,35,,,,*48
$GQGSV,1,1,03,02,00,000,23,03,38,171,38,07,53,169,35,,,,*45
$GQGSV,1,1,03,02,00,000,24,03,38,171,38,07,53,169,36,,,,*41
$GQGSV,1,1,03,02,00,000,25,03,38,171,39,07,53,169,36,,,,*41
$GQGSV,1,1,03,02,00,000,26,03,38,171,39,07,53,169,37,,,,*43
$GQGSV,1,1,03,02,00,000,27,03,38,171,40,07,53,169,37,,,,*4C
$GQGSV,1,1,03,02,00,000,27,03,38,171,41,07,53,169,37,,,,*4D
$GQGSV,1,1,03,02,00,000,27,03,38,171,41,07,53,169,37,,,,*4D
$GQGSV,1,1,03,02,00,000,27,03,38,171,42,07,53,169,37,,,,*4E
$GQGSV,1,1,03,02,00,000,27,03,38,171,42,07,53,169,38,,,,*41
$GQGSV,1,1,03,02,00,000,28,03,38,171,43,07,53,169,38,,,,*4F
$GQGSV,1,1,03,02,00,000,28,03,38,171,43,07,53,169,38,,,,*4F
$GQGSV,1,1,03,02,00,000,28,03,38,171,43,07,53,169,38,,,,*4F
$GQGSV,1,1,03,02,00,000,28,03,38,171,43,07,53,169,38,,,,*4F
$GQGSV,1,1,03,02,00,000,28,03,38,171,43,07,53,169,38,,,,*4F
$GQGSV,1,1,03,02,00,000,28,03,38,171,43,07,53,169,38,,,,*4F
$GQGSV,1,1,03,02,00,000,28,03,38,171,43,07,53,169,38,,,,*4F
$GQGSV,1,1,03,02,00,000,27,03,38,171,43,07,53,169,38,,,,*40
$GQGSV,1,1,03,02,00,000,26,03,38,171,43,07,53,169,38,,,,*41
$GQGSV,1,1,03,02,00,000,25,03,38,171,43,07,53,169,38,,,,*42
$GQGSV,1,1,03,02,00,000,25,03,38,171,43,07,53,169,38,,,,*42
$GQGSV,1,1,03,02,00,000,24,03,38,171,43,07,53,169,38,,,,*43
$GQGSV,1,1,03,02,00,000,24,03,38,171,43,07,53,169,38,,,,*43
$GQGSV,1,1,03,02,00,000,24,03,38,171,43,07,53,169,38,,,,*43
$GQGSV,1,1,03,02,00,000,24,03,38,171,43,07,53,169,38,,,,*43
$GQGSV,1,1,03,02,00,000,24,03,38,171,43,07,53,169,38,,,,*43
$GQGSV,1,1,03,02,00,000,24,03,38,171,43,07,53,169,38,,,,*43
$GQGSV,1,1,03,02,00,000,24,03,38,171,43,07,53,169,38,,,,*43
$GQGSV,1,1,03,02,00,000,24,03,38,171,43,07,53,169,38,,,,*43
$GQGSV,1,1,03,02,00,000,25,03,38,171,43,07,53,169,38,,,,*42
$GQGSV,1,1,03,02,00,000,24,03,38,171,43,07,53,169,38,,,,*43
$GQGSV,1,1,03,02,00,000,24,03,38,171,43,07,53,169,38,,,,*43
$GQGSV,1,1,03,02,00,000,24,03,38,171,43,07,53,169,38,,,,*43
$GQGSV,1,1,03,02,00,000,24,03,38,171,43,07,53,169,38,,,,*43
$GQGSV,1,1,03,02,00,000,24,03,38,171,42,07,53,169,38,,,,*42
$GQGSV,1,1,03,02,00,000,25,03,38,171,43,07,53,169,38,,,,*42
$GQGSV,1,1,03,02,00,000,26,03,38,171,43,07,53,169,38,,,,*41
$GQGSV,1,1,03,02,00,000,26,03,38,171,43,07,53,169,38,,,,*41
$GQGSV,1,1,03,02,00,000,27,03,38,171,43,07,53,169,38,,,,*40
$GQGSV,1,1,03,02,00,000,27,03,38,171,43,07,53,169,38,,,,*40
$GQGSV,1,1,03,02,00,000,28,03,38,171,43,07,53,169,38,,,,*4F
$GQGSV,1,1,03,02,00,000,28,03,38,171,43,07,53,169,38,,,,*4F
$GQGSV,1,1,03,02,00,000,29,03,38,171,43,07,53,169,38,,,,*4E
$GQGSV,1,1,03,02,00,000,29,03,38,171,43,07,53,169,38,,,,*4E
$GQGSV,1,1,03,02,00,000,29,03,38,171,43,07,53,169,38,,,,*4E
$GQGSV,1,1,03,02,00,000,29,03,38,171,43,07,53,169,35,,,,*43
$GQGSV,1,1,03,02,00,000,29,03,38,171,43,07,53,169,34,,,,*42
$GQGSV,1,1,03,02,00,000,28,03,38,171,43,07,53,169,33,,,,*44
$GQGSV,1,1,03,02,00,000,28,03,38,171,43,07,53,169,32,,,,*45
$GQGSV,1,1,03,02,00,000,27,03,38,171,42,07,53,169,32,,,,*4B
$GQGSV,1,1,03,02,00,000,27,03,38,171,42,07,53,169,31,,,,*48
$GQGSV,1,1,03,02,00,000,27,03,38,171,42,07,53,169,31,,,,*48
$GQGSV,1,1,03,02,00,000,27,03,38,171,42,07,53,169,31,,,,*48
$GQGSV,1,1,03,02,00,000,28,03,38,171,41,07,53,169,31,,,,*44
$GQGSV,1,1,03,02,00,000,28,03,38,171,41,07,53,169,31,,,,*44
$GQGSV,1,1,03,02,00,000,28,03,38,171,41,07,53,169,31,,,,*44
$GQGSV,1,1,03,02,00,000,28,03,38,171,41,07,53,169,31,,,,*44
$GQGSV,1,1,03,02,00,000,28,03,38,171,41,07,53,169,39,,,,*4C
$GQGSV,1,1,03,02,00,000,27,03,38,171,41,07,53,169,39,,,,*43
$GQGSV,1,1,03,02,00,000,26,03,38,171,41,07,53,169,39,,,,*42
$GQGSV,1,1,03,02,00,000,26,03,38,171,41,07,53,169,39,,,,*42
$GQGSV,1,1,02,03,38,171,41,07,53,169,39,,,,,,,,*75
$GQGSV,1,1,02,03,38,171,41,07,53,169,32,,,,,,,,*7E
$GQGSV,1,1,02,03,38,171,41,07,53,169,31,,,,,,,,*7D
$GQGSV,1,1,02,03,38,171,41,07,53,169,32,,,,,,,,*7E
$GQGSV,1,1,02,03,38,171,41,07,53,169,33,,,,,,,,*7F
$GQGSV,1,1,02,03,38,171,41,07,53,169,34,,,,,,,,*78
$GQGSV,1,1,02,03,38,171,41,07,53,169,35,,,,,,,,*79
$GQGSV,1,1,02,03,38,171,41,07,53,169,35,,,,,,,,*79
$GQGSV,1,1,02,03,38,171,42,07,53,169,36,,,,,,,,*79
$GQGSV,1,1,02,03,38,171,42,07,53,169,36,,,,,,,,*79
$GQGSV,1,1,02,03,38,171,42,07,53,169,37,,,,,,,,*78
$GQGSV,1,1,02,03,38,171,42,07,53,169,37,,,,,,,,*78
$GQGSV,1,1,02,03,38,171,42,07,53,169,37,,,,,,,,*78
$GQGSV,1,1,02,03,38,171,42,07,53,169,37,,,,,,,,*78
$GQGSV,1,1,02,03,38,171,42,07,53,169,37,,,,,,,,*78
$GQGSV,1,1,02,03,38,171,42,07,53,169,38,,,,,,,,*77
$GQGSV,1,1,02,03,38,171,43,07,53,169,38,,,,,,,,*76
$GQGSV,1,1,02,03,38,171,43,07,53,169,38,,,,,,,,*76
$GQGSV,1,1,02,03,38,171,43,07,53,169,38,,,,,,,,*76
$GQGSV,1,1,02,03,38,171,43,07,53,169,38,,,,,,,,*76
$GQGSV,1,1,02,03,38,171,43,07,53,169,39,,,,,,,,*77
$GQGSV,1,1,03,02,00,000,21,03,38,171,43,07,53,169,39,,,,*47
$GQGSV,1,1,03,02,00,000,21,03,38,171,43,07,53,169,39,,,,*47
$GQGSV,1,1,03,02,00,000,22,03,38,171,43,07,53,169,39,,,,*44
$GQGSV,1,1,03,02,00,000,24,03,38,171,43,07,53,169,39,,,,*42
$GQGSV,1,1,03,02,00,000,26,03,38,171,43,07,53,169,39,,,,*40
$GQGSV,1,1,03,02,00,000,28,03,38,171,43,07,53,169,39,,,,*4E
$GQGSV,1,1,03,02,00,000,27,03,38,171,43,07,53,169,39,,,,*41
$GQGSV,1,1,03,02,00,000,26,03,38,171,43,07,53,169,39,,,,*40
$GQGSV,1,1,03,02,00,000,26,03,38,171,43,07,53,169,39,,,,*40
$GQGSV,1,1,03,02,00,000,27,03,38,171,43,07,53,169,39,,,,*41
$GQGSV,1,1,03,02,00,000,26,03,38,171,43,07,53,169,39,,,,*40
$GQGSV,1,1,03,02,00,000,25,03,38,171,43,07,53,169,39,,,,*43
$GQGSV,1,1,03,02,00,000,24,03,38,171,43,07,53,169,39,,,,*42
$GQGSV,1,1,03,02,00,000,23,03,38,171,43,07,53,169,39,,,,*45
$GQGSV,1,1,02,03,38,171,43,07,53,169,39,,,,,,,,*77
$GQGSV,1,1,02,03,38,171,43,07,53,169,39,,,,,,,,*77
$GQGSV,1,1,02,03,38,171,43,07,53,169,39,,,,,,,,*77
$GQGSV,1,1,02,03,38,171,43,07,53,169,39,,,,,,,,*77
$GQGSV,1,1,02,03,38,171,43,07,53,169,39,,,,,,,,*77
$GQGSV,1,1,02,03,38,171,43,07,53,169,39,,,,,,,,*77
$GQGSV,1,1,02,03,38,171,43,07,53,169,39,,,,,,,,*77
$GQGSV,1,1,02,03,38,171,43,07,53,169,39,,,,,,,,*77
$GQGSV,1,1,02,03,38,171,43,07,53,169,39,,,,,,,,*77
$GQGSV,1,1,02,03,38,171,43,07,53,169,39,,,,,,,,*77
$GQGSV,1,1,02,03,38,171,43,07,53,169,39,,,,,,,,*77
$GQGSV,1,1,02,03,38,171,43,07,53,169,39,,,,,,,,*77
$GQGSV,1,1,02,03,38,171,43,07,53,169,39,,,,,,,,*77
$GQGSV,1,1,02,03,38,171,43,07,53,169,39,,,,,,,,*77
$GQGSV,1,1,02,03,38,171,43,07,53,169,39,,,,,,,,*77
$GQGSV,1,1,02,03,38,171,43,07,53,169,39,,,,,,,,*77
$GQGSV,1,1,02,03,38,171,43,07,53,169,39,,,,,,,,*77
$GQGSV,1,1,02,03,38,171,43,07,53,169,39,,,,,,,,*77
$GQGSV,1,1,02,03,38,171,43,07,53,169,39,,,,,,,,*77
$GQGSV,1,1,02,03,38,171,43,07,53,169,39,,,,,,,,*77
$GQGSV,1,1,02,03,38,171,43,07,53,169,39,,,,,,,,*77
$GQGSV,1,1,02,03,38,171,43,07,53,169,39,,,,,,,,*77
$GQGSV,1,1,02,03,38,171,43,07,53,169,39,,,,,,,,*77
$GQGSV,1,1,02,03,38,171,43,07,53,169,39,,,,,,,,*77
$GQGSV,1,1,02,03,38,171,43,07,53,169,39,,,,,,,,*77
$GQGSV,1,1,02,03,38,171,43,07,53,169,39,,,,,,,,*77
$GQGSV,1,1,02,03,38,171,43,07,53,169,39,,,,,,,,*77
$GQGSV,1,1,02,03,38,171,43,07,53,169,39,,,,,,,,*77
$GQGSV,1,1,02,03,38,171,43,07,53,169,39,,,,,,,,*77
$GQGSV,1,1,02,03,38,171,43,07,53,169,39,,,,,,,,*77
$GQGSV,1,1,02,03,38,171,43,07,53,169,39,,,,,,,,*77
$GQGSV,1,1,03,02,00,000,34,03,38,171,43,07,53,169,39,,,,*43
$GQGSV,1,1,03,02,00,000,34,03,38,171,43,07,53,169,39,,,,*43
$GQGSV,1,1,03,02,00,000,31,03,38,171,43,07,53,169,39,,,,*46
$GQGSV,1,1,03,02,00,000,31,03,38,171,43,07,53,169,39,,,,*46
$GQGSV,1,1,03,02,00,000,31,03,38,171,43,07,53,169,39,,,,*46
$GQGSV,1,1,03,02,00,000,31,03,38,171,43,07,53,169,38,,,,*47
$GQGSV,1,1,03,02,00,000,31,03,38,171,43,07,53,169,38,,,,*47
$GQGSV,1,1,03,02,00,000,31,03,38,171,43,07,53,169,37,,,,*48
$GQGSV,1,1,03,02,00,000,30,03,38,171,43,07,53,169,36,,,,*48
$GQGSV,1,1,03,02,00,000,30,03,38,171,43,07,53,169,35,,,,*4B
$GQGSV,1,1,03,02,00,000,29,03,38,171,43,07,53,169,34,,,,*42
$GQGSV,1,1,03,02,00,000,29,03,38,171,43,07,53,169,34,,,,*42
$GQGSV,1,1,02,03,38,171,42,07,53,169,34,,,,,,,,*7B
$GQGSV,1,1,02,03,38,171,42,07,53,169,34,,,,,,,,*7B
$GQGSV,1,1,02,03,38,171,42,07,53,169,34,,,,,,,,*7B
$GQGSV,1,1,02,03,38,171,42,07,53,169,34,,,,,,,,*7B
$GQGSV,1,1,02,03,38,171,42,07,53,169,35,,,,,,,,*7A
$GQGSV,1,1,02,03,38,171,42,07,53,169,35,,,,,,,,*7A
$GQGSV,1,1,02,03,38,171,42,07,53,169,35,,,,,,,,*7A
$GQGSV,1,1,02,03,38,171,41,07,53,169,35,,,,,,,,*79
$GQGSV,1,1,03,02,00,000,28,03,38,171,41,07,53,169,35,,,,*40
$GQGSV,1,1,03,02,00,000,28,03,38,171,41,07,53,169,35,,,,*40
$GQGSV,1,1,03,02,00,000,27,03,38,171,41,07,53,169,35,,,,*4F
$GQGSV,1,1,03,02,00,000,26,03,38,171,41,07,53,169,35,,,,*4E
$GQGSV,1,1,03,02,00,000,25,03,38,171,41,07,53,169,35,,,,*4D
$GQGSV,1,1,03,02,00,000,25,03,38,171,41,07,53,169,35,,,,*4D
$GQGSV,1,1,03,02,00,000,26,03,38,171,41,07,53,169,35,,,,*4E
$GQGSV,1,1,03,02,00,000,26,03,38,171,41,07,53,169,35,,,,*4E
$GQGSV,1,1,02,03,38,171,41,07,53,169,35,,,,,,,,*79
$GQGSV,1,1,02,03,38,171,41,07,53,169,36,,,,,,,,*7A
$GQGSV,1,1,02,03,38,171,41,07,53,169,36,,,,,,,,*7A
$GQGSV,1,1,02,03,38,171,41,07,53,169,37,,,,,,,,*7B
$GQGSV,1,1,02,03,38,171,41,07,53,169,37,,,,,,,,*7B
$GQGSV,1,1,02,03,38,171,42,07,53,169,37,,,,,,,,*78
$GQGSV,1,1,02,03,38,171,42,07,53,169,37,,,,,,,,*78
$GQGSV,1,1,03,02,00,000,30,03,38,171,42,07,53,169,37,,,,*48
$GQGSV,1,1,03,02,00,000,31,03,38,171,42,07,53,169,37,,,,*49
$GQGSV,1,1,03,02,00,000,31,03,38,171,42,07,53,169,37,,,,*49
$GQGSV,1,1,03,02,00,000,31,03,38,171,42,07,53,169,37,,,,*49
$GQGSV,1,1,03,02,00,000,30,03,38,171,42,07,53,169,37,,,,*48
$GQGSV,1,1,03,02,00,000,30,03,38,171,42,07,53,169,37,,,,*48
$GQGSV,1,1,03,02,00,000,31,03,38,171,42,07,53,169,37,,,,*49
$GQGSV,1,1,03,02,00,000,31,03,38,171,42,07,53,169,37,,,,*49
$GQGSV,1,1,03,02,00,000,31,03,38,171,42,07,53,169,37,,,,*49
$GQGSV,1,1,03,02,00,000,31,03,38,171,42,07,53,169,37,,,,*49
$GQGSV,1,1,03,02,00,000,31,03,38,171,42,07,53,169,37,,,,*49
$GQGSV,1,1,03,02,00,000,31,03,38,171,42,07,53,169,37,,,,*49
$GQGSV,1,1,03,02,00,000,31,03,38,171,42,07,53,169,37,,,,*49
$GQGSV,1,1,03,02,00,000,31,03,38,171,42,07,53,169,37,,,,*49
$GQGSV,1,1,03,02,00,000,31,03,38,171,42,07,53,169,37,,,,*49
$GQGSV,1,1,03,02,00,000,31,03,38,171,42,07,53,169,37,,,,*49
$GQGSV,1,1,03,02,00,000,29,03,38,171,42,07,53,169,38,,,,*4F
$GQGSV,1,1,03,02,00,000,29,03,38,171,42,07,53,169,38,,,,*4F
$GQGSV,1,1,03,02,00,000,28,03,38,171,42,07,53,169,38,,,,*4E
$GQGSV,1,1,03,02,00,000,28,03,38,171,42,07,53,169,38,,,,*4E
$GQGSV,1,1,03,02,00,000,28,03,38,171,42,07,53,169,38,,,,*4E
$GQGSV,1,1,03,02,00,000,28,03,38,171,42,07,53,169,38,,,,*4E
$GQGSV,1,1,03,02,00,000,28,03,38,171,42,07,53,169,38,,,,*4E
$GQGSV,1,1,03,02,00,000,28,03,38,171,42,07,53,169,38,,,,*4E
$GQGSV,1,1,03,02,00,000,28,03,38,171,42,07,53,169,38,,,,*4E
$GQGSV,1,1,03,02,00,000,28,03,38,171,42,07,53,169,38,,,,*4E
$GQGSV,1,1,03,02,00,000,29,03,38,171,43,07,53,169,38,,,,*4E
$GQGSV,1,1,03,02,00,000,29,03,38,171,43,07,53,169,38,,,,*4E
$GQGSV,1,1,03,02,00,000,29,03,38,171,43,07,53,169,38,,,,*4E
$GQGSV,1,1,03,02,00,000,29,03,38,171,43,07,53,169,38,,,,*4E
$GQGSV,1,1,03,02,00,000,29,03,38,171,43,07,53,169,38,,,,*4E
$GQGSV,1,1,03,02,00,000,28,03,38,171,43,07,53,169,38,,,,*4F
$GQGSV,1,1,03,02,00,000,28,03,38,171,43,07,53,169,38,,,,*4F
$GQGSV,1,1,03,02,00,000,28,03,38,171,43,07,53,169,38,,,,*4F
$GQGSV,1,1,03,02,00,000,28,03,38,171,43,07,53,169,38,,,,*4F
$GQGSV,1,1,03,02,00,000,28,03,38,171,43,07,53,169,38,,,,*4F
$GQGSV,1,1,03,02,00,000,28,03,38,171,43,07,53,169,38,,,,*4F
$GQGSV,1,1,03,02,00,000,27,03,38,171,43,07,53,169,38,,,,*40
$GQGSV,1,1,03,02,00,000,28,03,38,171,43,07,53,169,38,,,,*4F
$GQGSV,1,1,03,02,00,000,28,03,38,171,43,07,53,169,38,,,,*4F
$GQGSV,1,1,02,03,38,171,43,07,53,169,38,,,,,,,,*76
$GQGSV,1,1,02,03,38,171,43,07,53,169,38,,,,,,,,*76
$GQGSV,1,1,02,03,38,171,43,07,53,169,38,,,,,,,,*76
$GQGSV,1,1,02,03,38,171,43,07,53,169,38,,,,,,,,*76
$GQGSV,1,1,02,03,38,171,43,07,53,169,38,,,,,,,,*76
$GQGSV,1,1,02,03,38,171,43,07,53,169,38,,,,,,,,*76
$GQGSV,1,1,02,03,38,171,43,07,53,169,36,,,,,,,,*78
$GQGSV,1,1,02,03,38,171,42,07,53,169,35,,,,,,,,*7A
$GQGSV,1,1,02,03,38,171,42,07,53,169,34,,,,,,,,*7B
$GQGSV,1,1,02,03,38,171,40,07,53,169,34,,,,,,,,*79
$GQGSV,1,1,02,03,38,171,37,07,53,169,34,,,,,,,,*79
$GQGSV,1,1,02,03,38,171,36,07,53,169,34,,,,,,,,*78
$GQGSV,1,1,02,03,38,171,36,07,53,169,34,,,,,,,,*78
$GQGSV,1,1,02,03,38,171,36,07,53,169,34,,,,,,,,*78
$GQGSV,1,1,02,03,38,171,36,07,53,169,34,,,,,,,,*78
$GQGSV,1,1,02,03,38,171,36,07,53,169,33,,,,,,,,*7F
$GQGSV,1,1,02,03,38,171,37,07,53,169,33,,,,,,,,*7E
$GQGSV,1,1,02,03,38,171,38,07,53,169,33,,,,,,,,*71
$GQGSV,1,1,02,03,38,171,38,07,53,169,33,,,,,,,,*71
$GQGSV,1,1,02,03,38,171,39,07,53,169,33,,,,,,,,*70
$GQGSV,1,1,02,03,38,171,39,07,53,169,33,,,,,,,,*70
$GQGSV,1,1,02,03,38,171,40,07,53,169,34,,,,,,,,*79
$GQGSV,1,1,02,03,38,171,40,07,53,169,34,,,,,,,,*79
$GQGSV,1,1,02,03,38,171,40,07,53,169,34,,,,,,,,*79
$GQGSV,1,1,02,03,38,171,40,07,53,169,35,,,,,,,,*78
$GQGSV,1,1,02,03,38,171,40,07,53,169,35,,,,,,,,*78
$GQGSV,1,1,02,03,38,171,41,07,53,169,36,,,,,,,,*7A
$GQGSV,1,1,02,03,38,171,41,07,53,169,36,,,,,,,,*7A
$GQGSV,1,1,02,03,38,171,41,07,53,169,36,,,,,,,,*7A
$GQGSV,1,1,02,03,38,171,41,07,53,169,37,,,,,,,,*7B
$GQGSV,1,1,02,03,38,171,42,07,53,169,37,,,,,,,,*78
$GQGSV,1,1,02,03,38,171,42,07,53,169,37,,,,,,,,*78
$GQGSV,1,1,02,03,38,171,42,07,53,169,38,,,,,,,,*77
$GQGSV,1,1,02,03,38,171,42,07,53,169,38,,,,,,,,*77
$GQGSV,1,1,02,03,38,171,42,07,53,169,38,,,,,,,,*77
$GQGSV,1,1,02,03,38,171,42,07,53,169,38,,,,,,,,*77
$GQGSV,1,1,02,03,38,171,43,07,53,169,38,,,,,,,,*76
$GQGSV,1,1,02,03,38,171,43,07,53,169,38,,,,,,,,*76
$GQGSV,1,1,02,03,38,171,43,07,53,169,38,,,,,,,,*76
$GQGSV,1,1,02,03,38,171,43,07,53,169,38,,,,,,,,*76
$GQGSV,1,1,02,03,38,171,43,07,53,169,38,,,,,,,,*76
$GQGSV,1,1,02,03,38,171,43,07,53,169,38,,,,,,,,*76
$GQGSV,1,1,02,03,38,171,43,07,53,169,38,,,,,,,,*76
$GQGSV,1,1,02,03,38,171,43,07,53,169,38,,,,,,,,*76
$GQGSV,1,1,02,03,38,171,43,07,53,169,38,,,,,,,,*76
$GQGSV,1,1,02,03,38,171,43,07,53,169,38,,,,,,,,*76
$GQGSV,1,1,02,03,38,171,43,07,53,169,38,,,,,,,,*76
$GQGSV,1,1,03,02,00,000,34,03,38,171,43,07,53,169,38,,,,*42
$GQGSV,1,1,03,02,00,000,35,03,38,171,43,07,53,169,38,,,,*43
$GQGSV,1,1,03,02,00,000,36,03,38,171,43,07,53,169,38,,,,*40
$GQGSV,1,1,03,02,00,000,36,03,38,171,43,07,53,169,38,,,,*40
$GQGSV,1,1,03,02,00,000,36,03,38,171,43,07,53,169,37,,,,*4F
$GQGSV,1,1,03,02,00,000,34,03,38,171,43,07,53,169,37,,,,*4D
$GQGSV,1,1,03,02,00,000,32,03,38,171,43,07,53,169,36,,,,*4A
$GQGSV,1,1,03,02,00,000,31,03,38,171,43,07,53,169,36,,,,*49
$GQGSV,1,1,03,02,00,000,30,03,38,171,43,07,53,169,36,,,,*48
$GQGSV,1,1,03,02,00,000,30,03,38,171,43,07,53,169,36,,,,*48
$GQGSV,1,1,03,02,00,000,30,03,38,171,43,07,53,169,36,,,,*48
$GQGSV,1,1,03,02,00,000,30,03,38,171,43,07,53,169,36,,,,*48
$GQGSV,1,1,03,02,00,000,30,03,38,171,43,07,53,169,36,,,,*48
$GQGSV,1,1,03,02,00,000,30,03,38,171,43,07,53,169,36,,,,*48
$GQGSV,1,1,03,02,00,000,30,03,38,171,43,07,53,169,36,,,,*48
$GQGSV,1,1,03,02,00,000,30,03,38,171,42,07,53,169,36,,,,*49
$GQGSV,1,1,03,02,00,000,30,03,38,171,42,07,53,169,36,,,,*49
$GQGSV,1,1,03,02,00,000,30,03,38,171,42,07,53,169,36,,,,*49
$GQGSV,1,1,03,02,00,000,30,03,38,171,42,07,53,169,36,,,,*49
$GQGSV,1,1,03,02,00,000,30,03,38,171,42,07,53,169,35,,,,*4A
$GQGSV,1,1,03,02,00,000,30,03,38,171,42,07,53,169,33,,,,*4C
$GQGSV,1,1,03,02,00,000,30,03,38,171,42,07,53,169,32,,,,*4D
$GQGSV,1,1,03,02,00,000,31,03,38,171,41,07,53,169,32,,,,*4F
$GQGSV,1,1,03,02,00,000,31,03,38,171,41,07,53,169,33,,,,*4E
$GQGSV,1,1,03,02,00,000,31,03,38,171,41,07,53,169,33,,,,*4E
$GQGSV,1,1,03,02,00,000,32,03,38,171,41,07,53,169,33,,,,*4D
$GQGSV,1,1,03,02,00,000,32,03,38,171,41,07,53,169,34,,,,*4A
$GQGSV,1,1,03,02,00,000,33,03,38,171,41,07,53,169,35,,,,*4A
$GQGSV,1,1,03,02,00,000,33,03,38,171,41,07,53,169,35,,,,*4A
$GQGSV,1,1,03,02,00,000,33,03,38,171,41,07,53,169,36,,,,*49
$GQGSV,1,1,03,02,00,000,33,03,38,171,41,07,53,169,36,,,,*49
$GQGSV,1,1,03,02,00,000,33,03,38,171,41,07,53,169,36,,,,*49
$GQGSV,1,1,03,02,00,000,34,03,38,171,42,07,53,169,36,,,,*4D
$GQGSV,1,1,03,02,00,000,34,03,38,171,42,07,53,169,37,,,,*4C
$GQGSV,1,1,03,02,00,000,34,03,38,171,42,07,53,169,37,,,,*4C
$GQGSV,1,1,03,02,00,000,35,03,38,171,42,07,53,169,37,,,,*4D
$GQGSV,1,1,03,02,00,000,35,03,38,171,42,07,53,169,37,,,,*4D
$GQGSV,1,1,03,02,00,000,35,03,38,171,42,07,53,169,36,,,,*4C
$GQGSV,1,1,03,02,00,000,34,03,38,171,42,07,53,169,36,,,,*4D
$GQGSV,1,1,03,02,00,000,34,03,38,171,42,07,53,169,36,,,,*4D
$GQGSV,1,1,03,02,00,000,34,03,38,171,42,07,53,169,36,,,,*4D
$GQGSV,1,1,03,02,00,000,34,03,38,171,42,07,53,169,37,,,,*4C
$GQGSV,1,1,03,02,00,000,34,03,38,171,42,07,53,169,37,,,,*4C
$GQGSV,1,1,03,02,00,000,34,03,38,171,42,07,53,169,37,,,,*4C
$GQGSV,1,1,03,02,00,000,35,03,38,171,42,07,53,169,38,,,,*42
$GQGSV,1,1,03,02,00,000,35,03,38,171,42,07,53,169,38,,,,*42
$GQGSV,1,1,03,02,00,000,35,03,38,171,43,07,53,169,38,,,,*43
$GQGSV,1,1,03,02,00,000,35,03,38,171,43,07,53,169,38,,,,*43
$GQGSV,1,1,03,02,00,000,35,03,38,171,43,07,53,169,38,,,,*43
$GQGSV,1,1,03,02,00,000,35,03,38,171,43,07,53,169,38,,,,*43
$GQGSV,1,1,03,02,00,000,36,03,38,171,43,07,53,169,38,,,,*40
$GQGSV,1,1,03,02,00,000,36,03,38,171,42,07,53,169,38,,,,*41
$GQGSV,1,1,03,02,00,000,37,03,38,171,42,07,53,169,38,,,,*40
$GQGSV,1,1,03,02,00,000,37,03,38,171,42,07,53,169,38,,,,*40
$GQGSV,1,1,03,02,00,000,38,03,38,171,42,07,53,169,38,,,,*4F
$GQGSV,1,1,03,02,00,000,38,03,38,171,42,07,53,169,38,,,,*4F
$GQGSV,1,1,03,02,00,000,38,03,38,171,42,07,53,169,38,,,,*4F
$GQGSV,1,1,03,02,00,000,38,03,38,171,42,07,53,169,38,,,,*4F
$GQGSV,1,1,03,02,00,000,38,03,38,171,42,07,53,169,38,,,,*4F
$GQGSV,1,1,03,02,00,000,38,03,38,171,42,07,53,169,38,,,,*4F
$GQGSV,1,1,03,02,00,000,39,03,38,171,42,07,53,169,38,,,,*4E
$GQGSV,1,1,03,02,00,000,39,03,38,171,42,07,53,169,38,,,,*4E
$GQGSV,1,1,03,02,00,000,39,03,38,171,42,07,53,169,38,,,,*4E
$GQGSV,1,1,03,02,00,000,39,03,38,171,42,07,53,169,39,,,,*4F
$GQGSV,1,1,03,02,00,000,39,03,38,171,43,07,53,169,39,,,,*4E
$GQGSV,1,1,03,02,00,000,39,03,38,171,43,07,53,169,39,,,,*4E
$GQGSV,1,1,03,02,00,000,39,03,38,171,43,07,53,169,39,,,,*4E
$GQGSV,1,1,03,02,00,000,39,03,38,171,43,07,53,169,39,,,,*4E
$GQGSV,1,1,03,02,00,000,39,03,38,171,43,07,53,169,39,,,,*4E
$GQGSV,1,1,03,02,00,000,39,03,38,171,43,07,53,169,39,,,,*4E
$GQGSV,1,1,03,02,00,000,39,03,38,171,43,07,53,169,39,,,,*4E
$GQGSV,1,1,03,02,00,000,40,03,38,171,43,07,53,169,39,,,,*40
$GQGSV,1,1,03,02,00,000,40,03,38,171,43,07,53,169,39,,,,*40
$GQGSV,1,1,03,02,00,000,40,03,38,171,43,07,53,169,39,,,,*40
$GQGSV,1,1,03,02,00,000,40,03,38,171,43,07,53,169,39,,,,*40
$GQGSV,1,1,03,02,00,000,40,03,38,171,43,07,53,169,39,,,,*40
$GQGSV,1,1,03,02,00,000,41,03,38,171,43,07,53,169,39,,,,*41
$GQGSV,1,1,03,02,00,000,41,03,38,171,43,07,53,169,39,,,,*41
$GQGSV,1,1,03,02,00,000,42,03,38,171,43,07,53,169,39,,,,*42
$GQGSV,1,1,03,02,00,000,42,03,38,171,43,07,53,169,39,,,,*42
$GQGSV,1,1,03,02,00,000,42,03,38,171,43,07,53,169,39,,,,*42
$GQGSV,1,1,03,02,00,000,42,03,38,171,43,07,53,169,39,,,,*42
$GQGSV,1,1,03,02,00,000,43,03,38,171,43,07,53,169,39,,,,*43
$GQGSV,1,1,03,02,00,000,43,03,38,171,43,07,53,169,39,,,,*43
$GQGSV,1,1,03,02,00,000,43,03,38,171,43,07,53,169,39,,,,*43
$GQGSV,1,1,03,02,00,000,43,03,38,171,43,07,53,169,40,,,,*4D
$GQGSV,1,1,03,02,00,000,43,03,38,171,43,07,53,169,40,,,,*4D
$GQGSV,1,1,03,02,00,000,43,03,38,171,43,07,53,169,40,,,,*4D
$GQGSV,1,1,03,02,00,000,43,03,38,171,43,07,53,169,40,,,,*4D
$GQGSV,1,1,03,02,00,000,43,03,38,171,43,07,53,169,40,,,,*4D
$GQGSV,1,1,03,02,00,000,43,03,38,171,43,07,53,169,40,,,,*4D
$GQGSV,1,1,03,02,00,000,42,03,38,171,43,07,53,169,40,,,,*4C
$GQGSV,1,1,03,02,00,000,42,03,38,171,43,07,53,169,40,,,,*4C
$GQGSV,1,1,03,02,00,000,42,03,38,171,43,07,53,169,40,,,,*4C
$GQGSV,1,1,03,02,00,000,42,03,38,171,43,07,53,169,40,,,,*4C
$GQGSV,1,1,03,02,00,000,42,03,38,171,43,07,53,169,39,,,,*42
$GQGSV,1,1,03,02,00,000,42,03,38,171,43,07,53,169,39,,,,*42
$GQGSV,1,1,03,02,00,000,42,03,38,171,43,07,53,169,39,,,,*42
$GQGSV,1,1,03,02,00,000,42,03,38,171,43,07,53,169,39,,,,*42
$GQGSV,1,1,03,02,00,000,42,03,38,171,43,07,53,169,39,,,,*42
$GQGSV,1,1,03,02,00,000,42,03,38,171,43,07,53,169,39,,,,*42
$GQGSV,1,1,03,02,00,000,42,03,38,171,43,07,53,169,39,,,,*42
$GQGSV,1,1,03,02,00,000,42,03,38,171,43,07,53,169,39,,,,*42
$GQGSV,1,1,03,02,00,000,42,03,38,171,43,07,53,169,39,,,,*42
$GQGSV,1,1,03,02,00,000,42,03,38,171,43,07,53,169,39,,,,*42
$GQGSV,1,1,03,02,00,000,42,03,38,171,43,07,53,169,39,,,,*42
$GQGSV,1,1,03,02,00,000,42,03,38,171,43,07,53,169,39,,,,*42
$GQGSV,1,1,03,02,00,000,42,03,38,171,43,07,53,169,39,,,,*42
$GQGSV,1,1,03,02,00,000,42,03,38,171,43,07,53,169,39,,,,*42
$GQGSV,1,1,03,02,00,000,42,03,38,171,43,07,53,169,39,,,,*42
$GQGSV,1,1,03,02,00,000,42,03,38,171,43,07,53,169,39,,,,*42
$GQGSV,1,1,03,02,00,000,42,03,38,171,43,07,53,169,39,,,,*42
$GQGSV,1,1,03,02,00,000,42,03,38,171,43,07,53,169,39,,,,*42
$GQGSV,1,1,03,02,00,000,42,03,38,171,43,07,53,169,39,,,,*42
$GQGSV,1,1,03,02,00,000,42,03,38,171,43,07,53,169,39,,,,*42
$GQGSV,1,1,03,02,00,000,42,03,38,171,43,07,53,169,40,,,,*4C
$GQGSV,1,1,03,02,00,000,42,03,38,171,43,07,53,169,40,,,,*4C
$GQGSV,1,1,03,02,00,000,42,03,38,171,43,07,53,169,39,,,,*42
$GQGSV,1,1,03,02,00,000,42,03,38,171,43,07,53,169,39,,,,*42
$GQGSV,1,1,03,02,00,000,42,03,38,171,43,07,53,169,39,,,,*42
$GQGSV,1,1,03,02,00,000,42,03,38,171,43,07,53,169,39,,,,*42
$GQGSV,1,1,03,02,00,000,42,03,38,171,43,07,53,169,39,,,,*42
$GQGSV,1,1,03,02,00,000,42,03,38,171,43,07,53,169,39,,,,*42
$GQGSV,1,1,03,02,00,000,42,03,38,171,43,07,53,169,39,,,,*42
$GQGSV,1,1,03,02,00,000,42,03,38,171,44,07,53,169,39,,,,*45
$GQGSV,1,1,03,02,00,000,42,03,38,171,44,07,53,169,39,,,,*45
$GQGSV,1,1,03,02,00,000,42,03,38,171,44,07,53,169,39,,,,*45
$GQGSV,1,1,03,02,00,000,42,03,38,171,44,07,53,169,39,,,,*45
$GQGSV,1,1,03,02,00,000,42,03,38,171,44,07,53,169,39,,,,*45
$GQGSV,1,1,03,02,00,000,42,03,38,171,44,07,53,169,39,,,,*45
$GQGSV,1,1,03,02,00,000,42,03,38,171,44,07,53,169,39,,,,*45
$GQGSV,1,1,03,02,00,000,42,03,38,171,44,07,53,169,40,,,,*4B
$GQGSV,1,1,03,02,00,000,42,03,38,171,44,07,53,169,40,,,,*4B
$GQGSV,1,1,03,02,00,000,42,03,38,171,44,07,53,169,40,,,,*4B
$GQGSV,1,1,03,02,00,000,42,03,38,171,44,07,53,169,40,,,,*4B
$GQGSV,1,1,03,02,00,000,42,03,38,171,44,07,53,169,40,,,,*4B
$GQGSV,1,1,03,02,00,000,42,03,38,171,44,07,53,169,40,,,,*4B
$GQGSV,1,1,03,02,00,000,42,03,38,171,44,07,53,169,40,,,,*4B
$GQGSV,1,1,03,02,00,000,42,03,38,171,44,07,53,169,40,,,,*4B
$GQGSV,1,1,03,02,00,000,42,03,38,171,44,07,53,169,40,,,,*4B
$GQGSV,1,1,03,02,00,000,42,03,38,171,44,07,53,169,40,,,,*4B
$GQGSV,1,1,03,02,00,000,42,03,38,171,44,07,53,169,40,,,,*4B
$GQGSV,1,1,03,02,00,000,42,03,38,171,44,07,53,169,40,,,,*4B
$GQGSV,1,1,03,02,00,000,42,03,38,171,44,07,53,169,40,,,,*4B
$GQGSV,1,1,03,02,00,000,42,03,38,171,44,07,53,169,40,,,,*4B
$GQGSV,1,1,03,02,00,000,43,03,38,171,44,07,53,169,40,,,,*4A
$GQGSV,1,1,03,02,00,000,43,03,38,171,44,07,53,169,40,,,,*4A
$GQGSV,1,1,03,02,00,000,43,03,38,171,44,07,53,169,40,,,,*4A
$GQGSV,1,1,03,02,00,000,43,03,38,171,44,07,53,169,40,,,,*4A
$GQGSV,1,1,03,02,00,000,43,03,38,171,44,07,53,169,40,,,,*4A
$GQGSV,1,1,03,02,00,000,43,03,38,171,44,07,53,169,40,,,,*4A
$GQGSV,1,1,03,02,00,000,43,03,38,171,44,07,53,169,40,,,,*4A
$GQGSV,1,1,03,02,00,000,43,03,38,171,44,07,53,169,40,,,,*4A
$GQGSV,1,1,03,02,00,000,43,03,38,171,44,07,53,169,40,,,,*4A
$GQGSV,1,1,03,02,00,000,43,03,38,171,44,07,53,169,40,,,,*4A
$GQGSV,1,1,03,02,00,000,43,03,38,171,44,07,53,169,40,,,,*4A
$GQGSV,1,1,03,02,00,000,43,03,38,171,44,07,53,169,40,,,,*4A
$GQGSV,1,1,03,02,00,000,43,03,38,171,44,07,53,169,40,,,,*4A
$GQGSV,1,1,03,02,00,000,43,03,38,171,44,07,53,169,40,,,,*4A
$GQGSV,1,1,03,02,00,000,43,03,38,171,44,07,53,169,40,,,,*4A
$GQGSV,1,1,03,02,00,000,43,03,38,171,44,07,53,169,40,,,,*4A
$GQGSV,1,1,03,02,00,000,43,03,38,171,44,07,53,169,40,,,,*4A
$GQGSV,1,1,03,02,00,000,43,03,38,171,44,07,53,169,40,,,,*4A
$GQGSV,1,1,03,02,00,000,43,03,38,171,44,07,53,169,40,,,,*4A
$GQGSV,1,1,03,02,00,000,43,03,38,171,44,07,53,169,40,,,,*4A
$GQGSV,1,1,03,02,00,000,43,03,38,171,43,07,53,169,40,,,,*4D
$GQGSV,1,1,03,02,16,147,43,03,38,171,43,07,53,169,40,,,,*48
$GQGSV,1,1,03,02,16,147,43,03,38,171,43,07,53,169,40,,,,*48
$GQGSV,1,1,03,02,16,147,43,03,38,171,43,07,53,169,40,,,,*48
$GQGSV,1,1,03,02,16,147,43,03,38,171,43,07,53,169,40,,,,*48
$GQGSV,1,1,03,02,16,147,42,03,38,171,43,07,53,169,40,,,,*49
$GQGSV,1,1,03,02,16,147,42,03,38,171,43,07,53,169,40,,,,*49
$GQGSV,1,1,03,02,16,147,42,03,38,171,43,07,53,169,40,,,,*49
$GQGSV,1,1,03,02,16,147,42,03,38,171,43,07,53,169,40,,,,*49
$GQGSV,1,1,03,02,16,147,42,03,38,171,43,07,53,169,40,,,,*49
$GQGSV,1,1,03,02,16,147,42,03,38,171,43,07,53,169,40,,,,*49
$GQGSV,1,1,03,02,16,147,42,03,38,171,43,07,53,169,40,,,,*49
$GQGSV,1,1,03,02,16,147,42,03,38,171,43,07,53,169,40,,,,*49
$GQGSV,1,1,03,02,16,147,42,03,38,171,43,07,53,169,40,,,,*49
$GQGSV,1,1,03,02,16,147,42,03,38,171,43,07,53,169,40,,,,*49
$GQGSV,1,1,03,02,16,147,42,03,38,171,43,07,53,169,40,,,,*49
$GQGSV,1,1,03,02,16,147,41,03,38,171,43,07,53,169,40,,,,*4A
$GQGSV,1,1,03,02,16,147,41,03,38,171,43,07,53,169,40,,,,*4A
$GQGSV,1,1,03,02,16,147,41,03,38,171,43,07,53,169,40,,,,*4A
$GQGSV,1,1,03,02,16,147,41,03,38,171,43,07,53,169,40,,,,*4A
$GQGSV,1,1,03,02,16,147,41,03,38,171,43,07,53,169,39,,,,*44
$GQGSV,1,1,03,02,16,147,41,03,38,171,43,07,53,169,39,,,,*44
$GQGSV,1,1,03,02,16,147,40,03,38,171,43,07,53,169,39,,,,*45
$GQGSV,1,1,03,02,16,147,40,03,38,171,43,07,53,169,39,,,,*45
$GQGSV,1,1,03,02,16,147,40,03,38,171,43,07,53,169,39,,,,*45
$GQGSV,1,1,03,02,16,147,40,03,38,171,43,07,53,169,39,,,,*45
$GQGSV,1,1,03,02,16,147,40,03,38,171,43,07,53,169,39,,,,*45
$GQGSV,1,1,03,02,16,147,39,03,38,171,43,07,53,169,39,,,,*4B
$GQGSV,1,1,03,02,16,147,38,03,38,171,43,07,53,169,39,,,,*4A
$GQGSV,1,1,03,02,16,147,37,03,38,171,43,07,53,169,39,,,,*45
$GQGSV,1,1,03,02,16,147,36,03,38,171,43,07,53,169,39,,,,*44
$GQGSV,1,1,03,02,16,147,36,03,38,171,43,07,53,169,39,,,,*44
$GQGSV,1,1,03,02,16,147,36,03,38,171,43,07,53,169,39,,,,*44
$GQGSV,1,1,03,02,16,147,36,03,38,171,43,07,53,169,39,,,,*44
$GQGSV,1,1,03,02,16,147,36,03,38,171,43,07,53,169,39,,,,*44
$GQGSV,1,1,03,02,16,147,36,03,38,171,43,07,53,169,39,,,,*44
$GQGSV,1,1,03,02,16,147,36,03,38,171,43,07,53,169,39,,,,*44
$GQGSV,1,1,03,02,16,147,36,03,38,171,43,07,53,169,39,,,,*44
$GQGSV,1,1,03,02,16,147,36,03,38,171,43,07,53,169,39,,,,*44
$GQGSV,1,1,03,02,16,147,36,03,38,171,43,07,53,169,39,,,,*44
$GQGSV,1,1,03,02,16,147,36,03,38,171,43,07,53,169,39,,,,*44
$GQGSV,1,1,03,02,16,147,36,03,38,171,43,07,53,169,39,,,,*44
$GQGSV,1,1,03,02,16,147,36,03,38,171,43,07,53,169,39,,,,*44
$GQGSV,1,1,03,02,16,147,35,03,38,171,43,07,53,169,39,,,,*47
$GQGSV,1,1,03,02,16,147,35,03,38,171,43,07,53,169,39,,,,*47
$GQGSV,1,1,03,02,16,147,35,03,38,171,43,07,53,169,39,,,,*47
$GQGSV,1,1,03,02,16,147,35,03,38,171,43,07,53,169,39,,,,*47
$GQGSV,1,1,03,02,16,147,35,03,38,171,43,07,53,169,39,,,,*47
$GQGSV,1,1,03,02,16,147,35,03,38,171,43,07,53,169,39,,,,*47
$GQGSV,1,1,03,02,16,147,34,03,38,171,43,07,53,169,39,,,,*46
$GQGSV,1,1,03,02,16,147,33,03,38,171,43,07,53,169,39,,,,*41
$GQGSV,1,1,03,02,16,147,32,03,38,171,43,07,53,169,39,,,,*40
$GQGSV,1,1,03,02,16,147,32,03,38,171,43,07,53,169,39,,,,*40
$GQGSV,1,1,03,02,16,147,32,03,38,171,43,07,53,169,39,,,,*40
$GQGSV,1,1,03,02,16,147,31,03,38,171,43,07,53,169,39,,,,*43
$GQGSV,1,1,03,02,16,147,30,03,38,171,43,07,53,169,39,,,,*42
$GQGSV,1,1,03,02,16,147,30,03,38,171,43,07,53,169,39,,,,*42
$GQGSV,1,1,03,02,16,147,29,03,38,171,43,07,53,169,39,,,,*4A
$GQGSV,1,1,03,02,16,147,28,03,38,171,43,07,53,169,39,,,,*4B
$GQGSV,1,1,03,02,16,147,28,03,38,171,43,07,53,169,39,,,,*4B
$GQGSV,1,1,03,02,16,147,27,03,38,171,43,07,53,169,39,,,,*44
$GQGSV,1,1,03,02,16,147,27,03,38,171,43,07,53,169,39,,,,*44
$GQGSV,1,1,03,02,16,147,27,03,38,171,43,07,53,169,39,,,,*44
$GQGSV,1,1,03,02,16,147,27,03,38,171,43,07,53,169,39,,,,*44
$GQGSV,1,1,03,02,16,147,27,03,38,171,43,07,53,169,39,,,,*44
$GQGSV,1,1,03,02,16,147,27,03,38,171,43,07,53,169,39,,,,*44
$GQGSV,1,1,03,02,16,147,27,03,38,171,43,07,53,169,39,,,,*44
$GQGSV,1,1,03,02,16,147,27,03,38,171,43,07,53,169,39,,,,*44
$GQGSV,1,1,03,02,16,147,27,03,38,171,43,07,53,169,39,,,,*44
$GQGSV,1,1,03,02,16,147,27,03,38,171,43,07,53,169,39,,,,*44
$GQGSV,1,1,03,02,16,147,27,03,38,171,43,07,53,169,39,,,,*44
$GQGSV,1,1,03,02,16,147,27,03,38,171,43,07,53,169,39,,,,*44
$GQGSV,1,1,03,02,16,147,27,03,38,171,43,07,53,169,39,,,,*44
$GQGSV,1,1,03,02,16,147,27,03,38,171,43,07,53,169,39,,,,*44
$GQGSV,1,1,03,02,16,147,27,03,38,171,43,07,53,169,39,,,,*44
$GQGSV,1,1,03,02,00,000,27,03,38,171,43,07,53,169,39,,,,*41
$GQGSV,1,1,03,02,00,000,26,03,38,171,43,07,53,169,39,,,,*40
$GQGSV,1,1,03,02,00,000,26,03,38,171,43,07,53,169,39,,,,*40
$GQGSV,1,1,03,02,00,000,25,03,38,171,43,07,53,169,40,,,,*4D
$GQGSV,1,1,03,02,00,000,25,03,38,171,43,07,53,169,40,,,,*4D
$GQGSV,1,1,03,02,00,000,26,03,38,171,43,07,53,169,40,,,,*4E
$GQGSV,1,1,03,02,00,000,26,03,38,171,43,07,53,169,40,,,,*4E
$GQGSV,1,1,03,02,00,000,26,03,38,171,43,07,53,169,40,,,,*4E
$GQGSV,1,1,03,02,00,000,26,03,38,171,43,07,53,169,39,,,,*40
$GQGSV,1,1,03,02,00,000,26,03,38,171,43,07,53,169,39,,,,*40
$GQGSV,1,1,03,02,00,000,26,03,38,171,43,07,53,169,39,,,,*40
$GQGSV,1,1,03,02,00,000,26,03,38,171,43,07,53,169,39,,,,*40
$GQGSV,1,1,03,02,00,000,26,03,38,171,43,07,53,169,39,,,,*40
$GQGSV,1,1,03,02,00,000,26,03,38,171,43,07,53,169,39,,,,*40
$GQGSV,1,1,03,02,16,147,26,03,38,171,43,07,53,169,39,,,,*45
$GQGSV,1,1,03,02,16,147,26,03,38,171,43,07,53,169,39,,,,*45
$GQGSV,1,1,03,02,16,147,26,03,38,171,43,07,53,169,39,,,,*45
$GQGSV,1,1,03,02,00,000,26,03,38,171,43,07,53,169,39,,,,*40
$GQGSV,1,1,03,02,00,000,26,03,38,171,43,07,53,169,39,,,,*40
$GQGSV,1,1,03,02,00,000,26,03,38,171,42,07,53,169,39,,,,*41
$GQGSV,1,1,03,02,00,000,26,03,38,171,42,07,53,169,39,,,,*41
$GQGSV,1,1,03,02,00,000,26,03,38,171,42,07,53,169,39,,,,*41
$GQGSV,1,1,03,02,00,000,26,03,38,171,42,07,53,169,39,,,,*41
$GQGSV,1,1,03,02,00,000,26,03,38,171,42,07,53,169,39,,,,*41
$GQGSV,1,1,03,02,00,000,26,03,38,171,42,07,53,169,39,,,,*41
$GQGSV,1,1,03,02,00,000,25,03,38,171,42,07,53,169,39,,,,*42
$GQGSV,1,1,03,02,00,000,25,03,38,171,42,07,53,169,39,,,,*42
$GQGSV,1,1,03,02,00,000,25,03,38,171,42,07,53,169,39,,,,*42
$GQGSV,1,1,03,02,00,000,25,03,38,171,42,07,53,169,39,,,,*42
$GQGSV,1,1,03,02,16,147,25,03,38,171,42,07,53,169,39,,,,*47
$GQGSV,1,1,03,02,16,147,26,03,38,171,42,07,53,169,39,,,,*44
$GQGSV,1,1,03,02,16,147,26,03,38,171,42,07,53,169,39,,,,*44
$GQGSV,1,1,03,02,16,147,27,03,38,171,42,07,53,169,39,,,,*45
$GQGSV,1,1,03,02,16,147,27,03,38,171,42,07,53,169,39,,,,*45
$GQGSV,1,1,03,02,16,147,27,03,38,171,42,07,53,169,39,,,,*45
$GQGSV,1,1,03,02,16,147,27,03,38,171,42,07,53,169,39,,,,*45
$GQGSV,1,1,03,02,16,147,27,03,38,171,42,07,53,169,39,,,,*45
$GQGSV,1,1,03,02,16,147,28,03,38,171,42,07,53,169,39,,,,*4A
$GQGSV,1,1,03,02,16,147,28,03,38,171,42,07,53,169,39,,,,*4A
$GQGSV,1,1,03,02,16,147,28,03,38,171,42,07,53,169,39,,,,*4A
$GQGSV,1,1,03,02,16,147,28,03,38,171,42,07,53,169,38,,,,*4B
$GQGSV,1,1,03,02,16,147,28,03,38,171,42,07,53,169,38,,,,*4B
$GQGSV,1,1,03,02,16,147,28,03,38,171,42,07,53,169,38,,,,*4B
$GQGSV,1,1,03,02,16,147,28,03,38,171,42,07,53,169,38,,,,*4B
$GQGSV,1,1,03,02,16,147,28,03,38,171,42,07,53,169,38,,,,*4B
$GQGSV,1,1,03,02,16,147,28,03,38,171,42,07,53,169,38,,,,*4B
$GQGSV,1,1,03,02,16,147,28,03,38,171,42,07,53,169,38,,,,*4B
$GQGSV,1,1,03,02,16,147,28,03,38,171,42,07,53,169,38,,,,*4B
$GQGSV,1,1,03,02,16,147,28,03,38,171,42,07,53,169,38,,,,*4B
$GQGSV,1,1,03,02,16,147,28,03,38,171,42,07,53,169,38,,,,*4B
$GQGSV,1,1,03,02,16,147,28,03,38,171,42,07,53,169,38,,,,*4B
$GQGSV,1,1,03,02,16,147,29,03,38,171,42,07,53,169,38,,,,*4A
$GQGSV,1,1,03,02,16,147,29,03,38,171,42,07,53,169,38,,,,*4A
$GQGSV,1,1,03,02,16,147,29,03,38,171,42,07,53,169,38,,,,*4A
$GQGSV,1,1,03,02,16,147,29,03,38,171,42,07,53,169,37,,,,*45
$GQGSV,1,1,03,02,16,147,28,03,38,171,42,07,53,169,37,,,,*44
$GQGSV,1,1,03,02,16,147,28,03,38,171,42,07,53,169,37,,,,*44
$GQGSV,1,1,03,02,16,147,28,03,38,171,42,07,53,169,37,,,,*44
$GQGSV,1,1,03,02,16,147,28,03,38,171,42,07,53,169,37,,,,*44
$GQGSV,1,1,03,02,16,147,28,03,38,171,42,07,53,169,37,,,,*44
$GQGSV,1,1,03,02,16,147,28,03,38,171,42,07,53,169,37,,,,*44
$GQGSV,1,1,03,02,00,000,29,03,38,171,42,07,53,169,36,,,,*41
$GQGSV,1,1,03,02,00,000,29,03,38,171,42,07,53,169,36,,,,*41
$GQGSV,1,1,03,02,00,000,29,03,38,171,42,07,53,169,36,,,,*41
$GQGSV,1,1,03,02,00,000,29,03,38,171,42,07,53,169,36,,,,*41
$GQGSV,1,1,03,02,00,000,29,03,38,171,42,07,53,169,36,,,,*41
$GQGSV,1,1,03,02,00,000,29,03,38,171,42,07,53,169,36,,,,*41
$GQGSV,1,1,03,02,00,000,25,03,38,171,42,07,53,169,36,,,,*4D
$GQGSV,1,1,03,02,16,147,26,03,38,171,42,07,53,169,36,,,,*4B
$GQGSV,1,1,03,02,16,147,26,03,38,171,42,07,53,169,36,,,,*4B
$GQGSV,1,1,03,02,16,147,24,03,38,171,42,07,53,169,36,,,,*49
$GQGSV,1,1,03,02,16,147,24,03,38,171,42,07,53,169,37,,,,*48
$GQGSV,1,1,03,02,16,147,23,03,38,171,42,07,53,169,37,,,,*4F
$GQGSV,1,1,03,02,16,147,23,03,38,171,42,07,53,169,37,,,,*4F
$GQGSV,1,1,03,02,16,147,22,03,38,171,42,07,53,169,37,,,,*4E
$GQGSV,1,1,03,02,16,147,23,03,38,171,42,07,53,169,37,,,,*4F
$GQGSV,1,1,03,02,16,147,23,03,38,171,42,07,53,169,37,,,,*4F
$GQGSV,1,1,03,02,16,147,24,03,38,171,42,07,53,169,37,,,,*48
$GQGSV,1,1,03,02,00,000,24,03,38,171,42,07,53,169,37,,,,*4D
$GQGSV,1,1,03,02,00,000,24,03,38,171,42,07,53,169,37,,,,*4D
$GQGSV,1,1,03,02,00,000,24,03,38,171,42,07,53,169,37,,,,*4D
$GQGSV,1,1,03,02,16,147,24,03,38,171,42,07,53,169,37,,,,*48
$GQGSV,1,1,03,02,16,147,24,03,38,171,42,07,53,169,37,,,,*48
$GQGSV,1,1,03,02,16,147,24,03,38,171,42,07,53,169,37,,,,*48
$GQGSV,1,1,03,02,16,147,24,03,38,171,42,07,53,169,37,,,,*48
$GQGSV,1,1,03,02,16,147,24,03,38,171,42,07,53,169,37,,,,*48
$GQGSV,1,1,03,02,16,147,23,03,38,171,42,07,53,169,37,,,,*4F
$GQGSV,1,1,03,02,16,147,23,03,38,171,42,07,53,169,37,,,,*4F
$GQGSV,1,1,03,02,16,147,23,03,38,171,42,07,53,169,37,,,,*4F
$GQGSV,1,1,03,02,00,000,23,03,38,171,42,07,53,169,37,,,,*4A
$GQGSV,1,1,03,02,00,000,22,03,38,171,42,07,53,169,37,,,,*4B
$GQGSV,1,1,03,02,00,000,22,03,38,171,42,07,53,169,37,,,,*4B
$GQGSV,1,1,03,02,00,000,21,03,38,171,42,07,53,169,37,,,,*48
$GQGSV,1,1,03,02,00,000,21,03,38,171,42,07,53,169,37,,,,*48
$GQGSV,1,1,03,02,00,000,20,03,38,171,42,07,53,169,37,,,,*49
$GQGSV,1,1,03,02,00,000,20,03,38,171,42,07,53,169,37,,,,*49
$GQGSV,1,1,03,02,00,000,19,03,38,171,42,07,53,169,37,,,,*43
$GQGSV,1,1,03,02,00,000,18,03,38,171,42,07,53,169,37,,,,*42
$GQGSV,1,1,03,02,00,000,18,03,38,171,42,07,53,169,37,,,,*42
$GQGSV,1,1,02,03,38,171,42,07,53,169,37,,,,,,,,*78
$GQGSV,1,1,02,03,38,171,42,07,53,169,37,,,,,,,,*78
$GQGSV,1,1,02,03,38,171,42,07,53,169,37,,,,,,,,*78
$GQGSV,1,1,02,03,38,171,42,07,53,169,37,,,,,,,,*78
$GQGSV,1,1,02,03,38,171,42,07,53,169,37,,,,,,,,*78
$GQGSV,1,1,02,03,38,171,42,07,53,169,37,,,,,,,,*78
$GQGSV,1,1,02,03,38,171,42,07,53,169,37,,,,,,,,*78
$GQGSV,1,1,02,03,38,171,42,07,53,169,37,,,,,,,,*78
$GQGSV,1,1,03,02,00,000,21,03,38,171,42,07,53,169,37,,,,*48
$GQGSV,1,1,03,02,00,000,21,03,38,171,42,07,53,169,37,,,,*48
$GQGSV,1,1,03,02,00,000,21,03,38,171,42,07,53,169,37,,,,*48
$GQGSV,1,1,03,02,00,000,22,03,38,171,42,07,53,169,37,,,,*4B
$GQGSV,1,1,03,02,00,000,23,03,38,171,42,07,53,169,37,,,,*4A
$GQGSV,1,1,03,02,00,000,24,03,38,171,42,07,53,169,37,,,,*4D
$GQGSV,1,1,03,02,00,000,24,03,38,171,42,07,53,169,37,,,,*4D
$GQGSV,1,1,03,02,00,000,25,03,38,171,42,07,53,169,37,,,,*4C
$GQGSV,1,1,03,02,00,000,24,03,38,171,42,07,53,169,37,,,,*4D
$GQGSV,1,1,03,02,00,000,25,03,38,171,42,07,53,169,37,,,,*4C
$GQGSV,1,1,03,02,00,000,25,03,38,171,42,07,53,169,37,,,,*4C
$GQGSV,1,1,03,02,00,000,25,03,38,171,42,07,53,169,37,,,,*4C
$GQGSV,1,1,03,02,00,000,25,03,38,171,43,07,53,169,37,,,,*4D
$GQGSV,1,1,03,02,00,000,25,03,38,171,43,07,53,169,37,,,,*4D
$GQGSV,1,1,03,02,00,000,26,03,38,171,43,07,53,169,37,,,,*4E
$GQGSV,1,1,03,02,00,000,26,03,38,171,43,07,53,169,37,,,,*4E
$GQGSV,1,1,03,02,00,000,26,03,38,171,43,07,53,169,37,,,,*4E
$GQGSV,1,1,03,02,00,000,26,03,38,171,43,07,53,169,37,,,,*4E
$GQGSV,1,1,03,02,00,000,26,03,38,171,43,07,53,169,37,,,,*4E
$GQGSV,1,1,03,02,00,000,26,03,38,171,43,07,53,169,37,,,,*4E
$GQGSV,1,1,03,02,00,000,26,03,38,171,43,07,53,169,37,,,,*4E
$GQGSV,1,1,03,02,00,000,26,03,38,171,43,07,53,169,37,,,,*4E
$GQGSV,1,1,03,02,00,000,26,03,38,171,44,07,53,169,37,,,,*49
$GQGSV,1,1,03,02,00,000,26,03,38,171,44,07,53,169,37,,,,*49
$GQGSV,1,1,03,02,00,000,26,03,38,171,44,07,53,169,37,,,,*49
$GQGSV,1,1,03,02,00,000,26,03,38,171,44,07,53,169,37,,,,*49
$GQGSV,1,1,03,02,00,000,26,03,38,171,44,07,53,169,37,,,,*49
$GQGSV,1,1,03,02,00,000,26,03,38,171,44,07,53,169,37,,,,*49
$GQGSV,1,1,03,02,00,000,26,03,38,171,44,07,53,169,37,,,,*49
$GQGSV,1,1,03,02,00,000,25,03,38,171,44,07,53,169,37,,,,*4A
$GQGSV,1,1,03,02,00,000,24,03,38,171,44,07,53,169,37,,,,*4B
$GQGSV,1,1,03,02,00,000,24,03,38,171,43,07,53,169,36,,,,*4D
$GQGSV,1,1,03,02,00,000,24,03,38,171,43,07,53,169,36,,,,*4D
$GQGSV,1,1,03,02,00,000,24,03,38,171,43,07,53,169,36,,,,*4D
$GQGSV,1,1,03,02,00,000,24,03,38,171,43,07,53,169,36,,,,*4D
$GQGSV,1,1,03,02,00,000,24,03,38,171,43,07,53,169,36,,,,*4D
$GQGSV,1,1,03,02,00,000,24,03,38,171,43,07,53,169,36,,,,*4D
$GQGSV,1,1,03,02,00,000,25,03,38,171,43,07,53,169,36,,,,*4C
$GQGSV,1,1,03,02,00,000,25,03,38,171,43,07,53,169,36,,,,*4C
$GQGSV,1,1,03,02,00,000,26,03,38,171,43,07,53,169,36,,,,*4F
$GQGSV,1,1,03,02,00,000,26,03,38,171,43,07,53,169,36,,,,*4F
$GQGSV,1,1,03,02,00,000,26,03,38,171,43,07,53,169,36,,,,*4F
$GQGSV,1,1,03,02,00,000,26,03,38,171,43,07,53,169,36,,,,*4F
$GQGSV,1,1,03,02,00,000,25,03,38,171,44,07,53,169,37,,,,*4A
$GQGSV,1,1,03,02,00,000,25,03,38,171,44,07,53,169,37,,,,*4A
$GQGSV,1,1,03,02,00,000,25,03,38,171,44,07,53,169,37,,,,*4A
$GQGSV,1,1,03,02,00,000,25,03,38,171,44,07,53,169,37,,,,*4A
$GQGSV,1,1,03,02,00,000,25,03,38,171,44,07,53,169,37,,,,*4A
$GQGSV,1,1,03,02,00,000,25,03,38,171,44,07,53,169,36,,,,*4B
$GQGSV,1,1,03,02,00,000,25,03,38,171,44,07,53,169,36,,,,*4B
$GQGSV,1,1,03,02,00,000,24,03,38,171,44,07,53,169,36,,,,*4A
$GQGSV,1,1,03,02,00,000,24,03,38,171,44,07,53,169,36,,,,*4A
$GQGSV,1,1,03,02,00,000,24,03,38,171,44,07,53,169,36,,,,*4A
$GQGSV,1,1,03,02,00,000,23,03,38,171,44,07,53,169,36,,,,*4D
$GQGSV,1,1,03,02,00,000,24,03,38,171,44,07,53,169,36,,,,*4A
$GQGSV,1,1,03,02,00,000,24,03,38,171,44,07,53,169,37,,,,*4B
$GQGSV,1,1,03,02,00,000,24,03,38,171,44,07,53,169,37,,,,*4B
$GQGSV,1,1,03,02,00,000,24,03,38,171,44,07,53,169,37,,,,*4B
$GQGSV,1,1,03,02,00,000,24,03,38,171,44,07,53,169,37,,,,*4B
$GQGSV,1,1,03,02,00,000,25,03,38,171,44,07,53,169,37,,,,*4A
$GQGSV,1,1,03,02,00,000,25,03,38,171,44,07,53,169,37,,,,*4A
$GQGSV,1,1,03,02,00,000,25,03,38,171,44,07,53,169,37,,,,*4A
$GQGSV,1,1,03,02,00,000,25,03,38,171,44,07,53,169,37,,,,*4A
$GQGSV,1,1,03,02,00,000,24,03,38,171,44,07,53,169,37,,,,*4B
$GQGSV,1,1,03,02,00,000,24,03,38,171,44,07,53,169,37,,,,*4B
$GQGSV,1,1,03,02,00,000,24,03,38,171,44,07,53,169,37,,,,*4B
$GQGSV,1,1,03,02,00,000,24,03,38,171,44,07,53,169,37,,,,*4B
$GQGSV,1,1,03,02,00,000,24,03,38,171,44,07,53,169,37,,,,*4B
$GQGSV,1,1,03,02,00,000,24,03,38,171,44,07,53,169,37,,,,*4B
$GQGSV,1,1,03,02,00,000,24,03,38,171,44,07,53,169,37,,,,*4B
$GQGSV,1,1,03,02,00,000,24,03,38,171,44,07,53,169,37,,,,*4B
$GQGSV,1,1,03,02,00,000,23,03,38,171,44,07,53,169,37,,,,*4C
$GQGSV,1,1,03,02,00,000,23,03,38,171,44,07,53,169,37,,,,*4C
$GQGSV,1,1,03,02,00,000,23,03,38,171,44,07,53,169,37,,,,*4C
$GQGSV,1,1,03,02,00,000,23,03,38,171,44,07,53,169,37,,,,*4C
$GQGSV,1,1,03,02,00,000,23,03,38,171,44,07,53,169,37,,,,*4C
$GQGSV,1,1,03,02,00,000,23,03,38,171,44,07,53,169,37,,,,*4C
$GQGSV,1,1,03,02,00,000,23,03,38,171,44,07,53,169,37,,,,*4C
$GQGSV,1,1,03,02,00,000,23,03,38,171,44,07,53,169,36,,,,*4D
$GQGSV,1,1,03,02,00,000,23,03,38,171,44,07,53,169,36,,,,*4D
$GQGSV,1,1,03,02,00,000,23,03,38,171,44,07,53,169,36,,,,*4D
$GQGSV,1,1,03,02,00,000,23,03,38,171,44,07,53,169,36,,,,*4D
$GQGSV,1,1,03,02,00,000,23,03,38,171,44,07,53,169,36,,,,*4D
$GQGSV,1,1,03,02,00,000,23,03,38,171,44,07,53,169,36,,,,*4D
$GQGSV,1,1,03,02,00,000,23,03,38,171,44,07,53,169,36,,,,*4D
$GQGSV,1,1,03,02,00,000,24,03,38,171,44,07,53,169,36,,,,*4A
$GQGSV,1,1,03,02,00,000,24,03,38,171,44,07,53,169,36,,,,*4A
$GQGSV,1,1,03,02,00,000,24,03,38,171,44,07,53,169,36,,,,*4A
$GQGSV,1,1,03,02,00,000,24,03,38,171,44,07,53,169,36,,,,*4A
$GQGSV,1,1,03,02,00,000,25,03,38,171,44,07,53,169,36,,,,*4B
$GQGSV,1,1,03,02,00,000,25,03,38,171,44,07,53,169,36,,,,*4B
$GQGSV,1,1,03,02,00,000,25,03,38,171,44,07,53,169,36,,,,*4B
$GQGSV,1,1,03,02,00,000,26,03,38,171,44,07,53,169,36,,,,*48
$GQGSV,1,1,03,02,00,000,26,03,38,171,44,07,53,169,36,,,,*48
$GQGSV,1,1,03,02,00,000,27,03,38,171,44,07,53,169,36,,,,*49
$GQGSV,1,1,03,02,00,000,27,03,38,171,44,07,53,169,36,,,,*49
$GQGSV,1,1,03,02,00,000,27,03,38,171,44,07,53,169,36,,,,*49
$GQGSV,1,1,03,02,00,000,28,03,38,171,44,07,53,169,36,,,,*46
$GQGSV,1,1,03,02,00,000,27,03,38,171,44,07,53,169,36,,,,*49
$GQGSV,1,1,03,02,00,000,27,03,38,171,44,07,53,169,36,,,,*49
$GQGSV,1,1,03,02,00,000,27,03,38,171,44,07,53,169,36,,,,*49
$GQGSV,1,1,03,02,00,000,27,03,38,171,44,07,53,169,36,,,,*49
$GQGSV,1,1,03,02,00,000,27,03,38,171,44,07,53,169,36,,,,*49
$GQGSV,1,1,03,02,00,000,27,03,38,171,43,07,53,169,36,,,,*4E
$GQGSV,1,1,03,02,00,000,28,03,38,171,43,07,53,169,36,,,,*41
$GQGSV,1,1,03,02,00,000,28,03,38,171,43,07,53,169,36,,,,*41
$GQGSV,1,1,03,02,00,000,28,03,38,171,43,07,53,169,36,,,,*41
$GQGSV,1,1,03,02,00,000,28,03,38,171,43,07,53,169,36,,,,*41
$GQGSV,1,1,03,02,00,000,27,03,38,171,43,07,53,169,36,,,,*4E
$GQGSV,1,1,03,02,00,000,27,03,38,171,43,07,53,169,36,,,,*4E
$GQGSV,1,1,03,02,00,000,27,03,38,171,43,07,53,169,36,,,,*4E
$GQGSV,1,1,03,02,00,000,27,03,38,171,43,07,53,169,36,,,,*4E
$GQGSV,1,1,03,02,00,000,27,03,38,171,43,07,53,169,36,,,,*4E
$GQGSV,1,1,03,02,00,000,27,03,38,171,43,07,53,169,36,,,,*4E
$GQGSV,1,1,03,02,00,000,27,03,38,171,43,07,53,169,36,,,,*4E
$GQGSV,1,1,03,02,00,000,27,03,38,171,43,07,53,169,36,,,,*4E
$GQGSV,1,1,03,02,00,000,27,03,38,171,43,07,53,169,36,,,,*4E
$GQGSV,1,1,03,02,00,000,27,03,38,171,43,07,53,169,36,,,,*4E
$GQGSV,1,1,03,02,00,000,27,03,38,171,43,07,53,169,36,,,,*4E
$GQGSV,1,1,03,02,00,000,27,03,38,171,43,07,53,169,36,,,,*4E
$GQGSV,1,1,03,02,00,000,27,03,38,171,43,07,53,169,37,,,,*4F
$GQGSV,1,1,03,02,00,000,27,03,38,171,43,07,53,169,37,,,,*4F
$GQGSV,1,1,03,02,00,000,26,03,38,171,43,07,53,169,37,,,,*4E
$GQGSV,1,1,03,02,00,000,26,03,38,171,43,07,53,169,37,,,,*4E
$GQGSV,1,1,03,02,00,000,26,03,38,171,43,07,53,169,37,,,,*4E
$GQGSV,1,1,03,02,00,000,26,03,38,171,43,07,53,169,37,,,,*4E
$GQGSV,1,1,03,02,00,000,26,03,38,171,43,07,53,169,37,,,,*4E
$GQGSV,1,1,03,02,00,000,26,03,38,171,43,07,53,169,37,,,,*4E
$GQGSV,1,1,03,02,00,000,25,03,38,171,43,07,53,169,37,,,,*4D
$GQGSV,1,1,03,02,00,000,25,03,38,171,43,07,53,169,37,,,,*4D
$GQGSV,1,1,03,02,00,000,25,03,38,171,43,07,53,169,37,,,,*4D
$GQGSV,1,1,03,02,00,000,25,03,38,171,43,07,53,169,37,,,,*4D
$GQGSV,1,1,03,02,00,000,24,03,38,171,43,07,53,169,37,,,,*4C
$GQGSV,1,1,03,02,00,000,24,03,38,171,43,07,53,169,37,,,,*4C
$GQGSV,1,1,03,02,00,000,24,03,38,171,43,07,53,169,37,,,,*4C
$GQGSV,1,1,03,02,00,000,23,03,38,171,43,07,53,169,37,,,,*4B
$GQGSV,1,1,03,02,00,000,23,03,38,171,43,07,53,169,37,,,,*4B
$GQGSV,1,1,03,02,00,000,24,03,38,171,43,07,53,169,37,,,,*4C
$GQGSV,1,1,03,02,00,000,24,03,38,171,44,07,53,169,37,,,,*4B
$GQGSV,1,1,03,02,00,000,24,03,38,171,44,07,53,169,37,,,,*4B
$GQGSV,1,1,03,02,00,000,24,03,38,171,44,07,53,169,37,,,,*4B
$GQGSV,1,1,03,02,00,000,23,03,38,171,44,07,53,169,37,,,,*4C
$GQGSV,1,1,03,02,00,000,23,03,38,171,44,07,53,169,37,,,,*4C
$GQGSV,1,1,03,02,00,000,22,03,38,171,44,07,53,169,37,,,,*4D
$GQGSV,1,1,03,02,00,000,22,03,38,171,43,07,53,169,37,,,,*4A
$GQGSV,1,1,03,02,00,000,22,03,38,171,43,07,53,169,37,,,,*4A
$GQGSV,1,1,03,02,00,000,22,03,38,171,43,07,53,169,37,,,,*4A
$GQGSV,1,1,03,02,00,000,22,03,38,171,43,07,53,169,37,,,,*4A
$GQGSV,1,1,03,02,00,000,22,03,38,171,43,07,53,169,37,,,,*4A
$GQGSV,1,1,03,02,00,000,22,03,38,171,43,07,53,169,37,,,,*4A
$GQGSV,1,1,03,02,00,000,22,03,38,171,43,07,53,169,37,,,,*4A
$GQGSV,1,1,03,02,00,000,22,03,38,171,44,07,53,169,37,,,,*4D
$GQGSV,1,1,03,02,00,000,22,03,38,171,44,07,53,169,37,,,,*4D
$GQGSV,1,1,03,02,00,000,22,03,38,171,44,07,53,169,37,,,,*4D
$GQGSV,1,1,02,03,38,171,44,07,53,169,37,,,,,,,,*7E
$GQGSV,1,1,02,03,38,171,43,07,53,169,37,,,,,,,,*79
$GQGSV,1,1,02,03,38,171,43,07,53,169,36,,,,,,,,*78
$GQGSV,1,1,02,03,38,171,43,07,53,169,36,,,,,,,,*78
$GQGSV,1,1,02,03,38,171,43,07,53,169,36,,,,,,,,*78
$GQGSV,1,1,02,03,38,171,43,07,53,169,36,,,,,,,,*78
$GQGSV,1,1,03,02,00,000,28,03,38,171,43,07,53,169,36,,,,*41
$GQGSV,1,1,03,02,00,000,28,03,38,171,43,07,53,169,36,,,,*41
$GQGSV,1,1,03,02,00,000,28,03,38,171,43,07,53,169,36,,,,*41
$GQGSV,1,1,03,02,00,000,28,03,38,171,43,07,53,169,36,,,,*41
$GQGSV,1,1,03,02,00,000,28,03,38,171,43,07,53,169,36,,,,*41
$GQGSV,1,1,03,02,00,000,28,03,38,171,43,07,53,169,36,,,,*41
$GQGSV,1,1,03,02,00,000,28,03,38,171,43,07,53,169,36,,,,*41
$GQGSV,1,1,03,02,16,147,29,03,38,171,43,07,53,169,36,,,,*45
$GQGSV,1,1,03,02,16,147,28,03,38,171,43,07,53,169,36,,,,*44
$GQGSV,1,1,03,02,16,147,29,03,38,171,43,07,53,169,36,,,,*45
$GQGSV,1,1,03,02,16,147,29,03,38,171,44,07,53,169,36,,,,*42
$GQGSV,1,1,03,02,16,147,29,03,38,171,44,07,53,169,36,,,,*42
$GQGSV,1,1,03,02,16,147,29,03,38,171,44,07,53,169,36,,,,*42
$GQGSV,1,1,03,02,16,147,29,03,38,171,44,07,53,169,36,,,,*42
$GQGSV,1,1,03,02,16,147,29,03,38,171,44,07,53,169,36,,,,*42
$GQGSV,1,1,03,02,16,147,29,03,38,171,44,07,53,169,36,,,,*42
$GQGSV,1,1,03,02,16,147,29,03,38,171,44,07,53,169,36,,,,*42
$GQGSV,1,1,03,02,16,147,29,03,38,171,44,07,53,169,36,,,,*42
$GQGSV,1,1,03,02,00,000,29,03,38,171,44,07,53,169,36,,,,*47
$GQGSV,1,1,03,02,00,000,29,03,38,171,44,07,53,169,36,,,,*47
$GQGSV,1,1,03,02,16,147,29,03,38,171,44,07,53,169,36,,,,*42
$GQGSV,1,1,03,02,16,147,28,03,38,171,44,07,53,169,36,,,,*43
$GQGSV,1,1,03,02,00,000,29,03,38,171,44,07,53,169,36,,,,*47
$GQGSV,1,1,03,02,00,000,29,03,38,171,44,07,53,169,36,,,,*47
$GQGSV,1,1,03,02,00,000,29,03,38,171,44,07,53,169,36,,,,*47
$GQGSV,1,1,03,02,00,000,29,03,38,171,44,07,53,169,36,,,,*47
$GQGSV,1,1,03,02,00,000,29,03,38,171,44,07,53,169,36,,,,*47
$GQGSV,1,1,03,02,00,000,29,03,38,171,44,07,53,169,36,,,,*47
$GQGSV,1,1,03,02,00,000,29,03,38,171,44,07,53,169,36,,,,*47
$GQGSV,1,1,03,02,16,147,28,03,38,171,44,07,53,169,36,,,,*43
$GQGSV,1,1,03,02,16,147,28,03,38,171,44,07,53,169,36,,,,*43
$GQGSV,1,1,03,02,16,147,28,03,38,171,43,07,53,169,36,,,,*44
$GQGSV,1,1,03,02,16,147,28,03,38,171,43,07,53,169,36,,,,*44
$GQGSV,1,1,03,02,16,147,28,03,38,171,43,07,53,169,36,,,,*44
$GQGSV,1,1,03,02,16,147,28,03,38,171,43,07,53,169,36,,,,*44
$GQGSV,1,1,03,02,16,147,28,03,38,171,43,07,53,169,37,,,,*45
$GQGSV,1,1,03,02,16,147,28,03,38,171,43,07,53,169,37,,,,*45
$GQGSV,1,1,03,02,16,147,28,03,38,171,43,07,53,169,37,,,,*45
$GQGSV,1,1,03,02,16,147,28,03,38,171,43,07,53,169,37,,,,*45
$GQGSV,1,1,03,02,16,147,28,03,38,171,43,07,53,169,37,,,,*45
$GQGSV,1,1,03,02,16,147,28,03,38,171,43,07,53,169,37,,,,*45
$GQGSV,1,1,03,02,16,147,28,03,38,171,43,07,53,169,37,,,,*45
$GQGSV,1,1,03,02,16,147,28,03,38,171,43,07,53,169,37,,,,*45
$GQGSV,1,1,03,02,16,147,27,03,38,171,43,07,53,169,37,,,,*4A
$GQGSV,1,1,03,02,16,147,27,03,38,171,43,07,53,169,37,,,,*4A
$GQGSV,1,1,03,02,16,147,27,03,38,171,43,07,53,169,37,,,,*4A
$GQGSV,1,1,03,02,00,000,26,03,38,171,43,07,53,169,37,,,,*4E
$GQGSV,1,1,03,02,00,000,26,03,38,171,43,07,53,169,37,,,,*4E
$GQGSV,1,1,03,02,00,000,30,03,38,171,43,07,53,169,37,,,,*49
$GQGSV,1,1,03,02,00,000,25,03,38,171,43,07,53,169,37,,,,*4D
$GQGSV,1,1,03,02,16,147,27,03,38,171,43,07,53,169,37,,,,*4A
$GQGSV,1,1,03,02,16,147,27,03,38,171,43,07,53,169,37,,,,*4A
$GQGSV,1,1,03,02,16,147,26,03,38,171,43,07,53,169,37,,,,*4B
$GQGSV,1,1,03,02,00,000,24,03,38,171,43,07,53,169,37,,,,*4C
$GQGSV,1,1,03,02,00,000,23,03,38,171,43,07,53,169,37,,,,*4B
$GQGSV,1,1,03,02,00,000,24,03,38,171,43,07,53,169,37,,,,*4C
$GQGSV,1,1,03,02,00,000,25,03,38,171,43,07,53,169,37,,,,*4D
$GQGSV,1,1,03,02,00,000,24,03,38,171,43,07,53,169,37,,,,*4C
$GQGSV,1,1,03,02,00,000,24,03,38,171,43,07,53,169,37,,,,*4C
$GQGSV,1,1,03,02,00,000,25,03,38,171,43,07,53,169,37,,,,*4D
$GQGSV,1,1,03,02,00,000,25,03,38,171,43,07,53,169,37,,,,*4D
$GQGSV,1,1,03,02,00,000,25,03,38,171,43,07,53,169,37,,,,*4D
$GQGSV,1,1,03,02,00,000,25,03,38,171,43,07,53,169,37,,,,*4D
$GQGSV,1,1,03,02,16,147,25,03,38,171,43,07,53,169,37,,,,*48
$GQGSV,1,1,03,02,16,147,25,03,38,171,43,07,53,169,37,,,,*48
$GQGSV,1,1,03,02,16,147,26,03,38,171,43,07,53,169,37,,,,*4B
$GQGSV,1,1,03,02,16,147,26,03,38,171,43,07,53,169,38,,,,*44
$GQGSV,1,1,02,03,38,171,43,07,53,169,38,,,,,,,,*76
$GQGSV,1,1,02,03,38,171,43,07,53,169,38,,,,,,,,*76
$GQGSV,1,1,02,03,38,171,43,07,53,169,38,,,,,,,,*76
$GQGSV,1,1,02,03,38,171,43,07,53,169,38,,,,,,,,*76
$GQGSV,1,1,02,03,38,171,43,07,53,169,38,,,,,,,,*76
$GQGSV,1,1,02,03,38,171,43,07,53,169,37,,,,,,,,*79
$GQGSV,1,1,02,03,38,171,43,07,53,169,37,,,,,,,,*79
$GQGSV,1,1,03,02,00,000,25,03,38,171,43,07,53,169,37,,,,*4D
$GQGSV,1,1,03,02,00,000,26,03,38,171,43,07,53,169,37,,,,*4E
$GQGSV,1,1,03,02,00,000,25,03,38,171,43,07,53,169,38,,,,*42
$GQGSV,1,1,02,03,38,171,43,07,53,169,38,,,,,,,,*76
$GQGSV,1,1,02,03,38,171,43,07,53,169,37,,,,,,,,*79
$GQGSV,1,1,02,03,38,171,43,07,53,169,37,,,,,,,,*79
$GQGSV,1,1,02,03,38,171,43,07,53,169,37,,,,,,,,*79
$GQGSV,1,1,02,03,38,171,43,07,53,169,37,,,,,,,,*79
$GQGSV,1,1,02,03,38,171,43,07,53,169,37,,,,,,,,*79
$GQGSV,1,1,02,03,38,171,43,07,53,169,37,,,,,,,,*79
$GQGSV,1,1,02,03,38,171,42,07,53,169,37,,,,,,,,*78
$GQGSV,1,1,02,03,38,171,42,07,53,169,37,,,,,,,,*78
$GQGSV,1,1,02,03,38,171,42,07,53,169,37,,,,,,,,*78
$GQGSV,1,1,02,03,38,171,42,07,53,169,37,,,,,,,,*78
$GQGSV,1,1,02,03,38,171,42,07,53,169,37,,,,,,,,*78
$GQGSV,1,1,02,03,38,171,42,07,53,169,37,,,,,,,,*78
$GQGSV,1,1,02,03,38,171,42,07,53,169,37,,,,,,,,*78
$GQGSV,1,1,02,03,38,171,42,07,53,169,37,,,,,,,,*78
$GQGSV,1,1,02,03,38,171,42,07,53,169,37,,,,,,,,*78
$GQGSV,1,1,03,02,00,000,26,03,38,171,42,07,53,169,37,,,,*4F
$GQGSV,1,1,03,02,00,000,25,03,38,171,42,07,53,169,37,,,,*4C
$GQGSV,1,1,03,02,00,000,25,03,38,171,42,07,53,169,37,,,,*4C
$GQGSV,1,1,03,02,00,000,25,03,38,171,42,07,53,169,37,,,,*4C
$GQGSV,1,1,03,02,00,000,24,03,38,171,42,07,53,169,37,,,,*4D
$GQGSV,1,1,03,02,00,000,24,03,38,171,42,07,53,169,37,,,,*4D
$GQGSV,1,1,03,02,00,000,23,03,38,171,42,07,53,169,37,,,,*4A
$GQGSV,1,1,03,02,00,000,23,03,38,171,42,07,53,169,37,,,,*4A
$GQGSV,1,1,03,02,00,000,24,03,38,171,42,07,53,169,37,,,,*4D
$GQGSV,1,1,03,02,00,000,24,03,38,171,42,07,53,169,37,,,,*4D
$GQGSV,1,1,03,02,00,000,25,03,38,171,42,07,53,169,37,,,,*4C
$GQGSV,1,1,03,02,00,000,25,03,38,171,42,07,53,169,37,,,,*4C
$GQGSV,1,1,03,02,00,000,25,03,38,171,42,07,53,169,38,,,,*43
$GQGSV,1,1,03,02,00,000,25,03,38,171,42,07,53,169,38,,,,*43
$GQGSV,1,1,03,02,00,000,25,03,38,171,42,07,53,169,38,,,,*43
$GQGSV,1,1,03,02,00,000,24,03,38,171,42,07,53,169,38,,,,*42
$GQGSV,1,1,03,02,00,000,24,03,38,171,42,07,53,169,38,,,,*42
$GQGSV,1,1,03,02,00,000,23,03,38,171,42,07,53,169,38,,,,*45
$GQGSV,1,1,03,02,00,000,23,03,38,171,42,07,53,169,38,,,,*45
$GQGSV,1,1,03,02,00,000,22,03,38,171,42,07,53,169,38,,,,*44
$GQGSV,1,1,03,02,00,000,22,03,38,171,42,07,53,169,38,,,,*44
$GQGSV,1,1,03,02,00,000,22,03,38,171,42,07,53,169,38,,,,*44
$GQGSV,1,1,02,03,38,171,42,07,53,169,38,,,,,,,,*77
$GQGSV,1,1,02,03,38,171,42,07,53,169,38,,,,,,,,*77
$GQGSV,1,1,02,03,38,171,42,07,53,169,38,,,,,,,,*77
$GQGSV,1,1,02,03,38,171,42,07,53,169,38,,,,,,,,*77
$GQGSV,1,1,02,03,38,171,42,07,53,169,38,,,,,,,,*77
$GQGSV,1,1,02,03,38,171,42,07,53,169,38,,,,,,,,*77
$GQGSV,1,1,02,03,38,171,42,07,53,169,38,,,,,,,,*77
$GQGSV,1,1,02,03,38,171,42,07,53,169,38,,,,,,,,*77
$GQGSV,1,1,02,03,38,171,42,07,53,169,38,,,,,,,,*77
$GQGSV,1,1,02,03,38,171,42,07,53,169,38,,,,,,,,*77
$GQGSV,1,1,02,03,38,171,42,07,53,169,38,,,,,,,,*77
$GQGSV,1,1,02,03,38,171,42,07,53,169,38,,,,,,,,*77
$GQGSV,1,1,02,03,38,171,42,07,53,169,38,,,,,,,,*77
$GQGSV,1,1,03,02,00,000,30,03,38,171,41,07,53,169,38,,,,*44
$GQGSV,1,1,03,02,00,000,29,03,38,171,41,07,53,169,38,,,,*4C
$GQGSV,1,1,03,02,00,000,27,03,38,171,41,07,53,169,38,,,,*42
$GQGSV,1,1,03,02,00,000,26,03,38,171,41,07,53,169,38,,,,*43
$GQGSV,1,1,03,02,00,000,24,03,38,171,41,07,53,169,38,,,,*41
$GQGSV,1,1,03,02,00,000,24,03,38,171,41,07,53,169,38,,,,*41
$GQGSV,1,1,03,02,00,000,24,03,38,171,41,07,53,169,38,,,,*41
$GQGSV,1,1,03,02,00,000,24,03,38,171,41,07,53,169,38,,,,*41
$GQGSV,1,1,02,03,38,171,41,07,53,169,38,,,,,,,,*74
$GQGSV,1,1,02,03,38,171,41,07,53,169,39,,,,,,,,*75
$GQGSV,1,1,02,03,38,171,41,07,53,169,39,,,,,,,,*75
$GQGSV,1,1,02,03,38,171,41,07,53,169,39,,,,,,,,*75
$GQGSV,1,1,02,03,38,171,41,07,53,169,39,,,,,,,,*75
$GQGSV,1,1,02,03,38,171,41,07,53,169,39,,,,,,,,*75
$GQGSV,1,1,02,03,38,171,41,07,53,169,38,,,,,,,,*74
$GQGSV,1,1,02,03,38,171,41,07,53,169,38,,,,,,,,*74
$GQGSV,1,1,02,03,38,171,41,07,53,169,38,,,,,,,,*74
$GQGSV,1,1,02,03,38,171,41,07,53,169,38,,,,,,,,*74
$GQGSV,1,1,02,03,38,171,41,07,53,169,38,,,,,,,,*74
$GQGSV,1,1,02,03,38,171,41,07,53,169,38,,,,,,,,*74
$GQGSV,1,1,02,03,38,171,41,07,53,169,38,,,,,,,,*74
$GQGSV,1,1,02,03,38,171,41,07,53,169,38,,,,,,,,*74
$GQGSV,1,1,02,03,38,171,41,07,53,169,38,,,,,,,,*74
$GQGSV,1,1,02,03,38,171,41,07,53,169,38,,,,,,,,*74
$GQGSV,1,1,02,03,38,171,41,07,53,169,38,,,,,,,,*74
$GQGSV,1,1,02,03,38,171,41,07,53,169,38,,,,,,,,*74
$GQGSV,1,1,02,03,38,171,41,07,53,169,38,,,,,,,,*74
$GQGSV,1,1,02,03,38,171,41,07,53,169,38,,,,,,,,*74
$GQGSV,1,1,02,03,38,171,41,07,53,169,38,,,,,,,,*74
$GQGSV,1,1,02,03,38,171,41,07,53,169,38,,,,,,,,*74
$GQGSV,1,1,02,03,38,171,41,07,53,169,38,,,,,,,,*74
$GQGSV,1,1,02,03,38,171,41,07,53,169,38,,,,,,,,*74
$GQGSV,1,1,02,03,38,171,41,07,53,169,38,,,,,,,,*74
$GQGSV,1,1,02,03,38,171,41,07,53,169,38,,,,,,,,*74
$GQGSV,1,1,02,03,38,171,41,07,53,169,38,,,,,,,,*74
$GQGSV,1,1,03,02,00,000,28,03,38,171,41,07,53,169,38,,,,*4D
$GQGSV,1,1,03,02,00,000,28,03,38,171,41,07,53,169,38,,,,*4D
$GQGSV,1,1,03,02,00,000,28,03,38,171,41,07,53,169,38,,,,*4D
$GQGSV,1,1,03,02,00,000,26,03,38,171,41,07,53,169,38,,,,*43
$GQGSV,1,1,03,02,00,000,25,03,38,171,41,07,53,169,38,,,,*40
$GQGSV,1,1,03,02,00,000,24,03,38,171,41,07,53,169,38,,,,*41
$GQGSV,1,1,03,02,00,000,23,03,38,171,41,07,53,169,38,,,,*46
$GQGSV,1,1,03,02,00,000,22,03,38,171,41,07,53,169,38,,,,*47
$GQGSV,1,1,02,03,38,171,41,07,53,169,38,,,,,,,,*74
$GQGSV,1,1,02,03,38,171,41,07,53,169,38,,,,,,,,*74
$GQGSV,1,1,02,03,38,171,41,07,53,169,38,,,,,,,,*74
$GQGSV,1,1,02,03,38,171,41,07,53,169,38,,,,,,,,*74
$GQGSV,1,1,02,03,38,171,41,07,53,169,38,,,,,,,,*74
$GQGSV,1,1,02,03,38,171,41,07,53,169,38,,,,,,,,*74
$GQGSV,1,1,02,03,38,171,41,07,53,169,38,,,,,,,,*74
$GQGSV,1,1,03,02,00,000,27,03,38,171,41,07,53,169,38,,,,*42
$GQGSV,1,1,03,02,00,000,27,03,38,171,41,07,53,169,38,,,,*42
$GQGSV,1,1,03,02,00,000,27,03,38,171,41,07,53,169,38,,,,*42
$GQGSV,1,1,03,02,00,000,27,03,38,171,41,07,53,169,38,,,,*42
$GQGSV,1,1,03,02,00,000,26,03,38,171,41,07,53,169,38,,,,*43
$GQGSV,1,1,03,02,00,000,25,03,38,171,41,07,53,169,38,,,,*40
$GQGSV,1,1,03,02,00,000,23,03,38,171,41,07,53,169,38,,,,*46
$GQGSV,1,1,03,02,00,000,22,03,38,171,41,07,53,169,38,,,,*47
$GQGSV,1,1,03,02,00,000,24,03,38,171,41,07,53,169,38,,,,*41
$GQGSV,1,1,03,02,00,000,24,03,38,171,41,07,53,169,38,,,,*41
$GQGSV,1,1,03,02,00,000,23,03,38,171,41,07,53,169,38,,,,*46
$GQGSV,1,1,03,02,00,000,24,03,38,171,41,07,53,169,38,,,,*41
$GQGSV,1,1,03,02,00,000,24,03,38,171,41,07,53,169,38,,,,*41
$GQGSV,1,1,03,02,16,147,24,03,38,171,41,07,53,169,38,,,,*44
$GQGSV,1,1,03,02,16,147,25,03,38,171,42,07,53,169,38,,,,*46
$GQGSV,1,1,03,02,16,147,25,03,38,171,42,07,53,169,38,,,,*46
$GQGSV,1,1,03,02,16,147,25,03,38,171,42,07,53,169,38,,,,*46
$GQGSV,1,1,03,02,16,147,25,03,38,171,42,07,53,169,38,,,,*46
$GQGSV,1,1,03,02,16,147,25,03,38,171,42,07,53,169,38,,,,*46
$GQGSV,1,1,03,02,16,147,26,03,38,171,42,07,53,169,38,,,,*45
$GQGSV,1,1,03,02,16,147,26,03,38,171,42,07,53,169,38,,,,*45
$GQGSV,1,1,03,02,16,147,26,03,38,171,42,07,53,169,38,,,,*45
$GQGSV,1,1,03,02,16,147,26,03,38,171,42,07,53,169,38,,,,*45
$GQGSV,1,1,03,02,16,147,26,03,38,171,43,07,53,169,38,,,,*44
$GQGSV,1,1,03,02,16,147,27,03,38,171,43,07,53,169,38,,,,*45
$GQGSV,1,1,03,02,16,147,26,03,38,171,43,07,53,169,38,,,,*44
$GQGSV,1,1,03,02,16,147,26,03,38,171,43,07,53,169,38,,,,*44
$GQGSV,1,1,03,02,16,147,26,03,38,171,43,07,53,169,38,,,,*44
$GQGSV,1,1,03,02,16,147,26,03,38,171,43,07,53,169,38,,,,*44
$GQGSV,1,1,03,02,16,147,25,03,38,171,43,07,53,169,38,,,,*47
$GQGSV,1,1,02,03,38,171,43,07,53,169,39,,,,,,,,*77
$GQGSV,1,1,02,03,38,171,43,07,53,169,39,,,,,,,,*77
$GQGSV,1,1,02,03,38,171,43,07,53,169,39,,,,,,,,*77
$GQGSV,1,1,02,03,38,171,43,07,53,169,39,,,,,,,,*77
$GQGSV,1,1,02,03,38,171,43,07,53,169,39,,,,,,,,*77
$GQGSV,1,1,02,03,38,171,43,07,53,169,39,,,,,,,,*77
$GQGSV,1,1,03,02,00,000,25,03,38,171,43,07,53,169,39,,,,*43
$GQGSV,1,1,03,02,00,000,24,03,38,171,43,07,53,169,39,,,,*42
$GQGSV,1,1,03,02,00,000,25,03,38,171,43,07,53,169,39,,,,*43
$GQGSV,1,1,03,02,00,000,26,03,38,171,43,07,53,169,39,,,,*40
$GQGSV,1,1,03,02,00,000,26,03,38,171,43,07,53,169,39,,,,*40
$GQGSV,1,1,03,02,00,000,27,03,38,171,43,07,53,169,39,,,,*41
$GQGSV,1,1,03,02,00,000,28,03,38,171,43,07,53,169,39,,,,*4E
$GQGSV,1,1,03,02,00,000,28,03,38,171,43,07,53,169,39,,,,*4E
$GQGSV,1,1,03,02,00,000,28,03,38,171,43,07,53,169,39,,,,*4E
$GQGSV,1,1,03,02,00,000,28,03,38,171,43,07,53,169,39,,,,*4E
$GQGSV,1,1,03,02,00,000,28,03,38,171,43,07,53,169,39,,,,*4E
$GQGSV,1,1,03,02,00,000,28,03,38,171,43,07,53,169,39,,,,*4E
$GQGSV,1,1,03,02,00,000,29,03,38,171,43,07,53,169,39,,,,*4F
$GQGSV,1,1,03,02,00,000,29,03,38,171,43,07,53,169,39,,,,*4F
$GQGSV,1,1,03,02,00,000,29,03,38,171,43,07,53,169,39,,,,*4F
$GQGSV,1,1,03,02,00,000,29,03,38,171,43,07,53,169,39,,,,*4F
$GQGSV,1,1,03,02,00,000,29,03,38,171,43,07,53,169,39,,,,*4F
$GQGSV,1,1,03,02,00,000,29,03,38,171,43,07,53,169,39,,,,*4F
$GQGSV,1,1,03,02,00,000,29,03,38,171,43,07,53,169,39,,,,*4F
$GQGSV,1,1,03,02,00,000,29,03,38,171,43,07,53,169,39,,,,*4F
$GQGSV,1,1,03,02,00,000,29,03,38,171,43,07,53,169,39,,,,*4F
$GQGSV,1,1,03,02,00,000,29,03,38,171,43,07,53,169,39,,,,*4F
$GQGSV,1,1,03,02,00,000,29,03,38,171,43,07,53,169,39,,,,*4F
$GQGSV,1,1,03,02,00,000,30,03,38,171,43,07,53,169,39,,,,*47
$GQGSV,1,1,03,02,00,000,30,03,38,171,43,07,53,169,39,,,,*47
$GQGSV,1,1,03,02,00,000,30,03,38,171,43,07,53,169,39,,,,*47
$GQGSV,1,1,03,02,00,000,30,03,38,171,43,07,53,169,39,,,,*47
$GQGSV,1,1,03,02,00,000,30,03,38,171,43,07,53,169,39,,,,*47
$GQGSV,1,1,03,02,00,000,30,03,38,171,43,07,53,169,39,,,,*47
$GQGSV,1,1,03,02,00,000,30,03,38,171,43,07,53,169,39,,,,*47
$GQGSV,1,1,03,02,00,000,30,03,38,171,43,07,53,169,39,,,,*47
$GQGSV,1,1,02,03,38,171,43,07,53,169,39,,,,,,,,*77
$GQGSV,1,1,02,03,38,171,43,07,53,169,39,,,,,,,,*77
$GQGSV,1,1,02,03,38,171,43,07,53,169,39,,,,,,,,*77
$GQGSV,1,1,02,03,38,171,43,07,53,169,39,,,,,,,,*77
$GQGSV,1,1,02,03,38,171,43,07,53,169,39,,,,,,,,*77
$GQGSV,1,1,02,03,38,171,43,07,53,169,39,,,,,,,,*77
$GQGSV,1,1,03,02,00,000,30,03,38,171,43,07,53,169,39,,,,*47
$GQGSV,1,1,03,02,00,000,30,03,38,171,43,07,53,169,39,,,,*47
$GQGSV,1,1,03,02,00,000,30,03,38,171,43,07,53,169,39,,,,*47
$GQGSV,1,1,03,02,00,000,29,03,38,171,43,07,53,169,39,,,,*4F
$GQGSV,1,1,03,02,00,000,29,03,38,171,43,07,53,169,39,,,,*4F
$GQGSV,1,1,03,02,00,000,29,03,38,171,43,07,53,169,39,,,,*4F
$GQGSV,1,1,03,02,00,000,28,03,38,171,43,07,53,169,39,,,,*4E
$GQGSV,1,1,03,02,00,000,28,03,38,171,43,07,53,169,39,,,,*4E
$GQGSV,1,1,03,02,00,000,28,03,38,171,43,07,53,169,39,,,,*4E
$GQGSV,1,1,03,02,00,000,29,03,38,171,43,07,53,169,39,,,,*4F
$GQGSV,1,1,03,02,00,000,29,03,38,171,43,07,53,169,39,,,,*4F
$GQGSV,1,1,03,02,00,000,29,03,38,171,43,07,53,169,39,,,,*4F
$GQGSV,1,1,03,02,00,000,29,03,38,171,43,07,53,169,39,,,,*4F
$GQGSV,1,1,03,02,00,000,29,03,38,171,43,07,53,169,39,,,,*4F
$GQGSV,1,1,03,02,00,000,29,03,38,171,43,07,53,169,39,,,,*4F
$GQGSV,1,1,03,02,00,000,29,03,38,171,43,07,53,169,39,,,,*4F
$GQGSV,1,1,03,02,00,000,29,03,38,171,43,07,53,169,39,,,,*4F
$GQGSV,1,1,03,02,00,000,30,03,38,171,43,07,53,169,39,,,,*47
$GQGSV,1,1,03,02,00,000,30,03,38,171,43,07,53,169,39,,,,*47
$GQGSV,1,1,03,02,00,000,30,03,38,171,43,07,53,169,39,,,,*47
$GQGSV,1,1,03,02,00,000,30,03,38,171,43,07,53,169,39,,,,*47
$GQGSV,1,1,03,02,00,000,30,03,38,171,43,07,53,169,39,,,,*47
$GQGSV,1,1,03,02,00,000,30,03,38,171,43,07,53,169,39,,,,*47
$GQGSV,1,1,03,02,00,000,31,03,38,171,43,07,53,169,39,,,,*46
$GQGSV,1,1,03,02,00,000,31,03,38,171,43,07,53,169,39,,,,*46
$GQGSV,1,1,03,02,00,000,31,03,38,171,43,07,53,169,39,,,,*46
$GQGSV,1,1,03,02,00,000,31,03,38,171,43,07,53,169,39,,,,*46
$GQGSV,1,1,03,02,00,000,31,03,38,171,43,07,53,169,39,,,,*46
$GQGSV,1,1,03,02,00,000,31,03,38,171,42,07,53,169,39,,,,*47
$GQGSV,1,1,03,02,00,000,31,03,38,171,42,07,53,169,39,,,,*47
$GQGSV,1,1,03,02,00,000,31,03,38,171,42,07,53,169,39,,,,*47
$GQGSV,1,1,03,02,00,000,31,03,38,171,42,07,53,169,39,,,,*47
$GQGSV,1,1,03,02,00,000,31,03,38,171,42,07,53,169,39,,,,*47
$GQGSV,1,1,03,02,00,000,31,03,38,171,42,07,53,169,39,,,,*47
$GQGSV,1,1,03,02,00,000,31,03,38,171,42,07,53,169,39,,,,*47
$GQGSV,1,1,03,02,00,000,31,03,38,171,42,07,53,169,39,,,,*47
$GQGSV,1,1,03,02,00,000,31,03,38,171,42,07,53,169,39,,,,*47
$GQGSV,1,1,03,02,00,000,31,03,38,171,42,07,53,169,39,,,,*47
$GQGSV,1,1,03,02,00,000,31,03,38,171,42,07,53,169,39,,,,*47
$GQGSV,1,1,03,02,00,000,30,03,38,171,42,07,53,169,39,,,,*46
$GQGSV,1,1,03,02,00,000,30,03,38,171,42,07,53,169,39,,,,*46
$GQGSV,1,1,03,02,00,000,30,03,38,171,42,07,53,169,39,,,,*46
$GQGSV,1,1,03,02,00,000,30,03,38,171,42,07,53,169,39,,,,*46
$GQGSV,1,1,03,02,00,000,30,03,38,171,42,07,53,169,39,,,,*46
$GQGSV,1,1,03,02,00,000,30,03,38,171,42,07,53,169,39,,,,*46
$GQGSV,1,1,03,02,00,000,30,03,38,171,42,07,53,169,39,,,,*46
$GQGSV,1,1,03,02,00,000,30,03,38,171,42,07,53,169,39,,,,*46
$GQGSV,1,1,03,02,00,000,31,03,38,171,42,07,53,169,39,,,,*47
$GQGSV,1,1,03,02,00,000,31,03,38,171,42,07,53,169,39,,,,*47
$GQGSV,1,1,03,02,00,000,31,03,38,171,42,07,53,169,39,,,,*47
$GQGSV,1,1,03,02,00,000,31,03,38,171,42,07,53,169,39,,,,*47
$GQGSV,1,1,03,02,00,000,31,03,38,171,42,07,53,169,39,,,,*47
$GQGSV,1,1,03,02,00,000,30,03,38,171,42,07,53,169,39,,,,*46
$GQGSV,1,1,03,02,00,000,30,03,38,171,42,07,53,169,39,,,,*46
$GQGSV,1,1,03,02,00,000,29,03,38,171,42,07,53,169,39,,,,*4E
$GQGSV,1,1,03,02,00,000,29,03,38,171,42,07,53,169,39,,,,*4E
$GQGSV,1,1,03,02,00,000,29,03,38,171,42,07,53,169,39,,,,*4E
$GQGSV,1,1,03,02,00,000,29,03,38,171,42,07,53,169,39,,,,*4E
$GQGSV,1,1,03,02,00,000,28,03,38,171,42,07,53,169,39,,,,*4F
$GQGSV,1,1,03,02,00,000,27,03,38,171,42,07,53,169,39,,,,*40
$GQGSV,1,1,03,02,00,000,27,03,38,171,42,07,53,169,39,,,,*40
$GQGSV,1,1,03,02,00,000,26,03,38,171,42,07,53,169,39,,,,*41
$GQGSV,1,1,03,02,00,000,26,03,38,171,42,07,53,169,39,,,,*41
$GQGSV,1,1,03,02,00,000,25,03,38,171,42,07,53,169,39,,,,*42
$GQGSV,1,1,03,02,00,000,25,03,38,171,42,07,53,169,39,,,,*42
$GQGSV,1,1,03,02,00,000,24,03,38,171,42,07,53,169,39,,,,*43
$GQGSV,1,1,03,02,00,000,24,03,38,171,42,07,53,169,39,,,,*43
$GQGSV,1,1,03,02,00,000,24,03,38,171,42,07,53,169,39,,,,*43
$GQGSV,1,1,03,02,00,000,24,03,38,171,42,07,53,169,39,,,,*43
$GQGSV,1,1,02,03,38,171,42,07,53,169,39,,,,,,,,*76
$GQGSV,1,1,02,03,38,171,42,07,53,169,39,,,,,,,,*76
$GQGSV,1,1,02,03,38,171,42,07,53,169,38,,,,,,,,*77
$GQGSV,1,1,02,03,38,171,42,07,53,169,38,,,,,,,,*77
$GQGSV,1,1,02,03,38,171,42,07,53,169,38,,,,,,,,*77
$GQGSV,1,1,02,03,38,171,42,07,53,169,38,,,,,,,,*77
$GQGSV,1,1,02,03,38,171,42,07,53,169,38,,,,,,,,*77
$GQGSV,1,1,03,02,00,000,26,03,38,171,42,07,53,169,38,,,,*40
$GQGSV,1,1,03,02,00,000,25,03,38,171,42,07,53,169,38,,,,*43
$GQGSV,1,1,03,02,00,000,24,03,38,171,42,07,53,169,38,,,,*42
$GQGSV,1,1,02,03,38,171,42,07,53,169,38,,,,,,,,*77
$GQGSV,1,1,02,03,38,171,42,07,53,169,38,,,,,,,,*77
$GQGSV,1,1,02,03,38,171,42,07,53,169,38,,,,,,,,*77
$GQGSV,1,1,02,03,38,171,42,07,53,169,38,,,,,,,,*77
$GQGSV,1,1,02,03,38,171,42,07,53,169,38,,,,,,,,*77
$GQGSV,1,1,02,03,38,171,42,07,53,169,38,,,,,,,,*77
$GQGSV,1,1,02,03,38,171,42,07,53,169,38,,,,,,,,*77
$GQGSV,1,1,03,02,00,000,28,03,38,171,42,07,53,169,38,,,,*4E
$GQGSV,1,1,03,02,00,000,28,03,38,171,42,07,53,169,38,,,,*4E
$GQGSV,1,1,03,02,00,000,29,03,38,171,42,07,53,169,38,,,,*4F
$GQGSV,1,1,03,02,00,000,29,03,38,171,42,07,53,169,38,,,,*4F
$GQGSV,1,1,03,02,00,000,29,03,38,171,42,07,53,169,38,,,,*4F
$GQGSV,1,1,03,02,00,000,28,03,38,171,42,07,53,169,38,,,,*4E
$GQGSV,1,1,03,02,00,000,27,03,38,171,42,07,53,169,38,,,,*41
$GQGSV,1,1,03,02,00,000,27,03,38,171,42,07,53,169,38,,,,*41
$GQGSV,1,1,03,02,00,000,26,03,38,171,42,07,53,169,38,,,,*40
$GQGSV,1,1,03,02,00,000,26,03,38,171,42,07,53,169,38,,,,*40
$GQGSV,1,1,03,02,00,000,26,03,38,171,42,07,53,169,38,,,,*40
$GQGSV,1,1,02,03,38,171,42,07,53,169,38,,,,,,,,*77
$GQGSV,1,1,02,03,38,171,42,07,53,169,38,,,,,,,,*77
$GQGSV,1,1,02,03,38,171,42,07,53,169,38,,,,,,,,*77
$GQGSV,1,1,02,03,38,171,42,07,53,169,38,,,,,,,,*77
$GQGSV,1,1,02,03,38,171,42,07,53,169,38,,,,,,,,*77
$GQGSV,1,1,02,03,38,171,42,07,53,169,38,,,,,,,,*77
$GQGSV,1,1,02,03,38,171,42,07,53,169,38,,,,,,,,*77
$GQGSV,1,1,03,02,00,000,34,03,38,171,42,07,53,169,38,,,,*43
$GQGSV,1,1,03,02,00,000,34,03,38,171,42,07,53,169,38,,,,*43
$GQGSV,1,1,03,02,00,000,32,03,38,171,42,07,53,169,38,,,,*45
$GQGSV,1,1,03,02,00,000,29,03,38,171,42,07,53,169,38,,,,*4F
$GQGSV,1,1,03,02,00,000,28,03,38,171,43,07,53,169,38,,,,*4F
$GQGSV,1,1,03,02,00,000,27,03,38,171,43,07,53,169,38,,,,*40
$GQGSV,1,1,03,02,00,000,27,03,38,171,43,07,53,169,38,,,,*40
$GQGSV,1,1,03,02,00,000,26,03,38,171,43,07,53,169,38,,,,*41
$GQGSV,1,1,03,02,00,000,26,03,38,171,43,07,53,169,38,,,,*41
$GQGSV,1,1,03,02,00,000,27,03,38,171,43,07,53,169,38,,,,*40
$GQGSV,1,1,03,02,00,000,27,03,38,171,43,07,53,169,38,,,,*40
$GQGSV,1,1,03,02,00,000,27,03,38,171,43,07,53,169,38,,,,*40
$GQGSV,1,1,03,02,00,000,27,03,38,171,43,07,53,169,38,,,,*40
$GQGSV,1,1,03,02,00,000,26,03,38,171,43,07,53,169,38,,,,*41
$GQGSV,1,1,03,02,00,000,26,03,38,171,43,07,53,169,38,,,,*41
$GQGSV,1,1,03,02,00,000,25,03,38,171,43,07,53,169,38,,,,*42
$GQGSV,1,1,03,02,00,000,25,03,38,171,43,07,53,169,38,,,,*42
$GQGSV,1,1,03,02,00,000,25,03,38,171,43,07,53,169,38,,,,*42
$GQGSV,1,1,03,02,00,000,26,03,38,171,42,07,53,169,38,,,,*40
$GQGSV,1,1,03,02,00,000,26,03,38,171,42,07,53,169,38,,,,*40
$GQGSV,1,1,03,02,00,000,27,03,38,171,41,07,53,169,38,,,,*42
$GQGSV,1,1,03,02,00,000,27,03,38,171,40,07,53,169,38,,,,*43
$GQGSV,1,1,03,02,00,000,27,03,38,171,39,07,53,169,38,,,,*4D
$GQGSV,1,1,03,02,00,000,28,03,38,171,39,07,53,169,38,,,,*42
$GQGSV,1,1,03,02,00,000,28,03,38,171,39,07,53,169,38,,,,*42
$GQGSV,1,1,03,02,00,000,28,03,38,171,39,07,53,169,38,,,,*42
$GQGSV,1,1,03,02,00,000,28,03,38,171,39,07,53,169,38,,,,*42
$GQGSV,1,1,03,02,16,147,29,03,38,171,39,07,53,169,38,,,,*46
$GQGSV,1,1,03,02,16,147,29,03,38,171,39,07,53,169,38,,,,*46
$GQGSV,1,1,03,02,16,147,29,03,38,171,39,07,53,169,38,,,,*46
$GQGSV,1,1,03,02,16,147,30,03,38,171,39,07,53,169,38,,,,*4E
$GQGSV,1,1,03,02,16,147,30,03,38,171,39,07,53,169,38,,,,*4E
$GQGSV,1,1,03,02,00,000,30,03,38,171,39,07,53,169,38,,,,*4B
$GQGSV,1,1,03,02,00,000,30,03,38,171,39,07,53,169,38,,,,*4B
$GQGSV,1,1,03,02,00,000,30,03,38,171,39,07,53,169,38,,,,*4B
$GQGSV,1,1,03,02,16,147,30,03,38,171,39,07,53,169,38,,,,*4E
$GQGSV,1,1,03,02,16,147,29,03,38,171,39,07,53,169,38,,,,*46
$GQGSV,1,1,03,02,16,147,29,03,38,171,40,07,53,169,38,,,,*48
$GQGSV,1,1,03,02,16,147,29,03,38,171,40,07,53,169,38,,,,*48
$GQGSV,1,1,03,02,00,000,28,03,38,171,40,07,53,169,38,,,,*4C
$GQGSV,1,1,03,02,00,000,27,03,38,171,40,07,53,169,38,,,,*43
$GQGSV,1,1,03,02,00,000,27,03,38,171,40,07,53,169,38,,,,*43
$GQGSV,1,1,03,02,00,000,26,03,38,171,40,07,53,169,38,,,,*42
$GQGSV,1,1,03,02,00,000,26,03,38,171,40,07,53,169,38,,,,*42
$GQGSV,1,1,03,02,16,147,27,03,38,171,40,07,53,169,37,,,,*49
$GQGSV,1,1,03,02,16,147,27,03,38,171,40,07,53,169,37,,,,*49
$GQGSV,1,1,03,02,16,147,27,03,38,171,40,07,53,169,37,,,,*49
$GQGSV,1,1,03,02,16,147,27,03,38,171,40,07,53,169,37,,,,*49
$GQGSV,1,1,03,02,16,147,28,03,38,171,40,07,53,169,37,,,,*46
$GQGSV,1,1,03,02,16,147,27,03,38,171,40,07,53,169,37,,,,*49
$GQGSV,1,1,03,02,16,147,27,03,38,171,40,07,53,169,38,,,,*46
$GQGSV,1,1,03,02,16,147,27,03,38,171,40,07,53,169,38,,,,*46
$GQGSV,1,1,03,02,16,147,27,03,38,171,40,07,53,169,38,,,,*46
$GQGSV,1,1,03,02,16,147,27,03,38,171,40,07,53,169,38,,,,*46
$GQGSV,1,1,03,02,16,147,28,03,38,171,40,07,53,169,38,,,,*49
$GQGSV,1,1,03,02,16,147,28,03,38,171,40,07,53,169,38,,,,*49
$GQGSV,1,1,03,02,16,147,29,03,38,171,40,07,53,169,38,,,,*48
$GQGSV,1,1,03,02,16,147,29,03,38,171,40,07,53,169,37,,,,*47
$GQGSV,1,1,03,02,16,147,28,03,38,171,40,07,53,169,37,,,,*46
$GQGSV,1,1,03,02,16,147,28,03,38,171,40,07,53,169,37,,,,*46
$GQGSV,1,1,03,02,16,147,28,03,38,171,40,07,53,169,37,,,,*46
$GQGSV,1,1,03,02,16,147,28,03,38,171,40,07,53,169,37,,,,*46
$GQGSV,1,1,03,02,16,147,27,03,38,171,40,07,53,169,37,,,,*49
$GQGSV,1,1,03,02,16,147,27,03,38,171,40,07,53,169,37,,,,*49
$GQGSV,1,1,03,02,16,147,26,03,38,171,40,07,53,169,37,,,,*48
$GQGSV,1,1,03,02,16,147,26,03,38,171,40,07,53,169,37,,,,*48
$GQGSV,1,1,03,02,16,147,25,03,38,171,40,07,53,169,37,,,,*4B
$GQGSV,1,1,03,02,16,147,25,03,38,171,40,07,53,169,37,,,,*4B
$GQGSV,1,1,03,02,16,147,25,03,38,171,40,07,53,169,37,,,,*4B
$GQGSV,1,1,03,02,16,147,25,03,38,171,40,07,53,169,37,,,,*4B
$GQGSV,1,1,03,02,16,147,25,03,38,171,40,07,53,169,37,,,,*4B
$GQGSV,1,1,03,02,16,147,25,03,38,171,40,07,53,169,37,,,,*4B
$GQGSV,1,1,03,02,16,147,26,03,38,171,40,07,53,169,37,,,,*48
$GQGSV,1,1,03,02,00,000,26,03,38,171,40,07,53,169,37,,,,*4D
$GQGSV,1,1,03,02,16,147,27,03,38,171,40,07,53,169,37,,,,*49
$GQGSV,1,1,03,02,16,147,28,03,38,171,40,07,53,169,37,,,,*46
$GQGSV,1,1,03,02,16,147,28,03,38,171,40,07,53,169,37,,,,*46
$GQGSV,1,1,03,02,16,147,28,03,38,171,40,07,53,169,37,,,,*46
$GQGSV,1,1,03,02,16,147,28,03,38,171,40,07,53,169,37,,,,*46
$GQGSV,1,1,03,02,16,147,28,03,38,171,40,07,53,169,37,,,,*46
$GQGSV,1,1,03,02,16,147,28,03,38,171,40,07,53,169,37,,,,*46
$GQGSV,1,1,03,02,16,147,28,03,38,171,40,07,53,169,37,,,,*46
$GQGSV,1,1,03,02,16,147,28,03,38,171,40,07,53,169,37,,,,*46
$GQGSV,1,1,03,02,16,147,28,03,38,171,40,07,53,169,37,,,,*46
$GQGSV,1,1,03,02,16,147,28,03,38,171,40,07,53,169,37,,,,*46
$GQGSV,1,1,03,02,16,147,27,03,38,171,40,07,53,169,37,,,,*49
$GQGSV,1,1,03,02,16,147,26,03,38,171,40,07,53,169,37,,,,*48
$GQGSV,1,1,03,02,16,147,26,03,38,171,40,07,53,169,37,,,,*48
$GQGSV,1,1,03,02,16,147,26,03,38,171,41,07,53,169,37,,,,*49
$GQGSV,1,1,03,02,16,147,27,03,38,171,41,07,53,169,37,,,,*48
$GQGSV,1,1,03,02,16,147,27,03,38,171,41,07,53,169,37,,,,*48
$GQGSV,1,1,03,02,16,147,28,03,38,171,41,07,53,169,37,,,,*47
$GQGSV,1,1,03,02,16,147,28,03,38,171,41,07,53,169,37,,,,*47
$GQGSV,1,1,03,02,16,147,29,03,38,171,41,07,53,169,37,,,,*46
$GQGSV,1,1,03,02,16,147,29,03,38,171,41,07,53,169,37,,,,*46
$GQGSV,1,1,03,02,16,147,29,03,38,171,41,07,53,169,37,,,,*46
$GQGSV,1,1,03,02,16,147,30,03,38,171,41,07,53,169,37,,,,*4E
$GQGSV,1,1,03,02,16,147,30,03,38,171,41,07,53,169,37,,,,*4E
$GQGSV,1,1,03,02,16,147,30,03,38,171,41,07,53,169,37,,,,*4E
$GQGSV,1,1,03,02,16,147,31,03,38,171,41,07,53,169,38,,,,*40
$GQGSV,1,1,03,02,16,147,31,03,38,171,41,07,53,169,38,,,,*40
$GQGSV,1,1,03,02,16,147,32,03,38,171,41,07,53,169,38,,,,*43
$GQGSV,1,1,03,02,16,147,33,03,38,171,40,07,53,169,38,,,,*43
$GQGSV,1,1,03,02,16,147,33,03,38,171,40,07,53,169,38,,,,*43
$GQGSV,1,1,03,02,16,147,34,03,38,171,40,07,53,169,38,,,,*44
$GQGSV,1,1,03,02,16,147,34,03,38,171,40,07,53,169,38,,,,*44
$GQGSV,1,1,03,02,16,147,35,03,38,171,40,07,53,169,38,,,,*45
$GQGSV,1,1,03,02,16,147,35,03,38,171,40,07,53,169,38,,,,*45
$GQGSV,1,1,03,02,16,147,35,03,38,171,40,07,53,169,38,,,,*45
$GQGSV,1,1,03,02,16,147,35,03,38,171,40,07,53,169,38,,,,*45
$GQGSV,1,1,03,02,16,147,35,03,38,171,40,07,53,169,38,,,,*45
$GQGSV,1,1,03,02,16,147,35,03,38,171,40,07,53,169,38,,,,*45
$GQGSV,1,1,03,02,16,147,35,03,38,171,40,07,53,169,38,,,,*45
$GQGSV,1,1,03,02,16,147,35,03,38,171,40,07,53,169,38,,,,*45
$GQGSV,1,1,03,02,16,147,35,03,38,171,40,07,53,169,38,,,,*45
$GQGSV,1,1,03,02,16,147,35,03,38,171,41,07,53,169,38,,,,*44
$GQGSV,1,1,03,02,16,147,35,03,37,171,41,07,53,169,38,,,,*4B
$GQGSV,1,1,03,02,16,147,36,03,37,171,41,07,53,169,38,,,,*48
$GQGSV,1,1,03,02,16,147,36,03,37,171,41,07,53,169,38,,,,*48
$GQGSV,1,1,03,02,16,147,37,03,37,171,41,07,53,169,38,,,,*49
$GQGSV,1,1,03,02,16,147,37,03,37,171,42,07,53,169,38,,,,*4A
$GQGSV,1,1,03,02,16,147,37,03,37,171,42,07,53,169,38,,,,*4A
$GQGSV,1,1,03,02,16,147,37,03,37,171,42,07,53,169,38,,,,*4A
$GQGSV,1,1,03,02,16,147,37,03,37,171,42,07,53,169,38,,,,*4A
$GQGSV,1,1,03,02,16,147,37,03,37,171,42,07,53,169,38,,,,*4A
$GQGSV,1,1,03,02,16,147,37,03,37,171,42,07,53,169,38,,,,*4A
$GQGSV,1,1,03,02,16,147,37,03,37,171,42,07,53,169,38,,,,*4A
$GQGSV,1,1,03,02,16,147,37,03,37,171,42,07,53,169,38,,,,*4A
$GQGSV,1,1,03,02,16,147,37,03,37,171,41,07,53,169,38,,,,*49
$GQGSV,1,1,03,02,16,147,37,03,37,171,41,07,53,169,37,,,,*46
$GQGSV,1,1,03,02,16,147,37,03,37,171,41,07,53,169,36,,,,*47
$GQGSV,1,1,03,02,16,147,37,03,37,171,41,07,53,169,36,,,,*47
$GQGSV,1,1,03,02,16,147,37,03,37,171,41,07,53,169,35,,,,*44
$GQGSV,1,1,03,02,16,147,37,03,37,171,40,07,53,169,35,,,,*45
$GQGSV,1,1,03,02,16,147,37,03,37,171,39,07,53,169,35,,,,*4B
$GQGSV,1,1,03,02,16,147,36,03,37,171,35,07,53,169,35,,,,*46
$GQGSV,1,1,03,02,16,147,36,03,37,171,34,07,53,169,34,,,,*46
$GQGSV,1,1,03,02,16,147,36,03,37,171,33,07,53,169,34,,,,*41
$GQGSV,1,1,03,02,16,147,36,03,37,171,33,07,53,169,34,,,,*41
$GQGSV,1,1,03,02,16,147,36,03,37,171,33,07,53,169,34,,,,*41
$GQGSV,1,1,03,02,16,147,35,03,37,171,33,07,53,169,34,,,,*42
$GQGSV,1,1,03,02,16,147,34,03,37,171,34,07,53,169,35,,,,*45
$GQGSV,1,1,03,02,16,147,34,03,37,171,34,07,53,169,35,,,,*45
$GQGSV,1,1,03,02,16,147,33,03,37,171,34,07,53,169,35,,,,*42
$GQGSV,1,1,03,02,16,147,33,03,37,171,35,07,53,169,36,,,,*40
$GQGSV,1,1,03,02,16,147,33,03,37,171,36,07,53,169,36,,,,*43
$GQGSV,1,1,03,02,16,147,33,03,37,171,36,07,53,169,36,,,,*43
$GQGSV,1,1,03,02,16,147,32,03,37,171,37,07,53,169,36,,,,*43
$GQGSV,1,1,03,02,16,147,32,03,37,171,38,07,53,169,36,,,,*4C
$GQGSV,1,1,03,02,16,147,32,03,37,171,38,07,53,169,36,,,,*4C
$GQGSV,1,1,03,02,16,147,31,03,37,171,39,07,53,169,37,,,,*4F
$GQGSV,1,1,03,02,16,147,31,03,37,171,39,07,53,169,37,,,,*4F
$GQGSV,1,1,03,02,16,147,31,03,37,171,39,07,53,169,37,,,,*4F
$GQGSV,1,1,03,02,16,147,31,03,37,171,39,07,53,169,37,,,,*4F
$GQGSV,1,1,03,02,16,147,31,03,37,171,39,07,53,169,37,,,,*4F
$GQGSV,1,1,03,02,16,147,31,03,37,171,39,07,53,169,37,,,,*4F
$GQGSV,1,1,03,02,16,147,32,03,37,171,39,07,53,169,37,,,,*4C
$GQGSV,1,1,03,02,16,147,32,03,37,171,39,07,53,169,37,,,,*4C
$GQGSV,1,1,03,02,16,147,33,03,37,171,39,07,53,169,37,,,,*4D
$GQGSV,1,1,03,02,16,147,34,03,37,171,40,07,53,169,37,,,,*44
$GQGSV,1,1,03,02,16,147,34,03,37,171,40,07,53,169,37,,,,*44
$GQGSV,1,1,03,02,16,147,35,03,37,171,40,07,53,169,37,,,,*45
$GQGSV,1,1,03,02,16,147,35,03,37,171,40,07,53,169,37,,,,*45
$GQGSV,1,1,03,02,16,147,36,03,37,171,40,07,53,169,37,,,,*46
$GQGSV,1,1,03,02,16,147,36,03,37,171,40,07,53,169,38,,,,*49
$GQGSV,1,1,03,02,16,147,36,03,37,171,40,07,53,169,38,,,,*49
$GQGSV,1,1,03,02,16,147,36,03,37,171,40,07,53,169,38,,,,*49
$GQGSV,1,1,03,02,16,147,35,03,37,171,40,07,53,169,38,,,,*4A
$GQGSV,1,1,03,02,16,147,34,03,37,171,40,07,53,169,38,,,,*4B
$GQGSV,1,1,03,02,16,147,33,03,37,171,40,07,53,169,38,,,,*4C
$GQGSV,1,1,03,02,16,147,32,03,37,171,41,07,53,169,38,,,,*4C
$GQGSV,1,1,03,02,16,147,32,03,37,171,41,07,53,169,38,,,,*4C
$GQGSV,1,1,03,02,16,147,31,03,37,171,41,07,53,169,38,,,,*4F
$GQGSV,1,1,03,02,16,147,31,03,37,171,41,07,53,169,38,,,,*4F
$GQGSV,1,1,03,02,16,147,32,03,37,171,41,07,53,169,38,,,,*4C
$GQGSV,1,1,03,02,16,147,32,03,37,171,41,07,53,169,38,,,,*4C
$GQGSV,1,1,03,02,16,147,33,03,37,171,41,07,53,169,38,,,,*4D
$GQGSV,1,1,03,02,16,147,33,03,37,171,41,07,53,169,38,,,,*4D
$GQGSV,1,1,03,02,16,147,34,03,37,171,41,07,53,169,38,,,,*4A
$GQGSV,1,1,03,02,16,147,34,03,37,171,41,07,53,169,38,,,,*4A
$GQGSV,1,1,03,02,16,147,35,03,37,171,41,07,53,169,37,,,,*44
$GQGSV,1,1,03,02,16,147,35,03,37,171,41,07,53,169,37,,,,*44
$GQGSV,1,1,03,02,16,147,35,03,37,171,41,07,53,169,37,,,,*44
$GQGSV,1,1,03,02,16,147,35,03,37,171,41,07,53,169,37,,,,*44
$GQGSV,1,1,03,02,16,147,36,03,37,171,41,07,53,169,37,,,,*47
$GQGSV,1,1,03,02,16,147,36,03,37,171,42,07,53,169,37,,,,*44
$GQGSV,1,1,03,02,16,147,37,03,37,171,42,07,53,169,37,,,,*45
$GQGSV,1,1,03,02,16,147,37,03,37,171,42,07,53,169,37,,,,*45
$GQGSV,1,1,03,02,16,147,37,03,37,171,42,07,53,169,37,,,,*45
$GQGSV,1,1,03,02,16,147,37,03,37,171,42,07,53,169,37,,,,*45
$GQGSV,1,1,03,02,16,147,37,03,37,171,42,07,53,169,37,,,,*45
$GQGSV,1,1,03,02,16,147,37,03,37,171,42,07,53,169,37,,,,*45
$GQGSV,1,1,03,02,16,147,38,03,37,171,42,07,53,169,37,,,,*4A
$GQGSV,1,1,03,02,16,147,38,03,37,171,42,07,53,169,37,,,,*4A
$GQGSV,1,1,03,02,16,147,39,03,37,171,42,07,53,169,37,,,,*4B
$GQGSV,1,1,03,02,16,147,39,03,37,171,42,07,53,169,37,,,,*4B
$GQGSV,1,1,03,02,16,147,39,03,37,171,42,07,53,169,36,,,,*4A
$GQGSV,1,1,03,02,16,147,39,03,37,171,42,07,53,169,35,,,,*49
$GQGSV,1,1,03,02,16,147,39,03,37,171,42,07,53,169,34,,,,*48
$GQGSV,1,1,03,02,16,147,39,03,37,171,41,07,53,169,33,,,,*4C
$GQGSV,1,1,03,02,16,147,39,03,37,171,41,07,53,169,33,,,,*4C
$GQGSV,1,1,03,02,16,147,40,03,37,171,41,07,53,169,33,,,,*42
$GQGSV,1,1,03,02,16,147,40,03,37,171,41,07,53,169,32,,,,*43
$GQGSV,1,1,03,02,16,147,40,03,37,171,41,07,53,169,32,,,,*43
$GQGSV,1,1,03,02,16,147,40,03,37,171,41,07,53,169,32,,,,*43
$GQGSV,1,1,03,02,16,147,40,03,37,171,41,07,53,169,32,,,,*43
$GQGSV,1,1,03,02,16,147,40,03,37,171,41,07,53,169,32,,,,*43
$GQGSV,1,1,03,02,16,147,40,03,37,171,40,07,53,169,33,,,,*43
$GQGSV,1,1,03,02,16,147,40,03,37,171,40,07,53,169,33,,,,*43
$GQGSV,1,1,03,02,16,147,40,03,37,171,40,07,53,169,33,,,,*43
$GQGSV,1,1,03,02,16,147,40,03,37,171,40,07,53,169,33,,,,*43
$GQGSV,1,1,03,02,16,147,40,03,37,171,40,07,53,169,32,,,,*42
$GQGSV,1,1,03,02,16,147,40,03,37,171,40,07,53,169,32,,,,*42
$GQGSV,1,1,03,02,16,147,40,03,37,171,40,07,53,169,32,,,,*42
$GQGSV,1,1,03,02,16,147,40,03,37,171,38,07,53,169,32,,,,*4D
$GQGSV,1,1,03,02,16,147,40,03,37,171,38,07,53,169,33,,,,*4C
$GQGSV,1,1,03,02,16,147,40,03,37,171,38,07,53,169,33,,,,*4C
$GQGSV,1,1,03,02,16,147,39,03,37,171,37,07,53,169,33,,,,*4D
$GQGSV,1,1,03,02,16,147,39,03,37,171,38,07,53,169,34,,,,*45
$GQGSV,1,1,03,02,16,147,39,03,37,171,38,07,53,169,34,,,,*45
$GQGSV,1,1,03,02,16,147,39,03,37,171,38,07,53,169,35,,,,*44
$GQGSV,1,1,03,02,16,147,39,03,37,171,38,07,53,169,35,,,,*44
$GQGSV,1,1,03,02,16,147,39,03,37,171,39,07,53,169,35,,,,*45
$GQGSV,1,1,03,02,16,147,39,03,37,171,39,07,53,169,36,,,,*46
$GQGSV,1,1,03,02,16,147,39,03,37,171,39,07,53,169,36,,,,*46
$GQGSV,1,1,03,02,16,147,39,03,37,171,40,07,53,169,36,,,,*48
$GQGSV,1,1,03,02,16,147,39,03,37,171,40,07,53,169,37,,,,*49
$GQGSV,1,1,03,02,16,147,39,03,37,171,40,07,53,169,37,,,,*49
$GQGSV,1,1,03,02,16,147,38,03,37,171,39,07,53,169,36,,,,*47
$GQGSV,1,1,03,02,16,147,38,03,37,171,39,07,53,169,36,,,,*47
$GQGSV,1,1,03,02,16,147,37,03,37,171,39,07,53,169,37,,,,*49
$GQGSV,1,1,03,02,16,147,35,03,37,171,38,07,53,169,37,,,,*4A
$GQGSV,1,1,03,02,16,147,34,03,37,171,38,07,53,169,36,,,,*4A
$GQGSV,1,1,03,02,16,147,34,03,37,171,35,07,53,169,36,,,,*47
$GQGSV,1,1,03,02,16,147,34,03,37,171,33,07,53,169,36,,,,*41
$GQGSV,1,1,03,02,16,147,34,03,37,171,31,07,53,169,36,,,,*43
$GQGSV,1,1,03,02,16,147,34,03,37,171,30,07,53,169,36,,,,*42
$GQGSV,1,1,03,02,16,147,34,03,37,171,28,07,53,169,36,,,,*4B
$GQGSV,1,1,03,02,16,147,34,03,37,171,27,07,53,169,36,,,,*44
$GQGSV,1,1,03,02,16,147,34,03,37,171,27,07,53,169,36,,,,*44
$GQGSV,1,1,03,02,16,147,34,03,37,171,28,07,53,169,36,,,,*4B
$GQGSV,1,1,03,02,16,147,34,03,37,171,29,07,53,169,36,,,,*4A
$GQGSV,1,1,03,02,16,147,35,03,37,171,29,07,53,169,36,,,,*4B
$GQGSV,1,1,03,02,16,147,35,03,37,171,30,07,53,169,36,,,,*43
$GQGSV,1,1,03,02,16,147,35,03,37,171,31,07,53,169,36,,,,*42
$GQGSV,1,1,03,02,16,147,34,03,37,171,31,07,53,169,36,,,,*43
$GQGSV,1,1,03,02,16,147,34,03,37,171,32,07,53,169,35,,,,*43
$GQGSV,1,1,03,02,16,147,34,03,37,171,32,07,53,169,33,,,,*45
$GQGSV,1,1,03,02,16,147,34,03,37,171,33,07,53,169,32,,,,*45
$GQGSV,1,1,03,02,16,147,34,03,37,171,34,07,53,169,31,,,,*41
$GQGSV,1,1,03,02,16,147,33,03,37,171,34,07,53,169,31,,,,*46
$GQGSV,1,1,03,02,16,147,34,03,37,171,35,07,53,169,31,,,,*40
$GQGSV,1,1,03,02,16,147,34,03,37,171,36,07,53,169,32,,,,*40
$GQGSV,1,1,03,02,16,147,34,03,37,171,37,07,53,169,32,,,,*41
$GQGSV,1,1,03,02,16,147,35,03,37,171,38,07,53,169,32,,,,*4F
$GQGSV,1,1,03,02,16,147,35,03,37,171,38,07,53,169,33,,,,*4E
$GQGSV,1,1,03,02,16,147,35,03,37,171,39,07,53,169,33,,,,*4F
$GQGSV,1,1,03,02,16,147,35,03,37,171,40,07,53,169,34,,,,*46
$GQGSV,1,1,03,02,16,147,35,03,37,171,40,07,53,169,34,,,,*46
$GQGSV,1,1,03,02,16,147,35,03,37,171,41,07,53,169,35,,,,*46
$GQGSV,1,1,03,02,16,147,34,03,37,171,41,07,53,169,35,,,,*47
$GQGSV,1,1,03,02,16,147,34,03,37,171,42,07,53,169,36,,,,*47
$GQGSV,1,1,03,02,16,147,34,03,37,171,42,07,53,169,36,,,,*47
$GQGSV,1,1,03,02,16,147,34,03,37,171,42,07,53,169,36,,,,*47
$GQGSV,1,1,03,02,16,147,33,03,37,171,42,07,53,169,36,,,,*40
$GQGSV,1,1,03,02,16,147,33,03,37,171,43,07,53,169,36,,,,*41
$GQGSV,1,1,03,02,16,147,33,03,37,171,43,07,53,169,36,,,,*41
$GQGSV,1,1,03,02,16,147,33,03,37,171,43,07,53,169,36,,,,*41
$GQGSV,1,1,03,02,16,147,33,03,37,171,43,07,53,169,36,,,,*41
$GQGSV,1,1,03,02,16,147,33,03,37,171,43,07,53,169,36,,,,*41
$GQGSV,1,1,03,02,16,147,32,03,37,171,43,07,53,169,36,,,,*40
$GQGSV,1,1,03,02,16,147,32,03,37,171,43,07,53,169,36,,,,*40
$GQGSV,1,1,03,02,16,147,33,03,37,171,42,07,53,169,36,,,,*40
$GQGSV,1,1,03,02,16,147,33,03,37,171,42,07,53,169,36,,,,*40
$GQGSV,1,1,03,02,16,147,33,03,37,171,42,07,53,169,35,,,,*43
$GQGSV,1,1,03,02,16,147,33,03,37,171,42,07,53,169,35,,,,*43
$GQGSV,1,1,03,02,16,147,32,03,37,171,42,07,53,169,35,,,,*42
$GQGSV,1,1,03,02,16,147,28,03,37,171,41,07,53,169,34,,,,*4B
$GQGSV,1,1,03,02,16,147,29,03,37,171,41,07,53,169,33,,,,*4D
$GQGSV,1,1,03,02,16,147,29,03,37,171,41,07,53,169,33,,,,*4D
$GQGSV,1,1,03,02,16,147,29,03,37,171,41,07,53,169,33,,,,*4D
$GQGSV,1,1,03,02,16,147,30,03,37,171,41,07,53,169,33,,,,*45
$GQGSV,1,1,03,02,16,147,30,03,37,171,41,07,53,169,33,,,,*45
$GQGSV,1,1,03,02,16,147,29,03,37,171,41,07,53,169,33,,,,*4D
$GQGSV,1,1,03,02,16,147,29,03,37,171,41,07,53,169,33,,,,*4D
$GQGSV,1,1,03,02,00,000,35,03,37,171,41,07,53,169,33,,,,*45
$GQGSV,1,1,03,02,00,000,33,03,37,171,41,07,53,169,33,,,,*43
$GQGSV,1,1,03,02,00,000,31,03,37,171,41,07,53,169,33,,,,*41
$GQGSV,1,1,03,02,00,000,30,03,37,171,41,07,53,169,33,,,,*40
$GQGSV,1,1,03,02,00,000,29,03,37,171,41,07,53,169,33,,,,*48
$GQGSV,1,1,03,02,00,000,29,03,37,171,41,07,53,169,34,,,,*4F
$GQGSV,1,1,03,02,00,000,29,03,37,171,41,07,53,169,35,,,,*4E
$GQGSV,1,1,03,02,00,000,31,03,37,171,42,07,53,169,35,,,,*44
$GQGSV,1,1,03,02,00,000,31,03,37,171,42,07,53,169,35,,,,*44
$GQGSV,1,1,03,02,00,000,30,03,37,171,42,07,53,169,36,,,,*46
$GQGSV,1,1,03,02,00,000,29,03,37,171,42,07,53,169,36,,,,*4E
$GQGSV,1,1,03,02,00,000,29,03,37,171,42,07,53,169,36,,,,*4E
$GQGSV,1,1,03,02,00,000,28,03,37,171,42,07,53,169,36,,,,*4F
$GQGSV,1,1,03,02,00,000,28,03,37,171,42,07,53,169,36,,,,*4F
$GQGSV,1,1,03,02,00,000,28,03,37,171,42,07,53,169,36,,,,*4F
$GQGSV,1,1,03,02,00,000,28,03,37,171,42,07,53,169,36,,,,*4F
$GQGSV,1,1,03,02,00,000,28,03,37,171,42,07,53,169,36,,,,*4F
$GQGSV,1,1,03,02,00,000,29,03,37,171,42,07,53,169,36,,,,*4E
$GQGSV,1,1,03,02,00,000,29,03,37,171,42,07,53,169,36,,,,*4E
$GQGSV,1,1,03,02,00,000,30,03,37,171,42,07,53,169,36,,,,*46
$GQGSV,1,1,03,02,00,000,31,03,37,171,42,07,53,169,36,,,,*47
$GQGSV,1,1,03,02,00,000,31,03,37,171,42,07,53,169,36,,,,*47
$GQGSV,1,1,03,02,00,000,31,03,37,171,42,07,53,169,35,,,,*44
$GQGSV,1,1,03,02,00,000,31,03,37,171,42,07,53,169,35,,,,*44
$GQGSV,1,1,03,02,00,000,31,03,37,171,42,07,53,169,34,,,,*45
$GQGSV,1,1,03,02,00,000,31,03,37,171,42,07,53,169,34,,,,*45
$GQGSV,1,1,03,02,00,000,30,03,37,171,42,07,53,169,34,,,,*44
$GQGSV,1,1,03,02,00,000,30,03,37,171,42,07,53,169,34,,,,*44
$GQGSV,1,1,03,02,00,000,29,03,37,171,42,07,53,169,34,,,,*4C
$GQGSV,1,1,03,02,00,000,28,03,37,171,42,07,53,169,34,,,,*4D
$GQGSV,1,1,03,02,00,000,28,03,37,171,41,07,53,169,34,,,,*4E
$GQGSV,1,1,03,02,00,000,28,03,37,171,41,07,53,169,34,,,,*4E
$GQGSV,1,1,03,02,00,000,28,03,37,171,41,07,53,169,34,,,,*4E
$GQGSV,1,1,03,02,00,000,28,03,37,171,40,07,53,169,34,,,,*4F
$GQGSV,1,1,03,02,00,000,28,03,37,171,39,07,53,169,34,,,,*41
$GQGSV,1,1,03,02,00,000,28,03,37,171,39,07,53,169,34,,,,*41
$GQGSV,1,1,03,02,00,000,28,03,37,171,38,07,53,169,34,,,,*40
$GQGSV,1,1,03,02,00,000,28,03,37,171,38,07,53,169,33,,,,*47
$GQGSV,1,1,03,02,00,000,29,03,37,171,38,07,53,169,33,,,,*46
$GQGSV,1,1,03,02,00,000,29,03,37,171,38,07,53,169,34,,,,*41
$GQGSV,1,1,03,02,00,000,30,03,37,171,38,07,53,169,34,,,,*49
$GQGSV,1,1,03,02,00,000,30,03,37,171,38,07,53,169,34,,,,*49
$GQGSV,1,1,03,02,00,000,30,03,37,171,38,07,53,169,34,,,,*49
$GQGSV,1,1,03,02,00,000,30,03,37,171,38,07,53,169,34,,,,*49
$GQGSV,1,1,03,02,00,000,30,03,37,171,38,07,53,169,35,,,,*48
$GQGSV,1,1,03,02,00,000,31,03,37,171,38,07,53,169,35,,,,*49
$GQGSV,1,1,03,02,00,000,31,03,37,171,38,07,53,169,35,,,,*49
$GQGSV,1,1,03,02,00,000,32,03,37,171,38,07,53,169,35,,,,*4A
$GQGSV,1,1,03,02,00,000,32,03,37,171,39,07,53,169,35,,,,*4B
$GQGSV,1,1,03,02,00,000,32,03,37,171,39,07,53,169,35,,,,*4B
$GQGSV,1,1,03,02,00,000,32,03,37,171,39,07,53,169,35,,,,*4B
$GQGSV,1,1,03,02,00,000,32,03,37,171,39,07,53,169,35,,,,*4B
$GQGSV,1,1,03,02,00,000,32,03,37,171,39,07,53,169,35,,,,*4B
$GQGSV,1,1,03,02,00,000,32,03,37,171,39,07,53,169,35,,,,*4B
$GQGSV,1,1,03,02,00,000,32,03,37,171,39,07,53,169,35,,,,*4B
$GQGSV,1,1,03,02,00,000,31,03,37,171,39,07,53,169,35,,,,*48
$GQGSV,1,1,03,02,00,000,31,03,37,171,39,07,53,169,36,,,,*4B
$GQGSV,1,1,03,02,00,000,32,03,37,171,39,07,53,169,35,,,,*4B
$GQGSV,1,1,03,02,00,000,32,03,37,171,39,07,53,169,35,,,,*4B
$GQGSV,1,1,03,02,00,000,32,03,37,171,39,07,53,169,35,,,,*4B
$GQGSV,1,1,03,02,00,000,31,03,37,171,39,07,53,169,35,,,,*48
$GQGSV,1,1,03,02,00,000,31,03,37,171,39,07,53,169,35,,,,*48
$GQGSV,1,1,03,02,00,000,30,03,37,171,39,07,53,169,35,,,,*49
$GQGSV,1,1,03,02,00,000,30,03,37,171,39,07,53,169,35,,,,*49
$GQGSV,1,1,03,02,00,000,29,03,37,171,39,07,53,169,35,,,,*41
$GQGSV,1,1,03,02,00,000,29,03,37,171,39,07,53,169,35,,,,*41
$GQGSV,1,1,03,02,00,000,29,03,37,171,39,07,53,169,35,,,,*41
$GQGSV,1,1,03,02,00,000,29,03,37,171,39,07,53,169,35,,,,*41
$GQGSV,1,1,03,02,00,000,29,03,37,171,39,07,53,169,35,,,,*41
$GQGSV,1,1,03,02,00,000,29,03,37,171,39,07,53,169,35,,,,*41
$GQGSV,1,1,03,02,00,000,30,03,37,171,40,07,53,169,35,,,,*47
$GQGSV,1,1,03,02,00,000,30,03,37,171,40,07,53,169,35,,,,*47
$GQGSV,1,1,03,02,00,000,31,03,37,171,40,07,53,169,35,,,,*46
$GQGSV,1,1,03,02,00,000,31,03,37,171,40,07,53,169,35,,,,*46
$GQGSV,1,1,03,02,00,000,31,03,37,171,40,07,53,169,35,,,,*46
$GQGSV,1,1,03,02,00,000,29,03,37,171,40,07,53,169,35,,,,*4F
$GQGSV,1,1,03,02,00,000,28,03,37,171,40,07,53,169,35,,,,*4E
$GQGSV,1,1,03,02,00,000,27,03,37,171,40,07,53,169,35,,,,*41
$GQGSV,1,1,03,02,00,000,27,03,37,171,40,07,53,169,35,,,,*41
$GQGSV,1,1,03,02,00,000,26,03,37,171,40,07,53,169,35,,,,*40
$GQGSV,1,1,03,02,00,000,26,03,37,171,41,07,53,169,35,,,,*41
$GQGSV,1,1,03,02,00,000,26,03,37,171,41,07,53,169,35,,,,*41
$GQGSV,1,1,03,02,00,000,27,03,37,171,41,07,53,169,36,,,,*43
$GQGSV,1,1,03,02,00,000,28,03,37,171,41,07,53,169,36,,,,*4C
$GQGSV,1,1,03,02,00,000,28,03,37,171,41,07,53,169,36,,,,*4C
$GQGSV,1,1,03,02,00,000,28,03,37,171,41,07,53,169,36,,,,*4C
$GQGSV,1,1,03,02,00,000,28,03,37,171,41,07,53,169,36,,,,*4C
$GQGSV,1,1,03,02,00,000,27,03,37,171,41,07,53,169,36,,,,*43
$GQGSV,1,1,03,02,00,000,27,03,37,171,41,07,53,169,36,,,,*43
$GQGSV,1,1,03,02,00,000,28,03,37,171,40,07,53,169,35,,,,*4E
$GQGSV,1,1,03,02,00,000,28,03,37,171,40,07,53,169,34,,,,*4F
$GQGSV,1,1,03,02,00,000,28,03,37,171,40,07,53,169,33,,,,*48
$GQGSV,1,1,03,02,00,000,27,03,37,171,40,07,53,169,33,,,,*47
$GQGSV,1,1,03,02,00,000,27,03,37,171,40,07,53,169,33,,,,*47
$GQGSV,1,1,03,02,00,000,27,03,37,171,39,07,53,169,33,,,,*49
$GQGSV,1,1,03,02,00,000,26,03,37,171,39,07,53,169,33,,,,*48
$GQGSV,1,1,03,02,00,000,28,03,37,171,39,07,53,169,33,,,,*46
$GQGSV,1,1,03,02,00,000,28,03,37,171,39,07,53,169,33,,,,*46
$GQGSV,1,1,03,02,00,000,28,03,37,171,39,07,53,169,34,,,,*41
$GQGSV,1,1,03,02,00,000,28,03,37,171,39,07,53,169,34,,,,*41
$GQGSV,1,1,03,02,00,000,28,03,37,171,39,07,53,169,34,,,,*41
$GQGSV,1,1,03,02,00,000,28,03,37,171,39,07,53,169,34,,,,*41
$GQGSV,1,1,03,02,00,000,28,03,37,171,39,07,53,169,34,,,,*41
$GQGSV,1,1,03,02,00,000,29,03,37,171,40,07,53,169,34,,,,*4E
$GQGSV,1,1,03,02,00,000,29,03,37,171,40,07,53,169,34,,,,*4E
$GQGSV,1,1,03,02,00,000,29,03,37,171,40,07,53,169,34,,,,*4E
$GQGSV,1,1,03,02,00,000,30,03,37,171,40,07,53,169,34,,,,*46
$GQGSV,1,1,03,02,00,000,30,03,37,171,40,07,53,169,35,,,,*47
$GQGSV,1,1,03,02,00,000,30,03,37,171,40,07,53,169,35,,,,*47
$GQGSV,1,1,03,02,00,000,30,03,37,171,40,07,53,169,35,,,,*47
$GQGSV,1,1,03,02,00,000,30,03,37,171,40,07,53,169,35,,,,*47
$GQGSV,1,1,03,02,00,000,30,03,37,171,40,07,53,169,35,,,,*47
$GQGSV,1,1,03,02,00,000,30,03,37,171,41,07,53,169,35,,,,*46
$GQGSV,1,1,03,02,00,000,30,03,37,171,41,07,53,169,35,,,,*46
$GQGSV,1,1,03,02,00,000,30,03,37,171,41,07,53,169,36,,,,*45
$GQGSV,1,1,03,02,00,000,30,03,37,171,41,07,53,169,36,,,,*45
$GQGSV,1,1,03,02,00,000,29,03,37,171,41,07,53,169,36,,,,*4D
$GQGSV,1,1,03,02,00,000,33,03,37,171,40,07,53,169,36,,,,*47
$GQGSV,1,1,03,02,00,000,32,03,37,171,40,07,53,169,36,,,,*46
$GQGSV,1,1,03,02,00,000,30,03,37,171,38,07,53,169,36,,,,*4B
$GQGSV,1,1,03,02,00,000,28,03,37,171,36,07,53,169,36,,,,*4C
$GQGSV,1,1,03,02,00,000,26,03,37,171,35,07,53,169,36,,,,*41
$GQGSV,1,1,03,02,00,000,25,03,37,171,35,07,53,169,35,,,,*41
$GQGSV,1,1,03,02,00,000,25,03,37,171,35,07,53,169,35,,,,*41
$GQGSV,1,1,03,02,00,000,25,03,37,171,35,07,53,169,34,,,,*40
$GQGSV,1,1,03,02,00,000,26,03,37,171,35,07,53,169,34,,,,*43
$GQGSV,1,1,03,02,00,000,27,03,37,171,35,07,53,169,34,,,,*42
$GQGSV,1,1,03,02,00,000,28,03,37,171,36,07,53,169,34,,,,*4E
$GQGSV,1,1,03,02,00,000,27,03,37,171,36,07,53,169,34,,,,*41
$GQGSV,1,1,03,02,00,000,27,03,37,171,36,07,53,169,34,,,,*41
$GQGSV,1,1,03,02,00,000,27,03,37,171,36,07,53,169,34,,,,*41
$GQGSV,1,1,03,02,00,000,26,03,37,171,37,07,53,169,35,,,,*40
$GQGSV,1,1,03,02,00,000,26,03,37,171,37,07,53,169,35,,,,*40
$GQGSV,1,1,03,02,00,000,26,03,37,171,37,07,53,169,35,,,,*40
$GQGSV,1,1,03,02,00,000,26,03,37,171,37,07,53,169,35,,,,*40
$GQGSV,1,1,03,02,00,000,26,03,37,171,38,07,53,169,36,,,,*4C
$GQGSV,1,1,03,02,00,000,26,03,37,171,38,07,53,169,36,,,,*4C
$GQGSV,1,1,03,02,00,000,26,03,37,171,38,07,53,169,36,,,,*4C
$GQGSV,1,1,03,02,00,000,27,03,37,171,38,07,53,169,37,,,,*4C
$GQGSV,1,1,03,02,00,000,27,03,37,171,38,07,53,169,37,,,,*4C
$GQGSV,1,1,03,02,00,000,27,03,37,171,38,07,53,169,37,,,,*4C
$GQGSV,1,1,03,02,00,000,28,03,37,171,38,07,53,169,37,,,,*43
$GQGSV,1,1,03,02,00,000,28,03,37,171,38,07,53,169,37,,,,*43
$GQGSV,1,1,03,02,00,000,27,03,37,171,38,07,53,169,37,,,,*4C
$GQGSV,1,1,03,02,00,000,27,03,37,171,38,07,53,169,37,,,,*4C
$GQGSV,1,1,03,02,00,000,27,03,37,171,38,07,53,169,37,,,,*4C
$GQGSV,1,1,03,02,00,000,27,03,37,171,38,07,53,169,37,,,,*4C
$GQGSV,1,1,03,02,00,000,27,03,37,171,38,07,53,169,37,,,,*4C
$GQGSV,1,1,03,02,00,000,27,03,37,171,38,07,53,169,37,,,,*4C
$GQGSV,1,1,03,02,00,000,26,03,37,171,38,07,53,169,37,,,,*4D
$GQGSV,1,1,03,02,00,000,26,03,37,171,38,07,53,169,36,,,,*4C
$GQGSV,1,1,03,02,00,000,26,03,37,171,38,07,53,169,36,,,,*4C
$GQGSV,1,1,03,02,00,000,25,03,37,171,39,07,53,169,36,,,,*4E
$GQGSV,1,1,03,02,00,000,25,03,37,171,39,07,53,169,35,,,,*4D
$GQGSV,1,1,02,03,37,171,39,07,53,169,35,,,,,,,,*79
$GQGSV,1,1,02,03,37,171,38,07,53,169,35,,,,,,,,*78
$GQGSV,1,1,02,03,37,171,37,07,53,169,35,,,,,,,,*77
$GQGSV,1,1,02,03,37,171,36,07,53,169,35,,,,,,,,*76
$GQGSV,1,1,02,03,37,171,36,07,53,169,34,,,,,,,,*77
$GQGSV,1,1,02,03,37,171,36,07,53,169,34,,,,,,,,*77
$GQGSV,1,1,02,03,37,171,36,07,53,169,34,,,,,,,,*77
$GQGSV,1,1,02,03,37,171,36,07,53,169,34,,,,,,,,*77
$GQGSV,1,1,03,02,00,000,28,03,37,171,37,07,53,169,34,,,,*4F
$GQGSV,1,1,03,02,00,000,29,03,37,171,37,07,53,169,34,,,,*4E
$GQGSV,1,1,03,02,00,000,30,03,37,171,38,07,53,169,34,,,,*49
$GQGSV,1,1,03,02,00,000,31,03,37,171,38,07,53,169,34,,,,*48
$GQGSV,1,1,03,02,00,000,31,03,37,171,38,07,53,169,35,,,,*49
$GQGSV,1,1,03,02,00,000,30,03,37,171,38,07,53,169,35,,,,*48
$GQGSV,1,1,03,02,00,000,30,03,37,171,38,07,53,169,35,,,,*48
$GQGSV,1,1,03,02,00,000,30,03,37,171,38,07,53,169,35,,,,*48
$GQGSV,1,1,03,02,00,000,31,03,37,171,39,07,53,169,35,,,,*48
$GQGSV,1,1,03,02,00,000,31,03,37,171,39,07,53,169,34,,,,*49
$GQGSV,1,1,03,02,00,000,30,03,37,171,39,07,53,169,34,,,,*48
$GQGSV,1,1,03,02,00,000,30,03,37,171,39,07,53,169,34,,,,*48
$GQGSV,1,1,03,02,00,000,30,03,37,171,39,07,53,169,34,,,,*48
$GQGSV,1,1,03,02,00,000,30,03,37,171,39,07,53,169,34,,,,*48
$GQGSV,1,1,03,02,00,000,31,03,37,171,39,07,53,169,35,,,,*48
$GQGSV,1,1,03,02,00,000,31,03,37,171,39,07,53,169,35,,,,*48
$GQGSV,1,1,03,02,00,000,31,03,37,171,38,07,53,169,35,,,,*49
$GQGSV,1,1,03,02,00,000,32,03,37,171,38,07,53,169,35,,,,*4A
$GQGSV,1,1,03,02,00,000,31,03,37,171,38,07,53,169,33,,,,*4F
$GQGSV,1,1,03,02,00,000,31,03,37,171,38,07,53,169,32,,,,*4E
$GQGSV,1,1,03,02,00,000,30,03,37,171,38,07,53,169,30,,,,*4D
$GQGSV,1,1,03,02,00,000,29,03,37,171,39,07,53,169,29,,,,*4C
$GQGSV,1,1,03,02,00,000,29,03,37,171,39,07,53,169,28,,,,*4D
$GQGSV,1,1,03,02,00,000,28,03,37,171,39,07,53,169,28,,,,*4C
$GQGSV,1,1,03,02,00,000,28,03,37,171,39,07,53,169,27,,,,*43
$GQGSV,1,1,03,02,00,000,27,03,37,171,39,07,53,169,28,,,,*43
$GQGSV,1,1,03,02,00,000,26,03,37,171,40,07,53,169,28,,,,*4C
$GQGSV,1,1,03,02,00,000,26,03,37,171,40,07,53,169,29,,,,*4D
$GQGSV,1,1,03,02,00,000,26,03,37,171,40,07,53,169,30,,,,*45
$GQGSV,1,1,03,02,00,000,26,03,37,171,40,07,53,169,30,,,,*45
$GQGSV,1,1,03,02,00,000,26,03,37,171,40,07,53,169,31,,,,*44
$GQGSV,1,1,03,02,00,000,27,03,37,171,40,07,53,169,32,,,,*46
$GQGSV,1,1,03,02,00,000,27,03,37,171,40,07,53,169,32,,,,*46
$GQGSV,1,1,03,02,00,000,28,03,37,171,40,07,53,169,33,,,,*48
$GQGSV,1,1,03,02,00,000,28,03,37,171,40,07,53,169,33,,,,*48
$GQGSV,1,1,03,02,00,000,28,03,37,171,40,07,53,169,33,,,,*48
$GQGSV,1,1,03,02,00,000,28,03,37,171,40,07,53,169,32,,,,*49
$GQGSV,1,1,03,02,00,000,28,03,37,171,40,07,53,169,33,,,,*48
$GQGSV,1,1,03,02,00,000,28,03,37,171,40,07,53,169,33,,,,*48
$GQGSV,1,1,03,02,00,000,28,03,37,171,40,07,53,169,33,,,,*48
$GQGSV,1,1,03,02,00,000,27,03,37,171,40,07,53,169,33,,,,*47
$GQGSV,1,1,03,02,00,000,27,03,37,171,40,07,53,169,34,,,,*40
$GQGSV,1,1,03,02,00,000,27,03,37,171,40,07,53,169,34,,,,*40
$GQGSV,1,1,03,02,00,000,27,03,37,171,40,07,53,169,34,,,,*40
$GQGSV,1,1,03,02,00,000,28,03,37,171,40,07,53,169,34,,,,*4F
$GQGSV,1,1,03,02,00,000,28,03,37,171,40,07,53,169,34,,,,*4F
$GQGSV,1,1,03,02,00,000,27,03,37,171,40,07,53,169,35,,,,*41
$GQGSV,1,1,03,02,00,000,27,03,37,171,40,07,53,169,35,,,,*41
$GQGSV,1,1,03,02,00,000,27,03,37,171,40,07,53,169,35,,,,*41
$GQGSV,1,1,03,02,00,000,27,03,37,171,40,07,53,169,36,,,,*42
$GQGSV,1,1,03,02,00,000,26,03,37,171,40,07,53,169,36,,,,*43
$GQGSV,1,1,03,02,00,000,26,03,37,171,40,07,53,169,35,,,,*40
$GQGSV,1,1,03,02,00,000,26,03,37,171,40,07,53,169,35,,,,*40
$GQGSV,1,1,03,02,00,000,26,03,37,171,40,07,53,169,35,,,,*40
$GQGSV,1,1,03,02,00,000,26,03,37,171,41,07,53,169,35,,,,*41
$GQGSV,1,1,03,02,00,000,26,03,37,171,41,07,53,169,35,,,,*41
$GQGSV,1,1,03,02,00,000,27,03,37,171,40,07,53,169,35,,,,*41
$GQGSV,1,1,03,02,00,000,27,03,37,171,40,07,53,169,35,,,,*41
$GQGSV,1,1,03,02,00,000,27,03,37,171,40,07,53,169,35,,,,*41
$GQGSV,1,1,03,02,00,000,28,03,37,171,40,07,53,169,35,,,,*4E
$GQGSV,1,1,03,02,00,000,28,03,37,171,40,07,53,169,35,,,,*4E
$GQGSV,1,1,03,02,00,000,28,03,37,171,40,07,53,169,35,,,,*4E
$GQGSV,1,1,03,02,00,000,28,03,37,171,40,07,53,169,35,,,,*4E
$GQGSV,1,1,03,02,00,000,28,03,37,171,40,07,53,169,35,,,,*4E
$GQGSV,1,1,03,02,00,000,28,03,37,171,40,07,53,169,35,,,,*4E
$GQGSV,1,1,03,02,00,000,30,03,37,171,40,07,53,169,35,,,,*47
$GQGSV,1,1,03,02,00,000,29,03,37,171,40,07,53,169,35,,,,*4F
$GQGSV,1,1,03,02,00,000,28,03,37,171,40,07,53,169,36,,,,*4D
$GQGSV,1,1,03,02,00,000,28,03,37,171,40,07,53,169,36,,,,*4D
$GQGSV,1,1,03,02,00,000,28,03,37,171,40,07,53,169,36,,,,*4D
$GQGSV,1,1,03,02,00,000,28,03,37,171,40,07,53,169,37,,,,*4C
$GQGSV,1,1,03,02,00,000,28,03,37,171,40,07,53,169,37,,,,*4C
$GQGSV,1,1,03,02,00,000,29,03,37,171,40,07,53,169,37,,,,*4D
$GQGSV,1,1,03,02,00,000,29,03,37,171,40,07,53,169,36,,,,*4C
$GQGSV,1,1,03,02,00,000,29,03,37,171,40,07,53,169,36,,,,*4C
$GQGSV,1,1,03,02,00,000,29,03,37,171,40,07,53,169,36,,,,*4C
$GQGSV,1,1,03,02,00,000,29,03,37,171,40,07,53,169,36,,,,*4C
$GQGSV,1,1,03,02,00,000,29,03,37,171,39,07,53,169,36,,,,*42
$GQGSV,1,1,03,02,00,000,28,03,37,171,39,07,53,169,36,,,,*43
$GQGSV,1,1,03,02,00,000,28,03,37,171,39,07,53,169,36,,,,*43
$GQGSV,1,1,03,02,00,000,28,03,37,171,39,07,53,169,37,,,,*42
$GQGSV,1,1,03,02,00,000,28,03,37,171,39,07,53,169,37,,,,*42
$GQGSV,1,1,03,02,00,000,28,03,37,171,39,07,53,169,37,,,,*42
$GQGSV,1,1,03,02,00,000,28,03,37,171,39,07,53,169,37,,,,*42
$GQGSV,1,1,03,02,00,000,27,03,37,171,39,07,53,169,37,,,,*4D
$GQGSV,1,1,03,02,00,000,27,03,37,171,39,07,53,169,37,,,,*4D
$GQGSV,1,1,03,02,00,000,27,03,37,171,39,07,53,169,37,,,,*4D
$GQGSV,1,1,03,02,00,000,27,03,37,171,39,07,53,169,37,,,,*4D
$GQGSV,1,1,03,02,00,000,29,03,37,171,39,07,53,169,37,,,,*43
$GQGSV,1,1,03,02,00,000,29,03,37,171,39,07,53,169,37,,,,*43
$GQGSV,1,1,03,02,00,000,29,03,37,171,39,07,53,169,37,,,,*43
$GQGSV,1,1,03,02,00,000,30,03,37,171,39,07,53,169,37,,,,*4B
$GQGSV,1,1,03,02,00,000,30,03,37,171,39,07,53,169,37,,,,*4B
$GQGSV,1,1,03,02,00,000,30,03,37,171,39,07,53,169,37,,,,*4B
$GQGSV,1,1,03,02,00,000,30,03,37,171,39,07,53,169,37,,,,*4B
$GQGSV,1,1,03,02,00,000,30,03,37,171,39,07,53,169,37,,,,*4B
$GQGSV,1,1,03,02,00,000,30,03,37,171,39,07,53,169,37,,,,*4B
$GQGSV,1,1,03,02,00,000,30,03,37,171,39,07,53,169,37,,,,*4B
$GQGSV,1,1,03,02,00,000,30,03,37,171,39,07,53,169,37,,,,*4B
$GQGSV,1,1,03,02,00,000,30,03,37,171,39,07,53,169,37,,,,*4B
$GQGSV,1,1,03,02,00,000,27,03,37,171,39,07,53,169,37,,,,*4D
$GQGSV,1,1,03,02,00,000,24,03,37,171,39,07,53,169,37,,,,*4E
$GQGSV,1,1,03,02,00,000,24,03,37,171,39,07,53,169,37,,,,*4E
$GQGSV,1,1,03,02,00,000,25,03,37,171,39,07,53,169,37,,,,*4F
$GQGSV,1,1,03,02,00,000,25,03,37,171,39,07,53,169,37,,,,*4F
$GQGSV,1,1,03,02,00,000,25,03,37,171,39,07,53,169,37,,,,*4F
$GQGSV,1,1,03,02,00,000,25,03,37,171,39,07,53,169,37,,,,*4F
$GQGSV,1,1,03,02,00,000,26,03,37,171,39,07,53,169,37,,,,*4C
$GQGSV,1,1,03,02,00,000,26,03,37,171,39,07,53,169,37,,,,*4C
$GQGSV,1,1,03,02,00,000,26,03,37,171,39,07,53,169,37,,,,*4C
$GQGSV,1,1,03,02,00,000,26,03,37,171,39,07,53,169,37,,,,*4C
$GQGSV,1,1,03,02,00,000,26,03,37,171,38,07,53,169,37,,,,*4D
$GQGSV,1,1,03,02,00,000,26,03,37,171,38,07,53,169,37,,,,*4D
$GQGSV,1,1,03,02,00,000,26,03,37,171,38,07,53,169,37,,,,*4D
$GQGSV,1,1,03,02,16,147,26,03,37,171,38,07,53,169,37,,,,*48
$GQGSV,1,1,03,02,16,147,26,03,37,171,38,07,53,169,37,,,,*48
$GQGSV,1,1,03,02,16,147,27,03,37,171,38,07,53,169,37,,,,*49
$GQGSV,1,1,03,02,16,147,27,03,37,171,38,07,53,169,37,,,,*49
$GQGSV,1,1,03,02,00,000,27,03,37,171,38,07,53,169,37,,,,*4C
$GQGSV,1,1,03,02,00,000,27,03,37,171,38,07,53,169,37,,,,*4C
$GQGSV,1,1,03,02,16,147,28,03,37,171,38,07,53,169,37,,,,*46
$GQGSV,1,1,03,02,00,000,28,03,37,171,38,07,53,169,37,,,,*43
$GQGSV,1,1,03,02,00,000,28,03,37,171,38,07,53,169,37,,,,*43
$GQGSV,1,1,03,02,00,000,28,03,37,171,38,07,53,169,37,,,,*43
$GQGSV,1,1,03,02,00,000,28,03,37,171,38,07,53,169,37,,,,*43
$GQGSV,1,1,03,02,16,147,28,03,37,171,38,07,53,169,37,,,,*46
$GQGSV,1,1,03,02,16,147,28,03,37,171,38,07,53,169,37,,,,*46
$GQGSV,1,1,03,02,16,147,28,03,37,171,38,07,53,169,37,,,,*46
$GQGSV,1,1,03,02,00,000,28,03,37,171,38,07,53,169,37,,,,*43
$GQGSV,1,1,03,02,00,000,29,03,37,171,38,07,53,169,37,,,,*42
$GQGSV,1,1,03,02,16,147,29,03,37,171,38,07,53,169,37,,,,*47
$GQGSV,1,1,03,02,16,147,29,03,37,171,38,07,53,169,37,,,,*47
$GQGSV,1,1,03,02,16,147,29,03,37,171,38,07,53,169,37,,,,*47
$GQGSV,1,1,03,02,16,147,29,03,37,171,38,07,53,169,37,,,,*47
$GQGSV,1,1,03,02,16,147,29,03,37,171,38,07,53,169,37,,,,*47
$GQGSV,1,1,03,02,16,147,29,03,37,171,38,07,53,169,37,,,,*47
$GQGSV,1,1,03,02,16,147,29,03,37,171,38,07,53,169,37,,,,*47
$GQGSV,1,1,03,02,16,147,29,03,37,171,38,07,53,169,37,,,,*47
$GQGSV,1,1,03,02,00,000,29,03,37,171,38,07,53,169,37,,,,*42
$GQGSV,1,1,03,02,00,000,29,03,37,171,38,07,53,169,37,,,,*42
$GQGSV,1,1,03,02,16,147,29,03,37,171,38,07,53,169,37,,,,*47
$GQGSV,1,1,03,02,16,147,29,03,37,171,38,07,53,169,37,,,,*47
$GQGSV,1,1,03,02,16,147,29,03,37,171,38,07,53,169,37,,,,*47
$GQGSV,1,1,03,02,16,147,29,03,37,171,38,07,53,169,37,,,,*47
$GQGSV,1,1,03,02,16,147,28,03,37,171,38,07,53,169,37,,,,*46
$GQGSV,1,1,03,02,16,147,28,03,37,171,38,07,53,169,37,,,,*46
$GQGSV,1,1,03,02,16,147,28,03,37,171,38,07,53,169,37,,,,*46
$GQGSV,1,1,03,02,16,147,28,03,37,171,38,07,53,169,37,,,,*46
$GQGSV,1,1,03,02,16,147,27,03,37,171,38,07,53,169,37,,,,*49
$GQGSV,1,1,03,02,16,147,27,03,37,171,38,07,53,169,37,,,,*49
$GQGSV,1,1,03,02,00,000,27,03,37,171,38,07,53,169,37,,,,*4C
$GQGSV,1,1,03,02,00,000,27,03,37,171,38,07,53,169,37,,,,*4C
$GQGSV,1,1,03,02,16,147,27,03,37,171,38,07,53,169,37,,,,*49
$GQGSV,1,1,03,02,16,147,27,03,37,171,38,07,53,169,37,,,,*49
$GQGSV,1,1,03,02,16,147,27,03,37,171,38,07,53,169,37,,,,*49
$GQGSV,1,1,03,02,00,000,27,03,37,171,38,07,53,169,37,,,,*4C
$GQGSV,1,1,03,02,00,000,27,03,37,171,38,07,53,169,37,,,,*4C
$GQGSV,1,1,03,02,16,147,27,03,37,171,38,07,53,169,37,,,,*49
$GQGSV,1,1,03,02,16,147,27,03,37,171,38,07,53,169,37,,,,*49
$GQGSV,1,1,03,02,16,147,27,03,37,171,38,07,53,169,37,,,,*49
$GQGSV,1,1,03,02,16,147,27,03,37,171,38,07,53,169,37,,,,*49
$GQGSV,1,1,03,02,16,147,26,03,37,171,38,07,53,169,37,,,,*48
$GQGSV,1,1,03,02,16,147,26,03,37,171,38,07,53,169,37,,,,*48
$GQGSV,1,1,03,02,00,000,26,03,37,171,38,07,53,169,37,,,,*4D
$GQGSV,1,1,03,02,00,000,26,03,37,171,38,07,53,169,37,,,,*4D
$GQGSV,1,1,03,02,16,147,26,03,37,171,38,07,53,169,37,,,,*48
$GQGSV,1,1,03,02,16,147,26,03,37,171,38,07,53,169,37,,,,*48
$GQGSV,1,1,03,02,16,147,27,03,37,171,38,07,53,169,37,,,,*49
$GQGSV,1,1,03,02,16,147,27,03,37,171,38,07,53,169,37,,,,*49
$GQGSV,1,1,03,02,16,147,27,03,37,171,38,07,53,169,37,,,,*49
$GQGSV,1,1,03,02,00,000,27,03,37,171,38,07,53,169,37,,,,*4C
$GQGSV,1,1,03,02,00,000,27,03,37,171,38,07,53,169,37,,,,*4C
$GQGSV,1,1,03,02,16,147,27,03,37,171,38,07,53,169,37,,,,*49
$GQGSV,1,1,03,02,16,147,27,03,37,171,38,07,53,169,37,,,,*49
$GQGSV,1,1,03,02,16,147,27,03,37,171,38,07,53,169,37,,,,*49
$GQGSV,1,1,03,02,16,147,27,03,37,171,38,07,53,169,37,,,,*49
$GQGSV,1,1,03,02,16,147,27,03,37,171,38,07,53,169,37,,,,*49
$GQGSV,1,1,03,02,16,147,27,03,37,171,38,07,53,169,37,,,,*49
$GQGSV,1,1,03,02,16,147,27,03,37,171,38,07,53,169,37,,,,*49
$GQGSV,1,1,03,02,16,147,27,03,37,171,38,07,53,169,37,,,,*49
$GQGSV,1,1,03,02,16,147,27,03,37,171,38,07,53,169,37,,,,*49
$GQGSV,1,1,03,02,16,147,27,03,37,171,38,07,53,169,37,,,,*49
$GQGSV,1,1,03,02,16,147,27,03,37,171,38,07,53,169,37,,,,*49
$GQGSV,1,1,03,02,16,147,27,03,37,171,37,07,53,169,37,,,,*46
$GQGSV,1,1,03,02,16,147,27,03,37,171,37,07,53,169,37,,,,*46
$GQGSV,1,1,03,02,16,147,27,03,37,171,37,07,53,169,37,,,,*46
$GQGSV,1,1,03,02,16,147,27,03,37,171,37,07,53,169,37,,,,*46
$GQGSV,1,1,03,02,16,147,27,03,37,171,37,07,53,169,37,,,,*46
$GQGSV,1,1,03,02,16,147,27,03,37,171,37,07,53,169,37,,,,*46
$GQGSV,1,1,03,02,16,147,27,03,37,171,37,07,53,169,37,,,,*46
$GQGSV,1,1,03,02,16,147,27,03,37,171,37,07,53,169,37,,,,*46
$GQGSV,1,1,03,02,16,147,27,03,37,171,37,07,53,169,37,,,,*46
$GQGSV,1,1,03,02,00,000,27,03,37,171,37,07,53,169,37,,,,*43
$GQGSV,1,1,03,02,00,000,27,03,37,171,36,07,53,169,37,,,,*42
$GQGSV,1,1,03,02,16,147,27,03,37,171,36,07,53,169,37,,,,*47
$GQGSV,1,1,03,02,16,147,27,03,37,171,36,07,53,169,37,,,,*47
$GQGSV,1,1,03,02,16,147,27,03,37,171,36,07,53,169,37,,,,*47
$GQGSV,1,1,03,02,16,147,27,03,37,171,36,07,53,169,37,,,,*47
$GQGSV,1,1,03,02,16,147,27,03,37,171,36,07,53,169,37,,,,*47
$GQGSV,1,1,03,02,16,147,27,03,37,171,36,07,53,169,37,,,,*47
$GQGSV,1,1,03,02,16,147,27,03,37,171,36,07,53,169,37,,,,*47
$GQGSV,1,1,03,02,16,147,27,03,37,171,36,07,53,169,37,,,,*47
$GQGSV,1,1,03,02,16,147,27,03,37,171,36,07,53,169,37,,,,*47
$GQGSV,1,1,03,02,16,147,27,03,37,171,36,07,53,169,37,,,,*47
$GQGSV,1,1,03,02,00,000,26,03,37,171,36,07,53,169,37,,,,*43
$GQGSV,1,1,03,02,00,000,26,03,37,171,36,07,53,169,37,,,,*43
$GQGSV,1,1,03,02,00,000,26,03,37,171,36,07,53,169,37,,,,*43
$GQGSV,1,1,03,02,00,000,26,03,37,171,36,07,53,169,37,,,,*43
$GQGSV,1,1,03,02,16,147,26,03,37,171,36,07,53,169,37,,,,*46
$GQGSV,1,1,03,02,16,147,26,03,37,171,36,07,53,169,37,,,,*46
$GQGSV,1,1,03,02,16,147,26,03,37,171,35,07,53,169,37,,,,*45
$GQGSV,1,1,03,02,16,147,27,03,37,171,35,07,53,169,37,,,,*44
$GQGSV,1,1,03,02,16,147,27,03,37,171,35,07,53,169,37,,,,*44
$GQGSV,1,1,03,02,16,147,27,03,37,171,35,07,53,169,37,,,,*44
$GQGSV,1,1,03,02,16,147,27,03,37,171,35,07,53,169,37,,,,*44
$GQGSV,1,1,03,02,16,147,27,03,37,171,35,07,53,169,37,,,,*44
$GQGSV,1,1,03,02,00,000,27,03,37,171,35,07,53,169,37,,,,*41
$GQGSV,1,1,03,02,00,000,26,03,37,171,35,07,53,169,37,,,,*40
$GQGSV,1,1,03,02,16,147,26,03,37,171,35,07,53,169,37,,,,*45
$GQGSV,1,1,03,02,00,000,26,03,37,171,35,07,53,169,37,,,,*40
$GQGSV,1,1,03,02,00,000,25,03,37,171,35,07,53,169,37,,,,*43
$GQGSV,1,1,03,02,00,000,25,03,37,171,35,07,53,169,37,,,,*43
$GQGSV,1,1,03,02,16,147,25,03,37,171,35,07,53,169,37,,,,*46
$GQGSV,1,1,03,02,00,000,24,03,37,171,35,07,53,169,37,,,,*42
$GQGSV,1,1,03,02,00,000,23,03,37,171,34,07,53,169,37,,,,*44
$GQGSV,1,1,03,02,00,000,23,03,37,171,34,07,53,169,37,,,,*44
$GQGSV,1,1,03,02,00,000,22,03,37,171,33,07,53,169,37,,,,*42
$GQGSV,1,1,03,02,00,000,22,03,37,171,33,07,53,169,37,,,,*42
$GQGSV,1,1,03,02,00,000,22,03,37,171,33,07,53,169,37,,,,*42
$GQGSV,1,1,03,02,00,000,22,03,37,171,33,07,53,169,37,,,,*42
$GQGSV,1,1,03,02,00,000,21,03,37,171,33,07,53,169,37,,,,*41
$GQGSV,1,1,03,02,00,000,21,03,37,171,33,07,53,169,37,,,,*41
$GQGSV,1,1,03,02,00,000,21,03,37,171,34,07,53,169,37,,,,*46
$GQGSV,1,1,03,02,00,000,21,03,37,171,34,07,53,169,37,,,,*46
$GQGSV,1,1,03,02,00,000,20,03,37,171,34,07,53,169,37,,,,*47
$GQGSV,1,1,03,02,00,000,19,03,37,171,34,07,53,169,37,,,,*4D
$GQGSV,1,1,03,02,00,000,19,03,37,171,35,07,53,169,37,,,,*4C
$GQGSV,1,1,03,02,00,000,18,03,37,171,35,07,53,169,37,,,,*4D
$GQGSV,1,1,03,02,00,000,18,03,37,171,35,07,53,169,37,,,,*4D
$GQGSV,1,1,03,02,00,000,17,03,37,171,35,07,53,169,37,,,,*42
$GQGSV,1,1,03,02,00,000,17,03,37,171,35,07,53,169,37,,,,*42
$GQGSV,1,1,03,02,00,000,17,03,37,171,35,07,53,169,37,,,,*42
$GQGSV,1,1,03,02,00,000,16,03,37,171,35,07,53,169,37,,,,*43
$GQGSV,1,1,02,03,37,171,35,07,53,169,37,,,,,,,,*77
$GQGSV,1,1,02,03,37,171,37,07,53,169,37,,,,,,,,*75
$GQGSV,1,1,02,03,37,171,37,07,53,169,37,,,,,,,,*75
$GQGSV,1,1,02,03,37,171,37,07,53,169,37,,,,,,,,*75
$GQGSV,1,1,02,03,37,171,37,07,53,169,37,,,,,,,,*75
$GQGSV,1,1,02,03,37,171,37,07,53,169,37,,,,,,,,*75
$GQGSV,1,1,02,03,00,000,40,07,53,169,37,,,,,,,,*76
$GQGSV,1,1,02,03,00,000,41,07,53,169,37,,,,,,,,*77
$GQGSV,1,1,02,03,00,000,41,07,53,169,37,,,,,,,,*77
$GQGSV,1,1,02,03,00,000,40,07,53,169,37,,,,,,,,*76
$GQGSV,1,1,02,03,00,000,40,07,53,169,37,,,,,,,,*76
$GQGSV,1,1,02,03,00,000,40,07,53,169,37,,,,,,,,*76
$GQGSV,1,1,02,03,00,000,39,07,53,169,37,,,,,,,,*78
$GQGSV,1,1,02,03,00,000,39,07,53,169,37,,,,,,,,*78
$GQGSV,1,1,03,02,00,000,28,03,00,000,39,07,53,169,36,,,,*40
$GQGSV,1,1,03,02,00,000,29,03,00,000,39,07,53,169,34,,,,*43
$GQGSV,1,1,03,02,00,000,27,03,00,000,38,07,53,169,34,,,,*4C
$GQGSV,1,1,02,03,00,000,37,07,53,169,34,,,,,,,,*75
$GQGSV,1,1,02,03,00,000,36,07,53,169,33,,,,,,,,*73
$GQGSV,1,1,02,03,00,000,35,07,53,169,32,,,,,,,,*71
$GQGSV,1,1,02,03,00,000,34,07,53,169,32,,,,,,,,*70
$GQGSV,1,1,02,03,00,000,33,07,53,169,32,,,,,,,,*77
$GQGSV,1,1,02,03,37,171,27,07,53,169,33,,,,,,,,*70
$GQGSV,1,1,03,02,00,000,29,03,37,171,39,07,53,169,33,,,,*47
$GQGSV,1,1,03,02,00,000,31,03,37,171,39,07,53,169,33,,,,*4E
$GQGSV,1,1,03,02,00,000,29,03,37,171,39,07,53,169,33,,,,*47
$GQGSV,1,1,03,02,00,000,26,03,37,171,39,07,53,169,33,,,,*48
$GQGSV,1,1,03,02,00,000,23,03,37,171,35,07,53,169,33,,,,*41
$GQGSV,1,1,03,02,00,000,24,03,37,171,34,07,53,169,33,,,,*47
$GQGSV,1,1,03,02,00,000,24,03,37,171,34,07,53,169,34,,,,*40
$GQGSV,1,1,03,02,00,000,24,03,37,171,35,07,53,169,34,,,,*41
$GQGSV,1,1,03,02,00,000,22,03,37,171,36,07,53,169,35,,,,*45
$GQGSV,1,1,03,02,00,000,21,03,37,171,37,07,53,169,35,,,,*47
$GQGSV,1,1,03,02,00,000,21,03,37,171,38,07,53,169,35,,,,*48
$GQGSV,1,1,03,02,00,000,21,03,37,171,39,07,53,169,36,,,,*4A
$GQGSV,1,1,03,02,00,000,22,03,37,171,39,07,53,169,36,,,,*49
$GQGSV,1,1,03,02,00,000,22,03,37,171,39,07,53,169,37,,,,*48
$GQGSV,1,1,03,02,00,000,23,03,37,171,39,07,53,169,37,,,,*49
$GQGSV,1,1,03,02,00,000,23,03,37,171,40,07,53,169,37,,,,*47
$GQGSV,1,1,03,02,00,000,24,03,37,171,40,07,53,169,37,,,,*40
$GQGSV,1,1,03,02,00,000,25,03,37,171,39,07,53,169,37,,,,*4F
$GQGSV,1,1,03,02,00,000,25,03,37,171,39,07,53,169,37,,,,*4F
$GQGSV,1,1,03,02,00,000,26,03,37,171,39,07,53,169,37,,,,*4C
$GQGSV,1,1,03,02,00,000,28,03,37,171,39,07,53,169,38,,,,*4D
$GQGSV,1,1,03,02,00,000,27,03,37,171,38,07,53,169,37,,,,*4C
$GQGSV,1,1,03,02,00,000,26,03,37,171,37,07,53,169,37,,,,*42
$GQGSV,1,1,03,02,00,000,25,03,37,171,37,07,53,169,37,,,,*41
$GQGSV,1,1,03,02,00,000,25,03,37,171,37,07,53,169,37,,,,*41
$GQGSV,1,1,03,02,00,000,25,03,37,171,37,07,53,169,37,,,,*41
$GQGSV,1,1,03,02,00,000,25,03,37,171,37,07,53,169,37,,,,*41
$GQGSV,1,1,03,02,00,000,25,03,37,171,38,07,53,169,37,,,,*4E
$GQGSV,1,1,03,02,00,000,25,03,37,171,38,07,53,169,37,,,,*4E
$GQGSV,1,1,03,02,00,000,25,03,37,171,38,07,53,169,36,,,,*4F
$GQGSV,1,1,03,02,16,147,25,03,37,171,39,07,53,169,36,,,,*4B
$GQGSV,1,1,03,02,16,147,25,03,37,171,39,07,53,169,36,,,,*4B
$GQGSV,1,1,03,02,16,147,25,03,37,171,39,07,53,169,36,,,,*4B
$GQGSV,1,1,03,02,16,147,26,03,37,171,39,07,53,169,36,,,,*48
$GQGSV,1,1,03,02,16,147,26,03,37,171,39,07,53,169,36,,,,*48
$GQGSV,1,1,03,02,16,147,27,03,37,171,39,07,53,169,36,,,,*49
$GQGSV,1,1,03,02,16,147,27,03,37,171,38,07,53,169,36,,,,*48
$GQGSV,1,1,03,02,16,147,28,03,37,171,38,07,53,169,36,,,,*47
$GQGSV,1,1,03,02,16,147,28,03,37,171,38,07,53,169,36,,,,*47
$GQGSV,1,1,03,02,16,147,28,03,37,171,36,07,53,169,36,,,,*49
$GQGSV,1,1,03,02,16,147,28,03,37,171,38,07,53,169,36,,,,*47
$GQGSV,1,1,03,02,16,147,28,03,00,000,36,07,53,169,36,,,,*4A
$GQGSV,1,1,03,02,16,147,28,03,00,000,37,07,53,169,35,,,,*48
$GQGSV,1,1,03,02,16,147,28,03,00,000,39,07,53,169,35,,,,*46
$GQGSV,1,1,03,02,16,147,28,03,00,000,39,07,53,169,35,,,,*46
$GQGSV,1,1,03,02,16,147,28,03,00,000,40,07,53,169,35,,,,*48
$GQGSV,1,1,03,02,16,147,28,03,00,000,39,07,53,169,35,,,,*46
$GQGSV,1,1,03,02,16,147,27,03,00,000,38,07,53,169,35,,,,*48
$GQGSV,1,1,03,02,16,147,27,03,00,000,37,07,53,169,35,,,,*47
$GQGSV,1,1,03,02,16,147,26,03,00,000,37,07,53,169,35,,,,*46
$GQGSV,1,1,03,02,16,147,26,03,37,171,39,07,53,169,35,,,,*4B
$GQGSV,1,1,03,02,16,147,26,03,37,171,39,07,53,169,35,,,,*4B
$GQGSV,1,1,03,02,16,147,27,03,37,171,39,07,53,169,35,,,,*4A
$GQGSV,1,1,03,02,16,147,27,03,37,171,39,07,53,169,35,,,,*4A
$GQGSV,1,1,03,02,16,147,26,03,37,171,39,07,53,169,35,,,,*4B
$GQGSV,1,1,03,02,16,147,26,03,37,171,39,07,53,169,36,,,,*48
$GQGSV,1,1,03,02,16,147,26,03,37,171,37,07,53,169,36,,,,*46
$GQGSV,1,1,03,02,16,147,27,03,37,171,38,07,53,169,36,,,,*48
$GQGSV,1,1,03,02,16,147,26,03,37,171,38,07,53,169,37,,,,*48
$GQGSV,1,1,03,02,16,147,27,03,37,171,38,07,53,169,37,,,,*49
$GQGSV,1,1,03,02,16,147,27,03,37,171,38,07,53,169,37,,,,*49
$GQGSV,1,1,03,02,16,147,26,03,37,171,38,07,53,169,37,,,,*48
$GQGSV,1,1,03,02,16,147,26,03,37,171,38,07,53,169,37,,,,*48
$GQGSV,1,1,03,02,16,147,26,03,37,171,37,07,53,169,37,,,,*47
$GQGSV,1,1,03,02,16,147,25,03,37,171,36,07,53,169,37,,,,*45
$GQGSV,1,1,03,02,16,147,24,03,37,171,35,07,53,169,37,,,,*47
$GQGSV,1,1,03,02,16,147,24,03,37,171,35,07,53,169,37,,,,*47
$GQGSV,1,1,03,02,16,147,23,03,37,171,34,07,53,169,37,,,,*41
$GQGSV,1,1,03,02,16,147,23,03,37,171,34,07,53,169,36,,,,*40
$GQGSV,1,1,03,02,16,147,23,03,37,171,34,07,53,169,36,,,,*40
$GQGSV,1,1,03,02,16,147,22,03,37,171,34,07,53,169,36,,,,*41
$GQGSV,1,1,03,02,16,147,22,03,37,171,34,07,53,169,35,,,,*42
$GQGSV,1,1,03,02,16,147,21,03,37,171,34,07,53,169,35,,,,*41
$GQGSV,1,1,03,02,16,147,21,03,00,000,41,07,53,169,35,,,,*40
$GQGSV,1,1,03,02,16,147,20,03,00,000,41,07,53,169,35,,,,*41
$GQGSV,1,1,03,02,16,147,20,03,00,000,40,07,53,169,35,,,,*40
$GQGSV,1,1,03,02,00,000,19,03,00,000,39,07,53,169,34,,,,*40
$GQGSV,1,1,03,02,00,000,22,03,00,000,39,07,53,169,34,,,,*48
$GQGSV,1,1,03,02,00,000,22,03,00,000,38,07,53,169,34,,,,*49
$GQGSV,1,1,03,02,00,000,22,03,00,000,35,07,53,169,34,,,,*44
$GQGSV,1,1,03,02,00,000,22,03,37,171,34,07,53,169,34,,,,*46
$GQGSV,1,1,03,02,00,000,21,03,00,000,33,07,53,169,34,,,,*41
$GQGSV,1,1,03,02,00,000,20,03,00,000,33,07,53,169,34,,,,*40
$GQGSV,1,1,03,02,00,000,19,03,00,000,33,07,53,169,34,,,,*4A
$GQGSV,1,1,03,02,00,000,19,03,00,000,33,07,53,169,34,,,,*4A
$GQGSV,1,1,03,02,00,000,19,03,37,171,39,07,53,169,34,,,,*43
$GQGSV,1,1,03,02,00,000,19,03,37,171,38,07,53,169,34,,,,*42
$GQGSV,1,1,03,02,00,000,20,03,37,171,38,07,53,169,34,,,,*48
$GQGSV,1,1,03,02,00,000,20,03,37,171,38,07,53,169,34,,,,*48
$GQGSV,1,1,03,02,00,000,21,03,37,171,38,07,53,169,35,,,,*48
$GQGSV,1,1,03,02,00,000,21,03,37,171,38,07,53,169,35,,,,*48
$GQGSV,1,1,03,02,00,000,21,03,37,171,38,07,53,169,35,,,,*48
$GQGSV,1,1,03,02,00,000,21,03,37,171,37,07,53,169,35,,,,*47
$GQGSV,1,1,03,02,00,000,21,03,37,171,37,07,53,169,35,,,,*47
$GQGSV,1,1,03,02,00,000,21,03,37,171,37,07,53,169,36,,,,*44
$GQGSV,1,1,03,02,00,000,21,03,37,171,37,07,53,169,36,,,,*44
$GQGSV,1,1,03,02,00,000,20,03,37,171,37,07,53,169,36,,,,*45
$GQGSV,1,1,03,02,00,000,24,03,37,171,36,07,53,169,36,,,,*40
$GQGSV,1,1,03,02,00,000,24,03,37,171,36,07,53,169,36,,,,*40
$GQGSV,1,1,03,02,00,000,23,03,37,171,36,07,53,169,36,,,,*47
$GQGSV,1,1,03,02,00,000,23,03,37,171,37,07,53,169,36,,,,*46
$GQGSV,1,1,03,02,00,000,22,03,37,171,37,07,53,169,35,,,,*44
$GQGSV,1,1,03,02,00,000,21,03,37,171,37,07,53,169,35,,,,*47
$GQGSV,1,1,03,02,00,000,22,03,37,171,38,07,53,169,34,,,,*4A
$GQGSV,1,1,03,02,00,000,22,03,37,171,38,07,53,169,33,,,,*4D
$GQGSV,1,1,03,02,00,000,22,03,37,171,38,07,53,169,33,,,,*4D
$GQGSV,1,1,02,03,37,171,38,07,53,169,32,,,,,,,,*7F
$GQGSV,1,1,02,03,37,171,38,07,53,169,32,,,,,,,,*7F
$GQGSV,1,1,02,03,37,171,38,07,53,169,32,,,,,,,,*7F
$GQGSV,1,1,02,03,37,171,38,07,53,169,32,,,,,,,,*7F
$GQGSV,1,1,02,03,37,171,38,07,53,169,32,,,,,,,,*7F
$GQGSV,1,1,02,03,37,171,38,07,53,169,32,,,,,,,,*7F
$GQGSV,1,1,02,03,37,171,38,07,53,169,33,,,,,,,,*7E
$GQGSV,1,1,02,03,37,171,38,07,53,169,33,,,,,,,,*7E
$GQGSV,1,1,02,03,37,171,39,07,53,169,33,,,,,,,,*7F
$GQGSV,1,1,02,03,37,171,39,07,53,169,34,,,,,,,,*78
$GQGSV,1,1,02,03,37,171,40,07,53,169,34,,,,,,,,*76
$GQGSV,1,1,02,03,37,171,40,07,53,169,35,,,,,,,,*77
$GQGSV,1,1,02,03,37,171,40,07,53,169,35,,,,,,,,*77
$GQGSV,1,1,02,03,37,171,41,07,53,169,35,,,,,,,,*76
$GQGSV,1,1,02,03,37,171,41,07,53,169,36,,,,,,,,*75
$GQGSV,1,1,02,03,37,171,41,07,53,169,36,,,,,,,,*75
$GQGSV,1,1,02,03,37,171,42,07,53,169,36,,,,,,,,*76
$GQGSV,1,1,02,03,37,171,42,07,53,169,36,,,,,,,,*76
$GQGSV,1,1,02,03,37,171,42,07,53,169,36,,,,,,,,*76
$GQGSV,1,1,02,03,37,171,42,07,53,169,36,,,,,,,,*76
$GQGSV,1,1,02,03,37,171,42,07,53,169,36,,,,,,,,*76
$GQGSV,1,1,02,03,37,171,42,07,53,169,36,,,,,,,,*76
$GQGSV,1,1,02,03,37,171,42,07,53,169,36,,,,,,,,*76
$GQGSV,1,1,03,02,00,000,25,03,37,171,42,07,53,169,36,,,,*42
$GQGSV,1,1,03,02,00,000,22,03,37,171,42,07,53,169,36,,,,*45
$GQGSV,1,1,03,02,00,000,23,03,37,171,43,07,53,169,36,,,,*45
$GQGSV,1,1,03,02,00,000,23,03,37,171,43,07,53,169,36,,,,*45
$GQGSV,1,1,03,02,00,000,24,03,37,171,43,07,53,169,36,,,,*42
$GQGSV,1,1,03,02,00,000,24,03,37,171,43,07,53,169,36,,,,*42
$GQGSV,1,1,03,02,00,000,24,03,37,171,43,07,53,169,36,,,,*42
$GQGSV,1,1,03,02,00,000,24,03,37,171,43,07,53,169,36,,,,*42
$GQGSV,1,1,03,02,00,000,25,03,37,171,43,07,53,169,36,,,,*43
$GQGSV,1,1,03,02,00,000,25,03,37,171,43,07,53,169,36,,,,*43
$GQGSV,1,1,03,02,00,000,25,03,37,171,43,07,53,169,36,,,,*43
$GQGSV,1,1,03,02,00,000,25,03,37,171,43,07,53,169,36,,,,*43
$GQGSV,1,1,03,02,00,000,25,03,37,171,43,07,53,169,36,,,,*43
$GQGSV,1,1,03,02,00,000,25,03,37,171,43,07,53,169,36,,,,*43
$GQGSV,1,1,03,02,00,000,24,03,37,171,43,07,53,169,36,,,,*42
$GQGSV,1,1,03,02,00,000,24,03,37,171,43,07,53,169,36,,,,*42
$GQGSV,1,1,03,02,00,000,23,03,37,171,43,07,53,169,36,,,,*45
$GQGSV,1,1,03,02,00,000,23,03,37,171,43,07,53,169,36,,,,*45
$GQGSV,1,1,03,02,00,000,23,03,37,171,43,07,53,169,36,,,,*45
$GQGSV,1,1,03,02,00,000,24,03,37,171,43,07,53,169,36,,,,*42
$GQGSV,1,1,03,02,00,000,24,03,37,171,42,07,53,169,35,,,,*40
$GQGSV,1,1,03,02,00,000,25,03,37,171,42,07,53,169,35,,,,*41
$GQGSV,1,1,03,02,00,000,26,03,37,171,42,07,53,169,35,,,,*42
$GQGSV,1,1,03,02,00,000,26,03,37,171,42,07,53,169,35,,,,*42
$GQGSV,1,1,03,02,00,000,26,03,37,171,42,07,53,169,35,,,,*42
$GQGSV,1,1,03,02,00,000,26,03,37,171,42,07,53,169,35,,,,*42
$GQGSV,1,1,03,02,00,000,26,03,37,171,42,07,53,169,35,,,,*42
$GQGSV,1,1,03,02,00,000,25,03,37,171,42,07,53,169,35,,,,*41
$GQGSV,1,1,03,02,00,000,25,03,37,171,42,07,53,169,35,,,,*41
$GQGSV,1,1,03,02,00,000,24,03,37,171,42,07,53,169,36,,,,*43
$GQGSV,1,1,03,02,00,000,25,03,37,171,42,07,53,169,36,,,,*42
$GQGSV,1,1,03,02,00,000,24,03,37,171,42,07,53,169,37,,,,*42
$GQGSV,1,1,03,02,00,000,24,03,37,171,42,07,53,169,37,,,,*42
$GQGSV,1,1,03,02,00,000,24,03,37,171,42,07,53,169,37,,,,*42
$GQGSV,1,1,03,02,00,000,23,03,37,171,41,07,53,169,37,,,,*46
$GQGSV,1,1,03,02,00,000,23,03,37,171,41,07,53,169,37,,,,*46
$GQGSV,1,1,03,02,00,000,23,03,37,171,41,07,53,169,36,,,,*47
$GQGSV,1,1,03,02,00,000,23,03,37,171,41,07,53,169,36,,,,*47
$GQGSV,1,1,03,02,00,000,22,03,37,171,41,07,53,169,36,,,,*46
$GQGSV,1,1,03,02,00,000,22,03,37,171,41,07,53,169,36,,,,*46
$GQGSV,1,1,03,02,00,000,21,03,37,171,41,07,53,169,36,,,,*45
$GQGSV,1,1,03,02,00,000,20,03,37,171,41,07,53,169,35,,,,*47
$GQGSV,1,1,02,03,37,171,41,07,53,169,34,,,,,,,,*77
$GQGSV,1,1,02,03,37,171,41,07,53,169,34,,,,,,,,*77
$GQGSV,1,1,02,03,37,171,41,07,53,169,34,,,,,,,,*77
$GQGSV,1,1,02,03,37,171,41,07,53,169,34,,,,,,,,*77
$GQGSV,1,1,02,03,37,171,41,07,53,169,34,,,,,,,,*77
$GQGSV,1,1,02,03,37,171,41,07,53,169,34,,,,,,,,*77
$GQGSV,1,1,02,03,37,171,41,07,53,169,34,,,,,,,,*77
$GQGSV,1,1,02,03,37,171,41,07,53,169,34,,,,,,,,*77
$GQGSV,1,1,02,03,37,171,41,07,53,169,35,,,,,,,,*76
$GQGSV,1,1,02,03,37,171,41,07,53,169,35,,,,,,,,*76
$GQGSV,1,1,02,03,37,171,41,07,53,169,35,,,,,,,,*76
$GQGSV,1,1,02,03,37,171,41,07,53,169,35,,,,,,,,*76
$GQGSV,1,1,02,03,37,171,41,07,53,169,35,,,,,,,,*76
$GQGSV,1,1,02,03,37,171,41,07,53,169,35,,,,,,,,*76
$GQGSV,1,1,02,03,37,171,41,07,53,169,36,,,,,,,,*75
$GQGSV,1,1,02,03,37,171,41,07,53,169,36,,,,,,,,*75
$GQGSV,1,1,02,03,37,171,41,07,53,169,36,,,,,,,,*75
$GQGSV,1,1,02,03,37,171,40,07,53,169,35,,,,,,,,*77
$GQGSV,1,1,02,03,37,171,40,07,53,169,35,,,,,,,,*77
$GQGSV,1,1,02,03,37,171,40,07,53,169,35,,,,,,,,*77
$GQGSV,1,1,02,03,37,171,40,07,53,169,35,,,,,,,,*77
$GQGSV,1,1,02,03,37,171,40,07,53,169,35,,,,,,,,*77
$GQGSV,1,1,02,03,37,171,40,07,53,169,35,,,,,,,,*77
$GQGSV,1,1,02,03,37,171,40,07,53,169,35,,,,,,,,*77
$GQGSV,1,1,02,03,37,171,40,07,53,169,35,,,,,,,,*77
$GQGSV,1,1,02,03,37,171,40,07,53,169,35,,,,,,,,*77
$GQGSV,1,1,02,03,37,171,40,07,53,169,35,,,,,,,,*77
$GQGSV,1,1,02,03,37,171,37,07,53,169,35,,,,,,,,*77
$GQGSV,1,1,02,03,37,171,35,07,53,169,35,,,,,,,,*75
$GQGSV,1,1,02,03,37,171,34,07,53,169,35,,,,,,,,*74
$GQGSV,1,1,02,03,37,171,33,07,53,169,35,,,,,,,,*73
$GQGSV,1,1,02,03,37,171,33,07,53,169,35,,,,,,,,*73
$GQGSV,1,1,02,03,37,171,32,07,53,169,34,,,,,,,,*73
$GQGSV,1,1,02,03,37,171,32,07,53,169,34,,,,,,,,*73
$GQGSV,1,1,02,03,37,171,33,07,53,169,34,,,,,,,,*72
$GQGSV,1,1,02,03,37,171,33,07,53,169,34,,,,,,,,*72
$GQGSV,1,1,03,02,00,000,20,03,37,171,34,07,53,169,34,,,,*44
$GQGSV,1,1,03,02,00,000,21,03,37,171,35,07,53,169,35,,,,*45
$GQGSV,1,1,02,03,37,171,36,07,53,169,35,,,,,,,,*76
$GQGSV,1,1,02,03,37,171,36,07,53,169,36,,,,,,,,*75
$GQGSV,1,1,02,03,37,171,37,07,53,169,36,,,,,,,,*74
$GQGSV,1,1,02,03,37,171,38,07,53,169,36,,,,,,,,*7B
$GQGSV,1,1,02,03,37,171,38,07,53,169,36,,,,,,,,*7B
$GQGSV,1,1,02,03,37,171,38,07,53,169,36,,,,,,,,*7B
$GQGSV,1,1,02,03,37,171,38,07,53,169,36,,,,,,,,*7B
$GQGSV,1,1,02,03,37,171,38,07,53,169,36,,,,,,,,*7B
$GQGSV,1,1,02,03,37,171,39,07,53,169,36,,,,,,,,*7A
$GQGSV,1,1,02,03,37,171,39,07,53,169,35,,,,,,,,*79
$GQGSV,1,1,02,03,37,171,39,07,53,169,35,,,,,,,,*79
$GQGSV,1,1,02,03,37,171,39,07,53,169,35,,,,,,,,*79
$GQGSV,1,1,02,03,37,171,39,07,53,169,35,,,,,,,,*79
$GQGSV,1,1,02,03,37,171,39,07,53,169,35,,,,,,,,*79
$GQGSV,1,1,02,03,37,171,39,07,53,169,36,,,,,,,,*7A
$GQGSV,1,1,02,03,37,171,39,07,53,169,36,,,,,,,,*7A
$GQGSV,1,1,02,03,37,171,39,07,53,169,36,,,,,,,,*7A
$GQGSV,1,1,02,03,37,171,39,07,53,169,36,,,,,,,,*7A
$GQGSV,1,1,02,03,37,171,38,07,53,169,36,,,,,,,,*7B
$GQGSV,1,1,02,03,37,171,38,07,53,169,36,,,,,,,,*7B
$GQGSV,1,1,02,03,37,171,38,07,53,169,36,,,,,,,,*7B
$GQGSV,1,1,02,03,37,171,38,07,53,169,35,,,,,,,,*78
$GQGSV,1,1,02,03,37,171,38,07,53,169,34,,,,,,,,*79
$GQGSV,1,1,02,03,37,171,38,07,53,169,34,,,,,,,,*79
$GQGSV,1,1,02,03,37,171,38,07,53,169,33,,,,,,,,*7E
$GQGSV,1,1,02,03,37,171,38,07,53,169,33,,,,,,,,*7E
$GQGSV,1,1,02,03,37,171,38,07,53,169,33,,,,,,,,*7E
$GQGSV,1,1,02,03,37,171,38,07,53,169,33,,,,,,,,*7E
$GQGSV,1,1,02,03,37,171,37,07,53,169,33,,,,,,,,*71
$GQGSV,1,1,02,03,37,171,36,07,53,169,33,,,,,,,,*70
$GQGSV,1,1,02,03,37,171,36,07,53,169,33,,,,,,,,*70
$GQGSV,1,1,02,03,37,171,36,07,53,169,33,,,,,,,,*70
$GQGSV,1,1,02,03,37,171,36,07,53,169,33,,,,,,,,*70
$GQGSV,1,1,02,03,37,171,36,07,53,169,33,,,,,,,,*70
$GQGSV,1,1,02,03,37,171,36,07,53,169,33,,,,,,,,*70
$GQGSV,1,1,02,03,37,171,37,07,53,169,33,,,,,,,,*71
$GQGSV,1,1,02,03,37,171,37,07,53,169,34,,,,,,,,*76
$GQGSV,1,1,02,03,37,171,37,07,53,169,34,,,,,,,,*76
$GQGSV,1,1,02,03,37,171,36,07,53,169,35,,,,,,,,*76
$GQGSV,1,1,02,03,37,171,36,07,53,169,35,,,,,,,,*76
$GQGSV,1,1,02,03,37,171,36,07,53,169,35,,,,,,,,*76
$GQGSV,1,1,02,03,37,171,36,07,53,169,36,,,,,,,,*75
$GQGSV,1,1,02,03,37,171,37,07,53,169,36,,,,,,,,*74
$GQGSV,1,1,02,03,37,171,37,07,53,169,36,,,,,,,,*74
$GQGSV,1,1,02,03,37,171,38,07,53,169,37,,,,,,,,*7A
$GQGSV,1,1,02,03,37,171,38,07,53,169,37,,,,,,,,*7A
$GQGSV,1,1,02,03,37,171,38,07,53,169,37,,,,,,,,*7A
$GQGSV,1,1,02,03,37,171,38,07,53,169,37,,,,,,,,*7A
$GQGSV,1,1,02,03,37,171,38,07,53,169,37,,,,,,,,*7A
$GQGSV,1,1,02,03,37,171,39,07,53,169,37,,,,,,,,*7B
$GQGSV,1,1,02,03,37,171,39,07,53,169,36,,,,,,,,*7A
$GQGSV,1,1,02,03,37,171,39,07,53,169,34,,,,,,,,*78
$GQGSV,1,1,02,03,37,171,39,07,53,169,33,,,,,,,,*7F
$GQGSV,1,1,02,03,37,171,38,07,53,169,33,,,,,,,,*7E
$GQGSV,1,1,02,03,37,171,38,07,53,169,33,,,,,,,,*7E
$GQGSV,1,1,02,03,37,171,38,07,53,169,33,,,,,,,,*7E
$GQGSV,1,1,02,03,37,171,38,07,53,169,33,,,,,,,,*7E
$GQGSV,1,1,02,03,37,171,38,07,53,169,33,,,,,,,,*7E
$GQGSV,1,1,02,03,37,171,38,07,53,169,32,,,,,,,,*7F
$GQGSV,1,1,02,03,37,171,37,07,53,169,32,,,,,,,,*70
$GQGSV,1,1,02,03,37,171,35,07,53,169,32,,,,,,,,*72
$GQGSV,1,1,02,03,37,171,35,07,53,169,32,,,,,,,,*72
$GQGSV,1,1,02,03,37,171,35,07,53,169,33,,,,,,,,*73
$GQGSV,1,1,02,03,37,171,34,07,53,169,33,,,,,,,,*72
$GQGSV,1,1,02,03,37,171,35,07,53,169,33,,,,,,,,*73
$GQGSV,1,1,02,03,37,171,35,07,53,169,33,,,,,,,,*73
$GQGSV,1,1,02,03,37,171,35,07,53,169,33,,,,,,,,*73
$GQGSV,1,1,02,03,37,171,36,07,53,169,34,,,,,,,,*77
$GQGSV,1,1,02,03,37,171,37,07,53,169,34,,,,,,,,*76
$GQGSV,1,1,02,03,37,171,37,07,53,169,35,,,,,,,,*77
$GQGSV,1,1,02,03,37,171,37,07,53,169,35,,,,,,,,*77
$GQGSV,1,1,02,03,37,171,37,07,53,169,36,,,,,,,,*74
$GQGSV,1,1,02,03,37,171,37,07,53,169,36,,,,,,,,*74
$GQGSV,1,1,02,03,37,171,38,07,53,169,37,,,,,,,,*7A
$GQGSV,1,1,02,03,37,171,38,07,53,169,37,,,,,,,,*7A
$GQGSV,1,1,02,03,37,171,39,07,53,169,37,,,,,,,,*7B
$GQGSV,1,1,03,02,00,000,23,03,37,171,39,07,53,169,37,,,,*49
$GQGSV,1,1,03,02,00,000,20,03,37,171,39,07,53,169,37,,,,*4A
$GQGSV,1,1,03,02,00,000,19,03,37,171,39,07,53,169,38,,,,*4F
$GQGSV,1,1,03,02,00,000,19,03,37,171,39,07,53,169,38,,,,*4F
$GQGSV,1,1,03,02,00,000,19,03,37,171,40,07,53,169,38,,,,*41
$GQGSV,1,1,03,02,00,000,18,03,37,171,40,07,53,169,38,,,,*40
$GQGSV,1,1,03,02,00,000,21,03,37,171,40,07,53,169,39,,,,*4B
$GQGSV,1,1,03,02,00,000,22,03,37,171,40,07,53,169,39,,,,*48
$GQGSV,1,1,03,02,00,000,23,03,37,171,40,07,53,169,39,,,,*49
$GQGSV,1,1,03,02,00,000,24,03,37,171,40,07,53,169,39,,,,*4E
$GQGSV,1,1,03,02,00,000,24,03,37,171,40,07,53,169,39,,,,*4E
$GQGSV,1,1,03,02,00,000,24,03,37,171,40,07,53,169,39,,,,*4E
$GQGSV,1,1,03,02,00,000,23,03,37,171,40,07,53,169,39,,,,*49
$GQGSV,1,1,03,02,00,000,23,03,37,171,40,07,53,169,39,,,,*49
$GQGSV,1,1,03,02,00,000,23,03,37,171,40,07,53,169,38,,,,*48
$GQGSV,1,1,03,02,00,000,23,03,37,171,40,07,53,169,38,,,,*48
$GQGSV,1,1,03,02,00,000,22,03,37,171,40,07,53,169,38,,,,*49
$GQGSV,1,1,03,02,00,000,21,03,37,171,40,07,53,169,38,,,,*4A
$GQGSV,1,1,03,02,00,000,21,03,37,171,40,07,53,169,38,,,,*4A
$GQGSV,1,1,03,02,00,000,20,03,37,171,40,07,53,169,38,,,,*4B
$GQGSV,1,1,03,02,00,000,20,03,37,171,40,07,53,169,38,,,,*4B
$GQGSV,1,1,03,02,00,000,19,03,37,171,40,07,53,169,38,,,,*41
$GQGSV,1,1,03,02,00,000,19,03,37,171,40,07,53,169,38,,,,*41
$GQGSV,1,1,03,02,00,000,19,03,37,171,40,07,53,169,38,,,,*41
$GQGSV,1,1,03,02,00,000,19,03,37,171,40,07,53,169,38,,,,*41
$GQGSV,1,1,03,02,00,000,20,03,37,171,40,07,53,169,38,,,,*4B
$GQGSV,1,1,03,02,00,000,20,03,37,171,40,07,53,169,38,,,,*4B
$GQGSV,1,1,03,02,00,000,20,03,37,171,40,07,53,169,38,,,,*4B
$GQGSV,1,1,03,02,00,000,20,03,37,171,40,07,53,169,38,,,,*4B
$GQGSV,1,1,03,02,00,000,20,03,37,171,41,07,53,169,38,,,,*4A
$GQGSV,1,1,03,02,00,000,20,03,37,171,41,07,53,169,38,,,,*4A
$GQGSV,1,1,03,02,00,000,21,03,37,171,42,07,53,169,38,,,,*48
$GQGSV,1,1,03,02,00,000,22,03,37,171,42,07,53,169,38,,,,*4B
$GQGSV,1,1,03,02,00,000,22,03,37,171,42,07,53,169,38,,,,*4B
$GQGSV,1,1,03,02,00,000,23,03,37,171,42,07,53,169,38,,,,*4A
$GQGSV,1,1,03,02,00,000,24,03,37,171,43,07,53,169,38,,,,*4C
$GQGSV,1,1,03,02,00,000,24,03,37,171,43,07,53,169,38,,,,*4C
$GQGSV,1,1,03,02,00,000,25,03,37,171,43,07,53,169,38,,,,*4D
$GQGSV,1,1,03,02,00,000,24,03,37,171,43,07,53,169,38,,,,*4C
$GQGSV,1,1,03,02,00,000,24,03,37,171,43,07,53,169,38,,,,*4C
$GQGSV,1,1,03,02,00,000,24,03,37,171,43,07,53,169,38,,,,*4C
$GQGSV,1,1,03,02,00,000,24,03,37,171,43,07,53,169,38,,,,*4C
$GQGSV,1,1,03,02,00,000,23,03,37,171,43,07,53,169,38,,,,*4B
$GQGSV,1,1,03,02,00,000,23,03,37,171,43,07,53,169,38,,,,*4B
$GQGSV,1,1,03,02,00,000,24,03,37,171,43,07,53,169,38,,,,*4C
$GQGSV,1,1,03,02,00,000,24,03,37,171,43,07,53,169,38,,,,*4C
$GQGSV,1,1,03,02,00,000,25,03,37,171,42,07,53,169,38,,,,*4C
$GQGSV,1,1,03,02,00,000,25,03,37,171,42,07,53,169,38,,,,*4C
$GQGSV,1,1,03,02,00,000,25,03,37,171,42,07,53,169,38,,,,*4C
$GQGSV,1,1,03,02,00,000,25,03,37,171,42,07,53,169,37,,,,*43
$GQGSV,1,1,03,02,00,000,24,03,37,171,41,07,53,169,37,,,,*41
$GQGSV,1,1,03,02,00,000,23,03,37,171,41,07,53,169,37,,,,*46
$GQGSV,1,1,03,02,00,000,23,03,37,171,41,07,53,169,37,,,,*46
$GQGSV,1,1,03,02,00,000,22,03,37,171,41,07,53,169,37,,,,*47
$GQGSV,1,1,03,02,00,000,21,03,37,171,41,07,53,169,37,,,,*44
$GQGSV,1,1,03,02,00,000,21,03,37,171,41,07,53,169,37,,,,*44
$GQGSV,1,1,03,02,00,000,21,03,37,171,41,07,53,169,37,,,,*44
$GQGSV,1,1,03,02,00,000,21,03,37,171,41,07,53,169,37,,,,*44
$GQGSV,1,1,03,02,00,000,21,03,37,171,41,07,53,169,37,,,,*44
$GQGSV,1,1,03,02,00,000,22,03,37,171,41,07,53,169,37,,,,*47
$GQGSV,1,1,03,02,00,000,22,03,37,171,41,07,53,169,37,,,,*47
$GQGSV,1,1,03,02,00,000,22,03,37,171,41,07,53,169,37,,,,*47
$GQGSV,1,1,03,02,00,000,22,03,37,171,41,07,53,169,36,,,,*46
$GQGSV,1,1,03,02,00,000,23,03,37,171,41,07,53,169,36,,,,*47
$GQGSV,1,1,03,02,00,000,23,03,37,171,41,07,53,169,36,,,,*47
$GQGSV,1,1,03,02,00,000,22,03,37,171,41,07,53,169,35,,,,*45
$GQGSV,1,1,02,03,37,171,41,07,53,169,34,,,,,,,,*77
$GQGSV,1,1,02,03,37,171,41,07,53,169,33,,,,,,,,*70
$GQGSV,1,1,02,03,37,171,41,07,53,169,32,,,,,,,,*71
$GQGSV,1,1,02,03,37,171,41,07,53,169,32,,,,,,,,*71
$GQGSV,1,1,02,03,37,171,41,07,53,169,31,,,,,,,,*72
$GQGSV,1,1,02,03,37,171,41,07,53,169,32,,,,,,,,*71
$GQGSV,1,1,02,03,37,171,41,07,53,169,32,,,,,,,,*71
$GQGSV,1,1,02,03,37,171,41,07,53,169,32,,,,,,,,*71
$GQGSV,1,1,02,03,37,171,41,07,53,169,33,,,,,,,,*70
$GQGSV,1,1,02,03,37,171,41,07,53,169,33,,,,,,,,*70
$GQGSV,1,1,02,03,37,171,42,07,53,169,34,,,,,,,,*74
$GQGSV,1,1,02,03,37,171,42,07,53,169,34,,,,,,,,*74
$GQGSV,1,1,02,03,37,171,43,07,53,169,35,,,,,,,,*74
$GQGSV,1,1,02,03,37,171,43,07,53,169,35,,,,,,,,*74
$GQGSV,1,1,02,03,37,171,43,07,53,169,36,,,,,,,,*77
$GQGSV,1,1,02,03,37,171,43,07,53,169,36,,,,,,,,*77
$GQGSV,1,1,02,03,37,171,43,07,53,169,36,,,,,,,,*77
$GQGSV,1,1,02,03,37,171,43,07,53,169,37,,,,,,,,*76
$GQGSV,1,1,02,03,37,171,43,07,53,169,37,,,,,,,,*76
$GQGSV,1,1,02,03,37,171,43,07,53,169,37,,,,,,,,*76
$GQGSV,1,1,02,03,37,171,43,07,53,169,37,,,,,,,,*76
$GQGSV,1,1,02,03,37,171,43,07,53,169,37,,,,,,,,*76
$GQGSV,1,1,02,03,37,171,43,07,53,169,37,,,,,,,,*76
$GQGSV,1,1,02,03,37,171,43,07,53,169,37,,,,,,,,*76
$GQGSV,1,1,02,03,37,171,43,07,53,169,37,,,,,,,,*76
$GQGSV,1,1,02,03,37,171,43,07,53,169,37,,,,,,,,*76
$GQGSV,1,1,02,03,37,171,43,07,53,169,38,,,,,,,,*79
$GQGSV,1,1,02,03,37,171,43,07,53,169,38,,,,,,,,*79
$GQGSV,1,1,02,03,37,171,43,07,53,169,38,,,,,,,,*79
$GQGSV,1,1,02,03,37,171,43,07,53,169,38,,,,,,,,*79
$GQGSV,1,1,02,03,37,171,43,07,53,169,38,,,,,,,,*79
$GQGSV,1,1,02,03,37,171,43,07,53,169,38,,,,,,,,*79
$GQGSV,1,1,02,03,37,171,43,07,53,169,38,,,,,,,,*79
$GQGSV,1,1,02,03,37,171,43,07,53,169,38,,,,,,,,*79
$GQGSV,1,1,02,03,37,171,43,07,53,169,38,,,,,,,,*79
$GQGSV,1,1,02,03,37,171,43,07,53,169,38,,,,,,,,*79
$GQGSV,1,1,02,03,37,171,43,07,53,169,38,,,,,,,,*79
$GQGSV,1,1,02,03,37,171,43,07,53,169,38,,,,,,,,*79
$GQGSV,1,1,02,03,37,171,43,07,53,169,38,,,,,,,,*79
$GQGSV,1,1,02,03,37,171,43,07,53,169,38,,,,,,,,*79
$GQGSV,1,1,02,03,37,171,43,07,53,169,38,,,,,,,,*79
$GQGSV,1,1,03,02,00,000,29,03,37,171,43,07,53,169,38,,,,*41
$GQGSV,1,1,03,02,00,000,30,03,37,171,43,07,53,169,38,,,,*49
$GQGSV,1,1,03,02,00,000,29,03,37,171,43,07,53,169,38,,,,*41
$GQGSV,1,1,03,02,00,000,29,03,37,171,43,07,53,169,38,,,,*41
$GQGSV,1,1,03,02,00,000,28,03,37,171,43,07,53,169,38,,,,*40
$GQGSV,1,1,03,02,00,000,28,03,37,171,43,07,53,169,38,,,,*40
$GQGSV,1,1,03,02,00,000,29,03,37,171,43,07,53,169,38,,,,*41
$GQGSV,1,1,03,02,00,000,28,03,37,171,43,07,53,169,38,,,,*40
$GQGSV,1,1,03,02,00,000,27,03,37,171,43,07,53,169,38,,,,*4F
$GQGSV,1,1,03,02,00,000,27,03,37,171,43,07,53,169,38,,,,*4F
$GQGSV,1,1,03,02,00,000,27,03,37,171,43,07,53,169,38,,,,*4F
$GQGSV,1,1,03,02,00,000,27,03,37,171,43,07,53,169,38,,,,*4F
$GQGSV,1,1,03,02,00,000,27,03,37,171,43,07,53,169,38,,,,*4F
$GQGSV,1,1,03,02,00,000,27,03,37,171,43,07,53,169,38,,,,*4F
$GQGSV,1,1,03,02,00,000,27,03,37,171,43,07,53,169,38,,,,*4F
$GQGSV,1,1,03,02,00,000,26,03,37,171,43,07,53,169,38,,,,*4E
$GQGSV,1,1,03,02,00,000,26,03,37,171,43,07,53,169,38,,,,*4E
$GQGSV,1,1,03,02,00,000,25,03,37,171,43,07,53,169,38,,,,*4D
$GQGSV,1,1,03,02,00,000,25,03,37,171,43,07,53,169,38,,,,*4D
$GQGSV,1,1,03,02,00,000,25,03,37,171,43,07,53,169,38,,,,*4D
$GQGSV,1,1,03,02,00,000,25,03,37,171,43,07,53,169,38,,,,*4D
$GQGSV,1,1,03,02,00,000,26,03,37,171,43,07,53,169,38,,,,*4E
$GQGSV,1,1,03,02,00,000,26,03,37,171,43,07,53,169,38,,,,*4E
$GQGSV,1,1,03,02,00,000,27,03,37,171,43,07,53,169,38,,,,*4F
$GQGSV,1,1,03,02,00,000,27,03,37,171,43,07,53,169,38,,,,*4F
$GQGSV,1,1,03,02,00,000,28,03,37,171,43,07,53,169,38,,,,*40
$GQGSV,1,1,03,02,00,000,28,03,37,171,43,07,53,169,38,,,,*40
$GQGSV,1,1,03,02,00,000,28,03,37,171,43,07,53,169,38,,,,*40
$GQGSV,1,1,03,02,00,000,28,03,37,171,43,07,53,169,38,,,,*40
$GQGSV,1,1,03,02,00,000,28,03,37,171,43,07,53,169,38,,,,*40
$GQGSV,1,1,03,02,00,000,28,03,37,171,43,07,53,169,38,,,,*40
$GQGSV,1,1,03,02,00,000,29,03,37,171,43,07,53,169,38,,,,*41
$GQGSV,1,1,03,02,00,000,29,03,37,171,43,07,53,169,38,,,,*41
$GQGSV,1,1,03,02,00,000,29,03,37,171,43,07,53,169,38,,,,*41
$GQGSV,1,1,03,02,00,000,28,03,37,171,43,07,53,169,38,,,,*40
$GQGSV,1,1,03,02,00,000,28,03,37,171,43,07,53,169,38,,,,*40
$GQGSV,1,1,03,02,00,000,28,03,37,171,43,07,53,169,38,,,,*40
$GQGSV,1,1,03,02,00,000,27,03,37,171,43,07,53,169,38,,,,*4F
$GQGSV,1,1,03,02,00,000,27,03,37,171,43,07,53,169,38,,,,*4F
$GQGSV,1,1,03,02,00,000,27,03,37,171,43,07,53,169,38,,,,*4F
$GQGSV,1,1,03,02,00,000,26,03,37,171,43,07,53,169,38,,,,*4E
$GQGSV,1,1,03,02,00,000,25,03,37,171,43,07,53,169,38,,,,*4D
$GQGSV,1,1,03,02,00,000,25,03,37,171,43,07,53,169,38,,,,*4D
$GQGSV,1,1,03,02,00,000,25,03,37,171,43,07,53,169,38,,,,*4D
$GQGSV,1,1,03,02,00,000,25,03,37,171,43,07,53,169,38,,,,*4D
$GQGSV,1,1,03,02,00,000,25,03,37,171,43,07,53,169,38,,,,*4D
$GQGSV,1,1,03,02,00,000,25,03,37,171,43,07,53,169,38,,,,*4D
$GQGSV,1,1,03,02,00,000,25,03,37,171,43,07,53,169,38,,,,*4D
$GQGSV,1,1,03,02,00,000,25,03,37,171,43,07,53,169,38,,,,*4D
$GQGSV,1,1,03,02,00,000,26,03,37,171,43,07,53,169,38,,,,*4E
$GQGSV,1,1,03,02,00,000,26,03,37,171,43,07,53,169,38,,,,*4E
$GQGSV,1,1,03,02,00,000,26,03,37,171,43,07,53,169,38,,,,*4E
$GQGSV,1,1,03,02,00,000,26,03,37,171,43,07,53,169,38,,,,*4E
$GQGSV,1,1,03,02,00,000,25,03,37,171,43,07,53,169,38,,,,*4D
$GQGSV,1,1,03,02,00,000,25,03,37,171,43,07,53,169,38,,,,*4D
$GQGSV,1,1,03,02,00,000,25,03,37,171,42,07,53,169,38,,,,*4C
$GQGSV,1,1,03,02,00,000,25,03,37,171,42,07,53,169,38,,,,*4C
$GQGSV,1,1,03,02,00,000,24,03,37,171,42,07,53,169,38,,,,*4D
$GQGSV,1,1,03,02,00,000,23,03,37,171,42,07,53,169,38,,,,*4A
$GQGSV,1,1,03,02,00,000,23,03,37,171,42,07,53,169,38,,,,*4A
$GQGSV,1,1,03,02,00,000,23,03,37,171,42,07,53,169,38,,,,*4A
$GQGSV,1,1,03,02,00,000,23,03,37,171,42,07,53,169,38,,,,*4A
$GQGSV,1,1,03,02,00,000,23,03,37,171,42,07,53,169,38,,,,*4A
$GQGSV,1,1,03,02,00,000,23,03,37,171,42,07,53,169,38,,,,*4A
$GQGSV,1,1,03,02,00,000,23,03,37,171,42,07,53,169,38,,,,*4A
$GQGSV,1,1,03,02,00,000,23,03,37,171,42,07,53,169,38,,,,*4A
$GQGSV,1,1,03,02,00,000,24,03,37,171,42,07,53,169,38,,,,*4D
$GQGSV,1,1,03,02,00,000,24,03,37,171,42,07,53,169,38,,,,*4D
$GQGSV,1,1,03,02,00,000,24,03,37,171,42,07,53,169,38,,,,*4D
$GQGSV,1,1,03,02,00,000,33,03,37,171,42,07,53,169,38,,,,*4B
$GQGSV,1,1,03,02,00,000,33,03,37,171,42,07,53,169,38,,,,*4B
$GQGSV,1,1,03,02,00,000,33,03,37,171,42,07,53,169,38,,,,*4B
$GQGSV,1,1,03,02,00,000,33,03,37,171,42,07,53,169,38,,,,*4B
$GQGSV,1,1,03,02,00,000,33,03,37,171,42,07,53,169,38,,,,*4B
$GQGSV,1,1,03,02,00,000,23,03,37,171,42,07,53,169,38,,,,*4A
$GQGSV,1,1,03,02,00,000,23,03,37,171,42,07,53,169,38,,,,*4A
$GQGSV,1,1,03,02,00,000,33,03,37,171,42,07,53,169,38,,,,*4B
$GQGSV,1,1,03,02,00,000,33,03,37,171,42,07,53,169,38,,,,*4B
$GQGSV,1,1,03,02,00,000,33,03,37,171,42,07,53,169,38,,,,*4B
$GQGSV,1,1,03,02,00,000,33,03,37,171,42,07,53,169,38,,,,*4B
$GQGSV,1,1,03,02,00,000,32,03,37,171,42,07,53,169,38,,,,*4A
$GQGSV,1,1,03,02,00,000,32,03,37,171,42,07,53,169,38,,,,*4A
$GQGSV,1,1,03,02,00,000,32,03,37,171,42,07,53,169,38,,,,*4A
$GQGSV,1,1,03,02,00,000,31,03,37,171,42,07,53,169,38,,,,*49
$GQGSV,1,1,03,02,00,000,31,03,37,171,42,07,53,169,38,,,,*49
$GQGSV,1,1,03,02,00,000,31,03,37,171,42,07,53,169,38,,,,*49
$GQGSV,1,1,03,02,00,000,32,03,37,171,42,07,53,169,38,,,,*4A
$GQGSV,1,1,03,02,00,000,31,03,37,171,42,07,53,169,38,,,,*49
$GQGSV,1,1,03,02,00,000,31,03,37,171,42,07,53,169,38,,,,*49
$GQGSV,1,1,03,02,00,000,30,03,37,171,42,07,53,169,38,,,,*48
$GQGSV,1,1,03,02,00,000,31,03,37,171,42,07,53,169,38,,,,*49
$GQGSV,1,1,03,02,00,000,29,03,37,171,42,07,53,169,38,,,,*40
$GQGSV,1,1,03,02,00,000,28,03,37,171,42,07,53,169,38,,,,*41
$GQGSV,1,1,03,02,00,000,28,03,37,171,42,07,53,169,38,,,,*41
$GQGSV,1,1,03,02,00,000,27,03,37,171,42,07,53,169,38,,,,*4E
$GQGSV,1,1,03,02,00,000,26,03,37,171,42,07,53,169,38,,,,*4F
$GQGSV,1,1,03,02,00,000,32,03,37,171,42,07,53,169,38,,,,*4A
$GQGSV,1,1,03,02,00,000,32,03,37,171,42,07,53,169,38,,,,*4A
$GQGSV,1,1,03,02,00,000,32,03,37,171,42,07,53,169,38,,,,*4A
$GQGSV,1,1,03,02,00,000,32,03,37,171,42,07,53,169,38,,,,*4A
$GQGSV,1,1,03,02,00,000,32,03,37,171,42,07,53,169,38,,,,*4A
$GQGSV,1,1,03,02,00,000,31,03,37,171,42,07,53,169,38,,,,*49
$GQGSV,1,1,03,02,00,000,31,03,37,171,42,07,53,169,38,,,,*49
$GQGSV,1,1,03,02,00,000,22,03,37,171,42,07,53,169,38,,,,*4B
$GQGSV,1,1,03,02,00,000,23,03,37,171,42,07,53,169,38,,,,*4A
$GQGSV,1,1,03,02,00,000,23,03,37,171,42,07,53,169,38,,,,*4A
$GQGSV,1,1,03,02,00,000,24,03,37,171,42,07,53,169,38,,,,*4D
$GQGSV,1,1,03,02,00,000,24,03,37,171,43,07,53,169,38,,,,*4C
$GQGSV,1,1,03,02,00,000,24,03,37,171,43,07,53,169,38,,,,*4C
$GQGSV,1,1,03,02,00,000,23,03,37,171,43,07,53,169,38,,,,*4B
$GQGSV,1,1,03,02,00,000,23,03,37,171,43,07,53,169,38,,,,*4B
$GQGSV,1,1,03,02,00,000,23,03,37,171,43,07,53,169,38,,,,*4B
$GQGSV,1,1,03,02,00,000,22,03,37,171,43,07,53,169,38,,,,*4A
$GQGSV,1,1,03,02,00,000,22,03,37,171,43,07,53,169,38,,,,*4A
$GQGSV,1,1,03,02,00,000,22,03,37,171,43,07,53,169,38,,,,*4A
$GQGSV,1,1,03,02,00,000,21,03,37,171,43,07,53,169,38,,,,*49
$GQGSV,1,1,03,02,00,000,21,03,37,171,43,07,53,169,38,,,,*49
$GQGSV,1,1,03,02,00,000,26,03,37,171,43,07,53,169,38,,,,*4E
$GQGSV,1,1,03,02,00,000,26,03,37,171,43,07,53,169,38,,,,*4E
$GQGSV,1,1,03,02,00,000,25,03,37,171,43,07,53,169,38,,,,*4D
$GQGSV,1,1,03,02,00,000,25,03,37,171,43,07,53,169,37,,,,*42
$GQGSV,1,1,03,02,00,000,24,03,37,171,43,07,53,169,37,,,,*43
$GQGSV,1,1,03,02,00,000,23,03,37,171,43,07,53,169,37,,,,*44
$GQGSV,1,1,03,02,00,000,23,03,37,171,43,07,53,169,37,,,,*44
$GQGSV,1,1,03,02,00,000,22,03,37,171,43,07,53,169,38,,,,*4A
$GQGSV,1,1,03,02,00,000,23,03,37,171,43,07,53,169,38,,,,*4B
$GQGSV,1,1,03,02,00,000,23,03,37,171,43,07,53,169,38,,,,*4B
$GQGSV,1,1,03,02,00,000,23,03,37,171,43,07,53,169,38,,,,*4B
$GQGSV,1,1,03,02,00,000,22,03,37,171,43,07,53,169,38,,,,*4A
$GQGSV,1,1,03,02,00,000,23,03,37,171,43,07,53,169,38,,,,*4B
$GQGSV,1,1,03,02,00,000,23,03,37,171,43,07,53,169,38,,,,*4B
$GQGSV,1,1,03,02,00,000,23,03,37,171,43,07,53,169,38,,,,*4B
$GQGSV,1,1,03,02,00,000,23,03,37,171,43,07,53,169,39,,,,*4A
$GQGSV,1,1,03,02,00,000,24,03,37,171,43,07,53,169,39,,,,*4D
$GQGSV,1,1,03,02,00,000,25,03,37,171,43,07,53,169,39,,,,*4C
$GQGSV,1,1,03,02,00,000,25,03,37,171,43,07,53,169,39,,,,*4C
$GQGSV,1,1,03,02,00,000,24,03,37,171,43,07,53,169,40,,,,*43
$GQGSV,1,1,03,02,00,000,24,03,37,171,43,07,53,169,40,,,,*43
$GQGSV,1,1,03,02,00,000,23,03,37,171,43,07,53,169,39,,,,*4A
$GQGSV,1,1,03,02,00,000,23,03,37,171,43,07,53,169,39,,,,*4A
$GQGSV,1,1,03,02,00,000,23,03,37,171,43,07,53,169,39,,,,*4A
$GQGSV,1,1,03,02,00,000,23,03,37,171,43,07,53,169,39,,,,*4A
$GQGSV,1,1,03,02,00,000,23,03,37,171,43,07,53,169,39,,,,*4A
$GQGSV,1,1,03,02,00,000,23,03,37,171,43,07,53,169,39,,,,*4A
$GQGSV,1,1,03,02,00,000,23,03,37,171,43,07,53,169,39,,,,*4A
$GQGSV,1,1,03,02,00,000,22,03,37,171,43,07,53,169,39,,,,*4B
$GQGSV,1,1,03,02,00,000,22,03,37,171,43,07,53,169,39,,,,*4B
$GQGSV,1,1,03,02,00,000,22,03,37,171,43,07,53,169,38,,,,*4A
$GQGSV,1,1,03,02,00,000,22,03,37,171,43,07,53,169,38,,,,*4A
$GQGSV,1,1,03,02,00,000,22,03,37,171,43,07,53,169,38,,,,*4A
$GQGSV,1,1,03,02,00,000,22,03,37,171,43,07,53,169,38,,,,*4A
$GQGSV,1,1,03,02,00,000,21,03,37,171,43,07,53,169,38,,,,*49
$GQGSV,1,1,03,02,00,000,21,03,37,171,43,07,53,169,38,,,,*49
$GQGSV,1,1,03,02,00,000,20,03,37,171,43,07,53,169,38,,,,*48
$GQGSV,1,1,03,02,00,000,19,03,37,171,43,07,53,169,39,,,,*43
$GQGSV,1,1,03,02,00,000,19,03,37,171,43,07,53,169,39,,,,*43
$GQGSV,1,1,03,02,00,000,18,03,37,171,43,07,53,169,39,,,,*42
$GQGSV,1,1,02,03,37,171,43,07,53,169,39,,,,,,,,*78
$GQGSV,1,1,02,03,37,171,43,07,53,169,39,,,,,,,,*78
$GQGSV,1,1,02,03,37,171,43,07,53,169,39,,,,,,,,*78
$GQGSV,1,1,02,03,37,171,43,07,53,169,39,,,,,,,,*78
$GQGSV,1,1,02,03,37,171,43,07,53,169,39,,,,,,,,*78
$GQGSV,1,1,02,03,37,171,43,07,53,169,39,,,,,,,,*78
$GQGSV,1,1,02,03,37,171,43,07,53,169,39,,,,,,,,*78
$GQGSV,1,1,02,03,37,171,43,07,53,169,39,,,,,,,,*78
$GQGSV,1,1,02,03,37,171,43,07,53,169,39,,,,,,,,*78
$GQGSV,1,1,03,02,00,000,25,03,37,171,43,07,53,169,39,,,,*4C
$GQGSV,1,1,03,02,00,000,27,03,37,171,43,07,53,169,39,,,,*4E
$GQGSV,1,1,03,02,00,000,28,03,37,171,43,07,53,169,39,,,,*41
$GQGSV,1,1,03,02,00,000,28,03,37,171,43,07,53,169,39,,,,*41
$GQGSV,1,1,03,02,00,000,27,03,37,171,43,07,53,169,39,,,,*4E
$GQGSV,1,1,03,02,00,000,27,03,37,171,43,07,53,169,39,,,,*4E
$GQGSV,1,1,03,02,00,000,25,03,37,171,43,07,53,169,39,,,,*4C
$GQGSV,1,1,03,02,00,000,23,03,37,171,43,07,53,169,39,,,,*4A
$GQGSV,1,1,03,02,00,000,22,03,37,171,43,07,53,169,39,,,,*4B
$GQGSV,1,1,02,03,37,171,43,07,53,169,39,,,,,,,,*78
$GQGSV,1,1,02,03,37,171,43,07,53,169,39,,,,,,,,*78
$GQGSV,1,1,02,03,37,171,43,07,53,169,39,,,,,,,,*78
$GQGSV,1,1,02,03,37,171,43,07,53,169,39,,,,,,,,*78
$GQGSV,1,1,02,03,37,171,43,07,53,169,39,,,,,,,,*78
$GQGSV,1,1,02,03,37,171,43,07,53,169,39,,,,,,,,*78
$GQGSV,1,1,02,03,37,171,43,07,53,169,39,,,,,,,,*78
$GQGSV,1,1,02,03,37,171,43,07,53,169,39,,,,,,,,*78
$GQGSV,1,1,02,03,37,171,43,07,53,169,39,,,,,,,,*78
$GQGSV,1,1,02,03,37,171,43,07,53,169,39,,,,,,,,*78
$GQGSV,1,1,02,03,37,171,43,07,53,169,39,,,,,,,,*78
$GQGSV,1,1,02,03,37,171,43,07,53,169,39,,,,,,,,*78
$GQGSV,1,1,02,03,37,171,43,07,53,169,39,,,,,,,,*78
$GQGSV,1,1,02,03,37,171,43,07,53,169,39,,,,,,,,*78
$GQGSV,1,1,02,03,37,171,43,07,53,169,39,,,,,,,,*78
$GQGSV,1,1,02,03,37,171,43,07,53,169,39,,,,,,,,*78
$GQGSV,1,1,02,03,37,171,43,07,53,169,39,,,,,,,,*78
$GQGSV,1,1,02,03,37,171,43,07,53,169,39,,,,,,,,*78
$GQGSV,1,1,02,03,37,171,43,07,53,169,39,,,,,,,,*78
$GQGSV,1,1,02,03,37,171,43,07,53,169,39,,,,,,,,*78
$GQGSV,1,1,02,03,37,171,43,07,53,169,39,,,,,,,,*78
$GQGSV,1,1,02,03,37,171,43,07,53,169,39,,,,,,,,*78
$GQGSV,1,1,02,03,37,171,43,07,53,169,39,,,,,,,,*78
$GQGSV,1,1,02,03,37,171,43,07,53,169,39,,,,,,,,*78
$GQGSV,1,1,02,03,37,171,43,07,53,169,39,,,,,,,,*78
$GQGSV,1,1,03,02,00,000,15,03,37,171,43,07,53,169,39,,,,*4F
$GQGSV,1,1,03,02,00,000,14,03,37,171,43,07,53,169,39,,,,*4E
$GQGSV,1,1,03,02,00,000,14,03,37,171,43,07,53,169,39,,,,*4E
$GQGSV,1,1,03,02,00,000,15,03,37,171,43,07,53,169,39,,,,*4F
$GQGSV,1,1,02,03,37,171,43,07,53,169,39,,,,,,,,*78
$GQGSV,1,1,02,03,37,171,43,07,53,169,39,,,,,,,,*78
$GQGSV,1,1,02,03,37,171,43,07,53,169,39,,,,,,,,*78
$GQGSV,1,1,02,03,37,171,43,07,53,169,39,,,,,,,,*78
$GQGSV,1,1,02,03,37,171,43,07,53,169,39,,,,,,,,*78
$GQGSV,1,1,02,03,37,171,43,07,53,169,39,,,,,,,,*78
$GQGSV,1,1,02,03,37,171,43,07,53,169,39,,,,,,,,*78
$GQGSV,1,1,02,03,37,171,43,07,53,169,39,,,,,,,,*78
$GQGSV,1,1,02,03,37,171,43,07,53,169,39,,,,,,,,*78
$GQGSV,1,1,02,03,37,171,43,07,53,169,39,,,,,,,,*78
$GQGSV,1,1,02,03,37,171,43,07,53,169,39,,,,,,,,*78
$GQGSV,1,1,02,03,37,171,43,07,53,169,39,,,,,,,,*78
$GQGSV,1,1,02,03,37,171,43,07,53,169,39,,,,,,,,*78
$GQGSV,1,1,02,03,37,171,43,07,53,169,39,,,,,,,,*78
$GQGSV,1,1,02,03,37,171,43,07,53,169,39,,,,,,,,*78
$GQGSV,1,1,02,03,37,171,43,07,53,169,39,,,,,,,,*78
$GQGSV,1,1,02,03,37,171,43,07,53,169,39,,,,,,,,*78
$GQGSV,1,1,02,03,37,171,43,07,53,169,39,,,,,,,,*78
$GQGSV,1,1,02,03,37,171,43,07,53,169,39,,,,,,,,*78
$GQGSV,1,1,02,03,37,171,43,07,53,169,39,,,,,,,,*78
$GQGSV,1,1,02,03,37,171,43,07,53,169,39,,,,,,,,*78
$GQGSV,1,1,02,03,37,171,43,07,53,169,39,,,,,,,,*78
$GQGSV,1,1,02,03,37,171,43,07,53,169,39,,,,,,,,*78
$GQGSV,1,1,02,03,37,171,43,07,53,169,39,,,,,,,,*78
$GQGSV,1,1,02,03,37,171,43,07,53,169,39,,,,,,,,*78
$GQGSV,1,1,02,03,37,171,42,07,53,169,39,,,,,,,,*79
$GQGSV,1,1,02,03,37,171,42,07,53,169,39,,,,,,,,*79
$GQGSV,1,1,02,03,37,171,42,07,53,169,39,,,,,,,,*79
$GQGSV,1,1,02,03,37,171,42,07,53,169,39,,,,,,,,*79
$GQGSV,1,1,02,03,37,171,43,07,53,169,39,,,,,,,,*78
$GQGSV,1,1,02,03,37,171,43,07,53,169,39,,,,,,,,*78
$GQGSV,1,1,02,03,37,171,43,07,53,169,39,,,,,,,,*78
$GQGSV,1,1,02,03,37,171,42,07,53,169,39,,,,,,,,*79
$GQGSV,1,1,02,03,37,171,42,07,53,169,39,,,,,,,,*79
$GQGSV,1,1,02,03,37,171,42,07,53,169,39,,,,,,,,*79
$GQGSV,1,1,02,03,37,171,42,07,53,169,39,,,,,,,,*79
$GQGSV,1,1,02,03,37,171,42,07,53,169,39,,,,,,,,*79
$GQGSV,1,1,02,03,37,171,42,07,53,169,39,,,,,,,,*79
$GQGSV,1,1,02,03,37,171,42,07,53,169,39,,,,,,,,*79
$GQGSV,1,1,02,03,37,171,42,07,53,169,39,,,,,,,,*79
$GQGSV,1,1,02,03,37,171,42,07,53,169,39,,,,,,,,*79
$GQGSV,1,1,02,03,37,171,42,07,53,169,39,,,,,,,,*79
$GQGSV,1,1,02,03,37,171,42,07,53,169,39,,,,,,,,*79
$GQGSV,1,1,02,03,37,171,42,07,53,169,39,,,,,,,,*79
$GQGSV,1,1,02,03,37,171,42,07,53,169,39,,,,,,,,*79
$GQGSV,1,1,02,03,37,171,42,07,53,169,39,,,,,,,,*79
$GQGSV,1,1,02,03,37,171,42,07,53,169,39,,,,,,,,*79
$GQGSV,1,1,02,03,37,171,42,07,53,169,39,,,,,,,,*79
$GQGSV,1,1,02,03,37,171,42,07,53,169,39,,,,,,,,*79
$GQGSV,1,1,02,03,37,171,42,07,53,169,39,,,,,,,,*79
$GQGSV,1,1,02,03,37,171,42,07,53,169,39,,,,,,,,*79
$GQGSV,1,1,02,03,37,171,42,07,53,169,39,,,,,,,,*79
$GQGSV,1,1,02,03,37,171,42,07,53,169,39,,,,,,,,*79
$GQGSV,1,1,02,03,37,171,42,07,53,169,39,,,,,,,,*79
$GQGSV,1,1,02,03,37,171,42,07,53,169,39,,,,,,,,*79
$GQGSV,1,1,02,03,37,171,42,07,53,169,39,,,,,,,,*79
$GQGSV,1,1,02,03,37,171,42,07,53,169,39,,,,,,,,*79
$GQGSV,1,1,02,03,37,171,42,07,53,169,39,,,,,,,,*79
$GQGSV,1,1,02,03,37,171,42,07,53,169,39,,,,,,,,*79
$GQGSV,1,1,02,03,37,171,42,07,53,169,39,,,,,,,,*79
$GQGSV,1,1,02,03,37,171,42,07,53,169,39,,,,,,,,*79
$GQGSV,1,1,02,03,37,171,42,07,53,169,39,,,,,,,,*79
$GQGSV,1,1,02,03,37,171,42,07,53,169,39,,,,,,,,*79
$GQGSV,1,1,02,03,37,171,42,07,53,169,39,,,,,,,,*79
$GQGSV,1,1,02,03,37,171,42,07,53,169,39,,,,,,,,*79
$GQGSV,1,1,02,03,37,171,42,07,53,169,39,,,,,,,,*79
$GQGSV,1,1,02,03,37,171,42,07,53,169,39,,,,,,,,*79
$GQGSV,1,1,02,03,37,171,42,07,53,169,39,,,,,,,,*79
$GQGSV,1,1,02,03,37,171,42,07,53,169,39,,,,,,,,*79
$GQGSV,1,1,02,03,37,171,42,07,53,169,39,,,,,,,,*79
$GQGSV,1,1,02,03,37,171,42,07,53,169,39,,,,,,,,*79
$GQGSV,1,1,02,03,37,171,43,07,53,169,39,,,,,,,,*78
$GQGSV,1,1,02,03,37,171,43,07,53,169,39,,,,,,,,*78
$GQGSV,1,1,02,03,37,171,43,07,53,169,39,,,,,,,,*78
$GQGSV,1,1,02,03,37,171,43,07,53,169,39,,,,,,,,*78
$GQGSV,1,1,02,03,37,171,43,07,53,169,39,,,,,,,,*78
$GQGSV,1,1,02,03,37,171,43,07,53,169,39,,,,,,,,*78
$GQGSV,1,1,02,03,37,171,43,07,53,169,39,,,,,,,,*78
$GQGSV,1,1,02,03,37,171,43,07,53,169,39,,,,,,,,*78
$GQGSV,1,1,02,03,37,171,43,07,53,169,39,,,,,,,,*78
$GQGSV,1,1,02,03,37,171,43,07,53,169,39,,,,,,,,*78
$GQGSV,1,1,02,03,37,171,43,07,53,169,39,,,,,,,,*78
$GQGSV,1,1,02,03,37,171,43,07,53,169,39,,,,,,,,*78
$GQGSV,1,1,02,03,37,171,43,07,53,169,39,,,,,,,,*78
$GQGSV,1,1,02,03,37,171,43,07,53,169,39,,,,,,,,*78
$GQGSV,1,1,02,03,37,171,43,07,53,169,39,,,,,,,,*78
$GQGSV,1,1,02,03,37,171,43,07,53,169,39,,,,,,,,*78
$GQGSV,1,1,02,03,37,171,43,07,53,169,39,,,,,,,,*78
$GQGSV,1,1,02,03,37,171,43,07,53,169,39,,,,,,,,*78
$GQGSV,1,1,02,03,37,171,43,07,53,169,39,,,,,,,,*78
$GQGSV,1,1,02,03,37,171,43,07,53,169,39,,,,,,,,*78
$GQGSV,1,1,02,03,37,171,43,07,53,169,39,,,,,,,,*78
$GQGSV,1,1,02,03,37,171,43,07,53,169,39,,,,,,,,*78
$GQGSV,1,1,02,03,37,171,43,07,53,169,39,,,,,,,,*78
$GQGSV,1,1,02,03,37,171,43,07,53,169,39,,,,,,,,*78
$GQGSV,1,1,02,03,37,171,43,07,53,169,39,,,,,,,,*78
$GQGSV,1,1,02,03,37,171,43,07,53,169,39,,,,,,,,*78
$GQGSV,1,1,02,03,37,171,43,07,53,169,39,,,,,,,,*78
$GQGSV,1,1,02,03,37,171,43,07,53,169,39,,,,,,,,*78
$GQGSV,1,1,02,03,37,171,43,07,53,169,39,,,,,,,,*78
$GQGSV,1,1,02,03,37,171,43,07,53,169,39,,,,,,,,*78
$GQGSV,1,1,02,03,37,171,43,07,53,169,39,,,,,,,,*78
$GQGSV,1,1,02,03,37,171,43,07,53,169,39,,,,,,,,*78
$GQGSV,1,1,02,03,37,171,43,07,53,169,39,,,,,,,,*78
$GQGSV,1,1,02,03,37,171,43,07,53,169,39,,,,,,,,*78
$GQGSV,1,1,02,03,37,171,43,07,53,169,39,,,,,,,,*78
$GQGSV,1,1,02,03,37,171,43,07,53,169,39,,,,,,,,*78
$GQGSV,1,1,02,03,37,171,43,07,53,169,39,,,,,,,,*78
$GQGSV,1,1,02,03,37,171,43,07,53,169,39,,,,,,,,*78
$GQGSV,1,1,02,03,37,171,43,07,53,169,39,,,,,,,,*78
$GQGSV,1,1,02,03,37,171,43,07,53,169,39,,,,,,,,*78
$GQGSV,1,1,02,03,37,171,43,07,53,169,39,,,,,,,,*78
$GQGSV,1,1,02,03,37,171,43,07,53,169,39,,,,,,,,*78
$GQGSV,1,1,02,03,37,171,43,07,53,169,39,,,,,,,,*78
$GQGSV,1,1,02,03,37,171,43,07,53,169,39,,,,,,,,*78
$GQGSV,1,1,02,03,37,171,43,07,53,169,39,,,,,,,,*78
$GQGSV,1,1,02,03,37,171,43,07,53,169,39,,,,,,,,*78
$GQGSV,1,1,02,03,37,171,43,07,53,169,39,,,,,,,,*78
$GQGSV,1,1,02,03,37,171,43,07,53,169,39,,,,,,,,*78
$GQGSV,1,1,02,03,37,171,43,07,53,169,39,,,,,,,,*78
$GQGSV,1,1,02,03,37,171,43,07,53,169,39,,,,,,,,*78
$GQGSV,1,1,02,03,37,171,43,07,53,169,39,,,,,,,,*78
$GQGSV,1,1,02,03,37,171,43,07,53,169,39,,,,,,,,*78
$GQGSV,1,1,02,03,37,171,43,07,53,169,39,,,,,,,,*78
$GQGSV,1,1,02,03,37,171,43,07,53,169,39,,,,,,,,*78
$GQGSV,1,1,02,03,37,171,43,07,53,169,39,,,,,,,,*78
$GQGSV,1,1,02,03,37,171,43,07,53,169,39,,,,,,,,*78
$GQGSV,1,1,02,03,37,171,43,07,53,169,39,,,,,,,,*78
$GQGSV,1,1,02,03,37,171,43,07,53,169,39,,,,,,,,*78
$GQGSV,1,1,02,03,37,171,43,07,53,169,39,,,,,,,,*78
$GQGSV,1,1,02,03,37,171,43,07,53,169,39,,,,,,,,*78
$GQGSV,1,1,02,03,37,171,43,07,53,169,39,,,,,,,,*78
$GQGSV,1,1,02,03,37,171,43,07,53,169,39,,,,,,,,*78
$GQGSV,1,1,02,03,37,171,43,07,53,169,39,,,,,,,,*78
$GQGSV,1,1,02,03,37,171,43,07,53,169,39,,,,,,,,*78
$GQGSV,1,1,02,03,37,171,43,07,53,169,39,,,,,,,,*78
$GQGSV,1,1,02,03,37,171,43,07,53,169,39,,,,,,,,*78
$GQGSV,1,1,02,03,37,171,43,07,53,169,39,,,,,,,,*78
$GQGSV,1,1,02,03,37,171,43,07,53,169,39,,,,,,,,*78
$GQGSV,1,1,02,03,37,171,43,07,53,169,39,,,,,,,,*78
$GQGSV,1,1,02,03,37,171,43,07,53,169,39,,,,,,,,*78
$GQGSV,1,1,02,03,37,171,43,07,53,169,39,,,,,,,,*78
$GQGSV,1,1,02,03,37,171,43,07,53,169,39,,,,,,,,*78
$GQGSV,1,1,02,03,37,171,43,07,53,169,39,,,,,,,,*78
$GQGSV,1,1,02,03,37,171,43,07,53,169,39,,,,,,,,*78
$GQGSV,1,1,02,03,37,171,43,07,53,169,39,,,,,,,,*78
$GQGSV,1,1,02,03,37,171,43,07,53,169,39,,,,,,,,*78
$GQGSV,1,1,02,03,37,171,43,07,53,169,39,,,,,,,,*78
$GQGSV,1,1,02,03,37,171,43,07,53,169,39,,,,,,,,*78
$GQGSV,1,1,02,03,37,171,42,07,53,169,39,,,,,,,,*79
$GQGSV,1,1,02,03,37,171,42,07,53,169,39,,,,,,,,*79
$GQGSV,1,1,02,03,37,171,42,07,53,169,39,,,,,,,,*79
$GQGSV,1,1,02,03,37,171,42,07,53,169,39,,,,,,,,*79
$GQGSV,1,1,02,03,37,171,42,07,53,169,39,,,,,,,,*79
$GQGSV,1,1,02,03,37,171,42,07,53,169,39,,,,,,,,*79
$GQGSV,1,1,02,03,37,171,42,07,53,169,39,,,,,,,,*79
$GQGSV,1,1,02,03,37,171,40,07,53,169,39,,,,,,,,*7B
$GQGSV,1,1,02,03,37,171,37,07,53,169,39,,,,,,,,*7B
$GQGSV,1,1,02,03,37,171,35,07,53,169,39,,,,,,,,*79
$GQGSV,1,1,02,03,37,171,34,07,53,169,39,,,,,,,,*78
$GQGSV,1,1,02,03,37,171,33,07,53,169,39,,,,,,,,*7F
$GQGSV,1,1,02,03,37,171,33,07,53,169,39,,,,,,,,*7F
$GQGSV,1,1,02,03,37,171,32,07,53,169,39,,,,,,,,*7E
$GQGSV,1,1,02,03,37,171,32,07,53,169,39,,,,,,,,*7E
$GQGSV,1,1,02,03,37,171,31,07,53,169,39,,,,,,,,*7D
$GQGSV,1,1,02,03,37,171,32,07,53,169,39,,,,,,,,*7E
$GQGSV,1,1,02,03,37,171,32,07,53,169,39,,,,,,,,*7E
$GQGSV,1,1,03,02,00,000,22,03,37,171,33,07,53,169,39,,,,*4C
$GQGSV,1,1,03,02,00,000,21,03,37,171,34,07,53,169,39,,,,*48
$GQGSV,1,1,03,02,00,000,20,03,37,171,34,07,53,169,39,,,,*49
$GQGSV,1,1,02,03,37,171,35,07,53,169,39,,,,,,,,*79
$GQGSV,1,1,02,03,37,171,36,07,53,169,39,,,,,,,,*7A
$GQGSV,1,1,02,03,37,171,36,07,53,169,39,,,,,,,,*7A
$GQGSV,1,1,02,03,37,171,37,07,53,169,39,,,,,,,,*7B
$GQGSV,1,1,02,03,37,171,38,07,53,169,39,,,,,,,,*74
$GQGSV,1,1,02,03,37,171,39,07,53,169,39,,,,,,,,*75
$GQGSV,1,1,02,03,37,171,39,07,53,169,39,,,,,,,,*75
$GQGSV,1,1,02,03,37,171,40,07,53,169,38,,,,,,,,*7A
$GQGSV,1,1,02,03,37,171,41,07,53,169,38,,,,,,,,*7B
$GQGSV,1,1,02,03,37,171,41,07,53,169,38,,,,,,,,*7B
$GQGSV,1,1,02,03,37,171,42,07,53,169,38,,,,,,,,*78
$GQGSV,1,1,02,03,37,171,42,07,53,169,37,,,,,,,,*77
$GQGSV,1,1,02,03,37,171,43,07,53,169,37,,,,,,,,*76
$GQGSV,1,1,02,03,37,171,43,07,53,169,37,,,,,,,,*76
$GQGSV,1,1,02,03,37,171,43,07,53,169,37,,,,,,,,*76
$GQGSV,1,1,02,03,37,171,43,07,53,169,37,,,,,,,,*76
$GQGSV,1,1,02,03,37,171,43,07,53,169,37,,,,,,,,*76
$GQGSV,1,1,02,03,37,171,43,07,53,169,37,,,,,,,,*76
$GQGSV,1,1,02,03,37,171,43,07,53,169,37,,,,,,,,*76
$GQGSV,1,1,02,03,37,171,43,07,53,169,37,,,,,,,,*76
$GQGSV,1,1,02,03,37,171,43,07,53,169,37,,,,,,,,*76
$GQGSV,1,1,02,03,37,171,43,07,53,169,37,,,,,,,,*76
$GQGSV,1,1,02,03,37,171,43,07,53,169,37,,,,,,,,*76
$GQGSV,1,1,02,03,37,171,43,07,53,169,37,,,,,,,,*76
$GQGSV,1,1,02,03,37,171,43,07,53,169,37,,,,,,,,*76
$GQGSV,1,1,02,03,37,171,43,07,53,169,38,,,,,,,,*79
$GQGSV,1,1,02,03,37,171,43,07,53,169,38,,,,,,,,*79
$GQGSV,1,1,02,03,37,171,43,07,53,169,38,,,,,,,,*79
$GQGSV,1,1,02,03,37,171,43,07,53,169,38,,,,,,,,*79
$GQGSV,1,1,02,03,37,171,43,07,53,169,38,,,,,,,,*79
$GQGSV,1,1,02,03,37,171,43,07,53,169,38,,,,,,,,*79
$GQGSV,1,1,02,03,37,171,43,07,53,169,38,,,,,,,,*79
$GQGSV,1,1,02,03,37,171,43,07,53,169,38,,,,,,,,*79
$GQGSV,1,1,02,03,37,171,43,07,53,169,38,,,,,,,,*79
$GQGSV,1,1,02,03,37,171,43,07,53,169,38,,,,,,,,*79
$GQGSV,1,1,02,03,37,171,43,07,53,169,38,,,,,,,,*79
$GQGSV,1,1,02,03,37,171,43,07,53,169,38,,,,,,,,*79
$GQGSV,1,1,02,03,37,171,43,07,53,169,38,,,,,,,,*79
$GQGSV,1,1,02,03,37,171,43,07,53,169,38,,,,,,,,*79
$GQGSV,1,1,02,03,37,171,43,07,53,169,38,,,,,,,,*79
$GQGSV,1,1,02,03,37,171,43,07,53,169,38,,,,,,,,*79
$GQGSV,1,1,02,03,37,171,43,07,53,169,38,,,,,,,,*79
$GQGSV,1,1,02,03,37,171,43,07,53,169,38,,,,,,,,*79
$GQGSV,1,1,02,03,37,171,43,07,53,169,38,,,,,,,,*79
$GQGSV,1,1,02,03,37,171,43,07,53,169,38,,,,,,,,*79
$GQGSV,1,1,02,03,37,171,43,07,53,169,38,,,,,,,,*79
$GQGSV,1,1,02,03,37,171,43,07,53,169,38,,,,,,,,*79
$GQGSV,1,1,02,03,37,171,43,07,53,169,38,,,,,,,,*79
$GQGSV,1,1,02,03,37,171,43,07,53,169,39,,,,,,,,*78
$GQGSV,1,1,02,03,37,171,43,07,53,169,39,,,,,,,,*78
$GQGSV,1,1,02,03,37,171,43,07,53,169,39,,,,,,,,*78
$GQGSV,1,1,02,03,37,171,43,07,53,169,39,,,,,,,,*78
$GQGSV,1,1,02,03,37,171,43,07,53,169,39,,,,,,,,*78
$GQGSV,1,1,02,03,37,171,43,07,53,169,39,,,,,,,,*78
$GQGSV,1,1,02,03,37,171,43,07,53,169,39,,,,,,,,*78
$GQGSV,1,1,02,03,37,171,43,07,53,169,39,,,,,,,,*78
$GQGSV,1,1,02,03,37,171,43,07,53,169,39,,,,,,,,*78
$GQGSV,1,1,02,03,37,171,43,07,53,169,39,,,,,,,,*78
$GQGSV,1,1,02,03,37,171,43,07,53,169,39,,,,,,,,*78
$GQGSV,1,1,02,03,37,171,43,07,53,169,39,,,,,,,,*78
$GQGSV,1,1,02,03,37,171,43,07,53,169,39,,,,,,,,*78
$GQGSV,1,1,02,03,37,171,43,07,53,169,39,,,,,,,,*78
$GQGSV,1,1,02,03,37,171,43,07,53,169,39,,,,,,,,*78
$GQGSV,1,1,02,03,37,171,43,07,53,169,39,,,,,,,,*78
$GQGSV,1,1,02,03,37,171,43,07,53,169,39,,,,,,,,*78
$GQGSV,1,1,02,03,37,171,43,07,53,169,39,,,,,,,,*78
$GQGSV,1,1,02,03,37,171,43,07,53,169,39,,,,,,,,*78
$GQGSV,1,1,02,03,37,171,43,07,53,169,39,,,,,,,,*78
$GQGSV,1,1,02,03,37,171,43,07,53,169,39,,,,,,,,*78
$GQGSV,1,1,02,03,37,171,43,07,53,169,39,,,,,,,,*78
$GQGSV,1,1,02,03,37,171,43,07,53,169,39,,,,,,,,*78
$GQGSV,1,1,02,03,37,171,43,07,53,169,39,,,,,,,,*78
$GQGSV,1,1,02,03,37,171,43,07,53,169,39,,,,,,,,*78
$GQGSV,1,1,02,03,37,171,43,07,53,169,39,,,,,,,,*78
$GQGSV,1,1,02,03,37,171,43,07,53,169,38,,,,,,,,*79
$GQGSV,1,1,02,03,37,171,43,07,53,169,38,,,,,,,,*79
$GQGSV,1,1,02,03,37,171,43,07,53,169,38,,,,,,,,*79
$GQGSV,1,1,02,03,37,171,43,07,53,169,38,,,,,,,,*79
$GQGSV,1,1,02,03,37,171,43,07,53,169,38,,,,,,,,*79
$GQGSV,1,1,02,03,37,171,43,07,53,169,38,,,,,,,,*79
$GQGSV,1,1,02,03,37,171,43,07,53,169,38,,,,,,,,*79
$GQGSV,1,1,02,03,37,171,43,07,53,169,38,,,,,,,,*79
$GQGSV,1,1,02,03,37,171,43,07,53,169,38,,,,,,,,*79
$GQGSV,1,1,02,03,37,171,43,07,53,169,38,,,,,,,,*79
$GQGSV,1,1,02,03,37,171,43,07,53,169,38,,,,,,,,*79
$GQGSV,1,1,02,03,37,171,43,07,53,169,38,,,,,,,,*79
$GQGSV,1,1,02,03,37,171,43,07,53,169,38,,,,,,,,*79
$GQGSV,1,1,02,03,37,171,43,07,53,169,38,,,,,,,,*79
$GQGSV,1,1,02,03,37,171,43,07,53,169,38,,,,,,,,*79
$GQGSV,1,1,02,03,37,171,43,07,53,169,38,,,,,,,,*79
$GQGSV,1,1,02,03,37,171,43,07,53,169,38,,,,,,,,*79
$GQGSV,1,1,02,03,37,171,43,07,53,169,38,,,,,,,,*79
$GQGSV,1,1,02,03,37,171,43,07,53,169,38,,,,,,,,*79
$GQGSV,1,1,02,03,37,171,43,07,53,169,38,,,,,,,,*79
$GQGSV,1,1,02,03,37,171,43,07,53,169,39,,,,,,,,*78
$GQGSV,1,1,02,03,37,171,43,07,53,169,39,,,,,,,,*78
$GQGSV,1,1,02,03,37,171,43,07,53,169,39,,,,,,,,*78
$GQGSV,1,1,02,03,37,171,43,07,53,169,39,,,,,,,,*78
$GQGSV,1,1,02,03,37,171,43,07,53,169,39,,,,,,,,*78
$GQGSV,1,1,02,03,37,171,43,07,53,169,39,,,,,,,,*78
$GQGSV,1,1,02,03,37,171,43,07,53,169,39,,,,,,,,*78
$GQGSV,1,1,02,03,37,171,43,07,53,169,39,,,,,,,,*78
$GQGSV,1,1,02,03,37,171,43,07,53,169,39,,,,,,,,*78
$GQGSV,1,1,02,03,37,171,44,07,53,169,39,,,,,,,,*7F
$GQGSV,1,1,02,03,37,171,44,07,53,169,39,,,,,,,,*7F
$GQGSV,1,1,02,03,37,171,44,07,53,169,39,,,,,,,,*7F
$GQGSV,1,1,02,03,37,171,44,07,53,169,39,,,,,,,,*7F
$GQGSV,1,1,02,03,37,171,44,07,53,169,39,,,,,,,,*7F
$GQGSV,1,1,02,03,37,171,44,07,53,169,39,,,,,,,,*7F
$GQGSV,1,1,02,03,37,171,44,07,53,169,39,,,,,,,,*7F
$GQGSV,1,1,02,03,37,171,44,07,53,169,39,,,,,,,,*7F
$GQGSV,1,1,02,03,37,171,44,07,53,169,39,,,,,,,,*7F
$GQGSV,1,1,02,03,37,171,44,07,53,169,39,,,,,,,,*7F
$GQGSV,1,1,02,03,37,171,44,07,53,169,39,,,,,,,,*7F
$GQGSV,1,1,02,03,37,171,44,07,53,169,39,,,,,,,,*7F
$GQGSV,1,1,02,03,37,171,44,07,53,169,39,,,,,,,,*7F
$GQGSV,1,1,02,03,37,171,44,07,53,169,39,,,,,,,,*7F
$GQGSV,1,1,02,03,37,171,44,07,53,169,39,,,,,,,,*7F
$GQGSV,1,1,02,03,37,171,44,07,53,169,39,,,,,,,,*7F
$GQGSV,1,1,02,03,37,171,44,07,53,169,39,,,,,,,,*7F
$GQGSV,1,1,02,03,37,171,44,07,53,169,39,,,,,,,,*7F
$GQGSV,1,1,02,03,37,171,44,07,53,169,39,,,,,,,,*7F
$GQGSV,1,1,02,03,37,171,44,07,53,169,39,,,,,,,,*7F
$GQGSV,1,1,02,03,37,171,44,07,53,169,39,,,,,,,,*7F
$GQGSV,1,1,02,03,37,171,44,07,53,169,39,,,,,,,,*7F
$GQGSV,1,1,02,03,37,171,44,07,53,169,39,,,,,,,,*7F
$GQGSV,1,1,02,03,37,171,44,07,53,169,39,,,,,,,,*7F
$GQGSV,1,1,02,03,37,171,44,07,53,169,39,,,,,,,,*7F
$GQGSV,1,1,02,03,37,171,44,07,53,169,39,,,,,,,,*7F
$GQGSV,1,1,02,03,37,171,44,07,53,169,39,,,,,,,,*7F
$GQGSV,1,1,02,03,37,171,44,07,53,169,39,,,,,,,,*7F
$GQGSV,1,1,02,03,37,171,44,07,53,169,39,,,,,,,,*7F
$GQGSV,1,1,02,03,37,171,44,07,53,169,39,,,,,,,,*7F
$GQGSV,1,1,02,03,37,171,44,07,53,169,39,,,,,,,,*7F
$GQGSV,1,1,02,03,37,171,44,07,53,169,39,,,,,,,,*7F
$GQGSV,1,1,02,03,37,171,44,07,53,169,39,,,,,,,,*7F
$GQGSV,1,1,02,03,37,171,44,07,53,169,39,,,,,,,,*7F
$GQGSV,1,1,02,03,37,171,44,07,53,169,39,,,,,,,,*7F
$GQGSV,1,1,02,03,37,171,44,07,53,169,39,,,,,,,,*7F
$GQGSV,1,1,02,03,37,171,44,07,53,169,39,,,,,,,,*7F
$GQGSV,1,1,02,03,37,171,44,07,53,169,39,,,,,,,,*7F
$GQGSV,1,1,02,03,37,171,44,07,53,169,39,,,,,,,,*7F
$GQGSV,1,1,02,03,37,171,44,07,53,169,39,,,,,,,,*7F
$GQGSV,1,1,02,03,37,171,44,07,53,169,39,,,,,,,,*7F
$GQGSV,1,1,02,03,37,171,44,07,53,169,39,,,,,,,,*7F
$GQGSV,1,1,02,03,37,171,44,07,53,169,39,,,,,,,,*7F
$GQGSV,1,1,02,03,37,171,44,07,53,169,39,,,,,,,,*7F
$GQGSV,1,1,02,03,37,171,44,07,53,169,39,,,,,,,,*7F
$GQGSV,1,1,02,03,37,171,44,07,53,169,39,,,,,,,,*7F
$GQGSV,1,1,02,03,37,171,44,07,53,169,39,,,,,,,,*7F
$GQGSV,1,1,02,03,37,171,44,07,53,169,39,,,,,,,,*7F
$GQGSV,1,1,02,03,37,171,44,07,53,169,39,,,,,,,,*7F
$GQGSV,1,1,02,03,37,171,44,07,53,169,39,,,,,,,,*7F
$GQGSV,1,1,02,03,37,171,44,07,53,169,39,,,,,,,,*7F
$GQGSV,1,1,02,03,37,171,44,07,53,169,39,,,,,,,,*7F
$GQGSV,1,1,02,03,37,171,44,07,53,169,39,,,,,,,,*7F
$GQGSV,1,1,02,03,37,171,44,07,53,169,39,,,,,,,,*7F
$GQGSV,1,1,02,03,37,171,44,07,53,169,39,,,,,,,,*7F
$GQGSV,1,1,02,03,37,171,44,07,53,169,39,,,,,,,,*7F
$GQGSV,1,1,02,03,37,171,44,07,53,169,40,,,,,,,,*71
$GQGSV,1,1,02,03,37,171,45,07,53,169,40,,,,,,,,*70
$GQGSV,1,1,02,03,37,171,45,07,53,169,40,,,,,,,,*70
$GQGSV,1,1,02,03,37,171,45,07,53,169,40,,,,,,,,*70
$GQGSV,1,1,03,02,00,000,38,03,37,171,44,07,53,169,40,,,,*49
$GQGSV,1,1,03,02,00,000,41,03,37,171,44,07,53,169,39,,,,*49
$GQGSV,1,1,03,02,00,000,43,03,37,171,44,07,53,169,39,,,,*4B
$GQGSV,1,1,03,02,00,000,43,03,37,171,44,07,53,169,39,,,,*4B
$GQGSV,1,1,03,02,00,000,42,03,37,171,44,07,53,169,39,,,,*4A
$GQGSV,1,1,03,02,00,000,42,03,37,171,44,07,53,169,39,,,,*4A
$GQGSV,1,1,03,02,00,000,41,03,37,171,44,07,53,169,39,,,,*49
$GQGSV,1,1,03,02,17,147,41,03,37,171,44,07,53,169,39,,,,*4D
$GQGSV,1,1,03,02,17,147,41,03,37,171,44,07,53,169,39,,,,*4D
$GQGSV,1,1,03,02,17,147,41,03,37,171,44,07,53,169,39,,,,*4D
$GQGSV,1,1,03,02,17,147,41,03,37,171,44,07,53,169,39,,,,*4D
$GQGSV,1,1,03,02,17,147,41,03,37,171,44,07,53,169,39,,,,*4D
$GQGSV,1,1,03,02,17,147,41,03,37,171,44,07,53,169,39,,,,*4D
$GQGSV,1,1,03,02,17,147,41,03,37,171,44,07,53,169,39,,,,*4D
$GQGSV,1,1,03,02,17,147,41,03,37,171,44,07,53,169,39,,,,*4D
$GQGSV,1,1,03,02,17,147,40,03,37,171,44,07,53,169,39,,,,*4C
$GQGSV,1,1,03,02,17,147,40,03,37,171,44,07,53,169,39,,,,*4C
$GQGSV,1,1,03,02,17,147,39,03,37,171,43,07,53,169,39,,,,*45
$GQGSV,1,1,03,02,17,147,39,03,37,171,43,07,53,169,39,,,,*45
$GQGSV,1,1,03,02,17,147,39,03,37,171,43,07,53,169,39,,,,*45
$GQGSV,1,1,03,02,17,147,40,03,37,171,43,07,53,169,39,,,,*4B
$GQGSV,1,1,03,02,17,147,40,03,37,171,43,07,53,169,40,,,,*45
$GQGSV,1,1,03,02,17,147,40,03,37,171,43,07,53,169,40,,,,*45
$GQGSV,1,1,03,02,17,147,40,03,37,171,43,07,53,169,40,,,,*45
$GQGSV,1,1,03,02,17,147,40,03,37,171,43,07,53,169,40,,,,*45
$GQGSV,1,1,03,02,17,147,39,03,37,171,43,07,53,169,40,,,,*4B
$GQGSV,1,1,03,02,17,147,38,03,37,171,43,07,53,169,40,,,,*4A
$GQGSV,1,1,03,02,17,147,38,03,37,171,43,07,53,169,40,,,,*4A
$GQGSV,1,1,03,02,17,147,37,03,37,171,43,07,53,169,40,,,,*45
$GQGSV,1,1,03,02,17,147,36,03,37,171,43,07,53,169,40,,,,*44
$GQGSV,1,1,03,02,17,147,35,03,37,171,43,07,53,169,40,,,,*47
$GQGSV,1,1,03,02,17,147,34,03,37,171,43,07,53,169,39,,,,*48
$GQGSV,1,1,03,02,17,147,33,03,37,171,43,07,53,169,39,,,,*4F
$GQGSV,1,1,03,02,17,147,33,03,37,171,44,07,53,169,39,,,,*48
$GQGSV,1,1,03,02,17,147,33,03,37,171,44,07,53,169,39,,,,*48
$GQGSV,1,1,03,02,17,147,33,03,37,171,44,07,53,169,40,,,,*46
$GQGSV,1,1,03,02,17,147,34,03,37,171,44,07,53,169,40,,,,*41
$GQGSV,1,1,03,02,17,147,34,03,37,171,43,07,53,169,40,,,,*46
$GQGSV,1,1,03,02,17,147,34,03,37,171,43,07,53,169,40,,,,*46
$GQGSV,1,1,03,02,17,147,33,03,37,171,43,07,53,169,40,,,,*41
$GQGSV,1,1,03,02,17,147,32,03,37,171,43,07,53,169,40,,,,*40
$GQGSV,1,1,03,02,17,147,32,03,37,171,43,07,53,169,40,,,,*40
$GQGSV,1,1,03,02,17,147,32,03,37,171,43,07,53,169,40,,,,*40
$GQGSV,1,1,03,02,17,147,31,03,37,171,43,07,53,169,40,,,,*43
$GQGSV,1,1,03,02,17,147,31,03,37,171,43,07,53,169,40,,,,*43
$GQGSV,1,1,03,02,17,147,31,03,37,171,43,07,53,169,40,,,,*43
$GQGSV,1,1,03,02,17,147,32,03,37,171,43,07,53,169,40,,,,*40
$GQGSV,1,1,03,02,17,147,32,03,37,171,43,07,53,169,40,,,,*40
$GQGSV,1,1,03,02,17,147,32,03,37,171,43,07,53,169,40,,,,*40
$GQGSV,1,1,03,02,17,147,32,03,37,171,43,07,53,169,40,,,,*40
$GQGSV,1,1,03,02,17,147,32,03,37,171,43,07,53,169,40,,,,*40
$GQGSV,1,1,03,02,17,147,32,03,37,171,43,07,53,169,40,,,,*40
$GQGSV,1,1,03,02,17,147,33,03,37,171,43,07,53,169,39,,,,*4F
$GQGSV,1,1,03,02,17,147,33,03,37,171,43,07,53,169,39,,,,*4F
$GQGSV,1,1,03,02,17,147,33,03,37,171,43,07,53,169,39,,,,*4F
$GQGSV,1,1,03,02,17,147,33,03,37,171,43,07,53,169,39,,,,*4F
$GQGSV,1,1,03,02,17,147,33,03,37,171,43,07,53,169,39,,,,*4F
$GQGSV,1,1,03,02,17,147,33,03,37,171,43,07,53,169,39,,,,*4F
$GQGSV,1,1,03,02,17,147,33,03,37,171,43,07,53,169,39,,,,*4F
$GQGSV,1,1,03,02,17,147,32,03,37,171,43,07,53,169,39,,,,*4E
$GQGSV,1,1,03,02,17,147,32,03,37,171,43,07,53,169,39,,,,*4E
$GQGSV,1,1,03,02,17,147,30,03,37,171,43,07,53,169,39,,,,*4C
$GQGSV,1,1,03,02,17,147,29,03,37,171,43,07,53,169,39,,,,*44
$GQGSV,1,1,03,02,17,147,28,03,37,171,43,07,53,169,39,,,,*45
$GQGSV,1,1,03,02,17,147,28,03,37,171,43,07,53,169,39,,,,*45
$GQGSV,1,1,03,02,17,147,29,03,37,171,43,07,53,169,39,,,,*44
$GQGSV,1,1,03,02,17,147,29,03,37,171,43,07,53,169,39,,,,*44
$GQGSV,1,1,03,02,17,147,30,03,37,171,43,07,53,169,39,,,,*4C
$GQGSV,1,1,03,02,17,147,31,03,37,171,43,07,53,169,39,,,,*4D
$GQGSV,1,1,03,02,17,147,31,03,37,171,43,07,53,169,39,,,,*4D
$GQGSV,1,1,03,02,17,147,32,03,37,171,43,07,53,169,39,,,,*4E
$GQGSV,1,1,03,02,17,147,32,03,37,171,43,07,53,169,39,,,,*4E
$GQGSV,1,1,03,02,17,147,33,03,37,171,43,07,53,169,39,,,,*4F
$GQGSV,1,1,03,02,17,147,33,03,37,171,43,07,53,169,39,,,,*4F
$GQGSV,1,1,03,02,17,147,33,03,37,171,43,07,53,169,40,,,,*41
$GQGSV,1,1,03,02,17,147,34,03,37,171,43,07,53,169,40,,,,*46
$GQGSV,1,1,03,02,17,147,34,03,37,171,43,07,53,169,40,,,,*46
$GQGSV,1,1,03,02,17,147,35,03,37,171,43,07,53,169,40,,,,*47
$GQGSV,1,1,03,02,17,147,35,03,37,171,43,07,53,169,40,,,,*47
$GQGSV,1,1,03,02,17,147,36,03,37,171,43,07,53,169,40,,,,*44
$GQGSV,1,1,03,02,17,147,35,03,37,171,43,07,53,169,40,,,,*47
$GQGSV,1,1,03,02,17,147,34,03,37,171,43,07,53,169,40,,,,*46
$GQGSV,1,1,03,02,17,147,34,03,37,171,43,07,53,169,40,,,,*46
$GQGSV,1,1,03,02,17,147,34,03,37,171,43,07,53,169,40,,,,*46
$GQGSV,1,1,03,02,17,147,33,03,37,171,43,07,53,169,40,,,,*41
$GQGSV,1,1,03,02,17,147,32,03,37,171,43,07,53,169,40,,,,*40
$GQGSV,1,1,03,02,17,147,32,03,37,171,43,07,53,169,40,,,,*40
$GQGSV,1,1,03,02,17,147,31,03,37,171,43,07,53,169,40,,,,*43
$GQGSV,1,1,03,02,17,147,31,03,37,171,43,07,53,169,40,,,,*43
$GQGSV,1,1,03,02,17,147,31,03,37,171,43,07,53,169,40,,,,*43
$GQGSV,1,1,03,02,17,147,32,03,37,171,42,07,53,169,40,,,,*41
$GQGSV,1,1,03,02,17,147,32,03,37,171,42,07,53,169,40,,,,*41
$GQGSV,1,1,03,02,17,147,32,03,37,171,42,07,53,169,40,,,,*41
$GQGSV,1,1,03,02,17,147,32,03,37,171,42,07,53,169,40,,,,*41
$GQGSV,1,1,03,02,17,147,33,03,37,171,42,07,53,169,40,,,,*40
$GQGSV,1,1,03,02,17,147,33,03,37,171,42,07,53,169,40,,,,*40
$GQGSV,1,1,03,02,17,147,33,03,37,171,41,07,53,169,40,,,,*43
$GQGSV,1,1,03,02,17,147,33,03,37,171,40,07,53,169,40,,,,*42
$GQGSV,1,1,03,02,17,147,33,03,37,171,39,07,53,169,40,,,,*4C
$GQGSV,1,1,03,02,17,147,33,03,37,171,39,07,53,169,40,,,,*4C
$GQGSV,1,1,03,02,17,147,33,03,37,171,39,07,53,169,40,,,,*4C
$GQGSV,1,1,03,02,17,147,32,03,37,171,39,07,53,169,40,,,,*4D
$GQGSV,1,1,03,02,17,147,32,03,37,171,39,07,53,169,40,,,,*4D
$GQGSV,1,1,03,02,17,147,32,03,37,171,39,07,53,169,40,,,,*4D
$GQGSV,1,1,03,02,17,147,32,03,37,171,40,07,53,169,40,,,,*43
$GQGSV,1,1,03,02,17,147,32,03,37,171,40,07,53,169,40,,,,*43
$GQGSV,1,1,03,02,17,147,32,03,37,171,40,07,53,169,39,,,,*4D
$GQGSV,1,1,03,02,17,147,33,03,37,171,41,07,53,169,38,,,,*4C
$GQGSV,1,1,03,02,17,147,33,03,37,171,41,07,53,169,38,,,,*4C
$GQGSV,1,1,03,02,17,147,32,03,37,171,41,07,53,169,37,,,,*42
$GQGSV,1,1,03,02,17,147,32,03,37,171,41,07,53,169,37,,,,*42
$GQGSV,1,1,03,02,17,147,32,03,37,171,41,07,53,169,37,,,,*42
$GQGSV,1,1,03,02,17,147,32,03,37,171,40,07,53,169,37,,,,*43
$GQGSV,1,1,03,02,17,147,31,03,37,171,40,07,53,169,37,,,,*40
$GQGSV,1,1,03,02,17,147,31,03,37,171,40,07,53,169,37,,,,*40
$GQGSV,1,1,03,02,17,147,31,03,37,171,40,07,53,169,37,,,,*40
$GQGSV,1,1,03,02,17,147,31,03,37,171,40,07,53,169,38,,,,*4F
$GQGSV,1,1,03,02,17,147,30,03,37,171,40,07,53,169,38,,,,*4E
$GQGSV,1,1,03,02,17,147,30,03,37,171,39,07,53,169,38,,,,*40
$GQGSV,1,1,03,02,17,147,30,03,37,171,39,07,53,169,39,,,,*41
$GQGSV,1,1,03,02,17,147,30,03,37,171,39,07,53,169,39,,,,*41
$GQGSV,1,1,03,02,17,147,30,03,37,171,39,07,53,169,39,,,,*41
$GQGSV,1,1,03,02,17,147,30,03,37,171,39,07,53,169,39,,,,*41
$GQGSV,1,1,03,02,17,147,30,03,37,171,39,07,53,169,39,,,,*41
$GQGSV,1,1,03,02,17,147,30,03,37,171,39,07,53,169,39,,,,*41
$GQGSV,1,1,03,02,17,147,30,03,37,171,39,07,53,169,39,,,,*41
$GQGSV,1,1,03,02,17,147,29,03,37,171,39,07,53,169,39,,,,*49
$GQGSV,1,1,03,02,17,147,29,03,37,171,39,07,53,169,39,,,,*49
$GQGSV,1,1,03,02,17,147,29,03,37,171,39,07,53,169,39,,,,*49
$GQGSV,1,1,03,02,17,147,29,03,37,171,39,07,53,169,39,,,,*49
$GQGSV,1,1,03,02,17,147,28,03,37,171,39,07,53,169,39,,,,*48
$GQGSV,1,1,03,02,17,147,28,03,37,171,39,07,53,169,39,,,,*48
$GQGSV,1,1,03,02,17,147,28,03,37,171,39,07,53,169,39,,,,*48
$GQGSV,1,1,03,02,17,147,28,03,37,171,40,07,53,169,39,,,,*46
$GQGSV,1,1,03,02,17,147,28,03,37,171,40,07,53,169,39,,,,*46
$GQGSV,1,1,03,02,17,147,28,03,37,171,40,07,53,169,39,,,,*46
$GQGSV,1,1,03,02,17,147,28,03,37,171,40,07,53,169,39,,,,*46
$GQGSV,1,1,03,02,17,147,27,03,37,171,39,07,53,169,39,,,,*47
$GQGSV,1,1,03,02,17,147,27,03,37,171,39,07,53,169,39,,,,*47
$GQGSV,1,1,03,02,00,000,27,03,37,171,39,07,53,169,39,,,,*43
$GQGSV,1,1,03,02,00,000,27,03,37,171,39,07,53,169,39,,,,*43
$GQGSV,1,1,03,02,17,147,27,03,37,171,39,07,53,169,39,,,,*47
$GQGSV,1,1,03,02,17,147,27,03,37,171,39,07,53,169,39,,,,*47
$GQGSV,1,1,03,02,00,000,27,03,37,171,39,07,53,169,39,,,,*43
$GQGSV,1,1,03,02,00,000,27,03,37,171,39,07,53,169,39,,,,*43
$GQGSV,1,1,03,02,00,000,27,03,37,171,39,07,53,169,39,,,,*43
$GQGSV,1,1,03,02,17,147,27,03,37,171,39,07,53,169,39,,,,*47
$GQGSV,1,1,03,02,17,147,27,03,37,171,39,07,53,169,39,,,,*47
$GQGSV,1,1,03,02,17,147,27,03,37,171,38,07,53,169,39,,,,*46
$GQGSV,1,1,03,02,00,000,27,03,37,171,38,07,53,169,39,,,,*42
$GQGSV,1,1,03,02,00,000,27,03,37,171,38,07,53,169,39,,,,*42
$GQGSV,1,1,03,02,00,000,27,03,37,171,38,07,53,169,39,,,,*42
$GQGSV,1,1,03,02,00,000,27,03,37,171,38,07,53,169,39,,,,*42
$GQGSV,1,1,03,02,00,000,27,03,37,171,38,07,53,169,39,,,,*42
$GQGSV,1,1,03,02,00,000,26,03,37,171,38,07,53,169,39,,,,*43
$GQGSV,1,1,03,02,00,000,26,03,37,171,39,07,53,169,39,,,,*42
$GQGSV,1,1,03,02,00,000,26,03,37,171,39,07,53,169,39,,,,*42
$GQGSV,1,1,03,02,00,000,26,03,37,171,39,07,53,169,39,,,,*42
$GQGSV,1,1,03,02,00,000,26,03,37,171,39,07,53,169,39,,,,*42
$GQGSV,1,1,03,02,00,000,26,03,37,171,39,07,53,169,39,,,,*42
$GQGSV,1,1,03,02,00,000,26,03,37,171,39,07,53,169,39,,,,*42
$GQGSV,1,1,03,02,00,000,26,03,37,171,39,07,53,169,39,,,,*42
$GQGSV,1,1,03,02,00,000,26,03,37,171,39,07,53,169,39,,,,*42
$GQGSV,1,1,03,02,00,000,26,03,37,171,39,07,53,169,39,,,,*42
$GQGSV,1,1,03,02,00,000,26,03,36,171,39,07,53,169,39,,,,*43
$GQGSV,1,1,03,02,00,000,26,03,36,171,39,07,53,169,39,,,,*43
$GQGSV,1,1,03,02,00,000,26,03,36,171,39,07,53,169,39,,,,*43
$GQGSV,1,1,03,02,00,000,25,03,36,171,39,07,53,169,39,,,,*40
$GQGSV,1,1,03,02,00,000,25,03,36,171,39,07,53,169,39,,,,*40
$GQGSV,1,1,03,02,00,000,25,03,36,171,39,07,53,169,39,,,,*40
$GQGSV,1,1,03,02,00,000,25,03,36,171,39,07,53,169,39,,,,*40
$GQGSV,1,1,03,02,00,000,26,03,36,171,39,07,53,169,39,,,,*43
$GQGSV,1,1,03,02,00,000,26,03,36,171,39,07,53,169,39,,,,*43
$GQGSV,1,1,03,02,00,000,25,03,36,171,39,07,53,169,39,,,,*40
$GQGSV,1,1,03,02,00,000,25,03,36,171,40,07,53,169,39,,,,*4E
$GQGSV,1,1,03,02,00,000,25,03,36,171,40,07,53,169,39,,,,*4E
$GQGSV,1,1,03,02,00,000,25,03,36,171,40,07,53,169,39,,,,*4E
$GQGSV,1,1,03,02,00,000,26,03,36,171,40,07,53,169,39,,,,*4D
$GQGSV,1,1,03,02,00,000,27,03,36,171,40,07,53,169,39,,,,*4C
$GQGSV,1,1,03,02,00,000,27,03,36,171,40,07,53,169,39,,,,*4C
$GQGSV,1,1,03,02,00,000,27,03,36,171,40,07,53,169,39,,,,*4C
$GQGSV,1,1,03,02,00,000,27,03,36,171,40,07,53,169,39,,,,*4C
$GQGSV,1,1,03,02,00,000,27,03,36,171,41,07,53,169,39,,,,*4D
$GQGSV,1,1,03,02,00,000,27,03,36,171,41,07,53,169,39,,,,*4D
$GQGSV,1,1,03,02,00,000,27,03,36,171,42,07,53,169,39,,,,*4E
$GQGSV,1,1,03,02,00,000,27,03,36,171,42,07,53,169,39,,,,*4E
$GQGSV,1,1,03,02,00,000,27,03,36,171,42,07,53,169,39,,,,*4E
$GQGSV,1,1,03,02,00,000,26,03,36,171,42,07,53,169,39,,,,*4F
$GQGSV,1,1,03,02,00,000,26,03,36,171,42,07,53,169,39,,,,*4F
$GQGSV,1,1,03,02,00,000,26,03,36,171,42,07,53,169,39,,,,*4F
$GQGSV,1,1,03,02,00,000,26,03,36,171,42,07,53,169,39,,,,*4F
$GQGSV,1,1,03,02,00,000,26,03,36,171,42,07,53,169,39,,,,*4F
$GQGSV,1,1,03,02,00,000,26,03,36,171,42,07,53,169,39,,,,*4F
$GQGSV,1,1,03,02,00,000,26,03,36,171,42,07,53,169,39,,,,*4F
$GQGSV,1,1,03,02,00,000,26,03,36,171,42,07,53,169,40,,,,*41
$GQGSV,1,1,03,02,00,000,26,03,36,171,42,07,53,169,40,,,,*41
$GQGSV,1,1,03,02,00,000,26,03,36,171,42,07,53,169,40,,,,*41
$GQGSV,1,1,03,02,00,000,25,03,36,171,43,07,53,169,40,,,,*43
$GQGSV,1,1,03,02,00,000,25,03,36,171,43,07,53,169,40,,,,*43
$GQGSV,1,1,03,02,00,000,24,03,36,171,43,07,53,169,40,,,,*42
$GQGSV,1,1,03,02,00,000,24,03,36,171,43,07,53,169,40,,,,*42
$GQGSV,1,1,03,02,00,000,24,03,36,171,43,07,53,169,40,,,,*42
$GQGSV,1,1,03,02,00,000,24,03,36,171,43,07,53,169,40,,,,*42
$GQGSV,1,1,03,02,00,000,24,03,36,171,43,07,53,169,40,,,,*42
$GQGSV,1,1,03,02,00,000,24,03,36,171,43,07,53,169,40,,,,*42
$GQGSV,1,1,03,02,00,000,24,03,36,171,43,07,53,169,40,,,,*42
$GQGSV,1,1,03,02,00,000,24,03,36,171,43,07,53,169,40,,,,*42
$GQGSV,1,1,03,02,00,000,24,03,36,171,43,07,53,169,40,,,,*42
$GQGSV,1,1,03,02,00,000,24,03,36,171,43,07,53,169,40,,,,*42
$GQGSV,1,1,03,02,00,000,25,03,36,171,43,07,53,169,40,,,,*43
$GQGSV,1,1,03,02,00,000,25,03,36,171,43,07,53,169,39,,,,*4D
$GQGSV,1,1,03,02,00,000,25,03,36,171,43,07,53,169,40,,,,*43
$GQGSV,1,1,02,03,36,171,43,07,53,169,40,,,,,,,,*77
$GQGSV,1,1,02,03,36,171,43,07,53,169,40,,,,,,,,*77
$GQGSV,1,1,02,03,36,171,43,07,53,169,40,,,,,,,,*77
$GQGSV,1,1,02,03,36,171,43,07,53,169,40,,,,,,,,*77
$GQGSV,1,1,02,03,36,171,43,07,53,169,40,,,,,,,,*77
$GQGSV,1,1,02,03,36,171,43,07,53,169,40,,,,,,,,*77
$GQGSV,1,1,03,02,00,000,23,03,36,171,43,07,53,169,40,,,,*45
$GQGSV,1,1,03,02,00,000,21,03,36,171,42,07,53,169,40,,,,*46
$GQGSV,1,1,03,02,00,000,22,03,36,171,42,07,53,169,40,,,,*45
$GQGSV,1,1,03,02,00,000,24,03,36,171,42,07,53,169,40,,,,*43
$GQGSV,1,1,03,02,00,000,24,03,36,171,42,07,53,169,40,,,,*43
$GQGSV,1,1,03,02,00,000,24,03,36,171,42,07,53,169,40,,,,*43
$GQGSV,1,1,03,02,00,000,23,03,36,171,42,07,53,169,40,,,,*44
$GQGSV,1,1,03,02,00,000,22,03,36,171,42,07,53,169,40,,,,*45
$GQGSV,1,1,03,02,00,000,21,03,36,171,42,07,53,169,40,,,,*46
$GQGSV,1,1,03,02,00,000,21,03,36,171,42,07,53,169,40,,,,*46
$GQGSV,1,1,03,02,00,000,22,03,36,171,42,07,53,169,40,,,,*45
$GQGSV,1,1,03,02,00,000,23,03,36,171,42,07,53,169,40,,,,*44
$GQGSV,1,1,03,02,00,000,23,03,36,171,42,07,53,169,40,,,,*44
$GQGSV,1,1,03,02,00,000,24,03,36,171,42,07,53,169,40,,,,*43
$GQGSV,1,1,03,02,00,000,24,03,36,171,42,07,53,169,40,,,,*43
$GQGSV,1,1,03,02,00,000,25,03,36,171,42,07,53,169,40,,,,*42
$GQGSV,1,1,03,02,00,000,25,03,36,171,42,07,53,169,40,,,,*42
$GQGSV,1,1,03,02,00,000,25,03,36,171,42,07,53,169,40,,,,*42
$GQGSV,1,1,03,02,00,000,26,03,36,171,42,07,53,169,40,,,,*41
$GQGSV,1,1,03,02,00,000,26,03,36,171,42,07,53,169,40,,,,*41
$GQGSV,1,1,03,02,00,000,26,03,36,171,42,07,53,169,40,,,,*41
$GQGSV,1,1,03,02,00,000,26,03,36,171,42,07,53,169,40,,,,*41
$GQGSV,1,1,03,02,00,000,26,03,36,171,42,07,53,169,40,,,,*41
$GQGSV,1,1,03,02,00,000,26,03,36,171,42,07,53,169,40,,,,*41
$GQGSV,1,1,03,02,00,000,26,03,36,171,42,07,53,169,40,,,,*41
$GQGSV,1,1,03,02,00,000,26,03,36,171,42,07,53,169,40,,,,*41
$GQGSV,1,1,03,02,00,000,25,03,36,171,42,07,53,169,40,,,,*42
$GQGSV,1,1,02,03,36,171,42,07,53,169,40,,,,,,,,*76
$GQGSV,1,1,02,03,36,171,43,07,53,169,40,,,,,,,,*77
$GQGSV,1,1,02,03,36,171,43,07,53,169,40,,,,,,,,*77
$GQGSV,1,1,02,03,36,171,43,07,53,169,40,,,,,,,,*77
$GQGSV,1,1,02,03,36,171,43,07,53,169,40,,,,,,,,*77
$GQGSV,1,1,02,03,36,171,43,07,53,169,40,,,,,,,,*77
$GQGSV,1,1,03,02,00,000,21,03,36,171,43,07,53,169,40,,,,*47
$GQGSV,1,1,03,02,00,000,20,03,36,171,43,07,53,169,40,,,,*46
$GQGSV,1,1,03,02,00,000,21,03,36,171,43,07,53,169,40,,,,*47
$GQGSV,1,1,03,02,00,000,22,03,36,171,43,07,53,169,40,,,,*44
$GQGSV,1,1,03,02,00,000,22,03,36,171,43,07,53,169,40,,,,*44
$GQGSV,1,1,03,02,00,000,23,03,36,171,43,07,53,169,40,,,,*45
$GQGSV,1,1,03,02,00,000,25,03,36,171,43,07,53,169,40,,,,*43
$GQGSV,1,1,03,02,00,000,24,03,36,171,43,07,53,169,40,,,,*42
$GQGSV,1,1,03,02,00,000,23,03,36,171,43,07,53,169,40,,,,*45
$GQGSV,1,1,03,02,00,000,23,03,36,171,43,07,53,169,40,,,,*45
$GQGSV,1,1,03,02,00,000,23,03,36,171,43,07,53,169,40,,,,*45
$GQGSV,1,1,03,02,00,000,23,03,36,171,43,07,53,169,40,,,,*45
$GQGSV,1,1,03,02,00,000,23,03,36,171,43,07,53,169,39,,,,*4B
$GQGSV,1,1,03,02,00,000,24,03,36,171,43,07,53,169,39,,,,*4C
$GQGSV,1,1,03,02,00,000,24,03,36,171,43,07,53,169,39,,,,*4C
$GQGSV,1,1,03,02,00,000,25,03,36,171,43,07,53,169,39,,,,*4D
$GQGSV,1,1,03,02,00,000,25,03,36,171,43,07,53,169,39,,,,*4D
$GQGSV,1,1,03,02,00,000,25,03,36,171,43,07,53,169,39,,,,*4D
$GQGSV,1,1,03,02,00,000,26,03,36,171,43,07,53,169,39,,,,*4E
$GQGSV,1,1,03,02,00,000,25,03,36,171,42,07,53,169,39,,,,*4C
$GQGSV,1,1,03,02,00,000,25,03,36,171,42,07,53,169,40,,,,*42
$GQGSV,1,1,03,02,00,000,25,03,36,171,42,07,53,169,40,,,,*42
$GQGSV,1,1,03,02,00,000,25,03,36,171,42,07,53,169,40,,,,*42
$GQGSV,1,1,03,02,00,000,25,03,36,171,41,07,53,169,40,,,,*41
$GQGSV,1,1,03,02,00,000,25,03,36,171,41,07,53,169,40,,,,*41
$GQGSV,1,1,03,02,00,000,24,03,36,171,41,07,53,169,40,,,,*40
$GQGSV,1,1,02,03,36,171,40,07,53,169,40,,,,,,,,*74
$GQGSV,1,1,02,03,36,171,40,07,53,169,40,,,,,,,,*74
$GQGSV,1,1,02,03,36,171,40,07,53,169,40,,,,,,,,*74
$GQGSV,1,1,02,03,36,171,38,07,53,169,40,,,,,,,,*7B
$GQGSV,1,1,02,03,36,171,36,07,53,169,40,,,,,,,,*75
$GQGSV,1,1,02,03,36,171,34,07,53,169,40,,,,,,,,*77
$GQGSV,1,1,02,03,36,171,34,07,53,169,40,,,,,,,,*77
$GQGSV,1,1,02,03,36,171,34,07,53,169,40,,,,,,,,*77
$GQGSV,1,1,02,03,36,171,34,07,53,169,40,,,,,,,,*77
$GQGSV,1,1,02,03,36,171,34,07,53,169,40,,,,,,,,*77
$GQGSV,1,1,02,03,36,171,34,07,53,169,40,,,,,,,,*77
$GQGSV,1,1,02,03,36,171,34,07,53,169,40,,,,,,,,*77
$GQGSV,1,1,02,03,36,171,33,07,53,169,40,,,,,,,,*70
$GQGSV,1,1,02,03,36,171,33,07,53,169,40,,,,,,,,*70
$GQGSV,1,1,03,02,00,000,25,03,36,171,32,07,53,169,40,,,,*45
$GQGSV,1,1,03,02,00,000,23,03,36,171,32,07,53,169,40,,,,*43
$GQGSV,1,1,03,02,00,000,24,03,36,171,31,07,53,169,40,,,,*47
$GQGSV,1,1,03,02,00,000,25,03,36,171,31,07,53,169,40,,,,*46
$GQGSV,1,1,03,02,00,000,26,03,36,171,32,07,53,169,40,,,,*46
$GQGSV,1,1,03,02,00,000,27,03,36,171,32,07,53,169,40,,,,*47
$GQGSV,1,1,03,02,17,147,28,03,36,171,32,07,53,169,40,,,,*4C
$GQGSV,1,1,03,02,17,147,30,03,36,171,32,07,53,169,40,,,,*45
$GQGSV,1,1,03,02,17,146,31,03,36,171,32,07,53,169,40,,,,*45
$GQGSV,1,1,03,02,17,146,32,03,36,171,32,07,53,169,41,,,,*47
$GQGSV,1,1,03,02,17,146,32,03,36,171,32,07,53,169,41,,,,*47
$GQGSV,1,1,03,02,17,146,32,03,36,171,32,07,53,169,41,,,,*47
$GQGSV,1,1,03,02,17,146,32,03,36,171,32,07,53,169,41,,,,*47
$GQGSV,1,1,03,02,17,146,33,03,36,171,32,07,53,169,41,,,,*46
$GQGSV,1,1,03,02,17,146,33,03,36,171,33,07,53,169,42,,,,*44
$GQGSV,1,1,03,02,17,146,33,03,36,171,33,07,53,169,42,,,,*44
$GQGSV,1,1,03,02,17,146,33,03,36,171,34,07,53,169,42,,,,*43
$GQGSV,1,1,03,02,17,146,33,03,36,171,35,07,53,169,42,,,,*42
$GQGSV,1,1,03,02,17,146,33,03,36,171,35,07,53,169,42,,,,*42
$GQGSV,1,1,03,02,17,146,32,03,36,171,36,07,53,169,41,,,,*43
$GQGSV,1,1,03,02,17,146,31,03,36,171,35,07,53,169,41,,,,*43
$GQGSV,1,1,03,02,17,146,30,03,36,171,33,07,53,169,41,,,,*44
$GQGSV,1,1,03,02,17,146,30,03,36,171,32,07,53,169,41,,,,*45
$GQGSV,1,1,03,02,00,000,29,03,36,171,31,07,53,169,41,,,,*4B
$GQGSV,1,1,03,02,00,000,29,03,36,171,30,07,53,169,41,,,,*4A
$GQGSV,1,1,03,02,00,000,28,03,36,171,28,07,53,169,41,,,,*42
$GQGSV,1,1,03,02,00,000,28,03,36,171,26,07,53,169,41,,,,*4C
$GQGSV,1,1,03,02,00,000,28,03,36,171,33,07,53,169,41,,,,*48
$GQGSV,1,1,03,02,00,000,27,03,36,171,32,07,53,169,41,,,,*46
$GQGSV,1,1,03,02,00,000,26,03,36,171,31,07,53,169,41,,,,*44
$GQGSV,1,1,02,03,36,171,31,07,53,169,41,,,,,,,,*73
$GQGSV,1,1,02,03,36,171,30,07,53,169,41,,,,,,,,*72
$GQGSV,1,1,02,03,36,171,30,07,53,169,41,,,,,,,,*72
$GQGSV,1,1,02,03,36,171,30,07,53,169,41,,,,,,,,*72
$GQGSV,1,1,02,03,36,171,35,07,53,169,41,,,,,,,,*77
$GQGSV,1,1,02,03,36,171,35,07,53,169,41,,,,,,,,*77
$GQGSV,1,1,02,03,36,171,35,07,53,169,40,,,,,,,,*76
$GQGSV,1,1,02,03,36,171,35,07,53,169,39,,,,,,,,*78
$GQGSV,1,1,02,03,36,171,36,07,53,169,39,,,,,,,,*7B
$GQGSV,1,1,02,03,36,171,36,07,53,169,38,,,,,,,,*7A
$GQGSV,1,1,02,03,36,171,37,07,53,169,38,,,,,,,,*7B
$GQGSV,1,1,02,03,36,171,37,07,53,169,38,,,,,,,,*7B
$GQGSV,1,1,02,03,36,171,37,07,53,169,38,,,,,,,,*7B
$GQGSV,1,1,02,03,36,171,36,07,53,169,38,,,,,,,,*7A
$GQGSV,1,1,02,03,36,171,37,07,53,169,38,,,,,,,,*7B
$GQGSV,1,1,02,03,36,171,37,07,53,169,38,,,,,,,,*7B
$GQGSV,1,1,02,03,36,171,37,07,53,169,38,,,,,,,,*7B
$GQGSV,1,1,02,03,36,171,37,07,53,169,38,,,,,,,,*7B
$GQGSV,1,1,02,03,36,171,37,07,53,169,38,,,,,,,,*7B
$GQGSV,1,1,02,03,36,171,37,07,53,169,38,,,,,,,,*7B
$GQGSV,1,1,03,02,00,000,30,03,36,171,38,07,53,169,38,,,,*44
$GQGSV,1,1,03,02,00,000,28,03,36,171,38,07,53,169,38,,,,*4D
$GQGSV,1,1,03,02,00,000,28,03,36,171,39,07,53,169,38,,,,*4C
$GQGSV,1,1,03,02,00,000,28,03,36,171,39,07,53,169,38,,,,*4C
$GQGSV,1,1,03,02,00,000,28,03,36,171,39,07,53,169,38,,,,*4C
$GQGSV,1,1,03,02,00,000,28,03,36,171,40,07,53,169,38,,,,*42
$GQGSV,1,1,03,02,00,000,27,03,36,171,40,07,53,169,38,,,,*4D
$GQGSV,1,1,03,02,00,000,26,03,36,171,40,07,53,169,38,,,,*4C
$GQGSV,1,1,03,02,00,000,25,03,36,171,40,07,53,169,38,,,,*4F
$GQGSV,1,1,03,02,00,000,25,03,36,171,40,07,53,169,39,,,,*4E
$GQGSV,1,1,03,02,00,000,24,03,36,171,40,07,53,169,39,,,,*4F
$GQGSV,1,1,03,02,00,000,24,03,36,171,40,07,53,169,39,,,,*4F
$GQGSV,1,1,03,02,00,000,25,03,36,171,40,07,53,169,39,,,,*4E
$GQGSV,1,1,03,02,00,000,25,03,36,171,41,07,53,169,39,,,,*4F
$GQGSV,1,1,03,02,00,000,26,03,36,171,41,07,53,169,40,,,,*42
$GQGSV,1,1,03,02,00,000,26,03,36,171,41,07,53,169,39,,,,*4C
$GQGSV,1,1,03,02,00,000,27,03,36,171,41,07,53,169,39,,,,*4D
$GQGSV,1,1,03,02,00,000,27,03,36,171,41,07,53,169,39,,,,*4D
$GQGSV,1,1,03,02,00,000,28,03,36,171,42,07,53,169,39,,,,*41
$GQGSV,1,1,03,02,00,000,28,03,36,171,42,07,53,169,39,,,,*41
$GQGSV,1,1,03,02,00,000,28,03,36,171,42,07,53,169,39,,,,*41
$GQGSV,1,1,03,02,00,000,27,03,36,171,42,07,53,169,39,,,,*4E
$GQGSV,1,1,03,02,00,000,27,03,36,171,43,07,53,169,39,,,,*4F
$GQGSV,1,1,03,02,00,000,24,03,36,171,43,07,53,169,39,,,,*4C
$GQGSV,1,1,03,02,00,000,25,03,36,171,43,07,53,169,39,,,,*4D
$GQGSV,1,1,03,02,00,000,26,03,36,171,43,07,53,169,39,,,,*4E
$GQGSV,1,1,03,02,00,000,26,03,36,171,43,07,53,169,39,,,,*4E
$GQGSV,1,1,03,02,00,000,26,03,36,171,43,07,53,169,39,,,,*4E
$GQGSV,1,1,03,02,00,000,27,03,36,171,43,07,53,169,39,,,,*4F
$GQGSV,1,1,03,02,00,000,27,03,36,171,43,07,53,169,39,,,,*4F
$GQGSV,1,1,03,02,00,000,28,03,36,171,43,07,53,169,39,,,,*40
$GQGSV,1,1,03,02,00,000,28,03,36,171,43,07,53,169,39,,,,*40
$GQGSV,1,1,03,02,00,000,28,03,36,171,43,07,53,169,39,,,,*40
$GQGSV,1,1,03,02,00,000,28,03,36,171,43,07,53,169,39,,,,*40
$GQGSV,1,1,03,02,00,000,28,03,36,171,43,07,53,169,39,,,,*40
$GQGSV,1,1,03,02,00,000,28,03,36,171,43,07,53,169,39,,,,*40
$GQGSV,1,1,03,02,00,000,28,03,36,171,43,07,53,169,39,,,,*40
$GQGSV,1,1,03,02,00,000,28,03,36,171,43,07,53,169,40,,,,*4E
$GQGSV,1,1,03,02,00,000,25,03,36,171,43,07,53,169,40,,,,*43
$GQGSV,1,1,03,02,00,000,23,03,36,171,43,07,53,169,40,,,,*45
$GQGSV,1,1,03,02,00,000,21,03,36,171,43,07,53,169,40,,,,*47
$GQGSV,1,1,03,02,00,000,27,03,36,171,43,07,53,169,40,,,,*41
$GQGSV,1,1,03,02,00,000,27,03,36,171,43,07,53,169,40,,,,*41
$GQGSV,1,1,03,02,00,000,27,03,36,171,43,07,53,169,40,,,,*41
$GQGSV,1,1,03,02,00,000,27,03,36,171,43,07,53,169,40,,,,*41
$GQGSV,1,1,03,02,00,000,28,03,36,171,43,07,53,169,40,,,,*4E
$GQGSV,1,1,03,02,00,000,28,03,36,171,43,07,53,169,40,,,,*4E
$GQGSV,1,1,03,02,00,000,28,03,36,171,43,07,53,169,40,,,,*4E
$GQGSV,1,1,03,02,00,000,28,03,36,171,43,07,53,169,40,,,,*4E
$GQGSV,1,1,03,02,00,000,29,03,36,171,43,07,53,169,40,,,,*4F
$GQGSV,1,1,03,02,00,000,30,03,36,171,43,07,53,169,40,,,,*47
$GQGSV,1,1,03,02,17,146,31,03,36,171,43,07,53,169,40,,,,*43
$GQGSV,1,1,03,02,17,146,31,03,36,171,43,07,53,169,40,,,,*43
$GQGSV,1,1,03,02,17,146,32,03,36,171,43,07,53,169,40,,,,*40
$GQGSV,1,1,03,02,17,146,31,03,36,171,43,07,53,169,40,,,,*43
$GQGSV,1,1,03,02,17,146,31,03,36,171,43,07,53,169,40,,,,*43
$GQGSV,1,1,03,02,17,146,30,03,36,171,43,07,53,169,40,,,,*42
$GQGSV,1,1,03,02,17,146,30,03,36,171,43,07,53,169,40,,,,*42
$GQGSV,1,1,03,02,17,146,30,03,36,171,43,07,53,169,40,,,,*42
$GQGSV,1,1,03,02,17,146,30,03,36,171,43,07,53,169,40,,,,*42
$GQGSV,1,1,03,02,17,146,31,03,36,171,43,07,53,169,40,,,,*43
$GQGSV,1,1,03,02,17,146,31,03,36,171,43,07,53,169,40,,,,*43
$GQGSV,1,1,03,02,17,146,32,03,36,171,43,07,53,169,40,,,,*40
$GQGSV,1,1,03,02,17,146,33,03,36,171,43,07,53,169,40,,,,*41
$GQGSV,1,1,03,02,17,146,34,03,36,171,43,07,53,169,40,,,,*46
$GQGSV,1,1,03,02,17,146,34,03,36,171,43,07,53,169,40,,,,*46
$GQGSV,1,1,03,02,17,146,35,03,36,171,43,07,53,169,40,,,,*47
$GQGSV,1,1,03,02,17,146,35,03,36,171,43,07,53,169,39,,,,*49
$GQGSV,1,1,03,02,17,146,36,03,36,171,43,07,53,169,39,,,,*4A
$GQGSV,1,1,03,02,17,146,36,03,36,171,43,07,53,169,39,,,,*4A
$GQGSV,1,1,03,02,17,146,36,03,36,171,43,07,53,169,39,,,,*4A
$GQGSV,1,1,03,02,17,146,36,03,36,171,43,07,53,169,39,,,,*4A
$GQGSV,1,1,03,02,17,146,37,03,36,171,43,07,53,169,39,,,,*4B
$GQGSV,1,1,03,02,17,146,37,03,36,171,43,07,53,169,39,,,,*4B
$GQGSV,1,1,03,02,17,146,37,03,36,171,43,07,53,169,39,,,,*4B
$GQGSV,1,1,03,02,17,146,37,03,36,171,43,07,53,169,39,,,,*4B
$GQGSV,1,1,03,02,17,146,37,03,36,171,43,07,53,169,39,,,,*4B
$GQGSV,1,1,03,02,17,146,37,03,36,171,43,07,53,169,40,,,,*45
$GQGSV,1,1,03,02,17,146,37,03,36,171,43,07,53,169,40,,,,*45
$GQGSV,1,1,03,02,17,146,36,03,36,171,43,07,53,169,40,,,,*44
$GQGSV,1,1,03,02,17,146,36,03,36,171,42,07,53,169,39,,,,*4B
$GQGSV,1,1,03,02,17,146,36,03,36,171,42,07,53,169,39,,,,*4B
$GQGSV,1,1,03,02,17,146,35,03,36,171,42,07,53,169,39,,,,*48
$GQGSV,1,1,03,02,17,146,33,03,36,171,42,07,53,169,39,,,,*4E
$GQGSV,1,1,03,02,00,000,32,03,36,171,42,07,53,169,39,,,,*4A
$GQGSV,1,1,03,02,00,000,31,03,36,171,42,07,53,169,39,,,,*49
$GQGSV,1,1,03,02,00,000,30,03,36,171,42,07,53,169,39,,,,*48
$GQGSV,1,1,03,02,00,000,30,03,36,171,42,07,53,169,39,,,,*48
$GQGSV,1,1,03,02,17,146,29,03,36,171,42,07,53,169,39,,,,*45
$GQGSV,1,1,03,02,17,146,29,03,36,171,42,07,53,169,39,,,,*45
$GQGSV,1,1,03,02,00,000,27,03,36,171,42,07,53,169,39,,,,*4E
$GQGSV,1,1,03,02,00,000,28,03,36,171,42,07,53,169,40,,,,*4F
$GQGSV,1,1,03,02,00,000,28,03,36,171,42,07,53,169,40,,,,*4F
$GQGSV,1,1,03,02,00,000,29,03,36,171,42,07,53,169,40,,,,*4E
$GQGSV,1,1,03,02,00,000,30,03,36,171,43,07,53,169,40,,,,*47
$GQGSV,1,1,03,02,00,000,31,03,36,171,43,07,53,169,40,,,,*46
$GQGSV,1,1,03,02,00,000,28,03,36,171,43,07,53,169,40,,,,*4E
$GQGSV,1,1,03,02,00,000,29,03,36,171,43,07,53,169,40,,,,*4F
$GQGSV,1,1,03,02,00,000,30,03,36,171,43,07,53,169,40,,,,*47
$GQGSV,1,1,03,02,00,000,31,03,36,171,43,07,53,169,40,,,,*46
$GQGSV,1,1,03,02,00,000,30,03,36,171,43,07,53,169,40,,,,*47
$GQGSV,1,1,03,02,00,000,29,03,36,171,43,07,53,169,40,,,,*4F
$GQGSV,1,1,03,02,00,000,28,03,36,171,43,07,53,169,40,,,,*4E
$GQGSV,1,1,03,02,00,000,29,03,36,171,43,07,53,169,40,,,,*4F
$GQGSV,1,1,03,02,00,000,29,03,36,171,43,07,53,169,40,,,,*4F
$GQGSV,1,1,03,02,00,000,29,03,36,171,43,07,53,169,40,,,,*4F
$GQGSV,1,1,03,02,00,000,30,03,36,171,43,07,53,169,40,,,,*47
$GQGSV,1,1,03,02,00,000,30,03,36,171,43,07,53,169,40,,,,*47
$GQGSV,1,1,03,02,00,000,30,03,36,171,43,07,53,169,40,,,,*47
$GQGSV,1,1,03,02,00,000,30,03,36,171,43,07,53,169,40,,,,*47
$GQGSV,1,1,03,02,00,000,30,03,36,171,43,07,53,169,40,,,,*47
$GQGSV,1,1,03,02,00,000,29,03,36,171,43,07,53,169,40,,,,*4F
$GQGSV,1,1,03,02,00,000,28,03,36,171,43,07,53,169,40,,,,*4E
$GQGSV,1,1,03,02,00,000,28,03,36,171,43,07,53,169,39,,,,*40
$GQGSV,1,1,03,02,00,000,28,03,36,171,43,07,53,169,39,,,,*40
$GQGSV,1,1,03,02,00,000,28,03,36,171,43,07,53,169,39,,,,*40
$GQGSV,1,1,03,02,00,000,28,03,36,171,43,07,53,169,39,,,,*40
$GQGSV,1,1,03,02,00,000,29,03,36,171,43,07,53,169,39,,,,*41
$GQGSV,1,1,03,02,00,000,28,03,36,171,43,07,53,169,39,,,,*40
$GQGSV,1,1,03,02,00,000,28,03,36,171,43,07,53,169,39,,,,*40
$GQGSV,1,1,03,02,00,000,28,03,36,171,43,07,53,169,39,,,,*40
$GQGSV,1,1,03,02,00,000,28,03,36,171,43,07,53,169,38,,,,*41
$GQGSV,1,1,03,02,00,000,29,03,36,171,43,07,53,169,36,,,,*4E
$GQGSV,1,1,03,02,00,000,29,03,36,171,43,07,53,169,34,,,,*4C
$GQGSV,1,1,03,02,00,000,29,03,36,171,43,07,53,169,33,,,,*4B
$GQGSV,1,1,03,02,00,000,28,03,36,171,43,07,53,169,33,,,,*4A
$GQGSV,1,1,03,02,00,000,28,03,36,171,43,07,53,169,32,,,,*4B
$GQGSV,1,1,03,02,00,000,27,03,36,171,43,07,53,169,32,,,,*44
$GQGSV,1,1,03,02,00,000,27,03,36,171,43,07,53,169,31,,,,*47
$GQGSV,1,1,03,02,00,000,27,03,36,171,42,07,53,169,30,,,,*47
$GQGSV,1,1,03,02,00,000,27,03,36,171,40,07,53,169,29,,,,*4D
$GQGSV,1,1,03,02,00,000,28,03,36,171,38,07,53,169,28,,,,*4C
$GQGSV,1,1,03,02,00,000,28,03,36,171,36,07,00,000,27,,,,*45
$GQGSV,1,1,03,02,00,000,29,03,36,171,34,07,00,000,26,,,,*47
$GQGSV,1,1,03,02,00,000,29,03,36,171,32,07,00,000,25,,,,*42
$GQGSV,1,1,03,02,00,000,30,03,36,171,31,07,00,000,25,,,,*49
$GQGSV,1,1,03,02,00,000,30,03,36,171,30,07,00,000,25,,,,*48
$GQGSV,1,1,03,02,00,000,31,03,00,000,29,07,00,000,25,,,,*43
$GQGSV,1,1,03,02,00,000,31,03,00,000,28,07,00,000,25,,,,*42
$GQGSV,1,1,03,02,00,000,31,03,00,000,27,07,00,000,25,,,,*4D
$GQGSV,1,1,03,02,00,000,31,03,00,000,27,07,00,000,25,,,,*4D
$GQGSV,1,1,03,02,00,000,31,03,00,000,26,07,00,000,26,,,,*4F
$GQGSV,1,1,03,02,00,000,31,03,00,000,25,07,53,169,26,,,,*44
$GQGSV,1,1,03,02,00,000,31,03,00,000,24,07,53,169,26,,,,*45
$GQGSV,1,1,03,02,00,000,31,03,00,000,23,07,53,169,26,,,,*42
$GQGSV,1,1,03,02,00,000,32,03,00,000,23,07,53,169,31,,,,*47
$GQGSV,1,1,03,02,00,000,31,03,00,000,23,07,53,169,31,,,,*44
$GQGSV,1,1,02,02,00,000,31,07,53,169,31,,,,,,,,*77
$GQGSV,1,1,02,02,00,000,30,07,53,169,31,,,,,,,,*76
$GQGSV,1,1,02,02,00,000,29,07,53,169,31,,,,,,,,*7E
$GQGSV,1,1,02,02,00,000,29,07,53,169,31,,,,,,,,*7E
$GQGSV,1,1,02,02,00,000,29,07,00,000,31,,,,,,,,*76
$GQGSV,1,1,02,02,00,000,30,07,00,000,32,,,,,,,,*7D
$GQGSV,1,1,02,02,00,000,30,07,00,000,32,,,,,,,,*7D
$GQGSV,1,1,02,02,00,000,31,07,00,000,32,,,,,,,,*7C
$GQGSV,1,1,02,02,00,000,31,07,00,000,30,,,,,,,,*7E
$GQGSV,1,1,02,02,00,000,32,07,00,000,29,,,,,,,,*75
$GQGSV,1,1,02,02,00,000,32,07,00,000,29,,,,,,,,*75
$GQGSV,1,1,02,02,00,000,32,07,00,000,30,,,,,,,,*7D
$GQGSV,1,1,02,02,00,000,32,07,00,000,31,,,,,,,,*7C
$GQGSV,1,1,02,02,00,000,32,07,00,000,31,,,,,,,,*7C
$GQGSV,1,1,02,02,00,000,32,07,00,000,31,,,,,,,,*7C
$GQGSV,1,1,02,02,00,000,32,07,00,000,31,,,,,,,,*7C
$GQGSV,1,1,02,02,00,000,32,07,00,000,31,,,,,,,,*7C
$GQGSV,1,1,02,02,00,000,33,07,00,000,31,,,,,,,,*7D
$GQGSV,1,1,02,02,00,000,32,07,00,000,32,,,,,,,,*7F
$GQGSV,1,1,02,02,00,000,32,07,00,000,32,,,,,,,,*7F
$GQGSV,1,1,02,02,00,000,31,07,00,000,32,,,,,,,,*7C
$GQGSV,1,1,02,02,00,000,31,07,00,000,33,,,,,,,,*7D
$GQGSV,1,1,02,02,00,000,31,07,00,000,33,,,,,,,,*7D
$GQGSV,1,1,02,02,00,000,31,07,00,000,32,,,,,,,,*7C
$GQGSV,1,1,02,02,00,000,31,07,00,000,32,,,,,,,,*7C
$GQGSV,1,1,02,02,00,000,32,07,53,169,31,,,,,,,,*74
$GQGSV,1,1,02,02,00,000,32,07,53,169,30,,,,,,,,*75
$GQGSV,1,1,02,02,00,000,33,07,00,000,29,,,,,,,,*74
$GQGSV,1,1,02,02,00,000,34,07,00,000,29,,,,,,,,*73
$GQGSV,1,1,02,02,00,000,34,07,00,000,29,,,,,,,,*73
$GQGSV,1,1,02,02,00,000,34,07,00,000,30,,,,,,,,*7B
$GQGSV,1,1,02,02,00,000,35,07,00,000,29,,,,,,,,*72
$GQGSV,1,1,02,02,00,000,34,07,53,169,29,,,,,,,,*7B
$GQGSV,1,1,02,02,00,000,34,07,00,000,29,,,,,,,,*73
$GQGSV,1,1,02,02,00,000,33,07,00,000,29,,,,,,,,*74
$GQGSV,1,1,02,02,00,000,34,07,00,000,29,,,,,,,,*73
$GQGSV,1,1,02,02,00,000,34,07,00,000,29,,,,,,,,*73
$GQGSV,1,1,02,02,00,000,34,07,00,000,30,,,,,,,,*7B
$GQGSV,1,1,02,02,00,000,35,07,00,000,30,,,,,,,,*7A
$GQGSV,1,1,02,02,00,000,35,07,00,000,31,,,,,,,,*7B
$GQGSV,1,1,02,02,00,000,35,07,53,169,30,,,,,,,,*72
$GQGSV,1,1,02,02,00,000,34,07,53,169,30,,,,,,,,*73
$GQGSV,1,1,02,02,00,000,34,07,53,169,30,,,,,,,,*73
$GQGSV,1,1,02,02,00,000,34,07,53,169,30,,,,,,,,*73
$GQGSV,1,1,02,02,00,000,33,07,00,000,30,,,,,,,,*7C
$GQGSV,1,1,02,02,00,000,32,07,00,000,31,,,,,,,,*7C
$GQGSV,1,1,02,02,00,000,32,07,53,169,31,,,,,,,,*74
$GQGSV,1,1,02,02,00,000,32,07,53,169,31,,,,,,,,*74
$GQGSV,1,1,02,02,00,000,32,07,53,169,31,,,,,,,,*74
$GQGSV,1,1,02,02,00,000,32,07,53,169,30,,,,,,,,*75
$GQGSV,1,1,02,02,00,000,32,07,53,169,30,,,,,,,,*75
$GQGSV,1,1,02,02,00,000,33,07,53,169,29,,,,,,,,*7C
$GQGSV,1,1,02,02,00,000,33,07,53,169,30,,,,,,,,*74
$GQGSV,1,1,02,02,00,000,33,07,53,169,30,,,,,,,,*74
$GQGSV,1,1,02,02,00,000,33,07,53,169,29,,,,,,,,*7C
$GQGSV,1,1,02,02,00,000,33,07,53,169,29,,,,,,,,*7C
$GQGSV,1,1,02,02,00,000,34,07,53,169,29,,,,,,,,*7B
$GQGSV,1,1,02,02,00,000,34,07,53,169,29,,,,,,,,*7B
$GQGSV,1,1,02,02,00,000,33,07,53,169,30,,,,,,,,*74
$GQGSV,1,1,02,02,00,000,32,07,53,169,30,,,,,,,,*75
$GQGSV,1,1,02,02,00,000,32,07,53,169,31,,,,,,,,*74
$GQGSV,1,1,02,02,00,000,32,07,53,169,31,,,,,,,,*74
$GQGSV,1,1,02,02,00,000,32,07,53,169,31,,,,,,,,*74
$GQGSV,1,1,02,02,00,000,32,07,53,169,30,,,,,,,,*75
$GQGSV,1,1,02,02,00,000,32,07,53,169,30,,,,,,,,*75
$GQGSV,1,1,02,02,00,000,32,07,53,169,30,,,,,,,,*75
$GQGSV,1,1,02,02,00,000,33,07,53,169,30,,,,,,,,*74
$GQGSV,1,1,02,02,00,000,32,07,53,169,30,,,,,,,,*75
$GQGSV,1,1,02,02,00,000,32,07,53,169,31,,,,,,,,*74
$GQGSV,1,1,02,02,00,000,32,07,53,169,31,,,,,,,,*74
$GQGSV,1,1,02,02,00,000,33,07,53,169,31,,,,,,,,*75
$GQGSV,1,1,02,02,00,000,33,07,00,000,31,,,,,,,,*7D
$GQGSV,1,1,02,02,00,000,32,07,00,000,31,,,,,,,,*7C
$GQGSV,1,1,02,02,00,000,32,07,53,169,30,,,,,,,,*75
$GQGSV,1,1,02,02,00,000,32,07,53,169,30,,,,,,,,*75
$GQGSV,1,1,02,02,00,000,32,07,53,169,30,,,,,,,,*75
$GQGSV,1,1,02,02,00,000,32,07,53,169,30,,,,,,,,*75
$GQGSV,1,1,02,02,00,000,32,07,53,169,31,,,,,,,,*74
$GQGSV,1,1,02,02,00,000,31,07,53,169,31,,,,,,,,*77
$GQGSV,1,1,02,02,00,000,31,07,53,169,31,,,,,,,,*77
$GQGSV,1,1,02,02,00,000,31,07,53,169,30,,,,,,,,*76
$GQGSV,1,1,02,02,00,000,31,07,53,169,30,,,,,,,,*76
$GQGSV,1,1,02,02,00,000,31,07,53,169,30,,,,,,,,*76
$GQGSV,1,1,02,02,00,000,31,07,53,169,30,,,,,,,,*76
$GQGSV,1,1,02,02,00,000,31,07,53,169,31,,,,,,,,*77
$GQGSV,1,1,02,02,00,000,31,07,53,169,31,,,,,,,,*77
$GQGSV,1,1,02,02,00,000,31,07,53,169,31,,,,,,,,*77
$GQGSV,1,1,02,02,00,000,31,07,53,169,31,,,,,,,,*77
$GQGSV,1,1,02,02,00,000,31,07,53,169,30,,,,,,,,*76
$GQGSV,1,1,02,02,00,000,31,07,53,169,30,,,,,,,,*76
$GQGSV,1,1,02,02,00,000,30,07,53,169,30,,,,,,,,*77
$GQGSV,1,1,02,02,00,000,30,07,53,169,30,,,,,,,,*77
$GQGSV,1,1,02,02,00,000,31,07,53,169,30,,,,,,,,*76
$GQGSV,1,1,02,02,00,000,31,07,53,169,31,,,,,,,,*77
$GQGSV,1,1,02,02,00,000,31,07,53,169,31,,,,,,,,*77
$GQGSV,1,1,02,02,00,000,31,07,53,169,30,,,,,,,,*76
$GQGSV,1,1,02,02,00,000,31,07,53,169,30,,,,,,,,*76
$GQGSV,1,1,02,02,00,000,31,07,53,169,30,,,,,,,,*76
$GQGSV,1,1,02,02,00,000,31,07,53,169,30,,,,,,,,*76
$GQGSV,1,1,02,02,00,000,31,07,53,169,30,,,,,,,,*76
$GQGSV,1,1,02,02,00,000,32,07,53,169,30,,,,,,,,*75
$GQGSV,1,1,02,02,00,000,32,07,53,169,30,,,,,,,,*75
$GQGSV,1,1,02,02,00,000,32,07,53,169,29,,,,,,,,*7D
$GQGSV,1,1,02,02,00,000,31,07,53,169,29,,,,,,,,*7E
$GQGSV,1,1,02,02,00,000,32,07,53,169,29,,,,,,,,*7D
$GQGSV,1,1,02,02,00,000,32,07,53,169,29,,,,,,,,*7D
$GQGSV,1,1,02,02,00,000,32,07,53,169,29,,,,,,,,*7D
$GQGSV,1,1,02,02,00,000,33,07,53,169,28,,,,,,,,*7D
$GQGSV,1,1,02,02,00,000,33,07,53,169,29,,,,,,,,*7C
$GQGSV,1,1,02,02,00,000,33,07,53,169,29,,,,,,,,*7C
$GQGSV,1,1,02,02,00,000,33,07,53,169,29,,,,,,,,*7C
$GQGSV,1,1,02,02,00,000,33,07,53,169,29,,,,,,,,*7C
$GQGSV,1,1,02,02,00,000,32,07,53,169,29,,,,,,,,*7D
$GQGSV,1,1,02,02,00,000,32,07,53,169,29,,,,,,,,*7D
$GQGSV,1,1,02,02,00,000,32,07,53,169,29,,,,,,,,*7D
$GQGSV,1,1,02,02,00,000,31,07,53,169,29,,,,,,,,*7E
$GQGSV,1,1,02,02,00,000,31,07,53,169,29,,,,,,,,*7E
$GQGSV,1,1,02,02,00,000,31,07,53,169,29,,,,,,,,*7E
$GQGSV,1,1,02,02,00,000,31,07,53,169,28,,,,,,,,*7F
$GQGSV,1,1,02,02,00,000,31,07,00,000,28,,,,,,,,*77
$GQGSV,1,1,02,02,00,000,31,07,00,000,28,,,,,,,,*77
$GQGSV,1,1,02,02,00,000,31,07,00,000,28,,,,,,,,*77
$GQGSV,1,1,02,02,00,000,31,07,00,000,28,,,,,,,,*77
$GQGSV,1,1,02,02,00,000,31,07,00,000,29,,,,,,,,*76
$GQGSV,1,1,02,02,00,000,31,07,00,000,29,,,,,,,,*76
$GQGSV,1,1,02,02,00,000,31,07,00,000,29,,,,,,,,*76
$GQGSV,1,1,02,02,00,000,31,07,00,000,30,,,,,,,,*7E
$GQGSV,1,1,02,02,00,000,31,07,00,000,30,,,,,,,,*7E
$GQGSV,1,1,03,02,00,000,31,03,00,000,24,07,00,000,30,,,,*4A
$GQGSV,1,1,03,02,00,000,31,03,00,000,27,07,00,000,30,,,,*49
$GQGSV,1,1,03,02,00,000,31,03,00,000,27,07,53,169,30,,,,*41
$GQGSV,1,1,03,02,00,000,31,03,00,000,26,07,53,169,30,,,,*40
$GQGSV,1,1,03,02,00,000,32,03,00,000,26,07,53,169,30,,,,*43
$GQGSV,1,1,03,02,00,000,32,03,00,000,25,07,53,169,30,,,,*40
$GQGSV,1,1,03,02,00,000,33,03,00,000,25,07,00,000,30,,,,*49
$GQGSV,1,1,03,02,00,000,33,03,00,000,25,07,00,000,30,,,,*49
$GQGSV,1,1,02,03,00,000,25,07,00,000,30,,,,,,,,*7A
$GQGSV,1,1,02,03,00,000,24,07,00,000,31,,,,,,,,*7A
$GQGSV,1,1,01,07,00,000,31,,,,,,,,,,,,*4C
$GQGSV,1,1,01,07,00,000,31,,,,,,,,,,,,*4C
$GQGSV,1,1,01,07,00,000,31,,,,,,,,,,,,*4C
$GQGSV,1,1,02,02,00,000,37,07,00,000,30,,,,,,,,*78
$GQGSV,1,1,02,02,00,000,39,07,00,000,29,,,,,,,,*7E
$GQGSV,1,1,02,02,00,000,40,07,00,000,29,,,,,,,,*70
$GQGSV,1,1,02,02,00,000,41,07,00,000,28,,,,,,,,*70
$GQGSV,1,1,02,02,17,146,41,07,00,000,29,,,,,,,,*74
$GQGSV,1,1,02,02,17,146,41,07,00,000,29,,,,,,,,*74
$GQGSV,1,1,02,02,17,146,42,07,00,000,29,,,,,,,,*77
$GQGSV,1,1,02,02,17,146,42,07,00,000,30,,,,,,,,*7F
$GQGSV,1,1,02,02,17,146,43,07,00,000,30,,,,,,,,*7E
$GQGSV,1,1,02,02,17,146,43,07,00,000,31,,,,,,,,*7F
$GQGSV,1,1,02,02,17,146,43,07,00,000,31,,,,,,,,*7F
$GQGSV,1,1,02,02,17,146,43,07,00,000,32,,,,,,,,*7C
$GQGSV,1,1,02,02,17,146,43,07,00,000,31,,,,,,,,*7F
$GQGSV,1,1,02,02,17,146,43,07,00,000,30,,,,,,,,*7E
$GQGSV,1,1,02,02,17,146,43,07,00,000,30,,,,,,,,*7E
$GQGSV,1,1,02,02,17,146,43,07,00,000,29,,,,,,,,*76
$GQGSV,1,1,02,02,17,146,42,07,00,000,30,,,,,,,,*7F
$GQGSV,1,1,02,02,17,146,42,07,00,000,29,,,,,,,,*77
$GQGSV,1,1,02,02,17,146,42,07,00,000,29,,,,,,,,*77
$GQGSV,1,1,02,02,17,146,41,07,00,000,29,,,,,,,,*74
$GQGSV,1,1,02,02,17,146,41,07,00,000,29,,,,,,,,*74
$GQGSV,1,1,02,02,17,146,40,07,00,000,30,,,,,,,,*7D
$GQGSV,1,1,02,02,17,146,39,07,00,000,30,,,,,,,,*73
$GQGSV,1,1,02,02,17,146,38,07,00,000,30,,,,,,,,*72
$GQGSV,1,1,02,02,17,146,37,07,00,000,31,,,,,,,,*7C
$GQGSV,1,1,02,02,17,146,37,07,53,169,33,,,,,,,,*76
$GQGSV,1,1,02,02,17,146,36,07,53,169,33,,,,,,,,*77
$GQGSV,1,1,03,02,17,146,36,03,00,000,38,07,53,169,34,,,,*49
$GQGSV,1,1,03,02,17,146,36,03,00,000,38,07,53,169,35,,,,*48
$GQGSV,1,1,03,02,17,146,35,03,00,000,39,07,53,169,36,,,,*49
$GQGSV,1,1,03,02,17,146,35,03,00,000,39,07,53,169,43,,,,*4B
$GQGSV,1,1,03,02,17,146,35,03,00,000,39,07,53,169,43,,,,*4B
$GQGSV,1,1,03,02,17,146,35,03,00,000,39,07,53,169,43,,,,*4B
$GQGSV,1,1,03,02,17,146,35,03,36,171,39,07,53,169,43,,,,*49
$GQGSV,1,1,03,02,17,146,35,03,36,171,40,07,53,169,42,,,,*46
$GQGSV,1,1,03,02,17,146,35,03,36,171,41,07,53,169,42,,,,*47
$GQGSV,1,1,03,02,17,146,36,03,36,171,41,07,53,169,43,,,,*45
$GQGSV,1,1,03,02,17,146,36,03,36,171,41,07,53,169,43,,,,*45
$GQGSV,1,1,03,02,17,146,36,03,36,171,42,07,53,169,43,,,,*46
$GQGSV,1,1,03,02,17,146,35,03,36,171,42,07,53,169,42,,,,*44
$GQGSV,1,1,03,02,17,146,35,03,36,171,42,07,53,169,42,,,,*44
$GQGSV,1,1,03,02,17,146,34,03,36,171,43,07,53,169,42,,,,*44
$GQGSV,1,1,03,02,17,146,33,03,36,171,43,07,53,169,41,,,,*40
$GQGSV,1,1,03,02,17,146,32,03,36,171,43,07,53,169,40,,,,*40
$GQGSV,1,1,03,02,17,146,32,03,36,171,44,07,53,169,40,,,,*47
$GQGSV,1,1,03,02,17,146,32,03,36,171,44,07,53,169,39,,,,*49
$GQGSV,1,1,03,02,17,146,32,03,36,171,44,07,53,169,39,,,,*49
$GQGSV,1,1,03,02,17,146,31,03,36,171,44,07,53,169,38,,,,*4B
$GQGSV,1,1,03,02,17,146,31,03,36,171,44,07,53,169,38,,,,*4B
$GQGSV,1,1,03,02,17,146,31,03,36,171,44,07,53,169,37,,,,*44
$GQGSV,1,1,03,02,17,146,31,03,36,171,44,07,53,169,37,,,,*44
$GQGSV,1,1,03,02,17,146,31,03,36,171,44,07,53,169,37,,,,*44
$GQGSV,1,1,03,02,17,146,32,03,36,171,45,07,53,169,37,,,,*46
$GQGSV,1,1,03,02,17,146,32,03,36,171,45,07,53,169,37,,,,*46
$GQGSV,1,1,03,02,17,146,32,03,36,171,45,07,53,169,37,,,,*46
$GQGSV,1,1,03,02,17,146,32,03,36,171,45,07,53,169,37,,,,*46
$GQGSV,1,1,03,02,17,146,32,03,36,171,45,07,53,169,37,,,,*46
$GQGSV,1,1,03,02,17,146,33,03,36,171,45,07,53,169,37,,,,*47
$GQGSV,1,1,03,02,17,146,33,03,36,171,45,07,53,169,37,,,,*47
$GQGSV,1,1,03,02,17,146,33,03,36,171,46,07,53,169,37,,,,*44
$GQGSV,1,1,03,02,17,146,33,03,36,171,46,07,53,169,37,,,,*44
$GQGSV,1,1,03,02,17,146,33,03,36,171,46,07,53,169,37,,,,*44
$GQGSV,1,1,03,02,17,146,33,03,36,171,46,07,53,169,37,,,,*44
$GQGSV,1,1,03,02,17,146,33,03,36,171,46,07,53,169,37,,,,*44
$GQGSV,1,1,03,02,17,146,33,03,36,171,46,07,53,169,37,,,,*44
$GQGSV,1,1,03,02,17,146,33,03,36,171,46,07,53,169,37,,,,*44
$GQGSV,1,1,03,02,17,146,34,03,36,171,46,07,53,169,37,,,,*43
$GQGSV,1,1,03,02,17,146,34,03,36,171,46,07,53,169,37,,,,*43
$GQGSV,1,1,03,02,17,146,34,03,36,171,46,07,53,169,37,,,,*43
$GQGSV,1,1,03,02,17,146,34,03,36,171,46,07,53,169,37,,,,*43
$GQGSV,1,1,03,02,17,146,34,03,36,171,46,07,53,169,37,,,,*43
$GQGSV,1,1,03,02,17,146,34,03,36,171,46,07,53,169,37,,,,*43
$GQGSV,1,1,03,02,17,146,35,03,36,171,46,07,53,169,37,,,,*42
$GQGSV,1,1,03,02,17,146,35,03,36,171,46,07,53,169,37,,,,*42
$GQGSV,1,1,03,02,17,146,35,03,36,171,46,07,53,169,37,,,,*42
$GQGSV,1,1,03,02,17,146,35,03,36,171,46,07,53,169,37,,,,*42
$GQGSV,1,1,03,02,17,146,35,03,36,171,46,07,53,169,37,,,,*42
$GQGSV,1,1,03,02,00,000,36,03,36,171,46,07,53,169,37,,,,*44
$GQGSV,1,1,03,02,00,000,37,03,36,171,46,07,53,169,37,,,,*45
$GQGSV,1,1,03,02,00,000,37,03,36,171,46,07,53,169,37,,,,*45
$GQGSV,1,1,03,02,00,000,37,03,36,171,46,07,53,169,37,,,,*45
$GQGSV,1,1,03,02,00,000,37,03,36,171,46,07,53,169,37,,,,*45
$GQGSV,1,1,03,02,00,000,36,03,36,171,46,07,53,169,37,,,,*44
$GQGSV,1,1,03,02,00,000,36,03,36,171,46,07,53,169,37,,,,*44
$GQGSV,1,1,03,02,00,000,36,03,36,171,46,07,53,169,37,,,,*44
$GQGSV,1,1,03,02,00,000,35,03,36,171,46,07,53,169,37,,,,*47
$GQGSV,1,1,03,02,00,000,35,03,36,171,46,07,53,169,37,,,,*47
$GQGSV,1,1,03,02,00,000,34,03,36,171,46,07,53,169,37,,,,*46
$GQGSV,1,1,03,02,00,000,34,03,36,171,46,07,53,169,37,,,,*46
$GQGSV,1,1,03,02,00,000,33,03,36,171,46,07,53,169,37,,,,*41
$GQGSV,1,1,03,02,00,000,33,03,36,171,46,07,53,169,37,,,,*41
$GQGSV,1,1,03,02,00,000,32,03,36,171,46,07,53,169,37,,,,*40
$GQGSV,1,1,03,02,00,000,32,03,36,171,46,07,53,169,37,,,,*40
$GQGSV,1,1,03,02,00,000,34,03,36,171,46,07,53,169,37,,,,*46
$GQGSV,1,1,03,02,17,146,34,03,36,171,46,07,53,169,38,,,,*4C
$GQGSV,1,1,03,02,17,146,35,03,36,171,46,07,53,169,38,,,,*4D
$GQGSV,1,1,03,02,17,146,34,03,36,171,45,07,53,169,38,,,,*4F
$GQGSV,1,1,03,02,17,146,34,03,36,171,45,07,53,169,38,,,,*4F
$GQGSV,1,1,03,02,17,146,34,03,36,171,45,07,53,169,38,,,,*4F
$GQGSV,1,1,03,02,17,146,30,03,36,171,45,07,53,169,38,,,,*4B
$GQGSV,1,1,03,02,17,146,30,03,36,171,45,07,53,169,38,,,,*4B
$GQGSV,1,1,03,02,17,146,31,03,36,171,44,07,53,169,38,,,,*4B
$GQGSV,1,1,03,02,17,146,32,03,36,171,44,07,53,169,38,,,,*48
$GQGSV,1,1,03,02,17,146,32,03,36,171,44,07,53,169,38,,,,*48
$GQGSV,1,1,03,02,17,146,33,03,36,171,44,07,53,169,38,,,,*49
$GQGSV,1,1,03,02,17,146,34,03,36,171,44,07,53,169,38,,,,*4E
$GQGSV,1,1,03,02,17,146,35,03,36,171,44,07,53,169,38,,,,*4F
$GQGSV,1,1,03,02,17,146,35,03,36,171,44,07,53,169,38,,,,*4F
$GQGSV,1,1,03,02,17,146,35,03,36,171,44,07,53,169,38,,,,*4F
$GQGSV,1,1,03,02,17,146,35,03,36,171,44,07,53,169,38,,,,*4F
$GQGSV,1,1,03,02,17,146,35,03,36,171,44,07,53,169,38,,,,*4F
$GQGSV,1,1,03,02,17,146,36,03,36,171,44,07,53,169,38,,,,*4C
$GQGSV,1,1,03,02,17,146,36,03,36,171,44,07,53,169,38,,,,*4C
$GQGSV,1,1,03,02,17,146,35,03,36,171,44,07,53,169,38,,,,*4F
$GQGSV,1,1,03,02,17,146,35,03,36,171,44,07,53,169,38,,,,*4F
$GQGSV,1,1,03,02,17,146,36,03,36,171,44,07,53,169,38,,,,*4C
$GQGSV,1,1,03,02,17,146,36,03,36,171,44,07,53,169,38,,,,*4C
$GQGSV,1,1,03,02,17,146,37,03,36,171,44,07,53,169,38,,,,*4D
$GQGSV,1,1,03,02,17,146,37,03,36,171,44,07,53,169,38,,,,*4D
$GQGSV,1,1,03,02,17,146,38,03,36,171,44,07,53,169,38,,,,*42
$GQGSV,1,1,03,02,17,146,38,03,36,171,44,07,53,169,38,,,,*42
$GQGSV,1,1,03,02,17,146,39,03,36,171,44,07,53,169,38,,,,*43
$GQGSV,1,1,03,02,17,146,39,03,36,171,44,07,53,169,38,,,,*43
$GQGSV,1,1,03,02,17,146,40,03,36,171,44,07,53,169,38,,,,*4D
$GQGSV,1,1,03,02,17,146,40,03,36,171,44,07,53,169,38,,,,*4D
$GQGSV,1,1,03,02,17,146,40,03,36,171,44,07,53,169,38,,,,*4D
$GQGSV,1,1,03,02,17,146,40,03,36,171,44,07,53,169,38,,,,*4D
$GQGSV,1,1,03,02,17,146,40,03,36,171,44,07,53,169,38,,,,*4D
$GQGSV,1,1,03,02,17,146,40,03,36,171,44,07,53,169,38,,,,*4D
$GQGSV,1,1,03,02,17,146,40,03,36,171,44,07,53,169,38,,,,*4D
$GQGSV,1,1,03,02,17,146,40,03,36,171,44,07,53,169,38,,,,*4D
$GQGSV,1,1,03,02,17,146,40,03,36,171,44,07,53,169,38,,,,*4D
$GQGSV,1,1,03,02,17,146,41,03,36,171,44,07,53,169,39,,,,*4D
$GQGSV,1,1,03,02,17,146,41,03,36,171,44,07,53,169,39,,,,*4D
$GQGSV,1,1,03,02,17,146,41,03,36,171,44,07,53,169,39,,,,*4D
$GQGSV,1,1,03,02,17,146,41,03,36,171,44,07,53,169,39,,,,*4D
$GQGSV,1,1,03,02,17,146,41,03,36,171,44,07,53,169,39,,,,*4D
$GQGSV,1,1,03,02,17,146,41,03,36,171,44,07,53,169,39,,,,*4D
$GQGSV,1,1,03,02,17,146,41,03,36,171,44,07,53,169,39,,,,*4D
$GQGSV,1,1,03,02,17,146,40,03,36,171,43,07,53,169,39,,,,*4B
$GQGSV,1,1,03,02,17,146,40,03,36,171,43,07,53,169,39,,,,*4B
$GQGSV,1,1,03,02,17,146,41,03,36,171,43,07,53,169,39,,,,*4A
$GQGSV,1,1,03,02,17,146,41,03,36,171,43,07,53,169,39,,,,*4A
$GQGSV,1,1,03,02,17,146,41,03,36,171,43,07,53,169,39,,,,*4A
$GQGSV,1,1,03,02,17,146,42,03,36,171,43,07,53,169,39,,,,*49
$GQGSV,1,1,03,02,17,146,42,03,36,171,43,07,53,169,39,,,,*49
$GQGSV,1,1,03,02,17,146,42,03,36,171,43,07,53,169,39,,,,*49
$GQGSV,1,1,03,02,17,146,42,03,36,171,43,07,53,169,39,,,,*49
$GQGSV,1,1,03,02,17,146,42,03,36,171,43,07,53,169,39,,,,*49
$GQGSV,1,1,03,02,17,146,42,03,36,171,43,07,53,169,39,,,,*49
$GQGSV,1,1,03,02,17,146,42,03,36,171,43,07,53,169,39,,,,*49
$GQGSV,1,1,03,02,17,146,42,03,36,171,43,07,53,169,39,,,,*49
$GQGSV,1,1,03,02,17,146,42,03,36,171,43,07,53,169,39,,,,*49
$GQGSV,1,1,03,02,17,146,42,03,36,171,43,07,53,169,39,,,,*49
$GQGSV,1,1,03,02,17,146,42,03,36,171,43,07,53,169,39,,,,*49
$GQGSV,1,1,03,02,17,146,42,03,36,171,43,07,53,169,39,,,,*49
$GQGSV,1,1,03,02,17,146,42,03,36,171,43,07,53,169,39,,,,*49
$GQGSV,1,1,03,02,17,146,42,03,36,171,43,07,53,169,39,,,,*49
$GQGSV,1,1,03,02,17,146,42,03,36,171,43,07,53,169,39,,,,*49
$GQGSV,1,1,03,02,17,146,42,03,36,171,43,07,53,169,39,,,,*49
$GQGSV,1,1,03,02,17,146,42,03,36,171,43,07,53,169,39,,,,*49
$GQGSV,1,1,03,02,17,146,43,03,36,171,43,07,53,169,39,,,,*48
$GQGSV,1,1,03,02,17,146,43,03,36,171,43,07,53,169,39,,,,*48
$GQGSV,1,1,03,02,17,146,43,03,36,171,43,07,53,169,39,,,,*48
$GQGSV,1,1,03,02,17,146,43,03,36,171,43,07,53,169,39,,,,*48
$GQGSV,1,1,03,02,17,146,43,03,36,171,43,07,53,169,39,,,,*48
$GQGSV,1,1,03,02,17,146,43,03,36,171,43,07,53,169,39,,,,*48
$GQGSV,1,1,03,02,17,146,43,03,36,171,43,07,53,169,39,,,,*48
$GQGSV,1,1,03,02,17,146,43,03,36,171,43,07,53,169,40,,,,*46
$GQGSV,1,1,03,02,17,146,44,03,36,171,43,07,53,169,40,,,,*41
$GQGSV,1,1,03,02,17,146,44,03,36,171,43,07,53,169,40,,,,*41
$GQGSV,1,1,03,02,17,146,44,03,36,171,43,07,53,169,40,,,,*41
$GQGSV,1,1,03,02,17,146,44,03,36,171,43,07,53,169,40,,,,*41
$GQGSV,1,1,03,02,17,146,44,03,36,171,43,07,53,169,40,,,,*41
$GQGSV,1,1,03,02,17,146,44,03,36,171,43,07,53,169,40,,,,*41
$GQGSV,1,1,03,02,17,146,44,03,36,171,43,07,53,169,40,,,,*41
$GQGSV,1,1,03,02,17,146,44,03,36,171,43,07,53,169,40,,,,*41
$GQGSV,1,1,03,02,17,146,44,03,36,171,43,07,53,169,40,,,,*41
$GQGSV,1,1,03,02,17,146,44,03,36,171,43,07,53,169,40,,,,*41
$GQGSV,1,1,03,02,17,146,44,03,36,171,43,07,53,169,40,,,,*41
$GQGSV,1,1,03,02,17,146,44,03,36,171,43,07,53,169,40,,,,*41
$GQGSV,1,1,03,02,17,146,44,03,36,171,43,07,53,169,40,,,,*41
$GQGSV,1,1,03,02,17,146,44,03,36,171,43,07,53,169,40,,,,*41
$GQGSV,1,1,03,02,17,146,44,03,36,171,43,07,53,169,40,,,,*41
$GQGSV,1,1,03,02,17,146,44,03,36,171,43,07,53,169,40,,,,*41
$GQGSV,1,1,03,02,17,146,44,03,36,171,43,07,53,169,40,,,,*41
$GQGSV,1,1,03,02,17,146,44,03,36,171,43,07,53,169,40,,,,*41
$GQGSV,1,1,03,02,17,146,44,03,36,171,43,07,53,169,40,,,,*41
$GQGSV,1,1,03,02,17,146,44,03,36,171,43,07,53,169,40,,,,*41
$GQGSV,1,1,03,02,17,146,44,03,36,171,43,07,53,169,40,,,,*41
$GQGSV,1,1,03,02,17,146,44,03,36,171,43,07,53,169,40,,,,*41
$GQGSV,1,1,03,02,17,146,44,03,36,171,43,07,53,169,40,,,,*41
$GQGSV,1,1,03,02,17,146,44,03,36,171,43,07,53,169,40,,,,*41
$GQGSV,1,1,03,02,17,146,44,03,36,171,43,07,53,169,40,,,,*41
$GQGSV,1,1,03,02,17,146,43,03,36,171,43,07,53,169,40,,,,*46
$GQGSV,1,1,03,02,17,146,43,03,36,171,43,07,53,169,40,,,,*46
$GQGSV,1,1,03,02,17,146,43,03,36,171,43,07,53,169,40,,,,*46
$GQGSV,1,1,03,02,17,146,43,03,36,171,43,07,53,169,40,,,,*46
$GQGSV,1,1,03,02,17,146,43,03,36,171,43,07,53,169,40,,,,*46
$GQGSV,1,1,03,02,17,146,43,03,36,171,43,07,53,169,40,,,,*46
$GQGSV,1,1,03,02,17,146,43,03,36,171,43,07,53,169,40,,,,*46
$GQGSV,1,1,03,02,17,146,43,03,36,171,43,07,53,169,40,,,,*46
$GQGSV,1,1,03,02,17,146,43,03,36,171,43,07,53,169,40,,,,*46
$GQGSV,1,1,03,02,17,146,43,03,36,171,43,07,53,169,40,,,,*46
$GQGSV,1,1,03,02,17,146,43,03,36,171,43,07,53,169,40,,,,*46
$GQGSV,1,1,03,02,17,146,43,03,36,171,43,07,53,169,40,,,,*46
$GQGSV,1,1,03,02,17,146,43,03,36,171,43,07,53,169,40,,,,*46
$GQGSV,1,1,03,02,17,146,43,03,36,171,43,07,53,169,40,,,,*46
$GQGSV,1,1,03,02,17,146,43,03,36,171,43,07,53,169,40,,,,*46
$GQGSV,1,1,03,02,17,146,43,03,36,171,43,07,53,169,40,,,,*46
$GQGSV,1,1,03,02,17,146,43,03,36,171,43,07,53,169,40,,,,*46
$GQGSV,1,1,03,02,17,146,43,03,36,171,43,07,53,169,40,,,,*46
$GQGSV,1,1,03,02,17,146,43,03,36,171,43,07,53,169,40,,,,*46
$GQGSV,1,1,03,02,17,146,43,03,36,171,43,07,53,169,40,,,,*46
$GQGSV,1,1,03,02,17,146,43,03,36,171,43,07,53,169,40,,,,*46
$GQGSV,1,1,03,02,17,146,43,03,36,171,43,07,53,169,40,,,,*46
$GQGSV,1,1,03,02,17,146,43,03,36,171,43,07,53,169,40,,,,*46
$GQGSV,1,1,03,02,17,146,43,03,36,171,43,07,53,169,40,,,,*46
$GQGSV,1,1,03,02,17,146,43,03,36,171,43,07,53,169,40,,,,*46
$GQGSV,1,1,03,02,17,146,43,03,36,171,43,07,53,169,40,,,,*46
$GQGSV,1,1,03,02,17,146,43,03,36,171,43,07,53,169,40,,,,*46
$GQGSV,1,1,03,02,17,146,42,03,36,171,43,07,53,169,40,,,,*47
$GQGSV,1,1,03,02,17,146,42,03,36,171,43,07,53,169,39,,,,*49
$GQGSV,1,1,03,02,17,146,42,03,36,171,42,07,53,169,39,,,,*48
$GQGSV,1,1,03,02,17,146,42,03,36,171,42,07,53,169,39,,,,*48
$GQGSV,1,1,03,02,17,146,42,03,36,171,42,07,53,169,39,,,,*48
$GQGSV,1,1,03,02,17,146,42,03,36,171,42,07,53,169,39,,,,*48
$GQGSV,1,1,03,02,17,146,41,03,36,171,42,07,53,169,39,,,,*4B
$GQGSV,1,1,03,02,17,146,41,03,36,171,42,07,53,169,39,,,,*4B
$GQGSV,1,1,03,02,17,146,41,03,36,171,41,07,53,169,39,,,,*48
$GQGSV,1,1,03,02,17,146,41,03,36,171,41,07,53,169,39,,,,*48
$GQGSV,1,1,03,02,17,146,41,03,36,171,41,07,53,169,39,,,,*48
$GQGSV,1,1,03,02,17,146,41,03,36,171,41,07,53,169,39,,,,*48
$GQGSV,1,1,03,02,17,146,41,03,36,171,41,07,53,169,39,,,,*48
$GQGSV,1,1,03,02,17,146,41,03,36,171,41,07,53,169,39,,,,*48
$GQGSV,1,1,03,02,17,146,41,03,36,171,41,07,53,169,39,,,,*48
$GQGSV,1,1,03,02,17,146,41,03,36,171,41,07,53,169,39,,,,*48
$GQGSV,1,1,03,02,17,146,41,03,36,171,41,07,53,169,39,,,,*48
$GQGSV,1,1,03,02,17,146,41,03,36,171,41,07,53,169,39,,,,*48
$GQGSV,1,1,03,02,17,146,41,03,36,171,41,07,53,169,39,,,,*48
$GQGSV,1,1,03,02,17,146,41,03,36,171,41,07,53,169,39,,,,*48
$GQGSV,1,1,03,02,17,146,40,03,36,171,41,07,53,169,39,,,,*49
$GQGSV,1,1,03,02,17,146,40,03,36,171,42,07,53,169,39,,,,*4A
$GQGSV,1,1,03,02,17,146,39,03,36,171,42,07,53,169,39,,,,*44
$GQGSV,1,1,03,02,17,146,38,03,36,171,42,07,53,169,39,,,,*45
$GQGSV,1,1,03,02,17,146,37,03,36,171,42,07,53,169,39,,,,*4A
$GQGSV,1,1,03,02,17,146,36,03,36,171,42,07,53,169,39,,,,*4B
$GQGSV,1,1,03,02,17,146,36,03,36,171,42,07,53,169,39,,,,*4B
$GQGSV,1,1,03,02,17,146,36,03,36,171,43,07,53,169,39,,,,*4A
$GQGSV,1,1,03,02,17,146,35,03,36,171,43,07,53,169,39,,,,*49
$GQGSV,1,1,03,02,17,146,35,03,36,171,43,07,53,169,39,,,,*49
$GQGSV,1,1,03,02,17,146,35,03,36,171,43,07,53,169,39,,,,*49
$GQGSV,1,1,03,02,17,146,35,03,36,171,43,07,53,169,39,,,,*49
$GQGSV,1,1,03,02,17,146,35,03,36,171,43,07,53,169,39,,,,*49
$GQGSV,1,1,03,02,17,146,35,03,36,171,43,07,53,169,39,,,,*49
$GQGSV,1,1,03,02,17,146,35,03,36,171,43,07,53,169,39,,,,*49
$GQGSV,1,1,03,02,17,146,35,03,36,171,43,07,53,169,39,,,,*49
$GQGSV,1,1,03,02,17,146,35,03,36,171,43,07,53,169,40,,,,*47
$GQGSV,1,1,03,02,17,146,34,03,36,171,43,07,53,169,40,,,,*46
$GQGSV,1,1,03,02,17,146,34,03,36,171,43,07,53,169,40,,,,*46
$GQGSV,1,1,03,02,17,146,33,03,36,171,43,07,53,169,40,,,,*41
$GQGSV,1,1,03,02,17,146,33,03,36,171,43,07,53,169,40,,,,*41
$GQGSV,1,1,03,02,17,146,33,03,36,171,43,07,53,169,40,,,,*41
$GQGSV,1,1,03,02,17,146,33,03,36,171,43,07,53,169,40,,,,*41
$GQGSV,1,1,03,02,17,146,33,03,36,171,43,07,53,169,40,,,,*41
$GQGSV,1,1,03,02,17,146,32,03,36,171,43,07,53,169,40,,,,*40
$GQGSV,1,1,03,02,17,146,32,03,36,171,43,07,53,169,40,,,,*40
$GQGSV,1,1,03,02,17,146,32,03,36,171,43,07,53,169,40,,,,*40
$GQGSV,1,1,03,02,17,146,32,03,36,171,43,07,53,169,40,,,,*40
$GQGSV,1,1,03,02,17,146,32,03,36,171,43,07,53,169,40,,,,*40
$GQGSV,1,1,03,02,17,146,32,03,36,171,43,07,53,169,40,,,,*40
$GQGSV,1,1,03,02,17,146,31,03,36,171,43,07,53,169,40,,,,*43
$GQGSV,1,1,03,02,17,146,31,03,36,171,43,07,53,169,40,,,,*43
$GQGSV,1,1,03,02,17,146,31,03,36,171,43,07,53,169,40,,,,*43
$GQGSV,1,1,03,02,17,146,31,03,36,171,43,07,53,169,40,,,,*43
$GQGSV,1,1,03,02,17,146,30,03,36,171,43,07,53,169,40,,,,*42
$GQGSV,1,1,03,02,17,146,30,03,36,171,43,07,53,169,40,,,,*42
$GQGSV,1,1,03,02,17,146,29,03,36,171,43,07,53,169,40,,,,*4A
$GQGSV,1,1,03,02,17,146,28,03,36,171,43,07,53,169,40,,,,*4B
$GQGSV,1,1,03,02,00,000,28,03,36,171,43,07,53,169,39,,,,*40
$GQGSV,1,1,03,02,00,000,27,03,36,171,43,07,53,169,39,,,,*4F
$GQGSV,1,1,02,03,36,171,43,07,53,169,39,,,,,,,,*79
$GQGSV,1,1,02,03,36,171,43,07,53,169,39,,,,,,,,*79
$GQGSV,1,1,03,02,00,000,33,03,36,171,43,07,53,169,39,,,,*4A
$GQGSV,1,1,03,02,00,000,35,03,36,171,43,07,53,169,39,,,,*4C
$GQGSV,1,1,03,02,00,000,35,03,36,171,43,07,53,169,39,,,,*4C
$GQGSV,1,1,03,02,00,000,33,03,36,171,43,07,53,169,39,,,,*4A
$GQGSV,1,1,03,02,00,000,32,03,36,171,43,07,53,169,39,,,,*4B
$GQGSV,1,1,03,02,00,000,33,03,36,171,43,07,53,169,39,,,,*4A
$GQGSV,1,1,03,02,00,000,33,03,36,171,43,07,53,169,39,,,,*4A
$GQGSV,1,1,03,02,00,000,32,03,36,171,43,07,53,169,39,,,,*4B
$GQGSV,1,1,03,02,00,000,31,03,36,171,43,07,53,169,39,,,,*48
$GQGSV,1,1,03,02,00,000,32,03,36,171,43,07,53,169,39,,,,*4B
$GQGSV,1,1,03,02,00,000,31,03,36,171,43,07,53,169,39,,,,*48
$GQGSV,1,1,03,02,00,000,31,03,36,171,43,07,53,169,39,,,,*48
$GQGSV,1,1,03,02,00,000,30,03,36,171,43,07,53,169,39,,,,*49
$GQGSV,1,1,03,02,00,000,29,03,36,171,43,07,53,169,39,,,,*41
$GQGSV,1,1,03,02,00,000,29,03,36,171,43,07,53,169,39,,,,*41
$GQGSV,1,1,03,02,17,146,28,03,36,171,43,07,53,169,39,,,,*45
$GQGSV,1,1,03,02,00,000,28,03,36,171,43,07,53,169,39,,,,*40
$GQGSV,1,1,02,03,36,171,43,07,53,169,39,,,,,,,,*79
$GQGSV,1,1,02,03,36,171,43,07,53,169,39,,,,,,,,*79
$GQGSV,1,1,02,03,36,171,43,07,53,169,39,,,,,,,,*79
$GQGSV,1,1,02,03,36,171,43,07,53,169,39,,,,,,,,*79
$GQGSV,1,1,03,02,00,000,34,03,36,171,43,07,53,169,39,,,,*4D
$GQGSV,1,1,03,02,00,000,33,03,36,171,43,07,53,169,39,,,,*4A
$GQGSV,1,1,03,02,00,000,33,03,36,171,43,07,53,169,39,,,,*4A
$GQGSV,1,1,03,02,00,000,31,03,36,171,43,07,53,169,39,,,,*48
$GQGSV,1,1,02,03,36,171,43,07,53,169,38,,,,,,,,*78
$GQGSV,1,1,02,03,36,171,43,07,53,169,38,,,,,,,,*78
$GQGSV,1,1,03,02,00,000,31,03,36,171,43,07,53,169,38,,,,*49
$GQGSV,1,1,02,03,36,171,43,07,53,169,38,,,,,,,,*78
$GQGSV,1,1,02,03,36,171,43,07,53,169,37,,,,,,,,*77
$GQGSV,1,1,02,03,36,171,43,07,53,169,37,,,,,,,,*77
$GQGSV,1,1,02,03,36,171,43,07,53,169,37,,,,,,,,*77
$GQGSV,1,1,02,03,36,171,43,07,53,169,35,,,,,,,,*75
$GQGSV,1,1,02,03,36,171,43,07,53,169,34,,,,,,,,*74
$GQGSV,1,1,02,03,36,171,43,07,53,169,32,,,,,,,,*72
$GQGSV,1,1,02,03,36,171,43,07,53,169,31,,,,,,,,*71
$GQGSV,1,1,02,03,36,171,43,07,53,169,31,,,,,,,,*71
$GQGSV,1,1,02,03,36,171,43,07,53,169,31,,,,,,,,*71
$GQGSV,1,1,03,02,00,000,32,03,36,171,43,07,53,169,31,,,,*43
$GQGSV,1,1,03,02,00,000,32,03,36,171,43,07,53,169,32,,,,*40
$GQGSV,1,1,03,02,00,000,32,03,36,171,43,07,53,169,32,,,,*40
$GQGSV,1,1,03,02,00,000,31,03,36,171,43,07,53,169,33,,,,*42
$GQGSV,1,1,03,02,00,000,30,03,36,171,43,07,53,169,34,,,,*44
$GQGSV,1,1,03,02,00,000,28,03,36,171,43,07,53,169,34,,,,*4D
$GQGSV,1,1,03,02,00,000,27,03,36,171,43,07,53,169,35,,,,*43
$GQGSV,1,1,03,02,00,000,27,03,36,171,43,07,53,169,36,,,,*40
$GQGSV,1,1,03,02,00,000,26,03,36,171,43,07,53,169,36,,,,*41
$GQGSV,1,1,03,02,00,000,29,03,36,171,43,07,53,169,37,,,,*4F
$GQGSV,1,1,03,02,00,000,28,03,36,171,43,07,53,169,37,,,,*4E
$GQGSV,1,1,03,02,00,000,28,03,36,171,43,07,53,169,37,,,,*4E
$GQGSV,1,1,03,02,00,000,28,03,36,171,43,07,53,169,37,,,,*4E
$GQGSV,1,1,03,02,00,000,28,03,36,171,43,07,53,169,37,,,,*4E
$GQGSV,1,1,03,02,00,000,27,03,36,171,43,07,53,169,38,,,,*4E
$GQGSV,1,1,03,02,00,000,27,03,36,171,43,07,53,169,38,,,,*4E
$GQGSV,1,1,03,02,00,000,27,03,36,171,43,07,53,169,38,,,,*4E
$GQGSV,1,1,03,02,00,000,28,03,36,171,43,07,53,169,38,,,,*41
$GQGSV,1,1,03,02,00,000,28,03,36,171,43,07,53,169,38,,,,*41
$GQGSV,1,1,03,02,00,000,28,03,36,171,43,07,53,169,38,,,,*41
$GQGSV,1,1,03,02,00,000,27,03,36,171,43,07,53,169,38,,,,*4E
$GQGSV,1,1,03,02,00,000,27,03,36,171,43,07,53,169,38,,,,*4E
$GQGSV,1,1,03,02,00,000,27,03,36,171,43,07,53,169,38,,,,*4E
$GQGSV,1,1,03,02,00,000,27,03,36,171,43,07,53,169,38,,,,*4E
$GQGSV,1,1,03,02,00,000,27,03,36,171,43,07,53,169,38,,,,*4E
$GQGSV,1,1,03,02,00,000,28,03,36,171,43,07,53,169,38,,,,*41
$GQGSV,1,1,03,02,00,000,28,03,36,171,43,07,53,169,38,,,,*41
$GQGSV,1,1,03,02,00,000,28,03,36,171,43,07,53,169,38,,,,*41
$GQGSV,1,1,03,02,00,000,28,03,36,171,43,07,53,169,38,,,,*41
$GQGSV,1,1,03,02,00,000,27,03,36,171,43,07,53,169,38,,,,*4E
$GQGSV,1,1,03,02,00,000,27,03,36,171,43,07,53,169,38,,,,*4E
$GQGSV,1,1,02,03,36,171,43,07,53,169,38,,,,,,,,*78
$GQGSV,1,1,02,03,36,171,43,07,53,169,38,,,,,,,,*78
$GQGSV,1,1,02,03,36,171,43,07,53,169,38,,,,,,,,*78
$GQGSV,1,1,02,03,36,171,43,07,53,169,38,,,,,,,,*78
$GQGSV,1,1,02,03,36,171,43,07,53,169,38,,,,,,,,*78
$GQGSV,1,1,03,02,00,000,30,03,36,171,43,07,53,169,38,,,,*48
$GQGSV,1,1,03,02,00,000,30,03,36,171,43,07,53,169,38,,,,*48
$GQGSV,1,1,03,02,00,000,29,03,36,171,43,07,53,169,38,,,,*40
$GQGSV,1,1,03,02,00,000,29,03,36,171,43,07,53,169,39,,,,*41
$GQGSV,1,1,03,02,00,000,30,03,36,171,43,07,53,169,39,,,,*49
$GQGSV,1,1,03,02,00,000,30,03,36,171,43,07,53,169,39,,,,*49
$GQGSV,1,1,03,02,00,000,29,03,36,171,43,07,53,169,39,,,,*41
$GQGSV,1,1,03,02,00,000,29,03,36,171,43,07,53,169,39,,,,*41
$GQGSV,1,1,03,02,00,000,30,03,36,171,43,07,53,169,39,,,,*49
$GQGSV,1,1,03,02,00,000,30,03,36,171,43,07,53,169,39,,,,*49
$GQGSV,1,1,03,02,00,000,29,03,36,171,43,07,53,169,39,,,,*41
$GQGSV,1,1,03,02,00,000,28,03,36,171,43,07,53,169,39,,,,*40
$GQGSV,1,1,03,02,00,000,28,03,36,171,43,07,53,169,39,,,,*40
$GQGSV,1,1,03,02,00,000,28,03,36,171,43,07,53,169,39,,,,*40
$GQGSV,1,1,03,02,00,000,28,03,36,171,43,07,53,169,39,,,,*40
$GQGSV,1,1,03,02,00,000,28,03,36,171,43,07,53,169,39,,,,*40
$GQGSV,1,1,03,02,00,000,28,03,36,171,43,07,53,169,39,,,,*40
$GQGSV,1,1,03,02,00,000,28,03,36,171,43,07,53,169,39,,,,*40
$GQGSV,1,1,03,02,00,000,28,03,36,171,43,07,53,169,39,,,,*40
$GQGSV,1,1,03,02,00,000,27,03,36,171,43,07,53,169,39,,,,*4F
$GQGSV,1,1,03,02,00,000,27,03,36,171,43,07,53,169,39,,,,*4F
$GQGSV,1,1,03,02,00,000,27,03,36,171,43,07,53,169,39,,,,*4F
$GQGSV,1,1,03,02,00,000,27,03,36,171,43,07,53,169,39,,,,*4F
$GQGSV,1,1,03,02,00,000,26,03,36,171,43,07,53,169,39,,,,*4E
$GQGSV,1,1,03,02,00,000,25,03,36,171,43,07,53,169,39,,,,*4D
$GQGSV,1,1,03,02,00,000,25,03,36,171,43,07,53,169,39,,,,*4D
$GQGSV,1,1,03,02,00,000,24,03,36,171,43,07,53,169,39,,,,*4C
$GQGSV,1,1,03,02,00,000,24,03,36,171,43,07,53,169,39,,,,*4C
$GQGSV,1,1,03,02,00,000,23,03,36,171,43,07,53,169,39,,,,*4B
$GQGSV,1,1,03,02,00,000,23,03,36,171,43,07,53,169,39,,,,*4B
$GQGSV,1,1,03,02,00,000,24,03,36,171,43,07,53,169,39,,,,*4C
$GQGSV,1,1,03,02,00,000,24,03,36,171,43,07,53,169,39,,,,*4C
$GQGSV,1,1,03,02,00,000,25,03,36,171,43,07,53,169,39,,,,*4D
$GQGSV,1,1,03,02,00,000,26,03,36,171,43,07,53,169,39,,,,*4E
$GQGSV,1,1,03,02,00,000,26,03,36,171,43,07,53,169,39,,,,*4E
$GQGSV,1,1,03,02,00,000,26,03,36,171,43,07,53,169,39,,,,*4E
$GQGSV,1,1,03,02,00,000,26,03,36,171,43,07,53,169,39,,,,*4E
$GQGSV,1,1,03,02,00,000,25,03,36,171,43,07,53,169,39,,,,*4D
$GQGSV,1,1,03,02,00,000,25,03,36,171,43,07,53,169,39,,,,*4D
$GQGSV,1,1,03,02,00,000,25,03,36,171,43,07,53,169,39,,,,*4D
$GQGSV,1,1,03,02,00,000,26,03,36,171,43,07,53,169,39,,,,*4E
$GQGSV,1,1,03,02,00,000,26,03,36,171,43,07,53,169,39,,,,*4E
$GQGSV,1,1,03,02,00,000,26,03,36,171,43,07,53,169,39,,,,*4E
$GQGSV,1,1,03,02,00,000,26,03,36,171,43,07,53,169,39,,,,*4E
$GQGSV,1,1,03,02,00,000,26,03,36,171,43,07,53,169,39,,,,*4E
$GQGSV,1,1,03,02,00,000,26,03,36,171,43,07,53,169,39,,,,*4E
$GQGSV,1,1,03,02,00,000,26,03,36,171,43,07,53,169,39,,,,*4E
$GQGSV,1,1,03,02,00,000,25,03,36,171,43,07,53,169,39,,,,*4D
$GQGSV,1,1,03,02,00,000,25,03,36,171,43,07,53,169,39,,,,*4D
$GQGSV,1,1,03,02,00,000,25,03,36,171,43,07,53,169,39,,,,*4D
$GQGSV,1,1,03,02,00,000,26,03,36,171,43,07,53,169,39,,,,*4E
$GQGSV,1,1,03,02,00,000,26,03,36,171,43,07,53,169,39,,,,*4E
$GQGSV,1,1,03,02,00,000,26,03,36,171,43,07,53,169,39,,,,*4E
$GQGSV,1,1,03,02,00,000,26,03,36,171,43,07,53,169,39,,,,*4E
$GQGSV,1,1,03,02,00,000,26,03,36,171,43,07,53,169,39,,,,*4E
$GQGSV,1,1,03,02,00,000,26,03,36,171,43,07,53,169,39,,,,*4E
$GQGSV,1,1,03,02,00,000,25,03,36,171,43,07,53,169,39,,,,*4D
$GQGSV,1,1,03,02,00,000,25,03,36,171,43,07,53,169,39,,,,*4D
$GQGSV,1,1,03,02,00,000,25,03,36,171,42,07,53,169,39,,,,*4C
$GQGSV,1,1,03,02,00,000,25,03,36,171,42,07,53,169,39,,,,*4C
$GQGSV,1,1,03,02,00,000,25,03,36,171,42,07,53,169,39,,,,*4C
$GQGSV,1,1,03,02,00,000,24,03,36,171,42,07,53,169,39,,,,*4D
$GQGSV,1,1,03,02,00,000,24,03,36,171,42,07,53,169,39,,,,*4D
$GQGSV,1,1,03,02,00,000,24,03,36,171,42,07,53,169,39,,,,*4D
$GQGSV,1,1,03,02,00,000,23,03,36,171,42,07,53,169,39,,,,*4A
$GQGSV,1,1,03,02,00,000,23,03,36,171,41,07,53,169,39,,,,*49
$GQGSV,1,1,03,02,00,000,22,03,36,171,41,07,53,169,39,,,,*48
$GQGSV,1,1,03,02,00,000,22,03,36,171,41,07,53,169,39,,,,*48
$GQGSV,1,1,03,02,00,000,22,03,36,171,41,07,53,169,39,,,,*48
$GQGSV,1,1,03,02,00,000,21,03,36,171,41,07,53,169,39,,,,*4B
$GQGSV,1,1,03,02,00,000,22,03,36,171,41,07,53,169,39,,,,*48
$GQGSV,1,1,03,02,00,000,22,03,36,171,41,07,53,169,39,,,,*48
$GQGSV,1,1,03,02,00,000,22,03,36,171,41,07,53,169,39,,,,*48
$GQGSV,1,1,03,02,00,000,23,03,36,172,41,07,53,169,39,,,,*4A
$GQGSV,1,1,03,02,00,000,23,03,36,172,41,07,53,169,39,,,,*4A
$GQGSV,1,1,03,02,00,000,24,03,36,172,41,07,53,169,39,,,,*4D
$GQGSV,1,1,03,02,00,000,24,03,36,172,41,07,53,169,39,,,,*4D
$GQGSV,1,1,03,02,00,000,24,03,36,172,41,07,53,169,39,,,,*4D
$GQGSV,1,1,03,02,00,000,24,03,36,172,41,07,53,169,39,,,,*4D
$GQGSV,1,1,03,02,00,000,24,03,36,172,41,07,53,169,39,,,,*4D
$GQGSV,1,1,03,02,00,000,24,03,36,172,42,07,53,169,39,,,,*4E
$GQGSV,1,1,03,02,00,000,25,03,36,172,42,07,53,169,39,,,,*4F
$GQGSV,1,1,03,02,00,000,25,03,36,172,42,07,53,169,39,,,,*4F
$GQGSV,1,1,03,02,00,000,25,03,36,172,42,07,53,169,39,,,,*4F
$GQGSV,1,1,03,02,00,000,25,03,36,172,42,07,53,169,39,,,,*4F
$GQGSV,1,1,03,02,00,000,25,03,36,172,42,07,53,169,39,,,,*4F
$GQGSV,1,1,03,02,00,000,25,03,36,172,42,07,53,169,39,,,,*4F
$GQGSV,1,1,03,02,00,000,25,03,36,172,42,07,53,169,39,,,,*4F
$GQGSV,1,1,03,02,00,000,25,03,36,172,42,07,53,169,39,,,,*4F
$GQGSV,1,1,03,02,00,000,25,03,36,172,42,07,53,169,39,,,,*4F
$GQGSV,1,1,03,02,00,000,25,03,36,172,43,07,53,169,39,,,,*4E
$GQGSV,1,1,03,02,00,000,25,03,36,172,43,07,53,169,39,,,,*4E
$GQGSV,1,1,03,02,00,000,25,03,36,172,43,07,53,169,39,,,,*4E
$GQGSV,1,1,03,02,00,000,26,03,36,172,43,07,53,169,39,,,,*4D
$GQGSV,1,1,03,02,00,000,25,03,36,172,43,07,53,169,39,,,,*4E
$GQGSV,1,1,03,02,00,000,25,03,36,172,43,07,53,169,39,,,,*4E
$GQGSV,1,1,03,02,00,000,25,03,36,172,43,07,53,169,39,,,,*4E
$GQGSV,1,1,03,02,00,000,26,03,36,172,43,07,53,169,39,,,,*4D
$GQGSV,1,1,03,02,00,000,26,03,36,172,43,07,53,169,39,,,,*4D
$GQGSV,1,1,03,02,00,000,26,03,36,172,43,07,53,169,39,,,,*4D
$GQGSV,1,1,02,03,36,172,43,07,53,169,39,,,,,,,,*7A
$GQGSV,1,1,02,03,36,172,43,07,53,169,39,,,,,,,,*7A
$GQGSV,1,1,02,03,36,172,43,07,53,169,39,,,,,,,,*7A
$GQGSV,1,1,02,03,36,172,43,07,53,169,39,,,,,,,,*7A
$GQGSV,1,1,02,03,36,172,43,07,53,169,39,,,,,,,,*7A
$GQGSV,1,1,02,03,36,172,43,07,53,169,39,,,,,,,,*7A
$GQGSV,1,1,03,02,00,000,30,03,36,172,43,07,53,169,39,,,,*4A
$GQGSV,1,1,03,02,00,000,31,03,36,172,43,07,53,169,39,,,,*4B
$GQGSV,1,1,03,02,00,000,30,03,36,172,43,07,53,169,39,,,,*4A
$GQGSV,1,1,03,02,00,000,28,03,36,172,43,07,53,169,39,,,,*43
$GQGSV,1,1,03,02,00,000,27,03,36,172,43,07,53,169,39,,,,*4C
$GQGSV,1,1,03,02,00,000,27,03,36,172,43,07,53,169,39,,,,*4C
$GQGSV,1,1,03,02,00,000,26,03,36,172,43,07,53,169,39,,,,*4D
$GQGSV,1,1,03,02,00,000,25,03,36,172,43,07,53,169,39,,,,*4E
$GQGSV,1,1,03,02,00,000,24,03,36,172,43,07,53,169,39,,,,*4F
$GQGSV,1,1,03,02,00,000,25,03,36,172,43,07,53,169,39,,,,*4E
$GQGSV,1,1,03,02,00,000,24,03,36,172,43,07,53,169,39,,,,*4F
$GQGSV,1,1,03,02,00,000,24,03,36,172,43,07,53,169,38,,,,*4E
$GQGSV,1,1,03,02,00,000,24,03,36,172,43,07,53,169,38,,,,*4E
$GQGSV,1,1,03,02,00,000,25,03,36,172,43,07,53,169,38,,,,*4F
$GQGSV,1,1,03,02,00,000,25,03,36,172,43,07,53,169,38,,,,*4F
$GQGSV,1,1,03,02,00,000,25,03,36,172,43,07,53,169,38,,,,*4F
$GQGSV,1,1,03,02,00,000,25,03,36,172,43,07,53,169,38,,,,*4F
$GQGSV,1,1,03,02,00,000,25,03,36,172,43,07,53,169,38,,,,*4F
$GQGSV,1,1,03,02,00,000,25,03,36,172,43,07,53,169,38,,,,*4F
$GQGSV,1,1,03,02,00,000,25,03,36,172,43,07,53,169,38,,,,*4F
$GQGSV,1,1,03,02,00,000,25,03,36,172,43,07,53,169,38,,,,*4F
$GQGSV,1,1,03,02,00,000,26,03,36,172,43,07,53,169,38,,,,*4C
$GQGSV,1,1,03,02,00,000,26,03,36,172,43,07,53,169,38,,,,*4C
$GQGSV,1,1,03,02,00,000,26,03,36,172,43,07,53,169,38,,,,*4C
$GQGSV,1,1,03,02,00,000,26,03,36,172,43,07,53,169,38,,,,*4C
$GQGSV,1,1,03,02,00,000,26,03,36,172,43,07,53,169,38,,,,*4C
$GQGSV,1,1,03,02,00,000,26,03,36,172,43,07,53,169,38,,,,*4C
$GQGSV,1,1,03,02,00,000,26,03,36,172,43,07,53,169,38,,,,*4C
$GQGSV,1,1,03,02,00,000,24,03,36,172,43,07,53,169,38,,,,*4E
$GQGSV,1,1,03,02,00,000,25,03,36,172,43,07,53,169,38,,,,*4F
$GQGSV,1,1,03,02,00,000,26,03,36,172,42,07,53,169,38,,,,*4D
$GQGSV,1,1,03,02,00,000,26,03,36,172,38,07,53,169,38,,,,*40
$GQGSV,1,1,03,02,00,000,26,03,36,172,34,07,53,169,38,,,,*4C
$GQGSV,1,1,03,02,00,000,26,03,36,172,32,07,53,169,38,,,,*4A
$GQGSV,1,1,03,02,00,000,25,03,36,172,30,07,53,169,38,,,,*4B
$GQGSV,1,1,03,02,00,000,25,03,36,172,29,07,53,169,38,,,,*43
$GQGSV,1,1,03,02,00,000,24,03,36,172,29,07,53,169,38,,,,*42
$GQGSV,1,1,03,02,00,000,23,03,36,172,29,07,53,169,38,,,,*45
$GQGSV,1,1,03,02,00,000,23,03,36,172,30,07,53,169,38,,,,*4D
$GQGSV,1,1,03,02,00,000,23,03,36,172,31,07,53,169,38,,,,*4C
$GQGSV,1,1,03,02,00,000,23,03,36,172,32,07,53,169,38,,,,*4F
$GQGSV,1,1,03,02,00,000,23,03,36,172,33,07,53,169,38,,,,*4E
$GQGSV,1,1,03,02,00,000,23,03,36,172,34,07,53,169,38,,,,*49
$GQGSV,1,1,03,02,00,000,23,03,36,172,34,07,53,169,38,,,,*49
$GQGSV,1,1,03,02,00,000,23,03,36,172,35,07,53,169,38,,,,*48
$GQGSV,1,1,03,02,00,000,23,03,36,172,36,07,53,169,38,,,,*4B
$GQGSV,1,1,03,02,00,000,23,03,36,172,37,07,53,169,38,,,,*4A
$GQGSV,1,1,03,02,00,000,24,03,36,172,38,07,53,169,38,,,,*42
$GQGSV,1,1,03,02,00,000,24,03,36,172,39,07,53,169,38,,,,*43
$GQGSV,1,1,03,02,00,000,24,03,36,172,39,07,53,169,38,,,,*43
$GQGSV,1,1,03,02,00,000,25,03,36,172,39,07,53,169,38,,,,*42
$GQGSV,1,1,03,02,00,000,25,03,36,172,39,07,53,169,38,,,,*42
$GQGSV,1,1,03,02,00,000,25,03,36,172,39,07,53,169,38,,,,*42
$GQGSV,1,1,03,02,00,000,26,03,36,172,39,07,53,169,38,,,,*41
$GQGSV,1,1,03,02,00,000,25,03,36,172,39,07,53,169,38,,,,*42
$GQGSV,1,1,03,02,00,000,25,03,36,172,39,07,53,169,38,,,,*42
$GQGSV,1,1,03,02,00,000,25,03,36,172,40,07,53,169,38,,,,*4C
$GQGSV,1,1,02,03,36,172,40,07,53,169,38,,,,,,,,*78
$GQGSV,1,1,02,03,36,172,40,07,53,169,37,,,,,,,,*77
$GQGSV,1,1,02,03,36,172,40,07,53,169,36,,,,,,,,*76
$GQGSV,1,1,02,03,36,172,40,07,53,169,34,,,,,,,,*74
$GQGSV,1,1,02,03,36,172,40,07,53,169,33,,,,,,,,*73
$GQGSV,1,1,02,03,36,172,40,07,53,169,33,,,,,,,,*73
$GQGSV,1,1,02,03,36,172,40,07,53,169,33,,,,,,,,*73
$GQGSV,1,1,02,03,36,172,40,07,53,169,34,,,,,,,,*74
$GQGSV,1,1,02,03,36,172,40,07,53,169,34,,,,,,,,*74
$GQGSV,1,1,02,03,36,172,40,07,53,169,35,,,,,,,,*75
$GQGSV,1,1,02,03,36,172,40,07,53,169,35,,,,,,,,*75
$GQGSV,1,1,02,03,36,172,40,07,53,169,36,,,,,,,,*76
$GQGSV,1,1,02,03,36,172,40,07,53,169,35,,,,,,,,*75
$GQGSV,1,1,02,03,36,172,40,07,53,169,34,,,,,,,,*74
$GQGSV,1,1,02,03,36,172,39,07,53,169,33,,,,,,,,*7D
$GQGSV,1,1,02,03,36,172,36,07,53,169,32,,,,,,,,*73
$GQGSV,1,1,02,03,36,172,35,07,53,169,30,,,,,,,,*72
$GQGSV,1,1,02,03,36,172,33,07,00,000,29,,,,,,,,*74
$GQGSV,1,1,03,02,00,000,24,03,00,000,32,07,53,169,27,,,,*47
$GQGSV,1,1,03,02,00,000,24,03,00,000,30,07,53,169,26,,,,*44
$GQGSV,1,1,03,02,00,000,24,03,00,000,29,07,53,169,25,,,,*4F
$GQGSV,1,1,03,02,00,000,24,03,00,000,28,07,00,000,24,,,,*47
$GQGSV,1,1,03,02,00,000,24,03,00,000,27,07,00,000,23,,,,*4F
$GQGSV,1,1,03,02,00,000,25,03,00,000,26,07,00,000,25,,,,*49
$GQGSV,1,1,03,02,00,000,25,03,00,000,25,07,00,000,24,,,,*4B
$GQGSV,1,1,02,02,00,000,25,03,00,000,27,,,,,,,,*79
$GQGSV,1,1,02,02,00,000,26,03,00,000,26,,,,,,,,*7B
$GQGSV,1,1,01,02,00,000,26,,,,,,,,,,,,*4F
$GQGSV,1,1,01,02,00,000,26,,,,,,,,,,,,*4F
$GQGSV,1,1,01,02,00,000,26,,,,,,,,,,,,*4F
$GQGSV,1,1,01,02,00,000,26,,,,,,,,,,,,*4F
$GQGSV,1,1,01,02,00,000,26,,,,,,,,,,,,*4F
$GQGSV,1,1,01,02,00,000,25,,,,,,,,,,,,*4C
$GQGSV,1,1,01,02,00,000,25,,,,,,,,,,,,*4C
$GQGSV,1,1,02,02,00,000,25,03,00,000,24,,,,,,,,*7A
$GQGSV,1,1,02,02,00,000,25,03,00,000,23,,,,,,,,*7D
$GQGSV,1,1,02,02,00,000,25,03,00,000,26,,,,,,,,*78
$GQGSV,1,1,02,02,00,000,25,03,00,000,27,,,,,,,,*79
$GQGSV,1,1,02,02,00,000,24,03,00,000,28,,,,,,,,*77
$GQGSV,1,1,02,02,00,000,24,03,00,000,29,,,,,,,,*76
$GQGSV,1,1,02,02,00,000,24,03,00,000,30,,,,,,,,*7E
$GQGSV,1,1,02,02,00,000,23,03,00,000,31,,,,,,,,*78
$GQGSV,1,1,03,02,00,000,23,03,00,000,31,07,00,000,30,,,,*4D
$GQGSV,1,1,03,02,00,000,23,03,00,000,30,07,00,000,33,,,,*4F
$GQGSV,1,1,03,02,00,000,23,03,00,000,30,07,00,000,33,,,,*4F
$GQGSV,1,1,03,02,00,000,23,03,00,000,30,07,00,000,32,,,,*4E
$GQGSV,1,1,03,02,00,000,24,03,00,000,30,07,00,000,31,,,,*4A
$GQGSV,1,1,03,02,00,000,23,03,00,000,29,07,00,000,30,,,,*44
$GQGSV,1,1,03,02,00,000,23,03,00,000,29,07,00,000,29,,,,*4C
$GQGSV,1,1,03,02,00,000,23,03,00,000,28,07,00,000,29,,,,*4D
$GQGSV,1,1,02,02,00,000,22,03,00,000,28,,,,,,,,*71
$GQGSV,1,1,02,02,00,000,22,03,36,172,28,,,,,,,,*70
$GQGSV,1,1,02,02,00,000,22,03,36,172,28,,,,,,,,*70
$GQGSV,1,1,02,02,00,000,22,03,36,172,28,,,,,,,,*70
$GQGSV,1,1,02,02,00,000,23,03,36,172,29,,,,,,,,*70
$GQGSV,1,1,02,02,00,000,23,03,36,172,29,,,,,,,,*70
$GQGSV,1,1,03,02,00,000,23,03,36,172,30,07,00,000,30,,,,*4D
$GQGSV,1,1,03,02,00,000,24,03,36,172,30,07,00,000,34,,,,*4E
$GQGSV,1,1,03,02,00,000,24,03,36,172,30,07,00,000,33,,,,*49
$GQGSV,1,1,03,02,00,000,22,03,36,172,29,07,00,000,32,,,,*46
$GQGSV,1,1,03,02,00,000,22,03,36,172,29,07,00,000,31,,,,*45
$GQGSV,1,1,03,02,00,000,23,03,36,172,29,07,00,000,25,,,,*41
$GQGSV,1,1,03,02,00,000,25,03,36,172,30,07,00,000,25,,,,*4F
$GQGSV,1,1,03,02,00,000,26,03,36,172,30,07,00,000,25,,,,*4C
$GQGSV,1,1,03,02,00,000,27,03,36,172,30,07,00,000,25,,,,*4D
$GQGSV,1,1,03,02,00,000,27,03,36,172,31,07,00,000,25,,,,*4C
$GQGSV,1,1,03,02,00,000,27,03,36,172,31,07,00,000,26,,,,*4F
$GQGSV,1,1,03,02,00,000,26,03,36,172,31,07,00,000,27,,,,*4F
$GQGSV,1,1,03,02,00,000,26,03,36,172,30,07,00,000,29,,,,*40
$GQGSV,1,1,03,02,00,000,26,03,36,172,30,07,00,000,29,,,,*40
$GQGSV,1,1,03,02,00,000,26,03,00,000,31,07,00,000,29,,,,*40
$GQGSV,1,1,03,02,00,000,24,03,00,000,31,07,00,000,30,,,,*4A
$GQGSV,1,1,03,02,00,000,25,03,00,000,31,07,00,000,30,,,,*4B
$GQGSV,1,1,03,02,00,000,25,03,00,000,31,07,00,000,30,,,,*4B
$GQGSV,1,1,03,02,00,000,24,03,36,172,31,07,00,000,30,,,,*4B
$GQGSV,1,1,03,02,00,000,24,03,36,172,30,07,00,000,29,,,,*42
$GQGSV,1,1,03,02,00,000,25,03,36,172,30,07,00,000,29,,,,*43
$GQGSV,1,1,03,02,00,000,25,03,00,000,30,07,00,000,29,,,,*42
$GQGSV,1,1,03,02,00,000,26,03,00,000,30,07,00,000,29,,,,*41
$GQGSV,1,1,03,02,00,000,26,03,00,000,30,07,00,000,29,,,,*41
$GQGSV,1,1,03,02,00,000,26,03,00,000,30,07,00,000,29,,,,*41
$GQGSV,1,1,03,02,00,000,25,03,00,000,30,07,00,000,29,,,,*42
$GQGSV,1,1,03,02,00,000,25,03,00,000,30,07,00,000,29,,,,*42
$GQGSV,1,1,03,02,00,000,25,03,00,000,29,07,00,000,29,,,,*4A
$GQGSV,1,1,03,02,00,000,25,03,36,172,29,07,00,000,29,,,,*4B
$GQGSV,1,1,03,02,00,000,25,03,36,172,31,07,00,000,29,,,,*42
$GQGSV,1,1,03,02,00,000,25,03,00,000,31,07,00,000,29,,,,*43
$GQGSV,1,1,03,02,00,000,26,03,00,000,31,07,00,000,28,,,,*41
$GQGSV,1,1,03,02,00,000,26,03,36,172,31,07,00,000,27,,,,*4F
$GQGSV,1,1,03,02,00,000,26,03,36,172,32,07,00,000,27,,,,*4C
$GQGSV,1,1,03,02,00,000,26,03,36,172,32,07,00,000,26,,,,*4D
$GQGSV,1,1,03,02,00,000,25,03,36,172,33,07,00,000,26,,,,*4F
$GQGSV,1,1,03,02,00,000,25,03,36,172,33,07,00,000,26,,,,*4F
$GQGSV,1,1,03,02,00,000,25,03,36,172,33,07,00,000,26,,,,*4F
$GQGSV,1,1,03,02,00,000,25,03,36,172,33,07,00,000,26,,,,*4F
$GQGSV,1,1,03,02,00,000,25,03,36,172,32,07,00,000,26,,,,*4E
$GQGSV,1,1,03,02,00,000,25,03,36,172,32,07,00,000,27,,,,*4F
$GQGSV,1,1,03,02,00,000,25,03,36,172,32,07,00,000,28,,,,*40
$GQGSV,1,1,03,02,00,000,25,03,36,172,32,07,00,000,28,,,,*40
$GQGSV,1,1,03,02,00,000,25,03,36,172,33,07,00,000,29,,,,*40
$GQGSV,1,1,03,02,00,000,24,03,36,172,33,07,00,000,29,,,,*41
$GQGSV,1,1,03,02,00,000,23,03,36,172,32,07,00,000,29,,,,*47
$GQGSV,1,1,03,02,00,000,22,03,36,172,30,07,00,000,29,,,,*44
$GQGSV,1,1,03,02,00,000,22,03,00,000,29,07,00,000,30,,,,*45
$GQGSV,1,1,03,02,00,000,22,03,00,000,29,07,00,000,30,,,,*45
$GQGSV,1,1,03,02,00,000,22,03,00,000,29,07,00,000,30,,,,*45
$GQGSV,1,1,03,02,00,000,22,03,36,172,30,07,00,000,30,,,,*4C
$GQGSV,1,1,03,02,00,000,23,03,36,172,28,07,00,000,29,,,,*4C
$GQGSV,1,1,03,02,00,000,24,03,36,172,28,07,00,000,29,,,,*4B
$GQGSV,1,1,03,02,00,000,24,03,36,172,29,07,00,000,30,,,,*42
$GQGSV,1,1,03,02,00,000,24,03,36,172,30,07,00,000,29,,,,*42
$GQGSV,1,1,03,02,00,000,24,03,36,172,31,07,00,000,29,,,,*43
$GQGSV,1,1,03,02,00,000,23,03,36,172,30,07,00,000,29,,,,*45
$GQGSV,1,1,03,02,00,000,23,03,00,000,30,07,00,000,29,,,,*44
$GQGSV,1,1,03,02,00,000,23,03,00,000,31,07,00,000,29,,,,*45
$GQGSV,1,1,03,02,00,000,23,03,36,172,31,07,00,000,41,,,,*4A
$GQGSV,1,1,03,02,00,000,23,03,36,172,31,07,00,000,41,,,,*4A
$GQGSV,1,1,03,02,00,000,23,03,36,172,31,07,53,169,41,,,,*42
$GQGSV,1,1,03,02,00,000,23,03,00,000,32,07,53,169,40,,,,*41
$GQGSV,1,1,03,02,00,000,24,03,00,000,32,07,53,169,40,,,,*46
$GQGSV,1,1,03,02,00,000,25,03,00,000,33,07,53,169,39,,,,*48
$GQGSV,1,1,03,02,00,000,25,03,00,000,33,07,53,169,39,,,,*48
$GQGSV,1,1,03,02,00,000,25,03,00,000,32,07,53,169,39,,,,*49
$GQGSV,1,1,03,02,00,000,26,03,00,000,31,07,53,169,39,,,,*49
$GQGSV,1,1,03,02,00,000,26,03,00,000,30,07,53,169,38,,,,*49
$GQGSV,1,1,03,02,00,000,26,03,36,172,30,07,53,169,37,,,,*47
$GQGSV,1,1,03,02,00,000,26,03,00,000,30,07,53,169,36,,,,*47
$GQGSV,1,1,03,02,00,000,22,03,00,000,30,07,53,169,35,,,,*40
$GQGSV,1,1,03,02,00,000,22,03,36,172,30,07,53,169,33,,,,*47
$GQGSV,1,1,03,02,00,000,23,03,36,172,30,07,53,169,31,,,,*44
$GQGSV,1,1,03,02,00,000,24,03,36,172,30,07,53,169,30,,,,*42
$GQGSV,1,1,03,02,00,000,25,03,36,172,30,07,53,169,29,,,,*4B
$GQGSV,1,1,03,02,00,000,25,03,36,172,29,07,53,169,28,,,,*42
$GQGSV,1,1,03,02,00,000,24,03,36,172,28,07,53,169,27,,,,*4D
$GQGSV,1,1,03,02,00,000,24,03,36,172,28,07,00,000,26,,,,*44
$GQGSV,1,1,03,02,00,000,24,03,36,172,27,07,00,000,26,,,,*4B
$GQGSV,1,1,03,02,00,000,23,03,36,172,28,07,00,000,25,,,,*40
$GQGSV,1,1,03,02,00,000,23,03,00,000,27,07,00,000,25,,,,*4E
$GQGSV,1,1,03,02,00,000,23,03,00,000,27,07,00,000,25,,,,*4E
$GQGSV,1,1,03,02,00,000,25,03,00,000,26,07,00,000,27,,,,*4B
$GQGSV,1,1,03,02,00,000,25,03,00,000,25,07,00,000,26,,,,*49
$GQGSV,1,1,03,02,00,000,25,03,00,000,25,07,00,000,26,,,,*49
$GQGSV,1,1,02,02,00,000,25,03,00,000,25,,,,,,,,*7B
$GQGSV,1,1,02,02,00,000,24,03,00,000,24,,,,,,,,*7B
$GQGSV,1,1,01,03,00,000,23,,,,,,,,,,,,*4B
$GQGSV,1,1,01,03,00,000,22,,,,,,,,,,,,*4A
$GQGSV,1,1,01,03,00,000,22,,,,,,,,,,,,*4A
$GQGSV,1,1,01,03,00,000,27,,,,,,,,,,,,*4F
$GQGSV,1,1,01,03,00,000,26,,,,,,,,,,,,*4E
$GQGSV,1,1,01,03,00,000,26,,,,,,,,,,,,*4E
$GQGSV,1,1,02,02,00,000,29,03,00,000,26,,,,,,,,*74
$GQGSV,1,1,03,02,00,000,30,03,00,000,25,07,00,000,28,,,,*43
$GQGSV,1,1,03,02,00,000,30,03,00,000,24,07,00,000,33,,,,*48
$GQGSV,1,1,03,02,00,000,30,03,00,000,24,07,00,000,36,,,,*4D
$GQGSV,1,1,03,02,00,000,29,03,00,000,24,07,00,000,34,,,,*47
$GQGSV,1,1,03,02,00,000,28,03,00,000,23,07,00,000,31,,,,*44
$GQGSV,1,1,03,02,00,000,28,03,00,000,23,07,00,000,28,,,,*4C
$GQGSV,1,1,03,02,00,000,28,03,00,000,35,07,00,000,27,,,,*44
$GQGSV,1,1,03,02,00,000,29,03,00,000,36,07,00,000,28,,,,*49
$GQGSV,1,1,03,02,00,000,29,03,00,000,37,07,00,000,29,,,,*49
$GQGSV,1,1,03,02,00,000,29,03,00,000,37,07,00,000,29,,,,*49
$GQGSV,1,1,03,02,00,000,28,03,00,000,37,07,00,000,29,,,,*48
$GQGSV,1,1,03,02,00,000,28,03,00,000,37,07,00,000,30,,,,*40
$GQGSV,1,1,03,02,00,000,28,03,00,000,37,07,00,000,30,,,,*40
$GQGSV,1,1,03,02,00,000,28,03,00,000,35,07,00,000,31,,,,*43
$GQGSV,1,1,03,02,00,000,28,03,00,000,32,07,00,000,31,,,,*44
$GQGSV,1,1,03,02,00,000,29,03,00,000,31,07,00,000,31,,,,*46
$GQGSV,1,1,03,02,00,000,29,03,00,000,31,07,00,000,31,,,,*46
$GQGSV,1,1,03,02,00,000,29,03,00,000,31,07,00,000,31,,,,*46
$GQGSV,1,1,03,02,00,000,29,03,00,000,31,07,00,000,31,,,,*46
$GQGSV,1,1,03,02,00,000,28,03,00,000,31,07,00,000,32,,,,*44
$GQGSV,1,1,03,02,00,000,28,03,00,000,32,07,00,000,31,,,,*44
$GQGSV,1,1,03,02,00,000,28,03,00,000,32,07,00,000,31,,,,*44
$GQGSV,1,1,03,02,00,000,28,03,00,000,32,07,00,000,31,,,,*44
$GQGSV,1,1,03,02,00,000,28,03,00,000,32,07,00,000,31,,,,*44
$GQGSV,1,1,03,02,00,000,28,03,00,000,32,07,00,000,31,,,,*44
$GQGSV,1,1,03,02,00,000,28,03,00,000,31,07,00,000,32,,,,*44
$GQGSV,1,1,03,02,00,000,27,03,00,000,30,07,00,000,32,,,,*4A
$GQGSV,1,1,03,02,00,000,27,03,00,000,29,07,00,000,33,,,,*43
$GQGSV,1,1,03,02,00,000,27,03,00,000,29,07,00,000,33,,,,*43
$GQGSV,1,1,03,02,00,000,27,03,00,000,29,07,00,000,33,,,,*43
$GQGSV,1,1,03,02,00,000,27,03,00,000,28,07,00,000,34,,,,*45
$GQGSV,1,1,03,02,00,000,27,03,00,000,29,07,00,000,34,,,,*44
$GQGSV,1,1,03,02,00,000,27,03,00,000,29,07,00,000,34,,,,*44
$GQGSV,1,1,02,03,00,000,29,07,00,000,34,,,,,,,,*72
$GQGSV,1,1,02,03,00,000,30,07,00,000,33,,,,,,,,*7D
$GQGSV,1,1,02,03,00,000,30,07,00,000,32,,,,,,,,*7C
$GQGSV,1,1,02,03,00,000,30,07,00,000,32,,,,,,,,*7C
$GQGSV,1,1,02,03,00,000,30,07,00,000,31,,,,,,,,*7F
$GQGSV,1,1,02,03,00,000,31,07,00,000,31,,,,,,,,*7E
$GQGSV,1,1,02,03,00,000,31,07,00,000,31,,,,,,,,*7E
$GQGSV,1,1,02,03,00,000,31,07,00,000,32,,,,,,,,*7D
$GQGSV,1,1,02,03,00,000,32,07,00,000,32,,,,,,,,*7E
$GQGSV,1,1,02,03,00,000,32,07,00,000,32,,,,,,,,*7E
$GQGSV,1,1,02,03,00,000,32,07,00,000,32,,,,,,,,*7E
$GQGSV,1,1,02,03,00,000,32,07,00,000,32,,,,,,,,*7E
$GQGSV,1,1,02,03,00,000,32,07,00,000,32,,,,,,,,*7E
$GQGSV,1,1,02,03,00,000,33,07,00,000,31,,,,,,,,*7C
$GQGSV,1,1,02,03,00,000,33,07,00,000,31,,,,,,,,*7C
$GQGSV,1,1,02,03,00,000,33,07,00,000,31,,,,,,,,*7C
$GQGSV,1,1,03,02,00,000,28,03,00,000,33,07,00,000,31,,,,*45
$GQGSV,1,1,03,02,00,000,30,03,00,000,34,07,00,000,31,,,,*4B
$GQGSV,1,1,03,02,00,000,30,03,00,000,33,07,00,000,32,,,,*4F
$GQGSV,1,1,03,02,00,000,30,03,00,000,32,07,00,000,32,,,,*4E
$GQGSV,1,1,03,02,00,000,30,03,00,000,32,07,00,000,32,,,,*4E
$GQGSV,1,1,03,02,00,000,30,03,00,000,32,07,00,000,32,,,,*4E
$GQGSV,1,1,03,02,00,000,29,03,00,000,31,07,00,000,32,,,,*45
$GQGSV,1,1,03,02,00,000,29,03,00,000,31,07,00,000,32,,,,*45
$GQGSV,1,1,03,02,00,000,29,03,00,000,32,07,00,000,32,,,,*46
$GQGSV,1,1,03,02,00,000,29,03,00,000,32,07,00,000,32,,,,*46
$GQGSV,1,1,03,02,00,000,29,03,00,000,32,07,00,000,32,,,,*46
$GQGSV,1,1,03,02,00,000,30,03,00,000,32,07,00,000,31,,,,*4D
$GQGSV,1,1,03,02,00,000,30,03,00,000,32,07,00,000,31,,,,*4D
$GQGSV,1,1,03,02,00,000,28,03,00,000,32,07,00,000,30,,,,*45
$GQGSV,1,1,03,02,00,000,28,03,00,000,30,07,00,000,30,,,,*47
$GQGSV,1,1,03,02,00,000,28,03,00,000,30,07,00,000,31,,,,*46
$GQGSV,1,1,03,02,00,000,28,03,00,000,29,07,00,000,31,,,,*4E
$GQGSV,1,1,03,02,00,000,28,03,00,000,29,07,00,000,31,,,,*4E
$GQGSV,1,1,03,02,00,000,28,03,00,000,29,07,00,000,31,,,,*4E
$GQGSV,1,1,03,02,00,000,28,03,00,000,29,07,00,000,31,,,,*4E
$GQGSV,1,1,03,02,00,000,29,03,00,000,29,07,00,000,32,,,,*4C
$GQGSV,1,1,03,02,00,000,29,03,00,000,29,07,00,000,32,,,,*4C
$GQGSV,1,1,03,02,00,000,28,03,00,000,29,07,00,000,32,,,,*4D
$GQGSV,1,1,03,02,00,000,28,03,00,000,30,07,00,000,33,,,,*44
$GQGSV,1,1,03,02,00,000,28,03,00,000,30,07,00,000,33,,,,*44
$GQGSV,1,1,03,02,00,000,27,03,00,000,30,07,00,000,32,,,,*4A
$GQGSV,1,1,03,02,00,000,28,03,00,000,30,07,00,000,32,,,,*45
$GQGSV,1,1,03,02,00,000,28,03,00,000,31,07,00,000,32,,,,*44
$GQGSV,1,1,03,02,00,000,28,03,00,000,31,07,00,000,33,,,,*45
$GQGSV,1,1,03,02,00,000,29,03,00,000,31,07,00,000,33,,,,*44
$GQGSV,1,1,03,02,00,000,28,03,00,000,31,07,00,000,33,,,,*45
$GQGSV,1,1,03,02,00,000,28,03,00,000,31,07,00,000,34,,,,*42
$GQGSV,1,1,03,02,00,000,29,03,00,000,31,07,00,000,34,,,,*43
$GQGSV,1,1,03,02,00,000,29,03,00,000,31,07,00,000,35,,,,*42
$GQGSV,1,1,03,02,00,000,29,03,00,000,31,07,00,000,35,,,,*42
$GQGSV,1,1,03,02,00,000,28,03,00,000,30,07,00,000,35,,,,*42
$GQGSV,1,1,03,02,00,000,28,03,00,000,29,07,00,000,35,,,,*4A
$GQGSV,1,1,03,02,00,000,28,03,00,000,28,07,53,169,34,,,,*42
$GQGSV,1,1,03,02,00,000,29,03,00,000,27,07,00,000,34,,,,*44
$GQGSV,1,1,03,02,00,000,28,03,00,000,27,07,00,000,34,,,,*45
$GQGSV,1,1,03,02,00,000,28,03,00,000,28,07,00,000,33,,,,*4D
$GQGSV,1,1,03,02,00,000,27,03,00,000,28,07,00,000,33,,,,*42
$GQGSV,1,1,03,02,00,000,27,03,00,000,27,07,00,000,33,,,,*4D
$GQGSV,1,1,03,02,00,000,27,03,00,000,27,07,00,000,32,,,,*4C
$GQGSV,1,1,03,02,00,000,27,03,00,000,27,07,00,000,31,,,,*4F
$GQGSV,1,1,03,02,00,000,27,03,00,000,27,07,00,000,30,,,,*4E
$GQGSV,1,1,03,02,00,000,27,03,00,000,27,07,00,000,29,,,,*46
$GQGSV,1,1,03,02,00,000,27,03,00,000,27,07,00,000,28,,,,*47
$GQGSV,1,1,03,02,00,000,26,03,00,000,28,07,00,000,27,,,,*46
$GQGSV,1,1,03,02,00,000,26,03,00,000,28,07,00,000,27,,,,*46
$GQGSV,1,1,03,02,00,000,26,03,00,000,28,07,00,000,27,,,,*46
$GQGSV,1,1,03,02,00,000,26,03,00,000,27,07,00,000,27,,,,*49
$GQGSV,1,1,03,02,00,000,26,03,00,000,27,07,00,000,27,,,,*49
$GQGSV,1,1,03,02,00,000,26,03,00,000,28,07,00,000,27,,,,*46
$GQGSV,1,1,03,02,00,000,26,03,00,000,28,07,00,000,27,,,,*46
$GQGSV,1,1,03,02,00,000,26,03,00,000,28,07,00,000,27,,,,*46
$GQGSV,1,1,03,02,00,000,26,03,00,000,28,07,00,000,27,,,,*46
$GQGSV,1,1,03,02,00,000,26,03,00,000,29,07,00,000,27,,,,*47
$GQGSV,1,1,03,02,00,000,26,03,00,000,29,07,00,000,26,,,,*46
$GQGSV,1,1,03,02,00,000,26,03,00,000,29,07,00,000,27,,,,*47
$GQGSV,1,1,03,02,00,000,26,03,00,000,29,07,00,000,27,,,,*47
$GQGSV,1,1,03,02,00,000,25,03,00,000,29,07,00,000,28,,,,*4B
$GQGSV,1,1,03,02,00,000,25,03,00,000,29,07,00,000,29,,,,*4A
$GQGSV,1,1,03,02,00,000,25,03,00,000,28,07,00,000,29,,,,*4B
$GQGSV,1,1,03,02,00,000,26,03,00,000,27,07,00,000,30,,,,*4F
$GQGSV,1,1,03,02,00,000,26,03,00,000,27,07,00,000,30,,,,*4F
$GQGSV,1,1,03,02,00,000,26,03,00,000,26,07,00,000,30,,,,*4E
$GQGSV,1,1,03,02,00,000,27,03,00,000,26,07,00,000,30,,,,*4F
$GQGSV,1,1,03,02,00,000,27,03,00,000,26,07,00,000,30,,,,*4F
$GQGSV,1,1,03,02,00,000,27,03,00,000,26,07,00,000,29,,,,*47
$GQGSV,1,1,03,02,00,000,27,03,00,000,26,07,00,000,29,,,,*47
$GQGSV,1,1,03,02,00,000,27,03,00,000,25,07,00,000,29,,,,*44
$GQGSV,1,1,03,02,00,000,26,03,00,000,24,07,00,000,29,,,,*44
$GQGSV,1,1,03,02,00,000,26,03,00,000,24,07,00,000,29,,,,*44
$GQGSV,1,1,03,02,00,000,26,03,00,000,25,07,00,000,29,,,,*45
$GQGSV,1,1,03,02,00,000,26,03,00,000,24,07,00,000,29,,,,*44
$GQGSV,1,1,03,02,00,000,26,03,00,000,25,07,00,000,28,,,,*44
$GQGSV,1,1,03,02,00,000,25,03,00,000,25,07,00,000,28,,,,*47
$GQGSV,1,1,03,02,00,000,25,03,00,000,26,07,00,000,28,,,,*44
$GQGSV,1,1,03,02,00,000,25,03,00,000,26,07,00,000,28,,,,*44
$GQGSV,1,1,03,02,00,000,26,03,00,000,26,07,00,000,27,,,,*48
$GQGSV,1,1,03,02,00,000,26,03,00,000,27,07,00,000,27,,,,*49
$GQGSV,1,1,03,02,00,000,27,03,00,000,27,07,00,000,26,,,,*49
$GQGSV,1,1,03,02,00,000,27,03,00,000,27,07,00,000,25,,,,*4A
$GQGSV,1,1,03,02,00,000,27,03,00,000,28,07,53,169,25,,,,*4D
$GQGSV,1,1,03,02,00,000,27,03,00,000,28,07,00,000,25,,,,*45
$GQGSV,1,1,03,02,00,000,27,03,00,000,28,07,00,000,26,,,,*46
$GQGSV,1,1,03,02,00,000,27,03,00,000,28,07,53,169,27,,,,*4F
$GQGSV,1,1,03,02,00,000,27,03,00,000,28,07,00,000,27,,,,*47
$GQGSV,1,1,03,02,00,000,27,03,00,000,28,07,00,000,27,,,,*47
$GQGSV,1,1,03,02,00,000,27,03,00,000,27,07,00,000,27,,,,*48
$GQGSV,1,1,03,02,00,000,28,03,00,000,27,07,00,000,27,,,,*47
$GQGSV,1,1,03,02,00,000,28,03,00,000,27,07,00,000,27,,,,*47
$GQGSV,1,1,03,02,00,000,28,03,00,000,27,07,00,000,27,,,,*47
$GQGSV,1,1,03,02,00,000,28,03,00,000,26,07,00,000,28,,,,*49
$GQGSV,1,1,03,02,00,000,27,03,00,000,26,07,00,000,28,,,,*46
$GQGSV,1,1,03,02,00,000,27,03,00,000,26,07,00,000,27,,,,*49
$GQGSV,1,1,03,02,00,000,27,03,00,000,26,07,00,000,27,,,,*49
$GQGSV,1,1,03,02,00,000,28,03,00,000,26,07,00,000,26,,,,*47
$GQGSV,1,1,03,02,00,000,28,03,00,000,26,07,00,000,26,,,,*47
$GQGSV,1,1,03,02,00,000,27,03,00,000,24,07,00,000,25,,,,*49
$GQGSV,1,1,03,02,00,000,27,03,00,000,23,07,00,000,25,,,,*4E
$GQGSV,1,1,03,02,00,000,26,03,00,000,23,07,00,000,25,,,,*4F
$GQGSV,1,1,02,02,00,000,25,07,00,000,25,,,,,,,,*7F
$GQGSV,1,1,02,02,00,000,26,07,00,000,25,,,,,,,,*7C
$GQGSV,1,1,02,02,00,000,26,07,00,000,25,,,,,,,,*7C
$GQGSV,1,1,02,02,00,000,26,07,00,000,25,,,,,,,,*7C
$GQGSV,1,1,02,02,00,000,27,07,00,000,25,,,,,,,,*7D
$GQGSV,1,1,02,02,00,000,27,07,00,000,25,,,,,,,,*7D
$GQGSV,1,1,02,02,00,000,27,07,00,000,26,,,,,,,,*7E
$GQGSV,1,1,02,02,00,000,28,07,00,000,26,,,,,,,,*71
$GQGSV,1,1,02,02,00,000,28,07,00,000,27,,,,,,,,*70
$GQGSV,1,1,02,02,00,000,29,07,00,000,28,,,,,,,,*7E
$GQGSV,1,1,03,02,00,000,29,03,00,000,32,07,00,000,28,,,,*4D
$GQGSV,1,1,03,02,00,000,29,03,00,000,32,07,00,000,28,,,,*4D
$GQGSV,1,1,03,02,00,000,28,03,00,000,33,07,00,000,27,,,,*42
$GQGSV,1,1,03,02,00,000,28,03,00,000,32,07,00,000,27,,,,*43
$GQGSV,1,1,03,02,00,000,27,03,00,000,31,07,00,000,27,,,,*4F
$GQGSV,1,1,03,02,00,000,27,03,00,000,32,07,00,000,27,,,,*4C
$GQGSV,1,1,03,02,00,000,27,03,00,000,32,07,00,000,30,,,,*4A
$GQGSV,1,1,03,02,00,000,28,03,00,000,31,07,00,000,31,,,,*47
$GQGSV,1,1,03,02,00,000,28,03,00,000,29,07,00,000,31,,,,*4E
$GQGSV,1,1,03,02,00,000,28,03,00,000,29,07,00,000,31,,,,*4E
$GQGSV,1,1,03,02,00,000,28,03,00,000,28,07,00,000,30,,,,*4E
$GQGSV,1,1,02,02,00,000,28,07,00,000,29,,,,,,,,*7E
$GQGSV,1,1,02,02,00,000,29,07,00,000,28,,,,,,,,*7E
$GQGSV,1,1,02,02,00,000,29,07,00,000,28,,,,,,,,*7E
$GQGSV,1,1,02,02,00,000,29,07,00,000,28,,,,,,,,*7E
$GQGSV,1,1,02,02,00,000,29,07,00,000,27,,,,,,,,*71
$GQGSV,1,1,02,02,00,000,28,07,00,000,28,,,,,,,,*7F
$GQGSV,1,1,03,02,00,000,28,03,00,000,29,07,00,000,28,,,,*46
$GQGSV,1,1,02,02,00,000,28,03,00,000,30,,,,,,,,*72
$GQGSV,1,1,02,02,00,000,27,03,00,000,29,,,,,,,,*75
$GQGSV,1,1,02,02,00,000,27,03,00,000,30,,,,,,,,*7D
$GQGSV,1,1,02,02,00,000,27,03,00,000,30,,,,,,,,*7D
$GQGSV,1,1,02,02,00,000,26,03,00,000,30,,,,,,,,*7C
$GQGSV,1,1,01,02,00,000,26,,,,,,,,,,,,*4F
$GQGSV,1,1,01,02,00,000,26,,,,,,,,,,,,*4F
$GQGSV,1,1,01,02,00,000,26,,,,,,,,,,,,*4F
$GQGSV,1,1,01,02,00,000,26,,,,,,,,,,,,*4F
$GQGSV,1,1,02,02,00,000,26,03,00,000,23,,,,,,,,*7E
$GQGSV,1,1,02,02,00,000,25,03,00,000,24,,,,,,,,*7A
$GQGSV,1,1,02,02,00,000,25,03,00,000,25,,,,,,,,*7B
$GQGSV,1,1,03,02,00,000,26,03,00,000,25,07,00,000,29,,,,*45
$GQGSV,1,1,02,03,00,000,25,07,00,000,28,,,,,,,,*73
$GQGSV,1,1,01,07,00,000,27,,,,,,,,,,,,*4B
$GQGSV,1,1,01,07,00,000,26,,,,,,,,,,,,*4A
$GQGSV,1,1,01,07,00,000,26,,,,,,,,,,,,*4A
$GQGSV,1,1,02,03,00,000,36,07,00,000,26,,,,,,,,*7F
$GQGSV,1,1,02,03,00,000,36,07,00,000,27,,,,,,,,*7E
$GQGSV,1,1,02,03,00,000,36,07,00,000,27,,,,,,,,*7E
$GQGSV,1,1,01,03,00,000,35,,,,,,,,,,,,*4C
$GQGSV,1,1,01,03,00,000,34,,,,,,,,,,,,*4D
$GQGSV,1,1,01,07,00,000,29,,,,,,,,,,,,*45
$GQGSV,1,1,01,07,00,000,28,,,,,,,,,,,,*44
$GQGSV,1,1,01,07,00,000,27,,,,,,,,,,,,*4B
$GQGSV,1,1,01,07,00,000,27,,,,,,,,,,,,*4B
$GQGSV,1,1,01,07,00,000,27,,,,,,,,,,,,*4B
$GQGSV,1,1,01,07,00,000,28,,,,,,,,,,,,*44
$GQGSV,1,1,01,07,00,000,29,,,,,,,,,,,,*45
$GQGSV,1,1,02,03,00,000,23,07,00,000,29,,,,,,,,*74
$GQGSV,1,1,02,03,00,000,27,07,00,000,29,,,,,,,,*70
$GQGSV,1,1,02,03,00,000,28,07,00,000,28,,,,,,,,*7E
$GQGSV,1,1,02,03,00,000,28,07,00,000,28,,,,,,,,*7E
$GQGSV,1,1,02,03,00,000,27,07,00,000,27,,,,,,,,*7E
$GQGSV,1,1,02,03,00,000,26,07,00,000,26,,,,,,,,*7E
$GQGSV,1,1,02,03,00,000,27,07,00,000,26,,,,,,,,*7F
$GQGSV,1,1,02,03,00,000,27,07,00,000,25,,,,,,,,*7C
$GQGSV,1,1,02,03,00,000,28,07,00,000,25,,,,,,,,*73
$GQGSV,1,1,02,03,00,000,28,07,00,000,25,,,,,,,,*73
$GQGSV,1,1,02,03,00,000,28,07,00,000,25,,,,,,,,*73
$GQGSV,1,1,02,03,00,000,32,07,00,000,24,,,,,,,,*79
$GQGSV,1,1,02,03,00,000,29,07,00,000,24,,,,,,,,*73
$GQGSV,1,1,02,03,00,000,29,07,00,000,24,,,,,,,,*73
$GQGSV,1,1,03,02,00,000,27,03,00,000,29,07,00,000,25,,,,*44
$GQGSV,1,1,03,02,00,000,26,03,00,000,30,07,00,000,25,,,,*4D
$GQGSV,1,1,03,02,00,000,27,03,00,000,31,07,00,000,25,,,,*4D
$GQGSV,1,1,03,02,00,000,26,03,00,000,31,07,00,000,25,,,,*4C
$GQGSV,1,1,03,02,00,000,25,03,00,000,31,07,00,000,29,,,,*43
$GQGSV,1,1,03,02,00,000,26,03,00,000,30,07,00,000,28,,,,*40
$GQGSV,1,1,03,02,00,000,27,03,00,000,30,07,00,000,27,,,,*4E
$GQGSV,1,1,03,02,00,000,26,03,00,000,30,07,00,000,26,,,,*4E
$GQGSV,1,1,03,02,00,000,27,03,00,000,30,07,00,000,27,,,,*4E
$GQGSV,1,1,03,02,00,000,26,03,00,000,31,07,00,000,28,,,,*41
$GQGSV,1,1,03,02,00,000,27,03,00,000,31,07,00,000,20,,,,*48
$GQGSV,1,1,03,02,00,000,26,03,00,000,32,07,00,000,22,,,,*48
$GQGSV,1,1,03,02,00,000,26,03,00,000,32,07,00,000,24,,,,*4E
$GQGSV,1,1,02,03,00,000,32,07,00,000,25,,,,,,,,*78
$GQGSV,1,1,02,03,00,000,32,07,00,000,25,,,,,,,,*78
$GQGSV,1,1,02,03,00,000,31,07,00,000,24,,,,,,,,*7A
$GQGSV,1,1,01,07,00,000,23,,,,,,,,,,,,*4F
$GQGSV,1,1,01,07,00,000,23,,,,,,,,,,,,*4F
$GQGSV,1,1,01,07,00,000,24,,,,,,,,,,,,*48
$GQGSV,1,1,01,07,00,000,25,,,,,,,,,,,,*49
$GQGSV,1,1,01,07,00,000,25,,,,,,,,,,,,*49
$GQGSV,1,1,01,07,00,000,25,,,,,,,,,,,,*49
$GQGSV,1,1,01,07,00,000,25,,,,,,,,,,,,*49
$GQGSV,1,1,01,07,00,000,25,,,,,,,,,,,,*49
$GQGSV,1,1,01,07,00,000,24,,,,,,,,,,,,*48
$GQGSV,1,1,01,07,00,000,25,,,,,,,,,,,,*49
$GQGSV,1,1,01,07,00,000,25,,,,,,,,,,,,*49
$GQGSV,1,1,01,07,00,000,25,,,,,,,,,,,,*49
$GQGSV,1,1,01,07,00,000,26,,,,,,,,,,,,*4A
$GQGSV,1,1,01,07,00,000,27,,,,,,,,,,,,*4B
$GQGSV,1,1,01,07,00,000,27,,,,,,,,,,,,*4B
$GQGSV,1,1,01,07,00,000,27,,,,,,,,,,,,*4B
$GQGSV,1,1,01,07,00,000,28,,,,,,,,,,,,*44
$GQGSV,1,1,01,07,00,000,29,,,,,,,,,,,,*45
$GQGSV,1,1,01,07,00,000,29,,,,,,,,,,,,*45
$GQGSV,1,1,01,07,00,000,28,,,,,,,,,,,,*44
$GQGSV,1,1,03,02,00,000,26,03,00,000,34,07,00,000,27,,,,*4B
$GQGSV,1,1,02,03,00,000,35,07,00,000,26,,,,,,,,*7C
$GQGSV,1,1,02,03,00,000,35,07,00,000,33,,,,,,,,*78
$GQGSV,1,1,02,03,00,000,35,07,00,000,33,,,,,,,,*78
$GQGSV,1,1,02,03,00,000,35,07,00,000,34,,,,,,,,*7F
$GQGSV,1,1,02,03,00,000,33,07,00,000,33,,,,,,,,*7E
$GQGSV,1,1,02,03,00,000,30,07,00,000,31,,,,,,,,*7F
$GQGSV,1,1,02,03,36,172,28,07,00,000,30,,,,,,,,*76
$GQGSV,1,1,02,03,36,172,27,07,53,169,29,,,,,,,,*79
$GQGSV,1,1,02,03,00,000,25,07,53,169,28,,,,,,,,*7B
$GQGSV,1,1,02,03,00,000,24,07,53,169,27,,,,,,,,*75
$GQGSV,1,1,02,03,00,000,25,07,53,169,28,,,,,,,,*7B
$GQGSV,1,1,02,03,00,000,25,07,53,169,28,,,,,,,,*7B
$GQGSV,1,1,03,02,00,000,33,03,36,172,25,07,53,169,28,,,,*49
$GQGSV,1,1,03,02,00,000,33,03,00,000,24,07,53,169,28,,,,*49
$GQGSV,1,1,03,02,00,000,33,03,00,000,24,07,53,169,27,,,,*46
$GQGSV,1,1,03,02,00,000,33,03,00,000,24,07,53,169,27,,,,*46
$GQGSV,1,1,03,02,00,000,33,03,00,000,24,07,53,169,27,,,,*46
$GQGSV,1,1,03,02,00,000,33,03,00,000,24,07,53,169,28,,,,*49
$GQGSV,1,1,03,02,00,000,33,03,00,000,24,07,53,169,28,,,,*49
$GQGSV,1,1,03,02,00,000,32,03,00,000,24,07,53,169,28,,,,*48
$GQGSV,1,1,03,02,00,000,32,03,36,172,24,07,53,169,28,,,,*49
$GQGSV,1,1,03,02,00,000,32,03,36,172,23,07,53,169,28,,,,*4E
$GQGSV,1,1,03,02,00,000,32,03,00,000,23,07,53,169,27,,,,*40
$GQGSV,1,1,03,02,00,000,32,03,00,000,32,07,53,169,27,,,,*40
$GQGSV,1,1,03,02,00,000,31,03,00,000,32,07,53,169,27,,,,*43
$GQGSV,1,1,03,02,00,000,31,03,00,000,32,07,53,169,27,,,,*43
$GQGSV,1,1,03,02,00,000,31,03,00,000,32,07,00,000,27,,,,*4B
$GQGSV,1,1,03,02,00,000,31,03,00,000,33,07,00,000,27,,,,*4A
$GQGSV,1,1,03,02,00,000,31,03,00,000,33,07,53,169,26,,,,*43
$GQGSV,1,1,03,02,00,000,31,03,00,000,33,07,53,169,26,,,,*43
$GQGSV,1,1,03,02,00,000,31,03,00,000,33,07,53,169,27,,,,*42
$GQGSV,1,1,03,02,00,000,30,03,00,000,33,07,53,169,27,,,,*43
$GQGSV,1,1,03,02,00,000,30,03,00,000,33,07,53,169,27,,,,*43
$GQGSV,1,1,03,02,00,000,31,03,00,000,33,07,53,169,28,,,,*4D
$GQGSV,1,1,03,02,00,000,31,03,00,000,33,07,53,169,28,,,,*4D
$GQGSV,1,1,03,02,00,000,24,03,00,000,24,07,53,169,29,,,,*4E
$GQGSV,1,1,03,02,00,000,23,03,00,000,23,07,53,169,29,,,,*4E
$GQGSV,1,1,03,02,00,000,23,03,00,000,24,07,53,169,29,,,,*49
$GQGSV,1,1,03,02,00,000,23,03,00,000,25,07,53,169,30,,,,*40
$GQGSV,1,1,03,02,00,000,23,03,00,000,26,07,53,169,30,,,,*43
$GQGSV,1,1,03,02,00,000,23,03,36,172,26,07,53,169,30,,,,*42
$GQGSV,1,1,03,02,00,000,23,03,36,172,27,07,53,169,30,,,,*43
$GQGSV,1,1,03,02,17,146,24,03,36,172,27,07,53,169,30,,,,*41
$GQGSV,1,1,03,02,17,146,24,03,36,172,27,07,53,169,30,,,,*41
$GQGSV,1,1,03,02,00,000,25,03,36,172,27,07,53,169,30,,,,*45
$GQGSV,1,1,03,02,00,000,25,03,36,172,27,07,53,169,30,,,,*45
$GQGSV,1,1,03,02,00,000,25,03,36,172,27,07,53,169,30,,,,*45
$GQGSV,1,1,03,02,00,000,25,03,36,172,27,07,53,169,30,,,,*45
$GQGSV,1,1,03,02,00,000,25,03,36,172,27,07,53,169,31,,,,*44
$GQGSV,1,1,03,02,00,000,25,03,36,172,27,07,53,169,31,,,,*44
$GQGSV,1,1,03,02,00,000,25,03,36,172,27,07,53,169,31,,,,*44
$GQGSV,1,1,03,02,00,000,25,03,36,172,26,07,53,169,31,,,,*45
$GQGSV,1,1,03,02,00,000,25,03,36,172,26,07,53,169,31,,,,*45
$GQGSV,1,1,03,02,17,146,25,03,00,000,26,07,53,169,31,,,,*41
$GQGSV,1,1,03,02,17,146,25,03,00,000,26,07,53,169,32,,,,*42
$GQGSV,1,1,03,02,00,000,25,03,00,000,26,07,53,169,31,,,,*44
$GQGSV,1,1,03,02,00,000,26,03,36,172,26,07,53,169,31,,,,*46
$GQGSV,1,1,03,02,00,000,26,03,00,000,26,07,53,169,31,,,,*47
$GQGSV,1,1,03,02,00,000,26,03,00,000,26,07,53,169,31,,,,*47
$GQGSV,1,1,03,02,00,000,26,03,00,000,25,07,53,169,31,,,,*44
$GQGSV,1,1,03,02,17,146,26,03,00,000,25,07,53,169,31,,,,*41
$GQGSV,1,1,03,02,17,146,26,03,00,000,25,07,53,169,31,,,,*41
$GQGSV,1,1,03,02,17,146,26,03,00,000,24,07,53,169,31,,,,*40
$GQGSV,1,1,03,02,00,000,26,03,00,000,24,07,53,169,31,,,,*45
$GQGSV,1,1,03,02,00,000,26,03,00,000,24,07,53,169,31,,,,*45
$GQGSV,1,1,03,02,17,146,26,03,00,000,25,07,53,169,31,,,,*41
$GQGSV,1,1,03,02,00,000,25,03,00,000,25,07,53,169,31,,,,*47
$GQGSV,1,1,03,02,00,000,25,03,00,000,25,07,53,169,31,,,,*47
$GQGSV,1,1,03,02,00,000,25,03,00,000,25,07,53,169,31,,,,*47
$GQGSV,1,1,03,02,00,000,26,03,00,000,26,07,53,169,31,,,,*47
$GQGSV,1,1,03,02,00,000,26,03,00,000,26,07,53,169,31,,,,*47
$GQGSV,1,1,03,02,00,000,26,03,00,000,26,07,53,169,31,,,,*47
$GQGSV,1,1,03,02,00,000,26,03,00,000,26,07,53,169,31,,,,*47
$GQGSV,1,1,03,02,00,000,26,03,00,000,26,07,53,169,31,,,,*47
$GQGSV,1,1,03,02,00,000,27,03,00,000,26,07,00,000,31,,,,*4E
$GQGSV,1,1,03,02,00,000,27,03,00,000,27,07,00,000,31,,,,*4F
$GQGSV,1,1,03,02,00,000,27,03,00,000,27,07,53,169,31,,,,*47
$GQGSV,1,1,03,02,00,000,28,03,00,000,27,07,53,169,31,,,,*48
$GQGSV,1,1,03,02,00,000,28,03,00,000,27,07,53,169,31,,,,*48
$GQGSV,1,1,03,02,00,000,28,03,36,172,27,07,53,169,31,,,,*49
$GQGSV,1,1,03,02,00,000,29,03,00,000,27,07,53,169,32,,,,*4A
$GQGSV,1,1,03,02,00,000,29,03,00,000,27,07,53,169,32,,,,*4A
$GQGSV,1,1,03,02,00,000,30,03,00,000,26,07,53,169,32,,,,*43
$GQGSV,1,1,03,02,00,000,30,03,00,000,26,07,53,169,32,,,,*43
$GQGSV,1,1,03,02,00,000,30,03,00,000,25,07,53,169,32,,,,*40
$GQGSV,1,1,03,02,00,000,30,03,00,000,25,07,53,169,31,,,,*43
$GQGSV,1,1,03,02,00,000,30,03,00,000,25,07,53,169,31,,,,*43
$GQGSV,1,1,03,02,00,000,29,03,00,000,25,07,53,169,31,,,,*4B
$GQGSV,1,1,03,02,00,000,31,03,00,000,25,07,53,169,31,,,,*42
$GQGSV,1,1,03,02,00,000,31,03,00,000,25,07,53,169,30,,,,*43
$GQGSV,1,1,03,02,00,000,31,03,00,000,24,07,53,169,30,,,,*42
$GQGSV,1,1,03,02,00,000,31,03,00,000,24,07,53,169,30,,,,*42
$GQGSV,1,1,03,02,00,000,31,03,00,000,24,07,53,169,30,,,,*42
$GQGSV,1,1,03,02,00,000,31,03,00,000,24,07,53,169,30,,,,*42
$GQGSV,1,1,03,02,00,000,25,03,00,000,24,07,53,169,30,,,,*47
$GQGSV,1,1,03,02,00,000,26,03,00,000,24,07,53,169,30,,,,*44
$GQGSV,1,1,03,02,00,000,27,03,00,000,24,07,53,169,30,,,,*45
$GQGSV,1,1,03,02,00,000,28,03,00,000,24,07,53,169,30,,,,*4A
$GQGSV,1,1,03,02,00,000,29,03,00,000,24,07,00,000,30,,,,*43
$GQGSV,1,1,03,02,00,000,30,03,00,000,24,07,00,000,30,,,,*4B
$GQGSV,1,1,03,02,00,000,30,03,00,000,24,07,53,169,31,,,,*42
$GQGSV,1,1,03,02,00,000,31,03,00,000,24,07,53,169,31,,,,*43
$GQGSV,1,1,03,02,00,000,31,03,00,000,25,07,53,169,31,,,,*42
$GQGSV,1,1,03,02,00,000,31,03,36,172,25,07,53,169,31,,,,*43
$GQGSV,1,1,03,02,00,000,32,03,36,172,26,07,53,169,32,,,,*40
$GQGSV,1,1,03,02,00,000,31,03,36,172,26,07,53,169,32,,,,*43
$GQGSV,1,1,03,02,00,000,31,03,36,172,27,07,53,169,32,,,,*42
$GQGSV,1,1,03,02,00,000,32,03,00,000,27,07,53,169,32,,,,*40
$GQGSV,1,1,03,02,00,000,32,03,00,000,27,07,53,169,32,,,,*40
$GQGSV,1,1,03,02,00,000,31,03,00,000,27,07,53,169,32,,,,*43
$GQGSV,1,1,03,02,00,000,31,03,00,000,26,07,53,169,32,,,,*42
$GQGSV,1,1,03,02,00,000,31,03,00,000,26,07,53,169,32,,,,*42
$GQGSV,1,1,03,02,00,000,31,03,00,000,25,07,53,169,32,,,,*41
$GQGSV,1,1,03,02,00,000,35,03,00,000,25,07,53,169,32,,,,*45
$GQGSV,1,1,03,02,00,000,35,03,00,000,24,07,53,169,32,,,,*44
$GQGSV,1,1,03,02,00,000,34,03,00,000,25,07,53,169,32,,,,*44
$GQGSV,1,1,03,02,00,000,33,03,00,000,36,07,53,169,32,,,,*41
$GQGSV,1,1,03,02,00,000,33,03,00,000,36,07,53,169,32,,,,*41
$GQGSV,1,1,03,02,00,000,32,03,00,000,36,07,53,169,32,,,,*40
$GQGSV,1,1,03,02,00,000,32,03,00,000,36,07,53,169,32,,,,*40
$GQGSV,1,1,03,02,00,000,32,03,00,000,36,07,53,169,32,,,,*40
$GQGSV,1,1,03,02,00,000,32,03,00,000,36,07,53,169,32,,,,*40
$GQGSV,1,1,03,02,00,000,32,03,00,000,36,07,53,169,32,,,,*40
$GQGSV,1,1,03,02,00,000,32,03,00,000,36,07,53,169,32,,,,*40
$GQGSV,1,1,03,02,00,000,32,03,00,000,36,07,53,169,31,,,,*43
$GQGSV,1,1,03,02,00,000,32,03,00,000,36,07,53,169,31,,,,*43
$GQGSV,1,1,03,02,00,000,32,03,00,000,36,07,53,169,31,,,,*43
$GQGSV,1,1,03,02,00,000,32,03,00,000,36,07,53,169,31,,,,*43
$GQGSV,1,1,03,02,00,000,32,03,00,000,36,07,53,169,31,,,,*43
$GQGSV,1,1,03,02,00,000,32,03,00,000,36,07,53,169,31,,,,*43
$GQGSV,1,1,03,02,00,000,32,03,00,000,36,07,53,169,31,,,,*43
$GQGSV,1,1,03,02,00,000,32,03,00,000,36,07,53,169,32,,,,*40
$GQGSV,1,1,03,02,00,000,32,03,00,000,36,07,53,169,32,,,,*40
$GQGSV,1,1,03,02,00,000,32,03,00,000,36,07,53,169,32,,,,*40
$GQGSV,1,1,03,02,00,000,32,03,00,000,36,07,53,169,32,,,,*40
$GQGSV,1,1,03,02,00,000,32,03,00,000,36,07,53,169,32,,,,*40
$GQGSV,1,1,03,02,00,000,32,03,00,000,36,07,53,169,32,,,,*40
$GQGSV,1,1,03,02,00,000,32,03,00,000,36,07,53,169,32,,,,*40
$GQGSV,1,1,03,02,00,000,32,03,00,000,36,07,53,169,32,,,,*40
$GQGSV,1,1,03,02,00,000,32,03,00,000,36,07,53,169,32,,,,*40
$GQGSV,1,1,03,02,00,000,32,03,00,000,36,07,53,169,32,,,,*40
$GQGSV,1,1,03,02,00,000,31,03,00,000,25,07,53,169,31,,,,*42
$GQGSV,1,1,03,02,00,000,31,03,00,000,26,07,53,169,31,,,,*41
$GQGSV,1,1,03,02,00,000,31,03,00,000,26,07,53,169,31,,,,*41
$GQGSV,1,1,03,02,00,000,31,03,00,000,27,07,53,169,31,,,,*40
$GQGSV,1,1,03,02,00,000,31,03,00,000,27,07,53,169,31,,,,*40
$GQGSV,1,1,03,02,00,000,31,03,00,000,27,07,53,169,31,,,,*40
$GQGSV,1,1,03,02,00,000,31,03,00,000,27,07,53,169,31,,,,*40
$GQGSV,1,1,03,02,00,000,31,03,00,000,27,07,53,169,31,,,,*40
$GQGSV,1,1,03,02,00,000,31,03,00,000,27,07,53,169,31,,,,*40
$GQGSV,1,1,03,02,00,000,31,03,00,000,26,07,53,169,30,,,,*40
$GQGSV,1,1,03,02,00,000,31,03,00,000,26,07,53,169,30,,,,*40
$GQGSV,1,1,03,02,00,000,31,03,00,000,25,07,53,169,30,,,,*43
$GQGSV,1,1,03,02,00,000,31,03,00,000,25,07,53,169,30,,,,*43
$GQGSV,1,1,03,02,00,000,31,03,00,000,25,07,53,169,30,,,,*43
$GQGSV,1,1,03,02,00,000,31,03,36,172,25,07,53,169,30,,,,*42
$GQGSV,1,1,03,02,00,000,31,03,00,000,25,07,53,169,30,,,,*43
$GQGSV,1,1,03,02,00,000,31,03,00,000,26,07,53,169,29,,,,*48
$GQGSV,1,1,03,02,00,000,31,03,00,000,26,07,53,169,29,,,,*48
$GQGSV,1,1,03,02,00,000,31,03,00,000,26,07,53,169,29,,,,*48
$GQGSV,1,1,03,02,00,000,31,03,00,000,26,07,53,169,29,,,,*48
$GQGSV,1,1,03,02,00,000,31,03,00,000,27,07,53,169,29,,,,*49
$GQGSV,1,1,03,02,00,000,31,03,00,000,27,07,53,169,29,,,,*49
$GQGSV,1,1,03,02,00,000,30,03,00,000,27,07,53,169,30,,,,*40
$GQGSV,1,1,03,02,00,000,30,03,00,000,27,07,53,169,30,,,,*40
$GQGSV,1,1,03,02,00,000,30,03,00,000,27,07,53,169,30,,,,*40
$GQGSV,1,1,03,02,00,000,30,03,00,000,27,07,53,169,30,,,,*40
$GQGSV,1,1,03,02,00,000,30,03,00,000,27,07,53,169,31,,,,*41
$GQGSV,1,1,03,02,00,000,30,03,36,172,27,07,53,169,31,,,,*40
$GQGSV,1,1,03,02,00,000,30,03,36,172,27,07,53,169,31,,,,*40
$GQGSV,1,1,03,02,00,000,30,03,36,172,27,07,53,169,31,,,,*40
$GQGSV,1,1,03,02,00,000,30,03,36,172,28,07,53,169,31,,,,*4F
$GQGSV,1,1,03,02,00,000,30,03,36,172,28,07,53,169,31,,,,*4F
$GQGSV,1,1,03,02,00,000,30,03,36,172,28,07,53,169,31,,,,*4F
$GQGSV,1,1,03,02,00,000,30,03,36,172,28,07,53,169,31,,,,*4F
$GQGSV,1,1,03,02,17,146,30,03,36,172,29,07,53,169,31,,,,*4B
$GQGSV,1,1,03,02,17,146,30,03,36,172,29,07,53,169,31,,,,*4B
$GQGSV,1,1,03,02,17,146,33,03,36,172,29,07,53,169,31,,,,*48
$GQGSV,1,1,03,02,17,146,33,03,36,172,29,07,53,169,31,,,,*48
$GQGSV,1,1,03,02,17,146,33,03,36,172,29,07,53,169,31,,,,*48
$GQGSV,1,1,03,02,17,146,33,03,36,172,29,07,53,169,31,,,,*48
$GQGSV,1,1,03,02,17,146,33,03,36,172,29,07,53,169,30,,,,*49
$GQGSV,1,1,03,02,00,000,33,03,36,172,29,07,53,169,30,,,,*4C
$GQGSV,1,1,03,02,00,000,33,03,00,000,29,07,53,169,30,,,,*4D
$GQGSV,1,1,03,02,00,000,28,03,00,000,29,07,53,169,30,,,,*47
$GQGSV,1,1,03,02,00,000,28,03,00,000,33,07,53,169,30,,,,*4C
$GQGSV,1,1,03,02,00,000,28,03,00,000,33,07,53,169,30,,,,*4C
$GQGSV,1,1,03,02,00,000,27,03,00,000,33,07,53,169,30,,,,*43
$GQGSV,1,1,03,02,00,000,27,03,00,000,33,07,53,169,30,,,,*43
$GQGSV,1,1,03,02,00,000,27,03,00,000,33,07,53,169,30,,,,*43
$GQGSV,1,1,03,02,17,146,27,03,00,000,33,07,53,169,30,,,,*46
$GQGSV,1,1,03,02,17,146,27,03,00,000,33,07,53,169,30,,,,*46
$GQGSV,1,1,03,02,17,146,27,03,00,000,33,07,53,169,30,,,,*46
$GQGSV,1,1,03,02,17,146,27,03,00,000,33,07,53,169,30,,,,*46
$GQGSV,1,1,03,02,17,146,27,03,00,000,33,07,00,000,30,,,,*4E
$GQGSV,1,1,03,02,17,146,26,03,00,000,33,07,00,000,30,,,,*4F
$GQGSV,1,1,03,02,17,146,26,03,00,000,33,07,53,169,30,,,,*47
$GQGSV,1,1,03,02,17,146,26,03,00,000,33,07,53,169,30,,,,*47
$GQGSV,1,1,03,02,17,146,26,03,00,000,33,07,53,169,30,,,,*47
$GQGSV,1,1,03,02,17,146,26,03,00,000,33,07,53,169,30,,,,*47
$GQGSV,1,1,03,02,17,146,26,03,00,000,32,07,53,169,30,,,,*46
$GQGSV,1,1,03,02,17,146,26,03,00,000,33,07,53,169,30,,,,*47
$GQGSV,1,1,03,02,17,146,26,03,00,000,32,07,53,169,30,,,,*46
$GQGSV,1,1,03,02,17,146,25,03,00,000,32,07,53,169,30,,,,*45
$GQGSV,1,1,03,02,17,146,25,03,00,000,33,07,53,169,30,,,,*44
$GQGSV,1,1,03,02,17,146,26,03,00,000,33,07,00,000,29,,,,*47
$GQGSV,1,1,03,02,00,000,34,03,00,000,33,07,00,000,29,,,,*41
$GQGSV,1,1,03,02,00,000,34,03,00,000,33,07,53,169,29,,,,*49
$GQGSV,1,1,03,02,00,000,34,03,00,000,33,07,53,169,29,,,,*49
$GQGSV,1,1,03,02,00,000,34,03,00,000,33,07,53,169,30,,,,*41
$GQGSV,1,1,03,02,17,146,34,03,00,000,33,07,53,169,30,,,,*44
$GQGSV,1,1,03,02,00,000,34,03,00,000,33,07,53,169,30,,,,*41
$GQGSV,1,1,03,02,00,000,34,03,00,000,34,07,53,169,30,,,,*46
$GQGSV,1,1,03,02,00,000,34,03,00,000,34,07,53,169,30,,,,*46
$GQGSV,1,1,03,02,00,000,34,03,00,000,31,07,53,169,30,,,,*43
$GQGSV,1,1,03,02,17,146,34,03,36,172,30,07,53,169,30,,,,*46
$GQGSV,1,1,03,02,00,000,34,03,36,172,30,07,53,169,30,,,,*43
$GQGSV,1,1,03,02,00,000,34,03,36,172,30,07,53,169,30,,,,*43
$GQGSV,1,1,03,02,00,000,34,03,36,172,30,07,53,169,31,,,,*42
$GQGSV,1,1,03,02,00,000,34,03,36,172,30,07,53,169,31,,,,*42
$GQGSV,1,1,03,02,00,000,34,03,36,172,30,07,53,169,31,,,,*42
$GQGSV,1,1,03,02,00,000,34,03,36,172,30,07,53,169,31,,,,*42
$GQGSV,1,1,03,02,17,146,34,03,36,172,30,07,53,169,31,,,,*47
$GQGSV,1,1,03,02,17,146,34,03,36,172,30,07,53,169,31,,,,*47
$GQGSV,1,1,03,02,17,146,34,03,36,172,30,07,53,169,31,,,,*47
$GQGSV,1,1,03,02,00,000,34,03,36,172,31,07,53,169,31,,,,*43
$GQGSV,1,1,03,02,00,000,34,03,36,172,30,07,53,169,31,,,,*42
$GQGSV,1,1,03,02,00,000,34,03,36,172,30,07,53,169,31,,,,*42
$GQGSV,1,1,03,02,00,000,34,03,36,172,30,07,53,169,31,,,,*42
$GQGSV,1,1,03,02,00,000,34,03,36,172,30,07,53,169,31,,,,*42
$GQGSV,1,1,03,02,00,000,28,03,36,172,30,07,53,169,31,,,,*4F
$GQGSV,1,1,03,02,00,000,28,03,36,172,30,07,53,169,31,,,,*4F
$GQGSV,1,1,03,02,18,146,28,03,36,172,31,07,53,169,31,,,,*44
$GQGSV,1,1,03,02,00,000,28,03,36,172,31,07,53,169,31,,,,*4E
$GQGSV,1,1,03,02,00,000,29,03,36,172,31,07,53,169,31,,,,*4F
$GQGSV,1,1,03,02,00,000,29,03,36,172,31,07,53,169,31,,,,*4F
$GQGSV,1,1,03,02,00,000,29,03,36,172,31,07,53,169,31,,,,*4F
$GQGSV,1,1,03,02,00,000,29,03,36,172,31,07,53,169,31,,,,*4F
$GQGSV,1,1,03,02,00,000,29,03,36,172,31,07,53,169,31,,,,*4F
$GQGSV,1,1,03,02,00,000,29,03,36,172,31,07,53,169,31,,,,*4F
$GQGSV,1,1,03,02,00,000,29,03,36,172,31,07,53,169,31,,,,*4F
$GQGSV,1,1,03,02,00,000,29,03,36,172,31,07,53,169,31,,,,*4F
$GQGSV,1,1,03,02,00,000,29,03,36,172,31,07,53,169,31,,,,*4F
$GQGSV,1,1,03,02,00,000,29,03,36,172,31,07,53,169,30,,,,*4E
$GQGSV,1,1,03,02,00,000,29,03,36,172,31,07,53,169,30,,,,*4E
$GQGSV,1,1,03,02,00,000,29,03,36,172,31,07,53,169,30,,,,*4E
$GQGSV,1,1,03,02,00,000,29,03,36,172,31,07,53,169,30,,,,*4E
$GQGSV,1,1,03,02,00,000,29,03,36,172,31,07,53,169,30,,,,*4E
$GQGSV,1,1,03,02,00,000,30,03,36,172,31,07,53,169,30,,,,*46
$GQGSV,1,1,03,02,00,000,30,03,36,172,31,07,53,169,31,,,,*47
$GQGSV,1,1,03,02,00,000,30,03,36,172,31,07,53,169,31,,,,*47
$GQGSV,1,1,03,02,00,000,30,03,36,172,31,07,53,169,30,,,,*46
$GQGSV,1,1,03,02,00,000,30,03,36,172,31,07,53,169,30,,,,*46
$GQGSV,1,1,03,02,00,000,30,03,36,172,31,07,53,169,30,,,,*46
$GQGSV,1,1,03,02,00,000,29,03,36,172,31,07,53,169,30,,,,*4E
$GQGSV,1,1,03,02,00,000,29,03,36,172,31,07,53,169,29,,,,*46
$GQGSV,1,1,03,02,00,000,29,03,36,172,31,07,53,169,29,,,,*46
$GQGSV,1,1,03,02,00,000,29,03,36,172,31,07,53,169,29,,,,*46
$GQGSV,1,1,03,02,00,000,29,03,36,172,31,07,53,169,29,,,,*46
$GQGSV,1,1,03,02,00,000,29,03,36,172,31,07,53,169,29,,,,*46
$GQGSV,1,1,03,02,00,000,29,03,36,172,31,07,53,169,29,,,,*46
$GQGSV,1,1,03,02,00,000,30,03,36,172,31,07,53,169,29,,,,*4E
$GQGSV,1,1,03,02,00,000,30,03,36,172,31,07,53,169,29,,,,*4E
$GQGSV,1,1,03,02,00,000,30,03,36,172,31,07,53,169,29,,,,*4E
$GQGSV,1,1,03,02,00,000,30,03,36,172,31,07,53,169,29,,,,*4E
$GQGSV,1,1,03,02,00,000,30,03,36,172,31,07,53,169,29,,,,*4E
$GQGSV,1,1,03,02,00,000,30,03,00,000,35,07,53,169,29,,,,*4B
$GQGSV,1,1,03,02,00,000,30,03,00,000,35,07,53,169,29,,,,*4B
$GQGSV,1,1,03,02,00,000,30,03,00,000,34,07,53,169,29,,,,*4A
$GQGSV,1,1,03,02,00,000,30,03,00,000,34,07,53,169,29,,,,*4A
$GQGSV,1,1,03,02,00,000,30,03,00,000,34,07,53,169,29,,,,*4A
$GQGSV,1,1,03,02,00,000,30,03,00,000,34,07,53,169,29,,,,*4A
$GQGSV,1,1,03,02,00,000,29,03,00,000,34,07,53,169,28,,,,*43
$GQGSV,1,1,03,02,00,000,29,03,00,000,33,07,53,169,28,,,,*44
$GQGSV,1,1,03,02,00,000,29,03,00,000,33,07,53,169,28,,,,*44
$GQGSV,1,1,03,02,00,000,29,03,00,000,33,07,53,169,28,,,,*44
$GQGSV,1,1,02,02,00,000,29,07,53,169,27,,,,,,,,*79
$GQGSV,1,1,02,02,00,000,29,07,53,169,27,,,,,,,,*79
$GQGSV,1,1,02,02,00,000,29,07,53,169,27,,,,,,,,*79
$GQGSV,1,1,02,02,00,000,28,07,53,169,27,,,,,,,,*78
$GQGSV,1,1,02,02,00,000,28,07,00,000,27,,,,,,,,*70
$GQGSV,1,1,02,02,00,000,27,07,00,000,27,,,,,,,,*7F
$GQGSV,1,1,02,02,00,000,27,07,53,169,27,,,,,,,,*77
$GQGSV,1,1,03,02,00,000,27,03,00,000,35,07,53,169,27,,,,*43
$GQGSV,1,1,03,02,00,000,27,03,00,000,23,07,53,169,27,,,,*44
$GQGSV,1,1,03,02,00,000,27,03,00,000,23,07,53,169,26,,,,*45
$GQGSV,1,1,03,02,00,000,27,03,00,000,24,07,53,169,27,,,,*43
$GQGSV,1,1,03,02,00,000,28,03,00,000,25,07,53,169,27,,,,*4D
$GQGSV,1,1,03,02,00,000,28,03,00,000,27,07,53,169,27,,,,*4F
$GQGSV,1,1,03,02,00,000,28,03,00,000,27,07,53,169,28,,,,*40
$GQGSV,1,1,03,02,00,000,28,03,00,000,27,07,53,169,28,,,,*40
$GQGSV,1,1,03,02,00,000,28,03,36,172,28,07,53,169,27,,,,*41
$GQGSV,1,1,03,02,00,000,28,03,36,172,28,07,53,169,27,,,,*41
$GQGSV,1,1,03,02,00,000,28,03,35,172,29,07,53,169,28,,,,*4C
$GQGSV,1,1,03,02,00,000,28,03,35,172,29,07,53,169,28,,,,*4C
$GQGSV,1,1,03,02,00,000,28,03,35,172,29,07,53,169,28,,,,*4C
$GQGSV,1,1,03,02,00,000,28,03,35,172,29,07,53,169,27,,,,*43
$GQGSV,1,1,03,02,00,000,28,03,35,172,29,07,53,169,27,,,,*43
$GQGSV,1,1,03,02,00,000,28,03,35,172,29,07,53,169,27,,,,*43
$GQGSV,1,1,03,02,00,000,28,03,35,172,29,07,53,169,27,,,,*43
$GQGSV,1,1,03,02,00,000,28,03,35,172,29,07,53,169,27,,,,*43
$GQGSV,1,1,03,02,00,000,28,03,35,172,29,07,53,169,27,,,,*43
$GQGSV,1,1,03,02,00,000,27,03,35,172,28,07,53,169,27,,,,*4D
$GQGSV,1,1,03,02,00,000,27,03,35,172,28,07,53,169,26,,,,*4C
$GQGSV,1,1,03,02,00,000,27,03,35,172,28,07,53,169,26,,,,*4C
$GQGSV,1,1,03,02,00,000,27,03,35,172,28,07,53,169,26,,,,*4C
$GQGSV,1,1,03,02,00,000,27,03,35,172,28,07,53,169,26,,,,*4C
$GQGSV,1,1,03,02,00,000,27,03,35,172,28,07,53,169,26,,,,*4C
$GQGSV,1,1,03,02,00,000,27,03,35,172,28,07,53,169,26,,,,*4C
$GQGSV,1,1,03,02,00,000,28,03,35,172,29,07,53,169,26,,,,*42
$GQGSV,1,1,03,02,00,000,28,03,35,172,29,07,53,169,26,,,,*42
$GQGSV,1,1,03,02,00,000,28,03,35,172,29,07,53,169,26,,,,*42
$GQGSV,1,1,03,02,00,000,28,03,35,172,29,07,53,169,26,,,,*42
$GQGSV,1,1,03,02,00,000,28,03,35,172,30,07,53,169,26,,,,*4A
$GQGSV,1,1,03,02,00,000,28,03,35,172,30,07,53,169,25,,,,*49
$GQGSV,1,1,03,02,00,000,27,03,35,172,29,07,53,169,25,,,,*4E
$GQGSV,1,1,03,02,00,000,27,03,35,172,29,07,53,169,25,,,,*4E
$GQGSV,1,1,03,02,00,000,27,03,35,172,29,07,53,169,25,,,,*4E
$GQGSV,1,1,03,02,00,000,27,03,35,172,29,07,53,169,26,,,,*4D
$GQGSV,1,1,03,02,00,000,28,03,35,172,30,07,53,169,26,,,,*4A
$GQGSV,1,1,03,02,00,000,28,03,35,172,30,07,53,169,27,,,,*4B
$GQGSV,1,1,03,02,00,000,28,03,35,172,30,07,53,169,27,,,,*4B
$GQGSV,1,1,03,02,00,000,29,03,35,172,31,07,53,169,27,,,,*4B
$GQGSV,1,1,03,02,00,000,29,03,35,172,31,07,53,169,27,,,,*4B
$GQGSV,1,1,03,02,00,000,28,03,35,172,30,07,53,169,27,,,,*4B
$GQGSV,1,1,03,02,00,000,27,03,35,172,30,07,53,169,27,,,,*44
$GQGSV,1,1,03,02,00,000,27,03,35,172,30,07,53,169,26,,,,*45
$GQGSV,1,1,03,02,00,000,26,03,35,172,29,07,53,169,26,,,,*4C
$GQGSV,1,1,03,02,00,000,26,03,35,172,29,07,00,000,25,,,,*47
$GQGSV,1,1,03,02,00,000,26,03,35,172,29,07,00,000,25,,,,*47
$GQGSV,1,1,03,02,00,000,26,03,35,172,29,07,00,000,25,,,,*47
$GQGSV,1,1,03,02,00,000,26,03,35,172,29,07,53,169,25,,,,*4F
$GQGSV,1,1,03,02,00,000,27,03,35,172,30,07,53,169,25,,,,*46
$GQGSV,1,1,03,02,00,000,27,03,35,172,30,07,53,169,26,,,,*45
$GQGSV,1,1,03,02,00,000,28,03,35,172,31,07,53,169,27,,,,*4A
$GQGSV,1,1,03,02,00,000,28,03,35,172,31,07,53,169,27,,,,*4A
$GQGSV,1,1,03,02,00,000,28,03,35,172,32,07,53,169,28,,,,*46
$GQGSV,1,1,03,02,00,000,28,03,35,172,32,07,53,169,28,,,,*46
$GQGSV,1,1,03,02,00,000,29,03,35,172,32,07,53,169,28,,,,*47
$GQGSV,1,1,03,02,00,000,28,03,35,172,32,07,53,169,29,,,,*47
$GQGSV,1,1,03,02,00,000,28,03,35,172,31,07,53,169,28,,,,*45
$GQGSV,1,1,03,02,00,000,28,03,35,172,31,07,53,169,28,,,,*45
$GQGSV,1,1,03,02,00,000,27,03,35,172,30,07,53,169,27,,,,*44
$GQGSV,1,1,03,02,00,000,27,03,35,172,30,07,53,169,27,,,,*44
$GQGSV,1,1,03,02,00,000,27,03,35,172,30,07,53,169,27,,,,*44
$GQGSV,1,1,03,02,00,000,27,03,35,172,30,07,53,169,27,,,,*44
$GQGSV,1,1,03,02,00,000,26,03,35,172,30,07,53,169,27,,,,*45
$GQGSV,1,1,03,02,00,000,26,03,00,000,27,07,53,169,27,,,,*41
$GQGSV,1,1,03,02,00,000,26,03,00,000,27,07,53,169,27,,,,*41
$GQGSV,1,1,03,02,00,000,26,03,00,000,27,07,53,169,26,,,,*40
$GQGSV,1,1,03,02,00,000,25,03,00,000,28,07,53,169,26,,,,*4C
$GQGSV,1,1,03,02,00,000,25,03,00,000,28,07,53,169,26,,,,*4C
$GQGSV,1,1,03,02,00,000,25,03,00,000,28,07,53,169,25,,,,*4F
$GQGSV,1,1,03,02,00,000,25,03,00,000,28,07,53,169,25,,,,*4F
$GQGSV,1,1,03,02,00,000,25,03,00,000,33,07,53,169,26,,,,*46
$GQGSV,1,1,03,02,18,146,25,03,00,000,34,07,53,169,26,,,,*4B
$GQGSV,1,1,03,02,18,146,25,03,00,000,33,07,53,169,26,,,,*4C
$GQGSV,1,1,03,02,00,000,25,03,00,000,32,07,53,169,26,,,,*47
$GQGSV,1,1,03,02,00,000,26,03,00,000,32,07,53,169,27,,,,*45
$GQGSV,1,1,03,02,00,000,26,03,00,000,32,07,53,169,27,,,,*45
$GQGSV,1,1,03,02,00,000,26,03,00,000,31,07,53,169,28,,,,*49
$GQGSV,1,1,03,02,00,000,25,03,00,000,30,07,00,000,27,,,,*4C
$GQGSV,1,1,03,02,00,000,25,03,00,000,29,07,00,000,26,,,,*45
$GQGSV,1,1,03,02,00,000,25,03,00,000,27,07,53,169,26,,,,*43
$GQGSV,1,1,03,02,00,000,25,03,00,000,27,07,53,169,26,,,,*43
$GQGSV,1,1,03,02,00,000,26,03,00,000,27,07,53,169,27,,,,*41
$GQGSV,1,1,03,02,00,000,26,03,00,000,27,07,53,169,27,,,,*41
$GQGSV,1,1,03,02,00,000,26,03,00,000,27,07,53,169,27,,,,*41
$GQGSV,1,1,03,02,00,000,26,03,00,000,28,07,53,169,28,,,,*41
$GQGSV,1,1,03,02,00,000,26,03,00,000,28,07,53,169,28,,,,*41
$GQGSV,1,1,03,02,00,000,26,03,00,000,28,07,53,169,28,,,,*41
$GQGSV,1,1,03,02,00,000,27,03,00,000,29,07,53,169,28,,,,*41
$GQGSV,1,1,03,02,00,000,27,03,00,000,29,07,53,169,28,,,,*41
$GQGSV,1,1,03,02,00,000,27,03,00,000,29,07,53,169,28,,,,*41
$GQGSV,1,1,03,02,00,000,27,03,00,000,32,07,53,169,28,,,,*4B
$GQGSV,1,1,03,02,00,000,27,03,00,000,33,07,53,169,28,,,,*4A
$GQGSV,1,1,03,02,00,000,27,03,00,000,32,07,53,169,28,,,,*4B
$GQGSV,1,1,03,02,00,000,27,03,00,000,32,07,53,169,28,,,,*4B
$GQGSV,1,1,03,02,00,000,27,03,00,000,32,07,53,169,28,,,,*4B
$GQGSV,1,1,03,02,00,000,26,03,00,000,31,07,53,169,28,,,,*49
$GQGSV,1,1,03,02,00,000,26,03,00,000,31,07,53,169,28,,,,*49
$GQGSV,1,1,03,02,00,000,25,03,35,172,31,07,53,169,28,,,,*48
$GQGSV,1,1,03,02,00,000,25,03,35,172,30,07,53,169,28,,,,*49
$GQGSV,1,1,03,02,00,000,25,03,35,172,29,07,53,169,27,,,,*4E
$GQGSV,1,1,03,02,00,000,24,03,35,172,29,07,53,169,27,,,,*4F
$GQGSV,1,1,03,02,00,000,23,03,35,172,28,07,53,169,26,,,,*48
$GQGSV,1,1,03,02,00,000,23,03,35,172,27,07,53,169,25,,,,*44
$GQGSV,1,1,03,02,00,000,22,03,35,172,27,07,53,169,25,,,,*45
$GQGSV,1,1,03,02,00,000,22,03,35,172,27,07,53,169,25,,,,*45
$GQGSV,1,1,03,02,00,000,21,03,35,172,27,07,53,169,25,,,,*46
$GQGSV,1,1,03,02,00,000,21,03,35,172,28,07,53,169,25,,,,*49
$GQGSV,1,1,03,02,00,000,21,03,35,172,28,07,53,169,25,,,,*49
$GQGSV,1,1,03,02,00,000,21,03,35,172,28,07,53,169,25,,,,*49
$GQGSV,1,1,03,02,00,000,22,03,35,172,28,07,53,169,25,,,,*4A
$GQGSV,1,1,03,02,18,146,22,03,35,172,29,07,53,169,26,,,,*42
$GQGSV,1,1,03,02,00,000,22,03,35,172,29,07,53,169,26,,,,*48
$GQGSV,1,1,03,02,00,000,22,03,35,172,29,07,53,169,26,,,,*48
$GQGSV,1,1,03,02,00,000,22,03,35,172,29,07,53,169,26,,,,*48
$GQGSV,1,1,03,02,00,000,23,03,35,172,30,07,53,169,26,,,,*41
$GQGSV,1,1,03,02,00,000,23,03,35,172,30,07,53,169,26,,,,*41
$GQGSV,1,1,03,02,00,000,24,03,35,172,30,07,53,169,26,,,,*46
$GQGSV,1,1,03,02,00,000,24,03,35,172,30,07,53,169,25,,,,*45
$GQGSV,1,1,03,02,00,000,24,03,35,172,29,07,53,169,25,,,,*4D
$GQGSV,1,1,03,02,00,000,23,03,35,172,29,07,53,169,25,,,,*4A
$GQGSV,1,1,03,02,00,000,23,03,35,172,28,07,53,169,24,,,,*4A
$GQGSV,1,1,03,02,00,000,22,03,35,172,28,07,53,169,24,,,,*4B
$GQGSV,1,1,03,02,00,000,22,03,35,172,27,07,53,169,23,,,,*43
$GQGSV,1,1,03,02,00,000,21,03,35,172,27,07,53,169,23,,,,*40
$GQGSV,1,1,03,02,00,000,21,03,35,172,27,07,53,169,23,,,,*40
$GQGSV,1,1,03,02,00,000,21,03,35,172,26,07,53,169,23,,,,*41
$GQGSV,1,1,03,02,00,000,20,03,35,172,26,07,53,169,23,,,,*40
$GQGSV,1,1,03,02,00,000,20,03,35,172,26,07,53,169,23,,,,*40
$GQGSV,1,1,03,02,00,000,20,03,35,172,27,07,53,169,23,,,,*41
$GQGSV,1,1,03,02,00,000,20,03,35,172,27,07,53,169,23,,,,*41
$GQGSV,1,1,03,02,00,000,20,03,35,172,27,07,53,169,24,,,,*46
$GQGSV,1,1,03,02,00,000,21,03,35,172,27,07,53,169,24,,,,*47
$GQGSV,1,1,03,02,00,000,21,03,35,172,27,07,53,169,25,,,,*46
$GQGSV,1,1,03,02,00,000,21,03,35,172,27,07,53,169,25,,,,*46
$GQGSV,1,1,03,02,00,000,21,03,35,172,27,07,53,169,26,,,,*45
$GQGSV,1,1,03,02,00,000,21,03,35,172,27,07,53,169,26,,,,*45
$GQGSV,1,1,03,02,00,000,21,03,35,172,27,07,53,169,25,,,,*46
$GQGSV,1,1,03,02,00,000,21,03,35,172,27,07,53,169,25,,,,*46
$GQGSV,1,1,03,02,00,000,21,03,35,172,26,07,53,169,25,,,,*47
$GQGSV,1,1,03,02,00,000,21,03,35,172,26,07,53,169,25,,,,*47
$GQGSV,1,1,03,02,00,000,20,03,35,172,26,07,53,169,25,,,,*46
$GQGSV,1,1,03,02,00,000,20,03,35,172,26,07,53,169,24,,,,*47
$GQGSV,1,1,03,02,00,000,19,03,35,172,26,07,53,169,24,,,,*4D
$GQGSV,1,1,03,02,00,000,19,03,35,172,25,07,53,169,24,,,,*4E
$GQGSV,1,1,03,02,00,000,18,03,35,172,25,07,53,169,23,,,,*48
$GQGSV,1,1,03,02,00,000,18,03,35,172,25,07,53,169,23,,,,*48
$GQGSV,1,1,03,02,00,000,19,03,35,172,25,07,53,169,23,,,,*49
$GQGSV,1,1,03,02,00,000,20,03,35,172,25,07,53,169,24,,,,*44
$GQGSV,1,1,03,02,00,000,21,03,35,172,25,07,53,169,24,,,,*45
$GQGSV,1,1,03,02,00,000,22,03,35,172,26,07,53,169,25,,,,*44
$GQGSV,1,1,03,02,00,000,23,03,35,172,26,07,53,169,25,,,,*45
$GQGSV,1,1,03,02,00,000,24,03,35,172,27,07,53,169,26,,,,*40
$GQGSV,1,1,03,02,00,000,24,03,35,172,27,07,53,169,26,,,,*40
$GQGSV,1,1,03,02,00,000,25,03,35,172,28,07,53,169,26,,,,*4E
$GQGSV,1,1,03,02,00,000,25,03,35,172,28,07,53,169,27,,,,*4F
$GQGSV,1,1,03,02,00,000,25,03,35,172,28,07,53,169,27,,,,*4F
$GQGSV,1,1,03,02,00,000,25,03,35,172,28,07,53,169,27,,,,*4F
$GQGSV,1,1,03,02,00,000,25,03,35,172,27,07,53,169,27,,,,*40
$GQGSV,1,1,03,02,00,000,25,03,35,172,27,07,53,169,27,,,,*40
$GQGSV,1,1,03,02,00,000,25,03,35,172,27,07,53,169,27,,,,*40
$GQGSV,1,1,03,02,00,000,25,03,35,172,27,07,53,169,27,,,,*40
$GQGSV,1,1,03,02,00,000,25,03,35,172,27,07,53,169,26,,,,*41
$GQGSV,1,1,03,02,00,000,26,03,35,172,28,07,53,169,27,,,,*4C
$GQGSV,1,1,03,02,00,000,26,03,35,172,28,07,53,169,27,,,,*4C
$GQGSV,1,1,03,02,00,000,27,03,35,172,28,07,53,169,28,,,,*42
$GQGSV,1,1,03,02,00,000,27,03,35,172,28,07,53,169,28,,,,*42
$GQGSV,1,1,03,02,00,000,27,03,35,172,28,07,53,169,28,,,,*42
$GQGSV,1,1,03,02,00,000,26,03,35,172,28,07,53,169,28,,,,*43
$GQGSV,1,1,03,02,00,000,26,03,35,172,28,07,53,169,28,,,,*43
$GQGSV,1,1,03,02,00,000,26,03,35,172,28,07,53,169,27,,,,*4C
$GQGSV,1,1,03,02,00,000,25,03,35,172,28,07,53,169,27,,,,*4F
$GQGSV,1,1,03,02,00,000,25,03,35,172,28,07,53,169,27,,,,*4F
$GQGSV,1,1,03,02,00,000,25,03,35,172,28,07,53,169,27,,,,*4F
$GQGSV,1,1,03,02,00,000,24,03,35,172,28,07,53,169,27,,,,*4E
$GQGSV,1,1,03,02,00,000,24,03,00,000,27,07,53,169,27,,,,*43
$GQGSV,1,1,03,02,00,000,23,03,00,000,27,07,53,169,27,,,,*44
$GQGSV,1,1,03,02,00,000,23,03,00,000,26,07,53,169,27,,,,*45
$GQGSV,1,1,03,02,00,000,23,03,00,000,25,07,53,169,27,,,,*46
$GQGSV,1,1,03,02,00,000,23,03,00,000,25,07,53,169,26,,,,*47
$GQGSV,1,1,03,02,00,000,23,03,35,172,25,07,00,000,25,,,,*4E
$GQGSV,1,1,03,02,00,000,23,03,00,000,25,07,00,000,26,,,,*4F
$GQGSV,1,1,03,02,00,000,23,03,00,000,25,07,00,000,26,,,,*4F
$GQGSV,1,1,03,02,00,000,23,03,00,000,26,07,53,169,26,,,,*44
$GQGSV,1,1,02,03,00,000,26,07,53,169,26,,,,,,,,*76
$GQGSV,1,1,02,03,35,172,27,07,53,169,26,,,,,,,,*75
$GQGSV,1,1,02,03,35,172,28,07,53,169,26,,,,,,,,*7A
$GQGSV,1,1,02,03,35,172,28,07,53,169,27,,,,,,,,*7B
$GQGSV,1,1,02,03,35,172,29,07,53,169,28,,,,,,,,*75
$GQGSV,1,1,02,03,35,172,30,07,53,169,28,,,,,,,,*7D
$GQGSV,1,1,02,03,35,172,30,07,53,169,29,,,,,,,,*7C
$GQGSV,1,1,02,03,35,172,31,07,53,169,29,,,,,,,,*7D
$GQGSV,1,1,02,03,35,172,32,07,53,169,30,,,,,,,,*76
$GQGSV,1,1,02,03,35,172,32,07,53,169,30,,,,,,,,*76
$GQGSV,1,1,02,03,35,172,32,07,53,169,30,,,,,,,,*76
$GQGSV,1,1,02,03,35,172,33,07,53,169,30,,,,,,,,*77
$GQGSV,1,1,02,03,35,172,33,07,53,169,30,,,,,,,,*77
$GQGSV,1,1,02,03,35,172,34,07,53,169,30,,,,,,,,*70
$GQGSV,1,1,02,03,35,172,34,07,53,169,31,,,,,,,,*71
$GQGSV,1,1,02,03,35,172,35,07,53,169,31,,,,,,,,*70
$GQGSV,1,1,02,03,35,172,35,07,53,169,31,,,,,,,,*70
$GQGSV,1,1,02,03,35,172,36,07,53,169,32,,,,,,,,*70
$GQGSV,1,1,02,03,35,172,36,07,53,169,32,,,,,,,,*70
$GQGSV,1,1,02,03,35,172,36,07,53,169,33,,,,,,,,*71
$GQGSV,1,1,02,03,35,172,36,07,53,169,33,,,,,,,,*71
$GQGSV,1,1,02,03,35,172,35,07,53,169,33,,,,,,,,*72
$GQGSV,1,1,03,02,00,000,25,03,35,172,35,07,53,169,32,,,,*47
$GQGSV,1,1,03,02,00,000,26,03,35,172,34,07,53,169,31,,,,*46
$GQGSV,1,1,03,02,00,000,27,03,35,172,34,07,53,169,30,,,,*46
$GQGSV,1,1,03,02,00,000,27,03,35,172,33,07,53,169,29,,,,*49
$GQGSV,1,1,03,02,00,000,27,03,35,172,32,07,53,169,28,,,,*49
$GQGSV,1,1,02,03,35,172,31,07,53,169,27,,,,,,,,*73
$GQGSV,1,1,02,03,35,172,30,07,53,169,26,,,,,,,,*73
$GQGSV,1,1,02,03,35,172,29,07,53,169,24,,,,,,,,*79
$GQGSV,1,1,02,03,35,172,28,07,53,169,23,,,,,,,,*7F
$GQGSV,1,1,02,03,35,172,27,07,53,169,23,,,,,,,,*70
$GQGSV,1,1,02,03,35,172,27,07,53,169,22,,,,,,,,*71
$GQGSV,1,1,02,03,35,172,26,07,53,169,22,,,,,,,,*70
$GQGSV,1,1,02,03,35,172,26,07,53,169,21,,,,,,,,*73
$GQGSV,1,1,02,03,00,000,25,07,53,169,20,,,,,,,,*73
$GQGSV,1,1,02,03,00,000,25,07,53,169,20,,,,,,,,*73
$GQGSV,1,1,02,03,00,000,25,07,53,169,20,,,,,,,,*73
$GQGSV,1,1,02,03,00,000,24,07,53,169,19,,,,,,,,*78
$GQGSV,1,1,02,03,35,172,24,07,53,169,18,,,,,,,,*7B
$GQGSV,1,1,02,03,35,172,23,07,53,169,30,,,,,,,,*76
$GQGSV,1,1,02,03,35,172,22,07,53,169,30,,,,,,,,*77
$GQGSV,1,1,02,03,35,172,21,07,53,169,30,,,,,,,,*74
$GQGSV,1,1,02,03,35,172,20,07,53,169,30,,,,,,,,*75
$GQGSV,1,1,02,03,35,172,20,07,53,169,29,,,,,,,,*7D
$GQGSV,1,1,02,03,35,172,19,07,53,169,29,,,,,,,,*77
$GQGSV,1,1,02,03,35,172,19,07,53,169,29,,,,,,,,*77
$GQGSV,1,1,02,03,35,172,31,07,53,169,29,,,,,,,,*7D
$GQGSV,1,1,02,03,35,172,17,07,53,169,28,,,,,,,,*78
$GQGSV,1,1,02,03,35,172,31,07,53,169,28,,,,,,,,*7C
$GQGSV,1,1,02,03,35,172,32,07,53,169,28,,,,,,,,*7F
$GQGSV,1,1,02,03,35,172,31,07,00,000,28,,,,,,,,*74
$GQGSV,1,1,02,03,35,172,31,07,53,169,28,,,,,,,,*7C
$GQGSV,1,1,02,03,35,172,30,07,53,169,28,,,,,,,,*7D
$GQGSV,1,1,02,03,35,172,30,07,53,169,29,,,,,,,,*7C
$GQGSV,1,1,02,03,35,172,30,07,53,169,29,,,,,,,,*7C
$GQGSV,1,1,02,03,35,172,30,07,53,169,29,,,,,,,,*7C
$GQGSV,1,1,02,03,35,172,30,07,53,169,29,,,,,,,,*7C
$GQGSV,1,1,03,02,00,000,29,03,35,172,30,07,53,169,29,,,,*44
$GQGSV,1,1,03,02,00,000,29,03,35,172,29,07,53,169,29,,,,*4C
$GQGSV,1,1,03,02,00,000,29,03,35,172,29,07,53,169,29,,,,*4C
$GQGSV,1,1,03,02,00,000,29,03,35,172,30,07,53,169,28,,,,*45
$GQGSV,1,1,03,02,00,000,29,03,00,000,30,07,00,000,28,,,,*4F
$GQGSV,1,1,03,02,00,000,27,03,35,172,30,07,00,000,28,,,,*43
$GQGSV,1,1,03,02,00,000,26,03,35,172,31,07,00,000,28,,,,*43
$GQGSV,1,1,03,02,00,000,27,03,35,172,31,07,00,000,28,,,,*42
$GQGSV,1,1,03,02,00,000,27,03,35,172,32,07,53,169,28,,,,*49
$GQGSV,1,1,03,02,00,000,27,03,35,172,32,07,53,169,28,,,,*49
$GQGSV,1,1,02,03,35,172,31,07,53,169,28,,,,,,,,*7C
$GQGSV,1,1,02,03,35,172,31,07,53,169,29,,,,,,,,*7D
$GQGSV,1,1,02,03,35,172,31,07,53,169,29,,,,,,,,*7D
$GQGSV,1,1,02,03,35,172,32,07,53,169,30,,,,,,,,*76
$GQGSV,1,1,02,03,35,172,32,07,53,169,30,,,,,,,,*76
$GQGSV,1,1,02,03,35,172,33,07,53,169,31,,,,,,,,*76
$GQGSV,1,1,02,03,35,172,30,07,53,169,32,,,,,,,,*76
$GQGSV,1,1,02,03,35,172,33,07,53,169,33,,,,,,,,*74
$GQGSV,1,1,02,03,35,172,33,07,53,169,33,,,,,,,,*74
$GQGSV,1,1,02,03,35,172,33,07,53,169,34,,,,,,,,*73
$GQGSV,1,1,02,03,35,172,33,07,53,169,35,,,,,,,,*72
$GQGSV,1,1,02,03,35,172,33,07,53,169,36,,,,,,,,*71
$GQGSV,1,1,02,03,35,172,33,07,53,169,36,,,,,,,,*71
$GQGSV,1,1,02,03,35,172,32,07,53,169,37,,,,,,,,*71
$GQGSV,1,1,02,03,35,172,32,07,53,169,37,,,,,,,,*71
$GQGSV,1,1,02,03,35,172,31,07,53,169,38,,,,,,,,*7D
$GQGSV,1,1,02,03,35,172,31,07,53,169,38,,,,,,,,*7D
$GQGSV,1,1,02,03,35,172,31,07,53,169,39,,,,,,,,*7C
$GQGSV,1,1,02,03,35,172,31,07,53,169,39,,,,,,,,*7C
$GQGSV,1,1,02,03,35,172,31,07,53,169,39,,,,,,,,*7C
$GQGSV,1,1,02,03,35,172,30,07,53,169,39,,,,,,,,*7D
$GQGSV,1,1,02,03,35,172,30,07,53,169,39,,,,,,,,*7D
$GQGSV,1,1,02,03,35,172,29,07,53,169,39,,,,,,,,*75
$GQGSV,1,1,02,03,35,172,29,07,53,169,39,,,,,,,,*75
$GQGSV,1,1,02,03,35,172,29,07,53,169,39,,,,,,,,*75
$GQGSV,1,1,02,03,35,172,29,07,53,169,39,,,,,,,,*75
$GQGSV,1,1,02,03,35,172,28,07,53,169,19,,,,,,,,*76
$GQGSV,1,1,02,03,35,172,28,07,53,169,18,,,,,,,,*77
$GQGSV,1,1,02,03,35,172,28,07,53,169,17,,,,,,,,*78
$GQGSV,1,1,02,03,35,172,28,07,53,169,18,,,,,,,,*77
$GQGSV,1,1,02,03,35,172,28,07,53,169,18,,,,,,,,*77
$GQGSV,1,1,02,03,35,172,28,07,53,169,17,,,,,,,,*78
$GQGSV,1,1,02,03,35,172,28,07,53,169,16,,,,,,,,*79
$GQGSV,1,1,02,03,35,172,28,07,53,169,38,,,,,,,,*75
$GQGSV,1,1,02,03,35,172,28,07,53,169,38,,,,,,,,*75
$GQGSV,1,1,02,03,35,172,28,07,53,169,37,,,,,,,,*7A
$GQGSV,1,1,02,03,35,172,28,07,53,169,37,,,,,,,,*7A
$GQGSV,1,1,02,03,35,172,28,07,53,169,37,,,,,,,,*7A
$GQGSV,1,1,02,03,35,172,28,07,53,169,37,,,,,,,,*7A
$GQGSV,1,1,02,03,35,172,28,07,53,169,37,,,,,,,,*7A
$GQGSV,1,1,02,03,35,172,29,07,53,169,37,,,,,,,,*7B
$GQGSV,1,1,02,03,35,172,29,07,53,169,37,,,,,,,,*7B
$GQGSV,1,1,02,03,35,172,29,07,53,169,37,,,,,,,,*7B
$GQGSV,1,1,02,03,35,172,29,07,53,169,35,,,,,,,,*79
$GQGSV,1,1,02,03,35,172,29,07,53,169,34,,,,,,,,*78
$GQGSV,1,1,02,03,35,172,30,07,53,169,34,,,,,,,,*70
$GQGSV,1,1,02,03,35,172,30,07,53,169,34,,,,,,,,*70
$GQGSV,1,1,02,03,35,172,30,07,53,169,34,,,,,,,,*70
$GQGSV,1,1,02,03,35,172,29,07,53,169,34,,,,,,,,*78
$GQGSV,1,1,02,03,35,172,29,07,53,169,34,,,,,,,,*78
$GQGSV,1,1,02,03,35,172,29,07,53,169,34,,,,,,,,*78
$GQGSV,1,1,02,03,35,172,29,07,53,169,35,,,,,,,,*79
$GQGSV,1,1,02,03,35,172,29,07,53,169,35,,,,,,,,*79
$GQGSV,1,1,02,03,35,172,28,07,53,169,35,,,,,,,,*78
$GQGSV,1,1,03,02,00,000,28,03,35,172,28,07,53,169,34,,,,*40
$GQGSV,1,1,03,02,00,000,26,03,35,172,28,07,53,169,33,,,,*49
$GQGSV,1,1,03,02,00,000,25,03,35,172,28,07,53,169,33,,,,*4A
$GQGSV,1,1,02,03,35,172,27,07,53,169,32,,,,,,,,*70
$GQGSV,1,1,02,03,35,172,27,07,53,169,32,,,,,,,,*70
$GQGSV,1,1,02,03,35,172,26,07,53,169,32,,,,,,,,*71
$GQGSV,1,1,02,03,35,172,25,07,53,169,32,,,,,,,,*72
$GQGSV,1,1,02,03,35,172,25,07,53,169,32,,,,,,,,*72
$GQGSV,1,1,02,03,35,172,25,07,53,169,31,,,,,,,,*71
$GQGSV,1,1,02,03,35,172,24,07,53,169,31,,,,,,,,*70
$GQGSV,1,1,02,03,35,172,24,07,53,169,31,,,,,,,,*70
$GQGSV,1,1,02,03,35,172,23,07,53,169,32,,,,,,,,*74
$GQGSV,1,1,02,03,35,172,23,07,53,169,32,,,,,,,,*74
$GQGSV,1,1,02,03,35,172,23,07,53,169,32,,,,,,,,*74
$GQGSV,1,1,02,03,35,172,22,07,53,169,33,,,,,,,,*74
$GQGSV,1,1,02,03,35,172,21,07,53,169,33,,,,,,,,*77
$GQGSV,1,1,02,03,35,172,21,07,53,169,34,,,,,,,,*70
$GQGSV,1,1,02,03,35,172,20,07,53,169,34,,,,,,,,*71
$GQGSV,1,1,02,03,35,172,20,07,53,169,34,,,,,,,,*71
$GQGSV,1,1,02,03,35,172,19,07,53,169,33,,,,,,,,*7C
$GQGSV,1,1,02,03,35,172,30,07,53,169,33,,,,,,,,*77
$GQGSV,1,1,02,03,35,172,17,07,53,169,32,,,,,,,,*73
$GQGSV,1,1,02,03,35,172,16,07,53,169,31,,,,,,,,*71
$GQGSV,1,1,02,03,35,172,16,07,53,169,30,,,,,,,,*70
$GQGSV,1,1,02,03,35,172,15,07,53,169,29,,,,,,,,*7B
$GQGSV,1,1,02,03,35,172,16,07,53,169,29,,,,,,,,*78
$GQGSV,1,1,02,03,35,172,17,07,53,169,29,,,,,,,,*79
$GQGSV,1,1,02,03,35,172,18,07,53,169,29,,,,,,,,*76
$GQGSV,1,1,02,03,35,172,19,07,53,169,29,,,,,,,,*77
$GQGSV,1,1,02,03,35,172,19,07,53,169,29,,,,,,,,*77
$GQGSV,1,1,02,03,35,172,19,07,53,169,29,,,,,,,,*77
$GQGSV,1,1,02,03,35,172,19,07,53,169,29,,,,,,,,*77
$GQGSV,1,1,02,03,35,172,19,07,53,169,29,,,,,,,,*77
$GQGSV,1,1,02,03,35,172,19,07,53,169,30,,,,,,,,*7F
$GQGSV,1,1,02,03,35,172,19,07,53,169,30,,,,,,,,*7F
$GQGSV,1,1,02,03,35,172,19,07,53,169,29,,,,,,,,*77
$GQGSV,1,1,02,03,35,172,18,07,53,169,29,,,,,,,,*76
$GQGSV,1,1,02,03,35,172,18,07,53,169,29,,,,,,,,*76
$GQGSV,1,1,02,03,35,172,17,07,53,169,29,,,,,,,,*79
$GQGSV,1,1,02,03,35,172,16,07,53,169,29,,,,,,,,*78
$GQGSV,1,1,03,02,00,000,28,03,35,172,16,07,53,169,29,,,,*41
$GQGSV,1,1,03,02,00,000,30,03,35,172,15,07,53,169,29,,,,*4B
$GQGSV,1,1,03,02,00,000,30,03,35,172,15,07,53,169,29,,,,*4B
$GQGSV,1,1,03,02,00,000,29,03,35,172,15,07,53,169,29,,,,*43
$GQGSV,1,1,03,02,00,000,28,03,35,172,15,07,53,169,28,,,,*43
$GQGSV,1,1,03,02,00,000,27,03,35,172,15,07,53,169,28,,,,*4C
$GQGSV,1,1,03,02,00,000,27,03,35,172,16,07,53,169,28,,,,*4F
$GQGSV,1,1,03,02,00,000,27,03,35,172,16,07,53,169,28,,,,*4F
$GQGSV,1,1,03,02,00,000,26,03,35,172,15,07,53,169,28,,,,*4D
$GQGSV,1,1,03,02,00,000,26,03,35,172,16,07,53,169,28,,,,*4E
$GQGSV,1,1,03,02,00,000,26,03,35,172,16,07,53,169,29,,,,*4F
$GQGSV,1,1,03,02,00,000,26,03,35,172,16,07,53,169,29,,,,*4F
$GQGSV,1,1,03,02,00,000,27,03,35,172,16,07,53,169,28,,,,*4F
$GQGSV,1,1,03,02,00,000,27,03,35,172,29,07,53,169,28,,,,*43
$GQGSV,1,1,03,02,00,000,27,03,35,172,28,07,53,169,28,,,,*42
$GQGSV,1,1,03,02,00,000,27,03,35,172,28,07,53,169,28,,,,*42
$GQGSV,1,1,03,02,00,000,27,03,35,172,28,07,53,169,28,,,,*42
$GQGSV,1,1,03,02,00,000,27,03,35,172,29,07,53,169,28,,,,*43
$GQGSV,1,1,03,02,00,000,27,03,35,172,29,07,53,169,28,,,,*43
$GQGSV,1,1,03,02,00,000,27,03,35,172,29,07,53,169,28,,,,*43
$GQGSV,1,1,03,02,00,000,27,03,35,172,29,07,53,169,28,,,,*43
$GQGSV,1,1,03,02,00,000,27,03,35,172,29,07,53,169,28,,,,*43
$GQGSV,1,1,03,02,00,000,28,03,35,172,29,07,53,169,27,,,,*43
$GQGSV,1,1,03,02,00,000,27,03,35,172,30,07,53,169,25,,,,*46
$GQGSV,1,1,03,02,00,000,27,03,35,172,25,07,53,169,26,,,,*41
$GQGSV,1,1,03,02,00,000,27,03,35,172,25,07,53,169,27,,,,*40
$GQGSV,1,1,03,02,00,000,26,03,35,172,24,07,53,169,29,,,,*4E
$GQGSV,1,1,02,02,00,000,26,03,35,172,22,,,,,,,,*7D
$GQGSV,1,1,03,02,00,000,26,03,35,172,21,07,53,169,28,,,,*4A
$GQGSV,1,1,03,02,00,000,27,03,35,172,20,07,53,169,27,,,,*45
$GQGSV,1,1,03,02,00,000,28,03,35,172,18,07,53,169,26,,,,*40
$GQGSV,1,1,03,02,00,000,28,03,35,172,17,07,53,169,26,,,,*4F
$GQGSV,1,1,03,02,00,000,28,03,35,172,31,07,53,169,27,,,,*4A
$GQGSV,1,1,03,02,00,000,28,03,35,172,31,07,53,169,27,,,,*4A
$GQGSV,1,1,03,02,00,000,28,03,35,172,30,07,53,169,27,,,,*4B
$GQGSV,1,1,03,02,00,000,28,03,35,172,30,07,53,169,27,,,,*4B
$GQGSV,1,1,03,02,00,000,27,03,35,172,31,07,53,169,27,,,,*45
$GQGSV,1,1,03,02,00,000,26,03,35,172,30,07,53,169,27,,,,*45
$GQGSV,1,1,03,02,00,000,26,03,35,172,30,07,53,169,27,,,,*45
$GQGSV,1,1,03,02,00,000,26,03,35,172,29,07,53,169,27,,,,*4D
$GQGSV,1,1,02,03,35,172,29,07,53,169,28,,,,,,,,*75
$GQGSV,1,1,02,03,35,172,29,07,53,169,28,,,,,,,,*75
$GQGSV,1,1,02,03,35,172,29,07,53,169,28,,,,,,,,*75
$GQGSV,1,1,02,03,35,172,28,07,53,169,29,,,,,,,,*75
$GQGSV,1,1,02,03,35,172,28,07,53,169,29,,,,,,,,*75
$GQGSV,1,1,03,02,00,000,24,03,35,172,27,07,53,169,29,,,,*4F
$GQGSV,1,1,03,02,00,000,24,03,35,172,27,07,53,169,30,,,,*47
$GQGSV,1,1,03,02,00,000,24,03,35,172,27,07,53,169,30,,,,*47
$GQGSV,1,1,02,03,35,172,27,07,53,169,31,,,,,,,,*73
$GQGSV,1,1,02,03,35,172,27,07,53,169,32,,,,,,,,*70
$GQGSV,1,1,02,03,35,172,27,07,53,169,32,,,,,,,,*70
$GQGSV,1,1,02,03,35,172,28,07,53,169,33,,,,,,,,*7E
$GQGSV,1,1,02,03,35,172,28,07,53,169,34,,,,,,,,*79
$GQGSV,1,1,02,03,35,172,29,07,53,169,34,,,,,,,,*78
$GQGSV,1,1,02,03,00,000,29,07,53,169,35,,,,,,,,*7B
$GQGSV,1,1,02,03,35,172,29,07,53,169,36,,,,,,,,*7A
$GQGSV,1,1,02,03,00,000,30,07,53,169,36,,,,,,,,*70
$GQGSV,1,1,02,03,00,000,31,07,53,169,37,,,,,,,,*70
$GQGSV,1,1,02,03,00,000,31,07,53,169,37,,,,,,,,*70
$GQGSV,1,1,02,03,00,000,31,07,53,169,37,,,,,,,,*70
$GQGSV,1,1,02,03,00,000,32,07,53,169,37,,,,,,,,*73
$GQGSV,1,1,02,03,35,172,32,07,53,169,37,,,,,,,,*71
$GQGSV,1,1,02,03,35,172,33,07,53,169,37,,,,,,,,*70
$GQGSV,1,1,02,03,35,172,33,07,53,169,37,,,,,,,,*70
$GQGSV,1,1,02,03,35,172,34,07,53,169,36,,,,,,,,*76
$GQGSV,1,1,02,03,35,172,34,07,53,169,35,,,,,,,,*75
$GQGSV,1,1,02,03,35,172,34,07,53,169,34,,,,,,,,*74
$GQGSV,1,1,02,03,35,172,34,07,53,169,33,,,,,,,,*73
$GQGSV,1,1,02,03,35,172,33,07,53,169,31,,,,,,,,*76
$GQGSV,1,1,02,03,35,172,33,07,53,169,30,,,,,,,,*77
$GQGSV,1,1,02,03,35,172,33,07,53,169,29,,,,,,,,*7F
$GQGSV,1,1,02,03,35,172,32,07,53,169,29,,,,,,,,*7E
$GQGSV,1,1,02,03,35,172,32,07,53,169,29,,,,,,,,*7E
$GQGSV,1,1,02,03,35,172,32,07,53,169,29,,,,,,,,*7E
$GQGSV,1,1,02,03,00,000,31,07,53,169,28,,,,,,,,*7E
$GQGSV,1,1,02,03,00,000,30,07,53,169,28,,,,,,,,*7F
$GQGSV,1,1,02,03,00,000,29,07,53,169,28,,,,,,,,*77
$GQGSV,1,1,02,03,00,000,29,07,53,169,28,,,,,,,,*77
$GQGSV,1,1,03,02,00,000,22,03,00,000,28,07,53,169,28,,,,*45
$GQGSV,1,1,03,02,00,000,22,03,00,000,27,07,53,169,28,,,,*4A
$GQGSV,1,1,02,03,00,000,27,07,53,169,28,,,,,,,,*79
$GQGSV,1,1,02,03,00,000,27,07,53,169,28,,,,,,,,*79
$GQGSV,1,1,02,03,00,000,26,07,53,169,27,,,,,,,,*77
$GQGSV,1,1,02,03,00,000,26,07,53,169,27,,,,,,,,*77
$GQGSV,1,1,02,03,00,000,26,07,53,169,26,,,,,,,,*76
$GQGSV,1,1,02,03,00,000,26,07,53,169,26,,,,,,,,*76
$GQGSV,1,1,02,03,00,000,26,07,53,169,26,,,,,,,,*76
$GQGSV,1,1,02,03,00,000,26,07,53,169,26,,,,,,,,*76
$GQGSV,1,1,02,03,00,000,25,07,53,169,26,,,,,,,,*75
$GQGSV,1,1,02,03,00,000,24,07,53,169,26,,,,,,,,*74
$GQGSV,1,1,02,03,00,000,24,07,53,169,25,,,,,,,,*77
$GQGSV,1,1,02,03,00,000,23,07,53,169,25,,,,,,,,*70
$GQGSV,1,1,01,07,53,169,25,,,,,,,,,,,,*41
$GQGSV,1,1,01,07,53,169,25,,,,,,,,,,,,*41
$GQGSV,1,1,01,07,53,169,26,,,,,,,,,,,,*42
$GQGSV,1,1,01,07,53,169,26,,,,,,,,,,,,*42
$GQGSV,1,1,01,07,53,169,25,,,,,,,,,,,,*41
$GQGSV,1,1,01,07,53,169,25,,,,,,,,,,,,*41
$GQGSV,1,1,01,07,00,000,27,,,,,,,,,,,,*4B
$GQGSV,1,1,01,07,00,000,27,,,,,,,,,,,,*4B
$GQGSV,1,1,01,07,00,000,27,,,,,,,,,,,,*4B
$GQGSV,1,1,01,07,00,000,27,,,,,,,,,,,,*4B
$GQGSV,1,1,01,07,00,000,27,,,,,,,,,,,,*4B
$GQGSV,1,1,01,07,00,000,26,,,,,,,,,,,,*4A
$GQGSV,1,1,01,07,00,000,26,,,,,,,,,,,,*4A
$GQGSV,1,1,01,07,00,000,25,,,,,,,,,,,,*49
$GQGSV,1,1,01,07,00,000,25,,,,,,,,,,,,*49
$GQGSV,1,1,01,07,00,000,24,,,,,,,,,,,,*48
$GQGSV,1,1,01,07,00,000,24,,,,,,,,,,,,*48
$GQGSV,1,1,01,07,00,000,24,,,,,,,,,,,,*48
$GQGSV,1,1,01,07,00,000,24,,,,,,,,,,,,*48
$GQGSV,1,1,01,07,00,000,24,,,,,,,,,,,,*48
$GQGSV,1,1,01,07,00,000,24,,,,,,,,,,,,*48
$GQGSV,1,1,01,07,00,000,23,,,,,,,,,,,,*4F
$GQGSV,1,1,02,03,00,000,23,07,00,000,23,,,,,,,,*7E
$GQGSV,1,1,02,03,35,172,24,07,53,169,23,,,,,,,,*73
$GQGSV,1,1,02,03,35,172,25,07,53,169,23,,,,,,,,*72
$GQGSV,1,1,01,03,35,172,26,,,,,,,,,,,,*4C
$GQGSV,1,1,01,03,35,172,27,,,,,,,,,,,,*4D
$GQGSV,1,1,01,03,35,172,27,,,,,,,,,,,,*4D
$GQGSV,1,1,01,03,35,172,27,,,,,,,,,,,,*4D
$GQGSV,1,1,01,03,35,172,27,,,,,,,,,,,,*4D
$GQGSV,1,1,01,03,35,172,27,,,,,,,,,,,,*4D
$GQGSV,1,1,01,03,35,172,28,,,,,,,,,,,,*42
$GQGSV,1,1,01,03,35,172,28,,,,,,,,,,,,*42
$GQGSV,1,1,01,03,35,172,28,,,,,,,,,,,,*42
$GQGSV,1,1,01,03,35,172,28,,,,,,,,,,,,*42
$GQGSV,1,1,01,03,35,172,28,,,,,,,,,,,,*42
$GQGSV,1,1,01,03,35,172,28,,,,,,,,,,,,*42
$GQGSV,1,1,01,03,35,172,27,,,,,,,,,,,,*4D
$GQGSV,1,1,01,03,35,172,26,,,,,,,,,,,,*4C
$GQGSV,1,1,01,03,35,172,26,,,,,,,,,,,,*4C
$GQGSV,1,1,01,03,35,172,25,,,,,,,,,,,,*4F
$GQGSV,1,1,01,03,35,172,25,,,,,,,,,,,,*4F
$GQGSV,1,1,01,03,35,172,25,,,,,,,,,,,,*4F
$GQGSV,1,1,01,03,35,172,24,,,,,,,,,,,,*4E
$GQGSV,1,1,01,03,35,172,24,,,,,,,,,,,,*4E
$GQGSV,1,1,01,03,35,172,23,,,,,,,,,,,,*49
$GQGSV,1,1,01,03,35,172,23,,,,,,,,,,,,*49
$GQGSV,1,1,01,03,35,172,23,,,,,,,,,,,,*49
$GQGSV,1,1,01,03,35,172,24,,,,,,,,,,,,*4E
$GQGSV,1,1,01,03,35,172,24,,,,,,,,,,,,*4E
$GQGSV,1,1,01,03,35,172,24,,,,,,,,,,,,*4E
$GQGSV,1,1,01,03,35,172,24,,,,,,,,,,,,*4E
$GQGSV,1,1,01,03,35,172,24,,,,,,,,,,,,*4E
$GQGSV,1,1,01,03,35,172,24,,,,,,,,,,,,*4E
$GQGSV,1,1,01,03,35,172,24,,,,,,,,,,,,*4E
$GQGSV,1,1,01,03,00,000,30,,,,,,,,,,,,*49
$GQGSV,1,1,01,03,00,000,27,,,,,,,,,,,,*4F
$GQGSV,1,1,01,03,00,000,21,,,,,,,,,,,,*49
$GQGSV,1,1,01,03,00,000,31,,,,,,,,,,,,*48
$GQGSV,1,1,01,03,00,000,34,,,,,,,,,,,,*4D
$GQGSV,1,1,01,03,35,172,35,,,,,,,,,,,,*4E
$GQGSV,1,1,01,03,35,172,35,,,,,,,,,,,,*4E
$GQGSV,1,1,01,03,35,172,36,,,,,,,,,,,,*4D
$GQGSV,1,1,01,03,35,172,36,,,,,,,,,,,,*4D
$GQGSV,1,1,01,03,35,172,37,,,,,,,,,,,,*4C
$GQGSV,1,1,01,03,35,172,37,,,,,,,,,,,,*4C
$GQGSV,1,1,01,03,35,172,35,,,,,,,,,,,,*4E
$GQGSV,1,1,01,03,35,172,33,,,,,,,,,,,,*48
$GQGSV,1,1,01,03,35,172,32,,,,,,,,,,,,*49
$GQGSV,1,1,01,03,35,172,32,,,,,,,,,,,,*49
$GQGSV,1,1,02,03,35,172,32,07,00,000,33,,,,,,,,*7D
$GQGSV,1,1,02,03,35,172,32,07,00,000,37,,,,,,,,*79
$GQGSV,1,1,02,03,35,172,32,07,00,000,36,,,,,,,,*78
$GQGSV,1,1,02,03,35,172,32,07,00,000,36,,,,,,,,*78
$GQGSV,1,1,02,03,00,000,32,07,00,000,35,,,,,,,,*79
$GQGSV,1,1,02,03,00,000,32,07,00,000,35,,,,,,,,*79
$GQGSV,1,1,02,03,00,000,31,07,00,000,33,,,,,,,,*7C
$GQGSV,1,1,02,03,35,172,31,07,00,000,31,,,,,,,,*7C
$GQGSV,1,1,02,03,35,172,30,07,53,169,31,,,,,,,,*75
$GQGSV,1,1,02,03,35,172,30,07,53,169,31,,,,,,,,*75
$GQGSV,1,1,02,03,35,172,30,07,53,169,31,,,,,,,,*75
$GQGSV,1,1,02,03,35,172,30,07,53,169,31,,,,,,,,*75
$GQGSV,1,1,02,03,35,172,30,07,00,000,31,,,,,,,,*7D
$GQGSV,1,1,01,03,35,172,30,,,,,,,,,,,,*4B
$GQGSV,1,1,01,03,35,172,30,,,,,,,,,,,,*4B
$GQGSV,1,1,01,03,35,172,30,,,,,,,,,,,,*4B
$GQGSV,1,1,01,03,35,172,30,,,,,,,,,,,,*4B
$GQGSV,1,1,01,03,35,172,30,,,,,,,,,,,,*4B
$GQGSV,1,1,01,03,35,172,29,,,,,,,,,,,,*43
$GQGSV,1,1,01,03,35,172,27,,,,,,,,,,,,*4D
$GQGSV,1,1,01,03,35,172,30,,,,,,,,,,,,*4B
$GQGSV,1,1,01,03,35,172,30,,,,,,,,,,,,*4B
$GQGSV,1,1,02,03,35,172,30,07,00,000,30,,,,,,,,*7C
$GQGSV,1,1,02,03,35,172,29,07,00,000,31,,,,,,,,*75
$GQGSV,1,1,02,03,35,172,28,07,00,000,31,,,,,,,,*74
$GQGSV,1,1,02,03,00,000,28,07,53,169,32,,,,,,,,*7D
$GQGSV,1,1,02,03,00,000,28,07,53,169,33,,,,,,,,*7C
$GQGSV,1,1,02,03,00,000,28,07,53,169,33,,,,,,,,*7C
$GQGSV,1,1,02,03,00,000,28,07,53,169,32,,,,,,,,*7D
$GQGSV,1,1,02,03,00,000,28,07,53,169,32,,,,,,,,*7D
$GQGSV,1,1,02,03,00,000,28,07,53,169,33,,,,,,,,*7C
$GQGSV,1,1,02,03,00,000,27,07,53,169,33,,,,,,,,*73
$GQGSV,1,1,02,03,00,000,27,07,53,169,33,,,,,,,,*73
$GQGSV,1,1,01,07,53,169,33,,,,,,,,,,,,*46
$GQGSV,1,1,01,07,53,169,33,,,,,,,,,,,,*46
$GQGSV,1,1,01,07,53,169,33,,,,,,,,,,,,*46
$GQGSV,1,1,01,07,53,169,34,,,,,,,,,,,,*41
$GQGSV,1,1,02,03,00,000,36,07,53,169,34,,,,,,,,*74
$GQGSV,1,1,02,03,00,000,36,07,53,169,34,,,,,,,,*74
$GQGSV,1,1,02,03,00,000,36,07,53,169,34,,,,,,,,*74
$GQGSV,1,1,02,03,00,000,35,07,53,169,34,,,,,,,,*77
$GQGSV,1,1,02,03,00,000,36,07,53,169,35,,,,,,,,*75
$GQGSV,1,1,02,03,00,000,36,07,53,169,35,,,,,,,,*75
$GQGSV,1,1,02,03,35,172,37,07,53,169,35,,,,,,,,*76
$GQGSV,1,1,02,03,35,172,37,07,53,169,35,,,,,,,,*76
$GQGSV,1,1,02,03,35,172,37,07,53,169,35,,,,,,,,*76
$GQGSV,1,1,02,03,35,172,37,07,53,169,35,,,,,,,,*76
$GQGSV,1,1,02,03,35,172,37,07,53,169,35,,,,,,,,*76
$GQGSV,1,1,02,03,35,172,37,07,53,169,35,,,,,,,,*76
$GQGSV,1,1,02,03,35,172,38,07,53,169,36,,,,,,,,*7A
$GQGSV,1,1,02,03,35,172,38,07,53,169,36,,,,,,,,*7A
$GQGSV,1,1,02,03,35,172,38,07,53,169,37,,,,,,,,*7B
$GQGSV,1,1,02,03,35,172,38,07,53,169,37,,,,,,,,*7B
$GQGSV,1,1,02,03,35,172,39,07,53,169,37,,,,,,,,*7A
$GQGSV,1,1,02,03,35,172,39,07,53,169,37,,,,,,,,*7A
$GQGSV,1,1,02,03,35,172,39,07,53,169,37,,,,,,,,*7A
$GQGSV,1,1,02,03,35,172,40,07,53,169,37,,,,,,,,*74
$GQGSV,1,1,02,03,35,172,40,07,53,169,37,,,,,,,,*74
$GQGSV,1,1,02,03,35,172,40,07,53,169,37,,,,,,,,*74
$GQGSV,1,1,02,03,35,172,41,07,53,169,37,,,,,,,,*75
$GQGSV,1,1,02,03,35,172,41,07,53,169,37,,,,,,,,*75
$GQGSV,1,1,02,03,35,172,41,07,53,169,37,,,,,,,,*75
$GQGSV,1,1,02,03,35,172,41,07,53,169,37,,,,,,,,*75
$GQGSV,1,1,02,03,35,172,41,07,53,169,37,,,,,,,,*75
$GQGSV,1,1,02,03,35,172,41,07,53,169,38,,,,,,,,*7A
$GQGSV,1,1,02,03,35,172,41,07,53,169,38,,,,,,,,*7A
$GQGSV,1,1,02,03,35,172,41,07,53,169,38,,,,,,,,*7A
$GQGSV,1,1,02,03,35,172,42,07,53,169,38,,,,,,,,*79
$GQGSV,1,1,02,03,35,172,42,07,53,169,38,,,,,,,,*79
$GQGSV,1,1,02,03,35,172,42,07,53,169,38,,,,,,,,*79
$GQGSV,1,1,02,03,35,172,42,07,53,169,38,,,,,,,,*79
$GQGSV,1,1,02,03,35,172,42,07,53,169,38,,,,,,,,*79
$GQGSV,1,1,02,03,35,172,42,07,53,169,38,,,,,,,,*79
$GQGSV,1,1,02,03,35,172,42,07,53,169,38,,,,,,,,*79
$GQGSV,1,1,02,03,35,172,42,07,53,169,38,,,,,,,,*79
$GQGSV,1,1,02,03,35,172,42,07,53,169,38,,,,,,,,*79
$GQGSV,1,1,02,03,35,172,42,07,53,169,38,,,,,,,,*79
$GQGSV,1,1,02,03,35,172,42,07,53,169,38,,,,,,,,*79
$GQGSV,1,1,02,03,35,172,42,07,53,169,39,,,,,,,,*78
$GQGSV,1,1,02,03,35,172,42,07,53,169,39,,,,,,,,*78
$GQGSV,1,1,02,03,35,172,42,07,53,169,39,,,,,,,,*78
$GQGSV,1,1,02,03,35,172,42,07,53,169,39,,,,,,,,*78
$GQGSV,1,1,02,03,35,172,42,07,53,169,39,,,,,,,,*78
$GQGSV,1,1,02,03,35,172,42,07,53,169,39,,,,,,,,*78
$GQGSV,1,1,02,03,35,172,42,07,53,169,39,,,,,,,,*78
$GQGSV,1,1,02,03,35,172,42,07,53,169,39,,,,,,,,*78
$GQGSV,1,1,02,03,35,172,42,07,53,169,39,,,,,,,,*78
$GQGSV,1,1,02,03,35,172,42,07,53,169,39,,,,,,,,*78
$GQGSV,1,1,02,03,35,172,42,07,53,169,39,,,,,,,,*78
$GQGSV,1,1,02,03,35,172,42,07,53,169,39,,,,,,,,*78
$GQGSV,1,1,02,03,35,172,42,07,53,169,39,,,,,,,,*78
$GQGSV,1,1,02,03,35,172,42,07,53,169,39,,,,,,,,*78
$GQGSV,1,1,02,03,35,172,42,07,53,169,39,,,,,,,,*78
$GQGSV,1,1,02,03,35,172,42,07,53,169,39,,,,,,,,*78
$GQGSV,1,1,02,03,35,172,42,07,53,169,39,,,,,,,,*78
$GQGSV,1,1,02,03,35,172,42,07,53,169,39,,,,,,,,*78
$GQGSV,1,1,02,03,35,172,42,07,53,169,39,,,,,,,,*78
$GQGSV,1,1,02,03,35,172,42,07,53,169,40,,,,,,,,*76
$GQGSV,1,1,02,03,35,172,42,07,53,169,40,,,,,,,,*76
$GQGSV,1,1,02,03,35,172,42,07,53,169,40,,,,,,,,*76
$GQGSV,1,1,02,03,35,172,42,07,53,169,40,,,,,,,,*76
$GQGSV,1,1,02,03,35,172,42,07,53,169,40,,,,,,,,*76
$GQGSV,1,1,02,03,35,172,42,07,53,169,40,,,,,,,,*76
$GQGSV,1,1,02,03,35,172,42,07,53,169,40,,,,,,,,*76
$GQGSV,1,1,02,03,35,172,43,07,53,169,40,,,,,,,,*77
$GQGSV,1,1,02,03,35,172,43,07,53,169,40,,,,,,,,*77
$GQGSV,1,1,02,03,35,172,43,07,53,169,40,,,,,,,,*77
$GQGSV,1,1,02,03,35,172,43,07,53,169,40,,,,,,,,*77
$GQGSV,1,1,02,03,35,172,43,07,53,169,40,,,,,,,,*77
$GQGSV,1,1,02,03,35,172,43,07,53,169,40,,,,,,,,*77
$GQGSV,1,1,02,03,35,172,43,07,53,169,40,,,,,,,,*77
$GQGSV,1,1,02,03,35,172,43,07,53,169,40,,,,,,,,*77
$GQGSV,1,1,02,03,35,172,43,07,53,169,40,,,,,,,,*77
$GQGSV,1,1,02,03,35,172,43,07,53,169,40,,,,,,,,*77
$GQGSV,1,1,02,03,35,172,43,07,53,169,40,,,,,,,,*77
$GQGSV,1,1,02,03,35,172,43,07,53,169,40,,,,,,,,*77
$GQGSV,1,1,02,03,35,172,43,07,53,169,40,,,,,,,,*77
$GQGSV,1,1,02,03,35,172,43,07,53,169,40,,,,,,,,*77
$GQGSV,1,1,02,03,35,172,43,07,53,169,40,,,,,,,,*77
$GQGSV,1,1,02,03,35,172,43,07,53,169,40,,,,,,,,*77
$GQGSV,1,1,02,03,35,172,43,07,53,169,40,,,,,,,,*77
$GQGSV,1,1,02,03,35,172,43,07,53,169,40,,,,,,,,*77
$GQGSV,1,1,02,03,35,172,43,07,53,169,40,,,,,,,,*77
$GQGSV,1,1,02,03,35,172,43,07,53,169,40,,,,,,,,*77
$GQGSV,1,1,02,03,35,172,43,07,53,169,40,,,,,,,,*77
$GQGSV,1,1,02,03,35,172,43,07,53,169,40,,,,,,,,*77
$GQGSV,1,1,02,03,35,172,43,07,53,169,40,,,,,,,,*77
$GQGSV,1,1,02,03,35,172,43,07,53,169,40,,,,,,,,*77
$GQGSV,1,1,02,03,35,172,43,07,53,169,40,,,,,,,,*77
$GQGSV,1,1,02,03,35,172,42,07,53,169,40,,,,,,,,*76
$GQGSV,1,1,02,03,35,172,42,07,53,169,40,,,,,,,,*76
$GQGSV,1,1,02,03,35,172,42,07,53,169,40,,,,,,,,*76
$GQGSV,1,1,02,03,35,172,42,07,53,169,40,,,,,,,,*76
$GQGSV,1,1,02,03,35,172,42,07,53,169,40,,,,,,,,*76
$GQGSV,1,1,02,03,35,172,42,07,53,169,40,,,,,,,,*76
$GQGSV,1,1,02,03,35,172,42,07,53,169,40,,,,,,,,*76
$GQGSV,1,1,02,03,35,172,42,07,53,169,40,,,,,,,,*76
$GQGSV,1,1,02,03,35,172,42,07,53,169,40,,,,,,,,*76
$GQGSV,1,1,02,03,35,172,42,07,53,169,40,,,,,,,,*76
$GQGSV,1,1,02,03,35,172,42,07,53,169,40,,,,,,,,*76
$GQGSV,1,1,02,03,35,172,42,07,53,169,40,,,,,,,,*76
$GQGSV,1,1,02,03,35,172,42,07,53,169,40,,,,,,,,*76
$GQGSV,1,1,02,03,35,172,42,07,53,169,40,,,,,,,,*76
$GQGSV,1,1,02,03,35,172,42,07,53,169,40,,,,,,,,*76
$GQGSV,1,1,02,03,35,172,42,07,53,169,40,,,,,,,,*76
$GQGSV,1,1,02,03,35,172,42,07,53,169,40,,,,,,,,*76
$GQGSV,1,1,02,03,35,172,42,07,53,169,40,,,,,,,,*76
$GQGSV,1,1,02,03,35,172,42,07,53,169,40,,,,,,,,*76
$GQGSV,1,1,02,03,35,172,42,07,53,169,40,,,,,,,,*76
$GQGSV,1,1,02,03,35,172,42,07,53,169,40,,,,,,,,*76
$GQGSV,1,1,02,03,35,172,42,07,53,169,41,,,,,,,,*77
$GQGSV,1,1,02,03,35,172,42,07,53,169,41,,,,,,,,*77
$GQGSV,1,1,02,03,35,172,42,07,53,169,41,,,,,,,,*77
$GQGSV,1,1,02,03,35,172,42,07,53,169,41,,,,,,,,*77
$GQGSV,1,1,02,03,35,172,42,07,53,169,41,,,,,,,,*77
$GQGSV,1,1,02,03,35,172,42,07,53,169,41,,,,,,,,*77
$GQGSV,1,1,02,03,35,172,42,07,53,169,41,,,,,,,,*77
$GQGSV,1,1,02,03,35,172,42,07,53,169,41,,,,,,,,*77
$GQGSV,1,1,02,03,35,172,41,07,53,169,41,,,,,,,,*74
$GQGSV,1,1,02,03,35,172,41,07,53,169,41,,,,,,,,*74
$GQGSV,1,1,02,03,35,172,41,07,53,169,41,,,,,,,,*74
$GQGSV,1,1,02,03,35,172,41,07,53,169,41,,,,,,,,*74
$GQGSV,1,1,02,03,35,172,41,07,53,169,41,,,,,,,,*74
$GQGSV,1,1,02,03,35,172,41,07,53,169,41,,,,,,,,*74
$GQGSV,1,1,02,03,35,172,41,07,53,169,41,,,,,,,,*74
$GQGSV,1,1,02,03,35,172,41,07,53,169,41,,,,,,,,*74
$GQGSV,1,1,02,03,35,172,41,07,53,169,41,,,,,,,,*74
$GQGSV,1,1,02,03,35,172,41,07,53,169,41,,,,,,,,*74
$GQGSV,1,1,02,03,35,172,41,07,53,169,41,,,,,,,,*74
$GQGSV,1,1,02,03,35,172,41,07,53,169,41,,,,,,,,*74
$GQGSV,1,1,02,03,35,172,41,07,53,169,41,,,,,,,,*74
$GQGSV,1,1,02,03,35,172,41,07,53,169,41,,,,,,,,*74
$GQGSV,1,1,02,03,35,172,41,07,53,169,41,,,,,,,,*74
$GQGSV,1,1,02,03,35,172,41,07,53,169,41,,,,,,,,*74
$GQGSV,1,1,02,03,35,172,41,07,53,169,41,,,,,,,,*74
$GQGSV,1,1,02,03,35,172,41,07,53,169,41,,,,,,,,*74
$GQGSV,1,1,02,03,35,172,41,07,53,169,41,,,,,,,,*74
$GQGSV,1,1,02,03,35,172,41,07,53,169,41,,,,,,,,*74
$GQGSV,1,1,02,03,35,172,41,07,53,169,41,,,,,,,,*74
$GQGSV,1,1,02,03,35,172,41,07,53,169,41,,,,,,,,*74
$GQGSV,1,1,02,03,35,172,41,07,53,169,41,,,,,,,,*74
$GQGSV,1,1,02,03,35,172,41,07,53,169,41,,,,,,,,*74
$GQGSV,1,1,02,03,35,172,41,07,53,169,41,,,,,,,,*74
$GQGSV,1,1,02,03,35,172,41,07,53,169,41,,,,,,,,*74
$GQGSV,1,1,02,03,35,172,41,07,53,169,40,,,,,,,,*75
$GQGSV,1,1,02,03,35,172,41,07,53,169,40,,,,,,,,*75
$GQGSV,1,1,02,03,35,172,41,07,53,169,40,,,,,,,,*75
$GQGSV,1,1,02,03,35,172,41,07,53,169,40,,,,,,,,*75
$GQGSV,1,1,02,03,35,172,41,07,53,169,40,,,,,,,,*75
$GQGSV,1,1,02,03,35,172,40,07,53,169,40,,,,,,,,*74
$GQGSV,1,1,02,03,35,172,40,07,53,169,39,,,,,,,,*7A
$GQGSV,1,1,02,03,35,172,40,07,53,169,39,,,,,,,,*7A
$GQGSV,1,1,02,03,35,172,40,07,53,169,39,,,,,,,,*7A
$GQGSV,1,1,02,03,35,172,40,07,53,169,39,,,,,,,,*7A
$GQGSV,1,1,02,03,35,172,40,07,53,169,39,,,,,,,,*7A
$GQGSV,1,1,02,03,35,172,40,07,53,169,39,,,,,,,,*7A
$GQGSV,1,1,02,03,35,172,40,07,53,169,39,,,,,,,,*7A
$GQGSV,1,1,02,03,35,172,40,07,53,169,39,,,,,,,,*7A
$GQGSV,1,1,02,03,35,172,40,07,53,169,39,,,,,,,,*7A
$GQGSV,1,1,02,03,35,172,40,07,53,169,38,,,,,,,,*7B
$GQGSV,1,1,02,03,35,172,40,07,53,169,38,,,,,,,,*7B
$GQGSV,1,1,02,03,35,172,39,07,53,169,38,,,,,,,,*75
$GQGSV,1,1,02,03,35,172,39,07,53,169,38,,,,,,,,*75
$GQGSV,1,1,02,03,35,172,39,07,53,169,38,,,,,,,,*75
$GQGSV,1,1,02,03,35,172,39,07,53,169,38,,,,,,,,*75
$GQGSV,1,1,02,03,35,172,39,07,53,169,38,,,,,,,,*75
$GQGSV,1,1,02,03,35,172,39,07,53,169,38,,,,,,,,*75
$GQGSV,1,1,02,03,35,172,39,07,53,169,38,,,,,,,,*75
$GQGSV,1,1,02,03,35,172,39,07,53,169,38,,,,,,,,*75
$GQGSV,1,1,02,03,35,172,39,07,53,169,37,,,,,,,,*7A
$GQGSV,1,1,02,03,35,172,39,07,53,169,37,,,,,,,,*7A
$GQGSV,1,1,02,03,35,172,39,07,53,169,37,,,,,,,,*7A
$GQGSV,1,1,02,03,35,172,39,07,53,169,37,,,,,,,,*7A
$GQGSV,1,1,02,03,35,172,39,07,53,169,37,,,,,,,,*7A
$GQGSV,1,1,02,03,35,172,38,07,53,169,37,,,,,,,,*7B
$GQGSV,1,1,02,03,35,172,38,07,53,169,37,,,,,,,,*7B
$GQGSV,1,1,02,03,35,172,38,07,53,169,37,,,,,,,,*7B
$GQGSV,1,1,02,03,35,172,38,07,53,169,37,,,,,,,,*7B
$GQGSV,1,1,02,03,35,172,38,07,53,169,37,,,,,,,,*7B
$GQGSV,1,1,02,03,35,172,38,07,53,169,37,,,,,,,,*7B
$GQGSV,1,1,02,03,35,172,38,07,53,169,37,,,,,,,,*7B
$GQGSV,1,1,02,03,35,172,38,07,53,169,37,,,,,,,,*7B
$GQGSV,1,1,02,03,35,172,39,07,53,169,37,,,,,,,,*7A
$GQGSV,1,1,02,03,35,172,39,07,53,169,37,,,,,,,,*7A
$GQGSV,1,1,02,03,35,172,39,07,53,169,37,,,,,,,,*7A
$GQGSV,1,1,02,03,35,172,39,07,53,169,37,,,,,,,,*7A
$GQGSV,1,1,02,03,35,172,39,07,53,169,38,,,,,,,,*75
$GQGSV,1,1,02,03,35,172,39,07,53,169,38,,,,,,,,*75
$GQGSV,1,1,02,03,35,172,39,07,53,169,38,,,,,,,,*75
$GQGSV,1,1,02,03,35,172,39,07,53,169,38,,,,,,,,*75
$GQGSV,1,1,02,03,35,172,39,07,53,169,38,,,,,,,,*75
$GQGSV,1,1,02,03,35,172,39,07,53,169,38,,,,,,,,*75
$GQGSV,1,1,02,03,35,172,39,07,53,169,38,,,,,,,,*75
$GQGSV,1,1,02,03,35,172,39,07,53,169,38,,,,,,,,*75
$GQGSV,1,1,02,03,35,172,39,07,53,169,38,,,,,,,,*75
$GQGSV,1,1,02,03,35,172,39,07,53,169,38,,,,,,,,*75
$GQGSV,1,1,02,03,35,172,39,07,53,169,38,,,,,,,,*75
$GQGSV,1,1,02,03,35,172,39,07,53,169,38,,,,,,,,*75
$GQGSV,1,1,02,03,35,172,39,07,53,169,38,,,,,,,,*75
$GQGSV,1,1,02,03,35,172,39,07,53,169,38,,,,,,,,*75
$GQGSV,1,1,02,03,35,172,39,07,53,169,38,,,,,,,,*75
$GQGSV,1,1,02,03,35,172,39,07,53,169,38,,,,,,,,*75
$GQGSV,1,1,02,03,35,172,39,07,53,169,38,,,,,,,,*75
$GQGSV,1,1,02,03,35,172,39,07,53,169,38,,,,,,,,*75
$GQGSV,1,1,03,02,00,000,35,03,35,172,40,07,53,169,38,,,,*4E
$GQGSV,1,1,03,02,00,000,35,03,35,172,40,07,53,169,38,,,,*4E
$GQGSV,1,1,03,02,00,000,35,03,35,172,40,07,53,169,38,,,,*4E
$GQGSV,1,1,03,02,00,000,35,03,35,172,40,07,53,169,38,,,,*4E
$GQGSV,1,1,03,02,00,000,35,03,35,172,40,07,53,169,38,,,,*4E
$GQGSV,1,1,03,02,00,000,36,03,35,172,40,07,53,169,38,,,,*4D
$GQGSV,1,1,03,02,00,000,36,03,35,172,40,07,53,169,39,,,,*4C
$GQGSV,1,1,03,02,00,000,36,03,35,172,40,07,53,169,39,,,,*4C
$GQGSV,1,1,03,02,00,000,35,03,35,172,40,07,53,169,39,,,,*4F
$GQGSV,1,1,03,02,00,000,35,03,35,172,40,07,53,169,39,,,,*4F
$GQGSV,1,1,03,02,00,000,35,03,35,172,40,07,53,169,39,,,,*4F
$GQGSV,1,1,03,02,00,000,35,03,35,172,40,07,53,169,39,,,,*4F
$GQGSV,1,1,03,02,00,000,35,03,35,172,40,07,53,169,39,,,,*4F
$GQGSV,1,1,03,02,00,000,35,03,35,172,40,07,53,169,39,,,,*4F
$GQGSV,1,1,03,02,00,000,35,03,35,172,40,07,53,169,39,,,,*4F
$GQGSV,1,1,03,02,00,000,35,03,35,172,40,07,53,169,39,,,,*4F
$GQGSV,1,1,03,02,00,000,35,03,35,172,40,07,53,169,39,,,,*4F
$GQGSV,1,1,03,02,00,000,35,03,35,172,41,07,53,169,39,,,,*4E
$GQGSV,1,1,03,02,00,000,35,03,35,172,41,07,53,169,39,,,,*4E
$GQGSV,1,1,03,02,00,000,35,03,35,172,41,07,53,169,39,,,,*4E
$GQGSV,1,1,03,02,00,000,35,03,35,172,41,07,53,169,39,,,,*4E
$GQGSV,1,1,03,02,00,000,35,03,35,172,41,07,53,169,39,,,,*4E
$GQGSV,1,1,03,02,00,000,35,03,35,172,41,07,53,169,39,,,,*4E
$GQGSV,1,1,03,02,00,000,35,03,35,172,41,07,53,169,39,,,,*4E
$GQGSV,1,1,03,02,00,000,35,03,35,172,41,07,53,169,39,,,,*4E
$GQGSV,1,1,03,02,00,000,35,03,35,172,41,07,53,169,39,,,,*4E
$GQGSV,1,1,03,02,00,000,35,03,35,172,41,07,53,169,39,,,,*4E
$GQGSV,1,1,03,02,00,000,35,03,35,172,41,07,53,169,39,,,,*4E
$GQGSV,1,1,03,02,00,000,35,03,35,172,41,07,53,169,39,,,,*4E
$GQGSV,1,1,03,02,00,000,35,03,35,172,41,07,53,169,39,,,,*4E
$GQGSV,1,1,03,02,00,000,35,03,35,172,41,07,53,169,39,,,,*4E
$GQGSV,1,1,03,02,00,000,35,03,35,172,41,07,53,169,39,,,,*4E
$GQGSV,1,1,03,02,00,000,35,03,35,172,41,07,53,169,39,,,,*4E
$GQGSV,1,1,03,02,00,000,35,03,35,172,41,07,53,169,39,,,,*4E
$GQGSV,1,1,03,02,00,000,35,03,35,172,41,07,53,169,40,,,,*40
$GQGSV,1,1,03,02,00,000,35,03,35,172,41,07,53,169,40,,,,*40
$GQGSV,1,1,03,02,00,000,35,03,35,172,41,07,53,169,40,,,,*40
$GQGSV,1,1,03,02,00,000,35,03,35,172,42,07,53,169,40,,,,*43
$GQGSV,1,1,03,02,00,000,35,03,35,172,42,07,53,169,40,,,,*43
$GQGSV,1,1,03,02,00,000,35,03,35,172,42,07,53,169,40,,,,*43
$GQGSV,1,1,03,02,00,000,34,03,35,172,42,07,53,169,40,,,,*42
$GQGSV,1,1,03,02,00,000,33,03,35,172,42,07,53,169,40,,,,*45
$GQGSV,1,1,03,02,00,000,32,03,35,172,42,07,53,169,39,,,,*4A
$GQGSV,1,1,03,02,00,000,32,03,35,172,42,07,53,169,39,,,,*4A
$GQGSV,1,1,03,02,00,000,32,03,35,172,42,07,53,169,39,,,,*4A
$GQGSV,1,1,03,02,00,000,32,03,35,172,42,07,53,169,39,,,,*4A
$GQGSV,1,1,03,02,00,000,32,03,35,172,42,07,53,169,39,,,,*4A
$GQGSV,1,1,03,02,00,000,32,03,35,172,38,07,53,169,39,,,,*47
$GQGSV,1,1,03,02,00,000,32,03,35,172,36,07,53,169,38,,,,*48
$GQGSV,1,1,03,02,00,000,32,03,35,172,35,07,53,169,35,,,,*46
$GQGSV,1,1,03,02,00,000,33,03,35,172,35,07,53,169,34,,,,*46
$GQGSV,1,1,03,02,00,000,33,03,35,172,35,07,53,169,34,,,,*46
$GQGSV,1,1,03,02,00,000,34,03,35,172,35,07,53,169,33,,,,*46
$GQGSV,1,1,03,02,00,000,34,03,35,172,35,07,53,169,34,,,,*41
$GQGSV,1,1,03,02,00,000,34,03,35,172,35,07,53,169,34,,,,*41
$GQGSV,1,1,03,02,00,000,35,03,35,172,35,07,53,169,34,,,,*40
$GQGSV,1,1,03,02,00,000,35,03,35,172,35,07,53,169,34,,,,*40
$GQGSV,1,1,03,02,00,000,34,03,35,172,35,07,53,169,34,,,,*41
$GQGSV,1,1,03,02,00,000,34,03,35,172,35,07,53,169,35,,,,*40
$GQGSV,1,1,03,02,00,000,33,03,35,172,35,07,53,169,35,,,,*47
$GQGSV,1,1,03,02,00,000,32,03,35,172,35,07,53,169,35,,,,*46
$GQGSV,1,1,03,02,00,000,32,03,35,172,35,07,53,169,35,,,,*46
$GQGSV,1,1,03,02,00,000,31,03,35,172,36,07,53,169,35,,,,*46
$GQGSV,1,1,03,02,00,000,30,03,35,172,36,07,53,169,36,,,,*44
$GQGSV,1,1,03,02,00,000,29,03,35,172,36,07,53,169,36,,,,*4C
$GQGSV,1,1,03,02,00,000,28,03,35,172,36,07,53,169,36,,,,*4D
$GQGSV,1,1,03,02,00,000,28,03,35,172,36,07,53,169,36,,,,*4D
$GQGSV,1,1,03,02,00,000,27,03,35,172,36,07,53,169,37,,,,*43
$GQGSV,1,1,03,02,00,000,27,03,35,172,36,07,53,169,37,,,,*43
$GQGSV,1,1,03,02,00,000,27,03,35,172,37,07,53,169,37,,,,*42
$GQGSV,1,1,03,02,00,000,27,03,35,172,37,07,53,169,37,,,,*42
$GQGSV,1,1,03,02,00,000,28,03,35,172,37,07,53,169,37,,,,*4D
$GQGSV,1,1,03,02,00,000,28,03,35,172,36,07,53,169,37,,,,*4C
$GQGSV,1,1,03,02,00,000,28,03,35,172,36,07,53,169,37,,,,*4C
$GQGSV,1,1,03,02,00,000,28,03,35,172,37,07,53,169,37,,,,*4D
$GQGSV,1,1,03,02,00,000,28,03,35,172,37,07,53,169,37,,,,*4D
$GQGSV,1,1,03,02,00,000,29,03,35,172,37,07,53,169,37,,,,*4C
$GQGSV,1,1,03,02,00,000,29,03,35,172,38,07,53,169,37,,,,*43
$GQGSV,1,1,03,02,00,000,29,03,35,172,38,07,53,169,37,,,,*43
$GQGSV,1,1,03,02,00,000,29,03,35,172,38,07,53,169,37,,,,*43
$GQGSV,1,1,03,02,00,000,29,03,35,172,38,07,53,169,37,,,,*43
$GQGSV,1,1,03,02,00,000,30,03,35,172,39,07,53,169,37,,,,*4A
$GQGSV,1,1,03,02,00,000,30,03,35,172,38,07,53,169,37,,,,*4B
$GQGSV,1,1,03,02,00,000,29,03,35,172,38,07,53,169,37,,,,*43
$GQGSV,1,1,03,02,00,000,28,03,35,172,39,07,53,169,37,,,,*43
$GQGSV,1,1,03,02,00,000,28,03,35,172,39,07,53,169,37,,,,*43
$GQGSV,1,1,03,02,00,000,27,03,35,172,39,07,53,169,37,,,,*4C
$GQGSV,1,1,03,02,00,000,27,03,35,172,40,07,53,169,37,,,,*42
$GQGSV,1,1,03,02,00,000,27,03,35,172,40,07,53,169,37,,,,*42
$GQGSV,1,1,03,02,00,000,27,03,35,172,40,07,53,169,37,,,,*42
$GQGSV,1,1,03,02,00,000,27,03,35,172,40,07,53,169,37,,,,*42
$GQGSV,1,1,03,02,00,000,28,03,35,172,41,07,53,169,37,,,,*4C
$GQGSV,1,1,03,02,00,000,28,03,35,172,40,07,53,169,37,,,,*4D
$GQGSV,1,1,03,02,00,000,28,03,35,172,39,07,53,169,37,,,,*43
$GQGSV,1,1,03,02,00,000,27,03,35,172,39,07,53,169,37,,,,*4C
$GQGSV,1,1,03,02,00,000,27,03,35,172,39,07,53,169,37,,,,*4C
$GQGSV,1,1,03,02,00,000,27,03,35,172,39,07,53,169,37,,,,*4C
$GQGSV,1,1,03,02,00,000,28,03,35,172,38,07,53,169,37,,,,*42
$GQGSV,1,1,03,02,00,000,28,03,35,172,38,07,53,169,37,,,,*42
$GQGSV,1,1,03,02,00,000,28,03,35,172,39,07,53,169,37,,,,*43
$GQGSV,1,1,03,02,00,000,29,03,35,172,39,07,53,169,37,,,,*42
$GQGSV,1,1,03,02,00,000,29,03,35,172,39,07,53,169,37,,,,*42
$GQGSV,1,1,03,02,00,000,30,03,35,172,39,07,53,169,37,,,,*4A
$GQGSV,1,1,03,02,00,000,30,03,35,172,39,07,53,169,37,,,,*4A
$GQGSV,1,1,03,02,00,000,31,03,35,172,39,07,53,169,37,,,,*4B
$GQGSV,1,1,03,02,00,000,31,03,35,172,39,07,53,169,38,,,,*44
$GQGSV,1,1,03,02,00,000,32,03,35,172,39,07,53,169,38,,,,*47
$GQGSV,1,1,03,02,00,000,31,03,35,172,39,07,53,169,38,,,,*44
$GQGSV,1,1,03,02,00,000,31,03,35,172,39,07,53,169,37,,,,*4B
$GQGSV,1,1,03,02,00,000,31,03,35,172,39,07,53,169,37,,,,*4B
$GQGSV,1,1,03,02,00,000,31,03,35,172,39,07,53,169,37,,,,*4B
$GQGSV,1,1,03,02,00,000,30,03,35,172,38,07,53,169,36,,,,*4A
$GQGSV,1,1,03,02,00,000,30,03,35,172,37,07,53,169,36,,,,*45
$GQGSV,1,1,03,02,00,000,30,03,35,172,37,07,53,169,35,,,,*46
$GQGSV,1,1,03,02,00,000,30,03,35,172,37,07,53,169,35,,,,*46
$GQGSV,1,1,03,02,00,000,30,03,35,172,37,07,53,169,35,,,,*46
$GQGSV,1,1,03,02,00,000,30,03,35,172,37,07,53,169,35,,,,*46
$GQGSV,1,1,03,02,00,000,30,03,35,172,37,07,53,169,34,,,,*47
$GQGSV,1,1,03,02,00,000,29,03,35,172,37,07,53,169,35,,,,*4E
$GQGSV,1,1,03,02,00,000,29,03,35,172,37,07,53,169,35,,,,*4E
$GQGSV,1,1,03,02,00,000,29,03,35,172,37,07,53,169,35,,,,*4E
$GQGSV,1,1,03,02,00,000,28,03,35,172,37,07,53,169,35,,,,*4F
$GQGSV,1,1,03,02,00,000,28,03,35,172,37,07,53,169,35,,,,*4F
$GQGSV,1,1,03,02,00,000,28,03,35,172,38,07,53,169,35,,,,*40
$GQGSV,1,1,03,02,00,000,29,03,35,172,38,07,53,169,35,,,,*41
$GQGSV,1,1,03,02,00,000,29,03,35,172,38,07,53,169,35,,,,*41
$GQGSV,1,1,03,02,00,000,30,03,35,172,38,07,53,169,35,,,,*49
$GQGSV,1,1,03,02,00,000,30,03,35,172,38,07,53,169,35,,,,*49
$GQGSV,1,1,03,02,00,000,31,03,35,172,38,07,53,169,35,,,,*48
$GQGSV,1,1,03,02,00,000,31,03,35,172,38,07,53,169,35,,,,*48
$GQGSV,1,1,03,02,00,000,31,03,35,172,38,07,53,169,35,,,,*48
$GQGSV,1,1,03,02,00,000,31,03,35,172,38,07,53,169,35,,,,*48
$GQGSV,1,1,03,02,00,000,30,03,35,172,38,07,53,169,35,,,,*49
$GQGSV,1,1,03,02,00,000,30,03,35,172,38,07,53,169,35,,,,*49
$GQGSV,1,1,03,02,00,000,30,03,35,172,38,07,53,169,35,,,,*49
$GQGSV,1,1,03,02,00,000,30,03,35,172,38,07,53,169,35,,,,*49
$GQGSV,1,1,03,02,00,000,30,03,35,172,39,07,53,169,35,,,,*48
$GQGSV,1,1,03,02,00,000,30,03,35,172,39,07,53,169,35,,,,*48
$GQGSV,1,1,03,02,00,000,30,03,35,172,39,07,53,169,35,,,,*48
$GQGSV,1,1,03,02,00,000,31,03,35,172,39,07,53,169,35,,,,*49
$GQGSV,1,1,03,02,00,000,31,03,35,172,39,07,53,169,35,,,,*49
$GQGSV,1,1,03,02,00,000,31,03,35,172,39,07,53,169,35,,,,*49
$GQGSV,1,1,03,02,00,000,32,03,35,172,39,07,53,169,35,,,,*4A
$GQGSV,1,1,03,02,00,000,32,03,35,172,39,07,53,169,35,,,,*4A
$GQGSV,1,1,03,02,00,000,32,03,35,172,39,07,53,169,35,,,,*4A
$GQGSV,1,1,03,02,00,000,31,03,35,172,39,07,53,169,34,,,,*48
$GQGSV,1,1,03,02,00,000,31,03,35,172,39,07,53,169,34,,,,*48
$GQGSV,1,1,03,02,00,000,31,03,35,172,39,07,53,169,33,,,,*4F
$GQGSV,1,1,03,02,00,000,31,03,35,172,39,07,53,169,33,,,,*4F
$GQGSV,1,1,03,02,00,000,31,03,35,172,39,07,53,169,33,,,,*4F
$GQGSV,1,1,03,02,00,000,31,03,35,172,39,07,53,169,33,,,,*4F
$GQGSV,1,1,03,02,00,000,31,03,35,172,39,07,53,169,34,,,,*48
$GQGSV,1,1,03,02,00,000,32,03,35,172,39,07,53,169,34,,,,*4B
$GQGSV,1,1,03,02,00,000,32,03,35,172,39,07,53,169,35,,,,*4A
$GQGSV,1,1,03,02,00,000,33,03,35,172,39,07,53,169,35,,,,*4B
$GQGSV,1,1,03,02,00,000,33,03,35,172,39,07,53,169,35,,,,*4B
$GQGSV,1,1,03,02,00,000,33,03,35,172,39,07,53,169,36,,,,*48
$GQGSV,1,1,03,02,00,000,34,03,35,172,39,07,53,169,36,,,,*4F
$GQGSV,1,1,03,02,00,000,34,03,35,172,39,07,53,169,37,,,,*4E
$GQGSV,1,1,03,02,00,000,34,03,35,172,39,07,53,169,37,,,,*4E
$GQGSV,1,1,03,02,00,000,33,03,35,172,39,07,53,169,37,,,,*49
$GQGSV,1,1,03,02,00,000,32,03,35,172,39,07,53,169,37,,,,*48
$GQGSV,1,1,03,02,00,000,31,03,35,172,39,07,53,169,37,,,,*4B
$GQGSV,1,1,03,02,00,000,30,03,35,172,39,07,53,169,38,,,,*45
$GQGSV,1,1,03,02,00,000,29,03,35,172,39,07,53,169,38,,,,*4D
$GQGSV,1,1,03,02,00,000,28,03,35,172,40,07,53,169,38,,,,*42
$GQGSV,1,1,03,02,00,000,27,03,35,172,40,07,53,169,38,,,,*4D
$GQGSV,1,1,03,02,00,000,26,03,35,172,40,07,53,169,38,,,,*4C
$GQGSV,1,1,03,02,00,000,26,03,35,172,40,07,53,169,38,,,,*4C
$GQGSV,1,1,03,02,00,000,25,03,35,172,40,07,53,169,38,,,,*4F
$GQGSV,1,1,03,02,00,000,25,03,35,172,40,07,53,169,38,,,,*4F
$GQGSV,1,1,03,02,00,000,24,03,35,172,40,07,53,169,37,,,,*41
$GQGSV,1,1,03,02,00,000,24,03,35,172,39,07,53,169,37,,,,*4F
$GQGSV,1,1,03,02,00,000,23,03,35,172,38,07,53,169,36,,,,*48
$GQGSV,1,1,03,02,00,000,22,03,35,172,38,07,53,169,36,,,,*49
$GQGSV,1,1,03,02,00,000,37,03,35,172,37,07,53,169,36,,,,*42
$GQGSV,1,1,03,02,00,000,36,03,35,172,36,07,53,169,37,,,,*43
$GQGSV,1,1,03,02,00,000,35,03,35,172,36,07,53,169,37,,,,*40
$GQGSV,1,1,03,02,00,000,34,03,35,172,35,07,53,169,37,,,,*42
$GQGSV,1,1,03,02,00,000,34,03,35,172,35,07,53,169,38,,,,*4D
$GQGSV,1,1,03,02,00,000,34,03,35,172,35,07,53,169,38,,,,*4D
$GQGSV,1,1,03,02,00,000,34,03,35,172,35,07,53,169,39,,,,*4C
$GQGSV,1,1,03,02,00,000,31,03,35,172,35,07,53,169,39,,,,*49
$GQGSV,1,1,03,02,00,000,30,03,35,172,35,07,53,169,39,,,,*48
$GQGSV,1,1,03,02,00,000,30,03,35,172,36,07,53,169,40,,,,*45
$GQGSV,1,1,03,02,00,000,31,03,35,172,36,07,53,169,40,,,,*44
$GQGSV,1,1,03,02,00,000,30,03,35,172,37,07,53,169,40,,,,*44
$GQGSV,1,1,03,02,00,000,30,03,35,172,37,07,53,169,41,,,,*45
$GQGSV,1,1,03,02,00,000,29,03,35,172,38,07,53,169,41,,,,*42
$GQGSV,1,1,03,02,00,000,29,03,35,172,39,07,53,169,41,,,,*43
$GQGSV,1,1,03,02,00,000,28,03,35,172,39,07,53,169,41,,,,*42
$GQGSV,1,1,03,02,00,000,28,03,35,172,39,07,53,169,41,,,,*42
$GQGSV,1,1,03,02,00,000,28,03,35,172,40,07,53,169,41,,,,*4C
$GQGSV,1,1,03,02,00,000,29,03,35,172,40,07,53,169,41,,,,*4D
$GQGSV,1,1,03,02,00,000,29,03,35,172,40,07,53,169,41,,,,*4D
$GQGSV,1,1,03,02,00,000,30,03,35,172,40,07,53,169,41,,,,*45
$GQGSV,1,1,03,02,00,000,31,03,35,172,40,07,53,169,41,,,,*44
$GQGSV,1,1,03,02,00,000,31,03,35,172,40,07,53,169,41,,,,*44
$GQGSV,1,1,03,02,00,000,32,03,35,172,40,07,53,169,41,,,,*47
$GQGSV,1,1,03,02,00,000,32,03,35,172,40,07,53,169,41,,,,*47
$GQGSV,1,1,03,02,00,000,33,03,35,172,41,07,53,169,41,,,,*47
$GQGSV,1,1,03,02,00,000,33,03,35,172,40,07,53,169,41,,,,*46
$GQGSV,1,1,03,02,00,000,34,03,35,172,40,07,53,169,41,,,,*41
$GQGSV,1,1,03,02,00,000,34,03,35,172,41,07,53,169,41,,,,*40
$GQGSV,1,1,03,02,00,000,34,03,35,172,41,07,53,169,41,,,,*40
$GQGSV,1,1,03,02,00,000,34,03,35,172,41,07,53,169,41,,,,*40
$GQGSV,1,1,03,02,00,000,33,03,35,172,41,07,53,169,41,,,,*47
$GQGSV,1,1,03,02,00,000,33,03,35,172,41,07,53,169,41,,,,*47
$GQGSV,1,1,03,02,00,000,33,03,35,172,41,07,53,169,41,,,,*47
$GQGSV,1,1,03,02,00,000,33,03,35,172,41,07,53,169,41,,,,*47
$GQGSV,1,1,03,02,00,000,32,03,35,172,41,07,53,169,41,,,,*46
$GQGSV,1,1,03,02,00,000,32,03,35,172,40,07,53,169,41,,,,*47
$GQGSV,1,1,03,02,00,000,32,03,35,172,40,07,53,169,41,,,,*47
$GQGSV,1,1,03,02,00,000,32,03,35,172,40,07,53,169,41,,,,*47
$GQGSV,1,1,03,02,00,000,33,03,35,172,39,07,53,169,41,,,,*48
$GQGSV,1,1,03,02,00,000,33,03,35,172,39,07,53,169,41,,,,*48
$GQGSV,1,1,03,02,00,000,33,03,35,172,39,07,53,169,41,,,,*48
$GQGSV,1,1,03,02,00,000,34,03,35,172,39,07,53,169,41,,,,*4F
$GQGSV,1,1,03,02,00,000,34,03,35,172,39,07,53,169,41,,,,*4F
$GQGSV,1,1,03,02,00,000,34,03,35,172,39,07,53,169,41,,,,*4F
$GQGSV,1,1,03,02,00,000,35,03,35,172,39,07,53,169,41,,,,*4E
$GQGSV,1,1,03,02,00,000,35,03,35,172,39,07,53,169,41,,,,*4E
$GQGSV,1,1,03,02,00,000,36,03,35,172,39,07,53,169,41,,,,*4D
$GQGSV,1,1,03,02,00,000,36,03,35,172,39,07,53,169,41,,,,*4D
$GQGSV,1,1,03,02,00,000,36,03,35,172,39,07,53,169,41,,,,*4D
$GQGSV,1,1,03,02,00,000,36,03,35,172,39,07,53,169,41,,,,*4D
$GQGSV,1,1,03,02,00,000,36,03,35,172,40,07,53,169,41,,,,*43
$GQGSV,1,1,03,02,00,000,36,03,35,172,40,07,53,169,41,,,,*43
$GQGSV,1,1,03,02,00,000,36,03,35,172,40,07,53,169,41,,,,*43
$GQGSV,1,1,03,02,00,000,36,03,35,172,40,07,53,169,41,,,,*43
$GQGSV,1,1,03,02,00,000,36,03,35,172,40,07,53,169,41,,,,*43
$GQGSV,1,1,03,02,00,000,36,03,35,172,40,07,53,169,41,,,,*43
$GQGSV,1,1,03,02,00,000,36,03,35,172,40,07,53,169,41,,,,*43
$GQGSV,1,1,03,02,00,000,35,03,35,172,40,07,53,169,41,,,,*40
$GQGSV,1,1,03,02,00,000,33,03,35,172,40,07,53,169,41,,,,*46
$GQGSV,1,1,03,02,00,000,32,03,35,172,40,07,53,169,41,,,,*47
$GQGSV,1,1,03,02,00,000,31,03,35,172,39,07,53,169,41,,,,*4A
$GQGSV,1,1,03,02,00,000,30,03,35,172,39,07,53,169,41,,,,*4B
$GQGSV,1,1,03,02,00,000,29,03,35,172,38,07,53,169,41,,,,*42
$GQGSV,1,1,03,02,00,000,29,03,35,172,38,07,53,169,40,,,,*43
$GQGSV,1,1,03,02,00,000,29,03,35,172,39,07,53,169,39,,,,*4C
$GQGSV,1,1,03,02,00,000,29,03,35,172,39,07,53,169,37,,,,*42
$GQGSV,1,1,03,02,00,000,29,03,35,172,39,07,53,169,37,,,,*42
$GQGSV,1,1,03,02,00,000,29,03,35,172,39,07,53,169,36,,,,*43
$GQGSV,1,1,03,02,00,000,30,03,35,172,38,07,53,169,36,,,,*4A
$GQGSV,1,1,03,02,00,000,30,03,35,172,38,07,53,169,36,,,,*4A
$GQGSV,1,1,03,02,00,000,31,03,35,172,38,07,53,169,36,,,,*4B
$GQGSV,1,1,03,02,00,000,32,03,35,172,38,07,53,169,37,,,,*49
$GQGSV,1,1,03,02,00,000,32,03,35,172,38,07,53,169,36,,,,*48
$GQGSV,1,1,03,02,00,000,33,03,35,172,38,07,53,169,36,,,,*49
$GQGSV,1,1,03,02,00,000,33,03,35,172,38,07,53,169,36,,,,*49
$GQGSV,1,1,03,02,00,000,34,03,35,172,38,07,53,169,36,,,,*4E
$GQGSV,1,1,03,02,00,000,34,03,35,172,38,07,53,169,36,,,,*4E
$GQGSV,1,1,03,02,00,000,34,03,35,172,38,07,53,169,36,,,,*4E
$GQGSV,1,1,03,02,00,000,34,03,35,172,38,07,53,169,36,,,,*4E
$GQGSV,1,1,03,02,00,000,34,03,35,172,38,07,53,169,36,,,,*4E
$GQGSV,1,1,03,02,00,000,34,03,35,172,37,07,53,169,36,,,,*41
$GQGSV,1,1,03,02,00,000,33,03,35,172,37,07,53,169,37,,,,*47
$GQGSV,1,1,03,02,00,000,33,03,35,172,36,07,53,169,37,,,,*46
$GQGSV,1,1,03,02,00,000,33,03,35,172,36,07,53,169,37,,,,*46
$GQGSV,1,1,03,02,00,000,33,03,35,172,36,07,53,169,38,,,,*49
$GQGSV,1,1,03,02,00,000,33,03,35,172,35,07,53,169,38,,,,*4A
$GQGSV,1,1,03,02,00,000,33,03,35,172,35,07,53,169,38,,,,*4A
$GQGSV,1,1,03,02,00,000,32,03,35,172,35,07,53,169,38,,,,*4B
$GQGSV,1,1,03,02,00,000,31,03,35,172,35,07,53,169,38,,,,*48
$GQGSV,1,1,03,02,00,000,31,03,35,172,35,07,53,169,39,,,,*49
$GQGSV,1,1,03,02,00,000,30,03,35,172,36,07,53,169,39,,,,*4B
$GQGSV,1,1,03,02,00,000,30,03,35,172,36,07,53,169,39,,,,*4B
$GQGSV,1,1,03,02,00,000,29,03,35,172,37,07,53,169,39,,,,*42
$GQGSV,1,1,03,02,00,000,29,03,35,172,37,07,53,169,39,,,,*42
$GQGSV,1,1,03,02,00,000,29,03,35,172,36,07,53,169,39,,,,*43
$GQGSV,1,1,03,02,00,000,28,03,35,172,36,07,53,169,39,,,,*42
$GQGSV,1,1,03,02,00,000,28,03,35,172,36,07,53,169,39,,,,*42
$GQGSV,1,1,03,02,00,000,27,03,35,172,35,07,53,169,39,,,,*4E
$GQGSV,1,1,03,02,00,000,27,03,35,172,35,07,53,169,39,,,,*4E
$GQGSV,1,1,03,02,00,000,27,03,35,172,35,07,53,169,39,,,,*4E
$GQGSV,1,1,03,02,00,000,27,03,35,172,36,07,53,169,39,,,,*4D
$GQGSV,1,1,03,02,00,000,27,03,35,172,36,07,53,169,39,,,,*4D
$GQGSV,1,1,03,02,00,000,30,03,35,172,37,07,53,169,39,,,,*4A
$GQGSV,1,1,02,03,35,172,38,07,53,169,39,,,,,,,,*75
$GQGSV,1,1,02,03,35,172,38,07,53,169,39,,,,,,,,*75
$GQGSV,1,1,02,03,35,172,38,07,53,169,39,,,,,,,,*75
$GQGSV,1,1,03,02,00,000,34,03,35,172,39,07,53,169,39,,,,*40
$GQGSV,1,1,03,02,00,000,32,03,35,172,39,07,53,169,39,,,,*46
$GQGSV,1,1,02,03,35,172,39,07,53,169,39,,,,,,,,*74
$GQGSV,1,1,02,03,35,172,40,07,53,169,39,,,,,,,,*7A
$GQGSV,1,1,02,03,35,172,40,07,53,169,39,,,,,,,,*7A
$GQGSV,1,1,02,03,35,172,40,07,53,169,39,,,,,,,,*7A
$GQGSV,1,1,02,03,35,172,40,07,53,169,39,,,,,,,,*7A
$GQGSV,1,1,02,03,35,172,40,07,53,169,39,,,,,,,,*7A
$GQGSV,1,1,02,03,35,172,40,07,53,169,39,,,,,,,,*7A
$GQGSV,1,1,02,03,35,172,40,07,53,169,39,,,,,,,,*7A
$GQGSV,1,1,02,03,35,172,40,07,53,169,39,,,,,,,,*7A
$GQGSV,1,1,02,03,35,172,40,07,53,169,39,,,,,,,,*7A
$GQGSV,1,1,02,03,35,172,40,07,53,169,39,,,,,,,,*7A
$GQGSV,1,1,02,03,35,172,40,07,53,169,39,,,,,,,,*7A
$GQGSV,1,1,02,03,35,172,38,07,53,169,39,,,,,,,,*75
$GQGSV,1,1,03,02,00,000,27,03,35,172,37,07,53,169,39,,,,*4C
$GQGSV,1,1,03,02,00,000,29,03,35,172,36,07,53,169,39,,,,*43
$GQGSV,1,1,03,02,00,000,29,03,35,172,36,07,53,169,39,,,,*43
$GQGSV,1,1,03,02,00,000,28,03,35,172,36,07,53,169,38,,,,*43
$GQGSV,1,1,03,02,00,000,27,03,35,172,36,07,53,169,38,,,,*4C
$GQGSV,1,1,03,02,00,000,27,03,35,172,36,07,53,169,38,,,,*4C
$GQGSV,1,1,03,02,00,000,26,03,35,172,36,07,53,169,38,,,,*4D
$GQGSV,1,1,03,02,00,000,27,03,35,172,37,07,53,169,38,,,,*4D
$GQGSV,1,1,02,03,35,172,37,07,53,169,38,,,,,,,,*7B
$GQGSV,1,1,02,03,35,172,38,07,53,169,38,,,,,,,,*74
$GQGSV,1,1,02,03,35,172,38,07,53,169,38,,,,,,,,*74
$GQGSV,1,1,03,02,00,000,19,03,35,172,39,07,53,169,38,,,,*4E
$GQGSV,1,1,03,02,00,000,21,03,35,172,38,07,53,169,38,,,,*44
$GQGSV,1,1,03,02,00,000,24,03,35,172,37,07,53,169,38,,,,*4E
$GQGSV,1,1,03,02,00,000,26,03,35,172,36,07,53,169,38,,,,*4D
$GQGSV,1,1,03,02,00,000,28,03,35,172,35,07,53,169,38,,,,*40
$GQGSV,1,1,03,02,00,000,30,03,35,172,34,07,53,169,38,,,,*48
$GQGSV,1,1,03,02,00,000,31,03,35,172,34,07,53,169,38,,,,*49
$GQGSV,1,1,03,02,00,000,32,03,35,172,34,07,53,169,38,,,,*4A
$GQGSV,1,1,03,02,00,000,31,03,35,172,34,07,53,169,38,,,,*49
$GQGSV,1,1,03,02,00,000,30,03,35,172,33,07,53,169,38,,,,*4F
$GQGSV,1,1,03,02,00,000,30,03,35,172,33,07,53,169,38,,,,*4F
$GQGSV,1,1,03,02,00,000,30,03,35,172,33,07,53,169,38,,,,*4F
$GQGSV,1,1,03,02,00,000,31,03,35,172,32,07,53,169,38,,,,*4F
$GQGSV,1,1,03,02,00,000,31,03,35,172,32,07,53,169,38,,,,*4F
$GQGSV,1,1,03,02,00,000,31,03,35,172,32,07,53,169,38,,,,*4F
$GQGSV,1,1,03,02,00,000,32,03,35,172,31,07,53,169,38,,,,*4F
$GQGSV,1,1,03,02,00,000,32,03,35,172,31,07,53,169,38,,,,*4F
$GQGSV,1,1,03,02,00,000,32,03,35,172,30,07,53,169,38,,,,*4E
$GQGSV,1,1,03,02,00,000,33,03,35,172,30,07,53,169,38,,,,*4F
$GQGSV,1,1,03,02,00,000,33,03,35,172,28,07,53,169,36,,,,*48
$GQGSV,1,1,03,02,00,000,33,03,00,000,28,07,53,169,34,,,,*48
$GQGSV,1,1,03,02,00,000,33,03,00,000,29,07,53,169,33,,,,*4E
$GQGSV,1,1,03,02,00,000,34,03,00,000,31,07,53,169,32,,,,*41
$GQGSV,1,1,03,02,00,000,33,03,00,000,32,07,53,169,32,,,,*45
$GQGSV,1,1,03,02,00,000,32,03,00,000,32,07,53,169,31,,,,*47
$GQGSV,1,1,03,02,00,000,31,03,35,172,31,07,53,169,30,,,,*44
$GQGSV,1,1,03,02,00,000,30,03,35,172,30,07,53,169,29,,,,*4C
$GQGSV,1,1,03,02,00,000,29,03,35,172,30,07,53,169,29,,,,*44
$GQGSV,1,1,03,02,00,000,28,03,35,172,30,07,53,169,28,,,,*44
$GQGSV,1,1,03,02,00,000,27,03,35,172,30,07,53,169,28,,,,*4B
$GQGSV,1,1,03,02,00,000,27,03,35,172,30,07,53,169,28,,,,*4B
$GQGSV,1,1,03,02,00,000,27,03,35,172,31,07,53,169,28,,,,*4A
$GQGSV,1,1,03,02,00,000,27,03,35,172,32,07,53,169,28,,,,*49
$GQGSV,1,1,03,02,00,000,27,03,35,172,32,07,53,169,28,,,,*49
$GQGSV,1,1,03,02,00,000,27,03,00,000,31,07,53,169,28,,,,*48
$GQGSV,1,1,03,02,00,000,27,03,00,000,31,07,53,169,28,,,,*48
$GQGSV,1,1,03,02,00,000,28,03,00,000,31,07,53,169,28,,,,*47
$GQGSV,1,1,02,02,00,000,28,07,53,169,28,,,,,,,,*77
$GQGSV,1,1,02,02,00,000,28,07,53,169,28,,,,,,,,*77
$GQGSV,1,1,02,02,00,000,29,07,53,169,28,,,,,,,,*76
$GQGSV,1,1,02,02,00,000,29,07,53,169,28,,,,,,,,*76
$GQGSV,1,1,02,02,00,000,29,07,53,169,27,,,,,,,,*79
$GQGSV,1,1,02,02,00,000,29,07,53,169,27,,,,,,,,*79
$GQGSV,1,1,02,02,00,000,31,07,53,169,26,,,,,,,,*71
$GQGSV,1,1,02,02,00,000,30,07,53,169,26,,,,,,,,*70
$GQGSV,1,1,02,02,00,000,30,07,53,169,26,,,,,,,,*70
$GQGSV,1,1,02,03,00,000,35,07,53,169,27,,,,,,,,*75
$GQGSV,1,1,02,03,00,000,35,07,53,169,26,,,,,,,,*74
$GQGSV,1,1,03,02,00,000,29,03,00,000,33,07,53,169,26,,,,*4A
$GQGSV,1,1,03,02,00,000,31,03,00,000,31,07,53,169,26,,,,*41
$GQGSV,1,1,03,02,00,000,32,03,00,000,29,07,53,169,26,,,,*4B
$GQGSV,1,1,03,02,00,000,32,03,00,000,28,07,53,169,25,,,,*49
$GQGSV,1,1,02,02,00,000,31,03,00,000,29,,,,,,,,*72
$GQGSV,1,1,02,02,00,000,32,03,00,000,30,,,,,,,,*79
$GQGSV,1,1,02,02,00,000,32,03,00,000,29,,,,,,,,*71
$GQGSV,1,1,02,02,18,146,32,03,00,000,29,,,,,,,,*7B
$GQGSV,1,1,02,02,18,146,32,03,00,000,29,,,,,,,,*7B
$GQGSV,1,1,02,02,18,146,33,03,00,000,29,,,,,,,,*7A
$GQGSV,1,1,02,02,18,146,33,03,00,000,29,,,,,,,,*7A
$GQGSV,1,1,02,02,18,146,33,03,00,000,29,,,,,,,,*7A
$GQGSV,1,1,02,02,18,146,33,03,00,000,29,,,,,,,,*7A
$GQGSV,1,1,02,02,18,146,33,03,00,000,29,,,,,,,,*7A
$GQGSV,1,1,02,02,18,146,32,03,00,000,29,,,,,,,,*7B
$GQGSV,1,1,02,02,18,146,32,03,35,172,29,,,,,,,,*79
$GQGSV,1,1,01,02,18,146,31,,,,,,,,,,,,*43
$GQGSV,1,1,01,02,18,146,31,,,,,,,,,,,,*43
$GQGSV,1,1,01,02,18,146,31,,,,,,,,,,,,*43
$GQGSV,1,1,01,02,18,146,31,,,,,,,,,,,,*43
$GQGSV,1,1,02,02,18,146,31,07,00,000,24,,,,,,,,*71
$GQGSV,1,1,02,02,18,146,31,07,00,000,24,,,,,,,,*71
$GQGSV,1,1,03,02,18,146,31,03,00,000,29,07,00,000,23,,,,*4F
$GQGSV,1,1,03,02,18,146,31,03,00,000,27,07,00,000,24,,,,*46
$GQGSV,1,1,03,02,18,146,31,03,00,000,27,07,00,000,25,,,,*47
$GQGSV,1,1,03,02,18,146,31,03,00,000,28,07,00,000,24,,,,*49
$GQGSV,1,1,03,02,18,146,30,03,00,000,29,07,00,000,25,,,,*48
$GQGSV,1,1,03,02,00,000,38,03,00,000,30,07,00,000,25,,,,*42
$GQGSV,1,1,03,02,00,000,38,03,00,000,29,07,00,000,24,,,,*4B
$GQGSV,1,1,03,02,00,000,38,03,00,000,29,07,00,000,26,,,,*49
$GQGSV,1,1,03,02,00,000,37,03,00,000,29,07,00,000,26,,,,*46
$GQGSV,1,1,02,02,00,000,36,07,00,000,26,,,,,,,,*7E
$GQGSV,1,1,02,02,00,000,36,07,00,000,26,,,,,,,,*7E
$GQGSV,1,1,02,02,00,000,37,07,00,000,26,,,,,,,,*7F
$GQGSV,1,1,02,02,00,000,36,07,00,000,26,,,,,,,,*7E
$GQGSV,1,1,02,02,00,000,36,07,00,000,27,,,,,,,,*7F
$GQGSV,1,1,02,02,00,000,36,07,00,000,27,,,,,,,,*7F
$GQGSV,1,1,02,02,00,000,36,07,00,000,27,,,,,,,,*7F
$GQGSV,1,1,02,02,00,000,36,07,00,000,28,,,,,,,,*70
$GQGSV,1,1,02,02,00,000,36,07,00,000,28,,,,,,,,*70
$GQGSV,1,1,02,02,00,000,36,07,00,000,28,,,,,,,,*70
$GQGSV,1,1,02,02,00,000,36,07,00,000,28,,,,,,,,*70
$GQGSV,1,1,02,02,00,000,36,07,00,000,27,,,,,,,,*7F
$GQGSV,1,1,02,02,00,000,34,07,00,000,27,,,,,,,,*7D
$GQGSV,1,1,02,02,18,146,34,07,00,000,26,,,,,,,,*76
$GQGSV,1,1,02,02,18,146,34,07,00,000,26,,,,,,,,*76
$GQGSV,1,1,02,02,18,146,32,07,00,000,26,,,,,,,,*70
$GQGSV,1,1,02,02,18,146,34,07,00,000,25,,,,,,,,*75
$GQGSV,1,1,02,02,18,146,35,07,00,000,26,,,,,,,,*77
$GQGSV,1,1,03,02,18,146,34,03,00,000,30,07,00,000,26,,,,*47
$GQGSV,1,1,03,02,18,146,35,03,00,000,31,07,00,000,26,,,,*47
$GQGSV,1,1,03,02,18,146,35,03,00,000,31,07,00,000,26,,,,*47
$GQGSV,1,1,02,02,18,146,35,07,00,000,26,,,,,,,,*77
$GQGSV,1,1,02,02,18,146,36,07,00,000,26,,,,,,,,*74
$GQGSV,1,1,02,02,18,146,37,07,00,000,27,,,,,,,,*74
$GQGSV,1,1,02,02,18,146,37,07,00,000,27,,,,,,,,*74
$GQGSV,1,1,02,02,18,146,37,07,00,000,27,,,,,,,,*74
$GQGSV,1,1,02,02,18,146,37,07,00,000,27,,,,,,,,*74
$GQGSV,1,1,02,02,18,146,37,07,00,000,26,,,,,,,,*75
$GQGSV,1,1,03,02,18,146,37,03,00,000,28,07,00,000,27,,,,*4C
$GQGSV,1,1,03,02,18,146,37,03,00,000,24,07,00,000,27,,,,*40
$GQGSV,1,1,03,02,18,146,36,03,00,000,24,07,00,000,27,,,,*41
$GQGSV,1,1,03,02,18,146,35,03,00,000,25,07,00,000,27,,,,*43
$GQGSV,1,1,03,02,18,146,35,03,00,000,26,07,00,000,27,,,,*40
$GQGSV,1,1,03,02,18,146,35,03,00,000,41,07,00,000,26,,,,*40
$GQGSV,1,1,03,02,18,146,35,03,00,000,39,07,00,000,26,,,,*4F
$GQGSV,1,1,03,02,18,146,35,03,00,000,37,07,00,000,26,,,,*41
$GQGSV,1,1,03,02,18,146,35,03,00,000,36,07,00,000,26,,,,*40
$GQGSV,1,1,03,02,18,146,35,03,00,000,34,07,00,000,30,,,,*45
$GQGSV,1,1,03,02,18,146,35,03,00,000,32,07,00,000,31,,,,*42
$GQGSV,1,1,03,02,18,146,35,03,00,000,31,07,00,000,31,,,,*41
$GQGSV,1,1,03,02,18,146,35,03,00,000,30,07,00,000,32,,,,*43
$GQGSV,1,1,03,02,18,146,35,03,00,000,31,07,00,000,32,,,,*42
$GQGSV,1,1,03,02,18,146,35,03,00,000,31,07,00,000,32,,,,*42
$GQGSV,1,1,03,02,18,146,34,03,00,000,32,07,00,000,32,,,,*40
$GQGSV,1,1,03,02,18,146,34,03,00,000,32,07,00,000,32,,,,*40
$GQGSV,1,1,03,02,18,146,34,03,00,000,32,07,00,000,31,,,,*43
$GQGSV,1,1,03,02,18,146,34,03,00,000,33,07,00,000,31,,,,*42
$GQGSV,1,1,03,02,18,146,34,03,00,000,33,07,00,000,30,,,,*43
$GQGSV,1,1,03,02,18,146,34,03,00,000,34,07,00,000,30,,,,*44
$GQGSV,1,1,03,02,18,146,35,03,00,000,34,07,00,000,30,,,,*45
$GQGSV,1,1,03,02,18,146,35,03,00,000,35,07,00,000,30,,,,*44
$GQGSV,1,1,03,02,18,146,35,03,00,000,34,07,00,000,30,,,,*45
$GQGSV,1,1,03,02,18,146,35,03,00,000,32,07,00,000,29,,,,*4B
$GQGSV,1,1,03,02,18,146,35,03,00,000,31,07,00,000,29,,,,*48
$GQGSV,1,1,03,02,18,146,35,03,00,000,30,07,00,000,28,,,,*48
$GQGSV,1,1,03,02,18,146,34,03,00,000,29,07,00,000,28,,,,*41
$GQGSV,1,1,03,02,18,146,34,03,00,000,28,07,00,000,28,,,,*40
$GQGSV,1,1,03,02,18,146,33,03,00,000,27,07,00,000,28,,,,*48
$GQGSV,1,1,03,02,18,146,33,03,00,000,26,07,00,000,28,,,,*49
$GQGSV,1,1,03,02,18,146,32,03,00,000,26,07,00,000,29,,,,*49
$GQGSV,1,1,03,02,18,146,32,03,00,000,26,07,00,000,30,,,,*41
$GQGSV,1,1,03,02,18,146,32,03,00,000,26,07,00,000,29,,,,*49
$GQGSV,1,1,03,02,18,146,31,03,00,000,26,07,00,000,28,,,,*4B
$GQGSV,1,1,03,02,18,146,31,03,00,000,26,07,00,000,27,,,,*44
$GQGSV,1,1,03,02,18,146,31,03,00,000,26,07,00,000,27,,,,*44
$GQGSV,1,1,03,02,18,146,31,03,00,000,26,07,00,000,27,,,,*44
$GQGSV,1,1,03,02,18,146,30,03,00,000,26,07,00,000,27,,,,*45
$GQGSV,1,1,03,02,18,146,30,03,00,000,26,07,00,000,28,,,,*4A
$GQGSV,1,1,03,02,18,146,29,03,00,000,27,07,00,000,28,,,,*43
$GQGSV,1,1,03,02,18,146,29,03,00,000,28,07,00,000,28,,,,*4C
$GQGSV,1,1,03,02,18,146,29,03,00,000,29,07,00,000,28,,,,*4D
$GQGSV,1,1,03,02,18,146,28,03,00,000,30,07,00,000,28,,,,*44
$GQGSV,1,1,03,02,18,146,28,03,00,000,30,07,00,000,28,,,,*44
$GQGSV,1,1,03,02,18,146,28,03,00,000,30,07,00,000,27,,,,*4B
$GQGSV,1,1,03,02,18,146,28,03,00,000,29,07,00,000,25,,,,*41
$GQGSV,1,1,03,02,18,146,28,03,00,000,29,07,00,000,24,,,,*40
$GQGSV,1,1,03,02,18,146,29,03,00,000,29,07,00,000,24,,,,*41
$GQGSV,1,1,03,02,18,146,28,03,00,000,30,07,00,000,24,,,,*48
$GQGSV,1,1,03,02,18,146,28,03,00,000,30,07,00,000,23,,,,*4F
$GQGSV,1,1,03,02,18,146,27,03,00,000,31,07,00,000,23,,,,*41
$GQGSV,1,1,03,02,18,146,27,03,00,000,31,07,00,000,23,,,,*41
$GQGSV,1,1,03,02,18,146,27,03,00,000,30,07,00,000,26,,,,*45
$GQGSV,1,1,03,02,18,146,26,03,00,000,29,07,00,000,25,,,,*4F
$GQGSV,1,1,03,02,18,146,26,03,00,000,29,07,00,000,25,,,,*4F
$GQGSV,1,1,03,02,00,000,27,03,00,000,29,07,00,000,25,,,,*44
$GQGSV,1,1,03,02,00,000,27,03,00,000,29,07,00,000,25,,,,*44
$GQGSV,1,1,03,02,00,000,26,03,00,000,30,07,00,000,25,,,,*4D
$GQGSV,1,1,03,02,00,000,25,03,00,000,30,07,00,000,25,,,,*4E
$GQGSV,1,1,02,02,18,146,25,03,00,000,31,,,,,,,,*74
$GQGSV,1,1,02,02,00,000,25,03,00,000,32,,,,,,,,*7D
$GQGSV,1,1,02,02,00,000,25,03,00,000,32,,,,,,,,*7D
$GQGSV,1,1,02,02,00,000,25,03,00,000,33,,,,,,,,*7C
$GQGSV,1,1,02,02,00,000,25,03,00,000,33,,,,,,,,*7C
$GQGSV,1,1,02,02,00,000,24,03,00,000,32,,,,,,,,*7C
$GQGSV,1,1,02,02,00,000,24,03,00,000,32,,,,,,,,*7C
$GQGSV,1,1,02,02,00,000,23,03,00,000,31,,,,,,,,*78
$GQGSV,1,1,02,02,00,000,23,03,00,000,31,,,,,,,,*78
$GQGSV,1,1,02,02,00,000,22,03,00,000,31,,,,,,,,*79
$GQGSV,1,1,02,02,00,000,22,03,00,000,31,,,,,,,,*79
$GQGSV,1,1,02,02,00,000,22,03,00,000,31,,,,,,,,*79
$GQGSV,1,1,02,02,00,000,21,03,00,000,31,,,,,,,,*7A
$GQGSV,1,1,02,02,00,000,21,03,00,000,31,,,,,,,,*7A
$GQGSV,1,1,02,02,00,000,20,03,00,000,31,,,,,,,,*7B
$GQGSV,1,1,02,02,00,000,20,03,00,000,32,,,,,,,,*78
$GQGSV,1,1,02,02,00,000,20,03,00,000,32,,,,,,,,*78
$GQGSV,1,1,02,03,00,000,33,07,00,000,26,,,,,,,,*7A
$GQGSV,1,1,02,03,00,000,32,07,00,000,25,,,,,,,,*78
$GQGSV,1,1,02,03,00,000,31,07,00,000,25,,,,,,,,*7B
$GQGSV,1,1,02,03,00,000,31,07,00,000,24,,,,,,,,*7A
$GQGSV,1,1,02,03,00,000,31,07,00,000,23,,,,,,,,*7D
$GQGSV,1,1,02,03,00,000,31,07,00,000,22,,,,,,,,*7C
$GQGSV,1,1,02,03,00,000,31,07,00,000,22,,,,,,,,*7C
$GQGSV,1,1,02,03,00,000,31,07,00,000,24,,,,,,,,*7A
$GQGSV,1,1,02,03,00,000,32,07,00,000,25,,,,,,,,*78
$GQGSV,1,1,02,03,00,000,33,07,00,000,25,,,,,,,,*79
$GQGSV,1,1,02,03,00,000,33,07,00,000,25,,,,,,,,*79
$GQGSV,1,1,02,03,00,000,34,07,00,000,25,,,,,,,,*7E
$GQGSV,1,1,02,03,00,000,33,07,00,000,25,,,,,,,,*79
$GQGSV,1,1,02,03,00,000,33,07,00,000,25,,,,,,,,*79
$GQGSV,1,1,02,03,00,000,32,07,00,000,25,,,,,,,,*78
$GQGSV,1,1,02,03,00,000,31,07,00,000,25,,,,,,,,*7B
$GQGSV,1,1,02,03,00,000,31,07,00,000,25,,,,,,,,*7B
$GQGSV,1,1,02,03,00,000,30,07,00,000,24,,,,,,,,*7B
$GQGSV,1,1,02,03,00,000,30,07,00,000,23,,,,,,,,*7C
$GQGSV,1,1,02,03,00,000,30,07,00,000,23,,,,,,,,*7C
$GQGSV,1,1,02,03,00,000,30,07,00,000,23,,,,,,,,*7C
$GQGSV,1,1,02,03,00,000,30,07,00,000,23,,,,,,,,*7C
$GQGSV,1,1,02,03,00,000,30,07,00,000,23,,,,,,,,*7C
$GQGSV,1,1,02,02,00,000,23,03,00,000,30,,,,,,,,*79
$GQGSV,1,1,02,02,00,000,24,03,00,000,30,,,,,,,,*7E
$GQGSV,1,1,02,02,00,000,24,03,00,000,30,,,,,,,,*7E
$GQGSV,1,1,03,02,00,000,24,03,00,000,30,07,00,000,20,,,,*4A
$GQGSV,1,1,03,02,00,000,24,03,00,000,30,07,00,000,21,,,,*4B
$GQGSV,1,1,03,02,00,000,23,03,00,000,30,07,00,000,22,,,,*4F
$GQGSV,1,1,02,02,00,000,23,03,00,000,30,,,,,,,,*79
$GQGSV,1,1,02,02,00,000,23,03,00,000,31,,,,,,,,*78
$GQGSV,1,1,02,02,00,000,23,03,00,000,31,,,,,,,,*78
$GQGSV,1,1,02,02,00,000,23,03,00,000,32,,,,,,,,*7B
$GQGSV,1,1,02,02,00,000,23,03,00,000,31,,,,,,,,*78
$GQGSV,1,1,02,02,00,000,23,03,00,000,31,,,,,,,,*78
$GQGSV,1,1,02,02,00,000,23,03,00,000,31,,,,,,,,*78
$GQGSV,1,1,02,02,00,000,23,03,00,000,30,,,,,,,,*79
$GQGSV,1,1,02,02,00,000,23,03,00,000,30,,,,,,,,*79
$GQGSV,1,1,02,02,00,000,24,03,00,000,30,,,,,,,,*7E
$GQGSV,1,1,02,02,00,000,24,03,00,000,30,,,,,,,,*7E
$GQGSV,1,1,02,02,00,000,25,03,00,000,31,,,,,,,,*7E
$GQGSV,1,1,02,02,00,000,25,03,00,000,31,,,,,,,,*7E
$GQGSV,1,1,02,02,00,000,25,03,00,000,31,,,,,,,,*7E
$GQGSV,1,1,02,02,00,000,25,03,00,000,32,,,,,,,,*7D
$GQGSV,1,1,02,02,00,000,25,03,00,000,32,,,,,,,,*7D
$GQGSV,1,1,02,02,00,000,25,03,00,000,33,,,,,,,,*7C
$GQGSV,1,1,02,02,00,000,25,03,00,000,33,,,,,,,,*7C
$GQGSV,1,1,02,02,00,000,24,03,00,000,33,,,,,,,,*7D
$GQGSV,1,1,02,02,00,000,24,03,00,000,33,,,,,,,,*7D
$GQGSV,1,1,02,02,00,000,25,03,00,000,32,,,,,,,,*7D
$GQGSV,1,1,02,02,00,000,25,03,00,000,32,,,,,,,,*7D
$GQGSV,1,1,03,02,00,000,25,03,00,000,31,07,00,000,28,,,,*42
$GQGSV,1,1,03,02,00,000,25,03,00,000,31,07,00,000,31,,,,*4A
$GQGSV,1,1,03,02,00,000,25,03,00,000,31,07,00,000,30,,,,*4B
$GQGSV,1,1,03,02,00,000,25,03,00,000,31,07,00,000,29,,,,*43
$GQGSV,1,1,03,02,00,000,25,03,00,000,31,07,00,000,28,,,,*42
$GQGSV,1,1,03,02,00,000,25,03,00,000,31,07,00,000,27,,,,*4D
$GQGSV,1,1,03,02,00,000,26,03,00,000,31,07,00,000,26,,,,*4F
$GQGSV,1,1,03,02,00,000,26,03,00,000,31,07,00,000,25,,,,*4C
$GQGSV,1,1,03,02,00,000,26,03,00,000,31,07,00,000,25,,,,*4C
$GQGSV,1,1,03,02,00,000,26,03,00,000,31,07,00,000,25,,,,*4C
$GQGSV,1,1,03,02,00,000,25,03,00,000,31,07,00,000,25,,,,*4F
$GQGSV,1,1,03,02,00,000,25,03,00,000,31,07,00,000,26,,,,*4C
$GQGSV,1,1,03,02,00,000,25,03,00,000,31,07,00,000,26,,,,*4C
$GQGSV,1,1,03,02,00,000,25,03,00,000,30,07,00,000,26,,,,*4D
$GQGSV,1,1,03,02,00,000,24,03,00,000,31,07,00,000,26,,,,*4D
$GQGSV,1,1,03,02,00,000,24,03,00,000,31,07,00,000,26,,,,*4D
$GQGSV,1,1,03,02,00,000,24,03,00,000,32,07,00,000,26,,,,*4E
$GQGSV,1,1,03,02,00,000,25,03,00,000,32,07,00,000,27,,,,*4E
$GQGSV,1,1,03,02,00,000,25,03,00,000,33,07,00,000,27,,,,*4F
$GQGSV,1,1,03,02,00,000,25,03,00,000,34,07,00,000,27,,,,*48
$GQGSV,1,1,03,02,00,000,25,03,00,000,34,07,00,000,27,,,,*48
$GQGSV,1,1,03,02,00,000,26,03,00,000,34,07,00,000,26,,,,*4A
$GQGSV,1,1,03,02,00,000,26,03,00,000,33,07,00,000,26,,,,*4D
$GQGSV,1,1,03,02,00,000,26,03,00,000,33,07,00,000,26,,,,*4D
$GQGSV,1,1,03,02,00,000,26,03,00,000,33,07,00,000,27,,,,*4C
$GQGSV,1,1,03,02,00,000,26,03,00,000,33,07,00,000,26,,,,*4D
$GQGSV,1,1,03,02,00,000,26,03,00,000,33,07,00,000,28,,,,*43
$GQGSV,1,1,03,02,00,000,26,03,00,000,33,07,00,000,29,,,,*42
$GQGSV,1,1,03,02,00,000,27,03,00,000,33,07,00,000,29,,,,*43
$GQGSV,1,1,03,02,00,000,27,03,00,000,33,07,00,000,28,,,,*42
$GQGSV,1,1,03,02,00,000,26,03,00,000,33,07,00,000,28,,,,*43
$GQGSV,1,1,03,02,00,000,26,03,00,000,34,07,00,000,26,,,,*4A
$GQGSV,1,1,03,02,00,000,27,03,00,000,34,07,00,000,26,,,,*4B
$GQGSV,1,1,03,02,00,000,27,03,00,000,34,07,00,000,26,,,,*4B
$GQGSV,1,1,03,02,00,000,27,03,00,000,35,07,00,000,27,,,,*4B
$GQGSV,1,1,03,02,00,000,28,03,00,000,35,07,00,000,27,,,,*44
$GQGSV,1,1,03,02,00,000,29,03,00,000,35,07,00,000,27,,,,*45
$GQGSV,1,1,03,02,00,000,29,03,00,000,34,07,53,169,27,,,,*4C
$GQGSV,1,1,03,02,00,000,29,03,00,000,33,07,53,169,27,,,,*4B
$GQGSV,1,1,03,02,00,000,29,03,00,000,32,07,00,000,27,,,,*42
$GQGSV,1,1,03,02,00,000,30,03,00,000,32,07,00,000,28,,,,*45
$GQGSV,1,1,03,02,00,000,30,03,00,000,32,07,53,169,28,,,,*4D
$GQGSV,1,1,03,02,00,000,30,03,00,000,31,07,53,169,28,,,,*4E
$GQGSV,1,1,03,02,00,000,30,03,00,000,31,07,53,169,28,,,,*4E
$GQGSV,1,1,03,02,00,000,30,03,00,000,32,07,53,169,29,,,,*4C
$GQGSV,1,1,03,02,00,000,30,03,00,000,32,07,53,169,29,,,,*4C
$GQGSV,1,1,03,02,00,000,30,03,00,000,32,07,53,169,30,,,,*44
$GQGSV,1,1,03,02,00,000,30,03,00,000,32,07,53,169,30,,,,*44
$GQGSV,1,1,03,02,00,000,30,03,00,000,32,07,53,169,31,,,,*45
$GQGSV,1,1,03,02,00,000,29,03,00,000,33,07,53,169,31,,,,*4C
$GQGSV,1,1,03,02,00,000,28,03,00,000,33,07,53,169,32,,,,*4E
$GQGSV,1,1,03,02,00,000,28,03,00,000,33,07,53,169,33,,,,*4F
$GQGSV,1,1,03,02,00,000,28,03,00,000,33,07,53,169,33,,,,*4F
$GQGSV,1,1,03,02,00,000,28,03,00,000,33,07,53,169,34,,,,*48
$GQGSV,1,1,03,02,00,000,28,03,00,000,33,07,53,169,34,,,,*48
$GQGSV,1,1,03,02,00,000,29,03,00,000,33,07,53,169,35,,,,*48
$GQGSV,1,1,03,02,00,000,28,03,00,000,34,07,53,169,35,,,,*4E
$GQGSV,1,1,03,02,00,000,28,03,00,000,34,07,53,169,36,,,,*4D
$GQGSV,1,1,03,02,00,000,27,03,00,000,34,07,53,169,36,,,,*42
$GQGSV,1,1,03,02,00,000,27,03,00,000,33,07,53,169,37,,,,*44
$GQGSV,1,1,03,02,00,000,27,03,00,000,32,07,53,169,38,,,,*4A
$GQGSV,1,1,03,02,00,000,27,03,00,000,30,07,53,169,38,,,,*48
$GQGSV,1,1,03,02,00,000,28,03,00,000,30,07,53,169,39,,,,*46
$GQGSV,1,1,03,02,00,000,28,03,00,000,45,07,53,169,39,,,,*44
$GQGSV,1,1,03,02,00,000,29,03,35,172,46,07,53,169,40,,,,*4A
$GQGSV,1,1,03,02,00,000,29,03,35,172,46,07,53,169,40,,,,*4A
$GQGSV,1,1,03,02,00,000,30,03,35,172,47,07,53,169,40,,,,*43
$GQGSV,1,1,03,02,00,000,30,03,35,172,45,07,53,169,40,,,,*41
$GQGSV,1,1,03,02,00,000,29,03,35,172,45,07,53,169,40,,,,*49
$GQGSV,1,1,03,02,00,000,29,03,35,172,44,07,53,169,40,,,,*48
$GQGSV,1,1,03,02,00,000,28,03,35,172,44,07,53,169,40,,,,*49
$GQGSV,1,1,03,02,00,000,28,03,35,172,44,07,53,169,41,,,,*48
$GQGSV,1,1,03,02,00,000,28,03,35,172,44,07,53,169,41,,,,*48
$GQGSV,1,1,03,02,00,000,28,03,35,172,44,07,53,169,41,,,,*48
$GQGSV,1,1,03,02,00,000,27,03,35,172,44,07,53,169,41,,,,*47
$GQGSV,1,1,03,02,00,000,27,03,35,172,44,07,53,169,42,,,,*44
$GQGSV,1,1,03,02,00,000,26,03,35,172,44,07,53,169,42,,,,*45
$GQGSV,1,1,03,02,00,000,26,03,35,172,44,07,53,169,42,,,,*45
$GQGSV,1,1,03,02,00,000,26,03,35,172,43,07,53,169,42,,,,*42
$GQGSV,1,1,03,02,00,000,26,03,35,172,43,07,53,169,42,,,,*42
$GQGSV,1,1,03,02,00,000,26,03,35,172,43,07,53,169,42,,,,*42
$GQGSV,1,1,03,02,00,000,26,03,35,172,43,07,53,169,42,,,,*42
$GQGSV,1,1,03,02,00,000,26,03,35,172,43,07,53,169,42,,,,*42
$GQGSV,1,1,03,02,00,000,26,03,35,172,42,07,53,169,42,,,,*43
$GQGSV,1,1,03,02,00,000,26,03,35,172,42,07,53,169,42,,,,*43
$GQGSV,1,1,03,02,00,000,26,03,35,172,42,07,53,169,42,,,,*43
$GQGSV,1,1,03,02,00,000,26,03,35,172,42,07,53,169,41,,,,*40
$GQGSV,1,1,03,02,00,000,25,03,35,172,42,07,53,169,41,,,,*43
$GQGSV,1,1,03,02,00,000,25,03,35,172,42,07,53,169,41,,,,*43
$GQGSV,1,1,03,02,00,000,25,03,35,172,43,07,53,169,41,,,,*42
$GQGSV,1,1,03,02,00,000,24,03,35,172,43,07,53,169,41,,,,*43
$GQGSV,1,1,03,02,00,000,24,03,35,172,43,07,53,169,41,,,,*43
$GQGSV,1,1,03,02,00,000,24,03,35,172,43,07,53,169,42,,,,*40
$GQGSV,1,1,03,02,00,000,24,03,35,172,43,07,53,169,42,,,,*40
$GQGSV,1,1,03,02,00,000,24,03,35,172,43,07,53,169,42,,,,*40
$GQGSV,1,1,03,02,00,000,24,03,35,172,43,07,53,169,42,,,,*40
$GQGSV,1,1,03,02,00,000,24,03,35,172,43,07,53,169,42,,,,*40
$GQGSV,1,1,03,02,00,000,24,03,35,172,43,07,53,169,42,,,,*40
$GQGSV,1,1,03,02,00,000,25,03,35,172,43,07,53,169,42,,,,*41
$GQGSV,1,1,03,02,00,000,25,03,35,172,43,07,53,169,42,,,,*41
$GQGSV,1,1,03,02,00,000,25,03,35,172,43,07,53,169,42,,,,*41
$GQGSV,1,1,03,02,00,000,26,03,35,172,43,07,53,169,42,,,,*42
$GQGSV,1,1,03,02,00,000,26,03,35,172,43,07,53,169,42,,,,*42
$GQGSV,1,1,03,02,00,000,27,03,35,172,43,07,53,169,42,,,,*43
$GQGSV,1,1,03,02,00,000,27,03,35,172,43,07,53,169,42,,,,*43
$GQGSV,1,1,03,02,00,000,27,03,35,172,43,07,53,169,42,,,,*43
$GQGSV,1,1,03,02,00,000,26,03,35,172,43,07,53,169,41,,,,*41
$GQGSV,1,1,03,02,00,000,26,03,35,172,43,07,53,169,41,,,,*41
$GQGSV,1,1,03,02,00,000,25,03,35,172,43,07,53,169,41,,,,*42
$GQGSV,1,1,03,02,00,000,25,03,35,172,43,07,53,169,41,,,,*42
$GQGSV,1,1,03,02,00,000,25,03,35,172,43,07,53,169,41,,,,*42
$GQGSV,1,1,03,02,00,000,26,03,35,172,43,07,53,169,41,,,,*41
$GQGSV,1,1,03,02,00,000,26,03,35,172,44,07,53,169,41,,,,*46
$GQGSV,1,1,03,02,00,000,26,03,35,172,44,07,53,169,41,,,,*46
$GQGSV,1,1,03,02,00,000,26,03,35,172,44,07,53,169,41,,,,*46
$GQGSV,1,1,03,02,00,000,26,03,35,172,44,07,53,169,41,,,,*46
$GQGSV,1,1,03,02,00,000,25,03,35,172,44,07,53,169,41,,,,*45
$GQGSV,1,1,03,02,00,000,25,03,35,172,44,07,53,169,41,,,,*45
$GQGSV,1,1,03,02,00,000,24,03,35,172,44,07,53,169,41,,,,*44
$GQGSV,1,1,03,02,00,000,24,03,35,172,44,07,53,169,41,,,,*44
$GQGSV,1,1,03,02,00,000,23,03,35,172,44,07,53,169,41,,,,*43
$GQGSV,1,1,02,03,35,172,43,07,53,169,41,,,,,,,,*76
$GQGSV,1,1,02,03,35,172,43,07,53,169,41,,,,,,,,*76
$GQGSV,1,1,02,03,35,172,43,07,53,169,41,,,,,,,,*76
$GQGSV,1,1,02,03,35,172,43,07,53,169,41,,,,,,,,*76
$GQGSV,1,1,02,03,35,172,43,07,53,169,41,,,,,,,,*76
$GQGSV,1,1,02,03,35,172,43,07,53,169,41,,,,,,,,*76
$GQGSV,1,1,02,03,35,172,43,07,53,169,41,,,,,,,,*76
$GQGSV,1,1,02,03,35,172,43,07,53,169,41,,,,,,,,*76
$GQGSV,1,1,02,03,35,172,43,07,53,169,41,,,,,,,,*76
$GQGSV,1,1,03,02,00,000,27,03,35,172,43,07,53,169,41,,,,*40
$GQGSV,1,1,03,02,00,000,29,03,35,172,43,07,53,169,41,,,,*4E
$GQGSV,1,1,03,02,00,000,29,03,35,172,43,07,53,169,41,,,,*4E
$GQGSV,1,1,03,02,00,000,29,03,35,172,43,07,53,169,41,,,,*4E
$GQGSV,1,1,03,02,00,000,28,03,35,172,43,07,53,169,41,,,,*4F
$GQGSV,1,1,03,02,00,000,29,03,35,172,43,07,53,169,41,,,,*4E
$GQGSV,1,1,03,02,00,000,30,03,35,172,43,07,53,169,41,,,,*46
$GQGSV,1,1,03,02,00,000,31,03,35,172,43,07,53,169,41,,,,*47
$GQGSV,1,1,03,02,00,000,31,03,35,172,43,07,53,169,41,,,,*47
$GQGSV,1,1,03,02,00,000,31,03,35,172,43,07,53,169,41,,,,*47
$GQGSV,1,1,03,02,00,000,31,03,35,172,43,07,53,169,41,,,,*47
$GQGSV,1,1,03,02,00,000,32,03,35,172,43,07,53,169,42,,,,*47
$GQGSV,1,1,03,02,00,000,31,03,35,172,43,07,53,169,42,,,,*44
$GQGSV,1,1,03,02,00,000,30,03,35,172,43,07,53,169,42,,,,*45
$GQGSV,1,1,03,02,00,000,30,03,35,172,43,07,53,169,42,,,,*45
$GQGSV,1,1,03,02,00,000,29,03,35,172,43,07,53,169,42,,,,*4D
$GQGSV,1,1,03,02,00,000,29,03,35,172,43,07,53,169,42,,,,*4D
$GQGSV,1,1,03,02,00,000,29,03,35,172,43,07,53,169,42,,,,*4D
$GQGSV,1,1,03,02,00,000,29,03,35,172,43,07,53,169,42,,,,*4D
$GQGSV,1,1,03,02,00,000,29,03,35,172,44,07,53,169,42,,,,*4A
$GQGSV,1,1,03,02,00,000,28,03,35,172,44,07,53,169,42,,,,*4B
$GQGSV,1,1,03,02,00,000,28,03,35,172,44,07,53,169,42,,,,*4B
$GQGSV,1,1,03,02,00,000,28,03,35,172,44,07,53,169,42,,,,*4B
$GQGSV,1,1,03,02,00,000,28,03,35,172,44,07,53,169,42,,,,*4B
$GQGSV,1,1,03,02,00,000,27,03,35,172,44,07,53,169,42,,,,*44
$GQGSV,1,1,03,02,00,000,27,03,35,172,44,07,53,169,41,,,,*47
$GQGSV,1,1,03,02,00,000,26,03,35,172,44,07,53,169,41,,,,*46
$GQGSV,1,1,03,02,00,000,26,03,35,172,44,07,53,169,41,,,,*46
$GQGSV,1,1,03,02,00,000,26,03,35,172,44,07,53,169,41,,,,*46
$GQGSV,1,1,03,02,00,000,26,03,35,172,44,07,53,169,41,,,,*46
$GQGSV,1,1,03,02,00,000,26,03,35,172,44,07,53,169,41,,,,*46
$GQGSV,1,1,03,02,00,000,26,03,35,172,44,07,53,169,41,,,,*46
$GQGSV,1,1,03,02,00,000,26,03,35,172,44,07,53,169,41,,,,*46
$GQGSV,1,1,03,02,00,000,26,03,35,172,44,07,53,169,41,,,,*46
$GQGSV,1,1,03,02,00,000,26,03,35,172,44,07,53,169,41,,,,*46
$GQGSV,1,1,03,02,00,000,26,03,35,172,43,07,53,169,41,,,,*41
$GQGSV,1,1,03,02,00,000,25,03,35,172,43,07,53,169,41,,,,*42
$GQGSV,1,1,03,02,00,000,25,03,35,172,43,07,53,169,41,,,,*42
$GQGSV,1,1,03,02,00,000,25,03,35,172,43,07,53,169,41,,,,*42
$GQGSV,1,1,03,02,00,000,25,03,35,172,43,07,53,169,41,,,,*42
$GQGSV,1,1,03,02,00,000,24,03,35,172,43,07,53,169,41,,,,*43
$GQGSV,1,1,03,02,00,000,24,03,35,172,43,07,53,169,41,,,,*43
$GQGSV,1,1,02,03,35,172,44,07,53,169,40,,,,,,,,*70
$GQGSV,1,1,02,03,35,172,44,07,53,169,40,,,,,,,,*70
$GQGSV,1,1,02,03,35,172,44,07,53,169,40,,,,,,,,*70
$GQGSV,1,1,02,03,35,172,43,07,53,169,40,,,,,,,,*77
$GQGSV,1,1,02,03,35,172,43,07,53,169,40,,,,,,,,*77
$GQGSV,1,1,02,03,35,172,43,07,53,169,40,,,,,,,,*77
$GQGSV,1,1,02,03,35,172,42,07,53,169,38,,,,,,,,*79
$GQGSV,1,1,02,03,35,172,42,07,53,169,37,,,,,,,,*76
$GQGSV,1,1,02,03,35,172,42,07,53,169,36,,,,,,,,*77
$GQGSV,1,1,02,03,35,172,42,07,53,169,35,,,,,,,,*74
$GQGSV,1,1,02,03,35,172,42,07,53,169,34,,,,,,,,*75
$GQGSV,1,1,02,03,35,172,42,07,53,169,34,,,,,,,,*75
$GQGSV,1,1,02,03,35,172,42,07,53,169,34,,,,,,,,*75
$GQGSV,1,1,02,03,35,172,42,07,53,169,35,,,,,,,,*74
$GQGSV,1,1,02,03,35,172,42,07,53,169,35,,,,,,,,*74
$GQGSV,1,1,03,02,00,000,26,03,35,172,42,07,53,169,36,,,,*40
$GQGSV,1,1,03,02,00,000,25,03,35,172,42,07,53,169,36,,,,*43
$GQGSV,1,1,03,02,00,000,25,03,35,172,42,07,53,169,37,,,,*42
$GQGSV,1,1,03,02,00,000,24,03,35,172,42,07,53,169,37,,,,*43
$GQGSV,1,1,03,02,00,000,24,03,35,172,42,07,53,169,37,,,,*43
$GQGSV,1,1,03,02,00,000,24,03,35,172,42,07,53,169,37,,,,*43
$GQGSV,1,1,03,02,00,000,25,03,35,172,42,07,53,169,37,,,,*42
$GQGSV,1,1,03,02,00,000,25,03,35,172,42,07,53,169,38,,,,*4D
$GQGSV,1,1,03,02,00,000,24,03,35,172,42,07,53,169,38,,,,*4C
$GQGSV,1,1,02,03,35,172,42,07,53,169,38,,,,,,,,*79
$GQGSV,1,1,02,03,35,172,42,07,53,169,38,,,,,,,,*79
$GQGSV,1,1,02,03,35,172,42,07,53,169,38,,,,,,,,*79
$GQGSV,1,1,02,03,35,172,42,07,53,169,38,,,,,,,,*79
$GQGSV,1,1,02,03,35,172,42,07,53,169,38,,,,,,,,*79
$GQGSV,1,1,02,03,35,172,42,07,53,169,38,,,,,,,,*79
$GQGSV,1,1,02,03,35,172,42,07,53,169,38,,,,,,,,*79
$GQGSV,1,1,02,03,35,172,42,07,53,169,38,,,,,,,,*79
$GQGSV,1,1,03,02,00,000,28,03,35,172,41,07,53,169,38,,,,*43
$GQGSV,1,1,03,02,00,000,27,03,35,172,41,07,53,169,38,,,,*4C
$GQGSV,1,1,03,02,00,000,28,03,35,172,40,07,53,169,38,,,,*42
$GQGSV,1,1,03,02,00,000,29,03,35,172,37,07,53,169,37,,,,*4C
$GQGSV,1,1,03,02,00,000,31,03,35,172,36,07,53,169,37,,,,*44
$GQGSV,1,1,03,02,00,000,32,03,35,172,36,07,53,169,37,,,,*47
$GQGSV,1,1,03,02,00,000,33,03,35,172,36,07,53,169,37,,,,*46
$GQGSV,1,1,03,02,00,000,32,03,35,172,36,07,53,169,37,,,,*47
$GQGSV,1,1,03,02,00,000,32,03,35,172,37,07,53,169,37,,,,*46
$GQGSV,1,1,03,02,00,000,31,03,35,172,37,07,53,169,37,,,,*45
$GQGSV,1,1,03,02,00,000,30,03,35,172,37,07,53,169,37,,,,*44
$GQGSV,1,1,03,02,00,000,30,03,35,172,37,07,53,169,37,,,,*44
$GQGSV,1,1,03,02,00,000,30,03,35,172,38,07,53,169,37,,,,*4B
$GQGSV,1,1,03,02,00,000,30,03,35,172,38,07,53,169,37,,,,*4B
$GQGSV,1,1,03,02,00,000,30,03,35,172,38,07,53,169,37,,,,*4B
$GQGSV,1,1,03,02,00,000,30,03,35,172,39,07,53,169,37,,,,*4A
$GQGSV,1,1,03,02,00,000,30,03,35,172,39,07,53,169,37,,,,*4A
$GQGSV,1,1,03,02,00,000,30,03,35,172,39,07,53,169,37,,,,*4A
$GQGSV,1,1,03,02,00,000,31,03,35,172,39,07,53,169,37,,,,*4B
$GQGSV,1,1,03,02,00,000,31,03,35,172,39,07,53,169,38,,,,*44
$GQGSV,1,1,03,02,00,000,31,03,35,172,39,07,53,169,38,,,,*44
$GQGSV,1,1,03,02,00,000,30,03,35,172,39,07,53,169,39,,,,*44
$GQGSV,1,1,03,02,00,000,30,03,35,172,39,07,53,169,39,,,,*44
$GQGSV,1,1,03,02,00,000,30,03,35,172,40,07,53,169,39,,,,*4A
$GQGSV,1,1,03,02,00,000,30,03,35,172,40,07,53,169,39,,,,*4A
$GQGSV,1,1,03,02,00,000,29,03,35,172,40,07,53,169,39,,,,*42
$GQGSV,1,1,03,02,00,000,28,03,35,172,40,07,53,169,39,,,,*43
$GQGSV,1,1,03,02,00,000,27,03,35,172,40,07,53,169,39,,,,*4C
$GQGSV,1,1,03,02,00,000,31,03,35,172,40,07,53,169,39,,,,*4B
$GQGSV,1,1,03,02,00,000,29,03,35,172,40,07,53,169,39,,,,*42
$GQGSV,1,1,03,02,00,000,29,03,35,172,40,07,53,169,39,,,,*42
$GQGSV,1,1,03,02,00,000,28,03,35,172,40,07,53,169,39,,,,*43
$GQGSV,1,1,03,02,00,000,27,03,35,172,40,07,53,169,39,,,,*4C
$GQGSV,1,1,03,02,00,000,27,03,35,172,40,07,53,169,39,,,,*4C
$GQGSV,1,1,03,02,00,000,27,03,35,172,40,07,53,169,39,,,,*4C
$GQGSV,1,1,03,02,00,000,28,03,35,172,39,07,53,169,39,,,,*4D
$GQGSV,1,1,03,02,00,000,28,03,35,172,39,07,53,169,39,,,,*4D
$GQGSV,1,1,03,02,00,000,28,03,35,172,39,07,53,169,39,,,,*4D
$GQGSV,1,1,03,02,00,000,31,03,35,172,39,07,53,169,39,,,,*45
$GQGSV,1,1,03,02,00,000,31,03,35,172,39,07,53,169,39,,,,*45
$GQGSV,1,1,03,02,00,000,31,03,35,172,38,07,53,169,39,,,,*44
$GQGSV,1,1,03,02,00,000,32,03,35,172,38,07,53,169,39,,,,*47
$GQGSV,1,1,03,02,00,000,33,03,35,172,38,07,53,169,39,,,,*46
$GQGSV,1,1,03,02,00,000,33,03,35,172,38,07,53,169,39,,,,*46
$GQGSV,1,1,03,02,00,000,33,03,35,172,36,07,53,169,39,,,,*48
$GQGSV,1,1,03,02,00,000,33,03,35,172,34,07,53,169,38,,,,*4B
$GQGSV,1,1,03,02,00,000,33,03,35,172,33,07,53,169,38,,,,*4C
$GQGSV,1,1,03,02,00,000,32,03,35,172,33,07,53,169,38,,,,*4D
$GQGSV,1,1,03,02,00,000,31,03,35,172,33,07,53,169,38,,,,*4E
$GQGSV,1,1,03,02,00,000,31,03,35,172,33,07,53,169,38,,,,*4E
$GQGSV,1,1,03,02,00,000,30,03,35,172,34,07,53,169,38,,,,*48
$GQGSV,1,1,03,02,00,000,30,03,35,172,34,07,53,169,38,,,,*48
$GQGSV,1,1,03,02,00,000,30,03,35,172,35,07,53,169,38,,,,*49
$GQGSV,1,1,03,02,00,000,29,03,35,172,36,07,53,169,38,,,,*42
$GQGSV,1,1,03,02,00,000,29,03,35,172,37,07,53,169,38,,,,*43
$GQGSV,1,1,03,02,00,000,29,03,35,172,37,07,53,169,38,,,,*43
$GQGSV,1,1,03,02,00,000,29,03,35,172,38,07,53,169,38,,,,*4C
$GQGSV,1,1,03,02,00,000,29,03,35,172,38,07,53,169,38,,,,*4C
$GQGSV,1,1,03,02,00,000,29,03,35,172,39,07,53,169,38,,,,*4D
$GQGSV,1,1,03,02,00,000,29,03,35,172,39,07,53,169,38,,,,*4D
$GQGSV,1,1,03,02,00,000,29,03,35,172,40,07,53,169,38,,,,*43
$GQGSV,1,1,03,02,00,000,29,03,35,172,40,07,53,169,38,,,,*43
$GQGSV,1,1,03,02,00,000,29,03,35,172,41,07,53,169,38,,,,*42
$GQGSV,1,1,03,02,00,000,28,03,35,172,41,07,53,169,38,,,,*43
$GQGSV,1,1,03,02,00,000,28,03,35,172,41,07,53,169,39,,,,*42
$GQGSV,1,1,03,02,00,000,27,03,35,172,42,07,53,169,39,,,,*4E
$GQGSV,1,1,03,02,00,000,27,03,35,172,42,07,53,169,39,,,,*4E
$GQGSV,1,1,03,02,00,000,27,03,35,172,42,07,53,169,39,,,,*4E
$GQGSV,1,1,03,02,00,000,27,03,35,172,43,07,53,169,39,,,,*4F
$GQGSV,1,1,03,02,00,000,26,03,35,172,43,07,53,169,39,,,,*4E
$GQGSV,1,1,03,02,00,000,26,03,35,172,43,07,53,169,39,,,,*4E
$GQGSV,1,1,03,02,00,000,26,03,35,172,43,07,53,169,39,,,,*4E
$GQGSV,1,1,03,02,00,000,26,03,35,172,43,07,53,169,39,,,,*4E
$GQGSV,1,1,03,02,00,000,26,03,35,172,43,07,53,169,39,,,,*4E
$GQGSV,1,1,03,02,00,000,26,03,35,172,43,07,53,169,39,,,,*4E
$GQGSV,1,1,03,02,00,000,26,03,35,172,43,07,53,169,39,,,,*4E
$GQGSV,1,1,03,02,00,000,25,03,35,172,43,07,53,169,39,,,,*4D
$GQGSV,1,1,03,02,00,000,25,03,35,172,43,07,53,169,39,,,,*4D
$GQGSV,1,1,03,02,00,000,25,03,35,172,42,07,53,169,39,,,,*4C
$GQGSV,1,1,03,02,00,000,26,03,35,172,42,07,53,169,39,,,,*4F
$GQGSV,1,1,03,02,00,000,26,03,35,172,42,07,53,169,39,,,,*4F
$GQGSV,1,1,03,02,00,000,27,03,35,172,42,07,53,169,39,,,,*4E
$GQGSV,1,1,03,02,00,000,28,03,35,172,42,07,53,169,39,,,,*41
$GQGSV,1,1,03,02,00,000,28,03,35,172,42,07,53,169,39,,,,*41
$GQGSV,1,1,03,02,00,000,28,03,35,172,42,07,53,169,39,,,,*41
$GQGSV,1,1,03,02,00,000,28,03,35,172,42,07,53,169,39,,,,*41
$GQGSV,1,1,03,02,00,000,28,03,35,172,42,07,53,169,39,,,,*41
$GQGSV,1,1,03,02,00,000,28,03,35,172,42,07,53,169,39,,,,*41
$GQGSV,1,1,03,02,00,000,28,03,35,172,42,07,53,169,39,,,,*41
$GQGSV,1,1,03,02,00,000,29,03,35,172,42,07,53,169,39,,,,*40
$GQGSV,1,1,03,02,00,000,29,03,35,172,41,07,53,169,39,,,,*43
$GQGSV,1,1,03,02,00,000,29,03,35,172,41,07,53,169,39,,,,*43
$GQGSV,1,1,03,02,00,000,29,03,35,172,41,07,53,169,39,,,,*43
$GQGSV,1,1,03,02,00,000,29,03,35,172,41,07,53,169,39,,,,*43
$GQGSV,1,1,03,02,00,000,29,03,35,172,41,07,53,169,39,,,,*43
$GQGSV,1,1,03,02,00,000,28,03,35,172,41,07,53,169,39,,,,*42
$GQGSV,1,1,03,02,00,000,28,03,35,172,41,07,53,169,39,,,,*42
$GQGSV,1,1,03,02,00,000,27,03,35,172,41,07,53,169,39,,,,*4D
$GQGSV,1,1,03,02,00,000,27,03,35,172,41,07,53,169,39,,,,*4D
$GQGSV,1,1,03,02,00,000,27,03,35,172,41,07,53,169,39,,,,*4D
$GQGSV,1,1,03,02,00,000,27,03,35,172,42,07,53,169,39,,,,*4E
$GQGSV,1,1,03,02,00,000,27,03,35,172,42,07,53,169,39,,,,*4E
$GQGSV,1,1,03,02,00,000,29,03,35,172,42,07,53,169,39,,,,*40
$GQGSV,1,1,03,02,00,000,29,03,35,172,42,07,53,169,39,,,,*40
$GQGSV,1,1,03,02,00,000,28,03,35,172,42,07,53,169,39,,,,*41
$GQGSV,1,1,03,02,00,000,27,03,35,172,43,07,53,169,39,,,,*4F
$GQGSV,1,1,03,02,00,000,26,03,35,172,43,07,53,169,39,,,,*4E
$GQGSV,1,1,03,02,00,000,24,03,35,172,43,07,53,169,39,,,,*4C
$GQGSV,1,1,03,02,00,000,24,03,35,172,43,07,53,169,39,,,,*4C
$GQGSV,1,1,03,02,00,000,24,03,35,172,43,07,53,169,39,,,,*4C
$GQGSV,1,1,03,02,00,000,24,03,35,172,43,07,53,169,39,,,,*4C
$GQGSV,1,1,03,02,00,000,24,03,35,172,43,07,53,169,39,,,,*4C
$GQGSV,1,1,03,02,00,000,24,03,35,172,43,07,53,169,39,,,,*4C
$GQGSV,1,1,03,02,00,000,23,03,35,172,43,07,53,169,39,,,,*4B
$GQGSV,1,1,03,02,00,000,24,03,35,172,43,07,53,169,39,,,,*4C
$GQGSV,1,1,03,02,00,000,25,03,35,172,43,07,53,169,40,,,,*43
$GQGSV,1,1,03,02,00,000,25,03,35,172,43,07,53,169,40,,,,*43
$GQGSV,1,1,03,02,00,000,26,03,35,172,43,07,53,169,40,,,,*40
$GQGSV,1,1,03,02,00,000,27,03,35,172,43,07,53,169,40,,,,*41
$GQGSV,1,1,03,02,00,000,32,03,35,172,43,07,53,169,40,,,,*45
$GQGSV,1,1,03,02,00,000,30,03,35,172,43,07,53,169,40,,,,*47
$GQGSV,1,1,03,02,00,000,29,03,35,172,43,07,53,169,40,,,,*4F
$GQGSV,1,1,03,02,00,000,29,03,35,172,43,07,53,169,40,,,,*4F
$GQGSV,1,1,03,02,00,000,29,03,35,172,43,07,53,169,40,,,,*4F
$GQGSV,1,1,03,02,00,000,29,03,35,172,43,07,53,169,40,,,,*4F
$GQGSV,1,1,03,02,00,000,29,03,35,172,43,07,53,169,40,,,,*4F
$GQGSV,1,1,03,02,00,000,29,03,35,172,43,07,53,169,41,,,,*4E
$GQGSV,1,1,03,02,00,000,29,03,35,172,43,07,53,169,41,,,,*4E
$GQGSV,1,1,03,02,00,000,29,03,35,172,42,07,53,169,42,,,,*4C
$GQGSV,1,1,03,02,00,000,28,03,35,172,42,07,53,169,42,,,,*4D
$GQGSV,1,1,03,02,00,000,28,03,35,172,42,07,53,169,42,,,,*4D
$GQGSV,1,1,03,02,00,000,28,03,35,172,42,07,53,169,42,,,,*4D
$GQGSV,1,1,03,02,00,000,28,03,35,172,42,07,53,169,42,,,,*4D
$GQGSV,1,1,03,02,00,000,28,03,35,172,42,07,53,169,42,,,,*4D
$GQGSV,1,1,03,02,00,000,28,03,35,172,42,07,53,169,42,,,,*4D
$GQGSV,1,1,03,02,00,000,28,03,35,172,42,07,53,169,42,,,,*4D
$GQGSV,1,1,03,02,00,000,28,03,35,172,42,07,53,169,42,,,,*4D
$GQGSV,1,1,03,02,00,000,28,03,35,172,42,07,53,169,42,,,,*4D
$GQGSV,1,1,03,02,00,000,28,03,35,172,42,07,53,169,42,,,,*4D
$GQGSV,1,1,03,02,00,000,28,03,35,172,42,07,53,169,42,,,,*4D
$GQGSV,1,1,03,02,00,000,28,03,35,172,42,07,53,169,42,,,,*4D
$GQGSV,1,1,03,02,00,000,27,03,35,172,42,07,53,169,42,,,,*42
$GQGSV,1,1,03,02,00,000,27,03,35,172,42,07,53,169,42,,,,*42
$GQGSV,1,1,03,02,00,000,27,03,35,172,42,07,53,169,42,,,,*42
$GQGSV,1,1,03,02,00,000,27,03,34,172,42,07,53,169,42,,,,*43
$GQGSV,1,1,03,02,00,000,26,03,34,172,42,07,53,169,42,,,,*42
$GQGSV,1,1,03,02,00,000,26,03,34,172,42,07,53,169,42,,,,*42
$GQGSV,1,1,03,02,00,000,26,03,34,172,42,07,53,169,42,,,,*42
$GQGSV,1,1,03,02,00,000,26,03,34,172,42,07,53,169,42,,,,*42
$GQGSV,1,1,03,02,00,000,26,03,34,172,42,07,53,169,42,,,,*42
$GQGSV,1,1,03,02,00,000,26,03,34,172,42,07,53,169,42,,,,*42
$GQGSV,1,1,03,02,00,000,26,03,34,172,42,07,53,169,42,,,,*42
$GQGSV,1,1,03,02,00,000,26,03,34,172,42,07,53,169,42,,,,*42
$GQGSV,1,1,03,02,00,000,25,03,34,172,42,07,53,169,42,,,,*41
$GQGSV,1,1,03,02,00,000,25,03,34,172,42,07,53,169,41,,,,*42
$GQGSV,1,1,03,02,00,000,24,03,34,172,42,07,53,169,41,,,,*43
$GQGSV,1,1,03,02,00,000,24,03,34,172,42,07,53,169,41,,,,*43
$GQGSV,1,1,03,02,00,000,24,03,34,172,42,07,53,169,41,,,,*43
$GQGSV,1,1,03,02,00,000,24,03,34,172,42,07,53,169,41,,,,*43
$GQGSV,1,1,03,02,00,000,25,03,34,172,42,07,53,169,41,,,,*42
$GQGSV,1,1,03,02,00,000,25,03,34,172,42,07,53,169,41,,,,*42
$GQGSV,1,1,03,02,00,000,25,03,34,172,42,07,53,169,41,,,,*42
$GQGSV,1,1,03,02,00,000,25,03,34,172,42,07,53,169,41,,,,*42
$GQGSV,1,1,03,02,00,000,25,03,34,172,42,07,53,169,41,,,,*42
$GQGSV,1,1,03,02,00,000,26,03,34,172,42,07,53,169,41,,,,*41
$GQGSV,1,1,03,02,00,000,26,03,34,172,42,07,53,169,41,,,,*41
$GQGSV,1,1,03,02,00,000,26,03,34,172,42,07,53,169,41,,,,*41
$GQGSV,1,1,03,02,00,000,26,03,34,172,42,07,53,169,41,,,,*41
$GQGSV,1,1,03,02,00,000,26,03,34,172,42,07,53,169,41,,,,*41
$GQGSV,1,1,03,02,00,000,26,03,34,172,42,07,53,169,41,,,,*41
$GQGSV,1,1,03,02,00,000,26,03,34,172,42,07,53,169,41,,,,*41
$GQGSV,1,1,03,02,00,000,26,03,34,172,42,07,53,169,41,,,,*41
$GQGSV,1,1,03,02,00,000,26,03,34,172,42,07,53,169,41,,,,*41
$GQGSV,1,1,03,02,00,000,26,03,34,172,42,07,53,169,41,,,,*41
$GQGSV,1,1,03,02,00,000,25,03,34,172,42,07,53,169,41,,,,*42
$GQGSV,1,1,03,02,00,000,24,03,34,172,42,07,53,169,41,,,,*43
$GQGSV,1,1,03,02,00,000,24,03,34,172,42,07,53,169,41,,,,*43
$GQGSV,1,1,03,02,00,000,23,03,34,172,42,07,53,169,41,,,,*44
$GQGSV,1,1,03,02,00,000,22,03,34,172,42,07,53,169,41,,,,*45
$GQGSV,1,1,03,02,00,000,22,03,34,172,42,07,53,169,41,,,,*45
$GQGSV,1,1,02,03,34,172,42,07,53,169,41,,,,,,,,*76
$GQGSV,1,1,02,03,34,172,42,07,53,169,41,,,,,,,,*76
$GQGSV,1,1,02,03,34,172,42,07,53,169,41,,,,,,,,*76
$GQGSV,1,1,02,03,34,172,41,07,53,169,41,,,,,,,,*75
$GQGSV,1,1,02,03,34,172,41,07,53,169,41,,,,,,,,*75
$GQGSV,1,1,02,03,34,172,41,07,53,169,41,,,,,,,,*75
$GQGSV,1,1,02,03,34,172,41,07,53,169,41,,,,,,,,*75
$GQGSV,1,1,02,03,34,172,41,07,53,169,41,,,,,,,,*75
$GQGSV,1,1,03,02,00,000,25,03,34,172,41,07,53,169,41,,,,*41
$GQGSV,1,1,03,02,00,000,24,03,34,172,41,07,53,169,41,,,,*40
$GQGSV,1,1,03,02,00,000,25,03,34,172,41,07,53,169,41,,,,*41
$GQGSV,1,1,03,02,00,000,26,03,34,172,41,07,53,169,41,,,,*42
$GQGSV,1,1,03,02,00,000,27,03,34,172,41,07,53,169,41,,,,*43
$GQGSV,1,1,02,03,34,172,41,07,53,169,41,,,,,,,,*75
$GQGSV,1,1,02,03,34,172,42,07,53,169,41,,,,,,,,*76
$GQGSV,1,1,02,03,34,172,42,07,53,169,41,,,,,,,,*76
$GQGSV,1,1,02,03,34,172,42,07,53,169,41,,,,,,,,*76
$GQGSV,1,1,02,03,34,172,42,07,53,169,41,,,,,,,,*76
$GQGSV,1,1,02,03,34,172,42,07,53,169,41,,,,,,,,*76
$GQGSV,1,1,02,03,34,172,42,07,53,169,40,,,,,,,,*77
$GQGSV,1,1,02,03,34,172,42,07,53,169,40,,,,,,,,*77
$GQGSV,1,1,02,03,34,172,42,07,53,169,40,,,,,,,,*77
$GQGSV,1,1,02,03,34,172,42,07,53,169,40,,,,,,,,*77
$GQGSV,1,1,02,03,34,172,42,07,53,169,40,,,,,,,,*77
$GQGSV,1,1,02,03,34,172,42,07,53,169,40,,,,,,,,*77
$GQGSV,1,1,02,03,34,172,42,07,53,169,40,,,,,,,,*77
$GQGSV,1,1,03,02,00,000,31,03,34,172,42,07,53,169,40,,,,*46
$GQGSV,1,1,03,02,00,000,34,03,34,172,42,07,53,169,40,,,,*43
$GQGSV,1,1,03,02,00,000,32,03,34,172,42,07,53,169,40,,,,*45