#BESTPOSA,COM1,0,49.0,FINESTEERING,2436,290558.000,00000200,000e,10817;SOL_COMPUTED,NARROW_INT,31.16317567148,121.45305292939,6.6464,11.0296,WGS84,3.4948,4.6140,10.7188,"1793",1.000,1.000,49,44,40,39,00,00,77,37*7ccc72b0
#BESTPOSA,COM1,0,48.5,FINESTEERING,2436,290559.000,00000200,000e,10817;SOL_COMPUTED,NARROW_INT,31.16317566522,121.45305293105,6.6435,11.0296,WGS84,3.4948,4.6140,10.7188,"1793",1.000,1.000,49,44,40,39,00,00,77,37*3aa1960c
#BESTPOSA,COM1,0,48.0,FINESTEERING,2436,290560.000,00000200,000e,10817;SOL_COMPUTED,NARROW_INT,31.16317566398,121.45305290602,6.6445,11.0296,WGS84,3.4948,4.6140,10.7188,"1793",1.000,1.000,49,44,40,39,00,00,77,37*b7e44bdd
#BESTPOSA,COM1,0,48.5,FINESTEERING,2436,290561.000,00000200,000e,10817;SOL_COMPUTED,NARROW_INT,31.16317566850,121.45305292280,6.6459,11.0296,WGS84,3.4948,4.6140,10.7188,"1793",1.000,1.000,49,44,40,38,00,00,77,37*4145691b
#BESTPOSA,COM1,0,48.0,FINESTEERING,2436,290562.000,00000200,000e,10817;SOL_COMPUTED,NARROW_INT,31.16317565692,121.45305294141,6.6471,11.0296,WGS84,3.4948,4.6140,10.7188,"1793",1.000,1.000,49,44,40,38,00,00,77,37*5246a178
#BESTPOSA,COM1,0,49.0,FINESTEERING,2436,290563.000,00000200,000e,10817;SOL_COMPUTED,NARROW_INT,31.16317566502,121.45305293386,6.6470,11.0296,WGS84,3.4948,4.6140,10.7188,"1793",1.000,1.000,49,44,40,39,00,00,77,37*ca61bebe
#BESTPOSA,COM1,0,49.0,FINESTEERING,2436,290564.000,00000200,000e,10817;SOL_COMPUTED,NARROW_INT,31.16317648868,121.45305111840,6.6407,11.0296,WGS84,3.4948,4.6140,10.7188,"1793",1.000,1.000,49,44,40,40,00,00,77,37*3ea52ce7
#BESTPOSA,COM1,0,49.0,FINESTEERING,2436,290565.000,00000200,000e,10817;SOL_COMPUTED,NARROW_INT,31.16318308249,121.45303759516,6.6367,11.0296,WGS84,3.4948,4.6140,10.7188,"1793",1.000,1.000,49,44,40,40,00,00,77,37*2d088acf
#BESTPOSA,COM1,0,51.0,FINESTEERING,2436,290566.000,00000200,000e,10817;SOL_COMPUTED,NARROW_INT,31.16319301384,121.45302740410,6.6086,11.0296,WGS84,3.4948,4.6140,10.7188,"1793",1.000,1.000,49,44,40,40,00,00,77,37*4903c5d4
#BESTPOSA,COM1,0,45.5,FINESTEERING,2436,290567.000,00000200,000e,10817;SOL_COMPUTED,NARROW_INT,31.16320503807,121.45301653186,6.5570,11.0296,WGS84,3.4948,4.6140,10.7188,"1793",1.000,1.000,50,44,40,40,00,00,77,37*000c41e0
#BESTPOSA,COM1,0,48.5,FINESTEERING,2436,290568.000,00000200,000e,10817;SOL_COMPUTED,NARROW_INT,31.16321651666,121.45300906331,6.5344,11.0296,WGS84,3.4948,4.6140,10.7188,"1793",1.000,1.000,50,44,40,40,00,00,77,37*01275456
#BESTPOSA,COM1,0,48.0,FINESTEERING,2436,290569.000,00000200,000e,10817;SOL_COMPUTED,NARROW_INT,31.16322787468,121.45300351440,6.5217,11.0296,WGS84,3.4948,4.6140,10.7188,"1793",1.000,1.000,50,44,40,40,00,00,77,37*90e11f93
#BESTPOSA,COM1,0,48.0,FINESTEERING,2436,290570.000,00000200,000e,10817;SOL_COMPUTED,NARROW_INT,31.16324008652,121.45299920387,6.4762,11.0296,WGS84,3.4948,4.6140,10.7188,"1793",1.000,1.000,50,44,40,40,00,00,77,37*90335f17
#BESTPOSA,COM1,0,48.0,FINESTEERING,2436,290571.000,00000200,000e,10817;SOL_COMPUTED,NARROW_INT,31.16325308117,121.45299502017,6.4472,11.0296,WGS84,3.4948,4.6140,10.7188,"1793",1.000,1.000,50,44,40,38,00,00,77,37*faa7612e
#BESTPOSA,COM1,0,48.0,FINESTEERING,2436,290572.000,00000200,000e,10817;SOL_COMPUTED,NARROW_INT,31.16326578925,121.45299026657,6.4189,11.0296,WGS84,3.4948,4.6140,10.7188,"1793",1.000,1.000,48,43,39,38,00,00,77,37*97079a58
#BESTPOSA,COM1,0,46.5,FINESTEERING,2436,290573.000,00000200,000e,10817;SOL_COMPUTED,NARROW_INT,31.16327669234,121.45298724150,6.4072,11.0296,WGS84,3.4948,4.6140,10.7188,"1793",1.000,1.000,48,43,38,37,00,00,77,37*7d24bc1c
#BESTPOSA,COM1,0,47.0,FINESTEERING,2436,290574.000,00000200,000e,10817;SOL_COMPUTED,NARROW_INT,31.16328859722,121.45298431248,6.3927,11.0296,WGS84,3.4948,4.6140,10.7188,"1793",1.000,1.000,49,43,38,38,00,00,77,37*cbd0f480
#BESTPOSA,COM1,0,47.0,FINESTEERING,2436,290575.000,00200200,000e,10817;SOL_COMPUTED,NARROW_INT,31.16330175722,121.45298166650,6.3569,11.0296,WGS84,3.4948,4.6140,10.7188,"1793",1.000,1.000,49,43,39,39,00,00,77,37*6873ab2f
#BESTPOSA,COM1,0,47.0,FINESTEERING,2436,290576.000,00000200,000e,10817;SOL_COMPUTED,NARROW_INT,31.16331445365,121.45297969248,6.3246,11.0296,WGS84,3.4948,4.6140,10.7188,"1793",1.000,1.000,49,43,38,38,00,00,77,37*70a83ad3
#BESTPOSA,COM1,0,47.0,FINESTEERING,2436,290577.000,00000200,000e,10817;SOL_COMPUTED,NARROW_INT,31.16332886844,121.45297819873,6.2904,11.0296,WGS84,3.4948,4.6140,10.7188,"1793",1.000,1.000,49,43,39,39,00,00,77,37*80b13e4e
#BESTPOSA,COM1,0,47.5,FINESTEERING,2436,290578.000,00000200,000e,10817;SOL_COMPUTED,NARROW_INT,31.16334120562,121.45297726670,6.2824,11.0296,WGS84,3.4948,4.6140,10.7188,"1793",1.000,1.000,49,43,39,39,00,00,77,37*e9715659
#BESTPOSA,COM1,0,45.0,FINESTEERING,2436,290579.000,00000200,000e,10817;SOL_COMPUTED,NARROW_INT,31.16335110411,121.45298017119,6.2982,11.0296,WGS84,3.4948,4.6140,10.7188,"1793",1.000,1.000,49,43,39,38,00,00,77,37*0494412f
#BESTPOSA,COM1,0,46.0,FINESTEERING,2436,290580.000,00000200,000e,10817;SOL_COMPUTED,NARROW_INT,31.16335605355,121.45299128969,6.2764,11.0296,WGS84,3.4948,4.6140,10.7188,"1793",1.000,1.000,49,43,39,38,00,00,77,37*798bef99
#BESTPOSA,COM1,0,47.0,FINESTEERING,2436,290581.000,00000200,000e,10817;SOL_COMPUTED,NARROW_INT,31.16335463739,121.45299886576,6.2842,11.0296,WGS84,3.4948,4.6140,10.7188,"1793",1.000,1.000,49,43,39,39,00,00,77,37*30384567
#BESTPOSA,COM1,0,48.5,FINESTEERING,2436,290582.000,00000200,000e,10817;SOL_COMPUTED,NARROW_INT,31.16334656583,121.45301000411,6.2962,11.0296,WGS84,3.4948,4.6140,10.7188,"1793",1.000,1.000,48,42,38,38,00,00,77,37*243dbc3b
#BESTPOSA,COM1,0,47.5,FINESTEERING,2436,290583.000,00000200,000e,10817;SOL_COMPUTED,NARROW_INT,31.16333633636,121.45302340514,6.3114,11.0296,WGS84,3.4948,4.6140,10.7188,"1793",1.000,1.000,48,42,37,38,00,00,77,37*066a512d
#BESTPOSA,COM1,0,48.0,FINESTEERING,2436,290584.000,00000200,000e,10817;SOL_COMPUTED,NARROW_INT,31.16332783487,121.45303875565,6.3250,11.0296,WGS84,3.4948,4.6140,10.7188,"1793",1.000,1.000,47,42,37,38,00,00,77,37*1b51dc14
#BESTPOSA,COM1,0,48.0,FINESTEERING,2436,290585.000,00000200,000e,10817;SOL_COMPUTED,NARROW_INT,31.16332129888,121.45305431376,6.3192,11.0296,WGS84,3.4948,4.6140,10.7188,"1793",1.000,1.000,47,42,36,37,00,00,77,37*32ec6ca2
#BESTPOSA,COM1,0,48.0,FINESTEERING,2436,290586.000,00000200,000e,10817;SOL_COMPUTED,NARROW_INT,31.16331541339,121.45307294425,6.3009,11.0296,WGS84,3.4948,4.6140,10.7188,"1793",1.000,1.000,47,42,37,38,00,00,77,37*5be823ca
#BESTPOSA,COM1,0,48.5,FINESTEERING,2436,290587.000,00000200,000e,10817;SOL_COMPUTED,NARROW_INT,31.16331002467,121.45308786240,6.2955,11.0296,WGS84,3.4948,4.6140,10.7188,"1793",1.000,1.000,48,43,38,37,00,00,77,37*b9ea952b
#BESTPOSA,COM1,0,49.0,FINESTEERING,2436,290588.000,00000200,000e,10817;SOL_COMPUTED,NARROW_INT,31.16330420764,121.45310183828,6.2947,11.0296,WGS84,3.4948,4.6140,10.7188,"1793",1.000,1.000,47,42,38,38,00,00,77,37*a29db45d
#BESTPOSA,COM1,0,49.0,FINESTEERING,2436,290589.000,00000200,000e,10817;SOL_COMPUTED,NARROW_INT,31.16329821538,121.45311492633,6.2808,11.0296,WGS84,3.4948,4.6140,10.7188,"1793",1.000,1.000,47,42,38,38,00,00,77,37*370fc4f9
#BESTPOSA,COM1,0,49.0,FINESTEERING,2436,290590.000,00000200,000e,10817;SOL_COMPUTED,NARROW_INT,31.16329212398,121.45312823277,6.2784,11.0296,WGS84,3.4948,4.6140,10.7188,"1793",1.000,1.000,47,42,38,38,00,00,77,37*ce244d0f
#BESTPOSA,COM1,0,49.5,FINESTEERING,2436,290591.000,00000200,000e,10817;SOL_COMPUTED,NARROW_INT,31.16328600845,121.45314154874,6.2827,11.0296,WGS84,3.4948,4.6140,10.7188,"1793",1.000,1.000,47,42,38,37,00,00,77,37*2d82d354
#BESTPOSA,COM1,0,49.0,FINESTEERING,2436,290592.000,00000200,000e,10817;SOL_COMPUTED,NARROW_INT,31.16327931387,121.45315575045,6.2841,11.0296,WGS84,3.4948,4.6140,10.7188,"1793",1.000,1.000,47,42,37,37,00,00,77,37*463ae2fe
#BESTPOSA,COM1,0,48.5,FINESTEERING,2436,290593.000,00000200,000e,10817;SOL_COMPUTED,NARROW_INT,31.16327339063,121.45316793623,6.2832,11.0296,WGS84,3.4948,4.6140,10.7188,"1793",1.000,1.000,47,42,37,37,00,00,77,37*70b9fd81
#BESTPOSA,COM1,0,48.0,FINESTEERING,2436,290594.000,00000200,000e,10817;SOL_COMPUTED,NARROW_INT,31.16326790209,121.45317933151,6.2820,11.0296,WGS84,3.4948,4.6140,10.7188,"1793",1.000,1.000,48,42,38,38,00,00,77,37*2c9e259a
#BESTPOSA,COM1,0,47.5,FINESTEERING,2436,290595.000,00000200,000e,10817;SOL_COMPUTED,NARROW_INT,31.16326254464,121.45319043358,6.2776,11.0296,WGS84,3.4948,4.6140,10.7188,"1793",1.000,1.000,49,43,39,38,00,00,77,37*cb81493e
#BESTPOSA,COM1,0,48.0,FINESTEERING,2436,290596.000,00000200,000e,10817;SOL_COMPUTED,NARROW_INT,31.16325686660,121.45320202118,6.2859,11.0296,WGS84,3.4948,4.6140,10.7188,"1793",1.000,1.000,49,43,39,38,00,00,77,37*322cdb90
#BESTPOSA,COM1,0,48.5,FINESTEERING,2436,290597.000,00000200,000e,10817;SOL_COMPUTED,NARROW_INT,31.16325131269,121.45321381297,6.2819,11.0296,WGS84,3.4948,4.6140,10.7188,"1793",1.000,1.000,49,43,39,38,00,00,77,37*2964d0f2
#BESTPOSA,COM1,0,47.5,FINESTEERING,2436,290598.000,00200200,000e,10817;SOL_COMPUTED,NARROW_INT,31.16324607540,121.45322484913,6.2913,11.0296,WGS84,3.4948,4.6140,10.7188,"1793",1.000,1.000,49,43,39,38,00,00,77,37*a24e2e0f
#BESTPOSA,COM1,0,48.0,FINESTEERING,2436,290599.000,00000200,000e,10817;SOL_COMPUTED,NARROW_INT,31.16324046058,121.45323632439,6.2839,11.0296,WGS84,3.4948,4.6140,10.7188,"1793",1.000,1.000,49,43,39,38,00,00,77,37*b7688db7
#BESTPOSA,COM1,0,47.0,FINESTEERING,2436,290600.000,00000200,000e,10817;SOL_COMPUTED,NARROW_INT,31.16323485697,121.45324792042,6.2763,11.0296,WGS84,3.4948,4.6140,10.7188,"1793",1.000,1.000,50,44,40,39,00,00,77,37*84449080
#BESTPOSA,COM1,0,48.0,FINESTEERING,2436,290601.000,00000200,000e,10817;SOL_COMPUTED,NARROW_INT,31.16322846134,121.45326116520,6.2851,11.0296,WGS84,3.4948,4.6140,10.7188,"1793",1.000,1.000,49,44,40,39,00,00,77,37*b94dd2f7
#BESTPOSA,COM1,0,48.0,FINESTEERING,2436,290602.000,00000200,000e,10817;SOL_COMPUTED,NARROW_INT,31.16322133449,121.45327651223,6.2857,11.0296,WGS84,3.4948,4.6140,10.7188,"1793",1.000,1.000,49,44,40,38,00,00,77,37*bfeb0ffe
#BESTPOSA,COM1,0,47.5,FINESTEERING,2436,290603.000,00000200,000e,10817;SOL_COMPUTED,NARROW_INT,31.16321791080,121.45329020778,6.2814,11.0296,WGS84,3.4948,4.6140,10.7188,"1793",1.000,1.000,49,44,40,38,00,00,77,37*f513b5f9
#BESTPOSA,COM1,0,48.0,FINESTEERING,2436,290604.000,00200200,000e,10817;SOL_COMPUTED,NARROW_INT,31.16321730026,121.45330702316,6.2887,11.0296,WGS84,3.4948,4.6140,10.7188,"1793",1.000,1.000,48,44,40,38,00,00,77,37*866bab3a
#BESTPOSA,COM1,0,48.5,FINESTEERING,2436,290605.000,00200200,000e,10817;SOL_COMPUTED,NARROW_INT,31.16321875497,121.45332037231,6.2356,11.0296,WGS84,3.4948,4.6140,10.7188,"1793",1.000,1.000,49,44,40,39,00,00,77,37*c5652ad2
#BESTPOSA,COM1,0,47.5,FINESTEERING,2436,290606.000,00000200,000e,10817;SOL_COMPUTED,NARROW_INT,31.16322136906,121.45333184338,6.2229,11.0296,WGS84,3.4948,4.6140,10.7188,"1793",1.000,1.000,49,44,39,38,00,00,77,37*c412ba82
#BESTPOSA,COM1,0,47.5,FINESTEERING,2436,290607.000,00000200,000e,10817;SOL_COMPUTED,NARROW_INT,31.16322619518,121.45334631069,6.2555,11.0296,WGS84,3.4948,4.6140,10.7188,"1793",1.000,1.000,49,44,39,38,00,00,77,37*77f74fc8
#BESTPOSA,COM1,0,47.0,FINESTEERING,2436,290608.000,00000200,000e,10817;SOL_COMPUTED,NARROW_INT,31.16323178515,121.45335784733,6.2495,11.0296,WGS84,3.4948,4.6140,10.7188,"1793",1.000,1.000,49,44,39,38,00,00,77,37*b41ec6d2
#BESTPOSA,COM1,0,47.5,FINESTEERING,2436,290609.000,00000200,000e,10817;SOL_COMPUTED,NARROW_INT,31.16323759389,121.45337289370,6.2259,11.0296,WGS84,3.4948,4.6140,10.7188,"1793",1.000,1.000,49,44,40,39,00,00,77,37*4c6b1ae4
#BESTPOSA,COM1,0,47.5,FINESTEERING,2436,290610.000,00000200,000e,10817;SOL_COMPUTED,NARROW_INT,31.16324368037,121.45338847967,6.2135,11.0296,WGS84,3.4948,4.6140,10.7188,"1793",1.000,1.000,48,43,39,38,00,00,77,37*6120ca33
#BESTPOSA,COM1,0,46.5,FINESTEERING,2436,290611.000,00000200,000e,10817;SOL_COMPUTED,NARROW_INT,31.16324974917,121.45340142241,6.1885,11.0296,WGS84,3.4948,4.6140,10.7188,"1793",1.000,1.000,48,43,39,37,00,00,77,37*1b21bc9c
#BESTPOSA,COM1,0,47.5,FINESTEERING,2436,290612.000,00000200,000e,10817;SOL_COMPUTED,NARROW_INT,31.16325669174,121.45341491895,6.1334,11.0296,WGS84,3.4948,4.6140,10.7188,"1793",1.000,1.000,49,44,39,38,00,00,77,37*2ef29aa8
#BESTPOSA,COM1,0,47.0,FINESTEERING,2436,290613.000,00000200,000e,10817;SOL_COMPUTED,NARROW_INT,31.16326255695,121.45342730326,6.1176,11.0296,WGS84,3.4948,4.6140,10.7188,"1793",1.000,1.000,49,44,40,38,00,00,77,37*ecb77efb
#BESTPOSA,COM1,0,47.0,FINESTEERING,2436,290614.000,00000200,000e,10817;SOL_COMPUTED,NARROW_INT,31.16326875826,121.45344082520,6.1287,11.0296,WGS84,3.4948,4.6140,10.7188,"1793",1.000,1.000,49,44,39,38,00,00,77,37*38547c44
#BESTPOSA,COM1,0,47.0,FINESTEERING,2436,290615.000,00000200,000e,10817;SOL_COMPUTED,NARROW_INT,31.16327495626,121.45345447595,6.0918,11.0296,WGS84,3.4948,4.6140,10.7188,"1793",1.000,1.000,48,44,40,39,00,00,77,37*d941fa39
#BESTPOSA,COM1,0,47.5,FINESTEERING,2436,290616.000,00000200,000e,10817;SOL_COMPUTED,NARROW_INT,31.16328084958,121.45346720915,6.0702,11.0296,WGS84,3.4948,4.6140,10.7188,"1793",1.000,1.000,48,43,38,37,00,00,77,37*7d23dcfc
#BESTPOSA,COM1,0,48.0,FINESTEERING,2436,290617.000,00000200,000e,10817;SOL_COMPUTED,NARROW_INT,31.16328584953,121.45347843092,6.0362,11.0296,WGS84,3.4948,4.6140,10.7188,"1793",1.000,1.000,48,43,38,37,00,00,77,37*4ddea462
#BESTPOSA,COM1,0,48.5,FINESTEERING,2436,290618.000,00200200,000e,10817;SOL_COMPUTED,NARROW_INT,31.16329181847,121.45349151025,6.0072,11.0296,WGS84,3.4948,4.6140,10.7188,"1793",1.000,1.000,49,44,39,37,00,00,77,37*9dc3033e
#BESTPOSA,COM1,0,48.0,FINESTEERING,2436,290619.000,00000200,000e,10817;SOL_COMPUTED,NARROW_INT,31.16329842636,121.45350732177,6.0451,11.0296,WGS84,3.4948,4.6140,10.7188,"1793",1.000,1.000,48,44,40,38,00,00,77,37*16652333
#BESTPOSA,COM1,0,46.5,FINESTEERING,2436,290620.000,00000200,000e,10817;SOL_COMPUTED,NARROW_INT,31.16330476756,121.45352262625,6.0050,11.0296,WGS84,3.4948,4.6140,10.7188,"1793",1.000,1.000,48,43,39,38,00,00,77,37*2ce9323f
#BESTPOSA,COM1,0,47.0,FINESTEERING,2436,290621.000,00000200,000e,10817;SOL_COMPUTED,NARROW_INT,31.16331075870,121.45353635151,5.9515,11.0296,WGS84,3.4948,4.6140,10.7188,"1793",1.000,1.000,48,44,40,36,00,00,77,37*b438d320
#BESTPOSA,COM1,0,47.5,FINESTEERING,2436,290622.000,00000200,000e,10817;SOL_COMPUTED,NARROW_INT,31.16331684795,121.45355016846,5.9347,11.0296,WGS84,3.4948,4.6140,10.7188,"1793",1.000,1.000,49,44,40,37,00,00,77,37*dcc2050c
#BESTPOSA,COM1,0,47.5,FINESTEERING,2436,290623.000,00000200,000e,10817;SOL_COMPUTED,NARROW_INT,31.16332321254,121.45356208930,5.8888,11.0296,WGS84,3.4948,4.6140,10.7188,"1793",1.000,1.000,47,42,38,37,00,00,77,37*86f929b1
#BESTPOSA,COM1,0,48.0,FINESTEERING,2436,290624.000,00000200,000e,10817;SOL_COMPUTED,NARROW_INT,31.16333004148,121.45357558740,5.9009,11.0296,WGS84,3.4948,4.6140,10.7188,"1793",1.000,1.000,48,42,38,37,00,00,77,37*9e138414
#BESTPOSA,COM1,0,48.0,FINESTEERING,2436,290625.000,00000200,000e,10817;SOL_COMPUTED,NARROW_INT,31.16333642147,121.45359097029,5.8507,11.0296,WGS84,3.4948,4.6140,10.7188,"1793",1.000,1.000,47,41,37,36,00,00,77,37*e7c9ddf9
#BESTPOSA,COM1,0,47.5,FINESTEERING,2436,290626.000,00000200,000e,10817;SOL_COMPUTED,NARROW_INT,31.16334350668,121.45360698402,5.7628,11.0296,WGS84,3.4948,4.6140,10.7188,"1793",1.000,1.000,46,41,37,36,00,00,77,37*a70ee59d
#BESTPOSA,COM1,0,47.0,FINESTEERING,2436,290627.000,00000200,000e,10817;SOL_COMPUTED,NARROW_INT,31.16335084748,121.45362315956,5.7370,11.0296,WGS84,3.4948,4.6140,10.7188,"1793",1.000,1.000,47,41,37,36,00,00,77,37*3a471231
#BESTPOSA,COM1,0,48.5,FINESTEERING,2436,290628.000,00000200,000e,10817;SOL_COMPUTED,NARROW_INT,31.16335850262,121.45363813424,5.6951,11.0296,WGS84,3.4948,4.6140,10.7188,"1793",1.000,1.000,47,41,37,35,00,00,77,37*6c51e611
#BESTPOSA,COM1,0,48.5,FINESTEERING,2436,290629.000,00000200,000e,10817;SOL_COMPUTED,NARROW_INT,31.16336563014,121.45365284642,5.6753,11.0296,WGS84,3.4948,4.6140,10.7188,"1793",1.000,1.000,47,41,37,36,00,00,77,37*26b1ae7c
#BESTPOSA,COM1,0,49.5,FINESTEERING,2436,290630.000,00000200,000e,10817;SOL_COMPUTED,NARROW_INT,31.16337227431,121.45366917165,5.6643,11.0296,WGS84,3.4948,4.6140,10.7188,"1793",1.000,1.000,47,41,37,37,00,00,77,37*862d8590
#BESTPOSA,COM1,0,49.0,FINESTEERING,2436,290631.000,00000200,000e,10817;SOL_COMPUTED,NARROW_INT,31.16337922210,121.45368566068,5.6608,11.0296,WGS84,3.4948,4.6140,10.7188,"1793",1.000,1.000,46,40,36,36,00,00,77,37*cc860521
#BESTPOSA,COM1,0,48.5,FINESTEERING,2436,290632.000,00000200,000e,10817;SOL_COMPUTED,NARROW_INT,31.16338712418,121.45370428707,5.6398,11.0296,WGS84,3.4948,4.6140,10.7188,"1793",1.000,1.000,46,40,35,35,00,00,77,37*9d4e2fd8
#BESTPOSA,COM1,0,49.5,FINESTEERING,2436,290633.000,00000200,000e,10817;SOL_COMPUTED,NARROW_INT,31.16339555690,121.45372151751,5.6276,11.0296,WGS84,3.4948,4.6140,10.7188,"1793",1.000,1.000,47,41,35,35,00,00,77,37*bb0b9dd6
#BESTPOSA,COM1,0,49.5,FINESTEERING,2436,290634.000,00000200,000e,10817;SOL_COMPUTED,NARROW_INT,31.16340346833,121.45373798259,5.6076,11.0296,WGS84,3.4948,4.6140,10.7188,"1793",1.000,1.000,47,41,35,35,00,00,77,37*93d38ee7
#BESTPOSA,COM1,0,49.0,FINESTEERING,2436,290635.000,00000200,000e,10817;SOL_COMPUTED,NARROW_INT,31.16341036353,121.45375364979,5.5937,11.0316,WGS84,3.4948,4.6140,10.7188,"1793",1.000,1.000,47,41,37,35,00,00,77,37*e7a24bfa
#BESTPOSA,COM1,0,51.0,FINESTEERING,2436,290636.000,00000200,000e,10817;SOL_COMPUTED,NARROW_INT,31.16341823041,121.45377126988,5.5751,11.0316,WGS84,3.4948,4.6140,10.7188,"1793",1.000,1.000,47,41,36,34,00,00,77,37*a566afe9
#BESTPOSA,COM1,0,46.0,FINESTEERING,2436,290637.000,00000200,000e,10817;SOL_COMPUTED,NARROW_INT,31.16342649979,121.45379060963,5.5423,11.0316,WGS84,3.4948,4.6140,10.7188,"1793",1.000,1.000,47,41,36,34,00,00,77,37*7654025f
#BESTPOSA,COM1,0,48.5,FINESTEERING,2436,290638.000,00000200,000e,10817;SOL_COMPUTED,NARROW_INT,31.16343444566,121.45380927526,5.5135,11.0316,WGS84,3.4948,4.6140,10.7188,"1793",1.000,1.000,47,41,35,34,00,00,77,37*86a7252e
#BESTPOSA,COM1,0,48.5,FINESTEERING,2436,290639.000,00000200,000e,10817;SOL_COMPUTED,NARROW_INT,31.16344238563,121.45382839835,5.4783,11.0316,WGS84,3.4948,4.6140,10.7188,"1793",1.000,1.000,47,41,36,34,00,00,77,37*5ecac031
#BESTPOSA,COM1,0,49.0,FINESTEERING,2436,290640.000,00000200,000e,10817;SOL_COMPUTED,NARROW_INT,31.16345082852,121.45384699114,5.4608,11.0316,WGS84,3.4948,4.6140,10.7188,"1793",1.000,1.000,45,39,35,34,00,00,77,37*dbb95964
#BESTPOSA,COM1,0,48.0,FINESTEERING,2436,290641.000,00000200,000e,10817;SOL_COMPUTED,NARROW_INT,31.16345891985,121.45386374876,5.4886,11.0316,WGS84,3.4948,4.6140,10.7188,"1793",1.000,1.000,47,41,36,35,00,00,77,37*b90f1194
#BESTPOSA,COM1,0,48.5,FINESTEERING,2436,290642.000,00000200,000e,10817;SOL_COMPUTED,NARROW_INT,31.16346640467,121.45387954142,5.4821,11.0316,WGS84,3.4948,4.6140,10.7188,"1793",1.000,1.000,49,42,36,36,00,00,77,37*68cdac61
#BESTPOSA,COM1,0,48.5,FINESTEERING,2436,290643.000,00000200,000e,10817;SOL_COMPUTED,NARROW_INT,31.16347323293,121.45389517964,5.4655,11.0316,WGS84,3.4948,4.6140,10.7188,"1793",1.000,1.000,49,42,36,36,00,00,77,37*44e7baa6
#BESTPOSA,COM1,0,47.0,FINESTEERING,2436,290644.000,00000200,000e,10817;SOL_COMPUTED,NARROW_INT,31.16347894072,121.45390841295,5.4232,11.0316,WGS84,3.4948,4.6140,10.7188,"1793",1.000,1.000,48,42,35,34,00,00,77,37*8aa0ed81
#BESTPOSA,COM1,0,47.0,FINESTEERING,2436,290645.000,00000200,000e,10817;SOL_COMPUTED,NARROW_INT,31.16348361966,121.45391894435,5.4063,11.0316,WGS84,3.4948,4.6140,10.7188,"1793",1.000,1.000,48,42,36,35,00,00,77,37*8118aa75
#BESTPOSA,COM1,0,49.0,FINESTEERING,2436,290646.000,00000200,000e,10817;SOL_COMPUTED,NARROW_INT,31.16348933936,121.45393106939,5.4354,11.0316,WGS84,3.4948,4.6140,10.7188,"1793",1.000,1.000,48,42,35,34,00,00,77,37*5c4ae45b
#BESTPOSA,COM1,0,48.0,FINESTEERING,2436,290647.000,00000200,000e,10817;SOL_COMPUTED,NARROW_INT,31.16349242469,121.45393789111,5.3964,11.0316,WGS84,3.4948,4.6140,10.7188,"1793",1.000,1.000,48,42,36,37,00,00,77,37*e42f30de
#BESTPOSA,COM1,0,47.5,FINESTEERING,2436,290648.000,00000200,000e,10817;SOL_COMPUTED,NARROW_INT,31.16349673899,121.45394728182,5.3922,11.0316,WGS84,3.4948,4.6140,10.7188,"1793",1.000,1.000,48,42,36,37,00,00,77,37*d6a26f55
#BESTPOSA,COM1,0,47.5,FINESTEERING,2436,290649.000,00000200,000e,10817;SOL_COMPUTED,NARROW_INT,31.16349967425,121.45395350295,5.3812,11.0316,WGS84,3.4948,4.6140,10.7188,"1793",1.000,1.000,48,42,37,36,00,00,77,37*ce5cf19a
#BESTPOSA,COM1,0,47.0,FINESTEERING,2436,290650.000,00000200,000e,10817;SOL_COMPUTED,NARROW_INT,31.16350149443,121.45395799529,5.4153,11.0316,WGS84,3.4948,4.6140,10.7188,"1793",1.000,1.000,48,42,37,36,00,00,77,37*fc54a382
#BESTPOSA,COM1,0,47.5,FINESTEERING,2436,290651.000,00000200,000e,10817;SOL_COMPUTED,NARROW_INT,31.16350255298,121.45396004301,5.3970,11.0316,WGS84,3.4948,4.6140,10.7188,"1793",1.000,1.000,48,42,37,36,00,00,77,37*9f183bec
#BESTPOSA,COM1,0,47.0,FINESTEERING,2436,290652.000,00000200,000e,10817;SOL_COMPUTED,NARROW_INT,31.16350503259,121.45396574651,5.4023,11.0316,WGS84,3.4948,4.6140,10.7188,"1793",1.000,1.000,48,42,37,36,00,00,77,37*6776d933
#BESTPOSA,COM1,0,47.5,FINESTEERING,2436,290653.000,00000200,000e,10817;SOL_COMPUTED,NARROW_INT,31.16350821604,121.45397322385,5.3928,11.0316,WGS84,3.4948,4.6140,10.7188,"1793",1.000,1.000,50,42,37,37,00,00,77,37*c9eb5ff6
#BESTPOSA,COM1,0,46.5,FINESTEERING,2436,290654.000,00000200,000e,10817;SOL_COMPUTED,NARROW_INT,31.16351163423,121.45398145762,5.3767,11.0316,WGS84,3.4948,4.6140,10.7188,"1793",1.000,1.000,50,42,37,37,00,00,77,37*40a6df5d
#BESTPOSA,COM1,0,47.5,FINESTEERING,2436,290655.000,00200200,000e,10817;SOL_COMPUTED,NARROW_INT,31.16351500336,121.45398954381,5.3155,11.0316,WGS84,3.4948,4.6140,10.7188,"1793",2.000,2.000,51,42,37,36,00,00,77,37*50e2506b
#BESTPOSA,COM1,0,55.5,FINESTEERING,2436,290656.000,00000200,000e,10817;SOL_COMPUTED,NARROW_INT,31.16351784202,121.45399612349,5.3443,11.0316,WGS84,3.4948,4.6140,10.7188,"1793",1.000,1.000,51,42,37,36,00,00,77,37*d7599d15
#BESTPOSA,COM1,0,40.0,FINESTEERING,2436,290657.000,00000200,000e,10817;SOL_COMPUTED,NARROW_INT,31.16352023382,121.45400213584,5.3547,11.0316,WGS84,3.4948,4.6140,10.7188,"1793",1.000,1.000,51,42,36,36,00,00,77,37*5b8ee138
#BESTPOSA,COM1,0,47.5,FINESTEERING,2436,290658.000,00000200,000e,10817;SOL_COMPUTED,NARROW_INT,31.16352301392,121.45400883494,5.3512,11.0316,WGS84,3.4948,4.6140,10.7188,"1793",1.000,1.000,49,41,36,36,00,00,77,37*a9ac152b
#BESTPOSA,COM1,0,47.5,FINESTEERING,2436,290659.000,00000200,000e,10817;SOL_COMPUTED,NARROW_INT,31.16352542436,121.45401516481,5.3535,11.0316,WGS84,3.4948,4.6140,10.7188,"1793",1.000,1.000,49,41,36,36,00,00,77,37*84dd8ae6
#BESTPOSA,COM1,0,47.5,FINESTEERING,2436,290660.000,00000200,000e,10817;SOL_COMPUTED,NARROW_INT,31.16352786199,121.45402089493,5.3571,11.0316,WGS84,3.4948,4.6140,10.7188,"1793",1.000,1.000,49,41,36,36,00,00,77,37*c9e33c1e
#BESTPOSA,COM1,0,47.0,FINESTEERING,2436,290661.000,00000200,000e,10817;SOL_COMPUTED,NARROW_INT,31.16352978286,121.45402469404,5.3582,11.0316,WGS84,3.4948,4.6140,10.7188,"1793",1.000,1.000,49,41,36,36,00,00,77,37*976a2ad7
#BESTPOSA,COM1,0,47.0,FINESTEERING,2436,290662.000,00000200,000e,10817;SOL_COMPUTED,NARROW_INT,31.16353464463,121.45403344715,5.3451,11.0316,WGS84,3.4948,4.6140,10.7188,"1793",1.000,1.000,51,42,37,36,00,00,77,37*f687145d
#BESTPOSA,COM1,0,47.0,FINESTEERING,2436,290663.000,00000200,000e,10817;SOL_COMPUTED,NARROW_INT,31.16354098240,121.45404888739,5.3490,11.0316,WGS84,3.4948,4.6140,10.7188,"1793",1.000,1.000,51,42,37,36,00,00,77,37*b593d4da
#BESTPOSA,COM1,0,48.0,FINESTEERING,2436,290664.000,00000200,000e,10817;SOL_COMPUTED,NARROW_INT,31.16354703407,121.45406210628,5.3452,11.0316,WGS84,3.4948,4.6140,10.7188,"1793",1.000,1.000,51,42,37,36,00,00,77,37*32b8ec4a
#BESTPOSA,COM1,0,48.5,FINESTEERING,2436,290665.000,00000200,000e,10817;SOL_COMPUTED,NARROW_INT,31.16355324632,121.45407693787,5.3458,11.0316,WGS84,3.4948,4.6140,10.7188,"1793",1.000,1.000,51,42,36,36,00,00,77,37*90de7c21
#BESTPOSA,COM1,0,49.0,FINESTEERING,2436,290666.000,00000200,000e,10817;SOL_COMPUTED,NARROW_INT,31.16355945665,121.45409093972,5.3167,11.0316,WGS84,3.4948,4.6140,10.7188,"1793",1.000,1.000,51,42,36,36,00,00,77,37*adefd53f
#BESTPOSA,COM1,0,48.5,FINESTEERING,2436,290667.000,00000200,000e,10817;SOL_COMPUTED,NARROW_INT,31.16356625829,121.45410486104,5.3001,11.0316,WGS84,3.4948,4.6140,10.7188,"1793",1.000,1.000,51,42,37,35,00,00,77,37*cb2803fd
#BESTPOSA,COM1,0,48.5,FINESTEERING,2436,290668.000,00000200,000e,10817;SOL_COMPUTED,NARROW_INT,31.16357115283,121.45411487745,5.3023,11.0316,WGS84,3.4948,4.6140,10.7188,"1793",1.000,1.000,50,41,35,35,00,00,77,37*50aac83a
#BESTPOSA,COM1,0,49.0,FINESTEERING,2436,290669.000,00000200,000e,10817;SOL_COMPUTED,NARROW_INT,31.16357928844,121.45413331465,5.2850,11.0316,WGS84,3.4948,4.6140,10.7188,"1793",1.000,1.000,51,42,36,34,00,00,77,37*33eb89e0
#BESTPOSA,COM1,0,49.0,FINESTEERING,2436,290670.000,00000200,000e,10817;SOL_COMPUTED,NARROW_INT,31.16358703778,121.45415057656,5.2900,11.0316,WGS84,3.4948,4.6140,10.7188,"1793",1.000,1.000,51,42,36,36,00,00,77,37*169ee28b
#BESTPOSA,COM1,0,48.5,FINESTEERING,2436,290671.000,00000200,000e,10817;SOL_COMPUTED,NARROW_INT,31.16359379683,121.45416441392,5.2780,11.0316,WGS84,3.4948,4.6140,10.7188,"1793",1.000,1.000,50,41,35,35,00,00,77,37*eee7b90c
#BESTPOSA,COM1,0,49.0,FINESTEERING,2436,290672.000,00000200,000e,10817;SOL_COMPUTED,NARROW_INT,31.16360056706,121.45417895870,5.2947,11.0316,WGS84,3.4948,4.6140,10.7188,"1793",1.000,1.000,51,42,36,36,00,00,77,37*b258977f
#BESTPOSA,COM1,0,48.0,FINESTEERING,2436,290673.000,00000200,000e,10817;SOL_COMPUTED,NARROW_INT,31.16360662856,121.45419196628,5.3111,11.0316,WGS84,3.4948,4.6140,10.7188,"1793",1.000,1.000,51,43,35,35,00,00,77,37*ce99f4ab
#BESTPOSA,COM1,0,48.0,FINESTEERING,2436,290674.000,00000200,000e,10817;SOL_COMPUTED,NARROW_INT,31.16361167314,121.45420313833,5.2915,11.0316,WGS84,3.4948,4.6140,10.7188,"1793",1.000,1.000,51,43,37,37,00,00,77,37*76862257
#BESTPOSA,COM1,0,47.5,FINESTEERING,2436,290675.000,00000200,000e,10817;SOL_COMPUTED,NARROW_INT,31.16361613827,121.45421290749,5.2853,11.0316,WGS84,3.4948,4.6140,10.7188,"1793",1.000,1.000,52,43,37,37,00,00,77,37*d56f6bf5
#BESTPOSA,COM1,0,47.5,FINESTEERING,2436,290676.000,00000200,000e,10817;SOL_COMPUTED,NARROW_INT,31.16362054434,121.45422487252,5.3079,11.0316,WGS84,3.4948,4.6140,10.7188,"1793",1.000,1.000,52,43,37,36,00,00,77,37*917f5c31
#BESTPOSA,COM1,0,47.5,FINESTEERING,2436,290677.000,00000200,000e,10817;SOL_COMPUTED,NARROW_INT,31.16362376523,121.45423464593,5.3206,11.0316,WGS84,3.4948,4.6140,10.7188,"1793",1.000,1.000,52,43,37,36,00,00,77,37*66db8472
#BESTPOSA,COM1,0,48.0,FINESTEERING,2436,290678.000,00000200,000e,10817;SOL_COMPUTED,NARROW_INT,31.16362773850,121.45424737971,5.3498,11.0316,WGS84,3.4948,4.6140,10.7188,"1793",1.000,1.000,52,43,37,36,00,00,77,37*7f2582ce
#BESTPOSA,COM1,0,47.5,FINESTEERING,2436,290679.000,00000200,000e,10817;SOL_COMPUTED,NARROW_INT,31.16363171094,121.45426076286,5.3710,11.0316,WGS84,3.4948,4.6140,10.7188,"1793",1.000,1.000,51,42,37,37,00,00,77,37*bc4d7e4a
#BESTPOSA,COM1,0,47.5,FINESTEERING,2436,290680.000,00200200,000e,10817;SOL_COMPUTED,NARROW_INT,31.16363563718,121.45427343507,5.3964,11.0316,WGS84,3.4948,4.6140,10.7188,"1793",1.000,1.000,51,42,37,36,00,00,77,37*dd023ecb
#BESTPOSA,COM1,0,47.0,FINESTEERING,2436,290681.000,00000200,000e,10817;SOL_COMPUTED,NARROW_INT,31.16363865210,121.45428324864,5.4147,11.0316,WGS84,3.4948,4.6140,10.7188,"1793",1.000,1.000,51,42,37,37,00,00,77,37*7957d572
#BESTPOSA,COM1,0,46.5,FINESTEERING,2436,290682.000,00000200,000e,10817;SOL_COMPUTED,NARROW_INT,31.16364223984,121.45429450559,5.4223,11.0316,WGS84,3.4948,4.6140,10.7188,"1793",1.000,1.000,51,42,38,36,00,00,77,37*9065f21a
#BESTPOSA,COM1,0,47.0,FINESTEERING,2436,290683.000,00000200,000e,10817;SOL_COMPUTED,NARROW_INT,31.16364522430,121.45430341916,5.4331,11.0316,WGS84,3.4948,4.6140,10.7188,"1793",1.000,1.000,52,43,38,38,00,00,77,37*b3b7bdde
#BESTPOSA,COM1,0,48.0,FINESTEERING,2436,290684.000,00000200,000e,10817;SOL_COMPUTED,NARROW_INT,31.16365005931,121.45431659373,5.4366,11.0316,WGS84,3.4948,4.6140,10.7188,"1793",1.000,1.000,52,43,38,38,00,00,77,37*1235cbb8
#BESTPOSA,COM1,0,46.5,FINESTEERING,2436,290685.000,00000200,000e,10817;SOL_COMPUTED,NARROW_INT,31.16365467559,121.45432753073,5.4288,11.0335,WGS84,3.4948,4.6140,10.7188,"1793",1.000,1.000,52,43,38,38,00,00,77,37*190d9446
#BESTPOSA,COM1,0,46.5,FINESTEERING,2436,290686.000,00000200,000e,10817;SOL_COMPUTED,NARROW_INT,31.16365907345,121.45433683965,5.4231,11.0335,WGS84,3.4948,4.6140,10.7188,"1793",1.000,1.000,52,43,39,38,00,00,77,37*485bcd2c
#BESTPOSA,COM1,0,47.0,FINESTEERING,2436,290687.000,00000200,000e,10817;SOL_COMPUTED,NARROW_INT,31.16366400978,121.45434744250,5.4151,11.0335,WGS84,3.4948,4.6140,10.7188,"1793",1.000,1.000,52,43,39,39,00,00,77,37*a15eb8b6
#BESTPOSA,COM1,0,47.0,FINESTEERING,2436,290688.000,00000200,000e,10817;SOL_COMPUTED,NARROW_INT,31.16366987255,121.45435989729,5.4006,11.0335,WGS84,3.4948,4.6140,10.7188,"1793",1.000,1.000,52,43,39,39,00,00,77,37*691957e7
#BESTPOSA,COM1,0,47.5,FINESTEERING,2436,290689.000,00000200,000e,10817;SOL_COMPUTED,NARROW_INT,31.16367442141,121.45437086489,5.3874,11.0335,WGS84,3.4948,4.6140,10.7188,"1793",1.000,1.000,52,43,39,38,00,00,77,37*9abb48fe
#BESTPOSA,COM1,0,48.0,FINESTEERING,2436,290690.000,00000200,000e,10817;SOL_COMPUTED,NARROW_INT,31.16368009357,121.45438491925,5.3832,11.0335,WGS84,3.4948,4.6140,10.7188,"1793",1.000,1.000,52,43,38,38,00,00,77,37*168ff088
#BESTPOSA,COM1,0,47.5,FINESTEERING,2436,290691.000,00000200,000e,10817;SOL_COMPUTED,NARROW_INT,31.16368677059,121.45439839084,5.3788,11.0335,WGS84,3.4948,4.6140,10.7188,"1793",1.000,1.000,52,43,38,37,00,00,77,37*f17323a0
#BESTPOSA,COM1,0,47.5,FINESTEERING,2436,290692.000,00000200,000e,10817;SOL_COMPUTED,NARROW_INT,31.16369269045,121.45440880226,5.3571,11.0335,WGS84,3.4948,4.6140,10.7188,"1793",1.000,1.000,52,43,38,37,00,00,77,37*608e7d35
#BESTPOSA,COM1,0,47.0,FINESTEERING,2436,290693.000,00000200,000e,10817;SOL_COMPUTED,NARROW_INT,31.16369547911,121.45441429367,5.3418,11.0335,WGS84,3.4948,4.6140,10.7188,"1793",1.000,1.000,52,43,39,38,00,00,77,37*0e2e3d21
#BESTPOSA,COM1,0,47.5,FINESTEERING,2436,290694.000,00000200,000e,10817;SOL_COMPUTED,NARROW_INT,31.16369669674,121.45442299645,5.3130,11.0335,WGS84,3.4948,4.6140,10.7188,"1793",1.000,1.000,52,43,39,37,00,00,77,37*cee52fd5
#BESTPOSA,COM1,0,47.5,FINESTEERING,2436,290695.000,00000200,000e,10817;SOL_COMPUTED,NARROW_INT,31.16369602044,121.45443135414,5.2404,11.0335,WGS84,3.4948,4.6140,10.7188,"1793",1.000,1.000,52,43,39,38,00,00,77,37*796f7459
#BESTPOSA,COM1,0,47.0,FINESTEERING,2436,290696.000,00000200,000e,10817;SOL_COMPUTED,NARROW_INT,31.16369367038,121.45443930899,5.1812,11.0335,WGS84,3.4948,4.6140,10.7188,"1793",1.000,1.000,53,43,39,39,00,00,77,37*d781824e
#BESTPOSA,COM1,0,46.5,FINESTEERING,2436,290697.000,00000200,000e,10817;SOL_COMPUTED,NARROW_INT,31.16368351693,121.45444673143,5.1767,11.0335,WGS84,3.4948,4.6140,10.7188,"1793",1.000,1.000,54,44,40,39,00,00,77,37*4ae2a4a1
#BESTPOSA,COM1,0,47.0,FINESTEERING,2436,290698.000,00000200,000e,10817;SOL_COMPUTED,NARROW_INT,31.16366789270,121.45445129415,5.2438,11.0335,WGS84,3.4948,4.6140,10.7188,"1793",1.000,1.000,53,44,40,38,00,00,77,37*0519b553
#BESTPOSA,COM1,0,46.5,FINESTEERING,2436,290699.000,00000200,000e,10817;SOL_COMPUTED,NARROW_INT,31.16364875666,121.45445407556,5.2506,11.0335,WGS84,3.4948,4.6140,10.7188,"1793",1.000,1.000,53,44,40,38,00,00,77,37*82ece055
#BESTPOSA,COM1,0,47.0,FINESTEERING,2436,290700.000,00000200,000e,10817;SOL_COMPUTED,NARROW_INT,31.16362674525,121.45445740567,5.2949,11.0335,WGS84,3.4948,4.6140,10.7188,"1793",1.000,1.000,52,43,39,38,00,00,77,37*cde7bb3b
#BESTPOSA,COM1,0,47.5,FINESTEERING,2436,290701.000,00000200,000e,10817;SOL_COMPUTED,NARROW_INT,31.16360675620,121.45446093324,5.3506,11.0335,WGS84,3.4948,4.6140,10.7188,"1793",1.000,1.000,52,43,39,38,00,00,77,37*631209cc
#BESTPOSA,COM1,0,47.5,FINESTEERING,2436,290702.000,00000200,000e,10817;SOL_COMPUTED,NARROW_INT,31.16358953044,121.45446499663,5.3672,11.0335,WGS84,3.4948,4.6140,10.7188,"1793",1.000,1.000,53,44,40,38,00,00,77,37*1f2c12b2
#BESTPOSA,COM1,0,47.0,FINESTEERING,2436,290703.000,00000200,000e,10817;SOL_COMPUTED,NARROW_INT,31.16357362042,121.45447256734,5.3971,11.0335,WGS84,3.4948,4.6140,10.7188,"1793",1.000,1.000,54,44,40,37,00,00,77,37*9d631c81
#BESTPOSA,COM1,0,46.0,FINESTEERING,2436,290704.000,00000200,000e,10817;SOL_COMPUTED,NARROW_INT,31.16356006577,121.45448126021,5.4171,11.0335,WGS84,3.4948,4.6140,10.7188,"1793",1.000,1.000,54,44,40,38,00,00,77,37*7ab01417
#BESTPOSA,COM1,0,46.0,FINESTEERING,2436,290705.000,00000200,000e,10817;SOL_COMPUTED,NARROW_INT,31.16354766012,121.45449051390,5.4544,11.0335,WGS84,3.4948,4.6140,10.7188,"1793",1.000,1.000,54,45,41,39,00,00,77,37*093e00ce
#BESTPOSA,COM1,0,43.5,FINESTEERING,2436,290706.000,00000200,000e,10817;SOL_COMPUTED,NARROW_INT,31.16354215199,121.45449424873,5.4747,11.0335,WGS84,3.4948,4.6140,10.7188,"1793",1.000,1.000,54,45,41,39,00,00,77,37*d0627df4
#BESTPOSA,COM1,0,46.0,FINESTEERING,2436,290707.000,00000200,000e,10817;SOL_COMPUTED,NARROW_INT,31.16353310381,121.45449924893,5.4926,11.0335,WGS84,3.4948,4.6140,10.7188,"1793",1.000,1.000,54,45,41,39,00,00,77,37*64ee8b75
#BESTPOSA,COM1,0,46.0,FINESTEERING,2436,290708.000,00000200,000e,10817;SOL_COMPUTED,NARROW_INT,31.16352153319,121.45450229059,5.5113,11.0335,WGS84,3.4948,4.6140,10.7188,"1793",1.000,1.000,54,45,41,39,00,00,77,37*23eb84f2
#BESTPOSA,COM1,0,45.5,FINESTEERING,2436,290709.000,00000200,000e,10817;SOL_COMPUTED,NARROW_INT,31.16351151337,121.45450417317,5.5363,11.0335,WGS84,3.4948,4.6140,10.7188,"1793",1.000,1.000,54,45,41,39,00,00,77,37*50f7818b
#BESTPOSA,COM1,0,46.0,FINESTEERING,2436,290710.000,00000200,000e,10817;SOL_COMPUTED,NARROW_INT,31.16350031995,121.45450696103,5.5433,11.0335,WGS84,3.4948,4.6140,10.7188,"1793",1.000,1.000,54,45,41,39,00,00,77,37*fc2d70d0
#BESTPOSA,COM1,0,47.5,FINESTEERING,2436,290711.000,00000200,000e,10817;SOL_COMPUTED,NARROW_INT,31.16349044880,121.45450894343,5.5327,11.0335,WGS84,3.4948,4.6140,10.7188,"1793",1.000,1.000,54,45,41,40,00,00,77,37*75bf3d74
#BESTPOSA,COM1,0,47.0,FINESTEERING,2436,290712.000,00000200,000e,10817;SOL_COMPUTED,NARROW_INT,31.16347534965,121.45451203012,5.4599,11.0335,WGS84,3.4948,4.6140,10.7188,"1793",1.000,1.000,54,45,41,40,00,00,77,37*2fd66e92
#BESTPOSA,COM1,0,47.0,FINESTEERING,2436,290713.000,00000200,000e,10817;SOL_COMPUTED,NARROW_INT,31.16346427361,121.45451441085,5.4444,11.0335,WGS84,3.4948,4.6140,10.7188,"1793",1.000,1.000,54,45,41,40,00,00,77,37*f651c6eb
#BESTPOSA,COM1,0,47.0,FINESTEERING,2436,290714.000,00000200,000e,10817;SOL_COMPUTED,NARROW_INT,31.16345014286,121.45452013948,5.3941,11.0335,WGS84,3.4948,4.6140,10.7188,"1793",1.000,1.000,54,45,41,40,00,00,77,37*4c02c989
#BESTPOSA,COM1,0,48.0,FINESTEERING,2436,290715.000,00000200,000e,10817;SOL_COMPUTED,NARROW_INT,31.16343632258,121.45452630039,5.3773,11.0335,WGS84,3.4948,4.6140,10.7188,"1793",1.000,1.000,54,45,41,40,00,00,77,37*02aa5fd1
#BESTPOSA,COM1,0,48.0,FINESTEERING,2436,290716.000,00000200,000e,10817;SOL_COMPUTED,NARROW_INT,31.16342371668,121.45453206999,5.3649,11.0335,WGS84,3.4948,4.6140,10.7188,"1793",1.000,1.000,54,45,41,40,00,00,77,37*d0007d75
#BESTPOSA,COM1,0,47.5,FINESTEERING,2436,290717.000,00000200,000e,10817;SOL_COMPUTED,NARROW_INT,31.16342389517,121.45453207190,5.3634,11.0335,WGS84,3.4948,4.6140,10.7188,"1793",1.000,1.000,53,44,40,40,00,00,77,37*ef633c23
#BESTPOSA,COM1,0,47.5,FINESTEERING,2436,290718.000,00000200,000e,10817;SOL_COMPUTED,NARROW_INT,31.16342392086,121.45453203042,5.3639,11.0335,WGS84,3.4948,4.6140,10.7188,"1793",1.000,1.000,54,44,40,40,00,00,77,37*2208a7c8
#BESTPOSA,COM1,0,47.5,FINESTEERING,2436,290719.000,00200200,000e,10817;SOL_COMPUTED,NARROW_INT,31.16342394017,121.45453204311,5.3676,11.0335,WGS84,3.4948,4.6140,10.7188,"1793",1.000,1.000,54,44,40,40,00,00,77,37*d167be22
#BESTPOSA,COM1,0,48.0,FINESTEERING,2436,290720.000,00000200,000e,10817;SOL_COMPUTED,NARROW_INT,31.16342389329,121.45453205627,5.3682,11.0335,WGS84,3.4948,4.6140,10.7188,"1793",1.000,1.000,54,44,40,40,00,00,77,37*4819e5e2
#BESTPOSA,COM1,0,48.5,FINESTEERING,2436,290721.000,00000200,000e,10817;SOL_COMPUTED,NARROW_INT,31.16341582531,121.45453435850,5.3826,11.0335,WGS84,3.4948,4.6140,10.7188,"1793",1.000,1.000,54,44,40,40,00,00,77,37*6e6bbaa4
#BESTPOSA,COM1,0,48.5,FINESTEERING,2436,290722.000,00000200,000e,10817;SOL_COMPUTED,NARROW_INT,31.16340598732,121.45453581785,5.3589,11.0335,WGS84,3.4948,4.6140,10.7188,"1793",1.000,1.000,54,44,40,40,00,00,77,37*228ba9a6
#BESTPOSA,COM1,0,48.5,FINESTEERING,2436,290723.000,00000200,000e,10817;SOL_COMPUTED,NARROW_INT,31.16339623060,121.45453714064,5.3444,11.0335,WGS84,3.4948,4.6140,10.7188,"1793",1.000,1.000,54,44,40,40,00,00,77,37*d7891b0e
#BESTPOSA,COM1,0,48.0,FINESTEERING,2436,290724.000,00000200,000e,10817;SOL_COMPUTED,NARROW_INT,31.16338658452,121.45453857312,5.3306,11.0335,WGS84,3.4948,4.6140,10.7188,"1793",1.000,1.000,54,44,40,40,00,00,77,37*de92414c
#BESTPOSA,COM1,0,48.0,FINESTEERING,2436,290725.000,00000200,000e,10817;SOL_COMPUTED,NARROW_INT,31.16337643515,121.45454040246,5.3134,11.0335,WGS84,3.4948,4.6140,10.7188,"1793",1.000,1.000,54,44,40,40,00,00,77,37*29c6cdd9
#BESTPOSA,COM1,0,48.0,FINESTEERING,2436,290726.000,00000200,000e,10817;SOL_COMPUTED,NARROW_INT,31.16336621346,121.45454294309,5.2763,11.0335,WGS84,3.4948,4.6140,10.7188,"1793",1.000,1.000,53,44,40,40,00,00,77,37*f3d2625d
#BESTPOSA,COM1,0,49.0,FINESTEERING,2436,290727.000,00000200,000e,10817;SOL_COMPUTED,NARROW_INT,31.16335671245,121.45454614860,5.2694,11.0335,WGS84,3.4948,4.6140,10.7188,"1793",2.000,2.000,53,44,40,40,00,00,77,37*07027021
#BESTPOSA,COM1,0,56.0,FINESTEERING,2436,290728.000,00000200,000e,10817;SOL_COMPUTED,NARROW_INT,31.16334591549,121.45455040624,5.2550,11.0335,WGS84,3.4948,4.6140,10.7188,"1793",1.000,1.000,54,44,40,40,00,00,77,37*ca3cf0b8
#BESTPOSA,COM1,0,40.5,FINESTEERING,2436,290729.000,00000200,000e,10817;SOL_COMPUTED,NARROW_INT,31.16333560530,121.45455463983,5.2481,11.0335,WGS84,3.4948,4.6140,10.7188,"1793",1.000,1.000,53,44,40,40,00,00,77,37*a60d44f7
#BESTPOSA,COM1,0,48.0,FINESTEERING,2436,290730.000,00000200,000e,10817;SOL_COMPUTED,NARROW_INT,31.16332508992,121.45455923419,5.2418,11.0335,WGS84,3.4948,4.6140,10.7188,"1793",2.000,2.000,52,44,40,40,00,00,77,37*c8358314
#BESTPOSA,COM1,0,56.0,FINESTEERING,2436,290731.000,00000200,000e,10817;SOL_COMPUTED,NARROW_INT,31.16331499207,121.45456260171,5.2327,11.0335,WGS84,3.4948,4.6140,10.7188,"1793",1.000,1.000,52,44,40,40,00,00,77,37*6c343174
#BESTPOSA,COM1,0,41.0,FINESTEERING,2436,290732.000,00000200,000e,10817;SOL_COMPUTED,NARROW_INT,31.16330352365,121.45456339439,5.1728,11.0335,WGS84,3.4948,4.6140,10.7188,"1793",1.000,1.000,52,44,40,40,00,00,77,37*e44d9a60
#BESTPOSA,COM1,0,47.5,FINESTEERING,2436,290733.000,00000200,000e,10817;SOL_COMPUTED,NARROW_INT,31.16329365718,121.45455837965,5.2517,11.0335,WGS84,3.4948,4.6140,10.7188,"1793",1.000,1.000,53,44,40,40,00,00,77,37*86f807f7
#BESTPOSA,COM1,0,49.5,FINESTEERING,2436,290734.000,00000200,000e,10817;SOL_COMPUTED,NARROW_INT,31.16328511202,121.45454943728,5.3324,11.0335,WGS84,3.4948,4.6140,10.7188,"1793",1.000,1.000,52,44,40,40,00,00,77,37*4c924a75
#BESTPOSA,COM1,0,46.0,FINESTEERING,2436,290735.000,00000200,000e,10817;SOL_COMPUTED,NARROW_INT,31.16328055024,121.45454465791,5.3479,11.0335,WGS84,3.4948,4.6140,10.7188,"1793",1.000,1.000,53,44,40,40,00,00,77,37*394a7b8f
#BESTPOSA,COM1,0,48.5,FINESTEERING,2436,290736.000,00000200,000e,10817;SOL_COMPUTED,NARROW_INT,31.16327142964,121.45453512122,5.3879,11.0335,WGS84,3.4948,4.6140,10.7188,"1793",1.000,1.000,53,44,40,40,00,00,77,37*cb1e1641
#BESTPOSA,COM1,0,48.0,FINESTEERING,2436,290737.000,00000200,000e,10817;SOL_COMPUTED,NARROW_INT,31.16326282937,121.45452457920,5.3997,11.0335,WGS84,3.4948,4.6140,10.7188,"1793",1.000,1.000,53,44,40,40,00,00,77,37*29f0c755
#BESTPOSA,COM1,0,47.0,FINESTEERING,2436,290738.000,00000200,000e,10817;SOL_COMPUTED,NARROW_INT,31.16325463803,121.45451292568,5.4144,11.0335,WGS84,3.4948,4.6140,10.7188,"1793",1.000,1.000,53,44,40,40,00,00,77,37*b1e3815f
#BESTPOSA,COM1,0,47.0,FINESTEERING,2436,290739.000,00000200,000e,10817;SOL_COMPUTED,NARROW_INT,31.16324767467,121.45449897145,5.4105,11.0335,WGS84,3.4948,4.6140,10.7188,"1793",1.000,1.000,52,44,40,40,00,00,77,37*31a678c4
#BESTPOSA,COM1,0,48.5,FINESTEERING,2436,290740.000,00000200,000e,10817;SOL_COMPUTED,NARROW_INT,31.16324114934,121.45448650812,5.4199,11.0335,WGS84,3.4948,4.6140,10.7188,"1793",1.000,1.000,53,44,40,40,00,00,77,37*b5523cbe
#BESTPOSA,COM1,0,46.5,FINESTEERING,2436,290741.000,00000200,000e,10817;SOL_COMPUTED,NARROW_INT,31.16323479635,121.45447375867,5.4307,11.0335,WGS84,3.4948,4.6140,10.7188,"1793",1.000,1.000,53,44,39,39,00,00,77,37*141dc1ad
#BESTPOSA,COM1,0,48.0,FINESTEERING,2436,290742.000,00000200,000e,10817;SOL_COMPUTED,NARROW_INT,31.16322945439,121.45446322553,5.4473,11.0335,WGS84,3.4948,4.6140,10.7188,"1793",2.000,2.000,51,43,38,39,00,00,77,37*78105626
#BESTPOSA,COM1,0,54.5,FINESTEERING,2436,290743.000,00000200,000e,10817;SOL_COMPUTED,NARROW_INT,31.16322470914,121.45445038429,5.4397,11.0335,WGS84,3.4948,4.6140,10.7188,"1793",1.000,1.000,52,44,39,40,00,00,77,37*10a31870
#BESTPOSA,COM1,0,40.0,FINESTEERING,2436,290744.000,00000200,000e,10817;SOL_COMPUTED,NARROW_INT,31.16321926736,121.45443755667,5.4421,11.0335,WGS84,3.4948,4.6140,10.7188,"1793",1.000,1.000,54,45,40,39,00,00,77,37*60912133
#BESTPOSA,COM1,0,47.0,FINESTEERING,2436,290745.000,00200200,000e,10817;SOL_COMPUTED,NARROW_INT,31.16321394021,121.45442523282,5.4470,11.0335,WGS84,3.4948,4.6140,10.7188,"1793",1.000,1.000,54,45,40,39,00,00,77,37*73d1d923
#BESTPOSA,COM1,0,47.5,FINESTEERING,2436,290746.000,00000200,000e,10817;SOL_COMPUTED,NARROW_INT,31.16320899622,121.45441550243,5.4598,11.0335,WGS84,3.4948,4.6140,10.7188,"1793",1.000,1.000,54,45,40,39,00,00,77,37*bb5b01e3
#BESTPOSA,COM1,0,47.5,FINESTEERING,2436,290747.000,00000200,000e,10817;SOL_COMPUTED,NARROW_INT,31.16320284392,121.45440321373,5.4582,11.0335,WGS84,3.4948,4.6140,10.7188,"1793",2.000,2.000,54,45,41,40,00,00,77,37*8d715f4b
#BESTPOSA,COM1,0,55.0,FINESTEERING,2436,290748.000,00000200,000e,10817;SOL_COMPUTED,NARROW_INT,31.16319926665,121.45439519796,5.4495,11.0335,WGS84,3.4948,4.6140,10.7188,"1793",1.000,1.000,53,45,41,39,00,00,77,37*fa6f699d
#BESTPOSA,COM1,0,40.0,FINESTEERING,2436,290749.000,00000200,000e,10817;SOL_COMPUTED,NARROW_INT,31.16319540165,121.45438682075,5.4539,11.0335,WGS84,3.4948,4.6140,10.7188,"1793",1.000,1.000,53,45,41,39,00,00,77,37*e736222e
#BESTPOSA,COM1,0,48.0,FINESTEERING,2436,290750.000,00000200,000e,10817;SOL_COMPUTED,NARROW_INT,31.16319312923,121.45438218934,5.4531,11.0335,WGS84,3.4948,4.6140,10.7188,"1793",1.000,1.000,53,45,41,39,00,00,77,37*b8ad2982
#BESTPOSA,COM1,0,47.5,FINESTEERING,2436,290751.000,00000200,000e,10817;SOL_COMPUTED,NARROW_INT,31.16318938861,121.45437370302,5.4741,11.0335,WGS84,3.4948,4.6140,10.7188,"1793",1.000,1.000,54,45,40,38,00,00,77,37*37bbe746
#BESTPOSA,COM1,0,47.5,FINESTEERING,2436,290752.000,00000200,000e,10817;SOL_COMPUTED,NARROW_INT,31.16318434909,121.45436041653,5.4875,11.0335,WGS84,3.4948,4.6140,10.7188,"1793",1.000,1.000,53,45,40,39,00,00,77,37*ea548c0c
#BESTPOSA,COM1,0,48.0,FINESTEERING,2436,290753.000,00000200,000e,10817;SOL_COMPUTED,NARROW_INT,31.16317983115,121.45434752031,5.4969,11.0335,WGS84,3.4948,4.6140,10.7188,"1793",1.000,1.000,53,45,40,39,00,00,77,37*2e43ad6a
#BESTPOSA,COM1,0,48.0,FINESTEERING,2436,290754.000,00000200,000e,10817;SOL_COMPUTED,NARROW_INT,31.16317603522,121.45433501673,5.4929,11.0335,WGS84,3.4948,4.6140,10.7188,"1793",1.000,1.000,54,45,41,40,00,00,77,37*e318dadd
#BESTPOSA,COM1,0,47.5,FINESTEERING,2436,290755.000,00000200,000e,10817;SOL_COMPUTED,NARROW_INT,31.16317221918,121.45432604829,5.4873,11.0335,WGS84,3.4948,4.6140,10.7188,"1793",1.000,1.000,54,45,40,39,00,00,77,37*675e5077
#BESTPOSA,COM1,0,47.0,FINESTEERING,2436,290756.000,00000200,000e,10817;SOL_COMPUTED,NARROW_INT,31.16316709185,121.45431443532,5.5012,11.0335,WGS84,3.4948,4.6140,10.7188,"1793",1.000,1.000,53,44,40,39,00,00,77,37*bb14184f
#BESTPOSA,COM1,0,46.5,FINESTEERING,2436,290757.000,00000200,000e,10817;SOL_COMPUTED,NARROW_INT,31.16316109818,121.45430109859,5.5023,11.0335,WGS84,3.4948,4.6140,10.7188,"1793",1.000,1.000,52,44,39,39,00,00,77,37*372e9274
#BESTPOSA,COM1,0,46.0,FINESTEERING,2436,290758.000,00000200,000e,10817;SOL_COMPUTED,NARROW_INT,31.16315463899,121.45428705099,5.5170,11.0335,WGS84,3.4948,4.6140,10.7188,"1793",1.000,1.000,52,44,38,38,00,00,77,37*b609aef6
#BESTPOSA,COM1,0,46.5,FINESTEERING,2436,290759.000,00000200,000e,10817;SOL_COMPUTED,NARROW_INT,31.16314842111,121.45427329796,5.5087,11.0335,WGS84,3.4948,4.6140,10.7188,"1793",1.000,1.000,52,44,38,38,00,00,77,37*1bd026b1
#BESTPOSA,COM1,0,45.5,FINESTEERING,2436,290760.000,00000200,000e,10817;SOL_COMPUTED,NARROW_INT,31.16314318998,121.45426126533,5.4862,11.0335,WGS84,3.4948,4.6140,10.7188,"1793",1.000,1.000,52,44,39,39,00,00,77,37*eee6a9ac
#BESTPOSA,COM1,0,46.0,FINESTEERING,2436,290761.000,00000200,000e,10817;SOL_COMPUTED,NARROW_INT,31.16313695313,121.45424795002,5.5048,11.0335,WGS84,3.4948,4.6140,10.7188,"1793",1.000,1.000,52,44,38,37,00,00,77,37*21863f6a
#BESTPOSA,COM1,0,48.5,FINESTEERING,2436,290762.000,00000200,000e,10817;SOL_COMPUTED,NARROW_INT,31.16313121727,121.45423419432,5.4976,11.0335,WGS84,3.4948,4.6140,10.7188,"1793",1.000,1.000,52,44,38,37,00,00,77,37*d299645a
#BESTPOSA,COM1,0,41.5,FINESTEERING,2436,290763.000,00000200,000e,10817;SOL_COMPUTED,NARROW_INT,31.16312520397,121.45422047191,5.5103,11.0335,WGS84,3.4948,4.6140,10.7188,"1793",1.000,1.000,52,44,39,39,00,00,77,37*9e202e2a
#BESTPOSA,COM1,0,45.0,FINESTEERING,2436,290764.000,00000200,000e,10817;SOL_COMPUTED,NARROW_INT,31.16311972607,121.45420830710,5.5199,11.0335,WGS84,3.4948,4.6140,10.7188,"1793",1.000,1.000,53,44,39,39,00,00,77,37*aea5089f
#BESTPOSA,COM1,0,44.0,FINESTEERING,2436,290765.000,00000200,000e,10817;SOL_COMPUTED,NARROW_INT,31.16311394482,121.45419522246,5.5339,11.0335,WGS84,3.4948,4.6140,10.7188,"1793",1.000,1.000,53,44,39,39,00,00,77,37*f519bedc
#BESTPOSA,COM1,0,45.0,FINESTEERING,2436,290766.000,00000200,000e,10817;SOL_COMPUTED,NARROW_INT,31.16310851677,121.45418230823,5.5287,11.0335,WGS84,3.4948,4.6140,10.7188,"1793",1.000,1.000,52,43,38,38,00,00,77,37*e91ae09b
#BESTPOSA,COM1,0,45.0,FINESTEERING,2436,290767.000,00000200,000e,10817;SOL_COMPUTED,NARROW_INT,31.16310377376,121.45417095703,5.5438,11.0335,WGS84,3.4948,4.6140,10.7188,"1793",1.000,1.000,51,43,38,38,00,00,77,37*c18ddfdf
#BESTPOSA,COM1,0,44.5,FINESTEERING,2436,290768.000,00000200,000e,10817;SOL_COMPUTED,NARROW_INT,31.16309879060,121.45415933983,5.5572,11.0335,WGS84,3.4948,4.6140,10.7188,"1793",1.000,1.000,51,43,39,39,00,00,77,37*a4eab3ad
#BESTPOSA,COM1,0,45.0,FINESTEERING,2436,290769.000,00000200,000e,10817;SOL_COMPUTED,NARROW_INT,31.16309210970,121.45414599496,5.5828,11.0335,WGS84,3.4948,4.6140,10.7188,"1793",1.000,1.000,51,43,39,38,00,00,77,37*6475b8dc
#BESTPOSA,COM1,0,45.0,FINESTEERING,2436,290770.000,00000200,000e,10817;SOL_COMPUTED,NARROW_INT,31.16308542191,121.45413297317,5.5722,11.0335,WGS84,3.4948,4.6140,10.7188,"1793",1.000,1.000,51,43,39,38,00,00,77,37*f7cb73c5
#BESTPOSA,COM1,0,44.5,FINESTEERING,2436,290771.000,00000200,000e,10817;SOL_COMPUTED,NARROW_INT,31.16307948755,121.45412224860,5.6064,11.0335,WGS84,3.4948,4.6140,10.7188,"1793",1.000,1.000,52,44,40,38,00,00,77,37*5b212bc5
#BESTPOSA,COM1,0,44.5,FINESTEERING,2436,290772.000,00000200,000e,10817;SOL_COMPUTED,NARROW_INT,31.16307366590,121.45411118663,5.6228,11.0335,WGS84,3.4948,4.6140,10.7188,"1793",1.000,1.000,51,43,39,38,00,00,77,37*b11ba058
#BESTPOSA,COM1,0,45.0,FINESTEERING,2436,290773.000,00000200,000e,10817;SOL_COMPUTED,NARROW_INT,31.16306873805,121.45410121949,5.6383,11.0335,WGS84,3.4948,4.6140,10.7188,"1793",1.000,1.000,52,44,40,38,00,00,77,37*127742f0
#BESTPOSA,COM1,0,47.0,FINESTEERING,2436,290774.000,00000200,000e,10817;SOL_COMPUTED,NARROW_INT,31.16306362060,121.45409052202,5.6438,11.0335,WGS84,3.4948,4.6140,10.7188,"1793",1.000,1.000,52,44,40,38,00,00,77,37*01a3db0c
#BESTPOSA,COM1,0,45.5,FINESTEERING,2436,290775.000,00000200,000e,10817;SOL_COMPUTED,NARROW_INT,31.16305790854,121.45407880834,5.6504,11.0335,WGS84,3.4948,4.6140,10.7188,"1793",1.000,1.000,53,44,39,37,00,00,77,37*70b2e090
#BESTPOSA,COM1,0,44.0,FINESTEERING,2436,290776.000,00000200,000e,10817;SOL_COMPUTED,NARROW_INT,31.16305143670,121.45406288520,5.6473,11.0335,WGS84,3.4948,4.6140,10.7188,"1793",1.000,1.000,53,44,39,37,00,00,77,37*18b5eff2
#BESTPOSA,COM1,0,43.5,FINESTEERING,2436,290777.000,00000200,000e,10817;SOL_COMPUTED,NARROW_INT,31.16304710825,121.45405096254,5.6966,11.0335,WGS84,3.4948,4.6140,10.7188,"1793",1.000,1.000,54,45,40,37,00,00,77,37*6f8b448c
#BESTPOSA,COM1,0,44.0,FINESTEERING,2436,290778.000,00000200,000e,10817;SOL_COMPUTED,NARROW_INT,31.16304598320,121.45404853755,5.6792,11.0335,WGS84,3.4948,4.6140,10.7188,"1793",1.000,1.000,53,44,39,38,00,00,77,37*3b8827d7
#BESTPOSA,COM1,0,44.5,FINESTEERING,2436,290779.000,00000200,000e,10817;SOL_COMPUTED,NARROW_INT,31.16304606021,121.45404858634,5.6668,11.0335,WGS84,3.4948,4.6140,10.7188,"1793",1.000,1.000,54,45,40,38,00,00,77,37*c6c32523
#BESTPOSA,COM1,0,47.5,FINESTEERING,2436,290780.000,00000200,000e,10817;SOL_COMPUTED,NARROW_INT,31.16304608599,121.45404858725,5.6647,11.0335,WGS84,3.4948,4.6140,10.7188,"1793",1.000,1.000,54,45,40,38,00,00,77,37*50a9d32d
#BESTPOSA,COM1,0,45.0,FINESTEERING,2436,290781.000,00000200,000e,10817;SOL_COMPUTED,NARROW_INT,31.16304606376,121.45404861864,5.6627,11.0335,WGS84,3.4948,4.6140,10.7188,"1793",1.000,1.000,54,45,41,39,00,00,77,37*45c80cdf
#BESTPOSA,COM1,0,47.5,FINESTEERING,2436,290782.000,00000200,000e,10817;SOL_COMPUTED,NARROW_INT,31.16304603467,121.45404862625,5.6685,11.0335,WGS84,3.4948,4.6140,10.7188,"1793",1.000,1.000,53,44,40,39,00,00,77,37*30eaaf1c
#BESTPOSA,COM1,0,47.5,FINESTEERING,2436,290783.000,00000200,000e,10817;SOL_COMPUTED,NARROW_INT,31.16304603248,121.45404860795,5.6655,11.0335,WGS84,3.4948,4.6140,10.7188,"1793",1.000,1.000,53,44,40,39,00,00,77,37*5bfb4fd8
#BESTPOSA,COM1,0,48.0,FINESTEERING,2436,290784.000,00000200,000e,10817;SOL_COMPUTED,NARROW_INT,31.16304603812,121.45404862354,5.6700,11.0335,WGS84,3.4948,4.6140,10.7188,"1793",1.000,1.000,54,45,40,39,00,00,77,37*08e63533
#BESTPOSA,COM1,0,47.5,FINESTEERING,2436,290785.000,00000200,000e,10817;SOL_COMPUTED,NARROW_INT,31.16304341673,121.45404275942,5.6675,11.0335,WGS84,3.4948,4.6140,10.7188,"1793",1.000,1.000,54,45,40,39,00,00,77,37*464211c2
#BESTPOSA,COM1,0,44.0,FINESTEERING,2436,290786.000,00000200,000e,10817;SOL_COMPUTED,NARROW_INT,31.16303700370,121.45402878422,5.7045,11.0335,WGS84,3.4948,4.6140,10.7188,"1793",1.000,1.000,54,45,41,40,00,00,77,37*f2dc534b
#BESTPOSA,COM1,0,45.5,FINESTEERING,2436,290787.000,00000200,000e,10817;SOL_COMPUTED,NARROW_INT,31.16303094693,121.45401484079,5.7486,11.0335,WGS84,3.4948,4.6140,10.7188,"1793",1.000,1.000,54,45,41,40,00,00,77,37*1531ae3c
#BESTPOSA,COM1,0,42.0,FINESTEERING,2436,290788.000,00000200,000e,10817;SOL_COMPUTED,NARROW_INT,31.16302787499,121.45400816153,5.7959,11.0335,WGS84,3.4948,4.6140,10.7188,"1793",1.000,1.000,54,45,40,38,00,00,77,37*87872d38
#BESTPOSA,COM1,0,44.5,FINESTEERING,2436,290789.000,00000200,000e,10817;SOL_COMPUTED,NARROW_INT,31.16301928083,121.45398905897,5.8219,11.0335,WGS84,3.4948,4.6140,10.7188,"1793",1.000,1.000,54,46,41,39,00,00,77,37*0b67ec45
#BESTPOSA,COM1,0,44.0,FINESTEERING,2436,290790.000,00200200,000e,10817;SOL_COMPUTED,NARROW_INT,31.16301216844,121.45397528955,5.8566,11.0335,WGS84,3.4948,4.6140,10.7188,"1793",1.000,1.000,54,46,41,40,00,00,77,37*50bc0c16
#BESTPOSA,COM1,0,46.0,FINESTEERING,2436,290791.000,00000200,000e,10817;SOL_COMPUTED,NARROW_INT,31.16300959141,121.45396874542,5.8000,11.0335,WGS84,3.4948,4.6140,10.7188,"1793",1.000,1.000,54,46,42,41,00,00,77,37*1111aa5e
#BESTPOSA,COM1,0,44.5,FINESTEERING,2436,290792.000,00000200,000e,10817;SOL_COMPUTED,NARROW_INT,31.16300471641,121.45395732845,5.8045,11.0335,WGS84,3.4948,4.6140,10.7188,"1793",1.000,1.000,54,46,42,40,00,00,77,37*bf0dadf6
#BESTPOSA,COM1,0,45.0,FINESTEERING,2436,290793.000,00200200,000e,10817;SOL_COMPUTED,NARROW_INT,31.16299995121,121.45394744695,5.8378,11.0335,WGS84,3.4948,4.6140,10.7188,"1793",1.000,1.000,54,46,41,40,00,00,77,37*b05f8b76
#BESTPOSA,COM1,0,46.0,FINESTEERING,2436,290794.000,00000200,000e,10817;SOL_COMPUTED,NARROW_INT,31.16299555725,121.45393782774,5.8225,11.0335,WGS84,3.4948,4.6140,10.7188,"1793",1.000,1.000,54,46,42,42,00,00,77,37*49857eb5
#BESTPOSA,COM1,0,46.0,FINESTEERING,2436,290795.000,00000200,000e,10817;SOL_COMPUTED,NARROW_INT,31.16299011454,121.45392626803,5.8508,11.0335,WGS84,3.4948,4.6140,10.7188,"1793",1.000,1.000,54,46,41,41,00,00,77,37*fc5c9242
#BESTPOSA,COM1,0,44.0,FINESTEERING,2436,290796.000,00000200,000e,10817;SOL_COMPUTED,NARROW_INT,31.16298488630,121.45391383030,5.8349,11.0335,WGS84,3.4948,4.6140,10.7188,"1793",1.000,1.000,54,46,42,42,00,00,77,37*d74f60c5
#BESTPOSA,COM1,0,45.5,FINESTEERING,2436,290797.000,00000200,000e,10817;SOL_COMPUTED,NARROW_INT,31.16297869363,121.45389831198,5.8747,11.0335,WGS84,3.4948,4.6140,10.7188,"1793",1.000,1.000,54,46,40,41,00,00,77,37*d15bb100
#BESTPOSA,COM1,0,45.5,FINESTEERING,2436,290798.000,00000200,000e,10817;SOL_COMPUTED,NARROW_INT,31.16297122938,121.45388110744,5.9271,11.0335,WGS84,3.4948,4.6140,10.7188,"1793",1.000,1.000,54,46,41,41,00,00,77,37*991e7aec
#BESTPOSA,COM1,0,45.0,FINESTEERING,2436,290799.000,00000200,000e,10817;SOL_COMPUTED,NARROW_INT,31.16296461711,121.45386687800,5.9116,11.0335,WGS84,3.4948,4.6140,10.7188,"1793",1.000,1.000,53,45,41,40,00,00,77,37*ab4dd22b
#BESTPOSA,COM1,0,43.5,FINESTEERING,2436,290800.000,00000200,000e,10817;SOL_COMPUTED,NARROW_INT,31.16295749956,121.45385265544,5.9800,11.0335,WGS84,3.4948,4.6140,10.7188,"1793",1.000,1.000,53,45,40,40,00,00,77,37*be4953a2
#BESTPOSA,COM1,0,43.5,FINESTEERING,2436,290801.000,00000200,000e,10817;SOL_COMPUTED,NARROW_INT,31.16295078524,121.45383821223,5.9800,11.0335,WGS84,3.4948,4.6140,10.7188,"1793",1.000,1.000,53,45,40,40,00,00,77,37*85002616
#BESTPOSA,COM1,0,44.5,FINESTEERING,2436,290802.000,00000200,000e,10817;SOL_COMPUTED,NARROW_INT,31.16294595368,121.45382571088,5.9596,11.0335,WGS84,3.4948,4.6140,10.7188,"1793",1.000,1.000,51,44,40,39,00,00,77,37*def4e91f
#BESTPOSA,COM1,0,45.5,FINESTEERING,2436,290803.000,00000200,000e,10817;SOL_COMPUTED,NARROW_INT,31.16294112053,121.45381366341,6.0124,11.0335,WGS84,3.4948,4.6140,10.7188,"1793",1.000,1.000,53,45,41,39,00,00,77,37*f70d0ec7
#BESTPOSA,COM1,0,46.0,FINESTEERING,2436,290804.000,00000200,000e,10817;SOL_COMPUTED,NARROW_INT,31.16293554710,121.45380093813,6.0600,11.0335,WGS84,3.4948,4.6140,10.7188,"1793",1.000,1.000,53,45,40,38,00,00,77,37*270ff4c0
#BESTPOSA,COM1,0,43.0,FINESTEERING,2436,290805.000,00000200,000e,10817;SOL_COMPUTED,NARROW_INT,31.16292911950,121.45378247564,6.0484,11.0335,WGS84,3.4948,4.6140,10.7188,"1793",1.000,1.000,54,46,40,38,00,00,77,37*55b8d5cb
#BESTPOSA,COM1,0,45.5,FINESTEERING,2436,290806.000,00000200,000e,10817;SOL_COMPUTED,NARROW_INT,31.16292565825,121.45377152878,6.0475,11.0335,WGS84,3.4948,4.6140,10.7188,"1793",1.000,1.000,54,46,42,40,00,00,77,37*6ad7a938
#BESTPOSA,COM1,0,42.0,FINESTEERING,2436,290807.000,00000200,000e,10817;SOL_COMPUTED,NARROW_INT,31.16291825319,121.45375984258,6.1240,11.0335,WGS84,3.4948,4.6140,10.7188,"1793",1.000,1.000,52,45,40,37,00,00,77,37*6e48f582
#BESTPOSA,COM1,0,44.5,FINESTEERING,2436,290808.000,00000200,000e,10817;SOL_COMPUTED,NARROW_INT,31.16291511681,121.45375416367,6.1378,11.0335,WGS84,3.4948,4.6140,10.7188,"1793",1.000,1.000,53,45,41,38,00,00,77,37*4369ab2b
#BESTPOSA,COM1,0,43.5,FINESTEERING,2436,290809.000,00000200,000e,10817;SOL_COMPUTED,NARROW_INT,31.16291185980,121.45374719061,6.1696,11.0335,WGS84,3.4948,4.6140,10.7188,"1793",1.000,1.000,53,45,41,38,00,00,77,37*36ecab87
#BESTPOSA,COM1,0,49.5,FINESTEERING,2436,290810.000,00000200,000e,10817;SOL_COMPUTED,NARROW_INT,31.16290907967,121.45374177467,6.1575,11.0335,WGS84,3.4948,4.6140,10.7188,"1793",1.000,1.000,53,45,41,39,00,00,77,37*6f1b2981
#BESTPOSA,COM1,0,40.5,FINESTEERING,2436,290811.000,00000200,000e,10817;SOL_COMPUTED,NARROW_INT,31.16290404024,121.45373124464,6.1812,11.0335,WGS84,3.4948,4.6140,10.7188,"1793",1.000,1.000,53,45,41,39,00,00,77,37*9275800f
#BESTPOSA,COM1,0,45.0,FINESTEERING,2436,290812.000,00000200,000e,10817;SOL_COMPUTED,NARROW_INT,31.16289838882,121.45371858467,6.1831,11.0335,WGS84,3.4948,4.6140,10.7188,"1793",1.000,1.000,53,45,41,40,00,00,77,37*21e95c54
#BESTPOSA,COM1,0,44.0,FINESTEERING,2436,290813.000,00000200,000e,10817;SOL_COMPUTED,NARROW_INT,31.16289249888,121.45370631308,6.2405,11.0335,WGS84,3.4948,4.6140,10.7188,"1793",1.000,1.000,53,45,41,40,00,00,77,37*546e1e10
#BESTPOSA,COM1,0,45.0,FINESTEERING,2436,290814.000,00000200,000e,10817;SOL_COMPUTED,NARROW_INT,31.16288627311,121.45369276308,6.2602,11.0335,WGS84,3.4948,4.6140,10.7188,"1793",1.000,1.000,53,45,41,40,00,00,77,37*c83ae931
#BESTPOSA,COM1,0,43.5,FINESTEERING,2436,290815.000,00200200,000e,10817;SOL_COMPUTED,NARROW_INT,31.16288056777,121.45367941008,6.2545,11.0335,WGS84,3.4948,4.6140,10.7188,"1793",1.000,1.000,53,45,41,39,00,00,77,37*83de47be
#BESTPOSA,COM1,0,46.0,FINESTEERING,2436,290816.000,00000200,000e,10817;SOL_COMPUTED,NARROW_INT,31.16287449929,121.45366415348,6.2643,11.0335,WGS84,3.4948,4.6140,10.7188,"1793",1.000,1.000,53,45,40,37,00,00,77,37*5012efb7
#BESTPOSA,COM1,0,43.5,FINESTEERING,2436,290817.000,00000200,000e,10817;SOL_COMPUTED,NARROW_INT,31.16286890781,121.45365057740,6.2668,11.0335,WGS84,3.4948,4.6140,10.7188,"1793",1.000,1.000,52,44,40,37,00,00,77,37*b07e76f7
#BESTPOSA,COM1,0,43.0,FINESTEERING,2436,290818.000,00000200,000e,10817;SOL_COMPUTED,NARROW_INT,31.16286368373,121.45363790374,6.3379,11.0335,WGS84,3.4948,4.6140,10.7188,"1793",1.000,1.000,52,44,40,36,00,00,77,37*37779b00
#BESTPOSA,COM1,0,44.0,FINESTEERING,2436,290819.000,00000200,000e,10817;SOL_COMPUTED,NARROW_INT,31.16285778066,121.45362392809,6.3552,11.0335,WGS84,3.4948,4.6140,10.7188,"1793",1.000,1.000,51,43,38,37,00,00,77,37*e21e0575
#BESTPOSA,COM1,0,44.0,FINESTEERING,2436,290820.000,00000200,000e,10817;SOL_COMPUTED,NARROW_INT,31.16285153510,121.45361219922,6.3705,11.0335,WGS84,3.4948,4.6140,10.7188,"1793",1.000,1.000,52,44,39,38,00,00,77,37*a2a53ccd
#BESTPOSA,COM1,0,45.0,FINESTEERING,2436,290821.000,00000200,000e,10817;SOL_COMPUTED,NARROW_INT,31.16284438826,121.45359853061,6.3700,11.0335,WGS84,3.4948,4.6140,10.7188,"1793",1.000,1.000,53,45,40,39,00,00,77,37*c68941b3
#BESTPOSA,COM1,0,44.5,FINESTEERING,2436,290822.000,00000200,000e,10817;SOL_COMPUTED,NARROW_INT,31.16283729771,121.45358549984,6.4153,11.0335,WGS84,3.4948,4.6140,10.7188,"1793",1.000,1.000,53,45,40,39,00,00,77,37*2075847f
#BESTPOSA,COM1,0,44.5,FINESTEERING,2436,290823.000,00000200,000e,10817;SOL_COMPUTED,NARROW_INT,31.16283145306,121.45357206125,6.4073,11.0335,WGS84,3.4948,4.6140,10.7188,"1793",1.000,1.000,52,44,40,39,00,00,77,37*2c415505
#BESTPOSA,COM1,0,44.5,FINESTEERING,2436,290824.000,00000200,000e,10817;SOL_COMPUTED,NARROW_INT,31.16282561378,121.45355991025,6.4704,11.0335,WGS84,3.4948,4.6140,10.7188,"1793",1.000,1.000,52,44,40,40,00,00,77,37*f4f1132d
#BESTPOSA,COM1,0,45.0,FINESTEERING,2436,290825.000,00000200,000e,10817;SOL_COMPUTED,NARROW_INT,31.16282027531,121.45354717499,6.4116,11.0313,WGS84,3.4948,4.6140,10.7188,"1793",1.000,1.000,52,44,39,39,00,00,77,37*d3b39b63
#BESTPOSA,COM1,0,44.5,FINESTEERING,2436,290826.000,00000200,000e,10817;SOL_COMPUTED,NARROW_INT,31.16281454583,121.45353455423,6.4791,11.0313,WGS84,3.4948,4.6140,10.7188,"1793",1.000,1.000,53,45,39,39,00,00,77,37*4b122c51
#BESTPOSA,COM1,0,44.0,FINESTEERING,2436,290827.000,00000200,000e,10817;SOL_COMPUTED,NARROW_INT,31.16280838264,121.45352104280,6.5283,11.0313,WGS84,3.4948,4.6140,10.7188,"1793",1.000,1.000,53,45,38,38,00,00,77,37*c55b34bc
#BESTPOSA,COM1,0,44.5,FINESTEERING,2436,290828.000,00000200,000e,10817;SOL_COMPUTED,NARROW_INT,31.16280280164,121.45350776444,6.5399,11.0313,WGS84,3.4948,4.6140,10.7188,"1793",1.000,1.000,53,45,38,38,00,00,77,37*f09ee2ff
#BESTPOSA,COM1,0,44.0,FINESTEERING,2436,290829.000,00000200,000e,10817;SOL_COMPUTED,NARROW_INT,31.16279752614,121.45349606948,6.5788,11.0313,WGS84,3.4948,4.6140,10.7188,"1793",1.000,1.000,53,45,39,39,00,00,77,37*ec5d73d8
#BESTPOSA,COM1,0,44.0,FINESTEERING,2436,290830.000,00000200,000e,10817;SOL_COMPUTED,NARROW_INT,31.16279216382,121.45348417250,6.5745,11.0313,WGS84,3.4948,4.6140,10.7188,"1793",1.000,1.000,53,45,39,39,00,00,77,37*954fd20a
#BESTPOSA,COM1,0,44.0,FINESTEERING,2436,290831.000,00000200,000e,10817;SOL_COMPUTED,NARROW_INT,31.16278697480,121.45347318317,6.6297,11.0313,WGS84,3.4948,4.6140,10.7188,"1793",1.000,1.000,52,45,39,39,00,00,77,37*657ea391
#BESTPOSA,COM1,0,45.5,FINESTEERING,2436,290832.000,00000200,000e,10817;SOL_COMPUTED,NARROW_INT,31.16278141615,121.45346147508,6.6254,11.0313,WGS84,3.4948,4.6140,10.7188,"1793",1.000,1.000,54,46,39,39,00,00,77,37*19091267
#BESTPOSA,COM1,0,45.0,FINESTEERING,2436,290833.000,00000200,000e,10817;SOL_COMPUTED,NARROW_INT,31.16277562490,121.45344930297,6.6121,11.0313,WGS84,3.4948,4.6140,10.7188,"1793",1.000,1.000,54,46,38,38,00,00,77,37*644c4ddf
#BESTPOSA,COM1,0,45.5,FINESTEERING,2436,290834.000,00000200,000e,10817;SOL_COMPUTED,NARROW_INT,31.16277080019,121.45343945980,6.6069,11.0313,WGS84,3.4948,4.6140,10.7188,"1793",1.000,1.000,54,46,39,39,00,00,77,37*f546914a
#BESTPOSA,COM1,0,44.0,FINESTEERING,2436,290835.000,00000200,000e,10817;SOL_COMPUTED,NARROW_INT,31.16276629200,121.45342980559,6.6782,11.0313,WGS84,3.4948,4.6140,10.7188,"1793",1.000,1.000,54,46,40,40,00,00,77,37*ef7858ef
#BESTPOSA,COM1,0,44.0,FINESTEERING,2436,290836.000,00200200,000e,10817;SOL_COMPUTED,NARROW_INT,31.16276138055,121.45341914624,6.6616,11.0313,WGS84,3.4948,4.6140,10.7188,"1793",1.000,1.000,54,46,40,40,00,00,77,37*972ff96c
#BESTPOSA,COM1,0,46.5,FINESTEERING,2436,290837.000,00000200,000e,10817;SOL_COMPUTED,NARROW_INT,31.16275690695,121.45341013910,6.6766,11.0313,WGS84,3.4948,4.6140,10.7188,"1793",1.000,1.000,54,46,40,40,00,00,77,37*ebfc0336
#BESTPOSA,COM1,0,46.5,FINESTEERING,2436,290838.000,00000200,000e,10817;SOL_COMPUTED,NARROW_INT,31.16275299926,121.45340120754,6.6959,11.0313,WGS84,3.4948,4.6140,10.7188,"1793",1.000,1.000,54,46,40,40,00,00,77,37*7fd29794
#BESTPOSA,COM1,0,42.5,FINESTEERING,2436,290839.000,00000200,000e,10817;SOL_COMPUTED,NARROW_INT,31.16274878781,121.45339216661,6.6867,11.0313,WGS84,3.4948,4.6140,10.7188,"1793",1.000,1.000,53,45,40,40,00,00,77,37*afd45f79
#BESTPOSA,COM1,0,43.0,FINESTEERING,2436,290840.000,00000200,000e,10817;SOL_COMPUTED,NARROW_INT,31.16274477624,121.45338364674,6.7026,11.0313,WGS84,3.4948,4.6140,10.7188,"1793",1.000,1.000,52,45,40,40,00,00,77,37*9e3a3b87
#BESTPOSA,COM1,0,44.0,FINESTEERING,2436,290841.000,00000200,000e,10817;SOL_COMPUTED,NARROW_INT,31.16274008365,121.45337403993,6.7211,11.0313,WGS84,3.4948,4.6140,10.7188,"1793",1.000,1.000,52,45,40,40,00,00,77,37*f78d334d
#BESTPOSA,COM1,0,44.0,FINESTEERING,2436,290842.000,00000200,000e,10817;SOL_COMPUTED,NARROW_INT,31.16273517487,121.45336235689,6.7304,11.0313,WGS84,3.4948,4.6140,10.7188,"1793",1.000,1.000,52,44,39,39,00,00,77,37*4be8e56e
#BESTPOSA,COM1,0,43.5,FINESTEERING,2436,290843.000,00000200,000e,10817;SOL_COMPUTED,NARROW_INT,31.16273112460,121.45335285421,6.7369,11.0313,WGS84,3.4948,4.6140,10.7188,"1793",1.000,1.000,52,44,39,39,00,00,77,37*8fc92980
#BESTPOSA,COM1,0,43.5,FINESTEERING,2436,290844.000,00000200,000e,10817;SOL_COMPUTED,NARROW_INT,31.16272585729,121.45334086405,6.7569,11.0313,WGS84,3.4948,4.6140,10.7188,"1793",1.000,1.000,52,44,39,39,00,00,77,37*5ed7cc58
#BESTPOSA,COM1,0,44.5,FINESTEERING,2436,290845.000,00000200,000e,10817;SOL_COMPUTED,NARROW_INT,31.16272089384,121.45332856196,6.7838,11.0313,WGS84,3.4948,4.6140,10.7188,"1793",1.000,1.000,53,45,39,39,00,00,77,37*1db1d5b5
#BESTPOSA,COM1,0,44.0,FINESTEERING,2436,290846.000,00000200,000e,10817;SOL_COMPUTED,NARROW_INT,31.16271653186,121.45331725547,6.7565,11.0313,WGS84,3.4948,4.6140,10.7188,"1793",1.000,1.000,53,45,39,39,00,00,77,37*77e51e83
#BESTPOSA,COM1,0,45.5,FINESTEERING,2436,290847.000,00000200,000e,10817;SOL_COMPUTED,NARROW_INT,31.16271124670,121.45330346681,6.8078,11.0313,WGS84,3.4948,4.6140,10.7188,"1793",1.000,1.000,53,45,39,39,00,00,77,37*56667feb
#BESTPOSA,COM1,0,44.5,FINESTEERING,2436,290848.000,00000200,000e,10817;SOL_COMPUTED,NARROW_INT,31.16270486591,121.45329025232,6.7988,11.0313,WGS84,3.4948,4.6140,10.7188,"1793",1.000,1.000,53,45,39,39,00,00,77,37*6d035070
#BESTPOSA,COM1,0,46.0,FINESTEERING,2436,290849.000,00000200,000e,10817;SOL_COMPUTED,NARROW_INT,31.16269994920,121.45327754888,6.7993,11.0313,WGS84,3.4948,4.6140,10.7188,"1793",1.000,1.000,53,45,39,39,00,00,77,37*b98b99ac
#BESTPOSA,COM1,0,41.5,FINESTEERING,2436,290850.000,00000200,000e,10817;SOL_COMPUTED,NARROW_INT,31.16269532812,121.45326766548,6.8253,11.0313,WGS84,3.4948,4.6140,10.7188,"1793",1.000,1.000,53,45,40,40,00,00,77,37*2131afbd
#BESTPOSA,COM1,0,44.0,FINESTEERING,2436,290851.000,00200200,000e,10817;SOL_COMPUTED,NARROW_INT,31.16269013877,121.45325714945,6.8140,11.0313,WGS84,3.4948,4.6140,10.7188,"1793",1.000,1.000,53,45,40,40,00,00,77,37*d40a3851
#BESTPOSA,COM1,0,44.0,FINESTEERING,2436,290852.000,00000200,000e,10817;SOL_COMPUTED,NARROW_INT,31.16268428875,121.45324502042,6.8357,11.0313,WGS84,3.4948,4.6140,10.7188,"1793",1.000,1.000,53,45,40,40,00,00,77,37*5e558955
#BESTPOSA,COM1,0,43.5,FINESTEERING,2436,290853.000,00000200,000e,10817;SOL_COMPUTED,NARROW_INT,31.16267851477,121.45323179919,6.8151,11.0313,WGS84,3.4948,4.6140,10.7188,"1793",1.000,1.000,53,45,40,40,00,00,77,37*abe0d5df
#BESTPOSA,COM1,0,44.0,FINESTEERING,2436,290854.000,00000200,000e,10817;SOL_COMPUTED,NARROW_INT,31.16267200445,121.45321746221,6.8448,11.0313,WGS84,3.4948,4.6140,10.7188,"1793",1.000,1.000,53,45,40,40,00,00,77,37*afd94ea6
#BESTPOSA,COM1,0,43.5,FINESTEERING,2436,290855.000,00000200,000e,10817;SOL_COMPUTED,NARROW_INT,31.16266524605,121.45320243394,6.8468,11.0313,WGS84,3.4948,4.6140,10.7188,"1793",1.000,1.000,54,46,40,40,00,00,77,37*2211cc5c
#BESTPOSA,COM1,0,44.0,FINESTEERING,2436,290856.000,00000200,000e,10817;SOL_COMPUTED,NARROW_INT,31.16265931385,121.45319019716,6.8521,11.0313,WGS84,3.4948,4.6140,10.7188,"1793",1.000,1.000,54,46,40,40,00,00,77,37*b049c176
#BESTPOSA,COM1,0,45.5,FINESTEERING,2436,290857.000,00000200,000e,10817;SOL_COMPUTED,NARROW_INT,31.16265422953,121.45317818495,6.8858,11.0313,WGS84,3.4948,4.6140,10.7188,"1793",1.000,1.000,54,46,40,40,00,00,77,37*0966b9dd
#BESTPOSA,COM1,0,46.5,FINESTEERING,2436,290858.000,00000200,000e,10817;SOL_COMPUTED,NARROW_INT,31.16264949953,121.45316577548,6.8766,11.0313,WGS84,3.4948,4.6140,10.7188,"1793",1.000,1.000,54,46,40,40,00,00,77,37*85936fd0
#BESTPOSA,COM1,0,44.5,FINESTEERING,2436,290859.000,00000200,000e,10817;SOL_COMPUTED,NARROW_INT,31.16264464775,121.45315456295,6.8524,11.0313,WGS84,3.4948,4.6140,10.7188,"1793",1.000,1.000,54,46,41,41,00,00,77,37*76dec80b
#BESTPOSA,COM1,0,43.5,FINESTEERING,2436,290860.000,00000200,000e,10817;SOL_COMPUTED,NARROW_INT,31.16263942461,121.45314236494,6.8272,11.0313,WGS84,3.4948,4.6140,10.7188,"1793",1.000,1.000,54,46,41,41,00,00,77,37*b7bbc257
#BESTPOSA,COM1,0,47.0,FINESTEERING,2436,290861.000,00000200,000e,10817;SOL_COMPUTED,NARROW_INT,31.16263462648,121.45313406937,6.8262,11.0313,WGS84,3.4948,4.6140,10.7188,"1793",1.000,1.000,54,46,41,41,00,00,77,37*c88cb9bd
#BESTPOSA,COM1,0,45.5,FINESTEERING,2436,290862.000,00000200,000e,10817;SOL_COMPUTED,NARROW_INT,31.16262863084,121.45312415223,6.8667,11.0313,WGS84,3.4948,4.6140,10.7188,"1793",1.000,1.000,54,46,41,40,00,00,77,37*bd1f9cad
#BESTPOSA,COM1,0,47.0,FINESTEERING,2436,290863.000,00000200,000e,10817;SOL_COMPUTED,NARROW_INT,31.16262266726,121.45311596571,6.9067,11.0313,WGS84,3.4948,4.6140,10.7188,"1793",1.000,1.000,54,46,40,39,00,00,77,37*44cc3dae
#BESTPOSA,COM1,0,47.0,FINESTEERING,2436,290864.000,00000200,000e,10817;SOL_COMPUTED,NARROW_INT,31.16261759904,121.45311041671,6.9247,11.0313,WGS84,3.4948,4.6140,10.7188,"1793",1.000,1.000,53,45,40,39,00,00,77,37*4a9f814e
#BESTPOSA,COM1,0,47.5,FINESTEERING,2436,290865.000,00000200,000e,10817;SOL_COMPUTED,NARROW_INT,31.16261416518,121.45310575431,6.9338,11.0313,WGS84,3.4948,4.6140,10.7188,"1793",1.000,1.000,53,45,40,40,00,00,77,37*d5c81c13
#BESTPOSA,COM1,0,47.5,FINESTEERING,2436,290866.000,00000200,000e,10817;SOL_COMPUTED,NARROW_INT,31.16261113750,121.45309841436,6.8868,11.0313,WGS84,3.4948,4.6140,10.7188,"1793",1.000,1.000,53,45,40,40,00,00,77,37*9c87301e
#BESTPOSA,COM1,0,47.0,FINESTEERING,2436,290867.000,00000200,000e,10817;SOL_COMPUTED,NARROW_INT,31.16261029386,121.45309405911,6.8308,11.0313,WGS84,3.4948,4.6140,10.7188,"1793",1.000,1.000,54,46,40,39,00,00,77,37*9cd8bc00
#BESTPOSA,COM1,0,46.0,FINESTEERING,2436,290868.000,00000200,000e,10817;SOL_COMPUTED,NARROW_INT,31.16260988401,121.45309074180,6.7942,11.0313,WGS84,3.4948,4.6140,10.7188,"1793",1.000,1.000,54,46,40,40,00,00,77,37*958ae426
#BESTPOSA,COM1,0,43.0,FINESTEERING,2436,290869.000,00000200,000e,10817;SOL_COMPUTED,NARROW_INT,31.16261078374,121.45308320913,6.6666,11.0313,WGS84,3.4948,4.6140,10.7188,"1793",1.000,1.000,53,45,40,39,00,00,77,37*f8c21791
#BESTPOSA,COM1,0,46.5,FINESTEERING,2436,290870.000,00000200,000e,10817;SOL_COMPUTED,NARROW_INT,31.16260700225,121.45306901018,6.6867,11.0313,WGS84,3.4948,4.6140,10.7188,"1793",1.000,1.000,55,46,41,40,00,00,77,37*62776d19
#BESTPOSA,COM1,0,46.5,FINESTEERING,2436,290871.000,00000200,000e,10817;SOL_COMPUTED,NARROW_INT,31.16259541229,121.45306242043,6.6873,11.0313,WGS84,3.4948,4.6140,10.7188,"1793",1.000,1.000,55,46,41,40,00,00,77,37*e3186747
#BESTPOSA,COM1,0,47.0,FINESTEERING,2436,290872.000,00000200,000e,10817;SOL_COMPUTED,NARROW_INT,31.16257915099,121.45306028155,6.6814,11.0313,WGS84,3.4948,4.6140,10.7188,"1793",1.000,1.000,55,46,41,40,00,00,77,37*ff684c23
#BESTPOSA,COM1,0,44.0,FINESTEERING,2436,290873.000,00000200,000e,10817;SOL_COMPUTED,NARROW_INT,31.16256099559,121.45306639822,6.7008,11.0313,WGS84,3.4948,4.6140,10.7188,"1793",1.000,1.000,55,46,41,40,00,00,77,37*2d0570fb
#BESTPOSA,COM1,0,43.0,FINESTEERING,2436,290874.000,00200200,000e,10817;SOL_COMPUTED,NARROW_INT,31.16254152463,121.45307042783,6.7106,11.0313,WGS84,3.4948,4.6140,10.7188,"1793",1.000,1.000,55,46,39,38,00,00,77,37*95011482
#BESTPOSA,COM1,0,44.0,FINESTEERING,2436,290875.000,00000200,000e,10817;SOL_COMPUTED,NARROW_INT,31.16252037706,121.45307453593,6.7286,11.0313,WGS84,3.4948,4.6140,10.7188,"1793",1.000,1.000,55,46,39,38,00,00,77,37*cc031da4
#BESTPOSA,COM1,0,46.0,FINESTEERING,2436,290876.000,00000200,000e,10817;SOL_COMPUTED,NARROW_INT,31.16250687257,121.45307681492,6.7233,11.0313,WGS84,3.4948,4.6140,10.7188,"1793",1.000,1.000,55,46,41,40,00,00,77,37*108c5ea9
#BESTPOSA,COM1,0,44.0,FINESTEERING,2436,290877.000,00000200,000e,10817;SOL_COMPUTED,NARROW_INT,31.16249222697,121.45307907751,6.7271,11.0313,WGS84,3.4948,4.6140,10.7188,"1793",1.000,1.000,55,46,40,39,00,00,77,37*1f155d25
#BESTPOSA,COM1,0,46.5,FINESTEERING,2436,290878.000,00000200,000e,10817;SOL_COMPUTED,NARROW_INT,31.16247299463,121.45308182874,6.7203,11.0313,WGS84,3.4948,4.6140,10.7188,"1793",1.000,1.000,55,46,40,39,00,00,77,37*fd5e2837
#BESTPOSA,COM1,0,46.5,FINESTEERING,2436,290879.000,00000200,000e,10817;SOL_COMPUTED,NARROW_INT,31.16245302308,121.45308444482,6.7204,11.0313,WGS84,3.4948,4.6140,10.7188,"1793",1.000,1.000,53,45,40,38,00,00,77,37*f9ad8f2a
#BESTPOSA,COM1,0,46.5,FINESTEERING,2436,290880.000,00000200,000e,10817;SOL_COMPUTED,NARROW_INT,31.16243664601,121.45308610976,6.7165,11.0313,WGS84,3.4948,4.6140,10.7188,"1793",1.000,1.000,52,44,39,38,00,00,77,37*c23ed8ea
#BESTPOSA,COM1,0,46.5,FINESTEERING,2436,290881.000,00000200,000e,10817;SOL_COMPUTED,NARROW_INT,31.16241864673,121.45308770632,6.7046,11.0313,WGS84,3.4948,4.6140,10.7188,"1793",1.000,1.000,52,44,39,37,00,00,77,37*35ead387
#BESTPOSA,COM1,0,47.0,FINESTEERING,2436,290882.000,00000200,000e,10817;SOL_COMPUTED,NARROW_INT,31.16240345640,121.45308929659,6.6985,11.0313,WGS84,3.4948,4.6140,10.7188,"1793",1.000,1.000,51,43,39,37,00,00,77,37*50991e5f
#BESTPOSA,COM1,0,47.0,FINESTEERING,2436,290883.000,00000200,000e,10817;SOL_COMPUTED,NARROW_INT,31.16238981284,121.45309186540,6.6957,11.0313,WGS84,3.4948,4.6140,10.7188,"1793",1.000,1.000,51,43,39,37,00,00,77,37*eb815c7d
#BESTPOSA,COM1,0,47.0,FINESTEERING,2436,290884.000,00000200,000e,10817;SOL_COMPUTED,NARROW_INT,31.16237906956,121.45309413276,6.7011,11.0313,WGS84,3.4948,4.6140,10.7188,"1793",1.000,1.000,51,43,39,37,00,00,77,37*47056813
#BESTPOSA,COM1,0,46.5,FINESTEERING,2436,290885.000,00000200,000e,10817;SOL_COMPUTED,NARROW_INT,31.16236823089,121.45309490929,6.7028,11.0313,WGS84,3.4948,4.6140,10.7188,"1793",1.000,1.000,51,43,39,37,00,00,77,37*c8dc721d
#BESTPOSA,COM1,0,47.0,FINESTEERING,2436,290886.000,00000200,000e,10817;SOL_COMPUTED,NARROW_INT,31.16235510410,121.45309568375,6.7104,11.0313,WGS84,3.4948,4.6140,10.7188,"1793",1.000,1.000,51,43,39,37,00,00,77,37*bafcaa38
#BESTPOSA,COM1,0,47.0,FINESTEERING,2436,290887.000,00000200,000e,10817;SOL_COMPUTED,NARROW_INT,31.16234171534,121.45309662504,6.7087,11.0313,WGS84,3.4948,4.6140,10.7188,"1793",1.000,1.000,52,44,40,37,00,00,77,37*95c93259
#BESTPOSA,COM1,0,47.0,FINESTEERING,2436,290888.000,00000200,000e,10817;SOL_COMPUTED,NARROW_INT,31.16232862535,121.45309740658,6.6961,11.0313,WGS84,3.4948,4.6140,10.7188,"1793",1.000,1.000,51,43,39,37,00,00,77,37*91443309
#BESTPOSA,COM1,0,47.0,FINESTEERING,2436,290889.000,00000200,000e,10817;SOL_COMPUTED,NARROW_INT,31.16231562494,121.45309847505,6.6933,11.0313,WGS84,3.4948,4.6140,10.7188,"1793",1.000,1.000,52,44,40,37,00,00,77,37*89cf58bf
#BESTPOSA,COM1,0,46.5,FINESTEERING,2436,290890.000,00000200,000e,10817;SOL_COMPUTED,NARROW_INT,31.16230966828,121.45309900030,6.6893,11.0313,WGS84,3.4948,4.6140,10.7188,"1793",1.000,1.000,52,44,40,37,00,00,77,37*8b3d2c73
#BESTPOSA,COM1,0,46.5,FINESTEERING,2436,290891.000,00000200,000e,10817;SOL_COMPUTED,NARROW_INT,31.16229860322,121.45310009497,6.6783,11.0313,WGS84,3.4948,4.6140,10.7188,"1793",1.000,1.000,52,44,40,37,00,00,77,37*4a171e7f
#BESTPOSA,COM1,0,46.5,FINESTEERING,2436,290892.000,00000200,000e,10817;SOL_COMPUTED,NARROW_INT,31.16228383309,121.45310173082,6.6582,11.0313,WGS84,3.4948,4.6140,10.7188,"1793",1.000,1.000,52,44,40,37,00,00,77,37*4404f870
#BESTPOSA,COM1,0,46.0,FINESTEERING,2436,290893.000,00000200,000e,10817;SOL_COMPUTED,NARROW_INT,31.16227396618,121.45310279487,6.6497,11.0313,WGS84,3.4948,4.6140,10.7188,"1793",1.000,1.000,50,43,39,38,00,00,77,37*fde388bc
#BESTPOSA,COM1,0,45.0,FINESTEERING,2436,290894.000,00000200,000e,10817;SOL_COMPUTED,NARROW_INT,31.16226245584,121.45310325362,6.6500,11.0313,WGS84,3.4948,4.6140,10.7188,"1793",1.000,1.000,50,43,39,38,00,00,77,37*d35ad8f1
#BESTPOSA,COM1,0,45.5,FINESTEERING,2436,290895.000,00000200,000e,10817;SOL_COMPUTED,NARROW_INT,31.16225050397,121.45310374054,6.6329,11.0313,WGS84,3.4948,4.6140,10.7188,"1793",2.000,2.000,50,43,39,38,00,00,77,37*f0f18b64
#BESTPOSA,COM1,0,55.0,FINESTEERING,2436,290896.000,00000200,000e,10817;SOL_COMPUTED,NARROW_INT,31.16223915744,121.45310440200,6.6261,11.0302,WGS84,3.4948,4.6140,10.7188,"1793",2.000,2.000,50,43,39,38,00,00,77,37*bed1a682
#BESTPOSA,COM1,0,46.0,FINESTEERING,2436,290897.000,00000200,000e,10817;SOL_COMPUTED,NARROW_INT,31.16222997917,121.45310455216,6.6239,11.0302,WGS84,3.4948,4.6140,10.7188,"1793",1.000,1.000,51,44,39,38,00,00,77,37*64e09d7b
#BESTPOSA,COM1,0,41.5,FINESTEERING,2436,290898.000,00000200,000e,10817;SOL_COMPUTED,NARROW_INT,31.16222647480,121.45310479531,6.6233,11.0302,WGS84,3.4948,4.6140,10.7188,"1793",1.000,1.000,51,44,40,38,00,00,77,37*82c32b91
#BESTPOSA,COM1,0,43.0,FINESTEERING,2436,290899.000,00000200,000e,10817;SOL_COMPUTED,NARROW_INT,31.16221812522,121.45310587499,6.6222,11.0302,WGS84,3.4948,4.6140,10.7188,"1793",1.000,1.000,51,44,40,38,00,00,77,37*3f6b2f68
#BESTPOSA,COM1,0,45.5,FINESTEERING,2436,290900.000,00000000,000e,10817;SOL_COMPUTED,NARROW_INT,31.16220886482,121.45310722936,6.6098,11.0302,WGS84,3.4948,4.6140,10.7188,"1793",1.000,1.000,50,43,38,39,00,00,77,37*62bc4b47
#BESTPOSA,COM1,0,45.5,FINESTEERING,2436,290901.000,00000000,000e,10817;SOL_COMPUTED,NARROW_INT,31.16220286460,121.45310812439,6.6061,11.0302,WGS84,3.4948,4.6140,10.7188,"1793",1.000,1.000,51,44,39,39,00,00,77,37*86a05dad
#BESTPOSA,COM1,0,45.0,FINESTEERING,2436,290902.000,00000000,000e,10817;SOL_COMPUTED,NARROW_INT,31.16219930367,121.45310867888,6.5987,11.0302,WGS84,3.4948,4.6140,10.7188,"1793",1.000,1.000,50,43,38,39,00,00,77,37*cb82584b
#BESTPOSA,COM1,0,45.0,FINESTEERING,2436,290903.000,00000000,000e,10817;SOL_COMPUTED,NARROW_INT,31.16219042973,121.45311013958,6.5894,11.0302,WGS84,3.4948,4.6140,10.7188,"1793",1.000,1.000,51,44,39,39,00,00,77,37*94afe877
#BESTPOSA,COM1,0,46.5,FINESTEERING,2436,290904.000,00000000,000e,10817;SOL_COMPUTED,NARROW_INT,31.16218011268,121.45311136380,6.5804,11.0302,WGS84,3.4948,4.6140,10.7188,"1793",1.000,1.000,51,44,39,40,00,00,77,37*b790876b
#BESTPOSA,COM1,0,47.5,FINESTEERING,2436,290905.000,00000000,000e,10817;SOL_COMPUTED,NARROW_INT,31.16216951289,121.45311200504,6.5719,11.0302,WGS84,3.4948,4.6140,10.7188,"1793",1.000,1.000,51,44,39,40,00,00,77,37*a288df99
#BESTPOSA,COM1,0,46.0,FINESTEERING,2436,290906.000,00000000,000e,10817;SOL_COMPUTED,NARROW_INT,31.16215793345,121.45311256514,6.5574,11.0302,WGS84,3.4948,4.6140,10.7188,"1793",1.000,1.000,51,44,39,40,00,00,77,37*51320f3a
#BESTPOSA,COM1,0,47.0,FINESTEERING,2436,290907.000,00000000,000e,10817;SOL_COMPUTED,NARROW_INT,31.16214614718,121.45311292937,6.5537,11.0302,WGS84,3.4948,4.6140,10.7188,"1793",1.000,1.000,52,45,39,39,00,00,77,37*8e0ced7e
#BESTPOSA,COM1,0,45.0,FINESTEERING,2436,290908.000,00000000,000e,10817;SOL_COMPUTED,NARROW_INT,31.16213850049,121.45311321695,6.5448,11.0302,WGS84,3.4948,4.6140,10.7188,"1793",1.000,1.000,52,45,39,39,00,00,77,37*34b8ba40
#BESTPOSA,COM1,0,47.0,FINESTEERING,2436,290909.000,00000000,000e,10817;SOL_COMPUTED,NARROW_INT,31.16212792924,121.45311406499,6.5278,11.0302,WGS84,3.4948,4.6140,10.7188,"1793",1.000,1.000,51,44,39,39,00,00,77,37*3e5e64cb
#BESTPOSA,COM1,0,44.5,FINESTEERING,2436,290910.000,00000000,000e,10817;SOL_COMPUTED,NARROW_INT,31.16212047239,121.45311532585,6.5205,11.0302,WGS84,3.4948,4.6140,10.7188,"1793",1.000,1.000,50,43,39,39,00,00,77,37*9e81438a
#BESTPOSA,COM1,0,44.5,FINESTEERING,2436,290911.000,00000000,000e,10817;SOL_COMPUTED,NARROW_INT,31.16211201322,121.45311729605,6.5103,11.0302,WGS84,3.4948,4.6140,10.7188,"1793",1.000,1.000,50,43,39,39,00,00,77,37*189ffd21
#BESTPOSA,COM1,0,46.5,FINESTEERING,2436,290912.000,00000000,000e,10817;SOL_COMPUTED,NARROW_INT,31.16210343701,121.45311921782,6.5019,11.0302,WGS84,3.4948,4.6140,10.7188,"1793",1.000,1.000,50,43,39,39,00,00,77,37*c2f2bf36
#BESTPOSA,COM1,0,47.0,FINESTEERING,2436,290913.000,00000000,000e,10817;SOL_COMPUTED,NARROW_INT,31.16209660623,121.45312074638,6.4768,11.0302,WGS84,3.4948,4.6140,10.7188,"1793",1.000,1.000,50,43,39,39,00,00,77,37*9223f2e3
#BESTPOSA,COM1,0,45.5,FINESTEERING,2436,290914.000,00000000,000e,10817;SOL_COMPUTED,NARROW_INT,31.16208785259,121.45312338167,6.4545,11.0302,WGS84,3.4948,4.6140,10.7188,"1793",1.000,1.000,50,43,39,38,00,00,77,37*c507d302
#BESTPOSA,COM1,0,48.5,FINESTEERING,2436,290915.000,00200000,000e,10817;SOL_COMPUTED,NARROW_INT,31.16208056771,121.45312636773,6.4507,11.0302,WGS84,3.4948,4.6140,10.7188,"1793",1.000,1.000,50,43,39,39,00,00,77,37*cf59fadc
#BESTPOSA,COM1,0,41.0,FINESTEERING,2436,290916.000,00000000,000e,10817;SOL_COMPUTED,NARROW_INT,31.16207377141,121.45312917303,6.4566,11.0302,WGS84,3.4948,4.6140,10.7188,"1793",1.000,1.000,50,43,39,39,00,00,77,37*990e4fbb
#BESTPOSA,COM1,0,45.5,FINESTEERING,2436,290917.000,00000000,000e,10817;SOL_COMPUTED,NARROW_INT,31.16206820540,121.45313185767,6.4124,11.0302,WGS84,3.4948,4.6140,10.7188,"1793",1.000,1.000,50,43,39,39,00,00,77,37*7b5e0f46
#BESTPOSA,COM1,0,45.5,FINESTEERING,2436,290918.000,00000000,000e,10817;SOL_COMPUTED,NARROW_INT,31.16205968196,121.45313414329,6.4180,11.0302,WGS84,3.4948,4.6140,10.7188,"1793",1.000,1.000,50,43,39,39,00,00,77,37*5e0d6901
#BESTPOSA,COM1,0,44.5,FINESTEERING,2436,290919.000,00000000,000e,10817;SOL_COMPUTED,NARROW_INT,31.16205020826,121.45313449431,6.4096,11.0302,WGS84,3.4948,4.6140,10.7188,"1793",1.000,1.000,50,43,38,38,00,00,77,37*2f0d472c
#BESTPOSA,COM1,0,48.0,FINESTEERING,2436,290920.000,00000000,000e,10817;SOL_COMPUTED,NARROW_INT,31.16203741460,121.45313493899,6.3719,11.0302,WGS84,3.4948,4.6140,10.7188,"1793",1.000,1.000,50,43,38,37,00,00,77,37*437aa4d1
#BESTPOSA,COM1,0,48.5,FINESTEERING,2436,290921.000,00000000,000e,10817;SOL_COMPUTED,NARROW_INT,31.16202441288,121.45313591706,6.3458,11.0302,WGS84,3.4948,4.6140,10.7188,"1793",1.000,1.000,50,43,38,38,00,00,77,37*3b48d19f
#BESTPOSA,COM1,0,46.5,FINESTEERING,2436,290922.000,00000000,000e,10817;SOL_COMPUTED,NARROW_INT,31.16200802354,121.45313747067,6.3167,11.0302,WGS84,3.4948,4.6140,10.7188,"1793",1.000,1.000,50,43,38,38,00,00,77,37*9aff84e9
#BESTPOSA,COM1,0,48.5,FINESTEERING,2436,290923.000,00000000,000e,10817;SOL_COMPUTED,NARROW_INT,31.16199307333,121.45313891857,6.2731,11.0302,WGS84,3.4948,4.6140,10.7188,"1793",1.000,1.000,49,42,38,38,00,00,77,37*04438eef
#BESTPOSA,COM1,0,46.5,FINESTEERING,2436,290924.000,00000000,000e,10817;SOL_COMPUTED,NARROW_INT,31.16197999701,121.45314004116,6.2544,11.0302,WGS84,3.4948,4.6140,10.7188,"1793",1.000,1.000,50,43,39,38,00,00,77,37*a2ca56bb
#BESTPOSA,COM1,0,47.0,FINESTEERING,2436,290925.000,00000000,000e,10817;SOL_COMPUTED,NARROW_INT,31.16197109120,121.45314066972,6.2304,11.0302,WGS84,3.4948,4.6140,10.7188,"1793",1.000,1.000,51,44,40,38,00,00,77,37*a50916df
#BESTPOSA,COM1,0,49.0,FINESTEERING,2436,290926.000,00000000,000e,10817;SOL_COMPUTED,NARROW_INT,31.16196087859,121.45314121017,6.2130,11.0302,WGS84,3.4948,4.6140,10.7188,"1793",1.000,1.000,51,44,40,37,00,00,77,37*3500ad26
#BESTPOSA,COM1,0,48.5,FINESTEERING,2436,290927.000,00000000,000e,10817;SOL_COMPUTED,NARROW_INT,31.16195134843,121.45314196501,6.1976,11.0302,WGS84,3.4948,4.6140,10.7188,"1793",1.000,1.000,51,44,40,37,00,00,77,37*82a690ec
#BESTPOSA,COM1,0,46.5,FINESTEERING,2436,290928.000,00000000,000e,10817;SOL_COMPUTED,NARROW_INT,31.16194167643,121.45314415510,6.1797,11.0302,WGS84,3.4948,4.6140,10.7188,"1793",1.000,1.000,51,44,40,37,00,00,77,37*86657159
#BESTPOSA,COM1,0,48.0,FINESTEERING,2436,290929.000,00000000,000e,10817;SOL_COMPUTED,NARROW_INT,31.16193089443,121.45314701367,6.1462,11.0302,WGS84,3.4948,4.6140,10.7188,"1793",1.000,1.000,50,43,39,37,00,00,77,37*986e3b00
#BESTPOSA,COM1,0,48.0,FINESTEERING,2436,290930.000,00000000,000e,10817;SOL_COMPUTED,NARROW_INT,31.16192078982,121.45314935143,6.1321,11.0302,WGS84,3.4948,4.6140,10.7188,"1793",1.000,1.000,50,43,39,37,00,00,77,37*3bfc93dc
#BESTPOSA,COM1,0,47.0,FINESTEERING,2436,290931.000,00000000,000e,10817;SOL_COMPUTED,NARROW_INT,31.16191103407,121.45315138313,6.1150,11.0302,WGS84,3.4948,4.6140,10.7188,"1793",1.000,1.000,50,43,39,37,00,00,77,37*65796cd8
#BESTPOSA,COM1,0,46.0,FINESTEERING,2436,290932.000,00000000,000e,10817;SOL_COMPUTED,NARROW_INT,31.16190063229,121.45315297390,6.1152,11.0302,WGS84,3.4948,4.6140,10.7188,"1793",1.000,1.000,49,43,39,37,00,00,77,37*9826c62f
#BESTPOSA,COM1,0,47.0,FINESTEERING,2436,290933.000,00000000,000e,10817;SOL_COMPUTED,NARROW_INT,31.16188765281,121.45315518358,6.1032,11.0302,WGS84,3.4948,4.6140,10.7188,"1793",1.000,1.000,49,43,39,37,00,00,77,37*c8de5177
#BESTPOSA,COM1,0,47.0,FINESTEERING,2436,290934.000,00000000,000e,10817;SOL_COMPUTED,NARROW_INT,31.16187505332,121.45315757772,6.0762,11.0302,WGS84,3.4948,4.6140,10.7188,"1793",1.000,1.000,49,43,39,38,00,00,77,37*1fc103a5
#BESTPOSA,COM1,0,46.5,FINESTEERING,2436,290935.000,00000000,000e,10817;SOL_COMPUTED,NARROW_INT,31.16185920447,121.45316023930,6.0345,11.0302,WGS84,3.4948,4.6140,10.7188,"1793",1.000,1.000,48,42,38,37,00,00,77,37*8b75c496
#BESTPOSA,COM1,0,48.5,FINESTEERING,2436,290936.000,00000000,000e,10817;SOL_COMPUTED,NARROW_INT,31.16184567830,121.45316204554,5.9940,11.0302,WGS84,3.4948,4.6140,10.7188,"1793",1.000,1.000,48,42,38,37,00,00,77,37*4aae8eaa
#BESTPOSA,COM1,0,45.5,FINESTEERING,2436,290937.000,00000000,000e,10817;SOL_COMPUTED,NARROW_INT,31.16183250842,121.45316402518,5.9610,11.0302,WGS84,3.4948,4.6140,10.7188,"1793",1.000,1.000,48,42,38,37,00,00,77,37*11acae41
#BESTPOSA,COM1,0,48.5,FINESTEERING,2436,290938.000,00000000,000e,10817;SOL_COMPUTED,NARROW_INT,31.16182211841,121.45316538229,5.9514,11.0302,WGS84,3.4948,4.6140,10.7188,"1793",1.000,1.000,47,42,37,36,00,00,77,37*acc5c1f6
#BESTPOSA,COM1,0,46.5,FINESTEERING,2436,290939.000,00000000,000e,10817;SOL_COMPUTED,NARROW_INT,31.16181197845,121.45316701947,5.9045,11.0302,WGS84,3.4948,4.6140,10.7188,"1793",1.000,1.000,47,42,37,35,00,00,77,37*164bfe17
#BESTPOSA,COM1,0,46.0,FINESTEERING,2436,290940.000,00000000,000e,10817;SOL_COMPUTED,NARROW_INT,31.16180049488,121.45316890777,5.8953,11.0302,WGS84,3.4948,4.6140,10.7188,"1793",1.000,1.000,48,42,37,37,00,00,77,37*ed479114
#BESTPOSA,COM1,0,46.0,FINESTEERING,2436,290941.000,00000000,000e,10817;SOL_COMPUTED,NARROW_INT,31.16179152157,121.45317016987,5.8695,11.0302,WGS84,3.4948,4.6140,10.7188,"1793",1.000,1.000,48,43,38,37,00,00,77,37*36e348aa
#BESTPOSA,COM1,0,47.5,FINESTEERING,2436,290942.000,00000000,000e,10817;SOL_COMPUTED,NARROW_INT,31.16178288622,121.45317054979,5.8621,11.0302,WGS84,3.4948,4.6140,10.7188,"1793",1.000,1.000,47,42,38,37,00,00,77,37*c9d0ac95
#BESTPOSA,COM1,0,48.5,FINESTEERING,2436,290943.000,00000000,000e,10817;SOL_COMPUTED,NARROW_INT,31.16177586730,121.45317150879,5.8508,11.0302,WGS84,3.4948,4.6140,10.7188,"1793",1.000,1.000,48,42,38,37,00,00,77,37*30041d63
#BESTPOSA,COM1,0,46.0,FINESTEERING,2436,290944.000,00000000,000e,10817;SOL_COMPUTED,NARROW_INT,31.16176772516,121.45317385820,5.8232,11.0302,WGS84,3.4948,4.6140,10.7188,"1793",1.000,1.000,47,42,38,37,00,00,77,37*163ee7ef
#BESTPOSA,COM1,0,46.0,FINESTEERING,2436,290945.000,00000000,000e,10817;SOL_COMPUTED,NARROW_INT,31.16176032748,121.45317558538,5.8169,11.0302,WGS84,3.4948,4.6140,10.7188,"1793",1.000,1.000,48,42,38,37,00,00,77,37*fffaaf08
#BESTPOSA,COM1,0,46.0,FINESTEERING,2436,290946.000,00000000,000e,10817;SOL_COMPUTED,NARROW_INT,31.16175280644,121.45317697498,5.8006,11.0302,WGS84,3.4948,4.6140,10.7188,"1793",1.000,1.000,47,42,38,37,00,00,77,37*0d1069d1
#BESTPOSA,COM1,0,46.0,FINESTEERING,2436,290947.000,00000000,000e,10817;SOL_COMPUTED,NARROW_INT,31.16174493278,121.45317845528,5.7661,11.0302,WGS84,3.4948,4.6140,10.7188,"1793",1.000,1.000,47,42,38,38,00,00,77,37*3b0b9545
#BESTPOSA,COM1,0,46.5,FINESTEERING,2436,290948.000,00000000,000e,10817;SOL_COMPUTED,NARROW_INT,31.16173476715,121.45317985653,5.7504,11.0302,WGS84,3.4948,4.6140,10.7188,"1793",1.000,1.000,47,42,38,38,00,00,77,37*8252502c
#BESTPOSA,COM1,0,47.0,FINESTEERING,2436,290949.000,00000000,000e,10817;SOL_COMPUTED,NARROW_INT,31.16172604548,121.45318105098,5.7272,11.0302,WGS84,3.4948,4.6140,10.7188,"1793",1.000,1.000,48,42,38,38,00,00,77,37*1dd71f98
#BESTPOSA,COM1,0,47.0,FINESTEERING,2436,290950.000,00000000,000e,10817;SOL_COMPUTED,NARROW_INT,31.16171779730,121.45318247988,5.7184,11.0302,WGS84,3.4948,4.6140,10.7188,"1793",1.000,1.000,48,42,37,36,00,00,77,37*70bbb325
#BESTPOSA,COM1,0,47.5,FINESTEERING,2436,290951.000,00000000,000e,10817;SOL_COMPUTED,NARROW_INT,31.16170936356,121.45318346713,5.7206,11.0302,WGS84,3.4948,4.6140,10.7188,"1793",1.000,1.000,48,43,38,36,00,00,77,37*4486bd0e
#BESTPOSA,COM1,0,46.5,FINESTEERING,2436,290952.000,00000000,000e,10817;SOL_COMPUTED,NARROW_INT,31.16169982206,121.45318483313,5.6871,11.0302,WGS84,3.4948,4.6140,10.7188,"1793",1.000,1.000,48,43,38,36,00,00,77,37*f3e178c0
#BESTPOSA,COM1,0,48.5,FINESTEERING,2436,290953.000,00000000,000e,10817;SOL_COMPUTED,NARROW_INT,31.16169044332,121.45318596085,5.6684,11.0302,WGS84,3.4948,4.6140,10.7188,"1793",1.000,1.000,48,42,37,37,00,00,77,37*42f370ab
#BESTPOSA,COM1,0,47.0,FINESTEERING,2436,290954.000,00000000,000e,10817;SOL_COMPUTED,NARROW_INT,31.16167966796,121.45318803348,5.6694,11.0302,WGS84,3.4948,4.6140,10.7188,"1793",1.000,1.000,47,41,37,37,00,00,77,37*b87217a5
#BESTPOSA,COM1,0,56.0,FINESTEERING,2436,290955.000,00000000,000e,10817;SOL_COMPUTED,NARROW_INT,31.16166939848,121.45318983752,5.6399,11.0302,WGS84,3.4948,4.6140,10.7188,"1793",2.000,2.000,48,42,37,37,00,00,77,37*8e9ac5b5
#BESTPOSA,COM1,0,56.5,FINESTEERING,2436,290956.000,00000000,000e,10817;SOL_COMPUTED,NARROW_INT,31.16165942200,121.45319177166,5.6365,11.0302,WGS84,3.4948,4.6140,10.7188,"1793",3.000,3.000,47,41,37,37,00,00,77,37*149446b8
#BESTPOSA,COM1,0,56.5,FINESTEERING,2436,290957.000,00000000,000e,10817;SOL_COMPUTED,NARROW_INT,31.16165019419,121.45319464571,5.6303,11.0302,WGS84,3.4948,4.6140,10.7188,"1793",4.000,4.000,48,42,38,37,00,00,77,37*cc63e27e
#BESTPOSA,COM1,0,56.5,FINESTEERING,2436,290958.000,00000000,000e,10817;SOL_COMPUTED,NARROW_INT,31.16163801737,121.45320212083,5.5908,11.0302,WGS84,3.4948,4.6140,10.7188,"1793",5.000,5.000,49,43,38,37,00,00,77,37*14e09850
#BESTPOSA,COM1,0,56.5,FINESTEERING,2436,290959.000,00000000,000e,10817;SOL_COMPUTED,NARROW_INT,31.16162930726,121.45320728123,5.5714,11.0302,WGS84,3.4948,4.6140,10.7188,"1793",2.000,2.000,48,42,38,37,00,00,77,37*d7dcd681
#BESTPOSA,COM1,0,37.5,FINESTEERING,2436,290960.000,00000000,000e,10817;SOL_COMPUTED,NARROW_INT,31.16162024983,121.45321300599,5.5821,11.0302,WGS84,3.4948,4.6140,10.7188,"1793",1.000,1.000,50,44,38,37,00,00,77,37*cb96ca89
#BESTPOSA,COM1,0,31.0,FINESTEERING,2436,290961.000,00000000,000e,10817;SOL_COMPUTED,NARROW_INT,31.16161178490,121.45321836171,5.5638,11.0302,WGS84,3.4948,4.6140,10.7188,"1793",1.000,1.000,50,44,39,38,00,00,77,37*4cea8292
#BESTPOSA,COM1,0,47.0,FINESTEERING,2436,290962.000,00000000,000e,10817;SOL_COMPUTED,NARROW_INT,31.16160121841,121.45322572628,5.5573,11.0302,WGS84,3.4948,4.6140,10.7188,"1793",2.000,2.000,50,44,38,37,00,00,77,37*7f8b5e2a
#BESTPOSA,COM1,0,55.0,FINESTEERING,2436,290963.000,00000000,000e,10817;SOL_COMPUTED,NARROW_INT,31.16158850478,121.45323509177,5.5793,11.0302,WGS84,3.4948,4.6140,10.7188,"1793",1.000,1.000,50,44,38,38,00,00,77,37*0a3c7f49
#BESTPOSA,COM1,0,38.5,FINESTEERING,2436,290964.000,00000200,000e,10817;SOL_COMPUTED,NARROW_INT,31.16157720456,121.45324327734,5.5716,11.0302,WGS84,3.4948,4.6140,10.7188,"1793",1.000,1.000,49,44,39,38,00,00,77,37*2a264eb1
#BESTPOSA,COM1,0,47.5,FINESTEERING,2436,290965.000,00000200,000e,10817;SOL_COMPUTED,NARROW_INT,31.16156562801,121.45325334401,5.5786,11.0302,WGS84,3.4948,4.6140,10.7188,"1793",1.000,1.000,49,44,39,38,00,00,77,37*1bcd8123
#BESTPOSA,COM1,0,46.0,FINESTEERING,2436,290966.000,00000200,000e,10817;SOL_COMPUTED,NARROW_INT,31.16155475474,121.45326524619,5.5469,11.0302,WGS84,3.4948,4.6140,10.7188,"1793",1.000,1.000,49,44,38,38,00,00,77,37*ae613b3b
#BESTPOSA,COM1,0,47.0,FINESTEERING,2436,290967.000,00000200,000e,10817;SOL_COMPUTED,NARROW_INT,31.16154480196,121.45327780033,5.5834,11.0302,WGS84,3.4948,4.6140,10.7188,"1793",1.000,1.000,50,44,38,38,00,00,77,37*1eb1fd52
#BESTPOSA,COM1,0,47.0,FINESTEERING,2436,290968.000,00000200,000e,10817;SOL_COMPUTED,NARROW_INT,31.16153502056,121.45329492921,5.5707,11.0302,WGS84,3.4948,4.6140,10.7188,"1793",1.000,1.000,49,43,38,38,00,00,77,37*a0202911
#BESTPOSA,COM1,0,50.5,FINESTEERING,2436,290969.000,00200200,000e,10817;SOL_COMPUTED,NARROW_INT,31.16152461747,121.45330940461,5.5779,11.0302,WGS84,3.4948,4.6140,10.7188,"1793",1.000,1.000,49,43,38,37,00,00,77,37*4ccbb547
#BESTPOSA,COM1,0,44.0,FINESTEERING,2436,290970.000,00000200,000e,10817;SOL_COMPUTED,NARROW_INT,31.16151252643,121.45331768470,5.6012,11.0302,WGS84,3.4948,4.6140,10.7188,"1793",1.000,1.000,49,43,38,37,00,00,77,37*c9bc270d
#BESTPOSA,COM1,0,47.0,FINESTEERING,2436,290971.000,00000200,000e,10817;SOL_COMPUTED,NARROW_INT,31.16149782244,121.45332381351,5.6378,11.0302,WGS84,3.4948,4.6140,10.7188,"1793",1.000,1.000,49,43,38,37,00,00,77,37*884371e4
#BESTPOSA,COM1,0,48.0,FINESTEERING,2436,290972.000,00000200,000e,10817;SOL_COMPUTED,NARROW_INT,31.16148024860,121.45333193175,5.6458,11.0302,WGS84,3.4948,4.6140,10.7188,"1793",1.000,1.000,50,44,40,37,00,00,77,37*bfe352f9
#BESTPOSA,COM1,0,46.5,FINESTEERING,2436,290973.000,00000200,000e,10817;SOL_COMPUTED,NARROW_INT,31.16146955173,121.45333846196,5.6546,11.0302,WGS84,3.4948,4.6140,10.7188,"1793",1.000,1.000,49,43,39,38,00,00,77,37*486e98f4
#BESTPOSA,COM1,0,47.0,FINESTEERING,2436,290974.000,00000200,000e,10817;SOL_COMPUTED,NARROW_INT,31.16145673903,121.45334730397,5.6858,11.0302,WGS84,3.4948,4.6140,10.7188,"1793",1.000,1.000,50,44,40,38,00,00,77,37*2614317a
#BESTPOSA,COM1,0,46.5,FINESTEERING,2436,290975.000,00000200,000e,10817;SOL_COMPUTED,NARROW_INT,31.16144622427,121.45335485656,5.7032,11.0302,WGS84,3.4948,4.6140,10.7188,"1793",1.000,1.000,50,44,40,38,00,00,77,37*086d6be4
#BESTPOSA,COM1,0,46.0,FINESTEERING,2436,290976.000,00000200,000e,10817;SOL_COMPUTED,NARROW_INT,31.16143467010,121.45336373383,5.7065,11.0302,WGS84,3.4948,4.6140,10.7188,"1793",1.000,1.000,50,44,40,38,00,00,77,37*770b45a3
#BESTPOSA,COM1,0,46.5,FINESTEERING,2436,290977.000,00000200,000e,10817;SOL_COMPUTED,NARROW_INT,31.16142308284,121.45337629240,5.6914,11.0302,WGS84,3.4948,4.6140,10.7188,"1793",1.000,1.000,50,44,40,39,00,00,77,37*458b3112
#BESTPOSA,COM1,0,47.0,FINESTEERING,2436,290978.000,00000200,000e,10817;SOL_COMPUTED,NARROW_INT,31.16141520223,121.45338706916,5.6702,11.0302,WGS84,3.4948,4.6140,10.7188,"1793",1.000,1.000,50,44,39,39,00,00,77,37*0be0414b
#BESTPOSA,COM1,0,46.5,FINESTEERING,2436,290979.000,00000200,000e,10817;SOL_COMPUTED,NARROW_INT,31.16141071017,121.45340090216,5.6617,11.0302,WGS84,3.4948,4.6140,10.7188,"1793",1.000,1.000,50,44,39,39,00,00,77,37*b1e958e9
#BESTPOSA,COM1,0,46.5,FINESTEERING,2436,290980.000,00000200,000e,10817;SOL_COMPUTED,NARROW_INT,31.16140996034,121.45341316246,5.6425,11.0302,WGS84,3.4948,4.6140,10.7188,"1793",1.000,1.000,50,44,38,36,00,00,77,37*3ea36312
#BESTPOSA,COM1,0,47.0,FINESTEERING,2436,290981.000,00000200,000e,10817;SOL_COMPUTED,NARROW_INT,31.16141146807,121.45342562397,5.6479,11.0302,WGS84,3.4948,4.6140,10.7188,"1793",1.000,1.000,50,44,38,37,00,00,77,37*4a77c6f8
#BESTPOSA,COM1,0,46.5,FINESTEERING,2436,290982.000,00000200,000e,10817;SOL_COMPUTED,NARROW_INT,31.16141529420,121.45343846801,5.6380,11.0302,WGS84,3.4948,4.6140,10.7188,"1793",1.000,1.000,50,44,38,38,00,00,77,37*8f9d21f0
#BESTPOSA,COM1,0,46.0,FINESTEERING,2436,290983.000,00200200,000e,10817;SOL_COMPUTED,NARROW_INT,31.16141752282,121.45345051517,5.6637,11.0302,WGS84,3.4948,4.6140,10.7188,"1793",1.000,1.000,48,43,38,38,00,00,77,37*80d697cf
#BESTPOSA,COM1,0,47.0,FINESTEERING,2436,290984.000,00000200,000e,10817;SOL_COMPUTED,NARROW_INT,31.16141807431,121.45346276865,5.6725,11.0302,WGS84,3.4948,4.6140,10.7188,"1793",1.000,1.000,48,43,38,39,00,00,77,37*010b8ccb
#BESTPOSA,COM1,0,47.0,FINESTEERING,2436,290985.000,00000200,000e,10817;SOL_COMPUTED,NARROW_INT,31.16141870330,121.45347561181,5.6827,11.0302,WGS84,3.4948,4.6140,10.7188,"1793",1.000,1.000,48,43,37,37,00,00,77,37*856fd510
#BESTPOSA,COM1,0,47.5,FINESTEERING,2436,290986.000,00000200,000e,10817;SOL_COMPUTED,NARROW_INT,31.16142058448,121.45348738610,5.6864,11.0302,WGS84,3.4948,4.6140,10.7188,"1793",1.000,1.000,49,44,38,38,00,00,77,37*675670c3
#BESTPOSA,COM1,0,47.5,FINESTEERING,2436,290987.000,00000200,000e,10817;SOL_COMPUTED,NARROW_INT,31.16142234893,121.45349926605,5.6930,11.0302,WGS84,3.4948,4.6140,10.7188,"1793",1.000,1.000,49,44,40,39,00,00,77,37*c45e727e
#BESTPOSA,COM1,0,48.0,FINESTEERING,2436,290988.000,00000200,000e,10817;SOL_COMPUTED,NARROW_INT,31.16142586006,121.45351341616,5.7063,11.0302,WGS84,3.4948,4.6140,10.7188,"1793",1.000,1.000,49,44,40,39,00,00,77,37*eaccd3e5
#BESTPOSA,COM1,0,47.5,FINESTEERING,2436,290989.000,00000200,000e,10817;SOL_COMPUTED,NARROW_INT,31.16142984234,121.45352747807,5.7188,11.0302,WGS84,3.4948,4.6140,10.7188,"1793",1.000,1.000,48,44,40,39,00,00,77,37*0b37a54f
#BESTPOSA,COM1,0,49.0,FINESTEERING,2436,290990.000,00000200,000e,10817;SOL_COMPUTED,NARROW_INT,31.16143499069,121.45354456307,5.7435,11.0302,WGS84,3.4948,4.6140,10.7188,"1793",1.000,1.000,47,43,39,39,00,00,77,37*d758dafd
#BESTPOSA,COM1,0,48.5,FINESTEERING,2436,290991.000,00000200,000e,10817;SOL_COMPUTED,NARROW_INT,31.16143855805,121.45356275607,5.7634,11.0302,WGS84,3.4948,4.6140,10.7188,"1793",1.000,1.000,49,44,40,39,00,00,77,37*87d8cab4
#BESTPOSA,COM1,0,48.5,FINESTEERING,2436,290992.000,00000200,000e,10817;SOL_COMPUTED,NARROW_INT,31.16144219119,121.45357972618,5.8107,11.0302,WGS84,3.4948,4.6140,10.7188,"1793",1.000,1.000,49,44,39,38,00,00,77,37*64451ca9
#BESTPOSA,COM1,0,47.5,FINESTEERING,2436,290993.000,00000200,000e,10817;SOL_COMPUTED,NARROW_INT,31.16144543484,121.45359831652,5.8168,11.0302,WGS84,3.4948,4.6140,10.7188,"1793",2.000,2.000,49,44,39,37,00,00,77,37*af87cabc
#BESTPOSA,COM1,0,53.5,FINESTEERING,2436,290994.000,00000200,000e,10817;SOL_COMPUTED,NARROW_INT,31.16144815677,121.45362071672,5.8218,11.0302,WGS84,3.4948,4.6140,10.7188,"1793",1.000,1.000,47,43,38,38,00,00,77,37*20f77427
#BESTPOSA,COM1,0,41.0,FINESTEERING,2436,290995.000,00000200,000e,10817;SOL_COMPUTED,NARROW_INT,31.16145005043,121.45363361792,5.8081,11.0302,WGS84,3.4948,4.6140,10.7188,"1793",1.000,1.000,47,43,38,37,00,00,77,37*c719c195
#BESTPOSA,COM1,0,48.5,FINESTEERING,2436,290996.000,00000200,000e,10817;SOL_COMPUTED,NARROW_INT,31.16145164347,121.45365060068,5.8164,11.0302,WGS84,3.4948,4.6140,10.7188,"1793",1.000,1.000,48,44,39,36,00,00,77,37*31e7791e
#BESTPOSA,COM1,0,48.5,FINESTEERING,2436,290997.000,00000200,000e,10817;SOL_COMPUTED,NARROW_INT,31.16145074641,121.45366626884,5.8050,11.0302,WGS84,3.4948,4.6140,10.7188,"1793",1.000,1.000,48,44,40,38,00,00,77,37*6eae5501
#BESTPOSA,COM1,0,49.0,FINESTEERING,2436,290998.000,00000200,000e,10817;SOL_COMPUTED,NARROW_INT,31.16144723623,121.45368076236,5.7958,11.0302,WGS84,3.4948,4.6140,10.7188,"1793",1.000,1.000,47,43,38,37,00,00,77,37*6bf86621
#BESTPOSA,COM1,0,49.0,FINESTEERING,2436,290999.000,00000200,000e,10817;SOL_COMPUTED,NARROW_INT,31.16144365904,121.45369476802,5.7866,11.0302,WGS84,3.4948,4.6140,10.7188,"1793",1.000,1.000,47,43,38,36,00,00,77,37*a3d913fa
#BESTPOSA,COM1,0,48.5,FINESTEERING,2436,291000.000,00000200,000e,10817;SOL_COMPUTED,NARROW_INT,31.16144399248,121.45370460148,5.8310,11.0302,WGS84,3.4948,4.6140,10.7188,"1793",1.000,1.000,48,43,38,36,00,00,77,37*75c4f2a6
#BESTPOSA,COM1,0,49.0,FINESTEERING,2436,291001.000,00000200,000e,10817;SOL_COMPUTED,NARROW_INT,31.16144464620,121.45371012689,5.8617,11.0302,WGS84,3.4948,4.6140,10.7188,"1793",1.000,1.000,48,43,39,37,00,00,77,37*06d00af5
#BESTPOSA,COM1,0,49.0,FINESTEERING,2436,291002.000,00000200,000e,10817;SOL_COMPUTED,NARROW_INT,31.16144595209,121.45372194556,5.8372,11.0302,WGS84,3.4948,4.6140,10.7188,"1793",1.000,1.000,49,44,39,37,00,00,77,37*9795e6d8
#BESTPOSA,COM1,0,48.0,FINESTEERING,2436,291003.000,00000200,000e,10817;SOL_COMPUTED,NARROW_INT,31.16144814818,121.45373462911,5.8394,11.0302,WGS84,3.4948,4.6140,10.7188,"1793",1.000,1.000,48,44,39,37,00,00,77,37*e2be6b23
#BESTPOSA,COM1,0,48.0,FINESTEERING,2436,291004.000,00000200,000e,10817;SOL_COMPUTED,NARROW_INT,31.16145004230,121.45374189880,5.8385,11.0302,WGS84,3.4948,4.6140,10.7188,"1793",1.000,1.000,50,45,40,39,00,00,77,37*70a358e5
#BESTPOSA,COM1,0,48.5,FINESTEERING,2436,291005.000,00000200,000e,10817;SOL_COMPUTED,NARROW_INT,31.16145241319,121.45375045749,5.8676,11.0302,WGS84,3.4948,4.6140,10.7188,"1793",1.000,1.000,50,45,39,37,00,00,77,37*afa94d6c
#BESTPOSA,COM1,0,47.0,FINESTEERING,2436,291006.000,00000200,000e,10817;SOL_COMPUTED,NARROW_INT,31.16145451212,121.45375969509,5.8594,11.0302,WGS84,3.4948,4.6140,10.7188,"1793",1.000,1.000,49,45,39,37,00,00,77,37*a242eee7
#BESTPOSA,COM1,0,48.5,FINESTEERING,2436,291007.000,00000200,000e,10817;SOL_COMPUTED,NARROW_INT,31.16145609382,121.45377347712,5.8587,11.0333,WGS84,3.4948,4.6140,10.7188,"1793",1.000,1.000,50,45,40,37,00,00,77,37*897c617c
#BESTPOSA,COM1,0,48.5,FINESTEERING,2436,291008.000,00000200,000e,10817;SOL_COMPUTED,NARROW_INT,31.16146034538,121.45378739672,5.8682,11.0333,WGS84,3.4948,4.6140,10.7188,"1793",1.000,1.000,49,44,40,40,00,00,77,37*7e523dfd
#BESTPOSA,COM1,0,49.0,FINESTEERING,2436,291009.000,00000200,000e,10817;SOL_COMPUTED,NARROW_INT,31.16146461462,121.45379936886,5.8781,11.0333,WGS84,3.4948,4.6140,10.7188,"1793",1.000,1.000,50,45,40,39,00,00,77,37*a48fa22e
#BESTPOSA,COM1,0,49.5,FINESTEERING,2436,291010.000,00000200,000e,10817;SOL_COMPUTED,NARROW_INT,31.16146952875,121.45381430239,5.8783,11.0333,WGS84,3.4948,4.6140,10.7188,"1793",1.000,1.000,49,45,39,38,00,00,77,37*f2910b44
#BESTPOSA,COM1,0,51.5,FINESTEERING,2436,291011.000,00000200,000e,10817;SOL_COMPUTED,NARROW_INT,31.16147374793,121.45382762522,5.8848,11.0333,WGS84,3.4948,4.6140,10.7188,"1793",1.000,1.000,48,45,39,37,00,00,77,37*bc531d81
#BESTPOSA,COM1,0,46.0,FINESTEERING,2436,291012.000,00200200,000e,10817;SOL_COMPUTED,NARROW_INT,31.16147748612,121.45384491553,5.8868,11.0333,WGS84,3.4948,4.6140,10.7188,"1793",1.000,1.000,49,44,39,40,00,00,77,37*543857ee
#BESTPOSA,COM1,0,48.5,FINESTEERING,2436,291013.000,00000200,000e,10817;SOL_COMPUTED,NARROW_INT,31.16147989655,121.45386554761,5.8917,11.0333,WGS84,3.4948,4.6140,10.7188,"1793",1.000,1.000,50,45,39,40,00,00,77,37*85024813
#BESTPOSA,COM1,0,47.5,FINESTEERING,2436,291014.000,00000200,000e,10817;SOL_COMPUTED,NARROW_INT,31.16148117551,121.45388925991,5.9037,11.0333,WGS84,3.4948,4.6140,10.7188,"1793",1.000,1.000,49,44,39,40,00,00,77,37*3146ae5a
#BESTPOSA,COM1,0,48.0,FINESTEERING,2436,291015.000,00000200,000e,10817;SOL_COMPUTED,NARROW_INT,31.16147917411,121.45390817879,5.8958,11.0333,WGS84,3.4948,4.6140,10.7188,"1793",1.000,1.000,49,44,38,38,00,00,77,37*f63b6409
#BESTPOSA,COM1,0,48.5,FINESTEERING,2436,291016.000,00000200,000e,10817;SOL_COMPUTED,NARROW_INT,31.16147720680,121.45392824883,5.9069,11.0333,WGS84,3.4948,4.6140,10.7188,"1793",1.000,1.000,50,45,38,38,00,00,77,37*55de2071
#BESTPOSA,COM1,0,48.5,FINESTEERING,2436,291017.000,00000200,000e,10817;SOL_COMPUTED,NARROW_INT,31.16147692435,121.45394981457,5.8880,11.0333,WGS84,3.4948,4.6140,10.7188,"1793",1.000,1.000,50,45,39,40,00,00,77,37*10782d03
#BESTPOSA,COM1,0,48.5,FINESTEERING,2436,291018.000,00000200,000e,10817;SOL_COMPUTED,NARROW_INT,31.16147908444,121.45396490353,5.8879,11.0333,WGS84,3.4948,4.6140,10.7188,"1793",1.000,1.000,50,45,39,38,00,00,77,37*8d436f3c
#BESTPOSA,COM1,0,50.0,FINESTEERING,2436,291019.000,00000200,000e,10817;SOL_COMPUTED,NARROW_INT,31.16148071444,121.45397885052,5.9281,11.0333,WGS84,3.4948,4.6140,10.7188,"1793",1.000,1.000,49,45,39,38,00,00,77,37*471ae7c9
#BESTPOSA,COM1,0,49.0,FINESTEERING,2436,291020.000,00000200,000e,10817;SOL_COMPUTED,NARROW_INT,31.16148133615,121.45399439045,5.9808,11.0333,WGS84,3.4948,4.6140,10.7188,"1793",1.000,1.000,49,45,39,38,00,00,77,37*bab92bc3
#BESTPOSA,COM1,0,48.0,FINESTEERING,2436,291021.000,00200200,000e,10817;SOL_COMPUTED,NARROW_INT,31.16148152125,121.45401097397,5.9446,11.0333,WGS84,3.4948,4.6140,10.7188,"1793",1.000,1.000,50,46,39,37,00,00,77,37*68b7245a
#BESTPOSA,COM1,0,47.5,FINESTEERING,2436,291022.000,00000200,000e,10817;SOL_COMPUTED,NARROW_INT,31.16148372515,121.45402711132,5.9489,11.0333,WGS84,3.4948,4.6140,10.7188,"1793",1.000,1.000,50,46,40,40,00,00,77,37*4e122e8e
#BESTPOSA,COM1,0,48.0,FINESTEERING,2436,291023.000,00000200,000e,10817;SOL_COMPUTED,NARROW_INT,31.16148692942,121.45404180753,5.9579,11.0333,WGS84,3.4948,4.6140,10.7188,"1793",1.000,1.000,48,45,38,36,00,00,77,37*e901a8d3
#BESTPOSA,COM1,0,48.0,FINESTEERING,2436,291024.000,00000200,000e,10817;SOL_COMPUTED,NARROW_INT,31.16148836768,121.45405267743,5.9394,11.0333,WGS84,3.4948,4.6140,10.7188,"1793",1.000,1.000,49,45,38,37,00,00,77,37*6e28ca13
#BESTPOSA,COM1,0,48.0,FINESTEERING,2436,291025.000,00000200,000e,10817;SOL_COMPUTED,NARROW_INT,31.16148954542,121.45406393276,5.9441,11.0333,WGS84,3.4948,4.6140,10.7188,"1793",1.000,1.000,46,43,36,35,00,00,77,37*46288f31
#BESTPOSA,COM1,0,49.0,FINESTEERING,2436,291026.000,00000200,000e,10817;SOL_COMPUTED,NARROW_INT,31.16149047304,121.45407579125,5.9289,11.0333,WGS84,3.4948,4.6140,10.7188,"1793",1.000,1.000,48,43,37,39,00,00,77,37*74f6d97d
#BESTPOSA,COM1,0,49.5,FINESTEERING,2436,291027.000,00000200,000e,10817;SOL_COMPUTED,NARROW_INT,31.16149195909,121.45408929195,5.8984,11.0333,WGS84,3.4948,4.6140,10.7188,"1793",1.000,1.000,46,42,36,35,00,00,77,37*346c6fca
#BESTPOSA,COM1,0,50.0,FINESTEERING,2436,291028.000,00000200,000e,10817;SOL_COMPUTED,NARROW_INT,31.16149320082,121.45410416566,5.8262,11.0333,WGS84,3.4948,4.6140,10.7188,"1793",1.000,1.000,47,43,37,35,00,00,77,37*e6e1befa
#BESTPOSA,COM1,0,50.5,FINESTEERING,2436,291029.000,00000200,000e,10817;SOL_COMPUTED,NARROW_INT,31.16149525262,121.45411813521,5.8108,11.0333,WGS84,3.4948,4.6140,10.7188,"1793",1.000,1.000,46,42,36,36,00,00,77,37*619fafbe
#BESTPOSA,COM1,0,50.5,FINESTEERING,2436,291030.000,00000200,000e,10817;SOL_COMPUTED,NARROW_INT,31.16149709132,121.45413133772,5.8724,11.0333,WGS84,3.4948,4.6140,10.7188,"1793",1.000,1.000,45,41,36,35,00,00,77,37*14d510b0
#BESTPOSA,COM1,0,50.5,FINESTEERING,2436,291031.000,00000200,000e,10817;SOL_COMPUTED,NARROW_INT,31.16149835023,121.45414408250,5.8741,11.0333,WGS84,3.4948,4.6140,10.7188,"1793",1.000,1.000,47,42,37,36,00,00,77,37*d01549ab
#BESTPOSA,COM1,0,50.5,FINESTEERING,2436,291032.000,00000200,000e,10817;SOL_COMPUTED,NARROW_INT,31.16149925382,121.45415816281,5.8490,11.0333,WGS84,3.4948,4.6140,10.7188,"1793",1.000,1.000,46,41,37,36,00,00,77,37*b25a7d92
#BESTPOSA,COM1,0,51.0,FINESTEERING,2436,291033.000,00000200,000e,10817;SOL_COMPUTED,NARROW_INT,31.16150036270,121.45417235533,5.8211,11.0333,WGS84,3.4948,4.6140,10.7188,"1793",1.000,1.000,47,42,37,36,00,00,77,37*a7bb3597
#BESTPOSA,COM1,0,52.0,FINESTEERING,2436,291034.000,00200200,000e,10817;SOL_COMPUTED,NARROW_INT,31.16150229749,121.45418654596,5.8357,11.0333,WGS84,3.4948,4.6140,10.7188,"1793",1.000,1.000,46,42,37,34,00,00,77,37*a53f7bcb
#BESTPOSA,COM1,0,57.0,FINESTEERING,2436,291035.000,00000200,000e,10817;SOL_COMPUTED,NARROW_INT,31.16150385614,121.45420397337,5.8251,11.0333,WGS84,3.4948,4.6140,10.7188,"1793",1.000,1.000,44,41,36,33,00,00,77,37*c3d29ca2
#BESTPOSA,COM1,0,57.0,FINESTEERING,2436,291036.000,00000200,000e,10817;SOL_COMPUTED,NARROW_INT,31.16150519341,121.45421876239,5.8047,11.0333,WGS84,3.4948,4.6140,10.7188,"1793",1.000,1.000,43,40,36,32,00,00,77,37*74ca5560
#BESTPOSA,COM1,0,47.0,FINESTEERING,2436,291037.000,00000200,000e,10817;SOL_COMPUTED,NARROW_INT,31.16150767775,121.45423288728,5.7648,11.0333,WGS84,3.4948,4.6140,10.7188,"1793",1.000,1.000,45,42,36,34,00,00,77,37*703b4049
#BESTPOSA,COM1,0,51.5,FINESTEERING,2436,291038.000,00000200,000e,10817;SOL_COMPUTED,NARROW_INT,31.16150940256,121.45424221660,5.7877,11.0333,WGS84,3.4948,4.6140,10.7188,"1793",1.000,1.000,46,43,36,35,00,00,77,37*b73c5d84
#BESTPOSA,COM1,0,51.5,FINESTEERING,2436,291039.000,00000200,000e,10817;SOL_COMPUTED,NARROW_INT,31.16151164704,121.45425556782,5.7685,11.0333,WGS84,3.4948,4.6140,10.7188,"1793",1.000,1.000,47,44,37,33,00,00,77,37*eaa69064
#BESTPOSA,COM1,0,51.0,FINESTEERING,2436,291040.000,00000200,000e,10817;SOL_COMPUTED,NARROW_INT,31.16151387774,121.45426834121,5.7342,11.0333,WGS84,3.4948,4.6140,10.7188,"1793",1.000,1.000,45,42,36,33,00,00,77,37*c1e2c984
#BESTPOSA,COM1,0,50.0,FINESTEERING,2436,291041.000,00000200,000e,10817;SOL_COMPUTED,NARROW_INT,31.16151479967,121.45428120307,5.7440,11.0333,WGS84,3.4948,4.6140,10.7188,"1793",2.000,2.000,48,45,38,35,00,00,77,37*9ffad183
#BESTPOSA,COM1,0,55.5,FINESTEERING,2436,291042.000,00000200,000e,10817;SOL_COMPUTED,NARROW_INT,31.16151556130,121.45429522205,5.7155,11.0333,WGS84,3.4948,4.6140,10.7188,"1793",1.000,1.000,47,44,38,35,00,00,77,37*45b99802
#BESTPOSA,COM1,0,45.0,FINESTEERING,2436,291043.000,00000200,000e,10817;SOL_COMPUTED,NARROW_INT,31.16151697930,121.45431069098,5.6923,11.0333,WGS84,3.4948,4.6140,10.7188,"1793",1.000,1.000,48,44,38,35,00,00,77,37*faad3b5a
#BESTPOSA,COM1,0,50.0,FINESTEERING,2436,291044.000,00000200,000e,10817;SOL_COMPUTED,NARROW_INT,31.16151846634,121.45432517702,5.6627,11.0333,WGS84,3.4948,4.6140,10.7188,"1793",1.000,1.000,47,43,38,35,00,00,77,37*838bee73
#BESTPOSA,COM1,0,50.5,FINESTEERING,2436,291045.000,00000200,000e,10817;SOL_COMPUTED,NARROW_INT,31.16152014857,121.45433997671,5.6342,11.0354,WGS84,3.4948,4.6140,10.7188,"1793",2.000,2.000,49,44,39,35,00,00,77,37*25270ba8
#BESTPOSA,COM1,0,56.5,FINESTEERING,2436,291046.000,00000200,000e,10817;SOL_COMPUTED,NARROW_INT,31.16152223073,121.45435574154,5.5930,11.0354,WGS84,3.4948,4.6140,10.7188,"1793",1.000,1.000,49,44,38,35,00,00,77,37*6a06123c
#BESTPOSA,COM1,0,43.5,FINESTEERING,2436,291047.000,00000200,000e,10817;SOL_COMPUTED,NARROW_INT,31.16152434904,121.45437005953,5.5667,11.0354,WGS84,3.4948,4.6140,10.7188,"1793",2.000,2.000,48,44,39,35,00,00,77,37*aefdbf40
#BESTPOSA,COM1,0,56.0,FINESTEERING,2436,291048.000,00000200,000e,10817;SOL_COMPUTED,NARROW_INT,31.16152646943,121.45438300160,5.5218,11.0354,WGS84,3.4948,4.6140,10.7188,"1793",1.000,1.000,47,42,38,36,00,00,77,37*e9124d7d
#BESTPOSA,COM1,0,43.5,FINESTEERING,2436,291049.000,00000200,000e,10817;SOL_COMPUTED,NARROW_INT,31.16152800328,121.45439476792,5.5037,11.0354,WGS84,3.4948,4.6140,10.7188,"1793",2.000,2.000,48,43,38,36,00,00,77,37*6e1a0100
#BESTPOSA,COM1,0,55.5,FINESTEERING,2436,291050.000,00000200,000e,10817;SOL_COMPUTED,NARROW_INT,31.16153008427,121.45440873018,5.5149,11.0354,WGS84,3.4948,4.6140,10.7188,"1793",3.000,3.000,48,43,38,36,00,00,77,37*27c1f564
#BESTPOSA,COM1,0,56.5,FINESTEERING,2436,291051.000,00000200,000e,10817;SOL_COMPUTED,NARROW_INT,31.16153342406,121.45442280549,5.4965,11.0354,WGS84,3.4948,4.6140,10.7188,"1793",4.000,4.000,48,43,38,36,00,00,77,37*99993e42
#BESTPOSA,COM1,0,56.0,FINESTEERING,2436,291052.000,00000200,000e,10817;SOL_COMPUTED,NARROW_INT,31.16153547094,121.45443861656,5.4727,11.0354,WGS84,3.4948,4.6140,10.7188,"1793",5.000,5.000,49,44,38,36,00,00,77,37*7190c4bd
#BESTPOSA,COM1,0,56.5,FINESTEERING,2436,291053.000,00000200,000e,10817;SOL_COMPUTED,NARROW_INT,31.16153567621,121.45445690044,5.4111,11.0354,WGS84,3.4948,4.6140,10.7188,"1793",6.000,6.000,49,44,39,36,00,00,77,37*60915dfe
#BESTPOSA,COM1,0,56.0,FINESTEERING,2436,291054.000,00000200,000e,10817;SOL_COMPUTED,NARROW_INT,31.16153530729,121.45447324944,5.3994,11.0354,WGS84,3.4948,4.6140,10.7188,"1793",2.000,2.000,48,43,38,36,00,00,77,37*4db0e151
#BESTPOSA,COM1,0,34.5,FINESTEERING,2436,291055.000,00000200,000e,10817;SOL_COMPUTED,NARROW_INT,31.16153514720,121.45448950322,5.3994,11.0354,WGS84,3.4948,4.6140,10.7188,"1793",3.000,3.000,48,44,39,36,00,00,77,37*0ebbe52e
#BESTPOSA,COM1,0,54.5,FINESTEERING,2436,291056.000,00000200,000e,10817;SOL_COMPUTED,NARROW_INT,31.16153497145,121.45450665117,5.3152,11.0354,WGS84,3.4948,4.6140,10.7188,"1793",1.000,1.000,49,44,39,36,00,00,77,37*2a788232
#BESTPOSA,COM1,0,37.5,FINESTEERING,2436,291057.000,00000200,000e,10817;SOL_COMPUTED,NARROW_INT,31.16153482312,121.45452687378,5.2845,11.0354,WGS84,3.4948,4.6140,10.7188,"1793",1.000,1.000,50,43,38,35,00,00,77,37*d57bfd53
#BESTPOSA,COM1,0,49.5,FINESTEERING,2436,291058.000,00000200,000e,10817;SOL_COMPUTED,NARROW_INT,31.16153666453,121.45453764152,5.2705,11.0354,WGS84,3.4948,4.6140,10.7188,"1793",1.000,1.000,50,44,39,36,00,00,77,37*590a63f7
#BESTPOSA,COM1,0,49.5,FINESTEERING,2436,291059.000,00000200,000e,10817;SOL_COMPUTED,NARROW_INT,31.16154051427,121.45455270446,5.2420,11.0354,WGS84,3.4948,4.6140,10.7188,"1793",1.000,1.000,49,44,39,35,00,00,77,37*779aabff
#BESTPOSA,COM1,0,49.5,FINESTEERING,2436,291060.000,00000200,000e,10817;SOL_COMPUTED,NARROW_INT,31.16154211945,121.45455890167,5.2367,11.0354,WGS84,3.4948,4.6140,10.7188,"1793",2.000,2.000,48,43,38,35,00,00,77,37*8869fbc3
#BESTPOSA,COM1,0,56.5,FINESTEERING,2436,291061.000,00000200,000e,10817;SOL_COMPUTED,NARROW_INT,31.16154399551,121.45456561118,5.2209,11.0354,WGS84,3.4948,4.6140,10.7188,"1793",3.000,3.000,48,43,38,35,00,00,77,37*a687923d
#BESTPOSA,COM1,0,56.5,FINESTEERING,2436,291062.000,00000200,000e,10817;SOL_COMPUTED,NARROW_INT,31.16154634271,121.45457522445,5.2127,11.0354,WGS84,3.4948,4.6140,10.7188,"1793",4.000,4.000,47,42,37,35,00,00,77,37*2258457d
#BESTPOSA,COM1,0,56.5,FINESTEERING,2436,291063.000,00000200,000e,10817;SOL_COMPUTED,NARROW_INT,31.16154835006,121.45458904287,5.1763,11.0354,WGS84,3.4948,4.6140,10.7188,"1793",5.000,5.000,47,42,37,35,00,00,77,37*7ff357c5
#BESTPOSA,COM1,0,57.0,FINESTEERING,2436,291064.000,00008200,000e,10817;SOL_COMPUTED,NARROW_INT,31.16154919735,121.45460069275,5.1563,11.0354,WGS84,3.4948,4.6140,10.7188,"1793",2.000,2.000,47,42,37,36,00,00,77,37*79d967f7
#BESTPOSA,COM1,0,32.5,FINESTEERING,2436,291065.000,00008200,000e,10817;SOL_COMPUTED,NARROW_INT,31.16155008240,121.45461024320,5.1326,11.0354,WGS84,3.4948,4.6140,10.7188,"1793",1.000,1.000,47,42,37,36,00,00,77,37*1fa91874
#BESTPOSA,COM1,0,40.5,FINESTEERING,2436,291066.000,00000200,000e,10817;SOL_COMPUTED,NARROW_INT,31.16155129373,121.45461730318,5.1064,11.0354,WGS84,3.4948,4.6140,10.7188,"1793",1.000,1.000,48,43,37,36,00,00,77,37*e23a2829
#BESTPOSA,COM1,0,50.5,FINESTEERING,2436,291067.000,00000200,000e,10817;SOL_COMPUTED,NARROW_INT,31.16155190447,121.45462034884,5.1147,11.0354,WGS84,3.4948,4.6140,10.7188,"1793",1.000,1.000,49,44,38,36,00,00,77,37*bd1726d3
#BESTPOSA,COM1,0,49.0,FINESTEERING,2436,291068.000,00000200,000e,10817;SOL_COMPUTED,NARROW_INT,31.16155191348,121.45462063777,5.1222,11.0354,WGS84,3.4948,4.6140,10.7188,"1793",1.000,1.000,50,44,39,37,00,00,77,37*c5e68a52
#BESTPOSA,COM1,0,49.5,FINESTEERING,2436,291069.000,00000200,000e,10817;SOL_COMPUTED,NARROW_INT,31.16155190387,121.45462067770,5.1187,11.0354,WGS84,3.4948,4.6140,10.7188,"1793",1.000,1.000,50,44,38,36,00,00,77,37*f7788188
#BESTPOSA,COM1,0,48.0,FINESTEERING,2436,291070.000,00000200,000e,10817;SOL_COMPUTED,NARROW_INT,31.16155191269,121.45462068813,5.1163,11.0354,WGS84,3.4948,4.6140,10.7188,"1793",1.000,1.000,50,44,38,36,00,00,77,37*dd62f951
#BESTPOSA,COM1,0,49.0,FINESTEERING,2436,291071.000,00000200,000e,10817;SOL_COMPUTED,NARROW_INT,31.16155193157,121.45462063959,5.1175,11.0354,WGS84,3.4948,4.6140,10.7188,"1793",1.000,1.000,49,43,37,37,00,00,77,37*dd5d8604
#BESTPOSA,COM1,0,48.5,FINESTEERING,2436,291072.000,00000200,000e,10817;SOL_COMPUTED,NARROW_INT,31.16155190208,121.45462066346,5.1189,11.0354,WGS84,3.4948,4.6140,10.7188,"1793",1.000,1.000,50,44,38,37,00,00,77,37*6119312d
#BESTPOSA,COM1,0,48.0,FINESTEERING,2436,291073.000,00200200,000e,10817;SOL_COMPUTED,NARROW_INT,31.16155201938,121.45462119239,5.1144,11.0354,WGS84,3.4948,4.6140,10.7188,"1793",1.000,1.000,49,43,38,37,00,00,77,37*0cd6c6ce
#BESTPOSA,COM1,0,48.5,FINESTEERING,2436,291074.000,00000200,000e,10817;SOL_COMPUTED,NARROW_INT,31.16155492504,121.45463468045,5.0911,11.0354,WGS84,3.4948,4.6140,10.7188,"1793",1.000,1.000,50,44,39,37,00,00,77,37*d8840e35
#BESTPOSA,COM1,0,48.5,FINESTEERING,2436,291075.000,00000200,000e,10817;SOL_COMPUTED,NARROW_INT,31.16155912711,121.45465462518,5.0509,11.0354,WGS84,3.4948,4.6140,10.7188,"1793",1.000,1.000,50,44,39,37,00,00,77,37*57986a80
#BESTPOSA,COM1,0,50.0,FINESTEERING,2436,291076.000,00000200,000e,10817;SOL_COMPUTED,NARROW_INT,31.16156265825,121.45467229788,5.0253,11.0354,WGS84,3.4948,4.6140,10.7188,"1793",1.000,1.000,51,45,40,37,00,00,77,37*c8504ba3
#BESTPOSA,COM1,0,49.5,FINESTEERING,2436,291077.000,00000200,000e,10817;SOL_COMPUTED,NARROW_INT,31.16156569274,121.45468683217,4.9970,11.0354,WGS84,3.4948,4.6140,10.7188,"1793",1.000,1.000,52,46,42,39,00,00,77,37*f2f9a4cd
#BESTPOSA,COM1,0,48.5,FINESTEERING,2436,291078.000,00008200,000e,10817;SOL_COMPUTED,NARROW_INT,31.16156721036,121.45469724741,4.9738,11.0354,WGS84,3.4948,4.6140,10.7188,"1793",1.000,1.000,51,45,41,39,00,00,77,37*d9355a0c
#BESTPOSA,COM1,0,49.5,FINESTEERING,2436,291079.000,00000200,000e,10817;SOL_COMPUTED,NARROW_INT,31.16156773299,121.45470884222,4.9449,11.0354,WGS84,3.4948,4.6140,10.7188,"1793",1.000,1.000,49,43,39,37,00,00,77,37*343c41f7
#BESTPOSA,COM1,0,49.5,FINESTEERING,2436,291080.000,00000200,000e,10817;SOL_COMPUTED,NARROW_INT,31.16156828162,121.45472210826,4.9223,11.0354,WGS84,3.4948,4.6140,10.7188,"1793",1.000,1.000,49,43,39,37,00,00,77,37*8d842e72
#BESTPOSA,COM1,0,48.5,FINESTEERING,2436,291081.000,00008200,000e,10817;SOL_COMPUTED,NARROW_INT,31.16156872338,121.45473582366,4.9026,11.0354,WGS84,3.4948,4.6140,10.7188,"1793",1.000,1.000,49,43,39,38,00,00,77,37*7f6f7f65
#BESTPOSA,COM1,0,48.0,FINESTEERING,2436,291082.000,00008200,000e,10817;SOL_COMPUTED,NARROW_INT,31.16157002123,121.45475086133,4.8741,11.0354,WGS84,3.4948,4.6140,10.7188,"1793",1.000,1.000,49,43,39,37,00,00,77,37*8c6fa3fb
#BESTPOSA,COM1,0,49.5,FINESTEERING,2436,291083.000,00008200,000e,10817;SOL_COMPUTED,NARROW_INT,31.16157117427,121.45476129609,4.8672,11.0354,WGS84,3.4948,4.6140,10.7188,"1793",1.000,1.000,49,43,39,38,00,00,77,37*c6cd9bc6
#BESTPOSA,COM1,0,49.0,FINESTEERING,2436,291084.000,00000200,000e,10817;SOL_COMPUTED,NARROW_INT,31.16157239630,121.45477321078,4.8573,11.0354,WGS84,3.4948,4.6140,10.7188,"1793",1.000,1.000,49,43,39,38,00,00,77,37*bba39ec3
#BESTPOSA,COM1,0,48.5,FINESTEERING,2436,291085.000,00000200,000e,10817;SOL_COMPUTED,NARROW_INT,31.16157321355,121.45478627662,4.8261,11.0354,WGS84,3.4948,4.6140,10.7188,"1793",1.000,1.000,50,44,40,39,00,00,77,37*60616714
#BESTPOSA,COM1,0,48.0,FINESTEERING,2436,291086.000,00000200,000e,10817;SOL_COMPUTED,NARROW_INT,31.16157396370,121.45480349759,4.7941,11.0354,WGS84,3.4948,4.6140,10.7188,"1793",1.000,1.000,50,44,39,38,00,00,77,37*2e570012
#BESTPOSA,COM1,0,49.5,FINESTEERING,2436,291087.000,00000200,000e,10817;SOL_COMPUTED,NARROW_INT,31.16157474113,121.45482022901,4.7668,11.0354,WGS84,3.4948,4.6140,10.7188,"1793",1.000,1.000,50,44,39,38,00,00,77,37*81d84039
#BESTPOSA,COM1,0,48.0,FINESTEERING,2436,291088.000,00000200,000e,10817;SOL_COMPUTED,NARROW_INT,31.16157489728,121.45483413437,4.7655,11.0354,WGS84,3.4948,4.6140,10.7188,"1793",1.000,1.000,50,44,39,38,00,00,77,37*c6d4aaf2
#BESTPOSA,COM1,0,48.0,FINESTEERING,2436,291089.000,00000200,000e,10817;SOL_COMPUTED,NARROW_INT,31.16157376341,121.45484749844,4.7436,11.0354,WGS84,3.4948,4.6140,10.7188,"1793",1.000,1.000,50,44,40,39,00,00,77,37*a7cc44f8
#BESTPOSA,COM1,0,47.5,FINESTEERING,2436,291090.000,00000200,000e,10817;SOL_COMPUTED,NARROW_INT,31.16157365434,121.45485981625,4.7274,11.0354,WGS84,3.4948,4.6140,10.7188,"1793",1.000,1.000,51,45,41,39,00,00,77,37*3f98025f
#BESTPOSA,COM1,0,47.5,FINESTEERING,2436,291091.000,00008200,000e,10817;SOL_COMPUTED,NARROW_INT,31.16157293628,121.45486952513,4.7090,11.0354,WGS84,3.4948,4.6140,10.7188,"1793",1.000,1.000,52,46,42,40,00,00,77,37*59195e81
#BESTPOSA,COM1,0,45.0,FINESTEERING,2436,291092.000,00008200,000e,10817;SOL_COMPUTED,NARROW_INT,31.16157210427,121.45487949740,4.6913,11.0354,WGS84,3.4948,4.6140,10.7188,"1793",1.000,1.000,51,45,41,39,00,00,77,37*b4d10c9d
#BESTPOSA,COM1,0,46.5,FINESTEERING,2436,291093.000,00008200,000e,10817;SOL_COMPUTED,NARROW_INT,31.16157217262,121.45488099967,4.6809,11.0354,WGS84,3.4948,4.6140,10.7188,"1793",1.000,1.000,52,46,42,40,00,00,77,37*7debae95
#BESTPOSA,COM1,0,48.0,FINESTEERING,2436,291094.000,00008200,000e,10817;SOL_COMPUTED,NARROW_INT,31.16157215496,121.45488104604,4.6831,11.0354,WGS84,3.4948,4.6140,10.7188,"1793",1.000,1.000,52,46,42,40,00,00,77,37*815674d9
#BESTPOSA,COM1,0,47.5,FINESTEERING,2436,291095.000,00008200,000e,10817;SOL_COMPUTED,NARROW_INT,31.16157214546,121.45488102947,4.6866,11.0354,WGS84,3.4948,4.6140,10.7188,"1793",1.000,1.000,52,46,42,40,00,00,77,37*995d32bf
#BESTPOSA,COM1,0,47.5,FINESTEERING,2436,291096.000,00008200,000e,10817;SOL_COMPUTED,NARROW_INT,31.16157214012,121.45488105513,4.6865,11.0354,WGS84,3.4948,4.6140,10.7188,"1793",1.000,1.000,52,46,42,40,00,00,77,37*d2d5c57f
#BESTPOSA,COM1,0,46.5,FINESTEERING,2436,291097.000,00008200,000e,10817;SOL_COMPUTED,NARROW_INT,31.16157214096,121.45488106595,4.6805,11.0354,WGS84,3.4948,4.6140,10.7188,"1793",1.000,1.000,52,46,42,40,00,00,77,37*e10c3303
#BESTPOSA,COM1,0,46.5,FINESTEERING,2436,291098.000,00008200,000e,10817;SOL_COMPUTED,NARROW_INT,31.16157216980,121.45488108431,4.6777,11.0354,WGS84,3.4948,4.6140,10.7188,"1793",1.000,1.000,52,46,42,40,00,00,77,37*53233d7c
#BESTPOSA,COM1,0,46.0,FINESTEERING,2436,291099.000,00008200,000e,10817;SOL_COMPUTED,NARROW_INT,31.16157216417,121.45488106725,4.6816,11.0354,WGS84,3.4948,4.6140,10.7188,"1793",1.000,1.000,53,47,43,40,00,00,77,37*31e500cc
#BESTPOSA,COM1,0,47.5,FINESTEERING,2436,291100.000,00008200,000e,10817;SOL_COMPUTED,NARROW_INT,31.16157215743,121.45488107401,4.6820,11.0354,WGS84,3.4948,4.6140,10.7188,"1793",1.000,1.000,54,47,43,41,00,00,77,37*5a1c3c6a
#BESTPOSA,COM1,0,47.5,FINESTEERING,2436,291101.000,00008200,000e,10817;SOL_COMPUTED,NARROW_INT,31.16157217054,121.45488110002,4.6781,11.0354,WGS84,3.4948,4.6140,10.7188,"1793",1.000,1.000,55,47,43,41,00,00,77,37*52641fad
#BESTPOSA,COM1,0,46.5,FINESTEERING,2436,291102.000,00008200,000e,10817;SOL_COMPUTED,NARROW_INT,31.16157217744,121.45488108496,4.6806,11.0354,WGS84,3.4948,4.6140,10.7188,"1793",1.000,1.000,54,47,43,41,00,00,77,37*1429c44a
#BESTPOSA,COM1,0,47.5,FINESTEERING,2436,291103.000,00008200,000e,10817;SOL_COMPUTED,NARROW_INT,31.16157217639,121.45488108413,4.6797,11.0354,WGS84,3.4948,4.6140,10.7188,"1793",1.000,1.000,54,47,43,41,00,00,77,37*d6714934
#BESTPOSA,COM1,0,47.0,FINESTEERING,2436,291104.000,00008200,000e,10817;SOL_COMPUTED,NARROW_INT,31.16157216990,121.45488109200,4.6777,11.0354,WGS84,3.4948,4.6140,10.7188,"1793",1.000,1.000,54,47,43,41,00,00,77,37*0d6f31f5
#BESTPOSA,COM1,0,48.0,FINESTEERING,2436,291105.000,00008200,000e,10817;SOL_COMPUTED,NARROW_INT,31.16157217530,121.45488109620,4.6746,11.0354,WGS84,3.4948,4.6140,10.7188,"1793",1.000,1.000,55,47,43,41,00,00,77,37*86196764
#BESTPOSA,COM1,0,48.0,FINESTEERING,2436,291106.000,00008200,000e,10817;SOL_COMPUTED,NARROW_INT,31.16157217373,121.45488110344,4.6732,11.0354,WGS84,3.4948,4.6140,10.7188,"1793",1.000,1.000,55,47,43,41,00,00,77,37*54113cc3
#BESTPOSA,COM1,0,48.0,FINESTEERING,2436,291107.000,00008200,000e,10817;SOL_COMPUTED,NARROW_INT,31.16157218002,121.45488110302,4.6741,11.0354,WGS84,3.4948,4.6140,10.7188,"1793",1.000,1.000,55,47,42,39,00,00,77,37*e66ad9ae
#BESTPOSA,COM1,0,48.0,FINESTEERING,2436,291108.000,00008200,000e,10817;SOL_COMPUTED,NARROW_INT,31.16157216260,121.45488111129,4.6755,11.0354,WGS84,3.4948,4.6140,10.7188,"1793",1.000,1.000,55,47,42,40,00,00,77,37*240fff6a
#BESTPOSA,COM1,0,47.5,FINESTEERING,2436,291109.000,00008200,000e,10817;SOL_COMPUTED,NARROW_INT,31.16157217799,121.45488110866,4.6731,11.0354,WGS84,3.4948,4.6140,10.7188,"1793",1.000,1.000,55,47,42,40,00,00,77,37*c7cfccc2
#BESTPOSA,COM1,0,47.5,FINESTEERING,2436,291110.000,00008200,000e,10817;SOL_COMPUTED,NARROW_INT,31.16157215474,121.45488110788,4.6752,11.0354,WGS84,3.4948,4.6140,10.7188,"1793",1.000,1.000,55,47,42,40,00,00,77,37*78f0daf1
#BESTPOSA,COM1,0,48.0,FINESTEERING,2436,291111.000,00008200,000e,10817;SOL_COMPUTED,NARROW_INT,31.16157216218,121.45488111371,4.6765,11.0354,WGS84,3.4948,4.6140,10.7188,"1793",1.000,1.000,55,47,41,40,00,00,77,37*45bc33a9
#BESTPOSA,COM1,0,46.5,FINESTEERING,2436,291112.000,00008200,000e,10817;SOL_COMPUTED,NARROW_INT,31.16157216272,121.45488111776,4.6759,11.0354,WGS84,3.4948,4.6140,10.7188,"1793",1.000,1.000,55,47,42,41,00,00,77,37*d4ca78db
#BESTPOSA,COM1,0,47.5,FINESTEERING,2436,291113.000,00008200,000e,10817;SOL_COMPUTED,NARROW_INT,31.16157216234,121.45488112013,4.6750,11.0354,WGS84,3.4948,4.6140,10.7188,"1793",1.000,1.000,55,47,41,41,00,00,77,37*f06af8f1
#BESTPOSA,COM1,0,47.5,FINESTEERING,2436,291114.000,00008200,000e,10817;SOL_COMPUTED,NARROW_INT,31.16157193147,121.45488433047,4.6650,11.0354,WGS84,3.4948,4.6140,10.7188,"1793",1.000,1.000,55,47,41,41,00,00,77,37*371df473
#BESTPOSA,COM1,0,45.5,FINESTEERING,2436,291115.000,00008200,000e,10817;SOL_COMPUTED,NARROW_INT,31.16157160736,121.45489044789,4.6591,11.0354,WGS84,3.4948,4.6140,10.7188,"1793",1.000,1.000,54,46,41,41,00,00,77,37*22768035
#BESTPOSA,COM1,0,46.0,FINESTEERING,2436,291116.000,00008200,000e,10817;SOL_COMPUTED,NARROW_INT,31.16157155816,121.45489110154,4.6620,11.0354,WGS84,3.4948,4.6140,10.7188,"1793",1.000,1.000,55,47,42,41,00,00,77,37*60405568
#BESTPOSA,COM1,0,45.5,FINESTEERING,2436,291117.000,00008200,000e,10817;SOL_COMPUTED,NARROW_INT,31.16157151348,121.45489113996,4.6677,11.0354,WGS84,3.4948,4.6140,10.7188,"1793",1.000,1.000,55,47,41,41,00,00,77,37*4615ecf4
#BESTPOSA,COM1,0,45.5,FINESTEERING,2436,291118.000,00008200,000e,10817;SOL_COMPUTED,NARROW_INT,31.16157150615,121.45489118422,4.6674,11.0354,WGS84,3.4948,4.6140,10.7188,"1793",1.000,1.000,55,47,41,41,00,00,77,37*fd3f77f3
#BESTPOSA,COM1,0,46.0,FINESTEERING,2436,291119.000,00008200,000e,10817;SOL_COMPUTED,NARROW_INT,31.16157150442,121.45489118807,4.6673,11.0354,WGS84,3.4948,4.6140,10.7188,"1793",1.000,1.000,55,47,41,41,00,00,77,37*83b55416
#BESTPOSA,COM1,0,47.0,FINESTEERING,2436,291120.000,00008200,000e,10817;SOL_COMPUTED,NARROW_INT,31.16157150078,121.45489119301,4.6703,11.0354,WGS84,3.4948,4.6140,10.7188,"1793",1.000,1.000,55,47,42,41,00,00,77,37*0cc5050e
#BESTPOSA,COM1,0,47.5,FINESTEERING,2436,291121.000,00008200,000e,10817;SOL_COMPUTED,NARROW_INT,31.16157150008,121.45489120948,4.6718,11.0354,WGS84,3.4948,4.6140,10.7188,"1793",1.000,1.000,55,47,42,41,00,00,77,37*afb835f6
#BESTPOSA,COM1,0,47.0,FINESTEERING,2436,291122.000,00008200,000e,10817;SOL_COMPUTED,NARROW_INT,31.16157150542,121.45489119890,4.6708,11.0354,WGS84,3.4948,4.6140,10.7188,"1793",1.000,1.000,55,47,40,40,00,00,77,37*8fbc591b
#BESTPOSA,COM1,0,47.0,FINESTEERING,2436,291123.000,00008200,000e,10817;SOL_COMPUTED,NARROW_INT,31.16157150637,121.45489121530,4.6717,11.0354,WGS84,3.4948,4.6140,10.7188,"1793",1.000,1.000,54,47,40,40,00,00,77,37*f12c4b59
#BESTPOSA,COM1,0,47.5,FINESTEERING,2436,291124.000,00008200,000e,10817;SOL_COMPUTED,NARROW_INT,31.16157150266,121.45489122736,4.6719,11.0354,WGS84,3.4948,4.6140,10.7188,"1793",1.000,1.000,54,47,40,41,00,00,77,37*c8f06625
#BESTPOSA,COM1,0,47.0,FINESTEERING,2436,291125.000,00008200,000e,10817;SOL_COMPUTED,NARROW_INT,31.16157149955,121.45489124854,4.6749,11.0354,WGS84,3.4948,4.6140,10.7188,"1793",1.000,1.000,53,46,40,41,00,00,77,37*4d55beb6
#BESTPOSA,COM1,0,47.5,FINESTEERING,2436,291126.000,00208200,000e,10817;SOL_COMPUTED,NARROW_INT,31.16157149373,121.45489123886,4.6703,11.0354,WGS84,3.4948,4.6140,10.7188,"1793",1.000,1.000,53,46,40,41,00,00,77,37*de022d6d
#BESTPOSA,COM1,0,47.0,FINESTEERING,2436,291127.000,00008200,000e,10817;SOL_COMPUTED,NARROW_INT,31.16157149734,121.45489125728,4.6698,11.0354,WGS84,3.4948,4.6140,10.7188,"1793",1.000,1.000,54,47,41,41,00,00,77,37*93a7d992
#BESTPOSA,COM1,0,47.0,FINESTEERING,2436,291128.000,00008200,000e,10817;SOL_COMPUTED,NARROW_INT,31.16157150724,121.45489123098,4.6722,11.0354,WGS84,3.4948,4.6140,10.7188,"1793",1.000,1.000,54,47,41,42,00,00,77,37*dec85948
#BESTPOSA,COM1,0,47.5,FINESTEERING,2436,291129.000,00008200,000e,10817;SOL_COMPUTED,NARROW_INT,31.16157151378,121.45489119663,4.6679,11.0354,WGS84,3.4948,4.6140,10.7188,"1793",1.000,1.000,54,47,40,40,00,00,77,37*5f5473df
#BESTPOSA,COM1,0,47.0,FINESTEERING,2436,291130.000,00008200,000e,10817;SOL_COMPUTED,NARROW_INT,31.16157150354,121.45489119797,4.6669,11.0354,WGS84,3.4948,4.6140,10.7188,"1793",1.000,1.000,54,47,40,41,00,00,77,37*0e9a278c
#BESTPOSA,COM1,0,47.0,FINESTEERING,2436,291131.000,00008200,000e,10817;SOL_COMPUTED,NARROW_INT,31.16157150788,121.45489120397,4.6670,11.0354,WGS84,3.4948,4.6140,10.7188,"1793",1.000,1.000,54,47,39,40,00,00,77,37*259d5d95
#BESTPOSA,COM1,0,47.0,FINESTEERING,2436,291132.000,00008200,000e,10817;SOL_COMPUTED,NARROW_INT,31.16157150796,121.45489118899,4.6708,11.0354,WGS84,3.4948,4.6140,10.7188,"1793",1.000,1.000,54,47,41,42,00,00,77,37*0d63e19f
#BESTPOSA,COM1,0,47.0,FINESTEERING,2436,291133.000,00008200,000e,10817;SOL_COMPUTED,NARROW_INT,31.16157150093,121.45489119543,4.6675,11.0354,WGS84,3.4948,4.6140,10.7188,"1793",1.000,1.000,54,47,40,40,00,00,77,37*994c7e7a
#BESTPOSA,COM1,0,47.5,FINESTEERING,2436,291134.000,00008200,000e,10817;SOL_COMPUTED,NARROW_INT,31.16157151066,121.45489119234,4.6687,11.0354,WGS84,3.4948,4.6140,10.7188,"1793",1.000,1.000,53,46,39,40,00,00,77,37*42d2e104
#BESTPOSA,COM1,0,47.5,FINESTEERING,2436,291135.000,00008200,000e,10817;SOL_COMPUTED,NARROW_INT,31.16157150154,121.45489122440,4.6636,11.0354,WGS84,3.4948,4.6140,10.7188,"1793",1.000,1.000,53,46,38,40,00,00,77,37*2e917ea2
#BESTPOSA,COM1,0,46.5,FINESTEERING,2436,291136.000,00008200,000e,10817;SOL_COMPUTED,NARROW_INT,31.16157149486,121.45489123338,4.6654,11.0354,WGS84,3.4948,4.6140,10.7188,"1793",1.000,1.000,53,46,39,40,00,00,77,37*ae1185d6
#BESTPOSA,COM1,0,47.0,FINESTEERING,2436,291137.000,00008200,000e,10817;SOL_COMPUTED,NARROW_INT,31.16157149654,121.45489122652,4.6656,11.0354,WGS84,3.4948,4.6140,10.7188,"1793",1.000,1.000,53,46,40,41,00,00,77,37*30529d63
#BESTPOSA,COM1,0,47.5,FINESTEERING,2436,291138.000,00008200,000e,10817;SOL_COMPUTED,NARROW_INT,31.16157149362,121.45489123224,4.6664,11.0354,WGS84,3.4948,4.6140,10.7188,"1793",1.000,1.000,54,47,40,41,00,00,77,37*ccdf62b8
#BESTPOSA,COM1,0,47.5,FINESTEERING,2436,291139.000,00008200,000e,10817;SOL_COMPUTED,NARROW_INT,31.16157150334,121.45489122459,4.6659,11.0354,WGS84,3.4948,4.6140,10.7188,"1793",1.000,1.000,54,47,40,41,00,00,77,37*d5e68951
#BESTPOSA,COM1,0,47.0,FINESTEERING,2436,291140.000,00008200,000e,10817;SOL_COMPUTED,NARROW_INT,31.16157149766,121.45489119197,4.6673,11.0354,WGS84,3.4948,4.6140,10.7188,"1793",1.000,1.000,54,47,40,41,00,00,77,37*12d86669
#BESTPOSA,COM1,0,47.0,FINESTEERING,2436,291141.000,00008200,000e,10817;SOL_COMPUTED,NARROW_INT,31.16157149109,121.45489120434,4.6648,11.0354,WGS84,3.4948,4.6140,10.7188,"1793",1.000,1.000,54,47,41,42,00,00,77,37*d3f177d6
#BESTPOSA,COM1,0,45.0,FINESTEERING,2436,291142.000,00008200,000e,10817;SOL_COMPUTED,NARROW_INT,31.16157150068,121.45489119209,4.6621,11.0354,WGS84,3.4948,4.6140,10.7188,"1793",1.000,1.000,54,47,41,42,00,00,77,37*90d532e5
#BESTPOSA,COM1,0,47.0,FINESTEERING,2436,291143.000,00008200,000e,10817;SOL_COMPUTED,NARROW_INT,31.16157149631,121.45489119283,4.6652,11.0354,WGS84,3.4948,4.6140,10.7188,"1793",1.000,1.000,54,47,42,42,00,00,77,37*658352a3
#BESTPOSA,COM1,0,48.0,FINESTEERING,2436,291144.000,00008200,000e,10817;SOL_COMPUTED,NARROW_INT,31.16157149732,121.45489117621,4.6656,11.0354,WGS84,3.4948,4.6140,10.7188,"1793",1.000,1.000,53,46,40,41,00,00,77,37*0dea55e4
#BESTPOSA,COM1,0,47.5,FINESTEERING,2436,291145.000,00008200,000e,10817;SOL_COMPUTED,NARROW_INT,31.16157148488,121.45489118459,4.6683,11.0354,WGS84,3.4948,4.6140,10.7188,"1793",1.000,1.000,53,46,40,41,00,00,77,37*7b72b760
#BESTPOSA,COM1,0,47.5,FINESTEERING,2436,291146.000,00008200,000e,10817;SOL_COMPUTED,NARROW_INT,31.16157149199,121.45489119965,4.6695,11.0354,WGS84,3.4948,4.6140,10.7188,"1793",1.000,1.000,54,47,41,41,00,00,77,37*43c704de
#BESTPOSA,COM1,0,47.5,FINESTEERING,2436,291147.000,00008200,000e,10817;SOL_COMPUTED,NARROW_INT,31.16157149996,121.45489122258,4.6709,11.0354,WGS84,3.4948,4.6140,10.7188,"1793",1.000,1.000,54,47,42,42,00,00,77,37*e1b5cbcd
#BESTPOSA,COM1,0,47.5,FINESTEERING,2436,291148.000,00008200,000e,10817;SOL_COMPUTED,NARROW_INT,31.16157149994,121.45489119566,4.6656,11.0354,WGS84,3.4948,4.6140,10.7188,"1793",1.000,1.000,54,47,41,41,00,00,77,37*4f236f05
#BESTPOSA,COM1,0,46.5,FINESTEERING,2436,291149.000,00008200,000e,10817;SOL_COMPUTED,NARROW_INT,31.16157149023,121.45489121478,4.6662,11.0354,WGS84,3.4948,4.6140,10.7188,"1793",1.000,1.000,54,47,41,40,00,00,77,37*deb0307a
#BESTPOSA,COM1,0,46.5,FINESTEERING,2436,291150.000,00008200,000e,10817;SOL_COMPUTED,NARROW_INT,31.16157148750,121.45489119399,4.6665,11.0354,WGS84,3.4948,4.6140,10.7188,"1793",1.000,1.000,54,47,41,40,00,00,77,37*0781270e
#BESTPOSA,COM1,0,46.5,FINESTEERING,2436,291151.000,00008200,000e,10817;SOL_COMPUTED,NARROW_INT,31.16157149525,121.45489120344,4.6669,11.0354,WGS84,3.4948,4.6140,10.7188,"1793",1.000,1.000,54,47,41,41,00,00,77,37*6bb0c3b5
#BESTPOSA,COM1,0,46.5,FINESTEERING,2436,291152.000,00008200,000e,10817;SOL_COMPUTED,NARROW_INT,31.16157149924,121.45489122374,4.6631,11.0354,WGS84,3.4948,4.6140,10.7188,"1793",1.000,1.000,55,47,42,41,00,00,77,37*a680415e
#BESTPOSA,COM1,0,46.5,FINESTEERING,2436,291153.000,00008200,000e,10817;SOL_COMPUTED,NARROW_INT,31.16157150483,121.45489121190,4.6630,11.0354,WGS84,3.4948,4.6140,10.7188,"1793",1.000,1.000,55,47,42,41,00,00,77,37*93097adf
#BESTPOSA,COM1,0,47.0,FINESTEERING,2436,291154.000,00008200,000e,10817;SOL_COMPUTED,NARROW_INT,31.16157149888,121.45489121482,4.6658,11.0354,WGS84,3.4948,4.6140,10.7188,"1793",1.000,1.000,55,47,42,41,00,00,77,37*a952e7ae
#BESTPOSA,COM1,0,45.5,FINESTEERING,2436,291155.000,00008200,000e,10817;SOL_COMPUTED,NARROW_INT,31.16157149487,121.45489121138,4.6629,11.0354,WGS84,3.4948,4.6140,10.7188,"1793",1.000,1.000,55,47,42,42,00,00,77,37*1c499798
#BESTPOSA,COM1,0,46.5,FINESTEERING,2436,291156.000,00008200,000e,10817;SOL_COMPUTED,NARROW_INT,31.16157148215,121.45489121931,4.6676,11.0354,WGS84,3.4948,4.6140,10.7188,"1793",1.000,1.000,55,47,41,41,00,00,77,37*cec60d0e
#BESTPOSA,COM1,0,46.0,FINESTEERING,2436,291157.000,00008200,000e,10817;SOL_COMPUTED,NARROW_INT,31.16157149524,121.45489122346,4.6665,11.0354,WGS84,3.4948,4.6140,10.7188,"1793",1.000,1.000,55,47,42,42,00,00,77,37*18828730
#BESTPOSA,COM1,0,46.5,FINESTEERING,2436,291158.000,00008200,000e,10817;SOL_COMPUTED,NARROW_INT,31.16157150063,121.45489120922,4.6671,11.0354,WGS84,3.4948,4.6140,10.7188,"1793",1.000,1.000,55,47,41,41,00,00,77,37*46a565b3
#BESTPOSA,COM1,0,47.0,FINESTEERING,2436,291159.000,00000200,000e,10817;SOL_COMPUTED,NARROW_INT,31.16157149548,121.45489120431,4.6649,11.0354,WGS84,3.4948,4.6140,10.7188,"1793",1.000,1.000,55,47,42,42,00,00,77,37*5e9a2072
#BESTPOSA,COM1,0,47.0,FINESTEERING,2436,291160.000,00000200,000e,10817;SOL_COMPUTED,NARROW_INT,31.16157150364,121.45489121004,4.6684,11.0354,WGS84,3.4948,4.6140,10.7188,"1793",1.000,1.000,55,47,42,41,00,00,77,37*0d2c23f0
#BESTPOSA,COM1,0,47.0,FINESTEERING,2436,291161.000,00008200,000e,10817;SOL_COMPUTED,NARROW_INT,31.16157150555,121.45489119774,4.6682,11.0354,WGS84,3.4948,4.6140,10.7188,"1793",1.000,1.000,55,47,42,41,00,00,77,37*42dcdb72
#BESTPOSA,COM1,0,47.0,FINESTEERING,2436,291162.000,00008200,000e,10817;SOL_COMPUTED,NARROW_INT,31.16157148980,121.45489123310,4.6776,11.0354,WGS84,3.4948,4.6140,10.7188,"1793",1.000,1.000,54,47,42,42,00,00,77,37*e1e6e460
#BESTPOSA,COM1,0,46.5,FINESTEERING,2436,291163.000,00000200,000e,10817;SOL_COMPUTED,NARROW_INT,31.16157148925,121.45489120934,4.6771,11.0354,WGS84,3.4948,4.6140,10.7188,"1793",1.000,1.000,54,47,42,41,00,00,77,37*c3efc1af
#BESTPOSA,COM1,0,46.0,FINESTEERING,2436,291164.000,00000200,000e,10817;SOL_COMPUTED,NARROW_INT,31.16157149139,121.45489118721,4.6726,11.0354,WGS84,3.4948,4.6140,10.7188,"1793",1.000,1.000,54,47,42,42,00,00,77,37*70f9ab30
#BESTPOSA,COM1,0,46.0,FINESTEERING,2436,291165.000,00008200,000e,10817;SOL_COMPUTED,NARROW_INT,31.16157149528,121.45489116911,4.6744,11.0354,WGS84,3.4948,4.6140,10.7188,"1793",1.000,1.000,55,47,43,42,00,00,77,37*f502a40c
#BESTPOSA,COM1,0,46.5,FINESTEERING,2436,291166.000,00008200,000e,10817;SOL_COMPUTED,NARROW_INT,31.16157149529,121.45489121430,4.6748,11.0354,WGS84,3.4948,4.6140,10.7188,"1793",1.000,1.000,55,47,42,42,00,00,77,37*41d70ab3
#BESTPOSA,COM1,0,46.0,FINESTEERING,2436,291167.000,00008200,000e,10817;SOL_COMPUTED,NARROW_INT,31.16157150085,121.45489121158,4.6751,11.0354,WGS84,3.4948,4.6140,10.7188,"1793",1.000,1.000,55,47,42,41,00,00,77,37*319b4a07
#BESTPOSA,COM1,0,47.5,FINESTEERING,2436,291168.000,00008200,000e,10817;SOL_COMPUTED,NARROW_INT,31.16157149422,121.45489119322,4.6786,11.0354,WGS84,3.4948,4.6140,10.7188,"1793",1.000,1.000,55,47,42,41,00,00,77,37*67e39382
#BESTPOSA,COM1,0,47.5,FINESTEERING,2436,291169.000,00008200,000e,10817;SOL_COMPUTED,NARROW_INT,31.16157148630,121.45489117352,4.6744,11.0354,WGS84,3.4948,4.6140,10.7188,"1793",1.000,1.000,55,47,42,41,00,00,77,37*e1bd508a
#BESTPOSA,COM1,0,47.5,FINESTEERING,2436,291170.000,00008200,000e,10817;SOL_COMPUTED,NARROW_INT,31.16157146507,121.45489119309,4.6708,11.0354,WGS84,3.4948,4.6140,10.7188,"1793",1.000,1.000,55,47,42,42,00,00,77,37*d5ee54eb
#BESTPOSA,COM1,0,47.5,FINESTEERING,2436,291171.000,00008200,000e,10817;SOL_COMPUTED,NARROW_INT,31.16157145693,121.45489119125,4.6707,11.0354,WGS84,3.4948,4.6140,10.7188,"1793",2.000,2.000,55,47,43,43,00,00,77,37*a3075710
#BESTPOSA,COM1,0,54.5,FINESTEERING,2436,291172.000,00008200,000e,10817;SOL_COMPUTED,NARROW_INT,31.16157149491,121.45489116456,4.6741,11.0354,WGS84,3.4948,4.6140,10.7188,"1793",1.000,1.000,55,47,42,42,00,00,77,37*fc1e6cfc
#BESTPOSA,COM1,0,43.5,FINESTEERING,2436,291173.000,00008200,000e,10817;SOL_COMPUTED,NARROW_INT,31.16157149426,121.45489117978,4.6707,11.0354,WGS84,3.4948,4.6140,10.7188,"1793",1.000,1.000,55,47,43,43,00,00,77,37*ccae054f
#BESTPOSA,COM1,0,47.5,FINESTEERING,2436,291174.000,00008200,000e,10817;SOL_COMPUTED,NARROW_INT,31.16157151172,121.45489115066,4.6733,11.0354,WGS84,3.4948,4.6140,10.7188,"1793",1.000,1.000,55,47,42,42,00,00,77,37*45d059ed
#BESTPOSA,COM1,0,47.0,FINESTEERING,2436,291175.000,00008200,000e,10817;SOL_COMPUTED,NARROW_INT,31.16157149622,121.45489114591,4.6737,11.0354,WGS84,3.4948,4.6140,10.7188,"1793",1.000,1.000,55,47,42,42,00,00,77,37*a6124bb2
#BESTPOSA,COM1,0,47.5,FINESTEERING,2436,291176.000,00008200,000e,10817;SOL_COMPUTED,NARROW_INT,31.16157150531,121.45489115371,4.6709,11.0354,WGS84,3.4948,4.6140,10.7188,"1793",1.000,1.000,55,47,42,42,00,00,77,37*ef90d157
#BESTPOSA,COM1,0,49.5,FINESTEERING,2436,291177.000,00008200,000e,10817;SOL_COMPUTED,NARROW_INT,31.16157148638,121.45489113539,4.6728,11.0354,WGS84,3.4948,4.6140,10.7188,"1793",1.000,1.000,55,47,42,42,00,00,77,37*2fb98b14
#BESTPOSA,COM1,0,45.0,FINESTEERING,2436,291178.000,00008200,000e,10817;SOL_COMPUTED,NARROW_INT,31.16157146247,121.45489110490,4.6741,11.0354,WGS84,3.4948,4.6140,10.7188,"1793",1.000,1.000,55,47,41,41,00,00,77,37*f8433640
#BESTPOSA,COM1,0,47.5,FINESTEERING,2436,291179.000,00008200,000e,10817;SOL_COMPUTED,NARROW_INT,31.16157146120,121.45489112031,4.6775,11.0354,WGS84,3.4948,4.6140,10.7188,"1793",1.000,1.000,55,47,41,41,00,00,77,37*c6d1ff63
#BESTPOSA,COM1,0,47.5,FINESTEERING,2436,291180.000,00008200,000e,10817;SOL_COMPUTED,NARROW_INT,31.16157146668,121.45489111635,4.6769,11.0354,WGS84,3.4948,4.6140,10.7188,"1793",1.000,1.000,55,47,42,42,00,00,77,37*f4731049
#BESTPOSA,COM1,0,47.5,FINESTEERING,2436,291181.000,00008200,000e,10817;SOL_COMPUTED,NARROW_INT,31.16157146326,121.45489111260,4.6795,11.0354,WGS84,3.4948,4.6140,10.7188,"1793",1.000,1.000,55,47,43,43,00,00,77,37*80462145
#BESTPOSA,COM1,0,47.5,FINESTEERING,2436,291182.000,00008200,000e,10817;SOL_COMPUTED,NARROW_INT,31.16157146503,121.45489110652,4.6798,11.0354,WGS84,3.4948,4.6140,10.7188,"1793",1.000,1.000,55,47,43,43,00,00,77,37*34ea5dfb
#BESTPOSA,COM1,0,48.0,FINESTEERING,2436,291183.000,00008200,000e,10817;SOL_COMPUTED,NARROW_INT,31.16157147699,121.45489108530,4.6790,11.0354,WGS84,3.4948,4.6140,10.7188,"1793",1.000,1.000,55,47,43,43,00,00,77,37*d7c297d3
#BESTPOSA,COM1,0,47.5,FINESTEERING,2436,291184.000,00008200,000e,10817;SOL_COMPUTED,NARROW_INT,31.16157146796,121.45489110354,4.6790,11.0354,WGS84,3.4948,4.6140,10.7188,"1793",1.000,1.000,55,47,43,43,00,00,77,37*67609e7f
#BESTPOSA,COM1,0,48.0,FINESTEERING,2436,291185.000,00008200,000e,10817;SOL_COMPUTED,NARROW_INT,31.16157146479,121.45489109367,4.6788,11.0354,WGS84,3.4948,4.6140,10.7188,"1793",1.000,1.000,55,47,43,43,00,00,77,37*a4aec740
#BESTPOSA,COM1,0,47.5,FINESTEERING,2436,291186.000,00008200,000e,10817;SOL_COMPUTED,NARROW_INT,31.16157146831,121.45489109282,4.6763,11.0354,WGS84,3.4948,4.6140,10.7188,"1793",1.000,1.000,55,47,43,43,00,00,77,37*0655cf1a
#BESTPOSA,COM1,0,47.0,FINESTEERING,2436,291187.000,00008200,000e,10817;SOL_COMPUTED,NARROW_INT,31.16157149389,121.45489110394,4.6786,11.0354,WGS84,3.4948,4.6140,10.7188,"1793",1.000,1.000,55,48,42,42,00,00,77,37*44bfc607
#BESTPOSA,COM1,0,47.0,FINESTEERING,2436,291188.000,00008200,000e,10817;SOL_COMPUTED,NARROW_INT,31.16157147440,121.45489109769,4.6773,11.0354,WGS84,3.4948,4.6140,10.7188,"1793",1.000,1.000,55,48,42,42,00,00,77,37*4aa4bb31
#BESTPOSA,COM1,0,47.5,FINESTEERING,2436,291189.000,00008200,000e,10817;SOL_COMPUTED,NARROW_INT,31.16157145974,121.45489110055,4.6735,11.0354,WGS84,3.4948,4.6140,10.7188,"1793",1.000,1.000,55,48,43,43,00,00,77,37*5fa306c5
#BESTPOSA,COM1,0,47.5,FINESTEERING,2436,291190.000,00008200,000e,10817;SOL_COMPUTED,NARROW_INT,31.16157145844,121.45489111170,4.6738,11.0354,WGS84,3.4948,4.6140,10.7188,"1793",1.000,1.000,55,48,43,42,00,00,77,37*70571f0d
#BESTPOSA,COM1,0,48.0,FINESTEERING,2436,291191.000,00008200,000e,10817;SOL_COMPUTED,NARROW_INT,31.16157149706,121.45489118845,4.6650,11.0354,WGS84,3.4948,4.6140,10.7188,"1793",1.000,1.000,55,48,43,42,00,00,77,37*7d772af4
#BESTPOSA,COM1,0,46.5,FINESTEERING,2436,291192.000,00008200,000e,10817;SOL_COMPUTED,NARROW_INT,31.16157149464,121.45489116390,4.6614,11.0354,WGS84,3.4948,4.6140,10.7188,"1793",1.000,1.000,55,48,43,43,00,00,77,37*a29db44a
#BESTPOSA,COM1,0,47.0,FINESTEERING,2436,291193.000,00008200,000e,10817;SOL_COMPUTED,NARROW_INT,31.16157150048,121.45489116780,4.6595,11.0354,WGS84,3.4948,4.6140,10.7188,"1793",1.000,1.000,55,48,43,43,00,00,77,37*edd732c8
#BESTPOSA,COM1,0,47.5,FINESTEERING,2436,291194.000,00008200,000e,10817;SOL_COMPUTED,NARROW_INT,31.16157149716,121.45489116804,4.6601,11.0354,WGS84,3.4948,4.6140,10.7188,"1793",1.000,1.000,55,48,43,43,00,00,77,37*317fa815
#BESTPOSA,COM1,0,45.0,FINESTEERING,2436,291195.000,00008200,000e,10817;SOL_COMPUTED,NARROW_INT,31.16157148764,121.45489114812,4.6615,11.0354,WGS84,3.4948,4.6140,10.7188,"1793",1.000,1.000,55,48,43,43,00,00,77,37*ac1f1bb4
#BESTPOSA,COM1,0,45.0,FINESTEERING,2436,291196.000,00008200,000e,10817;SOL_COMPUTED,NARROW_INT,31.16157149452,121.45489119450,4.6658,11.0354,WGS84,3.4948,4.6140,10.7188,"1793",1.000,1.000,55,48,43,43,00,00,77,37*a703d045
#BESTPOSA,COM1,0,47.0,FINESTEERING,2436,291197.000,00008200,000e,10817;SOL_COMPUTED,NARROW_INT,31.16157150180,121.45489116710,4.6645,11.0354,WGS84,3.4948,4.6140,10.7188,"1793",1.000,1.000,55,48,43,43,00,00,77,37*42bed055
#BESTPOSA,COM1,0,47.0,FINESTEERING,2436,291198.000,00008200,000e,10817;SOL_COMPUTED,NARROW_INT,31.16157151231,121.45489115271,4.6684,11.0354,WGS84,3.4948,4.6140,10.7188,"1793",1.000,1.000,55,48,43,43,00,00,77,37*61dff02e
#BESTPOSA,COM1,0,47.5,FINESTEERING,2436,291199.000,00008200,000e,10817;SOL_COMPUTED,NARROW_INT,31.16157150962,121.45489112780,4.6675,11.0354,WGS84,3.4948,4.6140,10.7188,"1793",1.000,1.000,55,48,43,43,00,00,77,37*02a2ca80
#BESTPOSA,COM1,0,47.0,FINESTEERING,2436,291200.000,00008200,000e,10817;SOL_COMPUTED,NARROW_INT,31.16157150531,121.45489113553,4.6679,11.0354,WGS84,3.4948,4.6140,10.7188,"1793",1.000,1.000,55,48,43,43,00,00,77,37*fcf643b6
#BESTPOSA,COM1,0,47.5,FINESTEERING,2436,291201.000,00008200,000e,10817;SOL_COMPUTED,NARROW_INT,31.16157152283,121.45489116113,4.6632,11.0354,WGS84,3.4948,4.6140,10.7188,"1793",1.000,1.000,55,48,43,42,00,00,77,37*52cdae34
#BESTPOSA,COM1,0,47.0,FINESTEERING,2436,291202.000,00008200,000e,10817;SOL_COMPUTED,NARROW_INT,31.16157151565,121.45489115044,4.6629,11.0354,WGS84,3.4948,4.6140,10.7188,"1793",1.000,1.000,55,48,43,42,00,00,77,37*bb5cd8da
#BESTPOSA,COM1,0,47.0,FINESTEERING,2436,291203.000,00008200,000e,10817;SOL_COMPUTED,NARROW_INT,31.16157151610,121.45489116204,4.6630,11.0354,WGS84,3.4948,4.6140,10.7188,"1793",1.000,1.000,55,48,42,42,00,00,77,37*acd0b243
#BESTPOSA,COM1,0,47.5,FINESTEERING,2436,291204.000,00008200,000e,10817;SOL_COMPUTED,NARROW_INT,31.16157149938,121.45489115426,4.6654,11.0354,WGS84,3.4948,4.6140,10.7188,"1793",1.000,1.000,55,48,43,43,00,00,77,37*8c4ff3f4
#BESTPOSA,COM1,0,47.5,FINESTEERING,2436,291205.000,00008200,000e,10817;SOL_COMPUTED,NARROW_INT,31.16157149909,121.45489116402,4.6666,11.0354,WGS84,3.4948,4.6140,10.7188,"1793",1.000,1.000,55,48,42,42,00,00,77,37*c84f0a5b
#BESTPOSA,COM1,0,47.5,FINESTEERING,2436,291206.000,00008200,000e,10817;SOL_COMPUTED,NARROW_INT,31.16157150228,121.45489116837,4.6719,11.0354,WGS84,3.4948,4.6140,10.7188,"1793",1.000,1.000,55,48,43,42,00,00,77,37*0d812acd
#BESTPOSA,COM1,0,47.5,FINESTEERING,2436,291207.000,00008200,000e,10817;SOL_COMPUTED,NARROW_INT,31.16157149917,121.45489117296,4.6718,11.0354,WGS84,3.4948,4.6140,10.7188,"1793",1.000,1.000,55,48,43,43,00,00,77,37*19a982f6
#BESTPOSA,COM1,0,47.0,FINESTEERING,2436,291208.000,00008200,000e,10817;SOL_COMPUTED,NARROW_INT,31.16157150553,121.45489118325,4.6789,11.0354,WGS84,3.4948,4.6140,10.7188,"1793",1.000,1.000,55,48,43,43,00,00,77,37*83461979
#BESTPOSA,COM1,0,47.0,FINESTEERING,2436,291209.000,00008200,000e,10817;SOL_COMPUTED,NARROW_INT,31.16157149730,121.45489117440,4.6753,11.0354,WGS84,3.4948,4.6140,10.7188,"1793",1.000,1.000,55,48,43,43,00,00,77,37*f7c3ebda
#BESTPOSA,COM1,0,47.0,FINESTEERING,2436,291210.000,00008200,000e,10817;SOL_COMPUTED,NARROW_INT,31.16157150534,121.45489115408,4.6753,11.0354,WGS84,3.4948,4.6140,10.7188,"1793",1.000,1.000,55,48,43,43,00,00,77,37*aa43881b
#BESTPOSA,COM1,0,47.0,FINESTEERING,2436,291211.000,00008200,000e,10817;SOL_COMPUTED,NARROW_INT,31.16157145021,121.45489229742,4.6782,11.0354,WGS84,3.4948,4.6140,10.7188,"1793",1.000,1.000,55,48,42,42,00,00,77,37*0a93fe5b
#BESTPOSA,COM1,0,46.0,FINESTEERING,2436,291212.000,00008200,000e,10817;SOL_COMPUTED,NARROW_INT,31.16156840677,121.45490358131,4.6795,11.0354,WGS84,3.4948,4.6140,10.7188,"1793",1.000,1.000,55,48,42,41,00,00,77,37*f6c58293
#BESTPOSA,COM1,0,46.5,FINESTEERING,2436,291213.000,00008200,000e,10817;SOL_COMPUTED,NARROW_INT,31.16156147873,121.45492207654,4.6615,11.0374,WGS84,3.4948,4.6140,10.7188,"1793",1.000,1.000,55,48,42,41,00,00,77,37*254b7c93
#BESTPOSA,COM1,0,47.0,FINESTEERING,2436,291214.000,00008200,000e,10817;SOL_COMPUTED,NARROW_INT,31.16155872070,121.45493883822,4.6276,11.0374,WGS84,3.4948,4.6140,10.7188,"1793",1.000,1.000,55,48,41,39,00,00,77,37*102ee1b9
#BESTPOSA,COM1,0,46.5,FINESTEERING,2436,291215.000,00008200,000e,10817;SOL_COMPUTED,NARROW_INT,31.16155547865,121.45496382907,4.6179,11.0374,WGS84,3.4948,4.6140,10.7188,"1793",1.000,1.000,55,48,42,40,00,00,77,37*44a57963
#BESTPOSA,COM1,0,46.5,FINESTEERING,2436,291216.000,00008200,000e,10817;SOL_COMPUTED,NARROW_INT,31.16155352210,121.45497958305,4.5930,11.0374,WGS84,3.4948,4.6140,10.7188,"1793",1.000,1.000,54,48,43,42,00,00,77,37*f1283f5a
#BESTPOSA,COM1,0,46.0,FINESTEERING,2436,291217.000,00008200,000e,10817;SOL_COMPUTED,NARROW_INT,31.16155155251,121.45499949466,4.6044,11.0374,WGS84,3.4948,4.6140,10.7188,"1793",1.000,1.000,54,48,43,41,00,00,77,37*1b71e06d
#BESTPOSA,COM1,0,46.5,FINESTEERING,2436,291218.000,00008200,000e,10817;SOL_COMPUTED,NARROW_INT,31.16155077910,121.45501925713,4.6254,11.0374,WGS84,3.4948,4.6140,10.7188,"1793",1.000,1.000,52,48,43,42,00,00,77,37*93fcfc5e
#BESTPOSA,COM1,0,43.5,FINESTEERING,2436,291219.000,00008200,000e,10817;SOL_COMPUTED,NARROW_INT,31.16154998877,121.45503957296,4.6547,11.0374,WGS84,3.4948,4.6140,10.7188,"1793",1.000,1.000,52,48,42,42,00,00,77,37*2cddeffa
#BESTPOSA,COM1,0,42.0,FINESTEERING,2436,291220.000,00008200,000e,10817;SOL_COMPUTED,NARROW_INT,31.16154900762,121.45506116431,4.7166,11.0374,WGS84,3.4948,4.6140,10.7188,"1793",1.000,1.000,53,48,42,42,00,00,77,37*ee92ea23
#BESTPOSA,COM1,0,45.5,FINESTEERING,2436,291221.000,00008200,000e,10817;SOL_COMPUTED,NARROW_INT,31.16154773914,121.45508212538,4.7551,11.0374,WGS84,3.4948,4.6140,10.7188,"1793",1.000,1.000,52,48,41,39,00,00,77,37*016304cd
#BESTPOSA,COM1,0,46.5,FINESTEERING,2436,291222.000,00008200,000e,10817;SOL_COMPUTED,NARROW_INT,31.16154986601,121.45510091776,4.7874,11.0374,WGS84,3.4948,4.6140,10.7188,"1793",1.000,1.000,52,48,42,39,00,00,77,37*f87d12c0
#BESTPOSA,COM1,0,45.5,FINESTEERING,2436,291223.000,00008200,000e,10817;SOL_COMPUTED,NARROW_INT,31.16155138422,121.45511906817,4.8228,11.0374,WGS84,3.4948,4.6140,10.7188,"1793",1.000,1.000,51,47,41,39,00,00,77,37*08f1cd7d
#BESTPOSA,COM1,0,47.0,FINESTEERING,2436,291224.000,00008200,000e,10817;SOL_COMPUTED,NARROW_INT,31.16155381013,121.45513711297,4.8321,11.0374,WGS84,3.4948,4.6140,10.7188,"1793",1.000,1.000,51,47,41,39,00,00,77,37*90944841
#BESTPOSA,COM1,0,46.5,FINESTEERING,2436,291225.000,00000200,000e,10817;SOL_COMPUTED,NARROW_INT,31.16155786856,121.45515442051,4.7853,11.0374,WGS84,3.4948,4.6140,10.7188,"1793",1.000,1.000,51,47,39,38,00,00,77,37*d7147837
#BESTPOSA,COM1,0,46.5,FINESTEERING,2436,291226.000,00008200,000e,10817;SOL_COMPUTED,NARROW_INT,31.16156239387,121.45516863161,4.7477,11.0374,WGS84,3.4948,4.6140,10.7188,"1793",1.000,1.000,52,48,40,38,00,00,77,37*611ed6cb
#BESTPOSA,COM1,0,46.0,FINESTEERING,2436,291227.000,00008200,000e,10817;SOL_COMPUTED,NARROW_INT,31.16156760596,121.45518326875,4.7142,11.0374,WGS84,3.4948,4.6140,10.7188,"1793",1.000,1.000,53,48,40,38,00,00,77,37*b330a190
#BESTPOSA,COM1,0,50.5,FINESTEERING,2436,291228.000,00008200,000e,10817;SOL_COMPUTED,NARROW_INT,31.16157372425,121.45519984001,4.6937,11.0374,WGS84,3.4948,4.6140,10.7188,"1793",1.000,1.000,51,47,41,40,00,00,77,37*68d3490f
#BESTPOSA,COM1,0,44.0,FINESTEERING,2436,291229.000,00008200,000e,10817;SOL_COMPUTED,NARROW_INT,31.16158084164,121.45521695922,4.6907,11.0374,WGS84,3.4948,4.6140,10.7188,"1793",1.000,1.000,51,47,41,40,00,00,77,37*0359c15d
#BESTPOSA,COM1,0,48.5,FINESTEERING,2436,291230.000,00008200,000e,10817;SOL_COMPUTED,NARROW_INT,31.16158793567,121.45523444354,4.6839,11.0374,WGS84,3.4948,4.6140,10.7188,"1793",1.000,1.000,51,47,40,39,00,00,77,37*90767b13
#BESTPOSA,COM1,0,47.5,FINESTEERING,2436,291231.000,00008200,000e,10817;SOL_COMPUTED,NARROW_INT,31.16159578791,121.45525541631,4.6658,11.0374,WGS84,3.4948,4.6140,10.7188,"1793",1.000,1.000,51,47,40,39,00,00,77,37*fc7a2117
#BESTPOSA,COM1,0,48.5,FINESTEERING,2436,291232.000,00008200,000e,10817;SOL_COMPUTED,NARROW_INT,31.16160229324,121.45527831253,4.6550,11.0374,WGS84,3.4948,4.6140,10.7188,"1793",1.000,1.000,51,47,41,40,00,00,77,37*6711a3e6
#BESTPOSA,COM1,0,47.5,FINESTEERING,2436,291233.000,00008200,000e,10817;SOL_COMPUTED,NARROW_INT,31.16160581925,121.45530211292,4.6685,11.0374,WGS84,3.4948,4.6140,10.7188,"1793",1.000,1.000,51,47,41,38,00,00,77,37*c673228e
#BESTPOSA,COM1,0,48.0,FINESTEERING,2436,291234.000,00008200,000e,10817;SOL_COMPUTED,NARROW_INT,31.16161210235,121.45532069166,4.6648,11.0374,WGS84,3.4948,4.6140,10.7188,"1793",1.000,1.000,51,47,40,37,00,00,77,37*b7d3e292
#BESTPOSA,COM1,0,47.5,FINESTEERING,2436,291235.000,00008200,000e,10817;SOL_COMPUTED,NARROW_INT,31.16161849109,121.45533643170,4.6685,11.0374,WGS84,3.4948,4.6140,10.7188,"1793",1.000,1.000,50,46,41,38,00,00,77,37*536d0fef
#BESTPOSA,COM1,0,47.5,FINESTEERING,2436,291236.000,00008200,000e,10817;SOL_COMPUTED,NARROW_INT,31.16162708990,121.45535232527,4.6864,11.0374,WGS84,3.4948,4.6140,10.7188,"1793",1.000,1.000,50,46,41,38,00,00,77,37*50ba6f7a
#BESTPOSA,COM1,0,48.5,FINESTEERING,2436,291237.000,00208200,000e,10817;SOL_COMPUTED,NARROW_INT,31.16163385078,121.45536779679,4.7279,11.0374,WGS84,3.4948,4.6140,10.7188,"1793",2.000,2.000,50,45,40,38,00,00,77,37*5689a4e6
#BESTPOSA,COM1,0,55.5,FINESTEERING,2436,291238.000,00008200,000e,10817;SOL_COMPUTED,NARROW_INT,31.16163930664,121.45538198781,4.7521,11.0374,WGS84,3.4948,4.6140,10.7188,"1793",1.000,1.000,49,45,40,38,00,00,77,37*b4085ef3
#BESTPOSA,COM1,0,41.0,FINESTEERING,2436,291239.000,00008200,000e,10817;SOL_COMPUTED,NARROW_INT,31.16164585204,121.45539614364,4.8000,11.0374,WGS84,3.4948,4.6140,10.7188,"1793",1.000,1.000,48,43,38,37,00,00,77,37*63f326d2
#BESTPOSA,COM1,0,49.0,FINESTEERING,2436,291240.000,00000200,000e,10817;SOL_COMPUTED,NARROW_INT,31.16165032075,121.45540794592,4.8780,11.0374,WGS84,3.4948,4.6140,10.7188,"1793",1.000,1.000,49,44,39,37,00,00,77,37*a96c33d0
#BESTPOSA,COM1,0,49.0,FINESTEERING,2436,291241.000,00200200,000e,10817;SOL_COMPUTED,NARROW_INT,31.16165460597,121.45542360200,4.9154,11.0374,WGS84,3.4948,4.6140,10.7188,"1793",1.000,1.000,49,44,39,37,00,00,77,37*dd25e1bb
#BESTPOSA,COM1,0,49.0,FINESTEERING,2436,291242.000,00008200,000e,10817;SOL_COMPUTED,NARROW_INT,31.16165758312,121.45543687601,4.9688,11.0374,WGS84,3.4948,4.6140,10.7188,"1793",1.000,1.000,50,45,39,36,00,00,77,37*df526acc
#BESTPOSA,COM1,0,49.5,FINESTEERING,2436,291243.000,00008200,000e,10817;SOL_COMPUTED,NARROW_INT,31.16165997605,121.45544883510,5.0232,11.0374,WGS84,3.4948,4.6140,10.7188,"1793",1.000,1.000,49,44,38,36,00,00,77,37*2e0a0e2c
#BESTPOSA,COM1,0,49.0,FINESTEERING,2436,291244.000,00008200,000e,10817;SOL_COMPUTED,NARROW_INT,31.16166307587,121.45546074350,5.0666,11.0374,WGS84,3.4948,4.6140,10.7188,"1793",1.000,1.000,48,43,38,37,00,00,77,37*7f40c071
#BESTPOSA,COM1,0,49.0,FINESTEERING,2436,291245.000,00008200,000e,10817;SOL_COMPUTED,NARROW_INT,31.16166548934,121.45547037044,5.1518,11.0374,WGS84,3.4948,4.6140,10.7188,"1793",2.000,2.000,47,42,37,35,00,00,77,37*31e6a79e
#BESTPOSA,COM1,0,56.0,FINESTEERING,2436,291246.000,00008200,000e,10817;SOL_COMPUTED,NARROW_INT,31.16166779441,121.45547988870,5.1611,11.0374,WGS84,3.4948,4.6140,10.7188,"1793",1.000,1.000,47,43,38,36,00,00,77,37*33695fe8
#BESTPOSA,COM1,0,43.0,FINESTEERING,2436,291247.000,00000200,000e,10817;SOL_COMPUTED,NARROW_INT,31.16166928924,121.45548658677,5.1473,11.0394,WGS84,3.4948,4.6140,10.7188,"1793",1.000,1.000,48,43,38,36,00,00,77,37*ca6ea078
#BESTPOSA,COM1,0,50.0,FINESTEERING,2436,291248.000,00000200,000e,10817;SOL_COMPUTED,NARROW_INT,31.16167121145,121.45549691574,5.2016,11.0394,WGS84,3.4948,4.6140,10.7188,"1793",1.000,1.000,49,44,39,37,00,00,77,37*28d81fae
#BESTPOSA,COM1,0,48.5,FINESTEERING,2436,291249.000,00000200,000e,10817;SOL_COMPUTED,NARROW_INT,31.16167318633,121.45550536489,5.2230,11.0394,WGS84,3.4948,4.6140,10.7188,"1793",1.000,1.000,47,43,37,36,00,00,77,37*aa0a3f29
#BESTPOSA,COM1,0,48.5,FINESTEERING,2436,291250.000,00008200,000e,10817;SOL_COMPUTED,NARROW_INT,31.16167607734,121.45551665798,5.2972,11.0394,WGS84,3.4948,4.6140,10.7188,"1793",1.000,1.000,48,43,36,35,00,00,77,37*831c0c0b
#BESTPOSA,COM1,0,49.5,FINESTEERING,2436,291251.000,00008200,000e,10817;SOL_COMPUTED,NARROW_INT,31.16167894697,121.45552822695,5.3383,11.0394,WGS84,3.4948,4.6140,10.7188,"1793",1.000,1.000,49,44,38,36,00,00,77,37*0a9453b5
#BESTPOSA,COM1,0,49.0,FINESTEERING,2436,291252.000,00008200,000e,10817;SOL_COMPUTED,NARROW_INT,31.16168222330,121.45554162904,5.3685,11.0394,WGS84,3.4948,4.6140,10.7188,"1793",1.000,1.000,49,44,38,35,00,00,77,37*c04a6efc
#BESTPOSA,COM1,0,49.5,FINESTEERING,2436,291253.000,00000200,000e,10817;SOL_COMPUTED,NARROW_INT,31.16168504322,121.45555366535,5.3995,11.0394,WGS84,3.4948,4.6140,10.7188,"1793",2.000,2.000,49,44,38,36,00,00,77,37*9735f8c8
#BESTPOSA,COM1,0,56.0,FINESTEERING,2436,291254.000,00000200,000e,10817;SOL_COMPUTED,NARROW_INT,31.16168715054,121.45556683457,5.4183,11.0394,WGS84,3.4948,4.6140,10.7188,"1793",2.000,2.000,48,44,37,35,00,00,77,37*4c6bd691
#BESTPOSA,COM1,0,51.0,FINESTEERING,2436,291255.000,00000200,000e,10817;SOL_COMPUTED,NARROW_INT,31.16168918559,121.45558203476,5.4698,11.0394,WGS84,3.4948,4.6140,10.7188,"1793",3.000,3.000,48,44,37,35,00,00,77,37*75d3c0e2
#BESTPOSA,COM1,0,56.5,FINESTEERING,2436,291256.000,00000200,000e,10817;SOL_COMPUTED,NARROW_INT,31.16169052171,121.45559732767,5.5189,11.0394,WGS84,3.4948,4.6140,10.7188,"1793",3.000,3.000,49,44,38,36,00,00,77,37*0b9cb883
#BESTPOSA,COM1,0,56.5,FINESTEERING,2436,291257.000,00000200,000e,10817;SOL_COMPUTED,NARROW_INT,31.16168794739,121.45561224526,5.5619,11.0394,WGS84,3.4948,4.6140,10.7188,"1793",1.000,1.000,49,44,39,36,00,00,77,37*f42cc6d4
#BESTPOSA,COM1,0,31.0,FINESTEERING,2436,291258.000,00000200,000e,10817;SOL_COMPUTED,NARROW_INT,31.16168407733,121.45562764695,5.6096,11.0394,WGS84,3.4948,4.6140,10.7188,"1793",1.000,1.000,48,43,36,34,00,00,77,37*1378a215
#BESTPOSA,COM1,0,51.5,FINESTEERING,2436,291259.000,00000200,000e,10817;SOL_COMPUTED,NARROW_INT,31.16168156170,121.45564180964,5.6139,11.0394,WGS84,3.4948,4.6140,10.7188,"1793",1.000,1.000,46,43,36,36,00,00,77,37*be521976
#BESTPOSA,COM1,0,52.0,FINESTEERING,2436,291260.000,00008200,000e,10817;SOL_COMPUTED,NARROW_INT,31.16168177757,121.45565782150,5.6045,11.0394,WGS84,3.4948,4.6140,10.7188,"1793",1.000,1.000,46,44,36,36,00,00,77,37*3093bc95
#BESTPOSA,COM1,0,51.5,FINESTEERING,2436,291261.000,00008200,000e,10817;SOL_COMPUTED,NARROW_INT,31.16168315512,121.45567012886,5.5903,11.0394,WGS84,3.4948,4.6140,10.7188,"1793",1.000,1.000,47,44,38,37,00,00,77,37*0428417e
#BESTPOSA,COM1,0,50.5,FINESTEERING,2436,291262.000,00008200,000e,10817;SOL_COMPUTED,NARROW_INT,31.16168532619,121.45568833635,5.5751,11.0394,WGS84,3.4948,4.6140,10.7188,"1793",1.000,1.000,46,44,38,38,00,00,77,37*7d6c7ad6
#BESTPOSA,COM1,0,50.0,FINESTEERING,2436,291263.000,00008200,000e,10817;SOL_COMPUTED,NARROW_INT,31.16168717200,121.45570352851,5.5569,11.0394,WGS84,3.4948,4.6140,10.7188,"1793",1.000,1.000,47,44,38,37,00,00,77,37*8a440060
#BESTPOSA,COM1,0,50.0,FINESTEERING,2436,291264.000,00008200,000e,10817;SOL_COMPUTED,NARROW_INT,31.16168734019,121.45572137185,5.5928,11.0394,WGS84,3.4948,4.6140,10.7188,"1793",1.000,1.000,46,44,38,35,00,00,77,37*89d8fad7
#BESTPOSA,COM1,0,51.5,FINESTEERING,2436,291265.000,00008200,000e,10817;SOL_COMPUTED,NARROW_INT,31.16168748222,121.45573987722,5.5443,11.0394,WGS84,3.4948,4.6140,10.7188,"1793",1.000,1.000,48,45,38,35,00,00,77,37*1b0eea95
#BESTPOSA,COM1,0,50.5,FINESTEERING,2436,291266.000,00008200,000e,10817;SOL_COMPUTED,NARROW_INT,31.16168980998,121.45575575497,5.5617,11.0394,WGS84,3.4948,4.6140,10.7188,"1793",1.000,1.000,45,43,36,33,00,00,77,37*a0e0d4ce
#BESTPOSA,COM1,0,52.5,FINESTEERING,2436,291267.000,00008200,000e,10817;SOL_COMPUTED,NARROW_INT,31.16169190158,121.45577541768,5.5013,11.0394,WGS84,3.4948,4.6140,10.7188,"1793",1.000,1.000,46,44,36,31,00,00,77,37*5277d84e
#BESTPOSA,COM1,0,52.0,FINESTEERING,2436,291268.000,00208200,000e,10817;SOL_COMPUTED,NARROW_INT,31.16169465010,121.45579184797,5.5526,11.0394,WGS84,3.4948,4.6140,10.7188,"1793",1.000,1.000,45,43,35,33,00,00,77,37*16d3913b
#BESTPOSA,COM1,0,53.0,FINESTEERING,2436,291269.000,00208200,000e,10817;SOL_COMPUTED,NARROW_INT,31.16169713483,121.45580800731,5.7550,11.0394,WGS84,3.4948,4.6140,10.7188,"1793",1.000,1.000,46,44,36,33,00,00,77,37*41c3f92f
#BESTPOSA,COM1,0,52.0,FINESTEERING,2436,291270.000,00208200,000e,10817;SOL_COMPUTED,PSRDIFF,31.16170075950,121.45581905800,6.1833,11.0394,WGS84,3.4948,4.6140,10.7188,"1793",1.000,1.000,45,43,37,34,00,00,77,37*f1f7f9e6
#BESTPOSA,COM1,0,51.5,FINESTEERING,2436,291271.000,00200200,000e,10817;SOL_COMPUTED,NARROW_FLOAT,31.16170560030,121.45582892232,6.8632,11.0394,WGS84,3.4948,4.6140,10.7188,"1793",1.000,2.000,47,45,39,34,00,00,77,37*1b3575d9
#BESTPOSA,COM1,0,53.0,FINESTEERING,2436,291272.000,00200200,000e,10817;SOL_COMPUTED,PSRDIFF,31.16170607389,121.45584567967,6.5754,11.0394,WGS84,3.4948,4.6140,10.7188,"1793",1.000,1.000,46,44,38,34,00,00,77,37*62f4864b
#BESTPOSA,COM1,0,54.5,FINESTEERING,2436,291273.000,00000200,000e,10817;SOL_COMPUTED,PSRDIFF,31.16171149013,121.45586303170,6.7790,11.0394,WGS84,3.4948,4.6140,10.7188,"1793",1.000,2.000,46,44,38,34,00,00,77,37*95facb24
#BESTPOSA,COM1,0,54.0,FINESTEERING,2436,291274.000,00000200,000e,10817;SOL_COMPUTED,PSRDIFF,31.16171254229,121.45588070769,8.0558,11.0394,WGS84,3.4948,4.6140,10.7188,"1793",1.000,3.000,46,44,37,33,00,00,77,37*0b5ba757
#BESTPOSA,COM1,0,54.0,FINESTEERING,2436,291275.000,00000200,000e,10817;SOL_COMPUTED,NARROW_FLOAT,31.16171076184,121.45589723844,8.3888,11.0394,WGS84,3.4948,4.6140,10.7188,"1793",1.000,1.000,45,43,37,34,00,00,77,37*db422c27
#BESTPOSA,COM1,0,54.0,FINESTEERING,2436,291276.000,00200200,000e,10817;SOL_COMPUTED,PSRDIFF,31.16171004701,121.45591270854,7.8807,11.0394,WGS84,3.4948,4.6140,10.7188,"1793",1.000,1.000,46,44,36,31,00,00,77,37*9388843c
#BESTPOSA,COM1,0,54.5,FINESTEERING,2436,291277.000,00000200,000e,10817;SOL_COMPUTED,PSRDIFF,31.16170900519,121.45592695181,7.0471,11.0394,WGS84,3.4948,4.6140,10.7188,"1793",1.000,1.000,44,42,35,33,00,00,77,37*32ba557e
#BESTPOSA,COM1,0,54.0,FINESTEERING,2436,291278.000,00000200,000e,10817;SOL_COMPUTED,NARROW_FLOAT,31.16171063885,121.45594297998,6.7506,11.0394,WGS84,3.4948,4.6140,10.7188,"1793",1.000,1.000,46,44,35,31,00,00,77,37*e46a1980
#BESTPOSA,COM1,0,53.5,FINESTEERING,2436,291279.000,00000200,000e,10817;SOL_COMPUTED,NARROW_FLOAT,31.16171303673,121.45595906299,6.4248,11.0394,WGS84,3.4948,4.6140,10.7188,"1793",1.000,1.000,45,43,34,32,00,00,77,37*6610a54e
#BESTPOSA,COM1,0,54.0,FINESTEERING,2436,291280.000,00208200,000e,10817;SOL_COMPUTED,PSRDIFF,31.16171508097,121.45597424548,6.5234,11.0394,WGS84,3.4948,4.6140,10.7188,"1793",1.000,1.000,44,42,33,31,00,00,77,37*622ac7d0
#BESTPOSA,COM1,0,54.0,FINESTEERING,2436,291281.000,00008200,000e,10817;SOL_COMPUTED,NARROW_FLOAT,31.16171676775,121.45599019845,6.5522,11.0394,WGS84,3.4948,4.6140,10.7188,"1793",1.000,1.000,44,42,33,31,00,00,77,37*b6c1ea65
#BESTPOSA,COM1,0,53.0,FINESTEERING,2436,291282.000,00200200,000e,10817;SOL_COMPUTED,NARROW_FLOAT,31.16171814333,121.45600580401,6.7085,11.0394,WGS84,3.4948,4.6140,10.7188,"1793",1.000,1.000,44,42,33,31,00,00,77,37*39cd47a6
#BESTPOSA,COM1,0,52.0,FINESTEERING,2436,291283.000,00200200,000e,10817;SOL_COMPUTED,NARROW_FLOAT,31.16171931611,121.45601746710,6.5126,11.0394,WGS84,3.4948,4.6140,10.7188,"1793",1.000,1.000,45,44,36,33,00,00,77,37*8a75779f
#BESTPOSA,COM1,0,52.0,FINESTEERING,2436,291284.000,00000200,000e,10817;SOL_COMPUTED,NARROW_FLOAT,31.16172121921,121.45602971742,6.6002,11.0394,WGS84,3.4948,4.6140,10.7188,"1793",1.000,1.000,44,43,35,32,00,00,77,37*6429f51e
#BESTPOSA,COM1,0,52.5,FINESTEERING,2436,291285.000,00000200,000e,10817;SOL_COMPUTED,NARROW_FLOAT,31.16172255280,121.45604292218,6.6726,11.0394,WGS84,3.4948,4.6140,10.7188,"1793",1.000,1.000,45,43,35,33,00,00,77,37*6f89a916
#BESTPOSA,COM1,0,51.5,FINESTEERING,2436,291286.000,00000200,000e,10817;SOL_COMPUTED,NARROW_FLOAT,31.16172338907,121.45605136991,6.6272,11.0394,WGS84,3.4948,4.6140,10.7188,"1793",1.000,1.000,46,44,36,35,00,00,77,37*81c813af
#BESTPOSA,COM1,0,50.0,FINESTEERING,2436,291287.000,00000200,000e,10817;SOL_COMPUTED,NARROW_FLOAT,31.16172435073,121.45606147118,6.6442,11.0415,WGS84,3.4948,4.6140,10.7188,"1793",1.000,1.000,46,44,34,33,00,00,77,37*4f4a09dc
#BESTPOSA,COM1,0,50.0,FINESTEERING,2436,291288.000,00000200,000e,10817;SOL_COMPUTED,NARROW_FLOAT,31.16172600050,121.45607277841,6.6775,11.0415,WGS84,3.4948,4.6140,10.7188,"1793",1.000,1.000,45,43,33,32,00,00,77,37*f2a90476
#BESTPOSA,COM1,0,49.5,FINESTEERING,2436,291289.000,00000200,000e,10817;SOL_COMPUTED,NARROW_FLOAT,31.16172755299,121.45608422666,6.6197,11.0415,WGS84,3.4948,4.6140,10.7188,"1793",1.000,1.000,46,44,35,33,00,00,77,37*5551c8bd
#BESTPOSA,COM1,0,52.0,FINESTEERING,2436,291290.000,00000200,000e,10817;SOL_COMPUTED,NARROW_FLOAT,31.16172951490,121.45609515216,6.6483,11.0415,WGS84,3.4948,4.6140,10.7188,"1793",1.000,1.000,46,44,35,33,00,00,77,37*ff95057e
#BESTPOSA,COM1,0,52.0,FINESTEERING,2436,291291.000,00000200,000e,10817;SOL_COMPUTED,NARROW_INT,31.16173719907,121.45613141048,5.6002,11.0415,WGS84,3.4948,4.6140,10.7188,"1793",1.000,1.000,46,44,36,34,00,00,77,37*dd6b9175
#BESTPOSA,COM1,0,53.5,FINESTEERING,2436,291292.000,00000200,000e,10817;SOL_COMPUTED,NARROW_INT,31.16173924694,121.45614173238,5.6481,11.0415,WGS84,3.4948,4.6140,10.7188,"1793",1.000,2.000,45,43,33,33,00,00,77,37*68b8adec
#BESTPOSA,COM1,0,52.0,FINESTEERING,2436,291293.000,00000200,000e,10817;SOL_COMPUTED,NARROW_INT,31.16174096732,121.45615449820,5.6386,11.0415,WGS84,3.4948,4.6140,10.7188,"1793",1.000,3.000,48,46,36,34,00,00,77,37*238837c5
#BESTPOSA,COM1,0,50.0,FINESTEERING,2436,291294.000,00000200,000e,10817;SOL_COMPUTED,NARROW_INT,31.16174246846,121.45616798774,5.5856,11.0415,WGS84,3.4948,4.6140,10.7188,"1793",1.000,4.000,44,43,35,34,00,00,77,37*889db910
#BESTPOSA,COM1,0,50.0,FINESTEERING,2436,291295.000,00000200,000e,10817;SOL_COMPUTED,NARROW_INT,31.16174433124,121.45618090981,5.6090,11.0415,WGS84,3.4948,4.6140,10.7188,"1793",1.000,5.000,45,44,37,35,00,00,77,37*e2446416
#BESTPOSA,COM1,0,50.5,FINESTEERING,2436,291296.000,00000000,000e,10817;SOL_COMPUTED,NARROW_INT,31.16174662109,121.45619658791,5.6516,11.0415,WGS84,3.4948,4.6140,10.7188,"1793",1.000,6.000,44,43,35,34,00,00,77,37*306b871a
#BESTPOSA,COM1,0,50.5,FINESTEERING,2436,291297.000,00000000,000e,10817;SOL_COMPUTED,NARROW_INT,31.16174896924,121.45621237763,5.6755,11.0415,WGS84,3.4948,4.6140,10.7188,"1793",1.000,7.000,44,43,35,34,00,00,77,37*064d7759
#BESTPOSA,COM1,0,52.0,FINESTEERING,2436,291298.000,00200000,000e,10817;SOL_COMPUTED,NARROW_INT,31.16175081514,121.45623130066,5.6310,11.0415,WGS84,3.4948,4.6140,10.7188,"1793",1.000,8.000,44,43,35,35,00,00,77,37*599cefb1
#BESTPOSA,COM1,0,51.5,FINESTEERING,2436,291299.000,00000000,000e,10817;SOL_COMPUTED,NARROW_INT,31.16175355850,121.45624970284,5.5989,11.0415,WGS84,3.4948,4.6140,10.7188,"1793",1.000,1.000,46,44,35,35,00,00,77,37*b961d35b
#BESTPOSA,COM1,0,52.0,FINESTEERING,2436,291300.000,00000000,000e,10817;SOL_COMPUTED,NARROW_INT,31.16175569629,121.45626715979,5.6017,11.0415,WGS84,3.4948,4.6140,10.7188,"1793",1.000,1.000,43,42,34,35,00,00,77,37*4c079c58
#BESTPOSA,COM1,0,53.0,FINESTEERING,2436,291301.000,00000000,000e,10817;SOL_COMPUTED,NARROW_INT,31.16175689210,121.45628681536,5.6058,11.0415,WGS84,3.4948,4.6140,10.7188,"1793",1.000,1.000,45,43,33,33,00,00,77,37*8eb9ac42
#BESTPOSA,COM1,0,52.0,FINESTEERING,2436,291302.000,00000000,000e,10817;SOL_COMPUTED,NARROW_INT,31.16175911771,121.45630437149,5.6075,11.0415,WGS84,3.4948,4.6140,10.7188,"1793",2.000,2.000,43,42,34,34,00,00,77,37*9b474598
#BESTPOSA,COM1,0,57.5,FINESTEERING,2436,291303.000,00000000,000e,10817;SOL_COMPUTED,NARROW_INT,31.16176074978,121.45632000052,5.5851,11.0415,WGS84,3.4948,4.6140,10.7188,"1793",3.000,3.000,42,41,32,33,00,00,77,37*cffb0da1
#BESTPOSA,COM1,0,58.5,FINESTEERING,2436,291304.000,00000000,000e,10817;SOL_COMPUTED,NARROW_INT,31.16176316130,121.45633693261,5.5795,11.0415,WGS84,3.4948,4.6140,10.7188,"1793",4.000,4.000,42,41,34,33,00,00,77,37*5b30aada
#BESTPOSA,COM1,0,58.5,FINESTEERING,2436,291305.000,00000000,000e,10817;SOL_COMPUTED,NARROW_INT,31.16176565247,121.45635299801,5.5387,11.0415,WGS84,3.4948,4.6140,10.7188,"1793",1.000,1.000,42,41,33,34,00,00,77,37*e7b6d412
#BESTPOSA,COM1,0,39.5,FINESTEERING,2436,291306.000,00000000,000e,10817;SOL_COMPUTED,NARROW_INT,31.16176792934,121.45636896157,5.5414,11.0415,WGS84,3.4948,4.6140,10.7188,"1793",1.000,1.000,41,40,33,33,00,00,77,37*d9fdaeef
#BESTPOSA,COM1,0,53.5,FINESTEERING,2436,291307.000,00000000,000e,10817;SOL_COMPUTED,NARROW_INT,31.16176938406,121.45638158615,5.5289,11.0415,WGS84,3.4948,4.6140,10.7188,"1793",1.000,1.000,43,42,33,32,00,00,77,37*b68b08f6
#BESTPOSA,COM1,0,53.5,FINESTEERING,2436,291308.000,00200000,000e,10817;SOL_COMPUTED,NARROW_INT,31.16177134707,121.45639770282,5.5280,11.0415,WGS84,3.4948,4.6140,10.7188,"1793",1.000,1.000,43,42,33,33,00,00,77,37*0c510d6d
#BESTPOSA,COM1,0,53.0,FINESTEERING,2436,291309.000,00200000,000e,10817;SOL_COMPUTED,NARROW_INT,31.16177335517,121.45641262932,5.5619,11.0415,WGS84,3.4948,4.6140,10.7188,"1793",1.000,1.000,43,41,32,34,00,00,77,37*4b82f886
#BESTPOSA,COM1,0,53.5,FINESTEERING,2436,291310.000,00000000,000e,10817;SOL_COMPUTED,NARROW_INT,31.16177563442,121.45642692439,5.5348,11.0415,WGS84,3.4948,4.6140,10.7188,"1793",1.000,1.000,44,42,33,33,00,00,77,37*71cafa05
#BESTPOSA,COM1,0,52.5,FINESTEERING,2436,291311.000,00000200,000e,10817;SOL_COMPUTED,NARROW_INT,31.16177728199,121.45644007401,5.5936,11.0415,WGS84,3.4948,4.6140,10.7188,"1793",1.000,1.000,43,41,33,33,00,00,77,37*8e820200
#BESTPOSA,COM1,0,53.5,FINESTEERING,2436,291312.000,00000200,000e,10817;SOL_COMPUTED,NARROW_INT,31.16177891995,121.45645013869,5.5977,11.0415,WGS84,3.4948,4.6140,10.7188,"1793",1.000,1.000,45,42,35,34,00,00,77,37*91f7c54c
#BESTPOSA,COM1,0,53.5,FINESTEERING,2436,291313.000,00000200,000e,10817;SOL_COMPUTED,NARROW_INT,31.16177872385,121.45644936876,5.5636,11.0415,WGS84,3.4948,4.6140,10.7188,"1793",1.000,1.000,46,43,36,35,00,00,77,37*1c48e147
#BESTPOSA,COM1,0,53.5,FINESTEERING,2436,291314.000,00000200,000e,10817;SOL_COMPUTED,NARROW_INT,31.16177865387,121.45644927898,5.5778,11.0415,WGS84,3.4948,4.6140,10.7188,"1793",1.000,1.000,47,44,36,35,00,00,77,37*b056f019
#BESTPOSA,COM1,0,53.0,FINESTEERING,2436,291315.000,00000200,000e,10817;SOL_COMPUTED,NARROW_INT,31.16177861398,121.45644928637,5.5803,11.0415,WGS84,3.4948,4.6140,10.7188,"1793",1.000,1.000,47,44,36,36,00,00,77,37*ecc35f62
#BESTPOSA,COM1,0,53.5,FINESTEERING,2436,291316.000,00000200,000e,10817;SOL_COMPUTED,NARROW_INT,31.16177861352,121.45644927878,5.5795,11.0415,WGS84,3.4948,4.6140,10.7188,"1793",1.000,1.000,47,44,36,36,00,00,77,37*200c444a
#BESTPOSA,COM1,0,52.0,FINESTEERING,2436,291317.000,00000200,000e,10817;SOL_COMPUTED,NARROW_INT,31.16177860670,121.45644929744,5.5761,11.0415,WGS84,3.4948,4.6140,10.7188,"1793",1.000,1.000,47,44,37,37,00,00,77,37*8664260d
#BESTPOSA,COM1,0,51.5,FINESTEERING,2436,291318.000,00000200,000e,10817;SOL_COMPUTED,NARROW_INT,31.16177860603,121.45644930425,5.5749,11.0415,WGS84,3.4948,4.6140,10.7188,"1793",1.000,1.000,47,44,36,35,00,00,77,37*3f7c0461
#BESTPOSA,COM1,0,51.5,FINESTEERING,2436,291319.000,00000200,000e,10817;SOL_COMPUTED,NARROW_INT,31.16177860663,121.45644930211,5.5721,11.0415,WGS84,3.4948,4.6140,10.7188,"1793",1.000,1.000,47,44,37,35,00,00,77,37*62f5760d
#BESTPOSA,COM1,0,51.5,FINESTEERING,2436,291320.000,00000200,000e,10817;SOL_COMPUTED,NARROW_INT,31.16177863430,121.45644948900,5.5440,11.0415,WGS84,3.4948,4.6140,10.7188,"1793",1.000,1.000,48,45,39,37,00,00,77,37*69148309
#BESTPOSA,COM1,0,51.5,FINESTEERING,2436,291321.000,00000200,000e,10817;SOL_COMPUTED,NARROW_INT,31.16177864911,121.45644936051,5.5670,11.0415,WGS84,3.4948,4.6140,10.7188,"1793",1.000,1.000,48,45,39,37,00,00,77,37*82c51197
#BESTPOSA,COM1,0,51.0,FINESTEERING,2436,291322.000,00000200,000e,10817;SOL_COMPUTED,NARROW_INT,31.16177859201,121.45644928377,5.5726,11.0415,WGS84,3.4948,4.6140,10.7188,"1793",1.000,1.000,48,45,39,37,00,00,77,37*c8b229e8
#BESTPOSA,COM1,0,51.5,FINESTEERING,2436,291323.000,00000200,000e,10817;SOL_COMPUTED,NARROW_INT,31.16177861066,121.45644932031,5.5693,11.0415,WGS84,3.4948,4.6140,10.7188,"1793",1.000,1.000,48,45,38,36,00,00,77,37*1c32db5e
#BESTPOSA,COM1,0,51.0,FINESTEERING,2436,291324.000,00000200,000e,10817;SOL_COMPUTED,NARROW_INT,31.16177866961,121.45644928217,5.5736,11.0415,WGS84,3.4948,4.6140,10.7188,"1793",1.000,1.000,47,44,39,37,00,00,77,37*a3e9c9bf
#BESTPOSA,COM1,0,51.0,FINESTEERING,2436,291325.000,00000200,000e,10817;SOL_COMPUTED,NARROW_INT,31.16177864815,121.45644932390,5.5764,11.0415,WGS84,3.4948,4.6140,10.7188,"1793",1.000,1.000,48,45,39,36,00,00,77,37*b046998f
#BESTPOSA,COM1,0,50.5,FINESTEERING,2436,291326.000,00000200,000e,10817;SOL_COMPUTED,NARROW_INT,31.16177872418,121.45644927325,5.5809,11.0415,WGS84,3.4948,4.6140,10.7188,"1793",1.000,1.000,48,45,39,37,00,00,77,37*5c1d1ee2
#BESTPOSA,COM1,0,51.0,FINESTEERING,2436,291327.000,00000200,000e,10817;SOL_COMPUTED,NARROW_INT,31.16177867620,121.45644931831,5.5775,11.0415,WGS84,3.4948,4.6140,10.7188,"1793",1.000,1.000,48,45,38,36,00,00,77,37*6341260c
#BESTPOSA,COM1,0,50.5,FINESTEERING,2436,291328.000,00000200,000e,10817;SOL_COMPUTED,NARROW_INT,31.16177866874,121.45644933580,5.5772,11.0415,WGS84,3.4948,4.6140,10.7188,"1793",1.000,1.000,48,45,39,37,00,00,77,37*02bcd92a
#BESTPOSA,COM1,0,50.5,FINESTEERING,2436,291329.000,00000200,000e,10817;SOL_COMPUTED,NARROW_INT,31.16177865493,121.45644935706,5.5726,11.0415,WGS84,3.4948,4.6140,10.7188,"1793",1.000,1.000,48,45,39,37,00,00,77,37*50da4384
#BESTPOSA,COM1,0,51.0,FINESTEERING,2436,291330.000,00000200,000e,10817;SOL_COMPUTED,NARROW_INT,31.16177870009,121.45644935088,5.5768,11.0415,WGS84,3.4948,4.6140,10.7188,"1793",1.000,1.000,48,45,39,36,00,00,77,37*f224bfc1
#BESTPOSA,COM1,0,50.0,FINESTEERING,2436,291331.000,00000200,000e,10817;SOL_COMPUTED,NARROW_INT,31.16177862470,121.45644926129,5.5809,11.0415,WGS84,3.4948,4.6140,10.7188,"1793",1.000,1.000,48,45,38,36,00,00,77,37*25abbe04
#BESTPOSA,COM1,0,51.0,FINESTEERING,2436,291332.000,00000200,000e,10817;SOL_COMPUTED,NARROW_INT,31.16177865338,121.45644925513,5.5825,11.0415,WGS84,3.4948,4.6140,10.7188,"1793",1.000,1.000,49,45,36,36,00,00,77,37*99094b19
#BESTPOSA,COM1,0,50.0,FINESTEERING,2436,291333.000,00000200,000e,10817;SOL_COMPUTED,NARROW_INT,31.16177862878,121.45644926779,5.5841,11.0415,WGS84,3.4948,4.6140,10.7188,"1793",1.000,1.000,49,45,38,37,00,00,77,37*a51638b8
#BESTPOSA,COM1,0,50.5,FINESTEERING,2436,291334.000,00000200,000e,10817;SOL_COMPUTED,NARROW_INT,31.16177863252,121.45644925656,5.5811,11.0415,WGS84,3.4948,4.6140,10.7188,"1793",1.000,1.000,50,45,37,37,00,00,77,37*726ab567
#BESTPOSA,COM1,0,50.5,FINESTEERING,2436,291335.000,00000200,000e,10817;SOL_COMPUTED,NARROW_INT,31.16177860113,121.45644922064,5.5919,11.0415,WGS84,3.4948,4.6140,10.7188,"1793",1.000,1.000,50,45,38,37,00,00,77,37*d74da024
#BESTPOSA,COM1,0,50.0,FINESTEERING,2436,291336.000,00000200,000e,10817;SOL_COMPUTED,NARROW_INT,31.16177864692,121.45644928858,5.5814,11.0415,WGS84,3.4948,4.6140,10.7188,"1793",1.000,1.000,50,45,38,38,00,00,77,37*60c58ac0
#BESTPOSA,COM1,0,51.0,FINESTEERING,2436,291337.000,00000200,000e,10817;SOL_COMPUTED,NARROW_INT,31.16177867383,121.45644929246,5.5784,11.0415,WGS84,3.4948,4.6140,10.7188,"1793",1.000,1.000,50,45,38,36,00,00,77,37*2d439c63
#BESTPOSA,COM1,0,50.0,FINESTEERING,2436,291338.000,00000200,000e,10817;SOL_COMPUTED,NARROW_INT,31.16177869140,121.45644929091,5.5758,11.0415,WGS84,3.4948,4.6140,10.7188,"1793",1.000,1.000,50,45,38,37,00,00,77,37*92b41b79
#BESTPOSA,COM1,0,50.5,FINESTEERING,2436,291339.000,00000200,000e,10817;SOL_COMPUTED,NARROW_INT,31.16177867766,121.45644926664,5.5851,11.0415,WGS84,3.4948,4.6140,10.7188,"1793",1.000,1.000,49,44,37,36,00,00,77,37*a84cd6e0
#BESTPOSA,COM1,0,50.0,FINESTEERING,2436,291340.000,00000200,000e,10817;SOL_COMPUTED,NARROW_INT,31.16177865526,121.45644928222,5.5804,11.0415,WGS84,3.4948,4.6140,10.7188,"1793",1.000,1.000,50,45,38,38,00,00,77,37*5f8fc958
#BESTPOSA,COM1,0,50.0,FINESTEERING,2436,291341.000,00000200,000e,10817;SOL_COMPUTED,NARROW_INT,31.16177864683,121.45644927875,5.5785,11.0415,WGS84,3.4948,4.6140,10.7188,"1793",1.000,1.000,50,45,38,37,00,00,77,37*28d72fd8
#BESTPOSA,COM1,0,50.0,FINESTEERING,2436,291342.000,00000200,000e,10817;SOL_COMPUTED,NARROW_INT,31.16177865437,121.45644927597,5.5776,11.0415,WGS84,3.4948,4.6140,10.7188,"1793",1.000,1.000,50,45,38,37,00,00,77,37*fa7559c7
#BESTPOSA,COM1,0,50.0,FINESTEERING,2436,291343.000,00000200,000e,10817;SOL_COMPUTED,NARROW_INT,31.16177868065,121.45644928908,5.5783,11.0415,WGS84,3.4948,4.6140,10.7188,"1793",1.000,1.000,50,45,38,37,00,00,77,37*73db9536
#BESTPOSA,COM1,0,50.0,FINESTEERING,2436,291344.000,00000200,000e,10817;SOL_COMPUTED,NARROW_INT,31.16177865889,121.45644924336,5.5860,11.0415,WGS84,3.4948,4.6140,10.7188,"1793",1.000,1.000,50,45,38,37,00,00,77,37*f5237e53
#BESTPOSA,COM1,0,50.5,FINESTEERING,2436,291345.000,00000200,000e,10817;SOL_COMPUTED,NARROW_INT,31.16177870750,121.45644929529,5.5821,11.0415,WGS84,3.4948,4.6140,10.7188,"1793",1.000,1.000,51,46,40,37,00,00,77,37*b7d46ef2
#BESTPOSA,COM1,0,55.0,FINESTEERING,2436,291346.000,00000200,000e,10817;SOL_COMPUTED,NARROW_INT,31.16177867798,121.45644927862,5.5823,11.0415,WGS84,3.4948,4.6140,10.7188,"1793",2.000,2.000,51,46,40,38,00,00,77,37*8f174692
#BESTPOSA,COM1,0,56.5,FINESTEERING,2436,291347.000,00000200,000e,10817;SOL_COMPUTED,NARROW_INT,31.16177866274,121.45644926393,5.5843,11.0415,WGS84,3.4948,4.6140,10.7188,"1793",3.000,3.000,51,46,40,38,00,00,77,37*4b1e3f14
#BESTPOSA,COM1,0,46.0,FINESTEERING,2436,291348.000,00000200,000e,10817;SOL_COMPUTED,NARROW_INT,31.16177867618,121.45644927670,5.5782,11.0415,WGS84,3.4948,4.6140,10.7188,"1793",2.000,2.000,51,46,39,38,00,00,77,37*7d0088dd
#BESTPOSA,COM1,0,46.0,FINESTEERING,2436,291349.000,00000200,000e,10817;SOL_COMPUTED,NARROW_INT,31.16177865787,121.45644932439,5.5814,11.0415,WGS84,3.4948,4.6140,10.7188,"1793",1.000,1.000,50,45,38,38,00,00,77,37*c8f6ac61
#BESTPOSA,COM1,0,43.0,FINESTEERING,2436,291350.000,00000200,000e,10817;SOL_COMPUTED,NARROW_INT,31.16177870332,121.45644930466,5.5777,11.0415,WGS84,3.4948,4.6140,10.7188,"1793",1.000,1.000,51,46,40,38,00,00,77,37*cb0d4a61
#BESTPOSA,COM1,0,50.5,FINESTEERING,2436,291351.000,00000200,000e,10817;SOL_COMPUTED,NARROW_INT,31.16177871688,121.45644935027,5.5679,11.0415,WGS84,3.4948,4.6140,10.7188,"1793",1.000,1.000,51,46,41,38,00,00,77,37*064d851f
#BESTPOSA,COM1,0,50.0,FINESTEERING,2436,291352.000,00000200,000e,10817;SOL_COMPUTED,NARROW_INT,31.16177871819,121.45644935632,5.5665,11.0415,WGS84,3.4948,4.6140,10.7188,"1793",2.000,2.000,51,46,40,38,00,00,77,37*37966ea0
#BESTPOSA,COM1,0,56.0,FINESTEERING,2436,291353.000,00000200,000e,10817;SOL_COMPUTED,NARROW_INT,31.16177870825,121.45644937587,5.5700,11.0415,WGS84,3.4948,4.6140,10.7188,"1793",3.000,3.000,51,46,40,38,00,00,77,37*a379eeae
#BESTPOSA,COM1,0,56.5,FINESTEERING,2436,291354.000,00000200,000e,10817;SOL_COMPUTED,NARROW_INT,31.16177873522,121.45644937277,5.5586,11.0415,WGS84,3.4948,4.6140,10.7188,"1793",1.000,1.000,51,46,40,38,00,00,77,37*9153e55b
#BESTPOSA,COM1,0,38.0,FINESTEERING,2436,291355.000,00000200,000e,10817;SOL_COMPUTED,NARROW_INT,31.16177871382,121.45644933165,5.5644,11.0415,WGS84,3.4948,4.6140,10.7188,"1793",1.000,1.000,51,46,40,38,00,00,77,37*24addfc6
#BESTPOSA,COM1,0,49.0,FINESTEERING,2436,291356.000,00000200,000e,10817;SOL_COMPUTED,NARROW_INT,31.16177873501,121.45644934317,5.5566,11.0415,WGS84,3.4948,4.6140,10.7188,"1793",1.000,1.000,51,46,41,38,00,00,77,37*67266cd9
#BESTPOSA,COM1,0,49.0,FINESTEERING,2436,291357.000,00000200,000e,10817;SOL_COMPUTED,NARROW_INT,31.16177870965,121.45644931729,5.5685,11.0415,WGS84,3.4948,4.6140,10.7188,"1793",1.000,1.000,51,46,41,38,00,00,77,37*ca9966de
#BESTPOSA,COM1,0,51.0,FINESTEERING,2436,291358.000,00000200,000e,10817;SOL_COMPUTED,NARROW_INT,31.16177870471,121.45644932280,5.5700,11.0415,WGS84,3.4948,4.6140,10.7188,"1793",1.000,1.000,51,46,41,38,00,00,77,37*7735219f
#BESTPOSA,COM1,0,50.5,FINESTEERING,2436,291359.000,00000200,000e,10817;SOL_COMPUTED,NARROW_INT,31.16177870879,121.45644932995,5.5693,11.0415,WGS84,3.4948,4.6140,10.7188,"1793",1.000,1.000,51,46,40,37,00,00,77,37*d6f7e483
#BESTPOSA,COM1,0,49.5,FINESTEERING,2436,291360.000,00000200,000e,10817;SOL_COMPUTED,NARROW_INT,31.16177869554,121.45644934564,5.5712,11.0415,WGS84,3.4948,4.6140,10.7188,"1793",1.000,1.000,50,45,40,37,00,00,77,37*b265caa5
#BESTPOSA,COM1,0,53.0,FINESTEERING,2436,291361.000,00000200,000e,10817;SOL_COMPUTED,NARROW_INT,31.16177871848,121.45644931204,5.5665,11.0415,WGS84,3.4948,4.6140,10.7188,"1793",1.000,1.000,50,45,40,36,00,00,77,37*1b834fdb
#BESTPOSA,COM1,0,47.5,FINESTEERING,2436,291362.000,00000200,000e,10817;SOL_COMPUTED,NARROW_INT,31.16177873178,121.45644931373,5.5678,11.0415,WGS84,3.4948,4.6140,10.7188,"1793",1.000,1.000,51,46,41,36,00,00,77,37*b64c0201
#BESTPOSA,COM1,0,49.5,FINESTEERING,2436,291363.000,00000200,000e,10817;SOL_COMPUTED,NARROW_INT,31.16177871937,121.45644930039,5.5722,11.0415,WGS84,3.4948,4.6140,10.7188,"1793",1.000,1.000,51,46,40,36,00,00,77,37*0a0b3954
#BESTPOSA,COM1,0,50.5,FINESTEERING,2436,291364.000,00000200,000e,10817;SOL_COMPUTED,NARROW_INT,31.16177867832,121.45644930119,5.5746,11.0415,WGS84,3.4948,4.6140,10.7188,"1793",1.000,1.000,51,46,41,37,00,00,77,37*d5e6466f
#BESTPOSA,COM1,0,49.5,FINESTEERING,2436,291365.000,00000200,000e,10817;SOL_COMPUTED,NARROW_INT,31.16177867075,121.45644927209,5.5794,11.0415,WGS84,3.4948,4.6140,10.7188,"1793",1.000,1.000,51,46,41,37,00,00,77,37*8841df2b
#BESTPOSA,COM1,0,50.5,FINESTEERING,2436,291366.000,00000200,000e,10817;SOL_COMPUTED,NARROW_INT,31.16177870226,121.45644931050,5.5734,11.0415,WGS84,3.4948,4.6140,10.7188,"1793",1.000,1.000,51,46,41,37,00,00,77,37*6cda487f
#BESTPOSA,COM1,0,50.5,FINESTEERING,2436,291367.000,00000200,000e,10817;SOL_COMPUTED,NARROW_INT,31.16177870341,121.45644928007,5.5839,11.0415,WGS84,3.4948,4.6140,10.7188,"1793",1.000,1.000,51,46,41,37,00,00,77,37*9d0c0f0b
#BESTPOSA,COM1,0,50.0,FINESTEERING,2436,291368.000,00000200,000e,10817;SOL_COMPUTED,NARROW_INT,31.16177867721,121.45644929792,5.5716,11.0415,WGS84,3.4948,4.6140,10.7188,"1793",1.000,1.000,51,46,40,37,00,00,77,37*16b04c3f
#BESTPOSA,COM1,0,49.5,FINESTEERING,2436,291369.000,00000200,000e,10817;SOL_COMPUTED,NARROW_INT,31.16177869455,121.45644930348,5.5737,11.0415,WGS84,3.4948,4.6140,10.7188,"1793",1.000,1.000,51,46,40,35,00,00,77,37*2bb87537
#BESTPOSA,COM1,0,49.5,FINESTEERING,2436,291370.000,00000200,000e,10817;SOL_COMPUTED,NARROW_INT,31.16177871641,121.45644932031,5.5775,11.0415,WGS84,3.4948,4.6140,10.7188,"1793",1.000,1.000,51,46,40,36,00,00,77,37*1a37901a
#BESTPOSA,COM1,0,50.5,FINESTEERING,2436,291371.000,00000200,000e,10817;SOL_COMPUTED,NARROW_INT,31.16177875471,121.45644932700,5.5694,11.0415,WGS84,3.4948,4.6140,10.7188,"1793",1.000,1.000,51,46,40,35,00,00,77,37*cdb1aa55
#BESTPOSA,COM1,0,49.5,FINESTEERING,2436,291372.000,00000200,000e,10817;SOL_COMPUTED,NARROW_INT,31.16177873507,121.45644932734,5.5768,11.0415,WGS84,3.4948,4.6140,10.7188,"1793",1.000,1.000,51,46,41,37,00,00,77,37*1ecc3426
#BESTPOSA,COM1,0,51.0,FINESTEERING,2436,291373.000,00000200,000e,10817;SOL_COMPUTED,NARROW_INT,31.16177875817,121.45644932348,5.5679,11.0415,WGS84,3.4948,4.6140,10.7188,"1793",1.000,1.000,51,46,41,38,00,00,77,37*23d5a629
#BESTPOSA,COM1,0,50.5,FINESTEERING,2436,291374.000,00000200,000e,10817;SOL_COMPUTED,NARROW_INT,31.16177874656,121.45644932971,5.5653,11.0415,WGS84,3.4948,4.6140,10.7188,"1793",1.000,1.000,51,46,40,37,00,00,77,37*2ffc5b19
#BESTPOSA,COM1,0,50.5,FINESTEERING,2436,291375.000,00000200,000e,10817;SOL_COMPUTED,NARROW_INT,31.16177872812,121.45644930763,5.5711,11.0415,WGS84,3.4948,4.6140,10.7188,"1793",1.000,1.000,51,46,40,37,00,00,77,37*4363bed5
#BESTPOSA,COM1,0,50.5,FINESTEERING,2436,291376.000,00008200,000e,10817;SOL_COMPUTED,NARROW_INT,31.16177876699,121.45644931966,5.5699,11.0415,WGS84,3.4948,4.6140,10.7188,"1793",1.000,1.000,51,46,41,38,00,00,77,37*eb0be306
#BESTPOSA,COM1,0,48.5,FINESTEERING,2436,291377.000,00008200,000e,10817;SOL_COMPUTED,NARROW_INT,31.16177876012,121.45644933326,5.5702,11.0415,WGS84,3.4948,4.6140,10.7188,"1793",1.000,1.000,51,46,41,38,00,00,77,37*96ebd1f9
#BESTPOSA,COM1,0,50.5,FINESTEERING,2436,291378.000,00000200,000e,10817;SOL_COMPUTED,NARROW_INT,31.16177877876,121.45644934343,5.5700,11.0415,WGS84,3.4948,4.6140,10.7188,"1793",1.000,1.000,51,46,41,37,00,00,77,37*11e1c9eb
#BESTPOSA,COM1,0,49.5,FINESTEERING,2436,291379.000,00000200,000e,10817;SOL_COMPUTED,NARROW_INT,31.16177880923,121.45644937858,5.5639,11.0415,WGS84,3.4948,4.6140,10.7188,"1793",1.000,1.000,51,46,41,37,00,00,77,37*5cafd87b
#BESTPOSA,COM1,0,50.0,FINESTEERING,2436,291380.000,00000200,000e,10817;SOL_COMPUTED,NARROW_INT,31.16177881453,121.45644935502,5.5596,11.0415,WGS84,3.4948,4.6140,10.7188,"1793",1.000,1.000,51,46,41,37,00,00,77,37*38e6c0e1
#BESTPOSA,COM1,0,50.0,FINESTEERING,2436,291381.000,00000200,000e,10817;SOL_COMPUTED,NARROW_INT,31.16177880932,121.45644936088,5.5584,11.0415,WGS84,3.4948,4.6140,10.7188,"1793",1.000,1.000,51,46,41,38,00,00,77,37*8a42638c
#BESTPOSA,COM1,0,50.5,FINESTEERING,2436,291382.000,00000200,000e,10817;SOL_COMPUTED,NARROW_INT,31.16177880493,121.45644934562,5.5660,11.0415,WGS84,3.4948,4.6140,10.7188,"1793",1.000,1.000,51,46,41,38,00,00,77,37*7370f401
#BESTPOSA,COM1,0,49.5,FINESTEERING,2436,291383.000,00000200,000e,10817;SOL_COMPUTED,NARROW_INT,31.16177878687,121.45644935291,5.5690,11.0415,WGS84,3.4948,4.6140,10.7188,"1793",1.000,1.000,51,46,41,38,00,00,77,37*d17d995e
#BESTPOSA,COM1,0,50.5,FINESTEERING,2436,291384.000,00000200,000e,10817;SOL_COMPUTED,NARROW_INT,31.16177880729,121.45644935741,5.5698,11.0415,WGS84,3.4948,4.6140,10.7188,"1793",1.000,1.000,51,46,41,38,00,00,77,37*45e62ea2
#BESTPOSA,COM1,0,49.0,FINESTEERING,2436,291385.000,00000200,000e,10817;SOL_COMPUTED,NARROW_INT,31.16177879273,121.45644937197,5.5763,11.0415,WGS84,3.4948,4.6140,10.7188,"1793",1.000,1.000,51,46,41,38,00,00,77,37*fcc5941d
#BESTPOSA,COM1,0,50.0,FINESTEERING,2436,291386.000,00000200,000e,10817;SOL_COMPUTED,NARROW_INT,31.16177877689,121.45644936204,5.5735,11.0415,WGS84,3.4948,4.6140,10.7188,"1793",1.000,1.000,51,46,41,38,00,00,77,37*171e0fea
#BESTPOSA,COM1,0,50.5,FINESTEERING,2436,291387.000,00000200,000e,10817;SOL_COMPUTED,NARROW_INT,31.16177878771,121.45644936420,5.5741,11.0415,WGS84,3.4948,4.6140,10.7188,"1793",1.000,1.000,51,46,41,38,00,00,77,37*12d490a1
#BESTPOSA,COM1,0,50.0,FINESTEERING,2436,291388.000,00000200,000e,10817;SOL_COMPUTED,NARROW_INT,31.16177876945,121.45644936044,5.5728,11.0415,WGS84,3.4948,4.6140,10.7188,"1793",1.000,1.000,51,46,41,38,00,00,77,37*8d533c28
#BESTPOSA,COM1,0,50.5,FINESTEERING,2436,291389.000,00000200,000e,10817;SOL_COMPUTED,NARROW_INT,31.16177877155,121.45644934564,5.5775,11.0415,WGS84,3.4948,4.6140,10.7188,"1793",1.000,1.000,51,46,40,37,00,00,77,37*12d896c7
#BESTPOSA,COM1,0,50.0,FINESTEERING,2436,291390.000,00000200,000e,10817;SOL_COMPUTED,NARROW_INT,31.16177876889,121.45644935018,5.5735,11.0415,WGS84,3.4948,4.6140,10.7188,"1793",1.000,1.000,51,46,40,37,00,00,77,37*54c2941e
#BESTPOSA,COM1,0,50.5,FINESTEERING,2436,291391.000,00000200,000e,10817;SOL_COMPUTED,NARROW_INT,31.16177875787,121.45644934333,5.5717,11.0415,WGS84,3.4948,4.6140,10.7188,"1793",1.000,1.000,51,46,40,37,00,00,77,37*ffa1450c
#BESTPOSA,COM1,0,50.0,FINESTEERING,2436,291392.000,00000200,000e,10817;SOL_COMPUTED,NARROW_INT,31.16177876818,121.45644933067,5.5703,11.0415,WGS84,3.4948,4.6140,10.7188,"1793",1.000,1.000,51,46,41,39,00,00,77,37*02b5c8ce
#BESTPOSA,COM1,0,50.5,FINESTEERING,2436,291393.000,00000200,000e,10817;SOL_COMPUTED,NARROW_INT,31.16177877259,121.45644936197,5.5729,11.0415,WGS84,3.4948,4.6140,10.7188,"1793",1.000,1.000,51,46,41,36,00,00,77,37*620b3ff2
#BESTPOSA,COM1,0,49.0,FINESTEERING,2436,291394.000,00000200,000e,10817;SOL_COMPUTED,NARROW_INT,31.16177875510,121.45644933894,5.5714,11.0415,WGS84,3.4948,4.6140,10.7188,"1793",1.000,1.000,51,46,41,36,00,00,77,37*4bf23d66
#BESTPOSA,COM1,0,50.0,FINESTEERING,2436,291395.000,00000200,000e,10817;SOL_COMPUTED,NARROW_INT,31.16177878150,121.45644934319,5.5754,11.0415,WGS84,3.4948,4.6140,10.7188,"1793",1.000,1.000,51,46,41,37,00,00,77,37*62c4478c
#BESTPOSA,COM1,0,49.0,FINESTEERING,2436,291396.000,00000200,000e,10817;SOL_COMPUTED,NARROW_INT,31.16177875903,121.45644933416,5.5720,11.0415,WGS84,3.4948,4.6140,10.7188,"1793",1.000,1.000,51,46,41,37,00,00,77,37*1b17c05a
#BESTPOSA,COM1,0,50.5,FINESTEERING,2436,291397.000,00000200,000e,10817;SOL_COMPUTED,NARROW_INT,31.16177876246,121.45644935393,5.5746,11.0415,WGS84,3.4948,4.6140,10.7188,"1793",1.000,1.000,52,46,41,38,00,00,77,37*f2e3f066
#BESTPOSA,COM1,0,50.0,FINESTEERING,2436,291398.000,00000200,000e,10817;SOL_COMPUTED,NARROW_INT,31.16177875830,121.45644935420,5.5767,11.0415,WGS84,3.4948,4.6140,10.7188,"1793",1.000,1.000,52,46,41,38,00,00,77,37*0e45c2b7
#BESTPOSA,COM1,0,50.5,FINESTEERING,2436,291399.000,00000200,000e,10817;SOL_COMPUTED,NARROW_INT,31.16177873079,121.45644935421,5.5720,11.0415,WGS84,3.4948,4.6140,10.7188,"1793",1.000,1.000,52,46,41,37,00,00,77,37*439ca7ee
#BESTPOSA,COM1,0,49.5,FINESTEERING,2436,291400.000,00000200,000e,10817;SOL_COMPUTED,NARROW_INT,31.16177872085,121.45644935472,5.5715,11.0415,WGS84,3.4948,4.6140,10.7188,"1793",1.000,1.000,52,46,41,37,00,00,77,37*30ee3bd5
#BESTPOSA,COM1,0,50.0,FINESTEERING,2436,291401.000,00000200,000e,10817;SOL_COMPUTED,NARROW_INT,31.16177873897,121.45644936103,5.5733,11.0415,WGS84,3.4948,4.6140,10.7188,"1793",1.000,1.000,52,46,41,37,00,00,77,37*9296012e
#BESTPOSA,COM1,0,48.0,FINESTEERING,2436,291402.000,00000200,000e,10817;SOL_COMPUTED,NARROW_INT,31.16177889487,121.45645039208,5.5704,11.0415,WGS84,3.4948,4.6140,10.7188,"1793",1.000,1.000,52,46,41,37,00,00,77,37*271265d8
#BESTPOSA,COM1,0,49.5,FINESTEERING,2436,291403.000,00000200,000e,10817;SOL_COMPUTED,NARROW_INT,31.16177906825,121.45645224753,5.5460,11.0415,WGS84,3.4948,4.6140,10.7188,"1793",1.000,1.000,52,46,41,38,00,00,77,37*d54d9098
#BESTPOSA,COM1,0,48.0,FINESTEERING,2436,291404.000,00000200,000e,10817;SOL_COMPUTED,NARROW_INT,31.16178001151,121.45646065985,5.5453,11.0415,WGS84,3.4948,4.6140,10.7188,"1793",1.000,1.000,51,45,40,36,00,00,77,37*f9a84898
#BESTPOSA,COM1,0,47.0,FINESTEERING,2436,291405.000,00000200,000e,10817;SOL_COMPUTED,NARROW_INT,31.16178107773,121.45647409875,5.5378,11.0415,WGS84,3.4948,4.6140,10.7188,"1793",1.000,1.000,50,44,39,36,00,00,77,37*7df0e55f
#BESTPOSA,COM1,0,49.5,FINESTEERING,2436,291406.000,00000200,000e,10817;SOL_COMPUTED,NARROW_INT,31.16178412873,121.45648854686,5.5972,11.0415,WGS84,3.4948,4.6140,10.7188,"1793",1.000,1.000,50,44,39,37,00,00,77,37*3e395535
#BESTPOSA,COM1,0,50.0,FINESTEERING,2436,291407.000,00000200,000e,10817;SOL_COMPUTED,NARROW_INT,31.16178696362,121.45650159015,5.6517,11.0415,WGS84,3.4948,4.6140,10.7188,"1793",1.000,1.000,50,45,40,38,00,00,77,37*eee22c66
#BESTPOSA,COM1,0,51.0,FINESTEERING,2436,291408.000,00000200,000e,10817;SOL_COMPUTED,NARROW_INT,31.16179078086,121.45651421787,5.6652,11.0415,WGS84,3.4948,4.6140,10.7188,"1793",1.000,1.000,52,46,41,39,00,00,77,37*ec64fe6d
#BESTPOSA,COM1,0,50.0,FINESTEERING,2436,291409.000,00000200,000e,10817;SOL_COMPUTED,NARROW_INT,31.16179966172,121.45652533227,5.7019,11.0415,WGS84,3.4948,4.6140,10.7188,"1793",1.000,1.000,52,46,40,38,00,00,77,37*43478291
#BESTPOSA,COM1,0,49.5,FINESTEERING,2436,291410.000,00000200,000e,10817;SOL_COMPUTED,NARROW_INT,31.16181041301,121.45653692694,5.7123,11.0415,WGS84,3.4948,4.6140,10.7188,"1793",1.000,2.000,51,46,40,38,00,00,77,37*0894d184
#BESTPOSA,COM1,0,47.5,FINESTEERING,2436,291411.000,00000200,000e,10817;SOL_COMPUTED,NARROW_FLOAT,31.16181388314,121.45653786944,5.9207,11.0415,WGS84,3.4948,4.6140,10.7188,"1793",1.000,3.000,50,46,40,38,00,00,77,37*50c02f46
#BESTPOSA,COM1,0,48.0,FINESTEERING,2436,291412.000,00000200,000e,10817;SOL_COMPUTED,PSRDIFF,31.16181466826,121.45653593541,6.2229,11.0415,WGS84,3.4948,4.6140,10.7188,"1793",1.000,4.000,49,46,40,37,00,00,77,37*7e80af98
#BESTPOSA,COM1,0,47.5,FINESTEERING,2436,291413.000,00000200,000e,10817;SOL_COMPUTED,PSRDIFF,31.16182372935,121.45653951598,6.2474,11.0415,WGS84,3.4948,4.6140,10.7188,"1793",1.000,1.000,50,46,39,36,00,00,77,37*dda9a8a9
#BESTPOSA,COM1,0,50.0,FINESTEERING,2436,291414.000,00000200,000e,10817;SOL_COMPUTED,PSRDIFF,31.16183426468,121.45654140917,6.0708,11.0415,WGS84,3.4948,4.6140,10.7188,"1793",1.000,1.000,51,46,39,37,00,00,77,37*89f7de6d
#BESTPOSA,COM1,0,52.5,FINESTEERING,2436,291415.000,00000200,000e,10817;SOL_COMPUTED,PSRDIFF,31.16184521961,121.45654642674,6.1431,11.0415,WGS84,3.4948,4.6140,10.7188,"1793",1.000,1.000,49,45,38,35,00,00,77,37*9289cee8
#BESTPOSA,COM1,0,56.0,FINESTEERING,2436,291416.000,00000200,000e,10817;SOL_COMPUTED,NARROW_FLOAT,31.16185103082,121.45654606181,5.9219,11.0415,WGS84,3.4948,4.6140,10.7188,"1793",1.000,1.000,49,45,38,35,00,00,77,37*cc7871a0
#BESTPOSA,COM1,0,49.0,FINESTEERING,2436,291417.000,00000200,000e,10817;SOL_COMPUTED,PSRDIFF,31.16185932370,121.45654578242,5.9253,11.0415,WGS84,3.4948,4.6140,10.7188,"1793",1.000,2.000,45,42,36,35,00,00,77,37*fee86b9b
#BESTPOSA,COM1,0,53.0,FINESTEERING,2436,291418.000,00000200,000e,10817;SOL_COMPUTED,PSRDIFF,31.16187094389,121.45654928413,6.0229,11.0415,WGS84,3.4948,4.6140,10.7188,"1793",1.000,3.000,45,42,36,34,00,00,77,37*a3bd79c1
#BESTPOSA,COM1,0,53.5,FINESTEERING,2436,291419.000,00000200,000e,10817;SOL_COMPUTED,PSRDIFF,31.16187793174,121.45655081771,6.1286,11.0415,WGS84,3.4948,4.6140,10.7188,"1793",1.000,4.000,47,44,37,33,00,00,77,37*5e3afb20
#BESTPOSA,COM1,0,52.5,FINESTEERING,2436,291420.000,00000200,000e,10817;SOL_COMPUTED,PSRDIFF,31.16188412009,121.45655436020,6.0068,11.0415,WGS84,3.4948,4.6140,10.7188,"1793",1.000,1.000,45,43,36,34,00,00,77,37*40780017
#BESTPOSA,COM1,0,52.0,FINESTEERING,2436,291421.000,00008200,000e,10817;SOL_COMPUTED,PSRDIFF,31.16189106000,121.45655954953,6.1316,11.0415,WGS84,3.4948,4.6140,10.7188,"1793",1.000,2.000,47,44,36,32,00,00,77,37*92b85e82
#BESTPOSA,COM1,0,54.0,FINESTEERING,2436,291422.000,00000200,000e,10817;SOL_COMPUTED,NARROW_FLOAT,31.16189673931,121.45656301812,6.3385,11.0415,WGS84,3.4948,4.6140,10.7188,"1793",1.000,1.000,48,45,37,33,00,00,77,37*3aac653c
#BESTPOSA,COM1,0,54.5,FINESTEERING,2436,291423.000,00200200,000e,10817;SOL_COMPUTED,PSRDIFF,31.16190390272,121.45656705199,6.4936,11.0415,WGS84,3.4948,4.6140,10.7188,"1793",1.000,2.000,48,45,37,34,00,00,77,37*6f498308
#BESTPOSA,COM1,0,54.0,FINESTEERING,2436,291424.000,00000200,000e,10817;SOL_COMPUTED,NARROW_FLOAT,31.16191072394,121.45657039188,6.8270,11.0415,WGS84,3.4948,4.6140,10.7188,"1793",1.000,1.000,48,45,36,33,00,00,77,37*44836bf7
#BESTPOSA,COM1,0,54.5,FINESTEERING,2436,291425.000,00200200,000e,10817;SOL_COMPUTED,NARROW_FLOAT,31.16191755626,121.45657314077,7.3137,11.0415,WGS84,3.4948,4.6140,10.7188,"1793",1.000,2.000,48,44,36,34,00,00,77,37*4c942d04
#BESTPOSA,COM1,0,54.5,FINESTEERING,2436,291426.000,00000200,000e,10817;SOL_COMPUTED,NARROW_FLOAT,31.16192313877,121.45658030736,7.9550,11.0415,WGS84,3.4948,4.6140,10.7188,"1793",1.000,1.000,49,44,36,34,00,00,77,37*c8fee8e7
#BESTPOSA,COM1,0,54.0,FINESTEERING,2436,291427.000,00000200,000e,10817;SOL_COMPUTED,PSRDIFF,31.16192813043,121.45658448784,8.4452,11.0415,WGS84,3.4948,4.6140,10.7188,"1793",1.000,1.000,48,44,35,34,00,00,77,37*6c563bf3
#BESTPOSA,COM1,0,54.0,FINESTEERING,2436,291428.000,00000200,000e,10817;SOL_COMPUTED,NARROW_FLOAT,31.16193284597,121.45658434033,8.8507,11.0415,WGS84,3.4948,4.6140,10.7188,"1793",1.000,1.000,46,42,36,34,00,00,77,37*fccb3517
#BESTPOSA,COM1,0,54.5,FINESTEERING,2436,291429.000,00000200,000e,10817;SOL_COMPUTED,PSRDIFF,31.16193798846,121.45658524233,9.1906,11.0415,WGS84,3.4948,4.6140,10.7188,"1793",1.000,2.000,48,44,38,34,00,00,77,37*112f0ab3
#BESTPOSA,COM1,0,54.0,FINESTEERING,2436,291430.000,00000200,000e,10817;SOL_COMPUTED,PSRDIFF,31.16194147335,121.45658463297,9.6428,11.0415,WGS84,3.4948,4.6140,10.7188,"1793",1.000,3.000,48,44,37,33,00,00,77,37*ca8aa61a
#BESTPOSA,COM1,0,54.5,FINESTEERING,2436,291431.000,00000200,000e,10817;SOL_COMPUTED,PSRDIFF,31.16194556218,121.45658642211,10.0611,11.0415,WGS84,3.4948,4.6140,10.7188,"1793",1.000,4.000,49,45,37,34,00,00,77,37*bf3f6ab2
#BESTPOSA,COM1,0,52.5,FINESTEERING,2436,291432.000,00000200,000e,10817;SOL_COMPUTED,PSRDIFF,31.16194893264,121.45658885010,10.8092,11.0415,WGS84,3.4948,4.6140,10.7188,"1793",1.000,1.000,48,44,36,32,00,00,77,37*da9f2f8f
#BESTPOSA,COM1,0,54.0,FINESTEERING,2436,291433.000,00000200,000e,10817;SOL_COMPUTED,PSRDIFF,31.16195321476,121.45658832473,11.2924,11.0415,WGS84,3.4948,4.6140,10.7188,"1793",1.000,1.000,48,44,37,35,00,00,77,37*2004f7b1
#BESTPOSA,COM1,0,55.0,FINESTEERING,2436,291434.000,00000200,000e,10817;SOL_COMPUTED,PSRDIFF,31.16195674000,121.45658920160,11.4454,11.0415,WGS84,3.4948,4.6140,10.7188,"1793",1.000,2.000,46,43,38,34,00,00,77,37*3fe1218f
#BESTPOSA,COM1,0,55.0,FINESTEERING,2436,291435.000,00000200,000e,10817;SOL_COMPUTED,PSRDIFF,31.16196156117,121.45658700769,11.4914,11.0415,WGS84,3.4948,4.6140,10.7188,"1793",1.000,3.000,47,43,38,34,00,00,77,37*a19e7f64
#BESTPOSA,COM1,0,55.0,FINESTEERING,2436,291436.000,00000200,000e,10817;SOL_COMPUTED,PSRDIFF,31.16196669269,121.45658685132,12.1330,11.0415,WGS84,3.4948,4.6140,10.7188,"1793",1.000,4.000,45,42,36,33,00,00,77,37*1d0e5c0c
#BESTPOSA,COM1,0,54.0,FINESTEERING,2436,291437.000,00200200,000e,10817;SOL_COMPUTED,PSRDIFF,31.16197259866,121.45658736844,12.8514,11.0415,WGS84,3.4948,4.6140,10.7188,"1793",1.000,5.000,46,43,36,34,00,00,77,37*606d9810
#BESTPOSA,COM1,0,53.5,FINESTEERING,2436,291438.000,00000200,000e,10817;SOL_COMPUTED,PSRDIFF,31.16198089519,121.45658661188,13.1701,11.0415,WGS84,3.4948,4.6140,10.7188,"1793",1.000,6.000,46,43,36,34,00,00,77,37*ec277be0
#BESTPOSA,COM1,0,54.5,FINESTEERING,2436,291439.000,00000200,000e,10817;SOL_COMPUTED,PSRDIFF,31.16198944140,121.45658552236,13.5298,11.0415,WGS84,3.4948,4.6140,10.7188,"1793",1.000,7.000,46,43,34,32,00,00,77,37*64070fbf
#BESTPOSA,COM1,0,54.0,FINESTEERING,2436,291440.000,00000200,000e,10817;SOL_COMPUTED,PSRDIFF,31.16199883873,121.45658360288,13.6901,11.0415,WGS84,3.4948,4.6140,10.7188,"1793",1.000,8.000,46,43,34,32,00,00,77,37*f3be4e3c
#BESTPOSA,COM1,0,53.5,FINESTEERING,2436,291441.000,00000200,000e,10817;SOL_COMPUTED,PSRDIFF,31.16200871096,121.45657910774,13.7006,11.0415,WGS84,3.4948,4.6140,10.7188,"1793",1.000,9.000,46,43,34,32,00,00,77,37*29db44da
#BESTPOSA,COM1,0,53.5,FINESTEERING,2436,291442.000,00000200,000e,10817;SOL_COMPUTED,PSRDIFF,31.16201639431,121.45657683547,13.7182,11.0415,WGS84,3.4948,4.6140,10.7188,"1793",1.000,10.000,45,42,34,32,00,00,77,37*5416c1f5
#BESTPOSA,COM1,0,53.0,FINESTEERING,2436,291443.000,00200200,000e,10817;SOL_COMPUTED,PSRDIFF,31.16202212225,121.45657746428,14.8570,11.0415,WGS84,3.4948,4.6140,10.7188,"1793",1.000,1.000,45,42,33,32,00,00,77,37*9a527999
#BESTPOSA,COM1,0,51.5,FINESTEERING,2436,291444.000,00000200,000e,10817;SOL_COMPUTED,PSRDIFF,31.16203098783,121.45657551047,14.5811,11.0415,WGS84,3.4948,4.6140,10.7188,"1793",1.000,2.000,45,43,34,33,00,00,77,37*d87d5b29
#BESTPOSA,COM1,0,51.5,FINESTEERING,2436,291445.000,00000200,000e,10817;SOL_COMPUTED,PSRDIFF,31.16204149312,121.45657223631,13.6099,11.0415,WGS84,3.4948,4.6140,10.7188,"1793",1.000,3.000,44,43,33,31,00,00,77,27*370996e7
#BESTPOSA,COM1,0,51.0,FINESTEERING,2436,291446.000,00000200,000e,10817;SOL_COMPUTED,PSRDIFF,31.16204995547,121.45657149049,13.6986,11.0415,WGS84,3.4948,4.6140,10.7188,"1793",1.000,4.000,45,44,35,33,00,00,77,37*5fff61dc
#BESTPOSA,COM1,0,49.5,FINESTEERING,2436,291447.000,00000200,000e,10817;SOL_COMPUTED,PSRDIFF,31.16206079061,121.45657071419,13.7872,11.0415,WGS84,3.4948,4.6140,10.7188,"1793",1.000,1.000,46,44,35,33,00,00,77,37*7008f447
#BESTPOSA,COM1,0,51.5,FINESTEERING,2436,291448.000,00200200,000e,10817;SOL_COMPUTED,PSRDIFF,31.16207081099,121.45657177926,14.4720,11.0415,WGS84,3.4948,4.6140,10.7188,"1793",1.000,1.000,46,43,34,34,00,00,77,37*bee8af98
#BESTPOSA,COM1,0,53.0,FINESTEERING,2436,291449.000,00200200,000e,10817;SOL_COMPUTED,PSRDIFF,31.16207815277,121.45657048287,15.7042,11.0415,WGS84,3.4948,4.6140,10.7188,"1793",1.000,2.000,46,42,34,34,00,00,77,37*73e31781
#BESTPOSA,COM1,0,53.0,FINESTEERING,2436,291450.000,00200200,000e,10817;SOL_COMPUTED,PSRDIFF,31.16208234984,121.45656872751,17.3498,11.0415,WGS84,3.4948,4.6140,10.7188,"1793",1.000,3.000,47,43,34,33,00,00,77,37*b2d15e66
#BESTPOSA,COM1,0,52.5,FINESTEERING,2436,291451.000,00000200,000e,10817;SOL_COMPUTED,PSRDIFF,31.16208218601,121.45656950538,18.3041,11.0415,WGS84,3.4948,4.6140,10.7188,"1793",1.000,4.000,46,43,34,33,00,00,77,37*32beef9e
#BESTPOSA,COM1,0,53.0,FINESTEERING,2436,291452.000,00000200,000e,10817;SOL_COMPUTED,PSRDIFF,31.16208402116,121.45657007827,19.2017,11.0415,WGS84,3.4948,4.6140,10.7188,"1793",1.000,1.000,47,43,33,31,00,00,77,37*1b596ed0
#BESTPOSA,COM1,0,53.0,FINESTEERING,2436,291453.000,00200200,000e,10817;SOL_COMPUTED,PSRDIFF,31.16209221476,121.45657046578,19.0463,11.0415,WGS84,3.4948,4.6140,10.7188,"1793",1.000,2.000,46,42,33,34,00,00,77,37*c2a97f70
#BESTPOSA,COM1,0,53.5,FINESTEERING,2436,291454.000,00000200,000e,10817;SOL_COMPUTED,PSRDIFF,31.16209991984,121.45656831167,19.1343,11.0415,WGS84,3.4948,4.6140,10.7188,"1793",1.000,3.000,44,41,34,35,00,00,77,37*895f8b78
#BESTPOSA,COM1,0,53.5,FINESTEERING,2436,291455.000,00000200,000e,10817;SOL_COMPUTED,PSRDIFF,31.16210763942,121.45656585732,19.3258,11.0415,WGS84,3.4948,4.6140,10.7188,"1793",1.000,4.000,44,41,35,33,00,00,77,37*94343b93
#BESTPOSA,COM1,0,53.5,FINESTEERING,2436,291456.000,00200200,000e,10817;SOL_COMPUTED,PSRDIFF,31.16216417927,121.45669557354,-2.2158,11.0434,WGS84,3.4948,4.6140,10.7188,"1793",1.000,5.000,42,40,33,31,00,00,77,37*02385fcc
#BESTPOSA,COM1,0,53.5,FINESTEERING,2436,291457.000,00008200,000e,10817;SOL_COMPUTED,PSRDIFF,31.16211617431,121.45655283649,19.6592,11.0434,WGS84,3.4948,4.6140,10.7188,"1793",1.000,6.000,41,39,32,30,00,00,77,27*8e023bcb
#BESTPOSA,COM1,0,54.5,FINESTEERING,2436,291458.000,00008200,000e,10817;SOL_COMPUTED,PSRDIFF,31.16212080956,121.45655077858,19.6504,11.0434,WGS84,3.4948,4.6140,10.7188,"1793",2.000,7.000,40,38,31,29,00,00,77,27*72c30564
#BESTPOSA,COM1,0,55.0,FINESTEERING,2436,291459.000,00008200,000e,10817;SOL_COMPUTED,PSRDIFF,31.16212713832,121.45654906673,19.6267,11.0434,WGS84,3.4948,4.6140,10.7188,"1793",3.000,8.000,42,39,33,30,00,00,77,37*25864789
#BESTPOSA,COM1,0,55.5,FINESTEERING,2436,291460.000,00208200,000e,10817;SOL_COMPUTED,PSRDIFF,31.16213004379,121.45654402302,19.6828,11.0434,WGS84,3.4948,4.6140,10.7188,"1793",4.000,9.000,39,37,30,29,00,00,77,17*49214284
#BESTPOSA,COM1,0,55.5,FINESTEERING,2436,291461.000,00008200,000e,10817;SOL_COMPUTED,PSRDIFF,31.16212621618,121.45653848714,19.8071,11.0434,WGS84,3.4948,4.6140,10.7188,"1793",5.000,10.000,39,37,30,28,00,00,77,17*d03df124
#BESTPOSA,COM1,0,56.0,FINESTEERING,2436,291462.000,00208200,000e,10817;SOL_COMPUTED,PSRDIFF,31.16212825615,121.45653391211,19.7923,11.0434,WGS84,3.4948,4.6140,10.7188,"1793",6.000,11.000,40,38,31,28,00,00,77,37*0518a028
#BESTPOSA,COM1,0,56.5,FINESTEERING,2436,291463.000,00008200,000e,10817;SOL_COMPUTED,PSRDIFF,31.16213358268,121.45652870776,19.4638,11.0434,WGS84,3.4948,4.6140,10.7188,"1793",7.000,12.000,41,38,31,28,00,00,77,37*572ff842
#BESTPOSA,COM1,0,56.0,FINESTEERING,2436,291464.000,00008200,000e,10817;SOL_COMPUTED,PSRDIFF,31.16214119558,121.45652531193,19.4368,11.0434,WGS84,3.4948,4.6140,10.7188,"1793",8.000,13.000,39,37,31,28,00,00,77,27*22506fc8
#BESTPOSA,COM1,0,56.0,FINESTEERING,2436,291465.000,00008200,000e,10817;SOL_COMPUTED,PSRDIFF,31.16214246434,121.45652040041,19.4293,11.0434,WGS84,3.4948,4.6140,10.7188,"1793",9.000,14.000,39,37,30,26,00,00,77,27*9c7a79d5
#BESTPOSA,COM1,0,55.5,FINESTEERING,2436,291466.000,00008200,000e,10817;SOL_COMPUTED,PSRDIFF,31.16214152057,121.45651881782,19.3435,11.0434,WGS84,3.4948,4.6140,10.7188,"1793",10.000,15.000,38,36,29,25,00,00,77,27*6f0abd3d
#BESTPOSA,COM1,0,56.5,FINESTEERING,2436,291467.000,00008200,000e,10817;SOL_COMPUTED,PSRDIFF,31.16214347157,121.45651885928,19.3587,11.0434,WGS84,3.4948,4.6140,10.7188,"1793",11.000,16.000,39,38,31,28,00,00,77,27*04ffe340
#BESTPOSA,COM1,0,56.0,FINESTEERING,2436,291468.000,00008200,000e,10817;SOL_COMPUTED,PSRDIFF,31.16214709472,121.45651714005,19.3011,11.0434,WGS84,3.4948,4.6140,10.7188,"1793",12.000,17.000,40,38,31,28,00,00,77,37*738469c5
#BESTPOSA,COM1,0,57.5,FINESTEERING,2436,291469.000,00008200,000e,10817;SOL_COMPUTED,PSRDIFF,31.16215160279,121.45651712153,19.2360,11.0434,WGS84,3.4948,4.6140,10.7188,"1793",13.000,18.000,40,39,31,28,00,00,77,37*785ad937
#BESTPOSA,COM1,0,56.0,FINESTEERING,2436,291470.000,00008200,000e,10817;SOL_COMPUTED,PSRDIFF,31.16215557610,121.45651732798,19.1850,11.0434,WGS84,3.4948,4.6140,10.7188,"1793",14.000,19.000,40,38,32,28,00,00,77,37*1bb8655c
#BESTPOSA,COM1,0,56.0,FINESTEERING,2436,291471.000,00208200,000e,10817;SOL_COMPUTED,PSRDIFF,31.16216168308,121.45651800637,18.8031,11.0434,WGS84,3.4948,4.6140,10.7188,"1793",2.000,20.000,40,38,33,29,00,00,77,37*ace9104a
#BESTPOSA,COM1,0,55.5,FINESTEERING,2436,291472.000,00008200,000e,10817;SOL_COMPUTED,PSRDIFF,31.16216904854,121.45652197539,18.3154,11.0434,WGS84,3.4948,4.6140,10.7188,"1793",2.000,21.000,40,38,32,28,00,00,77,37*29e887fc
#BESTPOSA,COM1,0,53.5,FINESTEERING,2436,291473.000,00000200,000e,10817;SOL_COMPUTED,PSRDIFF,31.16217972092,121.45652821144,17.6890,11.0434,WGS84,3.4948,4.6140,10.7188,"1793",1.000,22.000,41,39,33,31,00,00,77,37*d4870f72
#BESTPOSA,COM1,0,53.5,FINESTEERING,2436,291474.000,00000200,000e,10817;NO_CONVERGENCE,NONE,31.16218539522,121.45653362104,28.7061,0.0000,WGS84,3.4948,4.6140,10.7188,"",0.000,0.000,41,0,33,29,00,00,77,37*231ef5c9
#BESTPOSA,COM1,0,53.5,FINESTEERING,2436,291475.000,00000200,000e,10817;NO_CONVERGENCE,NONE,31.16218539522,121.45653362104,28.7061,0.0000,WGS84,3.4948,4.6140,10.7188,"",0.000,0.000,41,0,33,29,00,00,77,37*52b22d8e
#BESTPOSA,COM1,0,60.0,FINESTEERING,2436,291476.000,00000200,000e,10817;SOL_COMPUTED,PSRDIFF,31.16332404520,121.45694141987,181.8842,11.0432,WGS84,3.4948,4.6140,10.7188,"1793",3.000,3.000,41,39,33,31,00,00,77,37*20caf8b8
#BESTPOSA,COM1,0,56.5,FINESTEERING,2436,291477.000,00000200,000e,10817;SOL_COMPUTED,PSRDIFF,31.16333080291,121.45698094957,181.3067,11.0432,WGS84,3.4948,4.6140,10.7188,"1793",1.000,4.000,42,40,34,31,00,00,77,37*40d8bef3
#BESTPOSA,COM1,0,52.0,FINESTEERING,2436,291478.000,00000200,000e,10817;SOL_COMPUTED,PSRDIFF,31.16334068669,121.45699234617,179.1579,11.0432,WGS84,3.4948,4.6140,10.7188,"1793",1.000,1.000,42,40,34,31,00,00,77,37*6a14e88b
#BESTPOSA,COM1,0,50.5,FINESTEERING,2436,291479.000,00000200,000e,10817;SOL_COMPUTED,NARROW_FLOAT,31.16334316449,121.45699530056,178.0838,11.0432,WGS84,3.4948,4.6140,10.7188,"1793",1.000,1.000,41,40,35,30,00,00,77,37*b82bdd8e
#BESTPOSA,COM1,0,53.0,FINESTEERING,2436,291480.000,00208200,000e,10817;SOL_COMPUTED,NARROW_FLOAT,31.16335158990,121.45699270197,177.0149,11.0432,WGS84,3.4948,4.6140,10.7188,"1793",1.000,1.000,43,41,36,32,00,00,77,37*2538f032
#BESTPOSA,COM1,0,52.5,FINESTEERING,2436,291481.000,00000200,000e,10817;SOL_COMPUTED,NARROW_FLOAT,31.16335925479,121.45698833699,175.8071,11.0432,WGS84,3.4948,4.6140,10.7188,"1793",1.000,1.000,45,43,36,32,00,00,77,37*e9b72d5c
#BESTPOSA,COM1,0,52.5,FINESTEERING,2436,291482.000,00000200,000e,10817;SOL_COMPUTED,PSRDIFF,31.16336854706,121.45698305749,174.7438,11.0432,WGS84,3.4948,4.6140,10.7188,"1793",1.000,1.000,45,43,38,32,00,00,77,37*14fd1c36
#BESTPOSA,COM1,0,53.0,FINESTEERING,2436,291483.000,00000200,000e,10817;SOL_COMPUTED,NARROW_FLOAT,31.16337894399,121.45698277161,175.1182,11.0432,WGS84,3.4948,4.6140,10.7188,"1793",1.000,1.000,44,42,37,33,00,00,77,37*8c1a1df9
#BESTPOSA,COM1,0,50.5,FINESTEERING,2436,291484.000,00000200,000e,10817;SOL_COMPUTED,NARROW_FLOAT,31.16338603666,121.45698132895,175.1026,11.0432,WGS84,3.4948,4.6140,10.7188,"1793",1.000,1.000,46,44,39,35,00,00,77,37*2288a32c
#BESTPOSA,COM1,0,50.5,FINESTEERING,2436,291485.000,00000200,000e,10817;SOL_COMPUTED,NARROW_FLOAT,31.16339382363,121.45697894388,174.8315,11.0432,WGS84,3.4948,4.6140,10.7188,"1793",1.000,1.000,45,43,38,34,00,00,77,37*e19c178c
#BESTPOSA,COM1,0,51.0,FINESTEERING,2436,291486.000,00000200,000e,10817;SOL_COMPUTED,NARROW_FLOAT,31.16339970904,121.45697840588,174.8130,11.0432,WGS84,3.4948,4.6140,10.7188,"1793",1.000,1.000,48,45,40,34,00,00,77,37*befcb30a
#BESTPOSA,COM1,0,51.0,FINESTEERING,2436,291487.000,00000200,000e,10817;SOL_COMPUTED,NARROW_FLOAT,31.16340622398,121.45697809650,174.7589,11.0432,WGS84,3.4948,4.6140,10.7188,"1793",1.000,1.000,49,45,40,34,00,00,77,37*1584981a
#BESTPOSA,COM1,0,49.5,FINESTEERING,2436,291488.000,00000200,000e,10817;SOL_COMPUTED,NARROW_FLOAT,31.16341299938,121.45697826021,174.7356,11.0432,WGS84,3.4948,4.6140,10.7188,"1793",1.000,1.000,49,46,40,34,00,00,77,37*22135f48
#BESTPOSA,COM1,0,49.0,FINESTEERING,2436,291489.000,00000200,000e,10817;SOL_COMPUTED,NARROW_FLOAT,31.16342144751,121.45697855891,174.8775,11.0432,WGS84,3.4948,4.6140,10.7188,"1793",1.000,1.000,51,46,40,35,00,00,77,37*0a6f8550
#BESTPOSA,COM1,0,50.0,FINESTEERING,2436,291490.000,00000200,000e,10817;SOL_COMPUTED,NARROW_FLOAT,31.16342892621,121.45697840384,175.0609,11.0432,WGS84,3.4948,4.6140,10.7188,"1793",1.000,1.000,51,46,41,36,00,00,77,37*e1f65a24
#BESTPOSA,COM1,0,50.5,FINESTEERING,2436,291491.000,00000200,000e,10817;SOL_COMPUTED,NARROW_FLOAT,31.16343532082,121.45697652846,175.0105,11.0432,WGS84,3.4948,4.6140,10.7188,"1793",1.000,1.000,51,46,41,39,00,00,77,37*b3777631
#BESTPOSA,COM1,0,49.5,FINESTEERING,2436,291492.000,00000200,000e,10817;SOL_COMPUTED,NARROW_FLOAT,31.16344260799,121.45697501102,175.0173,11.0432,WGS84,3.4948,4.6140,10.7188,"1793",1.000,1.000,51,46,41,37,00,00,77,37*af818524
#BESTPOSA,COM1,0,49.0,FINESTEERING,2436,291493.000,00000200,000e,10817;SOL_COMPUTED,NARROW_FLOAT,31.16344721792,121.45697442250,174.9866,11.0432,WGS84,3.4948,4.6140,10.7188,"1793",1.000,1.000,51,46,40,37,00,00,77,37*28fc070d
#BESTPOSA,COM1,0,49.0,FINESTEERING,2436,291494.000,00000200,000e,10817;SOL_COMPUTED,NARROW_FLOAT,31.16345301599,121.45697081595,174.6025,11.0432,WGS84,3.4948,4.6140,10.7188,"1793",1.000,1.000,51,46,40,37,00,00,77,37*45aa6a74
#BESTPOSA,COM1,0,49.5,FINESTEERING,2436,291495.000,00000200,000e,10817;SOL_COMPUTED,NARROW_FLOAT,31.16346008937,121.45696783477,174.3691,11.0432,WGS84,3.4948,4.6140,10.7188,"1793",1.000,1.000,51,46,39,37,00,00,77,37*e45685df
#BESTPOSA,COM1,0,49.5,FINESTEERING,2436,291496.000,00000200,000e,10817;SOL_COMPUTED,NARROW_FLOAT,31.16347009736,121.45696354145,173.9249,11.0432,WGS84,3.4948,4.6140,10.7188,"1793",1.000,1.000,50,45,38,37,00,00,77,37*197b88da
#BESTPOSA,COM1,0,49.0,FINESTEERING,2436,291497.000,00000200,000e,10817;SOL_COMPUTED,NARROW_FLOAT,31.16347747478,121.45696090556,173.6688,11.0432,WGS84,3.4948,4.6140,10.7188,"1793",1.000,1.000,50,45,38,38,00,00,77,37*e0ed5f9c
#BESTPOSA,COM1,0,49.5,FINESTEERING,2436,291498.000,00000200,000e,10817;SOL_COMPUTED,NARROW_FLOAT,31.16348631076,121.45695827467,173.3252,11.0432,WGS84,3.4948,4.6140,10.7188,"1793",1.000,1.000,50,45,39,37,00,00,77,37*ca8d5786
#BESTPOSA,COM1,0,50.0,FINESTEERING,2436,291499.000,00000200,000e,10817;SOL_COMPUTED,NARROW_FLOAT,31.16349838028,121.45695429202,173.0169,11.0432,WGS84,3.4948,4.6140,10.7188,"1793",1.000,1.000,50,45,37,35,00,00,77,37*475fca85
#BESTPOSA,COM1,0,51.0,FINESTEERING,2436,291500.000,00000200,000e,10817;SOL_COMPUTED,NARROW_FLOAT,31.16350717690,121.45695206804,173.1155,11.0432,WGS84,3.4948,4.6140,10.7188,"1793",1.000,1.000,50,45,39,38,00,00,77,37*9ae98da7
#BESTPOSA,COM1,0,51.0,FINESTEERING,2436,291501.000,00000200,000e,10817;SOL_COMPUTED,NARROW_FLOAT,31.16351836910,121.45694969293,173.0452,11.0432,WGS84,3.4948,4.6140,10.7188,"1793",1.000,1.000,51,45,39,38,00,00,77,37*9e76c6ad
#BESTPOSA,COM1,0,50.5,FINESTEERING,2436,291502.000,00000200,000e,10817;SOL_COMPUTED,NARROW_FLOAT,31.16353047816,121.45694669961,172.9785,11.0432,WGS84,3.4948,4.6140,10.7188,"1793",1.000,1.000,51,45,38,37,00,00,77,37*e35db3e4
#BESTPOSA,COM1,0,49.0,FINESTEERING,2436,291503.000,00000200,000e,10817;SOL_COMPUTED,NARROW_FLOAT,31.16353441164,121.45694434102,172.7643,11.0432,WGS84,3.4948,4.6140,10.7188,"1793",1.000,1.000,51,45,38,38,00,00,77,37*86338c31
#BESTPOSA,COM1,0,48.0,FINESTEERING,2436,291504.000,00000200,000e,10817;SOL_COMPUTED,NARROW_FLOAT,31.16353474918,121.45694367928,172.6245,11.0432,WGS84,3.4948,4.6140,10.7188,"1793",1.000,1.000,51,45,39,38,00,00,77,37*b7eaa13f
#BESTPOSA,COM1,0,49.0,FINESTEERING,2436,291505.000,00000200,000e,10817;SOL_COMPUTED,NARROW_FLOAT,31.16353535805,121.45694336014,172.5559,11.0432,WGS84,3.4948,4.6140,10.7188,"1793",1.000,1.000,51,45,38,37,00,00,77,37*244e45d9
#BESTPOSA,COM1,0,48.0,FINESTEERING,2436,291506.000,00000200,000e,10817;SOL_COMPUTED,NARROW_FLOAT,31.16353573079,121.45694303129,172.4912,11.0432,WGS84,3.4948,4.6140,10.7188,"1793",1.000,1.000,53,46,39,39,00,00,77,37*2934e469
#BESTPOSA,COM1,0,48.0,FINESTEERING,2436,291507.000,00000200,000e,10817;SOL_COMPUTED,NARROW_FLOAT,31.16348230690,121.45700757783,169.9796,11.0432,WGS84,3.4948,4.6140,10.7188,"1793",1.000,1.000,53,46,39,39,00,00,77,37*35755b71
#BESTPOSA,COM1,0,55.0,FINESTEERING,2436,291508.000,00000200,000e,10817;SOL_COMPUTED,NARROW_FLOAT,31.16348214349,121.45700776584,169.9612,11.0432,WGS84,3.4948,4.6140,10.7188,"1793",2.000,2.000,54,47,41,40,00,00,77,37*7f5fa81c
#BESTPOSA,COM1,0,40.0,FINESTEERING,2436,291509.000,00000200,000e,10817;SOL_COMPUTED,NARROW_FLOAT,31.16347735875,121.45700677817,169.3264,11.0432,WGS84,3.4948,4.6140,10.7188,"1793",1.000,1.000,54,47,41,40,00,00,77,37*0454e175
#BESTPOSA,COM1,0,47.5,FINESTEERING,2436,291510.000,00000200,000e,10817;SOL_COMPUTED,NARROW_FLOAT,31.16347447755,121.45700584833,168.8821,11.0432,WGS84,3.4948,4.6140,10.7188,"1793",1.000,1.000,54,47,41,40,00,00,77,37*942bce0b
#BESTPOSA,COM1,0,47.0,FINESTEERING,2436,291511.000,00000200,000e,10817;SOL_COMPUTED,NARROW_FLOAT,31.16347093273,121.45700440873,168.2386,11.0432,WGS84,3.4948,4.6140,10.7188,"1793",1.000,1.000,54,47,41,40,00,00,77,37*331ca42a
#BESTPOSA,COM1,0,46.5,FINESTEERING,2436,291512.000,00000200,000e,10817;SOL_COMPUTED,NARROW_FLOAT,31.16346812458,121.45700392009,167.8502,11.0432,WGS84,3.4948,4.6140,10.7188,"1793",1.000,1.000,54,47,41,40,00,00,77,37*44a8def7
#BESTPOSA,COM1,0,47.0,FINESTEERING,2436,291513.000,00000200,000e,10817;SOL_COMPUTED,NARROW_FLOAT,31.16346796877,121.45700304875,167.9006,11.0432,WGS84,3.4948,4.6140,10.7188,"1793",1.000,1.000,54,47,42,40,00,00,77,37*0cb5a187
#BESTPOSA,COM1,0,48.0,FINESTEERING,2436,291514.000,00000200,000e,10817;SOL_COMPUTED,NARROW_FLOAT,31.16346641599,121.45700115391,167.5388,11.0432,WGS84,3.4948,4.6140,10.7188,"1793",1.000,1.000,54,47,42,40,00,00,77,37*01aeb349
#BESTPOSA,COM1,0,48.5,FINESTEERING,2436,291515.000,00000200,000e,10817;SOL_COMPUTED,NARROW_FLOAT,31.16346486986,121.45699910757,167.1511,11.0432,WGS84,3.4948,4.6140,10.7188,"1793",1.000,1.000,54,47,42,40,00,00,77,37*a4e88420
#BESTPOSA,COM1,0,48.5,FINESTEERING,2436,291516.000,00000200,000e,10817;SOL_COMPUTED,NARROW_FLOAT,31.16346466290,121.45699909585,166.9894,11.0432,WGS84,3.4948,4.6140,10.7188,"1793",1.000,1.000,54,47,42,40,00,00,77,37*da094189
#BESTPOSA,COM1,0,48.5,FINESTEERING,2436,291517.000,00000200,000e,10817;SOL_COMPUTED,NARROW_FLOAT,31.16347523615,121.45699507311,166.8079,11.0432,WGS84,3.4948,4.6140,10.7188,"1793",1.000,1.000,54,47,42,39,00,00,77,37*5d3ad6ce
#BESTPOSA,COM1,0,48.0,FINESTEERING,2436,291518.000,00200200,000e,10817;SOL_COMPUTED,NARROW_FLOAT,31.16348478375,121.45698820212,166.7540,11.0432,WGS84,3.4948,4.6140,10.7188,"1793",1.000,1.000,54,47,42,40,00,00,77,37*28cfce84
#BESTPOSA,COM1,0,48.5,FINESTEERING,2436,291519.000,00000200,000e,10817;SOL_COMPUTED,NARROW_FLOAT,31.16349145861,121.45697965454,166.4476,11.0432,WGS84,3.4948,4.6140,10.7188,"1793",1.000,1.000,54,47,41,40,00,00,77,37*93dd9916
#BESTPOSA,COM1,0,48.5,FINESTEERING,2436,291520.000,00000200,000e,10817;SOL_COMPUTED,NARROW_FLOAT,31.16349857730,121.45697058425,166.1531,11.0432,WGS84,3.4948,4.6140,10.7188,"1793",1.000,1.000,54,47,41,40,00,00,77,37*1f256b91
#BESTPOSA,COM1,0,49.0,FINESTEERING,2436,291521.000,00000200,000e,10817;SOL_COMPUTED,NARROW_FLOAT,31.16350755748,121.45696422884,165.9313,11.0432,WGS84,3.4948,4.6140,10.7188,"1793",1.000,1.000,53,47,41,40,00,00,77,37*9cc11090
#BESTPOSA,COM1,0,49.5,FINESTEERING,2436,291522.000,00000200,000e,10817;SOL_COMPUTED,NARROW_FLOAT,31.16351762130,121.45695761796,165.7288,11.0432,WGS84,3.4948,4.6140,10.7188,"1793",1.000,1.000,53,47,41,40,00,00,77,37*aa8d8759
#BESTPOSA,COM1,0,50.5,FINESTEERING,2436,291523.000,00000200,000e,10817;SOL_COMPUTED,NARROW_FLOAT,31.16352858849,121.45695236559,165.5235,11.0432,WGS84,3.4948,4.6140,10.7188,"1793",1.000,1.000,52,47,41,37,00,00,77,37*1b8adfc5
#BESTPOSA,COM1,0,51.0,FINESTEERING,2436,291524.000,00000200,000e,10817;SOL_COMPUTED,NARROW_FLOAT,31.16354263689,121.45694737052,165.3593,11.0432,WGS84,3.4948,4.6140,10.7188,"1793",1.000,1.000,52,47,42,37,00,00,77,37*94e63b9c
#BESTPOSA,COM1,0,50.0,FINESTEERING,2436,291525.000,00000200,000e,10817;SOL_COMPUTED,NARROW_FLOAT,31.16366168863,121.45686918011,170.8839,11.0432,WGS84,3.4948,4.6140,10.7188,"1793",1.000,1.000,51,47,42,37,00,00,77,37*1a2ad0b4
#BESTPOSA,COM1,0,49.0,FINESTEERING,2436,291526.000,00000200,000e,10817;SOL_COMPUTED,NARROW_FLOAT,31.16357446867,121.45693342535,165.2381,11.0432,WGS84,3.4948,4.6140,10.7188,"1793",1.000,1.000,51,47,42,36,00,00,77,37*09955d94
#BESTPOSA,COM1,0,49.5,FINESTEERING,2436,291527.000,00000200,000e,10817;SOL_COMPUTED,NARROW_FLOAT,31.16358919320,121.45692563952,165.2310,11.0432,WGS84,3.4948,4.6140,10.7188,"1793",1.000,1.000,50,46,39,37,00,00,77,37*08027853
#BESTPOSA,COM1,0,50.0,FINESTEERING,2436,291528.000,00000200,000e,10817;SOL_COMPUTED,NARROW_FLOAT,31.16360180495,121.45691821109,165.1217,11.0432,WGS84,3.4948,4.6140,10.7188,"1793",1.000,1.000,50,46,39,37,00,00,77,37*fe68616e
#BESTPOSA,COM1,0,55.0,FINESTEERING,2436,291529.000,00000200,000e,10817;SOL_COMPUTED,NARROW_FLOAT,31.16360709377,121.45691449079,165.0973,11.0432,WGS84,3.4948,4.6140,10.7188,"1793",1.000,1.000,50,46,39,37,00,00,77,37*13f7b72d
#BESTPOSA,COM1,0,45.0,FINESTEERING,2436,291530.000,00000200,000e,10817;SOL_COMPUTED,NARROW_FLOAT,31.16361266890,121.45691254338,165.1666,11.0432,WGS84,3.4948,4.6140,10.7188,"1793",1.000,1.000,50,46,39,36,00,00,77,37*01e678cb
#BESTPOSA,COM1,0,50.0,FINESTEERING,2436,291531.000,00200200,000e,10817;SOL_COMPUTED,NARROW_FLOAT,31.16361757731,121.45690866810,165.1846,11.0432,WGS84,3.4948,4.6140,10.7188,"1793",1.000,2.000,52,47,39,37,00,00,77,37*fc18bfe6
#BESTPOSA,COM1,0,53.0,FINESTEERING,2436,291532.000,00200200,000e,10817;SOL_COMPUTED,NARROW_FLOAT,31.16362700185,121.45690624834,165.2275,11.0432,WGS84,3.4948,4.6140,10.7188,"1793",1.000,3.000,52,47,39,37,00,00,77,37*cd490d38
#BESTPOSA,COM1,0,50.5,FINESTEERING,2436,291533.000,00000200,000e,10817;SOL_COMPUTED,NARROW_FLOAT,31.16363564398,121.45690854680,165.2472,11.0432,WGS84,3.4948,4.6140,10.7188,"1793",1.000,4.000,52,47,39,36,00,00,77,37*b1e08bfb
#BESTPOSA,COM1,0,49.5,FINESTEERING,2436,291534.000,00000200,000e,10817;SOL_COMPUTED,NARROW_FLOAT,31.16364301668,121.45691461177,164.3645,11.0432,WGS84,3.4948,4.6140,10.7188,"1793",1.000,1.000,53,47,40,36,00,00,77,37*13bf2279
#BESTPOSA,COM1,0,49.5,FINESTEERING,2436,291535.000,00000200,000e,10817;SOL_COMPUTED,NARROW_FLOAT,31.16365125390,121.45692160130,164.4289,11.0432,WGS84,3.4948,4.6140,10.7188,"1793",1.000,1.000,52,47,39,37,00,00,77,37*110f737b
#BESTPOSA,COM1,0,50.0,FINESTEERING,2436,291536.000,00000200,000e,10817;SOL_COMPUTED,NARROW_FLOAT,31.16365923951,121.45692639561,164.3155,11.0432,WGS84,3.4948,4.6140,10.7188,"1793",1.000,1.000,52,47,40,37,00,00,77,37*16f46f45
#BESTPOSA,COM1,0,51.5,FINESTEERING,2436,291537.000,00000200,000e,10817;SOL_COMPUTED,NARROW_FLOAT,31.16366700907,121.45693263743,164.0111,11.0432,WGS84,3.4948,4.6140,10.7188,"1793",1.000,1.000,52,47,42,39,00,00,77,37*2e456dc7
#BESTPOSA,COM1,0,51.0,FINESTEERING,2436,291538.000,00000200,000e,10817;SOL_COMPUTED,NARROW_FLOAT,31.16367235536,121.45693443385,163.8381,11.0432,WGS84,3.4948,4.6140,10.7188,"1793",1.000,1.000,51,46,39,34,00,00,77,37*a4fd0860
#BESTPOSA,COM1,0,49.0,FINESTEERING,2436,291539.000,00000200,000e,10817;SOL_COMPUTED,NARROW_FLOAT,31.16378893312,121.45684184621,168.6897,11.0432,WGS84,3.4948,4.6140,10.7188,"1793",1.000,1.000,51,46,40,34,00,00,77,37*4a496c8b
#BESTPOSA,COM1,0,50.0,FINESTEERING,2436,291540.000,00000200,000e,10817;SOL_COMPUTED,NARROW_FLOAT,31.16379785996,121.45683966934,168.6373,11.0432,WGS84,3.4948,4.6140,10.7188,"1793",1.000,1.000,52,47,42,37,00,00,77,37*0cba56ac
#BESTPOSA,COM1,0,49.0,FINESTEERING,2436,291541.000,00000200,000e,10817;SOL_COMPUTED,NARROW_FLOAT,31.16380092037,121.45683733612,168.5387,11.0432,WGS84,3.4948,4.6140,10.7188,"1793",1.000,1.000,51,46,39,39,00,00,77,37*7505386b
#BESTPOSA,COM1,0,48.5,FINESTEERING,2436,291542.000,00000200,000e,10817;SOL_COMPUTED,NARROW_FLOAT,31.16380449311,121.45683601314,168.4721,11.0432,WGS84,3.4948,4.6140,10.7188,"1793",1.000,1.000,52,47,41,39,00,00,77,37*3ae62ba6
#BESTPOSA,COM1,0,48.5,FINESTEERING,2436,291543.000,00000200,000e,10817;SOL_COMPUTED,NARROW_FLOAT,31.16381361247,121.45683743246,168.3343,11.0432,WGS84,3.4948,4.6140,10.7188,"1793",1.000,1.000,52,47,41,38,00,00,77,37*ed9faa87
#BESTPOSA,COM1,0,49.0,FINESTEERING,2436,291544.000,00000200,000e,10817;SOL_COMPUTED,NARROW_FLOAT,31.16382386370,121.45683730364,168.0317,11.0432,WGS84,3.4948,4.6140,10.7188,"1793",1.000,1.000,53,47,41,39,00,00,77,37*0d139568
#BESTPOSA,COM1,0,52.0,FINESTEERING,2436,291545.000,00000200,000e,10817;SOL_COMPUTED,NARROW_FLOAT,31.16311651172,121.45645536102,5.2228,11.0432,WGS84,3.4948,4.6140,10.7188,"1793",1.000,1.000,52,47,41,39,00,00,77,37*451efb16
#BESTPOSA,COM1,0,49.5,FINESTEERING,2436,291546.000,00000200,000e,10817;SOL_COMPUTED,NARROW_FLOAT,31.16313555703,121.45644941088,6.0244,11.0432,WGS84,3.4948,4.6140,10.7188,"1793",1.000,2.000,52,47,41,40,00,00,77,37*e993d43b
#BESTPOSA,COM1,0,48.5,FINESTEERING,2436,291547.000,00000200,000e,10817;SOL_COMPUTED,NARROW_FLOAT,31.16314620918,121.45644282823,6.3414,11.0432,WGS84,3.4948,4.6140,10.7188,"1793",1.000,1.000,51,46,40,39,00,00,77,37*5c17ad13
#BESTPOSA,COM1,0,48.0,FINESTEERING,2436,291548.000,00000200,000e,10817;SOL_COMPUTED,NARROW_FLOAT,31.16315434617,121.45643685540,6.5973,11.0432,WGS84,3.4948,4.6140,10.7188,"1793",1.000,1.000,52,47,40,39,00,00,77,37*cdaa836f
#BESTPOSA,COM1,0,48.0,FINESTEERING,2436,291549.000,00000200,000e,10817;SOL_COMPUTED,NARROW_FLOAT,31.16316375844,121.45643166350,6.9898,11.0432,WGS84,3.4948,4.6140,10.7188,"1793",1.000,1.000,52,47,41,39,00,00,77,37*2e3eaadd
#BESTPOSA,COM1,0,47.0,FINESTEERING,2436,291550.000,00000200,000e,10817;SOL_COMPUTED,NARROW_FLOAT,31.16317382947,121.45642568117,7.3078,11.0432,WGS84,3.4948,4.6140,10.7188,"1793",1.000,1.000,52,47,40,39,00,00,77,37*15c99f52
#BESTPOSA,COM1,0,47.5,FINESTEERING,2436,291551.000,00000200,000e,10817;SOL_COMPUTED,NARROW_FLOAT,31.16318574333,121.45641923950,7.7118,11.0432,WGS84,3.4948,4.6140,10.7188,"1793",1.000,1.000,52,47,41,41,00,00,77,37*9bdc3092
#BESTPOSA,COM1,0,47.5,FINESTEERING,2436,291552.000,00200200,000e,10817;SOL_COMPUTED,NARROW_FLOAT,31.16319864094,121.45640968602,8.0508,11.0432,WGS84,3.4948,4.6140,10.7188,"1793",1.000,1.000,52,47,40,39,00,00,77,37*e3e50860
#BESTPOSA,COM1,0,48.0,FINESTEERING,2436,291553.000,00000200,000e,10817;SOL_COMPUTED,NARROW_INT,31.16321849662,121.45644625092,6.1120,11.0432,WGS84,3.4948,4.6140,10.7188,"1793",1.000,1.000,52,46,40,40,00,00,77,37*7e3e8a3d
#BESTPOSA,COM1,0,50.0,FINESTEERING,2436,291554.000,00000200,000e,10817;SOL_COMPUTED,NARROW_INT,31.16323428141,121.45643757928,6.0815,11.0432,WGS84,3.4948,4.6140,10.7188,"1793",1.000,1.000,52,47,41,41,00,00,77,37*0aad9ecf
#BESTPOSA,COM1,0,48.0,FINESTEERING,2436,291555.000,00000200,000e,10817;SOL_COMPUTED,NARROW_INT,31.16324922312,121.45642849028,6.0970,11.0432,WGS84,3.4948,4.6140,10.7188,"1793",1.000,1.000,53,48,41,40,00,00,77,37*8a87d471
#BESTPOSA,COM1,0,49.0,FINESTEERING,2436,291556.000,00000200,000e,10817;SOL_COMPUTED,NARROW_INT,31.16326266188,121.45641995435,6.1158,11.0432,WGS84,3.4948,4.6140,10.7188,"1793",1.000,1.000,52,47,41,39,00,00,77,37*bab3527a
#BESTPOSA,COM1,0,47.5,FINESTEERING,2436,291557.000,00000200,000e,10817;SOL_COMPUTED,NARROW_INT,31.16327474604,121.45641297484,6.1301,11.0432,WGS84,3.4948,4.6140,10.7188,"1793",1.000,1.000,52,47,41,39,00,00,77,37*169d581e
#BESTPOSA,COM1,0,47.5,FINESTEERING,2436,291558.000,00000200,000e,10817;SOL_COMPUTED,NARROW_INT,31.16328593511,121.45640722053,6.1528,11.0432,WGS84,3.4948,4.6140,10.7188,"1793",1.000,1.000,52,47,41,38,00,00,77,37*79cd0e66
#BESTPOSA,COM1,0,47.0,FINESTEERING,2436,291559.000,00000200,000e,10817;SOL_COMPUTED,NARROW_INT,31.16329893417,121.45640111950,6.1567,11.0432,WGS84,3.4948,4.6140,10.7188,"1793",2.000,2.000,51,46,39,38,00,00,77,37*14d928d6
#BESTPOSA,COM1,0,55.0,FINESTEERING,2436,291560.000,00000200,000e,10817;SOL_COMPUTED,NARROW_INT,31.16330986405,121.45639605316,6.1583,11.0432,WGS84,3.4948,4.6140,10.7188,"1793",1.000,1.000,51,46,38,38,00,00,77,37*b2060ae6
#BESTPOSA,COM1,0,40.0,FINESTEERING,2436,291561.000,00000200,000e,10817;SOL_COMPUTED,NARROW_INT,31.16332245473,121.45638981763,6.1848,11.0432,WGS84,3.4948,4.6140,10.7188,"1793",1.000,1.000,50,46,38,38,00,00,77,37*4001e248
#BESTPOSA,COM1,0,47.5,FINESTEERING,2436,291562.000,00000200,000e,10817;SOL_COMPUTED,NARROW_INT,31.16333363813,121.45638213562,6.1950,11.0432,WGS84,3.4948,4.6140,10.7188,"1793",1.000,1.000,50,46,39,39,00,00,77,37*0d79d64f
#BESTPOSA,COM1,0,46.0,FINESTEERING,2436,291563.000,00000200,000e,10817;SOL_COMPUTED,NARROW_INT,31.16334105928,121.45637419076,6.1972,11.0432,WGS84,3.4948,4.6140,10.7188,"1793",1.000,1.000,49,45,38,38,00,00,77,37*cd1e55c4
#BESTPOSA,COM1,0,46.0,FINESTEERING,2436,291564.000,00000200,000e,10817;SOL_COMPUTED,NARROW_INT,31.16334718761,121.45636429082,6.1913,11.0432,WGS84,3.4948,4.6140,10.7188,"1793",1.000,1.000,50,45,39,38,00,00,77,37*ffd5dec6
#BESTPOSA,COM1,0,46.5,FINESTEERING,2436,291565.000,00000200,000e,10817;SOL_COMPUTED,NARROW_INT,31.16334735232,121.45635543246,6.2836,11.0432,WGS84,3.4948,4.6140,10.7188,"1793",1.000,1.000,50,45,39,38,00,00,77,37*736a3c91
#BESTPOSA,COM1,0,46.5,FINESTEERING,2436,291566.000,00000200,000e,10817;SOL_COMPUTED,NARROW_INT,31.16334687312,121.45633838449,6.3205,11.0432,WGS84,3.4948,4.6140,10.7188,"1793",1.000,1.000,50,45,39,38,00,00,77,37*0694f0a7
#BESTPOSA,COM1,0,48.0,FINESTEERING,2436,291567.000,00000200,000e,10817;SOL_COMPUTED,NARROW_INT,31.16334648866,121.45632650634,6.3025,11.0411,WGS84,3.4948,4.6140,10.7188,"1793",1.000,1.000,51,45,38,38,00,00,77,37*b22640a0
#BESTPOSA,COM1,0,48.5,FINESTEERING,2436,291568.000,00000200,000e,10817;SOL_COMPUTED,NARROW_INT,31.16334586033,121.45631451837,6.3239,11.0411,WGS84,3.4948,4.6140,10.7188,"1793",1.000,1.000,50,45,39,38,00,00,77,37*5fa52f9c
#BESTPOSA,COM1,0,46.0,FINESTEERING,2436,291569.000,00000200,000e,10817;SOL_COMPUTED,NARROW_INT,31.16334541836,121.45630443494,6.3286,11.0411,WGS84,3.4948,4.6140,10.7188,"1793",1.000,1.000,49,45,39,37,00,00,77,37*3545f8e7
#BESTPOSA,COM1,0,46.5,FINESTEERING,2436,291570.000,00000200,000e,10817;SOL_COMPUTED,NARROW_INT,31.16334485892,121.45629408227,6.3225,11.0411,WGS84,3.4948,4.6140,10.7188,"1793",1.000,1.000,48,44,39,37,00,00,77,37*5f8d5c75
#BESTPOSA,COM1,0,47.0,FINESTEERING,2436,291571.000,00000200,000e,10817;SOL_COMPUTED,NARROW_INT,31.16334467860,121.45628605907,6.3293,11.0411,WGS84,3.4948,4.6140,10.7188,"1793",1.000,1.000,48,44,39,37,00,00,77,37*32a670ab
#BESTPOSA,COM1,0,46.5,FINESTEERING,2436,291572.000,00000200,000e,10817;SOL_COMPUTED,NARROW_INT,31.16334442926,121.45627835932,6.3075,11.0411,WGS84,3.4948,4.6140,10.7188,"1793",1.000,1.000,49,45,39,37,00,00,77,37*226a464c
#BESTPOSA,COM1,0,46.0,FINESTEERING,2436,291573.000,00000200,000e,10817;SOL_COMPUTED,NARROW_INT,31.16334405599,121.45626808847,6.3116,11.0411,WGS84,3.4948,4.6140,10.7188,"1793",1.000,1.000,49,45,39,38,00,00,77,37*a666f0bd
#BESTPOSA,COM1,0,46.0,FINESTEERING,2436,291574.000,00000200,000e,10817;SOL_COMPUTED,NARROW_INT,31.16334390092,121.45626014232,6.3048,11.0411,WGS84,3.4948,4.6140,10.7188,"1793",1.000,1.000,50,46,40,38,00,00,77,37*3ac8859a
#BESTPOSA,COM1,0,47.0,FINESTEERING,2436,291575.000,00000200,000e,10817;SOL_COMPUTED,NARROW_INT,31.16334376375,121.45625009750,6.3135,11.0411,WGS84,3.4948,4.6140,10.7188,"1793",1.000,1.000,49,45,38,37,00,00,77,37*cf8681cf
#BESTPOSA,COM1,0,47.0,FINESTEERING,2436,291576.000,00000200,000e,10817;SOL_COMPUTED,NARROW_INT,31.16334364851,121.45624120056,6.3325,11.0411,WGS84,3.4948,4.6140,10.7188,"1793",1.000,1.000,48,44,39,37,00,00,77,37*a3d78379
#BESTPOSA,COM1,0,47.5,FINESTEERING,2436,291577.000,00000200,000e,10817;SOL_COMPUTED,NARROW_INT,31.16334360716,121.45622813220,6.2821,11.0411,WGS84,3.4948,4.6140,10.7188,"1793",1.000,1.000,50,46,41,37,00,00,77,37*97357bae
#BESTPOSA,COM1,0,46.5,FINESTEERING,2436,291578.000,00000200,000e,10817;SOL_COMPUTED,NARROW_INT,31.16334372711,121.45621647028,6.2477,11.0411,WGS84,3.4948,4.6140,10.7188,"1793",1.000,1.000,50,46,41,37,00,00,77,37*23d8d041
#BESTPOSA,COM1,0,47.5,FINESTEERING,2436,291579.000,00000200,000e,10817;SOL_COMPUTED,NARROW_INT,31.16334283063,121.45620530821,6.2710,11.0411,WGS84,3.4948,4.6140,10.7188,"1793",1.000,1.000,51,46,41,39,00,00,77,37*64e5cd93
#BESTPOSA,COM1,0,47.0,FINESTEERING,2436,291580.000,00000200,000e,10817;SOL_COMPUTED,NARROW_INT,31.16334202613,121.45619542444,6.2967,11.0411,WGS84,3.4948,4.6140,10.7188,"1793",1.000,1.000,51,46,41,40,00,00,77,37*ca17860e
#BESTPOSA,COM1,0,47.5,FINESTEERING,2436,291581.000,00000200,000e,10817;SOL_COMPUTED,NARROW_INT,31.16334085621,121.45618627495,6.2802,11.0411,WGS84,3.4948,4.6140,10.7188,"1793",1.000,1.000,51,46,41,40,00,00,77,37*9fdbbd6e
#BESTPOSA,COM1,0,48.0,FINESTEERING,2436,291582.000,00000200,000e,10817;SOL_COMPUTED,NARROW_INT,31.16333931582,121.45616990222,6.2930,11.0411,WGS84,3.4948,4.6140,10.7188,"1793",1.000,1.000,50,45,40,39,00,00,77,37*86a57ac1
#BESTPOSA,COM1,0,48.5,FINESTEERING,2436,291583.000,00000200,000e,10817;SOL_COMPUTED,NARROW_INT,31.16333811779,121.45615742709,6.2805,11.0411,WGS84,3.4948,4.6140,10.7188,"1793",1.000,1.000,50,45,40,39,00,00,77,37*92346610
#BESTPOSA,COM1,0,49.0,FINESTEERING,2436,291584.000,00000200,000e,10817;SOL_COMPUTED,NARROW_INT,31.16333820687,121.45615763821,6.2922,11.0411,WGS84,3.4948,4.6140,10.7188,"1793",1.000,1.000,50,45,39,37,00,00,77,37*c8f71d0e
#BESTPOSA,COM1,0,48.5,FINESTEERING,2436,291585.000,00000200,000e,10817;SOL_COMPUTED,NARROW_INT,31.16333822807,121.45615755364,6.3011,11.0411,WGS84,3.4948,4.6140,10.7188,"1793",1.000,1.000,50,45,39,38,00,00,77,37*f4121cdb
#BESTPOSA,COM1,0,48.0,FINESTEERING,2436,291586.000,00000200,000e,10817;SOL_COMPUTED,NARROW_INT,31.16333821179,121.45615753347,6.2926,11.0411,WGS84,3.4948,4.6140,10.7188,"1793",1.000,1.000,51,45,39,38,00,00,77,37*af1c3ac0
#BESTPOSA,COM1,0,48.0,FINESTEERING,2436,291587.000,00000200,000e,10817;SOL_COMPUTED,NARROW_INT,31.16333820594,121.45615750654,6.2972,11.0411,WGS84,3.4948,4.6140,10.7188,"1793",1.000,1.000,51,45,39,38,00,00,77,37*c5ac181e
#BESTPOSA,COM1,0,48.5,FINESTEERING,2436,291588.000,00000200,000e,10817;SOL_COMPUTED,NARROW_INT,31.16333738303,121.45615094464,6.2830,11.0411,WGS84,3.4948,4.6140,10.7188,"1793",1.000,1.000,51,45,40,39,00,00,77,37*4c23060e
#BESTPOSA,COM1,0,49.0,FINESTEERING,2436,291589.000,00000200,000e,10817;SOL_COMPUTED,NARROW_INT,31.16333730063,121.45613146211,6.2798,11.0411,WGS84,3.4948,4.6140,10.7188,"1793",1.000,1.000,51,45,39,38,00,00,77,37*1b3c01ad
#BESTPOSA,COM1,0,54.0,FINESTEERING,2436,291590.000,00200200,000e,10817;SOL_COMPUTED,NARROW_INT,31.16333682310,121.45611668294,6.2793,11.0411,WGS84,3.4948,4.6140,10.7188,"1793",1.000,1.000,50,45,40,39,00,00,77,37*61e34d52
#BESTPOSA,COM1,0,43.0,FINESTEERING,2436,291591.000,00000200,000e,10817;SOL_COMPUTED,NARROW_INT,31.16333679796,121.45611702923,6.2790,11.0411,WGS84,3.4948,4.6140,10.7188,"1793",1.000,1.000,49,44,38,38,00,00,77,37*d1afd414
#BESTPOSA,COM1,0,48.0,FINESTEERING,2436,291592.000,00000200,000e,10817;SOL_COMPUTED,NARROW_INT,31.16333675257,121.45611704270,6.2872,11.0411,WGS84,3.4948,4.6140,10.7188,"1793",1.000,1.000,48,43,38,38,00,00,77,37*b9872831
#BESTPOSA,COM1,0,48.0,FINESTEERING,2436,291593.000,00000200,000e,10817;SOL_COMPUTED,NARROW_INT,31.16333678370,121.45611704039,6.2871,11.0411,WGS84,3.4948,4.6140,10.7188,"1793",1.000,1.000,50,44,39,39,00,00,77,37*80a308bc
#BESTPOSA,COM1,0,48.0,FINESTEERING,2436,291594.000,00000200,000e,10817;SOL_COMPUTED,NARROW_INT,31.16333681344,121.45611699473,6.2950,11.0411,WGS84,3.4948,4.6140,10.7188,"1793",1.000,1.000,50,44,39,39,00,00,77,37*8bc8b3b6
#BESTPOSA,COM1,0,48.5,FINESTEERING,2436,291595.000,00200200,000e,10817;SOL_COMPUTED,NARROW_INT,31.16333613977,121.45610754570,6.2827,11.0411,WGS84,3.4948,4.6140,10.7188,"1793",1.000,1.000,50,45,39,39,00,00,77,37*5d71079c
#BESTPOSA,COM1,0,48.5,FINESTEERING,2436,291596.000,00000200,000e,10817;SOL_COMPUTED,NARROW_INT,31.16333495804,121.45608562980,6.3225,11.0411,WGS84,3.4948,4.6140,10.7188,"1793",1.000,1.000,50,45,39,38,00,00,77,37*0bcf62b6
#BESTPOSA,COM1,0,47.5,FINESTEERING,2436,291597.000,00000200,000e,10817;SOL_COMPUTED,NARROW_INT,31.16333417565,121.45606578938,6.2733,11.0411,WGS84,3.4948,4.6140,10.7188,"1793",2.000,2.000,49,44,39,38,00,00,77,37*11f7d25f
#BESTPOSA,COM1,0,55.0,FINESTEERING,2436,291598.000,00000200,000e,10817;SOL_COMPUTED,NARROW_INT,31.16333375062,121.45604725135,6.3136,11.0411,WGS84,3.4948,4.6140,10.7188,"1793",1.000,1.000,50,45,39,38,00,00,77,37*26767915
#BESTPOSA,COM1,0,42.0,FINESTEERING,2436,291599.000,00000200,000e,10817;SOL_COMPUTED,NARROW_INT,31.16333348457,121.45602874972,6.2632,11.0411,WGS84,3.4948,4.6140,10.7188,"1793",1.000,1.000,50,45,39,38,00,00,77,37*7245bbe8
#BESTPOSA,COM1,0,48.5,FINESTEERING,2436,291600.000,00000200,000e,10817;SOL_COMPUTED,NARROW_INT,31.16333347127,121.45601234302,6.2580,11.0411,WGS84,3.4948,4.6140,10.7188,"1793",1.000,1.000,51,46,39,40,00,00,77,37*44781bcf
#BESTPOSA,COM1,0,47.5,FINESTEERING,2436,291601.000,00200200,000e,10817;SOL_COMPUTED,NARROW_INT,31.16333423270,121.45599511400,6.2616,11.0411,WGS84,3.4948,4.6140,10.7188,"1793",1.000,1.000,52,46,38,39,00,00,77,37*ecb39d35
#BESTPOSA,COM1,0,46.5,FINESTEERING,2436,291602.000,00000200,000e,10817;SOL_COMPUTED,NARROW_INT,31.16333351653,121.45597994440,6.2766,11.0411,WGS84,3.4948,4.6140,10.7188,"1793",1.000,1.000,52,46,39,39,00,00,77,37*5f7b3cdc
#BESTPOSA,COM1,0,45.5,FINESTEERING,2436,291603.000,00000200,000e,10817;SOL_COMPUTED,NARROW_INT,31.16333291481,121.45596558506,6.3024,11.0411,WGS84,3.4948,4.6140,10.7188,"1793",1.000,1.000,52,46,39,39,00,00,77,37*568933d9
#BESTPOSA,COM1,0,47.0,FINESTEERING,2436,291604.000,00000200,000e,10817;SOL_COMPUTED,NARROW_INT,31.16333272670,121.45595337130,6.3003,11.0411,WGS84,3.4948,4.6140,10.7188,"1793",1.000,1.000,50,45,40,40,00,00,77,37*f7a48242
#BESTPOSA,COM1,0,48.0,FINESTEERING,2436,291605.000,00000200,000e,10817;SOL_COMPUTED,NARROW_INT,31.16333224789,121.45594166749,6.2847,11.0411,WGS84,3.4948,4.6140,10.7188,"1793",1.000,1.000,50,45,38,38,00,00,77,37*5af16590
#BESTPOSA,COM1,0,44.5,FINESTEERING,2436,291606.000,00008200,000e,10817;SOL_COMPUTED,NARROW_INT,31.16333184529,121.45592776614,6.2379,11.0411,WGS84,3.4948,4.6140,10.7188,"1793",1.000,1.000,50,45,39,38,00,00,77,37*7a81915d
#BESTPOSA,COM1,0,46.5,FINESTEERING,2436,291607.000,00000200,000e,10817;SOL_COMPUTED,NARROW_INT,31.16333172989,121.45591262024,6.2722,11.0411,WGS84,3.4948,4.6140,10.7188,"1793",2.000,2.000,52,46,40,39,00,00,77,37*f9adde9e
#BESTPOSA,COM1,0,54.0,FINESTEERING,2436,291608.000,00000200,000e,10817;SOL_COMPUTED,NARROW_INT,31.16333152139,121.45589839862,6.2095,11.0411,WGS84,3.4948,4.6140,10.7188,"1793",1.000,1.000,52,46,40,39,00,00,77,37*f7398a7f
#BESTPOSA,COM1,0,41.0,FINESTEERING,2436,291609.000,00000200,000e,10817;SOL_COMPUTED,NARROW_INT,31.16333145931,121.45588258784,6.2107,11.0411,WGS84,3.4948,4.6140,10.7188,"1793",1.000,1.000,52,46,41,39,00,00,77,37*f8f2b593
#BESTPOSA,COM1,0,48.0,FINESTEERING,2436,291610.000,00000200,000e,10817;SOL_COMPUTED,NARROW_INT,31.16333142267,121.45586257189,6.1946,11.0411,WGS84,3.4948,4.6140,10.7188,"1793",1.000,1.000,52,46,41,39,00,00,77,37*8b0393d6
#BESTPOSA,COM1,0,47.0,FINESTEERING,2436,291611.000,00000200,000e,10817;SOL_COMPUTED,NARROW_INT,31.16333227279,121.45584315245,6.1832,11.0411,WGS84,3.4948,4.6140,10.7188,"1793",1.000,1.000,51,45,40,37,00,00,77,37*ef4fdbee
#BESTPOSA,COM1,0,47.0,FINESTEERING,2436,291612.000,00200200,000e,10817;SOL_COMPUTED,NARROW_INT,31.16333214200,121.45582413555,6.1869,11.0411,WGS84,3.4948,4.6140,10.7188,"1793",1.000,1.000,51,46,41,37,00,00,77,37*b72a900d
#BESTPOSA,COM1,0,47.0,FINESTEERING,2436,291613.000,00200200,000e,10817;SOL_COMPUTED,NARROW_INT,31.16333143378,121.45580777339,6.0918,11.0411,WGS84,3.4948,4.6140,10.7188,"1793",1.000,1.000,52,47,42,39,00,00,77,37*d7a5c4a2
#BESTPOSA,COM1,0,47.0,FINESTEERING,2436,291614.000,00000200,000e,10817;SOL_COMPUTED,NARROW_INT,31.16333037105,121.45579352785,6.1039,11.0411,WGS84,3.4948,4.6140,10.7188,"1793",1.000,1.000,52,47,42,39,00,00,77,37*cb93bf08
#BESTPOSA,COM1,0,47.0,FINESTEERING,2436,291615.000,00000200,000e,10817;SOL_COMPUTED,NARROW_INT,31.16332996387,121.45577850599,6.1992,11.0411,WGS84,3.4948,4.6140,10.7188,"1793",2.000,2.000,52,47,41,38,00,00,77,37*a30caf6b
#BESTPOSA,COM1,0,54.0,FINESTEERING,2436,291616.000,00000200,000e,10817;SOL_COMPUTED,NARROW_INT,31.16332954825,121.45576311986,6.1085,11.0411,WGS84,3.4948,4.6140,10.7188,"1793",1.000,1.000,52,47,40,38,00,00,77,37*d5fed4c4
#BESTPOSA,COM1,0,40.5,FINESTEERING,2436,291617.000,00000200,000e,10817;SOL_COMPUTED,NARROW_INT,31.16332947658,121.45574951916,6.0377,11.0390,WGS84,3.4948,4.6140,10.7188,"1793",1.000,1.000,49,45,40,39,00,00,77,37*b431947a
#BESTPOSA,COM1,0,46.5,FINESTEERING,2436,291618.000,00000200,000e,10817;SOL_COMPUTED,NARROW_INT,31.16332900199,121.45573454063,6.0550,11.0390,WGS84,3.4948,4.6140,10.7188,"1793",1.000,1.000,51,47,42,40,00,00,77,37*a946f121
#BESTPOSA,COM1,0,46.5,FINESTEERING,2436,291619.000,00000200,000e,10817;SOL_COMPUTED,NARROW_INT,31.16332815308,121.45572098713,6.0533,11.0390,WGS84,3.4948,4.6140,10.7188,"1793",1.000,1.000,50,46,40,39,00,00,77,37*98eff8bd
#BESTPOSA,COM1,0,45.5,FINESTEERING,2436,291620.000,00000200,000e,10817;SOL_COMPUTED,NARROW_INT,31.16332761425,121.45570803729,6.0643,11.0390,WGS84,3.4948,4.6140,10.7188,"1793",1.000,1.000,50,46,40,38,00,00,77,37*29fb967b
#BESTPOSA,COM1,0,46.0,FINESTEERING,2436,291621.000,00000200,000e,10817;SOL_COMPUTED,NARROW_INT,31.16332710037,121.45569516328,6.0670,11.0390,WGS84,3.4948,4.6140,10.7188,"1793",1.000,1.000,50,46,41,39,00,00,77,37*d54f7640
#BESTPOSA,COM1,0,46.5,FINESTEERING,2436,291622.000,00000200,000e,10817;SOL_COMPUTED,NARROW_INT,31.16332662090,121.45568004203,6.0684,11.0390,WGS84,3.4948,4.6140,10.7188,"1793",1.000,1.000,50,46,41,39,00,00,77,37*fc6b0138
#BESTPOSA,COM1,0,45.5,FINESTEERING,2436,291623.000,00000200,000e,10817;SOL_COMPUTED,NARROW_INT,31.16332644796,121.45566270717,6.0413,11.0390,WGS84,3.4948,4.6140,10.7188,"1793",1.000,1.000,48,45,41,37,00,00,77,37*0eed707a
#BESTPOSA,COM1,0,46.5,FINESTEERING,2436,291624.000,00000200,000e,10817;SOL_COMPUTED,NARROW_INT,31.16332620606,121.45564674513,6.0370,11.0390,WGS84,3.4948,4.6140,10.7188,"1793",1.000,1.000,50,46,41,39,00,00,77,37*670a7893
#BESTPOSA,COM1,0,47.5,FINESTEERING,2436,291625.000,00000200,000e,10817;SOL_COMPUTED,NARROW_INT,31.16332583275,121.45562883764,6.0027,11.0390,WGS84,3.4948,4.6140,10.7188,"1793",1.000,1.000,50,46,40,38,00,00,77,37*9770122e
#BESTPOSA,COM1,0,46.0,FINESTEERING,2436,291626.000,00000200,000e,10817;SOL_COMPUTED,NARROW_INT,31.16332513485,121.45561830636,6.0116,11.0390,WGS84,3.4948,4.6140,10.7188,"1793",1.000,1.000,51,47,41,34,00,00,77,37*1bed7994
#BESTPOSA,COM1,0,45.5,FINESTEERING,2436,291627.000,00000200,000e,10817;SOL_COMPUTED,NARROW_INT,31.16332403566,121.45560225080,5.9966,11.0390,WGS84,3.4948,4.6140,10.7188,"1793",1.000,1.000,50,46,40,35,00,00,77,37*f971fda4
#BESTPOSA,COM1,0,47.0,FINESTEERING,2436,291628.000,00000200,000e,10817;SOL_COMPUTED,NARROW_INT,31.16332281878,121.45558817277,5.9900,11.0390,WGS84,3.4948,4.6140,10.7188,"1793",1.000,1.000,50,46,40,38,00,00,77,37*40d97fdb
#BESTPOSA,COM1,0,46.0,FINESTEERING,2436,291629.000,00000200,000e,10817;SOL_COMPUTED,NARROW_INT,31.16332097590,121.45556910809,5.9878,11.0390,WGS84,3.4948,4.6140,10.7188,"1793",1.000,1.000,50,46,41,38,00,00,77,37*07f4bd07
#BESTPOSA,COM1,0,47.0,FINESTEERING,2436,291630.000,00000200,000e,10817;SOL_COMPUTED,NARROW_INT,31.16331899866,121.45555447777,5.9819,11.0390,WGS84,3.4948,4.6140,10.7188,"1793",1.000,1.000,51,47,41,38,00,00,77,37*4faa2e2e
#BESTPOSA,COM1,0,44.5,FINESTEERING,2436,291631.000,00000200,000e,10817;SOL_COMPUTED,NARROW_INT,31.16331747828,121.45553906236,5.9923,11.0390,WGS84,3.4948,4.6140,10.7188,"1793",1.000,1.000,51,47,41,40,00,00,77,37*c8f59e6c
#BESTPOSA,COM1,0,46.5,FINESTEERING,2436,291632.000,00000200,000e,10817;SOL_COMPUTED,NARROW_INT,31.16331597665,121.45552411260,6.0174,11.0390,WGS84,3.4948,4.6140,10.7188,"1793",1.000,1.000,50,46,40,38,00,00,77,37*b2af256d
#BESTPOSA,COM1,0,46.0,FINESTEERING,2436,291633.000,00000200,000e,10817;SOL_COMPUTED,NARROW_INT,31.16331495516,121.45551051330,6.0038,11.0390,WGS84,3.4948,4.6140,10.7188,"1793",1.000,1.000,50,46,40,38,00,00,77,37*ad0ad689
#BESTPOSA,COM1,0,45.5,FINESTEERING,2436,291634.000,00000200,000e,10817;SOL_COMPUTED,NARROW_INT,31.16331450539,121.45549931933,5.9921,11.0390,WGS84,3.4948,4.6140,10.7188,"1793",1.000,1.000,51,47,42,37,00,00,77,37*f4001782
#BESTPOSA,COM1,0,46.0,FINESTEERING,2436,291635.000,00000200,000e,10817;SOL_COMPUTED,NARROW_INT,31.16331396053,121.45549174553,5.9985,11.0390,WGS84,3.4948,4.6140,10.7188,"1793",1.000,1.000,50,46,41,39,00,00,77,37*f7e6d9fd
#BESTPOSA,COM1,0,46.0,FINESTEERING,2436,291636.000,00000200,000e,10817;SOL_COMPUTED,NARROW_INT,31.16331304010,121.45548075722,5.9992,11.0390,WGS84,3.4948,4.6140,10.7188,"1793",1.000,1.000,52,47,42,40,00,00,77,37*e7b19f6f
#BESTPOSA,COM1,0,47.0,FINESTEERING,2436,291637.000,00000200,000e,10817;SOL_COMPUTED,NARROW_INT,31.16331341804,121.45546748010,6.0041,11.0390,WGS84,3.4948,4.6140,10.7188,"1793",1.000,1.000,51,46,41,39,00,00,77,37*55fa5244
#BESTPOSA,COM1,0,46.5,FINESTEERING,2436,291638.000,00000200,000e,10817;SOL_COMPUTED,NARROW_INT,31.16331400179,121.45545602474,5.9756,11.0390,WGS84,3.4948,4.6140,10.7188,"1793",1.000,1.000,51,46,40,38,00,00,77,37*19624041
#BESTPOSA,COM1,0,47.0,FINESTEERING,2436,291639.000,00000200,000e,10817;SOL_COMPUTED,NARROW_INT,31.16331417240,121.45544490987,5.9535,11.0390,WGS84,3.4948,4.6140,10.7188,"1793",1.000,1.000,51,46,40,38,00,00,77,37*6eb51416
#BESTPOSA,COM1,0,46.0,FINESTEERING,2436,291640.000,00000200,000e,10817;SOL_COMPUTED,NARROW_INT,31.16331404260,121.45543582305,5.9529,11.0390,WGS84,3.4948,4.6140,10.7188,"1793",1.000,1.000,52,47,41,38,00,00,77,37*4045d1fd
#BESTPOSA,COM1,0,45.0,FINESTEERING,2436,291641.000,00000200,000e,10817;SOL_COMPUTED,NARROW_INT,31.16331372391,121.45542439584,5.9836,11.0390,WGS84,3.4948,4.6140,10.7188,"1793",1.000,1.000,51,46,41,38,00,00,77,37*c9742f14
#BESTPOSA,COM1,0,47.5,FINESTEERING,2436,291642.000,00000200,000e,10817;SOL_COMPUTED,NARROW_INT,31.16331593663,121.45541330872,5.9732,11.0390,WGS84,3.4948,4.6140,10.7188,"1793",1.000,1.000,51,46,41,38,00,00,77,37*5d701650
#BESTPOSA,COM1,0,45.5,FINESTEERING,2436,291643.000,00000200,000e,10817;SOL_COMPUTED,NARROW_INT,31.16331887449,121.45540180078,5.9599,11.0390,WGS84,3.4948,4.6140,10.7188,"1793",1.000,1.000,51,46,40,38,00,00,77,37*01ab3985
#BESTPOSA,COM1,0,46.5,FINESTEERING,2436,291644.000,00000200,000e,10817;SOL_COMPUTED,NARROW_INT,31.16332011805,121.45539201869,5.9596,11.0390,WGS84,3.4948,4.6140,10.7188,"1793",1.000,1.000,51,46,40,38,00,00,77,37*7831a1b1
#BESTPOSA,COM1,0,44.0,FINESTEERING,2436,291645.000,00000200,000e,10817;SOL_COMPUTED,NARROW_INT,31.16332034462,121.45538091387,5.9252,11.0390,WGS84,3.4948,4.6140,10.7188,"1793",1.000,1.000,51,46,41,39,00,00,77,37*82236a73
#BESTPOSA,COM1,0,44.5,FINESTEERING,2436,291646.000,00000200,000e,10817;SOL_COMPUTED,NARROW_INT,31.16331985762,121.45537143983,5.9420,11.0390,WGS84,3.4948,4.6140,10.7188,"1793",1.000,1.000,52,47,41,38,00,00,77,37*a082f649
#BESTPOSA,COM1,0,43.5,FINESTEERING,2436,291647.000,00000200,000e,10817;SOL_COMPUTED,NARROW_INT,31.16331977462,121.45536335231,5.8919,11.0390,WGS84,3.4948,4.6140,10.7188,"1793",1.000,1.000,51,46,40,38,00,00,77,37*b03fc61a
#BESTPOSA,COM1,0,46.5,FINESTEERING,2436,291648.000,00200200,000e,10817;SOL_COMPUTED,NARROW_INT,31.16331858212,121.45535290447,5.9017,11.0390,WGS84,3.4948,4.6140,10.7188,"1793",1.000,1.000,51,46,40,38,00,00,77,37*dcecda05
#BESTPOSA,COM1,0,46.5,FINESTEERING,2436,291649.000,00000200,000e,10817;SOL_COMPUTED,NARROW_INT,31.16331815220,121.45534903555,5.9091,11.0390,WGS84,3.4948,4.6140,10.7188,"1793",1.000,1.000,51,46,40,37,00,00,77,37*0b150f4f
#BESTPOSA,COM1,0,46.5,FINESTEERING,2436,291650.000,00000200,000e,10817;SOL_COMPUTED,NARROW_INT,31.16331858661,121.45533750223,5.8960,11.0390,WGS84,3.4948,4.6140,10.7188,"1793",1.000,1.000,51,46,40,39,00,00,77,37*9f7c203f
#BESTPOSA,COM1,0,46.0,FINESTEERING,2436,291651.000,00000200,000e,10817;SOL_COMPUTED,NARROW_INT,31.16331836891,121.45532650325,5.8824,11.0390,WGS84,3.4948,4.6140,10.7188,"1793",1.000,1.000,52,47,40,37,00,00,77,37*362fc9d9
#BESTPOSA,COM1,0,47.0,FINESTEERING,2436,291652.000,00000200,000e,10817;SOL_COMPUTED,NARROW_INT,31.16331814644,121.45531401093,5.8618,11.0390,WGS84,3.4948,4.6140,10.7188,"1793",1.000,1.000,50,45,40,38,00,00,77,37*cfc32adc
#BESTPOSA,COM1,0,50.5,FINESTEERING,2436,291653.000,00200200,000e,10817;SOL_COMPUTED,NARROW_INT,31.16331938521,121.45529948669,5.8322,11.0390,WGS84,3.4948,4.6140,10.7188,"1793",1.000,1.000,51,46,41,38,00,00,77,37*7c740dcb
#BESTPOSA,COM1,0,43.5,FINESTEERING,2436,291654.000,00000200,000e,10817;SOL_COMPUTED,NARROW_INT,31.16331964042,121.45528757043,5.8166,11.0390,WGS84,3.4948,4.6140,10.7188,"1793",1.000,1.000,51,46,41,38,00,00,77,37*a6d497a0
#BESTPOSA,COM1,0,48.0,FINESTEERING,2436,291655.000,00000200,000e,10817;SOL_COMPUTED,NARROW_INT,31.16331851931,121.45527755146,5.8043,11.0390,WGS84,3.4948,4.6140,10.7188,"1793",1.000,1.000,50,45,40,38,00,00,77,37*c78699b8
#BESTPOSA,COM1,0,48.0,FINESTEERING,2436,291656.000,00000200,000e,10817;SOL_COMPUTED,NARROW_INT,31.16331771212,121.45527060259,5.7648,11.0390,WGS84,3.4948,4.6140,10.7188,"1793",1.000,1.000,50,45,41,38,00,00,77,37*bb66cb2d
#BESTPOSA,COM1,0,55.0,FINESTEERING,2436,291657.000,00000200,000e,10817;SOL_COMPUTED,NARROW_INT,31.16331791028,121.45525691850,5.7565,11.0390,WGS84,3.4948,4.6140,10.7188,"1793",2.000,2.000,51,46,42,38,00,00,77,37*c398fb2c
#BESTPOSA,COM1,0,47.0,FINESTEERING,2436,291658.000,00000200,000e,10817;SOL_COMPUTED,NARROW_INT,31.16331773094,121.45524779523,5.7421,11.0390,WGS84,3.4948,4.6140,10.7188,"1793",2.000,2.000,50,45,41,38,00,00,77,37*db1079bc
#BESTPOSA,COM1,0,55.0,FINESTEERING,2436,291659.000,00000200,000e,10817;SOL_COMPUTED,NARROW_INT,31.16331768649,121.45523889049,5.7304,11.0390,WGS84,3.4948,4.6140,10.7188,"1793",3.000,3.000,50,45,41,38,00,00,77,37*36a345e9
#BESTPOSA,COM1,0,32.0,FINESTEERING,2436,291660.000,00000200,000e,10817;SOL_COMPUTED,NARROW_INT,31.16331757865,121.45522966511,5.7136,11.0390,WGS84,3.4948,4.6140,10.7188,"1793",1.000,1.000,50,46,41,39,00,00,77,37*90b93c9b
#BESTPOSA,COM1,0,40.5,FINESTEERING,2436,291661.000,00000200,000e,10817;SOL_COMPUTED,NARROW_INT,31.16331768330,121.45521535788,5.7238,11.0390,WGS84,3.4948,4.6140,10.7188,"1793",1.000,1.000,52,47,42,39,00,00,77,37*b7f28b49
#BESTPOSA,COM1,0,40.5,FINESTEERING,2436,291662.000,00000200,000e,10817;SOL_COMPUTED,NARROW_INT,31.16331788661,121.45519961756,5.6549,11.0390,WGS84,3.4948,4.6140,10.7188,"1793",2.000,2.000,53,48,42,39,00,00,77,37*aed358f0
#BESTPOSA,COM1,0,55.0,FINESTEERING,2436,291663.000,00000200,000e,10817;SOL_COMPUTED,NARROW_INT,31.16331855607,121.45518472250,5.6290,11.0390,WGS84,3.4948,4.6140,10.7188,"1793",1.000,1.000,52,47,42,40,00,00,77,37*ff45bde5
#BESTPOSA,COM1,0,38.0,FINESTEERING,2436,291664.000,00000200,000e,10817;SOL_COMPUTED,NARROW_INT,31.16331887507,121.45517349392,5.5679,11.0369,WGS84,3.4948,4.6140,10.7188,"1793",1.000,1.000,51,46,42,40,00,00,77,37*2d339d88
#BESTPOSA,COM1,0,46.5,FINESTEERING,2436,291665.000,00000200,000e,10817;SOL_COMPUTED,NARROW_INT,31.16331933080,121.45516262005,5.5251,11.0369,WGS84,3.4948,4.6140,10.7188,"1793",1.000,1.000,53,47,42,40,00,00,77,37*4859aa0d
#BESTPOSA,COM1,0,44.5,FINESTEERING,2436,291666.000,00000200,000e,10817;SOL_COMPUTED,NARROW_INT,31.16331960328,121.45515104815,5.4830,11.0369,WGS84,3.4948,4.6140,10.7188,"1793",1.000,1.000,53,47,42,40,00,00,77,37*9192a90c
#BESTPOSA,COM1,0,44.0,FINESTEERING,2436,291667.000,00000200,000e,10817;SOL_COMPUTED,NARROW_INT,31.16332009320,121.45514071759,5.4201,11.0369,WGS84,3.4948,4.6140,10.7188,"1793",1.000,1.000,53,47,42,40,00,00,77,37*de080755
#BESTPOSA,COM1,0,45.5,FINESTEERING,2436,291668.000,00000200,000e,10817;SOL_COMPUTED,NARROW_INT,31.16332054785,121.45512920210,5.3713,11.0369,WGS84,3.4948,4.6140,10.7188,"1793",1.000,1.000,53,47,42,39,00,00,77,37*d72f4b78
#BESTPOSA,COM1,0,45.0,FINESTEERING,2436,291669.000,00000200,000e,10817;SOL_COMPUTED,NARROW_INT,31.16332115614,121.45511888622,5.3205,11.0369,WGS84,3.4948,4.6140,10.7188,"1793",1.000,1.000,53,47,42,41,00,00,77,37*2e98da0c
#BESTPOSA,COM1,0,45.5,FINESTEERING,2436,291670.000,00000200,000e,10817;SOL_COMPUTED,NARROW_INT,31.16332175744,121.45510830809,5.2664,11.0369,WGS84,3.4948,4.6140,10.7188,"1793",1.000,1.000,52,46,41,41,00,00,77,37*58c3246f
#BESTPOSA,COM1,0,44.5,FINESTEERING,2436,291671.000,00000200,000e,10817;SOL_COMPUTED,NARROW_INT,31.16332209399,121.45510340187,5.2580,11.0369,WGS84,3.4948,4.6140,10.7188,"1793",1.000,1.000,52,46,41,41,00,00,77,37*b3ac1cd5
#BESTPOSA,COM1,0,45.0,FINESTEERING,2436,291672.000,00000200,000e,10817;SOL_COMPUTED,NARROW_INT,31.16332413123,121.45509525875,5.2110,11.0369,WGS84,3.4948,4.6140,10.7188,"1793",1.000,1.000,51,45,41,41,00,00,77,37*81b3f4dc
#BESTPOSA,COM1,0,47.5,FINESTEERING,2436,291673.000,00000200,000e,10817;SOL_COMPUTED,NARROW_INT,31.16332822980,121.45508410328,5.1803,11.0369,WGS84,3.4948,4.6140,10.7188,"1793",1.000,1.000,51,45,41,41,00,00,77,37*643a4dbe
#BESTPOSA,COM1,0,45.5,FINESTEERING,2436,291674.000,00000200,000e,10817;SOL_COMPUTED,NARROW_INT,31.16333489744,121.45507673593,5.1699,11.0369,WGS84,3.4948,4.6140,10.7188,"1793",1.000,1.000,51,45,41,41,00,00,77,37*5814777b
#BESTPOSA,COM1,0,44.5,FINESTEERING,2436,291675.000,00000200,000e,10817;SOL_COMPUTED,NARROW_INT,31.16334212581,121.45507427002,5.1556,11.0369,WGS84,3.4948,4.6140,10.7188,"1793",1.000,1.000,52,46,41,41,00,00,77,37*f1bbfa31
#BESTPOSA,COM1,0,50.0,FINESTEERING,2436,291676.000,00000200,000e,10817;SOL_COMPUTED,NARROW_INT,31.16334618559,121.45507362933,5.1295,11.0369,WGS84,3.4948,4.6140,10.7188,"1793",1.000,1.000,51,45,41,41,00,00,77,37*e161695f
#BESTPOSA,COM1,0,42.0,FINESTEERING,2436,291677.000,00000200,000e,10817;SOL_COMPUTED,NARROW_INT,31.16334997204,121.45507302264,5.1207,11.0369,WGS84,3.4948,4.6140,10.7188,"1793",1.000,1.000,51,45,41,41,00,00,77,37*94bbfc4b
#BESTPOSA,COM1,0,47.5,FINESTEERING,2436,291678.000,00000200,000e,10817;SOL_COMPUTED,NARROW_INT,31.16335209310,121.45507259901,5.1214,11.0369,WGS84,3.4948,4.6140,10.7188,"1793",1.000,1.000,51,45,41,41,00,00,77,37*4078034a
#BESTPOSA,COM1,0,47.5,FINESTEERING,2436,291679.000,00000200,000e,10817;SOL_COMPUTED,NARROW_INT,31.16335502432,121.45507176095,5.1092,11.0369,WGS84,3.4948,4.6140,10.7188,"1793",1.000,1.000,52,46,41,41,00,00,77,37*bbb0ff4e
#BESTPOSA,COM1,0,48.0,FINESTEERING,2436,291680.000,00000200,000e,10817;SOL_COMPUTED,NARROW_INT,31.16335585668,121.45507146931,5.1037,11.0369,WGS84,3.4948,4.6140,10.7188,"1793",1.000,1.000,52,46,41,41,00,00,77,37*54c4f5c3
#BESTPOSA,COM1,0,47.5,FINESTEERING,2436,291681.000,00000200,000e,10817;SOL_COMPUTED,NARROW_INT,31.16335873377,121.45507005747,5.1023,11.0369,WGS84,3.4948,4.6140,10.7188,"1793",1.000,1.000,51,45,41,41,00,00,77,37*dde55224
#BESTPOSA,COM1,0,47.0,FINESTEERING,2436,291682.000,00000200,000e,10817;SOL_COMPUTED,NARROW_INT,31.16335889078,121.45506999014,5.1010,11.0369,WGS84,3.4948,4.6140,10.7188,"1793",1.000,1.000,53,47,42,41,00,00,77,37*fbfbe62a
#BESTPOSA,COM1,0,47.5,FINESTEERING,2436,291683.000,00000200,000e,10817;SOL_COMPUTED,NARROW_INT,31.16335891380,121.45506999711,5.1018,11.0369,WGS84,3.4948,4.6140,10.7188,"1793",1.000,1.000,53,47,42,42,00,00,77,37*c65cbaf8
#BESTPOSA,COM1,0,47.5,FINESTEERING,2436,291684.000,00000200,000e,10817;SOL_COMPUTED,NARROW_INT,31.16335890055,121.45506997560,5.1010,11.0369,WGS84,3.4948,4.6140,10.7188,"1793",1.000,1.000,53,47,42,42,00,00,77,37*18d2277f
#BESTPOSA,COM1,0,52.0,FINESTEERING,2436,291685.000,00000200,000e,10817;SOL_COMPUTED,NARROW_INT,31.16335888518,121.45506995591,5.1040,11.0369,WGS84,3.4948,4.6140,10.7188,"1793",1.000,1.000,53,47,42,42,00,00,77,37*2ba596ef
#BESTPOSA,COM1,0,44.0,FINESTEERING,2436,291686.000,00000200,000e,10817;SOL_COMPUTED,NARROW_INT,31.16335888511,121.45506999904,5.1013,11.0369,WGS84,3.4948,4.6140,10.7188,"1793",1.000,1.000,53,47,42,41,00,00,77,37*b576eaef
#BESTPOSA,COM1,0,47.5,FINESTEERING,2436,291687.000,00000200,000e,10817;SOL_COMPUTED,NARROW_INT,31.16335888592,121.45506998390,5.1000,11.0369,WGS84,3.4948,4.6140,10.7188,"1793",1.000,1.000,53,47,42,41,00,00,77,37*2e944d21
#BESTPOSA,COM1,0,47.5,FINESTEERING,2436,291688.000,00000200,000e,10817;SOL_COMPUTED,NARROW_INT,31.16335889144,121.45506998594,5.0984,11.0369,WGS84,3.4948,4.6140,10.7188,"1793",1.000,1.000,53,47,42,42,00,00,77,37*e90f0b61
#BESTPOSA,COM1,0,47.0,FINESTEERING,2436,291689.000,00000200,000e,10817;SOL_COMPUTED,NARROW_INT,31.16335889770,121.45506997248,5.1044,11.0369,WGS84,3.4948,4.6140,10.7188,"1793",1.000,1.000,53,47,42,42,00,00,77,37*282c4909
#BESTPOSA,COM1,0,47.0,FINESTEERING,2436,291690.000,00000200,000e,10817;SOL_COMPUTED,NARROW_INT,31.16335890408,121.45506996411,5.1030,11.0369,WGS84,3.4948,4.6140,10.7188,"1793",1.000,1.000,53,47,42,42,00,00,77,37*c480dfaa
#BESTPOSA,COM1,0,47.5,FINESTEERING,2436,291691.000,00000200,000e,10817;SOL_COMPUTED,NARROW_INT,31.16335889393,121.45506995264,5.1041,11.0369,WGS84,3.4948,4.6140,10.7188,"1793",1.000,1.000,53,47,42,42,00,00,77,37*0bcd065f
#BESTPOSA,COM1,0,47.5,FINESTEERING,2436,291692.000,00000200,000e,10817;SOL_COMPUTED,NARROW_INT,31.16335890673,121.45506996752,5.0993,11.0369,WGS84,3.4948,4.6140,10.7188,"1793",1.000,1.000,53,47,42,41,00,00,77,37*3e46a7e0
#BESTPOSA,COM1,0,49.0,FINESTEERING,2436,291693.000,00000200,000e,10817;SOL_COMPUTED,NARROW_INT,31.16335889118,121.45506999013,5.0982,11.0369,WGS84,3.4948,4.6140,10.7188,"1793",1.000,1.000,53,47,42,40,00,00,77,37*34157064
#BESTPOSA,COM1,0,45.5,FINESTEERING,2436,291694.000,00000200,000e,10817;SOL_COMPUTED,NARROW_INT,31.16335888855,121.45506998061,5.0953,11.0369,WGS84,3.4948,4.6140,10.7188,"1793",1.000,1.000,53,47,42,40,00,00,77,37*8da3b6b1
#BESTPOSA,COM1,0,47.0,FINESTEERING,2436,291695.000,00000200,000e,10817;SOL_COMPUTED,NARROW_INT,31.16335888115,121.45506996697,5.0958,11.0369,WGS84,3.4948,4.6140,10.7188,"1793",1.000,1.000,53,47,42,40,00,00,77,37*151fbc29
#BESTPOSA,COM1,0,47.5,FINESTEERING,2436,291696.000,00000200,000e,10817;SOL_COMPUTED,NARROW_INT,31.16335889317,121.45506997549,5.0974,11.0369,WGS84,3.4948,4.6140,10.7188,"1793",1.000,1.000,53,47,42,40,00,00,77,37*44398b69
#BESTPOSA,COM1,0,48.0,FINESTEERING,2436,291697.000,00000200,000e,10817;SOL_COMPUTED,NARROW_INT,31.16335888940,121.45507000109,5.0958,11.0369,WGS84,3.4948,4.6140,10.7188,"1793",1.000,1.000,53,47,42,40,00,00,77,37*a71517ed
#BESTPOSA,COM1,0,48.0,FINESTEERING,2436,291698.000,00000200,000e,10817;SOL_COMPUTED,NARROW_INT,31.16335888911,121.45506999019,5.0979,11.0369,WGS84,3.4948,4.6140,10.7188,"1793",1.000,1.000,53,47,41,39,00,00,77,37*e167a92d
#BESTPOSA,COM1,0,48.0,FINESTEERING,2436,291699.000,00000200,000e,10817;SOL_COMPUTED,NARROW_INT,31.16335889514,121.45506999232,5.0951,11.0369,WGS84,3.4948,4.6140,10.7188,"1793",1.000,1.000,52,46,40,39,00,00,77,37*6b0c5558
#BESTPOSA,COM1,0,48.0,FINESTEERING,2436,291700.000,00000200,000e,10817;SOL_COMPUTED,NARROW_INT,31.16335888649,121.45506999390,5.0971,11.0369,WGS84,3.4948,4.6140,10.7188,"1793",1.000,1.000,52,46,40,39,00,00,77,37*1d9bde10
#BESTPOSA,COM1,0,48.0,FINESTEERING,2436,291701.000,00000200,000e,10817;SOL_COMPUTED,NARROW_INT,31.16335890260,121.45506999345,5.0933,11.0369,WGS84,3.4948,4.6140,10.7188,"1793",1.000,1.000,52,46,40,39,00,00,77,37*ff410fe1
#BESTPOSA,COM1,0,47.5,FINESTEERING,2436,291702.000,00000200,000e,10817;SOL_COMPUTED,NARROW_INT,31.16335889393,121.45506997650,5.0953,11.0369,WGS84,3.4948,4.6140,10.7188,"1793",1.000,1.000,52,46,40,39,00,00,77,37*8d831aa4
#BESTPOSA,COM1,0,48.5,FINESTEERING,2436,291703.000,00000200,000e,10817;SOL_COMPUTED,NARROW_INT,31.16335888858,121.45506997879,5.0958,11.0369,WGS84,3.4948,4.6140,10.7188,"1793",1.000,1.000,52,46,40,39,00,00,77,37*e3745290
#BESTPOSA,COM1,0,47.5,FINESTEERING,2436,291704.000,00000200,000e,10817;SOL_COMPUTED,NARROW_INT,31.16335888625,121.45506999053,5.0945,11.0369,WGS84,3.4948,4.6140,10.7188,"1793",2.000,2.000,52,46,40,39,00,00,77,37*b96fe3c2
#BESTPOSA,COM1,0,54.0,FINESTEERING,2436,291705.000,00000200,000e,10817;SOL_COMPUTED,NARROW_INT,31.16335890535,121.45506998691,5.0917,11.0369,WGS84,3.4948,4.6140,10.7188,"1793",1.000,1.000,52,46,40,39,00,00,77,37*258f7269
#BESTPOSA,COM1,0,41.5,FINESTEERING,2436,291706.000,00000200,000e,10817;SOL_COMPUTED,NARROW_INT,31.16335888340,121.45506997355,5.0960,11.0369,WGS84,3.4948,4.6140,10.7188,"1793",1.000,1.000,52,46,40,39,00,00,77,37*20a94a3f
#BESTPOSA,COM1,0,48.0,FINESTEERING,2436,291707.000,00000200,000e,10817;SOL_COMPUTED,NARROW_INT,31.16335889796,121.45506998689,5.0923,11.0369,WGS84,3.4948,4.6140,10.7188,"1793",1.000,1.000,52,46,40,39,00,00,77,37*384854a5
#BESTPOSA,COM1,0,48.0,FINESTEERING,2436,291708.000,00000200,000e,10817;SOL_COMPUTED,NARROW_INT,31.16335889156,121.45506998798,5.0979,11.0369,WGS84,3.4948,4.6140,10.7188,"1793",1.000,1.000,52,46,40,39,00,00,77,37*ef5da1fb
#BESTPOSA,COM1,0,48.0,FINESTEERING,2436,291709.000,00000200,000e,10817;SOL_COMPUTED,NARROW_INT,31.16335888311,121.45506999490,5.0935,11.0369,WGS84,3.4948,4.6140,10.7188,"1793",1.000,1.000,52,46,40,39,00,00,77,37*03593032
#BESTPOSA,COM1,0,48.5,FINESTEERING,2436,291710.000,00000200,000e,10817;SOL_COMPUTED,NARROW_INT,31.16335889208,121.45506999626,5.0951,11.0369,WGS84,3.4948,4.6140,10.7188,"1793",1.000,1.000,52,46,40,39,00,00,77,37*6dc09e69
#BESTPOSA,COM1,0,47.5,FINESTEERING,2436,291711.000,00000200,000e,10817;SOL_COMPUTED,NARROW_INT,31.16335889726,121.45506998617,5.0963,11.0369,WGS84,3.4948,4.6140,10.7188,"1793",1.000,1.000,52,46,40,39,00,00,77,37*7bb6de39
#BESTPOSA,COM1,0,47.5,FINESTEERING,2436,291712.000,00000200,000e,10817;SOL_COMPUTED,NARROW_INT,31.16335887885,121.45506998402,5.0950,11.0369,WGS84,3.4948,4.6140,10.7188,"1793",1.000,1.000,52,46,40,39,00,00,77,37*e9cc58d5
#BESTPOSA,COM1,0,47.5,FINESTEERING,2436,291713.000,00000200,000e,10817;SOL_COMPUTED,NARROW_INT,31.16335886967,121.45506997055,5.0949,11.0369,WGS84,3.4948,4.6140,10.7188,"1793",1.000,1.000,52,46,40,39,00,00,77,37*79e7a1e9
#BESTPOSA,COM1,0,47.5,FINESTEERING,2436,291714.000,00000200,000e,10817;SOL_COMPUTED,NARROW_INT,31.16335888195,121.45506996829,5.0952,11.0369,WGS84,3.4948,4.6140,10.7188,"1793",1.000,1.000,52,46,40,39,00,00,77,37*7b00fbcc
#BESTPOSA,COM1,0,47.5,FINESTEERING,2436,291715.000,00200200,000e,10817;SOL_COMPUTED,NARROW_INT,31.16335887112,121.45506997029,5.0965,11.0369,WGS84,3.4948,4.6140,10.7188,"1793",1.000,1.000,52,46,40,39,00,00,77,37*2ce641ee
#BESTPOSA,COM1,0,47.0,FINESTEERING,2436,291716.000,00000200,000e,10817;SOL_COMPUTED,NARROW_INT,31.16335887805,121.45506997005,5.0981,11.0369,WGS84,3.4948,4.6140,10.7188,"1793",1.000,1.000,52,46,40,39,00,00,77,37*eec56ecb
#BESTPOSA,COM1,0,47.0,FINESTEERING,2436,291717.000,00000200,000e,10817;SOL_COMPUTED,NARROW_INT,31.16335887518,121.45506997271,5.0956,11.0369,WGS84,3.4948,4.6140,10.7188,"1793",1.000,1.000,53,47,40,39,00,00,77,37*d2b97864
#BESTPOSA,COM1,0,47.5,FINESTEERING,2436,291718.000,00000200,000e,10817;SOL_COMPUTED,NARROW_INT,31.16335887129,121.45506996782,5.0976,11.0369,WGS84,3.4948,4.6140,10.7188,"1793",1.000,1.000,53,47,40,39,00,00,77,37*ed2a236e
#BESTPOSA,COM1,0,47.5,FINESTEERING,2436,291719.000,00000200,000e,10817;SOL_COMPUTED,NARROW_INT,31.16335888002,121.45506996596,5.0954,11.0369,WGS84,3.4948,4.6140,10.7188,"1793",1.000,1.000,53,47,40,39,00,00,77,37*4706358d
#BESTPOSA,COM1,0,47.0,FINESTEERING,2436,291720.000,00000200,000e,10817;SOL_COMPUTED,NARROW_INT,31.16335887616,121.45506998952,5.0988,11.0369,WGS84,3.4948,4.6140,10.7188,"1793",1.000,1.000,53,47,40,39,00,00,77,37*06d56cae
#BESTPOSA,COM1,0,47.0,FINESTEERING,2436,291721.000,00000200,000e,10817;SOL_COMPUTED,NARROW_INT,31.16336049676,121.45506899661,5.0962,11.0369,WGS84,3.4948,4.6140,10.7188,"1793",1.000,1.000,53,47,41,40,00,00,77,37*eb465db5
#BESTPOSA,COM1,0,46.5,FINESTEERING,2436,291722.000,00000200,000e,10817;SOL_COMPUTED,NARROW_INT,31.16336172789,121.45506820066,5.0993,11.0369,WGS84,3.4948,4.6140,10.7188,"1793",1.000,1.000,53,47,41,39,00,00,77,37*68bbdbe8
#BESTPOSA,COM1,0,46.5,FINESTEERING,2436,291723.000,00000200,000e,10817;SOL_COMPUTED,NARROW_INT,31.16336218672,121.45506782203,5.1030,11.0369,WGS84,3.4948,4.6140,10.7188,"1793",1.000,1.000,53,47,42,42,00,00,77,37*a099f94e
#BESTPOSA,COM1,0,47.0,FINESTEERING,2436,291724.000,00000200,000e,10817;SOL_COMPUTED,NARROW_INT,31.16336219912,121.45506779953,5.1035,11.0369,WGS84,3.4948,4.6140,10.7188,"1793",1.000,1.000,53,47,42,42,00,00,77,37*1a870bcb
#BESTPOSA,COM1,0,46.5,FINESTEERING,2436,291725.000,00000200,000e,10817;SOL_COMPUTED,NARROW_INT,31.16336220737,121.45506780540,5.1068,11.0369,WGS84,3.4948,4.6140,10.7188,"1793",1.000,1.000,53,47,41,41,00,00,77,37*5a2fd52e
#BESTPOSA,COM1,0,47.5,FINESTEERING,2436,291726.000,00000200,000e,10817;SOL_COMPUTED,NARROW_INT,31.16336220472,121.45506779861,5.1075,11.0369,WGS84,3.4948,4.6140,10.7188,"1793",1.000,1.000,53,47,41,41,00,00,77,37*44bb65c7
#BESTPOSA,COM1,0,46.5,FINESTEERING,2436,291727.000,00000200,000e,10817;SOL_COMPUTED,NARROW_INT,31.16336221433,121.45506779976,5.1058,11.0369,WGS84,3.4948,4.6140,10.7188,"1793",1.000,1.000,53,47,41,42,00,00,77,37*949305ab
#BESTPOSA,COM1,0,46.5,FINESTEERING,2436,291728.000,00000200,000e,10817;SOL_COMPUTED,NARROW_INT,31.16336222355,121.45506779535,5.1070,11.0369,WGS84,3.4948,4.6140,10.7188,"1793",1.000,1.000,52,46,41,41,00,00,77,37*365235d3
#BESTPOSA,COM1,0,46.5,FINESTEERING,2436,291729.000,00000200,000e,10817;SOL_COMPUTED,NARROW_INT,31.16336222270,121.45506781583,5.1077,11.0369,WGS84,3.4948,4.6140,10.7188,"1793",1.000,1.000,52,46,41,41,00,00,77,37*3d20546f
#BESTPOSA,COM1,0,46.5,FINESTEERING,2436,291730.000,00000200,000e,10817;SOL_COMPUTED,NARROW_INT,31.16336222090,121.45506781290,5.1026,11.0369,WGS84,3.4948,4.6140,10.7188,"1793",1.000,1.000,52,46,41,41,00,00,77,37*7e105fc0
#BESTPOSA,COM1,0,45.5,FINESTEERING,2436,291731.000,00000200,000e,10817;SOL_COMPUTED,NARROW_INT,31.16336221503,121.45506781026,5.1055,11.0369,WGS84,3.4948,4.6140,10.7188,"1793",1.000,1.000,52,46,41,41,00,00,77,37*917ba7c2
#BESTPOSA,COM1,0,47.0,FINESTEERING,2436,291732.000,00000200,000e,10817;SOL_COMPUTED,NARROW_INT,31.16336221524,121.45506781647,5.1035,11.0369,WGS84,3.4948,4.6140,10.7188,"1793",1.000,1.000,52,46,41,41,00,00,77,37*88b5b402
#BESTPOSA,COM1,0,46.5,FINESTEERING,2436,291733.000,00000200,000e,10817;SOL_COMPUTED,NARROW_INT,31.16336222119,121.45506779299,5.1062,11.0369,WGS84,3.4948,4.6140,10.7188,"1793",1.000,1.000,52,46,41,41,00,00,77,37*c9e3f1b3
#BESTPOSA,COM1,0,46.5,FINESTEERING,2436,291734.000,00000200,000e,10817;SOL_COMPUTED,NARROW_INT,31.16336222366,121.45506779067,5.1114,11.0369,WGS84,3.4948,4.6140,10.7188,"1793",1.000,1.000,52,46,40,41,00,00,77,37*9f363a67
#BESTPOSA,COM1,0,45.0,FINESTEERING,2436,291735.000,00000200,000e,10817;SOL_COMPUTED,NARROW_INT,31.16336223066,121.45506779053,5.1075,11.0369,WGS84,3.4948,4.6140,10.7188,"1793",1.000,1.000,52,46,40,41,00,00,77,37*5b05089e
#BESTPOSA,COM1,0,45.5,FINESTEERING,2436,291736.000,00008200,000e,10817;SOL_COMPUTED,NARROW_INT,31.16336222238,121.45506778887,5.1071,11.0369,WGS84,3.4948,4.6140,10.7188,"1793",1.000,1.000,52,46,40,41,00,00,77,37*55f66909
#BESTPOSA,COM1,0,47.0,FINESTEERING,2436,291737.000,00000200,000e,10817;SOL_COMPUTED,NARROW_INT,31.16336223119,121.45506778730,5.1074,11.0369,WGS84,3.4948,4.6140,10.7188,"1793",1.000,1.000,52,46,40,41,00,00,77,37*706bc06d
#BESTPOSA,COM1,0,47.5,FINESTEERING,2436,291738.000,00000200,000e,10817;SOL_COMPUTED,NARROW_INT,31.16336221589,121.45506779329,5.1056,11.0369,WGS84,3.4948,4.6140,10.7188,"1793",1.000,1.000,52,46,39,41,00,00,77,37*6c3812a5
#BESTPOSA,COM1,0,48.0,FINESTEERING,2436,291739.000,00000200,000e,10817;SOL_COMPUTED,NARROW_INT,31.16336221115,121.45506776237,5.1073,11.0369,WGS84,3.4948,4.6140,10.7188,"1793",1.000,1.000,52,46,40,41,00,00,77,37*17508a94
#BESTPOSA,COM1,0,44.5,FINESTEERING,2436,291740.000,00000200,000e,10817;SOL_COMPUTED,NARROW_INT,31.16336222140,121.45506775766,5.1061,11.0369,WGS84,3.4948,4.6140,10.7188,"1793",1.000,1.000,53,47,40,41,00,00,77,37*dd7af4a9
#BESTPOSA,COM1,0,48.0,FINESTEERING,2436,291741.000,00000200,000e,10817;SOL_COMPUTED,NARROW_INT,31.16336220911,121.45506778445,5.1077,11.0369,WGS84,3.4948,4.6140,10.7188,"1793",1.000,1.000,53,47,40,41,00,00,77,37*dcdaf4e9
#BESTPOSA,COM1,0,47.5,FINESTEERING,2436,291742.000,00000200,000e,10817;SOL_COMPUTED,NARROW_INT,31.16336222294,121.45506777451,5.1049,11.0369,WGS84,3.4948,4.6140,10.7188,"1793",1.000,1.000,53,47,40,41,00,00,77,37*b3725748
#BESTPOSA,COM1,0,46.5,FINESTEERING,2436,291743.000,00000200,000e,10817;SOL_COMPUTED,NARROW_INT,31.16336272199,121.45506746481,5.1055,11.0369,WGS84,3.4948,4.6140,10.7188,"1793",1.000,1.000,53,47,41,42,00,00,77,37*c160b57f
#BESTPOSA,COM1,0,48.5,FINESTEERING,2436,291744.000,00000200,000e,10817;SOL_COMPUTED,NARROW_INT,31.16336745903,121.45506286090,5.0965,11.0369,WGS84,3.4948,4.6140,10.7188,"1793",1.000,1.000,53,47,40,41,00,00,77,37*ca317852
#BESTPOSA,COM1,0,45.5,FINESTEERING,2436,291745.000,00000200,000e,10817;SOL_COMPUTED,NARROW_INT,31.16337299440,121.45505304726,5.0321,11.0369,WGS84,3.4948,4.6140,10.7188,"1793",1.000,1.000,52,46,40,41,00,00,77,37*e4562781
#BESTPOSA,COM1,0,47.0,FINESTEERING,2436,291746.000,00000200,000e,10817;SOL_COMPUTED,NARROW_INT,31.16337771144,121.45504341367,4.9421,11.0369,WGS84,3.4948,4.6140,10.7188,"1793",1.000,1.000,53,47,40,41,00,00,77,37*a574a60f
#BESTPOSA,COM1,0,55.0,FINESTEERING,2436,291747.000,00000200,000e,10817;SOL_COMPUTED,NARROW_INT,31.16338132028,121.45503242252,4.9440,11.0369,WGS84,3.4948,4.6140,10.7188,"1793",2.000,2.000,53,47,40,41,00,00,77,37*ab6a8bf2
#BESTPOSA,COM1,0,55.5,FINESTEERING,2436,291748.000,00000200,000e,10817;SOL_COMPUTED,NARROW_INT,31.16338230916,121.45501947242,4.9963,11.0369,WGS84,3.4948,4.6140,10.7188,"1793",3.000,3.000,53,47,40,41,00,00,77,37*3528c52a
#BESTPOSA,COM1,0,55.0,FINESTEERING,2436,291749.000,00000200,000e,10817;SOL_COMPUTED,NARROW_INT,31.16337975904,121.45500600103,5.0243,11.0369,WGS84,3.4948,4.6140,10.7188,"1793",4.000,4.000,53,47,41,42,00,00,77,37*28d113f5
#BESTPOSA,COM1,0,25.0,FINESTEERING,2436,291750.000,00000200,000e,10817;SOL_COMPUTED,NARROW_INT,31.16337564008,121.45499281491,5.0374,11.0369,WGS84,3.4948,4.6140,10.7188,"1793",1.000,1.000,53,47,41,42,00,00,77,37*c75768a2
#BESTPOSA,COM1,0,47.0,FINESTEERING,2436,291751.000,00000200,000e,10817;SOL_COMPUTED,NARROW_INT,31.16336927802,121.45497673186,5.0744,11.0369,WGS84,3.4948,4.6140,10.7188,"1793",1.000,1.000,52,46,40,41,00,00,77,37*dd8ecb7b
#BESTPOSA,COM1,0,47.0,FINESTEERING,2436,291752.000,00000200,000e,10817;SOL_COMPUTED,NARROW_INT,31.16336748388,121.45495577141,5.0915,11.0369,WGS84,3.4948,4.6140,10.7188,"1793",2.000,2.000,52,46,40,41,00,00,77,37*f0446079
#BESTPOSA,COM1,0,54.5,FINESTEERING,2436,291753.000,00000200,000e,10817;SOL_COMPUTED,NARROW_INT,31.16336473853,121.45493318667,5.1330,11.0369,WGS84,3.4948,4.6140,10.7188,"1793",3.000,3.000,52,46,40,41,00,00,77,37*b21d274c
#BESTPOSA,COM1,0,55.0,FINESTEERING,2436,291754.000,00000200,000e,10817;SOL_COMPUTED,NARROW_INT,31.16335938694,121.45491308635,5.1788,11.0369,WGS84,3.4948,4.6140,10.7188,"1793",3.000,3.000,52,46,40,41,00,00,77,37*43371199
#BESTPOSA,COM1,0,47.5,FINESTEERING,2436,291755.000,00000200,000e,10817;SOL_COMPUTED,NARROW_INT,31.16335606130,121.45489300128,5.1991,11.0369,WGS84,3.4948,4.6140,10.7188,"1793",2.000,2.000,52,46,41,41,00,00,77,37*5be61233
#BESTPOSA,COM1,0,40.5,FINESTEERING,2436,291756.000,00000200,000e,10817;SOL_COMPUTED,NARROW_INT,31.16335346082,121.45487112487,5.2351,11.0369,WGS84,3.4948,4.6140,10.7188,"1793",1.000,1.000,52,46,41,41,00,00,77,37*8358ece0
#BESTPOSA,COM1,0,40.5,FINESTEERING,2436,291757.000,00000200,000e,10817;SOL_COMPUTED,NARROW_INT,31.16335009732,121.45484932523,5.2888,11.0369,WGS84,3.4948,4.6140,10.7188,"1793",1.000,1.000,52,46,41,41,00,00,77,37*f3038d66
#BESTPOSA,COM1,0,47.5,FINESTEERING,2436,291758.000,00000200,000e,10817;SOL_COMPUTED,NARROW_INT,31.16334462924,121.45483154729,5.2977,11.0369,WGS84,3.4948,4.6140,10.7188,"1793",1.000,1.000,52,46,41,40,00,00,77,37*1c4a50a9
#BESTPOSA,COM1,0,54.5,FINESTEERING,2436,291759.000,00000200,000e,10817;SOL_COMPUTED,NARROW_INT,31.16334046565,121.45481623169,5.2822,11.0369,WGS84,3.4948,4.6140,10.7188,"1793",1.000,1.000,52,46,41,40,00,00,77,37*e104dc98
#BESTPOSA,COM1,0,39.5,FINESTEERING,2436,291760.000,00000200,000e,10817;SOL_COMPUTED,NARROW_INT,31.16333490345,121.45479697497,5.2601,11.0369,WGS84,3.4948,4.6140,10.7188,"1793",1.000,1.000,51,45,40,40,00,00,77,37*95014b73
#BESTPOSA,COM1,0,46.5,FINESTEERING,2436,291761.000,00000200,000e,10817;SOL_COMPUTED,NARROW_INT,31.16332857512,121.45477545524,5.2378,11.0369,WGS84,3.4948,4.6140,10.7188,"1793",1.000,1.000,52,46,41,40,00,00,77,37*293d73c0
#BESTPOSA,COM1,0,46.5,FINESTEERING,2436,291762.000,00200200,000e,10817;SOL_COMPUTED,NARROW_INT,31.16332112096,121.45475793137,5.2299,11.0369,WGS84,3.4948,4.6140,10.7188,"1793",2.000,2.000,52,46,41,40,00,00,77,37*2cda26e8
#BESTPOSA,COM1,0,54.5,FINESTEERING,2436,291763.000,00000200,000e,10817;SOL_COMPUTED,NARROW_INT,31.16331367575,121.45474155852,5.2219,11.0369,WGS84,3.4948,4.6140,10.7188,"1793",1.000,1.000,52,46,41,41,00,00,77,37*21c653f4
#BESTPOSA,COM1,0,39.5,FINESTEERING,2436,291764.000,00000200,000e,10817;SOL_COMPUTED,NARROW_INT,31.16330798179,121.45472705077,5.2081,11.0369,WGS84,3.4948,4.6140,10.7188,"1793",2.000,2.000,52,46,41,41,00,00,77,37*169a51bc
#BESTPOSA,COM1,0,53.5,FINESTEERING,2436,291765.000,00000200,000e,10817;SOL_COMPUTED,NARROW_INT,31.16330468457,121.45471078979,5.2028,11.0369,WGS84,3.4948,4.6140,10.7188,"1793",1.000,1.000,52,46,41,41,00,00,77,37*66386165
#BESTPOSA,COM1,0,39.5,FINESTEERING,2436,291766.000,00000200,000e,10817;SOL_COMPUTED,NARROW_INT,31.16330210411,121.45469967631,5.1918,11.0369,WGS84,3.4948,4.6140,10.7188,"1793",1.000,1.000,52,46,41,41,00,00,77,37*51d45f89
#BESTPOSA,COM1,0,47.5,FINESTEERING,2436,291767.000,00000200,000e,10817;SOL_COMPUTED,NARROW_INT,31.16330100777,121.45468431889,5.1672,11.0369,WGS84,3.4948,4.6140,10.7188,"1793",2.000,2.000,52,46,41,41,00,00,77,37*61884b54
#BESTPOSA,COM1,0,54.0,FINESTEERING,2436,291768.000,00000200,000e,10817;SOL_COMPUTED,NARROW_INT,31.16330126357,121.45467527602,5.1703,11.0369,WGS84,3.4948,4.6140,10.7188,"1793",3.000,3.000,52,46,41,41,00,00,77,37*22ca0d39
#BESTPOSA,COM1,0,55.0,FINESTEERING,2436,291769.000,00000200,000e,10817;SOL_COMPUTED,NARROW_INT,31.16330216627,121.45466527501,5.1553,11.0369,WGS84,3.4948,4.6140,10.7188,"1793",4.000,4.000,53,46,41,41,00,00,77,37*8798e363
#BESTPOSA,COM1,0,55.5,FINESTEERING,2436,291770.000,00000200,000e,10817;SOL_COMPUTED,NARROW_INT,31.16330315505,121.45465763753,5.1695,11.0369,WGS84,3.4948,4.6140,10.7188,"1793",1.000,1.000,53,46,41,41,00,00,77,37*57fcbab2
#BESTPOSA,COM1,0,24.5,FINESTEERING,2436,291771.000,00000200,000e,10817;SOL_COMPUTED,NARROW_INT,31.16330319862,121.45465744314,5.1639,11.0369,WGS84,3.4948,4.6140,10.7188,"1793",1.000,1.000,53,46,41,40,00,00,77,37*c27abbd1
#BESTPOSA,COM1,0,47.5,FINESTEERING,2436,291772.000,00000200,000e,10817;SOL_COMPUTED,NARROW_INT,31.16330353899,121.45465599017,5.1642,11.0369,WGS84,3.4948,4.6140,10.7188,"1793",1.000,1.000,53,46,41,40,00,00,77,37*09a52b3d
#BESTPOSA,COM1,0,47.5,FINESTEERING,2436,291773.000,00000200,000e,10817;SOL_COMPUTED,NARROW_INT,31.16330463445,121.45465320799,5.1582,11.0369,WGS84,3.4948,4.6140,10.7188,"1793",1.000,1.000,53,46,40,40,00,00,77,37*21eb81c7
#BESTPOSA,COM1,0,48.0,FINESTEERING,2436,291774.000,00000200,000e,10817;SOL_COMPUTED,NARROW_INT,31.16330683798,121.45464929809,5.1558,11.0369,WGS84,3.4948,4.6140,10.7188,"1793",1.000,1.000,53,46,41,41,00,00,77,37*af1538ef
#BESTPOSA,COM1,0,47.5,FINESTEERING,2436,291775.000,00000200,000e,10817;SOL_COMPUTED,NARROW_INT,31.16331278546,121.45463785495,5.1562,11.0369,WGS84,3.4948,4.6140,10.7188,"1793",1.000,1.000,53,46,41,41,00,00,77,37*90626d6e
#BESTPOSA,COM1,0,48.5,FINESTEERING,2436,291776.000,00000200,000e,10817;SOL_COMPUTED,NARROW_INT,31.16331336327,121.45463221074,5.1637,11.0369,WGS84,3.4948,4.6140,10.7188,"1793",1.000,1.000,53,46,41,41,00,00,77,37*aecf585b
#BESTPOSA,COM1,0,48.0,FINESTEERING,2436,291777.000,00000200,000e,10817;SOL_COMPUTED,NARROW_INT,31.16331365812,121.45463092422,5.1662,11.0369,WGS84,3.4948,4.6140,10.7188,"1793",1.000,1.000,53,46,41,41,00,00,77,37*19492e5d
#BESTPOSA,COM1,0,47.5,FINESTEERING,2436,291778.000,00000200,000e,10817;SOL_COMPUTED,NARROW_INT,31.16331360661,121.45463096235,5.1656,11.0369,WGS84,3.4948,4.6140,10.7188,"1793",1.000,1.000,53,46,41,41,00,00,77,37*7d01c6cd
#BESTPOSA,COM1,0,47.0,FINESTEERING,2436,291779.000,00000200,000e,10817;SOL_COMPUTED,NARROW_INT,31.16331360012,121.45463097572,5.1640,11.0369,WGS84,3.4948,4.6140,10.7188,"1793",2.000,2.000,54,46,41,41,00,00,77,37*c83ec18c
#BESTPOSA,COM1,0,54.5,FINESTEERING,2436,291780.000,00000200,000e,10817;SOL_COMPUTED,NARROW_INT,31.16331361076,121.45463096998,5.1640,11.0369,WGS84,3.4948,4.6140,10.7188,"1793",2.000,2.000,53,46,41,41,00,00,77,37*d2928bd9
#BESTPOSA,COM1,0,47.0,FINESTEERING,2436,291781.000,00000200,000e,10817;SOL_COMPUTED,NARROW_INT,31.16331360187,121.45463097489,5.1651,11.0369,WGS84,3.4948,4.6140,10.7188,"1793",3.000,3.000,53,46,41,41,00,00,77,37*b75cdc00
#BESTPOSA,COM1,0,55.0,FINESTEERING,2436,291782.000,00000200,000e,10817;SOL_COMPUTED,NARROW_INT,31.16331360142,121.45463097805,5.1649,11.0369,WGS84,3.4948,4.6140,10.7188,"1793",1.000,1.000,53,46,41,40,00,00,77,37*8c8291c7
#BESTPOSA,COM1,0,39.5,FINESTEERING,2436,291783.000,00000200,000e,10817;SOL_COMPUTED,NARROW_INT,31.16331357058,121.45463097404,5.1668,11.0369,WGS84,3.4948,4.6140,10.7188,"1793",1.000,1.000,53,46,41,40,00,00,77,37*dc1f4579
#BESTPOSA,COM1,0,47.5,FINESTEERING,2436,291784.000,00000200,000e,10817;SOL_COMPUTED,NARROW_INT,31.16331361770,121.45463096877,5.1660,11.0369,WGS84,3.4948,4.6140,10.7188,"1793",1.000,1.000,53,46,41,40,00,00,77,37*c0e4b703
#BESTPOSA,COM1,0,47.5,FINESTEERING,2436,291785.000,00000200,000e,10817;SOL_COMPUTED,NARROW_INT,31.16331361827,121.45463099046,5.1681,11.0369,WGS84,3.4948,4.6140,10.7188,"1793",1.000,1.000,53,46,41,40,00,00,77,37*dcb0663c
#BESTPOSA,COM1,0,47.0,FINESTEERING,2436,291786.000,00000200,000e,10817;SOL_COMPUTED,NARROW_INT,31.16331360750,121.45463097002,5.1638,11.0369,WGS84,3.4948,4.6140,10.7188,"1793",1.000,1.000,53,46,41,40,00,00,77,37*7f7d18c8
#BESTPOSA,COM1,0,47.5,FINESTEERING,2436,291787.000,00000200,000e,10817;SOL_COMPUTED,NARROW_INT,31.16331363369,121.45463095007,5.1647,11.0369,WGS84,3.4948,4.6140,10.7188,"1793",1.000,1.000,54,46,41,40,00,00,77,37*21751a5f
#BESTPOSA,COM1,0,47.5,FINESTEERING,2436,291788.000,00000200,000e,10817;SOL_COMPUTED,NARROW_INT,31.16331363467,121.45463098045,5.1691,11.0369,WGS84,3.4948,4.6140,10.7188,"1793",1.000,1.000,53,46,40,39,00,00,77,37*5d9424b1
#BESTPOSA,COM1,0,47.0,FINESTEERING,2436,291789.000,00000200,000e,10817;SOL_COMPUTED,NARROW_INT,31.16331362421,121.45463095430,5.1672,11.0369,WGS84,3.4948,4.6140,10.7188,"1793",1.000,1.000,53,46,41,40,00,00,77,37*fe99f105
#BESTPOSA,COM1,0,47.5,FINESTEERING,2436,291790.000,00000200,000e,10817;SOL_COMPUTED,NARROW_INT,31.16331364006,121.45463094964,5.1692,11.0369,WGS84,3.4948,4.6140,10.7188,"1793",1.000,1.000,53,46,40,40,00,00,77,37*8634193a
#BESTPOSA,COM1,0,47.5,FINESTEERING,2436,291791.000,00000200,000e,10817;SOL_COMPUTED,NARROW_INT,31.16331363438,121.45463096241,5.1679,11.0369,WGS84,3.4948,4.6140,10.7188,"1793",1.000,1.000,53,46,40,40,00,00,77,37*d8aa353a
#BESTPOSA,COM1,0,46.5,FINESTEERING,2436,291792.000,00000200,000e,10817;SOL_COMPUTED,NARROW_INT,31.16331362433,121.45463096359,5.1695,11.0369,WGS84,3.4948,4.6140,10.7188,"1793",1.000,1.000,53,46,40,40,00,00,77,37*be343afb
#BESTPOSA,COM1,0,46.5,FINESTEERING,2436,291793.000,00000200,000e,10817;SOL_COMPUTED,NARROW_INT,31.16331363708,121.45463093793,5.1669,11.0369,WGS84,3.4948,4.6140,10.7188,"1793",1.000,1.000,53,46,40,40,00,00,77,37*aacca74f
#BESTPOSA,COM1,0,45.0,FINESTEERING,2436,291794.000,00000200,000e,10817;SOL_COMPUTED,NARROW_INT,31.16331363246,121.45463092664,5.1692,11.0369,WGS84,3.4948,4.6140,10.7188,"1793",1.000,1.000,53,46,40,40,00,00,77,37*493da46e
#BESTPOSA,COM1,0,45.5,FINESTEERING,2436,291795.000,00000200,000e,10817;SOL_COMPUTED,NARROW_INT,31.16331363380,121.45463091576,5.1646,11.0369,WGS84,3.4948,4.6140,10.7188,"1793",1.000,1.000,54,46,40,40,00,00,77,37*83df8502
#BESTPOSA,COM1,0,47.5,FINESTEERING,2436,291796.000,00000200,000e,10817;SOL_COMPUTED,NARROW_INT,31.16331363368,121.45463093488,5.1647,11.0369,WGS84,3.4948,4.6140,10.7188,"1793",1.000,1.000,54,46,40,40,00,00,77,37*ebebe6ba
#BESTPOSA,COM1,0,46.5,FINESTEERING,2436,291797.000,00000200,000e,10817;SOL_COMPUTED,NARROW_INT,31.16331362687,121.45463095917,5.1693,11.0369,WGS84,3.4948,4.6140,10.7188,"1793",1.000,1.000,54,46,40,40,00,00,77,37*24c9406a
#BESTPOSA,COM1,0,46.0,FINESTEERING,2436,291798.000,00000200,000e,10817;SOL_COMPUTED,NARROW_INT,31.16331364083,121.45463095309,5.1700,11.0369,WGS84,3.4948,4.6140,10.7188,"1793",1.000,1.000,54,46,40,40,00,00,77,37*4bec90f5
#BESTPOSA,COM1,0,47.5,FINESTEERING,2436,291799.000,00000200,000e,10817;SOL_COMPUTED,NARROW_INT,31.16331363205,121.45463096458,5.1670,11.0369,WGS84,3.4948,4.6140,10.7188,"1793",1.000,1.000,54,46,40,40,00,00,77,37*241c3d60
#BESTPOSA,COM1,0,46.0,FINESTEERING,2436,291800.000,00000200,000e,10817;SOL_COMPUTED,NARROW_INT,31.16331363817,121.45463095729,5.1667,11.0369,WGS84,3.4948,4.6140,10.7188,"1793",1.000,1.000,54,46,40,40,00,00,77,37*3413fbef
#BESTPOSA,COM1,0,46.5,FINESTEERING,2436,291801.000,00000200,000e,10817;SOL_COMPUTED,NARROW_INT,31.16331363584,121.45463097986,5.1661,11.0369,WGS84,3.4948,4.6140,10.7188,"1793",1.000,1.000,54,46,40,40,00,00,77,37*8897f63c
#BESTPOSA,COM1,0,46.5,FINESTEERING,2436,291802.000,00000200,000e,10817;SOL_COMPUTED,NARROW_INT,31.16331364011,121.45463097282,5.1650,11.0369,WGS84,3.4948,4.6140,10.7188,"1793",1.000,1.000,54,46,40,40,00,00,77,37*6a5b8f23
#BESTPOSA,COM1,0,46.5,FINESTEERING,2436,291803.000,00000200,000e,10817;SOL_COMPUTED,NARROW_INT,31.16331363992,121.45463096743,5.1652,11.0369,WGS84,3.4948,4.6140,10.7188,"1793",1.000,1.000,55,47,41,41,00,00,77,37*91984701
#BESTPOSA,COM1,0,46.5,FINESTEERING,2436,291804.000,00000200,000e,10817;SOL_COMPUTED,NARROW_INT,31.16331364851,121.45463096666,5.1687,11.0369,WGS84,3.4948,4.6140,10.7188,"1793",1.000,1.000,55,47,41,40,00,00,77,37*9111293b
#BESTPOSA,COM1,0,46.0,FINESTEERING,2436,291805.000,00000200,000e,10817;SOL_COMPUTED,NARROW_INT,31.16331363922,121.45463096697,5.1659,11.0369,WGS84,3.4948,4.6140,10.7188,"1793",1.000,1.000,55,47,42,41,00,00,77,37*47e7f4cf
#BESTPOSA,COM1,0,46.0,FINESTEERING,2436,291806.000,00000200,000e,10817;SOL_COMPUTED,NARROW_INT,31.16331364334,121.45463095338,5.1653,11.0369,WGS84,3.4948,4.6140,10.7188,"1793",1.000,1.000,55,47,42,40,00,00,77,37*94d1c927
#BESTPOSA,COM1,0,46.5,FINESTEERING,2436,291807.000,00000200,000e,10817;SOL_COMPUTED,NARROW_INT,31.16331364767,121.45463093304,5.1658,11.0369,WGS84,3.4948,4.6140,10.7188,"1793",1.000,1.000,55,47,41,40,00,00,77,37*c1a3e959
#BESTPOSA,COM1,0,53.5,FINESTEERING,2436,291808.000,00000200,000e,10817;SOL_COMPUTED,NARROW_INT,31.16331364622,121.45463093786,5.1621,11.0369,WGS84,3.4948,4.6140,10.7188,"1793",2.000,2.000,55,47,41,41,00,00,77,37*8b0deab0
#BESTPOSA,COM1,0,38.5,FINESTEERING,2436,291809.000,00000200,000e,10817;SOL_COMPUTED,NARROW_INT,31.16331364456,121.45463094768,5.1650,11.0369,WGS84,3.4948,4.6140,10.7188,"1793",1.000,1.000,55,47,41,40,00,00,77,37*91282705
#BESTPOSA,COM1,0,46.0,FINESTEERING,2436,291810.000,00000200,000e,10817;SOL_COMPUTED,NARROW_INT,31.16331363544,121.45463093952,5.1617,11.0369,WGS84,3.4948,4.6140,10.7188,"1793",1.000,1.000,55,47,41,40,00,00,77,37*9ff6e666
#BESTPOSA,COM1,0,46.5,FINESTEERING,2436,291811.000,00000200,000e,10817;SOL_COMPUTED,NARROW_INT,31.16331367470,121.45463079662,5.1655,11.0369,WGS84,3.4948,4.6140,10.7188,"1793",1.000,1.000,55,47,41,41,00,00,77,37*673ed9e9
#BESTPOSA,COM1,0,45.5,FINESTEERING,2436,291812.000,00000200,000e,10817;SOL_COMPUTED,NARROW_INT,31.16331386006,121.45462973661,5.1639,11.0369,WGS84,3.4948,4.6140,10.7188,"1793",1.000,1.000,55,47,41,41,00,00,77,37*7b5687a9
#BESTPOSA,COM1,0,53.5,FINESTEERING,2436,291813.000,00000200,000e,10817;SOL_COMPUTED,NARROW_INT,31.16331385164,121.45462978917,5.1627,11.0369,WGS84,3.4948,4.6140,10.7188,"1793",2.000,2.000,55,47,41,41,00,00,77,37*4f27093c
#BESTPOSA,COM1,0,38.5,FINESTEERING,2436,291814.000,00000200,000e,10817;SOL_COMPUTED,NARROW_INT,31.16331384676,121.45462974174,5.1669,11.0369,WGS84,3.4948,4.6140,10.7188,"1793",1.000,1.000,55,47,41,41,00,00,77,37*c4637911
#BESTPOSA,COM1,0,46.5,FINESTEERING,2436,291815.000,00000200,000e,10817;SOL_COMPUTED,NARROW_INT,31.16331382757,121.45462967561,5.1663,11.0369,WGS84,3.4948,4.6140,10.7188,"1793",1.000,1.000,55,47,41,41,00,00,77,37*16f81c5d
#BESTPOSA,COM1,0,46.5,FINESTEERING,2436,291816.000,00000200,000e,10817;SOL_COMPUTED,NARROW_INT,31.16331415336,121.45462846178,5.1676,11.0369,WGS84,3.4948,4.6140,10.7188,"1793",1.000,1.000,55,47,41,41,00,00,77,37*52e075e9
#BESTPOSA,COM1,0,45.5,FINESTEERING,2436,291817.000,00000200,000e,10817;SOL_COMPUTED,NARROW_INT,31.16331504137,121.45462634735,5.1650,11.0369,WGS84,3.4948,4.6140,10.7188,"1793",1.000,1.000,55,47,41,41,00,00,77,37*cae26309
#BESTPOSA,COM1,0,51.0,FINESTEERING,2436,291818.000,00000200,000e,10817;SOL_COMPUTED,NARROW_INT,31.16331631547,121.45462439371,5.1550,11.0369,WGS84,3.4948,4.6140,10.7188,"1793",1.000,1.000,55,47,41,41,00,00,77,37*c6e555d3
#BESTPOSA,COM1,0,42.0,FINESTEERING,2436,291819.000,00000200,000e,10817;SOL_COMPUTED,NARROW_INT,31.16331887178,121.45462130958,5.1550,11.0369,WGS84,3.4948,4.6140,10.7188,"1793",1.000,1.000,55,47,41,40,00,00,77,37*b3a84e9d
#BESTPOSA,COM1,0,54.0,FINESTEERING,2436,291820.000,00000200,000e,10817;SOL_COMPUTED,NARROW_INT,31.16332749768,121.45461503605,5.1889,11.0369,WGS84,3.4948,4.6140,10.7188,"1793",2.000,2.000,55,47,41,41,00,00,77,37*08bf9fac
#BESTPOSA,COM1,0,44.0,FINESTEERING,2436,291821.000,00000200,000e,10817;SOL_COMPUTED,NARROW_INT,31.16333475169,121.45461186376,5.1948,11.0369,WGS84,3.4948,4.6140,10.7188,"1793",1.000,1.000,55,47,41,41,00,00,77,37*9cbaa23e
#BESTPOSA,COM1,0,49.5,FINESTEERING,2436,291822.000,00000200,000e,10817;SOL_COMPUTED,NARROW_INT,31.16335234588,121.45460908531,5.2167,11.0348,WGS84,3.4948,4.6140,10.7188,"1793",1.000,1.000,55,47,41,41,00,00,77,37*9dd439b8
#BESTPOSA,COM1,0,49.5,FINESTEERING,2436,291823.000,00000200,000e,10817;SOL_COMPUTED,NARROW_INT,31.16336881563,121.45460786875,5.2286,11.0348,WGS84,3.4948,4.6140,10.7188,"1793",1.000,1.000,55,47,41,41,00,00,77,37*0922c2ab
#BESTPOSA,COM1,0,40.5,FINESTEERING,2436,291824.000,00000200,000e,10817;SOL_COMPUTED,NARROW_INT,31.16338631005,121.45460505222,5.2711,11.0348,WGS84,3.4948,4.6140,10.7188,"1793",2.000,2.000,55,47,41,41,00,00,77,37*58f5678c
#BESTPOSA,COM1,0,54.5,FINESTEERING,2436,291825.000,00000200,000e,10817;SOL_COMPUTED,NARROW_INT,31.16340154415,121.45460168245,5.3057,11.0348,WGS84,3.4948,4.6140,10.7188,"1793",1.000,1.000,54,47,41,41,00,00,77,37*e350d140
#BESTPOSA,COM1,0,39.5,FINESTEERING,2436,291826.000,00000200,000e,10817;SOL_COMPUTED,NARROW_INT,31.16341557262,121.45459639909,5.3341,11.0348,WGS84,3.4948,4.6140,10.7188,"1793",1.000,1.000,53,47,41,41,00,00,77,37*6dc50157
#BESTPOSA,COM1,0,46.5,FINESTEERING,2436,291827.000,00000200,000e,10817;SOL_COMPUTED,NARROW_INT,31.16342961850,121.45459044930,5.3507,11.0348,WGS84,3.4948,4.6140,10.7188,"1793",1.000,1.000,52,47,41,41,00,00,77,37*01a6e816
#BESTPOSA,COM1,0,47.0,FINESTEERING,2436,291828.000,00000200,000e,10817;SOL_COMPUTED,NARROW_INT,31.16344227557,121.45457812056,5.3753,11.0348,WGS84,3.4948,4.6140,10.7188,"1793",1.000,1.000,53,47,41,41,00,00,77,37*f6917ac8
#BESTPOSA,COM1,0,47.5,FINESTEERING,2436,291829.000,00000200,000e,10817;SOL_COMPUTED,NARROW_INT,31.16344866065,121.45456519935,5.3379,11.0348,WGS84,3.4948,4.6140,10.7188,"1793",1.000,1.000,53,47,41,41,00,00,77,37*d6fc3c75
#BESTPOSA,COM1,0,47.0,FINESTEERING,2436,291830.000,00000200,000e,10817;SOL_COMPUTED,NARROW_INT,31.16345707715,121.45455213377,5.3956,11.0348,WGS84,3.4948,4.6140,10.7188,"1793",1.000,1.000,53,47,41,41,00,00,77,37*52502954
#BESTPOSA,COM1,0,47.0,FINESTEERING,2436,291831.000,00000200,000e,10817;SOL_COMPUTED,NARROW_INT,31.16346423117,121.45454085696,5.4027,11.0348,WGS84,3.4948,4.6140,10.7188,"1793",1.000,1.000,53,47,41,41,00,00,77,37*ef8c3e2e
#BESTPOSA,COM1,0,46.5,FINESTEERING,2436,291832.000,00000200,000e,10817;SOL_COMPUTED,NARROW_INT,31.16347236998,121.45453166949,5.4466,11.0348,WGS84,3.4948,4.6140,10.7188,"1793",1.000,1.000,53,47,41,41,00,00,77,37*8806b507
#BESTPOSA,COM1,0,48.0,FINESTEERING,2436,291833.000,00000200,000e,10817;SOL_COMPUTED,NARROW_INT,31.16347962628,121.45452584243,5.4478,11.0348,WGS84,3.4948,4.6140,10.7188,"1793",1.000,1.000,53,47,40,41,00,00,77,37*70d5a616
#BESTPOSA,COM1,0,47.0,FINESTEERING,2436,291834.000,00000200,000e,10817;SOL_COMPUTED,NARROW_INT,31.16348825174,121.45452142749,5.4921,11.0348,WGS84,3.4948,4.6140,10.7188,"1793",1.000,1.000,53,47,41,40,00,00,77,37*46687f74
#BESTPOSA,COM1,0,47.5,FINESTEERING,2436,291835.000,00000200,000e,10817;SOL_COMPUTED,NARROW_INT,31.16349752563,121.45451666502,5.5244,11.0348,WGS84,3.4948,4.6140,10.7188,"1793",1.000,1.000,53,47,41,41,00,00,77,37*ea8ea318
#BESTPOSA,COM1,0,46.5,FINESTEERING,2436,291836.000,00000200,000e,10817;SOL_COMPUTED,NARROW_INT,31.16350840487,121.45451257393,5.5176,11.0348,WGS84,3.4948,4.6140,10.7188,"1793",1.000,1.000,53,47,41,41,00,00,77,37*dcb73dde
#BESTPOSA,COM1,0,45.5,FINESTEERING,2436,291837.000,00000200,000e,10817;SOL_COMPUTED,NARROW_INT,31.16351940693,121.45450820975,5.4950,11.0348,WGS84,3.4948,4.6140,10.7188,"1793",1.000,1.000,53,47,41,42,00,00,77,37*fc44347e
#BESTPOSA,COM1,0,46.5,FINESTEERING,2436,291838.000,00000200,000e,10817;SOL_COMPUTED,NARROW_INT,31.16353028299,121.45450408644,5.4818,11.0348,WGS84,3.4948,4.6140,10.7188,"1793",1.000,1.000,52,46,40,41,00,00,77,37*4c44824d
#BESTPOSA,COM1,0,46.5,FINESTEERING,2436,291839.000,00000200,000e,10817;SOL_COMPUTED,NARROW_INT,31.16354149535,121.45449998995,5.4561,11.0348,WGS84,3.4948,4.6140,10.7188,"1793",1.000,1.000,53,47,41,42,00,00,77,37*3ce3a227
#BESTPOSA,COM1,0,46.5,FINESTEERING,2436,291840.000,00000200,000e,10817;SOL_COMPUTED,NARROW_INT,31.16354966564,121.45449681753,5.4404,11.0348,WGS84,3.4948,4.6140,10.7188,"1793",1.000,1.000,53,47,41,41,00,00,77,37*c0d8169f
#BESTPOSA,COM1,0,46.5,FINESTEERING,2436,291841.000,00000200,000e,10817;SOL_COMPUTED,NARROW_INT,31.16355976891,121.45449243891,5.4182,11.0348,WGS84,3.4948,4.6140,10.7188,"1793",1.000,1.000,53,47,41,41,00,00,77,37*6778233f
#BESTPOSA,COM1,0,47.0,FINESTEERING,2436,291842.000,00000200,000e,10817;SOL_COMPUTED,NARROW_INT,31.16356877107,121.45448779738,5.4026,11.0348,WGS84,3.4948,4.6140,10.7188,"1793",1.000,1.000,53,47,40,41,00,00,77,37*5745b58f
#BESTPOSA,COM1,0,49.0,FINESTEERING,2436,291843.000,00000200,000e,10817;SOL_COMPUTED,NARROW_INT,31.16357843580,121.45448284469,5.3879,11.0348,WGS84,3.4948,4.6140,10.7188,"1793",1.000,1.000,54,47,40,40,00,00,77,37*4d597eb5
#BESTPOSA,COM1,0,43.5,FINESTEERING,2436,291844.000,00000200,000e,10817;SOL_COMPUTED,NARROW_INT,31.16358710720,121.45447834057,5.3687,11.0348,WGS84,3.4948,4.6140,10.7188,"1793",1.000,1.000,54,47,41,41,00,00,77,37*11ac9696
#BESTPOSA,COM1,0,46.0,FINESTEERING,2436,291845.000,00000200,000e,10817;SOL_COMPUTED,NARROW_INT,31.16359571518,121.45447353488,5.3500,11.0348,WGS84,3.4948,4.6140,10.7188,"1793",1.000,1.000,54,47,41,41,00,00,77,37*6a661876
#BESTPOSA,COM1,0,47.0,FINESTEERING,2436,291846.000,00000200,000e,10817;SOL_COMPUTED,NARROW_INT,31.16360377521,121.45446931346,5.3404,11.0348,WGS84,3.4948,4.6140,10.7188,"1793",1.000,1.000,54,47,41,41,00,00,77,37*bc5614ae
#BESTPOSA,COM1,0,46.5,FINESTEERING,2436,291847.000,00000200,000e,10817;SOL_COMPUTED,NARROW_INT,31.16361524491,121.45446422973,5.3277,11.0348,WGS84,3.4948,4.6140,10.7188,"1793",1.000,1.000,54,47,41,41,00,00,77,37*83f89f54
#BESTPOSA,COM1,0,46.0,FINESTEERING,2436,291848.000,00000200,000e,10817;SOL_COMPUTED,NARROW_INT,31.16362385475,121.45446106034,5.3136,11.0348,WGS84,3.4948,4.6140,10.7188,"1793",1.000,1.000,54,47,41,41,00,00,77,37*190e0fa7
#BESTPOSA,COM1,0,46.5,FINESTEERING,2436,291849.000,00200200,000e,10817;SOL_COMPUTED,NARROW_INT,31.16363222651,121.45445886503,5.2885,11.0348,WGS84,3.4948,4.6140,10.7188,"1793",1.000,1.000,54,47,41,41,00,00,77,37*a34acc5a
#BESTPOSA,COM1,0,46.5,FINESTEERING,2436,291850.000,00000200,000e,10817;SOL_COMPUTED,NARROW_INT,31.16364467708,121.45445506758,5.2581,11.0348,WGS84,3.4948,4.6140,10.7188,"1793",1.000,1.000,54,47,41,41,00,00,77,37*63c068b3
#BESTPOSA,COM1,0,46.5,FINESTEERING,2436,291851.000,00000200,000e,10817;SOL_COMPUTED,NARROW_INT,31.16365562511,121.45445221498,5.2463,11.0348,WGS84,3.4948,4.6140,10.7188,"1793",1.000,1.000,54,47,41,41,00,00,77,37*88952cff
#BESTPOSA,COM1,0,45.5,FINESTEERING,2436,291852.000,00000200,000e,10817;SOL_COMPUTED,NARROW_INT,31.16366824806,121.45444831122,5.2380,11.0348,WGS84,3.4948,4.6140,10.7188,"1793",1.000,1.000,54,47,42,41,00,00,77,37*033f98e6
#BESTPOSA,COM1,0,46.5,FINESTEERING,2436,291853.000,00000200,000e,10817;SOL_COMPUTED,NARROW_INT,31.16367968466,121.45444518963,5.2048,11.0348,WGS84,3.4948,4.6140,10.7188,"1793",1.000,1.000,54,47,42,42,00,00,77,37*ddd11169
#BESTPOSA,COM1,0,46.0,FINESTEERING,2436,291854.000,00000200,000e,10817;SOL_COMPUTED,NARROW_INT,31.16368775913,121.45444229188,5.1914,11.0348,WGS84,3.4948,4.6140,10.7188,"1793",1.000,1.000,54,47,42,42,00,00,77,37*1a0b3db1
#BESTPOSA,COM1,0,45.5,FINESTEERING,2436,291855.000,00000200,000e,10817;SOL_COMPUTED,NARROW_INT,31.16369450560,121.45443754777,5.2000,11.0348,WGS84,3.4948,4.6140,10.7188,"1793",1.000,1.000,55,47,42,41,00,00,77,37*d57e3c83
#BESTPOSA,COM1,0,45.5,FINESTEERING,2436,291856.000,00000200,000e,10817;SOL_COMPUTED,NARROW_INT,31.16369982265,121.45442731289,5.3053,11.0348,WGS84,3.4948,4.6140,10.7188,"1793",1.000,1.000,54,46,42,41,00,00,77,37*1de41707
#BESTPOSA,COM1,0,46.0,FINESTEERING,2436,291857.000,00000200,000e,10817;SOL_COMPUTED,NARROW_INT,31.16369930532,121.45441386699,5.3618,11.0348,WGS84,3.4948,4.6140,10.7188,"1793",1.000,1.000,54,46,42,42,00,00,77,37*dcba7a35
#BESTPOSA,COM1,0,45.5,FINESTEERING,2436,291858.000,00000200,000e,10817;SOL_COMPUTED,NARROW_INT,31.16369124006,121.45439998415,5.3814,11.0348,WGS84,3.4948,4.6140,10.7188,"1793",1.000,1.000,53,45,40,41,00,00,77,37*fe3136dd
#BESTPOSA,COM1,0,45.0,FINESTEERING,2436,291859.000,00000200,000e,10817;SOL_COMPUTED,NARROW_INT,31.16368226224,121.45438596410,5.3754,11.0348,WGS84,3.4948,4.6140,10.7188,"1793",1.000,1.000,53,45,41,41,00,00,77,37*85333c02
#BESTPOSA,COM1,0,46.0,FINESTEERING,2436,291860.000,00000200,000e,10817;SOL_COMPUTED,NARROW_INT,31.16367573046,121.45437521763,5.3764,11.0348,WGS84,3.4948,4.6140,10.7188,"1793",1.000,1.000,53,45,40,40,00,00,77,37*a88609ec
#BESTPOSA,COM1,0,46.0,FINESTEERING,2436,291861.000,00000200,000e,10817;SOL_COMPUTED,NARROW_INT,31.16367012211,121.45436533964,5.3793,11.0348,WGS84,3.4948,4.6140,10.7188,"1793",1.000,1.000,54,46,41,40,00,00,77,37*e278656e
#BESTPOSA,COM1,0,46.5,FINESTEERING,2436,291862.000,00000200,000e,10817;SOL_COMPUTED,NARROW_INT,31.16366520316,121.45435465858,5.3903,11.0348,WGS84,3.4948,4.6140,10.7188,"1793",1.000,1.000,54,46,41,41,00,00,77,37*3309b32b
#BESTPOSA,COM1,0,46.0,FINESTEERING,2436,291863.000,00000200,000e,10817;SOL_COMPUTED,NARROW_INT,31.16366144674,121.45434379633,5.3860,11.0348,WGS84,3.4948,4.6140,10.7188,"1793",1.000,1.000,54,46,42,42,00,00,77,37*c7e255b0
#BESTPOSA,COM1,0,46.0,FINESTEERING,2436,291864.000,00000200,000e,10817;SOL_COMPUTED,NARROW_INT,31.16365678907,121.45433225974,5.3973,11.0348,WGS84,3.4948,4.6140,10.7188,"1793",1.000,1.000,54,46,42,41,00,00,77,37*3060bd2f
#BESTPOSA,COM1,0,46.0,FINESTEERING,2436,291865.000,00000200,000e,10817;SOL_COMPUTED,NARROW_INT,31.16365189013,121.45432170990,5.3985,11.0348,WGS84,3.4948,4.6140,10.7188,"1793",1.000,1.000,53,46,42,42,00,00,77,37*c82f1ce9
#BESTPOSA,COM1,0,46.0,FINESTEERING,2436,291866.000,00000200,000e,10817;SOL_COMPUTED,NARROW_INT,31.16364763888,121.45431301873,5.4086,11.0348,WGS84,3.4948,4.6140,10.7188,"1793",1.000,1.000,53,46,42,42,00,00,77,37*9ef351ff
#BESTPOSA,COM1,0,45.5,FINESTEERING,2436,291867.000,00000200,000e,10817;SOL_COMPUTED,NARROW_INT,31.16364411955,121.45430527317,5.3916,11.0348,WGS84,3.4948,4.6140,10.7188,"1793",1.000,1.000,53,46,42,40,00,00,77,37*361831fa
#BESTPOSA,COM1,0,46.0,FINESTEERING,2436,291868.000,00000200,000e,10817;SOL_COMPUTED,NARROW_INT,31.16363977840,121.45429501251,5.3824,11.0348,WGS84,3.4948,4.6140,10.7188,"1793",1.000,1.000,53,46,42,40,00,00,77,37*fa724438
#BESTPOSA,COM1,0,46.5,FINESTEERING,2436,291869.000,00000200,000e,10817;SOL_COMPUTED,NARROW_INT,31.16363702659,121.45428413833,5.3875,11.0348,WGS84,3.4948,4.6140,10.7188,"1793",1.000,1.000,53,46,41,40,00,00,77,37*2958c8fa
#BESTPOSA,COM1,0,46.0,FINESTEERING,2436,291870.000,00000200,000e,10817;SOL_COMPUTED,NARROW_INT,31.16363405389,121.45427086649,5.3764,11.0348,WGS84,3.4948,4.6140,10.7188,"1793",1.000,1.000,52,45,40,40,00,00,77,37*e7cd4eb0
#BESTPOSA,COM1,0,47.0,FINESTEERING,2436,291871.000,00000200,000e,10817;SOL_COMPUTED,NARROW_INT,31.16363139558,121.45426016321,5.3491,11.0348,WGS84,3.4948,4.6140,10.7188,"1793",1.000,1.000,52,45,40,41,00,00,77,37*5f7513e1
#BESTPOSA,COM1,0,47.0,FINESTEERING,2436,291872.000,00000200,000e,10817;SOL_COMPUTED,NARROW_INT,31.16362820484,121.45424713307,5.3615,11.0348,WGS84,3.4948,4.6140,10.7188,"1793",1.000,1.000,54,46,41,41,00,00,77,37*2d3081b7
#BESTPOSA,COM1,0,46.5,FINESTEERING,2436,291873.000,00000200,000e,10817;SOL_COMPUTED,NARROW_INT,31.16362432552,121.45423549232,5.3438,11.0348,WGS84,3.4948,4.6140,10.7188,"1793",1.000,1.000,54,46,41,41,00,00,77,37*119175c9
#BESTPOSA,COM1,0,46.5,FINESTEERING,2436,291874.000,00000200,000e,10817;SOL_COMPUTED,NARROW_INT,31.16361902452,121.45422310461,5.3220,11.0348,WGS84,3.4948,4.6140,10.7188,"1793",1.000,1.000,54,46,41,41,00,00,77,37*4b50b30b
#BESTPOSA,COM1,0,45.5,FINESTEERING,2436,291875.000,00000200,000e,10817;SOL_COMPUTED,NARROW_INT,31.16361397074,121.45421145011,5.2994,11.0348,WGS84,3.4948,4.6140,10.7188,"1793",1.000,1.000,55,47,41,41,00,00,77,37*b8b8fd2e
#BESTPOSA,COM1,0,46.0,FINESTEERING,2436,291876.000,00000200,000e,10817;SOL_COMPUTED,NARROW_INT,31.16360949676,121.45420147052,5.2945,11.0348,WGS84,3.4948,4.6140,10.7188,"1793",1.000,1.000,55,47,41,40,00,00,77,37*e98b1175
#BESTPOSA,COM1,0,46.5,FINESTEERING,2436,291877.000,00000200,000e,10817;SOL_COMPUTED,NARROW_INT,31.16360523452,121.45419280176,5.2969,11.0348,WGS84,3.4948,4.6140,10.7188,"1793",1.000,1.000,54,47,40,40,00,00,77,37*30cf2a4d
#BESTPOSA,COM1,0,46.5,FINESTEERING,2436,291878.000,00000200,000e,10817;SOL_COMPUTED,NARROW_INT,31.16360193531,121.45418540070,5.2829,11.0348,WGS84,3.4948,4.6140,10.7188,"1793",1.000,1.000,54,47,40,40,00,00,77,37*3164b789
#BESTPOSA,COM1,0,46.0,FINESTEERING,2436,291879.000,00000200,000e,10817;SOL_COMPUTED,NARROW_INT,31.16359916240,121.45417923198,5.2723,11.0348,WGS84,3.4948,4.6140,10.7188,"1793",1.000,1.000,54,47,41,42,00,00,77,37*ed63cb56
#BESTPOSA,COM1,0,47.0,FINESTEERING,2436,291880.000,00000200,000e,10817;SOL_COMPUTED,NARROW_INT,31.16359587670,121.45417202853,5.2720,11.0348,WGS84,3.4948,4.6140,10.7188,"1793",1.000,1.000,55,47,41,41,00,00,77,37*73aaea9c
#BESTPOSA,COM1,0,47.0,FINESTEERING,2436,291881.000,00000200,000e,10817;SOL_COMPUTED,NARROW_INT,31.16359021158,121.45415968086,5.2634,11.0348,WGS84,3.4948,4.6140,10.7188,"1793",1.000,1.000,55,47,41,41,00,00,77,37*94db7504
#BESTPOSA,COM1,0,46.5,FINESTEERING,2436,291882.000,00000200,000e,10817;SOL_COMPUTED,NARROW_INT,31.16358466510,121.45414593467,5.2829,11.0348,WGS84,3.4948,4.6140,10.7188,"1793",1.000,1.000,55,47,42,41,00,00,77,37*83b23771
#BESTPOSA,COM1,0,46.5,FINESTEERING,2436,291883.000,00000200,000e,10817;SOL_COMPUTED,NARROW_INT,31.16358060356,121.45413201912,5.2953,11.0348,WGS84,3.4948,4.6140,10.7188,"1793",1.000,1.000,55,47,41,40,00,00,77,37*abbeb8b9
#BESTPOSA,COM1,0,46.5,FINESTEERING,2436,291884.000,00000200,000e,10817;SOL_COMPUTED,NARROW_INT,31.16357561361,121.45411784142,5.2954,11.0348,WGS84,3.4948,4.6140,10.7188,"1793",1.000,1.000,55,47,41,40,00,00,77,37*75bd510f
#BESTPOSA,COM1,0,45.5,FINESTEERING,2436,291885.000,00000200,000e,10817;SOL_COMPUTED,NARROW_INT,31.16356899205,121.45410391980,5.2975,11.0348,WGS84,3.4948,4.6140,10.7188,"1793",1.000,1.000,53,47,40,39,00,00,77,37*06ca64bb
#BESTPOSA,COM1,0,43.0,FINESTEERING,2436,291886.000,00000200,000e,10817;SOL_COMPUTED,NARROW_INT,31.16356165889,121.45409184327,5.2942,11.0348,WGS84,3.4948,4.6140,10.7188,"1793",1.000,1.000,51,45,39,38,00,00,77,37*32e396f9
#BESTPOSA,COM1,0,44.5,FINESTEERING,2436,291887.000,00000200,000e,10817;SOL_COMPUTED,NARROW_INT,31.16355512164,121.45408025554,5.3000,11.0348,WGS84,3.4948,4.6140,10.7188,"1793",1.000,1.000,51,45,39,38,00,00,77,37*85d68132
#BESTPOSA,COM1,0,45.0,FINESTEERING,2436,291888.000,00000200,000e,10817;SOL_COMPUTED,NARROW_INT,31.16354695154,121.45406562259,5.3165,11.0348,WGS84,3.4948,4.6140,10.7188,"1793",1.000,1.000,52,46,40,37,00,00,77,37*a2504d7c
#BESTPOSA,COM1,0,46.5,FINESTEERING,2436,291889.000,00000200,000e,10817;SOL_COMPUTED,NARROW_INT,31.16353894992,121.45405181097,5.3161,11.0348,WGS84,3.4948,4.6140,10.7188,"1793",1.000,1.000,52,46,40,37,00,00,77,37*3db0893e
#BESTPOSA,COM1,0,46.5,FINESTEERING,2436,291890.000,00000200,000e,10817;SOL_COMPUTED,NARROW_INT,31.16353265896,121.45403891800,5.3314,11.0348,WGS84,3.4948,4.6140,10.7188,"1793",1.000,1.000,51,45,39,37,00,00,77,37*cfd52408
#BESTPOSA,COM1,0,46.5,FINESTEERING,2436,291891.000,00000200,000e,10817;SOL_COMPUTED,NARROW_INT,31.16352628110,121.45402299156,5.3275,11.0325,WGS84,3.4948,4.6140,10.7188,"1793",1.000,1.000,51,45,39,38,00,00,77,37*342df5fc
#BESTPOSA,COM1,0,47.5,FINESTEERING,2436,291892.000,00008200,000e,10817;SOL_COMPUTED,NARROW_INT,31.16352135974,121.45400648671,5.3425,11.0325,WGS84,3.4948,4.6140,10.7188,"1793",1.000,1.000,51,45,38,38,00,00,77,37*556c19c1
#BESTPOSA,COM1,0,46.5,FINESTEERING,2436,291893.000,00008200,000e,10817;SOL_COMPUTED,NARROW_INT,31.16351722324,121.45399160124,5.3544,11.0325,WGS84,3.4948,4.6140,10.7188,"1793",1.000,1.000,51,45,39,38,00,00,77,37*213a2cb3
#BESTPOSA,COM1,0,46.5,FINESTEERING,2436,291894.000,00000200,000e,10817;SOL_COMPUTED,NARROW_INT,31.16351293732,121.45398036582,5.3874,11.0325,WGS84,3.4948,4.6140,10.7188,"1793",1.000,1.000,51,45,39,38,00,00,77,37*16988465
#BESTPOSA,COM1,0,48.0,FINESTEERING,2436,291895.000,00000200,000e,10817;SOL_COMPUTED,NARROW_INT,31.16350668252,121.45396563215,5.3596,11.0325,WGS84,3.4948,4.6140,10.7188,"1793",1.000,1.000,51,45,39,38,00,00,77,37*29b38472
#BESTPOSA,COM1,0,47.5,FINESTEERING,2436,291896.000,00000200,000e,10817;SOL_COMPUTED,NARROW_INT,31.16349945848,121.45395064585,5.3005,11.0325,WGS84,3.4948,4.6140,10.7188,"1793",1.000,1.000,51,45,39,38,00,00,77,37*02c84d12
#BESTPOSA,COM1,0,47.0,FINESTEERING,2436,291897.000,00000200,000e,10817;SOL_COMPUTED,NARROW_INT,31.16349226460,121.45393777136,5.3729,11.0325,WGS84,3.4948,4.6140,10.7188,"1793",1.000,1.000,51,45,39,38,00,00,77,37*44249818
#BESTPOSA,COM1,0,48.0,FINESTEERING,2436,291898.000,00000200,000e,10817;SOL_COMPUTED,NARROW_INT,31.16348610089,121.45392305845,5.3760,11.0325,WGS84,3.4948,4.6140,10.7188,"1793",1.000,1.000,50,45,38,37,00,00,77,37*4f7bc7fb
#BESTPOSA,COM1,0,46.0,FINESTEERING,2436,291899.000,00000200,000e,10817;SOL_COMPUTED,NARROW_INT,31.16347962232,121.45390893335,5.3906,11.0325,WGS84,3.4948,4.6140,10.7188,"1793",1.000,1.000,50,44,39,38,00,00,77,37*b443cdc4
#BESTPOSA,COM1,0,47.0,FINESTEERING,2436,291900.000,00000200,000e,10817;SOL_COMPUTED,NARROW_INT,31.16347356818,121.45389549989,5.3900,11.0325,WGS84,3.4948,4.6140,10.7188,"1793",1.000,1.000,50,44,39,38,00,00,77,37*cf9c6890
#BESTPOSA,COM1,0,47.0,FINESTEERING,2436,291901.000,00000200,000e,10817;SOL_COMPUTED,NARROW_INT,31.16346701013,121.45388188386,5.4178,11.0325,WGS84,3.4948,4.6140,10.7188,"1793",1.000,1.000,50,44,37,37,00,00,77,37*7f28707d
#BESTPOSA,COM1,0,47.5,FINESTEERING,2436,291902.000,00000200,000e,10817;SOL_COMPUTED,NARROW_INT,31.16346067202,121.45386744454,5.4265,11.0325,WGS84,3.4948,4.6140,10.7188,"1793",1.000,1.000,52,46,38,38,00,00,77,37*f6e697ea
#BESTPOSA,COM1,0,46.5,FINESTEERING,2436,291903.000,00000200,000e,10817;SOL_COMPUTED,NARROW_INT,31.16345367532,121.45385219748,5.4360,11.0325,WGS84,3.4948,4.6140,10.7188,"1793",1.000,1.000,52,46,40,39,00,00,77,37*3b1d8f4e
#BESTPOSA,COM1,0,46.5,FINESTEERING,2436,291904.000,00000200,000e,10817;SOL_COMPUTED,NARROW_INT,31.16344839209,121.45384095137,5.4250,11.0325,WGS84,3.4948,4.6140,10.7188,"1793",1.000,1.000,53,47,40,38,00,00,77,37*d8b07724
#BESTPOSA,COM1,0,46.0,FINESTEERING,2436,291905.000,00000200,000e,10817;SOL_COMPUTED,NARROW_INT,31.16344627727,121.45382621677,5.4828,11.0325,WGS84,3.4948,4.6140,10.7188,"1793",1.000,1.000,53,47,39,37,00,00,77,37*1259c8f2
#BESTPOSA,COM1,0,47.0,FINESTEERING,2436,291906.000,00000200,000e,10817;SOL_COMPUTED,NARROW_INT,31.16345556505,121.45381662886,5.5241,11.0325,WGS84,3.4948,4.6140,10.7188,"1793",1.000,1.000,53,47,39,40,00,00,77,37*f7acbe8f
#BESTPOSA,COM1,0,47.0,FINESTEERING,2436,291907.000,00000200,000e,10817;SOL_COMPUTED,NARROW_INT,31.16346602584,121.45381993925,5.5376,11.0325,WGS84,3.4948,4.6140,10.7188,"1793",1.000,1.000,52,46,40,40,00,00,77,37*8474653b
#BESTPOSA,COM1,0,47.0,FINESTEERING,2436,291908.000,00000200,000e,10817;SOL_COMPUTED,NARROW_INT,31.16347320673,121.45382698038,5.5763,11.0325,WGS84,3.4948,4.6140,10.7188,"1793",1.000,1.000,51,45,40,40,00,00,77,37*d4e291b1
#BESTPOSA,COM1,0,47.5,FINESTEERING,2436,291909.000,00000200,000e,10817;SOL_COMPUTED,NARROW_INT,31.16347778308,121.45383210346,5.6135,11.0325,WGS84,3.4948,4.6140,10.7188,"1793",1.000,1.000,50,45,40,40,00,00,77,37*248bb558
#BESTPOSA,COM1,0,47.5,FINESTEERING,2436,291910.000,00000200,000e,10817;SOL_COMPUTED,NARROW_INT,31.16348106741,121.45383538683,5.6446,11.0325,WGS84,3.4948,4.6140,10.7188,"1793",1.000,1.000,51,45,40,40,00,00,77,37*0d2b3cb6
#BESTPOSA,COM1,0,47.0,FINESTEERING,2436,291911.000,00000200,000e,10817;SOL_COMPUTED,NARROW_INT,31.16348395495,121.45383853554,5.6746,11.0325,WGS84,3.4948,4.6140,10.7188,"1793",1.000,1.000,52,46,41,40,00,00,77,37*7071f052
#BESTPOSA,COM1,0,47.5,FINESTEERING,2436,291912.000,00000200,000e,10817;SOL_COMPUTED,NARROW_INT,31.16349280493,121.45384445214,5.7361,11.0325,WGS84,3.4948,4.6140,10.7188,"1793",1.000,1.000,52,46,41,40,00,00,77,37*3835a743
#BESTPOSA,COM1,0,47.5,FINESTEERING,2436,291913.000,00000200,000e,10817;SOL_COMPUTED,NARROW_INT,31.16350335418,121.45384902840,5.8253,11.0325,WGS84,3.4948,4.6140,10.7188,"1793",1.000,1.000,52,46,41,41,00,00,77,37*b5156fa0
#BESTPOSA,COM1,0,47.5,FINESTEERING,2436,291914.000,00000200,000e,10817;SOL_COMPUTED,NARROW_INT,31.16351018206,121.45385182402,5.8756,11.0325,WGS84,3.4948,4.6140,10.7188,"1793",1.000,1.000,52,46,41,40,00,00,77,37*7f67f22a
#BESTPOSA,COM1,0,46.0,FINESTEERING,2436,291915.000,00000200,000e,10817;SOL_COMPUTED,NARROW_INT,31.16351663721,121.45385387301,5.8999,11.0325,WGS84,3.4948,4.6140,10.7188,"1793",1.000,1.000,52,46,41,40,00,00,77,37*aa554aa2
#BESTPOSA,COM1,0,47.0,FINESTEERING,2436,291916.000,00000200,000e,10817;SOL_COMPUTED,NARROW_INT,31.16352621187,121.45385600343,5.9170,11.0325,WGS84,3.4948,4.6140,10.7188,"1793",1.000,1.000,52,46,41,40,00,00,77,37*5e698c5e
#BESTPOSA,COM1,0,47.0,FINESTEERING,2436,291917.000,00200200,000e,10817;SOL_COMPUTED,NARROW_INT,31.16353564890,121.45385802538,5.9287,11.0325,WGS84,3.4948,4.6140,10.7188,"1793",1.000,1.000,52,46,41,40,00,00,77,37*b835b29b
#BESTPOSA,COM1,0,47.0,FINESTEERING,2436,291918.000,00000200,000e,10817;SOL_COMPUTED,NARROW_INT,31.16354412146,121.45385995704,5.9575,11.0325,WGS84,3.4948,4.6140,10.7188,"1793",1.000,1.000,51,46,41,40,00,00,77,37*1fa99ed3
#BESTPOSA,COM1,0,47.0,FINESTEERING,2436,291919.000,00000200,000e,10817;SOL_COMPUTED,NARROW_INT,31.16355148053,121.45386166592,5.9751,11.0325,WGS84,3.4948,4.6140,10.7188,"1793",1.000,1.000,52,46,41,39,00,00,77,37*094ed50c
#BESTPOSA,COM1,0,47.0,FINESTEERING,2436,291920.000,00000200,000e,10817;SOL_COMPUTED,NARROW_INT,31.16355907467,121.45386309169,5.9847,11.0325,WGS84,3.4948,4.6140,10.7188,"1793",1.000,1.000,52,46,41,40,00,00,77,37*deb2ba16
#BESTPOSA,COM1,0,47.5,FINESTEERING,2436,291921.000,00000200,000e,10817;SOL_COMPUTED,NARROW_INT,31.16356731212,121.45386498829,5.9979,11.0325,WGS84,3.4948,4.6140,10.7188,"1793",1.000,1.000,52,46,41,39,00,00,77,37*3e80c9e6
#BESTPOSA,COM1,0,48.0,FINESTEERING,2436,291922.000,00000200,000e,10817;SOL_COMPUTED,NARROW_INT,31.16357410538,121.45386638392,6.0145,11.0325,WGS84,3.4948,4.6140,10.7188,"1793",1.000,1.000,52,46,41,40,00,00,77,37*38f530bd
#BESTPOSA,COM1,0,47.5,FINESTEERING,2436,291923.000,00000200,000e,10817;SOL_COMPUTED,NARROW_INT,31.16358248752,121.45386760536,6.0199,11.0325,WGS84,3.4948,4.6140,10.7188,"1793",1.000,1.000,52,46,41,40,00,00,77,37*ff14a2f4
#BESTPOSA,COM1,0,43.0,FINESTEERING,2436,291924.000,00000200,000e,10817;SOL_COMPUTED,NARROW_INT,31.16359058506,121.45386892371,6.0189,11.0325,WGS84,3.4948,4.6140,10.7188,"1793",1.000,1.000,51,45,40,40,00,00,77,37*51c24b70
#BESTPOSA,COM1,0,47.0,FINESTEERING,2436,291925.000,00000200,000e,10817;SOL_COMPUTED,NARROW_INT,31.16359842716,121.45387014912,6.0087,11.0325,WGS84,3.4948,4.6140,10.7188,"1793",1.000,1.000,51,45,39,39,00,00,77,37*66fb4c08
#BESTPOSA,COM1,0,47.0,FINESTEERING,2436,291926.000,00000200,000e,10817;SOL_COMPUTED,NARROW_INT,31.16360867553,121.45387200150,6.0166,11.0325,WGS84,3.4948,4.6140,10.7188,"1793",1.000,1.000,50,44,39,38,00,00,77,37*39a2e1bd
#BESTPOSA,COM1,0,47.5,FINESTEERING,2436,291927.000,00000200,000e,10817;SOL_COMPUTED,NARROW_INT,31.16362057901,121.45387310884,6.0223,11.0325,WGS84,3.4948,4.6140,10.7188,"1793",1.000,1.000,51,45,40,40,00,00,77,37*c53dfecf
#BESTPOSA,COM1,0,47.5,FINESTEERING,2436,291928.000,00000200,000e,10817;SOL_COMPUTED,NARROW_INT,31.16363236026,121.45387278015,6.0190,11.0325,WGS84,3.4948,4.6140,10.7188,"1793",1.000,1.000,52,46,40,39,00,00,77,37*3f4a04fe
#BESTPOSA,COM1,0,47.5,FINESTEERING,2436,291929.000,00000200,000e,10817;SOL_COMPUTED,NARROW_INT,31.16364204495,121.45387352059,6.0416,11.0325,WGS84,3.4948,4.6140,10.7188,"1793",1.000,1.000,51,45,40,39,00,00,77,37*eb0700d2
#BESTPOSA,COM1,0,48.0,FINESTEERING,2436,291930.000,00000200,000e,10817;SOL_COMPUTED,NARROW_INT,31.16365384490,121.45387379093,6.0666,11.0325,WGS84,3.4948,4.6140,10.7188,"1793",1.000,1.000,51,45,39,39,00,00,77,37*1a75f448
#BESTPOSA,COM1,0,47.0,FINESTEERING,2436,291931.000,00000200,000e,10817;SOL_COMPUTED,NARROW_INT,31.16366363452,121.45387454357,6.0780,11.0325,WGS84,3.4948,4.6140,10.7188,"1793",1.000,1.000,51,45,39,39,00,00,77,37*4bd08c97
#BESTPOSA,COM1,0,47.5,FINESTEERING,2436,291932.000,00000200,000e,10817;SOL_COMPUTED,NARROW_INT,31.16367317133,121.45387564251,6.0740,11.0325,WGS84,3.4948,4.6140,10.7188,"1793",1.000,1.000,52,46,39,40,00,00,77,37*b048b75a
#BESTPOSA,COM1,0,47.5,FINESTEERING,2436,291933.000,00000200,000e,10817;SOL_COMPUTED,NARROW_INT,31.16368216060,121.45387656124,6.0410,11.0325,WGS84,3.4948,4.6140,10.7188,"1793",1.000,1.000,51,45,39,40,00,00,77,37*7092fb32
#BESTPOSA,COM1,0,48.0,FINESTEERING,2436,291934.000,00000200,000e,10817;SOL_COMPUTED,NARROW_INT,31.16368804205,121.45387725858,6.0382,11.0325,WGS84,3.4948,4.6140,10.7188,"1793",1.000,1.000,51,45,37,38,00,00,77,37*be48f485
#BESTPOSA,COM1,0,50.5,FINESTEERING,2436,291935.000,00000200,000e,10817;SOL_COMPUTED,NARROW_INT,31.16370024476,121.45387676104,6.0099,11.0325,WGS84,3.4948,4.6140,10.7188,"1793",1.000,1.000,50,44,39,38,00,00,77,37*495abde0
#BESTPOSA,COM1,0,44.0,FINESTEERING,2436,291936.000,00000200,000e,10817;SOL_COMPUTED,NARROW_INT,31.16371070352,121.45387524530,5.9969,11.0325,WGS84,3.4948,4.6140,10.7188,"1793",1.000,1.000,50,44,38,37,00,00,77,37*2aba62e9
#BESTPOSA,COM1,0,47.5,FINESTEERING,2436,291937.000,00000200,000e,10817;SOL_COMPUTED,NARROW_INT,31.16372038297,121.45387439323,5.9741,11.0325,WGS84,3.4948,4.6140,10.7188,"1793",1.000,1.000,49,43,38,38,00,00,77,37*60282bab
#BESTPOSA,COM1,0,48.0,FINESTEERING,2436,291938.000,00000200,000e,10817;SOL_COMPUTED,NARROW_INT,31.16372964557,121.45387388730,5.9717,11.0325,WGS84,3.4948,4.6140,10.7188,"1793",2.000,2.000,49,43,38,38,00,00,77,37*41f65671
#BESTPOSA,COM1,0,55.0,FINESTEERING,2436,291939.000,00000200,000e,10817;SOL_COMPUTED,NARROW_INT,31.16374006547,121.45387492647,5.9339,11.0325,WGS84,3.4948,4.6140,10.7188,"1793",1.000,1.000,50,44,38,38,00,00,77,37*da4879c7
#BESTPOSA,COM1,0,41.0,FINESTEERING,2436,291940.000,00000200,000e,10817;SOL_COMPUTED,NARROW_INT,31.16375419818,121.45387548635,5.9568,11.0325,WGS84,3.4948,4.6140,10.7188,"1793",1.000,1.000,50,44,39,38,00,00,77,37*aeb855f7
#BESTPOSA,COM1,0,47.5,FINESTEERING,2436,291941.000,00000200,000e,10817;SOL_COMPUTED,NARROW_INT,31.16376948313,121.45387316638,5.9897,11.0325,WGS84,3.4948,4.6140,10.7188,"1793",1.000,1.000,50,44,39,39,00,00,77,37*c639696f
#BESTPOSA,COM1,0,48.0,FINESTEERING,2436,291942.000,00000200,000e,10817;SOL_COMPUTED,NARROW_INT,31.16378116199,121.45387232944,5.9541,11.0325,WGS84,3.4948,4.6140,10.7188,"1793",1.000,1.000,50,44,39,38,00,00,77,37*0cf03d3d
#BESTPOSA,COM1,0,47.5,FINESTEERING,2436,291943.000,00000200,000e,10817;SOL_COMPUTED,NARROW_INT,31.16379530253,121.45387041198,5.9038,11.0325,WGS84,3.4948,4.6140,10.7188,"1793",1.000,1.000,52,45,39,39,00,00,77,37*654144cd
#BESTPOSA,COM1,0,48.5,FINESTEERING,2436,291944.000,00000200,000e,10817;SOL_COMPUTED,NARROW_INT,31.16380560153,121.45386772278,5.8964,11.0325,WGS84,3.4948,4.6140,10.7188,"1793",1.000,1.000,53,46,39,39,00,00,77,37*bd5c2892
#BESTPOSA,COM1,0,48.5,FINESTEERING,2436,291945.000,00000200,000e,10817;SOL_COMPUTED,NARROW_INT,31.16381577304,121.45386492475,5.8463,11.0325,WGS84,3.4948,4.6140,10.7188,"1793",1.000,1.000,52,45,39,39,00,00,77,37*4f9c0934
#BESTPOSA,COM1,0,48.0,FINESTEERING,2436,291946.000,00000200,000e,10817;SOL_COMPUTED,NARROW_INT,31.16382759555,121.45386244116,5.8410,11.0325,WGS84,3.4948,4.6140,10.7188,"1793",1.000,1.000,53,46,39,38,00,00,77,37*0b772feb
#BESTPOSA,COM1,0,47.5,FINESTEERING,2436,291947.000,00000200,000e,10817;SOL_COMPUTED,NARROW_INT,31.16383806835,121.45385967262,5.8403,11.0325,WGS84,3.4948,4.6140,10.7188,"1793",1.000,1.000,53,46,40,39,00,00,77,37*f2d830f8
#BESTPOSA,COM1,0,47.5,FINESTEERING,2436,291948.000,00000200,000e,10817;SOL_COMPUTED,NARROW_INT,31.16385162414,121.45385587686,5.8208,11.0325,WGS84,3.4948,4.6140,10.7188,"1793",1.000,1.000,53,46,39,38,00,00,77,37*28ceb4fc
#BESTPOSA,COM1,0,47.5,FINESTEERING,2436,291949.000,00000200,000e,10817;SOL_COMPUTED,NARROW_INT,31.16386483570,121.45385257669,5.7771,11.0325,WGS84,3.4948,4.6140,10.7188,"1793",1.000,1.000,53,46,40,39,00,00,77,37*e09bd671
#BESTPOSA,COM1,0,48.0,FINESTEERING,2436,291950.000,00000200,000e,10817;SOL_COMPUTED,NARROW_INT,31.16387635027,121.45384756499,5.7247,11.0325,WGS84,3.4948,4.6140,10.7188,"1793",1.000,1.000,52,46,40,39,00,00,77,37*bff0f242
#BESTPOSA,COM1,0,48.5,FINESTEERING,2436,291951.000,00000200,000e,10817;SOL_COMPUTED,NARROW_INT,31.16388777691,121.45384174713,5.6325,11.0325,WGS84,3.4948,4.6140,10.7188,"1793",1.000,1.000,51,46,40,39,00,00,77,37*eea1a0a5
#BESTPOSA,COM1,0,49.0,FINESTEERING,2436,291952.000,00000200,000e,10817;SOL_COMPUTED,NARROW_INT,31.16389626166,121.45383528693,5.6361,11.0325,WGS84,3.4948,4.6140,10.7188,"1793",1.000,1.000,53,46,40,39,00,00,77,37*7b13b3e1
#BESTPOSA,COM1,0,49.0,FINESTEERING,2436,291953.000,00000200,000e,10817;SOL_COMPUTED,NARROW_INT,31.16390200686,121.45383026930,5.6229,11.0325,WGS84,3.4948,4.6140,10.7188,"1793",1.000,1.000,53,46,40,39,00,00,77,37*3d4f8865
#BESTPOSA,COM1,0,48.5,FINESTEERING,2436,291954.000,00000200,000e,10817;SOL_COMPUTED,NARROW_INT,31.16390938237,121.45382412337,5.6295,11.0325,WGS84,3.4948,4.6140,10.7188,"1793",1.000,1.000,53,46,39,38,00,00,77,37*e36d4396
#BESTPOSA,COM1,0,49.0,FINESTEERING,2436,291955.000,00000200,000e,10817;SOL_COMPUTED,NARROW_INT,31.16391818263,121.45381489404,5.6666,11.0325,WGS84,3.4948,4.6140,10.7188,"1793",1.000,1.000,53,46,39,38,00,00,77,37*599315c1
#BESTPOSA,COM1,0,48.5,FINESTEERING,2436,291956.000,00000200,000e,10817;SOL_COMPUTED,NARROW_INT,31.16392342827,121.45380593549,5.6358,11.0325,WGS84,3.4948,4.6140,10.7188,"1793",1.000,1.000,53,46,39,38,00,00,77,37*13a48b55
#BESTPOSA,COM1,0,48.5,FINESTEERING,2436,291957.000,00000200,000e,10817;SOL_COMPUTED,NARROW_INT,31.16392586709,121.45379574965,5.6082,11.0325,WGS84,3.4948,4.6140,10.7188,"1793",1.000,1.000,53,46,39,37,00,00,77,37*26d7db5e
#BESTPOSA,COM1,0,49.0,FINESTEERING,2436,291958.000,00000200,000e,10817;SOL_COMPUTED,NARROW_INT,31.16392700371,121.45378334134,5.6327,11.0325,WGS84,3.4948,4.6140,10.7188,"1793",1.000,1.000,53,46,39,37,00,00,77,37*18bae28d
#BESTPOSA,COM1,0,48.5,FINESTEERING,2436,291959.000,00000200,000e,10817;SOL_COMPUTED,NARROW_INT,31.16392397531,121.45376611440,5.7679,11.0325,WGS84,3.4948,4.6140,10.7188,"1793",1.000,1.000,53,46,38,36,00,00,77,37*1eceacf7
#BESTPOSA,COM1,0,48.5,FINESTEERING,2436,291960.000,00000200,000e,10817;SOL_COMPUTED,NARROW_INT,31.16392154221,121.45374922380,5.8030,11.0325,WGS84,3.4948,4.6140,10.7188,"1793",1.000,1.000,53,46,38,37,00,00,77,37*2dfc8cf3
#BESTPOSA,COM1,0,48.5,FINESTEERING,2436,291961.000,00200200,000e,10817;SOL_COMPUTED,NARROW_INT,31.16391998461,121.45373426156,5.7835,11.0325,WGS84,3.4948,4.6140,10.7188,"1793",1.000,1.000,51,44,38,37,00,00,77,37*c9afc328
#BESTPOSA,COM1,0,48.5,FINESTEERING,2436,291962.000,00000200,000e,10817;SOL_COMPUTED,NARROW_INT,31.16392157900,121.45371918283,5.7539,11.0325,WGS84,3.4948,4.6140,10.7188,"1793",1.000,1.000,52,45,38,37,00,00,77,37*4cebddca
#BESTPOSA,COM1,0,48.5,FINESTEERING,2436,291963.000,00000200,000e,10817;SOL_COMPUTED,NARROW_INT,31.16392276528,121.45370342477,5.7479,11.0325,WGS84,3.4948,4.6140,10.7188,"1793",1.000,1.000,52,45,39,37,00,00,77,37*cd290c06
#BESTPOSA,COM1,0,48.5,FINESTEERING,2436,291964.000,00000200,000e,10817;SOL_COMPUTED,NARROW_INT,31.16392545677,121.45368728215,5.7710,11.0325,WGS84,3.4948,4.6140,10.7188,"1793",1.000,1.000,52,45,39,37,00,00,77,37*3f255b7d
#BESTPOSA,COM1,0,48.0,FINESTEERING,2436,291965.000,00000200,000e,10817;SOL_COMPUTED,NARROW_INT,31.16392938293,121.45367351608,5.7857,11.0325,WGS84,3.4948,4.6140,10.7188,"1793",1.000,1.000,50,44,37,35,00,00,77,37*c25cf8ea
#BESTPOSA,COM1,0,48.0,FINESTEERING,2436,291966.000,00000200,000e,10817;SOL_COMPUTED,NARROW_INT,31.16393435243,121.45365702563,5.8220,11.0325,WGS84,3.4948,4.6140,10.7188,"1793",1.000,1.000,49,43,36,34,00,00,77,37*2386469e
#BESTPOSA,COM1,0,49.5,FINESTEERING,2436,291967.000,00000200,000e,10817;SOL_COMPUTED,NARROW_INT,31.16394015504,121.45364397501,5.8246,11.0325,WGS84,3.4948,4.6140,10.7188,"1793",1.000,1.000,51,44,38,35,00,00,77,37*94de9dc9
#BESTPOSA,COM1,0,48.5,FINESTEERING,2436,291968.000,00000200,000e,10817;SOL_COMPUTED,NARROW_INT,31.16394856522,121.45363031854,5.8299,11.0325,WGS84,3.4948,4.6140,10.7188,"1793",1.000,1.000,51,44,38,36,00,00,77,37*c49a746c
#BESTPOSA,COM1,0,49.0,FINESTEERING,2436,291969.000,00000200,000e,10817;SOL_COMPUTED,NARROW_INT,31.16395825100,121.45361911859,5.8250,11.0325,WGS84,3.4948,4.6140,10.7188,"1793",1.000,1.000,50,43,38,36,00,00,77,37*9bdf6cad
#BESTPOSA,COM1,0,49.0,FINESTEERING,2436,291970.000,00000200,000e,10817;SOL_COMPUTED,NARROW_INT,31.16396778166,121.45360921972,5.8525,11.0325,WGS84,3.4948,4.6140,10.7188,"1793",1.000,1.000,51,44,39,36,00,00,77,37*8d7fb576
#BESTPOSA,COM1,0,48.5,FINESTEERING,2436,291971.000,00200200,000e,10817;SOL_COMPUTED,NARROW_INT,31.16397655524,121.45360091782,5.8445,11.0325,WGS84,3.4948,4.6140,10.7188,"1793",1.000,1.000,50,43,37,35,00,00,77,37*a53884d6
#BESTPOSA,COM1,0,49.0,FINESTEERING,2436,291972.000,00000200,000e,10817;SOL_COMPUTED,NARROW_INT,31.16398683076,121.45359264297,5.8888,11.0325,WGS84,3.4948,4.6140,10.7188,"1793",1.000,1.000,50,44,37,34,00,00,77,37*543d177f
#BESTPOSA,COM1,0,49.5,FINESTEERING,2436,291973.000,00000200,000e,10817;SOL_COMPUTED,NARROW_INT,31.16399742849,121.45358498329,5.8430,11.0325,WGS84,3.4948,4.6140,10.7188,"1793",1.000,1.000,49,43,36,34,00,00,77,37*07642002
#BESTPOSA,COM1,0,50.0,FINESTEERING,2436,291974.000,00000200,000e,10817;SOL_COMPUTED,NARROW_INT,31.16400763731,121.45357986465,5.8430,11.0325,WGS84,3.4948,4.6140,10.7188,"1793",1.000,1.000,48,42,36,35,00,00,77,37*56570cdc
#BESTPOSA,COM1,0,50.5,FINESTEERING,2436,291975.000,00000200,000e,10817;SOL_COMPUTED,NARROW_INT,31.16402071294,121.45358330644,5.8134,11.0325,WGS84,3.4948,4.6140,10.7188,"1793",1.000,1.000,48,42,35,33,00,00,77,37*af50b295
#BESTPOSA,COM1,0,49.5,FINESTEERING,2436,291976.000,00000200,000e,10817;SOL_COMPUTED,NARROW_INT,31.16402047827,121.45358314849,5.8545,11.0325,WGS84,3.4948,4.6140,10.7188,"1793",1.000,1.000,47,41,36,34,00,00,77,37*94fd9d89
#BESTPOSA,COM1,0,51.0,FINESTEERING,2436,291977.000,00000200,000e,10817;SOL_COMPUTED,NARROW_INT,31.16402043933,121.45358315522,5.8566,11.0325,WGS84,3.4948,4.6140,10.7188,"1793",1.000,1.000,47,41,35,34,00,00,77,37*1deb72d0
#BESTPOSA,COM1,0,51.0,FINESTEERING,2436,291978.000,00000200,000e,10817;SOL_COMPUTED,NARROW_INT,31.16401509176,121.45357989107,5.8749,11.0325,WGS84,3.4948,4.6140,10.7188,"1793",1.000,1.000,47,41,32,31,00,00,77,37*859e6de2
#BESTPOSA,COM1,0,50.5,FINESTEERING,2436,291979.000,00000200,000e,10817;SOL_COMPUTED,NARROW_INT,31.16401535030,121.45358048006,5.8674,11.0325,WGS84,3.4948,4.6140,10.7188,"1793",1.000,1.000,47,41,33,31,00,00,77,37*710be764
#BESTPOSA,COM1,0,50.5,FINESTEERING,2436,291980.000,00000200,000e,10817;SOL_COMPUTED,NARROW_INT,31.16401941720,121.45359247002,5.8525,11.0325,WGS84,3.4948,4.6140,10.7188,"1793",1.000,1.000,47,41,34,29,00,00,77,37*72500982
#BESTPOSA,COM1,0,51.0,FINESTEERING,2436,291981.000,00000200,000e,10817;SOL_COMPUTED,NARROW_INT,31.16401663531,121.45360179021,5.8880,11.0325,WGS84,3.4948,4.6140,10.7188,"1793",1.000,1.000,46,41,33,30,00,00,77,37*3888fcbd
#BESTPOSA,COM1,0,51.5,FINESTEERING,2436,291982.000,00000200,000e,10817;SOL_COMPUTED,NARROW_INT,31.16401236843,121.45361346770,5.9216,11.0325,WGS84,3.4948,4.6140,10.7188,"1793",1.000,1.000,46,41,34,31,00,00,77,37*d7269608
#BESTPOSA,COM1,0,51.5,FINESTEERING,2436,291983.000,00000200,000e,10817;SOL_COMPUTED,NARROW_INT,31.16401274577,121.45361585678,5.9346,11.0325,WGS84,3.4948,4.6140,10.7188,"1793",1.000,1.000,46,41,34,30,00,00,77,37*3e13e7cb
#BESTPOSA,COM1,0,50.5,FINESTEERING,2436,291984.000,00000000,000e,10817;SOL_COMPUTED,NARROW_INT,31.16401268798,121.45361559455,5.8591,11.0325,WGS84,3.4948,4.6140,10.7188,"1793",1.000,1.000,46,41,34,30,00,00,77,37*fc781eee
#BESTPOSA,COM1,0,51.5,FINESTEERING,2436,291985.000,00000000,000e,10817;SOL_COMPUTED,NARROW_INT,31.16401262659,121.45361544233,5.7805,11.0325,WGS84,3.4948,4.6140,10.7188,"1793",1.000,1.000,44,39,31,25,00,00,77,37*fa4e08ad
#BESTPOSA,COM1,0,51.5,FINESTEERING,2436,291986.000,00000000,000e,10817;SOL_COMPUTED,NARROW_INT,31.16401265455,121.45361545258,5.7428,11.0325,WGS84,3.4948,4.6140,10.7188,"1793",1.000,1.000,44,39,31,25,00,00,77,37*b2e6c693
#BESTPOSA,COM1,0,51.0,FINESTEERING,2436,291987.000,00000000,000e,10817;SOL_COMPUTED,NARROW_INT,31.16401265881,121.45361549837,5.7238,11.0325,WGS84,3.4948,4.6140,10.7188,"1793",1.000,1.000,45,40,31,26,00,00,77,37*fc2eebe2
#BESTPOSA,COM1,0,56.0,FINESTEERING,2436,291988.000,00000000,000e,10817;SOL_COMPUTED,NARROW_INT,31.16401207195,121.45361839069,5.7409,11.0325,WGS84,3.4948,4.6140,10.7188,"1793",1.000,1.000,42,37,30,25,00,00,77,37*de5f5e6c
#BESTPOSA,COM1,0,49.0,FINESTEERING,2436,291989.000,00000000,000e,10817;SOL_COMPUTED,NARROW_INT,31.16401148876,121.45363020457,5.7783,11.0325,WGS84,3.4948,4.6140,10.7188,"1793",1.000,1.000,42,37,30,25,00,00,77,37*6fedb434
#BESTPOSA,COM1,0,51.0,FINESTEERING,2436,291990.000,00000000,000e,10817;SOL_COMPUTED,NARROW_INT,31.16401090933,121.45363160875,5.8015,11.0325,WGS84,3.4948,4.6140,10.7188,"1793",1.000,1.000,41,37,30,26,00,00,77,37*cd151359
#BESTPOSA,COM1,0,52.5,FINESTEERING,2436,291991.000,00000000,000e,10817;SOL_COMPUTED,NARROW_INT,31.16401113932,121.45363196392,5.8071,11.0325,WGS84,3.4948,4.6140,10.7188,"1793",1.000,2.000,42,38,31,25,00,00,77,37*03706888
#BESTPOSA,COM1,0,51.5,FINESTEERING,2436,291992.000,00000000,000e,10817;SOL_COMPUTED,NARROW_INT,31.16401116903,121.45363206000,5.7649,11.0325,WGS84,3.4948,4.6140,10.7188,"1793",1.000,1.000,41,36,30,25,00,00,77,37*9553fb3f
#BESTPOSA,COM1,0,52.0,FINESTEERING,2436,291993.000,00000000,000e,10817;SOL_COMPUTED,NARROW_INT,31.16401118926,121.45363207931,5.7898,11.0325,WGS84,3.4948,4.6140,10.7188,"1793",1.000,1.000,41,36,31,26,00,00,77,37*949d9ab4
#BESTPOSA,COM1,0,53.0,FINESTEERING,2436,291994.000,00000000,000e,10817;SOL_COMPUTED,NARROW_INT,31.16401130805,121.45363223611,5.7830,11.0325,WGS84,3.4948,4.6140,10.7188,"1793",1.000,1.000,41,36,31,26,00,00,77,37*fff5049a
#BESTPOSA,COM1,0,52.0,FINESTEERING,2436,291995.000,00000000,000e,10817;SOL_COMPUTED,NARROW_INT,31.16401135513,121.45363234214,5.7673,11.0325,WGS84,3.4948,4.6140,10.7188,"1793",1.000,1.000,41,36,31,26,00,00,77,37*1b2c12e3
#BESTPOSA,COM1,0,52.5,FINESTEERING,2436,291996.000,00000000,000e,10817;SOL_COMPUTED,NARROW_INT,31.16401137697,121.45363231476,5.7816,11.0325,WGS84,3.4948,4.6140,10.7188,"1793",1.000,1.000,41,36,31,26,00,00,77,37*6f22a446
#BESTPOSA,COM1,0,53.0,FINESTEERING,2436,291997.000,00000000,000e,10817;SOL_COMPUTED,NARROW_INT,31.16401134665,121.45363227971,5.7991,11.0325,WGS84,3.4948,4.6140,10.7188,"1793",1.000,1.000,43,38,31,26,00,00,77,37*58adc17a
#BESTPOSA,COM1,0,53.0,FINESTEERING,2436,291998.000,00000000,000e,10817;SOL_COMPUTED,NARROW_INT,31.16401141963,121.45363244654,5.7786,11.0325,WGS84,3.4948,4.6140,10.7188,"1793",1.000,1.000,42,37,31,25,00,00,77,37*1cf279df
#BESTPOSA,COM1,0,52.0,FINESTEERING,2436,291999.000,00000000,000e,10817;SOL_COMPUTED,NARROW_INT,31.16401144408,121.45363242251,5.7760,11.0325,WGS84,3.4948,4.6140,10.7188,"1793",1.000,1.000,43,38,32,26,00,00,77,37*192946c0
#BESTPOSA,COM1,0,52.5,FINESTEERING,2436,292000.000,00000000,000e,10817;SOL_COMPUTED,NARROW_INT,31.16401141468,121.45363236820,5.7800,11.0325,WGS84,3.4948,4.6140,10.7188,"1793",1.000,1.000,43,38,32,26,00,00,77,37*2e6d786a
#BESTPOSA,COM1,0,52.0,FINESTEERING,2436,292001.000,00000000,000e,10817;SOL_COMPUTED,NARROW_INT,31.16401129126,121.45363226668,5.8123,11.0325,WGS84,3.4948,4.6140,10.7188,"1793",1.000,1.000,43,38,32,27,00,00,77,37*37cd358a
#BESTPOSA,COM1,0,53.0,FINESTEERING,2436,292002.000,00000000,000e,10817;SOL_COMPUTED,NARROW_INT,31.16401139816,121.45363243522,5.7915,11.0325,WGS84,3.4948,4.6140,10.7188,"1793",1.000,1.000,42,37,31,27,00,00,77,37*beb77662