$GIGSV,1,1,02,09,27,284,43,10,53,164,40*67
$GIGSV,1,1,02,09,27,284,43,10,53,164,40*67
$GIGSV,1,1,02,09,27,284,43,10,53,164,40*67
$GIGSV,1,1,02,09,27,284,43,10,53,164,40*67
$GIGSV,1,1,02,09,27,284,43,10,53,164,40*67
$GIGSV,1,1,02,09,27,284,43,10,53,164,40*67
$GIGSV,1,1,02,09,27,284,43,10,53,164,40*67
$GIGSV,1,1,02,09,27,284,43,10,53,164,40*67
$GIGSV,1,1,02,09,27,284,43,10,53,164,40*67
$GIGSV,1,1,02,09,27,284,43,10,53,164,40*67
$GIGSV,1,1,02,09,27,284,43,10,53,164,40*67
$GIGSV,1,1,02,09,27,284,43,10,53,164,40*67
$GIGSV,1,1,02,09,27,284,43,10,53,164,40*67
$GIGSV,1,1,02,09,27,284,43,10,53,164,40*67
$GIGSV,1,1,02,09,27,284,43,10,53,164,40*67
$GIGSV,1,1,02,09,27,284,43,10,53,164,40*67
$GIGSV,1,1,02,09,27,284,43,10,53,164,40*67
$GIGSV,1,1,02,09,27,284,43,10,53,164,40*67
$GIGSV,1,1,02,09,27,284,43,10,53,164,40*67
$GIGSV,1,1,02,09,27,284,43,10,53,164,40*67
$GIGSV,1,1,02,09,27,284,43,10,53,164,40*67
$GIGSV,1,1,02,09,27,284,43,10,53,164,41*66
$GIGSV,1,1,02,09,27,284,43,10,53,164,41*66
$GIGSV,1,1,02,09,27,284,43,10,53,164,41*66
$GIGSV,1,1,02,09,27,284,43,10,53,164,41*66
$GIGSV,1,1,02,09,27,284,43,10,53,164,41*66
$GIGSV,1,1,02,09,27,284,43,10,53,164,41*66
$GIGSV,1,1,02,09,27,284,43,10,53,164,41*66
$GIGSV,1,1,02,09,27,284,43,10,53,164,41*66
$GIGSV,1,1,02,09,27,284,43,10,53,164,41*66
$GIGSV,1,1,02,09,27,284,43,10,53,164,41*66
$GIGSV,1,1,02,09,27,284,43,10,53,164,41*66
$GIGSV,1,1,02,09,27,284,43,10,53,164,41*66
$GIGSV,1,1,02,09,27,284,43,10,53,164,41*66
$GIGSV,1,1,02,09,27,284,43,10,53,164,41*66
$GIGSV,1,1,02,09,27,284,43,10,53,164,41*66
$GIGSV,1,1,02,09,27,284,43,10,53,164,41*66
$GIGSV,1,1,02,09,27,284,43,10,53,164,41*66
$GIGSV,1,1,02,09,27,284,43,10,53,164,41*66
$GIGSV,1,1,02,09,27,284,43,10,53,164,41*66
$GIGSV,1,1,02,09,27,284,43,10,53,164,41*66
$GIGSV,1,1,02,09,27,284,43,10,53,164,41*66
$GIGSV,1,1,02,09,27,284,43,10,53,164,41*66
$GIGSV,1,1,02,09,27,284,43,10,53,164,41*66
$GIGSV,1,1,02,09,27,284,43,10,53,164,41*66
$GIGSV,1,1,02,09,27,284,43,10,53,164,41*66
$GIGSV,1,1,02,09,27,284,43,10,53,164,41*66
$GIGSV,1,1,02,09,27,284,43,10,53,164,41*66
$GIGSV,1,1,02,09,27,284,43,10,53,164,41*66
$GIGSV,1,1,02,09,27,284,43,10,53,164,41*66
$GIGSV,1,1,02,09,27,284,43,10,53,164,41*66
$GIGSV,1,1,02,09,27,284,43,10,53,164,41*66
$GIGSV,1,1,02,09,27,284,43,10,53,164,41*66
$GIGSV,1,1,02,09,27,284,43,10,53,164,41*66
$GIGSV,1,1,02,09,27,284,43,10,53,164,41*66
$GIGSV,1,1,02,09,27,284,43,10,53,164,41*66
$GIGSV,1,1,02,09,27,284,43,10,53,164,41*66
$GIGSV,1,1,02,09,27,284,43,10,53,164,41*66
$GIGSV,1,1,02,09,27,284,43,10,53,164,41*66
$GIGSV,1,1,02,09,27,284,43,10,53,164,41*66
$GIGSV,1,1,02,09,27,284,43,10,53,164,41*66
$GIGSV,1,1,02,09,27,284,43,10,53,164,41*66
$GIGSV,1,1,02,09,27,284,43,10,53,164,41*66
$GIGSV,1,1,02,09,27,284,43,10,53,164,41*66
$GIGSV,1,1,02,09,27,284,43,10,53,164,41*66
$GIGSV,1,1,02,09,27,284,43,10,53,164,41*66
$GIGSV,1,1,02,09,27,284,43,10,53,164,41*66
$GIGSV,1,1,02,09,27,284,43,10,53,164,41*66
$GIGSV,1,1,02,09,27,284,43,10,53,164,41*66
$GIGSV,1,1,02,09,27,284,43,10,53,164,41*66
$GIGSV,1,1,02,09,27,284,43,10,53,164,41*66
$GIGSV,1,1,02,09,27,284,43,10,53,164,41*66
$GIGSV,1,1,02,09,27,284,43,10,53,164,41*66
$GIGSV,1,1,02,09,27,284,43,10,53,164,41*66
$GIGSV,1,1,02,09,27,284,43,10,53,164,41*66
$GIGSV,1,1,02,09,27,284,43,10,53,164,41*66
$GIGSV,1,1,02,09,27,284,43,10,53,164,41*66
$GIGSV,1,1,02,09,27,284,43,10,53,164,41*66
$GIGSV,1,1,02,09,27,284,43,10,53,164,41*66
$GIGSV,1,1,02,09,27,284,43,10,53,164,41*66
$GIGSV,1,1,02,09,27,284,43,10,53,164,41*66
$GIGSV,1,1,02,09,27,284,43,10,53,164,41*66
$GIGSV,1,1,02,09,27,284,43,10,53,164,41*66
$GIGSV,1,1,02,09,27,284,43,10,53,164,41*66
$GIGSV,1,1,02,09,27,284,43,10,53,164,41*66
$GIGSV,1,1,02,09,27,284,43,10,53,164,41*66
$GIGSV,1,1,02,09,27,284,43,10,53,164,41*66
$GIGSV,1,1,02,09,27,284,43,10,53,164,41*66
$GIGSV,1,1,02,09,27,284,43,10,53,164,41*66
$GIGSV,1,1,02,09,27,284,43,10,53,164,41*66
$GIGSV,1,1,02,09,27,284,43,10,53,164,41*66
$GIGSV,1,1,02,09,27,284,43,10,53,164,41*66
$GIGSV,1,1,02,09,27,284,44,10,53,164,41*61
$GIGSV,1,1,02,09,27,284,44,10,53,164,41*61
$GIGSV,1,1,02,09,27,284,44,10,53,164,41*61
$GIGSV,1,1,02,09,27,284,44,10,53,164,41*61
$GIGSV,1,1,02,09,27,284,44,10,53,164,41*61
$GIGSV,1,1,02,09,27,284,44,10,53,164,41*61
$GIGSV,1,1,02,09,27,284,44,10,53,164,41*61
$GIGSV,1,1,02,09,27,284,44,10,53,164,41*61
$GIGSV,1,1,02,09,27,284,44,10,53,164,41*61
$GIGSV,1,1,02,09,27,284,44,10,53,164,41*61
$GIGSV,1,1,02,09,27,284,44,10,53,164,41*61
$GIGSV,1,1,02,09,27,284,44,10,53,164,42*62
$GIGSV,1,1,02,09,27,284,44,10,53,164,42*62
$GIGSV,1,1,02,09,27,284,44,10,53,164,42*62
$GIGSV,1,1,02,09,27,284,44,10,53,164,42*62
$GIGSV,1,1,02,09,27,284,44,10,53,164,42*62
$GIGSV,1,1,02,09,27,284,43,10,53,164,42*65
$GIGSV,1,1,02,09,27,284,43,10,53,164,42*65
$GIGSV,1,1,02,09,27,284,43,10,53,164,42*65
$GIGSV,1,1,02,09,27,284,43,10,53,164,42*65
$GIGSV,1,1,02,09,27,284,43,10,53,164,42*65
$GIGSV,1,1,02,09,27,284,43,10,53,164,42*65
$GIGSV,1,1,02,09,27,284,43,10,53,164,42*65
$GIGSV,1,1,02,09,27,284,43,10,53,164,42*65
$GIGSV,1,1,02,09,27,284,44,10,53,164,42*62
$GIGSV,1,1,02,09,27,284,44,10,53,164,42*62
$GIGSV,1,1,02,09,27,284,44,10,53,164,42*62
$GIGSV,1,1,02,09,27,284,44,10,53,164,42*62
$GIGSV,1,1,02,09,27,284,44,10,53,164,42*62
$GIGSV,1,1,02,09,27,284,44,10,53,164,42*62
$GIGSV,1,1,02,09,27,284,44,10,53,164,43*63
$GIGSV,1,1,02,09,27,284,44,10,53,164,43*63
$GIGSV,1,1,02,09,27,284,44,10,53,164,43*63
$GIGSV,1,1,02,09,27,284,44,10,53,164,43*63
$GIGSV,1,1,02,09,27,284,44,10,53,164,43*63
$GIGSV,1,1,02,09,27,284,44,10,53,164,43*63
$GIGSV,1,1,02,09,27,284,44,10,53,164,43*63
$GIGSV,1,1,02,09,27,284,44,10,53,164,43*63
$GIGSV,1,1,02,09,27,284,44,10,53,164,43*63
$GIGSV,1,1,02,09,27,284,44,10,53,164,43*63
$GIGSV,1,1,02,09,27,284,44,10,53,164,43*63
$GIGSV,1,1,02,09,27,284,44,10,53,164,43*63
$GIGSV,1,1,02,09,27,284,44,10,53,164,43*63
$GIGSV,1,1,02,09,27,284,44,10,53,164,43*63
$GIGSV,1,1,02,09,27,284,44,10,53,164,43*63
$GIGSV,1,1,02,09,27,284,45,10,53,164,43*62
$GIGSV,1,1,02,09,27,284,45,10,53,164,43*62
$GIGSV,1,1,02,09,27,284,45,10,53,164,43*62
$GIGSV,1,1,02,09,27,284,45,10,53,164,43*62
$GIGSV,1,1,02,09,27,284,45,10,53,164,43*62
$GIGSV,1,1,02,09,27,284,45,10,53,164,43*62
$GIGSV,1,1,02,09,27,284,45,10,53,164,43*62
$GIGSV,1,1,02,09,27,284,45,10,53,164,43*62
$GIGSV,1,1,02,09,27,284,45,10,53,164,43*62
$GIGSV,1,1,02,09,27,284,45,10,53,164,43*62
$GIGSV,1,1,02,09,27,284,45,10,53,164,43*62
$GIGSV,1,1,02,09,27,284,45,10,53,164,43*62
$GIGSV,1,1,02,09,27,284,45,10,53,164,43*62
$GIGSV,1,1,02,09,27,284,45,10,53,164,43*62
$GIGSV,1,1,02,09,27,284,45,10,53,164,43*62
$GIGSV,1,1,02,09,27,284,45,10,53,164,43*62
$GIGSV,1,1,02,09,27,284,45,10,53,164,43*62
$GIGSV,1,1,02,09,27,284,45,10,53,164,43*62
$GIGSV,1,1,02,09,27,284,45,10,53,164,43*62
$GIGSV,1,1,02,09,27,284,45,10,53,164,43*62
$GIGSV,1,1,02,09,27,284,45,10,53,164,43*62
$GIGSV,1,1,02,09,27,284,45,10,53,164,43*62
$GIGSV,1,1,02,09,27,284,45,10,53,164,43*62
$GIGSV,1,1,02,09,27,284,45,10,53,164,43*62
$GIGSV,1,1,02,09,27,284,44,10,53,164,43*63
$GIGSV,1,1,02,09,27,284,44,10,53,164,44*64
$GIGSV,1,1,02,09,27,284,44,10,53,164,44*64
$GIGSV,1,1,02,09,27,284,44,10,53,164,44*64
$GIGSV,1,1,02,09,27,284,44,10,53,164,44*64
$GIGSV,1,1,02,09,27,284,44,10,53,164,44*64
$GIGSV,1,1,02,09,27,284,45,10,53,164,44*65
$GIGSV,1,1,02,09,27,284,45,10,53,164,44*65
$GIGSV,1,1,02,09,27,284,45,10,53,164,44*65
$GIGSV,1,1,02,09,27,284,45,10,53,164,44*65
$GIGSV,1,1,02,09,27,284,45,10,53,164,44*65
$GIGSV,1,1,02,09,27,284,45,10,53,164,44*65
$GIGSV,1,1,02,09,27,284,45,10,53,164,44*65
$GIGSV,1,1,02,09,27,284,45,10,53,164,44*65
$GIGSV,1,1,02,09,27,284,45,10,53,164,44*65
$GIGSV,1,1,02,09,27,284,45,10,53,164,44*65
$GIGSV,1,1,02,09,27,284,45,10,53,164,44*65
$GIGSV,1,1,02,09,27,284,45,10,53,164,44*65
$GIGSV,1,1,02,09,27,284,45,10,53,164,44*65
$GIGSV,1,1,02,09,27,284,45,10,53,164,44*65
$GIGSV,1,1,02,09,27,284,45,10,53,164,44*65
$GIGSV,1,1,02,09,27,284,45,10,53,164,44*65
$GIGSV,1,1,02,09,27,284,45,10,53,164,44*65
$GIGSV,1,1,02,09,27,284,45,10,53,164,44*65
$GIGSV,1,1,02,09,27,284,45,10,53,164,44*65
$GIGSV,1,1,02,09,27,284,45,10,53,164,44*65
$GIGSV,1,1,02,09,27,284,45,10,53,164,44*65
$GIGSV,1,1,02,09,27,284,45,10,53,164,44*65
$GIGSV,1,1,02,09,27,284,45,10,53,164,44*65
$GIGSV,1,1,02,09,27,284,45,10,53,164,44*65
$GIGSV,1,1,02,09,27,284,45,10,53,164,44*65
$GIGSV,1,1,02,09,27,284,45,10,53,164,44*65
$GIGSV,1,1,02,09,27,284,45,10,53,164,44*65
$GIGSV,1,1,02,09,27,284,45,10,53,164,44*65
$GIGSV,1,1,02,09,27,284,45,10,53,164,44*65
$GIGSV,1,1,02,09,27,284,45,10,53,164,44*65
$GIGSV,1,1,02,09,27,284,45,10,53,164,44*65
$GIGSV,1,1,02,09,27,284,45,10,53,164,44*65
$GIGSV,1,1,02,09,27,284,45,10,53,164,44*65
$GIGSV,1,1,02,09,27,284,45,10,53,164,44*65
$GIGSV,1,1,02,09,27,284,45,10,53,164,44*65
$GIGSV,1,1,02,09,27,284,45,10,53,164,44*65
$GIGSV,1,1,02,09,27,284,45,10,53,164,44*65
$GIGSV,1,1,02,09,27,284,45,10,53,164,44*65
$GIGSV,1,1,02,09,27,284,45,10,53,164,44*65
$GIGSV,1,1,02,09,27,284,45,10,53,164,44*65
$GIGSV,1,1,02,09,27,284,45,10,53,164,44*65
$GIGSV,1,1,02,09,27,284,45,10,53,164,44*65
$GIGSV,1,1,02,09,27,284,45,10,53,164,44*65
$GIGSV,1,1,02,09,27,284,45,10,53,164,44*65
$GIGSV,1,1,02,09,27,284,44,10,53,164,44*64
$GIGSV,1,1,02,09,27,284,44,10,53,164,44*64
$GIGSV,1,1,02,09,27,284,44,10,53,164,44*64
$GIGSV,1,1,02,09,27,284,44,10,53,164,44*64
$GIGSV,1,1,02,09,27,284,44,10,53,164,44*64
$GIGSV,1,1,02,09,27,284,44,10,53,164,44*64
$GIGSV,1,1,02,09,27,284,44,10,53,164,44*64
$GIGSV,1,1,02,09,27,284,44,10,53,164,45*65
$GIGSV,1,1,02,09,27,284,44,10,53,164,45*65
$GIGSV,1,1,02,09,27,284,44,10,53,164,45*65
$GIGSV,1,1,02,09,27,284,44,10,53,164,45*65
$GIGSV,1,1,02,09,27,284,44,10,53,164,45*65
$GIGSV,1,1,02,09,27,284,44,10,53,164,45*65
$GIGSV,1,1,02,09,27,284,44,10,53,164,45*65
$GIGSV,1,1,02,09,27,284,44,10,53,164,45*65
$GIGSV,1,1,02,09,27,284,44,10,53,164,45*65
$GIGSV,1,1,02,09,27,284,44,10,53,164,45*65
$GIGSV,1,1,02,09,27,284,44,10,53,164,45*65
$GIGSV,1,1,02,09,27,284,44,10,53,164,45*65
$GIGSV,1,1,02,09,27,284,43,10,53,164,45*62
$GIGSV,1,1,02,09,27,284,43,10,53,164,45*62
$GIGSV,1,1,02,09,27,284,43,10,53,164,45*62
$GIGSV,1,1,02,09,27,284,43,10,53,164,45*62
$GIGSV,1,1,02,09,27,284,43,10,53,164,45*62
$GIGSV,1,1,02,09,27,284,43,10,53,164,45*62
$GIGSV,1,1,02,09,27,284,43,10,53,164,45*62
$GIGSV,1,1,02,09,27,284,43,10,53,164,45*62
$GIGSV,1,1,02,09,27,284,43,10,53,164,45*62
$GIGSV,1,1,02,09,27,284,43,10,53,164,45*62
$GIGSV,1,1,02,09,27,284,43,10,53,164,45*62
$GIGSV,1,1,02,09,27,284,43,10,53,164,45*62
$GIGSV,1,1,02,09,27,284,43,10,53,164,45*62
$GIGSV,1,1,02,09,27,284,43,10,53,164,45*62
$GIGSV,1,1,02,09,27,284,43,10,53,164,45*62
$GIGSV,1,1,02,09,27,284,43,10,53,164,45*62
$GIGSV,1,1,02,09,27,284,43,10,53,164,45*62
$GIGSV,1,1,02,09,27,284,43,10,53,164,45*62
$GIGSV,1,1,02,09,27,284,43,10,53,164,45*62
$GIGSV,1,1,02,09,27,284,43,10,53,164,45*62
$GIGSV,1,1,02,09,27,284,43,10,53,164,45*62
$GIGSV,1,1,02,09,27,284,43,10,53,164,45*62
$GIGSV,1,1,02,09,27,284,43,10,53,164,45*62
$GIGSV,1,1,02,09,27,284,43,10,53,164,44*63
$GIGSV,1,1,02,09,27,284,43,10,53,164,44*63
$GIGSV,1,1,02,09,27,284,43,10,53,164,44*63
$GIGSV,1,1,02,09,27,284,43,10,53,164,44*63
$GIGSV,1,1,02,09,27,284,43,10,53,164,44*63
$GIGSV,1,1,02,09,27,284,43,10,53,164,44*63
$GIGSV,1,1,02,09,27,284,43,10,53,164,44*63
$GIGSV,1,1,02,09,27,284,43,10,53,164,44*63
$GIGSV,1,1,02,09,27,284,43,10,53,164,44*63
$GIGSV,1,1,02,09,27,284,43,10,53,164,44*63
$GIGSV,1,1,02,09,27,284,43,10,53,164,44*63
$GIGSV,1,1,02,09,27,284,43,10,53,164,44*63
$GIGSV,1,1,02,09,27,284,43,10,53,164,44*63
$GIGSV,1,1,02,09,27,284,43,10,53,164,44*63
$GIGSV,1,1,02,09,27,284,42,10,53,164,44*62
$GIGSV,1,1,02,09,27,284,42,10,53,164,44*62
$GIGSV,1,1,02,09,27,284,42,10,53,164,44*62
$GIGSV,1,1,02,09,27,284,42,10,53,164,44*62
$GIGSV,1,1,02,09,27,284,42,10,53,164,44*62
$GIGSV,1,1,02,09,27,284,42,10,53,164,44*62
$GIGSV,1,1,02,09,27,284,42,10,53,164,44*62
$GIGSV,1,1,02,09,27,284,42,10,53,164,44*62
$GIGSV,1,1,02,09,27,284,42,10,53,164,44*62
$GIGSV,1,1,02,09,27,284,42,10,53,164,44*62
$GIGSV,1,1,02,09,27,284,42,10,53,164,44*62
$GIGSV,1,1,02,09,27,284,42,10,53,164,44*62
$GIGSV,1,1,02,09,27,284,42,10,53,164,44*62
$GIGSV,1,1,02,09,27,284,42,10,53,164,44*62
$GIGSV,1,1,02,09,27,284,42,10,53,164,44*62
$GIGSV,1,1,02,09,27,284,42,10,53,164,44*62
$GIGSV,1,1,02,09,27,284,42,10,53,164,44*62
$GIGSV,1,1,02,09,27,284,42,10,53,164,44*62
$GIGSV,1,1,02,09,27,284,42,10,53,164,44*62
$GIGSV,1,1,02,09,27,284,42,10,53,164,44*62
$GIGSV,1,1,02,09,27,284,42,10,53,164,44*62
$GIGSV,1,1,02,09,27,284,42,10,53,164,44*62
$GIGSV,1,1,02,09,27,284,41,10,53,164,44*61
$GIGSV,1,1,02,09,27,284,41,10,53,164,44*61
$GIGSV,1,1,02,09,27,284,42,10,53,164,44*62
$GIGSV,1,1,02,09,27,284,42,10,53,164,44*62
$GIGSV,1,1,02,09,27,284,42,10,53,164,44*62
$GIGSV,1,1,02,09,27,284,41,10,53,164,44*61
$GIGSV,1,1,02,09,27,284,42,10,53,164,44*62
$GIGSV,1,1,02,09,27,284,42,10,53,164,44*62
$GIGSV,1,1,02,09,27,284,42,10,53,164,44*62
$GIGSV,1,1,02,09,27,284,42,10,53,164,44*62
$GIGSV,1,1,02,09,27,284,42,10,53,164,44*62
$GIGSV,1,1,02,09,27,284,42,10,53,164,44*62
$GIGSV,1,1,02,09,27,284,42,10,53,164,44*62
$GIGSV,1,1,02,09,27,284,42,10,53,164,44*62
$GIGSV,1,1,02,09,27,284,42,10,53,164,44*62
$GIGSV,1,1,02,09,27,284,42,10,53,164,44*62
$GIGSV,1,1,02,09,27,284,41,10,53,164,44*61
$GIGSV,1,1,02,09,27,284,41,10,53,164,44*61
$GIGSV,1,1,02,09,27,284,41,10,53,164,44*61
$GIGSV,1,1,02,09,27,284,41,10,53,164,44*61
$GIGSV,1,1,02,09,27,284,41,10,53,164,44*61
$GIGSV,1,1,02,09,27,284,41,10,53,164,44*61
$GIGSV,1,1,02,09,27,284,41,10,53,164,44*61
$GIGSV,1,1,02,09,27,284,41,10,53,164,44*61
$GIGSV,1,1,02,09,27,284,41,10,53,164,44*61
$GIGSV,1,1,02,09,27,284,41,10,53,164,44*61
$GIGSV,1,1,02,09,27,284,41,10,53,164,44*61
$GIGSV,1,1,02,09,27,284,41,10,53,164,45*60
$GIGSV,1,1,02,09,27,284,41,10,53,164,45*60
$GIGSV,1,1,02,09,27,284,41,10,53,164,45*60
$GIGSV,1,1,02,09,27,284,41,10,53,164,45*60
$GIGSV,1,1,02,09,27,284,41,10,53,164,45*60
$GIGSV,1,1,02,09,27,284,42,10,53,164,45*63
$GIGSV,1,1,02,09,27,284,42,10,53,164,45*63
$GIGSV,1,1,02,09,27,284,42,10,53,164,45*63
$GIGSV,1,1,02,09,27,284,41,10,53,164,45*60
$GIGSV,1,1,02,09,27,284,41,10,53,164,45*60
$GIGSV,1,1,02,09,27,284,41,10,53,164,45*60
$GIGSV,1,1,02,09,27,284,41,10,53,164,45*60
$GIGSV,1,1,02,09,27,284,41,10,53,164,45*60
$GIGSV,1,1,02,09,27,284,42,10,53,164,45*63
$GIGSV,1,1,02,09,27,284,42,10,53,164,45*63
$GIGSV,1,1,02,09,27,284,41,10,53,164,45*60
$GIGSV,1,1,02,09,27,284,41,10,53,164,45*60
$GIGSV,1,1,02,09,27,284,41,10,53,164,45*60
$GIGSV,1,1,02,09,27,284,41,10,53,164,45*60
$GIGSV,1,1,02,09,27,284,41,10,53,164,45*60
$GIGSV,1,1,02,09,27,284,41,10,53,164,45*60
$GIGSV,1,1,02,09,27,284,41,10,53,164,45*60
$GIGSV,1,1,02,09,27,284,41,10,53,164,45*60
$GIGSV,1,1,02,09,27,284,41,10,53,164,45*60
$GIGSV,1,1,02,09,27,284,41,10,53,164,45*60
$GIGSV,1,1,02,09,27,284,41,10,53,164,45*60
$GIGSV,1,1,02,09,27,284,41,10,53,164,45*60
$GIGSV,1,1,02,09,27,284,41,10,53,164,45*60
$GIGSV,1,1,02,09,27,284,41,10,53,164,45*60
$GIGSV,1,1,02,09,27,284,41,10,53,164,45*60
$GIGSV,1,1,02,09,27,284,41,10,53,164,45*60
$GIGSV,1,1,02,09,27,284,41,10,53,164,45*60
$GIGSV,1,1,02,09,27,284,41,10,53,164,45*60
$GIGSV,1,1,02,09,27,284,41,10,53,164,45*60
$GIGSV,1,1,02,09,27,284,41,10,53,164,45*60
$GIGSV,1,1,02,09,27,284,41,10,53,164,45*60
$GIGSV,1,1,02,09,27,284,41,10,53,164,45*60
$GIGSV,1,1,02,09,27,284,41,10,53,164,45*60
$GIGSV,1,1,02,09,27,284,41,10,53,164,45*60
$GIGSV,1,1,02,09,27,284,41,10,53,164,45*60
$GIGSV,1,1,02,09,27,284,41,10,53,164,45*60
$GIGSV,1,1,02,09,27,284,41,10,53,164,45*60
$GIGSV,1,1,02,09,27,284,41,10,53,164,45*60
$GIGSV,1,1,02,09,27,284,41,10,53,164,45*60
$GIGSV,1,1,02,09,27,284,41,10,53,164,45*60
$GIGSV,1,1,02,09,27,284,41,10,53,164,45*60
$GIGSV,1,1,02,09,27,284,41,10,53,164,45*60
$GIGSV,1,1,02,09,27,284,40,10,53,164,45*61
$GIGSV,1,1,02,09,27,284,40,10,53,164,45*61
$GIGSV,1,1,02,09,27,284,40,10,53,164,45*61
$GIGSV,1,1,02,09,27,284,40,10,53,164,45*61
$GIGSV,1,1,02,09,27,284,40,10,53,164,45*61
$GIGSV,1,1,02,09,27,284,40,10,53,164,45*61
$GIGSV,1,1,02,09,27,284,40,10,53,164,45*61
$GIGSV,1,1,02,09,27,284,40,10,53,164,45*61
$GIGSV,1,1,02,09,27,284,40,10,53,164,45*61
$GIGSV,1,1,02,09,27,284,40,10,53,164,45*61
$GIGSV,1,1,02,09,27,284,40,10,53,164,45*61
$GIGSV,1,1,02,09,27,284,40,10,53,164,45*61
$GIGSV,1,1,02,09,27,284,40,10,53,164,45*61
$GIGSV,1,1,02,09,27,284,40,10,53,164,45*61
$GIGSV,1,1,02,09,27,284,40,10,53,164,45*61
$GIGSV,1,1,02,09,27,284,40,10,53,164,45*61
$GIGSV,1,1,02,09,27,284,40,10,53,164,45*61
$GIGSV,1,1,02,09,27,284,40,10,53,164,44*60
$GIGSV,1,1,02,09,27,284,40,10,53,164,44*60
$GIGSV,1,1,02,09,27,284,40,10,53,164,44*60
$GIGSV,1,1,02,09,27,284,40,10,53,164,44*60
$GIGSV,1,1,02,09,27,284,40,10,53,164,44*60
$GIGSV,1,1,02,09,27,284,40,10,53,164,44*60
$GIGSV,1,1,02,09,27,284,40,10,53,164,44*60
$GIGSV,1,1,02,09,27,284,40,10,53,164,44*60
$GIGSV,1,1,02,09,27,284,40,10,53,164,44*60
$GIGSV,1,1,02,09,27,284,40,10,53,164,44*60
$GIGSV,1,1,02,09,27,284,40,10,53,164,44*60
$GIGSV,1,1,02,09,27,284,40,10,53,164,44*60
$GIGSV,1,1,02,09,27,284,40,10,53,164,44*60
$GIGSV,1,1,02,09,27,284,40,10,53,164,44*60
$GIGSV,1,1,02,09,27,284,40,10,53,164,44*60
$GIGSV,1,1,02,09,27,284,40,10,53,164,44*60
$GIGSV,1,1,02,09,27,284,40,10,53,164,44*60
$GIGSV,1,1,02,09,27,284,40,10,53,164,44*60
$GIGSV,1,1,02,09,27,284,40,10,53,164,44*60
$GIGSV,1,1,02,09,27,284,40,10,53,164,44*60
$GIGSV,1,1,02,09,27,284,40,10,53,164,44*60
$GIGSV,1,1,02,09,27,284,40,10,53,164,44*60
$GIGSV,1,1,02,09,27,284,40,10,53,164,44*60
$GIGSV,1,1,02,09,27,284,40,10,53,164,44*60
$GIGSV,1,1,02,09,27,284,40,10,53,164,44*60
$GIGSV,1,1,02,09,27,284,40,10,53,164,44*60
$GIGSV,1,1,02,09,27,284,40,10,53,164,44*60
$GIGSV,1,1,02,09,27,284,40,10,53,164,44*60
$GIGSV,1,1,02,09,27,284,40,10,53,164,44*60
$GIGSV,1,1,02,09,27,284,40,10,53,164,44*60
$GIGSV,1,1,02,09,27,284,40,10,53,164,43*67
$GIGSV,1,1,02,09,27,284,40,10,53,164,43*67
$GIGSV,1,1,02,09,27,284,40,10,53,164,43*67
$GIGSV,1,1,02,09,27,284,40,10,53,164,43*67
$GIGSV,1,1,02,09,27,284,40,10,53,164,43*67
$GIGSV,1,1,02,09,27,284,40,10,53,164,43*67
$GIGSV,1,1,02,09,27,284,40,10,53,164,43*67
$GIGSV,1,1,02,09,27,284,40,10,53,164,43*67
$GIGSV,1,1,02,09,27,284,40,10,53,164,43*67
$GIGSV,1,1,02,09,27,284,40,10,53,164,43*67
$GIGSV,1,1,02,09,27,284,40,10,53,164,43*67
$GIGSV,1,1,02,09,27,284,40,10,53,164,43*67
$GIGSV,1,1,02,09,27,284,40,10,53,164,43*67
$GIGSV,1,1,02,09,27,284,40,10,53,164,43*67
$GIGSV,1,1,02,09,27,284,40,10,53,164,43*67
$GIGSV,1,1,02,09,27,284,40,10,53,164,43*67
$GIGSV,1,1,02,09,27,284,40,10,53,164,43*67
$GIGSV,1,1,02,09,27,284,40,10,53,164,43*67
$GIGSV,1,1,02,09,27,284,40,10,53,164,43*67
$GIGSV,1,1,02,09,27,284,40,10,53,164,43*67
$GIGSV,1,1,02,09,27,284,40,10,53,164,43*67
$GIGSV,1,1,02,09,27,284,40,10,53,164,43*67
$GIGSV,1,1,02,09,27,284,40,10,53,164,42*66
$GIGSV,1,1,02,09,27,284,41,10,53,164,42*67
$GIGSV,1,1,02,09,27,284,41,10,53,164,42*67
$GIGSV,1,1,02,09,27,284,41,10,53,164,42*67
$GIGSV,1,1,02,09,27,284,41,10,53,164,42*67
$GIGSV,1,1,02,09,27,284,41,10,53,164,42*67
$GIGSV,1,1,02,09,27,284,41,10,53,164,42*67
$GIGSV,1,1,02,09,27,284,41,10,53,164,42*67
$GIGSV,1,1,02,09,27,284,41,10,53,164,42*67
$GIGSV,1,1,02,09,27,284,41,10,53,164,42*67
$GIGSV,1,1,02,09,27,284,41,10,53,164,42*67
$GIGSV,1,1,02,09,27,284,41,10,53,164,42*67
$GIGSV,1,1,02,09,27,284,41,10,53,164,42*67
$GIGSV,1,1,02,09,27,284,41,10,53,164,42*67
$GIGSV,1,1,02,09,27,284,41,10,53,164,42*67
$GIGSV,1,1,02,09,27,284,41,10,53,164,43*66
$GIGSV,1,1,02,09,27,284,41,10,53,164,43*66
$GIGSV,1,1,02,09,27,284,41,10,53,164,43*66
$GIGSV,1,1,02,09,27,284,41,10,53,164,43*66
$GIGSV,1,1,02,09,27,284,40,10,53,164,43*67
$GIGSV,1,1,02,09,27,284,40,10,53,164,43*67
$GIGSV,1,1,02,09,27,284,40,10,53,164,43*67
$GIGSV,1,1,02,09,27,284,40,10,53,164,43*67
$GIGSV,1,1,02,09,27,284,40,10,53,164,43*67
$GIGSV,1,1,02,09,27,284,40,10,53,164,43*67
$GIGSV,1,1,02,09,27,284,40,10,53,164,43*67
$GIGSV,1,1,02,09,27,284,40,10,53,164,43*67
$GIGSV,1,1,02,09,27,284,40,10,53,164,43*67
$GIGSV,1,1,02,09,27,284,40,10,53,164,43*67
$GIGSV,1,1,02,09,27,284,40,10,53,164,43*67
$GIGSV,1,1,02,09,27,284,40,10,53,164,43*67
$GIGSV,1,1,02,09,27,284,40,10,53,164,43*67
$GIGSV,1,1,02,09,27,284,40,10,53,164,43*67
$GIGSV,1,1,02,09,27,284,40,10,53,164,43*67
$GIGSV,1,1,02,09,27,284,40,10,53,164,43*67
$GIGSV,1,1,02,09,27,284,40,10,53,164,43*67
$GIGSV,1,1,02,09,27,284,40,10,53,164,43*67
$GIGSV,1,1,02,09,27,284,40,10,53,164,43*67
$GIGSV,1,1,02,09,27,284,40,10,53,164,43*67
$GIGSV,1,1,02,09,27,284,40,10,53,164,43*67
$GIGSV,1,1,02,09,27,284,40,10,53,164,43*67
$GIGSV,1,1,02,09,27,284,40,10,53,164,43*67
$GIGSV,1,1,02,09,27,284,40,10,53,164,43*67
$GIGSV,1,1,02,09,27,284,40,10,53,164,43*67
$GIGSV,1,1,02,09,27,284,40,10,53,164,42*66
$GIGSV,1,1,02,09,27,284,40,10,53,164,43*67
$GIGSV,1,1,02,09,27,284,40,10,53,164,43*67
$GIGSV,1,1,02,09,27,284,40,10,53,164,43*67
$GIGSV,1,1,02,09,27,284,40,10,53,164,43*67
$GIGSV,1,1,02,09,27,284,40,10,53,164,43*67
$GIGSV,1,1,02,09,27,284,40,10,53,164,43*67
$GIGSV,1,1,02,09,27,284,40,10,53,164,43*67
$GIGSV,1,1,02,09,27,284,40,10,53,164,43*67
$GIGSV,1,1,02,09,27,284,40,10,53,164,43*67
$GIGSV,1,1,02,09,27,284,39,10,53,164,43*69
$GIGSV,1,1,02,09,27,284,39,10,53,164,43*69
$GIGSV,1,1,02,09,27,284,39,10,53,164,43*69
$GIGSV,1,1,02,09,27,284,39,10,53,164,43*69
$GIGSV,1,1,02,09,27,284,39,10,53,164,43*69
$GIGSV,1,1,02,09,27,284,39,10,53,164,43*69
$GIGSV,1,1,02,09,27,284,39,10,53,164,43*69
$GIGSV,1,1,02,09,27,284,39,10,53,164,43*69
$GIGSV,1,1,02,09,27,284,39,10,53,164,43*69
$GIGSV,1,1,02,09,27,284,39,10,53,164,43*69
$GIGSV,1,1,02,09,27,284,39,10,53,164,43*69
$GIGSV,1,1,02,09,27,284,39,10,53,164,43*69
$GIGSV,1,1,02,09,27,284,39,10,53,164,43*69
$GIGSV,1,1,02,09,27,284,39,10,53,164,43*69
$GIGSV,1,1,02,09,27,284,39,10,53,164,43*69
$GIGSV,1,1,02,09,27,284,39,10,53,164,43*69
$GIGSV,1,1,02,09,27,284,39,10,53,164,43*69
$GIGSV,1,1,02,09,27,284,39,10,53,164,43*69
$GIGSV,1,1,02,09,27,284,39,10,53,164,43*69
$GIGSV,1,1,02,09,27,284,39,10,53,164,43*69
$GIGSV,1,1,02,09,27,284,39,10,53,164,44*6E
$GIGSV,1,1,02,09,27,284,39,10,53,164,44*6E
$GIGSV,1,1,02,09,27,284,38,10,53,164,44*6F
$GIGSV,1,1,02,09,27,284,38,10,53,164,44*6F
$GIGSV,1,1,02,09,27,284,38,10,53,164,44*6F
$GIGSV,1,1,02,09,27,284,38,10,53,164,44*6F
$GIGSV,1,1,02,09,27,284,38,10,53,164,44*6F
$GIGSV,1,1,02,09,27,284,38,10,53,164,44*6F
$GIGSV,1,1,02,09,27,284,38,10,53,164,44*6F
$GIGSV,1,1,02,09,27,284,38,10,53,164,44*6F
$GIGSV,1,1,02,09,27,284,38,10,53,164,44*6F
$GIGSV,1,1,02,09,27,284,38,10,53,164,45*6E
$GIGSV,1,1,02,09,27,284,38,10,53,164,45*6E
$GIGSV,1,1,02,09,27,284,38,10,53,164,45*6E
$GIGSV,1,1,02,09,27,284,38,10,53,164,45*6E
$GIGSV,1,1,02,09,27,284,38,10,53,164,45*6E
$GIGSV,1,1,02,09,27,284,38,10,53,164,45*6E
$GIGSV,1,1,02,09,27,284,39,10,53,164,45*6F
$GIGSV,1,1,02,09,27,284,39,10,53,164,45*6F
$GIGSV,1,1,02,09,27,284,39,10,53,164,45*6F
$GIGSV,1,1,02,09,27,284,39,10,53,164,45*6F
$GIGSV,1,1,02,09,27,284,39,10,53,164,45*6F
$GIGSV,1,1,02,09,27,284,39,10,53,164,45*6F
$GIGSV,1,1,02,09,27,284,39,10,53,164,45*6F
$GIGSV,1,1,02,09,27,284,39,10,53,164,45*6F
$GIGSV,1,1,02,09,27,284,39,10,53,164,45*6F
$GIGSV,1,1,02,09,27,284,39,10,53,164,45*6F
$GIGSV,1,1,02,09,27,284,39,10,53,164,45*6F
$GIGSV,1,1,02,09,27,284,39,10,53,164,45*6F
$GIGSV,1,1,02,09,27,284,39,10,53,164,45*6F
$GIGSV,1,1,02,09,27,284,39,10,53,164,45*6F
$GIGSV,1,1,02,09,27,284,39,10,53,164,45*6F
$GIGSV,1,1,02,09,27,284,39,10,53,164,45*6F
$GIGSV,1,1,02,09,27,284,39,10,53,164,45*6F
$GIGSV,1,1,02,09,27,284,39,10,53,164,44*6E
$GIGSV,1,1,02,09,27,284,39,10,53,164,44*6E
$GIGSV,1,1,02,09,27,284,39,10,53,164,44*6E
$GIGSV,1,1,02,09,27,284,39,10,53,164,44*6E
$GIGSV,1,1,02,09,27,284,39,10,53,164,44*6E
$GIGSV,1,1,02,09,27,284,39,10,53,164,44*6E
$GIGSV,1,1,02,09,27,284,39,10,53,164,44*6E
$GIGSV,1,1,02,09,27,284,39,10,53,164,44*6E
$GIGSV,1,1,02,09,27,284,39,10,53,164,44*6E
$GIGSV,1,1,02,09,27,284,39,10,53,164,44*6E
$GIGSV,1,1,02,09,27,284,39,10,53,164,44*6E
$GIGSV,1,1,02,09,27,284,39,10,53,164,44*6E
$GIGSV,1,1,02,09,27,284,39,10,53,164,44*6E
$GIGSV,1,1,02,09,27,284,39,10,53,164,44*6E
$GIGSV,1,1,02,09,27,284,39,10,53,164,44*6E
$GIGSV,1,1,02,09,27,284,39,10,53,164,44*6E
$GIGSV,1,1,02,09,27,284,39,10,53,164,44*6E
$GIGSV,1,1,02,09,27,284,39,10,53,164,44*6E
$GIGSV,1,1,02,09,27,284,39,10,53,164,44*6E
$GIGSV,1,1,02,09,27,284,39,10,53,164,44*6E
$GIGSV,1,1,02,09,27,284,39,10,53,164,44*6E
$GIGSV,1,1,02,09,27,284,40,10,53,164,44*60
$GIGSV,1,1,02,09,27,284,40,10,53,164,44*60
$GIGSV,1,1,02,09,27,284,39,10,53,164,44*6E
$GIGSV,1,1,02,09,27,284,39,10,53,164,44*6E
$GIGSV,1,1,02,09,27,284,39,10,53,164,44*6E
$GIGSV,1,1,02,09,27,284,39,10,53,164,44*6E
$GIGSV,1,1,02,09,27,284,39,10,53,164,44*6E
$GIGSV,1,1,02,09,27,284,39,10,53,164,44*6E
$GIGSV,1,1,02,09,27,284,40,10,53,164,44*60
$GIGSV,1,1,02,09,27,284,40,10,53,164,45*61
$GIGSV,1,1,02,09,27,284,40,10,53,164,45*61
$GIGSV,1,1,02,09,27,284,40,10,53,164,45*61
$GIGSV,1,1,02,09,27,284,40,10,53,164,45*61
$GIGSV,1,1,02,09,27,284,40,10,53,164,45*61
$GIGSV,1,1,02,09,27,284,40,10,53,164,45*61
$GIGSV,1,1,02,09,27,284,40,10,53,164,45*61
$GIGSV,1,1,02,09,27,284,40,10,53,164,45*61
$GIGSV,1,1,02,09,27,284,40,10,53,164,45*61
$GIGSV,1,1,02,09,27,284,40,10,53,164,45*61
$GIGSV,1,1,02,09,27,284,40,10,53,164,45*61
$GIGSV,1,1,02,09,27,284,40,10,53,164,45*61
$GIGSV,1,1,02,09,27,284,40,10,53,164,45*61
$GIGSV,1,1,02,09,27,284,40,10,53,164,45*61
$GIGSV,1,1,02,09,27,284,40,10,53,164,45*61
$GIGSV,1,1,02,09,27,284,40,10,53,164,45*61
$GIGSV,1,1,02,09,27,284,40,10,53,164,45*61
$GIGSV,1,1,02,09,27,284,40,10,53,164,45*61
$GIGSV,1,1,02,09,27,284,40,10,53,164,45*61
$GIGSV,1,1,02,09,27,284,40,10,53,164,45*61
$GIGSV,1,1,02,09,27,284,40,10,53,164,45*61
$GIGSV,1,1,02,09,27,284,40,10,53,164,45*61
$GIGSV,1,1,02,09,27,284,40,10,53,164,45*61
$GIGSV,1,1,02,09,27,284,40,10,53,164,45*61
$GIGSV,1,1,02,09,27,284,40,10,53,164,45*61
$GIGSV,1,1,02,09,27,284,40,10,53,164,45*61
$GIGSV,1,1,02,09,27,284,40,10,53,164,44*60
$GIGSV,1,1,02,09,27,284,40,10,53,164,44*60
$GIGSV,1,1,02,09,27,284,40,10,53,164,44*60
$GIGSV,1,1,02,09,27,284,39,10,53,164,44*6E
$GIGSV,1,1,02,09,27,284,39,10,53,164,44*6E
$GIGSV,1,1,02,09,27,284,40,10,53,164,44*60
$GIGSV,1,1,02,09,27,284,40,10,53,164,44*60
$GIGSV,1,1,02,09,27,284,40,10,53,164,44*60
$GIGSV,1,1,02,09,27,284,40,10,53,164,44*60
$GIGSV,1,1,02,09,27,284,40,10,53,164,44*60
$GIGSV,1,1,02,09,27,284,40,10,53,164,44*60
$GIGSV,1,1,02,09,27,284,40,10,53,164,44*60
$GIGSV,1,1,02,09,27,284,40,10,53,164,44*60
$GIGSV,1,1,02,09,27,284,40,10,53,164,44*60
$GIGSV,1,1,02,09,27,284,40,10,53,164,44*60
$GIGSV,1,1,02,09,27,284,40,10,53,164,44*60
$GIGSV,1,1,02,09,27,284,40,10,53,164,44*60
$GIGSV,1,1,02,09,27,284,40,10,53,164,44*60
$GIGSV,1,1,02,09,27,284,40,10,53,164,44*60
$GIGSV,1,1,02,09,27,284,40,10,53,164,44*60
$GIGSV,1,1,02,09,27,284,40,10,53,164,44*60
$GIGSV,1,1,02,09,27,284,40,10,53,164,44*60
$GIGSV,1,1,02,09,27,284,40,10,53,164,44*60
$GIGSV,1,1,02,09,27,284,40,10,53,164,44*60
$GIGSV,1,1,02,09,27,284,40,10,53,164,44*60
$GIGSV,1,1,02,09,27,284,40,10,53,164,44*60
$GIGSV,1,1,02,09,27,284,40,10,53,164,44*60
$GIGSV,1,1,02,09,27,284,40,10,53,164,44*60
$GIGSV,1,1,02,09,27,284,40,10,53,164,44*60
$GIGSV,1,1,02,09,27,284,40,10,53,164,44*60
$GIGSV,1,1,02,09,27,284,40,10,53,164,44*60
$GIGSV,1,1,02,09,27,284,40,10,53,164,44*60
$GIGSV,1,1,02,09,27,284,40,10,53,164,44*60
$GIGSV,1,1,02,09,27,284,40,10,53,164,44*60
$GIGSV,1,1,02,09,27,284,40,10,53,164,44*60
$GIGSV,1,1,02,09,27,284,40,10,53,164,44*60
$GIGSV,1,1,02,09,27,284,40,10,53,164,45*61
$GIGSV,1,1,02,09,27,284,40,10,53,164,45*61
$GIGSV,1,1,02,09,27,284,40,10,53,164,45*61
$GIGSV,1,1,02,09,27,284,40,10,53,164,45*61
$GIGSV,1,1,02,09,27,284,40,10,53,164,45*61
$GIGSV,1,1,02,09,27,284,40,10,53,164,45*61
$GIGSV,1,1,02,09,27,284,40,10,53,164,45*61
$GIGSV,1,1,02,09,27,284,40,10,53,164,45*61
$GIGSV,1,1,02,09,27,284,40,10,53,164,44*60
$GIGSV,1,1,02,09,27,284,40,10,53,164,44*60
$GIGSV,1,1,02,09,27,284,40,10,53,164,44*60
$GIGSV,1,1,02,09,27,284,40,10,53,164,44*60
$GIGSV,1,1,02,09,27,284,40,10,53,164,44*60
$GIGSV,1,1,02,09,27,284,40,10,53,164,44*60
$GIGSV,1,1,02,09,27,284,40,10,53,164,44*60
$GIGSV,1,1,02,09,27,284,39,10,53,164,44*6E
$GIGSV,1,1,02,09,27,284,39,10,53,164,44*6E
$GIGSV,1,1,02,09,27,284,39,10,53,164,44*6E
$GIGSV,1,1,02,09,27,284,39,10,53,164,44*6E
$GIGSV,1,1,02,09,27,284,39,10,53,164,44*6E
$GIGSV,1,1,02,09,27,284,39,10,53,164,44*6E
$GIGSV,1,1,02,09,27,284,39,10,53,164,44*6E
$GIGSV,1,1,02,09,27,284,40,10,53,164,44*60
$GIGSV,1,1,02,09,27,284,40,10,53,164,44*60
$GIGSV,1,1,02,09,27,284,40,10,53,164,44*60
$GIGSV,1,1,02,09,27,284,40,10,53,164,44*60
$GIGSV,1,1,02,09,27,284,40,10,53,164,44*60
$GIGSV,1,1,02,09,27,284,40,10,53,164,44*60
$GIGSV,1,1,02,09,27,284,40,10,53,164,44*60
$GIGSV,1,1,02,09,27,284,40,10,53,164,44*60
$GIGSV,1,1,02,09,27,284,40,10,53,164,44*60
$GIGSV,1,1,02,09,27,284,40,10,53,164,43*67
$GIGSV,1,1,02,09,27,284,40,10,53,164,43*67
$GIGSV,1,1,02,09,27,284,40,10,53,164,43*67
$GIGSV,1,1,02,09,27,284,40,10,53,164,43*67
$GIGSV,1,1,02,09,27,284,40,10,53,164,43*67
$GIGSV,1,1,02,09,27,284,40,10,53,164,43*67
$GIGSV,1,1,02,09,27,284,40,10,53,164,43*67
$GIGSV,1,1,02,09,27,284,40,10,53,164,43*67
$GIGSV,1,1,02,09,27,284,40,10,53,164,43*67
$GIGSV,1,1,02,09,27,284,40,10,53,164,43*67
$GIGSV,1,1,02,09,27,284,40,10,53,164,43*67
$GIGSV,1,1,02,09,27,284,40,10,53,164,44*60
$GIGSV,1,1,02,09,27,284,40,10,53,164,44*60
$GIGSV,1,1,02,09,27,284,41,10,53,164,44*61
$GIGSV,1,1,02,09,27,284,41,10,53,164,44*61
$GIGSV,1,1,02,09,27,284,41,10,53,164,44*61
$GIGSV,1,1,02,09,27,284,41,10,53,164,44*61
$GIGSV,1,1,02,09,27,284,41,10,53,164,44*61
$GIGSV,1,1,02,09,27,284,41,10,53,164,44*61
$GIGSV,1,1,02,09,27,284,41,10,53,164,44*61
$GIGSV,1,1,02,09,27,284,41,10,53,164,44*61
$GIGSV,1,1,02,09,27,284,41,10,53,164,44*61
$GIGSV,1,1,02,09,27,284,41,10,53,164,44*61
$GIGSV,1,1,02,09,27,284,41,10,53,164,44*61
$GIGSV,1,1,02,09,27,284,41,10,53,164,44*61
$GIGSV,1,1,02,09,27,284,41,10,53,164,44*61
$GIGSV,1,1,02,09,27,284,41,10,53,164,44*61
$GIGSV,1,1,02,09,27,284,41,10,53,164,44*61
$GIGSV,1,1,02,09,27,284,41,10,53,164,44*61
$GIGSV,1,1,02,09,27,284,41,10,53,164,44*61
$GIGSV,1,1,02,09,27,284,41,10,53,164,44*61
$GIGSV,1,1,02,09,27,284,41,10,53,164,44*61
$GIGSV,1,1,02,09,27,284,41,10,53,164,44*61
$GIGSV,1,1,02,09,27,284,41,10,53,164,44*61
$GIGSV,1,1,02,09,27,284,41,10,53,164,44*61
$GIGSV,1,1,02,09,27,284,41,10,53,164,43*66
$GIGSV,1,1,02,09,27,284,41,10,53,164,43*66
$GIGSV,1,1,02,09,27,284,41,10,53,164,43*66
$GIGSV,1,1,02,09,27,284,41,10,53,164,43*66
$GIGSV,1,1,02,09,27,284,41,10,53,164,43*66
$GIGSV,1,1,02,09,27,284,41,10,53,164,43*66
$GIGSV,1,1,02,09,27,284,41,10,53,164,43*66
$GIGSV,1,1,02,09,27,284,41,10,53,164,43*66
$GIGSV,1,1,02,09,27,284,41,10,53,164,43*66
$GIGSV,1,1,02,09,27,284,41,10,53,164,43*66
$GIGSV,1,1,02,09,27,284,41,10,53,164,43*66
$GIGSV,1,1,02,09,27,284,41,10,53,164,43*66
$GIGSV,1,1,02,09,27,284,41,10,53,164,43*66
$GIGSV,1,1,02,09,27,284,41,10,53,164,43*66
$GIGSV,1,1,02,09,27,284,41,10,53,164,43*66
$GIGSV,1,1,02,09,27,284,41,10,53,164,43*66
$GIGSV,1,1,02,09,27,284,41,10,53,164,43*66
$GIGSV,1,1,02,09,27,284,41,10,53,164,43*66
$GIGSV,1,1,02,09,27,284,41,10,53,164,43*66
$GIGSV,1,1,02,09,27,284,41,10,53,164,43*66
$GIGSV,1,1,02,09,27,284,41,10,53,164,43*66
$GIGSV,1,1,02,09,27,284,41,10,53,164,43*66
$GIGSV,1,1,02,09,27,284,41,10,53,164,43*66
$GIGSV,1,1,02,09,27,284,41,10,53,164,43*66
$GIGSV,1,1,02,09,27,284,41,10,53,164,43*66
$GIGSV,1,1,02,09,27,284,41,10,53,164,43*66
$GIGSV,1,1,02,09,27,284,42,10,53,164,43*65
$GIGSV,1,1,02,09,27,284,42,10,53,164,43*65
$GIGSV,1,1,02,09,27,284,42,10,53,164,43*65
$GIGSV,1,1,02,09,27,284,42,10,53,164,43*65
$GIGSV,1,1,02,09,27,284,42,10,53,164,43*65
$GIGSV,1,1,02,09,27,284,41,10,53,164,43*66
$GIGSV,1,1,02,09,27,284,41,10,53,164,43*66
$GIGSV,1,1,02,09,27,284,41,10,53,164,43*66
$GIGSV,1,1,02,09,27,284,41,10,53,164,44*61
$GIGSV,1,1,02,09,27,284,41,10,53,164,44*61
$GIGSV,1,1,02,09,27,284,41,10,53,164,44*61
$GIGSV,1,1,02,09,27,284,41,10,53,164,44*61
$GIGSV,1,1,02,09,27,284,41,10,53,164,44*61
$GIGSV,1,1,02,09,27,284,41,10,53,164,44*61
$GIGSV,1,1,02,09,27,284,41,10,53,164,44*61
$GIGSV,1,1,02,09,27,284,41,10,53,164,44*61
$GIGSV,1,1,02,09,27,284,41,10,53,164,44*61
$GIGSV,1,1,02,09,27,284,41,10,53,164,44*61
$GIGSV,1,1,02,09,27,284,41,10,53,164,44*61
$GIGSV,1,1,02,09,27,284,41,10,53,164,44*61
$GIGSV,1,1,02,09,27,284,41,10,53,164,44*61
$GIGSV,1,1,02,09,27,284,41,10,53,164,44*61
$GIGSV,1,1,02,09,27,284,41,10,53,164,44*61
$GIGSV,1,1,02,09,27,284,41,10,53,164,44*61
$GIGSV,1,1,02,09,27,284,41,10,53,164,45*60
$GIGSV,1,1,02,09,27,284,41,10,53,164,45*60
$GIGSV,1,1,02,09,27,284,41,10,53,164,45*60
$GIGSV,1,1,02,09,27,284,41,10,53,164,45*60
$GIGSV,1,1,02,09,27,284,41,10,53,164,45*60
$GIGSV,1,1,02,09,27,284,41,10,53,164,45*60
$GIGSV,1,1,02,09,27,284,41,10,53,164,45*60
$GIGSV,1,1,02,09,27,284,41,10,53,164,45*60
$GIGSV,1,1,02,09,27,284,41,10,53,164,45*60
$GIGSV,1,1,02,09,27,284,41,10,53,164,45*60
$GIGSV,1,1,02,09,27,284,41,10,53,164,45*60
$GIGSV,1,1,02,09,27,284,41,10,53,164,45*60
$GIGSV,1,1,02,09,27,284,41,10,53,164,45*60
$GIGSV,1,1,02,09,27,284,41,10,53,164,45*60
$GIGSV,1,1,02,09,27,284,41,10,53,164,45*60
$GIGSV,1,1,02,09,27,284,41,10,53,164,45*60
$GIGSV,1,1,02,09,27,284,41,10,53,164,45*60
$GIGSV,1,1,02,09,27,284,41,10,53,164,45*60
$GIGSV,1,1,02,09,27,284,41,10,53,164,45*60
$GIGSV,1,1,02,09,27,284,41,10,53,164,45*60
$GIGSV,1,1,02,09,27,284,41,10,53,164,45*60
$GIGSV,1,1,02,09,27,284,40,10,53,164,45*61
$GIGSV,1,1,02,09,27,284,40,10,53,164,45*61
$GIGSV,1,1,02,09,27,284,40,10,53,164,45*61
$GIGSV,1,1,02,09,27,284,40,10,53,164,45*61
$GIGSV,1,1,02,09,27,284,40,10,53,164,45*61
$GIGSV,1,1,02,09,27,284,40,10,53,164,45*61
$GIGSV,1,1,02,09,27,284,40,10,53,164,45*61
$GIGSV,1,1,02,09,27,284,40,10,53,164,45*61
$GIGSV,1,1,02,09,27,284,40,10,53,164,45*61
$GIGSV,1,1,02,09,27,284,40,10,53,164,45*61
$GIGSV,1,1,02,09,27,284,40,10,53,164,45*61
$GIGSV,1,1,02,09,27,284,40,10,53,164,45*61
$GIGSV,1,1,02,09,27,284,40,10,53,164,45*61
$GIGSV,1,1,02,09,27,284,40,10,53,164,45*61
$GIGSV,1,1,02,09,27,284,40,10,53,164,45*61
$GIGSV,1,1,02,09,27,284,40,10,53,164,45*61
$GIGSV,1,1,02,09,27,284,40,10,53,164,45*61
$GIGSV,1,1,02,09,27,284,40,10,53,164,45*61
$GIGSV,1,1,02,09,27,284,40,10,53,164,45*61
$GIGSV,1,1,02,09,27,284,40,10,53,164,45*61
$GIGSV,1,1,02,09,27,284,40,10,53,164,45*61
$GIGSV,1,1,02,09,27,284,40,10,53,164,45*61
$GIGSV,1,1,02,09,27,284,40,10,53,164,45*61
$GIGSV,1,1,02,09,27,284,40,10,53,164,45*61
$GIGSV,1,1,02,09,27,284,40,10,53,164,45*61
$GIGSV,1,1,02,09,27,284,40,10,53,164,45*61
$GIGSV,1,1,02,09,27,284,40,10,53,164,45*61
$GIGSV,1,1,02,09,27,284,40,10,53,164,45*61
$GIGSV,1,1,02,09,27,284,40,10,53,164,45*61
$GIGSV,1,1,02,09,27,284,40,10,53,164,45*61
$GIGSV,1,1,02,09,27,284,40,10,53,164,45*61
$GIGSV,1,1,02,09,27,284,40,10,53,164,45*61
$GIGSV,1,1,02,09,27,284,40,10,53,164,45*61
$GIGSV,1,1,02,09,27,284,40,10,53,164,45*61
$GIGSV,1,1,02,09,27,284,40,10,53,164,45*61
$GIGSV,1,1,02,09,27,284,39,10,53,164,45*6F
$GIGSV,1,1,02,09,27,284,39,10,53,164,45*6F
$GIGSV,1,1,02,09,27,284,39,10,53,164,45*6F
$GIGSV,1,1,02,09,27,284,39,10,53,164,45*6F
$GIGSV,1,1,02,09,27,284,39,10,53,164,45*6F
$GIGSV,1,1,02,09,27,284,39,10,53,164,45*6F
$GIGSV,1,1,02,09,27,284,39,10,53,164,45*6F
$GIGSV,1,1,02,09,27,284,39,10,53,164,45*6F
$GIGSV,1,1,02,09,27,284,39,10,53,164,45*6F
$GIGSV,1,1,02,09,27,284,39,10,53,164,45*6F
$GIGSV,1,1,02,09,27,284,39,10,53,164,45*6F
$GIGSV,1,1,02,09,27,284,39,10,53,164,45*6F
$GIGSV,1,1,02,09,27,284,39,10,53,164,45*6F
$GIGSV,1,1,02,09,27,284,39,10,53,164,45*6F
$GIGSV,1,1,02,09,27,284,39,10,53,164,45*6F
$GIGSV,1,1,02,09,27,284,39,10,53,164,45*6F
$GIGSV,1,1,02,09,27,284,39,10,53,164,45*6F
$GIGSV,1,1,02,09,27,284,39,10,53,164,45*6F
$GIGSV,1,1,02,09,27,284,39,10,53,164,45*6F
$GIGSV,1,1,02,09,27,284,39,10,53,164,45*6F
$GIGSV,1,1,02,09,27,284,39,10,53,164,45*6F
$GIGSV,1,1,02,09,27,284,39,10,53,164,45*6F
$GIGSV,1,1,02,09,27,284,39,10,53,164,45*6F
$GIGSV,1,1,02,09,27,284,39,10,53,164,45*6F
$GIGSV,1,1,02,09,27,284,39,10,53,164,45*6F
$GIGSV,1,1,02,09,27,284,39,10,53,164,45*6F
$GIGSV,1,1,02,09,27,284,39,10,53,164,45*6F
$GIGSV,1,1,02,09,27,284,39,10,53,164,45*6F
$GIGSV,1,1,02,09,27,284,39,10,53,164,45*6F
$GIGSV,1,1,02,09,27,284,39,10,53,164,45*6F
$GIGSV,1,1,02,09,27,284,39,10,53,164,45*6F
$GIGSV,1,1,02,09,27,284,39,10,53,164,45*6F
$GIGSV,1,1,02,09,27,284,39,10,53,164,45*6F
$GIGSV,1,1,02,09,27,284,39,10,53,164,45*6F
$GIGSV,1,1,02,09,27,284,39,10,53,164,45*6F
$GIGSV,1,1,02,09,27,284,39,10,53,164,45*6F
$GIGSV,1,1,02,09,27,284,39,10,53,164,45*6F
$GIGSV,1,1,02,09,27,284,39,10,53,164,45*6F
$GIGSV,1,1,02,09,27,284,39,10,53,164,45*6F
$GIGSV,1,1,02,09,27,284,39,10,53,164,45*6F
$GIGSV,1,1,02,09,27,284,39,10,53,164,44*6E
$GIGSV,1,1,02,09,27,284,39,10,53,164,44*6E
$GIGSV,1,1,02,09,27,284,39,10,53,164,44*6E
$GIGSV,1,1,02,09,27,284,39,10,53,164,44*6E
$GIGSV,1,1,02,09,27,284,39,10,53,164,44*6E
$GIGSV,1,1,02,09,27,284,39,10,53,164,44*6E
$GIGSV,1,1,02,09,27,284,39,10,53,164,45*6F
$GIGSV,1,1,02,09,27,284,39,10,53,164,45*6F
$GIGSV,1,1,02,09,27,284,39,10,53,164,45*6F
$GIGSV,1,1,02,09,27,284,39,10,53,164,45*6F
$GIGSV,1,1,02,09,27,284,39,10,53,164,45*6F
$GIGSV,1,1,02,09,27,284,39,10,53,164,45*6F
$GIGSV,1,1,02,09,27,284,39,10,53,164,45*6F
$GIGSV,1,1,02,09,27,284,40,10,53,164,45*61
$GIGSV,1,1,02,09,27,284,40,10,53,164,45*61
$GIGSV,1,1,02,09,27,284,40,10,53,164,45*61
$GIGSV,1,1,02,09,27,284,40,10,53,164,45*61
$GIGSV,1,1,02,09,27,284,40,10,53,164,45*61
$GIGSV,1,1,02,09,27,284,40,10,53,164,45*61
$GIGSV,1,1,02,09,27,284,40,10,53,164,45*61
$GIGSV,1,1,02,09,27,284,40,10,53,164,45*61
$GIGSV,1,1,02,09,27,284,40,10,53,164,45*61
$GIGSV,1,1,02,09,27,284,40,10,53,164,45*61
$GIGSV,1,1,02,09,27,284,40,10,53,164,45*61
$GIGSV,1,1,02,09,27,284,41,10,53,164,45*60
$GIGSV,1,1,02,09,27,284,41,10,53,164,45*60
$GIGSV,1,1,02,09,27,284,41,10,53,164,45*60
$GIGSV,1,1,02,09,27,284,41,10,53,164,45*60
$GIGSV,1,1,02,09,27,284,41,10,53,164,45*60
$GIGSV,1,1,02,09,27,284,41,10,53,164,45*60
$GIGSV,1,1,02,09,27,284,41,10,53,164,45*60
$GIGSV,1,1,02,09,27,284,41,10,53,164,45*60
$GIGSV,1,1,02,09,27,284,41,10,53,164,45*60
$GIGSV,1,1,02,09,27,284,41,10,53,164,45*60
$GIGSV,1,1,02,09,27,284,41,10,53,164,45*60
$GIGSV,1,1,02,09,27,284,41,10,53,164,45*60
$GIGSV,1,1,02,09,27,284,41,10,53,164,45*60
$GIGSV,1,1,02,09,27,284,41,10,53,164,45*60
$GIGSV,1,1,02,09,27,284,41,10,53,164,45*60
$GIGSV,1,1,02,09,27,284,41,10,53,164,45*60
$GIGSV,1,1,02,09,27,284,41,10,53,164,45*60
$GIGSV,1,1,02,09,27,284,41,10,53,164,45*60
$GIGSV,1,1,02,09,27,284,41,10,53,164,45*60
$GIGSV,1,1,02,09,27,284,41,10,53,164,45*60
$GIGSV,1,1,02,09,27,284,41,10,53,164,45*60
$GIGSV,1,1,02,09,27,284,41,10,53,164,45*60
$GIGSV,1,1,02,09,27,284,41,10,53,164,45*60
$GIGSV,1,1,02,09,27,284,41,10,53,164,45*60
$GIGSV,1,1,02,09,27,284,41,10,53,164,45*60
$GIGSV,1,1,02,09,27,284,41,10,53,164,44*61
$GIGSV,1,1,02,09,27,284,41,10,53,164,44*61
$GIGSV,1,1,02,09,27,284,41,10,53,164,44*61
$GIGSV,1,1,02,09,27,284,41,10,53,164,44*61
$GIGSV,1,1,02,09,27,284,41,10,53,164,44*61
$GIGSV,1,1,02,09,27,284,41,10,53,164,44*61
$GIGSV,1,1,02,09,27,284,41,10,53,164,44*61
$GIGSV,1,1,02,09,27,284,41,10,53,164,44*61
$GIGSV,1,1,02,09,27,284,41,10,53,164,44*61
$GIGSV,1,1,02,09,27,284,41,10,53,164,44*61
$GIGSV,1,1,02,09,27,284,41,10,53,164,44*61
$GIGSV,1,1,02,09,27,284,41,10,53,164,44*61
$GIGSV,1,1,02,09,27,284,41,10,53,164,44*61
$GIGSV,1,1,02,09,27,284,41,10,53,164,44*61
$GIGSV,1,1,02,09,27,284,41,10,53,164,44*61
$GIGSV,1,1,02,09,27,284,40,10,53,164,44*60
$GIGSV,1,1,02,09,27,284,40,10,53,164,44*60
$GIGSV,1,1,02,09,27,284,40,10,53,164,44*60
$GIGSV,1,1,02,09,27,284,40,10,53,164,44*60
$GIGSV,1,1,02,09,27,284,40,10,53,164,44*60
$GIGSV,1,1,02,09,27,284,41,10,53,164,44*61
$GIGSV,1,1,02,09,27,284,41,10,53,164,44*61
$GIGSV,1,1,02,09,27,284,41,10,53,164,44*61
$GIGSV,1,1,02,09,27,284,41,10,53,164,44*61
$GIGSV,1,1,02,09,27,284,41,10,53,164,44*61
$GIGSV,1,1,02,09,27,284,41,10,53,164,44*61
$GIGSV,1,1,02,09,27,284,41,10,53,164,44*61
$GIGSV,1,1,02,09,27,284,41,10,53,164,44*61
$GIGSV,1,1,02,09,27,284,40,10,53,164,44*60
$GIGSV,1,1,02,09,27,284,40,10,53,164,44*60
$GIGSV,1,1,02,09,27,284,40,10,53,164,44*60
$GIGSV,1,1,02,09,27,284,40,10,53,164,44*60
$GIGSV,1,1,02,09,27,284,40,10,53,164,44*60
$GIGSV,1,1,02,09,27,284,40,10,53,164,44*60
$GIGSV,1,1,02,09,27,284,40,10,53,164,44*60
$GIGSV,1,1,02,09,27,284,40,10,53,164,44*60
$GIGSV,1,1,02,09,27,284,40,10,53,164,44*60
$GIGSV,1,1,02,09,27,284,40,10,53,164,44*60
$GIGSV,1,1,02,09,27,284,40,10,53,164,44*60
$GIGSV,1,1,02,09,27,284,40,10,53,164,44*60
$GIGSV,1,1,02,09,27,284,40,10,53,164,44*60
$GIGSV,1,1,02,09,27,284,40,10,53,164,44*60
$GIGSV,1,1,02,09,27,284,40,10,53,164,44*60
$GIGSV,1,1,02,09,27,284,40,10,53,164,44*60
$GIGSV,1,1,02,09,27,284,40,10,53,164,44*60
$GIGSV,1,1,02,09,27,284,40,10,53,164,44*60
$GIGSV,1,1,02,09,27,284,40,10,53,164,44*60
$GIGSV,1,1,02,09,27,284,40,10,53,164,44*60
$GIGSV,1,1,02,09,27,284,40,10,53,164,44*60
$GIGSV,1,1,02,09,27,284,40,10,53,164,44*60
$GIGSV,1,1,02,09,27,284,40,10,53,164,44*60
$GIGSV,1,1,02,09,27,284,40,10,53,164,44*60
$GIGSV,1,1,02,09,27,284,40,10,53,164,44*60
$GIGSV,1,1,02,09,27,284,40,10,53,164,44*60
$GIGSV,1,1,02,09,27,284,40,10,53,164,44*60
$GIGSV,1,1,02,09,27,284,40,10,53,164,44*60
$GIGSV,1,1,02,09,27,284,40,10,53,164,44*60
$GIGSV,1,1,02,09,27,284,40,10,53,164,44*60
$GIGSV,1,1,02,09,27,284,40,10,53,164,44*60
$GIGSV,1,1,02,09,27,284,40,10,53,164,44*60
$GIGSV,1,1,02,09,27,284,40,10,53,164,44*60
$GIGSV,1,1,02,09,27,284,40,10,53,164,44*60
$GIGSV,1,1,02,09,27,284,40,10,53,164,44*60
$GIGSV,1,1,02,09,27,284,40,10,53,164,44*60
$GIGSV,1,1,02,09,27,284,40,10,53,164,44*60
$GIGSV,1,1,02,09,27,284,40,10,53,164,44*60
$GIGSV,1,1,02,09,27,284,40,10,53,164,44*60
$GIGSV,1,1,02,09,27,284,40,10,53,164,44*60
$GIGSV,1,1,02,09,27,284,40,10,53,164,44*60
$GIGSV,1,1,02,09,27,284,40,10,53,164,44*60
$GIGSV,1,1,02,09,27,284,40,10,53,164,44*60
$GIGSV,1,1,02,09,27,284,40,10,53,164,44*60
$GIGSV,1,1,02,09,27,284,40,10,53,164,44*60
$GIGSV,1,1,02,09,27,284,40,10,53,164,44*60
$GIGSV,1,1,02,09,27,284,40,10,53,164,44*60
$GIGSV,1,1,02,09,27,284,40,10,53,164,44*60
$GIGSV,1,1,02,09,27,284,39,10,53,164,44*6E
$GIGSV,1,1,02,09,27,284,39,10,53,164,44*6E
$GIGSV,1,1,02,09,27,284,39,10,53,164,44*6E
$GIGSV,1,1,02,09,27,284,40,10,53,164,44*60
$GIGSV,1,1,02,09,27,284,40,10,53,164,44*60
$GIGSV,1,1,02,09,27,284,40,10,53,164,44*60
$GIGSV,1,1,02,09,27,284,40,10,53,164,44*60
$GIGSV,1,1,02,09,27,284,40,10,53,164,44*60
$GIGSV,1,1,02,09,27,284,40,10,53,164,44*60
$GIGSV,1,1,02,09,27,284,40,10,53,164,44*60
$GIGSV,1,1,02,09,27,284,39,10,53,164,44*6E
$GIGSV,1,1,02,09,27,284,39,10,53,164,45*6F
$GIGSV,1,1,02,09,27,284,39,10,53,164,45*6F
$GIGSV,1,1,02,09,27,284,39,10,53,164,45*6F
$GIGSV,1,1,02,09,27,284,39,10,53,164,45*6F
$GIGSV,1,1,02,09,27,284,39,10,53,164,45*6F
$GIGSV,1,1,02,09,27,284,39,10,53,164,45*6F
$GIGSV,1,1,02,09,27,284,39,10,53,164,45*6F
$GIGSV,1,1,02,09,27,284,39,10,53,164,45*6F
$GIGSV,1,1,02,09,27,284,39,10,53,164,45*6F
$GIGSV,1,1,02,09,27,284,39,10,53,164,45*6F
$GIGSV,1,1,02,09,27,284,39,10,53,164,45*6F
$GIGSV,1,1,02,09,27,284,39,10,53,164,45*6F
$GIGSV,1,1,02,09,27,284,39,10,53,164,45*6F
$GIGSV,1,1,02,09,27,284,39,10,53,164,45*6F
$GIGSV,1,1,02,09,27,284,39,10,53,164,45*6F
$GIGSV,1,1,02,09,27,284,39,10,53,164,45*6F
$GIGSV,1,1,02,09,27,284,39,10,53,164,45*6F
$GIGSV,1,1,02,09,27,284,39,10,53,164,45*6F
$GIGSV,1,1,02,09,27,284,39,10,53,164,45*6F
$GIGSV,1,1,02,09,27,284,40,10,53,164,45*61
$GIGSV,1,1,02,09,27,284,40,10,53,164,45*61
$GIGSV,1,1,02,09,27,284,40,10,53,164,45*61
$GIGSV,1,1,02,09,27,284,40,10,53,164,46*62
$GIGSV,1,1,02,09,27,284,40,10,53,164,46*62
$GIGSV,1,1,02,09,27,284,40,10,53,164,46*62
$GIGSV,1,1,02,09,27,284,40,10,53,164,46*62
$GIGSV,1,1,02,09,27,284,40,10,53,164,46*62
$GIGSV,1,1,02,09,27,284,40,10,53,164,46*62
$GIGSV,1,1,02,09,27,284,40,10,53,164,46*62
$GIGSV,1,1,02,09,27,284,40,10,53,164,46*62
$GIGSV,1,1,02,09,27,284,40,10,53,164,46*62
$GIGSV,1,1,02,09,27,284,40,10,53,164,46*62
$GIGSV,1,1,02,09,27,284,40,10,53,164,46*62
$GIGSV,1,1,02,09,27,284,40,10,53,164,46*62
$GIGSV,1,1,02,09,27,284,40,10,53,164,46*62
$GIGSV,1,1,02,09,27,284,40,10,53,164,46*62
$GIGSV,1,1,02,09,27,284,40,10,53,164,46*62
$GIGSV,1,1,02,09,27,284,40,10,53,164,46*62
$GIGSV,1,1,02,09,27,284,40,10,53,164,46*62
$GIGSV,1,1,02,09,27,284,40,10,53,164,46*62
$GIGSV,1,1,02,09,27,284,40,10,53,164,46*62
$GIGSV,1,1,02,09,27,284,40,10,53,164,46*62
$GIGSV,1,1,02,09,27,284,40,10,53,164,46*62
$GIGSV,1,1,02,09,27,284,40,10,53,164,46*62
$GIGSV,1,1,02,09,27,284,40,10,53,164,46*62
$GIGSV,1,1,02,09,27,284,40,10,53,164,46*62
$GIGSV,1,1,02,09,27,284,40,10,53,164,46*62
$GIGSV,1,1,02,09,27,284,40,10,53,164,46*62
$GIGSV,1,1,02,09,27,284,40,10,53,164,46*62
$GIGSV,1,1,02,09,27,284,40,10,53,164,46*62
$GIGSV,1,1,02,09,27,284,40,10,53,164,46*62
$GIGSV,1,1,02,09,27,284,40,10,53,164,46*62
$GIGSV,1,1,02,09,27,284,40,10,53,164,46*62
$GIGSV,1,1,02,09,27,284,40,10,53,164,46*62
$GIGSV,1,1,02,09,27,284,40,10,53,164,46*62
$GIGSV,1,1,02,09,27,284,40,10,53,164,46*62
$GIGSV,1,1,02,09,27,284,40,10,53,164,46*62
$GIGSV,1,1,02,09,27,284,40,10,53,164,46*62
$GIGSV,1,1,02,09,27,284,40,10,53,164,46*62
$GIGSV,1,1,02,09,27,284,40,10,53,164,46*62
$GIGSV,1,1,02,09,27,284,40,10,53,164,46*62
$GIGSV,1,1,02,09,27,284,40,10,53,164,46*62
$GIGSV,1,1,02,09,27,284,40,10,53,164,46*62
$GIGSV,1,1,02,09,27,284,40,10,53,164,46*62
$GIGSV,1,1,02,09,27,284,39,10,53,164,46*6C
$GIGSV,1,1,02,09,27,284,39,10,53,164,46*6C
$GIGSV,1,1,02,09,27,284,39,10,53,164,46*6C
$GIGSV,1,1,02,09,27,284,39,10,53,164,46*6C
$GIGSV,1,1,02,09,27,284,39,10,53,164,46*6C
$GIGSV,1,1,02,09,27,284,39,10,53,164,46*6C
$GIGSV,1,1,02,09,27,284,39,10,53,164,46*6C
$GIGSV,1,1,02,09,27,284,39,10,53,164,46*6C
$GIGSV,1,1,02,09,27,284,39,10,53,164,46*6C
$GIGSV,1,1,02,09,27,284,39,10,53,164,46*6C
$GIGSV,1,1,02,09,27,284,39,10,53,164,46*6C
$GIGSV,1,1,02,09,27,284,39,10,53,164,46*6C
$GIGSV,1,1,02,09,27,284,39,10,53,164,46*6C
$GIGSV,1,1,02,09,27,284,39,10,53,164,46*6C
$GIGSV,1,1,02,09,27,284,39,10,53,164,46*6C
$GIGSV,1,1,02,09,27,284,39,10,53,164,46*6C
$GIGSV,1,1,02,09,27,284,39,10,53,164,46*6C
$GIGSV,1,1,02,09,27,284,39,10,53,164,46*6C
$GIGSV,1,1,02,09,27,284,39,10,53,164,46*6C
$GIGSV,1,1,02,09,27,284,39,10,53,164,46*6C
$GIGSV,1,1,02,09,27,284,39,10,53,164,46*6C
$GIGSV,1,1,02,09,27,284,39,10,53,164,46*6C
$GIGSV,1,1,02,09,27,284,39,10,53,164,46*6C
$GIGSV,1,1,02,09,27,284,40,10,53,164,46*62
$GIGSV,1,1,02,09,27,284,40,10,53,164,46*62
$GIGSV,1,1,02,09,27,284,40,10,53,164,46*62
$GIGSV,1,1,02,09,27,284,39,10,53,164,46*6C
$GIGSV,1,1,02,09,27,284,40,10,53,164,46*62
$GIGSV,1,1,02,09,27,284,40,10,53,164,46*62
$GIGSV,1,1,02,09,27,284,40,10,53,164,46*62
$GIGSV,1,1,02,09,27,284,40,10,53,164,46*62
$GIGSV,1,1,02,09,27,284,40,10,53,164,46*62
$GIGSV,1,1,02,09,27,284,40,10,53,164,46*62
$GIGSV,1,1,02,09,27,284,40,10,53,164,46*62
$GIGSV,1,1,02,09,27,284,40,10,53,164,46*62
$GIGSV,1,1,02,09,27,284,40,10,53,164,46*62
$GIGSV,1,1,02,09,27,284,40,10,53,164,46*62
$GIGSV,1,1,02,09,27,284,40,10,53,164,46*62
$GIGSV,1,1,02,09,27,284,40,10,53,164,47*63
$GIGSV,1,1,02,09,27,284,40,10,53,164,47*63
$GIGSV,1,1,02,09,27,284,40,10,53,164,47*63
$GIGSV,1,1,02,09,27,284,40,10,53,164,47*63
$GIGSV,1,1,02,09,27,284,40,10,53,164,47*63
$GIGSV,1,1,02,09,27,284,40,10,53,164,47*63
$GIGSV,1,1,02,09,27,284,40,10,53,164,47*63
$GIGSV,1,1,02,09,27,284,39,10,53,164,47*6D
$GIGSV,1,1,02,09,27,284,39,10,53,164,47*6D
$GIGSV,1,1,02,09,27,284,39,10,53,164,47*6D
$GIGSV,1,1,02,09,27,284,39,10,53,164,47*6D
$GIGSV,1,1,02,09,27,284,39,10,53,164,46*6C
$GIGSV,1,1,02,09,27,284,39,10,53,164,46*6C
$GIGSV,1,1,02,09,27,284,39,10,53,164,46*6C
$GIGSV,1,1,02,09,27,284,39,10,53,164,46*6C
$GIGSV,1,1,02,09,27,284,39,10,53,164,46*6C
$GIGSV,1,1,02,09,27,284,39,10,53,164,46*6C
$GIGSV,1,1,02,09,27,284,39,10,53,164,46*6C
$GIGSV,1,1,02,09,27,284,39,10,53,164,46*6C
$GIGSV,1,1,02,09,27,284,39,10,53,164,46*6C
$GIGSV,1,1,02,09,27,284,39,10,53,164,46*6C
$GIGSV,1,1,02,09,27,284,39,10,53,164,46*6C
$GIGSV,1,1,02,09,27,284,39,10,53,164,47*6D
$GIGSV,1,1,02,09,27,284,39,10,53,164,47*6D
$GIGSV,1,1,02,09,27,284,39,10,53,164,47*6D
$GIGSV,1,1,02,09,27,284,38,10,53,164,47*6C
$GIGSV,1,1,02,09,27,284,38,10,53,164,46*6D
$GIGSV,1,1,02,09,27,284,38,10,53,164,46*6D
$GIGSV,1,1,02,09,27,284,38,10,53,164,46*6D
$GIGSV,1,1,02,09,27,284,38,10,53,164,46*6D
$GIGSV,1,1,02,09,27,284,38,10,53,164,46*6D
$GIGSV,1,1,02,09,27,284,39,10,53,164,46*6C
$GIGSV,1,1,02,09,27,284,39,10,53,164,46*6C
$GIGSV,1,1,02,09,27,284,39,10,53,164,46*6C
$GIGSV,1,1,02,09,27,284,39,10,53,164,46*6C
$GIGSV,1,1,02,09,27,284,39,10,53,164,46*6C
$GIGSV,1,1,02,09,27,284,38,10,53,164,46*6D
$GIGSV,1,1,02,09,27,284,38,10,53,164,46*6D
$GIGSV,1,1,02,09,27,284,38,10,53,164,46*6D
$GIGSV,1,1,02,09,27,284,38,10,53,164,46*6D
$GIGSV,1,1,02,09,27,284,38,10,53,164,46*6D
$GIGSV,1,1,02,09,27,284,38,10,53,164,46*6D
$GIGSV,1,1,02,09,27,284,38,10,53,164,46*6D
$GIGSV,1,1,02,09,27,284,38,10,53,164,46*6D
$GIGSV,1,1,02,09,27,284,39,10,53,164,46*6C
$GIGSV,1,1,02,09,27,284,39,10,53,164,47*6D
$GIGSV,1,1,02,09,27,284,39,10,53,164,47*6D
$GIGSV,1,1,02,09,27,284,39,10,53,164,47*6D
$GIGSV,1,1,02,09,27,284,39,10,53,164,47*6D
$GIGSV,1,1,02,09,27,284,38,10,53,164,47*6C
$GIGSV,1,1,02,09,27,284,38,10,53,164,47*6C
$GIGSV,1,1,02,09,27,284,38,10,53,164,47*6C
$GIGSV,1,1,02,09,27,284,39,10,53,164,47*6D
$GIGSV,1,1,02,09,27,284,39,10,53,164,47*6D
$GIGSV,1,1,02,09,27,284,39,10,53,164,47*6D
$GIGSV,1,1,02,09,27,284,38,10,53,164,47*6C
$GIGSV,1,1,02,09,27,284,38,10,53,164,47*6C
$GIGSV,1,1,02,09,27,284,38,10,53,164,47*6C
$GIGSV,1,1,02,09,27,284,39,10,53,164,47*6D
$GIGSV,1,1,02,09,27,284,39,10,53,164,47*6D
$GIGSV,1,1,02,09,27,284,39,10,53,164,47*6D
$GIGSV,1,1,02,09,27,284,39,10,53,164,47*6D
$GIGSV,1,1,02,09,27,284,39,10,53,164,47*6D
$GIGSV,1,1,02,09,27,284,39,10,53,164,47*6D
$GIGSV,1,1,02,09,27,284,39,10,53,164,47*6D
$GIGSV,1,1,02,09,27,284,39,10,53,164,47*6D
$GIGSV,1,1,02,09,27,284,39,10,53,164,47*6D
$GIGSV,1,1,02,09,27,284,39,10,53,164,46*6C
$GIGSV,1,1,02,09,27,284,39,10,53,164,46*6C
$GIGSV,1,1,02,09,27,284,39,10,53,164,46*6C
$GIGSV,1,1,02,09,27,284,39,10,53,164,46*6C
$GIGSV,1,1,02,09,27,284,39,10,53,164,46*6C
$GIGSV,1,1,02,09,27,284,39,10,53,164,46*6C
$GIGSV,1,1,02,09,27,284,38,10,53,164,46*6D
$GIGSV,1,1,02,09,27,284,38,10,53,164,47*6C
$GIGSV,1,1,02,09,27,284,38,10,53,164,46*6D
$GIGSV,1,1,02,09,27,284,38,10,53,164,46*6D
$GIGSV,1,1,02,09,27,284,38,10,53,164,46*6D
$GIGSV,1,1,02,09,27,284,38,10,53,164,46*6D
$GIGSV,1,1,02,09,27,284,38,10,53,164,46*6D
$GIGSV,1,1,02,09,27,284,38,10,53,164,46*6D
$GIGSV,1,1,02,09,27,284,38,10,53,164,46*6D
$GIGSV,1,1,02,09,27,284,38,10,53,164,46*6D
$GIGSV,1,1,02,09,27,284,38,10,53,164,46*6D
$GIGSV,1,1,02,09,27,284,38,10,53,164,46*6D
$GIGSV,1,1,02,09,27,284,38,10,53,164,46*6D
$GIGSV,1,1,02,09,27,284,38,10,53,164,46*6D
$GIGSV,1,1,02,09,27,284,38,10,53,164,46*6D
$GIGSV,1,1,02,09,27,284,38,10,53,164,46*6D
$GIGSV,1,1,02,09,27,284,38,10,53,164,46*6D
$GIGSV,1,1,02,09,27,284,38,10,53,164,46*6D
$GIGSV,1,1,02,09,27,284,38,10,53,164,46*6D
$GIGSV,1,1,02,09,27,284,38,10,53,164,46*6D
$GIGSV,1,1,02,09,27,284,39,10,53,164,46*6C
$GIGSV,1,1,02,09,27,284,39,10,53,164,46*6C
$GIGSV,1,1,02,09,27,284,39,10,53,164,46*6C
$GIGSV,1,1,02,09,27,284,39,10,53,164,46*6C
$GIGSV,1,1,02,09,27,284,38,10,53,164,46*6D
$GIGSV,1,1,02,09,27,284,38,10,53,164,46*6D
$GIGSV,1,1,02,09,27,284,38,10,53,164,46*6D
$GIGSV,1,1,02,09,27,284,38,10,53,164,46*6D
$GIGSV,1,1,02,09,27,284,38,10,53,164,46*6D
$GIGSV,1,1,02,09,27,284,38,10,53,164,46*6D
$GIGSV,1,1,02,09,27,284,38,10,53,164,46*6D
$GIGSV,1,1,02,09,27,284,38,10,53,164,46*6D
$GIGSV,1,1,02,09,27,284,38,10,53,164,46*6D
$GIGSV,1,1,02,09,27,284,38,10,53,164,46*6D
$GIGSV,1,1,02,09,27,284,38,10,53,164,46*6D
$GIGSV,1,1,02,09,27,284,38,10,53,164,46*6D
$GIGSV,1,1,02,09,27,284,38,10,53,164,46*6D
$GIGSV,1,1,02,09,27,284,38,10,53,164,46*6D
$GIGSV,1,1,02,09,27,284,38,10,53,164,46*6D
$GIGSV,1,1,02,09,27,284,38,10,53,164,46*6D
$GIGSV,1,1,02,09,27,284,38,10,53,164,46*6D
$GIGSV,1,1,02,09,27,284,38,10,53,164,46*6D
$GIGSV,1,1,02,09,27,284,38,10,53,164,46*6D
$GIGSV,1,1,02,09,27,284,38,10,53,164,46*6D
$GIGSV,1,1,02,09,27,284,38,10,53,164,46*6D
$GIGSV,1,1,02,09,27,284,38,10,53,164,46*6D
$GIGSV,1,1,02,09,27,284,37,10,53,164,46*62
$GIGSV,1,1,02,09,27,284,37,10,53,164,46*62
$GIGSV,1,1,02,09,27,284,37,10,53,164,46*62
$GIGSV,1,1,02,09,27,284,38,10,53,164,46*6D
$GIGSV,1,1,02,09,27,284,38,10,53,164,46*6D
$GIGSV,1,1,02,09,27,284,38,10,53,164,46*6D
$GIGSV,1,1,02,09,27,284,38,10,53,164,46*6D
$GIGSV,1,1,02,09,27,284,38,10,53,164,46*6D
$GIGSV,1,1,02,09,27,284,37,10,53,164,46*62
$GIGSV,1,1,02,09,27,284,37,10,53,164,46*62
$GIGSV,1,1,02,09,27,284,37,10,53,164,46*62
$GIGSV,1,1,02,09,27,284,37,10,53,164,46*62
$GIGSV,1,1,02,09,27,284,37,10,53,164,46*62
$GIGSV,1,1,02,09,27,284,37,10,53,164,46*62
$GIGSV,1,1,02,09,27,284,37,10,53,164,46*62
$GIGSV,1,1,02,09,27,284,37,10,53,164,46*62
$GIGSV,1,1,02,09,27,284,37,10,53,164,46*62
$GIGSV,1,1,02,09,27,284,37,10,53,164,46*62
$GIGSV,1,1,02,09,27,284,37,10,53,164,46*62
$GIGSV,1,1,02,09,27,284,38,10,53,164,46*6D
$GIGSV,1,1,02,09,27,284,38,10,53,164,46*6D
$GIGSV,1,1,02,09,27,284,38,10,53,164,46*6D
$GIGSV,1,1,02,09,27,284,38,10,53,164,46*6D
$GIGSV,1,1,02,09,27,284,38,10,53,164,46*6D
$GIGSV,1,1,02,09,27,284,38,10,53,164,46*6D
$GIGSV,1,1,02,09,27,284,38,10,53,164,46*6D
$GIGSV,1,1,02,09,27,284,38,10,53,164,46*6D
$GIGSV,1,1,02,09,27,284,38,10,53,164,46*6D
$GIGSV,1,1,02,09,27,284,38,10,53,164,46*6D
$GIGSV,1,1,02,09,27,284,38,10,53,164,46*6D
$GIGSV,1,1,02,09,27,284,38,10,53,164,46*6D
$GIGSV,1,1,02,09,27,284,38,10,53,164,46*6D
$GIGSV,1,1,02,09,27,284,38,10,53,164,46*6D
$GIGSV,1,1,02,09,27,284,38,10,53,164,46*6D
$GIGSV,1,1,02,09,27,284,38,10,53,164,46*6D
$GIGSV,1,1,02,09,27,284,38,10,53,164,46*6D
$GIGSV,1,1,02,09,27,284,38,10,53,164,46*6D
$GIGSV,1,1,02,09,27,284,38,10,53,164,46*6D
$GIGSV,1,1,02,09,27,284,38,10,53,164,46*6D
$GIGSV,1,1,02,09,27,284,38,10,53,164,46*6D
$GIGSV,1,1,02,09,27,284,39,10,53,164,46*6C
$GIGSV,1,1,02,09,27,284,39,10,53,164,46*6C
$GIGSV,1,1,02,09,27,284,38,10,53,164,46*6D
$GIGSV,1,1,02,09,27,284,38,10,53,164,46*6D
$GIGSV,1,1,02,09,27,284,38,10,53,164,46*6D
$GIGSV,1,1,02,09,27,284,38,10,53,164,46*6D
$GIGSV,1,1,02,09,27,284,38,10,53,164,46*6D
$GIGSV,1,1,02,09,27,284,38,10,53,164,46*6D
$GIGSV,1,1,02,09,27,284,38,10,53,164,46*6D
$GIGSV,1,1,02,09,27,284,38,10,53,164,46*6D
$GIGSV,1,1,02,09,27,284,38,10,53,164,46*6D
$GIGSV,1,1,02,09,27,284,38,10,53,164,46*6D
$GIGSV,1,1,02,09,27,284,38,10,53,164,46*6D
$GIGSV,1,1,02,09,27,284,38,10,53,164,46*6D
$GIGSV,1,1,02,09,27,284,38,10,53,164,46*6D
$GIGSV,1,1,02,09,27,284,38,10,53,164,46*6D
$GIGSV,1,1,02,09,27,284,38,10,53,164,46*6D
$GIGSV,1,1,02,09,27,284,38,10,53,164,46*6D
$GIGSV,1,1,02,09,27,284,38,10,53,164,46*6D
$GIGSV,1,1,02,09,27,284,38,10,53,164,46*6D
$GIGSV,1,1,02,09,27,284,38,10,53,164,46*6D
$GIGSV,1,1,02,09,27,284,38,10,53,164,46*6D
$GIGSV,1,1,02,09,27,284,38,10,53,164,46*6D
$GIGSV,1,1,02,09,27,284,38,10,53,164,46*6D
$GIGSV,1,1,02,09,27,284,38,10,53,164,46*6D
$GIGSV,1,1,02,09,27,284,38,10,53,164,46*6D
$GIGSV,1,1,02,09,27,284,38,10,53,164,46*6D
$GIGSV,1,1,02,09,27,284,38,10,53,164,46*6D
$GIGSV,1,1,02,09,27,284,38,10,53,164,46*6D
$GIGSV,1,1,02,09,27,284,38,10,53,164,46*6D
$GIGSV,1,1,02,09,27,284,38,10,53,164,46*6D
$GIGSV,1,1,02,09,27,284,38,10,53,164,47*6C
$GIGSV,1,1,02,09,27,284,38,10,53,164,47*6C
$GIGSV,1,1,02,09,27,284,38,10,53,164,47*6C
$GIGSV,1,1,02,09,27,284,37,10,53,164,47*63
$GIGSV,1,1,02,09,27,284,37,10,53,164,47*63
$GIGSV,1,1,02,09,27,284,37,10,53,164,47*63
$GIGSV,1,1,02,09,27,284,37,10,53,164,47*63
$GIGSV,1,1,02,09,27,284,37,10,53,164,47*63
$GIGSV,1,1,02,09,27,284,37,10,53,164,47*63
$GIGSV,1,1,02,09,27,284,37,10,53,164,47*63
$GIGSV,1,1,02,09,27,284,37,10,53,164,47*63
$GIGSV,1,1,02,09,27,284,37,10,53,164,47*63
$GIGSV,1,1,02,09,27,284,37,10,53,164,47*63
$GIGSV,1,1,02,09,27,284,37,10,53,164,47*63
$GIGSV,1,1,02,09,27,284,37,10,53,164,47*63
$GIGSV,1,1,02,09,27,284,37,10,53,164,47*63
$GIGSV,1,1,02,09,27,284,37,10,53,164,47*63
$GIGSV,1,1,02,09,27,284,37,10,53,164,47*63
$GIGSV,1,1,02,09,27,284,37,10,53,164,47*63
$GIGSV,1,1,02,09,27,284,37,10,53,164,47*63
$GIGSV,1,1,02,09,27,284,37,10,53,164,47*63
$GIGSV,1,1,02,09,27,284,37,10,53,164,47*63
$GIGSV,1,1,02,09,27,284,37,10,53,164,47*63
$GIGSV,1,1,02,09,27,284,37,10,53,164,47*63
$GIGSV,1,1,02,09,27,284,37,10,53,164,47*63
$GIGSV,1,1,02,09,27,284,37,10,53,164,47*63
$GIGSV,1,1,02,09,27,284,37,10,53,164,47*63
$GIGSV,1,1,02,09,27,284,37,10,53,164,47*63
$GIGSV,1,1,02,09,27,284,37,10,53,164,47*63
$GIGSV,1,1,02,09,27,284,37,10,53,164,47*63
$GIGSV,1,1,02,09,27,284,37,10,53,164,47*63
$GIGSV,1,1,02,09,27,284,37,10,53,164,47*63
$GIGSV,1,1,02,09,27,284,37,10,53,164,47*63
$GIGSV,1,1,02,09,27,284,37,10,53,164,47*63
$GIGSV,1,1,02,09,27,284,37,10,53,164,47*63
$GIGSV,1,1,02,09,27,284,37,10,53,164,47*63
$GIGSV,1,1,02,09,27,284,37,10,53,164,47*63
$GIGSV,1,1,02,09,27,284,37,10,53,164,47*63
$GIGSV,1,1,02,09,27,284,37,10,53,164,47*63
$GIGSV,1,1,02,09,27,284,37,10,53,164,47*63
$GIGSV,1,1,02,09,27,284,37,10,53,164,47*63
$GIGSV,1,1,02,09,27,284,37,10,53,164,47*63
$GIGSV,1,1,02,09,27,284,37,10,53,164,47*63
$GIGSV,1,1,02,09,27,284,37,10,53,164,47*63
$GIGSV,1,1,02,09,27,284,37,10,53,164,47*63
$GIGSV,1,1,02,09,27,284,37,10,53,164,47*63
$GIGSV,1,1,02,09,27,284,37,10,53,164,47*63
$GIGSV,1,1,02,09,27,284,37,10,53,164,47*63
$GIGSV,1,1,02,09,27,284,37,10,53,164,47*63
$GIGSV,1,1,02,09,27,284,37,10,53,164,47*63
$GIGSV,1,1,02,09,27,284,37,10,53,164,47*63
$GIGSV,1,1,02,09,27,284,37,10,53,164,47*63
$GIGSV,1,1,02,09,27,284,37,10,53,164,48*6C
$GIGSV,1,1,02,09,27,284,37,10,53,164,48*6C
$GIGSV,1,1,02,09,27,284,37,10,53,164,48*6C
$GIGSV,1,1,02,09,27,284,37,10,53,164,47*63
$GIGSV,1,1,02,09,27,284,37,10,53,164,47*63
$GIGSV,1,1,02,09,27,284,37,10,53,164,47*63
$GIGSV,1,1,02,09,27,284,37,10,53,164,48*6C
$GIGSV,1,1,02,09,27,284,37,10,53,164,48*6C
$GIGSV,1,1,02,09,27,284,37,10,53,164,48*6C
$GIGSV,1,1,02,09,27,284,37,10,53,164,47*63
$GIGSV,1,1,02,09,27,284,37,10,53,164,47*63
$GIGSV,1,1,02,09,27,284,37,10,53,164,47*63
$GIGSV,1,1,02,09,27,284,37,10,53,164,47*63
$GIGSV,1,1,02,09,27,284,37,10,53,164,47*63
$GIGSV,1,1,02,09,27,284,37,10,53,164,47*63
$GIGSV,1,1,02,09,27,284,37,10,53,164,47*63
$GIGSV,1,1,02,09,27,284,37,10,53,164,47*63
$GIGSV,1,1,02,09,27,284,37,10,53,164,47*63
$GIGSV,1,1,02,09,27,284,37,10,53,164,47*63
$GIGSV,1,1,02,09,27,284,37,10,53,164,47*63
$GIGSV,1,1,02,09,27,284,37,10,53,164,47*63
$GIGSV,1,1,02,09,27,284,37,10,53,164,47*63
$GIGSV,1,1,02,09,27,284,37,10,53,164,47*63
$GIGSV,1,1,02,09,27,284,37,10,53,164,47*63
$GIGSV,1,1,02,09,27,284,37,10,53,164,47*63
$GIGSV,1,1,02,09,27,284,37,10,53,164,47*63
$GIGSV,1,1,02,09,27,284,37,10,53,164,47*63
$GIGSV,1,1,02,09,27,284,37,10,53,164,47*63
$GIGSV,1,1,02,09,27,284,37,10,53,164,47*63
$GIGSV,1,1,02,09,27,284,37,10,53,164,47*63
$GIGSV,1,1,02,09,27,284,37,10,53,164,47*63
$GIGSV,1,1,02,09,27,284,38,10,53,164,47*6C
$GIGSV,1,1,02,09,27,284,38,10,53,164,47*6C
$GIGSV,1,1,02,09,27,284,38,10,53,164,47*6C
$GIGSV,1,1,02,09,27,284,38,10,53,164,47*6C
$GIGSV,1,1,02,09,27,284,38,10,53,164,47*6C
$GIGSV,1,1,02,09,27,284,38,10,53,164,47*6C
$GIGSV,1,1,02,09,27,284,38,10,53,164,47*6C
$GIGSV,1,1,02,09,27,284,38,10,53,164,47*6C
$GIGSV,1,1,02,09,27,284,37,10,53,164,47*63
$GIGSV,1,1,02,09,27,284,37,10,53,164,47*63
$GIGSV,1,1,02,09,27,284,37,10,53,164,47*63
$GIGSV,1,1,02,09,27,284,37,10,53,164,47*63
$GIGSV,1,1,02,09,27,284,38,10,53,164,47*6C
$GIGSV,1,1,02,09,27,284,38,10,53,164,47*6C
$GIGSV,1,1,02,09,27,284,38,10,53,164,47*6C
$GIGSV,1,1,02,09,27,284,38,10,53,164,47*6C
$GIGSV,1,1,02,09,27,284,38,10,53,164,47*6C
$GIGSV,1,1,02,09,27,284,38,10,53,164,47*6C
$GIGSV,1,1,02,09,27,284,38,10,53,164,47*6C
$GIGSV,1,1,02,09,27,284,38,10,53,164,47*6C
$GIGSV,1,1,02,09,27,284,38,10,53,164,47*6C
$GIGSV,1,1,02,09,27,284,38,10,53,164,47*6C
$GIGSV,1,1,02,09,27,284,38,10,53,164,47*6C
$GIGSV,1,1,02,09,27,284,38,10,53,164,47*6C
$GIGSV,1,1,02,09,27,284,38,10,53,164,47*6C
$GIGSV,1,1,02,09,27,284,37,10,53,164,47*63
$GIGSV,1,1,02,09,27,284,37,10,53,164,47*63
$GIGSV,1,1,02,09,27,284,37,10,53,164,47*63
$GIGSV,1,1,02,09,27,284,37,10,53,164,47*63
$GIGSV,1,1,02,09,27,284,37,10,53,164,47*63
$GIGSV,1,1,02,09,27,284,38,10,53,164,47*6C
$GIGSV,1,1,02,09,27,284,38,10,53,164,47*6C
$GIGSV,1,1,02,09,27,284,38,10,53,164,47*6C
$GIGSV,1,1,02,09,27,284,38,10,53,164,47*6C
$GIGSV,1,1,02,09,27,284,38,10,53,164,47*6C
$GIGSV,1,1,02,09,27,284,38,10,53,164,47*6C
$GIGSV,1,1,02,09,27,284,38,10,53,164,46*6D
$GIGSV,1,1,02,09,27,284,38,10,53,164,46*6D
$GIGSV,1,1,02,09,27,284,39,10,53,164,46*6C
$GIGSV,1,1,02,09,27,284,39,10,53,164,46*6C
$GIGSV,1,1,02,09,27,284,39,10,53,164,46*6C
$GIGSV,1,1,02,09,27,284,39,10,53,164,46*6C
$GIGSV,1,1,02,09,27,284,39,10,53,164,46*6C
$GIGSV,1,1,02,09,27,284,39,10,53,164,46*6C
$GIGSV,1,1,02,09,27,284,39,10,53,164,46*6C
$GIGSV,1,1,02,09,27,284,39,10,53,164,46*6C
$GIGSV,1,1,02,09,27,284,40,10,53,164,46*62
$GIGSV,1,1,02,09,27,284,40,10,53,164,46*62
$GIGSV,1,1,02,09,27,284,40,10,53,164,46*62
$GIGSV,1,1,02,09,27,284,40,10,53,164,46*62
$GIGSV,1,1,02,09,27,284,40,10,53,164,46*62
$GIGSV,1,1,02,09,27,284,40,10,53,164,46*62
$GIGSV,1,1,02,09,27,284,40,10,53,164,46*62
$GIGSV,1,1,02,09,27,284,40,10,53,164,46*62
$GIGSV,1,1,02,09,27,284,40,10,53,164,46*62
$GIGSV,1,1,02,09,27,284,40,10,53,164,46*62
$GIGSV,1,1,02,09,27,284,41,10,53,164,46*63
$GIGSV,1,1,02,09,27,284,41,10,53,164,45*60
$GIGSV,1,1,02,09,27,284,41,10,53,164,45*60
$GIGSV,1,1,02,09,27,284,41,10,53,164,45*60
$GIGSV,1,1,02,09,27,284,41,10,53,164,45*60
$GIGSV,1,1,02,09,27,284,41,10,53,164,45*60
$GIGSV,1,1,02,09,27,284,41,10,53,164,45*60
$GIGSV,1,1,02,09,27,284,41,10,53,164,45*60
$GIGSV,1,1,02,09,27,284,41,10,53,164,45*60
$GIGSV,1,1,02,09,27,284,41,10,53,164,45*60
$GIGSV,1,1,02,09,27,284,41,10,53,164,45*60
$GIGSV,1,1,02,09,27,284,42,10,53,164,45*63
$GIGSV,1,1,02,09,27,284,42,10,53,164,45*63
$GIGSV,1,1,02,09,27,284,42,10,53,164,45*63
$GIGSV,1,1,02,09,27,284,42,10,53,164,45*63
$GIGSV,1,1,02,09,27,284,42,10,53,164,45*63
$GIGSV,1,1,02,09,27,284,42,10,53,164,45*63
$GIGSV,1,1,02,09,27,284,42,10,53,164,45*63
$GIGSV,1,1,02,09,27,284,42,10,53,164,45*63
$GIGSV,1,1,02,09,27,284,42,10,53,164,45*63
$GIGSV,1,1,02,09,27,284,42,10,53,164,45*63
$GIGSV,1,1,02,09,27,284,42,10,53,164,45*63
$GIGSV,1,1,02,09,27,284,42,10,53,164,45*63
$GIGSV,1,1,02,09,27,284,42,10,53,164,45*63
$GIGSV,1,1,02,09,27,284,42,10,53,164,45*63
$GIGSV,1,1,02,09,27,284,43,10,53,164,45*62
$GIGSV,1,1,02,09,27,284,43,10,53,164,45*62
$GIGSV,1,1,02,09,27,284,43,10,53,164,45*62
$GIGSV,1,1,02,09,27,284,43,10,53,164,45*62
$GIGSV,1,1,02,09,27,284,43,10,53,164,45*62
$GIGSV,1,1,02,09,27,284,43,10,53,164,45*62
$GIGSV,1,1,02,09,27,284,43,10,53,164,45*62
$GIGSV,1,1,02,09,27,284,43,10,53,164,45*62
$GIGSV,1,1,02,09,27,284,43,10,53,164,44*63
$GIGSV,1,1,02,09,27,284,43,10,53,164,44*63
$GIGSV,1,1,02,09,27,284,43,10,53,164,44*63
$GIGSV,1,1,02,09,27,284,43,10,53,164,44*63
$GIGSV,1,1,02,09,27,284,43,10,53,164,44*63
$GIGSV,1,1,02,09,27,284,43,10,53,164,44*63
$GIGSV,1,1,02,09,27,284,43,10,53,164,44*63
$GIGSV,1,1,02,09,27,284,43,10,53,164,44*63
$GIGSV,1,1,02,09,27,284,43,10,53,164,44*63
$GIGSV,1,1,02,09,27,284,43,10,53,164,44*63
$GIGSV,1,1,02,09,27,284,43,10,53,164,44*63
$GIGSV,1,1,02,09,27,284,43,10,53,164,44*63
$GIGSV,1,1,02,09,27,284,43,10,53,164,44*63
$GIGSV,1,1,02,09,27,284,43,10,53,164,44*63
$GIGSV,1,1,02,09,27,284,43,10,53,164,44*63
$GIGSV,1,1,02,09,27,284,43,10,53,164,44*63
$GIGSV,1,1,02,09,27,284,43,10,53,164,44*63
$GIGSV,1,1,02,09,27,284,43,10,53,164,44*63
$GIGSV,1,1,02,09,27,284,43,10,53,164,44*63
$GIGSV,1,1,02,09,27,284,43,10,53,164,44*63
$GIGSV,1,1,02,09,27,284,43,10,53,164,44*63
$GIGSV,1,1,02,09,27,284,43,10,53,164,44*63
$GIGSV,1,1,02,09,27,284,43,10,53,164,44*63
$GIGSV,1,1,02,09,27,284,43,10,53,164,44*63
$GIGSV,1,1,02,09,27,284,43,10,53,164,44*63
$GIGSV,1,1,02,09,27,284,43,10,53,164,44*63
$GIGSV,1,1,02,09,27,284,43,10,53,164,44*63
$GIGSV,1,1,02,09,27,284,43,10,53,164,44*63
$GIGSV,1,1,02,09,27,284,43,10,53,164,44*63
$GIGSV,1,1,02,09,27,284,43,10,53,164,44*63
$GIGSV,1,1,02,09,27,284,43,10,53,164,44*63
$GIGSV,1,1,02,09,27,284,43,10,53,164,44*63
$GIGSV,1,1,02,09,27,284,43,10,53,164,44*63
$GIGSV,1,1,02,09,27,284,43,10,53,164,44*63
$GIGSV,1,1,02,09,27,284,43,10,53,164,44*63
$GIGSV,1,1,02,09,27,284,43,10,53,164,44*63
$GIGSV,1,1,02,09,27,284,43,10,53,164,44*63
$GIGSV,1,1,02,09,27,284,43,10,53,164,44*63
$GIGSV,1,1,02,09,27,284,43,10,53,164,44*63
$GIGSV,1,1,02,09,27,284,43,10,53,164,44*63
$GIGSV,1,1,02,09,27,284,43,10,53,164,44*63
$GIGSV,1,1,02,09,27,284,43,10,53,164,44*63
$GIGSV,1,1,02,09,27,284,43,10,53,164,44*63
$GIGSV,1,1,02,09,27,284,43,10,53,164,44*63
$GIGSV,1,1,02,09,27,284,43,10,53,164,44*63
$GIGSV,1,1,02,09,27,284,43,10,53,164,44*63
$GIGSV,1,1,02,09,27,284,43,10,53,164,44*63
$GIGSV,1,1,02,09,27,284,43,10,53,164,44*63
$GIGSV,1,1,02,09,27,284,44,10,53,164,44*64
$GIGSV,1,1,02,09,27,284,44,10,53,164,44*64
$GIGSV,1,1,02,09,27,284,44,10,53,164,44*64
$GIGSV,1,1,02,09,27,284,44,10,53,164,44*64
$GIGSV,1,1,02,09,27,284,44,10,53,164,44*64
$GIGSV,1,1,02,09,27,284,44,10,53,164,44*64
$GIGSV,1,1,02,09,27,284,44,10,53,164,44*64
$GIGSV,1,1,02,09,27,284,44,10,53,164,44*64
$GIGSV,1,1,02,09,27,284,44,10,53,164,44*64
$GIGSV,1,1,02,09,27,284,44,10,53,164,44*64
$GIGSV,1,1,02,09,27,284,44,10,53,164,44*64
$GIGSV,1,1,02,09,27,284,44,10,53,164,44*64
$GIGSV,1,1,02,09,27,284,44,10,53,164,44*64
$GIGSV,1,1,02,09,27,284,44,10,53,164,44*64
$GIGSV,1,1,02,09,27,284,44,10,53,164,44*64
$GIGSV,1,1,02,09,27,284,44,10,53,164,44*64
$GIGSV,1,1,02,09,27,284,44,10,53,164,44*64
$GIGSV,1,1,02,09,27,284,44,10,53,164,44*64
$GIGSV,1,1,02,09,27,284,44,10,53,164,44*64
$GIGSV,1,1,02,09,27,284,44,10,53,164,44*64
$GIGSV,1,1,02,09,27,284,44,10,53,164,44*64
$GIGSV,1,1,02,09,27,284,44,10,53,164,44*64
$GIGSV,1,1,02,09,27,284,44,10,53,164,44*64
$GIGSV,1,1,02,09,27,284,44,10,53,164,44*64
$GIGSV,1,1,02,09,27,284,44,10,53,164,44*64
$GIGSV,1,1,02,09,27,284,44,10,53,164,44*64
$GIGSV,1,1,02,09,27,284,44,10,53,164,44*64
$GIGSV,1,1,02,09,27,284,44,10,53,164,44*64
$GIGSV,1,1,02,09,27,284,44,10,53,164,44*64
$GIGSV,1,1,02,09,27,284,44,10,53,164,44*64
$GIGSV,1,1,02,09,27,284,44,10,53,164,44*64
$GIGSV,1,1,02,09,27,284,44,10,53,164,44*64
$GIGSV,1,1,02,09,27,284,44,10,53,164,44*64
$GIGSV,1,1,02,09,27,284,44,10,53,164,44*64
$GIGSV,1,1,02,09,27,284,44,10,53,164,44*64
$GIGSV,1,1,02,09,27,284,44,10,53,164,44*64
$GIGSV,1,1,02,09,27,284,44,10,53,164,44*64
$GIGSV,1,1,02,09,27,284,44,10,53,164,44*64
$GIGSV,1,1,02,09,27,284,44,10,53,164,44*64
$GIGSV,1,1,02,09,27,284,44,10,53,164,44*64
$GIGSV,1,1,02,09,27,284,44,10,53,164,44*64
$GIGSV,1,1,02,09,27,284,44,10,53,164,44*64
$GIGSV,1,1,02,09,27,284,44,10,53,164,44*64
$GIGSV,1,1,02,09,27,284,44,10,53,164,44*64
$GIGSV,1,1,02,09,27,284,44,10,53,164,44*64
$GIGSV,1,1,02,09,27,284,44,10,53,164,44*64
$GIGSV,1,1,02,09,27,284,44,10,53,164,44*64
$GIGSV,1,1,02,09,27,284,44,10,53,164,44*64
$GIGSV,1,1,02,09,27,284,44,10,53,164,44*64
$GIGSV,1,1,02,09,27,284,44,10,53,164,44*64
$GIGSV,1,1,02,09,27,284,44,10,53,164,44*64
$GIGSV,1,1,02,09,27,284,44,10,53,164,44*64
$GIGSV,1,1,02,09,27,284,44,10,53,164,44*64
$GIGSV,1,1,02,09,27,284,44,10,53,164,44*64
$GIGSV,1,1,02,09,27,284,44,10,53,164,44*64
$GIGSV,1,1,02,09,27,284,44,10,53,164,44*64
$GIGSV,1,1,02,09,27,284,44,10,53,164,44*64
$GIGSV,1,1,02,09,27,284,44,10,53,164,44*64
$GIGSV,1,1,02,09,27,284,44,10,53,164,44*64
$GIGSV,1,1,02,09,27,284,44,10,53,164,44*64
$GIGSV,1,1,02,09,27,284,44,10,53,164,44*64
$GIGSV,1,1,02,09,27,284,44,10,53,164,44*64
$GIGSV,1,1,02,09,27,284,44,10,53,164,44*64
$GIGSV,1,1,02,09,27,284,44,10,53,164,44*64
$GIGSV,1,1,02,09,27,284,44,10,53,164,44*64
$GIGSV,1,1,02,09,27,284,44,10,53,164,45*65
$GIGSV,1,1,02,09,27,284,44,10,53,164,45*65
$GIGSV,1,1,02,09,27,284,44,10,53,164,45*65
$GIGSV,1,1,02,09,27,284,44,10,53,164,45*65
$GIGSV,1,1,02,09,27,284,44,10,53,164,45*65
$GIGSV,1,1,02,09,27,284,44,10,53,164,45*65
$GIGSV,1,1,02,09,27,284,44,10,53,164,45*65
$GIGSV,1,1,02,09,27,284,44,10,53,164,45*65
$GIGSV,1,1,02,09,27,284,44,10,53,164,45*65
$GIGSV,1,1,02,09,27,284,44,10,53,164,45*65
$GIGSV,1,1,02,09,27,284,44,10,53,164,45*65
$GIGSV,1,1,02,09,27,284,44,10,53,164,45*65
$GIGSV,1,1,02,09,27,284,44,10,53,164,45*65
$GIGSV,1,1,02,09,27,284,44,10,53,164,45*65
$GIGSV,1,1,02,09,27,284,44,10,53,164,45*65
$GIGSV,1,1,02,09,27,284,44,10,53,164,45*65
$GIGSV,1,1,02,09,27,284,44,10,53,164,45*65
$GIGSV,1,1,02,09,27,284,44,10,53,164,45*65
$GIGSV,1,1,02,09,27,284,44,10,53,164,45*65
$GIGSV,1,1,02,09,27,284,44,10,53,164,45*65
$GIGSV,1,1,02,09,27,284,44,10,53,164,45*65
$GIGSV,1,1,02,09,27,284,44,10,53,164,45*65
$GIGSV,1,1,02,09,27,284,44,10,53,164,45*65
$GIGSV,1,1,02,09,27,284,44,10,53,164,45*65
$GIGSV,1,1,02,09,27,284,44,10,53,164,45*65
$GIGSV,1,1,02,09,27,284,44,10,53,164,45*65
$GIGSV,1,1,02,09,27,284,44,10,53,164,45*65
$GIGSV,1,1,02,09,27,284,44,10,53,164,45*65
$GIGSV,1,1,02,09,27,284,43,10,53,164,45*62
$GIGSV,1,1,02,09,27,284,43,10,53,164,45*62
$GIGSV,1,1,02,09,27,284,43,10,53,164,45*62
$GIGSV,1,1,02,09,27,284,43,10,53,164,45*62
$GIGSV,1,1,02,09,27,284,43,10,53,164,45*62
$GIGSV,1,1,02,09,27,284,43,10,53,164,45*62
$GIGSV,1,1,02,09,27,284,43,10,53,164,45*62
$GIGSV,1,1,02,09,27,284,43,10,53,164,45*62
$GIGSV,1,1,02,09,27,284,43,10,53,164,45*62
$GIGSV,1,1,02,09,27,284,43,10,53,164,45*62
$GIGSV,1,1,02,09,27,284,43,10,53,164,45*62
$GIGSV,1,1,02,09,27,284,43,10,53,164,45*62
$GIGSV,1,1,02,09,27,284,43,10,53,164,45*62
$GIGSV,1,1,02,09,27,284,43,10,53,164,45*62
$GIGSV,1,1,02,09,27,284,43,10,53,164,45*62
$GIGSV,1,1,02,09,27,284,43,10,53,164,45*62
$GIGSV,1,1,02,09,27,284,43,10,53,164,45*62
$GIGSV,1,1,02,09,27,284,43,10,53,164,45*62
$GIGSV,1,1,02,09,27,284,43,10,53,164,45*62
$GIGSV,1,1,02,09,27,284,43,10,53,164,45*62
$GIGSV,1,1,02,09,27,284,43,10,53,164,45*62
$GIGSV,1,1,02,09,27,284,43,10,53,164,45*62
$GIGSV,1,1,02,09,27,284,43,10,53,164,45*62
$GIGSV,1,1,02,09,27,284,43,10,53,164,45*62
$GIGSV,1,1,02,09,27,284,43,10,53,164,45*62
$GIGSV,1,1,02,09,27,284,43,10,53,164,45*62
$GIGSV,1,1,02,09,27,284,43,10,53,164,45*62
$GIGSV,1,1,02,09,27,284,43,10,53,164,45*62
$GIGSV,1,1,02,09,27,284,43,10,53,164,45*62
$GIGSV,1,1,02,09,27,284,43,10,53,164,45*62
$GIGSV,1,1,02,09,27,284,43,10,53,164,45*62
$GIGSV,1,1,02,09,27,284,43,10,53,164,45*62
$GIGSV,1,1,02,09,27,284,43,10,53,164,45*62
$GIGSV,1,1,02,09,27,284,43,10,53,164,45*62
$GIGSV,1,1,02,09,27,284,43,10,53,164,45*62
$GIGSV,1,1,02,09,27,284,43,10,53,164,45*62
$GIGSV,1,1,02,09,27,284,43,10,53,164,45*62
$GIGSV,1,1,02,09,27,284,43,10,53,164,45*62
$GIGSV,1,1,02,09,27,284,43,10,53,164,45*62
$GIGSV,1,1,02,09,27,284,43,10,53,164,45*62
$GIGSV,1,1,02,09,27,284,43,10,53,164,45*62
$GIGSV,1,1,02,09,27,284,43,10,53,164,45*62
$GIGSV,1,1,02,09,27,284,43,10,53,164,45*62
$GIGSV,1,1,02,09,27,284,43,10,53,164,45*62
$GIGSV,1,1,02,09,27,284,43,10,53,164,45*62
$GIGSV,1,1,02,09,27,284,43,10,53,164,45*62
$GIGSV,1,1,02,09,27,284,43,10,53,164,44*63
$GIGSV,1,1,02,09,27,284,43,10,53,164,45*62
$GIGSV,1,1,02,09,27,284,43,10,53,164,45*62
$GIGSV,1,1,02,09,27,284,43,10,53,164,45*62
$GIGSV,1,1,02,09,27,284,43,10,53,164,45*62
$GIGSV,1,1,02,09,27,284,43,10,53,164,45*62
$GIGSV,1,1,02,09,27,284,43,10,53,164,45*62
$GIGSV,1,1,02,09,27,284,43,10,53,164,45*62
$GIGSV,1,1,02,09,27,284,43,10,53,164,44*63
$GIGSV,1,1,02,09,27,284,43,10,53,164,44*63
$GIGSV,1,1,02,09,27,284,43,10,53,164,44*63
$GIGSV,1,1,02,09,27,284,43,10,53,164,44*63
$GIGSV,1,1,02,09,27,284,43,10,53,164,44*63
$GIGSV,1,1,02,09,27,284,43,10,53,164,44*63
$GIGSV,1,1,02,09,27,284,43,10,53,164,44*63
$GIGSV,1,1,02,09,27,284,43,10,53,164,44*63
$GIGSV,1,1,02,09,27,284,43,10,53,164,44*63
$GIGSV,1,1,02,09,27,284,43,10,53,164,44*63
$GIGSV,1,1,02,09,27,284,43,10,53,164,44*63
$GIGSV,1,1,02,09,27,284,43,10,53,164,44*63
$GIGSV,1,1,02,09,27,284,43,10,53,164,44*63
$GIGSV,1,1,02,09,27,284,43,10,53,164,44*63
$GIGSV,1,1,02,09,27,284,43,10,53,164,44*63
$GIGSV,1,1,02,09,27,284,43,10,53,164,44*63
$GIGSV,1,1,02,09,27,284,43,10,53,164,44*63
$GIGSV,1,1,02,09,27,284,43,10,53,164,44*63
$GIGSV,1,1,02,09,27,284,43,10,53,164,44*63
$GIGSV,1,1,02,09,27,284,43,10,53,164,44*63
$GIGSV,1,1,02,09,27,284,43,10,53,164,44*63
$GIGSV,1,1,02,09,27,284,43,10,53,164,44*63
$GIGSV,1,1,02,09,27,284,43,10,53,164,44*63
$GIGSV,1,1,02,09,27,284,43,10,53,164,44*63
$GIGSV,1,1,02,09,27,284,43,10,53,164,44*63
$GIGSV,1,1,02,09,27,284,43,10,53,164,44*63
$GIGSV,1,1,02,09,27,284,43,10,53,164,44*63
$GIGSV,1,1,02,09,27,284,43,10,53,164,44*63
$GIGSV,1,1,02,09,27,284,43,10,53,164,44*63
$GIGSV,1,1,02,09,27,284,43,10,53,164,44*63
$GIGSV,1,1,02,09,27,284,43,10,53,164,44*63
$GIGSV,1,1,02,09,27,284,43,10,53,164,44*63
$GIGSV,1,1,02,09,27,284,43,10,53,164,44*63
$GIGSV,1,1,02,09,27,284,43,10,53,164,44*63
$GIGSV,1,1,02,09,27,284,43,10,53,164,44*63
$GIGSV,1,1,02,09,27,284,43,10,53,164,44*63
$GIGSV,1,1,02,09,27,284,43,10,53,164,44*63
$GIGSV,1,1,02,09,27,284,43,10,53,164,44*63
$GIGSV,1,1,02,09,27,284,43,10,53,164,44*63
$GIGSV,1,1,02,09,27,284,43,10,53,164,44*63
$GIGSV,1,1,02,09,27,284,43,10,53,164,44*63
$GIGSV,1,1,02,09,27,284,43,10,53,164,44*63
$GIGSV,1,1,02,09,27,284,43,10,53,164,44*63
$GIGSV,1,1,02,09,27,284,43,10,53,164,44*63
$GIGSV,1,1,02,09,27,284,43,10,53,164,44*63
$GIGSV,1,1,02,09,27,284,43,10,53,164,44*63
$GIGSV,1,1,02,09,27,284,43,10,53,164,44*63
$GIGSV,1,1,02,09,27,284,43,10,53,164,44*63
$GIGSV,1,1,02,09,27,284,43,10,53,164,44*63
$GIGSV,1,1,02,09,27,284,43,10,53,164,44*63
$GIGSV,1,1,02,09,27,284,43,10,53,164,44*63
$GIGSV,1,1,02,09,27,284,43,10,53,164,44*63
$GIGSV,1,1,02,09,27,284,43,10,53,164,44*63
$GIGSV,1,1,02,09,27,284,43,10,53,164,44*63
$GIGSV,1,1,02,09,27,284,43,10,53,164,44*63
$GIGSV,1,1,02,09,27,284,43,10,53,164,44*63
$GIGSV,1,1,02,09,27,284,43,10,53,164,44*63
$GIGSV,1,1,02,09,27,284,43,10,53,164,44*63
$GIGSV,1,1,02,09,27,284,43,10,53,164,44*63
$GIGSV,1,1,02,09,27,284,43,10,53,164,45*62
$GIGSV,1,1,02,09,27,284,43,10,53,164,45*62
$GIGSV,1,1,02,09,27,284,43,10,53,164,45*62
$GIGSV,1,1,02,09,27,284,43,10,53,164,45*62
$GIGSV,1,1,02,09,27,284,43,10,53,164,45*62
$GIGSV,1,1,02,09,27,284,43,10,53,164,45*62
$GIGSV,1,1,02,09,27,284,43,10,53,164,45*62
$GIGSV,1,1,02,09,27,284,43,10,53,164,45*62
$GIGSV,1,1,02,09,27,284,43,10,53,164,45*62
$GIGSV,1,1,02,09,27,284,43,10,53,164,45*62
$GIGSV,1,1,02,09,27,284,43,10,53,164,45*62
$GIGSV,1,1,02,09,27,284,43,10,53,164,45*62
$GIGSV,1,1,02,09,27,284,43,10,53,164,45*62
$GIGSV,1,1,02,09,27,284,43,10,53,164,45*62
$GIGSV,1,1,02,09,27,284,43,10,53,164,45*62
$GIGSV,1,1,02,09,27,284,43,10,53,164,45*62
$GIGSV,1,1,02,09,27,284,43,10,53,164,45*62
$GIGSV,1,1,02,09,27,284,43,10,53,164,45*62
$GIGSV,1,1,02,09,27,284,43,10,53,164,45*62
$GIGSV,1,1,02,09,27,284,43,10,53,164,45*62
$GIGSV,1,1,02,09,27,284,43,10,53,164,45*62
$GIGSV,1,1,02,09,27,284,43,10,53,164,45*62
$GIGSV,1,1,02,09,27,284,43,10,53,164,45*62
$GIGSV,1,1,02,09,27,284,43,10,53,164,45*62
$GIGSV,1,1,02,09,27,284,43,10,53,164,45*62
$GIGSV,1,1,02,09,27,284,43,10,53,164,45*62
$GIGSV,1,1,02,09,27,284,43,10,53,164,45*62
$GIGSV,1,1,02,09,27,284,43,10,53,164,45*62
$GIGSV,1,1,02,09,27,284,43,10,53,164,45*62
$GIGSV,1,1,02,09,27,284,43,10,53,164,45*62
$GIGSV,1,1,02,09,27,284,43,10,53,164,45*62
$GIGSV,1,1,02,09,27,284,43,10,53,164,45*62
$GIGSV,1,1,02,09,27,284,43,10,53,164,45*62
$GIGSV,1,1,02,09,27,284,43,10,53,164,45*62
$GIGSV,1,1,02,09,27,284,43,10,53,164,45*62
$GIGSV,1,1,02,09,27,284,43,10,53,164,45*62
$GIGSV,1,1,02,09,27,284,43,10,53,164,45*62
$GIGSV,1,1,02,09,27,284,43,10,53,164,45*62
$GIGSV,1,1,02,09,27,284,43,10,53,164,45*62
$GIGSV,1,1,02,09,27,284,43,10,53,164,45*62
$GIGSV,1,1,02,09,27,284,43,10,53,164,45*62
$GIGSV,1,1,02,09,27,284,43,10,53,164,45*62
$GIGSV,1,1,02,09,27,284,43,10,53,164,45*62
$GIGSV,1,1,02,09,27,284,43,10,53,164,44*63
$GIGSV,1,1,02,09,27,284,43,10,53,164,44*63
$GIGSV,1,1,02,09,27,284,43,10,53,164,44*63
$GIGSV,1,1,02,09,27,284,43,10,53,164,44*63
$GIGSV,1,1,02,09,27,284,43,10,53,164,44*63
$GIGSV,1,1,02,09,27,284,43,10,53,164,44*63
$GIGSV,1,1,02,09,27,284,43,10,53,164,44*63
$GIGSV,1,1,02,09,27,284,43,10,53,164,44*63
$GIGSV,1,1,02,09,27,284,43,10,53,164,44*63
$GIGSV,1,1,02,09,27,284,43,10,53,164,44*63
$GIGSV,1,1,02,09,27,284,43,10,53,164,44*63
$GIGSV,1,1,02,09,27,284,43,10,53,164,44*63
$GIGSV,1,1,02,09,27,284,43,10,53,164,44*63
$GIGSV,1,1,02,09,27,284,43,10,53,164,44*63
$GIGSV,1,1,02,09,27,284,43,10,53,164,44*63
$GIGSV,1,1,02,09,27,284,43,10,53,164,44*63
$GIGSV,1,1,02,09,27,284,43,10,53,164,44*63
$GIGSV,1,1,02,09,27,284,43,10,53,164,44*63
$GIGSV,1,1,02,09,27,284,43,10,53,164,44*63
$GIGSV,1,1,02,09,27,284,43,10,53,164,44*63
$GIGSV,1,1,02,09,27,284,43,10,53,164,44*63
$GIGSV,1,1,02,09,27,284,43,10,53,164,44*63
$GIGSV,1,1,02,09,27,284,43,10,53,164,44*63
$GIGSV,1,1,02,09,27,284,43,10,53,164,44*63
$GIGSV,1,1,02,09,27,284,43,10,53,164,44*63
$GIGSV,1,1,02,09,27,284,43,10,53,164,44*63
$GIGSV,1,1,02,09,27,284,43,10,53,164,44*63
$GIGSV,1,1,02,09,27,284,43,10,53,164,44*63
$GIGSV,1,1,02,09,27,284,43,10,53,164,44*63
$GIGSV,1,1,02,09,27,284,43,10,53,164,44*63
$GIGSV,1,1,02,09,27,284,43,10,53,164,44*63
$GIGSV,1,1,02,09,27,284,43,10,53,164,44*63
$GIGSV,1,1,02,09,27,284,43,10,53,164,44*63
$GIGSV,1,1,02,09,27,284,43,10,53,164,44*63
$GIGSV,1,1,02,09,27,284,43,10,53,164,44*63
$GIGSV,1,1,02,09,27,284,43,10,53,164,44*63
$GIGSV,1,1,02,09,27,284,43,10,53,164,44*63
$GIGSV,1,1,02,09,27,284,43,10,53,164,44*63
$GIGSV,1,1,02,09,27,284,43,10,53,164,44*63
$GIGSV,1,1,02,09,27,284,43,10,53,164,44*63
$GIGSV,1,1,02,09,27,284,43,10,53,164,44*63
$GIGSV,1,1,02,09,27,284,43,10,53,164,44*63
$GIGSV,1,1,02,09,27,284,43,10,53,164,44*63
$GIGSV,1,1,02,09,27,284,43,10,53,164,45*62
$GIGSV,1,1,02,09,27,284,43,10,53,164,45*62
$GIGSV,1,1,02,09,27,284,43,10,53,164,44*63
$GIGSV,1,1,02,09,27,284,43,10,53,164,44*63
$GIGSV,1,1,02,09,27,284,43,10,53,164,45*62
$GIGSV,1,1,02,09,27,284,43,10,53,164,45*62
$GIGSV,1,1,02,09,27,284,43,10,53,164,45*62
$GIGSV,1,1,02,09,27,284,43,10,53,164,45*62
$GIGSV,1,1,02,09,27,284,43,10,53,164,45*62
$GIGSV,1,1,02,09,27,284,42,10,53,164,45*63
$GIGSV,1,1,02,09,27,284,42,10,53,164,45*63
$GIGSV,1,1,02,09,27,284,42,10,53,164,45*63
$GIGSV,1,1,02,09,27,284,42,10,53,164,45*63
$GIGSV,1,1,02,09,27,284,42,10,53,164,45*63
$GIGSV,1,1,02,09,27,284,42,10,53,164,45*63
$GIGSV,1,1,02,09,27,284,42,10,53,164,45*63
$GIGSV,1,1,02,09,27,284,42,10,53,164,45*63
$GIGSV,1,1,02,09,27,284,42,10,53,164,45*63
$GIGSV,1,1,02,09,27,284,42,10,53,164,45*63
$GIGSV,1,1,02,09,27,284,42,10,53,164,45*63
$GIGSV,1,1,02,09,27,284,42,10,53,164,45*63
$GIGSV,1,1,02,09,27,284,42,10,53,164,45*63
$GIGSV,1,1,02,09,27,284,42,10,53,164,45*63
$GIGSV,1,1,02,09,27,284,42,10,53,164,45*63
$GIGSV,1,1,02,09,27,284,42,10,53,164,45*63
$GIGSV,1,1,02,09,27,284,42,10,53,164,45*63
$GIGSV,1,1,02,09,27,284,42,10,53,164,45*63
$GIGSV,1,1,02,09,27,284,42,10,53,164,45*63
$GIGSV,1,1,02,09,27,284,42,10,53,164,45*63
$GIGSV,1,1,02,09,27,284,42,10,53,164,45*63
$GIGSV,1,1,02,09,27,284,42,10,53,164,45*63
$GIGSV,1,1,02,09,27,284,41,10,53,164,45*60
$GIGSV,1,1,02,09,27,284,41,10,53,164,45*60
$GIGSV,1,1,02,09,27,284,41,10,53,164,45*60
$GIGSV,1,1,02,09,27,284,41,10,53,164,45*60
$GIGSV,1,1,02,09,27,284,41,10,53,164,45*60
$GIGSV,1,1,02,09,27,284,41,10,53,164,45*60
$GIGSV,1,1,02,09,27,284,41,10,53,164,45*60
$GIGSV,1,1,02,09,27,284,41,10,53,164,45*60
$GIGSV,1,1,02,09,27,284,41,10,53,164,46*63
$GIGSV,1,1,02,09,27,284,41,10,53,164,46*63
$GIGSV,1,1,02,09,27,284,41,10,53,164,46*63
$GIGSV,1,1,02,09,27,284,41,10,53,164,46*63
$GIGSV,1,1,02,09,27,284,41,10,53,164,46*63
$GIGSV,1,1,02,09,27,284,41,10,53,164,46*63
$GIGSV,1,1,02,09,27,284,41,10,53,164,46*63
$GIGSV,1,1,02,09,27,284,41,10,53,164,46*63
$GIGSV,1,1,02,09,27,284,41,10,53,164,46*63
$GIGSV,1,1,02,09,27,284,41,10,53,164,46*63
$GIGSV,1,1,02,09,27,284,41,10,53,164,46*63
$GIGSV,1,1,02,09,27,284,41,10,53,164,46*63
$GIGSV,1,1,02,09,27,284,41,10,53,164,46*63
$GIGSV,1,1,02,09,27,284,41,10,53,164,46*63
$GIGSV,1,1,02,09,27,284,41,10,53,164,46*63
$GIGSV,1,1,02,09,27,284,41,10,53,164,46*63
$GIGSV,1,1,02,09,27,284,41,10,53,164,46*63
$GIGSV,1,1,02,09,27,284,41,10,53,164,46*63
$GIGSV,1,1,02,09,27,284,41,10,53,164,46*63
$GIGSV,1,1,02,09,27,284,41,10,53,164,46*63
$GIGSV,1,1,02,09,27,284,40,10,53,164,46*62
$GIGSV,1,1,02,09,27,284,40,10,53,164,46*62
$GIGSV,1,1,02,09,27,284,40,10,53,164,46*62
$GIGSV,1,1,02,09,27,284,40,10,53,164,46*62
$GIGSV,1,1,02,09,27,284,40,10,53,164,46*62
$GIGSV,1,1,02,09,27,284,40,10,53,164,46*62
$GIGSV,1,1,02,09,27,284,40,10,53,164,46*62
$GIGSV,1,1,02,09,27,284,40,10,53,164,46*62
$GIGSV,1,1,02,09,27,284,40,10,53,164,46*62
$GIGSV,1,1,02,09,27,284,40,10,53,164,46*62
$GIGSV,1,1,02,09,27,284,40,10,53,164,46*62
$GIGSV,1,1,02,09,27,284,40,10,53,164,46*62
$GIGSV,1,1,02,09,27,284,40,10,53,164,46*62
$GIGSV,1,1,02,09,27,284,40,10,53,164,46*62
$GIGSV,1,1,02,09,27,284,40,10,53,164,46*62
$GIGSV,1,1,02,09,27,284,40,10,53,164,46*62
$GIGSV,1,1,02,09,27,284,40,10,53,164,46*62
$GIGSV,1,1,02,09,27,284,40,10,53,164,46*62
$GIGSV,1,1,02,09,27,284,40,10,53,164,45*61
$GIGSV,1,1,02,09,27,284,40,10,53,164,45*61
$GIGSV,1,1,02,09,27,284,40,10,53,164,46*62
$GIGSV,1,1,02,09,27,284,40,10,53,164,46*62
$GIGSV,1,1,02,09,27,284,40,10,53,164,46*62
$GIGSV,1,1,02,09,27,284,40,10,53,164,46*62
$GIGSV,1,1,02,09,27,284,40,10,53,164,46*62
$GIGSV,1,1,02,09,27,284,40,10,53,164,46*62
$GIGSV,1,1,02,09,27,284,40,10,53,164,46*62
$GIGSV,1,1,02,09,27,284,40,10,53,164,46*62
$GIGSV,1,1,02,09,27,284,40,10,53,164,46*62
$GIGSV,1,1,02,09,27,284,40,10,53,164,46*62
$GIGSV,1,1,02,09,27,284,40,10,53,164,46*62
$GIGSV,1,1,02,09,27,284,40,10,53,164,46*62
$GIGSV,1,1,02,09,27,284,40,10,53,164,46*62
$GIGSV,1,1,02,09,27,284,40,10,53,164,46*62
$GIGSV,1,1,02,09,27,284,40,10,53,164,46*62
$GIGSV,1,1,02,09,27,284,40,10,53,164,46*62
$GIGSV,1,1,02,09,27,284,40,10,53,164,46*62
$GIGSV,1,1,02,09,27,284,40,10,53,164,46*62
$GIGSV,1,1,02,09,27,284,40,10,53,164,46*62
$GIGSV,1,1,02,09,27,284,40,10,53,164,46*62
$GIGSV,1,1,02,09,27,284,40,10,53,164,46*62
$GIGSV,1,1,02,09,27,284,40,10,53,164,45*61
$GIGSV,1,1,02,09,27,284,40,10,53,164,45*61
$GIGSV,1,1,02,09,27,284,40,10,53,164,45*61
$GIGSV,1,1,02,09,27,284,40,10,53,164,45*61
$GIGSV,1,1,02,09,27,284,40,10,53,164,45*61
$GIGSV,1,1,02,09,27,284,40,10,53,164,45*61
$GIGSV,1,1,02,09,27,284,40,10,53,164,45*61
$GIGSV,1,1,02,09,27,284,40,10,53,164,45*61
$GIGSV,1,1,02,09,27,284,40,10,53,164,45*61
$GIGSV,1,1,02,09,27,284,40,10,53,164,45*61
$GIGSV,1,1,02,09,27,284,40,10,53,164,45*61
$GIGSV,1,1,02,09,27,284,40,10,53,164,45*61
$GIGSV,1,1,02,09,27,284,40,10,53,164,45*61
$GIGSV,1,1,02,09,27,284,40,10,53,164,45*61
$GIGSV,1,1,02,09,27,284,40,10,53,164,45*61
$GIGSV,1,1,02,09,27,284,40,10,53,164,45*61
$GIGSV,1,1,02,09,27,284,40,10,53,164,45*61
$GIGSV,1,1,02,09,27,284,40,10,53,164,45*61
$GIGSV,1,1,02,09,27,284,40,10,53,164,45*61
$GIGSV,1,1,02,09,27,284,40,10,53,164,45*61
$GIGSV,1,1,02,09,27,284,40,10,53,164,45*61
$GIGSV,1,1,02,09,27,284,40,10,53,164,45*61
$GIGSV,1,1,02,09,27,284,40,10,53,164,45*61
$GIGSV,1,1,02,09,27,284,40,10,53,164,45*61
$GIGSV,1,1,02,09,27,284,40,10,53,164,45*61
$GIGSV,1,1,02,09,27,284,40,10,53,164,45*61
$GIGSV,1,1,02,09,27,284,40,10,53,164,45*61
$GIGSV,1,1,02,09,27,284,40,10,53,164,45*61
$GIGSV,1,1,02,09,27,284,40,10,53,164,45*61
$GIGSV,1,1,02,09,27,284,40,10,53,164,45*61
$GIGSV,1,1,02,09,27,284,40,10,53,164,46*62
$GIGSV,1,1,02,09,27,284,40,10,53,164,46*62
$GIGSV,1,1,02,09,27,284,40,10,53,164,46*62
$GIGSV,1,1,02,09,27,284,40,10,53,164,46*62
$GIGSV,1,1,02,09,27,284,40,10,53,164,46*62
$GIGSV,1,1,02,09,27,284,40,10,53,164,46*62
$GIGSV,1,1,02,09,27,284,40,10,53,164,46*62
$GIGSV,1,1,02,09,27,284,39,10,53,164,46*6C
$GIGSV,1,1,02,09,27,284,39,10,53,164,46*6C
$GIGSV,1,1,02,09,27,284,39,10,53,164,46*6C
$GIGSV,1,1,02,09,27,284,39,10,53,164,46*6C
$GIGSV,1,1,02,09,27,284,39,10,53,164,46*6C
$GIGSV,1,1,02,09,27,284,39,10,53,164,46*6C
$GIGSV,1,1,02,09,27,284,39,10,53,164,46*6C
$GIGSV,1,1,02,09,27,284,39,10,53,164,46*6C
$GIGSV,1,1,02,09,27,284,40,10,53,164,46*62
$GIGSV,1,1,02,09,27,284,40,10,53,164,46*62
$GIGSV,1,1,02,09,27,284,40,10,53,164,46*62
$GIGSV,1,1,02,09,27,284,40,10,53,164,46*62
$GIGSV,1,1,02,09,27,284,40,10,53,164,46*62
$GIGSV,1,1,02,09,27,284,40,10,53,164,46*62
$GIGSV,1,1,02,09,27,284,40,10,53,164,46*62
$GIGSV,1,1,02,09,27,284,40,10,53,164,47*63
$GIGSV,1,1,02,09,27,284,40,10,53,164,47*63
$GIGSV,1,1,02,09,27,284,40,10,53,164,47*63
$GIGSV,1,1,02,09,27,284,40,10,53,164,47*63
$GIGSV,1,1,02,09,27,284,40,10,53,164,47*63
$GIGSV,1,1,02,09,27,284,40,10,53,164,47*63
$GIGSV,1,1,02,09,27,284,40,10,53,164,47*63
$GIGSV,1,1,02,09,27,284,40,10,53,164,47*63
$GIGSV,1,1,02,09,27,284,40,10,53,164,47*63
$GIGSV,1,1,02,09,27,284,40,10,53,164,47*63
$GIGSV,1,1,02,09,27,284,40,10,53,164,47*63
$GIGSV,1,1,02,09,27,284,40,10,53,164,47*63
$GIGSV,1,1,02,09,27,284,40,10,53,164,47*63
$GIGSV,1,1,02,09,27,284,40,10,53,164,47*63
$GIGSV,1,1,02,09,27,284,40,10,53,164,47*63
$GIGSV,1,1,02,09,27,284,40,10,53,164,47*63
$GIGSV,1,1,02,09,27,284,40,10,53,164,47*63
$GIGSV,1,1,02,09,27,284,40,10,53,164,47*63
$GIGSV,1,1,02,09,27,284,40,10,53,164,47*63
$GIGSV,1,1,02,09,27,284,40,10,53,164,47*63
$GIGSV,1,1,02,09,27,284,40,10,53,164,47*63
$GIGSV,1,1,02,09,27,284,40,10,53,164,47*63
$GIGSV,1,1,02,09,27,284,40,10,53,164,47*63
$GIGSV,1,1,02,09,27,284,40,10,53,164,47*63
$GIGSV,1,1,02,09,27,284,40,10,53,164,47*63
$GIGSV,1,1,02,09,27,284,40,10,53,164,47*63
$GIGSV,1,1,02,09,27,284,40,10,53,164,47*63
$GIGSV,1,1,02,09,27,284,40,10,53,164,47*63
$GIGSV,1,1,02,09,27,284,40,10,53,164,47*63
$GIGSV,1,1,02,09,27,284,40,10,53,164,47*63
$GIGSV,1,1,02,09,27,284,40,10,53,164,47*63
$GIGSV,1,1,02,09,27,284,40,10,53,164,47*63
$GIGSV,1,1,02,09,27,284,40,10,53,164,47*63
$GIGSV,1,1,02,09,27,284,40,10,53,164,47*63
$GIGSV,1,1,02,09,27,284,40,10,53,164,47*63
$GIGSV,1,1,02,09,27,284,40,10,53,164,47*63
$GIGSV,1,1,02,09,27,284,40,10,53,164,47*63
$GIGSV,1,1,02,09,27,284,40,10,53,164,47*63
$GIGSV,1,1,02,09,27,284,40,10,53,164,47*63
$GIGSV,1,1,02,09,27,284,40,10,53,164,47*63
$GIGSV,1,1,02,09,27,284,40,10,53,164,47*63
$GIGSV,1,1,02,09,27,284,40,10,53,164,47*63
$GIGSV,1,1,02,09,27,284,40,10,53,164,47*63
$GIGSV,1,1,02,09,27,284,40,10,53,164,47*63
$GIGSV,1,1,02,09,27,284,40,10,53,164,47*63
$GIGSV,1,1,02,09,27,284,40,10,53,164,47*63
$GIGSV,1,1,02,09,27,284,40,10,53,164,47*63
$GIGSV,1,1,02,09,27,284,40,10,53,164,47*63
$GIGSV,1,1,02,09,27,284,40,10,53,164,47*63
$GIGSV,1,1,02,09,27,284,40,10,53,164,47*63
$GIGSV,1,1,02,09,27,284,40,10,53,164,47*63
$GIGSV,1,1,02,09,27,284,40,10,53,164,47*63
$GIGSV,1,1,02,09,27,284,40,10,53,164,47*63
$GIGSV,1,1,02,09,27,284,40,10,53,164,47*63
$GIGSV,1,1,02,09,27,284,39,10,53,164,47*6D
$GIGSV,1,1,02,09,27,284,40,10,53,164,47*63
$GIGSV,1,1,02,09,27,284,40,10,53,164,47*63
$GIGSV,1,1,02,09,27,284,40,10,53,164,47*63
$GIGSV,1,1,02,09,27,284,40,10,53,164,47*63
$GIGSV,1,1,02,09,27,284,40,10,53,164,47*63
$GIGSV,1,1,02,09,27,284,40,10,53,164,47*63
$GIGSV,1,1,02,09,27,284,40,10,53,164,47*63
$GIGSV,1,1,02,09,27,284,40,10,53,164,47*63
$GIGSV,1,1,02,09,27,284,40,10,53,164,46*62
$GIGSV,1,1,02,09,27,284,40,10,53,164,46*62
$GIGSV,1,1,02,09,27,284,40,10,53,164,46*62
$GIGSV,1,1,02,09,27,284,40,10,53,164,46*62
$GIGSV,1,1,02,09,27,284,40,10,53,164,46*62
$GIGSV,1,1,02,09,27,284,40,10,53,164,46*62
$GIGSV,1,1,02,09,27,284,40,10,53,164,46*62
$GIGSV,1,1,02,09,27,284,40,10,53,164,46*62
$GIGSV,1,1,02,09,27,284,40,10,53,164,46*62
$GIGSV,1,1,02,09,27,284,40,10,53,164,46*62
$GIGSV,1,1,02,09,27,284,40,10,53,164,46*62
$GIGSV,1,1,02,09,27,284,40,10,53,164,46*62
$GIGSV,1,1,02,09,27,284,40,10,53,164,46*62
$GIGSV,1,1,02,09,27,284,40,10,53,164,46*62
$GIGSV,1,1,02,09,27,284,40,10,53,164,46*62
$GIGSV,1,1,02,09,27,284,40,10,53,164,46*62
$GIGSV,1,1,02,09,27,284,40,10,53,164,46*62
$GIGSV,1,1,02,09,27,284,40,10,53,164,46*62
$GIGSV,1,1,02,09,27,284,40,10,53,164,46*62
$GIGSV,1,1,02,09,27,284,40,10,53,164,46*62
$GIGSV,1,1,02,09,27,284,40,10,53,164,46*62
$GIGSV,1,1,02,09,27,284,40,10,53,164,46*62
$GIGSV,1,1,02,09,27,284,40,10,53,164,46*62
$GIGSV,1,1,02,09,27,284,40,10,53,164,46*62
$GIGSV,1,1,02,09,27,284,40,10,53,164,46*62
$GIGSV,1,1,02,09,27,284,40,10,53,164,46*62
$GIGSV,1,1,02,09,27,284,40,10,53,164,46*62
$GIGSV,1,1,02,09,27,284,40,10,53,164,46*62
$GIGSV,1,1,02,09,27,284,39,10,53,164,46*6C
$GIGSV,1,1,02,09,27,284,40,10,53,164,46*62
$GIGSV,1,1,02,09,27,284,40,10,53,164,46*62
$GIGSV,1,1,02,09,27,284,40,10,53,164,46*62
$GIGSV,1,1,02,09,27,284,40,10,53,164,46*62
$GIGSV,1,1,02,09,27,284,40,10,53,164,46*62
$GIGSV,1,1,02,09,27,284,40,10,53,164,46*62
$GIGSV,1,1,02,09,27,284,40,10,53,164,46*62
$GIGSV,1,1,02,09,27,284,40,10,53,164,46*62
$GIGSV,1,1,02,09,27,284,40,10,53,164,46*62
$GIGSV,1,1,02,09,27,284,40,10,53,164,46*62
$GIGSV,1,1,02,09,27,284,40,10,53,164,46*62
$GIGSV,1,1,02,09,27,284,40,10,53,164,45*61
$GIGSV,1,1,02,09,27,284,40,10,53,164,45*61
$GIGSV,1,1,02,09,27,284,40,10,53,164,45*61
$GIGSV,1,1,02,09,27,284,40,10,53,164,45*61
$GIGSV,1,1,02,09,27,284,40,10,53,164,45*61
$GIGSV,1,1,02,09,27,284,40,10,53,164,45*61
$GIGSV,1,1,02,09,27,284,40,10,53,164,45*61
$GIGSV,1,1,02,09,27,284,40,10,53,164,45*61
$GIGSV,1,1,02,09,27,284,40,10,53,164,45*61
$GIGSV,1,1,02,09,27,284,40,10,53,164,45*61
$GIGSV,1,1,02,09,27,284,40,10,53,164,45*61
$GIGSV,1,1,02,09,27,284,40,10,53,164,45*61
$GIGSV,1,1,02,09,27,284,40,10,53,164,45*61
$GIGSV,1,1,02,09,27,284,40,10,53,164,45*61
$GIGSV,1,1,02,09,27,284,40,10,53,164,45*61
$GIGSV,1,1,02,09,27,284,40,10,53,164,45*61
$GIGSV,1,1,02,09,27,284,39,10,53,164,45*6F
$GIGSV,1,1,02,09,27,284,39,10,53,164,45*6F
$GIGSV,1,1,02,09,27,284,39,10,53,164,45*6F
$GIGSV,1,1,02,09,27,284,39,10,53,164,45*6F
$GIGSV,1,1,02,09,27,284,39,10,53,164,45*6F
$GIGSV,1,1,02,09,27,284,39,10,53,164,45*6F
$GIGSV,1,1,02,09,27,284,39,10,53,164,45*6F
$GIGSV,1,1,02,09,27,284,39,10,53,164,45*6F
$GIGSV,1,1,02,09,27,284,39,10,53,164,45*6F
$GIGSV,1,1,02,09,27,284,39,10,53,164,45*6F
$GIGSV,1,1,02,09,27,284,39,10,53,164,45*6F
$GIGSV,1,1,02,09,27,284,39,10,53,164,45*6F
$GIGSV,1,1,02,09,27,284,39,10,53,164,45*6F
$GIGSV,1,1,02,09,27,284,39,10,53,164,45*6F
$GIGSV,1,1,02,09,27,284,39,10,53,164,45*6F
$GIGSV,1,1,02,09,27,284,39,10,53,164,45*6F
$GIGSV,1,1,02,09,27,284,40,10,53,164,45*61
$GIGSV,1,1,02,09,27,284,40,10,53,164,45*61
$GIGSV,1,1,02,09,27,284,40,10,53,164,45*61
$GIGSV,1,1,02,09,27,284,40,10,53,164,45*61
$GIGSV,1,1,02,09,27,284,40,10,53,164,45*61
$GIGSV,1,1,02,09,27,284,40,10,53,164,45*61
$GIGSV,1,1,02,09,27,284,40,10,53,164,45*61
$GIGSV,1,1,02,09,27,284,40,10,53,164,45*61
$GIGSV,1,1,02,09,27,284,40,10,53,164,45*61
$GIGSV,1,1,02,09,27,284,40,10,53,164,45*61
$GIGSV,1,1,02,09,27,284,40,10,53,164,45*61
$GIGSV,1,1,02,09,27,284,40,10,53,164,45*61
$GIGSV,1,1,02,09,27,284,40,10,53,164,45*61
$GIGSV,1,1,02,09,27,284,40,10,53,164,45*61
$GIGSV,1,1,02,09,27,284,40,10,53,164,45*61
$GIGSV,1,1,02,09,27,284,40,10,53,164,45*61
$GIGSV,1,1,02,09,27,284,40,10,53,164,45*61
$GIGSV,1,1,02,09,27,284,40,10,53,164,44*60
$GIGSV,1,1,02,09,27,284,40,10,53,164,44*60
$GIGSV,1,1,02,09,27,284,40,10,53,164,44*60
$GIGSV,1,1,02,09,27,284,40,10,53,164,44*60
$GIGSV,1,1,02,09,27,284,40,10,53,164,44*60
$GIGSV,1,1,02,09,27,284,40,10,53,164,44*60
$GIGSV,1,1,02,09,27,284,40,10,53,164,44*60
$GIGSV,1,1,02,09,27,284,40,10,53,164,44*60
$GIGSV,1,1,02,09,27,284,40,10,53,164,44*60
$GIGSV,1,1,02,09,27,284,40,10,53,164,44*60
$GIGSV,1,1,02,09,27,284,40,10,53,164,44*60
$GIGSV,1,1,02,09,27,284,40,10,53,164,44*60
$GIGSV,1,1,02,09,27,284,40,10,53,164,44*60
$GIGSV,1,1,02,09,27,284,40,10,53,164,44*60
$GIGSV,1,1,02,09,27,284,40,10,53,164,44*60
$GIGSV,1,1,02,09,27,284,40,10,53,164,44*60
$GIGSV,1,1,02,09,27,284,40,10,53,164,44*60
$GIGSV,1,1,02,09,27,284,40,10,53,164,44*60
$GIGSV,1,1,02,09,27,284,40,10,53,164,44*60
$GIGSV,1,1,02,09,27,284,40,10,53,164,44*60
$GIGSV,1,1,02,09,27,284,40,10,53,164,44*60
$GIGSV,1,1,02,09,27,284,40,10,53,164,44*60
$GIGSV,1,1,02,09,27,284,40,10,53,164,44*60
$GIGSV,1,1,02,09,27,284,40,10,53,164,44*60
$GIGSV,1,1,02,09,27,284,40,10,53,164,44*60
$GIGSV,1,1,02,09,27,284,40,10,53,164,44*60
$GIGSV,1,1,02,09,27,284,40,10,53,164,44*60
$GIGSV,1,1,02,09,27,284,40,10,53,164,44*60
$GIGSV,1,1,02,09,27,284,40,10,53,164,44*60
$GIGSV,1,1,02,09,27,284,40,10,53,164,44*60
$GIGSV,1,1,02,09,27,284,40,10,53,164,44*60
$GIGSV,1,1,02,09,27,284,40,10,53,164,44*60
$GIGSV,1,1,02,09,27,284,40,10,53,164,44*60
$GIGSV,1,1,02,09,27,284,40,10,53,164,44*60
$GIGSV,1,1,02,09,27,284,40,10,53,164,44*60
$GIGSV,1,1,02,09,27,284,40,10,53,164,44*60
$GIGSV,1,1,02,09,27,284,40,10,53,164,44*60
$GIGSV,1,1,02,09,27,284,40,10,53,164,44*60
$GIGSV,1,1,02,09,27,284,40,10,53,164,44*60
$GIGSV,1,1,02,09,27,284,40,10,53,164,44*60
$GIGSV,1,1,02,09,27,284,40,10,53,164,44*60
$GIGSV,1,1,02,09,27,284,40,10,53,164,44*60
$GIGSV,1,1,02,09,27,284,40,10,53,164,44*60
$GIGSV,1,1,02,09,27,284,40,10,53,164,44*60
$GIGSV,1,1,02,09,27,284,40,10,53,164,44*60
$GIGSV,1,1,02,09,27,284,40,10,53,164,44*60
$GIGSV,1,1,02,09,27,284,40,10,53,164,44*60
$GIGSV,1,1,02,09,27,284,40,10,53,164,44*60
$GIGSV,1,1,02,09,27,284,40,10,53,164,43*67
$GIGSV,1,1,02,09,27,284,40,10,53,164,43*67
$GIGSV,1,1,02,09,27,284,40,10,53,164,43*67
$GIGSV,1,1,02,09,27,284,40,10,53,164,43*67
$GIGSV,1,1,02,09,27,284,40,10,53,164,43*67
$GIGSV,1,1,02,09,27,284,40,10,53,164,43*67
$GIGSV,1,1,02,09,27,284,40,10,53,164,43*67
$GIGSV,1,1,02,09,27,284,40,10,53,164,43*67
$GIGSV,1,1,02,09,27,284,40,10,53,164,43*67
$GIGSV,1,1,02,09,27,284,40,10,53,164,43*67
$GIGSV,1,1,02,09,27,284,40,10,53,164,43*67
$GIGSV,1,1,02,09,27,284,40,10,53,164,43*67
$GIGSV,1,1,02,09,27,284,40,10,53,164,43*67
$GIGSV,1,1,02,09,27,284,40,10,53,164,43*67
$GIGSV,1,1,02,09,27,284,40,10,53,164,43*67
$GIGSV,1,1,02,09,27,284,40,10,53,164,43*67
$GIGSV,1,1,02,09,27,284,40,10,53,164,43*67
$GIGSV,1,1,02,09,27,284,40,10,53,164,43*67
$GIGSV,1,1,02,09,27,284,40,10,53,164,44*60
$GIGSV,1,1,02,09,27,284,40,10,53,164,44*60
$GIGSV,1,1,02,09,27,284,40,10,53,164,44*60
$GIGSV,1,1,02,09,27,284,40,10,53,164,44*60
$GIGSV,1,1,02,09,27,284,40,10,53,164,44*60
$GIGSV,1,1,02,09,27,284,40,10,53,164,44*60
$GIGSV,1,1,02,09,27,284,40,10,53,164,44*60
$GIGSV,1,1,02,09,27,284,40,10,53,164,44*60
$GIGSV,1,1,02,09,27,284,40,10,53,164,44*60
$GIGSV,1,1,02,09,27,284,40,10,53,164,44*60
$GIGSV,1,1,02,09,27,284,40,10,53,164,44*60
$GIGSV,1,1,02,09,27,284,40,10,53,164,44*60
$GIGSV,1,1,02,09,27,284,40,10,53,164,44*60
$GIGSV,1,1,02,09,27,284,40,10,53,164,44*60
$GIGSV,1,1,02,09,27,284,40,10,53,164,44*60
$GIGSV,1,1,02,09,27,284,40,10,53,164,44*60
$GIGSV,1,1,02,09,27,284,40,10,53,164,44*60
$GIGSV,1,1,02,09,27,284,40,10,53,164,44*60
$GIGSV,1,1,02,09,27,284,40,10,53,164,44*60
$GIGSV,1,1,02,09,27,284,40,10,53,164,44*60
$GIGSV,1,1,02,09,27,284,40,10,53,164,44*60
$GIGSV,1,1,02,09,27,284,40,10,53,164,45*61
$GIGSV,1,1,02,09,27,284,40,10,53,164,45*61
$GIGSV,1,1,02,09,27,284,40,10,53,164,45*61
$GIGSV,1,1,02,09,27,284,40,10,53,164,44*60
$GIGSV,1,1,02,09,27,284,40,10,53,164,44*60
$GIGSV,1,1,02,09,27,284,39,10,53,164,44*6E
$GIGSV,1,1,02,09,27,284,39,10,53,164,44*6E
$GIGSV,1,1,02,09,27,284,39,10,53,164,44*6E
$GIGSV,1,1,02,09,27,284,39,10,53,164,44*6E
$GIGSV,1,1,02,09,27,284,39,10,53,164,44*6E
$GIGSV,1,1,02,09,27,284,39,10,53,164,44*6E
$GIGSV,1,1,02,09,27,284,39,10,53,164,44*6E
$GIGSV,1,1,02,09,27,284,39,10,53,164,44*6E
$GIGSV,1,1,02,09,27,284,39,10,53,164,44*6E
$GIGSV,1,1,02,09,27,284,39,10,53,164,44*6E
$GIGSV,1,1,02,09,27,284,39,10,53,164,44*6E
$GIGSV,1,1,02,09,27,284,39,10,53,164,44*6E
$GIGSV,1,1,02,09,27,284,39,10,53,164,44*6E
$GIGSV,1,1,02,09,27,284,39,10,53,164,44*6E
$GIGSV,1,1,02,09,27,284,39,10,53,164,44*6E
$GIGSV,1,1,02,09,27,284,39,10,53,164,44*6E
$GIGSV,1,1,02,09,27,284,39,10,53,164,44*6E
$GIGSV,1,1,02,09,27,284,39,10,53,164,44*6E
$GIGSV,1,1,02,09,27,284,40,10,53,164,44*60
$GIGSV,1,1,02,09,27,284,40,10,53,164,44*60
$GIGSV,1,1,02,09,27,284,40,10,53,164,44*60
$GIGSV,1,1,02,09,27,284,40,10,53,164,44*60
$GIGSV,1,1,02,09,27,284,40,10,53,164,44*60
$GIGSV,1,1,02,09,27,284,40,10,53,164,44*60
$GIGSV,1,1,02,09,27,284,40,10,53,164,44*60
$GIGSV,1,1,02,09,27,284,40,10,53,164,44*60
$GIGSV,1,1,02,09,27,284,40,10,53,164,44*60
$GIGSV,1,1,02,09,27,284,40,10,53,164,44*60
$GIGSV,1,1,02,09,27,284,40,10,53,164,44*60
$GIGSV,1,1,02,09,27,284,40,10,53,164,44*60
$GIGSV,1,1,02,09,27,284,40,10,53,164,44*60
$GIGSV,1,1,02,09,27,284,40,10,53,164,44*60
$GIGSV,1,1,02,09,27,284,40,10,53,164,43*67
$GIGSV,1,1,02,09,27,284,40,10,53,164,43*67
$GIGSV,1,1,02,09,27,284,40,10,53,164,43*67
$GIGSV,1,1,02,09,27,284,40,10,53,164,43*67
$GIGSV,1,1,02,09,27,284,40,10,53,164,43*67
$GIGSV,1,1,02,09,27,284,40,10,53,164,43*67
$GIGSV,1,1,02,09,27,284,40,10,53,164,43*67
$GIGSV,1,1,02,09,27,284,40,10,53,164,43*67
$GIGSV,1,1,02,09,27,284,40,10,53,164,43*67
$GIGSV,1,1,02,09,27,284,40,10,53,164,43*67
$GIGSV,1,1,02,09,27,284,40,10,53,164,43*67
$GIGSV,1,1,02,09,27,284,40,10,53,164,43*67
$GIGSV,1,1,02,09,27,284,40,10,53,164,43*67
$GIGSV,1,1,02,09,27,284,40,10,53,164,43*67
$GIGSV,1,1,02,09,27,284,40,10,53,164,43*67
$GIGSV,1,1,02,09,27,284,40,10,53,164,43*67
$GIGSV,1,1,02,09,27,284,40,10,53,164,43*67
$GIGSV,1,1,02,09,27,284,40,10,53,164,43*67
$GIGSV,1,1,02,09,27,284,40,10,53,164,43*67
$GIGSV,1,1,02,09,27,284,40,10,53,164,43*67
$GIGSV,1,1,02,09,27,284,40,10,53,164,43*67
$GIGSV,1,1,02,09,27,284,41,10,53,164,43*66
$GIGSV,1,1,02,09,27,284,41,10,53,164,43*66
$GIGSV,1,1,02,09,27,284,41,10,53,164,43*66
$GIGSV,1,1,02,09,27,284,41,10,53,164,43*66
$GIGSV,1,1,02,09,27,284,41,10,53,164,43*66
$GIGSV,1,1,02,09,27,284,41,10,53,164,43*66
$GIGSV,1,1,02,09,27,284,41,10,53,164,43*66
$GIGSV,1,1,02,09,27,284,41,10,53,164,43*66
$GIGSV,1,1,02,09,27,284,41,10,53,164,43*66
$GIGSV,1,1,02,09,27,284,41,10,53,164,43*66
$GIGSV,1,1,02,09,27,284,41,10,53,164,43*66
$GIGSV,1,1,02,09,27,284,41,10,53,164,42*67
$GIGSV,1,1,02,09,27,284,41,10,53,164,42*67
$GIGSV,1,1,02,09,27,284,41,10,53,164,42*67
$GIGSV,1,1,02,09,27,284,41,10,53,164,42*67
$GIGSV,1,1,02,09,27,284,41,10,53,164,42*67
$GIGSV,1,1,02,09,27,284,41,10,53,164,42*67
$GIGSV,1,1,02,09,27,284,41,10,53,164,42*67
$GIGSV,1,1,02,09,27,284,41,10,53,164,42*67
$GIGSV,1,1,02,09,27,284,41,10,53,164,42*67
$GIGSV,1,1,02,09,27,284,41,10,53,164,42*67
$GIGSV,1,1,02,09,27,284,41,10,53,164,42*67
$GIGSV,1,1,02,09,27,284,41,10,53,164,42*67
$GIGSV,1,1,02,09,27,284,41,10,53,164,42*67
$GIGSV,1,1,02,09,27,284,41,10,53,164,42*67
$GIGSV,1,1,02,09,27,284,41,10,53,164,42*67
$GIGSV,1,1,02,09,27,284,41,10,53,164,42*67
$GIGSV,1,1,02,09,27,284,41,10,53,164,42*67
$GIGSV,1,1,02,09,27,284,41,10,53,164,42*67
$GIGSV,1,1,02,09,27,284,41,10,53,164,42*67
$GIGSV,1,1,02,09,27,284,41,10,53,164,42*67
$GIGSV,1,1,02,09,27,284,41,10,53,164,42*67
$GIGSV,1,1,02,09,27,284,41,10,53,164,42*67
$GIGSV,1,1,02,09,27,284,41,10,53,164,42*67
$GIGSV,1,1,02,09,27,284,41,10,53,164,42*67
$GIGSV,1,1,02,09,27,284,41,10,53,164,42*67
$GIGSV,1,1,02,09,27,284,41,10,53,164,42*67
$GIGSV,1,1,02,09,27,284,41,10,53,164,42*67
$GIGSV,1,1,02,09,27,284,41,10,53,164,42*67
$GIGSV,1,1,02,09,27,284,41,10,53,164,42*67
$GIGSV,1,1,02,09,27,284,41,10,53,164,42*67
$GIGSV,1,1,02,09,27,284,41,10,53,164,42*67
$GIGSV,1,1,02,09,27,284,41,10,53,164,42*67
$GIGSV,1,1,02,09,27,284,41,10,53,164,42*67
$GIGSV,1,1,02,09,27,284,41,10,53,164,42*67
$GIGSV,1,1,02,09,27,284,41,10,53,164,42*67
$GIGSV,1,1,02,09,27,284,41,10,53,164,42*67
$GIGSV,1,1,02,09,27,284,41,10,53,164,42*67
$GIGSV,1,1,02,09,27,284,41,10,53,164,42*67
$GIGSV,1,1,02,09,27,284,41,10,53,164,42*67
$GIGSV,1,1,02,09,27,284,41,10,53,164,42*67
$GIGSV,1,1,02,09,27,284,41,10,53,164,42*67
$GIGSV,1,1,02,09,27,284,41,10,53,164,42*67
$GIGSV,1,1,02,09,27,284,41,10,53,164,42*67
$GIGSV,1,1,02,09,27,284,41,10,53,164,42*67
$GIGSV,1,1,02,09,27,284,41,10,53,164,43*66
$GIGSV,1,1,02,09,27,284,41,10,53,164,43*66
$GIGSV,1,1,02,09,27,284,41,10,53,164,43*66
$GIGSV,1,1,02,09,27,284,41,10,53,164,43*66
$GIGSV,1,1,02,09,27,284,41,10,53,164,43*66
$GIGSV,1,1,02,09,27,284,41,10,53,164,43*66
$GIGSV,1,1,02,09,27,284,41,10,53,164,43*66
$GIGSV,1,1,02,09,27,284,41,10,53,164,43*66
$GIGSV,1,1,02,09,27,284,41,10,53,164,43*66
$GIGSV,1,1,02,09,27,284,41,10,53,164,43*66
$GIGSV,1,1,02,09,27,284,41,10,53,164,43*66
$GIGSV,1,1,02,09,27,284,41,10,53,164,43*66
$GIGSV,1,1,02,09,27,284,41,10,53,164,43*66
$GIGSV,1,1,02,09,27,284,41,10,53,164,43*66
$GIGSV,1,1,02,09,27,284,40,10,53,164,43*67
$GIGSV,1,1,02,09,27,284,40,10,53,164,43*67
$GIGSV,1,1,02,09,27,284,40,10,53,164,43*67
$GIGSV,1,1,02,09,27,284,40,10,53,164,43*67
$GIGSV,1,1,02,09,27,284,40,10,53,164,43*67
$GIGSV,1,1,02,09,27,284,40,10,53,164,43*67
$GIGSV,1,1,02,09,27,284,40,10,53,164,43*67
$GIGSV,1,1,02,09,27,284,40,10,53,164,43*67
$GIGSV,1,1,02,09,27,284,40,10,53,164,43*67
$GIGSV,1,1,02,09,27,284,40,10,53,164,43*67
$GIGSV,1,1,02,09,27,284,40,10,53,164,43*67
$GIGSV,1,1,02,09,27,284,40,10,53,164,43*67
$GIGSV,1,1,02,09,27,284,40,10,53,164,43*67
$GIGSV,1,1,02,09,27,284,40,10,53,164,43*67
$GIGSV,1,1,02,09,27,284,40,10,53,164,43*67
$GIGSV,1,1,02,09,27,284,40,10,53,164,43*67
$GIGSV,1,1,02,09,27,284,40,10,53,164,43*67
$GIGSV,1,1,02,09,27,284,40,10,53,164,43*67
$GIGSV,1,1,02,09,27,284,40,10,53,164,43*67
$GIGSV,1,1,02,09,27,284,40,10,53,164,43*67
$GIGSV,1,1,02,09,27,284,40,10,53,164,43*67
$GIGSV,1,1,02,09,27,284,40,10,53,164,43*67
$GIGSV,1,1,02,09,27,284,40,10,53,164,43*67
$GIGSV,1,1,02,09,27,284,40,10,53,164,43*67
$GIGSV,1,1,02,09,27,284,40,10,53,164,43*67
$GIGSV,1,1,02,09,27,284,40,10,53,164,43*67
$GIGSV,1,1,02,09,27,284,40,10,53,164,43*67
$GIGSV,1,1,02,09,27,284,40,10,53,164,43*67
$GIGSV,1,1,02,09,27,284,40,10,53,164,44*60
$GIGSV,1,1,02,09,27,284,40,10,53,164,44*60
$GIGSV,1,1,02,09,27,284,40,10,53,164,44*60
$GIGSV,1,1,02,09,27,284,40,10,53,164,44*60
$GIGSV,1,1,02,09,27,284,40,10,53,164,44*60
$GIGSV,1,1,02,09,27,284,40,10,53,164,44*60
$GIGSV,1,1,02,09,27,284,40,10,53,164,44*60
$GIGSV,1,1,02,09,27,284,40,10,53,164,44*60
$GIGSV,1,1,02,09,27,284,40,10,53,164,44*60
$GIGSV,1,1,02,09,27,284,40,10,53,164,44*60
$GIGSV,1,1,02,09,27,284,40,10,53,164,44*60
$GIGSV,1,1,02,09,27,284,40,10,53,164,44*60
$GIGSV,1,1,02,09,27,284,40,10,53,164,44*60
$GIGSV,1,1,02,09,27,284,40,10,53,164,44*60
$GIGSV,1,1,02,09,27,284,40,10,53,164,44*60
$GIGSV,1,1,02,09,27,284,40,10,53,164,44*60
$GIGSV,1,1,02,09,27,284,40,10,53,164,44*60
$GIGSV,1,1,02,09,27,284,40,10,53,164,44*60
$GIGSV,1,1,02,09,27,284,40,10,53,164,44*60
$GIGSV,1,1,02,09,27,284,40,10,53,164,44*60
$GIGSV,1,1,02,09,27,284,40,10,53,164,44*60
$GIGSV,1,1,02,09,27,284,40,10,53,164,44*60
$GIGSV,1,1,02,09,27,284,40,10,53,164,44*60
$GIGSV,1,1,02,09,27,284,40,10,53,164,44*60
$GIGSV,1,1,02,09,27,284,40,10,53,164,44*60
$GIGSV,1,1,02,09,27,284,40,10,53,164,44*60
$GIGSV,1,1,02,09,27,284,40,10,53,164,44*60
$GIGSV,1,1,02,09,27,284,40,10,53,164,44*60
$GIGSV,1,1,02,09,27,284,40,10,53,164,44*60
$GIGSV,1,1,02,09,27,284,40,10,53,164,44*60
$GIGSV,1,1,02,09,27,284,40,10,53,164,44*60
$GIGSV,1,1,02,09,27,284,40,10,53,164,44*60
$GIGSV,1,1,02,09,27,284,40,10,53,164,44*60
$GIGSV,1,1,02,09,27,284,39,10,53,164,44*6E
$GIGSV,1,1,02,09,27,284,40,10,53,164,44*60
$GIGSV,1,1,02,09,27,284,40,10,53,164,44*60
$GIGSV,1,1,02,09,27,284,40,10,53,164,44*60
$GIGSV,1,1,02,09,27,284,40,10,53,164,44*60
$GIGSV,1,1,02,09,27,284,40,10,53,164,44*60
$GIGSV,1,1,02,09,27,284,40,10,53,164,44*60
$GIGSV,1,1,02,09,27,284,40,10,53,164,44*60
$GIGSV,1,1,02,09,27,284,40,10,53,164,44*60
$GIGSV,1,1,02,09,27,284,40,10,53,164,44*60
$GIGSV,1,1,02,09,27,284,40,10,53,164,45*61
$GIGSV,1,1,02,09,27,284,40,10,53,164,45*61
$GIGSV,1,1,02,09,27,284,40,10,53,164,45*61
$GIGSV,1,1,02,09,27,284,40,10,53,164,45*61
$GIGSV,1,1,02,09,27,284,40,10,53,164,45*61
$GIGSV,1,1,02,09,27,284,40,10,53,164,45*61
$GIGSV,1,1,02,09,27,284,40,10,53,164,45*61
$GIGSV,1,1,02,09,27,284,40,10,53,164,45*61
$GIGSV,1,1,02,09,27,284,40,10,53,164,45*61
$GIGSV,1,1,02,09,27,284,40,10,53,164,45*61
$GIGSV,1,1,02,09,27,284,40,10,53,164,45*61
$GIGSV,1,1,02,09,27,284,40,10,53,164,45*61
$GIGSV,1,1,02,09,27,284,40,10,53,164,45*61
$GIGSV,1,1,02,09,27,284,40,10,53,164,45*61
$GIGSV,1,1,02,09,27,284,40,10,53,164,45*61
$GIGSV,1,1,02,09,27,284,40,10,53,164,45*61
$GIGSV,1,1,02,09,27,284,40,10,53,164,45*61
$GIGSV,1,1,02,09,27,284,39,10,53,164,45*6F
$GIGSV,1,1,02,09,27,284,39,10,53,164,45*6F
$GIGSV,1,1,02,09,27,284,39,10,53,164,45*6F
$GIGSV,1,1,02,09,27,284,39,10,53,164,45*6F
$GIGSV,1,1,02,09,27,284,39,10,53,164,45*6F
$GIGSV,1,1,02,09,27,284,39,10,53,164,45*6F
$GIGSV,1,1,02,09,27,284,39,10,53,164,44*6E
$GIGSV,1,1,02,09,27,284,39,10,53,164,44*6E
$GIGSV,1,1,02,09,27,284,39,10,53,164,44*6E
$GIGSV,1,1,02,09,27,284,39,10,53,164,44*6E
$GIGSV,1,1,02,09,27,284,39,10,53,164,44*6E
$GIGSV,1,1,02,09,27,284,39,10,53,164,44*6E
$GIGSV,1,1,02,09,27,284,39,10,53,164,44*6E
$GIGSV,1,1,02,09,27,284,39,10,53,164,44*6E
$GIGSV,1,1,02,09,27,284,39,10,53,164,44*6E
$GIGSV,1,1,02,09,27,284,39,10,53,164,44*6E
$GIGSV,1,1,02,09,27,284,39,10,53,164,44*6E
$GIGSV,1,1,02,09,27,284,39,10,53,164,44*6E
$GIGSV,1,1,02,09,27,284,39,10,53,164,44*6E
$GIGSV,1,1,02,09,27,284,39,10,53,164,44*6E
$GIGSV,1,1,02,09,27,284,39,10,53,164,44*6E
$GIGSV,1,1,02,09,27,284,38,10,53,164,44*6F
$GIGSV,1,1,02,09,27,284,38,10,53,164,44*6F
$GIGSV,1,1,02,09,27,284,38,10,53,164,44*6F
$GIGSV,1,1,02,09,27,284,38,10,53,164,44*6F
$GIGSV,1,1,02,09,27,284,38,10,53,164,44*6F
$GIGSV,1,1,02,09,27,284,38,10,53,164,44*6F
$GIGSV,1,1,02,09,27,284,38,10,53,164,44*6F
$GIGSV,1,1,02,09,27,284,38,10,53,164,44*6F
$GIGSV,1,1,02,09,27,284,38,10,53,164,44*6F
$GIGSV,1,1,02,09,27,284,38,10,53,164,44*6F
$GIGSV,1,1,02,09,27,284,38,10,53,164,44*6F
$GIGSV,1,1,02,09,27,284,38,10,53,164,44*6F
$GIGSV,1,1,02,09,27,284,39,10,53,164,44*6E
$GIGSV,1,1,02,09,27,284,39,10,53,164,44*6E
$GIGSV,1,1,02,09,27,284,39,10,53,164,44*6E
$GIGSV,1,1,02,09,27,284,39,10,53,164,44*6E
$GIGSV,1,1,02,09,27,284,39,10,53,164,44*6E
$GIGSV,1,1,02,09,27,284,39,10,53,164,44*6E
$GIGSV,1,1,02,09,27,284,39,10,53,164,44*6E
$GIGSV,1,1,02,09,27,284,39,10,53,164,44*6E
$GIGSV,1,1,02,09,27,284,39,10,53,164,44*6E
$GIGSV,1,1,02,09,27,284,39,10,53,164,44*6E
$GIGSV,1,1,02,09,27,284,39,10,53,164,44*6E
$GIGSV,1,1,02,09,27,284,39,10,53,164,44*6E
$GIGSV,1,1,02,09,27,284,39,10,53,164,44*6E
$GIGSV,1,1,02,09,27,284,39,10,53,164,44*6E
$GIGSV,1,1,02,09,27,284,39,10,53,164,44*6E
$GIGSV,1,1,02,09,27,284,39,10,53,164,44*6E
$GIGSV,1,1,02,09,27,284,39,10,53,164,44*6E
$GIGSV,1,1,02,09,27,284,39,10,53,164,44*6E
$GIGSV,1,1,02,09,27,284,40,10,53,164,44*60
$GIGSV,1,1,02,09,27,284,40,10,53,164,44*60
$GIGSV,1,1,02,09,27,284,40,10,53,164,44*60
$GIGSV,1,1,02,09,27,284,40,10,53,164,44*60
$GIGSV,1,1,02,09,27,284,40,10,53,164,44*60
$GIGSV,1,1,02,09,27,284,40,10,53,164,44*60
$GIGSV,1,1,02,09,27,284,40,10,53,164,44*60
$GIGSV,1,1,02,09,27,284,40,10,53,164,44*60
$GIGSV,1,1,02,09,27,284,40,10,53,164,44*60
$GIGSV,1,1,02,09,27,284,40,10,53,164,44*60
$GIGSV,1,1,02,09,27,284,40,10,53,164,44*60
$GIGSV,1,1,02,09,27,284,41,10,53,164,44*61
$GIGSV,1,1,02,09,27,284,41,10,53,164,44*61
$GIGSV,1,1,02,09,27,284,41,10,53,164,44*61
$GIGSV,1,1,02,09,27,284,41,10,53,164,44*61
$GIGSV,1,1,02,09,27,284,41,10,53,164,44*61
$GIGSV,1,1,02,09,27,284,41,10,53,164,44*61
$GIGSV,1,1,02,09,27,284,41,10,53,164,44*61
$GIGSV,1,1,02,09,27,284,41,10,53,164,44*61
$GIGSV,1,1,02,09,27,284,41,10,53,164,44*61
$GIGSV,1,1,02,09,27,284,41,10,53,164,44*61
$GIGSV,1,1,02,09,27,284,41,10,53,164,44*61
$GIGSV,1,1,02,09,27,284,41,10,53,164,44*61
$GIGSV,1,1,02,09,27,284,41,10,53,164,44*61
$GIGSV,1,1,02,09,27,284,41,10,53,164,44*61
$GIGSV,1,1,02,09,27,284,41,10,53,164,44*61
$GIGSV,1,1,02,09,27,284,41,10,53,164,44*61
$GIGSV,1,1,02,09,27,284,40,10,53,164,44*60
$GIGSV,1,1,02,09,27,284,40,10,53,164,44*60
$GIGSV,1,1,02,09,27,284,40,10,53,164,44*60
$GIGSV,1,1,02,09,27,284,41,10,53,164,44*61
$GIGSV,1,1,02,09,27,284,41,10,53,164,44*61
$GIGSV,1,1,02,09,27,284,41,10,53,164,44*61
$GIGSV,1,1,02,09,27,284,41,10,53,164,44*61
$GIGSV,1,1,02,09,27,284,40,10,53,164,44*60
$GIGSV,1,1,02,09,27,284,40,10,53,164,44*60
$GIGSV,1,1,02,09,27,284,40,10,53,164,44*60
$GIGSV,1,1,02,09,27,284,41,10,53,164,44*61
$GIGSV,1,1,02,09,27,284,41,10,53,164,44*61
$GIGSV,1,1,02,09,27,284,41,10,53,164,44*61
$GIGSV,1,1,02,09,27,284,41,10,53,164,44*61
$GIGSV,1,1,02,09,27,284,41,10,53,164,44*61
$GIGSV,1,1,02,09,27,284,41,10,53,164,44*61
$GIGSV,1,1,02,09,27,284,41,10,53,164,44*61
$GIGSV,1,1,02,09,27,284,41,10,53,164,44*61
$GIGSV,1,1,02,09,27,284,41,10,53,164,44*61
$GIGSV,1,1,02,09,27,284,41,10,53,164,44*61
$GIGSV,1,1,02,09,27,284,41,10,53,164,44*61
$GIGSV,1,1,02,09,27,284,41,10,53,164,44*61
$GIGSV,1,1,02,09,27,284,41,10,53,164,44*61
$GIGSV,1,1,02,09,27,284,41,10,53,164,44*61
$GIGSV,1,1,02,09,27,284,41,10,53,164,44*61
$GIGSV,1,1,02,09,27,284,41,10,53,164,44*61
$GIGSV,1,1,02,09,27,284,41,10,53,164,44*61
$GIGSV,1,1,02,09,27,284,41,10,53,164,44*61
$GIGSV,1,1,02,09,27,284,41,10,53,164,44*61
$GIGSV,1,1,02,09,27,284,41,10,53,164,44*61
$GIGSV,1,1,02,09,27,284,41,10,53,164,44*61
$GIGSV,1,1,02,09,27,284,41,10,53,164,44*61
$GIGSV,1,1,02,09,27,284,41,10,53,164,44*61
$GIGSV,1,1,02,09,27,284,41,10,53,164,44*61
$GIGSV,1,1,02,09,27,284,41,10,53,164,44*61
$GIGSV,1,1,02,09,27,284,41,10,53,164,44*61
$GIGSV,1,1,02,09,27,284,41,10,53,164,44*61
$GIGSV,1,1,02,09,27,284,41,10,53,164,44*61
$GIGSV,1,1,02,09,27,284,41,10,53,164,44*61
$GIGSV,1,1,02,09,27,284,41,10,53,164,44*61
$GIGSV,1,1,02,09,27,284,41,10,53,164,44*61
$GIGSV,1,1,02,09,27,284,41,10,53,164,44*61
$GIGSV,1,1,02,09,27,284,41,10,53,164,44*61
$GIGSV,1,1,02,09,27,284,41,10,53,164,44*61
$GIGSV,1,1,02,09,27,284,41,10,53,164,44*61
$GIGSV,1,1,02,09,27,284,41,10,53,164,44*61
$GIGSV,1,1,02,09,27,284,41,10,53,164,44*61
$GIGSV,1,1,02,09,27,284,41,10,53,164,44*61
$GIGSV,1,1,02,09,27,284,41,10,53,164,45*60
$GIGSV,1,1,02,09,27,284,41,10,53,164,44*61
$GIGSV,1,1,02,09,27,284,40,10,53,164,44*60
$GIGSV,1,1,02,09,27,284,40,10,53,164,44*60
$GIGSV,1,1,02,09,27,284,40,10,53,164,44*60
$GIGSV,1,1,02,09,27,284,40,10,53,164,44*60
$GIGSV,1,1,02,09,27,284,40,10,53,164,44*60
$GIGSV,1,1,02,09,27,284,40,10,53,164,44*60
$GIGSV,1,1,02,09,27,284,40,10,53,164,44*60
$GIGSV,1,1,02,09,27,284,40,10,53,164,44*60
$GIGSV,1,1,02,09,27,284,41,10,53,164,44*61
$GIGSV,1,1,02,09,27,284,41,10,53,164,44*61
$GIGSV,1,1,02,09,27,284,41,10,53,164,44*61
$GIGSV,1,1,02,09,27,284,41,10,53,164,44*61
$GIGSV,1,1,02,09,27,284,41,10,53,164,44*61
$GIGSV,1,1,02,09,27,284,40,10,53,164,44*60
$GIGSV,1,1,02,09,27,284,40,10,53,164,44*60
$GIGSV,1,1,02,09,27,284,40,10,53,164,44*60
$GIGSV,1,1,02,09,27,284,40,10,53,164,44*60
$GIGSV,1,1,02,09,27,284,40,10,53,164,44*60
$GIGSV,1,1,02,09,27,284,40,10,53,164,44*60
$GIGSV,1,1,02,09,27,284,40,10,53,164,44*60
$GIGSV,1,1,02,09,27,284,40,10,53,164,44*60
$GIGSV,1,1,02,09,27,284,40,10,53,164,44*60
$GIGSV,1,1,02,09,27,284,40,10,53,164,44*60
$GIGSV,1,1,02,09,27,284,40,10,53,164,44*60
$GIGSV,1,1,02,09,27,284,40,10,53,164,44*60
$GIGSV,1,1,02,09,27,284,40,10,53,164,44*60
$GIGSV,1,1,02,09,27,284,40,10,53,164,44*60
$GIGSV,1,1,02,09,27,284,40,10,53,164,44*60
$GIGSV,1,1,02,09,27,284,40,10,53,164,44*60
$GIGSV,1,1,02,09,27,284,40,10,53,164,44*60
$GIGSV,1,1,02,09,27,284,40,10,53,164,44*60
$GIGSV,1,1,02,09,27,284,40,10,53,164,44*60
$GIGSV,1,1,02,09,27,284,40,10,53,164,44*60
$GIGSV,1,1,02,09,27,284,40,10,53,164,44*60
$GIGSV,1,1,02,09,27,284,40,10,53,164,44*60
$GIGSV,1,1,02,09,27,284,40,10,53,164,44*60
$GIGSV,1,1,02,09,27,284,40,10,53,164,44*60
$GIGSV,1,1,02,09,27,284,40,10,53,164,44*60
$GIGSV,1,1,02,09,27,284,40,10,53,164,44*60
$GIGSV,1,1,02,09,27,284,40,10,53,164,44*60
$GIGSV,1,1,02,09,27,284,40,10,53,164,44*60
$GIGSV,1,1,02,09,27,284,40,10,53,164,44*60
$GIGSV,1,1,02,09,27,284,40,10,53,164,44*60
$GIGSV,1,1,02,09,27,284,40,10,53,164,44*60
$GIGSV,1,1,02,09,27,284,40,10,53,164,44*60
$GIGSV,1,1,02,09,27,284,40,10,53,164,44*60
$GIGSV,1,1,02,09,27,284,40,10,53,164,44*60
$GIGSV,1,1,02,09,27,284,40,10,53,164,44*60
$GIGSV,1,1,02,09,27,284,40,10,53,164,44*60
$GIGSV,1,1,02,09,27,284,40,10,53,164,44*60
$GIGSV,1,1,02,09,27,284,40,10,53,164,44*60
$GIGSV,1,1,02,09,27,284,40,10,53,164,44*60
$GIGSV,1,1,02,09,27,284,40,10,53,164,44*60
$GIGSV,1,1,02,09,27,284,40,10,53,164,44*60
$GIGSV,1,1,02,09,27,284,39,10,53,164,44*6E
$GIGSV,1,1,02,09,27,284,39,10,53,164,44*6E
$GIGSV,1,1,02,09,27,284,39,10,53,164,44*6E
$GIGSV,1,1,02,09,27,284,39,10,53,164,44*6E
$GIGSV,1,1,02,09,27,284,39,10,53,164,44*6E
$GIGSV,1,1,02,09,27,284,39,10,53,164,44*6E
$GIGSV,1,1,02,09,27,284,39,10,53,164,44*6E
$GIGSV,1,1,02,09,27,284,39,10,53,164,44*6E
$GIGSV,1,1,02,09,27,284,39,10,53,164,44*6E
$GIGSV,1,1,02,09,27,284,39,10,53,164,44*6E
$GIGSV,1,1,02,09,27,284,39,10,53,164,44*6E
$GIGSV,1,1,02,09,27,284,39,10,53,164,44*6E
$GIGSV,1,1,02,09,27,284,39,10,53,164,44*6E
$GIGSV,1,1,02,09,27,284,39,10,53,164,44*6E
$GIGSV,1,1,02,09,27,284,39,10,53,164,44*6E
$GIGSV,1,1,02,09,27,284,39,10,53,164,44*6E
$GIGSV,1,1,02,09,27,284,39,10,53,164,43*69
$GIGSV,1,1,02,09,27,284,39,10,53,164,43*69
$GIGSV,1,1,02,09,27,284,39,10,53,164,43*69
$GIGSV,1,1,02,09,27,284,39,10,53,164,43*69
$GIGSV,1,1,02,09,27,284,39,10,53,164,43*69
$GIGSV,1,1,02,09,27,284,39,10,53,164,43*69
$GIGSV,1,1,02,09,27,284,39,10,53,164,43*69
$GIGSV,1,1,02,09,27,284,39,10,53,164,43*69
$GIGSV,1,1,02,09,27,284,40,10,53,164,43*67
$GIGSV,1,1,02,09,27,284,40,10,53,164,43*67
$GIGSV,1,1,02,09,27,284,40,10,53,164,43*67
$GIGSV,1,1,02,09,27,284,40,10,53,164,43*67
$GIGSV,1,1,02,09,27,284,40,10,53,164,43*67
$GIGSV,1,1,02,09,27,284,40,10,53,164,43*67
$GIGSV,1,1,02,09,27,284,40,10,53,164,43*67
$GIGSV,1,1,02,09,27,284,40,10,53,164,43*67
$GIGSV,1,1,02,09,27,284,40,10,53,164,43*67
$GIGSV,1,1,02,09,27,284,40,10,53,164,43*67
$GIGSV,1,1,02,09,27,284,40,10,53,164,43*67
$GIGSV,1,1,02,09,27,284,40,10,53,164,43*67
$GIGSV,1,1,02,09,27,284,40,10,53,164,43*67
$GIGSV,1,1,02,09,27,284,40,10,53,164,43*67
$GIGSV,1,1,02,09,27,284,40,10,53,164,43*67
$GIGSV,1,1,02,09,27,284,40,10,53,164,43*67
$GIGSV,1,1,02,09,27,284,40,10,53,164,43*67
$GIGSV,1,1,02,09,27,284,40,10,53,164,43*67
$GIGSV,1,1,02,09,27,284,40,10,53,164,43*67
$GIGSV,1,1,02,09,27,284,40,10,53,164,43*67
$GIGSV,1,1,02,09,27,284,40,10,53,164,43*67
$GIGSV,1,1,02,09,27,284,40,10,53,164,43*67
$GIGSV,1,1,02,09,27,284,40,10,53,164,43*67
$GIGSV,1,1,02,09,27,284,40,10,53,164,43*67
$GIGSV,1,1,02,09,27,284,40,10,53,164,43*67
$GIGSV,1,1,02,09,27,284,40,10,53,164,43*67
$GIGSV,1,1,02,09,27,284,40,10,53,164,43*67
$GIGSV,1,1,02,09,27,284,40,10,53,164,43*67
$GIGSV,1,1,02,09,27,284,40,10,53,164,43*67
$GIGSV,1,1,02,09,27,284,40,10,53,164,43*67
$GIGSV,1,1,02,09,27,284,40,10,53,164,42*66
$GIGSV,1,1,02,09,27,284,40,10,53,164,42*66
$GIGSV,1,1,02,09,27,284,40,10,53,164,42*66
$GIGSV,1,1,02,09,27,284,40,10,53,164,42*66
$GIGSV,1,1,02,09,27,284,40,10,53,164,42*66
$GIGSV,1,1,02,09,27,284,40,10,53,164,42*66
$GIGSV,1,1,02,09,27,284,40,10,53,164,42*66
$GIGSV,1,1,02,09,27,284,40,10,53,164,42*66
$GIGSV,1,1,02,09,27,284,40,10,53,164,42*66
$GIGSV,1,1,02,09,27,284,39,10,53,164,42*68
$GIGSV,1,1,02,09,27,284,39,10,53,164,42*68
$GIGSV,1,1,02,09,27,283,39,10,53,164,42*6F
$GIGSV,1,1,02,09,27,283,39,10,53,164,42*6F
$GIGSV,1,1,02,09,27,283,39,10,53,164,42*6F
$GIGSV,1,1,02,09,27,283,39,10,53,164,42*6F
$GIGSV,1,1,02,09,27,283,39,10,53,164,42*6F
$GIGSV,1,1,02,09,27,283,39,10,53,164,42*6F
$GIGSV,1,1,02,09,27,283,40,10,53,164,42*61
$GIGSV,1,1,02,09,27,283,40,10,53,164,43*60
$GIGSV,1,1,02,09,27,283,40,10,53,164,43*60
$GIGSV,1,1,02,09,27,283,40,10,53,164,43*60
$GIGSV,1,1,02,09,27,283,40,10,53,164,43*60
$GIGSV,1,1,02,09,27,283,40,10,53,164,43*60
$GIGSV,1,1,02,09,27,283,40,10,53,164,43*60
$GIGSV,1,1,02,09,27,283,40,10,53,164,43*60
$GIGSV,1,1,02,09,27,283,39,10,53,164,43*6E
$GIGSV,1,1,02,09,27,283,39,10,53,164,43*6E
$GIGSV,1,1,02,09,27,283,39,10,53,164,43*6E
$GIGSV,1,1,02,09,27,283,39,10,53,164,43*6E
$GIGSV,1,1,02,09,27,283,39,10,53,164,43*6E
$GIGSV,1,1,02,09,27,283,39,10,53,164,43*6E
$GIGSV,1,1,02,09,27,283,39,10,53,164,43*6E
$GIGSV,1,1,02,09,27,283,39,10,53,164,43*6E
$GIGSV,1,1,02,09,27,283,39,10,53,164,43*6E
$GIGSV,1,1,02,09,27,283,39,10,53,164,43*6E
$GIGSV,1,1,02,09,27,283,39,10,53,164,43*6E
$GIGSV,1,1,02,09,27,283,39,10,53,164,43*6E
$GIGSV,1,1,02,09,27,283,40,10,53,164,43*60
$GIGSV,1,1,02,09,27,283,40,10,53,164,43*60
$GIGSV,1,1,02,09,27,283,40,10,53,164,43*60
$GIGSV,1,1,02,09,27,283,40,10,53,164,43*60
$GIGSV,1,1,02,09,27,283,40,10,53,164,43*60
$GIGSV,1,1,02,09,27,283,40,10,53,164,43*60
$GIGSV,1,1,02,09,27,283,40,10,53,164,43*60
$GIGSV,1,1,02,09,27,283,39,10,53,164,43*6E
$GIGSV,1,1,02,09,27,283,39,10,53,164,43*6E
$GIGSV,1,1,02,09,27,283,39,10,53,164,43*6E
$GIGSV,1,1,02,09,27,283,39,10,53,164,43*6E
$GIGSV,1,1,02,09,27,283,39,10,53,164,43*6E
$GIGSV,1,1,02,09,27,283,39,10,53,164,43*6E
$GIGSV,1,1,02,09,27,283,39,10,53,164,43*6E
$GIGSV,1,1,02,09,27,283,39,10,53,164,43*6E
$GIGSV,1,1,02,09,27,283,39,10,53,164,43*6E
$GIGSV,1,1,02,09,27,283,39,10,53,164,43*6E
$GIGSV,1,1,02,09,27,283,39,10,53,164,43*6E
$GIGSV,1,1,02,09,27,283,39,10,53,164,43*6E
$GIGSV,1,1,02,09,27,283,39,10,53,164,44*69
$GIGSV,1,1,02,09,27,283,39,10,53,164,44*69
$GIGSV,1,1,02,09,27,283,39,10,53,164,44*69
$GIGSV,1,1,02,09,27,283,39,10,53,164,44*69
$GIGSV,1,1,02,09,27,283,40,10,53,164,44*67
$GIGSV,1,1,02,09,27,283,40,10,53,164,44*67
$GIGSV,1,1,02,09,27,283,40,10,53,164,44*67
$GIGSV,1,1,02,09,27,283,40,10,53,164,44*67
$GIGSV,1,1,02,09,27,283,40,10,53,164,44*67
$GIGSV,1,1,02,09,27,283,40,10,53,164,44*67
$GIGSV,1,1,02,09,27,283,39,10,53,164,44*69
$GIGSV,1,1,02,09,27,283,39,10,53,164,44*69
$GIGSV,1,1,02,09,27,283,39,10,53,164,44*69
$GIGSV,1,1,02,09,27,283,39,10,53,164,44*69
$GIGSV,1,1,02,09,27,283,39,10,53,164,44*69
$GIGSV,1,1,02,09,27,283,39,10,53,164,44*69
$GIGSV,1,1,02,09,27,283,39,10,53,164,44*69
$GIGSV,1,1,02,09,27,283,39,10,53,164,44*69
$GIGSV,1,1,02,09,27,283,39,10,53,164,44*69
$GIGSV,1,1,02,09,27,283,39,10,53,164,44*69
$GIGSV,1,1,02,09,27,283,39,10,53,164,44*69
$GIGSV,1,1,02,09,27,283,39,10,53,164,44*69
$GIGSV,1,1,02,09,27,283,39,10,53,164,44*69
$GIGSV,1,1,02,09,27,283,39,10,53,164,44*69
$GIGSV,1,1,02,09,27,283,39,10,53,164,44*69
$GIGSV,1,1,02,09,27,283,40,10,53,164,44*67
$GIGSV,1,1,02,09,27,283,40,10,53,164,44*67
$GIGSV,1,1,02,09,27,283,40,10,53,164,44*67
$GIGSV,1,1,02,09,27,283,40,10,53,164,44*67
$GIGSV,1,1,02,09,27,283,39,10,53,164,44*69
$GIGSV,1,1,02,09,27,283,39,10,53,164,44*69
$GIGSV,1,1,02,09,27,283,39,10,53,164,44*69
$GIGSV,1,1,02,09,27,283,39,10,53,164,44*69
$GIGSV,1,1,02,09,27,283,39,10,53,164,44*69
$GIGSV,1,1,02,09,27,283,39,10,53,164,44*69
$GIGSV,1,1,02,09,27,283,39,10,53,164,44*69
$GIGSV,1,1,02,09,27,283,39,10,53,164,44*69
$GIGSV,1,1,02,09,27,283,39,10,53,164,44*69
$GIGSV,1,1,02,09,27,283,39,10,53,164,44*69
$GIGSV,1,1,02,09,27,283,39,10,53,164,44*69
$GIGSV,1,1,02,09,27,283,39,10,53,164,44*69
$GIGSV,1,1,02,09,27,283,39,10,53,164,44*69
$GIGSV,1,1,02,09,27,283,39,10,53,164,44*69
$GIGSV,1,1,02,09,27,283,39,10,53,164,44*69
$GIGSV,1,1,02,09,27,283,39,10,53,164,44*69
$GIGSV,1,1,02,09,27,283,39,10,53,164,44*69
$GIGSV,1,1,02,09,27,283,39,10,53,164,44*69
$GIGSV,1,1,02,09,27,283,39,10,53,164,44*69
$GIGSV,1,1,02,09,27,283,39,10,53,164,44*69
$GIGSV,1,1,02,09,27,283,39,10,53,164,44*69
$GIGSV,1,1,02,09,27,283,39,10,53,164,44*69
$GIGSV,1,1,02,09,27,283,39,10,53,164,44*69
$GIGSV,1,1,02,09,27,283,39,10,53,164,44*69
$GIGSV,1,1,02,09,27,283,39,10,53,164,44*69
$GIGSV,1,1,02,09,27,283,39,10,53,164,44*69
$GIGSV,1,1,02,09,27,283,39,10,53,164,44*69
$GIGSV,1,1,02,09,27,283,39,10,53,164,44*69
$GIGSV,1,1,02,09,27,283,39,10,53,164,44*69
$GIGSV,1,1,02,09,27,283,39,10,53,164,44*69
$GIGSV,1,1,02,09,27,283,39,10,53,164,44*69
$GIGSV,1,1,02,09,27,283,39,10,53,164,44*69
$GIGSV,1,1,02,09,27,283,39,10,53,164,44*69
$GIGSV,1,1,02,09,27,283,39,10,53,164,44*69
$GIGSV,1,1,02,09,27,283,39,10,53,164,44*69
$GIGSV,1,1,02,09,27,283,39,10,53,164,44*69
$GIGSV,1,1,02,09,27,283,39,10,53,164,44*69
$GIGSV,1,1,02,09,27,283,39,10,53,164,44*69
$GIGSV,1,1,02,09,27,283,39,10,53,164,44*69
$GIGSV,1,1,02,09,27,283,38,10,53,164,44*68
$GIGSV,1,1,02,09,27,283,38,10,53,164,44*68
$GIGSV,1,1,02,09,27,283,38,10,53,164,44*68
$GIGSV,1,1,02,09,27,283,38,10,53,164,44*68
$GIGSV,1,1,02,09,27,283,38,10,53,164,43*6F
$GIGSV,1,1,02,09,27,283,38,10,53,164,43*6F
$GIGSV,1,1,02,09,27,283,38,10,53,164,43*6F
$GIGSV,1,1,02,09,27,283,38,10,53,164,43*6F
$GIGSV,1,1,02,09,27,283,38,10,53,164,43*6F
$GIGSV,1,1,02,09,27,283,38,10,53,164,43*6F
$GIGSV,1,1,02,09,27,283,38,10,53,164,43*6F
$GIGSV,1,1,02,09,27,283,38,10,53,164,43*6F
$GIGSV,1,1,02,09,27,283,38,10,53,164,43*6F
$GIGSV,1,1,02,09,27,283,38,10,53,164,43*6F
$GIGSV,1,1,02,09,27,283,38,10,53,164,43*6F
$GIGSV,1,1,02,09,27,283,38,10,53,164,43*6F
$GIGSV,1,1,02,09,27,283,38,10,53,164,43*6F
$GIGSV,1,1,02,09,27,283,38,10,53,164,43*6F
$GIGSV,1,1,02,09,27,283,38,10,53,164,43*6F
$GIGSV,1,1,02,09,27,283,39,10,53,164,43*6E
$GIGSV,1,1,02,09,27,283,39,10,53,164,43*6E
$GIGSV,1,1,02,09,27,283,39,10,53,164,43*6E
$GIGSV,1,1,02,09,27,283,39,10,53,164,43*6E
$GIGSV,1,1,02,09,27,283,39,10,53,164,43*6E
$GIGSV,1,1,02,09,27,283,39,10,53,164,43*6E
$GIGSV,1,1,02,09,27,283,39,10,53,164,44*69
$GIGSV,1,1,02,09,27,283,39,10,53,164,44*69
$GIGSV,1,1,02,09,27,283,39,10,53,164,44*69
$GIGSV,1,1,02,09,27,283,39,10,53,164,44*69
$GIGSV,1,1,02,09,27,283,39,10,53,164,44*69
$GIGSV,1,1,02,09,27,283,39,10,53,164,44*69
$GIGSV,1,1,02,09,27,283,39,10,53,164,44*69
$GIGSV,1,1,02,09,27,283,39,10,53,164,44*69
$GIGSV,1,1,02,09,27,283,39,10,53,164,44*69
$GIGSV,1,1,02,09,27,283,39,10,53,164,44*69
$GIGSV,1,1,02,09,27,283,39,10,53,164,44*69
$GIGSV,1,1,02,09,27,283,39,10,53,164,44*69
$GIGSV,1,1,02,09,27,283,39,10,53,164,44*69
$GIGSV,1,1,02,09,27,283,39,10,53,164,44*69
$GIGSV,1,1,02,09,27,283,39,10,53,164,44*69
$GIGSV,1,1,02,09,27,283,39,10,53,164,44*69
$GIGSV,1,1,02,09,27,283,39,10,53,164,44*69
$GIGSV,1,1,02,09,27,283,39,10,53,164,44*69
$GIGSV,1,1,02,09,27,283,39,10,53,164,44*69
$GIGSV,1,1,02,09,27,283,39,10,53,164,44*69
$GIGSV,1,1,02,09,27,283,39,10,53,164,44*69
$GIGSV,1,1,02,09,27,283,39,10,53,164,44*69
$GIGSV,1,1,02,09,27,283,39,10,53,164,44*69
$GIGSV,1,1,02,09,27,283,39,10,53,164,44*69
$GIGSV,1,1,02,09,27,283,39,10,53,164,44*69
$GIGSV,1,1,02,09,27,283,39,10,53,164,44*69
$GIGSV,1,1,02,09,27,283,39,10,53,164,44*69
$GIGSV,1,1,02,09,27,283,39,10,53,164,44*69
$GIGSV,1,1,02,09,27,283,39,10,53,164,44*69
$GIGSV,1,1,02,09,27,283,40,10,53,164,44*67
$GIGSV,1,1,02,09,27,283,40,10,53,164,44*67
$GIGSV,1,1,02,09,27,283,40,10,53,164,44*67
$GIGSV,1,1,02,09,27,283,39,10,53,164,44*69
$GIGSV,1,1,02,09,27,283,39,10,53,164,44*69
$GIGSV,1,1,02,09,27,283,39,10,53,164,44*69
$GIGSV,1,1,02,09,27,283,39,10,53,164,43*6E
$GIGSV,1,1,02,09,27,283,39,10,53,164,43*6E
$GIGSV,1,1,02,09,27,283,39,10,53,164,43*6E
$GIGSV,1,1,02,09,27,283,39,10,53,164,43*6E
$GIGSV,1,1,02,09,27,283,39,10,53,164,43*6E
$GIGSV,1,1,02,09,27,283,39,10,53,164,43*6E
$GIGSV,1,1,02,09,27,283,39,10,53,164,43*6E
$GIGSV,1,1,02,09,27,283,39,10,53,164,43*6E
$GIGSV,1,1,02,09,27,283,39,10,53,164,43*6E
$GIGSV,1,1,02,09,27,283,39,10,53,164,43*6E
$GIGSV,1,1,02,09,27,283,39,10,53,164,43*6E
$GIGSV,1,1,02,09,27,283,39,10,53,164,44*69
$GIGSV,1,1,02,09,27,283,39,10,53,164,44*69
$GIGSV,1,1,02,09,27,283,39,10,53,164,44*69
$GIGSV,1,1,02,09,27,283,39,10,53,164,44*69
$GIGSV,1,1,02,09,27,283,39,10,53,164,44*69
$GIGSV,1,1,02,09,27,283,39,10,53,164,44*69
$GIGSV,1,1,02,09,27,283,39,10,53,164,44*69
$GIGSV,1,1,02,09,27,283,39,10,53,164,44*69
$GIGSV,1,1,02,09,27,283,39,10,53,164,44*69
$GIGSV,1,1,02,09,27,283,39,10,53,164,44*69
$GIGSV,1,1,02,09,27,283,39,10,53,164,44*69
$GIGSV,1,1,02,09,27,283,39,10,53,164,44*69
$GIGSV,1,1,02,09,27,283,39,10,53,164,44*69
$GIGSV,1,1,02,09,27,283,39,10,53,164,44*69
$GIGSV,1,1,02,09,27,283,38,10,53,164,44*68
$GIGSV,1,1,02,09,27,283,38,10,53,164,44*68
$GIGSV,1,1,02,09,27,283,38,10,53,164,44*68
$GIGSV,1,1,02,09,27,283,38,10,53,164,44*68
$GIGSV,1,1,02,09,27,283,38,10,53,164,44*68
$GIGSV,1,1,02,09,27,283,38,10,53,164,44*68
$GIGSV,1,1,02,09,27,283,38,10,53,164,44*68
$GIGSV,1,1,02,09,27,283,38,10,53,164,44*68
$GIGSV,1,1,02,09,27,283,38,10,53,164,44*68
$GIGSV,1,1,02,09,27,283,38,10,53,164,44*68
$GIGSV,1,1,02,09,27,283,38,10,53,164,44*68
$GIGSV,1,1,02,09,27,283,38,10,53,164,44*68
$GIGSV,1,1,02,09,27,283,38,10,53,164,44*68
$GIGSV,1,1,02,09,27,283,38,10,53,164,44*68
$GIGSV,1,1,02,09,27,283,38,10,53,164,44*68
$GIGSV,1,1,02,09,27,283,38,10,53,164,44*68
$GIGSV,1,1,02,09,27,283,38,10,53,164,44*68
$GIGSV,1,1,02,09,27,283,38,10,53,164,44*68
$GIGSV,1,1,02,09,27,283,38,10,53,164,44*68
$GIGSV,1,1,02,09,27,283,39,10,53,164,44*69
$GIGSV,1,1,02,09,27,283,39,10,53,164,44*69
$GIGSV,1,1,02,09,27,283,39,10,53,164,45*68
$GIGSV,1,1,02,09,27,283,39,10,53,164,45*68
$GIGSV,1,1,02,09,27,283,39,10,53,164,45*68
$GIGSV,1,1,02,09,27,283,39,10,53,164,45*68
$GIGSV,1,1,02,09,27,283,39,10,53,164,45*68
$GIGSV,1,1,02,09,27,283,39,10,53,164,45*68
$GIGSV,1,1,02,09,27,283,39,10,53,164,45*68
$GIGSV,1,1,02,09,27,283,39,10,53,164,45*68
$GIGSV,1,1,02,09,27,283,39,10,53,164,45*68
$GIGSV,1,1,02,09,27,283,39,10,53,164,45*68
$GIGSV,1,1,02,09,27,283,39,10,53,164,45*68
$GIGSV,1,1,02,09,27,283,39,10,53,164,45*68
$GIGSV,1,1,02,09,27,283,39,10,53,164,45*68
$GIGSV,1,1,02,09,27,283,39,10,53,164,45*68
$GIGSV,1,1,02,09,27,283,39,10,53,164,45*68
$GIGSV,1,1,02,09,27,283,39,10,53,164,45*68
$GIGSV,1,1,02,09,27,283,39,10,53,164,45*68
$GIGSV,1,1,02,09,27,283,39,10,53,164,45*68
$GIGSV,1,1,02,09,27,283,39,10,53,164,45*68
$GIGSV,1,1,02,09,27,283,39,10,53,164,45*68
$GIGSV,1,1,02,09,27,283,39,10,53,164,45*68
$GIGSV,1,1,02,09,27,283,39,10,53,164,45*68
$GIGSV,1,1,02,09,27,283,39,10,53,164,45*68
$GIGSV,1,1,02,09,27,283,39,10,53,164,45*68
$GIGSV,1,1,02,09,27,283,39,10,53,164,45*68
$GIGSV,1,1,02,09,27,283,39,10,53,164,45*68
$GIGSV,1,1,02,09,27,283,39,10,53,164,45*68
$GIGSV,1,1,02,09,27,283,39,10,53,164,45*68
$GIGSV,1,1,02,09,27,283,39,10,53,164,45*68
$GIGSV,1,1,02,09,27,283,39,10,53,164,45*68
$GIGSV,1,1,02,09,27,283,39,10,53,164,45*68
$GIGSV,1,1,02,09,27,283,40,10,53,164,45*66
$GIGSV,1,1,02,09,27,283,40,10,53,164,45*66
$GIGSV,1,1,02,09,27,283,40,10,53,164,45*66
$GIGSV,1,1,02,09,27,283,40,10,53,164,45*66
$GIGSV,1,1,02,09,27,283,40,10,53,164,45*66
$GIGSV,1,1,02,09,27,283,40,10,53,164,45*66
$GIGSV,1,1,02,09,27,283,40,10,53,164,45*66
$GIGSV,1,1,02,09,27,283,40,10,53,164,45*66
$GIGSV,1,1,02,09,27,283,40,10,53,164,45*66
$GIGSV,1,1,02,09,27,283,40,10,53,164,45*66
$GIGSV,1,1,02,09,27,283,40,10,53,164,45*66
$GIGSV,1,1,02,09,27,283,40,10,53,164,45*66
$GIGSV,1,1,02,09,27,283,40,10,53,164,45*66
$GIGSV,1,1,02,09,27,283,40,10,53,164,45*66
$GIGSV,1,1,02,09,27,283,40,10,53,164,45*66
$GIGSV,1,1,02,09,27,283,40,10,53,164,45*66
$GIGSV,1,1,02,09,27,283,40,10,53,164,45*66
$GIGSV,1,1,02,09,27,283,40,10,53,164,45*66
$GIGSV,1,1,02,09,27,283,40,10,53,164,45*66
$GIGSV,1,1,02,09,27,283,40,10,53,164,45*66
$GIGSV,1,1,02,09,27,283,40,10,53,164,45*66
$GIGSV,1,1,02,09,27,283,40,10,53,164,45*66
$GIGSV,1,1,02,09,27,283,40,10,53,164,45*66
$GIGSV,1,1,02,09,27,283,40,10,53,164,45*66
$GIGSV,1,1,02,09,27,283,40,10,53,164,45*66
$GIGSV,1,1,02,09,27,283,40,10,53,164,45*66
$GIGSV,1,1,02,09,27,283,40,10,53,164,45*66
$GIGSV,1,1,02,09,27,283,40,10,53,164,45*66
$GIGSV,1,1,02,09,27,283,40,10,53,164,45*66
$GIGSV,1,1,02,09,27,283,40,10,53,164,45*66
$GIGSV,1,1,02,09,27,283,40,10,53,164,45*66
$GIGSV,1,1,02,09,27,283,40,10,53,164,45*66
$GIGSV,1,1,02,09,27,283,39,10,53,164,45*68
$GIGSV,1,1,02,09,27,283,39,10,53,164,45*68
$GIGSV,1,1,02,09,27,283,39,10,53,164,45*68
$GIGSV,1,1,02,09,27,283,39,10,53,164,45*68
$GIGSV,1,1,02,09,27,283,39,10,53,164,45*68
$GIGSV,1,1,02,09,27,283,39,10,53,164,45*68
$GIGSV,1,1,02,09,27,283,39,10,53,164,45*68
$GIGSV,1,1,02,09,27,283,39,10,53,164,45*68
$GIGSV,1,1,02,09,27,283,39,10,53,164,45*68
$GIGSV,1,1,02,09,27,283,39,10,53,164,44*69
$GIGSV,1,1,02,09,27,283,39,10,53,164,44*69
$GIGSV,1,1,02,09,27,283,39,10,53,164,44*69
$GIGSV,1,1,02,09,27,283,39,10,53,164,44*69
$GIGSV,1,1,02,09,27,283,39,10,53,164,44*69
$GIGSV,1,1,02,09,27,283,39,10,53,164,44*69
$GIGSV,1,1,02,09,27,283,39,10,53,164,44*69
$GIGSV,1,1,02,09,27,283,39,10,53,164,44*69
$GIGSV,1,1,02,09,27,283,39,10,53,164,44*69
$GIGSV,1,1,02,09,27,283,39,10,53,164,44*69
$GIGSV,1,1,02,09,27,283,39,10,53,164,44*69
$GIGSV,1,1,02,09,27,283,39,10,53,164,44*69
$GIGSV,1,1,02,09,27,283,39,10,53,164,44*69
$GIGSV,1,1,02,09,27,283,39,10,53,164,44*69
$GIGSV,1,1,02,09,27,283,39,10,53,164,44*69
$GIGSV,1,1,02,09,27,283,39,10,53,164,44*69
$GIGSV,1,1,02,09,27,283,39,10,53,164,44*69
$GIGSV,1,1,02,09,27,283,39,10,53,164,44*69
$GIGSV,1,1,02,09,27,283,39,10,53,164,44*69
$GIGSV,1,1,02,09,27,283,39,10,53,164,44*69
$GIGSV,1,1,02,09,27,283,39,10,53,164,44*69
$GIGSV,1,1,02,09,27,283,39,10,53,164,44*69
$GIGSV,1,1,02,09,27,283,40,10,53,164,44*67
$GIGSV,1,1,02,09,27,283,39,10,53,164,44*69
$GIGSV,1,1,02,09,27,283,39,10,53,164,44*69
$GIGSV,1,1,02,09,27,283,39,10,53,164,44*69
$GIGSV,1,1,02,09,27,283,39,10,53,164,44*69
$GIGSV,1,1,02,09,27,283,39,10,53,164,44*69
$GIGSV,1,1,02,09,27,283,40,10,53,164,44*67
$GIGSV,1,1,02,09,27,283,40,10,53,164,44*67
$GIGSV,1,1,02,09,27,283,40,10,53,164,44*67
$GIGSV,1,1,02,09,27,283,40,10,53,164,44*67
$GIGSV,1,1,02,09,27,283,40,10,53,164,44*67
$GIGSV,1,1,02,09,27,283,40,10,53,164,44*67
$GIGSV,1,1,02,09,27,283,40,10,53,164,44*67
$GIGSV,1,1,02,09,27,283,40,10,53,164,44*67
$GIGSV,1,1,02,09,27,283,40,10,53,164,44*67
$GIGSV,1,1,02,09,27,283,40,10,53,164,44*67
$GIGSV,1,1,02,09,27,283,40,10,53,164,44*67
$GIGSV,1,1,02,09,27,283,39,10,53,164,44*69
$GIGSV,1,1,02,09,27,283,39,10,53,164,45*68
$GIGSV,1,1,02,09,27,283,39,10,53,164,45*68
$GIGSV,1,1,02,09,27,283,39,10,53,164,45*68
$GIGSV,1,1,02,09,27,283,39,10,53,164,45*68
$GIGSV,1,1,02,09,27,283,39,10,53,164,45*68
$GIGSV,1,1,02,09,27,283,39,10,53,164,45*68
$GIGSV,1,1,02,09,27,283,39,10,53,164,45*68
$GIGSV,1,1,02,09,27,283,39,10,53,164,45*68
$GIGSV,1,1,02,09,27,283,39,10,53,164,45*68
$GIGSV,1,1,02,09,27,283,39,10,53,164,45*68
$GIGSV,1,1,02,09,27,283,39,10,53,164,45*68
$GIGSV,1,1,02,09,27,283,39,10,53,164,45*68
$GIGSV,1,1,02,09,27,283,39,10,53,164,45*68
$GIGSV,1,1,02,09,27,283,39,10,53,164,45*68
$GIGSV,1,1,02,09,27,283,39,10,53,164,45*68
$GIGSV,1,1,02,09,27,283,39,10,53,164,45*68
$GIGSV,1,1,02,09,27,283,39,10,53,164,45*68
$GIGSV,1,1,02,09,27,283,39,10,53,164,45*68
$GIGSV,1,1,02,09,27,283,39,10,53,164,45*68
$GIGSV,1,1,02,09,27,283,39,10,53,164,45*68
$GIGSV,1,1,02,09,27,283,39,10,53,164,45*68
$GIGSV,1,1,02,09,27,283,39,10,53,164,45*68
$GIGSV,1,1,02,09,27,283,39,10,53,164,45*68
$GIGSV,1,1,02,09,27,283,39,10,53,164,45*68
$GIGSV,1,1,02,09,27,283,39,10,53,164,45*68
$GIGSV,1,1,02,09,27,283,39,10,53,164,45*68
$GIGSV,1,1,02,09,27,283,39,10,53,164,45*68
$GIGSV,1,1,02,09,27,283,39,10,53,164,45*68
$GIGSV,1,1,02,09,27,283,39,10,53,164,45*68
$GIGSV,1,1,02,09,27,283,39,10,53,164,45*68
$GIGSV,1,1,02,09,27,283,39,10,53,164,45*68
$GIGSV,1,1,02,09,27,283,39,10,53,164,45*68
$GIGSV,1,1,02,09,27,283,39,10,53,164,45*68
$GIGSV,1,1,02,09,27,283,39,10,53,164,45*68
$GIGSV,1,1,02,09,27,283,39,10,53,164,45*68
$GIGSV,1,1,02,09,27,283,39,10,53,164,45*68
$GIGSV,1,1,02,09,27,283,39,10,53,164,45*68
$GIGSV,1,1,02,09,27,283,39,10,53,164,45*68
$GIGSV,1,1,02,09,27,283,39,10,53,164,45*68
$GIGSV,1,1,02,09,27,283,39,10,53,164,45*68
$GIGSV,1,1,02,09,27,283,39,10,53,164,45*68
$GIGSV,1,1,02,09,27,283,39,10,53,164,45*68
$GIGSV,1,1,02,09,27,283,39,10,53,164,45*68
$GIGSV,1,1,02,09,27,283,39,10,53,164,45*68
$GIGSV,1,1,02,09,27,283,39,10,53,164,45*68
$GIGSV,1,1,02,09,27,283,39,10,53,164,45*68
$GIGSV,1,1,02,09,27,283,39,10,53,164,45*68
$GIGSV,1,1,02,09,27,283,39,10,53,164,45*68
$GIGSV,1,1,02,09,27,283,39,10,53,164,45*68
$GIGSV,1,1,02,09,27,283,39,10,53,164,45*68
$GIGSV,1,1,02,09,27,283,39,10,53,164,45*68
$GIGSV,1,1,02,09,27,283,39,10,53,164,45*68
$GIGSV,1,1,02,09,27,283,39,10,53,164,45*68
$GIGSV,1,1,02,09,27,283,39,10,53,164,45*68
$GIGSV,1,1,02,09,27,283,39,10,53,164,45*68
$GIGSV,1,1,02,09,27,283,40,10,53,164,45*66
$GIGSV,1,1,02,09,27,283,40,10,53,164,45*66
$GIGSV,1,1,02,09,27,283,40,10,53,164,45*66
$GIGSV,1,1,02,09,27,283,40,10,53,164,45*66
$GIGSV,1,1,02,09,27,283,40,10,53,164,45*66
$GIGSV,1,1,02,09,27,283,40,10,53,164,45*66
$GIGSV,1,1,02,09,27,283,40,10,53,164,45*66
$GIGSV,1,1,02,09,27,283,40,10,53,164,45*66
$GIGSV,1,1,02,09,27,283,40,10,53,164,45*66
$GIGSV,1,1,02,09,27,283,40,10,53,164,45*66
$GIGSV,1,1,02,09,27,283,40,10,53,164,45*66
$GIGSV,1,1,02,09,27,283,40,10,53,164,45*66
$GIGSV,1,1,02,09,27,283,40,10,53,164,45*66
$GIGSV,1,1,02,09,27,283,40,10,53,164,45*66
$GIGSV,1,1,02,09,27,283,40,10,53,164,45*66
$GIGSV,1,1,02,09,27,283,40,10,53,164,45*66
$GIGSV,1,1,02,09,27,283,40,10,53,164,45*66
$GIGSV,1,1,02,09,27,283,40,10,53,164,45*66
$GIGSV,1,1,02,09,27,283,40,10,53,164,45*66
$GIGSV,1,1,02,09,27,283,40,10,53,164,45*66
$GIGSV,1,1,02,09,27,283,40,10,53,164,45*66
$GIGSV,1,1,02,09,27,283,40,10,53,164,45*66
$GIGSV,1,1,02,09,27,283,40,10,53,164,45*66
$GIGSV,1,1,02,09,27,283,40,10,53,164,45*66
$GIGSV,1,1,02,09,27,283,40,10,53,164,45*66
$GIGSV,1,1,02,09,27,283,40,10,53,164,45*66
$GIGSV,1,1,02,09,27,283,40,10,53,164,45*66
$GIGSV,1,1,02,09,27,283,40,10,53,164,45*66
$GIGSV,1,1,02,09,27,283,40,10,53,164,45*66
$GIGSV,1,1,02,09,27,283,40,10,53,164,45*66
$GIGSV,1,1,02,09,27,283,40,10,53,164,45*66
$GIGSV,1,1,02,09,27,283,40,10,53,164,45*66
$GIGSV,1,1,02,09,27,283,40,10,53,164,45*66
$GIGSV,1,1,02,09,27,283,40,10,53,164,45*66
$GIGSV,1,1,02,09,27,283,40,10,53,164,45*66
$GIGSV,1,1,02,09,27,283,40,10,53,164,45*66
$GIGSV,1,1,02,09,27,283,40,10,53,164,45*66
$GIGSV,1,1,02,09,27,283,40,10,53,164,45*66
$GIGSV,1,1,02,09,27,283,40,10,53,164,45*66
$GIGSV,1,1,02,09,27,283,40,10,53,164,45*66
$GIGSV,1,1,02,09,27,283,40,10,53,164,45*66
$GIGSV,1,1,02,09,27,283,40,10,53,164,45*66
$GIGSV,1,1,02,09,27,283,40,10,53,164,45*66
$GIGSV,1,1,02,09,27,283,40,10,53,164,45*66
$GIGSV,1,1,02,09,27,283,40,10,53,164,45*66
$GIGSV,1,1,02,09,27,283,40,10,53,164,45*66
$GIGSV,1,1,02,09,27,283,40,10,53,164,45*66
$GIGSV,1,1,02,09,27,283,41,10,53,164,45*67
$GIGSV,1,1,02,09,27,283,41,10,53,164,45*67
$GIGSV,1,1,02,09,27,283,41,10,53,164,45*67
$GIGSV,1,1,02,09,27,283,40,10,53,164,45*66
$GIGSV,1,1,02,09,27,283,40,10,53,164,45*66
$GIGSV,1,1,02,09,27,283,40,10,53,164,45*66
$GIGSV,1,1,02,09,27,283,40,10,53,164,45*66
$GIGSV,1,1,02,09,27,283,40,10,53,164,45*66
$GIGSV,1,1,02,09,27,283,41,10,53,164,45*67
$GIGSV,1,1,02,09,27,283,41,10,53,164,45*67
$GIGSV,1,1,02,09,27,283,41,10,53,164,45*67
$GIGSV,1,1,02,09,27,283,41,10,53,164,45*67
$GIGSV,1,1,02,09,27,283,41,10,53,164,45*67
$GIGSV,1,1,02,09,27,283,41,10,53,164,45*67
$GIGSV,1,1,02,09,27,283,41,10,53,164,45*67
$GIGSV,1,1,02,09,27,283,41,10,53,164,45*67
$GIGSV,1,1,02,09,27,283,41,10,53,164,45*67
$GIGSV,1,1,02,09,27,283,41,10,53,164,45*67
$GIGSV,1,1,02,09,27,283,41,10,53,164,45*67
$GIGSV,1,1,02,09,27,283,41,10,53,164,45*67
$GIGSV,1,1,02,09,27,283,41,10,53,164,45*67
$GIGSV,1,1,02,09,27,283,41,10,53,164,45*67
$GIGSV,1,1,02,09,27,283,42,10,53,164,45*64
$GIGSV,1,1,02,09,27,283,42,10,53,164,45*64
$GIGSV,1,1,02,09,27,283,42,10,53,164,45*64
$GIGSV,1,1,02,09,27,283,42,10,53,164,45*64
$GIGSV,1,1,02,09,27,283,42,10,53,164,45*64
$GIGSV,1,1,02,09,27,283,42,10,53,164,45*64
$GIGSV,1,1,02,09,27,283,42,10,53,164,45*64
$GIGSV,1,1,02,09,27,283,42,10,53,164,45*64
$GIGSV,1,1,02,09,27,283,42,10,53,164,45*64
$GIGSV,1,1,02,09,27,283,42,10,53,164,45*64
$GIGSV,1,1,02,09,27,283,42,10,53,164,45*64
$GIGSV,1,1,02,09,27,283,42,10,53,164,45*64
$GIGSV,1,1,02,09,27,283,42,10,53,164,45*64
$GIGSV,1,1,02,09,27,283,42,10,53,164,45*64
$GIGSV,1,1,02,09,27,283,42,10,53,164,45*64
$GIGSV,1,1,02,09,27,283,42,10,53,164,45*64
$GIGSV,1,1,02,09,27,283,42,10,53,164,45*64
$GIGSV,1,1,02,09,27,283,42,10,53,164,45*64
$GIGSV,1,1,02,09,27,283,43,10,53,164,45*65
$GIGSV,1,1,02,09,27,283,43,10,53,164,45*65
$GIGSV,1,1,02,09,27,283,43,10,53,164,45*65
$GIGSV,1,1,02,09,27,283,43,10,53,164,45*65
$GIGSV,1,1,02,09,27,283,43,10,53,164,45*65
$GIGSV,1,1,02,09,27,283,43,10,53,164,45*65
$GIGSV,1,1,02,09,27,283,42,10,53,164,45*64
$GIGSV,1,1,02,09,27,283,42,10,53,164,45*64
$GIGSV,1,1,02,09,27,283,42,10,53,164,45*64
$GIGSV,1,1,02,09,27,283,42,10,53,164,45*64
$GIGSV,1,1,02,09,27,283,42,10,53,164,45*64
$GIGSV,1,1,02,09,27,283,42,10,53,164,45*64
$GIGSV,1,1,02,09,27,283,42,10,53,164,45*64
$GIGSV,1,1,02,09,27,283,42,10,53,164,45*64
$GIGSV,1,1,02,09,27,283,42,10,53,164,45*64
$GIGSV,1,1,02,09,27,283,42,10,53,164,45*64
$GIGSV,1,1,02,09,27,283,42,10,53,164,45*64
$GIGSV,1,1,02,09,27,283,42,10,53,164,45*64
$GIGSV,1,1,02,09,27,283,42,10,53,164,45*64
$GIGSV,1,1,02,09,27,283,42,10,53,164,45*64
$GIGSV,1,1,02,09,27,283,42,10,53,164,45*64
$GIGSV,1,1,02,09,27,283,42,10,53,164,45*64
$GIGSV,1,1,02,09,27,283,42,10,53,164,45*64
$GIGSV,1,1,02,09,27,283,42,10,53,164,45*64
$GIGSV,1,1,02,09,27,283,42,10,53,164,45*64
$GIGSV,1,1,02,09,27,283,42,10,53,164,45*64
$GIGSV,1,1,02,09,27,283,42,10,53,164,45*64
$GIGSV,1,1,02,09,27,283,42,10,53,164,45*64
$GIGSV,1,1,02,09,27,283,42,10,53,164,45*64
$GIGSV,1,1,02,09,27,283,42,10,53,164,45*64
$GIGSV,1,1,02,09,27,283,42,10,53,164,45*64
$GIGSV,1,1,02,09,27,283,42,10,53,164,45*64
$GIGSV,1,1,02,09,27,283,42,10,53,164,45*64
$GIGSV,1,1,02,09,27,283,42,10,53,164,45*64
$GIGSV,1,1,02,09,27,283,42,10,53,164,45*64
$GIGSV,1,1,02,09,27,283,42,10,53,164,45*64
$GIGSV,1,1,02,09,27,283,42,10,53,164,44*65
$GIGSV,1,1,02,09,27,283,42,10,53,164,44*65
$GIGSV,1,1,02,09,27,283,42,10,53,164,44*65
$GIGSV,1,1,02,09,27,283,42,10,53,164,44*65
$GIGSV,1,1,02,09,27,283,42,10,53,164,44*65
$GIGSV,1,1,02,09,27,283,42,10,53,164,44*65
$GIGSV,1,1,02,09,27,283,42,10,53,164,44*65
$GIGSV,1,1,02,09,27,283,42,10,53,164,44*65
$GIGSV,1,1,02,09,27,283,42,10,53,164,45*64
$GIGSV,1,1,02,09,27,283,42,10,53,164,45*64
$GIGSV,1,1,02,09,27,283,42,10,53,164,45*64
$GIGSV,1,1,02,09,27,283,42,10,53,164,45*64
$GIGSV,1,1,02,09,27,283,42,10,53,164,45*64
$GIGSV,1,1,02,09,27,283,42,10,53,164,45*64
$GIGSV,1,1,02,09,27,283,42,10,53,164,45*64
$GIGSV,1,1,02,09,27,283,42,10,53,164,45*64
$GIGSV,1,1,02,09,27,283,42,10,53,164,45*64
$GIGSV,1,1,02,09,27,283,43,10,53,164,45*65
$GIGSV,1,1,02,09,27,283,43,10,53,164,45*65
$GIGSV,1,1,02,09,27,283,43,10,53,164,45*65
$GIGSV,1,1,02,09,27,283,43,10,53,164,45*65
$GIGSV,1,1,02,09,27,283,43,10,53,164,45*65
$GIGSV,1,1,02,09,27,283,43,10,53,164,45*65
$GIGSV,1,1,02,09,27,283,43,10,53,164,45*65
$GIGSV,1,1,02,09,27,283,43,10,53,164,45*65
$GIGSV,1,1,02,09,27,283,43,10,53,164,45*65
$GIGSV,1,1,02,09,27,283,43,10,53,164,45*65
$GIGSV,1,1,02,09,27,283,43,10,53,164,45*65
$GIGSV,1,1,02,09,27,283,43,10,53,164,45*65
$GIGSV,1,1,02,09,27,283,43,10,53,164,45*65
$GIGSV,1,1,02,09,27,283,43,10,53,164,45*65
$GIGSV,1,1,02,09,27,283,43,10,53,164,45*65
$GIGSV,1,1,02,09,27,283,43,10,53,164,45*65
$GIGSV,1,1,02,09,27,283,43,10,53,164,45*65
$GIGSV,1,1,02,09,27,283,43,10,53,164,45*65
$GIGSV,1,1,02,09,27,283,43,10,53,164,45*65
$GIGSV,1,1,02,09,27,283,43,10,53,164,45*65
$GIGSV,1,1,02,09,27,283,43,10,53,164,45*65
$GIGSV,1,1,02,09,27,283,43,10,53,164,45*65
$GIGSV,1,1,02,09,27,283,43,10,53,164,45*65
$GIGSV,1,1,02,09,27,283,43,10,53,164,45*65
$GIGSV,1,1,02,09,27,283,43,10,53,164,45*65
$GIGSV,1,1,02,09,27,283,43,10,53,164,45*65
$GIGSV,1,1,02,09,27,283,43,10,53,164,45*65
$GIGSV,1,1,02,09,27,283,43,10,53,164,45*65
$GIGSV,1,1,02,09,27,283,43,10,53,164,44*64
$GIGSV,1,1,02,09,27,283,43,10,53,164,45*65
$GIGSV,1,1,02,09,27,283,43,10,53,164,45*65
$GIGSV,1,1,02,09,27,283,43,10,53,164,44*64
$GIGSV,1,1,02,09,27,283,43,10,53,164,44*64
$GIGSV,1,1,02,09,27,283,43,10,53,164,44*64
$GIGSV,1,1,02,09,27,283,43,10,53,164,44*64
$GIGSV,1,1,02,09,27,283,43,10,53,164,44*64
$GIGSV,1,1,02,09,27,283,43,10,53,164,44*64
$GIGSV,1,1,02,09,27,283,43,10,53,164,44*64
$GIGSV,1,1,02,09,27,283,43,10,53,164,44*64
$GIGSV,1,1,02,09,27,283,43,10,53,164,44*64
$GIGSV,1,1,02,09,27,283,43,10,53,164,44*64
$GIGSV,1,1,02,09,27,283,43,10,53,164,44*64
$GIGSV,1,1,02,09,27,283,43,10,53,164,44*64
$GIGSV,1,1,02,09,27,283,43,10,53,164,44*64
$GIGSV,1,1,02,09,27,283,43,10,53,164,44*64
$GIGSV,1,1,02,09,27,283,43,10,53,164,44*64
$GIGSV,1,1,02,09,27,283,43,10,53,164,44*64
$GIGSV,1,1,02,09,27,283,43,10,53,164,44*64
$GIGSV,1,1,02,09,27,283,43,10,53,164,44*64
$GIGSV,1,1,02,09,27,283,43,10,53,164,44*64
$GIGSV,1,1,02,09,27,283,43,10,53,164,44*64
$GIGSV,1,1,02,09,27,283,43,10,53,164,44*64
$GIGSV,1,1,02,09,27,283,43,10,53,164,44*64
$GIGSV,1,1,02,09,27,283,43,10,53,164,44*64
$GIGSV,1,1,02,09,27,283,43,10,53,164,44*64
$GIGSV,1,1,02,09,27,283,43,10,53,164,44*64
$GIGSV,1,1,02,09,27,283,43,10,53,164,44*64
$GIGSV,1,1,02,09,27,283,43,10,53,164,44*64
$GIGSV,1,1,02,09,27,283,43,10,53,164,44*64
$GIGSV,1,1,02,09,27,283,43,10,53,164,44*64
$GIGSV,1,1,02,09,27,283,43,10,53,164,44*64
$GIGSV,1,1,02,09,27,283,43,10,53,164,44*64
$GIGSV,1,1,02,09,27,283,43,10,53,164,44*64
$GIGSV,1,1,02,09,27,283,43,10,53,164,44*64
$GIGSV,1,1,02,09,27,283,43,10,53,164,44*64
$GIGSV,1,1,02,09,27,283,43,10,53,164,44*64
$GIGSV,1,1,02,09,27,283,43,10,53,164,44*64
$GIGSV,1,1,02,09,27,283,43,10,53,164,44*64
$GIGSV,1,1,02,09,27,283,43,10,53,164,44*64
$GIGSV,1,1,02,09,27,283,43,10,53,164,44*64
$GIGSV,1,1,02,09,27,283,43,10,53,164,44*64
$GIGSV,1,1,02,09,27,283,43,10,53,164,44*64
$GIGSV,1,1,02,09,27,283,43,10,53,164,44*64
$GIGSV,1,1,02,09,27,283,43,10,53,164,44*64
$GIGSV,1,1,02,09,27,283,43,10,53,164,44*64
$GIGSV,1,1,02,09,27,283,43,10,53,164,44*64
$GIGSV,1,1,02,09,27,283,43,10,53,164,44*64
$GIGSV,1,1,02,09,27,283,43,10,53,164,44*64
$GIGSV,1,1,02,09,27,283,43,10,53,164,44*64
$GIGSV,1,1,02,09,27,283,43,10,53,164,44*64
$GIGSV,1,1,02,09,27,283,43,10,53,164,44*64
$GIGSV,1,1,02,09,27,283,43,10,53,164,44*64
$GIGSV,1,1,02,09,27,283,43,10,53,164,44*64
$GIGSV,1,1,02,09,27,283,43,10,53,164,44*64
$GIGSV,1,1,02,09,27,283,43,10,53,164,44*64
$GIGSV,1,1,02,09,27,283,43,10,53,164,44*64
$GIGSV,1,1,02,09,27,283,43,10,53,164,44*64
$GIGSV,1,1,02,09,27,283,43,10,53,164,44*64
$GIGSV,1,1,02,09,27,283,43,10,53,164,44*64
$GIGSV,1,1,02,09,27,283,43,10,53,164,44*64
$GIGSV,1,1,02,09,27,283,43,10,53,164,44*64
$GIGSV,1,1,02,09,27,283,43,10,53,164,44*64
$GIGSV,1,1,02,09,27,283,43,10,53,164,44*64
$GIGSV,1,1,02,09,27,283,43,10,53,164,44*64
$GIGSV,1,1,02,09,27,283,43,10,53,164,44*64
$GIGSV,1,1,02,09,27,283,43,10,53,164,44*64
$GIGSV,1,1,02,09,27,283,43,10,53,164,44*64
$GIGSV,1,1,02,09,27,283,43,10,53,164,44*64
$GIGSV,1,1,02,09,27,283,43,10,53,164,44*64
$GIGSV,1,1,02,09,27,283,43,10,53,164,44*64
$GIGSV,1,1,02,09,27,283,43,10,53,164,44*64
$GIGSV,1,1,02,09,27,283,43,10,53,164,44*64
$GIGSV,1,1,02,09,27,283,43,10,53,164,44*64
$GIGSV,1,1,02,09,27,283,43,10,53,164,44*64
$GIGSV,1,1,02,09,27,283,43,10,53,164,44*64
$GIGSV,1,1,02,09,27,283,43,10,53,164,44*64
$GIGSV,1,1,02,09,27,283,43,10,53,164,44*64
$GIGSV,1,1,02,09,27,283,43,10,53,164,44*64
$GIGSV,1,1,02,09,27,283,43,10,53,164,44*64
$GIGSV,1,1,02,09,27,283,43,10,53,164,44*64
$GIGSV,1,1,02,09,27,283,43,10,53,164,44*64
$GIGSV,1,1,02,09,27,283,43,10,53,164,44*64
$GIGSV,1,1,02,09,27,283,43,10,53,164,44*64
$GIGSV,1,1,02,09,27,283,43,10,53,164,44*64
$GIGSV,1,1,02,09,27,283,43,10,53,164,44*64
$GIGSV,1,1,02,09,27,283,43,10,53,164,44*64
$GIGSV,1,1,02,09,27,283,43,10,53,164,44*64
$GIGSV,1,1,02,09,27,283,43,10,53,164,44*64
$GIGSV,1,1,02,09,27,283,43,10,53,164,44*64
$GIGSV,1,1,02,09,27,283,43,10,53,164,44*64
$GIGSV,1,1,02,09,27,283,43,10,53,164,44*64
$GIGSV,1,1,02,09,27,283,43,10,53,164,44*64
$GIGSV,1,1,02,09,27,283,43,10,53,164,44*64
$GIGSV,1,1,02,09,27,283,43,10,53,164,44*64
$GIGSV,1,1,02,09,27,283,43,10,53,164,44*64
$GIGSV,1,1,02,09,27,283,43,10,53,164,44*64
$GIGSV,1,1,02,09,27,283,43,10,53,164,44*64
$GIGSV,1,1,02,09,27,283,43,10,53,164,44*64
$GIGSV,1,1,02,09,27,283,43,10,53,164,44*64
$GIGSV,1,1,02,09,27,283,43,10,53,164,44*64
$GIGSV,1,1,02,09,27,283,43,10,53,164,44*64
$GIGSV,1,1,02,09,27,283,43,10,53,164,44*64
$GIGSV,1,1,02,09,27,283,43,10,53,164,44*64
$GIGSV,1,1,02,09,27,283,43,10,53,164,44*64
$GIGSV,1,1,02,09,27,283,43,10,53,164,44*64
$GIGSV,1,1,02,09,27,283,43,10,53,164,44*64
$GIGSV,1,1,02,09,27,283,43,10,53,164,44*64
$GIGSV,1,1,02,09,27,283,43,10,53,164,44*64
$GIGSV,1,1,02,09,27,283,43,10,53,164,44*64
$GIGSV,1,1,02,09,27,283,43,10,53,164,44*64
$GIGSV,1,1,02,09,27,283,43,10,53,164,44*64
$GIGSV,1,1,02,09,27,283,43,10,53,164,44*64
$GIGSV,1,1,02,09,27,283,43,10,53,164,44*64
$GIGSV,1,1,02,09,27,283,43,10,53,164,44*64
$GIGSV,1,1,02,09,27,283,43,10,53,164,44*64
$GIGSV,1,1,02,09,27,283,43,10,53,164,44*64
$GIGSV,1,1,02,09,27,283,43,10,53,164,44*64
$GIGSV,1,1,02,09,27,283,43,10,53,164,44*64
$GIGSV,1,1,02,09,27,283,43,10,53,164,44*64
$GIGSV,1,1,02,09,27,283,43,10,53,164,44*64
$GIGSV,1,1,02,09,27,283,43,10,53,164,44*64
$GIGSV,1,1,02,09,27,283,43,10,53,164,44*64
$GIGSV,1,1,02,09,27,283,43,10,53,164,44*64
$GIGSV,1,1,02,09,27,283,43,10,53,164,44*64
$GIGSV,1,1,02,09,27,283,43,10,53,164,44*64
$GIGSV,1,1,02,09,27,283,43,10,53,164,44*64
$GIGSV,1,1,02,09,27,283,43,10,53,164,44*64
$GIGSV,1,1,02,09,27,283,43,10,53,164,44*64
$GIGSV,1,1,02,09,27,283,43,10,53,164,44*64
$GIGSV,1,1,02,09,27,283,43,10,53,164,44*64
$GIGSV,1,1,02,09,27,283,43,10,53,164,44*64
$GIGSV,1,1,02,09,27,283,43,10,53,164,44*64
$GIGSV,1,1,02,09,27,283,43,10,53,164,44*64
$GIGSV,1,1,02,09,27,283,43,10,53,164,44*64
$GIGSV,1,1,02,09,27,283,43,10,53,164,44*64
$GIGSV,1,1,02,09,27,283,43,10,53,164,44*64
$GIGSV,1,1,02,09,27,283,43,10,53,164,44*64
$GIGSV,1,1,02,09,27,283,43,10,53,164,44*64
$GIGSV,1,1,02,09,27,283,43,10,53,164,44*64
$GIGSV,1,1,02,09,27,283,43,10,53,164,44*64
$GIGSV,1,1,02,09,27,283,43,10,53,164,44*64
$GIGSV,1,1,02,09,27,283,43,10,53,164,44*64
$GIGSV,1,1,02,09,27,283,43,10,53,164,44*64
$GIGSV,1,1,02,09,27,283,43,10,53,164,44*64
$GIGSV,1,1,02,09,27,283,43,10,53,164,44*64
$GIGSV,1,1,02,09,27,283,43,10,53,164,44*64
$GIGSV,1,1,02,09,27,283,43,10,53,164,44*64
$GIGSV,1,1,02,09,27,283,43,10,53,164,44*64
$GIGSV,1,1,02,09,27,283,43,10,53,164,44*64
$GIGSV,1,1,02,09,27,283,43,10,53,164,44*64
$GIGSV,1,1,02,09,27,283,43,10,53,164,44*64
$GIGSV,1,1,02,09,27,283,43,10,53,164,44*64
$GIGSV,1,1,02,09,27,283,43,10,53,164,44*64
$GIGSV,1,1,02,09,27,283,43,10,53,164,44*64
$GIGSV,1,1,02,09,27,283,43,10,53,164,44*64
$GIGSV,1,1,02,09,27,283,43,10,53,164,44*64
$GIGSV,1,1,02,09,27,283,43,10,53,164,44*64
$GIGSV,1,1,02,09,27,283,43,10,53,164,44*64
$GIGSV,1,1,02,09,27,283,43,10,53,164,44*64
$GIGSV,1,1,02,09,27,283,43,10,53,164,44*64
$GIGSV,1,1,02,09,27,283,43,10,53,164,44*64
$GIGSV,1,1,02,09,27,283,43,10,53,164,44*64
$GIGSV,1,1,02,09,27,283,43,10,53,164,44*64
$GIGSV,1,1,02,09,27,283,43,10,53,164,44*64
$GIGSV,1,1,02,09,27,283,43,10,53,164,44*64
$GIGSV,1,1,02,09,27,283,43,10,53,164,44*64
$GIGSV,1,1,02,09,27,283,43,10,53,164,44*64
$GIGSV,1,1,02,09,27,283,43,10,53,164,44*64
$GIGSV,1,1,02,09,27,283,43,10,53,164,44*64
$GIGSV,1,1,02,09,27,283,43,10,53,164,44*64
$GIGSV,1,1,02,09,27,283,43,10,53,164,44*64
$GIGSV,1,1,02,09,27,283,43,10,53,164,44*64
$GIGSV,1,1,02,09,27,283,43,10,53,164,44*64
$GIGSV,1,1,02,09,27,283,43,10,53,164,44*64
$GIGSV,1,1,02,09,27,283,43,10,53,164,44*64
$GIGSV,1,1,02,09,27,283,43,10,53,164,44*64
$GIGSV,1,1,02,09,27,283,43,10,53,164,44*64
$GIGSV,1,1,02,09,27,283,43,10,53,164,44*64
$GIGSV,1,1,02,09,27,283,43,10,53,164,44*64
$GIGSV,1,1,02,09,27,283,43,10,53,164,44*64
$GIGSV,1,1,02,09,27,283,43,10,53,164,44*64
$GIGSV,1,1,02,09,27,283,43,10,53,164,44*64
$GIGSV,1,1,02,09,27,283,44,10,53,164,44*63
$GIGSV,1,1,02,09,27,283,44,10,53,164,44*63
$GIGSV,1,1,02,09,27,283,43,10,53,164,44*64
$GIGSV,1,1,02,09,27,283,43,10,53,164,44*64
$GIGSV,1,1,02,09,27,283,43,10,53,164,44*64
$GIGSV,1,1,02,09,27,283,44,10,53,164,44*63
$GIGSV,1,1,02,09,27,283,44,10,53,164,44*63
$GIGSV,1,1,02,09,27,283,43,10,53,164,44*64
$GIGSV,1,1,02,09,27,283,43,10,53,164,44*64
$GIGSV,1,1,02,09,27,283,43,10,53,164,44*64
$GIGSV,1,1,02,09,27,283,43,10,53,164,44*64
$GIGSV,1,1,02,09,27,283,43,10,53,164,44*64
$GIGSV,1,1,02,09,27,283,43,10,53,164,44*64
$GIGSV,1,1,02,09,27,283,43,10,53,164,44*64
$GIGSV,1,1,02,09,27,283,43,10,53,164,44*64
$GIGSV,1,1,02,09,27,283,43,10,53,164,44*64
$GIGSV,1,1,02,09,27,283,43,10,53,164,44*64
$GIGSV,1,1,02,09,27,283,43,10,53,164,44*64
$GIGSV,1,1,02,09,27,283,43,10,53,164,44*64
$GIGSV,1,1,02,09,27,283,43,10,53,164,44*64
$GIGSV,1,1,02,09,27,283,43,10,53,164,44*64
$GIGSV,1,1,02,09,27,283,43,10,53,164,44*64
$GIGSV,1,1,02,09,27,283,43,10,53,164,44*64
$GIGSV,1,1,02,09,27,283,43,10,53,164,44*64
$GIGSV,1,1,02,09,27,283,43,10,53,164,44*64
$GIGSV,1,1,02,09,27,283,43,10,53,164,44*64
$GIGSV,1,1,02,09,27,283,43,10,53,164,44*64
$GIGSV,1,1,02,09,27,283,43,10,53,164,44*64
$GIGSV,1,1,02,09,27,283,43,10,53,164,44*64
$GIGSV,1,1,02,09,27,283,43,10,53,164,44*64
$GIGSV,1,1,02,09,27,283,43,10,53,164,44*64
$GIGSV,1,1,02,09,27,283,43,10,53,164,44*64
$GIGSV,1,1,02,09,27,283,43,10,53,164,44*64
$GIGSV,1,1,02,09,27,283,43,10,53,164,44*64
$GIGSV,1,1,02,09,27,283,43,10,53,164,44*64
$GIGSV,1,1,02,09,27,283,43,10,53,164,44*64
$GIGSV,1,1,02,09,27,283,43,10,53,164,44*64
$GIGSV,1,1,02,09,27,283,43,10,53,164,44*64
$GIGSV,1,1,02,09,27,283,43,10,53,164,44*64
$GIGSV,1,1,02,09,27,283,43,10,53,164,44*64
$GIGSV,1,1,02,09,27,283,43,10,53,164,44*64
$GIGSV,1,1,02,09,27,283,43,10,53,164,44*64
$GIGSV,1,1,02,09,27,283,43,10,53,164,44*64
$GIGSV,1,1,02,09,27,283,43,10,53,164,44*64
$GIGSV,1,1,02,09,27,283,43,10,53,164,44*64
$GIGSV,1,1,02,09,27,283,43,10,53,164,44*64
$GIGSV,1,1,02,09,27,283,43,10,53,164,44*64
$GIGSV,1,1,02,09,27,283,43,10,53,164,44*64
$GIGSV,1,1,02,09,27,283,43,10,53,164,44*64
$GIGSV,1,1,02,09,27,283,43,10,53,164,44*64
$GIGSV,1,1,02,09,27,283,43,10,53,164,44*64
$GIGSV,1,1,02,09,27,283,43,10,53,164,44*64
$GIGSV,1,1,02,09,27,283,43,10,53,164,44*64
$GIGSV,1,1,02,09,27,283,43,10,53,164,44*64
$GIGSV,1,1,02,09,27,283,43,10,53,164,44*64
$GIGSV,1,1,02,09,27,283,43,10,53,164,44*64
$GIGSV,1,1,02,09,27,283,43,10,53,164,44*64
$GIGSV,1,1,02,09,27,283,43,10,53,164,44*64
$GIGSV,1,1,02,09,27,283,43,10,53,164,44*64
$GIGSV,1,1,02,09,27,283,43,10,53,164,44*64
$GIGSV,1,1,02,09,27,283,43,10,53,164,44*64
$GIGSV,1,1,02,09,27,283,43,10,53,164,44*64
$GIGSV,1,1,02,09,27,283,43,10,53,164,44*64
$GIGSV,1,1,02,09,27,283,43,10,53,164,44*64
$GIGSV,1,1,02,09,27,283,43,10,53,164,44*64
$GIGSV,1,1,02,09,27,283,43,10,53,164,44*64
$GIGSV,1,1,02,09,27,283,43,10,53,164,44*64
$GIGSV,1,1,02,09,27,283,43,10,53,164,44*64
$GIGSV,1,1,02,09,27,283,43,10,53,164,44*64
$GIGSV,1,1,02,09,27,283,43,10,53,164,44*64
$GIGSV,1,1,02,09,27,283,43,10,53,164,44*64
$GIGSV,1,1,02,09,27,283,43,10,53,164,44*64
$GIGSV,1,1,02,09,27,283,43,10,53,164,44*64
$GIGSV,1,1,02,09,27,283,43,10,53,164,44*64
$GIGSV,1,1,02,09,27,283,43,10,53,164,44*64
$GIGSV,1,1,02,09,27,283,43,10,53,164,44*64
$GIGSV,1,1,02,09,27,283,43,10,53,164,44*64
$GIGSV,1,1,02,09,27,283,43,10,53,164,44*64
$GIGSV,1,1,02,09,27,283,43,10,53,164,44*64
$GIGSV,1,1,02,09,27,283,43,10,53,164,44*64
$GIGSV,1,1,02,09,27,283,43,10,53,164,44*64
$GIGSV,1,1,02,09,27,283,43,10,53,164,44*64
$GIGSV,1,1,02,09,27,283,43,10,53,164,44*64
$GIGSV,1,1,02,09,27,283,43,10,53,164,44*64
$GIGSV,1,1,02,09,27,283,43,10,53,164,44*64
$GIGSV,1,1,02,09,27,283,43,10,53,164,44*64
$GIGSV,1,1,02,09,27,283,43,10,53,164,44*64
$GIGSV,1,1,02,09,27,283,43,10,53,164,44*64
$GIGSV,1,1,02,09,27,283,43,10,53,164,44*64
$GIGSV,1,1,02,09,27,283,43,10,53,164,44*64
$GIGSV,1,1,02,09,27,283,43,10,53,164,44*64
$GIGSV,1,1,02,09,27,283,43,10,53,164,44*64
$GIGSV,1,1,02,09,27,283,43,10,53,164,44*64
$GIGSV,1,1,02,09,27,283,43,10,53,164,44*64
$GIGSV,1,1,02,09,27,283,43,10,53,164,44*64
$GIGSV,1,1,02,09,27,283,43,10,53,164,44*64
$GIGSV,1,1,02,09,27,283,43,10,53,164,44*64
$GIGSV,1,1,02,09,27,283,43,10,53,164,44*64
$GIGSV,1,1,02,09,27,283,43,10,53,164,44*64
$GIGSV,1,1,02,09,27,283,43,10,53,164,45*65
$GIGSV,1,1,02,09,27,283,43,10,53,164,45*65
$GIGSV,1,1,02,09,27,283,43,10,53,164,44*64
$GIGSV,1,1,02,09,27,283,43,10,53,164,44*64
$GIGSV,1,1,02,09,27,283,43,10,53,164,44*64
$GIGSV,1,1,02,09,27,283,43,10,53,164,44*64
$GIGSV,1,1,02,09,27,283,43,10,53,164,44*64
$GIGSV,1,1,02,09,27,283,43,10,53,164,44*64
$GIGSV,1,1,02,09,27,283,43,10,53,164,44*64
$GIGSV,1,1,02,09,27,283,43,10,53,164,44*64
$GIGSV,1,1,02,09,27,283,43,10,53,164,44*64
$GIGSV,1,1,02,09,27,283,43,10,53,164,44*64
$GIGSV,1,1,02,09,27,283,43,10,53,164,44*64
$GIGSV,1,1,02,09,27,283,43,10,53,164,44*64
$GIGSV,1,1,02,09,27,283,43,10,53,164,44*64
$GIGSV,1,1,02,09,27,283,43,10,53,164,44*64
$GIGSV,1,1,02,09,27,283,43,10,53,164,44*64
$GIGSV,1,1,02,09,27,283,43,10,53,164,44*64
$GIGSV,1,1,02,09,27,283,43,10,53,164,44*64
$GIGSV,1,1,02,09,27,283,43,10,53,164,44*64
$GIGSV,1,1,02,09,27,283,44,10,53,164,44*63
$GIGSV,1,1,02,09,27,283,44,10,53,164,44*63
$GIGSV,1,1,02,09,27,283,44,10,53,164,44*63
$GIGSV,1,1,02,09,27,283,44,10,53,164,44*63
$GIGSV,1,1,02,09,27,283,44,10,53,164,44*63
$GIGSV,1,1,02,09,27,283,44,10,53,164,44*63
$GIGSV,1,1,02,09,27,283,44,10,53,164,44*63
$GIGSV,1,1,02,09,27,283,44,10,53,164,44*63
$GIGSV,1,1,02,09,27,283,44,10,53,164,44*63
$GIGSV,1,1,02,09,27,283,44,10,53,164,44*63
$GIGSV,1,1,02,09,27,283,44,10,53,164,44*63
$GIGSV,1,1,02,09,27,283,44,10,53,164,44*63
$GIGSV,1,1,02,09,27,283,44,10,53,164,44*63
$GIGSV,1,1,02,09,27,283,44,10,53,164,44*63
$GIGSV,1,1,02,09,27,283,44,10,53,164,43*64
$GIGSV,1,1,02,09,27,283,44,10,53,164,43*64
$GIGSV,1,1,02,09,27,283,44,10,53,164,43*64
$GIGSV,1,1,02,09,27,283,44,10,53,164,43*64
$GIGSV,1,1,02,09,27,283,44,10,53,164,43*64
$GIGSV,1,1,02,09,27,283,44,10,53,164,43*64
$GIGSV,1,1,02,09,27,283,44,10,53,164,43*64
$GIGSV,1,1,02,09,27,283,44,10,53,164,43*64
$GIGSV,1,1,02,09,27,283,44,10,53,164,43*64
$GIGSV,1,1,02,09,27,283,44,10,53,164,43*64
$GIGSV,1,1,02,09,27,283,44,10,53,164,43*64
$GIGSV,1,1,02,09,27,283,44,10,53,164,43*64
$GIGSV,1,1,02,09,27,283,44,10,53,164,43*64
$GIGSV,1,1,02,09,27,283,44,10,53,164,43*64
$GIGSV,1,1,02,09,27,283,44,10,53,164,43*64
$GIGSV,1,1,02,09,27,283,44,10,53,164,43*64
$GIGSV,1,1,02,09,27,283,44,10,53,164,43*64
$GIGSV,1,1,02,09,27,283,44,10,53,164,43*64
$GIGSV,1,1,02,09,27,283,44,10,53,164,43*64
$GIGSV,1,1,02,09,27,283,44,10,53,164,43*64
$GIGSV,1,1,02,09,27,283,44,10,53,164,43*64
$GIGSV,1,1,02,09,27,283,44,10,53,164,43*64
$GIGSV,1,1,02,09,27,283,44,10,53,164,43*64
$GIGSV,1,1,02,09,27,283,44,10,53,164,43*64
$GIGSV,1,1,02,09,27,283,44,10,53,164,43*64
$GIGSV,1,1,02,09,27,283,44,10,53,164,43*64
$GIGSV,1,1,02,09,27,283,44,10,53,164,43*64
$GIGSV,1,1,02,09,27,283,44,10,53,164,43*64
$GIGSV,1,1,02,09,27,283,44,10,53,164,44*63
$GIGSV,1,1,02,09,27,283,44,10,53,164,44*63
$GIGSV,1,1,02,09,27,283,44,10,53,164,44*63
$GIGSV,1,1,02,09,27,283,44,10,53,164,44*63
$GIGSV,1,1,02,09,27,283,44,10,53,164,44*63
$GIGSV,1,1,02,09,27,283,44,10,53,164,44*63
$GIGSV,1,1,02,09,27,283,44,10,53,164,44*63
$GIGSV,1,1,02,09,27,283,44,10,53,164,44*63
$GIGSV,1,1,02,09,27,283,44,10,53,164,44*63
$GIGSV,1,1,02,09,27,283,44,10,53,164,44*63
$GIGSV,1,1,02,09,27,283,44,10,53,164,44*63
$GIGSV,1,1,02,09,27,283,44,10,53,164,44*63
$GIGSV,1,1,02,09,27,283,44,10,53,164,44*63
$GIGSV,1,1,02,09,27,283,44,10,53,164,44*63
$GIGSV,1,1,02,09,27,283,44,10,53,164,44*63
$GIGSV,1,1,02,09,27,283,44,10,53,164,44*63
$GIGSV,1,1,02,09,27,283,44,10,53,164,44*63
$GIGSV,1,1,02,09,27,283,44,10,53,164,44*63
$GIGSV,1,1,02,09,27,283,44,10,53,164,44*63
$GIGSV,1,1,02,09,27,283,44,10,53,164,44*63
$GIGSV,1,1,02,09,27,283,44,10,53,164,44*63
$GIGSV,1,1,02,09,27,283,44,10,53,164,44*63
$GIGSV,1,1,02,09,27,283,44,10,53,164,44*63
$GIGSV,1,1,02,09,27,283,44,10,53,164,44*63
$GIGSV,1,1,02,09,27,283,44,10,53,164,44*63
$GIGSV,1,1,02,09,27,283,44,10,53,164,44*63
$GIGSV,1,1,02,09,27,283,44,10,53,164,44*63
$GIGSV,1,1,02,09,27,283,44,10,53,164,44*63
$GIGSV,1,1,02,09,27,283,44,10,53,164,44*63
$GIGSV,1,1,02,09,27,283,44,10,53,164,44*63
$GIGSV,1,1,02,09,27,283,44,10,53,164,44*63
$GIGSV,1,1,02,09,27,283,44,10,53,164,44*63
$GIGSV,1,1,02,09,27,283,44,10,53,164,44*63
$GIGSV,1,1,02,09,27,283,44,10,53,164,44*63
$GIGSV,1,1,02,09,27,283,44,10,53,164,44*63
$GIGSV,1,1,02,09,27,283,44,10,53,164,44*63
$GIGSV,1,1,02,09,27,283,44,10,53,164,44*63
$GIGSV,1,1,02,09,27,283,44,10,53,164,44*63
$GIGSV,1,1,02,09,27,283,44,10,53,164,44*63
$GIGSV,1,1,02,09,27,283,44,10,53,164,44*63
$GIGSV,1,1,02,09,27,283,44,10,53,164,44*63
$GIGSV,1,1,02,09,27,283,44,10,53,164,44*63
$GIGSV,1,1,02,09,27,283,44,10,53,164,44*63
$GIGSV,1,1,02,09,27,283,44,10,53,164,44*63
$GIGSV,1,1,02,09,27,283,44,10,53,164,45*62
$GIGSV,1,1,02,09,27,283,44,10,53,164,45*62
$GIGSV,1,1,02,09,27,283,44,10,53,164,45*62
$GIGSV,1,1,02,09,27,283,44,10,53,164,44*63
$GIGSV,1,1,02,09,27,283,44,10,53,164,45*62
$GIGSV,1,1,02,09,27,283,44,10,53,164,45*62
$GIGSV,1,1,02,09,27,283,44,10,53,164,45*62
$GIGSV,1,1,02,09,27,283,44,10,53,164,45*62
$GIGSV,1,1,02,09,27,283,44,10,53,164,45*62
$GIGSV,1,1,02,09,27,283,44,10,53,164,44*63
$GIGSV,1,1,02,09,27,283,44,10,53,164,44*63
$GIGSV,1,1,02,09,27,283,44,10,53,164,45*62
$GIGSV,1,1,02,09,27,283,44,10,53,164,45*62
$GIGSV,1,1,02,09,27,283,44,10,53,164,45*62
$GIGSV,1,1,02,09,27,283,44,10,53,164,45*62
$GIGSV,1,1,02,09,27,283,44,10,53,164,45*62
$GIGSV,1,1,02,09,27,283,44,10,53,164,45*62
$GIGSV,1,1,02,09,27,283,44,10,53,164,45*62
$GIGSV,1,1,02,09,27,283,44,10,53,164,45*62
$GIGSV,1,1,02,09,27,283,44,10,53,164,45*62
$GIGSV,1,1,02,09,27,283,44,10,53,164,45*62
$GIGSV,1,1,02,09,27,283,44,10,53,164,45*62
$GIGSV,1,1,02,09,27,283,44,10,53,164,45*62
$GIGSV,1,1,02,09,27,283,44,10,53,164,45*62
$GIGSV,1,1,02,09,27,283,44,10,53,164,45*62
$GIGSV,1,1,02,09,27,283,44,10,53,164,45*62
$GIGSV,1,1,02,09,27,283,44,10,53,164,45*62
$GIGSV,1,1,02,09,27,283,44,10,53,164,45*62
$GIGSV,1,1,02,09,27,283,44,10,53,164,45*62
$GIGSV,1,1,02,09,27,283,44,10,53,164,45*62
$GIGSV,1,1,02,09,27,283,44,10,53,164,45*62
$GIGSV,1,1,02,09,27,283,44,10,53,164,45*62
$GIGSV,1,1,02,09,27,283,44,10,53,164,45*62
$GIGSV,1,1,02,09,27,283,44,10,53,164,45*62
$GIGSV,1,1,02,09,27,283,44,10,53,164,45*62
$GIGSV,1,1,02,09,27,283,44,10,53,164,45*62
$GIGSV,1,1,02,09,27,283,44,10,53,164,45*62
$GIGSV,1,1,02,09,27,283,44,10,53,164,45*62
$GIGSV,1,1,02,09,27,283,44,10,53,164,45*62
$GIGSV,1,1,02,09,27,283,44,10,53,164,45*62
$GIGSV,1,1,02,09,27,283,43,10,53,164,45*65
$GIGSV,1,1,02,09,27,283,43,10,53,164,45*65
$GIGSV,1,1,02,09,27,283,43,10,53,164,45*65
$GIGSV,1,1,02,09,27,283,44,10,53,164,45*62
$GIGSV,1,1,02,09,27,283,44,10,53,164,45*62
$GIGSV,1,1,02,09,27,283,44,10,53,164,45*62
$GIGSV,1,1,02,09,27,283,44,10,53,164,45*62
$GIGSV,1,1,02,09,27,283,44,10,53,164,45*62
$GIGSV,1,1,02,09,27,283,44,10,53,164,45*62
$GIGSV,1,1,02,09,27,283,44,10,53,164,45*62
$GIGSV,1,1,02,09,27,283,44,10,53,164,45*62
$GIGSV,1,1,02,09,27,283,44,10,53,164,45*62
$GIGSV,1,1,02,09,27,283,44,10,53,164,45*62
$GIGSV,1,1,02,09,27,283,44,10,53,164,45*62
$GIGSV,1,1,02,09,27,283,44,10,53,164,45*62
$GIGSV,1,1,02,09,27,283,43,10,53,164,45*65
$GIGSV,1,1,02,09,27,283,43,10,53,164,45*65
$GIGSV,1,1,02,09,27,283,43,10,53,164,45*65
$GIGSV,1,1,02,09,27,283,43,10,53,164,45*65
$GIGSV,1,1,02,09,27,283,43,10,53,164,45*65
$GIGSV,1,1,02,09,27,283,43,10,53,164,45*65
$GIGSV,1,1,02,09,27,283,43,10,53,164,45*65
$GIGSV,1,1,02,09,27,283,43,10,53,164,45*65
$GIGSV,1,1,02,09,27,283,43,10,53,164,45*65
$GIGSV,1,1,02,09,27,283,43,10,53,164,45*65
$GIGSV,1,1,02,09,27,283,43,10,53,164,45*65
$GIGSV,1,1,02,09,27,283,43,10,53,164,45*65
$GIGSV,1,1,02,09,27,283,43,10,53,164,45*65
$GIGSV,1,1,02,09,27,283,43,10,53,164,45*65
$GIGSV,1,1,02,09,27,283,43,10,53,164,45*65
$GIGSV,1,1,02,09,27,283,43,10,53,164,45*65
$GIGSV,1,1,02,09,27,283,43,10,53,164,45*65
$GIGSV,1,1,02,09,27,283,43,10,53,164,45*65
$GIGSV,1,1,02,09,27,283,43,10,53,164,45*65
$GIGSV,1,1,02,09,27,283,43,10,53,164,45*65
$GIGSV,1,1,02,09,27,283,43,10,53,164,45*65
$GIGSV,1,1,02,09,27,283,43,10,53,164,45*65
$GIGSV,1,1,02,09,27,283,43,10,53,164,45*65
$GIGSV,1,1,02,09,27,283,43,10,53,164,45*65
$GIGSV,1,1,02,09,27,283,43,10,53,164,45*65
$GIGSV,1,1,02,09,27,283,43,10,53,164,45*65
$GIGSV,1,1,02,09,27,283,43,10,53,164,45*65
$GIGSV,1,1,02,09,27,283,43,10,53,164,45*65
$GIGSV,1,1,02,09,27,283,43,10,53,164,44*64
$GIGSV,1,1,02,09,27,283,43,10,53,164,44*64
$GIGSV,1,1,02,09,27,283,43,10,53,164,44*64
$GIGSV,1,1,02,09,27,283,43,10,53,164,44*64
$GIGSV,1,1,02,09,27,283,43,10,53,164,44*64
$GIGSV,1,1,02,09,27,283,43,10,53,164,44*64
$GIGSV,1,1,02,09,27,283,43,10,53,164,44*64
$GIGSV,1,1,02,09,27,283,43,10,53,164,44*64
$GIGSV,1,1,02,09,27,283,43,10,53,164,44*64
$GIGSV,1,1,02,09,27,283,43,10,53,164,44*64
$GIGSV,1,1,02,09,27,283,43,10,53,164,44*64
$GIGSV,1,1,02,09,27,283,43,10,53,164,44*64
$GIGSV,1,1,02,09,27,283,43,10,53,164,44*64
$GIGSV,1,1,02,09,27,283,43,10,53,164,44*64
$GIGSV,1,1,02,09,27,283,43,10,53,164,44*64
$GIGSV,1,1,02,09,27,283,43,10,53,164,44*64
$GIGSV,1,1,02,09,27,283,43,10,53,164,44*64
$GIGSV,1,1,02,09,27,283,43,10,53,164,44*64
$GIGSV,1,1,02,09,27,283,43,10,53,164,44*64
$GIGSV,1,1,02,09,27,283,43,10,53,164,44*64
$GIGSV,1,1,02,09,27,283,43,10,53,164,44*64
$GIGSV,1,1,02,09,27,283,43,10,53,164,44*64
$GIGSV,1,1,02,09,27,283,43,10,53,164,44*64
$GIGSV,1,1,02,09,27,283,43,10,53,164,44*64
$GIGSV,1,1,02,09,27,283,43,10,53,164,44*64
$GIGSV,1,1,02,09,27,283,43,10,53,164,44*64
$GIGSV,1,1,02,09,27,283,43,10,53,164,44*64
$GIGSV,1,1,02,09,27,283,43,10,53,164,44*64
$GIGSV,1,1,02,09,27,283,43,10,53,164,44*64
$GIGSV,1,1,02,09,27,283,43,10,53,164,44*64
$GIGSV,1,1,02,09,27,283,43,10,53,164,44*64
$GIGSV,1,1,02,09,27,283,43,10,53,164,44*64
$GIGSV,1,1,02,09,27,283,43,10,53,164,44*64
$GIGSV,1,1,02,09,27,283,43,10,53,164,44*64
$GIGSV,1,1,02,09,27,283,43,10,53,164,44*64
$GIGSV,1,1,02,09,27,283,43,10,53,164,44*64
$GIGSV,1,1,02,09,27,283,43,10,53,164,44*64
$GIGSV,1,1,02,09,27,283,43,10,53,164,44*64
$GIGSV,1,1,02,09,27,283,43,10,53,164,44*64
$GIGSV,1,1,02,09,27,283,43,10,53,164,44*64
$GIGSV,1,1,02,09,27,283,43,10,53,164,44*64
$GIGSV,1,1,02,09,27,283,43,10,53,164,44*64
$GIGSV,1,1,02,09,27,283,43,10,53,164,44*64
$GIGSV,1,1,02,09,27,283,43,10,53,164,44*64
$GIGSV,1,1,02,09,27,283,43,10,53,164,44*64
$GIGSV,1,1,02,09,27,283,43,10,53,164,44*64
$GIGSV,1,1,02,09,27,283,43,10,53,164,44*64
$GIGSV,1,1,02,09,27,283,43,10,53,164,44*64
$GIGSV,1,1,02,09,27,283,42,10,53,164,44*65
$GIGSV,1,1,02,09,27,283,42,10,53,164,44*65
$GIGSV,1,1,02,09,27,283,43,10,53,164,44*64
$GIGSV,1,1,02,09,27,283,43,10,53,164,44*64
$GIGSV,1,1,02,09,27,283,42,10,53,164,44*65
$GIGSV,1,1,02,09,27,283,42,10,53,164,44*65
$GIGSV,1,1,02,09,27,283,42,10,53,164,44*65
$GIGSV,1,1,02,09,27,283,42,10,53,164,44*65
$GIGSV,1,1,02,09,27,283,43,10,53,164,44*64
$GIGSV,1,1,02,09,27,283,43,10,53,164,44*64
$GIGSV,1,1,02,09,27,283,43,10,53,164,44*64
$GIGSV,1,1,02,09,27,283,43,10,53,164,44*64
$GIGSV,1,1,02,09,27,283,43,10,53,164,44*64
$GIGSV,1,1,02,09,27,283,43,10,53,164,44*64
$GIGSV,1,1,02,09,27,283,43,10,53,164,44*64
$GIGSV,1,1,02,09,27,283,43,10,53,164,44*64
$GIGSV,1,1,02,09,27,283,43,10,53,164,44*64
$GIGSV,1,1,02,09,27,283,43,10,53,164,44*64
$GIGSV,1,1,02,09,27,283,43,10,53,164,44*64
$GIGSV,1,1,02,09,27,283,43,10,53,164,44*64
$GIGSV,1,1,02,09,27,283,43,10,53,164,44*64
$GIGSV,1,1,02,09,27,283,43,10,53,164,44*64
$GIGSV,1,1,02,09,27,283,43,10,53,164,44*64
$GIGSV,1,1,02,09,27,283,43,10,53,164,44*64
$GIGSV,1,1,02,09,27,283,43,10,53,164,44*64
$GIGSV,1,1,02,09,27,283,43,10,53,164,44*64
$GIGSV,1,1,02,09,27,283,43,10,53,164,44*64
$GIGSV,1,1,02,09,27,283,43,10,53,164,44*64
$GIGSV,1,1,02,09,27,283,43,10,53,164,44*64
$GIGSV,1,1,02,09,27,283,43,10,53,164,44*64
$GIGSV,1,1,02,09,27,283,43,10,53,164,44*64
$GIGSV,1,1,02,09,27,283,43,10,53,164,44*64
$GIGSV,1,1,02,09,27,283,43,10,53,164,44*64
$GIGSV,1,1,02,09,27,283,43,10,53,164,44*64
$GIGSV,1,1,02,09,27,283,43,10,53,164,44*64
$GIGSV,1,1,02,09,27,283,43,10,53,164,44*64
$GIGSV,1,1,02,09,27,283,43,10,53,164,44*64
$GIGSV,1,1,02,09,27,283,43,10,53,164,44*64
$GIGSV,1,1,02,09,27,283,43,10,53,164,44*64
$GIGSV,1,1,02,09,27,283,43,10,53,164,44*64
$GIGSV,1,1,02,09,27,283,43,10,53,164,44*64
$GIGSV,1,1,02,09,27,283,43,10,53,164,44*64
$GIGSV,1,1,02,09,27,283,43,10,53,164,44*64
$GIGSV,1,1,02,09,27,283,43,10,53,164,44*64
$GIGSV,1,1,02,09,27,283,43,10,53,164,44*64
$GIGSV,1,1,02,09,27,283,43,10,53,164,44*64
$GIGSV,1,1,02,09,27,283,43,10,53,164,44*64
$GIGSV,1,1,02,09,27,283,43,10,53,164,44*64
$GIGSV,1,1,02,09,27,283,43,10,53,164,44*64
$GIGSV,1,1,02,09,27,283,43,10,53,164,44*64
$GIGSV,1,1,02,09,27,283,43,10,53,164,44*64
$GIGSV,1,1,02,09,27,283,43,10,53,164,44*64
$GIGSV,1,1,02,09,27,283,43,10,53,164,44*64
$GIGSV,1,1,02,09,27,283,43,10,53,164,44*64
$GIGSV,1,1,02,09,27,283,43,10,53,164,44*64
$GIGSV,1,1,02,09,27,283,43,10,53,164,44*64
$GIGSV,1,1,02,09,27,283,43,10,53,164,44*64
$GIGSV,1,1,02,09,27,283,43,10,53,164,44*64
$GIGSV,1,1,02,09,27,283,43,10,53,164,44*64
$GIGSV,1,1,02,09,27,283,43,10,53,164,44*64
$GIGSV,1,1,02,09,27,283,43,10,53,164,44*64
$GIGSV,1,1,02,09,27,283,43,10,53,164,44*64
$GIGSV,1,1,02,09,27,283,43,10,53,164,44*64
$GIGSV,1,1,02,09,27,283,44,10,53,164,44*63
$GIGSV,1,1,02,09,27,283,44,10,53,164,44*63
$GIGSV,1,1,02,09,27,283,44,10,53,164,44*63
$GIGSV,1,1,02,09,27,283,44,10,53,164,44*63
$GIGSV,1,1,02,09,27,283,44,10,53,164,44*63
$GIGSV,1,1,02,09,27,283,44,10,53,164,44*63
$GIGSV,1,1,02,09,27,283,44,10,53,164,44*63
$GIGSV,1,1,02,09,27,283,44,10,53,164,44*63
$GIGSV,1,1,02,09,27,283,44,10,53,164,44*63
$GIGSV,1,1,02,09,27,283,44,10,53,164,44*63
$GIGSV,1,1,02,09,27,283,44,10,53,164,44*63
$GIGSV,1,1,02,09,27,283,44,10,53,164,44*63
$GIGSV,1,1,02,09,27,283,44,10,53,164,44*63
$GIGSV,1,1,02,09,27,283,44,10,53,164,44*63
$GIGSV,1,1,02,09,27,283,44,10,53,164,44*63
$GIGSV,1,1,02,09,27,283,44,10,53,164,44*63
$GIGSV,1,1,02,09,27,283,44,10,53,164,44*63
$GIGSV,1,1,02,09,27,283,44,10,53,164,44*63
$GIGSV,1,1,02,09,27,283,44,10,53,164,44*63
$GIGSV,1,1,02,09,27,283,44,10,53,164,44*63
$GIGSV,1,1,02,09,27,283,44,10,53,164,44*63
$GIGSV,1,1,02,09,27,283,44,10,53,164,44*63
$GIGSV,1,1,02,09,27,283,44,10,53,164,44*63
$GIGSV,1,1,02,09,27,283,44,10,53,164,44*63
$GIGSV,1,1,02,09,27,283,44,10,53,164,44*63
$GIGSV,1,1,02,09,27,283,44,10,53,164,44*63
$GIGSV,1,1,02,09,27,283,44,10,53,164,44*63
$GIGSV,1,1,02,09,27,283,44,10,53,164,44*63
$GIGSV,1,1,02,09,27,283,44,10,53,164,44*63
$GIGSV,1,1,02,09,27,283,44,10,53,164,44*63
$GIGSV,1,1,02,09,27,283,43,10,53,164,44*64
$GIGSV,1,1,02,09,27,283,43,10,53,164,44*64
$GIGSV,1,1,02,09,27,283,43,10,53,164,44*64
$GIGSV,1,1,02,09,27,283,43,10,53,164,44*64
$GIGSV,1,1,02,09,27,283,43,10,53,164,44*64
$GIGSV,1,1,02,09,27,283,43,10,53,164,44*64
$GIGSV,1,1,02,09,27,283,43,10,53,164,44*64
$GIGSV,1,1,02,09,27,283,43,10,53,164,44*64
$GIGSV,1,1,02,09,27,283,43,10,53,164,44*64
$GIGSV,1,1,02,09,27,283,43,10,53,164,44*64
$GIGSV,1,1,02,09,27,283,43,10,53,164,44*64
$GIGSV,1,1,02,09,27,283,43,10,53,164,45*65
$GIGSV,1,1,02,09,27,283,43,10,53,164,45*65
$GIGSV,1,1,02,09,27,283,43,10,53,164,45*65
$GIGSV,1,1,02,09,27,283,43,10,53,164,45*65
$GIGSV,1,1,02,09,27,283,43,10,53,164,45*65
$GIGSV,1,1,02,09,27,283,43,10,53,164,45*65
$GIGSV,1,1,02,09,27,283,43,10,53,164,45*65
$GIGSV,1,1,02,09,27,283,43,10,53,164,45*65
$GIGSV,1,1,02,09,27,283,43,10,53,164,45*65
$GIGSV,1,1,02,09,27,283,43,10,53,164,45*65
$GIGSV,1,1,02,09,27,283,43,10,53,164,45*65
$GIGSV,1,1,02,09,27,283,43,10,53,164,45*65
$GIGSV,1,1,02,09,27,283,43,10,53,164,45*65
$GIGSV,1,1,02,09,27,283,43,10,53,164,45*65
$GIGSV,1,1,02,09,27,283,43,10,53,164,45*65
$GIGSV,1,1,02,09,27,283,44,10,53,164,45*62
$GIGSV,1,1,02,09,27,283,44,10,53,164,45*62
$GIGSV,1,1,02,09,27,283,44,10,53,164,45*62
$GIGSV,1,1,02,09,27,283,44,10,53,164,45*62
$GIGSV,1,1,02,09,27,283,44,10,53,164,45*62
$GIGSV,1,1,02,09,27,283,43,10,53,164,45*65
$GIGSV,1,1,02,09,27,283,43,10,53,164,45*65
$GIGSV,1,1,02,09,27,283,43,10,53,164,45*65
$GIGSV,1,1,02,09,27,283,43,10,53,164,45*65
$GIGSV,1,1,02,09,27,283,43,10,53,164,45*65
$GIGSV,1,1,02,09,27,283,43,10,53,164,45*65
$GIGSV,1,1,02,09,27,283,43,10,53,164,45*65
$GIGSV,1,1,02,09,27,283,43,10,53,164,45*65
$GIGSV,1,1,02,09,27,283,43,10,53,164,45*65
$GIGSV,1,1,02,09,27,283,43,10,53,164,45*65
$GIGSV,1,1,02,09,27,283,43,10,53,164,45*65
$GIGSV,1,1,02,09,27,283,43,10,53,164,45*65
$GIGSV,1,1,02,09,27,283,43,10,53,164,45*65
$GIGSV,1,1,02,09,27,283,43,10,53,164,45*65
$GIGSV,1,1,02,09,27,283,42,10,53,164,45*64
$GIGSV,1,1,02,09,27,283,42,10,53,164,45*64
$GIGSV,1,1,02,09,27,283,42,10,53,164,45*64
$GIGSV,1,1,02,09,27,283,42,10,53,164,45*64
$GIGSV,1,1,02,09,27,283,42,10,53,164,45*64
$GIGSV,1,1,02,09,27,283,42,10,53,164,45*64
$GIGSV,1,1,02,09,27,283,42,10,53,164,45*64
$GIGSV,1,1,02,09,27,283,42,10,53,164,45*64
$GIGSV,1,1,02,09,27,283,42,10,53,164,45*64
$GIGSV,1,1,02,09,27,283,42,10,53,164,45*64
$GIGSV,1,1,02,09,27,283,42,10,53,164,45*64
$GIGSV,1,1,02,09,27,283,42,10,53,164,45*64
$GIGSV,1,1,02,09,27,283,42,10,53,164,45*64
$GIGSV,1,1,02,09,27,283,42,10,53,164,45*64
$GIGSV,1,1,02,09,27,283,42,10,53,164,45*64
$GIGSV,1,1,02,09,27,283,42,10,53,164,45*64
$GIGSV,1,1,02,09,27,283,42,10,53,164,45*64
$GIGSV,1,1,02,09,27,283,42,10,53,164,45*64
$GIGSV,1,1,02,09,27,283,41,10,53,164,45*67
$GIGSV,1,1,02,09,27,283,41,10,53,164,45*67
$GIGSV,1,1,02,09,27,283,41,10,53,164,45*67
$GIGSV,1,1,02,09,27,283,41,10,53,164,45*67
$GIGSV,1,1,02,09,27,283,41,10,53,164,45*67
$GIGSV,1,1,02,09,27,283,41,10,53,164,45*67
$GIGSV,1,1,02,09,27,283,41,10,53,164,45*67
$GIGSV,1,1,02,09,27,283,41,10,53,164,45*67
$GIGSV,1,1,02,09,27,283,41,10,53,164,45*67
$GIGSV,1,1,02,09,27,283,41,10,53,164,45*67
$GIGSV,1,1,02,09,27,283,41,10,53,164,45*67
$GIGSV,1,1,02,09,27,283,41,10,53,164,45*67
$GIGSV,1,1,02,09,27,283,41,10,53,164,45*67
$GIGSV,1,1,02,09,27,283,41,10,53,164,45*67
$GIGSV,1,1,02,09,27,283,40,10,53,164,45*66
$GIGSV,1,1,02,09,27,283,40,10,53,164,45*66
$GIGSV,1,1,02,09,27,283,40,10,53,164,45*66
$GIGSV,1,1,02,09,27,283,40,10,53,164,45*66
$GIGSV,1,1,02,09,27,283,40,10,53,164,45*66
$GIGSV,1,1,02,09,27,283,40,10,53,164,45*66
$GIGSV,1,1,02,09,27,283,40,10,53,164,45*66
$GIGSV,1,1,02,09,27,283,40,10,53,164,45*66
$GIGSV,1,1,02,09,27,283,40,10,53,164,45*66
$GIGSV,1,1,02,09,27,283,40,10,53,164,45*66
$GIGSV,1,1,02,09,27,283,40,10,53,164,45*66
$GIGSV,1,1,02,09,27,283,40,10,53,164,45*66
$GIGSV,1,1,02,09,27,283,40,10,53,164,45*66
$GIGSV,1,1,02,09,27,283,40,10,53,164,45*66
$GIGSV,1,1,02,09,27,283,40,10,53,164,45*66
$GIGSV,1,1,02,09,27,283,40,10,53,164,45*66
$GIGSV,1,1,02,09,27,283,40,10,53,164,45*66
$GIGSV,1,1,02,09,27,283,40,10,53,164,45*66
$GIGSV,1,1,02,09,27,283,40,10,53,164,45*66
$GIGSV,1,1,02,09,27,283,40,10,53,164,45*66
$GIGSV,1,1,02,09,27,283,40,10,53,164,45*66
$GIGSV,1,1,02,09,27,283,40,10,53,164,45*66
$GIGSV,1,1,02,09,27,283,40,10,53,164,45*66
$GIGSV,1,1,02,09,27,283,40,10,53,164,45*66
$GIGSV,1,1,02,09,27,283,40,10,53,164,45*66
$GIGSV,1,1,02,09,27,283,40,10,53,164,45*66
$GIGSV,1,1,02,09,27,283,39,10,53,164,45*68
$GIGSV,1,1,02,09,27,283,39,10,53,164,45*68
$GIGSV,1,1,02,09,27,283,39,10,53,164,45*68
$GIGSV,1,1,02,09,27,283,39,10,53,164,45*68
$GIGSV,1,1,02,09,27,283,39,10,53,164,45*68
$GIGSV,1,1,02,09,27,283,39,10,53,164,45*68
$GIGSV,1,1,02,09,27,283,39,10,53,164,45*68
$GIGSV,1,1,02,09,27,283,39,10,53,164,45*68
$GIGSV,1,1,02,09,27,283,39,10,53,164,45*68
$GIGSV,1,1,02,09,27,283,39,10,53,164,45*68
$GIGSV,1,1,02,09,27,283,39,10,53,164,45*68
$GIGSV,1,1,02,09,27,283,39,10,53,164,45*68
$GIGSV,1,1,02,09,27,283,39,10,53,164,45*68
$GIGSV,1,1,02,09,27,283,39,10,53,164,45*68
$GIGSV,1,1,02,09,27,283,39,10,53,164,45*68
$GIGSV,1,1,02,09,27,283,39,10,53,164,45*68
$GIGSV,1,1,02,09,27,283,39,10,53,164,45*68
$GIGSV,1,1,02,09,27,283,39,10,53,164,45*68
$GIGSV,1,1,02,09,27,283,39,10,53,164,45*68
$GIGSV,1,1,02,09,27,283,39,10,53,164,45*68
$GIGSV,1,1,02,09,27,283,39,10,53,164,45*68
$GIGSV,1,1,02,09,27,283,39,10,53,164,45*68
$GIGSV,1,1,02,09,27,283,39,10,53,164,45*68
$GIGSV,1,1,02,09,27,283,39,10,53,164,45*68
$GIGSV,1,1,02,09,27,283,39,10,53,164,45*68
$GIGSV,1,1,02,09,27,283,39,10,53,164,45*68
$GIGSV,1,1,02,09,27,283,39,10,53,164,45*68
$GIGSV,1,1,02,09,27,283,39,10,53,164,45*68
$GIGSV,1,1,02,09,27,283,39,10,53,164,45*68
$GIGSV,1,1,02,09,27,283,39,10,53,164,45*68
$GIGSV,1,1,02,09,27,283,38,10,53,164,45*69
$GIGSV,1,1,02,09,27,283,38,10,53,164,45*69
$GIGSV,1,1,02,09,27,283,38,10,53,164,45*69
$GIGSV,1,1,02,09,27,283,38,10,53,164,45*69
$GIGSV,1,1,02,09,27,283,38,10,53,164,45*69
$GIGSV,1,1,02,09,27,283,39,10,53,164,45*68
$GIGSV,1,1,02,09,27,283,39,10,53,164,45*68
$GIGSV,1,1,02,09,27,283,39,10,53,164,45*68
$GIGSV,1,1,02,09,27,283,39,10,53,164,45*68
$GIGSV,1,1,02,09,27,283,39,10,53,164,45*68
$GIGSV,1,1,02,09,27,283,39,10,53,164,45*68
$GIGSV,1,1,02,09,27,283,39,10,53,164,45*68
$GIGSV,1,1,02,09,27,283,39,10,53,164,45*68
$GIGSV,1,1,02,09,27,283,39,10,53,164,45*68
$GIGSV,1,1,02,09,27,283,38,10,53,164,45*69
$GIGSV,1,1,02,09,27,283,38,10,53,164,45*69
$GIGSV,1,1,02,09,27,283,38,10,53,164,45*69
$GIGSV,1,1,02,09,27,283,38,10,53,164,45*69
$GIGSV,1,1,02,09,27,283,38,10,53,164,45*69
$GIGSV,1,1,02,09,27,283,38,10,53,164,45*69
$GIGSV,1,1,02,09,27,283,38,10,53,164,45*69
$GIGSV,1,1,02,09,27,283,38,10,53,164,45*69
$GIGSV,1,1,02,09,27,283,38,10,53,164,45*69
$GIGSV,1,1,02,09,27,283,38,10,53,164,45*69
$GIGSV,1,1,02,09,27,283,38,10,53,164,45*69
$GIGSV,1,1,02,09,27,283,38,10,53,164,45*69
$GIGSV,1,1,02,09,27,283,38,10,53,164,45*69
$GIGSV,1,1,02,09,27,283,38,10,53,164,45*69
$GIGSV,1,1,02,09,27,283,38,10,53,164,45*69
$GIGSV,1,1,02,09,27,283,38,10,53,164,45*69
$GIGSV,1,1,02,09,27,283,38,10,53,164,45*69
$GIGSV,1,1,02,09,27,283,38,10,53,164,45*69
$GIGSV,1,1,02,09,27,283,38,10,53,164,45*69
$GIGSV,1,1,02,09,27,283,38,10,53,164,45*69
$GIGSV,1,1,02,09,27,283,39,10,53,164,45*68
$GIGSV,1,1,02,09,27,283,39,10,53,164,45*68
$GIGSV,1,1,02,09,27,283,39,10,53,164,45*68
$GIGSV,1,1,02,09,27,283,39,10,53,164,45*68
$GIGSV,1,1,02,09,27,283,39,10,53,164,45*68
$GIGSV,1,1,02,09,27,283,39,10,53,164,45*68
$GIGSV,1,1,02,09,27,283,39,10,53,164,45*68
$GIGSV,1,1,02,09,27,283,39,10,53,164,45*68
$GIGSV,1,1,02,09,27,283,38,10,53,164,45*69
$GIGSV,1,1,02,09,27,283,38,10,53,164,45*69
$GIGSV,1,1,02,09,27,283,38,10,53,164,45*69
$GIGSV,1,1,02,09,27,283,38,10,53,164,45*69
$GIGSV,1,1,02,09,27,283,38,10,53,164,44*68
$GIGSV,1,1,02,09,27,283,38,10,53,164,44*68
$GIGSV,1,1,02,09,27,283,38,10,53,164,44*68
$GIGSV,1,1,02,09,27,283,38,10,53,164,44*68
$GIGSV,1,1,02,09,27,283,38,10,53,164,44*68
$GIGSV,1,1,02,09,27,283,38,10,53,164,44*68
$GIGSV,1,1,02,09,27,283,38,10,53,164,44*68
$GIGSV,1,1,02,09,27,283,38,10,53,164,44*68
$GIGSV,1,1,02,09,27,283,38,10,53,164,44*68
$GIGSV,1,1,02,09,27,283,38,10,53,164,44*68
$GIGSV,1,1,02,09,27,283,38,10,53,164,44*68
$GIGSV,1,1,02,09,27,283,38,10,53,164,44*68
$GIGSV,1,1,02,09,27,283,38,10,53,164,44*68
$GIGSV,1,1,02,09,27,283,38,10,53,164,44*68
$GIGSV,1,1,02,09,27,283,38,10,53,164,44*68
$GIGSV,1,1,02,09,27,283,38,10,53,164,44*68
$GIGSV,1,1,02,09,27,283,38,10,53,164,45*69
$GIGSV,1,1,02,09,27,283,38,10,53,164,45*69
$GIGSV,1,1,02,09,27,283,38,10,53,164,45*69
$GIGSV,1,1,02,09,27,283,38,10,53,164,45*69
$GIGSV,1,1,02,09,27,283,38,10,53,164,45*69
$GIGSV,1,1,02,09,27,283,38,10,53,164,45*69
$GIGSV,1,1,02,09,27,283,38,10,53,164,45*69
$GIGSV,1,1,02,09,27,283,38,10,53,164,45*69
$GIGSV,1,1,02,09,27,283,38,10,53,164,45*69
$GIGSV,1,1,02,09,27,283,38,10,53,164,45*69
$GIGSV,1,1,02,09,27,283,38,10,53,164,45*69
$GIGSV,1,1,02,09,27,283,38,10,53,164,45*69
$GIGSV,1,1,02,09,27,283,38,10,53,164,45*69
$GIGSV,1,1,02,09,27,283,38,10,53,164,45*69
$GIGSV,1,1,02,09,27,283,38,10,53,164,45*69
$GIGSV,1,1,02,09,27,283,38,10,53,164,45*69
$GIGSV,1,1,02,09,27,283,38,10,53,164,45*69
$GIGSV,1,1,02,09,27,283,38,10,53,164,45*69
$GIGSV,1,1,02,09,27,283,38,10,53,164,45*69
$GIGSV,1,1,02,09,27,283,38,10,53,164,45*69
$GIGSV,1,1,02,09,27,283,38,10,53,164,45*69
$GIGSV,1,1,02,09,27,283,38,10,53,164,45*69
$GIGSV,1,1,02,09,27,283,38,10,53,164,45*69
$GIGSV,1,1,02,09,27,283,38,10,53,164,45*69
$GIGSV,1,1,02,09,27,283,38,10,53,164,45*69
$GIGSV,1,1,02,09,27,283,38,10,53,164,45*69
$GIGSV,1,1,02,09,27,283,38,10,53,164,45*69
$GIGSV,1,1,02,09,27,283,38,10,53,164,44*68
$GIGSV,1,1,02,09,27,283,38,10,53,164,44*68
$GIGSV,1,1,02,09,27,283,38,10,53,164,44*68
$GIGSV,1,1,02,09,27,283,38,10,53,164,44*68
$GIGSV,1,1,02,09,27,283,38,10,53,164,44*68
$GIGSV,1,1,02,09,27,283,38,10,53,164,44*68
$GIGSV,1,1,02,09,27,283,38,10,53,164,44*68
$GIGSV,1,1,02,09,27,283,38,10,53,164,44*68
$GIGSV,1,1,02,09,27,283,38,10,53,164,44*68
$GIGSV,1,1,02,09,27,283,38,10,53,164,44*68
$GIGSV,1,1,02,09,27,283,38,10,53,164,44*68
$GIGSV,1,1,02,09,27,283,38,10,53,164,44*68
$GIGSV,1,1,02,09,27,283,38,10,53,164,44*68
$GIGSV,1,1,02,09,27,283,38,10,53,164,44*68
$GIGSV,1,1,02,09,27,283,38,10,53,164,44*68
$GIGSV,1,1,02,09,27,283,37,10,53,164,44*67
$GIGSV,1,1,02,09,27,283,37,10,53,164,44*67
$GIGSV,1,1,02,09,27,283,37,10,53,164,44*67
$GIGSV,1,1,02,09,27,283,37,10,53,164,44*67
$GIGSV,1,1,02,09,27,283,37,10,53,164,44*67
$GIGSV,1,1,02,09,27,283,37,10,53,164,44*67
$GIGSV,1,1,02,09,27,283,37,10,53,164,44*67
$GIGSV,1,1,02,09,27,283,37,10,53,164,44*67
$GIGSV,1,1,02,09,27,283,37,10,53,164,44*67
$GIGSV,1,1,02,09,27,283,37,10,53,164,44*67
$GIGSV,1,1,02,09,27,283,37,10,53,164,44*67
$GIGSV,1,1,02,09,27,283,37,10,53,164,44*67
$GIGSV,1,1,02,09,27,283,37,10,53,164,44*67
$GIGSV,1,1,02,09,27,283,37,10,53,164,44*67
$GIGSV,1,1,02,09,27,283,37,10,53,164,44*67
$GIGSV,1,1,02,09,27,283,37,10,53,164,44*67
$GIGSV,1,1,02,09,27,283,37,10,53,164,44*67
$GIGSV,1,1,02,09,27,283,37,10,53,164,44*67
$GIGSV,1,1,02,09,27,283,37,10,53,164,44*67
$GIGSV,1,1,02,09,27,283,37,10,53,164,44*67
$GIGSV,1,1,01,10,53,164,44*55
$GIGSV,1,1,01,10,53,164,44*55
$GIGSV,1,1,01,10,53,164,44*55
$GIGSV,1,1,01,10,53,164,44*55
$GIGSV,1,1,01,10,53,164,44*55
$GIGSV,1,1,01,10,53,164,44*55
$GIGSV,1,1,01,10,53,164,44*55
$GIGSV,1,1,01,10,53,164,44*55
$GIGSV,1,1,01,10,53,164,44*55
$GIGSV,1,1,01,10,53,164,44*55
$GIGSV,1,1,01,10,53,164,44*55
$GIGSV,1,1,01,10,53,164,44*55
$GIGSV,1,1,01,10,53,164,44*55
$GIGSV,1,1,01,10,53,164,44*55
$GIGSV,1,1,01,10,53,164,44*55
$GIGSV,1,1,01,10,53,164,44*55
$GIGSV,1,1,01,10,53,164,44*55
$GIGSV,1,1,01,10,53,164,44*55
$GIGSV,1,1,01,10,53,164,44*55
$GIGSV,1,1,01,10,53,164,44*55
$GIGSV,1,1,01,10,53,164,44*55
$GIGSV,1,1,01,10,53,164,44*55
$GIGSV,1,1,01,10,53,164,44*55
$GIGSV,1,1,02,09,27,283,38,10,53,164,44*68
$GIGSV,1,1,02,09,27,283,38,10,53,164,44*68
$GIGSV,1,1,02,09,27,283,38,10,53,164,44*68
$GIGSV,1,1,02,09,27,283,38,10,53,164,44*68
$GIGSV,1,1,02,09,27,283,38,10,53,164,44*68
$GIGSV,1,1,02,09,27,283,39,10,53,164,44*69
$GIGSV,1,1,02,09,27,283,39,10,53,164,44*69
$GIGSV,1,1,02,09,27,283,39,10,53,164,44*69
$GIGSV,1,1,02,09,27,283,40,10,53,164,44*67
$GIGSV,1,1,02,09,27,283,40,10,53,164,44*67
$GIGSV,1,1,02,09,27,283,41,10,53,164,44*66
$GIGSV,1,1,02,09,27,283,41,10,53,164,44*66
$GIGSV,1,1,02,09,27,283,41,10,53,164,44*66
$GIGSV,1,1,02,09,27,283,41,10,53,164,44*66
$GIGSV,1,1,02,09,27,283,42,10,53,164,44*65
$GIGSV,1,1,02,09,27,283,42,10,53,164,44*65
$GIGSV,1,1,02,09,27,283,43,10,53,164,44*64
$GIGSV,1,1,02,09,27,283,43,10,53,164,44*64
$GIGSV,1,1,02,09,27,283,43,10,53,164,44*64
$GIGSV,1,1,02,09,27,283,43,10,53,164,44*64
$GIGSV,1,1,02,09,27,283,43,10,53,164,44*64
$GIGSV,1,1,02,09,27,283,43,10,53,164,44*64
$GIGSV,1,1,02,09,27,283,43,10,53,164,44*64
$GIGSV,1,1,02,09,27,283,43,10,53,164,44*64
$GIGSV,1,1,02,09,27,283,44,10,53,164,44*63
$GIGSV,1,1,02,09,27,283,44,10,53,164,44*63
$GIGSV,1,1,02,09,27,283,44,10,53,164,44*63
$GIGSV,1,1,02,09,27,283,44,10,53,164,44*63
$GIGSV,1,1,02,09,27,283,44,10,53,164,44*63
$GIGSV,1,1,02,09,27,283,45,10,53,164,44*62
$GIGSV,1,1,02,09,27,283,45,10,53,164,44*62
$GIGSV,1,1,02,09,27,283,45,10,53,164,44*62
$GIGSV,1,1,02,09,27,283,45,10,53,164,44*62
$GIGSV,1,1,02,09,27,283,45,10,53,164,44*62
$GIGSV,1,1,02,09,27,283,45,10,53,164,44*62
$GIGSV,1,1,02,09,27,283,44,10,53,164,44*63
$GIGSV,1,1,02,09,27,283,44,10,53,164,44*63
$GIGSV,1,1,02,09,27,283,44,10,53,164,44*63
$GIGSV,1,1,02,09,27,283,44,10,53,164,44*63
$GIGSV,1,1,02,09,27,283,44,10,53,164,44*63
$GIGSV,1,1,02,09,27,283,44,10,53,164,44*63
$GIGSV,1,1,02,09,27,283,44,10,53,164,44*63
$GIGSV,1,1,02,09,27,283,44,10,53,164,44*63
$GIGSV,1,1,02,09,27,283,44,10,53,164,44*63
$GIGSV,1,1,02,09,27,283,43,10,53,164,43*63
$GIGSV,1,1,02,09,27,283,43,10,53,164,43*63
$GIGSV,1,1,02,09,27,283,43,10,53,164,43*63
$GIGSV,1,1,02,09,27,283,44,10,53,164,43*64
$GIGSV,1,1,02,09,27,283,43,10,53,164,43*63
$GIGSV,1,1,02,09,27,283,44,10,53,164,43*64
$GIGSV,1,1,02,09,27,283,44,10,53,164,43*64
$GIGSV,1,1,02,09,27,283,44,10,53,164,43*64
$GIGSV,1,1,02,09,27,283,45,10,53,164,43*65
$GIGSV,1,1,02,09,27,283,44,10,53,164,43*64
$GIGSV,1,1,02,09,27,283,44,10,53,164,43*64
$GIGSV,1,1,02,09,27,283,45,10,53,164,43*65
$GIGSV,1,1,02,09,27,283,45,10,53,164,43*65
$GIGSV,1,1,02,09,27,283,45,10,53,164,43*65
$GIGSV,1,1,02,09,27,283,45,10,53,164,43*65
$GIGSV,1,1,02,09,27,283,45,10,53,164,43*65
$GIGSV,1,1,02,09,27,283,45,10,53,164,43*65
$GIGSV,1,1,02,09,27,283,45,10,53,164,43*65
$GIGSV,1,1,02,09,27,283,45,10,53,164,44*62
$GIGSV,1,1,02,09,27,283,45,10,53,164,44*62
$GIGSV,1,1,02,09,27,283,45,10,53,164,44*62
$GIGSV,1,1,02,09,27,283,45,10,53,164,44*62
$GIGSV,1,1,02,09,27,283,45,10,53,164,44*62
$GIGSV,1,1,02,09,27,283,45,10,53,164,44*62
$GIGSV,1,1,02,09,27,283,45,10,53,164,44*62
$GIGSV,1,1,02,09,27,283,45,10,53,164,44*62
$GIGSV,1,1,02,09,27,283,45,10,53,164,44*62
$GIGSV,1,1,02,09,27,283,45,10,53,164,44*62
$GIGSV,1,1,02,09,27,283,45,10,53,164,44*62
$GIGSV,1,1,02,09,27,283,45,10,53,164,44*62
$GIGSV,1,1,02,09,27,283,45,10,53,164,44*62
$GIGSV,1,1,02,09,27,283,45,10,53,164,44*62
$GIGSV,1,1,02,09,27,283,45,10,53,164,44*62
$GIGSV,1,1,02,09,27,283,45,10,53,164,44*62
$GIGSV,1,1,02,09,27,283,45,10,53,164,44*62
$GIGSV,1,1,02,09,27,283,45,10,53,164,44*62
$GIGSV,1,1,02,09,27,283,45,10,53,164,44*62
$GIGSV,1,1,02,09,27,283,45,10,53,164,44*62
$GIGSV,1,1,02,09,27,283,45,10,53,164,44*62
$GIGSV,1,1,02,09,27,283,45,10,53,164,44*62
$GIGSV,1,1,02,09,27,283,45,10,53,164,44*62
$GIGSV,1,1,02,09,27,283,45,10,53,164,44*62
$GIGSV,1,1,02,09,27,283,45,10,53,164,44*62
$GIGSV,1,1,02,09,27,283,45,10,53,164,44*62
$GIGSV,1,1,02,09,27,283,45,10,53,164,44*62
$GIGSV,1,1,02,09,27,283,45,10,53,164,44*62
$GIGSV,1,1,02,09,27,283,45,10,53,164,44*62
$GIGSV,1,1,02,09,27,283,45,10,53,164,44*62
$GIGSV,1,1,02,09,27,283,44,10,53,164,44*63
$GIGSV,1,1,02,09,27,283,44,10,53,164,44*63
$GIGSV,1,1,02,09,27,283,45,10,53,164,44*62
$GIGSV,1,1,02,09,27,283,44,10,53,164,44*63
$GIGSV,1,1,02,09,27,283,44,10,53,164,44*63
$GIGSV,1,1,02,09,27,283,45,10,53,164,44*62
$GIGSV,1,1,02,09,27,283,45,10,53,164,44*62
$GIGSV,1,1,02,09,27,283,45,10,53,164,44*62
$GIGSV,1,1,02,09,27,283,45,10,53,164,44*62
$GIGSV,1,1,02,09,27,283,45,10,53,164,44*62
$GIGSV,1,1,02,09,27,283,45,10,53,164,44*62
$GIGSV,1,1,02,09,27,283,45,10,53,164,44*62
$GIGSV,1,1,02,09,27,283,45,10,53,164,44*62
$GIGSV,1,1,02,09,27,283,45,10,53,164,44*62
$GIGSV,1,1,02,09,27,283,45,10,53,164,44*62
$GIGSV,1,1,02,09,27,283,45,10,53,164,44*62
$GIGSV,1,1,02,09,27,283,45,10,53,164,44*62
$GIGSV,1,1,02,09,27,283,45,10,53,164,44*62
$GIGSV,1,1,02,09,27,283,45,10,53,164,44*62
$GIGSV,1,1,02,09,27,283,44,10,53,164,44*63
$GIGSV,1,1,02,09,27,283,44,10,53,164,44*63
$GIGSV,1,1,02,09,27,283,44,10,53,164,44*63
$GIGSV,1,1,02,09,27,283,44,10,53,164,44*63
$GIGSV,1,1,02,09,27,283,44,10,53,164,44*63
$GIGSV,1,1,02,09,27,283,44,10,53,164,44*63
$GIGSV,1,1,02,09,27,283,44,10,53,164,44*63
$GIGSV,1,1,02,09,27,283,44,10,53,164,44*63
$GIGSV,1,1,02,09,27,283,44,10,53,164,44*63
$GIGSV,1,1,02,09,27,283,44,10,53,164,44*63
$GIGSV,1,1,02,09,27,283,44,10,53,164,44*63
$GIGSV,1,1,02,09,27,283,44,10,53,164,44*63
$GIGSV,1,1,02,09,27,283,44,10,53,164,44*63
$GIGSV,1,1,02,09,27,283,44,10,53,164,44*63
$GIGSV,1,1,02,09,27,283,44,10,53,164,44*63
$GIGSV,1,1,02,09,27,283,43,10,53,164,44*64
$GIGSV,1,1,02,09,27,283,43,10,53,164,44*64
$GIGSV,1,1,02,09,27,283,43,10,53,164,44*64
$GIGSV,1,1,02,09,27,283,43,10,53,164,44*64
$GIGSV,1,1,02,09,27,283,43,10,53,164,44*64
$GIGSV,1,1,02,09,27,283,43,10,53,164,44*64
$GIGSV,1,1,02,09,27,283,43,10,53,164,44*64
$GIGSV,1,1,02,09,27,283,43,10,53,164,44*64
$GIGSV,1,1,02,09,27,283,43,10,53,164,45*65
$GIGSV,1,1,02,09,27,283,43,10,53,164,45*65
$GIGSV,1,1,02,09,27,283,43,10,53,164,45*65
$GIGSV,1,1,02,09,27,283,43,10,53,164,45*65
$GIGSV,1,1,02,09,27,283,42,10,53,164,45*64
$GIGSV,1,1,02,09,27,283,42,10,53,164,45*64
$GIGSV,1,1,02,09,27,283,42,10,53,164,45*64
$GIGSV,1,1,02,09,27,283,42,10,53,164,45*64
$GIGSV,1,1,02,09,27,283,42,10,53,164,45*64
$GIGSV,1,1,02,09,27,283,42,10,53,164,45*64
$GIGSV,1,1,02,09,27,283,42,10,53,164,45*64
$GIGSV,1,1,02,09,27,283,42,10,53,164,45*64
$GIGSV,1,1,02,09,27,283,42,10,53,164,45*64
$GIGSV,1,1,02,09,27,283,42,10,53,164,45*64
$GIGSV,1,1,02,09,27,283,42,10,53,164,45*64
$GIGSV,1,1,02,09,27,283,42,10,53,164,45*64
$GIGSV,1,1,02,09,27,283,42,10,53,164,45*64
$GIGSV,1,1,02,09,27,283,42,10,53,164,45*64
$GIGSV,1,1,02,09,27,283,42,10,53,164,46*67
$GIGSV,1,1,02,09,27,283,41,10,53,164,46*64
$GIGSV,1,1,02,09,27,283,41,10,53,164,46*64
$GIGSV,1,1,02,09,27,283,39,10,53,164,46*6B
$GIGSV,1,1,02,09,27,283,39,10,53,164,46*6B
$GIGSV,1,1,02,09,27,283,39,10,53,164,46*6B
$GIGSV,1,1,02,09,27,283,40,10,53,164,46*65
$GIGSV,1,1,02,09,27,283,40,10,53,164,46*65
$GIGSV,1,1,02,09,27,283,42,10,53,164,45*64
$GIGSV,1,1,02,09,27,283,42,10,53,164,45*64
$GIGSV,1,1,02,09,27,283,42,10,53,164,45*64
$GIGSV,1,1,02,09,27,283,41,10,53,164,45*67
$GIGSV,1,1,02,09,27,283,41,10,53,164,45*67
$GIGSV,1,1,02,09,27,283,41,10,53,164,45*67
$GIGSV,1,1,02,09,27,283,41,10,53,164,45*67
$GIGSV,1,1,02,09,27,283,41,10,53,164,45*67
$GIGSV,1,1,02,09,27,283,41,10,53,164,45*67
$GIGSV,1,1,02,09,27,283,41,10,53,164,45*67
$GIGSV,1,1,02,09,27,283,41,10,53,164,45*67
$GIGSV,1,1,02,09,27,283,41,10,53,164,45*67
$GIGSV,1,1,02,09,27,283,41,10,53,164,45*67
$GIGSV,1,1,02,09,27,283,41,10,53,164,45*67
$GIGSV,1,1,02,09,27,283,41,10,53,164,45*67
$GIGSV,1,1,02,09,27,283,41,10,53,164,45*67
$GIGSV,1,1,02,09,27,283,41,10,53,164,45*67
$GIGSV,1,1,02,09,27,283,41,10,53,164,45*67
$GIGSV,1,1,02,09,27,283,41,10,53,164,45*67
$GIGSV,1,1,02,09,27,283,41,10,53,164,45*67
$GIGSV,1,1,02,09,27,283,41,10,53,164,44*66
$GIGSV,1,1,02,09,27,283,41,10,53,164,44*66
$GIGSV,1,1,02,09,27,283,41,10,53,164,44*66
$GIGSV,1,1,02,09,27,283,41,10,53,164,44*66
$GIGSV,1,1,02,09,27,283,41,10,53,164,44*66
$GIGSV,1,1,02,09,27,283,41,10,53,164,44*66
$GIGSV,1,1,02,09,27,283,41,10,53,164,44*66
$GIGSV,1,1,02,09,27,283,41,10,53,164,44*66
$GIGSV,1,1,02,09,27,283,41,10,53,164,44*66
$GIGSV,1,1,02,09,27,283,41,10,53,164,44*66
$GIGSV,1,1,02,09,27,283,41,10,53,164,44*66
$GIGSV,1,1,02,09,27,283,41,10,53,164,44*66
$GIGSV,1,1,02,09,27,283,41,10,53,164,44*66
$GIGSV,1,1,02,09,27,283,41,10,53,164,44*66
$GIGSV,1,1,02,09,27,283,41,10,53,164,44*66
$GIGSV,1,1,02,09,27,283,41,10,53,164,43*61
$GIGSV,1,1,02,09,27,283,41,10,53,164,43*61
$GIGSV,1,1,02,09,27,283,41,10,53,164,43*61
$GIGSV,1,1,02,09,27,283,41,10,53,164,43*61
$GIGSV,1,1,02,09,27,283,41,10,53,164,43*61
$GIGSV,1,1,02,09,27,283,41,10,53,164,43*61
$GIGSV,1,1,02,09,27,283,41,10,53,164,43*61
$GIGSV,1,1,02,09,27,283,41,10,53,164,43*61
$GIGSV,1,1,02,09,27,283,41,10,53,164,43*61
$GIGSV,1,1,02,09,27,283,41,10,53,164,43*61
$GIGSV,1,1,02,09,27,283,41,10,53,164,43*61
$GIGSV,1,1,02,09,27,283,41,10,53,164,42*60
$GIGSV,1,1,02,09,27,283,41,10,53,164,42*60
$GIGSV,1,1,02,09,27,283,41,10,53,164,42*60
$GIGSV,1,1,02,09,27,283,41,10,53,164,42*60
$GIGSV,1,1,02,09,27,283,41,10,53,164,42*60
$GIGSV,1,1,02,09,27,283,41,10,53,164,42*60
$GIGSV,1,1,02,09,27,283,41,10,53,164,42*60
$GIGSV,1,1,02,09,27,283,41,10,53,164,42*60
$GIGSV,1,1,02,09,27,283,41,10,53,164,42*60
$GIGSV,1,1,02,09,27,283,41,10,53,164,42*60
$GIGSV,1,1,02,09,27,283,41,10,53,164,42*60
$GIGSV,1,1,02,09,27,283,41,10,53,164,42*60
$GIGSV,1,1,02,09,27,283,41,10,53,164,42*60
$GIGSV,1,1,02,09,27,283,41,10,53,164,42*60
$GIGSV,1,1,02,09,27,283,41,10,53,164,41*63
$GIGSV,1,1,02,09,27,283,41,10,53,164,41*63
$GIGSV,1,1,02,09,27,283,41,10,53,164,41*63
$GIGSV,1,1,02,09,27,283,41,10,53,164,41*63
$GIGSV,1,1,02,09,27,283,41,10,53,164,41*63
$GIGSV,1,1,02,09,27,283,41,10,53,164,41*63
$GIGSV,1,1,02,09,27,283,41,10,53,164,41*63
$GIGSV,1,1,02,09,27,283,41,10,53,164,41*63
$GIGSV,1,1,02,09,27,283,41,10,53,164,41*63
$GIGSV,1,1,02,09,27,283,41,10,53,164,41*63
$GIGSV,1,1,02,09,27,283,41,10,53,164,41*63
$GIGSV,1,1,02,09,27,283,41,10,53,164,41*63
$GIGSV,1,1,02,09,27,283,41,10,53,164,41*63
$GIGSV,1,1,02,09,27,283,41,10,53,164,41*63
$GIGSV,1,1,02,09,27,283,41,10,53,164,41*63
$GIGSV,1,1,02,09,27,283,41,10,53,164,40*62
$GIGSV,1,1,02,09,27,283,41,10,53,164,40*62
$GIGSV,1,1,02,09,27,283,41,10,53,164,40*62
$GIGSV,1,1,02,09,27,283,41,10,53,164,40*62
$GIGSV,1,1,02,09,27,283,41,10,53,164,40*62
$GIGSV,1,1,02,09,27,283,41,10,53,164,40*62
$GIGSV,1,1,02,09,27,283,41,10,53,164,40*62
$GIGSV,1,1,02,09,27,283,41,10,53,164,40*62
$GIGSV,1,1,02,09,27,283,41,10,53,164,40*62
$GIGSV,1,1,02,09,27,283,41,10,53,164,40*62
$GIGSV,1,1,02,09,27,283,41,10,53,164,40*62
$GIGSV,1,1,02,09,27,283,41,10,53,164,40*62
$GIGSV,1,1,02,09,27,283,41,10,53,164,40*62
$GIGSV,1,1,02,09,27,283,41,10,53,164,40*62
$GIGSV,1,1,02,09,27,283,41,10,53,164,39*6C
$GIGSV,1,1,02,09,27,283,41,10,53,164,39*6C
$GIGSV,1,1,02,09,27,283,41,10,53,164,39*6C
$GIGSV,1,1,02,09,27,283,41,10,53,164,39*6C
$GIGSV,1,1,02,09,27,283,41,10,53,164,39*6C
$GIGSV,1,1,02,09,27,283,41,10,53,164,39*6C
$GIGSV,1,1,02,09,27,283,41,10,53,164,39*6C
$GIGSV,1,1,02,09,27,283,41,10,53,164,39*6C
$GIGSV,1,1,02,09,27,283,41,10,53,164,39*6C
$GIGSV,1,1,02,09,27,283,41,10,53,164,39*6C
$GIGSV,1,1,02,09,27,283,41,10,53,164,39*6C
$GIGSV,1,1,02,09,27,283,41,10,53,164,39*6C
$GIGSV,1,1,02,09,27,283,41,10,53,164,39*6C
$GIGSV,1,1,02,09,27,283,41,10,53,164,39*6C
$GIGSV,1,1,02,09,27,283,41,10,53,164,39*6C
$GIGSV,1,1,02,09,27,283,41,10,53,164,39*6C
$GIGSV,1,1,02,09,27,283,41,10,53,164,39*6C
$GIGSV,1,1,02,09,27,283,41,10,53,164,39*6C
$GIGSV,1,1,02,09,27,283,41,10,53,164,39*6C
$GIGSV,1,1,02,09,27,283,41,10,53,164,39*6C
$GIGSV,1,1,02,09,27,283,41,10,53,164,39*6C
$GIGSV,1,1,02,09,27,283,41,10,53,164,39*6C
$GIGSV,1,1,02,09,27,283,41,10,53,164,39*6C
$GIGSV,1,1,02,09,27,283,41,10,53,164,39*6C
$GIGSV,1,1,02,09,27,283,41,10,53,164,39*6C
$GIGSV,1,1,02,09,27,283,41,10,53,164,39*6C
$GIGSV,1,1,02,09,27,283,41,10,53,164,40*62
$GIGSV,1,1,02,09,27,283,41,10,53,164,40*62
$GIGSV,1,1,02,09,27,283,41,10,53,164,40*62
$GIGSV,1,1,02,09,27,283,41,10,53,164,41*63
$GIGSV,1,1,02,09,27,283,41,10,53,164,41*63
$GIGSV,1,1,02,09,27,283,41,10,53,164,42*60
$GIGSV,1,1,02,09,27,283,41,10,53,164,43*61
$GIGSV,1,1,02,09,27,283,41,10,53,164,43*61
$GIGSV,1,1,02,09,27,283,41,10,53,164,43*61
$GIGSV,1,1,02,09,27,283,41,10,53,164,43*61
$GIGSV,1,1,02,09,27,283,41,10,53,164,43*61
$GIGSV,1,1,02,09,27,283,41,10,53,164,44*66
$GIGSV,1,1,02,09,27,283,41,10,53,164,44*66
$GIGSV,1,1,02,09,27,283,41,10,53,164,44*66
$GIGSV,1,1,02,09,27,283,41,10,53,164,44*66
$GIGSV,1,1,02,09,27,283,41,10,53,164,44*66
$GIGSV,1,1,02,09,27,283,41,10,53,164,44*66
$GIGSV,1,1,02,09,27,283,41,10,53,164,44*66
$GIGSV,1,1,02,09,27,283,41,10,53,164,44*66
$GIGSV,1,1,02,09,27,283,41,10,53,164,44*66
$GIGSV,1,1,02,09,27,283,41,10,53,164,44*66
$GIGSV,1,1,02,09,27,283,41,10,53,164,44*66
$GIGSV,1,1,02,09,27,283,41,10,53,164,44*66
$GIGSV,1,1,02,09,27,283,41,10,53,164,44*66
$GIGSV,1,1,02,09,27,283,40,10,53,164,45*66
$GIGSV,1,1,02,09,27,283,40,10,53,164,45*66
$GIGSV,1,1,02,09,27,283,40,10,53,164,45*66
$GIGSV,1,1,02,09,27,283,40,10,53,164,45*66
$GIGSV,1,1,02,09,27,283,40,10,53,164,45*66
$GIGSV,1,1,02,09,27,283,40,10,53,164,45*66
$GIGSV,1,1,02,09,27,283,40,10,53,164,45*66
$GIGSV,1,1,02,09,27,283,40,10,53,164,45*66
$GIGSV,1,1,02,09,27,283,41,10,53,164,44*66
$GIGSV,1,1,02,09,27,283,40,10,53,164,44*67
$GIGSV,1,1,02,09,27,283,40,10,53,164,44*67
$GIGSV,1,1,02,09,27,283,40,10,53,164,44*67
$GIGSV,1,1,02,09,27,283,40,10,53,164,44*67
$GIGSV,1,1,02,09,27,283,40,10,53,164,44*67
$GIGSV,1,1,02,09,27,283,40,10,53,164,45*66
$GIGSV,1,1,02,09,27,283,40,10,53,164,45*66
$GIGSV,1,1,02,09,27,283,40,10,53,164,44*67
$GIGSV,1,1,02,09,27,283,40,10,53,164,44*67
$GIGSV,1,1,02,09,27,283,40,10,53,164,44*67
$GIGSV,1,1,02,09,27,283,40,10,53,164,45*66
$GIGSV,1,1,02,09,27,283,40,10,53,164,45*66
$GIGSV,1,1,02,09,27,283,40,10,53,164,45*66
$GIGSV,1,1,02,09,27,283,40,10,53,164,45*66
$GIGSV,1,1,02,09,27,283,40,10,53,164,45*66
$GIGSV,1,1,02,09,27,283,40,10,53,164,44*67
$GIGSV,1,1,02,09,27,283,41,10,53,164,44*66
$GIGSV,1,1,02,09,27,283,41,10,53,164,44*66
$GIGSV,1,1,02,09,27,283,41,10,53,164,44*66
$GIGSV,1,1,02,09,27,283,41,10,53,164,44*66
$GIGSV,1,1,02,09,27,283,41,10,53,164,44*66
$GIGSV,1,1,02,09,27,283,41,10,53,164,44*66
$GIGSV,1,1,02,09,27,283,41,10,53,164,44*66
$GIGSV,1,1,02,09,27,283,41,10,53,164,44*66
$GIGSV,1,1,02,09,27,283,41,10,53,164,44*66
$GIGSV,1,1,02,09,27,283,41,10,53,164,44*66
$GIGSV,1,1,02,09,27,283,41,10,53,164,44*66
$GIGSV,1,1,02,09,27,283,41,10,53,164,44*66
$GIGSV,1,1,02,09,27,283,41,10,53,164,45*67
$GIGSV,1,1,02,09,27,283,41,10,53,164,45*67
$GIGSV,1,1,02,09,27,283,41,10,53,164,45*67
$GIGSV,1,1,02,09,27,283,41,10,53,164,45*67
$GIGSV,1,1,02,09,27,283,41,10,53,164,45*67
$GIGSV,1,1,02,09,27,283,41,10,53,164,45*67
$GIGSV,1,1,02,09,27,283,41,10,53,164,45*67
$GIGSV,1,1,02,09,27,283,41,10,53,164,45*67
$GIGSV,1,1,02,09,27,283,41,10,53,164,45*67
$GIGSV,1,1,02,09,27,283,41,10,53,164,46*64
$GIGSV,1,1,02,09,27,283,41,10,53,164,46*64
$GIGSV,1,1,02,09,27,283,41,10,53,164,46*64
$GIGSV,1,1,02,09,27,283,41,10,53,164,46*64
$GIGSV,1,1,02,09,27,283,41,10,53,164,46*64
$GIGSV,1,1,02,09,27,283,41,10,53,164,46*64
$GIGSV,1,1,02,09,27,283,41,10,53,164,46*64
$GIGSV,1,1,02,09,27,283,41,10,53,164,46*64
$GIGSV,1,1,02,09,27,283,41,10,53,164,46*64
$GIGSV,1,1,02,09,27,283,41,10,53,164,46*64
$GIGSV,1,1,02,09,27,283,41,10,53,164,46*64
$GIGSV,1,1,02,09,27,283,41,10,53,164,46*64
$GIGSV,1,1,02,09,27,283,41,10,53,164,46*64
$GIGSV,1,1,02,09,27,283,40,10,53,164,46*65
$GIGSV,1,1,02,09,27,283,40,10,53,164,46*65
$GIGSV,1,1,02,09,27,283,40,10,53,164,46*65
$GIGSV,1,1,02,09,27,283,40,10,53,164,46*65
$GIGSV,1,1,02,09,27,283,40,10,53,164,46*65
$GIGSV,1,1,02,09,27,283,40,10,53,164,46*65
$GIGSV,1,1,02,09,27,283,40,10,53,164,46*65
$GIGSV,1,1,02,09,27,283,40,10,53,164,46*65
$GIGSV,1,1,02,09,27,283,40,10,53,164,46*65
$GIGSV,1,1,02,09,27,283,40,10,53,164,46*65
$GIGSV,1,1,02,09,27,283,40,10,53,164,46*65
$GIGSV,1,1,02,09,27,283,40,10,53,164,46*65
$GIGSV,1,1,02,09,27,283,40,10,53,164,46*65
$GIGSV,1,1,02,09,27,283,40,10,53,164,46*65
$GIGSV,1,1,02,09,27,283,40,10,53,164,46*65
$GIGSV,1,1,02,09,27,283,40,10,53,164,46*65
$GIGSV,1,1,02,09,27,283,40,10,53,164,46*65
$GIGSV,1,1,02,09,27,283,40,10,53,164,46*65
$GIGSV,1,1,02,09,27,283,40,10,53,164,46*65
$GIGSV,1,1,02,09,27,283,40,10,53,164,47*64
$GIGSV,1,1,02,09,27,283,40,10,53,164,47*64
$GIGSV,1,1,02,09,27,283,40,10,53,164,47*64
$GIGSV,1,1,02,09,27,283,40,10,53,164,47*64
$GIGSV,1,1,02,09,27,283,40,10,53,164,47*64
$GIGSV,1,1,02,09,27,283,40,10,53,164,47*64
$GIGSV,1,1,02,09,27,283,40,10,53,164,47*64
$GIGSV,1,1,02,09,27,283,40,10,53,164,47*64
$GIGSV,1,1,02,09,27,283,40,10,53,164,47*64
$GIGSV,1,1,02,09,27,283,40,10,53,164,47*64
$GIGSV,1,1,02,09,27,283,40,10,53,164,47*64
$GIGSV,1,1,02,09,27,283,40,10,53,164,47*64
$GIGSV,1,1,02,09,27,283,40,10,53,164,47*64
$GIGSV,1,1,02,09,27,283,41,10,53,164,47*65
$GIGSV,1,1,02,09,27,283,41,10,53,164,47*65
$GIGSV,1,1,02,09,27,283,41,10,53,164,47*65
$GIGSV,1,1,02,09,27,283,41,10,53,164,47*65
$GIGSV,1,1,02,09,27,283,41,10,53,164,47*65
$GIGSV,1,1,02,09,27,283,41,10,53,164,47*65
$GIGSV,1,1,02,09,27,283,41,10,53,164,47*65
$GIGSV,1,1,02,09,27,283,41,10,53,164,47*65
$GIGSV,1,1,02,09,27,283,41,10,53,164,47*65
$GIGSV,1,1,02,09,27,283,41,10,53,164,47*65
$GIGSV,1,1,02,09,27,283,41,10,53,164,47*65
$GIGSV,1,1,02,09,27,283,40,10,53,164,47*64
$GIGSV,1,1,02,09,27,283,40,10,53,164,47*64
$GIGSV,1,1,02,09,27,283,40,10,53,164,47*64
$GIGSV,1,1,02,09,27,283,40,10,53,164,47*64
$GIGSV,1,1,02,09,27,283,40,10,53,164,47*64
$GIGSV,1,1,02,09,27,283,40,10,53,164,47*64
$GIGSV,1,1,02,09,27,283,40,10,53,164,47*64
$GIGSV,1,1,02,09,27,283,40,10,53,164,47*64
$GIGSV,1,1,02,09,27,283,40,10,53,164,47*64
$GIGSV,1,1,02,09,27,283,40,10,53,164,47*64
$GIGSV,1,1,02,09,27,283,40,10,53,164,47*64
$GIGSV,1,1,02,09,27,283,40,10,53,164,47*64
$GIGSV,1,1,02,09,27,283,40,10,53,164,47*64
$GIGSV,1,1,02,09,27,283,41,10,53,164,47*65
$GIGSV,1,1,02,09,27,283,41,10,53,164,47*65
$GIGSV,1,1,02,09,27,283,41,10,53,164,47*65
$GIGSV,1,1,02,09,27,283,41,10,53,164,47*65
$GIGSV,1,1,02,09,27,283,41,10,53,164,47*65
$GIGSV,1,1,02,09,27,283,41,10,53,164,47*65
$GIGSV,1,1,02,09,27,283,41,10,53,164,47*65
$GIGSV,1,1,02,09,27,283,41,10,53,164,47*65
$GIGSV,1,1,02,09,27,283,41,10,53,164,47*65
$GIGSV,1,1,02,09,27,283,41,10,53,164,47*65
$GIGSV,1,1,02,09,27,283,41,10,53,164,47*65
$GIGSV,1,1,02,09,27,283,41,10,53,164,46*64
$GIGSV,1,1,02,09,27,283,41,10,53,164,46*64
$GIGSV,1,1,02,09,27,283,41,10,53,164,46*64
$GIGSV,1,1,02,09,27,283,41,10,53,164,46*64
$GIGSV,1,1,02,09,27,283,41,10,53,164,46*64
$GIGSV,1,1,02,09,27,283,41,10,53,164,46*64
$GIGSV,1,1,02,09,27,283,41,10,53,164,46*64
$GIGSV,1,1,02,09,27,283,42,10,53,164,46*67
$GIGSV,1,1,02,09,27,283,42,10,53,164,46*67
$GIGSV,1,1,02,09,27,283,42,10,53,164,46*67
$GIGSV,1,1,02,09,27,283,42,10,53,164,46*67
$GIGSV,1,1,02,09,27,283,42,10,53,164,46*67
$GIGSV,1,1,02,09,27,283,42,10,53,164,46*67
$GIGSV,1,1,02,09,27,283,41,10,53,164,46*64
$GIGSV,1,1,02,09,27,283,41,10,53,164,46*64
$GIGSV,1,1,02,09,27,283,41,10,53,164,45*67
$GIGSV,1,1,02,09,27,283,41,10,53,164,45*67
$GIGSV,1,1,01,10,53,164,45*54
$GIGSV,1,1,01,10,53,164,45*54
$GIGSV,1,1,01,10,53,164,45*54
$GIGSV,1,1,01,10,53,164,45*54
$GIGSV,1,1,01,10,53,164,45*54
$GIGSV,1,1,01,10,53,164,45*54
$GIGSV,1,1,01,10,53,164,45*54
$GIGSV,1,1,01,10,53,164,45*54
$GIGSV,1,1,01,10,53,164,45*54
$GIGSV,1,1,01,10,53,164,45*54
$GIGSV,1,1,01,10,53,164,44*55
$GIGSV,1,1,01,10,53,164,44*55
$GIGSV,1,1,01,10,53,164,44*55
$GIGSV,1,1,01,10,53,164,44*55
$GIGSV,1,1,01,10,53,164,44*55
$GIGSV,1,1,01,10,53,164,44*55
$GIGSV,1,1,01,10,53,164,44*55
$GIGSV,1,1,02,09,27,283,42,10,53,164,44*65
$GIGSV,1,1,02,09,27,283,42,10,53,164,44*65
$GIGSV,1,1,02,09,27,283,42,10,53,164,44*65
$GIGSV,1,1,02,09,27,283,42,10,53,164,44*65
$GIGSV,1,1,02,09,27,283,42,10,53,164,44*65
$GIGSV,1,1,02,09,27,283,42,10,53,164,44*65
$GIGSV,1,1,02,09,27,283,42,10,53,164,44*65
$GIGSV,1,1,02,09,27,283,42,10,53,164,44*65
$GIGSV,1,1,02,09,27,283,42,10,53,164,43*62
$GIGSV,1,1,02,09,27,283,42,10,53,164,43*62
$GIGSV,1,1,02,09,27,283,42,10,53,164,43*62
$GIGSV,1,1,02,09,27,283,42,10,53,164,43*62
$GIGSV,1,1,02,09,27,283,42,10,53,164,43*62
$GIGSV,1,1,02,09,27,283,42,10,53,164,43*62
$GIGSV,1,1,02,09,27,283,42,10,53,164,43*62
$GIGSV,1,1,02,09,27,283,42,10,53,164,43*62
$GIGSV,1,1,02,09,27,283,42,10,53,164,43*62
$GIGSV,1,1,02,09,27,283,41,10,53,164,43*61
$GIGSV,1,1,02,09,27,283,41,10,53,164,43*61
$GIGSV,1,1,02,09,27,283,41,10,53,164,43*61
$GIGSV,1,1,02,09,27,283,41,10,53,164,43*61
$GIGSV,1,1,02,09,27,283,41,10,53,164,43*61
$GIGSV,1,1,02,09,27,283,41,10,53,164,43*61
$GIGSV,1,1,02,09,27,283,41,10,53,164,43*61
$GIGSV,1,1,02,09,27,283,41,10,53,164,42*60
$GIGSV,1,1,02,09,27,283,41,10,53,164,42*60
$GIGSV,1,1,02,09,27,283,40,10,53,164,42*61
$GIGSV,1,1,02,09,27,283,40,10,53,164,42*61
$GIGSV,1,1,02,09,27,283,40,10,53,164,42*61
$GIGSV,1,1,02,09,27,283,40,10,53,164,42*61
$GIGSV,1,1,02,09,27,283,39,10,53,164,42*6F
$GIGSV,1,1,02,09,27,283,39,10,53,164,42*6F
$GIGSV,1,1,02,09,27,283,39,10,53,164,42*6F
$GIGSV,1,1,02,09,27,283,39,10,53,164,42*6F
$GIGSV,1,1,02,09,27,283,39,10,53,164,42*6F
$GIGSV,1,1,02,09,27,283,40,10,53,164,42*61
$GIGSV,1,1,02,09,27,283,40,10,53,164,42*61
$GIGSV,1,1,02,09,27,283,40,10,53,164,42*61
$GIGSV,1,1,02,09,27,283,41,10,53,164,42*60
$GIGSV,1,1,02,09,27,283,41,10,53,164,42*60
$GIGSV,1,1,02,09,27,283,41,10,53,164,42*60
$GIGSV,1,1,02,09,27,283,41,10,53,164,42*60
$GIGSV,1,1,02,09,27,283,41,10,53,164,42*60
$GIGSV,1,1,02,09,27,283,41,10,53,164,42*60
$GIGSV,1,1,02,09,27,283,41,10,53,164,42*60
$GIGSV,1,1,02,09,27,283,41,10,53,164,42*60
$GIGSV,1,1,02,09,27,283,41,10,53,164,42*60
$GIGSV,1,1,02,09,27,283,40,10,53,164,42*61
$GIGSV,1,1,02,09,27,283,40,10,53,164,42*61
$GIGSV,1,1,02,09,27,283,41,10,54,164,42*67
$GIGSV,1,1,02,09,27,283,41,10,54,164,42*67
$GIGSV,1,1,02,09,27,283,40,10,54,164,42*66
$GIGSV,1,1,02,09,27,283,40,10,54,164,42*66
$GIGSV,1,1,02,09,27,283,40,10,54,164,42*66
$GIGSV,1,1,02,09,27,283,40,10,54,164,42*66
$GIGSV,1,1,02,09,27,283,40,10,54,164,42*66
$GIGSV,1,1,02,09,27,283,40,10,54,164,42*66
$GIGSV,1,1,02,09,27,283,39,10,54,164,42*68
$GIGSV,1,1,02,09,27,283,39,10,54,164,42*68
$GIGSV,1,1,02,09,27,283,39,10,54,164,41*6B
$GIGSV,1,1,02,09,27,283,39,10,54,164,41*6B
$GIGSV,1,1,02,09,27,283,39,10,54,164,41*6B
$GIGSV,1,1,02,09,27,283,39,10,54,164,41*6B
$GIGSV,1,1,02,09,27,283,39,10,54,164,41*6B
$GIGSV,1,1,02,09,27,283,39,10,54,164,41*6B
$GIGSV,1,1,02,09,27,283,39,10,54,164,41*6B
$GIGSV,1,1,02,09,27,283,39,10,54,164,41*6B
$GIGSV,1,1,02,09,27,283,40,10,54,164,41*65
$GIGSV,1,1,02,09,27,283,39,10,54,164,41*6B
$GIGSV,1,1,02,09,27,283,39,10,54,164,41*6B
$GIGSV,1,1,02,09,27,283,39,10,54,164,41*6B
$GIGSV,1,1,02,09,27,283,39,10,54,164,41*6B
$GIGSV,1,1,02,09,27,283,39,10,54,164,41*6B
$GIGSV,1,1,02,09,27,283,40,10,54,164,41*65
$GIGSV,1,1,02,09,27,283,39,10,54,164,41*6B
$GIGSV,1,1,02,09,27,283,40,10,54,164,41*65
$GIGSV,1,1,02,09,27,283,40,10,54,164,41*65
$GIGSV,1,1,02,09,27,283,40,10,54,164,41*65
$GIGSV,1,1,02,09,27,283,40,10,54,164,41*65
$GIGSV,1,1,02,09,27,283,40,10,54,164,41*65
$GIGSV,1,1,02,09,27,283,40,10,54,164,41*65
$GIGSV,1,1,02,09,27,283,40,10,54,164,41*65
$GIGSV,1,1,02,09,27,283,40,10,54,164,41*65
$GIGSV,1,1,02,09,27,283,40,10,54,164,41*65
$GIGSV,1,1,02,09,27,283,40,10,54,164,41*65
$GIGSV,1,1,02,09,27,283,39,10,54,164,41*6B
$GIGSV,1,1,02,09,27,283,39,10,54,164,41*6B
$GIGSV,1,1,02,09,27,283,39,10,54,164,41*6B
$GIGSV,1,1,02,09,27,283,39,10,54,164,41*6B
$GIGSV,1,1,02,09,27,283,39,10,54,164,41*6B
$GIGSV,1,1,02,09,27,283,39,10,54,164,41*6B
$GIGSV,1,1,02,09,27,283,39,10,54,164,41*6B
$GIGSV,1,1,02,09,27,283,39,10,54,164,41*6B
$GIGSV,1,1,02,09,27,283,39,10,54,164,41*6B
$GIGSV,1,1,02,09,27,283,39,10,54,164,41*6B
$GIGSV,1,1,02,09,27,283,39,10,54,164,41*6B
$GIGSV,1,1,02,09,27,283,39,10,54,164,41*6B
$GIGSV,1,1,02,09,27,283,39,10,54,164,41*6B
$GIGSV,1,1,02,09,27,283,40,10,54,164,41*65
$GIGSV,1,1,02,09,27,283,40,10,54,164,41*65
$GIGSV,1,1,02,09,27,283,40,10,54,164,41*65
$GIGSV,1,1,02,09,27,283,40,10,54,164,40*64
$GIGSV,1,1,02,09,27,283,40,10,54,164,40*64
$GIGSV,1,1,02,09,27,283,40,10,54,164,40*64
$GIGSV,1,1,02,09,27,283,40,10,54,164,40*64
$GIGSV,1,1,02,09,27,283,40,10,54,164,40*64
$GIGSV,1,1,02,09,27,283,40,10,54,164,40*64
$GIGSV,1,1,02,09,27,283,40,10,54,164,40*64
$GIGSV,1,1,02,09,27,283,40,10,54,164,40*64
$GIGSV,1,1,02,09,27,283,40,10,54,164,40*64
$GIGSV,1,1,02,09,27,283,40,10,54,164,40*64
$GIGSV,1,1,02,09,27,283,40,10,54,164,40*64
$GIGSV,1,1,02,09,27,283,40,10,54,164,40*64
$GIGSV,1,1,02,09,27,283,40,10,54,164,40*64
$GIGSV,1,1,02,09,27,283,40,10,54,164,40*64
$GIGSV,1,1,02,09,27,283,40,10,54,164,40*64
$GIGSV,1,1,02,09,27,283,40,10,54,164,40*64
$GIGSV,1,1,02,09,27,283,40,10,54,164,40*64
$GIGSV,1,1,02,09,27,283,40,10,54,164,40*64
$GIGSV,1,1,02,09,27,283,40,10,54,164,40*64
$GIGSV,1,1,02,09,27,283,40,10,54,164,40*64
$GIGSV,1,1,02,09,27,283,40,10,54,164,40*64
$GIGSV,1,1,02,09,27,283,40,10,54,164,40*64
$GIGSV,1,1,02,09,27,283,41,10,54,164,40*65
$GIGSV,1,1,02,09,27,283,41,10,54,164,40*65
$GIGSV,1,1,02,09,27,283,41,10,54,164,40*65
$GIGSV,1,1,02,09,27,283,43,10,54,164,40*67
$GIGSV,1,1,02,09,27,283,41,10,54,164,40*65
$GIGSV,1,1,02,09,27,283,41,10,54,164,40*65
$GIGSV,1,1,02,09,27,283,41,10,54,164,40*65
$GIGSV,1,1,02,09,27,283,41,10,54,164,40*65
$GIGSV,1,1,02,09,27,283,41,10,54,164,40*65
$GIGSV,1,1,02,09,27,283,41,10,54,164,40*65
$GIGSV,1,1,02,09,27,283,41,10,54,164,40*65
$GIGSV,1,1,02,09,27,283,41,10,54,164,40*65
$GIGSV,1,1,02,09,27,283,41,10,54,164,40*65
$GIGSV,1,1,02,09,27,283,41,10,54,164,40*65
$GIGSV,1,1,02,09,27,283,41,10,54,164,40*65
$GIGSV,1,1,02,09,27,283,41,10,54,164,40*65
$GIGSV,1,1,02,09,27,283,41,10,54,164,40*65
$GIGSV,1,1,02,09,27,283,41,10,54,164,40*65
$GIGSV,1,1,02,09,27,283,41,10,54,164,40*65
$GIGSV,1,1,02,09,27,283,41,10,54,164,40*65
$GIGSV,1,1,02,09,27,283,41,10,54,164,40*65
$GIGSV,1,1,02,09,27,283,41,10,54,164,40*65
$GIGSV,1,1,02,09,27,283,41,10,54,164,40*65
$GIGSV,1,1,02,09,27,283,41,10,54,164,40*65
$GIGSV,1,1,02,09,27,283,41,10,54,164,40*65
$GIGSV,1,1,02,09,27,283,41,10,54,164,40*65
$GIGSV,1,1,02,09,27,283,41,10,54,164,40*65
$GIGSV,1,1,02,09,27,283,41,10,54,164,40*65
$GIGSV,1,1,02,09,27,283,41,10,54,164,40*65
$GIGSV,1,1,02,09,27,283,41,10,54,164,40*65
$GIGSV,1,1,02,09,27,283,41,10,54,164,39*6B
$GIGSV,1,1,02,09,27,283,41,10,54,164,39*6B
$GIGSV,1,1,02,09,27,283,41,10,54,164,39*6B
$GIGSV,1,1,02,09,27,283,41,10,54,164,39*6B
$GIGSV,1,1,02,09,27,283,41,10,54,164,39*6B
$GIGSV,1,1,02,09,27,283,41,10,54,164,39*6B
$GIGSV,1,1,02,09,27,283,41,10,54,164,39*6B
$GIGSV,1,1,02,09,27,283,41,10,54,164,39*6B
$GIGSV,1,1,02,09,27,283,41,10,54,164,39*6B
$GIGSV,1,1,02,09,27,283,41,10,54,164,39*6B
$GIGSV,1,1,02,09,27,283,41,10,54,164,39*6B
$GIGSV,1,1,02,09,27,283,41,10,54,164,39*6B
$GIGSV,1,1,02,09,27,283,41,10,54,164,39*6B
$GIGSV,1,1,02,09,27,283,41,10,54,164,39*6B
$GIGSV,1,1,02,09,27,283,41,10,54,164,39*6B
$GIGSV,1,1,02,09,27,283,41,10,54,164,39*6B
$GIGSV,1,1,02,09,27,283,41,10,54,164,39*6B
$GIGSV,1,1,02,09,27,283,41,10,54,164,39*6B
$GIGSV,1,1,02,09,27,283,42,10,54,164,39*68
$GIGSV,1,1,02,09,27,283,42,10,54,164,39*68
$GIGSV,1,1,02,09,27,283,42,10,54,164,39*68
$GIGSV,1,1,02,09,27,283,42,10,54,164,39*68
$GIGSV,1,1,02,09,27,283,42,10,54,164,39*68
$GIGSV,1,1,02,09,27,283,42,10,54,164,39*68
$GIGSV,1,1,02,09,27,283,42,10,54,164,39*68
$GIGSV,1,1,02,09,27,283,42,10,54,164,39*68
$GIGSV,1,1,02,09,27,283,42,10,54,164,39*68
$GIGSV,1,1,02,09,27,283,42,10,54,164,39*68
$GIGSV,1,1,02,09,27,283,42,10,54,164,39*68
$GIGSV,1,1,02,09,27,283,41,10,54,164,39*6B
$GIGSV,1,1,02,09,27,283,41,10,54,164,39*6B
$GIGSV,1,1,02,09,27,283,41,10,54,164,39*6B
$GIGSV,1,1,02,09,27,283,41,10,54,164,39*6B
$GIGSV,1,1,02,09,27,283,41,10,54,164,39*6B
$GIGSV,1,1,02,09,27,283,41,10,54,164,39*6B
$GIGSV,1,1,02,09,27,283,41,10,54,164,39*6B
$GIGSV,1,1,02,09,27,283,41,10,54,164,38*6A
$GIGSV,1,1,02,09,27,283,41,10,54,164,38*6A
$GIGSV,1,1,02,09,27,283,41,10,54,164,38*6A
$GIGSV,1,1,02,09,27,283,41,10,54,164,38*6A
$GIGSV,1,1,02,09,27,283,41,10,54,164,38*6A
$GIGSV,1,1,02,09,27,283,41,10,54,164,38*6A
$GIGSV,1,1,02,09,27,283,41,10,54,164,38*6A
$GIGSV,1,1,02,09,27,283,41,10,54,164,38*6A
$GIGSV,1,1,02,09,27,283,41,10,54,164,38*6A
$GIGSV,1,1,02,09,27,283,41,10,54,164,38*6A
$GIGSV,1,1,02,09,27,283,41,10,54,164,38*6A
$GIGSV,1,1,02,09,27,283,41,10,54,164,38*6A
$GIGSV,1,1,02,09,27,283,41,10,54,164,39*6B
$GIGSV,1,1,02,09,27,283,41,10,54,164,39*6B
$GIGSV,1,1,02,09,27,283,41,10,54,164,39*6B
$GIGSV,1,1,02,09,27,283,41,10,54,164,39*6B
$GIGSV,1,1,02,09,27,283,41,10,54,164,39*6B
$GIGSV,1,1,02,09,27,283,41,10,54,164,39*6B
$GIGSV,1,1,02,09,27,283,41,10,54,164,39*6B
$GIGSV,1,1,02,09,27,283,41,10,54,164,39*6B
$GIGSV,1,1,02,09,27,283,41,10,54,164,39*6B
$GIGSV,1,1,02,09,27,283,41,10,54,164,39*6B
$GIGSV,1,1,02,09,27,283,41,10,54,164,39*6B
$GIGSV,1,1,02,09,27,283,40,10,54,164,39*6A
$GIGSV,1,1,02,09,27,283,41,10,54,164,39*6B
$GIGSV,1,1,02,09,27,283,41,10,54,164,39*6B
$GIGSV,1,1,02,09,27,283,41,10,54,164,39*6B
$GIGSV,1,1,02,09,27,283,41,10,54,164,39*6B
$GIGSV,1,1,02,09,27,283,41,10,54,164,39*6B
$GIGSV,1,1,02,09,27,283,41,10,54,164,39*6B
$GIGSV,1,1,02,09,27,283,41,10,54,164,39*6B
$GIGSV,1,1,02,09,27,283,41,10,54,164,39*6B
$GIGSV,1,1,02,09,27,283,41,10,54,164,39*6B
$GIGSV,1,1,02,09,27,283,41,10,54,164,39*6B
$GIGSV,1,1,02,09,27,283,41,10,54,164,39*6B
$GIGSV,1,1,02,09,27,283,41,10,54,164,39*6B
$GIGSV,1,1,02,09,27,283,41,10,54,164,39*6B
$GIGSV,1,1,02,09,27,283,39,10,54,164,39*64
$GIGSV,1,1,02,09,27,283,39,10,54,164,39*64
$GIGSV,1,1,02,09,27,283,39,10,54,164,39*64
$GIGSV,1,1,02,09,27,283,39,10,54,164,39*64
$GIGSV,1,1,02,09,27,283,39,10,54,164,39*64
$GIGSV,1,1,02,09,27,283,39,10,54,164,39*64
$GIGSV,1,1,02,09,27,283,39,10,54,164,39*64
$GIGSV,1,1,02,09,27,283,39,10,54,164,39*64
$GIGSV,1,1,02,09,27,283,40,10,54,164,39*6A
$GIGSV,1,1,02,09,27,283,40,10,54,164,39*6A
$GIGSV,1,1,02,09,27,283,41,10,54,164,39*6B
$GIGSV,1,1,02,09,27,283,41,10,54,164,39*6B
$GIGSV,1,1,02,09,27,283,41,10,54,164,38*6A
$GIGSV,1,1,02,09,27,283,41,10,54,164,38*6A
$GIGSV,1,1,02,09,27,283,41,10,54,164,39*6B
$GIGSV,1,1,02,09,27,283,41,10,54,164,39*6B
$GIGSV,1,1,02,09,27,283,41,10,54,164,39*6B
$GIGSV,1,1,02,09,27,283,41,10,54,164,39*6B
$GIGSV,1,1,02,09,27,283,41,10,54,164,39*6B
$GIGSV,1,1,02,09,27,283,41,10,54,164,39*6B
$GIGSV,1,1,02,09,27,283,41,10,54,164,39*6B
$GIGSV,1,1,02,09,27,283,41,10,54,164,39*6B
$GIGSV,1,1,02,09,27,283,41,10,54,164,39*6B
$GIGSV,1,1,02,09,27,283,41,10,54,164,39*6B
$GIGSV,1,1,02,09,27,283,40,10,54,164,39*6A
$GIGSV,1,1,02,09,27,283,40,10,54,164,39*6A
$GIGSV,1,1,02,09,27,283,40,10,54,164,39*6A
$GIGSV,1,1,02,09,27,283,40,10,54,164,39*6A
$GIGSV,1,1,02,09,27,283,40,10,54,164,39*6A
$GIGSV,1,1,02,09,27,283,40,10,54,164,39*6A
$GIGSV,1,1,02,09,27,283,40,10,54,164,40*64
$GIGSV,1,1,02,09,27,283,40,10,54,164,40*64
$GIGSV,1,1,02,09,27,283,40,10,54,164,40*64
$GIGSV,1,1,02,09,27,283,40,10,54,164,40*64
$GIGSV,1,1,02,09,27,283,40,10,54,164,40*64
$GIGSV,1,1,02,09,27,283,40,10,54,164,40*64
$GIGSV,1,1,02,09,27,283,40,10,54,164,40*64
$GIGSV,1,1,02,09,27,283,40,10,54,164,40*64
$GIGSV,1,1,02,09,27,283,40,10,54,164,40*64
$GIGSV,1,1,02,09,27,283,40,10,54,164,40*64
$GIGSV,1,1,02,09,27,283,40,10,54,164,40*64
$GIGSV,1,1,02,09,27,283,40,10,54,164,40*64
$GIGSV,1,1,02,09,27,283,40,10,54,164,40*64
$GIGSV,1,1,02,09,27,283,40,10,54,164,40*64
$GIGSV,1,1,02,09,27,283,40,10,54,164,40*64
$GIGSV,1,1,02,09,27,283,40,10,54,164,40*64
$GIGSV,1,1,02,09,27,283,40,10,54,164,40*64
$GIGSV,1,1,02,09,27,283,40,10,54,164,40*64
$GIGSV,1,1,02,09,27,283,40,10,54,164,40*64
$GIGSV,1,1,02,09,27,283,40,10,54,164,40*64
$GIGSV,1,1,02,09,27,283,40,10,54,164,40*64
$GIGSV,1,1,02,09,27,283,40,10,54,164,40*64
$GIGSV,1,1,02,09,27,283,40,10,54,164,40*64
$GIGSV,1,1,02,09,27,283,40,10,54,164,40*64
$GIGSV,1,1,02,09,27,283,40,10,54,164,40*64
$GIGSV,1,1,02,09,27,283,40,10,54,164,40*64
$GIGSV,1,1,02,09,27,283,40,10,54,164,40*64
$GIGSV,1,1,02,09,27,283,40,10,54,164,40*64
$GIGSV,1,1,02,09,27,283,41,10,54,164,40*65
$GIGSV,1,1,02,09,27,283,41,10,54,164,40*65
$GIGSV,1,1,02,09,27,283,41,10,54,164,40*65
$GIGSV,1,1,02,09,27,283,41,10,54,164,40*65
$GIGSV,1,1,02,09,27,283,41,10,54,164,39*6B
$GIGSV,1,1,02,09,27,283,41,10,54,164,39*6B
$GIGSV,1,1,02,09,27,283,41,10,54,164,39*6B
$GIGSV,1,1,02,09,27,283,41,10,54,164,39*6B
$GIGSV,1,1,02,09,27,283,41,10,54,164,39*6B
$GIGSV,1,1,02,09,27,283,40,10,54,164,39*6A
$GIGSV,1,1,02,09,27,283,40,10,54,164,39*6A
$GIGSV,1,1,02,09,27,283,40,10,54,164,39*6A
$GIGSV,1,1,02,09,27,283,40,10,54,164,39*6A
$GIGSV,1,1,02,09,27,283,40,10,54,164,39*6A
$GIGSV,1,1,02,09,27,283,40,10,54,164,39*6A
$GIGSV,1,1,02,09,27,283,40,10,54,164,39*6A
$GIGSV,1,1,02,09,27,283,40,10,54,164,39*6A
$GIGSV,1,1,02,09,27,283,40,10,54,164,39*6A
$GIGSV,1,1,02,09,27,283,40,10,54,164,38*6B
$GIGSV,1,1,02,09,27,283,40,10,54,164,38*6B
$GIGSV,1,1,02,09,27,283,40,10,54,164,38*6B
$GIGSV,1,1,02,09,27,283,40,10,54,164,38*6B
$GIGSV,1,1,02,09,27,283,40,10,54,164,38*6B
$GIGSV,1,1,02,09,27,283,40,10,54,164,38*6B
$GIGSV,1,1,02,09,27,283,40,10,54,164,38*6B
$GIGSV,1,1,02,09,27,283,40,10,54,164,38*6B
$GIGSV,1,1,02,09,27,283,40,10,54,164,38*6B
$GIGSV,1,1,02,09,27,283,40,10,54,164,38*6B
$GIGSV,1,1,02,09,27,283,40,10,54,164,39*6A
$GIGSV,1,1,02,09,27,283,41,10,54,164,39*6B
$GIGSV,1,1,02,09,27,283,41,10,54,164,39*6B
$GIGSV,1,1,02,09,27,283,41,10,54,164,40*65
$GIGSV,1,1,02,09,27,283,41,10,54,164,40*65
$GIGSV,1,1,02,09,27,283,41,10,54,164,41*64
$GIGSV,1,1,02,09,27,283,41,10,54,164,42*67
$GIGSV,1,1,02,09,27,283,41,10,54,164,42*67
$GIGSV,1,1,02,09,27,283,41,10,54,164,42*67
$GIGSV,1,1,02,09,27,283,41,10,54,164,43*66
$GIGSV,1,1,02,09,27,283,41,10,54,164,43*66
$GIGSV,1,1,02,09,27,283,41,10,54,164,43*66
$GIGSV,1,1,02,09,27,283,41,10,54,164,43*66
$GIGSV,1,1,02,09,27,283,41,10,54,164,43*66
$GIGSV,1,1,02,09,27,283,41,10,54,164,43*66
$GIGSV,1,1,02,09,27,283,41,10,54,164,43*66
$GIGSV,1,1,02,09,27,283,41,10,54,164,43*66
$GIGSV,1,1,02,09,27,283,41,10,54,164,43*66
$GIGSV,1,1,02,09,27,283,41,10,54,164,43*66
$GIGSV,1,1,02,09,27,283,41,10,54,164,44*61
$GIGSV,1,1,02,09,27,283,41,10,54,164,44*61
$GIGSV,1,1,02,09,27,283,41,10,54,164,44*61
$GIGSV,1,1,02,09,27,283,41,10,54,164,45*60
$GIGSV,1,1,02,09,27,283,41,10,54,164,45*60
$GIGSV,1,1,02,09,27,283,41,10,54,164,45*60
$GIGSV,1,1,02,09,27,283,41,10,54,164,45*60
$GIGSV,1,1,02,09,27,283,41,10,54,164,45*60
$GIGSV,1,1,02,09,27,283,41,10,54,164,45*60
$GIGSV,1,1,02,09,27,283,41,10,54,164,45*60
$GIGSV,1,1,02,09,27,283,41,10,54,164,45*60
$GIGSV,1,1,02,09,27,283,41,10,54,164,45*60
$GIGSV,1,1,02,09,27,283,41,10,54,164,45*60
$GIGSV,1,1,02,09,27,283,41,10,54,164,46*63
$GIGSV,1,1,02,09,27,283,41,10,54,164,46*63
$GIGSV,1,1,02,09,27,283,41,10,54,164,46*63
$GIGSV,1,1,02,09,27,283,41,10,54,164,46*63
$GIGSV,1,1,02,09,27,283,41,10,54,164,46*63
$GIGSV,1,1,02,09,27,283,41,10,54,164,46*63
$GIGSV,1,1,02,09,27,283,41,10,54,164,46*63
$GIGSV,1,1,02,09,27,283,41,10,54,164,46*63
$GIGSV,1,1,02,09,27,283,41,10,54,164,46*63
$GIGSV,1,1,02,09,27,283,41,10,54,164,46*63
$GIGSV,1,1,02,09,27,283,41,10,54,164,46*63
$GIGSV,1,1,02,09,27,283,41,10,54,164,46*63
$GIGSV,1,1,02,09,27,283,41,10,54,164,46*63
$GIGSV,1,1,02,09,27,283,41,10,54,164,46*63
$GIGSV,1,1,02,09,27,283,41,10,54,164,46*63
$GIGSV,1,1,02,09,27,283,41,10,54,164,46*63
$GIGSV,1,1,02,09,27,283,41,10,54,164,46*63
$GIGSV,1,1,02,09,27,283,41,10,54,164,46*63
$GIGSV,1,1,02,09,27,283,41,10,54,164,46*63
$GIGSV,1,1,02,09,27,283,41,10,54,164,46*63
$GIGSV,1,1,02,09,27,283,41,10,54,164,46*63
$GIGSV,1,1,02,09,27,283,41,10,54,164,46*63
$GIGSV,1,1,02,09,27,283,41,10,54,164,46*63
$GIGSV,1,1,02,09,27,283,41,10,54,164,46*63
$GIGSV,1,1,02,09,27,283,41,10,54,164,46*63
$GIGSV,1,1,02,09,27,283,41,10,54,164,46*63
$GIGSV,1,1,02,09,27,283,41,10,54,164,46*63
$GIGSV,1,1,02,09,27,283,41,10,54,164,46*63
$GIGSV,1,1,02,09,27,283,41,10,54,164,46*63
$GIGSV,1,1,02,09,27,283,41,10,54,164,47*62
$GIGSV,1,1,02,09,27,283,41,10,54,164,47*62
$GIGSV,1,1,02,09,27,283,41,10,54,164,47*62
$GIGSV,1,1,02,09,27,283,41,10,54,164,47*62
$GIGSV,1,1,02,09,27,283,41,10,54,164,47*62
$GIGSV,1,1,02,09,27,283,41,10,54,164,47*62
$GIGSV,1,1,02,09,27,283,41,10,54,164,47*62
$GIGSV,1,1,02,09,27,283,41,10,54,164,47*62
$GIGSV,1,1,02,09,27,283,41,10,54,164,47*62
$GIGSV,1,1,02,09,27,283,41,10,54,164,47*62
$GIGSV,1,1,02,09,27,283,41,10,54,164,47*62
$GIGSV,1,1,02,09,27,283,41,10,54,164,47*62
$GIGSV,1,1,02,09,27,283,41,10,54,164,47*62
$GIGSV,1,1,02,09,27,283,41,10,54,164,47*62
$GIGSV,1,1,02,09,27,283,41,10,54,164,47*62
$GIGSV,1,1,02,09,27,283,41,10,54,164,47*62
$GIGSV,1,1,02,09,27,283,41,10,54,164,47*62
$GIGSV,1,1,02,09,27,283,41,10,54,164,47*62
$GIGSV,1,1,02,09,27,283,41,10,54,164,47*62
$GIGSV,1,1,02,09,27,283,41,10,54,164,47*62
$GIGSV,1,1,02,09,27,283,41,10,54,164,47*62
$GIGSV,1,1,02,09,27,283,41,10,54,164,47*62
$GIGSV,1,1,02,09,27,283,41,10,54,164,47*62
$GIGSV,1,1,02,09,27,283,41,10,54,164,47*62
$GIGSV,1,1,02,09,27,283,41,10,54,164,47*62
$GIGSV,1,1,02,09,27,283,41,10,54,164,47*62
$GIGSV,1,1,02,09,27,283,41,10,54,164,47*62
$GIGSV,1,1,02,09,27,283,41,10,54,164,47*62
$GIGSV,1,1,02,09,27,283,41,10,54,164,47*62
$GIGSV,1,1,02,09,27,283,41,10,54,164,47*62
$GIGSV,1,1,02,09,27,283,41,10,54,164,47*62
$GIGSV,1,1,02,09,27,283,41,10,54,164,47*62
$GIGSV,1,1,02,09,27,283,41,10,54,164,47*62
$GIGSV,1,1,02,09,27,283,41,10,54,164,47*62
$GIGSV,1,1,02,09,27,283,41,10,54,164,47*62
$GIGSV,1,1,02,09,27,283,41,10,54,164,47*62
$GIGSV,1,1,02,09,27,283,41,10,54,164,47*62
$GIGSV,1,1,02,09,27,283,41,10,54,164,47*62
$GIGSV,1,1,02,09,27,283,41,10,54,164,47*62
$GIGSV,1,1,02,09,27,283,41,10,54,164,47*62
$GIGSV,1,1,02,09,27,283,41,10,54,164,47*62
$GIGSV,1,1,02,09,27,283,41,10,54,164,47*62
$GIGSV,1,1,02,09,27,283,41,10,54,164,47*62
$GIGSV,1,1,02,09,27,283,41,10,54,164,47*62
$GIGSV,1,1,02,09,27,283,41,10,54,164,47*62
$GIGSV,1,1,02,09,27,283,42,10,54,164,47*61
$GIGSV,1,1,02,09,27,283,42,10,54,164,47*61
$GIGSV,1,1,02,09,27,283,42,10,54,164,47*61
$GIGSV,1,1,02,09,27,283,42,10,54,164,47*61
$GIGSV,1,1,02,09,27,283,42,10,54,164,47*61
$GIGSV,1,1,02,09,27,283,42,10,54,164,47*61
$GIGSV,1,1,02,09,27,283,42,10,54,164,47*61
$GIGSV,1,1,02,09,27,283,41,10,54,164,47*62
$GIGSV,1,1,02,09,27,283,41,10,54,164,47*62
$GIGSV,1,1,02,09,27,283,41,10,54,164,47*62
$GIGSV,1,1,02,09,27,283,41,10,54,164,47*62
$GIGSV,1,1,02,09,27,283,41,10,54,164,47*62
$GIGSV,1,1,02,09,27,283,41,10,54,164,47*62
$GIGSV,1,1,02,09,27,283,41,10,54,164,47*62
$GIGSV,1,1,02,09,27,283,41,10,54,164,47*62
$GIGSV,1,1,02,09,27,283,41,10,54,164,47*62
$GIGSV,1,1,02,09,27,283,41,10,54,164,47*62
$GIGSV,1,1,02,09,27,283,41,10,54,164,47*62
$GIGSV,1,1,02,09,27,283,41,10,54,164,47*62
$GIGSV,1,1,02,09,27,283,41,10,54,164,47*62
$GIGSV,1,1,02,09,27,283,41,10,54,164,47*62
$GIGSV,1,1,02,09,27,283,41,10,54,164,47*62
$GIGSV,1,1,02,09,27,283,41,10,54,164,47*62
$GIGSV,1,1,02,09,27,283,41,10,54,164,47*62
$GIGSV,1,1,02,09,27,283,41,10,54,164,47*62
$GIGSV,1,1,02,09,27,283,41,10,54,164,47*62
$GIGSV,1,1,02,09,27,283,41,10,54,164,47*62
$GIGSV,1,1,02,09,27,283,41,10,54,164,47*62
$GIGSV,1,1,02,09,27,283,41,10,54,164,46*63
$GIGSV,1,1,02,09,27,283,41,10,54,164,46*63
$GIGSV,1,1,02,09,27,283,41,10,54,164,46*63
$GIGSV,1,1,02,09,27,283,41,10,54,164,46*63
$GIGSV,1,1,02,09,27,283,41,10,54,164,46*63
$GIGSV,1,1,02,09,27,283,41,10,54,164,46*63
$GIGSV,1,1,02,09,27,283,41,10,54,164,46*63
$GIGSV,1,1,02,09,27,283,41,10,54,164,46*63
$GIGSV,1,1,02,09,27,283,41,10,54,164,46*63
$GIGSV,1,1,02,09,27,283,41,10,54,164,46*63
$GIGSV,1,1,02,09,27,283,41,10,54,164,46*63
$GIGSV,1,1,02,09,27,283,41,10,54,164,46*63
$GIGSV,1,1,02,09,27,283,41,10,54,164,46*63
$GIGSV,1,1,02,09,27,283,41,10,54,164,46*63
$GIGSV,1,1,02,09,27,283,41,10,54,164,46*63
$GIGSV,1,1,02,09,27,283,41,10,54,164,46*63
$GIGSV,1,1,02,09,27,283,41,10,54,164,46*63
$GIGSV,1,1,02,09,27,283,41,10,54,164,46*63
$GIGSV,1,1,02,09,27,283,41,10,54,164,46*63
$GIGSV,1,1,02,09,27,283,41,10,54,164,46*63
$GIGSV,1,1,02,09,27,283,41,10,54,164,46*63
$GIGSV,1,1,02,09,27,283,41,10,54,164,46*63
$GIGSV,1,1,02,09,27,283,41,10,54,164,46*63
$GIGSV,1,1,02,09,27,283,41,10,54,164,46*63
$GIGSV,1,1,02,09,27,283,41,10,54,164,46*63
$GIGSV,1,1,02,09,27,283,41,10,54,164,46*63
$GIGSV,1,1,02,09,27,283,41,10,54,164,46*63
$GIGSV,1,1,02,09,27,283,41,10,54,164,46*63
$GIGSV,1,1,02,09,27,283,41,10,54,164,46*63
$GIGSV,1,1,02,09,27,283,41,10,54,164,46*63
$GIGSV,1,1,02,09,27,283,41,10,54,164,46*63
$GIGSV,1,1,02,09,27,283,41,10,54,164,46*63
$GIGSV,1,1,02,09,27,283,41,10,54,164,46*63
$GIGSV,1,1,02,09,27,283,41,10,54,164,46*63
$GIGSV,1,1,02,09,27,283,41,10,54,164,46*63
$GIGSV,1,1,02,09,27,283,41,10,54,164,46*63
$GIGSV,1,1,02,09,27,283,41,10,54,164,46*63
$GIGSV,1,1,02,09,27,283,41,10,54,164,46*63
$GIGSV,1,1,02,09,27,283,41,10,54,164,46*63
$GIGSV,1,1,02,09,27,283,41,10,54,164,46*63
$GIGSV,1,1,02,09,27,283,41,10,54,164,46*63
$GIGSV,1,1,02,09,27,283,41,10,54,164,46*63
$GIGSV,1,1,02,09,27,283,41,10,54,164,46*63
$GIGSV,1,1,02,09,27,283,41,10,54,164,46*63
$GIGSV,1,1,02,09,27,283,41,10,54,164,46*63
$GIGSV,1,1,02,09,27,283,41,10,54,164,46*63
$GIGSV,1,1,02,09,27,283,41,10,54,164,46*63
$GIGSV,1,1,02,09,27,283,41,10,54,164,46*63
$GIGSV,1,1,02,09,27,283,41,10,54,164,46*63
$GIGSV,1,1,02,09,27,283,41,10,54,164,46*63
$GIGSV,1,1,02,09,27,283,41,10,54,164,46*63
$GIGSV,1,1,02,09,27,283,41,10,54,164,46*63
$GIGSV,1,1,02,09,27,283,41,10,54,164,46*63
$GIGSV,1,1,02,09,27,283,41,10,54,164,46*63
$GIGSV,1,1,02,09,27,283,41,10,54,164,46*63
$GIGSV,1,1,02,09,27,283,41,10,54,164,46*63
$GIGSV,1,1,02,09,27,283,41,10,54,164,46*63
$GIGSV,1,1,02,09,27,283,41,10,54,164,46*63
$GIGSV,1,1,02,09,27,283,41,10,54,164,46*63
$GIGSV,1,1,02,09,27,283,41,10,54,164,46*63
$GIGSV,1,1,02,09,27,283,41,10,54,164,46*63
$GIGSV,1,1,02,09,27,283,41,10,54,164,46*63
$GIGSV,1,1,02,09,27,283,41,10,54,164,46*63
$GIGSV,1,1,02,09,27,283,41,10,54,164,46*63
$GIGSV,1,1,02,09,27,283,41,10,54,164,46*63
$GIGSV,1,1,02,09,27,283,41,10,54,164,46*63
$GIGSV,1,1,02,09,27,283,41,10,54,164,46*63
$GIGSV,1,1,02,09,27,283,41,10,54,164,46*63
$GIGSV,1,1,02,09,27,283,41,10,54,164,46*63
$GIGSV,1,1,02,09,27,283,41,10,54,164,46*63
$GIGSV,1,1,02,09,27,283,41,10,54,164,46*63
$GIGSV,1,1,02,09,27,283,41,10,54,164,46*63
$GIGSV,1,1,02,09,27,283,41,10,54,164,46*63
$GIGSV,1,1,02,09,27,283,41,10,54,164,46*63
$GIGSV,1,1,02,09,27,283,41,10,54,164,46*63
$GIGSV,1,1,02,09,27,283,41,10,54,164,46*63
$GIGSV,1,1,02,09,27,283,41,10,54,164,46*63
$GIGSV,1,1,02,09,27,283,41,10,54,164,46*63
$GIGSV,1,1,02,09,27,283,41,10,54,164,46*63
$GIGSV,1,1,02,09,27,283,41,10,54,164,46*63
$GIGSV,1,1,02,09,27,283,41,10,54,164,46*63
$GIGSV,1,1,02,09,27,283,41,10,54,164,46*63
$GIGSV,1,1,02,09,27,283,41,10,54,164,46*63
$GIGSV,1,1,02,09,27,283,41,10,54,164,46*63
$GIGSV,1,1,02,09,27,283,41,10,54,164,46*63
$GIGSV,1,1,02,09,27,283,41,10,54,164,46*63
$GIGSV,1,1,02,09,27,283,41,10,54,164,46*63
$GIGSV,1,1,02,09,27,283,41,10,54,164,46*63
$GIGSV,1,1,02,09,27,283,41,10,54,164,46*63
$GIGSV,1,1,02,09,27,283,41,10,54,164,46*63
$GIGSV,1,1,02,09,27,283,41,10,54,164,46*63
$GIGSV,1,1,02,09,27,283,41,10,54,164,46*63
$GIGSV,1,1,02,09,27,283,41,10,54,164,46*63
$GIGSV,1,1,02,09,27,283,41,10,54,164,46*63
$GIGSV,1,1,02,09,27,283,41,10,54,164,46*63
$GIGSV,1,1,02,09,27,283,41,10,54,164,46*63
$GIGSV,1,1,02,09,27,283,41,10,54,164,46*63
$GIGSV,1,1,02,09,27,283,41,10,54,164,46*63
$GIGSV,1,1,02,09,27,283,41,10,54,164,46*63
$GIGSV,1,1,02,09,27,283,41,10,54,164,46*63
$GIGSV,1,1,02,09,27,283,41,10,54,164,46*63
$GIGSV,1,1,02,09,27,283,41,10,54,164,46*63
$GIGSV,1,1,02,09,27,283,41,10,54,164,46*63
$GIGSV,1,1,02,09,27,283,41,10,54,164,46*63
$GIGSV,1,1,02,09,27,283,41,10,54,164,46*63
$GIGSV,1,1,02,09,27,283,41,10,54,164,46*63
$GIGSV,1,1,02,09,27,283,41,10,54,164,46*63
$GIGSV,1,1,02,09,27,283,41,10,54,164,46*63
$GIGSV,1,1,02,09,27,283,41,10,54,164,46*63
$GIGSV,1,1,02,09,27,283,41,10,54,164,46*63
$GIGSV,1,1,02,09,27,283,41,10,54,164,46*63
$GIGSV,1,1,02,09,27,283,41,10,54,164,46*63
$GIGSV,1,1,02,09,27,283,41,10,54,164,46*63
$GIGSV,1,1,02,09,27,283,40,10,54,164,46*62
$GIGSV,1,1,02,09,27,283,40,10,54,164,47*63
$GIGSV,1,1,02,09,27,283,40,10,54,164,47*63
$GIGSV,1,1,02,09,27,283,40,10,54,164,47*63
$GIGSV,1,1,02,09,27,283,40,10,54,164,47*63
$GIGSV,1,1,02,09,27,283,40,10,54,164,47*63
$GIGSV,1,1,02,09,27,283,40,10,54,164,47*63
$GIGSV,1,1,02,09,27,283,40,10,54,164,47*63
$GIGSV,1,1,02,09,27,283,40,10,54,164,47*63
$GIGSV,1,1,02,09,27,283,40,10,54,164,47*63
$GIGSV,1,1,02,09,27,283,40,10,54,164,47*63
$GIGSV,1,1,02,09,27,283,40,10,54,164,47*63
$GIGSV,1,1,02,09,27,283,40,10,54,164,47*63
$GIGSV,1,1,02,09,27,283,40,10,54,164,47*63
$GIGSV,1,1,02,09,27,283,40,10,54,164,47*63
$GIGSV,1,1,02,09,27,283,40,10,54,164,47*63
$GIGSV,1,1,02,09,27,283,40,10,54,164,47*63
$GIGSV,1,1,02,09,27,283,40,10,54,164,47*63
$GIGSV,1,1,02,09,27,283,40,10,54,164,47*63
$GIGSV,1,1,02,09,27,283,40,10,54,164,47*63
$GIGSV,1,1,02,09,27,283,40,10,54,164,47*63
$GIGSV,1,1,02,09,27,283,40,10,54,164,47*63
$GIGSV,1,1,02,09,27,283,40,10,54,164,47*63
$GIGSV,1,1,02,09,27,283,40,10,54,164,47*63
$GIGSV,1,1,02,09,27,283,40,10,54,164,47*63
$GIGSV,1,1,02,09,27,283,40,10,54,164,47*63
$GIGSV,1,1,02,09,27,283,40,10,54,164,47*63
$GIGSV,1,1,02,09,27,283,40,10,54,164,47*63
$GIGSV,1,1,02,09,27,283,40,10,54,164,47*63
$GIGSV,1,1,02,09,27,283,40,10,54,164,47*63
$GIGSV,1,1,02,09,27,283,40,10,54,164,47*63
$GIGSV,1,1,02,09,27,283,40,10,54,164,47*63
$GIGSV,1,1,02,09,27,283,40,10,54,164,47*63
$GIGSV,1,1,02,09,27,283,40,10,54,164,47*63
$GIGSV,1,1,02,09,27,283,40,10,54,164,47*63
$GIGSV,1,1,02,09,27,283,40,10,54,164,47*63
$GIGSV,1,1,02,09,27,283,40,10,54,164,47*63
$GIGSV,1,1,02,09,27,283,40,10,54,164,47*63
$GIGSV,1,1,02,09,27,283,39,10,54,164,47*6D
$GIGSV,1,1,02,09,27,283,39,10,54,164,47*6D
$GIGSV,1,1,02,09,27,283,39,10,54,164,47*6D
$GIGSV,1,1,02,09,27,283,39,10,54,164,47*6D
$GIGSV,1,1,02,09,27,283,39,10,54,164,47*6D
$GIGSV,1,1,02,09,27,283,39,10,54,164,47*6D
$GIGSV,1,1,02,09,27,283,39,10,54,164,47*6D
$GIGSV,1,1,02,09,27,283,39,10,54,164,47*6D
$GIGSV,1,1,02,09,27,283,39,10,54,164,47*6D
$GIGSV,1,1,02,09,27,283,39,10,54,164,47*6D
$GIGSV,1,1,02,09,27,283,39,10,54,164,47*6D
$GIGSV,1,1,02,09,27,283,39,10,54,164,47*6D
$GIGSV,1,1,02,09,27,283,39,10,54,164,47*6D
$GIGSV,1,1,02,09,27,283,39,10,54,164,47*6D
$GIGSV,1,1,02,09,27,283,39,10,54,164,47*6D
$GIGSV,1,1,02,09,27,283,39,10,54,164,47*6D
$GIGSV,1,1,02,09,27,283,39,10,54,164,47*6D
$GIGSV,1,1,02,09,27,283,39,10,54,164,47*6D
$GIGSV,1,1,02,09,27,283,39,10,54,164,47*6D
$GIGSV,1,1,02,09,27,283,39,10,54,164,47*6D
$GIGSV,1,1,02,09,27,283,39,10,54,164,47*6D
$GIGSV,1,1,02,09,27,283,39,10,54,164,47*6D
$GIGSV,1,1,02,09,27,283,39,10,54,164,47*6D
$GIGSV,1,1,02,09,27,283,39,10,54,164,47*6D
$GIGSV,1,1,02,09,27,283,40,10,54,164,47*63
$GIGSV,1,1,02,09,27,283,40,10,54,164,47*63
$GIGSV,1,1,02,09,27,283,40,10,54,164,47*63
$GIGSV,1,1,02,09,27,283,40,10,54,164,47*63
$GIGSV,1,1,02,09,27,283,40,10,54,164,47*63
$GIGSV,1,1,02,09,27,283,40,10,54,164,47*63
$GIGSV,1,1,02,09,27,283,40,10,54,164,47*63
$GIGSV,1,1,02,09,27,283,40,10,54,164,47*63
$GIGSV,1,1,02,09,27,283,40,10,54,164,47*63
$GIGSV,1,1,02,09,27,283,40,10,54,164,47*63
$GIGSV,1,1,02,09,27,283,40,10,54,164,47*63
$GIGSV,1,1,02,09,27,283,40,10,54,164,47*63
$GIGSV,1,1,02,09,27,283,41,10,54,164,47*62
$GIGSV,1,1,02,09,27,283,41,10,54,164,47*62
$GIGSV,1,1,02,09,27,283,41,10,54,164,47*62
$GIGSV,1,1,02,09,27,283,41,10,54,164,47*62
$GIGSV,1,1,02,09,27,283,41,10,54,164,47*62
$GIGSV,1,1,02,09,27,283,41,10,54,164,47*62
$GIGSV,1,1,02,09,27,283,41,10,54,164,47*62
$GIGSV,1,1,02,09,27,283,41,10,54,164,47*62
$GIGSV,1,1,02,09,27,283,41,10,54,164,47*62
$GIGSV,1,1,02,09,27,283,41,10,54,164,47*62
$GIGSV,1,1,02,09,27,283,41,10,54,164,48*6D
$GIGSV,1,1,02,09,27,283,41,10,54,164,48*6D
$GIGSV,1,1,02,09,27,283,41,10,54,164,48*6D
$GIGSV,1,1,02,09,27,283,41,10,54,164,48*6D
$GIGSV,1,1,02,09,27,283,41,10,54,164,48*6D
$GIGSV,1,1,02,09,27,283,41,10,54,164,48*6D
$GIGSV,1,1,02,09,27,283,41,10,54,164,48*6D
$GIGSV,1,1,02,09,27,283,41,10,54,164,48*6D
$GIGSV,1,1,02,09,27,283,41,10,54,164,47*62
$GIGSV,1,1,02,09,27,283,41,10,54,164,47*62
$GIGSV,1,1,02,09,27,283,41,10,54,164,47*62
$GIGSV,1,1,02,09,27,283,41,10,54,164,48*6D
$GIGSV,1,1,02,09,27,283,41,10,54,164,48*6D
$GIGSV,1,1,02,09,27,283,41,10,54,164,48*6D
$GIGSV,1,1,02,09,27,283,41,10,54,164,47*62
$GIGSV,1,1,02,09,27,283,41,10,54,164,47*62
$GIGSV,1,1,02,09,27,283,41,10,54,164,48*6D
$GIGSV,1,1,02,09,27,283,41,10,54,164,48*6D
$GIGSV,1,1,02,09,27,283,41,10,54,164,48*6D
$GIGSV,1,1,02,09,27,283,41,10,54,164,48*6D
$GIGSV,1,1,02,09,27,283,41,10,54,164,48*6D
$GIGSV,1,1,02,09,27,283,41,10,54,164,47*62
$GIGSV,1,1,02,09,27,283,41,10,54,164,48*6D
$GIGSV,1,1,02,09,27,283,41,10,54,164,48*6D
$GIGSV,1,1,02,09,27,283,41,10,54,164,48*6D
$GIGSV,1,1,02,09,27,283,41,10,54,164,48*6D
$GIGSV,1,1,02,09,27,283,41,10,54,164,47*62
$GIGSV,1,1,02,09,27,283,41,10,54,164,48*6D
$GIGSV,1,1,02,09,27,283,40,10,54,164,48*6C
$GIGSV,1,1,02,09,27,283,40,10,54,164,48*6C
$GIGSV,1,1,02,09,27,283,40,10,54,164,48*6C
$GIGSV,1,1,02,09,27,283,40,10,54,164,48*6C
$GIGSV,1,1,02,09,27,283,40,10,54,164,48*6C
$GIGSV,1,1,02,09,27,283,40,10,54,164,48*6C
$GIGSV,1,1,02,09,27,283,40,10,54,164,48*6C
$GIGSV,1,1,02,09,27,283,40,10,54,164,48*6C
$GIGSV,1,1,02,09,27,283,40,10,54,164,48*6C
$GIGSV,1,1,02,09,27,283,40,10,54,164,48*6C
$GIGSV,1,1,02,09,27,283,40,10,54,164,48*6C
$GIGSV,1,1,02,09,27,283,40,10,54,164,48*6C
$GIGSV,1,1,02,09,27,283,40,10,54,164,48*6C
$GIGSV,1,1,02,09,27,283,40,10,54,164,48*6C
$GIGSV,1,1,02,09,27,283,40,10,54,164,48*6C
$GIGSV,1,1,02,09,27,283,40,10,54,164,48*6C
$GIGSV,1,1,02,09,27,283,40,10,54,164,48*6C
$GIGSV,1,1,02,09,27,283,40,10,54,164,48*6C
$GIGSV,1,1,02,09,27,283,40,10,54,164,48*6C
$GIGSV,1,1,02,09,27,283,40,10,54,164,48*6C
$GIGSV,1,1,02,09,27,283,40,10,54,164,48*6C
$GIGSV,1,1,02,09,27,283,40,10,54,164,48*6C
$GIGSV,1,1,02,09,27,283,40,10,54,164,48*6C
$GIGSV,1,1,02,09,27,283,40,10,54,164,48*6C
$GIGSV,1,1,02,09,27,283,40,10,54,164,48*6C
$GIGSV,1,1,02,09,27,283,40,10,54,164,48*6C
$GIGSV,1,1,02,09,27,283,40,10,54,164,48*6C
$GIGSV,1,1,02,09,27,283,40,10,54,164,48*6C
$GIGSV,1,1,02,09,27,283,40,10,54,164,48*6C
$GIGSV,1,1,02,09,27,283,40,10,54,164,48*6C
$GIGSV,1,1,02,09,27,283,39,10,54,164,48*62
$GIGSV,1,1,02,09,27,283,39,10,54,164,48*62
$GIGSV,1,1,02,09,27,283,39,10,54,164,48*62
$GIGSV,1,1,02,09,27,283,39,10,54,164,48*62
$GIGSV,1,1,02,09,27,283,39,10,54,164,48*62
$GIGSV,1,1,02,09,27,283,39,10,54,164,48*62
$GIGSV,1,1,02,09,27,283,39,10,54,164,48*62
$GIGSV,1,1,02,09,27,283,39,10,54,164,48*62
$GIGSV,1,1,02,09,27,283,39,10,54,164,48*62
$GIGSV,1,1,02,09,27,283,39,10,54,164,48*62
$GIGSV,1,1,02,09,27,283,39,10,54,164,48*62
$GIGSV,1,1,02,09,27,283,39,10,54,164,48*62
$GIGSV,1,1,02,09,27,283,39,10,54,164,48*62
$GIGSV,1,1,02,09,27,283,39,10,54,164,48*62
$GIGSV,1,1,02,09,27,283,39,10,54,164,48*62
$GIGSV,1,1,02,09,27,283,39,10,54,164,48*62
$GIGSV,1,1,02,09,27,283,39,10,54,164,48*62
$GIGSV,1,1,02,09,27,283,39,10,54,164,48*62
$GIGSV,1,1,02,09,27,283,39,10,54,164,48*62
$GIGSV,1,1,02,09,27,283,39,10,54,164,48*62
$GIGSV,1,1,02,09,27,283,39,10,54,164,48*62
$GIGSV,1,1,02,09,27,283,39,10,54,164,48*62
$GIGSV,1,1,02,09,27,283,39,10,54,164,48*62
$GIGSV,1,1,02,09,27,283,39,10,54,164,48*62
$GIGSV,1,1,02,09,27,283,39,10,54,164,48*62
$GIGSV,1,1,02,09,27,283,39,10,54,164,48*62
$GIGSV,1,1,02,09,27,283,39,10,54,164,48*62
$GIGSV,1,1,02,09,27,283,39,10,54,164,48*62
$GIGSV,1,1,02,09,27,283,39,10,54,164,48*62
$GIGSV,1,1,02,09,27,283,39,10,54,164,48*62
$GIGSV,1,1,02,09,27,283,39,10,54,164,48*62
$GIGSV,1,1,02,09,27,283,39,10,54,164,48*62
$GIGSV,1,1,02,09,27,283,39,10,54,164,48*62
$GIGSV,1,1,02,09,27,283,39,10,54,164,48*62
$GIGSV,1,1,02,09,27,283,38,10,54,164,48*63
$GIGSV,1,1,02,09,27,283,38,10,54,164,47*6C
$GIGSV,1,1,02,09,27,283,38,10,54,164,47*6C
$GIGSV,1,1,02,09,27,283,38,10,54,164,47*6C
$GIGSV,1,1,02,09,27,283,38,10,54,164,47*6C
$GIGSV,1,1,02,09,27,283,38,10,54,164,47*6C
$GIGSV,1,1,02,09,27,283,38,10,54,164,47*6C
$GIGSV,1,1,02,09,27,283,38,10,54,164,47*6C
$GIGSV,1,1,02,09,27,283,38,10,54,164,47*6C
$GIGSV,1,1,02,09,27,283,38,10,54,164,47*6C
$GIGSV,1,1,02,09,27,283,38,10,54,164,47*6C
$GIGSV,1,1,02,09,27,283,38,10,54,164,47*6C
$GIGSV,1,1,02,09,27,283,38,10,54,164,47*6C
$GIGSV,1,1,02,09,27,283,38,10,54,164,47*6C
$GIGSV,1,1,02,09,27,283,38,10,54,164,47*6C
$GIGSV,1,1,02,09,27,283,38,10,54,164,47*6C
$GIGSV,1,1,02,09,27,283,38,10,54,164,47*6C
$GIGSV,1,1,02,09,27,283,38,10,54,164,47*6C
$GIGSV,1,1,02,09,27,283,38,10,54,164,47*6C
$GIGSV,1,1,02,09,27,283,37,10,54,164,47*63
$GIGSV,1,1,02,09,27,283,37,10,54,164,47*63
$GIGSV,1,1,02,09,27,283,37,10,54,164,47*63
$GIGSV,1,1,02,09,27,283,37,10,54,164,47*63
$GIGSV,1,1,02,09,27,283,37,10,54,164,47*63
$GIGSV,1,1,02,09,27,283,37,10,54,164,47*63
$GIGSV,1,1,02,09,27,283,37,10,54,164,47*63
$GIGSV,1,1,02,09,27,283,37,10,54,164,47*63
$GIGSV,1,1,02,09,27,283,37,10,54,164,47*63
$GIGSV,1,1,02,09,27,283,37,10,54,164,47*63
$GIGSV,1,1,02,09,27,283,37,10,54,164,47*63
$GIGSV,1,1,02,09,27,283,37,10,54,164,47*63
$GIGSV,1,1,02,09,27,283,37,10,54,164,47*63
$GIGSV,1,1,02,09,27,283,37,10,54,164,47*63
$GIGSV,1,1,02,09,27,283,37,10,54,164,47*63
$GIGSV,1,1,02,09,27,283,37,10,54,164,47*63
$GIGSV,1,1,02,09,27,283,36,10,54,164,47*62
$GIGSV,1,1,02,09,27,283,36,10,54,164,47*62
$GIGSV,1,1,02,09,27,283,36,10,54,164,47*62
$GIGSV,1,1,02,09,27,283,36,10,54,164,47*62
$GIGSV,1,1,02,09,27,283,36,10,54,164,47*62
$GIGSV,1,1,02,09,27,283,36,10,54,164,47*62
$GIGSV,1,1,02,09,27,283,36,10,54,164,47*62
$GIGSV,1,1,02,09,27,283,36,10,54,164,47*62
$GIGSV,1,1,02,09,27,283,36,10,54,164,47*62
$GIGSV,1,1,02,09,27,283,36,10,54,164,47*62
$GIGSV,1,1,02,09,27,283,36,10,54,164,47*62
$GIGSV,1,1,02,09,27,283,36,10,54,164,47*62
$GIGSV,1,1,02,09,27,283,36,10,54,164,47*62
$GIGSV,1,1,02,09,27,283,36,10,54,164,47*62
$GIGSV,1,1,02,09,27,283,36,10,54,164,47*62
$GIGSV,1,1,02,09,27,283,35,10,54,164,47*61
$GIGSV,1,1,02,09,27,283,26,10,54,164,47*63
$GIGSV,1,1,02,09,27,283,26,10,54,164,47*63
$GIGSV,1,1,02,09,27,283,27,10,54,164,47*62
$GIGSV,1,1,02,09,27,283,29,10,54,164,47*6C
$GIGSV,1,1,02,09,27,283,29,10,54,164,47*6C
$GIGSV,1,1,02,09,27,283,29,10,54,164,47*6C
$GIGSV,1,1,02,09,27,283,29,10,54,164,47*6C
$GIGSV,1,1,02,09,27,283,29,10,54,164,47*6C
$GIGSV,1,1,02,09,27,283,28,10,54,164,47*6D
$GIGSV,1,1,02,09,27,283,28,10,54,164,47*6D
$GIGSV,1,1,02,09,27,283,28,10,54,164,47*6D
$GIGSV,1,1,02,09,27,283,29,10,54,164,47*6C
$GIGSV,1,1,02,09,27,283,29,10,54,164,47*6C
$GIGSV,1,1,02,09,27,283,29,10,54,164,47*6C
$GIGSV,1,1,02,09,27,283,29,10,54,164,47*6C
$GIGSV,1,1,02,09,27,283,29,10,54,164,47*6C
$GIGSV,1,1,02,09,27,283,29,10,54,164,47*6C
$GIGSV,1,1,02,09,27,283,29,10,54,164,47*6C
$GIGSV,1,1,02,09,27,283,30,10,54,164,47*64
$GIGSV,1,1,02,09,27,283,30,10,54,164,46*65
$GIGSV,1,1,02,09,27,283,30,10,54,164,46*65
$GIGSV,1,1,02,09,27,283,30,10,54,164,46*65
$GIGSV,1,1,02,09,27,283,30,10,54,164,46*65
$GIGSV,1,1,02,09,27,283,31,10,54,164,46*64
$GIGSV,1,1,02,09,27,283,31,10,54,164,46*64
$GIGSV,1,1,02,09,27,283,31,10,54,164,46*64
$GIGSV,1,1,02,09,27,283,31,10,54,164,46*64
$GIGSV,1,1,02,09,27,283,31,10,54,164,46*64
$GIGSV,1,1,02,09,27,283,34,10,54,164,46*61
$GIGSV,1,1,02,09,27,283,34,10,54,164,46*61
$GIGSV,1,1,02,09,27,283,34,10,54,164,46*61
$GIGSV,1,1,02,09,27,283,34,10,54,164,46*61
$GIGSV,1,1,02,09,27,283,34,10,54,164,46*61
$GIGSV,1,1,02,09,27,283,34,10,54,164,46*61
$GIGSV,1,1,02,09,27,283,34,10,54,164,46*61
$GIGSV,1,1,02,09,27,283,34,10,54,164,46*61
$GIGSV,1,1,02,09,27,283,34,10,54,164,46*61
$GIGSV,1,1,02,09,27,283,34,10,54,164,46*61
$GIGSV,1,1,02,09,27,283,34,10,54,164,46*61
$GIGSV,1,1,02,09,27,283,34,10,54,164,46*61
$GIGSV,1,1,02,09,27,283,34,10,54,164,46*61
$GIGSV,1,1,02,09,27,283,33,10,54,164,46*66
$GIGSV,1,1,02,09,27,283,33,10,54,164,46*66
$GIGSV,1,1,02,09,27,283,33,10,54,164,46*66
$GIGSV,1,1,02,09,27,283,33,10,54,164,46*66
$GIGSV,1,1,02,09,27,283,33,10,54,164,46*66
$GIGSV,1,1,02,09,27,283,33,10,54,164,46*66
$GIGSV,1,1,02,09,27,283,33,10,54,164,46*66
$GIGSV,1,1,02,09,27,283,33,10,54,164,46*66
$GIGSV,1,1,02,09,27,283,33,10,54,164,46*66
$GIGSV,1,1,02,09,27,283,33,10,54,164,46*66
$GIGSV,1,1,02,09,27,283,33,10,54,164,45*65
$GIGSV,1,1,02,09,27,283,33,10,54,164,45*65
$GIGSV,1,1,02,09,27,283,33,10,54,164,45*65
$GIGSV,1,1,02,09,27,283,33,10,54,164,45*65
$GIGSV,1,1,02,09,27,283,33,10,54,164,45*65
$GIGSV,1,1,02,09,27,283,33,10,54,164,45*65
$GIGSV,1,1,02,09,27,283,33,10,54,164,45*65
$GIGSV,1,1,02,09,27,283,33,10,54,164,45*65
$GIGSV,1,1,02,09,27,283,33,10,54,164,45*65
$GIGSV,1,1,02,09,27,283,33,10,54,164,45*65
$GIGSV,1,1,02,09,27,283,33,10,54,164,45*65
$GIGSV,1,1,02,09,27,283,33,10,54,164,45*65
$GIGSV,1,1,02,09,27,283,33,10,54,164,45*65
$GIGSV,1,1,02,09,27,283,33,10,54,164,45*65
$GIGSV,1,1,02,09,27,283,33,10,54,164,45*65
$GIGSV,1,1,02,09,27,283,33,10,54,164,45*65
$GIGSV,1,1,02,09,27,283,33,10,54,164,45*65
$GIGSV,1,1,02,09,27,283,33,10,54,164,45*65
$GIGSV,1,1,02,09,27,283,33,10,54,164,45*65
$GIGSV,1,1,02,09,27,283,33,10,54,164,45*65
$GIGSV,1,1,02,09,27,283,33,10,54,164,45*65
$GIGSV,1,1,02,09,27,283,33,10,54,164,45*65
$GIGSV,1,1,02,09,27,283,33,10,54,164,45*65
$GIGSV,1,1,02,09,27,283,33,10,54,164,45*65
$GIGSV,1,1,02,09,27,283,33,10,54,164,45*65
$GIGSV,1,1,02,09,27,283,33,10,54,164,45*65
$GIGSV,1,1,02,09,27,283,33,10,54,164,45*65
$GIGSV,1,1,02,09,27,283,33,10,54,164,45*65
$GIGSV,1,1,02,09,27,283,33,10,54,164,45*65
$GIGSV,1,1,02,09,27,283,33,10,54,164,45*65
$GIGSV,1,1,02,09,27,283,33,10,54,164,45*65
$GIGSV,1,1,02,09,27,283,33,10,54,164,45*65
$GIGSV,1,1,02,09,27,283,33,10,54,164,45*65
$GIGSV,1,1,02,09,27,283,33,10,54,164,45*65
$GIGSV,1,1,02,09,27,283,33,10,54,164,45*65
$GIGSV,1,1,02,09,27,283,33,10,54,164,45*65
$GIGSV,1,1,02,09,27,283,33,10,54,164,45*65
$GIGSV,1,1,02,09,27,283,33,10,54,164,45*65
$GIGSV,1,1,02,09,27,283,33,10,54,164,45*65
$GIGSV,1,1,02,09,27,283,32,10,54,164,45*64
$GIGSV,1,1,02,09,27,283,32,10,54,164,45*64
$GIGSV,1,1,02,09,27,283,32,10,54,164,45*64
$GIGSV,1,1,02,09,27,283,32,10,54,164,45*64
$GIGSV,1,1,02,09,27,283,32,10,54,164,45*64
$GIGSV,1,1,02,09,27,283,32,10,54,164,45*64
$GIGSV,1,1,02,09,27,283,32,10,54,164,45*64
$GIGSV,1,1,02,09,27,283,32,10,54,164,45*64
$GIGSV,1,1,02,09,27,283,32,10,54,164,45*64
$GIGSV,1,1,02,09,27,283,32,10,54,164,45*64
$GIGSV,1,1,02,09,27,283,32,10,54,164,45*64
$GIGSV,1,1,02,09,27,283,32,10,54,164,45*64
$GIGSV,1,1,02,09,27,283,32,10,54,164,45*64
$GIGSV,1,1,02,09,27,283,32,10,54,164,45*64
$GIGSV,1,1,02,09,27,283,32,10,54,164,45*64
$GIGSV,1,1,02,09,27,283,32,10,54,164,45*64
$GIGSV,1,1,02,09,27,283,32,10,54,164,45*64
$GIGSV,1,1,02,09,27,283,32,10,54,164,45*64
$GIGSV,1,1,02,09,27,283,32,10,54,164,45*64
$GIGSV,1,1,02,09,27,283,32,10,54,164,45*64
$GIGSV,1,1,02,09,27,283,32,10,54,164,45*64
$GIGSV,1,1,02,09,27,283,32,10,54,164,44*65
$GIGSV,1,1,02,09,27,283,32,10,54,164,44*65
$GIGSV,1,1,02,09,27,283,32,10,54,164,44*65
$GIGSV,1,1,02,09,27,283,32,10,54,164,44*65
$GIGSV,1,1,02,09,27,283,32,10,54,164,44*65
$GIGSV,1,1,02,09,27,283,32,10,54,164,44*65
$GIGSV,1,1,02,09,27,283,32,10,54,164,44*65
$GIGSV,1,1,02,09,27,283,32,10,54,164,44*65
$GIGSV,1,1,02,09,27,283,32,10,54,164,44*65
$GIGSV,1,1,02,09,27,283,32,10,54,164,44*65
$GIGSV,1,1,02,09,27,283,32,10,54,164,44*65
$GIGSV,1,1,02,09,27,283,32,10,54,164,44*65
$GIGSV,1,1,02,09,27,283,32,10,54,164,44*65
$GIGSV,1,1,02,09,27,283,32,10,54,164,44*65
$GIGSV,1,1,02,09,27,283,32,10,54,164,44*65
$GIGSV,1,1,02,09,27,283,32,10,54,164,44*65
$GIGSV,1,1,02,09,27,283,31,10,54,164,44*66
$GIGSV,1,1,02,09,27,283,31,10,54,164,44*66
$GIGSV,1,1,02,09,27,283,31,10,54,164,44*66
$GIGSV,1,1,02,09,27,283,31,10,54,164,44*66
$GIGSV,1,1,02,09,27,283,31,10,54,164,44*66
$GIGSV,1,1,02,09,27,283,31,10,54,164,44*66
$GIGSV,1,1,02,09,27,283,31,10,54,164,44*66
$GIGSV,1,1,02,09,27,283,31,10,54,164,44*66
$GIGSV,1,1,02,09,27,283,31,10,54,164,44*66
$GIGSV,1,1,02,09,27,283,31,10,54,164,44*66
$GIGSV,1,1,02,09,27,283,31,10,54,164,44*66
$GIGSV,1,1,02,09,27,283,31,10,54,164,44*66
$GIGSV,1,1,02,09,27,283,31,10,54,164,44*66
$GIGSV,1,1,02,09,27,283,31,10,54,164,44*66
$GIGSV,1,1,02,09,27,283,31,10,54,164,44*66
$GIGSV,1,1,02,09,27,283,31,10,54,164,44*66
$GIGSV,1,1,02,09,27,283,31,10,54,164,44*66
$GIGSV,1,1,02,09,27,283,31,10,54,164,44*66
$GIGSV,1,1,02,09,27,283,31,10,54,164,44*66
$GIGSV,1,1,02,09,27,283,31,10,54,164,44*66
$GIGSV,1,1,02,09,27,283,31,10,54,164,44*66
$GIGSV,1,1,02,09,27,283,31,10,54,164,44*66
$GIGSV,1,1,02,09,27,283,31,10,54,164,44*66
$GIGSV,1,1,02,09,27,283,31,10,54,164,44*66
$GIGSV,1,1,02,09,27,283,31,10,54,164,44*66
$GIGSV,1,1,02,09,27,283,31,10,54,164,44*66
$GIGSV,1,1,02,09,27,283,31,10,54,164,44*66
$GIGSV,1,1,02,09,27,283,31,10,54,164,44*66
$GIGSV,1,1,02,09,27,283,31,10,54,164,44*66
$GIGSV,1,1,02,09,27,283,31,10,54,164,44*66
$GIGSV,1,1,02,09,27,283,31,10,54,164,44*66
$GIGSV,1,1,02,09,27,283,31,10,54,164,44*66
$GIGSV,1,1,02,09,27,283,31,10,54,164,44*66
$GIGSV,1,1,02,09,27,283,31,10,54,164,44*66
$GIGSV,1,1,02,09,27,283,31,10,54,164,44*66
$GIGSV,1,1,02,09,27,283,31,10,54,164,44*66
$GIGSV,1,1,02,09,27,283,31,10,54,164,44*66
$GIGSV,1,1,02,09,27,283,31,10,54,164,44*66
$GIGSV,1,1,02,09,27,283,31,10,54,164,44*66
$GIGSV,1,1,02,09,27,283,31,10,54,164,44*66
$GIGSV,1,1,02,09,27,283,31,10,54,164,44*66
$GIGSV,1,1,02,09,27,283,31,10,54,164,44*66
$GIGSV,1,1,02,09,27,283,31,10,54,164,44*66
$GIGSV,1,1,02,09,27,283,30,10,54,164,44*67
$GIGSV,1,1,02,09,27,283,30,10,54,164,44*67
$GIGSV,1,1,02,09,27,283,30,10,54,164,44*67
$GIGSV,1,1,02,09,27,283,30,10,54,164,44*67
$GIGSV,1,1,02,09,27,283,30,10,54,164,44*67
$GIGSV,1,1,02,09,27,283,30,10,54,164,44*67
$GIGSV,1,1,02,09,27,283,30,10,54,164,44*67
$GIGSV,1,1,02,09,27,283,30,10,54,164,44*67
$GIGSV,1,1,02,09,27,283,30,10,54,164,44*67
$GIGSV,1,1,02,09,27,283,30,10,54,164,44*67
$GIGSV,1,1,02,09,27,283,30,10,54,164,44*67
$GIGSV,1,1,02,09,27,283,30,10,54,164,44*67
$GIGSV,1,1,02,09,27,283,30,10,54,164,44*67
$GIGSV,1,1,02,09,27,283,30,10,54,164,44*67
$GIGSV,1,1,02,09,27,283,30,10,54,164,44*67
$GIGSV,1,1,02,09,27,283,30,10,54,164,44*67
$GIGSV,1,1,02,09,27,283,30,10,54,164,44*67
$GIGSV,1,1,02,09,27,283,30,10,54,164,44*67
$GIGSV,1,1,02,09,27,283,30,10,54,164,44*67
$GIGSV,1,1,02,09,27,283,30,10,54,164,44*67
$GIGSV,1,1,02,09,27,283,30,10,54,164,44*67
$GIGSV,1,1,02,09,27,283,30,10,54,164,44*67
$GIGSV,1,1,02,09,27,283,30,10,54,164,44*67
$GIGSV,1,1,02,09,27,283,30,10,54,164,44*67
$GIGSV,1,1,02,09,27,283,30,10,54,164,44*67
$GIGSV,1,1,02,09,27,283,30,10,54,164,44*67
$GIGSV,1,1,02,09,27,283,30,10,54,164,44*67
$GIGSV,1,1,02,09,27,283,30,10,54,164,44*67
$GIGSV,1,1,02,09,27,283,30,10,54,164,44*67
$GIGSV,1,1,02,09,27,283,30,10,54,164,44*67
$GIGSV,1,1,02,09,27,283,30,10,54,164,44*67
$GIGSV,1,1,02,09,27,283,30,10,54,164,44*67
$GIGSV,1,1,02,09,27,283,30,10,54,164,44*67
$GIGSV,1,1,02,09,27,283,30,10,54,164,44*67
$GIGSV,1,1,02,09,27,283,30,10,54,164,44*67
$GIGSV,1,1,02,09,27,283,30,10,54,164,44*67
$GIGSV,1,1,02,09,27,283,30,10,54,164,44*67
$GIGSV,1,1,02,09,27,283,30,10,54,164,44*67
$GIGSV,1,1,02,09,27,283,30,10,54,164,44*67
$GIGSV,1,1,02,09,27,283,30,10,54,164,44*67
$GIGSV,1,1,02,09,27,283,30,10,54,164,44*67
$GIGSV,1,1,02,09,27,283,30,10,54,164,44*67
$GIGSV,1,1,02,09,27,283,30,10,54,164,44*67
$GIGSV,1,1,02,09,27,283,30,10,54,164,44*67
$GIGSV,1,1,02,09,27,283,30,10,54,164,44*67
$GIGSV,1,1,02,09,27,283,30,10,54,164,44*67
$GIGSV,1,1,02,09,27,283,30,10,54,164,44*67
$GIGSV,1,1,02,09,27,283,29,10,54,164,44*6F
$GIGSV,1,1,02,09,27,283,29,10,54,164,44*6F
$GIGSV,1,1,02,09,27,283,29,10,54,164,44*6F
$GIGSV,1,1,02,09,27,283,29,10,54,164,44*6F
$GIGSV,1,1,02,09,27,283,29,10,54,164,44*6F
$GIGSV,1,1,02,09,27,283,29,10,54,164,44*6F
$GIGSV,1,1,02,09,27,283,29,10,54,164,44*6F
$GIGSV,1,1,02,09,27,283,29,10,54,164,44*6F
$GIGSV,1,1,02,09,27,283,29,10,54,164,44*6F
$GIGSV,1,1,02,09,27,283,29,10,54,164,44*6F
$GIGSV,1,1,02,09,27,283,29,10,54,164,44*6F
$GIGSV,1,1,02,09,27,283,29,10,54,164,44*6F
$GIGSV,1,1,02,09,27,283,29,10,54,164,44*6F
$GIGSV,1,1,02,09,27,283,28,10,54,164,44*6E
$GIGSV,1,1,02,09,27,283,28,10,54,164,44*6E
$GIGSV,1,1,02,09,27,283,30,10,54,164,44*67
$GIGSV,1,1,02,09,27,283,30,10,54,164,44*67
$GIGSV,1,1,02,09,27,283,30,10,54,164,44*67
$GIGSV,1,1,02,09,27,283,31,10,54,164,44*66
$GIGSV,1,1,02,09,27,283,31,10,54,164,44*66
$GIGSV,1,1,02,09,27,283,32,10,54,164,44*65
$GIGSV,1,1,02,09,27,283,33,10,54,164,44*64
$GIGSV,1,1,02,09,27,283,33,10,54,164,44*64
$GIGSV,1,1,02,09,27,283,33,10,54,164,44*64
$GIGSV,1,1,02,09,27,283,33,10,54,164,44*64
$GIGSV,1,1,02,09,27,283,33,10,54,164,44*64
$GIGSV,1,1,02,09,27,283,33,10,54,164,44*64
$GIGSV,1,1,02,09,27,283,33,10,54,164,44*64
$GIGSV,1,1,02,09,27,283,33,10,54,164,44*64
$GIGSV,1,1,02,09,27,283,33,10,54,164,44*64
$GIGSV,1,1,02,09,27,283,33,10,54,164,44*64
$GIGSV,1,1,02,09,27,283,31,10,54,164,44*66
$GIGSV,1,1,02,09,27,283,31,10,54,164,44*66
$GIGSV,1,1,02,09,27,283,30,10,54,164,44*67
$GIGSV,1,1,02,09,27,283,31,10,54,164,44*66
$GIGSV,1,1,02,09,27,283,31,10,54,164,44*66
$GIGSV,1,1,02,09,27,283,32,10,54,164,44*65
$GIGSV,1,1,02,09,27,283,32,10,54,164,44*65
$GIGSV,1,1,02,09,27,283,33,10,54,164,44*64
$GIGSV,1,1,02,09,27,283,33,10,54,164,44*64
$GIGSV,1,1,02,09,27,283,33,10,54,164,44*64
$GIGSV,1,1,02,09,27,283,34,10,54,164,44*63
$GIGSV,1,1,02,09,27,283,34,10,54,164,44*63
$GIGSV,1,1,02,09,27,283,34,10,54,164,44*63
$GIGSV,1,1,02,09,27,283,34,10,54,164,44*63
$GIGSV,1,1,02,09,27,283,34,10,54,164,44*63
$GIGSV,1,1,02,09,27,283,34,10,54,164,44*63
$GIGSV,1,1,02,09,27,283,34,10,54,164,44*63
$GIGSV,1,1,02,09,27,283,34,10,54,164,44*63
$GIGSV,1,1,02,09,27,283,34,10,54,164,44*63
$GIGSV,1,1,02,09,27,283,34,10,54,164,44*63
$GIGSV,1,1,02,09,27,283,34,10,54,164,44*63
$GIGSV,1,1,02,09,27,283,34,10,54,164,44*63
$GIGSV,1,1,02,09,27,283,34,10,54,164,44*63
$GIGSV,1,1,02,09,27,283,34,10,54,164,44*63
$GIGSV,1,1,02,09,27,283,35,10,54,164,44*62
$GIGSV,1,1,02,09,27,283,35,10,54,164,44*62
$GIGSV,1,1,02,09,27,283,35,10,54,164,44*62
$GIGSV,1,1,02,09,27,283,35,10,54,164,44*62
$GIGSV,1,1,02,09,27,283,35,10,54,164,43*65
$GIGSV,1,1,02,09,27,283,35,10,54,164,43*65
$GIGSV,1,1,02,09,27,283,35,10,54,164,43*65
$GIGSV,1,1,02,09,27,283,35,10,54,164,43*65
$GIGSV,1,1,02,09,27,283,35,10,54,164,43*65
$GIGSV,1,1,02,09,27,283,35,10,54,164,43*65
$GIGSV,1,1,02,09,27,283,35,10,54,164,43*65
$GIGSV,1,1,02,09,27,283,35,10,54,164,43*65
$GIGSV,1,1,02,09,27,283,35,10,54,164,43*65
$GIGSV,1,1,02,09,27,283,35,10,54,164,43*65
$GIGSV,1,1,02,09,27,283,35,10,54,164,43*65
$GIGSV,1,1,02,09,27,283,35,10,54,164,43*65
$GIGSV,1,1,02,09,27,283,35,10,54,164,43*65
$GIGSV,1,1,02,09,27,283,35,10,54,164,43*65
$GIGSV,1,1,02,09,27,283,35,10,54,164,43*65
$GIGSV,1,1,02,09,27,283,35,10,54,164,43*65
$GIGSV,1,1,02,09,27,283,35,10,54,164,43*65
$GIGSV,1,1,02,09,27,283,35,10,54,164,43*65
$GIGSV,1,1,02,09,27,283,35,10,54,164,43*65
$GIGSV,1,1,02,09,27,283,35,10,54,164,43*65
$GIGSV,1,1,02,09,27,283,35,10,54,164,43*65
$GIGSV,1,1,02,09,27,283,35,10,54,164,43*65
$GIGSV,1,1,02,09,27,283,35,10,54,164,43*65
$GIGSV,1,1,02,09,27,283,35,10,54,164,43*65
$GIGSV,1,1,02,09,27,283,35,10,54,164,43*65
$GIGSV,1,1,02,09,27,283,35,10,54,164,43*65
$GIGSV,1,1,02,09,27,283,35,10,54,164,43*65
$GIGSV,1,1,02,09,27,283,35,10,54,164,43*65
$GIGSV,1,1,02,09,27,283,35,10,54,164,43*65
$GIGSV,1,1,02,09,27,283,35,10,54,164,43*65
$GIGSV,1,1,02,09,27,283,35,10,54,164,43*65
$GIGSV,1,1,02,09,27,283,35,10,54,164,43*65
$GIGSV,1,1,02,09,27,283,35,10,54,164,43*65
$GIGSV,1,1,02,09,27,283,35,10,54,164,43*65
$GIGSV,1,1,02,09,27,283,35,10,54,164,43*65
$GIGSV,1,1,02,09,27,283,35,10,54,164,43*65
$GIGSV,1,1,02,09,27,283,35,10,54,164,43*65
$GIGSV,1,1,02,09,27,283,35,10,54,164,43*65
$GIGSV,1,1,02,09,27,283,35,10,54,164,43*65
$GIGSV,1,1,02,09,27,283,35,10,54,164,43*65
$GIGSV,1,1,02,09,27,283,35,10,54,164,43*65
$GIGSV,1,1,02,09,27,283,35,10,54,164,43*65
$GIGSV,1,1,02,09,27,283,35,10,54,164,43*65
$GIGSV,1,1,02,09,27,283,35,10,54,164,43*65
$GIGSV,1,1,02,09,27,283,35,10,54,164,43*65
$GIGSV,1,1,02,09,27,283,35,10,54,164,43*65
$GIGSV,1,1,02,09,27,283,35,10,54,164,43*65
$GIGSV,1,1,02,09,27,283,35,10,54,164,43*65
$GIGSV,1,1,02,09,27,283,35,10,54,164,43*65
$GIGSV,1,1,02,09,27,283,35,10,54,164,43*65
$GIGSV,1,1,02,09,27,283,35,10,54,164,42*64
$GIGSV,1,1,02,09,27,283,35,10,54,164,42*64
$GIGSV,1,1,02,09,27,283,35,10,54,164,42*64
$GIGSV,1,1,02,09,27,283,35,10,54,164,42*64
$GIGSV,1,1,02,09,27,283,35,10,54,164,42*64
$GIGSV,1,1,02,09,27,283,35,10,54,164,42*64
$GIGSV,1,1,02,09,27,283,35,10,54,164,42*64
$GIGSV,1,1,02,09,27,283,35,10,54,164,42*64
$GIGSV,1,1,02,09,27,283,35,10,54,164,42*64
$GIGSV,1,1,02,09,27,283,35,10,54,164,42*64
$GIGSV,1,1,02,09,27,283,35,10,54,164,42*64
$GIGSV,1,1,02,09,27,283,35,10,54,164,42*64
$GIGSV,1,1,02,09,27,283,35,10,54,164,42*64
$GIGSV,1,1,02,09,27,283,35,10,54,164,42*64
$GIGSV,1,1,02,09,27,283,35,10,54,164,42*64
$GIGSV,1,1,02,09,27,283,35,10,54,164,42*64
$GIGSV,1,1,02,09,27,283,35,10,54,164,42*64
$GIGSV,1,1,02,09,27,283,35,10,54,164,42*64
$GIGSV,1,1,02,09,27,283,36,10,54,164,42*67
$GIGSV,1,1,02,09,27,283,36,10,54,164,42*67
$GIGSV,1,1,02,09,27,283,36,10,54,164,42*67
$GIGSV,1,1,02,09,27,283,36,10,54,164,42*67
$GIGSV,1,1,02,09,27,283,36,10,54,164,42*67
$GIGSV,1,1,02,09,27,283,36,10,54,164,42*67
$GIGSV,1,1,02,09,27,283,36,10,54,164,42*67
$GIGSV,1,1,02,09,27,283,36,10,54,164,42*67
$GIGSV,1,1,02,09,27,283,36,10,54,164,42*67
$GIGSV,1,1,02,09,27,283,36,10,54,164,42*67
$GIGSV,1,1,02,09,27,283,36,10,54,164,42*67
$GIGSV,1,1,02,09,27,283,36,10,54,164,42*67
$GIGSV,1,1,02,09,27,283,36,10,54,164,42*67
$GIGSV,1,1,02,09,27,283,36,10,54,164,42*67
$GIGSV,1,1,02,09,27,283,36,10,54,164,42*67
$GIGSV,1,1,02,09,27,283,36,10,54,164,42*67
$GIGSV,1,1,02,09,27,283,36,10,54,164,42*67
$GIGSV,1,1,02,09,27,283,36,10,54,164,42*67
$GIGSV,1,1,02,09,27,283,36,10,54,164,42*67
$GIGSV,1,1,02,09,27,283,36,10,54,164,42*67
$GIGSV,1,1,02,09,27,283,36,10,54,164,42*67
$GIGSV,1,1,02,09,27,283,36,10,54,164,42*67
$GIGSV,1,1,02,09,27,283,36,10,54,164,42*67
$GIGSV,1,1,02,09,27,283,36,10,54,164,42*67
$GIGSV,1,1,02,09,27,283,36,10,54,164,42*67
$GIGSV,1,1,02,09,27,283,36,10,54,164,42*67
$GIGSV,1,1,02,09,27,283,36,10,54,164,42*67
$GIGSV,1,1,02,09,27,283,36,10,54,164,42*67
$GIGSV,1,1,02,09,27,283,36,10,54,164,42*67
$GIGSV,1,1,02,09,27,283,36,10,54,164,42*67
$GIGSV,1,1,02,09,27,283,36,10,54,164,42*67
$GIGSV,1,1,02,09,27,283,36,10,54,164,42*67
$GIGSV,1,1,02,09,27,283,36,10,54,164,42*67
$GIGSV,1,1,02,09,27,283,36,10,54,164,42*67
$GIGSV,1,1,02,09,27,283,36,10,54,164,42*67
$GIGSV,1,1,02,09,27,283,36,10,54,164,42*67
$GIGSV,1,1,02,09,27,283,36,10,54,164,42*67
$GIGSV,1,1,02,09,27,283,36,10,54,164,42*67
$GIGSV,1,1,02,09,27,283,36,10,54,164,42*67
$GIGSV,1,1,02,09,27,283,36,10,54,164,42*67
$GIGSV,1,1,02,09,27,283,36,10,54,164,42*67
$GIGSV,1,1,02,09,27,283,36,10,54,164,42*67
$GIGSV,1,1,02,09,27,283,36,10,54,164,42*67
$GIGSV,1,1,02,09,27,283,36,10,54,164,42*67
$GIGSV,1,1,02,09,27,283,36,10,54,164,42*67
$GIGSV,1,1,02,09,27,283,36,10,54,164,42*67
$GIGSV,1,1,02,09,27,283,36,10,54,164,42*67
$GIGSV,1,1,02,09,27,283,36,10,54,164,42*67
$GIGSV,1,1,02,09,27,283,36,10,54,164,42*67
$GIGSV,1,1,02,09,27,283,36,10,54,164,42*67
$GIGSV,1,1,02,09,27,283,36,10,54,164,42*67
$GIGSV,1,1,02,09,27,283,36,10,54,164,42*67
$GIGSV,1,1,02,09,27,283,36,10,54,164,42*67
$GIGSV,1,1,02,09,27,283,36,10,54,164,42*67
$GIGSV,1,1,02,09,27,283,36,10,54,164,42*67
$GIGSV,1,1,02,09,27,283,36,10,54,164,42*67
$GIGSV,1,1,02,09,27,283,35,10,54,164,42*64
$GIGSV,1,1,02,09,27,283,35,10,54,164,42*64
$GIGSV,1,1,02,09,27,283,35,10,54,164,42*64
$GIGSV,1,1,02,09,27,283,35,10,54,164,42*64
$GIGSV,1,1,02,09,27,283,35,10,54,164,42*64
$GIGSV,1,1,02,09,27,283,36,10,54,164,42*67
$GIGSV,1,1,02,09,27,283,36,10,54,164,42*67
$GIGSV,1,1,02,09,27,283,35,10,54,164,42*64
$GIGSV,1,1,02,09,27,283,35,10,54,164,42*64
$GIGSV,1,1,02,09,27,283,35,10,54,164,42*64
$GIGSV,1,1,02,09,27,283,35,10,54,164,42*64
$GIGSV,1,1,02,09,27,283,35,10,54,164,42*64
$GIGSV,1,1,02,09,27,283,35,10,54,164,42*64
$GIGSV,1,1,02,09,27,283,35,10,54,164,42*64
$GIGSV,1,1,02,09,27,283,35,10,54,164,42*64
$GIGSV,1,1,02,09,27,283,35,10,54,164,42*64
$GIGSV,1,1,02,09,27,283,35,10,54,164,42*64
$GIGSV,1,1,02,09,27,283,35,10,54,164,42*64
$GIGSV,1,1,02,09,27,283,35,10,54,164,42*64
$GIGSV,1,1,02,09,27,283,35,10,54,164,42*64
$GIGSV,1,1,02,09,27,283,35,10,54,164,42*64
$GIGSV,1,1,02,09,27,283,35,10,54,164,42*64
$GIGSV,1,1,02,09,27,283,35,10,54,164,42*64
$GIGSV,1,1,02,09,27,283,36,10,54,164,42*67
$GIGSV,1,1,02,09,27,283,36,10,54,164,42*67
$GIGSV,1,1,02,09,27,283,36,10,54,164,42*67
$GIGSV,1,1,02,09,27,283,36,10,54,164,42*67
$GIGSV,1,1,02,09,27,283,36,10,54,164,42*67
$GIGSV,1,1,02,09,27,283,36,10,54,164,42*67
$GIGSV,1,1,02,09,27,283,36,10,54,164,42*67
$GIGSV,1,1,02,09,27,283,36,10,54,164,42*67
$GIGSV,1,1,02,09,27,283,36,10,54,164,42*67
$GIGSV,1,1,02,09,27,283,36,10,54,164,42*67
$GIGSV,1,1,02,09,27,283,36,10,54,164,42*67
$GIGSV,1,1,02,09,27,283,36,10,54,164,42*67
$GIGSV,1,1,02,09,27,283,36,10,54,164,42*67
$GIGSV,1,1,02,09,27,283,36,10,54,164,42*67
$GIGSV,1,1,02,09,27,283,36,10,54,164,42*67
$GIGSV,1,1,02,09,27,283,36,10,54,164,42*67
$GIGSV,1,1,02,09,27,283,36,10,54,164,42*67
$GIGSV,1,1,02,09,27,283,36,10,54,164,42*67
$GIGSV,1,1,02,09,27,283,36,10,54,164,42*67
$GIGSV,1,1,02,09,27,283,35,10,54,164,42*64
$GIGSV,1,1,02,09,27,283,35,10,54,164,42*64
$GIGSV,1,1,02,09,27,283,35,10,54,164,42*64
$GIGSV,1,1,02,09,27,283,35,10,54,164,42*64
$GIGSV,1,1,02,09,27,283,35,10,54,164,42*64
$GIGSV,1,1,02,09,27,283,35,10,54,164,42*64
$GIGSV,1,1,02,09,27,283,35,10,54,164,42*64
$GIGSV,1,1,02,09,27,283,35,10,54,164,42*64
$GIGSV,1,1,02,09,27,283,35,10,54,164,42*64
$GIGSV,1,1,02,09,27,283,35,10,54,164,42*64
$GIGSV,1,1,02,09,27,283,35,10,54,164,42*64
$GIGSV,1,1,02,09,27,283,35,10,54,164,42*64
$GIGSV,1,1,02,09,27,283,35,10,54,164,42*64
$GIGSV,1,1,02,09,27,283,35,10,54,164,42*64
$GIGSV,1,1,02,09,27,283,35,10,54,164,42*64
$GIGSV,1,1,02,09,27,283,35,10,54,164,42*64
$GIGSV,1,1,02,09,27,283,35,10,54,164,42*64
$GIGSV,1,1,02,09,27,283,35,10,54,164,42*64
$GIGSV,1,1,02,09,27,283,35,10,54,164,42*64
$GIGSV,1,1,02,09,27,283,35,10,54,164,42*64
$GIGSV,1,1,02,09,27,283,35,10,54,164,42*64
$GIGSV,1,1,02,09,27,283,35,10,54,164,42*64
$GIGSV,1,1,02,09,27,283,35,10,54,164,42*64
$GIGSV,1,1,02,09,27,283,35,10,54,164,42*64
$GIGSV,1,1,02,09,27,283,35,10,54,164,42*64
$GIGSV,1,1,02,09,27,283,35,10,54,164,42*64
$GIGSV,1,1,02,09,27,283,35,10,54,164,42*64
$GIGSV,1,1,02,09,27,283,35,10,54,164,42*64
$GIGSV,1,1,02,09,27,283,35,10,54,164,42*64
$GIGSV,1,1,02,09,27,283,35,10,54,164,42*64
$GIGSV,1,1,02,09,27,283,35,10,54,164,42*64
$GIGSV,1,1,02,09,27,283,35,10,54,164,42*64
$GIGSV,1,1,02,09,27,283,35,10,54,164,42*64
$GIGSV,1,1,02,09,27,283,35,10,54,164,42*64
$GIGSV,1,1,02,09,27,283,35,10,54,164,42*64
$GIGSV,1,1,02,09,27,283,35,10,54,164,42*64
$GIGSV,1,1,02,09,27,283,35,10,54,164,42*64
$GIGSV,1,1,02,09,27,283,35,10,54,164,42*64
$GIGSV,1,1,02,09,27,283,35,10,54,164,42*64
$GIGSV,1,1,02,09,27,283,35,10,54,164,42*64
$GIGSV,1,1,02,09,27,283,35,10,54,164,42*64
$GIGSV,1,1,02,09,27,283,35,10,54,164,42*64
$GIGSV,1,1,02,09,27,283,35,10,54,164,42*64
$GIGSV,1,1,02,09,27,283,35,10,54,164,42*64
$GIGSV,1,1,02,09,27,283,35,10,54,164,42*64
$GIGSV,1,1,02,09,27,283,35,10,54,164,42*64
$GIGSV,1,1,02,09,27,283,35,10,54,164,42*64
$GIGSV,1,1,02,09,27,283,35,10,54,164,42*64
$GIGSV,1,1,02,09,27,283,35,10,54,164,42*64
$GIGSV,1,1,02,09,27,283,35,10,54,164,42*64
$GIGSV,1,1,02,09,27,283,35,10,54,164,42*64
$GIGSV,1,1,02,09,27,283,35,10,54,164,42*64
$GIGSV,1,1,02,09,27,283,35,10,54,164,42*64
$GIGSV,1,1,02,09,27,283,35,10,54,164,42*64
$GIGSV,1,1,02,09,27,283,35,10,54,164,42*64
$GIGSV,1,1,02,09,27,283,35,10,54,164,42*64
$GIGSV,1,1,02,09,27,283,35,10,54,164,42*64
$GIGSV,1,1,02,09,27,283,35,10,54,164,42*64
$GIGSV,1,1,02,09,27,283,35,10,54,164,42*64
$GIGSV,1,1,02,09,27,283,35,10,54,164,42*64
$GIGSV,1,1,02,09,27,283,35,10,54,164,42*64
$GIGSV,1,1,02,09,27,283,35,10,54,164,42*64
$GIGSV,1,1,02,09,27,283,35,10,54,164,42*64
$GIGSV,1,1,02,09,27,283,35,10,54,164,42*64
$GIGSV,1,1,02,09,27,283,35,10,54,164,42*64
$GIGSV,1,1,02,09,27,283,35,10,54,164,42*64
$GIGSV,1,1,02,09,27,283,35,10,54,164,42*64
$GIGSV,1,1,02,09,27,283,35,10,54,164,42*64
$GIGSV,1,1,02,09,27,283,35,10,54,164,42*64
$GIGSV,1,1,02,09,27,283,35,10,54,164,42*64
$GIGSV,1,1,02,09,27,283,35,10,54,164,42*64
$GIGSV,1,1,02,09,27,283,35,10,54,164,42*64
$GIGSV,1,1,02,09,27,283,35,10,54,164,42*64
$GIGSV,1,1,02,09,27,283,35,10,54,164,42*64
$GIGSV,1,1,02,09,27,283,35,10,54,164,42*64
$GIGSV,1,1,02,09,27,283,35,10,54,164,42*64
$GIGSV,1,1,02,09,27,283,35,10,54,164,42*64
$GIGSV,1,1,02,09,27,283,35,10,54,164,42*64
$GIGSV,1,1,02,09,27,283,35,10,54,164,42*64
$GIGSV,1,1,02,09,27,283,35,10,54,164,42*64
$GIGSV,1,1,02,09,27,283,35,10,54,164,42*64
$GIGSV,1,1,02,09,27,283,35,10,54,164,42*64
$GIGSV,1,1,02,09,27,283,35,10,54,164,42*64
$GIGSV,1,1,02,09,27,283,35,10,54,164,42*64
$GIGSV,1,1,02,09,27,283,35,10,54,164,42*64
$GIGSV,1,1,02,09,27,283,35,10,54,164,42*64
$GIGSV,1,1,02,09,27,283,35,10,54,164,42*64
$GIGSV,1,1,02,09,27,283,35,10,54,164,42*64
$GIGSV,1,1,02,09,27,283,35,10,54,164,42*64
$GIGSV,1,1,02,09,27,283,35,10,54,164,42*64
$GIGSV,1,1,02,09,27,283,35,10,54,164,42*64
$GIGSV,1,1,02,09,27,283,35,10,54,164,42*64
$GIGSV,1,1,02,09,27,283,35,10,54,164,42*64
$GIGSV,1,1,02,09,27,283,35,10,54,164,42*64
$GIGSV,1,1,02,09,27,283,35,10,54,164,42*64
$GIGSV,1,1,02,09,27,283,35,10,54,164,42*64
$GIGSV,1,1,02,09,27,283,35,10,54,164,42*64
$GIGSV,1,1,02,09,27,283,35,10,54,164,42*64
$GIGSV,1,1,02,09,27,283,35,10,54,164,42*64
$GIGSV,1,1,02,09,27,283,35,10,54,164,42*64
$GIGSV,1,1,02,09,27,283,35,10,54,164,42*64
$GIGSV,1,1,02,09,27,283,35,10,54,164,42*64
$GIGSV,1,1,02,09,27,283,35,10,54,164,42*64
$GIGSV,1,1,02,09,27,283,35,10,54,164,42*64
$GIGSV,1,1,02,09,27,283,35,10,54,164,42*64
$GIGSV,1,1,02,09,27,283,35,10,54,164,42*64
$GIGSV,1,1,02,09,27,283,35,10,54,164,42*64
$GIGSV,1,1,02,09,27,283,35,10,54,164,42*64
$GIGSV,1,1,02,09,27,283,35,10,54,164,42*64
$GIGSV,1,1,02,09,27,283,35,10,54,164,42*64
$GIGSV,1,1,02,09,27,283,35,10,54,164,42*64
$GIGSV,1,1,02,09,27,283,35,10,54,164,42*64
$GIGSV,1,1,02,09,27,283,35,10,54,164,42*64
$GIGSV,1,1,02,09,27,283,35,10,54,164,42*64
$GIGSV,1,1,02,09,27,283,35,10,54,164,42*64
$GIGSV,1,1,02,09,27,283,35,10,54,164,42*64
$GIGSV,1,1,02,09,27,283,35,10,54,164,42*64
$GIGSV,1,1,02,09,27,283,35,10,54,164,42*64
$GIGSV,1,1,02,09,27,283,34,10,54,164,42*65
$GIGSV,1,1,02,09,27,283,34,10,54,164,42*65
$GIGSV,1,1,02,09,27,283,34,10,54,164,42*65
$GIGSV,1,1,02,09,27,283,34,10,54,164,42*65
$GIGSV,1,1,02,09,27,283,34,10,54,164,42*65
$GIGSV,1,1,02,09,27,283,34,10,54,164,42*65
$GIGSV,1,1,02,09,27,283,34,10,54,164,42*65
$GIGSV,1,1,02,09,27,283,34,10,54,164,42*65
$GIGSV,1,1,02,09,27,283,34,10,54,164,42*65
$GIGSV,1,1,02,09,27,283,34,10,54,164,42*65
$GIGSV,1,1,02,09,27,283,34,10,54,164,42*65
$GIGSV,1,1,02,09,27,283,34,10,54,164,42*65
$GIGSV,1,1,02,09,27,283,34,10,54,164,42*65
$GIGSV,1,1,02,09,27,283,34,10,54,164,42*65
$GIGSV,1,1,02,09,27,283,34,10,54,164,42*65
$GIGSV,1,1,02,09,27,283,34,10,54,164,42*65
$GIGSV,1,1,02,09,27,283,34,10,54,164,42*65
$GIGSV,1,1,02,09,27,283,34,10,54,164,42*65
$GIGSV,1,1,02,09,27,283,34,10,54,164,42*65
$GIGSV,1,1,02,09,27,283,34,10,54,164,42*65
$GIGSV,1,1,02,09,27,283,34,10,54,164,42*65
$GIGSV,1,1,02,09,27,283,34,10,54,164,42*65
$GIGSV,1,1,02,09,27,283,34,10,54,164,42*65
$GIGSV,1,1,02,09,27,283,34,10,54,164,42*65
$GIGSV,1,1,02,09,27,283,34,10,54,164,42*65
$GIGSV,1,1,02,09,27,283,34,10,54,164,42*65
$GIGSV,1,1,02,09,27,283,34,10,54,164,42*65
$GIGSV,1,1,02,09,27,283,34,10,54,164,42*65
$GIGSV,1,1,02,09,27,283,34,10,54,164,42*65
$GIGSV,1,1,02,09,27,283,34,10,54,164,42*65
$GIGSV,1,1,02,09,27,283,34,10,54,164,42*65
$GIGSV,1,1,02,09,27,283,34,10,54,164,42*65
$GIGSV,1,1,02,09,27,283,34,10,54,164,42*65
$GIGSV,1,1,02,09,27,283,34,10,54,164,42*65
$GIGSV,1,1,02,09,27,283,34,10,54,164,42*65
$GIGSV,1,1,02,09,27,283,34,10,54,164,42*65
$GIGSV,1,1,02,09,27,283,34,10,54,164,42*65
$GIGSV,1,1,02,09,27,283,34,10,54,164,42*65
$GIGSV,1,1,02,09,27,283,34,10,54,164,42*65
$GIGSV,1,1,02,09,27,283,34,10,54,164,42*65
$GIGSV,1,1,02,09,27,283,34,10,54,164,42*65
$GIGSV,1,1,02,09,27,283,34,10,54,164,42*65
$GIGSV,1,1,02,09,27,283,34,10,54,164,42*65
$GIGSV,1,1,02,09,27,283,34,10,54,164,42*65
$GIGSV,1,1,02,09,27,283,34,10,54,164,42*65
$GIGSV,1,1,02,09,27,283,34,10,54,164,42*65
$GIGSV,1,1,02,09,27,283,34,10,54,164,42*65
$GIGSV,1,1,02,09,27,283,34,10,54,164,42*65
$GIGSV,1,1,02,09,27,283,34,10,54,164,42*65
$GIGSV,1,1,02,09,27,283,34,10,54,164,42*65
$GIGSV,1,1,02,09,27,283,34,10,54,164,42*65
$GIGSV,1,1,02,09,27,283,34,10,54,164,42*65
$GIGSV,1,1,02,09,27,283,34,10,54,164,42*65
$GIGSV,1,1,02,09,27,283,34,10,54,164,42*65
$GIGSV,1,1,02,09,27,283,34,10,54,164,42*65
$GIGSV,1,1,02,09,27,283,34,10,54,164,42*65
$GIGSV,1,1,02,09,27,283,34,10,54,164,42*65
$GIGSV,1,1,02,09,27,283,34,10,54,164,42*65
$GIGSV,1,1,02,09,27,283,34,10,54,164,42*65
$GIGSV,1,1,02,09,27,283,34,10,54,164,42*65
$GIGSV,1,1,02,09,27,283,34,10,54,164,42*65
$GIGSV,1,1,02,09,27,283,34,10,54,164,42*65
$GIGSV,1,1,02,09,27,283,34,10,54,164,42*65
$GIGSV,1,1,02,09,27,283,34,10,54,164,42*65
$GIGSV,1,1,02,09,27,283,34,10,54,164,42*65
$GIGSV,1,1,02,09,27,283,34,10,54,164,42*65
$GIGSV,1,1,02,09,27,283,34,10,54,164,42*65
$GIGSV,1,1,02,09,27,283,34,10,54,164,42*65
$GIGSV,1,1,02,09,27,283,34,10,54,164,42*65
$GIGSV,1,1,02,09,27,283,34,10,54,164,42*65
$GIGSV,1,1,02,09,27,283,34,10,54,164,42*65
$GIGSV,1,1,02,09,27,283,34,10,54,164,42*65
$GIGSV,1,1,02,09,27,283,34,10,54,164,42*65
$GIGSV,1,1,02,09,27,283,34,10,54,164,42*65
$GIGSV,1,1,02,09,27,283,34,10,54,164,42*65
$GIGSV,1,1,02,09,27,283,34,10,54,164,42*65
$GIGSV,1,1,02,09,27,283,34,10,54,164,42*65
$GIGSV,1,1,02,09,27,283,34,10,54,164,42*65
$GIGSV,1,1,02,09,27,283,34,10,54,164,42*65
$GIGSV,1,1,02,09,27,283,34,10,54,164,42*65
$GIGSV,1,1,02,09,27,283,34,10,54,164,42*65
$GIGSV,1,1,02,09,27,283,34,10,54,164,42*65
$GIGSV,1,1,02,09,27,283,34,10,54,164,42*65
$GIGSV,1,1,02,09,27,283,34,10,54,164,42*65
$GIGSV,1,1,02,09,27,283,34,10,54,164,42*65
$GIGSV,1,1,02,09,27,283,34,10,54,164,42*65
$GIGSV,1,1,02,09,27,283,34,10,54,164,42*65
$GIGSV,1,1,02,09,27,283,33,10,54,164,42*62
$GIGSV,1,1,02,09,27,283,33,10,54,164,42*62
$GIGSV,1,1,02,09,27,283,33,10,54,164,42*62
$GIGSV,1,1,02,09,27,283,33,10,54,164,42*62
$GIGSV,1,1,02,09,27,283,33,10,54,164,42*62
$GIGSV,1,1,02,09,27,283,33,10,54,164,42*62
$GIGSV,1,1,02,09,27,283,33,10,54,164,42*62
$GIGSV,1,1,02,09,27,283,33,10,54,164,42*62
$GIGSV,1,1,02,09,27,283,33,10,54,164,42*62
$GIGSV,1,1,02,09,27,283,33,10,54,164,42*62
$GIGSV,1,1,02,09,27,283,33,10,54,164,42*62
$GIGSV,1,1,02,09,27,283,33,10,54,164,42*62
$GIGSV,1,1,02,09,27,283,33,10,54,164,42*62
$GIGSV,1,1,02,09,27,283,33,10,54,164,42*62
$GIGSV,1,1,02,09,27,283,33,10,54,164,42*62
$GIGSV,1,1,02,09,27,283,33,10,54,164,42*62
$GIGSV,1,1,02,09,27,283,33,10,54,164,42*62
$GIGSV,1,1,02,09,27,283,33,10,54,164,42*62
$GIGSV,1,1,02,09,27,283,33,10,54,164,42*62
$GIGSV,1,1,02,09,27,283,33,10,54,164,42*62
$GIGSV,1,1,02,09,27,283,33,10,54,164,42*62
$GIGSV,1,1,02,09,27,283,33,10,54,164,42*62
$GIGSV,1,1,02,09,27,283,33,10,54,164,42*62
$GIGSV,1,1,02,09,27,283,33,10,54,164,42*62
$GIGSV,1,1,02,09,27,283,33,10,54,164,42*62
$GIGSV,1,1,02,09,27,283,33,10,54,164,42*62
$GIGSV,1,1,02,09,27,283,33,10,54,164,42*62
$GIGSV,1,1,02,09,27,283,33,10,54,164,42*62
$GIGSV,1,1,02,09,27,283,33,10,54,164,42*62
$GIGSV,1,1,02,09,27,283,33,10,54,164,42*62
$GIGSV,1,1,02,09,27,283,33,10,54,164,42*62
$GIGSV,1,1,02,09,27,283,33,10,54,164,42*62
$GIGSV,1,1,02,09,27,283,33,10,54,164,42*62
$GIGSV,1,1,02,09,27,283,33,10,54,164,42*62
$GIGSV,1,1,02,09,27,283,33,10,54,164,42*62
$GIGSV,1,1,02,09,27,283,33,10,54,164,42*62
$GIGSV,1,1,02,09,27,283,33,10,54,164,42*62
$GIGSV,1,1,02,09,27,283,33,10,54,164,42*62
$GIGSV,1,1,02,09,27,283,33,10,54,164,42*62
$GIGSV,1,1,02,09,27,283,33,10,54,164,42*62
$GIGSV,1,1,02,09,27,283,33,10,54,164,42*62
$GIGSV,1,1,02,09,27,283,33,10,54,164,42*62
$GIGSV,1,1,02,09,27,283,33,10,54,164,42*62
$GIGSV,1,1,02,09,27,283,33,10,54,164,42*62
$GIGSV,1,1,02,09,27,283,33,10,54,164,42*62
$GIGSV,1,1,02,09,27,283,33,10,54,164,42*62
$GIGSV,1,1,02,09,27,283,33,10,54,164,42*62
$GIGSV,1,1,02,09,27,283,33,10,54,164,42*62
$GIGSV,1,1,02,09,27,283,33,10,54,164,42*62
$GIGSV,1,1,02,09,27,283,33,10,54,164,42*62
$GIGSV,1,1,02,09,27,283,33,10,54,164,42*62
$GIGSV,1,1,02,09,27,283,33,10,54,164,42*62
$GIGSV,1,1,02,09,27,283,33,10,54,164,42*62
$GIGSV,1,1,02,09,27,283,33,10,54,164,42*62
$GIGSV,1,1,02,09,27,283,32,10,54,164,42*63
$GIGSV,1,1,02,09,27,283,32,10,54,164,42*63
$GIGSV,1,1,02,09,27,283,32,10,54,164,42*63
$GIGSV,1,1,02,09,27,283,32,10,54,164,42*63
$GIGSV,1,1,02,09,27,283,32,10,54,164,42*63
$GIGSV,1,1,02,09,27,283,32,10,54,164,42*63
$GIGSV,1,1,02,09,27,283,32,10,54,164,42*63
$GIGSV,1,1,02,09,27,283,32,10,54,164,42*63
$GIGSV,1,1,02,09,27,283,32,10,54,164,42*63
$GIGSV,1,1,02,09,27,283,32,10,54,164,42*63
$GIGSV,1,1,02,09,27,283,32,10,54,164,42*63
$GIGSV,1,1,02,09,27,283,32,10,54,164,42*63
$GIGSV,1,1,02,09,27,283,32,10,54,164,42*63
$GIGSV,1,1,02,09,27,283,32,10,54,164,42*63
$GIGSV,1,1,02,09,27,283,32,10,54,164,42*63
$GIGSV,1,1,02,09,27,283,32,10,54,164,43*62
$GIGSV,1,1,02,09,27,283,32,10,54,164,43*62
$GIGSV,1,1,02,09,27,283,32,10,54,164,43*62
$GIGSV,1,1,02,09,27,283,32,10,54,164,43*62
$GIGSV,1,1,02,09,27,283,32,10,54,164,43*62
$GIGSV,1,1,02,09,27,283,32,10,54,164,43*62
$GIGSV,1,1,02,09,27,283,32,10,54,164,43*62
$GIGSV,1,1,02,09,27,283,32,10,54,164,43*62
$GIGSV,1,1,02,09,27,283,32,10,54,164,43*62
$GIGSV,1,1,02,09,27,283,32,10,54,164,43*62
$GIGSV,1,1,02,09,27,283,32,10,54,164,43*62
$GIGSV,1,1,02,09,27,283,32,10,54,164,43*62
$GIGSV,1,1,02,09,27,283,32,10,54,164,43*62
$GIGSV,1,1,02,09,27,283,32,10,54,164,43*62
$GIGSV,1,1,02,09,27,283,32,10,54,164,43*62
$GIGSV,1,1,02,09,27,283,32,10,54,164,43*62
$GIGSV,1,1,02,09,27,283,32,10,54,164,43*62
$GIGSV,1,1,02,09,27,283,32,10,54,164,43*62
$GIGSV,1,1,02,09,27,283,32,10,54,164,43*62
$GIGSV,1,1,02,09,27,283,32,10,54,164,43*62
$GIGSV,1,1,02,09,27,283,32,10,54,164,43*62
$GIGSV,1,1,02,09,27,283,32,10,54,164,43*62
$GIGSV,1,1,02,09,27,283,32,10,54,164,43*62
$GIGSV,1,1,02,09,27,283,32,10,54,164,43*62
$GIGSV,1,1,02,09,27,283,32,10,54,164,43*62
$GIGSV,1,1,02,09,27,283,32,10,54,164,43*62
$GIGSV,1,1,02,09,27,283,32,10,54,164,43*62
$GIGSV,1,1,02,09,27,283,32,10,54,164,43*62
$GIGSV,1,1,02,09,27,283,32,10,54,164,43*62
$GIGSV,1,1,02,09,27,283,32,10,54,164,43*62
$GIGSV,1,1,02,09,27,283,32,10,54,164,43*62
$GIGSV,1,1,02,09,27,283,32,10,54,164,43*62
$GIGSV,1,1,02,09,27,283,32,10,54,164,43*62
$GIGSV,1,1,02,09,27,283,32,10,54,164,43*62
$GIGSV,1,1,02,09,27,283,32,10,54,164,43*62
$GIGSV,1,1,02,09,27,283,32,10,54,164,43*62
$GIGSV,1,1,02,09,27,283,32,10,54,164,43*62
$GIGSV,1,1,02,09,27,283,32,10,54,164,43*62
$GIGSV,1,1,02,09,27,283,32,10,54,164,43*62
$GIGSV,1,1,02,09,27,283,32,10,54,164,43*62
$GIGSV,1,1,02,09,27,283,32,10,54,164,43*62
$GIGSV,1,1,02,09,27,283,32,10,54,164,43*62
$GIGSV,1,1,02,09,27,283,32,10,54,164,43*62
$GIGSV,1,1,02,09,27,283,32,10,54,164,43*62
$GIGSV,1,1,02,09,27,283,32,10,54,164,43*62
$GIGSV,1,1,02,09,27,283,32,10,54,164,43*62
$GIGSV,1,1,02,09,27,283,32,10,54,164,43*62
$GIGSV,1,1,02,09,27,283,32,10,54,164,43*62
$GIGSV,1,1,02,09,27,283,32,10,54,164,43*62
$GIGSV,1,1,02,09,27,283,32,10,54,164,43*62
$GIGSV,1,1,02,09,27,283,32,10,54,164,43*62
$GIGSV,1,1,02,09,27,283,32,10,54,164,43*62
$GIGSV,1,1,02,09,27,283,33,10,54,164,43*63
$GIGSV,1,1,02,09,27,283,33,10,54,164,43*63
$GIGSV,1,1,02,09,27,283,32,10,54,164,43*62
$GIGSV,1,1,02,09,27,283,32,10,54,164,43*62
$GIGSV,1,1,02,09,27,283,32,10,54,164,43*62
$GIGSV,1,1,02,09,27,283,32,10,54,164,43*62
$GIGSV,1,1,02,09,27,283,32,10,54,164,43*62
$GIGSV,1,1,02,09,27,283,32,10,54,164,43*62
$GIGSV,1,1,02,09,27,283,32,10,54,164,43*62
$GIGSV,1,1,02,09,27,283,32,10,54,164,43*62
$GIGSV,1,1,02,09,27,283,32,10,54,164,43*62
$GIGSV,1,1,02,09,27,283,32,10,54,164,43*62
$GIGSV,1,1,02,09,27,283,32,10,54,164,43*62
$GIGSV,1,1,02,09,27,283,32,10,54,164,43*62
$GIGSV,1,1,02,09,27,283,32,10,54,164,43*62
$GIGSV,1,1,02,09,27,283,33,10,54,164,43*63
$GIGSV,1,1,02,09,27,283,33,10,54,164,43*63
$GIGSV,1,1,02,09,27,283,33,10,54,164,43*63
$GIGSV,1,1,02,09,27,283,33,10,54,164,43*63
$GIGSV,1,1,02,09,27,283,33,10,54,164,43*63
$GIGSV,1,1,02,09,27,283,33,10,54,164,43*63
$GIGSV,1,1,02,09,27,283,33,10,54,164,43*63
$GIGSV,1,1,02,09,27,283,33,10,54,164,43*63
$GIGSV,1,1,02,09,27,283,33,10,54,164,43*63
$GIGSV,1,1,02,09,27,283,33,10,54,164,43*63
$GIGSV,1,1,02,09,27,283,33,10,54,164,43*63
$GIGSV,1,1,02,09,27,283,33,10,54,164,43*63
$GIGSV,1,1,02,09,27,283,33,10,54,164,43*63
$GIGSV,1,1,02,09,27,283,33,10,54,164,43*63
$GIGSV,1,1,02,09,27,283,33,10,54,164,43*63
$GIGSV,1,1,02,09,27,283,33,10,54,164,43*63
$GIGSV,1,1,02,09,27,283,33,10,54,164,43*63
$GIGSV,1,1,02,09,27,283,33,10,54,164,43*63
$GIGSV,1,1,02,09,27,283,33,10,54,164,43*63
$GIGSV,1,1,02,09,27,283,33,10,54,164,43*63
$GIGSV,1,1,02,09,27,283,33,10,54,164,43*63
$GIGSV,1,1,02,09,27,283,33,10,54,164,43*63
$GIGSV,1,1,02,09,27,283,33,10,54,164,43*63
$GIGSV,1,1,02,09,27,283,33,10,54,164,43*63
$GIGSV,1,1,02,09,27,283,33,10,54,164,43*63
$GIGSV,1,1,02,09,27,283,33,10,54,164,43*63
$GIGSV,1,1,02,09,27,283,33,10,54,164,43*63
$GIGSV,1,1,02,09,27,283,33,10,54,164,43*63
$GIGSV,1,1,02,09,27,283,33,10,54,164,43*63
$GIGSV,1,1,02,09,27,283,33,10,54,164,43*63
$GIGSV,1,1,02,09,27,283,33,10,54,164,43*63
$GIGSV,1,1,02,09,27,283,33,10,54,164,43*63
$GIGSV,1,1,02,09,27,283,33,10,54,164,43*63
$GIGSV,1,1,02,09,27,283,33,10,54,164,43*63
$GIGSV,1,1,02,09,27,283,33,10,54,164,43*63
$GIGSV,1,1,02,09,27,283,33,10,54,164,43*63
$GIGSV,1,1,02,09,27,283,33,10,54,164,43*63
$GIGSV,1,1,02,09,27,283,33,10,54,164,43*63
$GIGSV,1,1,02,09,27,283,33,10,54,164,43*63
$GIGSV,1,1,02,09,27,283,33,10,54,164,43*63
$GIGSV,1,1,02,09,27,283,33,10,54,164,43*63
$GIGSV,1,1,02,09,27,283,33,10,54,164,43*63
$GIGSV,1,1,02,09,27,283,33,10,54,164,43*63
$GIGSV,1,1,02,09,27,283,33,10,54,164,43*63
$GIGSV,1,1,02,09,27,283,33,10,54,164,43*63
$GIGSV,1,1,02,09,27,283,33,10,54,164,43*63
$GIGSV,1,1,02,09,27,283,33,10,54,164,43*63
$GIGSV,1,1,02,09,27,283,33,10,54,164,43*63
$GIGSV,1,1,02,09,27,283,33,10,54,164,43*63
$GIGSV,1,1,02,09,27,283,33,10,54,164,43*63
$GIGSV,1,1,02,09,27,283,33,10,54,164,43*63
$GIGSV,1,1,02,09,27,283,33,10,54,164,43*63
$GIGSV,1,1,02,09,27,283,33,10,54,164,43*63
$GIGSV,1,1,02,09,27,283,33,10,54,164,43*63
$GIGSV,1,1,02,09,27,283,33,10,54,164,43*63
$GIGSV,1,1,02,09,27,283,33,10,54,164,43*63
$GIGSV,1,1,02,09,27,283,33,10,54,164,43*63
$GIGSV,1,1,02,09,27,283,33,10,54,164,43*63
$GIGSV,1,1,02,09,27,283,33,10,54,164,43*63
$GIGSV,1,1,02,09,27,283,33,10,54,164,43*63
$GIGSV,1,1,02,09,27,283,33,10,54,164,43*63
$GIGSV,1,1,02,09,27,283,33,10,54,164,43*63
$GIGSV,1,1,02,09,27,283,33,10,54,164,43*63
$GIGSV,1,1,02,09,27,283,33,10,54,164,43*63
$GIGSV,1,1,02,09,27,283,33,10,54,164,43*63
$GIGSV,1,1,02,09,27,283,33,10,54,164,43*63
$GIGSV,1,1,02,09,27,283,33,10,54,164,43*63
$GIGSV,1,1,02,09,27,283,33,10,54,164,43*63
$GIGSV,1,1,02,09,27,283,33,10,54,164,43*63
$GIGSV,1,1,02,09,27,283,33,10,54,164,43*63
$GIGSV,1,1,02,09,27,283,33,10,54,164,43*63
$GIGSV,1,1,02,09,27,283,33,10,54,164,43*63
$GIGSV,1,1,02,09,27,283,33,10,54,164,43*63
$GIGSV,1,1,02,09,27,283,33,10,54,164,43*63
$GIGSV,1,1,02,09,27,283,33,10,54,164,43*63
$GIGSV,1,1,02,09,27,283,33,10,54,164,43*63
$GIGSV,1,1,02,09,27,283,33,10,54,164,43*63
$GIGSV,1,1,02,09,27,283,33,10,54,164,43*63
$GIGSV,1,1,02,09,27,283,33,10,54,164,43*63
$GIGSV,1,1,02,09,27,283,33,10,54,164,43*63
$GIGSV,1,1,02,09,27,283,33,10,54,164,43*63
$GIGSV,1,1,02,09,27,283,33,10,54,164,43*63
$GIGSV,1,1,02,09,27,283,33,10,54,164,43*63
$GIGSV,1,1,02,09,27,283,33,10,54,164,43*63
$GIGSV,1,1,02,09,27,283,33,10,54,164,43*63
$GIGSV,1,1,02,09,27,283,33,10,54,164,43*63
$GIGSV,1,1,02,09,27,283,33,10,54,164,43*63
$GIGSV,1,1,02,09,27,283,33,10,54,164,43*63
$GIGSV,1,1,02,09,27,283,33,10,54,164,43*63
$GIGSV,1,1,02,09,27,283,33,10,54,164,43*63
$GIGSV,1,1,02,09,27,283,33,10,54,164,43*63
$GIGSV,1,1,02,09,27,283,33,10,54,164,43*63
$GIGSV,1,1,02,09,27,283,33,10,54,164,43*63
$GIGSV,1,1,02,09,27,283,33,10,54,164,43*63
$GIGSV,1,1,02,09,27,283,33,10,54,164,43*63
$GIGSV,1,1,02,09,27,283,33,10,54,164,43*63
$GIGSV,1,1,02,09,27,283,33,10,54,164,43*63
$GIGSV,1,1,02,09,27,283,33,10,54,164,43*63
$GIGSV,1,1,02,09,27,283,33,10,54,164,43*63
$GIGSV,1,1,02,09,27,283,33,10,54,164,43*63
$GIGSV,1,1,02,09,27,283,33,10,54,164,43*63
$GIGSV,1,1,02,09,27,283,33,10,54,164,43*63
$GIGSV,1,1,02,09,27,283,33,10,54,164,43*63
$GIGSV,1,1,02,09,27,283,33,10,54,164,43*63
$GIGSV,1,1,02,09,27,283,33,10,54,164,43*63
$GIGSV,1,1,02,09,27,283,33,10,54,164,43*63
$GIGSV,1,1,02,09,27,283,33,10,54,164,43*63
$GIGSV,1,1,02,09,27,283,33,10,54,164,43*63
$GIGSV,1,1,02,09,27,283,33,10,54,164,43*63
$GIGSV,1,1,02,09,27,283,33,10,54,164,43*63
$GIGSV,1,1,02,09,27,283,33,10,54,164,43*63
$GIGSV,1,1,02,09,27,283,33,10,54,164,43*63
$GIGSV,1,1,02,09,27,283,33,10,54,164,43*63
$GIGSV,1,1,02,09,27,283,33,10,54,164,43*63
$GIGSV,1,1,02,09,27,283,33,10,54,164,43*63
$GIGSV,1,1,02,09,27,283,33,10,54,164,43*63
$GIGSV,1,1,02,09,27,283,33,10,54,164,43*63
$GIGSV,1,1,02,09,27,283,33,10,54,164,43*63
$GIGSV,1,1,02,09,27,283,33,10,54,164,43*63
$GIGSV,1,1,02,09,27,283,33,10,54,164,43*63
$GIGSV,1,1,02,09,27,283,33,10,54,164,43*63
$GIGSV,1,1,02,09,27,283,33,10,54,164,43*63
$GIGSV,1,1,02,09,27,283,33,10,54,164,43*63
$GIGSV,1,1,02,09,27,283,33,10,54,164,43*63
$GIGSV,1,1,02,09,27,283,33,10,54,164,43*63
$GIGSV,1,1,02,09,27,283,33,10,54,164,43*63
$GIGSV,1,1,02,09,27,283,33,10,54,164,43*63
$GIGSV,1,1,02,09,27,283,33,10,54,164,43*63
$GIGSV,1,1,02,09,27,283,33,10,54,164,43*63
$GIGSV,1,1,02,09,27,283,33,10,54,164,43*63
$GIGSV,1,1,02,09,27,283,33,10,54,164,43*63
$GIGSV,1,1,02,09,27,283,33,10,54,164,43*63
$GIGSV,1,1,02,09,27,283,33,10,54,164,43*63
$GIGSV,1,1,02,09,27,283,33,10,54,164,43*63
$GIGSV,1,1,02,09,27,283,33,10,54,164,43*63
$GIGSV,1,1,02,09,27,283,33,10,54,164,42*62
$GIGSV,1,1,02,09,27,283,33,10,54,164,42*62
$GIGSV,1,1,02,09,27,283,33,10,54,164,42*62
$GIGSV,1,1,02,09,27,283,33,10,54,164,42*62
$GIGSV,1,1,02,09,27,283,33,10,54,164,42*62
$GIGSV,1,1,02,09,27,283,33,10,54,164,42*62
$GIGSV,1,1,02,09,27,283,33,10,54,164,42*62
$GIGSV,1,1,02,09,27,283,33,10,54,164,42*62
$GIGSV,1,1,02,09,27,283,33,10,54,164,42*62
$GIGSV,1,1,02,09,27,283,33,10,54,164,42*62
$GIGSV,1,1,02,09,27,283,33,10,54,164,42*62
$GIGSV,1,1,02,09,27,283,33,10,54,164,42*62
$GIGSV,1,1,02,09,27,283,33,10,54,164,42*62
$GIGSV,1,1,02,09,27,283,33,10,54,164,42*62
$GIGSV,1,1,02,09,27,283,33,10,54,164,42*62
$GIGSV,1,1,02,09,27,283,33,10,54,164,42*62
$GIGSV,1,1,02,09,27,283,33,10,54,164,42*62
$GIGSV,1,1,02,09,27,283,33,10,54,164,42*62
$GIGSV,1,1,02,09,27,283,33,10,54,164,42*62
$GIGSV,1,1,02,09,27,283,33,10,54,164,42*62
$GIGSV,1,1,02,09,27,283,33,10,54,164,42*62
$GIGSV,1,1,02,09,27,283,33,10,54,164,42*62
$GIGSV,1,1,02,09,27,283,33,10,54,164,42*62
$GIGSV,1,1,02,09,27,283,33,10,54,164,42*62
$GIGSV,1,1,02,09,27,283,33,10,54,164,42*62
$GIGSV,1,1,02,09,27,283,33,10,54,164,42*62
$GIGSV,1,1,02,09,27,283,33,10,54,164,42*62
$GIGSV,1,1,02,09,27,283,33,10,54,164,42*62
$GIGSV,1,1,02,09,27,283,33,10,54,164,42*62
$GIGSV,1,1,02,09,27,283,33,10,54,164,42*62
$GIGSV,1,1,02,09,27,283,33,10,54,164,42*62
$GIGSV,1,1,02,09,27,283,33,10,54,164,42*62
$GIGSV,1,1,02,09,27,283,33,10,54,164,42*62
$GIGSV,1,1,02,09,27,283,33,10,54,164,42*62
$GIGSV,1,1,02,09,27,283,33,10,54,164,42*62
$GIGSV,1,1,02,09,27,283,33,10,54,164,42*62
$GIGSV,1,1,02,09,27,283,33,10,54,164,42*62
$GIGSV,1,1,02,09,27,283,33,10,54,164,42*62
$GIGSV,1,1,02,09,27,283,33,10,54,164,42*62
$GIGSV,1,1,02,09,27,283,33,10,54,164,42*62
$GIGSV,1,1,02,09,27,283,33,10,54,164,42*62
$GIGSV,1,1,02,09,27,283,33,10,54,164,42*62
$GIGSV,1,1,02,09,27,283,33,10,54,164,42*62
$GIGSV,1,1,02,09,27,283,33,10,54,164,42*62
$GIGSV,1,1,02,09,27,283,33,10,54,164,42*62
$GIGSV,1,1,02,09,27,283,33,10,54,164,42*62
$GIGSV,1,1,02,09,27,283,33,10,54,164,42*62
$GIGSV,1,1,02,09,27,283,33,10,54,164,42*62
$GIGSV,1,1,02,09,27,283,33,10,54,164,42*62
$GIGSV,1,1,02,09,27,283,33,10,54,164,42*62
$GIGSV,1,1,02,09,27,283,33,10,54,164,42*62
$GIGSV,1,1,02,09,27,283,33,10,54,164,42*62
$GIGSV,1,1,02,09,27,283,33,10,54,164,42*62
$GIGSV,1,1,02,09,27,283,33,10,54,164,42*62
$GIGSV,1,1,02,09,27,283,33,10,54,164,42*62
$GIGSV,1,1,02,09,27,283,33,10,54,164,42*62
$GIGSV,1,1,02,09,27,283,33,10,54,164,42*62
$GIGSV,1,1,02,09,27,283,33,10,54,164,42*62
$GIGSV,1,1,02,09,27,283,33,10,54,164,42*62
$GIGSV,1,1,02,09,27,283,33,10,54,164,42*62
$GIGSV,1,1,02,09,27,283,33,10,54,164,42*62
$GIGSV,1,1,02,09,27,283,33,10,54,164,42*62
$GIGSV,1,1,02,09,27,283,33,10,54,164,42*62
$GIGSV,1,1,02,09,27,283,32,10,54,164,42*63
$GIGSV,1,1,02,09,27,283,32,10,54,164,42*63
$GIGSV,1,1,02,09,27,283,32,10,54,164,42*63
$GIGSV,1,1,02,09,27,283,32,10,54,164,42*63
$GIGSV,1,1,02,09,27,283,32,10,54,164,42*63
$GIGSV,1,1,02,09,27,283,32,10,54,164,42*63
$GIGSV,1,1,02,09,27,283,32,10,54,164,42*63
$GIGSV,1,1,02,09,27,283,32,10,54,164,42*63
$GIGSV,1,1,02,09,27,283,32,10,54,164,42*63
$GIGSV,1,1,02,09,27,283,32,10,54,164,42*63
$GIGSV,1,1,02,09,27,283,32,10,54,164,42*63
$GIGSV,1,1,02,09,27,283,32,10,54,164,42*63
$GIGSV,1,1,02,09,27,283,32,10,54,164,42*63
$GIGSV,1,1,02,09,27,283,32,10,54,164,42*63
$GIGSV,1,1,02,09,27,283,32,10,54,164,42*63
$GIGSV,1,1,02,09,27,283,32,10,54,164,42*63
$GIGSV,1,1,02,09,27,283,32,10,54,164,42*63
$GIGSV,1,1,02,09,27,283,32,10,54,164,42*63
$GIGSV,1,1,02,09,27,283,32,10,54,164,42*63
$GIGSV,1,1,02,09,27,283,32,10,54,164,42*63
$GIGSV,1,1,02,09,27,283,32,10,54,164,42*63
$GIGSV,1,1,02,09,27,283,32,10,54,164,42*63
$GIGSV,1,1,02,09,27,283,32,10,54,164,42*63
$GIGSV,1,1,02,09,27,283,32,10,54,164,42*63
$GIGSV,1,1,02,09,27,283,32,10,54,164,42*63
$GIGSV,1,1,02,09,27,283,32,10,54,164,42*63
$GIGSV,1,1,02,09,27,283,32,10,54,164,42*63
$GIGSV,1,1,02,09,27,283,32,10,54,164,42*63
$GIGSV,1,1,02,09,27,283,32,10,54,164,42*63
$GIGSV,1,1,02,09,27,283,32,10,54,164,42*63
$GIGSV,1,1,02,09,27,283,32,10,54,164,42*63
$GIGSV,1,1,02,09,27,283,32,10,54,164,42*63
$GIGSV,1,1,02,09,27,283,32,10,54,164,42*63
$GIGSV,1,1,02,09,27,283,32,10,54,164,43*62
$GIGSV,1,1,02,09,27,283,32,10,54,164,42*63
$GIGSV,1,1,02,09,27,283,32,10,54,164,42*63
$GIGSV,1,1,02,09,27,283,32,10,54,164,42*63
$GIGSV,1,1,02,09,27,283,32,10,54,164,42*63
$GIGSV,1,1,02,09,27,283,32,10,54,164,42*63
$GIGSV,1,1,02,09,27,283,32,10,54,164,42*63
$GIGSV,1,1,02,09,27,283,32,10,54,164,42*63
$GIGSV,1,1,02,09,27,283,32,10,54,164,42*63
$GIGSV,1,1,02,09,27,283,32,10,54,164,42*63
$GIGSV,1,1,02,09,27,283,32,10,54,164,42*63
$GIGSV,1,1,02,09,27,283,32,10,54,164,42*63
$GIGSV,1,1,02,09,27,283,32,10,54,164,42*63
$GIGSV,1,1,02,09,27,283,32,10,54,164,42*63
$GIGSV,1,1,02,09,27,283,32,10,54,164,42*63
$GIGSV,1,1,02,09,27,283,32,10,54,164,42*63
$GIGSV,1,1,02,09,27,283,32,10,54,164,42*63
$GIGSV,1,1,02,09,27,283,32,10,54,164,42*63
$GIGSV,1,1,02,09,27,283,32,10,54,164,42*63
$GIGSV,1,1,02,09,27,283,32,10,54,164,42*63
$GIGSV,1,1,02,09,27,283,32,10,54,164,42*63
$GIGSV,1,1,02,09,27,283,32,10,54,164,42*63
$GIGSV,1,1,02,09,27,283,32,10,54,164,42*63
$GIGSV,1,1,02,09,27,283,32,10,54,164,42*63
$GIGSV,1,1,02,09,27,283,32,10,54,164,42*63
$GIGSV,1,1,02,09,27,283,32,10,54,164,42*63
$GIGSV,1,1,02,09,27,283,32,10,54,164,42*63
$GIGSV,1,1,02,09,27,283,32,10,54,164,42*63
$GIGSV,1,1,02,09,27,283,32,10,54,164,42*63
$GIGSV,1,1,02,09,27,283,32,10,54,164,42*63
$GIGSV,1,1,02,09,27,283,32,10,54,164,42*63
$GIGSV,1,1,02,09,27,283,32,10,54,164,42*63
$GIGSV,1,1,02,09,27,283,32,10,54,164,42*63
$GIGSV,1,1,02,09,27,283,32,10,54,164,42*63
$GIGSV,1,1,02,09,27,283,32,10,54,164,42*63
$GIGSV,1,1,02,09,27,283,32,10,54,164,42*63
$GIGSV,1,1,02,09,27,283,32,10,54,164,42*63
$GIGSV,1,1,02,09,27,283,32,10,54,164,42*63
$GIGSV,1,1,02,09,27,283,32,10,54,164,42*63
$GIGSV,1,1,02,09,27,283,32,10,54,164,42*63
$GIGSV,1,1,02,09,27,283,32,10,54,164,42*63
$GIGSV,1,1,02,09,27,283,32,10,54,164,42*63
$GIGSV,1,1,02,09,27,283,32,10,54,164,42*63
$GIGSV,1,1,02,09,27,283,32,10,54,164,42*63
$GIGSV,1,1,02,09,27,283,31,10,54,164,42*60
$GIGSV,1,1,02,09,27,283,31,10,54,164,42*60
$GIGSV,1,1,02,09,27,283,31,10,54,164,42*60
$GIGSV,1,1,02,09,27,283,31,10,54,164,42*60
$GIGSV,1,1,02,09,27,283,31,10,54,164,42*60
$GIGSV,1,1,02,09,27,283,31,10,54,164,42*60
$GIGSV,1,1,02,09,27,283,31,10,54,164,42*60
$GIGSV,1,1,02,09,27,283,31,10,54,164,42*60
$GIGSV,1,1,02,09,27,283,31,10,54,164,42*60
$GIGSV,1,1,02,09,27,283,31,10,54,164,42*60
$GIGSV,1,1,02,09,27,283,31,10,54,164,42*60
$GIGSV,1,1,02,09,27,283,31,10,54,164,42*60
$GIGSV,1,1,02,09,27,283,31,10,54,164,42*60
$GIGSV,1,1,02,09,27,283,31,10,54,164,42*60
$GIGSV,1,1,02,09,27,283,31,10,54,164,42*60
$GIGSV,1,1,02,09,27,283,31,10,54,164,42*60
$GIGSV,1,1,02,09,27,283,31,10,54,164,42*60
$GIGSV,1,1,02,09,27,283,31,10,54,164,42*60
$GIGSV,1,1,02,09,27,283,31,10,54,164,42*60
$GIGSV,1,1,02,09,27,283,31,10,54,164,42*60
$GIGSV,1,1,02,09,27,283,31,10,54,164,42*60
$GIGSV,1,1,02,09,27,283,31,10,54,164,42*60
$GIGSV,1,1,02,09,27,283,31,10,54,164,42*60
$GIGSV,1,1,02,09,27,283,31,10,54,164,42*60
$GIGSV,1,1,02,09,27,283,31,10,54,164,42*60
$GIGSV,1,1,02,09,27,283,31,10,54,164,42*60
$GIGSV,1,1,02,09,27,283,31,10,54,164,42*60
$GIGSV,1,1,02,09,27,283,31,10,54,164,42*60
$GIGSV,1,1,02,09,27,283,31,10,54,164,42*60
$GIGSV,1,1,02,09,27,283,31,10,54,164,42*60
$GIGSV,1,1,02,09,27,283,31,10,54,164,42*60
$GIGSV,1,1,02,09,27,283,31,10,54,164,42*60
$GIGSV,1,1,02,09,27,283,31,10,54,164,42*60
$GIGSV,1,1,02,09,27,283,31,10,54,164,42*60
$GIGSV,1,1,02,09,27,283,31,10,54,164,42*60
$GIGSV,1,1,02,09,27,283,31,10,54,164,42*60
$GIGSV,1,1,02,09,27,283,31,10,54,164,42*60
$GIGSV,1,1,02,09,27,283,31,10,54,164,42*60
$GIGSV,1,1,02,09,27,283,31,10,54,164,42*60
$GIGSV,1,1,02,09,27,283,31,10,54,164,43*61
$GIGSV,1,1,02,09,27,283,31,10,54,164,43*61
$GIGSV,1,1,02,09,27,283,31,10,54,164,43*61
$GIGSV,1,1,02,09,27,283,31,10,54,164,42*60
$GIGSV,1,1,02,09,27,283,31,10,54,164,42*60
$GIGSV,1,1,02,09,27,283,31,10,54,164,43*61
$GIGSV,1,1,02,09,27,283,30,10,54,164,43*60
$GIGSV,1,1,02,09,27,283,30,10,54,164,43*60
$GIGSV,1,1,02,09,27,283,30,10,54,164,43*60
$GIGSV,1,1,02,09,27,283,30,10,54,164,43*60
$GIGSV,1,1,02,09,27,283,30,10,54,164,43*60
$GIGSV,1,1,02,09,27,283,30,10,54,164,43*60
$GIGSV,1,1,02,09,27,283,30,10,54,164,43*60
$GIGSV,1,1,02,09,27,283,30,10,54,164,43*60
$GIGSV,1,1,02,09,27,283,30,10,54,164,43*60
$GIGSV,1,1,02,09,27,283,30,10,54,164,43*60
$GIGSV,1,1,02,09,27,283,30,10,54,164,43*60
$GIGSV,1,1,02,09,27,283,30,10,54,164,43*60
$GIGSV,1,1,02,09,27,283,30,10,54,164,43*60
$GIGSV,1,1,02,09,27,283,30,10,54,164,43*60
$GIGSV,1,1,02,09,27,283,30,10,54,164,43*60
$GIGSV,1,1,02,09,27,283,30,10,54,164,43*60
$GIGSV,1,1,02,09,27,283,30,10,54,164,43*60
$GIGSV,1,1,02,09,27,283,30,10,54,164,43*60
$GIGSV,1,1,02,09,27,283,30,10,54,164,43*60
$GIGSV,1,1,02,09,27,283,30,10,54,164,43*60
$GIGSV,1,1,02,09,27,283,30,10,54,164,43*60
$GIGSV,1,1,02,09,27,283,30,10,54,164,43*60
$GIGSV,1,1,02,09,27,283,30,10,54,164,43*60
$GIGSV,1,1,02,09,27,283,30,10,54,164,43*60
$GIGSV,1,1,02,09,27,283,30,10,54,164,43*60
$GIGSV,1,1,02,09,27,283,30,10,54,164,43*60
$GIGSV,1,1,02,09,27,283,30,10,54,164,43*60
$GIGSV,1,1,02,09,27,283,30,10,54,164,43*60
$GIGSV,1,1,02,09,27,283,30,10,54,164,43*60
$GIGSV,1,1,02,09,27,283,30,10,54,164,43*60
$GIGSV,1,1,02,09,27,283,30,10,54,164,43*60
$GIGSV,1,1,02,09,27,283,30,10,54,164,43*60
$GIGSV,1,1,02,09,27,283,30,10,54,164,43*60
$GIGSV,1,1,02,09,27,283,30,10,54,164,43*60
$GIGSV,1,1,02,09,27,283,30,10,54,164,43*60
$GIGSV,1,1,02,09,27,283,30,10,54,164,43*60
$GIGSV,1,1,02,09,27,283,30,10,54,164,43*60
$GIGSV,1,1,02,09,27,283,30,10,54,164,43*60
$GIGSV,1,1,02,09,27,283,30,10,54,164,43*60
$GIGSV,1,1,02,09,27,283,30,10,54,164,43*60
$GIGSV,1,1,02,09,27,283,30,10,54,164,43*60
$GIGSV,1,1,02,09,27,283,30,10,54,164,43*60
$GIGSV,1,1,02,09,27,283,30,10,54,164,43*60
$GIGSV,1,1,02,09,27,283,30,10,54,164,43*60
$GIGSV,1,1,02,09,27,283,30,10,54,164,43*60
$GIGSV,1,1,02,09,27,283,30,10,54,164,43*60
$GIGSV,1,1,02,09,27,283,30,10,54,164,43*60
$GIGSV,1,1,02,09,27,283,30,10,54,164,43*60
$GIGSV,1,1,02,09,27,283,30,10,54,164,43*60
$GIGSV,1,1,02,09,27,283,30,10,54,164,43*60
$GIGSV,1,1,02,09,27,283,30,10,54,164,43*60
$GIGSV,1,1,02,09,27,283,30,10,54,164,43*60
$GIGSV,1,1,02,09,27,283,29,10,54,164,43*68
$GIGSV,1,1,02,09,27,283,29,10,54,164,43*68
$GIGSV,1,1,02,09,27,283,29,10,54,164,43*68
$GIGSV,1,1,02,09,27,283,29,10,54,164,43*68
$GIGSV,1,1,02,09,27,283,29,10,54,164,43*68
$GIGSV,1,1,02,09,27,283,29,10,54,164,43*68
$GIGSV,1,1,02,09,27,283,29,10,54,164,43*68
$GIGSV,1,1,02,09,27,283,29,10,54,164,43*68
$GIGSV,1,1,02,09,27,283,29,10,54,164,43*68
$GIGSV,1,1,02,09,27,283,29,10,54,164,42*69
$GIGSV,1,1,02,09,27,283,29,10,54,164,42*69
$GIGSV,1,1,02,09,27,283,29,10,54,164,42*69
$GIGSV,1,1,02,09,27,283,29,10,54,164,42*69
$GIGSV,1,1,02,09,27,283,29,10,54,164,42*69
$GIGSV,1,1,02,09,27,283,29,10,54,164,42*69
$GIGSV,1,1,02,09,27,283,29,10,54,164,42*69
$GIGSV,1,1,02,09,27,283,29,10,54,164,42*69
$GIGSV,1,1,02,09,27,283,29,10,54,164,42*69
$GIGSV,1,1,02,09,27,283,29,10,54,164,42*69
$GIGSV,1,1,02,09,27,283,29,10,54,164,42*69
$GIGSV,1,1,02,09,27,283,29,10,54,164,42*69
$GIGSV,1,1,02,09,27,283,29,10,54,164,42*69
$GIGSV,1,1,02,09,27,283,29,10,54,164,43*68
$GIGSV,1,1,02,09,27,283,29,10,54,164,43*68
$GIGSV,1,1,02,09,27,283,29,10,54,164,42*69
$GIGSV,1,1,02,09,27,283,29,10,54,164,42*69
$GIGSV,1,1,02,09,27,283,29,10,54,164,42*69
$GIGSV,1,1,02,09,27,283,29,10,54,164,42*69
$GIGSV,1,1,02,09,27,283,29,10,54,164,42*69
$GIGSV,1,1,02,09,27,283,29,10,54,164,42*69
$GIGSV,1,1,02,09,27,283,29,10,54,164,42*69
$GIGSV,1,1,02,09,27,283,29,10,54,164,42*69
$GIGSV,1,1,02,09,27,283,30,10,54,164,42*61
$GIGSV,1,1,02,09,27,283,30,10,54,164,42*61
$GIGSV,1,1,02,09,27,283,30,10,54,164,42*61
$GIGSV,1,1,02,09,27,283,30,10,54,164,42*61
$GIGSV,1,1,02,09,27,283,30,10,54,164,42*61
$GIGSV,1,1,02,09,27,283,30,10,54,164,42*61
$GIGSV,1,1,02,09,27,283,30,10,54,164,42*61
$GIGSV,1,1,02,09,27,283,30,10,54,164,42*61
$GIGSV,1,1,02,09,27,283,30,10,54,164,42*61
$GIGSV,1,1,02,09,27,283,30,10,54,164,42*61
$GIGSV,1,1,02,09,27,283,30,10,54,164,42*61
$GIGSV,1,1,02,09,27,283,30,10,54,164,42*61
$GIGSV,1,1,02,09,27,283,30,10,54,164,42*61
$GIGSV,1,1,02,09,27,283,30,10,54,164,42*61
$GIGSV,1,1,02,09,27,283,30,10,54,164,42*61
$GIGSV,1,1,02,09,27,283,30,10,54,164,42*61
$GIGSV,1,1,02,09,27,283,30,10,54,164,42*61
$GIGSV,1,1,02,09,27,283,30,10,54,164,42*61
$GIGSV,1,1,02,09,27,283,30,10,54,164,42*61
$GIGSV,1,1,02,09,27,283,30,10,54,164,43*60
$GIGSV,1,1,02,09,27,283,30,10,54,164,43*60
$GIGSV,1,1,02,09,27,283,30,10,54,164,43*60
$GIGSV,1,1,02,09,27,283,30,10,54,164,43*60
$GIGSV,1,1,02,09,27,283,30,10,54,164,43*60
$GIGSV,1,1,02,09,27,283,30,10,54,164,43*60
$GIGSV,1,1,02,09,27,283,30,10,54,164,43*60
$GIGSV,1,1,02,09,27,283,30,10,54,164,43*60
$GIGSV,1,1,02,09,27,283,30,10,54,164,43*60
$GIGSV,1,1,02,09,27,283,30,10,54,164,43*60
$GIGSV,1,1,02,09,27,283,30,10,54,164,43*60
$GIGSV,1,1,02,09,27,283,30,10,54,164,43*60
$GIGSV,1,1,02,09,27,283,30,10,54,164,43*60
$GIGSV,1,1,02,09,27,283,30,10,54,164,43*60
$GIGSV,1,1,02,09,27,283,30,10,54,164,43*60
$GIGSV,1,1,02,09,27,283,30,10,54,164,43*60
$GIGSV,1,1,02,09,27,283,30,10,54,164,43*60
$GIGSV,1,1,02,09,27,283,30,10,54,164,43*60
$GIGSV,1,1,02,09,27,283,31,10,54,164,43*61
$GIGSV,1,1,02,09,27,283,31,10,54,164,43*61
$GIGSV,1,1,02,09,27,283,31,10,54,164,43*61
$GIGSV,1,1,02,09,27,283,31,10,54,164,44*66
$GIGSV,1,1,02,09,27,283,31,10,54,164,44*66
$GIGSV,1,1,02,09,27,283,31,10,54,164,44*66
$GIGSV,1,1,02,09,27,283,31,10,54,164,44*66
$GIGSV,1,1,02,09,27,283,31,10,54,164,44*66
$GIGSV,1,1,02,09,27,283,31,10,54,164,44*66
$GIGSV,1,1,02,09,27,283,31,10,54,164,44*66
$GIGSV,1,1,02,09,27,283,31,10,54,164,44*66
$GIGSV,1,1,02,09,27,283,31,10,54,164,44*66
$GIGSV,1,1,02,09,27,283,31,10,54,164,44*66
$GIGSV,1,1,02,09,27,283,31,10,54,164,44*66
$GIGSV,1,1,02,09,27,283,31,10,54,164,44*66
$GIGSV,1,1,02,09,27,283,31,10,54,164,44*66
$GIGSV,1,1,02,09,27,283,31,10,54,164,44*66
$GIGSV,1,1,02,09,27,283,31,10,54,164,44*66
$GIGSV,1,1,02,09,27,283,31,10,54,164,44*66
$GIGSV,1,1,02,09,27,283,31,10,54,164,45*67
$GIGSV,1,1,02,09,27,283,31,10,54,164,45*67
$GIGSV,1,1,02,09,27,283,31,10,54,164,45*67
$GIGSV,1,1,02,09,27,283,31,10,54,164,45*67
$GIGSV,1,1,02,09,27,283,32,10,54,164,45*64
$GIGSV,1,1,02,09,27,283,32,10,54,164,45*64
$GIGSV,1,1,02,09,27,283,32,10,54,164,45*64
$GIGSV,1,1,02,09,27,283,32,10,54,164,45*64
$GIGSV,1,1,02,09,27,283,32,10,54,164,45*64
$GIGSV,1,1,02,09,27,283,32,10,54,164,45*64
$GIGSV,1,1,02,09,27,283,32,10,54,164,45*64
$GIGSV,1,1,02,09,27,283,32,10,54,164,45*64
$GIGSV,1,1,02,09,27,283,32,10,54,164,45*64
$GIGSV,1,1,02,09,27,283,32,10,54,164,45*64
$GIGSV,1,1,02,09,27,283,32,10,54,164,45*64
$GIGSV,1,1,02,09,27,283,32,10,54,164,45*64
$GIGSV,1,1,01,10,54,164,45*53
$GIGSV,1,1,01,10,54,164,45*53
$GIGSV,1,1,01,10,54,164,45*53
$GIGSV,1,1,01,10,54,164,45*53
$GIGSV,1,1,01,10,54,164,45*53
$GIGSV,1,1,01,10,54,164,45*53
$GIGSV,1,1,01,10,54,164,45*53
$GIGSV,1,1,01,10,54,164,45*53
$GIGSV,1,1,01,10,54,164,45*53
$GIGSV,1,1,01,10,54,164,45*53
$GIGSV,1,1,01,10,54,164,45*53
$GIGSV,1,1,01,10,54,164,45*53
$GIGSV,1,1,01,10,54,164,45*53
$GIGSV,1,1,01,10,54,164,45*53
$GIGSV,1,1,01,10,54,164,45*53
$GIGSV,1,1,01,10,54,164,45*53
$GIGSV,1,1,01,10,54,164,45*53
$GIGSV,1,1,01,10,54,164,45*53
$GIGSV,1,1,01,10,54,164,45*53
$GIGSV,1,1,01,10,54,164,45*53
$GIGSV,1,1,01,10,54,164,45*53
$GIGSV,1,1,01,10,54,164,45*53
$GIGSV,1,1,01,10,54,164,45*53
$GIGSV,1,1,01,10,54,164,45*53
$GIGSV,1,1,01,10,54,164,45*53
$GIGSV,1,1,01,10,54,164,45*53
$GIGSV,1,1,01,10,54,164,45*53
$GIGSV,1,1,01,10,54,164,45*53
$GIGSV,1,1,01,10,54,164,45*53
$GIGSV,1,1,01,10,54,164,45*53
$GIGSV,1,1,01,10,54,164,45*53
$GIGSV,1,1,01,10,54,164,45*53
$GIGSV,1,1,01,10,54,164,45*53
$GIGSV,1,1,01,10,54,164,45*53
$GIGSV,1,1,01,10,54,164,45*53
$GIGSV,1,1,01,10,54,164,45*53
$GIGSV,1,1,01,10,54,164,45*53
$GIGSV,1,1,01,10,54,164,45*53
$GIGSV,1,1,01,10,54,164,45*53
$GIGSV,1,1,01,10,54,164,45*53
$GIGSV,1,1,01,10,54,164,45*53
$GIGSV,1,1,01,10,54,164,45*53
$GIGSV,1,1,01,10,54,164,45*53
$GIGSV,1,1,01,10,54,164,45*53
$GIGSV,1,1,01,10,54,164,45*53
$GIGSV,1,1,01,10,54,164,45*53
$GIGSV,1,1,01,10,54,164,45*53
$GIGSV,1,1,01,10,54,164,45*53
$GIGSV,1,1,01,10,54,164,45*53
$GIGSV,1,1,01,10,54,164,45*53
$GIGSV,1,1,01,10,54,164,45*53
$GIGSV,1,1,01,10,54,164,45*53
$GIGSV,1,1,01,10,54,164,45*53
$GIGSV,1,1,01,10,54,164,45*53
$GIGSV,1,1,01,10,54,164,45*53
$GIGSV,1,1,01,10,54,164,45*53
$GIGSV,1,1,01,10,54,164,45*53
$GIGSV,1,1,01,10,54,164,45*53
$GIGSV,1,1,01,10,54,164,45*53
$GIGSV,1,1,01,10,54,164,45*53
$GIGSV,1,1,01,10,54,164,45*53
$GIGSV,1,1,01,10,54,164,45*53
$GIGSV,1,1,01,10,54,164,45*53
$GIGSV,1,1,01,10,54,164,45*53
$GIGSV,1,1,01,10,54,164,45*53
$GIGSV,1,1,01,10,54,164,45*53
$GIGSV,1,1,01,10,54,164,45*53
$GIGSV,1,1,01,10,54,164,45*53
$GIGSV,1,1,01,10,54,164,45*53
$GIGSV,1,1,01,10,54,164,45*53
$GIGSV,1,1,01,10,54,164,45*53
$GIGSV,1,1,01,10,54,164,45*53
$GIGSV,1,1,01,10,54,164,45*53
$GIGSV,1,1,01,10,54,164,45*53
$GIGSV,1,1,01,10,54,164,45*53
$GIGSV,1,1,01,10,54,164,45*53
$GIGSV,1,1,01,10,54,164,45*53
$GIGSV,1,1,01,10,54,164,45*53
$GIGSV,1,1,01,10,54,164,45*53
$GIGSV,1,1,01,10,54,164,45*53
$GIGSV,1,1,01,10,54,164,45*53
$GIGSV,1,1,01,10,54,164,45*53
$GIGSV,1,1,01,10,54,164,45*53
$GIGSV,1,1,01,10,54,164,45*53
$GIGSV,1,1,01,10,54,164,45*53
$GIGSV,1,1,01,10,54,164,45*53
$GIGSV,1,1,01,10,54,164,45*53
$GIGSV,1,1,01,10,54,164,45*53
$GIGSV,1,1,01,10,54,164,45*53
$GIGSV,1,1,01,10,54,164,46*50
$GIGSV,1,1,01,10,54,164,46*50
$GIGSV,1,1,01,10,54,164,46*50
$GIGSV,1,1,01,10,54,164,46*50
$GIGSV,1,1,01,10,54,164,46*50
$GIGSV,1,1,01,10,54,164,46*50
$GIGSV,1,1,01,10,54,164,46*50
$GIGSV,1,1,01,10,54,164,46*50
$GIGSV,1,1,01,10,54,164,46*50
$GIGSV,1,1,01,10,54,164,46*50
$GIGSV,1,1,01,10,54,164,46*50
$GIGSV,1,1,01,10,54,164,46*50
$GIGSV,1,1,01,10,54,164,46*50
$GIGSV,1,1,01,10,54,164,46*50
$GIGSV,1,1,01,10,54,164,46*50
$GIGSV,1,1,01,10,54,164,46*50
$GIGSV,1,1,01,10,54,164,46*50
$GIGSV,1,1,01,10,54,164,46*50
$GIGSV,1,1,01,10,54,164,46*50
$GIGSV,1,1,01,10,54,164,46*50
$GIGSV,1,1,01,10,54,164,46*50
$GIGSV,1,1,01,10,54,164,46*50
$GIGSV,1,1,01,10,54,164,46*50
$GIGSV,1,1,01,10,54,164,46*50
$GIGSV,1,1,01,10,54,164,46*50
$GIGSV,1,1,01,10,54,164,46*50
$GIGSV,1,1,01,10,54,164,46*50
$GIGSV,1,1,01,10,54,164,46*50
$GIGSV,1,1,01,10,54,164,46*50
$GIGSV,1,1,01,10,54,164,46*50
$GIGSV,1,1,01,10,54,164,46*50
$GIGSV,1,1,01,10,54,164,46*50
$GIGSV,1,1,01,10,54,164,46*50
$GIGSV,1,1,01,10,54,164,46*50
$GIGSV,1,1,01,10,54,164,46*50
$GIGSV,1,1,01,10,54,164,46*50
$GIGSV,1,1,01,10,54,164,46*50
$GIGSV,1,1,01,10,54,164,46*50
$GIGSV,1,1,01,10,54,164,46*50
$GIGSV,1,1,01,10,54,164,46*50
$GIGSV,1,1,01,10,54,164,46*50
$GIGSV,1,1,01,10,54,164,46*50
$GIGSV,1,1,01,10,54,164,46*50
$GIGSV,1,1,01,10,54,164,46*50
$GIGSV,1,1,01,10,54,164,46*50
$GIGSV,1,1,01,10,54,164,46*50
$GIGSV,1,1,01,10,54,164,46*50
$GIGSV,1,1,01,10,54,164,46*50
$GIGSV,1,1,01,10,54,164,46*50
$GIGSV,1,1,01,10,54,164,46*50
$GIGSV,1,1,01,10,54,164,46*50
$GIGSV,1,1,01,10,54,164,46*50
$GIGSV,1,1,01,10,54,164,46*50
$GIGSV,1,1,01,10,54,164,46*50
$GIGSV,1,1,01,10,54,164,46*50
$GIGSV,1,1,01,10,54,164,46*50
$GIGSV,1,1,01,10,54,164,47*51
$GIGSV,1,1,01,10,54,164,47*51
$GIGSV,1,1,01,10,54,164,47*51
$GIGSV,1,1,01,10,54,164,47*51
$GIGSV,1,1,01,10,54,164,47*51
$GIGSV,1,1,01,10,54,164,47*51
$GIGSV,1,1,01,10,54,164,47*51
$GIGSV,1,1,01,10,54,164,47*51
$GIGSV,1,1,01,10,54,164,47*51
$GIGSV,1,1,01,10,54,164,47*51
$GIGSV,1,1,01,10,54,164,47*51
$GIGSV,1,1,01,10,54,164,47*51
$GIGSV,1,1,01,10,54,164,47*51
$GIGSV,1,1,01,10,54,164,47*51
$GIGSV,1,1,01,10,54,164,47*51
$GIGSV,1,1,01,10,54,164,47*51
$GIGSV,1,1,01,10,54,164,47*51
$GIGSV,1,1,01,10,54,164,47*51
$GIGSV,1,1,01,10,54,164,47*51
$GIGSV,1,1,01,10,54,164,47*51
$GIGSV,1,1,01,10,54,164,47*51
$GIGSV,1,1,01,10,54,164,47*51
$GIGSV,1,1,01,10,54,164,47*51
$GIGSV,1,1,01,10,54,164,47*51
$GIGSV,1,1,01,10,54,164,47*51
$GIGSV,1,1,01,10,54,164,47*51
$GIGSV,1,1,01,10,54,164,47*51
$GIGSV,1,1,01,10,54,164,47*51
$GIGSV,1,1,01,10,54,164,47*51
$GIGSV,1,1,01,10,54,164,47*51
$GIGSV,1,1,01,10,54,164,47*51
$GIGSV,1,1,01,10,54,164,47*51
$GIGSV,1,1,01,10,54,164,47*51
$GIGSV,1,1,01,10,54,164,47*51
$GIGSV,1,1,01,10,54,164,47*51
$GIGSV,1,1,01,10,54,164,47*51
$GIGSV,1,1,01,10,54,164,47*51
$GIGSV,1,1,01,10,54,164,47*51
$GIGSV,1,1,01,10,54,164,47*51
$GIGSV,1,1,01,10,54,164,47*51
$GIGSV,1,1,01,10,54,164,47*51
$GIGSV,1,1,01,10,54,164,47*51
$GIGSV,1,1,01,10,54,164,47*51
$GIGSV,1,1,01,10,54,164,47*51
$GIGSV,1,1,01,10,54,164,47*51
$GIGSV,1,1,01,10,54,164,47*51
$GIGSV,1,1,02,09,27,283,35,10,54,164,47*61
$GIGSV,1,1,01,10,54,164,47*51
$GIGSV,1,1,01,10,54,164,47*51
$GIGSV,1,1,01,10,54,164,47*51
$GIGSV,1,1,01,10,54,164,47*51
$GIGSV,1,1,01,10,54,164,47*51
$GIGSV,1,1,02,09,27,283,34,10,54,164,47*60
$GIGSV,1,1,02,09,27,283,34,10,54,164,47*60
$GIGSV,1,1,02,09,27,283,34,10,54,164,47*60
$GIGSV,1,1,02,09,27,283,34,10,54,164,47*60
$GIGSV,1,1,02,09,27,283,34,10,54,164,47*60
$GIGSV,1,1,02,09,27,283,34,10,54,164,47*60
$GIGSV,1,1,01,10,54,164,47*51
$GIGSV,1,1,02,09,27,283,34,10,54,164,47*60
$GIGSV,1,1,02,09,27,283,35,10,54,164,47*61
$GIGSV,1,1,02,09,27,283,34,10,54,164,47*60
$GIGSV,1,1,02,09,27,283,34,10,54,164,47*60
$GIGSV,1,1,02,09,27,283,34,10,54,164,47*60
$GIGSV,1,1,01,10,54,164,47*51
$GIGSV,1,1,01,10,54,164,47*51
$GIGSV,1,1,01,10,54,164,47*51
$GIGSV,1,1,01,10,54,164,47*51
$GIGSV,1,1,01,10,54,164,47*51
$GIGSV,1,1,01,10,54,164,47*51
$GIGSV,1,1,01,10,54,164,47*51
$GIGSV,1,1,02,09,27,283,34,10,54,164,47*60
$GIGSV,1,1,02,09,27,283,34,10,54,164,46*61
$GIGSV,1,1,02,09,27,283,35,10,54,164,46*60
$GIGSV,1,1,02,09,27,283,35,10,54,164,46*60
$GIGSV,1,1,02,09,27,283,35,10,54,164,46*60
$GIGSV,1,1,02,09,27,283,35,10,54,164,46*60
$GIGSV,1,1,02,09,27,283,36,10,54,164,46*63
$GIGSV,1,1,02,09,27,283,36,10,54,164,46*63
$GIGSV,1,1,02,09,27,283,36,10,54,164,46*63
$GIGSV,1,1,02,09,27,283,36,10,54,164,46*63
$GIGSV,1,1,02,09,27,283,36,10,54,164,46*63
$GIGSV,1,1,02,09,27,283,36,10,54,164,46*63
$GIGSV,1,1,02,09,27,283,36,10,54,164,46*63
$GIGSV,1,1,02,09,27,283,36,10,54,164,46*63
$GIGSV,1,1,02,09,27,283,36,10,54,164,47*62
$GIGSV,1,1,02,09,27,283,36,10,54,164,47*62
$GIGSV,1,1,02,09,27,283,36,10,54,164,47*62
$GIGSV,1,1,02,09,27,283,37,10,54,164,47*63
$GIGSV,1,1,02,09,27,283,37,10,54,164,47*63
$GIGSV,1,1,02,09,27,283,37,10,54,164,47*63
$GIGSV,1,1,02,09,27,283,37,10,54,164,47*63
$GIGSV,1,1,02,09,27,283,37,10,54,164,47*63
$GIGSV,1,1,02,09,27,283,37,10,54,164,47*63
$GIGSV,1,1,02,09,27,283,37,10,54,164,47*63
$GIGSV,1,1,02,09,27,283,37,10,54,164,47*63
$GIGSV,1,1,02,09,27,283,37,10,54,164,47*63
$GIGSV,1,1,02,09,27,283,37,10,54,164,47*63
$GIGSV,1,1,02,09,27,283,37,10,54,164,47*63
$GIGSV,1,1,02,09,27,283,37,10,54,164,47*63
$GIGSV,1,1,02,09,27,283,37,10,54,164,47*63
$GIGSV,1,1,02,09,27,283,37,10,54,164,47*63
$GIGSV,1,1,02,09,27,283,38,10,54,164,47*6C
$GIGSV,1,1,02,09,27,283,38,10,54,164,47*6C
$GIGSV,1,1,02,09,27,283,38,10,54,164,47*6C
$GIGSV,1,1,02,09,27,283,38,10,54,164,47*6C
$GIGSV,1,1,02,09,27,283,38,10,54,164,47*6C
$GIGSV,1,1,02,09,27,283,38,10,54,164,47*6C
$GIGSV,1,1,02,09,27,283,39,10,54,164,47*6D
$GIGSV,1,1,02,09,27,283,40,10,54,164,47*63
$GIGSV,1,1,02,09,27,283,40,10,54,164,47*63
$GIGSV,1,1,02,09,27,283,40,10,54,164,47*63
$GIGSV,1,1,02,09,27,283,40,10,54,164,47*63
$GIGSV,1,1,02,09,27,283,40,10,54,164,47*63
$GIGSV,1,1,02,09,27,283,40,10,54,164,47*63
$GIGSV,1,1,02,09,27,283,40,10,54,164,47*63
$GIGSV,1,1,02,09,27,283,40,10,54,164,47*63
$GIGSV,1,1,02,09,27,283,40,10,54,164,47*63
$GIGSV,1,1,02,09,27,283,40,10,54,164,47*63
$GIGSV,1,1,02,09,27,283,40,10,54,164,47*63
$GIGSV,1,1,02,09,27,283,40,10,54,164,47*63
$GIGSV,1,1,02,09,27,283,40,10,54,164,47*63
$GIGSV,1,1,02,09,27,283,40,10,54,164,47*63
$GIGSV,1,1,02,09,27,283,40,10,54,164,47*63
$GIGSV,1,1,02,09,27,283,40,10,54,164,47*63
$GIGSV,1,1,02,09,27,283,40,10,54,164,47*63
$GIGSV,1,1,02,09,27,283,39,10,54,164,47*6D
$GIGSV,1,1,02,09,27,283,40,10,54,164,47*63
$GIGSV,1,1,02,09,27,283,39,10,54,164,47*6D
$GIGSV,1,1,02,09,27,283,40,10,54,164,47*63
$GIGSV,1,1,02,09,27,283,40,10,54,164,47*63
$GIGSV,1,1,02,09,27,283,40,10,54,164,47*63
$GIGSV,1,1,02,09,27,283,39,10,54,164,47*6D
$GIGSV,1,1,02,09,27,283,40,10,54,164,47*63
$GIGSV,1,1,02,09,27,283,39,10,54,164,47*6D
$GIGSV,1,1,02,09,27,283,40,10,54,164,47*63
$GIGSV,1,1,02,09,27,283,40,10,54,164,47*63
$GIGSV,1,1,02,09,27,283,41,10,54,164,47*62
$GIGSV,1,1,02,09,27,283,41,10,54,164,47*62
$GIGSV,1,1,02,09,27,283,41,10,54,164,47*62
$GIGSV,1,1,02,09,27,283,41,10,54,164,47*62
$GIGSV,1,1,02,09,27,283,40,10,54,164,47*63
$GIGSV,1,1,02,09,27,283,40,10,54,164,47*63
$GIGSV,1,1,02,09,27,283,40,10,54,164,47*63
$GIGSV,1,1,02,09,27,283,40,10,54,164,47*63
$GIGSV,1,1,02,09,27,283,40,10,54,164,47*63
$GIGSV,1,1,02,09,27,283,40,10,54,164,46*62
$GIGSV,1,1,02,09,27,283,40,10,54,164,46*62
$GIGSV,1,1,02,09,27,283,40,10,54,164,46*62
$GIGSV,1,1,02,09,27,283,40,10,54,164,46*62
$GIGSV,1,1,02,09,27,283,40,10,54,164,46*62
$GIGSV,1,1,02,09,27,283,40,10,54,164,46*62
$GIGSV,1,1,02,09,27,283,40,10,54,164,46*62
$GIGSV,1,1,02,09,27,283,40,10,54,164,46*62
$GIGSV,1,1,02,09,27,283,40,10,54,164,46*62
$GIGSV,1,1,02,09,27,283,40,10,54,164,46*62
$GIGSV,1,1,02,09,27,283,41,10,54,164,46*63
$GIGSV,1,1,02,09,27,283,41,10,54,164,46*63
$GIGSV,1,1,02,09,27,283,41,10,54,164,46*63
$GIGSV,1,1,02,09,27,283,41,10,54,164,46*63
$GIGSV,1,1,02,09,27,283,41,10,54,164,46*63
$GIGSV,1,1,02,09,27,283,41,10,54,164,46*63
$GIGSV,1,1,02,09,27,283,41,10,54,164,46*63
$GIGSV,1,1,02,09,27,283,41,10,54,164,46*63
$GIGSV,1,1,02,09,27,283,41,10,54,164,46*63
$GIGSV,1,1,02,09,27,283,41,10,54,164,46*63
$GIGSV,1,1,02,09,27,283,41,10,54,164,46*63
$GIGSV,1,1,02,09,27,283,41,10,54,164,46*63
$GIGSV,1,1,02,09,27,283,41,10,54,164,46*63
$GIGSV,1,1,02,09,27,283,41,10,54,164,46*63
$GIGSV,1,1,02,09,27,283,41,10,54,164,46*63
$GIGSV,1,1,02,09,27,283,41,10,54,164,46*63
$GIGSV,1,1,02,09,27,283,41,10,54,164,46*63
$GIGSV,1,1,02,09,27,283,41,10,54,164,45*60
$GIGSV,1,1,02,09,27,283,41,10,54,164,45*60
$GIGSV,1,1,02,09,27,283,41,10,54,164,45*60
$GIGSV,1,1,02,09,27,283,41,10,54,164,45*60
$GIGSV,1,1,02,09,27,283,41,10,54,164,45*60
$GIGSV,1,1,02,09,27,283,41,10,54,164,45*60
$GIGSV,1,1,02,09,27,283,41,10,54,164,45*60
$GIGSV,1,1,02,09,27,283,41,10,54,164,45*60
$GIGSV,1,1,02,09,27,283,41,10,54,164,45*60
$GIGSV,1,1,02,09,27,283,41,10,54,164,45*60
$GIGSV,1,1,02,09,27,283,41,10,54,164,45*60
$GIGSV,1,1,02,09,27,283,41,10,54,164,45*60
$GIGSV,1,1,02,09,27,283,41,10,54,164,45*60
$GIGSV,1,1,02,09,27,283,41,10,54,164,45*60
$GIGSV,1,1,02,09,27,283,41,10,54,164,44*61
$GIGSV,1,1,02,09,27,283,41,10,54,164,44*61
$GIGSV,1,1,02,09,27,283,41,10,54,164,44*61
$GIGSV,1,1,02,09,27,283,41,10,54,164,44*61
$GIGSV,1,1,02,09,27,283,41,10,54,164,44*61
$GIGSV,1,1,02,09,27,283,41,10,54,164,44*61
$GIGSV,1,1,02,09,27,283,41,10,54,164,44*61
$GIGSV,1,1,02,09,27,283,41,10,54,164,44*61
$GIGSV,1,1,02,09,27,283,41,10,54,164,44*61
$GIGSV,1,1,02,09,27,283,41,10,54,164,44*61
$GIGSV,1,1,02,09,27,283,41,10,54,164,44*61
$GIGSV,1,1,02,09,27,283,41,10,54,164,44*61
$GIGSV,1,1,02,09,27,283,41,10,54,164,44*61
$GIGSV,1,1,02,09,27,283,41,10,54,164,43*66
$GIGSV,1,1,02,09,27,283,41,10,54,164,43*66
$GIGSV,1,1,02,09,27,283,41,10,54,164,43*66
$GIGSV,1,1,02,09,27,283,41,10,54,164,43*66
$GIGSV,1,1,02,09,27,283,41,10,54,164,43*66
$GIGSV,1,1,02,09,27,283,41,10,54,164,43*66
$GIGSV,1,1,02,09,27,283,40,10,54,164,43*67
$GIGSV,1,1,02,09,27,283,40,10,54,164,43*67
$GIGSV,1,1,02,09,27,283,40,10,54,164,43*67
$GIGSV,1,1,02,09,27,283,40,10,54,164,43*67
$GIGSV,1,1,02,09,27,283,40,10,54,164,29*6B
$GIGSV,1,1,02,09,27,283,40,10,54,164,31*62
$GIGSV,1,1,02,09,27,283,40,10,54,164,31*62
$GIGSV,1,1,02,09,27,283,40,10,54,164,30*63
$GIGSV,1,1,02,09,27,283,40,10,54,164,30*63
$GIGSV,1,1,02,09,27,283,40,10,54,164,30*63
$GIGSV,1,1,02,09,27,283,40,10,54,164,31*62
$GIGSV,1,1,02,09,27,283,40,10,54,164,31*62
$GIGSV,1,1,02,09,27,283,40,10,54,164,30*63
$GIGSV,1,1,02,09,27,283,40,10,54,164,30*63
$GIGSV,1,1,02,09,27,283,40,10,54,164,30*63
$GIGSV,1,1,02,09,27,283,40,10,54,164,30*63
$GIGSV,1,1,02,09,27,283,40,10,54,164,30*63
$GIGSV,1,1,02,09,27,283,40,10,54,164,30*63
$GIGSV,1,1,02,09,27,283,40,10,54,164,30*63
$GIGSV,1,1,02,09,27,283,40,10,54,164,30*63
$GIGSV,1,1,02,09,27,283,40,10,54,164,31*62
$GIGSV,1,1,02,09,27,283,41,10,54,164,30*62
$GIGSV,1,1,02,09,27,283,41,10,54,164,30*62
$GIGSV,1,1,02,09,27,283,41,10,54,164,30*62
$GIGSV,1,1,02,09,27,283,41,10,54,164,30*62
$GIGSV,1,1,02,09,27,283,41,10,54,164,30*62
$GIGSV,1,1,02,09,27,283,41,10,54,164,30*62
$GIGSV,1,1,02,09,27,283,41,10,54,164,30*62
$GIGSV,1,1,02,09,27,283,41,10,54,164,30*62
$GIGSV,1,1,02,09,27,283,41,10,54,164,31*63
$GIGSV,1,1,02,09,27,283,41,10,54,164,31*63
$GIGSV,1,1,02,09,27,283,40,10,54,164,31*62
$GIGSV,1,1,02,09,27,283,40,10,54,164,31*62
$GIGSV,1,1,02,09,27,283,40,10,54,164,31*62
$GIGSV,1,1,02,09,27,283,40,10,54,164,29*6B
$GIGSV,1,1,02,09,27,283,40,10,54,164,33*60
$GIGSV,1,1,02,09,27,283,40,10,54,164,33*60
$GIGSV,1,1,02,09,27,283,40,10,54,164,32*61
$GIGSV,1,1,02,09,27,283,40,10,54,164,32*61
$GIGSV,1,1,02,09,27,283,40,10,54,164,33*60
$GIGSV,1,1,02,09,27,283,40,10,54,164,33*60
$GIGSV,1,1,02,09,27,283,40,10,54,164,33*60
$GIGSV,1,1,02,09,27,283,40,10,54,164,32*61
$GIGSV,1,1,02,09,27,283,40,10,54,164,32*61
$GIGSV,1,1,02,09,27,283,40,10,54,164,32*61
$GIGSV,1,1,02,09,27,283,40,10,54,164,32*61
$GIGSV,1,1,02,09,27,283,40,10,54,164,32*61
$GIGSV,1,1,02,09,27,283,39,10,54,164,32*6F
$GIGSV,1,1,02,09,27,283,40,10,54,164,32*61
$GIGSV,1,1,02,09,27,283,40,10,54,164,32*61
$GIGSV,1,1,02,09,27,283,40,10,54,164,32*61
$GIGSV,1,1,02,09,27,283,40,10,54,164,31*62
$GIGSV,1,1,02,09,27,283,40,10,54,164,31*62
$GIGSV,1,1,02,09,27,283,40,10,54,164,31*62
$GIGSV,1,1,02,09,27,283,40,10,54,164,31*62
$GIGSV,1,1,02,09,27,283,40,10,54,164,31*62
$GIGSV,1,1,02,09,27,283,41,10,54,164,31*63
$GIGSV,1,1,02,09,27,283,41,10,54,164,31*63
$GIGSV,1,1,02,09,27,283,41,10,54,164,31*63
$GIGSV,1,1,02,09,27,283,41,10,54,164,31*63
$GIGSV,1,1,02,09,27,283,41,10,54,164,31*63
$GIGSV,1,1,02,09,27,283,41,10,54,164,31*63
$GIGSV,1,1,02,09,27,283,41,10,54,164,31*63
$GIGSV,1,1,02,09,27,283,41,10,54,164,31*63
$GIGSV,1,1,02,09,27,283,41,10,54,164,31*63
$GIGSV,1,1,02,09,27,283,41,10,54,164,31*63
$GIGSV,1,1,02,09,27,283,41,10,54,164,31*63
$GIGSV,1,1,02,09,27,283,41,10,54,164,31*63
$GIGSV,1,1,02,09,27,283,41,10,54,164,31*63
$GIGSV,1,1,02,09,27,283,41,10,54,164,31*63
$GIGSV,1,1,02,09,27,283,41,10,54,164,31*63
$GIGSV,1,1,02,09,27,283,41,10,54,164,31*63
$GIGSV,1,1,02,09,27,283,41,10,54,164,31*63
$GIGSV,1,1,02,09,27,283,41,10,54,164,31*63
$GIGSV,1,1,02,09,27,283,41,10,54,164,31*63
$GIGSV,1,1,02,09,27,283,41,10,54,164,31*63
$GIGSV,1,1,02,09,27,283,41,10,54,164,31*63
$GIGSV,1,1,02,09,27,283,41,10,54,164,31*63
$GIGSV,1,1,02,09,27,283,41,10,54,164,31*63
$GIGSV,1,1,02,09,27,283,41,10,54,164,31*63
$GIGSV,1,1,02,09,27,283,41,10,54,164,31*63
$GIGSV,1,1,02,09,27,283,41,10,54,164,31*63
$GIGSV,1,1,02,09,27,283,41,10,54,164,31*63
$GIGSV,1,1,01,09,27,283,41*51
$GIGSV,1,1,01,09,27,283,41*51
$GIGSV,1,1,01,09,27,283,41*51
$GIGSV,1,1,01,09,27,283,41*51
$GIGSV,1,1,01,09,27,283,41*51
$GIGSV,1,1,01,09,27,283,41*51
$GIGSV,1,1,01,09,27,283,41*51
$GIGSV,1,1,01,09,27,283,41*51
$GIGSV,1,1,01,09,27,283,41*51
$GIGSV,1,1,01,09,27,283,41*51
$GIGSV,1,1,01,09,27,283,41*51
$GIGSV,1,1,01,09,27,283,41*51
$GIGSV,1,1,01,09,27,283,41*51
$GIGSV,1,1,01,09,27,283,41*51
$GIGSV,1,1,01,09,27,283,41*51
$GIGSV,1,1,01,09,27,283,41*51
$GIGSV,1,1,01,09,27,283,40*50
$GIGSV,1,1,01,09,27,283,40*50
$GIGSV,1,1,01,09,27,283,40*50
$GIGSV,1,1,01,09,27,283,40*50
$GIGSV,1,1,01,09,27,283,39*5E
$GIGSV,1,1,01,09,27,283,41*51
$GIGSV,1,1,01,09,27,283,41*51
$GIGSV,1,1,01,09,27,283,41*51
$GIGSV,1,1,01,09,27,283,40*50
$GIGSV,1,1,01,09,27,283,40*50
$GIGSV,1,1,01,09,27,283,41*51
$GIGSV,1,1,01,09,27,283,41*51
$GIGSV,1,1,01,09,27,283,41*51
$GIGSV,1,1,01,09,27,283,41*51
$GIGSV,1,1,01,09,27,283,41*51
$GIGSV,1,1,01,09,27,283,41*51
$GIGSV,1,1,01,09,27,283,41*51
$GIGSV,1,1,01,09,27,283,41*51
$GIGSV,1,1,01,09,27,283,40*50
$GIGSV,1,1,01,09,27,283,40*50
$GIGSV,1,1,01,09,27,283,41*51
$GIGSV,1,1,01,09,27,283,41*51
$GIGSV,1,1,01,09,27,283,41*51
$GIGSV,1,1,01,09,27,283,41*51
$GIGSV,1,1,01,09,27,283,42*52
$GIGSV,1,1,01,09,27,283,42*52
$GIGSV,1,1,01,09,27,283,43*53
$GIGSV,1,1,01,09,27,283,43*53
$GIGSV,1,1,01,09,27,283,43*53
$GIGSV,1,1,01,09,27,283,43*53
$GIGSV,1,1,01,09,27,283,43*53
$GIGSV,1,1,01,09,27,283,43*53
$GIGSV,1,1,01,09,27,283,43*53
$GIGSV,1,1,01,09,27,283,43*53
$GIGSV,1,1,01,09,27,283,43*53
$GIGSV,1,1,01,09,27,283,43*53
$GIGSV,1,1,01,09,27,283,44*54
$GIGSV,1,1,01,09,27,283,44*54
$GIGSV,1,1,01,09,27,283,43*53
$GIGSV,1,1,01,09,27,283,43*53
$GIGSV,1,1,01,09,27,283,42*52
$GIGSV,1,1,01,09,27,283,42*52
$GIGSV,1,1,01,09,27,283,41*51
$GIGSV,1,1,01,09,27,283,41*51
$GIGSV,1,1,01,09,27,283,41*51
$GIGSV,1,1,01,09,27,283,41*51
$GIGSV,1,1,01,09,27,283,41*51
$GIGSV,1,1,01,09,27,283,41*51
$GIGSV,1,1,01,09,27,283,41*51
$GIGSV,1,1,01,09,27,283,41*51
$GIGSV,1,1,01,09,27,283,42*52
$GIGSV,1,1,01,09,27,283,42*52
$GIGSV,1,1,01,09,27,283,43*53
$GIGSV,1,1,01,09,27,283,43*53
$GIGSV,1,1,01,09,27,283,43*53
$GIGSV,1,1,01,09,27,283,42*52
$GIGSV,1,1,01,09,27,283,42*52
$GIGSV,1,1,01,09,27,283,42*52
$GIGSV,1,1,01,09,27,283,42*52
$GIGSV,1,1,01,09,27,283,43*53
$GIGSV,1,1,01,09,27,283,42*52
$GIGSV,1,1,01,09,27,283,42*52
$GIGSV,1,1,01,09,27,283,43*53
$GIGSV,1,1,01,09,27,283,42*52
$GIGSV,1,1,01,09,27,283,43*53
$GIGSV,1,1,01,09,27,283,42*52
$GIGSV,1,1,01,09,27,283,42*52
$GIGSV,1,1,01,09,27,283,42*52
$GIGSV,1,1,01,09,27,283,42*52
$GIGSV,1,1,01,09,27,283,42*52
$GIGSV,1,1,01,09,27,283,41*51
$GIGSV,1,1,01,09,27,283,41*51
$GIGSV,1,1,01,09,27,283,42*52
$GIGSV,1,1,01,09,27,283,42*52
$GIGSV,1,1,01,09,27,283,42*52
$GIGSV,1,1,01,09,27,283,42*52
$GIGSV,1,1,01,09,27,283,43*53
$GIGSV,1,1,01,09,27,283,42*52
$GIGSV,1,1,01,09,27,283,43*53
$GIGSV,1,1,01,09,27,283,44*54
$GIGSV,1,1,01,09,27,283,44*54
$GIGSV,1,1,01,09,27,283,43*53
$GIGSV,1,1,01,09,27,283,43*53
$GIGSV,1,1,01,09,27,283,43*53
$GIGSV,1,1,01,09,27,283,44*54
$GIGSV,1,1,01,09,27,283,43*53
$GIGSV,1,1,01,09,27,283,43*53
$GIGSV,1,1,01,09,27,283,45*55
$GIGSV,1,1,01,09,27,283,44*54
$GIGSV,1,1,01,09,27,283,44*54
$GIGSV,1,1,01,09,27,283,43*53
$GIGSV,1,1,01,09,27,283,43*53
$GIGSV,1,1,01,09,27,283,43*53
$GIGSV,1,1,01,09,27,283,44*54
$GIGSV,1,1,01,09,27,283,43*53
$GIGSV,1,1,01,09,27,283,43*53
$GIGSV,1,1,01,09,27,283,43*53
$GIGSV,1,1,01,09,27,283,43*53
$GIGSV,1,1,01,09,27,283,43*53
$GIGSV,1,1,01,09,27,283,43*53
$GIGSV,1,1,01,09,27,283,43*53
$GIGSV,1,1,01,09,27,283,43*53
$GIGSV,1,1,01,09,27,283,43*53
$GIGSV,1,1,01,09,27,283,42*52
$GIGSV,1,1,01,09,27,283,42*52
$GIGSV,1,1,01,09,27,283,42*52
$GIGSV,1,1,01,09,27,283,42*52
$GIGSV,1,1,01,09,27,283,42*52
$GIGSV,1,1,01,09,27,283,42*52
$GIGSV,1,1,01,09,27,283,42*52
$GIGSV,1,1,01,09,27,283,42*52
$GIGSV,1,1,01,09,27,283,41*51
$GIGSV,1,1,01,09,27,283,41*51
$GIGSV,1,1,01,09,27,283,41*51
$GIGSV,1,1,01,09,27,283,41*51
$GIGSV,1,1,01,09,27,283,41*51
$GIGSV,1,1,01,09,27,283,41*51
$GIGSV,1,1,01,09,27,283,41*51
$GIGSV,1,1,01,09,27,283,41*51
$GIGSV,1,1,01,09,27,283,41*51
$GIGSV,1,1,01,09,27,283,41*51
$GIGSV,1,1,01,09,27,283,41*51
$GIGSV,1,1,01,09,27,283,41*51
$GIGSV,1,1,01,09,27,283,41*51
$GIGSV,1,1,01,09,27,283,41*51
$GIGSV,1,1,01,09,27,283,41*51
$GIGSV,1,1,01,09,27,283,41*51
$GIGSV,1,1,01,09,27,283,41*51
$GIGSV,1,1,01,09,27,283,40*50
$GIGSV,1,1,01,09,27,283,40*50
$GIGSV,1,1,01,09,27,283,40*50
$GIGSV,1,1,01,09,27,283,40*50
$GIGSV,1,1,01,09,27,283,40*50
$GIGSV,1,1,01,09,27,283,40*50
$GIGSV,1,1,01,09,27,283,40*50
$GIGSV,1,1,01,09,27,283,40*50
$GIGSV,1,1,01,09,27,283,40*50
$GIGSV,1,1,01,09,27,283,40*50
$GIGSV,1,1,01,09,27,283,40*50
$GIGSV,1,1,01,09,27,283,40*50
$GIGSV,1,1,01,09,27,283,40*50
$GIGSV,1,1,01,09,27,283,40*50
$GIGSV,1,1,01,09,27,283,40*50
$GIGSV,1,1,01,09,27,283,40*50
$GIGSV,1,1,01,09,27,283,40*50
$GIGSV,1,1,01,09,27,283,40*50
$GIGSV,1,1,01,09,27,283,40*50
$GIGSV,1,1,01,09,27,283,39*5E
$GIGSV,1,1,01,09,27,283,39*5E
$GIGSV,1,1,01,09,27,283,39*5E
$GIGSV,1,1,01,09,27,283,39*5E
$GIGSV,1,1,01,09,27,283,39*5E
$GIGSV,1,1,01,09,27,283,39*5E
$GIGSV,1,1,01,09,27,283,39*5E
$GIGSV,1,1,01,09,27,283,39*5E
$GIGSV,1,1,01,09,27,283,39*5E
$GIGSV,1,1,01,09,27,283,39*5E
$GIGSV,1,1,01,09,27,283,39*5E
$GIGSV,1,1,01,09,27,283,39*5E
$GIGSV,1,1,01,09,27,283,39*5E
$GIGSV,1,1,01,09,27,283,39*5E
$GIGSV,1,1,01,09,27,283,39*5E
$GIGSV,1,1,01,09,27,283,39*5E
$GIGSV,1,1,01,09,27,283,39*5E
$GIGSV,1,1,01,09,27,283,39*5E
$GIGSV,1,1,01,09,27,283,39*5E
$GIGSV,1,1,01,09,27,283,39*5E
$GIGSV,1,1,01,09,27,283,39*5E
$GIGSV,1,1,01,09,27,283,39*5E
$GIGSV,1,1,01,09,27,283,39*5E
$GIGSV,1,1,01,09,27,283,39*5E
$GIGSV,1,1,01,09,27,283,39*5E
$GIGSV,1,1,01,09,27,283,39*5E
$GIGSV,1,1,01,09,27,283,38*5F
$GIGSV,1,1,01,09,27,283,38*5F
$GIGSV,1,1,01,09,27,283,38*5F
$GIGSV,1,1,01,09,27,283,38*5F
$GIGSV,1,1,01,09,27,283,38*5F
$GIGSV,1,1,01,09,27,283,38*5F
$GIGSV,1,1,01,09,27,283,38*5F
$GIGSV,1,1,01,09,27,283,38*5F
$GIGSV,1,1,01,09,27,283,38*5F
$GIGSV,1,1,01,09,27,283,38*5F
$GIGSV,1,1,01,09,27,283,38*5F
$GIGSV,1,1,01,09,27,283,38*5F
$GIGSV,1,1,01,09,27,283,38*5F
$GIGSV,1,1,01,09,27,283,38*5F
$GIGSV,1,1,01,09,27,283,38*5F
$GIGSV,1,1,01,09,27,283,38*5F
$GIGSV,1,1,01,09,27,283,38*5F
$GIGSV,1,1,01,09,27,283,38*5F
$GIGSV,1,1,01,09,27,283,38*5F
$GIGSV,1,1,01,09,27,283,38*5F
$GIGSV,1,1,01,09,27,283,38*5F
$GIGSV,1,1,01,09,27,283,41*51
$GIGSV,1,1,01,09,27,283,40*50
$GIGSV,1,1,01,09,27,283,40*50
$GIGSV,1,1,01,09,27,283,40*50
$GIGSV,1,1,01,09,27,283,39*5E
$GIGSV,1,1,01,09,27,283,40*50
$GIGSV,1,1,01,09,27,283,40*50
$GIGSV,1,1,01,09,27,283,40*50
$GIGSV,1,1,01,09,27,283,40*50
$GIGSV,1,1,01,09,27,283,40*50
$GIGSV,1,1,01,09,27,283,41*51
$GIGSV,1,1,01,09,27,283,41*51
$GIGSV,1,1,01,09,27,283,41*51
$GIGSV,1,1,01,09,27,283,42*52
$GIGSV,1,1,01,09,27,283,41*51
$GIGSV,1,1,01,09,27,283,41*51
$GIGSV,1,1,01,09,27,283,41*51
$GIGSV,1,1,01,09,27,283,41*51
$GIGSV,1,1,01,09,27,283,41*51
$GIGSV,1,1,01,09,27,283,41*51
$GIGSV,1,1,01,09,27,283,42*52
$GIGSV,1,1,01,09,27,283,42*52
$GIGSV,1,1,01,09,27,283,42*52
$GIGSV,1,1,01,09,27,283,42*52
$GIGSV,1,1,01,09,27,283,40*50
$GIGSV,1,1,01,09,27,283,39*5E
$GIGSV,1,1,01,09,27,283,40*50
$GIGSV,1,1,01,09,27,283,41*51
$GIGSV,1,1,01,09,27,283,41*51
$GIGSV,1,1,01,09,27,283,42*52
$GIGSV,1,1,01,09,27,283,42*52
$GIGSV,1,1,01,09,27,283,42*52
$GIGSV,1,1,01,09,27,283,42*52
$GIGSV,1,1,01,09,27,283,43*53
$GIGSV,1,1,01,09,27,283,43*53
$GIGSV,1,1,01,09,27,283,43*53
$GIGSV,1,1,01,09,27,283,43*53
$GIGSV,1,1,01,09,27,283,43*53
$GIGSV,1,1,01,09,27,283,43*53
$GIGSV,1,1,01,09,27,283,42*52
$GIGSV,1,1,01,09,27,283,42*52
$GIGSV,1,1,01,09,27,283,42*52
$GIGSV,1,1,01,09,27,283,42*52
$GIGSV,1,1,01,09,27,283,42*52
$GIGSV,1,1,01,09,27,283,41*51
$GIGSV,1,1,01,09,27,283,42*52
$GIGSV,1,1,01,09,27,283,41*51
$GIGSV,1,1,01,09,27,283,42*52
$GIGSV,1,1,01,09,27,283,42*52
$GIGSV,1,1,01,09,27,283,42*52
$GIGSV,1,1,01,09,27,283,42*52
$GIGSV,1,1,01,09,27,283,42*52
$GIGSV,1,1,01,09,27,283,42*52
$GIGSV,1,1,01,09,27,283,42*52
$GIGSV,1,1,01,09,27,283,42*52
$GIGSV,1,1,01,09,27,283,42*52
$GIGSV,1,1,01,09,27,283,42*52
$GIGSV,1,1,01,09,27,283,42*52
$GIGSV,1,1,01,09,27,283,42*52
$GIGSV,1,1,01,09,27,283,40*50
$GIGSV,1,1,01,09,27,283,40*50
$GIGSV,1,1,01,09,27,283,41*51
$GIGSV,1,1,01,09,27,283,41*51
$GIGSV,1,1,01,09,27,283,41*51
$GIGSV,1,1,01,09,27,283,41*51
$GIGSV,1,1,01,09,27,283,41*51
$GIGSV,1,1,01,09,27,283,41*51
$GIGSV,1,1,01,09,27,283,41*51
$GIGSV,1,1,01,09,27,283,41*51
$GIGSV,1,1,01,09,27,283,41*51
$GIGSV,1,1,01,09,27,283,41*51
$GIGSV,1,1,01,09,27,283,41*51
$GIGSV,1,1,01,09,27,283,41*51
$GIGSV,1,1,01,09,27,283,41*51
$GIGSV,1,1,01,09,27,283,41*51
$GIGSV,1,1,01,09,27,283,41*51
$GIGSV,1,1,01,09,27,283,41*51
$GIGSV,1,1,01,09,27,283,41*51
$GIGSV,1,1,01,09,27,283,41*51
$GIGSV,1,1,01,09,27,283,40*50
$GIGSV,1,1,01,09,27,283,40*50
$GIGSV,1,1,01,09,27,283,40*50
$GIGSV,1,1,01,09,27,283,40*50
$GIGSV,1,1,01,09,27,283,40*50
$GIGSV,1,1,01,09,27,283,40*50
$GIGSV,1,1,01,09,27,283,40*50
$GIGSV,1,1,01,09,27,283,40*50
$GIGSV,1,1,01,09,27,283,40*50
$GIGSV,1,1,01,09,27,283,41*51
$GIGSV,1,1,01,09,27,283,41*51
$GIGSV,1,1,01,09,27,283,41*51
$GIGSV,1,1,01,09,27,283,41*51
$GIGSV,1,1,01,09,27,283,41*51
$GIGSV,1,1,01,09,27,283,40*50
$GIGSV,1,1,01,09,27,283,40*50
$GIGSV,1,1,01,09,27,283,40*50
$GIGSV,1,1,01,09,27,283,40*50
$GIGSV,1,1,01,09,27,283,41*51
$GIGSV,1,1,01,09,27,283,40*50
$GIGSV,1,1,01,09,27,283,40*50
$GIGSV,1,1,01,09,27,283,41*51
$GIGSV,1,1,01,09,27,283,40*50
$GIGSV,1,1,01,09,27,283,40*50
$GIGSV,1,1,01,09,27,283,40*50
$GIGSV,1,1,01,09,27,283,41*51
$GIGSV,1,1,01,09,27,283,41*51
$GIGSV,1,1,01,09,27,283,41*51
$GIGSV,1,1,01,09,27,283,41*51
$GIGSV,1,1,01,09,27,283,41*51
$GIGSV,1,1,01,09,27,283,41*51
$GIGSV,1,1,01,09,27,283,41*51
$GIGSV,1,1,01,09,27,283,41*51
$GIGSV,1,1,01,09,27,283,41*51
$GIGSV,1,1,01,09,27,283,41*51
$GIGSV,1,1,01,09,27,283,41*51
$GIGSV,1,1,01,09,27,283,41*51
$GIGSV,1,1,01,09,27,283,41*51
$GIGSV,1,1,01,09,27,283,41*51
$GIGSV,1,1,01,09,27,283,41*51
$GIGSV,1,1,01,09,27,283,41*51
$GIGSV,1,1,01,09,27,283,41*51
$GIGSV,1,1,01,09,27,283,41*51
$GIGSV,1,1,01,09,27,283,41*51
$GIGSV,1,1,01,09,27,283,41*51
$GIGSV,1,1,01,09,27,283,41*51
$GIGSV,1,1,01,09,27,283,41*51
$GIGSV,1,1,01,09,27,283,41*51
$GIGSV,1,1,01,09,27,283,41*51
$GIGSV,1,1,01,09,27,283,41*51
$GIGSV,1,1,01,09,27,283,42*52
$GIGSV,1,1,01,09,27,283,42*52
$GIGSV,1,1,01,09,27,283,42*52
$GIGSV,1,1,01,09,27,283,42*52
$GIGSV,1,1,01,09,27,283,42*52
$GIGSV,1,1,01,09,27,283,42*52
$GIGSV,1,1,01,09,27,283,42*52
$GIGSV,1,1,01,09,27,283,42*52
$GIGSV,1,1,01,09,27,283,42*52
$GIGSV,1,1,01,09,27,283,42*52
$GIGSV,1,1,01,09,27,283,42*52
$GIGSV,1,1,01,09,27,283,42*52
$GIGSV,1,1,01,09,27,283,42*52
$GIGSV,1,1,01,09,27,283,42*52
$GIGSV,1,1,01,09,27,283,42*52
$GIGSV,1,1,01,09,27,283,42*52
$GIGSV,1,1,01,09,27,283,42*52
$GIGSV,1,1,01,09,27,283,42*52
$GIGSV,1,1,01,09,27,283,42*52
$GIGSV,1,1,01,09,27,283,42*52
$GIGSV,1,1,01,09,27,283,42*52
$GIGSV,1,1,01,09,27,283,42*52
$GIGSV,1,1,01,09,27,283,42*52
$GIGSV,1,1,01,09,27,283,42*52
$GIGSV,1,1,01,09,27,283,42*52
$GIGSV,1,1,01,09,27,283,42*52
$GIGSV,1,1,01,09,27,283,42*52
$GIGSV,1,1,01,09,27,283,42*52
$GIGSV,1,1,01,09,27,283,42*52
$GIGSV,1,1,01,09,27,283,41*51
$GIGSV,1,1,01,09,27,283,41*51
$GIGSV,1,1,01,09,27,283,40*50
$GIGSV,1,1,01,09,27,283,40*50
$GIGSV,1,1,01,09,27,283,40*50
$GIGSV,1,1,01,09,27,283,40*50
$GIGSV,1,1,01,09,27,283,40*50
$GIGSV,1,1,01,09,27,283,40*50
$GIGSV,1,1,01,09,27,283,41*51
$GIGSV,1,1,01,09,27,283,41*51
$GIGSV,1,1,01,09,27,283,41*51
$GIGSV,1,1,01,09,27,283,41*51
$GIGSV,1,1,01,09,27,283,41*51
$GIGSV,1,1,01,09,27,283,42*52
$GIGSV,1,1,01,09,27,283,42*52
$GIGSV,1,1,01,09,27,283,42*52
$GIGSV,1,1,01,09,27,283,42*52
$GIGSV,1,1,01,09,27,283,42*52
$GIGSV,1,1,01,09,27,283,42*52
$GIGSV,1,1,01,09,27,283,42*52
$GIGSV,1,1,01,09,27,283,42*52
$GIGSV,1,1,01,09,27,283,42*52
$GIGSV,1,1,01,09,27,283,42*52
$GIGSV,1,1,01,09,27,283,42*52
$GIGSV,1,1,01,09,27,283,42*52
$GIGSV,1,1,01,09,27,283,42*52
$GIGSV,1,1,01,09,27,283,42*52
$GIGSV,1,1,01,09,27,283,42*52
$GIGSV,1,1,01,09,27,283,42*52
$GIGSV,1,1,01,09,27,283,42*52
$GIGSV,1,1,01,09,27,283,42*52
$GIGSV,1,1,01,09,27,283,42*52
$GIGSV,1,1,01,09,27,283,42*52
$GIGSV,1,1,01,09,27,283,42*52
$GIGSV,1,1,01,09,27,283,42*52
$GIGSV,1,1,01,09,27,283,42*52
$GIGSV,1,1,01,09,27,283,42*52
$GIGSV,1,1,01,09,27,283,42*52
$GIGSV,1,1,01,09,27,283,42*52
$GIGSV,1,1,01,09,27,283,42*52
$GIGSV,1,1,01,09,27,283,42*52
$GIGSV,1,1,01,09,27,283,42*52
$GIGSV,1,1,01,09,27,283,42*52
$GIGSV,1,1,01,09,27,283,42*52
$GIGSV,1,1,01,09,27,283,42*52
$GIGSV,1,1,01,09,27,283,42*52
$GIGSV,1,1,01,09,27,283,42*52
$GIGSV,1,1,01,09,27,283,42*52
$GIGSV,1,1,01,09,27,283,42*52
$GIGSV,1,1,01,09,27,283,42*52
$GIGSV,1,1,01,09,27,283,42*52
$GIGSV,1,1,01,09,27,283,42*52
$GIGSV,1,1,01,09,27,283,42*52
$GIGSV,1,1,01,09,27,283,42*52
$GIGSV,1,1,01,09,27,283,42*52
$GIGSV,1,1,01,09,27,283,42*52
$GIGSV,1,1,01,09,27,283,42*52
$GIGSV,1,1,01,09,27,283,42*52
$GIGSV,1,1,01,09,27,283,42*52
$GIGSV,1,1,01,09,27,283,42*52
$GIGSV,1,1,01,09,27,283,42*52
$GIGSV,1,1,01,09,27,283,42*52
$GIGSV,1,1,01,09,27,283,42*52
$GIGSV,1,1,01,09,27,283,42*52
$GIGSV,1,1,01,09,27,283,42*52
$GIGSV,1,1,01,09,27,283,42*52
$GIGSV,1,1,01,09,27,283,42*52
$GIGSV,1,1,01,09,27,283,42*52
$GIGSV,1,1,01,09,27,283,42*52
$GIGSV,1,1,01,09,27,283,42*52
$GIGSV,1,1,01,09,27,283,42*52
$GIGSV,1,1,01,09,27,283,42*52
$GIGSV,1,1,01,09,27,283,42*52
$GIGSV,1,1,01,09,27,283,42*52
$GIGSV,1,1,01,09,27,283,42*52
$GIGSV,1,1,01,09,27,283,42*52
$GIGSV,1,1,01,09,27,283,42*52
$GIGSV,1,1,01,09,27,283,42*52
$GIGSV,1,1,01,09,27,283,42*52
$GIGSV,1,1,01,09,27,283,42*52
$GIGSV,1,1,01,09,27,283,42*52
$GIGSV,1,1,01,09,27,283,42*52
$GIGSV,1,1,01,09,27,283,42*52
$GIGSV,1,1,01,09,27,283,43*53
$GIGSV,1,1,01,09,27,283,43*53
$GIGSV,1,1,01,09,27,283,43*53
$GIGSV,1,1,01,09,27,283,43*53
$GIGSV,1,1,01,09,27,283,43*53
$GIGSV,1,1,01,09,27,283,43*53
$GIGSV,1,1,01,09,27,283,43*53
$GIGSV,1,1,01,09,27,283,43*53
$GIGSV,1,1,01,09,27,283,43*53
$GIGSV,1,1,01,09,27,283,43*53
$GIGSV,1,1,01,09,27,283,43*53
$GIGSV,1,1,01,09,27,283,43*53
$GIGSV,1,1,01,09,27,283,43*53
$GIGSV,1,1,01,09,27,283,43*53
$GIGSV,1,1,01,09,27,283,43*53
$GIGSV,1,1,01,09,27,283,43*53
$GIGSV,1,1,01,09,27,283,43*53
$GIGSV,1,1,01,09,27,283,43*53
$GIGSV,1,1,01,09,27,283,43*53
$GIGSV,1,1,01,09,27,283,43*53
$GIGSV,1,1,01,09,27,283,43*53
$GIGSV,1,1,01,09,27,283,43*53
$GIGSV,1,1,01,09,27,283,43*53
$GIGSV,1,1,01,09,27,283,43*53
$GIGSV,1,1,01,09,27,283,43*53
$GIGSV,1,1,01,09,27,283,43*53
$GIGSV,1,1,01,09,27,283,42*52
$GIGSV,1,1,01,09,27,283,42*52
$GIGSV,1,1,01,09,27,283,42*52
$GIGSV,1,1,01,09,27,283,43*53
$GIGSV,1,1,01,09,27,283,43*53
$GIGSV,1,1,01,09,27,283,43*53
$GIGSV,1,1,01,09,27,283,43*53
$GIGSV,1,1,01,09,27,283,43*53
$GIGSV,1,1,01,09,27,283,43*53
$GIGSV,1,1,01,09,27,283,43*53
$GIGSV,1,1,01,09,27,283,43*53
$GIGSV,1,1,01,09,27,283,43*53
$GIGSV,1,1,01,09,27,283,43*53
$GIGSV,1,1,01,09,27,283,43*53
$GIGSV,1,1,01,09,27,283,43*53
$GIGSV,1,1,01,09,27,283,43*53
$GIGSV,1,1,01,09,27,283,43*53
$GIGSV,1,1,01,09,27,283,43*53
$GIGSV,1,1,01,09,27,283,43*53
$GIGSV,1,1,01,09,27,283,43*53
$GIGSV,1,1,01,09,27,283,43*53
$GIGSV,1,1,01,09,27,283,43*53
$GIGSV,1,1,01,09,27,283,43*53
$GIGSV,1,1,01,09,27,283,43*53
$GIGSV,1,1,01,09,27,283,43*53
$GIGSV,1,1,01,09,27,283,43*53
$GIGSV,1,1,01,09,27,283,43*53
$GIGSV,1,1,01,09,27,283,43*53
$GIGSV,1,1,01,09,27,283,43*53
$GIGSV,1,1,01,09,27,283,43*53
$GIGSV,1,1,01,09,27,283,43*53
$GIGSV,1,1,01,09,27,283,43*53
$GIGSV,1,1,01,09,27,283,43*53
$GIGSV,1,1,01,09,27,283,43*53
$GIGSV,1,1,01,09,27,283,43*53
$GIGSV,1,1,01,09,27,283,43*53
$GIGSV,1,1,01,09,27,283,43*53
$GIGSV,1,1,01,09,27,283,43*53
$GIGSV,1,1,01,09,27,283,43*53
$GIGSV,1,1,01,09,27,283,43*53
$GIGSV,1,1,01,09,27,283,43*53
$GIGSV,1,1,01,09,27,283,43*53
$GIGSV,1,1,01,09,27,283,43*53
$GIGSV,1,1,01,09,27,283,42*52
$GIGSV,1,1,01,09,27,283,42*52
$GIGSV,1,1,01,09,27,283,42*52
$GIGSV,1,1,01,09,27,283,42*52
$GIGSV,1,1,01,09,27,283,42*52
$GIGSV,1,1,01,09,27,283,42*52
$GIGSV,1,1,01,09,27,283,42*52
$GIGSV,1,1,01,09,27,283,43*53
$GIGSV,1,1,01,09,27,283,43*53
$GIGSV,1,1,01,09,27,283,43*53
$GIGSV,1,1,01,09,27,283,43*53
$GIGSV,1,1,01,09,27,283,43*53
$GIGSV,1,1,01,09,27,283,43*53
$GIGSV,1,1,01,09,27,283,43*53
$GIGSV,1,1,01,09,27,283,43*53
$GIGSV,1,1,01,09,27,283,43*53
$GIGSV,1,1,01,09,27,283,43*53
$GIGSV,1,1,01,09,27,283,43*53
$GIGSV,1,1,01,09,27,283,42*52
$GIGSV,1,1,01,09,27,283,42*52
$GIGSV,1,1,01,09,27,283,42*52
$GIGSV,1,1,01,09,27,283,42*52
$GIGSV,1,1,01,09,27,283,42*52
$GIGSV,1,1,01,09,27,283,42*52
$GIGSV,1,1,01,09,27,283,42*52
$GIGSV,1,1,01,09,27,283,42*52
$GIGSV,1,1,01,09,27,283,42*52
$GIGSV,1,1,01,09,27,283,42*52
$GIGSV,1,1,01,09,27,283,42*52
$GIGSV,1,1,01,09,27,283,42*52
$GIGSV,1,1,01,09,27,283,42*52
$GIGSV,1,1,01,09,27,283,42*52
$GIGSV,1,1,01,09,27,283,42*52
$GIGSV,1,1,01,09,27,283,42*52
$GIGSV,1,1,01,09,27,283,42*52
$GIGSV,1,1,01,09,27,283,42*52
$GIGSV,1,1,01,09,27,283,42*52
$GIGSV,1,1,01,09,27,283,42*52
$GIGSV,1,1,01,09,27,283,42*52
$GIGSV,1,1,01,09,27,283,42*52
$GIGSV,1,1,01,09,27,283,42*52
$GIGSV,1,1,01,09,27,283,42*52
$GIGSV,1,1,01,09,27,283,42*52
$GIGSV,1,1,01,09,27,283,42*52
$GIGSV,1,1,01,09,27,283,42*52
$GIGSV,1,1,01,09,27,283,42*52
$GIGSV,1,1,01,09,27,283,42*52
$GIGSV,1,1,01,09,27,283,42*52
$GIGSV,1,1,01,09,27,283,42*52
$GIGSV,1,1,01,09,27,283,42*52
$GIGSV,1,1,01,09,27,283,42*52
$GIGSV,1,1,01,09,27,283,42*52
$GIGSV,1,1,01,09,27,283,42*52
$GIGSV,1,1,01,09,27,283,42*52
$GIGSV,1,1,01,09,27,283,42*52
$GIGSV,1,1,01,09,27,283,42*52
$GIGSV,1,1,01,09,27,283,42*52
$GIGSV,1,1,01,09,27,283,42*52
$GIGSV,1,1,01,09,27,283,42*52
$GIGSV,1,1,01,09,27,283,42*52
$GIGSV,1,1,01,09,27,283,42*52
$GIGSV,1,1,01,09,27,283,42*52
$GIGSV,1,1,01,09,27,283,42*52
$GIGSV,1,1,01,09,27,283,42*52
$GIGSV,1,1,01,09,27,283,42*52
$GIGSV,1,1,01,09,27,283,42*52
$GIGSV,1,1,01,09,27,283,42*52
$GIGSV,1,1,01,09,27,283,42*52
$GIGSV,1,1,01,09,27,283,42*52
$GIGSV,1,1,01,09,27,283,42*52
$GIGSV,1,1,01,09,27,283,42*52
$GIGSV,1,1,01,09,27,283,42*52
$GIGSV,1,1,01,09,27,283,42*52
$GIGSV,1,1,01,09,27,283,42*52
$GIGSV,1,1,01,09,27,283,42*52
$GIGSV,1,1,01,09,27,283,42*52
$GIGSV,1,1,01,09,27,283,42*52
$GIGSV,1,1,01,09,27,283,42*52
$GIGSV,1,1,01,09,27,283,42*52
$GIGSV,1,1,01,09,27,283,42*52
$GIGSV,1,1,01,09,27,283,42*52
$GIGSV,1,1,01,09,27,283,42*52
$GIGSV,1,1,01,09,27,283,42*52
$GIGSV,1,1,01,09,27,283,42*52
$GIGSV,1,1,01,09,27,283,42*52
$GIGSV,1,1,01,09,27,283,42*52
$GIGSV,1,1,01,09,27,283,42*52
$GIGSV,1,1,01,09,27,283,42*52
$GIGSV,1,1,01,09,27,283,42*52
$GIGSV,1,1,01,09,27,283,42*52
$GIGSV,1,1,01,09,27,283,42*52
$GIGSV,1,1,01,09,27,283,42*52
$GIGSV,1,1,01,09,27,283,42*52
$GIGSV,1,1,01,09,27,283,42*52
$GIGSV,1,1,01,09,27,283,42*52
$GIGSV,1,1,01,09,27,283,42*52
$GIGSV,1,1,01,09,27,283,42*52
$GIGSV,1,1,01,09,27,283,42*52
$GIGSV,1,1,01,09,27,283,42*52
$GIGSV,1,1,01,09,27,283,42*52
$GIGSV,1,1,01,09,27,283,42*52
$GIGSV,1,1,01,09,27,283,42*52
$GIGSV,1,1,01,09,27,283,42*52
$GIGSV,1,1,01,09,27,283,42*52
$GIGSV,1,1,01,09,27,283,42*52
$GIGSV,1,1,01,09,27,283,42*52
$GIGSV,1,1,01,09,27,283,42*52
$GIGSV,1,1,01,09,27,283,42*52
$GIGSV,1,1,01,09,27,283,42*52
$GIGSV,1,1,01,09,27,283,42*52
$GIGSV,1,1,01,09,27,283,42*52
$GIGSV,1,1,01,09,27,283,42*52
$GIGSV,1,1,01,09,27,283,42*52
$GIGSV,1,1,01,09,27,283,42*52
$GIGSV,1,1,01,09,27,283,42*52
$GIGSV,1,1,01,09,27,283,42*52
$GIGSV,1,1,01,09,27,283,42*52
$GIGSV,1,1,01,09,27,283,42*52
$GIGSV,1,1,01,09,27,283,42*52
$GIGSV,1,1,01,09,27,283,42*52
$GIGSV,1,1,01,09,27,283,42*52
$GIGSV,1,1,01,09,27,283,42*52
$GIGSV,1,1,01,09,27,283,42*52
$GIGSV,1,1,01,09,27,283,42*52
$GIGSV,1,1,01,09,27,283,42*52
$GIGSV,1,1,01,09,27,283,42*52
$GIGSV,1,1,01,09,27,283,42*52
$GIGSV,1,1,01,09,27,283,42*52
$GIGSV,1,1,01,09,27,283,42*52
$GIGSV,1,1,01,09,27,283,42*52
$GIGSV,1,1,01,09,27,283,42*52
$GIGSV,1,1,01,09,27,283,42*52
$GIGSV,1,1,01,09,27,283,42*52
$GIGSV,1,1,01,09,27,283,42*52
$GIGSV,1,1,01,09,27,283,42*52
$GIGSV,1,1,01,09,27,283,42*52
$GIGSV,1,1,01,09,27,283,42*52
$GIGSV,1,1,01,09,27,283,42*52
$GIGSV,1,1,01,09,27,283,42*52
$GIGSV,1,1,01,09,27,283,42*52
$GIGSV,1,1,01,09,27,283,42*52
$GIGSV,1,1,01,09,27,283,42*52
$GIGSV,1,1,01,09,27,283,42*52
$GIGSV,1,1,01,09,27,283,42*52
$GIGSV,1,1,01,09,27,283,42*52
$GIGSV,1,1,01,09,27,283,42*52
$GIGSV,1,1,01,09,27,283,42*52
$GIGSV,1,1,01,09,27,283,42*52
$GIGSV,1,1,01,09,27,283,42*52
$GIGSV,1,1,01,09,27,283,42*52
$GIGSV,1,1,01,09,27,283,42*52
$GIGSV,1,1,01,09,27,283,42*52
$GIGSV,1,1,01,09,27,283,42*52
$GIGSV,1,1,01,09,27,283,42*52
$GIGSV,1,1,01,09,27,283,42*52
$GIGSV,1,1,01,09,27,283,42*52
$GIGSV,1,1,01,09,27,283,42*52
$GIGSV,1,1,01,09,27,283,42*52
$GIGSV,1,1,01,09,27,283,42*52
$GIGSV,1,1,01,09,27,283,42*52
$GIGSV,1,1,02,09,27,283,42,10,54,164,33*62
$GIGSV,1,1,01,09,27,283,42*52
$GIGSV,1,1,01,09,27,283,42*52
$GIGSV,1,1,02,09,27,283,42,10,54,164,34*65
$GIGSV,1,1,01,09,27,283,42*52
$GIGSV,1,1,02,09,27,283,42,10,54,164,33*62
$GIGSV,1,1,02,09,27,283,42,10,54,164,33*62
$GIGSV,1,1,02,09,27,283,42,10,54,164,33*62
$GIGSV,1,1,02,09,27,283,42,10,54,164,33*62
$GIGSV,1,1,02,09,27,283,42,10,54,164,34*65
$GIGSV,1,1,02,09,27,283,42,10,54,164,34*65
$GIGSV,1,1,02,09,27,283,42,10,54,164,34*65
$GIGSV,1,1,02,09,27,283,42,10,54,164,34*65
$GIGSV,1,1,02,09,27,283,42,10,54,164,34*65
$GIGSV,1,1,02,09,27,283,42,10,54,164,34*65
$GIGSV,1,1,02,09,27,283,42,10,54,164,34*65
$GIGSV,1,1,02,09,27,283,42,10,54,164,34*65
$GIGSV,1,1,02,09,27,283,42,10,54,164,34*65
$GIGSV,1,1,02,09,27,283,42,10,54,164,34*65
$GIGSV,1,1,02,09,27,283,42,10,54,164,34*65
$GIGSV,1,1,02,09,27,283,42,10,54,164,34*65
$GIGSV,1,1,02,09,27,283,42,10,54,164,34*65
$GIGSV,1,1,02,09,27,283,42,10,54,164,34*65
$GIGSV,1,1,02,09,27,283,42,10,54,164,34*65
$GIGSV,1,1,02,09,27,283,42,10,54,164,34*65
$GIGSV,1,1,02,09,27,283,42,10,54,164,34*65
$GIGSV,1,1,02,09,27,283,42,10,54,164,34*65
$GIGSV,1,1,02,09,27,283,42,10,54,164,34*65
$GIGSV,1,1,02,09,27,283,42,10,54,164,34*65
$GIGSV,1,1,02,09,27,283,42,10,54,164,34*65
$GIGSV,1,1,02,09,27,283,42,10,54,164,34*65
$GIGSV,1,1,02,09,27,283,42,10,54,164,34*65
$GIGSV,1,1,02,09,27,283,42,10,54,164,34*65
$GIGSV,1,1,02,09,27,283,42,10,54,164,34*65
$GIGSV,1,1,02,09,27,283,42,10,54,164,34*65
$GIGSV,1,1,02,09,27,283,42,10,54,164,34*65
$GIGSV,1,1,02,09,27,283,42,10,54,164,34*65
$GIGSV,1,1,02,09,27,283,42,10,54,164,34*65
$GIGSV,1,1,02,09,27,283,42,10,54,164,34*65
$GIGSV,1,1,02,09,27,283,42,10,54,164,34*65
$GIGSV,1,1,02,09,27,283,42,10,54,164,33*62
$GIGSV,1,1,02,09,27,283,42,10,54,164,34*65
$GIGSV,1,1,02,09,27,283,42,10,54,164,34*65
$GIGSV,1,1,02,09,27,283,42,10,54,164,34*65
$GIGSV,1,1,02,09,27,283,42,10,54,164,34*65
$GIGSV,1,1,02,09,27,283,42,10,54,164,34*65
$GIGSV,1,1,02,09,27,283,42,10,54,164,34*65
$GIGSV,1,1,02,09,27,283,42,10,54,164,34*65
$GIGSV,1,1,02,09,27,283,42,10,54,164,34*65
$GIGSV,1,1,02,09,27,283,42,10,54,164,34*65
$GIGSV,1,1,02,09,27,283,42,10,54,164,34*65
$GIGSV,1,1,02,09,27,283,42,10,54,164,34*65
$GIGSV,1,1,02,09,27,283,42,10,54,164,34*65
$GIGSV,1,1,02,09,27,283,42,10,54,164,34*65
$GIGSV,1,1,02,09,27,283,42,10,54,164,34*65
$GIGSV,1,1,02,09,27,283,42,10,54,164,34*65
$GIGSV,1,1,02,09,27,283,42,10,54,164,34*65
$GIGSV,1,1,02,09,27,283,42,10,54,164,34*65
$GIGSV,1,1,02,09,27,283,41,10,54,164,34*66
$GIGSV,1,1,02,09,27,283,41,10,54,164,34*66
$GIGSV,1,1,02,09,27,283,41,10,54,164,34*66
$GIGSV,1,1,02,09,27,283,41,10,54,164,34*66
$GIGSV,1,1,02,09,27,283,41,10,54,164,34*66
$GIGSV,1,1,02,09,27,283,41,10,54,164,34*66
$GIGSV,1,1,02,09,27,283,41,10,54,164,34*66
$GIGSV,1,1,02,09,27,283,41,10,54,164,34*66
$GIGSV,1,1,02,09,27,283,41,10,54,164,34*66
$GIGSV,1,1,02,09,27,283,41,10,54,164,34*66
$GIGSV,1,1,02,09,27,283,41,10,54,164,34*66
$GIGSV,1,1,02,09,27,283,41,10,54,164,34*66
$GIGSV,1,1,02,09,27,283,41,10,54,164,33*61
$GIGSV,1,1,02,09,27,283,41,10,54,164,33*61
$GIGSV,1,1,02,09,27,283,41,10,54,164,33*61
$GIGSV,1,1,02,09,27,283,41,10,54,164,33*61
$GIGSV,1,1,02,09,27,283,41,10,54,164,34*66
$GIGSV,1,1,02,09,27,283,41,10,54,164,33*61
$GIGSV,1,1,02,09,27,283,41,10,54,164,34*66
$GIGSV,1,1,02,09,27,283,41,10,54,164,34*66
$GIGSV,1,1,02,09,27,283,41,10,54,164,33*61
$GIGSV,1,1,02,09,27,283,41,10,54,164,33*61
$GIGSV,1,1,02,09,27,283,41,10,54,164,33*61
$GIGSV,1,1,02,09,27,283,41,10,54,164,33*61
$GIGSV,1,1,02,09,27,283,41,10,54,164,33*61
$GIGSV,1,1,02,09,27,283,41,10,54,164,33*61
$GIGSV,1,1,02,09,27,283,41,10,54,164,33*61
$GIGSV,1,1,02,09,27,283,41,10,54,164,33*61
$GIGSV,1,1,02,09,27,283,41,10,54,164,33*61
$GIGSV,1,1,02,09,27,283,41,10,54,164,33*61
$GIGSV,1,1,02,09,27,283,41,10,54,164,33*61
$GIGSV,1,1,02,09,27,283,41,10,54,164,33*61
$GIGSV,1,1,02,09,27,283,41,10,54,164,33*61
$GIGSV,1,1,02,09,27,283,41,10,54,164,33*61
$GIGSV,1,1,02,09,27,283,41,10,54,164,34*66
$GIGSV,1,1,02,09,27,283,41,10,54,164,34*66
$GIGSV,1,1,02,09,27,283,41,10,54,164,34*66
$GIGSV,1,1,02,09,27,283,41,10,54,164,34*66
$GIGSV,1,1,02,09,27,283,41,10,54,164,34*66
$GIGSV,1,1,02,09,27,283,41,10,54,164,34*66
$GIGSV,1,1,02,09,27,283,41,10,54,164,34*66
$GIGSV,1,1,02,09,27,283,41,10,54,164,34*66
$GIGSV,1,1,02,09,27,283,41,10,54,164,34*66
$GIGSV,1,1,02,09,27,283,41,10,54,164,34*66
$GIGSV,1,1,02,09,27,283,41,10,54,164,34*66
$GIGSV,1,1,02,09,27,283,41,10,54,164,34*66
$GIGSV,1,1,02,09,27,283,41,10,54,164,34*66
$GIGSV,1,1,02,09,27,283,41,10,54,164,34*66
$GIGSV,1,1,02,09,27,283,41,10,54,164,34*66
$GIGSV,1,1,02,09,27,283,41,10,54,164,34*66
$GIGSV,1,1,02,09,27,283,41,10,54,164,34*66
$GIGSV,1,1,02,09,27,283,41,10,54,164,34*66
$GIGSV,1,1,02,09,27,283,41,10,54,164,34*66
$GIGSV,1,1,02,09,27,283,41,10,54,164,34*66
$GIGSV,1,1,02,09,27,283,41,10,54,164,34*66
$GIGSV,1,1,02,09,27,283,41,10,54,164,34*66
$GIGSV,1,1,02,09,27,283,41,10,54,164,34*66
$GIGSV,1,1,02,09,27,283,41,10,54,164,34*66
$GIGSV,1,1,02,09,27,283,41,10,54,164,34*66
$GIGSV,1,1,02,09,27,283,41,10,54,164,34*66
$GIGSV,1,1,02,09,27,283,41,10,54,164,34*66
$GIGSV,1,1,02,09,27,283,41,10,54,164,34*66
$GIGSV,1,1,02,09,27,283,40,10,54,164,34*67
$GIGSV,1,1,02,09,27,283,40,10,54,164,34*67
$GIGSV,1,1,02,09,27,283,40,10,54,164,34*67
$GIGSV,1,1,02,09,27,283,41,10,54,164,34*66
$GIGSV,1,1,02,09,27,283,41,10,54,164,34*66
$GIGSV,1,1,02,09,27,283,41,10,54,164,34*66
$GIGSV,1,1,02,09,27,283,41,10,54,164,34*66
$GIGSV,1,1,02,09,27,283,41,10,54,164,34*66
$GIGSV,1,1,02,09,27,283,41,10,54,164,34*66
$GIGSV,1,1,02,09,27,283,41,10,54,164,34*66
$GIGSV,1,1,02,09,27,283,41,10,54,164,34*66
$GIGSV,1,1,02,09,27,283,41,10,54,164,34*66
$GIGSV,1,1,02,09,27,283,41,10,54,164,34*66
$GIGSV,1,1,02,09,27,283,41,10,54,164,34*66
$GIGSV,1,1,02,09,27,283,41,10,54,164,34*66
$GIGSV,1,1,02,09,27,283,41,10,54,164,34*66
$GIGSV,1,1,02,09,27,283,41,10,54,164,34*66
$GIGSV,1,1,02,09,27,283,41,10,54,164,34*66
$GIGSV,1,1,02,09,27,283,41,10,54,164,34*66
$GIGSV,1,1,02,09,27,283,40,10,54,164,34*67
$GIGSV,1,1,02,09,27,283,40,10,54,164,34*67
$GIGSV,1,1,02,09,27,283,40,10,54,164,34*67
$GIGSV,1,1,02,09,27,283,40,10,54,164,34*67
$GIGSV,1,1,02,09,27,283,40,10,54,164,34*67
$GIGSV,1,1,02,09,27,283,40,10,54,164,34*67
$GIGSV,1,1,02,09,27,283,40,10,54,164,33*60
$GIGSV,1,1,02,09,27,283,40,10,54,164,34*67
$GIGSV,1,1,02,09,27,283,40,10,54,164,34*67
$GIGSV,1,1,02,09,27,283,40,10,54,164,34*67
$GIGSV,1,1,02,09,27,283,40,10,54,164,34*67
$GIGSV,1,1,02,09,27,283,40,10,54,164,33*60
$GIGSV,1,1,02,09,27,283,40,10,54,164,33*60
$GIGSV,1,1,02,09,27,283,40,10,54,164,33*60
$GIGSV,1,1,02,09,27,283,40,10,54,164,33*60
$GIGSV,1,1,02,09,27,283,40,10,54,164,33*60
$GIGSV,1,1,02,09,27,283,40,10,54,164,33*60
$GIGSV,1,1,02,09,27,283,40,10,54,164,33*60
$GIGSV,1,1,02,09,27,283,40,10,54,164,33*60
$GIGSV,1,1,02,09,27,283,40,10,54,164,34*67
$GIGSV,1,1,02,09,27,283,40,10,54,164,34*67
$GIGSV,1,1,02,09,27,283,40,10,54,164,34*67
$GIGSV,1,1,02,09,27,283,40,10,54,164,34*67
$GIGSV,1,1,02,09,27,283,40,10,54,164,34*67
$GIGSV,1,1,02,09,27,283,40,10,54,164,34*67
$GIGSV,1,1,02,09,27,283,40,10,54,164,34*67
$GIGSV,1,1,02,09,27,283,40,10,54,164,34*67
$GIGSV,1,1,02,09,27,283,40,10,54,164,34*67
$GIGSV,1,1,02,09,27,283,40,10,54,164,34*67
$GIGSV,1,1,02,09,27,283,40,10,54,164,34*67
$GIGSV,1,1,02,09,27,283,40,10,54,164,34*67
$GIGSV,1,1,02,09,27,283,40,10,54,164,34*67
$GIGSV,1,1,02,09,27,283,40,10,54,164,34*67
$GIGSV,1,1,02,09,27,283,40,10,54,164,34*67
$GIGSV,1,1,02,09,27,283,40,10,54,164,34*67
$GIGSV,1,1,02,09,27,283,40,10,54,164,34*67
$GIGSV,1,1,02,09,27,283,40,10,54,164,34*67
$GIGSV,1,1,02,09,27,283,40,10,54,164,34*67
$GIGSV,1,1,02,09,27,283,40,10,54,164,34*67
$GIGSV,1,1,02,09,27,283,40,10,54,164,34*67
$GIGSV,1,1,02,09,27,283,40,10,54,164,34*67
$GIGSV,1,1,02,09,27,283,40,10,54,164,34*67
$GIGSV,1,1,02,09,27,283,40,10,54,164,34*67
$GIGSV,1,1,02,09,27,283,40,10,54,164,34*67
$GIGSV,1,1,02,09,27,283,40,10,54,164,34*67
$GIGSV,1,1,02,09,27,283,40,10,54,164,34*67
$GIGSV,1,1,02,09,27,283,40,10,54,164,34*67
$GIGSV,1,1,02,09,27,283,40,10,54,164,34*67
$GIGSV,1,1,02,09,27,283,40,10,54,164,34*67
$GIGSV,1,1,02,09,27,283,40,10,54,164,34*67
$GIGSV,1,1,02,09,27,283,40,10,54,164,34*67
$GIGSV,1,1,02,09,27,283,40,10,54,164,34*67
$GIGSV,1,1,02,09,27,283,40,10,54,164,34*67
$GIGSV,1,1,02,09,27,283,40,10,54,164,34*67
$GIGSV,1,1,02,09,27,283,40,10,54,164,34*67
$GIGSV,1,1,02,09,27,283,40,10,54,164,34*67
$GIGSV,1,1,02,09,27,283,40,10,54,164,34*67
$GIGSV,1,1,02,09,27,283,40,10,54,164,34*67
$GIGSV,1,1,02,09,27,283,40,10,54,164,34*67
$GIGSV,1,1,02,09,27,283,40,10,54,164,34*67
$GIGSV,1,1,02,09,27,283,40,10,54,164,34*67
$GIGSV,1,1,02,09,27,283,40,10,54,164,34*67
$GIGSV,1,1,02,09,27,283,40,10,54,164,34*67
$GIGSV,1,1,02,09,27,283,40,10,54,164,34*67
$GIGSV,1,1,02,09,27,283,40,10,54,164,34*67
$GIGSV,1,1,02,09,27,283,40,10,54,164,34*67
$GIGSV,1,1,02,09,27,283,40,10,54,164,34*67
$GIGSV,1,1,02,09,27,283,40,10,54,164,34*67
$GIGSV,1,1,02,09,27,283,40,10,54,164,34*67
$GIGSV,1,1,02,09,27,283,40,10,54,164,34*67
$GIGSV,1,1,02,09,27,283,40,10,54,164,34*67
$GIGSV,1,1,02,09,27,283,40,10,54,164,34*67
$GIGSV,1,1,02,09,27,283,40,10,54,164,34*67
$GIGSV,1,1,02,09,27,283,40,10,54,164,34*67
$GIGSV,1,1,02,09,27,283,40,10,54,164,34*67
$GIGSV,1,1,02,09,27,283,40,10,54,164,34*67
$GIGSV,1,1,02,09,27,283,40,10,54,164,34*67
$GIGSV,1,1,02,09,27,283,40,10,54,164,34*67
$GIGSV,1,1,02,09,27,283,40,10,54,164,34*67
$GIGSV,1,1,02,09,27,283,40,10,54,164,34*67
$GIGSV,1,1,02,09,27,283,40,10,54,164,34*67
$GIGSV,1,1,02,09,27,283,40,10,54,164,34*67
$GIGSV,1,1,02,09,27,283,40,10,54,164,34*67
$GIGSV,1,1,02,09,27,283,40,10,54,164,34*67
$GIGSV,1,1,02,09,27,283,40,10,54,164,34*67
$GIGSV,1,1,02,09,27,283,40,10,54,164,34*67
$GIGSV,1,1,02,09,27,283,40,10,54,164,34*67
$GIGSV,1,1,02,09,27,283,40,10,54,164,34*67
$GIGSV,1,1,02,09,27,283,40,10,54,164,34*67
$GIGSV,1,1,02,09,27,283,40,10,54,164,34*67
$GIGSV,1,1,02,09,27,283,40,10,54,164,34*67
$GIGSV,1,1,02,09,27,283,40,10,54,164,34*67
$GIGSV,1,1,02,09,27,283,40,10,54,164,34*67
$GIGSV,1,1,02,09,27,283,40,10,54,164,34*67
$GIGSV,1,1,02,09,27,283,40,10,54,164,34*67
$GIGSV,1,1,02,09,27,283,40,10,54,164,34*67
$GIGSV,1,1,02,09,27,283,40,10,54,164,34*67
$GIGSV,1,1,02,09,27,283,40,10,54,164,34*67
$GIGSV,1,1,02,09,27,283,40,10,54,164,34*67
$GIGSV,1,1,02,09,27,283,40,10,54,164,34*67
$GIGSV,1,1,02,09,27,283,40,10,54,164,34*67
$GIGSV,1,1,02,09,27,283,40,10,54,164,34*67
$GIGSV,1,1,02,09,27,283,40,10,54,164,34*67
$GIGSV,1,1,02,09,27,283,40,10,54,164,34*67
$GIGSV,1,1,02,09,27,283,40,10,54,164,34*67
$GIGSV,1,1,02,09,27,283,40,10,54,164,34*67
$GIGSV,1,1,02,09,27,283,40,10,54,164,34*67
$GIGSV,1,1,02,09,27,283,40,10,54,164,34*67
$GIGSV,1,1,02,09,27,283,40,10,54,164,34*67
$GIGSV,1,1,02,09,27,283,40,10,54,164,34*67
$GIGSV,1,1,02,09,27,283,40,10,54,164,34*67
$GIGSV,1,1,02,09,27,283,40,10,54,164,34*67
$GIGSV,1,1,02,09,27,283,40,10,54,164,34*67
$GIGSV,1,1,02,09,27,283,40,10,54,164,34*67
$GIGSV,1,1,02,09,27,283,40,10,54,164,34*67
$GIGSV,1,1,02,09,27,283,40,10,54,164,34*67
$GIGSV,1,1,02,09,27,283,40,10,54,164,34*67
$GIGSV,1,1,02,09,27,283,40,10,54,164,34*67
$GIGSV,1,1,02,09,27,283,40,10,54,164,34*67
$GIGSV,1,1,02,09,27,283,40,10,54,164,34*67
$GIGSV,1,1,02,09,27,283,40,10,54,164,34*67
$GIGSV,1,1,02,09,27,283,40,10,54,164,34*67
$GIGSV,1,1,02,09,27,283,40,10,54,164,34*67
$GIGSV,1,1,02,09,27,283,40,10,54,164,34*67
$GIGSV,1,1,02,09,27,283,40,10,54,164,34*67
$GIGSV,1,1,02,09,27,283,40,10,54,164,34*67
$GIGSV,1,1,02,09,27,283,40,10,54,164,34*67
$GIGSV,1,1,02,09,27,283,40,10,54,164,34*67
$GIGSV,1,1,02,09,27,283,40,10,54,164,34*67
$GIGSV,1,1,02,09,27,283,40,10,54,164,34*67
$GIGSV,1,1,02,09,27,283,40,10,54,164,34*67
$GIGSV,1,1,02,09,27,283,40,10,54,164,34*67
$GIGSV,1,1,02,09,27,283,40,10,54,164,34*67
$GIGSV,1,1,02,09,27,283,40,10,54,164,34*67
$GIGSV,1,1,02,09,27,283,40,10,54,164,34*67
$GIGSV,1,1,02,09,27,283,40,10,54,164,34*67
$GIGSV,1,1,02,09,27,283,40,10,54,164,34*67
$GIGSV,1,1,02,09,27,283,40,10,54,164,34*67
$GIGSV,1,1,02,09,27,283,40,10,54,164,34*67
$GIGSV,1,1,02,09,27,283,40,10,54,164,33*60
$GIGSV,1,1,02,09,27,283,40,10,54,164,34*67
$GIGSV,1,1,02,09,27,283,39,10,54,164,34*69
$GIGSV,1,1,02,09,27,283,39,10,54,164,34*69
$GIGSV,1,1,02,09,27,283,40,10,54,164,34*67
$GIGSV,1,1,02,09,27,283,40,10,54,164,34*67
$GIGSV,1,1,02,09,27,283,40,10,54,164,34*67
$GIGSV,1,1,02,09,27,283,40,10,54,164,34*67
$GIGSV,1,1,02,09,27,283,40,10,54,164,33*60
$GIGSV,1,1,02,09,27,283,40,10,54,164,33*60
$GIGSV,1,1,02,09,27,283,40,10,54,164,33*60
$GIGSV,1,1,02,09,27,283,40,10,54,164,34*67
$GIGSV,1,1,02,09,27,283,40,10,54,164,33*60
$GIGSV,1,1,02,09,27,283,40,10,54,164,33*60
$GIGSV,1,1,02,09,27,283,40,10,54,164,33*60
$GIGSV,1,1,02,09,27,283,40,10,54,164,33*60
$GIGSV,1,1,02,09,27,283,40,10,54,164,33*60
$GIGSV,1,1,02,09,27,283,39,10,54,164,33*6E
$GIGSV,1,1,02,09,27,283,39,10,54,164,33*6E
$GIGSV,1,1,02,09,27,283,39,10,54,164,34*69
$GIGSV,1,1,02,09,27,283,39,10,54,164,34*69
$GIGSV,1,1,02,09,27,283,39,10,54,164,34*69
$GIGSV,1,1,02,09,27,283,39,10,54,164,34*69
$GIGSV,1,1,02,09,27,283,39,10,54,164,34*69
$GIGSV,1,1,02,09,27,283,39,10,54,164,34*69
$GIGSV,1,1,02,09,27,283,39,10,54,164,34*69
$GIGSV,1,1,02,09,27,283,39,10,54,164,34*69
$GIGSV,1,1,02,09,27,283,39,10,54,164,34*69
$GIGSV,1,1,02,09,27,283,39,10,54,164,34*69
$GIGSV,1,1,02,09,27,283,39,10,54,164,34*69
$GIGSV,1,1,02,09,27,283,39,10,54,164,34*69
$GIGSV,1,1,02,09,27,283,39,10,54,164,34*69
$GIGSV,1,1,02,09,27,283,39,10,54,164,34*69
$GIGSV,1,1,02,09,27,283,39,10,54,164,34*69
$GIGSV,1,1,02,09,27,283,39,10,54,164,34*69
$GIGSV,1,1,02,09,27,283,39,10,54,164,34*69
$GIGSV,1,1,02,09,27,283,39,10,54,164,34*69
$GIGSV,1,1,02,09,27,283,39,10,54,164,34*69
$GIGSV,1,1,02,09,27,283,39,10,54,164,34*69
$GIGSV,1,1,02,09,27,283,39,10,54,164,34*69
$GIGSV,1,1,02,09,27,283,39,10,54,164,34*69
$GIGSV,1,1,02,09,27,283,39,10,54,164,34*69
$GIGSV,1,1,02,09,27,283,39,10,54,164,34*69
$GIGSV,1,1,02,09,27,283,39,10,54,164,34*69
$GIGSV,1,1,02,09,27,283,39,10,54,164,34*69
$GIGSV,1,1,02,09,27,283,39,10,54,164,34*69
$GIGSV,1,1,02,09,27,283,39,10,54,164,34*69
$GIGSV,1,1,02,09,27,283,39,10,54,164,34*69
$GIGSV,1,1,02,09,27,283,39,10,54,164,34*69
$GIGSV,1,1,02,09,27,283,39,10,54,164,34*69
$GIGSV,1,1,02,09,27,283,39,10,54,164,34*69
$GIGSV,1,1,02,09,27,283,39,10,54,164,34*69
$GIGSV,1,1,02,09,27,283,39,10,54,164,34*69
$GIGSV,1,1,02,09,27,283,39,10,54,164,34*69
$GIGSV,1,1,02,09,27,283,39,10,54,164,34*69
$GIGSV,1,1,02,09,27,283,39,10,54,164,34*69
$GIGSV,1,1,02,09,27,283,39,10,54,164,34*69
$GIGSV,1,1,02,09,27,283,40,10,54,164,34*67
$GIGSV,1,1,02,09,27,283,40,10,54,164,34*67
$GIGSV,1,1,02,09,27,283,40,10,54,164,34*67
$GIGSV,1,1,02,09,27,283,40,10,54,164,34*67
$GIGSV,1,1,02,09,27,283,40,10,54,164,34*67
$GIGSV,1,1,02,09,27,283,40,10,54,164,34*67
$GIGSV,1,1,02,09,27,283,40,10,54,164,34*67
$GIGSV,1,1,02,09,27,283,40,10,54,164,34*67
$GIGSV,1,1,02,09,27,283,40,10,54,164,34*67
$GIGSV,1,1,02,09,27,283,40,10,54,164,34*67
$GIGSV,1,1,02,09,27,283,40,10,54,164,34*67
$GIGSV,1,1,02,09,27,283,40,10,54,164,34*67
$GIGSV,1,1,02,09,27,283,40,10,54,164,34*67
$GIGSV,1,1,02,09,27,283,40,10,54,164,34*67
$GIGSV,1,1,02,09,27,283,40,10,54,164,34*67
$GIGSV,1,1,02,09,27,283,40,10,54,164,34*67
$GIGSV,1,1,02,09,27,283,40,10,54,164,34*67
$GIGSV,1,1,02,09,27,283,40,10,54,164,34*67
$GIGSV,1,1,02,09,27,283,40,10,54,164,34*67
$GIGSV,1,1,02,09,27,283,40,10,54,164,34*67
$GIGSV,1,1,02,09,27,283,40,10,54,164,34*67
$GIGSV,1,1,02,09,27,283,40,10,54,164,34*67
$GIGSV,1,1,02,09,27,283,40,10,54,164,34*67
$GIGSV,1,1,02,09,27,283,40,10,54,164,34*67
$GIGSV,1,1,02,09,27,283,40,10,54,164,34*67
$GIGSV,1,1,02,09,27,283,40,10,54,164,34*67
$GIGSV,1,1,02,09,27,283,40,10,54,164,34*67
$GIGSV,1,1,02,09,27,283,40,10,54,164,34*67
$GIGSV,1,1,02,09,27,283,40,10,54,164,34*67
$GIGSV,1,1,02,09,27,283,40,10,54,164,34*67
$GIGSV,1,1,02,09,27,283,40,10,54,164,34*67
$GIGSV,1,1,02,09,27,283,40,10,54,164,34*67
$GIGSV,1,1,02,09,27,283,40,10,54,164,34*67
$GIGSV,1,1,02,09,27,283,40,10,54,164,34*67
$GIGSV,1,1,02,09,27,283,40,10,54,164,34*67
$GIGSV,1,1,02,09,27,283,40,10,54,164,34*67
$GIGSV,1,1,02,09,27,283,40,10,54,164,34*67
$GIGSV,1,1,02,09,27,283,40,10,54,164,34*67
$GIGSV,1,1,02,09,27,283,40,10,54,164,34*67
$GIGSV,1,1,02,09,27,283,40,10,54,164,34*67
$GIGSV,1,1,02,09,27,283,40,10,54,164,34*67
$GIGSV,1,1,02,09,27,283,40,10,54,164,34*67
$GIGSV,1,1,02,09,27,283,40,10,54,164,34*67
$GIGSV,1,1,02,09,27,283,40,10,54,164,34*67
$GIGSV,1,1,02,09,27,283,40,10,54,164,34*67
$GIGSV,1,1,02,09,27,283,40,10,54,164,34*67
$GIGSV,1,1,02,09,27,283,40,10,54,164,34*67
$GIGSV,1,1,02,09,27,283,40,10,54,164,34*67
$GIGSV,1,1,02,09,27,283,40,10,54,164,34*67
$GIGSV,1,1,02,09,27,283,40,10,54,164,34*67
$GIGSV,1,1,02,09,27,283,40,10,54,164,34*67
$GIGSV,1,1,02,09,27,283,40,10,54,164,34*67
$GIGSV,1,1,02,09,27,283,40,10,54,164,34*67
$GIGSV,1,1,02,09,27,283,40,10,54,164,34*67
$GIGSV,1,1,02,09,27,283,40,10,54,164,34*67
$GIGSV,1,1,02,09,27,283,40,10,54,164,34*67
$GIGSV,1,1,02,09,27,283,40,10,54,164,34*67
$GIGSV,1,1,02,09,27,283,40,10,54,164,34*67
$GIGSV,1,1,02,09,27,283,40,10,54,164,34*67
$GIGSV,1,1,02,09,27,283,40,10,54,164,34*67
$GIGSV,1,1,02,09,27,283,40,10,54,164,34*67
$GIGSV,1,1,02,09,27,283,40,10,54,164,34*67
$GIGSV,1,1,02,09,27,283,40,10,54,164,34*67
$GIGSV,1,1,02,09,27,283,40,10,54,164,34*67
$GIGSV,1,1,02,09,27,283,40,10,54,164,34*67
$GIGSV,1,1,02,09,27,283,40,10,54,164,34*67
$GIGSV,1,1,02,09,27,283,40,10,54,164,34*67
$GIGSV,1,1,02,09,27,283,40,10,54,164,34*67
$GIGSV,1,1,02,09,27,283,40,10,54,164,34*67
$GIGSV,1,1,02,09,27,283,40,10,54,164,34*67
$GIGSV,1,1,02,09,27,283,40,10,54,164,34*67
$GIGSV,1,1,02,09,27,283,40,10,54,164,34*67
$GIGSV,1,1,02,09,27,283,40,10,54,164,34*67
$GIGSV,1,1,02,09,27,283,40,10,54,164,34*67
$GIGSV,1,1,02,09,27,283,40,10,54,164,34*67
$GIGSV,1,1,02,09,27,283,40,10,54,164,34*67
$GIGSV,1,1,02,09,27,283,40,10,54,164,34*67
$GIGSV,1,1,02,09,27,283,40,10,54,164,34*67
$GIGSV,1,1,02,09,27,283,40,10,54,164,34*67
$GIGSV,1,1,02,09,27,283,40,10,54,164,34*67
$GIGSV,1,1,02,09,27,283,40,10,54,164,34*67
$GIGSV,1,1,02,09,27,283,40,10,54,164,34*67
$GIGSV,1,1,02,09,27,283,40,10,54,164,34*67
$GIGSV,1,1,02,09,27,283,40,10,54,164,34*67
$GIGSV,1,1,02,09,27,283,40,10,54,164,34*67
$GIGSV,1,1,02,09,27,283,40,10,54,164,34*67
$GIGSV,1,1,02,09,27,283,40,10,54,164,34*67
$GIGSV,1,1,02,09,27,283,40,10,54,164,34*67
$GIGSV,1,1,02,09,27,283,40,10,54,164,34*67
$GIGSV,1,1,02,09,27,283,40,10,54,164,34*67
$GIGSV,1,1,02,09,27,283,40,10,54,164,34*67
$GIGSV,1,1,02,09,27,283,40,10,54,164,34*67
$GIGSV,1,1,02,09,27,283,40,10,54,164,34*67
$GIGSV,1,1,02,09,27,283,40,10,54,164,34*67
$GIGSV,1,1,02,09,27,283,40,10,54,164,34*67
$GIGSV,1,1,02,09,27,283,40,10,54,164,34*67
$GIGSV,1,1,02,09,27,283,40,10,54,164,34*67
$GIGSV,1,1,02,09,27,283,40,10,54,164,34*67
$GIGSV,1,1,02,09,27,283,40,10,54,164,34*67
$GIGSV,1,1,02,09,27,283,40,10,54,164,34*67
$GIGSV,1,1,02,09,27,283,40,10,54,164,34*67
$GIGSV,1,1,02,09,27,283,40,10,54,164,34*67
$GIGSV,1,1,02,09,27,283,40,10,54,164,34*67
$GIGSV,1,1,02,09,27,283,40,10,54,164,34*67
$GIGSV,1,1,02,09,27,283,40,10,54,164,34*67
$GIGSV,1,1,02,09,27,283,40,10,54,164,34*67
$GIGSV,1,1,02,09,27,283,40,10,54,164,34*67
$GIGSV,1,1,02,09,27,283,40,10,54,164,34*67
$GIGSV,1,1,02,09,27,283,40,10,54,164,34*67
$GIGSV,1,1,02,09,27,283,40,10,54,164,34*67
$GIGSV,1,1,02,09,27,283,40,10,54,164,34*67
$GIGSV,1,1,02,09,27,283,40,10,54,164,34*67
$GIGSV,1,1,02,09,27,283,40,10,54,164,34*67
$GIGSV,1,1,02,09,27,283,40,10,54,164,34*67
$GIGSV,1,1,02,09,27,283,40,10,54,164,34*67
$GIGSV,1,1,02,09,27,283,40,10,54,164,35*66
$GIGSV,1,1,02,09,27,283,40,10,54,164,35*66
$GIGSV,1,1,02,09,27,283,40,10,54,164,34*67
$GIGSV,1,1,02,09,27,283,40,10,54,164,34*67
$GIGSV,1,1,02,09,27,283,40,10,54,164,34*67
$GIGSV,1,1,02,09,27,283,41,10,54,164,34*66
$GIGSV,1,1,02,09,27,283,41,10,54,164,34*66
$GIGSV,1,1,02,09,27,283,41,10,54,164,34*66
$GIGSV,1,1,02,09,27,283,41,10,54,164,34*66
$GIGSV,1,1,02,09,27,283,41,10,54,164,34*66
$GIGSV,1,1,02,09,27,283,41,10,54,164,34*66
$GIGSV,1,1,02,09,27,283,41,10,54,164,34*66
$GIGSV,1,1,02,09,27,283,41,10,54,164,34*66
$GIGSV,1,1,02,09,27,283,41,10,54,164,34*66
$GIGSV,1,1,02,09,27,283,41,10,54,164,34*66
$GIGSV,1,1,02,09,27,283,41,10,54,164,35*67
$GIGSV,1,1,02,09,27,283,41,10,54,164,35*67
$GIGSV,1,1,02,09,27,283,41,10,54,164,35*67
$GIGSV,1,1,02,09,27,283,41,10,54,164,35*67
$GIGSV,1,1,02,09,27,283,41,10,54,164,35*67
$GIGSV,1,1,02,09,27,283,41,10,54,164,35*67
$GIGSV,1,1,02,09,27,283,41,10,54,164,35*67
$GIGSV,1,1,02,09,27,283,41,10,54,164,35*67
$GIGSV,1,1,02,09,27,283,41,10,54,164,35*67
$GIGSV,1,1,02,09,27,283,41,10,54,164,35*67
$GIGSV,1,1,02,09,27,283,41,10,54,164,35*67
$GIGSV,1,1,02,09,27,283,41,10,54,164,35*67
$GIGSV,1,1,02,09,27,283,41,10,54,164,35*67
$GIGSV,1,1,02,09,27,283,41,10,54,164,35*67
$GIGSV,1,1,02,09,27,283,41,10,54,164,35*67
$GIGSV,1,1,02,09,27,283,41,10,54,164,35*67
$GIGSV,1,1,02,09,27,283,41,10,54,164,35*67
$GIGSV,1,1,02,09,27,283,41,10,54,164,35*67
$GIGSV,1,1,02,09,27,283,41,10,54,164,35*67
$GIGSV,1,1,02,09,27,283,41,10,54,164,35*67
$GIGSV,1,1,02,09,27,283,41,10,54,164,35*67
$GIGSV,1,1,02,09,27,283,41,10,54,164,35*67
$GIGSV,1,1,02,09,27,283,41,10,54,164,35*67
$GIGSV,1,1,02,09,27,283,41,10,54,164,35*67
$GIGSV,1,1,02,09,27,283,41,10,54,164,35*67
$GIGSV,1,1,02,09,27,283,41,10,54,164,35*67
$GIGSV,1,1,02,09,27,283,41,10,54,164,35*67
$GIGSV,1,1,02,09,27,283,41,10,54,164,35*67
$GIGSV,1,1,02,09,27,283,41,10,54,164,35*67
$GIGSV,1,1,02,09,27,283,41,10,54,164,35*67
$GIGSV,1,1,02,09,27,283,41,10,54,164,35*67
$GIGSV,1,1,02,09,27,283,41,10,54,164,35*67
$GIGSV,1,1,02,09,27,283,41,10,54,164,35*67
$GIGSV,1,1,02,09,27,283,41,10,54,164,35*67
$GIGSV,1,1,02,09,27,283,41,10,54,164,35*67
$GIGSV,1,1,02,09,27,283,41,10,54,164,35*67
$GIGSV,1,1,02,09,27,283,41,10,54,164,35*67
$GIGSV,1,1,02,09,27,283,41,10,54,164,35*67
$GIGSV,1,1,02,09,27,283,41,10,54,164,35*67
$GIGSV,1,1,02,09,27,283,41,10,54,164,35*67
$GIGSV,1,1,02,09,27,283,41,10,54,164,35*67
$GIGSV,1,1,02,09,27,283,41,10,54,164,35*67
$GIGSV,1,1,02,09,27,283,41,10,54,164,35*67
$GIGSV,1,1,02,09,27,283,41,10,54,164,35*67
$GIGSV,1,1,02,09,27,283,42,10,54,164,35*64
$GIGSV,1,1,02,09,27,283,42,10,54,164,35*64
$GIGSV,1,1,02,09,27,283,42,10,54,164,35*64
$GIGSV,1,1,02,09,27,283,42,10,54,164,35*64
$GIGSV,1,1,02,09,27,283,42,10,54,164,35*64
$GIGSV,1,1,02,09,27,283,42,10,54,164,35*64
$GIGSV,1,1,02,09,27,283,42,10,54,164,35*64
$GIGSV,1,1,02,09,27,283,42,10,54,164,35*64
$GIGSV,1,1,02,09,27,283,42,10,54,164,35*64
$GIGSV,1,1,02,09,27,283,42,10,54,164,35*64
$GIGSV,1,1,02,09,27,283,42,10,54,164,35*64
$GIGSV,1,1,02,09,27,283,42,10,54,164,35*64
$GIGSV,1,1,02,09,27,283,42,10,54,164,35*64
$GIGSV,1,1,02,09,27,283,42,10,54,164,35*64
$GIGSV,1,1,02,09,27,283,42,10,54,164,35*64
$GIGSV,1,1,02,09,27,283,42,10,54,164,35*64
$GIGSV,1,1,02,09,27,283,42,10,54,164,35*64
$GIGSV,1,1,02,09,27,283,42,10,54,164,35*64
$GIGSV,1,1,02,09,27,283,42,10,54,164,35*64
$GIGSV,1,1,02,09,27,283,42,10,54,164,35*64
$GIGSV,1,1,02,09,27,283,42,10,54,164,35*64
$GIGSV,1,1,02,09,27,283,42,10,54,164,35*64
$GIGSV,1,1,02,09,27,283,42,10,54,164,35*64
$GIGSV,1,1,02,09,27,283,42,10,54,164,35*64
$GIGSV,1,1,02,09,27,283,42,10,54,164,35*64
$GIGSV,1,1,02,09,27,283,42,10,54,164,35*64
$GIGSV,1,1,02,09,27,283,42,10,54,164,35*64
$GIGSV,1,1,02,09,27,283,42,10,54,164,35*64
$GIGSV,1,1,02,09,27,283,42,10,54,164,35*64
$GIGSV,1,1,02,09,27,283,42,10,54,164,35*64
$GIGSV,1,1,02,09,27,283,42,10,54,164,35*64
$GIGSV,1,1,02,09,27,283,42,10,54,164,35*64
$GIGSV,1,1,02,09,27,283,42,10,54,164,35*64
$GIGSV,1,1,02,09,27,283,42,10,54,164,35*64
$GIGSV,1,1,02,09,27,283,42,10,54,164,35*64
$GIGSV,1,1,02,09,27,283,42,10,54,164,35*64
$GIGSV,1,1,02,09,27,283,42,10,54,164,35*64
$GIGSV,1,1,02,09,27,283,42,10,54,164,35*64
$GIGSV,1,1,02,09,27,283,42,10,54,164,35*64
$GIGSV,1,1,02,09,27,283,42,10,54,164,35*64
$GIGSV,1,1,02,09,27,283,42,10,54,164,35*64
$GIGSV,1,1,02,09,27,283,42,10,54,164,35*64
$GIGSV,1,1,02,09,27,283,42,10,54,164,35*64
$GIGSV,1,1,02,09,27,283,42,10,54,164,35*64
$GIGSV,1,1,02,09,27,283,42,10,54,164,35*64
$GIGSV,1,1,02,09,27,283,42,10,54,164,35*64
$GIGSV,1,1,02,09,27,283,42,10,54,164,35*64
$GIGSV,1,1,02,09,27,283,42,10,54,164,35*64
$GIGSV,1,1,02,09,27,283,42,10,54,164,35*64
$GIGSV,1,1,02,09,27,283,42,10,54,164,35*64
$GIGSV,1,1,02,09,27,283,42,10,54,164,35*64
$GIGSV,1,1,02,09,27,283,42,10,54,164,35*64
$GIGSV,1,1,02,09,27,283,42,10,54,164,35*64
$GIGSV,1,1,02,09,27,283,42,10,54,164,35*64
$GIGSV,1,1,02,09,27,283,42,10,54,164,35*64
$GIGSV,1,1,02,09,27,283,42,10,54,164,35*64
$GIGSV,1,1,02,09,27,283,42,10,54,164,35*64
$GIGSV,1,1,02,09,27,283,42,10,54,164,35*64
$GIGSV,1,1,02,09,27,283,42,10,54,164,35*64
$GIGSV,1,1,02,09,27,283,42,10,54,164,35*64
$GIGSV,1,1,02,09,27,283,42,10,54,164,35*64
$GIGSV,1,1,02,09,27,283,42,10,54,164,35*64
$GIGSV,1,1,02,09,27,283,42,10,54,164,35*64
$GIGSV,1,1,02,09,27,283,42,10,54,164,35*64
$GIGSV,1,1,02,09,27,283,42,10,54,164,35*64
$GIGSV,1,1,02,09,27,283,42,10,54,164,35*64
$GIGSV,1,1,02,09,27,283,42,10,54,164,35*64
$GIGSV,1,1,02,09,27,283,42,10,54,164,35*64
$GIGSV,1,1,02,09,27,283,42,10,54,164,35*64
$GIGSV,1,1,02,09,27,283,42,10,54,164,35*64
$GIGSV,1,1,02,09,27,283,42,10,54,164,35*64
$GIGSV,1,1,02,09,27,283,42,10,54,164,36*67
$GIGSV,1,1,02,09,27,283,42,10,54,164,36*67
$GIGSV,1,1,02,09,27,283,42,10,54,164,36*67
$GIGSV,1,1,02,09,27,283,42,10,54,164,36*67
$GIGSV,1,1,02,09,27,283,42,10,54,164,36*67
$GIGSV,1,1,02,09,27,283,42,10,54,164,36*67
$GIGSV,1,1,02,09,27,283,42,10,54,164,36*67
$GIGSV,1,1,02,09,27,283,42,10,54,164,36*67
$GIGSV,1,1,02,09,27,283,42,10,54,164,36*67
$GIGSV,1,1,02,09,27,283,42,10,54,164,36*67
$GIGSV,1,1,02,09,27,283,42,10,54,164,36*67
$GIGSV,1,1,02,09,27,283,42,10,54,164,36*67
$GIGSV,1,1,02,09,27,283,42,10,54,164,36*67
$GIGSV,1,1,02,09,27,283,42,10,54,164,36*67
$GIGSV,1,1,02,09,27,283,42,10,54,164,36*67
$GIGSV,1,1,02,09,27,283,42,10,54,164,36*67
$GIGSV,1,1,02,09,27,283,42,10,54,164,36*67
$GIGSV,1,1,02,09,27,283,42,10,54,164,36*67
$GIGSV,1,1,02,09,27,283,42,10,54,164,36*67
$GIGSV,1,1,02,09,27,283,42,10,54,164,36*67
$GIGSV,1,1,02,09,27,283,42,10,54,164,36*67
$GIGSV,1,1,02,09,27,283,42,10,54,164,36*67
$GIGSV,1,1,02,09,27,283,42,10,54,164,36*67
$GIGSV,1,1,02,09,27,283,42,10,54,164,36*67
$GIGSV,1,1,02,09,27,283,42,10,54,164,36*67
$GIGSV,1,1,02,09,27,283,42,10,54,164,36*67
$GIGSV,1,1,02,09,27,283,42,10,54,164,36*67
$GIGSV,1,1,02,09,27,283,42,10,54,164,36*67
$GIGSV,1,1,02,09,27,283,42,10,54,164,36*67
$GIGSV,1,1,02,09,27,283,42,10,54,164,36*67
$GIGSV,1,1,02,09,27,283,42,10,54,164,36*67
$GIGSV,1,1,02,09,27,283,42,10,54,164,36*67
$GIGSV,1,1,02,09,27,283,42,10,54,164,36*67
$GIGSV,1,1,02,09,27,283,42,10,54,164,36*67
$GIGSV,1,1,02,09,27,283,42,10,54,164,36*67
$GIGSV,1,1,02,09,27,283,42,10,54,164,36*67
$GIGSV,1,1,02,09,27,283,43,10,54,164,36*66
$GIGSV,1,1,02,09,27,283,43,10,54,164,36*66
$GIGSV,1,1,02,09,27,283,43,10,54,164,36*66
$GIGSV,1,1,02,09,27,283,43,10,54,164,36*66
$GIGSV,1,1,02,09,27,283,43,10,54,164,36*66
$GIGSV,1,1,02,09,27,283,43,10,54,164,36*66
$GIGSV,1,1,02,09,27,283,43,10,54,164,36*66
$GIGSV,1,1,02,09,27,283,43,10,54,164,36*66
$GIGSV,1,1,02,09,27,283,43,10,54,164,36*66
$GIGSV,1,1,02,09,27,283,43,10,54,164,36*66
$GIGSV,1,1,02,09,27,283,43,10,54,164,36*66
$GIGSV,1,1,02,09,27,283,43,10,54,164,36*66
$GIGSV,1,1,02,09,27,283,43,10,54,164,36*66
$GIGSV,1,1,02,09,27,283,43,10,54,164,36*66
$GIGSV,1,1,02,09,27,283,43,10,54,164,36*66
$GIGSV,1,1,02,09,27,283,43,10,54,164,36*66
$GIGSV,1,1,02,09,27,283,43,10,54,164,36*66
$GIGSV,1,1,02,09,27,283,43,10,54,164,36*66
$GIGSV,1,1,02,09,27,283,43,10,54,164,36*66
$GIGSV,1,1,02,09,27,283,43,10,54,164,36*66
$GIGSV,1,1,02,09,27,283,43,10,54,164,36*66
$GIGSV,1,1,02,09,27,283,43,10,54,164,36*66
$GIGSV,1,1,02,09,27,283,43,10,54,164,36*66
$GIGSV,1,1,02,09,27,283,43,10,54,164,36*66
$GIGSV,1,1,02,09,27,283,43,10,54,164,36*66
$GIGSV,1,1,02,09,27,283,43,10,54,164,36*66
$GIGSV,1,1,02,09,27,283,43,10,54,164,36*66
$GIGSV,1,1,02,09,27,283,43,10,54,164,36*66
$GIGSV,1,1,02,09,27,283,43,10,54,164,36*66
$GIGSV,1,1,02,09,27,283,43,10,54,164,36*66
$GIGSV,1,1,02,09,27,283,43,10,54,164,36*66
$GIGSV,1,1,02,09,27,283,43,10,54,164,36*66
$GIGSV,1,1,02,09,27,283,43,10,54,164,36*66
$GIGSV,1,1,02,09,27,283,43,10,54,164,36*66
$GIGSV,1,1,02,09,27,283,43,10,54,164,36*66
$GIGSV,1,1,02,09,27,283,43,10,54,164,36*66
$GIGSV,1,1,02,09,27,283,43,10,54,164,36*66
$GIGSV,1,1,02,09,27,283,43,10,54,164,36*66
$GIGSV,1,1,02,09,27,283,43,10,54,164,36*66
$GIGSV,1,1,02,09,27,283,43,10,54,164,36*66
$GIGSV,1,1,02,09,27,283,43,10,54,164,36*66
$GIGSV,1,1,02,09,27,283,43,10,54,164,36*66
$GIGSV,1,1,02,09,27,283,43,10,54,164,36*66
$GIGSV,1,1,02,09,27,283,43,10,54,164,36*66
$GIGSV,1,1,02,09,27,283,43,10,54,164,36*66
$GIGSV,1,1,02,09,27,283,43,10,54,164,36*66
$GIGSV,1,1,02,09,27,283,43,10,54,164,36*66
$GIGSV,1,1,02,09,27,283,43,10,54,164,36*66
$GIGSV,1,1,02,09,27,283,43,10,54,164,36*66
$GIGSV,1,1,02,09,27,283,43,10,54,164,36*66
$GIGSV,1,1,02,09,27,283,43,10,54,164,36*66
$GIGSV,1,1,02,09,27,283,43,10,54,164,36*66
$GIGSV,1,1,02,09,27,283,43,10,54,164,36*66
$GIGSV,1,1,02,09,27,283,43,10,54,164,36*66
$GIGSV,1,1,02,09,27,283,43,10,54,164,36*66
$GIGSV,1,1,02,09,27,283,43,10,54,164,36*66
$GIGSV,1,1,02,09,27,283,43,10,54,164,36*66
$GIGSV,1,1,02,09,27,283,43,10,54,164,36*66
$GIGSV,1,1,02,09,27,283,43,10,54,164,36*66
$GIGSV,1,1,02,09,27,283,43,10,54,164,36*66
$GIGSV,1,1,02,09,27,283,43,10,54,164,36*66
$GIGSV,1,1,02,09,27,283,43,10,54,164,36*66
$GIGSV,1,1,02,09,27,283,43,10,54,164,36*66
$GIGSV,1,1,02,09,27,283,43,10,54,164,36*66
$GIGSV,1,1,02,09,27,283,43,10,54,164,36*66
$GIGSV,1,1,02,09,27,283,43,10,54,164,36*66
$GIGSV,1,1,02,09,27,283,43,10,54,164,36*66
$GIGSV,1,1,02,09,27,283,43,10,54,164,36*66
$GIGSV,1,1,02,09,27,283,43,10,54,164,36*66
$GIGSV,1,1,02,09,27,283,43,10,54,164,36*66
$GIGSV,1,1,02,09,27,283,43,10,54,164,36*66
$GIGSV,1,1,02,09,27,283,43,10,54,164,36*66
$GIGSV,1,1,02,09,27,283,43,10,54,164,36*66
$GIGSV,1,1,02,09,27,283,43,10,54,164,36*66
$GIGSV,1,1,02,09,27,283,43,10,54,164,36*66
$GIGSV,1,1,02,09,27,283,43,10,54,164,36*66
$GIGSV,1,1,02,09,27,283,43,10,54,164,36*66
$GIGSV,1,1,02,09,27,283,43,10,54,164,36*66
$GIGSV,1,1,02,09,27,283,43,10,54,164,36*66
$GIGSV,1,1,02,09,27,283,43,10,54,164,36*66
$GIGSV,1,1,02,09,27,283,43,10,54,164,36*66
$GIGSV,1,1,02,09,27,283,43,10,54,164,36*66
$GIGSV,1,1,02,09,27,283,43,10,54,164,36*66
$GIGSV,1,1,02,09,27,283,43,10,54,164,36*66
$GIGSV,1,1,02,09,27,283,43,10,54,164,36*66
$GIGSV,1,1,02,09,27,283,43,10,54,164,36*66
$GIGSV,1,1,02,09,27,283,43,10,54,164,36*66
$GIGSV,1,1,02,09,27,283,43,10,54,164,36*66
$GIGSV,1,1,02,09,27,283,43,10,54,164,36*66
$GIGSV,1,1,02,09,27,283,43,10,54,164,36*66
$GIGSV,1,1,02,09,27,283,43,10,54,164,36*66
$GIGSV,1,1,02,09,27,283,43,10,54,164,36*66
$GIGSV,1,1,02,09,27,283,43,10,54,164,35*65
$GIGSV,1,1,02,09,27,283,43,10,54,164,35*65
$GIGSV,1,1,02,09,27,283,43,10,54,164,35*65
$GIGSV,1,1,02,09,27,283,43,10,54,164,35*65
$GIGSV,1,1,02,09,27,283,43,10,54,164,35*65
$GIGSV,1,1,02,09,27,283,43,10,54,164,35*65
$GIGSV,1,1,02,09,27,283,43,10,54,164,35*65
$GIGSV,1,1,02,09,27,283,43,10,54,164,35*65
$GIGSV,1,1,02,09,27,283,43,10,54,164,35*65
$GIGSV,1,1,02,09,27,283,43,10,54,164,35*65
$GIGSV,1,1,02,09,27,283,43,10,54,164,35*65
$GIGSV,1,1,02,09,27,283,43,10,54,164,35*65
$GIGSV,1,1,02,09,27,283,43,10,54,164,35*65
$GIGSV,1,1,02,09,27,283,43,10,54,164,35*65
$GIGSV,1,1,02,09,27,283,43,10,54,164,35*65
$GIGSV,1,1,02,09,27,283,43,10,54,164,35*65
$GIGSV,1,1,02,09,27,283,43,10,54,164,35*65
$GIGSV,1,1,02,09,27,283,43,10,54,164,35*65
$GIGSV,1,1,02,09,27,283,43,10,54,164,35*65
$GIGSV,1,1,02,09,27,283,43,10,54,164,35*65
$GIGSV,1,1,02,09,27,283,43,10,54,164,35*65
$GIGSV,1,1,02,09,27,283,43,10,54,164,36*66
$GIGSV,1,1,02,09,27,283,43,10,54,164,36*66
$GIGSV,1,1,02,09,27,283,43,10,54,164,36*66
$GIGSV,1,1,02,09,27,283,43,10,54,164,36*66
$GIGSV,1,1,02,09,27,283,43,10,54,164,36*66
$GIGSV,1,1,02,09,27,283,43,10,54,164,36*66
$GIGSV,1,1,02,09,27,283,43,10,54,164,36*66
$GIGSV,1,1,02,09,27,283,43,10,54,164,36*66
$GIGSV,1,1,02,09,27,283,43,10,54,164,36*66
$GIGSV,1,1,02,09,27,283,43,10,54,164,36*66
$GIGSV,1,1,02,09,27,283,43,10,54,164,36*66
$GIGSV,1,1,02,09,27,283,43,10,54,164,36*66
$GIGSV,1,1,02,09,27,283,43,10,54,164,36*66
$GIGSV,1,1,02,09,27,283,43,10,54,164,37*67
$GIGSV,1,1,02,09,27,283,43,10,54,164,37*67
$GIGSV,1,1,02,09,27,283,43,10,54,164,37*67
$GIGSV,1,1,02,09,27,283,43,10,54,164,37*67
$GIGSV,1,1,02,09,27,283,43,10,54,164,37*67
$GIGSV,1,1,02,09,27,283,43,10,54,164,37*67
$GIGSV,1,1,02,09,27,283,43,10,54,164,37*67
$GIGSV,1,1,02,09,27,283,43,10,54,164,37*67
$GIGSV,1,1,02,09,27,283,43,10,54,164,37*67
$GIGSV,1,1,02,09,27,283,43,10,54,164,37*67
$GIGSV,1,1,02,09,27,283,43,10,54,164,37*67
$GIGSV,1,1,02,09,27,283,43,10,54,164,37*67
$GIGSV,1,1,02,09,27,283,43,10,54,164,37*67
$GIGSV,1,1,02,09,27,283,43,10,54,164,37*67
$GIGSV,1,1,02,09,27,283,43,10,54,164,37*67
$GIGSV,1,1,02,09,27,283,43,10,54,164,37*67
$GIGSV,1,1,02,09,27,283,43,10,54,164,37*67
$GIGSV,1,1,02,09,27,283,43,10,54,164,38*68
$GIGSV,1,1,02,09,27,283,43,10,54,164,38*68
$GIGSV,1,1,02,09,27,283,43,10,54,164,38*68
$GIGSV,1,1,02,09,27,283,43,10,54,164,38*68
$GIGSV,1,1,02,09,27,283,43,10,54,164,38*68
$GIGSV,1,1,02,09,27,283,43,10,54,164,38*68
$GIGSV,1,1,02,09,27,283,43,10,54,164,38*68
$GIGSV,1,1,02,09,27,283,43,10,54,164,38*68
$GIGSV,1,1,02,09,27,283,42,10,54,164,38*69
$GIGSV,1,1,02,09,27,283,42,10,54,164,38*69
$GIGSV,1,1,02,09,27,283,42,10,54,164,38*69
$GIGSV,1,1,02,09,27,283,42,10,54,164,38*69
$GIGSV,1,1,02,09,27,283,42,10,54,164,38*69
$GIGSV,1,1,02,09,27,283,42,10,54,164,39*68
$GIGSV,1,1,02,09,27,283,42,10,54,164,39*68
$GIGSV,1,1,02,09,27,283,42,10,54,164,39*68
$GIGSV,1,1,02,09,27,283,42,10,54,164,39*68
$GIGSV,1,1,02,09,27,283,42,10,54,164,39*68
$GIGSV,1,1,02,09,27,283,42,10,54,164,39*68
$GIGSV,1,1,02,09,27,283,42,10,54,164,39*68
$GIGSV,1,1,02,09,27,283,42,10,54,164,39*68
$GIGSV,1,1,02,09,27,283,42,10,54,164,39*68
$GIGSV,1,1,02,09,27,283,42,10,54,164,39*68
$GIGSV,1,1,02,09,27,283,42,10,54,164,39*68
$GIGSV,1,1,02,09,27,283,42,10,54,164,39*68
$GIGSV,1,1,02,09,27,283,42,10,54,164,39*68
$GIGSV,1,1,02,09,27,283,42,10,54,164,39*68
$GIGSV,1,1,02,09,27,283,42,10,54,164,38*69
$GIGSV,1,1,02,09,27,283,42,10,54,164,38*69
$GIGSV,1,1,02,09,27,283,42,10,54,164,38*69
$GIGSV,1,1,02,09,27,283,42,10,54,164,38*69
$GIGSV,1,1,02,09,27,283,42,10,54,164,38*69
$GIGSV,1,1,02,09,27,283,42,10,54,164,38*69
$GIGSV,1,1,02,09,27,283,42,10,54,164,38*69
$GIGSV,1,1,02,09,27,283,42,10,54,164,38*69
$GIGSV,1,1,02,09,27,283,42,10,54,164,38*69
$GIGSV,1,1,02,09,27,283,42,10,54,164,38*69
$GIGSV,1,1,02,09,27,283,42,10,54,164,38*69
$GIGSV,1,1,02,09,27,283,42,10,54,164,38*69
$GIGSV,1,1,02,09,27,283,42,10,54,164,38*69
$GIGSV,1,1,02,09,27,283,42,10,54,164,38*69
$GIGSV,1,1,02,09,27,283,42,10,54,164,38*69
$GIGSV,1,1,02,09,27,283,42,10,54,164,38*69
$GIGSV,1,1,02,09,27,283,42,10,54,164,38*69
$GIGSV,1,1,02,09,27,283,42,10,54,164,38*69
$GIGSV,1,1,02,09,27,283,42,10,54,164,37*66
$GIGSV,1,1,02,09,27,283,42,10,54,164,37*66
$GIGSV,1,1,02,09,27,283,42,10,54,164,37*66
$GIGSV,1,1,02,09,27,283,41,10,54,164,37*65
$GIGSV,1,1,02,09,27,283,41,10,54,164,37*65
$GIGSV,1,1,02,09,27,283,41,10,54,164,37*65
$GIGSV,1,1,02,09,27,283,41,10,54,164,37*65
$GIGSV,1,1,02,09,27,283,41,10,54,164,37*65
$GIGSV,1,1,02,09,27,283,41,10,54,164,37*65
$GIGSV,1,1,02,09,27,283,41,10,54,164,37*65
$GIGSV,1,1,02,09,27,283,41,10,54,164,37*65
$GIGSV,1,1,02,09,27,283,41,10,54,164,37*65
$GIGSV,1,1,02,09,27,283,42,10,54,164,37*66
$GIGSV,1,1,02,09,27,283,42,10,54,164,37*66
$GIGSV,1,1,02,09,27,283,42,10,54,164,37*66
$GIGSV,1,1,02,09,27,283,42,10,54,164,37*66
$GIGSV,1,1,02,09,27,283,42,10,54,164,37*66
$GIGSV,1,1,02,09,27,283,42,10,54,164,37*66
$GIGSV,1,1,02,09,27,283,42,10,54,164,36*67
$GIGSV,1,1,02,09,27,283,42,10,54,164,36*67
$GIGSV,1,1,02,09,27,283,42,10,54,164,36*67
$GIGSV,1,1,02,09,27,283,42,10,54,164,36*67
$GIGSV,1,1,02,09,27,283,42,10,54,164,36*67
$GIGSV,1,1,02,09,27,283,42,10,54,164,36*67
$GIGSV,1,1,02,09,27,283,42,10,54,164,36*67
$GIGSV,1,1,02,09,27,283,42,10,54,164,36*67
$GIGSV,1,1,02,09,27,283,42,10,54,164,36*67
$GIGSV,1,1,02,09,27,283,42,10,54,164,36*67
$GIGSV,1,1,02,09,27,283,42,10,54,164,36*67
$GIGSV,1,1,02,09,27,283,42,10,54,164,36*67
$GIGSV,1,1,02,09,27,283,42,10,54,164,36*67
$GIGSV,1,1,02,09,27,283,42,10,54,164,36*67
$GIGSV,1,1,02,09,27,283,42,10,54,164,35*64
$GIGSV,1,1,02,09,27,283,42,10,54,164,35*64
$GIGSV,1,1,02,09,27,283,42,10,54,164,26*66
$GIGSV,1,1,02,09,27,283,42,10,54,164,27*67
$GIGSV,1,1,02,09,27,283,41,10,54,164,27*64
$GIGSV,1,1,02,09,27,283,41,10,54,164,28*6B
$GIGSV,1,1,02,09,27,283,41,10,54,164,28*6B
$GIGSV,1,1,02,09,27,283,41,10,54,164,27*64
$GIGSV,1,1,02,09,27,283,41,10,54,164,27*64
$GIGSV,1,1,01,09,27,283,41*51
$GIGSV,1,1,01,09,27,283,41*51
$GIGSV,1,1,01,09,27,283,41*51
$GIGSV,1,1,01,09,27,283,41*51
$GIGSV,1,1,01,09,27,283,41*51
$GIGSV,1,1,01,09,27,283,41*51
$GIGSV,1,1,01,09,27,283,41*51
$GIGSV,1,1,01,09,27,283,41*51
$GIGSV,1,1,01,09,27,283,41*51
$GIGSV,1,1,01,09,27,283,41*51
$GIGSV,1,1,01,09,27,283,41*51
$GIGSV,1,1,01,09,27,283,41*51
$GIGSV,1,1,01,09,27,283,41*51
$GIGSV,1,1,01,09,27,283,41*51
$GIGSV,1,1,01,09,27,283,41*51
$GIGSV,1,1,01,09,27,283,41*51
$GIGSV,1,1,01,09,27,283,41*51
$GIGSV,1,1,01,09,27,283,41*51
$GIGSV,1,1,01,09,27,283,40*50
$GIGSV,1,1,01,09,27,283,40*50
$GIGSV,1,1,01,09,27,283,40*50
$GIGSV,1,1,01,09,27,283,40*50
$GIGSV,1,1,01,09,27,283,40*50
$GIGSV,1,1,01,09,27,283,40*50
$GIGSV,1,1,01,09,27,283,40*50
$GIGSV,1,1,01,09,27,283,40*50
$GIGSV,1,1,01,09,27,283,40*50
$GIGSV,1,1,01,09,27,283,40*50
$GIGSV,1,1,01,09,27,283,40*50
$GIGSV,1,1,01,09,27,283,40*50
$GIGSV,1,1,01,09,27,283,40*50
$GIGSV,1,1,01,09,27,283,40*50
$GIGSV,1,1,01,09,27,283,40*50
$GIGSV,1,1,01,09,27,283,40*50
$GIGSV,1,1,01,09,27,283,40*50
$GIGSV,1,1,01,09,27,283,40*50
$GIGSV,1,1,01,09,27,283,40*50
$GIGSV,1,1,01,09,27,283,40*50
$GIGSV,1,1,01,09,27,283,40*50
$GIGSV,1,1,01,09,27,283,40*50
$GIGSV,1,1,01,09,27,283,40*50
$GIGSV,1,1,01,09,27,283,40*50
$GIGSV,1,1,01,09,27,283,40*50
$GIGSV,1,1,01,09,27,283,40*50
$GIGSV,1,1,01,09,27,283,40*50
$GIGSV,1,1,01,09,27,283,39*5E
$GIGSV,1,1,01,09,27,283,39*5E
$GIGSV,1,1,01,09,27,283,39*5E
$GIGSV,1,1,01,10,54,164,44*52
$GIGSV,1,1,01,10,54,164,44*52
$GIGSV,1,1,01,10,54,164,44*52
$GIGSV,1,1,01,10,54,164,44*52
$GIGSV,1,1,01,10,54,164,44*52
$GIGSV,1,1,02,09,27,283,33,10,54,164,45*65
$GIGSV,1,1,01,10,54,164,45*53
$GIGSV,1,1,01,10,54,164,45*53
$GIGSV,1,1,01,10,54,164,45*53
$GIGSV,1,1,02,09,27,283,33,10,54,164,45*65
$GIGSV,1,1,02,09,27,283,32,10,54,164,45*64
$GIGSV,1,1,01,10,54,164,45*53
$GIGSV,1,1,01,10,54,164,45*53
$GIGSV,1,1,02,09,27,283,32,10,54,164,45*64
$GIGSV,1,1,02,09,27,283,32,10,54,164,45*64
$GIGSV,1,1,02,09,27,283,32,10,54,164,45*64
$GIGSV,1,1,01,10,54,164,45*53
$GIGSV,1,1,01,10,54,164,43*55
$GIGSV,1,1,01,10,54,164,44*52
$GIGSV,1,1,02,09,27,283,34,10,54,164,45*62
$GIGSV,1,1,02,09,27,283,35,10,54,164,45*63
$GIGSV,1,1,02,09,27,283,35,10,54,164,45*63
$GIGSV,1,1,02,09,27,283,34,10,54,164,45*62
$GIGSV,1,1,02,09,27,283,35,10,54,164,45*63
$GIGSV,1,1,02,09,27,283,34,10,54,164,45*62
$GIGSV,1,1,02,09,27,283,35,10,54,164,45*63
$GIGSV,1,1,02,09,27,283,36,10,54,164,44*61
$GIGSV,1,1,02,09,27,283,36,10,54,164,44*61
$GIGSV,1,1,01,10,54,164,44*52
$GIGSV,1,1,02,09,27,283,36,10,54,164,44*61
$GIGSV,1,1,02,09,27,283,36,10,54,164,44*61
$GIGSV,1,1,02,09,27,283,35,10,54,164,44*62
$GIGSV,1,1,02,09,27,283,35,10,54,164,44*62
$GIGSV,1,1,02,09,27,283,35,10,54,164,44*62
$GIGSV,1,1,01,10,54,164,44*52
$GIGSV,1,1,02,09,27,283,35,10,54,164,43*65
$GIGSV,1,1,02,09,27,283,35,10,54,164,43*65
$GIGSV,1,1,02,09,27,283,33,10,54,164,43*63
$GIGSV,1,1,02,09,27,283,32,10,54,164,43*62
$GIGSV,1,1,02,09,27,283,32,10,54,164,43*62
$GIGSV,1,1,02,09,27,283,33,10,54,164,42*62
$GIGSV,1,1,02,09,27,283,35,10,54,164,42*64
$GIGSV,1,1,02,09,27,283,36,10,54,164,42*67
$GIGSV,1,1,02,09,27,283,36,10,54,164,42*67
$GIGSV,1,1,02,09,27,283,37,10,54,164,43*67
$GIGSV,1,1,02,09,27,283,37,10,54,164,42*66
$GIGSV,1,1,02,09,27,283,37,10,54,164,42*66
$GIGSV,1,1,02,09,27,283,37,10,54,164,42*66
$GIGSV,1,1,02,09,27,283,36,10,54,164,38*6A
$GIGSV,1,1,02,09,27,283,35,10,54,164,40*66
$GIGSV,1,1,02,09,27,283,35,10,54,164,40*66
$GIGSV,1,1,02,09,27,283,35,10,54,164,40*66
$GIGSV,1,1,02,09,27,283,35,10,54,164,40*66
$GIGSV,1,1,02,09,27,283,35,10,54,164,40*66
$GIGSV,1,1,02,09,27,283,35,10,54,164,39*68
$GIGSV,1,1,02,09,27,283,36,10,54,164,39*6B
$GIGSV,1,1,02,09,27,283,37,10,54,164,39*6A
$GIGSV,1,1,02,09,27,283,37,10,54,164,39*6A
$GIGSV,1,1,02,09,27,283,37,10,54,164,39*6A
$GIGSV,1,1,02,09,27,283,36,10,54,164,38*6A
$GIGSV,1,1,02,09,27,283,36,10,54,164,38*6A
$GIGSV,1,1,02,09,27,283,35,10,54,164,38*69
$GIGSV,1,1,02,09,27,283,35,10,54,164,38*69
$GIGSV,1,1,02,09,27,283,34,10,54,164,38*68
$GIGSV,1,1,02,09,27,283,34,10,54,164,38*68
$GIGSV,1,1,02,09,27,283,34,10,54,164,37*67
$GIGSV,1,1,02,09,27,283,34,10,54,164,37*67
$GIGSV,1,1,02,09,27,283,34,10,54,164,37*67
$GIGSV,1,1,02,09,27,283,34,10,54,164,37*67
$GIGSV,1,1,02,09,27,283,33,10,54,164,37*60
$GIGSV,1,1,02,09,27,283,33,10,54,164,37*60
$GIGSV,1,1,02,09,27,283,33,10,54,164,37*60
$GIGSV,1,1,02,09,27,283,33,10,54,164,37*60
$GIGSV,1,1,02,09,27,283,34,10,54,164,37*67
$GIGSV,1,1,02,09,27,283,34,10,54,164,37*67
$GIGSV,1,1,02,09,27,283,34,10,54,164,37*67
$GIGSV,1,1,02,09,27,283,34,10,54,164,37*67
$GIGSV,1,1,02,09,27,283,34,10,54,164,37*67
$GIGSV,1,1,02,09,27,283,33,10,54,164,37*60
$GIGSV,1,1,02,09,27,283,33,10,54,164,37*60
$GIGSV,1,1,02,09,27,283,32,10,54,164,36*60
$GIGSV,1,1,02,09,27,283,33,10,54,164,36*61
$GIGSV,1,1,02,09,27,283,32,10,54,164,36*60
$GIGSV,1,1,01,09,27,283,32*55
$GIGSV,1,1,01,09,27,283,32*55
$GIGSV,1,1,01,09,27,283,31*56
$GIGSV,1,1,01,09,27,283,31*56
$GIGSV,1,1,01,09,27,283,31*56
$GIGSV,1,1,01,09,27,283,31*56
$GIGSV,1,1,01,09,27,283,31*56
$GIGSV,1,1,01,09,27,283,31*56
$GIGSV,1,1,01,09,27,283,31*56
$GIGSV,1,1,01,09,27,283,30*57
$GIGSV,1,1,02,09,27,283,31,10,54,164,31*64
$GIGSV,1,1,02,09,27,283,31,10,54,164,30*65
$GIGSV,1,1,02,09,27,283,31,10,54,164,30*65
$GIGSV,1,1,02,09,27,283,31,10,54,164,30*65
$GIGSV,1,1,02,09,27,283,30,10,54,164,30*64
$GIGSV,1,1,02,09,27,283,30,10,54,164,30*64
$GIGSV,1,1,02,09,27,283,29,10,54,164,30*6C
$GIGSV,1,1,02,09,27,283,30,10,54,164,30*64
$GIGSV,1,1,02,09,27,283,30,10,54,164,30*64
$GIGSV,1,1,01,09,27,283,30*57
$GIGSV,1,1,01,09,27,283,30*57
$GIGSV,1,1,01,09,27,283,31*56
$GIGSV,1,1,01,09,27,283,31*56
$GIGSV,1,1,02,09,27,283,31,10,54,164,29*6D
$GIGSV,1,1,02,09,27,283,31,10,54,164,29*6D
$GIGSV,1,1,02,09,27,283,31,10,54,164,29*6D
$GIGSV,1,1,02,09,27,283,32,10,54,164,29*6E
$GIGSV,1,1,01,09,27,283,31*56
$GIGSV,1,1,01,09,27,283,31*56
$GIGSV,1,1,02,09,27,283,31,10,54,164,29*6D
$GIGSV,1,1,02,09,27,283,31,10,54,164,29*6D
$GIGSV,1,1,02,09,27,283,31,10,54,164,29*6D
$GIGSV,1,1,02,09,27,283,30,10,54,164,30*64
$GIGSV,1,1,02,09,27,283,30,10,54,164,30*64
$GIGSV,1,1,02,09,27,283,31,10,54,164,30*65
$GIGSV,1,1,02,09,27,283,30,10,54,164,30*64
$GIGSV,1,1,02,09,27,283,30,10,54,164,30*64
$GIGSV,1,1,02,09,27,283,30,10,54,164,30*64
$GIGSV,1,1,02,09,27,283,29,10,54,164,30*6C
$GIGSV,1,1,02,09,27,283,29,10,54,164,30*6C
$GIGSV,1,1,02,09,27,283,30,10,54,164,30*64
$GIGSV,1,1,02,09,27,283,29,10,54,164,30*6C
$GIGSV,1,1,02,09,27,283,29,10,54,164,30*6C
$GIGSV,1,1,02,09,27,283,28,10,54,164,31*6C
$GIGSV,1,1,02,09,27,283,28,10,54,164,31*6C
$GIGSV,1,1,02,09,27,283,28,10,54,164,31*6C
$GIGSV,1,1,02,09,27,283,29,10,54,164,31*6D
$GIGSV,1,1,02,09,27,283,29,10,54,164,31*6D
$GIGSV,1,1,02,09,27,283,27,10,54,164,33*61
$GIGSV,1,1,02,09,27,283,31,10,54,164,33*66
$GIGSV,1,1,02,09,27,283,31,10,54,164,33*66
$GIGSV,1,1,02,09,27,283,30,10,54,164,34*60
$GIGSV,1,1,02,09,27,283,30,10,54,164,34*60
$GIGSV,1,1,02,09,27,283,30,10,54,164,33*67
$GIGSV,1,1,02,09,27,283,30,10,54,164,33*67
$GIGSV,1,1,02,09,27,283,30,10,54,164,33*67
$GIGSV,1,1,02,09,27,283,31,10,54,164,33*66
$GIGSV,1,1,02,09,27,283,30,10,54,164,33*67
$GIGSV,1,1,02,09,27,283,30,10,54,164,33*67
$GIGSV,1,1,02,09,27,283,31,10,54,164,33*66
$GIGSV,1,1,02,09,27,283,31,10,54,164,33*66
$GIGSV,1,1,02,09,27,283,31,10,54,164,33*66
$GIGSV,1,1,02,09,27,283,31,10,54,164,33*66
$GIGSV,1,1,02,09,27,283,31,10,54,164,33*66
$GIGSV,1,1,02,09,27,283,31,10,54,164,32*67
$GIGSV,1,1,02,09,27,283,31,10,54,164,32*67
$GIGSV,1,1,02,09,27,283,31,10,54,164,32*67
$GIGSV,1,1,02,09,27,283,31,10,54,164,32*67
$GIGSV,1,1,02,09,27,283,31,10,54,164,32*67
$GIGSV,1,1,02,09,27,283,31,10,54,164,32*67
$GIGSV,1,1,02,09,27,283,31,10,54,164,32*67
$GIGSV,1,1,02,09,27,283,31,10,54,164,32*67
$GIGSV,1,1,02,09,27,283,31,10,54,164,33*66
$GIGSV,1,1,02,09,27,283,31,10,54,164,33*66
$GIGSV,1,1,02,09,27,283,31,10,54,164,33*66
$GIGSV,1,1,02,09,27,283,31,10,54,164,33*66
$GIGSV,1,1,02,09,27,283,31,10,54,164,33*66
$GIGSV,1,1,02,09,27,283,31,10,54,164,33*66
$GIGSV,1,1,02,09,27,283,31,10,54,164,33*66
$GIGSV,1,1,02,09,27,283,31,10,54,164,33*66
$GIGSV,1,1,02,09,27,283,28,10,54,164,33*6E
$GIGSV,1,1,02,09,27,283,28,10,54,164,33*6E
$GIGSV,1,1,02,09,27,283,29,10,54,164,33*6F
$GIGSV,1,1,02,09,27,283,30,10,54,164,33*67
$GIGSV,1,1,02,09,27,283,30,10,54,164,33*67
$GIGSV,1,1,02,09,27,283,32,10,54,164,33*65
$GIGSV,1,1,02,09,27,283,32,10,54,164,33*65
$GIGSV,1,1,02,09,27,283,32,10,54,164,33*65
$GIGSV,1,1,02,09,27,283,32,10,54,164,33*65
$GIGSV,1,1,02,09,27,283,32,10,54,164,33*65
$GIGSV,1,1,02,09,27,283,32,10,54,164,33*65
$GIGSV,1,1,02,09,27,283,32,10,54,164,33*65
$GIGSV,1,1,02,09,27,283,32,10,54,164,33*65
$GIGSV,1,1,02,09,27,283,32,10,54,164,32*64
$GIGSV,1,1,02,09,27,283,32,10,54,164,32*64
$GIGSV,1,1,02,09,27,283,32,10,54,164,32*64
$GIGSV,1,1,02,09,27,283,32,10,54,164,32*64
$GIGSV,1,1,02,09,27,283,32,10,54,164,32*64
$GIGSV,1,1,02,09,27,283,32,10,54,164,32*64
$GIGSV,1,1,02,09,27,283,32,10,54,164,32*64
$GIGSV,1,1,02,09,27,283,32,10,54,164,32*64
$GIGSV,1,1,02,09,27,283,32,10,54,164,32*64
$GIGSV,1,1,02,09,27,283,32,10,54,164,32*64
$GIGSV,1,1,02,09,27,283,32,10,54,164,32*64
$GIGSV,1,1,02,09,27,283,32,10,54,164,32*64
$GIGSV,1,1,02,09,27,283,32,10,54,164,32*64
$GIGSV,1,1,02,09,27,283,32,10,54,164,32*64
$GIGSV,1,1,01,10,54,164,32*53
$GIGSV,1,1,01,10,54,164,32*53
$GIGSV,1,1,01,10,54,164,32*53
$GIGSV,1,1,01,09,27,283,41*51
$GIGSV,1,1,01,09,27,283,41*51
$GIGSV,1,1,01,09,27,283,41*51
$GIGSV,1,1,01,09,27,283,42*52
$GIGSV,1,1,01,09,27,283,42*52
$GIGSV,1,1,01,09,27,283,42*52
$GIGSV,1,1,01,09,27,283,42*52
$GIGSV,1,1,01,09,27,283,41*51
$GIGSV,1,1,01,09,27,283,41*51
$GIGSV,1,1,01,09,27,283,40*50
$GIGSV,1,1,01,09,27,283,40*50
$GIGSV,1,1,01,09,27,283,38*5F
$GIGSV,1,1,02,09,27,283,37,10,54,164,46*62
$GIGSV,1,1,02,09,27,283,36,10,54,164,47*62
$GIGSV,1,1,02,09,27,283,36,10,54,164,47*62
$GIGSV,1,1,02,09,27,283,36,10,54,164,47*62
$GIGSV,1,1,02,09,27,283,37,10,54,164,47*63
$GIGSV,1,1,02,09,27,283,36,10,54,164,47*62
$GIGSV,1,1,02,09,27,283,36,10,54,164,47*62
$GIGSV,1,1,02,09,27,283,35,10,54,164,46*60
$GIGSV,1,1,02,09,27,283,35,10,54,164,45*63
$GIGSV,1,1,02,09,27,283,34,10,54,164,45*62
$GIGSV,1,1,02,09,27,283,34,10,54,164,45*62
$GIGSV,1,1,02,09,27,283,33,10,54,164,45*65
$GIGSV,1,1,02,09,27,283,34,10,54,164,45*62
$GIGSV,1,1,02,09,27,283,33,10,54,164,45*65
$GIGSV,1,1,02,09,27,283,33,10,54,164,46*66
$GIGSV,1,1,02,09,27,283,33,10,54,164,46*66
$GIGSV,1,1,02,09,27,283,33,10,54,164,46*66
$GIGSV,1,1,02,09,27,283,33,10,54,164,46*66
$GIGSV,1,1,02,09,27,283,33,10,54,164,46*66
$GIGSV,1,1,02,09,27,283,33,10,54,164,46*66
$GIGSV,1,1,02,09,27,283,33,10,54,164,46*66
$GIGSV,1,1,02,09,27,283,34,10,54,164,46*61
$GIGSV,1,1,02,09,27,283,33,10,54,164,46*66
$GIGSV,1,1,02,09,27,283,33,10,54,164,46*66
$GIGSV,1,1,02,09,27,283,32,10,54,164,46*67
$GIGSV,1,1,02,09,27,283,32,10,54,164,46*67
$GIGSV,1,1,02,09,27,283,32,10,54,164,45*64
$GIGSV,1,1,02,09,27,283,31,10,54,164,45*67
$GIGSV,1,1,02,09,27,283,31,10,54,164,45*67
$GIGSV,1,1,02,09,27,283,31,10,54,164,45*67
$GIGSV,1,1,02,09,27,283,31,10,54,164,45*67
$GIGSV,1,1,02,09,27,283,30,10,54,164,45*66
$GIGSV,1,1,02,09,27,283,30,10,54,164,45*66
$GIGSV,1,1,02,09,27,283,29,10,54,164,45*6E
$GIGSV,1,1,02,09,27,283,29,10,54,164,45*6E
$GIGSV,1,1,02,09,27,283,29,10,54,164,44*6F
$GIGSV,1,1,01,10,54,164,44*52
$GIGSV,1,1,01,10,54,164,44*52
$GIGSV,1,1,01,10,54,164,40*56
$GIGSV,1,1,01,10,54,164,40*56
$GIGSV,1,1,01,10,54,164,39*58
$GIGSV,1,1,01,10,54,164,38*59
$GIGSV,1,1,01,10,54,164,38*59
$GIGSV,1,1,01,10,54,164,37*56
$GIGSV,1,1,01,10,54,164,37*56
$GIGSV,1,1,01,10,54,164,37*56
$GIGSV,1,1,02,09,27,283,32,10,54,164,37*61
$GIGSV,1,1,02,09,27,283,31,10,54,164,36*63
$GIGSV,1,1,02,09,27,283,31,10,54,164,36*63
$GIGSV,1,1,02,09,27,283,31,10,54,164,36*63
$GIGSV,1,1,02,09,27,283,30,10,54,164,36*62
$GIGSV,1,1,02,09,27,283,30,10,54,164,36*62
$GIGSV,1,1,02,09,27,283,30,10,54,164,36*62
$GIGSV,1,1,02,09,27,283,29,10,54,164,36*6A
$GIGSV,1,1,02,09,27,283,29,10,54,164,35*69
$GIGSV,1,1,02,09,27,283,29,10,54,164,35*69
$GIGSV,1,1,02,09,27,283,29,10,54,164,35*69
$GIGSV,1,1,02,09,27,283,29,10,54,164,35*69
$GIGSV,1,1,02,09,27,283,29,10,54,164,35*69
$GIGSV,1,1,02,09,27,283,29,10,54,164,35*69
$GIGSV,1,1,02,09,27,283,30,10,54,164,35*61
$GIGSV,1,1,02,09,27,283,30,10,54,164,35*61
$GIGSV,1,1,02,09,27,283,29,10,54,164,35*69
$GIGSV,1,1,02,09,27,283,29,10,54,164,35*69
$GIGSV,1,1,02,09,27,283,29,10,54,164,35*69
$GIGSV,1,1,02,09,27,283,29,10,54,164,35*69
$GIGSV,1,1,02,09,27,283,29,10,54,164,35*69
$GIGSV,1,1,02,09,27,283,29,10,54,164,35*69
$GIGSV,1,1,02,09,27,283,29,10,54,164,35*69
$GIGSV,1,1,02,09,27,283,29,10,54,164,35*69
$GIGSV,1,1,02,09,27,283,29,10,54,164,35*69
$GIGSV,1,1,02,09,27,283,29,10,54,164,35*69
$GIGSV,1,1,02,09,27,283,29,10,54,164,35*69
$GIGSV,1,1,02,09,27,283,29,10,54,164,35*69
$GIGSV,1,1,02,09,27,283,29,10,54,164,35*69
$GIGSV,1,1,02,09,27,283,29,10,54,164,35*69
$GIGSV,1,1,02,09,27,283,29,10,54,164,35*69
$GIGSV,1,1,02,09,27,283,29,10,54,164,35*69
$GIGSV,1,1,02,09,27,283,28,10,54,164,34*69
$GIGSV,1,1,02,09,27,283,28,10,54,164,34*69
$GIGSV,1,1,02,09,27,283,28,10,54,164,34*69
$GIGSV,1,1,02,09,27,283,28,10,54,164,34*69
$GIGSV,1,1,02,09,27,283,28,10,54,164,34*69
$GIGSV,1,1,02,09,27,283,28,10,54,164,34*69
$GIGSV,1,1,01,09,27,283,28*5E
$GIGSV,1,1,01,09,27,283,28*5E
$GIGSV,1,1,01,09,27,283,28*5E
$GIGSV,1,1,01,09,27,283,28*5E
$GIGSV,1,1,01,09,27,283,28*5E
$GIGSV,1,1,01,09,27,283,28*5E
$GIGSV,1,1,01,09,27,283,28*5E
$GIGSV,1,1,01,09,27,283,28*5E
$GIGSV,1,1,01,09,27,283,27*51
$GIGSV,1,1,01,09,27,283,27*51
$GIGSV,1,1,01,09,27,283,27*51
$GIGSV,1,1,02,09,27,283,27,10,54,164,27*64
$GIGSV,1,1,01,09,27,283,27*51
$GIGSV,1,1,01,09,27,283,27*51
$GIGSV,1,1,01,09,27,283,27*51
$GIGSV,1,1,01,09,27,283,27*51
$GIGSV,1,1,01,09,27,283,27*51
$GIGSV,1,1,01,09,27,283,27*51
$GIGSV,1,1,01,09,27,283,27*51
$GIGSV,1,1,01,09,27,283,27*51
$GIGSV,1,1,01,09,27,283,27*51
$GIGSV,1,1,01,09,27,283,27*51
$GIGSV,1,1,01,09,27,283,27*51
$GIGSV,1,1,01,09,27,283,27*51
$GIGSV,1,1,01,09,27,283,27*51
$GIGSV,1,1,01,09,27,283,27*51
$GIGSV,1,1,01,09,27,283,27*51
$GIGSV,1,1,01,09,27,283,27*51
$GIGSV,1,1,01,09,27,283,27*51
$GIGSV,1,1,01,09,27,283,27*51
$GIGSV,1,1,01,09,27,283,27*51
$GIGSV,1,1,01,09,27,283,27*51
$GIGSV,1,1,02,09,27,283,27,10,54,164,29*6A
$GIGSV,1,1,02,09,27,283,27,10,54,164,29*6A
$GIGSV,1,1,02,09,27,283,27,10,54,164,29*6A
$GIGSV,1,1,01,09,27,283,27*51
$GIGSV,1,1,01,09,27,283,27*51
$GIGSV,1,1,01,09,27,283,27*51
$GIGSV,1,1,01,09,27,283,27*51
$GIGSV,1,1,01,09,27,283,27*51
$GIGSV,1,1,01,09,27,283,27*51
$GIGSV,1,1,01,09,27,283,27*51
$GIGSV,1,1,01,09,27,283,27*51
$GIGSV,1,1,01,09,27,283,27*51
$GIGSV,1,1,01,09,27,283,27*51
$GIGSV,1,1,01,09,27,283,26*50
$GIGSV,1,1,01,09,27,283,26*50
$GIGSV,1,1,01,09,27,283,26*50
$GIGSV,1,1,01,09,27,283,26*50
$GIGSV,1,1,01,09,27,283,26*50
$GIGSV,1,1,01,09,27,283,27*51
$GIGSV,1,1,01,09,27,283,27*51
$GIGSV,1,1,01,09,27,283,27*51
$GIGSV,1,1,01,09,27,283,26*50
$GIGSV,1,1,01,09,27,283,26*50
$GIGSV,1,1,01,09,27,283,26*50
$GIGSV,1,1,01,09,27,283,26*50
$GIGSV,1,1,01,09,27,283,26*50
$GIGSV,1,1,01,09,27,283,26*50
$GIGSV,1,1,01,09,27,283,27*51
$GIGSV,1,1,01,09,27,283,27*51
$GIGSV,1,1,01,09,27,283,27*51
$GIGSV,1,1,01,09,27,283,27*51
$GIGSV,1,1,01,09,27,283,27*51
$GIGSV,1,1,01,09,27,283,27*51
$GIGSV,1,1,01,09,27,283,27*51
$GIGSV,1,1,02,09,27,283,27,10,54,164,24*67
$GIGSV,1,1,02,09,27,283,27,10,54,164,24*67
$GIGSV,1,1,01,09,27,283,27*51
$GIGSV,1,1,01,09,27,283,27*51
$GIGSV,1,1,01,09,27,283,27*51
$GIGSV,1,1,02,09,27,283,27,10,54,164,24*67
$GIGSV,1,1,02,09,27,283,27,10,54,164,24*67
$GIGSV,1,1,02,09,27,283,27,10,54,164,24*67
$GIGSV,1,1,02,09,27,283,27,10,54,164,24*67
$GIGSV,1,1,01,10,54,164,24*54
$GIGSV,1,1,01,10,54,164,25*55
$GIGSV,1,1,01,10,54,164,25*55
$GIGSV,1,1,01,10,54,164,25*55
$GIGSV,1,1,01,10,54,164,25*55
$GIGSV,1,1,01,10,54,164,24*54
$GIGSV,1,1,01,10,54,164,24*54
$GIGSV,1,1,01,10,54,164,24*54
$GIGSV,1,1,01,10,54,164,24*54
$GIGSV,1,1,01,10,54,164,24*54
$GIGSV,1,1,01,10,54,164,24*54
$GIGSV,1,1,01,10,54,164,24*54
$GIGSV,1,1,01,10,54,164,24*54
$GIGSV,1,1,01,10,54,164,24*54
$GIGSV,1,1,01,10,54,164,24*54
$GIGSV,1,1,01,10,54,164,24*54
$GIGSV,1,1,01,10,54,164,24*54
$GIGSV,1,1,01,10,54,164,24*54
$GIGSV,1,1,01,10,54,164,24*54
$GIGSV,1,1,01,10,54,164,24*54
$GIGSV,1,1,01,10,54,164,24*54
$GIGSV,1,1,01,10,54,164,24*54
$GIGSV,1,1,01,10,54,164,24*54
$GIGSV,1,1,01,10,54,164,24*54
$GIGSV,1,1,01,10,54,164,24*54
$GIGSV,1,1,01,10,54,164,24*54
$GIGSV,1,1,01,10,54,164,24*54
$GIGSV,1,1,01,10,54,164,24*54
$GIGSV,1,1,01,10,54,164,24*54
$GIGSV,1,1,01,10,54,164,24*54
$GIGSV,1,1,01,10,54,164,24*54
$GIGSV,1,1,01,10,54,164,24*54
$GIGSV,1,1,01,10,54,164,24*54
$GIGSV,1,1,01,10,54,164,24*54
$GIGSV,1,1,01,10,54,164,28*58
$GIGSV,1,1,01,10,54,164,26*56
$GIGSV,1,1,01,10,54,164,26*56
$GIGSV,1,1,01,10,54,164,25*55
$GIGSV,1,1,01,10,54,164,25*55
$GIGSV,1,1,01,10,54,164,26*56
$GIGSV,1,1,01,10,54,164,26*56
$GIGSV,1,1,01,10,54,164,26*56
$GIGSV,1,1,01,10,54,164,26*56
$GIGSV,1,1,01,10,54,164,26*56
$GIGSV,1,1,01,10,54,164,26*56
$GIGSV,1,1,01,10,54,164,26*56
$GIGSV,1,1,01,10,54,164,26*56
$GIGSV,1,1,01,10,54,164,26*56
$GIGSV,1,1,01,10,54,164,26*56
$GIGSV,1,1,01,10,54,164,26*56
$GIGSV,1,1,01,10,54,164,26*56
$GIGSV,1,1,01,10,54,164,26*56
$GIGSV,1,1,01,10,54,164,26*56
$GIGSV,1,1,01,10,54,164,26*56
$GIGSV,1,1,01,10,54,164,26*56
$GIGSV,1,1,01,10,54,164,26*56
$GIGSV,1,1,01,10,54,164,26*56
$GIGSV,1,1,01,10,54,164,26*56
$GIGSV,1,1,01,10,54,164,26*56
$GIGSV,1,1,01,10,54,164,26*56
$GIGSV,1,1,01,10,54,164,26*56
$GIGSV,1,1,01,10,54,164,26*56
$GIGSV,1,1,01,10,54,164,26*56
$GIGSV,1,1,01,10,54,164,26*56
$GIGSV,1,1,01,10,54,164,26*56
$GIGSV,1,1,01,10,54,164,26*56
$GIGSV,1,1,01,10,54,164,26*56
$GIGSV,1,1,01,10,54,164,26*56
$GIGSV,1,1,01,10,54,164,26*56
$GIGSV,1,1,01,10,54,164,27*57
$GIGSV,1,1,01,10,54,164,27*57
$GIGSV,1,1,01,10,54,164,27*57
$GIGSV,1,1,01,10,54,164,27*57
$GIGSV,1,1,01,10,54,164,27*57
$GIGSV,1,1,01,10,54,164,27*57
$GIGSV,1,1,01,10,54,164,27*57
$GIGSV,1,1,01,10,54,164,27*57
$GIGSV,1,1,01,10,54,164,27*57
$GIGSV,1,1,01,10,54,164,27*57
$GIGSV,1,1,01,10,54,164,27*57
$GIGSV,1,1,01,10,54,164,27*57
$GIGSV,1,1,01,10,54,164,27*57
$GIGSV,1,1,01,10,54,164,27*57
$GIGSV,1,1,01,10,54,164,27*57
$GIGSV,1,1,01,10,54,164,27*57
$GIGSV,1,1,01,10,54,164,28*58
$GIGSV,1,1,01,10,54,164,28*58
$GIGSV,1,1,01,10,54,164,28*58
$GIGSV,1,1,01,10,54,164,28*58
$GIGSV,1,1,01,10,54,164,28*58
$GIGSV,1,1,01,10,54,164,28*58
$GIGSV,1,1,01,10,54,164,28*58
$GIGSV,1,1,01,10,54,164,29*59
$GIGSV,1,1,01,10,54,164,29*59
$GIGSV,1,1,01,10,54,164,29*59
$GIGSV,1,1,01,10,54,164,29*59
$GIGSV,1,1,01,10,54,164,31*50
$GIGSV,1,1,01,10,54,164,31*50
$GIGSV,1,1,01,10,54,164,30*51
$GIGSV,1,1,01,10,54,164,30*51
$GIGSV,1,1,01,10,54,164,31*50
$GIGSV,1,1,01,10,54,164,32*53
$GIGSV,1,1,01,10,54,164,32*53
$GIGSV,1,1,01,10,54,164,32*53
$GIGSV,1,1,01,10,54,164,33*52
$GIGSV,1,1,01,10,54,164,33*52
$GIGSV,1,1,01,10,54,164,33*52
$GIGSV,1,1,01,10,54,164,33*52
$GIGSV,1,1,01,10,54,164,34*55
$GIGSV,1,1,01,10,54,164,34*55
$GIGSV,1,1,01,10,54,164,34*55
$GIGSV,1,1,01,10,54,164,34*55
$GIGSV,1,1,01,10,54,164,35*54
$GIGSV,1,1,01,10,54,164,35*54
$GIGSV,1,1,01,10,54,164,35*54
$GIGSV,1,1,01,10,54,164,35*54
$GIGSV,1,1,01,10,54,164,37*56
$GIGSV,1,1,01,10,54,164,37*56
$GIGSV,1,1,01,10,54,164,37*56
$GIGSV,1,1,01,10,54,164,38*59
$GIGSV,1,1,01,10,54,164,39*58
$GIGSV,1,1,01,10,54,164,39*58
$GIGSV,1,1,01,10,54,164,39*58
$GIGSV,1,1,01,10,54,164,39*58
$GIGSV,1,1,01,10,54,164,39*58
$GIGSV,1,1,01,10,54,164,39*58
$GIGSV,1,1,01,10,54,164,39*58
$GIGSV,1,1,01,10,54,164,39*58
$GIGSV,1,1,01,10,54,164,39*58
$GIGSV,1,1,01,10,54,164,39*58
$GIGSV,1,1,01,10,54,164,40*56
$GIGSV,1,1,01,10,54,164,40*56
$GIGSV,1,1,01,10,54,164,40*56
$GIGSV,1,1,01,10,54,164,40*56
$GIGSV,1,1,01,10,54,164,40*56
$GIGSV,1,1,01,10,54,164,40*56
$GIGSV,1,1,01,10,54,164,40*56
$GIGSV,1,1,01,10,54,164,40*56
$GIGSV,1,1,01,10,54,164,41*57
$GIGSV,1,1,01,10,54,164,41*57
$GIGSV,1,1,01,10,54,164,41*57
$GIGSV,1,1,01,10,54,164,41*57
$GIGSV,1,1,01,10,54,164,41*57
$GIGSV,1,1,01,10,54,164,41*57
$GIGSV,1,1,01,10,54,164,41*57
$GIGSV,1,1,01,10,54,164,41*57
$GIGSV,1,1,01,10,54,164,41*57
$GIGSV,1,1,01,10,54,164,41*57
$GIGSV,1,1,01,10,54,164,41*57
$GIGSV,1,1,01,10,54,164,41*57
$GIGSV,1,1,01,10,54,164,41*57
$GIGSV,1,1,01,10,54,164,41*57
$GIGSV,1,1,01,10,54,164,41*57
$GIGSV,1,1,01,10,54,164,41*57
$GIGSV,1,1,01,10,54,164,42*54
$GIGSV,1,1,01,10,54,164,42*54
$GIGSV,1,1,01,10,54,164,42*54
$GIGSV,1,1,01,10,54,164,42*54
$GIGSV,1,1,01,10,54,164,42*54
$GIGSV,1,1,01,10,54,164,42*54
$GIGSV,1,1,01,10,54,164,42*54
$GIGSV,1,1,01,10,54,164,42*54
$GIGSV,1,1,01,10,54,164,42*54
$GIGSV,1,1,01,10,54,164,42*54
$GIGSV,1,1,01,10,54,164,42*54
$GIGSV,1,1,01,10,54,164,42*54
$GIGSV,1,1,01,10,54,164,42*54
$GIGSV,1,1,01,10,54,164,42*54
$GIGSV,1,1,01,10,54,164,42*54
$GIGSV,1,1,01,10,54,164,42*54
$GIGSV,1,1,01,10,54,164,42*54
$GIGSV,1,1,01,10,54,164,42*54
$GIGSV,1,1,01,10,54,164,42*54
$GIGSV,1,1,01,10,54,164,42*54
$GIGSV,1,1,01,10,54,164,42*54
$GIGSV,1,1,01,10,54,164,42*54
$GIGSV,1,1,01,10,54,164,42*54
$GIGSV,1,1,01,10,54,164,42*54
$GIGSV,1,1,01,10,54,164,43*55
$GIGSV,1,1,01,10,54,164,43*55
$GIGSV,1,1,01,10,54,164,43*55
$GIGSV,1,1,01,10,54,164,43*55
$GIGSV,1,1,01,10,54,164,43*55
$GIGSV,1,1,01,10,54,164,43*55
$GIGSV,1,1,01,10,54,164,43*55
$GIGSV,1,1,01,10,54,164,43*55
$GIGSV,1,1,01,10,54,164,43*55
$GIGSV,1,1,01,10,54,164,43*55
$GIGSV,1,1,01,10,54,164,43*55
$GIGSV,1,1,01,10,54,164,43*55
$GIGSV,1,1,01,10,54,164,43*55
$GIGSV,1,1,01,10,54,164,43*55
$GIGSV,1,1,01,10,54,164,43*55
$GIGSV,1,1,01,10,54,164,43*55
$GIGSV,1,1,01,10,54,164,43*55
$GIGSV,1,1,01,10,54,164,43*55
$GIGSV,1,1,01,10,54,164,43*55
$GIGSV,1,1,01,10,54,164,43*55
$GIGSV,1,1,01,10,54,164,43*55
$GIGSV,1,1,01,10,54,164,43*55
$GIGSV,1,1,01,10,54,164,43*55
$GIGSV,1,1,01,10,54,164,43*55
$GIGSV,1,1,01,10,54,164,43*55
$GIGSV,1,1,01,10,54,164,43*55
$GIGSV,1,1,01,10,54,164,43*55
$GIGSV,1,1,01,10,54,164,43*55
$GIGSV,1,1,01,10,54,164,43*55
$GIGSV,1,1,01,10,54,164,43*55
$GIGSV,1,1,01,10,54,164,43*55
$GIGSV,1,1,01,10,54,164,43*55
$GIGSV,1,1,01,10,54,164,43*55
$GIGSV,1,1,01,10,54,164,43*55
$GIGSV,1,1,01,10,54,164,43*55
$GIGSV,1,1,01,10,54,164,43*55
$GIGSV,1,1,01,10,54,164,43*55
$GIGSV,1,1,01,10,54,164,43*55
$GIGSV,1,1,01,10,54,164,43*55
$GIGSV,1,1,01,10,54,164,43*55
$GIGSV,1,1,01,10,54,164,43*55
$GIGSV,1,1,01,10,54,164,43*55
$GIGSV,1,1,01,10,54,164,43*55
$GIGSV,1,1,01,10,54,164,43*55
$GIGSV,1,1,01,10,54,164,43*55
$GIGSV,1,1,01,10,54,164,43*55
$GIGSV,1,1,01,10,54,164,43*55
$GIGSV,1,1,01,10,54,164,43*55
$GIGSV,1,1,01,10,54,164,43*55
$GIGSV,1,1,01,10,54,164,43*55
$GIGSV,1,1,01,10,54,164,43*55
$GIGSV,1,1,01,10,54,164,43*55
$GIGSV,1,1,01,10,54,164,43*55
$GIGSV,1,1,01,10,54,164,43*55
$GIGSV,1,1,01,10,54,164,43*55
$GIGSV,1,1,01,10,54,164,43*55
$GIGSV,1,1,01,10,54,164,43*55
$GIGSV,1,1,01,10,54,164,43*55
$GIGSV,1,1,01,10,54,164,43*55
$GIGSV,1,1,01,10,54,164,43*55
$GIGSV,1,1,01,10,54,164,43*55
$GIGSV,1,1,01,10,54,164,43*55
$GIGSV,1,1,01,10,54,164,43*55
$GIGSV,1,1,01,10,54,164,43*55
$GIGSV,1,1,01,10,54,164,43*55
$GIGSV,1,1,01,10,54,164,43*55
$GIGSV,1,1,01,10,54,164,43*55
$GIGSV,1,1,01,10,54,164,43*55
$GIGSV,1,1,01,10,54,164,43*55
$GIGSV,1,1,01,10,54,164,43*55
$GIGSV,1,1,01,10,54,164,43*55
$GIGSV,1,1,01,10,54,164,43*55
$GIGSV,1,1,01,10,54,164,43*55
$GIGSV,1,1,01,10,54,164,43*55
$GIGSV,1,1,01,10,54,164,44*52
$GIGSV,1,1,01,10,54,164,44*52
$GIGSV,1,1,01,10,54,164,44*52
$GIGSV,1,1,01,10,54,164,43*55
$GIGSV,1,1,01,10,54,164,44*52
$GIGSV,1,1,01,10,54,164,44*52
$GIGSV,1,1,01,10,54,164,43*55
$GIGSV,1,1,01,10,54,164,43*55
$GIGSV,1,1,01,10,54,164,43*55
$GIGSV,1,1,01,10,54,164,43*55
$GIGSV,1,1,01,10,54,164,43*55
$GIGSV,1,1,01,10,54,164,43*55
$GIGSV,1,1,01,10,54,164,43*55
$GIGSV,1,1,01,10,54,164,43*55
$GIGSV,1,1,01,10,54,164,43*55
$GIGSV,1,1,01,10,54,164,43*55
$GIGSV,1,1,01,10,54,164,43*55
$GIGSV,1,1,01,10,54,164,44*52
$GIGSV,1,1,01,10,54,164,44*52
$GIGSV,1,1,01,10,54,164,44*52
$GIGSV,1,1,01,10,54,164,44*52
$GIGSV,1,1,01,10,54,164,44*52
$GIGSV,1,1,01,10,54,164,44*52
$GIGSV,1,1,01,10,54,164,44*52
$GIGSV,1,1,01,10,54,164,44*52
$GIGSV,1,1,01,10,54,164,44*52
$GIGSV,1,1,01,10,54,164,44*52
$GIGSV,1,1,01,10,54,164,44*52
$GIGSV,1,1,01,10,54,164,44*52
$GIGSV,1,1,01,10,54,164,44*52
$GIGSV,1,1,01,10,54,164,44*52
$GIGSV,1,1,01,10,54,164,44*52
$GIGSV,1,1,01,10,54,164,44*52
$GIGSV,1,1,01,10,54,164,44*52
$GIGSV,1,1,01,10,54,164,44*52
$GIGSV,1,1,01,10,54,164,44*52
$GIGSV,1,1,01,10,54,164,43*55
$GIGSV,1,1,01,10,54,164,43*55
$GIGSV,1,1,01,10,54,164,43*55
$GIGSV,1,1,01,10,54,164,43*55
$GIGSV,1,1,01,10,54,164,43*55
$GIGSV,1,1,01,10,54,164,43*55
$GIGSV,1,1,01,10,54,164,43*55
$GIGSV,1,1,01,10,54,164,43*55
$GIGSV,1,1,01,10,54,164,43*55
$GIGSV,1,1,01,10,54,164,43*55
$GIGSV,1,1,01,10,54,164,43*55
$GIGSV,1,1,01,10,54,164,43*55
$GIGSV,1,1,01,10,54,164,43*55
$GIGSV,1,1,01,10,54,164,43*55
$GIGSV,1,1,01,10,54,164,43*55
$GIGSV,1,1,01,10,54,164,43*55
$GIGSV,1,1,01,10,54,164,43*55
$GIGSV,1,1,01,10,54,164,43*55
$GIGSV,1,1,01,10,54,164,43*55
$GIGSV,1,1,01,10,54,164,43*55
$GIGSV,1,1,01,10,54,164,43*55
$GIGSV,1,1,01,10,54,164,43*55
$GIGSV,1,1,01,10,54,164,43*55
$GIGSV,1,1,01,10,54,164,43*55
$GIGSV,1,1,01,10,54,164,43*55
$GIGSV,1,1,01,10,54,164,43*55
$GIGSV,1,1,01,10,54,164,43*55
$GIGSV,1,1,01,10,54,164,43*55
$GIGSV,1,1,01,10,54,164,43*55
$GIGSV,1,1,01,10,54,164,43*55
$GIGSV,1,1,01,10,54,164,43*55
$GIGSV,1,1,01,10,54,164,43*55
$GIGSV,1,1,01,10,54,164,43*55
$GIGSV,1,1,01,10,54,164,43*55
$GIGSV,1,1,01,10,54,164,43*55
$GIGSV,1,1,01,10,54,164,43*55
$GIGSV,1,1,01,10,54,164,43*55
$GIGSV,1,1,01,10,54,164,43*55
$GIGSV,1,1,01,10,54,164,43*55
$GIGSV,1,1,01,10,54,164,43*55
$GIGSV,1,1,01,10,54,164,43*55
$GIGSV,1,1,01,10,54,164,43*55
$GIGSV,1,1,01,10,54,164,44*52
$GIGSV,1,1,01,10,54,164,44*52
$GIGSV,1,1,01,10,54,164,44*52
$GIGSV,1,1,01,10,54,164,44*52
$GIGSV,1,1,01,10,54,164,44*52
$GIGSV,1,1,01,10,54,164,44*52
$GIGSV,1,1,01,10,54,164,44*52
$GIGSV,1,1,01,10,54,164,44*52
$GIGSV,1,1,01,10,54,164,44*52
$GIGSV,1,1,01,10,54,164,44*52
$GIGSV,1,1,01,10,54,164,44*52
$GIGSV,1,1,01,10,54,164,44*52
$GIGSV,1,1,01,10,54,164,44*52
$GIGSV,1,1,01,10,54,164,44*52
$GIGSV,1,1,01,10,54,164,44*52
$GIGSV,1,1,01,10,54,164,44*52
$GIGSV,1,1,01,10,54,164,44*52
$GIGSV,1,1,02,09,27,283,43,10,54,164,44*63
$GIGSV,1,1,02,09,27,283,44,10,54,164,44*64
$GIGSV,1,1,02,09,27,283,44,10,54,164,44*64
$GIGSV,1,1,02,09,27,283,45,10,54,164,44*65
$GIGSV,1,1,02,09,27,283,45,10,54,164,44*65
$GIGSV,1,1,02,09,27,283,45,10,54,164,44*65
$GIGSV,1,1,02,09,27,283,44,10,54,164,44*64
$GIGSV,1,1,02,09,27,283,44,10,54,164,44*64
$GIGSV,1,1,02,09,27,283,44,10,54,164,44*64
$GIGSV,1,1,01,10,54,164,44*52
$GIGSV,1,1,02,09,27,283,43,10,54,164,44*63
$GIGSV,1,1,02,09,27,283,43,10,54,164,44*63
$GIGSV,1,1,02,09,27,283,43,10,54,164,44*63
$GIGSV,1,1,02,09,27,283,43,10,54,164,44*63
$GIGSV,1,1,02,09,27,283,39,10,54,164,44*6E
$GIGSV,1,1,02,09,27,283,38,10,54,164,44*6F
$GIGSV,1,1,02,09,27,283,41,10,54,164,44*61
$GIGSV,1,1,02,09,27,283,44,10,54,164,44*64
$GIGSV,1,1,02,09,27,283,44,10,54,164,44*64
$GIGSV,1,1,02,09,27,283,45,10,54,164,44*65
$GIGSV,1,1,02,09,27,283,45,10,54,164,44*65
$GIGSV,1,1,02,09,27,283,45,10,54,164,44*65
$GIGSV,1,1,02,09,27,283,45,10,54,164,44*65
$GIGSV,1,1,02,09,27,283,45,10,54,164,44*65
$GIGSV,1,1,02,09,27,283,45,10,54,164,44*65
$GIGSV,1,1,02,09,27,283,45,10,54,164,44*65
$GIGSV,1,1,02,09,27,283,46,10,54,164,44*66
$GIGSV,1,1,02,09,27,283,46,10,54,164,44*66
$GIGSV,1,1,02,09,27,283,46,10,54,164,44*66
$GIGSV,1,1,02,09,27,283,46,10,54,164,44*66
$GIGSV,1,1,02,09,27,283,46,10,54,164,44*66
$GIGSV,1,1,02,09,27,283,46,10,54,164,44*66
$GIGSV,1,1,02,09,27,283,46,10,54,164,44*66
$GIGSV,1,1,02,09,27,283,46,10,54,164,44*66
$GIGSV,1,1,02,09,27,283,46,10,54,164,44*66
$GIGSV,1,1,02,09,27,283,46,10,54,164,44*66
$GIGSV,1,1,02,09,27,283,46,10,54,164,44*66
$GIGSV,1,1,02,09,27,283,46,10,54,164,44*66
$GIGSV,1,1,02,09,27,283,46,10,54,164,44*66
$GIGSV,1,1,02,09,27,283,46,10,54,164,44*66
$GIGSV,1,1,02,09,27,283,46,10,54,164,44*66
$GIGSV,1,1,02,09,27,283,46,10,54,164,44*66
$GIGSV,1,1,02,09,27,283,46,10,54,164,45*67
$GIGSV,1,1,02,09,27,283,46,10,54,164,45*67
$GIGSV,1,1,02,09,27,283,46,10,54,164,45*67
$GIGSV,1,1,02,09,27,283,47,10,54,164,45*66
$GIGSV,1,1,02,09,27,283,46,10,54,164,45*67
$GIGSV,1,1,02,09,27,283,46,10,54,164,45*67
$GIGSV,1,1,02,09,27,283,46,10,54,164,45*67
$GIGSV,1,1,02,09,27,283,46,10,54,164,45*67
$GIGSV,1,1,02,09,27,283,46,10,54,164,45*67
$GIGSV,1,1,02,09,27,283,46,10,54,164,45*67
$GIGSV,1,1,02,09,27,283,46,10,54,164,45*67
$GIGSV,1,1,02,09,27,283,46,10,54,164,45*67
$GIGSV,1,1,02,09,27,283,46,10,54,164,45*67
$GIGSV,1,1,02,09,27,283,46,10,54,164,45*67
$GIGSV,1,1,02,09,27,283,46,10,54,164,45*67
$GIGSV,1,1,02,09,27,283,46,10,54,164,45*67
$GIGSV,1,1,02,09,27,283,46,10,54,164,45*67
$GIGSV,1,1,02,09,27,283,46,10,54,164,45*67
$GIGSV,1,1,02,09,27,283,46,10,54,164,45*67
$GIGSV,1,1,02,09,27,283,46,10,54,164,45*67
$GIGSV,1,1,02,09,27,283,46,10,54,164,45*67
$GIGSV,1,1,02,09,27,283,46,10,54,164,45*67
$GIGSV,1,1,02,09,27,283,46,10,54,164,45*67
$GIGSV,1,1,02,09,27,283,46,10,54,164,45*67
$GIGSV,1,1,02,09,27,283,46,10,54,164,45*67
$GIGSV,1,1,02,09,27,283,46,10,54,164,45*67
$GIGSV,1,1,02,09,27,283,46,10,54,164,45*67
$GIGSV,1,1,02,09,27,283,46,10,54,164,45*67
$GIGSV,1,1,02,09,27,283,46,10,54,164,45*67
$GIGSV,1,1,02,09,27,283,46,10,54,164,45*67
$GIGSV,1,1,02,09,27,283,46,10,54,164,45*67
$GIGSV,1,1,02,09,27,283,46,10,54,164,45*67
$GIGSV,1,1,02,09,27,283,46,10,54,164,45*67
$GIGSV,1,1,02,09,27,283,46,10,54,164,45*67
$GIGSV,1,1,02,09,27,283,46,10,54,164,45*67
$GIGSV,1,1,02,09,27,283,46,10,54,164,45*67
$GIGSV,1,1,02,09,27,283,46,10,54,164,45*67
$GIGSV,1,1,02,09,27,283,46,10,54,164,45*67
$GIGSV,1,1,02,09,27,283,46,10,54,164,45*67
$GIGSV,1,1,02,09,27,283,46,10,54,164,45*67
$GIGSV,1,1,02,09,27,283,46,10,54,164,45*67
$GIGSV,1,1,02,09,27,283,46,10,54,164,45*67
$GIGSV,1,1,02,09,27,283,46,10,54,164,45*67
$GIGSV,1,1,02,09,27,283,46,10,54,164,45*67
$GIGSV,1,1,02,09,27,283,46,10,54,164,45*67
$GIGSV,1,1,02,09,27,283,46,10,54,164,45*67
$GIGSV,1,1,02,09,27,283,46,10,54,164,45*67
$GIGSV,1,1,02,09,27,283,46,10,54,164,45*67
$GIGSV,1,1,02,09,27,283,46,10,54,164,45*67
$GIGSV,1,1,02,09,27,283,46,10,54,164,45*67
$GIGSV,1,1,02,09,27,283,46,10,54,164,45*67
$GIGSV,1,1,02,09,27,283,46,10,54,164,46*64
$GIGSV,1,1,02,09,27,283,46,10,54,164,46*64
$GIGSV,1,1,02,09,27,283,46,10,54,164,46*64
$GIGSV,1,1,02,09,27,283,46,10,54,164,46*64
$GIGSV,1,1,02,09,27,283,46,10,54,164,46*64
$GIGSV,1,1,02,09,27,283,46,10,54,164,46*64
$GIGSV,1,1,02,09,27,283,46,10,54,164,46*64
$GIGSV,1,1,02,09,27,283,46,10,54,164,46*64
$GIGSV,1,1,02,09,27,283,46,10,54,164,46*64
$GIGSV,1,1,02,09,27,283,46,10,54,164,46*64
$GIGSV,1,1,02,09,27,283,46,10,54,164,46*64
$GIGSV,1,1,02,09,27,283,46,10,54,164,46*64
$GIGSV,1,1,02,09,27,283,46,10,54,164,46*64
$GIGSV,1,1,02,09,27,283,46,10,54,164,46*64
$GIGSV,1,1,02,09,27,283,46,10,54,164,46*64
$GIGSV,1,1,02,09,27,283,46,10,54,164,46*64
$GIGSV,1,1,02,09,27,283,46,10,54,164,46*64
$GIGSV,1,1,02,09,27,283,46,10,54,164,46*64
$GIGSV,1,1,02,09,27,283,46,10,54,164,46*64
$GIGSV,1,1,02,09,27,283,46,10,54,164,46*64
$GIGSV,1,1,02,09,27,283,46,10,54,164,46*64
$GIGSV,1,1,02,09,27,283,46,10,54,164,46*64
$GIGSV,1,1,02,09,27,283,46,10,54,164,46*64
$GIGSV,1,1,02,09,27,283,46,10,54,164,46*64
$GIGSV,1,1,02,09,27,283,46,10,54,164,46*64
$GIGSV,1,1,02,09,27,283,46,10,54,164,46*64
$GIGSV,1,1,02,09,27,283,46,10,54,164,46*64
$GIGSV,1,1,02,09,27,283,46,10,54,164,46*64
$GIGSV,1,1,02,09,27,283,46,10,54,164,46*64
$GIGSV,1,1,02,09,27,283,46,10,54,164,46*64
$GIGSV,1,1,02,09,27,283,46,10,54,164,46*64
$GIGSV,1,1,02,09,27,283,46,10,54,164,46*64
$GIGSV,1,1,02,09,27,283,46,10,54,164,46*64
$GIGSV,1,1,02,09,27,283,46,10,54,164,46*64
$GIGSV,1,1,02,09,27,283,46,10,54,164,46*64
$GIGSV,1,1,02,09,27,283,46,10,54,164,46*64
$GIGSV,1,1,02,09,27,283,46,10,54,164,46*64
$GIGSV,1,1,02,09,27,283,46,10,54,164,46*64
$GIGSV,1,1,02,09,27,283,46,10,54,164,46*64
$GIGSV,1,1,02,09,27,283,46,10,54,164,46*64
$GIGSV,1,1,02,09,27,283,46,10,54,164,46*64
$GIGSV,1,1,02,09,27,283,46,10,54,164,46*64
$GIGSV,1,1,02,09,27,283,46,10,54,164,46*64
$GIGSV,1,1,02,09,27,283,46,10,54,164,46*64
$GIGSV,1,1,02,09,27,283,46,10,54,164,46*64
$GIGSV,1,1,02,09,27,283,46,10,54,164,46*64
$GIGSV,1,1,02,09,27,283,46,10,54,164,46*64
$GIGSV,1,1,02,09,27,283,46,10,54,164,46*64
$GIGSV,1,1,02,09,27,283,46,10,54,164,46*64
$GIGSV,1,1,02,09,27,283,46,10,54,164,46*64
$GIGSV,1,1,02,09,27,283,46,10,54,164,46*64
$GIGSV,1,1,02,09,27,283,46,10,54,164,46*64
$GIGSV,1,1,02,09,27,283,46,10,54,164,46*64
$GIGSV,1,1,02,09,27,283,46,10,54,164,46*64
$GIGSV,1,1,02,09,27,283,46,10,54,164,46*64
$GIGSV,1,1,02,09,27,283,46,10,54,164,46*64
$GIGSV,1,1,02,09,27,283,46,10,54,164,46*64
$GIGSV,1,1,02,09,27,283,46,10,54,164,46*64
$GIGSV,1,1,02,09,27,283,46,10,54,164,46*64
$GIGSV,1,1,02,09,27,283,46,10,54,164,46*64
$GIGSV,1,1,02,09,27,283,46,10,54,164,46*64
$GIGSV,1,1,02,09,27,283,46,10,54,164,46*64
$GIGSV,1,1,02,09,27,283,46,10,54,164,46*64
$GIGSV,1,1,02,09,27,283,46,10,54,164,46*64
$GIGSV,1,1,02,09,27,283,46,10,54,164,46*64
$GIGSV,1,1,02,09,27,283,46,10,54,164,46*64
$GIGSV,1,1,02,09,27,283,46,10,54,164,46*64
$GIGSV,1,1,02,09,27,283,46,10,54,164,46*64
$GIGSV,1,1,02,09,27,283,46,10,54,164,46*64
$GIGSV,1,1,02,09,27,283,45,10,54,164,46*67
$GIGSV,1,1,02,09,27,283,45,10,54,164,46*67
$GIGSV,1,1,02,09,27,283,45,10,54,164,46*67
$GIGSV,1,1,02,09,27,283,45,10,54,164,46*67
$GIGSV,1,1,02,09,27,283,45,10,54,164,46*67
$GIGSV,1,1,02,09,27,283,45,10,54,164,46*67
$GIGSV,1,1,02,09,27,283,45,10,54,164,46*67
$GIGSV,1,1,02,09,27,283,45,10,54,164,46*67
$GIGSV,1,1,02,09,27,283,45,10,54,164,46*67
$GIGSV,1,1,02,09,27,283,45,10,54,164,46*67
$GIGSV,1,1,02,09,27,283,45,10,54,164,46*67
$GIGSV,1,1,02,09,27,283,45,10,54,164,46*67
$GIGSV,1,1,02,09,27,283,45,10,54,164,46*67
$GIGSV,1,1,02,09,27,283,45,10,54,164,46*67
$GIGSV,1,1,02,09,27,283,45,10,54,164,46*67
$GIGSV,1,1,02,09,27,283,45,10,54,164,46*67
$GIGSV,1,1,02,09,27,283,45,10,54,164,45*64
$GIGSV,1,1,02,09,27,283,45,10,54,164,45*64
$GIGSV,1,1,02,09,27,283,45,10,54,164,45*64
$GIGSV,1,1,02,09,27,283,45,10,54,164,45*64
$GIGSV,1,1,02,09,27,283,45,10,54,164,45*64
$GIGSV,1,1,02,09,27,283,45,10,54,164,45*64
$GIGSV,1,1,02,09,27,283,45,10,54,164,45*64
$GIGSV,1,1,02,09,27,283,45,10,54,164,45*64
$GIGSV,1,1,02,09,27,283,45,10,54,164,45*64
$GIGSV,1,1,02,09,27,283,45,10,54,164,45*64
$GIGSV,1,1,02,09,27,283,45,10,54,164,45*64
$GIGSV,1,1,02,09,27,283,45,10,54,164,45*64
$GIGSV,1,1,02,09,27,283,45,10,54,164,45*64
$GIGSV,1,1,02,09,27,283,45,10,54,164,45*64
$GIGSV,1,1,02,09,27,283,45,10,54,164,45*64
$GIGSV,1,1,02,09,27,283,45,10,54,164,45*64
$GIGSV,1,1,02,09,27,283,45,10,54,164,45*64
$GIGSV,1,1,02,09,27,283,45,10,54,164,45*64
$GIGSV,1,1,02,09,27,283,45,10,54,164,45*64
$GIGSV,1,1,02,09,27,283,45,10,54,164,45*64
$GIGSV,1,1,02,09,27,283,45,10,54,164,45*64
$GIGSV,1,1,02,09,27,283,45,10,54,164,45*64
$GIGSV,1,1,02,09,27,283,45,10,54,164,45*64
$GIGSV,1,1,02,09,27,283,45,10,54,164,45*64
$GIGSV,1,1,02,09,27,283,45,10,54,164,45*64
$GIGSV,1,1,02,09,27,283,45,10,54,164,45*64
$GIGSV,1,1,02,09,27,283,45,10,54,164,45*64
$GIGSV,1,1,02,09,27,283,45,10,54,164,45*64
$GIGSV,1,1,02,09,27,283,45,10,54,164,45*64
$GIGSV,1,1,02,09,27,283,45,10,54,164,45*64
$GIGSV,1,1,02,09,27,283,45,10,54,164,45*64
$GIGSV,1,1,02,09,27,283,45,10,54,164,45*64
$GIGSV,1,1,02,09,27,283,45,10,54,164,45*64
$GIGSV,1,1,02,09,27,283,45,10,54,164,45*64
$GIGSV,1,1,02,09,27,283,45,10,54,164,45*64
$GIGSV,1,1,02,09,27,283,45,10,54,164,45*64
$GIGSV,1,1,02,09,27,283,45,10,54,164,45*64
$GIGSV,1,1,02,09,27,283,45,10,54,164,45*64
$GIGSV,1,1,02,09,27,283,45,10,54,164,45*64
$GIGSV,1,1,02,09,27,283,45,10,54,164,45*64
$GIGSV,1,1,02,09,27,283,45,10,54,164,45*64
$GIGSV,1,1,02,09,27,283,45,10,54,164,45*64
$GIGSV,1,1,02,09,27,283,45,10,54,164,45*64
$GIGSV,1,1,02,09,27,283,45,10,54,164,45*64
$GIGSV,1,1,02,09,27,283,45,10,54,164,45*64
$GIGSV,1,1,02,09,27,283,45,10,54,164,45*64
$GIGSV,1,1,02,09,27,283,45,10,54,164,45*64
$GIGSV,1,1,02,09,27,283,45,10,54,164,45*64
$GIGSV,1,1,02,09,27,283,45,10,54,164,45*64
$GIGSV,1,1,02,09,27,283,45,10,54,164,45*64
$GIGSV,1,1,02,09,27,283,45,10,54,164,45*64
$GIGSV,1,1,02,09,27,283,45,10,54,164,45*64
$GIGSV,1,1,02,09,27,283,45,10,54,164,45*64
$GIGSV,1,1,02,09,27,283,45,10,54,164,45*64
$GIGSV,1,1,02,09,27,283,45,10,54,164,45*64
$GIGSV,1,1,02,09,27,283,45,10,54,164,45*64
$GIGSV,1,1,02,09,27,283,45,10,54,164,45*64
$GIGSV,1,1,02,09,27,283,45,10,54,164,45*64
$GIGSV,1,1,02,09,27,283,45,10,54,164,45*64
$GIGSV,1,1,02,09,27,283,45,10,54,164,45*64
$GIGSV,1,1,02,09,27,283,45,10,54,164,45*64
$GIGSV,1,1,02,09,27,283,45,10,54,164,45*64
$GIGSV,1,1,02,09,27,283,45,10,54,164,45*64
$GIGSV,1,1,02,09,27,283,45,10,54,164,45*64
$GIGSV,1,1,02,09,27,283,45,10,54,164,45*64
$GIGSV,1,1,02,09,27,283,45,10,54,164,45*64
$GIGSV,1,1,02,09,27,283,45,10,54,164,45*64
$GIGSV,1,1,02,09,27,283,45,10,54,164,45*64
$GIGSV,1,1,02,09,27,283,45,10,54,164,45*64
$GIGSV,1,1,02,09,27,283,45,10,54,164,45*64
$GIGSV,1,1,02,09,27,283,45,10,54,164,45*64
$GIGSV,1,1,02,09,27,283,45,10,54,164,45*64
$GIGSV,1,1,02,09,27,283,45,10,54,164,45*64
$GIGSV,1,1,02,09,27,283,45,10,54,164,45*64
$GIGSV,1,1,02,09,27,283,45,10,54,164,45*64
$GIGSV,1,1,02,09,27,283,45,10,54,164,45*64
$GIGSV,1,1,02,09,27,283,45,10,54,164,45*64
$GIGSV,1,1,02,09,27,283,45,10,54,164,45*64
$GIGSV,1,1,02,09,27,283,45,10,54,164,45*64
$GIGSV,1,1,02,09,27,283,45,10,54,164,45*64
$GIGSV,1,1,02,09,27,283,45,10,54,164,45*64
$GIGSV,1,1,02,09,27,283,45,10,54,164,45*64
$GIGSV,1,1,02,09,27,283,45,10,54,164,45*64
$GIGSV,1,1,02,09,27,283,45,10,54,164,45*64
$GIGSV,1,1,02,09,27,283,46,10,54,164,45*67
$GIGSV,1,1,02,09,27,283,46,10,54,164,45*67
$GIGSV,1,1,02,09,27,283,46,10,54,164,45*67
$GIGSV,1,1,02,09,27,283,46,10,54,164,45*67
$GIGSV,1,1,02,09,27,283,46,10,54,164,45*67
$GIGSV,1,1,02,09,27,283,46,10,54,164,45*67
$GIGSV,1,1,02,09,27,283,46,10,54,164,45*67
$GIGSV,1,1,02,09,27,283,46,10,54,164,45*67
$GIGSV,1,1,02,09,27,283,46,10,54,164,45*67
$GIGSV,1,1,02,09,27,283,46,10,54,164,45*67
$GIGSV,1,1,02,09,27,283,46,10,54,164,45*67
$GIGSV,1,1,02,09,27,283,46,10,54,164,45*67
$GIGSV,1,1,02,09,27,283,46,10,54,164,45*67
$GIGSV,1,1,02,09,27,283,46,10,54,164,45*67
$GIGSV,1,1,02,09,27,283,46,10,54,164,45*67
$GIGSV,1,1,02,09,27,283,46,10,54,164,45*67
$GIGSV,1,1,02,09,27,283,46,10,54,164,45*67
$GIGSV,1,1,02,09,27,283,45,10,54,164,45*64
$GIGSV,1,1,02,09,27,283,45,10,54,164,45*64
$GIGSV,1,1,02,09,27,283,45,10,54,164,44*65
$GIGSV,1,1,02,09,27,283,45,10,54,164,44*65
$GIGSV,1,1,02,09,27,283,45,10,54,164,44*65
$GIGSV,1,1,02,09,27,283,45,10,54,164,44*65
$GIGSV,1,1,02,09,27,283,45,10,54,164,44*65
$GIGSV,1,1,02,09,27,283,45,10,54,164,44*65
$GIGSV,1,1,02,09,27,283,45,10,54,164,44*65
$GIGSV,1,1,02,09,27,283,45,10,54,164,44*65
$GIGSV,1,1,02,09,27,283,45,10,54,164,44*65
$GIGSV,1,1,02,09,27,283,45,10,54,164,44*65
$GIGSV,1,1,02,09,27,283,45,10,54,164,44*65
$GIGSV,1,1,02,09,27,283,45,10,54,164,44*65
$GIGSV,1,1,02,09,27,283,45,10,54,164,44*65
$GIGSV,1,1,02,09,27,283,45,10,54,164,44*65
$GIGSV,1,1,02,09,27,283,45,10,54,164,44*65
$GIGSV,1,1,02,09,27,283,45,10,54,164,44*65
$GIGSV,1,1,02,09,27,283,44,10,54,164,44*64
$GIGSV,1,1,02,09,27,283,44,10,54,164,44*64
$GIGSV,1,1,02,09,27,283,44,10,54,164,44*64
$GIGSV,1,1,02,09,27,283,44,10,54,164,44*64
$GIGSV,1,1,02,09,27,283,44,10,54,164,44*64
$GIGSV,1,1,02,09,27,283,44,10,54,164,44*64
$GIGSV,1,1,02,09,27,283,44,10,54,164,44*64
$GIGSV,1,1,02,09,27,283,44,10,54,164,44*64
$GIGSV,1,1,02,09,27,283,44,10,54,164,44*64
$GIGSV,1,1,02,09,27,283,44,10,54,164,44*64
$GIGSV,1,1,02,09,27,283,44,10,54,164,44*64
$GIGSV,1,1,02,09,27,283,44,10,54,164,44*64
$GIGSV,1,1,02,09,27,283,44,10,54,164,44*64
$GIGSV,1,1,02,09,27,283,44,10,54,164,44*64
$GIGSV,1,1,02,09,27,283,44,10,54,164,44*64
$GIGSV,1,1,02,09,27,283,44,10,54,164,44*64
$GIGSV,1,1,02,09,27,283,44,10,54,164,45*65
$GIGSV,1,1,02,09,27,283,44,10,54,164,45*65
$GIGSV,1,1,02,09,27,283,44,10,54,164,45*65
$GIGSV,1,1,02,09,27,283,44,10,54,164,45*65
$GIGSV,1,1,02,09,27,283,44,10,54,164,45*65
$GIGSV,1,1,02,09,27,283,44,10,54,164,45*65
$GIGSV,1,1,02,09,27,283,44,10,54,164,45*65
$GIGSV,1,1,02,09,27,283,44,10,54,164,45*65
$GIGSV,1,1,02,09,27,283,44,10,54,164,45*65
$GIGSV,1,1,02,09,27,283,44,10,54,164,45*65
$GIGSV,1,1,02,09,27,283,44,10,54,164,45*65
$GIGSV,1,1,02,09,27,283,43,10,54,164,45*62
$GIGSV,1,1,02,09,27,283,43,10,54,164,45*62
$GIGSV,1,1,02,09,27,283,43,10,54,164,45*62
$GIGSV,1,1,02,09,27,283,43,10,54,164,45*62
$GIGSV,1,1,02,09,27,283,43,10,54,164,45*62
$GIGSV,1,1,02,09,27,283,43,10,54,164,45*62
$GIGSV,1,1,02,09,27,283,43,10,54,164,45*62
$GIGSV,1,1,02,09,27,283,43,10,54,164,45*62
$GIGSV,1,1,02,09,27,283,43,10,54,164,46*61
$GIGSV,1,1,02,09,27,283,43,10,54,164,46*61
$GIGSV,1,1,02,09,27,283,43,10,54,164,46*61
$GIGSV,1,1,02,09,27,283,43,10,54,164,46*61
$GIGSV,1,1,02,09,27,283,43,10,54,164,46*61
$GIGSV,1,1,02,09,27,283,43,10,54,164,46*61
$GIGSV,1,1,02,09,27,283,43,10,54,164,46*61
$GIGSV,1,1,02,09,27,283,43,10,54,164,46*61
$GIGSV,1,1,02,09,27,283,43,10,54,164,46*61
$GIGSV,1,1,02,09,27,283,43,10,54,164,46*61
$GIGSV,1,1,02,09,27,283,43,10,54,164,46*61
$GIGSV,1,1,02,09,27,283,43,10,54,164,46*61
$GIGSV,1,1,02,09,27,283,43,10,54,164,46*61
$GIGSV,1,1,02,09,27,283,43,10,54,164,46*61
$GIGSV,1,1,02,09,27,283,43,10,54,164,46*61
$GIGSV,1,1,02,09,27,283,43,10,54,164,46*61
$GIGSV,1,1,02,09,27,283,43,10,54,164,46*61
$GIGSV,1,1,02,09,27,283,43,10,54,164,46*61
$GIGSV,1,1,02,09,27,283,42,10,54,164,46*60
$GIGSV,1,1,02,09,27,283,42,10,54,164,46*60
$GIGSV,1,1,02,09,27,283,42,10,54,164,46*60
$GIGSV,1,1,02,09,27,283,42,10,54,164,46*60
$GIGSV,1,1,02,09,27,283,42,10,54,164,46*60
$GIGSV,1,1,02,09,27,283,42,10,54,164,46*60
$GIGSV,1,1,02,09,27,283,42,10,54,164,46*60
$GIGSV,1,1,02,09,27,283,42,10,54,164,46*60
$GIGSV,1,1,02,09,27,283,42,10,54,164,46*60
$GIGSV,1,1,02,09,27,283,42,10,54,164,46*60
$GIGSV,1,1,02,09,27,283,42,10,54,164,46*60
$GIGSV,1,1,02,09,27,283,42,10,54,164,46*60
$GIGSV,1,1,02,09,27,283,42,10,54,164,46*60
$GIGSV,1,1,02,09,27,283,42,10,54,164,46*60
$GIGSV,1,1,02,09,27,283,42,10,54,164,46*60
$GIGSV,1,1,02,09,27,283,42,10,54,164,47*61
$GIGSV,1,1,02,09,27,283,42,10,54,164,47*61
$GIGSV,1,1,02,09,27,283,42,10,54,164,47*61
$GIGSV,1,1,02,09,27,283,42,10,54,164,47*61
$GIGSV,1,1,02,09,27,283,42,10,54,164,47*61
$GIGSV,1,1,02,09,27,283,42,10,54,164,47*61
$GIGSV,1,1,02,09,27,283,42,10,54,164,47*61
$GIGSV,1,1,02,09,27,283,42,10,54,164,47*61
$GIGSV,1,1,02,09,27,283,42,10,54,164,47*61
$GIGSV,1,1,02,09,27,283,42,10,54,164,47*61
$GIGSV,1,1,02,09,27,283,42,10,54,164,47*61
$GIGSV,1,1,02,09,27,283,42,10,54,164,47*61
$GIGSV,1,1,02,09,27,283,42,10,54,164,47*61
$GIGSV,1,1,02,09,27,283,42,10,54,164,47*61
$GIGSV,1,1,02,09,27,283,42,10,54,164,47*61
$GIGSV,1,1,02,09,27,283,42,10,54,164,47*61
$GIGSV,1,1,02,09,27,283,42,10,54,164,47*61
$GIGSV,1,1,02,09,27,283,42,10,54,164,47*61
$GIGSV,1,1,02,09,27,283,42,10,54,164,47*61
$GIGSV,1,1,02,09,27,283,42,10,54,164,47*61
$GIGSV,1,1,02,09,27,283,42,10,54,164,47*61
$GIGSV,1,1,02,09,27,283,42,10,54,164,47*61
$GIGSV,1,1,02,09,27,283,42,10,54,164,47*61
$GIGSV,1,1,02,09,27,283,42,10,54,164,47*61
$GIGSV,1,1,02,09,27,283,42,10,54,164,47*61
$GIGSV,1,1,02,09,27,283,42,10,54,164,47*61
$GIGSV,1,1,02,09,27,283,42,10,54,164,47*61
$GIGSV,1,1,02,09,27,283,42,10,54,164,47*61
$GIGSV,1,1,02,09,27,283,42,10,54,164,47*61
$GIGSV,1,1,02,09,27,283,42,10,54,164,47*61
$GIGSV,1,1,02,09,27,283,42,10,54,164,47*61
$GIGSV,1,1,02,09,27,283,42,10,54,164,47*61
$GIGSV,1,1,02,09,27,283,42,10,54,164,47*61
$GIGSV,1,1,02,09,27,283,42,10,54,164,47*61
$GIGSV,1,1,02,09,27,283,42,10,54,164,47*61
$GIGSV,1,1,02,09,27,283,42,10,54,164,47*61
$GIGSV,1,1,02,09,27,283,42,10,54,164,47*61
$GIGSV,1,1,02,09,27,283,42,10,54,164,47*61
$GIGSV,1,1,02,09,27,283,42,10,54,164,47*61
$GIGSV,1,1,02,09,27,283,42,10,54,164,47*61
$GIGSV,1,1,02,09,27,283,42,10,54,164,47*61
$GIGSV,1,1,02,09,27,283,42,10,54,164,47*61
$GIGSV,1,1,02,09,27,283,42,10,54,164,47*61
$GIGSV,1,1,02,09,27,283,42,10,54,164,47*61
$GIGSV,1,1,02,09,27,283,42,10,54,164,47*61
$GIGSV,1,1,02,09,27,283,42,10,54,164,47*61
$GIGSV,1,1,02,09,27,283,42,10,54,164,47*61
$GIGSV,1,1,02,09,27,283,42,10,54,164,47*61
$GIGSV,1,1,02,09,27,283,42,10,54,164,47*61
$GIGSV,1,1,02,09,27,283,42,10,54,164,47*61
$GIGSV,1,1,02,09,27,283,41,10,54,164,47*62
$GIGSV,1,1,02,09,27,283,41,10,54,164,47*62
$GIGSV,1,1,02,09,27,283,41,10,54,164,47*62
$GIGSV,1,1,02,09,27,283,41,10,54,164,47*62
$GIGSV,1,1,02,09,27,283,41,10,54,164,47*62
$GIGSV,1,1,02,09,27,283,41,10,54,164,47*62
$GIGSV,1,1,02,09,27,283,41,10,54,164,47*62
$GIGSV,1,1,02,09,27,283,41,10,54,164,47*62
$GIGSV,1,1,02,09,27,283,41,10,54,164,47*62
$GIGSV,1,1,02,09,27,283,41,10,54,164,47*62
$GIGSV,1,1,02,09,27,283,42,10,54,164,47*61
$GIGSV,1,1,02,09,27,283,42,10,54,164,47*61
$GIGSV,1,1,02,09,27,283,42,10,54,164,47*61
$GIGSV,1,1,02,09,27,283,42,10,54,164,47*61
$GIGSV,1,1,02,09,27,283,42,10,54,164,47*61
$GIGSV,1,1,02,09,27,283,42,10,54,164,47*61
$GIGSV,1,1,02,09,27,283,42,10,54,164,47*61
$GIGSV,1,1,02,09,27,283,42,10,54,164,47*61
$GIGSV,1,1,02,09,27,283,42,10,54,164,47*61
$GIGSV,1,1,02,09,27,283,42,10,54,164,47*61
$GIGSV,1,1,02,09,27,283,42,10,54,164,47*61
$GIGSV,1,1,02,09,27,283,42,10,54,164,47*61
$GIGSV,1,1,02,09,27,283,42,10,54,164,47*61
$GIGSV,1,1,02,09,27,283,42,10,54,164,47*61
$GIGSV,1,1,02,09,27,283,42,10,54,164,46*60
$GIGSV,1,1,02,09,27,283,42,10,54,164,46*60
$GIGSV,1,1,02,09,27,283,42,10,54,164,47*61
$GIGSV,1,1,02,09,27,283,42,10,54,164,46*60
$GIGSV,1,1,02,09,27,283,42,10,54,164,46*60
$GIGSV,1,1,02,09,27,283,42,10,54,164,46*60
$GIGSV,1,1,02,09,27,283,42,10,54,164,46*60
$GIGSV,1,1,02,09,27,283,43,10,54,164,46*61
$GIGSV,1,1,02,09,27,283,43,10,54,164,46*61
$GIGSV,1,1,02,09,27,283,43,10,54,164,46*61
$GIGSV,1,1,02,09,27,283,43,10,54,164,46*61
$GIGSV,1,1,02,09,27,283,43,10,54,164,46*61
$GIGSV,1,1,02,09,27,283,43,10,54,164,46*61
$GIGSV,1,1,02,09,27,283,43,10,54,164,46*61
$GIGSV,1,1,02,09,27,283,43,10,54,164,46*61
$GIGSV,1,1,02,09,27,283,43,10,54,164,46*61
$GIGSV,1,1,02,09,27,283,43,10,54,164,47*60
$GIGSV,1,1,02,09,27,283,43,10,54,164,47*60
$GIGSV,1,1,02,09,27,283,43,10,54,164,46*61
$GIGSV,1,1,02,09,27,283,43,10,54,164,47*60
$GIGSV,1,1,02,09,27,283,43,10,54,164,47*60
$GIGSV,1,1,02,09,27,283,42,10,54,164,46*60
$GIGSV,1,1,02,09,27,283,42,10,54,164,46*60
$GIGSV,1,1,02,09,27,283,43,10,54,164,46*61
$GIGSV,1,1,02,09,27,283,42,10,54,164,46*60
$GIGSV,1,1,02,09,27,283,42,10,54,164,46*60
$GIGSV,1,1,02,09,27,283,42,10,54,164,46*60
$GIGSV,1,1,02,09,27,283,42,10,54,164,46*60
$GIGSV,1,1,02,09,27,283,42,10,54,164,46*60
$GIGSV,1,1,02,09,27,283,42,10,54,164,46*60
$GIGSV,1,1,02,09,27,283,42,10,54,164,46*60
$GIGSV,1,1,02,09,27,283,42,10,54,164,46*60
$GIGSV,1,1,02,09,27,283,42,10,54,164,46*60
$GIGSV,1,1,02,09,27,283,42,10,54,164,46*60
$GIGSV,1,1,02,09,27,283,42,10,54,164,46*60
$GIGSV,1,1,02,09,27,283,42,10,54,164,46*60
$GIGSV,1,1,02,09,27,283,42,10,54,164,46*60
$GIGSV,1,1,02,09,27,283,42,10,54,164,46*60
$GIGSV,1,1,02,09,27,283,42,10,54,164,46*60
$GIGSV,1,1,02,09,27,283,42,10,54,164,46*60
$GIGSV,1,1,02,09,27,283,42,10,54,164,46*60
$GIGSV,1,1,02,09,27,283,42,10,54,164,46*60
$GIGSV,1,1,02,09,27,283,42,10,54,164,46*60
$GIGSV,1,1,02,09,27,283,41,10,54,164,46*63
$GIGSV,1,1,02,09,27,283,41,10,54,164,46*63
$GIGSV,1,1,02,09,27,283,41,10,54,164,46*63
$GIGSV,1,1,02,09,27,283,41,10,54,164,46*63
$GIGSV,1,1,02,09,27,283,41,10,54,164,46*63
$GIGSV,1,1,02,09,27,283,41,10,54,164,46*63
$GIGSV,1,1,02,09,27,283,41,10,54,164,46*63
$GIGSV,1,1,02,09,27,283,41,10,54,164,46*63
$GIGSV,1,1,02,09,27,283,41,10,54,164,46*63
$GIGSV,1,1,02,09,27,283,41,10,54,164,46*63
$GIGSV,1,1,02,09,27,283,41,10,54,164,46*63
$GIGSV,1,1,02,09,27,283,41,10,54,164,46*63
$GIGSV,1,1,02,09,27,283,41,10,54,164,46*63
$GIGSV,1,1,02,09,27,283,41,10,54,164,46*63
$GIGSV,1,1,02,09,27,283,41,10,54,164,46*63
$GIGSV,1,1,02,09,27,283,41,10,54,164,46*63
$GIGSV,1,1,02,09,27,283,41,10,54,164,46*63
$GIGSV,1,1,02,09,27,283,41,10,54,164,46*63
$GIGSV,1,1,02,09,27,283,41,10,54,164,46*63
$GIGSV,1,1,02,09,27,283,41,10,54,164,46*63
$GIGSV,1,1,02,09,27,283,41,10,54,164,46*63
$GIGSV,1,1,02,09,27,283,41,10,54,164,46*63
$GIGSV,1,1,02,09,27,283,41,10,54,164,46*63
$GIGSV,1,1,02,09,27,283,41,10,54,164,46*63
$GIGSV,1,1,02,09,27,283,42,10,54,164,46*60
$GIGSV,1,1,02,09,27,283,42,10,54,164,46*60
$GIGSV,1,1,02,09,27,283,42,10,54,164,46*60
$GIGSV,1,1,02,09,27,283,42,10,54,164,46*60
$GIGSV,1,1,02,09,27,283,42,10,54,164,46*60
$GIGSV,1,1,02,09,27,283,42,10,54,164,46*60
$GIGSV,1,1,02,09,27,283,42,10,54,164,46*60
$GIGSV,1,1,02,09,27,283,42,10,54,164,46*60
$GIGSV,1,1,02,09,27,283,42,10,54,164,46*60
$GIGSV,1,1,02,09,27,283,42,10,54,164,46*60
$GIGSV,1,1,02,09,27,283,42,10,54,164,46*60
$GIGSV,1,1,02,09,27,283,42,10,54,164,46*60
$GIGSV,1,1,02,09,27,283,42,10,54,164,46*60
$GIGSV,1,1,02,09,27,283,42,10,54,164,46*60
$GIGSV,1,1,02,09,27,283,42,10,54,164,46*60
$GIGSV,1,1,02,09,27,283,42,10,54,164,46*60
$GIGSV,1,1,02,09,27,283,42,10,54,164,46*60
$GIGSV,1,1,02,09,27,283,42,10,54,164,46*60
$GIGSV,1,1,02,09,27,283,42,10,54,164,46*60
$GIGSV,1,1,02,09,27,283,42,10,54,164,46*60
$GIGSV,1,1,02,09,27,283,42,10,54,164,46*60
$GIGSV,1,1,02,09,27,283,42,10,54,164,46*60
$GIGSV,1,1,02,09,27,283,42,10,54,164,46*60
$GIGSV,1,1,02,09,27,283,42,10,54,164,45*63
$GIGSV,1,1,02,09,27,283,42,10,54,164,45*63
$GIGSV,1,1,02,09,27,283,42,10,54,164,45*63
$GIGSV,1,1,02,09,27,283,42,10,54,164,45*63
$GIGSV,1,1,02,09,27,283,42,10,54,164,45*63
$GIGSV,1,1,02,09,27,283,42,10,54,164,45*63
$GIGSV,1,1,02,09,27,283,42,10,54,164,45*63
$GIGSV,1,1,02,09,27,283,42,10,54,164,45*63
$GIGSV,1,1,02,09,27,283,42,10,54,164,45*63
$GIGSV,1,1,02,09,27,283,42,10,54,164,45*63
$GIGSV,1,1,02,09,27,283,42,10,54,164,45*63
$GIGSV,1,1,02,09,27,283,41,10,54,164,45*60
$GIGSV,1,1,02,09,27,283,41,10,54,164,45*60
$GIGSV,1,1,02,09,27,283,41,10,54,164,45*60
$GIGSV,1,1,02,09,27,283,41,10,54,164,45*60
$GIGSV,1,1,02,09,27,283,41,10,54,164,45*60
$GIGSV,1,1,02,09,27,283,41,10,54,164,45*60
$GIGSV,1,1,02,09,27,283,41,10,54,164,45*60
$GIGSV,1,1,02,09,27,283,41,10,54,164,45*60
$GIGSV,1,1,02,09,27,283,41,10,54,164,45*60
$GIGSV,1,1,02,09,27,283,41,10,54,164,45*60
$GIGSV,1,1,02,09,27,283,41,10,54,164,45*60
$GIGSV,1,1,02,09,27,283,41,10,54,164,45*60
$GIGSV,1,1,02,09,27,283,41,10,54,164,45*60
$GIGSV,1,1,02,09,27,283,41,10,54,164,45*60
$GIGSV,1,1,02,09,27,283,41,10,54,164,45*60
$GIGSV,1,1,02,09,27,283,41,10,54,164,45*60
$GIGSV,1,1,02,09,27,283,41,10,54,164,45*60
$GIGSV,1,1,02,09,27,283,41,10,54,164,45*60
$GIGSV,1,1,02,09,27,283,41,10,54,164,45*60
$GIGSV,1,1,02,09,27,283,41,10,54,164,45*60
$GIGSV,1,1,02,09,27,283,41,10,54,164,45*60
$GIGSV,1,1,02,09,27,283,41,10,54,164,45*60
$GIGSV,1,1,02,09,27,283,41,10,54,164,45*60
$GIGSV,1,1,02,09,27,283,41,10,54,164,45*60
$GIGSV,1,1,02,09,27,283,41,10,54,164,45*60
$GIGSV,1,1,02,09,27,283,41,10,54,164,45*60
$GIGSV,1,1,02,09,27,283,41,10,54,164,45*60
$GIGSV,1,1,02,09,27,283,41,10,54,164,45*60
$GIGSV,1,1,02,09,27,283,41,10,54,164,45*60
$GIGSV,1,1,02,09,27,283,41,10,54,164,45*60
$GIGSV,1,1,02,09,27,283,41,10,54,164,45*60
$GIGSV,1,1,02,09,27,283,41,10,54,164,45*60
$GIGSV,1,1,02,09,27,283,41,10,54,164,45*60
$GIGSV,1,1,02,09,27,283,41,10,54,164,45*60
$GIGSV,1,1,02,09,27,283,41,10,54,164,45*60
$GIGSV,1,1,02,09,27,283,41,10,54,164,45*60
$GIGSV,1,1,02,09,27,283,41,10,54,164,45*60
$GIGSV,1,1,02,09,27,283,41,10,54,164,45*60
$GIGSV,1,1,02,09,27,283,41,10,54,164,45*60
$GIGSV,1,1,02,09,27,283,41,10,54,164,45*60
$GIGSV,1,1,02,09,27,283,41,10,54,164,45*60
$GIGSV,1,1,02,09,27,283,41,10,54,164,45*60
$GIGSV,1,1,02,09,27,283,42,10,54,164,45*63
$GIGSV,1,1,02,09,27,283,42,10,54,164,45*63
$GIGSV,1,1,02,09,27,283,42,10,54,164,45*63
$GIGSV,1,1,02,09,27,283,42,10,54,164,45*63
$GIGSV,1,1,02,09,27,283,42,10,54,164,45*63
$GIGSV,1,1,02,09,27,283,42,10,54,164,45*63
$GIGSV,1,1,02,09,27,283,42,10,54,164,45*63
$GIGSV,1,1,02,09,27,283,42,10,54,164,45*63
$GIGSV,1,1,02,09,27,283,42,10,54,164,45*63
$GIGSV,1,1,02,09,27,283,42,10,54,164,45*63
$GIGSV,1,1,02,09,27,283,42,10,54,164,45*63
$GIGSV,1,1,02,09,27,283,42,10,54,164,45*63
$GIGSV,1,1,02,09,27,283,42,10,54,164,45*63
$GIGSV,1,1,02,09,27,283,42,10,54,164,45*63
$GIGSV,1,1,02,09,27,283,43,10,54,164,45*62
$GIGSV,1,1,02,09,27,283,43,10,54,164,45*62
$GIGSV,1,1,02,09,27,283,43,10,54,164,45*62
$GIGSV,1,1,02,09,27,283,43,10,54,164,45*62
$GIGSV,1,1,02,09,27,283,43,10,54,164,45*62
$GIGSV,1,1,02,09,27,283,43,10,54,164,45*62
$GIGSV,1,1,02,09,27,283,43,10,54,164,45*62
$GIGSV,1,1,02,09,27,283,43,10,54,164,45*62
$GIGSV,1,1,02,09,27,283,42,10,54,164,45*63
$GIGSV,1,1,02,09,27,283,42,10,54,164,45*63
$GIGSV,1,1,02,09,27,283,43,10,54,164,45*62
$GIGSV,1,1,02,09,27,283,42,10,54,164,45*63
$GIGSV,1,1,02,09,27,283,42,10,54,164,45*63
$GIGSV,1,1,02,09,27,283,42,10,54,164,45*63
$GIGSV,1,1,02,09,27,283,42,10,54,164,45*63
$GIGSV,1,1,02,09,27,283,42,10,54,164,45*63
$GIGSV,1,1,02,09,27,283,42,10,54,164,45*63
$GIGSV,1,1,02,09,27,283,42,10,54,164,45*63
$GIGSV,1,1,02,09,27,283,42,10,54,164,45*63
$GIGSV,1,1,02,09,27,283,42,10,54,164,45*63
$GIGSV,1,1,02,09,27,283,42,10,54,164,45*63
$GIGSV,1,1,02,09,27,283,42,10,54,164,45*63
$GIGSV,1,1,02,09,27,283,42,10,54,164,45*63
$GIGSV,1,1,02,09,27,283,42,10,54,164,45*63
$GIGSV,1,1,02,09,27,283,43,10,54,164,45*62
$GIGSV,1,1,02,09,27,283,43,10,54,164,45*62
$GIGSV,1,1,02,09,27,283,43,10,54,164,45*62
$GIGSV,1,1,02,09,27,283,43,10,54,164,45*62
$GIGSV,1,1,02,09,27,283,43,10,54,164,45*62
$GIGSV,1,1,02,09,27,283,43,10,54,164,45*62
$GIGSV,1,1,02,09,27,283,43,10,54,164,45*62
$GIGSV,1,1,02,09,27,283,43,10,54,164,45*62
$GIGSV,1,1,02,09,27,283,43,10,54,164,45*62
$GIGSV,1,1,02,09,27,283,43,10,54,164,45*62
$GIGSV,1,1,02,09,27,283,43,10,54,164,45*62
$GIGSV,1,1,02,09,27,283,43,10,54,164,45*62
$GIGSV,1,1,02,09,27,283,43,10,54,164,45*62
$GIGSV,1,1,02,09,27,283,43,10,54,164,45*62
$GIGSV,1,1,02,09,27,283,43,10,54,164,45*62
$GIGSV,1,1,02,09,27,283,43,10,54,164,45*62
$GIGSV,1,1,02,09,27,283,43,10,54,164,45*62
$GIGSV,1,1,02,09,27,283,43,10,54,164,45*62
$GIGSV,1,1,02,09,27,283,43,10,54,164,45*62
$GIGSV,1,1,02,09,27,283,43,10,54,164,45*62
$GIGSV,1,1,02,09,27,283,43,10,54,164,45*62
$GIGSV,1,1,02,09,27,283,43,10,54,164,45*62
$GIGSV,1,1,02,09,27,283,43,10,54,164,45*62
$GIGSV,1,1,02,09,27,283,43,10,54,164,45*62
$GIGSV,1,1,02,09,27,283,43,10,54,164,45*62
$GIGSV,1,1,02,09,27,283,43,10,54,164,45*62
$GIGSV,1,1,02,09,27,283,43,10,54,164,45*62
$GIGSV,1,1,02,09,27,283,43,10,54,164,45*62
$GIGSV,1,1,02,09,27,283,43,10,54,164,45*62
$GIGSV,1,1,02,09,27,283,43,10,54,164,45*62
$GIGSV,1,1,02,09,27,283,43,10,54,164,45*62
$GIGSV,1,1,02,09,27,283,43,10,54,164,45*62
$GIGSV,1,1,02,09,27,283,43,10,54,164,45*62
$GIGSV,1,1,02,09,27,283,43,10,54,164,45*62
$GIGSV,1,1,02,09,27,283,43,10,54,164,45*62
$GIGSV,1,1,02,09,27,283,43,10,54,164,45*62
$GIGSV,1,1,02,09,27,283,43,10,54,164,45*62
$GIGSV,1,1,02,09,27,283,43,10,54,164,45*62
$GIGSV,1,1,02,09,27,283,43,10,54,164,45*62
$GIGSV,1,1,02,09,27,283,43,10,54,164,45*62
$GIGSV,1,1,02,09,27,283,43,10,54,164,45*62
$GIGSV,1,1,02,09,27,283,43,10,54,164,45*62
$GIGSV,1,1,02,09,27,283,43,10,54,164,45*62
$GIGSV,1,1,02,09,27,283,43,10,54,164,45*62
$GIGSV,1,1,02,09,27,283,43,10,54,164,45*62
$GIGSV,1,1,02,09,27,283,43,10,54,164,45*62
$GIGSV,1,1,02,09,27,283,43,10,54,164,45*62
$GIGSV,1,1,02,09,27,283,43,10,54,164,45*62
$GIGSV,1,1,02,09,27,283,43,10,54,164,45*62
$GIGSV,1,1,02,09,27,283,43,10,54,164,45*62
$GIGSV,1,1,02,09,27,283,43,10,54,164,45*62
$GIGSV,1,1,02,09,27,283,43,10,54,164,45*62
$GIGSV,1,1,02,09,27,283,43,10,54,164,45*62
$GIGSV,1,1,02,09,27,283,43,10,54,164,45*62
$GIGSV,1,1,02,09,27,283,43,10,54,164,45*62
$GIGSV,1,1,02,09,27,283,43,10,54,164,45*62
$GIGSV,1,1,02,09,27,283,43,10,54,164,45*62
$GIGSV,1,1,02,09,27,283,43,10,54,164,45*62
$GIGSV,1,1,02,09,27,283,43,10,54,164,45*62
$GIGSV,1,1,02,09,27,283,43,10,54,164,45*62
$GIGSV,1,1,02,09,27,283,43,10,54,164,45*62
$GIGSV,1,1,02,09,27,283,43,10,54,164,45*62
$GIGSV,1,1,02,09,27,283,43,10,54,164,45*62
$GIGSV,1,1,02,09,27,283,43,10,54,164,45*62
$GIGSV,1,1,02,09,27,283,43,10,54,164,45*62
$GIGSV,1,1,02,09,27,283,43,10,54,164,45*62
$GIGSV,1,1,02,09,27,283,43,10,54,164,45*62
$GIGSV,1,1,02,09,27,283,42,10,54,164,45*63
$GIGSV,1,1,02,09,27,283,42,10,54,164,45*63
$GIGSV,1,1,02,09,27,283,42,10,54,164,45*63
$GIGSV,1,1,02,09,27,283,42,10,54,164,45*63
$GIGSV,1,1,02,09,27,283,42,10,54,164,45*63
$GIGSV,1,1,02,09,27,283,42,10,54,164,45*63
$GIGSV,1,1,02,09,27,283,42,10,54,164,45*63
$GIGSV,1,1,02,09,27,283,42,10,54,164,45*63
$GIGSV,1,1,02,09,27,283,42,10,54,164,45*63
$GIGSV,1,1,02,09,27,283,42,10,54,164,45*63
$GIGSV,1,1,02,09,27,283,42,10,54,164,45*63
$GIGSV,1,1,02,09,27,283,42,10,54,164,45*63
$GIGSV,1,1,02,09,27,283,42,10,54,164,45*63
$GIGSV,1,1,02,09,27,283,42,10,54,164,45*63
$GIGSV,1,1,02,09,27,283,42,10,54,164,45*63
$GIGSV,1,1,02,09,27,283,42,10,54,164,45*63
$GIGSV,1,1,02,09,27,283,42,10,54,164,45*63
$GIGSV,1,1,02,09,27,283,42,10,54,164,45*63
$GIGSV,1,1,02,09,27,283,42,10,54,164,45*63
$GIGSV,1,1,02,09,27,283,42,10,54,164,45*63
$GIGSV,1,1,02,09,27,283,42,10,54,164,45*63
$GIGSV,1,1,02,09,27,283,42,10,54,164,45*63
$GIGSV,1,1,02,09,27,283,42,10,54,164,45*63
$GIGSV,1,1,02,09,27,283,42,10,54,164,45*63
$GIGSV,1,1,02,09,27,283,42,10,54,164,45*63
$GIGSV,1,1,02,09,27,283,42,10,54,164,45*63
$GIGSV,1,1,02,09,27,283,42,10,54,164,45*63
$GIGSV,1,1,02,09,27,283,42,10,54,164,45*63
$GIGSV,1,1,02,09,27,283,42,10,54,164,45*63
$GIGSV,1,1,02,09,27,283,42,10,54,164,45*63
$GIGSV,1,1,02,09,27,283,42,10,54,164,45*63
$GIGSV,1,1,02,09,27,283,42,10,54,164,45*63
$GIGSV,1,1,02,09,27,283,42,10,54,164,45*63
$GIGSV,1,1,02,09,27,283,42,10,54,164,45*63
$GIGSV,1,1,02,09,27,283,42,10,54,164,46*60
$GIGSV,1,1,02,09,27,283,42,10,54,164,46*60
$GIGSV,1,1,02,09,27,283,42,10,54,164,46*60
$GIGSV,1,1,02,09,27,283,41,10,54,164,46*63
$GIGSV,1,1,02,09,27,283,41,10,54,164,46*63
$GIGSV,1,1,02,09,27,283,41,10,54,164,46*63
$GIGSV,1,1,02,09,27,283,41,10,54,164,46*63
$GIGSV,1,1,02,09,27,283,41,10,54,164,46*63
$GIGSV,1,1,02,09,27,283,41,10,54,164,46*63
$GIGSV,1,1,02,09,27,283,41,10,54,164,46*63
$GIGSV,1,1,02,09,27,283,41,10,54,164,46*63
$GIGSV,1,1,02,09,27,283,41,10,54,164,46*63
$GIGSV,1,1,02,09,27,283,41,10,54,164,46*63
$GIGSV,1,1,02,09,27,283,41,10,54,164,46*63
$GIGSV,1,1,02,09,27,283,41,10,54,164,46*63
$GIGSV,1,1,02,09,27,283,41,10,54,164,46*63
$GIGSV,1,1,02,09,27,283,41,10,54,164,46*63
$GIGSV,1,1,02,09,27,283,41,10,54,164,46*63
$GIGSV,1,1,02,09,27,283,41,10,54,164,46*63
$GIGSV,1,1,02,09,27,283,41,10,54,164,46*63
$GIGSV,1,1,02,09,27,283,41,10,54,164,46*63
$GIGSV,1,1,02,09,27,283,41,10,54,164,46*63
$GIGSV,1,1,02,09,27,283,41,10,54,164,45*60
$GIGSV,1,1,02,09,27,283,41,10,54,164,45*60
$GIGSV,1,1,02,09,27,283,41,10,54,164,45*60
$GIGSV,1,1,02,09,27,283,41,10,54,164,45*60
$GIGSV,1,1,02,09,27,283,41,10,54,164,45*60
$GIGSV,1,1,02,09,27,283,41,10,54,164,45*60
$GIGSV,1,1,02,09,27,283,41,10,54,164,45*60
$GIGSV,1,1,02,09,27,283,41,10,54,164,45*60
$GIGSV,1,1,02,09,27,283,40,10,54,164,45*61
$GIGSV,1,1,02,09,27,283,40,10,54,164,45*61
$GIGSV,1,1,02,09,27,283,40,10,54,164,45*61
$GIGSV,1,1,02,09,27,283,40,10,54,164,45*61
$GIGSV,1,1,02,09,27,283,40,10,54,164,45*61
$GIGSV,1,1,02,09,27,283,40,10,54,164,45*61
$GIGSV,1,1,02,09,27,283,40,10,54,164,45*61
$GIGSV,1,1,02,09,27,283,41,10,54,164,45*60
$GIGSV,1,1,02,09,27,283,41,10,54,164,45*60
$GIGSV,1,1,02,09,27,283,41,10,54,164,45*60
$GIGSV,1,1,02,09,27,283,41,10,54,164,45*60
$GIGSV,1,1,02,09,27,283,41,10,54,164,45*60
$GIGSV,1,1,02,09,27,283,41,10,54,164,45*60
$GIGSV,1,1,02,09,27,283,41,10,54,164,46*63
$GIGSV,1,1,02,09,27,283,41,10,54,164,46*63
$GIGSV,1,1,02,09,27,283,41,10,54,164,46*63
$GIGSV,1,1,02,09,27,283,41,10,54,164,46*63
$GIGSV,1,1,02,09,27,283,41,10,54,164,46*63
$GIGSV,1,1,02,09,27,283,40,10,54,164,46*62
$GIGSV,1,1,02,09,27,283,40,10,54,164,46*62
$GIGSV,1,1,02,09,27,283,40,10,54,164,46*62
$GIGSV,1,1,02,09,27,283,40,10,54,164,46*62
$GIGSV,1,1,02,09,27,283,40,10,54,164,46*62
$GIGSV,1,1,02,09,27,283,40,10,54,164,46*62
$GIGSV,1,1,02,09,27,283,40,10,54,164,46*62
$GIGSV,1,1,02,09,27,283,40,10,54,164,46*62
$GIGSV,1,1,02,09,27,283,40,10,54,164,46*62
$GIGSV,1,1,02,09,27,283,40,10,54,164,46*62
$GIGSV,1,1,02,09,27,283,40,10,54,164,46*62
$GIGSV,1,1,02,09,27,283,40,10,54,164,46*62
$GIGSV,1,1,02,09,27,283,40,10,54,164,46*62
$GIGSV,1,1,02,09,27,283,40,10,54,164,46*62
$GIGSV,1,1,02,09,27,283,40,10,54,164,46*62
$GIGSV,1,1,02,09,27,283,40,10,54,164,46*62
$GIGSV,1,1,02,09,27,283,40,10,54,164,46*62
$GIGSV,1,1,02,09,27,283,40,10,54,164,46*62
$GIGSV,1,1,02,09,27,283,40,10,54,164,46*62
$GIGSV,1,1,02,09,27,283,40,10,54,164,46*62
$GIGSV,1,1,02,09,27,283,40,10,54,164,46*62
$GIGSV,1,1,02,09,27,283,39,10,54,164,46*6C
$GIGSV,1,1,02,09,27,283,39,10,54,164,46*6C
$GIGSV,1,1,02,09,27,283,39,10,54,164,46*6C
$GIGSV,1,1,02,09,27,283,39,10,54,164,46*6C
$GIGSV,1,1,02,09,27,283,39,10,54,164,46*6C
$GIGSV,1,1,02,09,27,283,39,10,54,164,46*6C
$GIGSV,1,1,02,09,27,283,39,10,54,164,46*6C
$GIGSV,1,1,02,09,27,283,39,10,54,164,46*6C
$GIGSV,1,1,02,09,27,283,39,10,54,164,46*6C
$GIGSV,1,1,02,09,27,283,39,10,54,164,46*6C
$GIGSV,1,1,02,09,27,283,39,10,54,164,46*6C
$GIGSV,1,1,02,09,27,283,39,10,54,164,46*6C
$GIGSV,1,1,02,09,27,283,39,10,54,164,46*6C
$GIGSV,1,1,02,09,27,283,39,10,54,164,46*6C
$GIGSV,1,1,02,09,27,283,39,10,54,164,46*6C
$GIGSV,1,1,02,09,27,283,39,10,54,164,46*6C
$GIGSV,1,1,02,09,27,283,39,10,54,164,46*6C
$GIGSV,1,1,02,09,27,283,39,10,54,164,46*6C
$GIGSV,1,1,02,09,27,283,39,10,54,164,46*6C
$GIGSV,1,1,02,09,27,283,39,10,54,164,46*6C
$GIGSV,1,1,02,09,27,283,39,10,54,164,45*6F
$GIGSV,1,1,02,09,27,283,39,10,54,164,45*6F
$GIGSV,1,1,02,09,27,283,39,10,54,164,45*6F
$GIGSV,1,1,02,09,27,283,39,10,54,164,45*6F
$GIGSV,1,1,02,09,27,283,39,10,54,164,45*6F
$GIGSV,1,1,02,09,27,283,39,10,54,164,45*6F
$GIGSV,1,1,02,09,27,283,39,10,54,164,45*6F
$GIGSV,1,1,02,09,27,283,39,10,54,164,45*6F
$GIGSV,1,1,02,09,27,283,39,10,54,164,45*6F
$GIGSV,1,1,02,09,27,283,39,10,54,164,45*6F
$GIGSV,1,1,02,09,27,283,39,10,54,164,45*6F
$GIGSV,1,1,02,09,27,283,39,10,54,164,45*6F
$GIGSV,1,1,02,09,27,283,39,10,54,164,45*6F
$GIGSV,1,1,02,09,27,283,39,10,54,164,45*6F
$GIGSV,1,1,02,09,27,283,39,10,54,164,45*6F
$GIGSV,1,1,02,09,27,283,39,10,54,164,44*6E
$GIGSV,1,1,02,09,27,283,39,10,54,164,44*6E
$GIGSV,1,1,02,09,27,283,39,10,54,164,44*6E
$GIGSV,1,1,02,09,27,283,38,10,54,164,44*6F
$GIGSV,1,1,02,09,27,283,38,10,54,164,44*6F
$GIGSV,1,1,02,09,27,283,38,10,54,164,44*6F
$GIGSV,1,1,02,09,27,283,38,10,54,164,44*6F
$GIGSV,1,1,02,09,27,283,38,10,54,164,44*6F
$GIGSV,1,1,02,09,27,283,38,10,54,164,44*6F
$GIGSV,1,1,02,09,27,283,38,10,54,164,44*6F
$GIGSV,1,1,02,09,27,283,38,10,54,164,44*6F
$GIGSV,1,1,02,09,27,283,38,10,54,164,44*6F
$GIGSV,1,1,02,09,27,283,38,10,54,164,44*6F
$GIGSV,1,1,02,09,27,283,38,10,54,164,44*6F
$GIGSV,1,1,02,09,27,283,38,10,54,164,43*68
$GIGSV,1,1,02,09,27,283,38,10,54,164,43*68
$GIGSV,1,1,02,09,27,283,38,10,54,164,43*68
$GIGSV,1,1,02,09,27,283,38,10,54,164,43*68
$GIGSV,1,1,02,09,27,283,38,10,54,164,43*68
$GIGSV,1,1,02,09,27,283,37,10,54,164,43*67
$GIGSV,1,1,02,09,27,283,37,10,54,164,43*67
$GIGSV,1,1,02,09,27,283,37,10,54,164,43*67
$GIGSV,1,1,02,09,27,283,37,10,54,164,43*67
$GIGSV,1,1,02,09,27,283,37,10,54,164,43*67
$GIGSV,1,1,02,09,27,283,37,10,54,164,43*67
$GIGSV,1,1,02,09,27,283,37,10,54,164,43*67
$GIGSV,1,1,02,09,27,283,37,10,54,164,43*67
$GIGSV,1,1,02,09,27,283,37,10,54,164,43*67
$GIGSV,1,1,02,09,27,283,37,10,54,164,43*67
$GIGSV,1,1,02,09,27,283,37,10,54,164,43*67
$GIGSV,1,1,02,09,27,283,37,10,54,164,42*66
$GIGSV,1,1,02,09,27,283,37,10,54,164,42*66
$GIGSV,1,1,02,09,27,283,37,10,54,164,42*66
$GIGSV,1,1,02,09,27,283,37,10,54,164,42*66
$GIGSV,1,1,02,09,27,283,37,10,54,164,42*66
$GIGSV,1,1,02,09,27,283,36,10,54,164,42*67
$GIGSV,1,1,02,09,27,283,36,10,54,164,42*67
$GIGSV,1,1,02,09,27,283,36,10,54,164,42*67
$GIGSV,1,1,02,09,27,283,36,10,54,164,42*67
$GIGSV,1,1,02,09,27,283,36,10,54,164,42*67
$GIGSV,1,1,02,09,27,283,36,10,54,164,42*67
$GIGSV,1,1,02,09,27,283,36,10,54,164,42*67
$GIGSV,1,1,02,09,27,283,36,10,54,164,42*67
$GIGSV,1,1,02,09,27,283,36,10,54,164,42*67
$GIGSV,1,1,02,09,27,283,36,10,54,164,42*67
$GIGSV,1,1,02,09,27,283,36,10,54,164,42*67
$GIGSV,1,1,02,09,27,283,36,10,54,164,42*67
$GIGSV,1,1,02,09,27,283,36,10,54,164,42*67
$GIGSV,1,1,02,09,27,283,36,10,54,164,41*64
$GIGSV,1,1,02,09,27,283,36,10,54,164,41*64
$GIGSV,1,1,02,09,27,283,36,10,54,164,41*64
$GIGSV,1,1,02,09,27,283,36,10,54,164,41*64
$GIGSV,1,1,02,09,27,283,36,10,54,164,41*64
$GIGSV,1,1,02,09,27,283,37,10,54,164,41*65
$GIGSV,1,1,02,09,27,283,37,10,54,164,41*65
$GIGSV,1,1,02,09,27,283,37,10,54,164,41*65
$GIGSV,1,1,02,09,27,283,37,10,54,164,41*65
$GIGSV,1,1,02,09,27,283,37,10,54,164,41*65
$GIGSV,1,1,02,09,27,283,37,10,54,164,41*65
$GIGSV,1,1,02,09,27,283,37,10,54,164,41*65
$GIGSV,1,1,02,09,27,283,37,10,54,164,40*64
$GIGSV,1,1,02,09,27,283,37,10,54,164,40*64
$GIGSV,1,1,02,09,27,283,37,10,54,164,40*64
$GIGSV,1,1,02,09,27,283,37,10,54,164,40*64
$GIGSV,1,1,02,09,27,283,37,10,54,164,40*64
$GIGSV,1,1,02,09,27,283,37,10,54,164,40*64
$GIGSV,1,1,02,09,27,283,37,10,54,164,40*64
$GIGSV,1,1,02,09,27,283,37,10,54,164,40*64
$GIGSV,1,1,02,09,27,283,37,10,54,164,40*64
$GIGSV,1,1,02,09,27,283,37,10,54,164,40*64
$GIGSV,1,1,02,09,27,283,37,10,54,164,40*64
$GIGSV,1,1,02,09,27,283,37,10,54,164,40*64
$GIGSV,1,1,02,09,27,283,37,10,54,164,40*64
$GIGSV,1,1,02,09,27,283,37,10,54,164,40*64
$GIGSV,1,1,02,09,27,283,37,10,54,164,40*64
$GIGSV,1,1,02,09,27,283,37,10,54,164,39*6A
$GIGSV,1,1,02,09,27,283,37,10,54,164,39*6A
$GIGSV,1,1,02,09,27,283,37,10,54,164,39*6A
$GIGSV,1,1,02,09,27,283,37,10,54,164,39*6A
$GIGSV,1,1,02,09,27,283,37,10,54,164,39*6A
$GIGSV,1,1,02,09,27,283,37,10,54,164,39*6A
$GIGSV,1,1,02,09,27,283,37,10,54,164,39*6A
$GIGSV,1,1,02,09,27,283,37,10,54,164,39*6A
$GIGSV,1,1,02,09,27,283,37,10,54,164,39*6A
$GIGSV,1,1,02,09,27,283,37,10,54,164,39*6A
$GIGSV,1,1,02,09,27,283,37,10,54,164,39*6A
$GIGSV,1,1,02,09,27,283,37,10,54,164,39*6A
$GIGSV,1,1,02,09,27,283,37,10,54,164,39*6A
$GIGSV,1,1,02,09,27,283,37,10,54,164,38*6B
$GIGSV,1,1,02,09,27,283,37,10,54,164,38*6B
$GIGSV,1,1,02,09,27,283,37,10,54,164,38*6B
$GIGSV,1,1,02,09,27,283,37,10,54,164,38*6B
$GIGSV,1,1,02,09,27,283,37,10,54,164,38*6B
$GIGSV,1,1,02,09,27,283,37,10,54,164,38*6B
$GIGSV,1,1,02,09,27,283,37,10,54,164,38*6B
$GIGSV,1,1,02,09,27,283,37,10,54,164,38*6B
$GIGSV,1,1,02,09,27,283,37,10,54,164,38*6B
$GIGSV,1,1,02,09,27,283,37,10,54,164,38*6B
$GIGSV,1,1,02,09,27,283,37,10,54,164,38*6B
$GIGSV,1,1,02,09,27,283,37,10,54,164,38*6B
$GIGSV,1,1,02,09,27,283,37,10,54,164,38*6B
$GIGSV,1,1,02,09,27,283,37,10,54,164,38*6B
$GIGSV,1,1,02,09,27,283,37,10,54,164,38*6B
$GIGSV,1,1,02,09,27,283,37,10,54,164,38*6B
$GIGSV,1,1,02,09,27,283,38,10,54,164,37*6B
$GIGSV,1,1,02,09,27,283,38,10,54,164,37*6B
$GIGSV,1,1,02,09,27,283,38,10,54,164,37*6B
$GIGSV,1,1,02,09,27,283,38,10,54,164,37*6B
$GIGSV,1,1,02,09,27,283,38,10,54,164,37*6B
$GIGSV,1,1,02,09,27,283,38,10,54,164,37*6B
$GIGSV,1,1,02,09,27,283,38,10,54,164,37*6B
$GIGSV,1,1,02,09,27,283,38,10,54,164,37*6B
$GIGSV,1,1,02,09,27,283,38,10,54,164,37*6B
$GIGSV,1,1,02,09,27,283,38,10,54,164,37*6B
$GIGSV,1,1,02,09,27,283,38,10,54,164,37*6B
$GIGSV,1,1,02,09,27,283,38,10,54,164,37*6B
$GIGSV,1,1,02,09,27,283,38,10,54,164,37*6B
$GIGSV,1,1,02,09,27,283,38,10,54,164,37*6B
$GIGSV,1,1,02,09,27,283,38,10,54,164,37*6B
$GIGSV,1,1,02,09,27,283,38,10,54,164,37*6B
$GIGSV,1,1,02,09,27,283,38,10,54,164,36*6A
$GIGSV,1,1,02,09,27,283,38,10,54,164,36*6A
$GIGSV,1,1,02,09,27,283,38,10,54,164,36*6A
$GIGSV,1,1,02,09,27,283,38,10,54,164,36*6A
$GIGSV,1,1,02,09,27,283,38,10,54,164,36*6A
$GIGSV,1,1,02,09,27,283,38,10,54,164,36*6A
$GIGSV,1,1,02,09,27,283,38,10,54,164,36*6A
$GIGSV,1,1,02,09,27,283,38,10,54,164,36*6A
$GIGSV,1,1,02,09,27,283,39,10,54,164,36*6B
$GIGSV,1,1,02,09,27,283,39,10,54,164,36*6B
$GIGSV,1,1,02,09,27,283,39,10,54,164,36*6B
$GIGSV,1,1,02,09,27,283,39,10,54,164,36*6B
$GIGSV,1,1,02,09,27,283,39,10,54,164,36*6B
$GIGSV,1,1,02,09,27,283,39,10,54,164,26*6A
$GIGSV,1,1,02,09,27,283,39,10,54,164,26*6A
$GIGSV,1,1,02,09,27,283,39,10,54,164,27*6B
$GIGSV,1,1,02,09,27,283,40,10,54,164,27*65
$GIGSV,1,1,02,09,27,283,40,10,54,164,27*65
$GIGSV,1,1,02,09,27,283,40,10,54,164,27*65
$GIGSV,1,1,02,09,27,283,40,10,54,164,27*65
$GIGSV,1,1,02,09,27,283,40,10,54,164,27*65
$GIGSV,1,1,02,09,27,283,40,10,54,164,27*65
$GIGSV,1,1,02,09,27,283,40,10,54,164,27*65
$GIGSV,1,1,02,09,27,283,40,10,54,164,27*65
$GIGSV,1,1,02,09,27,283,40,10,54,164,27*65
$GIGSV,1,1,02,09,27,283,40,10,54,164,27*65
$GIGSV,1,1,02,09,27,283,40,10,54,164,26*64
$GIGSV,1,1,02,09,27,283,40,10,54,164,26*64
$GIGSV,1,1,02,09,27,283,40,10,54,164,27*65
$GIGSV,1,1,02,09,27,283,40,10,54,164,26*64
$GIGSV,1,1,02,09,27,283,40,10,54,164,26*64
$GIGSV,1,1,02,09,27,283,40,10,54,164,26*64
$GIGSV,1,1,02,09,27,283,40,10,54,164,26*64
$GIGSV,1,1,02,09,27,283,40,10,54,164,26*64
$GIGSV,1,1,02,09,27,283,40,10,54,164,26*64
$GIGSV,1,1,02,09,27,283,40,10,54,164,26*64
$GIGSV,1,1,02,09,27,283,40,10,54,164,26*64
$GIGSV,1,1,02,09,27,283,40,10,54,164,26*64
$GIGSV,1,1,02,09,27,283,40,10,54,164,26*64
$GIGSV,1,1,02,09,27,283,40,10,54,164,26*64
$GIGSV,1,1,02,09,27,283,40,10,54,164,26*64
$GIGSV,1,1,02,09,27,283,40,10,54,164,26*64
$GIGSV,1,1,02,09,27,283,40,10,54,164,26*64
$GIGSV,1,1,02,09,27,283,40,10,54,164,26*64
$GIGSV,1,1,02,09,27,283,40,10,54,164,26*64
$GIGSV,1,1,02,09,27,283,40,10,54,164,26*64
$GIGSV,1,1,02,09,27,283,40,10,54,164,26*64
$GIGSV,1,1,02,09,27,283,40,10,54,164,26*64
$GIGSV,1,1,02,09,27,283,40,10,54,164,26*64
$GIGSV,1,1,02,09,27,283,40,10,54,164,26*64
$GIGSV,1,1,02,09,27,283,40,10,54,164,26*64
$GIGSV,1,1,02,09,27,283,40,10,54,164,26*64
$GIGSV,1,1,02,09,27,283,40,10,54,164,26*64
$GIGSV,1,1,02,09,27,283,40,10,54,164,26*64
$GIGSV,1,1,02,09,27,283,40,10,54,164,26*64
$GIGSV,1,1,02,09,27,283,40,10,54,164,26*64
$GIGSV,1,1,02,09,27,283,40,10,54,164,26*64
$GIGSV,1,1,02,09,27,283,40,10,54,164,26*64
$GIGSV,1,1,02,09,27,283,40,10,54,164,25*67
$GIGSV,1,1,02,09,27,283,40,10,54,164,25*67
$GIGSV,1,1,02,09,27,283,40,10,54,164,25*67
$GIGSV,1,1,02,09,27,283,40,10,54,164,25*67
$GIGSV,1,1,02,09,27,283,40,10,54,164,25*67
$GIGSV,1,1,02,09,27,283,40,10,54,164,25*67
$GIGSV,1,1,02,09,27,283,39,10,54,164,25*69
$GIGSV,1,1,02,09,27,283,39,10,54,164,25*69
$GIGSV,1,1,02,09,27,283,39,10,54,164,25*69
$GIGSV,1,1,02,09,27,283,39,10,54,164,25*69
$GIGSV,1,1,02,09,27,283,39,10,54,164,25*69
$GIGSV,1,1,02,09,27,283,39,10,54,164,26*6A
$GIGSV,1,1,02,09,27,283,39,10,54,164,26*6A
$GIGSV,1,1,02,09,27,283,39,10,54,164,26*6A
$GIGSV,1,1,02,09,27,283,39,10,54,164,26*6A
$GIGSV,1,1,02,09,27,283,39,10,54,164,26*6A
$GIGSV,1,1,02,09,27,283,39,10,54,164,26*6A
$GIGSV,1,1,02,09,27,283,39,10,54,164,26*6A
$GIGSV,1,1,02,09,27,283,39,10,54,164,26*6A
$GIGSV,1,1,02,09,27,283,39,10,54,164,26*6A
$GIGSV,1,1,02,09,27,283,39,10,54,164,26*6A
$GIGSV,1,1,02,09,27,283,39,10,54,164,26*6A
$GIGSV,1,1,02,09,27,283,39,10,54,164,26*6A
$GIGSV,1,1,02,09,27,283,39,10,54,164,26*6A
$GIGSV,1,1,02,09,27,283,39,10,54,164,26*6A
$GIGSV,1,1,02,09,27,283,39,10,54,164,26*6A
$GIGSV,1,1,02,09,27,283,39,10,54,164,26*6A
$GIGSV,1,1,02,09,27,283,39,10,54,164,26*6A
$GIGSV,1,1,02,09,27,283,39,10,54,164,26*6A
$GIGSV,1,1,01,09,27,283,39*5E
$GIGSV,1,1,01,09,27,283,39*5E
$GIGSV,1,1,01,09,27,283,39*5E
$GIGSV,1,1,01,09,27,283,39*5E
$GIGSV,1,1,01,09,27,283,39*5E
$GIGSV,1,1,01,09,27,283,39*5E
$GIGSV,1,1,01,09,27,283,39*5E
$GIGSV,1,1,01,09,27,283,39*5E
$GIGSV,1,1,01,09,27,283,39*5E
$GIGSV,1,1,01,09,27,283,39*5E
$GIGSV,1,1,01,09,27,283,39*5E
$GIGSV,1,1,01,09,27,283,39*5E
$GIGSV,1,1,01,09,27,283,38*5F
$GIGSV,1,1,01,09,27,283,38*5F
$GIGSV,1,1,01,09,27,283,38*5F
$GIGSV,1,1,01,09,27,283,39*5E
$GIGSV,1,1,01,09,27,283,39*5E
$GIGSV,1,1,01,09,27,283,39*5E
$GIGSV,1,1,01,09,27,283,39*5E
$GIGSV,1,1,01,09,27,283,39*5E
$GIGSV,1,1,01,09,27,283,39*5E
$GIGSV,1,1,01,09,27,283,39*5E
$GIGSV,1,1,01,09,27,283,39*5E
$GIGSV,1,1,01,09,27,283,39*5E
$GIGSV,1,1,02,09,27,283,39,10,54,164,28*64
$GIGSV,1,1,02,09,27,283,38,10,54,164,28*65
$GIGSV,1,1,02,09,27,283,38,10,54,164,28*65
$GIGSV,1,1,02,09,27,283,38,10,54,164,28*65
$GIGSV,1,1,02,09,27,283,38,10,54,164,28*65
$GIGSV,1,1,02,09,27,283,38,10,54,164,28*65
$GIGSV,1,1,02,09,27,283,38,10,54,164,28*65
$GIGSV,1,1,02,09,27,283,38,10,54,164,28*65
$GIGSV,1,1,02,09,27,283,38,10,54,164,28*65
$GIGSV,1,1,02,09,27,283,39,10,54,164,28*64
$GIGSV,1,1,02,09,27,283,39,10,54,164,28*64
$GIGSV,1,1,02,09,27,283,39,10,54,164,28*64
$GIGSV,1,1,02,09,27,283,39,10,54,164,28*64
$GIGSV,1,1,02,09,27,283,39,10,54,164,28*64
$GIGSV,1,1,02,09,27,283,39,10,54,164,28*64
$GIGSV,1,1,02,09,27,283,38,10,54,164,28*65
$GIGSV,1,1,02,09,27,283,38,10,54,164,28*65
$GIGSV,1,1,02,09,27,283,38,10,54,164,28*65
$GIGSV,1,1,02,09,27,283,38,10,54,164,28*65
$GIGSV,1,1,02,09,27,283,38,10,54,164,28*65
$GIGSV,1,1,02,09,27,283,38,10,54,164,28*65
$GIGSV,1,1,02,09,27,283,38,10,54,164,27*6A
$GIGSV,1,1,02,09,27,283,38,10,54,164,27*6A
$GIGSV,1,1,02,09,27,283,38,10,54,164,27*6A
$GIGSV,1,1,02,09,27,283,38,10,54,164,28*65
$GIGSV,1,1,02,09,27,283,39,10,54,164,28*64
$GIGSV,1,1,02,09,27,283,39,10,54,164,28*64
$GIGSV,1,1,02,09,27,283,39,10,54,164,27*6B
$GIGSV,1,1,02,09,27,283,39,10,54,164,27*6B
$GIGSV,1,1,02,09,27,283,39,10,54,164,27*6B
$GIGSV,1,1,02,09,27,283,39,10,54,164,27*6B
$GIGSV,1,1,02,09,27,283,39,10,54,164,27*6B
$GIGSV,1,1,02,09,27,283,39,10,54,164,27*6B
$GIGSV,1,1,02,09,27,283,39,10,54,164,27*6B
$GIGSV,1,1,02,09,27,283,39,10,54,164,27*6B
$GIGSV,1,1,02,09,27,283,39,10,54,164,27*6B
$GIGSV,1,1,02,09,27,283,39,10,54,164,27*6B
$GIGSV,1,1,02,09,27,283,39,10,54,164,27*6B
$GIGSV,1,1,02,09,27,283,39,10,54,164,27*6B
$GIGSV,1,1,02,09,27,283,39,10,54,164,27*6B
$GIGSV,1,1,02,09,27,283,39,10,54,164,27*6B
$GIGSV,1,1,02,09,27,283,39,10,54,164,27*6B
$GIGSV,1,1,02,09,27,283,39,10,54,164,27*6B
$GIGSV,1,1,02,09,27,283,39,10,54,164,27*6B
$GIGSV,1,1,02,09,27,283,39,10,54,164,27*6B
$GIGSV,1,1,02,09,27,283,39,10,54,164,27*6B
$GIGSV,1,1,02,09,27,283,39,10,54,164,27*6B
$GIGSV,1,1,02,09,27,283,39,10,54,164,27*6B
$GIGSV,1,1,02,09,27,283,39,10,54,164,27*6B
$GIGSV,1,1,02,09,27,283,39,10,54,164,27*6B
$GIGSV,1,1,02,09,27,283,39,10,54,164,27*6B
$GIGSV,1,1,02,09,27,283,39,10,54,164,27*6B
$GIGSV,1,1,02,09,27,283,39,10,54,164,27*6B
$GIGSV,1,1,02,09,27,283,39,10,54,164,27*6B
$GIGSV,1,1,02,09,27,283,39,10,54,164,27*6B
$GIGSV,1,1,02,09,27,283,39,10,54,164,27*6B
$GIGSV,1,1,02,09,27,283,39,10,54,164,27*6B
$GIGSV,1,1,02,09,27,283,39,10,54,164,27*6B
$GIGSV,1,1,02,09,27,283,39,10,54,164,27*6B
$GIGSV,1,1,02,09,27,283,39,10,54,164,27*6B
$GIGSV,1,1,02,09,27,283,39,10,54,164,27*6B
$GIGSV,1,1,02,09,27,283,39,10,54,164,26*6A
$GIGSV,1,1,02,09,27,283,39,10,54,164,26*6A
$GIGSV,1,1,02,09,27,283,39,10,54,164,26*6A
$GIGSV,1,1,02,09,27,283,39,10,54,164,26*6A
$GIGSV,1,1,02,09,27,283,39,10,54,164,26*6A
$GIGSV,1,1,02,09,27,283,39,10,54,164,26*6A
$GIGSV,1,1,02,09,27,283,39,10,54,164,26*6A
$GIGSV,1,1,02,09,27,283,39,10,54,164,26*6A
$GIGSV,1,1,02,09,27,283,39,10,54,164,26*6A
$GIGSV,1,1,02,09,27,283,39,10,54,164,26*6A
$GIGSV,1,1,02,09,27,283,39,10,54,164,26*6A
$GIGSV,1,1,02,09,27,283,39,10,54,164,26*6A
$GIGSV,1,1,02,09,27,283,39,10,54,164,26*6A
$GIGSV,1,1,02,09,27,283,39,10,54,164,26*6A
$GIGSV,1,1,02,09,27,283,39,10,54,164,26*6A
$GIGSV,1,1,02,09,27,283,39,10,54,164,26*6A
$GIGSV,1,1,02,09,27,283,39,10,54,164,26*6A
$GIGSV,1,1,02,09,27,283,39,10,54,164,26*6A
$GIGSV,1,1,02,09,27,283,39,10,54,164,26*6A
$GIGSV,1,1,02,09,27,283,39,10,54,164,26*6A
$GIGSV,1,1,02,09,27,283,40,10,54,164,26*64
$GIGSV,1,1,02,09,27,283,40,10,54,164,26*64
$GIGSV,1,1,02,09,27,283,40,10,54,164,26*64
$GIGSV,1,1,02,09,27,283,40,10,54,164,26*64
$GIGSV,1,1,02,09,27,283,40,10,54,164,26*64
$GIGSV,1,1,02,09,27,283,40,10,54,164,26*64
$GIGSV,1,1,02,09,27,283,40,10,54,164,26*64
$GIGSV,1,1,02,09,27,283,40,10,54,164,26*64
$GIGSV,1,1,02,09,27,283,40,10,54,164,26*64
$GIGSV,1,1,02,09,27,283,40,10,54,164,26*64
$GIGSV,1,1,02,09,27,283,40,10,54,164,26*64
$GIGSV,1,1,02,09,27,283,40,10,54,164,26*64
$GIGSV,1,1,02,09,27,283,40,10,54,164,26*64
$GIGSV,1,1,02,09,27,283,40,10,54,164,26*64
$GIGSV,1,1,02,09,27,283,40,10,54,164,26*64
$GIGSV,1,1,02,09,27,283,40,10,54,164,26*64
$GIGSV,1,1,02,09,27,283,41,10,54,164,26*65
$GIGSV,1,1,02,09,27,283,41,10,54,164,26*65
$GIGSV,1,1,02,09,27,283,41,10,54,164,26*65
$GIGSV,1,1,01,09,27,283,41*51
$GIGSV,1,1,01,09,27,283,41*51
$GIGSV,1,1,01,09,27,283,41*51
$GIGSV,1,1,01,09,27,283,41*51
$GIGSV,1,1,01,09,27,283,41*51
$GIGSV,1,1,01,09,27,283,41*51
$GIGSV,1,1,01,09,27,283,42*52
$GIGSV,1,1,01,09,27,283,42*52
$GIGSV,1,1,01,09,27,283,42*52
$GIGSV,1,1,01,09,27,283,42*52
$GIGSV,1,1,01,09,27,283,42*52
$GIGSV,1,1,01,09,27,283,42*52
$GIGSV,1,1,01,09,27,283,42*52
$GIGSV,1,1,01,09,27,283,42*52
$GIGSV,1,1,01,09,27,283,42*52
$GIGSV,1,1,01,09,27,283,42*52
$GIGSV,1,1,01,09,27,283,42*52
$GIGSV,1,1,01,09,27,283,42*52
$GIGSV,1,1,01,09,27,283,42*52
$GIGSV,1,1,01,09,27,283,42*52
$GIGSV,1,1,01,09,27,283,42*52
$GIGSV,1,1,01,09,27,283,42*52
$GIGSV,1,1,01,09,27,283,42*52
$GIGSV,1,1,01,09,27,283,42*52
$GIGSV,1,1,01,09,27,283,42*52
$GIGSV,1,1,01,09,27,283,42*52
$GIGSV,1,1,01,09,27,283,42*52
$GIGSV,1,1,01,09,27,283,42*52
$GIGSV,1,1,01,09,27,283,42*52
$GIGSV,1,1,01,09,27,283,42*52
$GIGSV,1,1,01,09,27,283,42*52
$GIGSV,1,1,01,09,27,283,42*52
$GIGSV,1,1,01,09,27,283,42*52
$GIGSV,1,1,01,09,27,283,42*52
$GIGSV,1,1,01,09,27,283,42*52
$GIGSV,1,1,01,09,27,283,42*52
$GIGSV,1,1,01,09,27,283,42*52
$GIGSV,1,1,01,09,27,283,42*52
$GIGSV,1,1,01,09,27,283,42*52
$GIGSV,1,1,01,09,27,283,42*52
$GIGSV,1,1,01,09,27,283,42*52
$GIGSV,1,1,01,09,27,283,42*52
$GIGSV,1,1,01,09,27,283,42*52
$GIGSV,1,1,01,09,27,283,42*52
$GIGSV,1,1,01,09,27,283,42*52
$GIGSV,1,1,01,09,27,283,42*52
$GIGSV,1,1,01,09,27,283,42*52
$GIGSV,1,1,01,09,27,283,42*52
$GIGSV,1,1,01,09,27,283,42*52
$GIGSV,1,1,01,09,27,283,42*52
$GIGSV,1,1,01,09,27,283,42*52
$GIGSV,1,1,01,09,27,283,42*52
$GIGSV,1,1,01,09,27,283,42*52
$GIGSV,1,1,01,09,27,283,42*52
$GIGSV,1,1,01,09,27,283,42*52
$GIGSV,1,1,01,09,27,283,42*52
$GIGSV,1,1,01,09,27,283,42*52
$GIGSV,1,1,01,09,27,283,42*52
$GIGSV,1,1,01,09,27,283,42*52
$GIGSV,1,1,01,09,27,283,42*52
$GIGSV,1,1,01,09,27,283,42*52
$GIGSV,1,1,01,09,27,283,41*51
$GIGSV,1,1,01,09,27,283,41*51
$GIGSV,1,1,01,09,27,283,41*51
$GIGSV,1,1,01,09,27,283,41*51
$GIGSV,1,1,01,09,27,283,41*51
$GIGSV,1,1,01,09,27,283,41*51
$GIGSV,1,1,01,09,27,283,41*51
$GIGSV,1,1,01,09,27,283,41*51
$GIGSV,1,1,01,09,27,283,41*51
$GIGSV,1,1,01,09,27,283,41*51
$GIGSV,1,1,01,09,27,283,41*51
$GIGSV,1,1,01,09,27,283,41*51
$GIGSV,1,1,01,09,27,283,41*51
$GIGSV,1,1,01,09,27,283,41*51
$GIGSV,1,1,01,09,27,283,41*51
$GIGSV,1,1,01,09,27,283,41*51
$GIGSV,1,1,01,09,27,283,41*51
$GIGSV,1,1,01,09,27,283,41*51
$GIGSV,1,1,01,09,27,283,41*51
$GIGSV,1,1,01,09,27,283,41*51
$GIGSV,1,1,01,09,27,283,41*51
$GIGSV,1,1,01,09,27,283,40*50
$GIGSV,1,1,01,09,27,283,40*50
$GIGSV,1,1,01,09,27,283,40*50
$GIGSV,1,1,01,09,27,283,40*50
$GIGSV,1,1,01,09,27,283,40*50
$GIGSV,1,1,01,09,27,283,40*50
$GIGSV,1,1,01,09,27,283,40*50
$GIGSV,1,1,01,09,27,283,40*50
$GIGSV,1,1,01,09,27,283,40*50
$GIGSV,1,1,01,09,27,283,40*50
$GIGSV,1,1,01,09,27,283,40*50
$GIGSV,1,1,01,09,27,283,40*50
$GIGSV,1,1,01,09,27,283,40*50
$GIGSV,1,1,01,09,27,283,40*50
$GIGSV,1,1,01,09,27,283,40*50
$GIGSV,1,1,01,09,27,283,40*50
$GIGSV,1,1,01,09,27,283,40*50
$GIGSV,1,1,01,09,27,283,40*50
$GIGSV,1,1,01,09,27,283,40*50
$GIGSV,1,1,01,09,27,283,40*50
$GIGSV,1,1,01,09,27,283,40*50
$GIGSV,1,1,01,09,27,283,40*50
$GIGSV,1,1,01,09,27,283,40*50
$GIGSV,1,1,01,09,27,283,40*50
$GIGSV,1,1,01,09,27,283,40*50
$GIGSV,1,1,01,09,27,283,40*50
$GIGSV,1,1,01,09,27,283,40*50
$GIGSV,1,1,01,09,27,283,40*50
$GIGSV,1,1,01,09,27,283,40*50
$GIGSV,1,1,01,09,27,283,40*50
$GIGSV,1,1,01,09,27,283,40*50
$GIGSV,1,1,01,09,27,283,40*50
$GIGSV,1,1,01,09,27,283,40*50
$GIGSV,1,1,01,09,27,283,40*50
$GIGSV,1,1,01,09,27,283,40*50
$GIGSV,1,1,01,09,27,283,40*50
$GIGSV,1,1,01,09,27,283,40*50
$GIGSV,1,1,01,09,27,283,40*50
$GIGSV,1,1,01,09,27,283,40*50
$GIGSV,1,1,01,09,27,283,40*50
$GIGSV,1,1,01,09,27,283,40*50
$GIGSV,1,1,01,09,27,283,40*50
$GIGSV,1,1,01,09,27,283,40*50
$GIGSV,1,1,01,09,27,283,40*50
$GIGSV,1,1,01,09,27,283,40*50
$GIGSV,1,1,01,09,27,283,40*50
$GIGSV,1,1,01,09,27,283,40*50
$GIGSV,1,1,01,09,27,283,40*50
$GIGSV,1,1,01,09,27,283,40*50
$GIGSV,1,1,01,09,27,283,40*50
$GIGSV,1,1,01,09,27,283,40*50
$GIGSV,1,1,01,09,27,283,40*50
$GIGSV,1,1,01,09,27,283,40*50
$GIGSV,1,1,01,09,27,283,40*50
$GIGSV,1,1,01,09,27,283,40*50
$GIGSV,1,1,01,09,27,283,40*50
$GIGSV,1,1,01,09,27,283,40*50
$GIGSV,1,1,01,09,27,283,40*50
$GIGSV,1,1,01,09,27,283,40*50
$GIGSV,1,1,01,09,27,283,40*50
$GIGSV,1,1,01,09,27,283,39*5E
$GIGSV,1,1,01,09,27,283,39*5E
$GIGSV,1,1,01,09,27,283,39*5E
$GIGSV,1,1,01,09,27,283,39*5E
$GIGSV,1,1,01,09,27,283,39*5E
$GIGSV,1,1,01,09,27,283,39*5E
$GIGSV,1,1,01,09,27,283,39*5E
$GIGSV,1,1,01,09,27,283,39*5E
$GIGSV,1,1,01,09,27,283,39*5E
$GIGSV,1,1,01,09,27,283,39*5E
$GIGSV,1,1,01,09,27,283,39*5E
$GIGSV,1,1,01,09,27,283,39*5E
$GIGSV,1,1,01,09,27,283,39*5E
$GIGSV,1,1,01,09,27,283,39*5E
$GIGSV,1,1,01,09,27,283,39*5E
$GIGSV,1,1,01,09,27,283,39*5E
$GIGSV,1,1,01,09,27,283,39*5E
$GIGSV,1,1,01,09,27,283,39*5E
$GIGSV,1,1,01,09,27,283,39*5E
$GIGSV,1,1,01,09,27,283,39*5E
$GIGSV,1,1,01,09,27,283,39*5E
$GIGSV,1,1,01,09,27,283,39*5E
$GIGSV,1,1,01,09,27,283,39*5E
$GIGSV,1,1,01,09,27,283,39*5E
$GIGSV,1,1,01,09,27,283,39*5E
$GIGSV,1,1,01,09,27,283,39*5E
$GIGSV,1,1,01,09,27,283,39*5E
$GIGSV,1,1,01,09,27,283,39*5E
$GIGSV,1,1,01,09,27,283,39*5E
$GIGSV,1,1,01,09,27,283,39*5E
$GIGSV,1,1,01,09,27,283,39*5E
$GIGSV,1,1,01,09,27,283,39*5E
$GIGSV,1,1,01,09,27,283,39*5E
$GIGSV,1,1,01,09,27,283,39*5E
$GIGSV,1,1,01,09,27,283,39*5E
$GIGSV,1,1,01,09,27,283,39*5E
$GIGSV,1,1,01,09,27,283,39*5E
$GIGSV,1,1,01,09,27,283,39*5E
$GIGSV,1,1,01,09,27,283,39*5E
$GIGSV,1,1,01,09,27,283,39*5E
$GIGSV,1,1,01,09,27,283,39*5E
$GIGSV,1,1,01,09,27,283,39*5E
$GIGSV,1,1,01,09,27,283,38*5F
$GIGSV,1,1,01,09,27,283,38*5F
$GIGSV,1,1,01,09,27,283,38*5F
$GIGSV,1,1,01,09,27,283,38*5F
$GIGSV,1,1,01,09,27,283,38*5F
$GIGSV,1,1,01,09,27,283,38*5F
$GIGSV,1,1,01,09,27,283,38*5F
$GIGSV,1,1,01,09,27,283,38*5F
$GIGSV,1,1,01,09,27,283,38*5F
$GIGSV,1,1,01,09,27,283,38*5F
$GIGSV,1,1,01,09,27,283,38*5F
$GIGSV,1,1,01,09,27,283,38*5F
$GIGSV,1,1,01,09,27,283,38*5F
$GIGSV,1,1,01,09,27,283,38*5F
$GIGSV,1,1,02,09,27,283,38,10,54,164,45*6E
$GIGSV,1,1,02,09,27,283,38,10,54,164,46*6D
$GIGSV,1,1,02,09,27,283,39,10,54,164,46*6C
$GIGSV,1,1,02,09,27,283,39,10,54,164,46*6C
$GIGSV,1,1,02,09,27,283,39,10,54,164,46*6C
$GIGSV,1,1,02,09,27,283,39,10,54,164,46*6C
$GIGSV,1,1,02,09,27,283,39,10,54,164,45*6F
$GIGSV,1,1,02,09,27,283,39,10,54,164,46*6C
$GIGSV,1,1,02,09,27,283,39,10,54,164,46*6C
$GIGSV,1,1,02,09,27,283,39,10,54,164,46*6C
$GIGSV,1,1,02,09,27,283,39,10,54,164,45*6F
$GIGSV,1,1,02,09,27,283,39,10,54,164,46*6C
$GIGSV,1,1,02,09,27,283,39,10,54,164,45*6F
$GIGSV,1,1,02,09,27,283,39,10,54,164,46*6C
$GIGSV,1,1,02,09,27,283,39,10,54,164,46*6C
$GIGSV,1,1,02,09,27,283,39,10,54,164,46*6C
$GIGSV,1,1,02,09,27,283,39,10,54,164,45*6F
$GIGSV,1,1,02,09,27,283,39,10,54,164,45*6F
$GIGSV,1,1,02,09,27,283,39,10,54,164,45*6F
$GIGSV,1,1,02,09,27,283,39,10,54,164,45*6F
$GIGSV,1,1,02,09,27,283,39,10,54,164,45*6F
$GIGSV,1,1,02,09,27,283,39,10,54,164,45*6F
$GIGSV,1,1,02,09,27,283,39,10,54,164,45*6F
$GIGSV,1,1,02,09,27,283,39,10,54,164,45*6F
$GIGSV,1,1,02,09,27,283,39,10,54,164,46*6C
$GIGSV,1,1,02,09,27,283,39,10,54,164,45*6F
$GIGSV,1,1,02,09,27,283,40,10,54,164,45*61
$GIGSV,1,1,02,09,27,283,40,10,54,164,45*61
$GIGSV,1,1,02,09,27,283,40,10,54,164,45*61
$GIGSV,1,1,02,09,27,283,40,10,54,164,45*61
$GIGSV,1,1,02,09,27,283,40,10,54,164,45*61
$GIGSV,1,1,02,09,27,283,40,10,54,164,45*61
$GIGSV,1,1,02,09,27,283,40,10,54,164,45*61
$GIGSV,1,1,02,09,27,283,40,10,54,164,45*61
$GIGSV,1,1,02,09,27,283,40,10,54,164,45*61
$GIGSV,1,1,02,09,27,283,40,10,54,164,45*61
$GIGSV,1,1,02,09,27,283,40,10,54,164,45*61
$GIGSV,1,1,02,09,27,283,40,10,54,164,45*61
$GIGSV,1,1,02,09,27,283,40,10,54,164,45*61
$GIGSV,1,1,02,09,27,283,40,10,54,164,45*61
$GIGSV,1,1,02,09,27,283,40,10,54,164,46*62
$GIGSV,1,1,02,09,27,283,40,10,54,164,46*62
$GIGSV,1,1,02,09,27,283,40,10,54,164,46*62
$GIGSV,1,1,02,09,27,283,40,10,54,164,46*62
$GIGSV,1,1,02,09,27,283,40,10,54,164,46*62
$GIGSV,1,1,02,09,27,283,40,10,54,164,46*62
$GIGSV,1,1,02,09,27,283,40,10,54,164,45*61
$GIGSV,1,1,02,09,27,283,40,10,54,164,46*62
$GIGSV,1,1,02,09,27,283,40,10,54,164,46*62
$GIGSV,1,1,02,09,27,283,40,10,54,164,46*62
$GIGSV,1,1,02,09,27,283,40,10,54,164,46*62
$GIGSV,1,1,02,09,27,283,40,10,54,164,46*62
$GIGSV,1,1,02,09,27,283,40,10,54,164,46*62
$GIGSV,1,1,02,09,27,283,40,10,54,164,46*62
$GIGSV,1,1,02,09,27,283,40,10,54,164,46*62
$GIGSV,1,1,02,09,27,283,40,10,54,164,46*62
$GIGSV,1,1,02,09,27,283,40,10,54,164,46*62
$GIGSV,1,1,02,09,27,283,40,10,54,164,46*62
$GIGSV,1,1,02,09,27,283,40,10,54,164,46*62
$GIGSV,1,1,02,09,27,283,40,10,54,164,46*62
$GIGSV,1,1,02,09,27,283,41,10,54,164,46*63
$GIGSV,1,1,02,09,27,283,41,10,54,164,46*63
$GIGSV,1,1,02,09,27,283,41,10,54,164,46*63
$GIGSV,1,1,02,09,27,283,41,10,54,164,46*63
$GIGSV,1,1,02,09,27,283,40,10,54,164,46*62
$GIGSV,1,1,02,09,27,283,40,10,54,164,46*62
$GIGSV,1,1,02,09,27,283,40,10,54,164,46*62
$GIGSV,1,1,02,09,27,283,40,10,54,164,46*62
$GIGSV,1,1,02,09,27,283,40,10,54,164,45*61
$GIGSV,1,1,02,09,27,283,40,10,54,164,45*61
$GIGSV,1,1,02,09,27,283,40,10,54,164,45*61
$GIGSV,1,1,02,09,27,283,40,10,54,164,45*61
$GIGSV,1,1,02,09,27,283,40,10,54,164,45*61
$GIGSV,1,1,02,09,27,283,40,10,54,164,45*61
$GIGSV,1,1,02,09,27,283,40,10,54,164,45*61
$GIGSV,1,1,02,09,27,283,40,10,54,164,45*61
$GIGSV,1,1,02,09,27,283,40,10,54,164,45*61
$GIGSV,1,1,02,09,27,283,40,10,54,164,45*61
$GIGSV,1,1,02,09,27,283,40,10,54,164,45*61
$GIGSV,1,1,02,09,27,283,40,10,54,164,45*61
$GIGSV,1,1,02,09,27,283,40,10,54,164,45*61
$GIGSV,1,1,02,09,27,283,40,10,54,164,45*61
$GIGSV,1,1,02,09,27,283,40,10,54,164,45*61
$GIGSV,1,1,02,09,27,283,40,10,54,164,45*61
$GIGSV,1,1,02,09,27,283,40,10,54,164,45*61
$GIGSV,1,1,02,09,27,283,40,10,54,164,45*61
$GIGSV,1,1,02,09,27,283,40,10,54,164,45*61
$GIGSV,1,1,02,09,27,283,40,10,54,164,45*61
$GIGSV,1,1,02,09,27,283,40,10,54,164,46*62
$GIGSV,1,1,02,09,27,283,40,10,54,164,46*62
$GIGSV,1,1,02,09,27,283,40,10,54,164,46*62
$GIGSV,1,1,02,09,27,283,40,10,54,164,46*62
$GIGSV,1,1,02,09,27,283,40,10,54,164,46*62
$GIGSV,1,1,02,09,27,283,40,10,54,164,46*62
$GIGSV,1,1,02,09,27,283,40,10,54,164,46*62
$GIGSV,1,1,02,09,27,283,40,10,54,164,46*62
$GIGSV,1,1,02,09,27,283,40,10,54,164,46*62
$GIGSV,1,1,02,09,27,283,40,10,54,164,46*62
$GIGSV,1,1,02,09,27,283,40,10,54,164,46*62
$GIGSV,1,1,02,09,27,283,40,10,54,164,46*62
$GIGSV,1,1,02,09,27,283,40,10,54,164,46*62
$GIGSV,1,1,02,09,27,283,40,10,54,164,46*62
$GIGSV,1,1,02,09,27,283,40,10,54,164,46*62
$GIGSV,1,1,02,09,27,283,40,10,54,164,46*62
$GIGSV,1,1,02,09,27,283,40,10,54,164,46*62
$GIGSV,1,1,02,09,27,283,40,10,54,164,46*62
$GIGSV,1,1,02,09,27,283,40,10,54,164,46*62
$GIGSV,1,1,02,09,27,283,40,10,54,164,47*63
$GIGSV,1,1,02,09,27,283,40,10,54,164,47*63
$GIGSV,1,1,02,09,27,283,40,10,54,164,47*63
$GIGSV,1,1,02,09,27,283,40,10,54,164,47*63
$GIGSV,1,1,02,09,27,283,40,10,54,164,47*63
$GIGSV,1,1,02,09,27,283,40,10,54,164,47*63
$GIGSV,1,1,02,09,27,283,40,10,54,164,47*63
$GIGSV,1,1,02,09,27,283,40,10,54,164,47*63
$GIGSV,1,1,02,09,27,283,40,10,54,164,47*63
$GIGSV,1,1,02,09,27,283,40,10,54,164,47*63
$GIGSV,1,1,02,09,27,283,40,10,54,164,47*63
$GIGSV,1,1,02,09,27,283,40,10,54,164,47*63
$GIGSV,1,1,02,09,27,283,40,10,54,164,47*63
$GIGSV,1,1,02,09,27,283,40,10,54,164,47*63
$GIGSV,1,1,02,09,27,283,40,10,54,164,47*63
$GIGSV,1,1,02,09,27,283,40,10,54,164,47*63
$GIGSV,1,1,02,09,27,283,40,10,54,164,47*63
$GIGSV,1,1,02,09,27,283,40,10,54,164,47*63
$GIGSV,1,1,02,09,27,283,40,10,54,164,47*63
$GIGSV,1,1,02,09,27,283,40,10,54,164,47*63
$GIGSV,1,1,02,09,27,283,40,10,54,164,47*63
$GIGSV,1,1,02,09,27,283,40,10,54,164,47*63
$GIGSV,1,1,02,09,27,283,40,10,54,164,47*63
$GIGSV,1,1,02,09,27,283,40,10,54,164,47*63
$GIGSV,1,1,02,09,27,283,40,10,54,164,47*63
$GIGSV,1,1,02,09,27,283,40,10,54,164,47*63
$GIGSV,1,1,02,09,27,283,40,10,54,164,47*63
$GIGSV,1,1,02,09,27,283,40,10,54,164,47*63
$GIGSV,1,1,02,09,27,283,40,10,54,164,47*63
$GIGSV,1,1,02,09,27,283,40,10,54,164,47*63
$GIGSV,1,1,02,09,27,283,40,10,54,164,47*63
$GIGSV,1,1,02,09,27,283,40,10,54,164,47*63
$GIGSV,1,1,02,09,27,283,40,10,54,164,47*63
$GIGSV,1,1,02,09,27,283,40,10,54,164,47*63
$GIGSV,1,1,02,09,27,283,40,10,54,164,46*62
$GIGSV,1,1,02,09,27,283,40,10,54,164,46*62
$GIGSV,1,1,02,09,27,283,40,10,54,164,46*62
$GIGSV,1,1,02,09,27,283,40,10,54,164,46*62
$GIGSV,1,1,02,09,27,283,40,10,54,164,46*62
$GIGSV,1,1,02,09,27,283,40,10,54,164,34*67
$GIGSV,1,1,02,09,27,283,40,10,54,164,34*67
$GIGSV,1,1,02,09,27,283,40,10,54,164,39*6A
$GIGSV,1,1,02,09,27,283,40,10,54,164,39*6A
$GIGSV,1,1,02,09,27,283,40,10,54,164,39*6A
$GIGSV,1,1,02,09,27,283,40,10,54,164,40*64
$GIGSV,1,1,02,09,27,283,40,10,54,164,40*64
$GIGSV,1,1,02,09,27,283,40,10,54,164,39*6A
$GIGSV,1,1,02,09,27,283,40,10,54,164,39*6A
$GIGSV,1,1,02,09,27,283,40,10,54,164,39*6A
$GIGSV,1,1,02,09,27,283,40,10,54,164,39*6A
$GIGSV,1,1,02,09,27,283,40,10,54,164,39*6A
$GIGSV,1,1,02,09,27,283,40,10,54,164,39*6A
$GIGSV,1,1,02,09,27,283,40,10,54,164,40*64
$GIGSV,1,1,02,09,27,283,39,10,54,164,40*6A
$GIGSV,1,1,02,09,27,283,39,10,54,164,40*6A
$GIGSV,1,1,02,09,27,283,39,10,54,164,40*6A
$GIGSV,1,1,02,09,27,283,39,10,54,164,40*6A
$GIGSV,1,1,02,09,27,283,39,10,54,164,41*6B
$GIGSV,1,1,02,09,27,283,39,10,54,164,41*6B
$GIGSV,1,1,02,09,27,283,39,10,54,164,41*6B
$GIGSV,1,1,02,09,27,283,39,10,54,164,41*6B
$GIGSV,1,1,02,09,27,283,39,10,54,164,41*6B
$GIGSV,1,1,02,09,27,283,39,10,54,164,41*6B
$GIGSV,1,1,02,09,27,283,39,10,54,164,41*6B
$GIGSV,1,1,02,09,27,283,39,10,54,164,41*6B
$GIGSV,1,1,02,09,27,283,39,10,54,164,42*68
$GIGSV,1,1,02,09,27,283,39,10,54,164,42*68
$GIGSV,1,1,02,09,27,283,39,10,54,164,42*68
$GIGSV,1,1,02,09,27,283,39,10,54,164,42*68
$GIGSV,1,1,02,09,27,283,39,10,54,164,42*68
$GIGSV,1,1,02,09,27,283,39,10,54,164,42*68
$GIGSV,1,1,02,09,27,283,39,10,54,164,42*68
$GIGSV,1,1,02,09,27,283,39,10,54,164,42*68
$GIGSV,1,1,02,09,27,283,39,10,54,164,43*69
$GIGSV,1,1,02,09,27,283,39,10,54,164,43*69
$GIGSV,1,1,02,09,27,283,39,10,54,164,43*69
$GIGSV,1,1,02,09,27,283,39,10,54,164,43*69
$GIGSV,1,1,02,09,27,283,39,10,54,164,43*69
$GIGSV,1,1,02,09,27,283,39,10,54,164,43*69
$GIGSV,1,1,02,09,27,283,39,10,54,164,43*69
$GIGSV,1,1,02,09,27,283,39,10,54,164,43*69
$GIGSV,1,1,02,09,27,283,39,10,54,164,42*68
$GIGSV,1,1,02,09,27,283,40,10,54,164,42*66
$GIGSV,1,1,02,09,27,283,40,10,54,164,42*66
$GIGSV,1,1,02,09,27,283,40,10,54,164,42*66
$GIGSV,1,1,02,09,27,283,40,10,54,164,42*66
$GIGSV,1,1,02,09,27,283,40,10,54,164,42*66
$GIGSV,1,1,02,09,27,283,40,10,54,164,42*66
$GIGSV,1,1,02,09,27,283,40,10,54,164,42*66
$GIGSV,1,1,02,09,27,283,40,10,54,164,43*67
$GIGSV,1,1,02,09,27,283,40,10,54,164,43*67
$GIGSV,1,1,02,09,27,283,40,10,54,164,43*67
$GIGSV,1,1,02,09,27,283,40,10,54,164,43*67
$GIGSV,1,1,02,09,27,283,40,10,54,164,43*67
$GIGSV,1,1,02,09,27,283,40,10,54,164,43*67
$GIGSV,1,1,02,09,27,283,40,10,54,164,43*67
$GIGSV,1,1,02,09,27,283,40,10,54,164,43*67
$GIGSV,1,1,02,09,27,283,40,10,54,164,43*67
$GIGSV,1,1,02,09,27,283,40,10,54,164,43*67
$GIGSV,1,1,02,09,27,283,40,10,54,164,43*67
$GIGSV,1,1,02,09,27,283,40,10,54,164,43*67
$GIGSV,1,1,02,09,27,283,40,10,54,164,43*67
$GIGSV,1,1,02,09,27,283,40,10,54,164,43*67
$GIGSV,1,1,02,09,27,283,40,10,54,164,43*67
$GIGSV,1,1,02,09,27,283,40,10,54,164,43*67
$GIGSV,1,1,02,09,27,283,40,10,54,164,43*67
$GIGSV,1,1,02,09,27,283,40,10,54,164,43*67
$GIGSV,1,1,02,09,27,283,40,10,54,164,43*67
$GIGSV,1,1,02,09,27,283,40,10,54,164,43*67
$GIGSV,1,1,02,09,27,283,40,10,54,164,43*67
$GIGSV,1,1,02,09,27,283,40,10,54,164,43*67
$GIGSV,1,1,02,09,27,283,40,10,54,164,42*66
$GIGSV,1,1,02,09,27,283,40,10,54,164,42*66
$GIGSV,1,1,02,09,27,283,40,10,54,164,42*66
$GIGSV,1,1,02,09,27,283,40,10,54,164,42*66
$GIGSV,1,1,02,09,27,283,40,10,54,164,42*66
$GIGSV,1,1,02,09,27,283,41,10,54,164,42*67
$GIGSV,1,1,02,09,27,283,41,10,54,164,42*67
$GIGSV,1,1,02,09,27,283,41,10,54,164,42*67
$GIGSV,1,1,02,09,27,283,41,10,54,164,42*67
$GIGSV,1,1,02,09,27,283,41,10,54,164,42*67
$GIGSV,1,1,02,09,27,283,41,10,54,164,42*67
$GIGSV,1,1,02,09,27,283,41,10,54,164,42*67
$GIGSV,1,1,02,09,27,283,41,10,54,164,42*67
$GIGSV,1,1,02,09,27,283,41,10,54,164,43*66
$GIGSV,1,1,02,09,27,283,41,10,54,164,43*66
$GIGSV,1,1,02,09,27,283,41,10,54,164,43*66
$GIGSV,1,1,02,09,27,283,42,10,54,164,43*65
$GIGSV,1,1,02,09,27,283,42,10,54,164,43*65
$GIGSV,1,1,02,09,27,283,42,10,54,164,43*65
$GIGSV,1,1,02,09,27,283,42,10,54,164,43*65
$GIGSV,1,1,02,09,27,283,42,10,54,164,43*65
$GIGSV,1,1,02,09,27,283,42,10,54,164,43*65
$GIGSV,1,1,02,09,27,283,42,10,54,164,43*65
$GIGSV,1,1,02,09,27,283,42,10,54,164,43*65
$GIGSV,1,1,02,09,27,283,42,10,54,164,43*65
$GIGSV,1,1,02,09,27,283,42,10,54,164,43*65
$GIGSV,1,1,02,09,27,283,42,10,54,164,43*65
$GIGSV,1,1,02,09,27,283,42,10,54,164,43*65
$GIGSV,1,1,02,09,27,283,42,10,54,164,43*65
$GIGSV,1,1,02,09,27,283,42,10,54,164,43*65
$GIGSV,1,1,02,09,27,283,42,10,54,164,43*65
$GIGSV,1,1,02,09,27,283,42,10,54,164,43*65
$GIGSV,1,1,02,09,27,283,42,10,54,164,44*62
$GIGSV,1,1,02,09,27,283,42,10,54,164,44*62
$GIGSV,1,1,02,09,27,283,42,10,54,164,44*62
$GIGSV,1,1,02,09,27,283,42,10,54,164,44*62
$GIGSV,1,1,02,09,27,283,42,10,54,164,44*62
$GIGSV,1,1,02,09,27,283,43,10,54,164,44*63
$GIGSV,1,1,02,09,27,283,43,10,54,164,44*63
$GIGSV,1,1,02,09,27,283,43,10,54,164,44*63
$GIGSV,1,1,02,09,27,283,43,10,54,164,44*63
$GIGSV,1,1,02,09,27,283,43,10,54,164,44*63
$GIGSV,1,1,02,09,27,283,43,10,54,164,43*64
$GIGSV,1,1,02,09,27,283,43,10,54,164,43*64
$GIGSV,1,1,02,09,27,283,43,10,54,164,43*64
$GIGSV,1,1,02,09,27,283,43,10,54,164,43*64
$GIGSV,1,1,02,09,27,283,43,10,54,164,43*64
$GIGSV,1,1,02,09,27,283,43,10,54,164,43*64
$GIGSV,1,1,02,09,27,283,43,10,54,164,43*64
$GIGSV,1,1,02,09,27,283,43,10,54,164,43*64
$GIGSV,1,1,02,09,27,283,43,10,54,164,43*64
$GIGSV,1,1,02,09,27,283,43,10,54,164,43*64
$GIGSV,1,1,02,09,27,283,43,10,54,164,43*64
$GIGSV,1,1,02,09,27,283,43,10,54,164,43*64
$GIGSV,1,1,02,09,27,283,43,10,54,164,43*64
$GIGSV,1,1,02,09,27,283,43,10,54,164,43*64
$GIGSV,1,1,02,09,27,283,43,10,54,164,43*64
$GIGSV,1,1,02,09,27,283,43,10,54,164,43*64
$GIGSV,1,1,02,09,27,283,43,10,54,164,43*64
$GIGSV,1,1,02,09,27,283,43,10,54,164,43*64
$GIGSV,1,1,02,09,27,283,43,10,54,164,43*64
$GIGSV,1,1,02,09,27,283,43,10,54,164,43*64
$GIGSV,1,1,02,09,27,283,43,10,54,164,43*64
$GIGSV,1,1,02,09,27,283,43,10,54,164,43*64
$GIGSV,1,1,02,09,27,283,43,10,54,164,43*64
$GIGSV,1,1,02,09,27,283,43,10,54,164,43*64
$GIGSV,1,1,02,09,27,283,43,10,54,164,43*64
$GIGSV,1,1,02,09,27,283,43,10,54,164,43*64
$GIGSV,1,1,02,09,27,283,43,10,54,164,43*64
$GIGSV,1,1,02,09,27,283,43,10,54,164,43*64
$GIGSV,1,1,02,09,27,283,43,10,54,164,43*64
$GIGSV,1,1,02,09,27,283,43,10,54,164,43*64
$GIGSV,1,1,02,09,27,283,43,10,54,164,43*64
$GIGSV,1,1,02,09,27,283,43,10,54,164,43*64
$GIGSV,1,1,02,09,27,283,43,10,54,164,43*64
$GIGSV,1,1,02,09,27,283,43,10,54,164,43*64
$GIGSV,1,1,02,09,27,283,43,10,54,164,43*64
$GIGSV,1,1,02,09,27,283,43,10,54,164,43*64
$GIGSV,1,1,02,09,27,283,43,10,54,164,43*64
$GIGSV,1,1,02,09,27,283,43,10,54,164,43*64
$GIGSV,1,1,02,09,27,283,43,10,54,164,43*64
$GIGSV,1,1,02,09,27,283,43,10,54,164,43*64
$GIGSV,1,1,02,09,27,283,43,10,54,164,44*63
$GIGSV,1,1,02,09,27,283,43,10,54,164,44*63
$GIGSV,1,1,02,09,27,283,43,10,54,164,44*63
$GIGSV,1,1,02,09,27,283,43,10,54,164,44*63
$GIGSV,1,1,02,09,27,283,43,10,54,164,44*63
$GIGSV,1,1,02,09,27,283,43,10,54,164,44*63
$GIGSV,1,1,02,09,27,283,43,10,54,164,44*63
$GIGSV,1,1,02,09,27,283,43,10,54,164,44*63
$GIGSV,1,1,02,09,27,283,43,10,54,164,44*63
$GIGSV,1,1,02,09,27,283,43,10,54,164,44*63
$GIGSV,1,1,02,09,27,283,43,10,54,164,44*63
$GIGSV,1,1,02,09,27,283,43,10,54,164,44*63
$GIGSV,1,1,02,09,27,283,43,10,54,164,44*63
$GIGSV,1,1,02,09,27,283,43,10,54,164,44*63
$GIGSV,1,1,02,09,27,283,43,10,54,164,44*63
$GIGSV,1,1,02,09,27,283,43,10,54,164,44*63
$GIGSV,1,1,02,09,27,283,43,10,54,164,44*63
$GIGSV,1,1,02,09,27,283,43,10,54,164,44*63
$GIGSV,1,1,02,09,27,283,43,10,54,164,44*63
$GIGSV,1,1,02,09,27,283,43,10,54,164,44*63
$GIGSV,1,1,02,09,27,283,43,10,54,164,44*63
$GIGSV,1,1,02,09,27,283,43,10,54,164,44*63
$GIGSV,1,1,02,09,27,283,43,10,54,164,44*63
$GIGSV,1,1,02,09,27,283,43,10,54,164,44*63
$GIGSV,1,1,02,09,27,283,43,10,54,164,44*63
$GIGSV,1,1,02,09,27,283,43,10,54,164,44*63
$GIGSV,1,1,02,09,27,283,43,10,54,164,44*63
$GIGSV,1,1,02,09,27,283,43,10,54,164,44*63
$GIGSV,1,1,02,09,27,283,43,10,54,164,44*63
$GIGSV,1,1,02,09,27,283,43,10,54,164,44*63
$GIGSV,1,1,02,09,27,283,43,10,54,164,44*63
$GIGSV,1,1,02,09,27,283,43,10,54,164,44*63
$GIGSV,1,1,02,09,27,283,43,10,54,164,44*63
$GIGSV,1,1,02,09,27,283,43,10,54,164,44*63
$GIGSV,1,1,02,09,27,283,43,10,54,164,44*63
$GIGSV,1,1,02,09,27,283,43,10,54,164,44*63
$GIGSV,1,1,02,09,27,283,43,10,54,164,44*63
$GIGSV,1,1,02,09,27,283,43,10,54,164,44*63
$GIGSV,1,1,02,09,27,283,43,10,54,164,44*63
$GIGSV,1,1,02,09,27,283,43,10,54,164,44*63
$GIGSV,1,1,02,09,27,283,43,10,54,164,44*63
$GIGSV,1,1,02,09,27,283,43,10,54,164,44*63
$GIGSV,1,1,02,09,27,283,43,10,54,164,44*63
$GIGSV,1,1,02,09,27,283,43,10,54,164,44*63
$GIGSV,1,1,02,09,27,283,43,10,54,164,44*63
$GIGSV,1,1,02,09,27,283,43,10,54,164,44*63
$GIGSV,1,1,02,09,27,283,43,10,54,164,44*63
$GIGSV,1,1,02,09,27,283,43,10,54,164,44*63
$GIGSV,1,1,02,09,27,283,43,10,54,164,44*63
$GIGSV,1,1,02,09,27,283,43,10,54,164,44*63
$GIGSV,1,1,02,09,27,283,43,10,54,164,44*63
$GIGSV,1,1,02,09,27,283,43,10,54,164,44*63
$GIGSV,1,1,02,09,27,283,43,10,54,164,44*63
$GIGSV,1,1,02,09,27,283,43,10,54,164,44*63
$GIGSV,1,1,02,09,27,283,43,10,54,164,44*63
$GIGSV,1,1,02,09,27,283,43,10,54,164,44*63
$GIGSV,1,1,02,09,27,283,43,10,54,164,44*63
$GIGSV,1,1,02,09,27,283,43,10,54,164,44*63
$GIGSV,1,1,02,09,27,283,43,10,54,164,44*63
$GIGSV,1,1,02,09,27,283,43,10,54,164,44*63
$GIGSV,1,1,02,09,27,283,43,10,54,164,44*63
$GIGSV,1,1,02,09,27,283,43,10,54,164,44*63
$GIGSV,1,1,02,09,27,283,43,10,54,164,44*63
$GIGSV,1,1,02,09,27,283,43,10,54,164,44*63
$GIGSV,1,1,02,09,27,283,43,10,54,164,44*63
$GIGSV,1,1,02,09,27,283,43,10,54,164,44*63
$GIGSV,1,1,02,09,27,283,43,10,54,164,44*63
$GIGSV,1,1,02,09,27,283,43,10,54,164,44*63
$GIGSV,1,1,02,09,27,283,43,10,54,164,44*63
$GIGSV,1,1,02,09,27,283,43,10,54,164,44*63
$GIGSV,1,1,02,09,27,283,43,10,54,164,44*63
$GIGSV,1,1,02,09,27,283,43,10,54,164,44*63
$GIGSV,1,1,02,09,27,283,43,10,54,164,43*64
$GIGSV,1,1,02,09,27,283,44,10,54,164,43*63
$GIGSV,1,1,02,09,27,283,44,10,54,164,43*63
$GIGSV,1,1,02,09,27,283,44,10,54,164,43*63
$GIGSV,1,1,02,09,27,283,44,10,54,164,43*63
$GIGSV,1,1,02,09,27,283,44,10,54,164,43*63
$GIGSV,1,1,02,09,27,283,44,10,54,164,43*63
$GIGSV,1,1,02,09,27,283,44,10,54,164,43*63
$GIGSV,1,1,02,09,27,283,44,10,54,164,43*63
$GIGSV,1,1,02,09,27,283,44,10,54,164,43*63
$GIGSV,1,1,02,09,27,283,44,10,54,164,43*63
$GIGSV,1,1,02,09,27,283,44,10,54,164,43*63
$GIGSV,1,1,02,09,27,283,44,10,54,164,43*63
$GIGSV,1,1,02,09,27,283,44,10,54,164,43*63
$GIGSV,1,1,02,09,27,283,44,10,54,164,43*63
$GIGSV,1,1,02,09,27,283,44,10,54,164,43*63
$GIGSV,1,1,02,09,27,283,44,10,54,164,43*63
$GIGSV,1,1,02,09,27,283,44,10,54,164,43*63
$GIGSV,1,1,02,09,27,283,44,10,54,164,43*63
$GIGSV,1,1,02,09,27,283,44,10,54,164,44*64
$GIGSV,1,1,02,09,27,283,45,10,54,164,44*65
$GIGSV,1,1,02,09,27,283,45,10,54,164,44*65
$GIGSV,1,1,02,09,27,283,44,10,54,164,44*64
$GIGSV,1,1,02,09,27,283,44,10,54,164,44*64
$GIGSV,1,1,02,09,27,283,44,10,54,164,44*64
$GIGSV,1,1,02,09,27,283,44,10,54,164,44*64
$GIGSV,1,1,02,09,27,283,44,10,54,164,44*64
$GIGSV,1,1,02,09,27,283,44,10,54,164,44*64
$GIGSV,1,1,02,09,27,283,44,10,54,164,44*64
$GIGSV,1,1,02,09,27,283,44,10,54,164,44*64
$GIGSV,1,1,02,09,27,283,45,10,54,164,44*65
$GIGSV,1,1,02,09,27,283,45,10,54,164,44*65
$GIGSV,1,1,02,09,27,283,45,10,54,164,44*65
$GIGSV,1,1,02,09,27,283,44,10,54,164,44*64
$GIGSV,1,1,02,09,27,283,44,10,54,164,44*64
$GIGSV,1,1,02,09,27,283,44,10,54,164,44*64
$GIGSV,1,1,02,09,27,283,44,10,54,164,44*64
$GIGSV,1,1,02,09,27,283,44,10,54,164,44*64
$GIGSV,1,1,02,09,27,283,44,10,54,164,44*64
$GIGSV,1,1,02,09,27,283,44,10,54,164,44*64
$GIGSV,1,1,02,09,27,283,44,10,54,164,45*65
$GIGSV,1,1,02,09,27,283,44,10,54,164,45*65
$GIGSV,1,1,02,09,27,283,44,10,54,164,45*65
$GIGSV,1,1,02,09,27,283,44,10,54,164,45*65
$GIGSV,1,1,02,09,27,283,44,10,54,164,45*65
$GIGSV,1,1,02,09,27,283,44,10,54,164,45*65
$GIGSV,1,1,02,09,27,283,44,10,54,164,45*65
$GIGSV,1,1,02,09,27,283,44,10,54,164,45*65
$GIGSV,1,1,02,09,27,283,44,10,54,164,45*65
$GIGSV,1,1,02,09,27,283,44,10,54,164,45*65
$GIGSV,1,1,02,09,27,283,44,10,54,164,45*65
$GIGSV,1,1,02,09,27,283,44,10,54,164,45*65
$GIGSV,1,1,02,09,27,283,44,10,54,164,45*65
$GIGSV,1,1,02,09,27,283,44,10,54,164,45*65
$GIGSV,1,1,02,09,27,283,44,10,54,164,45*65
$GIGSV,1,1,02,09,27,283,44,10,54,164,45*65
$GIGSV,1,1,02,09,27,283,44,10,54,164,45*65
$GIGSV,1,1,02,09,27,283,44,10,54,164,45*65
$GIGSV,1,1,02,09,27,283,44,10,54,164,45*65
$GIGSV,1,1,02,09,27,283,44,10,54,164,45*65
$GIGSV,1,1,02,09,27,283,44,10,54,164,45*65
$GIGSV,1,1,02,09,27,283,44,10,54,164,45*65
$GIGSV,1,1,02,09,27,283,44,10,54,164,45*65
$GIGSV,1,1,02,09,27,283,44,10,54,164,45*65
$GIGSV,1,1,02,09,27,283,44,10,54,164,45*65
$GIGSV,1,1,02,09,27,283,44,10,54,164,45*65
$GIGSV,1,1,02,09,27,283,44,10,54,164,45*65
$GIGSV,1,1,02,09,27,283,44,10,54,164,45*65
$GIGSV,1,1,02,09,27,283,44,10,54,164,45*65
$GIGSV,1,1,02,09,27,283,44,10,54,164,45*65
$GIGSV,1,1,02,09,27,283,44,10,54,164,45*65
$GIGSV,1,1,02,09,27,283,44,10,54,164,45*65
$GIGSV,1,1,02,09,27,283,44,10,54,164,45*65
$GIGSV,1,1,02,09,27,283,44,10,54,164,45*65
$GIGSV,1,1,02,09,27,283,44,10,54,164,45*65
$GIGSV,1,1,02,09,27,283,44,10,54,164,45*65
$GIGSV,1,1,02,09,27,283,44,10,54,164,45*65
$GIGSV,1,1,02,09,27,283,44,10,54,164,45*65
$GIGSV,1,1,02,09,27,283,44,10,54,164,45*65
$GIGSV,1,1,02,09,27,283,44,10,54,164,45*65
$GIGSV,1,1,02,09,27,283,44,10,54,164,45*65
$GIGSV,1,1,02,09,27,283,44,10,54,164,45*65
$GIGSV,1,1,02,09,27,283,44,10,54,164,45*65
$GIGSV,1,1,02,09,27,283,45,10,54,164,45*64
$GIGSV,1,1,02,09,27,283,45,10,54,164,45*64
$GIGSV,1,1,02,09,27,283,45,10,54,164,45*64
$GIGSV,1,1,02,09,27,283,45,10,54,164,45*64
$GIGSV,1,1,02,09,27,283,45,10,54,164,45*64
$GIGSV,1,1,02,09,27,283,45,10,54,164,45*64
$GIGSV,1,1,02,09,27,283,45,10,54,164,45*64
$GIGSV,1,1,02,09,27,283,45,10,54,164,45*64
$GIGSV,1,1,02,09,27,283,45,10,54,164,45*64
$GIGSV,1,1,02,09,27,283,45,10,54,164,45*64
$GIGSV,1,1,02,09,27,283,45,10,54,164,45*64
$GIGSV,1,1,02,09,27,283,45,10,54,164,45*64
$GIGSV,1,1,02,09,27,283,45,10,54,164,45*64
$GIGSV,1,1,02,09,27,283,45,10,54,164,45*64
$GIGSV,1,1,02,09,27,283,45,10,54,164,45*64
$GIGSV,1,1,02,09,27,283,45,10,54,164,45*64
$GIGSV,1,1,02,09,27,283,45,10,54,164,45*64
$GIGSV,1,1,02,09,27,283,45,10,54,164,45*64
$GIGSV,1,1,02,09,27,283,45,10,54,164,45*64
$GIGSV,1,1,02,09,27,283,45,10,54,164,44*65
$GIGSV,1,1,02,09,27,283,45,10,54,164,44*65
$GIGSV,1,1,02,09,27,283,45,10,54,164,44*65
$GIGSV,1,1,02,09,27,283,45,10,54,164,44*65
$GIGSV,1,1,02,09,27,283,45,10,54,164,44*65
$GIGSV,1,1,02,09,27,283,45,10,54,164,44*65
$GIGSV,1,1,02,09,27,283,45,10,54,164,44*65
$GIGSV,1,1,02,09,27,283,45,10,54,164,44*65
$GIGSV,1,1,02,09,27,283,45,10,54,164,44*65
$GIGSV,1,1,02,09,27,283,45,10,54,164,44*65
$GIGSV,1,1,02,09,27,283,45,10,54,164,44*65
$GIGSV,1,1,02,09,27,283,45,10,54,164,44*65
$GIGSV,1,1,02,09,27,283,45,10,54,164,44*65
$GIGSV,1,1,02,09,27,283,45,10,54,164,44*65
$GIGSV,1,1,02,09,27,283,45,10,54,164,44*65
$GIGSV,1,1,02,09,27,283,45,10,54,164,44*65
$GIGSV,1,1,02,09,27,283,45,10,54,164,44*65
$GIGSV,1,1,02,09,27,283,45,10,54,164,44*65
$GIGSV,1,1,02,09,27,283,45,10,54,164,44*65
$GIGSV,1,1,02,09,27,283,45,10,54,164,44*65
$GIGSV,1,1,02,09,27,283,45,10,54,164,44*65
$GIGSV,1,1,02,09,27,283,45,10,54,164,44*65
$GIGSV,1,1,02,09,27,283,45,10,54,164,44*65
$GIGSV,1,1,02,09,27,283,45,10,54,164,44*65
$GIGSV,1,1,02,09,27,283,45,10,54,164,44*65
$GIGSV,1,1,02,09,27,283,45,10,54,164,44*65
$GIGSV,1,1,02,09,27,283,45,10,54,164,44*65
$GIGSV,1,1,02,09,27,283,45,10,54,164,44*65
$GIGSV,1,1,02,09,27,283,45,10,54,164,44*65
$GIGSV,1,1,02,09,27,283,45,10,54,164,44*65
$GIGSV,1,1,02,09,27,283,45,10,54,164,44*65
$GIGSV,1,1,02,09,27,283,45,10,54,164,44*65
$GIGSV,1,1,02,09,27,283,45,10,54,164,44*65
$GIGSV,1,1,02,09,27,283,45,10,54,164,44*65
$GIGSV,1,1,02,09,27,283,45,10,54,164,44*65
$GIGSV,1,1,02,09,27,283,45,10,54,164,44*65
$GIGSV,1,1,02,09,27,283,45,10,54,164,44*65
$GIGSV,1,1,02,09,27,283,45,10,54,164,44*65
$GIGSV,1,1,02,09,27,283,45,10,54,164,44*65
$GIGSV,1,1,02,09,27,283,45,10,54,164,44*65
$GIGSV,1,1,02,09,27,283,45,10,54,164,44*65
$GIGSV,1,1,02,09,27,283,45,10,54,164,44*65
$GIGSV,1,1,02,09,27,283,45,10,54,164,44*65
$GIGSV,1,1,02,09,27,283,45,10,54,164,44*65
$GIGSV,1,1,02,09,27,283,45,10,54,164,44*65
$GIGSV,1,1,02,09,27,283,45,10,54,164,44*65
$GIGSV,1,1,02,09,27,283,45,10,54,164,44*65
$GIGSV,1,1,02,09,27,283,45,10,54,164,44*65
$GIGSV,1,1,02,09,27,283,45,10,54,164,44*65
$GIGSV,1,1,02,09,27,283,45,10,54,164,44*65
$GIGSV,1,1,02,09,27,283,45,10,54,164,44*65
$GIGSV,1,1,02,09,27,283,45,10,54,164,44*65
$GIGSV,1,1,02,09,27,283,45,10,54,164,44*65
$GIGSV,1,1,02,09,27,283,45,10,54,164,44*65
$GIGSV,1,1,02,09,27,283,45,10,54,164,44*65
$GIGSV,1,1,02,09,27,283,45,10,54,164,44*65
$GIGSV,1,1,02,09,27,283,45,10,54,164,44*65
$GIGSV,1,1,02,09,27,283,45,10,54,164,44*65
$GIGSV,1,1,02,09,27,283,45,10,54,164,44*65
$GIGSV,1,1,02,09,27,283,45,10,54,164,44*65
$GIGSV,1,1,02,09,27,283,45,10,54,164,44*65
$GIGSV,1,1,02,09,27,283,45,10,54,164,44*65
$GIGSV,1,1,02,09,27,283,45,10,54,164,44*65
$GIGSV,1,1,02,09,27,283,45,10,54,164,44*65
$GIGSV,1,1,02,09,27,283,45,10,54,164,44*65
$GIGSV,1,1,02,09,27,283,45,10,54,164,44*65
$GIGSV,1,1,02,09,27,283,45,10,54,164,44*65
$GIGSV,1,1,02,09,27,283,45,10,54,164,44*65
$GIGSV,1,1,02,09,27,283,45,10,54,164,44*65
$GIGSV,1,1,02,09,27,283,45,10,54,164,44*65
$GIGSV,1,1,02,09,27,283,45,10,54,164,44*65
$GIGSV,1,1,02,09,27,283,45,10,54,164,44*65
$GIGSV,1,1,02,09,27,283,45,10,54,164,44*65
$GIGSV,1,1,02,09,27,283,45,10,54,164,44*65
$GIGSV,1,1,02,09,27,283,45,10,54,164,44*65
$GIGSV,1,1,02,09,27,283,45,10,54,164,44*65
$GIGSV,1,1,02,09,27,283,45,10,54,164,44*65
$GIGSV,1,1,02,09,27,283,45,10,54,164,44*65
$GIGSV,1,1,02,09,27,283,45,10,54,164,44*65
$GIGSV,1,1,02,09,27,283,45,10,54,164,44*65
$GIGSV,1,1,02,09,27,283,45,10,54,164,44*65
$GIGSV,1,1,02,09,27,283,45,10,54,164,44*65
$GIGSV,1,1,02,09,27,283,45,10,54,164,44*65
$GIGSV,1,1,02,09,27,283,45,10,54,164,44*65
$GIGSV,1,1,02,09,27,283,45,10,54,164,44*65
$GIGSV,1,1,02,09,27,283,45,10,54,164,44*65
$GIGSV,1,1,02,09,27,283,45,10,54,164,44*65
$GIGSV,1,1,02,09,27,283,45,10,54,164,44*65
$GIGSV,1,1,02,09,27,283,45,10,54,164,44*65
$GIGSV,1,1,02,09,27,283,45,10,54,164,44*65
$GIGSV,1,1,02,09,27,283,45,10,54,164,44*65
$GIGSV,1,1,02,09,27,283,45,10,54,164,44*65
$GIGSV,1,1,02,09,27,283,45,10,54,164,44*65
$GIGSV,1,1,02,09,27,283,45,10,54,164,44*65
$GIGSV,1,1,02,09,27,283,45,10,54,164,44*65
$GIGSV,1,1,02,09,27,283,45,10,54,164,44*65
$GIGSV,1,1,02,09,27,283,45,10,54,164,44*65
$GIGSV,1,1,02,09,27,283,45,10,54,164,44*65
$GIGSV,1,1,02,09,27,283,45,10,54,164,44*65
$GIGSV,1,1,02,09,27,283,45,10,54,164,44*65
$GIGSV,1,1,02,09,27,283,45,10,54,164,44*65
$GIGSV,1,1,02,09,27,283,45,10,54,164,44*65
$GIGSV,1,1,02,09,27,283,45,10,54,164,44*65
$GIGSV,1,1,02,09,27,283,45,10,54,164,44*65
$GIGSV,1,1,02,09,27,283,45,10,54,164,44*65
$GIGSV,1,1,02,09,27,283,45,10,54,164,44*65
$GIGSV,1,1,02,09,27,283,45,10,54,164,44*65
$GIGSV,1,1,02,09,27,283,45,10,54,164,44*65
$GIGSV,1,1,02,09,27,283,45,10,54,164,44*65
$GIGSV,1,1,02,09,27,283,45,10,54,164,44*65
$GIGSV,1,1,02,09,27,283,45,10,54,164,44*65
$GIGSV,1,1,02,09,27,283,45,10,54,164,44*65
$GIGSV,1,1,02,09,27,283,45,10,54,164,44*65
$GIGSV,1,1,02,09,27,283,45,10,54,164,44*65
$GIGSV,1,1,02,09,27,283,45,10,54,164,44*65
$GIGSV,1,1,02,09,27,283,45,10,54,164,44*65
$GIGSV,1,1,02,09,27,283,45,10,54,164,44*65
$GIGSV,1,1,02,09,27,283,45,10,54,164,44*65
$GIGSV,1,1,02,09,27,283,45,10,54,164,44*65
$GIGSV,1,1,02,09,27,283,45,10,54,164,44*65
$GIGSV,1,1,02,09,27,283,45,10,54,164,44*65
$GIGSV,1,1,02,09,27,283,45,10,54,164,44*65
$GIGSV,1,1,02,09,27,283,45,10,54,164,44*65
$GIGSV,1,1,02,09,27,283,45,10,54,164,44*65
$GIGSV,1,1,02,09,27,283,45,10,54,164,44*65
$GIGSV,1,1,02,09,27,283,45,10,54,164,44*65
$GIGSV,1,1,02,09,27,283,45,10,54,164,44*65
$GIGSV,1,1,02,09,27,283,45,10,54,164,44*65
$GIGSV,1,1,02,09,27,283,45,10,54,164,44*65
$GIGSV,1,1,02,09,27,283,45,10,54,164,44*65
$GIGSV,1,1,02,09,27,283,45,10,54,164,44*65
$GIGSV,1,1,02,09,27,283,45,10,54,164,44*65
$GIGSV,1,1,02,09,27,283,45,10,54,164,44*65
$GIGSV,1,1,02,09,27,283,45,10,54,164,44*65
$GIGSV,1,1,02,09,27,283,45,10,54,164,44*65
$GIGSV,1,1,02,09,27,283,45,10,54,164,44*65
$GIGSV,1,1,02,09,27,283,45,10,54,164,44*65
$GIGSV,1,1,02,09,27,283,45,10,54,164,44*65
$GIGSV,1,1,02,09,27,283,45,10,54,164,44*65
$GIGSV,1,1,02,09,27,283,45,10,54,164,44*65
$GIGSV,1,1,02,09,27,283,45,10,54,164,44*65
$GIGSV,1,1,02,09,27,283,45,10,54,164,44*65
$GIGSV,1,1,02,09,27,283,45,10,54,164,44*65
$GIGSV,1,1,02,09,27,283,45,10,54,164,44*65
$GIGSV,1,1,02,09,27,283,45,10,54,164,44*65
$GIGSV,1,1,02,09,27,283,45,10,54,164,44*65
$GIGSV,1,1,02,09,27,283,45,10,54,164,44*65
$GIGSV,1,1,02,09,27,283,45,10,54,164,44*65
$GIGSV,1,1,02,09,27,283,45,10,54,164,44*65
$GIGSV,1,1,02,09,27,283,45,10,54,164,44*65
$GIGSV,1,1,02,09,27,283,45,10,54,164,44*65
$GIGSV,1,1,02,09,27,283,45,10,54,164,44*65
$GIGSV,1,1,02,09,27,283,45,10,54,164,44*65
$GIGSV,1,1,02,09,27,283,45,10,54,164,44*65
$GIGSV,1,1,02,09,27,283,45,10,54,164,44*65
$GIGSV,1,1,02,09,27,283,45,10,54,164,44*65
$GIGSV,1,1,02,09,27,283,45,10,54,164,44*65
$GIGSV,1,1,02,09,27,283,45,10,54,164,44*65
$GIGSV,1,1,02,09,27,283,45,10,54,164,44*65
$GIGSV,1,1,02,09,27,283,45,10,54,164,44*65
$GIGSV,1,1,02,09,27,283,45,10,54,164,44*65
$GIGSV,1,1,02,09,27,283,45,10,54,164,44*65
$GIGSV,1,1,02,09,27,283,45,10,54,164,44*65
$GIGSV,1,1,02,09,27,283,45,10,54,164,44*65
$GIGSV,1,1,02,09,27,283,45,10,54,164,44*65
$GIGSV,1,1,02,09,27,283,45,10,54,164,43*62
$GIGSV,1,1,02,09,27,283,45,10,54,164,43*62
$GIGSV,1,1,02,09,27,283,45,10,54,164,43*62
$GIGSV,1,1,02,09,27,283,45,10,54,164,43*62
$GIGSV,1,1,02,09,27,283,45,10,54,164,43*62
$GIGSV,1,1,02,09,27,283,45,10,54,164,43*62
$GIGSV,1,1,02,09,27,283,45,10,54,164,43*62
$GIGSV,1,1,02,09,27,283,45,10,54,164,43*62
$GIGSV,1,1,02,09,27,283,45,10,54,164,43*62
$GIGSV,1,1,02,09,27,283,45,10,54,164,43*62
$GIGSV,1,1,02,09,27,283,45,10,54,164,43*62
$GIGSV,1,1,02,09,27,283,45,10,54,164,43*62
$GIGSV,1,1,02,09,27,283,45,10,54,164,43*62
$GIGSV,1,1,02,09,27,283,45,10,54,164,43*62
$GIGSV,1,1,02,09,27,283,45,10,54,164,43*62
$GIGSV,1,1,02,09,27,283,45,10,54,164,43*62
$GIGSV,1,1,02,09,27,283,45,10,54,164,43*62
$GIGSV,1,1,02,09,27,283,45,10,54,164,43*62
$GIGSV,1,1,02,09,27,283,45,10,54,164,43*62
$GIGSV,1,1,02,09,27,283,45,10,54,164,43*62
$GIGSV,1,1,02,09,27,283,45,10,54,164,43*62
$GIGSV,1,1,02,09,27,283,45,10,54,164,43*62
$GIGSV,1,1,02,09,27,283,45,10,54,164,43*62
$GIGSV,1,1,02,09,27,283,45,10,54,164,43*62
$GIGSV,1,1,02,09,27,283,45,10,54,164,43*62
$GIGSV,1,1,02,09,27,283,45,10,54,164,43*62
$GIGSV,1,1,02,09,27,283,45,10,54,164,43*62
$GIGSV,1,1,02,09,27,283,45,10,54,164,43*62
$GIGSV,1,1,02,09,27,283,45,10,54,164,43*62
$GIGSV,1,1,02,09,27,283,45,10,54,164,43*62
$GIGSV,1,1,02,09,27,283,45,10,54,164,43*62
$GIGSV,1,1,02,09,27,283,45,10,54,164,43*62
$GIGSV,1,1,02,09,27,283,45,10,54,164,43*62
$GIGSV,1,1,02,09,27,283,45,10,54,164,43*62
$GIGSV,1,1,02,09,27,283,45,10,54,164,43*62
$GIGSV,1,1,02,09,27,283,45,10,54,164,43*62
$GIGSV,1,1,02,09,27,283,45,10,54,164,43*62
$GIGSV,1,1,02,09,27,283,45,10,54,164,43*62
$GIGSV,1,1,02,09,27,283,45,10,54,164,43*62
$GIGSV,1,1,02,09,27,283,45,10,54,164,43*62
$GIGSV,1,1,02,09,27,283,45,10,54,164,43*62
$GIGSV,1,1,02,09,27,283,45,10,54,164,43*62
$GIGSV,1,1,02,09,27,283,45,10,54,164,43*62
$GIGSV,1,1,02,09,27,283,45,10,54,164,43*62
$GIGSV,1,1,02,09,27,283,45,10,54,164,43*62
$GIGSV,1,1,02,09,27,283,45,10,54,164,43*62
$GIGSV,1,1,02,09,27,283,45,10,54,164,43*62
$GIGSV,1,1,02,09,27,283,45,10,54,164,43*62
$GIGSV,1,1,02,09,27,283,45,10,54,164,43*62
$GIGSV,1,1,02,09,27,283,45,10,54,164,43*62
$GIGSV,1,1,02,09,27,283,45,10,54,164,44*65
$GIGSV,1,1,02,09,27,283,45,10,54,164,44*65
$GIGSV,1,1,02,09,27,283,45,10,54,164,44*65
$GIGSV,1,1,02,09,27,283,45,10,54,164,44*65
$GIGSV,1,1,02,09,27,283,45,10,54,164,44*65
$GIGSV,1,1,02,09,27,283,45,10,54,164,44*65
$GIGSV,1,1,02,09,27,283,45,10,54,164,44*65
$GIGSV,1,1,02,09,27,283,45,10,54,164,44*65
$GIGSV,1,1,02,09,27,283,45,10,54,164,44*65
$GIGSV,1,1,02,09,27,283,45,10,54,164,44*65
$GIGSV,1,1,02,09,27,283,45,10,54,164,44*65
$GIGSV,1,1,02,09,27,283,45,10,54,164,44*65
$GIGSV,1,1,02,09,27,283,45,10,54,164,44*65
$GIGSV,1,1,02,09,27,283,45,10,54,164,44*65
$GIGSV,1,1,02,09,27,283,45,10,54,164,44*65
$GIGSV,1,1,02,09,27,283,45,10,54,164,44*65
$GIGSV,1,1,02,09,27,283,45,10,54,164,44*65
$GIGSV,1,1,02,09,27,283,45,10,54,164,44*65
$GIGSV,1,1,02,09,27,283,45,10,54,164,44*65
$GIGSV,1,1,02,09,27,283,45,10,54,164,44*65
$GIGSV,1,1,02,09,27,283,45,10,54,164,44*65
$GIGSV,1,1,02,09,27,283,45,10,54,164,44*65
$GIGSV,1,1,02,09,27,283,45,10,54,164,44*65
$GIGSV,1,1,02,09,27,283,45,10,54,164,44*65
$GIGSV,1,1,02,09,27,283,45,10,54,164,44*65
$GIGSV,1,1,02,09,27,283,45,10,54,164,44*65
$GIGSV,1,1,02,09,27,283,45,10,54,164,44*65
$GIGSV,1,1,02,09,27,283,45,10,54,164,44*65
$GIGSV,1,1,02,09,27,283,45,10,54,164,44*65
$GIGSV,1,1,02,09,27,283,45,10,54,164,44*65
$GIGSV,1,1,02,09,27,283,45,10,54,164,44*65
$GIGSV,1,1,02,09,27,283,45,10,54,164,44*65
$GIGSV,1,1,02,09,27,283,45,10,54,164,44*65
$GIGSV,1,1,02,09,27,283,45,10,54,164,44*65
$GIGSV,1,1,02,09,27,283,45,10,54,164,44*65
$GIGSV,1,1,02,09,27,283,45,10,54,164,44*65
$GIGSV,1,1,02,09,27,283,45,10,54,164,44*65
$GIGSV,1,1,02,09,27,283,45,10,54,164,44*65
$GIGSV,1,1,02,09,27,283,45,10,54,164,44*65
$GIGSV,1,1,02,09,27,283,45,10,54,164,44*65
$GIGSV,1,1,02,09,27,283,45,10,54,164,44*65
$GIGSV,1,1,02,09,27,283,45,10,54,164,44*65
$GIGSV,1,1,02,09,27,283,45,10,54,164,44*65
$GIGSV,1,1,02,09,27,283,45,10,54,164,44*65
$GIGSV,1,1,02,09,27,283,45,10,54,164,44*65
$GIGSV,1,1,02,09,27,283,45,10,54,164,44*65
$GIGSV,1,1,02,09,27,283,45,10,54,164,44*65
$GIGSV,1,1,02,09,27,283,45,10,54,164,44*65
$GIGSV,1,1,02,09,27,283,45,10,54,164,44*65
$GIGSV,1,1,02,09,27,283,45,10,54,164,44*65
$GIGSV,1,1,02,09,27,283,45,10,54,164,44*65
$GIGSV,1,1,02,09,27,283,45,10,54,164,44*65
$GIGSV,1,1,02,09,27,283,45,10,54,164,44*65
$GIGSV,1,1,02,09,27,283,45,10,54,164,44*65
$GIGSV,1,1,02,09,27,283,45,10,54,164,44*65
$GIGSV,1,1,02,09,27,283,45,10,54,164,44*65
$GIGSV,1,1,02,09,27,283,45,10,54,164,44*65
$GIGSV,1,1,02,09,27,283,45,10,54,164,44*65
$GIGSV,1,1,02,09,27,283,45,10,54,164,44*65
$GIGSV,1,1,02,09,27,283,45,10,54,164,44*65
$GIGSV,1,1,02,09,27,283,45,10,54,164,44*65
$GIGSV,1,1,02,09,27,283,45,10,54,164,44*65
$GIGSV,1,1,02,09,27,283,45,10,54,164,44*65
$GIGSV,1,1,02,09,27,283,45,10,54,164,44*65
$GIGSV,1,1,02,09,27,283,45,10,54,164,44*65
$GIGSV,1,1,02,09,27,283,45,10,54,164,44*65
$GIGSV,1,1,02,09,27,283,45,10,54,164,44*65
$GIGSV,1,1,02,09,27,283,45,10,54,164,44*65
$GIGSV,1,1,02,09,27,283,45,10,54,164,44*65
$GIGSV,1,1,02,09,27,283,45,10,54,164,44*65
$GIGSV,1,1,02,09,27,283,45,10,54,164,44*65
$GIGSV,1,1,02,09,27,283,45,10,54,164,44*65
$GIGSV,1,1,02,09,27,283,45,10,54,164,44*65
$GIGSV,1,1,02,09,27,283,45,10,54,164,44*65
$GIGSV,1,1,02,09,27,283,45,10,54,164,44*65
$GIGSV,1,1,02,09,27,283,45,10,54,164,44*65
$GIGSV,1,1,02,09,27,283,45,10,54,164,44*65
$GIGSV,1,1,02,09,27,283,45,10,54,164,44*65
$GIGSV,1,1,02,09,27,283,45,10,54,164,44*65
$GIGSV,1,1,02,09,27,283,45,10,54,164,44*65
$GIGSV,1,1,02,09,27,283,45,10,54,164,44*65
$GIGSV,1,1,02,09,27,283,45,10,54,164,44*65
$GIGSV,1,1,02,09,27,283,45,10,54,164,44*65
$GIGSV,1,1,02,09,27,283,45,10,54,164,44*65
$GIGSV,1,1,02,09,27,283,45,10,54,164,44*65
$GIGSV,1,1,02,09,27,283,45,10,54,164,44*65
$GIGSV,1,1,02,09,27,283,45,10,54,164,44*65
$GIGSV,1,1,02,09,27,283,45,10,54,164,44*65
$GIGSV,1,1,02,09,27,283,45,10,54,164,44*65
$GIGSV,1,1,02,09,27,283,45,10,54,164,44*65
$GIGSV,1,1,02,09,27,283,45,10,54,164,44*65
$GIGSV,1,1,02,09,27,283,45,10,54,164,44*65
$GIGSV,1,1,02,09,27,283,45,10,54,164,44*65
$GIGSV,1,1,02,09,27,283,45,10,54,164,44*65
$GIGSV,1,1,02,09,27,283,45,10,54,164,44*65
$GIGSV,1,1,02,09,27,283,45,10,54,164,44*65
$GIGSV,1,1,02,09,27,283,45,10,54,164,44*65
$GIGSV,1,1,02,09,27,283,45,10,54,164,44*65
$GIGSV,1,1,02,09,27,283,45,10,54,164,44*65
$GIGSV,1,1,02,09,27,283,45,10,54,164,44*65
$GIGSV,1,1,02,09,27,283,45,10,54,164,44*65
$GIGSV,1,1,02,09,27,283,45,10,54,164,44*65
$GIGSV,1,1,02,09,27,283,45,10,54,164,44*65
$GIGSV,1,1,02,09,27,283,45,10,54,164,44*65
$GIGSV,1,1,02,09,27,283,45,10,54,164,44*65
$GIGSV,1,1,02,09,27,283,45,10,54,164,44*65
$GIGSV,1,1,02,09,27,283,45,10,54,164,44*65
$GIGSV,1,1,02,09,27,283,45,10,54,164,44*65
$GIGSV,1,1,02,09,27,283,45,10,54,164,44*65
$GIGSV,1,1,02,09,27,283,45,10,54,164,44*65
$GIGSV,1,1,02,09,27,283,45,10,54,164,44*65
$GIGSV,1,1,02,09,27,283,45,10,54,164,44*65
$GIGSV,1,1,02,09,27,283,45,10,54,164,44*65
$GIGSV,1,1,02,09,27,283,45,10,54,164,44*65
$GIGSV,1,1,02,09,27,283,45,10,54,164,44*65
$GIGSV,1,1,02,09,27,283,45,10,54,164,44*65
$GIGSV,1,1,02,09,27,283,45,10,54,164,44*65
$GIGSV,1,1,02,09,27,283,45,10,54,164,44*65
$GIGSV,1,1,02,09,27,283,45,10,54,164,44*65
$GIGSV,1,1,02,09,27,283,45,10,54,164,44*65
$GIGSV,1,1,02,09,27,283,45,10,54,164,44*65
$GIGSV,1,1,02,09,27,283,45,10,54,164,44*65
$GIGSV,1,1,02,09,27,283,45,10,54,164,44*65
$GIGSV,1,1,02,09,27,283,45,10,54,164,44*65
$GIGSV,1,1,02,09,27,283,45,10,54,164,44*65
$GIGSV,1,1,02,09,27,283,45,10,54,164,44*65
$GIGSV,1,1,02,09,27,283,45,10,54,164,44*65
$GIGSV,1,1,02,09,27,283,45,10,54,164,44*65
$GIGSV,1,1,02,09,27,283,45,10,54,164,44*65
$GIGSV,1,1,02,09,27,283,45,10,54,164,44*65
$GIGSV,1,1,02,09,27,283,45,10,54,164,44*65
$GIGSV,1,1,02,09,27,283,45,10,54,164,44*65
$GIGSV,1,1,02,09,27,283,45,10,54,164,44*65
$GIGSV,1,1,02,09,27,283,45,10,54,164,44*65
$GIGSV,1,1,02,09,27,283,45,10,54,164,44*65
$GIGSV,1,1,02,09,27,283,45,10,54,164,44*65
$GIGSV,1,1,02,09,27,283,45,10,54,164,44*65
$GIGSV,1,1,02,09,27,283,45,10,54,164,44*65
$GIGSV,1,1,02,09,27,283,45,10,54,164,44*65
$GIGSV,1,1,02,09,27,283,45,10,54,164,44*65
$GIGSV,1,1,02,09,27,283,45,10,54,164,44*65
$GIGSV,1,1,02,09,27,283,45,10,54,164,44*65
$GIGSV,1,1,02,09,27,283,45,10,54,164,44*65
$GIGSV,1,1,02,09,27,283,45,10,54,164,44*65
$GIGSV,1,1,02,09,27,283,45,10,54,164,44*65
$GIGSV,1,1,02,09,27,283,45,10,54,164,44*65
$GIGSV,1,1,02,09,27,283,45,10,54,164,44*65
$GIGSV,1,1,02,09,27,283,45,10,54,164,44*65
$GIGSV,1,1,02,09,27,283,45,10,54,164,44*65
$GIGSV,1,1,02,09,27,283,45,10,54,164,44*65
$GIGSV,1,1,02,09,27,283,45,10,54,164,44*65
$GIGSV,1,1,02,09,27,283,45,10,54,164,44*65
$GIGSV,1,1,02,09,27,283,45,10,54,164,44*65
$GIGSV,1,1,02,09,27,283,45,10,54,164,44*65
$GIGSV,1,1,02,09,27,283,45,10,54,164,44*65
$GIGSV,1,1,02,09,27,283,45,10,54,164,44*65
$GIGSV,1,1,02,09,27,283,45,10,54,164,44*65
$GIGSV,1,1,02,09,27,283,45,10,54,164,44*65
$GIGSV,1,1,02,09,27,283,45,10,54,164,44*65
$GIGSV,1,1,02,09,27,283,45,10,54,164,44*65
$GIGSV,1,1,02,09,27,283,45,10,54,164,44*65
$GIGSV,1,1,02,09,27,283,45,10,54,164,44*65
$GIGSV,1,1,02,09,27,283,45,10,54,164,44*65
$GIGSV,1,1,02,09,27,283,45,10,54,164,44*65
$GIGSV,1,1,02,09,27,283,45,10,54,164,44*65
$GIGSV,1,1,02,09,27,283,45,10,54,164,44*65
$GIGSV,1,1,02,09,27,283,45,10,54,164,44*65
$GIGSV,1,1,02,09,27,283,45,10,54,164,44*65
$GIGSV,1,1,02,09,27,283,45,10,54,164,44*65
$GIGSV,1,1,02,09,27,283,45,10,54,164,44*65
$GIGSV,1,1,02,09,27,283,45,10,54,164,44*65
$GIGSV,1,1,02,09,27,283,45,10,54,164,44*65
$GIGSV,1,1,02,09,27,283,45,10,54,164,44*65
$GIGSV,1,1,02,09,27,283,45,10,54,164,44*65
$GIGSV,1,1,02,09,27,283,46,10,54,164,43*61
$GIGSV,1,1,02,09,27,283,46,10,54,164,43*61
$GIGSV,1,1,02,09,27,283,46,10,54,164,43*61
$GIGSV,1,1,02,09,27,283,46,10,54,164,43*61
$GIGSV,1,1,02,09,27,283,46,10,54,164,43*61
$GIGSV,1,1,02,09,27,283,46,10,54,164,43*61
$GIGSV,1,1,02,09,27,283,46,10,54,164,43*61
$GIGSV,1,1,02,09,27,283,46,10,54,164,43*61
$GIGSV,1,1,02,09,27,283,46,10,54,164,43*61
$GIGSV,1,1,02,09,27,283,46,10,54,164,43*61
$GIGSV,1,1,02,09,27,283,46,10,54,164,43*61
$GIGSV,1,1,02,09,27,283,46,10,54,164,43*61
$GIGSV,1,1,02,09,27,283,46,10,54,164,43*61
$GIGSV,1,1,02,09,27,283,46,10,54,164,43*61
$GIGSV,1,1,02,09,27,283,46,10,54,164,43*61
$GIGSV,1,1,02,09,27,283,46,10,54,164,43*61
$GIGSV,1,1,02,09,27,283,46,10,54,164,43*61
$GIGSV,1,1,02,09,27,283,46,10,54,164,43*61
$GIGSV,1,1,02,09,27,283,46,10,54,164,43*61
$GIGSV,1,1,02,09,27,283,46,10,54,164,43*61
$GIGSV,1,1,02,09,27,283,46,10,54,164,43*61
$GIGSV,1,1,02,09,27,283,46,10,54,164,43*61
$GIGSV,1,1,02,09,27,283,46,10,54,164,43*61
$GIGSV,1,1,02,09,27,283,46,10,54,164,42*60
$GIGSV,1,1,02,09,27,283,46,10,54,164,42*60
$GIGSV,1,1,02,09,27,283,46,10,54,164,42*60
$GIGSV,1,1,02,09,27,283,46,10,54,164,42*60
$GIGSV,1,1,02,09,27,283,46,10,54,164,42*60
$GIGSV,1,1,02,09,27,283,46,10,54,164,42*60
$GIGSV,1,1,02,09,27,283,46,10,54,164,42*60
$GIGSV,1,1,02,09,27,283,46,10,54,164,42*60
$GIGSV,1,1,02,09,27,283,46,10,54,164,42*60
$GIGSV,1,1,02,09,27,283,46,10,54,164,42*60
$GIGSV,1,1,02,09,27,283,46,10,54,164,42*60
$GIGSV,1,1,02,09,27,283,46,10,54,164,42*60
$GIGSV,1,1,02,09,27,283,46,10,54,164,42*60
$GIGSV,1,1,02,09,27,283,46,10,54,164,42*60
$GIGSV,1,1,02,09,27,283,46,10,54,164,42*60
$GIGSV,1,1,02,09,27,283,46,10,54,164,42*60
$GIGSV,1,1,02,09,27,283,46,10,54,164,42*60
$GIGSV,1,1,02,09,27,283,46,10,54,164,42*60
$GIGSV,1,1,02,09,27,283,46,10,54,164,42*60
$GIGSV,1,1,02,09,27,283,46,10,54,164,42*60
$GIGSV,1,1,02,09,27,283,46,10,54,164,42*60
$GIGSV,1,1,02,09,27,283,46,10,54,164,42*60
$GIGSV,1,1,02,09,27,283,46,10,54,164,42*60
$GIGSV,1,1,02,09,27,283,46,10,54,164,42*60
$GIGSV,1,1,02,09,27,283,46,10,54,164,42*60
$GIGSV,1,1,02,09,27,283,46,10,54,164,42*60
$GIGSV,1,1,02,09,27,283,46,10,54,164,42*60
$GIGSV,1,1,02,09,27,283,46,10,54,164,42*60
$GIGSV,1,1,02,09,27,283,46,10,54,164,42*60
$GIGSV,1,1,02,09,27,283,46,10,54,164,42*60
$GIGSV,1,1,02,09,27,283,46,10,54,164,42*60
$GIGSV,1,1,02,09,27,283,46,10,54,164,42*60
$GIGSV,1,1,02,09,27,283,46,10,54,164,42*60
$GIGSV,1,1,02,09,27,283,46,10,54,164,42*60
$GIGSV,1,1,02,09,27,283,46,10,54,164,42*60
$GIGSV,1,1,02,09,27,283,46,10,54,164,42*60
$GIGSV,1,1,02,09,27,283,46,10,54,164,41*63
$GIGSV,1,1,02,09,27,283,46,10,54,164,41*63
$GIGSV,1,1,02,09,27,283,46,10,54,164,41*63
$GIGSV,1,1,02,09,27,283,46,10,54,164,41*63
$GIGSV,1,1,02,09,27,283,46,10,54,164,41*63
$GIGSV,1,1,02,09,27,283,46,10,54,164,41*63
$GIGSV,1,1,02,09,27,283,46,10,54,164,41*63
$GIGSV,1,1,02,09,27,283,46,10,54,164,41*63
$GIGSV,1,1,02,09,27,283,46,10,54,164,41*63
$GIGSV,1,1,02,09,27,283,46,10,54,164,41*63
$GIGSV,1,1,02,09,27,283,46,10,54,164,41*63
$GIGSV,1,1,02,09,27,283,46,10,54,164,41*63
$GIGSV,1,1,02,09,27,283,46,10,54,164,41*63
$GIGSV,1,1,02,09,27,283,46,10,54,164,41*63
$GIGSV,1,1,02,09,27,283,46,10,54,164,41*63
$GIGSV,1,1,02,09,27,283,46,10,54,164,41*63
$GIGSV,1,1,02,09,27,283,46,10,54,164,41*63
$GIGSV,1,1,02,09,27,283,46,10,54,164,41*63
$GIGSV,1,1,02,09,27,283,46,10,54,164,41*63
$GIGSV,1,1,02,09,27,283,46,10,54,164,41*63
$GIGSV,1,1,02,09,27,283,46,10,54,164,41*63
$GIGSV,1,1,02,09,27,283,46,10,54,164,41*63
$GIGSV,1,1,02,09,27,283,46,10,54,164,41*63
$GIGSV,1,1,02,09,27,283,46,10,54,164,41*63
$GIGSV,1,1,02,09,27,283,46,10,54,164,41*63
$GIGSV,1,1,02,09,27,283,46,10,54,164,41*63
$GIGSV,1,1,02,09,27,283,46,10,54,164,41*63
$GIGSV,1,1,02,09,27,283,46,10,54,164,41*63
$GIGSV,1,1,02,09,27,283,46,10,54,164,41*63
$GIGSV,1,1,02,09,27,283,46,10,54,164,41*63
$GIGSV,1,1,02,09,27,283,46,10,54,164,41*63
$GIGSV,1,1,02,09,27,283,46,10,54,164,41*63
$GIGSV,1,1,02,09,27,283,46,10,54,164,41*63
$GIGSV,1,1,02,09,27,283,46,10,54,164,41*63
$GIGSV,1,1,02,09,27,283,46,10,54,164,41*63
$GIGSV,1,1,02,09,27,283,46,10,54,164,41*63
$GIGSV,1,1,02,09,27,283,46,10,54,164,41*63
$GIGSV,1,1,02,09,27,283,46,10,54,164,41*63
$GIGSV,1,1,02,09,27,283,46,10,54,164,41*63
$GIGSV,1,1,02,09,27,283,46,10,54,164,41*63
$GIGSV,1,1,02,09,27,283,46,10,54,164,41*63
$GIGSV,1,1,02,09,27,283,46,10,54,164,41*63
$GIGSV,1,1,02,09,27,283,46,10,54,164,41*63
$GIGSV,1,1,02,09,27,283,46,10,54,164,41*63
$GIGSV,1,1,02,09,27,283,46,10,54,164,41*63
$GIGSV,1,1,02,09,27,283,46,10,54,164,41*63
$GIGSV,1,1,02,09,27,283,46,10,54,164,41*63
$GIGSV,1,1,02,09,27,283,46,10,54,164,41*63
$GIGSV,1,1,02,09,27,283,46,10,54,164,41*63
$GIGSV,1,1,02,09,27,283,46,10,54,164,41*63
$GIGSV,1,1,02,09,27,283,46,10,54,164,41*63
$GIGSV,1,1,02,09,27,283,46,10,54,164,41*63
$GIGSV,1,1,02,09,27,283,46,10,54,164,40*62
$GIGSV,1,1,02,09,27,283,46,10,54,164,40*62
$GIGSV,1,1,02,09,27,283,46,10,54,164,40*62
$GIGSV,1,1,02,09,27,283,46,10,54,164,40*62
$GIGSV,1,1,02,09,27,283,46,10,54,164,40*62
$GIGSV,1,1,02,09,27,283,46,10,54,164,40*62
$GIGSV,1,1,02,09,27,283,46,10,54,164,40*62
$GIGSV,1,1,02,09,27,283,46,10,54,164,40*62
$GIGSV,1,1,02,09,27,283,46,10,54,164,40*62
$GIGSV,1,1,02,09,27,283,46,10,54,164,40*62
$GIGSV,1,1,02,09,27,283,46,10,54,164,40*62
$GIGSV,1,1,02,09,27,283,46,10,54,164,40*62
$GIGSV,1,1,02,09,27,283,46,10,54,164,40*62
$GIGSV,1,1,02,09,27,283,46,10,54,164,40*62
$GIGSV,1,1,02,09,27,283,46,10,54,164,40*62
$GIGSV,1,1,02,09,27,283,46,10,54,164,40*62
$GIGSV,1,1,02,09,27,283,46,10,54,164,40*62
$GIGSV,1,1,02,09,27,283,46,10,54,164,40*62
$GIGSV,1,1,02,09,27,283,46,10,54,164,40*62
$GIGSV,1,1,02,09,27,283,46,10,54,164,40*62
$GIGSV,1,1,02,09,27,283,46,10,54,164,40*62
$GIGSV,1,1,02,09,27,283,46,10,54,164,40*62
$GIGSV,1,1,02,09,27,283,46,10,54,164,40*62
$GIGSV,1,1,02,09,27,283,46,10,54,164,40*62
$GIGSV,1,1,02,09,27,283,46,10,54,164,40*62
$GIGSV,1,1,02,09,27,283,46,10,54,164,40*62
$GIGSV,1,1,02,09,27,283,46,10,54,164,40*62
$GIGSV,1,1,02,09,27,283,46,10,54,164,40*62
$GIGSV,1,1,02,09,27,283,46,10,54,164,40*62
$GIGSV,1,1,02,09,27,283,46,10,54,164,40*62
$GIGSV,1,1,02,09,27,283,46,10,54,164,40*62
$GIGSV,1,1,02,09,27,283,46,10,54,164,40*62
$GIGSV,1,1,02,09,27,283,46,10,54,164,40*62
$GIGSV,1,1,02,09,27,283,46,10,54,164,40*62
$GIGSV,1,1,02,09,27,283,46,10,54,164,40*62
$GIGSV,1,1,02,09,27,283,46,10,54,164,40*62
$GIGSV,1,1,02,09,27,283,46,10,54,164,40*62
$GIGSV,1,1,02,09,27,283,46,10,54,164,40*62
$GIGSV,1,1,02,09,27,283,46,10,54,164,40*62
$GIGSV,1,1,02,09,27,283,46,10,54,164,40*62
$GIGSV,1,1,02,09,27,283,46,10,54,164,40*62
$GIGSV,1,1,02,09,27,283,46,10,54,164,40*62
$GIGSV,1,1,02,09,27,283,46,10,54,164,40*62
$GIGSV,1,1,02,09,27,283,46,10,54,164,40*62
$GIGSV,1,1,02,09,27,283,46,10,54,164,40*62
$GIGSV,1,1,02,09,27,283,46,10,54,164,40*62
$GIGSV,1,1,02,09,27,283,46,10,54,164,40*62
$GIGSV,1,1,02,09,27,283,46,10,54,164,40*62
$GIGSV,1,1,02,09,27,283,46,10,54,164,40*62
$GIGSV,1,1,02,09,27,283,46,10,54,164,40*62
$GIGSV,1,1,02,09,27,283,46,10,54,164,40*62
$GIGSV,1,1,02,09,27,283,46,10,54,164,40*62
$GIGSV,1,1,02,09,27,283,46,10,54,164,40*62
$GIGSV,1,1,02,09,27,283,46,10,54,164,40*62
$GIGSV,1,1,02,09,27,283,46,10,54,164,40*62
$GIGSV,1,1,02,09,27,283,46,10,54,164,40*62
$GIGSV,1,1,02,09,27,283,46,10,54,164,40*62
$GIGSV,1,1,02,09,27,283,46,10,54,164,40*62
$GIGSV,1,1,02,09,27,283,46,10,54,164,40*62
$GIGSV,1,1,02,09,27,283,46,10,54,164,40*62
$GIGSV,1,1,02,09,27,283,46,10,54,164,40*62
$GIGSV,1,1,02,09,27,283,46,10,54,164,40*62
$GIGSV,1,1,02,09,27,283,46,10,54,164,40*62
$GIGSV,1,1,02,09,27,283,46,10,54,164,40*62
$GIGSV,1,1,02,09,27,283,46,10,54,164,40*62
$GIGSV,1,1,02,09,27,283,46,10,54,164,40*62
$GIGSV,1,1,02,09,27,283,46,10,54,164,40*62
$GIGSV,1,1,02,09,27,283,46,10,54,164,40*62
$GIGSV,1,1,02,09,27,283,46,10,54,164,40*62
$GIGSV,1,1,02,09,27,283,46,10,54,164,40*62
$GIGSV,1,1,02,09,27,283,46,10,54,164,40*62
$GIGSV,1,1,02,09,27,283,46,10,54,164,40*62
$GIGSV,1,1,02,09,27,283,46,10,54,164,40*62
$GIGSV,1,1,02,09,27,283,46,10,54,164,40*62
$GIGSV,1,1,02,09,27,283,46,10,54,164,40*62
$GIGSV,1,1,02,09,27,283,46,10,54,164,40*62
$GIGSV,1,1,02,09,27,283,46,10,54,164,40*62
$GIGSV,1,1,02,09,27,282,46,10,54,164,40*63
$GIGSV,1,1,02,09,27,282,46,10,54,164,40*63
$GIGSV,1,1,02,09,27,282,46,10,54,164,40*63
$GIGSV,1,1,02,09,27,282,46,10,54,164,40*63
$GIGSV,1,1,02,09,27,282,46,10,54,164,40*63
$GIGSV,1,1,02,09,27,282,46,10,54,164,40*63
$GIGSV,1,1,02,09,27,282,46,10,54,164,40*63
$GIGSV,1,1,02,09,27,282,46,10,54,164,40*63
$GIGSV,1,1,02,09,27,282,46,10,54,164,40*63
$GIGSV,1,1,02,09,27,282,46,10,54,164,40*63
$GIGSV,1,1,02,09,27,282,46,10,54,164,40*63
$GIGSV,1,1,02,09,27,282,46,10,54,164,40*63
$GIGSV,1,1,02,09,27,282,46,10,54,164,40*63
$GIGSV,1,1,02,09,27,282,46,10,54,164,40*63
$GIGSV,1,1,02,09,27,282,46,10,54,164,40*63
$GIGSV,1,1,02,09,27,282,46,10,54,164,40*63
$GIGSV,1,1,02,09,27,282,46,10,54,164,40*63
$GIGSV,1,1,02,09,27,282,46,10,54,164,40*63
$GIGSV,1,1,02,09,27,282,46,10,54,164,40*63
$GIGSV,1,1,02,09,27,282,46,10,54,164,40*63
$GIGSV,1,1,02,09,27,282,46,10,54,164,40*63
$GIGSV,1,1,02,09,27,282,46,10,54,164,40*63
$GIGSV,1,1,02,09,27,282,46,10,54,164,40*63
$GIGSV,1,1,02,09,27,282,46,10,54,164,40*63
$GIGSV,1,1,02,09,27,282,46,10,54,164,40*63
$GIGSV,1,1,02,09,27,282,46,10,54,164,41*62
$GIGSV,1,1,02,09,27,282,46,10,54,164,41*62
$GIGSV,1,1,02,09,27,282,46,10,54,164,41*62
$GIGSV,1,1,02,09,27,282,46,10,54,164,41*62
$GIGSV,1,1,02,09,27,282,46,10,54,164,41*62
$GIGSV,1,1,02,09,27,282,46,10,54,164,41*62
$GIGSV,1,1,02,09,27,282,46,10,54,164,41*62
$GIGSV,1,1,02,09,27,282,46,10,54,164,41*62
$GIGSV,1,1,02,09,27,282,46,10,54,164,41*62
$GIGSV,1,1,02,09,27,282,46,10,54,164,41*62
$GIGSV,1,1,02,09,27,282,46,10,54,164,41*62
$GIGSV,1,1,02,09,27,282,46,10,54,164,41*62
$GIGSV,1,1,02,09,27,282,46,10,54,164,41*62
$GIGSV,1,1,02,09,27,282,46,10,54,164,41*62
$GIGSV,1,1,02,09,27,282,46,10,54,164,41*62
$GIGSV,1,1,02,09,27,282,46,10,54,164,41*62
$GIGSV,1,1,02,09,27,282,46,10,54,164,41*62
$GIGSV,1,1,02,09,27,282,45,10,54,164,41*61
$GIGSV,1,1,02,09,27,282,45,10,54,164,41*61
$GIGSV,1,1,02,09,27,282,45,10,54,164,41*61
$GIGSV,1,1,02,09,27,282,45,10,54,164,41*61
$GIGSV,1,1,02,09,27,282,45,10,54,164,41*61
$GIGSV,1,1,02,09,27,282,45,10,54,164,41*61
$GIGSV,1,1,02,09,27,282,45,10,54,164,41*61
$GIGSV,1,1,02,09,27,282,45,10,54,164,41*61
$GIGSV,1,1,02,09,27,282,45,10,54,164,41*61
$GIGSV,1,1,02,09,27,282,45,10,54,164,42*62
$GIGSV,1,1,02,09,27,282,45,10,54,164,42*62
$GIGSV,1,1,02,09,27,282,45,10,54,164,42*62
$GIGSV,1,1,02,09,27,282,45,10,54,164,42*62
$GIGSV,1,1,02,09,27,282,45,10,54,164,42*62
$GIGSV,1,1,02,09,27,282,45,10,54,164,42*62
$GIGSV,1,1,02,09,27,282,45,10,54,164,42*62
$GIGSV,1,1,02,09,27,282,45,10,54,164,42*62
$GIGSV,1,1,02,09,27,282,45,10,54,164,42*62
$GIGSV,1,1,02,09,27,282,45,10,54,164,42*62
$GIGSV,1,1,02,09,27,282,45,10,54,164,42*62
$GIGSV,1,1,02,09,27,282,45,10,54,164,42*62
$GIGSV,1,1,02,09,27,282,45,10,54,164,42*62
$GIGSV,1,1,02,09,27,282,45,10,54,164,42*62
$GIGSV,1,1,02,09,27,282,45,10,54,164,43*63
$GIGSV,1,1,02,09,27,282,44,10,54,164,43*62
$GIGSV,1,1,02,09,27,282,44,10,54,164,43*62
$GIGSV,1,1,02,09,27,282,44,10,54,164,43*62
$GIGSV,1,1,02,09,27,282,44,10,54,164,43*62
$GIGSV,1,1,02,09,27,282,44,10,54,164,43*62
$GIGSV,1,1,02,09,27,282,44,10,54,164,43*62
$GIGSV,1,1,02,09,27,282,44,10,54,164,43*62
$GIGSV,1,1,02,09,27,282,44,10,54,164,43*62
$GIGSV,1,1,02,09,27,282,44,10,54,164,43*62
$GIGSV,1,1,02,09,27,282,44,10,54,164,43*62
$GIGSV,1,1,02,09,27,282,44,10,54,164,43*62
$GIGSV,1,1,02,09,27,282,44,10,54,164,43*62
$GIGSV,1,1,02,09,27,282,44,10,54,164,43*62
$GIGSV,1,1,02,09,27,282,44,10,54,164,43*62
$GIGSV,1,1,02,09,27,282,44,10,54,164,43*62
$GIGSV,1,1,02,09,27,282,44,10,54,164,44*65
$GIGSV,1,1,02,09,27,282,44,10,54,164,44*65
$GIGSV,1,1,02,09,27,282,44,10,54,164,44*65
$GIGSV,1,1,02,09,27,282,44,10,54,164,44*65
$GIGSV,1,1,02,09,27,282,44,10,54,164,44*65
$GIGSV,1,1,02,09,27,282,44,10,54,164,44*65
$GIGSV,1,1,02,09,27,282,44,10,54,164,44*65
$GIGSV,1,1,02,09,27,282,44,10,54,164,44*65
$GIGSV,1,1,02,09,27,282,44,10,54,164,44*65
$GIGSV,1,1,02,09,27,282,43,10,54,164,44*62
$GIGSV,1,1,02,09,27,282,43,10,54,164,44*62
$GIGSV,1,1,02,09,27,282,43,10,54,164,44*62
$GIGSV,1,1,02,09,27,282,43,10,54,164,44*62
$GIGSV,1,1,02,09,27,282,43,10,54,164,44*62
$GIGSV,1,1,02,09,27,282,43,10,54,164,45*63
$GIGSV,1,1,02,09,27,282,43,10,54,164,45*63
$GIGSV,1,1,02,09,27,282,43,10,54,164,45*63
$GIGSV,1,1,02,09,27,282,43,10,54,164,45*63
$GIGSV,1,1,02,09,27,282,43,10,54,164,45*63
$GIGSV,1,1,02,09,27,282,43,10,54,164,45*63
$GIGSV,1,1,02,09,27,282,43,10,54,164,45*63
$GIGSV,1,1,02,09,27,282,43,10,54,164,45*63
$GIGSV,1,1,02,09,27,282,43,10,54,164,45*63
$GIGSV,1,1,02,09,27,282,43,10,54,164,45*63
$GIGSV,1,1,02,09,27,282,43,10,54,164,45*63
$GIGSV,1,1,02,09,27,282,43,10,54,164,45*63
$GIGSV,1,1,02,09,27,282,43,10,54,164,45*63
$GIGSV,1,1,02,09,27,282,43,10,54,164,45*63
$GIGSV,1,1,02,09,27,282,43,10,54,164,45*63
$GIGSV,1,1,02,09,27,282,43,10,54,164,45*63
$GIGSV,1,1,02,09,27,282,43,10,54,164,45*63
$GIGSV,1,1,02,09,27,282,43,10,54,164,45*63
$GIGSV,1,1,02,09,27,282,43,10,54,164,45*63
$GIGSV,1,1,02,09,27,282,43,10,54,164,45*63
$GIGSV,1,1,02,09,27,282,43,10,54,164,45*63
$GIGSV,1,1,02,09,27,282,43,10,54,164,45*63
$GIGSV,1,1,02,09,27,282,43,10,54,164,45*63
$GIGSV,1,1,02,09,27,282,43,10,54,164,45*63
$GIGSV,1,1,02,09,27,282,43,10,54,164,45*63
$GIGSV,1,1,02,09,27,282,43,10,54,164,45*63
$GIGSV,1,1,02,09,27,282,42,10,54,164,45*62
$GIGSV,1,1,02,09,27,282,42,10,54,164,45*62
$GIGSV,1,1,02,09,27,282,42,10,54,164,45*62
$GIGSV,1,1,02,09,27,282,42,10,54,164,45*62
$GIGSV,1,1,02,09,27,282,42,10,54,164,45*62
$GIGSV,1,1,02,09,27,282,42,10,54,164,45*62
$GIGSV,1,1,02,09,27,282,42,10,54,164,46*61
$GIGSV,1,1,02,09,27,282,42,10,54,164,46*61
$GIGSV,1,1,02,09,27,282,42,10,54,164,46*61
$GIGSV,1,1,02,09,27,282,42,10,54,164,46*61
$GIGSV,1,1,02,09,27,282,42,10,54,164,46*61
$GIGSV,1,1,02,09,27,282,42,10,54,164,46*61
$GIGSV,1,1,02,09,27,282,42,10,54,164,46*61
$GIGSV,1,1,02,09,27,282,42,10,54,164,46*61
$GIGSV,1,1,02,09,27,282,42,10,54,164,46*61
$GIGSV,1,1,02,09,27,282,42,10,54,164,46*61
$GIGSV,1,1,02,09,27,282,42,10,54,164,46*61
$GIGSV,1,1,02,09,27,282,42,10,54,164,46*61
$GIGSV,1,1,02,09,27,282,42,10,54,164,46*61
$GIGSV,1,1,02,09,27,282,42,10,54,164,46*61
$GIGSV,1,1,02,09,27,282,42,10,54,164,46*61
$GIGSV,1,1,02,09,27,282,42,10,54,164,46*61
$GIGSV,1,1,02,09,27,282,42,10,54,164,46*61
$GIGSV,1,1,02,09,27,282,42,10,54,164,46*61
$GIGSV,1,1,02,09,27,282,42,10,54,164,46*61
$GIGSV,1,1,02,09,27,282,42,10,54,164,46*61
$GIGSV,1,1,02,09,27,282,42,10,54,164,46*61
$GIGSV,1,1,02,09,27,282,42,10,54,164,46*61
$GIGSV,1,1,02,09,27,282,42,10,54,164,46*61
$GIGSV,1,1,02,09,27,282,42,10,54,164,46*61
$GIGSV,1,1,02,09,27,282,42,10,54,164,46*61
$GIGSV,1,1,02,09,27,282,42,10,54,164,46*61
$GIGSV,1,1,02,09,27,282,42,10,54,164,46*61
$GIGSV,1,1,02,09,27,282,42,10,54,164,46*61
$GIGSV,1,1,02,09,27,282,42,10,54,164,46*61
$GIGSV,1,1,02,09,27,282,42,10,54,164,46*61
$GIGSV,1,1,02,09,27,282,42,10,54,164,46*61
$GIGSV,1,1,02,09,27,282,42,10,54,164,46*61
$GIGSV,1,1,02,09,27,282,42,10,54,164,46*61
$GIGSV,1,1,02,09,27,282,42,10,54,164,46*61
$GIGSV,1,1,02,09,27,282,42,10,54,164,46*61
$GIGSV,1,1,02,09,27,282,42,10,54,164,46*61
$GIGSV,1,1,02,09,27,282,42,10,54,164,46*61
$GIGSV,1,1,02,09,27,282,42,10,54,164,46*61
$GIGSV,1,1,02,09,27,282,42,10,54,164,46*61
$GIGSV,1,1,02,09,27,282,42,10,54,164,46*61
$GIGSV,1,1,02,09,27,282,42,10,54,164,46*61
$GIGSV,1,1,02,09,27,282,42,10,54,164,46*61
$GIGSV,1,1,02,09,27,282,42,10,54,164,46*61
$GIGSV,1,1,02,09,27,282,42,10,54,164,46*61
$GIGSV,1,1,02,09,27,282,42,10,54,164,46*61
$GIGSV,1,1,02,09,27,282,42,10,54,164,46*61
$GIGSV,1,1,02,09,27,282,42,10,54,164,46*61
$GIGSV,1,1,02,09,27,282,42,10,54,164,46*61
$GIGSV,1,1,02,09,27,282,42,10,54,164,46*61
$GIGSV,1,1,02,09,27,282,42,10,54,164,46*61
$GIGSV,1,1,02,09,27,282,42,10,54,164,46*61
$GIGSV,1,1,02,09,27,282,42,10,54,164,46*61
$GIGSV,1,1,02,09,27,282,42,10,54,164,46*61
$GIGSV,1,1,02,09,27,282,42,10,54,164,46*61
$GIGSV,1,1,02,09,27,282,42,10,54,164,46*61
$GIGSV,1,1,02,09,27,282,42,10,54,164,46*61
$GIGSV,1,1,02,09,27,282,42,10,54,164,46*61
$GIGSV,1,1,02,09,27,282,42,10,54,164,46*61
$GIGSV,1,1,02,09,27,282,42,10,54,164,46*61
$GIGSV,1,1,02,09,27,282,42,10,54,164,46*61
$GIGSV,1,1,02,09,27,282,42,10,54,164,46*61
$GIGSV,1,1,02,09,27,282,42,10,54,164,46*61
$GIGSV,1,1,02,09,27,282,41,10,54,164,46*62
$GIGSV,1,1,02,09,27,282,41,10,54,164,46*62
$GIGSV,1,1,02,09,27,282,41,10,54,164,46*62
$GIGSV,1,1,02,09,27,282,41,10,54,164,46*62
$GIGSV,1,1,02,09,27,282,41,10,54,164,46*62
$GIGSV,1,1,02,09,27,282,41,10,54,164,46*62
$GIGSV,1,1,02,09,27,282,41,10,54,164,46*62
$GIGSV,1,1,02,09,27,282,41,10,54,164,46*62
$GIGSV,1,1,02,09,27,282,41,10,54,164,46*62
$GIGSV,1,1,02,09,27,282,41,10,54,164,46*62
$GIGSV,1,1,02,09,27,282,41,10,54,164,46*62
$GIGSV,1,1,02,09,27,282,41,10,54,164,46*62
$GIGSV,1,1,02,09,27,282,41,10,54,164,46*62
$GIGSV,1,1,02,09,27,282,41,10,54,164,46*62
$GIGSV,1,1,02,09,27,282,41,10,54,164,46*62
$GIGSV,1,1,02,09,27,282,41,10,54,164,46*62
$GIGSV,1,1,02,09,27,282,41,10,54,164,46*62
$GIGSV,1,1,02,09,27,282,41,10,54,164,46*62
$GIGSV,1,1,02,09,27,282,41,10,54,164,46*62
$GIGSV,1,1,02,09,27,282,41,10,54,164,46*62
$GIGSV,1,1,02,09,27,282,41,10,54,164,46*62
$GIGSV,1,1,02,09,27,282,41,10,54,164,46*62
$GIGSV,1,1,02,09,27,282,41,10,54,164,46*62
$GIGSV,1,1,02,09,27,282,41,10,54,164,46*62
$GIGSV,1,1,02,09,27,282,41,10,54,164,46*62
$GIGSV,1,1,02,09,27,282,41,10,54,164,46*62
$GIGSV,1,1,02,09,27,282,41,10,54,164,46*62
$GIGSV,1,1,02,09,27,282,41,10,54,164,46*62
$GIGSV,1,1,02,09,27,282,41,10,54,164,46*62
$GIGSV,1,1,02,09,27,282,41,10,54,164,46*62
$GIGSV,1,1,02,09,27,282,41,10,54,164,46*62
$GIGSV,1,1,02,09,27,282,41,10,54,164,46*62
$GIGSV,1,1,02,09,27,282,41,10,54,164,46*62
$GIGSV,1,1,02,09,27,282,41,10,54,164,46*62
$GIGSV,1,1,02,09,27,282,41,10,54,164,46*62
$GIGSV,1,1,02,09,27,282,41,10,54,164,46*62
$GIGSV,1,1,02,09,27,282,41,10,54,164,47*63
$GIGSV,1,1,02,09,27,282,41,10,54,164,47*63
$GIGSV,1,1,02,09,27,282,41,10,54,164,47*63
$GIGSV,1,1,02,09,27,282,41,10,54,164,47*63
$GIGSV,1,1,02,09,27,282,41,10,54,164,47*63
$GIGSV,1,1,02,09,27,282,41,10,54,164,47*63
$GIGSV,1,1,02,09,27,282,41,10,54,164,47*63
$GIGSV,1,1,02,09,27,282,41,10,54,164,47*63
$GIGSV,1,1,02,09,27,282,41,10,54,164,47*63
$GIGSV,1,1,02,09,27,282,41,10,54,164,47*63
$GIGSV,1,1,02,09,27,282,41,10,54,164,47*63
$GIGSV,1,1,02,09,27,282,41,10,54,164,47*63
$GIGSV,1,1,02,09,27,282,41,10,54,164,47*63
$GIGSV,1,1,02,09,27,282,41,10,54,164,47*63
$GIGSV,1,1,02,09,27,282,41,10,54,164,47*63
$GIGSV,1,1,02,09,27,282,41,10,54,164,47*63
$GIGSV,1,1,02,09,27,282,41,10,54,164,47*63
$GIGSV,1,1,02,09,27,282,41,10,54,164,47*63
$GIGSV,1,1,02,09,27,282,41,10,54,164,47*63
$GIGSV,1,1,02,09,27,282,41,10,54,164,47*63
$GIGSV,1,1,02,09,27,282,41,10,54,164,47*63
$GIGSV,1,1,02,09,27,282,41,10,54,164,47*63
$GIGSV,1,1,02,09,27,282,41,10,54,164,47*63
$GIGSV,1,1,02,09,27,282,41,10,54,164,47*63
$GIGSV,1,1,02,09,27,282,41,10,54,164,47*63
$GIGSV,1,1,02,09,27,282,41,10,54,164,47*63
$GIGSV,1,1,02,09,27,282,41,10,54,164,47*63
$GIGSV,1,1,02,09,27,282,41,10,54,164,47*63
$GIGSV,1,1,02,09,27,282,41,10,54,164,47*63
$GIGSV,1,1,02,09,27,282,41,10,54,164,47*63
$GIGSV,1,1,02,09,27,282,41,10,54,164,47*63
$GIGSV,1,1,02,09,27,282,41,10,54,164,47*63
$GIGSV,1,1,02,09,27,282,41,10,54,164,47*63
$GIGSV,1,1,02,09,27,282,41,10,54,164,47*63
$GIGSV,1,1,02,09,27,282,41,10,54,164,47*63
$GIGSV,1,1,02,09,27,282,41,10,54,164,47*63
$GIGSV,1,1,02,09,27,282,41,10,54,164,47*63
$GIGSV,1,1,02,09,27,282,41,10,54,164,47*63
$GIGSV,1,1,02,09,27,282,41,10,54,164,47*63
$GIGSV,1,1,02,09,27,282,41,10,54,164,47*63
$GIGSV,1,1,02,09,27,282,41,10,54,164,47*63
$GIGSV,1,1,02,09,27,282,42,10,54,164,47*60
$GIGSV,1,1,02,09,27,282,42,10,54,164,47*60
$GIGSV,1,1,02,09,27,282,42,10,54,164,47*60
$GIGSV,1,1,02,09,27,282,42,10,54,164,47*60
$GIGSV,1,1,02,09,27,282,42,10,54,164,47*60
$GIGSV,1,1,02,09,27,282,42,10,54,164,47*60
$GIGSV,1,1,02,09,27,282,42,10,54,164,47*60
$GIGSV,1,1,02,09,27,282,42,10,54,164,47*60
$GIGSV,1,1,02,09,27,282,42,10,54,164,47*60
$GIGSV,1,1,02,09,27,282,42,10,54,164,47*60
$GIGSV,1,1,02,09,27,282,42,10,54,164,47*60
$GIGSV,1,1,02,09,27,282,42,10,54,164,47*60
$GIGSV,1,1,02,09,27,282,42,10,54,164,47*60
$GIGSV,1,1,02,09,27,282,42,10,54,164,47*60
$GIGSV,1,1,02,09,27,282,42,10,54,164,47*60
$GIGSV,1,1,02,09,27,282,42,10,54,164,47*60
$GIGSV,1,1,02,09,27,282,42,10,54,164,47*60
$GIGSV,1,1,02,09,27,282,42,10,54,164,47*60
$GIGSV,1,1,02,09,27,282,42,10,54,164,46*61
$GIGSV,1,1,02,09,27,282,42,10,54,164,46*61
$GIGSV,1,1,02,09,27,282,42,10,54,164,46*61
$GIGSV,1,1,02,09,27,282,42,10,54,164,46*61
$GIGSV,1,1,02,09,27,282,42,10,54,164,46*61
$GIGSV,1,1,02,09,27,282,42,10,54,164,46*61
$GIGSV,1,1,02,09,27,282,42,10,54,164,46*61
$GIGSV,1,1,02,09,27,282,42,10,54,164,46*61
$GIGSV,1,1,02,09,27,282,42,10,54,164,46*61
$GIGSV,1,1,02,09,27,282,42,10,54,164,46*61
$GIGSV,1,1,02,09,27,282,42,10,54,164,46*61
$GIGSV,1,1,02,09,27,282,42,10,54,164,46*61
$GIGSV,1,1,02,09,27,282,42,10,54,164,46*61
$GIGSV,1,1,02,09,27,282,42,10,54,164,46*61
$GIGSV,1,1,02,09,27,282,42,10,54,164,46*61
$GIGSV,1,1,02,09,27,282,42,10,54,164,46*61
$GIGSV,1,1,02,09,27,282,42,10,54,164,46*61
$GIGSV,1,1,02,09,27,282,42,10,54,164,46*61
$GIGSV,1,1,02,09,27,282,42,10,54,164,46*61
$GIGSV,1,1,02,09,27,282,42,10,54,164,45*62
$GIGSV,1,1,02,09,27,282,42,10,54,164,45*62
$GIGSV,1,1,02,09,27,282,42,10,54,164,45*62
$GIGSV,1,1,02,09,27,282,42,10,54,164,45*62
$GIGSV,1,1,02,09,27,282,42,10,54,164,45*62
$GIGSV,1,1,02,09,27,282,42,10,54,164,45*62
$GIGSV,1,1,02,09,27,282,42,10,54,164,45*62
$GIGSV,1,1,02,09,27,282,42,10,54,164,45*62
$GIGSV,1,1,02,09,27,282,42,10,54,164,45*62
$GIGSV,1,1,02,09,27,282,42,10,54,164,45*62
$GIGSV,1,1,02,09,27,282,42,10,54,164,45*62
$GIGSV,1,1,02,09,27,282,42,10,54,164,45*62
$GIGSV,1,1,02,09,27,282,42,10,54,164,45*62
$GIGSV,1,1,02,09,27,282,42,10,54,164,45*62
$GIGSV,1,1,02,09,27,282,42,10,54,164,45*62
$GIGSV,1,1,02,09,27,282,42,10,54,164,45*62
$GIGSV,1,1,02,09,27,282,42,10,54,164,45*62
$GIGSV,1,1,02,09,27,282,42,10,54,164,45*62
$GIGSV,1,1,02,09,27,282,42,10,54,164,44*63
$GIGSV,1,1,02,09,27,282,42,10,54,164,44*63
$GIGSV,1,1,02,09,27,282,42,10,54,164,44*63
$GIGSV,1,1,02,09,27,282,42,10,54,164,44*63
$GIGSV,1,1,02,09,27,282,43,10,54,164,44*62
$GIGSV,1,1,02,09,27,282,43,10,54,164,44*62
$GIGSV,1,1,02,09,27,282,43,10,54,164,44*62
$GIGSV,1,1,02,09,27,282,43,10,54,164,44*62
$GIGSV,1,1,02,09,27,282,43,10,54,164,44*62
$GIGSV,1,1,02,09,27,282,43,10,54,164,44*62
$GIGSV,1,1,02,09,27,282,43,10,54,164,44*62
$GIGSV,1,1,02,09,27,282,43,10,54,164,44*62
$GIGSV,1,1,02,09,27,282,43,10,54,164,44*62
$GIGSV,1,1,02,09,27,282,43,10,54,164,44*62
$GIGSV,1,1,02,09,27,282,43,10,54,164,44*62
$GIGSV,1,1,02,09,27,282,43,10,54,164,44*62
$GIGSV,1,1,02,09,27,282,43,10,54,164,44*62
$GIGSV,1,1,02,09,27,282,43,10,54,164,44*62
$GIGSV,1,1,02,09,27,282,43,10,54,164,44*62
$GIGSV,1,1,02,09,27,282,43,10,54,164,44*62
$GIGSV,1,1,02,09,27,282,43,10,54,164,44*62
$GIGSV,1,1,02,09,27,282,43,10,54,164,44*62
$GIGSV,1,1,02,09,27,282,43,10,54,164,44*62
$GIGSV,1,1,02,09,27,282,43,10,54,164,44*62
$GIGSV,1,1,02,09,27,282,43,10,54,164,44*62
$GIGSV,1,1,02,09,27,282,43,10,54,164,44*62
$GIGSV,1,1,02,09,27,282,43,10,54,164,44*62
$GIGSV,1,1,02,09,27,282,43,10,54,164,44*62
$GIGSV,1,1,02,09,27,282,43,10,54,164,44*62
$GIGSV,1,1,02,09,27,282,43,10,54,164,44*62
$GIGSV,1,1,02,09,27,282,43,10,54,164,44*62
$GIGSV,1,1,02,09,27,282,43,10,54,164,44*62
$GIGSV,1,1,02,09,27,282,43,10,54,164,44*62
$GIGSV,1,1,02,09,27,282,43,10,54,164,44*62
$GIGSV,1,1,02,09,27,282,43,10,54,164,44*62
$GIGSV,1,1,02,09,27,282,43,10,54,164,44*62
$GIGSV,1,1,02,09,27,282,43,10,54,164,44*62
$GIGSV,1,1,02,09,27,282,43,10,54,164,44*62
$GIGSV,1,1,02,09,27,282,43,10,54,164,44*62
$GIGSV,1,1,02,09,27,282,43,10,54,164,44*62
$GIGSV,1,1,02,09,27,282,43,10,54,164,44*62
$GIGSV,1,1,02,09,27,282,43,10,54,164,44*62
$GIGSV,1,1,02,09,27,282,43,10,54,164,44*62
$GIGSV,1,1,02,09,27,282,44,10,54,164,44*65
$GIGSV,1,1,02,09,27,282,44,10,54,164,44*65
$GIGSV,1,1,02,09,27,282,44,10,54,164,44*65
$GIGSV,1,1,02,09,27,282,44,10,54,164,44*65
$GIGSV,1,1,02,09,27,282,44,10,54,164,44*65
$GIGSV,1,1,02,09,27,282,44,10,54,164,44*65
$GIGSV,1,1,02,09,27,282,44,10,54,164,44*65
$GIGSV,1,1,02,09,27,282,44,10,54,164,43*62
$GIGSV,1,1,02,09,27,282,44,10,54,164,43*62
$GIGSV,1,1,02,09,27,282,44,10,54,164,43*62
$GIGSV,1,1,02,09,27,282,44,10,54,164,43*62
$GIGSV,1,1,02,09,27,282,44,10,54,164,43*62
$GIGSV,1,1,02,09,27,282,44,10,54,164,43*62
$GIGSV,1,1,02,09,27,282,44,10,54,164,43*62
$GIGSV,1,1,02,09,27,282,44,10,54,164,43*62
$GIGSV,1,1,02,09,27,282,44,10,54,164,43*62
$GIGSV,1,1,02,09,27,282,44,10,54,164,43*62
$GIGSV,1,1,02,09,27,282,44,10,54,164,43*62
$GIGSV,1,1,02,09,27,282,44,10,54,164,43*62
$GIGSV,1,1,02,09,27,282,44,10,54,164,43*62
$GIGSV,1,1,02,09,27,282,44,10,54,164,43*62
$GIGSV,1,1,02,09,27,282,44,10,54,164,43*62
$GIGSV,1,1,02,09,27,282,44,10,54,164,43*62
$GIGSV,1,1,02,09,27,282,44,10,54,164,43*62
$GIGSV,1,1,02,09,27,282,44,10,54,164,43*62
$GIGSV,1,1,02,09,27,282,44,10,54,164,43*62
$GIGSV,1,1,02,09,27,282,44,10,54,164,43*62
$GIGSV,1,1,02,09,27,282,44,10,54,164,43*62
$GIGSV,1,1,02,09,27,282,44,10,54,164,43*62
$GIGSV,1,1,02,09,27,282,44,10,54,164,43*62
$GIGSV,1,1,02,09,27,282,44,10,54,164,43*62
$GIGSV,1,1,02,09,27,282,44,10,54,164,43*62
$GIGSV,1,1,02,09,27,282,44,10,54,164,43*62
$GIGSV,1,1,02,09,27,282,44,10,54,164,43*62
$GIGSV,1,1,02,09,27,282,44,10,54,164,43*62
$GIGSV,1,1,02,09,27,282,44,10,54,164,43*62
$GIGSV,1,1,02,09,27,282,44,10,54,164,43*62
$GIGSV,1,1,02,09,27,282,44,10,54,164,43*62
$GIGSV,1,1,02,09,27,282,44,10,54,164,43*62
$GIGSV,1,1,02,09,27,282,44,10,54,164,43*62
$GIGSV,1,1,02,09,27,282,44,10,54,164,43*62
$GIGSV,1,1,02,09,27,282,44,10,54,164,43*62
$GIGSV,1,1,02,09,27,282,44,10,54,164,43*62
$GIGSV,1,1,02,09,27,282,44,10,54,164,43*62
$GIGSV,1,1,02,09,27,282,44,10,54,164,43*62
$GIGSV,1,1,02,09,27,282,44,10,54,164,43*62
$GIGSV,1,1,02,09,27,282,44,10,54,164,43*62
$GIGSV,1,1,02,09,27,282,44,10,54,164,43*62
$GIGSV,1,1,02,09,27,282,44,10,54,164,43*62
$GIGSV,1,1,02,09,27,282,44,10,54,164,43*62
$GIGSV,1,1,02,09,27,282,44,10,54,164,43*62
$GIGSV,1,1,02,09,27,282,44,10,54,164,43*62
$GIGSV,1,1,02,09,27,282,44,10,54,164,43*62
$GIGSV,1,1,02,09,27,282,44,10,54,164,43*62
$GIGSV,1,1,02,09,27,282,44,10,54,164,43*62
$GIGSV,1,1,02,09,27,282,44,10,54,164,43*62
$GIGSV,1,1,02,09,27,282,44,10,54,164,43*62
$GIGSV,1,1,02,09,27,282,44,10,54,164,43*62
$GIGSV,1,1,02,09,27,282,44,10,54,164,43*62
$GIGSV,1,1,02,09,27,282,44,10,54,164,43*62
$GIGSV,1,1,02,09,27,282,44,10,54,164,43*62
$GIGSV,1,1,02,09,27,282,44,10,54,164,43*62
$GIGSV,1,1,02,09,27,282,44,10,54,164,43*62
$GIGSV,1,1,02,09,27,282,44,10,54,164,43*62
$GIGSV,1,1,02,09,27,282,44,10,54,164,43*62
$GIGSV,1,1,02,09,27,282,44,10,54,164,43*62
$GIGSV,1,1,02,09,27,282,44,10,54,164,43*62
$GIGSV,1,1,02,09,27,282,45,10,54,164,43*63
$GIGSV,1,1,02,09,27,282,45,10,54,164,43*63
$GIGSV,1,1,02,09,27,282,45,10,54,164,43*63
$GIGSV,1,1,02,09,27,282,45,10,54,164,43*63
$GIGSV,1,1,02,09,27,282,45,10,54,164,43*63
$GIGSV,1,1,02,09,27,282,45,10,54,164,43*63
$GIGSV,1,1,02,09,27,282,45,10,54,164,43*63
$GIGSV,1,1,02,09,27,282,45,10,54,164,43*63
$GIGSV,1,1,02,09,27,282,45,10,54,164,42*62
$GIGSV,1,1,02,09,27,282,45,10,54,164,42*62
$GIGSV,1,1,02,09,27,282,45,10,54,164,42*62
$GIGSV,1,1,02,09,27,282,45,10,54,164,42*62
$GIGSV,1,1,02,09,27,282,45,10,54,164,42*62
$GIGSV,1,1,02,09,27,282,45,10,54,164,42*62
$GIGSV,1,1,02,09,27,282,45,10,54,164,42*62
$GIGSV,1,1,02,09,27,282,45,10,54,164,42*62
$GIGSV,1,1,02,09,27,282,45,10,54,164,42*62
$GIGSV,1,1,02,09,27,282,45,10,54,164,42*62
$GIGSV,1,1,02,09,27,282,45,10,54,164,42*62
$GIGSV,1,1,02,09,27,282,44,10,54,164,42*63
$GIGSV,1,1,02,09,27,282,44,10,54,164,42*63
$GIGSV,1,1,02,09,27,282,45,10,54,164,42*62
$GIGSV,1,1,02,09,27,282,45,10,54,164,42*62
$GIGSV,1,1,02,09,27,282,45,10,54,164,42*62
$GIGSV,1,1,02,09,27,282,45,10,54,164,42*62
$GIGSV,1,1,02,09,27,282,45,10,54,164,42*62
$GIGSV,1,1,02,09,27,282,45,10,54,164,42*62
$GIGSV,1,1,02,09,27,282,45,10,54,164,42*62
$GIGSV,1,1,02,09,27,282,45,10,54,164,42*62
$GIGSV,1,1,02,09,27,282,45,10,54,164,42*62
$GIGSV,1,1,02,09,27,282,45,10,54,164,42*62
$GIGSV,1,1,02,09,27,282,45,10,54,164,42*62
$GIGSV,1,1,02,09,27,282,45,10,54,164,42*62
$GIGSV,1,1,02,09,27,282,45,10,54,164,42*62
$GIGSV,1,1,02,09,27,282,45,10,54,164,42*62
$GIGSV,1,1,02,09,27,282,45,10,54,164,42*62
$GIGSV,1,1,02,09,27,282,45,10,54,164,42*62
$GIGSV,1,1,02,09,27,282,45,10,54,164,42*62
$GIGSV,1,1,02,09,27,282,45,10,54,164,42*62
$GIGSV,1,1,02,09,27,282,45,10,54,164,42*62
$GIGSV,1,1,02,09,27,282,45,10,54,164,42*62
$GIGSV,1,1,02,09,27,282,45,10,54,164,42*62
$GIGSV,1,1,02,09,27,282,45,10,54,164,42*62
$GIGSV,1,1,02,09,27,282,45,10,54,164,42*62
$GIGSV,1,1,02,09,27,282,45,10,54,164,42*62
$GIGSV,1,1,02,09,27,282,45,10,54,164,42*62
$GIGSV,1,1,02,09,27,282,45,10,54,164,42*62
$GIGSV,1,1,02,09,27,282,45,10,54,164,42*62
$GIGSV,1,1,02,09,27,282,45,10,54,164,42*62
$GIGSV,1,1,02,09,27,282,45,10,54,164,42*62
$GIGSV,1,1,02,09,27,282,45,10,54,164,42*62
$GIGSV,1,1,02,09,27,282,45,10,54,164,42*62
$GIGSV,1,1,02,09,27,282,45,10,54,164,42*62
$GIGSV,1,1,02,09,27,282,45,10,54,164,42*62
$GIGSV,1,1,02,09,27,282,45,10,54,164,42*62
$GIGSV,1,1,02,09,27,282,45,10,54,164,42*62
$GIGSV,1,1,02,09,27,282,45,10,54,164,42*62
$GIGSV,1,1,02,09,27,282,45,10,54,164,42*62
$GIGSV,1,1,02,09,27,282,45,10,54,164,42*62
$GIGSV,1,1,02,09,27,282,45,10,54,164,42*62
$GIGSV,1,1,02,09,27,282,45,10,54,164,42*62
$GIGSV,1,1,02,09,27,282,45,10,54,164,42*62
$GIGSV,1,1,02,09,27,282,45,10,54,164,42*62
$GIGSV,1,1,02,09,27,282,45,10,54,164,42*62
$GIGSV,1,1,02,09,27,282,45,10,54,164,42*62
$GIGSV,1,1,02,09,27,282,45,10,54,164,42*62
$GIGSV,1,1,02,09,27,282,45,10,54,164,42*62
$GIGSV,1,1,02,09,27,282,45,10,54,164,42*62
$GIGSV,1,1,02,09,27,282,45,10,54,164,42*62
$GIGSV,1,1,02,09,27,282,45,10,54,164,42*62
$GIGSV,1,1,02,09,27,282,45,10,54,164,42*62
$GIGSV,1,1,02,09,27,282,45,10,54,164,42*62
$GIGSV,1,1,02,09,27,282,45,10,54,164,42*62
$GIGSV,1,1,02,09,27,282,45,10,54,164,42*62
$GIGSV,1,1,02,09,27,282,45,10,54,164,42*62
$GIGSV,1,1,02,09,27,282,45,10,54,164,42*62
$GIGSV,1,1,02,09,27,282,45,10,54,164,42*62
$GIGSV,1,1,02,09,27,282,45,10,54,164,42*62
$GIGSV,1,1,02,09,27,282,45,10,54,164,42*62
$GIGSV,1,1,02,09,27,282,45,10,54,164,42*62
$GIGSV,1,1,02,09,27,282,45,10,54,164,42*62
$GIGSV,1,1,02,09,27,282,45,10,54,164,42*62
$GIGSV,1,1,02,09,27,282,45,10,54,164,42*62
$GIGSV,1,1,02,09,27,282,45,10,54,164,42*62
$GIGSV,1,1,02,09,27,282,45,10,54,164,42*62
$GIGSV,1,1,02,09,27,282,45,10,54,164,42*62
$GIGSV,1,1,02,09,27,282,45,10,54,164,42*62
$GIGSV,1,1,02,09,27,282,45,10,54,164,42*62
$GIGSV,1,1,02,09,27,282,45,10,54,164,42*62
$GIGSV,1,1,02,09,27,282,45,10,54,164,42*62
$GIGSV,1,1,02,09,27,282,45,10,54,164,42*62
$GIGSV,1,1,02,09,27,282,45,10,54,164,42*62
$GIGSV,1,1,02,09,27,282,45,10,54,164,42*62
$GIGSV,1,1,02,09,27,282,45,10,54,164,42*62
$GIGSV,1,1,02,09,27,282,45,10,54,164,42*62
$GIGSV,1,1,02,09,27,282,45,10,54,164,42*62
$GIGSV,1,1,02,09,27,282,45,10,54,164,42*62
$GIGSV,1,1,02,09,27,282,45,10,54,164,42*62
$GIGSV,1,1,02,09,27,282,45,10,54,164,42*62
$GIGSV,1,1,02,09,27,282,45,10,54,164,42*62
$GIGSV,1,1,02,09,27,282,45,10,54,164,42*62
$GIGSV,1,1,02,09,27,282,45,10,54,164,42*62
$GIGSV,1,1,02,09,27,282,45,10,54,164,42*62
$GIGSV,1,1,02,09,27,282,45,10,54,164,42*62
$GIGSV,1,1,02,09,27,282,45,10,54,164,42*62
$GIGSV,1,1,02,09,27,282,45,10,54,164,42*62
$GIGSV,1,1,02,09,27,282,45,10,54,164,42*62
$GIGSV,1,1,02,09,27,282,45,10,54,164,42*62
$GIGSV,1,1,02,09,27,282,45,10,54,164,42*62
$GIGSV,1,1,02,09,27,282,45,10,54,164,42*62
$GIGSV,1,1,02,09,27,282,45,10,54,164,42*62
$GIGSV,1,1,02,09,27,282,45,10,54,164,42*62
$GIGSV,1,1,02,09,27,282,45,10,54,164,42*62
$GIGSV,1,1,02,09,27,282,45,10,54,164,42*62
$GIGSV,1,1,02,09,27,282,45,10,54,164,42*62
$GIGSV,1,1,02,09,27,282,45,10,54,164,42*62
$GIGSV,1,1,02,09,27,282,45,10,54,164,42*62
$GIGSV,1,1,02,09,27,282,45,10,54,164,42*62
$GIGSV,1,1,02,09,27,282,45,10,54,164,42*62
$GIGSV,1,1,02,09,27,282,45,10,54,164,42*62
$GIGSV,1,1,02,09,27,282,45,10,54,164,42*62
$GIGSV,1,1,02,09,27,282,45,10,54,164,42*62
$GIGSV,1,1,02,09,27,282,45,10,54,164,42*62
$GIGSV,1,1,02,09,27,282,45,10,54,164,42*62
$GIGSV,1,1,02,09,27,282,45,10,54,164,42*62
$GIGSV,1,1,02,09,27,282,45,10,54,164,42*62
$GIGSV,1,1,02,09,27,282,45,10,54,164,42*62
$GIGSV,1,1,02,09,27,282,45,10,54,164,42*62
$GIGSV,1,1,02,09,27,282,45,10,54,164,42*62
$GIGSV,1,1,02,09,27,282,45,10,54,164,42*62
$GIGSV,1,1,02,09,27,282,45,10,54,164,42*62
$GIGSV,1,1,02,09,27,282,45,10,54,164,42*62
$GIGSV,1,1,02,09,27,282,45,10,54,164,42*62
$GIGSV,1,1,02,09,27,282,45,10,54,164,42*62
$GIGSV,1,1,02,09,27,282,45,10,54,164,42*62
$GIGSV,1,1,02,09,27,282,45,10,54,164,42*62
$GIGSV,1,1,02,09,27,282,45,10,54,164,42*62
$GIGSV,1,1,02,09,27,282,45,10,54,164,42*62
$GIGSV,1,1,02,09,27,282,45,10,54,164,42*62
$GIGSV,1,1,02,09,27,282,45,10,54,164,42*62
$GIGSV,1,1,02,09,27,282,45,10,54,164,42*62
$GIGSV,1,1,02,09,27,282,45,10,54,164,42*62
$GIGSV,1,1,02,09,27,282,45,10,54,164,42*62
$GIGSV,1,1,02,09,27,282,45,10,54,164,42*62
$GIGSV,1,1,02,09,27,282,45,10,54,164,42*62
$GIGSV,1,1,02,09,27,282,45,10,54,164,42*62
$GIGSV,1,1,02,09,27,282,45,10,54,164,42*62
$GIGSV,1,1,02,09,27,282,45,10,54,164,42*62
$GIGSV,1,1,02,09,27,282,45,10,54,164,42*62
$GIGSV,1,1,02,09,27,282,45,10,54,164,42*62
$GIGSV,1,1,02,09,27,282,45,10,54,164,42*62
$GIGSV,1,1,02,09,27,282,45,10,54,164,42*62
$GIGSV,1,1,02,09,27,282,45,10,54,164,42*62
$GIGSV,1,1,02,09,27,282,45,10,54,164,42*62
$GIGSV,1,1,02,09,27,282,45,10,54,164,42*62
$GIGSV,1,1,02,09,27,282,45,10,54,164,42*62
$GIGSV,1,1,02,09,27,282,45,10,54,164,42*62
$GIGSV,1,1,02,09,27,282,45,10,54,164,42*62
$GIGSV,1,1,02,09,27,282,45,10,54,164,42*62
$GIGSV,1,1,02,09,27,282,45,10,54,164,42*62
$GIGSV,1,1,02,09,27,282,45,10,54,164,42*62
$GIGSV,1,1,02,09,27,282,45,10,54,164,42*62
$GIGSV,1,1,02,09,27,282,45,10,54,164,42*62
$GIGSV,1,1,02,09,27,282,45,10,54,164,42*62
$GIGSV,1,1,02,09,27,282,45,10,54,164,42*62
$GIGSV,1,1,02,09,27,282,45,10,54,164,42*62
$GIGSV,1,1,02,09,27,282,45,10,54,164,42*62
$GIGSV,1,1,02,09,27,282,45,10,54,164,42*62
$GIGSV,1,1,02,09,27,282,45,10,54,164,42*62
$GIGSV,1,1,02,09,27,282,45,10,54,164,42*62
$GIGSV,1,1,02,09,27,282,45,10,54,164,42*62
$GIGSV,1,1,02,09,27,282,45,10,54,164,42*62
$GIGSV,1,1,02,09,27,282,45,10,54,164,42*62
$GIGSV,1,1,02,09,27,282,45,10,54,164,42*62
$GIGSV,1,1,02,09,27,282,45,10,54,164,42*62
$GIGSV,1,1,02,09,27,282,45,10,54,164,42*62
$GIGSV,1,1,02,09,27,282,45,10,54,164,42*62
$GIGSV,1,1,02,09,27,282,45,10,54,164,42*62
$GIGSV,1,1,02,09,27,282,45,10,54,164,42*62
$GIGSV,1,1,02,09,27,282,45,10,54,164,42*62
$GIGSV,1,1,02,09,27,282,45,10,54,164,42*62
$GIGSV,1,1,02,09,27,282,45,10,54,164,42*62
$GIGSV,1,1,02,09,27,282,45,10,54,164,42*62
$GIGSV,1,1,02,09,27,282,45,10,54,164,42*62
$GIGSV,1,1,02,09,27,282,45,10,54,164,42*62
$GIGSV,1,1,02,09,27,282,45,10,54,164,42*62
$GIGSV,1,1,02,09,27,282,45,10,54,164,42*62
$GIGSV,1,1,02,09,27,282,45,10,54,164,42*62
$GIGSV,1,1,02,09,27,282,45,10,54,164,42*62
$GIGSV,1,1,02,09,27,282,45,10,54,164,42*62
$GIGSV,1,1,02,09,27,282,45,10,54,164,42*62
$GIGSV,1,1,02,09,27,282,45,10,54,164,42*62
$GIGSV,1,1,02,09,27,282,45,10,54,164,42*62
$GIGSV,1,1,02,09,27,282,45,10,54,164,42*62
$GIGSV,1,1,02,09,27,282,45,10,54,164,42*62
$GIGSV,1,1,02,09,27,282,45,10,54,164,42*62
$GIGSV,1,1,02,09,27,282,45,10,54,164,42*62
$GIGSV,1,1,02,09,27,282,45,10,54,164,42*62
$GIGSV,1,1,02,09,27,282,45,10,54,164,42*62
$GIGSV,1,1,02,09,27,282,45,10,54,164,42*62
$GIGSV,1,1,02,09,27,282,45,10,54,164,42*62
$GIGSV,1,1,02,09,27,282,45,10,54,164,42*62
$GIGSV,1,1,02,09,27,282,45,10,54,164,42*62
$GIGSV,1,1,02,09,27,282,45,10,54,164,42*62
$GIGSV,1,1,02,09,27,282,45,10,54,164,42*62
$GIGSV,1,1,02,09,27,282,45,10,54,164,42*62
$GIGSV,1,1,02,09,27,282,45,10,54,164,42*62
$GIGSV,1,1,02,09,27,282,45,10,54,164,42*62
$GIGSV,1,1,02,09,27,282,45,10,54,164,42*62
$GIGSV,1,1,02,09,27,282,45,10,54,164,42*62
$GIGSV,1,1,02,09,27,282,45,10,54,164,42*62
$GIGSV,1,1,02,09,27,282,45,10,54,164,42*62
$GIGSV,1,1,02,09,27,282,45,10,54,164,42*62
$GIGSV,1,1,02,09,27,282,45,10,54,164,42*62
$GIGSV,1,1,02,09,27,282,45,10,54,164,42*62
$GIGSV,1,1,02,09,27,282,45,10,54,164,42*62
$GIGSV,1,1,02,09,27,282,45,10,54,164,42*62
$GIGSV,1,1,02,09,27,282,45,10,54,164,42*62
$GIGSV,1,1,02,09,27,282,45,10,54,164,42*62
$GIGSV,1,1,02,09,27,282,45,10,54,164,42*62
$GIGSV,1,1,02,09,27,282,45,10,54,164,42*62
$GIGSV,1,1,02,09,27,282,45,10,54,164,42*62
$GIGSV,1,1,02,09,27,282,45,10,54,164,42*62
$GIGSV,1,1,02,09,27,282,45,10,54,164,42*62
$GIGSV,1,1,02,09,27,282,45,10,54,164,42*62
$GIGSV,1,1,02,09,27,282,45,10,54,164,42*62
$GIGSV,1,1,02,09,27,282,45,10,54,164,42*62
$GIGSV,1,1,02,09,27,282,45,10,54,164,42*62
$GIGSV,1,1,02,09,27,282,45,10,54,164,42*62
$GIGSV,1,1,02,09,27,282,45,10,54,164,42*62
$GIGSV,1,1,02,09,27,282,45,10,54,164,42*62
$GIGSV,1,1,02,09,27,282,45,10,54,164,42*62
$GIGSV,1,1,02,09,27,282,45,10,54,164,42*62
$GIGSV,1,1,02,09,27,282,45,10,54,164,42*62
$GIGSV,1,1,02,09,27,282,45,10,54,164,42*62
$GIGSV,1,1,02,09,27,282,45,10,54,164,42*62
$GIGSV,1,1,02,09,27,282,45,10,54,164,42*62
$GIGSV,1,1,02,09,27,282,45,10,54,164,42*62
$GIGSV,1,1,02,09,27,282,45,10,54,164,42*62
$GIGSV,1,1,02,09,27,282,45,10,54,164,42*62
$GIGSV,1,1,02,09,27,282,45,10,54,164,42*62
$GIGSV,1,1,02,09,27,282,45,10,54,164,42*62
$GIGSV,1,1,02,09,27,282,45,10,54,164,42*62
$GIGSV,1,1,02,09,27,282,45,10,54,164,42*62
$GIGSV,1,1,02,09,27,282,45,10,54,164,42*62
$GIGSV,1,1,02,09,27,282,45,10,54,164,42*62
$GIGSV,1,1,02,09,27,282,45,10,54,164,42*62
$GIGSV,1,1,02,09,27,282,45,10,54,164,42*62
$GIGSV,1,1,02,09,27,282,45,10,54,164,42*62
$GIGSV,1,1,02,09,27,282,45,10,54,164,42*62
$GIGSV,1,1,02,09,27,282,45,10,54,164,42*62
$GIGSV,1,1,02,09,27,282,45,10,54,164,42*62
$GIGSV,1,1,02,09,27,282,45,10,54,164,42*62
$GIGSV,1,1,02,09,27,282,45,10,54,164,42*62
$GIGSV,1,1,02,09,27,282,45,10,54,164,42*62
$GIGSV,1,1,02,09,27,282,45,10,54,164,42*62
$GIGSV,1,1,02,09,27,282,45,10,54,164,42*62
$GIGSV,1,1,02,09,27,282,45,10,54,164,42*62
$GIGSV,1,1,02,09,27,282,45,10,54,164,42*62
$GIGSV,1,1,02,09,27,282,45,10,54,164,42*62
$GIGSV,1,1,02,09,27,282,45,10,54,164,42*62
$GIGSV,1,1,02,09,27,282,45,10,54,164,42*62
$GIGSV,1,1,02,09,27,282,45,10,54,164,42*62
$GIGSV,1,1,02,09,27,282,45,10,54,164,42*62
$GIGSV,1,1,02,09,27,282,45,10,54,164,42*62
$GIGSV,1,1,02,09,27,282,45,10,54,164,42*62
$GIGSV,1,1,02,09,27,282,45,10,54,164,42*62
$GIGSV,1,1,02,09,27,282,45,10,54,164,42*62
$GIGSV,1,1,02,09,27,282,45,10,54,164,42*62
$GIGSV,1,1,02,09,27,282,45,10,54,164,43*63
$GIGSV,1,1,02,09,27,282,45,10,54,164,43*63
$GIGSV,1,1,02,09,27,282,45,10,54,164,43*63
$GIGSV,1,1,02,09,27,282,45,10,54,164,43*63
$GIGSV,1,1,02,09,27,282,45,10,54,164,43*63
$GIGSV,1,1,02,09,27,282,45,10,54,164,43*63
$GIGSV,1,1,02,09,27,282,45,10,54,164,43*63
$GIGSV,1,1,02,09,27,282,45,10,54,164,43*63
$GIGSV,1,1,02,09,27,282,45,10,54,164,43*63
$GIGSV,1,1,02,09,27,282,45,10,54,164,43*63
$GIGSV,1,1,02,09,27,282,45,10,54,164,43*63
$GIGSV,1,1,02,09,27,282,45,10,54,164,43*63
$GIGSV,1,1,02,09,27,282,45,10,54,164,43*63
$GIGSV,1,1,02,09,27,282,45,10,54,164,43*63
$GIGSV,1,1,02,09,27,282,45,10,54,164,43*63
$GIGSV,1,1,02,09,27,282,45,10,54,164,43*63
$GIGSV,1,1,02,09,27,282,45,10,54,164,43*63
$GIGSV,1,1,02,09,27,282,44,10,54,164,43*62
$GIGSV,1,1,02,09,27,282,44,10,54,164,43*62
$GIGSV,1,1,02,09,27,282,44,10,54,164,43*62
$GIGSV,1,1,02,09,27,282,44,10,54,164,43*62
$GIGSV,1,1,02,09,27,282,44,10,54,164,43*62
$GIGSV,1,1,02,09,27,282,44,10,54,164,43*62
$GIGSV,1,1,02,09,27,282,44,10,54,164,43*62
$GIGSV,1,1,02,09,27,282,44,10,54,164,43*62
$GIGSV,1,1,02,09,27,282,44,10,54,164,43*62
$GIGSV,1,1,02,09,27,282,44,10,54,164,43*62
$GIGSV,1,1,02,09,27,282,44,10,54,164,43*62
$GIGSV,1,1,02,09,27,282,44,10,54,164,43*62
$GIGSV,1,1,02,09,27,282,44,10,54,164,43*62
$GIGSV,1,1,02,09,27,282,44,10,54,164,43*62
$GIGSV,1,1,02,09,27,282,44,10,54,164,43*62
$GIGSV,1,1,02,09,27,282,44,10,54,164,43*62
$GIGSV,1,1,02,09,27,282,44,10,54,164,43*62
$GIGSV,1,1,02,09,27,282,44,10,54,164,43*62
$GIGSV,1,1,02,09,27,282,44,10,54,164,43*62
$GIGSV,1,1,02,09,27,282,44,10,54,164,43*62
$GIGSV,1,1,02,09,27,282,44,10,54,164,43*62
$GIGSV,1,1,02,09,27,282,44,10,54,164,43*62
$GIGSV,1,1,02,09,27,282,44,10,54,164,44*65
$GIGSV,1,1,02,09,27,282,44,10,54,164,44*65
$GIGSV,1,1,02,09,27,282,44,10,54,164,44*65
$GIGSV,1,1,02,09,27,282,44,10,54,164,44*65
$GIGSV,1,1,02,09,27,282,44,10,54,164,44*65
$GIGSV,1,1,02,09,27,282,44,10,54,164,44*65
$GIGSV,1,1,02,09,27,282,44,10,54,164,44*65
$GIGSV,1,1,02,09,27,282,44,10,54,164,44*65
$GIGSV,1,1,02,09,27,282,44,10,54,164,44*65
$GIGSV,1,1,02,09,27,282,44,10,54,164,44*65
$GIGSV,1,1,02,09,27,282,44,10,54,164,44*65
$GIGSV,1,1,02,09,27,282,44,10,54,164,44*65
$GIGSV,1,1,02,09,27,282,44,10,54,164,44*65
$GIGSV,1,1,02,09,27,282,44,10,54,164,44*65
$GIGSV,1,1,02,09,27,282,44,10,54,164,44*65
$GIGSV,1,1,02,09,27,282,44,10,54,164,44*65
$GIGSV,1,1,02,09,27,282,44,10,54,164,43*62
$GIGSV,1,1,02,09,27,282,43,10,54,164,43*65
$GIGSV,1,1,02,09,27,282,43,10,54,164,43*65
$GIGSV,1,1,02,09,27,282,43,10,54,164,43*65
$GIGSV,1,1,02,09,27,282,43,10,54,164,43*65
$GIGSV,1,1,02,09,27,282,43,10,54,164,43*65
$GIGSV,1,1,02,09,27,282,43,10,54,164,43*65
$GIGSV,1,1,02,09,27,282,43,10,54,164,43*65
$GIGSV,1,1,02,09,27,282,43,10,54,164,43*65
$GIGSV,1,1,02,09,27,282,43,10,54,164,43*65
$GIGSV,1,1,02,09,27,282,43,10,54,164,43*65
$GIGSV,1,1,02,09,27,282,43,10,54,164,43*65
$GIGSV,1,1,02,09,27,282,43,10,54,164,43*65
$GIGSV,1,1,02,09,27,282,43,10,54,164,43*65
$GIGSV,1,1,02,09,27,282,43,10,54,164,43*65
$GIGSV,1,1,02,09,27,282,43,10,54,164,43*65
$GIGSV,1,1,02,09,27,282,43,10,54,164,43*65
$GIGSV,1,1,02,09,27,282,43,10,54,164,43*65
$GIGSV,1,1,02,09,27,282,43,10,54,164,43*65
$GIGSV,1,1,02,09,27,282,43,10,54,164,43*65
$GIGSV,1,1,02,09,27,282,43,10,54,164,43*65
$GIGSV,1,1,02,09,27,282,43,10,54,164,43*65
$GIGSV,1,1,02,09,27,282,43,10,54,164,43*65
$GIGSV,1,1,02,09,27,282,43,10,54,164,43*65
$GIGSV,1,1,02,09,27,282,43,10,54,164,43*65
$GIGSV,1,1,02,09,27,282,43,10,54,164,43*65
$GIGSV,1,1,02,09,27,282,43,10,54,164,43*65
$GIGSV,1,1,02,09,27,282,43,10,54,164,43*65
$GIGSV,1,1,02,09,27,282,43,10,54,164,43*65
$GIGSV,1,1,02,09,27,282,43,10,54,164,43*65
$GIGSV,1,1,02,09,27,282,43,10,54,164,43*65
$GIGSV,1,1,02,09,27,282,43,10,54,164,43*65
$GIGSV,1,1,02,09,27,282,43,10,54,164,43*65
$GIGSV,1,1,02,09,27,282,43,10,54,164,43*65
$GIGSV,1,1,02,09,27,282,43,10,54,164,43*65
$GIGSV,1,1,02,09,27,282,43,10,54,164,43*65
$GIGSV,1,1,02,09,27,282,42,10,54,164,43*64
$GIGSV,1,1,02,09,27,282,42,10,54,164,43*64
$GIGSV,1,1,02,09,27,282,42,10,54,164,43*64
$GIGSV,1,1,02,09,27,282,43,10,54,164,43*65
$GIGSV,1,1,02,09,27,282,43,10,54,164,43*65
$GIGSV,1,1,02,09,27,282,43,10,54,164,43*65
$GIGSV,1,1,02,09,27,282,43,10,54,164,43*65
$GIGSV,1,1,02,09,27,282,43,10,54,164,43*65
$GIGSV,1,1,02,09,27,282,43,10,54,164,43*65
$GIGSV,1,1,02,09,27,282,43,10,54,164,43*65
$GIGSV,1,1,02,09,27,282,43,10,54,164,43*65
$GIGSV,1,1,02,09,27,282,43,10,54,164,43*65
$GIGSV,1,1,02,09,27,282,43,10,54,164,43*65
$GIGSV,1,1,02,09,27,282,43,10,54,164,44*62
$GIGSV,1,1,02,09,27,282,43,10,54,164,44*62
$GIGSV,1,1,02,09,27,282,43,10,54,164,44*62
$GIGSV,1,1,02,09,27,282,43,10,54,164,44*62
$GIGSV,1,1,02,09,27,282,43,10,54,164,44*62
$GIGSV,1,1,02,09,27,282,43,10,54,164,44*62
$GIGSV,1,1,02,09,27,282,43,10,54,164,44*62
$GIGSV,1,1,02,09,27,282,43,10,54,164,44*62
$GIGSV,1,1,02,09,27,282,43,10,54,164,44*62
$GIGSV,1,1,02,09,27,282,43,10,54,164,44*62
$GIGSV,1,1,02,09,27,282,43,10,54,164,44*62
$GIGSV,1,1,02,09,27,282,43,10,54,164,44*62
$GIGSV,1,1,02,09,27,282,43,10,54,164,44*62
$GIGSV,1,1,02,09,27,282,43,10,54,164,45*63
$GIGSV,1,1,02,09,27,282,43,10,54,164,45*63
$GIGSV,1,1,02,09,27,282,43,10,54,164,45*63
$GIGSV,1,1,02,09,27,282,43,10,54,164,45*63
$GIGSV,1,1,02,09,27,282,43,10,54,164,45*63
$GIGSV,1,1,02,09,27,282,43,10,54,164,45*63
$GIGSV,1,1,02,09,27,282,43,10,54,164,45*63
$GIGSV,1,1,02,09,27,282,43,10,54,164,45*63
$GIGSV,1,1,02,09,27,282,43,10,54,164,45*63
$GIGSV,1,1,02,09,27,282,43,10,54,164,45*63
$GIGSV,1,1,02,09,27,282,43,10,54,164,45*63
$GIGSV,1,1,02,09,27,282,43,10,54,164,45*63
$GIGSV,1,1,02,09,27,282,43,10,54,164,45*63
$GIGSV,1,1,02,09,27,282,43,10,54,164,45*63
$GIGSV,1,1,02,09,27,282,43,10,54,164,45*63
$GIGSV,1,1,02,09,27,282,43,10,54,164,45*63
$GIGSV,1,1,02,09,27,282,43,10,54,164,45*63
$GIGSV,1,1,02,09,27,282,43,10,54,164,45*63
$GIGSV,1,1,02,09,27,282,43,10,54,164,45*63
$GIGSV,1,1,02,09,27,282,43,10,54,164,45*63
$GIGSV,1,1,02,09,27,282,43,10,54,164,45*63
$GIGSV,1,1,02,09,27,282,43,10,54,164,45*63
$GIGSV,1,1,02,09,27,282,43,10,54,164,45*63
$GIGSV,1,1,02,09,27,282,43,10,54,164,45*63
$GIGSV,1,1,02,09,27,282,43,10,54,164,45*63
$GIGSV,1,1,02,09,27,282,43,10,54,164,45*63
$GIGSV,1,1,02,09,27,282,43,10,54,164,45*63
$GIGSV,1,1,02,09,27,282,43,10,54,164,45*63
$GIGSV,1,1,02,09,27,282,43,10,54,164,45*63
$GIGSV,1,1,02,09,27,282,43,10,54,164,45*63
$GIGSV,1,1,02,09,27,282,43,10,54,164,45*63
$GIGSV,1,1,02,09,27,282,43,10,54,164,45*63
$GIGSV,1,1,02,09,27,282,43,10,54,164,45*63
$GIGSV,1,1,02,09,27,282,43,10,54,164,45*63
$GIGSV,1,1,02,09,27,282,43,10,54,164,45*63
$GIGSV,1,1,02,09,27,282,43,10,54,164,45*63
$GIGSV,1,1,02,09,27,282,43,10,54,164,45*63
$GIGSV,1,1,02,09,27,282,43,10,54,164,45*63
$GIGSV,1,1,02,09,27,282,43,10,54,164,45*63
$GIGSV,1,1,02,09,27,282,43,10,54,164,45*63
$GIGSV,1,1,02,09,27,282,43,10,54,164,45*63
$GIGSV,1,1,02,09,27,282,43,10,54,164,45*63
$GIGSV,1,1,02,09,27,282,43,10,54,164,45*63
$GIGSV,1,1,02,09,27,282,43,10,54,164,45*63
$GIGSV,1,1,02,09,27,282,43,10,54,164,45*63
$GIGSV,1,1,02,09,27,282,43,10,54,164,45*63
$GIGSV,1,1,02,09,27,282,43,10,54,164,45*63
$GIGSV,1,1,02,09,27,282,43,10,54,164,45*63
$GIGSV,1,1,02,09,27,282,43,10,54,164,45*63
$GIGSV,1,1,02,09,27,282,43,10,54,164,45*63
$GIGSV,1,1,02,09,27,282,43,10,54,164,45*63
$GIGSV,1,1,02,09,27,282,43,10,54,164,45*63
$GIGSV,1,1,02,09,27,282,43,10,54,164,45*63
$GIGSV,1,1,02,09,27,282,43,10,54,164,45*63
$GIGSV,1,1,02,09,27,282,43,10,54,164,45*63
$GIGSV,1,1,02,09,27,282,43,10,54,164,45*63
$GIGSV,1,1,02,09,27,282,43,10,54,164,45*63
$GIGSV,1,1,02,09,27,282,43,10,54,164,45*63
$GIGSV,1,1,02,09,27,282,43,10,54,164,45*63
$GIGSV,1,1,02,09,27,282,43,10,54,164,45*63
$GIGSV,1,1,02,09,27,282,43,10,54,164,45*63
$GIGSV,1,1,02,09,27,282,43,10,54,164,45*63
$GIGSV,1,1,02,09,27,282,43,10,54,164,45*63
$GIGSV,1,1,02,09,27,282,43,10,54,164,45*63
$GIGSV,1,1,02,09,27,282,43,10,54,164,45*63
$GIGSV,1,1,02,09,27,282,43,10,54,164,45*63
$GIGSV,1,1,02,09,27,282,43,10,54,164,44*62
$GIGSV,1,1,02,09,27,282,43,10,54,164,44*62
$GIGSV,1,1,02,09,27,282,43,10,54,164,44*62
$GIGSV,1,1,02,09,27,282,43,10,54,164,44*62
$GIGSV,1,1,02,09,27,282,43,10,54,164,44*62
$GIGSV,1,1,02,09,27,282,43,10,54,164,44*62
$GIGSV,1,1,02,09,27,282,43,10,54,164,44*62
$GIGSV,1,1,02,09,27,282,43,10,54,164,44*62
$GIGSV,1,1,02,09,27,282,43,10,54,164,44*62
$GIGSV,1,1,02,09,27,282,43,10,54,164,44*62
$GIGSV,1,1,02,09,27,282,43,10,54,164,44*62
$GIGSV,1,1,02,09,27,282,43,10,54,164,44*62
$GIGSV,1,1,02,09,27,282,43,10,54,164,44*62
$GIGSV,1,1,02,09,27,282,43,10,54,164,44*62
$GIGSV,1,1,02,09,27,282,43,10,54,164,44*62
$GIGSV,1,1,02,09,27,282,43,10,54,164,44*62
$GIGSV,1,1,02,09,27,282,43,10,54,164,44*62
$GIGSV,1,1,02,09,27,282,43,10,54,164,44*62
$GIGSV,1,1,02,09,27,282,43,10,54,164,44*62
$GIGSV,1,1,02,09,27,282,43,10,54,164,44*62
$GIGSV,1,1,02,09,27,282,43,10,54,164,44*62
$GIGSV,1,1,02,09,27,282,43,10,54,164,44*62
$GIGSV,1,1,02,09,27,282,43,10,54,164,44*62
$GIGSV,1,1,02,09,27,282,43,10,54,164,44*62
$GIGSV,1,1,02,09,27,282,43,10,54,164,44*62
$GIGSV,1,1,02,09,27,282,43,10,54,164,44*62
$GIGSV,1,1,02,09,27,282,43,10,54,164,44*62
$GIGSV,1,1,02,09,27,282,43,10,54,164,44*62
$GIGSV,1,1,02,09,27,282,43,10,54,164,44*62
$GIGSV,1,1,02,09,27,282,43,10,54,164,44*62
$GIGSV,1,1,02,09,27,282,43,10,54,164,44*62
$GIGSV,1,1,02,09,27,282,43,10,54,164,44*62
$GIGSV,1,1,02,09,27,282,43,10,54,164,44*62
$GIGSV,1,1,02,09,27,282,43,10,54,164,44*62
$GIGSV,1,1,02,09,27,282,43,10,54,164,44*62
$GIGSV,1,1,02,09,27,282,43,10,54,164,44*62
$GIGSV,1,1,02,09,27,282,43,10,54,164,44*62
$GIGSV,1,1,02,09,27,282,43,10,54,164,44*62
$GIGSV,1,1,02,09,27,282,43,10,54,164,44*62
$GIGSV,1,1,02,09,27,282,43,10,54,164,44*62
$GIGSV,1,1,02,09,27,282,43,10,54,164,44*62
$GIGSV,1,1,02,09,27,282,43,10,54,164,44*62
$GIGSV,1,1,02,09,27,282,43,10,54,164,44*62
$GIGSV,1,1,02,09,27,282,43,10,54,164,44*62
$GIGSV,1,1,02,09,27,282,43,10,54,164,44*62
$GIGSV,1,1,02,09,27,282,43,10,54,164,44*62
$GIGSV,1,1,02,09,27,282,43,10,54,164,44*62
$GIGSV,1,1,02,09,27,282,43,10,54,164,44*62
$GIGSV,1,1,02,09,27,282,43,10,54,164,44*62
$GIGSV,1,1,02,09,27,282,43,10,54,164,44*62
$GIGSV,1,1,02,09,27,282,43,10,54,164,44*62
$GIGSV,1,1,02,09,27,282,43,10,54,164,45*63
$GIGSV,1,1,02,09,27,282,43,10,54,164,45*63
$GIGSV,1,1,02,09,27,282,43,10,54,164,45*63
$GIGSV,1,1,02,09,27,282,43,10,54,164,45*63
$GIGSV,1,1,02,09,27,282,43,10,54,164,45*63
$GIGSV,1,1,02,09,27,282,43,10,54,164,45*63
$GIGSV,1,1,02,09,27,282,43,10,54,164,45*63
$GIGSV,1,1,02,09,27,282,43,10,54,164,45*63
$GIGSV,1,1,02,09,27,282,43,10,54,164,45*63
$GIGSV,1,1,02,09,27,282,43,10,54,164,45*63
$GIGSV,1,1,02,09,27,282,43,10,54,164,45*63
$GIGSV,1,1,02,09,27,282,43,10,54,164,45*63
$GIGSV,1,1,02,09,27,282,43,10,54,164,45*63
$GIGSV,1,1,02,09,27,282,43,10,54,164,45*63
$GIGSV,1,1,02,09,27,282,43,10,54,164,45*63
$GIGSV,1,1,02,09,27,282,43,10,54,164,45*63
$GIGSV,1,1,02,09,27,282,43,10,54,164,45*63
$GIGSV,1,1,02,09,27,282,43,10,54,164,45*63
$GIGSV,1,1,02,09,27,282,43,10,54,164,45*63
$GIGSV,1,1,02,09,27,282,44,10,54,164,45*64
$GIGSV,1,1,02,09,27,282,44,10,54,164,45*64
$GIGSV,1,1,02,09,27,282,44,10,54,164,45*64
$GIGSV,1,1,02,09,27,282,44,10,54,164,45*64
$GIGSV,1,1,02,09,27,282,44,10,54,164,45*64
$GIGSV,1,1,02,09,27,282,44,10,54,164,45*64
$GIGSV,1,1,02,09,27,282,44,10,54,164,45*64
$GIGSV,1,1,02,09,27,282,44,10,54,164,45*64
$GIGSV,1,1,02,09,27,282,44,10,54,164,45*64
$GIGSV,1,1,02,09,27,282,44,10,54,164,45*64
$GIGSV,1,1,02,09,27,282,44,10,54,164,45*64
$GIGSV,1,1,02,09,27,282,44,10,54,164,45*64
$GIGSV,1,1,02,09,27,282,44,10,54,164,45*64
$GIGSV,1,1,02,09,27,282,44,10,54,164,45*64
$GIGSV,1,1,02,09,27,282,44,10,54,164,45*64
$GIGSV,1,1,02,09,27,282,44,10,54,164,45*64
$GIGSV,1,1,02,09,27,282,45,10,54,164,45*65
$GIGSV,1,1,02,09,27,282,45,10,54,164,45*65
$GIGSV,1,1,02,09,27,282,45,10,54,164,45*65
$GIGSV,1,1,02,09,27,282,45,10,54,164,45*65
$GIGSV,1,1,02,09,27,282,45,10,54,164,45*65
$GIGSV,1,1,02,09,27,282,45,10,54,164,45*65
$GIGSV,1,1,02,09,27,282,45,10,54,164,45*65
$GIGSV,1,1,02,09,27,282,45,10,54,164,45*65
$GIGSV,1,1,02,09,27,282,45,10,54,164,45*65
$GIGSV,1,1,02,09,27,282,45,10,54,164,45*65
$GIGSV,1,1,02,09,27,282,45,10,54,164,45*65
$GIGSV,1,1,02,09,27,282,45,10,54,164,45*65
$GIGSV,1,1,02,09,27,282,45,10,54,164,45*65
$GIGSV,1,1,02,09,27,282,45,10,54,164,45*65
$GIGSV,1,1,02,09,27,282,45,10,54,164,45*65
$GIGSV,1,1,02,09,27,282,45,10,54,164,45*65
$GIGSV,1,1,02,09,27,282,45,10,54,164,45*65
$GIGSV,1,1,02,09,27,282,45,10,54,164,45*65
$GIGSV,1,1,02,09,27,282,45,10,54,164,45*65
$GIGSV,1,1,02,09,27,282,45,10,54,164,45*65
$GIGSV,1,1,02,09,27,282,45,10,54,164,45*65
$GIGSV,1,1,02,09,27,282,45,10,54,164,45*65
$GIGSV,1,1,02,09,27,282,45,10,54,164,45*65
$GIGSV,1,1,02,09,27,282,45,10,54,164,45*65
$GIGSV,1,1,02,09,27,282,45,10,54,164,45*65
$GIGSV,1,1,02,09,27,282,45,10,54,164,45*65
$GIGSV,1,1,02,09,27,282,45,10,54,164,45*65
$GIGSV,1,1,02,09,27,282,45,10,54,164,45*65
$GIGSV,1,1,02,09,27,282,45,10,54,164,45*65
$GIGSV,1,1,02,09,27,282,45,10,54,164,45*65
$GIGSV,1,1,02,09,27,282,45,10,54,164,45*65
$GIGSV,1,1,02,09,27,282,45,10,54,164,45*65
$GIGSV,1,1,02,09,27,282,46,10,54,164,45*66
$GIGSV,1,1,02,09,27,282,46,10,54,164,45*66
$GIGSV,1,1,02,09,27,282,46,10,54,164,45*66
$GIGSV,1,1,02,09,27,282,46,10,54,164,45*66
$GIGSV,1,1,02,09,27,282,46,10,54,164,45*66
$GIGSV,1,1,02,09,27,282,46,10,54,164,45*66
$GIGSV,1,1,02,09,27,282,46,10,54,164,45*66
$GIGSV,1,1,02,09,27,282,46,10,54,164,45*66
$GIGSV,1,1,02,09,27,282,46,10,54,164,45*66
$GIGSV,1,1,02,09,27,282,46,10,54,164,45*66
$GIGSV,1,1,02,09,27,282,46,10,54,164,45*66
$GIGSV,1,1,02,09,27,282,46,10,54,164,45*66
$GIGSV,1,1,02,09,27,282,46,10,54,164,45*66
$GIGSV,1,1,02,09,27,282,46,10,54,164,45*66
$GIGSV,1,1,02,09,27,282,46,10,54,164,45*66
$GIGSV,1,1,02,09,27,282,46,10,54,164,45*66
$GIGSV,1,1,02,09,27,282,46,10,54,164,45*66
$GIGSV,1,1,02,09,27,282,46,10,54,164,45*66
$GIGSV,1,1,02,09,27,282,46,10,54,164,45*66
$GIGSV,1,1,02,09,27,282,46,10,54,164,45*66
$GIGSV,1,1,02,09,27,282,46,10,54,164,45*66
$GIGSV,1,1,02,09,27,282,46,10,54,164,45*66
$GIGSV,1,1,02,09,27,282,46,10,54,164,45*66
$GIGSV,1,1,02,09,27,282,46,10,54,164,45*66
$GIGSV,1,1,02,09,27,282,46,10,54,164,45*66
$GIGSV,1,1,02,09,27,282,46,10,54,164,45*66
$GIGSV,1,1,02,09,27,282,46,10,54,164,45*66
$GIGSV,1,1,02,09,27,282,46,10,54,164,45*66
$GIGSV,1,1,02,09,27,282,46,10,54,164,45*66
$GIGSV,1,1,02,09,27,282,46,10,54,164,45*66
$GIGSV,1,1,02,09,27,282,46,10,54,164,45*66
$GIGSV,1,1,02,09,27,282,46,10,54,164,45*66
$GIGSV,1,1,02,09,27,282,46,10,54,164,45*66
$GIGSV,1,1,02,09,27,282,46,10,54,164,45*66
$GIGSV,1,1,02,09,27,282,46,10,54,164,45*66
$GIGSV,1,1,02,09,27,282,46,10,54,164,45*66
$GIGSV,1,1,02,09,27,282,46,10,54,164,45*66
$GIGSV,1,1,02,09,27,282,46,10,54,164,45*66
$GIGSV,1,1,02,09,27,282,46,10,54,164,45*66
$GIGSV,1,1,02,09,27,282,46,10,54,164,45*66
$GIGSV,1,1,02,09,27,282,46,10,54,164,45*66
$GIGSV,1,1,02,09,27,282,45,10,54,164,45*65
$GIGSV,1,1,02,09,27,282,45,10,54,164,45*65
$GIGSV,1,1,02,09,27,282,45,10,54,164,45*65
$GIGSV,1,1,02,09,27,282,45,10,54,164,45*65
$GIGSV,1,1,02,09,27,282,45,10,54,164,45*65
$GIGSV,1,1,02,09,27,282,45,10,54,164,45*65
$GIGSV,1,1,02,09,27,282,45,10,54,164,45*65
$GIGSV,1,1,02,09,27,282,45,10,54,164,44*64
$GIGSV,1,1,02,09,27,282,45,10,54,164,44*64
$GIGSV,1,1,02,09,27,282,45,10,54,164,45*65
$GIGSV,1,1,02,09,27,282,45,10,54,164,45*65
$GIGSV,1,1,02,09,27,282,45,10,54,164,45*65
$GIGSV,1,1,02,09,27,282,45,10,54,164,45*65
$GIGSV,1,1,02,09,27,282,45,10,54,164,44*64
$GIGSV,1,1,02,09,27,282,45,10,54,164,44*64
$GIGSV,1,1,02,09,27,282,45,10,54,164,44*64
$GIGSV,1,1,02,09,27,282,45,10,54,164,44*64
$GIGSV,1,1,02,09,27,282,45,10,54,164,44*64
$GIGSV,1,1,02,09,27,282,45,10,54,164,45*65
$GIGSV,1,1,02,09,27,282,45,10,54,164,45*65
$GIGSV,1,1,02,09,27,282,45,10,54,164,45*65
$GIGSV,1,1,02,09,27,282,46,10,54,164,45*66
$GIGSV,1,1,02,09,27,282,46,10,54,164,45*66
$GIGSV,1,1,02,09,27,282,46,10,54,164,44*67
$GIGSV,1,1,02,09,27,282,46,10,54,164,44*67
$GIGSV,1,1,02,09,27,282,46,10,54,164,45*66
$GIGSV,1,1,02,09,27,282,46,10,54,164,45*66
$GIGSV,1,1,02,09,27,282,46,10,54,164,45*66
$GIGSV,1,1,02,09,27,282,46,10,54,164,45*66
$GIGSV,1,1,02,09,27,282,46,10,54,164,45*66
$GIGSV,1,1,02,09,27,282,46,10,54,164,45*66
$GIGSV,1,1,02,09,27,282,46,10,54,164,45*66
$GIGSV,1,1,02,09,27,282,46,10,54,164,45*66
$GIGSV,1,1,02,09,27,282,46,10,54,164,44*67
$GIGSV,1,1,02,09,27,282,46,10,54,164,45*66
$GIGSV,1,1,02,09,27,282,46,10,54,164,45*66
$GIGSV,1,1,02,09,27,282,46,10,54,164,45*66
$GIGSV,1,1,02,09,27,282,46,10,54,164,45*66
$GIGSV,1,1,02,09,27,282,46,10,54,164,45*66
$GIGSV,1,1,02,09,27,282,46,10,54,164,45*66
$GIGSV,1,1,02,09,27,282,46,10,54,164,45*66
$GIGSV,1,1,02,09,27,282,46,10,54,164,45*66
$GIGSV,1,1,02,09,27,282,46,10,54,164,45*66
$GIGSV,1,1,02,09,27,282,46,10,54,164,45*66
$GIGSV,1,1,02,09,27,282,46,10,54,164,45*66
$GIGSV,1,1,02,09,27,282,46,10,54,164,45*66
$GIGSV,1,1,02,09,27,282,46,10,54,164,45*66
$GIGSV,1,1,02,09,27,282,46,10,54,164,45*66
$GIGSV,1,1,02,09,27,282,46,10,54,164,45*66
$GIGSV,1,1,02,09,27,282,46,10,54,164,45*66
$GIGSV,1,1,02,09,27,282,46,10,54,164,45*66
$GIGSV,1,1,02,09,27,282,46,10,54,164,45*66
$GIGSV,1,1,02,09,27,282,46,10,54,164,45*66
$GIGSV,1,1,02,09,27,282,46,10,54,164,45*66
$GIGSV,1,1,02,09,27,282,46,10,54,164,45*66
$GIGSV,1,1,02,09,27,282,46,10,54,164,45*66
$GIGSV,1,1,02,09,27,282,46,10,54,164,45*66
$GIGSV,1,1,02,09,27,282,46,10,54,164,45*66
$GIGSV,1,1,02,09,27,282,46,10,54,164,45*66
$GIGSV,1,1,02,09,27,282,46,10,54,164,45*66
$GIGSV,1,1,02,09,27,282,46,10,54,164,45*66
$GIGSV,1,1,02,09,27,282,46,10,54,164,45*66
$GIGSV,1,1,02,09,27,282,46,10,54,164,45*66
$GIGSV,1,1,02,09,27,282,46,10,54,164,45*66
$GIGSV,1,1,02,09,27,282,46,10,54,164,45*66
$GIGSV,1,1,02,09,27,282,46,10,54,164,45*66
$GIGSV,1,1,02,09,27,282,46,10,54,164,45*66
$GIGSV,1,1,02,09,27,282,46,10,54,164,45*66
$GIGSV,1,1,02,09,27,282,46,10,54,164,45*66
$GIGSV,1,1,02,09,27,282,46,10,54,164,45*66
$GIGSV,1,1,02,09,27,282,46,10,54,164,45*66
$GIGSV,1,1,02,09,27,282,46,10,54,164,45*66
$GIGSV,1,1,02,09,27,282,45,10,54,164,45*65
$GIGSV,1,1,02,09,27,282,45,10,54,164,45*65
$GIGSV,1,1,02,09,27,282,45,10,54,164,45*65
$GIGSV,1,1,02,09,27,282,45,10,54,164,45*65
$GIGSV,1,1,02,09,27,282,45,10,54,164,45*65
$GIGSV,1,1,02,09,27,282,45,10,54,164,45*65
$GIGSV,1,1,02,09,27,282,45,10,54,164,45*65
$GIGSV,1,1,02,09,27,282,45,10,54,164,45*65
$GIGSV,1,1,02,09,27,282,45,10,54,164,45*65
$GIGSV,1,1,02,09,27,282,45,10,54,164,45*65
$GIGSV,1,1,02,09,27,282,45,10,54,164,45*65
$GIGSV,1,1,02,09,27,282,45,10,54,164,45*65
$GIGSV,1,1,02,09,27,282,45,10,54,164,44*64
$GIGSV,1,1,02,09,27,282,45,10,54,164,44*64
$GIGSV,1,1,02,09,27,282,45,10,54,164,44*64
$GIGSV,1,1,02,09,27,282,45,10,54,164,44*64
$GIGSV,1,1,02,09,27,282,45,10,54,164,44*64
$GIGSV,1,1,02,09,27,282,45,10,54,164,44*64
$GIGSV,1,1,02,09,27,282,45,10,54,164,44*64
$GIGSV,1,1,02,09,27,282,45,10,54,164,44*64
$GIGSV,1,1,02,09,27,282,45,10,54,164,44*64
$GIGSV,1,1,02,09,27,282,45,10,54,164,44*64
$GIGSV,1,1,02,09,27,282,45,10,54,164,44*64
$GIGSV,1,1,02,09,27,282,45,10,54,164,44*64
$GIGSV,1,1,02,09,27,282,45,10,54,164,44*64
$GIGSV,1,1,02,09,27,282,45,10,54,164,44*64
$GIGSV,1,1,02,09,27,282,45,10,54,164,44*64
$GIGSV,1,1,02,09,27,282,45,10,54,164,44*64
$GIGSV,1,1,02,09,27,282,45,10,54,164,44*64
$GIGSV,1,1,02,09,27,282,45,10,54,164,44*64
$GIGSV,1,1,02,09,27,282,45,10,54,164,44*64
$GIGSV,1,1,02,09,27,282,45,10,54,164,44*64
$GIGSV,1,1,02,09,27,282,45,10,54,164,44*64
$GIGSV,1,1,02,09,27,282,45,10,54,164,44*64
$GIGSV,1,1,02,09,27,282,45,10,54,164,44*64
$GIGSV,1,1,02,09,27,282,44,10,54,164,44*65
$GIGSV,1,1,02,09,27,282,44,10,54,164,44*65
$GIGSV,1,1,02,09,27,282,44,10,54,164,44*65
$GIGSV,1,1,02,09,27,282,44,10,54,164,44*65
$GIGSV,1,1,02,09,27,282,44,10,54,164,45*64
$GIGSV,1,1,02,09,27,282,44,10,54,164,45*64
$GIGSV,1,1,02,09,27,282,44,10,54,164,45*64
$GIGSV,1,1,02,09,27,282,44,10,54,164,45*64
$GIGSV,1,1,02,09,27,282,44,10,54,164,45*64
$GIGSV,1,1,02,09,27,282,44,10,54,164,45*64
$GIGSV,1,1,02,09,27,282,44,10,54,164,45*64
$GIGSV,1,1,02,09,27,282,44,10,54,164,45*64
$GIGSV,1,1,02,09,27,282,44,10,54,164,45*64
$GIGSV,1,1,02,09,27,282,44,10,54,164,45*64
$GIGSV,1,1,02,09,27,282,44,10,54,164,45*64
$GIGSV,1,1,02,09,27,282,44,10,54,164,45*64
$GIGSV,1,1,02,09,27,282,44,10,54,164,45*64
$GIGSV,1,1,02,09,27,282,44,10,54,164,45*64
$GIGSV,1,1,02,09,27,282,43,10,54,164,45*63
$GIGSV,1,1,02,09,27,282,43,10,54,164,45*63
$GIGSV,1,1,02,09,27,282,43,10,54,164,45*63
$GIGSV,1,1,02,09,27,282,43,10,54,164,45*63
$GIGSV,1,1,02,09,27,282,43,10,54,164,45*63
$GIGSV,1,1,02,09,27,282,43,10,54,164,45*63
$GIGSV,1,1,02,09,27,282,43,10,54,164,45*63
$GIGSV,1,1,02,09,27,282,43,10,54,164,45*63
$GIGSV,1,1,02,09,27,282,43,10,54,164,45*63
$GIGSV,1,1,02,09,27,282,43,10,54,164,45*63
$GIGSV,1,1,02,09,27,282,43,10,54,164,45*63
$GIGSV,1,1,02,09,27,282,43,10,54,164,45*63
$GIGSV,1,1,02,09,27,282,43,10,54,164,46*60
$GIGSV,1,1,02,09,27,282,43,10,54,164,46*60
$GIGSV,1,1,02,09,27,282,43,10,54,164,46*60
$GIGSV,1,1,02,09,27,282,43,10,54,164,46*60
$GIGSV,1,1,02,09,27,282,43,10,54,164,46*60
$GIGSV,1,1,02,09,27,282,43,10,54,164,46*60
$GIGSV,1,1,02,09,27,282,43,10,54,164,46*60
$GIGSV,1,1,02,09,27,282,43,10,54,164,46*60
$GIGSV,1,1,02,09,27,282,43,10,54,164,46*60
$GIGSV,1,1,02,09,27,282,42,10,54,164,46*61
$GIGSV,1,1,02,09,27,282,42,10,54,164,46*61
$GIGSV,1,1,02,09,27,282,42,10,54,164,46*61
$GIGSV,1,1,02,09,27,282,42,10,54,164,46*61
$GIGSV,1,1,02,09,27,282,42,10,54,164,46*61
$GIGSV,1,1,02,09,27,282,42,10,54,164,46*61
$GIGSV,1,1,02,09,27,282,42,10,54,164,46*61
$GIGSV,1,1,02,09,27,282,42,10,54,164,46*61
$GIGSV,1,1,02,09,27,282,42,10,54,164,46*61
$GIGSV,1,1,02,09,27,282,42,10,54,164,46*61
$GIGSV,1,1,02,09,27,282,42,10,54,164,46*61
$GIGSV,1,1,02,09,27,282,42,10,54,164,46*61
$GIGSV,1,1,02,09,27,282,42,10,54,164,46*61
$GIGSV,1,1,02,09,27,282,42,10,54,164,46*61
$GIGSV,1,1,02,09,27,282,42,10,54,164,46*61
$GIGSV,1,1,02,09,27,282,42,10,54,164,46*61
$GIGSV,1,1,02,09,27,282,42,10,54,164,46*61
$GIGSV,1,1,02,09,27,282,42,10,54,164,46*61
$GIGSV,1,1,02,09,27,282,42,10,54,164,46*61
$GIGSV,1,1,02,09,27,282,42,10,54,164,46*61
$GIGSV,1,1,02,09,27,282,42,10,54,164,46*61
$GIGSV,1,1,02,09,27,282,41,10,54,164,46*62
$GIGSV,1,1,02,09,27,282,41,10,54,164,46*62
$GIGSV,1,1,02,09,27,282,41,10,54,164,46*62
$GIGSV,1,1,02,09,27,282,41,10,54,164,46*62
$GIGSV,1,1,02,09,27,282,41,10,54,164,46*62
$GIGSV,1,1,02,09,27,282,41,10,54,164,46*62
$GIGSV,1,1,02,09,27,282,41,10,54,164,46*62
$GIGSV,1,1,02,09,27,282,41,10,54,164,46*62
$GIGSV,1,1,02,09,27,282,41,10,54,164,46*62
$GIGSV,1,1,02,09,27,282,41,10,54,164,46*62
$GIGSV,1,1,02,09,27,282,41,10,54,164,46*62
$GIGSV,1,1,02,09,27,282,41,10,54,164,46*62
$GIGSV,1,1,02,09,27,282,41,10,54,164,46*62
$GIGSV,1,1,02,09,27,282,41,10,54,164,46*62
$GIGSV,1,1,02,09,27,282,41,10,54,164,46*62
$GIGSV,1,1,02,09,27,282,41,10,54,164,46*62
$GIGSV,1,1,02,09,27,282,41,10,54,164,46*62
$GIGSV,1,1,02,09,27,282,41,10,54,164,46*62
$GIGSV,1,1,02,09,27,282,41,10,54,164,46*62
$GIGSV,1,1,02,09,27,282,41,10,54,164,46*62
$GIGSV,1,1,02,09,27,282,41,10,54,164,46*62
$GIGSV,1,1,02,09,27,282,41,10,54,164,46*62
$GIGSV,1,1,02,09,27,282,41,10,54,164,46*62
$GIGSV,1,1,02,09,27,282,41,10,54,164,46*62
$GIGSV,1,1,02,09,27,282,41,10,54,164,46*62
$GIGSV,1,1,02,09,27,282,41,10,54,164,46*62
$GIGSV,1,1,02,09,27,282,41,10,54,164,46*62
$GIGSV,1,1,02,09,27,282,40,10,54,164,46*63
$GIGSV,1,1,02,09,27,282,40,10,54,164,46*63
$GIGSV,1,1,02,09,27,282,40,10,54,164,46*63
$GIGSV,1,1,02,09,27,282,40,10,54,164,46*63
$GIGSV,1,1,02,09,27,282,40,10,54,164,46*63
$GIGSV,1,1,02,09,27,282,40,10,54,164,46*63
$GIGSV,1,1,02,09,27,282,40,10,54,164,46*63
$GIGSV,1,1,02,09,27,282,40,10,54,164,46*63
$GIGSV,1,1,02,09,27,282,40,10,54,164,46*63
$GIGSV,1,1,02,09,27,282,40,10,54,164,46*63
$GIGSV,1,1,02,09,27,282,40,10,54,164,46*63
$GIGSV,1,1,02,09,27,282,40,10,54,164,47*62
$GIGSV,1,1,02,09,27,282,40,10,54,164,47*62
$GIGSV,1,1,02,09,27,282,40,10,54,164,47*62
$GIGSV,1,1,02,09,27,282,40,10,54,164,47*62
$GIGSV,1,1,02,09,27,282,40,10,54,164,47*62
$GIGSV,1,1,02,09,27,282,40,10,54,164,47*62
$GIGSV,1,1,02,09,27,282,39,10,54,164,47*6C
$GIGSV,1,1,02,09,27,282,39,10,54,164,47*6C
$GIGSV,1,1,02,09,27,282,39,10,54,164,47*6C
$GIGSV,1,1,02,09,27,282,39,10,54,164,47*6C
$GIGSV,1,1,02,09,27,282,39,10,54,164,47*6C
$GIGSV,1,1,02,09,27,282,39,10,54,164,47*6C
$GIGSV,1,1,02,09,27,282,39,10,54,164,47*6C
$GIGSV,1,1,02,09,27,282,39,10,54,164,47*6C
$GIGSV,1,1,02,09,27,282,39,10,54,164,47*6C
$GIGSV,1,1,02,09,27,282,39,10,54,164,47*6C
$GIGSV,1,1,02,09,27,282,39,10,54,164,47*6C
$GIGSV,1,1,02,09,27,282,39,10,54,164,47*6C
$GIGSV,1,1,02,09,27,282,39,10,54,164,47*6C
$GIGSV,1,1,02,09,27,282,39,10,54,164,47*6C
$GIGSV,1,1,02,09,27,282,39,10,54,164,47*6C
$GIGSV,1,1,02,09,27,282,39,10,54,164,47*6C
$GIGSV,1,1,02,09,27,282,39,10,54,164,47*6C
$GIGSV,1,1,02,09,27,282,39,10,54,164,47*6C
$GIGSV,1,1,02,09,27,282,39,10,54,164,47*6C
$GIGSV,1,1,02,09,27,282,39,10,54,164,47*6C
$GIGSV,1,1,02,09,27,282,39,10,54,164,47*6C
$GIGSV,1,1,02,09,27,282,39,10,54,164,47*6C
$GIGSV,1,1,02,09,27,282,39,10,54,164,47*6C
$GIGSV,1,1,02,09,27,282,39,10,54,164,47*6C
$GIGSV,1,1,02,09,27,282,39,10,54,164,47*6C
$GIGSV,1,1,02,09,27,282,39,10,54,164,47*6C
$GIGSV,1,1,02,09,27,282,39,10,54,164,47*6C
$GIGSV,1,1,02,09,27,282,39,10,54,164,47*6C
$GIGSV,1,1,02,09,27,282,39,10,54,164,47*6C
$GIGSV,1,1,02,09,27,282,39,10,54,164,47*6C
$GIGSV,1,1,02,09,27,282,39,10,54,164,47*6C
$GIGSV,1,1,02,09,27,282,39,10,54,164,47*6C
$GIGSV,1,1,02,09,27,282,39,10,54,164,47*6C
$GIGSV,1,1,02,09,27,282,39,10,54,164,46*6D
$GIGSV,1,1,02,09,27,282,40,10,54,164,46*63
$GIGSV,1,1,02,09,27,282,40,10,54,164,46*63
$GIGSV,1,1,02,09,27,282,40,10,54,164,46*63
$GIGSV,1,1,02,09,27,282,40,10,54,164,46*63
$GIGSV,1,1,02,09,27,282,40,10,54,164,46*63
$GIGSV,1,1,02,09,27,282,40,10,54,164,46*63
$GIGSV,1,1,02,09,27,282,40,10,54,164,46*63
$GIGSV,1,1,02,09,27,282,40,10,54,164,46*63
$GIGSV,1,1,02,09,27,282,40,10,54,164,46*63
$GIGSV,1,1,02,09,27,282,40,10,54,164,46*63
$GIGSV,1,1,02,09,27,282,40,10,54,164,46*63
$GIGSV,1,1,02,09,27,282,40,10,54,164,46*63
$GIGSV,1,1,02,09,27,282,40,10,54,164,46*63
$GIGSV,1,1,02,09,27,282,40,10,54,164,46*63
$GIGSV,1,1,02,09,27,282,40,10,54,164,46*63
$GIGSV,1,1,02,09,27,282,40,10,54,164,46*63
$GIGSV,1,1,02,09,27,282,40,10,54,164,46*63
$GIGSV,1,1,02,09,27,282,40,10,54,164,46*63
$GIGSV,1,1,02,09,27,282,40,10,54,164,46*63
$GIGSV,1,1,02,09,27,282,40,10,54,164,46*63
$GIGSV,1,1,02,09,27,282,40,10,54,164,46*63
$GIGSV,1,1,02,09,27,282,40,10,54,164,46*63
$GIGSV,1,1,02,09,27,282,40,10,54,164,46*63
$GIGSV,1,1,02,09,27,282,40,10,54,164,46*63
$GIGSV,1,1,02,09,27,282,40,10,54,164,46*63
$GIGSV,1,1,02,09,27,282,40,10,54,164,46*63
$GIGSV,1,1,02,09,27,282,40,10,54,164,46*63
$GIGSV,1,1,02,09,27,282,40,10,54,164,46*63
$GIGSV,1,1,02,09,27,282,40,10,54,164,46*63
$GIGSV,1,1,02,09,27,282,40,10,54,164,46*63
$GIGSV,1,1,02,09,27,282,40,10,54,164,46*63
$GIGSV,1,1,02,09,27,282,40,10,54,164,46*63
$GIGSV,1,1,02,09,27,282,40,10,54,164,46*63
$GIGSV,1,1,02,09,27,282,40,10,54,164,46*63
$GIGSV,1,1,02,09,27,282,40,10,54,164,46*63
$GIGSV,1,1,02,09,27,282,40,10,54,164,46*63
$GIGSV,1,1,02,09,27,282,40,10,54,164,46*63
$GIGSV,1,1,02,09,27,282,40,10,54,164,46*63
$GIGSV,1,1,02,09,27,282,40,10,54,164,46*63
$GIGSV,1,1,02,09,27,282,40,10,54,164,46*63
$GIGSV,1,1,02,09,27,282,40,10,54,164,46*63
$GIGSV,1,1,02,09,27,282,40,10,54,164,46*63
$GIGSV,1,1,02,09,27,282,40,10,54,164,46*63
$GIGSV,1,1,02,09,27,282,40,10,54,164,46*63
$GIGSV,1,1,02,09,27,282,40,10,54,164,46*63
$GIGSV,1,1,02,09,27,282,40,10,54,164,46*63
$GIGSV,1,1,02,09,27,282,40,10,54,164,46*63
$GIGSV,1,1,02,09,27,282,40,10,54,164,46*63
$GIGSV,1,1,02,09,27,282,40,10,54,164,46*63
$GIGSV,1,1,02,09,27,282,40,10,54,164,46*63
$GIGSV,1,1,02,09,27,282,40,10,54,164,46*63
$GIGSV,1,1,02,09,27,282,40,10,54,164,46*63
$GIGSV,1,1,02,09,27,282,40,10,54,164,46*63
$GIGSV,1,1,02,09,27,282,40,10,54,164,46*63
$GIGSV,1,1,02,09,27,282,40,10,54,164,46*63
$GIGSV,1,1,02,09,27,282,40,10,54,164,45*60
$GIGSV,1,1,02,09,27,282,40,10,54,164,45*60
$GIGSV,1,1,02,09,27,282,40,10,54,164,45*60
$GIGSV,1,1,02,09,27,282,40,10,54,164,46*63
$GIGSV,1,1,02,09,27,282,40,10,54,164,46*63
$GIGSV,1,1,02,09,27,282,40,10,54,164,46*63
$GIGSV,1,1,02,09,27,282,39,10,54,164,46*6D
$GIGSV,1,1,02,09,27,282,39,10,54,164,46*6D
$GIGSV,1,1,02,09,27,282,39,10,54,164,46*6D
$GIGSV,1,1,02,09,27,282,39,10,54,164,46*6D
$GIGSV,1,1,02,09,27,282,39,10,54,164,46*6D
$GIGSV,1,1,02,09,27,282,39,10,54,164,46*6D
$GIGSV,1,1,02,09,27,282,39,10,54,164,46*6D
$GIGSV,1,1,02,09,27,282,39,10,54,164,46*6D
$GIGSV,1,1,02,09,27,282,39,10,54,164,46*6D
$GIGSV,1,1,02,09,27,282,39,10,54,164,46*6D
$GIGSV,1,1,02,09,27,282,39,10,54,164,46*6D
$GIGSV,1,1,02,09,27,282,39,10,54,164,45*6E
$GIGSV,1,1,02,09,27,282,39,10,54,164,45*6E
$GIGSV,1,1,02,09,27,282,39,10,54,164,45*6E
$GIGSV,1,1,02,09,27,282,39,10,54,164,45*6E
$GIGSV,1,1,02,09,27,282,39,10,54,164,45*6E
$GIGSV,1,1,02,09,27,282,39,10,54,164,45*6E
$GIGSV,1,1,02,09,27,282,39,10,54,164,45*6E
$GIGSV,1,1,02,09,27,282,39,10,54,164,45*6E
$GIGSV,1,1,02,09,27,282,39,10,54,164,45*6E
$GIGSV,1,1,02,09,27,282,39,10,54,164,45*6E
$GIGSV,1,1,02,09,27,282,39,10,54,164,45*6E
$GIGSV,1,1,02,09,27,282,39,10,54,164,45*6E
$GIGSV,1,1,02,09,27,282,39,10,54,164,45*6E
$GIGSV,1,1,02,09,27,282,40,10,54,164,45*60
$GIGSV,1,1,02,09,27,282,40,10,54,164,45*60
$GIGSV,1,1,02,09,27,282,40,10,54,164,45*60
$GIGSV,1,1,02,09,27,282,40,10,54,164,45*60
$GIGSV,1,1,02,09,27,282,40,10,54,164,45*60
$GIGSV,1,1,02,09,27,282,40,10,54,164,45*60
$GIGSV,1,1,02,09,27,282,40,10,54,164,45*60
$GIGSV,1,1,02,09,27,282,40,10,54,164,45*60
$GIGSV,1,1,02,09,27,282,40,10,54,164,45*60
$GIGSV,1,1,02,09,27,282,40,10,54,164,45*60
$GIGSV,1,1,02,09,27,282,40,10,54,164,45*60
$GIGSV,1,1,02,09,27,282,40,10,54,164,45*60
$GIGSV,1,1,02,09,27,282,40,10,54,164,45*60
$GIGSV,1,1,02,09,27,282,40,10,54,164,45*60
$GIGSV,1,1,02,09,27,282,40,10,54,164,45*60
$GIGSV,1,1,02,09,27,282,40,10,54,164,45*60
$GIGSV,1,1,02,09,27,282,40,10,54,164,45*60
$GIGSV,1,1,02,09,27,282,40,10,54,164,45*60
$GIGSV,1,1,02,09,27,282,40,10,54,164,45*60
$GIGSV,1,1,02,09,27,282,40,10,54,164,45*60
$GIGSV,1,1,02,09,27,282,40,10,54,164,45*60
$GIGSV,1,1,02,09,27,282,40,10,54,164,45*60
$GIGSV,1,1,02,09,27,282,40,10,54,164,45*60
$GIGSV,1,1,02,09,27,282,40,10,54,164,45*60
$GIGSV,1,1,02,09,27,282,40,10,54,164,45*60
$GIGSV,1,1,02,09,27,282,40,10,54,164,45*60
$GIGSV,1,1,02,09,27,282,40,10,54,164,45*60
$GIGSV,1,1,02,09,27,282,40,10,54,164,45*60
$GIGSV,1,1,02,09,27,282,40,10,54,164,45*60
$GIGSV,1,1,02,09,27,282,40,10,54,164,45*60
$GIGSV,1,1,02,09,27,282,40,10,54,164,45*60
$GIGSV,1,1,02,09,27,282,40,10,54,164,45*60
$GIGSV,1,1,02,09,27,282,40,10,54,164,45*60
$GIGSV,1,1,02,09,27,282,40,10,54,164,45*60
$GIGSV,1,1,02,09,27,282,40,10,54,164,45*60
$GIGSV,1,1,02,09,27,282,40,10,54,164,45*60
$GIGSV,1,1,02,09,27,282,40,10,54,164,45*60
$GIGSV,1,1,02,09,27,282,40,10,54,164,45*60
$GIGSV,1,1,02,09,27,282,40,10,54,164,45*60
$GIGSV,1,1,02,09,27,282,40,10,54,164,45*60
$GIGSV,1,1,02,09,27,282,40,10,54,164,45*60
$GIGSV,1,1,02,09,27,282,40,10,54,164,45*60
$GIGSV,1,1,02,09,27,282,40,10,54,164,45*60
$GIGSV,1,1,02,09,27,282,40,10,54,164,44*61
$GIGSV,1,1,02,09,27,282,40,10,54,164,44*61
$GIGSV,1,1,02,09,27,282,40,10,54,164,44*61
$GIGSV,1,1,02,09,27,282,40,10,54,164,44*61
$GIGSV,1,1,02,09,27,282,40,10,54,164,44*61
$GIGSV,1,1,02,09,27,282,40,10,54,164,44*61
$GIGSV,1,1,02,09,27,282,40,10,54,164,44*61
$GIGSV,1,1,02,09,27,282,40,10,54,164,44*61
$GIGSV,1,1,02,09,27,282,40,10,54,164,44*61
$GIGSV,1,1,02,09,27,282,40,10,54,164,44*61
$GIGSV,1,1,02,09,27,282,40,10,54,164,44*61
$GIGSV,1,1,02,09,27,282,40,10,54,164,44*61
$GIGSV,1,1,02,09,27,282,40,10,54,164,45*60
$GIGSV,1,1,02,09,27,282,40,10,54,164,45*60
$GIGSV,1,1,02,09,27,282,40,10,54,164,45*60
$GIGSV,1,1,02,09,27,282,40,10,54,164,45*60
$GIGSV,1,1,02,09,27,282,40,10,54,164,45*60
$GIGSV,1,1,02,09,27,282,40,10,54,164,45*60
$GIGSV,1,1,02,09,27,282,40,10,54,164,45*60
$GIGSV,1,1,02,09,27,282,40,10,54,164,45*60
$GIGSV,1,1,02,09,27,282,40,10,54,164,44*61
$GIGSV,1,1,02,09,27,282,40,10,54,164,45*60
$GIGSV,1,1,02,09,27,282,40,10,54,164,45*60
$GIGSV,1,1,02,09,27,282,40,10,54,164,45*60
$GIGSV,1,1,02,09,27,282,39,10,54,164,45*6E
$GIGSV,1,1,02,09,27,282,39,10,54,164,45*6E
$GIGSV,1,1,02,09,27,282,39,10,54,164,45*6E
$GIGSV,1,1,02,09,27,282,39,10,54,164,45*6E
$GIGSV,1,1,02,09,27,282,39,10,54,164,45*6E
$GIGSV,1,1,02,09,27,282,39,10,54,164,45*6E
$GIGSV,1,1,02,09,27,282,39,10,54,164,45*6E
$GIGSV,1,1,02,09,27,282,39,10,54,164,45*6E
$GIGSV,1,1,02,09,27,282,39,10,54,164,45*6E
$GIGSV,1,1,02,09,27,282,39,10,54,164,45*6E
$GIGSV,1,1,02,09,27,282,39,10,54,164,45*6E
$GIGSV,1,1,02,09,27,282,39,10,54,164,45*6E
$GIGSV,1,1,02,09,27,282,39,10,54,164,45*6E
$GIGSV,1,1,02,09,27,282,39,10,54,164,45*6E
$GIGSV,1,1,02,09,27,282,39,10,54,164,45*6E
$GIGSV,1,1,02,09,27,282,39,10,54,164,45*6E
$GIGSV,1,1,02,09,27,282,39,10,54,164,45*6E
$GIGSV,1,1,02,09,27,282,39,10,54,164,45*6E
$GIGSV,1,1,02,09,27,282,39,10,54,164,45*6E
$GIGSV,1,1,02,09,27,282,39,10,54,164,45*6E
$GIGSV,1,1,02,09,27,282,39,10,54,164,45*6E
$GIGSV,1,1,02,09,27,282,39,10,54,164,45*6E
$GIGSV,1,1,02,09,27,282,39,10,54,164,45*6E
$GIGSV,1,1,02,09,27,282,39,10,54,164,45*6E
$GIGSV,1,1,02,09,27,282,39,10,54,164,45*6E
$GIGSV,1,1,02,09,27,282,39,10,54,164,45*6E
$GIGSV,1,1,02,09,27,282,39,10,54,164,45*6E
$GIGSV,1,1,02,09,27,282,39,10,54,164,45*6E
$GIGSV,1,1,02,09,27,282,39,10,54,164,45*6E
$GIGSV,1,1,02,09,27,282,39,10,54,164,45*6E
$GIGSV,1,1,02,09,27,282,39,10,54,164,45*6E
$GIGSV,1,1,02,09,27,282,39,10,54,164,45*6E
$GIGSV,1,1,02,09,27,282,39,10,54,164,45*6E
$GIGSV,1,1,02,09,27,282,39,10,54,164,45*6E
$GIGSV,1,1,02,09,27,282,39,10,54,164,45*6E
$GIGSV,1,1,02,09,27,282,39,10,54,164,45*6E
$GIGSV,1,1,02,09,27,282,39,10,54,164,45*6E
$GIGSV,1,1,02,09,27,282,39,10,54,164,45*6E
$GIGSV,1,1,02,09,27,282,39,10,54,164,45*6E
$GIGSV,1,1,02,09,27,282,39,10,54,164,45*6E
$GIGSV,1,1,02,09,27,282,39,10,54,164,45*6E
$GIGSV,1,1,02,09,27,282,39,10,54,164,45*6E
$GIGSV,1,1,02,09,27,282,39,10,54,164,45*6E
$GIGSV,1,1,02,09,27,282,39,10,54,164,45*6E
$GIGSV,1,1,02,09,27,282,39,10,54,164,45*6E
$GIGSV,1,1,02,09,27,282,39,10,54,164,45*6E
$GIGSV,1,1,02,09,27,282,39,10,54,164,45*6E
$GIGSV,1,1,02,09,27,282,39,10,54,164,45*6E
$GIGSV,1,1,02,09,27,282,40,10,54,164,45*60
$GIGSV,1,1,02,09,27,282,40,10,54,164,45*60
$GIGSV,1,1,02,09,27,282,40,10,54,164,45*60
$GIGSV,1,1,02,09,27,282,39,10,54,164,45*6E
$GIGSV,1,1,02,09,27,282,39,10,54,164,45*6E
$GIGSV,1,1,02,09,27,282,39,10,54,164,45*6E
$GIGSV,1,1,02,09,27,282,39,10,54,164,45*6E
$GIGSV,1,1,02,09,27,282,39,10,54,164,45*6E
$GIGSV,1,1,02,09,27,282,39,10,54,164,45*6E
$GIGSV,1,1,02,09,27,282,39,10,54,164,45*6E
$GIGSV,1,1,02,09,27,282,39,10,54,164,45*6E
$GIGSV,1,1,02,09,27,282,39,10,54,164,45*6E
$GIGSV,1,1,02,09,27,282,39,10,54,164,45*6E
$GIGSV,1,1,02,09,27,282,39,10,54,164,45*6E
$GIGSV,1,1,02,09,27,282,39,10,54,164,45*6E
$GIGSV,1,1,02,09,27,282,39,10,54,164,45*6E
$GIGSV,1,1,02,09,27,282,39,10,54,164,45*6E
$GIGSV,1,1,02,09,27,282,39,10,54,164,45*6E
$GIGSV,1,1,02,09,27,282,39,10,54,164,45*6E
$GIGSV,1,1,02,09,27,282,39,10,54,164,45*6E
$GIGSV,1,1,02,09,27,282,39,10,54,164,45*6E
$GIGSV,1,1,02,09,27,282,39,10,54,164,45*6E
$GIGSV,1,1,02,09,27,282,39,10,54,164,45*6E
$GIGSV,1,1,02,09,27,282,39,10,54,164,46*6D
$GIGSV,1,1,02,09,27,282,39,10,54,164,46*6D
$GIGSV,1,1,02,09,27,282,39,10,54,164,46*6D
$GIGSV,1,1,02,09,27,282,39,10,54,164,45*6E
$GIGSV,1,1,02,09,27,282,39,10,54,164,45*6E
$GIGSV,1,1,02,09,27,282,39,10,54,164,45*6E
$GIGSV,1,1,02,09,27,282,39,10,54,164,45*6E
$GIGSV,1,1,02,09,27,282,39,10,54,164,45*6E
$GIGSV,1,1,02,09,27,282,39,10,54,164,45*6E
$GIGSV,1,1,02,09,27,282,40,10,54,164,45*60
$GIGSV,1,1,02,09,27,282,40,10,54,164,45*60
$GIGSV,1,1,02,09,27,282,40,10,54,164,45*60
$GIGSV,1,1,02,09,27,282,39,10,54,164,45*6E
$GIGSV,1,1,02,09,27,282,39,10,54,164,45*6E
$GIGSV,1,1,02,09,27,282,39,10,54,164,45*6E
$GIGSV,1,1,02,09,27,282,39,10,54,164,45*6E
$GIGSV,1,1,02,09,27,282,39,10,54,164,45*6E
$GIGSV,1,1,02,09,27,282,39,10,54,164,45*6E
$GIGSV,1,1,02,09,27,282,39,10,54,164,45*6E
$GIGSV,1,1,02,09,27,282,39,10,54,164,45*6E
$GIGSV,1,1,02,09,27,282,39,10,54,164,45*6E
$GIGSV,1,1,02,09,27,282,39,10,54,164,45*6E
$GIGSV,1,1,02,09,27,282,39,10,54,164,45*6E
$GIGSV,1,1,02,09,27,282,39,10,54,164,45*6E
$GIGSV,1,1,02,09,27,282,39,10,54,164,45*6E
$GIGSV,1,1,02,09,27,282,39,10,54,164,45*6E
$GIGSV,1,1,02,09,27,282,39,10,54,164,45*6E
$GIGSV,1,1,02,09,27,282,39,10,54,164,45*6E
$GIGSV,1,1,02,09,27,282,39,10,54,164,45*6E
$GIGSV,1,1,02,09,27,282,39,10,54,164,44*6F
$GIGSV,1,1,02,09,27,282,39,10,54,164,44*6F
$GIGSV,1,1,02,09,27,282,39,10,54,164,44*6F
$GIGSV,1,1,02,09,27,282,39,10,54,164,44*6F
$GIGSV,1,1,02,09,27,282,39,10,54,164,44*6F
$GIGSV,1,1,02,09,27,282,39,10,54,164,44*6F
$GIGSV,1,1,02,09,27,282,39,10,54,164,44*6F
$GIGSV,1,1,02,09,27,282,39,10,54,164,44*6F
$GIGSV,1,1,02,09,27,282,39,10,54,164,44*6F
$GIGSV,1,1,02,09,27,282,39,10,54,164,44*6F
$GIGSV,1,1,02,09,27,282,39,10,54,164,44*6F
$GIGSV,1,1,02,09,27,282,39,10,54,164,44*6F
$GIGSV,1,1,02,09,27,282,39,10,54,164,44*6F
$GIGSV,1,1,02,09,27,282,39,10,54,164,44*6F
$GIGSV,1,1,02,09,27,282,39,10,54,164,44*6F
$GIGSV,1,1,02,09,27,282,39,10,54,164,44*6F
$GIGSV,1,1,02,09,27,282,39,10,54,164,44*6F
$GIGSV,1,1,02,09,27,282,39,10,54,164,44*6F
$GIGSV,1,1,02,09,27,282,39,10,54,164,44*6F
$GIGSV,1,1,02,09,27,282,39,10,54,164,44*6F
$GIGSV,1,1,02,09,27,282,39,10,54,164,44*6F
$GIGSV,1,1,02,09,27,282,39,10,54,164,44*6F
$GIGSV,1,1,02,09,27,282,39,10,54,164,43*68
$GIGSV,1,1,02,09,27,282,40,10,54,164,43*66
$GIGSV,1,1,02,09,27,282,40,10,54,164,43*66
$GIGSV,1,1,02,09,27,282,40,10,54,164,43*66
$GIGSV,1,1,02,09,27,282,40,10,54,164,43*66
$GIGSV,1,1,02,09,27,282,40,10,54,164,43*66
$GIGSV,1,1,02,09,27,282,40,10,54,164,43*66
$GIGSV,1,1,02,09,27,282,40,10,54,164,43*66
$GIGSV,1,1,02,09,27,282,40,10,54,164,43*66
$GIGSV,1,1,02,09,27,282,40,10,54,164,43*66
$GIGSV,1,1,02,09,27,282,40,10,54,164,43*66
$GIGSV,1,1,02,09,27,282,40,10,54,164,43*66
$GIGSV,1,1,02,09,27,282,40,10,54,164,43*66
$GIGSV,1,1,02,09,27,282,40,10,54,164,43*66
$GIGSV,1,1,02,09,27,282,40,10,54,164,43*66
$GIGSV,1,1,02,09,27,282,40,10,54,164,43*66
$GIGSV,1,1,02,09,27,282,40,10,54,164,43*66
$GIGSV,1,1,02,09,27,282,40,10,54,164,43*66
$GIGSV,1,1,02,09,27,282,40,10,54,164,43*66
$GIGSV,1,1,02,09,27,282,40,10,54,164,43*66
$GIGSV,1,1,02,09,27,282,40,10,54,164,43*66
$GIGSV,1,1,02,09,27,282,40,10,54,164,43*66
$GIGSV,1,1,02,09,27,282,40,10,54,164,43*66
$GIGSV,1,1,02,09,27,282,40,10,54,164,43*66
$GIGSV,1,1,02,09,27,282,40,10,54,164,43*66
$GIGSV,1,1,02,09,27,282,40,10,54,164,43*66
$GIGSV,1,1,02,09,27,282,40,10,54,164,43*66
$GIGSV,1,1,02,09,27,282,40,10,54,164,43*66
$GIGSV,1,1,02,09,27,282,40,10,54,164,43*66
$GIGSV,1,1,02,09,27,282,40,10,54,164,44*61
$GIGSV,1,1,02,09,27,282,40,10,54,164,44*61
$GIGSV,1,1,02,09,27,282,40,10,54,164,44*61
$GIGSV,1,1,02,09,27,282,40,10,54,164,44*61
$GIGSV,1,1,02,09,27,282,40,10,54,164,44*61
$GIGSV,1,1,02,09,27,282,40,10,54,164,44*61
$GIGSV,1,1,02,09,27,282,40,10,54,164,44*61
$GIGSV,1,1,02,09,27,282,40,10,54,164,44*61
$GIGSV,1,1,02,09,27,282,40,10,54,164,44*61
$GIGSV,1,1,02,09,27,282,40,10,54,164,43*66
$GIGSV,1,1,02,09,27,282,40,10,54,164,43*66
$GIGSV,1,1,02,09,27,282,40,10,54,164,43*66
$GIGSV,1,1,02,09,27,282,40,10,54,164,43*66
$GIGSV,1,1,02,09,27,282,40,10,54,164,43*66
$GIGSV,1,1,02,09,27,282,40,10,54,164,43*66
$GIGSV,1,1,02,09,27,282,40,10,54,164,43*66
$GIGSV,1,1,02,09,27,282,40,10,54,164,43*66
$GIGSV,1,1,02,09,27,282,40,10,54,164,43*66
$GIGSV,1,1,02,09,27,282,40,10,54,164,43*66
$GIGSV,1,1,02,09,27,282,40,10,54,164,43*66
$GIGSV,1,1,02,09,27,282,40,10,54,164,43*66
$GIGSV,1,1,02,09,27,282,40,10,54,164,43*66
$GIGSV,1,1,02,09,27,282,40,10,54,164,43*66
$GIGSV,1,1,02,09,27,282,40,10,54,164,43*66
$GIGSV,1,1,02,09,27,282,40,10,54,164,43*66
$GIGSV,1,1,02,09,27,282,40,10,54,164,43*66
$GIGSV,1,1,02,09,27,282,40,10,54,164,43*66
$GIGSV,1,1,02,09,27,282,40,10,54,164,43*66
$GIGSV,1,1,02,09,27,282,40,10,54,164,43*66
$GIGSV,1,1,02,09,27,282,40,10,54,164,43*66
$GIGSV,1,1,02,09,27,282,40,10,54,164,43*66
$GIGSV,1,1,02,09,27,282,40,10,54,164,43*66
$GIGSV,1,1,02,09,27,282,40,10,54,164,43*66
$GIGSV,1,1,02,09,27,282,40,10,54,164,43*66
$GIGSV,1,1,02,09,27,282,40,10,54,164,43*66
$GIGSV,1,1,02,09,27,282,40,10,54,164,43*66
$GIGSV,1,1,02,09,27,282,39,10,54,164,43*68
$GIGSV,1,1,02,09,27,282,39,10,54,164,43*68
$GIGSV,1,1,02,09,27,282,39,10,54,164,43*68
$GIGSV,1,1,02,09,27,282,39,10,54,164,43*68
$GIGSV,1,1,02,09,27,282,39,10,54,164,43*68
$GIGSV,1,1,02,09,27,282,39,10,54,164,43*68
$GIGSV,1,1,02,09,27,282,39,10,54,164,43*68
$GIGSV,1,1,02,09,27,282,39,10,54,164,43*68
$GIGSV,1,1,02,09,27,282,39,10,54,164,43*68
$GIGSV,1,1,02,09,27,282,39,10,54,164,43*68
$GIGSV,1,1,02,09,27,282,40,10,54,164,43*66
$GIGSV,1,1,02,09,27,282,40,10,54,164,43*66
$GIGSV,1,1,02,09,27,282,40,10,54,164,43*66
$GIGSV,1,1,02,09,27,282,40,10,54,164,43*66
$GIGSV,1,1,02,09,27,282,40,10,54,164,43*66
$GIGSV,1,1,02,09,27,282,40,10,54,164,43*66
$GIGSV,1,1,02,09,27,282,40,10,54,164,43*66
$GIGSV,1,1,02,09,27,282,40,10,54,164,43*66
$GIGSV,1,1,02,09,27,282,40,10,54,164,43*66
$GIGSV,1,1,02,09,27,282,40,10,54,164,43*66
$GIGSV,1,1,02,09,27,282,40,10,54,164,43*66
$GIGSV,1,1,02,09,27,282,40,10,54,164,43*66
$GIGSV,1,1,02,09,27,282,40,10,54,164,43*66
$GIGSV,1,1,02,09,27,282,40,10,54,164,43*66
$GIGSV,1,1,02,09,27,282,40,10,54,164,43*66
$GIGSV,1,1,02,09,27,282,40,10,54,164,43*66
$GIGSV,1,1,02,09,27,282,40,10,54,164,43*66
$GIGSV,1,1,02,09,27,282,40,10,54,164,43*66
$GIGSV,1,1,02,09,27,282,40,10,54,164,43*66
$GIGSV,1,1,02,09,27,282,40,10,54,164,43*66
$GIGSV,1,1,02,09,27,282,40,10,54,164,43*66
$GIGSV,1,1,02,09,27,282,40,10,54,164,43*66
$GIGSV,1,1,02,09,27,282,40,10,54,164,43*66
$GIGSV,1,1,02,09,27,282,40,10,54,164,43*66
$GIGSV,1,1,02,09,27,282,40,10,54,164,43*66
$GIGSV,1,1,02,09,27,282,40,10,54,164,43*66
$GIGSV,1,1,02,09,27,282,40,10,54,164,44*61
$GIGSV,1,1,02,09,27,282,40,10,54,164,44*61
$GIGSV,1,1,02,09,27,282,40,10,54,164,44*61
$GIGSV,1,1,02,09,27,282,40,10,54,164,44*61
$GIGSV,1,1,02,09,27,282,40,10,54,164,44*61
$GIGSV,1,1,02,09,27,282,40,10,54,164,44*61
$GIGSV,1,1,02,09,27,282,40,10,54,164,44*61
$GIGSV,1,1,02,09,27,282,40,10,54,164,44*61
$GIGSV,1,1,02,09,27,282,40,10,54,164,44*61
$GIGSV,1,1,02,09,27,282,40,10,54,164,44*61
$GIGSV,1,1,02,09,27,282,40,10,54,164,44*61
$GIGSV,1,1,02,09,27,282,40,10,54,164,44*61
$GIGSV,1,1,02,09,27,282,39,10,54,164,44*6F
$GIGSV,1,1,02,09,27,282,39,10,54,164,44*6F
$GIGSV,1,1,02,09,27,282,39,10,54,164,44*6F
$GIGSV,1,1,02,09,27,282,39,10,54,164,44*6F
$GIGSV,1,1,02,09,27,282,39,10,54,164,44*6F
$GIGSV,1,1,02,09,27,282,39,10,54,164,44*6F
$GIGSV,1,1,02,09,27,282,39,10,54,164,44*6F
$GIGSV,1,1,02,09,27,282,39,10,54,164,44*6F
$GIGSV,1,1,02,09,27,282,39,10,54,164,44*6F
$GIGSV,1,1,02,09,27,282,39,10,54,164,44*6F
$GIGSV,1,1,02,09,27,282,39,10,54,164,44*6F
$GIGSV,1,1,02,09,27,282,39,10,54,164,44*6F
$GIGSV,1,1,02,09,27,282,39,10,54,164,44*6F
$GIGSV,1,1,02,09,27,282,39,10,54,164,44*6F
$GIGSV,1,1,02,09,27,282,39,10,54,164,44*6F
$GIGSV,1,1,02,09,27,282,39,10,54,164,44*6F
$GIGSV,1,1,02,09,27,282,39,10,54,164,44*6F
$GIGSV,1,1,02,09,27,282,39,10,54,164,44*6F
$GIGSV,1,1,02,09,27,282,39,10,54,164,44*6F
$GIGSV,1,1,02,09,27,282,39,10,54,164,44*6F
$GIGSV,1,1,02,09,27,282,39,10,54,164,44*6F
$GIGSV,1,1,02,09,27,282,39,10,54,164,44*6F
$GIGSV,1,1,02,09,27,282,39,10,54,164,44*6F
$GIGSV,1,1,02,09,27,282,39,10,54,164,44*6F
$GIGSV,1,1,02,09,27,282,39,10,54,164,44*6F
$GIGSV,1,1,02,09,27,282,39,10,54,164,44*6F
$GIGSV,1,1,02,09,27,282,39,10,54,164,44*6F
$GIGSV,1,1,02,09,27,282,39,10,54,164,44*6F
$GIGSV,1,1,02,09,27,282,39,10,54,164,44*6F
$GIGSV,1,1,02,09,27,282,39,10,54,164,44*6F
$GIGSV,1,1,02,09,27,282,39,10,54,164,44*6F
$GIGSV,1,1,02,09,27,282,39,10,54,164,44*6F
$GIGSV,1,1,02,09,27,282,39,10,54,164,44*6F
$GIGSV,1,1,02,09,27,282,39,10,54,164,44*6F
$GIGSV,1,1,02,09,27,282,39,10,54,164,44*6F
$GIGSV,1,1,02,09,27,282,39,10,54,164,44*6F
$GIGSV,1,1,02,09,27,282,39,10,54,164,44*6F
$GIGSV,1,1,02,09,27,282,39,10,54,164,44*6F
$GIGSV,1,1,02,09,27,282,39,10,54,164,44*6F
$GIGSV,1,1,02,09,27,282,39,10,54,164,44*6F
$GIGSV,1,1,02,09,27,282,39,10,54,164,44*6F
$GIGSV,1,1,02,09,27,282,39,10,54,164,44*6F
$GIGSV,1,1,02,09,27,282,39,10,54,164,44*6F
$GIGSV,1,1,02,09,27,282,39,10,54,164,44*6F
$GIGSV,1,1,02,09,27,282,39,10,54,164,44*6F
$GIGSV,1,1,02,09,27,282,40,10,54,164,44*61
$GIGSV,1,1,02,09,27,282,40,10,54,164,44*61
$GIGSV,1,1,02,09,27,282,40,10,54,164,44*61
$GIGSV,1,1,02,09,27,282,40,10,54,164,44*61
$GIGSV,1,1,02,09,27,282,40,10,54,164,44*61
$GIGSV,1,1,02,09,27,282,40,10,54,164,44*61
$GIGSV,1,1,02,09,27,282,40,10,54,164,44*61
$GIGSV,1,1,02,09,27,282,40,10,54,164,45*60
$GIGSV,1,1,02,09,27,282,39,10,54,164,45*6E
$GIGSV,1,1,02,09,27,282,39,10,54,164,45*6E
$GIGSV,1,1,02,09,27,282,39,10,54,164,45*6E
$GIGSV,1,1,02,09,27,282,39,10,54,164,45*6E
$GIGSV,1,1,02,09,27,282,39,10,54,164,45*6E
$GIGSV,1,1,02,09,27,282,40,10,54,164,45*60
$GIGSV,1,1,02,09,27,282,40,10,54,164,45*60
$GIGSV,1,1,02,09,27,282,40,10,54,164,45*60
$GIGSV,1,1,02,09,27,282,40,10,54,164,45*60
$GIGSV,1,1,02,09,27,282,40,10,54,164,45*60
$GIGSV,1,1,02,09,27,282,40,10,54,164,45*60
$GIGSV,1,1,02,09,27,282,40,10,54,164,45*60
$GIGSV,1,1,02,09,27,282,40,10,54,164,45*60
$GIGSV,1,1,02,09,27,282,40,10,54,164,45*60
$GIGSV,1,1,02,09,27,282,40,10,54,164,45*60
$GIGSV,1,1,02,09,27,282,40,10,54,164,46*63
$GIGSV,1,1,02,09,27,282,40,10,54,164,46*63
$GIGSV,1,1,02,09,27,282,40,10,54,164,46*63
$GIGSV,1,1,02,09,27,282,40,10,54,164,46*63
$GIGSV,1,1,02,09,27,282,40,10,54,164,46*63
$GIGSV,1,1,02,09,27,282,40,10,54,164,46*63
$GIGSV,1,1,02,09,27,282,40,10,54,164,46*63
$GIGSV,1,1,02,09,27,282,40,10,54,164,46*63
$GIGSV,1,1,02,09,27,282,40,10,54,164,46*63
$GIGSV,1,1,02,09,27,282,40,10,54,164,46*63
$GIGSV,1,1,02,09,27,282,40,10,54,164,46*63
$GIGSV,1,1,02,09,27,282,40,10,54,164,46*63
$GIGSV,1,1,02,09,27,282,40,10,54,164,46*63
$GIGSV,1,1,02,09,27,282,40,10,54,164,46*63
$GIGSV,1,1,02,09,27,282,40,10,54,164,46*63
$GIGSV,1,1,02,09,27,282,40,10,54,164,46*63
$GIGSV,1,1,02,09,27,282,40,10,54,164,46*63
$GIGSV,1,1,02,09,27,282,40,10,54,164,46*63
$GIGSV,1,1,02,09,27,282,40,10,54,164,46*63
$GIGSV,1,1,02,09,27,282,40,10,54,164,46*63
$GIGSV,1,1,02,09,27,282,39,10,54,164,46*6D
$GIGSV,1,1,02,09,27,282,39,10,54,164,46*6D
$GIGSV,1,1,02,09,27,282,39,10,54,164,46*6D
$GIGSV,1,1,02,09,27,282,40,10,54,164,46*63
$GIGSV,1,1,02,09,27,282,40,10,54,164,47*62
$GIGSV,1,1,02,09,27,282,40,10,54,164,47*62
$GIGSV,1,1,02,09,27,282,40,10,54,164,47*62
$GIGSV,1,1,02,09,27,282,40,10,54,164,47*62
$GIGSV,1,1,02,09,27,282,40,10,54,164,47*62
$GIGSV,1,1,02,09,27,282,40,10,54,164,47*62
$GIGSV,1,1,02,09,27,282,40,10,54,164,47*62
$GIGSV,1,1,02,09,27,282,40,10,54,164,47*62
$GIGSV,1,1,02,09,27,282,40,10,54,164,47*62
$GIGSV,1,1,02,09,27,282,41,10,54,164,47*63
$GIGSV,1,1,02,09,27,282,41,10,54,164,47*63
$GIGSV,1,1,02,09,27,282,41,10,54,164,47*63
$GIGSV,1,1,02,09,27,282,41,10,54,164,47*63
$GIGSV,1,1,02,09,27,282,41,10,54,164,47*63
$GIGSV,1,1,02,09,27,282,41,10,54,164,47*63
$GIGSV,1,1,02,09,27,282,41,10,54,164,47*63
$GIGSV,1,1,02,09,27,282,41,10,54,164,47*63
$GIGSV,1,1,02,09,27,282,41,10,54,164,47*63
$GIGSV,1,1,02,09,27,282,41,10,54,164,47*63
$GIGSV,1,1,02,09,27,282,41,10,54,164,47*63
$GIGSV,1,1,02,09,27,282,41,10,54,164,47*63
$GIGSV,1,1,02,09,27,282,41,10,54,164,47*63
$GIGSV,1,1,02,09,27,282,41,10,54,164,47*63
$GIGSV,1,1,02,09,27,282,41,10,54,164,47*63
$GIGSV,1,1,02,09,27,282,41,10,54,164,47*63
$GIGSV,1,1,02,09,27,282,41,10,54,164,47*63
$GIGSV,1,1,02,09,27,282,41,10,54,164,47*63
$GIGSV,1,1,02,09,27,282,41,10,54,164,47*63
$GIGSV,1,1,02,09,27,282,41,10,54,164,47*63
$GIGSV,1,1,02,09,27,282,41,10,54,164,47*63
$GIGSV,1,1,02,09,27,282,41,10,54,164,47*63
$GIGSV,1,1,02,09,27,282,41,10,54,164,47*63
$GIGSV,1,1,02,09,27,282,41,10,54,164,47*63
$GIGSV,1,1,02,09,27,282,41,10,54,164,47*63
$GIGSV,1,1,02,09,27,282,41,10,54,164,47*63
$GIGSV,1,1,02,09,27,282,41,10,54,164,47*63
$GIGSV,1,1,02,09,27,282,41,10,54,164,47*63
$GIGSV,1,1,02,09,27,282,41,10,54,164,47*63
$GIGSV,1,1,02,09,27,282,41,10,54,164,47*63
$GIGSV,1,1,02,09,27,282,41,10,54,164,47*63
$GIGSV,1,1,02,09,27,282,41,10,54,164,47*63
$GIGSV,1,1,02,09,27,282,41,10,54,164,47*63
$GIGSV,1,1,02,09,27,282,41,10,54,164,47*63
$GIGSV,1,1,02,09,27,282,41,10,54,164,47*63
$GIGSV,1,1,02,09,27,282,41,10,54,164,47*63
$GIGSV,1,1,02,09,27,282,41,10,54,164,47*63
$GIGSV,1,1,02,09,27,282,41,10,54,164,47*63
$GIGSV,1,1,02,09,27,282,41,10,54,164,47*63
$GIGSV,1,1,02,09,27,282,41,10,54,164,47*63
$GIGSV,1,1,02,09,27,282,42,10,54,164,47*60
$GIGSV,1,1,02,09,27,282,42,10,54,164,47*60
$GIGSV,1,1,02,09,27,282,42,10,54,164,47*60
$GIGSV,1,1,02,09,27,282,42,10,54,164,47*60
$GIGSV,1,1,02,09,27,282,42,10,54,164,47*60
$GIGSV,1,1,02,09,27,282,42,10,54,164,47*60
$GIGSV,1,1,02,09,27,282,42,10,54,164,47*60
$GIGSV,1,1,02,09,27,282,42,10,54,164,47*60
$GIGSV,1,1,02,09,27,282,43,10,54,164,47*61
$GIGSV,1,1,02,09,27,282,43,10,54,164,47*61
$GIGSV,1,1,02,09,27,282,43,10,54,164,47*61
$GIGSV,1,1,02,09,27,282,43,10,54,164,47*61
$GIGSV,1,1,02,09,27,282,43,10,54,164,47*61
$GIGSV,1,1,02,09,27,282,43,10,54,164,47*61
$GIGSV,1,1,02,09,27,282,43,10,54,164,47*61
$GIGSV,1,1,02,09,27,282,43,10,54,164,47*61
$GIGSV,1,1,02,09,27,282,43,10,54,164,47*61
$GIGSV,1,1,02,09,27,282,43,10,54,164,47*61
$GIGSV,1,1,02,09,27,282,43,10,54,164,47*61
$GIGSV,1,1,02,09,27,282,43,10,54,164,47*61
$GIGSV,1,1,02,09,27,282,43,10,54,164,47*61
$GIGSV,1,1,02,09,27,282,43,10,54,164,47*61
$GIGSV,1,1,02,09,27,282,43,10,54,164,47*61
$GIGSV,1,1,02,09,27,282,43,10,54,164,46*60
$GIGSV,1,1,02,09,27,282,43,10,54,164,46*60
$GIGSV,1,1,02,09,27,282,43,10,54,164,46*60
$GIGSV,1,1,02,09,27,282,43,10,54,164,46*60
$GIGSV,1,1,02,09,27,282,43,10,54,164,46*60
$GIGSV,1,1,02,09,27,282,43,10,54,164,46*60
$GIGSV,1,1,02,09,27,282,43,10,54,164,46*60
$GIGSV,1,1,02,09,27,282,43,10,54,164,46*60
$GIGSV,1,1,02,09,27,282,43,10,54,164,46*60
$GIGSV,1,1,02,09,27,282,43,10,54,164,46*60
$GIGSV,1,1,02,09,27,282,43,10,54,164,46*60
$GIGSV,1,1,02,09,27,282,43,10,54,164,46*60
$GIGSV,1,1,02,09,27,282,42,10,54,164,46*61
$GIGSV,1,1,02,09,27,282,42,10,54,164,46*61
$GIGSV,1,1,02,09,27,282,42,10,54,164,46*61
$GIGSV,1,1,02,09,27,282,42,10,54,164,46*61
$GIGSV,1,1,02,09,27,282,42,10,54,164,46*61
$GIGSV,1,1,02,09,27,282,42,10,54,164,46*61
$GIGSV,1,1,02,09,27,282,42,10,54,164,46*61
$GIGSV,1,1,02,09,27,282,42,10,54,164,46*61
$GIGSV,1,1,02,09,27,282,42,10,54,164,46*61
$GIGSV,1,1,02,09,27,282,42,10,54,164,46*61
$GIGSV,1,1,02,09,27,282,42,10,54,164,46*61
$GIGSV,1,1,02,09,27,282,42,10,54,164,46*61
$GIGSV,1,1,02,09,27,282,42,10,54,164,46*61
$GIGSV,1,1,02,09,27,282,42,10,54,164,46*61
$GIGSV,1,1,02,09,27,282,42,10,54,164,46*61
$GIGSV,1,1,02,09,27,282,42,10,54,164,46*61
$GIGSV,1,1,02,09,27,282,42,10,54,164,46*61
$GIGSV,1,1,02,09,27,282,42,10,54,164,46*61
$GIGSV,1,1,02,09,27,282,42,10,54,164,46*61
$GIGSV,1,1,02,09,27,282,42,10,54,164,46*61
$GIGSV,1,1,02,09,27,282,42,10,54,164,46*61
$GIGSV,1,1,02,09,27,282,42,10,54,164,46*61
$GIGSV,1,1,02,09,27,282,42,10,54,164,46*61
$GIGSV,1,1,02,09,27,282,42,10,54,164,46*61
$GIGSV,1,1,02,09,27,282,42,10,54,164,46*61
$GIGSV,1,1,02,09,27,282,42,10,54,164,46*61
$GIGSV,1,1,02,09,27,282,43,10,54,164,46*60
$GIGSV,1,1,02,09,27,282,43,10,54,164,46*60
$GIGSV,1,1,02,09,27,282,43,10,54,164,46*60
$GIGSV,1,1,02,09,27,282,43,10,54,164,46*60
$GIGSV,1,1,02,09,27,282,43,10,54,164,46*60
$GIGSV,1,1,02,09,27,282,43,10,54,164,46*60
$GIGSV,1,1,02,09,27,282,43,10,54,164,46*60
$GIGSV,1,1,02,09,27,282,43,10,54,164,46*60
$GIGSV,1,1,02,09,27,282,43,10,54,164,46*60
$GIGSV,1,1,02,09,27,282,43,10,54,164,46*60
$GIGSV,1,1,02,09,27,282,43,10,54,164,46*60
$GIGSV,1,1,02,09,27,282,43,10,54,164,46*60
$GIGSV,1,1,02,09,27,282,43,10,54,164,46*60
$GIGSV,1,1,02,09,27,282,43,10,54,164,46*60
$GIGSV,1,1,02,09,27,282,43,10,54,164,46*60
$GIGSV,1,1,02,09,27,282,43,10,54,164,46*60
$GIGSV,1,1,02,09,27,282,43,10,54,164,46*60
$GIGSV,1,1,02,09,27,282,43,10,54,164,46*60
$GIGSV,1,1,02,09,27,282,43,10,54,164,46*60
$GIGSV,1,1,02,09,27,282,43,10,54,164,46*60
$GIGSV,1,1,02,09,27,282,43,10,54,164,46*60
$GIGSV,1,1,02,09,27,282,43,10,54,164,46*60
$GIGSV,1,1,02,09,27,282,43,10,54,164,46*60
$GIGSV,1,1,02,09,27,282,43,10,54,164,46*60
$GIGSV,1,1,02,09,27,282,43,10,54,164,46*60
$GIGSV,1,1,02,09,27,282,43,10,54,164,46*60
$GIGSV,1,1,02,09,27,282,43,10,54,164,46*60
$GIGSV,1,1,02,09,27,282,43,10,54,164,46*60
$GIGSV,1,1,02,09,27,282,43,10,54,164,46*60
$GIGSV,1,1,02,09,27,282,43,10,54,164,46*60
$GIGSV,1,1,02,09,27,282,43,10,54,164,46*60
$GIGSV,1,1,02,09,27,282,43,10,54,164,46*60
$GIGSV,1,1,02,09,27,282,42,10,54,164,46*61
$GIGSV,1,1,02,09,27,282,42,10,54,164,46*61
$GIGSV,1,1,02,09,27,282,42,10,54,164,46*61
$GIGSV,1,1,02,09,27,282,42,10,54,164,46*61
$GIGSV,1,1,02,09,27,282,42,10,54,164,46*61
$GIGSV,1,1,02,09,27,282,42,10,54,164,46*61
$GIGSV,1,1,02,09,27,282,42,10,54,164,46*61
$GIGSV,1,1,02,09,27,282,42,10,54,164,46*61
$GIGSV,1,1,02,09,27,282,42,10,54,164,46*61
$GIGSV,1,1,02,09,27,282,42,10,54,164,46*61
$GIGSV,1,1,02,09,27,282,42,10,54,164,46*61
$GIGSV,1,1,02,09,27,282,42,10,54,164,46*61
$GIGSV,1,1,02,09,27,282,42,10,54,164,46*61
$GIGSV,1,1,02,09,27,282,42,10,54,164,46*61
$GIGSV,1,1,02,09,27,282,42,10,54,164,46*61
$GIGSV,1,1,02,09,27,282,42,10,54,164,46*61
$GIGSV,1,1,02,09,27,282,42,10,54,164,46*61
$GIGSV,1,1,02,09,27,282,42,10,54,164,46*61
$GIGSV,1,1,02,09,27,282,42,10,54,164,46*61
$GIGSV,1,1,02,09,27,282,42,10,54,164,46*61
$GIGSV,1,1,02,09,27,282,42,10,54,164,46*61
$GIGSV,1,1,02,09,27,282,42,10,54,164,46*61
$GIGSV,1,1,02,09,27,282,41,10,54,164,46*62
$GIGSV,1,1,02,09,27,282,41,10,54,164,46*62
$GIGSV,1,1,02,09,27,282,41,10,54,164,46*62
$GIGSV,1,1,02,09,27,282,41,10,54,164,46*62
$GIGSV,1,1,02,09,27,282,41,10,54,164,46*62
$GIGSV,1,1,02,09,27,282,41,10,54,164,46*62
$GIGSV,1,1,02,09,27,282,41,10,54,164,46*62
$GIGSV,1,1,02,09,27,282,41,10,54,164,46*62
$GIGSV,1,1,02,09,27,282,41,10,54,164,46*62
$GIGSV,1,1,02,09,27,282,41,10,54,164,46*62
$GIGSV,1,1,02,09,27,282,41,10,54,164,46*62
$GIGSV,1,1,02,09,27,282,41,10,54,164,46*62
$GIGSV,1,1,02,09,27,282,41,10,54,164,46*62
$GIGSV,1,1,02,09,27,282,41,10,54,164,46*62
$GIGSV,1,1,02,09,27,282,41,10,54,164,46*62
$GIGSV,1,1,02,09,27,282,41,10,54,164,46*62
$GIGSV,1,1,02,09,27,282,41,10,54,164,46*62
$GIGSV,1,1,02,09,27,282,41,10,54,164,46*62
$GIGSV,1,1,02,09,27,282,41,10,54,164,46*62
$GIGSV,1,1,02,09,27,282,41,10,54,164,46*62
$GIGSV,1,1,02,09,27,282,41,10,54,164,46*62
$GIGSV,1,1,02,09,27,282,41,10,54,164,46*62
$GIGSV,1,1,02,09,27,282,41,10,54,164,46*62
$GIGSV,1,1,02,09,27,282,41,10,54,164,46*62
$GIGSV,1,1,02,09,27,282,41,10,54,164,46*62
$GIGSV,1,1,02,09,27,282,41,10,54,164,46*62
$GIGSV,1,1,02,09,27,282,41,10,54,164,46*62
$GIGSV,1,1,02,09,27,282,41,10,54,164,46*62
$GIGSV,1,1,02,09,27,282,41,10,54,164,46*62
$GIGSV,1,1,02,09,27,282,41,10,54,164,46*62
$GIGSV,1,1,02,09,27,282,41,10,54,164,46*62
$GIGSV,1,1,02,09,27,282,41,10,54,164,46*62
$GIGSV,1,1,02,09,27,282,41,10,54,164,46*62
$GIGSV,1,1,02,09,27,282,41,10,54,164,46*62
$GIGSV,1,1,02,09,27,282,41,10,54,164,46*62
$GIGSV,1,1,02,09,27,282,41,10,54,164,46*62
$GIGSV,1,1,02,09,27,282,41,10,54,164,46*62
$GIGSV,1,1,02,09,27,282,41,10,54,164,46*62
$GIGSV,1,1,02,09,27,282,41,10,54,164,46*62
$GIGSV,1,1,02,09,27,282,41,10,54,164,46*62
$GIGSV,1,1,02,09,27,282,41,10,54,164,46*62
$GIGSV,1,1,02,09,27,282,41,10,54,164,46*62
$GIGSV,1,1,02,09,27,282,41,10,54,164,46*62
$GIGSV,1,1,02,09,27,282,41,10,54,164,46*62
$GIGSV,1,1,02,09,27,282,41,10,54,164,46*62
$GIGSV,1,1,02,09,27,282,41,10,54,164,46*62
$GIGSV,1,1,02,09,27,282,41,10,54,164,46*62
$GIGSV,1,1,02,09,27,282,41,10,54,164,46*62
$GIGSV,1,1,02,09,27,282,41,10,54,164,46*62
$GIGSV,1,1,02,09,27,282,41,10,54,164,46*62
$GIGSV,1,1,02,09,27,282,41,10,54,164,46*62
$GIGSV,1,1,02,09,27,282,41,10,54,164,46*62
$GIGSV,1,1,02,09,27,282,41,10,54,164,46*62
$GIGSV,1,1,02,09,27,282,41,10,54,164,46*62
$GIGSV,1,1,02,09,27,282,41,10,54,164,46*62
$GIGSV,1,1,02,09,27,282,41,10,54,164,46*62
$GIGSV,1,1,02,09,27,282,41,10,54,164,46*62
$GIGSV,1,1,02,09,27,282,41,10,54,164,46*62
$GIGSV,1,1,02,09,27,282,41,10,54,164,46*62
$GIGSV,1,1,02,09,27,282,41,10,54,164,46*62
$GIGSV,1,1,02,09,27,282,41,10,54,164,46*62
$GIGSV,1,1,02,09,27,282,41,10,54,164,46*62
$GIGSV,1,1,02,09,27,282,41,10,54,164,46*62
$GIGSV,1,1,02,09,27,282,41,10,54,164,46*62
$GIGSV,1,1,02,09,27,282,41,10,54,164,46*62
$GIGSV,1,1,02,09,27,282,41,10,54,164,46*62
$GIGSV,1,1,02,09,27,282,41,10,54,164,46*62
$GIGSV,1,1,02,09,27,282,41,10,54,164,46*62
$GIGSV,1,1,02,09,27,282,41,10,54,164,46*62
$GIGSV,1,1,02,09,27,282,41,10,54,164,46*62
$GIGSV,1,1,02,09,27,282,41,10,54,164,46*62
$GIGSV,1,1,02,09,27,282,41,10,54,164,46*62
$GIGSV,1,1,02,09,27,282,41,10,54,164,46*62
$GIGSV,1,1,02,09,27,282,41,10,54,164,46*62
$GIGSV,1,1,02,09,27,282,41,10,54,164,46*62
$GIGSV,1,1,02,09,27,282,41,10,54,164,46*62
$GIGSV,1,1,02,09,27,282,41,10,54,164,46*62
$GIGSV,1,1,02,09,27,282,42,10,54,164,46*61
$GIGSV,1,1,02,09,27,282,42,10,54,164,46*61
$GIGSV,1,1,02,09,27,282,41,10,54,164,46*62
$GIGSV,1,1,02,09,27,282,41,10,54,164,46*62
$GIGSV,1,1,02,09,27,282,41,10,54,164,46*62
$GIGSV,1,1,02,09,27,282,41,10,54,164,46*62
$GIGSV,1,1,02,09,27,282,41,10,54,164,46*62
$GIGSV,1,1,02,09,27,282,41,10,54,164,46*62
$GIGSV,1,1,02,09,27,282,41,10,54,164,46*62
$GIGSV,1,1,02,09,27,282,41,10,54,164,46*62
$GIGSV,1,1,02,09,27,282,41,10,54,164,46*62
$GIGSV,1,1,02,09,27,282,41,10,54,164,46*62
$GIGSV,1,1,02,09,27,282,41,10,54,164,46*62
$GIGSV,1,1,02,09,27,282,41,10,54,164,46*62
$GIGSV,1,1,02,09,27,282,41,10,54,164,46*62
$GIGSV,1,1,02,09,27,282,41,10,54,164,46*62
$GIGSV,1,1,02,09,27,282,41,10,54,164,46*62
$GIGSV,1,1,02,09,27,282,41,10,54,164,46*62
$GIGSV,1,1,02,09,27,282,41,10,54,164,46*62
$GIGSV,1,1,02,09,27,282,41,10,54,164,46*62
$GIGSV,1,1,02,09,27,282,41,10,54,164,46*62
$GIGSV,1,1,02,09,27,282,41,10,54,164,46*62
$GIGSV,1,1,02,09,27,282,41,10,54,164,46*62
$GIGSV,1,1,02,09,27,282,41,10,54,164,46*62
$GIGSV,1,1,02,09,27,282,41,10,54,164,46*62
$GIGSV,1,1,02,09,27,282,41,10,54,164,46*62
$GIGSV,1,1,02,09,27,282,41,10,54,164,46*62
$GIGSV,1,1,02,09,27,282,41,10,54,164,46*62
$GIGSV,1,1,02,09,27,282,41,10,54,164,46*62
$GIGSV,1,1,02,09,27,282,41,10,54,164,46*62
$GIGSV,1,1,02,09,27,282,41,10,54,164,46*62
$GIGSV,1,1,02,09,27,282,41,10,54,164,46*62
$GIGSV,1,1,02,09,27,282,41,10,54,164,46*62
$GIGSV,1,1,02,09,27,282,41,10,54,164,46*62
$GIGSV,1,1,02,09,27,282,41,10,54,164,46*62
$GIGSV,1,1,02,09,27,282,41,10,54,164,46*62
$GIGSV,1,1,02,09,27,282,41,10,54,164,46*62
$GIGSV,1,1,02,09,27,282,41,10,54,164,46*62
$GIGSV,1,1,02,09,27,282,41,10,54,164,46*62
$GIGSV,1,1,02,09,27,282,41,10,54,164,46*62
$GIGSV,1,1,02,09,27,282,41,10,54,164,46*62
$GIGSV,1,1,02,09,27,282,41,10,54,164,46*62
$GIGSV,1,1,02,09,27,282,41,10,54,164,46*62
$GIGSV,1,1,02,09,27,282,41,10,54,164,46*62
$GIGSV,1,1,02,09,27,282,41,10,54,164,46*62
$GIGSV,1,1,02,09,27,282,41,10,54,164,46*62
$GIGSV,1,1,02,09,27,282,41,10,54,164,46*62
$GIGSV,1,1,02,09,27,282,41,10,54,164,46*62
$GIGSV,1,1,02,09,27,282,41,10,54,164,46*62
$GIGSV,1,1,02,09,27,282,41,10,54,164,46*62
$GIGSV,1,1,02,09,27,282,41,10,54,164,46*62
$GIGSV,1,1,02,09,27,282,41,10,54,164,46*62
$GIGSV,1,1,02,09,27,282,41,10,54,164,46*62
$GIGSV,1,1,02,09,27,282,41,10,54,164,46*62
$GIGSV,1,1,02,09,27,282,41,10,54,164,46*62
$GIGSV,1,1,02,09,27,282,41,10,54,164,46*62
$GIGSV,1,1,02,09,27,282,41,10,54,164,46*62
$GIGSV,1,1,02,09,27,282,41,10,54,164,46*62
$GIGSV,1,1,02,09,27,282,41,10,54,164,46*62
$GIGSV,1,1,02,09,27,282,41,10,54,164,46*62
$GIGSV,1,1,02,09,27,282,41,10,54,164,46*62
$GIGSV,1,1,02,09,27,282,41,10,54,164,46*62
$GIGSV,1,1,02,09,27,282,41,10,54,164,46*62
$GIGSV,1,1,02,09,27,282,41,10,54,164,46*62
$GIGSV,1,1,02,09,27,282,41,10,54,164,46*62
$GIGSV,1,1,02,09,27,282,41,10,54,164,46*62
$GIGSV,1,1,02,09,27,282,41,10,54,164,45*61
$GIGSV,1,1,02,09,27,282,42,10,54,164,45*62
$GIGSV,1,1,02,09,27,282,42,10,54,164,45*62
$GIGSV,1,1,02,09,27,282,42,10,54,164,45*62
$GIGSV,1,1,02,09,27,282,42,10,54,164,45*62
$GIGSV,1,1,02,09,27,282,42,10,54,164,45*62
$GIGSV,1,1,02,09,27,282,42,10,54,164,46*61
$GIGSV,1,1,02,09,27,282,42,10,54,164,46*61
$GIGSV,1,1,02,09,27,282,42,10,54,164,45*62
$GIGSV,1,1,02,09,27,282,42,10,54,164,45*62
$GIGSV,1,1,02,09,27,282,42,10,54,164,45*62
$GIGSV,1,1,02,09,27,282,42,10,54,164,46*61
$GIGSV,1,1,02,09,27,282,42,10,54,164,46*61
$GIGSV,1,1,02,09,27,282,42,10,54,164,46*61
$GIGSV,1,1,02,09,27,282,42,10,54,164,46*61
$GIGSV,1,1,02,09,27,282,42,10,54,164,46*61
$GIGSV,1,1,02,09,27,282,42,10,54,164,46*61
$GIGSV,1,1,02,09,27,282,42,10,54,164,46*61
$GIGSV,1,1,02,09,27,282,42,10,54,164,46*61
$GIGSV,1,1,02,09,27,282,42,10,54,164,46*61
$GIGSV,1,1,02,09,27,282,43,10,54,164,46*60
$GIGSV,1,1,02,09,27,282,43,10,54,164,46*60
$GIGSV,1,1,02,09,27,282,43,10,54,164,46*60
$GIGSV,1,1,02,09,27,282,43,10,54,164,46*60
$GIGSV,1,1,02,09,27,282,43,10,54,164,45*63
$GIGSV,1,1,02,09,27,282,43,10,54,164,45*63
$GIGSV,1,1,02,09,27,282,43,10,54,164,45*63
$GIGSV,1,1,02,09,27,282,44,10,54,164,45*64
$GIGSV,1,1,02,09,27,282,44,10,54,164,45*64
$GIGSV,1,1,02,09,27,282,44,10,54,164,45*64
$GIGSV,1,1,02,09,27,282,44,10,54,164,45*64
$GIGSV,1,1,02,09,27,282,44,10,54,164,45*64
$GIGSV,1,1,02,09,27,282,44,10,54,164,45*64
$GIGSV,1,1,02,09,27,282,44,10,54,164,45*64
$GIGSV,1,1,02,09,27,282,44,10,54,164,45*64
$GIGSV,1,1,02,09,27,282,44,10,54,164,45*64
$GIGSV,1,1,02,09,27,282,44,10,54,164,45*64
$GIGSV,1,1,02,09,27,282,44,10,54,164,45*64
$GIGSV,1,1,02,09,27,282,44,10,54,164,45*64
$GIGSV,1,1,02,09,27,282,44,10,54,164,45*64
$GIGSV,1,1,02,09,27,282,44,10,54,164,45*64
$GIGSV,1,1,02,09,27,282,44,10,54,164,45*64
$GIGSV,1,1,02,09,27,282,44,10,54,164,45*64
$GIGSV,1,1,02,09,27,282,44,10,54,164,45*64
$GIGSV,1,1,02,09,27,282,44,10,54,164,45*64
$GIGSV,1,1,02,09,27,282,44,10,54,164,45*64
$GIGSV,1,1,02,09,27,282,44,10,54,164,45*64
$GIGSV,1,1,02,09,27,282,44,10,54,164,45*64
$GIGSV,1,1,02,09,27,282,44,10,54,164,45*64
$GIGSV,1,1,02,09,27,282,44,10,54,164,45*64
$GIGSV,1,1,02,09,27,282,44,10,54,164,45*64
$GIGSV,1,1,02,09,27,282,44,10,54,164,45*64
$GIGSV,1,1,02,09,27,282,44,10,54,164,45*64
$GIGSV,1,1,02,09,27,282,44,10,54,164,45*64
$GIGSV,1,1,02,09,27,282,44,10,54,164,45*64
$GIGSV,1,1,02,09,27,282,44,10,54,164,45*64
$GIGSV,1,1,02,09,27,282,44,10,54,164,45*64
$GIGSV,1,1,02,09,27,282,44,10,54,164,45*64
$GIGSV,1,1,02,09,27,282,44,10,54,164,45*64
$GIGSV,1,1,02,09,27,282,44,10,54,164,45*64
$GIGSV,1,1,02,09,27,282,44,10,54,164,45*64
$GIGSV,1,1,02,09,27,282,44,10,54,164,44*65
$GIGSV,1,1,02,09,27,282,43,10,54,164,44*62
$GIGSV,1,1,02,09,27,282,43,10,54,164,44*62
$GIGSV,1,1,02,09,27,282,43,10,54,164,44*62
$GIGSV,1,1,02,09,27,282,43,10,54,164,44*62
$GIGSV,1,1,02,09,27,282,43,10,54,164,44*62
$GIGSV,1,1,02,09,27,282,43,10,54,164,44*62
$GIGSV,1,1,02,09,27,282,43,10,54,164,44*62
$GIGSV,1,1,02,09,27,282,43,10,54,164,44*62
$GIGSV,1,1,02,09,27,282,43,10,54,164,44*62
$GIGSV,1,1,02,09,27,282,43,10,54,164,44*62
$GIGSV,1,1,02,09,27,282,43,10,54,164,44*62
$GIGSV,1,1,02,09,27,282,43,10,54,164,44*62
$GIGSV,1,1,02,09,27,282,43,10,54,164,44*62
$GIGSV,1,1,02,09,27,282,42,10,54,164,44*63
$GIGSV,1,1,02,09,27,282,42,10,54,164,44*63
$GIGSV,1,1,02,09,27,282,42,10,54,164,44*63
$GIGSV,1,1,02,09,27,282,42,10,54,164,44*63
$GIGSV,1,1,02,09,27,282,42,10,54,164,44*63
$GIGSV,1,1,02,09,27,282,42,10,54,164,44*63
$GIGSV,1,1,02,09,27,282,42,10,54,164,44*63
$GIGSV,1,1,02,09,27,282,42,10,54,164,44*63
$GIGSV,1,1,02,09,27,282,42,10,54,164,44*63
$GIGSV,1,1,02,09,27,282,42,10,54,164,44*63
$GIGSV,1,1,02,09,27,282,42,10,54,164,44*63
$GIGSV,1,1,02,09,27,282,42,10,54,164,44*63
$GIGSV,1,1,02,09,27,282,42,10,54,164,44*63
$GIGSV,1,1,02,09,27,282,42,10,54,164,44*63
$GIGSV,1,1,02,09,27,282,41,10,54,164,44*60
$GIGSV,1,1,02,09,27,282,41,10,54,164,44*60
$GIGSV,1,1,02,09,27,282,41,10,54,164,44*60
$GIGSV,1,1,02,09,27,282,41,10,54,164,44*60
$GIGSV,1,1,02,09,27,282,41,10,54,164,44*60
$GIGSV,1,1,02,09,27,282,41,10,54,164,44*60
$GIGSV,1,1,02,09,27,282,41,10,54,164,44*60
$GIGSV,1,1,02,09,27,282,41,10,54,164,45*61
$GIGSV,1,1,02,09,27,282,41,10,54,164,45*61
$GIGSV,1,1,02,09,27,282,41,10,54,164,45*61
$GIGSV,1,1,02,09,27,282,41,10,54,164,45*61
$GIGSV,1,1,02,09,27,282,41,10,54,164,45*61
$GIGSV,1,1,02,09,27,282,41,10,54,164,45*61
$GIGSV,1,1,02,09,27,282,41,10,54,164,45*61
$GIGSV,1,1,02,09,27,282,41,10,54,164,45*61
$GIGSV,1,1,02,09,27,282,40,10,54,164,45*60
$GIGSV,1,1,02,09,27,282,40,10,54,164,45*60
$GIGSV,1,1,02,09,27,282,40,10,54,164,45*60
$GIGSV,1,1,02,09,27,282,40,10,54,164,45*60
$GIGSV,1,1,02,09,27,282,40,10,54,164,45*60
$GIGSV,1,1,02,09,27,282,40,10,54,164,45*60
$GIGSV,1,1,02,09,27,282,40,10,54,164,45*60
$GIGSV,1,1,02,09,27,282,40,10,54,164,45*60
$GIGSV,1,1,02,09,27,282,40,10,54,164,45*60
$GIGSV,1,1,02,09,27,282,40,10,54,164,45*60
$GIGSV,1,1,02,09,27,282,40,10,54,164,45*60
$GIGSV,1,1,02,09,27,282,40,10,54,164,45*60
$GIGSV,1,1,02,09,27,282,40,10,54,164,45*60
$GIGSV,1,1,02,09,27,282,40,10,54,164,45*60
$GIGSV,1,1,02,09,27,282,40,10,54,164,45*60
$GIGSV,1,1,02,09,27,282,40,10,54,164,45*60
$GIGSV,1,1,02,09,27,282,40,10,54,164,45*60
$GIGSV,1,1,02,09,27,282,40,10,54,164,45*60
$GIGSV,1,1,02,09,27,282,40,10,54,164,45*60
$GIGSV,1,1,02,09,27,282,40,10,54,164,45*60
$GIGSV,1,1,02,09,27,282,40,10,54,164,45*60
$GIGSV,1,1,02,09,27,282,40,10,54,164,45*60
$GIGSV,1,1,02,09,27,282,40,10,54,164,45*60
$GIGSV,1,1,02,09,27,282,40,10,54,164,45*60
$GIGSV,1,1,02,09,27,282,40,10,54,164,45*60
$GIGSV,1,1,02,09,27,282,40,10,54,164,45*60
$GIGSV,1,1,02,09,27,282,40,10,54,164,45*60
$GIGSV,1,1,02,09,27,282,40,10,54,164,45*60
$GIGSV,1,1,02,09,27,282,40,10,54,164,45*60
$GIGSV,1,1,02,09,27,282,40,10,54,164,45*60
$GIGSV,1,1,02,09,27,282,40,10,54,164,45*60
$GIGSV,1,1,02,09,27,282,40,10,54,164,45*60
$GIGSV,1,1,02,09,27,282,40,10,54,164,45*60
$GIGSV,1,1,02,09,27,282,40,10,54,164,45*60
$GIGSV,1,1,02,09,27,282,40,10,54,164,45*60
$GIGSV,1,1,02,09,27,282,40,10,54,164,45*60
$GIGSV,1,1,02,09,27,282,41,10,54,164,45*61
$GIGSV,1,1,02,09,27,282,41,10,54,164,45*61
$GIGSV,1,1,02,09,27,282,41,10,54,164,45*61
$GIGSV,1,1,02,09,27,282,41,10,54,164,45*61
$GIGSV,1,1,02,09,27,282,41,10,54,164,45*61
$GIGSV,1,1,02,09,27,282,41,10,54,164,45*61
$GIGSV,1,1,02,09,27,282,41,10,54,164,45*61
$GIGSV,1,1,02,09,27,282,41,10,54,164,45*61
$GIGSV,1,1,02,09,27,282,41,10,54,164,45*61
$GIGSV,1,1,02,09,27,282,41,10,54,164,45*61
$GIGSV,1,1,02,09,27,282,41,10,54,164,46*62
$GIGSV,1,1,02,09,27,282,41,10,54,164,46*62
$GIGSV,1,1,02,09,27,282,41,10,54,164,45*61
$GIGSV,1,1,02,09,27,282,41,10,54,164,45*61
$GIGSV,1,1,02,09,27,282,41,10,54,164,45*61
$GIGSV,1,1,02,09,27,282,41,10,54,164,46*62
$GIGSV,1,1,02,09,27,282,41,10,54,164,46*62
$GIGSV,1,1,02,09,27,282,41,10,54,164,46*62
$GIGSV,1,1,02,09,27,282,41,10,54,164,45*61
$GIGSV,1,1,02,09,27,282,41,10,54,164,45*61
$GIGSV,1,1,02,09,27,282,41,10,54,164,45*61
$GIGSV,1,1,02,09,27,282,41,10,54,164,45*61
$GIGSV,1,1,02,09,27,282,41,10,54,164,45*61
$GIGSV,1,1,02,09,27,282,41,10,54,164,45*61
$GIGSV,1,1,02,09,27,282,41,10,54,164,45*61
$GIGSV,1,1,02,09,27,282,41,10,54,164,45*61
$GIGSV,1,1,02,09,27,282,41,10,54,164,45*61
$GIGSV,1,1,02,09,27,282,41,10,54,164,45*61
$GIGSV,1,1,02,09,27,282,41,10,54,164,45*61
$GIGSV,1,1,02,09,27,282,41,10,54,164,45*61
$GIGSV,1,1,02,09,27,282,41,10,54,164,45*61
$GIGSV,1,1,02,09,27,282,41,10,54,164,45*61
$GIGSV,1,1,02,09,27,282,41,10,54,164,45*61
$GIGSV,1,1,02,09,27,282,41,10,54,164,45*61
$GIGSV,1,1,02,09,27,282,41,10,54,164,45*61
$GIGSV,1,1,02,09,27,282,41,10,54,164,45*61
$GIGSV,1,1,02,09,27,282,41,10,54,164,45*61
$GIGSV,1,1,02,09,27,282,41,10,54,164,45*61
$GIGSV,1,1,02,09,27,282,41,10,54,164,45*61
$GIGSV,1,1,02,09,27,282,41,10,54,164,45*61
$GIGSV,1,1,02,09,27,282,41,10,54,164,45*61
$GIGSV,1,1,02,09,27,282,41,10,54,164,45*61
$GIGSV,1,1,02,09,27,282,41,10,54,164,45*61
$GIGSV,1,1,02,09,27,282,41,10,54,164,45*61
$GIGSV,1,1,02,09,27,282,41,10,54,164,45*61
$GIGSV,1,1,02,09,27,282,42,10,54,164,45*62
$GIGSV,1,1,02,09,27,282,42,10,54,164,45*62
$GIGSV,1,1,02,09,27,282,42,10,54,164,45*62
$GIGSV,1,1,02,09,27,282,42,10,54,164,45*62
$GIGSV,1,1,02,09,27,282,42,10,54,164,45*62
$GIGSV,1,1,02,09,27,282,42,10,54,164,45*62
$GIGSV,1,1,02,09,27,282,42,10,54,164,45*62
$GIGSV,1,1,02,09,27,282,42,10,54,164,45*62
$GIGSV,1,1,02,09,27,282,42,10,54,164,45*62
$GIGSV,1,1,02,09,27,282,42,10,54,164,45*62
$GIGSV,1,1,02,09,27,282,42,10,54,164,45*62
$GIGSV,1,1,02,09,27,282,42,10,54,164,45*62
$GIGSV,1,1,02,09,27,282,42,10,54,164,45*62
$GIGSV,1,1,02,09,27,282,42,10,54,164,45*62
$GIGSV,1,1,02,09,27,282,42,10,54,164,45*62
$GIGSV,1,1,02,09,27,282,42,10,54,164,45*62
$GIGSV,1,1,02,09,27,282,42,10,54,164,45*62
$GIGSV,1,1,02,09,27,282,42,10,54,164,45*62
$GIGSV,1,1,02,09,27,282,42,10,54,164,45*62
$GIGSV,1,1,02,09,27,282,42,10,54,164,45*62
$GIGSV,1,1,02,09,27,282,42,10,54,164,45*62
$GIGSV,1,1,02,09,27,282,43,10,54,164,45*63
$GIGSV,1,1,02,09,27,282,43,10,54,164,45*63
$GIGSV,1,1,02,09,27,282,43,10,54,164,45*63
$GIGSV,1,1,02,09,27,282,43,10,54,164,45*63
$GIGSV,1,1,02,09,27,282,43,10,54,164,44*62
$GIGSV,1,1,02,09,27,282,43,10,54,164,44*62
$GIGSV,1,1,02,09,27,282,43,10,54,164,44*62
$GIGSV,1,1,02,09,27,282,43,10,54,164,44*62
$GIGSV,1,1,02,09,27,282,43,10,54,164,44*62
$GIGSV,1,1,02,09,27,282,43,10,54,164,44*62
$GIGSV,1,1,02,09,27,282,43,10,54,164,44*62
$GIGSV,1,1,02,09,27,282,43,10,54,164,44*62
$GIGSV,1,1,02,09,27,282,43,10,54,164,44*62
$GIGSV,1,1,02,09,27,282,43,10,54,164,44*62
$GIGSV,1,1,02,09,27,282,43,10,54,164,44*62
$GIGSV,1,1,02,09,27,282,43,10,54,164,44*62
$GIGSV,1,1,02,09,27,282,43,10,54,164,44*62
$GIGSV,1,1,02,09,27,282,43,10,54,164,44*62
$GIGSV,1,1,02,09,27,282,43,10,54,164,44*62
$GIGSV,1,1,02,09,27,282,43,10,54,164,44*62
$GIGSV,1,1,02,09,27,282,43,10,54,164,44*62
$GIGSV,1,1,02,09,27,282,43,10,54,164,44*62
$GIGSV,1,1,02,09,27,282,43,10,54,164,44*62
$GIGSV,1,1,02,09,27,282,43,10,54,164,44*62
$GIGSV,1,1,02,09,27,282,43,10,54,164,45*63
$GIGSV,1,1,02,09,27,282,43,10,54,164,45*63
$GIGSV,1,1,02,09,27,282,43,10,54,164,45*63
$GIGSV,1,1,02,09,27,282,43,10,54,164,45*63
$GIGSV,1,1,02,09,27,282,43,10,54,164,45*63
$GIGSV,1,1,02,09,27,282,43,10,54,164,45*63
$GIGSV,1,1,02,09,27,282,43,10,54,164,45*63
$GIGSV,1,1,02,09,27,282,43,10,54,164,45*63
$GIGSV,1,1,02,09,27,282,43,10,54,164,45*63
$GIGSV,1,1,02,09,27,282,43,10,54,164,45*63
$GIGSV,1,1,02,09,27,282,43,10,54,164,45*63
$GIGSV,1,1,02,09,27,282,43,10,54,164,45*63
$GIGSV,1,1,02,09,27,282,43,10,54,164,45*63
$GIGSV,1,1,02,09,27,282,43,10,54,164,44*62
$GIGSV,1,1,02,09,27,282,43,10,54,164,44*62
$GIGSV,1,1,02,09,27,282,43,10,54,164,44*62
$GIGSV,1,1,02,09,27,282,43,10,54,164,44*62
$GIGSV,1,1,02,09,27,282,43,10,54,164,44*62
$GIGSV,1,1,02,09,27,282,43,10,54,164,44*62
$GIGSV,1,1,02,09,27,282,43,10,54,164,44*62
$GIGSV,1,1,02,09,27,282,43,10,54,164,44*62
$GIGSV,1,1,02,09,27,282,43,10,54,164,44*62
$GIGSV,1,1,02,09,27,282,43,10,54,164,44*62
$GIGSV,1,1,02,09,27,282,43,10,54,164,44*62
$GIGSV,1,1,02,09,27,282,43,10,54,164,44*62
$GIGSV,1,1,02,09,27,282,43,10,54,164,44*62
$GIGSV,1,1,02,09,27,282,43,10,54,164,44*62
$GIGSV,1,1,02,09,27,282,43,10,54,164,44*62
$GIGSV,1,1,02,09,27,282,43,10,54,164,44*62
$GIGSV,1,1,02,09,27,282,43,10,54,164,44*62
$GIGSV,1,1,02,09,27,282,43,10,54,164,44*62
$GIGSV,1,1,02,09,27,282,43,10,54,164,45*63
$GIGSV,1,1,02,09,27,282,43,10,54,164,45*63
$GIGSV,1,1,02,09,27,282,43,10,54,164,45*63
$GIGSV,1,1,02,09,27,282,43,10,54,164,45*63
$GIGSV,1,1,02,09,27,282,43,10,54,164,45*63
$GIGSV,1,1,02,09,27,282,43,10,54,164,44*62
$GIGSV,1,1,02,09,27,282,43,10,54,164,44*62
$GIGSV,1,1,02,09,27,282,43,10,54,164,44*62
$GIGSV,1,1,02,09,27,282,43,10,54,164,44*62
$GIGSV,1,1,02,09,27,282,43,10,54,164,44*62
$GIGSV,1,1,02,09,27,282,43,10,54,164,44*62
$GIGSV,1,1,02,09,27,282,43,10,54,164,44*62
$GIGSV,1,1,02,09,27,282,43,10,54,164,44*62
$GIGSV,1,1,02,09,27,282,43,10,54,164,44*62
$GIGSV,1,1,02,09,27,282,43,10,54,164,44*62
$GIGSV,1,1,02,09,27,282,43,10,54,164,44*62
$GIGSV,1,1,02,09,27,282,43,10,54,164,44*62
$GIGSV,1,1,02,09,27,282,43,10,54,164,44*62
$GIGSV,1,1,02,09,27,282,43,10,54,164,44*62
$GIGSV,1,1,02,09,27,282,43,10,54,164,43*65
$GIGSV,1,1,02,09,27,282,43,10,54,164,43*65
$GIGSV,1,1,02,09,27,282,43,10,54,164,43*65
$GIGSV,1,1,02,09,27,282,43,10,54,164,43*65
$GIGSV,1,1,02,09,27,282,43,10,54,164,43*65
$GIGSV,1,1,02,09,27,282,43,10,54,164,43*65
$GIGSV,1,1,02,09,27,282,43,10,54,164,43*65
$GIGSV,1,1,02,09,27,282,43,10,54,164,43*65
$GIGSV,1,1,02,09,27,282,43,10,54,164,43*65
$GIGSV,1,1,02,09,27,282,43,10,54,164,43*65
$GIGSV,1,1,02,09,27,282,43,10,54,164,43*65
$GIGSV,1,1,02,09,27,282,43,10,54,164,43*65
$GIGSV,1,1,02,09,27,282,43,10,54,164,43*65
$GIGSV,1,1,02,09,27,282,43,10,54,164,43*65
$GIGSV,1,1,02,09,27,282,42,10,54,164,43*64
$GIGSV,1,1,02,09,27,282,42,10,54,164,43*64
$GIGSV,1,1,02,09,27,282,42,10,54,164,43*64
$GIGSV,1,1,02,09,27,282,42,10,54,164,43*64
$GIGSV,1,1,02,09,27,282,42,10,54,164,43*64
$GIGSV,1,1,02,09,27,282,42,10,54,164,43*64
$GIGSV,1,1,02,09,27,282,42,10,54,164,43*64
$GIGSV,1,1,02,09,27,282,42,10,54,164,43*64
$GIGSV,1,1,02,09,27,282,42,10,54,164,43*64
$GIGSV,1,1,02,09,27,282,42,10,54,164,43*64
$GIGSV,1,1,02,09,27,282,42,10,54,164,43*64
$GIGSV,1,1,02,09,27,282,42,10,54,164,43*64
$GIGSV,1,1,02,09,27,282,42,10,54,164,43*64
$GIGSV,1,1,02,09,27,282,42,10,54,164,43*64
$GIGSV,1,1,02,09,27,282,42,10,54,164,43*64
$GIGSV,1,1,02,09,27,282,42,10,54,164,43*64
$GIGSV,1,1,02,09,27,282,42,10,54,164,43*64
$GIGSV,1,1,02,09,27,282,42,10,54,164,43*64
$GIGSV,1,1,02,09,27,282,42,10,54,164,43*64
$GIGSV,1,1,02,09,27,282,42,10,54,164,43*64
$GIGSV,1,1,02,09,27,282,42,10,54,164,43*64
$GIGSV,1,1,02,09,27,282,42,10,54,164,43*64
$GIGSV,1,1,02,09,27,282,42,10,54,164,43*64
$GIGSV,1,1,02,09,27,282,42,10,54,164,43*64
$GIGSV,1,1,02,09,27,282,42,10,54,164,43*64
$GIGSV,1,1,02,09,27,282,42,10,54,164,43*64
$GIGSV,1,1,02,09,27,282,41,10,54,164,43*67
$GIGSV,1,1,02,09,27,282,41,10,54,164,43*67
$GIGSV,1,1,02,09,27,282,41,10,54,164,42*66
$GIGSV,1,1,02,09,27,282,41,10,54,164,42*66
$GIGSV,1,1,02,09,27,282,41,10,54,164,42*66
$GIGSV,1,1,02,09,27,282,41,10,54,164,42*66
$GIGSV,1,1,02,09,27,282,41,10,54,164,42*66
$GIGSV,1,1,02,09,27,282,41,10,54,164,42*66
$GIGSV,1,1,02,09,27,282,41,10,54,164,42*66
$GIGSV,1,1,02,09,27,282,41,10,54,164,42*66
$GIGSV,1,1,02,09,27,282,41,10,54,164,42*66
$GIGSV,1,1,02,09,27,282,41,10,54,164,42*66
$GIGSV,1,1,02,09,27,282,41,10,54,164,42*66
$GIGSV,1,1,02,09,27,282,41,10,54,164,42*66
$GIGSV,1,1,02,09,27,282,41,10,54,164,42*66
$GIGSV,1,1,02,09,27,282,41,10,54,164,42*66
$GIGSV,1,1,02,09,27,282,41,10,54,164,42*66
$GIGSV,1,1,02,09,27,282,41,10,54,164,42*66
$GIGSV,1,1,02,09,27,282,41,10,54,164,41*65
$GIGSV,1,1,02,09,27,282,40,10,54,164,41*64
$GIGSV,1,1,02,09,27,282,40,10,54,164,41*64
$GIGSV,1,1,02,09,27,282,40,10,54,164,41*64
$GIGSV,1,1,02,09,27,282,40,10,54,164,41*64
$GIGSV,1,1,02,09,27,282,40,10,54,164,41*64
$GIGSV,1,1,02,09,27,282,40,10,54,164,41*64
$GIGSV,1,1,02,09,27,282,40,10,54,164,41*64
$GIGSV,1,1,02,09,27,282,40,10,54,164,41*64
$GIGSV,1,1,02,09,27,282,40,10,54,164,41*64
$GIGSV,1,1,02,09,27,282,40,10,54,164,41*64
$GIGSV,1,1,02,09,27,282,40,10,54,164,41*64
$GIGSV,1,1,02,09,27,282,40,10,54,164,41*64
$GIGSV,1,1,02,09,27,282,40,10,54,164,41*64
$GIGSV,1,1,02,09,27,282,40,10,54,164,41*64
$GIGSV,1,1,02,09,27,282,40,10,54,164,41*64
$GIGSV,1,1,02,09,27,282,40,10,54,164,41*64
$GIGSV,1,1,02,09,27,282,40,10,54,164,40*65
$GIGSV,1,1,02,09,27,282,40,10,54,164,40*65
$GIGSV,1,1,02,09,27,282,40,10,54,164,40*65
$GIGSV,1,1,02,09,27,282,40,10,54,164,40*65
$GIGSV,1,1,02,09,27,282,40,10,54,164,40*65
$GIGSV,1,1,02,09,27,282,40,10,54,164,40*65
$GIGSV,1,1,02,09,27,282,39,10,54,164,40*6B
$GIGSV,1,1,02,09,27,282,39,10,54,164,40*6B
$GIGSV,1,1,02,09,27,282,39,10,54,164,40*6B
$GIGSV,1,1,02,09,27,282,39,10,54,164,40*6B
$GIGSV,1,1,02,09,27,282,39,10,54,164,40*6B
$GIGSV,1,1,02,09,27,282,39,10,54,164,40*6B
$GIGSV,1,1,02,09,27,282,39,10,54,164,40*6B
$GIGSV,1,1,02,09,27,282,39,10,54,164,40*6B
$GIGSV,1,1,02,09,27,282,39,10,54,164,40*6B
$GIGSV,1,1,02,09,27,282,39,10,54,164,40*6B
$GIGSV,1,1,02,09,27,282,39,10,54,164,40*6B
$GIGSV,1,1,02,09,27,282,39,10,54,164,40*6B
$GIGSV,1,1,02,09,27,282,39,10,54,164,40*6B
$GIGSV,1,1,02,09,27,282,39,10,54,164,40*6B
$GIGSV,1,1,02,09,27,282,39,10,54,164,40*6B
$GIGSV,1,1,02,09,27,282,39,10,54,164,39*65
$GIGSV,1,1,02,09,27,282,39,10,54,164,39*65
$GIGSV,1,1,02,09,27,282,39,10,54,164,39*65
$GIGSV,1,1,02,09,27,282,39,10,54,164,39*65
$GIGSV,1,1,02,09,27,282,39,10,54,164,39*65
$GIGSV,1,1,02,09,27,282,39,10,54,164,39*65
$GIGSV,1,1,02,09,27,282,39,10,54,164,39*65
$GIGSV,1,1,02,09,27,282,39,10,54,164,39*65
$GIGSV,1,1,02,09,27,282,38,10,54,164,39*64
$GIGSV,1,1,02,09,27,282,38,10,54,164,39*64
$GIGSV,1,1,02,09,27,282,38,10,54,164,39*64
$GIGSV,1,1,02,09,27,282,38,10,54,164,39*64
$GIGSV,1,1,02,09,27,282,38,10,54,164,39*64
$GIGSV,1,1,02,09,27,282,38,10,54,164,39*64
$GIGSV,1,1,02,09,27,282,38,10,54,164,39*64
$GIGSV,1,1,02,09,27,282,38,10,54,164,39*64
$GIGSV,1,1,02,09,27,282,38,10,54,164,39*64
$GIGSV,1,1,02,09,27,282,38,10,54,164,39*64
$GIGSV,1,1,02,09,27,282,38,10,54,164,39*64
$GIGSV,1,1,02,09,27,282,38,10,54,164,39*64
$GIGSV,1,1,02,09,27,282,38,10,54,164,39*64
$GIGSV,1,1,02,09,27,282,38,10,54,164,39*64
$GIGSV,1,1,02,09,27,282,38,10,54,164,39*64
$GIGSV,1,1,02,09,27,282,38,10,54,164,39*64
$GIGSV,1,1,02,09,27,282,38,10,54,164,39*64
$GIGSV,1,1,02,09,27,282,38,10,54,164,39*64
$GIGSV,1,1,02,09,27,282,38,10,54,164,39*64
$GIGSV,1,1,02,09,27,282,38,10,54,164,39*64
$GIGSV,1,1,02,09,27,282,38,10,54,164,39*64
$GIGSV,1,1,02,09,27,282,38,10,54,164,39*64
$GIGSV,1,1,02,09,27,282,38,10,54,164,39*64
$GIGSV,1,1,02,09,27,282,38,10,54,164,39*64
$GIGSV,1,1,02,09,27,282,37,10,54,164,39*6B
$GIGSV,1,1,02,09,27,282,37,10,54,164,39*6B
$GIGSV,1,1,02,09,27,282,37,10,54,164,39*6B
$GIGSV,1,1,02,09,27,282,37,10,54,164,39*6B
$GIGSV,1,1,02,09,27,282,37,10,54,164,39*6B
$GIGSV,1,1,02,09,27,282,37,10,54,164,39*6B
$GIGSV,1,1,02,09,27,282,37,10,54,164,38*6A
$GIGSV,1,1,02,09,27,282,37,10,54,164,38*6A
$GIGSV,1,1,02,09,27,282,37,10,54,164,38*6A
$GIGSV,1,1,02,09,27,282,37,10,54,164,38*6A
$GIGSV,1,1,02,09,27,282,37,10,54,164,38*6A
$GIGSV,1,1,02,09,27,282,37,10,54,164,38*6A
$GIGSV,1,1,02,09,27,282,37,10,54,164,38*6A
$GIGSV,1,1,02,09,27,282,37,10,54,164,38*6A
$GIGSV,1,1,02,09,27,282,36,10,54,164,38*6B
$GIGSV,1,1,02,09,27,282,36,10,54,164,38*6B
$GIGSV,1,1,02,09,27,282,36,10,54,164,38*6B
$GIGSV,1,1,02,09,27,282,36,10,54,164,38*6B
$GIGSV,1,1,02,09,27,282,36,10,54,164,38*6B
$GIGSV,1,1,02,09,27,282,36,10,54,164,38*6B
$GIGSV,1,1,02,09,27,282,36,10,54,164,38*6B
$GIGSV,1,1,02,09,27,282,36,10,54,164,38*6B
$GIGSV,1,1,02,09,27,282,36,10,54,164,38*6B
$GIGSV,1,1,02,09,27,282,36,10,54,164,38*6B
$GIGSV,1,1,02,09,27,282,36,10,54,164,38*6B
$GIGSV,1,1,02,09,27,282,36,10,54,164,38*6B
$GIGSV,1,1,02,09,27,282,36,10,54,164,38*6B
$GIGSV,1,1,02,09,27,282,36,10,54,164,38*6B
$GIGSV,1,1,02,09,27,282,36,10,54,164,38*6B
$GIGSV,1,1,02,09,27,282,36,10,54,164,38*6B
$GIGSV,1,1,02,09,27,282,36,10,54,164,38*6B
$GIGSV,1,1,02,09,27,282,36,10,54,164,38*6B
$GIGSV,1,1,02,09,27,282,35,10,54,164,38*68
$GIGSV,1,1,02,09,27,282,35,10,54,164,38*68
$GIGSV,1,1,02,09,27,282,35,10,54,164,38*68
$GIGSV,1,1,02,09,27,282,35,10,54,164,38*68
$GIGSV,1,1,02,09,27,282,35,10,54,164,38*68
$GIGSV,1,1,02,09,27,282,35,10,54,164,38*68
$GIGSV,1,1,02,09,27,282,35,10,54,164,38*68
$GIGSV,1,1,02,09,27,282,35,10,54,164,38*68
$GIGSV,1,1,02,09,27,282,35,10,54,164,38*68
$GIGSV,1,1,02,09,27,282,35,10,54,164,38*68
$GIGSV,1,1,02,09,27,282,35,10,54,164,38*68
$GIGSV,1,1,02,09,27,282,35,10,54,164,38*68
$GIGSV,1,1,02,09,27,282,35,10,54,164,38*68
$GIGSV,1,1,02,09,27,282,35,10,54,164,38*68
$GIGSV,1,1,02,09,27,282,35,10,54,164,38*68
$GIGSV,1,1,02,09,27,282,35,10,54,164,38*68
$GIGSV,1,1,02,09,27,282,35,10,54,164,37*67
$GIGSV,1,1,02,09,27,282,34,10,54,164,37*66
$GIGSV,1,1,02,09,27,282,34,10,54,164,37*66
$GIGSV,1,1,02,09,27,282,34,10,54,164,37*66
$GIGSV,1,1,02,09,27,282,34,10,54,164,37*66
$GIGSV,1,1,02,09,27,282,34,10,54,164,37*66
$GIGSV,1,1,02,09,27,282,34,10,54,164,37*66
$GIGSV,1,1,02,09,27,282,34,10,54,164,37*66
$GIGSV,1,1,02,09,27,282,34,10,54,164,37*66
$GIGSV,1,1,02,09,27,282,34,10,54,164,37*66
$GIGSV,1,1,02,09,27,282,34,10,54,164,37*66
$GIGSV,1,1,02,09,27,282,34,10,54,164,37*66
$GIGSV,1,1,02,09,27,282,34,10,54,164,37*66
$GIGSV,1,1,02,09,27,282,34,10,54,164,37*66
$GIGSV,1,1,02,09,27,282,34,10,54,164,37*66
$GIGSV,1,1,02,09,27,282,34,10,54,164,37*66
$GIGSV,1,1,02,09,27,282,34,10,54,164,37*66
$GIGSV,1,1,02,09,27,282,34,10,54,164,37*66
$GIGSV,1,1,02,09,27,282,34,10,54,164,37*66
$GIGSV,1,1,02,09,27,282,34,10,54,164,37*66
$GIGSV,1,1,02,09,27,282,34,10,54,164,37*66
$GIGSV,1,1,02,09,27,282,34,10,54,164,37*66
$GIGSV,1,1,02,09,27,282,33,10,54,164,37*61
$GIGSV,1,1,02,09,27,282,33,10,54,164,37*61
$GIGSV,1,1,02,09,27,282,33,10,54,164,37*61
$GIGSV,1,1,02,09,27,282,33,10,54,164,37*61
$GIGSV,1,1,02,09,27,282,33,10,54,164,37*61
$GIGSV,1,1,02,09,27,282,33,10,54,164,37*61
$GIGSV,1,1,02,09,27,282,33,10,54,164,37*61
$GIGSV,1,1,02,09,27,282,33,10,54,164,37*61
$GIGSV,1,1,02,09,27,282,33,10,54,164,37*61
$GIGSV,1,1,02,09,27,282,33,10,54,164,37*61
$GIGSV,1,1,02,09,27,282,33,10,54,164,37*61
$GIGSV,1,1,02,09,27,282,33,10,54,164,37*61
$GIGSV,1,1,02,09,27,282,33,10,54,164,37*61
$GIGSV,1,1,02,09,27,282,33,10,54,164,37*61
$GIGSV,1,1,02,09,27,282,33,10,54,164,37*61
$GIGSV,1,1,02,09,27,282,33,10,54,164,37*61
$GIGSV,1,1,02,09,27,282,33,10,54,164,37*61
$GIGSV,1,1,02,09,27,282,33,10,54,164,37*61
$GIGSV,1,1,02,09,27,282,33,10,54,164,37*61
$GIGSV,1,1,02,09,27,282,33,10,54,164,37*61
$GIGSV,1,1,02,09,27,282,33,10,54,164,37*61
$GIGSV,1,1,02,09,27,282,33,10,54,164,37*61
$GIGSV,1,1,02,09,27,282,33,10,54,164,37*61
$GIGSV,1,1,02,09,27,282,33,10,54,164,37*61
$GIGSV,1,1,02,09,27,282,33,10,54,164,37*61
$GIGSV,1,1,02,09,27,282,33,10,54,164,37*61
$GIGSV,1,1,02,09,27,282,33,10,54,164,37*61
$GIGSV,1,1,02,09,27,282,32,10,54,164,37*60
$GIGSV,1,1,02,09,27,282,32,10,54,164,37*60
$GIGSV,1,1,02,09,27,282,32,10,54,164,37*60
$GIGSV,1,1,02,09,27,282,32,10,54,164,37*60
$GIGSV,1,1,02,09,27,282,32,10,54,164,37*60
$GIGSV,1,1,02,09,27,282,32,10,54,164,37*60
$GIGSV,1,1,02,09,27,282,32,10,54,164,37*60
$GIGSV,1,1,02,09,27,282,32,10,54,164,37*60
$GIGSV,1,1,02,09,27,282,32,10,54,164,37*60
$GIGSV,1,1,02,09,27,282,32,10,54,164,37*60
$GIGSV,1,1,02,09,27,282,32,10,54,164,37*60
$GIGSV,1,1,02,09,27,282,32,10,54,164,37*60
$GIGSV,1,1,02,09,27,282,32,10,54,164,37*60
$GIGSV,1,1,02,09,27,282,32,10,54,164,37*60
$GIGSV,1,1,02,09,27,282,32,10,54,164,37*60
$GIGSV,1,1,02,09,27,282,32,10,54,164,37*60
$GIGSV,1,1,02,09,27,282,32,10,54,164,37*60
$GIGSV,1,1,02,09,27,282,32,10,54,164,37*60
$GIGSV,1,1,02,09,27,282,32,10,54,164,37*60
$GIGSV,1,1,02,09,27,282,32,10,54,164,37*60
$GIGSV,1,1,02,09,27,282,32,10,54,164,37*60
$GIGSV,1,1,02,09,27,282,32,10,54,164,37*60
$GIGSV,1,1,02,09,27,282,32,10,54,164,37*60
$GIGSV,1,1,02,09,27,282,32,10,54,164,37*60
$GIGSV,1,1,02,09,27,282,32,10,54,164,37*60
$GIGSV,1,1,02,09,27,282,32,10,54,164,37*60
$GIGSV,1,1,02,09,27,282,32,10,54,164,37*60
$GIGSV,1,1,02,09,27,282,32,10,54,164,37*60
$GIGSV,1,1,02,09,27,282,32,10,54,164,37*60
$GIGSV,1,1,02,09,27,282,31,10,54,164,37*63
$GIGSV,1,1,02,09,27,282,31,10,54,164,37*63
$GIGSV,1,1,02,09,27,282,31,10,54,164,37*63
$GIGSV,1,1,02,09,27,282,31,10,54,164,37*63
$GIGSV,1,1,02,09,27,282,31,10,54,164,37*63
$GIGSV,1,1,02,09,27,282,31,10,54,164,37*63
$GIGSV,1,1,02,09,27,282,31,10,54,164,37*63