$GNGST,084219.70,0.010,0.004,0.003,18.5780,3.495,4.614,10.719*7F
$GNGST,084219.80,0.010,0.004,0.003,14.8891,3.495,4.614,10.719*7E
$GNGST,084219.90,0.010,0.004,0.003,14.1110,3.495,4.614,10.719*76
$GNGST,084220.00,0.010,0.004,0.003,14.4005,3.495,4.614,10.719*75
$GNGST,084220.10,0.010,0.004,0.003,14.3290,3.495,4.614,10.719*7D
$GNGST,084220.20,0.010,0.004,0.003,14.3281,3.495,4.614,10.719*7E
$GNGST,084220.30,0.010,0.004,0.003,14.3272,3.495,4.614,10.719*73
$GNGST,084220.40,0.010,0.004,0.003,14.3263,3.495,4.614,10.719*74
$GNGST,084220.50,0.010,0.004,0.003,14.3255,3.495,4.614,10.719*70
$GNGST,084220.60,0.010,0.004,0.003,13.1799,3.495,4.614,10.719*73
$GNGST,084220.70,0.010,0.004,0.003,14.3237,3.495,4.614,10.719*76
$GNGST,084220.80,0.010,0.004,0.003,14.0125,3.495,4.614,10.719*7A
$GNGST,084220.90,0.010,0.004,0.003,13.0910,3.495,4.614,10.719*72
$GNGST,084221.00,0.010,0.004,0.003,14.3030,3.495,4.614,10.719*75
$GNGST,084221.10,0.010,0.004,0.003,14.3021,3.495,4.614,10.719*74
$GNGST,084221.20,0.010,0.004,0.003,14.3013,3.495,4.614,10.719*76
$GNGST,084221.30,0.010,0.004,0.003,13.0872,3.495,4.614,10.719*7C
$GNGST,084221.40,0.010,0.004,0.003,13.0862,3.495,4.614,10.719*7A
$GNGST,084221.50,0.010,0.004,0.003,13.0853,3.495,4.614,10.719*79
$GNGST,084221.60,0.010,0.004,0.003,13.0843,3.495,4.614,10.719*7B
$GNGST,084221.70,0.010,0.004,0.003,14.2969,3.495,4.614,10.719*76
$GNGST,084221.80,0.010,0.004,0.003,13.8383,3.495,4.614,10.719*7A
$GNGST,084221.90,0.010,0.004,0.003,13.8374,3.495,4.614,10.719*73
$GNGST,084222.00,0.010,0.004,0.003,13.8365,3.495,4.614,10.719*79
$GNGST,084222.10,0.010,0.004,0.003,14.6745,3.495,4.614,10.719*77
$GNGST,084222.20,0.010,0.004,0.003,13.8923,3.495,4.614,10.719*73
$GNGST,084222.30,0.010,0.004,0.003,13.8551,3.495,4.614,10.719*7B
$GNGST,084222.40,0.010,0.004,0.003,13.8542,3.495,4.614,10.719*7E
$GNGST,084222.50,0.010,0.004,0.003,13.8533,3.495,4.614,10.719*79
$GNGST,084222.60,0.010,0.004,0.003,12.6357,3.495,4.614,10.719*71
$GNGST,084222.70,0.010,0.004,0.003,13.8514,3.495,4.614,10.719*7E
$GNGST,084222.80,0.010,0.004,0.003,13.8505,3.495,4.614,10.719*71
$GNGST,084222.90,0.010,0.004,0.003,17.9542,3.495,4.614,10.719*76
$GNGST,084223.00,0.010,0.004,0.003,17.9536,3.495,4.614,10.719*7D
$GNGST,084223.10,0.010,0.004,0.003,20.7430,3.495,4.614,10.719*71
$GNGST,084223.20,0.010,0.004,0.003,17.9523,3.495,4.614,10.719*7B
$GNGST,084223.30,0.009,0.004,0.003,17.5666,3.495,4.614,10.719*7C
$GNGST,084223.40,0.009,0.004,0.003,17.5659,3.495,4.614,10.719*77
$GNGST,084223.50,0.010,0.004,0.003,17.9503,3.495,4.614,10.719*7E
$GNGST,084223.60,0.010,0.004,0.003,17.9496,3.495,4.614,10.719*70
$GNGST,084223.70,0.010,0.004,0.003,17.9490,3.495,4.614,10.719*77
$GNGST,084223.80,0.009,0.004,0.003,18.0674,3.495,4.614,10.719*7E
$GNGST,084223.90,0.010,0.004,0.004,14.7419,3.495,4.614,10.719*72
$GNGST,084224.00,0.010,0.004,0.004,15.7083,3.495,4.614,10.719*7A
$GNGST,084224.10,0.010,0.004,0.004,14.1787,3.495,4.614,10.719*7F
$GNGST,084224.20,0.010,0.004,0.004,14.7389,3.495,4.614,10.719*70
$GNGST,084224.30,0.010,0.004,0.004,14.5706,3.495,4.614,10.719*70
$GNGST,084224.40,0.010,0.004,0.004,14.1539,3.495,4.614,10.719*7D
$GNGST,084224.50,0.010,0.004,0.004,14.5686,3.495,4.614,10.719*7F
$GNGST,084224.60,0.010,0.004,0.004,14.5676,3.495,4.614,10.719*73
$GNGST,084224.70,0.010,0.004,0.004,15.5368,3.495,4.614,10.719*79
$GNGST,084224.80,0.010,0.004,0.003,13.2701,3.495,4.614,10.719*7B
$GNGST,084224.90,0.010,0.004,0.003,13.1075,3.495,4.614,10.719*7D
$GNGST,084225.00,0.010,0.004,0.004,15.7908,3.495,4.614,10.719*71
$GNGST,084225.10,0.010,0.004,0.003,14.5737,3.495,4.614,10.719*76
$GNGST,084225.20,0.010,0.004,0.003,13.1224,3.495,4.614,10.719*71
$GNGST,084225.30,0.010,0.004,0.003,13.2650,3.495,4.614,10.719*74
$GNGST,084225.40,0.010,0.004,0.003,13.2640,3.495,4.614,10.719*72
$GNGST,084225.50,0.010,0.004,0.003,13.2630,3.495,4.614,10.719*74
$GNGST,084225.60,0.009,0.004,0.003,9.7692,3.495,4.614,10.719*49
$GNGST,084225.70,0.010,0.004,0.004,-10.0990,3.495,4.614,10.719*58
$GNGST,084225.80,0.009,0.004,0.003,9.6544,3.495,4.614,10.719*4E
$GNGST,084225.90,0.009,0.004,0.003,9.8301,3.495,4.614,10.719*46
$GNGST,084226.00,0.009,0.004,0.003,9.8289,3.495,4.614,10.719*4D
$GNGST,084226.10,0.009,0.004,0.003,10.4000,3.495,4.614,10.719*7B
$GNGST,084226.20,0.010,0.004,0.004,9.9967,3.495,4.614,10.719*4A
$GNGST,084226.30,0.010,0.004,0.004,5.9237,3.495,4.614,10.719*49
$GNGST,084226.40,0.011,0.004,0.004,-9.6726,3.495,4.614,10.719*64
$GNGST,084226.50,0.010,0.004,0.004,4.3802,3.495,4.614,10.719*48
$GNGST,084226.60,0.010,0.004,0.004,6.2141,3.495,4.614,10.719*46
$GNGST,084226.70,0.010,0.004,0.004,16.0524,3.495,4.614,10.719*73
$GNGST,084226.80,0.010,0.004,0.003,14.0946,3.495,4.614,10.719*71
$GNGST,084226.90,0.010,0.004,0.004,13.5205,3.495,4.614,10.719*79
$GNGST,084227.00,0.010,0.004,0.004,18.4534,3.495,4.614,10.719*7E
$GNGST,084227.10,0.011,0.004,0.004,22.1170,3.495,4.614,10.719*76
$GNGST,084227.20,0.011,0.004,0.004,-5.1183,3.495,4.614,10.719*61
$GNGST,084227.30,0.010,0.004,0.004,36.8992,3.495,4.614,10.719*7D
$GNGST,084227.40,0.010,0.004,0.004,27.3738,3.495,4.614,10.719*7F
$GNGST,084227.50,0.010,0.004,0.004,15.7163,3.495,4.614,10.719*73
$GNGST,084227.60,0.011,0.004,0.004,21.2351,3.495,4.614,10.719*70
$GNGST,084227.70,0.011,0.005,0.004,25.4696,3.495,4.614,10.719*7C
$GNGST,084227.80,0.011,0.004,0.004,21.1952,3.495,4.614,10.719*74
$GNGST,084227.90,0.010,0.004,0.004,18.7590,3.495,4.614,10.719*7A
$GNGST,084228.00,0.009,0.004,0.003,13.7414,3.495,4.614,10.719*75
$GNGST,084228.10,0.012,0.005,0.004,46.4590,3.495,4.614,10.719*76
$GNGST,084228.20,0.009,0.004,0.003,14.3070,3.495,4.614,10.719*72
$GNGST,084228.30,0.009,0.004,0.003,14.4723,3.495,4.614,10.719*75
$GNGST,084228.40,0.009,0.004,0.003,14.0292,3.495,4.614,10.719*79
$GNGST,084228.50,0.011,0.005,0.004,46.6627,3.495,4.614,10.719*7C
$GNGST,084228.60,0.011,0.005,0.004,37.0359,3.495,4.614,10.719*73
$GNGST,084228.70,0.012,0.005,0.004,38.8004,3.495,4.614,10.719*7D
$GNGST,084228.80,0.010,0.004,0.004,25.7456,3.495,4.614,10.719*71
$GNGST,084228.90,0.011,0.004,0.004,30.4653,3.495,4.614,10.719*71
$GNGST,084229.00,0.010,0.004,0.004,28.9718,3.495,4.614,10.719*72
$GNGST,084229.10,0.011,0.005,0.004,27.1093,3.495,4.614,10.719*70
$GNGST,084229.20,0.012,0.006,0.004,22.5381,3.495,4.614,10.719*72
$GNGST,084229.30,0.011,0.005,0.004,37.7264,3.495,4.614,10.719*7F
$GNGST,084229.40,0.011,0.005,0.004,39.4310,3.495,4.614,10.719*77
$GNGST,084229.50,0.011,0.005,0.004,36.2915,3.495,4.614,10.719*70
$GNGST,084229.60,0.011,0.005,0.004,49.7987,3.495,4.614,10.719*75
$GNGST,084229.70,0.011,0.004,0.004,-64.6899,3.495,4.614,10.719*58
$GNGST,084229.80,0.011,0.004,0.004,34.0018,3.495,4.614,10.719*78
$GNGST,084229.90,0.011,0.004,0.004,52.0822,3.495,4.614,10.719*78
$GNGST,084230.00,0.010,0.004,0.004,14.3704,3.495,4.614,10.719*72
$GNGST,084230.10,0.011,0.004,0.004,50.9983,3.495,4.614,10.719*79
$GNGST,084230.20,0.011,0.004,0.004,22.3333,3.495,4.614,10.719*74
$GNGST,084230.30,0.012,0.005,0.004,38.4870,3.495,4.614,10.719*77
$GNGST,084230.40,0.013,0.005,0.005,36.4216,3.495,4.614,10.719*74
$GNGST,084230.50,0.012,0.005,0.004,-62.0125,3.495,4.614,10.719*5E
$GNGST,084230.60,0.012,0.005,0.004,1.8429,3.495,4.614,10.719*44
$GNGST,084230.70,0.014,0.006,0.005,40.0816,3.495,4.614,10.719*7C
$GNGST,084230.80,0.011,0.004,0.004,-5.5366,3.495,4.614,10.719*60
$GNGST,084230.90,0.011,0.004,0.004,24.1939,3.495,4.614,10.719*7B
$GNGST,084231.00,0.011,0.004,0.004,2.8673,3.495,4.614,10.719*4F
$GNGST,084231.10,0.011,0.004,0.004,40.0701,3.495,4.614,10.719*74
$GNGST,084231.20,0.012,0.005,0.004,38.5427,3.495,4.614,10.719*78
$GNGST,084231.30,0.011,0.004,0.004,23.8249,3.495,4.614,10.719*72
$GNGST,084231.40,0.011,0.004,0.004,13.5945,3.495,4.614,10.719*7C
$GNGST,084231.50,0.011,0.004,0.004,65.3231,3.495,4.614,10.719*72
$GNGST,084231.60,0.011,0.004,0.004,27.8793,3.495,4.614,10.719*71
$GNGST,084231.70,0.014,0.006,0.004,34.9206,3.495,4.614,10.719*7D
$GNGST,084231.80,0.011,0.004,0.004,34.4415,3.495,4.614,10.719*7C
$GNGST,084231.90,0.012,0.005,0.004,31.7574,3.495,4.614,10.719*7F
$GNGST,084232.00,0.012,0.005,0.004,23.5817,3.495,4.614,10.719*7C
$GNGST,084232.10,0.011,0.004,0.004,23.0065,3.495,4.614,10.719*77
$GNGST,084232.20,0.011,0.004,0.004,35.8685,3.495,4.614,10.719*73
$GNGST,084232.30,0.013,0.005,0.004,29.5263,3.495,4.614,10.719*7D
$GNGST,084232.40,0.011,0.004,0.004,31.7962,3.495,4.614,10.719*78
$GNGST,084232.50,0.012,0.005,0.004,30.1867,3.495,4.614,10.719*78
$GNGST,084232.60,0.012,0.005,0.004,38.6905,3.495,4.614,10.719*71
$GNGST,084232.70,0.011,0.005,0.004,41.9471,3.495,4.614,10.719*7C
$GNGST,084232.80,0.011,0.005,0.004,52.6143,3.495,4.614,10.719*7A
$GNGST,084232.90,0.012,0.005,0.004,34.8961,3.495,4.614,10.719*7E
$GNGST,084233.00,0.012,0.006,0.004,38.4441,3.495,4.614,10.719*7A
$GNGST,084233.10,0.014,0.006,0.004,35.9297,3.495,4.614,10.719*70
$GNGST,084233.20,0.012,0.006,0.004,46.8178,3.495,4.614,10.719*72
$GNGST,084233.30,0.012,0.005,0.004,41.1613,3.495,4.614,10.719*74
$GNGST,084233.40,0.014,0.006,0.004,41.7157,3.495,4.614,10.719*77
$GNGST,084233.50,0.013,0.006,0.004,34.6596,3.495,4.614,10.719*7B
$GNGST,084233.60,0.013,0.006,0.004,51.5877,3.495,4.614,10.719*7A
$GNGST,084233.70,0.011,0.004,0.004,39.9076,3.495,4.614,10.719*70
$GNGST,084233.80,0.012,0.005,0.004,58.2915,3.495,4.614,10.719*7D
$GNGST,084233.90,0.012,0.005,0.004,57.5188,3.495,4.614,10.719*78
$GNGST,084234.00,0.012,0.006,0.004,48.5911,3.495,4.614,10.719*73
$GNGST,084234.10,0.013,0.007,0.004,56.9830,3.495,4.614,10.719*73
$GNGST,084234.20,0.014,0.006,0.005,60.4779,3.495,4.614,10.719*7D
$GNGST,084234.30,0.012,0.005,0.004,39.3078,3.495,4.614,10.719*75
$GNGST,084234.40,0.012,0.005,0.004,35.8679,3.495,4.614,10.719*72
$GNGST,084234.50,0.012,0.005,0.004,37.7061,3.495,4.614,10.719*71
$GNGST,084234.60,0.012,0.006,0.004,41.9572,3.495,4.614,10.719*79
$GNGST,084234.70,0.011,0.005,0.004,45.6933,3.495,4.614,10.719*7A
$GNGST,084234.80,0.014,0.007,0.004,62.4300,3.495,4.614,10.719*7F
$GNGST,084234.90,0.013,0.006,0.004,58.5895,3.495,4.614,10.719*77
$GNGST,084235.00,0.012,0.005,0.004,69.2111,3.495,4.614,10.719*7D
$GNGST,084235.10,0.011,0.005,0.004,54.6935,3.495,4.614,10.719*7B
$GNGST,084235.20,0.011,0.005,0.004,62.6377,3.495,4.614,10.719*71
$GNGST,084235.30,0.013,0.006,0.004,61.2138,3.495,4.614,10.719*7F
$GNGST,084235.40,0.013,0.005,0.004,45.6032,3.495,4.614,10.719*72
$GNGST,084235.50,0.013,0.005,0.004,43.6956,3.495,4.614,10.719*7E
$GNGST,084235.60,0.012,0.004,0.004,37.3795,3.495,4.614,10.719*7A
$GNGST,084235.70,0.012,0.005,0.004,39.8553,3.495,4.614,10.719*77
$GNGST,084235.80,0.011,0.004,0.004,40.4787,3.495,4.614,10.719*73
$GNGST,084235.90,0.013,0.006,0.004,40.1113,3.495,4.614,10.719*7C
$GNGST,084236.00,0.013,0.005,0.005,24.2709,3.495,4.614,10.719*78
$GNGST,084236.10,0.011,0.005,0.004,60.6891,3.495,4.614,10.719*70
$GNGST,084236.20,0.015,0.006,0.005,67.1792,3.495,4.614,10.719*79
$GNGST,084236.30,0.011,0.005,0.004,43.4968,3.495,4.614,10.719*76
$GNGST,084236.40,0.013,0.006,0.004,45.3538,3.495,4.614,10.719*78
$GNGST,084236.50,0.014,0.006,0.005,75.1037,3.495,4.614,10.719*74
$GNGST,084236.60,0.013,0.005,0.005,-26.1551,3.495,4.614,10.719*5D
$GNGST,084236.70,0.014,0.006,0.004,42.8415,3.495,4.614,10.719*7E
$GNGST,084236.80,0.016,0.006,0.005,-86.8834,3.495,4.614,10.719*58
$GNGST,084236.90,0.013,0.005,0.005,48.9363,3.495,4.614,10.719*78
$GNGST,084237.00,0.012,0.005,0.004,23.9315,3.495,4.614,10.719*7C
$GNGST,084237.10,0.017,0.006,0.006,-24.6217,3.495,4.614,10.719*5F
$GNGST,084237.20,0.018,0.008,0.005,39.0434,3.495,4.614,10.719*7E
$GNGST,084237.30,0.012,0.005,0.004,53.1343,3.495,4.614,10.719*73
$GNGST,084237.40,0.016,0.006,0.004,32.5861,3.495,4.614,10.719*7B
$GNGST,084237.50,0.015,0.006,0.004,25.4949,3.495,4.614,10.719*75
$GNGST,084237.60,0.013,0.005,0.004,56.6656,3.495,4.614,10.719*74
$GNGST,084237.70,0.014,0.006,0.005,45.1894,3.495,4.614,10.719*75
$GNGST,084237.80,0.014,0.006,0.005,31.9666,3.495,4.614,10.719*72
$GNGST,084237.90,0.016,0.008,0.005,34.9977,3.495,4.614,10.719*75
$GNGST,084238.00,0.013,0.005,0.004,30.8371,3.495,4.614,10.719*73
$GNGST,084238.10,0.014,0.005,0.004,44.6677,3.495,4.614,10.719*7B
$GNGST,084238.20,0.015,0.006,0.004,34.4932,3.495,4.614,10.719*71
$GNGST,084238.30,0.012,0.005,0.004,34.8780,3.495,4.614,10.719*7F
$GNGST,084238.40,0.016,0.006,0.004,41.7801,3.495,4.614,10.719*74
$GNGST,084238.50,0.016,0.006,0.004,51.8991,3.495,4.614,10.719*73
$GNGST,084238.60,0.014,0.006,0.004,38.6440,3.495,4.614,10.719*72
$GNGST,084238.70,0.016,0.006,0.004,51.4196,3.495,4.614,10.719*72
$GNGST,084238.80,0.013,0.005,0.005,52.6555,3.495,4.614,10.719*70
$GNGST,084238.90,0.018,0.008,0.004,44.0993,3.495,4.614,10.719*71
$GNGST,084239.00,0.013,0.005,0.004,52.9552,3.495,4.614,10.719*70
$GNGST,084239.10,0.014,0.005,0.004,45.5330,3.495,4.614,10.719*7E
$GNGST,084239.20,0.012,0.005,0.004,53.9265,3.495,4.614,10.719*71
$GNGST,084239.30,0.013,0.005,0.004,58.1950,3.495,4.614,10.719*7F
$GNGST,084239.40,0.014,0.005,0.004,37.0499,3.495,4.614,10.719*7F
$GNGST,084239.50,0.014,0.005,0.004,58.8895,3.495,4.614,10.719*7F
$GNGST,084239.60,0.012,0.005,0.004,42.3941,3.495,4.614,10.719*72
$GNGST,084239.70,0.015,0.005,0.005,74.1775,3.495,4.614,10.719*7B
$GNGST,084239.80,0.013,0.005,0.004,38.4929,3.495,4.614,10.719*79
$GNGST,084239.90,0.012,0.005,0.004,29.7804,3.495,4.614,10.719*74
$GNGST,084240.00,0.019,0.008,0.004,32.2800,3.495,4.614,10.719*7E
$GNGST,084240.10,0.015,0.007,0.004,42.7425,3.495,4.614,10.719*75
$GNGST,084240.20,0.016,0.007,0.004,40.3127,3.495,4.614,10.719*74
$GNGST,084240.30,0.016,0.007,0.004,30.2290,3.495,4.614,10.719*7C
$GNGST,084240.40,0.020,0.008,0.004,46.9494,3.495,4.614,10.719*79
$GNGST,084240.50,0.016,0.007,0.004,29.3347,3.495,4.614,10.719*78
$GNGST,084240.60,0.015,0.007,0.005,35.0829,3.495,4.614,10.719*74
$GNGST,084240.70,0.016,0.006,0.005,43.8557,3.495,4.614,10.719*7A
$GNGST,084240.80,0.017,0.009,0.005,32.3823,3.495,4.614,10.719*78
$GNGST,084240.90,0.014,0.006,0.004,38.5037,3.495,4.614,10.719*75
$GNGST,084241.00,0.017,0.007,0.004,26.8472,3.495,4.614,10.719*78
$GNGST,084241.10,0.014,0.006,0.005,25.8173,3.495,4.614,10.719*7D
$GNGST,084241.20,0.014,0.005,0.004,27.6992,3.495,4.614,10.719*77
$GNGST,084241.30,0.014,0.006,0.004,43.1171,3.495,4.614,10.719*75
$GNGST,084241.40,0.015,0.007,0.004,41.5480,3.495,4.614,10.719*7F
$GNGST,084241.50,0.013,0.006,0.004,33.0293,3.495,4.614,10.719*7D
$GNGST,084241.60,0.014,0.006,0.004,37.2729,3.495,4.614,10.719*7B
$GNGST,084241.70,0.015,0.005,0.004,36.1733,3.495,4.614,10.719*71
$GNGST,084241.80,0.011,0.005,0.004,37.7388,3.495,4.614,10.719*79
$GNGST,084241.90,0.016,0.007,0.004,40.2931,3.495,4.614,10.719*70
$GNGST,084242.00,0.013,0.006,0.004,38.7622,3.495,4.614,10.719*79
$GNGST,084242.10,0.012,0.005,0.004,36.2389,3.495,4.614,10.719*75
$GNGST,084242.20,0.013,0.005,0.004,37.8937,3.495,4.614,10.719*73
$GNGST,084242.30,0.014,0.006,0.004,38.5679,3.495,4.614,10.719*71
$GNGST,084242.40,0.016,0.008,0.004,35.3041,3.495,4.614,10.719*7C
$GNGST,084242.50,0.013,0.005,0.004,39.5153,3.495,4.614,10.719*7D
$GNGST,084242.60,0.014,0.006,0.004,31.6730,3.495,4.614,10.719*72
$GNGST,084242.70,0.012,0.005,0.004,39.4177,3.495,4.614,10.719*79
$GNGST,084242.80,0.012,0.006,0.004,40.6531,3.495,4.614,10.719*7F
$GNGST,084242.90,0.012,0.005,0.004,42.7820,3.495,4.614,10.719*73
$GNGST,084243.00,0.012,0.006,0.004,34.3755,3.495,4.614,10.719*70
$GNGST,084243.10,0.013,0.006,0.004,37.1480,3.495,4.614,10.719*7A
$GNGST,084243.20,0.012,0.006,0.004,43.2065,3.495,4.614,10.719*77
$GNGST,084243.30,0.015,0.007,0.004,52.9191,3.495,4.614,10.719*71
$GNGST,084243.40,0.013,0.006,0.004,41.7017,3.495,4.614,10.719*72
$GNGST,084243.50,0.013,0.006,0.004,43.4596,3.495,4.614,10.719*7E
$GNGST,084243.60,0.016,0.006,0.005,24.6230,3.495,4.614,10.719*71
$GNGST,084243.70,0.013,0.007,0.004,34.7820,3.495,4.614,10.719*7E
$GNGST,084243.80,0.014,0.007,0.004,28.6225,3.495,4.614,10.719*75
$GNGST,084243.90,0.013,0.006,0.004,40.4964,3.495,4.614,10.719*70
$GNGST,084244.00,0.012,0.006,0.004,36.3547,3.495,4.614,10.719*74
$GNGST,084244.10,0.015,0.006,0.004,45.8486,3.495,4.614,10.719*71
$GNGST,084244.20,0.015,0.006,0.004,47.4413,3.495,4.614,10.719*70
$GNGST,084244.30,0.015,0.007,0.004,39.2731,3.495,4.614,10.719*7C
$GNGST,084244.40,0.014,0.007,0.004,42.6041,3.495,4.614,10.719*72
$GNGST,084244.50,0.018,0.007,0.005,45.2966,3.495,4.614,10.719*71
$GNGST,084244.60,0.014,0.007,0.004,39.3702,3.495,4.614,10.719*79
$GNGST,084244.70,0.014,0.007,0.004,41.6562,3.495,4.614,10.719*76
$GNGST,084244.80,0.013,0.006,0.005,55.3887,3.495,4.614,10.719*78
$GNGST,084244.90,0.013,0.006,0.004,52.0715,3.495,4.614,10.719*78
$GNGST,084245.00,0.015,0.007,0.005,43.0528,3.495,4.614,10.719*7A
$GNGST,084245.10,0.013,0.006,0.004,45.8319,3.495,4.614,10.719*77
$GNGST,084245.20,0.014,0.006,0.005,46.4843,3.495,4.614,10.719*79
$GNGST,084245.30,0.014,0.006,0.005,82.0463,3.495,4.614,10.719*7A
$GNGST,084245.40,0.015,0.007,0.005,60.2278,3.495,4.614,10.719*7F
$GNGST,084245.50,0.014,0.006,0.005,39.4399,3.495,4.614,10.719*7A
$GNGST,084245.60,0.013,0.006,0.004,44.4296,3.495,4.614,10.719*7B
$GNGST,084245.70,0.014,0.006,0.004,47.8375,3.495,4.614,10.719*7E
$GNGST,084245.80,0.015,0.007,0.004,43.9587,3.495,4.614,10.719*7F
$GNGST,084245.90,0.012,0.005,0.004,47.4171,3.495,4.614,10.719*7F
$GNGST,084246.00,0.012,0.005,0.005,52.3723,3.495,4.614,10.719*76
$GNGST,084246.10,0.013,0.005,0.005,55.0683,3.495,4.614,10.719*79
$GNGST,084246.20,0.013,0.006,0.005,74.9299,3.495,4.614,10.719*7C
$GNGST,084246.30,0.012,0.005,0.004,45.8790,3.495,4.614,10.719*71
$GNGST,084246.40,0.013,0.006,0.004,42.6255,3.495,4.614,10.719*71
$GNGST,084246.50,0.013,0.006,0.004,53.2104,3.495,4.614,10.719*73
$GNGST,084246.60,0.012,0.005,0.004,57.3450,3.495,4.614,10.719*73
$GNGST,084246.70,0.012,0.005,0.004,32.9416,3.495,4.614,10.719*79
$GNGST,084246.80,0.012,0.004,0.004,49.6580,3.495,4.614,10.719*7A
$GNGST,084246.90,0.012,0.004,0.004,17.9885,3.495,4.614,10.719*77
$GNGST,084247.00,0.012,0.005,0.004,44.4934,3.495,4.614,10.719*7E
$GNGST,084247.10,0.011,0.004,0.004,42.5286,3.495,4.614,10.719*78
$GNGST,084247.20,0.012,0.005,0.004,47.3391,3.495,4.614,10.719*7D
$GNGST,084247.30,0.012,0.005,0.004,34.3661,3.495,4.614,10.719*72
$GNGST,084247.40,0.012,0.005,0.004,53.1350,3.495,4.614,10.719*71
$GNGST,084247.50,0.013,0.006,0.004,40.4527,3.495,4.614,10.719*73
$GNGST,084247.60,0.014,0.006,0.004,47.3064,3.495,4.614,10.719*75
$GNGST,084247.70,0.012,0.005,0.004,39.9017,3.495,4.614,10.719*76
$GNGST,084247.80,0.011,0.005,0.004,63.6260,3.495,4.614,10.719*78
$GNGST,084247.90,0.012,0.005,0.004,80.0847,3.495,4.614,10.719*7E
$GNGST,084248.00,0.013,0.006,0.004,53.0793,3.495,4.614,10.719*72
$GNGST,084248.10,0.012,0.005,0.004,47.9412,3.495,4.614,10.719*77
$GNGST,084248.20,0.012,0.005,0.004,46.8892,3.495,4.614,10.719*70
$GNGST,084248.30,0.011,0.004,0.004,52.6684,3.495,4.614,10.719*71
$GNGST,084248.40,0.012,0.005,0.004,46.3781,3.495,4.614,10.719*70
$GNGST,084248.50,0.012,0.004,0.004,77.8611,3.495,4.614,10.719*71
$GNGST,084248.60,0.014,0.006,0.004,38.5725,3.495,4.614,10.719*76
$GNGST,084248.70,0.011,0.004,0.004,42.7646,3.495,4.614,10.719*7B
$GNGST,084248.80,0.011,0.005,0.004,40.2415,3.495,4.614,10.719*76
$GNGST,084248.90,0.012,0.005,0.004,42.6159,3.495,4.614,10.719*7F
$GNGST,084249.00,0.012,0.005,0.004,49.0917,3.495,4.614,10.719*78
$GNGST,084249.10,0.011,0.005,0.004,42.3409,3.495,4.614,10.719*70
$GNGST,084249.20,0.011,0.004,0.004,40.8773,3.495,4.614,10.719*75
$GNGST,084249.30,0.011,0.005,0.004,50.5761,3.495,4.614,10.719*7A
$GNGST,084249.40,0.011,0.004,0.004,47.1568,3.495,4.614,10.719*75
$GNGST,084249.50,0.011,0.005,0.004,48.5558,3.495,4.614,10.719*7D
$GNGST,084249.60,0.011,0.005,0.004,37.7242,3.495,4.614,10.719*78
$GNGST,084249.70,0.011,0.005,0.004,39.3047,3.495,4.614,10.719*74
$GNGST,084249.80,0.013,0.005,0.004,47.9692,3.495,4.614,10.719*74
$GNGST,084249.90,0.011,0.005,0.004,45.6822,3.495,4.614,10.719*7F
$GNGST,084250.00,0.011,0.005,0.004,41.0562,3.495,4.614,10.719*75
$GNGST,084250.10,0.013,0.005,0.004,40.8160,3.495,4.614,10.719*79
$GNGST,084250.20,0.013,0.005,0.004,41.3991,3.495,4.614,10.719*76
$GNGST,084250.30,0.012,0.005,0.004,34.8133,3.495,4.614,10.719*7F
$GNGST,084250.40,0.012,0.004,0.004,46.0992,3.495,4.614,10.719*77
$GNGST,084250.50,0.012,0.005,0.004,40.6998,3.495,4.614,10.719*7D
$GNGST,084250.60,0.012,0.005,0.004,38.0641,3.495,4.614,10.719*7C
$GNGST,084250.70,0.013,0.005,0.004,34.4940,3.495,4.614,10.719*7A
$GNGST,084250.80,0.012,0.005,0.004,42.1578,3.495,4.614,10.719*77
$GNGST,084250.90,0.013,0.006,0.004,36.6266,3.495,4.614,10.719*78
$GNGST,084251.00,0.013,0.006,0.004,32.6240,3.495,4.614,10.719*70
$GNGST,084251.10,0.012,0.005,0.004,33.2348,3.495,4.614,10.719*7F
$GNGST,084251.20,0.013,0.005,0.004,36.3970,3.495,4.614,10.719*78
$GNGST,084251.30,0.013,0.005,0.004,31.3522,3.495,4.614,10.719*75
$GNGST,084251.40,0.013,0.005,0.004,36.0372,3.495,4.614,10.719*75
$GNGST,084251.50,0.011,0.005,0.004,35.5066,3.495,4.614,10.719*76
$GNGST,084251.60,0.011,0.005,0.004,28.0237,3.495,4.614,10.719*7A
$GNGST,084251.70,0.011,0.005,0.004,33.0586,3.495,4.614,10.719*7C
$GNGST,084251.80,0.013,0.005,0.004,43.6272,3.495,4.614,10.719*7C
$GNGST,084251.90,0.012,0.005,0.004,29.3303,3.495,4.614,10.719*72
$GNGST,084252.00,0.011,0.005,0.004,33.2272,3.495,4.614,10.719*76
$GNGST,084252.10,0.012,0.005,0.004,31.2373,3.495,4.614,10.719*76
$GNGST,084252.20,0.015,0.006,0.004,18.1413,3.495,4.614,10.719*78
$GNGST,084252.30,0.013,0.005,0.004,20.2849,3.495,4.614,10.719*77
$GNGST,084252.40,0.012,0.005,0.004,30.6593,3.495,4.614,10.719*7E
$GNGST,084252.50,0.012,0.005,0.004,24.6571,3.495,4.614,10.719*76
$GNGST,084252.60,0.011,0.005,0.004,36.1944,3.495,4.614,10.719*78
$GNGST,084252.70,0.011,0.005,0.004,35.9494,3.495,4.614,10.719*72
$GNGST,084252.80,0.012,0.005,0.004,22.4431,3.495,4.614,10.719*7A
$GNGST,084252.90,0.012,0.005,0.004,45.5591,3.495,4.614,10.719*70
$GNGST,084253.00,0.012,0.005,0.004,26.2713,3.495,4.614,10.719*72
$GNGST,084253.10,0.011,0.004,0.004,36.0171,3.495,4.614,10.719*70
$GNGST,084253.20,0.012,0.005,0.004,39.6601,3.495,4.614,10.719*78
$GNGST,084253.30,0.012,0.005,0.004,22.2558,3.495,4.614,10.719*78
$GNGST,084253.40,0.012,0.004,0.004,37.7410,3.495,4.614,10.719*72
$GNGST,084253.50,0.012,0.004,0.004,32.4898,3.495,4.614,10.719*79
$GNGST,084253.60,0.012,0.005,0.004,29.2081,3.495,4.614,10.719*77
$GNGST,084253.70,0.011,0.004,0.004,36.9065,3.495,4.614,10.719*7B
$GNGST,084253.80,0.010,0.004,0.004,38.7702,3.495,4.614,10.719*73
$GNGST,084253.90,0.010,0.004,0.004,38.0390,3.495,4.614,10.719*7A
$GNGST,084254.00,0.010,0.004,0.004,37.6869,3.495,4.614,10.719*70
$GNGST,084254.10,0.010,0.004,0.004,37.3304,3.495,4.614,10.719*74
$GNGST,084254.20,0.010,0.004,0.004,38.5944,3.495,4.614,10.719*70
$GNGST,084254.30,0.011,0.004,0.004,35.4725,3.495,4.614,10.719*75
$GNGST,084254.40,0.010,0.004,0.004,36.5858,3.495,4.614,10.719*74
$GNGST,084254.50,0.010,0.004,0.004,33.8828,3.495,4.614,10.719*7A
$GNGST,084254.60,0.011,0.004,0.004,43.5012,3.495,4.614,10.719*73
$GNGST,084254.70,0.010,0.004,0.004,33.4079,3.495,4.614,10.719*78
$GNGST,084254.80,0.010,0.004,0.004,32.8440,3.495,4.614,10.719*74
$GNGST,084254.90,0.010,0.004,0.004,42.5026,3.495,4.614,10.719*7B
$GNGST,084255.00,0.010,0.004,0.004,45.3130,3.495,4.614,10.719*74
$GNGST,084255.10,0.011,0.004,0.004,39.0257,3.495,4.614,10.719*7E
$GNGST,084255.20,0.010,0.004,0.004,33.1736,3.495,4.614,10.719*75
$GNGST,084255.30,0.011,0.004,0.004,39.9918,3.495,4.614,10.719*75
$GNGST,084255.40,0.011,0.004,0.004,39.9098,3.495,4.614,10.719*73
$GNGST,084255.50,0.010,0.004,0.004,31.9163,3.495,4.614,10.719*7E
$GNGST,084255.60,0.010,0.004,0.004,40.9587,3.495,4.614,10.719*75
$GNGST,084255.70,0.010,0.004,0.004,27.6690,3.495,4.614,10.719*7F
$GNGST,084255.80,0.011,0.004,0.004,22.5580,3.495,4.614,10.719*75
$GNGST,084255.90,0.011,0.005,0.004,20.2055,3.495,4.614,10.719*7D
$GNGST,084256.00,0.010,0.004,0.004,21.6994,3.495,4.614,10.719*76
$GNGST,084256.10,0.010,0.004,0.004,-1.2487,3.495,4.614,10.719*63
$GNGST,084256.20,0.013,0.005,0.004,22.6064,3.495,4.614,10.719*73
$GNGST,084256.30,0.012,0.004,0.004,15.2488,3.495,4.614,10.719*74
$GNGST,084256.40,0.011,0.004,0.004,27.2211,3.495,4.614,10.719*77
$GNGST,084256.50,0.010,0.004,0.004,28.1262,3.495,4.614,10.719*7F
$GNGST,084256.60,0.010,0.004,0.004,29.8817,3.495,4.614,10.719*7C
$GNGST,084256.70,0.011,0.004,0.004,11.3223,3.495,4.614,10.719*71
$GNGST,084256.80,0.010,0.004,0.004,19.2173,3.495,4.614,10.719*70
$GNGST,084256.90,0.010,0.004,0.004,6.7748,3.495,4.614,10.719*44
$GNGST,084257.00,0.010,0.004,0.004,27.2110,3.495,4.614,10.719*71
$GNGST,084257.10,0.011,0.004,0.004,33.7060,3.495,4.614,10.719*77
$GNGST,084257.20,0.010,0.004,0.004,26.4888,3.495,4.614,10.719*7C
$GNGST,084257.30,0.010,0.004,0.004,4.3308,3.495,4.614,10.719*49
$GNGST,084257.40,0.011,0.004,0.004,13.6722,3.495,4.614,10.719*70
$GNGST,084257.50,0.011,0.004,0.004,-10.9644,3.495,4.614,10.719*51
$GNGST,084257.60,0.010,0.004,0.004,-1.6627,3.495,4.614,10.719*69
$GNGST,084257.70,0.012,0.005,0.004,25.8112,3.495,4.614,10.719*7F
$GNGST,084257.80,0.010,0.004,0.004,5.2516,3.495,4.614,10.719*4B
$GNGST,084257.90,0.010,0.004,0.003,26.0304,3.495,4.614,10.719*7B
$GNGST,084258.00,0.011,0.004,0.004,16.5448,3.495,4.614,10.719*72
$GNGST,084258.10,0.011,0.004,0.004,18.4344,3.495,4.614,10.719*77
$GNGST,084258.20,0.011,0.005,0.004,56.3656,3.495,4.614,10.719*7E
$GNGST,084258.30,0.011,0.004,0.004,33.6201,3.495,4.614,10.719*7E
$GNGST,084258.40,0.011,0.004,0.004,-55.9953,3.495,4.614,10.719*57
$GNGST,084258.50,0.011,0.004,0.004,-22.5446,3.495,4.614,10.719*53
$GNGST,084258.60,0.010,0.004,0.004,-41.0141,3.495,4.614,10.719*53
$GNGST,084258.70,0.010,0.004,0.004,-44.2666,3.495,4.614,10.719*57
$GNGST,084258.80,0.011,0.004,0.004,-43.8383,3.495,4.614,10.719*5A
$GNGST,084258.90,0.010,0.004,0.004,-57.5916,3.495,4.614,10.719*54
$GNGST,084259.00,0.011,0.004,0.004,-67.8455,3.495,4.614,10.719*59
$GNGST,084259.10,0.011,0.005,0.004,-64.2685,3.495,4.614,10.719*5F
$GNGST,084259.20,0.010,0.004,0.004,-17.9373,3.495,4.614,10.719*5F
$GNGST,084259.30,0.011,0.005,0.004,-12.2643,3.495,4.614,10.719*56
$GNGST,084259.40,0.012,0.005,0.004,9.7935,3.495,4.614,10.719*4E
$GNGST,084259.50,0.011,0.004,0.004,3.8353,3.495,4.614,10.719*42
$GNGST,084259.60,0.011,0.004,0.004,51.6698,3.495,4.614,10.719*7A
$GNGST,084259.70,0.010,0.004,0.004,11.8223,3.495,4.614,10.719*74
$GNGST,084259.80,0.010,0.004,0.004,-31.1346,3.495,4.614,10.719*5F
$GNGST,084259.90,0.010,0.004,0.004,-22.6627,3.495,4.614,10.719*59
$GNGST,084300.00,0.011,0.004,0.004,-2.1806,3.495,4.614,10.719*64
$GNGST,084300.10,0.012,0.005,0.004,-40.5768,3.495,4.614,10.719*52
$GNGST,084300.20,0.012,0.004,0.004,-31.5533,3.495,4.614,10.719*5A
$GNGST,084300.30,0.012,0.005,0.004,-42.2253,3.495,4.614,10.719*58
$GNGST,084300.40,0.012,0.004,0.004,-30.0094,3.495,4.614,10.719*50
$GNGST,084300.50,0.011,0.004,0.004,-46.3765,3.495,4.614,10.719*59
$GNGST,084300.60,0.011,0.004,0.004,-2.2533,3.495,4.614,10.719*6A
$GNGST,084300.70,0.011,0.004,0.004,-12.1751,3.495,4.614,10.719*5F
$GNGST,084300.80,0.014,0.005,0.004,17.4973,3.495,4.614,10.719*77
$GNGST,084300.90,0.011,0.004,0.004,-64.7580,3.495,4.614,10.719*58
$GNGST,084301.00,0.014,0.006,0.004,22.5835,3.495,4.614,10.719*79
$GNGST,084301.10,0.015,0.007,0.004,21.6006,3.495,4.614,10.719*70
$GNGST,084301.20,0.017,0.008,0.004,21.9277,3.495,4.614,10.719*75
$GNGST,084301.30,0.014,0.006,0.004,-31.8828,3.495,4.614,10.719*54
$GNGST,084301.40,0.012,0.005,0.004,-42.7726,3.495,4.614,10.719*5C
$GNGST,084301.50,0.012,0.005,0.004,3.6019,3.495,4.614,10.719*4F
$GNGST,084301.60,0.013,0.006,0.005,36.4865,3.495,4.614,10.719*78
$GNGST,084301.70,0.014,0.006,0.005,-22.8724,3.495,4.614,10.719*50
$GNGST,084301.80,0.013,0.005,0.004,-48.5146,3.495,4.614,10.719*59
$GNGST,084301.90,0.012,0.004,0.004,54.9733,3.495,4.614,10.719*70
$GNGST,084302.00,0.011,0.005,0.004,24.1558,3.495,4.614,10.719*78
$GNGST,084302.10,0.014,0.006,0.004,31.6881,3.495,4.614,10.719*75
$GNGST,084302.20,0.012,0.005,0.004,32.1029,3.495,4.614,10.719*7D
$GNGST,084302.30,0.014,0.005,0.004,88.8104,3.495,4.614,10.719*7C
$GNGST,084302.40,0.017,0.008,0.004,23.6226,3.495,4.614,10.719*79
$GNGST,084302.50,0.014,0.005,0.005,-3.4990,3.495,4.614,10.719*6C
$GNGST,084302.60,0.012,0.005,0.004,35.2900,3.495,4.614,10.719*7F
$GNGST,084302.70,0.012,0.005,0.005,31.6482,3.495,4.614,10.719*78
$GNGST,084302.80,0.012,0.005,0.004,28.5689,3.495,4.614,10.719*74
$GNGST,084302.90,0.015,0.006,0.004,33.8473,3.495,4.614,10.719*71
$GNGST,084303.00,0.012,0.005,0.004,36.5426,3.495,4.614,10.719*75
$GNGST,084303.10,0.014,0.007,0.004,30.3227,3.495,4.614,10.719*77
$GNGST,084303.20,0.014,0.006,0.005,27.9686,3.495,4.614,10.719*77
$GNGST,084303.30,0.012,0.005,0.004,26.9528,3.495,4.614,10.719*74
$GNGST,084303.40,0.016,0.007,0.005,32.5199,3.495,4.614,10.719*73
$GNGST,084303.50,0.013,0.006,0.005,33.4904,3.495,4.614,10.719*7A
$GNGST,084303.60,0.016,0.007,0.005,50.5599,3.495,4.614,10.719*71
$GNGST,084303.70,0.015,0.006,0.004,4.8549,3.495,4.614,10.719*42
$GNGST,084303.80,0.014,0.005,0.005,-7.2004,3.495,4.614,10.719*66
$GNGST,084303.90,0.016,0.007,0.004,31.8743,3.495,4.614,10.719*70
$GNGST,084304.00,0.014,0.006,0.005,-4.9811,3.495,4.614,10.719*6E
$GNGST,084304.10,0.015,0.006,0.005,-5.4145,3.495,4.614,10.719*6A
$GNGST,084304.20,0.013,0.005,0.005,32.0168,3.495,4.614,10.719*7E
$GNGST,084304.30,0.017,0.006,0.005,31.7058,3.495,4.614,10.719*7E
$GNGST,084304.40,0.013,0.005,0.005,87.5927,3.495,4.614,10.719*70
$GNGST,084304.50,0.014,0.005,0.005,-13.1421,3.495,4.614,10.719*59
$GNGST,084304.60,0.014,0.006,0.004,42.5973,3.495,4.614,10.719*7F
$GNGST,084304.70,0.014,0.006,0.005,45.1982,3.495,4.614,10.719*72
$GNGST,084304.80,0.017,0.005,0.005,-67.6769,3.495,4.614,10.719*5C
$GNGST,084304.90,0.017,0.008,0.006,30.0823,3.495,4.614,10.719*7B
$GNGST,084305.00,0.017,0.009,0.005,50.6663,3.495,4.614,10.719*7B
$GNGST,084305.10,0.014,0.005,0.005,32.7163,3.495,4.614,10.719*77
$GNGST,084305.20,0.016,0.006,0.005,17.7868,3.495,4.614,10.719*70
$GNGST,084305.30,0.013,0.006,0.005,18.6733,3.495,4.614,10.719*7B
$GNGST,084305.40,0.015,0.007,0.004,41.1471,3.495,4.614,10.719*74
$GNGST,084305.50,0.014,0.006,0.005,5.2391,3.495,4.614,10.719*4E
$GNGST,084305.60,0.017,0.008,0.005,28.9757,3.495,4.614,10.719*7A
$GNGST,084305.70,0.018,0.008,0.005,28.7700,3.495,4.614,10.719*78
$GNGST,084305.80,0.016,0.007,0.004,16.5966,3.495,4.614,10.719*76
$GNGST,084305.90,0.012,0.005,0.005,-72.2608,3.495,4.614,10.719*5F
$GNGST,084306.00,0.013,0.005,0.005,-14.6818,3.495,4.614,10.719*5F
$GNGST,084306.10,0.014,0.006,0.005,46.4481,3.495,4.614,10.719*7E
$GNGST,084306.20,0.013,0.006,0.005,41.7371,3.495,4.614,10.719*76
$GNGST,084306.30,0.017,0.009,0.005,60.1889,3.495,4.614,10.719*75
$GNGST,084306.40,0.018,0.009,0.005,54.2251,3.495,4.614,10.719*76
$GNGST,084306.50,0.014,0.005,0.005,-66.8804,3.495,4.614,10.719*5B
$GNGST,084306.60,0.015,0.006,0.004,-47.2329,3.495,4.614,10.719*56
$GNGST,084306.70,0.013,0.006,0.005,-20.2435,3.495,4.614,10.719*5B
$GNGST,084306.80,0.014,0.006,0.005,-34.1603,3.495,4.614,10.719*52
$GNGST,084306.90,0.014,0.006,0.004,-43.9054,3.495,4.614,10.719*5E
$GNGST,084307.00,0.013,0.006,0.004,-38.6477,3.495,4.614,10.719*57
$GNGST,084307.10,0.013,0.006,0.004,-34.9338,3.495,4.614,10.719*59
$GNGST,084307.20,0.015,0.006,0.005,-23.2466,3.495,4.614,10.719*5C
$GNGST,084307.30,0.013,0.005,0.004,-32.6230,3.495,4.614,10.719*58
$GNGST,084307.40,0.013,0.005,0.004,41.8724,3.495,4.614,10.719*78
$GNGST,084307.50,0.014,0.006,0.006,-52.1537,3.495,4.614,10.719*59
$GNGST,084307.60,0.014,0.006,0.005,-42.0784,3.495,4.614,10.719*53
$GNGST,084307.70,0.013,0.005,0.005,61.3450,3.495,4.614,10.719*73
$GNGST,084307.80,0.011,0.005,0.004,-47.6965,3.495,4.614,10.719*58
$GNGST,084307.90,0.013,0.006,0.004,-48.5267,3.495,4.614,10.719*5D
$GNGST,084308.00,0.012,0.005,0.004,-24.9280,3.495,4.614,10.719*56
$GNGST,084308.10,0.012,0.005,0.004,42.0638,3.495,4.614,10.719*74
$GNGST,084308.20,0.018,0.009,0.006,-19.2264,3.495,4.614,10.719*5F
$GNGST,084308.30,0.015,0.006,0.005,-42.5852,3.495,4.614,10.719*59
$GNGST,084308.40,0.011,0.005,0.004,14.5490,3.495,4.614,10.719*74
$GNGST,084308.50,0.014,0.005,0.005,-33.3927,3.495,4.614,10.719*5E
$GNGST,084308.60,0.013,0.006,0.005,-43.2541,3.495,4.614,10.719*53
$GNGST,084308.70,0.013,0.005,0.005,-50.8798,3.495,4.614,10.719*5F
$GNGST,084308.80,0.012,0.005,0.005,-43.0206,3.495,4.614,10.719*59
$GNGST,084308.90,0.012,0.005,0.005,24.9941,3.495,4.614,10.719*75
$GNGST,084309.00,0.012,0.005,0.005,2.1745,3.495,4.614,10.719*4B
$GNGST,084309.10,0.014,0.006,0.005,-26.3080,3.495,4.614,10.719*58
$GNGST,084309.20,0.012,0.005,0.005,-27.1319,3.495,4.614,10.719*5E
$GNGST,084309.30,0.012,0.005,0.005,-38.4156,3.495,4.614,10.719*5D
$GNGST,084309.40,0.011,0.005,0.004,85.2328,3.495,4.614,10.719*7E
$GNGST,084309.50,0.012,0.005,0.004,62.5485,3.495,4.614,10.719*72
$GNGST,084309.60,0.013,0.005,0.005,78.5786,3.495,4.614,10.719*7A
$GNGST,084309.70,0.013,0.005,0.005,34.2734,3.495,4.614,10.719*7D
$GNGST,084309.80,0.011,0.005,0.004,50.3395,3.495,4.614,10.719*7D
$GNGST,084309.90,0.012,0.005,0.005,60.7031,3.495,4.614,10.719*74
$GNGST,084310.00,0.013,0.005,0.005,-16.4522,3.495,4.614,10.719*5C
$GNGST,084310.10,0.014,0.006,0.006,-39.4068,3.495,4.614,10.719*5C
$GNGST,084310.20,0.012,0.005,0.005,38.1215,3.495,4.614,10.719*78
$GNGST,084310.30,0.013,0.005,0.005,59.2143,3.495,4.614,10.719*7C
$GNGST,084310.40,0.013,0.005,0.005,35.9208,3.495,4.614,10.719*76
$GNGST,084310.50,0.014,0.006,0.005,-24.4359,3.495,4.614,10.719*56
$GNGST,084310.60,0.013,0.006,0.005,-19.1930,3.495,4.614,10.719*5C
$GNGST,084310.70,0.012,0.005,0.005,-33.8623,3.495,4.614,10.719*53
$GNGST,084310.80,0.013,0.006,0.004,-5.3334,3.495,4.614,10.719*62
$GNGST,084310.90,0.012,0.005,0.004,-13.9732,3.495,4.614,10.719*5E
$GNGST,084311.00,0.012,0.005,0.004,-7.2790,3.495,4.614,10.719*60
$GNGST,084311.10,0.014,0.007,0.005,37.4554,3.495,4.614,10.719*76
$GNGST,084311.20,0.013,0.005,0.005,-47.1793,3.495,4.614,10.719*56
$GNGST,084311.30,0.014,0.006,0.005,-8.0538,3.495,4.614,10.719*6A
$GNGST,084311.40,0.011,0.005,0.004,-5.9159,3.495,4.614,10.719*6D
$GNGST,084311.50,0.013,0.006,0.005,-30.9811,3.495,4.614,10.719*5F
$GNGST,084311.60,0.012,0.005,0.004,-14.5706,3.495,4.614,10.719*5C
$GNGST,084311.70,0.012,0.005,0.004,-23.0663,3.495,4.614,10.719*5E
$GNGST,084311.80,0.013,0.005,0.004,-14.0087,3.495,4.614,10.719*58
$GNGST,084311.90,0.015,0.006,0.005,-46.8554,3.495,4.614,10.719*59
$GNGST,084312.00,0.012,0.006,0.004,-48.6293,3.495,4.614,10.719*59
$GNGST,084312.10,0.012,0.005,0.004,-35.7551,3.495,4.614,10.719*59
$GNGST,084312.20,0.014,0.006,0.005,-35.9109,3.495,4.614,10.719*59
$GNGST,084312.30,0.015,0.007,0.004,-40.6716,3.495,4.614,10.719*5C
$GNGST,084312.40,0.012,0.006,0.005,-49.5166,3.495,4.614,10.719*57
$GNGST,084312.50,0.015,0.006,0.005,-0.5467,3.495,4.614,10.719*68
$GNGST,084312.60,0.012,0.005,0.004,-18.6192,3.495,4.614,10.719*5B
$GNGST,084312.70,0.011,0.005,0.004,2.5794,3.495,4.614,10.719*4C
$GNGST,084312.80,0.012,0.005,0.004,-17.7697,3.495,4.614,10.719*59
$GNGST,084312.90,0.012,0.005,0.004,5.0932,3.495,4.614,10.719*41
$GNGST,084313.00,0.013,0.005,0.004,-19.3340,3.495,4.614,10.719*54
$GNGST,084313.10,0.013,0.005,0.004,0.8228,3.495,4.614,10.719*44
$GNGST,084313.20,0.013,0.005,0.004,10.3971,3.495,4.614,10.719*7A
$GNGST,084313.30,0.011,0.005,0.004,6.3323,3.495,4.614,10.719*43
$GNGST,084313.40,0.012,0.005,0.004,-33.1151,3.495,4.614,10.719*59
$GNGST,084313.50,0.015,0.006,0.005,-34.4488,3.495,4.614,10.719*5E
$GNGST,084313.60,0.013,0.005,0.004,-5.9910,3.495,4.614,10.719*6A
$GNGST,084313.70,0.014,0.006,0.004,-42.4738,3.495,4.614,10.719*55
$GNGST,084313.80,0.015,0.006,0.004,-42.0163,3.495,4.614,10.719*57
$GNGST,084313.90,0.015,0.006,0.004,-42.4453,3.495,4.614,10.719*54
$GNGST,084314.00,0.011,0.005,0.004,-25.2217,3.495,4.614,10.719*5C
$GNGST,084314.10,0.012,0.005,0.004,-26.7439,3.495,4.614,10.719*52
$GNGST,084314.20,0.013,0.005,0.005,49.8119,3.495,4.614,10.719*7D
$GNGST,084314.30,0.015,0.006,0.005,-0.8625,3.495,4.614,10.719*61
$GNGST,084314.40,0.014,0.005,0.004,-18.5175,3.495,4.614,10.719*53
$GNGST,084314.50,0.013,0.005,0.005,-57.1850,3.495,4.614,10.719*55
$GNGST,084314.60,0.012,0.005,0.004,-41.9588,3.495,4.614,10.719*51
$GNGST,084314.70,0.011,0.005,0.004,-44.4176,3.495,4.614,10.719*5E
$GNGST,084314.80,0.012,0.005,0.004,-34.2942,3.495,4.614,10.719*5C
$GNGST,084314.90,0.013,0.005,0.004,-42.3485,3.495,4.614,10.719*5A
$GNGST,084315.00,0.015,0.006,0.004,-42.7706,3.495,4.614,10.719*5B
$GNGST,084315.10,0.013,0.006,0.004,-33.3883,3.495,4.614,10.719*5C
$GNGST,084315.20,0.012,0.005,0.004,-38.8741,3.495,4.614,10.719*5C
$GNGST,084315.30,0.011,0.005,0.004,-35.8991,3.495,4.614,10.719*50
$GNGST,084315.40,0.011,0.004,0.004,-35.9791,3.495,4.614,10.719*59
$GNGST,084315.50,0.012,0.004,0.004,-44.1272,3.495,4.614,10.719*5D
$GNGST,084315.60,0.012,0.005,0.004,-68.2049,3.495,4.614,10.719*58
$GNGST,084315.70,0.013,0.005,0.004,-13.8609,3.495,4.614,10.719*5C
$GNGST,084315.80,0.011,0.004,0.004,-12.8144,3.495,4.614,10.719*5F
$GNGST,084315.90,0.011,0.004,0.004,-26.7447,3.495,4.614,10.719*50
$GNGST,084316.00,0.014,0.006,0.005,-9.3670,3.495,4.614,10.719*63
$GNGST,084316.10,0.011,0.005,0.004,-16.5727,3.495,4.614,10.719*5E
$GNGST,084316.20,0.011,0.004,0.004,-43.4126,3.495,4.614,10.719*5A
$GNGST,084316.30,0.011,0.005,0.004,-42.7792,3.495,4.614,10.719*51
$GNGST,084316.40,0.011,0.005,0.004,-42.9343,3.495,4.614,10.719*50
$GNGST,084316.50,0.013,0.005,0.004,38.1450,3.495,4.614,10.719*7E
$GNGST,084316.60,0.011,0.004,0.004,-40.6834,3.495,4.614,10.719*55
$GNGST,084316.70,0.012,0.005,0.004,-23.3539,3.495,4.614,10.719*56
$GNGST,084316.80,0.011,0.004,0.004,27.1237,3.495,4.614,10.719*79
$GNGST,084316.90,0.011,0.004,0.004,-34.8537,3.495,4.614,10.719*59
$GNGST,084317.00,0.011,0.004,0.004,-42.7795,3.495,4.614,10.719*55
$GNGST,084317.10,0.012,0.004,0.004,-12.9499,3.495,4.614,10.719*53
$GNGST,084317.20,0.011,0.004,0.004,-8.0899,3.495,4.614,10.719*6D
$GNGST,084317.30,0.012,0.005,0.004,30.8601,3.495,4.614,10.719*7F
$GNGST,084317.40,0.012,0.005,0.004,33.4071,3.495,4.614,10.719*76
$GNGST,084317.50,0.014,0.005,0.004,25.6542,3.495,4.614,10.719*71
$GNGST,084317.60,0.011,0.005,0.004,-83.8380,3.495,4.614,10.719*50
$GNGST,084317.70,0.013,0.005,0.005,-23.3475,3.495,4.614,10.719*5E
$GNGST,084317.80,0.014,0.005,0.005,-18.9960,3.495,4.614,10.719*5D
$GNGST,084317.90,0.018,0.008,0.004,36.1863,3.495,4.614,10.719*77
$GNGST,084318.00,0.013,0.006,0.004,49.7911,3.495,4.614,10.719*7E
$GNGST,084318.10,0.012,0.005,0.004,-56.8238,3.495,4.614,10.719*51
$GNGST,084318.20,0.014,0.005,0.005,59.1241,3.495,4.614,10.719*70
$GNGST,084318.30,0.013,0.005,0.005,11.9778,3.495,4.614,10.719*7D
$GNGST,084318.40,0.013,0.007,0.005,-67.9328,3.495,4.614,10.719*55
$GNGST,084318.50,0.017,0.008,0.006,34.9956,3.495,4.614,10.719*74
$GNGST,084318.60,0.014,0.005,0.005,75.2344,3.495,4.614,10.719*7D
$GNGST,084318.70,0.013,0.005,0.004,48.0635,3.495,4.614,10.719*75
$GNGST,084318.80,0.015,0.006,0.004,50.5820,3.495,4.614,10.719*79
$GNGST,084318.90,0.012,0.005,0.004,-22.4277,3.495,4.614,10.719*5D
$GNGST,084319.00,0.011,0.005,0.004,-29.7856,3.495,4.614,10.719*57
$GNGST,084319.10,0.012,0.005,0.005,83.4910,3.495,4.614,10.719*79
$GNGST,084319.20,0.012,0.005,0.004,-43.9572,3.495,4.614,10.719*5F
$GNGST,084319.30,0.014,0.005,0.004,-24.9267,3.495,4.614,10.719*5A
$GNGST,084319.40,0.014,0.006,0.004,-34.8547,3.495,4.614,10.719*5B
$GNGST,084319.50,0.012,0.005,0.004,-45.2358,3.495,4.614,10.719*5B
$GNGST,084319.60,0.013,0.006,0.004,-35.7605,3.495,4.614,10.719*55
$GNGST,084319.70,0.013,0.006,0.004,-22.4890,3.495,4.614,10.719*53
$GNGST,084319.80,0.014,0.006,0.005,3.5478,3.495,4.614,10.719*4F
$GNGST,084319.90,0.012,0.004,0.004,-59.8653,3.495,4.614,10.719*5F
$GNGST,084320.00,0.015,0.006,0.005,40.9674,3.495,4.614,10.719*79
$GNGST,084320.10,0.013,0.006,0.005,34.2238,3.495,4.614,10.719*7A
$GNGST,084320.20,0.012,0.006,0.004,-58.7311,3.495,4.614,10.719*51
$GNGST,084320.30,0.012,0.006,0.004,-51.8941,3.495,4.614,10.719*59
$GNGST,084320.40,0.013,0.006,0.004,-55.1978,3.495,4.614,10.719*58
$GNGST,084320.50,0.013,0.006,0.005,-65.3065,3.495,4.614,10.719*5C
$GNGST,084320.60,0.014,0.006,0.004,-59.2465,3.495,4.614,10.719*53
$GNGST,084320.70,0.014,0.005,0.005,51.8788,3.495,4.614,10.719*7F
$GNGST,084320.80,0.014,0.006,0.005,-48.3658,3.495,4.614,10.719*51
$GNGST,084320.90,0.014,0.006,0.004,-32.9095,3.495,4.614,10.719*51
$GNGST,084321.00,0.015,0.005,0.005,-44.7426,3.495,4.614,10.719*59
$GNGST,084321.10,0.015,0.006,0.005,-46.2501,3.495,4.614,10.719*58
$GNGST,084321.20,0.016,0.006,0.005,12.2067,3.495,4.614,10.719*71
$GNGST,084321.30,0.013,0.005,0.005,9.4942,3.495,4.614,10.719*44
$GNGST,084321.40,0.017,0.007,0.006,-17.8306,3.495,4.614,10.719*52
$GNGST,084321.50,0.015,0.006,0.005,-18.7525,3.495,4.614,10.719*54
$GNGST,084321.60,0.015,0.006,0.005,69.7219,3.495,4.614,10.719*74
$GNGST,084321.70,0.017,0.007,0.005,-52.0718,3.495,4.614,10.719*50
$GNGST,084321.80,0.014,0.006,0.005,-49.4101,3.495,4.614,10.719*5D
$GNGST,084321.90,0.013,0.006,0.004,-50.3064,3.495,4.614,10.719*57
$GNGST,084322.00,0.013,0.006,0.005,-56.3915,3.495,4.614,10.719*55
$GNGST,084322.10,0.016,0.008,0.006,73.4210,3.495,4.614,10.719*7F
$GNGST,084322.20,0.013,0.006,0.005,-40.7525,3.495,4.614,10.719*5B
$GNGST,084322.30,0.014,0.006,0.005,24.1139,3.495,4.614,10.719*7D
$GNGST,084322.40,0.016,0.007,0.006,-54.4411,3.495,4.614,10.719*5A
$GNGST,084322.50,0.015,0.006,0.005,-0.0427,3.495,4.614,10.719*6A
$GNGST,084322.60,0.012,0.005,0.004,-61.0973,3.495,4.614,10.719*57
$GNGST,084322.70,0.014,0.005,0.004,-51.2795,3.495,4.614,10.719*57
$GNGST,084322.80,0.013,0.005,0.004,-55.5883,3.495,4.614,10.719*54
$GNGST,084322.90,0.014,0.007,0.005,-49.2998,3.495,4.614,10.719*50
$GNGST,084323.00,0.013,0.006,0.005,-45.9098,3.495,4.614,10.719*50
$GNGST,084323.10,0.019,0.008,0.005,-23.6042,3.495,4.614,10.719*5D
$GNGST,084323.20,0.014,0.006,0.005,-24.3768,3.495,4.614,10.719*50
$GNGST,084323.30,0.018,0.006,0.005,-20.3261,3.495,4.614,10.719*55
$GNGST,084323.40,0.014,0.006,0.005,0.4013,3.495,4.614,10.719*41
$GNGST,084323.50,0.014,0.006,0.005,-19.4089,3.495,4.614,10.719*56
$GNGST,084323.60,0.012,0.005,0.005,-12.4495,3.495,4.614,10.719*52
$GNGST,084323.70,0.013,0.005,0.005,-32.1976,3.495,4.614,10.719*55
$GNGST,084323.80,0.013,0.005,0.005,-20.3101,3.495,4.614,10.719*53
$GNGST,084323.90,0.015,0.006,0.005,-33.0433,3.495,4.614,10.719*52
$GNGST,084324.00,0.015,0.006,0.005,20.9222,3.495,4.614,10.719*7C
$GNGST,084324.10,0.012,0.005,0.004,-53.0719,3.495,4.614,10.719*55
$GNGST,084324.20,0.015,0.007,0.005,45.6994,3.495,4.614,10.719*75
$GNGST,084324.30,0.013,0.005,0.005,-57.0254,3.495,4.614,10.719*5F
$GNGST,084324.40,0.019,0.009,0.006,-34.1596,3.495,4.614,10.719*50
$GNGST,084324.50,0.013,0.005,0.004,-44.1533,3.495,4.614,10.719*5D
$GNGST,084324.60,0.013,0.005,0.005,-31.6920,3.495,4.614,10.719*54
$GNGST,084324.70,0.013,0.005,0.004,-54.0528,3.495,4.614,10.719*55
$GNGST,084324.80,0.012,0.005,0.004,-63.1274,3.495,4.614,10.719*50
$GNGST,084324.90,0.012,0.005,0.005,-74.2166,3.495,4.614,10.719*55
$GNGST,084325.00,0.016,0.006,0.005,-68.6446,3.495,4.614,10.719*54
$GNGST,084325.10,0.013,0.006,0.004,-73.2709,3.495,4.614,10.719*57
$GNGST,084325.20,0.014,0.006,0.005,-57.9254,3.495,4.614,10.719*52
$GNGST,084325.30,0.013,0.005,0.005,-59.0035,3.495,4.614,10.719*55
$GNGST,084325.40,0.014,0.007,0.005,73.2160,3.495,4.614,10.719*71
$GNGST,084325.50,0.012,0.005,0.004,-84.2574,3.495,4.614,10.719*51
$GNGST,084325.60,0.012,0.005,0.004,-46.1059,3.495,4.614,10.719*55
$GNGST,084325.70,0.014,0.005,0.005,3.7349,3.495,4.614,10.719*4B
$GNGST,084325.80,0.017,0.009,0.005,45.3131,3.495,4.614,10.719*70
$GNGST,084325.90,0.013,0.006,0.005,-82.7662,3.495,4.614,10.719*59
$GNGST,084326.00,0.013,0.005,0.005,-52.0638,3.495,4.614,10.719*55
$GNGST,084326.10,0.015,0.005,0.005,74.9441,3.495,4.614,10.719*7E
$GNGST,084326.20,0.013,0.005,0.005,-84.1166,3.495,4.614,10.719*51
$GNGST,084326.30,0.014,0.005,0.005,59.5481,3.495,4.614,10.719*72
$GNGST,084326.40,0.014,0.006,0.005,58.8125,3.495,4.614,10.719*71
$GNGST,084326.50,0.013,0.005,0.005,58.7026,3.495,4.614,10.719*79
$GNGST,084326.60,0.014,0.006,0.005,41.8752,3.495,4.614,10.719*7D
$GNGST,084326.70,0.014,0.006,0.005,31.2143,3.495,4.614,10.719*77
$GNGST,084326.80,0.014,0.007,0.005,41.2857,3.495,4.614,10.719*72
$GNGST,084326.90,0.013,0.006,0.004,47.7626,3.495,4.614,10.719*7F
$GNGST,084327.00,0.014,0.006,0.005,31.5539,3.495,4.614,10.719*7F
$GNGST,084327.10,0.013,0.006,0.005,40.0493,3.495,4.614,10.719*7B
$GNGST,084327.20,0.012,0.005,0.005,34.6215,3.495,4.614,10.719*77
$GNGST,084327.30,0.014,0.007,0.005,41.8092,3.495,4.614,10.719*73
$GNGST,084327.40,0.016,0.006,0.005,53.6411,3.495,4.614,10.719*75
$GNGST,084327.50,0.013,0.005,0.005,-29.5042,3.495,4.614,10.719*53
$GNGST,084327.60,0.016,0.007,0.006,12.9042,3.495,4.614,10.719*7D
$GNGST,084327.70,0.024,0.010,0.006,43.6071,3.495,4.614,10.719*70
$GNGST,084327.80,0.018,0.009,0.005,36.6721,3.495,4.614,10.719*7B
$GNGST,084327.90,0.015,0.006,0.005,43.4035,3.495,4.614,10.719*7A
$GNGST,084328.00,0.017,0.006,0.005,11.7666,3.495,4.614,10.719*7A
$GNGST,084328.10,0.014,0.006,0.005,-84.2627,3.495,4.614,10.719*59
$GNGST,084328.20,0.015,0.006,0.005,67.0910,3.495,4.614,10.719*72
$GNGST,084328.30,0.013,0.005,0.005,-70.4992,3.495,4.614,10.719*53
$GNGST,084328.40,0.013,0.005,0.004,78.7309,3.495,4.614,10.719*7B
$GNGST,084328.50,0.014,0.005,0.005,-82.6548,3.495,4.614,10.719*56
$GNGST,084328.60,0.014,0.006,0.005,-66.3205,3.495,4.614,10.719*57
$GNGST,084328.70,0.015,0.005,0.005,-30.4689,3.495,4.614,10.719*50
$GNGST,084328.80,0.014,0.005,0.005,-72.3001,3.495,4.614,10.719*59
$GNGST,084328.90,0.014,0.006,0.005,-47.8814,3.495,4.614,10.719*5A
$GNGST,084329.00,0.021,0.006,0.004,-79.1763,3.495,4.614,10.719*5E
$GNGST,084329.10,0.015,0.006,0.004,-51.9785,3.495,4.614,10.719*52
$GNGST,084329.20,0.017,0.007,0.005,-73.5054,3.495,4.614,10.719*54
$GNGST,084329.30,0.016,0.006,0.005,-53.2557,3.495,4.614,10.719*56
$GNGST,084329.40,0.016,0.006,0.005,-8.2956,3.495,4.614,10.719*62
$GNGST,084329.50,0.014,0.005,0.005,-66.1218,3.495,4.614,10.719*58
$GNGST,084329.60,0.016,0.005,0.005,-84.7478,3.495,4.614,10.719*53
$GNGST,084329.70,0.014,0.005,0.004,-68.0828,3.495,4.614,10.719*5D
$GNGST,084329.80,0.014,0.005,0.005,-77.9526,3.495,4.614,10.719*57
$GNGST,084329.90,0.013,0.005,0.004,-57.3436,3.495,4.614,10.719*58
$GNGST,084330.00,0.017,0.006,0.005,-73.1603,3.495,4.614,10.719*5F
$GNGST,084330.10,0.014,0.006,0.005,-46.8310,3.495,4.614,10.719*55
$GNGST,084330.20,0.013,0.005,0.004,-65.0138,3.495,4.614,10.719*52
$GNGST,084330.30,0.015,0.005,0.005,-67.5495,3.495,4.614,10.719*51
$GNGST,084330.40,0.015,0.005,0.004,-52.9985,3.495,4.614,10.719*51
$GNGST,084330.50,0.014,0.005,0.004,-65.3922,3.495,4.614,10.719*52
$GNGST,084330.60,0.018,0.008,0.005,-54.5620,3.495,4.614,10.719*58
$GNGST,084330.70,0.015,0.005,0.005,88.7730,3.495,4.614,10.719*77
$GNGST,084330.80,0.017,0.007,0.005,51.9637,3.495,4.614,10.719*74
$GNGST,084330.90,0.013,0.006,0.005,64.0419,3.495,4.614,10.719*71
$GNGST,084331.00,0.013,0.006,0.005,75.0600,3.495,4.614,10.719*73
$GNGST,084331.10,0.013,0.005,0.005,72.2497,3.495,4.614,10.719*78
$GNGST,084331.20,0.013,0.005,0.004,86.3626,3.495,4.614,10.719*78
$GNGST,084331.30,0.013,0.005,0.004,85.4428,3.495,4.614,10.719*71
$GNGST,084331.40,0.012,0.005,0.004,84.1842,3.495,4.614,10.719*73
$GNGST,084331.50,0.012,0.005,0.004,68.7922,3.495,4.614,10.719*71
$GNGST,084331.60,0.012,0.005,0.004,73.2031,3.495,4.614,10.719*76
$GNGST,084331.70,0.012,0.005,0.004,69.0610,3.495,4.614,10.719*7B
$GNGST,084331.80,0.013,0.005,0.004,71.0933,3.495,4.614,10.719*72
$GNGST,084331.90,0.013,0.005,0.004,-82.3870,3.495,4.614,10.719*57
$GNGST,084332.00,0.013,0.005,0.004,86.4809,3.495,4.614,10.719*7D
$GNGST,084332.10,0.013,0.005,0.004,78.0676,3.495,4.614,10.719*7F
$GNGST,084332.20,0.013,0.005,0.005,52.0582,3.495,4.614,10.719*7D
$GNGST,084332.30,0.013,0.005,0.004,-89.0224,3.495,4.614,10.719*5D
$GNGST,084332.40,0.012,0.005,0.004,-76.0560,3.495,4.614,10.719*5C
$GNGST,084332.50,0.013,0.005,0.005,-78.7184,3.495,4.614,10.719*5A
$GNGST,084332.60,0.013,0.005,0.005,48.6781,3.495,4.614,10.719*75
$GNGST,084332.70,0.013,0.005,0.004,-89.9342,3.495,4.614,10.719*51
$GNGST,084332.80,0.012,0.005,0.004,67.7921,3.495,4.614,10.719*73
$GNGST,084332.90,0.012,0.005,0.004,55.8437,3.495,4.614,10.719*76
$GNGST,084333.00,0.012,0.006,0.004,62.4125,3.495,4.614,10.719*73
$GNGST,084333.10,0.012,0.005,0.005,73.4879,3.495,4.614,10.719*70
$GNGST,084333.20,0.013,0.005,0.005,59.9520,3.495,4.614,10.719*76
$GNGST,084333.30,0.012,0.005,0.004,70.3570,3.495,4.614,10.719*73
$GNGST,084333.40,0.012,0.005,0.004,76.0430,3.495,4.614,10.719*74
$GNGST,084333.50,0.012,0.005,0.004,60.2922,3.495,4.614,10.719*7E
$GNGST,084333.60,0.014,0.006,0.005,18.0707,3.495,4.614,10.719*7D
$GNGST,084333.70,0.012,0.005,0.004,68.1063,3.495,4.614,10.719*7B
$GNGST,084333.80,0.012,0.005,0.004,50.4087,3.495,4.614,10.719*70
$GNGST,084333.90,0.011,0.004,0.004,87.6191,3.495,4.614,10.719*7D
$GNGST,084334.00,0.012,0.005,0.004,54.2460,3.495,4.614,10.719*70
$GNGST,084334.10,0.011,0.005,0.004,68.4059,3.495,4.614,10.719*75
$GNGST,084334.20,0.012,0.005,0.004,59.1222,3.495,4.614,10.719*7C
$GNGST,084334.30,0.012,0.005,0.004,45.4769,3.495,4.614,10.719*7F
$GNGST,084334.40,0.012,0.006,0.004,52.7789,3.495,4.614,10.719*70
$GNGST,084334.50,0.011,0.005,0.004,47.4154,3.495,4.614,10.719*70
$GNGST,084334.60,0.012,0.005,0.004,27.6056,3.495,4.614,10.719*77
$GNGST,084334.70,0.012,0.005,0.004,-86.0646,3.495,4.614,10.719*51
$GNGST,084334.80,0.011,0.005,0.004,55.4945,3.495,4.614,10.719*76
$GNGST,084334.90,0.013,0.006,0.005,73.2008,3.495,4.614,10.719*75
$GNGST,084335.00,0.013,0.005,0.004,74.9986,3.495,4.614,10.719*7C
$GNGST,084335.10,0.011,0.004,0.004,-80.3068,3.495,4.614,10.719*5B
$GNGST,084335.20,0.013,0.005,0.005,-42.3066,3.495,4.614,10.719*5A
$GNGST,084335.30,0.011,0.004,0.004,62.6040,3.495,4.614,10.719*77
$GNGST,084335.40,0.011,0.005,0.004,53.1037,3.495,4.614,10.719*74
$GNGST,084335.50,0.012,0.005,0.004,39.5082,3.495,4.614,10.719*70
$GNGST,084335.60,0.011,0.004,0.004,-59.8009,3.495,4.614,10.719*54
$GNGST,084335.70,0.013,0.005,0.004,-58.9115,3.495,4.614,10.719*5A
$GNGST,084335.80,0.013,0.005,0.004,-18.7268,3.495,4.614,10.719*56
$GNGST,084335.90,0.013,0.005,0.005,-31.2564,3.495,4.614,10.719*53
$GNGST,084336.00,0.012,0.005,0.004,64.6652,3.495,4.614,10.719*76
$GNGST,084336.10,0.012,0.005,0.004,-30.0983,3.495,4.614,10.719*5E
$GNGST,084336.20,0.012,0.005,0.004,-53.8167,3.495,4.614,10.719*52
$GNGST,084336.30,0.013,0.006,0.004,-46.6622,3.495,4.614,10.719*5D
$GNGST,084336.40,0.015,0.006,0.005,-45.5799,3.495,4.614,10.719*5C
$GNGST,084336.50,0.013,0.005,0.004,-41.8361,3.495,4.614,10.719*53
$GNGST,084336.60,0.014,0.005,0.005,73.1827,3.495,4.614,10.719*7A
$GNGST,084336.70,0.012,0.005,0.004,-34.0299,3.495,4.614,10.719*5C
$GNGST,084336.80,0.012,0.005,0.005,82.1072,3.495,4.614,10.719*74
$GNGST,084336.90,0.013,0.005,0.005,-63.8190,3.495,4.614,10.719*52
$GNGST,084337.00,0.014,0.005,0.004,30.5552,3.495,4.614,10.719*70
$GNGST,084337.10,0.013,0.005,0.005,-56.5843,3.495,4.614,10.719*57
$GNGST,084337.20,0.013,0.005,0.004,40.0675,3.495,4.614,10.719*71
$GNGST,084337.30,0.012,0.005,0.004,-57.9343,3.495,4.614,10.719*53
$GNGST,084337.40,0.013,0.004,0.004,33.4154,3.495,4.614,10.719*72
$GNGST,084337.50,0.014,0.005,0.004,-64.6671,3.495,4.614,10.719*58
$GNGST,084337.60,0.013,0.005,0.004,-55.0128,3.495,4.614,10.719*53
$GNGST,084337.70,0.015,0.006,0.005,-49.4687,3.495,4.614,10.719*5D
$GNGST,084337.80,0.013,0.006,0.004,-61.6348,3.495,4.614,10.719*5B
$GNGST,084337.90,0.012,0.005,0.004,-64.5996,3.495,4.614,10.719*57
$GNGST,084338.00,0.014,0.006,0.005,17.6988,3.495,4.614,10.719*70
$GNGST,084338.10,0.015,0.006,0.005,-8.6680,3.495,4.614,10.719*64
$GNGST,084338.20,0.012,0.005,0.005,0.4773,3.495,4.614,10.719*49
$GNGST,084338.30,0.013,0.005,0.005,-46.1611,3.495,4.614,10.719*56
$GNGST,084338.40,0.013,0.005,0.005,66.0377,3.495,4.614,10.719*7A
$GNGST,084338.50,0.013,0.006,0.005,-46.9324,3.495,4.614,10.719*58
$GNGST,084338.60,0.012,0.005,0.004,-55.1565,3.495,4.614,10.719*51
$GNGST,084338.70,0.012,0.005,0.004,-48.6545,3.495,4.614,10.719*59
$GNGST,084338.80,0.019,0.007,0.005,-38.1633,3.495,4.614,10.719*5C
$GNGST,084338.90,0.012,0.005,0.004,-49.2154,3.495,4.614,10.719*56
$GNGST,084339.00,0.013,0.006,0.004,-59.9339,3.495,4.614,10.719*5F
$GNGST,084339.10,0.013,0.005,0.005,-58.7861,3.495,4.614,10.719*55
$GNGST,084339.20,0.013,0.005,0.005,13.9264,3.495,4.614,10.719*75
$GNGST,084339.30,0.012,0.005,0.004,-63.6800,3.495,4.614,10.719*59
$GNGST,084339.40,0.014,0.005,0.005,57.1820,3.495,4.614,10.719*76
$GNGST,084339.50,0.013,0.005,0.004,-55.1226,3.495,4.614,10.719*52
$GNGST,084339.60,0.013,0.006,0.004,-53.3414,3.495,4.614,10.719*51
$GNGST,084339.70,0.013,0.005,0.005,-62.9647,3.495,4.614,10.719*5E
$GNGST,084339.80,0.013,0.006,0.005,13.5231,3.495,4.614,10.719*70
$GNGST,084339.90,0.012,0.005,0.004,-69.9502,3.495,4.614,10.719*59
$GNGST,084340.00,0.013,0.005,0.005,-64.9870,3.495,4.614,10.719*5B
$GNGST,084340.10,0.012,0.005,0.004,-53.7520,3.495,4.614,10.719*58
$GNGST,084340.20,0.012,0.006,0.004,-51.5996,3.495,4.614,10.719*59
$GNGST,084340.30,0.012,0.005,0.004,69.5787,3.495,4.614,10.719*73
$GNGST,084340.40,0.014,0.005,0.005,17.7765,3.495,4.614,10.719*74
$GNGST,084340.50,0.013,0.005,0.005,-63.6938,3.495,4.614,10.719*5B
$GNGST,084340.60,0.012,0.005,0.004,-68.1789,3.495,4.614,10.719*50
$GNGST,084340.70,0.013,0.005,0.005,33.8689,3.495,4.614,10.719*7A
$GNGST,084340.80,0.014,0.005,0.005,-35.3409,3.495,4.614,10.719*58
$GNGST,084340.90,0.012,0.005,0.004,-64.7449,3.495,4.614,10.719*5A
$GNGST,084341.00,0.013,0.005,0.005,-51.7325,3.495,4.614,10.719*59
$GNGST,084341.10,0.014,0.005,0.005,68.9995,3.495,4.614,10.719*77
$GNGST,084341.20,0.012,0.005,0.005,-45.7255,3.495,4.614,10.719*59
$GNGST,084341.30,0.014,0.005,0.005,-37.4471,3.495,4.614,10.719*58
$GNGST,084341.40,0.018,0.006,0.005,-1.8561,3.495,4.614,10.719*69
$GNGST,084341.50,0.014,0.006,0.005,60.1192,3.495,4.614,10.719*7F
$GNGST,084341.60,0.013,0.005,0.005,27.8407,3.495,4.614,10.719*7B
$GNGST,084341.70,0.014,0.005,0.005,88.7752,3.495,4.614,10.719*74
$GNGST,084341.80,0.013,0.005,0.004,-55.4057,3.495,4.614,10.719*51
$GNGST,084341.90,0.013,0.005,0.005,4.9457,3.495,4.614,10.719*41
$GNGST,084342.00,0.012,0.005,0.004,-65.1680,3.495,4.614,10.719*51
$GNGST,084342.10,0.014,0.005,0.005,-76.3634,3.495,4.614,10.719*58
$GNGST,084342.20,0.013,0.005,0.005,-77.0210,3.495,4.614,10.719*5C
$GNGST,084342.30,0.015,0.006,0.005,-64.6256,3.495,4.614,10.719*5E
$GNGST,084342.40,0.019,0.007,0.006,-87.4336,3.495,4.614,10.719*5F
$GNGST,084342.50,0.014,0.005,0.005,-73.8634,3.495,4.614,10.719*52
$GNGST,084342.60,0.016,0.006,0.005,-77.3645,3.495,4.614,10.719*59
$GNGST,084342.70,0.015,0.007,0.005,-43.7192,3.495,4.614,10.719*54
$GNGST,084342.80,0.012,0.005,0.004,-55.4729,3.495,4.614,10.719*5D
$GNGST,084342.90,0.013,0.006,0.005,-39.1195,3.495,4.614,10.719*51
$GNGST,084343.00,0.014,0.006,0.004,-64.9752,3.495,4.614,10.719*52
$GNGST,084343.10,0.013,0.006,0.004,-54.0073,3.495,4.614,10.719*5A
$GNGST,084343.20,0.013,0.006,0.004,-57.3406,3.495,4.614,10.719*5F
$GNGST,084343.30,0.014,0.007,0.004,-49.2583,3.495,4.614,10.719*5A
$GNGST,084343.40,0.017,0.009,0.005,-47.5214,3.495,4.614,10.719*51
$GNGST,084343.50,0.015,0.006,0.004,-49.5305,3.495,4.614,10.719*53
$GNGST,084343.60,0.014,0.007,0.005,-46.9757,3.495,4.614,10.719*51
$GNGST,084343.70,0.017,0.007,0.006,-23.4022,3.495,4.614,10.719*5B
$GNGST,084343.80,0.013,0.006,0.005,-41.1157,3.495,4.614,10.719*50
$GNGST,084343.90,0.016,0.005,0.005,-54.2287,3.495,4.614,10.719*5E
$GNGST,084344.00,0.016,0.006,0.005,-88.9748,3.495,4.614,10.719*5F
$GNGST,084344.10,0.016,0.006,0.004,-59.9978,3.495,4.614,10.719*5E
$GNGST,084344.20,0.013,0.006,0.005,-55.7138,3.495,4.614,10.719*57
$GNGST,084344.30,0.013,0.006,0.004,-57.4965,3.495,4.614,10.719*56
$GNGST,084344.40,0.013,0.006,0.004,-67.8263,3.495,4.614,10.719*53
$GNGST,084344.50,0.013,0.006,0.005,-56.6732,3.495,4.614,10.719*5E
$GNGST,084344.60,0.013,0.005,0.004,-65.9629,3.495,4.614,10.719*5B
$GNGST,084344.70,0.012,0.005,0.004,-68.3199,3.495,4.614,10.719*50
$GNGST,084344.80,0.013,0.005,0.004,-54.9216,3.495,4.614,10.719*5F
$GNGST,084344.90,0.014,0.005,0.005,-76.9220,3.495,4.614,10.719*5D
$GNGST,084345.00,0.013,0.006,0.005,-48.7121,3.495,4.614,10.719*50
$GNGST,084345.10,0.015,0.006,0.004,-57.6766,3.495,4.614,10.719*5C
$GNGST,084345.20,0.017,0.008,0.005,-50.1271,3.495,4.614,10.719*51
$GNGST,084345.30,0.016,0.007,0.006,-51.1136,3.495,4.614,10.719*5C
$GNGST,084345.40,0.014,0.006,0.005,-55.8312,3.495,4.614,10.719*52
$GNGST,084345.50,0.013,0.005,0.005,45.1859,3.495,4.614,10.719*76
$GNGST,084345.60,0.016,0.006,0.005,-51.8551,3.495,4.614,10.719*57
$GNGST,084345.70,0.013,0.005,0.005,-44.9624,3.495,4.614,10.719*54
$GNGST,084345.80,0.012,0.005,0.004,57.0845,3.495,4.614,10.719*74
$GNGST,084345.90,0.012,0.005,0.004,74.1638,3.495,4.614,10.719*71
$GNGST,084346.00,0.014,0.006,0.005,48.6149,3.495,4.614,10.719*76
$GNGST,084346.10,0.019,0.008,0.005,59.4236,3.495,4.614,10.719*7D
$GNGST,084346.20,0.015,0.006,0.004,-54.0381,3.495,4.614,10.719*54
$GNGST,084346.30,0.013,0.006,0.005,-29.3563,3.495,4.614,10.719*51
$GNGST,084346.40,0.014,0.006,0.005,-60.0427,3.495,4.614,10.719*5E
$GNGST,084346.50,0.013,0.006,0.005,-56.1369,3.495,4.614,10.719*51
$GNGST,084346.60,0.012,0.005,0.005,-41.4149,3.495,4.614,10.719*53
$GNGST,084346.70,0.012,0.005,0.004,-80.1055,3.495,4.614,10.719*57
$GNGST,084346.80,0.013,0.005,0.005,-51.2906,3.495,4.614,10.719*58
$GNGST,084346.90,0.013,0.005,0.004,-53.4237,3.495,4.614,10.719*55
$GNGST,084347.00,0.012,0.005,0.004,-71.1345,3.495,4.614,10.719*5D
$GNGST,084347.10,0.012,0.005,0.004,-82.8018,3.495,4.614,10.719*52
$GNGST,084347.20,0.013,0.005,0.005,71.6525,3.495,4.614,10.719*75
$GNGST,084347.30,0.012,0.005,0.005,-68.7451,3.495,4.614,10.719*53
$GNGST,084347.40,0.012,0.005,0.005,-4.7888,3.495,4.614,10.719*66
$GNGST,084347.50,0.013,0.006,0.005,-56.1464,3.495,4.614,10.719*5A
$GNGST,084347.60,0.016,0.007,0.005,-51.0895,3.495,4.614,10.719*59
$GNGST,084347.70,0.012,0.006,0.004,-69.0084,3.495,4.614,10.719*5F
$GNGST,084347.80,0.013,0.007,0.005,-64.7868,3.495,4.614,10.719*51
$GNGST,084347.90,0.018,0.008,0.004,-53.7283,3.495,4.614,10.719*5E
$GNGST,084348.00,0.016,0.006,0.005,-55.0605,3.495,4.614,10.719*52
$GNGST,084348.10,0.012,0.005,0.004,-55.5419,3.495,4.614,10.719*5F
$GNGST,084348.20,0.015,0.007,0.005,-52.7168,3.495,4.614,10.719*5E
$GNGST,084348.30,0.014,0.007,0.005,-33.0167,3.495,4.614,10.719*51
$GNGST,084348.40,0.012,0.006,0.004,-59.3137,3.495,4.614,10.719*5A
$GNGST,084348.50,0.012,0.006,0.004,-60.9294,3.495,4.614,10.719*51
$GNGST,084348.60,0.013,0.006,0.004,-55.5018,3.495,4.614,10.719*5F
$GNGST,084348.70,0.012,0.005,0.004,-49.7424,3.495,4.614,10.719*58
$GNGST,084348.80,0.013,0.006,0.004,-48.4428,3.495,4.614,10.719*5B
$GNGST,084348.90,0.017,0.007,0.005,-55.4880,3.495,4.614,10.719*5C
$GNGST,084349.00,0.015,0.006,0.005,-47.6298,3.495,4.614,10.719*55
$GNGST,084349.10,0.014,0.006,0.004,-52.6913,3.495,4.614,10.719*58
$GNGST,084349.20,0.015,0.006,0.005,83.7867,3.495,4.614,10.719*79
$GNGST,084349.30,0.014,0.006,0.005,-45.4565,3.495,4.614,10.719*52
$GNGST,084349.40,0.014,0.006,0.005,-42.7200,3.495,4.614,10.719*55
$GNGST,084349.50,0.013,0.005,0.004,-56.9740,3.495,4.614,10.719*5B
$GNGST,084349.60,0.019,0.009,0.006,37.0123,3.495,4.614,10.719*7C
$GNGST,084349.70,0.013,0.006,0.005,-85.3049,3.495,4.614,10.719*51
$GNGST,084349.80,0.012,0.005,0.005,-81.6321,3.495,4.614,10.719*50
$GNGST,084349.90,0.013,0.005,0.005,-87.3778,3.495,4.614,10.719*5B
$GNGST,084350.00,0.012,0.006,0.004,-61.6947,3.495,4.614,10.719*56
$GNGST,084350.10,0.012,0.005,0.004,-60.2867,3.495,4.614,10.719*52
$GNGST,084350.20,0.013,0.005,0.005,-84.0598,3.495,4.614,10.719*54
$GNGST,084350.30,0.013,0.006,0.005,-63.8801,3.495,4.614,10.719*5A
$GNGST,084350.40,0.013,0.006,0.005,-42.7897,3.495,4.614,10.719*5E
$GNGST,084350.50,0.014,0.006,0.005,-37.2595,3.495,4.614,10.719*50
$GNGST,084350.60,0.012,0.006,0.004,-55.3340,3.495,4.614,10.719*5F
$GNGST,084350.70,0.012,0.006,0.004,-66.0021,3.495,4.614,10.719*59
$GNGST,084350.80,0.012,0.006,0.004,-61.2064,3.495,4.614,10.719*52
$GNGST,084350.90,0.012,0.005,0.004,-56.3557,3.495,4.614,10.719*50
$GNGST,084351.00,0.011,0.005,0.004,-61.5679,3.495,4.614,10.719*56
$GNGST,084351.10,0.012,0.005,0.004,-68.0091,3.495,4.614,10.719*58
$GNGST,084351.20,0.012,0.005,0.004,-61.9012,3.495,4.614,10.719*50
$GNGST,084351.30,0.014,0.006,0.005,-62.1994,3.495,4.614,10.719*59
$GNGST,084351.40,0.012,0.006,0.004,-65.6104,3.495,4.614,10.719*58
$GNGST,084351.50,0.013,0.006,0.005,-70.5939,3.495,4.614,10.719*58
$GNGST,084351.60,0.016,0.007,0.005,-42.7510,3.495,4.614,10.719*5B
$GNGST,084351.70,0.013,0.006,0.005,-66.6835,3.495,4.614,10.719*53
$GNGST,084351.80,0.014,0.007,0.004,-57.3926,3.495,4.614,10.719*5F
$GNGST,084351.90,0.013,0.006,0.004,48.0236,3.495,4.614,10.719*72
$GNGST,084352.00,0.012,0.005,0.004,-87.1751,3.495,4.614,10.719*51
$GNGST,084352.10,0.012,0.005,0.004,-70.0343,3.495,4.614,10.719*5E
$GNGST,084352.20,0.014,0.005,0.004,-64.3227,3.495,4.614,10.719*5E
$GNGST,084352.30,0.013,0.005,0.004,-62.3522,3.495,4.614,10.719*5C
$GNGST,084352.40,0.012,0.005,0.004,-64.9918,3.495,4.614,10.719*53
$GNGST,084352.50,0.016,0.006,0.005,-83.5016,3.495,4.614,10.719*56
$GNGST,084352.60,0.013,0.005,0.004,-63.7067,3.495,4.614,10.719*58
$GNGST,084352.70,0.012,0.005,0.004,-56.1088,3.495,4.614,10.719*59
$GNGST,084352.80,0.011,0.004,0.004,-75.0206,3.495,4.614,10.719*50
$GNGST,084352.90,0.011,0.004,0.004,-49.6235,3.495,4.614,10.719*58
$GNGST,084353.00,0.011,0.005,0.004,86.6429,3.495,4.614,10.719*74
$GNGST,084353.10,0.012,0.005,0.004,-56.6926,3.495,4.614,10.719*54
$GNGST,084353.20,0.012,0.005,0.004,-52.4470,3.495,4.614,10.719*5F
$GNGST,084353.30,0.012,0.005,0.004,-55.9603,3.495,4.614,10.719*52
$GNGST,084353.40,0.012,0.005,0.004,89.4097,3.495,4.614,10.719*7F
$GNGST,084353.50,0.012,0.005,0.004,-57.5630,3.495,4.614,10.719*5A
$GNGST,084353.60,0.012,0.005,0.004,-61.1374,3.495,4.614,10.719*5D
$GNGST,084353.70,0.012,0.005,0.004,-71.9547,3.495,4.614,10.719*53
$GNGST,084353.80,0.012,0.005,0.004,-42.0567,3.495,4.614,10.719*57
$GNGST,084353.90,0.015,0.006,0.005,70.3496,3.495,4.614,10.719*73
$GNGST,084354.00,0.013,0.006,0.004,-45.6662,3.495,4.614,10.719*5D
$GNGST,084354.10,0.013,0.005,0.005,-51.2033,3.495,4.614,10.719*5D
$GNGST,084354.20,0.013,0.006,0.004,-47.2296,3.495,4.614,10.719*56
$GNGST,084354.30,0.017,0.006,0.004,-56.9561,3.495,4.614,10.719*57
$GNGST,084354.40,0.014,0.005,0.004,-40.3106,3.495,4.614,10.719*58
$GNGST,084354.50,0.012,0.006,0.004,-55.1461,3.495,4.614,10.719*5E
$GNGST,084354.60,0.012,0.005,0.004,-63.4604,3.495,4.614,10.719*5F
$GNGST,084354.70,0.012,0.005,0.004,-40.5954,3.495,4.614,10.719*54
$GNGST,084354.80,0.013,0.005,0.005,-62.4086,3.495,4.614,10.719*5C
$GNGST,084354.90,0.013,0.005,0.004,-45.7412,3.495,4.614,10.719*53
$GNGST,084355.00,0.013,0.005,0.005,-62.6967,3.495,4.614,10.719*51
$GNGST,084355.10,0.013,0.006,0.004,-61.9482,3.495,4.614,10.719*58
$GNGST,084355.20,0.012,0.005,0.005,67.9045,3.495,4.614,10.719*7C
$GNGST,084355.30,0.013,0.006,0.005,-69.7278,3.495,4.614,10.719*5E
$GNGST,084355.40,0.012,0.005,0.005,-45.0001,3.495,4.614,10.719*5E
$GNGST,084355.50,0.013,0.005,0.005,-14.2673,3.495,4.614,10.719*5B
$GNGST,084355.60,0.013,0.005,0.005,60.6368,3.495,4.614,10.719*7D
$GNGST,084355.70,0.013,0.005,0.005,9.2202,3.495,4.614,10.719*4A
$GNGST,084355.80,0.012,0.005,0.004,-44.6725,3.495,4.614,10.719*55
$GNGST,084355.90,0.012,0.005,0.004,-33.4198,3.495,4.614,10.719*56
$GNGST,084356.00,0.012,0.005,0.004,-41.5367,3.495,4.614,10.719*5A
$GNGST,084356.10,0.012,0.005,0.004,-59.5720,3.495,4.614,10.719*55
$GNGST,084356.20,0.012,0.005,0.004,-51.0206,3.495,4.614,10.719*5A
$GNGST,084356.30,0.013,0.006,0.005,-76.0578,3.495,4.614,10.719*53
$GNGST,084356.40,0.014,0.006,0.005,-81.3279,3.495,4.614,10.719*5E
$GNGST,084356.50,0.012,0.005,0.004,-48.8442,3.495,4.614,10.719*5B
$GNGST,084356.60,0.013,0.005,0.004,-31.7121,3.495,4.614,10.719*58
$GNGST,084356.70,0.013,0.005,0.004,-67.3615,3.495,4.614,10.719*5E
$GNGST,084356.80,0.012,0.005,0.004,-57.1030,3.495,4.614,10.719*50
$GNGST,084356.90,0.015,0.006,0.005,-41.5347,3.495,4.614,10.719*54
$GNGST,084357.00,0.016,0.008,0.005,-19.4276,3.495,4.614,10.719*5E
$GNGST,084357.10,0.012,0.005,0.004,-40.8162,3.495,4.614,10.719*51
$GNGST,084357.20,0.013,0.006,0.005,-61.2014,3.495,4.614,10.719*58
$GNGST,084357.30,0.013,0.006,0.005,-31.8944,3.495,4.614,10.719*5A
$GNGST,084357.40,0.014,0.006,0.005,-52.5029,3.495,4.614,10.719*50
$GNGST,084357.50,0.015,0.006,0.005,-59.4711,3.495,4.614,10.719*56
$GNGST,084357.60,0.014,0.007,0.005,-22.6143,3.495,4.614,10.719*5A
$GNGST,084357.70,0.013,0.006,0.004,-44.8038,3.495,4.614,10.719*5F
$GNGST,084357.80,0.013,0.006,0.004,-44.5017,3.495,4.614,10.719*50
$GNGST,084357.90,0.014,0.006,0.005,-53.6874,3.495,4.614,10.719*5F
$GNGST,084358.00,0.013,0.005,0.005,-28.0277,3.495,4.614,10.719*5E
$GNGST,084358.10,0.013,0.005,0.005,-45.1922,3.495,4.614,10.719*5E
$GNGST,084358.20,0.014,0.006,0.005,-62.2220,3.495,4.614,10.719*56
$GNGST,084358.30,0.013,0.006,0.004,-49.0911,3.495,4.614,10.719*53
$GNGST,084358.40,0.013,0.005,0.005,-45.7541,3.495,4.614,10.719*54
$GNGST,084358.50,0.015,0.007,0.005,-27.4149,3.495,4.614,10.719*5A
$GNGST,084358.60,0.013,0.006,0.005,-55.4021,3.495,4.614,10.719*54
$GNGST,084358.70,0.016,0.008,0.005,-79.1828,3.495,4.614,10.719*54
$GNGST,084358.80,0.014,0.006,0.005,-54.0055,3.495,4.614,10.719*5B
$GNGST,084358.90,0.012,0.005,0.004,-66.7466,3.495,4.614,10.719*5C
$GNGST,084359.00,0.012,0.005,0.005,-79.8590,3.495,4.614,10.719*5C
$GNGST,084359.10,0.013,0.006,0.004,-43.5990,3.495,4.614,10.719*56
$GNGST,084359.20,0.012,0.005,0.005,-65.8020,3.495,4.614,10.719*5D
$GNGST,084359.30,0.012,0.005,0.005,-35.8064,3.495,4.614,10.719*59
$GNGST,084359.40,0.013,0.005,0.005,-44.1229,3.495,4.614,10.719*5B
$GNGST,084359.50,0.011,0.005,0.004,-61.1082,3.495,4.614,10.719*5D
$GNGST,084359.60,0.012,0.005,0.004,-69.6245,3.495,4.614,10.719*5B
$GNGST,084359.70,0.012,0.005,0.004,-65.9029,3.495,4.614,10.719*51
$GNGST,084359.80,0.013,0.005,0.005,49.9662,3.495,4.614,10.719*74
$GNGST,084359.90,0.013,0.006,0.005,-38.5577,3.495,4.614,10.719*56
$GNGST,084400.00,0.014,0.006,0.005,-38.0806,3.495,4.614,10.719*5D
$GNGST,084400.10,0.012,0.005,0.004,-55.3398,3.495,4.614,10.719*5C
$GNGST,084400.20,0.012,0.005,0.004,-44.7375,3.495,4.614,10.719*58
$GNGST,084400.30,0.011,0.004,0.004,-64.9359,3.495,4.614,10.719*59
$GNGST,084400.40,0.012,0.005,0.004,-37.4489,3.495,4.614,10.719*5D
$GNGST,084400.50,0.012,0.005,0.004,-35.7358,3.495,4.614,10.719*56
$GNGST,084400.60,0.012,0.005,0.004,-38.6023,3.495,4.614,10.719*56
$GNGST,084400.70,0.012,0.005,0.004,-54.1254,3.495,4.614,10.719*58
$GNGST,084400.80,0.012,0.005,0.004,-52.5358,3.495,4.614,10.719*58
$GNGST,084400.90,0.012,0.005,0.004,-43.1357,3.495,4.614,10.719*52
$GNGST,084401.00,0.012,0.005,0.004,-48.7694,3.495,4.614,10.719*5D
$GNGST,084401.10,0.012,0.005,0.004,-65.2798,3.495,4.614,10.719*5B
$GNGST,084401.20,0.012,0.005,0.004,-84.8936,3.495,4.614,10.719*57
$GNGST,084401.30,0.013,0.005,0.004,-42.2241,3.495,4.614,10.719*5C
$GNGST,084401.40,0.013,0.005,0.004,-39.2394,3.495,4.614,10.719*5E
$GNGST,084401.50,0.012,0.005,0.005,-45.4714,3.495,4.614,10.719*5E
$GNGST,084401.60,0.012,0.005,0.004,-51.6330,3.495,4.614,10.719*59
$GNGST,084401.70,0.013,0.005,0.005,-69.5658,3.495,4.614,10.719*5B
$GNGST,084401.80,0.011,0.004,0.004,-64.1752,3.495,4.614,10.719*54
$GNGST,084401.90,0.011,0.005,0.004,-61.5210,3.495,4.614,10.719*56
$GNGST,084402.00,0.011,0.005,0.004,-61.3669,3.495,4.614,10.719*50
$GNGST,084402.10,0.011,0.005,0.004,-66.2085,3.495,4.614,10.719*53
$GNGST,084402.20,0.011,0.005,0.004,-64.3176,3.495,4.614,10.719*5E
$GNGST,084402.30,0.011,0.005,0.004,-59.9438,3.495,4.614,10.719*54
$GNGST,084402.40,0.012,0.005,0.004,-47.7308,3.495,4.614,10.719*55
$GNGST,084402.50,0.012,0.005,0.004,-53.5721,3.495,4.614,10.719*5C
$GNGST,084402.60,0.012,0.005,0.004,-51.8974,3.495,4.614,10.719*5E
$GNGST,084402.70,0.012,0.005,0.004,-52.0506,3.495,4.614,10.719*5D
$GNGST,084402.80,0.011,0.005,0.004,-53.0846,3.495,4.614,10.719*59
$GNGST,084402.90,0.010,0.004,0.004,-72.5839,3.495,4.614,10.719*56
$GNGST,084403.00,0.010,0.004,0.004,-71.1185,3.495,4.614,10.719*57
$GNGST,084403.10,0.011,0.004,0.004,-66.9193,3.495,4.614,10.719*5E
$GNGST,084403.20,0.012,0.005,0.004,-62.2720,3.495,4.614,10.719*5E
$GNGST,084403.30,0.012,0.005,0.004,-59.4884,3.495,4.614,10.719*50
$GNGST,084403.40,0.011,0.004,0.004,-79.9700,3.495,4.614,10.719*59
$GNGST,084403.50,0.011,0.004,0.004,-63.6986,3.495,4.614,10.719*5C
$GNGST,084403.60,0.011,0.004,0.004,70.7594,3.495,4.614,10.719*7E
$GNGST,084403.70,0.011,0.004,0.004,53.6349,3.495,4.614,10.719*79
$GNGST,084403.80,0.011,0.005,0.004,-53.1510,3.495,4.614,10.719*57
$GNGST,084403.90,0.011,0.005,0.004,37.2459,3.495,4.614,10.719*76
$GNGST,084404.00,0.011,0.004,0.004,-4.8472,3.495,4.614,10.719*67
$GNGST,084404.10,0.012,0.005,0.004,42.7705,3.495,4.614,10.719*77
$GNGST,084404.20,0.011,0.005,0.004,47.7778,3.495,4.614,10.719*78
$GNGST,084404.30,0.011,0.005,0.004,62.1548,3.495,4.614,10.719*79
$GNGST,084404.40,0.011,0.004,0.004,-78.8626,3.495,4.614,10.719*5B
$GNGST,084404.50,0.011,0.005,0.004,-69.2392,3.495,4.614,10.719*5B
$GNGST,084404.60,0.011,0.005,0.004,-67.6139,3.495,4.614,10.719*51
$GNGST,084404.70,0.012,0.006,0.004,-35.1688,3.495,4.614,10.719*5D
$GNGST,084404.80,0.011,0.005,0.004,-28.4587,3.495,4.614,10.719*57
$GNGST,084404.90,0.012,0.005,0.004,-23.6838,3.495,4.614,10.719*55
$GNGST,084405.00,0.013,0.005,0.004,-6.7417,3.495,4.614,10.719*6B
$GNGST,084405.10,0.011,0.004,0.004,-14.5660,3.495,4.614,10.719*5A
$GNGST,084405.20,0.012,0.005,0.004,-31.6149,3.495,4.614,10.719*53
$GNGST,084405.30,0.012,0.005,0.004,-32.5441,3.495,4.614,10.719*5F
$GNGST,084405.40,0.011,0.005,0.004,-67.9653,3.495,4.614,10.719*56
$GNGST,084405.50,0.012,0.005,0.004,-59.3209,3.495,4.614,10.719*58
$GNGST,084405.60,0.012,0.005,0.004,-45.3049,3.495,4.614,10.719*50
$GNGST,084405.70,0.012,0.005,0.004,-45.2757,3.495,4.614,10.719*58
$GNGST,084405.80,0.011,0.005,0.004,-42.8138,3.495,4.614,10.719*56
$GNGST,084405.90,0.011,0.005,0.004,-57.4399,3.495,4.614,10.719*56
$GNGST,084406.00,0.011,0.005,0.004,-57.7733,3.495,4.614,10.719*5B
$GNGST,084406.10,0.011,0.005,0.004,-79.4780,3.495,4.614,10.719*5D
$GNGST,084406.20,0.012,0.005,0.004,-51.4206,3.495,4.614,10.719*5C
$GNGST,084406.30,0.014,0.006,0.005,55.4856,3.495,4.614,10.719*7F
$GNGST,084406.40,0.011,0.004,0.004,-44.7650,3.495,4.614,10.719*58
$GNGST,084406.50,0.011,0.004,0.004,-55.4171,3.495,4.614,10.719*5E
$GNGST,084406.60,0.010,0.004,0.004,-43.9087,3.495,4.614,10.719*5E
$GNGST,084406.70,0.010,0.004,0.004,-44.4952,3.495,4.614,10.719*54
$GNGST,084406.80,0.011,0.004,0.004,-43.5029,3.495,4.614,10.719*59
$GNGST,084406.90,0.011,0.004,0.004,-47.6563,3.495,4.614,10.719*54
$GNGST,084407.00,0.011,0.004,0.004,-71.0432,3.495,4.614,10.719*5A
$GNGST,084407.10,0.011,0.004,0.004,-3.6803,3.495,4.614,10.719*66
$GNGST,084407.20,0.011,0.004,0.004,-51.1589,3.495,4.614,10.719*5A
$GNGST,084407.30,0.012,0.005,0.004,-85.6069,3.495,4.614,10.719*5C
$GNGST,084407.40,0.012,0.004,0.004,-81.6123,3.495,4.614,10.719*51
$GNGST,084407.50,0.011,0.004,0.004,-38.8161,3.495,4.614,10.719*59
$GNGST,084407.60,0.011,0.004,0.004,-24.4404,3.495,4.614,10.719*5D
$GNGST,084407.70,0.011,0.004,0.004,11.2469,3.495,4.614,10.719*7A
$GNGST,084407.80,0.011,0.004,0.004,-39.2148,3.495,4.614,10.719*54
$GNGST,084407.90,0.011,0.004,0.004,-41.2938,3.495,4.614,10.719*55
$GNGST,084408.00,0.011,0.004,0.004,-41.2939,3.495,4.614,10.719*52
$GNGST,084408.10,0.011,0.004,0.004,-41.2939,3.495,4.614,10.719*53
$GNGST,084408.20,0.011,0.004,0.004,-41.2939,3.495,4.614,10.719*50
$GNGST,084408.30,0.011,0.004,0.004,-41.2940,3.495,4.614,10.719*5F
$GNGST,084408.40,0.011,0.004,0.004,-41.2940,3.495,4.614,10.719*58
$GNGST,084408.50,0.011,0.004,0.004,-42.0488,3.495,4.614,10.719*51
$GNGST,084408.60,0.011,0.005,0.004,-37.4570,3.495,4.614,10.719*53
$GNGST,084408.70,0.012,0.004,0.004,-32.5744,3.495,4.614,10.719*51
$GNGST,084408.80,0.012,0.005,0.004,-42.0372,3.495,4.614,10.719*5C
$GNGST,084408.90,0.011,0.004,0.004,-36.1048,3.495,4.614,10.719*57
$GNGST,084409.00,0.011,0.004,0.004,-34.7248,3.495,4.614,10.719*59
$GNGST,084409.10,0.011,0.004,0.004,-34.7252,3.495,4.614,10.719*53
$GNGST,084409.20,0.011,0.005,0.004,-39.3766,3.495,4.614,10.719*5A
$GNGST,084409.30,0.011,0.004,0.004,-36.3872,3.495,4.614,10.719*5F
$GNGST,084409.40,0.011,0.004,0.004,-34.7262,3.495,4.614,10.719*55
$GNGST,084409.50,0.012,0.005,0.004,-52.9644,3.495,4.614,10.719*58
$GNGST,084409.60,0.012,0.005,0.004,-44.4841,3.495,4.614,10.719*5A
$GNGST,084409.70,0.012,0.005,0.004,-50.9484,3.495,4.614,10.719*56
$GNGST,084409.80,0.011,0.004,0.004,-34.9726,3.495,4.614,10.719*52
$GNGST,084409.90,0.011,0.004,0.004,-34.9727,3.495,4.614,10.719*52
$GNGST,084410.00,0.011,0.005,0.004,-35.4028,3.495,4.614,10.719*56
$GNGST,084410.10,0.012,0.005,0.004,-36.8838,3.495,4.614,10.719*52
$GNGST,084410.20,0.013,0.005,0.004,-34.4214,3.495,4.614,10.719*5A
$GNGST,084410.30,0.012,0.005,0.004,-16.8272,3.495,4.614,10.719*56
$GNGST,084410.40,0.013,0.005,0.004,-36.6818,3.495,4.614,10.719*5A
$GNGST,084410.50,0.011,0.005,0.004,-43.6068,3.495,4.614,10.719*54
$GNGST,084410.60,0.012,0.005,0.004,-44.8804,3.495,4.614,10.719*5F
$GNGST,084410.70,0.011,0.004,0.004,-37.4463,3.495,4.614,10.719*59
$GNGST,084410.80,0.011,0.004,0.004,-37.4467,3.495,4.614,10.719*52
$GNGST,084410.90,0.011,0.004,0.004,-37.4470,3.495,4.614,10.719*55
$GNGST,084411.00,0.011,0.004,0.004,-38.7583,3.495,4.614,10.719*5C
$GNGST,084411.10,0.011,0.004,0.004,-37.4477,3.495,4.614,10.719*5B
$GNGST,084411.20,0.012,0.005,0.004,-8.5397,3.495,4.614,10.719*6E
$GNGST,084411.30,0.011,0.004,0.004,-37.4483,3.495,4.614,10.719*52
$GNGST,084411.40,0.011,0.004,0.004,-36.7054,3.495,4.614,10.719*59
$GNGST,084411.50,0.012,0.004,0.004,-11.2790,3.495,4.614,10.719*54
$GNGST,084411.60,0.011,0.005,0.004,-32.0173,3.495,4.614,10.719*5D
$GNGST,084411.70,0.011,0.005,0.004,-40.5760,3.495,4.614,10.719*58
$GNGST,084411.80,0.011,0.005,0.004,-37.5787,3.495,4.614,10.719*5E
$GNGST,084411.90,0.011,0.004,0.004,-36.0500,3.495,4.614,10.719*57
$GNGST,084412.00,0.011,0.004,0.004,-38.1263,3.495,4.614,10.719*50
$GNGST,084412.10,0.011,0.004,0.004,-38.1264,3.495,4.614,10.719*56
$GNGST,084412.20,0.010,0.004,0.004,-36.6562,3.495,4.614,10.719*5C
$GNGST,084412.30,0.010,0.004,0.004,-36.6565,3.495,4.614,10.719*5A
$GNGST,084412.40,0.012,0.004,0.004,-31.1960,3.495,4.614,10.719*56
$GNGST,084412.50,0.010,0.004,0.004,-37.4626,3.495,4.614,10.719*5B
$GNGST,084412.60,0.010,0.004,0.004,-37.4629,3.495,4.614,10.719*57
$GNGST,084412.70,0.011,0.004,0.004,-34.8809,3.495,4.614,10.719*54
$GNGST,084412.80,0.010,0.004,0.004,-37.5359,3.495,4.614,10.719*5A
$GNGST,084412.90,0.010,0.004,0.004,-37.9314,3.495,4.614,10.719*5E
$GNGST,084413.00,0.010,0.004,0.004,-37.9317,3.495,4.614,10.719*55
$GNGST,084413.10,0.010,0.004,0.004,-37.9320,3.495,4.614,10.719*50
$GNGST,084413.20,0.010,0.004,0.004,-37.8520,3.495,4.614,10.719*54
$GNGST,084413.30,0.011,0.004,0.004,-42.5726,3.495,4.614,10.719*5F
$GNGST,084413.40,0.011,0.004,0.004,-40.8658,3.495,4.614,10.719*5F
$GNGST,084413.50,0.012,0.005,0.004,32.4832,3.495,4.614,10.719*7A
$GNGST,084413.60,0.010,0.004,0.004,-38.3013,3.495,4.614,10.719*51
$GNGST,084413.70,0.013,0.005,0.004,79.1313,3.495,4.614,10.719*7B
$GNGST,084413.80,0.011,0.005,0.004,40.3448,3.495,4.614,10.719*77
$GNGST,084413.90,0.011,0.004,0.004,-72.8560,3.495,4.614,10.719*5B
$GNGST,084414.00,0.012,0.004,0.004,30.4776,3.495,4.614,10.719*74
$GNGST,084414.10,0.011,0.004,0.004,-41.2397,3.495,4.614,10.719*50
$GNGST,084414.20,0.013,0.005,0.005,59.7055,3.495,4.614,10.719*7D
$GNGST,084414.30,0.010,0.004,0.004,-40.7733,3.495,4.614,10.719*5D
$GNGST,084414.40,0.012,0.005,0.004,80.9594,3.495,4.614,10.719*79
$GNGST,084414.50,0.013,0.005,0.004,-88.1239,3.495,4.614,10.719*54
$GNGST,084414.60,0.012,0.005,0.004,-79.8054,3.495,4.614,10.719*58
$GNGST,084414.70,0.010,0.004,0.004,-42.8160,3.495,4.614,10.719*54
$GNGST,084414.80,0.010,0.004,0.004,-41.0900,3.495,4.614,10.719*5E
$GNGST,084414.90,0.011,0.004,0.004,-41.5786,3.495,4.614,10.719*5B
$GNGST,084415.00,0.013,0.005,0.004,-81.7574,3.495,4.614,10.719*51
$GNGST,084415.10,0.010,0.004,0.004,-41.1882,3.495,4.614,10.719*5C
$GNGST,084415.20,0.011,0.004,0.004,29.2210,3.495,4.614,10.719*7F
$GNGST,084415.30,0.010,0.004,0.004,-41.6401,3.495,4.614,10.719*5E
$GNGST,084415.40,0.010,0.004,0.004,-38.0812,3.495,4.614,10.719*5F
$GNGST,084415.50,0.011,0.005,0.004,-33.5523,3.495,4.614,10.719*5F
$GNGST,084415.60,0.012,0.005,0.004,81.3262,3.495,4.614,10.719*7F
$GNGST,084415.70,0.012,0.005,0.004,-72.3187,3.495,4.614,10.719*57
$GNGST,084415.80,0.011,0.004,0.004,-55.3271,3.495,4.614,10.719*55
$GNGST,084415.90,0.011,0.005,0.004,-51.0220,3.495,4.614,10.719*56
$GNGST,084416.00,0.011,0.004,0.004,-49.7595,3.495,4.614,10.719*5A
$GNGST,084416.10,0.011,0.005,0.004,-61.2447,3.495,4.614,10.719*5B
$GNGST,084416.20,0.011,0.005,0.004,-63.2025,3.495,4.614,10.719*5A
$GNGST,084416.30,0.011,0.005,0.004,-41.3288,3.495,4.614,10.719*5F
$GNGST,084416.40,0.011,0.005,0.004,-79.3233,3.495,4.614,10.719*53
$GNGST,084416.50,0.011,0.004,0.004,-57.6687,3.495,4.614,10.719*51
$GNGST,084416.60,0.012,0.004,0.004,-62.2090,3.495,4.614,10.719*53
$GNGST,084416.70,0.012,0.005,0.004,-86.1254,3.495,4.614,10.719*50
$GNGST,084416.80,0.012,0.005,0.004,-45.2716,3.495,4.614,10.719*50
$GNGST,084416.90,0.011,0.004,0.004,-21.8964,3.495,4.614,10.719*50
$GNGST,084417.00,0.011,0.004,0.004,-44.1406,3.495,4.614,10.719*5B
$GNGST,084417.10,0.011,0.004,0.004,-15.5637,3.495,4.614,10.719*5A
$GNGST,084417.20,0.012,0.004,0.004,-38.1486,3.495,4.614,10.719*59
$GNGST,084417.30,0.012,0.005,0.004,42.0450,3.495,4.614,10.719*73
$GNGST,084417.40,0.011,0.004,0.004,-27.0633,3.495,4.614,10.719*5F
$GNGST,084417.50,0.011,0.004,0.004,-33.0855,3.495,4.614,10.719*55
$GNGST,084417.60,0.012,0.004,0.004,-7.7535,3.495,4.614,10.719*6E
$GNGST,084417.70,0.011,0.004,0.004,-67.5770,3.495,4.614,10.719*5B
$GNGST,084417.80,0.011,0.005,0.004,-50.5701,3.495,4.614,10.719*57
$GNGST,084417.90,0.012,0.005,0.004,-48.4761,3.495,4.614,10.719*5B
$GNGST,084418.00,0.012,0.005,0.004,-47.2440,3.495,4.614,10.719*54
$GNGST,084418.10,0.010,0.004,0.004,-43.0782,3.495,4.614,10.719*5D
$GNGST,084418.20,0.012,0.005,0.004,-87.8820,3.495,4.614,10.719*5A
$GNGST,084418.30,0.011,0.004,0.004,0.7278,3.495,4.614,10.719*43
$GNGST,084418.40,0.014,0.006,0.005,39.6715,3.495,4.614,10.719*77
$GNGST,084418.50,0.012,0.005,0.004,-60.8053,3.495,4.614,10.719*58
$GNGST,084418.60,0.012,0.005,0.004,-81.9041,3.495,4.614,10.719*56
$GNGST,084418.70,0.012,0.005,0.004,-57.2235,3.495,4.614,10.719*56
$GNGST,084418.80,0.012,0.005,0.004,-46.4198,3.495,4.614,10.719*5B
$GNGST,084418.90,0.011,0.005,0.004,-38.0954,3.495,4.614,10.719*5C
$GNGST,084419.00,0.011,0.004,0.004,-34.0797,3.495,4.614,10.719*58
$GNGST,084419.10,0.011,0.005,0.004,-47.9009,3.495,4.614,10.719*55
$GNGST,084419.20,0.011,0.004,0.004,-18.2938,3.495,4.614,10.719*5D
$GNGST,084419.30,0.010,0.004,0.004,-31.9813,3.495,4.614,10.719*55
$GNGST,084419.40,0.010,0.004,0.004,-38.0861,3.495,4.614,10.719*57
$GNGST,084419.50,0.010,0.004,0.004,-35.2674,3.495,4.614,10.719*53
$GNGST,084419.60,0.011,0.004,0.004,-54.1721,3.495,4.614,10.719*54
$GNGST,084419.70,0.011,0.004,0.004,-78.4307,3.495,4.614,10.719*5E
$GNGST,084419.80,0.012,0.004,0.004,-42.3192,3.495,4.614,10.719*52
$GNGST,084419.90,0.011,0.004,0.004,48.0779,3.495,4.614,10.719*77
$GNGST,084420.00,0.010,0.004,0.004,-38.9251,3.495,4.614,10.719*59
$GNGST,084420.10,0.011,0.004,0.004,-40.2611,3.495,4.614,10.719*5D
$GNGST,084420.20,0.010,0.004,0.004,-38.9256,3.495,4.614,10.719*5C
$GNGST,084420.30,0.010,0.004,0.004,-38.8265,3.495,4.614,10.719*5C
$GNGST,084420.40,0.011,0.004,0.004,-28.4211,3.495,4.614,10.719*54
$GNGST,084420.50,0.011,0.004,0.004,-47.3791,3.495,4.614,10.719*56
$GNGST,084420.60,0.011,0.004,0.004,-32.5104,3.495,4.614,10.719*5B
$GNGST,084420.70,0.011,0.004,0.004,-47.8464,3.495,4.614,10.719*56
$GNGST,084420.80,0.010,0.004,0.004,-36.4637,3.495,4.614,10.719*56
$GNGST,084420.90,0.010,0.004,0.004,-36.4641,3.495,4.614,10.719*56
$GNGST,084421.00,0.010,0.004,0.004,-36.3225,3.495,4.614,10.719*5F
$GNGST,084421.10,0.010,0.004,0.004,-36.4650,3.495,4.614,10.719*5F
$GNGST,084421.20,0.010,0.004,0.004,-36.4655,3.495,4.614,10.719*59
$GNGST,084421.30,0.010,0.004,0.004,-38.8265,3.495,4.614,10.719*5D
$GNGST,084421.40,0.010,0.004,0.004,-38.6203,3.495,4.614,10.719*54
$GNGST,084421.50,0.010,0.004,0.004,-38.8273,3.495,4.614,10.719*5C
$GNGST,084421.60,0.010,0.004,0.004,-38.8277,3.495,4.614,10.719*5B
$GNGST,084421.70,0.010,0.004,0.004,-34.6689,3.495,4.614,10.719*5D
$GNGST,084421.80,0.010,0.004,0.004,-34.9421,3.495,4.614,10.719*5D
$GNGST,084421.90,0.012,0.005,0.004,48.6933,3.495,4.614,10.719*78
$GNGST,084422.00,0.011,0.004,0.004,34.7715,3.495,4.614,10.719*70
$GNGST,084422.10,0.011,0.004,0.004,-31.8630,3.495,4.614,10.719*50
$GNGST,084422.20,0.011,0.004,0.004,-1.0909,3.495,4.614,10.719*6D
$GNGST,084422.30,0.011,0.004,0.004,-32.9822,3.495,4.614,10.719*5D
$GNGST,084422.40,0.013,0.006,0.004,52.2001,3.495,4.614,10.719*73
$GNGST,084422.50,0.011,0.005,0.004,-42.9827,3.495,4.614,10.719*58
$GNGST,084422.60,0.010,0.004,0.004,-34.9464,3.495,4.614,10.719*51
$GNGST,084422.70,0.010,0.004,0.004,-38.1201,3.495,4.614,10.719*51
$GNGST,084422.80,0.010,0.004,0.004,-36.6369,3.495,4.614,10.719*58
$GNGST,084422.90,0.010,0.004,0.004,-36.6373,3.495,4.614,10.719*52
$GNGST,084423.00,0.010,0.004,0.004,-66.8720,3.495,4.614,10.719*53
$GNGST,084423.10,0.011,0.005,0.004,-53.1563,3.495,4.614,10.719*58
$GNGST,084423.20,0.010,0.004,0.004,-61.6522,3.495,4.614,10.719*58
$GNGST,084423.30,0.011,0.004,0.004,-55.0604,3.495,4.614,10.719*5E
$GNGST,084423.40,0.010,0.004,0.004,-47.7859,3.495,4.614,10.719*5A
$GNGST,084423.50,0.010,0.004,0.004,-41.9737,3.495,4.614,10.719*54
$GNGST,084423.60,0.010,0.004,0.004,-41.8756,3.495,4.614,10.719*51
$GNGST,084423.70,0.010,0.004,0.004,-41.8759,3.495,4.614,10.719*5F
$GNGST,084423.80,0.010,0.004,0.004,-41.8762,3.495,4.614,10.719*58
$GNGST,084423.90,0.011,0.005,0.004,-43.7314,3.495,4.614,10.719*51
$GNGST,084424.00,0.011,0.005,0.004,-54.4991,3.495,4.614,10.719*5D
$GNGST,084424.10,0.011,0.004,0.004,-41.0015,3.495,4.614,10.719*58
$GNGST,084424.20,0.011,0.004,0.004,-40.2144,3.495,4.614,10.719*5D
$GNGST,084424.30,0.011,0.005,0.004,-41.5871,3.495,4.614,10.719*54
$GNGST,084424.40,0.012,0.005,0.004,-46.9333,3.495,4.614,10.719*56
$GNGST,084424.50,0.010,0.004,0.004,-39.7457,3.495,4.614,10.719*57
$GNGST,084424.60,0.010,0.004,0.004,-40.3680,3.495,4.614,10.719*56
$GNGST,084424.70,0.010,0.004,0.004,-44.2423,3.495,4.614,10.719*59
$GNGST,084424.80,0.010,0.004,0.004,-44.5967,3.495,4.614,10.719*5C
$GNGST,084424.90,0.010,0.004,0.004,-43.4374,3.495,4.614,10.719*53
$GNGST,084425.00,0.010,0.004,0.004,-44.5970,3.495,4.614,10.719*53
$GNGST,084425.10,0.010,0.004,0.004,-44.5972,3.495,4.614,10.719*50
$GNGST,084425.20,0.010,0.004,0.004,-43.2812,3.495,4.614,10.719*54
$GNGST,084425.30,0.010,0.004,0.004,-43.2811,3.495,4.614,10.719*56
$GNGST,084425.40,0.010,0.004,0.004,-44.5977,3.495,4.614,10.719*50
$GNGST,084425.50,0.010,0.004,0.004,-44.5979,3.495,4.614,10.719*5F
$GNGST,084425.60,0.011,0.004,0.004,-57.6391,3.495,4.614,10.719*50
$GNGST,084425.70,0.010,0.004,0.004,-44.5982,3.495,4.614,10.719*59
$GNGST,084425.80,0.010,0.004,0.004,-45.0649,3.495,4.614,10.719*5A
$GNGST,084425.90,0.011,0.004,0.004,-57.5226,3.495,4.614,10.719*51
$GNGST,084426.00,0.011,0.004,0.004,-74.6000,3.495,4.614,10.719*5F
$GNGST,084426.10,0.010,0.004,0.004,-46.5532,3.495,4.614,10.719*59
$GNGST,084426.20,0.011,0.005,0.004,-58.3132,3.495,4.614,10.719*57
$GNGST,084426.30,0.011,0.005,0.004,-47.6178,3.495,4.614,10.719*53
$GNGST,084426.40,0.010,0.004,0.004,-61.5312,3.495,4.614,10.719*5D
$GNGST,084426.50,0.010,0.004,0.004,-48.1218,3.495,4.614,10.719*58
$GNGST,084426.60,0.011,0.004,0.004,-45.5154,3.495,4.614,10.719*58
$GNGST,084426.70,0.012,0.005,0.004,81.4250,3.495,4.614,10.719*78
$GNGST,084426.80,0.011,0.004,0.004,-82.0762,3.495,4.614,10.719*5B
$GNGST,084426.90,0.010,0.004,0.004,-57.3486,3.495,4.614,10.719*59
$GNGST,084427.00,0.010,0.005,0.004,-47.9775,3.495,4.614,10.719*54
$GNGST,084427.10,0.011,0.004,0.004,-46.0702,3.495,4.614,10.719*5D
$GNGST,084427.20,0.011,0.005,0.004,-43.6766,3.495,4.614,10.719*5E
$GNGST,084427.30,0.011,0.005,0.004,-48.1363,3.495,4.614,10.719*52
$GNGST,084427.40,0.011,0.004,0.004,-42.5714,3.495,4.614,10.719*5E
$GNGST,084427.50,0.011,0.005,0.004,-54.2765,3.495,4.614,10.719*58
$GNGST,084427.60,0.011,0.005,0.004,-47.5657,3.495,4.614,10.719*5E
$GNGST,084427.70,0.010,0.004,0.004,-43.8317,3.495,4.614,10.719*57
$GNGST,084427.80,0.011,0.005,0.004,-43.1361,3.495,4.614,10.719*50
$GNGST,084427.90,0.010,0.004,0.004,-39.1045,3.495,4.614,10.719*59
$GNGST,084428.00,0.010,0.004,0.004,-37.5674,3.495,4.614,10.719*51
$GNGST,084428.10,0.011,0.005,0.004,-38.1748,3.495,4.614,10.719*55
$GNGST,084428.20,0.010,0.004,0.004,-38.3740,3.495,4.614,10.719*5C
$GNGST,084428.30,0.011,0.005,0.004,-47.6700,3.495,4.614,10.719*54
$GNGST,084428.40,0.012,0.005,0.004,-45.7119,3.495,4.614,10.719*5D
$GNGST,084428.50,0.011,0.005,0.004,-42.9464,3.495,4.614,10.719*59
$GNGST,084428.60,0.010,0.004,0.004,-37.5668,3.495,4.614,10.719*5A
$GNGST,084428.70,0.011,0.005,0.004,-43.4998,3.495,4.614,10.719*59
$GNGST,084428.80,0.011,0.005,0.004,-43.6143,3.495,4.614,10.719*5A
$GNGST,084428.90,0.010,0.004,0.004,-34.3390,3.495,4.614,10.719*52
$GNGST,084429.00,0.010,0.004,0.004,-34.3391,3.495,4.614,10.719*5B
$GNGST,084429.10,0.010,0.004,0.004,-33.9908,3.495,4.614,10.719*5D
$GNGST,084429.20,0.011,0.004,0.004,68.8494,3.495,4.614,10.719*75
$GNGST,084429.30,0.010,0.004,0.004,-32.9734,3.495,4.614,10.719*5F
$GNGST,084429.40,0.010,0.004,0.004,-35.0654,3.495,4.614,10.719*51
$GNGST,084429.50,0.010,0.004,0.004,-35.5794,3.495,4.614,10.719*58
$GNGST,084429.60,0.010,0.004,0.004,-35.9909,3.495,4.614,10.719*5D
$GNGST,084429.70,0.010,0.004,0.004,-35.9911,3.495,4.614,10.719*55
$GNGST,084429.80,0.010,0.004,0.004,-35.9913,3.495,4.614,10.719*58
$GNGST,084429.90,0.010,0.004,0.004,-35.9914,3.495,4.614,10.719*5E
$GNGST,084430.00,0.010,0.004,0.004,-35.9916,3.495,4.614,10.719*5D
$GNGST,084430.10,0.010,0.004,0.004,-35.9918,3.495,4.614,10.719*52
$GNGST,084430.20,0.010,0.004,0.004,-37.0933,3.495,4.614,10.719*53
$GNGST,084430.30,0.010,0.004,0.004,-35.9921,3.495,4.614,10.719*5A
$GNGST,084430.40,0.011,0.004,0.004,-30.4080,3.495,4.614,10.719*56
$GNGST,084430.50,0.010,0.004,0.004,-37.5566,3.495,4.614,10.719*5D
$GNGST,084430.60,0.011,0.004,0.004,-13.9072,3.495,4.614,10.719*55
$GNGST,084430.70,0.010,0.004,0.004,-38.2537,3.495,4.614,10.719*53
$GNGST,084430.80,0.011,0.004,0.004,-32.6215,3.495,4.614,10.719*54
$GNGST,084430.90,0.010,0.004,0.004,-38.2538,3.495,4.614,10.719*52
$GNGST,084431.00,0.010,0.004,0.004,-39.9478,3.495,4.614,10.719*55
$GNGST,084431.10,0.010,0.004,0.004,-38.2540,3.495,4.614,10.719*54
$GNGST,084431.20,0.010,0.004,0.004,-46.7291,3.495,4.614,10.719*50
$GNGST,084431.30,0.011,0.004,0.004,-50.8340,3.495,4.614,10.719*55
$GNGST,084431.40,0.011,0.004,0.004,-3.1180,3.495,4.614,10.719*63
$GNGST,084431.50,0.011,0.004,0.004,35.8650,3.495,4.614,10.719*79
$GNGST,084431.60,0.011,0.004,0.004,-52.5750,3.495,4.614,10.719*5A
$GNGST,084431.70,0.011,0.004,0.004,-48.3216,3.495,4.614,10.719*51
$GNGST,084431.80,0.011,0.004,0.004,-43.4709,3.495,4.614,10.719*59
$GNGST,084431.90,0.011,0.004,0.004,-31.2230,3.495,4.614,10.719*54
$GNGST,084432.00,0.011,0.004,0.004,-43.9696,3.495,4.614,10.719*58
$GNGST,084432.10,0.011,0.004,0.004,-42.6083,3.495,4.614,10.719*55
$GNGST,084432.20,0.011,0.004,0.004,-39.5210,3.495,4.614,10.719*51
$GNGST,084432.30,0.011,0.004,0.004,-40.9236,3.495,4.614,10.719*56
$GNGST,084432.40,0.011,0.004,0.004,-46.4027,3.495,4.614,10.719*58
$GNGST,084432.50,0.011,0.004,0.004,-41.8206,3.495,4.614,10.719*53
$GNGST,084432.60,0.011,0.004,0.004,-27.0943,3.495,4.614,10.719*52
$GNGST,084432.70,0.011,0.005,0.004,-47.0056,3.495,4.614,10.719*59
$GNGST,084432.80,0.010,0.004,0.004,-37.4778,3.495,4.614,10.719*5E
$GNGST,084432.90,0.010,0.004,0.004,-37.4883,3.495,4.614,10.719*54
$GNGST,084433.00,0.010,0.004,0.004,-53.7516,3.495,4.614,10.719*5C
$GNGST,084433.10,0.012,0.005,0.004,-61.9574,3.495,4.614,10.719*55
$GNGST,084433.20,0.011,0.004,0.004,-42.8724,3.495,4.614,10.719*53
$GNGST,084433.30,0.010,0.004,0.004,-39.8357,3.495,4.614,10.719*5F
$GNGST,084433.40,0.010,0.004,0.004,-39.8901,3.495,4.614,10.719*51
$GNGST,084433.50,0.010,0.004,0.004,-52.7857,3.495,4.614,10.719*50
$GNGST,084433.60,0.011,0.004,0.004,-48.9496,3.495,4.614,10.719*56
$GNGST,084433.70,0.011,0.004,0.004,-36.0499,3.495,4.614,10.719*58
$GNGST,084433.80,0.011,0.004,0.004,-24.6210,3.495,4.614,10.719*55
$GNGST,084433.90,0.011,0.004,0.004,-25.6030,3.495,4.614,10.719*55
$GNGST,084434.00,0.010,0.004,0.004,-38.0096,3.495,4.614,10.719*5C
$GNGST,084434.10,0.011,0.004,0.004,-39.3725,3.495,4.614,10.719*51
$GNGST,084434.20,0.011,0.004,0.004,-35.7896,3.495,4.614,10.719*5D
$GNGST,084434.30,0.010,0.004,0.004,-34.9147,3.495,4.614,10.719*57
$GNGST,084434.40,0.010,0.004,0.004,-25.0339,3.495,4.614,10.719*52
$GNGST,084434.50,0.010,0.004,0.004,-34.8966,3.495,4.614,10.719*5B
$GNGST,084434.60,0.011,0.004,0.004,-21.8233,3.495,4.614,10.719*56
$GNGST,084434.70,0.012,0.005,0.004,-31.0134,3.495,4.614,10.719*58
$GNGST,084434.80,0.010,0.004,0.004,-38.2457,3.495,4.614,10.719*5F
$GNGST,084434.90,0.010,0.004,0.004,-36.5048,3.495,4.614,10.719*5D
$GNGST,084435.00,0.010,0.004,0.004,-36.5054,3.495,4.614,10.719*58
$GNGST,084435.10,0.010,0.004,0.004,-36.3026,3.495,4.614,10.719*5A
$GNGST,084435.20,0.010,0.004,0.004,-36.5066,3.495,4.614,10.719*5B
$GNGST,084435.30,0.011,0.004,0.004,-40.3776,3.495,4.614,10.719*5A
$GNGST,084435.40,0.010,0.004,0.004,-36.1165,3.495,4.614,10.719*5B
$GNGST,084435.50,0.010,0.004,0.004,-36.1171,3.495,4.614,10.719*5F
$GNGST,084435.60,0.010,0.004,0.004,-36.1177,3.495,4.614,10.719*5A
$GNGST,084435.70,0.011,0.004,0.004,-38.7236,3.495,4.614,10.719*54
$GNGST,084435.80,0.010,0.004,0.004,-37.4453,3.495,4.614,10.719*53
$GNGST,084435.90,0.010,0.004,0.004,-37.4459,3.495,4.614,10.719*58
$GNGST,084436.00,0.011,0.004,0.004,-27.0210,3.495,4.614,10.719*5D
$GNGST,084436.10,0.010,0.004,0.004,-38.9441,3.495,4.614,10.719*58
$GNGST,084436.20,0.010,0.004,0.004,-37.4480,3.495,4.614,10.719*54
$GNGST,084436.30,0.012,0.005,0.004,-44.1464,3.495,4.614,10.719*5D
$GNGST,084436.40,0.010,0.004,0.004,-37.4494,3.495,4.614,10.719*57
$GNGST,084436.50,0.010,0.004,0.004,-38.9465,3.495,4.614,10.719*5A
$GNGST,084436.60,0.013,0.005,0.004,-66.7212,3.495,4.614,10.719*58
$GNGST,084436.70,0.010,0.004,0.004,-37.2913,3.495,4.614,10.719*50
$GNGST,084436.80,0.011,0.004,0.004,-60.3199,3.495,4.614,10.719*57
$GNGST,084436.90,0.010,0.004,0.004,-36.6734,3.495,4.614,10.719*50
$GNGST,084437.00,0.012,0.004,0.004,-42.9722,3.495,4.614,10.719*51
$GNGST,084437.10,0.010,0.004,0.004,-36.4076,3.495,4.614,10.719*5A
$GNGST,084437.20,0.010,0.004,0.004,-36.6758,3.495,4.614,10.719*50
$GNGST,084437.30,0.010,0.004,0.004,-35.8221,3.495,4.614,10.719*57
$GNGST,084437.40,0.010,0.004,0.004,-35.8230,3.495,4.614,10.719*50
$GNGST,084437.50,0.012,0.004,0.004,9.6840,3.495,4.614,10.719*42
$GNGST,084437.60,0.011,0.004,0.004,18.3154,3.495,4.614,10.719*7B
$GNGST,084437.70,0.012,0.004,0.004,79.0750,3.495,4.614,10.719*7F
$GNGST,084437.80,0.012,0.004,0.004,31.6249,3.495,4.614,10.719*77
$GNGST,084437.90,0.011,0.004,0.004,-5.3056,3.495,4.614,10.719*66
$GNGST,084438.00,0.012,0.004,0.004,-69.3536,3.495,4.614,10.719*5A
$GNGST,084438.10,0.012,0.004,0.004,16.8655,3.495,4.614,10.719*73
$GNGST,084438.20,0.012,0.004,0.004,-42.3061,3.495,4.614,10.719*56
$GNGST,084438.30,0.011,0.004,0.004,-44.3669,3.495,4.614,10.719*5C
$GNGST,084438.40,0.011,0.004,0.004,-39.6966,3.495,4.614,10.719*54
$GNGST,084438.50,0.011,0.004,0.004,-49.4100,3.495,4.614,10.719*58
$GNGST,084438.60,0.012,0.004,0.004,14.5355,3.495,4.614,10.719*7E
$GNGST,084438.70,0.011,0.004,0.004,-45.1708,3.495,4.614,10.719*5D
$GNGST,084438.80,0.012,0.004,0.004,-43.8880,3.495,4.614,10.719*51
$GNGST,084438.90,0.013,0.005,0.004,22.9863,3.495,4.614,10.719*76
$GNGST,084439.00,0.012,0.005,0.004,-6.1947,3.495,4.614,10.719*6B
$GNGST,084439.10,0.011,0.004,0.004,-10.5724,3.495,4.614,10.719*50
$GNGST,084439.20,0.012,0.005,0.004,15.6302,3.495,4.614,10.719*7A
$GNGST,084439.30,0.013,0.006,0.004,21.8507,3.495,4.614,10.719*73
$GNGST,084439.40,0.012,0.005,0.005,-0.5744,3.495,4.614,10.719*61
$GNGST,084439.50,0.012,0.005,0.004,20.6259,3.495,4.614,10.719*74
$GNGST,084439.60,0.012,0.004,0.004,9.9198,3.495,4.614,10.719*4C
$GNGST,084439.70,0.013,0.005,0.004,3.9707,3.495,4.614,10.719*47
$GNGST,084439.80,0.015,0.005,0.004,30.5821,3.495,4.614,10.719*79
$GNGST,084439.90,0.010,0.004,0.004,-28.4525,3.495,4.614,10.719*50
$GNGST,084440.00,0.010,0.004,0.004,-27.7979,3.495,4.614,10.719*5E
$GNGST,084440.10,0.010,0.004,0.004,-29.7738,3.495,4.614,10.719*5A
$GNGST,084440.20,0.010,0.004,0.004,-27.8002,3.495,4.614,10.719*56
$GNGST,084440.30,0.010,0.004,0.004,-27.8013,3.495,4.614,10.719*57
$GNGST,084440.40,0.010,0.004,0.004,-27.8024,3.495,4.614,10.719*54
$GNGST,084440.50,0.010,0.004,0.004,-27.8036,3.495,4.614,10.719*56
$GNGST,084440.60,0.010,0.004,0.004,-27.8047,3.495,4.614,10.719*53
$GNGST,084440.70,0.011,0.004,0.004,-39.1887,3.495,4.614,10.719*51
$GNGST,084440.80,0.010,0.004,0.004,-36.2766,3.495,4.614,10.719*53
$GNGST,084440.90,0.011,0.004,0.004,-14.1173,3.495,4.614,10.719*52
$GNGST,084441.00,0.012,0.005,0.004,24.5341,3.495,4.614,10.719*71
$GNGST,084441.10,0.011,0.005,0.004,35.1011,3.495,4.614,10.719*71
$GNGST,084441.20,0.011,0.004,0.004,38.1389,3.495,4.614,10.719*7C
$GNGST,084441.30,0.010,0.004,0.004,-7.3556,3.495,4.614,10.719*6B
$GNGST,084441.40,0.010,0.004,0.004,-17.1129,3.495,4.614,10.719*53
$GNGST,084441.50,0.011,0.004,0.004,9.9473,3.495,4.614,10.719*43
$GNGST,084441.60,0.011,0.004,0.004,22.2079,3.495,4.614,10.719*7C
$GNGST,084441.70,0.011,0.004,0.004,-25.6513,3.495,4.614,10.719*5A
$GNGST,084441.80,0.011,0.004,0.004,-69.6930,3.495,4.614,10.719*50
$GNGST,084441.90,0.011,0.004,0.004,-86.8022,3.495,4.614,10.719*54
$GNGST,084442.00,0.010,0.004,0.004,29.7403,3.495,4.614,10.719*7F
$GNGST,084442.10,0.011,0.005,0.004,-67.7450,3.495,4.614,10.719*5F
$GNGST,084442.20,0.011,0.004,0.004,81.2137,3.495,4.614,10.719*79
$GNGST,084442.30,0.010,0.004,0.004,-38.3370,3.495,4.614,10.719*56
$GNGST,084442.40,0.011,0.004,0.004,-78.4234,3.495,4.614,10.719*52
$GNGST,084442.50,0.010,0.004,0.004,-38.6483,3.495,4.614,10.719*5E
$GNGST,084442.60,0.010,0.004,0.004,-38.6500,3.495,4.614,10.719*57
$GNGST,084442.70,0.010,0.004,0.004,-38.6517,3.495,4.614,10.719*50
$GNGST,084442.80,0.010,0.004,0.004,-42.5213,3.495,4.614,10.719*52
$GNGST,084442.90,0.010,0.004,0.004,-38.6551,3.495,4.614,10.719*5C
$GNGST,084443.00,0.010,0.004,0.004,-38.6568,3.495,4.614,10.719*5E
$GNGST,084443.10,0.010,0.004,0.004,-42.5252,3.495,4.614,10.719*5F
$GNGST,084443.20,0.010,0.004,0.004,-42.5265,3.495,4.614,10.719*58
$GNGST,084443.30,0.010,0.004,0.004,-73.3899,3.495,4.614,10.719*54
$GNGST,084443.40,0.010,0.004,0.004,-42.5291,3.495,4.614,10.719*55
$GNGST,084443.50,0.010,0.004,0.004,-71.1636,3.495,4.614,10.719*59
$GNGST,084443.60,0.011,0.004,0.004,-45.5939,3.495,4.614,10.719*58
$GNGST,084443.70,0.011,0.004,0.004,-57.6299,3.495,4.614,10.719*58
$GNGST,084443.80,0.010,0.004,0.004,-38.3086,3.495,4.614,10.719*56
$GNGST,084443.90,0.010,0.004,0.004,-38.3101,3.495,4.614,10.719*59
$GNGST,084444.00,0.010,0.004,0.004,-38.3115,3.495,4.614,10.719*52
$GNGST,084444.10,0.010,0.004,0.004,-38.3130,3.495,4.614,10.719*54
$GNGST,084444.20,0.010,0.004,0.004,14.1969,3.495,4.614,10.719*72
$GNGST,084444.30,0.010,0.004,0.004,-38.3159,3.495,4.614,10.719*59
$GNGST,084444.40,0.010,0.004,0.004,-47.7425,3.495,4.614,10.719*5C
$GNGST,084444.50,0.010,0.004,0.004,-38.3897,3.495,4.614,10.719*54
$GNGST,084444.60,0.010,0.004,0.004,-22.6651,3.495,4.614,10.719*5D
$GNGST,084444.70,0.010,0.004,0.004,-8.5469,3.495,4.614,10.719*6E
$GNGST,084444.80,0.011,0.004,0.004,-32.1216,3.495,4.614,10.719*53
$GNGST,084444.90,0.011,0.004,0.004,48.0293,3.495,4.614,10.719*7E
$GNGST,084445.00,0.010,0.004,0.004,-39.7266,3.495,4.614,10.719*51
$GNGST,084445.10,0.010,0.004,0.004,-36.5673,3.495,4.614,10.719*5D
$GNGST,084445.20,0.010,0.004,0.004,-43.5593,3.495,4.614,10.719*51
$GNGST,084445.30,0.011,0.004,0.004,-63.4672,3.495,4.614,10.719*5E
$GNGST,084445.40,0.010,0.004,0.004,-48.2859,3.495,4.614,10.719*50
$GNGST,084445.50,0.010,0.004,0.004,-42.4863,3.495,4.614,10.719*54
$GNGST,084445.60,0.010,0.004,0.004,-1.4161,3.495,4.614,10.719*6B
$GNGST,084445.70,0.010,0.004,0.004,-46.2717,3.495,4.614,10.719*58
$GNGST,084445.80,0.010,0.004,0.004,-66.1308,3.495,4.614,10.719*5C
$GNGST,084445.90,0.010,0.004,0.004,-42.5187,3.495,4.614,10.719*5A
$GNGST,084446.00,0.010,0.004,0.004,-66.9643,3.495,4.614,10.719*55
$GNGST,084446.10,0.010,0.004,0.004,-61.8416,3.495,4.614,10.719*50
$GNGST,084446.20,0.010,0.004,0.004,-42.5218,3.495,4.614,10.719*57
$GNGST,084446.30,0.010,0.004,0.004,-41.2883,3.495,4.614,10.719*5A
$GNGST,084446.40,0.010,0.004,0.004,-47.3009,3.495,4.614,10.719*50
$GNGST,084446.50,0.010,0.004,0.004,-43.1707,3.495,4.614,10.719*5E
$GNGST,084446.60,0.010,0.004,0.004,-30.3827,3.495,4.614,10.719*56
$GNGST,084446.70,0.010,0.004,0.004,-31.3192,3.495,4.614,10.719*51
$GNGST,084446.80,0.010,0.004,0.004,-57.6753,3.495,4.614,10.719*50
$GNGST,084446.90,0.010,0.004,0.004,-29.0113,3.495,4.614,10.719*5C
$GNGST,084447.00,0.010,0.004,0.004,-39.2210,3.495,4.614,10.719*57
$GNGST,084447.10,0.010,0.004,0.004,-40.6232,3.495,4.614,10.719*5C
$GNGST,084447.20,0.010,0.004,0.004,-50.5502,3.495,4.614,10.719*59
$GNGST,084447.30,0.010,0.004,0.004,-39.2219,3.495,4.614,10.719*5D
$GNGST,084447.40,0.010,0.004,0.004,-42.8162,3.495,4.614,10.719*53
$GNGST,084447.50,0.010,0.004,0.004,-40.7882,3.495,4.614,10.719*58
$GNGST,084447.60,0.009,0.004,0.004,-39.3815,3.495,4.614,10.719*57
$GNGST,084447.70,0.010,0.004,0.004,-38.2692,3.495,4.614,10.719*5F
$GNGST,084447.80,0.009,0.004,0.003,-40.8543,3.495,4.614,10.719*55
$GNGST,084447.90,0.009,0.004,0.003,-40.8544,3.495,4.614,10.719*53
$GNGST,084448.00,0.009,0.004,0.003,-40.8546,3.495,4.614,10.719*57
$GNGST,084448.10,0.009,0.004,0.003,-40.8548,3.495,4.614,10.719*58
$GNGST,084448.20,0.009,0.004,0.003,-40.8550,3.495,4.614,10.719*52
$GNGST,084448.30,0.009,0.004,0.003,-39.3254,3.495,4.614,10.719*55
$GNGST,084448.40,0.009,0.004,0.003,-40.5042,3.495,4.614,10.719*5F
$GNGST,084448.50,0.009,0.004,0.003,-40.5044,3.495,4.614,10.719*58
$GNGST,084448.60,0.009,0.004,0.003,-40.2336,3.495,4.614,10.719*5A
$GNGST,084448.70,0.009,0.004,0.003,-41.1824,3.495,4.614,10.719*51
$GNGST,084448.80,0.009,0.004,0.003,-41.1826,3.495,4.614,10.719*5C
$GNGST,084448.90,0.010,0.004,0.004,-43.1821,3.495,4.614,10.719*57
$GNGST,084449.00,0.010,0.004,0.004,-34.7769,3.495,4.614,10.719*5A
$GNGST,084449.10,0.011,0.004,0.004,4.7264,3.495,4.614,10.719*4C
$GNGST,084449.20,0.010,0.004,0.004,-42.9792,3.495,4.614,10.719*53
$GNGST,084449.30,0.010,0.004,0.004,-29.7848,3.495,4.614,10.719*59
$GNGST,084449.40,0.010,0.004,0.003,-38.3949,3.495,4.614,10.719*5D
$GNGST,084449.50,0.011,0.004,0.004,-32.4757,3.495,4.614,10.719*56
$GNGST,084449.60,0.010,0.004,0.004,-44.0738,3.495,4.614,10.719*58
$GNGST,084449.70,0.009,0.004,0.003,-39.6095,3.495,4.614,10.719*5A
$GNGST,084449.80,0.009,0.004,0.003,-39.6096,3.495,4.614,10.719*56
$GNGST,084449.90,0.011,0.005,0.004,-40.3821,3.495,4.614,10.719*57
$GNGST,084450.00,0.009,0.004,0.003,-39.6100,3.495,4.614,10.719*58
$GNGST,084450.10,0.009,0.004,0.003,-39.6102,3.495,4.614,10.719*5B
$GNGST,084450.20,0.009,0.004,0.003,-39.6103,3.495,4.614,10.719*59
$GNGST,084450.30,0.011,0.004,0.004,-42.7131,3.495,4.614,10.719*5A
$GNGST,084450.40,0.011,0.004,0.004,-48.6228,3.495,4.614,10.719*5D
$GNGST,084450.50,0.011,0.004,0.004,-41.6641,3.495,4.614,10.719*5E
$GNGST,084450.60,0.010,0.004,0.003,-39.8749,3.495,4.614,10.719*53
$GNGST,084450.70,0.010,0.004,0.004,-45.4606,3.495,4.614,10.719*58
$GNGST,084450.80,0.010,0.004,0.003,-40.0372,3.495,4.614,10.719*57
$GNGST,084450.90,0.010,0.004,0.004,-33.7831,3.495,4.614,10.719*5E
$GNGST,084451.00,0.012,0.005,0.004,10.1344,3.495,4.614,10.719*76
$GNGST,084451.10,0.010,0.004,0.004,-31.2845,3.495,4.614,10.719*53
$GNGST,084451.20,0.010,0.004,0.004,-43.1240,3.495,4.614,10.719*59
$GNGST,084451.30,0.012,0.005,0.004,-37.1497,3.495,4.614,10.719*54
$GNGST,084451.40,0.012,0.005,0.004,-37.8855,3.495,4.614,10.719*58
$GNGST,084451.50,0.010,0.004,0.004,-43.6631,3.495,4.614,10.719*5B
$GNGST,084451.60,0.010,0.004,0.004,-39.1664,3.495,4.614,10.719*52
$GNGST,084451.70,0.011,0.004,0.004,-39.2826,3.495,4.614,10.719*59
$GNGST,084451.80,0.010,0.004,0.003,-34.5009,3.495,4.614,10.719*5F
$GNGST,084451.90,0.010,0.004,0.003,-34.5011,3.495,4.614,10.719*57
$GNGST,084452.00,0.010,0.004,0.003,-34.3145,3.495,4.614,10.719*5B
$GNGST,084452.10,0.010,0.004,0.003,-34.5016,3.495,4.614,10.719*5B
$GNGST,084452.20,0.010,0.004,0.003,-34.5018,3.495,4.614,10.719*56
$GNGST,084452.30,0.010,0.004,0.003,-34.6871,3.495,4.614,10.719*53
$GNGST,084452.40,0.010,0.004,0.003,-34.6873,3.495,4.614,10.719*56
$GNGST,084452.50,0.011,0.004,0.004,-25.8446,3.495,4.614,10.719*55
$GNGST,084452.60,0.013,0.005,0.004,10.6643,3.495,4.614,10.719*77
$GNGST,084452.70,0.010,0.004,0.004,-26.9784,3.495,4.614,10.719*59
$GNGST,084452.80,0.011,0.004,0.004,-27.2726,3.495,4.614,10.719*55
$GNGST,084452.90,0.011,0.004,0.004,24.1521,3.495,4.614,10.719*7C
$GNGST,084453.00,0.012,0.005,0.004,43.4588,3.495,4.614,10.719*71
$GNGST,084453.10,0.012,0.005,0.004,45.6089,3.495,4.614,10.719*70
$GNGST,084453.20,0.012,0.004,0.004,36.2557,3.495,4.614,10.719*74
$GNGST,084453.30,0.011,0.005,0.004,47.6648,3.495,4.614,10.719*78
$GNGST,084453.40,0.011,0.004,0.004,70.5891,3.495,4.614,10.719*73
$GNGST,084453.50,0.012,0.005,0.004,36.1300,3.495,4.614,10.719*75
$GNGST,084453.60,0.011,0.004,0.004,38.4234,3.495,4.614,10.719*79
$GNGST,084453.70,0.009,0.004,0.003,-31.1833,3.495,4.614,10.719*5A
$GNGST,084453.80,0.009,0.004,0.003,-31.1836,3.495,4.614,10.719*50
$GNGST,084453.90,0.009,0.004,0.003,-32.3765,3.495,4.614,10.719*59
$GNGST,084454.00,0.010,0.004,0.004,20.3751,3.495,4.614,10.719*71
$GNGST,084454.10,0.012,0.004,0.004,-55.4910,3.495,4.614,10.719*51
$GNGST,084454.20,0.011,0.004,0.004,10.1639,3.495,4.614,10.719*7C
$GNGST,084454.30,0.012,0.005,0.004,57.7563,3.495,4.614,10.719*76
$GNGST,084454.40,0.013,0.006,0.004,52.0012,3.495,4.614,10.719*72
$GNGST,084454.50,0.010,0.004,0.004,30.3256,3.495,4.614,10.719*77
$GNGST,084454.60,0.010,0.004,0.004,26.6588,3.495,4.614,10.719*72
$GNGST,084454.70,0.009,0.004,0.003,-33.8206,3.495,4.614,10.719*5A
$GNGST,084454.80,0.009,0.004,0.003,-33.8208,3.495,4.614,10.719*5B
$GNGST,084454.90,0.010,0.004,0.003,-32.6175,3.495,4.614,10.719*54
$GNGST,084455.00,0.010,0.004,0.004,-40.6450,3.495,4.614,10.719*5C
$GNGST,084455.10,0.011,0.005,0.004,-44.7375,3.495,4.614,10.719*58
$GNGST,084455.20,0.014,0.005,0.004,-53.8293,3.495,4.614,10.719*5E
$GNGST,084455.30,0.011,0.004,0.004,-33.5311,3.495,4.614,10.719*5B
$GNGST,084455.40,0.010,0.004,0.004,-55.3106,3.495,4.614,10.719*5F
$GNGST,084455.50,0.012,0.005,0.004,-63.8479,3.495,4.614,10.719*5E
$GNGST,084455.60,0.010,0.004,0.004,-47.1795,3.495,4.614,10.719*50
$GNGST,084455.70,0.011,0.005,0.004,-57.5408,3.495,4.614,10.719*53
$GNGST,084455.80,0.010,0.004,0.004,-50.9016,3.495,4.614,10.719*5C
$GNGST,084455.90,0.009,0.004,0.003,-34.4901,3.495,4.614,10.719*52
$GNGST,084456.00,0.009,0.004,0.003,-34.6760,3.495,4.614,10.719*53
$GNGST,084456.10,0.011,0.005,0.004,-33.7926,3.495,4.614,10.719*57
$GNGST,084456.20,0.009,0.004,0.003,-34.4907,3.495,4.614,10.719*5C
$GNGST,084456.30,0.010,0.004,0.004,-46.8729,3.495,4.614,10.719*59
$GNGST,084456.40,0.010,0.004,0.004,-64.9876,3.495,4.614,10.719*5A
$GNGST,084456.50,0.010,0.004,0.004,-70.2386,3.495,4.614,10.719*51
$GNGST,084456.60,0.011,0.004,0.004,-51.8730,3.495,4.614,10.719*53
$GNGST,084456.70,0.009,0.004,0.003,-34.9219,3.495,4.614,10.719*50
$GNGST,084456.80,0.009,0.004,0.003,-34.9146,3.495,4.614,10.719*56
$GNGST,084456.90,0.009,0.004,0.003,-34.0087,3.495,4.614,10.719*52
$GNGST,084457.00,0.009,0.004,0.003,-34.0089,3.495,4.614,10.719*54
$GNGST,084457.10,0.009,0.004,0.003,-34.9747,3.495,4.614,10.719*59
$GNGST,084457.20,0.010,0.004,0.004,-12.3831,3.495,4.614,10.719*55
$GNGST,084457.30,0.009,0.004,0.003,-34.0094,3.495,4.614,10.719*5B
$GNGST,084457.40,0.010,0.004,0.004,-43.6119,3.495,4.614,10.719*51
$GNGST,084457.50,0.010,0.004,0.004,-16.3033,3.495,4.614,10.719*5C
$GNGST,084457.60,0.009,0.004,0.003,-32.5168,3.495,4.614,10.719*5F
$GNGST,084457.70,0.011,0.004,0.004,-27.3719,3.495,4.614,10.719*52
$GNGST,084457.80,0.010,0.004,0.004,-17.7399,3.495,4.614,10.719*57
$GNGST,084457.90,0.009,0.004,0.003,-33.3188,3.495,4.614,10.719*59
$GNGST,084458.00,0.009,0.004,0.003,-33.3190,3.495,4.614,10.719*56
$GNGST,084458.10,0.010,0.004,0.004,-55.5782,3.495,4.614,10.719*5B
$GNGST,084458.20,0.009,0.004,0.003,-32.0936,3.495,4.614,10.719*52
$GNGST,084458.30,0.010,0.004,0.003,-34.4941,3.495,4.614,10.719*59
$GNGST,084458.40,0.010,0.004,0.003,-34.6955,3.495,4.614,10.719*59
$GNGST,084458.50,0.010,0.004,0.003,-34.4947,3.495,4.614,10.719*59
$GNGST,084458.60,0.010,0.004,0.003,-34.2204,3.495,4.614,10.719*50
$GNGST,084458.70,0.010,0.004,0.003,-33.3523,3.495,4.614,10.719*55
$GNGST,084458.80,0.010,0.004,0.003,-33.5541,3.495,4.614,10.719*58
$GNGST,084458.90,0.010,0.004,0.003,-34.3136,3.495,4.614,10.719*5C
$GNGST,084459.00,0.010,0.004,0.003,-36.3029,3.495,4.614,10.719*59
$GNGST,084459.10,0.010,0.004,0.003,-36.9793,3.495,4.614,10.719*54
$GNGST,084459.20,0.010,0.004,0.003,-32.4452,3.495,4.614,10.719*50
$GNGST,084459.30,0.010,0.004,0.003,-36.3030,3.495,4.614,10.719*52
$GNGST,084459.40,0.010,0.004,0.003,-36.4519,3.495,4.614,10.719*5C
$GNGST,084459.50,0.009,0.004,0.003,-32.3953,3.495,4.614,10.719*54
$GNGST,084459.60,0.009,0.004,0.003,-32.3955,3.495,4.614,10.719*51
$GNGST,084459.70,0.009,0.004,0.003,-32.3957,3.495,4.614,10.719*52
$GNGST,084459.80,0.009,0.004,0.003,-32.3960,3.495,4.614,10.719*59
$GNGST,084459.90,0.009,0.004,0.003,-33.6105,3.495,4.614,10.719*57
$GNGST,084500.00,0.009,0.004,0.003,-32.6529,3.495,4.614,10.719*58
$GNGST,084500.10,0.009,0.004,0.003,-33.3440,3.495,4.614,10.719*53
$GNGST,084500.20,0.009,0.004,0.003,-32.3093,3.495,4.614,10.719*5B
$GNGST,084500.30,0.010,0.004,0.003,-32.8216,3.495,4.614,10.719*56
$GNGST,084500.40,0.010,0.004,0.003,-31.8589,3.495,4.614,10.719*53
$GNGST,084500.50,0.010,0.004,0.003,-32.8354,3.495,4.614,10.719*57
$GNGST,084500.60,0.010,0.004,0.003,-32.8223,3.495,4.614,10.719*55
$GNGST,084500.70,0.010,0.004,0.003,-32.8225,3.495,4.614,10.719*52
$GNGST,084500.80,0.010,0.004,0.003,-32.8228,3.495,4.614,10.719*50
$GNGST,084500.90,0.009,0.004,0.003,-32.0144,3.495,4.614,10.719*58
$GNGST,084501.00,0.010,0.004,0.003,-32.3978,3.495,4.614,10.719*5C
$GNGST,084501.10,0.009,0.004,0.003,-28.9419,3.495,4.614,10.719*5E
$GNGST,084501.20,0.009,0.004,0.003,-31.8462,3.495,4.614,10.719*58
$GNGST,084501.30,0.009,0.004,0.003,-31.8465,3.495,4.614,10.719*5E
$GNGST,084501.40,0.009,0.004,0.003,-31.4087,3.495,4.614,10.719*5D
$GNGST,084501.50,0.009,0.004,0.003,-31.4091,3.495,4.614,10.719*5B
$GNGST,084501.60,0.009,0.004,0.003,-31.4094,3.495,4.614,10.719*5D
$GNGST,084501.70,0.009,0.004,0.003,-31.0216,3.495,4.614,10.719*50
$GNGST,084501.80,0.009,0.004,0.003,-31.0219,3.495,4.614,10.719*50
$GNGST,084501.90,0.009,0.004,0.003,-31.0221,3.495,4.614,10.719*5A
$GNGST,084502.00,0.009,0.004,0.003,-30.8346,3.495,4.614,10.719*59
$GNGST,084502.10,0.009,0.004,0.003,-31.0227,3.495,4.614,10.719*57
$GNGST,084502.20,0.010,0.004,0.003,-26.4698,3.495,4.614,10.719*5E
$GNGST,084502.30,0.009,0.004,0.003,-31.0233,3.495,4.614,10.719*50
$GNGST,084502.40,0.009,0.004,0.003,-31.3068,3.495,4.614,10.719*58
$GNGST,084502.50,0.009,0.004,0.003,-31.3071,3.495,4.614,10.719*51
$GNGST,084502.60,0.009,0.004,0.003,-31.3074,3.495,4.614,10.719*57
$GNGST,084502.70,0.011,0.004,0.004,-33.7188,3.495,4.614,10.719*5C
$GNGST,084502.80,0.009,0.004,0.003,-30.8030,3.495,4.614,10.719*53
$GNGST,084502.90,0.010,0.004,0.004,-38.7486,3.495,4.614,10.719*53
$GNGST,084503.00,0.010,0.004,0.004,-51.8110,3.495,4.614,10.719*51
$GNGST,084503.10,0.009,0.004,0.003,-30.9385,3.495,4.614,10.719*57
$GNGST,084503.20,0.011,0.004,0.004,-15.9825,3.495,4.614,10.719*5C
$GNGST,084503.30,0.010,0.004,0.004,-41.4515,3.495,4.614,10.719*5E
$GNGST,084503.40,0.011,0.004,0.004,-11.2000,3.495,4.614,10.719*5A
$GNGST,084503.50,0.010,0.005,0.004,-34.1325,3.495,4.614,10.719*5B
$GNGST,084503.60,0.011,0.005,0.004,-41.6447,3.495,4.614,10.719*5F
$GNGST,084503.70,0.010,0.004,0.004,-42.7266,3.495,4.614,10.719*59
$GNGST,084503.80,0.012,0.004,0.004,-71.4017,3.495,4.614,10.719*53
$GNGST,084503.90,0.009,0.004,0.003,-33.4439,3.495,4.614,10.719*51
$GNGST,084504.00,0.010,0.004,0.004,-27.0391,3.495,4.614,10.719*54
$GNGST,084504.10,0.011,0.005,0.004,-57.4126,3.495,4.614,10.719*58
$GNGST,084504.20,0.009,0.004,0.003,-32.5646,3.495,4.614,10.719*57
$GNGST,084504.30,0.009,0.004,0.003,-32.2803,3.495,4.614,10.719*5E
$GNGST,084504.40,0.009,0.004,0.003,-32.5511,3.495,4.614,10.719*50
$GNGST,084504.50,0.009,0.004,0.003,-32.5514,3.495,4.614,10.719*54
$GNGST,084504.60,0.009,0.004,0.003,-32.5516,3.495,4.614,10.719*55
$GNGST,084504.70,0.009,0.004,0.003,-32.5518,3.495,4.614,10.719*5A
$GNGST,084504.80,0.009,0.004,0.003,-32.5520,3.495,4.614,10.719*5E
$GNGST,084504.90,0.010,0.004,0.004,-55.6518,3.495,4.614,10.719*59
$GNGST,084505.00,0.009,0.004,0.003,-31.8215,3.495,4.614,10.719*58
$GNGST,084505.10,0.009,0.004,0.003,-31.8218,3.495,4.614,10.719*54
$GNGST,084505.20,0.009,0.004,0.003,-32.4134,3.495,4.614,10.719*55
$GNGST,084505.30,0.009,0.004,0.003,-32.5325,3.495,4.614,10.719*57
$GNGST,084505.40,0.010,0.004,0.004,-30.9642,3.495,4.614,10.719*55
$GNGST,084505.50,0.013,0.006,0.004,51.5683,3.495,4.614,10.719*7E
$GNGST,084505.60,0.011,0.005,0.004,11.9891,3.495,4.614,10.719*79
$GNGST,084505.70,0.009,0.004,0.003,-32.6997,3.495,4.614,10.719*53
$GNGST,084505.80,0.009,0.004,0.003,-30.4771,3.495,4.614,10.719*5A
$GNGST,084505.90,0.010,0.004,0.004,-26.8935,3.495,4.614,10.719*51
$GNGST,084506.00,0.009,0.004,0.003,-30.5596,3.495,4.614,10.719*5B
$GNGST,084506.10,0.009,0.004,0.003,-30.5598,3.495,4.614,10.719*54
$GNGST,084506.20,0.009,0.004,0.003,-30.4690,3.495,4.614,10.719*5D
$GNGST,084506.30,0.010,0.004,0.003,-29.3417,3.495,4.614,10.719*56
$GNGST,084506.40,0.009,0.004,0.003,-30.4694,3.495,4.614,10.719*5F
$GNGST,084506.50,0.009,0.004,0.003,-30.5607,3.495,4.614,10.719*55
$GNGST,084506.60,0.010,0.004,0.004,-32.0477,3.495,4.614,10.719*5B
$GNGST,084506.70,0.009,0.004,0.003,-31.4665,3.495,4.614,10.719*53
$GNGST,084506.80,0.009,0.004,0.003,-31.4667,3.495,4.614,10.719*5E
$GNGST,084506.90,0.010,0.004,0.004,-32.9882,3.495,4.614,10.719*5B
$GNGST,084507.00,0.009,0.004,0.003,-31.4670,3.495,4.614,10.719*51
$GNGST,084507.10,0.009,0.004,0.003,-31.4672,3.495,4.614,10.719*52
$GNGST,084507.20,0.009,0.004,0.003,-31.6443,3.495,4.614,10.719*53
$GNGST,084507.30,0.009,0.004,0.003,-31.7443,3.495,4.614,10.719*53
$GNGST,084507.40,0.010,0.004,0.004,-39.4871,3.495,4.614,10.719*5D
$GNGST,084507.50,0.010,0.004,0.003,-31.2372,3.495,4.614,10.719*5D
$GNGST,084507.60,0.009,0.004,0.003,-31.7448,3.495,4.614,10.719*5D
$GNGST,084507.70,0.009,0.004,0.003,-31.7449,3.495,4.614,10.719*5D
$GNGST,084507.80,0.009,0.004,0.003,-31.5007,3.495,4.614,10.719*5E
$GNGST,084507.90,0.009,0.004,0.003,-31.5009,3.495,4.614,10.719*51
$GNGST,084508.00,0.009,0.004,0.003,-31.7954,3.495,4.614,10.719*54
$GNGST,084508.10,0.010,0.004,0.004,-7.3388,3.495,4.614,10.719*60
$GNGST,084508.20,0.010,0.004,0.004,-45.3507,3.495,4.614,10.719*54
$GNGST,084508.30,0.011,0.004,0.004,-34.0047,3.495,4.614,10.719*50
$GNGST,084508.40,0.010,0.004,0.003,-35.2800,3.495,4.614,10.719*59
$GNGST,084508.50,0.009,0.004,0.003,-31.7963,3.495,4.614,10.719*55
$GNGST,084508.60,0.009,0.004,0.003,-31.8834,3.495,4.614,10.719*5A
$GNGST,084508.70,0.010,0.004,0.004,-28.7863,3.495,4.614,10.719*51
$GNGST,084508.80,0.010,0.004,0.004,-29.3084,3.495,4.614,10.719*5A
$GNGST,084508.90,0.010,0.004,0.004,-16.7737,3.495,4.614,10.719*5C
$GNGST,084509.00,0.011,0.004,0.004,-29.0436,3.495,4.614,10.719*5C
$GNGST,084509.10,0.010,0.004,0.003,-32.5918,3.495,4.614,10.719*55
$GNGST,084509.20,0.010,0.004,0.003,-30.4531,3.495,4.614,10.719*52
$GNGST,084509.30,0.010,0.004,0.004,-33.1165,3.495,4.614,10.719*57
$GNGST,084509.40,0.009,0.004,0.003,-31.3102,3.495,4.614,10.719*5E
$GNGST,084509.50,0.009,0.004,0.003,-31.3104,3.495,4.614,10.719*59
$GNGST,084509.60,0.009,0.004,0.003,-31.6152,3.495,4.614,10.719*5C
$GNGST,084509.70,0.009,0.004,0.003,-31.6154,3.495,4.614,10.719*5B
$GNGST,084509.80,0.009,0.004,0.003,-31.0994,3.495,4.614,10.719*56
$GNGST,084509.90,0.010,0.004,0.004,-27.9472,3.495,4.614,10.719*53
$GNGST,084510.00,0.010,0.004,0.004,-32.9489,3.495,4.614,10.719*52
$GNGST,084510.10,0.010,0.004,0.004,-36.1647,3.495,4.614,10.719*5F
$GNGST,084510.20,0.010,0.004,0.003,-30.2869,3.495,4.614,10.719*5C
$GNGST,084510.30,0.009,0.004,0.003,-31.5023,3.495,4.614,10.719*55
$GNGST,084510.40,0.010,0.004,0.003,-30.7806,3.495,4.614,10.719*56
$GNGST,084510.50,0.009,0.004,0.003,-31.4317,3.495,4.614,10.719*56
$GNGST,084510.60,0.009,0.004,0.003,-31.2043,3.495,4.614,10.719*51
$GNGST,084510.70,0.009,0.004,0.003,-30.6621,3.495,4.614,10.719*57
$GNGST,084510.80,0.010,0.004,0.004,-34.5821,3.495,4.614,10.719*5E
$GNGST,084510.90,0.010,0.004,0.003,-40.0090,3.495,4.614,10.719*5C
$GNGST,084511.00,0.009,0.004,0.003,-30.6504,3.495,4.614,10.719*55
$GNGST,084511.10,0.010,0.004,0.003,-30.7870,3.495,4.614,10.719*53
$GNGST,084511.20,0.010,0.004,0.004,-44.0436,3.495,4.614,10.719*5D
$GNGST,084511.30,0.009,0.004,0.003,-31.3368,3.495,4.614,10.719*5E
$GNGST,084511.40,0.009,0.004,0.003,-31.3370,3.495,4.614,10.719*50
$GNGST,084511.50,0.010,0.004,0.003,-39.4538,3.495,4.614,10.719*5C
$GNGST,084511.60,0.010,0.004,0.003,-40.5361,3.495,4.614,10.719*5A
$GNGST,084511.70,0.010,0.004,0.004,-36.0251,3.495,4.614,10.719*5A
$GNGST,084511.80,0.010,0.004,0.003,-37.3361,3.495,4.614,10.719*52
$GNGST,084511.90,0.010,0.004,0.003,-30.7892,3.495,4.614,10.719*57
$GNGST,084512.00,0.010,0.004,0.003,-30.7894,3.495,4.614,10.719*5B
$GNGST,084512.10,0.010,0.004,0.004,-23.4633,3.495,4.614,10.719*5F
$GNGST,084512.20,0.010,0.004,0.003,-31.7060,3.495,4.614,10.719*5B
$GNGST,084512.30,0.010,0.004,0.003,-30.7902,3.495,4.614,10.719*56
$GNGST,084512.40,0.010,0.004,0.003,-30.7905,3.495,4.614,10.719*56
$GNGST,084512.50,0.009,0.004,0.003,-30.7858,3.495,4.614,10.719*56
$GNGST,084512.60,0.009,0.004,0.003,-30.8007,3.495,4.614,10.719*58
$GNGST,084512.70,0.010,0.004,0.003,-31.7125,3.495,4.614,10.719*5E
$GNGST,084512.80,0.009,0.004,0.003,-30.8012,3.495,4.614,10.719*52
$GNGST,084512.90,0.009,0.004,0.003,-30.8906,3.495,4.614,10.719*5F
$GNGST,084513.00,0.009,0.004,0.003,-30.8909,3.495,4.614,10.719*58
$GNGST,084513.10,0.009,0.004,0.003,-30.8911,3.495,4.614,10.719*50
$GNGST,084513.20,0.009,0.004,0.003,-30.8913,3.495,4.614,10.719*51
$GNGST,084513.30,0.009,0.004,0.003,-30.8916,3.495,4.614,10.719*55
$GNGST,084513.40,0.009,0.004,0.003,-30.8918,3.495,4.614,10.719*5C
$GNGST,084513.50,0.009,0.004,0.003,-30.8921,3.495,4.614,10.719*57
$GNGST,084513.60,0.009,0.004,0.003,-30.8923,3.495,4.614,10.719*56
$GNGST,084513.70,0.011,0.005,0.004,-47.7039,3.495,4.614,10.719*55
$GNGST,084513.80,0.010,0.004,0.004,-30.3838,3.495,4.614,10.719*57
$GNGST,084513.90,0.011,0.005,0.004,-30.0586,3.495,4.614,10.719*5D
$GNGST,084514.00,0.012,0.005,0.004,-37.1468,3.495,4.614,10.719*57
$GNGST,084514.10,0.011,0.005,0.004,-66.5829,3.495,4.614,10.719*5C
$GNGST,084514.20,0.011,0.005,0.004,-42.5319,3.495,4.614,10.719*51
$GNGST,084514.30,0.010,0.004,0.003,-40.6077,3.495,4.614,10.719*5D
$GNGST,084514.40,0.010,0.004,0.004,-35.9943,3.495,4.614,10.719*5E
$GNGST,084514.50,0.011,0.004,0.004,-27.5883,3.495,4.614,10.719*5C
$GNGST,084514.60,0.011,0.004,0.004,-20.9767,3.495,4.614,10.719*51
$GNGST,084514.70,0.010,0.004,0.004,-23.6331,3.495,4.614,10.719*5A
$GNGST,084514.80,0.011,0.004,0.004,-15.7880,3.495,4.614,10.719*51
$GNGST,084514.90,0.011,0.004,0.004,-20.6299,3.495,4.614,10.719*55
$GNGST,084515.00,0.010,0.004,0.004,-32.9173,3.495,4.614,10.719*57
$GNGST,084515.10,0.011,0.004,0.004,-34.9386,3.495,4.614,10.719*59
$GNGST,084515.20,0.011,0.004,0.004,-18.1181,3.495,4.614,10.719*59
$GNGST,084515.30,0.010,0.004,0.004,-13.2676,3.495,4.614,10.719*5E
$GNGST,084515.40,0.011,0.004,0.004,-14.5069,3.495,4.614,10.719*50
$GNGST,084515.50,0.010,0.004,0.004,-34.4033,3.495,4.614,10.719*5C
$GNGST,084515.60,0.011,0.004,0.004,-41.4295,3.495,4.614,10.719*52
$GNGST,084515.70,0.011,0.004,0.004,-36.9221,3.495,4.614,10.719*51
$GNGST,084515.80,0.011,0.005,0.004,-39.5924,3.495,4.614,10.719*52
$GNGST,084515.90,0.012,0.004,0.004,-16.9638,3.495,4.614,10.719*52
$GNGST,084516.00,0.011,0.004,0.004,-35.3787,3.495,4.614,10.719*55
$GNGST,084516.10,0.012,0.005,0.004,-43.5949,3.495,4.614,10.719*5D
$GNGST,084516.20,0.010,0.004,0.004,-19.4043,3.495,4.614,10.719*50
$GNGST,084516.30,0.010,0.004,0.004,-19.4051,3.495,4.614,10.719*52
$GNGST,084516.40,0.011,0.004,0.004,-11.3375,3.495,4.614,10.719*5E
$GNGST,084516.50,0.012,0.005,0.004,-18.1777,3.495,4.614,10.719*50
$GNGST,084516.60,0.011,0.004,0.004,11.3863,3.495,4.614,10.719*7D
$GNGST,084516.70,0.010,0.004,0.004,-18.1905,3.495,4.614,10.719*5A
$GNGST,084516.80,0.012,0.005,0.004,-33.0611,3.495,4.614,10.719*54
$GNGST,084516.90,0.010,0.004,0.004,-34.9530,3.495,4.614,10.719*58
$GNGST,084517.00,0.011,0.004,0.004,-34.8651,3.495,4.614,10.719*54
$GNGST,084517.10,0.013,0.005,0.005,-37.9010,3.495,4.614,10.719*56
$GNGST,084517.20,0.011,0.004,0.004,-26.5758,3.495,4.614,10.719*50
$GNGST,084517.30,0.010,0.004,0.004,-48.1889,3.495,4.614,10.719*5F
$GNGST,084517.40,0.012,0.005,0.004,-27.0651,3.495,4.614,10.719*58
$GNGST,084517.50,0.010,0.004,0.004,-40.1000,3.495,4.614,10.719*58
$GNGST,084517.60,0.010,0.004,0.004,-38.0853,3.495,4.614,10.719*5B
$GNGST,084517.70,0.011,0.004,0.004,-21.9054,3.495,4.614,10.719*55
$GNGST,084517.80,0.010,0.004,0.004,-57.9262,3.495,4.614,10.719*5D
$GNGST,084517.90,0.011,0.004,0.004,-7.0518,3.495,4.614,10.719*6B
$GNGST,084518.00,0.010,0.004,0.004,-23.3117,3.495,4.614,10.719*52
$GNGST,084518.10,0.012,0.004,0.004,-19.0977,3.495,4.614,10.719*55
$GNGST,084518.20,0.010,0.004,0.004,-38.2717,3.495,4.614,10.719*5D
$GNGST,084518.30,0.010,0.004,0.004,-39.6707,3.495,4.614,10.719*58
$GNGST,084518.40,0.010,0.004,0.004,-29.3566,3.495,4.614,10.719*5E
$GNGST,084518.50,0.011,0.004,0.004,23.0196,3.495,4.614,10.719*71
$GNGST,084518.60,0.010,0.004,0.004,-33.8097,3.495,4.614,10.719*57
$GNGST,084518.70,0.010,0.004,0.004,-14.9438,3.495,4.614,10.719*53
$GNGST,084518.80,0.010,0.004,0.004,-37.4913,3.495,4.614,10.719*54
$GNGST,084518.90,0.012,0.005,0.004,-33.5090,3.495,4.614,10.719*51
$GNGST,084519.00,0.011,0.004,0.004,-38.2017,3.495,4.614,10.719*58
$GNGST,084519.10,0.010,0.004,0.004,-37.5097,3.495,4.614,10.719*58
$GNGST,084519.20,0.012,0.004,0.004,-6.6372,3.495,4.614,10.719*60
$GNGST,084519.30,0.011,0.005,0.004,4.1722,3.495,4.614,10.719*4A
$GNGST,084519.40,0.012,0.005,0.004,39.1265,3.495,4.614,10.719*76
$GNGST,084519.50,0.010,0.004,0.004,-20.9406,3.495,4.614,10.719*5A
$GNGST,084519.60,0.010,0.004,0.004,-50.4606,3.495,4.614,10.719*51
$GNGST,084519.70,0.011,0.005,0.004,-44.6858,3.495,4.614,10.719*52
$GNGST,084519.80,0.010,0.004,0.003,-32.6304,3.495,4.614,10.719*59
$GNGST,084519.90,0.010,0.004,0.003,-32.7451,3.495,4.614,10.719*5E
$GNGST,084520.00,0.010,0.004,0.004,-40.8857,3.495,4.614,10.719*5A
$GNGST,084520.10,0.012,0.005,0.004,44.2351,3.495,4.614,10.719*76
$GNGST,084520.20,0.010,0.004,0.004,-2.2974,3.495,4.614,10.719*64
$GNGST,084520.30,0.010,0.004,0.003,-33.9048,3.495,4.614,10.719*5D
$GNGST,084520.40,0.010,0.004,0.004,-32.0823,3.495,4.614,10.719*50
$GNGST,084520.50,0.010,0.004,0.003,-32.7467,3.495,4.614,10.719*5D
$GNGST,084520.60,0.010,0.004,0.004,-38.9135,3.495,4.614,10.719*5F
$GNGST,084520.70,0.010,0.004,0.004,-29.0622,3.495,4.614,10.719*56
$GNGST,084520.80,0.010,0.004,0.004,-30.9683,3.495,4.614,10.719*53
$GNGST,084520.90,0.011,0.004,0.004,-48.6105,3.495,4.614,10.719*5A
$GNGST,084521.00,0.011,0.005,0.004,-43.3842,3.495,4.614,10.719*57
$GNGST,084521.10,0.011,0.005,0.004,-49.1948,3.495,4.614,10.719*55
$GNGST,084521.20,0.011,0.004,0.004,-34.2257,3.495,4.614,10.719*5B
$GNGST,084521.30,0.011,0.005,0.004,-42.4492,3.495,4.614,10.719*53
$GNGST,084521.40,0.010,0.004,0.004,-38.8593,3.495,4.614,10.719*55
$GNGST,084521.50,0.010,0.004,0.004,-45.5276,3.495,4.614,10.719*5F
$GNGST,084521.60,0.011,0.005,0.004,-41.9415,3.495,4.614,10.719*57
$GNGST,084521.70,0.011,0.004,0.004,-33.0112,3.495,4.614,10.719*59
$GNGST,084521.80,0.010,0.004,0.003,-33.8100,3.495,4.614,10.719*5B
$GNGST,084521.90,0.010,0.004,0.004,-37.6622,3.495,4.614,10.719*50
$GNGST,084522.00,0.012,0.005,0.004,-15.0821,3.495,4.614,10.719*52
$GNGST,084522.10,0.011,0.004,0.004,-35.0763,3.495,4.614,10.719*5A
$GNGST,084522.20,0.010,0.004,0.004,-35.8255,3.495,4.614,10.719*50
$GNGST,084522.30,0.010,0.004,0.004,-31.4900,3.495,4.614,10.719*52
$GNGST,084522.40,0.011,0.004,0.004,-37.7712,3.495,4.614,10.719*5C
$GNGST,084522.50,0.010,0.004,0.003,-38.1209,3.495,4.614,10.719*5D
$GNGST,084522.60,0.010,0.004,0.004,-53.3449,3.495,4.614,10.719*54
$GNGST,084522.70,0.011,0.004,0.004,-43.2645,3.495,4.614,10.719*5A
$GNGST,084522.80,0.010,0.004,0.004,-47.1293,3.495,4.614,10.719*5C
$GNGST,084522.90,0.010,0.004,0.004,-48.9683,3.495,4.614,10.719*5F
$GNGST,084523.00,0.010,0.004,0.004,-46.3105,3.495,4.614,10.719*5A
$GNGST,084523.10,0.011,0.005,0.004,-70.4501,3.495,4.614,10.719*59
$GNGST,084523.20,0.011,0.005,0.004,-51.8452,3.495,4.614,10.719*52
$GNGST,084523.30,0.011,0.004,0.004,-34.3070,3.495,4.614,10.719*5E
$GNGST,084523.40,0.010,0.004,0.004,-55.8045,3.495,4.614,10.719*52
$GNGST,084523.50,0.010,0.004,0.004,-44.5193,3.495,4.614,10.719*54
$GNGST,084523.60,0.010,0.004,0.004,-43.8421,3.495,4.614,10.719*51
$GNGST,084523.70,0.010,0.004,0.004,-47.5076,3.495,4.614,10.719*5F
$GNGST,084523.80,0.011,0.004,0.004,-45.2308,3.495,4.614,10.719*5E
$GNGST,084523.90,0.012,0.005,0.004,65.4961,3.495,4.614,10.719*71
$GNGST,084524.00,0.012,0.005,0.004,-61.8599,3.495,4.614,10.719*51
$GNGST,084524.10,0.011,0.004,0.004,-47.4582,3.495,4.614,10.719*50
$GNGST,084524.20,0.011,0.005,0.004,-53.9576,3.495,4.614,10.719*51
$GNGST,084524.30,0.010,0.004,0.004,-57.0717,3.495,4.614,10.719*58
$GNGST,084524.40,0.012,0.005,0.004,-43.1786,3.495,4.614,10.719*50
$GNGST,084524.50,0.011,0.004,0.004,-24.4099,3.495,4.614,10.719*5E
$GNGST,084524.60,0.011,0.004,0.004,-52.9920,3.495,4.614,10.719*5A
$GNGST,084524.70,0.010,0.004,0.004,-53.9131,3.495,4.614,10.719*53
$GNGST,084524.80,0.010,0.004,0.003,-37.9686,3.495,4.614,10.719*52
$GNGST,084524.90,0.010,0.004,0.004,-26.9102,3.495,4.614,10.719*5F
$GNGST,084525.00,0.010,0.004,0.004,-41.0066,3.495,4.614,10.719*5C
$GNGST,084525.10,0.011,0.004,0.004,-40.5662,3.495,4.614,10.719*5A
$GNGST,084525.20,0.011,0.005,0.004,-42.7331,3.495,4.614,10.719*5B
$GNGST,084525.30,0.010,0.004,0.004,-42.8780,3.495,4.614,10.719*5B
$GNGST,084525.40,0.010,0.004,0.004,-37.8132,3.495,4.614,10.719*51
$GNGST,084525.50,0.010,0.004,0.004,-42.3451,3.495,4.614,10.719*59
$GNGST,084525.60,0.010,0.004,0.004,-50.7603,3.495,4.614,10.719*58
$GNGST,084525.70,0.010,0.004,0.004,-43.3232,3.495,4.614,10.719*59
$GNGST,084525.80,0.010,0.004,0.004,-37.6581,3.495,4.614,10.719*5F
$GNGST,084525.90,0.010,0.004,0.004,-50.7756,3.495,4.614,10.719*56
$GNGST,084526.00,0.011,0.004,0.004,-47.7942,3.495,4.614,10.719*50
$GNGST,084526.10,0.010,0.004,0.004,-55.1719,3.495,4.614,10.719*55
$GNGST,084526.20,0.011,0.005,0.004,-55.4821,3.495,4.614,10.719*57
$GNGST,084526.30,0.010,0.004,0.004,-54.2210,3.495,4.614,10.719*59
$GNGST,084526.40,0.010,0.004,0.004,-48.0156,3.495,4.614,10.719*50
$GNGST,084526.50,0.010,0.005,0.004,-55.4747,3.495,4.614,10.719*5E
$GNGST,084526.60,0.011,0.005,0.004,-49.9188,3.495,4.614,10.719*59
$GNGST,084526.70,0.010,0.004,0.004,-57.3569,3.495,4.614,10.719*56
$GNGST,084526.80,0.011,0.004,0.004,-54.0539,3.495,4.614,10.719*5D
$GNGST,084526.90,0.011,0.005,0.004,-64.2240,3.495,4.614,10.719*55
$GNGST,084527.00,0.011,0.004,0.004,-63.2280,3.495,4.614,10.719*57
$GNGST,084527.10,0.011,0.005,0.004,-56.1758,3.495,4.614,10.719*52
$GNGST,084527.20,0.010,0.004,0.003,-52.4877,3.495,4.614,10.719*55
$GNGST,084527.30,0.011,0.005,0.004,-57.3079,3.495,4.614,10.719*57
$GNGST,084527.40,0.010,0.004,0.004,-59.5039,3.495,4.614,10.719*5C
$GNGST,084527.50,0.011,0.005,0.004,-64.4213,3.495,4.614,10.719*58
$GNGST,084527.60,0.011,0.005,0.004,-58.9578,3.495,4.614,10.719*53
$GNGST,084527.70,0.010,0.004,0.003,-57.6400,3.495,4.614,10.719*5B
$GNGST,084527.80,0.011,0.005,0.004,-52.5726,3.495,4.614,10.719*52
$GNGST,084527.90,0.010,0.005,0.003,-52.0526,3.495,4.614,10.719*52
$GNGST,084528.00,0.010,0.004,0.003,-47.9352,3.495,4.614,10.719*5D
$GNGST,084528.10,0.010,0.005,0.004,-54.1763,3.495,4.614,10.719*56
$GNGST,084528.20,0.012,0.007,0.004,-48.7509,3.495,4.614,10.719*50
$GNGST,084528.30,0.012,0.007,0.004,-46.8207,3.495,4.614,10.719*59
$GNGST,084528.40,0.010,0.005,0.003,-52.5857,3.495,4.614,10.719*5E
$GNGST,084528.50,0.011,0.005,0.004,-52.2997,3.495,4.614,10.719*53
$GNGST,084528.60,0.010,0.005,0.003,-52.2882,3.495,4.614,10.719*53
$GNGST,084528.70,0.011,0.005,0.003,-50.0529,3.495,4.614,10.719*5F
$GNGST,084528.80,0.010,0.004,0.004,-44.9382,3.495,4.614,10.719*5C
$GNGST,084528.90,0.012,0.005,0.004,-50.9501,3.495,4.614,10.719*56
$GNGST,084529.00,0.011,0.005,0.004,-50.4337,3.495,4.614,10.719*53
$GNGST,084529.10,0.011,0.005,0.004,-55.8794,3.495,4.614,10.719*56
$GNGST,084529.20,0.012,0.007,0.004,-58.4698,3.495,4.614,10.719*58
$GNGST,084529.30,0.012,0.005,0.004,-49.1540,3.495,4.614,10.719*58
$GNGST,084529.40,0.012,0.005,0.004,-43.0624,3.495,4.614,10.719*55
$GNGST,084529.50,0.012,0.005,0.004,-40.7355,3.495,4.614,10.719*53
$GNGST,084529.60,0.013,0.007,0.004,-36.2224,3.495,4.614,10.719*50
$GNGST,084529.70,0.011,0.005,0.004,-43.5706,3.495,4.614,10.719*51
$GNGST,084529.80,0.010,0.005,0.004,-53.7246,3.495,4.614,10.719*5D
$GNGST,084529.90,0.010,0.004,0.003,-47.6906,3.495,4.614,10.719*51
$GNGST,084530.00,0.010,0.005,0.004,-56.0116,3.495,4.614,10.719*59
$GNGST,084530.10,0.011,0.005,0.004,-59.5249,3.495,4.614,10.719*5A
$GNGST,084530.20,0.010,0.005,0.004,-50.4729,3.495,4.614,10.719*53
$GNGST,084530.30,0.010,0.005,0.004,-53.5421,3.495,4.614,10.719*5B
$GNGST,084530.40,0.011,0.005,0.004,-48.2678,3.495,4.614,10.719*5E
$GNGST,084530.50,0.010,0.005,0.004,-50.1959,3.495,4.614,10.719*58
$GNGST,084530.60,0.010,0.004,0.004,-43.1945,3.495,4.614,10.719*55
$GNGST,084530.70,0.010,0.004,0.003,-46.9479,3.495,4.614,10.719*5C
$GNGST,084530.80,0.010,0.004,0.004,-44.9047,3.495,4.614,10.719*5F
$GNGST,084530.90,0.011,0.005,0.004,-45.0849,3.495,4.614,10.719*50
$GNGST,084531.00,0.012,0.006,0.004,-45.9836,3.495,4.614,10.719*59
$GNGST,084531.10,0.011,0.005,0.004,-45.6312,3.495,4.614,10.719*5A
$GNGST,084531.20,0.012,0.005,0.004,-23.0993,3.495,4.614,10.719*5F
$GNGST,084531.30,0.010,0.004,0.004,-45.8047,3.495,4.614,10.719*55
$GNGST,084531.40,0.010,0.004,0.004,-48.1792,3.495,4.614,10.719*59
$GNGST,084531.50,0.010,0.004,0.004,-44.9136,3.495,4.614,10.719*54
$GNGST,084531.60,0.011,0.004,0.004,-43.2193,3.495,4.614,10.719*55
$GNGST,084531.70,0.011,0.005,0.003,-45.2711,3.495,4.614,10.719*58
$GNGST,084531.80,0.011,0.005,0.004,-50.7295,3.495,4.614,10.719*58
$GNGST,084531.90,0.010,0.004,0.004,-45.8096,3.495,4.614,10.719*53
$GNGST,084532.00,0.011,0.005,0.004,-39.1609,3.495,4.614,10.719*5B
$GNGST,084532.10,0.012,0.005,0.004,-37.7611,3.495,4.614,10.719*58
$GNGST,084532.20,0.011,0.005,0.004,-36.4853,3.495,4.614,10.719*52
$GNGST,084532.30,0.015,0.006,0.004,-47.9002,3.495,4.614,10.719*53
$GNGST,084532.40,0.011,0.004,0.004,-44.4103,3.495,4.614,10.719*5C
$GNGST,084532.50,0.010,0.004,0.003,-44.4841,3.495,4.614,10.719*54
$GNGST,084532.60,0.010,0.004,0.004,-36.0934,3.495,4.614,10.719*52
$GNGST,084532.70,0.010,0.004,0.004,-40.6926,3.495,4.614,10.719*57
$GNGST,084532.80,0.011,0.005,0.004,-40.7725,3.495,4.614,10.719*54
$GNGST,084532.90,0.011,0.004,0.004,-36.9730,3.495,4.614,10.719*5F
$GNGST,084533.00,0.010,0.004,0.004,-37.0324,3.495,4.614,10.719*5F
$GNGST,084533.10,0.011,0.005,0.004,-24.3635,3.495,4.614,10.719*5A
$GNGST,084533.20,0.011,0.004,0.004,-49.4511,3.495,4.614,10.719*51
$GNGST,084533.30,0.011,0.004,0.004,-45.0586,3.495,4.614,10.719*56
$GNGST,084533.40,0.010,0.004,0.004,-40.3005,3.495,4.614,10.719*58
$GNGST,084533.50,0.010,0.004,0.004,-35.4758,3.495,4.614,10.719*53
$GNGST,084533.60,0.011,0.004,0.004,-36.4460,3.495,4.614,10.719*5A
$GNGST,084533.70,0.011,0.004,0.004,-32.4717,3.495,4.614,10.719*5C
$GNGST,084533.80,0.011,0.005,0.004,-27.5169,3.495,4.614,10.719*58
$GNGST,084533.90,0.010,0.004,0.004,1.1138,3.495,4.614,10.719*40
$GNGST,084534.00,0.010,0.004,0.004,-42.3705,3.495,4.614,10.719*5E
$GNGST,084534.10,0.010,0.004,0.003,-44.8071,3.495,4.614,10.719*51
$GNGST,084534.20,0.010,0.004,0.003,-44.8071,3.495,4.614,10.719*52
$GNGST,084534.30,0.011,0.005,0.004,-56.2951,3.495,4.614,10.719*56
$GNGST,084534.40,0.010,0.004,0.004,-36.3582,3.495,4.614,10.719*54
$GNGST,084534.50,0.011,0.004,0.004,-37.8983,3.495,4.614,10.719*53
$GNGST,084534.60,0.010,0.004,0.004,-42.9236,3.495,4.614,10.719*57
$GNGST,084534.70,0.010,0.004,0.004,-36.5723,3.495,4.614,10.719*58
$GNGST,084534.80,0.010,0.004,0.004,-35.6752,3.495,4.614,10.719*51
$GNGST,084534.90,0.010,0.004,0.004,-39.7173,3.495,4.614,10.719*58
$GNGST,084535.00,0.011,0.005,0.004,-31.0782,3.495,4.614,10.719*57
$GNGST,084535.10,0.012,0.005,0.004,-37.2619,3.495,4.614,10.719*52
$GNGST,084535.20,0.013,0.005,0.004,-13.0925,3.495,4.614,10.719*54
$GNGST,084535.30,0.011,0.004,0.004,-34.6566,3.495,4.614,10.719*5E
$GNGST,084535.40,0.011,0.004,0.004,-22.3700,3.495,4.614,10.719*59
$GNGST,084535.50,0.012,0.005,0.004,-15.4738,3.495,4.614,10.719*52
$GNGST,084535.60,0.011,0.005,0.004,-27.2353,3.495,4.614,10.719*5C
$GNGST,084535.70,0.011,0.004,0.004,-27.1922,3.495,4.614,10.719*53
$GNGST,084535.80,0.010,0.004,0.004,-69.0461,3.495,4.614,10.719*5C
$GNGST,084535.90,0.010,0.004,0.004,-12.7986,3.495,4.614,10.719*52
$GNGST,084536.00,0.011,0.004,0.004,-44.1395,3.495,4.614,10.719*54
$GNGST,084536.10,0.010,0.004,0.004,-27.6912,3.495,4.614,10.719*53
$GNGST,084536.20,0.010,0.004,0.003,-39.3979,3.495,4.614,10.719*50
$GNGST,084536.30,0.010,0.004,0.004,-49.5344,3.495,4.614,10.719*53
$GNGST,084536.40,0.010,0.004,0.004,-33.8436,3.495,4.614,10.719*56
$GNGST,084536.50,0.010,0.004,0.004,-40.8450,3.495,4.614,10.719*53
$GNGST,084536.60,0.011,0.004,0.004,-29.9403,3.495,4.614,10.719*59
$GNGST,084536.70,0.011,0.004,0.004,-28.7601,3.495,4.614,10.719*57
$GNGST,084536.80,0.010,0.004,0.004,-21.3940,3.495,4.614,10.719*5E
$GNGST,084536.90,0.011,0.005,0.004,-17.3949,3.495,4.614,10.719*53
$GNGST,084537.00,0.010,0.004,0.004,-8.3155,3.495,4.614,10.719*60
$GNGST,084537.10,0.009,0.004,0.003,-39.3981,3.495,4.614,10.719*5D
$GNGST,084537.20,0.010,0.004,0.004,-31.5109,3.495,4.614,10.719*57
$GNGST,084537.30,0.011,0.004,0.004,-33.5480,3.495,4.614,10.719*51
$GNGST,084537.40,0.010,0.004,0.004,-27.0251,3.495,4.614,10.719*5D
$GNGST,084537.50,0.009,0.004,0.003,-38.1449,3.495,4.614,10.719*53
$GNGST,084537.60,0.010,0.004,0.004,-49.4347,3.495,4.614,10.719*55
$GNGST,084537.70,0.010,0.004,0.004,-45.9214,3.495,4.614,10.719*52
$GNGST,084537.80,0.011,0.004,0.004,-48.4588,3.495,4.614,10.719*5E
$GNGST,084537.90,0.010,0.004,0.004,-59.6137,3.495,4.614,10.719*5C
$GNGST,084538.00,0.010,0.004,0.004,-76.0602,3.495,4.614,10.719*50
$GNGST,084538.10,0.011,0.005,0.004,89.6561,3.495,4.614,10.719*7C
$GNGST,084538.20,0.011,0.005,0.004,-72.1160,3.495,4.614,10.719*54
$GNGST,084538.30,0.012,0.005,0.004,5.9563,3.495,4.614,10.719*44
$GNGST,084538.40,0.010,0.004,0.004,-65.8504,3.495,4.614,10.719*5B
$GNGST,084538.50,0.012,0.006,0.004,-87.4813,3.495,4.614,10.719*51
$GNGST,084538.60,0.012,0.006,0.005,-78.7299,3.495,4.614,10.719*58
$GNGST,084538.70,0.012,0.006,0.004,-84.2612,3.495,4.614,10.719*59
$GNGST,084538.80,0.012,0.005,0.004,-54.2040,3.495,4.614,10.719*59
$GNGST,084538.90,0.010,0.004,0.004,-15.0012,3.495,4.614,10.719*5B
$GNGST,084539.00,0.011,0.004,0.004,-32.5710,3.495,4.614,10.719*57
$GNGST,084539.10,0.011,0.005,0.004,-4.4148,3.495,4.614,10.719*68
$GNGST,084539.20,0.011,0.004,0.004,38.0626,3.495,4.614,10.719*73
$GNGST,084539.30,0.010,0.004,0.004,24.9205,3.495,4.614,10.719*72
$GNGST,084539.40,0.011,0.004,0.004,-25.9089,3.495,4.614,10.719*5E
$GNGST,084539.50,0.011,0.004,0.004,43.7859,3.495,4.614,10.719*79
$GNGST,084539.60,0.011,0.004,0.004,-33.6610,3.495,4.614,10.719*52
$GNGST,084539.70,0.011,0.004,0.004,-62.8184,3.495,4.614,10.719*53
$GNGST,084539.80,0.010,0.004,0.004,-39.9524,3.495,4.614,10.719*5C
$GNGST,084539.90,0.012,0.004,0.004,-35.8707,3.495,4.614,10.719*51
$GNGST,084540.00,0.011,0.005,0.004,-49.8527,3.495,4.614,10.719*5F
$GNGST,084540.10,0.011,0.004,0.004,-31.2519,3.495,4.614,10.719*57
$GNGST,084540.20,0.012,0.005,0.004,-43.9948,3.495,4.614,10.719*50
$GNGST,084540.30,0.011,0.004,0.004,-58.4929,3.495,4.614,10.719*53
$GNGST,084540.40,0.011,0.004,0.004,-39.9863,3.495,4.614,10.719*51
$GNGST,084540.50,0.011,0.004,0.004,-8.6219,3.495,4.614,10.719*6A
$GNGST,084540.60,0.012,0.005,0.004,-50.1818,3.495,4.614,10.719*5A
$GNGST,084540.70,0.012,0.005,0.004,-22.2104,3.495,4.614,10.719*59
$GNGST,084540.80,0.011,0.005,0.004,-56.5803,3.495,4.614,10.719*5F
$GNGST,084540.90,0.010,0.004,0.004,-41.1638,3.495,4.614,10.719*5A
$GNGST,084541.00,0.012,0.005,0.004,-50.2685,3.495,4.614,10.719*54
$GNGST,084541.10,0.011,0.004,0.004,-38.9006,3.495,4.614,10.719*5F
$GNGST,084541.20,0.012,0.005,0.004,-49.6586,3.495,4.614,10.719*5A
$GNGST,084541.30,0.012,0.005,0.004,-11.1712,3.495,4.614,10.719*5E
$GNGST,084541.40,0.013,0.006,0.004,-49.6399,3.495,4.614,10.719*56
$GNGST,084541.50,0.011,0.005,0.004,-32.2478,3.495,4.614,10.719*56
$GNGST,084541.60,0.011,0.004,0.004,-48.0283,3.495,4.614,10.719*59
$GNGST,084541.70,0.011,0.005,0.004,11.2988,3.495,4.614,10.719*7A
$GNGST,084541.80,0.011,0.004,0.004,-29.5658,3.495,4.614,10.719*57
$GNGST,084541.90,0.010,0.004,0.004,-49.9149,3.495,4.614,10.719*5A
$GNGST,084542.00,0.010,0.005,0.004,-57.3368,3.495,4.614,10.719*55
$GNGST,084542.10,0.011,0.005,0.004,-44.6854,3.495,4.614,10.719*56
$GNGST,084542.20,0.011,0.006,0.004,-53.4444,3.495,4.614,10.719*5F
$GNGST,084542.30,0.011,0.004,0.004,-31.6837,3.495,4.614,10.719*52
$GNGST,084542.40,0.011,0.004,0.004,-28.0096,3.495,4.614,10.719*58
$GNGST,084542.50,0.011,0.005,0.004,-46.1791,3.495,4.614,10.719*51
$GNGST,084542.60,0.010,0.005,0.004,-49.5242,3.495,4.614,10.719*53
$GNGST,084542.70,0.011,0.004,0.004,-58.4627,3.495,4.614,10.719*54
$GNGST,084542.80,0.011,0.005,0.004,-59.5053,3.495,4.614,10.719*5F
$GNGST,084542.90,0.012,0.005,0.004,-14.1974,3.495,4.614,10.719*5C
$GNGST,084543.00,0.011,0.004,0.004,-44.2130,3.495,4.614,10.719*58
$GNGST,084543.10,0.010,0.004,0.004,-42.8651,3.495,4.614,10.719*54
$GNGST,084543.20,0.011,0.004,0.004,-50.6469,3.495,4.614,10.719*52
$GNGST,084543.30,0.010,0.004,0.004,-32.4258,3.495,4.614,10.719*50
$GNGST,084543.40,0.011,0.004,0.004,-36.3524,3.495,4.614,10.719*59
$GNGST,084543.50,0.011,0.004,0.004,-44.2941,3.495,4.614,10.719*53
$GNGST,084543.60,0.011,0.004,0.004,-15.2117,3.495,4.614,10.719*5F
$GNGST,084543.70,0.010,0.004,0.004,-29.5558,3.495,4.614,10.719*58
$GNGST,084543.80,0.012,0.005,0.004,-39.2222,3.495,4.614,10.719*58
$GNGST,084543.90,0.013,0.005,0.004,-34.5730,3.495,4.614,10.719*54
$GNGST,084544.00,0.013,0.005,0.005,-6.3787,3.495,4.614,10.719*60
$GNGST,084544.10,0.012,0.004,0.004,-36.0510,3.495,4.614,10.719*5C
$GNGST,084544.20,0.012,0.005,0.004,-26.8621,3.495,4.614,10.719*56
$GNGST,084544.30,0.016,0.007,0.005,-30.3736,3.495,4.614,10.719*5B
$GNGST,084544.40,0.012,0.005,0.004,-45.6634,3.495,4.614,10.719*5F
$GNGST,084544.50,0.012,0.006,0.004,-64.1546,3.495,4.614,10.719*5F
$GNGST,084544.60,0.015,0.006,0.004,-44.7417,3.495,4.614,10.719*5A
$GNGST,084544.70,0.014,0.005,0.004,-57.1778,3.495,4.614,10.719*57
$GNGST,084544.80,0.013,0.005,0.004,-49.4026,3.495,4.614,10.719*59
$GNGST,084544.90,0.011,0.005,0.004,-50.7847,3.495,4.614,10.719*5E
$GNGST,084545.00,0.013,0.007,0.004,-70.5697,3.495,4.614,10.719*55
$GNGST,084545.10,0.011,0.004,0.004,-41.7876,3.495,4.614,10.719*54
$GNGST,084545.20,0.012,0.005,0.004,-70.4960,3.495,4.614,10.719*52
$GNGST,084545.30,0.016,0.009,0.005,-66.6300,3.495,4.614,10.719*53
$GNGST,084545.40,0.011,0.004,0.004,-3.4045,3.495,4.614,10.719*6C
$GNGST,084545.50,0.012,0.005,0.005,50.3416,3.495,4.614,10.719*70
$GNGST,084545.60,0.013,0.005,0.004,-71.6803,3.495,4.614,10.719*50
$GNGST,084545.70,0.012,0.005,0.004,-28.8635,3.495,4.614,10.719*59
$GNGST,084545.80,0.012,0.005,0.004,-38.5008,3.495,4.614,10.719*52
$GNGST,084545.90,0.011,0.004,0.004,-43.4247,3.495,4.614,10.719*55
$GNGST,084546.00,0.011,0.005,0.004,-41.3047,3.495,4.614,10.719*59
$GNGST,084546.10,0.012,0.005,0.004,-1.3121,3.495,4.614,10.719*6E
$GNGST,084546.20,0.012,0.005,0.004,-38.5337,3.495,4.614,10.719*54
$GNGST,084546.30,0.012,0.005,0.004,-53.0788,3.495,4.614,10.719*5D
$GNGST,084546.40,0.013,0.006,0.004,-41.1384,3.495,4.614,10.719*52
$GNGST,084546.50,0.012,0.005,0.004,-50.3324,3.495,4.614,10.719*59
$GNGST,084546.60,0.012,0.005,0.004,-38.9232,3.495,4.614,10.719*58
$GNGST,084546.70,0.012,0.005,0.004,-29.7563,3.495,4.614,10.719*54
$GNGST,084546.80,0.014,0.005,0.005,-37.2033,3.495,4.614,10.719*56
$GNGST,084546.90,0.013,0.006,0.004,24.9906,3.495,4.614,10.719*79
$GNGST,084547.00,0.011,0.005,0.004,-22.8698,3.495,4.614,10.719*52
$GNGST,084547.10,0.011,0.005,0.004,-29.1609,3.495,4.614,10.719*59
$GNGST,084547.20,0.012,0.006,0.004,-54.0211,3.495,4.614,10.719*5C
$GNGST,084547.30,0.013,0.007,0.005,-54.1913,3.495,4.614,10.719*54
$GNGST,084547.40,0.011,0.005,0.004,-54.5745,3.495,4.614,10.719*5B
$GNGST,084547.50,0.012,0.005,0.004,-46.1808,3.495,4.614,10.719*58
$GNGST,084547.60,0.014,0.006,0.004,-47.5994,3.495,4.614,10.719*5F
$GNGST,084547.70,0.012,0.005,0.004,-47.0685,3.495,4.614,10.719*51
$GNGST,084547.80,0.012,0.005,0.004,-11.5086,3.495,4.614,10.719*5D
$GNGST,084547.90,0.014,0.006,0.005,12.2412,3.495,4.614,10.719*78
$GNGST,084548.00,0.012,0.005,0.004,-23.1329,3.495,4.614,10.719*59
$GNGST,084548.10,0.011,0.005,0.004,-17.7785,3.495,4.614,10.719*58
$GNGST,084548.20,0.013,0.005,0.004,-0.6559,3.495,4.614,10.719*6D
$GNGST,084548.30,0.013,0.005,0.004,-28.7373,3.495,4.614,10.719*59
$GNGST,084548.40,0.012,0.005,0.004,-46.2704,3.495,4.614,10.719*56
$GNGST,084548.50,0.012,0.005,0.004,-8.7814,3.495,4.614,10.719*66
$GNGST,084548.60,0.012,0.005,0.004,-3.5965,3.495,4.614,10.719*6B
$GNGST,084548.70,0.011,0.005,0.004,-1.7798,3.495,4.614,10.719*65
$GNGST,084548.80,0.012,0.005,0.005,-32.5377,3.495,4.614,10.719*5F
$GNGST,084548.90,0.013,0.005,0.004,-41.2222,3.495,4.614,10.719*5C
$GNGST,084549.00,0.012,0.005,0.004,5.6888,3.495,4.614,10.719*46
$GNGST,084549.10,0.013,0.007,0.004,-42.4205,3.495,4.614,10.719*57
$GNGST,084549.20,0.012,0.005,0.004,-41.4198,3.495,4.614,10.719*53
$GNGST,084549.30,0.012,0.005,0.004,-34.1317,3.495,4.614,10.719*50
$GNGST,084549.40,0.013,0.005,0.005,2.0207,3.495,4.614,10.719*4E
$GNGST,084549.50,0.011,0.004,0.004,-38.0369,3.495,4.614,10.719*50
$GNGST,084549.60,0.011,0.004,0.004,-40.9531,3.495,4.614,10.719*5E
$GNGST,084549.70,0.011,0.004,0.004,-27.2740,3.495,4.614,10.719*51
$GNGST,084549.80,0.011,0.005,0.004,-40.8120,3.495,4.614,10.719*54
$GNGST,084549.90,0.011,0.005,0.004,-30.9862,3.495,4.614,10.719*5C
$GNGST,084550.00,0.011,0.005,0.004,-46.6237,3.495,4.614,10.719*59
$GNGST,084550.10,0.011,0.005,0.004,-32.6749,3.495,4.614,10.719*57
$GNGST,084550.20,0.010,0.004,0.004,-27.8967,3.495,4.614,10.719*5C
$GNGST,084550.30,0.011,0.004,0.004,-27.1126,3.495,4.614,10.719*58
$GNGST,084550.40,0.011,0.005,0.004,-27.7866,3.495,4.614,10.719*55
$GNGST,084550.50,0.011,0.004,0.004,-12.9271,3.495,4.614,10.719*51
$GNGST,084550.60,0.011,0.005,0.004,-47.2501,3.495,4.614,10.719*58
$GNGST,084550.70,0.011,0.005,0.004,-60.1307,3.495,4.614,10.719*5F
$GNGST,084550.80,0.012,0.005,0.004,12.8074,3.495,4.614,10.719*75
$GNGST,084550.90,0.011,0.005,0.004,-38.3966,3.495,4.614,10.719*53
$GNGST,084551.00,0.011,0.004,0.004,-34.8842,3.495,4.614,10.719*5A
$GNGST,084551.10,0.011,0.004,0.004,-30.0734,3.495,4.614,10.719*59
$GNGST,084551.20,0.012,0.005,0.004,-40.8451,3.495,4.614,10.719*57
$GNGST,084551.30,0.012,0.006,0.004,-45.9870,3.495,4.614,10.719*5E
$GNGST,084551.40,0.011,0.004,0.004,-14.8413,3.495,4.614,10.719*54
$GNGST,084551.50,0.012,0.005,0.004,-55.9586,3.495,4.614,10.719*5E
$GNGST,084551.60,0.012,0.005,0.004,-54.0493,3.495,4.614,10.719*50
$GNGST,084551.70,0.013,0.006,0.005,1.2619,3.495,4.614,10.719*4D
$GNGST,084551.80,0.010,0.004,0.004,-40.0668,3.495,4.614,10.719*5E
$GNGST,084551.90,0.012,0.005,0.004,-24.9271,3.495,4.614,10.719*5B
$GNGST,084552.00,0.011,0.004,0.004,-40.5698,3.495,4.614,10.719*5E
$GNGST,084552.10,0.011,0.005,0.004,-32.7036,3.495,4.614,10.719*5B
$GNGST,084552.20,0.011,0.004,0.004,-48.6210,3.495,4.614,10.719*53
$GNGST,084552.30,0.010,0.004,0.004,66.3755,3.495,4.614,10.719*73
$GNGST,084552.40,0.012,0.005,0.005,45.5474,3.495,4.614,10.719*71
$GNGST,084552.50,0.011,0.005,0.004,-69.0944,3.495,4.614,10.719*5A
$GNGST,084552.60,0.011,0.004,0.004,84.5130,3.495,4.614,10.719*78
$GNGST,084552.70,0.011,0.005,0.004,-49.2105,3.495,4.614,10.719*55
$GNGST,084552.80,0.011,0.004,0.004,-46.0205,3.495,4.614,10.719*55
$GNGST,084552.90,0.012,0.005,0.004,-26.0821,3.495,4.614,10.719*5C
$GNGST,084553.00,0.011,0.005,0.004,-56.9373,3.495,4.614,10.719*55
$GNGST,084553.10,0.012,0.005,0.004,-33.5726,3.495,4.614,10.719*5C
$GNGST,084553.20,0.012,0.005,0.005,-43.5094,3.495,4.614,10.719*57
$GNGST,084553.30,0.012,0.005,0.004,-41.9747,3.495,4.614,10.719*50
$GNGST,084553.40,0.011,0.005,0.004,-64.0680,3.495,4.614,10.719*50
$GNGST,084553.50,0.012,0.005,0.005,80.6262,3.495,4.614,10.719*7A
$GNGST,084553.60,0.010,0.004,0.004,-80.6657,3.495,4.614,10.719*54
$GNGST,084553.70,0.011,0.005,0.004,-63.1889,3.495,4.614,10.719*52
$GNGST,084553.80,0.010,0.004,0.004,-53.2008,3.495,4.614,10.719*5C
$GNGST,084553.90,0.010,0.004,0.004,-50.7752,3.495,4.614,10.719*53
$GNGST,084554.00,0.010,0.004,0.004,-58.5217,3.495,4.614,10.719*53
$GNGST,084554.10,0.010,0.005,0.004,-38.6808,3.495,4.614,10.719*52
$GNGST,084554.20,0.011,0.004,0.004,-32.8763,3.495,4.614,10.719*57
$GNGST,084554.30,0.010,0.004,0.004,-36.7575,3.495,4.614,10.719*59
$GNGST,084554.40,0.011,0.004,0.004,-38.7106,3.495,4.614,10.719*51
$GNGST,084554.50,0.012,0.005,0.004,-52.0104,3.495,4.614,10.719*5B
$GNGST,084554.60,0.014,0.005,0.004,-34.4854,3.495,4.614,10.719*56
$GNGST,084554.70,0.011,0.004,0.004,-38.9943,3.495,4.614,10.719*55
$GNGST,084554.80,0.011,0.004,0.004,-25.7114,3.495,4.614,10.719*52
$GNGST,084554.90,0.013,0.006,0.004,-41.6302,3.495,4.614,10.719*55
$GNGST,084555.00,0.011,0.005,0.004,13.1873,3.495,4.614,10.719*7C
$GNGST,084555.10,0.011,0.004,0.004,-40.6363,3.495,4.614,10.719*5A
$GNGST,084555.20,0.014,0.007,0.005,47.0320,3.495,4.614,10.719*75
$GNGST,084555.30,0.012,0.005,0.005,-15.3533,3.495,4.614,10.719*5D
$GNGST,084555.40,0.012,0.005,0.004,-39.3911,3.495,4.614,10.719*59
$GNGST,084555.50,0.011,0.005,0.004,-10.4352,3.495,4.614,10.719*5A
$GNGST,084555.60,0.014,0.006,0.005,2.2960,3.495,4.614,10.719*4D
$GNGST,084555.70,0.011,0.004,0.004,-30.5729,3.495,4.614,10.719*52
$GNGST,084555.80,0.011,0.005,0.004,-19.4221,3.495,4.614,10.719*5B
$GNGST,084555.90,0.011,0.004,0.004,-36.2427,3.495,4.614,10.719*50
$GNGST,084556.00,0.011,0.004,0.004,-41.4939,3.495,4.614,10.719*5E
$GNGST,084556.10,0.011,0.004,0.004,-53.0261,3.495,4.614,10.719*5E
$GNGST,084556.20,0.012,0.005,0.004,-2.0832,3.495,4.614,10.719*67
$GNGST,084556.30,0.011,0.005,0.004,-51.0343,3.495,4.614,10.719*5E
$GNGST,084556.40,0.012,0.005,0.004,-17.6413,3.495,4.614,10.719*5C
$GNGST,084556.50,0.010,0.004,0.004,-30.4778,3.495,4.614,10.719*57
$GNGST,084556.60,0.011,0.004,0.004,-9.9157,3.495,4.614,10.719*69
$GNGST,084556.70,0.011,0.005,0.004,25.5475,3.495,4.614,10.719*73
$GNGST,084556.80,0.011,0.005,0.004,31.8809,3.495,4.614,10.719*73
$GNGST,084556.90,0.011,0.004,0.004,37.7207,3.495,4.614,10.719*7E
$GNGST,084557.00,0.010,0.004,0.004,-27.6401,3.495,4.614,10.719*5A
$GNGST,084557.10,0.011,0.004,0.004,-1.9870,3.495,4.614,10.719*6B
$GNGST,084557.20,0.012,0.005,0.005,-46.2334,3.495,4.614,10.719*58
$GNGST,084557.30,0.012,0.005,0.004,-10.3458,3.495,4.614,10.719*57
$GNGST,084557.40,0.011,0.004,0.004,-12.8290,3.495,4.614,10.719*59
$GNGST,084557.50,0.013,0.004,0.004,-29.9736,3.495,4.614,10.719*5A
$GNGST,084557.60,0.014,0.006,0.005,-60.5860,3.495,4.614,10.719*50
$GNGST,084557.70,0.011,0.004,0.004,71.1964,3.495,4.614,10.719*7B
$GNGST,084557.80,0.013,0.005,0.004,-44.5677,3.495,4.614,10.719*55
$GNGST,084557.90,0.012,0.005,0.004,-49.0831,3.495,4.614,10.719*51
$GNGST,084558.00,0.013,0.005,0.005,-39.3624,3.495,4.614,10.719*59
$GNGST,084558.10,0.013,0.005,0.005,-16.9031,3.495,4.614,10.719*5D
$GNGST,084558.20,0.013,0.005,0.004,-39.6004,3.495,4.614,10.719*5B
$GNGST,084558.30,0.011,0.005,0.004,-54.0395,3.495,4.614,10.719*5E
$GNGST,084558.40,0.010,0.004,0.004,-13.9935,3.495,4.614,10.719*53
$GNGST,084558.50,0.011,0.004,0.004,-21.2909,3.495,4.614,10.719*56
$GNGST,084558.60,0.011,0.005,0.004,-84.6644,3.495,4.614,10.719*59
$GNGST,084558.70,0.012,0.005,0.004,-45.4902,3.495,4.614,10.719*59
$GNGST,084558.80,0.011,0.005,0.004,-45.8244,3.495,4.614,10.719*50
$GNGST,084558.90,0.012,0.005,0.004,-47.3193,3.495,4.614,10.719*52
$GNGST,084559.00,0.011,0.005,0.004,-62.9799,3.495,4.614,10.719*58
$GNGST,084559.10,0.011,0.005,0.004,-46.8506,3.495,4.614,10.719*5A
$GNGST,084559.20,0.011,0.005,0.004,-33.4774,3.495,4.614,10.719*50
$GNGST,084559.30,0.011,0.004,0.004,77.0065,3.495,4.614,10.719*7E
$GNGST,084559.40,0.012,0.005,0.004,-60.5252,3.495,4.614,10.719*53
$GNGST,084559.50,0.013,0.005,0.004,-66.8129,3.495,4.614,10.719*57
$GNGST,084559.60,0.014,0.006,0.005,14.4952,3.495,4.614,10.719*71
$GNGST,084559.70,0.013,0.005,0.004,-5.2765,3.495,4.614,10.719*64
$GNGST,084559.80,0.011,0.004,0.004,-22.2524,3.495,4.614,10.719*5A
$GNGST,084559.90,0.012,0.005,0.004,-39.0965,3.495,4.614,10.719*58
$GNGST,084600.00,0.012,0.005,0.004,-53.1024,3.495,4.614,10.719*5F
$GNGST,084600.10,0.012,0.005,0.004,-37.1454,3.495,4.614,10.719*5F
$GNGST,084600.20,0.011,0.004,0.004,-38.5981,3.495,4.614,10.719*50
$GNGST,084600.30,0.011,0.005,0.004,-42.2806,3.495,4.614,10.719*54
$GNGST,084600.40,0.011,0.005,0.004,-31.0525,3.495,4.614,10.719*59
$GNGST,084600.50,0.011,0.005,0.004,-40.3366,3.495,4.614,10.719*5C
$GNGST,084600.60,0.010,0.004,0.004,-19.3691,3.495,4.614,10.719*5E
$GNGST,084600.70,0.010,0.004,0.004,-19.3701,3.495,4.614,10.719*57
$GNGST,084600.80,0.010,0.004,0.004,-18.7931,3.495,4.614,10.719*50
$GNGST,084600.90,0.010,0.004,0.004,-18.7942,3.495,4.614,10.719*55
$GNGST,084601.00,0.010,0.004,0.004,-18.7952,3.495,4.614,10.719*5C
$GNGST,084601.10,0.010,0.004,0.004,-18.7963,3.495,4.614,10.719*5F
$GNGST,084601.20,0.010,0.004,0.004,-18.7973,3.495,4.614,10.719*5D
$GNGST,084601.30,0.010,0.004,0.004,-18.7983,3.495,4.614,10.719*53
$GNGST,084601.40,0.010,0.004,0.004,-18.7994,3.495,4.614,10.719*52
$GNGST,084601.50,0.010,0.004,0.004,-18.7676,3.495,4.614,10.719*50
$GNGST,084601.60,0.010,0.004,0.004,-18.9319,3.495,4.614,10.719*51
$GNGST,084601.70,0.010,0.004,0.004,-5.5891,3.495,4.614,10.719*6B
$GNGST,084601.80,0.009,0.004,0.003,-10.2042,3.495,4.614,10.719*5E
$GNGST,084601.90,0.009,0.004,0.003,-11.0503,3.495,4.614,10.719*5C
$GNGST,084602.00,0.009,0.004,0.003,-13.8504,3.495,4.614,10.719*5B
$GNGST,084602.10,0.009,0.004,0.003,-12.2618,3.495,4.614,10.719*5F
$GNGST,084602.20,0.009,0.004,0.004,-13.8219,3.495,4.614,10.719*55
$GNGST,084602.30,0.009,0.004,0.004,-13.4933,3.495,4.614,10.719*5B
$GNGST,084602.40,0.009,0.004,0.003,-10.1056,3.495,4.614,10.719*57
$GNGST,084602.50,0.009,0.004,0.003,-9.6667,3.495,4.614,10.719*6D
$GNGST,084602.60,0.009,0.004,0.004,-26.1171,3.495,4.614,10.719*53
$GNGST,084602.70,0.009,0.004,0.004,-22.7663,3.495,4.614,10.719*54
$GNGST,084602.80,0.009,0.004,0.004,-32.7664,3.495,4.614,10.719*5D
$GNGST,084602.90,0.009,0.004,0.004,-23.7890,3.495,4.614,10.719*59
$GNGST,084603.00,0.009,0.004,0.003,-26.3122,3.495,4.614,10.719*57
$GNGST,084603.10,0.009,0.004,0.004,-22.3493,3.495,4.614,10.719*5A
$GNGST,084603.20,0.009,0.004,0.004,-22.3508,3.495,4.614,10.719*5A
$GNGST,084603.30,0.010,0.004,0.004,-19.0591,3.495,4.614,10.719*58
$GNGST,084603.40,0.009,0.004,0.004,-22.3538,3.495,4.614,10.719*5F
$GNGST,084603.50,0.010,0.004,0.004,-19.7923,3.495,4.614,10.719*5C
$GNGST,084603.60,0.009,0.004,0.004,-22.3569,3.495,4.614,10.719*59
$GNGST,084603.70,0.009,0.004,0.004,-22.3584,3.495,4.614,10.719*5B
$GNGST,084603.80,0.009,0.004,0.004,-39.3444,3.495,4.614,10.719*53
$GNGST,084603.90,0.009,0.004,0.004,-36.2457,3.495,4.614,10.719*5E
$GNGST,084604.00,0.009,0.004,0.004,-36.2469,3.495,4.614,10.719*5D
$GNGST,084604.10,0.009,0.004,0.004,-38.2027,3.495,4.614,10.719*5C
$GNGST,084604.20,0.009,0.004,0.004,-46.3309,3.495,4.614,10.719*58
$GNGST,084604.30,0.009,0.004,0.004,-43.1922,3.495,4.614,10.719*5D
$GNGST,084604.40,0.009,0.004,0.004,-41.3888,3.495,4.614,10.719*5B
$GNGST,084604.50,0.009,0.004,0.004,-38.1533,3.495,4.614,10.719*5B
$GNGST,084604.60,0.009,0.004,0.004,-38.1544,3.495,4.614,10.719*58
$GNGST,084604.70,0.009,0.004,0.004,-32.7223,3.495,4.614,10.719*53
$GNGST,084604.80,0.009,0.004,0.004,-32.8588,3.495,4.614,10.719*55
$GNGST,084604.90,0.009,0.004,0.004,-32.7250,3.495,4.614,10.719*59
$GNGST,084605.00,0.009,0.004,0.004,-32.6983,3.495,4.614,10.719*55
$GNGST,084605.10,0.009,0.004,0.004,-32.7715,3.495,4.614,10.719*54
$GNGST,084605.20,0.009,0.004,0.004,-36.1049,3.495,4.614,10.719*5B
$GNGST,084605.30,0.009,0.004,0.004,-32.0837,3.495,4.614,10.719*5E
$GNGST,084605.40,0.009,0.004,0.004,-32.0850,3.495,4.614,10.719*58
$GNGST,084605.50,0.009,0.004,0.004,-32.1225,3.495,4.614,10.719*50
$GNGST,084605.60,0.009,0.004,0.004,-35.6076,3.495,4.614,10.719*57
$GNGST,084605.70,0.009,0.004,0.004,-35.5759,3.495,4.614,10.719*5F
$GNGST,084605.80,0.009,0.004,0.004,-40.7598,3.495,4.614,10.719*5F
$GNGST,084605.90,0.010,0.004,0.004,-32.6300,3.495,4.614,10.719*55
$GNGST,084606.00,0.010,0.004,0.004,-34.0910,3.495,4.614,10.719*54
$GNGST,084606.10,0.009,0.004,0.004,-43.7096,3.495,4.614,10.719*5D
$GNGST,084606.20,0.009,0.004,0.004,-37.9893,3.495,4.614,10.719*5E
$GNGST,084606.30,0.010,0.004,0.004,30.9819,3.495,4.614,10.719*7F
$GNGST,084606.40,0.012,0.005,0.004,15.0228,3.495,4.614,10.719*7D
$GNGST,084606.50,0.012,0.005,0.004,32.5442,3.495,4.614,10.719*76
$GNGST,084606.60,0.011,0.004,0.004,-40.7360,3.495,4.614,10.719*5A
$GNGST,084606.70,0.010,0.004,0.004,-50.1080,3.495,4.614,10.719*50
$GNGST,084606.80,0.011,0.005,0.004,-41.7711,3.495,4.614,10.719*56
$GNGST,084606.90,0.011,0.005,0.004,-19.7543,3.495,4.614,10.719*5F
$GNGST,084607.00,0.011,0.004,0.004,-23.0889,3.495,4.614,10.719*53
$GNGST,084607.10,0.011,0.005,0.004,-22.6530,3.495,4.614,10.719*5B
$GNGST,084607.20,0.012,0.005,0.004,-53.5159,3.495,4.614,10.719*55
$GNGST,084607.30,0.011,0.005,0.004,-34.5005,3.495,4.614,10.719*5E
$GNGST,084607.40,0.013,0.005,0.004,-54.1596,3.495,4.614,10.719*56
$GNGST,084607.50,0.012,0.005,0.004,-38.8477,3.495,4.614,10.719*5B
$GNGST,084607.60,0.013,0.005,0.004,-24.0615,3.495,4.614,10.719*5A
$GNGST,084607.70,0.011,0.004,0.004,-15.4692,3.495,4.614,10.719*51
$GNGST,084607.80,0.013,0.005,0.004,-37.2730,3.495,4.614,10.719*52
$GNGST,084607.90,0.013,0.006,0.004,-49.1875,3.495,4.614,10.719*54
$GNGST,084608.00,0.011,0.005,0.004,-44.5315,3.495,4.614,10.719*57
$GNGST,084608.10,0.011,0.005,0.004,-34.8532,3.495,4.614,10.719*5F
$GNGST,084608.20,0.012,0.005,0.004,-17.8757,3.495,4.614,10.719*5F
$GNGST,084608.30,0.012,0.005,0.004,-46.7209,3.495,4.614,10.719*5B
$GNGST,084608.40,0.013,0.005,0.005,-69.0563,3.495,4.614,10.719*5D
$GNGST,084608.50,0.011,0.005,0.004,-39.5054,3.495,4.614,10.719*5E
$GNGST,084608.60,0.011,0.005,0.004,-38.9743,3.495,4.614,10.719*51
$GNGST,084608.70,0.013,0.006,0.005,-35.9300,3.495,4.614,10.719*5E
$GNGST,084608.80,0.014,0.006,0.004,-48.6809,3.495,4.614,10.719*50
$GNGST,084608.90,0.012,0.005,0.004,-14.6990,3.495,4.614,10.719*5C
$GNGST,084609.00,0.013,0.005,0.005,-23.2905,3.495,4.614,10.719*58
$GNGST,084609.10,0.013,0.005,0.005,-60.8326,3.495,4.614,10.719*5F
$GNGST,084609.20,0.013,0.005,0.004,5.0473,3.495,4.614,10.719*4C
$GNGST,084609.30,0.013,0.005,0.004,-17.1761,3.495,4.614,10.719*52
$GNGST,084609.40,0.014,0.005,0.004,-19.1387,3.495,4.614,10.719*50
$GNGST,084609.50,0.012,0.005,0.004,2.5754,3.495,4.614,10.719*4E
$GNGST,084609.60,0.011,0.004,0.004,-38.3487,3.495,4.614,10.719*50
$GNGST,084609.70,0.010,0.004,0.004,-32.0566,3.495,4.614,10.719*57
$GNGST,084609.80,0.011,0.004,0.004,-0.6451,3.495,4.614,10.719*6B
$GNGST,084609.90,0.013,0.006,0.005,88.2772,3.495,4.614,10.719*70
$GNGST,084610.00,0.012,0.005,0.005,65.6947,3.495,4.614,10.719*7C
$GNGST,084610.10,0.013,0.005,0.005,60.2359,3.495,4.614,10.719*78
$GNGST,084610.20,0.014,0.006,0.005,-56.0485,3.495,4.614,10.719*53
$GNGST,084610.30,0.013,0.005,0.005,-36.0534,3.495,4.614,10.719*5B
$GNGST,084610.40,0.014,0.007,0.004,-50.6775,3.495,4.614,10.719*59
$GNGST,084610.50,0.015,0.006,0.004,-43.8757,3.495,4.614,10.719*54
$GNGST,084610.60,0.013,0.005,0.005,35.3464,3.495,4.614,10.719*77
$GNGST,084610.70,0.011,0.005,0.004,72.7725,3.495,4.614,10.719*74
$GNGST,084610.80,0.013,0.005,0.005,43.0754,3.495,4.614,10.719*7B
$GNGST,084610.90,0.013,0.005,0.005,-37.5359,3.495,4.614,10.719*58
$GNGST,084611.00,0.012,0.005,0.004,-43.1354,3.495,4.614,10.719*5A
$GNGST,084611.10,0.014,0.006,0.005,12.5186,3.495,4.614,10.719*7F
$GNGST,084611.20,0.014,0.005,0.005,-57.7701,3.495,4.614,10.719*58
$GNGST,084611.30,0.013,0.005,0.005,-9.9468,3.495,4.614,10.719*67
$GNGST,084611.40,0.014,0.005,0.005,-38.5632,3.495,4.614,10.719*54
$GNGST,084611.50,0.015,0.007,0.005,-49.6980,3.495,4.614,10.719*55
$GNGST,084611.60,0.014,0.006,0.005,-70.0116,3.495,4.614,10.719*5D
$GNGST,084611.70,0.013,0.005,0.005,-6.3415,3.495,4.614,10.719*6C
$GNGST,084611.80,0.017,0.009,0.006,-11.5684,3.495,4.614,10.719*52
$GNGST,084611.90,0.014,0.006,0.005,26.8731,3.495,4.614,10.719*77
$GNGST,084612.00,0.014,0.005,0.005,5.8136,3.495,4.614,10.719*4E
$GNGST,084612.10,0.013,0.005,0.005,-11.9888,3.495,4.614,10.719*5D
$GNGST,084612.20,0.013,0.005,0.005,-11.1604,3.495,4.614,10.719*5C
$GNGST,084612.30,0.014,0.005,0.005,-24.4823,3.495,4.614,10.719*52
$GNGST,084612.40,0.014,0.005,0.005,-38.2586,3.495,4.614,10.719*5C
$GNGST,084612.50,0.015,0.006,0.005,-34.4378,3.495,4.614,10.719*52
$GNGST,084612.60,0.018,0.008,0.006,-12.8177,3.495,4.614,10.719*54
$GNGST,084612.70,0.012,0.005,0.005,-16.2911,3.495,4.614,10.719*57
$GNGST,084612.80,0.012,0.005,0.004,20.2272,3.495,4.614,10.719*7F
$GNGST,084612.90,0.013,0.005,0.004,31.4175,3.495,4.614,10.719*7D
$GNGST,084613.00,0.015,0.006,0.005,26.5664,3.495,4.614,10.719*71
$GNGST,084613.10,0.013,0.005,0.005,26.7973,3.495,4.614,10.719*7E
$GNGST,084613.20,0.013,0.005,0.005,22.0380,3.495,4.614,10.719*78
$GNGST,084613.30,0.013,0.005,0.004,23.6457,3.495,4.614,10.719*72
$GNGST,084613.40,0.014,0.005,0.005,-9.0527,3.495,4.614,10.719*66
$GNGST,084613.50,0.014,0.006,0.005,-22.3281,3.495,4.614,10.719*55
$GNGST,084613.60,0.014,0.006,0.005,-23.1984,3.495,4.614,10.719*5B
$GNGST,084613.70,0.014,0.005,0.005,-34.6511,3.495,4.614,10.719*58
$GNGST,084613.80,0.015,0.006,0.005,-5.9717,3.495,4.614,10.719*6C
$GNGST,084613.90,0.013,0.005,0.005,-85.8104,3.495,4.614,10.719*55
$GNGST,084614.00,0.022,0.008,0.005,2.3285,3.495,4.614,10.719*47
$GNGST,084614.10,0.013,0.005,0.005,70.8015,3.495,4.614,10.719*7C
$GNGST,084614.20,0.016,0.006,0.006,-89.7246,3.495,4.614,10.719*5A
$GNGST,084614.30,0.013,0.005,0.005,63.8049,3.495,4.614,10.719*75
$GNGST,084614.40,0.013,0.005,0.005,55.9896,3.495,4.614,10.719*7C
$GNGST,084614.50,0.014,0.006,0.005,36.9593,3.495,4.614,10.719*74
$GNGST,084614.60,0.015,0.005,0.005,-50.7116,3.495,4.614,10.719*5F
$GNGST,084614.70,0.012,0.005,0.004,86.7777,3.495,4.614,10.719*7F
$GNGST,084614.80,0.011,0.004,0.004,67.0516,3.495,4.614,10.719*7F
$GNGST,084614.90,0.012,0.004,0.004,51.6115,3.495,4.614,10.719*79
$GNGST,084615.00,0.013,0.005,0.005,-40.7729,3.495,4.614,10.719*55
$GNGST,084615.10,0.013,0.005,0.005,7.0775,3.495,4.614,10.719*44
$GNGST,084615.20,0.014,0.005,0.005,67.1697,3.495,4.614,10.719*7A
$GNGST,084615.30,0.013,0.005,0.004,-2.8097,3.495,4.614,10.719*6C
$GNGST,084615.40,0.015,0.007,0.005,-37.1738,3.495,4.614,10.719*53
$GNGST,084615.50,0.016,0.008,0.005,74.0734,3.495,4.614,10.719*79
$GNGST,084615.60,0.012,0.005,0.004,-63.3606,3.495,4.614,10.719*5A
$GNGST,084615.70,0.012,0.005,0.005,60.8483,3.495,4.614,10.719*70
$GNGST,084615.80,0.012,0.005,0.004,-75.3221,3.495,4.614,10.719*52
$GNGST,084615.90,0.012,0.004,0.004,-76.2308,3.495,4.614,10.719*5A
$GNGST,084616.00,0.013,0.005,0.005,59.0318,3.495,4.614,10.719*72
$GNGST,084616.10,0.014,0.005,0.005,-58.7186,3.495,4.614,10.719*5A
$GNGST,084616.20,0.012,0.005,0.005,-51.2283,3.495,4.614,10.719*55
$GNGST,084616.30,0.015,0.008,0.005,57.7353,3.495,4.614,10.719*7C
$GNGST,084616.40,0.022,0.007,0.005,-22.4596,3.495,4.614,10.719*53
$GNGST,084616.50,0.014,0.007,0.005,-83.2337,3.495,4.614,10.719*57
$GNGST,084616.60,0.012,0.005,0.004,-84.6315,3.495,4.614,10.719*52
$GNGST,084616.70,0.015,0.006,0.005,-89.7374,3.495,4.614,10.719*5D
$GNGST,084616.80,0.013,0.005,0.005,-22.2098,3.495,4.614,10.719*52
$GNGST,084616.90,0.012,0.005,0.005,-18.5238,3.495,4.614,10.719*54
$GNGST,084617.00,0.013,0.005,0.005,-43.8961,3.495,4.614,10.719*59
$GNGST,084617.10,0.012,0.005,0.004,-65.0770,3.495,4.614,10.719*5A
$GNGST,084617.20,0.012,0.005,0.004,-62.5405,3.495,4.614,10.719*5A
$GNGST,084617.30,0.013,0.005,0.005,-2.8037,3.495,4.614,10.719*65
$GNGST,084617.40,0.014,0.006,0.004,-38.4971,3.495,4.614,10.719*59
$GNGST,084617.50,0.015,0.007,0.005,69.1561,3.495,4.614,10.719*78
$GNGST,084617.60,0.012,0.005,0.004,-48.6169,3.495,4.614,10.719*5A
$GNGST,084617.70,0.014,0.006,0.005,40.2711,3.495,4.614,10.719*77
$GNGST,084617.80,0.013,0.006,0.004,39.8675,3.495,4.614,10.719*79
$GNGST,084617.90,0.012,0.005,0.005,80.0977,3.495,4.614,10.719*7C
$GNGST,084618.00,0.012,0.005,0.005,27.5290,3.495,4.614,10.719*70
$GNGST,084618.10,0.013,0.006,0.005,46.4989,3.495,4.614,10.719*76
$GNGST,084618.20,0.012,0.005,0.004,70.7711,3.495,4.614,10.719*7F
$GNGST,084618.30,0.013,0.005,0.005,19.5696,3.495,4.614,10.719*7D
$GNGST,084618.40,0.013,0.004,0.004,20.9115,3.495,4.614,10.719*70
$GNGST,084618.50,0.012,0.005,0.005,89.6188,3.495,4.614,10.719*78
$GNGST,084618.60,0.013,0.005,0.005,49.7624,3.495,4.614,10.719*76
$GNGST,084618.70,0.012,0.005,0.005,-19.5878,3.495,4.614,10.719*5B
$GNGST,084618.80,0.013,0.005,0.004,75.8193,3.495,4.614,10.719*72
$GNGST,084618.90,0.013,0.005,0.004,22.5089,3.495,4.614,10.719*76
$GNGST,084619.00,0.013,0.005,0.005,39.5423,3.495,4.614,10.719*71
$GNGST,084619.10,0.013,0.005,0.005,25.1654,3.495,4.614,10.719*7B
$GNGST,084619.20,0.012,0.004,0.004,60.2607,3.495,4.614,10.719*7D
$GNGST,084619.30,0.017,0.005,0.005,-70.8060,3.495,4.614,10.719*58
$GNGST,084619.40,0.018,0.008,0.006,36.6087,3.495,4.614,10.719*76
$GNGST,084619.50,0.012,0.005,0.004,15.0814,3.495,4.614,10.719*77
$GNGST,084619.60,0.014,0.006,0.005,-31.8413,3.495,4.614,10.719*58
$GNGST,084619.70,0.013,0.005,0.004,16.8947,3.495,4.614,10.719*78
$GNGST,084619.80,0.015,0.006,0.005,18.5387,3.495,4.614,10.719*76
$GNGST,084619.90,0.014,0.007,0.004,25.6767,3.495,4.614,10.719*71
$GNGST,084620.00,0.013,0.005,0.004,0.5471,3.495,4.614,10.719*47
$GNGST,084620.10,0.014,0.006,0.005,-41.9320,3.495,4.614,10.719*54
$GNGST,084620.20,0.014,0.005,0.005,-37.6208,3.495,4.614,10.719*51
$GNGST,084620.30,0.013,0.005,0.004,-9.7061,3.495,4.614,10.719*67
$GNGST,084620.40,0.014,0.005,0.005,5.4319,3.495,4.614,10.719*48
$GNGST,084620.50,0.015,0.005,0.005,-44.0779,3.495,4.614,10.719*56
$GNGST,084620.60,0.016,0.008,0.006,-46.4271,3.495,4.614,10.719*53
$GNGST,084620.70,0.015,0.006,0.005,-34.8504,3.495,4.614,10.719*50
$GNGST,084620.80,0.014,0.005,0.005,-27.8773,3.495,4.614,10.719*5D
$GNGST,084620.90,0.014,0.006,0.005,-7.0744,3.495,4.614,10.719*61
$GNGST,084621.00,0.015,0.005,0.005,-42.4977,3.495,4.614,10.719*50
$GNGST,084621.10,0.015,0.005,0.005,-21.8541,3.495,4.614,10.719*51
$GNGST,084621.20,0.016,0.006,0.005,-31.4272,3.495,4.614,10.719*58
$GNGST,084621.30,0.016,0.006,0.005,21.6006,3.495,4.614,10.719*76
$GNGST,084621.40,0.015,0.006,0.005,-57.6127,3.495,4.614,10.719*5C
$GNGST,084621.50,0.015,0.007,0.005,-22.1507,3.495,4.614,10.719*5F
$GNGST,084621.60,0.017,0.008,0.005,-70.3000,3.495,4.614,10.719*56
$GNGST,084621.70,0.016,0.007,0.006,-39.8625,3.495,4.614,10.719*5D
$GNGST,084621.80,0.014,0.006,0.005,-28.7265,3.495,4.614,10.719*5D
$GNGST,084621.90,0.018,0.007,0.005,-33.7492,3.495,4.614,10.719*55
$GNGST,084622.00,0.015,0.006,0.005,-46.0276,3.495,4.614,10.719*5A
$GNGST,084622.10,0.018,0.008,0.006,67.8472,3.495,4.614,10.719*7F
$GNGST,084622.20,0.029,0.012,0.007,35.8776,3.495,4.614,10.719*74
$GNGST,084622.30,0.018,0.007,0.006,34.5532,3.495,4.614,10.719*7C
$GNGST,084622.40,0.021,0.008,0.006,6.7449,3.495,4.614,10.719*40
$GNGST,084622.50,0.018,0.007,0.006,26.6333,3.495,4.614,10.719*7D
$GNGST,084622.60,0.015,0.006,0.005,32.6785,3.495,4.614,10.719*7D
$GNGST,084622.70,0.014,0.005,0.005,2.6395,3.495,4.614,10.719*48
$GNGST,084622.80,0.015,0.006,0.005,24.4122,3.495,4.614,10.719*7D
$GNGST,084622.90,0.014,0.005,0.005,-4.7930,3.495,4.614,10.719*69
$GNGST,084623.00,0.014,0.006,0.005,42.0044,3.495,4.614,10.719*70
$GNGST,084623.10,0.015,0.006,0.005,-63.1844,3.495,4.614,10.719*57
$GNGST,084623.20,0.014,0.005,0.005,-14.4167,3.495,4.614,10.719*5B
$GNGST,084623.30,0.013,0.005,0.005,-16.4036,3.495,4.614,10.719*5A
$GNGST,084623.40,0.014,0.005,0.005,-5.8281,3.495,4.614,10.719*6A
$GNGST,084623.50,0.013,0.005,0.004,-0.3014,3.495,4.614,10.719*6D
$GNGST,084623.60,0.014,0.006,0.005,17.5192,3.495,4.614,10.719*79
$GNGST,084623.70,0.015,0.006,0.005,8.8064,3.495,4.614,10.719*42
$GNGST,084623.80,0.021,0.013,0.006,59.2387,3.495,4.614,10.719*7D
$GNGST,084623.90,0.014,0.006,0.005,64.5020,3.495,4.614,10.719*7A
$GNGST,084624.00,0.014,0.006,0.005,66.2856,3.495,4.614,10.719*78
$GNGST,084624.10,0.015,0.006,0.005,42.0627,3.495,4.614,10.719*74
$GNGST,084624.20,0.014,0.005,0.005,62.4861,3.495,4.614,10.719*7F
$GNGST,084624.30,0.013,0.005,0.005,57.3253,3.495,4.614,10.719*73
$GNGST,084624.40,0.015,0.007,0.005,59.5191,3.495,4.614,10.719*75
$GNGST,084624.50,0.014,0.007,0.005,44.9588,3.495,4.614,10.719*79
$GNGST,084624.60,0.019,0.007,0.006,76.4680,3.495,4.614,10.719*73
$GNGST,084624.70,0.015,0.007,0.005,43.2874,3.495,4.614,10.719*78
$GNGST,084624.80,0.014,0.006,0.005,53.5121,3.495,4.614,10.719*78
$GNGST,084624.90,0.013,0.006,0.005,59.1425,3.495,4.614,10.719*71
$GNGST,084625.00,0.012,0.005,0.004,53.4088,3.495,4.614,10.719*76
$GNGST,084625.10,0.013,0.006,0.005,30.5634,3.495,4.614,10.719*71
$GNGST,084625.20,0.017,0.008,0.005,35.7880,3.495,4.614,10.719*7E
$GNGST,084625.30,0.016,0.007,0.005,36.5195,3.495,4.614,10.719*7D
$GNGST,084625.40,0.019,0.009,0.006,24.8265,3.495,4.614,10.719*7A
$GNGST,084625.50,0.016,0.008,0.005,30.8176,3.495,4.614,10.719*72
$GNGST,084625.60,0.012,0.006,0.004,45.0482,3.495,4.614,10.719*7E
$GNGST,084625.70,0.013,0.006,0.005,65.1502,3.495,4.614,10.719*75
$GNGST,084625.80,0.013,0.006,0.005,65.2372,3.495,4.614,10.719*78
$GNGST,084625.90,0.013,0.006,0.005,-74.3325,3.495,4.614,10.719*57
$GNGST,084626.00,0.015,0.008,0.005,-43.5666,3.495,4.614,10.719*55
$GNGST,084626.10,0.014,0.006,0.004,44.0490,3.495,4.614,10.719*7E
$GNGST,084626.20,0.014,0.006,0.005,55.9022,3.495,4.614,10.719*78
$GNGST,084626.30,0.012,0.005,0.004,64.0417,3.495,4.614,10.719*74
$GNGST,084626.40,0.013,0.005,0.005,54.7316,3.495,4.614,10.719*71
$GNGST,084626.50,0.014,0.006,0.005,72.6038,3.495,4.614,10.719*7E
$GNGST,084626.60,0.012,0.006,0.004,52.6393,3.495,4.614,10.719*7A
$GNGST,084626.70,0.014,0.006,0.005,4.1237,3.495,4.614,10.719*47
$GNGST,084626.80,0.014,0.006,0.005,43.8935,3.495,4.614,10.719*7B
$GNGST,084626.90,0.015,0.006,0.004,39.1909,3.495,4.614,10.719*71
$GNGST,084627.00,0.014,0.006,0.005,19.4199,3.495,4.614,10.719*7F
$GNGST,084627.10,0.014,0.005,0.004,43.7325,3.495,4.614,10.719*75
$GNGST,084627.20,0.012,0.005,0.004,13.9765,3.495,4.614,10.719*7B
$GNGST,084627.30,0.012,0.005,0.004,67.8414,3.495,4.614,10.719*7D
$GNGST,084627.40,0.013,0.005,0.005,-17.4918,3.495,4.614,10.719*5D
$GNGST,084627.50,0.012,0.006,0.005,80.0505,3.495,4.614,10.719*79
$GNGST,084627.60,0.012,0.005,0.005,68.2853,3.495,4.614,10.719*73
$GNGST,084627.70,0.012,0.005,0.004,38.5565,3.495,4.614,10.719*79
$GNGST,084627.80,0.012,0.005,0.004,37.1572,3.495,4.614,10.719*7B
$GNGST,084627.90,0.012,0.005,0.004,35.1551,3.495,4.614,10.719*79
$GNGST,084628.00,0.012,0.005,0.004,57.8425,3.495,4.614,10.719*70
$GNGST,084628.10,0.013,0.005,0.005,33.8988,3.495,4.614,10.719*79
$GNGST,084628.20,0.018,0.009,0.006,29.7961,3.495,4.614,10.719*7D
$GNGST,084628.30,0.013,0.005,0.005,62.7711,3.495,4.614,10.719*7E
$GNGST,084628.40,0.012,0.006,0.004,55.2506,3.495,4.614,10.719*7F
$GNGST,084628.50,0.014,0.006,0.005,47.8591,3.495,4.614,10.719*7E
$GNGST,084628.60,0.013,0.005,0.005,34.9876,3.495,4.614,10.719*78
$GNGST,084628.70,0.013,0.005,0.005,17.9727,3.495,4.614,10.719*73
$GNGST,084628.80,0.013,0.005,0.005,12.5010,3.495,4.614,10.719*76
$GNGST,084628.90,0.018,0.010,0.005,21.8866,3.495,4.614,10.719*7C
$GNGST,084629.00,0.016,0.008,0.005,29.1095,3.495,4.614,10.719*76
$GNGST,084629.10,0.013,0.006,0.004,43.9937,3.495,4.614,10.719*78
$GNGST,084629.20,0.015,0.006,0.006,45.5707,3.495,4.614,10.719*78
$GNGST,084629.30,0.015,0.007,0.005,44.4913,3.495,4.614,10.719*70
$GNGST,084629.40,0.012,0.005,0.004,43.8273,3.495,4.614,10.719*75
$GNGST,084629.50,0.012,0.005,0.004,47.9878,3.495,4.614,10.719*70
$GNGST,084629.60,0.012,0.004,0.004,2.0855,3.495,4.614,10.719*45
$GNGST,084629.70,0.011,0.004,0.004,36.3629,3.495,4.614,10.719*76
$GNGST,084629.80,0.012,0.006,0.004,45.1979,3.495,4.614,10.719*74
$GNGST,084629.90,0.012,0.005,0.004,32.6771,3.495,4.614,10.719*77
$GNGST,084630.00,0.012,0.005,0.004,30.3134,3.495,4.614,10.719*76
$GNGST,084630.10,0.012,0.005,0.004,44.2800,3.495,4.614,10.719*7B
$GNGST,084630.20,0.013,0.006,0.004,40.4205,3.495,4.614,10.719*77
$GNGST,084630.30,0.013,0.005,0.004,32.7594,3.495,4.614,10.719*7C
$GNGST,084630.40,0.014,0.006,0.005,37.2894,3.495,4.614,10.719*73
$GNGST,084630.50,0.012,0.005,0.004,-41.5648,3.495,4.614,10.719*52
$GNGST,084630.60,0.015,0.006,0.004,41.0503,3.495,4.614,10.719*71
$GNGST,084630.70,0.012,0.005,0.004,29.7076,3.495,4.614,10.719*7A
$GNGST,084630.80,0.013,0.005,0.004,25.3899,3.495,4.614,10.719*75
$GNGST,084630.90,0.014,0.005,0.004,20.9994,3.495,4.614,10.719*70
$GNGST,084631.00,0.013,0.005,0.004,-26.7759,3.495,4.614,10.719*55
$GNGST,084631.10,0.014,0.005,0.005,-47.9815,3.495,4.614,10.719*5C
$GNGST,084631.20,0.015,0.006,0.004,-50.8322,3.495,4.614,10.719*54
$GNGST,084631.30,0.013,0.005,0.004,-64.6273,3.495,4.614,10.719*5C
$GNGST,084631.40,0.013,0.005,0.004,-68.8409,3.495,4.614,10.719*52
$GNGST,084631.50,0.013,0.005,0.004,-41.1746,3.495,4.614,10.719*59
$GNGST,084631.60,0.011,0.004,0.004,-47.3598,3.495,4.614,10.719*5C
$GNGST,084631.70,0.012,0.005,0.005,25.9262,3.495,4.614,10.719*7F
$GNGST,084631.80,0.011,0.004,0.004,34.0258,3.495,4.614,10.719*73
$GNGST,084631.90,0.013,0.005,0.004,26.8932,3.495,4.614,10.719*7D
$GNGST,084632.00,0.012,0.005,0.004,62.2866,3.495,4.614,10.719*7C
$GNGST,084632.10,0.013,0.005,0.005,8.5710,3.495,4.614,10.719*48
$GNGST,084632.20,0.012,0.005,0.004,-54.2267,3.495,4.614,10.719*5D
$GNGST,084632.30,0.013,0.005,0.005,-72.7853,3.495,4.614,10.719*50
$GNGST,084632.40,0.012,0.005,0.005,-50.8896,3.495,4.614,10.719*50
$GNGST,084632.50,0.012,0.005,0.004,-83.1098,3.495,4.614,10.719*51
$GNGST,084632.60,0.012,0.005,0.005,-78.6780,3.495,4.614,10.719*5E
$GNGST,084632.70,0.012,0.005,0.004,43.2313,3.495,4.614,10.719*71
$GNGST,084632.80,0.011,0.004,0.004,85.0292,3.495,4.614,10.719*7C
$GNGST,084632.90,0.011,0.004,0.004,-57.6339,3.495,4.614,10.719*59
$GNGST,084633.00,0.016,0.007,0.005,36.3252,3.495,4.614,10.719*77
$GNGST,084633.10,0.014,0.005,0.004,-57.4145,3.495,4.614,10.719*5F
$GNGST,084633.20,0.012,0.004,0.004,46.9130,3.495,4.614,10.719*79
$GNGST,084633.30,0.012,0.004,0.004,84.2076,3.495,4.614,10.719*7E
$GNGST,084633.40,0.011,0.005,0.004,88.3414,3.495,4.614,10.719*76
$GNGST,084633.50,0.011,0.004,0.004,68.1377,3.495,4.614,10.719*78
$GNGST,084633.60,0.012,0.005,0.004,79.2262,3.495,4.614,10.719*7F
$GNGST,084633.70,0.011,0.004,0.004,77.0703,3.495,4.614,10.719*72
$GNGST,084633.80,0.011,0.005,0.004,35.5056,3.495,4.614,10.719*78
$GNGST,084633.90,0.011,0.004,0.004,7.3840,3.495,4.614,10.719*40
$GNGST,084634.00,0.012,0.005,0.004,28.9024,3.495,4.614,10.719*71
$GNGST,084634.10,0.011,0.005,0.004,62.5717,3.495,4.614,10.719*76
$GNGST,084634.20,0.012,0.004,0.004,63.6617,3.495,4.614,10.719*74
$GNGST,084634.30,0.011,0.004,0.004,46.1918,3.495,4.614,10.719*76
$GNGST,084634.40,0.012,0.005,0.004,49.5076,3.495,4.614,10.719*79
$GNGST,084634.50,0.013,0.006,0.004,39.2560,3.495,4.614,10.719*78
$GNGST,084634.60,0.012,0.005,0.004,44.2716,3.495,4.614,10.719*70
$GNGST,084634.70,0.011,0.004,0.004,-69.3953,3.495,4.614,10.719*5F
$GNGST,084634.80,0.011,0.004,0.004,-44.6201,3.495,4.614,10.719*56
$GNGST,084634.90,0.010,0.004,0.004,-38.5464,3.495,4.614,10.719*5B
$GNGST,084635.00,0.012,0.005,0.004,-40.0200,3.495,4.614,10.719*5E
$GNGST,084635.10,0.012,0.004,0.004,77.1393,3.495,4.614,10.719*7D
$GNGST,084635.20,0.015,0.006,0.005,-7.1477,3.495,4.614,10.719*6D
$GNGST,084635.30,0.013,0.005,0.004,-26.1590,3.495,4.614,10.719*53
$GNGST,084635.40,0.012,0.005,0.004,-61.0842,3.495,4.614,10.719*55
$GNGST,084635.50,0.012,0.005,0.004,-28.1688,3.495,4.614,10.719*50
$GNGST,084635.60,0.012,0.005,0.004,-48.4791,3.495,4.614,10.719*59
$GNGST,084635.70,0.013,0.005,0.004,-52.0718,3.495,4.614,10.719*57
$GNGST,084635.80,0.012,0.005,0.004,-34.1664,3.495,4.614,10.719*52
$GNGST,084635.90,0.012,0.005,0.004,-21.8802,3.495,4.614,10.719*50
$GNGST,084636.00,0.013,0.006,0.004,-33.7867,3.495,4.614,10.719*57
$GNGST,084636.10,0.015,0.005,0.004,-39.3569,3.495,4.614,10.719*5E
$GNGST,084636.20,0.012,0.005,0.004,-58.8240,3.495,4.614,10.719*5A
$GNGST,084636.30,0.012,0.005,0.004,-44.1931,3.495,4.614,10.719*52
$GNGST,084636.40,0.011,0.005,0.004,-39.3523,3.495,4.614,10.719*51
$GNGST,084636.50,0.011,0.004,0.004,41.3657,3.495,4.614,10.719*73
$GNGST,084636.60,0.013,0.006,0.004,-56.6885,3.495,4.614,10.719*5F
$GNGST,084636.70,0.012,0.005,0.004,28.7701,3.495,4.614,10.719*7A
$GNGST,084636.80,0.012,0.005,0.004,-37.0365,3.495,4.614,10.719*57
$GNGST,084636.90,0.011,0.005,0.004,-41.6467,3.495,4.614,10.719*57
$GNGST,084637.00,0.012,0.005,0.004,-5.6319,3.495,4.614,10.719*62
$GNGST,084637.10,0.011,0.005,0.004,13.7534,3.495,4.614,10.719*72
$GNGST,084637.20,0.012,0.005,0.004,-14.9633,3.495,4.614,10.719*52
$GNGST,084637.30,0.012,0.005,0.004,13.9783,3.495,4.614,10.719*73
$GNGST,084637.40,0.013,0.005,0.004,48.1812,3.495,4.614,10.719*74
$GNGST,084637.50,0.013,0.005,0.004,9.9861,3.495,4.614,10.719*4C
$GNGST,084637.60,0.013,0.005,0.005,-0.4468,3.495,4.614,10.719*62
$GNGST,084637.70,0.013,0.005,0.004,43.6440,3.495,4.614,10.719*70
$GNGST,084637.80,0.016,0.006,0.005,58.7489,3.495,4.614,10.719*76
$GNGST,084637.90,0.012,0.005,0.005,64.9281,3.495,4.614,10.719*7F
$GNGST,084638.00,0.015,0.005,0.004,-26.8605,3.495,4.614,10.719*5D
$GNGST,084638.10,0.012,0.005,0.004,52.7509,3.495,4.614,10.719*75
$GNGST,084638.20,0.012,0.005,0.004,-26.6580,3.495,4.614,10.719*58
$GNGST,084638.30,0.013,0.007,0.004,39.2109,3.495,4.614,10.719*78
$GNGST,084638.40,0.012,0.005,0.004,56.7865,3.495,4.614,10.719*73
$GNGST,084638.50,0.012,0.005,0.004,42.6724,3.495,4.614,10.719*7C
$GNGST,084638.60,0.013,0.005,0.005,-27.3697,3.495,4.614,10.719*5D
$GNGST,084638.70,0.014,0.005,0.005,80.1906,3.495,4.614,10.719*7E
$GNGST,084638.80,0.012,0.005,0.004,75.9665,3.495,4.614,10.719*7E
$GNGST,084638.90,0.011,0.004,0.004,53.8104,3.495,4.614,10.719*78
$GNGST,084639.00,0.011,0.004,0.004,-86.6820,3.495,4.614,10.719*54
$GNGST,084639.10,0.011,0.005,0.004,37.8572,3.495,4.614,10.719*77
$GNGST,084639.20,0.011,0.004,0.004,-72.5886,3.495,4.614,10.719*52
$GNGST,084639.30,0.012,0.004,0.004,-76.8111,3.495,4.614,10.719*5E
$GNGST,084639.40,0.011,0.004,0.004,47.3704,3.495,4.614,10.719*7C
$GNGST,084639.50,0.013,0.005,0.005,16.0628,3.495,4.614,10.719*77
$GNGST,084639.60,0.013,0.005,0.005,-67.9768,3.495,4.614,10.719*53
$GNGST,084639.70,0.011,0.005,0.004,-69.5831,3.495,4.614,10.719*50
$GNGST,084639.80,0.014,0.005,0.004,-55.3471,3.495,4.614,10.719*5B
$GNGST,084639.90,0.012,0.005,0.004,-53.3390,3.495,4.614,10.719*52
$GNGST,084640.00,0.013,0.005,0.005,-21.3328,3.495,4.614,10.719*53
$GNGST,084640.10,0.012,0.005,0.004,-34.6817,3.495,4.614,10.719*54
$GNGST,084640.20,0.013,0.005,0.005,50.7744,3.495,4.614,10.719*70
$GNGST,084640.30,0.012,0.005,0.005,-68.0595,3.495,4.614,10.719*5F
$GNGST,084640.40,0.012,0.005,0.004,-35.3910,3.495,4.614,10.719*53
$GNGST,084640.50,0.011,0.005,0.004,-51.2522,3.495,4.614,10.719*5F
$GNGST,084640.60,0.012,0.006,0.004,-45.6041,3.495,4.614,10.719*5D
$GNGST,084640.70,0.014,0.007,0.005,9.5587,3.495,4.614,10.719*43
$GNGST,084640.80,0.012,0.005,0.004,-86.4421,3.495,4.614,10.719*5F
$GNGST,084640.90,0.012,0.005,0.004,-44.1434,3.495,4.614,10.719*51
$GNGST,084641.00,0.013,0.006,0.005,-12.3215,3.495,4.614,10.719*5E
$GNGST,084641.10,0.011,0.005,0.004,7.7447,3.495,4.614,10.719*43
$GNGST,084641.20,0.012,0.005,0.004,18.2213,3.495,4.614,10.719*7F
$GNGST,084641.30,0.012,0.005,0.004,-41.3348,3.495,4.614,10.719*51
$GNGST,084641.40,0.012,0.005,0.004,32.2915,3.495,4.614,10.719*7C
$GNGST,084641.50,0.013,0.006,0.005,0.4925,3.495,4.614,10.719*4A
$GNGST,084641.60,0.012,0.005,0.005,17.9426,3.495,4.614,10.719*7E
$GNGST,084641.70,0.016,0.007,0.005,3.7263,3.495,4.614,10.719*45
$GNGST,084641.80,0.013,0.005,0.004,-9.3758,3.495,4.614,10.719*62
$GNGST,084641.90,0.013,0.005,0.005,-5.5086,3.495,4.614,10.719*6C
$GNGST,084642.00,0.012,0.005,0.004,-0.3886,3.495,4.614,10.719*6D
$GNGST,084642.10,0.015,0.007,0.005,27.7838,3.495,4.614,10.719*71
$GNGST,084642.20,0.012,0.004,0.004,-7.6321,3.495,4.614,10.719*6A
$GNGST,084642.30,0.013,0.005,0.005,-53.8586,3.495,4.614,10.719*5E
$GNGST,084642.40,0.013,0.005,0.004,-42.7262,3.495,4.614,10.719*5A
$GNGST,084642.50,0.012,0.005,0.004,-52.0490,3.495,4.614,10.719*57
$GNGST,084642.60,0.013,0.005,0.004,-21.3289,3.495,4.614,10.719*5C
$GNGST,084642.70,0.013,0.005,0.005,-1.7941,3.495,4.614,10.719*65
$GNGST,084642.80,0.016,0.007,0.005,-57.7856,3.495,4.614,10.719*59
$GNGST,084642.90,0.012,0.005,0.004,-54.1886,3.495,4.614,10.719*57
$GNGST,084643.00,0.013,0.005,0.005,-18.5022,3.495,4.614,10.719*55
$GNGST,084643.10,0.014,0.006,0.004,-31.7500,3.495,4.614,10.719*5D
$GNGST,084643.20,0.014,0.006,0.005,-23.8711,3.495,4.614,10.719*51
$GNGST,084643.30,0.011,0.005,0.004,-31.9365,3.495,4.614,10.719*52
$GNGST,084643.40,0.012,0.005,0.004,-47.8934,3.495,4.614,10.719*58
$GNGST,084643.50,0.012,0.005,0.004,-42.6982,3.495,4.614,10.719*5F
$GNGST,084643.60,0.014,0.006,0.005,11.0805,3.495,4.614,10.719*7B
$GNGST,084643.70,0.013,0.005,0.005,-25.6713,3.495,4.614,10.719*5A
$GNGST,084643.80,0.012,0.005,0.005,-13.7199,3.495,4.614,10.719*54
$GNGST,084643.90,0.011,0.005,0.004,-4.2840,3.495,4.614,10.719*69
$GNGST,084644.00,0.012,0.005,0.005,-43.8407,3.495,4.614,10.719*53
$GNGST,084644.10,0.013,0.005,0.005,28.7269,3.495,4.614,10.719*72
$GNGST,084644.20,0.017,0.007,0.005,39.5952,3.495,4.614,10.719*76
$GNGST,084644.30,0.014,0.006,0.005,11.7938,3.495,4.614,10.719*71
$GNGST,084644.40,0.012,0.005,0.005,-84.7516,3.495,4.614,10.719*52
$GNGST,084644.50,0.014,0.006,0.005,-81.5173,3.495,4.614,10.719*56
$GNGST,084644.60,0.013,0.005,0.005,24.8096,3.495,4.614,10.719*74
$GNGST,084644.70,0.012,0.005,0.005,79.9991,3.495,4.614,10.719*73
$GNGST,084644.80,0.012,0.005,0.004,-49.3191,3.495,4.614,10.719*51
$GNGST,084644.90,0.014,0.006,0.005,-57.0386,3.495,4.614,10.719*5C
$GNGST,084645.00,0.013,0.005,0.004,-3.3910,3.495,4.614,10.719*66
$GNGST,084645.10,0.012,0.005,0.004,-40.9322,3.495,4.614,10.719*50
$GNGST,084645.20,0.012,0.005,0.004,-51.9841,3.495,4.614,10.719*5D
$GNGST,084645.30,0.012,0.005,0.005,-12.9182,3.495,4.614,10.719*5C
$GNGST,084645.40,0.012,0.005,0.005,-38.7734,3.495,4.614,10.719*56
$GNGST,084645.50,0.013,0.005,0.004,-53.8278,3.495,4.614,10.719*58
$GNGST,084645.60,0.015,0.008,0.005,-61.5429,3.495,4.614,10.719*5F
$GNGST,084645.70,0.014,0.006,0.005,-61.0378,3.495,4.614,10.719*57
$GNGST,084645.80,0.013,0.007,0.004,-59.6710,3.495,4.614,10.719*58
$GNGST,084645.90,0.013,0.006,0.004,-50.8938,3.495,4.614,10.719*5B
$GNGST,084646.00,0.015,0.006,0.004,-39.4050,3.495,4.614,10.719*53
$GNGST,084646.10,0.015,0.005,0.005,69.8145,3.495,4.614,10.719*71
$GNGST,084646.20,0.015,0.006,0.005,88.9996,3.495,4.614,10.719*79
$GNGST,084646.30,0.014,0.006,0.005,52.5979,3.495,4.614,10.719*73
$GNGST,084646.40,0.012,0.005,0.004,40.9774,3.495,4.614,10.719*7C
$GNGST,084646.50,0.013,0.006,0.005,-85.7110,3.495,4.614,10.719*50
$GNGST,084646.60,0.013,0.005,0.005,-89.1067,3.495,4.614,10.719*5B
$GNGST,084646.70,0.013,0.005,0.005,-43.7222,3.495,4.614,10.719*59
$GNGST,084646.80,0.014,0.006,0.005,-44.8571,3.495,4.614,10.719*5B
$GNGST,084646.90,0.013,0.005,0.004,-14.1483,3.495,4.614,10.719*5F
$GNGST,084647.00,0.014,0.006,0.004,-46.4753,3.495,4.614,10.719*5F
$GNGST,084647.10,0.012,0.005,0.004,23.3102,3.495,4.614,10.719*70
$GNGST,084647.20,0.013,0.005,0.004,-44.4252,3.495,4.614,10.719*5F
$GNGST,084647.30,0.013,0.005,0.005,31.9498,3.495,4.614,10.719*7D
$GNGST,084647.40,0.013,0.005,0.005,-34.8441,3.495,4.614,10.719*57
$GNGST,084647.50,0.013,0.005,0.005,-59.7615,3.495,4.614,10.719*51
$GNGST,084647.60,0.015,0.006,0.005,-7.9642,3.495,4.614,10.719*60
$GNGST,084647.70,0.014,0.006,0.005,36.0255,3.495,4.614,10.719*74
$GNGST,084647.80,0.017,0.005,0.005,-69.4734,3.495,4.614,10.719*5A
$GNGST,084647.90,0.012,0.005,0.005,83.8940,3.495,4.614,10.719*76
$GNGST,084648.00,0.012,0.005,0.005,-71.7741,3.495,4.614,10.719*50
$GNGST,084648.10,0.015,0.006,0.005,42.1315,3.495,4.614,10.719*7B
$GNGST,084648.20,0.014,0.006,0.005,43.2821,3.495,4.614,10.719*77
$GNGST,084648.30,0.011,0.005,0.004,-34.9891,3.495,4.614,10.719*5C
$GNGST,084648.40,0.013,0.005,0.005,34.0211,3.495,4.614,10.719*7E
$GNGST,084648.50,0.012,0.005,0.005,32.5151,3.495,4.614,10.719*7A
$GNGST,084648.60,0.014,0.006,0.006,-21.5461,3.495,4.614,10.719*56
$GNGST,084648.70,0.016,0.006,0.005,42.3039,3.495,4.614,10.719*71
$GNGST,084648.80,0.013,0.005,0.004,-8.5511,3.495,4.614,10.719*63
$GNGST,084648.90,0.012,0.004,0.004,-46.2720,3.495,4.614,10.719*5F
$GNGST,084649.00,0.012,0.004,0.004,-45.1279,3.495,4.614,10.719*5E
$GNGST,084649.10,0.013,0.005,0.004,-4.5886,3.495,4.614,10.719*64
$GNGST,084649.20,0.012,0.005,0.005,-64.7350,3.495,4.614,10.719*53
$GNGST,084649.30,0.012,0.004,0.004,-35.2605,3.495,4.614,10.719*56
$GNGST,084649.40,0.012,0.005,0.004,-11.8935,3.495,4.614,10.719*50
$GNGST,084649.50,0.014,0.005,0.005,0.2831,3.495,4.614,10.719*44
$GNGST,084649.60,0.016,0.006,0.004,-33.7070,3.495,4.614,10.719*52
$GNGST,084649.70,0.013,0.005,0.004,-9.7282,3.495,4.614,10.719*63
$GNGST,084649.80,0.013,0.005,0.004,3.7025,3.495,4.614,10.719*44
$GNGST,084649.90,0.013,0.006,0.004,-35.2525,3.495,4.614,10.719*5E
$GNGST,084650.00,0.011,0.005,0.004,20.7378,3.495,4.614,10.719*7C
$GNGST,084650.10,0.015,0.007,0.005,40.6145,3.495,4.614,10.719*71
$GNGST,084650.20,0.013,0.006,0.005,-80.1015,3.495,4.614,10.719*57
$GNGST,084650.30,0.013,0.006,0.005,80.2470,3.495,4.614,10.719*7F
$GNGST,084650.40,0.013,0.006,0.005,60.5186,3.495,4.614,10.719*7D
$GNGST,084650.50,0.012,0.005,0.004,-31.4752,3.495,4.614,10.719*58
$GNGST,084650.60,0.012,0.005,0.004,-41.2024,3.495,4.614,10.719*5C
$GNGST,084650.70,0.013,0.005,0.005,14.3707,3.495,4.614,10.719*77
$GNGST,084650.80,0.013,0.005,0.005,15.8116,3.495,4.614,10.719*74
$GNGST,084650.90,0.014,0.006,0.005,-2.0736,3.495,4.614,10.719*66
$GNGST,084651.00,0.013,0.005,0.005,-38.4070,3.495,4.614,10.719*52
$GNGST,084651.10,0.013,0.006,0.005,-78.4966,3.495,4.614,10.719*5A
$GNGST,084651.20,0.012,0.005,0.004,10.2583,3.495,4.614,10.719*78
$GNGST,084651.30,0.020,0.011,0.006,-80.1907,3.495,4.614,10.719*58
$GNGST,084651.40,0.015,0.006,0.005,46.0862,3.495,4.614,10.719*78
$GNGST,084651.50,0.011,0.005,0.004,28.2456,3.495,4.614,10.719*7E
$GNGST,084651.60,0.012,0.005,0.004,-11.9066,3.495,4.614,10.719*55
$GNGST,084651.70,0.011,0.005,0.004,9.8949,3.495,4.614,10.719*46
$GNGST,084651.80,0.012,0.005,0.005,33.4469,3.495,4.614,10.719*71
$GNGST,084651.90,0.012,0.005,0.004,46.9639,3.495,4.614,10.719*79
$GNGST,084652.00,0.012,0.005,0.004,31.0354,3.495,4.614,10.719*74
$GNGST,084652.10,0.012,0.005,0.004,45.7364,3.495,4.614,10.719*72
$GNGST,084652.20,0.012,0.005,0.004,29.2207,3.495,4.614,10.719*7A
$GNGST,084652.30,0.012,0.005,0.004,32.5442,3.495,4.614,10.719*71
$GNGST,084652.40,0.014,0.007,0.005,36.4656,3.495,4.614,10.719*71
$GNGST,084652.50,0.015,0.006,0.005,32.9767,3.495,4.614,10.719*7A
$GNGST,084652.60,0.010,0.004,0.004,8.9151,3.495,4.614,10.719*45
$GNGST,084652.70,0.011,0.004,0.004,-59.2159,3.495,4.614,10.719*5F
$GNGST,084652.80,0.012,0.005,0.004,52.3634,3.495,4.614,10.719*79
$GNGST,084652.90,0.012,0.005,0.004,42.8465,3.495,4.614,10.719*74
$GNGST,084653.00,0.011,0.005,0.004,35.9596,3.495,4.614,10.719*73
$GNGST,084653.10,0.012,0.005,0.005,63.3213,3.495,4.614,10.719*73
$GNGST,084653.20,0.012,0.005,0.004,38.9428,3.495,4.614,10.719*7B
$GNGST,084653.30,0.015,0.007,0.005,32.6928,3.495,4.614,10.719*76
$GNGST,084653.40,0.013,0.005,0.005,42.4514,3.495,4.614,10.719*73
$GNGST,084653.50,0.011,0.005,0.004,-61.7590,3.495,4.614,10.719*52
$GNGST,084653.60,0.011,0.004,0.004,-33.6855,3.495,4.614,10.719*52
$GNGST,084653.70,0.014,0.006,0.004,-8.0705,3.495,4.614,10.719*60
$GNGST,084653.80,0.013,0.007,0.005,-48.8034,3.495,4.614,10.719*51
$GNGST,084653.90,0.013,0.005,0.004,-18.5571,3.495,4.614,10.719*5F
$GNGST,084654.00,0.012,0.005,0.005,-19.7727,3.495,4.614,10.719*53
$GNGST,084654.10,0.011,0.005,0.004,-9.3275,3.495,4.614,10.719*67
$GNGST,084654.20,0.015,0.005,0.004,28.2419,3.495,4.614,10.719*73
$GNGST,084654.30,0.014,0.006,0.004,20.9836,3.495,4.614,10.719*72
$GNGST,084654.40,0.013,0.005,0.004,-14.6309,3.495,4.614,10.719*53
$GNGST,084654.50,0.015,0.007,0.005,30.6540,3.495,4.614,10.719*77
$GNGST,084654.60,0.012,0.005,0.004,-33.9841,3.495,4.614,10.719*5D
$GNGST,084654.70,0.017,0.007,0.005,54.0071,3.495,4.614,10.719*74
$GNGST,084654.80,0.016,0.007,0.004,31.1180,3.495,4.614,10.719*76
$GNGST,084654.90,0.014,0.006,0.005,3.6743,3.495,4.614,10.719*4A
$GNGST,084655.00,0.013,0.006,0.005,10.2789,3.495,4.614,10.719*75
$GNGST,084655.10,0.013,0.006,0.005,20.5247,3.495,4.614,10.719*77
$GNGST,084655.20,0.013,0.005,0.005,27.5639,3.495,4.614,10.719*7D
$GNGST,084655.30,0.020,0.009,0.005,19.4358,3.495,4.614,10.719*7E
$GNGST,084655.40,0.013,0.005,0.005,-25.3737,3.495,4.614,10.719*5D
$GNGST,084655.50,0.014,0.005,0.005,-39.6538,3.495,4.614,10.719*5E
$GNGST,084655.60,0.012,0.005,0.005,25.3296,3.495,4.614,10.719*7D
$GNGST,084655.70,0.012,0.005,0.004,-29.5433,3.495,4.614,10.719*53
$GNGST,084655.80,0.013,0.006,0.005,-26.7115,3.495,4.614,10.719*53
$GNGST,084655.90,0.014,0.005,0.005,12.0643,3.495,4.614,10.719*7F
$GNGST,084656.00,0.013,0.005,0.004,-41.9614,3.495,4.614,10.719*53
$GNGST,084656.10,0.012,0.005,0.005,-69.6622,3.495,4.614,10.719*52
$GNGST,084656.20,0.013,0.005,0.004,-42.3576,3.495,4.614,10.719*5F
$GNGST,084656.30,0.014,0.006,0.005,-15.7935,3.495,4.614,10.719*56
$GNGST,084656.40,0.013,0.006,0.004,-47.7628,3.495,4.614,10.719*53
$GNGST,084656.50,0.047,0.016,0.006,-63.4142,3.495,4.614,10.719*5E
$GNGST,084656.60,0.020,0.011,0.006,22.2646,3.495,4.614,10.719*76
$GNGST,084656.70,0.019,0.006,0.005,-39.0470,3.495,4.614,10.719*5A
$GNGST,084656.80,0.012,0.005,0.004,-25.2434,3.495,4.614,10.719*53
$GNGST,084656.90,0.013,0.005,0.005,-83.5913,3.495,4.614,10.719*51
$GNGST,084657.00,0.012,0.005,0.004,-39.6239,3.495,4.614,10.719*58
$GNGST,084657.10,0.012,0.005,0.004,-60.2769,3.495,4.614,10.719*51
$GNGST,084657.20,0.013,0.006,0.005,-44.6184,3.495,4.614,10.719*56
$GNGST,084657.30,0.013,0.006,0.005,31.5537,3.495,4.614,10.719*77
$GNGST,084657.40,0.013,0.005,0.004,-38.3872,3.495,4.614,10.719*5C
$GNGST,084657.50,0.015,0.007,0.006,49.8706,3.495,4.614,10.719*77
$GNGST,084657.60,0.011,0.005,0.004,-24.2839,3.495,4.614,10.719*5F
$GNGST,084657.70,0.012,0.005,0.005,-4.8640,3.495,4.614,10.719*64
$GNGST,084657.80,0.012,0.005,0.005,18.3985,3.495,4.614,10.719*76
$GNGST,084657.90,0.014,0.006,0.005,29.0283,3.495,4.614,10.719*7E
$GNGST,084658.00,0.013,0.005,0.005,-52.0945,3.495,4.614,10.719*5C
$GNGST,084658.10,0.012,0.005,0.005,-5.4133,3.495,4.614,10.719*63
$GNGST,084658.20,0.013,0.006,0.005,10.3920,3.495,4.614,10.719*76
$GNGST,084658.30,0.014,0.005,0.005,-9.5510,3.495,4.614,10.719*6F
$GNGST,084658.40,0.015,0.006,0.005,-31.3912,3.495,4.614,10.719*59
$GNGST,084658.50,0.014,0.006,0.005,-4.3934,3.495,4.614,10.719*6B
$GNGST,084658.60,0.013,0.005,0.005,-4.8717,3.495,4.614,10.719*68
$GNGST,084658.70,0.013,0.005,0.005,73.1522,3.495,4.614,10.719*79
$GNGST,084658.80,0.014,0.006,0.005,73.0369,3.495,4.614,10.719*7A
$GNGST,084658.90,0.012,0.005,0.005,45.1121,3.495,4.614,10.719*74
$GNGST,084659.00,0.012,0.005,0.004,29.8478,3.495,4.614,10.719*77
$GNGST,084659.10,0.013,0.006,0.005,-2.4041,3.495,4.614,10.719*63
$GNGST,084659.20,0.013,0.006,0.005,39.0345,3.495,4.614,10.719*76
$GNGST,084659.30,0.014,0.006,0.005,-30.5168,3.495,4.614,10.719*5C
$GNGST,084659.40,0.018,0.007,0.005,-38.9018,3.495,4.614,10.719*54
$GNGST,084659.50,0.016,0.006,0.005,-44.5818,3.495,4.614,10.719*55
$GNGST,084659.60,0.014,0.005,0.004,14.2227,3.495,4.614,10.719*7F
$GNGST,084659.70,0.014,0.005,0.005,-24.6923,3.495,4.614,10.719*5A
$GNGST,084659.80,0.014,0.005,0.005,-57.8200,3.495,4.614,10.719*55
$GNGST,084659.90,0.013,0.006,0.005,53.2038,3.495,4.614,10.719*7A
$GNGST,084700.00,0.012,0.005,0.005,37.4663,3.495,4.614,10.719*70
$GNGST,084700.10,0.012,0.005,0.005,-16.4647,3.495,4.614,10.719*59
$GNGST,084700.20,0.013,0.005,0.005,72.1236,3.495,4.614,10.719*73
$GNGST,084700.30,0.014,0.007,0.005,67.2278,3.495,4.614,10.719*7A
$GNGST,084700.40,0.012,0.005,0.005,-89.4015,3.495,4.614,10.719*5B
$GNGST,084700.50,0.015,0.006,0.005,-61.3031,3.495,4.614,10.719*59
$GNGST,084700.60,0.014,0.006,0.006,-78.9211,3.495,4.614,10.719*5A
$GNGST,084700.70,0.012,0.006,0.005,72.7465,3.495,4.614,10.719*72
$GNGST,084700.80,0.012,0.005,0.005,-78.3491,3.495,4.614,10.719*56
$GNGST,084700.90,0.012,0.006,0.005,-48.1728,3.495,4.614,10.719*54
$GNGST,084701.00,0.012,0.006,0.005,-45.2607,3.495,4.614,10.719*5E
$GNGST,084701.10,0.013,0.005,0.005,-2.9415,3.495,4.614,10.719*64
$GNGST,084701.20,0.012,0.005,0.005,-56.5086,3.495,4.614,10.719*55
$GNGST,084701.30,0.012,0.005,0.005,81.4313,3.495,4.614,10.719*7D
$GNGST,084701.40,0.012,0.005,0.005,37.4628,3.495,4.614,10.719*7A
$GNGST,084701.50,0.013,0.005,0.005,76.9983,3.495,4.614,10.719*7C
$GNGST,084701.60,0.012,0.005,0.005,-24.9094,3.495,4.614,10.719*5B
$GNGST,084701.70,0.015,0.008,0.005,30.9454,3.495,4.614,10.719*70
$GNGST,084701.80,0.012,0.005,0.005,-26.8924,3.495,4.614,10.719*54
$GNGST,084701.90,0.013,0.005,0.005,-11.4670,3.495,4.614,10.719*52
$GNGST,084702.00,0.013,0.006,0.005,-57.9286,3.495,4.614,10.719*59
$GNGST,084702.10,0.012,0.006,0.004,-53.3782,3.495,4.614,10.719*57
$GNGST,084702.20,0.011,0.005,0.004,-45.5659,3.495,4.614,10.719*52
$GNGST,084702.30,0.011,0.005,0.004,-57.3398,3.495,4.614,10.719*5E
$GNGST,084702.40,0.012,0.005,0.004,-59.5210,3.495,4.614,10.719*53
$GNGST,084702.50,0.012,0.005,0.005,-57.7377,3.495,4.614,10.719*5F
$GNGST,084702.60,0.011,0.005,0.004,-33.7099,3.495,4.614,10.719*5F
$GNGST,084702.70,0.011,0.005,0.004,-25.1019,3.495,4.614,10.719*57
$GNGST,084702.80,0.012,0.005,0.005,87.0580,3.495,4.614,10.719*7B
$GNGST,084702.90,0.014,0.006,0.005,-19.1317,3.495,4.614,10.719*5C
$GNGST,084703.00,0.012,0.005,0.004,-8.4755,3.495,4.614,10.719*67
$GNGST,084703.10,0.013,0.006,0.005,19.7313,3.495,4.614,10.719*7D
$GNGST,084703.20,0.013,0.005,0.005,-42.7342,3.495,4.614,10.719*5A
$GNGST,084703.30,0.012,0.005,0.004,-39.7866,3.495,4.614,10.719*5A
$GNGST,084703.40,0.014,0.007,0.005,-30.1963,3.495,4.614,10.719*53
$GNGST,084703.50,0.016,0.007,0.005,-45.6769,3.495,4.614,10.719*51
$GNGST,084703.60,0.013,0.005,0.005,-54.1624,3.495,4.614,10.719*5A
$GNGST,084703.70,0.013,0.006,0.005,-40.7732,3.495,4.614,10.719*5D
$GNGST,084703.80,0.012,0.006,0.004,-36.2278,3.495,4.614,10.719*5D
$GNGST,084703.90,0.013,0.006,0.004,-47.0237,3.495,4.614,10.719*52
$GNGST,084704.00,0.014,0.006,0.005,-23.7625,3.495,4.614,10.719*58
$GNGST,084704.10,0.014,0.007,0.005,-35.4279,3.495,4.614,10.719*51
$GNGST,084704.20,0.012,0.005,0.005,-27.4650,3.495,4.614,10.719*5A
$GNGST,084704.30,0.013,0.005,0.005,18.9587,3.495,4.614,10.719*7F
$GNGST,084704.40,0.014,0.006,0.005,-35.6159,3.495,4.614,10.719*56
$GNGST,084704.50,0.013,0.005,0.004,-34.8580,3.495,4.614,10.719*5D
$GNGST,084704.60,0.014,0.006,0.004,-14.0482,3.495,4.614,10.719*53
$GNGST,084704.70,0.011,0.005,0.004,-30.5879,3.495,4.614,10.719*5F
$GNGST,084704.80,0.012,0.005,0.004,-1.3801,3.495,4.614,10.719*68
$GNGST,084704.90,0.013,0.005,0.004,-50.5958,3.495,4.614,10.719*57
$GNGST,084705.00,0.014,0.006,0.004,-26.6810,3.495,4.614,10.719*54
$GNGST,084705.10,0.013,0.005,0.004,-37.1190,3.495,4.614,10.719*57
$GNGST,084705.20,0.013,0.006,0.004,-55.0720,3.495,4.614,10.719*5F
$GNGST,084705.30,0.013,0.006,0.005,-39.1169,3.495,4.614,10.719*5F
$GNGST,084705.40,0.012,0.005,0.005,-14.6415,3.495,4.614,10.719*5C
$GNGST,084705.50,0.015,0.008,0.005,20.5693,3.495,4.614,10.719*72
$GNGST,084705.60,0.013,0.006,0.005,6.1501,3.495,4.614,10.719*41
$GNGST,084705.70,0.012,0.005,0.004,-30.2291,3.495,4.614,10.719*56
$GNGST,084705.80,0.012,0.005,0.005,-16.6965,3.495,4.614,10.719*58
$GNGST,084705.90,0.013,0.006,0.004,25.3597,3.495,4.614,10.719*73
$GNGST,084706.00,0.019,0.006,0.005,14.0035,3.495,4.614,10.719*7E
$GNGST,084706.10,0.013,0.005,0.005,-19.9328,3.495,4.614,10.719*50
$GNGST,084706.20,0.014,0.006,0.004,31.8929,3.495,4.614,10.719*7B
$GNGST,084706.30,0.012,0.005,0.005,-7.7164,3.495,4.614,10.719*68
$GNGST,084706.40,0.018,0.008,0.005,-3.3957,3.495,4.614,10.719*60
$GNGST,084706.50,0.016,0.008,0.004,22.8746,3.495,4.614,10.719*75
$GNGST,084706.60,0.013,0.005,0.005,-14.6416,3.495,4.614,10.719*5F
$GNGST,084706.70,0.012,0.005,0.005,-4.0511,3.495,4.614,10.719*6E
$GNGST,084706.80,0.011,0.005,0.004,-4.8327,3.495,4.614,10.719*68
$GNGST,084706.90,0.012,0.005,0.004,-5.3305,3.495,4.614,10.719*60
$GNGST,084707.00,0.013,0.006,0.004,-35.4130,3.495,4.614,10.719*5A
$GNGST,084707.10,0.012,0.005,0.004,-17.0418,3.495,4.614,10.719*52
$GNGST,084707.20,0.012,0.005,0.005,-31.3058,3.495,4.614,10.719*57
$GNGST,084707.30,0.011,0.004,0.004,-24.7442,3.495,4.614,10.719*5A
$GNGST,084707.40,0.012,0.005,0.005,-62.3716,3.495,4.614,10.719*5A
$GNGST,084707.50,0.012,0.005,0.005,45.3465,3.495,4.614,10.719*74
$GNGST,084707.60,0.012,0.006,0.005,5.7921,3.495,4.614,10.719*49
$GNGST,084707.70,0.012,0.005,0.004,-28.0085,3.495,4.614,10.719*58
$GNGST,084707.80,0.012,0.005,0.004,1.8335,3.495,4.614,10.719*41
$GNGST,084707.90,0.014,0.005,0.005,52.4265,3.495,4.614,10.719*79
$GNGST,084708.00,0.013,0.005,0.005,18.8115,3.495,4.614,10.719*7E
$GNGST,084708.10,0.013,0.005,0.005,19.1056,3.495,4.614,10.719*71
$GNGST,084708.20,0.012,0.006,0.004,33.8582,3.495,4.614,10.719*7C
$GNGST,084708.30,0.012,0.005,0.005,29.9957,3.495,4.614,10.719*71
$GNGST,084708.40,0.013,0.005,0.005,-43.4880,3.495,4.614,10.719*50
$GNGST,084708.50,0.020,0.009,0.006,45.0933,3.495,4.614,10.719*78
$GNGST,084708.60,0.013,0.005,0.005,20.8125,3.495,4.614,10.719*70
$GNGST,084708.70,0.013,0.005,0.004,29.3318,3.495,4.614,10.719*7E
$GNGST,084708.80,0.015,0.006,0.004,24.1907,3.495,4.614,10.719*7F
$GNGST,084708.90,0.015,0.007,0.005,40.9684,3.495,4.614,10.719*70
$GNGST,084709.00,0.015,0.007,0.005,36.1325,3.495,4.614,10.719*7F
$GNGST,084709.10,0.013,0.005,0.005,30.6776,3.495,4.614,10.719*79
$GNGST,084709.20,0.015,0.007,0.004,25.7831,3.495,4.614,10.719*76
$GNGST,084709.30,0.015,0.006,0.005,24.6951,3.495,4.614,10.719*70
$GNGST,084709.40,0.015,0.007,0.005,24.0210,3.495,4.614,10.719*7E
$GNGST,084709.50,0.015,0.008,0.005,18.4221,3.495,4.614,10.719*79
$GNGST,084709.60,0.016,0.007,0.005,22.4537,3.495,4.614,10.719*7F
$GNGST,084709.70,0.015,0.009,0.005,21.5775,3.495,4.614,10.719*75
$GNGST,084709.80,0.013,0.006,0.004,33.3515,3.495,4.614,10.719*73
$GNGST,084709.90,0.014,0.006,0.004,30.3663,3.495,4.614,10.719*74
$GNGST,084710.00,0.017,0.012,0.005,29.6910,3.495,4.614,10.719*74
$GNGST,084710.10,0.013,0.006,0.004,31.8648,3.495,4.614,10.719*70
$GNGST,084710.20,0.014,0.007,0.004,28.1255,3.495,4.614,10.719*7C
$GNGST,084710.30,0.014,0.007,0.004,30.7510,3.495,4.614,10.719*74
$GNGST,084710.40,0.013,0.006,0.004,22.9728,3.495,4.614,10.719*71
$GNGST,084710.50,0.014,0.007,0.004,32.1736,3.495,4.614,10.719*70
$GNGST,084710.60,0.012,0.005,0.004,23.7349,3.495,4.614,10.719*7D
$GNGST,084710.70,0.015,0.006,0.005,21.4925,3.495,4.614,10.719*78
$GNGST,084710.80,0.015,0.008,0.005,47.4392,3.495,4.614,10.719*7F
$GNGST,084710.90,0.016,0.009,0.005,25.5548,3.495,4.614,10.719*78
$GNGST,084711.00,0.011,0.005,0.004,-33.5573,3.495,4.614,10.719*58
$GNGST,084711.10,0.013,0.005,0.004,-23.1121,3.495,4.614,10.719*5D
$GNGST,084711.20,0.013,0.006,0.005,49.5816,3.495,4.614,10.719*74
$GNGST,084711.30,0.012,0.005,0.005,-19.5970,3.495,4.614,10.719*5E
$GNGST,084711.40,0.014,0.006,0.005,-10.6412,3.495,4.614,10.719*5F
$GNGST,084711.50,0.015,0.007,0.005,-61.6225,3.495,4.614,10.719*5A
$GNGST,084711.60,0.014,0.006,0.005,-2.2784,3.495,4.614,10.719*66
$GNGST,084711.70,0.011,0.005,0.004,5.9185,3.495,4.614,10.719*46
$GNGST,084711.80,0.014,0.006,0.005,30.7448,3.495,4.614,10.719*72
$GNGST,084711.90,0.013,0.005,0.004,-11.5235,3.495,4.614,10.719*56
$GNGST,084712.00,0.012,0.006,0.004,-40.2922,3.495,4.614,10.719*50
$GNGST,084712.10,0.014,0.006,0.005,-26.4130,3.495,4.614,10.719*5B
$GNGST,084712.20,0.015,0.007,0.005,-10.8541,3.495,4.614,10.719*53
$GNGST,084712.30,0.012,0.006,0.004,-8.1454,3.495,4.614,10.719*60
$GNGST,084712.40,0.012,0.005,0.005,-18.5083,3.495,4.614,10.719*5E
$GNGST,084712.50,0.012,0.007,0.004,-13.7457,3.495,4.614,10.719*58
$GNGST,084712.60,0.012,0.005,0.004,-51.7873,3.495,4.614,10.719*55
$GNGST,084712.70,0.013,0.006,0.004,-26.7672,3.495,4.614,10.719*59
$GNGST,084712.80,0.013,0.005,0.004,-1.2239,3.495,4.614,10.719*6E
$GNGST,084712.90,0.012,0.005,0.004,-35.6279,3.495,4.614,10.719*59
$GNGST,084713.00,0.012,0.006,0.004,-41.5825,3.495,4.614,10.719*51
$GNGST,084713.10,0.013,0.006,0.004,-37.9057,3.495,4.614,10.719*51
$GNGST,084713.20,0.013,0.005,0.004,-47.0362,3.495,4.614,10.719*5A
$GNGST,084713.30,0.013,0.005,0.004,-48.0407,3.495,4.614,10.719*50
$GNGST,084713.40,0.015,0.006,0.005,-2.1390,3.495,4.614,10.719*65
$GNGST,084713.50,0.016,0.007,0.005,-19.8557,3.495,4.614,10.719*58
$GNGST,084713.60,0.012,0.005,0.004,-39.5973,3.495,4.614,10.719*59
$GNGST,084713.70,0.012,0.005,0.004,-46.4477,3.495,4.614,10.719*58
$GNGST,084713.80,0.012,0.005,0.004,-45.6358,3.495,4.614,10.719*5C
$GNGST,084713.90,0.013,0.005,0.004,-30.8585,3.495,4.614,10.719*56
$GNGST,084714.00,0.014,0.005,0.004,-45.6910,3.495,4.614,10.719*53
$GNGST,084714.10,0.013,0.005,0.004,-39.6990,3.495,4.614,10.719*56
$GNGST,084714.20,0.013,0.005,0.004,-5.3133,3.495,4.614,10.719*6E
$GNGST,084714.30,0.014,0.005,0.005,27.3228,3.495,4.614,10.719*7D
$GNGST,084714.40,0.013,0.006,0.004,-44.3592,3.495,4.614,10.719*51
$GNGST,084714.50,0.012,0.005,0.005,-32.1469,3.495,4.614,10.719*55
$GNGST,084714.60,0.012,0.005,0.004,-52.9774,3.495,4.614,10.719*56
$GNGST,084714.70,0.012,0.006,0.004,-35.0786,3.495,4.614,10.719*51
$GNGST,084714.80,0.013,0.005,0.005,37.9408,3.495,4.614,10.719*7E
$GNGST,084714.90,0.018,0.008,0.005,42.9159,3.495,4.614,10.719*7A
$GNGST,084715.00,0.016,0.007,0.004,-43.2343,3.495,4.614,10.719*5C
$GNGST,084715.10,0.013,0.007,0.004,-37.3699,3.495,4.614,10.719*58
$GNGST,084715.20,0.016,0.010,0.004,-33.0092,3.495,4.614,10.719*52
$GNGST,084715.30,0.014,0.006,0.004,-42.3867,3.495,4.614,10.719*51
$GNGST,084715.40,0.014,0.006,0.005,-63.7146,3.495,4.614,10.719*5A
$GNGST,084715.50,0.016,0.008,0.006,-47.7849,3.495,4.614,10.719*54
$GNGST,084715.60,0.015,0.006,0.005,-4.7323,3.495,4.614,10.719*69
$GNGST,084715.70,0.012,0.005,0.004,-48.9699,3.495,4.614,10.719*5F
$GNGST,084715.80,0.014,0.006,0.005,-49.0899,3.495,4.614,10.719*52
$GNGST,084715.90,0.012,0.005,0.005,-10.2191,3.495,4.614,10.719*59
$GNGST,084716.00,0.012,0.006,0.004,-24.4855,3.495,4.614,10.719*51
$GNGST,084716.10,0.015,0.007,0.004,-24.0503,3.495,4.614,10.719*5C
$GNGST,084716.20,0.012,0.005,0.004,-10.0977,3.495,4.614,10.719*52
$GNGST,084716.30,0.013,0.005,0.004,-20.9277,3.495,4.614,10.719*53
$GNGST,084716.40,0.014,0.006,0.005,-10.1536,3.495,4.614,10.719*58
$GNGST,084716.50,0.014,0.006,0.005,-18.3511,3.495,4.614,10.719*56
$GNGST,084716.60,0.012,0.005,0.004,4.8327,3.495,4.614,10.719*49
$GNGST,084716.70,0.016,0.008,0.005,26.7381,3.495,4.614,10.719*73
$GNGST,084716.80,0.011,0.005,0.004,23.3049,3.495,4.614,10.719*71
$GNGST,084716.90,0.010,0.004,0.004,-11.8807,3.495,4.614,10.719*55
$GNGST,084717.00,0.011,0.005,0.004,20.8606,3.495,4.614,10.719*7D
$GNGST,084717.10,0.010,0.004,0.004,-9.7414,3.495,4.614,10.719*64
$GNGST,084717.20,0.012,0.005,0.004,-1.9672,3.495,4.614,10.719*60
$GNGST,084717.30,0.011,0.004,0.004,-23.9239,3.495,4.614,10.719*58
$GNGST,084717.40,0.012,0.005,0.004,-27.0980,3.495,4.614,10.719*59
$GNGST,084717.50,0.011,0.005,0.004,-2.9034,3.495,4.614,10.719*63
$GNGST,084717.60,0.011,0.004,0.004,-3.1058,3.495,4.614,10.719*62
$GNGST,084717.70,0.011,0.005,0.004,3.7049,3.495,4.614,10.719*49
$GNGST,084717.80,0.012,0.004,0.004,-14.5595,3.495,4.614,10.719*59
$GNGST,084717.90,0.011,0.004,0.004,14.1198,3.495,4.614,10.719*7B
$GNGST,084718.00,0.012,0.005,0.004,-28.4735,3.495,4.614,10.719*59
$GNGST,084718.10,0.011,0.004,0.004,5.7678,3.495,4.614,10.719*43
$GNGST,084718.20,0.010,0.004,0.004,-10.0260,3.495,4.614,10.719*52
$GNGST,084718.30,0.011,0.004,0.004,-13.0856,3.495,4.614,10.719*5E
$GNGST,084718.40,0.011,0.004,0.004,-0.1675,3.495,4.614,10.719*65
$GNGST,084718.50,0.010,0.004,0.004,-1.6063,3.495,4.614,10.719*62
$GNGST,084718.60,0.010,0.004,0.004,34.8629,3.495,4.614,10.719*7C
$GNGST,084718.70,0.010,0.004,0.004,-38.9621,3.495,4.614,10.719*55
$GNGST,084718.80,0.013,0.006,0.004,33.5566,3.495,4.614,10.719*71
$GNGST,084718.90,0.013,0.005,0.004,35.1007,3.495,4.614,10.719*73
$GNGST,084719.00,0.013,0.004,0.004,33.4782,3.495,4.614,10.719*73
$GNGST,084719.10,0.012,0.005,0.004,2.6556,3.495,4.614,10.719*49
$GNGST,084719.20,0.013,0.006,0.005,38.1558,3.495,4.614,10.719*79
$GNGST,084719.30,0.012,0.005,0.004,48.1217,3.495,4.614,10.719*70
$GNGST,084719.40,0.012,0.004,0.004,7.3967,3.495,4.614,10.719*43
$GNGST,084719.50,0.011,0.004,0.004,29.5947,3.495,4.614,10.719*79
$GNGST,084719.60,0.012,0.004,0.004,-32.3807,3.495,4.614,10.719*5D
$GNGST,084719.70,0.011,0.004,0.004,6.3100,3.495,4.614,10.719*4B
$GNGST,084719.80,0.011,0.004,0.004,20.2795,3.495,4.614,10.719*7B
$GNGST,084719.90,0.012,0.005,0.004,29.7937,3.495,4.614,10.719*72
$GNGST,084720.00,0.011,0.004,0.004,26.7603,3.495,4.614,10.719*74
$GNGST,084720.10,0.012,0.004,0.004,20.4397,3.495,4.614,10.719*7B
$GNGST,084720.20,0.014,0.007,0.004,39.8584,3.495,4.614,10.719*7D
$GNGST,084720.30,0.015,0.005,0.004,-59.7248,3.495,4.614,10.719*5C
$GNGST,084720.40,0.011,0.004,0.004,29.8850,3.495,4.614,10.719*78
$GNGST,084720.50,0.010,0.004,0.004,-44.3448,3.495,4.614,10.719*50
$GNGST,084720.60,0.011,0.004,0.004,18.6471,3.495,4.614,10.719*79
$GNGST,084720.70,0.011,0.004,0.004,-10.4061,3.495,4.614,10.719*5A
$GNGST,084720.80,0.012,0.004,0.004,-6.9835,3.495,4.614,10.719*65
$GNGST,084720.90,0.011,0.004,0.004,24.5969,3.495,4.614,10.719*7E
$GNGST,084721.00,0.012,0.006,0.004,46.3980,3.495,4.614,10.719*72
$GNGST,084721.10,0.014,0.006,0.004,46.4543,3.495,4.614,10.719*71
$GNGST,084721.20,0.012,0.005,0.004,44.3354,3.495,4.614,10.719*72
$GNGST,084721.30,0.011,0.004,0.004,20.0563,3.495,4.614,10.719*72
$GNGST,084721.40,0.014,0.006,0.004,43.1908,3.495,4.614,10.719*77
$GNGST,084721.50,0.011,0.004,0.004,37.1241,3.495,4.614,10.719*74
$GNGST,084721.60,0.012,0.004,0.004,27.1808,3.495,4.614,10.719*72
$GNGST,084721.70,0.012,0.005,0.004,86.9753,3.495,4.614,10.719*70
$GNGST,084721.80,0.014,0.006,0.004,53.4859,3.495,4.614,10.719*7A
$GNGST,084721.90,0.014,0.006,0.005,53.0472,3.495,4.614,10.719*7B
$GNGST,084722.00,0.012,0.005,0.004,71.2258,3.495,4.614,10.719*79
$GNGST,084722.10,0.013,0.005,0.004,11.2872,3.495,4.614,10.719*7D
$GNGST,084722.20,0.011,0.004,0.004,6.6212,3.495,4.614,10.719*43
$GNGST,084722.30,0.011,0.004,0.004,23.1143,3.495,4.614,10.719*75
$GNGST,084722.40,0.012,0.004,0.004,20.8845,3.495,4.614,10.719*74
$GNGST,084722.50,0.012,0.005,0.004,45.3906,3.495,4.614,10.719*7A
$GNGST,084722.60,0.012,0.005,0.004,42.2434,3.495,4.614,10.719*73
$GNGST,084722.70,0.012,0.005,0.004,36.0277,3.495,4.614,10.719*72
$GNGST,084722.80,0.011,0.004,0.004,33.8637,3.495,4.614,10.719*72
$GNGST,084722.90,0.011,0.004,0.004,32.6168,3.495,4.614,10.719*71
$GNGST,084723.00,0.012,0.005,0.004,34.8436,3.495,4.614,10.719*7D
$GNGST,084723.10,0.010,0.004,0.003,22.3615,3.495,4.614,10.719*77
$GNGST,084723.20,0.012,0.005,0.004,35.8872,3.495,4.614,10.719*72
$GNGST,084723.30,0.011,0.004,0.004,19.8902,3.495,4.614,10.719*79
$GNGST,084723.40,0.012,0.005,0.004,36.9091,3.495,4.614,10.719*73
$GNGST,084723.50,0.011,0.004,0.004,29.9271,3.495,4.614,10.719*72
$GNGST,084723.60,0.011,0.004,0.004,30.9189,3.495,4.614,10.719*7D
$GNGST,084723.70,0.011,0.004,0.004,30.9190,3.495,4.614,10.719*74
$GNGST,084723.80,0.011,0.004,0.004,30.4436,3.495,4.614,10.719*7F
$GNGST,084723.90,0.011,0.004,0.004,30.4437,3.495,4.614,10.719*7F
$GNGST,084724.00,0.011,0.005,0.004,35.3105,3.495,4.614,10.719*76
$GNGST,084724.10,0.010,0.004,0.004,32.6055,3.495,4.614,10.719*71
$GNGST,084724.20,0.011,0.004,0.004,30.9196,3.495,4.614,10.719*70
$GNGST,084724.30,0.011,0.004,0.004,30.5887,3.495,4.614,10.719*74
$GNGST,084724.40,0.011,0.004,0.004,30.9198,3.495,4.614,10.719*78
$GNGST,084724.50,0.010,0.004,0.004,29.5795,3.495,4.614,10.719*77
$GNGST,084724.60,0.011,0.005,0.004,37.5363,3.495,4.614,10.719*76
$GNGST,084724.70,0.011,0.005,0.004,33.8272,3.495,4.614,10.719*7F
$GNGST,084724.80,0.011,0.005,0.004,40.7505,3.495,4.614,10.719*7C
$GNGST,084724.90,0.011,0.005,0.004,22.4030,3.495,4.614,10.719*79
$GNGST,084725.00,0.011,0.005,0.004,28.2387,3.495,4.614,10.719*72
$GNGST,084725.10,0.012,0.005,0.004,38.4830,3.495,4.614,10.719*70
$GNGST,084725.20,0.010,0.004,0.004,29.8104,3.495,4.614,10.719*72
$GNGST,084725.30,0.011,0.005,0.004,33.9773,3.495,4.614,10.719*7F
$GNGST,084725.40,0.012,0.005,0.004,27.3627,3.495,4.614,10.719*74
$GNGST,084725.50,0.012,0.005,0.004,25.0560,3.495,4.614,10.719*74
$GNGST,084725.60,0.012,0.005,0.004,35.6933,3.495,4.614,10.719*7A
$GNGST,084725.70,0.010,0.004,0.004,29.6145,3.495,4.614,10.719*7C
$GNGST,084725.80,0.012,0.005,0.004,35.8277,3.495,4.614,10.719*71
$GNGST,084725.90,0.012,0.005,0.004,36.2133,3.495,4.614,10.719*7A
$GNGST,084726.00,0.011,0.005,0.004,29.6351,3.495,4.614,10.719*7F
$GNGST,084726.10,0.011,0.004,0.004,28.4218,3.495,4.614,10.719*70
$GNGST,084726.20,0.012,0.005,0.004,34.9002,3.495,4.614,10.719*78
$GNGST,084726.30,0.014,0.006,0.004,35.2440,3.495,4.614,10.719*74
$GNGST,084726.40,0.010,0.004,0.004,27.2485,3.495,4.614,10.719*7F
$GNGST,084726.50,0.011,0.004,0.004,29.6225,3.495,4.614,10.719*79
$GNGST,084726.60,0.011,0.004,0.004,28.1902,3.495,4.614,10.719*72
$GNGST,084726.70,0.010,0.004,0.004,28.1397,3.495,4.614,10.719*74
$GNGST,084726.80,0.011,0.004,0.004,20.6393,3.495,4.614,10.719*71
$GNGST,084726.90,0.010,0.004,0.004,27.9439,3.495,4.614,10.719*7E
$GNGST,084727.00,0.010,0.004,0.004,28.1396,3.495,4.614,10.719*73
$GNGST,084727.10,0.010,0.004,0.004,28.1396,3.495,4.614,10.719*72
$GNGST,084727.20,0.010,0.004,0.004,28.1396,3.495,4.614,10.719*71
$GNGST,084727.30,0.010,0.004,0.004,28.1396,3.495,4.614,10.719*70
$GNGST,084727.40,0.010,0.004,0.004,28.1396,3.495,4.614,10.719*77
$GNGST,084727.50,0.010,0.004,0.004,19.9998,3.495,4.614,10.719*78
$GNGST,084727.60,0.010,0.004,0.004,19.6615,3.495,4.614,10.719*7E
$GNGST,084727.70,0.010,0.004,0.004,20.1584,3.495,4.614,10.719*79
$GNGST,084727.80,0.010,0.004,0.004,20.1582,3.495,4.614,10.719*70
$GNGST,084727.90,0.010,0.004,0.004,20.1580,3.495,4.614,10.719*73
$GNGST,084728.00,0.010,0.004,0.004,19.7849,3.495,4.614,10.719*71
$GNGST,084728.10,0.010,0.004,0.004,23.5364,3.495,4.614,10.719*7F
$GNGST,084728.20,0.010,0.004,0.004,27.6022,3.495,4.614,10.719*7A
$GNGST,084728.30,0.010,0.004,0.004,24.8287,3.495,4.614,10.719*7B
$GNGST,084728.40,0.010,0.004,0.004,19.8984,3.495,4.614,10.719*7A
$GNGST,084728.50,0.010,0.004,0.004,19.3557,3.495,4.614,10.719*72
$GNGST,084728.60,0.010,0.004,0.004,19.3554,3.495,4.614,10.719*72
$GNGST,084728.70,0.010,0.004,0.004,19.4688,3.495,4.614,10.719*76
$GNGST,084728.80,0.010,0.004,0.004,19.3549,3.495,4.614,10.719*70
$GNGST,084728.90,0.011,0.004,0.004,31.1987,3.495,4.614,10.719*76
$GNGST,084729.00,0.011,0.004,0.004,27.2172,3.495,4.614,10.719*78
$GNGST,084729.10,0.010,0.004,0.004,17.8563,3.495,4.614,10.719*75
$GNGST,084729.20,0.010,0.004,0.004,19.2096,3.495,4.614,10.719*7D
$GNGST,084729.30,0.010,0.004,0.004,19.3349,3.495,4.614,10.719*7C
$GNGST,084729.40,0.010,0.004,0.004,19.1816,3.495,4.614,10.719*78
$GNGST,084729.50,0.010,0.004,0.004,20.0035,3.495,4.614,10.719*7B
$GNGST,084729.60,0.011,0.004,0.004,27.1213,3.495,4.614,10.719*79
$GNGST,084729.70,0.010,0.004,0.004,19.9779,3.495,4.614,10.719*75
$GNGST,084729.80,0.010,0.004,0.004,19.8968,3.495,4.614,10.719*75
$GNGST,084729.90,0.010,0.004,0.004,24.0308,3.495,4.614,10.719*7E
$GNGST,084730.00,0.010,0.004,0.004,24.1247,3.495,4.614,10.719*74
$GNGST,084730.10,0.010,0.004,0.004,23.3721,3.495,4.614,10.719*75
$GNGST,084730.20,0.011,0.004,0.004,20.1244,3.495,4.614,10.719*70
$GNGST,084730.30,0.011,0.005,0.004,33.1178,3.495,4.614,10.719*7E
$GNGST,084730.40,0.011,0.004,0.004,32.4060,3.495,4.614,10.719*74
$GNGST,084730.50,0.011,0.004,0.004,12.3212,3.495,4.614,10.719*77
$GNGST,084730.60,0.010,0.004,0.004,21.6746,3.495,4.614,10.719*74
$GNGST,084730.70,0.012,0.005,0.004,9.5725,3.495,4.614,10.719*4A
$GNGST,084730.80,0.011,0.005,0.004,30.9557,3.495,4.614,10.719*77
$GNGST,084730.90,0.011,0.005,0.004,34.8959,3.495,4.614,10.719*71
$GNGST,084731.00,0.011,0.004,0.004,18.5541,3.495,4.614,10.719*7E
$GNGST,084731.10,0.010,0.004,0.004,21.3221,3.495,4.614,10.719*73
$GNGST,084731.20,0.012,0.005,0.004,20.4158,3.495,4.614,10.719*78
$GNGST,084731.30,0.012,0.005,0.004,10.4129,3.495,4.614,10.719*7C
$GNGST,084731.40,0.014,0.006,0.004,27.0786,3.495,4.614,10.719*7D
$GNGST,084731.50,0.012,0.005,0.004,18.9097,3.495,4.614,10.719*7B
$GNGST,084731.60,0.012,0.005,0.004,6.5942,3.495,4.614,10.719*4A
$GNGST,084731.70,0.012,0.005,0.004,6.9752,3.495,4.614,10.719*48
$GNGST,084731.80,0.012,0.005,0.004,4.0678,3.495,4.614,10.719*45
$GNGST,084731.90,0.014,0.006,0.004,28.8964,3.495,4.614,10.719*75
$GNGST,084732.00,0.011,0.005,0.004,15.9552,3.495,4.614,10.719*7F
$GNGST,084732.10,0.012,0.005,0.004,17.3446,3.495,4.614,10.719*71
$GNGST,084732.20,0.012,0.005,0.004,21.6819,3.495,4.614,10.719*74
$GNGST,084732.30,0.012,0.005,0.004,16.9489,3.495,4.614,10.719*7B
$GNGST,084732.40,0.012,0.005,0.004,14.6035,3.495,4.614,10.719*72
$GNGST,084732.50,0.012,0.005,0.004,9.3869,3.495,4.614,10.719*4B
$GNGST,084732.60,0.010,0.004,0.004,16.2023,3.495,4.614,10.719*72
$GNGST,084732.70,0.011,0.004,0.004,18.5377,3.495,4.614,10.719*79
$GNGST,084732.80,0.011,0.004,0.004,5.8087,3.495,4.614,10.719*4B
$GNGST,084732.90,0.011,0.004,0.004,0.4172,3.495,4.614,10.719*48
$GNGST,084733.00,0.011,0.004,0.004,13.2266,3.495,4.614,10.719*72
$GNGST,084733.10,0.011,0.004,0.004,-4.1391,3.495,4.614,10.719*62
$GNGST,084733.20,0.011,0.004,0.004,6.0195,3.495,4.614,10.719*49
$GNGST,084733.30,0.011,0.004,0.004,18.5967,3.495,4.614,10.719*77
$GNGST,084733.40,0.010,0.004,0.004,16.6605,3.495,4.614,10.719*77
$GNGST,084733.50,0.011,0.004,0.004,16.7286,3.495,4.614,10.719*79
$GNGST,084733.60,0.011,0.004,0.004,14.5446,3.495,4.614,10.719*70
$GNGST,084733.70,0.011,0.005,0.004,0.8679,3.495,4.614,10.719*46
$GNGST,084733.80,0.011,0.004,0.004,5.3825,3.495,4.614,10.719*41
$GNGST,084733.90,0.010,0.004,0.004,19.0936,3.495,4.614,10.719*7C
$GNGST,084734.00,0.011,0.004,0.004,18.5649,3.495,4.614,10.719*70
$GNGST,084734.10,0.010,0.004,0.004,16.8969,3.495,4.614,10.719*7E
$GNGST,084734.20,0.010,0.004,0.004,7.9877,3.495,4.614,10.719*42
$GNGST,084734.30,0.010,0.004,0.004,6.1378,3.495,4.614,10.719*4E
$GNGST,084734.40,0.010,0.004,0.004,13.7361,3.495,4.614,10.719*73
$GNGST,084734.50,0.011,0.004,0.004,3.4118,3.495,4.614,10.719*4D
$GNGST,084734.60,0.011,0.004,0.004,15.9811,3.495,4.614,10.719*74
$GNGST,084734.70,0.010,0.004,0.004,11.5670,3.495,4.614,10.719*75
$GNGST,084734.80,0.011,0.004,0.004,-7.9151,3.495,4.614,10.719*69
$GNGST,084734.90,0.011,0.005,0.004,6.8859,3.495,4.614,10.719*45
$GNGST,084735.00,0.012,0.005,0.004,-7.1415,3.495,4.614,10.719*6F
$GNGST,084735.10,0.012,0.005,0.004,17.4160,3.495,4.614,10.719*70
$GNGST,084735.20,0.011,0.004,0.004,-5.7087,3.495,4.614,10.719*64
$GNGST,084735.30,0.010,0.004,0.004,4.5120,3.495,4.614,10.719*46
$GNGST,084735.40,0.010,0.005,0.004,-25.9078,3.495,4.614,10.719*5E
$GNGST,084735.50,0.010,0.004,0.004,1.0981,3.495,4.614,10.719*43
$GNGST,084735.60,0.013,0.006,0.004,19.8363,3.495,4.614,10.719*76
$GNGST,084735.70,0.010,0.004,0.003,-5.4657,3.495,4.614,10.719*6F
$GNGST,084735.80,0.012,0.005,0.004,21.3174,3.495,4.614,10.719*7E
$GNGST,084735.90,0.013,0.006,0.004,24.3238,3.495,4.614,10.719*73
$GNGST,084736.00,0.013,0.005,0.004,24.2966,3.495,4.614,10.719*7B
$GNGST,084736.10,0.010,0.004,0.004,13.1252,3.495,4.614,10.719*73
$GNGST,084736.20,0.011,0.004,0.004,-25.3350,3.495,4.614,10.719*58
$GNGST,084736.30,0.011,0.004,0.004,-19.6520,3.495,4.614,10.719*52
$GNGST,084736.40,0.011,0.004,0.004,-59.9297,3.495,4.614,10.719*55
$GNGST,084736.50,0.011,0.004,0.004,22.3740,3.495,4.614,10.719*70
$GNGST,084736.60,0.010,0.004,0.004,-23.1574,3.495,4.614,10.719*59
$GNGST,084736.70,0.010,0.004,0.004,-30.7596,3.495,4.614,10.719*50
$GNGST,084736.80,0.011,0.005,0.004,35.8841,3.495,4.614,10.719*7F
$GNGST,084736.90,0.012,0.005,0.004,37.1826,3.495,4.614,10.719*77
$GNGST,084737.00,0.012,0.005,0.004,36.9451,3.495,4.614,10.719*7A
$GNGST,084737.10,0.011,0.005,0.004,31.2378,3.495,4.614,10.719*78
$GNGST,084737.20,0.010,0.004,0.004,24.6723,3.495,4.614,10.719*71
$GNGST,084737.30,0.010,0.004,0.004,-6.8529,3.495,4.614,10.719*6B
$GNGST,084737.40,0.010,0.004,0.004,8.0103,3.495,4.614,10.719*4B
$GNGST,084737.50,0.011,0.005,0.004,9.8617,3.495,4.614,10.719*41
$GNGST,084737.60,0.010,0.004,0.004,31.4080,3.495,4.614,10.719*7D
$GNGST,084737.70,0.010,0.004,0.004,31.4081,3.495,4.614,10.719*7D
$GNGST,084737.80,0.009,0.004,0.003,-0.5633,3.495,4.614,10.719*6C
$GNGST,084737.90,0.009,0.004,0.003,-0.8565,3.495,4.614,10.719*60
$GNGST,084738.00,0.009,0.004,0.003,-0.8572,3.495,4.614,10.719*60
$GNGST,084738.10,0.010,0.004,0.004,-11.8428,3.495,4.614,10.719*50
$GNGST,084738.20,0.010,0.004,0.004,8.4052,3.495,4.614,10.719*43
$GNGST,084738.30,0.010,0.004,0.004,-18.1208,3.495,4.614,10.719*56
$GNGST,084738.40,0.009,0.004,0.003,-0.4172,3.495,4.614,10.719*6C
$GNGST,084738.50,0.010,0.004,0.004,-24.6213,3.495,4.614,10.719*52
$GNGST,084738.60,0.010,0.004,0.004,-24.5274,3.495,4.614,10.719*53
$GNGST,084738.70,0.009,0.004,0.003,-6.4131,3.495,4.614,10.719*6E
$GNGST,084738.80,0.010,0.004,0.003,-12.9784,3.495,4.614,10.719*59
$GNGST,084738.90,0.010,0.004,0.004,10.1148,3.495,4.614,10.719*7E
$GNGST,084739.00,0.010,0.004,0.004,0.9978,3.495,4.614,10.719*44
$GNGST,084739.10,0.010,0.004,0.004,-25.8635,3.495,4.614,10.719*58
$GNGST,084739.20,0.009,0.004,0.003,-6.5630,3.495,4.614,10.719*6D
$GNGST,084739.30,0.009,0.004,0.003,-5.7565,3.495,4.614,10.719*6E
$GNGST,084739.40,0.010,0.004,0.004,-7.3206,3.495,4.614,10.719*62
$GNGST,084739.50,0.010,0.004,0.004,-0.7326,3.495,4.614,10.719*63
$GNGST,084739.60,0.010,0.004,0.004,-13.3146,3.495,4.614,10.719*52
$GNGST,084739.70,0.010,0.004,0.004,-1.4981,3.495,4.614,10.719*64
$GNGST,084739.80,0.009,0.004,0.003,-9.4214,3.495,4.614,10.719*6B
$GNGST,084739.90,0.009,0.004,0.003,-9.4221,3.495,4.614,10.719*6C
$GNGST,084740.00,0.009,0.004,0.003,-9.4227,3.495,4.614,10.719*6D
$GNGST,084740.10,0.010,0.004,0.004,9.9279,3.495,4.614,10.719*48
$GNGST,084740.20,0.009,0.004,0.003,-11.1900,3.495,4.614,10.719*5D
$GNGST,084740.30,0.009,0.004,0.003,-9.8957,3.495,4.614,10.719*6E
$GNGST,084740.40,0.009,0.004,0.003,-9.4254,3.495,4.614,10.719*6D
$GNGST,084740.50,0.009,0.004,0.003,-11.4682,3.495,4.614,10.719*5A
$GNGST,084740.60,0.009,0.004,0.003,-8.5134,3.495,4.614,10.719*6A
$GNGST,084740.70,0.009,0.004,0.003,-9.1824,3.495,4.614,10.719*66
$GNGST,084740.80,0.009,0.004,0.003,-9.1831,3.495,4.614,10.719*6D
$GNGST,084740.90,0.010,0.004,0.004,-1.7873,3.495,4.614,10.719*6B
$GNGST,084741.00,0.009,0.004,0.003,-9.8492,3.495,4.614,10.719*68
$GNGST,084741.10,0.009,0.004,0.003,-9.4150,3.495,4.614,10.719*6E
$GNGST,084741.20,0.009,0.004,0.003,-9.1860,3.495,4.614,10.719*62
$GNGST,084741.30,0.009,0.004,0.003,-9.1867,3.495,4.614,10.719*64
$GNGST,084741.40,0.009,0.004,0.003,-9.1874,3.495,4.614,10.719*61
$GNGST,084741.50,0.009,0.004,0.003,-9.8344,3.495,4.614,10.719*61
$GNGST,084741.60,0.009,0.004,0.003,-9.1643,3.495,4.614,10.719*69
$GNGST,084741.70,0.009,0.004,0.003,-9.2460,3.495,4.614,10.719*68
$GNGST,084741.80,0.009,0.004,0.003,-9.4862,3.495,4.614,10.719*6F
$GNGST,084741.90,0.009,0.004,0.003,-9.5102,3.495,4.614,10.719*60
$GNGST,084742.00,0.009,0.004,0.003,-9.1673,3.495,4.614,10.719*6F
$GNGST,084742.10,0.009,0.004,0.003,-9.1680,3.495,4.614,10.719*62
$GNGST,084742.20,0.009,0.004,0.003,-10.1563,3.495,4.614,10.719*57
$GNGST,084742.30,0.009,0.004,0.003,-9.1695,3.495,4.614,10.719*64
$GNGST,084742.40,0.010,0.004,0.004,7.8205,3.495,4.614,10.719*4B
$GNGST,084742.50,0.009,0.004,0.003,-9.7934,3.495,4.614,10.719*60
$GNGST,084742.60,0.009,0.004,0.003,-9.7942,3.495,4.614,10.719*62
$GNGST,084742.70,0.009,0.004,0.003,-9.7949,3.495,4.614,10.719*68
$GNGST,084742.80,0.009,0.004,0.003,-4.7791,3.495,4.614,10.719*61
$GNGST,084742.90,0.009,0.004,0.003,-7.3646,3.495,4.614,10.719*6C
$GNGST,084743.00,0.009,0.004,0.003,-1.4398,3.495,4.614,10.719*63
$GNGST,084743.10,0.009,0.004,0.003,-9.0254,3.495,4.614,10.719*6F
$GNGST,084743.20,0.009,0.004,0.003,-7.6165,3.495,4.614,10.719*65
$GNGST,084743.30,0.009,0.004,0.003,-9.0167,3.495,4.614,10.719*6E
$GNGST,084743.40,0.010,0.004,0.004,7.2335,3.495,4.614,10.719*42
$GNGST,084743.50,0.009,0.004,0.003,-7.1471,3.495,4.614,10.719*65
$GNGST,084743.60,0.009,0.004,0.003,-7.4065,3.495,4.614,10.719*62
$GNGST,084743.70,0.009,0.004,0.003,-7.1487,3.495,4.614,10.719*6E
$GNGST,084743.80,0.009,0.004,0.003,-7.1494,3.495,4.614,10.719*63
$GNGST,084743.90,0.009,0.004,0.003,-7.4089,3.495,4.614,10.719*6F
$GNGST,084744.00,0.009,0.004,0.003,-7.2149,3.495,4.614,10.719*6A
$GNGST,084744.10,0.009,0.004,0.003,-7.2156,3.495,4.614,10.719*65
$GNGST,084744.20,0.009,0.004,0.003,-7.4112,3.495,4.614,10.719*60
$GNGST,084744.30,0.009,0.004,0.003,-7.4120,3.495,4.614,10.719*60
$GNGST,084744.40,0.009,0.004,0.003,-8.3605,3.495,4.614,10.719*6F
$GNGST,084744.50,0.009,0.004,0.003,-7.2188,3.495,4.614,10.719*62
$GNGST,084744.60,0.009,0.004,0.003,-8.6962,3.495,4.614,10.719*66
$GNGST,084744.70,0.009,0.004,0.003,-7.2203,3.495,4.614,10.719*60
$GNGST,084744.80,0.009,0.004,0.003,-8.3481,3.495,4.614,10.719*6D
$GNGST,084744.90,0.009,0.004,0.003,-8.0040,3.495,4.614,10.719*66
$GNGST,084745.00,0.009,0.004,0.003,-8.0048,3.495,4.614,10.719*66
$GNGST,084745.10,0.009,0.004,0.003,-8.0056,3.495,4.614,10.719*68
$GNGST,084745.20,0.009,0.004,0.003,-8.1871,3.495,4.614,10.719*67
$GNGST,084745.30,0.009,0.004,0.003,-8.1879,3.495,4.614,10.719*6E
$GNGST,084745.40,0.009,0.004,0.003,-8.3091,3.495,4.614,10.719*65
$GNGST,084745.50,0.009,0.004,0.003,-6.0672,3.495,4.614,10.719*62
$GNGST,084745.60,0.009,0.004,0.003,-6.0679,3.495,4.614,10.719*6A
$GNGST,084745.70,0.009,0.004,0.003,-6.0687,3.495,4.614,10.719*6A
$GNGST,084745.80,0.009,0.004,0.003,-6.0695,3.495,4.614,10.719*66
$GNGST,084745.90,0.009,0.004,0.003,-6.5472,3.495,4.614,10.719*69
$GNGST,084746.00,0.009,0.004,0.003,-7.9624,3.495,4.614,10.719*6F
$GNGST,084746.10,0.009,0.004,0.003,-7.7580,3.495,4.614,10.719*6D
$GNGST,084746.20,0.009,0.004,0.003,-6.5730,3.495,4.614,10.719*64
$GNGST,084746.30,0.009,0.004,0.003,-9.3271,3.495,4.614,10.719*6C
$GNGST,084746.40,0.010,0.004,0.004,4.7472,3.495,4.614,10.719*45
$GNGST,084746.50,0.010,0.004,0.004,-23.6192,3.495,4.614,10.719*56
$GNGST,084746.60,0.010,0.004,0.004,-7.5013,3.495,4.614,10.719*68
$GNGST,084746.70,0.009,0.004,0.003,-3.0993,3.495,4.614,10.719*66
$GNGST,084746.80,0.009,0.004,0.003,-2.8406,3.495,4.614,10.719*61
$GNGST,084746.90,0.009,0.004,0.003,-4.3600,3.495,4.614,10.719*69
$GNGST,084747.00,0.009,0.004,0.003,-4.9105,3.495,4.614,10.719*69
$GNGST,084747.10,0.009,0.004,0.003,-3.7283,3.495,4.614,10.719*6C
$GNGST,084747.20,0.009,0.004,0.003,-3.7292,3.495,4.614,10.719*6F
$GNGST,084747.30,0.009,0.004,0.003,-3.6103,3.495,4.614,10.719*64
$GNGST,084747.40,0.009,0.004,0.003,-3.4874,3.495,4.614,10.719*68
$GNGST,084747.50,0.009,0.004,0.003,-3.4883,3.495,4.614,10.719*61
$GNGST,084747.60,0.009,0.004,0.003,-3.4891,3.495,4.614,10.719*61
$GNGST,084747.70,0.009,0.004,0.003,-3.4900,3.495,4.614,10.719*69
$GNGST,084747.80,0.009,0.004,0.003,-3.7833,3.495,4.614,10.719*64
$GNGST,084747.90,0.009,0.004,0.003,-3.5070,3.495,4.614,10.719*68
$GNGST,084748.00,0.009,0.004,0.003,-3.7852,3.495,4.614,10.719*64
$GNGST,084748.10,0.009,0.004,0.003,-2.7116,3.495,4.614,10.719*6D
$GNGST,084748.20,0.009,0.004,0.003,-5.3495,3.495,4.614,10.719*63
$GNGST,084748.30,0.009,0.004,0.003,-4.8986,3.495,4.614,10.719*67
$GNGST,084748.40,0.009,0.004,0.003,-2.3136,3.495,4.614,10.719*6E
$GNGST,084748.50,0.009,0.004,0.003,-3.0903,3.495,4.614,10.719*63
$GNGST,084748.60,0.009,0.004,0.003,-4.1982,3.495,4.614,10.719*6F
$GNGST,084748.70,0.009,0.004,0.003,-4.0210,3.495,4.614,10.719*6F
$GNGST,084748.80,0.009,0.004,0.003,-4.1379,3.495,4.614,10.719*6F
$GNGST,084748.90,0.009,0.004,0.003,-4.3077,3.495,4.614,10.719*61
$GNGST,084749.00,0.009,0.004,0.003,-4.8639,3.495,4.614,10.719*6E
$GNGST,084749.10,0.009,0.004,0.003,-5.9694,3.495,4.614,10.719*68
$GNGST,084749.20,0.010,0.004,0.004,-42.9063,3.495,4.614,10.719*59
$GNGST,084749.30,0.009,0.004,0.003,-2.5984,3.495,4.614,10.719*6F
$GNGST,084749.40,0.009,0.004,0.003,-5.2718,3.495,4.614,10.719*63
$GNGST,084749.50,0.009,0.004,0.003,-4.8944,3.495,4.614,10.719*6E
$GNGST,084749.60,0.009,0.004,0.003,-4.5391,3.495,4.614,10.719*62
$GNGST,084749.70,0.009,0.004,0.003,-6.8616,3.495,4.614,10.719*66
$GNGST,084749.80,0.009,0.004,0.003,-7.4653,3.495,4.614,10.719*65
$GNGST,084749.90,0.009,0.004,0.003,-7.4942,3.495,4.614,10.719*6B
$GNGST,084750.00,0.010,0.004,0.004,22.8689,3.495,4.614,10.719*7B
$GNGST,084750.10,0.009,0.004,0.004,2.9870,3.495,4.614,10.719*49
$GNGST,084750.20,0.010,0.004,0.004,5.9073,3.495,4.614,10.719*4E
$GNGST,084750.30,0.009,0.004,0.003,-4.0503,3.495,4.614,10.719*67
$GNGST,084750.40,0.010,0.004,0.003,-7.3845,3.495,4.614,10.719*67
$GNGST,084750.50,0.009,0.004,0.003,-6.0667,3.495,4.614,10.719*62
$GNGST,084750.60,0.009,0.004,0.003,-4.2245,3.495,4.614,10.719*65
$GNGST,084750.70,0.009,0.004,0.003,-8.2845,3.495,4.614,10.719*62
$GNGST,084750.80,0.009,0.004,0.003,-8.4290,3.495,4.614,10.719*69
$GNGST,084750.90,0.009,0.004,0.004,-25.4761,3.495,4.614,10.719*5B
$GNGST,084751.00,0.010,0.004,0.003,5.2981,3.495,4.614,10.719*45
$GNGST,084751.10,0.009,0.004,0.003,-7.3723,3.495,4.614,10.719*64
$GNGST,084751.20,0.009,0.004,0.003,-6.2366,3.495,4.614,10.719*62
$GNGST,084751.30,0.009,0.004,0.003,-5.9887,3.495,4.614,10.719*6F
$GNGST,084751.40,0.009,0.004,0.003,-5.9896,3.495,4.614,10.719*68
$GNGST,084751.50,0.009,0.004,0.003,-7.4255,3.495,4.614,10.719*63
$GNGST,084751.60,0.009,0.004,0.003,-7.2805,3.495,4.614,10.719*69
$GNGST,084751.70,0.010,0.004,0.004,-24.6492,3.495,4.614,10.719*50
$GNGST,084751.80,0.009,0.004,0.003,-6.3061,3.495,4.614,10.719*6D
$GNGST,084751.90,0.009,0.004,0.003,-6.4659,3.495,4.614,10.719*66
$GNGST,084752.00,0.009,0.004,0.003,-5.5137,3.495,4.614,10.719*61
$GNGST,084752.10,0.010,0.004,0.004,-17.8570,3.495,4.614,10.719*56
$GNGST,084752.20,0.010,0.004,0.004,-20.0352,3.495,4.614,10.719*5F
$GNGST,084752.30,0.010,0.004,0.004,-10.0259,3.495,4.614,10.719*57
$GNGST,084752.40,0.010,0.004,0.004,11.1517,3.495,4.614,10.719*70
$GNGST,084752.50,0.010,0.004,0.004,35.1478,3.495,4.614,10.719*7F
$GNGST,084752.60,0.009,0.004,0.003,-4.8162,3.495,4.614,10.719*6B
$GNGST,084752.70,0.009,0.004,0.003,-3.5996,3.495,4.614,10.719*63
$GNGST,084752.80,0.009,0.004,0.003,-4.5340,3.495,4.614,10.719*6A
$GNGST,084752.90,0.010,0.004,0.004,19.4823,3.495,4.614,10.719*7A
$GNGST,084753.00,0.010,0.004,0.004,24.9008,3.495,4.614,10.719*70
$GNGST,084753.10,0.010,0.004,0.004,28.8415,3.495,4.614,10.719*74
$GNGST,084753.20,0.009,0.004,0.003,-7.3389,3.495,4.614,10.719*61
$GNGST,084753.30,0.011,0.004,0.004,29.3639,3.495,4.614,10.719*71
$GNGST,084753.40,0.010,0.004,0.004,26.9794,3.495,4.614,10.719*74
$GNGST,084753.50,0.010,0.004,0.004,32.3638,3.495,4.614,10.719*7D
$GNGST,084753.60,0.010,0.004,0.003,4.3361,3.495,4.614,10.719*45
$GNGST,084753.70,0.009,0.004,0.003,-6.0634,3.495,4.614,10.719*65
$GNGST,084753.80,0.009,0.004,0.003,-6.8579,3.495,4.614,10.719*68
$GNGST,084753.90,0.011,0.004,0.004,11.1800,3.495,4.614,10.719*76
$GNGST,084754.00,0.011,0.004,0.004,37.6300,3.495,4.614,10.719*70
$GNGST,084754.10,0.010,0.004,0.004,22.0882,3.495,4.614,10.719*73
$GNGST,084754.20,0.009,0.004,0.003,-6.2985,3.495,4.614,10.719*60
$GNGST,084754.30,0.014,0.006,0.004,37.1157,3.495,4.614,10.719*73
$GNGST,084754.40,0.011,0.004,0.004,11.5711,3.495,4.614,10.719*77
$GNGST,084754.50,0.011,0.004,0.004,-30.3194,3.495,4.614,10.719*55
$GNGST,084754.60,0.010,0.004,0.003,-6.7552,3.495,4.614,10.719*6F
$GNGST,084754.70,0.010,0.004,0.003,-7.1426,3.495,4.614,10.719*6B
$GNGST,084754.80,0.010,0.004,0.003,-7.1434,3.495,4.614,10.719*67
$GNGST,084754.90,0.010,0.004,0.004,-9.4148,3.495,4.614,10.719*64
$GNGST,084755.00,0.010,0.004,0.004,-9.4157,3.495,4.614,10.719*62
$GNGST,084755.10,0.010,0.004,0.003,-6.9407,3.495,4.614,10.719*66
$GNGST,084755.20,0.010,0.004,0.004,-4.3672,3.495,4.614,10.719*6A
$GNGST,084755.30,0.010,0.004,0.004,-0.1268,3.495,4.614,10.719*62
$GNGST,084755.40,0.010,0.004,0.004,-8.2344,3.495,4.614,10.719*61
$GNGST,084755.50,0.011,0.004,0.004,-7.1437,3.495,4.614,10.719*6E
$GNGST,084755.60,0.011,0.004,0.004,0.7697,3.495,4.614,10.719*49
$GNGST,084755.70,0.011,0.004,0.004,-18.8948,3.495,4.614,10.719*5E
$GNGST,084755.80,0.010,0.004,0.004,-8.7430,3.495,4.614,10.719*6C
$GNGST,084755.90,0.010,0.004,0.004,7.3778,3.495,4.614,10.719*44
$GNGST,084756.00,0.009,0.004,0.003,-3.4043,3.495,4.614,10.719*60
$GNGST,084756.10,0.009,0.004,0.003,-3.4487,3.495,4.614,10.719*6D
$GNGST,084756.20,0.009,0.004,0.003,-3.4494,3.495,4.614,10.719*6C
$GNGST,084756.30,0.009,0.004,0.003,-3.4073,3.495,4.614,10.719*60
$GNGST,084756.40,0.010,0.004,0.004,-7.3469,3.495,4.614,10.719*64
$GNGST,084756.50,0.009,0.004,0.003,-2.9540,3.495,4.614,10.719*6F
$GNGST,084756.60,0.009,0.004,0.003,-5.7266,3.495,4.614,10.719*66
$GNGST,084756.70,0.009,0.004,0.003,-5.7274,3.495,4.614,10.719*64
$GNGST,084756.80,0.009,0.004,0.003,-2.8091,3.495,4.614,10.719*6A
$GNGST,084756.90,0.009,0.004,0.003,-3.4111,3.495,4.614,10.719*6F
$GNGST,084757.00,0.009,0.004,0.003,-3.2824,3.495,4.614,10.719*6E
$GNGST,084757.10,0.009,0.004,0.003,-3.2830,3.495,4.614,10.719*6A
$GNGST,084757.20,0.009,0.004,0.003,-3.2836,3.495,4.614,10.719*6F
$GNGST,084757.30,0.009,0.004,0.003,-3.2842,3.495,4.614,10.719*6D
$GNGST,084757.40,0.009,0.004,0.003,-3.8458,3.495,4.614,10.719*67
$GNGST,084757.50,0.009,0.004,0.003,-3.8465,3.495,4.614,10.719*68
$GNGST,084757.60,0.009,0.004,0.003,-6.2098,3.495,4.614,10.719*62
$GNGST,084757.70,0.009,0.004,0.003,-3.8478,3.495,4.614,10.719*66
$GNGST,084757.80,0.010,0.004,0.003,-0.2279,3.495,4.614,10.719*6F
$GNGST,084757.90,0.009,0.004,0.003,-3.8354,3.495,4.614,10.719*61
$GNGST,084758.00,0.009,0.004,0.003,-3.8360,3.495,4.614,10.719*60
$GNGST,084758.10,0.009,0.004,0.003,-3.8366,3.495,4.614,10.719*67
$GNGST,084758.20,0.009,0.004,0.003,-3.8372,3.495,4.614,10.719*61
$GNGST,084758.30,0.009,0.004,0.003,-3.8378,3.495,4.614,10.719*6A
$GNGST,084758.40,0.009,0.004,0.003,-3.8384,3.495,4.614,10.719*6E
$GNGST,084758.50,0.009,0.004,0.003,-3.8390,3.495,4.614,10.719*6A
$GNGST,084758.60,0.010,0.004,0.003,2.0773,3.495,4.614,10.719*4C
$GNGST,084758.70,0.010,0.004,0.003,-9.6264,3.495,4.614,10.719*6E
$GNGST,084758.80,0.010,0.004,0.004,-26.4346,3.495,4.614,10.719*58
$GNGST,084758.90,0.010,0.004,0.004,-19.3093,3.495,4.614,10.719*59
$GNGST,084759.00,0.009,0.004,0.003,-3.6094,3.495,4.614,10.719*67
$GNGST,084759.10,0.009,0.004,0.003,-3.6099,3.495,4.614,10.719*6B
$GNGST,084759.20,0.009,0.004,0.003,-3.6105,3.495,4.614,10.719*6C
$GNGST,084759.30,0.009,0.004,0.003,-3.6111,3.495,4.614,10.719*68
$GNGST,084759.40,0.009,0.004,0.003,-3.6116,3.495,4.614,10.719*68
$GNGST,084759.50,0.009,0.004,0.003,-3.6122,3.495,4.614,10.719*6E
$GNGST,084759.60,0.009,0.004,0.003,-3.6128,3.495,4.614,10.719*67
$GNGST,084759.70,0.009,0.004,0.003,-3.6133,3.495,4.614,10.719*6C
$GNGST,084759.80,0.009,0.004,0.003,-1.1556,3.495,4.614,10.719*61
$GNGST,084759.90,0.009,0.004,0.003,-4.9245,3.495,4.614,10.719*68
$GNGST,084800.00,0.009,0.004,0.003,-2.3845,3.495,4.614,10.719*64
$GNGST,084800.10,0.009,0.004,0.003,-4.9643,3.495,4.614,10.719*61
$GNGST,084800.20,0.010,0.004,0.004,5.0297,3.495,4.614,10.719*45
$GNGST,084800.30,0.010,0.004,0.004,-25.2800,3.495,4.614,10.719*5D
$GNGST,084800.40,0.010,0.004,0.003,-11.4412,3.495,4.614,10.719*53
$GNGST,084800.50,0.010,0.004,0.004,-31.5346,3.495,4.614,10.719*50
$GNGST,084800.60,0.009,0.004,0.003,-10.4886,3.495,4.614,10.719*59
$GNGST,084800.70,0.009,0.004,0.003,-10.4892,3.495,4.614,10.719*5D
$GNGST,084800.80,0.009,0.004,0.003,-12.5227,3.495,4.614,10.719*55
$GNGST,084800.90,0.009,0.004,0.003,-11.7276,3.495,4.614,10.719*51
$GNGST,084801.00,0.009,0.004,0.003,-12.5240,3.495,4.614,10.719*5D
$GNGST,084801.10,0.009,0.004,0.003,-12.5247,3.495,4.614,10.719*5B
$GNGST,084801.20,0.009,0.004,0.003,-12.5419,3.495,4.614,10.719*55
$GNGST,084801.30,0.009,0.004,0.003,-12.6683,3.495,4.614,10.719*56
$GNGST,084801.40,0.009,0.004,0.003,-11.7971,3.495,4.614,10.719*51
$GNGST,084801.50,0.009,0.004,0.003,-11.7977,3.495,4.614,10.719*56
$GNGST,084801.60,0.009,0.004,0.003,-10.8286,3.495,4.614,10.719*5E
$GNGST,084801.70,0.009,0.004,0.003,-10.8292,3.495,4.614,10.719*5A
$GNGST,084801.80,0.010,0.004,0.004,-24.7152,3.495,4.614,10.719*5D
$GNGST,084801.90,0.009,0.004,0.003,-9.0429,3.495,4.614,10.719*62
$GNGST,084802.00,0.010,0.004,0.004,-12.0558,3.495,4.614,10.719*5A
$GNGST,084802.10,0.009,0.004,0.003,-12.6289,3.495,4.614,10.719*59
$GNGST,084802.20,0.009,0.004,0.003,-12.6128,3.495,4.614,10.719*52
$GNGST,084802.30,0.009,0.004,0.003,-10.8330,3.495,4.614,10.719*54
$GNGST,084802.40,0.009,0.004,0.003,-9.0124,3.495,4.614,10.719*64
$GNGST,084802.50,0.009,0.004,0.003,-10.8342,3.495,4.614,10.719*57
$GNGST,084802.60,0.010,0.004,0.004,-18.1709,3.495,4.614,10.719*51
$GNGST,084802.70,0.009,0.004,0.003,-10.8355,3.495,4.614,10.719*53
$GNGST,084802.80,0.009,0.004,0.003,-7.9088,3.495,4.614,10.719*68
$GNGST,084802.90,0.009,0.004,0.003,-7.9094,3.495,4.614,10.719*64
$GNGST,084803.00,0.009,0.004,0.003,-7.9101,3.495,4.614,10.719*61
$GNGST,084803.10,0.009,0.004,0.003,-10.6504,3.495,4.614,10.719*58
$GNGST,084803.20,0.009,0.004,0.003,-7.9113,3.495,4.614,10.719*60
$GNGST,084803.30,0.010,0.004,0.004,8.0178,3.495,4.614,10.719*48
$GNGST,084803.40,0.009,0.004,0.003,-10.6524,3.495,4.614,10.719*5F
$GNGST,084803.50,0.009,0.004,0.003,-10.6530,3.495,4.614,10.719*5B
$GNGST,084803.60,0.009,0.004,0.003,-10.7607,3.495,4.614,10.719*5E
$GNGST,084803.70,0.009,0.004,0.003,-9.6893,3.495,4.614,10.719*65
$GNGST,084803.80,0.009,0.004,0.003,-9.6899,3.495,4.614,10.719*60
$GNGST,084803.90,0.009,0.004,0.003,-13.2316,3.495,4.614,10.719*52
$GNGST,084804.00,0.009,0.004,0.003,-13.2323,3.495,4.614,10.719*5A
$GNGST,084804.10,0.009,0.004,0.003,-11.8504,3.495,4.614,10.719*50
$GNGST,084804.20,0.009,0.004,0.003,-10.2635,3.495,4.614,10.719*59
$GNGST,084804.30,0.009,0.004,0.003,-10.4050,3.495,4.614,10.719*5B
$GNGST,084804.40,0.009,0.004,0.003,-10.2648,3.495,4.614,10.719*55
$GNGST,084804.50,0.009,0.004,0.003,-10.2654,3.495,4.614,10.719*59
$GNGST,084804.60,0.009,0.004,0.003,-12.9910,3.495,4.614,10.719*5C
$GNGST,084804.70,0.009,0.004,0.003,-10.2761,3.495,4.614,10.719*5C
$GNGST,084804.80,0.009,0.004,0.003,-10.1685,3.495,4.614,10.719*5B
$GNGST,084804.90,0.009,0.004,0.003,-12.8271,3.495,4.614,10.719*5E
$GNGST,084805.00,0.009,0.004,0.003,-11.8673,3.495,4.614,10.719*53
$GNGST,084805.10,0.009,0.004,0.003,-11.7264,3.495,4.614,10.719*5F
$GNGST,084805.20,0.009,0.004,0.003,-11.8686,3.495,4.614,10.719*5B
$GNGST,084805.30,0.010,0.004,0.003,-16.8623,3.495,4.614,10.719*5A
$GNGST,084805.40,0.009,0.004,0.003,-13.7831,3.495,4.614,10.719*52
$GNGST,084805.50,0.009,0.004,0.003,-14.2910,3.495,4.614,10.719*53
$GNGST,084805.60,0.009,0.004,0.003,-13.5731,3.495,4.614,10.719*5D
$GNGST,084805.70,0.010,0.004,0.004,-37.7718,3.495,4.614,10.719*5C
$GNGST,084805.80,0.009,0.004,0.003,-15.3238,3.495,4.614,10.719*5F
$GNGST,084805.90,0.009,0.004,0.003,-13.5182,3.495,4.614,10.719*5C
$GNGST,084806.00,0.009,0.004,0.003,-12.1146,3.495,4.614,10.719*5B
$GNGST,084806.10,0.009,0.004,0.003,-12.4315,3.495,4.614,10.719*5B
$GNGST,084806.20,0.010,0.004,0.004,-20.1110,3.495,4.614,10.719*54
$GNGST,084806.30,0.010,0.004,0.004,-24.2212,3.495,4.614,10.719*53
$GNGST,084806.40,0.009,0.004,0.003,-15.1957,3.495,4.614,10.719*50
$GNGST,084806.50,0.010,0.004,0.004,-21.9710,3.495,4.614,10.719*5C
$GNGST,084806.60,0.010,0.004,0.004,-42.3226,3.495,4.614,10.719*50
$GNGST,084806.70,0.009,0.004,0.003,-12.2350,3.495,4.614,10.719*5A
$GNGST,084806.80,0.009,0.004,0.003,-9.2414,3.495,4.614,10.719*68
$GNGST,084806.90,0.009,0.004,0.003,-10.1287,3.495,4.614,10.719*5E
$GNGST,084807.00,0.009,0.004,0.003,-10.9623,3.495,4.614,10.719*54
$GNGST,084807.10,0.009,0.004,0.003,-10.6391,3.495,4.614,10.719*56
$GNGST,084807.20,0.009,0.004,0.003,-10.6397,3.495,4.614,10.719*53
$GNGST,084807.30,0.010,0.004,0.004,-40.7736,3.495,4.614,10.719*56
$GNGST,084807.40,0.010,0.004,0.004,-30.8483,3.495,4.614,10.719*54
$GNGST,084807.50,0.009,0.004,0.003,-16.4070,3.495,4.614,10.719*5A
$GNGST,084807.60,0.009,0.004,0.003,-10.7993,3.495,4.614,10.719*58
$GNGST,084807.70,0.009,0.004,0.003,-8.8141,3.495,4.614,10.719*68
$GNGST,084807.80,0.009,0.004,0.003,-7.9016,3.495,4.614,10.719*6A
$GNGST,084807.90,0.010,0.004,0.004,12.0054,3.495,4.614,10.719*72
$GNGST,084808.00,0.009,0.004,0.003,-7.9375,3.495,4.614,10.719*6B
$GNGST,084808.10,0.010,0.004,0.004,-7.7042,3.495,4.614,10.719*6C
$GNGST,084808.20,0.010,0.004,0.004,-3.6333,3.495,4.614,10.719*6F
$GNGST,084808.30,0.010,0.004,0.004,1.4320,3.495,4.614,10.719*41
$GNGST,084808.40,0.010,0.004,0.004,-0.9188,3.495,4.614,10.719*67
$GNGST,084808.50,0.010,0.004,0.004,11.4437,3.495,4.614,10.719*77
$GNGST,084808.60,0.010,0.004,0.004,-17.2381,3.495,4.614,10.719*53
$GNGST,084808.70,0.009,0.004,0.003,-17.4348,3.495,4.614,10.719*5E
$GNGST,084808.80,0.009,0.004,0.003,-7.8955,3.495,4.614,10.719*6A
$GNGST,084808.90,0.010,0.004,0.004,3.8402,3.495,4.614,10.719*42
$GNGST,084809.00,0.011,0.004,0.004,11.0509,3.495,4.614,10.719*7A
$GNGST,084809.10,0.010,0.004,0.004,-31.8493,3.495,4.614,10.719*5F
$GNGST,084809.20,0.010,0.004,0.004,-25.1447,3.495,4.614,10.719*59
$GNGST,084809.30,0.010,0.004,0.004,-38.7890,3.495,4.614,10.719*54
$GNGST,084809.40,0.011,0.004,0.004,19.9262,3.495,4.614,10.719*75
$GNGST,084809.50,0.010,0.004,0.004,-43.8204,3.495,4.614,10.719*56
$GNGST,084809.60,0.010,0.004,0.004,-40.5794,3.495,4.614,10.719*57
$GNGST,084809.70,0.010,0.004,0.004,-37.8539,3.495,4.614,10.719*5E
$GNGST,084809.80,0.010,0.004,0.004,-25.2229,3.495,4.614,10.719*5E
$GNGST,084809.90,0.010,0.004,0.004,-28.6823,3.495,4.614,10.719*56
$GNGST,084810.00,0.010,0.004,0.004,-31.1169,3.495,4.614,10.719*5F
$GNGST,084810.10,0.010,0.004,0.004,-39.9990,3.495,4.614,10.719*50
$GNGST,084810.20,0.010,0.004,0.004,-11.3967,3.495,4.614,10.719*5B
$GNGST,084810.30,0.010,0.004,0.004,-28.4398,3.495,4.614,10.719*5D
$GNGST,084810.40,0.010,0.004,0.004,-16.9117,3.495,4.614,10.719*5F
$GNGST,084810.50,0.012,0.005,0.004,-33.6976,3.495,4.614,10.719*5A
$GNGST,084810.60,0.011,0.005,0.004,-39.0537,3.495,4.614,10.719*5F
$GNGST,084810.70,0.011,0.004,0.004,-33.4172,3.495,4.614,10.719*54
$GNGST,084810.80,0.010,0.004,0.004,-34.3312,3.495,4.614,10.719*5E
$GNGST,084810.90,0.011,0.004,0.004,-28.2634,3.495,4.614,10.719*53
$GNGST,084811.00,0.012,0.005,0.004,-43.3636,3.495,4.614,10.719*57
$GNGST,084811.10,0.013,0.006,0.004,-43.6692,3.495,4.614,10.719*5F
$GNGST,084811.20,0.011,0.004,0.004,-14.6012,3.495,4.614,10.719*50
$GNGST,084811.30,0.010,0.004,0.004,-33.9449,3.495,4.614,10.719*50
$GNGST,084811.40,0.011,0.004,0.004,-16.0782,3.495,4.614,10.719*5C
$GNGST,084811.50,0.011,0.005,0.004,31.2988,3.495,4.614,10.719*72
$GNGST,084811.60,0.010,0.004,0.004,0.4737,3.495,4.614,10.719*4F
$GNGST,084811.70,0.011,0.004,0.004,4.8421,3.495,4.614,10.719*43
$GNGST,084811.80,0.010,0.004,0.004,-83.0551,3.495,4.614,10.719*51
$GNGST,084811.90,0.010,0.004,0.004,11.8566,3.495,4.614,10.719*7A
$GNGST,084812.00,0.011,0.004,0.004,5.1854,3.495,4.614,10.719*41
$GNGST,084812.10,0.012,0.005,0.004,28.9176,3.495,4.614,10.719*7C
$GNGST,084812.20,0.011,0.004,0.004,-31.0966,3.495,4.614,10.719*58
$GNGST,084812.30,0.011,0.004,0.004,-14.4512,3.495,4.614,10.719*55
$GNGST,084812.40,0.012,0.005,0.004,-15.9056,3.495,4.614,10.719*59
$GNGST,084812.50,0.011,0.005,0.004,12.7000,3.495,4.614,10.719*7C
$GNGST,084812.60,0.010,0.004,0.004,-2.8393,3.495,4.614,10.719*65
$GNGST,084812.70,0.010,0.004,0.004,-14.3548,3.495,4.614,10.719*58
$GNGST,084812.80,0.011,0.004,0.004,-10.4510,3.495,4.614,10.719*58
$GNGST,084812.90,0.012,0.005,0.004,12.7083,3.495,4.614,10.719*78
$GNGST,084813.00,0.011,0.004,0.004,5.0042,3.495,4.614,10.719*4E
$GNGST,084813.10,0.011,0.005,0.004,10.2700,3.495,4.614,10.719*79
$GNGST,084813.20,0.012,0.005,0.004,-28.2878,3.495,4.614,10.719*5F
$GNGST,084813.30,0.011,0.005,0.004,-5.7700,3.495,4.614,10.719*67
$GNGST,084813.40,0.011,0.004,0.004,14.2405,3.495,4.614,10.719*7F
$GNGST,084813.50,0.011,0.004,0.004,3.4067,3.495,4.614,10.719*4E
$GNGST,084813.60,0.011,0.004,0.004,5.9035,3.495,4.614,10.719*41
$GNGST,084813.70,0.011,0.004,0.004,0.2421,3.495,4.614,10.719*4F
$GNGST,084813.80,0.012,0.005,0.004,12.2982,3.495,4.614,10.719*75
$GNGST,084813.90,0.011,0.004,0.004,-16.2297,3.495,4.614,10.719*50
$GNGST,084814.00,0.013,0.004,0.004,79.1763,3.495,4.614,10.719*75
$GNGST,084814.10,0.012,0.004,0.004,-3.6320,3.495,4.614,10.719*61
$GNGST,084814.20,0.010,0.004,0.004,17.3431,3.495,4.614,10.719*7A
$GNGST,084814.30,0.011,0.005,0.004,22.6141,3.495,4.614,10.719*7A
$GNGST,084814.40,0.010,0.004,0.004,4.8309,3.495,4.614,10.719*49
$GNGST,084814.50,0.011,0.004,0.004,0.7783,3.495,4.614,10.719*44
$GNGST,084814.60,0.011,0.005,0.004,12.9116,3.495,4.614,10.719*71
$GNGST,084814.70,0.011,0.004,0.004,7.5997,3.495,4.614,10.719*48
$GNGST,084814.80,0.012,0.005,0.004,-28.7314,3.495,4.614,10.719*56
$GNGST,084814.90,0.012,0.004,0.004,23.5485,3.495,4.614,10.719*7D
$GNGST,084815.00,0.012,0.005,0.004,29.2053,3.495,4.614,10.719*76
$GNGST,084815.10,0.012,0.005,0.004,32.2116,3.495,4.614,10.719*7D
$GNGST,084815.20,0.014,0.007,0.004,19.1138,3.495,4.614,10.719*7C
$GNGST,084815.30,0.015,0.008,0.004,41.2584,3.495,4.614,10.719*7E
$GNGST,084815.40,0.011,0.005,0.004,30.0582,3.495,4.614,10.719*72
$GNGST,084815.50,0.013,0.005,0.005,1.9481,3.495,4.614,10.719*49
$GNGST,084815.60,0.011,0.004,0.004,9.4106,3.495,4.614,10.719*47
$GNGST,084815.70,0.012,0.005,0.004,25.4556,3.495,4.614,10.719*7B
$GNGST,084815.80,0.012,0.005,0.004,38.0324,3.495,4.614,10.719*7F
$GNGST,084815.90,0.011,0.004,0.004,-29.9600,3.495,4.614,10.719*5B
$GNGST,084816.00,0.011,0.004,0.004,11.0241,3.495,4.614,10.719*7F
$GNGST,084816.10,0.012,0.005,0.004,14.7864,3.495,4.614,10.719*73
$GNGST,084816.20,0.011,0.004,0.004,23.8725,3.495,4.614,10.719*73
$GNGST,084816.30,0.012,0.005,0.004,23.8574,3.495,4.614,10.719*76
$GNGST,084816.40,0.011,0.004,0.004,16.4279,3.495,4.614,10.719*73
$GNGST,084816.50,0.012,0.005,0.004,26.3854,3.495,4.614,10.719*71
$GNGST,084816.60,0.012,0.005,0.004,29.3485,3.495,4.614,10.719*7D
$GNGST,084816.70,0.011,0.004,0.004,15.3240,3.495,4.614,10.719*7E
$GNGST,084816.80,0.013,0.005,0.004,13.5616,3.495,4.614,10.719*75
$GNGST,084816.90,0.011,0.005,0.004,15.4634,3.495,4.614,10.719*71
$GNGST,084817.00,0.013,0.005,0.004,-2.5544,3.495,4.614,10.719*65
$GNGST,084817.10,0.014,0.005,0.004,10.2401,3.495,4.614,10.719*7A
$GNGST,084817.20,0.012,0.005,0.004,16.9203,3.495,4.614,10.719*76
$GNGST,084817.30,0.012,0.005,0.004,20.1623,3.495,4.614,10.719*7C
$GNGST,084817.40,0.012,0.005,0.004,21.9389,3.495,4.614,10.719*77
$GNGST,084817.50,0.012,0.005,0.004,33.8789,3.495,4.614,10.719*70
$GNGST,084817.60,0.012,0.005,0.004,25.4447,3.495,4.614,10.719*79
$GNGST,084817.70,0.011,0.004,0.004,28.4132,3.495,4.614,10.719*70
$GNGST,084817.80,0.014,0.006,0.004,23.4997,3.495,4.614,10.719*74
$GNGST,084817.90,0.013,0.006,0.004,37.9096,3.495,4.614,10.719*72
$GNGST,084818.00,0.014,0.007,0.004,40.5160,3.495,4.614,10.719*76
$GNGST,084818.10,0.013,0.006,0.004,51.8052,3.495,4.614,10.719*7C
$GNGST,084818.20,0.016,0.008,0.005,43.4678,3.495,4.614,10.719*74
$GNGST,084818.30,0.011,0.004,0.004,45.5554,3.495,4.614,10.719*75
$GNGST,084818.40,0.016,0.008,0.005,61.0742,3.495,4.614,10.719*7E
$GNGST,084818.50,0.015,0.007,0.004,53.2545,3.495,4.614,10.719*74
$GNGST,084818.60,0.013,0.005,0.004,46.7438,3.495,4.614,10.719*79
$GNGST,084818.70,0.012,0.005,0.004,-13.3849,3.495,4.614,10.719*5A
$GNGST,084818.80,0.012,0.005,0.004,18.9283,3.495,4.614,10.719*75
$GNGST,084818.90,0.011,0.004,0.004,-8.9212,3.495,4.614,10.719*62
$GNGST,084819.00,0.011,0.004,0.004,27.6601,3.495,4.614,10.719*73
$GNGST,084819.10,0.012,0.005,0.004,39.8447,3.495,4.614,10.719*71
$GNGST,084819.20,0.012,0.005,0.004,52.1465,3.495,4.614,10.719*76
$GNGST,084819.30,0.012,0.005,0.004,54.9137,3.495,4.614,10.719*7B
$GNGST,084819.40,0.015,0.007,0.004,58.3184,3.495,4.614,10.719*77
$GNGST,084819.50,0.013,0.005,0.004,64.9234,3.495,4.614,10.719*7F
$GNGST,084819.60,0.011,0.005,0.004,50.5760,3.495,4.614,10.719*71
$GNGST,084819.70,0.011,0.005,0.004,47.7586,3.495,4.614,10.719*7E
$GNGST,084819.80,0.012,0.005,0.004,57.1030,3.495,4.614,10.719*7D
$GNGST,084819.90,0.014,0.007,0.005,50.2123,3.495,4.614,10.719*7E
$GNGST,084820.00,0.011,0.004,0.004,51.3118,3.495,4.614,10.719*72
$GNGST,084820.10,0.012,0.005,0.004,55.3640,3.495,4.614,10.719*7F
$GNGST,084820.20,0.012,0.005,0.004,-81.5274,3.495,4.614,10.719*5D
$GNGST,084820.30,0.011,0.005,0.004,-63.9544,3.495,4.614,10.719*5B
$GNGST,084820.40,0.011,0.004,0.004,-84.4606,3.495,4.614,10.719*5C
$GNGST,084820.50,0.010,0.004,0.004,4.6271,3.495,4.614,10.719*4F
$GNGST,084820.60,0.010,0.004,0.004,2.6527,3.495,4.614,10.719*4E
$GNGST,084820.70,0.010,0.004,0.004,-7.6763,3.495,4.614,10.719*65
$GNGST,084820.80,0.010,0.004,0.004,-36.7199,3.495,4.614,10.719*5A
$GNGST,084820.90,0.011,0.004,0.004,-12.9717,3.495,4.614,10.719*52
$GNGST,084821.00,0.010,0.004,0.004,10.2990,3.495,4.614,10.719*7E
$GNGST,084821.10,0.010,0.004,0.004,12.1450,3.495,4.614,10.719*7F
$GNGST,084821.20,0.011,0.004,0.004,5.5535,3.495,4.614,10.719*4D
$GNGST,084821.30,0.011,0.004,0.004,-1.8430,3.495,4.614,10.719*6C
$GNGST,084821.40,0.012,0.005,0.004,29.7734,3.495,4.614,10.719*76
$GNGST,084821.50,0.012,0.005,0.004,35.1506,3.495,4.614,10.719*7F
$GNGST,084821.60,0.013,0.006,0.004,26.2079,3.495,4.614,10.719*72
$GNGST,084821.70,0.010,0.004,0.004,16.7743,3.495,4.614,10.719*7A
$GNGST,084821.80,0.010,0.004,0.004,32.6921,3.495,4.614,10.719*78
$GNGST,084821.90,0.010,0.004,0.004,27.5546,3.495,4.614,10.719*73
$GNGST,084822.00,0.010,0.004,0.004,21.8479,3.495,4.614,10.719*7F
$GNGST,084822.10,0.010,0.004,0.004,22.4468,3.495,4.614,10.719*71
$GNGST,084822.20,0.010,0.004,0.004,20.1747,3.495,4.614,10.719*7B
$GNGST,084822.30,0.010,0.004,0.004,20.9514,3.495,4.614,10.719*76
$GNGST,084822.40,0.010,0.004,0.004,14.0451,3.495,4.614,10.719*7F
$GNGST,084822.50,0.010,0.004,0.004,14.0449,3.495,4.614,10.719*77
$GNGST,084822.60,0.011,0.005,0.004,29.1922,3.495,4.614,10.719*7B
$GNGST,084822.70,0.010,0.004,0.004,16.7785,3.495,4.614,10.719*73
$GNGST,084822.80,0.010,0.004,0.004,13.5781,3.495,4.614,10.719*7F
$GNGST,084822.90,0.010,0.004,0.004,1.6920,3.495,4.614,10.719*4B
$GNGST,084823.00,0.010,0.004,0.004,-15.0179,3.495,4.614,10.719*59
$GNGST,084823.10,0.010,0.004,0.004,0.9824,3.495,4.614,10.719*49
$GNGST,084823.20,0.010,0.004,0.004,8.6397,3.495,4.614,10.719*4E
$GNGST,084823.30,0.010,0.004,0.004,14.7221,3.495,4.614,10.719*7F
$GNGST,084823.40,0.010,0.004,0.004,14.7219,3.495,4.614,10.719*73
$GNGST,084823.50,0.009,0.004,0.003,-0.2511,3.495,4.614,10.719*6F
$GNGST,084823.60,0.009,0.004,0.003,-7.6890,3.495,4.614,10.719*6B
$GNGST,084823.70,0.009,0.004,0.003,-7.4923,3.495,4.614,10.719*61
$GNGST,084823.80,0.010,0.004,0.004,-2.4294,3.495,4.614,10.719*63
$GNGST,084823.90,0.010,0.004,0.004,-21.4444,3.495,4.614,10.719*58
$GNGST,084824.00,0.010,0.004,0.004,-2.5354,3.495,4.614,10.719*60
$GNGST,084824.10,0.009,0.004,0.003,-1.2864,3.495,4.614,10.719*62
$GNGST,084824.20,0.009,0.004,0.003,1.3815,3.495,4.614,10.719*4B
$GNGST,084824.30,0.010,0.004,0.004,-13.5297,3.495,4.614,10.719*5D
$GNGST,084824.40,0.010,0.004,0.004,-15.5649,3.495,4.614,10.719*5B
$GNGST,084824.50,0.009,0.004,0.003,-1.2886,3.495,4.614,10.719*6A
$GNGST,084824.60,0.010,0.004,0.004,-14.4319,3.495,4.614,10.719*59
$GNGST,084824.70,0.009,0.004,0.003,-6.4792,3.495,4.614,10.719*63
$GNGST,084824.80,0.009,0.004,0.003,-6.4797,3.495,4.614,10.719*69
$GNGST,084824.90,0.009,0.004,0.003,-7.0303,3.495,4.614,10.719*64
$GNGST,084825.00,0.009,0.004,0.003,-6.7687,3.495,4.614,10.719*63
$GNGST,084825.10,0.009,0.004,0.003,-6.7693,3.495,4.614,10.719*67
$GNGST,084825.20,0.009,0.004,0.003,-7.2694,3.495,4.614,10.719*67
$GNGST,084825.30,0.009,0.004,0.003,-7.2700,3.495,4.614,10.719*6A
$GNGST,084825.40,0.009,0.004,0.003,-6.4534,3.495,4.614,10.719*6F
$GNGST,084825.50,0.009,0.004,0.003,-8.2509,3.495,4.614,10.719*68
$GNGST,084825.60,0.009,0.004,0.003,-8.2514,3.495,4.614,10.719*67
$GNGST,084825.70,0.009,0.004,0.003,-8.2520,3.495,4.614,10.719*61
$GNGST,084825.80,0.009,0.004,0.003,-8.2525,3.495,4.614,10.719*6B
$GNGST,084825.90,0.009,0.004,0.003,-8.2531,3.495,4.614,10.719*6F
$GNGST,084826.00,0.009,0.004,0.003,-8.8914,3.495,4.614,10.719*64
$GNGST,084826.10,0.009,0.004,0.003,-8.2542,3.495,4.614,10.719*60
$GNGST,084826.20,0.009,0.004,0.003,-8.8926,3.495,4.614,10.719*67
$GNGST,084826.30,0.009,0.004,0.003,-8.8932,3.495,4.614,10.719*63
$GNGST,084826.40,0.009,0.004,0.003,-8.8938,3.495,4.614,10.719*6E
$GNGST,084826.50,0.009,0.004,0.003,-8.8943,3.495,4.614,10.719*63
$GNGST,084826.60,0.009,0.004,0.003,-8.8949,3.495,4.614,10.719*6A
$GNGST,084826.70,0.009,0.004,0.003,-4.8005,3.495,4.614,10.719*66
$GNGST,084826.80,0.009,0.004,0.003,-6.5771,3.495,4.614,10.719*62
$GNGST,084826.90,0.009,0.004,0.003,-3.7790,3.495,4.614,10.719*6B
$GNGST,084827.00,0.009,0.004,0.003,-4.3660,3.495,4.614,10.719*6E
$GNGST,084827.10,0.009,0.004,0.003,-4.1215,3.495,4.614,10.719*6B
$GNGST,084827.20,0.009,0.004,0.003,-4.3669,3.495,4.614,10.719*65
$GNGST,084827.30,0.009,0.004,0.003,-4.3674,3.495,4.614,10.719*68
$GNGST,084827.40,0.009,0.004,0.003,-8.7175,3.495,4.614,10.719*61
$GNGST,084827.50,0.009,0.004,0.003,-9.7663,3.495,4.614,10.719*61
$GNGST,084827.60,0.010,0.004,0.004,-6.1744,3.495,4.614,10.719*60
$GNGST,084827.70,0.009,0.004,0.003,-4.4726,3.495,4.614,10.719*6D
$GNGST,084827.80,0.009,0.004,0.003,-8.7869,3.495,4.614,10.719*69
$GNGST,084827.90,0.010,0.004,0.004,-10.4423,3.495,4.614,10.719*5F
$GNGST,084828.00,0.009,0.004,0.003,-10.2544,3.495,4.614,10.719*50
$GNGST,084828.10,0.009,0.004,0.003,-9.2070,3.495,4.614,10.719*6B
$GNGST,084828.20,0.009,0.004,0.003,-9.4315,3.495,4.614,10.719*6E
$GNGST,084828.30,0.010,0.004,0.004,-16.1013,3.495,4.614,10.719*5E
$GNGST,084828.40,0.009,0.004,0.003,-9.3253,3.495,4.614,10.719*6C
$GNGST,084828.50,0.009,0.004,0.003,-15.9027,3.495,4.614,10.719*5B
$GNGST,084828.60,0.009,0.004,0.003,-14.6922,3.495,4.614,10.719*5A
$GNGST,084828.70,0.010,0.004,0.004,-1.5191,3.495,4.614,10.719*63
$GNGST,084828.80,0.009,0.004,0.003,-6.6677,3.495,4.614,10.719*68
$GNGST,084828.90,0.010,0.004,0.004,-23.0856,3.495,4.614,10.719*5A
$GNGST,084829.00,0.009,0.004,0.003,-6.6686,3.495,4.614,10.719*6F
$GNGST,084829.10,0.010,0.004,0.004,5.6638,3.495,4.614,10.719*4A
$GNGST,084829.20,0.011,0.004,0.004,2.4061,3.495,4.614,10.719*47
$GNGST,084829.30,0.009,0.004,0.003,-6.9896,3.495,4.614,10.719*6C
$GNGST,084829.40,0.009,0.004,0.003,-6.6951,3.495,4.614,10.719*6E
$GNGST,084829.50,0.009,0.004,0.003,-6.1336,3.495,4.614,10.719*63
$GNGST,084829.60,0.009,0.004,0.003,-6.1341,3.495,4.614,10.719*60
$GNGST,084829.70,0.010,0.004,0.004,-12.5924,3.495,4.614,10.719*56
$GNGST,084829.80,0.009,0.004,0.004,-13.6141,3.495,4.614,10.719*58
$GNGST,084829.90,0.010,0.004,0.004,-18.4938,3.495,4.614,10.719*5E
$GNGST,084830.00,0.009,0.004,0.004,-13.6153,3.495,4.614,10.719*5B
$GNGST,084830.10,0.010,0.004,0.004,-25.7735,3.495,4.614,10.719*50
$GNGST,084830.20,0.010,0.004,0.004,-1.9720,3.495,4.614,10.719*6F
$GNGST,084830.30,0.010,0.004,0.004,9.1991,3.495,4.614,10.719*47
$GNGST,084830.40,0.011,0.004,0.004,-2.1065,3.495,4.614,10.719*65
$GNGST,084830.50,0.010,0.004,0.004,-1.5980,3.495,4.614,10.719*60
$GNGST,084830.60,0.010,0.004,0.004,-1.2834,3.495,4.614,10.719*6A
$GNGST,084830.70,0.010,0.004,0.004,4.5011,3.495,4.614,10.719*4B
$GNGST,084830.80,0.009,0.004,0.004,4.6020,3.495,4.614,10.719*4D
$GNGST,084830.90,0.009,0.004,0.004,3.8691,3.495,4.614,10.719*49
$GNGST,084831.00,0.010,0.004,0.004,-3.7348,3.495,4.614,10.719*6A
$GNGST,084831.10,0.010,0.004,0.004,0.8919,3.495,4.614,10.719*44
$GNGST,084831.20,0.009,0.004,0.004,4.6005,3.495,4.614,10.719*41
$GNGST,084831.30,0.010,0.004,0.004,10.1406,3.495,4.614,10.719*7D
$GNGST,084831.40,0.010,0.004,0.004,0.4298,3.495,4.614,10.719*4F
$GNGST,084831.50,0.010,0.004,0.004,12.1310,3.495,4.614,10.719*79
$GNGST,084831.60,0.010,0.004,0.004,10.6656,3.495,4.614,10.719*78
$GNGST,084831.70,0.010,0.004,0.004,10.6513,3.495,4.614,10.719*7B
$GNGST,084831.80,0.010,0.004,0.004,15.2771,3.495,4.614,10.719*73
$GNGST,084831.90,0.011,0.005,0.004,9.5677,3.495,4.614,10.719*4F
$GNGST,084832.00,0.012,0.005,0.004,21.9377,3.495,4.614,10.719*75
$GNGST,084832.10,0.012,0.005,0.004,13.9813,3.495,4.614,10.719*7C
$GNGST,084832.20,0.011,0.005,0.004,13.9888,3.495,4.614,10.719*7E
$GNGST,084832.30,0.011,0.005,0.004,10.2481,3.495,4.614,10.719*72
$GNGST,084832.40,0.012,0.005,0.004,6.2614,3.495,4.614,10.719*4F
$GNGST,084832.50,0.013,0.005,0.004,28.2237,3.495,4.614,10.719*76
$GNGST,084832.60,0.012,0.005,0.004,-0.7331,3.495,4.614,10.719*61
$GNGST,084832.70,0.012,0.005,0.004,15.1721,3.495,4.614,10.719*7A
$GNGST,084832.80,0.010,0.004,0.004,16.4462,3.495,4.614,10.719*74
$GNGST,084832.90,0.011,0.004,0.004,13.9344,3.495,4.614,10.719*7F
$GNGST,084833.00,0.010,0.004,0.004,12.3284,3.495,4.614,10.719*70
$GNGST,084833.10,0.010,0.004,0.004,11.9691,3.495,4.614,10.719*78
$GNGST,084833.20,0.011,0.004,0.004,17.2107,3.495,4.614,10.719*7F
$GNGST,084833.30,0.014,0.006,0.004,27.4063,3.495,4.614,10.719*7F
$GNGST,084833.40,0.011,0.004,0.004,26.4579,3.495,4.614,10.719*70
$GNGST,084833.50,0.013,0.006,0.004,37.4072,3.495,4.614,10.719*7F
$GNGST,084833.60,0.011,0.004,0.004,5.6863,3.495,4.614,10.719*47
$GNGST,084833.70,0.013,0.005,0.004,25.7239,3.495,4.614,10.719*73
$GNGST,084833.80,0.011,0.004,0.004,21.0815,3.495,4.614,10.719*78
$GNGST,084833.90,0.010,0.004,0.004,11.2539,3.495,4.614,10.719*7A
$GNGST,084834.00,0.012,0.005,0.004,33.4819,3.495,4.614,10.719*7E
$GNGST,084834.10,0.010,0.004,0.004,11.4764,3.495,4.614,10.719*79
$GNGST,084834.20,0.011,0.004,0.004,11.0673,3.495,4.614,10.719*78
$GNGST,084834.30,0.011,0.005,0.004,8.3561,3.495,4.614,10.719*43
$GNGST,084834.40,0.013,0.007,0.004,17.9292,3.495,4.614,10.719*7B
$GNGST,084834.50,0.011,0.005,0.004,22.4893,3.495,4.614,10.719*7A
$GNGST,084834.60,0.010,0.005,0.004,19.3284,3.495,4.614,10.719*7B
$GNGST,084834.70,0.011,0.005,0.004,23.2684,3.495,4.614,10.719*77
$GNGST,084834.80,0.010,0.004,0.004,11.0523,3.495,4.614,10.719*75
$GNGST,084834.90,0.010,0.004,0.003,16.1979,3.495,4.614,10.719*76
$GNGST,084835.00,0.010,0.004,0.003,16.1978,3.495,4.614,10.719*7F
$GNGST,084835.10,0.010,0.004,0.003,16.1978,3.495,4.614,10.719*7E
$GNGST,084835.20,0.010,0.004,0.004,14.4934,3.495,4.614,10.719*75
$GNGST,084835.30,0.010,0.004,0.003,16.1977,3.495,4.614,10.719*73
$GNGST,084835.40,0.010,0.004,0.004,18.4120,3.495,4.614,10.719*72
$GNGST,084835.50,0.011,0.005,0.004,32.3809,3.495,4.614,10.719*7E
$GNGST,084835.60,0.013,0.006,0.004,30.8843,3.495,4.614,10.719*7B
$GNGST,084835.70,0.011,0.005,0.004,26.7082,3.495,4.614,10.719*76
$GNGST,084835.80,0.011,0.005,0.004,33.9981,3.495,4.614,10.719*79
$GNGST,084835.90,0.012,0.006,0.004,25.2169,3.495,4.614,10.719*7A
$GNGST,084836.00,0.012,0.005,0.004,28.6566,3.495,4.614,10.719*71
$GNGST,084836.10,0.011,0.005,0.004,19.4483,3.495,4.614,10.719*79
$GNGST,084836.20,0.011,0.005,0.004,16.7700,3.495,4.614,10.719*7E
$GNGST,084836.30,0.012,0.005,0.004,33.8297,3.495,4.614,10.719*7F
$GNGST,084836.40,0.013,0.007,0.004,28.2518,3.495,4.614,10.719*7B
$GNGST,084836.50,0.012,0.006,0.004,27.4525,3.495,4.614,10.719*7D
$GNGST,084836.60,0.012,0.006,0.004,29.9366,3.495,4.614,10.719*7C
$GNGST,084836.70,0.011,0.005,0.004,29.5178,3.495,4.614,10.719*7C
$GNGST,084836.80,0.011,0.005,0.003,28.9638,3.495,4.614,10.719*7A
$GNGST,084836.90,0.011,0.005,0.003,28.9640,3.495,4.614,10.719*74
$GNGST,084837.00,0.011,0.005,0.003,28.9642,3.495,4.614,10.719*7E
$GNGST,084837.10,0.011,0.005,0.004,21.1159,3.495,4.614,10.719*74
$GNGST,084837.20,0.011,0.005,0.004,27.0119,3.495,4.614,10.719*74
$GNGST,084837.30,0.011,0.005,0.004,27.1721,3.495,4.614,10.719*79
$GNGST,084837.40,0.014,0.007,0.004,18.3148,3.495,4.614,10.719*7E
$GNGST,084837.50,0.012,0.006,0.004,32.7037,3.495,4.614,10.719*7D
$GNGST,084837.60,0.012,0.005,0.004,30.1656,3.495,4.614,10.719*78
$GNGST,084837.70,0.013,0.005,0.004,28.1415,3.495,4.614,10.719*74
$GNGST,084837.80,0.012,0.005,0.004,30.5757,3.495,4.614,10.719*72
$GNGST,084837.90,0.013,0.005,0.004,19.0235,3.495,4.614,10.719*7D
$GNGST,084838.00,0.013,0.006,0.004,30.1190,3.495,4.614,10.719*7E
$GNGST,084838.10,0.012,0.005,0.004,33.0269,3.495,4.614,10.719*7A
$GNGST,084838.20,0.012,0.005,0.004,33.5187,3.495,4.614,10.719*7F
$GNGST,084838.30,0.012,0.005,0.004,31.8491,3.495,4.614,10.719*73
$GNGST,084838.40,0.012,0.005,0.004,34.3409,3.495,4.614,10.719*7B
$GNGST,084838.50,0.012,0.005,0.004,33.8134,3.495,4.614,10.719*7D
$GNGST,084838.60,0.012,0.005,0.004,29.9298,3.495,4.614,10.719*71
$GNGST,084838.70,0.011,0.005,0.004,32.0262,3.495,4.614,10.719*75
$GNGST,084838.80,0.011,0.005,0.004,32.3048,3.495,4.614,10.719*73
$GNGST,084838.90,0.012,0.006,0.004,32.3384,3.495,4.614,10.719*71
$GNGST,084839.00,0.013,0.006,0.004,29.7810,3.495,4.614,10.719*70
$GNGST,084839.10,0.012,0.006,0.004,30.8682,3.495,4.614,10.719*72
$GNGST,084839.20,0.013,0.006,0.004,30.6855,3.495,4.614,10.719*7A
$GNGST,084839.30,0.013,0.006,0.004,32.9986,3.495,4.614,10.719*79
$GNGST,084839.40,0.014,0.006,0.004,36.3493,3.495,4.614,10.719*7E
$GNGST,084839.50,0.014,0.006,0.004,30.0792,3.495,4.614,10.719*78
$GNGST,084839.60,0.013,0.006,0.004,30.7672,3.495,4.614,10.719*74
$GNGST,084839.70,0.012,0.005,0.004,29.7269,3.495,4.614,10.719*71
$GNGST,084839.80,0.012,0.005,0.004,31.5154,3.495,4.614,10.719*78
$GNGST,084839.90,0.014,0.006,0.004,21.7628,3.495,4.614,10.719*73
$GNGST,084840.00,0.012,0.006,0.004,26.7061,3.495,4.614,10.719*7E
$GNGST,084840.10,0.012,0.006,0.004,29.2437,3.495,4.614,10.719*72
$GNGST,084840.20,0.012,0.006,0.004,25.2256,3.495,4.614,10.719*7C
$GNGST,084840.30,0.014,0.006,0.004,27.2789,3.495,4.614,10.719*7E
$GNGST,084840.40,0.012,0.005,0.004,25.4627,3.495,4.614,10.719*7D
$GNGST,084840.50,0.012,0.005,0.004,29.9434,3.495,4.614,10.719*7D
$GNGST,084840.60,0.011,0.005,0.004,31.8799,3.495,4.614,10.719*71
$GNGST,084840.70,0.012,0.006,0.004,26.8581,3.495,4.614,10.719*7D
$GNGST,084840.80,0.012,0.005,0.004,26.8626,3.495,4.614,10.719*7F
$GNGST,084840.90,0.012,0.005,0.004,26.9951,3.495,4.614,10.719*70
$GNGST,084841.00,0.012,0.005,0.004,21.2397,3.495,4.614,10.719*74
$GNGST,084841.10,0.012,0.005,0.004,27.7110,3.495,4.614,10.719*7B
$GNGST,084841.20,0.013,0.005,0.004,28.9847,3.495,4.614,10.719*73
$GNGST,084841.30,0.013,0.006,0.004,26.0715,3.495,4.614,10.719*7E
$GNGST,084841.40,0.013,0.006,0.004,37.7817,3.495,4.614,10.719*73
$GNGST,084841.50,0.013,0.006,0.004,16.4078,3.495,4.614,10.719*73
$GNGST,084841.60,0.013,0.006,0.004,16.6962,3.495,4.614,10.719*70
$GNGST,084841.70,0.013,0.006,0.004,25.8817,3.495,4.614,10.719*7C
$GNGST,084841.80,0.012,0.006,0.004,23.2332,3.495,4.614,10.719*72
$GNGST,084841.90,0.011,0.005,0.004,24.1781,3.495,4.614,10.719*7B
$GNGST,084842.00,0.013,0.007,0.004,32.4972,3.495,4.614,10.719*71
$GNGST,084842.10,0.012,0.006,0.004,29.1909,3.495,4.614,10.719*73
$GNGST,084842.20,0.012,0.006,0.004,29.0536,3.495,4.614,10.719*71
$GNGST,084842.30,0.012,0.006,0.004,29.3455,3.495,4.614,10.719*77
$GNGST,084842.40,0.013,0.006,0.004,16.4493,3.495,4.614,10.719*70
$GNGST,084842.50,0.012,0.005,0.004,21.6004,3.495,4.614,10.719*7F
$GNGST,084842.60,0.012,0.005,0.004,25.2371,3.495,4.614,10.719*7D
$GNGST,084842.70,0.012,0.005,0.004,22.3073,3.495,4.614,10.719*7B
$GNGST,084842.80,0.012,0.005,0.004,25.6321,3.495,4.614,10.719*72
$GNGST,084842.90,0.012,0.006,0.004,20.2122,3.495,4.614,10.719*70
$GNGST,084843.00,0.012,0.006,0.004,28.3943,3.495,4.614,10.719*7E
$GNGST,084843.10,0.013,0.006,0.004,32.5854,3.495,4.614,10.719*74
$GNGST,084843.20,0.015,0.008,0.005,29.2036,3.495,4.614,10.719*7F
$GNGST,084843.30,0.013,0.006,0.004,31.1737,3.495,4.614,10.719*7B
$GNGST,084843.40,0.012,0.005,0.004,18.6350,3.495,4.614,10.719*77
$GNGST,084843.50,0.013,0.006,0.004,25.6529,3.495,4.614,10.719*72
$GNGST,084843.60,0.014,0.007,0.004,21.5960,3.495,4.614,10.719*71
$GNGST,084843.70,0.012,0.006,0.004,21.9876,3.495,4.614,10.719*7D
$GNGST,084843.80,0.014,0.006,0.004,37.9637,3.495,4.614,10.719*78
$GNGST,084843.90,0.013,0.005,0.004,27.9127,3.495,4.614,10.719*7A
$GNGST,084844.00,0.013,0.005,0.004,28.3745,3.495,4.614,10.719*73
$GNGST,084844.10,0.013,0.006,0.004,26.7384,3.495,4.614,10.719*72
$GNGST,084844.20,0.013,0.006,0.004,12.9410,3.495,4.614,10.719*72
$GNGST,084844.30,0.012,0.005,0.004,23.2222,3.495,4.614,10.719*7F
$GNGST,084844.40,0.013,0.005,0.004,25.7500,3.495,4.614,10.719*7D
$GNGST,084844.50,0.014,0.006,0.004,27.8846,3.495,4.614,10.719*7A
$GNGST,084844.60,0.012,0.005,0.004,22.7951,3.495,4.614,10.719*71
$GNGST,084844.70,0.013,0.006,0.004,23.9253,3.495,4.614,10.719*74
$GNGST,084844.80,0.013,0.006,0.004,25.6267,3.495,4.614,10.719*75
$GNGST,084844.90,0.013,0.006,0.004,23.3848,3.495,4.614,10.719*70
$GNGST,084845.00,0.013,0.006,0.004,25.3083,3.495,4.614,10.719*71
$GNGST,084845.10,0.013,0.006,0.004,24.4578,3.495,4.614,10.719*77
$GNGST,084845.20,0.014,0.006,0.004,22.1704,3.495,4.614,10.719*79
$GNGST,084845.30,0.014,0.006,0.004,22.8532,3.495,4.614,10.719*76
$GNGST,084845.40,0.015,0.006,0.004,21.9511,3.495,4.614,10.719*73
$GNGST,084845.50,0.014,0.008,0.004,26.0214,3.495,4.614,10.719*71
$GNGST,084845.60,0.014,0.007,0.004,28.8233,3.495,4.614,10.719*7E
$GNGST,084845.70,0.015,0.007,0.004,23.6328,3.495,4.614,10.719*70
$GNGST,084845.80,0.014,0.007,0.004,23.6930,3.495,4.614,10.719*7D
$GNGST,084845.90,0.014,0.006,0.004,27.7775,3.495,4.614,10.719*77
$GNGST,084846.00,0.013,0.006,0.004,24.5153,3.495,4.614,10.719*79
$GNGST,084846.10,0.012,0.005,0.004,20.7417,3.495,4.614,10.719*79
$GNGST,084846.20,0.012,0.006,0.004,19.4262,3.495,4.614,10.719*74
$GNGST,084846.30,0.013,0.006,0.004,16.2166,3.495,4.614,10.719*7A
$GNGST,084846.40,0.014,0.007,0.004,19.3763,3.495,4.614,10.719*76
$GNGST,084846.50,0.013,0.006,0.004,20.2046,3.495,4.614,10.719*7A
$GNGST,084846.60,0.014,0.007,0.004,25.8015,3.495,4.614,10.719*76
$GNGST,084846.70,0.012,0.005,0.004,19.5270,3.495,4.614,10.719*70
$GNGST,084846.80,0.013,0.006,0.004,23.1847,3.495,4.614,10.719*7E
$GNGST,084846.90,0.015,0.007,0.005,20.1096,3.495,4.614,10.719*7E
$GNGST,084847.00,0.013,0.006,0.004,18.0997,3.495,4.614,10.719*72
$GNGST,084847.10,0.012,0.006,0.004,21.0707,3.495,4.614,10.719*7F
$GNGST,084847.20,0.015,0.007,0.004,9.7529,3.495,4.614,10.719*49
$GNGST,084847.30,0.013,0.006,0.004,17.0597,3.495,4.614,10.719*72
$GNGST,084847.40,0.013,0.006,0.004,16.5112,3.495,4.614,10.719*78
$GNGST,084847.50,0.013,0.006,0.004,22.9696,3.495,4.614,10.719*79
$GNGST,084847.60,0.014,0.006,0.004,24.5829,3.495,4.614,10.719*7D
$GNGST,084847.70,0.014,0.006,0.004,17.3479,3.495,4.614,10.719*73
$GNGST,084847.80,0.013,0.005,0.004,15.5897,3.495,4.614,10.719*70
$GNGST,084847.90,0.014,0.006,0.004,23.2680,3.495,4.614,10.719*7F
$GNGST,084848.00,0.014,0.006,0.004,28.5857,3.495,4.614,10.719*71
$GNGST,084848.10,0.013,0.006,0.004,25.7160,3.495,4.614,10.719*75
$GNGST,084848.20,0.016,0.007,0.004,19.8410,3.495,4.614,10.719*70
$GNGST,084848.30,0.012,0.005,0.004,15.9096,3.495,4.614,10.719*70
$GNGST,084848.40,0.014,0.006,0.004,28.8547,3.495,4.614,10.719*74
$GNGST,084848.50,0.014,0.006,0.004,26.5580,3.495,4.614,10.719*7D
$GNGST,084848.60,0.013,0.006,0.004,24.1633,3.495,4.614,10.719*74
$GNGST,084848.70,0.012,0.005,0.004,20.0360,3.495,4.614,10.719*71
$GNGST,084848.80,0.013,0.006,0.004,24.4501,3.495,4.614,10.719*7D
$GNGST,084848.90,0.013,0.006,0.004,24.4596,3.495,4.614,10.719*72
$GNGST,084849.00,0.014,0.006,0.004,26.2410,3.495,4.614,10.719*76
$GNGST,084849.10,0.013,0.006,0.004,23.9057,3.495,4.614,10.719*79
$GNGST,084849.20,0.015,0.006,0.004,28.3129,3.495,4.614,10.719*75
$GNGST,084849.30,0.015,0.007,0.004,22.1655,3.495,4.614,10.719*71
$GNGST,084849.40,0.015,0.007,0.004,29.8205,3.495,4.614,10.719*75
$GNGST,084849.50,0.015,0.006,0.004,31.6209,3.495,4.614,10.719*7E
$GNGST,084849.60,0.014,0.007,0.004,29.3136,3.495,4.614,10.719*7E
$GNGST,084849.70,0.015,0.007,0.004,26.1401,3.495,4.614,10.719*72
$GNGST,084849.80,0.016,0.007,0.004,24.7280,3.495,4.614,10.719*75
$GNGST,084849.90,0.015,0.007,0.004,21.7056,3.495,4.614,10.719*7B
$GNGST,084850.00,0.017,0.007,0.005,37.0764,3.495,4.614,10.719*7F
$GNGST,084850.10,0.017,0.007,0.005,23.9430,3.495,4.614,10.719*70
$GNGST,084850.20,0.015,0.006,0.004,22.1932,3.495,4.614,10.719*77
$GNGST,084850.30,0.016,0.006,0.005,23.5069,3.495,4.614,10.719*76
$GNGST,084850.40,0.013,0.006,0.004,17.0417,3.495,4.614,10.719*7A
$GNGST,084850.50,0.013,0.006,0.004,16.1521,3.495,4.614,10.719*7F
$GNGST,084850.60,0.016,0.007,0.005,30.7527,3.495,4.614,10.719*7D
$GNGST,084850.70,0.015,0.007,0.004,20.5805,3.495,4.614,10.719*70
$GNGST,084850.80,0.015,0.008,0.004,13.1597,3.495,4.614,10.719*72
$GNGST,084850.90,0.015,0.007,0.004,23.6801,3.495,4.614,10.719*7A
$GNGST,084851.00,0.016,0.007,0.005,26.8919,3.495,4.614,10.719*73
$GNGST,084851.10,0.014,0.006,0.005,3.6455,3.495,4.614,10.719*4D
$GNGST,084851.20,0.015,0.007,0.004,19.5586,3.495,4.614,10.719*78
$GNGST,084851.30,0.015,0.007,0.005,25.4143,3.495,4.614,10.719*7B
$GNGST,084851.40,0.016,0.007,0.005,24.2557,3.495,4.614,10.719*79
$GNGST,084851.50,0.016,0.009,0.004,18.1090,3.495,4.614,10.719*75
$GNGST,084851.60,0.014,0.006,0.004,22.0579,3.495,4.614,10.719*71
$GNGST,084851.70,0.014,0.006,0.004,19.7925,3.495,4.614,10.719*7A
$GNGST,084851.80,0.015,0.007,0.004,24.1103,3.495,4.614,10.719*71
$GNGST,084851.90,0.014,0.006,0.004,22.6271,3.495,4.614,10.719*77
$GNGST,084852.00,0.014,0.007,0.004,21.5263,3.495,4.614,10.719*7F
$GNGST,084852.10,0.016,0.008,0.005,9.0849,3.495,4.614,10.719*4F
$GNGST,084852.20,0.016,0.008,0.004,20.2536,3.495,4.614,10.719*71
$GNGST,084852.30,0.015,0.006,0.004,22.2204,3.495,4.614,10.719*79
$GNGST,084852.40,0.015,0.007,0.004,20.1898,3.495,4.614,10.719*71
$GNGST,084852.50,0.015,0.007,0.005,29.6156,3.495,4.614,10.719*74
$GNGST,084852.60,0.015,0.007,0.005,24.5662,3.495,4.614,10.719*79
$GNGST,084852.70,0.015,0.007,0.005,27.3261,3.495,4.614,10.719*7A
$GNGST,084852.80,0.015,0.007,0.004,24.3034,3.495,4.614,10.719*75
$GNGST,084852.90,0.015,0.006,0.004,26.9455,3.495,4.614,10.719*7E
$GNGST,084853.00,0.015,0.007,0.005,28.6461,3.495,4.614,10.719*70
$GNGST,084853.10,0.016,0.006,0.005,27.5184,3.495,4.614,10.719*71
$GNGST,084853.20,0.016,0.007,0.004,32.2448,3.495,4.614,10.719*74
$GNGST,084853.30,0.015,0.007,0.004,29.7184,3.495,4.614,10.719*7C
$GNGST,084853.40,0.016,0.006,0.005,28.6725,3.495,4.614,10.719*75
$GNGST,084853.50,0.016,0.007,0.005,33.1004,3.495,4.614,10.719*7C
$GNGST,084853.60,0.016,0.008,0.005,23.3613,3.495,4.614,10.719*73
$GNGST,084853.70,0.017,0.007,0.005,34.7494,3.495,4.614,10.719*73
$GNGST,084853.80,0.015,0.006,0.004,27.4568,3.495,4.614,10.719*7D
$GNGST,084853.90,0.016,0.007,0.005,19.6505,3.495,4.614,10.719*7B
$GNGST,084854.00,0.015,0.007,0.005,24.8113,3.495,4.614,10.719*75
$GNGST,084854.10,0.015,0.007,0.005,18.4819,3.495,4.614,10.719*74
$GNGST,084854.20,0.014,0.006,0.004,16.4319,3.495,4.614,10.719*73
$GNGST,084854.30,0.015,0.006,0.005,23.3858,3.495,4.614,10.719*7D
$GNGST,084854.40,0.015,0.007,0.004,20.7996,3.495,4.614,10.719*7E
$GNGST,084854.50,0.014,0.006,0.004,26.3994,3.495,4.614,10.719*7F
$GNGST,084854.60,0.016,0.007,0.005,21.7665,3.495,4.614,10.719*7C
$GNGST,084854.70,0.015,0.007,0.004,23.1859,3.495,4.614,10.719*7A
$GNGST,084854.80,0.017,0.007,0.005,39.2129,3.495,4.614,10.719*70
$GNGST,084854.90,0.015,0.007,0.004,27.2899,3.495,4.614,10.719*7F
$GNGST,084855.00,0.016,0.007,0.004,27.0445,3.495,4.614,10.719*7B
$GNGST,084855.10,0.014,0.006,0.004,24.9800,3.495,4.614,10.719*7E
$GNGST,084855.20,0.016,0.008,0.005,26.7276,3.495,4.614,10.719*77
$GNGST,084855.30,0.016,0.007,0.005,12.8659,3.495,4.614,10.719*78
$GNGST,084855.40,0.015,0.006,0.004,24.5735,3.495,4.614,10.719*7F
$GNGST,084855.50,0.016,0.007,0.005,23.4492,3.495,4.614,10.719*75
$GNGST,084855.60,0.016,0.007,0.005,27.2694,3.495,4.614,10.719*70
$GNGST,084855.70,0.015,0.006,0.004,31.5351,3.495,4.614,10.719*7E
$GNGST,084855.80,0.015,0.006,0.004,26.8797,3.495,4.614,10.719*74
$GNGST,084855.90,0.014,0.006,0.004,26.1693,3.495,4.614,10.719*78
$GNGST,084856.00,0.015,0.006,0.004,24.8744,3.495,4.614,10.719*73
$GNGST,084856.10,0.015,0.006,0.004,28.5415,3.495,4.614,10.719*74
$GNGST,084856.20,0.015,0.006,0.004,26.9833,3.495,4.614,10.719*7D
$GNGST,084856.30,0.016,0.007,0.004,20.6962,3.495,4.614,10.719*72
$GNGST,084856.40,0.015,0.006,0.004,27.6182,3.495,4.614,10.719*76
$GNGST,084856.50,0.015,0.006,0.004,25.1056,3.495,4.614,10.719*7A
$GNGST,084856.60,0.015,0.007,0.004,18.7706,3.495,4.614,10.719*72
$GNGST,084856.70,0.015,0.007,0.004,22.4672,3.495,4.614,10.719*7B
$GNGST,084856.80,0.014,0.006,0.004,25.7456,3.495,4.614,10.719*74
$GNGST,084856.90,0.015,0.006,0.004,22.1532,3.495,4.614,10.719*76
$GNGST,084857.00,0.015,0.006,0.004,25.1182,3.495,4.614,10.719*76
$GNGST,084857.10,0.015,0.006,0.004,25.1616,3.495,4.614,10.719*7D
$GNGST,084857.20,0.015,0.007,0.004,18.3153,3.495,4.614,10.719*75
$GNGST,084857.30,0.015,0.006,0.004,27.4615,3.495,4.614,10.719*7B
$GNGST,084857.40,0.014,0.006,0.004,24.2141,3.495,4.614,10.719*7E
$GNGST,084857.50,0.015,0.006,0.004,30.3777,3.495,4.614,10.719*79
$GNGST,084857.60,0.014,0.006,0.004,26.0606,3.495,4.614,10.719*78
$GNGST,084857.70,0.016,0.006,0.005,28.5822,3.495,4.614,10.719*79
$GNGST,084857.80,0.014,0.006,0.004,27.4038,3.495,4.614,10.719*78
$GNGST,084857.90,0.014,0.006,0.004,25.8709,3.495,4.614,10.719*72
$GNGST,084858.00,0.014,0.006,0.004,26.0343,3.495,4.614,10.719*75
$GNGST,084858.10,0.015,0.007,0.004,25.3234,3.495,4.614,10.719*75
$GNGST,084858.20,0.015,0.006,0.004,26.9981,3.495,4.614,10.719*7B
$GNGST,084858.30,0.015,0.006,0.004,20.6797,3.495,4.614,10.719*7A
$GNGST,084858.40,0.015,0.006,0.004,23.6202,3.495,4.614,10.719*77
$GNGST,084858.50,0.015,0.006,0.004,24.7610,3.495,4.614,10.719*77
$GNGST,084858.60,0.016,0.006,0.004,22.4209,3.495,4.614,10.719*7E
$GNGST,084858.70,0.015,0.006,0.004,25.2675,3.495,4.614,10.719*72
$GNGST,084858.80,0.015,0.006,0.004,24.4061,3.495,4.614,10.719*79
$GNGST,084858.90,0.016,0.006,0.005,25.2482,3.495,4.614,10.719*74
$GNGST,084859.00,0.017,0.007,0.005,21.8045,3.495,4.614,10.719*7D
$GNGST,084859.10,0.015,0.006,0.004,24.9260,3.495,4.614,10.719*7F
$GNGST,084859.20,0.016,0.007,0.005,34.3409,3.495,4.614,10.719*7D
$GNGST,084859.30,0.016,0.007,0.004,26.5627,3.495,4.614,10.719*76
$GNGST,084859.40,0.015,0.007,0.004,21.3605,3.495,4.614,10.719*73
$GNGST,084859.50,0.016,0.007,0.005,14.1065,3.495,4.614,10.719*74
$GNGST,084859.60,0.016,0.007,0.004,25.5483,3.495,4.614,10.719*7C
$GNGST,084859.70,0.016,0.007,0.004,30.8686,3.495,4.614,10.719*73
$GNGST,084859.80,0.017,0.007,0.004,20.4470,3.495,4.614,10.719*7B
$GNGST,084859.90,0.017,0.007,0.005,30.0125,3.495,4.614,10.719*7B
$GNGST,084900.00,0.016,0.006,0.004,24.7700,3.495,4.614,10.719*7D
$GNGST,084900.10,0.018,0.007,0.005,31.1193,3.495,4.614,10.719*7C
$GNGST,084900.20,0.016,0.006,0.005,27.3240,3.495,4.614,10.719*78
$GNGST,084900.30,0.016,0.006,0.004,27.9932,3.495,4.614,10.719*7C
$GNGST,084900.40,0.017,0.007,0.005,34.2968,3.495,4.614,10.719*7C
$GNGST,084900.50,0.016,0.007,0.005,32.7412,3.495,4.614,10.719*7F
$GNGST,084900.60,0.016,0.007,0.005,32.0029,3.495,4.614,10.719*77
$GNGST,084900.70,0.016,0.007,0.004,28.2388,3.495,4.614,10.719*76
$GNGST,084900.80,0.019,0.008,0.005,26.5173,3.495,4.614,10.719*77
$GNGST,084900.90,0.016,0.006,0.004,27.1237,3.495,4.614,10.719*70
$GNGST,084901.00,0.016,0.006,0.004,27.2983,3.495,4.614,10.719*7F
$GNGST,084901.10,0.015,0.006,0.004,21.1465,3.495,4.614,10.719*7D
$GNGST,084901.20,0.015,0.006,0.004,26.9748,3.495,4.614,10.719*7D
$GNGST,084901.30,0.015,0.006,0.004,31.3364,3.495,4.614,10.719*7A
$GNGST,084901.40,0.015,0.006,0.004,28.4534,3.495,4.614,10.719*71
$GNGST,084901.50,0.015,0.006,0.004,28.9285,3.495,4.614,10.719*70
$GNGST,084901.60,0.015,0.006,0.004,23.7149,3.495,4.614,10.719*75
$GNGST,084901.70,0.016,0.006,0.005,27.1313,3.495,4.614,10.719*79
$GNGST,084901.80,0.016,0.006,0.004,28.2006,3.495,4.614,10.719*7C
$GNGST,084901.90,0.015,0.006,0.004,25.5380,3.495,4.614,10.719*79
$GNGST,084902.00,0.015,0.007,0.004,19.2734,3.495,4.614,10.719*71
$GNGST,084902.10,0.015,0.006,0.004,28.2486,3.495,4.614,10.719*79
$GNGST,084902.20,0.015,0.006,0.004,30.0568,3.495,4.614,10.719*70
$GNGST,084902.30,0.015,0.006,0.004,33.8759,3.495,4.614,10.719*7A
$GNGST,084902.40,0.015,0.007,0.004,32.4828,3.495,4.614,10.719*78
$GNGST,084902.50,0.016,0.006,0.004,36.8913,3.495,4.614,10.719*7A
$GNGST,084902.60,0.014,0.006,0.004,30.0495,3.495,4.614,10.719*76
$GNGST,084902.70,0.015,0.006,0.004,33.0632,3.495,4.614,10.719*7A
$GNGST,084902.80,0.015,0.007,0.004,29.0650,3.495,4.614,10.719*7B
$GNGST,084902.90,0.015,0.007,0.005,19.5677,3.495,4.614,10.719*78
$GNGST,084903.00,0.014,0.006,0.004,25.6999,3.495,4.614,10.719*72
$GNGST,084903.10,0.014,0.007,0.004,26.9814,3.495,4.614,10.719*7A
$GNGST,084903.20,0.014,0.007,0.004,26.9813,3.495,4.614,10.719*7E
$GNGST,084903.30,0.015,0.007,0.005,21.3394,3.495,4.614,10.719*76
$GNGST,084903.40,0.014,0.006,0.004,26.5649,3.495,4.614,10.719*74
$GNGST,084903.50,0.015,0.007,0.004,27.5229,3.495,4.614,10.719*76
$GNGST,084903.60,0.014,0.007,0.004,25.9876,3.495,4.614,10.719*7A
$GNGST,084903.70,0.014,0.006,0.004,25.6662,3.495,4.614,10.719*7E
$GNGST,084903.80,0.015,0.007,0.004,31.3148,3.495,4.614,10.719*7E
$GNGST,084903.90,0.015,0.007,0.004,29.1482,3.495,4.614,10.719*77
$GNGST,084904.00,0.016,0.008,0.004,29.6922,3.495,4.614,10.719*75
$GNGST,084904.10,0.015,0.007,0.004,29.8975,3.495,4.614,10.719*74
$GNGST,084904.20,0.017,0.007,0.005,26.4353,3.495,4.614,10.719*79
$GNGST,084904.30,0.015,0.007,0.004,31.3805,3.495,4.614,10.719*72
$GNGST,084904.40,0.015,0.006,0.005,28.3413,3.495,4.614,10.719*76
$GNGST,084904.50,0.014,0.006,0.004,27.9700,3.495,4.614,10.719*73
$GNGST,084904.60,0.014,0.006,0.004,24.9732,3.495,4.614,10.719*72
$GNGST,084904.70,0.013,0.006,0.004,28.0467,3.495,4.614,10.719*72
$GNGST,084904.80,0.015,0.007,0.004,22.8476,3.495,4.614,10.719*78
$GNGST,084904.90,0.013,0.006,0.004,24.7392,3.495,4.614,10.719*7A
$GNGST,084905.00,0.013,0.006,0.004,25.4498,3.495,4.614,10.719*7D
$GNGST,084905.10,0.013,0.006,0.004,26.5209,3.495,4.614,10.719*70
$GNGST,084905.20,0.013,0.006,0.004,25.7711,3.495,4.614,10.719*7E
$GNGST,084905.30,0.013,0.006,0.004,25.4361,3.495,4.614,10.719*7F
$GNGST,084905.40,0.013,0.006,0.004,27.5819,3.495,4.614,10.719*7F
$GNGST,084905.50,0.013,0.006,0.004,25.3251,3.495,4.614,10.719*7C
$GNGST,084905.60,0.013,0.006,0.004,27.9317,3.495,4.614,10.719*74
$GNGST,084905.70,0.013,0.006,0.004,26.1578,3.495,4.614,10.719*73
$GNGST,084905.80,0.014,0.006,0.004,20.8448,3.495,4.614,10.719*76
$GNGST,084905.90,0.014,0.006,0.004,30.4640,3.495,4.614,10.719*70
$GNGST,084906.00,0.013,0.005,0.004,25.7867,3.495,4.614,10.719*72
$GNGST,084906.10,0.014,0.006,0.004,27.1581,3.495,4.614,10.719*76
$GNGST,084906.20,0.013,0.006,0.004,23.6828,3.495,4.614,10.719*7F
$GNGST,084906.30,0.015,0.006,0.004,31.4218,3.495,4.614,10.719*70
$GNGST,084906.40,0.014,0.005,0.004,31.3544,3.495,4.614,10.719*7C
$GNGST,084906.50,0.013,0.005,0.004,30.2735,3.495,4.614,10.719*7E
$GNGST,084906.60,0.013,0.006,0.004,25.2401,3.495,4.614,10.719*7E
$GNGST,084906.70,0.013,0.006,0.004,31.5950,3.495,4.614,10.719*74
$GNGST,084906.80,0.012,0.005,0.004,26.6695,3.495,4.614,10.719*7A
$GNGST,084906.90,0.013,0.006,0.004,26.5884,3.495,4.614,10.719*74
$GNGST,084907.00,0.013,0.006,0.004,30.7437,3.495,4.614,10.719*7D
$GNGST,084907.10,0.013,0.006,0.004,28.5453,3.495,4.614,10.719*75
$GNGST,084907.20,0.013,0.006,0.004,28.8099,3.495,4.614,10.719*79
$GNGST,084907.30,0.014,0.006,0.004,36.5037,3.495,4.614,10.719*79
$GNGST,084907.40,0.014,0.006,0.004,30.6928,3.495,4.614,10.719*7C
$GNGST,084907.50,0.013,0.006,0.004,27.5739,3.495,4.614,10.719*71
$GNGST,084907.60,0.013,0.006,0.004,27.9358,3.495,4.614,10.719*7D
$GNGST,084907.70,0.013,0.006,0.004,27.7678,3.495,4.614,10.719*75
$GNGST,084907.80,0.013,0.006,0.004,25.9810,3.495,4.614,10.719*76
$GNGST,084907.90,0.012,0.006,0.004,27.4622,3.495,4.614,10.719*76
$GNGST,084908.00,0.013,0.006,0.004,29.4195,3.495,4.614,10.719*74
$GNGST,084908.10,0.014,0.007,0.004,29.2816,3.495,4.614,10.719*77
$GNGST,084908.20,0.013,0.006,0.004,28.2738,3.495,4.614,10.719*70
$GNGST,084908.30,0.015,0.007,0.004,28.1723,3.495,4.614,10.719*7F
$GNGST,084908.40,0.013,0.006,0.004,31.2118,3.495,4.614,10.719*7A
$GNGST,084908.50,0.012,0.005,0.004,27.3943,3.495,4.614,10.719*79
$GNGST,084908.60,0.012,0.005,0.004,27.3944,3.495,4.614,10.719*7D
$GNGST,084908.70,0.013,0.006,0.004,27.5578,3.495,4.614,10.719*7B
$GNGST,084908.80,0.012,0.005,0.004,27.3946,3.495,4.614,10.719*71
$GNGST,084908.90,0.013,0.006,0.004,28.7832,3.495,4.614,10.719*7B
$GNGST,084909.00,0.012,0.005,0.004,26.8314,3.495,4.614,10.719*7F
$GNGST,084909.10,0.012,0.005,0.004,27.0416,3.495,4.614,10.719*72
$GNGST,084909.20,0.012,0.005,0.004,27.0417,3.495,4.614,10.719*70
$GNGST,084909.30,0.013,0.006,0.004,27.4500,3.495,4.614,10.719*70
$GNGST,084909.40,0.013,0.006,0.004,24.7528,3.495,4.614,10.719*7D
$GNGST,084909.50,0.013,0.006,0.004,32.9878,3.495,4.614,10.719*7D
$GNGST,084909.60,0.014,0.006,0.004,26.7686,3.495,4.614,10.719*7D
$GNGST,084909.70,0.014,0.006,0.004,28.1618,3.495,4.614,10.719*73
$GNGST,084909.80,0.013,0.006,0.004,30.3221,3.495,4.614,10.719*7E
$GNGST,084909.90,0.013,0.006,0.004,24.5902,3.495,4.614,10.719*76
$GNGST,084910.00,0.013,0.006,0.004,22.6682,3.495,4.614,10.719*75
$GNGST,084910.10,0.013,0.006,0.004,27.2414,3.495,4.614,10.719*78
$GNGST,084910.20,0.013,0.006,0.004,24.4375,3.495,4.614,10.719*7E
$GNGST,084910.30,0.014,0.006,0.004,25.0725,3.495,4.614,10.719*7C
$GNGST,084910.40,0.013,0.005,0.004,32.1377,3.495,4.614,10.719*7B
$GNGST,084910.50,0.013,0.005,0.004,30.2735,3.495,4.614,10.719*79
$GNGST,084910.60,0.014,0.006,0.004,31.7495,3.495,4.614,10.719*73
$GNGST,084910.70,0.013,0.005,0.004,33.5659,3.495,4.614,10.719*74
$GNGST,084910.80,0.013,0.005,0.004,28.9526,3.495,4.614,10.719*76
$GNGST,084910.90,0.013,0.006,0.004,31.4669,3.495,4.614,10.719*79
$GNGST,084911.00,0.013,0.006,0.004,28.2882,3.495,4.614,10.719*74
$GNGST,084911.10,0.013,0.006,0.004,31.2754,3.495,4.614,10.719*79
$GNGST,084911.20,0.014,0.006,0.004,37.2191,3.495,4.614,10.719*74
$GNGST,084911.30,0.014,0.006,0.004,27.4321,3.495,4.614,10.719*7B
$GNGST,084911.40,0.015,0.006,0.004,29.4125,3.495,4.614,10.719*75
$GNGST,084911.50,0.013,0.005,0.004,30.7541,3.495,4.614,10.719*7C
$GNGST,084911.60,0.013,0.005,0.004,29.7883,3.495,4.614,10.719*74
$GNGST,084911.70,0.013,0.005,0.004,29.7885,3.495,4.614,10.719*73
$GNGST,084911.80,0.013,0.005,0.004,29.7886,3.495,4.614,10.719*7F
$GNGST,084911.90,0.014,0.006,0.004,30.9274,3.495,4.614,10.719*7B
$GNGST,084912.00,0.013,0.005,0.004,29.7889,3.495,4.614,10.719*7B
$GNGST,084912.10,0.013,0.005,0.004,28.1141,3.495,4.614,10.719*70
$GNGST,084912.20,0.014,0.006,0.004,31.7243,3.495,4.614,10.719*78
$GNGST,084912.30,0.013,0.005,0.004,31.1397,3.495,4.614,10.719*73
$GNGST,084912.40,0.013,0.005,0.004,28.8373,3.495,4.614,10.719*7F
$GNGST,084912.50,0.013,0.005,0.004,31.0133,3.495,4.614,10.719*78
$GNGST,084912.60,0.014,0.006,0.004,32.4623,3.495,4.614,10.719*7E
$GNGST,084912.70,0.013,0.005,0.004,30.8987,3.495,4.614,10.719*74
$GNGST,084912.80,0.014,0.005,0.004,29.2891,3.495,4.614,10.719*78
$GNGST,084912.90,0.012,0.005,0.004,29.0944,3.495,4.614,10.719*74
$GNGST,084913.00,0.012,0.005,0.004,29.7838,3.495,4.614,10.719*71
$GNGST,084913.10,0.012,0.005,0.004,29.8869,3.495,4.614,10.719*7B
$GNGST,084913.20,0.012,0.005,0.004,29.8871,3.495,4.614,10.719*71
$GNGST,084913.30,0.012,0.005,0.004,29.7843,3.495,4.614,10.719*7E
$GNGST,084913.40,0.012,0.005,0.004,29.7845,3.495,4.614,10.719*7F
$GNGST,084913.50,0.013,0.006,0.004,29.2758,3.495,4.614,10.719*7A
$GNGST,084913.60,0.012,0.005,0.004,28.6851,3.495,4.614,10.719*78
$GNGST,084913.70,0.013,0.005,0.004,26.2920,3.495,4.614,10.719*75
$GNGST,084913.80,0.012,0.005,0.004,28.7227,3.495,4.614,10.719*7C
$GNGST,084913.90,0.012,0.005,0.004,30.3764,3.495,4.614,10.719*72
$GNGST,084914.00,0.012,0.005,0.004,30.3766,3.495,4.614,10.719*7E
$GNGST,084914.10,0.012,0.005,0.004,30.3768,3.495,4.614,10.719*71
$GNGST,084914.20,0.013,0.005,0.004,23.5332,3.495,4.614,10.719*7C
$GNGST,084914.30,0.012,0.005,0.004,30.1235,3.495,4.614,10.719*7C
$GNGST,084914.40,0.012,0.005,0.004,29.2921,3.495,4.614,10.719*7E
$GNGST,084914.50,0.012,0.005,0.004,28.4683,3.495,4.614,10.719*7F
$GNGST,084914.60,0.012,0.005,0.004,29.2926,3.495,4.614,10.719*7B
$GNGST,084914.70,0.012,0.005,0.004,28.5944,3.495,4.614,10.719*78
$GNGST,084914.80,0.013,0.005,0.004,31.7723,3.495,4.614,10.719*73
$GNGST,084914.90,0.012,0.005,0.004,30.9759,3.495,4.614,10.719*71
$GNGST,084915.00,0.012,0.005,0.004,29.6705,3.495,4.614,10.719*77
$GNGST,084915.10,0.013,0.005,0.004,33.3653,3.495,4.614,10.719*7B
$GNGST,084915.20,0.012,0.005,0.004,29.1048,3.495,4.614,10.719*7C
$GNGST,084915.30,0.012,0.005,0.004,29.1050,3.495,4.614,10.719*74
$GNGST,084915.40,0.012,0.005,0.004,29.1053,3.495,4.614,10.719*70
$GNGST,084915.50,0.012,0.005,0.004,28.6320,3.495,4.614,10.719*70
$GNGST,084915.60,0.013,0.006,0.004,32.0917,3.495,4.614,10.719*72
$GNGST,084915.70,0.013,0.005,0.004,23.0611,3.495,4.614,10.719*79
$GNGST,084915.80,0.012,0.005,0.004,29.3872,3.495,4.614,10.719*75
$GNGST,084915.90,0.012,0.006,0.004,28.0216,3.495,4.614,10.719*7D
$GNGST,084916.00,0.012,0.005,0.004,27.3666,3.495,4.614,10.719*7B
$GNGST,084916.10,0.012,0.005,0.004,28.9676,3.495,4.614,10.719*7E
$GNGST,084916.20,0.012,0.005,0.004,28.9678,3.495,4.614,10.719*73
$GNGST,084916.30,0.013,0.006,0.004,28.1295,3.495,4.614,10.719*7F
$GNGST,084916.40,0.012,0.005,0.004,28.9682,3.495,4.614,10.719*70
$GNGST,084916.50,0.014,0.006,0.004,24.4193,3.495,4.614,10.719*72
$GNGST,084916.60,0.013,0.006,0.004,23.6838,3.495,4.614,10.719*7B
$GNGST,084916.70,0.014,0.006,0.004,22.6678,3.495,4.614,10.719*76
$GNGST,084916.80,0.012,0.005,0.004,25.5771,3.495,4.614,10.719*70
$GNGST,084916.90,0.012,0.005,0.004,29.8045,3.495,4.614,10.719*70
$GNGST,084917.00,0.012,0.005,0.004,29.8047,3.495,4.614,10.719*7A
$GNGST,084917.10,0.012,0.005,0.004,29.8049,3.495,4.614,10.719*75
$GNGST,084917.20,0.012,0.005,0.004,29.8051,3.495,4.614,10.719*7F
$GNGST,084917.30,0.012,0.005,0.004,29.8053,3.495,4.614,10.719*7C
$GNGST,084917.40,0.014,0.006,0.004,23.0738,3.495,4.614,10.719*76
$GNGST,084917.50,0.014,0.006,0.004,15.7133,3.495,4.614,10.719*78
$GNGST,084917.60,0.014,0.006,0.004,19.7252,3.495,4.614,10.719*73
$GNGST,084917.70,0.014,0.006,0.004,20.7891,3.495,4.614,10.719*7D
$GNGST,084917.80,0.014,0.006,0.004,19.4820,3.495,4.614,10.719*71
$GNGST,084917.90,0.015,0.007,0.005,19.2177,3.495,4.614,10.719*7C
$GNGST,084918.00,0.013,0.006,0.004,20.2693,3.495,4.614,10.719*7B
$GNGST,084918.10,0.014,0.006,0.004,16.1328,3.495,4.614,10.719*7E
$GNGST,084918.20,0.014,0.007,0.004,20.2062,3.495,4.614,10.719*77
$GNGST,084918.30,0.012,0.005,0.004,25.0077,3.495,4.614,10.719*71
$GNGST,084918.40,0.013,0.005,0.004,23.2028,3.495,4.614,10.719*79
$GNGST,084918.50,0.013,0.006,0.004,25.2355,3.495,4.614,10.719*74
$GNGST,084918.60,0.013,0.005,0.004,21.7094,3.495,4.614,10.719*7B
$GNGST,084918.70,0.013,0.005,0.004,28.0061,3.495,4.614,10.719*7E
$GNGST,084918.80,0.013,0.005,0.004,23.8813,3.495,4.614,10.719*7F
$GNGST,084918.90,0.012,0.005,0.004,24.5495,3.495,4.614,10.719*77
$GNGST,084919.00,0.012,0.005,0.004,23.9215,3.495,4.614,10.719*7A
$GNGST,084919.10,0.013,0.005,0.004,19.3578,3.495,4.614,10.719*75
$GNGST,084919.20,0.013,0.005,0.004,21.6319,3.495,4.614,10.719*79
$GNGST,084919.30,0.014,0.006,0.004,18.2409,3.495,4.614,10.719*74
$GNGST,084919.40,0.012,0.005,0.004,24.5506,3.495,4.614,10.719*70
$GNGST,084919.50,0.012,0.005,0.004,24.5509,3.495,4.614,10.719*7E
$GNGST,084919.60,0.012,0.005,0.004,24.5511,3.495,4.614,10.719*74
$GNGST,084919.70,0.013,0.005,0.004,23.6307,3.495,4.614,10.719*71
$GNGST,084919.80,0.013,0.005,0.004,23.9194,3.495,4.614,10.719*79
$GNGST,084919.90,0.012,0.005,0.004,23.4718,3.495,4.614,10.719*76
$GNGST,084920.00,0.013,0.005,0.004,23.3062,3.495,4.614,10.719*79
$GNGST,084920.10,0.015,0.006,0.004,25.7838,3.495,4.614,10.719*78
$GNGST,084920.20,0.013,0.005,0.004,22.9929,3.495,4.614,10.719*76
$GNGST,084920.30,0.014,0.005,0.004,23.2091,3.495,4.614,10.719*70
$GNGST,084920.40,0.013,0.005,0.004,20.8661,3.495,4.614,10.719*70
$GNGST,084920.50,0.013,0.005,0.004,22.6326,3.495,4.614,10.719*7B
$GNGST,084920.60,0.013,0.006,0.004,22.4300,3.495,4.614,10.719*7D
$GNGST,084920.70,0.013,0.005,0.004,20.5329,3.495,4.614,10.719*77
$GNGST,084920.80,0.012,0.005,0.004,20.6744,3.495,4.614,10.719*75
$GNGST,084920.90,0.013,0.005,0.004,18.8311,3.495,4.614,10.719*74
$GNGST,084921.00,0.013,0.005,0.004,19.6183,3.495,4.614,10.719*7A
$GNGST,084921.10,0.014,0.007,0.004,20.9979,3.495,4.614,10.719*76
$GNGST,084921.20,0.013,0.006,0.004,17.6493,3.495,4.614,10.719*71
$GNGST,084921.30,0.013,0.006,0.004,20.8468,3.495,4.614,10.719*7E
$GNGST,084921.40,0.014,0.006,0.004,20.7918,3.495,4.614,10.719*7B
$GNGST,084921.50,0.013,0.005,0.004,20.2899,3.495,4.614,10.719*73
$GNGST,084921.60,0.019,0.008,0.004,17.3164,3.495,4.614,10.719*79
$GNGST,084921.70,0.016,0.008,0.005,6.0057,3.495,4.614,10.719*44
$GNGST,084921.80,0.015,0.007,0.004,24.0248,3.495,4.614,10.719*7A
$GNGST,084921.90,0.013,0.005,0.004,19.4875,3.495,4.614,10.719*71
$GNGST,084922.00,0.013,0.006,0.004,23.6755,3.495,4.614,10.719*7E
$GNGST,084922.10,0.015,0.008,0.004,24.8883,3.495,4.614,10.719*7A
$GNGST,084922.20,0.015,0.007,0.004,16.8303,3.495,4.614,10.719*74
$GNGST,084922.30,0.014,0.006,0.005,10.9676,3.495,4.614,10.719*74
$GNGST,084922.40,0.013,0.005,0.004,11.5763,3.495,4.614,10.719*7E
$GNGST,084922.50,0.013,0.005,0.004,17.8174,3.495,4.614,10.719*74
$GNGST,084922.60,0.013,0.006,0.004,16.6349,3.495,4.614,10.719*77
$GNGST,084922.70,0.013,0.005,0.004,17.7066,3.495,4.614,10.719*7B
$GNGST,084922.80,0.015,0.007,0.004,16.7112,3.495,4.614,10.719*73
$GNGST,084922.90,0.014,0.005,0.004,14.7979,3.495,4.614,10.719*76
$GNGST,084923.00,0.012,0.005,0.004,18.8808,3.495,4.614,10.719*7C
$GNGST,084923.10,0.013,0.005,0.004,16.2808,3.495,4.614,10.719*78
$GNGST,084923.20,0.013,0.005,0.004,16.6766,3.495,4.614,10.719*78
$GNGST,084923.30,0.013,0.006,0.004,16.4557,3.495,4.614,10.719*78
$GNGST,084923.40,0.013,0.006,0.004,18.3516,3.495,4.614,10.719*73
$GNGST,084923.50,0.013,0.005,0.004,18.5820,3.495,4.614,10.719*7F
$GNGST,084923.60,0.013,0.005,0.004,13.7029,3.495,4.614,10.719*74
$GNGST,084923.70,0.014,0.006,0.004,16.3553,3.495,4.614,10.719*78
$GNGST,084923.80,0.013,0.005,0.004,15.2412,3.495,4.614,10.719*75
$GNGST,084923.90,0.013,0.006,0.004,14.9974,3.495,4.614,10.719*70
$GNGST,084924.00,0.014,0.005,0.004,17.3830,3.495,4.614,10.719*72
$GNGST,084924.10,0.018,0.007,0.005,22.6027,3.495,4.614,10.719*71
$GNGST,084924.20,0.014,0.005,0.004,11.4515,3.495,4.614,10.719*7B
$GNGST,084924.30,0.013,0.005,0.004,17.6645,3.495,4.614,10.719*7F
$GNGST,084924.40,0.014,0.006,0.004,12.2431,3.495,4.614,10.719*7C
$GNGST,084924.50,0.013,0.006,0.004,18.1690,3.495,4.614,10.719*7A
$GNGST,084924.60,0.014,0.006,0.005,16.3508,3.495,4.614,10.719*71
$GNGST,084924.70,0.015,0.006,0.005,-7.6598,3.495,4.614,10.719*60
$GNGST,084924.80,0.015,0.006,0.005,15.8903,3.495,4.614,10.719*71
$GNGST,084924.90,0.014,0.006,0.005,19.4618,3.495,4.614,10.719*74
$GNGST,084925.00,0.014,0.006,0.004,11.1929,3.495,4.614,10.719*7D
$GNGST,084925.10,0.014,0.006,0.005,12.3075,3.495,4.614,10.719*7C
$GNGST,084925.20,0.014,0.006,0.005,19.3424,3.495,4.614,10.719*74
$GNGST,084925.30,0.015,0.006,0.005,15.5827,3.495,4.614,10.719*71
$GNGST,084925.40,0.013,0.005,0.004,5.4759,3.495,4.614,10.719*44
$GNGST,084925.50,0.013,0.006,0.005,6.4230,3.495,4.614,10.719*4E
$GNGST,084925.60,0.014,0.006,0.004,11.0546,3.495,4.614,10.719*7F
$GNGST,084925.70,0.014,0.006,0.004,11.0544,3.495,4.614,10.719*7C
$GNGST,084925.80,0.017,0.007,0.005,11.4187,3.495,4.614,10.719*7F
$GNGST,084925.90,0.015,0.007,0.005,12.2993,3.495,4.614,10.719*74
$GNGST,084926.00,0.015,0.007,0.005,12.2992,3.495,4.614,10.719*7F
$GNGST,084926.10,0.016,0.008,0.005,3.7478,3.495,4.614,10.719*4E
$GNGST,084926.20,0.016,0.007,0.005,4.2069,3.495,4.614,10.719*44
$GNGST,084926.30,0.015,0.006,0.005,14.1669,3.495,4.614,10.719*73
$GNGST,084926.40,0.017,0.007,0.005,20.6311,3.495,4.614,10.719*7D
$GNGST,084926.50,0.015,0.006,0.005,15.5602,3.495,4.614,10.719*7D
$GNGST,084926.60,0.015,0.006,0.005,7.9932,3.495,4.614,10.719*4D
$GNGST,084926.70,0.016,0.007,0.005,16.7040,3.495,4.614,10.719*7C
$GNGST,084926.80,0.016,0.006,0.005,31.7443,3.495,4.614,10.719*70
$GNGST,084926.90,0.016,0.006,0.005,32.5211,3.495,4.614,10.719*71
$GNGST,084927.00,0.016,0.007,0.006,15.1445,3.495,4.614,10.719*7D
$GNGST,084927.10,0.015,0.006,0.005,-11.3791,3.495,4.614,10.719*5C
$GNGST,084927.20,0.014,0.006,0.005,13.5793,3.495,4.614,10.719*75
$GNGST,084927.30,0.015,0.006,0.005,-5.7242,3.495,4.614,10.719*64
$GNGST,084927.40,0.015,0.006,0.005,-7.7228,3.495,4.614,10.719*6D
$GNGST,084927.50,0.014,0.006,0.005,9.1106,3.495,4.614,10.719*47
$GNGST,084927.60,0.016,0.006,0.006,-43.0090,3.495,4.614,10.719*59
$GNGST,084927.70,0.015,0.006,0.006,-21.6290,3.495,4.614,10.719*5B
$GNGST,084927.80,0.016,0.007,0.006,-34.4087,3.495,4.614,10.719*54
$GNGST,084927.90,0.014,0.006,0.005,-14.4781,3.495,4.614,10.719*56
$GNGST,084928.00,0.016,0.006,0.006,-37.1642,3.495,4.614,10.719*5B
$GNGST,084928.10,0.015,0.006,0.005,-48.7965,3.495,4.614,10.719*5E
$GNGST,084928.20,0.016,0.006,0.006,-30.2772,3.495,4.614,10.719*5F
$GNGST,084928.30,0.016,0.007,0.006,-29.4953,3.495,4.614,10.719*5C
$GNGST,084928.40,0.015,0.006,0.006,-31.6080,3.495,4.614,10.719*55
$GNGST,084928.50,0.014,0.006,0.005,-24.3530,3.495,4.614,10.719*59
$GNGST,084928.60,0.014,0.006,0.005,4.7155,3.495,4.614,10.719*46
$GNGST,084928.70,0.015,0.006,0.005,-25.1028,3.495,4.614,10.719*55
$GNGST,084928.80,0.014,0.005,0.005,-36.2721,3.495,4.614,10.719*57
$GNGST,084928.90,0.020,0.011,0.005,-16.4550,3.495,4.614,10.719*54
$GNGST,084929.00,0.015,0.006,0.005,-27.1851,3.495,4.614,10.719*57
$GNGST,084929.10,0.015,0.006,0.005,-26.2909,3.495,4.614,10.719*58
$GNGST,084929.20,0.015,0.007,0.005,-30.1609,3.495,4.614,10.719*51
$GNGST,084929.30,0.020,0.011,0.005,-17.2577,3.495,4.614,10.719*5D
$GNGST,084929.40,0.018,0.008,0.006,3.8943,3.495,4.614,10.719*43
$GNGST,084929.50,0.015,0.006,0.005,-22.2450,3.495,4.614,10.719*59
$GNGST,084929.60,0.015,0.006,0.006,19.3012,3.495,4.614,10.719*7F
$GNGST,084929.70,0.015,0.006,0.006,20.5363,3.495,4.614,10.719*77
$GNGST,084929.80,0.016,0.007,0.006,-26.8821,3.495,4.614,10.719*51
$GNGST,084929.90,0.021,0.011,0.006,5.7909,3.495,4.614,10.719*4B
$GNGST,084930.00,0.017,0.007,0.006,26.5033,3.495,4.614,10.719*7B
$GNGST,084930.10,0.017,0.007,0.006,-34.5297,3.495,4.614,10.719*58
$GNGST,084930.20,0.022,0.012,0.007,-10.6055,3.495,4.614,10.719*51
$GNGST,084930.30,0.017,0.007,0.006,3.5132,3.495,4.614,10.719*4F
$GNGST,084930.40,0.018,0.009,0.006,-6.3551,3.495,4.614,10.719*66
$GNGST,084930.50,0.015,0.006,0.005,27.5321,3.495,4.614,10.719*7F
$GNGST,084930.60,0.016,0.006,0.005,24.3039,3.495,4.614,10.719*70
$GNGST,084930.70,0.019,0.008,0.006,9.6424,3.495,4.614,10.719*41
$GNGST,084930.80,0.023,0.013,0.006,-7.8432,3.495,4.614,10.719*67
$GNGST,084930.90,0.024,0.014,0.007,-10.0310,3.495,4.614,10.719*5E
$GNGST,084931.00,0.018,0.008,0.006,-12.6935,3.495,4.614,10.719*5C
$GNGST,084931.10,0.018,0.009,0.007,-16.0941,3.495,4.614,10.719*5C
$GNGST,084931.20,0.019,0.009,0.007,-36.8990,3.495,4.614,10.719*58
$GNGST,084931.30,0.023,0.012,0.007,-15.4380,3.495,4.614,10.719*5C
$GNGST,084931.40,0.019,0.009,0.006,15.6899,3.495,4.614,10.719*75
$GNGST,084931.50,0.019,0.009,0.007,-10.7845,3.495,4.614,10.719*5D
$GNGST,084931.60,0.025,0.012,0.007,-11.5691,3.495,4.614,10.719*5F
$GNGST,084931.70,0.017,0.007,0.006,-1.8490,3.495,4.614,10.719*65
$GNGST,084931.80,0.017,0.008,0.006,17.6650,3.495,4.614,10.719*7F
$GNGST,084931.90,0.017,0.007,0.006,37.7871,3.495,4.614,10.719*7F
$GNGST,084932.00,0.019,0.008,0.006,19.2869,3.495,4.614,10.719*74
$GNGST,084932.10,0.027,0.015,0.007,-6.4742,3.495,4.614,10.719*66
$GNGST,084932.20,0.025,0.015,0.006,-9.5367,3.495,4.614,10.719*6B
$GNGST,084932.30,0.027,0.016,0.007,-5.5506,3.495,4.614,10.719*67
$GNGST,084932.40,0.024,0.014,0.006,-13.2670,3.495,4.614,10.719*52
$GNGST,084932.50,0.022,0.012,0.007,-16.8073,3.495,4.614,10.719*58
$GNGST,084932.60,0.018,0.008,0.006,-43.1331,3.495,4.614,10.719*54
$GNGST,084932.70,0.016,0.008,0.006,-42.5980,3.495,4.614,10.719*5E
$GNGST,084932.80,0.026,0.016,0.006,-24.5561,3.495,4.614,10.719*5E
$GNGST,084932.90,0.017,0.007,0.006,-44.0836,3.495,4.614,10.719*51
$GNGST,084933.00,0.028,0.015,0.008,-31.8045,3.495,4.614,10.719*5E
$GNGST,084933.10,0.022,0.011,0.008,-56.0287,3.495,4.614,10.719*54
$GNGST,084933.20,0.025,0.014,0.007,-24.6463,3.495,4.614,10.719*55
$GNGST,084933.30,0.021,0.011,0.006,-5.6602,3.495,4.614,10.719*62
$GNGST,084933.40,0.019,0.009,0.007,-28.9658,3.495,4.614,10.719*59
$GNGST,084933.50,0.019,0.009,0.007,-63.4973,3.495,4.614,10.719*5C
$GNGST,084933.60,0.021,0.009,0.007,1.5051,3.495,4.614,10.719*45
$GNGST,084933.70,0.023,0.012,0.006,-19.1461,3.495,4.614,10.719*5A
$GNGST,084933.80,0.018,0.007,0.006,-30.7931,3.495,4.614,10.719*5C
$GNGST,084933.90,0.026,0.015,0.007,-21.7701,3.495,4.614,10.719*5F
$GNGST,084934.00,0.029,0.016,0.008,-33.1130,3.495,4.614,10.719*53
$GNGST,084934.10,0.023,0.013,0.007,-20.7432,3.495,4.614,10.719*51
$GNGST,084934.20,0.024,0.013,0.006,-14.4083,3.495,4.614,10.719*5E
$GNGST,084934.30,0.027,0.014,0.008,-19.0813,3.495,4.614,10.719*5D
$GNGST,084934.40,0.029,0.015,0.007,-13.8147,3.495,4.614,10.719*50
$GNGST,084934.50,0.028,0.014,0.007,-14.6085,3.495,4.614,10.719*57
$GNGST,084934.60,0.022,0.010,0.007,-43.1400,3.495,4.614,10.719*56
$GNGST,084934.70,0.021,0.010,0.006,-35.1763,3.495,4.614,10.719*52
$GNGST,084934.80,0.023,0.011,0.006,-38.0714,3.495,4.614,10.719*52
$GNGST,084934.90,0.023,0.012,0.006,-39.9894,3.495,4.614,10.719*5F
$GNGST,084935.00,0.020,0.009,0.006,-30.7660,3.495,4.614,10.719*5C
$GNGST,084935.10,0.020,0.009,0.006,-34.6052,3.495,4.614,10.719*5F
$GNGST,084935.20,0.022,0.011,0.007,-41.9198,3.495,4.614,10.719*5C
$GNGST,084935.30,0.023,0.011,0.007,-9.8519,3.495,4.614,10.719*6C
$GNGST,084935.40,0.025,0.013,0.007,-18.5840,3.495,4.614,10.719*53
$GNGST,084935.50,0.024,0.011,0.007,-6.4186,3.495,4.614,10.719*6C
$GNGST,084935.60,0.020,0.010,0.007,-43.4186,3.495,4.614,10.719*5B
$GNGST,084935.70,0.021,0.011,0.007,-56.9899,3.495,4.614,10.719*54
$GNGST,084935.80,0.019,0.009,0.006,-47.0872,3.495,4.614,10.719*54
$GNGST,084935.90,0.019,0.009,0.006,-44.4388,3.495,4.614,10.719*5C
$GNGST,084936.00,0.018,0.009,0.006,-45.2150,3.495,4.614,10.719*57
$GNGST,084936.10,0.024,0.013,0.007,-21.4569,3.495,4.614,10.719*59
$GNGST,084936.20,0.018,0.009,0.006,-43.2964,3.495,4.614,10.719*5C
$GNGST,084936.30,0.018,0.008,0.006,-39.8843,3.495,4.614,10.719*5F
$GNGST,084936.40,0.019,0.009,0.006,-47.1966,3.495,4.614,10.719*5E
$GNGST,084936.50,0.020,0.010,0.006,-49.9055,3.495,4.614,10.719*52
$GNGST,084936.60,0.025,0.013,0.007,-22.9608,3.495,4.614,10.719*55
$GNGST,084936.70,0.021,0.009,0.007,-10.8921,3.495,4.614,10.719*5F
$GNGST,084936.80,0.018,0.007,0.006,-37.9389,3.495,4.614,10.719*59
$GNGST,084936.90,0.018,0.007,0.006,-37.0306,3.495,4.614,10.719*56
$GNGST,084937.00,0.017,0.007,0.006,-33.1168,3.495,4.614,10.719*5E
$GNGST,084937.10,0.018,0.008,0.006,-42.0321,3.495,4.614,10.719*57
$GNGST,084937.20,0.018,0.008,0.006,-40.2795,3.495,4.614,10.719*5F
$GNGST,084937.30,0.018,0.007,0.006,-37.0331,3.495,4.614,10.719*59
$GNGST,084937.40,0.018,0.007,0.006,-33.5721,3.495,4.614,10.719*5A
$GNGST,084937.50,0.018,0.007,0.006,-34.1331,3.495,4.614,10.719*5D
$GNGST,084937.60,0.026,0.012,0.007,6.1997,3.495,4.614,10.719*4C
$GNGST,084937.70,0.018,0.008,0.006,-43.1103,3.495,4.614,10.719*53
$GNGST,084937.80,0.016,0.007,0.005,-27.4229,3.495,4.614,10.719*52
$GNGST,084937.90,0.016,0.006,0.005,-29.6311,3.495,4.614,10.719*54
$GNGST,084938.00,0.017,0.007,0.005,-21.3346,3.495,4.614,10.719*5D
$GNGST,084938.10,0.016,0.007,0.005,-36.6234,3.495,4.614,10.719*5A
$GNGST,084938.20,0.016,0.006,0.005,-29.6336,3.495,4.614,10.719*55
$GNGST,084938.30,0.017,0.007,0.005,-23.0256,3.495,4.614,10.719*5F
$GNGST,084938.40,0.016,0.007,0.005,-24.0552,3.495,4.614,10.719*5D
$GNGST,084938.50,0.017,0.007,0.006,-20.7578,3.495,4.614,10.719*55
$GNGST,084938.60,0.017,0.007,0.006,-39.4485,3.495,4.614,10.719*5E
$GNGST,084938.70,0.017,0.007,0.006,-27.4648,3.495,4.614,10.719*53
$GNGST,084938.80,0.017,0.007,0.006,-36.8112,3.495,4.614,10.719*58
$GNGST,084938.90,0.017,0.007,0.005,-36.1170,3.495,4.614,10.719*57
$GNGST,084939.00,0.019,0.007,0.006,-19.7449,3.495,4.614,10.719*56
$GNGST,084939.10,0.016,0.007,0.006,-25.4082,3.495,4.614,10.719*57
$GNGST,084939.20,0.018,0.006,0.006,-26.1269,3.495,4.614,10.719*5A
$GNGST,084939.30,0.018,0.007,0.006,-33.1501,3.495,4.614,10.719*57
$GNGST,084939.40,0.019,0.008,0.007,-25.9547,3.495,4.614,10.719*52
$GNGST,084939.50,0.019,0.008,0.006,-31.5921,3.495,4.614,10.719*57
$GNGST,084939.60,0.031,0.016,0.007,-26.0091,3.495,4.614,10.719*51
$GNGST,084939.70,0.028,0.015,0.007,-27.3794,3.495,4.614,10.719*5B
$GNGST,084939.80,0.020,0.009,0.006,13.1717,3.495,4.614,10.719*73
$GNGST,084939.90,0.020,0.008,0.006,3.4455,3.495,4.614,10.719*42
$GNGST,084940.00,0.018,0.007,0.006,-40.7268,3.495,4.614,10.719*50
$GNGST,084940.10,0.017,0.006,0.006,-13.0481,3.495,4.614,10.719*5F
$GNGST,084940.20,0.017,0.006,0.006,-13.0496,3.495,4.614,10.719*5A
$GNGST,084940.30,0.016,0.006,0.005,-24.8739,3.495,4.614,10.719*53
$GNGST,084940.40,0.017,0.006,0.006,-13.0525,3.495,4.614,10.719*55
$GNGST,084940.50,0.017,0.006,0.006,-13.0539,3.495,4.614,10.719*59
$GNGST,084940.60,0.016,0.006,0.005,-24.8784,3.495,4.614,10.719*50
$GNGST,084940.70,0.016,0.006,0.005,-24.8799,3.495,4.614,10.719*5D
$GNGST,084940.80,0.023,0.010,0.006,13.5640,3.495,4.614,10.719*71
$GNGST,084940.90,0.026,0.012,0.008,-12.0009,3.495,4.614,10.719*5B
$GNGST,084941.00,0.017,0.006,0.006,-6.7779,3.495,4.614,10.719*68
$GNGST,084941.10,0.017,0.006,0.006,-7.4647,3.495,4.614,10.719*67
$GNGST,084941.20,0.019,0.008,0.006,13.1781,3.495,4.614,10.719*72
$GNGST,084941.30,0.017,0.006,0.006,-4.5732,3.495,4.614,10.719*64
$GNGST,084941.40,0.021,0.009,0.006,11.5630,3.495,4.614,10.719*73
$GNGST,084941.50,0.016,0.006,0.005,-3.9421,3.495,4.614,10.719*6A
$GNGST,084941.60,0.023,0.010,0.005,18.4996,3.495,4.614,10.719*73
$GNGST,084941.70,0.018,0.006,0.006,-2.7437,3.495,4.614,10.719*6D
$GNGST,084941.80,0.017,0.006,0.005,1.5536,3.495,4.614,10.719*42
$GNGST,084941.90,0.017,0.006,0.006,-22.1997,3.495,4.614,10.719*5F
$GNGST,084942.00,0.020,0.006,0.005,0.0703,3.495,4.614,10.719*4D
$GNGST,084942.10,0.018,0.007,0.005,-6.0039,3.495,4.614,10.719*63
$GNGST,084942.20,0.017,0.007,0.005,1.0248,3.495,4.614,10.719*41
$GNGST,084942.30,0.021,0.007,0.005,-1.7701,3.495,4.614,10.719*67
$GNGST,084942.40,0.021,0.008,0.005,-5.4784,3.495,4.614,10.719*65
$GNGST,084942.50,0.017,0.007,0.005,1.1338,3.495,4.614,10.719*41
$GNGST,084942.60,0.017,0.007,0.005,4.6551,3.495,4.614,10.719*49
$GNGST,084942.70,0.017,0.007,0.005,4.6547,3.495,4.614,10.719*4F
$GNGST,084942.80,0.017,0.007,0.005,4.6544,3.495,4.614,10.719*43
$GNGST,084942.90,0.017,0.007,0.005,2.6867,3.495,4.614,10.719*48
$GNGST,084943.00,0.017,0.007,0.005,2.6819,3.495,4.614,10.719*49
$GNGST,084943.10,0.019,0.007,0.005,6.7492,3.495,4.614,10.719*4C
$GNGST,084943.20,0.016,0.006,0.005,7.4489,3.495,4.614,10.719*49
$GNGST,084943.30,0.018,0.008,0.006,-76.6639,3.495,4.614,10.719*5B
$GNGST,084943.40,0.017,0.006,0.006,-5.0323,3.495,4.614,10.719*61
$GNGST,084943.50,0.018,0.006,0.006,-3.8528,3.495,4.614,10.719*6C
$GNGST,084943.60,0.018,0.007,0.006,-11.1411,3.495,4.614,10.719*5F
$GNGST,084943.70,0.017,0.007,0.005,4.6952,3.495,4.614,10.719*46
$GNGST,084943.80,0.020,0.007,0.005,3.8367,3.495,4.614,10.719*48
$GNGST,084943.90,0.017,0.006,0.005,8.3375,3.495,4.614,10.719*4F
$GNGST,084944.00,0.017,0.006,0.005,-2.6592,3.495,4.614,10.719*6C
$GNGST,084944.10,0.020,0.009,0.005,18.1799,3.495,4.614,10.719*7E
$GNGST,084944.20,0.017,0.006,0.005,3.3071,3.495,4.614,10.719*4F
$GNGST,084944.30,0.018,0.007,0.005,1.6952,3.495,4.614,10.719*4F
$GNGST,084944.40,0.021,0.009,0.005,18.3346,3.495,4.614,10.719*7E
$GNGST,084944.50,0.016,0.007,0.005,17.4879,3.495,4.614,10.719*7A
$GNGST,084944.60,0.016,0.006,0.005,2.3600,3.495,4.614,10.719*4B
$GNGST,084944.70,0.018,0.007,0.005,4.3244,3.495,4.614,10.719*47
$GNGST,084944.80,0.018,0.007,0.005,4.5445,3.495,4.614,10.719*49
$GNGST,084944.90,0.020,0.007,0.005,-0.3530,3.495,4.614,10.719*6F
$GNGST,084945.00,0.018,0.006,0.005,6.7753,3.495,4.614,10.719*45
$GNGST,084945.10,0.018,0.007,0.005,10.4246,3.495,4.614,10.719*70
$GNGST,084945.20,0.020,0.007,0.005,3.4283,3.495,4.614,10.719*43
$GNGST,084945.30,0.018,0.007,0.005,10.4240,3.495,4.614,10.719*74
$GNGST,084945.40,0.017,0.006,0.006,7.0051,3.495,4.614,10.719*4E
$GNGST,084945.50,0.019,0.007,0.006,8.9917,3.495,4.614,10.719*4D
$GNGST,084945.60,0.018,0.006,0.005,1.5020,3.495,4.614,10.719*45
$GNGST,084945.70,0.018,0.006,0.005,1.5015,3.495,4.614,10.719*42
$GNGST,084945.80,0.019,0.006,0.005,-1.5267,3.495,4.614,10.719*66
$GNGST,084945.90,0.016,0.006,0.005,10.7696,3.495,4.614,10.719*7D
$GNGST,084946.00,0.015,0.006,0.005,7.3531,3.495,4.614,10.719*48
$GNGST,084946.10,0.017,0.006,0.005,4.8637,3.495,4.614,10.719*46
$GNGST,084946.20,0.015,0.006,0.005,7.3527,3.495,4.614,10.719*4D
$GNGST,084946.30,0.016,0.006,0.005,6.1536,3.495,4.614,10.719*4C
$GNGST,084946.40,0.016,0.006,0.005,6.1530,3.495,4.614,10.719*4D
$GNGST,084946.50,0.015,0.006,0.005,10.4434,3.495,4.614,10.719*78
$GNGST,084946.60,0.017,0.006,0.005,12.3622,3.495,4.614,10.719*79
$GNGST,084946.70,0.017,0.006,0.006,-5.8019,3.495,4.614,10.719*65
$GNGST,084946.80,0.015,0.006,0.005,10.9528,3.495,4.614,10.719*74
$GNGST,084946.90,0.016,0.006,0.005,-3.0175,3.495,4.614,10.719*6C
$GNGST,084947.00,0.014,0.006,0.005,13.4359,3.495,4.614,10.719*72
$GNGST,084947.10,0.014,0.006,0.005,13.4358,3.495,4.614,10.719*72
$GNGST,084947.20,0.017,0.006,0.005,-3.8906,3.495,4.614,10.719*63
$GNGST,084947.30,0.015,0.006,0.005,10.9525,3.495,4.614,10.719*73
$GNGST,084947.40,0.015,0.007,0.005,10.6089,3.495,4.614,10.719*79
$GNGST,084947.50,0.015,0.006,0.005,14.4743,3.495,4.614,10.719*7E
$GNGST,084947.60,0.014,0.006,0.005,13.6665,3.495,4.614,10.719*7C
$GNGST,084947.70,0.015,0.006,0.005,11.2172,3.495,4.614,10.719*7B
$GNGST,084947.80,0.014,0.006,0.005,15.4023,3.495,4.614,10.719*72
$GNGST,084947.90,0.015,0.006,0.005,6.5322,3.495,4.614,10.719*43
$GNGST,084948.00,0.015,0.006,0.005,14.9805,3.495,4.614,10.719*74
$GNGST,084948.10,0.016,0.007,0.005,9.8107,3.495,4.614,10.719*41
$GNGST,084948.20,0.015,0.006,0.005,1.9510,3.495,4.614,10.719*4B
$GNGST,084948.30,0.017,0.007,0.005,21.6519,3.495,4.614,10.719*7D
$GNGST,084948.40,0.017,0.007,0.005,-14.2846,3.495,4.614,10.719*52
$GNGST,084948.50,0.015,0.006,0.005,8.0242,3.495,4.614,10.719*4C
$GNGST,084948.60,0.015,0.006,0.005,9.7272,3.495,4.614,10.719*4A
$GNGST,084948.70,0.017,0.006,0.005,-12.1663,3.495,4.614,10.719*5C
$GNGST,084948.80,0.020,0.006,0.006,-22.9043,3.495,4.614,10.719*5B
$GNGST,084948.90,0.015,0.006,0.005,29.6302,3.495,4.614,10.719*70
$GNGST,084949.00,0.016,0.006,0.005,15.2595,3.495,4.614,10.719*78
$GNGST,084949.10,0.016,0.006,0.005,1.4567,3.495,4.614,10.719*47
$GNGST,084949.20,0.017,0.006,0.005,-13.2985,3.495,4.614,10.719*5D
$GNGST,084949.30,0.015,0.006,0.005,13.9397,3.495,4.614,10.719*71
$GNGST,084949.40,0.018,0.008,0.006,28.9030,3.495,4.614,10.719*70
$GNGST,084949.50,0.015,0.006,0.005,19.5634,3.495,4.614,10.719*7D
$GNGST,084949.60,0.015,0.006,0.005,19.3110,3.495,4.614,10.719*79
$GNGST,084949.70,0.017,0.008,0.005,26.1108,3.495,4.614,10.719*73
$GNGST,084949.80,0.015,0.006,0.005,19.6904,3.495,4.614,10.719*7F
$GNGST,084949.90,0.016,0.008,0.005,24.6467,3.495,4.614,10.719*75
$GNGST,084950.00,0.016,0.008,0.005,21.9111,3.495,4.614,10.719*7A
$GNGST,084950.10,0.015,0.007,0.005,21.3707,3.495,4.614,10.719*7C
$GNGST,084950.20,0.014,0.006,0.005,14.8071,3.495,4.614,10.719*74
$GNGST,084950.30,0.014,0.006,0.005,18.6156,3.495,4.614,10.719*73
$GNGST,084950.40,0.014,0.006,0.005,19.9306,3.495,4.614,10.719*7D
$GNGST,084950.50,0.014,0.006,0.005,22.7005,3.495,4.614,10.719*7A
$GNGST,084950.60,0.017,0.007,0.005,16.0777,3.495,4.614,10.719*79
$GNGST,084950.70,0.018,0.009,0.005,24.4056,3.495,4.614,10.719*78
$GNGST,084950.80,0.015,0.006,0.005,17.1617,3.495,4.614,10.719*73
$GNGST,084950.90,0.015,0.006,0.005,15.7230,3.495,4.614,10.719*77
$GNGST,084951.00,0.015,0.006,0.005,17.2488,3.495,4.614,10.719*7D
$GNGST,084951.10,0.018,0.009,0.005,23.5090,3.495,4.614,10.719*73
$GNGST,084951.20,0.015,0.006,0.005,13.0430,3.495,4.614,10.719*7A
$GNGST,084951.30,0.016,0.006,0.005,12.3777,3.495,4.614,10.719*7A
$GNGST,084951.40,0.017,0.007,0.005,18.4530,3.495,4.614,10.719*71
$GNGST,084951.50,0.019,0.008,0.005,16.1193,3.495,4.614,10.719*77
$GNGST,084951.60,0.017,0.007,0.005,18.3608,3.495,4.614,10.719*7C
$GNGST,084951.70,0.020,0.009,0.005,19.9889,3.495,4.614,10.719*7B
$GNGST,084951.80,0.015,0.006,0.005,10.6063,3.495,4.614,10.719*77
$GNGST,084951.90,0.016,0.006,0.005,5.3502,3.495,4.614,10.719*46
$GNGST,084952.00,0.016,0.007,0.005,17.5007,3.495,4.614,10.719*78
$GNGST,084952.10,0.017,0.007,0.005,17.7674,3.495,4.614,10.719*78
$GNGST,084952.20,0.017,0.007,0.005,18.5996,3.495,4.614,10.719*75
$GNGST,084952.30,0.020,0.008,0.006,21.4113,3.495,4.614,10.719*72
$GNGST,084952.40,0.017,0.007,0.005,15.0544,3.495,4.614,10.719*78
$GNGST,084952.50,0.016,0.007,0.005,17.9730,3.495,4.614,10.719*72
$GNGST,084952.60,0.017,0.007,0.005,5.0459,3.495,4.614,10.719*46
$GNGST,084952.70,0.018,0.008,0.006,-16.2907,3.495,4.614,10.719*5F
$GNGST,084952.80,0.014,0.006,0.005,12.4087,3.495,4.614,10.719*7F
$GNGST,084952.90,0.015,0.006,0.005,4.8851,3.495,4.614,10.719*47
$GNGST,084953.00,0.019,0.008,0.006,27.7349,3.495,4.614,10.719*72
$GNGST,084953.10,0.016,0.007,0.005,17.7281,3.495,4.614,10.719*76
$GNGST,084953.20,0.017,0.007,0.005,20.0787,3.495,4.614,10.719*74
$GNGST,084953.30,0.015,0.006,0.005,-1.0790,3.495,4.614,10.719*6E
$GNGST,084953.40,0.014,0.006,0.005,-3.3520,3.495,4.614,10.719*60
$GNGST,084953.50,0.016,0.007,0.005,21.0570,3.495,4.614,10.719*79
$GNGST,084953.60,0.014,0.006,0.005,6.6769,3.495,4.614,10.719*40
$GNGST,084953.70,0.016,0.006,0.005,-19.9692,3.495,4.614,10.719*5A
$GNGST,084953.80,0.016,0.006,0.005,-35.9350,3.495,4.614,10.719*50
$GNGST,084953.90,0.016,0.006,0.005,-28.7404,3.495,4.614,10.719*55
$GNGST,084954.00,0.016,0.006,0.005,-20.6675,3.495,4.614,10.719*56
$GNGST,084954.10,0.017,0.006,0.005,-31.2578,3.495,4.614,10.719*5C
$GNGST,084954.20,0.018,0.006,0.005,-29.0586,3.495,4.614,10.719*5A
$GNGST,084954.30,0.016,0.006,0.005,-27.7878,3.495,4.614,10.719*50
$GNGST,084954.40,0.016,0.006,0.005,-5.6289,3.495,4.614,10.719*62
$GNGST,084954.50,0.015,0.006,0.005,0.4589,3.495,4.614,10.719*4D
$GNGST,084954.60,0.014,0.006,0.005,7.5899,3.495,4.614,10.719*45
$GNGST,084954.70,0.014,0.006,0.005,-3.3896,3.495,4.614,10.719*64
$GNGST,084954.80,0.014,0.006,0.005,-6.3664,3.495,4.614,10.719*6D
$GNGST,084954.90,0.014,0.005,0.005,-24.3911,3.495,4.614,10.719*52
$GNGST,084955.00,0.015,0.006,0.005,-29.2622,3.495,4.614,10.719*5B
$GNGST,084955.10,0.020,0.009,0.006,25.6653,3.495,4.614,10.719*73
$GNGST,084955.20,0.015,0.006,0.005,-28.1582,3.495,4.614,10.719*52
$GNGST,084955.30,0.015,0.007,0.006,-46.0161,3.495,4.614,10.719*51
$GNGST,084955.40,0.015,0.006,0.005,-30.3331,3.495,4.614,10.719*51
$GNGST,084955.50,0.016,0.007,0.005,-38.8197,3.495,4.614,10.719*5F
$GNGST,084955.60,0.020,0.009,0.007,-5.6109,3.495,4.614,10.719*62
$GNGST,084955.70,0.015,0.007,0.005,-35.1639,3.495,4.614,10.719*59
$GNGST,084955.80,0.016,0.006,0.005,-42.6405,3.495,4.614,10.719*5E
$GNGST,084955.90,0.016,0.007,0.005,-40.7646,3.495,4.614,10.719*58
$GNGST,084956.00,0.016,0.006,0.005,-30.2913,3.495,4.614,10.719*5E
$GNGST,084956.10,0.019,0.009,0.006,12.3712,3.495,4.614,10.719*7F
$GNGST,084956.20,0.016,0.007,0.005,-39.8368,3.495,4.614,10.719*58
$GNGST,084956.30,0.015,0.007,0.006,-43.5962,3.495,4.614,10.719*59
$GNGST,084956.40,0.016,0.007,0.005,2.8924,3.495,4.614,10.719*49
$GNGST,084956.50,0.015,0.006,0.005,-20.1773,3.495,4.614,10.719*52
$GNGST,084956.60,0.015,0.006,0.006,-36.2055,3.495,4.614,10.719*55
$GNGST,084956.70,0.015,0.007,0.005,-39.1283,3.495,4.614,10.719*53
$GNGST,084956.80,0.016,0.007,0.006,-45.1677,3.495,4.614,10.719*58
$GNGST,084956.90,0.015,0.007,0.006,-41.8413,3.495,4.614,10.719*57
$GNGST,084957.00,0.015,0.007,0.005,-45.9209,3.495,4.614,10.719*54
$GNGST,084957.10,0.017,0.008,0.006,-12.7710,3.495,4.614,10.719*5A
$GNGST,084957.20,0.023,0.012,0.007,2.6769,3.495,4.614,10.719*47
$GNGST,084957.30,0.015,0.007,0.005,-40.3312,3.495,4.614,10.719*53
$GNGST,084957.40,0.019,0.009,0.006,-10.5633,3.495,4.614,10.719*50
$GNGST,084957.50,0.019,0.008,0.006,-53.8172,3.495,4.614,10.719*58
$GNGST,084957.60,0.022,0.011,0.006,0.3775,3.495,4.614,10.719*4A
$GNGST,084957.70,0.015,0.008,0.005,-39.7691,3.495,4.614,10.719*5C
$GNGST,084957.80,0.016,0.007,0.005,-40.2093,3.495,4.614,10.719*50
$GNGST,084957.90,0.016,0.007,0.006,-57.5953,3.495,4.614,10.719*56
$GNGST,084958.00,0.019,0.008,0.007,-22.6682,3.495,4.614,10.719*53
$GNGST,084958.10,0.020,0.009,0.007,-39.6698,3.495,4.614,10.719*58
$GNGST,084958.20,0.026,0.011,0.007,-42.4404,3.495,4.614,10.719*5D
$GNGST,084958.30,0.028,0.014,0.008,-5.7781,3.495,4.614,10.719*66
$GNGST,084958.40,0.067,0.037,0.010,9.0330,3.495,4.614,10.719*4A
$GNGST,084958.50,0.015,0.008,0.005,-54.5439,3.495,4.614,10.719*58
$GNGST,084958.60,0.015,0.008,0.005,-51.3727,3.495,4.614,10.719*54
$GNGST,084958.70,0.018,0.011,0.006,-60.4092,3.495,4.614,10.719*5F
$GNGST,084958.80,0.040,0.021,0.008,-10.9388,3.495,4.614,10.719*52
$GNGST,084958.90,0.019,0.009,0.007,-42.7426,3.495,4.614,10.719*50
$GNGST,084959.00,0.020,0.010,0.007,-47.6201,3.495,4.614,10.719*5D
$GNGST,084959.10,0.021,0.010,0.007,-42.1053,3.495,4.614,10.719*5A
$GNGST,084959.20,0.021,0.011,0.007,-47.6441,3.495,4.614,10.719*5D
$GNGST,084959.30,0.020,0.010,0.007,-43.6504,3.495,4.614,10.719*58
$GNGST,084959.40,0.015,0.007,0.006,-44.5959,3.495,4.614,10.719*5E
$GNGST,084959.50,0.015,0.006,0.006,-52.4889,3.495,4.614,10.719*54
$GNGST,084959.60,0.015,0.007,0.006,-59.6036,3.495,4.614,10.719*53
$GNGST,084959.70,0.024,0.013,0.007,-9.2822,3.495,4.614,10.719*68
$GNGST,084959.80,0.015,0.007,0.006,-67.1386,3.495,4.614,10.719*5F
$GNGST,084959.90,0.015,0.007,0.006,-55.7119,3.495,4.614,10.719*5D
$GNGST,085000.00,0.018,0.009,0.006,-53.1902,3.495,4.614,10.719*51
$GNGST,085000.10,0.014,0.006,0.006,-63.2408,3.495,4.614,10.719*54
$GNGST,085000.20,0.015,0.007,0.006,-76.1554,3.495,4.614,10.719*58
$GNGST,085000.30,0.015,0.007,0.006,-89.8375,3.495,4.614,10.719*55
$GNGST,085000.40,0.014,0.007,0.006,-59.8841,3.495,4.614,10.719*52
$GNGST,085000.50,0.017,0.009,0.006,-50.9218,3.495,4.614,10.719*50
$GNGST,085000.60,0.016,0.008,0.005,-46.4423,3.495,4.614,10.719*54
$GNGST,085000.70,0.015,0.008,0.005,-44.0842,3.495,4.614,10.719*5B
$GNGST,085000.80,0.014,0.006,0.005,-53.2189,3.495,4.614,10.719*51
$GNGST,085000.90,0.014,0.006,0.006,-61.3457,3.495,4.614,10.719*55
$GNGST,085001.00,0.017,0.010,0.006,-63.0778,3.495,4.614,10.719*56
$GNGST,085001.10,0.016,0.007,0.007,-12.3621,3.495,4.614,10.719*59
$GNGST,085001.20,0.016,0.007,0.007,-1.0623,3.495,4.614,10.719*69
$GNGST,085001.30,0.022,0.012,0.006,-17.8078,3.495,4.614,10.719*5D
$GNGST,085001.40,0.016,0.008,0.006,-49.8009,3.495,4.614,10.719*5B
$GNGST,085001.50,0.014,0.006,0.006,-71.2457,3.495,4.614,10.719*58
$GNGST,085001.60,0.015,0.008,0.005,-52.4894,3.495,4.614,10.719*53
$GNGST,085001.70,0.018,0.011,0.005,-60.5101,3.495,4.614,10.719*52
$GNGST,085001.80,0.016,0.007,0.006,-76.0173,3.495,4.614,10.719*50
$GNGST,085001.90,0.016,0.007,0.006,38.3090,3.495,4.614,10.719*79
$GNGST,085002.00,0.016,0.007,0.006,29.3174,3.495,4.614,10.719*78
$GNGST,085002.10,0.026,0.014,0.006,-23.7025,3.495,4.614,10.719*5E
$GNGST,085002.20,0.018,0.009,0.006,48.3249,3.495,4.614,10.719*70
$GNGST,085002.30,0.026,0.014,0.007,-50.9745,3.495,4.614,10.719*56
$GNGST,085002.40,0.022,0.012,0.006,-43.9425,3.495,4.614,10.719*55
$GNGST,085002.50,0.036,0.020,0.008,-23.4578,3.495,4.614,10.719*5C
$GNGST,085002.60,0.015,0.008,0.005,-55.0632,3.495,4.614,10.719*51
$GNGST,085002.70,0.015,0.008,0.005,-56.3107,3.495,4.614,10.719*51
$GNGST,085002.80,0.016,0.009,0.005,-55.2453,3.495,4.614,10.719*5A
$GNGST,085002.90,0.016,0.008,0.005,-56.3519,3.495,4.614,10.719*57
$GNGST,085003.00,0.021,0.010,0.006,-58.0993,3.495,4.614,10.719*52
$GNGST,085003.10,0.015,0.009,0.005,-55.0443,3.495,4.614,10.719*52
$GNGST,085003.20,0.015,0.008,0.005,-53.7088,3.495,4.614,10.719*52
$GNGST,085003.30,0.015,0.008,0.005,-51.4403,3.495,4.614,10.719*55
$GNGST,085003.40,0.015,0.009,0.005,-50.4821,3.495,4.614,10.719*5E
$GNGST,085003.50,0.020,0.012,0.005,-51.8496,3.495,4.614,10.719*5E
$GNGST,085003.60,0.013,0.006,0.005,-59.6267,3.495,4.614,10.719*56
$GNGST,085003.70,0.016,0.008,0.005,-59.5353,3.495,4.614,10.719*59
$GNGST,085003.80,0.029,0.017,0.008,-11.7507,3.495,4.614,10.719*50
$GNGST,085003.90,0.016,0.009,0.005,-53.1823,3.495,4.614,10.719*54
$GNGST,085004.00,0.015,0.008,0.005,-56.8835,3.495,4.614,10.719*53
$GNGST,085004.10,0.015,0.007,0.005,-61.2862,3.495,4.614,10.719*51
$GNGST,085004.20,0.014,0.007,0.005,-61.2726,3.495,4.614,10.719*5C
$GNGST,085004.30,0.023,0.017,0.005,-65.7651,3.495,4.614,10.719*58
$GNGST,085004.40,0.019,0.008,0.005,-39.9831,3.495,4.614,10.719*57
$GNGST,085004.50,0.032,0.025,0.005,-65.0553,3.495,4.614,10.719*59
$GNGST,085004.60,0.015,0.009,0.005,-54.2662,3.495,4.614,10.719*50
$GNGST,085004.70,0.031,0.024,0.006,-63.0129,3.495,4.614,10.719*55
$GNGST,085004.80,0.014,0.006,0.005,-67.5602,3.495,4.614,10.719*51
$GNGST,085004.90,0.015,0.008,0.005,-55.7914,3.495,4.614,10.719*54
$GNGST,085005.00,0.017,0.010,0.005,-49.9142,3.495,4.614,10.719*5F
$GNGST,085005.10,0.016,0.009,0.005,-60.3610,3.495,4.614,10.719*56
$GNGST,085005.20,0.016,0.009,0.005,-62.4404,3.495,4.614,10.719*57
$GNGST,085005.30,0.016,0.009,0.005,-61.5013,3.495,4.614,10.719*56
$GNGST,085005.40,0.016,0.009,0.005,-61.6169,3.495,4.614,10.719*5E
$GNGST,085005.50,0.017,0.010,0.005,-61.2050,3.495,4.614,10.719*59
$GNGST,085005.60,0.014,0.008,0.005,-61.8592,3.495,4.614,10.719*51
$GNGST,085005.70,0.016,0.009,0.005,-67.8509,3.495,4.614,10.719*57
$GNGST,085005.80,0.018,0.010,0.005,-55.3900,3.495,4.614,10.719*51
$GNGST,085005.90,0.016,0.009,0.005,-63.3432,3.495,4.614,10.719*5F
$GNGST,085006.00,0.015,0.007,0.005,-54.6400,3.495,4.614,10.719*58
$GNGST,085006.10,0.017,0.010,0.005,-54.8773,3.495,4.614,10.719*54
$GNGST,085006.20,0.015,0.007,0.005,-52.9649,3.495,4.614,10.719*5C
$GNGST,085006.30,0.015,0.008,0.005,-61.7983,3.495,4.614,10.719*55
$GNGST,085006.40,0.015,0.007,0.005,-48.9880,3.495,4.614,10.719*5A
$GNGST,085006.50,0.015,0.007,0.005,-61.7247,3.495,4.614,10.719*5F
$GNGST,085006.60,0.018,0.011,0.005,-63.2383,3.495,4.614,10.719*58
$GNGST,085006.70,0.022,0.014,0.006,-66.0925,3.495,4.614,10.719*57
$GNGST,085006.80,0.018,0.011,0.005,-56.9968,3.495,4.614,10.719*54
$GNGST,085006.90,0.019,0.012,0.006,-66.4870,3.495,4.614,10.719*52
$GNGST,085007.00,0.017,0.010,0.005,-57.4600,3.495,4.614,10.719*5E
$GNGST,085007.10,0.017,0.010,0.005,-57.1385,3.495,4.614,10.719*52
$GNGST,085007.20,0.017,0.011,0.005,-55.9818,3.495,4.614,10.719*55
$GNGST,085007.30,0.020,0.013,0.005,-59.9006,3.495,4.614,10.719*59
$GNGST,085007.40,0.019,0.013,0.005,-52.4479,3.495,4.614,10.719*5E
$GNGST,085007.50,0.022,0.014,0.006,-67.4868,3.495,4.614,10.719*59
$GNGST,085007.60,0.017,0.012,0.005,-63.2320,3.495,4.614,10.719*5C
$GNGST,085007.70,0.015,0.007,0.006,-46.4607,3.495,4.614,10.719*59
$GNGST,085007.80,0.018,0.008,0.007,-17.7696,3.495,4.614,10.719*5A
$GNGST,085007.90,0.019,0.009,0.008,-30.0803,3.495,4.614,10.719*54
$GNGST,085008.00,0.016,0.008,0.006,-51.2322,3.495,4.614,10.719*5F
$GNGST,085008.10,0.018,0.008,0.007,36.5250,3.495,4.614,10.719*7E
$GNGST,085008.20,0.017,0.007,0.006,-37.0015,3.495,4.614,10.719*56
$GNGST,085008.30,0.019,0.012,0.005,-59.9027,3.495,4.614,10.719*5E
$GNGST,085008.40,0.017,0.011,0.005,-58.0827,3.495,4.614,10.719*54
$GNGST,085008.50,0.018,0.011,0.006,-52.9332,3.495,4.614,10.719*55
$GNGST,085008.60,0.030,0.016,0.008,-29.3581,3.495,4.614,10.719*5D
$GNGST,085008.70,0.018,0.011,0.006,-53.2125,3.495,4.614,10.719*59
$GNGST,085008.80,0.018,0.011,0.005,-55.5774,3.495,4.614,10.719*56
$GNGST,085008.90,0.018,0.008,0.006,-45.8084,3.495,4.614,10.719*58
$GNGST,085009.00,0.018,0.009,0.006,-56.1617,3.495,4.614,10.719*56
$GNGST,085009.10,0.019,0.012,0.005,-52.1250,3.495,4.614,10.719*5C
$GNGST,085009.20,0.018,0.011,0.005,-56.9226,3.495,4.614,10.719*50
$GNGST,085009.30,0.015,0.008,0.005,-53.9160,3.495,4.614,10.719*50
$GNGST,085009.40,0.018,0.010,0.006,-57.4595,3.495,4.614,10.719*57
$GNGST,085009.50,0.016,0.009,0.005,-58.8446,3.495,4.614,10.719*5F
$GNGST,085009.60,0.017,0.011,0.005,-66.4183,3.495,4.614,10.719*59
$GNGST,085009.70,0.015,0.008,0.005,-59.3622,3.495,4.614,10.719*55
$GNGST,085009.80,0.015,0.008,0.005,-60.1908,3.495,4.614,10.719*55
$GNGST,085009.90,0.016,0.009,0.005,-61.1021,3.495,4.614,10.719*55
$GNGST,085010.00,0.016,0.008,0.005,-59.0042,3.495,4.614,10.719*5A
$GNGST,085010.10,0.018,0.009,0.006,-61.3913,3.495,4.614,10.719*52
$GNGST,085010.20,0.016,0.008,0.005,-61.2845,3.495,4.614,10.719*5E
$GNGST,085010.30,0.020,0.012,0.006,-68.9099,3.495,4.614,10.719*59
$GNGST,085010.40,0.017,0.011,0.005,-62.1746,3.495,4.614,10.719*5D
$GNGST,085010.50,0.016,0.010,0.005,-60.9698,3.495,4.614,10.719*54
$GNGST,085010.60,0.018,0.011,0.005,-62.9518,3.495,4.614,10.719*51
$GNGST,085010.70,0.017,0.010,0.005,-57.7441,3.495,4.614,10.719*5B
$GNGST,085010.80,0.034,0.019,0.008,-25.7718,3.495,4.614,10.719*5B
$GNGST,085010.90,0.016,0.008,0.006,-65.3950,3.495,4.614,10.719*56
$GNGST,085011.00,0.021,0.009,0.008,12.9439,3.495,4.614,10.719*70
$GNGST,085011.10,0.019,0.009,0.007,-38.1977,3.495,4.614,10.719*5F
$GNGST,085011.20,0.016,0.009,0.005,-55.9420,3.495,4.614,10.719*5D
$GNGST,085011.30,0.017,0.008,0.005,-59.1307,3.495,4.614,10.719*5A
$GNGST,085011.40,0.017,0.009,0.006,-64.9519,3.495,4.614,10.719*50
$GNGST,085011.50,0.017,0.008,0.006,-62.7664,3.495,4.614,10.719*51
$GNGST,085011.60,0.017,0.009,0.006,-61.7425,3.495,4.614,10.719*57
$GNGST,085011.70,0.017,0.008,0.006,-60.5817,3.495,4.614,10.719*59
$GNGST,085011.80,0.017,0.009,0.006,-59.1802,3.495,4.614,10.719*5D
$GNGST,085011.90,0.020,0.010,0.006,-44.4484,3.495,4.614,10.719*5B
$GNGST,085012.00,0.017,0.011,0.005,-60.0086,3.495,4.614,10.719*53
$GNGST,085012.10,0.025,0.011,0.007,-45.7518,3.495,4.614,10.719*53
$GNGST,085012.20,0.020,0.013,0.006,-63.2790,3.495,4.614,10.719*55
$GNGST,085012.30,0.024,0.017,0.006,-69.9620,3.495,4.614,10.719*5F
$GNGST,085012.40,0.016,0.011,0.004,-65.4676,3.495,4.614,10.719*5F
$GNGST,085012.50,0.017,0.012,0.004,-68.1210,3.495,4.614,10.719*50
$GNGST,085012.60,0.016,0.011,0.005,-68.1697,3.495,4.614,10.719*5B
$GNGST,085012.70,0.018,0.010,0.006,-60.7960,3.495,4.614,10.719*5F
$GNGST,085012.80,0.017,0.009,0.006,-62.1934,3.495,4.614,10.719*52
$GNGST,085012.90,0.018,0.011,0.006,-60.9381,3.495,4.614,10.719*5B
$GNGST,085013.00,0.020,0.013,0.006,-59.0444,3.495,4.614,10.719*57
$GNGST,085013.10,0.028,0.021,0.006,-63.8692,3.495,4.614,10.719*57
$GNGST,085013.20,0.019,0.012,0.006,-61.9292,3.495,4.614,10.719*51
$GNGST,085013.30,0.018,0.010,0.006,-59.5616,3.495,4.614,10.719*5C
$GNGST,085013.40,0.019,0.011,0.006,-63.6963,3.495,4.614,10.719*5C
$GNGST,085013.50,0.022,0.014,0.006,-56.3433,3.495,4.614,10.719*5B
$GNGST,085013.60,0.019,0.013,0.005,-64.7153,3.495,4.614,10.719*52
$GNGST,085013.70,0.016,0.010,0.005,-63.0516,3.495,4.614,10.719*5A
$GNGST,085013.80,0.016,0.011,0.004,-62.4254,3.495,4.614,10.719*51
$GNGST,085013.90,0.016,0.009,0.005,-65.2546,3.495,4.614,10.719*5D
$GNGST,085014.00,0.019,0.012,0.005,-68.8350,3.495,4.614,10.719*50
$GNGST,085014.10,0.019,0.012,0.005,-68.8351,3.495,4.614,10.719*50
$GNGST,085014.20,0.021,0.014,0.005,-69.9421,3.495,4.614,10.719*5E
$GNGST,085014.30,0.021,0.011,0.006,-60.8978,3.495,4.614,10.719*50
$GNGST,085014.40,0.020,0.012,0.005,-69.4698,3.495,4.614,10.719*52
$GNGST,085014.50,0.017,0.009,0.005,-62.0752,3.495,4.614,10.719*55
$GNGST,085014.60,0.016,0.009,0.005,-62.7213,3.495,4.614,10.719*50
$GNGST,085014.70,0.017,0.009,0.005,-62.3245,3.495,4.614,10.719*57
$GNGST,085014.80,0.019,0.010,0.006,-71.8553,3.495,4.614,10.719*54
$GNGST,085014.90,0.019,0.010,0.006,-72.1972,3.495,4.614,10.719*50
$GNGST,085015.00,0.020,0.012,0.005,-69.4455,3.495,4.614,10.719*54
$GNGST,085015.10,0.019,0.012,0.005,-68.0710,3.495,4.614,10.719*58
$GNGST,085015.20,0.017,0.010,0.005,-67.1845,3.495,4.614,10.719*56
$GNGST,085015.30,0.018,0.010,0.005,-66.7687,3.495,4.614,10.719*5F
$GNGST,085015.40,0.024,0.018,0.006,-62.9987,3.495,4.614,10.719*59
$GNGST,085015.50,0.017,0.010,0.005,-66.4984,3.495,4.614,10.719*59
$GNGST,085015.60,0.017,0.010,0.005,-65.4986,3.495,4.614,10.719*5B
$GNGST,085015.70,0.019,0.012,0.005,-67.9174,3.495,4.614,10.719*5C
$GNGST,085015.80,0.017,0.010,0.005,-63.6912,3.495,4.614,10.719*5C
$GNGST,085015.90,0.018,0.009,0.005,-63.7520,3.495,4.614,10.719*56
$GNGST,085016.00,0.019,0.009,0.006,-62.7484,3.495,4.614,10.719*50
$GNGST,085016.10,0.025,0.012,0.006,-68.5527,3.495,4.614,10.719*54
$GNGST,085016.20,0.024,0.012,0.007,-75.3131,3.495,4.614,10.719*5E
$GNGST,085016.30,0.017,0.010,0.005,-70.6963,3.495,4.614,10.719*50
$GNGST,085016.40,0.023,0.015,0.006,-79.9833,3.495,4.614,10.719*54
$GNGST,085016.50,0.021,0.012,0.006,-72.9361,3.495,4.614,10.719*57
$GNGST,085016.60,0.022,0.015,0.006,-72.4693,3.495,4.614,10.719*55
$GNGST,085016.70,0.020,0.012,0.006,-74.7628,3.495,4.614,10.719*54
$GNGST,085016.80,0.018,0.011,0.005,-70.0099,3.495,4.614,10.719*5F
$GNGST,085016.90,0.022,0.011,0.008,-79.0428,3.495,4.614,10.719*5D
$GNGST,085017.00,0.020,0.014,0.005,-69.4065,3.495,4.614,10.719*57
$GNGST,085017.10,0.020,0.013,0.005,-68.4617,3.495,4.614,10.719*53
$GNGST,085017.20,0.016,0.009,0.005,-65.3079,3.495,4.614,10.719*5A
$GNGST,085017.30,0.020,0.013,0.005,-67.6237,3.495,4.614,10.719*5A
$GNGST,085017.40,0.020,0.014,0.005,-69.4071,3.495,4.614,10.719*56
$GNGST,085017.50,0.016,0.008,0.005,-73.0838,3.495,4.614,10.719*55
$GNGST,085017.60,0.016,0.008,0.005,-72.6315,3.495,4.614,10.719*55
$GNGST,085017.70,0.015,0.008,0.005,-70.9399,3.495,4.614,10.719*5E
$GNGST,085017.80,0.015,0.008,0.005,-70.9397,3.495,4.614,10.719*5F
$GNGST,085017.90,0.016,0.008,0.005,-74.9614,3.495,4.614,10.719*57
$GNGST,085018.00,0.016,0.008,0.005,-72.8529,3.495,4.614,10.719*5B
$GNGST,085018.10,0.016,0.008,0.005,-72.6001,3.495,4.614,10.719*5B
$GNGST,085018.20,0.016,0.007,0.005,-71.4277,3.495,4.614,10.719*55
$GNGST,085018.30,0.016,0.008,0.005,-67.6717,3.495,4.614,10.719*5D
$GNGST,085018.40,0.018,0.009,0.005,-69.7644,3.495,4.614,10.719*5D
$GNGST,085018.50,0.017,0.009,0.005,-68.5700,3.495,4.614,10.719*51
$GNGST,085018.60,0.024,0.016,0.006,-78.1855,3.495,4.614,10.719*55
$GNGST,085018.70,0.018,0.010,0.006,-76.1721,3.495,4.614,10.719*5F
$GNGST,085018.80,0.019,0.010,0.006,-79.1846,3.495,4.614,10.719*50
$GNGST,085018.90,0.019,0.010,0.006,-72.9198,3.495,4.614,10.719*58
$GNGST,085019.00,0.024,0.016,0.006,-69.4073,3.495,4.614,10.719*5B
$GNGST,085019.10,0.022,0.013,0.007,-73.5004,3.495,4.614,10.719*52
$GNGST,085019.20,0.024,0.016,0.006,-68.8057,3.495,4.614,10.719*52
$GNGST,085019.30,0.020,0.013,0.006,-68.4450,3.495,4.614,10.719*5D
$GNGST,085019.40,0.018,0.011,0.005,-72.8048,3.495,4.614,10.719*5A
$GNGST,085019.50,0.028,0.012,0.010,-34.6072,3.495,4.614,10.719*5A
$GNGST,085019.60,0.027,0.014,0.011,76.0676,3.495,4.614,10.719*7E
$GNGST,085019.70,0.017,0.008,0.006,-82.6597,3.495,4.614,10.719*5B
$GNGST,085019.80,0.016,0.008,0.005,-80.3064,3.495,4.614,10.719*58
$GNGST,085019.90,0.017,0.009,0.006,-77.5132,3.495,4.614,10.719*56
$GNGST,085020.00,0.018,0.009,0.006,-89.0821,3.495,4.614,10.719*55
$GNGST,085020.10,0.017,0.009,0.006,-76.7345,3.495,4.614,10.719*55
$GNGST,085020.20,0.017,0.009,0.005,-84.5046,3.495,4.614,10.719*5A
$GNGST,085020.30,0.021,0.009,0.006,85.7282,3.495,4.614,10.719*79
$GNGST,085020.40,0.020,0.010,0.006,-85.3200,3.495,4.614,10.719*54
$GNGST,085020.50,0.024,0.010,0.008,76.6683,3.495,4.614,10.719*74
$GNGST,085020.60,0.019,0.009,0.006,-84.0509,3.495,4.614,10.719*58
$GNGST,085020.70,0.018,0.009,0.006,-80.7539,3.495,4.614,10.719*58
$GNGST,085020.80,0.016,0.008,0.005,-81.5034,3.495,4.614,10.719*50
$GNGST,085020.90,0.017,0.009,0.005,-80.9254,3.495,4.614,10.719*58
$GNGST,085021.00,0.017,0.010,0.006,-79.3423,3.495,4.614,10.719*51
$GNGST,085021.10,0.018,0.009,0.005,-82.1157,3.495,4.614,10.719*54
$GNGST,085021.20,0.018,0.010,0.006,-80.7794,3.495,4.614,10.719*51
$GNGST,085021.30,0.018,0.009,0.006,-79.7183,3.495,4.614,10.719*5E
$GNGST,085021.40,0.023,0.011,0.007,65.2304,3.495,4.614,10.719*71
$GNGST,085021.50,0.017,0.009,0.006,-71.8361,3.495,4.614,10.719*5E
$GNGST,085021.60,0.016,0.008,0.005,-85.4863,3.495,4.614,10.719*50
$GNGST,085021.70,0.016,0.008,0.005,-85.4863,3.495,4.614,10.719*51
$GNGST,085021.80,0.016,0.008,0.005,-85.5004,3.495,4.614,10.719*56
$GNGST,085021.90,0.016,0.008,0.005,-85.3521,3.495,4.614,10.719*53
$GNGST,085022.00,0.017,0.008,0.006,87.0526,3.495,4.614,10.719*70
$GNGST,085022.10,0.016,0.008,0.005,-85.4864,3.495,4.614,10.719*53
$GNGST,085022.20,0.017,0.008,0.007,-68.2213,3.495,4.614,10.719*5C
$GNGST,085022.30,0.020,0.012,0.006,-74.1613,3.495,4.614,10.719*59
$GNGST,085022.40,0.018,0.008,0.006,-76.5105,3.495,4.614,10.719*58
$GNGST,085022.50,0.018,0.008,0.006,-88.8883,3.495,4.614,10.719*52
$GNGST,085022.60,0.017,0.008,0.006,89.7267,3.495,4.614,10.719*7D
$GNGST,085022.70,0.017,0.007,0.006,-89.3509,3.495,4.614,10.719*55
$GNGST,085022.80,0.017,0.009,0.006,-87.6486,3.495,4.614,10.719*59
$GNGST,085022.90,0.021,0.014,0.006,-74.0934,3.495,4.614,10.719*5F
$GNGST,085023.00,0.025,0.019,0.006,-76.1251,3.495,4.614,10.719*55
$GNGST,085023.10,0.017,0.009,0.005,-75.1138,3.495,4.614,10.719*58
$GNGST,085023.20,0.018,0.010,0.005,-81.7779,3.495,4.614,10.719*52
$GNGST,085023.30,0.018,0.010,0.005,-81.7780,3.495,4.614,10.719*55
$GNGST,085023.40,0.017,0.008,0.005,-84.0449,3.495,4.614,10.719*50
$GNGST,085023.50,0.016,0.008,0.005,80.0838,3.495,4.614,10.719*73
$GNGST,085023.60,0.016,0.008,0.005,72.5451,3.495,4.614,10.719*7B
$GNGST,085023.70,0.015,0.007,0.005,74.6083,3.495,4.614,10.719*78
$GNGST,085023.80,0.015,0.007,0.005,77.0119,3.495,4.614,10.719*70
$GNGST,085023.90,0.022,0.009,0.007,60.9936,3.495,4.614,10.719*73
$GNGST,085024.00,0.013,0.006,0.004,84.3397,3.495,4.614,10.719*72
$GNGST,085024.10,0.014,0.007,0.005,84.1450,3.495,4.614,10.719*7A
$GNGST,085024.20,0.015,0.007,0.005,87.9646,3.495,4.614,10.719*76
$GNGST,085024.30,0.013,0.006,0.004,86.3006,3.495,4.614,10.719*78
$GNGST,085024.40,0.013,0.006,0.005,88.2307,3.495,4.614,10.719*73
$GNGST,085024.50,0.014,0.006,0.004,79.8940,3.495,4.614,10.719*79
$GNGST,085024.60,0.014,0.006,0.005,71.4028,3.495,4.614,10.719*78
$GNGST,085024.70,0.015,0.007,0.005,65.6023,3.495,4.614,10.719*75
$GNGST,085024.80,0.015,0.007,0.005,62.8479,3.495,4.614,10.719*78
$GNGST,085024.90,0.014,0.007,0.005,64.7132,3.495,4.614,10.719*7B
$GNGST,085025.00,0.015,0.007,0.005,63.3714,3.495,4.614,10.719*73
$GNGST,085025.10,0.015,0.007,0.005,62.8492,3.495,4.614,10.719*75
$GNGST,085025.20,0.015,0.007,0.005,64.3148,3.495,4.614,10.719*79
$GNGST,085025.30,0.014,0.007,0.005,67.3374,3.495,4.614,10.719*77
$GNGST,085025.40,0.015,0.007,0.005,64.6989,3.495,4.614,10.719*7F
$GNGST,085025.50,0.015,0.007,0.005,62.8510,3.495,4.614,10.719*7A
$GNGST,085025.60,0.015,0.007,0.005,62.8515,3.495,4.614,10.719*7C
$GNGST,085025.70,0.013,0.006,0.005,66.4365,3.495,4.614,10.719*73
$GNGST,085025.80,0.014,0.006,0.005,64.5109,3.495,4.614,10.719*70
$GNGST,085025.90,0.014,0.006,0.005,64.5109,3.495,4.614,10.719*71
$GNGST,085026.00,0.014,0.007,0.005,69.0014,3.495,4.614,10.719*7F
$GNGST,085026.10,0.014,0.007,0.005,64.9063,3.495,4.614,10.719*7A
$GNGST,085026.20,0.014,0.007,0.005,63.6558,3.495,4.614,10.719*7C
$GNGST,085026.30,0.016,0.009,0.005,55.1585,3.495,4.614,10.719*73
$GNGST,085026.40,0.015,0.007,0.005,65.6383,3.495,4.614,10.719*7D
$GNGST,085026.50,0.015,0.007,0.005,64.3344,3.495,4.614,10.719*73
$GNGST,085026.60,0.015,0.007,0.005,63.8574,3.495,4.614,10.719*79
$GNGST,085026.70,0.025,0.017,0.005,61.5200,3.495,4.614,10.719*71
$GNGST,085026.80,0.018,0.010,0.005,56.6910,3.495,4.614,10.719*7A
$GNGST,085026.90,0.016,0.008,0.005,59.2478,3.495,4.614,10.719*74
$GNGST,085027.00,0.018,0.008,0.005,61.4711,3.495,4.614,10.719*73
$GNGST,085027.10,0.018,0.008,0.006,67.5588,3.495,4.614,10.719*74
$GNGST,085027.20,0.017,0.008,0.005,58.1023,3.495,4.614,10.719*77
$GNGST,085027.30,0.022,0.015,0.006,62.1437,3.495,4.614,10.719*77
$GNGST,085027.40,0.015,0.007,0.005,73.6360,3.495,4.614,10.719*76
$GNGST,085027.50,0.017,0.008,0.005,56.2109,3.495,4.614,10.719*74
$GNGST,085027.60,0.014,0.007,0.005,57.5472,3.495,4.614,10.719*74
$GNGST,085027.70,0.015,0.007,0.005,75.1574,3.495,4.614,10.719*77
$GNGST,085027.80,0.014,0.007,0.005,54.4864,3.495,4.614,10.719*73
$GNGST,085027.90,0.014,0.006,0.005,45.1653,3.495,4.614,10.719*7C
$GNGST,085028.00,0.014,0.006,0.005,58.8480,3.495,4.614,10.719*73
$GNGST,085028.10,0.015,0.007,0.005,62.8108,3.495,4.614,10.719*7E
$GNGST,085028.20,0.014,0.006,0.005,51.3543,3.495,4.614,10.719*7D
$GNGST,085028.30,0.015,0.006,0.005,46.2285,3.495,4.614,10.719*77
$GNGST,085028.40,0.015,0.006,0.005,48.6599,3.495,4.614,10.719*70
$GNGST,085028.50,0.014,0.006,0.005,48.7778,3.495,4.614,10.719*7C
$GNGST,085028.60,0.014,0.006,0.005,54.5785,3.495,4.614,10.719*72
$GNGST,085028.70,0.015,0.007,0.005,73.1906,3.495,4.614,10.719*77
$GNGST,085028.80,0.015,0.006,0.005,57.4510,3.495,4.614,10.719*71
$GNGST,085028.90,0.015,0.007,0.005,64.7151,3.495,4.614,10.719*73
$GNGST,085029.00,0.017,0.007,0.005,43.4900,3.495,4.614,10.719*73
$GNGST,085029.10,0.015,0.006,0.005,60.1063,3.495,4.614,10.719*79
$GNGST,085029.20,0.014,0.006,0.005,61.5587,3.495,4.614,10.719*71
$GNGST,085029.30,0.014,0.006,0.005,51.0309,3.495,4.614,10.719*76
$GNGST,085029.40,0.014,0.006,0.005,49.9219,3.495,4.614,10.719*71
$GNGST,085029.50,0.014,0.006,0.005,50.8519,3.495,4.614,10.719*7E
$GNGST,085029.60,0.015,0.006,0.004,48.1643,3.495,4.614,10.719*71
$GNGST,085029.70,0.015,0.007,0.005,47.3952,3.495,4.614,10.719*72
$GNGST,085029.80,0.014,0.006,0.005,52.7531,3.495,4.614,10.719*74
$GNGST,085029.90,0.014,0.006,0.005,40.6360,3.495,4.614,10.719*75
$GNGST,085030.00,0.014,0.006,0.005,66.5236,3.495,4.614,10.719*71
$GNGST,085030.10,0.016,0.007,0.005,40.8529,3.495,4.614,10.719*73
$GNGST,085030.20,0.014,0.006,0.004,47.7439,3.495,4.614,10.719*7A
$GNGST,085030.30,0.015,0.006,0.005,48.7303,3.495,4.614,10.719*7A
$GNGST,085030.40,0.016,0.006,0.005,45.1257,3.495,4.614,10.719*75
$GNGST,085030.50,0.015,0.007,0.005,40.7176,3.495,4.614,10.719*75
$GNGST,085030.60,0.014,0.006,0.005,43.9148,3.495,4.614,10.719*76
$GNGST,085030.70,0.015,0.006,0.005,45.5079,3.495,4.614,10.719*7F
$GNGST,085030.80,0.014,0.006,0.005,45.3797,3.495,4.614,10.719*70
$GNGST,085030.90,0.014,0.006,0.005,59.8399,3.495,4.614,10.719*7D
$GNGST,085031.00,0.014,0.006,0.005,45.5555,3.495,4.614,10.719*73
$GNGST,085031.10,0.015,0.006,0.005,42.0942,3.495,4.614,10.719*7B
$GNGST,085031.20,0.017,0.007,0.005,38.3493,3.495,4.614,10.719*74
$GNGST,085031.30,0.017,0.006,0.005,41.4749,3.495,4.614,10.719*79
$GNGST,085031.40,0.017,0.009,0.005,44.3135,3.495,4.614,10.719*7E
$GNGST,085031.50,0.017,0.006,0.005,48.4241,3.495,4.614,10.719*7B
$GNGST,085031.60,0.018,0.008,0.005,36.9072,3.495,4.614,10.719*7F
$GNGST,085031.70,0.018,0.008,0.005,37.8559,3.495,4.614,10.719*72
$GNGST,085031.80,0.018,0.009,0.005,40.1391,3.495,4.614,10.719*77
$GNGST,085031.90,0.019,0.008,0.005,38.0240,3.495,4.614,10.719*75
$GNGST,085032.00,0.020,0.009,0.006,38.5909,3.495,4.614,10.719*74
$GNGST,085032.10,0.021,0.010,0.006,26.8701,3.495,4.614,10.719*78
$GNGST,085032.20,0.018,0.008,0.006,28.5759,3.495,4.614,10.719*76
$GNGST,085032.30,0.017,0.008,0.005,31.6454,3.495,4.614,10.719*7E
$GNGST,085032.40,0.018,0.008,0.006,31.4592,3.495,4.614,10.719*7C
$GNGST,085032.50,0.018,0.008,0.007,34.0740,3.495,4.614,10.719*70
$GNGST,085032.60,0.017,0.008,0.005,38.0872,3.495,4.614,10.719*7C
$GNGST,085032.70,0.020,0.009,0.006,31.2027,3.495,4.614,10.719*78
$GNGST,085032.80,0.019,0.008,0.005,34.0306,3.495,4.614,10.719*78
$GNGST,085032.90,0.017,0.007,0.005,39.6529,3.495,4.614,10.719*78
$GNGST,085033.00,0.019,0.007,0.005,35.4943,3.495,4.614,10.719*70
$GNGST,085033.10,0.019,0.007,0.005,37.7421,3.495,4.614,10.719*79
$GNGST,085033.20,0.018,0.007,0.005,46.1061,3.495,4.614,10.719*7B
$GNGST,085033.30,0.023,0.008,0.006,25.6541,3.495,4.614,10.719*7B
$GNGST,085033.40,0.023,0.011,0.008,-63.4904,3.495,4.614,10.719*5A
$GNGST,085033.50,0.020,0.008,0.006,23.0549,3.495,4.614,10.719*76
$GNGST,085033.60,0.019,0.007,0.007,57.7402,3.495,4.614,10.719*7B
$GNGST,085033.70,0.019,0.009,0.005,31.7740,3.495,4.614,10.719*73
$GNGST,085033.80,0.017,0.008,0.005,45.3611,3.495,4.614,10.719*71
$GNGST,085033.90,0.017,0.007,0.005,42.5014,3.495,4.614,10.719*7D
$GNGST,085034.00,0.017,0.007,0.005,35.9795,3.495,4.614,10.719*71
$GNGST,085034.10,0.020,0.008,0.005,29.8358,3.495,4.614,10.719*72
$GNGST,085034.20,0.019,0.008,0.005,34.4059,3.495,4.614,10.719*79
$GNGST,085034.30,0.021,0.009,0.006,23.8752,3.495,4.614,10.719*77
$GNGST,085034.40,0.021,0.010,0.006,30.1545,3.495,4.614,10.719*77
$GNGST,085034.50,0.019,0.009,0.006,19.0419,3.495,4.614,10.719*77
$GNGST,085034.60,0.031,0.010,0.006,18.2349,3.495,4.614,10.719*77
$GNGST,085034.70,0.025,0.013,0.006,20.7679,3.495,4.614,10.719*78
$GNGST,085034.80,0.020,0.010,0.005,38.7030,3.495,4.614,10.719*70
$GNGST,085034.90,0.019,0.009,0.007,19.7001,3.495,4.614,10.719*70
$GNGST,085035.00,0.018,0.008,0.005,31.0437,3.495,4.614,10.719*76
$GNGST,085035.10,0.019,0.008,0.005,39.0607,3.495,4.614,10.719*7F
$GNGST,085035.20,0.025,0.009,0.005,23.3080,3.495,4.614,10.719*73
$GNGST,085035.30,0.020,0.008,0.005,31.8087,3.495,4.614,10.719*79
$GNGST,085035.40,0.019,0.007,0.005,43.7063,3.495,4.614,10.719*7B
$GNGST,085035.50,0.023,0.007,0.005,34.6312,3.495,4.614,10.719*77
$GNGST,085035.60,0.025,0.008,0.006,30.5554,3.495,4.614,10.719*7D
$GNGST,085035.70,0.019,0.007,0.005,35.6396,3.495,4.614,10.719*71
$GNGST,085035.80,0.017,0.007,0.005,37.7692,3.495,4.614,10.719*72
$GNGST,085035.90,0.018,0.007,0.005,40.0839,3.495,4.614,10.719*74
$GNGST,085036.00,0.014,0.006,0.004,45.6894,3.495,4.614,10.719*76
$GNGST,085036.10,0.016,0.008,0.005,45.6567,3.495,4.614,10.719*7B
$GNGST,085036.20,0.015,0.006,0.004,45.7855,3.495,4.614,10.719*79
$GNGST,085036.30,0.015,0.006,0.005,42.7808,3.495,4.614,10.719*76
$GNGST,085036.40,0.017,0.006,0.004,41.0921,3.495,4.614,10.719*7C
$GNGST,085036.50,0.016,0.007,0.005,43.7730,3.495,4.614,10.719*77
$GNGST,085036.60,0.016,0.008,0.005,50.1438,3.495,4.614,10.719*74
$GNGST,085036.70,0.018,0.008,0.005,53.7394,3.495,4.614,10.719*7F
$GNGST,085036.80,0.017,0.007,0.005,40.4776,3.495,4.614,10.719*79
$GNGST,085036.90,0.018,0.008,0.006,38.1362,3.495,4.614,10.719*70
$GNGST,085037.00,0.017,0.007,0.006,50.1726,3.495,4.614,10.719*72
$GNGST,085037.10,0.017,0.007,0.005,46.7138,3.495,4.614,10.719*78
$GNGST,085037.20,0.018,0.007,0.005,43.9473,3.495,4.614,10.719*75
$GNGST,085037.30,0.017,0.007,0.005,43.7149,3.495,4.614,10.719*79
$GNGST,085037.40,0.015,0.007,0.005,45.3443,3.495,4.614,10.719*71
$GNGST,085037.50,0.014,0.006,0.004,41.2725,3.495,4.614,10.719*77
$GNGST,085037.60,0.016,0.007,0.004,32.7563,3.495,4.614,10.719*76
$GNGST,085037.70,0.016,0.007,0.004,36.7211,3.495,4.614,10.719*71
$GNGST,085037.80,0.016,0.007,0.004,36.1238,3.495,4.614,10.719*73
$GNGST,085037.90,0.014,0.006,0.004,37.3151,3.495,4.614,10.719*7E
$GNGST,085038.00,0.014,0.006,0.004,37.9444,3.495,4.614,10.719*73
$GNGST,085038.10,0.015,0.008,0.004,32.6075,3.495,4.614,10.719*71
$GNGST,085038.20,0.017,0.008,0.004,30.1966,3.495,4.614,10.719*7E
$GNGST,085038.30,0.014,0.006,0.004,39.7717,3.495,4.614,10.719*75
$GNGST,085038.40,0.015,0.007,0.004,36.2732,3.495,4.614,10.719*7F
$GNGST,085038.50,0.015,0.007,0.004,34.5962,3.495,4.614,10.719*70
$GNGST,085038.60,0.014,0.006,0.004,39.2321,3.495,4.614,10.719*74
$GNGST,085038.70,0.015,0.007,0.004,36.5971,3.495,4.614,10.719*72
$GNGST,085038.80,0.014,0.006,0.004,42.1616,3.495,4.614,10.719*74
$GNGST,085038.90,0.015,0.007,0.004,35.9287,3.495,4.614,10.719*71
$GNGST,085039.00,0.013,0.006,0.004,38.1100,3.495,4.614,10.719*77
$GNGST,085039.10,0.014,0.006,0.004,38.4897,3.495,4.614,10.719*73
$GNGST,085039.20,0.014,0.006,0.004,38.4898,3.495,4.614,10.719*7F
$GNGST,085039.30,0.016,0.006,0.005,28.5909,3.495,4.614,10.719*74
$GNGST,085039.40,0.016,0.008,0.004,36.2240,3.495,4.614,10.719*72
$GNGST,085039.50,0.015,0.006,0.004,29.3882,3.495,4.614,10.719*75
$GNGST,085039.60,0.014,0.006,0.004,36.7071,3.495,4.614,10.719*79
$GNGST,085039.70,0.016,0.006,0.005,25.8259,3.495,4.614,10.719*7E
$GNGST,085039.80,0.016,0.006,0.005,26.7322,3.495,4.614,10.719*70
$GNGST,085039.90,0.016,0.007,0.005,22.2424,3.495,4.614,10.719*70
$GNGST,085040.00,0.014,0.006,0.004,33.9212,3.495,4.614,10.719*7D
$GNGST,085040.10,0.016,0.006,0.005,31.5412,3.495,4.614,10.719*77
$GNGST,085040.20,0.014,0.006,0.004,35.5946,3.495,4.614,10.719*7F
$GNGST,085040.30,0.017,0.007,0.005,24.9377,3.495,4.614,10.719*79
$GNGST,085040.40,0.014,0.006,0.004,39.5466,3.495,4.614,10.719*7A
$GNGST,085040.50,0.013,0.006,0.004,33.0787,3.495,4.614,10.719*7F
$GNGST,085040.60,0.014,0.006,0.004,34.7479,3.495,4.614,10.719*79
$GNGST,085040.70,0.014,0.006,0.004,34.7607,3.495,4.614,10.719*73
$GNGST,085040.80,0.014,0.006,0.004,33.1499,3.495,4.614,10.719*78
$GNGST,085040.90,0.014,0.006,0.004,35.9860,3.495,4.614,10.719*7D
$GNGST,085041.00,0.014,0.006,0.004,32.1535,3.495,4.614,10.719*77
$GNGST,085041.10,0.014,0.006,0.004,35.7424,3.495,4.614,10.719*76
$GNGST,085041.20,0.014,0.006,0.004,31.1739,3.495,4.614,10.719*78
$GNGST,085041.30,0.014,0.006,0.004,38.1265,3.495,4.614,10.719*7C
$GNGST,085041.40,0.015,0.006,0.004,33.2510,3.495,4.614,10.719*77
$GNGST,085041.50,0.014,0.006,0.004,32.9419,3.495,4.614,10.719*75
$GNGST,085041.60,0.014,0.006,0.004,33.6445,3.495,4.614,10.719*71
$GNGST,085041.70,0.017,0.007,0.005,15.0582,3.495,4.614,10.719*7B
$GNGST,085041.80,0.014,0.006,0.004,30.1486,3.495,4.614,10.719*74
$GNGST,085041.90,0.014,0.006,0.004,32.5356,3.495,4.614,10.719*79
$GNGST,085042.00,0.014,0.006,0.004,34.8578,3.495,4.614,10.719*72
$GNGST,085042.10,0.014,0.006,0.004,34.7475,3.495,4.614,10.719*70
$GNGST,085042.20,0.016,0.006,0.005,27.7155,3.495,4.614,10.719*75
$GNGST,085042.30,0.018,0.007,0.005,24.4764,3.495,4.614,10.719*7F
$GNGST,085042.40,0.015,0.007,0.005,37.8797,3.495,4.614,10.719*77
$GNGST,085042.50,0.019,0.007,0.005,29.2780,3.495,4.614,10.719*79
$GNGST,085042.60,0.015,0.007,0.004,39.9173,3.495,4.614,10.719*77
$GNGST,085042.70,0.014,0.007,0.004,38.8252,3.495,4.614,10.719*77
$GNGST,085042.80,0.014,0.007,0.004,38.4849,3.495,4.614,10.719*74
$GNGST,085042.90,0.016,0.007,0.005,29.4073,3.495,4.614,10.719*77
$GNGST,085043.00,0.017,0.007,0.006,39.0879,3.495,4.614,10.719*7A
$GNGST,085043.10,0.016,0.007,0.005,33.7649,3.495,4.614,10.719*79
$GNGST,085043.20,0.019,0.007,0.006,25.9474,3.495,4.614,10.719*73
$GNGST,085043.30,0.019,0.007,0.005,17.3400,3.495,4.614,10.719*79
$GNGST,085043.40,0.019,0.008,0.005,13.5850,3.495,4.614,10.719*7A
$GNGST,085043.50,0.019,0.008,0.006,18.8781,3.495,4.614,10.719*7D
$GNGST,085043.60,0.022,0.008,0.006,23.2125,3.495,4.614,10.719*7C
$GNGST,085043.70,0.017,0.007,0.005,29.1667,3.495,4.614,10.719*7F
$GNGST,085043.80,0.018,0.007,0.005,20.4946,3.495,4.614,10.719*7F
$GNGST,085043.90,0.019,0.008,0.006,12.9918,3.495,4.614,10.719*74
$GNGST,085044.00,0.022,0.008,0.006,7.6108,3.495,4.614,10.719*40
$GNGST,085044.10,0.022,0.008,0.006,7.4106,3.495,4.614,10.719*4D
$GNGST,085044.20,0.017,0.007,0.005,23.1687,3.495,4.614,10.719*79
$GNGST,085044.30,0.017,0.007,0.005,19.6015,3.495,4.614,10.719*7B
$GNGST,085044.40,0.020,0.009,0.006,15.0423,3.495,4.614,10.719*7E
$GNGST,085044.50,0.018,0.007,0.005,20.1701,3.495,4.614,10.719*7D
$GNGST,085044.60,0.019,0.007,0.005,25.0976,3.495,4.614,10.719*75
$GNGST,085044.70,0.022,0.008,0.006,3.7539,3.495,4.614,10.719*44
$GNGST,085044.80,0.017,0.008,0.006,26.8845,3.495,4.614,10.719*73
$GNGST,085044.90,0.018,0.007,0.005,23.8292,3.495,4.614,10.719*74
$GNGST,085045.00,0.017,0.007,0.005,30.4748,3.495,4.614,10.719*7F
$GNGST,085045.10,0.019,0.008,0.006,16.1651,3.495,4.614,10.719*74
$GNGST,085045.20,0.018,0.007,0.005,28.7051,3.495,4.614,10.719*77
$GNGST,085045.30,0.018,0.007,0.005,26.0336,3.495,4.614,10.719*7D
$GNGST,085045.40,0.018,0.007,0.005,22.5934,3.495,4.614,10.719*73
$GNGST,085045.50,0.015,0.007,0.004,28.5992,3.495,4.614,10.719*78
$GNGST,085045.60,0.017,0.008,0.005,23.1676,3.495,4.614,10.719*7D
$GNGST,085045.70,0.017,0.007,0.005,21.0137,3.495,4.614,10.719*72
$GNGST,085045.80,0.014,0.006,0.004,36.8877,3.495,4.614,10.719*7D
$GNGST,085045.90,0.017,0.007,0.005,21.4591,3.495,4.614,10.719*70
$GNGST,085046.00,0.014,0.006,0.004,39.8206,3.495,4.614,10.719*75
$GNGST,085046.10,0.014,0.006,0.004,36.9119,3.495,4.614,10.719*77
$GNGST,085046.20,0.015,0.006,0.004,31.6652,3.495,4.614,10.719*75
$GNGST,085046.30,0.014,0.006,0.004,36.7239,3.495,4.614,10.719*7A
$GNGST,085046.40,0.014,0.006,0.004,35.6080,3.495,4.614,10.719*7F
$GNGST,085046.50,0.014,0.006,0.004,41.9562,3.495,4.614,10.719*7B
$GNGST,085046.60,0.014,0.006,0.004,41.6580,3.495,4.614,10.719*7B
$GNGST,085046.70,0.014,0.006,0.004,42.8066,3.495,4.614,10.719*7A
$GNGST,085046.80,0.014,0.006,0.004,41.6582,3.495,4.614,10.719*77
$GNGST,085046.90,0.014,0.006,0.004,41.6583,3.495,4.614,10.719*77
$GNGST,085047.00,0.014,0.006,0.004,41.6585,3.495,4.614,10.719*79
$GNGST,085047.10,0.014,0.006,0.004,41.4697,3.495,4.614,10.719*7A
$GNGST,085047.20,0.014,0.006,0.004,41.4698,3.495,4.614,10.719*76
$GNGST,085047.30,0.014,0.006,0.004,41.4699,3.495,4.614,10.719*76
$GNGST,085047.40,0.015,0.006,0.004,35.1609,3.495,4.614,10.719*7F
$GNGST,085047.50,0.014,0.006,0.004,40.9944,3.495,4.614,10.719*73
$GNGST,085047.60,0.014,0.006,0.004,41.2074,3.495,4.614,10.719*70
$GNGST,085047.70,0.014,0.006,0.004,41.2075,3.495,4.614,10.719*70
$GNGST,085047.80,0.014,0.006,0.004,41.8999,3.495,4.614,10.719*7E
$GNGST,085047.90,0.014,0.006,0.004,40.9140,3.495,4.614,10.719*73
$GNGST,085048.00,0.015,0.007,0.004,37.7868,3.495,4.614,10.719*78
$GNGST,085048.10,0.013,0.006,0.004,40.7245,3.495,4.614,10.719*7B
$GNGST,085048.20,0.015,0.007,0.004,40.3483,3.495,4.614,10.719*77
$GNGST,085048.30,0.013,0.006,0.004,40.7247,3.495,4.614,10.719*7B
$GNGST,085048.40,0.014,0.006,0.004,39.5820,3.495,4.614,10.719*7C
$GNGST,085048.50,0.014,0.006,0.004,38.0902,3.495,4.614,10.719*78
$GNGST,085048.60,0.013,0.006,0.004,40.5336,3.495,4.614,10.719*7B
$GNGST,085048.70,0.013,0.006,0.004,40.9580,3.495,4.614,10.719*7D
$GNGST,085048.80,0.013,0.006,0.004,40.5338,3.495,4.614,10.719*7B
$GNGST,085048.90,0.013,0.006,0.004,40.9582,3.495,4.614,10.719*71
$GNGST,085049.00,0.013,0.006,0.004,40.8121,3.495,4.614,10.719*75
$GNGST,085049.10,0.013,0.006,0.004,40.8122,3.495,4.614,10.719*77
$GNGST,085049.20,0.015,0.007,0.004,40.2897,3.495,4.614,10.719*7E
$GNGST,085049.30,0.015,0.007,0.004,38.3541,3.495,4.614,10.719*77
$GNGST,085049.40,0.016,0.007,0.004,41.1104,3.495,4.614,10.719*7A
$GNGST,085049.50,0.015,0.007,0.004,38.8488,3.495,4.614,10.719*7E
$GNGST,085049.60,0.013,0.006,0.004,40.7556,3.495,4.614,10.719*78
$GNGST,085049.70,0.015,0.007,0.004,40.7103,3.495,4.614,10.719*7A
$GNGST,085049.80,0.012,0.005,0.004,40.0955,3.495,4.614,10.719*7C
$GNGST,085049.90,0.012,0.005,0.004,40.0954,3.495,4.614,10.719*7C
$GNGST,085050.00,0.012,0.005,0.004,40.0953,3.495,4.614,10.719*7A
$GNGST,085050.10,0.013,0.006,0.004,38.5275,3.495,4.614,10.719*7C
$GNGST,085050.20,0.013,0.006,0.004,34.3778,3.495,4.614,10.719*7D
$GNGST,085050.30,0.015,0.007,0.004,39.0435,3.495,4.614,10.719*7F
$GNGST,085050.40,0.013,0.006,0.004,40.6131,3.495,4.614,10.719*76
$GNGST,085050.50,0.013,0.006,0.004,41.2469,3.495,4.614,10.719*7A
$GNGST,085050.60,0.013,0.006,0.004,33.6978,3.495,4.614,10.719*75
$GNGST,085050.70,0.013,0.006,0.004,29.2704,3.495,4.614,10.719*7E
$GNGST,085050.80,0.012,0.005,0.004,38.5954,3.495,4.614,10.719*7F
$GNGST,085050.90,0.012,0.005,0.004,38.6143,3.495,4.614,10.719*73
$GNGST,085051.00,0.012,0.005,0.004,38.6142,3.495,4.614,10.719*7A
$GNGST,085051.10,0.012,0.005,0.004,38.8752,3.495,4.614,10.719*72
$GNGST,085051.20,0.012,0.005,0.004,38.8751,3.495,4.614,10.719*72
$GNGST,085051.30,0.012,0.005,0.004,38.6893,3.495,4.614,10.719*7C
$GNGST,085051.40,0.012,0.005,0.004,38.6285,3.495,4.614,10.719*76
$GNGST,085051.50,0.012,0.005,0.004,38.9069,3.495,4.614,10.719*78
$GNGST,085051.60,0.012,0.005,0.004,38.9686,3.495,4.614,10.719*7C
$GNGST,085051.70,0.012,0.005,0.004,38.9902,3.495,4.614,10.719*7E
$GNGST,085051.80,0.012,0.005,0.004,38.8826,3.495,4.614,10.719*77
$GNGST,085051.90,0.011,0.005,0.004,38.4633,3.495,4.614,10.719*73
$GNGST,085052.00,0.011,0.005,0.004,38.4632,3.495,4.614,10.719*78
$GNGST,085052.10,0.012,0.005,0.004,38.6046,3.495,4.614,10.719*7D
$GNGST,085052.20,0.013,0.005,0.004,39.7416,3.495,4.614,10.719*7E
$GNGST,085052.30,0.013,0.005,0.004,40.3077,3.495,4.614,10.719*76
$GNGST,085052.40,0.012,0.005,0.004,39.7418,3.495,4.614,10.719*77
$GNGST,085052.50,0.012,0.005,0.004,39.8855,3.495,4.614,10.719*7C
$GNGST,085052.60,0.012,0.005,0.004,40.3879,3.495,4.614,10.719*74
$GNGST,085052.70,0.012,0.005,0.004,40.3173,3.495,4.614,10.719*76
$GNGST,085052.80,0.013,0.005,0.004,40.9098,3.495,4.614,10.719*76
$GNGST,085052.90,0.012,0.005,0.004,41.2544,3.495,4.614,10.719*78
$GNGST,085053.00,0.012,0.005,0.004,40.4779,3.495,4.614,10.719*7B
$GNGST,085053.10,0.012,0.005,0.004,40.3824,3.495,4.614,10.719*7A
$GNGST,085053.20,0.012,0.005,0.004,40.4694,3.495,4.614,10.719*7B
$GNGST,085053.30,0.012,0.005,0.004,40.4696,3.495,4.614,10.719*78
$GNGST,085053.40,0.012,0.005,0.004,40.5136,3.495,4.614,10.719*73
$GNGST,085053.50,0.012,0.005,0.004,40.8115,3.495,4.614,10.719*7E
$GNGST,085053.60,0.012,0.005,0.004,40.1719,3.495,4.614,10.719*7E
$GNGST,085053.70,0.011,0.005,0.004,39.3139,3.495,4.614,10.719*74
$GNGST,085053.80,0.011,0.005,0.004,38.8237,3.495,4.614,10.719*7C
$GNGST,085053.90,0.011,0.005,0.004,39.3138,3.495,4.614,10.719*7B
$GNGST,085054.00,0.011,0.005,0.004,39.4829,3.495,4.614,10.719*7B
$GNGST,085054.10,0.011,0.005,0.004,39.3136,3.495,4.614,10.719*7A
$GNGST,085054.20,0.011,0.005,0.004,39.0069,3.495,4.614,10.719*71
$GNGST,085054.30,0.011,0.005,0.004,39.4137,3.495,4.614,10.719*7E
$GNGST,085054.40,0.011,0.005,0.004,39.0295,3.495,4.614,10.719*76
$GNGST,085054.50,0.012,0.005,0.004,40.6863,3.495,4.614,10.719*7F
$GNGST,085054.60,0.012,0.005,0.004,38.7713,3.495,4.614,10.719*7A
$GNGST,085054.70,0.011,0.005,0.004,39.0183,3.495,4.614,10.719*71
$GNGST,085054.80,0.011,0.005,0.004,38.2240,3.495,4.614,10.719*71
$GNGST,085054.90,0.011,0.005,0.004,38.9957,3.495,4.614,10.719*76
$GNGST,085055.00,0.012,0.005,0.004,35.1033,3.495,4.614,10.719*73
$GNGST,085055.10,0.013,0.005,0.004,40.6229,3.495,4.614,10.719*7F
$GNGST,085055.20,0.012,0.005,0.004,48.2805,3.495,4.614,10.719*75
$GNGST,085055.30,0.014,0.005,0.004,43.0908,3.495,4.614,10.719*77
$GNGST,085055.40,0.014,0.006,0.004,35.8455,3.495,4.614,10.719*7F
$GNGST,085055.50,0.013,0.006,0.004,30.5296,3.495,4.614,10.719*78
$GNGST,085055.60,0.015,0.006,0.005,22.2630,3.495,4.614,10.719*70
$GNGST,085055.70,0.016,0.006,0.005,21.9619,3.495,4.614,10.719*71
$GNGST,085055.80,0.014,0.006,0.004,31.1037,3.495,4.614,10.719*7E
$GNGST,085055.90,0.014,0.006,0.004,24.8844,3.495,4.614,10.719*7E
$GNGST,085056.00,0.014,0.006,0.004,30.7427,3.495,4.614,10.719*77
$GNGST,085056.10,0.014,0.006,0.004,32.3605,3.495,4.614,10.719*72
$GNGST,085056.20,0.014,0.006,0.004,33.7122,3.495,4.614,10.719*76
$GNGST,085056.30,0.015,0.006,0.004,21.8738,3.495,4.614,10.719*77
$GNGST,085056.40,0.014,0.006,0.004,29.8230,3.495,4.614,10.719*74
$GNGST,085056.50,0.014,0.006,0.004,29.7194,3.495,4.614,10.719*77
$GNGST,085056.60,0.015,0.006,0.004,25.1609,3.495,4.614,10.719*7C
$GNGST,085056.70,0.014,0.006,0.004,33.4901,3.495,4.614,10.719*79
$GNGST,085056.80,0.013,0.006,0.004,26.3645,3.495,4.614,10.719*7D
$GNGST,085056.90,0.013,0.005,0.004,37.1856,3.495,4.614,10.719*71
$GNGST,085057.00,0.013,0.006,0.004,42.3708,3.495,4.614,10.719*7E
$GNGST,085057.10,0.013,0.006,0.004,39.1417,3.495,4.614,10.719*7C
$GNGST,085057.20,0.015,0.007,0.004,37.8338,3.495,4.614,10.719*75
$GNGST,085057.30,0.015,0.007,0.004,38.6902,3.495,4.614,10.719*76
$GNGST,085057.40,0.014,0.007,0.004,39.6011,3.495,4.614,10.719*7A
$GNGST,085057.50,0.013,0.006,0.004,35.4478,3.495,4.614,10.719*78
$GNGST,085057.60,0.014,0.006,0.004,37.4375,3.495,4.614,10.719*74
$GNGST,085057.70,0.013,0.006,0.004,38.5413,3.495,4.614,10.719*7B
$GNGST,085057.80,0.013,0.006,0.004,38.8320,3.495,4.614,10.719*7E
$GNGST,085057.90,0.013,0.006,0.004,43.6248,3.495,4.614,10.719*72
$GNGST,085058.00,0.013,0.006,0.004,38.9826,3.495,4.614,10.719*75
$GNGST,085058.10,0.013,0.006,0.004,39.0192,3.495,4.614,10.719*7A
$GNGST,085058.20,0.013,0.006,0.004,39.6757,3.495,4.614,10.719*70
$GNGST,085058.30,0.013,0.006,0.004,42.8748,3.495,4.614,10.719*7D
$GNGST,085058.40,0.014,0.006,0.004,47.9939,3.495,4.614,10.719*71
$GNGST,085058.50,0.013,0.006,0.004,39.4632,3.495,4.614,10.719*77
$GNGST,085058.60,0.013,0.006,0.004,43.0862,3.495,4.614,10.719*76
$GNGST,085058.70,0.013,0.006,0.004,43.0664,3.495,4.614,10.719*7F
$GNGST,085058.80,0.013,0.006,0.004,38.0521,3.495,4.614,10.719*7E
$GNGST,085058.90,0.012,0.005,0.004,41.0685,3.495,4.614,10.719*7E
$GNGST,085059.00,0.013,0.006,0.004,42.0309,3.495,4.614,10.719*76
$GNGST,085059.10,0.014,0.007,0.004,40.1724,3.495,4.614,10.719*79
$GNGST,085059.20,0.013,0.006,0.004,36.3296,3.495,4.614,10.719*73
$GNGST,085059.30,0.013,0.006,0.004,34.2275,3.495,4.614,10.719*7C
$GNGST,085059.40,0.013,0.006,0.004,38.8147,3.495,4.614,10.719*7F
$GNGST,085059.50,0.014,0.006,0.004,34.5718,3.495,4.614,10.719*74
$GNGST,085059.60,0.016,0.008,0.004,30.5981,3.495,4.614,10.719*71
$GNGST,085059.70,0.015,0.006,0.004,35.6903,3.495,4.614,10.719*71
$GNGST,085059.80,0.014,0.006,0.004,31.3383,3.495,4.614,10.719*7C
$GNGST,085059.90,0.013,0.006,0.004,39.7301,3.495,4.614,10.719*7C
$GNGST,085100.00,0.013,0.006,0.004,39.7302,3.495,4.614,10.719*7B
$GNGST,085100.10,0.014,0.006,0.004,37.1183,3.495,4.614,10.719*7E
$GNGST,085100.20,0.013,0.006,0.004,39.2167,3.495,4.614,10.719*7D
$GNGST,085100.30,0.013,0.006,0.004,39.5309,3.495,4.614,10.719*71
$GNGST,085100.40,0.014,0.006,0.004,37.8949,3.495,4.614,10.719*7C
$GNGST,085100.50,0.014,0.006,0.004,27.5753,3.495,4.614,10.719*74
$GNGST,085100.60,0.013,0.006,0.004,35.5472,3.495,4.614,10.719*73
$GNGST,085100.70,0.011,0.005,0.004,35.0881,3.495,4.614,10.719*76
$GNGST,085100.80,0.013,0.006,0.004,27.9661,3.495,4.614,10.719*72
$GNGST,085100.90,0.014,0.007,0.004,39.8368,3.495,4.614,10.719*77
$GNGST,085101.00,0.012,0.005,0.004,35.1264,3.495,4.614,10.719*73
$GNGST,085101.10,0.012,0.005,0.004,35.1263,3.495,4.614,10.719*75
$GNGST,085101.20,0.012,0.005,0.004,35.1261,3.495,4.614,10.719*74
$GNGST,085101.30,0.012,0.005,0.004,35.1259,3.495,4.614,10.719*7E
$GNGST,085101.40,0.013,0.006,0.004,37.4822,3.495,4.614,10.719*7A
$GNGST,085101.50,0.012,0.005,0.004,23.6458,3.495,4.614,10.719*7F
$GNGST,085101.60,0.011,0.005,0.004,33.5685,3.495,4.614,10.719*7F
$GNGST,085101.70,0.011,0.005,0.004,34.2569,3.495,4.614,10.719*7F
$GNGST,085101.80,0.011,0.005,0.004,33.5681,3.495,4.614,10.719*75
$GNGST,085101.90,0.012,0.006,0.004,41.7076,3.495,4.614,10.719*7D
$GNGST,085102.00,0.011,0.005,0.004,34.2563,3.495,4.614,10.719*71
$GNGST,085102.10,0.011,0.005,0.004,33.5305,3.495,4.614,10.719*76
$GNGST,085102.20,0.013,0.007,0.004,45.5623,3.495,4.614,10.719*75
$GNGST,085102.30,0.011,0.005,0.004,34.2557,3.495,4.614,10.719*75
$GNGST,085102.40,0.012,0.005,0.004,37.1319,3.495,4.614,10.719*7D
$GNGST,085102.50,0.013,0.006,0.004,31.0818,3.495,4.614,10.719*73
$GNGST,085102.60,0.011,0.005,0.004,33.1645,3.495,4.614,10.719*74
$GNGST,085102.70,0.013,0.006,0.004,33.6328,3.495,4.614,10.719*7D
$GNGST,085102.80,0.012,0.005,0.004,34.0939,3.495,4.614,10.719*7B
$GNGST,085102.90,0.012,0.005,0.004,25.1596,3.495,4.614,10.719*72
$GNGST,085103.00,0.012,0.005,0.004,32.3591,3.495,4.614,10.719*79
$GNGST,085103.10,0.012,0.005,0.004,31.6355,3.495,4.614,10.719*70
$GNGST,085103.20,0.012,0.005,0.004,32.9418,3.495,4.614,10.719*71
$GNGST,085103.30,0.012,0.005,0.004,27.7186,3.495,4.614,10.719*78
$GNGST,085103.40,0.014,0.006,0.004,34.6377,3.495,4.614,10.719*75
$GNGST,085103.50,0.012,0.005,0.004,26.3910,3.495,4.614,10.719*7C
$GNGST,085103.60,0.012,0.005,0.004,32.9346,3.495,4.614,10.719*79
$GNGST,085103.70,0.012,0.005,0.004,29.0038,3.495,4.614,10.719*71
$GNGST,085103.80,0.012,0.005,0.004,34.8802,3.495,4.614,10.719*7B
$GNGST,085103.90,0.011,0.005,0.004,33.4469,3.495,4.614,10.719*73
$GNGST,085104.00,0.011,0.005,0.004,33.4467,3.495,4.614,10.719*73
$GNGST,085104.10,0.011,0.005,0.004,33.4465,3.495,4.614,10.719*70
$GNGST,085104.20,0.011,0.005,0.004,33.4462,3.495,4.614,10.719*74
$GNGST,085104.30,0.012,0.005,0.004,37.7540,3.495,4.614,10.719*70
$GNGST,085104.40,0.012,0.005,0.004,28.7890,3.495,4.614,10.719*79
$GNGST,085104.50,0.011,0.005,0.004,33.5499,3.495,4.614,10.719*76
$GNGST,085104.60,0.011,0.005,0.004,33.5520,3.495,4.614,10.719*76
$GNGST,085104.70,0.012,0.005,0.004,36.5062,3.495,4.614,10.719*72
$GNGST,085104.80,0.013,0.006,0.004,32.4532,3.495,4.614,10.719*7A
$GNGST,085104.90,0.015,0.007,0.004,18.5343,3.495,4.614,10.719*75
$GNGST,085105.00,0.014,0.006,0.004,37.6336,3.495,4.614,10.719*71
$GNGST,085105.10,0.013,0.006,0.004,35.3495,3.495,4.614,10.719*7E
$GNGST,085105.20,0.015,0.007,0.004,26.3850,3.495,4.614,10.719*7D
$GNGST,085105.30,0.014,0.006,0.004,32.6206,3.495,4.614,10.719*75
$GNGST,085105.40,0.014,0.006,0.004,37.0284,3.495,4.614,10.719*7B
$GNGST,085105.50,0.012,0.005,0.004,37.3926,3.495,4.614,10.719*7F
$GNGST,085105.60,0.014,0.006,0.004,38.6451,3.495,4.614,10.719*7E
$GNGST,085105.70,0.012,0.005,0.004,35.3566,3.495,4.614,10.719*77
$GNGST,085105.80,0.011,0.005,0.004,33.6741,3.495,4.614,10.719*7F
$GNGST,085105.90,0.013,0.005,0.005,23.0722,3.495,4.614,10.719*7F
$GNGST,085106.00,0.013,0.005,0.004,27.9257,3.495,4.614,10.719*7E
$GNGST,085106.10,0.016,0.007,0.005,31.9616,3.495,4.614,10.719*7F
$GNGST,085106.20,0.014,0.006,0.004,33.1217,3.495,4.614,10.719*71
$GNGST,085106.30,0.012,0.005,0.004,35.0677,3.495,4.614,10.719*70
$GNGST,085106.40,0.014,0.007,0.005,36.7506,3.495,4.614,10.719*73
$GNGST,085106.50,0.014,0.007,0.004,34.5043,3.495,4.614,10.719*77
$GNGST,085106.60,0.013,0.006,0.004,21.9520,3.495,4.614,10.719*7A
$GNGST,085106.70,0.013,0.006,0.004,24.1284,3.495,4.614,10.719*7F
$GNGST,085106.80,0.013,0.005,0.004,30.4052,3.495,4.614,10.719*7A
$GNGST,085106.90,0.013,0.006,0.004,24.9988,3.495,4.614,10.719*7E
$GNGST,085107.00,0.013,0.006,0.004,19.0485,3.495,4.614,10.719*71
$GNGST,085107.10,0.013,0.005,0.004,28.6756,3.495,4.614,10.719*7A
$GNGST,085107.20,0.012,0.005,0.004,33.2967,3.495,4.614,10.719*7A
$GNGST,085107.30,0.016,0.007,0.004,31.4178,3.495,4.614,10.719*7F
$GNGST,085107.40,0.013,0.006,0.004,26.1458,3.495,4.614,10.719*78
$GNGST,085107.50,0.016,0.008,0.005,32.9197,3.495,4.614,10.719*78
$GNGST,085107.60,0.013,0.005,0.005,40.0804,3.495,4.614,10.719*7C
$GNGST,085107.70,0.013,0.006,0.005,44.8054,3.495,4.614,10.719*7F
$GNGST,085107.80,0.016,0.009,0.004,26.8210,3.495,4.614,10.719*7D
$GNGST,085107.90,0.014,0.006,0.006,-64.9512,3.495,4.614,10.719*5C
$GNGST,085108.00,0.014,0.006,0.005,22.7619,3.495,4.614,10.719*70
$GNGST,085108.10,0.013,0.006,0.005,39.2715,3.495,4.614,10.719*74
$GNGST,085108.20,0.019,0.008,0.005,29.3749,3.495,4.614,10.719*7A
$GNGST,085108.30,0.019,0.008,0.005,42.9020,3.495,4.614,10.719*74
$GNGST,085108.40,0.014,0.006,0.005,32.1865,3.495,4.614,10.719*76
$GNGST,085108.50,0.017,0.007,0.004,53.9379,3.495,4.614,10.719*7D
$GNGST,085108.60,0.013,0.006,0.005,80.7467,3.495,4.614,10.719*72
$GNGST,085108.70,0.016,0.006,0.006,-49.4967,3.495,4.614,10.719*53
$GNGST,085108.80,0.014,0.006,0.005,62.2049,3.495,4.614,10.719*7A
$GNGST,085108.90,0.014,0.006,0.005,68.6299,3.495,4.614,10.719*7A
$GNGST,085109.00,0.013,0.006,0.005,54.5897,3.495,4.614,10.719*7D
$GNGST,085109.10,0.014,0.006,0.005,43.1437,3.495,4.614,10.719*7F
$GNGST,085109.20,0.014,0.006,0.005,33.8027,3.495,4.614,10.719*77
$GNGST,085109.30,0.014,0.006,0.005,62.5374,3.495,4.614,10.719*7A
$GNGST,085109.40,0.014,0.006,0.005,58.0744,3.495,4.614,10.719*76
$GNGST,085109.50,0.015,0.007,0.005,28.2904,3.495,4.614,10.719*78
$GNGST,085109.60,0.014,0.006,0.005,38.9063,3.495,4.614,10.719*79
$GNGST,085109.70,0.014,0.006,0.005,52.2795,3.495,4.614,10.719*71
$GNGST,085109.80,0.013,0.006,0.004,42.4697,3.495,4.614,10.719*7C
$GNGST,085109.90,0.012,0.005,0.004,37.0759,3.495,4.614,10.719*7A
$GNGST,085110.00,0.015,0.007,0.004,30.5336,3.495,4.614,10.719*71
$GNGST,085110.10,0.012,0.005,0.004,31.3742,3.495,4.614,10.719*75
$GNGST,085110.20,0.012,0.005,0.004,35.9033,3.495,4.614,10.719*79
$GNGST,085110.30,0.012,0.005,0.004,34.3233,3.495,4.614,10.719*71
$GNGST,085110.40,0.013,0.005,0.004,34.9495,3.495,4.614,10.719*77
$GNGST,085110.50,0.012,0.005,0.004,31.6791,3.495,4.614,10.719*7A
$GNGST,085110.60,0.012,0.005,0.004,28.8915,3.495,4.614,10.719*7D
$GNGST,085110.70,0.012,0.005,0.004,31.1968,3.495,4.614,10.719*77
$GNGST,085110.80,0.014,0.007,0.004,36.1717,3.495,4.614,10.719*7D
$GNGST,085110.90,0.017,0.008,0.005,27.2915,3.495,4.614,10.719*7E
$GNGST,085111.00,0.015,0.007,0.004,30.9324,3.495,4.614,10.719*7F
$GNGST,085111.10,0.013,0.006,0.004,15.3300,3.495,4.614,10.719*72
$GNGST,085111.20,0.014,0.006,0.004,33.0825,3.495,4.614,10.719*7D
$GNGST,085111.30,0.012,0.005,0.004,39.3008,3.495,4.614,10.719*77
$GNGST,085111.40,0.012,0.005,0.004,32.2015,3.495,4.614,10.719*76
$GNGST,085111.50,0.013,0.006,0.004,39.5132,3.495,4.614,10.719*7D
$GNGST,085111.60,0.013,0.005,0.004,37.3899,3.495,4.614,10.719*7D
$GNGST,085111.70,0.012,0.005,0.004,35.2040,3.495,4.614,10.719*72
$GNGST,085111.80,0.013,0.006,0.004,37.4189,3.495,4.614,10.719*7F
$GNGST,085111.90,0.013,0.006,0.004,38.4468,3.495,4.614,10.719*7B
$GNGST,085112.00,0.013,0.006,0.004,37.6771,3.495,4.614,10.719*77
$GNGST,085112.10,0.013,0.006,0.004,39.1480,3.495,4.614,10.719*72
$GNGST,085112.20,0.013,0.006,0.004,39.9828,3.495,4.614,10.719*77
$GNGST,085112.30,0.013,0.005,0.004,37.3998,3.495,4.614,10.719*7B
$GNGST,085112.40,0.013,0.005,0.004,36.1751,3.495,4.614,10.719*74
$GNGST,085112.50,0.013,0.005,0.004,37.1437,3.495,4.614,10.719*77
$GNGST,085112.60,0.012,0.005,0.004,35.6835,3.495,4.614,10.719*7E
$GNGST,085112.70,0.013,0.006,0.004,36.2071,3.495,4.614,10.719*72
$GNGST,085112.80,0.013,0.006,0.004,40.1969,3.495,4.614,10.719*7F
$GNGST,085112.90,0.013,0.006,0.004,39.2734,3.495,4.614,10.719*75
$GNGST,085113.00,0.011,0.005,0.004,35.9680,3.495,4.614,10.719*75
$GNGST,085113.10,0.011,0.005,0.004,35.9678,3.495,4.614,10.719*73
$GNGST,085113.20,0.015,0.006,0.004,22.7141,3.495,4.614,10.719*72
$GNGST,085113.30,0.013,0.005,0.004,21.4692,3.495,4.614,10.719*7F
$GNGST,085113.40,0.013,0.006,0.004,37.9373,3.495,4.614,10.719*7B
$GNGST,085113.50,0.011,0.005,0.004,35.9846,3.495,4.614,10.719*74
$GNGST,085113.60,0.011,0.005,0.004,36.5223,3.495,4.614,10.719*71
$GNGST,085113.70,0.012,0.005,0.004,32.7566,3.495,4.614,10.719*73
$GNGST,085113.80,0.011,0.005,0.004,33.5949,3.495,4.614,10.719*7D
$GNGST,085113.90,0.013,0.005,0.004,15.0142,3.495,4.614,10.719*7C
$GNGST,085114.00,0.012,0.005,0.004,37.7949,3.495,4.614,10.719*77
$GNGST,085114.10,0.011,0.005,0.004,33.6445,3.495,4.614,10.719*71
$GNGST,085114.20,0.011,0.005,0.004,33.7728,3.495,4.614,10.719*7B
$GNGST,085114.30,0.014,0.005,0.004,27.3684,3.495,4.614,10.719*79
$GNGST,085114.40,0.013,0.005,0.004,28.7316,3.495,4.614,10.719*7C
$GNGST,085114.50,0.013,0.005,0.004,29.1330,3.495,4.614,10.719*7E
$GNGST,085114.60,0.011,0.005,0.004,30.0949,3.495,4.614,10.719*72
$GNGST,085114.70,0.011,0.005,0.004,31.9935,3.495,4.614,10.719*70
$GNGST,085114.80,0.011,0.005,0.004,31.9932,3.495,4.614,10.719*78
$GNGST,085114.90,0.011,0.005,0.004,31.9930,3.495,4.614,10.719*7B
$GNGST,085115.00,0.011,0.005,0.004,30.9929,3.495,4.614,10.719*7A
$GNGST,085115.10,0.011,0.005,0.004,31.9734,3.495,4.614,10.719*78
$GNGST,085115.20,0.011,0.005,0.004,31.9922,3.495,4.614,10.719*72
$GNGST,085115.30,0.011,0.005,0.004,31.9919,3.495,4.614,10.719*7B
$GNGST,085115.40,0.011,0.005,0.004,32.1568,3.495,4.614,10.719*7D
$GNGST,085115.50,0.011,0.005,0.004,32.1766,3.495,4.614,10.719*70
$GNGST,085115.60,0.011,0.005,0.004,32.1763,3.495,4.614,10.719*76
$GNGST,085115.70,0.011,0.005,0.004,32.1761,3.495,4.614,10.719*75
$GNGST,085115.80,0.010,0.004,0.004,34.6631,3.495,4.614,10.719*7F
$GNGST,085115.90,0.010,0.005,0.004,32.5599,3.495,4.614,10.719*7B
$GNGST,085116.00,0.010,0.005,0.004,33.5995,3.495,4.614,10.719*70
$GNGST,085116.10,0.010,0.005,0.004,32.5595,3.495,4.614,10.719*7C
$GNGST,085116.20,0.011,0.005,0.004,34.2377,3.495,4.614,10.719*75
$GNGST,085116.30,0.010,0.005,0.004,32.5243,3.495,4.614,10.719*72
$GNGST,085116.40,0.010,0.005,0.004,32.5241,3.495,4.614,10.719*77
$GNGST,085116.50,0.010,0.005,0.004,32.5239,3.495,4.614,10.719*79
$GNGST,085116.60,0.010,0.004,0.004,33.2854,3.495,4.614,10.719*7C
$GNGST,085116.70,0.010,0.004,0.004,33.0233,3.495,4.614,10.719*74
$GNGST,085116.80,0.010,0.004,0.004,33.2200,3.495,4.614,10.719*79
$GNGST,085116.90,0.010,0.004,0.004,33.5043,3.495,4.614,10.719*7A
$GNGST,085117.00,0.010,0.004,0.004,33.0828,3.495,4.614,10.719*72
$GNGST,085117.10,0.010,0.004,0.004,33.2420,3.495,4.614,10.719*75
$GNGST,085117.20,0.010,0.004,0.004,32.9521,3.495,4.614,10.719*7C
$GNGST,085117.30,0.010,0.004,0.004,34.1300,3.495,4.614,10.719*76
$GNGST,085117.40,0.010,0.004,0.004,32.3819,3.495,4.614,10.719*76
$GNGST,085117.50,0.010,0.004,0.004,34.1297,3.495,4.614,10.719*7F
$GNGST,085117.60,0.010,0.004,0.004,32.8759,3.495,4.614,10.719*74
$GNGST,085117.70,0.010,0.004,0.004,32.7281,3.495,4.614,10.719*7A
$GNGST,085117.80,0.010,0.004,0.004,33.2728,3.495,4.614,10.719*77
$GNGST,085117.90,0.010,0.004,0.004,33.2726,3.495,4.614,10.719*78
$GNGST,085118.00,0.010,0.004,0.004,32.9091,3.495,4.614,10.719*7F
$GNGST,085118.10,0.010,0.004,0.004,33.2723,3.495,4.614,10.719*7A
$GNGST,085118.20,0.010,0.004,0.004,33.2721,3.495,4.614,10.719*7B
$GNGST,085118.30,0.010,0.004,0.004,32.9247,3.495,4.614,10.719*75
$GNGST,085118.40,0.010,0.004,0.004,32.9693,3.495,4.614,10.719*7F
$GNGST,085118.50,0.010,0.004,0.004,32.7597,3.495,4.614,10.719*77
$GNGST,085118.60,0.010,0.004,0.004,33.2715,3.495,4.614,10.719*78
$GNGST,085118.70,0.010,0.004,0.004,33.2713,3.495,4.614,10.719*7F
$GNGST,085118.80,0.010,0.004,0.004,33.3732,3.495,4.614,10.719*72
$GNGST,085118.90,0.010,0.004,0.004,33.6992,3.495,4.614,10.719*72
$GNGST,085119.00,0.010,0.004,0.004,34.0053,3.495,4.614,10.719*7F
$GNGST,085119.10,0.010,0.004,0.004,34.1586,3.495,4.614,10.719*72
$GNGST,085119.20,0.010,0.004,0.004,31.9265,3.495,4.614,10.719*76
$GNGST,085119.30,0.010,0.004,0.004,34.0120,3.495,4.614,10.719*79
$GNGST,085119.40,0.010,0.004,0.004,34.2623,3.495,4.614,10.719*78
$GNGST,085119.50,0.010,0.004,0.004,36.0640,3.495,4.614,10.719*7C
$GNGST,085119.60,0.010,0.004,0.004,37.0478,3.495,4.614,10.719*77
$GNGST,085119.70,0.010,0.004,0.004,37.1822,3.495,4.614,10.719*74
$GNGST,085119.80,0.010,0.004,0.004,35.7988,3.495,4.614,10.719*7E
$GNGST,085119.90,0.010,0.004,0.004,35.7860,3.495,4.614,10.719*78
$GNGST,085120.00,0.010,0.004,0.004,35.7814,3.495,4.614,10.719*78
$GNGST,085120.10,0.010,0.005,0.004,35.2017,3.495,4.614,10.719*76
$GNGST,085120.20,0.010,0.004,0.004,37.0764,3.495,4.614,10.719*77
$GNGST,085120.30,0.010,0.004,0.004,35.9391,3.495,4.614,10.719*73
$GNGST,085120.40,0.010,0.004,0.004,35.9390,3.495,4.614,10.719*75
$GNGST,085120.50,0.010,0.004,0.004,36.5577,3.495,4.614,10.719*74
$GNGST,085120.60,0.010,0.004,0.004,36.3659,3.495,4.614,10.719*7E
$GNGST,085120.70,0.010,0.004,0.004,36.7212,3.495,4.614,10.719*70
$GNGST,085120.80,0.010,0.004,0.004,36.4687,3.495,4.614,10.719*74
$GNGST,085120.90,0.010,0.004,0.004,36.5006,3.495,4.614,10.719*7B
$GNGST,085121.00,0.010,0.004,0.004,36.5068,3.495,4.614,10.719*7B
$GNGST,085121.10,0.010,0.004,0.004,36.3455,3.495,4.614,10.719*76
$GNGST,085121.20,0.010,0.004,0.004,36.5066,3.495,4.614,10.719*77
$GNGST,085121.30,0.010,0.004,0.004,37.5395,3.495,4.614,10.719*78
$GNGST,085121.40,0.010,0.004,0.004,37.5828,3.495,4.614,10.719*72
$GNGST,085121.50,0.010,0.005,0.004,36.0883,3.495,4.614,10.719*77
$GNGST,085121.60,0.010,0.004,0.004,35.1348,3.495,4.614,10.719*7B
$GNGST,085121.70,0.010,0.004,0.004,35.8785,3.495,4.614,10.719*76
$GNGST,085121.80,0.010,0.004,0.004,35.2161,3.495,4.614,10.719*7F
$GNGST,085121.90,0.010,0.004,0.004,35.2160,3.495,4.614,10.719*7F
$GNGST,085122.00,0.010,0.004,0.004,36.4500,3.495,4.614,10.719*72
$GNGST,085122.10,0.010,0.004,0.004,35.2158,3.495,4.614,10.719*7F
$GNGST,085122.20,0.010,0.004,0.004,36.3966,3.495,4.614,10.719*7B
$GNGST,085122.30,0.010,0.004,0.004,34.8723,3.495,4.614,10.719*7C
$GNGST,085122.40,0.010,0.004,0.004,35.2919,3.495,4.614,10.719*77
$GNGST,085122.50,0.010,0.004,0.004,34.4912,3.495,4.614,10.719*7A
$GNGST,085122.60,0.010,0.004,0.004,34.7597,3.495,4.614,10.719*7B
$GNGST,085122.70,0.010,0.004,0.004,34.7821,3.495,4.614,10.719*7A
$GNGST,085122.80,0.010,0.004,0.004,34.7820,3.495,4.614,10.719*74
$GNGST,085122.90,0.010,0.004,0.004,33.1919,3.495,4.614,10.719*7F
$GNGST,085123.00,0.010,0.004,0.004,34.9184,3.495,4.614,10.719*74
$GNGST,085123.10,0.010,0.004,0.004,35.2192,3.495,4.614,10.719*78
$GNGST,085123.20,0.010,0.004,0.004,33.2834,3.495,4.614,10.719*78
$GNGST,085123.30,0.010,0.004,0.004,33.2839,3.495,4.614,10.719*74
$GNGST,085123.40,0.010,0.004,0.004,34.9689,3.495,4.614,10.719*7A
$GNGST,085123.50,0.010,0.004,0.004,34.5361,3.495,4.614,10.719*74
$GNGST,085123.60,0.010,0.004,0.004,34.5046,3.495,4.614,10.719*71
$GNGST,085123.70,0.010,0.004,0.004,34.2649,3.495,4.614,10.719*7E
$GNGST,085123.80,0.010,0.004,0.004,34.3275,3.495,4.614,10.719*7B
$GNGST,085123.90,0.010,0.004,0.004,32.3907,3.495,4.614,10.719*72
$GNGST,085124.00,0.010,0.004,0.004,35.9147,3.495,4.614,10.719*7D
$GNGST,085124.10,0.010,0.004,0.004,34.2736,3.495,4.614,10.719*76
$GNGST,085124.20,0.010,0.004,0.004,34.4005,3.495,4.614,10.719*74
$GNGST,085124.30,0.010,0.004,0.004,33.1092,3.495,4.614,10.719*79
$GNGST,085124.40,0.010,0.004,0.004,34.6099,3.495,4.614,10.719*75
$GNGST,085124.50,0.010,0.004,0.004,36.0232,3.495,4.614,10.719*73
$GNGST,085124.60,0.010,0.004,0.004,35.9722,3.495,4.614,10.719*7E
$GNGST,085124.70,0.010,0.004,0.004,34.4361,3.495,4.614,10.719*70
$GNGST,085124.80,0.010,0.004,0.004,32.9354,3.495,4.614,10.719*72
$GNGST,085124.90,0.010,0.004,0.004,33.0206,3.495,4.614,10.719*7D
$GNGST,085125.00,0.010,0.004,0.004,31.5366,3.495,4.614,10.719*75
$GNGST,085125.10,0.010,0.004,0.004,33.6977,3.495,4.614,10.719*7F
$GNGST,085125.20,0.010,0.004,0.004,32.9348,3.495,4.614,10.719*74
$GNGST,085125.30,0.010,0.004,0.004,32.9351,3.495,4.614,10.719*7D
$GNGST,085125.40,0.010,0.004,0.004,31.8047,3.495,4.614,10.719*7C
$GNGST,085125.50,0.010,0.004,0.004,32.0803,3.495,4.614,10.719*7E
$GNGST,085125.60,0.010,0.004,0.004,32.7184,3.495,4.614,10.719*7C
$GNGST,085125.70,0.010,0.004,0.004,32.7067,3.495,4.614,10.719*71
$GNGST,085125.80,0.010,0.004,0.004,32.6174,3.495,4.614,10.719*7C
$GNGST,085125.90,0.010,0.004,0.004,34.1866,3.495,4.614,10.719*76
$GNGST,085126.00,0.010,0.004,0.004,33.8732,3.495,4.614,10.719*7C
$GNGST,085126.10,0.010,0.004,0.004,33.9907,3.495,4.614,10.719*74
$GNGST,085126.20,0.010,0.004,0.004,33.9905,3.495,4.614,10.719*75
$GNGST,085126.30,0.010,0.004,0.004,33.9904,3.495,4.614,10.719*75
$GNGST,085126.40,0.010,0.004,0.004,33.9902,3.495,4.614,10.719*74
$GNGST,085126.50,0.010,0.004,0.004,34.3454,3.495,4.614,10.719*76
$GNGST,085126.60,0.010,0.004,0.004,34.0307,3.495,4.614,10.719*77
$GNGST,085126.70,0.010,0.004,0.004,33.8357,3.495,4.614,10.719*7C
$GNGST,085126.80,0.010,0.004,0.004,34.3593,3.495,4.614,10.719*71
$GNGST,085126.90,0.010,0.004,0.004,34.4567,3.495,4.614,10.719*7C
$GNGST,085127.00,0.010,0.004,0.004,36.0226,3.495,4.614,10.719*70
$GNGST,085127.10,0.010,0.004,0.004,35.5686,3.495,4.614,10.719*79
$GNGST,085127.20,0.010,0.004,0.004,34.2365,3.495,4.614,10.719*74
$GNGST,085127.30,0.010,0.004,0.004,35.8175,3.495,4.614,10.719*7D
$GNGST,085127.40,0.010,0.004,0.004,35.6980,3.495,4.614,10.719*76
$GNGST,085127.50,0.010,0.004,0.004,35.8086,3.495,4.614,10.719*76
$GNGST,085127.60,0.010,0.004,0.004,35.7899,3.495,4.614,10.719*7C
$GNGST,085127.70,0.010,0.004,0.004,34.5988,3.495,4.614,10.719*7F
$GNGST,085127.80,0.010,0.004,0.004,34.5312,3.495,4.614,10.719*79
$GNGST,085127.90,0.010,0.004,0.004,34.8910,3.495,4.614,10.719*7D
$GNGST,085128.00,0.010,0.004,0.004,34.9229,3.495,4.614,10.719*7B
$GNGST,085128.10,0.010,0.004,0.004,34.8907,3.495,4.614,10.719*7C
$GNGST,085128.20,0.010,0.004,0.004,34.9226,3.495,4.614,10.719*76
$GNGST,085128.30,0.010,0.004,0.004,34.9224,3.495,4.614,10.719*75
$GNGST,085128.40,0.010,0.004,0.004,34.9223,3.495,4.614,10.719*75
$GNGST,085128.50,0.010,0.004,0.004,34.6439,3.495,4.614,10.719*76
$GNGST,085128.60,0.010,0.004,0.004,34.6438,3.495,4.614,10.719*74
$GNGST,085128.70,0.010,0.004,0.004,34.5904,3.495,4.614,10.719*74
$GNGST,085128.80,0.010,0.004,0.004,34.4478,3.495,4.614,10.719*7C
$GNGST,085128.90,0.010,0.004,0.004,36.1849,3.495,4.614,10.719*74
$GNGST,085129.00,0.010,0.004,0.004,34.5899,3.495,4.614,10.719*77
$GNGST,085129.10,0.010,0.004,0.004,35.9613,3.495,4.614,10.719*77
$GNGST,085129.20,0.010,0.004,0.004,36.2156,3.495,4.614,10.719*7A
$GNGST,085129.30,0.010,0.004,0.004,36.0230,3.495,4.614,10.719*7A
$GNGST,085129.40,0.010,0.004,0.004,34.7699,3.495,4.614,10.719*7F
$GNGST,085129.50,0.010,0.004,0.004,34.6503,3.495,4.614,10.719*7F
$GNGST,085129.60,0.010,0.004,0.004,34.5425,3.495,4.614,10.719*7A
$GNGST,085129.70,0.010,0.004,0.004,34.3741,3.495,4.614,10.719*7C
$GNGST,085129.80,0.010,0.004,0.004,34.3740,3.495,4.614,10.719*72
$GNGST,085129.90,0.010,0.004,0.004,34.3124,3.495,4.614,10.719*77
$GNGST,085130.00,0.010,0.004,0.004,34.5130,3.495,4.614,10.719*75
$GNGST,085130.10,0.010,0.004,0.004,33.9550,3.495,4.614,10.719*7D
$GNGST,085130.20,0.010,0.004,0.004,34.1210,3.495,4.614,10.719*72
$GNGST,085130.30,0.010,0.004,0.004,33.3133,3.495,4.614,10.719*74
$GNGST,085130.40,0.010,0.004,0.004,34.3116,3.495,4.614,10.719*73
$GNGST,085130.50,0.010,0.004,0.004,34.3698,3.495,4.614,10.719*73
$GNGST,085130.60,0.010,0.004,0.004,35.9032,3.495,4.614,10.719*7D
$GNGST,085130.70,0.010,0.004,0.004,32.8213,3.495,4.614,10.719*7B
$GNGST,085130.80,0.010,0.004,0.004,34.6281,3.495,4.614,10.719*77
$GNGST,085130.90,0.010,0.004,0.004,34.5872,3.495,4.614,10.719*73
$GNGST,085131.00,0.010,0.004,0.004,34.6829,3.495,4.614,10.719*76
$GNGST,085131.10,0.010,0.004,0.004,34.9505,3.495,4.614,10.719*7B
$GNGST,085131.20,0.010,0.004,0.004,33.0654,3.495,4.614,10.719*71
$GNGST,085131.30,0.010,0.004,0.004,34.6001,3.495,4.614,10.719*77
$GNGST,085131.40,0.010,0.004,0.003,34.6900,3.495,4.614,10.719*7F
$GNGST,085131.50,0.010,0.004,0.003,34.6899,3.495,4.614,10.719*7F
$GNGST,085131.60,0.010,0.004,0.004,36.3421,3.495,4.614,10.719*73
$GNGST,085131.70,0.010,0.004,0.004,36.2766,3.495,4.614,10.719*73
$GNGST,085131.80,0.010,0.004,0.004,36.2172,3.495,4.614,10.719*7F
$GNGST,085131.90,0.010,0.004,0.004,36.3329,3.495,4.614,10.719*73
$GNGST,085132.00,0.010,0.004,0.004,34.7060,3.495,4.614,10.719*71
$GNGST,085132.10,0.010,0.004,0.004,34.7055,3.495,4.614,10.719*76
$GNGST,085132.20,0.010,0.004,0.004,34.5946,3.495,4.614,10.719*7C
$GNGST,085132.30,0.010,0.004,0.004,34.5945,3.495,4.614,10.719*7E
$GNGST,085132.40,0.010,0.004,0.004,34.6709,3.495,4.614,10.719*7C
$GNGST,085132.50,0.010,0.004,0.004,34.6708,3.495,4.614,10.719*7C
$GNGST,085132.60,0.010,0.004,0.004,34.8047,3.495,4.614,10.719*7D
$GNGST,085132.70,0.010,0.004,0.004,34.6705,3.495,4.614,10.719*73
$GNGST,085132.80,0.010,0.004,0.004,34.8908,3.495,4.614,10.719*71
$GNGST,085132.90,0.010,0.004,0.004,34.4948,3.495,4.614,10.719*78
$GNGST,085133.00,0.010,0.004,0.004,33.6734,3.495,4.614,10.719*70
$GNGST,085133.10,0.010,0.004,0.004,33.0448,3.495,4.614,10.719*7F
$GNGST,085133.20,0.010,0.004,0.004,33.9541,3.495,4.614,10.719*7D
$GNGST,085133.30,0.010,0.004,0.004,33.8890,3.495,4.614,10.719*7C
$GNGST,085133.40,0.010,0.004,0.004,33.9538,3.495,4.614,10.719*75
$GNGST,085133.50,0.010,0.004,0.004,34.2488,3.495,4.614,10.719*72
$GNGST,085133.60,0.010,0.004,0.004,35.3887,3.495,4.614,10.719*72
$GNGST,085133.70,0.010,0.004,0.004,33.8882,3.495,4.614,10.719*7B
$GNGST,085133.80,0.010,0.004,0.004,34.6071,3.495,4.614,10.719*79
$GNGST,085133.90,0.010,0.004,0.004,34.7689,3.495,4.614,10.719*78
$GNGST,085134.00,0.010,0.004,0.004,34.6057,3.495,4.614,10.719*72
$GNGST,085134.10,0.010,0.004,0.004,34.6481,3.495,4.614,10.719*7C
$GNGST,085134.20,0.010,0.004,0.004,34.8149,3.495,4.614,10.719*70
$GNGST,085134.30,0.010,0.004,0.004,34.3098,3.495,4.614,10.719*77
$GNGST,085134.40,0.010,0.004,0.004,34.3096,3.495,4.614,10.719*7E
$GNGST,085134.50,0.010,0.004,0.004,33.8852,3.495,4.614,10.719*73
$GNGST,085134.60,0.010,0.004,0.004,34.0998,3.495,4.614,10.719*78
$GNGST,085134.70,0.010,0.004,0.004,34.7988,3.495,4.614,10.719*7F
$GNGST,085134.80,0.010,0.004,0.004,34.0995,3.495,4.614,10.719*7B
$GNGST,085134.90,0.010,0.004,0.004,34.2073,3.495,4.614,10.719*79
$GNGST,085135.00,0.010,0.004,0.004,34.2998,3.495,4.614,10.719*7D
$GNGST,085135.10,0.010,0.004,0.004,34.0990,3.495,4.614,10.719*76
$GNGST,085135.20,0.010,0.004,0.004,34.2586,3.495,4.614,10.719*7C
$GNGST,085135.30,0.010,0.004,0.004,34.7052,3.495,4.614,10.719*74
$GNGST,085135.40,0.010,0.005,0.004,30.7122,3.495,4.614,10.719*70
$GNGST,085135.50,0.010,0.004,0.004,29.5118,3.495,4.614,10.719*73
$GNGST,085135.60,0.010,0.004,0.004,35.3123,3.495,4.614,10.719*73
$GNGST,085135.70,0.011,0.005,0.004,30.2086,3.495,4.614,10.719*78
$GNGST,085135.80,0.010,0.005,0.004,34.0502,3.495,4.614,10.719*79
$GNGST,085135.90,0.011,0.006,0.004,34.2520,3.495,4.614,10.719*78
$GNGST,085136.00,0.010,0.005,0.004,34.5798,3.495,4.614,10.719*76
$GNGST,085136.10,0.010,0.005,0.004,34.5796,3.495,4.614,10.719*79
$GNGST,085136.20,0.012,0.006,0.004,32.9648,3.495,4.614,10.719*73
$GNGST,085136.30,0.011,0.005,0.004,35.5394,3.495,4.614,10.719*7D
$GNGST,085136.40,0.010,0.005,0.004,34.5476,3.495,4.614,10.719*71
$GNGST,085136.50,0.010,0.005,0.004,33.2873,3.495,4.614,10.719*79
$GNGST,085136.60,0.011,0.005,0.004,39.7300,3.495,4.614,10.719*7B
$GNGST,085136.70,0.011,0.005,0.004,44.5419,3.495,4.614,10.719*7D
$GNGST,085136.80,0.010,0.004,0.004,34.2376,3.495,4.614,10.719*7C
$GNGST,085136.90,0.011,0.005,0.004,36.6299,3.495,4.614,10.719*7B
$GNGST,085137.00,0.011,0.005,0.004,25.9850,3.495,4.614,10.719*71
$GNGST,085137.10,0.011,0.005,0.004,35.0949,3.495,4.614,10.719*71
$GNGST,085137.20,0.012,0.005,0.004,31.4136,3.495,4.614,10.719*71
$GNGST,085137.30,0.011,0.005,0.004,22.2403,3.495,4.614,10.719*74
$GNGST,085137.40,0.010,0.004,0.004,34.1604,3.495,4.614,10.719*72
$GNGST,085137.50,0.011,0.005,0.004,26.6345,3.495,4.614,10.719*77
$GNGST,085137.60,0.011,0.005,0.004,22.0233,3.495,4.614,10.719*76
$GNGST,085137.70,0.011,0.005,0.004,23.9325,3.495,4.614,10.719*79
$GNGST,085137.80,0.010,0.005,0.004,28.4070,3.495,4.614,10.719*72
$GNGST,085137.90,0.011,0.005,0.004,28.7840,3.495,4.614,10.719*7A
$GNGST,085138.00,0.011,0.005,0.004,28.7837,3.495,4.614,10.719*7C
$GNGST,085138.10,0.011,0.005,0.004,23.9093,3.495,4.614,10.719*7E
$GNGST,085138.20,0.011,0.005,0.004,23.3017,3.495,4.614,10.719*7B
$GNGST,085138.30,0.010,0.004,0.004,28.0362,3.495,4.614,10.719*73
$GNGST,085138.40,0.010,0.004,0.004,28.0360,3.495,4.614,10.719*76
$GNGST,085138.50,0.010,0.004,0.004,28.0358,3.495,4.614,10.719*7C
$GNGST,085138.60,0.010,0.004,0.004,28.0355,3.495,4.614,10.719*72
$GNGST,085138.70,0.011,0.005,0.004,27.7959,3.495,4.614,10.719*7D
$GNGST,085138.80,0.010,0.004,0.004,27.1650,3.495,4.614,10.719*72
$GNGST,085138.90,0.010,0.004,0.004,27.0856,3.495,4.614,10.719*7A
$GNGST,085139.00,0.010,0.004,0.004,24.4805,3.495,4.614,10.719*73
$GNGST,085139.10,0.010,0.004,0.004,27.1077,3.495,4.614,10.719*79
$GNGST,085139.20,0.010,0.004,0.004,27.1075,3.495,4.614,10.719*78
$GNGST,085139.30,0.012,0.006,0.004,35.1070,3.495,4.614,10.719*7F
$GNGST,085139.40,0.010,0.004,0.004,24.4212,3.495,4.614,10.719*7B
$GNGST,085139.50,0.010,0.004,0.004,24.4209,3.495,4.614,10.719*70
$GNGST,085139.60,0.012,0.006,0.004,30.6555,3.495,4.614,10.719*7A
$GNGST,085139.70,0.010,0.004,0.004,25.0179,3.495,4.614,10.719*73
$GNGST,085139.80,0.010,0.004,0.004,24.2621,3.495,4.614,10.719*75
$GNGST,085139.90,0.010,0.004,0.004,24.3017,3.495,4.614,10.719*76
$GNGST,085140.00,0.010,0.004,0.004,25.0530,3.495,4.614,10.719*73
$GNGST,085140.10,0.010,0.004,0.004,27.8840,3.495,4.614,10.719*72
$GNGST,085140.20,0.010,0.004,0.004,25.0427,3.495,4.614,10.719*76
$GNGST,085140.30,0.010,0.004,0.004,24.6046,3.495,4.614,10.719*73
$GNGST,085140.40,0.010,0.004,0.004,25.0211,3.495,4.614,10.719*73
$GNGST,085140.50,0.010,0.004,0.004,27.1634,3.495,4.614,10.719*72
$GNGST,085140.60,0.010,0.004,0.004,25.2907,3.495,4.614,10.719*7F
$GNGST,085140.70,0.010,0.004,0.004,25.2904,3.495,4.614,10.719*7D
$GNGST,085140.80,0.010,0.004,0.004,26.3590,3.495,4.614,10.719*71
$GNGST,085140.90,0.010,0.004,0.004,28.2181,3.495,4.614,10.719*7B
$GNGST,085141.00,0.010,0.004,0.004,28.2169,3.495,4.614,10.719*75
$GNGST,085141.10,0.010,0.004,0.004,29.0269,3.495,4.614,10.719*74
$GNGST,085141.20,0.010,0.004,0.004,28.4032,3.495,4.614,10.719*7E
$GNGST,085141.30,0.010,0.004,0.004,26.1969,3.495,4.614,10.719*73
$GNGST,085141.40,0.010,0.004,0.004,26.1645,3.495,4.614,10.719*75
$GNGST,085141.50,0.010,0.004,0.004,26.1641,3.495,4.614,10.719*70
$GNGST,085141.60,0.010,0.004,0.004,26.3625,3.495,4.614,10.719*73
$GNGST,085141.70,0.010,0.004,0.004,26.3335,3.495,4.614,10.719*76
$GNGST,085141.80,0.010,0.004,0.004,26.0936,3.495,4.614,10.719*73
$GNGST,085141.90,0.010,0.004,0.004,26.2345,3.495,4.614,10.719*7E
$GNGST,085142.00,0.010,0.004,0.004,26.6220,3.495,4.614,10.719*72
$GNGST,085142.10,0.010,0.004,0.004,26.7786,3.495,4.614,10.719*7B
$GNGST,085142.20,0.010,0.004,0.004,26.6676,3.495,4.614,10.719*77
$GNGST,085142.30,0.010,0.004,0.004,26.7778,3.495,4.614,10.719*78
$GNGST,085142.40,0.010,0.004,0.004,28.8466,3.495,4.614,10.719*72
$GNGST,085142.50,0.010,0.004,0.004,26.8412,3.495,4.614,10.719*7E
$GNGST,085142.60,0.010,0.004,0.004,27.6955,3.495,4.614,10.719*7C
$GNGST,085142.70,0.010,0.004,0.004,27.0200,3.495,4.614,10.719*70
$GNGST,085142.80,0.010,0.004,0.004,26.9892,3.495,4.614,10.719*76
$GNGST,085142.90,0.010,0.004,0.004,26.9785,3.495,4.614,10.719*7E
$GNGST,085143.00,0.010,0.004,0.004,26.3271,3.495,4.614,10.719*72
$GNGST,085143.10,0.010,0.004,0.004,26.7203,3.495,4.614,10.719*72
$GNGST,085143.20,0.010,0.004,0.004,25.7354,3.495,4.614,10.719*71
$GNGST,085143.30,0.010,0.004,0.004,26.8091,3.495,4.614,10.719*76
$GNGST,085143.40,0.010,0.004,0.004,25.8891,3.495,4.614,10.719*7A
$GNGST,085143.50,0.010,0.004,0.004,25.8887,3.495,4.614,10.719*7C
$GNGST,085143.60,0.010,0.004,0.004,26.3596,3.495,4.614,10.719*7A
$GNGST,085143.70,0.010,0.004,0.004,26.3777,3.495,4.614,10.719*76
$GNGST,085143.80,0.010,0.004,0.004,24.8496,3.495,4.614,10.719*7C
$GNGST,085143.90,0.010,0.004,0.004,25.3201,3.495,4.614,10.719*7F
$GNGST,085144.00,0.010,0.004,0.004,25.5511,3.495,4.614,10.719*71
$GNGST,085144.10,0.010,0.004,0.004,25.5508,3.495,4.614,10.719*78
$GNGST,085144.20,0.010,0.004,0.004,24.6901,3.495,4.614,10.719*7C
$GNGST,085144.30,0.010,0.004,0.004,25.5501,3.495,4.614,10.719*73
$GNGST,085144.40,0.010,0.004,0.004,25.6341,3.495,4.614,10.719*75
$GNGST,085144.50,0.010,0.004,0.004,25.6183,3.495,4.614,10.719*78
$GNGST,085144.60,0.010,0.004,0.004,24.7639,3.495,4.614,10.719*7D
$GNGST,085144.70,0.010,0.004,0.004,25.5323,3.495,4.614,10.719*71
$GNGST,085144.80,0.010,0.004,0.004,23.8868,3.495,4.614,10.719*71
$GNGST,085144.90,0.010,0.004,0.004,24.2984,3.495,4.614,10.719*7E
$GNGST,085145.00,0.010,0.004,0.004,24.1043,3.495,4.614,10.719*77
$GNGST,085145.10,0.010,0.004,0.004,24.6404,3.495,4.614,10.719*76
$GNGST,085145.20,0.010,0.004,0.004,24.2313,3.495,4.614,10.719*70
$GNGST,085145.30,0.010,0.004,0.004,24.3142,3.495,4.614,10.719*76
$GNGST,085145.40,0.010,0.004,0.004,24.2653,3.495,4.614,10.719*77
$GNGST,085145.50,0.010,0.004,0.004,24.4419,3.495,4.614,10.719*7C
$GNGST,085145.60,0.010,0.004,0.004,24.2875,3.495,4.614,10.719*7F
$GNGST,085145.70,0.010,0.004,0.004,23.9787,3.495,4.614,10.719*70
$GNGST,085145.80,0.010,0.004,0.004,26.1365,3.495,4.614,10.719*7A
$GNGST,085145.90,0.010,0.004,0.004,26.1361,3.495,4.614,10.719*7F
$GNGST,085146.00,0.010,0.004,0.004,23.6024,3.495,4.614,10.719*75
$GNGST,085146.10,0.010,0.004,0.004,24.1287,3.495,4.614,10.719*7F
$GNGST,085146.20,0.010,0.004,0.004,23.5319,3.495,4.614,10.719*79
$GNGST,085146.30,0.010,0.004,0.004,23.5314,3.495,4.614,10.719*75
$GNGST,085146.40,0.010,0.004,0.004,26.6534,3.495,4.614,10.719*70
$GNGST,085146.50,0.010,0.004,0.004,23.5842,3.495,4.614,10.719*7B
$GNGST,085146.60,0.010,0.004,0.004,22.9078,3.495,4.614,10.719*74
$GNGST,085146.70,0.010,0.004,0.004,22.2969,3.495,4.614,10.719*77
$GNGST,085146.80,0.010,0.004,0.004,22.9976,3.495,4.614,10.719*7D
$GNGST,085146.90,0.010,0.004,0.004,23.1190,3.495,4.614,10.719*75
$GNGST,085147.00,0.010,0.004,0.004,23.4823,3.495,4.614,10.719*79
$GNGST,085147.10,0.010,0.004,0.004,24.8052,3.495,4.614,10.719*7D
$GNGST,085147.20,0.010,0.004,0.004,23.2907,3.495,4.614,10.719*7A
$GNGST,085147.30,0.010,0.004,0.004,25.4941,3.495,4.614,10.719*79
$GNGST,085147.40,0.010,0.004,0.004,26.1867,3.495,4.614,10.719*7D
$GNGST,085147.50,0.010,0.004,0.004,23.1903,3.495,4.614,10.719*7A
$GNGST,085147.60,0.010,0.004,0.004,23.5936,3.495,4.614,10.719*7B
$GNGST,085147.70,0.010,0.004,0.004,22.8589,3.495,4.614,10.719*7E
$GNGST,085147.80,0.010,0.004,0.004,23.2188,3.495,4.614,10.719*7F
$GNGST,085147.90,0.010,0.004,0.004,23.2183,3.495,4.614,10.719*75
$GNGST,085148.00,0.010,0.004,0.004,23.2507,3.495,4.614,10.719*7B
$GNGST,085148.10,0.010,0.004,0.004,23.2356,3.495,4.614,10.719*78
$GNGST,085148.20,0.010,0.004,0.004,23.2351,3.495,4.614,10.719*7C
$GNGST,085148.30,0.010,0.004,0.004,23.2320,3.495,4.614,10.719*7B
$GNGST,085148.40,0.010,0.004,0.004,23.3555,3.495,4.614,10.719*79
$GNGST,085148.50,0.010,0.004,0.004,23.1896,3.495,4.614,10.719*78
$GNGST,085148.60,0.010,0.004,0.004,23.1579,3.495,4.614,10.719*77
$GNGST,085148.70,0.010,0.004,0.004,23.1900,3.495,4.614,10.719*74
$GNGST,085148.80,0.010,0.004,0.004,21.5480,3.495,4.614,10.719*78
$GNGST,085148.90,0.010,0.004,0.004,21.6628,3.495,4.614,10.719*7A
$GNGST,085149.00,0.010,0.004,0.004,22.1573,3.495,4.614,10.719*7B
$GNGST,085149.10,0.010,0.004,0.004,24.6657,3.495,4.614,10.719*7E
$GNGST,085149.20,0.010,0.004,0.004,21.8107,3.495,4.614,10.719*74
$GNGST,085149.30,0.010,0.004,0.004,21.7569,3.495,4.614,10.719*76
$GNGST,085149.40,0.010,0.004,0.004,24.9033,3.495,4.614,10.719*70
$GNGST,085149.50,0.010,0.004,0.004,21.6046,3.495,4.614,10.719*79
$GNGST,085149.60,0.010,0.004,0.004,18.7499,3.495,4.614,10.719*77
$GNGST,085149.70,0.010,0.004,0.004,18.7192,3.495,4.614,10.719*78
$GNGST,085149.80,0.010,0.004,0.004,18.8019,3.495,4.614,10.719*7A
$GNGST,085149.90,0.010,0.004,0.004,19.4298,3.495,4.614,10.719*7D
$GNGST,085150.00,0.010,0.004,0.004,19.6875,3.495,4.614,10.719*77
$GNGST,085150.10,0.010,0.004,0.004,18.7468,3.495,4.614,10.719*76
$GNGST,085150.20,0.010,0.004,0.004,18.6135,3.495,4.614,10.719*79
$GNGST,085150.30,0.010,0.004,0.004,18.0435,3.495,4.614,10.719*7B
$GNGST,085150.40,0.010,0.004,0.004,18.7982,3.495,4.614,10.719*7A
$GNGST,085150.50,0.010,0.004,0.004,19.6848,3.495,4.614,10.719*7C
$GNGST,085150.60,0.010,0.004,0.004,18.1874,3.495,4.614,10.719*76
$GNGST,085150.70,0.010,0.004,0.004,17.4845,3.495,4.614,10.719*7F
$GNGST,085150.80,0.010,0.004,0.004,20.2204,3.495,4.614,10.719*7D
$GNGST,085150.90,0.010,0.004,0.004,19.2534,3.495,4.614,10.719*72
$GNGST,085151.00,0.010,0.004,0.004,23.6428,3.495,4.614,10.719*7B
$GNGST,085151.10,0.010,0.004,0.004,20.1621,3.495,4.614,10.719*75
$GNGST,085151.20,0.010,0.004,0.004,19.1973,3.495,4.614,10.719*74
$GNGST,085151.30,0.010,0.004,0.004,20.4218,3.495,4.614,10.719*7C
$GNGST,085151.40,0.010,0.004,0.004,19.7425,3.495,4.614,10.719*7A
$GNGST,085151.50,0.010,0.004,0.004,20.2461,3.495,4.614,10.719*74
$GNGST,085151.60,0.010,0.004,0.004,19.2600,3.495,4.614,10.719*78
$GNGST,085151.70,0.010,0.004,0.004,20.6113,3.495,4.614,10.719*72
$GNGST,085151.80,0.010,0.004,0.004,20.9476,3.495,4.614,10.719*74
$GNGST,085151.90,0.010,0.004,0.004,20.4111,3.495,4.614,10.719*7C
$GNGST,085152.00,0.010,0.004,0.004,20.4106,3.495,4.614,10.719*70
$GNGST,085152.10,0.010,0.004,0.004,20.4654,3.495,4.614,10.719*71
$GNGST,085152.20,0.010,0.004,0.004,20.4649,3.495,4.614,10.719*7E
$GNGST,085152.30,0.010,0.004,0.004,21.0099,3.495,4.614,10.719*71
$GNGST,085152.40,0.010,0.004,0.004,20.4084,3.495,4.614,10.719*7F
$GNGST,085152.50,0.010,0.004,0.004,22.7979,3.495,4.614,10.719*74
$GNGST,085152.60,0.010,0.004,0.004,20.4073,3.495,4.614,10.719*75
$GNGST,085152.70,0.010,0.004,0.004,20.5441,3.495,4.614,10.719*70
$GNGST,085152.80,0.010,0.004,0.004,21.0807,3.495,4.614,10.719*75
$GNGST,085152.90,0.010,0.004,0.004,21.3820,3.495,4.614,10.719*72
$GNGST,085153.00,0.010,0.004,0.004,21.0462,3.495,4.614,10.719*73
$GNGST,085153.10,0.010,0.004,0.004,20.0903,3.495,4.614,10.719*79
$GNGST,085153.20,0.010,0.004,0.004,20.9898,3.495,4.614,10.719*70
$GNGST,085153.30,0.010,0.004,0.004,20.0891,3.495,4.614,10.719*71
$GNGST,085153.40,0.010,0.004,0.004,19.9258,3.495,4.614,10.719*7A
$GNGST,085153.50,0.010,0.004,0.004,20.8294,3.495,4.614,10.719*70
$GNGST,085153.60,0.010,0.004,0.004,20.6568,3.495,4.614,10.719*79
$GNGST,085153.70,0.010,0.004,0.004,20.0416,3.495,4.614,10.719*76
$GNGST,085153.80,0.010,0.004,0.004,20.2914,3.495,4.614,10.719*74
$GNGST,085153.90,0.010,0.004,0.004,20.8218,3.495,4.614,10.719*78
$GNGST,085154.00,0.010,0.004,0.004,19.8582,3.495,4.614,10.719*78
$GNGST,085154.10,0.010,0.004,0.004,20.9800,3.495,4.614,10.719*75
$GNGST,085154.20,0.010,0.004,0.004,20.3208,3.495,4.614,10.719*7E
$GNGST,085154.30,0.010,0.004,0.004,20.2226,3.495,4.614,10.719*72
$GNGST,085154.40,0.010,0.004,0.004,19.5305,3.495,4.614,10.719*78
$GNGST,085154.50,0.010,0.004,0.004,20.8185,3.495,4.614,10.719*74
$GNGST,085154.60,0.010,0.004,0.004,20.5210,3.495,4.614,10.719*75
$GNGST,085154.70,0.010,0.004,0.004,20.6889,3.495,4.614,10.719*7D
$GNGST,085154.80,0.010,0.004,0.004,21.0817,3.495,4.614,10.719*72
$GNGST,085154.90,0.010,0.004,0.004,21.0812,3.495,4.614,10.719*76
$GNGST,085155.00,0.010,0.004,0.004,21.0807,3.495,4.614,10.719*7A
$GNGST,085155.10,0.010,0.004,0.004,21.1410,3.495,4.614,10.719*70
$GNGST,085155.20,0.010,0.004,0.004,20.6024,3.495,4.614,10.719*76
$GNGST,085155.30,0.010,0.004,0.004,24.0460,3.495,4.614,10.719*71
$GNGST,085155.40,0.010,0.004,0.004,20.2898,3.495,4.614,10.719*7B
$GNGST,085155.50,0.010,0.004,0.004,20.2880,3.495,4.614,10.719*73
$GNGST,085155.60,0.010,0.004,0.004,20.2875,3.495,4.614,10.719*7A
$GNGST,085155.70,0.010,0.004,0.004,19.8062,3.495,4.614,10.719*75
$GNGST,085155.80,0.010,0.004,0.004,20.2864,3.495,4.614,10.719*74
$GNGST,085155.90,0.010,0.004,0.004,18.7418,3.495,4.614,10.719*7C
$GNGST,085156.00,0.010,0.004,0.004,20.4866,3.495,4.614,10.719*7B
$GNGST,085156.10,0.010,0.004,0.004,18.6957,3.495,4.614,10.719*70
$GNGST,085156.20,0.010,0.004,0.004,19.7833,3.495,4.614,10.719*70
$GNGST,085156.30,0.010,0.004,0.004,21.1163,3.495,4.614,10.719*70
$GNGST,085156.40,0.010,0.004,0.004,21.1157,3.495,4.614,10.719*70
$GNGST,085156.50,0.010,0.004,0.004,21.1351,3.495,4.614,10.719*75
$GNGST,085156.60,0.010,0.004,0.004,20.5250,3.495,4.614,10.719*73
$GNGST,085156.70,0.010,0.004,0.004,20.5315,3.495,4.614,10.719*72
$GNGST,085156.80,0.010,0.004,0.004,25.8792,3.495,4.614,10.719*7E
$GNGST,085156.90,0.010,0.004,0.004,25.3344,3.495,4.614,10.719*7B
$GNGST,085157.00,0.010,0.004,0.004,25.1063,3.495,4.614,10.719*77
$GNGST,085157.10,0.010,0.004,0.004,21.9623,3.495,4.614,10.719*78
$GNGST,085157.20,0.010,0.004,0.004,21.5406,3.495,4.614,10.719*72
$GNGST,085157.30,0.010,0.004,0.004,26.2855,3.495,4.614,10.719*79
$GNGST,085157.40,0.010,0.004,0.004,21.1413,3.495,4.614,10.719*74
$GNGST,085157.50,0.010,0.004,0.004,21.9471,3.495,4.614,10.719*79
$GNGST,085157.60,0.010,0.004,0.004,26.5950,3.495,4.614,10.719*7F
$GNGST,085157.70,0.010,0.004,0.004,21.9459,3.495,4.614,10.719*71
$GNGST,085157.80,0.010,0.004,0.004,21.0288,3.495,4.614,10.719*7D
$GNGST,085157.90,0.010,0.004,0.004,21.0282,3.495,4.614,10.719*76
$GNGST,085158.00,0.010,0.004,0.004,21.0434,3.495,4.614,10.719*7B
$GNGST,085158.10,0.010,0.004,0.004,21.5848,3.495,4.614,10.719*78
$GNGST,085158.20,0.010,0.004,0.004,21.0569,3.495,4.614,10.719*70
$GNGST,085158.30,0.010,0.004,0.004,20.3047,3.495,4.614,10.719*7A
$GNGST,085158.40,0.010,0.004,0.004,19.9492,3.495,4.614,10.719*71
$GNGST,085158.50,0.010,0.004,0.004,21.0198,3.495,4.614,10.719*7D
$GNGST,085158.60,0.010,0.004,0.004,21.0193,3.495,4.614,10.719*75
$GNGST,085158.70,0.010,0.004,0.004,21.0014,3.495,4.614,10.719*7A
$GNGST,085158.80,0.010,0.004,0.004,21.2079,3.495,4.614,10.719*7C
$GNGST,085158.90,0.010,0.004,0.004,20.1417,3.495,4.614,10.719*73
$GNGST,085159.00,0.010,0.004,0.004,19.9692,3.495,4.614,10.719*76
$GNGST,085159.10,0.010,0.004,0.004,19.9550,3.495,4.614,10.719*7A
$GNGST,085159.20,0.010,0.004,0.004,19.8056,3.495,4.614,10.719*7B
$GNGST,085159.30,0.010,0.004,0.004,19.9846,3.495,4.614,10.719*72
$GNGST,085159.40,0.010,0.004,0.004,19.9669,3.495,4.614,10.719*76
$GNGST,085159.50,0.010,0.004,0.004,19.9526,3.495,4.614,10.719*7F
$GNGST,085159.60,0.010,0.004,0.004,25.8477,3.495,4.614,10.719*77
$GNGST,085159.70,0.010,0.004,0.004,21.8932,3.495,4.614,10.719*7E
$GNGST,085159.80,0.010,0.004,0.004,19.8736,3.495,4.614,10.719*70
$GNGST,085159.90,0.010,0.004,0.004,19.5569,3.495,4.614,10.719*74
$GNGST,085200.00,0.010,0.004,0.004,21.0871,3.495,4.614,10.719*78
$GNGST,085200.10,0.010,0.004,0.004,21.9376,3.495,4.614,10.719*7C
$GNGST,085200.20,0.010,0.004,0.004,19.8921,3.495,4.614,10.719*7D
$GNGST,085200.30,0.010,0.004,0.004,24.4278,3.495,4.614,10.719*79
$GNGST,085200.40,0.010,0.004,0.004,20.9906,3.495,4.614,10.719*75
$GNGST,085200.50,0.010,0.004,0.004,20.3482,3.495,4.614,10.719*7F
$GNGST,085200.60,0.010,0.004,0.004,21.1403,3.495,4.614,10.719*76
$GNGST,085200.70,0.010,0.004,0.004,25.5290,3.495,4.614,10.719*7B
$GNGST,085200.80,0.010,0.004,0.004,26.0669,3.495,4.614,10.719*70
$GNGST,085200.90,0.010,0.004,0.004,26.0665,3.495,4.614,10.719*7D
$GNGST,085201.00,0.010,0.004,0.004,25.6127,3.495,4.614,10.719*71
$GNGST,085201.10,0.010,0.004,0.004,26.3604,3.495,4.614,10.719*70
$GNGST,085201.20,0.010,0.004,0.004,20.3547,3.495,4.614,10.719*71
$GNGST,085201.30,0.010,0.004,0.004,21.3583,3.495,4.614,10.719*79
$GNGST,085201.40,0.010,0.004,0.004,21.5100,3.495,4.614,10.719*77
$GNGST,085201.50,0.010,0.004,0.004,21.3572,3.495,4.614,10.719*71
$GNGST,085201.60,0.010,0.004,0.004,26.1194,3.495,4.614,10.719*7B
$GNGST,085201.70,0.010,0.004,0.004,21.5082,3.495,4.614,10.719*7F
$GNGST,085201.80,0.010,0.004,0.004,20.9297,3.495,4.614,10.719*7B
$GNGST,085201.90,0.010,0.004,0.004,22.3692,3.495,4.614,10.719*73
$GNGST,085202.00,0.010,0.004,0.004,22.3283,3.495,4.614,10.719*7D
$GNGST,085202.10,0.010,0.004,0.004,21.5075,3.495,4.614,10.719*72
$GNGST,085202.20,0.010,0.004,0.004,26.2985,3.495,4.614,10.719*77
$GNGST,085202.30,0.010,0.004,0.004,22.7754,3.495,4.614,10.719*75
$GNGST,085202.40,0.010,0.004,0.004,22.4201,3.495,4.614,10.719*74
$GNGST,085202.50,0.010,0.004,0.004,21.5828,3.495,4.614,10.719*76
$GNGST,085202.60,0.010,0.004,0.004,22.0254,3.495,4.614,10.719*72
$GNGST,085202.70,0.010,0.004,0.004,22.0163,3.495,4.614,10.719*74
$GNGST,085202.80,0.010,0.004,0.004,25.6381,3.495,4.614,10.719*74
$GNGST,085202.90,0.010,0.004,0.004,21.8227,3.495,4.614,10.719*72
$GNGST,085203.00,0.010,0.004,0.004,26.6179,3.495,4.614,10.719*7B
$GNGST,085203.10,0.010,0.004,0.004,26.5423,3.495,4.614,10.719*73
$GNGST,085203.20,0.010,0.004,0.004,26.1446,3.495,4.614,10.719*77
$GNGST,085203.30,0.010,0.004,0.004,25.9934,3.495,4.614,10.719*75
$GNGST,085203.40,0.010,0.004,0.004,26.1954,3.495,4.614,10.719*7F
$GNGST,085203.50,0.010,0.004,0.004,26.1399,3.495,4.614,10.719*75
$GNGST,085203.60,0.010,0.004,0.004,26.2878,3.495,4.614,10.719*71
$GNGST,085203.70,0.010,0.004,0.004,26.2874,3.495,4.614,10.719*7C
$GNGST,085203.80,0.010,0.004,0.004,22.1011,3.495,4.614,10.719*7F
$GNGST,085203.90,0.010,0.004,0.004,22.1006,3.495,4.614,10.719*78
$GNGST,085204.00,0.010,0.004,0.004,21.9811,3.495,4.614,10.719*73
$GNGST,085204.10,0.010,0.004,0.004,22.0593,3.495,4.614,10.719*7F
$GNGST,085204.20,0.010,0.004,0.004,22.0501,3.495,4.614,10.719*77
$GNGST,085204.30,0.010,0.004,0.004,23.5613,3.495,4.614,10.719*72
$GNGST,085204.40,0.010,0.004,0.004,23.7293,3.495,4.614,10.719*7B
$GNGST,085204.50,0.010,0.004,0.004,23.5602,3.495,4.614,10.719*74
$GNGST,085204.60,0.010,0.004,0.004,23.7737,3.495,4.614,10.719*72
$GNGST,085204.70,0.010,0.004,0.004,23.1111,3.495,4.614,10.719*77
$GNGST,085204.80,0.010,0.004,0.004,23.8481,3.495,4.614,10.719*7D
$GNGST,085204.90,0.010,0.004,0.004,23.9077,3.495,4.614,10.719*70
$GNGST,085205.00,0.010,0.004,0.004,23.6515,3.495,4.614,10.719*76
$GNGST,085205.10,0.010,0.004,0.004,23.4200,3.495,4.614,10.719*76
$GNGST,085205.20,0.010,0.004,0.004,23.9154,3.495,4.614,10.719*7A
$GNGST,085205.30,0.010,0.004,0.004,23.8221,3.495,4.614,10.719*7B
$GNGST,085205.40,0.010,0.004,0.004,27.8769,3.495,4.614,10.719*71
$GNGST,085205.50,0.010,0.004,0.004,25.1322,3.495,4.614,10.719*70
$GNGST,085205.60,0.010,0.004,0.004,25.3035,3.495,4.614,10.719*74
$GNGST,085205.70,0.010,0.004,0.004,24.9537,3.495,4.614,10.719*79
$GNGST,085205.80,0.010,0.004,0.004,25.0802,3.495,4.614,10.719*75
$GNGST,085205.90,0.010,0.004,0.004,25.2954,3.495,4.614,10.719*74
$GNGST,085206.00,0.010,0.004,0.004,25.3016,3.495,4.614,10.719*70
$GNGST,085206.10,0.010,0.004,0.004,24.9976,3.495,4.614,10.719*75
$GNGST,085206.20,0.010,0.004,0.004,25.3433,3.495,4.614,10.719*71
$GNGST,085206.30,0.010,0.004,0.004,25.0900,3.495,4.614,10.719*7E
$GNGST,085206.40,0.010,0.004,0.004,24.6313,3.495,4.614,10.719*76
$GNGST,085206.50,0.010,0.004,0.004,24.1767,3.495,4.614,10.719*77
$GNGST,085206.60,0.010,0.004,0.004,24.8159,3.495,4.614,10.719*76
$GNGST,085206.70,0.010,0.004,0.004,24.1758,3.495,4.614,10.719*79
$GNGST,085206.80,0.010,0.004,0.004,24.1892,3.495,4.614,10.719*7F
$GNGST,085206.90,0.010,0.004,0.004,25.0031,3.495,4.614,10.719*7F
$GNGST,085207.00,0.010,0.004,0.004,24.6765,3.495,4.614,10.719*76
$GNGST,085207.10,0.010,0.004,0.004,24.8936,3.495,4.614,10.719*71
$GNGST,085207.20,0.010,0.004,0.004,24.8931,3.495,4.614,10.719*75
$GNGST,085207.30,0.010,0.004,0.004,24.6705,3.495,4.614,10.719*73
$GNGST,085207.40,0.010,0.004,0.004,25.4516,3.495,4.614,10.719*77
$GNGST,085207.50,0.010,0.004,0.004,24.8873,3.495,4.614,10.719*75
$GNGST,085207.60,0.010,0.004,0.004,25.0976,3.495,4.614,10.719*7B
$GNGST,085207.70,0.010,0.004,0.004,29.3499,3.495,4.614,10.719*79
$GNGST,085207.80,0.010,0.004,0.004,23.8914,3.495,4.614,10.719*7F
$GNGST,085207.90,0.010,0.004,0.004,24.0131,3.495,4.614,10.719*7E
$GNGST,085208.00,0.010,0.004,0.004,24.8615,3.495,4.614,10.719*71
$GNGST,085208.10,0.010,0.004,0.004,24.1861,3.495,4.614,10.719*74
$GNGST,085208.20,0.010,0.004,0.004,24.3820,3.495,4.614,10.719*70
$GNGST,085208.30,0.010,0.004,0.004,24.1851,3.495,4.614,10.719*75
$GNGST,085208.40,0.010,0.004,0.004,24.1846,3.495,4.614,10.719*74
$GNGST,085208.50,0.010,0.004,0.004,24.0294,3.495,4.614,10.719*71
$GNGST,085208.60,0.010,0.004,0.004,24.1836,3.495,4.614,10.719*71
$GNGST,085208.70,0.010,0.004,0.004,24.1831,3.495,4.614,10.719*77
$GNGST,085208.80,0.010,0.004,0.004,24.3978,3.495,4.614,10.719*76
$GNGST,085208.90,0.010,0.004,0.004,21.4087,3.495,4.614,10.719*7C
$GNGST,085209.00,0.010,0.004,0.004,21.2591,3.495,4.614,10.719*70
$GNGST,085209.10,0.010,0.004,0.004,21.4152,3.495,4.614,10.719*7C
$GNGST,085209.20,0.010,0.004,0.004,21.4072,3.495,4.614,10.719*7C
$GNGST,085209.30,0.010,0.004,0.004,21.4999,3.495,4.614,10.719*71
$GNGST,085209.40,0.010,0.004,0.004,26.4213,3.495,4.614,10.719*78
$GNGST,085209.50,0.010,0.004,0.004,27.1595,3.495,4.614,10.719*74
$GNGST,085209.60,0.010,0.004,0.004,26.4765,3.495,4.614,10.719*7E
$GNGST,085209.70,0.010,0.004,0.004,26.8494,3.495,4.614,10.719*7E
$GNGST,085209.80,0.010,0.004,0.004,23.0645,3.495,4.614,10.719*72
$GNGST,085209.90,0.010,0.004,0.004,22.2527,3.495,4.614,10.719*77
$GNGST,085210.00,0.010,0.004,0.004,22.2654,3.495,4.614,10.719*71
$GNGST,085210.10,0.010,0.004,0.004,22.2649,3.495,4.614,10.719*7C
$GNGST,085210.20,0.010,0.004,0.004,22.9514,3.495,4.614,10.719*7F
$GNGST,085210.30,0.010,0.004,0.004,22.2968,3.495,4.614,10.719*72
$GNGST,085210.40,0.010,0.004,0.004,22.3101,3.495,4.614,10.719*73
$GNGST,085210.50,0.010,0.004,0.004,22.3545,3.495,4.614,10.719*76
$GNGST,085210.60,0.010,0.004,0.004,22.8882,3.495,4.614,10.719*78
$GNGST,085210.70,0.010,0.004,0.004,22.7292,3.495,4.614,10.719*7D
$GNGST,085210.80,0.010,0.004,0.004,23.5220,3.495,4.614,10.719*78
$GNGST,085210.90,0.010,0.004,0.004,24.4148,3.495,4.614,10.719*72
$GNGST,085211.00,0.010,0.004,0.004,24.1604,3.495,4.614,10.719*70
$GNGST,085211.10,0.010,0.004,0.004,24.4139,3.495,4.614,10.719*7D
$GNGST,085211.20,0.010,0.004,0.004,24.4134,3.495,4.614,10.719*73
$GNGST,085211.30,0.010,0.004,0.004,24.2008,3.495,4.614,10.719*7A
$GNGST,085211.40,0.010,0.004,0.004,24.4693,3.495,4.614,10.719*7F
$GNGST,085211.50,0.010,0.004,0.004,24.4689,3.495,4.614,10.719*75
$GNGST,085211.60,0.010,0.004,0.004,24.4684,3.495,4.614,10.719*7B
$GNGST,085211.70,0.010,0.004,0.004,24.2153,3.495,4.614,10.719*71
$GNGST,085211.80,0.010,0.004,0.004,24.4675,3.495,4.614,10.719*7B
$GNGST,085211.90,0.010,0.004,0.004,28.6917,3.495,4.614,10.719*7F
$GNGST,085212.00,0.010,0.004,0.004,28.6914,3.495,4.614,10.719*76
$GNGST,085212.10,0.010,0.004,0.004,24.5292,3.495,4.614,10.719*7D
$GNGST,085212.20,0.010,0.004,0.004,28.7687,3.495,4.614,10.719*70
$GNGST,085212.30,0.010,0.004,0.004,28.6471,3.495,4.614,10.719*7B
$GNGST,085212.40,0.010,0.004,0.004,28.6468,3.495,4.614,10.719*74
$GNGST,085212.50,0.010,0.004,0.004,23.7042,3.495,4.614,10.719*73
$GNGST,085212.60,0.010,0.004,0.004,23.5226,3.495,4.614,10.719*72
$GNGST,085212.70,0.010,0.004,0.004,28.0011,3.495,4.614,10.719*7B
$GNGST,085212.80,0.010,0.004,0.004,27.7675,3.495,4.614,10.719*78
$GNGST,085212.90,0.010,0.004,0.004,28.0802,3.495,4.614,10.719*7F
$GNGST,085213.00,0.010,0.004,0.004,27.9699,3.495,4.614,10.719*7D
$GNGST,085213.10,0.010,0.004,0.004,28.2106,3.495,4.614,10.719*79
$GNGST,085213.20,0.010,0.004,0.004,28.2103,3.495,4.614,10.719*7F
$GNGST,085213.30,0.010,0.004,0.004,23.6035,3.495,4.614,10.719*75
$GNGST,085213.40,0.010,0.004,0.004,27.3292,3.495,4.614,10.719*7C
$GNGST,085213.50,0.010,0.004,0.004,24.0592,3.495,4.614,10.719*7A
$GNGST,085213.60,0.010,0.004,0.004,23.7484,3.495,4.614,10.719*7F
$GNGST,085213.70,0.010,0.004,0.004,23.7260,3.495,4.614,10.719*72
$GNGST,085213.80,0.010,0.004,0.004,24.3795,3.495,4.614,10.719*71
$GNGST,085213.90,0.010,0.004,0.004,23.4917,3.495,4.614,10.719*74
$GNGST,085214.00,0.010,0.004,0.004,23.2801,3.495,4.614,10.719*7A
$GNGST,085214.10,0.010,0.004,0.004,23.5154,3.495,4.614,10.719*75
$GNGST,085214.20,0.010,0.004,0.004,23.5074,3.495,4.614,10.719*75
$GNGST,085214.30,0.010,0.004,0.004,23.5917,3.495,4.614,10.719*78
$GNGST,085214.40,0.010,0.004,0.004,23.5913,3.495,4.614,10.719*7B
$GNGST,085214.50,0.010,0.004,0.004,23.5908,3.495,4.614,10.719*70
$GNGST,085214.60,0.010,0.004,0.004,23.5704,3.495,4.614,10.719*71
$GNGST,085214.70,0.010,0.004,0.004,23.4205,3.495,4.614,10.719*75
$GNGST,085214.80,0.010,0.004,0.004,23.8444,3.495,4.614,10.719*75
$GNGST,085214.90,0.010,0.004,0.004,23.6206,3.495,4.614,10.719*7A
$GNGST,085215.00,0.010,0.004,0.004,27.6014,3.495,4.614,10.719*77
$GNGST,085215.10,0.010,0.004,0.004,23.4007,3.495,4.614,10.719*72
$GNGST,085215.20,0.010,0.004,0.004,23.2115,3.495,4.614,10.719*75
$GNGST,085215.30,0.010,0.004,0.004,23.6187,3.495,4.614,10.719*7B
$GNGST,085215.40,0.010,0.004,0.004,23.6182,3.495,4.614,10.719*79
$GNGST,085215.50,0.010,0.004,0.004,24.0545,3.495,4.614,10.719*76
$GNGST,085215.60,0.010,0.004,0.004,23.8315,3.495,4.614,10.719*79
$GNGST,085215.70,0.010,0.004,0.004,23.8311,3.495,4.614,10.719*7C
$GNGST,085215.80,0.010,0.004,0.004,23.8060,3.495,4.614,10.719*76
$GNGST,085215.90,0.010,0.004,0.004,23.7536,3.495,4.614,10.719*7E
$GNGST,085216.00,0.010,0.004,0.004,23.5936,3.495,4.614,10.719*7A
$GNGST,085216.10,0.010,0.004,0.004,23.8973,3.495,4.614,10.719*77
$GNGST,085216.20,0.010,0.004,0.004,24.2813,3.495,4.614,10.719*7E
$GNGST,085216.30,0.010,0.004,0.004,22.9756,3.495,4.614,10.719*7C
$GNGST,085216.40,0.010,0.004,0.004,22.7975,3.495,4.614,10.719*7A
$GNGST,085216.50,0.010,0.004,0.004,23.8802,3.495,4.614,10.719*74
$GNGST,085216.60,0.010,0.004,0.004,23.7172,3.495,4.614,10.719*76
$GNGST,085216.70,0.010,0.004,0.004,23.7167,3.495,4.614,10.719*73
$GNGST,085216.80,0.010,0.004,0.004,23.7405,3.495,4.614,10.719*7D
$GNGST,085216.90,0.010,0.004,0.004,22.2709,3.495,4.614,10.719*77
$GNGST,085217.00,0.010,0.004,0.004,23.7790,3.495,4.614,10.719*7B
$GNGST,085217.10,0.010,0.004,0.004,23.2015,3.495,4.614,10.719*75
$GNGST,085217.20,0.010,0.004,0.004,23.0334,3.495,4.614,10.719*74
$GNGST,085217.30,0.010,0.004,0.004,24.0635,3.495,4.614,10.719*76
$GNGST,085217.40,0.010,0.004,0.004,24.0631,3.495,4.614,10.719*75
$GNGST,085217.50,0.010,0.004,0.004,23.0711,3.495,4.614,10.719*70
$GNGST,085217.60,0.010,0.004,0.004,22.8924,3.495,4.614,10.719*72
$GNGST,085217.70,0.010,0.004,0.004,22.6835,3.495,4.614,10.719*7C
$GNGST,085217.80,0.010,0.004,0.004,24.1482,3.495,4.614,10.719*72
$GNGST,085217.90,0.010,0.004,0.004,24.1477,3.495,4.614,10.719*79
$GNGST,085218.00,0.010,0.004,0.004,22.9767,3.495,4.614,10.719*73
$GNGST,085218.10,0.010,0.004,0.004,26.7381,3.495,4.614,10.719*74
$GNGST,085218.20,0.010,0.004,0.004,22.4306,3.495,4.614,10.719*7F
$GNGST,085218.30,0.010,0.004,0.004,23.9702,3.495,4.614,10.719*72
$GNGST,085218.40,0.010,0.004,0.004,22.7562,3.495,4.614,10.719*7E
$GNGST,085218.50,0.010,0.004,0.004,28.8107,3.495,4.614,10.719*7D
$GNGST,085218.60,0.010,0.004,0.004,32.0302,3.495,4.614,10.719*7A
$GNGST,085218.70,0.010,0.004,0.004,32.0662,3.495,4.614,10.719*78
$GNGST,085218.80,0.010,0.004,0.004,29.1264,3.495,4.614,10.719*7E
$GNGST,085218.90,0.010,0.004,0.004,32.7102,3.495,4.614,10.719*70
$GNGST,085219.00,0.010,0.004,0.004,31.3092,3.495,4.614,10.719*77
$GNGST,085219.10,0.010,0.004,0.004,31.9079,3.495,4.614,10.719*79
$GNGST,085219.20,0.010,0.004,0.004,29.7018,3.495,4.614,10.719*7A
$GNGST,085219.30,0.010,0.004,0.004,28.3455,3.495,4.614,10.719*73
$GNGST,085219.40,0.010,0.004,0.004,29.4280,3.495,4.614,10.719*7C
$GNGST,085219.50,0.010,0.004,0.004,28.3845,3.495,4.614,10.719*78
$GNGST,085219.60,0.010,0.004,0.004,29.8915,3.495,4.614,10.719*75
$GNGST,085219.70,0.010,0.004,0.004,28.1848,3.495,4.614,10.719*75
$GNGST,085219.80,0.010,0.004,0.004,28.1770,3.495,4.614,10.719*7E
$GNGST,085219.90,0.010,0.004,0.004,28.2845,3.495,4.614,10.719*75
$GNGST,085220.00,0.010,0.004,0.004,28.3016,3.495,4.614,10.719*79
$GNGST,085220.10,0.010,0.004,0.004,28.3012,3.495,4.614,10.719*7C
$GNGST,085220.20,0.010,0.004,0.004,26.8116,3.495,4.614,10.719*7F
$GNGST,085220.30,0.010,0.004,0.004,27.6030,3.495,4.614,10.719*74
$GNGST,085220.40,0.010,0.004,0.004,28.3002,3.495,4.614,10.719*78
$GNGST,085220.50,0.010,0.004,0.004,28.4358,3.495,4.614,10.719*72
$GNGST,085220.60,0.010,0.004,0.004,28.2841,3.495,4.614,10.719*74
$GNGST,085220.70,0.010,0.004,0.004,28.1007,3.495,4.614,10.719*7C
$GNGST,085220.80,0.010,0.004,0.004,28.1490,3.495,4.614,10.719*79
$GNGST,085220.90,0.010,0.004,0.004,26.5678,3.495,4.614,10.719*76
$GNGST,085221.00,0.010,0.004,0.004,26.7802,3.495,4.614,10.719*7F
$GNGST,085221.10,0.010,0.004,0.004,27.3281,3.495,4.614,10.719*7A
$GNGST,085221.20,0.010,0.004,0.004,27.9757,3.495,4.614,10.719*7D
$GNGST,085221.30,0.010,0.004,0.004,27.9754,3.495,4.614,10.719*7F
$GNGST,085221.40,0.010,0.004,0.004,27.9750,3.495,4.614,10.719*7C
$GNGST,085221.50,0.010,0.004,0.004,27.7911,3.495,4.614,10.719*78
$GNGST,085221.60,0.010,0.004,0.004,28.4728,3.495,4.614,10.719*73
$GNGST,085221.70,0.010,0.004,0.004,28.3399,3.495,4.614,10.719*7B
$GNGST,085221.80,0.010,0.004,0.004,28.2158,3.495,4.614,10.719*7A
$GNGST,085221.90,0.010,0.004,0.004,33.4306,3.495,4.614,10.719*7E
$GNGST,085222.00,0.010,0.004,0.004,30.6681,3.495,4.614,10.719*7F
$GNGST,085222.10,0.010,0.004,0.004,30.6678,3.495,4.614,10.719*78
$GNGST,085222.20,0.010,0.004,0.004,34.0861,3.495,4.614,10.719*7F
$GNGST,085222.30,0.010,0.004,0.004,30.6533,3.495,4.614,10.719*76
$GNGST,085222.40,0.010,0.004,0.004,30.6530,3.495,4.614,10.719*72
$GNGST,085222.50,0.010,0.004,0.004,34.0774,3.495,4.614,10.719*73
$GNGST,085222.60,0.010,0.004,0.004,33.5989,3.495,4.614,10.719*7E
$GNGST,085222.70,0.010,0.004,0.004,30.5312,3.495,4.614,10.719*74
$GNGST,085222.80,0.010,0.004,0.004,30.7888,3.495,4.614,10.719*71
$GNGST,085222.90,0.010,0.004,0.004,30.0680,3.495,4.614,10.719*71
$GNGST,085223.00,0.010,0.004,0.004,29.7830,3.495,4.614,10.719*73
$GNGST,085223.10,0.010,0.004,0.004,30.0727,3.495,4.614,10.719*74
$GNGST,085223.20,0.010,0.004,0.004,30.0724,3.495,4.614,10.719*74
$GNGST,085223.30,0.010,0.004,0.004,33.7735,3.495,4.614,10.719*71
$GNGST,085223.40,0.010,0.004,0.004,30.5973,3.495,4.614,10.719*7B
$GNGST,085223.50,0.010,0.004,0.004,30.6270,3.495,4.614,10.719*71
$GNGST,085223.60,0.010,0.004,0.004,28.3557,3.495,4.614,10.719*7C
$GNGST,085223.70,0.010,0.004,0.004,28.5912,3.495,4.614,10.719*76
$GNGST,085223.80,0.010,0.004,0.004,28.6897,3.495,4.614,10.719*76
$GNGST,085223.90,0.010,0.004,0.004,28.6664,3.495,4.614,10.719*75
$GNGST,085224.00,0.010,0.004,0.004,28.7465,3.495,4.614,10.719*79
$GNGST,085224.10,0.010,0.004,0.004,32.2968,3.495,4.614,10.719*76
$GNGST,085224.20,0.010,0.004,0.004,29.3786,3.495,4.614,10.719*70
$GNGST,085224.30,0.010,0.004,0.004,32.9878,3.495,4.614,10.719*7F
$GNGST,085224.40,0.010,0.004,0.004,32.9117,3.495,4.614,10.719*78
$GNGST,085224.50,0.010,0.004,0.004,32.0238,3.495,4.614,10.719*7E
$GNGST,085224.60,0.009,0.004,0.004,23.2956,3.495,4.614,10.719*74
$GNGST,085224.70,0.010,0.004,0.004,28.0345,3.495,4.614,10.719*7C
$GNGST,085224.80,0.010,0.004,0.004,28.0341,3.495,4.614,10.719*77
$GNGST,085224.90,0.010,0.004,0.004,32.0274,3.495,4.614,10.719*7A
$GNGST,085225.00,0.010,0.004,0.004,29.7979,3.495,4.614,10.719*79
$GNGST,085225.10,0.010,0.004,0.004,32.7883,3.495,4.614,10.719*76
$GNGST,085225.20,0.010,0.004,0.004,28.2101,3.495,4.614,10.719*78
$GNGST,085225.30,0.010,0.004,0.004,30.2781,3.495,4.614,10.719*7E
$GNGST,085225.40,0.010,0.004,0.004,32.7802,3.495,4.614,10.719*7A
$GNGST,085225.50,0.010,0.004,0.004,27.7886,3.495,4.614,10.719*73
$GNGST,085225.60,0.010,0.004,0.004,27.7882,3.495,4.614,10.719*74
$GNGST,085225.70,0.010,0.004,0.004,27.7879,3.495,4.614,10.719*71
$GNGST,085225.80,0.010,0.004,0.004,27.7875,3.495,4.614,10.719*72
$GNGST,085225.90,0.010,0.004,0.004,28.2244,3.495,4.614,10.719*71
$GNGST,085226.00,0.010,0.004,0.004,28.1716,3.495,4.614,10.719*7A
$GNGST,085226.10,0.010,0.004,0.004,29.2018,3.495,4.614,10.719*70
$GNGST,085226.20,0.010,0.004,0.004,28.9166,3.495,4.614,10.719*71
$GNGST,085226.30,0.010,0.004,0.004,28.1704,3.495,4.614,10.719*7A
$GNGST,085226.40,0.010,0.004,0.004,27.7232,3.495,4.614,10.719*74
$GNGST,085226.50,0.010,0.004,0.004,26.2003,3.495,4.614,10.719*71
$GNGST,085226.60,0.010,0.004,0.004,27.7628,3.495,4.614,10.719*79
$GNGST,085226.70,0.010,0.004,0.004,27.0247,3.495,4.614,10.719*72
$GNGST,085226.80,0.010,0.004,0.004,28.0763,3.495,4.614,10.719*71
$GNGST,085226.90,0.010,0.004,0.004,26.4968,3.495,4.614,10.719*7F
$GNGST,085227.00,0.010,0.004,0.004,27.7361,3.495,4.614,10.719*76
$GNGST,085227.10,0.010,0.004,0.004,27.7357,3.495,4.614,10.719*72
$GNGST,085227.20,0.010,0.004,0.004,28.2305,3.495,4.614,10.719*7C
$GNGST,085227.30,0.010,0.004,0.004,26.3597,3.495,4.614,10.719*7F
$GNGST,085227.40,0.010,0.004,0.004,28.5013,3.495,4.614,10.719*79
$GNGST,085227.50,0.010,0.004,0.004,26.0791,3.495,4.614,10.719*7E
$GNGST,085227.60,0.010,0.004,0.004,27.5166,3.495,4.614,10.719*77
$GNGST,085227.70,0.010,0.004,0.004,26.3563,3.495,4.614,10.719*70
$GNGST,085227.80,0.010,0.004,0.004,27.3833,3.495,4.614,10.719*76
$GNGST,085227.90,0.010,0.004,0.004,25.0000,3.495,4.614,10.719*7E
$GNGST,085228.00,0.010,0.004,0.004,27.2862,3.495,4.614,10.719*74
$GNGST,085228.10,0.010,0.004,0.004,26.1773,3.495,4.614,10.719*78
$GNGST,085228.20,0.010,0.004,0.004,27.2854,3.495,4.614,10.719*73
$GNGST,085228.30,0.010,0.004,0.004,27.2850,3.495,4.614,10.719*76
$GNGST,085228.40,0.010,0.004,0.004,27.2846,3.495,4.614,10.719*76
$GNGST,085228.50,0.010,0.004,0.004,26.2760,3.495,4.614,10.719*7D
$GNGST,085228.60,0.010,0.004,0.004,27.6503,3.495,4.614,10.719*7C
$GNGST,085228.70,0.010,0.004,0.004,26.5817,3.495,4.614,10.719*77
$GNGST,085228.80,0.010,0.004,0.004,26.9230,3.495,4.614,10.719*7B
$GNGST,085228.90,0.010,0.004,0.004,27.2946,3.495,4.614,10.719*7A
$GNGST,085229.00,0.010,0.004,0.004,25.8919,3.495,4.614,10.719*70
$GNGST,085229.10,0.010,0.004,0.004,27.5264,3.495,4.614,10.719*7F
$GNGST,085229.20,0.010,0.004,0.004,27.4372,3.495,4.614,10.719*7B
$GNGST,085229.30,0.010,0.004,0.004,26.2055,3.495,4.614,10.719*7B
$GNGST,085229.40,0.010,0.004,0.004,25.8928,3.495,4.614,10.719*76
$GNGST,085229.50,0.010,0.004,0.004,27.8800,3.495,4.614,10.719*7E
$GNGST,085229.60,0.010,0.004,0.004,26.2608,3.495,4.614,10.719*70
$GNGST,085229.70,0.010,0.004,0.004,26.7225,3.495,4.614,10.719*7F
$GNGST,085229.80,0.010,0.004,0.004,27.3164,3.495,4.614,10.719*73
$GNGST,085229.90,0.010,0.004,0.004,28.1751,3.495,4.614,10.719*7F
$GNGST,085230.00,0.010,0.004,0.004,27.3188,3.495,4.614,10.719*71
$GNGST,085230.10,0.010,0.004,0.004,27.3152,3.495,4.614,10.719*77
$GNGST,085230.20,0.010,0.004,0.004,27.3149,3.495,4.614,10.719*7E
$GNGST,085230.30,0.010,0.004,0.004,27.3145,3.495,4.614,10.719*73
$GNGST,085230.40,0.010,0.004,0.004,27.5720,3.495,4.614,10.719*77
$GNGST,085230.50,0.010,0.004,0.004,28.3591,3.495,4.614,10.719*77
$GNGST,085230.60,0.010,0.004,0.004,27.7745,3.495,4.614,10.719*74
$GNGST,085230.70,0.010,0.004,0.004,28.6209,3.495,4.614,10.719*76
$GNGST,085230.80,0.010,0.004,0.004,27.9656,3.495,4.614,10.719*77
$GNGST,085230.90,0.010,0.004,0.004,28.6201,3.495,4.614,10.719*70
$GNGST,085231.00,0.010,0.004,0.004,28.1506,3.495,4.614,10.719*7F
$GNGST,085231.10,0.010,0.004,0.004,27.9037,3.495,4.614,10.719*7E
$GNGST,085231.20,0.010,0.004,0.004,27.9641,3.495,4.614,10.719*7A
$GNGST,085231.30,0.010,0.004,0.004,27.9637,3.495,4.614,10.719*7A
$GNGST,085231.40,0.010,0.004,0.004,28.7936,3.495,4.614,10.719*72
$GNGST,085231.50,0.010,0.004,0.004,27.9629,3.495,4.614,10.719*73
$GNGST,085231.60,0.010,0.004,0.004,27.9625,3.495,4.614,10.719*7C
$GNGST,085231.70,0.010,0.004,0.004,28.7978,3.495,4.614,10.719*7B
$GNGST,085231.80,0.010,0.004,0.004,27.3615,3.495,4.614,10.719*7B
$GNGST,085231.90,0.010,0.004,0.004,29.3556,3.495,4.614,10.719*70
$GNGST,085232.00,0.010,0.004,0.004,26.4803,3.495,4.614,10.719*7F
$GNGST,085232.10,0.010,0.004,0.004,28.8131,3.495,4.614,10.719*74
$GNGST,085232.20,0.010,0.004,0.004,26.9175,3.495,4.614,10.719*78
$GNGST,085232.30,0.010,0.004,0.004,28.7277,3.495,4.614,10.719*78
$GNGST,085232.40,0.010,0.004,0.004,29.1787,3.495,4.614,10.719*72
$GNGST,085232.50,0.010,0.004,0.004,26.9921,3.495,4.614,10.719*76
$GNGST,085232.60,0.010,0.004,0.004,28.8112,3.495,4.614,10.719*72
$GNGST,085232.70,0.010,0.004,0.004,26.7878,3.495,4.614,10.719*77
$GNGST,085232.80,0.010,0.004,0.004,26.9921,3.495,4.614,10.719*7B
$GNGST,085232.90,0.010,0.004,0.004,26.5651,3.495,4.614,10.719*7E
$GNGST,085233.00,0.010,0.004,0.004,26.5645,3.495,4.614,10.719*73
$GNGST,085233.10,0.010,0.004,0.004,26.5639,3.495,4.614,10.719*79
$GNGST,085233.20,0.010,0.004,0.004,28.3040,3.495,4.614,10.719*7A
$GNGST,085233.30,0.010,0.004,0.004,28.8041,3.495,4.614,10.719*71
$GNGST,085233.40,0.010,0.004,0.004,28.9719,3.495,4.614,10.719*7D
$GNGST,085233.50,0.010,0.004,0.004,28.9258,3.495,4.614,10.719*7C
$GNGST,085233.60,0.010,0.004,0.004,26.5576,3.495,4.614,10.719*76
$GNGST,085233.70,0.010,0.004,0.004,26.7589,3.495,4.614,10.719*75
$GNGST,085233.80,0.010,0.004,0.004,26.7862,3.495,4.614,10.719*72
$GNGST,085233.90,0.010,0.004,0.004,26.6516,3.495,4.614,10.719*7C
$GNGST,085234.00,0.010,0.004,0.004,28.1468,3.495,4.614,10.719*73
$GNGST,085234.10,0.010,0.004,0.004,25.9113,3.495,4.614,10.719*7E
$GNGST,085234.20,0.010,0.004,0.004,28.0198,3.495,4.614,10.719*7A
$GNGST,085234.30,0.010,0.004,0.004,26.4575,3.495,4.614,10.719*76
$GNGST,085234.40,0.010,0.004,0.004,25.9499,3.495,4.614,10.719*7C
$GNGST,085234.50,0.010,0.004,0.004,34.4812,3.495,4.614,10.719*7F
$GNGST,085234.60,0.010,0.004,0.004,36.3943,3.495,4.614,10.719*7C
$GNGST,085234.70,0.010,0.004,0.004,36.9010,3.495,4.614,10.719*78
$GNGST,085234.80,0.010,0.004,0.004,34.0639,3.495,4.614,10.719*71
$GNGST,085234.90,0.010,0.004,0.004,37.0561,3.495,4.614,10.719*7D
$GNGST,085235.00,0.010,0.004,0.004,36.9007,3.495,4.614,10.719*78
$GNGST,085235.10,0.010,0.004,0.004,34.4608,3.495,4.614,10.719*7F
$GNGST,085235.20,0.010,0.004,0.004,34.8028,3.495,4.614,10.719*74
$GNGST,085235.30,0.010,0.004,0.004,34.4605,3.495,4.614,10.719*70
$GNGST,085235.40,0.010,0.004,0.004,37.2077,3.495,4.614,10.719*71
$GNGST,085235.50,0.010,0.004,0.004,36.6249,3.495,4.614,10.719*7A
$GNGST,085235.60,0.010,0.004,0.004,34.5813,3.495,4.614,10.719*7D
$GNGST,085235.70,0.010,0.004,0.004,29.8213,3.495,4.614,10.719*77
$GNGST,085235.80,0.010,0.004,0.004,30.1757,3.495,4.614,10.719*7C
$GNGST,085235.90,0.010,0.004,0.004,30.0801,3.495,4.614,10.719*70
$GNGST,085236.00,0.010,0.004,0.004,30.0798,3.495,4.614,10.719*75
$GNGST,085236.10,0.010,0.004,0.004,30.1960,3.495,4.614,10.719*7C
$GNGST,085236.20,0.010,0.004,0.004,29.9939,3.495,4.614,10.719*73
$GNGST,085236.30,0.010,0.004,0.004,29.9936,3.495,4.614,10.719*7D
$GNGST,085236.40,0.010,0.004,0.004,30.5374,3.495,4.614,10.719*72
$GNGST,085236.50,0.010,0.004,0.004,30.0723,3.495,4.614,10.719*70
$GNGST,085236.60,0.010,0.004,0.004,29.9681,3.495,4.614,10.719*7B
$GNGST,085236.70,0.010,0.004,0.004,30.3205,3.495,4.614,10.719*70
$GNGST,085236.80,0.010,0.004,0.004,29.3390,3.495,4.614,10.719*7A
$GNGST,085236.90,0.010,0.004,0.004,29.3901,3.495,4.614,10.719*79
$GNGST,085237.00,0.010,0.004,0.004,33.0674,3.495,4.614,10.719*74
$GNGST,085237.10,0.010,0.004,0.004,29.5606,3.495,4.614,10.719*7E
$GNGST,085237.20,0.010,0.004,0.004,26.9995,3.495,4.614,10.719*7B
$GNGST,085237.30,0.010,0.004,0.004,29.4642,3.495,4.614,10.719*7D
$GNGST,085237.40,0.010,0.004,0.004,29.4572,3.495,4.614,10.719*7A
$GNGST,085237.50,0.010,0.004,0.004,27.1056,3.495,4.614,10.719*73
$GNGST,085237.60,0.010,0.004,0.004,29.2998,3.495,4.614,10.719*76
$GNGST,085237.70,0.010,0.004,0.004,29.5978,3.495,4.614,10.719*7E
$GNGST,085237.80,0.010,0.004,0.004,29.5974,3.495,4.614,10.719*7D
$GNGST,085237.90,0.010,0.004,0.004,26.9614,3.495,4.614,10.719*76
$GNGST,085238.00,0.010,0.004,0.004,27.0397,3.495,4.614,10.719*76
$GNGST,085238.10,0.010,0.004,0.004,29.4280,3.495,4.614,10.719*7A
$GNGST,085238.20,0.010,0.004,0.004,29.6594,3.495,4.614,10.719*79
$GNGST,085238.30,0.010,0.004,0.004,26.9323,3.495,4.614,10.719*72
$GNGST,085238.40,0.010,0.004,0.004,26.8176,3.495,4.614,10.719*76
$GNGST,085238.50,0.010,0.004,0.004,27.1669,3.495,4.614,10.719*76
$GNGST,085238.60,0.010,0.004,0.004,26.5922,3.495,4.614,10.719*70
$GNGST,085238.70,0.010,0.004,0.004,26.8203,3.495,4.614,10.719*74
$GNGST,085238.80,0.010,0.004,0.004,27.0756,3.495,4.614,10.719*77
$GNGST,085238.90,0.010,0.004,0.004,29.4741,3.495,4.614,10.719*7A
$GNGST,085239.00,0.010,0.004,0.004,29.7709,3.495,4.614,10.719*7D
$GNGST,085239.10,0.010,0.004,0.004,29.7705,3.495,4.614,10.719*70
$GNGST,085239.20,0.010,0.004,0.004,29.3030,3.495,4.614,10.719*76
$GNGST,085239.30,0.010,0.004,0.004,29.4781,3.495,4.614,10.719*7D
$GNGST,085239.40,0.010,0.004,0.004,29.4777,3.495,4.614,10.719*73
$GNGST,085239.50,0.010,0.004,0.004,26.9936,3.495,4.614,10.719*7B
$GNGST,085239.60,0.010,0.004,0.004,26.9172,3.495,4.614,10.719*70
$GNGST,085239.70,0.010,0.004,0.004,27.1204,3.495,4.614,10.719*7A
$GNGST,085239.80,0.010,0.004,0.004,29.3678,3.495,4.614,10.719*76
$GNGST,085239.90,0.010,0.004,0.004,29.2342,3.495,4.614,10.719*7A
$GNGST,085240.00,0.010,0.004,0.004,29.7817,3.495,4.614,10.719*73
$GNGST,085240.10,0.010,0.004,0.004,26.6675,3.495,4.614,10.719*76
$GNGST,085240.20,0.010,0.004,0.004,29.7809,3.495,4.614,10.719*7E
$GNGST,085240.30,0.010,0.004,0.004,28.9512,3.495,4.614,10.719*77
$GNGST,085240.40,0.010,0.004,0.004,29.5296,3.495,4.614,10.719*76
$GNGST,085240.50,0.010,0.004,0.004,27.2592,3.495,4.614,10.719*7D
$GNGST,085240.60,0.010,0.004,0.004,33.5830,3.495,4.614,10.719*79
$GNGST,085240.70,0.010,0.004,0.004,29.2349,3.495,4.614,10.719*71
$GNGST,085240.80,0.010,0.004,0.004,26.8204,3.495,4.614,10.719*73
$GNGST,085240.90,0.010,0.004,0.004,29.3291,3.495,4.614,10.719*7A
$GNGST,085241.00,0.010,0.004,0.004,29.8851,3.495,4.614,10.719*7F
$GNGST,085241.10,0.010,0.004,0.004,26.6057,3.495,4.614,10.719*71
$GNGST,085241.20,0.010,0.004,0.004,28.9892,3.495,4.614,10.719*72
$GNGST,085241.30,0.010,0.004,0.004,28.9228,3.495,4.614,10.719*78
$GNGST,085241.40,0.010,0.004,0.004,28.7654,3.495,4.614,10.719*7E
$GNGST,085241.50,0.010,0.004,0.004,28.6657,3.495,4.614,10.719*7D
$GNGST,085241.60,0.010,0.004,0.004,28.6652,3.495,4.614,10.719*7B
$GNGST,085241.70,0.010,0.004,0.004,26.4430,3.495,4.614,10.719*70
$GNGST,085241.80,0.010,0.004,0.004,28.7078,3.495,4.614,10.719*7A
$GNGST,085241.90,0.010,0.004,0.004,28.8207,3.495,4.614,10.719*7E
$GNGST,085242.00,0.010,0.004,0.004,28.8035,3.495,4.614,10.719*77
$GNGST,085242.10,0.010,0.004,0.004,28.7535,3.495,4.614,10.719*7C
$GNGST,085242.20,0.010,0.004,0.004,28.7686,3.495,4.614,10.719*74
$GNGST,085242.30,0.010,0.004,0.004,28.7857,3.495,4.614,10.719*77
$GNGST,085242.40,0.010,0.004,0.004,28.6641,3.495,4.614,10.719*78
$GNGST,085242.50,0.010,0.004,0.004,30.0639,3.495,4.614,10.719*79
$GNGST,085242.60,0.010,0.004,0.004,28.0421,3.495,4.614,10.719*78
$GNGST,085242.70,0.010,0.004,0.004,28.1415,3.495,4.614,10.719*7F
$GNGST,085242.80,0.010,0.004,0.004,27.8145,3.495,4.614,10.719*76
$GNGST,085242.90,0.009,0.004,0.004,20.6706,3.495,4.614,10.719*77
$GNGST,085243.00,0.010,0.004,0.004,28.1991,3.495,4.614,10.719*78
$GNGST,085243.10,0.010,0.004,0.004,28.0385,3.495,4.614,10.719*77
$GNGST,085243.20,0.010,0.004,0.004,27.5935,3.495,4.614,10.719*7F
$GNGST,085243.30,0.010,0.004,0.004,26.3565,3.495,4.614,10.719*70
$GNGST,085243.40,0.010,0.004,0.004,28.0703,3.495,4.614,10.719*78
$GNGST,085243.50,0.010,0.004,0.004,28.1970,3.495,4.614,10.719*72
$GNGST,085243.60,0.010,0.004,0.004,28.1966,3.495,4.614,10.719*76
$GNGST,085243.70,0.010,0.004,0.004,26.1993,3.495,4.614,10.719*73
$GNGST,085243.80,0.010,0.004,0.004,28.0489,3.495,4.614,10.719*75
$GNGST,085243.90,0.010,0.004,0.004,28.0096,3.495,4.614,10.719*7E
$GNGST,085244.00,0.010,0.004,0.004,28.0092,3.495,4.614,10.719*74
$GNGST,085244.10,0.010,0.004,0.004,26.3966,3.495,4.614,10.719*7A
$GNGST,085244.20,0.010,0.004,0.004,26.8880,3.495,4.614,10.719*7B
$GNGST,085244.30,0.010,0.004,0.004,28.4388,3.495,4.614,10.719*7B
$GNGST,085244.40,0.010,0.004,0.004,25.1571,3.495,4.614,10.719*74
$GNGST,085244.50,0.010,0.004,0.004,25.2994,3.495,4.614,10.719*71
$GNGST,085244.60,0.010,0.004,0.004,26.1751,3.495,4.614,10.719*75
$GNGST,085244.70,0.010,0.004,0.004,28.3952,3.495,4.614,10.719*75
$GNGST,085244.80,0.010,0.004,0.004,28.5818,3.495,4.614,10.719*73
$GNGST,085244.90,0.010,0.004,0.004,28.6556,3.495,4.614,10.719*76
$GNGST,085245.00,0.010,0.004,0.004,28.9580,3.495,4.614,10.719*7A
$GNGST,085245.10,0.010,0.004,0.004,28.6248,3.495,4.614,10.719*77
$GNGST,085245.20,0.010,0.004,0.004,28.5286,3.495,4.614,10.719*75
$GNGST,085245.30,0.010,0.004,0.004,24.9103,3.495,4.614,10.719*7A
$GNGST,085245.40,0.010,0.004,0.004,28.5278,3.495,4.614,10.719*72
$GNGST,085245.50,0.010,0.004,0.004,28.5273,3.495,4.614,10.719*78
$GNGST,085245.60,0.010,0.004,0.004,26.4847,3.495,4.614,10.719*79
$GNGST,085245.70,0.010,0.004,0.004,27.7621,3.495,4.614,10.719*74
$GNGST,085245.80,0.010,0.004,0.004,28.7027,3.495,4.614,10.719*74
$GNGST,085245.90,0.010,0.004,0.004,28.6176,3.495,4.614,10.719*71
$GNGST,085246.00,0.010,0.004,0.004,29.1315,3.495,4.614,10.719*7A
$GNGST,085246.10,0.010,0.004,0.004,28.9781,3.495,4.614,10.719*7B
$GNGST,085246.20,0.010,0.004,0.004,29.3232,3.495,4.614,10.719*7E
$GNGST,085246.30,0.010,0.004,0.004,26.3994,3.495,4.614,10.719*77
$GNGST,085246.40,0.010,0.004,0.004,30.5651,3.495,4.614,10.719*77
$GNGST,085246.50,0.010,0.004,0.004,26.5082,3.495,4.614,10.719*79
$GNGST,085246.60,0.010,0.004,0.004,26.6055,3.495,4.614,10.719*73
$GNGST,085246.70,0.010,0.004,0.004,28.7747,3.495,4.614,10.719*79
$GNGST,085246.80,0.010,0.004,0.004,26.2635,3.495,4.614,10.719*79
$GNGST,085246.90,0.010,0.004,0.004,26.1988,3.495,4.614,10.719*72
$GNGST,085247.00,0.010,0.004,0.004,26.1982,3.495,4.614,10.719*70
$GNGST,085247.10,0.010,0.004,0.004,26.1061,3.495,4.614,10.719*75
$GNGST,085247.20,0.010,0.004,0.004,28.5669,3.495,4.614,10.719*72
$GNGST,085247.30,0.010,0.004,0.004,28.5664,3.495,4.614,10.719*7E
$GNGST,085247.40,0.010,0.004,0.004,26.1042,3.495,4.614,10.719*71
$GNGST,085247.50,0.010,0.004,0.004,26.4611,3.495,4.614,10.719*75
$GNGST,085247.60,0.010,0.004,0.004,26.3287,3.495,4.614,10.719*7A
$GNGST,085247.70,0.010,0.004,0.004,27.8302,3.495,4.614,10.719*7D
$GNGST,085247.80,0.010,0.004,0.004,27.8297,3.495,4.614,10.719*7F
$GNGST,085247.90,0.010,0.004,0.004,27.5387,3.495,4.614,10.719*73
$GNGST,085248.00,0.010,0.004,0.004,27.9706,3.495,4.614,10.719*74
$GNGST,085248.10,0.010,0.004,0.004,28.0605,3.495,4.614,10.719*71
$GNGST,085248.20,0.010,0.004,0.004,27.9697,3.495,4.614,10.719*7F
$GNGST,085248.30,0.010,0.004,0.004,27.9692,3.495,4.614,10.719*7B
$GNGST,085248.40,0.010,0.004,0.004,27.9778,3.495,4.614,10.719*79
$GNGST,085248.50,0.010,0.004,0.004,25.8644,3.495,4.614,10.719*75
$GNGST,085248.60,0.010,0.004,0.004,28.3226,3.495,4.614,10.719*70
$GNGST,085248.70,0.010,0.004,0.004,27.6031,3.495,4.614,10.719*7F
$GNGST,085248.80,0.010,0.004,0.004,27.8969,3.495,4.614,10.719*7A
$GNGST,085248.90,0.010,0.004,0.004,25.7315,3.495,4.614,10.719*77
$GNGST,085249.00,0.010,0.004,0.004,25.6191,3.495,4.614,10.719*70
$GNGST,085249.10,0.010,0.004,0.004,25.9160,3.495,4.614,10.719*70
$GNGST,085249.20,0.010,0.004,0.004,25.6178,3.495,4.614,10.719*75
$GNGST,085249.30,0.010,0.004,0.004,25.5716,3.495,4.614,10.719*79
$GNGST,085249.40,0.010,0.004,0.004,25.9140,3.495,4.614,10.719*77
$GNGST,085249.50,0.010,0.004,0.004,25.8456,3.495,4.614,10.719*75
$GNGST,085249.60,0.010,0.004,0.004,25.7269,3.495,4.614,10.719*73
$GNGST,085249.70,0.010,0.004,0.004,27.7200,3.495,4.614,10.719*7F
$GNGST,085249.80,0.010,0.004,0.004,27.6096,3.495,4.614,10.719*7C
$GNGST,085249.90,0.010,0.004,0.004,27.8947,3.495,4.614,10.719*76
$GNGST,085250.00,0.010,0.004,0.004,27.8040,3.495,4.614,10.719*79
$GNGST,085250.10,0.010,0.004,0.004,28.0328,3.495,4.614,10.719*72
$GNGST,085250.20,0.010,0.004,0.004,27.5221,3.495,4.614,10.719*73
$GNGST,085250.30,0.010,0.004,0.004,27.7125,3.495,4.614,10.719*77
$GNGST,085250.40,0.010,0.004,0.004,27.5211,3.495,4.614,10.719*76
$GNGST,085250.50,0.010,0.004,0.004,28.3074,3.495,4.614,10.719*7F
$GNGST,085250.60,0.010,0.004,0.004,28.2005,3.495,4.614,10.719*7B
$GNGST,085250.70,0.010,0.004,0.004,28.5885,3.495,4.614,10.719*7D
$GNGST,085250.80,0.010,0.004,0.004,27.6488,3.495,4.614,10.719*7F
$GNGST,085250.90,0.010,0.004,0.004,25.0499,3.495,4.614,10.719*7A
$GNGST,085251.00,0.010,0.004,0.004,28.2401,3.495,4.614,10.719*7C
$GNGST,085251.10,0.010,0.004,0.004,27.8961,3.495,4.614,10.719*73
$GNGST,085251.20,0.010,0.004,0.004,28.5343,3.495,4.614,10.719*78
$GNGST,085251.30,0.010,0.004,0.004,28.5337,3.495,4.614,10.719*7A
$GNGST,085251.40,0.010,0.004,0.004,26.3853,3.495,4.614,10.719*7C
$GNGST,085251.50,0.010,0.004,0.004,28.5334,3.495,4.614,10.719*7F
$GNGST,085251.60,0.010,0.004,0.004,28.6052,3.495,4.614,10.719*7C
$GNGST,085251.70,0.010,0.004,0.004,28.0698,3.495,4.614,10.719*7B
$GNGST,085251.80,0.010,0.004,0.004,28.5636,3.495,4.614,10.719*75
$GNGST,085251.90,0.010,0.004,0.004,28.3650,3.495,4.614,10.719*72
$GNGST,085252.00,0.010,0.004,0.004,28.0210,3.495,4.614,10.719*7B
$GNGST,085252.10,0.010,0.004,0.004,28.6317,3.495,4.614,10.719*7A
$GNGST,085252.20,0.010,0.004,0.004,28.5732,3.495,4.614,10.719*79
$GNGST,085252.30,0.010,0.004,0.004,28.9231,3.495,4.614,10.719*72
$GNGST,085252.40,0.010,0.004,0.004,28.7342,3.495,4.614,10.719*7E
$GNGST,085252.50,0.010,0.004,0.004,29.2213,3.495,4.614,10.719*7E
$GNGST,085252.60,0.010,0.004,0.004,29.0652,3.495,4.614,10.719*7E
$GNGST,085252.70,0.010,0.004,0.004,29.2305,3.495,4.614,10.719*7A
$GNGST,085252.80,0.010,0.004,0.004,28.6102,3.495,4.614,10.719*75
$GNGST,085252.90,0.010,0.004,0.004,28.7911,3.495,4.614,10.719*7F
$GNGST,085253.00,0.010,0.004,0.004,29.6252,3.495,4.614,10.719*7B
$GNGST,085253.10,0.010,0.004,0.004,29.3842,3.495,4.614,10.719*74
$GNGST,085253.20,0.010,0.004,0.004,29.5086,3.495,4.614,10.719*71
$GNGST,085253.30,0.010,0.004,0.004,29.6236,3.495,4.614,10.719*7A
$GNGST,085253.40,0.010,0.004,0.004,29.9053,3.495,4.614,10.719*73
$GNGST,085253.50,0.010,0.004,0.004,29.4659,3.495,4.614,10.719*73
$GNGST,085253.60,0.010,0.004,0.004,30.0372,3.495,4.614,10.719*70
$GNGST,085253.70,0.010,0.004,0.004,28.9611,3.495,4.614,10.719*71
$GNGST,085253.80,0.010,0.004,0.004,29.2509,3.495,4.614,10.719*7E
$GNGST,085253.90,0.010,0.004,0.004,29.1958,3.495,4.614,10.719*74
$GNGST,085254.00,0.010,0.004,0.004,28.9346,3.495,4.614,10.719*76
$GNGST,085254.10,0.010,0.004,0.004,29.1949,3.495,4.614,10.719*7B
$GNGST,085254.20,0.010,0.004,0.004,29.1944,3.495,4.614,10.719*75
$GNGST,085254.30,0.010,0.004,0.004,32.1530,3.495,4.614,10.719*71
$GNGST,085254.40,0.010,0.004,0.004,26.5968,3.495,4.614,10.719*76
$GNGST,085254.50,0.010,0.004,0.004,26.9769,3.495,4.614,10.719*74
$GNGST,085254.60,0.010,0.004,0.004,26.7443,3.495,4.614,10.719*72
$GNGST,085254.70,0.010,0.004,0.004,26.5063,3.495,4.614,10.719*77
$GNGST,085254.80,0.010,0.004,0.004,25.9872,3.495,4.614,10.719*7F
$GNGST,085254.90,0.010,0.004,0.004,25.9866,3.495,4.614,10.719*7B
$GNGST,085255.00,0.010,0.004,0.004,26.5095,3.495,4.614,10.719*78
$GNGST,085255.10,0.010,0.004,0.004,26.8801,3.495,4.614,10.719*71
$GNGST,085255.20,0.010,0.004,0.004,26.8796,3.495,4.614,10.719*73
$GNGST,085255.30,0.010,0.004,0.004,27.0685,3.495,4.614,10.719*78
$GNGST,085255.40,0.010,0.004,0.004,26.8784,3.495,4.614,10.719*76
$GNGST,085255.50,0.010,0.004,0.004,30.2754,3.495,4.614,10.719*77
$GNGST,085255.60,0.010,0.004,0.004,34.1896,3.495,4.614,10.719*72
$GNGST,085255.70,0.010,0.004,0.004,29.5177,3.495,4.614,10.719*7D
$GNGST,085255.80,0.010,0.004,0.004,33.8760,3.495,4.614,10.719*74
$GNGST,085255.90,0.010,0.004,0.004,29.0453,3.495,4.614,10.719*75
$GNGST,085256.00,0.010,0.004,0.004,34.7665,3.495,4.614,10.719*73
$GNGST,085256.10,0.010,0.004,0.004,34.5034,3.495,4.614,10.719*72
$GNGST,085256.20,0.010,0.004,0.004,34.5032,3.495,4.614,10.719*77
$GNGST,085256.30,0.010,0.004,0.004,29.2066,3.495,4.614,10.719*7C
$GNGST,085256.40,0.010,0.004,0.004,29.4438,3.495,4.614,10.719*72
$GNGST,085256.50,0.010,0.004,0.004,34.5112,3.495,4.614,10.719*73
$GNGST,085256.60,0.010,0.004,0.004,34.5110,3.495,4.614,10.719*72
$GNGST,085256.70,0.010,0.004,0.004,34.5108,3.495,4.614,10.719*7A
$GNGST,085256.80,0.010,0.004,0.004,29.9324,3.495,4.614,10.719*79
$GNGST,085256.90,0.010,0.004,0.004,29.9430,3.495,4.614,10.719*7A
$GNGST,085257.00,0.010,0.004,0.004,30.2979,3.495,4.614,10.719*71
$GNGST,085257.10,0.010,0.004,0.004,29.9421,3.495,4.614,10.719*73
$GNGST,085257.20,0.010,0.004,0.004,30.2970,3.495,4.614,10.719*7A
$GNGST,085257.30,0.010,0.004,0.004,27.4007,3.495,4.614,10.719*72
$GNGST,085257.40,0.010,0.004,0.004,30.2961,3.495,4.614,10.719*7C
$GNGST,085257.50,0.010,0.004,0.004,27.7688,3.495,4.614,10.719*76
$GNGST,085257.60,0.010,0.004,0.004,30.7361,3.495,4.614,10.719*71
$GNGST,085257.70,0.010,0.004,0.004,30.4351,3.495,4.614,10.719*70
$GNGST,085257.80,0.010,0.004,0.004,29.0261,3.495,4.614,10.719*71
$GNGST,085257.90,0.010,0.004,0.004,29.2261,3.495,4.614,10.719*72
$GNGST,085258.00,0.010,0.004,0.004,27.0934,3.495,4.614,10.719*73
$GNGST,085258.10,0.010,0.004,0.004,28.8343,3.495,4.614,10.719*7F
$GNGST,085258.20,0.010,0.004,0.004,29.1612,3.495,4.614,10.719*75
$GNGST,085258.30,0.010,0.004,0.004,29.6566,3.495,4.614,10.719*73
$GNGST,085258.40,0.010,0.004,0.004,27.2622,3.495,4.614,10.719*7D
$GNGST,085258.50,0.010,0.004,0.004,30.0957,3.495,4.614,10.719*75
$GNGST,085258.60,0.010,0.004,0.004,32.4049,3.495,4.614,10.719*76
$GNGST,085258.70,0.010,0.004,0.004,27.3472,3.495,4.614,10.719*78
$GNGST,085258.80,0.010,0.004,0.004,27.3872,3.495,4.614,10.719*7B
$GNGST,085258.90,0.010,0.004,0.004,27.8329,3.495,4.614,10.719*74
$GNGST,085259.00,0.010,0.004,0.004,28.3841,3.495,4.614,10.719*7D
$GNGST,085259.10,0.010,0.004,0.004,28.3836,3.495,4.614,10.719*7C
$GNGST,085259.20,0.010,0.004,0.004,25.8979,3.495,4.614,10.719*73
$GNGST,085259.30,0.010,0.004,0.004,25.8973,3.495,4.614,10.719*78
$GNGST,085259.40,0.010,0.004,0.004,28.0989,3.495,4.614,10.719*7F
$GNGST,085259.50,0.010,0.004,0.004,25.6538,3.495,4.614,10.719*73
$GNGST,085259.60,0.010,0.004,0.004,27.9882,3.495,4.614,10.719*71
$GNGST,085259.70,0.010,0.004,0.004,26.1715,3.495,4.614,10.719*78
$GNGST,085259.80,0.010,0.004,0.004,28.0065,3.495,4.614,10.719*78
$GNGST,085259.90,0.010,0.004,0.004,26.3291,3.495,4.614,10.719*7D
$GNGST,085300.00,0.010,0.004,0.004,26.1851,3.495,4.614,10.719*7D
$GNGST,085300.10,0.010,0.004,0.004,27.9767,3.495,4.614,10.719*7F
$GNGST,085300.20,0.010,0.004,0.004,28.4478,3.495,4.614,10.719*73
$GNGST,085300.30,0.010,0.004,0.004,26.5826,3.495,4.614,10.719*7A
$GNGST,085300.40,0.010,0.004,0.004,26.6342,3.495,4.614,10.719*77
$GNGST,085300.50,0.010,0.004,0.004,26.5814,3.495,4.614,10.719*7D
$GNGST,085300.60,0.010,0.004,0.004,26.1807,3.495,4.614,10.719*78
$GNGST,085300.70,0.010,0.004,0.004,26.6324,3.495,4.614,10.719*74
$GNGST,085300.80,0.010,0.004,0.004,27.9462,3.495,4.614,10.719*70
$GNGST,085300.90,0.010,0.004,0.004,28.3808,3.495,4.614,10.719*74
$GNGST,085301.00,0.010,0.004,0.004,28.3803,3.495,4.614,10.719*77
$GNGST,085301.10,0.010,0.004,0.004,28.4876,3.495,4.614,10.719*73
$GNGST,085301.20,0.010,0.004,0.004,28.0856,3.495,4.614,10.719*76
$GNGST,085301.30,0.010,0.004,0.004,29.4637,3.495,4.614,10.719*7B
$GNGST,085301.40,0.010,0.004,0.004,29.3561,3.495,4.614,10.719*7B
$GNGST,085301.50,0.010,0.004,0.004,28.4613,3.495,4.614,10.719*7A
$GNGST,085301.60,0.010,0.004,0.004,28.5106,3.495,4.614,10.719*7B
$GNGST,085301.70,0.010,0.004,0.004,28.8890,3.495,4.614,10.719*71
$GNGST,085301.80,0.010,0.004,0.004,28.8491,3.495,4.614,10.719*73
$GNGST,085301.90,0.010,0.004,0.004,28.4601,3.495,4.614,10.719*75
$GNGST,085302.00,0.010,0.004,0.004,28.7939,3.495,4.614,10.719*78
$GNGST,085302.10,0.010,0.004,0.004,28.8774,3.495,4.614,10.719*71
$GNGST,085302.20,0.010,0.004,0.004,29.0097,3.495,4.614,10.719*71
$GNGST,085302.30,0.010,0.004,0.004,29.2202,3.495,4.614,10.719*7C
$GNGST,085302.40,0.010,0.004,0.004,28.1190,3.495,4.614,10.719*71
$GNGST,085302.50,0.010,0.004,0.004,28.8440,3.495,4.614,10.719*71
$GNGST,085302.60,0.010,0.004,0.004,28.4542,3.495,4.614,10.719*7D
$GNGST,085302.70,0.010,0.004,0.004,28.4538,3.495,4.614,10.719*71
$GNGST,085302.80,0.010,0.004,0.004,28.9101,3.495,4.614,10.719*7D
$GNGST,085302.90,0.010,0.004,0.004,28.5235,3.495,4.614,10.719*74
$GNGST,085303.00,0.010,0.004,0.004,28.5231,3.495,4.614,10.719*78
$GNGST,085303.10,0.010,0.004,0.004,28.7595,3.495,4.614,10.719*72
$GNGST,085303.20,0.010,0.004,0.004,28.5222,3.495,4.614,10.719*78
$GNGST,085303.30,0.010,0.004,0.004,28.9305,3.495,4.614,10.719*71
$GNGST,085303.40,0.010,0.004,0.004,28.5214,3.495,4.614,10.719*7B
$GNGST,085303.50,0.010,0.004,0.004,28.4811,3.495,4.614,10.719*74
$GNGST,085303.60,0.010,0.004,0.004,27.9785,3.495,4.614,10.719*77
$GNGST,085303.70,0.010,0.004,0.004,27.2540,3.495,4.614,10.719*76
$GNGST,085303.80,0.010,0.004,0.004,27.1297,3.495,4.614,10.719*77
$GNGST,085303.90,0.010,0.004,0.004,27.3025,3.495,4.614,10.719*7F
$GNGST,085304.00,0.010,0.004,0.004,27.1285,3.495,4.614,10.719*7B
$GNGST,085304.10,0.010,0.004,0.004,27.3001,3.495,4.614,10.719*76
$GNGST,085304.20,0.010,0.004,0.004,27.2541,3.495,4.614,10.719*75
$GNGST,085304.30,0.010,0.004,0.004,27.2536,3.495,4.614,10.719*74
$GNGST,085304.40,0.010,0.004,0.004,27.2530,3.495,4.614,10.719*75
$GNGST,085304.50,0.010,0.004,0.004,27.5693,3.495,4.614,10.719*79
$GNGST,085304.60,0.010,0.004,0.004,27.2152,3.495,4.614,10.719*77
$GNGST,085304.70,0.010,0.004,0.004,27.8816,3.495,4.614,10.719*75
$GNGST,085304.80,0.010,0.004,0.004,27.5450,3.495,4.614,10.719*79
$GNGST,085304.90,0.010,0.004,0.004,27.5915,3.495,4.614,10.719*74
$GNGST,085305.00,0.010,0.004,0.004,27.5910,3.495,4.614,10.719*79
$GNGST,085305.10,0.010,0.004,0.004,25.4513,3.495,4.614,10.719*74
$GNGST,085305.20,0.010,0.004,0.004,27.5899,3.495,4.614,10.719*7B
$GNGST,085305.30,0.010,0.004,0.004,27.5894,3.495,4.614,10.719*77
$GNGST,085305.40,0.010,0.004,0.004,27.5036,3.495,4.614,10.719*70
$GNGST,085305.50,0.010,0.004,0.004,25.2132,3.495,4.614,10.719*71
$GNGST,085305.60,0.010,0.004,0.004,25.3141,3.495,4.614,10.719*77
$GNGST,085305.70,0.010,0.004,0.004,25.3494,3.495,4.614,10.719*7B
$GNGST,085305.80,0.010,0.004,0.004,30.7547,3.495,4.614,10.719*7B
$GNGST,085305.90,0.010,0.004,0.004,27.1987,3.495,4.614,10.719*7A
$GNGST,085306.00,0.010,0.004,0.004,27.2675,3.495,4.614,10.719*71
$GNGST,085306.10,0.010,0.004,0.004,27.1490,3.495,4.614,10.719*7A
$GNGST,085306.20,0.010,0.004,0.004,27.1485,3.495,4.614,10.719*7D
$GNGST,085306.30,0.010,0.004,0.004,30.7829,3.495,4.614,10.719*76
$GNGST,085306.40,0.010,0.004,0.004,27.1005,3.495,4.614,10.719*77
$GNGST,085306.50,0.010,0.004,0.004,30.5815,3.495,4.614,10.719*7D
$GNGST,085306.60,0.010,0.004,0.004,27.2643,3.495,4.614,10.719*72
$GNGST,085306.70,0.010,0.004,0.004,27.2638,3.495,4.614,10.719*7F
$GNGST,085306.80,0.010,0.004,0.004,27.2633,3.495,4.614,10.719*7B
$GNGST,085306.90,0.010,0.004,0.004,26.2897,3.495,4.614,10.719*7B
$GNGST,085307.00,0.010,0.004,0.004,28.1714,3.495,4.614,10.719*7A
$GNGST,085307.10,0.010,0.004,0.004,27.3156,3.495,4.614,10.719*76
$GNGST,085307.20,0.010,0.004,0.004,27.2868,3.495,4.614,10.719*70
$GNGST,085307.30,0.010,0.004,0.004,27.6587,3.495,4.614,10.719*79
$GNGST,085307.40,0.010,0.004,0.004,25.2261,3.495,4.614,10.719*77
$GNGST,085307.50,0.010,0.004,0.004,27.2371,3.495,4.614,10.719*74
$GNGST,085307.60,0.010,0.004,0.004,28.5986,3.495,4.614,10.719*7D
$GNGST,085307.70,0.010,0.004,0.004,27.3254,3.495,4.614,10.719*71
$GNGST,085307.80,0.010,0.004,0.004,25.8442,3.495,4.614,10.719*76
$GNGST,085307.90,0.010,0.004,0.004,26.2204,3.495,4.614,10.719*7A
$GNGST,085308.00,0.010,0.004,0.004,24.9340,3.495,4.614,10.719*74
$GNGST,085308.10,0.010,0.004,0.004,24.7217,3.495,4.614,10.719*78
$GNGST,085308.20,0.010,0.004,0.004,26.1724,3.495,4.614,10.719*7A
$GNGST,085308.30,0.010,0.004,0.004,26.5406,3.495,4.614,10.719*7C
$GNGST,085308.40,0.010,0.004,0.004,28.1542,3.495,4.614,10.719*70
$GNGST,085308.50,0.010,0.004,0.004,27.0993,3.495,4.614,10.719*7F
$GNGST,085308.60,0.010,0.004,0.004,26.5378,3.495,4.614,10.719*77
$GNGST,085308.70,0.010,0.004,0.004,29.1306,3.495,4.614,10.719*74
$GNGST,085308.80,0.010,0.004,0.004,29.1870,3.495,4.614,10.719*71
$GNGST,085308.90,0.010,0.004,0.004,28.3417,3.495,4.614,10.719*7E
$GNGST,085309.00,0.010,0.004,0.004,28.3567,3.495,4.614,10.719*70
$GNGST,085309.10,0.010,0.004,0.004,29.2004,3.495,4.614,10.719*71
$GNGST,085309.20,0.010,0.004,0.004,27.4357,3.495,4.614,10.719*7F
$GNGST,085309.30,0.010,0.004,0.004,28.7729,3.495,4.614,10.719*7F
$GNGST,085309.40,0.010,0.004,0.004,28.3550,3.495,4.614,10.719*70
$GNGST,085309.50,0.010,0.004,0.004,28.6471,3.495,4.614,10.719*76
$GNGST,085309.60,0.010,0.004,0.004,27.4572,3.495,4.614,10.719*7A
$GNGST,085309.70,0.010,0.004,0.004,28.6132,3.495,4.614,10.719*76
$GNGST,085309.80,0.010,0.004,0.004,28.4955,3.495,4.614,10.719*72
$GNGST,085309.90,0.010,0.004,0.004,27.8210,3.495,4.614,10.719*7A
$GNGST,085310.00,0.010,0.004,0.004,27.5627,3.495,4.614,10.719*76
$GNGST,085310.10,0.010,0.004,0.004,28.4942,3.495,4.614,10.719*75
$GNGST,085310.20,0.010,0.004,0.004,28.4938,3.495,4.614,10.719*7B
$GNGST,085310.30,0.010,0.004,0.004,27.2559,3.495,4.614,10.719*78
$GNGST,085310.40,0.010,0.004,0.004,27.2414,3.495,4.614,10.719*77
$GNGST,085310.50,0.010,0.004,0.004,25.9552,3.495,4.614,10.719*7C
$GNGST,085310.60,0.010,0.004,0.004,27.0820,3.495,4.614,10.719*7C
$GNGST,085310.70,0.010,0.004,0.004,27.8039,3.495,4.614,10.719*75
$GNGST,085310.80,0.010,0.004,0.004,27.5016,3.495,4.614,10.719*7A
$GNGST,085310.90,0.010,0.004,0.004,26.8675,3.495,4.614,10.719*74
$GNGST,085311.00,0.010,0.004,0.004,27.8570,3.495,4.614,10.719*7B
$GNGST,085311.10,0.010,0.004,0.004,26.7399,3.495,4.614,10.719*75
$GNGST,085311.20,0.010,0.004,0.004,26.8661,3.495,4.614,10.719*7B
$GNGST,085311.30,0.010,0.004,0.004,26.8656,3.495,4.614,10.719*7E
$GNGST,085311.40,0.010,0.004,0.004,26.8652,3.495,4.614,10.719*7D
$GNGST,085311.50,0.010,0.004,0.004,27.6494,3.495,4.614,10.719*7B
$GNGST,085311.60,0.010,0.004,0.004,26.6782,3.495,4.614,10.719*7D
$GNGST,085311.70,0.010,0.004,0.004,27.1261,3.495,4.614,10.719*72
$GNGST,085311.80,0.010,0.004,0.004,28.0040,3.495,4.614,10.719*72
$GNGST,085311.90,0.010,0.004,0.004,27.0061,3.495,4.614,10.719*7F
$GNGST,085312.00,0.010,0.004,0.004,27.0056,3.495,4.614,10.719*71
$GNGST,085312.10,0.010,0.004,0.004,27.0269,3.495,4.614,10.719*7E
$GNGST,085312.20,0.010,0.004,0.004,26.8233,3.495,4.614,10.719*7B
$GNGST,085312.30,0.010,0.004,0.004,26.7628,3.495,4.614,10.719*7B
$GNGST,085312.40,0.010,0.004,0.004,27.4442,3.495,4.614,10.719*70
$GNGST,085312.50,0.010,0.004,0.004,27.1135,3.495,4.614,10.719*71
$GNGST,085312.60,0.010,0.004,0.004,26.6373,3.495,4.614,10.719*74
$GNGST,085312.70,0.011,0.005,0.004,31.9753,3.495,4.614,10.719*7A
$GNGST,085312.80,0.010,0.005,0.004,28.0172,3.495,4.614,10.719*70
$GNGST,085312.90,0.011,0.004,0.004,37.8880,3.495,4.614,10.719*73
$GNGST,085313.00,0.010,0.004,0.004,34.3625,3.495,4.614,10.719*73
$GNGST,085313.10,0.010,0.004,0.004,34.2537,3.495,4.614,10.719*73
$GNGST,085313.20,0.011,0.005,0.004,38.3337,3.495,4.614,10.719*7B
$GNGST,085313.30,0.011,0.005,0.004,39.2352,3.495,4.614,10.719*79
$GNGST,085313.40,0.010,0.005,0.004,36.9259,3.495,4.614,10.719*71
$GNGST,085313.50,0.011,0.004,0.004,32.6134,3.495,4.614,10.719*73
$GNGST,085313.60,0.012,0.005,0.004,17.7983,3.495,4.614,10.719*70
$GNGST,085313.70,0.010,0.004,0.004,28.9053,3.495,4.614,10.719*74
$GNGST,085313.80,0.010,0.004,0.004,38.6267,3.495,4.614,10.719*70
$GNGST,085313.90,0.011,0.005,0.004,37.9819,3.495,4.614,10.719*72
$GNGST,085314.00,0.011,0.005,0.004,47.9731,3.495,4.614,10.719*7E
$GNGST,085314.10,0.011,0.004,0.004,33.1385,3.495,4.614,10.719*7E
$GNGST,085314.20,0.011,0.005,0.004,31.9854,3.495,4.614,10.719*71
$GNGST,085314.30,0.011,0.004,0.004,34.9623,3.495,4.614,10.719*7A
$GNGST,085314.40,0.011,0.005,0.004,17.6428,3.495,4.614,10.719*7B
$GNGST,085314.50,0.011,0.005,0.004,9.9496,3.495,4.614,10.719*4F
$GNGST,085314.60,0.011,0.005,0.004,13.0530,3.495,4.614,10.719*73
$GNGST,085314.70,0.012,0.005,0.004,17.0127,3.495,4.614,10.719*77
$GNGST,085314.80,0.012,0.005,0.004,25.9925,3.495,4.614,10.719*7A
$GNGST,085314.90,0.012,0.005,0.004,22.4175,3.495,4.614,10.719*7C
$GNGST,085315.00,0.012,0.005,0.004,24.2326,3.495,4.614,10.719*70
$GNGST,085315.10,0.011,0.004,0.004,33.1896,3.495,4.614,10.719*76
$GNGST,085315.20,0.011,0.005,0.004,35.9507,3.495,4.614,10.719*7F
$GNGST,085315.30,0.011,0.005,0.004,39.8866,3.495,4.614,10.719*79
$GNGST,085315.40,0.011,0.005,0.004,22.5579,3.495,4.614,10.719*7A
$GNGST,085315.50,0.011,0.005,0.004,40.5724,3.495,4.614,10.719*75
$GNGST,085315.60,0.013,0.006,0.004,30.3814,3.495,4.614,10.719*7A
$GNGST,085315.70,0.012,0.005,0.004,20.9227,3.495,4.614,10.719*78
$GNGST,085315.80,0.011,0.004,0.004,30.3276,3.495,4.614,10.719*7A
$GNGST,085315.90,0.011,0.005,0.004,33.7855,3.495,4.614,10.719*76
$GNGST,085316.00,0.012,0.005,0.004,28.5771,3.495,4.614,10.719*7E
$GNGST,085316.10,0.012,0.005,0.004,31.0533,3.495,4.614,10.719*76
$GNGST,085316.20,0.011,0.005,0.004,12.3048,3.495,4.614,10.719*7D
$GNGST,085316.30,0.011,0.005,0.004,16.8115,3.495,4.614,10.719*7A
$GNGST,085316.40,0.011,0.005,0.004,25.4414,3.495,4.614,10.719*75
$GNGST,085316.50,0.011,0.005,0.004,25.8434,3.495,4.614,10.719*7A
$GNGST,085316.60,0.011,0.004,0.004,28.6283,3.495,4.614,10.719*71
$GNGST,085316.70,0.011,0.005,0.004,42.6291,3.495,4.614,10.719*7E
$GNGST,085316.80,0.010,0.004,0.004,26.0266,3.495,4.614,10.719*7D
$GNGST,085316.90,0.011,0.005,0.004,34.3173,3.495,4.614,10.719*7B
$GNGST,085317.00,0.011,0.005,0.004,41.9965,3.495,4.614,10.719*74
$GNGST,085317.10,0.012,0.005,0.004,33.9055,3.495,4.614,10.719*79
$GNGST,085317.20,0.011,0.005,0.004,40.7778,3.495,4.614,10.719*7B
$GNGST,085317.30,0.011,0.005,0.004,35.1836,3.495,4.614,10.719*7B
$GNGST,085317.40,0.012,0.005,0.004,21.7092,3.495,4.614,10.719*7A
$GNGST,085317.50,0.011,0.005,0.004,39.8474,3.495,4.614,10.719*72
$GNGST,085317.60,0.011,0.005,0.004,31.8117,3.495,4.614,10.719*79
$GNGST,085317.70,0.011,0.004,0.004,22.3486,3.495,4.614,10.719*7D
$GNGST,085317.80,0.012,0.005,0.004,19.0002,3.495,4.614,10.719*73
$GNGST,085317.90,0.012,0.005,0.004,32.2281,3.495,4.614,10.719*70
$GNGST,085318.00,0.011,0.005,0.004,39.4177,3.495,4.614,10.719*72
$GNGST,085318.10,0.011,0.005,0.004,34.3628,3.495,4.614,10.719*74
$GNGST,085318.20,0.011,0.004,0.004,40.3735,3.495,4.614,10.719*78
$GNGST,085318.30,0.011,0.004,0.004,40.3733,3.495,4.614,10.719*7F
$GNGST,085318.40,0.011,0.005,0.004,54.0834,3.495,4.614,10.719*77
$GNGST,085318.50,0.011,0.005,0.004,48.7797,3.495,4.614,10.719*7A
$GNGST,085318.60,0.010,0.004,0.004,49.4577,3.495,4.614,10.719*77
$GNGST,085318.70,0.012,0.006,0.004,30.4448,3.495,4.614,10.719*75
$GNGST,085318.80,0.011,0.005,0.004,33.9399,3.495,4.614,10.719*7F
$GNGST,085318.90,0.013,0.006,0.004,27.5854,3.495,4.614,10.719*7C
$GNGST,085319.00,0.010,0.005,0.004,25.5502,3.495,4.614,10.719*78
$GNGST,085319.10,0.010,0.004,0.004,30.8714,3.495,4.614,10.719*74
$GNGST,085319.20,0.010,0.004,0.004,30.8710,3.495,4.614,10.719*73
$GNGST,085319.30,0.011,0.005,0.004,28.2206,3.495,4.614,10.719*73
$GNGST,085319.40,0.010,0.004,0.004,30.8702,3.495,4.614,10.719*76
$GNGST,085319.50,0.010,0.004,0.004,30.8698,3.495,4.614,10.719*75
$GNGST,085319.60,0.010,0.004,0.004,40.1820,3.495,4.614,10.719*75
$GNGST,085319.70,0.010,0.004,0.004,31.3184,3.495,4.614,10.719*77
$GNGST,085319.80,0.010,0.004,0.004,30.8686,3.495,4.614,10.719*77
$GNGST,085319.90,0.011,0.005,0.004,22.5594,3.495,4.614,10.719*78
$GNGST,085320.00,0.010,0.004,0.004,32.4133,3.495,4.614,10.719*72
$GNGST,085320.10,0.011,0.004,0.004,39.1389,3.495,4.614,10.719*7F
$GNGST,085320.20,0.011,0.004,0.004,29.6611,3.495,4.614,10.719*7E
$GNGST,085320.30,0.011,0.005,0.004,17.4867,3.495,4.614,10.719*7E
$GNGST,085320.40,0.010,0.004,0.004,31.5332,3.495,4.614,10.719*77
$GNGST,085320.50,0.010,0.004,0.004,31.5840,3.495,4.614,10.719*78
$GNGST,085320.60,0.011,0.004,0.004,27.5683,3.495,4.614,10.719*7C
$GNGST,085320.70,0.010,0.004,0.004,32.2694,3.495,4.614,10.719*79
$GNGST,085320.80,0.010,0.004,0.004,33.5867,3.495,4.614,10.719*72
$GNGST,085320.90,0.011,0.004,0.004,21.2856,3.495,4.614,10.719*74
$GNGST,085321.00,0.010,0.004,0.004,32.3919,3.495,4.614,10.719*74
$GNGST,085321.10,0.010,0.004,0.004,31.4505,3.495,4.614,10.719*70
$GNGST,085321.20,0.010,0.004,0.004,31.9292,3.495,4.614,10.719*77
$GNGST,085321.30,0.010,0.004,0.004,38.5033,3.495,4.614,10.719*7A
$GNGST,085321.40,0.011,0.005,0.004,30.2673,3.495,4.614,10.719*70
$GNGST,085321.50,0.010,0.004,0.004,37.7845,3.495,4.614,10.719*78
$GNGST,085321.60,0.010,0.004,0.004,31.9014,3.495,4.614,10.719*7F
$GNGST,085321.70,0.010,0.004,0.004,27.5895,3.495,4.614,10.719*74
$GNGST,085321.80,0.011,0.005,0.004,29.7507,3.495,4.614,10.719*71
$GNGST,085321.90,0.011,0.005,0.004,32.9148,3.495,4.614,10.719*7B
$GNGST,085322.00,0.011,0.005,0.004,35.5983,3.495,4.614,10.719*75
$GNGST,085322.10,0.010,0.005,0.004,28.5197,3.495,4.614,10.719*74
$GNGST,085322.20,0.011,0.005,0.004,31.6385,3.495,4.614,10.719*7C
$GNGST,085322.30,0.011,0.004,0.004,50.5226,3.495,4.614,10.719*70
$GNGST,085322.40,0.011,0.005,0.004,45.9909,3.495,4.614,10.719*78
$GNGST,085322.50,0.010,0.004,0.004,18.6976,3.495,4.614,10.719*76
$GNGST,085322.60,0.011,0.005,0.004,25.2282,3.495,4.614,10.719*7F
$GNGST,085322.70,0.011,0.005,0.004,30.4006,3.495,4.614,10.719*72
$GNGST,085322.80,0.012,0.005,0.004,32.3918,3.495,4.614,10.719*7D
$GNGST,085322.90,0.010,0.005,0.004,28.9504,3.495,4.614,10.719*7E
$GNGST,085323.00,0.011,0.005,0.004,69.4806,3.495,4.614,10.719*70
$GNGST,085323.10,0.011,0.005,0.004,16.8539,3.495,4.614,10.719*74
$GNGST,085323.20,0.010,0.004,0.004,18.1038,3.495,4.614,10.719*74
$GNGST,085323.30,0.010,0.004,0.004,28.0357,3.495,4.614,10.719*7D
$GNGST,085323.40,0.010,0.005,0.004,23.9968,3.495,4.614,10.719*7F
$GNGST,085323.50,0.011,0.004,0.004,13.4204,3.495,4.614,10.719*71
$GNGST,085323.60,0.011,0.005,0.004,7.8474,3.495,4.614,10.719*4B
$GNGST,085323.70,0.010,0.004,0.004,29.7061,3.495,4.614,10.719*79
$GNGST,085323.80,0.011,0.005,0.004,44.9776,3.495,4.614,10.719*72
$GNGST,085323.90,0.012,0.005,0.004,25.0157,3.495,4.614,10.719*7B
$GNGST,085324.00,0.011,0.004,0.004,-14.7155,3.495,4.614,10.719*5D
$GNGST,085324.10,0.011,0.004,0.004,15.9868,3.495,4.614,10.719*79
$GNGST,085324.20,0.010,0.005,0.004,21.8910,3.495,4.614,10.719*72
$GNGST,085324.30,0.014,0.006,0.005,8.7836,3.495,4.614,10.719*44
$GNGST,085324.40,0.011,0.005,0.004,9.8956,3.495,4.614,10.719*4D
$GNGST,085324.50,0.010,0.004,0.004,71.6593,3.495,4.614,10.719*78
$GNGST,085324.60,0.012,0.005,0.004,35.4067,3.495,4.614,10.719*74
$GNGST,085324.70,0.010,0.004,0.004,31.6130,3.495,4.614,10.719*73
$GNGST,085324.80,0.011,0.005,0.004,32.9007,3.495,4.614,10.719*75
$GNGST,085324.90,0.011,0.005,0.004,18.5955,3.495,4.614,10.719*7E
$GNGST,085325.00,0.011,0.004,0.004,-63.2950,3.495,4.614,10.719*54
$GNGST,085325.10,0.011,0.005,0.004,25.2067,3.495,4.614,10.719*76
$GNGST,085325.20,0.010,0.004,0.004,15.4534,3.495,4.614,10.719*73
$GNGST,085325.30,0.011,0.005,0.004,30.1234,3.495,4.614,10.719*77
$GNGST,085325.40,0.012,0.005,0.004,49.7245,3.495,4.614,10.719*7D
$GNGST,085325.50,0.012,0.005,0.005,11.7434,3.495,4.614,10.719*70
$GNGST,085325.60,0.011,0.005,0.004,29.8588,3.495,4.614,10.719*73
$GNGST,085325.70,0.012,0.005,0.005,-43.8081,3.495,4.614,10.719*5D
$GNGST,085325.80,0.011,0.005,0.004,31.9442,3.495,4.614,10.719*72
$GNGST,085325.90,0.012,0.005,0.004,22.5329,3.495,4.614,10.719*74
$GNGST,085326.00,0.011,0.004,0.004,42.3108,3.495,4.614,10.719*7D
$GNGST,085326.10,0.011,0.005,0.004,-63.1886,3.495,4.614,10.719*5E
$GNGST,085326.20,0.011,0.005,0.004,27.5970,3.495,4.614,10.719*7C
$GNGST,085326.30,0.012,0.005,0.005,69.6625,3.495,4.614,10.719*79
$GNGST,085326.40,0.011,0.005,0.004,7.4511,3.495,4.614,10.719*42
$GNGST,085326.50,0.011,0.004,0.004,19.6324,3.495,4.614,10.719*7F
$GNGST,085326.60,0.011,0.005,0.004,19.9461,3.495,4.614,10.719*74
$GNGST,085326.70,0.012,0.005,0.004,40.2049,3.495,4.614,10.719*7F
$GNGST,085326.80,0.011,0.005,0.004,34.0850,3.495,4.614,10.719*72
$GNGST,085326.90,0.012,0.005,0.004,35.5354,3.495,4.614,10.719*7B
$GNGST,085327.00,0.012,0.005,0.004,30.4762,3.495,4.614,10.719*76
$GNGST,085327.10,0.010,0.004,0.004,33.9558,3.495,4.614,10.719*71
$GNGST,085327.20,0.011,0.005,0.004,37.3922,3.495,4.614,10.719*7D
$GNGST,085327.30,0.013,0.006,0.004,4.4564,3.495,4.614,10.719*44
$GNGST,085327.40,0.014,0.006,0.005,50.6627,3.495,4.614,10.719*72
$GNGST,085327.50,0.011,0.005,0.004,23.1026,3.495,4.614,10.719*70
$GNGST,085327.60,0.011,0.005,0.004,10.2901,3.495,4.614,10.719*7C
$GNGST,085327.70,0.010,0.004,0.004,19.2094,3.495,4.614,10.719*71
$GNGST,085327.80,0.011,0.005,0.004,13.3021,3.495,4.614,10.719*7B
$GNGST,085327.90,0.010,0.004,0.004,26.5574,3.495,4.614,10.719*7F
$GNGST,085328.00,0.010,0.004,0.004,19.5139,3.495,4.614,10.719*78
$GNGST,085328.10,0.010,0.004,0.004,19.3204,3.495,4.614,10.719*72
$GNGST,085328.20,0.010,0.004,0.004,22.7006,3.495,4.614,10.719*7D
$GNGST,085328.30,0.011,0.004,0.004,44.3979,3.495,4.614,10.719*78
$GNGST,085328.40,0.011,0.005,0.004,2.3368,3.495,4.614,10.719*46
$GNGST,085328.50,0.011,0.005,0.004,18.9604,3.495,4.614,10.719*79
$GNGST,085328.60,0.011,0.005,0.004,33.9485,3.495,4.614,10.719*78
$GNGST,085328.70,0.011,0.005,0.004,21.9898,3.495,4.614,10.719*7A
$GNGST,085328.80,0.011,0.004,0.004,24.5439,3.495,4.614,10.719*7A
$GNGST,085328.90,0.010,0.004,0.004,36.3427,3.495,4.614,10.719*70
$GNGST,085329.00,0.011,0.005,0.004,16.2736,3.495,4.614,10.719*78
$GNGST,085329.10,0.010,0.005,0.004,21.7422,3.495,4.614,10.719*7F
$GNGST,085329.20,0.011,0.005,0.004,14.3759,3.495,4.614,10.719*70
$GNGST,085329.30,0.011,0.005,0.004,11.7113,3.495,4.614,10.719*78
$GNGST,085329.40,0.011,0.005,0.004,22.1916,3.495,4.614,10.719*74
$GNGST,085329.50,0.011,0.005,0.004,11.0204,3.495,4.614,10.719*7C
$GNGST,085329.60,0.011,0.005,0.004,19.8074,3.495,4.614,10.719*7A
$GNGST,085329.70,0.010,0.004,0.004,20.2926,3.495,4.614,10.719*75
$GNGST,085329.80,0.010,0.004,0.004,21.8300,3.495,4.614,10.719*7F
$GNGST,085329.90,0.010,0.004,0.004,21.9407,3.495,4.614,10.719*7F
$GNGST,085330.00,0.011,0.005,0.004,16.7613,3.495,4.614,10.719*73
$GNGST,085330.10,0.011,0.005,0.004,15.2562,3.495,4.614,10.719*71
$GNGST,085330.20,0.011,0.005,0.004,9.4784,3.495,4.614,10.719*43
$GNGST,085330.30,0.011,0.005,0.004,9.6445,3.495,4.614,10.719*4E
$GNGST,085330.40,0.011,0.005,0.004,13.1230,3.495,4.614,10.719*71
$GNGST,085330.50,0.010,0.004,0.004,21.6431,3.495,4.614,10.719*71
$GNGST,085330.60,0.010,0.004,0.004,20.9904,3.495,4.614,10.719*77
$GNGST,085330.70,0.010,0.004,0.004,20.7400,3.495,4.614,10.719*71
$GNGST,085330.80,0.010,0.004,0.004,37.5709,3.495,4.614,10.719*70
$GNGST,085330.90,0.010,0.004,0.004,21.6418,3.495,4.614,10.719*76
$GNGST,085331.00,0.010,0.004,0.004,21.5062,3.495,4.614,10.719*74
$GNGST,085331.10,0.010,0.004,0.004,21.5059,3.495,4.614,10.719*7D
$GNGST,085331.20,0.011,0.005,0.004,23.7641,3.495,4.614,10.719*71
$GNGST,085331.30,0.010,0.004,0.004,20.4971,3.495,4.614,10.719*7C
$GNGST,085331.40,0.011,0.005,0.004,25.7900,3.495,4.614,10.719*7B
$GNGST,085331.50,0.012,0.005,0.004,21.2362,3.495,4.614,10.719*76
$GNGST,085331.60,0.011,0.005,0.004,26.8763,3.495,4.614,10.719*7E
$GNGST,085331.70,0.012,0.006,0.004,26.0655,3.495,4.614,10.719*73
$GNGST,085331.80,0.011,0.005,0.004,22.3385,3.495,4.614,10.719*73
$GNGST,085331.90,0.011,0.005,0.004,22.0803,3.495,4.614,10.719*74
$GNGST,085332.00,0.010,0.004,0.004,17.4715,3.495,4.614,10.719*74
$GNGST,085332.10,0.010,0.004,0.004,17.4713,3.495,4.614,10.719*73
$GNGST,085332.20,0.011,0.005,0.004,22.6810,3.495,4.614,10.719*78
$GNGST,085332.30,0.010,0.004,0.004,17.4469,3.495,4.614,10.719*7F
$GNGST,085332.40,0.010,0.004,0.004,17.4467,3.495,4.614,10.719*76
$GNGST,085332.50,0.010,0.004,0.004,17.8095,3.495,4.614,10.719*72
$GNGST,085332.60,0.011,0.005,0.004,12.7683,3.495,4.614,10.719*7A
$GNGST,085332.70,0.011,0.004,0.004,22.9064,3.495,4.614,10.719*78
$GNGST,085332.80,0.011,0.004,0.004,19.3567,3.495,4.614,10.719*73
$GNGST,085332.90,0.010,0.004,0.004,19.5123,3.495,4.614,10.719*71
$GNGST,085333.00,0.011,0.004,0.004,19.3569,3.495,4.614,10.719*74
$GNGST,085333.10,0.011,0.004,0.004,19.3570,3.495,4.614,10.719*7D
$GNGST,085333.20,0.011,0.004,0.004,19.3571,3.495,4.614,10.719*7F
$GNGST,085333.30,0.011,0.005,0.004,21.3825,3.495,4.614,10.719*78
$GNGST,085333.40,0.011,0.005,0.004,15.4280,3.495,4.614,10.719*7A
$GNGST,085333.50,0.011,0.005,0.004,15.4280,3.495,4.614,10.719*7B
$GNGST,085333.60,0.011,0.005,0.004,10.8850,3.495,4.614,10.719*76
$GNGST,085333.70,0.011,0.004,0.004,8.9106,3.495,4.614,10.719*44
$GNGST,085333.80,0.012,0.006,0.004,22.9121,3.495,4.614,10.719*77
$GNGST,085333.90,0.011,0.005,0.004,18.1414,3.495,4.614,10.719*74
$GNGST,085334.00,0.013,0.006,0.004,20.0175,3.495,4.614,10.719*73
$GNGST,085334.10,0.014,0.006,0.004,27.6167,3.495,4.614,10.719*77
$GNGST,085334.20,0.012,0.005,0.004,19.6794,3.495,4.614,10.719*76
$GNGST,085334.30,0.012,0.005,0.004,20.3514,3.495,4.614,10.719*72
$GNGST,085334.40,0.012,0.006,0.004,22.1339,3.495,4.614,10.719*7F
$GNGST,085334.50,0.012,0.005,0.004,16.9998,3.495,4.614,10.719*73
$GNGST,085334.60,0.012,0.005,0.004,18.0456,3.495,4.614,10.719*78
$GNGST,085334.70,0.011,0.005,0.004,17.0962,3.495,4.614,10.719*7F
$GNGST,085334.80,0.012,0.006,0.004,20.2442,3.495,4.614,10.719*79
$GNGST,085334.90,0.012,0.005,0.004,18.6880,3.495,4.614,10.719*76
$GNGST,085335.00,0.012,0.005,0.004,20.0036,3.495,4.614,10.719*76
$GNGST,085335.10,0.012,0.005,0.004,19.7956,3.495,4.614,10.719*75
$GNGST,085335.20,0.011,0.005,0.004,14.2526,3.495,4.614,10.719*76
$GNGST,085335.30,0.011,0.005,0.004,13.1580,3.495,4.614,10.719*7F
$GNGST,085335.40,0.012,0.005,0.004,19.1892,3.495,4.614,10.719*7F
$GNGST,085335.50,0.012,0.006,0.004,17.7894,3.495,4.614,10.719*73
$GNGST,085335.60,0.011,0.005,0.004,17.6991,3.495,4.614,10.719*75
$GNGST,085335.70,0.012,0.005,0.004,18.8627,3.495,4.614,10.719*74
$GNGST,085335.80,0.011,0.005,0.004,16.4993,3.495,4.614,10.719*7A
$GNGST,085335.90,0.014,0.006,0.004,24.2224,3.495,4.614,10.719*7D
$GNGST,085336.00,0.011,0.005,0.004,16.3731,3.495,4.614,10.719*70
$GNGST,085336.10,0.014,0.006,0.004,18.3690,3.495,4.614,10.719*73
$GNGST,085336.20,0.016,0.007,0.004,32.0037,3.495,4.614,10.719*73
$GNGST,085336.30,0.012,0.005,0.004,7.9573,3.495,4.614,10.719*4E
$GNGST,085336.40,0.013,0.005,0.004,7.0683,3.495,4.614,10.719*4D
$GNGST,085336.50,0.011,0.005,0.004,15.7170,3.495,4.614,10.719*71
$GNGST,085336.60,0.011,0.005,0.004,15.7171,3.495,4.614,10.719*73
$GNGST,085336.70,0.014,0.007,0.004,21.5653,3.495,4.614,10.719*77
$GNGST,085336.80,0.013,0.007,0.004,23.0409,3.495,4.614,10.719*75
$GNGST,085336.90,0.014,0.007,0.004,23.4737,3.495,4.614,10.719*79
$GNGST,085337.00,0.011,0.005,0.004,15.3228,3.495,4.614,10.719*7F
$GNGST,085337.10,0.012,0.005,0.004,14.3101,3.495,4.614,10.719*74
$GNGST,085337.20,0.011,0.005,0.004,14.4164,3.495,4.614,10.719*70
$GNGST,085337.30,0.013,0.006,0.004,21.9868,3.495,4.614,10.719*7E
$GNGST,085337.40,0.012,0.005,0.004,18.4560,3.495,4.614,10.719*79
$GNGST,085337.50,0.014,0.006,0.004,15.1907,3.495,4.614,10.719*78
$GNGST,085337.60,0.014,0.008,0.004,24.7666,3.495,4.614,10.719*79
$GNGST,085337.70,0.012,0.005,0.004,10.2662,3.495,4.614,10.719*75
$GNGST,085337.80,0.012,0.005,0.004,24.6473,3.495,4.614,10.719*7B
$GNGST,085337.90,0.013,0.006,0.004,16.2894,3.495,4.614,10.719*78
$GNGST,085338.00,0.015,0.006,0.005,20.8265,3.495,4.614,10.719*72
$GNGST,085338.10,0.014,0.007,0.004,20.9887,3.495,4.614,10.719*75
$GNGST,085338.20,0.013,0.006,0.004,22.3529,3.495,4.614,10.719*71
$GNGST,085338.30,0.013,0.006,0.004,16.7721,3.495,4.614,10.719*79
$GNGST,085338.40,0.014,0.007,0.004,17.8845,3.495,4.614,10.719*7B
$GNGST,085338.50,0.012,0.005,0.004,13.6636,3.495,4.614,10.719*7E
$GNGST,085338.60,0.012,0.005,0.004,13.5578,3.495,4.614,10.719*77
$GNGST,085338.70,0.016,0.009,0.004,17.1173,3.495,4.614,10.719*71
$GNGST,085338.80,0.014,0.006,0.005,0.3167,3.495,4.614,10.719*43
$GNGST,085338.90,0.012,0.005,0.004,7.6503,3.495,4.614,10.719*42
$GNGST,085339.00,0.012,0.006,0.004,22.6499,3.495,4.614,10.719*7C
$GNGST,085339.10,0.012,0.005,0.004,14.8554,3.495,4.614,10.719*75
$GNGST,085339.20,0.014,0.007,0.005,3.9277,3.495,4.614,10.719*42
$GNGST,085339.30,0.014,0.006,0.004,6.9824,3.495,4.614,10.719*4A
$GNGST,085339.40,0.012,0.005,0.004,14.9302,3.495,4.614,10.719*74
$GNGST,085339.50,0.012,0.005,0.004,14.9301,3.495,4.614,10.719*76
$GNGST,085339.60,0.015,0.008,0.005,7.2130,3.495,4.614,10.719*47
$GNGST,085339.70,0.014,0.006,0.005,4.2612,3.495,4.614,10.719*4D
$GNGST,085339.80,0.013,0.005,0.004,-17.8227,3.495,4.614,10.719*50
$GNGST,085339.90,0.013,0.005,0.004,-20.9017,3.495,4.614,10.719*55
$GNGST,085340.00,0.013,0.005,0.004,3.9769,3.495,4.614,10.719*40
$GNGST,085340.10,0.013,0.006,0.004,-15.2012,3.495,4.614,10.719*58
$GNGST,085340.20,0.015,0.006,0.005,-22.8240,3.495,4.614,10.719*57
$GNGST,085340.30,0.015,0.006,0.004,2.5548,3.495,4.614,10.719*4A
$GNGST,085340.40,0.013,0.006,0.004,7.1348,3.495,4.614,10.719*4C
$GNGST,085340.50,0.013,0.006,0.004,7.7862,3.495,4.614,10.719*48
$GNGST,085340.60,0.014,0.006,0.005,0.0636,3.495,4.614,10.719*42
$GNGST,085340.70,0.013,0.005,0.005,-21.6552,3.495,4.614,10.719*5E
$GNGST,085340.80,0.014,0.007,0.004,13.0734,3.495,4.614,10.719*7D
$GNGST,085340.90,0.015,0.006,0.005,-4.3464,3.495,4.614,10.719*63
$GNGST,085341.00,0.013,0.005,0.004,-3.2834,3.495,4.614,10.719*60
$GNGST,085341.10,0.014,0.006,0.005,-11.3414,3.495,4.614,10.719*58
$GNGST,085341.20,0.014,0.007,0.004,17.1278,3.495,4.614,10.719*7E
$GNGST,085341.30,0.015,0.008,0.005,10.8164,3.495,4.614,10.719*70
$GNGST,085341.40,0.013,0.006,0.004,6.7739,3.495,4.614,10.719*48
$GNGST,085341.50,0.012,0.005,0.004,1.3785,3.495,4.614,10.719*4F
$GNGST,085341.60,0.012,0.005,0.004,2.5330,3.495,4.614,10.719*43
$GNGST,085341.70,0.013,0.005,0.004,5.6115,3.495,4.614,10.719*42
$GNGST,085341.80,0.016,0.007,0.005,15.8875,3.495,4.614,10.719*7B
$GNGST,085341.90,0.015,0.008,0.004,13.3045,3.495,4.614,10.719*71
$GNGST,085342.00,0.013,0.006,0.004,10.9962,3.495,4.614,10.719*76
$GNGST,085342.10,0.013,0.005,0.004,8.6376,3.495,4.614,10.719*4D
$GNGST,085342.20,0.013,0.005,0.004,-3.7751,3.495,4.614,10.719*68
$GNGST,085342.30,0.013,0.006,0.004,22.4724,3.495,4.614,10.719*75
$GNGST,085342.40,0.013,0.006,0.004,12.7464,3.495,4.614,10.719*75
$GNGST,085342.50,0.013,0.005,0.004,16.5029,3.495,4.614,10.719*7C
$GNGST,085342.60,0.012,0.005,0.004,7.0030,3.495,4.614,10.719*43
$GNGST,085342.70,0.013,0.005,0.004,11.6970,3.495,4.614,10.719*7F
$GNGST,085342.80,0.013,0.006,0.004,10.5348,3.495,4.614,10.719*70
$GNGST,085342.90,0.013,0.006,0.004,3.8335,3.495,4.614,10.719*44
$GNGST,085343.00,0.014,0.006,0.004,-6.5297,3.495,4.614,10.719*67
$GNGST,085343.10,0.014,0.007,0.005,-16.6586,3.495,4.614,10.719*53
$GNGST,085343.20,0.014,0.006,0.005,4.3327,3.495,4.614,10.719*47
$GNGST,085343.30,0.016,0.008,0.005,-1.5699,3.495,4.614,10.719*64
$GNGST,085343.40,0.015,0.007,0.005,3.8054,3.495,4.614,10.719*4A
$GNGST,085343.50,0.013,0.006,0.004,8.6479,3.495,4.614,10.719*43
$GNGST,085343.60,0.013,0.006,0.004,12.2517,3.495,4.614,10.719*76
$GNGST,085343.70,0.013,0.006,0.004,8.5715,3.495,4.614,10.719*4B
$GNGST,085343.80,0.013,0.006,0.004,7.3039,3.495,4.614,10.719*44
$GNGST,085343.90,0.013,0.006,0.004,-5.2630,3.495,4.614,10.719*64
$GNGST,085344.00,0.012,0.005,0.004,4.1670,3.495,4.614,10.719*43
$GNGST,085344.10,0.013,0.006,0.004,-3.0013,3.495,4.614,10.719*68
$GNGST,085344.20,0.013,0.005,0.004,0.2598,3.495,4.614,10.719*42
$GNGST,085344.30,0.013,0.005,0.004,-3.5893,3.495,4.614,10.719*6C
$GNGST,085344.40,0.013,0.005,0.004,-11.9390,3.495,4.614,10.719*5C
$GNGST,085344.50,0.013,0.006,0.005,-3.7428,3.495,4.614,10.719*66
$GNGST,085344.60,0.013,0.006,0.005,-20.3805,3.495,4.614,10.719*53
$GNGST,085344.70,0.013,0.006,0.005,-4.2957,3.495,4.614,10.719*63
$GNGST,085344.80,0.014,0.006,0.005,0.7514,3.495,4.614,10.719*4C
$GNGST,085344.90,0.015,0.008,0.005,10.9551,3.495,4.614,10.719*7C
$GNGST,085345.00,0.014,0.007,0.004,11.9957,3.495,4.614,10.719*70
$GNGST,085345.10,0.016,0.007,0.004,14.1533,3.495,4.614,10.719*70
$GNGST,085345.20,0.015,0.007,0.005,2.9823,3.495,4.614,10.719*42
$GNGST,085345.30,0.016,0.008,0.005,5.2018,3.495,4.614,10.719*43
$GNGST,085345.40,0.017,0.008,0.005,5.2837,3.495,4.614,10.719*40
$GNGST,085345.50,0.015,0.006,0.005,6.1476,3.495,4.614,10.719*44
$GNGST,085345.60,0.015,0.006,0.005,-17.3717,3.495,4.614,10.719*5C
$GNGST,085345.70,0.014,0.006,0.004,9.3470,3.495,4.614,10.719*4D
$GNGST,085345.80,0.015,0.007,0.005,-19.8149,3.495,4.614,10.719*5B
$GNGST,085345.90,0.015,0.007,0.005,6.4263,3.495,4.614,10.719*4E
$GNGST,085346.00,0.015,0.006,0.004,5.7679,3.495,4.614,10.719*4B
$GNGST,085346.10,0.017,0.008,0.005,-1.3123,3.495,4.614,10.719*62
$GNGST,085346.20,0.017,0.008,0.005,8.1271,3.495,4.614,10.719*43
$GNGST,085346.30,0.015,0.007,0.004,11.3734,3.495,4.614,10.719*70
$GNGST,085346.40,0.014,0.007,0.004,10.8268,3.495,4.614,10.719*70
$GNGST,085346.50,0.014,0.007,0.004,7.4577,3.495,4.614,10.719*42
$GNGST,085346.60,0.016,0.007,0.005,9.7795,3.495,4.614,10.719*41
$GNGST,085346.70,0.015,0.007,0.005,6.9311,3.495,4.614,10.719*4A
$GNGST,085346.80,0.016,0.007,0.005,3.2583,3.495,4.614,10.719*45
$GNGST,085346.90,0.015,0.007,0.004,7.8589,3.495,4.614,10.719*42
$GNGST,085347.00,0.016,0.007,0.005,13.3087,3.495,4.614,10.719*7D
$GNGST,085347.10,0.016,0.007,0.005,4.9078,3.495,4.614,10.719*40
$GNGST,085347.20,0.016,0.008,0.005,7.9323,3.495,4.614,10.719*42
$GNGST,085347.30,0.016,0.007,0.004,10.3279,3.495,4.614,10.719*7F
$GNGST,085347.40,0.015,0.007,0.005,13.4990,3.495,4.614,10.719*72
$GNGST,085347.50,0.016,0.007,0.005,11.7702,3.495,4.614,10.719*74
$GNGST,085347.60,0.013,0.006,0.004,5.9862,3.495,4.614,10.719*40
$GNGST,085347.70,0.015,0.007,0.005,24.8642,3.495,4.614,10.719*79
$GNGST,085347.80,0.013,0.006,0.004,7.2158,3.495,4.614,10.719*47
$GNGST,085347.90,0.013,0.006,0.005,-5.0799,3.495,4.614,10.719*61
$GNGST,085348.00,0.015,0.008,0.004,15.5925,3.495,4.614,10.719*7E
$GNGST,085348.10,0.013,0.006,0.004,6.9286,3.495,4.614,10.719*4B
$GNGST,085348.20,0.014,0.006,0.005,11.8122,3.495,4.614,10.719*74
$GNGST,085348.30,0.015,0.008,0.004,20.1335,3.495,4.614,10.719*74
$GNGST,085348.40,0.014,0.006,0.004,13.3260,3.495,4.614,10.719*7F
$GNGST,085348.50,0.014,0.006,0.005,6.1671,3.495,4.614,10.719*4D
$GNGST,085348.60,0.014,0.006,0.005,3.8908,3.495,4.614,10.719*43
$GNGST,085348.70,0.014,0.006,0.004,1.3316,3.495,4.614,10.719*4F
$GNGST,085348.80,0.016,0.009,0.005,-7.9770,3.495,4.614,10.719*69
$GNGST,085348.90,0.016,0.007,0.005,1.5835,3.495,4.614,10.719*4F
$GNGST,085349.00,0.018,0.010,0.005,-8.2751,3.495,4.614,10.719*61
$GNGST,085349.10,0.015,0.008,0.005,-1.8236,3.495,4.614,10.719*63
$GNGST,085349.20,0.015,0.007,0.005,-22.5668,3.495,4.614,10.719*5C
$GNGST,085349.30,0.017,0.008,0.006,24.4460,3.495,4.614,10.719*73
$GNGST,085349.40,0.018,0.008,0.006,22.1034,3.495,4.614,10.719*7D
$GNGST,085349.50,0.019,0.010,0.005,-10.0986,3.495,4.614,10.719*5A
$GNGST,085349.60,0.015,0.007,0.006,-15.0574,3.495,4.614,10.719*54
$GNGST,085349.70,0.014,0.007,0.005,-22.7009,3.495,4.614,10.719*5B
$GNGST,085349.80,0.016,0.007,0.005,8.5200,3.495,4.614,10.719*4A
$GNGST,085349.90,0.013,0.006,0.005,-1.4511,3.495,4.614,10.719*6D
$GNGST,085350.00,0.013,0.006,0.005,-1.4178,3.495,4.614,10.719*67
$GNGST,085350.10,0.014,0.007,0.005,-16.0651,3.495,4.614,10.719*5E
$GNGST,085350.20,0.014,0.006,0.005,-7.2725,3.495,4.614,10.719*6C
$GNGST,085350.30,0.016,0.007,0.005,9.3114,3.495,4.614,10.719*48
$GNGST,085350.40,0.014,0.007,0.005,11.2070,3.495,4.614,10.719*76
$GNGST,085350.50,0.016,0.008,0.005,-6.3120,3.495,4.614,10.719*64
$GNGST,085350.60,0.017,0.010,0.005,11.0099,3.495,4.614,10.719*74
$GNGST,085350.70,0.015,0.007,0.005,19.5893,3.495,4.614,10.719*7E
$GNGST,085350.80,0.013,0.006,0.005,9.5264,3.495,4.614,10.719*45
$GNGST,085350.90,0.014,0.006,0.005,7.8097,3.495,4.614,10.719*4E
$GNGST,085351.00,0.015,0.007,0.004,10.5913,3.495,4.614,10.719*79
$GNGST,085351.10,0.013,0.006,0.005,4.2769,3.495,4.614,10.719*4F
$GNGST,085351.20,0.014,0.006,0.005,4.3800,3.495,4.614,10.719*4A
$GNGST,085351.30,0.015,0.007,0.005,12.1305,3.495,4.614,10.719*70
$GNGST,085351.40,0.017,0.009,0.005,19.1165,3.495,4.614,10.719*74
$GNGST,085351.50,0.014,0.006,0.004,5.9202,3.495,4.614,10.719*4F
$GNGST,085351.60,0.014,0.006,0.004,9.9679,3.495,4.614,10.719*48
$GNGST,085351.70,0.014,0.007,0.005,7.8416,3.495,4.614,10.719*4D
$GNGST,085351.80,0.015,0.008,0.005,15.6592,3.495,4.614,10.719*7C
$GNGST,085351.90,0.016,0.008,0.005,6.5402,3.495,4.614,10.719*47
$GNGST,085352.00,0.016,0.010,0.005,12.3123,3.495,4.614,10.719*71
$GNGST,085352.10,0.021,0.011,0.007,-10.3763,3.495,4.614,10.719*5A
$GNGST,085352.20,0.016,0.009,0.006,0.6843,3.495,4.614,10.719*41
$GNGST,085352.30,0.017,0.009,0.006,5.0825,3.495,4.614,10.719*42
$GNGST,085352.40,0.016,0.009,0.005,0.6120,3.495,4.614,10.719*48
$GNGST,085352.50,0.018,0.009,0.006,-0.1453,3.495,4.614,10.719*6F
$GNGST,085352.60,0.020,0.012,0.005,-9.5112,3.495,4.614,10.719*63
$GNGST,085352.70,0.020,0.012,0.006,8.3696,3.495,4.614,10.719*40
$GNGST,085352.80,0.017,0.009,0.005,-3.3778,3.495,4.614,10.719*65
$GNGST,085352.90,0.017,0.009,0.005,-0.1079,3.495,4.614,10.719*63
$GNGST,085353.00,0.016,0.009,0.005,0.4520,3.495,4.614,10.719*4B
$GNGST,085353.10,0.018,0.010,0.005,-1.4450,3.495,4.614,10.719*66
$GNGST,085353.20,0.018,0.010,0.005,0.8453,3.495,4.614,10.719*46
$GNGST,085353.30,0.014,0.007,0.005,-3.1650,3.495,4.614,10.719*6B
$GNGST,085353.40,0.017,0.009,0.005,1.5331,3.495,4.614,10.719*48
$GNGST,085353.50,0.015,0.007,0.005,-12.0446,3.495,4.614,10.719*58
$GNGST,085353.60,0.015,0.007,0.005,-11.9700,3.495,4.614,10.719*50
$GNGST,085353.70,0.016,0.007,0.006,-12.2380,3.495,4.614,10.719*55
$GNGST,085353.80,0.016,0.007,0.006,-31.4822,3.495,4.614,10.719*5E
$GNGST,085353.90,0.015,0.007,0.005,-19.6514,3.495,4.614,10.719*5F
$GNGST,085354.00,0.015,0.007,0.005,-21.7601,3.495,4.614,10.719*5C
$GNGST,085354.10,0.015,0.007,0.005,-21.6823,3.495,4.614,10.719*52
$GNGST,085354.20,0.016,0.008,0.005,0.3627,3.495,4.614,10.719*4C
$GNGST,085354.30,0.015,0.007,0.005,-18.5067,3.495,4.614,10.719*51
$GNGST,085354.40,0.015,0.007,0.005,-18.9946,3.495,4.614,10.719*50
$GNGST,085354.50,0.015,0.007,0.005,-15.0990,3.495,4.614,10.719*5E
$GNGST,085354.60,0.016,0.007,0.005,-28.1874,3.495,4.614,10.719*5A
$GNGST,085354.70,0.015,0.007,0.006,-15.8766,3.495,4.614,10.719*50
$GNGST,085354.80,0.015,0.007,0.005,-24.2242,3.495,4.614,10.719*57
$GNGST,085354.90,0.016,0.007,0.005,-28.4768,3.495,4.614,10.719*52
$GNGST,085355.00,0.016,0.007,0.005,-28.5760,3.495,4.614,10.719*53
$GNGST,085355.10,0.016,0.007,0.006,-33.0983,3.495,4.614,10.719*5D
$GNGST,085355.20,0.021,0.011,0.006,-3.0949,3.495,4.614,10.719*68
$GNGST,085355.30,0.018,0.010,0.006,4.4670,3.495,4.614,10.719*49
$GNGST,085355.40,0.014,0.007,0.005,-20.9995,3.495,4.614,10.719*55
$GNGST,085355.50,0.015,0.007,0.006,-26.9626,3.495,4.614,10.719*57
$GNGST,085355.60,0.015,0.007,0.006,-28.4875,3.495,4.614,10.719*5F
$GNGST,085355.70,0.014,0.007,0.005,-24.9457,3.495,4.614,10.719*51
$GNGST,085355.80,0.015,0.007,0.005,-30.6031,3.495,4.614,10.719*51
$GNGST,085355.90,0.015,0.007,0.005,-27.1774,3.495,4.614,10.719*57
$GNGST,085356.00,0.016,0.007,0.005,-30.0974,3.495,4.614,10.719*57
$GNGST,085356.10,0.015,0.007,0.005,-28.5379,3.495,4.614,10.719*5E
$GNGST,085356.20,0.015,0.007,0.005,-27.5452,3.495,4.614,10.719*5C
$GNGST,085356.30,0.015,0.007,0.005,-30.0386,3.495,4.614,10.719*50
$GNGST,085356.40,0.015,0.007,0.005,-29.3284,3.495,4.614,10.719*5F
$GNGST,085356.50,0.016,0.007,0.005,-28.2996,3.495,4.614,10.719*55
$GNGST,085356.60,0.015,0.007,0.005,-28.2369,3.495,4.614,10.719*5F
$GNGST,085356.70,0.015,0.007,0.005,-30.9639,3.495,4.614,10.719*5C
$GNGST,085356.80,0.015,0.007,0.005,-28.9557,3.495,4.614,10.719*51
$GNGST,085356.90,0.015,0.007,0.006,-35.2078,3.495,4.614,10.719*5C
$GNGST,085357.00,0.016,0.007,0.006,-35.9561,3.495,4.614,10.719*51
$GNGST,085357.10,0.015,0.007,0.005,-29.7210,3.495,4.614,10.719*52
$GNGST,085357.20,0.014,0.007,0.005,-24.5811,3.495,4.614,10.719*54
$GNGST,085357.30,0.016,0.007,0.005,-34.7069,3.495,4.614,10.719*53
$GNGST,085357.40,0.016,0.007,0.005,-34.3568,3.495,4.614,10.719*54
$GNGST,085357.50,0.015,0.007,0.005,-30.1027,3.495,4.614,10.719*5E
$GNGST,085357.60,0.016,0.007,0.005,-31.9498,3.495,4.614,10.719*57
$GNGST,085357.70,0.016,0.007,0.005,-38.1657,3.495,4.614,10.719*56
$GNGST,085357.80,0.016,0.007,0.006,-37.0022,3.495,4.614,10.719*50
$GNGST,085357.90,0.023,0.013,0.006,-7.9600,3.495,4.614,10.719*6E
$GNGST,085358.00,0.017,0.008,0.006,-34.0434,3.495,4.614,10.719*59
$GNGST,085358.10,0.016,0.008,0.005,-36.3683,3.495,4.614,10.719*55
$GNGST,085358.20,0.021,0.011,0.006,-17.4412,3.495,4.614,10.719*57
$GNGST,085358.30,0.021,0.011,0.006,-7.7100,3.495,4.614,10.719*62
$GNGST,085358.40,0.016,0.008,0.005,-37.9984,3.495,4.614,10.719*53
$GNGST,085358.50,0.016,0.007,0.006,-39.5010,3.495,4.614,10.719*58
$GNGST,085358.60,0.016,0.008,0.006,-42.1082,3.495,4.614,10.719*57
$GNGST,085358.70,0.017,0.009,0.006,-45.5508,3.495,4.614,10.719*52
$GNGST,085358.80,0.016,0.008,0.006,-40.8042,3.495,4.614,10.719*5E
$GNGST,085358.90,0.016,0.008,0.006,-43.6153,3.495,4.614,10.719*53
$GNGST,085359.00,0.022,0.012,0.006,-21.8192,3.495,4.614,10.719*50
$GNGST,085359.10,0.018,0.008,0.006,-45.6610,3.495,4.614,10.719*52
$GNGST,085359.20,0.017,0.008,0.006,-43.3584,3.495,4.614,10.719*53
$GNGST,085359.30,0.022,0.012,0.006,-18.3415,3.495,4.614,10.719*58
$GNGST,085359.40,0.026,0.014,0.007,-8.9176,3.495,4.614,10.719*67
$GNGST,085359.50,0.017,0.008,0.006,-42.9147,3.495,4.614,10.719*54
$GNGST,085359.60,0.025,0.013,0.007,-25.6483,3.495,4.614,10.719*5E
$GNGST,085359.70,0.016,0.008,0.005,-45.4690,3.495,4.614,10.719*53
$GNGST,085359.80,0.016,0.008,0.005,-45.4697,3.495,4.614,10.719*5B
$GNGST,085359.90,0.017,0.009,0.006,-50.6289,3.495,4.614,10.719*54
$GNGST,085400.00,0.018,0.010,0.006,-56.2622,3.495,4.614,10.719*56
$GNGST,085400.10,0.017,0.009,0.006,-50.9405,3.495,4.614,10.719*5A
$GNGST,085400.20,0.028,0.015,0.007,-28.7851,3.495,4.614,10.719*55
$GNGST,085400.30,0.021,0.013,0.006,-70.2303,3.495,4.614,10.719*5E
$GNGST,085400.40,0.025,0.013,0.007,-25.8928,3.495,4.614,10.719*55
$GNGST,085400.50,0.025,0.014,0.007,-29.7025,3.495,4.614,10.719*54
$GNGST,085400.60,0.021,0.011,0.006,-48.1513,3.495,4.614,10.719*56
$GNGST,085400.70,0.022,0.012,0.007,-54.8063,3.495,4.614,10.719*50
$GNGST,085400.80,0.017,0.009,0.006,-57.6447,3.495,4.614,10.719*5D
$GNGST,085400.90,0.025,0.013,0.007,-15.9991,3.495,4.614,10.719*58
$GNGST,085401.00,0.018,0.009,0.006,-53.0935,3.495,4.614,10.719*51
$GNGST,085401.10,0.025,0.013,0.008,-88.6306,3.495,4.614,10.719*51
$GNGST,085401.20,0.020,0.010,0.007,-36.7035,3.495,4.614,10.719*5C
$GNGST,085401.30,0.026,0.014,0.008,-19.5961,3.495,4.614,10.719*57
$GNGST,085401.40,0.020,0.010,0.007,-41.0552,3.495,4.614,10.719*59
$GNGST,085401.50,0.021,0.010,0.007,-45.3822,3.495,4.614,10.719*54
$GNGST,085401.60,0.019,0.010,0.007,-35.2296,3.495,4.614,10.719*5F
$GNGST,085401.70,0.021,0.010,0.008,-45.2044,3.495,4.614,10.719*50
$GNGST,085401.80,0.022,0.012,0.007,-23.6311,3.495,4.614,10.719*56
$GNGST,085401.90,0.016,0.008,0.006,-45.1889,3.495,4.614,10.719*57
$GNGST,085402.00,0.016,0.008,0.006,-45.1895,3.495,4.614,10.719*50
$GNGST,085402.10,0.018,0.009,0.006,-61.3116,3.495,4.614,10.719*58
$GNGST,085402.20,0.018,0.009,0.006,-52.9622,3.495,4.614,10.719*51
$GNGST,085402.30,0.021,0.013,0.007,-73.2457,3.495,4.614,10.719*58
$GNGST,085402.40,0.020,0.010,0.007,-45.2871,3.495,4.614,10.719*50
$GNGST,085402.50,0.019,0.010,0.006,-40.4903,3.495,4.614,10.719*5D
$GNGST,085402.60,0.019,0.010,0.006,-41.4998,3.495,4.614,10.719*5D
$GNGST,085402.70,0.016,0.008,0.005,-46.4224,3.495,4.614,10.719*52
$GNGST,085402.80,0.016,0.008,0.005,-46.4231,3.495,4.614,10.719*59
$GNGST,085402.90,0.016,0.008,0.006,-45.6684,3.495,4.614,10.719*50
$GNGST,085403.00,0.016,0.008,0.006,-49.1388,3.495,4.614,10.719*5A
$GNGST,085403.10,0.018,0.009,0.006,-51.4027,3.495,4.614,10.719*5E
$GNGST,085403.20,0.017,0.009,0.006,-53.1160,3.495,4.614,10.719*57
$GNGST,085403.30,0.017,0.008,0.006,-47.2748,3.495,4.614,10.719*5D
$GNGST,085403.40,0.018,0.009,0.006,-53.9712,3.495,4.614,10.719*55
$GNGST,085403.50,0.028,0.016,0.007,-20.6717,3.495,4.614,10.719*56
$GNGST,085403.60,0.018,0.009,0.006,-48.6594,3.495,4.614,10.719*5E
$GNGST,085403.70,0.017,0.009,0.006,-51.8178,3.495,4.614,10.719*50
$GNGST,085403.80,0.016,0.008,0.006,-46.8147,3.495,4.614,10.719*55
$GNGST,085403.90,0.016,0.008,0.005,-46.1926,3.495,4.614,10.719*51
$GNGST,085404.00,0.027,0.014,0.006,-26.1051,3.495,4.614,10.719*5C
$GNGST,085404.10,0.016,0.008,0.005,-46.1940,3.495,4.614,10.719*5E
$GNGST,085404.20,0.016,0.008,0.005,-46.1947,3.495,4.614,10.719*5A
$GNGST,085404.30,0.016,0.008,0.005,-46.1955,3.495,4.614,10.719*58
$GNGST,085404.40,0.017,0.009,0.006,-50.4225,3.495,4.614,10.719*52
$GNGST,085404.50,0.017,0.009,0.006,-48.2338,3.495,4.614,10.719*51
$GNGST,085404.60,0.017,0.009,0.006,-51.6126,3.495,4.614,10.719*53
$GNGST,085404.70,0.021,0.011,0.006,-67.2546,3.495,4.614,10.719*5D
$GNGST,085404.80,0.021,0.011,0.006,-68.1455,3.495,4.614,10.719*5D
$GNGST,085404.90,0.020,0.011,0.006,-66.5307,3.495,4.614,10.719*57
$GNGST,085405.00,0.031,0.016,0.007,-33.0606,3.495,4.614,10.719*58
$GNGST,085405.10,0.030,0.016,0.007,-32.9526,3.495,4.614,10.719*51
$GNGST,085405.20,0.031,0.016,0.007,-33.4740,3.495,4.614,10.719*5D
$GNGST,085405.30,0.021,0.012,0.006,-60.3872,3.495,4.614,10.719*57
$GNGST,085405.40,0.027,0.014,0.008,-20.2293,3.495,4.614,10.719*5E
$GNGST,085405.50,0.038,0.021,0.009,-21.7604,3.495,4.614,10.719*58
$GNGST,085405.60,0.041,0.021,0.009,-28.9237,3.495,4.614,10.719*56
$GNGST,085405.70,0.040,0.025,0.008,-35.2989,3.495,4.614,10.719*5A
$GNGST,085405.80,0.020,0.010,0.006,-57.6949,3.495,4.614,10.719*57
$GNGST,085405.90,0.018,0.010,0.006,-55.4906,3.495,4.614,10.719*56
$GNGST,085406.00,0.019,0.010,0.006,-60.2365,3.495,4.614,10.719*52
$GNGST,085406.10,0.031,0.018,0.008,-28.4791,3.495,4.614,10.719*5A
$GNGST,085406.20,0.035,0.019,0.009,-33.4545,3.495,4.614,10.719*5C
$GNGST,085406.30,0.036,0.019,0.009,-25.5382,3.495,4.614,10.719*55
$GNGST,085406.40,0.030,0.017,0.007,-35.0750,3.495,4.614,10.719*5B
$GNGST,085406.50,0.034,0.018,0.007,-33.4691,3.495,4.614,10.719*5F
$GNGST,085406.60,0.030,0.017,0.007,-35.0770,3.495,4.614,10.719*5B
$GNGST,085406.70,0.019,0.010,0.006,-60.5685,3.495,4.614,10.719*59
$GNGST,085406.80,0.033,0.017,0.008,-33.7786,3.495,4.614,10.719*51
$GNGST,085406.90,0.020,0.011,0.006,-63.7210,3.495,4.614,10.719*55
$GNGST,085407.00,0.021,0.012,0.006,-67.5862,3.495,4.614,10.719*56
$GNGST,085407.10,0.024,0.011,0.006,-61.5990,3.495,4.614,10.719*5B
$GNGST,085407.20,0.025,0.013,0.006,-60.0746,3.495,4.614,10.719*5A
$GNGST,085407.30,0.027,0.012,0.007,-54.0712,3.495,4.614,10.719*5F
$GNGST,085407.40,0.022,0.012,0.006,-66.1348,3.495,4.614,10.719*57
$GNGST,085407.50,0.021,0.011,0.006,-60.9074,3.495,4.614,10.719*54
$GNGST,085407.60,0.024,0.011,0.006,-59.7897,3.495,4.614,10.719*53
$GNGST,085407.70,0.021,0.011,0.006,-60.9083,3.495,4.614,10.719*5E
$GNGST,085407.80,0.025,0.011,0.006,-59.7361,3.495,4.614,10.719*5E
$GNGST,085407.90,0.023,0.012,0.007,-65.7999,3.495,4.614,10.719*59
$GNGST,085408.00,0.022,0.012,0.006,-63.7013,3.495,4.614,10.719*52
$GNGST,085408.10,0.021,0.011,0.006,-60.9103,3.495,4.614,10.719*5E
$GNGST,085408.20,0.022,0.011,0.006,-60.3041,3.495,4.614,10.719*53
$GNGST,085408.30,0.021,0.011,0.006,-60.9112,3.495,4.614,10.719*5C
$GNGST,085408.40,0.037,0.019,0.008,-34.5728,3.495,4.614,10.719*58
$GNGST,085408.50,0.036,0.018,0.008,-33.5967,3.495,4.614,10.719*5B
$GNGST,085408.60,0.036,0.018,0.008,-33.7079,3.495,4.614,10.719*5C
$GNGST,085408.70,0.033,0.017,0.009,-34.3006,3.495,4.614,10.719*5D
$GNGST,085408.80,0.035,0.019,0.010,-32.9206,3.495,4.614,10.719*5C
$GNGST,085408.90,0.037,0.023,0.008,-43.4741,3.495,4.614,10.719*52
$GNGST,085409.00,0.035,0.021,0.008,-42.0303,3.495,4.614,10.719*5D
$GNGST,085409.10,0.035,0.019,0.009,-33.3196,3.495,4.614,10.719*5D
$GNGST,085409.20,0.040,0.021,0.010,-33.1848,3.495,4.614,10.719*57
$GNGST,085409.30,0.030,0.016,0.008,-36.4740,3.495,4.614,10.719*5B
$GNGST,085409.40,0.044,0.025,0.010,-31.7611,3.495,4.614,10.719*57
$GNGST,085409.50,0.035,0.019,0.009,-33.3207,3.495,4.614,10.719*52
$GNGST,085409.60,0.051,0.031,0.010,-35.6085,3.495,4.614,10.719*5A
$GNGST,085409.70,0.041,0.024,0.009,-29.0175,3.495,4.614,10.719*53
$GNGST,085409.80,0.034,0.018,0.008,-34.0221,3.495,4.614,10.719*5E
$GNGST,085409.90,0.034,0.018,0.008,-34.0228,3.495,4.614,10.719*56
$GNGST,085410.00,0.041,0.022,0.009,-27.7917,3.495,4.614,10.719*5F
$GNGST,085410.10,0.041,0.024,0.009,-29.0209,3.495,4.614,10.719*55
$GNGST,085410.20,0.038,0.020,0.009,-29.9587,3.495,4.614,10.719*54
$GNGST,085410.30,0.047,0.023,0.011,-20.1514,3.495,4.614,10.719*5C
$GNGST,085410.40,0.048,0.023,0.010,-25.8227,3.495,4.614,10.719*5E
$GNGST,085410.50,0.046,0.024,0.010,-30.2066,3.495,4.614,10.719*5F
$GNGST,085410.60,0.041,0.021,0.008,-34.3153,3.495,4.614,10.719*55
$GNGST,085410.70,0.036,0.019,0.008,-34.5227,3.495,4.614,10.719*59
$GNGST,085410.80,0.036,0.019,0.008,-34.5233,3.495,4.614,10.719*53
$GNGST,085410.90,0.036,0.019,0.008,-34.5240,3.495,4.614,10.719*56
$GNGST,085411.00,0.058,0.028,0.009,-28.3960,3.495,4.614,10.719*57
$GNGST,085411.10,0.049,0.023,0.009,-29.0227,3.495,4.614,10.719*57
$GNGST,085411.20,0.052,0.023,0.009,-26.2560,3.495,4.614,10.719*57
$GNGST,085411.30,0.050,0.025,0.011,-30.5688,3.495,4.614,10.719*5E
$GNGST,085411.40,0.051,0.025,0.011,-25.3811,3.495,4.614,10.719*54
$GNGST,085411.50,0.041,0.022,0.010,-31.6716,3.495,4.614,10.719*5A
$GNGST,085411.60,0.028,0.015,0.009,-29.9770,3.495,4.614,10.719*5C
$GNGST,085411.70,0.051,0.027,0.011,-32.5366,3.495,4.614,10.719*5E
$GNGST,085411.80,0.047,0.025,0.011,-33.6782,3.495,4.614,10.719*58
$GNGST,085411.90,0.048,0.025,0.011,-31.0822,3.495,4.614,10.719*57
$GNGST,085412.00,0.979,0.507,0.448,59.3035,3.495,4.614,10.719*75
$GNGST,085412.10,0.065,0.035,0.013,-25.2757,3.495,4.614,10.719*5A
$GNGST,085412.20,0.051,0.024,0.013,-25.4888,3.495,4.614,10.719*55
$GNGST,085412.30,0.048,0.025,0.012,-25.7644,3.495,4.614,10.719*51
$GNGST,085412.40,0.038,0.020,0.009,-31.6651,3.495,4.614,10.719*5E
$GNGST,085412.50,0.090,0.061,0.011,-29.2674,3.495,4.614,10.719*5B
$GNGST,085412.60,0.600,0.287,0.261,-3.4834,3.495,4.614,10.719*6C
$GNGST,085412.70,0.041,0.023,0.009,-30.0737,3.495,4.614,10.719*56
$GNGST,085412.80,0.043,0.024,0.009,-30.0731,3.495,4.614,10.719*5A
$GNGST,085412.90,0.049,0.028,0.011,-31.7859,3.495,4.614,10.719*53
$GNGST,085413.00,0.049,0.029,0.009,-29.8881,3.495,4.614,10.719*50
$GNGST,085413.10,0.381,0.261,0.018,-29.7133,3.495,4.614,10.719*57
$GNGST,085413.20,0.195,0.128,0.017,-31.9222,3.495,4.614,10.719*56
$GNGST,085413.30,0.532,0.243,0.217,-24.6608,3.495,4.614,10.719*55
$GNGST,085413.40,5.140,2.967,2.952,-37.5021,3.495,4.614,10.719*5D
$GNGST,085413.50,5.139,2.967,2.952,-37.7986,3.495,4.614,10.719*54
$GNGST,085413.60,5.139,2.967,2.952,-37.7822,3.495,4.614,10.719*58
$GNGST,085413.70,5.140,2.968,2.952,-37.7711,3.495,4.614,10.719*57
$GNGST,085413.80,5.140,2.967,2.952,-37.5078,3.495,4.614,10.719*5D
$GNGST,085413.90,5.140,2.967,2.952,-37.6099,3.495,4.614,10.719*50
$GNGST,085414.00,5.140,2.967,2.952,-37.6464,3.495,4.614,10.719*58
$GNGST,085414.10,5.142,2.968,2.952,-38.2015,3.495,4.614,10.719*5D
$GNGST,085414.20,5.140,2.967,2.952,-37.6558,3.495,4.614,10.719*54
$GNGST,085414.30,5.144,2.969,2.952,-37.6685,3.495,4.614,10.719*5C
$GNGST,085414.40,5.186,2.981,2.965,-32.4796,3.495,4.614,10.719*53
$GNGST,085414.50,5.148,2.970,2.953,-40.8862,3.495,4.614,10.719*56
$GNGST,085414.60,5.140,2.967,2.952,-37.5766,3.495,4.614,10.719*5C
$GNGST,085414.70,5.186,2.981,2.967,-33.8177,3.495,4.614,10.719*56
$GNGST,085414.80,5.185,2.982,2.967,-32.1808,3.495,4.614,10.719*50
$GNGST,085414.90,5.151,2.970,2.952,-38.4571,3.495,4.614,10.719*5F
$GNGST,085415.00,5.172,2.994,2.955,-59.0874,3.495,4.614,10.719*50
$GNGST,085415.10,5.141,2.968,2.952,-37.7400,3.495,4.614,10.719*55
$GNGST,085415.20,5.146,2.969,2.952,-37.9636,3.495,4.614,10.719*59
$GNGST,085415.30,5.145,2.969,2.952,-37.8651,3.495,4.614,10.719*5B
$GNGST,085415.40,5.191,2.987,2.967,-26.8810,3.495,4.614,10.719*58
$GNGST,085415.50,5.194,2.986,2.967,-27.7634,3.495,4.614,10.719*5B
$GNGST,085415.60,5.199,2.990,2.972,-26.8325,3.495,4.614,10.719*5D
$GNGST,085415.70,5.190,2.985,2.968,-36.0532,3.495,4.614,10.719*53
$GNGST,085415.80,5.185,2.984,2.965,-37.3862,3.495,4.614,10.719*5E
$GNGST,085415.90,5.143,2.969,2.953,-40.3792,3.495,4.614,10.719*53
$GNGST,085416.00,5.184,2.983,2.965,-39.9961,3.495,4.614,10.719*55
$GNGST,085416.10,5.161,2.993,2.956,-62.9180,3.495,4.614,10.719*57
$GNGST,085416.20,5.185,2.982,2.965,-34.3061,3.495,4.614,10.719*59
$GNGST,085416.30,5.147,2.973,2.954,-50.1558,3.495,4.614,10.719*55
$GNGST,085416.40,5.186,2.984,2.966,-31.3288,3.495,4.614,10.719*59
$GNGST,085416.50,5.142,2.968,2.953,-38.4884,3.495,4.614,10.719*5C
$GNGST,085416.60,5.108,2.983,2.876,-78.5663,3.495,4.614,10.719*50
$GNGST,085416.70,5.108,2.983,2.876,-78.5647,3.495,4.614,10.719*57
$GNGST,085416.80,5.108,2.983,2.876,-78.5668,3.495,4.614,10.719*55
$GNGST,085416.90,5.108,2.983,2.876,-78.5669,3.495,4.614,10.719*55
$GNGST,085417.00,5.108,2.983,2.876,-78.5657,3.495,4.614,10.719*50
$GNGST,085417.10,5.108,2.983,2.876,-78.5668,3.495,4.614,10.719*5D
$GNGST,085417.20,5.108,2.983,2.876,-78.5668,3.495,4.614,10.719*5E
$GNGST,085417.30,5.118,2.984,2.880,-78.4698,3.495,4.614,10.719*5E
$GNGST,085417.40,5.108,2.983,2.876,-78.5113,3.495,4.614,10.719*53
$GNGST,085417.50,5.113,2.983,2.877,-78.5301,3.495,4.614,10.719*58
$GNGST,085417.60,5.119,2.992,2.878,-77.6786,3.495,4.614,10.719*59
$GNGST,085417.70,4.663,2.631,2.321,81.1979,3.495,4.614,10.719*7F
$GNGST,085417.80,4.568,2.595,2.289,79.5755,3.495,4.614,10.719*75
$GNGST,085417.90,4.568,2.595,2.289,79.5752,3.495,4.614,10.719*73
$GNGST,085418.00,4.679,2.621,2.323,80.1989,3.495,4.614,10.719*71
$GNGST,085418.10,4.708,2.633,2.346,80.1162,3.495,4.614,10.719*7A
$GNGST,085418.20,4.568,2.595,2.289,79.5749,3.495,4.614,10.719*7D
$GNGST,085418.30,4.568,2.595,2.289,79.5753,3.495,4.614,10.719*77
$GNGST,085418.40,4.568,2.595,2.289,79.5693,3.495,4.614,10.719*7D
$GNGST,085418.50,4.570,2.595,2.289,79.5909,3.495,4.614,10.719*79
$GNGST,085418.60,4.568,2.595,2.289,79.5705,3.495,4.614,10.719*71
$GNGST,085418.70,1.136,0.517,0.466,-27.9759,3.495,4.614,10.719*54
$GNGST,085418.80,1.246,0.614,0.523,-72.6303,3.495,4.614,10.719*5B
$GNGST,085418.90,0.517,0.298,0.298,75.1276,3.495,4.614,10.719*71
$GNGST,085419.00,0.531,0.301,0.298,47.9251,3.495,4.614,10.719*70
$GNGST,085419.10,1.262,0.615,0.527,-72.3461,3.495,4.614,10.719*56
$GNGST,085419.20,0.518,0.298,0.298,76.7808,3.495,4.614,10.719*72
$GNGST,085419.30,1.305,0.648,0.598,-18.5067,3.495,4.614,10.719*50
$GNGST,085419.40,0.518,0.298,0.298,74.2057,3.495,4.614,10.719*71
$GNGST,085419.50,0.526,0.299,0.298,-69.5052,3.495,4.614,10.719*5F
$GNGST,085419.60,0.454,0.253,0.237,70.8491,3.495,4.614,10.719*78
$GNGST,085419.70,0.454,0.253,0.237,70.8472,3.495,4.614,10.719*74
$GNGST,085419.80,1.278,0.564,0.477,67.0312,3.495,4.614,10.719*7C
$GNGST,085419.90,1.309,0.554,0.477,60.0605,3.495,4.614,10.719*7D
$GNGST,085420.00,0.454,0.253,0.237,70.8153,3.495,4.614,10.719*7F
$GNGST,085420.10,0.454,0.253,0.237,71.0959,3.495,4.614,10.719*75
$GNGST,085420.20,0.454,0.253,0.237,70.8841,3.495,4.614,10.719*77
$GNGST,085420.30,1.289,0.585,0.543,63.4039,3.495,4.614,10.719*70
$GNGST,085420.40,0.454,0.253,0.237,70.8669,3.495,4.614,10.719*75
$GNGST,085420.50,0.454,0.253,0.237,70.8187,3.495,4.614,10.719*73
$GNGST,085420.60,0.454,0.253,0.237,70.8867,3.495,4.614,10.719*77
$GNGST,085420.70,0.454,0.253,0.237,70.7866,3.495,4.614,10.719*78
$GNGST,085420.80,0.366,0.205,0.196,71.2223,3.495,4.614,10.719*75
$GNGST,085420.90,0.366,0.205,0.196,71.2224,3.495,4.614,10.719*73
$GNGST,085421.00,0.366,0.205,0.196,71.2224,3.495,4.614,10.719*7B
$GNGST,085421.10,0.366,0.206,0.196,72.4637,3.495,4.614,10.719*7A
$GNGST,085421.20,0.366,0.206,0.196,71.7489,3.495,4.614,10.719*7E
$GNGST,085421.30,0.968,0.422,0.363,31.8612,3.495,4.614,10.719*78
$GNGST,085421.40,0.371,0.211,0.198,87.1584,3.495,4.614,10.719*75
$GNGST,085421.50,0.360,0.175,0.171,88.8584,3.495,4.614,10.719*74
$GNGST,085421.60,0.360,0.175,0.171,88.7583,3.495,4.614,10.719*7F
$GNGST,085421.70,0.360,0.175,0.171,88.8585,3.495,4.614,10.719*77
$GNGST,085421.80,0.360,0.175,0.171,88.8585,3.495,4.614,10.719*78
$GNGST,085421.90,0.360,0.175,0.171,88.8585,3.495,4.614,10.719*79
$GNGST,085422.00,1.048,0.418,0.348,24.5964,3.495,4.614,10.719*75
$GNGST,085422.10,1.188,0.528,0.354,27.1024,3.495,4.614,10.719*7C
$GNGST,085422.20,0.360,0.175,0.171,88.8585,3.495,4.614,10.719*71
$GNGST,085422.30,0.360,0.175,0.171,89.4451,3.495,4.614,10.719*75
$GNGST,085422.40,0.360,0.175,0.171,88.8844,3.495,4.614,10.719*77
$GNGST,085422.50,0.360,0.175,0.171,89.6941,3.495,4.614,10.719*7D
$GNGST,085422.60,0.288,0.150,0.148,77.5180,3.495,4.614,10.719*73
$GNGST,085422.70,0.288,0.150,0.148,77.5181,3.495,4.614,10.719*73
$GNGST,085422.80,0.288,0.150,0.148,77.5181,3.495,4.614,10.719*7C
$GNGST,085422.90,0.288,0.150,0.148,77.5182,3.495,4.614,10.719*7E
$GNGST,085423.00,0.288,0.150,0.148,77.5182,3.495,4.614,10.719*76
$GNGST,085423.10,0.288,0.150,0.148,77.7689,3.495,4.614,10.719*79
$GNGST,085423.20,1.074,0.470,0.363,4.8951,3.495,4.614,10.719*47
$GNGST,085423.30,1.066,0.447,0.362,-3.6247,3.495,4.614,10.719*68
$GNGST,085423.40,0.289,0.150,0.148,80.3746,3.495,4.614,10.719*73
$GNGST,085423.50,0.250,0.134,0.131,-84.7620,3.495,4.614,10.719*56
$GNGST,085423.60,0.249,0.134,0.131,-87.9703,3.495,4.614,10.719*50
$GNGST,085423.70,0.249,0.134,0.131,-87.3737,3.495,4.614,10.719*5C
$GNGST,085423.80,0.250,0.134,0.131,-88.1918,3.495,4.614,10.719*55
$GNGST,085423.90,0.250,0.134,0.131,-86.1715,3.495,4.614,10.719*59
$GNGST,085424.00,0.249,0.133,0.131,-88.8418,3.495,4.614,10.719*51
$GNGST,085424.10,0.249,0.133,0.131,-88.4954,3.495,4.614,10.719*59
$GNGST,085424.20,0.249,0.133,0.131,-88.4955,3.495,4.614,10.719*5B
$GNGST,085424.30,0.250,0.134,0.131,-84.8271,3.495,4.614,10.719*58
$GNGST,085424.40,0.250,0.134,0.131,-86.2386,3.495,4.614,10.719*5E
$GNGST,085424.50,0.249,0.134,0.131,-87.1151,3.495,4.614,10.719*5D
$GNGST,085424.60,0.249,0.134,0.131,-86.9355,3.495,4.614,10.719*51
$GNGST,085424.70,0.224,0.122,0.119,-77.6966,3.495,4.614,10.719*5D
$GNGST,085424.80,0.224,0.122,0.119,-77.8997,3.495,4.614,10.719*52
$GNGST,085424.90,0.224,0.122,0.119,-77.0415,3.495,4.614,10.719*5C
$GNGST,085425.00,0.224,0.122,0.119,-77.4633,3.495,4.614,10.719*56
$GNGST,085425.10,0.224,0.122,0.119,-77.6966,3.495,4.614,10.719*5A
$GNGST,085425.20,0.224,0.122,0.119,-77.4634,3.495,4.614,10.719*53
$GNGST,085425.30,0.224,0.122,0.119,-78.6226,3.495,4.614,10.719*58
$GNGST,085425.40,0.224,0.122,0.119,-77.7268,3.495,4.614,10.719*5B
$GNGST,085425.50,0.205,0.113,0.109,-72.7599,3.495,4.614,10.719*56
$GNGST,085425.60,0.205,0.113,0.109,-72.4343,3.495,4.614,10.719*57
$GNGST,085425.70,0.205,0.113,0.109,-74.1273,3.495,4.614,10.719*57
$GNGST,085425.80,0.205,0.113,0.109,-72.7785,3.495,4.614,10.719*54
$GNGST,085425.90,0.205,0.113,0.109,-73.6852,3.495,4.614,10.719*50
$GNGST,085426.00,0.205,0.113,0.109,-72.7907,3.495,4.614,10.719*5B
$GNGST,085426.10,0.205,0.113,0.109,-72.5022,3.495,4.614,10.719*56
$GNGST,085426.20,0.205,0.113,0.109,-72.5487,3.495,4.614,10.719*5E
$GNGST,085426.30,0.205,0.113,0.109,-72.4442,3.495,4.614,10.719*57
$GNGST,085426.40,0.205,0.113,0.109,-72.4442,3.495,4.614,10.719*50
$GNGST,085426.50,0.191,0.106,0.102,-68.5910,3.495,4.614,10.719*50
$GNGST,085426.60,0.192,0.106,0.102,-69.6181,3.495,4.614,10.719*52
$GNGST,085426.70,0.192,0.106,0.102,-69.2521,3.495,4.614,10.719*59
$GNGST,085426.80,0.191,0.106,0.102,-68.4988,3.495,4.614,10.719*5D
$GNGST,085426.90,0.191,0.106,0.102,-68.4988,3.495,4.614,10.719*5C
$GNGST,085427.00,0.191,0.106,0.102,-68.4988,3.495,4.614,10.719*54
$GNGST,085427.10,0.192,0.106,0.102,-69.0879,3.495,4.614,10.719*5C
$GNGST,085427.20,0.191,0.106,0.102,-68.4317,3.495,4.614,10.719*5A
$GNGST,085427.30,0.192,0.106,0.102,-69.4552,3.495,4.614,10.719*5E
$GNGST,085427.40,0.191,0.106,0.102,-68.4990,3.495,4.614,10.719*59
$GNGST,085427.50,0.191,0.106,0.102,-68.5432,3.495,4.614,10.719*5C
$GNGST,085427.60,0.191,0.106,0.102,-68.5432,3.495,4.614,10.719*5F
$GNGST,085427.70,0.182,0.101,0.096,-65.0562,3.495,4.614,10.719*5B
$GNGST,085427.80,0.182,0.100,0.096,-63.9593,3.495,4.614,10.719*54
$GNGST,085427.90,0.182,0.100,0.096,-63.9593,3.495,4.614,10.719*55
$GNGST,085428.00,0.182,0.100,0.096,-64.5976,3.495,4.614,10.719*5F
$GNGST,085428.10,0.182,0.100,0.096,-64.0012,3.495,4.614,10.719*50
$GNGST,085428.20,0.182,0.100,0.096,-64.0013,3.495,4.614,10.719*52
$GNGST,085428.30,0.182,0.100,0.096,-64.0013,3.495,4.614,10.719*53
$GNGST,085428.40,0.182,0.100,0.096,-64.4958,3.495,4.614,10.719*56
$GNGST,085428.50,0.182,0.101,0.096,-65.1034,3.495,4.614,10.719*51
$GNGST,085428.60,0.182,0.100,0.096,-64.0004,3.495,4.614,10.719*50
$GNGST,085428.70,0.182,0.101,0.096,-65.6824,3.495,4.614,10.719*5D
$GNGST,085428.80,0.180,0.100,0.094,-64.7883,3.495,4.614,10.719*5E
$GNGST,085428.90,0.180,0.100,0.094,-63.9478,3.495,4.614,10.719*5E
$GNGST,085429.00,0.180,0.100,0.094,-64.8700,3.495,4.614,10.719*5C
$GNGST,085429.10,0.180,0.100,0.094,-64.4210,3.495,4.614,10.719*55
$GNGST,085429.20,0.180,0.100,0.094,-64.2395,3.495,4.614,10.719*5C
$GNGST,085429.30,0.180,0.100,0.094,-64.3504,3.495,4.614,10.719*52
$GNGST,085429.40,0.180,0.100,0.094,-63.8087,3.495,4.614,10.719*57
$GNGST,085429.50,0.180,0.100,0.094,-63.8087,3.495,4.614,10.719*56
$GNGST,085429.60,0.180,0.100,0.094,-63.8087,3.495,4.614,10.719*55
$GNGST,085429.70,0.180,0.101,0.094,-65.9101,3.495,4.614,10.719*5D
$GNGST,085429.80,0.178,0.099,0.093,-63.7911,3.495,4.614,10.719*53
$GNGST,085429.90,0.181,0.100,0.093,-63.4735,3.495,4.614,10.719*5E
$GNGST,085430.00,0.178,0.099,0.093,-63.6044,3.495,4.614,10.719*5B
$GNGST,085430.10,0.178,0.099,0.093,-63.6292,3.495,4.614,10.719*53
$GNGST,085430.20,0.178,0.099,0.093,-63.9177,3.495,4.614,10.719*57
$GNGST,085430.30,0.178,0.100,0.093,-65.0737,3.495,4.614,10.719*5A
$GNGST,085430.40,0.178,0.099,0.093,-63.9886,3.495,4.614,10.719*56
$GNGST,085430.50,0.178,0.100,0.093,-65.1498,3.495,4.614,10.719*5B
$GNGST,085430.60,0.179,0.100,0.093,-63.9123,3.495,4.614,10.719*52
$GNGST,085430.70,1.405,0.629,0.384,20.7114,3.495,4.614,10.719*75
$GNGST,085430.80,0.177,0.099,0.092,-63.3528,3.495,4.614,10.719*57
$GNGST,085430.90,0.177,0.099,0.092,-63.6151,3.495,4.614,10.719*59
$GNGST,085431.00,0.177,0.099,0.092,-64.3846,3.495,4.614,10.719*5C
$GNGST,085431.10,0.178,0.099,0.092,-63.6866,3.495,4.614,10.719*52
$GNGST,085431.20,0.177,0.099,0.092,-63.9512,3.495,4.614,10.719*5F
$GNGST,085431.30,0.177,0.099,0.092,-63.3139,3.495,4.614,10.719*59
$GNGST,085431.40,0.177,0.099,0.092,-63.8268,3.495,4.614,10.719*52
$GNGST,085431.50,0.177,0.099,0.092,-63.4559,3.495,4.614,10.719*5A
$GNGST,085431.60,0.177,0.099,0.092,-63.4560,3.495,4.614,10.719*53
$GNGST,085431.70,0.176,0.099,0.091,-64.3824,3.495,4.614,10.719*5D
$GNGST,085431.80,0.176,0.099,0.091,-63.9439,3.495,4.614,10.719*5F
$GNGST,085431.90,0.176,0.099,0.091,-63.8992,3.495,4.614,10.719*53
$GNGST,085432.00,0.176,0.099,0.091,-63.9432,3.495,4.614,10.719*5F
$GNGST,085432.10,0.176,0.099,0.091,-64.3273,3.495,4.614,10.719*50
$GNGST,085432.20,0.176,0.099,0.091,-63.9433,3.495,4.614,10.719*5C
$GNGST,085432.30,0.176,0.099,0.091,-64.1178,3.495,4.614,10.719*58
$GNGST,085432.40,0.176,0.099,0.091,-64.2025,3.495,4.614,10.719*55
$GNGST,085432.50,0.176,0.099,0.091,-64.2026,3.495,4.614,10.719*57
$GNGST,085432.60,0.177,0.100,0.091,-65.2864,3.495,4.614,10.719*5B
$GNGST,085432.70,0.023,0.013,0.006,-64.6482,3.495,4.614,10.719*56
$GNGST,085432.80,0.024,0.014,0.006,-69.9221,3.495,4.614,10.719*54
$GNGST,085432.90,0.026,0.013,0.006,-64.0463,3.495,4.614,10.719*54
$GNGST,085433.00,0.025,0.015,0.007,-68.5256,3.495,4.614,10.719*51
$GNGST,085433.10,0.026,0.016,0.007,-73.8607,3.495,4.614,10.719*57
$GNGST,085433.20,0.023,0.014,0.006,-69.4401,3.495,4.614,10.719*51
$GNGST,085433.30,0.032,0.017,0.010,-63.8716,3.495,4.614,10.719*57
$GNGST,085433.40,0.027,0.017,0.007,-71.6836,3.495,4.614,10.719*52
$GNGST,085433.50,0.032,0.016,0.010,-62.7039,3.495,4.614,10.719*54
$GNGST,085433.60,0.059,0.029,0.011,-34.0531,3.495,4.614,10.719*5E
$GNGST,085433.70,0.031,0.022,0.007,-77.3448,3.495,4.614,10.719*56
$GNGST,085433.80,0.025,0.017,0.007,-75.1460,3.495,4.614,10.719*50
$GNGST,085433.90,0.030,0.019,0.011,-83.7454,3.495,4.614,10.719*54
$GNGST,085434.00,0.037,0.018,0.009,-88.4494,3.495,4.614,10.719*51
$GNGST,085434.10,0.031,0.024,0.006,-75.5684,3.495,4.614,10.719*56
$GNGST,085434.20,0.029,0.022,0.006,-75.4876,3.495,4.614,10.719*58
$GNGST,085434.30,0.023,0.014,0.007,-69.1236,3.495,4.614,10.719*51
$GNGST,085434.40,0.025,0.016,0.007,-71.0170,3.495,4.614,10.719*5B
$GNGST,085434.50,0.026,0.016,0.007,-60.9830,3.495,4.614,10.719*5D
$GNGST,085434.60,0.026,0.017,0.006,-66.5013,3.495,4.614,10.719*5D
$GNGST,085434.70,0.025,0.015,0.007,-73.4400,3.495,4.614,10.719*5F
$GNGST,085434.80,0.044,0.020,0.012,-41.1857,3.495,4.614,10.719*5F
$GNGST,085434.90,0.026,0.016,0.007,-69.6006,3.495,4.614,10.719*5A
$GNGST,085435.00,0.025,0.015,0.007,-67.7607,3.495,4.614,10.719*5A
$GNGST,085435.10,0.025,0.016,0.007,-70.7762,3.495,4.614,10.719*5C
$GNGST,085435.20,0.025,0.015,0.007,-63.9715,3.495,4.614,10.719*50
$GNGST,085435.30,0.023,0.014,0.007,-69.2807,3.495,4.614,10.719*5B
$GNGST,085435.40,0.024,0.014,0.007,-68.5032,3.495,4.614,10.719*53
$GNGST,085435.50,0.022,0.012,0.006,-62.3914,3.495,4.614,10.719*52
$GNGST,085435.60,0.034,0.017,0.012,-54.0281,3.495,4.614,10.719*57
$GNGST,085435.70,0.026,0.016,0.007,-70.1790,3.495,4.614,10.719*52
$GNGST,085435.80,0.023,0.014,0.006,-68.4849,3.495,4.614,10.719*5C
$GNGST,085435.90,0.027,0.019,0.006,-71.5678,3.495,4.614,10.719*51
$GNGST,085436.00,0.027,0.013,0.010,-44.6398,3.495,4.614,10.719*58
$GNGST,085436.10,0.023,0.013,0.006,-64.0056,3.495,4.614,10.719*5F
$GNGST,085436.20,0.022,0.012,0.007,-68.9500,3.495,4.614,10.719*5E
$GNGST,085436.30,0.025,0.014,0.006,-64.2400,3.495,4.614,10.719*59
$GNGST,085436.40,0.023,0.012,0.007,-66.4873,3.495,4.614,10.719*53
$GNGST,085436.50,0.025,0.015,0.007,-68.9132,3.495,4.614,10.719*5C
$GNGST,085436.60,0.022,0.013,0.006,-66.3984,3.495,4.614,10.719*5E
$GNGST,085436.70,0.025,0.015,0.007,-70.5252,3.495,4.614,10.719*5E
$GNGST,085436.80,0.025,0.016,0.007,-70.1223,3.495,4.614,10.719*50
$GNGST,085436.90,0.022,0.013,0.006,-67.7378,3.495,4.614,10.719*5D
$GNGST,085437.00,0.025,0.015,0.008,-70.2940,3.495,4.614,10.719*58
$GNGST,085437.10,0.024,0.014,0.007,-68.4376,3.495,4.614,10.719*56
$GNGST,085437.20,0.025,0.015,0.006,-65.2332,3.495,4.614,10.719*5F
$GNGST,085437.30,0.025,0.015,0.008,-63.4852,3.495,4.614,10.719*5D
$GNGST,085437.40,0.026,0.016,0.006,-69.1231,3.495,4.614,10.719*54
$GNGST,085437.50,0.024,0.013,0.008,-71.2397,3.495,4.614,10.719*5B
$GNGST,085437.60,0.023,0.013,0.007,-61.3905,3.495,4.614,10.719*51
$GNGST,085437.70,0.027,0.015,0.008,-58.4154,3.495,4.614,10.719*5C
$GNGST,085437.80,0.023,0.013,0.007,-62.3659,3.495,4.614,10.719*5A
$GNGST,085437.90,0.023,0.013,0.007,-70.4798,3.495,4.614,10.719*53
$GNGST,085438.00,0.023,0.012,0.007,-63.8621,3.495,4.614,10.719*59
$GNGST,085438.10,0.024,0.013,0.007,-67.2575,3.495,4.614,10.719*52
$GNGST,085438.20,0.024,0.013,0.007,-64.6012,3.495,4.614,10.719*52
$GNGST,085438.30,0.025,0.014,0.008,-66.0090,3.495,4.614,10.719*54
$GNGST,085438.40,0.024,0.013,0.008,-61.8884,3.495,4.614,10.719*57
$GNGST,085438.50,0.024,0.013,0.008,-71.5050,3.495,4.614,10.719*5B
$GNGST,085438.60,0.026,0.015,0.007,-66.3502,3.495,4.614,10.719*51
$GNGST,085438.70,0.022,0.012,0.007,-70.1550,3.495,4.614,10.719*51
$GNGST,085438.80,0.029,0.016,0.008,-47.7580,3.495,4.614,10.719*51
$GNGST,085438.90,0.022,0.013,0.007,-69.2922,3.495,4.614,10.719*5C
$GNGST,085439.00,0.024,0.014,0.007,-69.0059,3.495,4.614,10.719*52
$GNGST,085439.10,0.023,0.013,0.006,-66.6756,3.495,4.614,10.719*53
$GNGST,085439.20,0.022,0.013,0.006,-69.3876,3.495,4.614,10.719*56
$GNGST,085439.30,0.023,0.013,0.007,-70.6327,3.495,4.614,10.719*55
$GNGST,085439.40,0.021,0.012,0.006,-65.8597,3.495,4.614,10.719*57
$GNGST,085439.50,0.022,0.013,0.006,-66.0846,3.495,4.614,10.719*5E
$GNGST,085439.60,0.022,0.013,0.006,-66.6124,3.495,4.614,10.719*56
$GNGST,085439.70,0.023,0.013,0.006,-70.3045,3.495,4.614,10.719*52
$GNGST,085439.80,0.023,0.013,0.007,-63.2174,3.495,4.614,10.719*5C
$GNGST,085439.90,0.024,0.016,0.006,-66.1483,3.495,4.614,10.719*55
$GNGST,085440.00,0.026,0.015,0.007,-61.2395,3.495,4.614,10.719*56
$GNGST,085440.10,0.025,0.015,0.006,-65.9224,3.495,4.614,10.719*51
$GNGST,085440.20,0.026,0.017,0.006,-67.5485,3.495,4.614,10.719*50
$GNGST,085440.30,0.029,0.019,0.008,-70.5366,3.495,4.614,10.719*52
$GNGST,085440.40,0.034,0.018,0.009,-52.4382,3.495,4.614,10.719*52
$GNGST,085440.50,0.027,0.016,0.007,-59.6573,3.495,4.614,10.719*50
$GNGST,085440.60,0.033,0.018,0.008,-46.4096,3.495,4.614,10.719*55
$GNGST,085440.70,0.024,0.013,0.007,-71.1600,3.495,4.614,10.719*5E
$GNGST,085440.80,0.024,0.014,0.007,-72.8147,3.495,4.614,10.719*58
$GNGST,085440.90,0.025,0.015,0.007,-74.9724,3.495,4.614,10.719*5D
$GNGST,085441.00,0.026,0.016,0.007,-74.7299,3.495,4.614,10.719*58
$GNGST,085441.10,0.025,0.015,0.007,-75.0609,3.495,4.614,10.719*52
$GNGST,085441.20,0.028,0.016,0.008,-74.2105,3.495,4.614,10.719*58
$GNGST,085441.30,0.028,0.018,0.008,-74.7843,3.495,4.614,10.719*59
$GNGST,085441.40,0.036,0.027,0.009,-76.8644,3.495,4.614,10.719*58
$GNGST,085441.50,0.036,0.027,0.009,-76.7875,3.495,4.614,10.719*5A
$GNGST,085441.60,0.040,0.020,0.013,-40.7991,3.495,4.614,10.719*5A
$GNGST,085441.70,0.029,0.017,0.008,-66.9286,3.495,4.614,10.719*5D
$GNGST,085441.80,0.030,0.018,0.008,-67.9848,3.495,4.614,10.719*5C
$GNGST,085441.90,0.022,0.013,0.008,-70.5969,3.495,4.614,10.719*5D
$GNGST,085442.00,0.024,0.014,0.008,-75.0122,3.495,4.614,10.719*51
$GNGST,085442.10,0.025,0.017,0.008,-78.5343,3.495,4.614,10.719*5F
$GNGST,085442.20,0.023,0.015,0.008,-71.4205,3.495,4.614,10.719*53
$GNGST,085442.30,0.032,0.016,0.010,-81.7477,3.495,4.614,10.719*57
$GNGST,085442.40,0.024,0.017,0.007,-78.1453,3.495,4.614,10.719*56
$GNGST,085442.50,0.019,0.012,0.006,-77.9114,3.495,4.614,10.719*5C
$GNGST,085442.60,0.019,0.012,0.006,-76.6267,3.495,4.614,10.719*56
$GNGST,085442.70,0.021,0.013,0.006,-73.1379,3.495,4.614,10.719*51
$GNGST,085442.80,0.023,0.016,0.006,-77.6105,3.495,4.614,10.719*53
$GNGST,085442.90,0.019,0.012,0.006,-79.4927,3.495,4.614,10.719*5B
$GNGST,085443.00,0.028,0.018,0.009,-66.5725,3.495,4.614,10.719*57
$GNGST,085443.10,0.025,0.015,0.008,-68.2246,3.495,4.614,10.719*5E
$GNGST,085443.20,0.021,0.014,0.006,-72.6037,3.495,4.614,10.719*5D
$GNGST,085443.30,0.028,0.017,0.008,-66.6292,3.495,4.614,10.719*50
$GNGST,085443.40,0.021,0.014,0.007,-79.4795,3.495,4.614,10.719*5C
$GNGST,085443.50,0.021,0.013,0.007,-70.7669,3.495,4.614,10.719*52
$GNGST,085443.60,0.023,0.015,0.007,-74.1028,3.495,4.614,10.719*54
$GNGST,085443.70,0.026,0.020,0.008,88.0277,3.495,4.614,10.719*7E
$GNGST,085443.80,0.020,0.013,0.005,-72.9958,3.495,4.614,10.719*5D
$GNGST,085443.90,0.021,0.014,0.006,-72.9132,3.495,4.614,10.719*5D
$GNGST,085444.00,0.022,0.013,0.007,-66.4067,3.495,4.614,10.719*5F
$GNGST,085444.10,0.020,0.012,0.006,-68.2862,3.495,4.614,10.719*59
$GNGST,085444.20,0.021,0.014,0.006,-73.1804,3.495,4.614,10.719*54
$GNGST,085444.30,0.023,0.015,0.006,-73.2600,3.495,4.614,10.719*5F
$GNGST,085444.40,0.025,0.016,0.008,-69.5462,3.495,4.614,10.719*59
$GNGST,085444.50,0.022,0.016,0.006,-75.0889,3.495,4.614,10.719*50
$GNGST,085444.60,0.018,0.012,0.005,-72.7257,3.495,4.614,10.719*54
$GNGST,085444.70,0.017,0.011,0.005,-74.2718,3.495,4.614,10.719*54
$GNGST,085444.80,0.025,0.018,0.006,-73.0251,3.495,4.614,10.719*5D
$GNGST,085444.90,0.021,0.014,0.006,-73.7086,3.495,4.614,10.719*5B
$GNGST,085445.00,0.025,0.019,0.006,-75.7188,3.495,4.614,10.719*53
$GNGST,085445.10,0.022,0.013,0.007,-69.1119,3.495,4.614,10.719*5D
$GNGST,085445.20,0.021,0.014,0.006,-72.7430,3.495,4.614,10.719*59
$GNGST,085445.30,0.024,0.018,0.006,-76.0591,3.495,4.614,10.719*58
$GNGST,085445.40,0.020,0.013,0.006,-74.4093,3.495,4.614,10.719*51
$GNGST,085445.50,0.021,0.013,0.006,-68.0397,3.495,4.614,10.719*5F
$GNGST,085445.60,0.021,0.014,0.006,-72.0728,3.495,4.614,10.719*50
$GNGST,085445.70,0.025,0.018,0.006,-73.5565,3.495,4.614,10.719*56
$GNGST,085445.80,0.022,0.016,0.006,-76.2656,3.495,4.614,10.719*51
$GNGST,085445.90,0.022,0.015,0.006,-74.3959,3.495,4.614,10.719*50
$GNGST,085446.00,0.019,0.012,0.006,-74.4884,3.495,4.614,10.719*53
$GNGST,085446.10,0.020,0.014,0.006,-75.8437,3.495,4.614,10.719*57
$GNGST,085446.20,0.019,0.012,0.006,-73.9858,3.495,4.614,10.719*5A
$GNGST,085446.30,0.021,0.013,0.007,-79.7493,3.495,4.614,10.719*5F
$GNGST,085446.40,0.025,0.018,0.007,-83.6884,3.495,4.614,10.719*59
$GNGST,085446.50,0.024,0.017,0.006,-79.3691,3.495,4.614,10.719*5D
$GNGST,085446.60,0.024,0.017,0.006,-79.6519,3.495,4.614,10.719*58
$GNGST,085446.70,0.023,0.016,0.006,-80.2152,3.495,4.614,10.719*56
$GNGST,085446.80,0.030,0.013,0.009,88.7725,3.495,4.614,10.719*77
$GNGST,085446.90,0.021,0.012,0.006,-79.8946,3.495,4.614,10.719*5F
$GNGST,085447.00,0.020,0.013,0.006,-78.2925,3.495,4.614,10.719*59
$GNGST,085447.10,0.019,0.012,0.006,-79.4179,3.495,4.614,10.719*55
$GNGST,085447.20,0.021,0.012,0.006,-77.4287,3.495,4.614,10.719*51
$GNGST,085447.30,0.019,0.012,0.005,-77.4698,3.495,4.614,10.719*52
$GNGST,085447.40,0.020,0.012,0.006,-75.4261,3.495,4.614,10.719*5C
$GNGST,085447.50,0.017,0.010,0.005,-74.1606,3.495,4.614,10.719*59
$GNGST,085447.60,0.018,0.011,0.005,-77.9803,3.495,4.614,10.719*54
$GNGST,085447.70,0.020,0.014,0.005,-75.3205,3.495,4.614,10.719*5F
$GNGST,085447.80,0.018,0.011,0.005,-77.4003,3.495,4.614,10.719*5F
$GNGST,085447.90,0.019,0.012,0.006,-74.2408,3.495,4.614,10.719*55
$GNGST,085448.00,0.017,0.011,0.005,-76.5101,3.495,4.614,10.719*54
$GNGST,085448.10,0.017,0.011,0.005,-76.8066,3.495,4.614,10.719*58
$GNGST,085448.20,0.020,0.014,0.005,-81.3346,3.495,4.614,10.719*58
$GNGST,085448.30,0.018,0.012,0.005,-79.5413,3.495,4.614,10.719*52
$GNGST,085448.40,0.019,0.014,0.005,-79.8980,3.495,4.614,10.719*58
$GNGST,085448.50,0.021,0.015,0.006,-80.8378,3.495,4.614,10.719*5B
$GNGST,085448.60,0.018,0.010,0.006,-80.5827,3.495,4.614,10.719*5B
$GNGST,085448.70,0.019,0.012,0.005,-77.7700,3.495,4.614,10.719*5A
$GNGST,085448.80,0.016,0.010,0.005,-78.0772,3.495,4.614,10.719*55
$GNGST,085448.90,0.016,0.010,0.005,-78.2706,3.495,4.614,10.719*55
$GNGST,085449.00,0.017,0.011,0.005,-82.2532,3.495,4.614,10.719*5D
$GNGST,085449.10,0.017,0.010,0.005,-76.4254,3.495,4.614,10.719*57
$GNGST,085449.20,0.015,0.010,0.005,-73.8485,3.495,4.614,10.719*55
$GNGST,085449.30,0.016,0.011,0.005,-75.9136,3.495,4.614,10.719*5C
$GNGST,085449.40,0.023,0.014,0.007,-78.2335,3.495,4.614,10.719*5D
$GNGST,085449.50,0.020,0.011,0.006,-80.3442,3.495,4.614,10.719*5A
$GNGST,085449.60,0.020,0.013,0.006,-74.8569,3.495,4.614,10.719*53
$GNGST,085449.70,0.016,0.009,0.005,-76.8335,3.495,4.614,10.719*52
$GNGST,085449.80,0.016,0.009,0.005,-76.6113,3.495,4.614,10.719*55
$GNGST,085449.90,0.015,0.010,0.005,-77.7183,3.495,4.614,10.719*56
$GNGST,085450.00,0.015,0.009,0.005,-77.7033,3.495,4.614,10.719*55
$GNGST,085450.10,0.018,0.011,0.006,-87.2313,3.495,4.614,10.719*58
$GNGST,085450.20,0.018,0.010,0.005,-79.9047,3.495,4.614,10.719*51
$GNGST,085450.30,0.018,0.011,0.005,-77.4522,3.495,4.614,10.719*54
$GNGST,085450.40,0.021,0.010,0.007,-89.2584,3.495,4.614,10.719*51
$GNGST,085450.50,0.016,0.009,0.005,-78.4728,3.495,4.614,10.719*52
$GNGST,085450.60,0.017,0.011,0.006,-73.9965,3.495,4.614,10.719*5B
$GNGST,085450.70,0.017,0.011,0.005,-77.6240,3.495,4.614,10.719*5E
$GNGST,085450.80,0.018,0.010,0.005,-79.3792,3.495,4.614,10.719*5E
$GNGST,085450.90,0.018,0.010,0.005,-78.4787,3.495,4.614,10.719*5D
$GNGST,085451.00,0.018,0.011,0.006,-80.6341,3.495,4.614,10.719*5C
$GNGST,085451.10,0.021,0.015,0.006,-85.1569,3.495,4.614,10.719*5D
$GNGST,085451.20,0.021,0.011,0.006,-83.9971,3.495,4.614,10.719*51
$GNGST,085451.30,0.020,0.010,0.006,-80.6821,3.495,4.614,10.719*58
$GNGST,085451.40,0.022,0.015,0.006,-83.3385,3.495,4.614,10.719*5B
$GNGST,085451.50,0.021,0.011,0.006,-76.2757,3.495,4.614,10.719*5D
$GNGST,085451.60,0.023,0.010,0.008,-71.3161,3.495,4.614,10.719*56
$GNGST,085451.70,0.023,0.010,0.008,-80.6075,3.495,4.614,10.719*58
$GNGST,085451.80,0.039,0.019,0.011,-29.0472,3.495,4.614,10.719*5B
$GNGST,085451.90,0.023,0.010,0.008,-80.6057,3.495,4.614,10.719*56
$GNGST,085452.00,0.023,0.010,0.008,-80.6049,3.495,4.614,10.719*53
$GNGST,085452.10,0.023,0.010,0.008,-71.3092,3.495,4.614,10.719*5F
$GNGST,085452.20,0.023,0.010,0.008,-80.6031,3.495,4.614,10.719*5E
$GNGST,085452.30,0.023,0.010,0.008,-83.1070,3.495,4.614,10.719*5E
$GNGST,085452.40,0.036,0.018,0.008,-43.0717,3.495,4.614,10.719*5E
$GNGST,085452.50,0.027,0.013,0.008,81.9844,3.495,4.614,10.719*77
$GNGST,085452.60,0.020,0.010,0.007,-81.2472,3.495,4.614,10.719*50
$GNGST,085452.70,0.038,0.018,0.014,8.3992,3.495,4.614,10.719*4C
$GNGST,085452.80,0.021,0.012,0.006,-82.1825,3.495,4.614,10.719*52
$GNGST,085452.90,0.023,0.010,0.008,-74.9383,3.495,4.614,10.719*5B
$GNGST,085453.00,0.020,0.011,0.006,-84.1041,3.495,4.614,10.719*55
$GNGST,085453.10,0.021,0.012,0.006,-74.8638,3.495,4.614,10.719*58
$GNGST,085453.20,0.020,0.011,0.006,-84.1042,3.495,4.614,10.719*54
$GNGST,085453.30,0.025,0.013,0.009,81.8816,3.495,4.614,10.719*75
$GNGST,085453.40,0.021,0.010,0.006,-79.2722,3.495,4.614,10.719*52
$GNGST,085453.50,0.018,0.010,0.006,-80.3719,3.495,4.614,10.719*56
$GNGST,085453.60,0.018,0.010,0.006,-79.7304,3.495,4.614,10.719*5F
$GNGST,085453.70,0.019,0.010,0.006,-83.1873,3.495,4.614,10.719*57
$GNGST,085453.80,0.020,0.010,0.006,-84.1174,3.495,4.614,10.719*5B
$GNGST,085453.90,0.032,0.010,0.008,82.2830,3.495,4.614,10.719*76
$GNGST,085454.00,0.030,0.011,0.007,85.3489,3.495,4.614,10.719*7C
$GNGST,085454.10,0.030,0.011,0.007,85.3497,3.495,4.614,10.719*72
$GNGST,085454.20,0.019,0.010,0.006,-83.4298,3.495,4.614,10.719*5F
$GNGST,085454.30,0.023,0.010,0.008,83.6893,3.495,4.614,10.719*77
$GNGST,085454.40,0.019,0.010,0.006,-83.4296,3.495,4.614,10.719*57
$GNGST,085454.50,0.018,0.010,0.006,-80.0003,3.495,4.614,10.719*5E
$GNGST,085454.60,0.024,0.010,0.009,79.5552,3.495,4.614,10.719*72
$GNGST,085454.70,0.024,0.010,0.009,79.5568,3.495,4.614,10.719*7A
$GNGST,085454.80,0.017,0.008,0.006,87.1607,3.495,4.614,10.719*7C
$GNGST,085454.90,0.017,0.008,0.006,87.1610,3.495,4.614,10.719*7B
$GNGST,085455.00,0.018,0.008,0.007,76.0898,3.495,4.614,10.719*7C
$GNGST,085455.10,0.018,0.008,0.006,-89.3746,3.495,4.614,10.719*5E
$GNGST,085455.20,0.018,0.008,0.006,-88.6507,3.495,4.614,10.719*5E
$GNGST,085455.30,0.019,0.008,0.007,79.5195,3.495,4.614,10.719*70
$GNGST,085455.40,0.016,0.008,0.006,88.7641,3.495,4.614,10.719*7B
$GNGST,085455.50,0.019,0.008,0.007,79.5211,3.495,4.614,10.719*79
$GNGST,085455.60,0.015,0.007,0.005,-88.5677,3.495,4.614,10.719*5C
$GNGST,085455.70,0.015,0.007,0.005,-75.4775,3.495,4.614,10.719*5D
$GNGST,085455.80,0.015,0.007,0.005,-79.3520,3.495,4.614,10.719*5B
$GNGST,085455.90,0.015,0.007,0.005,-81.9352,3.495,4.614,10.719*54
$GNGST,085456.00,0.015,0.007,0.005,-75.2630,3.495,4.614,10.719*5F
$GNGST,085456.10,0.015,0.007,0.005,-75.9976,3.495,4.614,10.719*58
$GNGST,085456.20,0.015,0.007,0.005,-76.2296,3.495,4.614,10.719*56
$GNGST,085456.30,0.015,0.007,0.005,-81.8239,3.495,4.614,10.719*50
$GNGST,085456.40,0.015,0.007,0.005,-81.8237,3.495,4.614,10.719*59
$GNGST,085456.50,0.015,0.007,0.005,-77.8250,3.495,4.614,10.719*50
$GNGST,085456.60,0.016,0.007,0.005,-83.1740,3.495,4.614,10.719*56
$GNGST,085456.70,0.014,0.007,0.005,-79.7986,3.495,4.614,10.719*52
$GNGST,085456.80,0.014,0.007,0.005,-80.2278,3.495,4.614,10.719*54
$GNGST,085456.90,0.014,0.007,0.005,-80.2277,3.495,4.614,10.719*5A
$GNGST,085457.00,0.014,0.007,0.005,-80.2277,3.495,4.614,10.719*52
$GNGST,085457.10,0.014,0.007,0.005,-82.0760,3.495,4.614,10.719*50
$GNGST,085457.20,0.014,0.007,0.005,-83.2608,3.495,4.614,10.719*5F
$GNGST,085457.30,0.014,0.007,0.005,-83.2607,3.495,4.614,10.719*51
$GNGST,085457.40,0.014,0.007,0.005,-83.2605,3.495,4.614,10.719*54
$GNGST,085457.50,0.014,0.007,0.005,-83.2603,3.495,4.614,10.719*53
$GNGST,085457.60,0.014,0.007,0.005,-83.2601,3.495,4.614,10.719*52
$GNGST,085457.70,0.013,0.007,0.005,-82.7295,3.495,4.614,10.719*59
$GNGST,085457.80,0.013,0.007,0.005,-82.8597,3.495,4.614,10.719*5C
$GNGST,085457.90,0.013,0.007,0.005,-82.8094,3.495,4.614,10.719*5B
$GNGST,085458.00,0.013,0.007,0.005,-82.8479,3.495,4.614,10.719*5A
$GNGST,085458.10,0.013,0.007,0.005,-82.8644,3.495,4.614,10.719*57
$GNGST,085458.20,0.013,0.007,0.005,-81.9734,3.495,4.614,10.719*50
$GNGST,085458.30,0.013,0.007,0.005,-81.9324,3.495,4.614,10.719*54
$GNGST,085458.40,0.013,0.007,0.005,-81.9731,3.495,4.614,10.719*53
$GNGST,085458.50,0.014,0.007,0.005,-83.0911,3.495,4.614,10.719*52
$GNGST,085458.60,0.014,0.007,0.005,-83.0910,3.495,4.614,10.719*50
$GNGST,085458.70,0.014,0.007,0.005,-81.9747,3.495,4.614,10.719*56
$GNGST,085458.80,0.014,0.007,0.005,-83.0933,3.495,4.614,10.719*5F
$GNGST,085458.90,0.014,0.007,0.005,-83.1213,3.495,4.614,10.719*56
$GNGST,085459.00,0.014,0.007,0.005,-86.2690,3.495,4.614,10.719*57
$GNGST,085459.10,0.014,0.007,0.005,-86.9048,3.495,4.614,10.719*5E
$GNGST,085459.20,0.015,0.008,0.005,-82.9513,3.495,4.614,10.719*5C
$GNGST,085459.30,0.014,0.007,0.005,-82.5854,3.495,4.614,10.719*51
$GNGST,085459.40,0.014,0.007,0.005,-82.5853,3.495,4.614,10.719*51
$GNGST,085459.50,0.013,0.007,0.005,-85.3120,3.495,4.614,10.719*5B
$GNGST,085459.60,0.013,0.007,0.005,-81.7771,3.495,4.614,10.719*5A
$GNGST,085459.70,0.013,0.006,0.005,-82.4531,3.495,4.614,10.719*5C
$GNGST,085459.80,0.013,0.006,0.005,-82.4273,3.495,4.614,10.719*52
$GNGST,085459.90,0.013,0.006,0.005,-82.3992,3.495,4.614,10.719*50
$GNGST,085500.00,0.013,0.006,0.005,-82.3991,3.495,4.614,10.719*57
$GNGST,085500.10,0.015,0.007,0.005,-85.7718,3.495,4.614,10.719*5D
$GNGST,085500.20,0.013,0.007,0.005,-85.7661,3.495,4.614,10.719*57
$GNGST,085500.30,0.014,0.008,0.005,-83.7320,3.495,4.614,10.719*58
$GNGST,085500.40,0.013,0.007,0.005,-82.0307,3.495,4.614,10.719*54
$GNGST,085500.50,0.014,0.007,0.005,-76.5701,3.495,4.614,10.719*5E
$GNGST,085500.60,0.014,0.007,0.005,-85.2439,3.495,4.614,10.719*5E
$GNGST,085500.70,0.014,0.007,0.005,-83.0829,3.495,4.614,10.719*56
$GNGST,085500.80,0.013,0.007,0.005,-83.4629,3.495,4.614,10.719*54
$GNGST,085500.90,0.013,0.006,0.005,-82.9142,3.495,4.614,10.719*52
$GNGST,085501.00,0.013,0.006,0.005,-82.9141,3.495,4.614,10.719*59
$GNGST,085501.10,0.013,0.006,0.005,-82.9607,3.495,4.614,10.719*5D
$GNGST,085501.20,0.013,0.006,0.005,-82.9606,3.495,4.614,10.719*5F
$GNGST,085501.30,0.013,0.007,0.005,-81.3479,3.495,4.614,10.719*5C
$GNGST,085501.40,0.013,0.006,0.005,-82.9604,3.495,4.614,10.719*5B
$GNGST,085501.50,0.013,0.007,0.005,-83.5302,3.495,4.614,10.719*55
$GNGST,085501.60,0.014,0.006,0.005,-79.7563,3.495,4.614,10.719*56
$GNGST,085501.70,0.014,0.006,0.005,-79.9282,3.495,4.614,10.719*51
$GNGST,085501.80,0.014,0.006,0.005,-79.9281,3.495,4.614,10.719*5D
$GNGST,085501.90,0.014,0.006,0.005,-79.7767,3.495,4.614,10.719*5F
$GNGST,085502.00,0.014,0.007,0.005,-79.9407,3.495,4.614,10.719*5F
$GNGST,085502.10,0.014,0.007,0.005,-80.3848,3.495,4.614,10.719*55
$GNGST,085502.20,0.014,0.007,0.005,-80.4287,3.495,4.614,10.719*58
$GNGST,085502.30,0.014,0.007,0.005,-80.0574,3.495,4.614,10.719*56
$GNGST,085502.40,0.014,0.007,0.005,-80.2441,3.495,4.614,10.719*54
$GNGST,085502.50,0.014,0.007,0.005,-80.1939,3.495,4.614,10.719*54
$GNGST,085502.60,0.014,0.007,0.005,-80.1938,3.495,4.614,10.719*56
$GNGST,085502.70,0.013,0.006,0.005,-83.2209,3.495,4.614,10.719*58
$GNGST,085502.80,0.013,0.006,0.005,-83.0974,3.495,4.614,10.719*54
$GNGST,085502.90,0.013,0.006,0.005,-83.2206,3.495,4.614,10.719*59
$GNGST,085503.00,0.013,0.006,0.005,-83.0871,3.495,4.614,10.719*59
$GNGST,085503.10,0.013,0.006,0.005,-83.0870,3.495,4.614,10.719*59
$GNGST,085503.20,0.013,0.006,0.005,-83.6155,3.495,4.614,10.719*52
$GNGST,085503.30,0.014,0.007,0.005,-88.8646,3.495,4.614,10.719*55
$GNGST,085503.40,0.013,0.006,0.005,-83.9412,3.495,4.614,10.719*5D
$GNGST,085503.50,0.013,0.007,0.005,-82.1699,3.495,4.614,10.719*55
$GNGST,085503.60,0.013,0.006,0.005,-83.2294,3.495,4.614,10.719*5C
$GNGST,085503.70,0.012,0.005,0.005,80.5847,3.495,4.614,10.719*72
$GNGST,085503.80,0.012,0.005,0.005,81.9308,3.495,4.614,10.719*70
$GNGST,085503.90,0.012,0.005,0.005,80.5211,3.495,4.614,10.719*75
$GNGST,085504.00,0.012,0.005,0.005,80.5214,3.495,4.614,10.719*7E
$GNGST,085504.10,0.012,0.005,0.005,80.8930,3.495,4.614,10.719*7F
$GNGST,085504.20,0.012,0.005,0.005,80.5220,3.495,4.614,10.719*7B
$GNGST,085504.30,0.012,0.005,0.005,81.3893,3.495,4.614,10.719*7F
$GNGST,085504.40,0.012,0.005,0.005,80.8490,3.495,4.614,10.719*7D
$GNGST,085504.50,0.012,0.005,0.005,81.3899,3.495,4.614,10.719*73
$GNGST,085504.60,0.012,0.005,0.005,81.4359,3.495,4.614,10.719*70
$GNGST,085504.70,0.012,0.005,0.004,80.5248,3.495,4.614,10.719*71
$GNGST,085504.80,0.012,0.005,0.004,81.1745,3.495,4.614,10.719*73
$GNGST,085504.90,0.012,0.005,0.004,81.1748,3.495,4.614,10.719*7F
$GNGST,085505.00,0.012,0.005,0.004,81.2183,3.495,4.614,10.719*75
$GNGST,085505.10,0.012,0.005,0.004,81.1753,3.495,4.614,10.719*7C
$GNGST,085505.20,0.012,0.005,0.004,81.1756,3.495,4.614,10.719*7A
$GNGST,085505.30,0.012,0.005,0.004,81.2191,3.495,4.614,10.719*75
$GNGST,085505.40,0.012,0.005,0.004,81.2230,3.495,4.614,10.719*7A
$GNGST,085505.50,0.012,0.005,0.004,79.8626,3.495,4.614,10.719*75
$GNGST,085505.60,0.012,0.005,0.004,79.8629,3.495,4.614,10.719*79
$GNGST,085505.70,0.012,0.005,0.004,79.2184,3.495,4.614,10.719*72
$GNGST,085505.80,0.012,0.005,0.004,79.6649,3.495,4.614,10.719*7F
$GNGST,085505.90,0.012,0.005,0.004,79.6652,3.495,4.614,10.719*74
$GNGST,085506.00,0.012,0.005,0.004,79.6655,3.495,4.614,10.719*79
$GNGST,085506.10,0.012,0.005,0.004,79.6657,3.495,4.614,10.719*7A
$GNGST,085506.20,0.012,0.006,0.005,73.6642,3.495,4.614,10.719*75
$GNGST,085506.30,0.012,0.005,0.004,79.6663,3.495,4.614,10.719*7F
$GNGST,085506.40,0.012,0.005,0.004,80.0892,3.495,4.614,10.719*78
$GNGST,085506.50,0.012,0.005,0.004,80.0895,3.495,4.614,10.719*7E
$GNGST,085506.60,0.012,0.005,0.004,80.5331,3.495,4.614,10.719*7D
$GNGST,085506.70,0.012,0.005,0.004,77.5491,3.495,4.614,10.719*79
$GNGST,085506.80,0.012,0.005,0.004,77.4511,3.495,4.614,10.719*7E
$GNGST,085506.90,0.012,0.005,0.004,77.4514,3.495,4.614,10.719*7A
$GNGST,085507.00,0.012,0.005,0.004,77.4518,3.495,4.614,10.719*7E
$GNGST,085507.10,0.013,0.006,0.005,71.2616,3.495,4.614,10.719*71
$GNGST,085507.20,0.013,0.006,0.005,75.7364,3.495,4.614,10.719*73
$GNGST,085507.30,0.012,0.005,0.004,75.8362,3.495,4.614,10.719*78
$GNGST,085507.40,0.013,0.006,0.005,69.7616,3.495,4.614,10.719*78
$GNGST,085507.50,0.014,0.006,0.005,76.0585,3.495,4.614,10.719*7E
$GNGST,085507.60,0.013,0.006,0.005,70.8037,3.495,4.614,10.719*78
$GNGST,085507.70,0.013,0.006,0.005,79.7526,3.495,4.614,10.719*7A
$GNGST,085507.80,0.012,0.005,0.004,75.7037,3.495,4.614,10.719*7F
$GNGST,085507.90,0.012,0.005,0.004,75.4248,3.495,4.614,10.719*77
$GNGST,085508.00,0.012,0.005,0.004,77.8643,3.495,4.614,10.719*70
$GNGST,085508.10,0.012,0.005,0.004,77.3415,3.495,4.614,10.719*7B
$GNGST,085508.20,0.012,0.006,0.004,71.0238,3.495,4.614,10.719*77
$GNGST,085508.30,0.012,0.006,0.004,70.8722,3.495,4.614,10.719*71
$GNGST,085508.40,0.012,0.006,0.004,70.5958,3.495,4.614,10.719*78
$GNGST,085508.50,0.012,0.006,0.004,72.0600,3.495,4.614,10.719*7C
$GNGST,085508.60,0.012,0.005,0.004,75.6264,3.495,4.614,10.719*7B
$GNGST,085508.70,0.013,0.006,0.005,80.4944,3.495,4.614,10.719*78
$GNGST,085508.80,0.012,0.005,0.004,61.5640,3.495,4.614,10.719*71
$GNGST,085508.90,0.012,0.005,0.004,61.5642,3.495,4.614,10.719*72
$GNGST,085509.00,0.012,0.005,0.004,60.3705,3.495,4.614,10.719*7F
$GNGST,085509.10,0.012,0.005,0.004,60.3709,3.495,4.614,10.719*72
$GNGST,085509.20,0.012,0.005,0.004,60.3712,3.495,4.614,10.719*7B
$GNGST,085509.30,0.012,0.005,0.004,60.4468,3.495,4.614,10.719*73
$GNGST,085509.40,0.012,0.005,0.004,60.3718,3.495,4.614,10.719*77
$GNGST,085509.50,0.012,0.005,0.004,64.8896,3.495,4.614,10.719*70
$GNGST,085509.60,0.012,0.005,0.004,64.8899,3.495,4.614,10.719*7C
$GNGST,085509.70,0.012,0.005,0.004,64.8902,3.495,4.614,10.719*7E
$GNGST,085509.80,0.012,0.005,0.004,64.4399,3.495,4.614,10.719*75
$GNGST,085509.90,0.012,0.005,0.004,64.4403,3.495,4.614,10.719*70
$GNGST,085510.00,0.012,0.005,0.004,64.4406,3.495,4.614,10.719*74
$GNGST,085510.10,0.012,0.005,0.004,64.7733,3.495,4.614,10.719*73
$GNGST,085510.20,0.012,0.005,0.004,66.5699,3.495,4.614,10.719*71
$GNGST,085510.30,0.012,0.005,0.004,66.2147,3.495,4.614,10.719*73
$GNGST,085510.40,0.012,0.005,0.004,66.1529,3.495,4.614,10.719*7B
$GNGST,085510.50,0.012,0.005,0.004,65.8687,3.495,4.614,10.719*77
$GNGST,085510.60,0.012,0.005,0.004,65.2131,3.495,4.614,10.719*74
$GNGST,085510.70,0.012,0.005,0.004,65.5697,3.495,4.614,10.719*79
$GNGST,085510.80,0.012,0.005,0.004,65.5700,3.495,4.614,10.719*79
$GNGST,085510.90,0.012,0.005,0.004,65.5704,3.495,4.614,10.719*7C
$GNGST,085511.00,0.012,0.005,0.004,65.7917,3.495,4.614,10.719*7A
$GNGST,085511.10,0.012,0.005,0.004,65.7920,3.495,4.614,10.719*7F
$GNGST,085511.20,0.012,0.005,0.004,65.7923,3.495,4.614,10.719*7F
$GNGST,085511.30,0.012,0.005,0.005,68.3321,3.495,4.614,10.719*7E
$GNGST,085511.40,0.012,0.005,0.004,66.0040,3.495,4.614,10.719*71
$GNGST,085511.50,0.014,0.007,0.005,59.5821,3.495,4.614,10.719*73
$GNGST,085511.60,0.012,0.005,0.004,66.1741,3.495,4.614,10.719*74
$GNGST,085511.70,0.012,0.005,0.004,65.4122,3.495,4.614,10.719*70
$GNGST,085511.80,0.012,0.005,0.004,65.4125,3.495,4.614,10.719*78
$GNGST,085511.90,0.012,0.005,0.004,66.0700,3.495,4.614,10.719*7F
$GNGST,085512.00,0.012,0.005,0.004,66.0886,3.495,4.614,10.719*74
$GNGST,085512.10,0.012,0.005,0.004,64.6540,3.495,4.614,10.719*76
$GNGST,085512.20,0.012,0.005,0.004,64.6543,3.495,4.614,10.719*76
$GNGST,085512.30,0.012,0.005,0.004,64.6546,3.495,4.614,10.719*72
$GNGST,085512.40,0.012,0.005,0.004,63.2993,3.495,4.614,10.719*72
$GNGST,085512.50,0.012,0.005,0.004,60.1436,3.495,4.614,10.719*71
$GNGST,085512.60,0.012,0.005,0.004,63.4707,3.495,4.614,10.719*75
$GNGST,085512.70,0.012,0.005,0.004,63.4710,3.495,4.614,10.719*72
$GNGST,085512.80,0.012,0.005,0.004,63.4713,3.495,4.614,10.719*7E
$GNGST,085512.90,0.012,0.005,0.004,63.7798,3.495,4.614,10.719*7F
$GNGST,085513.00,0.012,0.005,0.004,63.4719,3.495,4.614,10.719*7D
$GNGST,085513.10,0.012,0.005,0.004,64.0717,3.495,4.614,10.719*71
$GNGST,085513.20,0.012,0.005,0.004,63.4725,3.495,4.614,10.719*70
$GNGST,085513.30,0.012,0.005,0.004,65.2193,3.495,4.614,10.719*7A
$GNGST,085513.40,0.012,0.005,0.004,63.4731,3.495,4.614,10.719*73
$GNGST,085513.50,0.012,0.005,0.004,64.2962,3.495,4.614,10.719*7B
$GNGST,085513.60,0.012,0.005,0.004,64.2964,3.495,4.614,10.719*7E
$GNGST,085513.70,0.011,0.005,0.004,68.4544,3.495,4.614,10.719*78
$GNGST,085513.80,0.011,0.005,0.004,68.4545,3.495,4.614,10.719*76
$GNGST,085513.90,0.011,0.005,0.004,68.4547,3.495,4.614,10.719*75
$GNGST,085514.00,0.011,0.005,0.004,68.4548,3.495,4.614,10.719*74
$GNGST,085514.10,0.011,0.005,0.004,68.4550,3.495,4.614,10.719*7C
$GNGST,085514.20,0.011,0.005,0.004,68.4552,3.495,4.614,10.719*7D
$GNGST,085514.30,0.011,0.005,0.004,68.4553,3.495,4.614,10.719*7D
$GNGST,085514.40,0.011,0.005,0.004,68.4555,3.495,4.614,10.719*7C
$GNGST,085514.50,0.011,0.005,0.004,68.4556,3.495,4.614,10.719*7E
$GNGST,085514.60,0.013,0.006,0.005,67.5454,3.495,4.614,10.719*70
$GNGST,085514.70,0.011,0.005,0.004,68.0045,3.495,4.614,10.719*7F
$GNGST,085514.80,0.011,0.005,0.004,68.0047,3.495,4.614,10.719*72
$GNGST,085514.90,0.011,0.005,0.004,68.0049,3.495,4.614,10.719*7D
$GNGST,085515.00,0.011,0.005,0.004,68.0051,3.495,4.614,10.719*7C
$GNGST,085515.10,0.011,0.005,0.004,68.0053,3.495,4.614,10.719*7F
$GNGST,085515.20,0.011,0.005,0.004,68.0055,3.495,4.614,10.719*7A
$GNGST,085515.30,0.012,0.005,0.004,68.8049,3.495,4.614,10.719*7D
$GNGST,085515.40,0.011,0.005,0.004,67.2197,3.495,4.614,10.719*7E
$GNGST,085515.50,0.011,0.005,0.004,67.2199,3.495,4.614,10.719*71
$GNGST,085515.60,0.012,0.005,0.005,82.3186,3.495,4.614,10.719*74
$GNGST,085515.70,0.012,0.005,0.004,73.6778,3.495,4.614,10.719*78
$GNGST,085515.80,0.013,0.006,0.005,85.4055,3.495,4.614,10.719*77
$GNGST,085515.90,0.011,0.005,0.004,67.5877,3.495,4.614,10.719*73
$GNGST,085516.00,0.011,0.005,0.004,67.5880,3.495,4.614,10.719*71
$GNGST,085516.10,0.012,0.005,0.004,68.0020,3.495,4.614,10.719*7B
$GNGST,085516.20,0.012,0.005,0.004,68.4634,3.495,4.614,10.719*7F
$GNGST,085516.30,0.012,0.005,0.004,66.9115,3.495,4.614,10.719*79
$GNGST,085516.40,0.012,0.005,0.004,67.5203,3.495,4.614,10.719*77
$GNGST,085516.50,0.012,0.005,0.004,66.8413,3.495,4.614,10.719*7D
$GNGST,085516.60,0.012,0.005,0.004,67.5208,3.495,4.614,10.719*7E
$GNGST,085516.70,0.012,0.005,0.004,67.5210,3.495,4.614,10.719*76
$GNGST,085516.80,0.012,0.005,0.004,67.5212,3.495,4.614,10.719*7B
$GNGST,085516.90,0.012,0.005,0.004,65.4049,3.495,4.614,10.719*75
$GNGST,085517.00,0.012,0.005,0.004,65.4052,3.495,4.614,10.719*77
$GNGST,085517.10,0.012,0.005,0.004,66.6567,3.495,4.614,10.719*74
$GNGST,085517.20,0.011,0.005,0.004,68.4316,3.495,4.614,10.719*78
$GNGST,085517.30,0.011,0.005,0.004,67.1758,3.495,4.614,10.719*7D
$GNGST,085517.40,0.011,0.005,0.004,68.0090,3.495,4.614,10.719*77
$GNGST,085517.50,0.011,0.005,0.004,65.6805,3.495,4.614,10.719*79
$GNGST,085517.60,0.011,0.005,0.004,65.0598,3.495,4.614,10.719*75
$GNGST,085517.70,0.012,0.005,0.004,65.8519,3.495,4.614,10.719*76
$GNGST,085517.80,0.012,0.005,0.004,66.8813,3.495,4.614,10.719*7D
$GNGST,085517.90,0.012,0.005,0.004,66.1674,3.495,4.614,10.719*7A
$GNGST,085518.00,0.012,0.005,0.004,65.7528,3.495,4.614,10.719*73
$GNGST,085518.10,0.012,0.005,0.004,66.1678,3.495,4.614,10.719*71
$GNGST,085518.20,0.012,0.005,0.004,65.7532,3.495,4.614,10.719*7A
$GNGST,085518.30,0.012,0.005,0.004,65.7534,3.495,4.614,10.719*7D
$GNGST,085518.40,0.012,0.005,0.004,65.7536,3.495,4.614,10.719*78
$GNGST,085518.50,0.012,0.005,0.004,62.8801,3.495,4.614,10.719*78
$GNGST,085518.60,0.011,0.005,0.004,66.9777,3.495,4.614,10.719*73
$GNGST,085518.70,0.011,0.005,0.004,66.9779,3.495,4.614,10.719*7C
$GNGST,085518.80,0.011,0.005,0.004,67.5147,3.495,4.614,10.719*75
$GNGST,085518.90,0.011,0.005,0.004,67.0552,3.495,4.614,10.719*71
$GNGST,085519.00,0.011,0.005,0.004,67.5150,3.495,4.614,10.719*7A
$GNGST,085519.10,0.012,0.005,0.004,75.0762,3.495,4.614,10.719*79
$GNGST,085519.20,0.011,0.005,0.004,67.8234,3.495,4.614,10.719*74
$GNGST,085519.30,0.011,0.005,0.004,67.8236,3.495,4.614,10.719*77
$GNGST,085519.40,0.012,0.005,0.004,73.8371,3.495,4.614,10.719*74
$GNGST,085519.50,0.011,0.005,0.004,65.9937,3.495,4.614,10.719*78
$GNGST,085519.60,0.011,0.005,0.004,65.2856,3.495,4.614,10.719*76
$GNGST,085519.70,0.011,0.005,0.004,65.2857,3.495,4.614,10.719*76
$GNGST,085519.80,0.011,0.005,0.004,67.2287,3.495,4.614,10.719*7C
$GNGST,085519.90,0.012,0.005,0.004,63.2188,3.495,4.614,10.719*76
$GNGST,085520.00,0.011,0.005,0.004,65.2860,3.495,4.614,10.719*7F
$GNGST,085520.10,0.011,0.005,0.004,65.2861,3.495,4.614,10.719*7F
$GNGST,085520.20,0.012,0.005,0.004,68.6679,3.495,4.614,10.719*71
$GNGST,085520.30,0.012,0.005,0.004,67.1692,3.495,4.614,10.719*7D
$GNGST,085520.40,0.011,0.005,0.004,65.2864,3.495,4.614,10.719*7F
$GNGST,085520.50,0.012,0.005,0.004,65.4140,3.495,4.614,10.719*74
$GNGST,085520.60,0.011,0.005,0.004,65.2866,3.495,4.614,10.719*7F
$GNGST,085520.70,0.011,0.005,0.004,65.2867,3.495,4.614,10.719*7F
$GNGST,085520.80,0.011,0.005,0.004,64.8648,3.495,4.614,10.719*78
$GNGST,085520.90,0.011,0.005,0.004,65.8141,3.495,4.614,10.719*76
$GNGST,085521.00,0.011,0.005,0.004,64.8650,3.495,4.614,10.719*78
$GNGST,085521.10,0.011,0.005,0.004,64.8651,3.495,4.614,10.719*78
$GNGST,085521.20,0.011,0.005,0.004,64.8652,3.495,4.614,10.719*78
$GNGST,085521.30,0.011,0.005,0.004,64.8653,3.495,4.614,10.719*78
$GNGST,085521.40,0.011,0.005,0.004,64.8653,3.495,4.614,10.719*7F
$GNGST,085521.50,0.011,0.005,0.004,64.8654,3.495,4.614,10.719*79
$GNGST,085521.60,0.011,0.005,0.004,66.6140,3.495,4.614,10.719*74
$GNGST,085521.70,0.011,0.005,0.004,65.1411,3.495,4.614,10.719*70
$GNGST,085521.80,0.011,0.005,0.004,66.5087,3.495,4.614,10.719*73
$GNGST,085521.90,0.011,0.005,0.004,65.9247,3.495,4.614,10.719*73
$GNGST,085522.00,0.011,0.005,0.004,65.9248,3.495,4.614,10.719*76
$GNGST,085522.10,0.011,0.005,0.004,65.9249,3.495,4.614,10.719*76
$GNGST,085522.20,0.011,0.005,0.004,67.6641,3.495,4.614,10.719*74
$GNGST,085522.30,0.011,0.005,0.004,65.9252,3.495,4.614,10.719*7E
$GNGST,085522.40,0.011,0.005,0.004,65.9253,3.495,4.614,10.719*78
$GNGST,085522.50,0.011,0.005,0.004,66.8906,3.495,4.614,10.719*70
$GNGST,085522.60,0.011,0.005,0.004,66.0625,3.495,4.614,10.719*75
$GNGST,085522.70,0.011,0.005,0.004,65.9256,3.495,4.614,10.719*7E
$GNGST,085522.80,0.011,0.005,0.004,67.9655,3.495,4.614,10.719*74
$GNGST,085522.90,0.011,0.005,0.004,68.4069,3.495,4.614,10.719*7E
$GNGST,085523.00,0.011,0.005,0.004,69.8372,3.495,4.614,10.719*72
$GNGST,085523.10,0.011,0.005,0.004,67.1753,3.495,4.614,10.719*73
$GNGST,085523.20,0.011,0.005,0.004,67.1754,3.495,4.614,10.719*77
$GNGST,085523.30,0.011,0.005,0.004,67.1756,3.495,4.614,10.719*74
$GNGST,085523.40,0.011,0.005,0.004,67.1758,3.495,4.614,10.719*7D
$GNGST,085523.50,0.011,0.005,0.004,67.1759,3.495,4.614,10.719*7D
$GNGST,085523.60,0.011,0.005,0.004,67.1761,3.495,4.614,10.719*75
$GNGST,085523.70,0.011,0.005,0.004,62.9343,3.495,4.614,10.719*7D
$GNGST,085523.80,0.011,0.005,0.004,63.1314,3.495,4.614,10.719*79
$GNGST,085523.90,0.011,0.005,0.004,63.1315,3.495,4.614,10.719*79
$GNGST,085524.00,0.011,0.005,0.004,63.1316,3.495,4.614,10.719*74
$GNGST,085524.10,0.011,0.005,0.004,63.7154,3.495,4.614,10.719*77
$GNGST,085524.20,0.012,0.005,0.004,65.2494,3.495,4.614,10.719*7D
$GNGST,085524.30,0.011,0.005,0.004,63.1319,3.495,4.614,10.719*78
$GNGST,085524.40,0.011,0.005,0.004,63.1320,3.495,4.614,10.719*75
$GNGST,085524.50,0.011,0.005,0.004,60.4977,3.495,4.614,10.719*7A
$GNGST,085524.60,0.011,0.005,0.004,60.4978,3.495,4.614,10.719*76
$GNGST,085524.70,0.011,0.005,0.004,61.1649,3.495,4.614,10.719*7E
$GNGST,085524.80,0.012,0.005,0.004,59.5803,3.495,4.614,10.719*7D
$GNGST,085524.90,0.012,0.005,0.004,60.9987,3.495,4.614,10.719*77
$GNGST,085525.00,0.012,0.005,0.004,61.6311,3.495,4.614,10.719*74
$GNGST,085525.10,0.011,0.005,0.004,61.1653,3.495,4.614,10.719*72
$GNGST,085525.20,0.012,0.005,0.004,57.6644,3.495,4.614,10.719*76
$GNGST,085525.30,0.012,0.005,0.004,59.6161,3.495,4.614,10.719*79
$GNGST,085525.40,0.011,0.005,0.004,65.6280,3.495,4.614,10.719*7E
$GNGST,085525.50,0.011,0.005,0.004,63.9573,3.495,4.614,10.719*7D
$GNGST,085525.60,0.011,0.005,0.004,64.5062,3.495,4.614,10.719*70
$GNGST,085525.70,0.011,0.005,0.004,65.4831,3.495,4.614,10.719*7F
$GNGST,085525.80,0.011,0.005,0.004,65.5111,3.495,4.614,10.719*7A
$GNGST,085525.90,0.011,0.005,0.004,65.8529,3.495,4.614,10.719*79
$GNGST,085526.00,0.011,0.005,0.004,64.9623,3.495,4.614,10.719*7A
$GNGST,085526.10,0.011,0.005,0.004,63.1966,3.495,4.614,10.719*7A
$GNGST,085526.20,0.011,0.005,0.004,63.3791,3.495,4.614,10.719*7D
$GNGST,085526.30,0.011,0.005,0.004,63.3792,3.495,4.614,10.719*7F
$GNGST,085526.40,0.011,0.005,0.004,63.3793,3.495,4.614,10.719*79
$GNGST,085526.50,0.012,0.005,0.004,56.7343,3.495,4.614,10.719*70
$GNGST,085526.60,0.012,0.005,0.004,56.7344,3.495,4.614,10.719*74
$GNGST,085526.70,0.012,0.005,0.004,56.5921,3.495,4.614,10.719*7E
$GNGST,085526.80,0.012,0.005,0.004,56.4118,3.495,4.614,10.719*72
$GNGST,085526.90,0.012,0.005,0.004,57.2868,3.495,4.614,10.719*7A
$GNGST,085527.00,0.012,0.005,0.004,57.1241,3.495,4.614,10.719*70
$GNGST,085527.10,0.012,0.005,0.004,57.8472,3.495,4.614,10.719*7E
$GNGST,085527.20,0.012,0.005,0.004,56.0783,3.495,4.614,10.719*79
$GNGST,085527.30,0.012,0.005,0.004,57.0693,3.495,4.614,10.719*79
$GNGST,085527.40,0.012,0.005,0.004,57.5668,3.495,4.614,10.719*7F
$GNGST,085527.50,0.012,0.005,0.004,57.3533,3.495,4.614,10.719*75
$GNGST,085527.60,0.012,0.005,0.004,62.7940,3.495,4.614,10.719*7C
$GNGST,085527.70,0.012,0.005,0.005,81.4436,3.495,4.614,10.719*7E
$GNGST,085527.80,0.012,0.005,0.004,57.3534,3.495,4.614,10.719*7F
$GNGST,085527.90,0.013,0.006,0.005,82.5286,3.495,4.614,10.719*7D
$GNGST,085528.00,0.012,0.005,0.004,60.4312,3.495,4.614,10.719*79
$GNGST,085528.10,0.012,0.005,0.004,60.3759,3.495,4.614,10.719*74
$GNGST,085528.20,0.013,0.006,0.005,77.6039,3.495,4.614,10.719*76
$GNGST,085528.30,0.012,0.006,0.005,75.3029,3.495,4.614,10.719*70
$GNGST,085528.40,0.012,0.005,0.004,67.9111,3.495,4.614,10.719*76
$GNGST,085528.50,0.012,0.005,0.004,67.5772,3.495,4.614,10.719*78
$GNGST,085528.60,0.012,0.005,0.004,64.0092,3.495,4.614,10.719*74
$GNGST,085528.70,0.012,0.005,0.004,68.8281,3.495,4.614,10.719*71
$GNGST,085528.80,0.012,0.005,0.004,65.6925,3.495,4.614,10.719*78
$GNGST,085528.90,0.012,0.006,0.005,75.3600,3.495,4.614,10.719*77
$GNGST,085529.00,0.012,0.005,0.005,62.1560,3.495,4.614,10.719*7D
$GNGST,085529.10,0.012,0.005,0.005,60.3056,3.495,4.614,10.719*7C
$GNGST,085529.20,0.012,0.005,0.005,59.8306,3.495,4.614,10.719*78
$GNGST,085529.30,0.012,0.005,0.005,59.8306,3.495,4.614,10.719*79
$GNGST,085529.40,0.012,0.005,0.005,62.1715,3.495,4.614,10.719*79
$GNGST,085529.50,0.012,0.005,0.005,66.6493,3.495,4.614,10.719*76
$GNGST,085529.60,0.013,0.006,0.005,58.8691,3.495,4.614,10.719*74
$GNGST,085529.70,0.015,0.006,0.005,67.9186,3.495,4.614,10.719*7F
$GNGST,085529.80,0.012,0.005,0.005,82.1004,3.495,4.614,10.719*7C
$GNGST,085529.90,0.011,0.005,0.004,63.1653,3.495,4.614,10.719*74
$GNGST,085530.00,0.011,0.005,0.004,62.0518,3.495,4.614,10.719*79
$GNGST,085530.10,0.011,0.005,0.004,57.8014,3.495,4.614,10.719*7F
$GNGST,085530.20,0.011,0.005,0.004,60.9446,3.495,4.614,10.719*7A
$GNGST,085530.30,0.011,0.005,0.004,61.9223,3.495,4.614,10.719*7F
$GNGST,085530.40,0.011,0.005,0.004,61.2441,3.495,4.614,10.719*71
$GNGST,085530.50,0.011,0.005,0.004,61.0922,3.495,4.614,10.719*7A
$GNGST,085530.60,0.011,0.005,0.004,62.0708,3.495,4.614,10.719*7C
$GNGST,085530.70,0.011,0.005,0.004,61.5212,3.495,4.614,10.719*75
$GNGST,085530.80,0.012,0.005,0.004,64.3059,3.495,4.614,10.719*77
$GNGST,085530.90,0.011,0.005,0.004,60.7567,3.495,4.614,10.719*7D
$GNGST,085531.00,0.011,0.005,0.004,61.8113,3.495,4.614,10.719*7C
$GNGST,085531.10,0.011,0.005,0.004,61.5217,3.495,4.614,10.719*77
$GNGST,085531.20,0.011,0.005,0.004,61.5218,3.495,4.614,10.719*7B
$GNGST,085531.30,0.011,0.005,0.004,61.8117,3.495,4.614,10.719*7B
$GNGST,085531.40,0.011,0.005,0.004,61.2834,3.495,4.614,10.719*7E
$GNGST,085531.50,0.011,0.005,0.004,60.8724,3.495,4.614,10.719*7A
$GNGST,085531.60,0.011,0.005,0.004,60.3501,3.495,4.614,10.719*77
$GNGST,085531.70,0.011,0.005,0.004,60.3502,3.495,4.614,10.719*75
$GNGST,085531.80,0.011,0.005,0.004,60.3503,3.495,4.614,10.719*7B
$GNGST,085531.90,0.011,0.005,0.004,60.3503,3.495,4.614,10.719*7A
$GNGST,085532.00,0.011,0.005,0.004,60.3504,3.495,4.614,10.719*77
$GNGST,085532.10,0.011,0.005,0.004,60.8496,3.495,4.614,10.719*77
$GNGST,085532.20,0.011,0.005,0.004,60.3505,3.495,4.614,10.719*74
$GNGST,085532.30,0.012,0.005,0.004,55.2339,3.495,4.614,10.719*78
$GNGST,085532.40,0.011,0.005,0.004,61.6458,3.495,4.614,10.719*7F
$GNGST,085532.50,0.012,0.005,0.004,54.6888,3.495,4.614,10.719*7A
$GNGST,085532.60,0.012,0.005,0.004,54.3637,3.495,4.614,10.719*76
$GNGST,085532.70,0.012,0.005,0.004,55.1882,3.495,4.614,10.719*74
$GNGST,085532.80,0.012,0.005,0.004,55.1882,3.495,4.614,10.719*7B
$GNGST,085532.90,0.012,0.005,0.004,55.1882,3.495,4.614,10.719*7A
$GNGST,085533.00,0.012,0.005,0.004,55.1883,3.495,4.614,10.719*73
$GNGST,085533.10,0.012,0.005,0.004,54.9044,3.495,4.614,10.719*78
$GNGST,085533.20,0.012,0.005,0.004,55.1884,3.495,4.614,10.719*76
$GNGST,085533.30,0.012,0.005,0.004,55.1884,3.495,4.614,10.719*77
$GNGST,085533.40,0.012,0.005,0.004,54.3531,3.495,4.614,10.719*70
$GNGST,085533.50,0.012,0.005,0.004,55.0983,3.495,4.614,10.719*76
$GNGST,085533.60,0.012,0.005,0.004,55.1886,3.495,4.614,10.719*70
$GNGST,085533.70,0.012,0.005,0.004,54.8878,3.495,4.614,10.719*78
$GNGST,085533.80,0.012,0.005,0.004,54.9470,3.495,4.614,10.719*72
$GNGST,085533.90,0.012,0.005,0.004,54.4684,3.495,4.614,10.719*77
$GNGST,085534.00,0.012,0.005,0.004,54.4684,3.495,4.614,10.719*79
$GNGST,085534.10,0.012,0.005,0.004,54.9770,3.495,4.614,10.719*7F
$GNGST,085534.20,0.012,0.005,0.004,54.2656,3.495,4.614,10.719*72
$GNGST,085534.30,0.012,0.005,0.004,54.9770,3.495,4.614,10.719*7D
$GNGST,085534.40,0.012,0.005,0.004,53.8900,3.495,4.614,10.719*75
$GNGST,085534.50,0.012,0.005,0.005,60.5237,3.495,4.614,10.719*77
$GNGST,085534.60,0.012,0.005,0.004,58.6770,3.495,4.614,10.719*7B
$GNGST,085534.70,0.013,0.006,0.005,68.7931,3.495,4.614,10.719*70
$GNGST,085534.80,0.012,0.005,0.004,60.3626,3.495,4.614,10.719*79
$GNGST,085534.90,0.012,0.005,0.004,55.0978,3.495,4.614,10.719*79
$GNGST,085535.00,0.012,0.005,0.005,63.6952,3.495,4.614,10.719*7B
$GNGST,085535.10,0.012,0.005,0.005,61.3814,3.495,4.614,10.719*7E
$GNGST,085535.20,0.012,0.005,0.004,53.4067,3.495,4.614,10.719*76
$GNGST,085535.30,0.012,0.005,0.004,53.5091,3.495,4.614,10.719*7F
$GNGST,085535.40,0.012,0.005,0.004,54.0440,3.495,4.614,10.719*72
$GNGST,085535.50,0.012,0.005,0.004,54.9966,3.495,4.614,10.719*73
$GNGST,085535.60,0.012,0.005,0.004,53.6318,3.495,4.614,10.719*7B
$GNGST,085535.70,0.012,0.005,0.004,53.9659,3.495,4.614,10.719*75
$GNGST,085535.80,0.012,0.005,0.004,53.9659,3.495,4.614,10.719*7A
$GNGST,085535.90,0.012,0.005,0.004,53.9659,3.495,4.614,10.719*7B
$GNGST,085536.00,0.012,0.005,0.004,54.5759,3.495,4.614,10.719*7B
$GNGST,085536.10,0.012,0.005,0.004,53.9659,3.495,4.614,10.719*70
$GNGST,085536.20,0.012,0.005,0.004,53.6942,3.495,4.614,10.719*79
$GNGST,085536.30,0.012,0.005,0.004,53.5575,3.495,4.614,10.719*73
$GNGST,085536.40,0.012,0.005,0.004,53.3609,3.495,4.614,10.719*7A
$GNGST,085536.50,0.012,0.005,0.004,52.1439,3.495,4.614,10.719*79
$GNGST,085536.60,0.012,0.005,0.004,52.6008,3.495,4.614,10.719*7B
$GNGST,085536.70,0.012,0.005,0.004,51.7558,3.495,4.614,10.719*78
$GNGST,085536.80,0.012,0.005,0.004,51.6428,3.495,4.614,10.719*70
$GNGST,085536.90,0.012,0.005,0.004,50.3326,3.495,4.614,10.719*7C
$GNGST,085537.00,0.012,0.005,0.004,50.8048,3.495,4.614,10.719*74
$GNGST,085537.10,0.012,0.005,0.004,51.3407,3.495,4.614,10.719*70
$GNGST,085537.20,0.012,0.005,0.004,51.8198,3.495,4.614,10.719*7B
$GNGST,085537.30,0.012,0.005,0.004,51.8802,3.495,4.614,10.719*70
$GNGST,085537.40,0.012,0.005,0.004,54.1492,3.495,4.614,10.719*7E
$GNGST,085537.50,0.012,0.005,0.004,53.5419,3.495,4.614,10.719*7F
$GNGST,085537.60,0.012,0.005,0.004,54.0797,3.495,4.614,10.719*7B
$GNGST,085537.70,0.012,0.005,0.004,54.3396,3.495,4.614,10.719*7C
$GNGST,085537.80,0.012,0.005,0.004,56.2136,3.495,4.614,10.719*78
$GNGST,085537.90,0.013,0.006,0.005,59.3242,3.495,4.614,10.719*74
$GNGST,085538.00,0.012,0.005,0.004,54.4637,3.495,4.614,10.719*7D
$GNGST,085538.10,0.013,0.006,0.004,54.8779,3.495,4.614,10.719*79
$GNGST,085538.20,0.014,0.006,0.005,59.3613,3.495,4.614,10.719*77
$GNGST,085538.30,0.013,0.006,0.004,54.2966,3.495,4.614,10.719*71
$GNGST,085538.40,0.013,0.005,0.004,57.0241,3.495,4.614,10.719*7A
$GNGST,085538.50,0.012,0.005,0.004,55.5454,3.495,4.614,10.719*7F
$GNGST,085538.60,0.012,0.005,0.004,55.5455,3.495,4.614,10.719*7D
$GNGST,085538.70,0.012,0.005,0.004,55.5456,3.495,4.614,10.719*7F
$GNGST,085538.80,0.012,0.005,0.004,54.1384,3.495,4.614,10.719*7D
$GNGST,085538.90,0.013,0.006,0.004,53.1769,3.495,4.614,10.719*7E
$GNGST,085539.00,0.013,0.005,0.004,56.0656,3.495,4.614,10.719*7C
$GNGST,085539.10,0.013,0.006,0.004,56.9141,3.495,4.614,10.719*76
$GNGST,085539.20,0.013,0.006,0.004,53.9310,3.495,4.614,10.719*76
$GNGST,085539.30,0.013,0.006,0.004,50.8853,3.495,4.614,10.719*79
$GNGST,085539.40,0.013,0.005,0.004,52.6305,3.495,4.614,10.719*79
$GNGST,085539.50,0.013,0.005,0.004,52.8503,3.495,4.614,10.719*76
$GNGST,085539.60,0.013,0.006,0.004,52.0919,3.495,4.614,10.719*79
$GNGST,085539.70,0.012,0.005,0.004,51.9021,3.495,4.614,10.719*72
$GNGST,085539.80,0.014,0.006,0.005,57.4146,3.495,4.614,10.719*72
$GNGST,085539.90,0.012,0.005,0.004,54.6410,3.495,4.614,10.719*70
$GNGST,085540.00,0.013,0.005,0.004,53.9182,3.495,4.614,10.719*70
$GNGST,085540.10,0.012,0.005,0.004,55.2096,3.495,4.614,10.719*79
$GNGST,085540.20,0.012,0.005,0.004,55.5852,3.495,4.614,10.719*7D
$GNGST,085540.30,0.012,0.005,0.004,55.1365,3.495,4.614,10.719*77
$GNGST,085540.40,0.013,0.005,0.004,55.1097,3.495,4.614,10.719*7F
$GNGST,085540.50,0.013,0.006,0.005,61.1052,3.495,4.614,10.719*72
$GNGST,085540.60,0.012,0.005,0.004,53.6762,3.495,4.614,10.719*70
$GNGST,085540.70,0.012,0.005,0.004,53.6762,3.495,4.614,10.719*71
$GNGST,085540.80,0.012,0.005,0.004,53.6761,3.495,4.614,10.719*7D
$GNGST,085540.90,0.012,0.005,0.004,53.6761,3.495,4.614,10.719*7C
$GNGST,085541.00,0.012,0.005,0.004,57.1419,3.495,4.614,10.719*7B
$GNGST,085541.10,0.012,0.005,0.004,53.6761,3.495,4.614,10.719*75
$GNGST,085541.20,0.012,0.005,0.004,53.0834,3.495,4.614,10.719*7F
$GNGST,085541.30,0.012,0.005,0.004,53.0834,3.495,4.614,10.719*7E
$GNGST,085541.40,0.012,0.005,0.004,53.0834,3.495,4.614,10.719*79
$GNGST,085541.50,0.013,0.006,0.005,53.5682,3.495,4.614,10.719*7D
$GNGST,085541.60,0.012,0.005,0.004,53.4575,3.495,4.614,10.719*77
$GNGST,085541.70,0.014,0.006,0.005,51.7612,3.495,4.614,10.719*71
$GNGST,085541.80,0.013,0.005,0.004,52.8052,3.495,4.614,10.719*75
$GNGST,085541.90,0.013,0.005,0.004,51.7114,3.495,4.614,10.719*7B
$GNGST,085542.00,0.012,0.005,0.004,51.2521,3.495,4.614,10.719*77
$GNGST,085542.10,0.012,0.005,0.004,51.5264,3.495,4.614,10.719*77
$GNGST,085542.20,0.012,0.005,0.004,51.5265,3.495,4.614,10.719*75
$GNGST,085542.30,0.012,0.005,0.004,51.5265,3.495,4.614,10.719*74
$GNGST,085542.40,0.012,0.005,0.004,51.4686,3.495,4.614,10.719*7B
$GNGST,085542.50,0.012,0.005,0.004,52.1054,3.495,4.614,10.719*75
$GNGST,085542.60,0.012,0.005,0.004,52.1055,3.495,4.614,10.719*77
$GNGST,085542.70,0.012,0.005,0.004,52.7436,3.495,4.614,10.719*71
$GNGST,085542.80,0.012,0.005,0.004,52.7437,3.495,4.614,10.719*7F
$GNGST,085542.90,0.012,0.005,0.004,52.1352,3.495,4.614,10.719*7C
$GNGST,085543.00,0.012,0.005,0.004,52.1353,3.495,4.614,10.719*75
$GNGST,085543.10,0.012,0.005,0.004,53.2471,3.495,4.614,10.719*71
$GNGST,085543.20,0.012,0.005,0.004,51.1851,3.495,4.614,10.719*7D
$GNGST,085543.30,0.012,0.005,0.004,52.6198,3.495,4.614,10.719*74
$GNGST,085543.40,0.014,0.006,0.005,56.6882,3.495,4.614,10.719*71
$GNGST,085543.50,0.012,0.006,0.004,52.8399,3.495,4.614,10.719*7C
$GNGST,085543.60,0.013,0.006,0.004,52.5317,3.495,4.614,10.719*75
$GNGST,085543.70,0.012,0.006,0.004,53.0724,3.495,4.614,10.719*75
$GNGST,085543.80,0.013,0.006,0.004,51.8562,3.495,4.614,10.719*71
$GNGST,085543.90,0.013,0.006,0.004,51.8563,3.495,4.614,10.719*71
$GNGST,085544.00,0.013,0.006,0.004,51.8564,3.495,4.614,10.719*78
$GNGST,085544.10,0.012,0.006,0.004,52.2726,3.495,4.614,10.719*75
$GNGST,085544.20,0.013,0.006,0.004,52.1689,3.495,4.614,10.719*70
$GNGST,085544.30,0.013,0.006,0.004,52.7051,3.495,4.614,10.719*74
$GNGST,085544.40,0.013,0.006,0.004,52.9311,3.495,4.614,10.719*7A
$GNGST,085544.50,0.012,0.005,0.004,58.6657,3.495,4.614,10.719*7B
$GNGST,085544.60,0.012,0.005,0.004,56.5411,3.495,4.614,10.719*75
$GNGST,085544.70,0.012,0.005,0.004,57.3135,3.495,4.614,10.719*70
$GNGST,085544.80,0.012,0.005,0.004,56.5503,3.495,4.614,10.719*79
$GNGST,085544.90,0.012,0.005,0.004,55.7305,3.495,4.614,10.719*79
$GNGST,085545.00,0.012,0.005,0.004,55.7306,3.495,4.614,10.719*72
$GNGST,085545.10,0.012,0.005,0.004,57.3140,3.495,4.614,10.719*75
$GNGST,085545.20,0.012,0.005,0.004,57.3142,3.495,4.614,10.719*74
$GNGST,085545.30,0.012,0.005,0.004,56.5419,3.495,4.614,10.719*79
$GNGST,085545.40,0.012,0.005,0.004,56.5421,3.495,4.614,10.719*75
$GNGST,085545.50,0.012,0.005,0.004,56.3074,3.495,4.614,10.719*76
$GNGST,085545.60,0.012,0.005,0.004,54.6843,3.495,4.614,10.719*7E
$GNGST,085545.70,0.012,0.005,0.004,58.3593,3.495,4.614,10.719*76
$GNGST,085545.80,0.012,0.005,0.004,57.7484,3.495,4.614,10.719*75
$GNGST,085545.90,0.012,0.005,0.004,56.7814,3.495,4.614,10.719*70
$GNGST,085546.00,0.012,0.005,0.004,56.7816,3.495,4.614,10.719*78
$GNGST,085546.10,0.012,0.005,0.004,56.7818,3.495,4.614,10.719*77
$GNGST,085546.20,0.012,0.005,0.004,57.1012,3.495,4.614,10.719*71
$GNGST,085546.30,0.012,0.005,0.004,54.3801,3.495,4.614,10.719*7B
$GNGST,085546.40,0.012,0.005,0.004,54.9134,3.495,4.614,10.719*79
$GNGST,085546.50,0.012,0.005,0.004,56.7640,3.495,4.614,10.719*70
$GNGST,085546.60,0.012,0.005,0.004,56.3811,3.495,4.614,10.719*7D
$GNGST,085546.70,0.012,0.005,0.004,56.3812,3.495,4.614,10.719*7F
$GNGST,085546.80,0.012,0.005,0.004,56.3550,3.495,4.614,10.719*7B
$GNGST,085546.90,0.012,0.005,0.004,56.9687,3.495,4.614,10.719*79
$GNGST,085547.00,0.012,0.005,0.004,56.9688,3.495,4.614,10.719*7E
$GNGST,085547.10,0.012,0.005,0.004,54.4991,3.495,4.614,10.719*77
$GNGST,085547.20,0.012,0.005,0.004,55.9146,3.495,4.614,10.719*7A
$GNGST,085547.30,0.012,0.005,0.004,56.6052,3.495,4.614,10.719*73
$GNGST,085547.40,0.012,0.005,0.004,57.0742,3.495,4.614,10.719*75
$GNGST,085547.50,0.013,0.006,0.005,52.7631,3.495,4.614,10.719*70
$GNGST,085547.60,0.012,0.005,0.004,58.1849,3.495,4.614,10.719*7D
$GNGST,085547.70,0.012,0.005,0.004,53.4805,3.495,4.614,10.719*7A
$GNGST,085547.80,0.012,0.005,0.004,53.4805,3.495,4.614,10.719*75
$GNGST,085547.90,0.013,0.006,0.004,55.3111,3.495,4.614,10.719*7B
$GNGST,085548.00,0.012,0.006,0.004,53.4395,3.495,4.614,10.719*73
$GNGST,085548.10,0.013,0.006,0.004,52.7815,3.495,4.614,10.719*72
$GNGST,085548.20,0.012,0.005,0.004,54.0483,3.495,4.614,10.719*71
$GNGST,085548.30,0.012,0.005,0.004,53.5929,3.495,4.614,10.719*7F
$GNGST,085548.40,0.012,0.005,0.004,53.5929,3.495,4.614,10.719*78
$GNGST,085548.50,0.012,0.005,0.004,55.4566,3.495,4.614,10.719*79
$GNGST,085548.60,0.012,0.005,0.004,55.3382,3.495,4.614,10.719*71
$GNGST,085548.70,0.012,0.005,0.004,55.3382,3.495,4.614,10.719*70
$GNGST,085548.80,0.012,0.005,0.004,55.3383,3.495,4.614,10.719*7E
$GNGST,085548.90,0.012,0.005,0.004,55.3383,3.495,4.614,10.719*7F
$GNGST,085549.00,0.012,0.006,0.004,53.2931,3.495,4.614,10.719*70
$GNGST,085549.10,0.012,0.005,0.004,55.3384,3.495,4.614,10.719*71
$GNGST,085549.20,0.012,0.005,0.004,55.3384,3.495,4.614,10.719*72
$GNGST,085549.30,0.012,0.005,0.004,55.1945,3.495,4.614,10.719*76
$GNGST,085549.40,0.012,0.005,0.004,54.2868,3.495,4.614,10.719*7D
$GNGST,085549.50,0.012,0.005,0.004,57.9064,3.495,4.614,10.719*70
$GNGST,085549.60,0.012,0.005,0.004,57.9065,3.495,4.614,10.719*72
$GNGST,085549.70,0.012,0.005,0.004,58.7766,3.495,4.614,10.719*76
$GNGST,085549.80,0.012,0.005,0.004,58.7766,3.495,4.614,10.719*79
$GNGST,085549.90,0.012,0.005,0.004,57.9067,3.495,4.614,10.719*7F
$GNGST,085550.00,0.012,0.005,0.004,57.9068,3.495,4.614,10.719*71
$GNGST,085550.10,0.012,0.005,0.004,57.3325,3.495,4.614,10.719*70
$GNGST,085550.20,0.012,0.005,0.004,57.9069,3.495,4.614,10.719*72
$GNGST,085550.30,0.012,0.005,0.004,57.9070,3.495,4.614,10.719*7B
$GNGST,085550.40,0.012,0.005,0.004,57.9071,3.495,4.614,10.719*7D
$GNGST,085550.50,0.012,0.005,0.004,57.7262,3.495,4.614,10.719*72
$GNGST,085550.60,0.012,0.005,0.004,58.9152,3.495,4.614,10.719*70
$GNGST,085550.70,0.012,0.005,0.004,59.3751,3.495,4.614,10.719*7F
$GNGST,085550.80,0.012,0.005,0.004,52.8786,3.495,4.614,10.719*7A
$GNGST,085550.90,0.012,0.005,0.004,53.6225,3.495,4.614,10.719*78
$GNGST,085551.00,0.012,0.005,0.004,54.3401,3.495,4.614,10.719*72
$GNGST,085551.10,0.012,0.005,0.004,53.4822,3.495,4.614,10.719*7E
$GNGST,085551.20,0.012,0.005,0.004,54.2316,3.495,4.614,10.719*70
$GNGST,085551.30,0.012,0.005,0.004,53.6551,3.495,4.614,10.719*77
$GNGST,085551.40,0.012,0.005,0.004,54.0887,3.495,4.614,10.719*77
$GNGST,085551.50,0.012,0.005,0.004,57.4459,3.495,4.614,10.719*7E
$GNGST,085551.60,0.012,0.005,0.004,56.4788,3.495,4.614,10.719*73
$GNGST,085551.70,0.012,0.005,0.004,57.0480,3.495,4.614,10.719*7C
$GNGST,085551.80,0.012,0.005,0.004,57.0481,3.495,4.614,10.719*72
$GNGST,085551.90,0.012,0.005,0.004,55.9059,3.495,4.614,10.719*79
$GNGST,085552.00,0.012,0.005,0.004,57.6547,3.495,4.614,10.719*74
$GNGST,085552.10,0.012,0.005,0.004,57.6548,3.495,4.614,10.719*7A
$GNGST,085552.20,0.012,0.005,0.004,57.6549,3.495,4.614,10.719*78
$GNGST,085552.30,0.012,0.005,0.004,57.3184,3.495,4.614,10.719*79
$GNGST,085552.40,0.012,0.005,0.004,57.8522,3.495,4.614,10.719*7D
$GNGST,085552.50,0.012,0.005,0.004,57.6552,3.495,4.614,10.719*75
$GNGST,085552.60,0.012,0.005,0.004,57.9918,3.495,4.614,10.719*7B
$GNGST,085552.70,0.012,0.005,0.004,58.3338,3.495,4.614,10.719*77
$GNGST,085552.80,0.012,0.005,0.004,58.8175,3.495,4.614,10.719*78
$GNGST,085552.90,0.012,0.005,0.004,57.9920,3.495,4.614,10.719*7F
$GNGST,085553.00,0.012,0.005,0.004,58.3751,3.495,4.614,10.719*7A
$GNGST,085553.10,0.012,0.005,0.004,57.9921,3.495,4.614,10.719*77
$GNGST,085553.20,0.012,0.005,0.004,57.9922,3.495,4.614,10.719*77
$GNGST,085553.30,0.012,0.005,0.004,57.9922,3.495,4.614,10.719*76
$GNGST,085553.40,0.012,0.005,0.004,59.3940,3.495,4.614,10.719*71
$GNGST,085553.50,0.012,0.005,0.004,57.9923,3.495,4.614,10.719*71
$GNGST,085553.60,0.012,0.005,0.004,56.8307,3.495,4.614,10.719*7E
$GNGST,085553.70,0.012,0.005,0.004,57.9260,3.495,4.614,10.719*7F
$GNGST,085553.80,0.012,0.005,0.004,58.3725,3.495,4.614,10.719*71
$GNGST,085553.90,0.012,0.005,0.004,58.3726,3.495,4.614,10.719*73
$GNGST,085554.00,0.012,0.005,0.004,58.3726,3.495,4.614,10.719*7D
$GNGST,085554.10,0.012,0.005,0.004,58.3727,3.495,4.614,10.719*7D
$GNGST,085554.20,0.012,0.005,0.004,58.3728,3.495,4.614,10.719*71
$GNGST,085554.30,0.012,0.005,0.004,58.3729,3.495,4.614,10.719*71
$GNGST,085554.40,0.012,0.005,0.004,58.3729,3.495,4.614,10.719*76
$GNGST,085554.50,0.012,0.005,0.004,57.7551,3.495,4.614,10.719*71
$GNGST,085554.60,0.012,0.005,0.004,57.7552,3.495,4.614,10.719*71
$GNGST,085554.70,0.012,0.005,0.004,59.1874,3.495,4.614,10.719*71
$GNGST,085554.80,0.012,0.005,0.004,58.2406,3.495,4.614,10.719*75
$GNGST,085554.90,0.012,0.005,0.004,59.7189,3.495,4.614,10.719*72
$GNGST,085555.00,0.012,0.005,0.004,59.7190,3.495,4.614,10.719*72
$GNGST,085555.10,0.012,0.005,0.004,58.2409,3.495,4.614,10.719*72
$GNGST,085555.20,0.012,0.005,0.004,58.4346,3.495,4.614,10.719*7B
$GNGST,085555.30,0.012,0.005,0.004,58.4347,3.495,4.614,10.719*7B
$GNGST,085555.40,0.012,0.005,0.004,58.1482,3.495,4.614,10.719*77
$GNGST,085555.50,0.012,0.005,0.004,58.1483,3.495,4.614,10.719*77
$GNGST,085555.60,0.012,0.005,0.004,58.1484,3.495,4.614,10.719*73
$GNGST,085555.70,0.012,0.005,0.004,58.1485,3.495,4.614,10.719*73
$GNGST,085555.80,0.012,0.005,0.004,58.1486,3.495,4.614,10.719*7F
$GNGST,085555.90,0.012,0.005,0.004,58.1487,3.495,4.614,10.719*7F
$GNGST,085556.00,0.012,0.005,0.004,58.1488,3.495,4.614,10.719*7A
$GNGST,085556.10,0.012,0.005,0.004,58.1489,3.495,4.614,10.719*7A
$GNGST,085556.20,0.012,0.005,0.004,58.1490,3.495,4.614,10.719*71
$GNGST,085556.30,0.012,0.005,0.004,58.1491,3.495,4.614,10.719*71
$GNGST,085556.40,0.012,0.005,0.004,57.9678,3.495,4.614,10.719*74
$GNGST,085556.50,0.012,0.005,0.004,59.1812,3.495,4.614,10.719*71
$GNGST,085556.60,0.012,0.005,0.004,59.5051,3.495,4.614,10.719*79
$GNGST,085556.70,0.012,0.005,0.004,58.4454,3.495,4.614,10.719*79
$GNGST,085556.80,0.012,0.005,0.004,57.9400,3.495,4.614,10.719*75
$GNGST,085556.90,0.012,0.005,0.004,57.5090,3.495,4.614,10.719*75
$GNGST,085557.00,0.012,0.005,0.004,56.1183,3.495,4.614,10.719*7B
$GNGST,085557.10,0.012,0.005,0.004,56.6150,3.495,4.614,10.719*73
$GNGST,085557.20,0.012,0.005,0.004,55.0781,3.495,4.614,10.719*7F
$GNGST,085557.30,0.012,0.005,0.004,56.0352,3.495,4.614,10.719*77
$GNGST,085557.40,0.012,0.006,0.005,54.7942,3.495,4.614,10.719*7C
$GNGST,085557.50,0.014,0.006,0.005,51.7100,3.495,4.614,10.719*70
$GNGST,085557.60,0.012,0.005,0.004,58.3389,3.495,4.614,10.719*79
$GNGST,085557.70,0.012,0.005,0.004,56.9675,3.495,4.614,10.719*7A
$GNGST,085557.80,0.011,0.005,0.004,57.4881,3.495,4.614,10.719*7F
$GNGST,085557.90,0.011,0.005,0.004,57.2392,3.495,4.614,10.719*71
$GNGST,085558.00,0.011,0.005,0.004,57.6310,3.495,4.614,10.719*79
$GNGST,085558.10,0.011,0.005,0.004,57.2393,3.495,4.614,10.719*77
$GNGST,085558.20,0.012,0.005,0.004,58.2731,3.495,4.614,10.719*74
$GNGST,085558.30,0.012,0.005,0.004,56.5879,3.495,4.614,10.719*7F
$GNGST,085558.40,0.011,0.005,0.004,57.5841,3.495,4.614,10.719*71
$GNGST,085558.50,0.012,0.005,0.004,59.3415,3.495,4.614,10.719*76
$GNGST,085558.60,0.012,0.005,0.004,58.0914,3.495,4.614,10.719*7B
$GNGST,085558.70,0.012,0.005,0.004,58.0915,3.495,4.614,10.719*7B
$GNGST,085558.80,0.012,0.005,0.004,56.2998,3.495,4.614,10.719*7D
$GNGST,085558.90,0.012,0.005,0.004,57.6954,3.495,4.614,10.719*79
$GNGST,085559.00,0.012,0.005,0.004,59.1848,3.495,4.614,10.719*74
$GNGST,085559.10,0.012,0.005,0.004,57.6955,3.495,4.614,10.719*71
$GNGST,085559.20,0.012,0.005,0.004,56.7341,3.495,4.614,10.719*7D
$GNGST,085559.30,0.012,0.005,0.004,59.6468,3.495,4.614,10.719*7E
$GNGST,085559.40,0.012,0.005,0.004,58.4419,3.495,4.614,10.719*7C
$GNGST,085559.50,0.012,0.005,0.004,59.1853,3.495,4.614,10.719*7B
$GNGST,085559.60,0.012,0.005,0.004,57.9903,3.495,4.614,10.719*7A
$GNGST,085559.70,0.012,0.005,0.004,57.3062,3.495,4.614,10.719*7F
$GNGST,085559.80,0.012,0.005,0.004,56.9490,3.495,4.614,10.719*72
$GNGST,085559.90,0.012,0.005,0.004,57.2640,3.495,4.614,10.719*76
$GNGST,085600.00,0.012,0.005,0.004,56.7460,3.495,4.614,10.719*74
$GNGST,085600.10,0.012,0.005,0.004,56.9733,3.495,4.614,10.719*7E
$GNGST,085600.20,0.012,0.005,0.004,56.9733,3.495,4.614,10.719*7D
$GNGST,085600.30,0.012,0.005,0.004,56.9734,3.495,4.614,10.719*7B
$GNGST,085600.40,0.012,0.005,0.004,59.9793,3.495,4.614,10.719*7E
$GNGST,085600.50,0.012,0.005,0.004,60.5859,3.495,4.614,10.719*70
$GNGST,085600.60,0.012,0.005,0.004,59.2063,3.495,4.614,10.719*7F
$GNGST,085600.70,0.012,0.005,0.004,58.1657,3.495,4.614,10.719*7D
$GNGST,085600.80,0.012,0.005,0.004,58.2584,3.495,4.614,10.719*7C
$GNGST,085600.90,0.012,0.005,0.004,56.0085,3.495,4.614,10.719*75
$GNGST,085601.00,0.012,0.005,0.004,56.9942,3.495,4.614,10.719*76
$GNGST,085601.10,0.012,0.006,0.004,53.6997,3.495,4.614,10.719*76
$GNGST,085601.20,0.012,0.005,0.004,55.7772,3.495,4.614,10.719*74
$GNGST,085601.30,0.012,0.005,0.004,55.9796,3.495,4.614,10.719*71
$GNGST,085601.40,0.012,0.005,0.004,57.2647,3.495,4.614,10.719*72
$GNGST,085601.50,0.012,0.005,0.004,56.8411,3.495,4.614,10.719*79
$GNGST,085601.60,0.012,0.005,0.004,56.4107,3.495,4.614,10.719*74
$GNGST,085601.70,0.012,0.005,0.004,55.2475,3.495,4.614,10.719*70
$GNGST,085601.80,0.012,0.005,0.004,55.2475,3.495,4.614,10.719*7F
$GNGST,085601.90,0.012,0.005,0.004,52.7346,3.495,4.614,10.719*7B
$GNGST,085602.00,0.012,0.005,0.004,54.1029,3.495,4.614,10.719*7B
$GNGST,085602.10,0.012,0.005,0.004,52.6052,3.495,4.614,10.719*77
$GNGST,085602.20,0.012,0.005,0.004,53.6444,3.495,4.614,10.719*76
$GNGST,085602.30,0.012,0.005,0.004,54.2819,3.495,4.614,10.719*70
$GNGST,085602.40,0.012,0.005,0.004,57.0215,3.495,4.614,10.719*70
$GNGST,085602.50,0.012,0.005,0.004,55.8384,3.495,4.614,10.719*72
$GNGST,085602.60,0.012,0.005,0.004,57.2108,3.495,4.614,10.719*7F
$GNGST,085602.70,0.012,0.005,0.004,56.2053,3.495,4.614,10.719*70
$GNGST,085602.80,0.012,0.005,0.004,57.6456,3.495,4.614,10.719*7B
$GNGST,085602.90,0.012,0.005,0.004,57.2730,3.495,4.614,10.719*7D
$GNGST,085603.00,0.012,0.005,0.004,57.2730,3.495,4.614,10.719*75
$GNGST,085603.10,0.012,0.005,0.004,57.2731,3.495,4.614,10.719*75
$GNGST,085603.20,0.012,0.005,0.004,57.2731,3.495,4.614,10.719*76
$GNGST,085603.30,0.012,0.005,0.004,57.2732,3.495,4.614,10.719*74
$GNGST,085603.40,0.012,0.005,0.004,57.2732,3.495,4.614,10.719*73
$GNGST,085603.50,0.012,0.005,0.004,57.2732,3.495,4.614,10.719*72
$GNGST,085603.60,0.012,0.005,0.004,57.0679,3.495,4.614,10.719*7D
$GNGST,085603.70,0.012,0.005,0.004,57.0680,3.495,4.614,10.719*7A
$GNGST,085603.80,0.012,0.005,0.004,57.0680,3.495,4.614,10.719*75
$GNGST,085603.90,0.012,0.005,0.004,55.9548,3.495,4.614,10.719*78
$GNGST,085604.00,0.012,0.005,0.004,57.0681,3.495,4.614,10.719*7B
$GNGST,085604.10,0.012,0.005,0.004,57.0917,3.495,4.614,10.719*7A
$GNGST,085604.20,0.012,0.005,0.004,57.0918,3.495,4.614,10.719*76
$GNGST,085604.30,0.012,0.005,0.004,57.0918,3.495,4.614,10.719*77
$GNGST,085604.40,0.013,0.006,0.004,54.7163,3.495,4.614,10.719*72
$GNGST,085604.50,0.012,0.005,0.004,57.0919,3.495,4.614,10.719*70
$GNGST,085604.60,0.012,0.005,0.004,57.0920,3.495,4.614,10.719*79
$GNGST,085604.70,0.012,0.005,0.004,57.1451,3.495,4.614,10.719*72
$GNGST,085604.80,0.012,0.005,0.004,57.0921,3.495,4.614,10.719*76
$GNGST,085604.90,0.012,0.005,0.004,55.9828,3.495,4.614,10.719*74
$GNGST,085605.00,0.012,0.005,0.004,57.5612,3.495,4.614,10.719*75
$GNGST,085605.10,0.012,0.005,0.004,55.9828,3.495,4.614,10.719*7D
$GNGST,085605.20,0.012,0.005,0.004,55.9829,3.495,4.614,10.719*7F
$GNGST,085605.30,0.012,0.005,0.004,56.9364,3.495,4.614,10.719*7F
$GNGST,085605.40,0.012,0.005,0.004,55.9830,3.495,4.614,10.719*71
$GNGST,085605.50,0.012,0.005,0.004,56.2495,3.495,4.614,10.719*7B
$GNGST,085605.60,0.012,0.005,0.004,57.0374,3.495,4.614,10.719*73
$GNGST,085605.70,0.012,0.005,0.004,56.4223,3.495,4.614,10.719*74
$GNGST,085605.80,0.012,0.005,0.004,56.4548,3.495,4.614,10.719*71
$GNGST,085605.90,0.012,0.005,0.004,56.5739,3.495,4.614,10.719*75
$GNGST,085606.00,0.012,0.005,0.004,56.3983,3.495,4.614,10.719*76
$GNGST,085606.10,0.012,0.005,0.004,56.4549,3.495,4.614,10.719*7A
$GNGST,085606.20,0.012,0.005,0.004,56.4550,3.495,4.614,10.719*71
$GNGST,085606.30,0.012,0.005,0.004,56.4550,3.495,4.614,10.719*70
$GNGST,085606.40,0.012,0.005,0.004,56.6309,3.495,4.614,10.719*7F
$GNGST,085606.50,0.012,0.005,0.004,58.1652,3.495,4.614,10.719*7C
$GNGST,085606.60,0.012,0.005,0.004,58.3986,3.495,4.614,10.719*7B
$GNGST,085606.70,0.012,0.005,0.004,57.5622,3.495,4.614,10.719*72
$GNGST,085606.80,0.012,0.005,0.004,57.0620,3.495,4.614,10.719*7A
$GNGST,085606.90,0.012,0.005,0.004,57.5623,3.495,4.614,10.719*7D
$GNGST,085607.00,0.012,0.005,0.004,57.3857,3.495,4.614,10.719*7E
$GNGST,085607.10,0.012,0.005,0.004,57.5624,3.495,4.614,10.719*73
$GNGST,085607.20,0.012,0.005,0.004,57.5625,3.495,4.614,10.719*71
$GNGST,085607.30,0.012,0.005,0.004,57.5625,3.495,4.614,10.719*70
$GNGST,085607.40,0.012,0.005,0.004,57.5625,3.495,4.614,10.719*77
$GNGST,085607.50,0.012,0.005,0.004,57.5626,3.495,4.614,10.719*75
$GNGST,085607.60,0.012,0.005,0.004,57.5626,3.495,4.614,10.719*76
$GNGST,085607.70,0.012,0.005,0.004,57.5627,3.495,4.614,10.719*76
$GNGST,085607.80,0.012,0.005,0.004,57.7572,3.495,4.614,10.719*78
$GNGST,085607.90,0.012,0.005,0.004,58.1317,3.495,4.614,10.719*75
$GNGST,085608.00,0.012,0.005,0.004,57.7573,3.495,4.614,10.719*7E
$GNGST,085608.10,0.012,0.005,0.004,57.7574,3.495,4.614,10.719*78
$GNGST,085608.20,0.012,0.005,0.004,57.7303,3.495,4.614,10.719*7D
$GNGST,085608.30,0.012,0.005,0.004,57.7575,3.495,4.614,10.719*7B
$GNGST,085608.40,0.012,0.005,0.004,57.7030,3.495,4.614,10.719*78
$GNGST,085608.50,0.012,0.005,0.004,57.7576,3.495,4.614,10.719*7E
$GNGST,085608.60,0.012,0.005,0.004,57.7576,3.495,4.614,10.719*7D
$GNGST,085608.70,0.012,0.005,0.004,58.2119,3.495,4.614,10.719*7B
$GNGST,085608.80,0.012,0.005,0.004,58.9124,3.495,4.614,10.719*71
$GNGST,085608.90,0.012,0.005,0.004,58.3159,3.495,4.614,10.719*70
$GNGST,085609.00,0.012,0.005,0.004,59.1236,3.495,4.614,10.719*71
$GNGST,085609.10,0.012,0.005,0.004,58.0251,3.495,4.614,10.719*71
$GNGST,085609.20,0.012,0.005,0.004,61.7872,3.495,4.614,10.719*74
$GNGST,085609.30,0.012,0.005,0.004,59.2062,3.495,4.614,10.719*72
$GNGST,085609.40,0.012,0.005,0.004,58.6059,3.495,4.614,10.719*78
$GNGST,085609.50,0.012,0.005,0.004,58.9348,3.495,4.614,10.719*75
$GNGST,085609.60,0.012,0.005,0.004,58.7619,3.495,4.614,10.719*79
$GNGST,085609.70,0.012,0.005,0.004,59.8444,3.495,4.614,10.719*7C
$GNGST,085609.80,0.012,0.005,0.004,59.2713,3.495,4.614,10.719*78
$GNGST,085609.90,0.012,0.005,0.004,59.6751,3.495,4.614,10.719*7B
$GNGST,085610.00,0.012,0.005,0.004,60.3817,3.495,4.614,10.719*78
$GNGST,085610.10,0.012,0.005,0.004,60.3490,3.495,4.614,10.719*7A
$GNGST,085610.20,0.012,0.005,0.004,59.6753,3.495,4.614,10.719*7A
$GNGST,085610.30,0.012,0.005,0.004,59.6753,3.495,4.614,10.719*7B
$GNGST,085610.40,0.012,0.005,0.004,59.2065,3.495,4.614,10.719*7A
$GNGST,085610.50,0.012,0.005,0.004,58.5615,3.495,4.614,10.719*7C
$GNGST,085610.60,0.012,0.005,0.004,59.6275,3.495,4.614,10.719*7F
$GNGST,085610.70,0.012,0.005,0.004,58.1378,3.495,4.614,10.719*74
$GNGST,085610.80,0.012,0.005,0.004,58.1379,3.495,4.614,10.719*7A
$GNGST,085610.90,0.012,0.005,0.004,57.9471,3.495,4.614,10.719*73
$GNGST,085611.00,0.012,0.005,0.004,58.5168,3.495,4.614,10.719*75
$GNGST,085611.10,0.012,0.005,0.004,58.0361,3.495,4.614,10.719*7A
$GNGST,085611.20,0.012,0.005,0.004,57.6780,3.495,4.614,10.719*7B
$GNGST,085611.30,0.012,0.005,0.004,57.8514,3.495,4.614,10.719*7B
$GNGST,085611.40,0.012,0.005,0.004,58.2000,3.495,4.614,10.719*79
$GNGST,085611.50,0.012,0.005,0.004,58.2000,3.495,4.614,10.719*78
$GNGST,085611.60,0.012,0.005,0.004,58.2000,3.495,4.614,10.719*7B
$GNGST,085611.70,0.012,0.005,0.004,56.6080,3.495,4.614,10.719*78
$GNGST,085611.80,0.012,0.005,0.004,57.0029,3.495,4.614,10.719*73
$GNGST,085611.90,0.012,0.005,0.004,57.0029,3.495,4.614,10.719*72
$GNGST,085612.00,0.012,0.005,0.004,55.6375,3.495,4.614,10.719*76
$GNGST,085612.10,0.012,0.006,0.004,55.2166,3.495,4.614,10.719*70
$GNGST,085612.20,0.012,0.005,0.004,55.7660,3.495,4.614,10.719*74
$GNGST,085612.30,0.012,0.005,0.004,55.8037,3.495,4.614,10.719*7E
$GNGST,085612.40,0.012,0.005,0.004,55.7660,3.495,4.614,10.719*72
$GNGST,085612.50,0.012,0.005,0.004,57.3554,3.495,4.614,10.719*71
$GNGST,085612.60,0.012,0.005,0.004,57.3554,3.495,4.614,10.719*72
$GNGST,085612.70,0.012,0.005,0.004,57.3554,3.495,4.614,10.719*73
$GNGST,085612.80,0.012,0.005,0.004,57.3554,3.495,4.614,10.719*7C
$GNGST,085612.90,0.012,0.005,0.004,55.8857,3.495,4.614,10.719*7A
$GNGST,085613.00,0.012,0.005,0.004,57.0118,3.495,4.614,10.719*7A
$GNGST,085613.10,0.012,0.005,0.004,57.6006,3.495,4.614,10.719*73
$GNGST,085613.20,0.012,0.005,0.004,55.0633,3.495,4.614,10.719*74
$GNGST,085613.30,0.012,0.005,0.004,55.9304,3.495,4.614,10.719*7D
$GNGST,085613.40,0.012,0.005,0.004,55.4019,3.495,4.614,10.719*78
$GNGST,085613.50,0.013,0.006,0.004,55.5637,3.495,4.614,10.719*70
$GNGST,085613.60,0.012,0.005,0.004,56.1528,3.495,4.614,10.719*7B
$GNGST,085613.70,0.012,0.005,0.004,55.9794,3.495,4.614,10.719*74
$GNGST,085613.80,0.012,0.005,0.004,57.8691,3.495,4.614,10.719*7C
$GNGST,085613.90,0.012,0.005,0.004,57.8692,3.495,4.614,10.719*7E
$GNGST,085614.00,0.012,0.005,0.004,57.8692,3.495,4.614,10.719*70
$GNGST,085614.10,0.012,0.005,0.004,58.0923,3.495,4.614,10.719*73
$GNGST,085614.20,0.012,0.005,0.004,57.8692,3.495,4.614,10.719*72
$GNGST,085614.30,0.012,0.005,0.004,57.3134,3.495,4.614,10.719*73
$GNGST,085614.40,0.012,0.005,0.004,58.4486,3.495,4.614,10.719*70
$GNGST,085614.50,0.012,0.005,0.004,59.6174,3.495,4.614,10.719*7A
$GNGST,085614.60,0.012,0.005,0.004,59.9489,3.495,4.614,10.719*71
$GNGST,085614.70,0.012,0.005,0.004,59.6175,3.495,4.614,10.719*79
$GNGST,085614.80,0.012,0.005,0.004,57.4005,3.495,4.614,10.719*7C
$GNGST,085614.90,0.012,0.005,0.004,57.8150,3.495,4.614,10.719*70
$GNGST,085615.00,0.012,0.005,0.004,57.4005,3.495,4.614,10.719*75
$GNGST,085615.10,0.012,0.005,0.004,57.4006,3.495,4.614,10.719*77
$GNGST,085615.20,0.012,0.005,0.004,57.4006,3.495,4.614,10.719*74
$GNGST,085615.30,0.012,0.005,0.004,57.4006,3.495,4.614,10.719*75
$GNGST,085615.40,0.012,0.005,0.004,54.4196,3.495,4.614,10.719*79
$GNGST,085615.50,0.012,0.005,0.004,54.4196,3.495,4.614,10.719*78
$GNGST,085615.60,0.012,0.005,0.004,55.1738,3.495,4.614,10.719*7D
$GNGST,085615.70,0.012,0.005,0.004,55.6284,3.495,4.614,10.719*79
$GNGST,085615.80,0.012,0.005,0.004,54.8979,3.495,4.614,10.719*70
$GNGST,085615.90,0.012,0.005,0.004,54.7822,3.495,4.614,10.719*71
$GNGST,085616.00,0.012,0.005,0.004,54.8979,3.495,4.614,10.719*7B
$GNGST,085616.10,0.012,0.005,0.004,55.0979,3.495,4.614,10.719*73
$GNGST,085616.20,0.012,0.005,0.004,54.7774,3.495,4.614,10.719*75
$GNGST,085616.30,0.012,0.005,0.004,54.7774,3.495,4.614,10.719*74
$GNGST,085616.40,0.012,0.005,0.004,54.9067,3.495,4.614,10.719*78
$GNGST,085616.50,0.012,0.005,0.004,55.1748,3.495,4.614,10.719*7A
$GNGST,085616.60,0.012,0.005,0.004,54.1478,3.495,4.614,10.719*78
$GNGST,085616.70,0.012,0.005,0.004,55.0920,3.495,4.614,10.719*79
$GNGST,085616.80,0.012,0.005,0.004,54.8995,3.495,4.614,10.719*71
$GNGST,085616.90,0.012,0.005,0.004,54.8995,3.495,4.614,10.719*70
$GNGST,085617.00,0.012,0.005,0.004,55.1015,3.495,4.614,10.719*71
$GNGST,085617.10,0.012,0.005,0.004,55.5625,3.495,4.614,10.719*71
$GNGST,085617.20,0.012,0.005,0.004,54.9562,3.495,4.614,10.719*7F
$GNGST,085617.30,0.012,0.005,0.004,54.6947,3.495,4.614,10.719*7A
$GNGST,085617.40,0.012,0.005,0.004,54.6613,3.495,4.614,10.719*73
$GNGST,085617.50,0.012,0.005,0.004,55.1838,3.495,4.614,10.719*73
$GNGST,085617.60,0.012,0.005,0.004,54.3854,3.495,4.614,10.719*79
$GNGST,085617.70,0.012,0.005,0.004,54.6105,3.495,4.614,10.719*70
$GNGST,085617.80,0.012,0.005,0.004,55.3717,3.495,4.614,10.719*7E
$GNGST,085617.90,0.012,0.005,0.004,55.3995,3.495,4.614,10.719*7B
$GNGST,085618.00,0.012,0.005,0.004,55.3995,3.495,4.614,10.719*7D
$GNGST,085618.10,0.012,0.005,0.004,55.3995,3.495,4.614,10.719*7C
$GNGST,085618.20,0.012,0.005,0.004,55.3995,3.495,4.614,10.719*7F
$GNGST,085618.30,0.012,0.005,0.004,55.3996,3.495,4.614,10.719*7D
$GNGST,085618.40,0.012,0.005,0.004,55.3996,3.495,4.614,10.719*7A
$GNGST,085618.50,0.012,0.005,0.004,55.3996,3.495,4.614,10.719*7B
$GNGST,085618.60,0.012,0.005,0.004,55.9045,3.495,4.614,10.719*75
$GNGST,085618.70,0.012,0.005,0.004,55.4273,3.495,4.614,10.719*7E
$GNGST,085618.80,0.012,0.005,0.004,56.1262,3.495,4.614,10.719*77
$GNGST,085618.90,0.012,0.005,0.004,57.4779,3.495,4.614,10.719*7D
$GNGST,085619.00,0.012,0.005,0.004,57.9402,3.495,4.614,10.719*77
$GNGST,085619.10,0.012,0.005,0.004,57.3043,3.495,4.614,10.719*7D
$GNGST,085619.20,0.012,0.005,0.004,56.6592,3.495,4.614,10.719*73
$GNGST,085619.30,0.012,0.005,0.004,56.6592,3.495,4.614,10.719*72
$GNGST,085619.40,0.012,0.005,0.004,56.8122,3.495,4.614,10.719*74
$GNGST,085619.50,0.012,0.005,0.004,56.8122,3.495,4.614,10.719*75
$GNGST,085619.60,0.013,0.006,0.005,62.9847,3.495,4.614,10.719*79
$GNGST,085619.70,0.012,0.006,0.004,54.8053,3.495,4.614,10.719*71
$GNGST,085619.80,0.013,0.006,0.005,63.3901,3.495,4.614,10.719*7F
$GNGST,085619.90,0.012,0.005,0.004,51.6900,3.495,4.614,10.719*78
$GNGST,085620.00,0.012,0.005,0.004,51.6900,3.495,4.614,10.719*7B
$GNGST,085620.10,0.012,0.005,0.004,51.2200,3.495,4.614,10.719*75
$GNGST,085620.20,0.012,0.005,0.004,51.6899,3.495,4.614,10.719*78
$GNGST,085620.30,0.012,0.005,0.004,51.9807,3.495,4.614,10.719*71
$GNGST,085620.40,0.012,0.005,0.004,51.2199,3.495,4.614,10.719*73
$GNGST,085620.50,0.012,0.005,0.004,57.1094,3.495,4.614,10.719*7B
$GNGST,085620.60,0.012,0.005,0.004,57.9877,3.495,4.614,10.719*75
$GNGST,085620.70,0.012,0.005,0.004,57.9878,3.495,4.614,10.719*7B
$GNGST,085620.80,0.012,0.005,0.004,57.3945,3.495,4.614,10.719*71
$GNGST,085620.90,0.012,0.005,0.004,58.1068,3.495,4.614,10.719*7B
$GNGST,085621.00,0.012,0.005,0.004,57.6431,3.495,4.614,10.719*73
$GNGST,085621.10,0.012,0.005,0.004,58.4268,3.495,4.614,10.719*75
$GNGST,085621.20,0.012,0.005,0.004,58.6161,3.495,4.614,10.719*7E
$GNGST,085621.30,0.012,0.005,0.004,58.6162,3.495,4.614,10.719*7C
$GNGST,085621.40,0.012,0.005,0.004,58.6162,3.495,4.614,10.719*7B
$GNGST,085621.50,0.012,0.005,0.004,58.6163,3.495,4.614,10.719*7B
$GNGST,085621.60,0.012,0.005,0.004,58.6164,3.495,4.614,10.719*7F
$GNGST,085621.70,0.012,0.005,0.004,57.6298,3.495,4.614,10.719*71
$GNGST,085621.80,0.012,0.005,0.004,58.9694,3.495,4.614,10.719*76
$GNGST,085621.90,0.012,0.005,0.004,58.5962,3.495,4.614,10.719*7D
$GNGST,085622.00,0.012,0.005,0.005,59.7732,3.495,4.614,10.719*7E
$GNGST,085622.10,0.012,0.005,0.004,58.1107,3.495,4.614,10.719*79
$GNGST,085622.20,0.012,0.005,0.004,58.5964,3.495,4.614,10.719*73
$GNGST,085622.30,0.012,0.005,0.004,59.3349,3.495,4.614,10.719*70
$GNGST,085622.40,0.012,0.005,0.004,56.5359,3.495,4.614,10.719*7F
$GNGST,085622.50,0.012,0.005,0.004,59.8408,3.495,4.614,10.719*7F
$GNGST,085622.60,0.012,0.005,0.004,59.3529,3.495,4.614,10.719*75
$GNGST,085622.70,0.012,0.005,0.005,60.2787,3.495,4.614,10.719*78
$GNGST,085622.80,0.012,0.005,0.005,55.7623,3.495,4.614,10.719*7B
$GNGST,085622.90,0.012,0.005,0.005,56.6756,3.495,4.614,10.719*7B
$GNGST,085623.00,0.012,0.005,0.005,54.5048,3.495,4.614,10.719*7A
$GNGST,085623.10,0.012,0.005,0.005,54.6270,3.495,4.614,10.719*71
$GNGST,085623.20,0.012,0.005,0.005,55.0125,3.495,4.614,10.719*76
$GNGST,085623.30,0.012,0.005,0.005,55.4745,3.495,4.614,10.719*73
$GNGST,085623.40,0.012,0.005,0.005,54.6271,3.495,4.614,10.719*75
$GNGST,085623.50,0.012,0.005,0.005,54.9769,3.495,4.614,10.719*77
$GNGST,085623.60,0.012,0.005,0.005,55.2336,3.495,4.614,10.719*70
$GNGST,085623.70,0.020,0.009,0.006,28.5252,3.495,4.614,10.719*71
$GNGST,085623.80,0.014,0.006,0.005,59.2025,3.495,4.614,10.719*76
$GNGST,085623.90,0.015,0.007,0.005,49.9101,3.495,4.614,10.719*7A
$GNGST,085624.00,0.014,0.007,0.005,61.4716,3.495,4.614,10.719*72
$GNGST,085624.10,0.015,0.007,0.005,59.7965,3.495,4.614,10.719*70
$GNGST,085624.20,0.015,0.007,0.005,68.2624,3.495,4.614,10.719*7E
$GNGST,085624.30,0.016,0.007,0.005,65.5144,3.495,4.614,10.719*77
$GNGST,085624.40,0.015,0.007,0.005,65.0950,3.495,4.614,10.719*7B
$GNGST,085624.50,0.016,0.007,0.005,63.9295,3.495,4.614,10.719*74
$GNGST,085624.60,0.016,0.007,0.005,56.7261,3.495,4.614,10.719*74
$GNGST,085624.70,0.016,0.007,0.005,57.8956,3.495,4.614,10.719*74
$GNGST,085624.80,0.016,0.008,0.005,56.9796,3.495,4.614,10.719*76
$GNGST,085624.90,0.016,0.007,0.006,40.7448,3.495,4.614,10.719*72
$GNGST,085625.00,0.019,0.009,0.006,30.9088,3.495,4.614,10.719*7A
$GNGST,085625.10,0.017,0.007,0.006,51.4520,3.495,4.614,10.719*76
$GNGST,085625.20,0.019,0.008,0.005,52.0617,3.495,4.614,10.719*77
$GNGST,085625.30,0.017,0.008,0.005,63.4319,3.495,4.614,10.719*75
$GNGST,085625.40,0.019,0.009,0.007,79.7786,3.495,4.614,10.719*75
$GNGST,085625.50,0.021,0.008,0.006,59.4455,3.495,4.614,10.719*73
$GNGST,085625.60,0.019,0.008,0.005,61.9933,3.495,4.614,10.719*73
$GNGST,085625.70,0.018,0.008,0.005,64.7424,3.495,4.614,10.719*73
$GNGST,085625.80,0.017,0.008,0.005,59.3604,3.495,4.614,10.719*79
$GNGST,085625.90,0.017,0.007,0.005,58.7765,3.495,4.614,10.719*74
$GNGST,085626.00,0.018,0.009,0.006,59.1115,3.495,4.614,10.719*7A
$GNGST,085626.10,0.018,0.008,0.005,60.7627,3.495,4.614,10.719*73
$GNGST,085626.20,0.023,0.013,0.009,77.3254,3.495,4.614,10.719*7C
$GNGST,085626.30,0.020,0.009,0.006,55.4890,3.495,4.614,10.719*7F
$GNGST,085626.40,0.022,0.009,0.008,7.8180,3.495,4.614,10.719*47
$GNGST,085626.50,0.023,0.008,0.007,16.3391,3.495,4.614,10.719*70
$GNGST,085626.60,0.018,0.008,0.006,50.4507,3.495,4.614,10.719*76
$GNGST,085626.70,0.019,0.008,0.006,74.4321,3.495,4.614,10.719*72
$GNGST,085626.80,0.019,0.008,0.006,79.6212,3.495,4.614,10.719*73
$GNGST,085626.90,0.025,0.014,0.009,-59.3418,3.495,4.614,10.719*59
$GNGST,085627.00,0.027,0.012,0.008,42.5238,3.495,4.614,10.719*71
$GNGST,085627.10,0.022,0.009,0.007,69.6126,3.495,4.614,10.719*76
$GNGST,085627.20,0.020,0.009,0.006,75.0339,3.495,4.614,10.719*71
$GNGST,085627.30,0.017,0.007,0.005,55.5725,3.495,4.614,10.719*77
$GNGST,085627.40,0.023,0.011,0.006,57.0146,3.495,4.614,10.719*77
$GNGST,085627.50,0.023,0.008,0.007,73.8995,3.495,4.614,10.719*77
$GNGST,085627.60,0.022,0.010,0.008,61.1151,3.495,4.614,10.719*79
$GNGST,085627.70,0.020,0.009,0.007,75.8018,3.495,4.614,10.719*7D
$GNGST,085627.80,0.019,0.008,0.007,58.9122,3.495,4.614,10.719*7F
$GNGST,085627.90,0.022,0.010,0.008,58.2659,3.495,4.614,10.719*70
$GNGST,085628.00,0.024,0.010,0.008,52.9542,3.495,4.614,10.719*78
$GNGST,085628.10,0.023,0.010,0.008,56.5460,3.495,4.614,10.719*77
$GNGST,085628.20,0.024,0.011,0.008,44.7009,3.495,4.614,10.719*78
$GNGST,085628.30,0.021,0.009,0.007,57.5500,3.495,4.614,10.719*76
$GNGST,085628.40,0.020,0.009,0.006,47.7641,3.495,4.614,10.719*74
$GNGST,085628.50,0.019,0.009,0.006,50.9442,3.495,4.614,10.719*76
$GNGST,085628.60,0.022,0.010,0.006,43.0581,3.495,4.614,10.719*70
$GNGST,085628.70,0.021,0.011,0.006,51.3079,3.495,4.614,10.719*71
$GNGST,085628.80,0.023,0.011,0.006,29.7231,3.495,4.614,10.719*79
$GNGST,085628.90,0.021,0.009,0.007,45.0644,3.495,4.614,10.719*79
$GNGST,085629.00,0.022,0.010,0.007,43.3200,3.495,4.614,10.719*7B
$GNGST,085629.10,0.024,0.012,0.008,47.3198,3.495,4.614,10.719*77
$GNGST,085629.20,0.027,0.016,0.009,2.8566,3.495,4.614,10.719*4D
$GNGST,085629.30,0.029,0.013,0.008,31.5244,3.495,4.614,10.719*7C
$GNGST,085629.40,0.022,0.010,0.007,36.9927,3.495,4.614,10.719*79
$GNGST,085629.50,0.024,0.010,0.007,31.8384,3.495,4.614,10.719*7B
$GNGST,085629.60,0.019,0.008,0.007,41.5657,3.495,4.614,10.719*7E
$GNGST,085629.70,0.020,0.009,0.007,43.3730,3.495,4.614,10.719*70
$GNGST,085629.80,0.023,0.011,0.007,50.8652,3.495,4.614,10.719*79
$GNGST,085629.90,0.029,0.016,0.007,49.0194,3.495,4.614,10.719*78
$GNGST,085630.00,0.021,0.009,0.006,45.3896,3.495,4.614,10.719*7A
$GNGST,085630.10,0.068,0.035,0.011,-35.6846,3.495,4.614,10.719*5D
$GNGST,085630.20,0.028,0.013,0.010,73.6883,3.495,4.614,10.719*79
$GNGST,085630.30,0.023,0.010,0.007,37.1419,3.495,4.614,10.719*7E
$GNGST,085630.40,0.026,0.012,0.007,28.5445,3.495,4.614,10.719*7D
$GNGST,085630.50,0.028,0.010,0.008,50.5731,3.495,4.614,10.719*70
$GNGST,085630.60,0.043,0.019,0.011,-27.8692,3.495,4.614,10.719*57
$GNGST,085630.70,0.022,0.010,0.008,53.6518,3.495,4.614,10.719*71
$GNGST,085630.80,0.025,0.011,0.010,-79.4775,3.495,4.614,10.719*5F
$GNGST,085630.90,0.032,0.013,0.011,-7.8099,3.495,4.614,10.719*6B
$GNGST,085631.00,0.032,0.015,0.012,-63.0588,3.495,4.614,10.719*59
$GNGST,085631.10,0.026,0.013,0.007,46.9088,3.495,4.614,10.719*79
$GNGST,085631.20,0.023,0.011,0.008,50.9349,3.495,4.614,10.719*7B
$GNGST,085631.30,0.024,0.010,0.008,57.3027,3.495,4.614,10.719*7A
$GNGST,085631.40,0.022,0.010,0.007,51.1612,3.495,4.614,10.719*70
$GNGST,085631.50,0.024,0.012,0.007,49.9744,3.495,4.614,10.719*76
$GNGST,085631.60,0.058,0.018,0.011,-14.6831,3.495,4.614,10.719*54
$GNGST,085631.70,0.023,0.012,0.007,39.7121,3.495,4.614,10.719*7F
$GNGST,085631.80,0.025,0.015,0.006,38.0602,3.495,4.614,10.719*70
$GNGST,085631.90,0.031,0.020,0.006,43.4539,3.495,4.614,10.719*71
$GNGST,085632.00,0.034,0.013,0.012,-62.5869,3.495,4.614,10.719*5C
$GNGST,085632.10,0.026,0.014,0.008,49.8339,3.495,4.614,10.719*75
$GNGST,085632.20,0.026,0.011,0.009,49.8009,3.495,4.614,10.719*72
$GNGST,085632.30,0.024,0.012,0.007,54.3868,3.495,4.614,10.719*74
$GNGST,085632.40,0.027,0.019,0.006,64.2586,3.495,4.614,10.719*75
$GNGST,085632.50,0.026,0.016,0.007,54.2265,3.495,4.614,10.719*72
$GNGST,085632.60,0.063,0.033,0.012,76.0423,3.495,4.614,10.719*75
$GNGST,085632.70,0.025,0.012,0.008,-79.8090,3.495,4.614,10.719*58
$GNGST,085632.80,0.025,0.013,0.010,-63.0328,3.495,4.614,10.719*5C
$GNGST,085632.90,0.720,0.297,0.234,44.4585,3.495,4.614,10.719*78
$GNGST,085633.00,0.029,0.021,0.007,48.7724,3.495,4.614,10.719*75
$GNGST,085633.10,0.026,0.018,0.006,64.6307,3.495,4.614,10.719*7A
$GNGST,085633.20,0.022,0.011,0.006,58.7705,3.495,4.614,10.719*7C
$GNGST,085633.30,0.054,0.050,0.007,51.2974,3.495,4.614,10.719*7C
$GNGST,085633.40,0.021,0.011,0.006,60.6717,3.495,4.614,10.719*70
$GNGST,085633.50,0.026,0.012,0.006,62.6712,3.495,4.614,10.719*72
$GNGST,085633.60,0.025,0.012,0.007,62.5417,3.495,4.614,10.719*76
$GNGST,085633.70,0.039,0.025,0.007,65.4636,3.495,4.614,10.719*79
$GNGST,085633.80,0.028,0.019,0.006,59.3660,3.495,4.614,10.719*73
$GNGST,085633.90,0.032,0.013,0.007,63.8811,3.495,4.614,10.719*78
$GNGST,085634.00,0.736,0.307,0.268,80.4450,3.495,4.614,10.719*70
$GNGST,085634.10,0.026,0.017,0.007,53.1344,3.495,4.614,10.719*77
$GNGST,085634.20,0.108,0.061,0.036,89.7625,3.495,4.614,10.719*79
$GNGST,085634.30,0.052,0.048,0.007,50.0250,3.495,4.614,10.719*7A
$GNGST,085634.40,0.027,0.019,0.006,58.9796,3.495,4.614,10.719*74
$GNGST,085634.50,0.038,0.030,0.007,65.9967,3.495,4.614,10.719*7F
$GNGST,085634.60,0.033,0.023,0.007,63.0921,3.495,4.614,10.719*78
$GNGST,085634.70,0.115,0.084,0.022,56.1364,3.495,4.614,10.719*7A
$GNGST,085634.80,16.029,8.852,7.875,65.8528,3.495,4.614,10.719*4D
$GNGST,085634.90,16.029,8.852,7.875,65.8529,3.495,4.614,10.719*4D
$GNGST,085635.00,16.029,8.852,7.875,65.8528,3.495,4.614,10.719*44
$GNGST,085635.10,16.029,8.852,7.875,65.8529,3.495,4.614,10.719*44
$GNGST,085635.20,16.029,8.852,7.875,65.8529,3.495,4.614,10.719*47
$GNGST,085635.30,16.029,8.852,7.875,65.8529,3.495,4.614,10.719*46
$GNGST,085635.40,16.029,8.852,7.875,65.8529,3.495,4.614,10.719*41
$GNGST,085635.50,11.976,6.574,6.158,75.7634,3.495,4.614,10.719*45
$GNGST,085635.60,11.976,6.574,6.158,75.7636,3.495,4.614,10.719*44
$GNGST,085635.70,11.976,6.574,6.158,75.7635,3.495,4.614,10.719*46
$GNGST,085635.80,11.977,6.574,6.158,75.7672,3.495,4.614,10.719*4B
$GNGST,085635.90,11.976,6.574,6.158,75.7567,3.495,4.614,10.719*4C
$GNGST,085636.00,11.977,6.574,6.158,75.7556,3.495,4.614,10.719*45
$GNGST,085636.10,11.976,6.574,6.158,75.7535,3.495,4.614,10.719*40
$GNGST,085636.20,11.976,6.574,6.158,75.7582,3.495,4.614,10.719*4F
$GNGST,085636.30,11.980,6.575,6.158,75.7202,3.495,4.614,10.719*49
$GNGST,085636.40,11.977,6.574,6.158,75.7622,3.495,4.614,10.719*41
$GNGST,085636.50,11.977,6.574,6.158,75.7561,3.495,4.614,10.719*44
$GNGST,085636.60,11.977,6.574,6.158,75.7729,3.495,4.614,10.719*49
$GNGST,085636.70,11.978,6.574,6.158,75.7725,3.495,4.614,10.719*4B
$GNGST,085636.80,11.977,6.574,6.158,75.7020,3.495,4.614,10.719*49
$GNGST,085636.90,11.977,6.574,6.158,75.7614,3.495,4.614,10.719*49
$GNGST,085637.00,5.141,2.970,2.947,-33.9038,3.495,4.614,10.719*5E
$GNGST,085637.10,5.140,2.970,2.946,-34.2178,3.495,4.614,10.719*56
$GNGST,085637.20,5.140,2.970,2.946,-34.2493,3.495,4.614,10.719*55
$GNGST,085637.30,5.140,2.970,2.946,-34.2186,3.495,4.614,10.719*55
$GNGST,085637.40,5.141,2.970,2.947,-34.1065,3.495,4.614,10.719*5D
$GNGST,085637.50,0.527,0.309,0.298,-75.4841,3.495,4.614,10.719*5E
$GNGST,085637.60,0.531,0.313,0.298,-76.2424,3.495,4.614,10.719*5B
$GNGST,085637.70,0.518,0.299,0.298,-72.6966,3.495,4.614,10.719*59
$GNGST,085637.80,0.518,0.299,0.298,-69.6957,3.495,4.614,10.719*5E
$GNGST,085637.90,0.518,0.299,0.298,-65.4272,3.495,4.614,10.719*5D
$GNGST,085638.00,0.518,0.299,0.298,-65.4274,3.495,4.614,10.719*5D
$GNGST,085638.10,0.518,0.299,0.298,-65.4276,3.495,4.614,10.719*5E
$GNGST,085638.20,0.518,0.299,0.298,-65.4279,3.495,4.614,10.719*52
$GNGST,085638.30,0.526,0.307,0.299,-79.6684,3.495,4.614,10.719*50
$GNGST,085638.40,0.545,0.326,0.302,-87.8380,3.495,4.614,10.719*5C
$GNGST,085638.50,0.518,0.299,0.298,-65.4286,3.495,4.614,10.719*55
$GNGST,085638.60,0.518,0.299,0.298,-65.4288,3.495,4.614,10.719*58
$GNGST,085638.70,0.519,0.300,0.298,49.7855,3.495,4.614,10.719*73
$GNGST,085638.80,0.518,0.299,0.298,-65.4268,3.495,4.614,10.719*58
$GNGST,085638.90,0.533,0.315,0.298,-75.6359,3.495,4.614,10.719*55
$GNGST,085639.00,0.537,0.316,0.301,-72.8745,3.495,4.614,10.719*5B
$GNGST,085639.10,0.526,0.307,0.298,-77.6167,3.495,4.614,10.719*56
$GNGST,085639.20,0.531,0.312,0.298,-77.2733,3.495,4.614,10.719*54
$GNGST,085639.30,0.525,0.305,0.298,-77.6448,3.495,4.614,10.719*5D
$GNGST,085639.40,0.539,0.323,0.301,83.4556,3.495,4.614,10.719*78
$GNGST,085639.50,0.625,0.411,0.305,66.8993,3.495,4.614,10.719*77
$GNGST,085639.60,0.591,0.339,0.298,-78.0542,3.495,4.614,10.719*5A
$GNGST,085639.70,0.540,0.305,0.298,-77.0252,3.495,4.614,10.719*51
$GNGST,085639.80,0.531,0.312,0.301,83.8997,3.495,4.614,10.719*73
$GNGST,085639.90,0.598,0.367,0.300,54.2342,3.495,4.614,10.719*70
$GNGST,085640.00,0.579,0.337,0.305,65.2841,3.495,4.614,10.719*72
$GNGST,085640.10,0.605,0.362,0.302,66.4514,3.495,4.614,10.719*74
$GNGST,085640.20,0.541,0.310,0.299,-66.2687,3.495,4.614,10.719*50
$GNGST,085640.30,0.927,0.364,0.304,61.3643,3.495,4.614,10.719*78
$GNGST,085640.40,0.780,0.378,0.366,71.4554,3.495,4.614,10.719*76
$GNGST,085640.50,0.659,0.322,0.303,-78.4679,3.495,4.614,10.719*56
$GNGST,085640.60,0.787,0.422,0.302,-74.1002,3.495,4.614,10.719*52
$GNGST,085640.70,0.562,0.315,0.301,-57.3607,3.495,4.614,10.719*5A
$GNGST,085640.80,0.749,0.372,0.357,59.8425,3.495,4.614,10.719*76
$GNGST,085640.90,0.600,0.319,0.304,-77.8682,3.495,4.614,10.719*5E
$GNGST,085641.00,0.784,0.392,0.367,89.7852,3.495,4.614,10.719*7D
$GNGST,085641.10,0.770,0.371,0.361,73.0069,3.495,4.614,10.719*7E
$GNGST,085641.20,0.764,0.370,0.359,83.8875,3.495,4.614,10.719*70
$GNGST,085641.30,0.764,0.371,0.359,83.7657,3.495,4.614,10.719*71
$GNGST,085641.40,0.753,0.370,0.358,67.6187,3.495,4.614,10.719*73
$GNGST,085641.50,0.785,0.384,0.363,88.7897,3.495,4.614,10.719*72
$GNGST,085641.60,0.752,0.369,0.359,70.8265,3.495,4.614,10.719*7E
$GNGST,085641.70,5.143,2.964,2.950,-66.1428,3.495,4.614,10.719*54
$GNGST,085641.80,5.143,2.964,2.949,-66.8030,3.495,4.614,10.719*57
$GNGST,085641.90,5.143,2.964,2.949,-66.9827,3.495,4.614,10.719*59
$GNGST,085642.00,5.143,2.964,2.950,-66.7760,3.495,4.614,10.719*59
$GNGST,085642.10,5.143,2.964,2.950,-66.7878,3.495,4.614,10.719*5E
$GNGST,085642.20,5.143,2.964,2.950,-65.9264,3.495,4.614,10.719*57
$GNGST,085642.30,5.175,2.972,2.958,-69.9502,3.495,4.614,10.719*57
$GNGST,085642.40,5.143,2.964,2.950,-65.8945,3.495,4.614,10.719*58
$GNGST,085642.50,5.143,2.964,2.949,-66.7969,3.495,4.614,10.719*53
$GNGST,085642.60,5.144,2.965,2.951,-62.7335,3.495,4.614,10.719*58
$GNGST,085642.70,5.143,2.964,2.950,-66.1251,3.495,4.614,10.719*5F
$GNGST,085642.80,5.182,2.974,2.960,-76.2378,3.495,4.614,10.719*57
$GNGST,085642.90,5.187,2.974,2.961,-74.7355,3.495,4.614,10.719*5A
$GNGST,085643.00,5.185,2.973,2.960,-72.9540,3.495,4.614,10.719*5C
$GNGST,085643.10,5.143,2.964,2.950,-66.1453,3.495,4.614,10.719*5C
$GNGST,085643.20,5.143,2.964,2.950,-66.1205,3.495,4.614,10.719*5A
$GNGST,085643.30,5.143,2.964,2.950,-66.1464,3.495,4.614,10.719*5A
$GNGST,085643.40,5.143,2.964,2.950,-66.1419,3.495,4.614,10.719*57
$GNGST,085643.50,5.140,2.965,2.945,86.8219,3.495,4.614,10.719*7C
$GNGST,085643.60,5.139,2.964,2.945,87.6659,3.495,4.614,10.719*7F
$GNGST,085643.70,5.139,2.965,2.945,87.2037,3.495,4.614,10.719*75
$GNGST,085643.80,5.138,2.964,2.945,87.3756,3.495,4.614,10.719*7B
$GNGST,085643.90,5.138,2.964,2.945,87.3756,3.495,4.614,10.719*7A
$GNGST,085644.00,5.138,2.964,2.945,87.3756,3.495,4.614,10.719*74
$GNGST,085644.10,5.139,2.965,2.946,88.9581,3.495,4.614,10.719*7B
$GNGST,085644.20,5.138,2.964,2.945,87.5719,3.495,4.614,10.719*7B
$GNGST,085644.30,5.140,2.966,2.945,87.2673,3.495,4.614,10.719*7D
$GNGST,085644.40,5.139,2.965,2.945,87.9730,3.495,4.614,10.719*7A
$GNGST,085644.50,5.139,2.965,2.945,87.6961,3.495,4.614,10.719*7E
$GNGST,085644.60,5.141,2.966,2.945,87.8291,3.495,4.614,10.719*7B
$GNGST,085644.70,5.155,2.976,2.945,89.5252,3.495,4.614,10.719*72
$GNGST,085644.80,5.138,2.964,2.945,87.4734,3.495,4.614,10.719*7F
$GNGST,085644.90,5.138,2.964,2.945,87.4734,3.495,4.614,10.719*7E
$GNGST,085645.00,5.139,2.965,2.947,89.4090,3.495,4.614,10.719*73
$GNGST,085645.10,5.139,2.965,2.946,89.1995,3.495,4.614,10.719*7A
$GNGST,085645.20,5.183,2.977,2.957,89.3078,3.495,4.614,10.719*73
$GNGST,085645.30,5.138,2.964,2.945,87.4931,3.495,4.614,10.719*7E
$GNGST,085645.40,5.139,2.965,2.945,87.9209,3.495,4.614,10.719*74
$GNGST,085645.50,5.182,2.976,2.957,89.3596,3.495,4.614,10.719*71
$GNGST,085645.60,5.183,2.975,2.957,89.2356,3.495,4.614,10.719*7B
$GNGST,085645.70,5.144,2.967,2.952,-81.6756,3.495,4.614,10.719*52
$GNGST,085645.80,3.382,2.237,0.753,-20.4327,3.495,4.614,10.719*5B
$GNGST,085645.90,3.380,2.236,0.749,-20.3830,3.495,4.614,10.719*58
$GNGST,085646.00,3.380,2.236,0.749,-20.3830,3.495,4.614,10.719*52
$GNGST,085646.10,3.380,2.236,0.749,-20.3826,3.495,4.614,10.719*54
$GNGST,085646.20,3.380,2.236,0.749,-20.3826,3.495,4.614,10.719*57
$GNGST,085646.30,3.380,2.236,0.749,-20.3826,3.495,4.614,10.719*56
$GNGST,085646.40,3.380,2.236,0.749,-20.3833,3.495,4.614,10.719*55
$GNGST,085646.50,3.380,2.236,0.749,-20.3816,3.495,4.614,10.719*53
$GNGST,085646.60,3.380,2.236,0.749,-20.3828,3.495,4.614,10.719*5D
$GNGST,085646.70,3.380,2.236,0.749,-20.3830,3.495,4.614,10.719*55
$GNGST,085646.80,3.380,2.236,0.749,-20.3830,3.495,4.614,10.719*5A
$GNGST,085646.90,3.380,2.236,0.749,-20.3826,3.495,4.614,10.719*5C
$GNGST,085647.00,3.380,2.236,0.749,-20.3826,3.495,4.614,10.719*54
$GNGST,085647.10,3.380,2.236,0.749,-20.3826,3.495,4.614,10.719*55
$GNGST,085647.20,3.380,2.236,0.749,-20.3826,3.495,4.614,10.719*56
$GNGST,085647.30,3.380,2.236,0.749,-20.3826,3.495,4.614,10.719*57
$GNGST,085647.40,3.380,2.236,0.749,-20.3826,3.495,4.614,10.719*50
$GNGST,085647.50,3.380,2.236,0.749,-20.3818,3.495,4.614,10.719*5C
$GNGST,085647.60,2.599,1.799,0.742,-20.6376,3.495,4.614,10.719*5E
$GNGST,085647.70,2.599,1.799,0.742,-20.6430,3.495,4.614,10.719*5A
$GNGST,085647.80,2.598,1.799,0.742,-20.6432,3.495,4.614,10.719*56
$GNGST,085647.90,2.598,1.799,0.742,-20.6442,3.495,4.614,10.719*50
$GNGST,085648.00,2.598,1.799,0.742,-20.6442,3.495,4.614,10.719*56
$GNGST,085648.10,2.598,1.799,0.742,-20.6442,3.495,4.614,10.719*57
$GNGST,085648.20,2.598,1.799,0.742,-20.6442,3.495,4.614,10.719*54
$GNGST,085648.30,2.598,1.799,0.742,-20.6442,3.495,4.614,10.719*55
$GNGST,085648.40,2.598,1.799,0.742,-20.6442,3.495,4.614,10.719*52
$GNGST,085648.50,1.886,1.291,0.583,-22.6039,3.495,4.614,10.719*5A
$GNGST,085648.60,1.887,1.291,0.584,-22.6312,3.495,4.614,10.719*55
$GNGST,085648.70,1.887,1.291,0.584,-22.6312,3.495,4.614,10.719*54
$GNGST,085648.80,2.071,1.332,0.643,-23.3108,3.495,4.614,10.719*54
$GNGST,085648.90,2.071,1.332,0.643,-23.3108,3.495,4.614,10.719*55
$GNGST,085649.00,2.098,1.337,0.652,-23.1861,3.495,4.614,10.719*5B
$GNGST,085649.10,2.111,1.349,0.651,-23.2039,3.495,4.614,10.719*56
$GNGST,085649.20,2.094,1.336,0.651,-23.0841,3.495,4.614,10.719*54
$GNGST,085649.30,2.094,1.336,0.651,-23.0840,3.495,4.614,10.719*54
$GNGST,085649.40,2.167,1.367,0.664,-22.5006,3.495,4.614,10.719*52
$GNGST,085649.50,2.117,1.347,0.649,-23.0222,3.495,4.614,10.719*59
$GNGST,085649.60,2.147,1.347,0.663,-23.0296,3.495,4.614,10.719*58
$GNGST,085649.70,1.737,1.165,0.772,-36.9520,3.495,4.614,10.719*5F
$GNGST,085649.80,1.737,1.165,0.772,-36.9520,3.495,4.614,10.719*50
$GNGST,085649.90,1.737,1.165,0.772,-36.9528,3.495,4.614,10.719*59
$GNGST,085650.00,1.737,1.165,0.772,-36.9524,3.495,4.614,10.719*54
$GNGST,085650.10,1.737,1.165,0.772,-36.9524,3.495,4.614,10.719*55
$GNGST,085650.20,2.047,1.222,0.873,-38.5187,3.495,4.614,10.719*54
$GNGST,085650.30,1.739,1.167,0.773,-37.0552,3.495,4.614,10.719*53
$GNGST,085650.40,1.738,1.166,0.773,-37.0125,3.495,4.614,10.719*50
$GNGST,085650.50,1.738,1.166,0.773,-37.0433,3.495,4.614,10.719*53
$GNGST,085650.60,1.739,1.166,0.773,-37.0458,3.495,4.614,10.719*5C
$GNGST,085650.70,1.738,1.166,0.773,-37.0247,3.495,4.614,10.719*54
$GNGST,085650.80,1.738,1.166,0.772,-36.9717,3.495,4.614,10.719*52
$GNGST,085650.90,1.738,1.166,0.772,-36.9717,3.495,4.614,10.719*53
$GNGST,085651.00,1.746,1.170,0.777,-37.6327,3.495,4.614,10.719*59
$GNGST,085651.10,1.738,1.166,0.773,-37.0234,3.495,4.614,10.719*57
$GNGST,085651.20,1.738,1.166,0.773,-37.0321,3.495,4.614,10.719*51
$GNGST,085651.30,1.739,1.166,0.773,-37.0709,3.495,4.614,10.719*5F
$GNGST,085651.40,1.739,1.166,0.773,-37.0500,3.495,4.614,10.719*53
$GNGST,085651.50,1.742,1.168,0.775,-37.3508,3.495,4.614,10.719*5D
$GNGST,085651.60,1.780,1.190,0.792,-40.0449,3.495,4.614,10.719*59
$GNGST,085651.70,1.768,1.182,0.787,-39.1630,3.495,4.614,10.719*5A
$GNGST,085651.80,1.765,1.181,0.785,-38.9405,3.495,4.614,10.719*54
$GNGST,085651.90,1.769,1.183,0.787,-39.2160,3.495,4.614,10.719*55
$GNGST,085652.00,1.768,1.183,0.787,-39.2225,3.495,4.614,10.719*5C
$GNGST,085652.10,1.747,1.170,0.777,-37.6377,3.495,4.614,10.719*5F
$GNGST,085652.20,1.777,1.187,0.792,-39.8059,3.495,4.614,10.719*53
$GNGST,085652.30,1.747,1.170,0.777,-37.5841,3.495,4.614,10.719*50
$GNGST,085652.40,1.773,1.187,0.789,-39.5879,3.495,4.614,10.719*5C
$GNGST,085652.50,1.748,1.171,0.778,-37.7697,3.495,4.614,10.719*50
$GNGST,085652.60,1.745,1.169,0.776,-37.4618,3.495,4.614,10.719*5D
$GNGST,085652.70,1.775,1.185,0.792,-39.7426,3.495,4.614,10.719*55
$GNGST,085652.80,1.818,1.195,0.812,-41.8226,3.495,4.614,10.719*5E
$GNGST,085652.90,1.740,1.166,0.773,-36.9457,3.495,4.614,10.719*58
$GNGST,085653.00,1.770,1.183,0.789,-39.3742,3.495,4.614,10.719*5F
$GNGST,085653.10,1.856,1.193,0.804,-36.6555,3.495,4.614,10.719*50
$GNGST,085653.20,1.748,1.170,0.778,-37.6335,3.495,4.614,10.719*5B
$GNGST,085653.30,1.762,1.173,0.785,-38.2563,3.495,4.614,10.719*5D
$GNGST,085653.40,1.870,1.201,0.803,-36.5385,3.495,4.614,10.719*56
$GNGST,085653.50,1.866,1.201,0.804,-36.5763,3.495,4.614,10.719*5B
$GNGST,085653.60,1.909,1.215,0.810,-36.3009,3.495,4.614,10.719*5D
$GNGST,085653.70,4.249,2.488,2.265,76.5636,3.495,4.614,10.719*78
$GNGST,085653.80,4.252,2.490,2.266,76.8861,3.495,4.614,10.719*76
$GNGST,085653.90,4.250,2.488,2.266,76.6402,3.495,4.614,10.719*7B
$GNGST,085654.00,4.249,2.488,2.266,76.5766,3.495,4.614,10.719*7F
$GNGST,085654.10,4.258,2.494,2.267,77.4421,3.495,4.614,10.719*72
$GNGST,085654.20,4.250,2.489,2.266,76.7007,3.495,4.614,10.719*76
$GNGST,085654.30,4.249,2.488,2.266,76.5920,3.495,4.614,10.719*70
$GNGST,085654.40,4.249,2.488,2.266,76.5966,3.495,4.614,10.719*75
$GNGST,085654.50,4.249,2.488,2.266,76.5811,3.495,4.614,10.719*75
$GNGST,085654.60,3.801,2.160,1.889,-43.0433,3.495,4.614,10.719*5E
$GNGST,085654.70,3.801,2.159,1.889,-43.1022,3.495,4.614,10.719*50
$GNGST,085654.80,3.801,2.159,1.889,-43.1744,3.495,4.614,10.719*58
$GNGST,085654.90,3.802,2.160,1.889,-43.1973,3.495,4.614,10.719*5A
$GNGST,085655.00,3.806,2.164,1.890,-43.6901,3.495,4.614,10.719*58
$GNGST,085655.10,3.804,2.162,1.890,-43.5119,3.495,4.614,10.719*5F
$GNGST,085655.20,3.818,2.183,1.891,-42.7020,3.495,4.614,10.719*57
$GNGST,085655.30,3.801,2.160,1.889,-43.1061,3.495,4.614,10.719*58
$GNGST,085655.40,3.804,2.163,1.890,-43.4115,3.495,4.614,10.719*56
$GNGST,085655.50,3.808,2.167,1.891,-43.8182,3.495,4.614,10.719*5C
$GNGST,085655.60,3.803,2.162,1.889,-43.3179,3.495,4.614,10.719*57
$GNGST,085655.70,3.802,2.160,1.889,-43.2096,3.495,4.614,10.719*54
$GNGST,085655.80,3.807,2.165,1.890,-43.6994,3.495,4.614,10.719*5C
$GNGST,085655.90,3.805,2.163,1.890,-43.4363,3.495,4.614,10.719*59
$GNGST,085656.00,3.805,2.163,1.890,-43.6239,3.495,4.614,10.719*5F
$GNGST,085656.10,3.804,2.164,1.889,-42.8312,3.495,4.614,10.719*57
$GNGST,085656.20,3.888,2.184,1.909,-42.0461,3.495,4.614,10.719*5C
$GNGST,085656.30,3.889,2.184,1.909,-42.0186,3.495,4.614,10.719*50
$GNGST,085656.40,3.814,2.168,1.893,-44.0274,3.495,4.614,10.719*5B
$GNGST,085656.50,3.827,2.171,1.901,-45.0357,3.495,4.614,10.719*59
$GNGST,085656.60,3.806,2.164,1.892,-43.2826,3.495,4.614,10.719*5F
$GNGST,085656.70,3.888,2.188,1.912,-41.7758,3.495,4.614,10.719*52
$GNGST,085656.80,3.816,2.171,1.894,-44.6741,3.495,4.614,10.719*5F
$GNGST,085656.90,3.889,2.188,1.912,-41.6427,3.495,4.614,10.719*57
$GNGST,085657.00,3.853,2.175,1.904,-42.4202,3.495,4.614,10.719*5D
$GNGST,085657.10,3.804,2.162,1.890,-42.9089,3.495,4.614,10.719*58
$GNGST,085657.20,3.868,2.180,1.908,-42.0757,3.495,4.614,10.719*50
$GNGST,085657.30,3.806,2.164,1.891,-43.2147,3.495,4.614,10.719*56
$GNGST,085657.40,3.805,2.162,1.892,-43.3481,3.495,4.614,10.719*59
$GNGST,085657.50,3.889,2.185,1.914,-41.5543,3.495,4.614,10.719*51
$GNGST,085657.60,3.829,2.169,1.928,-46.3430,3.495,4.614,10.719*51
$GNGST,085657.70,3.806,2.164,1.892,-43.3216,3.495,4.614,10.719*57
$GNGST,085657.80,3.886,2.184,1.915,-41.5209,3.495,4.614,10.719*5A
$GNGST,085657.90,3.900,2.191,1.917,-41.1069,3.495,4.614,10.719*52
$GNGST,085658.00,3.897,2.189,1.913,-41.4821,3.495,4.614,10.719*57
$GNGST,085658.10,3.897,2.194,1.967,-54.2235,3.495,4.614,10.719*54
$GNGST,085658.20,3.898,2.190,1.920,-41.0376,3.495,4.614,10.719*5F
$GNGST,085658.30,3.901,2.189,1.916,-41.2136,3.495,4.614,10.719*56
$GNGST,085658.40,3.894,2.193,1.978,-54.9811,3.495,4.614,10.719*5C
$GNGST,085658.50,3.853,2.162,1.964,-42.6940,3.495,4.614,10.719*58
$GNGST,085658.60,3.918,2.197,1.920,-40.7228,3.495,4.614,10.719*59
$GNGST,085658.70,3.917,2.199,1.917,-40.7588,3.495,4.614,10.719*50
$GNGST,085658.80,3.886,2.187,1.911,-41.5076,3.495,4.614,10.719*58
$GNGST,085658.90,3.899,2.188,1.911,-41.2144,3.495,4.614,10.719*5F
$GNGST,085659.00,3.864,2.189,1.952,-51.7765,3.495,4.614,10.719*52
$GNGST,085659.10,3.861,2.176,1.904,-42.2834,3.495,4.614,10.719*59
$GNGST,085659.20,3.864,2.176,1.904,-42.2969,3.495,4.614,10.719*56
$GNGST,085659.30,3.876,2.179,1.905,-42.2347,3.495,4.614,10.719*5C
$GNGST,085659.40,3.874,2.179,1.905,-42.2506,3.495,4.614,10.719*5A
$GNGST,085659.50,3.873,2.180,1.905,-42.1824,3.495,4.614,10.719*54
$GNGST,085659.60,3.874,2.180,1.906,-42.1419,3.495,4.614,10.719*51
$GNGST,085659.70,3.865,2.177,1.905,-42.2181,3.495,4.614,10.719*5C
$GNGST,085659.80,3.883,2.180,1.908,-42.0508,3.495,4.614,10.719*59
$GNGST,085659.90,3.886,2.180,1.908,-42.0727,3.495,4.614,10.719*52
$GNGST,085700.00,3.917,2.190,1.912,-41.4213,3.495,4.614,10.719*50
$GNGST,085700.10,3.897,2.186,1.909,-41.9338,3.495,4.614,10.719*50
$GNGST,085700.20,3.895,2.181,1.909,-42.3529,3.495,4.614,10.719*59
$GNGST,085700.30,3.879,2.179,1.908,-42.0598,3.495,4.614,10.719*55
$GNGST,085700.40,3.893,2.186,1.910,-41.7408,3.495,4.614,10.719*53
$GNGST,085700.50,3.893,2.186,1.911,-41.6749,3.495,4.614,10.719*54
$GNGST,085700.60,3.907,2.190,1.913,-41.5497,3.495,4.614,10.719*5D
$GNGST,085700.70,3.884,2.184,1.909,-41.7562,3.495,4.614,10.719*51
$GNGST,085700.80,3.894,2.189,1.909,-41.6438,3.495,4.614,10.719*5D
$GNGST,085700.90,3.892,2.190,1.910,-41.5124,3.495,4.614,10.719*51
$GNGST,085701.00,3.895,2.190,1.913,-41.1939,3.495,4.614,10.719*5D
$GNGST,085701.10,3.946,2.223,1.917,-39.2180,3.495,4.614,10.719*5A
$GNGST,085701.20,3.984,2.243,1.923,-37.8466,3.495,4.614,10.719*5F
$GNGST,085701.30,4.044,2.295,1.928,-35.4696,3.495,4.614,10.719*5F
$GNGST,085701.40,3.989,2.241,1.921,-38.1379,3.495,4.614,10.719*5B
$GNGST,085701.50,3.994,2.206,1.926,-41.0211,3.495,4.614,10.719*52
$GNGST,085701.60,4.044,2.272,1.937,-36.3073,3.495,4.614,10.719*54
$GNGST,085701.70,3.839,2.186,1.892,-42.6733,3.495,4.614,10.719*53
$GNGST,085701.80,4.180,2.285,1.967,-36.4340,3.495,4.614,10.719*5A
$GNGST,085701.90,4.033,2.246,1.972,-34.6569,3.495,4.614,10.719*54
$GNGST,085702.00,5.411,2.545,2.029,-38.7868,3.495,4.614,10.719*5A
$GNGST,085702.10,4.595,2.361,1.985,-34.4785,3.495,4.614,10.719*58
$GNGST,085702.20,4.133,2.281,1.970,-35.7397,3.495,4.614,10.719*53
$GNGST,085702.30,3.879,2.195,1.974,-54.6864,3.495,4.614,10.719*51
$GNGST,085702.40,4.456,2.376,2.065,-36.6381,3.495,4.614,10.719*51
$GNGST,085702.50,4.156,2.302,1.951,-36.5754,3.495,4.614,10.719*54
$GNGST,085702.60,4.493,2.522,2.151,-15.3711,3.495,4.614,10.719*52
$GNGST,085702.70,4.197,2.303,1.938,-39.9890,3.495,4.614,10.719*51
$GNGST,085702.80,4.319,2.366,1.960,-35.4284,3.495,4.614,10.719*5A
$GNGST,085702.90,5.306,2.723,1.987,-35.3688,3.495,4.614,10.719*57
$GNGST,085703.00,4.269,2.360,1.941,-37.8852,3.495,4.614,10.719*5F
$GNGST,085703.10,4.075,2.251,1.951,-38.2986,3.495,4.614,10.719*5E
$GNGST,085703.20,3.815,2.166,1.890,-43.0849,3.495,4.614,10.719*53
$GNGST,085703.30,4.715,2.763,2.214,10.5430,3.495,4.614,10.719*70
$GNGST,085703.40,4.092,2.275,1.944,-37.5213,3.495,4.614,10.719*5F
$GNGST,085703.50,4.820,2.527,1.998,-45.8715,3.495,4.614,10.719*55
$GNGST,085703.60,4.082,2.268,1.928,-38.7202,3.495,4.614,10.719*57
$GNGST,085703.70,3.811,2.161,1.891,-43.2707,3.495,4.614,10.719*53
$GNGST,085703.80,4.255,2.283,1.962,-40.5190,3.495,4.614,10.719*5F
$GNGST,085703.90,4.627,2.371,2.303,20.7687,3.495,4.614,10.719*75
$GNGST,085704.00,4.579,2.319,1.968,-39.0806,3.495,4.614,10.719*5C
$GNGST,085704.10,4.797,2.450,2.043,-36.9771,3.495,4.614,10.719*5F
$GNGST,085704.20,4.085,2.256,1.981,-36.6731,3.495,4.614,10.719*57
$GNGST,085704.30,4.152,2.255,1.931,-41.4786,3.495,4.614,10.719*5B
$GNGST,085704.40,4.270,2.276,1.945,-44.1166,3.495,4.614,10.719*55
$GNGST,085704.50,4.611,2.381,1.988,-38.0111,3.495,4.614,10.719*55
$GNGST,085704.60,4.367,2.342,1.944,-42.2277,3.495,4.614,10.719*51
$GNGST,085704.70,8.680,5.003,4.962,-60.8182,3.495,4.614,10.719*53
$GNGST,085704.80,8.681,5.003,4.964,-60.7144,3.495,4.614,10.719*5E
$GNGST,085704.90,8.627,4.994,4.952,-60.3096,3.495,4.614,10.719*5A
$GNGST,085705.00,8.627,4.995,4.952,-59.8622,3.495,4.614,10.719*5B
$GNGST,085705.10,8.676,5.002,4.966,-61.0275,3.495,4.614,10.719*5A
$GNGST,085705.20,8.682,5.002,4.966,-62.3037,3.495,4.614,10.719*56
$GNGST,085705.30,8.678,5.003,4.966,-62.5245,3.495,4.614,10.719*52
$GNGST,085705.40,8.630,4.996,4.953,-59.1206,3.495,4.614,10.719*50
$GNGST,085705.50,8.664,5.002,4.961,-60.4649,3.495,4.614,10.719*54
$GNGST,085705.60,8.662,5.001,4.960,-60.8375,3.495,4.614,10.719*55
$GNGST,085705.70,8.660,5.001,4.960,-60.7987,3.495,4.614,10.719*5E
$GNGST,085705.80,8.660,5.001,4.960,-60.6667,3.495,4.614,10.719*51
$GNGST,085705.90,8.724,5.010,4.969,-59.8078,3.495,4.614,10.719*54
$GNGST,085706.00,8.753,5.018,4.973,-56.3408,3.495,4.614,10.719*5A
$GNGST,085706.10,8.700,5.013,4.978,-53.2900,3.495,4.614,10.719*5C
$GNGST,085706.20,8.680,5.007,4.965,-58.7814,3.495,4.614,10.719*55
$GNGST,085706.30,8.688,5.008,4.963,-59.5437,3.495,4.614,10.719*5B
$GNGST,085706.40,8.631,4.996,4.952,-60.5923,3.495,4.614,10.719*51
$GNGST,085706.50,8.701,5.007,4.967,-56.9833,3.495,4.614,10.719*5D
$GNGST,085706.60,8.690,5.006,4.963,-57.9250,3.495,4.614,10.719*5C
$GNGST,085706.70,8.702,5.008,4.968,-56.2221,3.495,4.614,10.719*5E
$GNGST,085706.80,8.687,5.004,4.964,-58.9390,3.495,4.614,10.719*53
$GNGST,085706.90,8.677,5.004,4.963,-58.9839,3.495,4.614,10.719*52
$GNGST,085707.00,8.693,5.009,4.967,-59.3577,3.495,4.614,10.719*55
$GNGST,085707.10,8.677,5.005,4.964,-59.0104,3.495,4.614,10.719*52
$GNGST,085707.20,8.684,5.007,4.965,-58.9491,3.495,4.614,10.719*5F
$GNGST,085707.30,8.677,5.005,4.963,-59.1546,3.495,4.614,10.719*54
$GNGST,085707.40,8.676,5.005,4.963,-59.3703,3.495,4.614,10.719*53
$GNGST,085707.50,8.740,5.012,4.971,-61.9414,3.495,4.614,10.719*57
$GNGST,085707.60,8.815,5.027,4.980,-65.8376,3.495,4.614,10.719*55
$GNGST,085707.70,8.753,5.018,4.972,-61.5299,3.495,4.614,10.719*51
$GNGST,085707.80,8.691,5.009,4.970,-61.3514,3.495,4.614,10.719*57
$GNGST,085707.90,8.691,5.009,4.965,-61.5226,3.495,4.614,10.719*52
$GNGST,085708.00,8.687,5.007,4.968,-61.8189,3.495,4.614,10.719*5B
$GNGST,085708.10,8.698,5.010,4.976,-70.4951,3.495,4.614,10.719*5C
$GNGST,085708.20,8.630,4.995,4.952,-61.2893,3.495,4.614,10.719*57
$GNGST,085708.30,8.682,5.005,4.977,-67.3888,3.495,4.614,10.719*54
$GNGST,085708.40,3.301,1.392,1.115,80.5544,3.495,4.614,10.719*79
$GNGST,085708.50,3.301,1.392,1.115,80.5544,3.495,4.614,10.719*78
$GNGST,085708.60,3.301,1.392,1.115,80.5544,3.495,4.614,10.719*7B
$GNGST,085708.70,3.301,1.392,1.115,80.5584,3.495,4.614,10.719*76
$GNGST,085708.80,3.301,1.392,1.115,80.5610,3.495,4.614,10.719*77
$GNGST,085708.90,3.301,1.392,1.115,80.5548,3.495,4.614,10.719*78
$GNGST,085709.00,3.301,1.392,1.115,80.5488,3.495,4.614,10.719*7D
$GNGST,085709.10,3.301,1.392,1.115,80.5607,3.495,4.614,10.719*79
$GNGST,085709.20,3.301,1.392,1.115,80.5541,3.495,4.614,10.719*7B
$GNGST,085709.30,3.301,1.392,1.115,80.5466,3.495,4.614,10.719*7E
$GNGST,085709.40,3.301,1.392,1.115,80.5462,3.495,4.614,10.719*7D
$GNGST,085709.50,3.301,1.392,1.115,80.5292,3.495,4.614,10.719*75
$GNGST,085709.60,3.301,1.392,1.115,80.5471,3.495,4.614,10.719*7D
$GNGST,085709.70,2.403,1.227,0.711,70.6489,3.495,4.614,10.719*7F
$GNGST,085709.80,2.407,1.228,0.711,70.6894,3.495,4.614,10.719*7B
$GNGST,085709.90,2.405,1.227,0.711,70.6621,3.495,4.614,10.719*77
$GNGST,085710.00,2.404,1.227,0.711,70.6604,3.495,4.614,10.719*70
$GNGST,085710.10,2.404,1.227,0.711,70.6595,3.495,4.614,10.719*7A
$GNGST,085710.20,2.403,1.227,0.711,70.6457,3.495,4.614,10.719*71
$GNGST,085710.30,2.405,1.227,0.711,70.6567,3.495,4.614,10.719*74
$GNGST,085710.40,2.403,1.227,0.711,70.6445,3.495,4.614,10.719*74
$GNGST,085710.50,2.403,1.227,0.711,70.6453,3.495,4.614,10.719*72
$GNGST,085710.60,2.404,1.227,0.711,70.6507,3.495,4.614,10.719*76
$GNGST,085710.70,2.406,1.227,0.711,70.6802,3.495,4.614,10.719*7D
$GNGST,085710.80,2.407,1.227,0.711,70.6867,3.495,4.614,10.719*70
$GNGST,085710.90,2.405,1.227,0.711,70.6707,3.495,4.614,10.719*7A
$GNGST,085711.00,2.408,1.228,0.711,70.6950,3.495,4.614,10.719*7C
$GNGST,085711.10,2.408,1.227,0.711,70.6928,3.495,4.614,10.719*7D
$GNGST,085711.20,2.406,1.227,0.711,70.6725,3.495,4.614,10.719*73
$GNGST,085711.30,2.533,1.266,0.784,70.8189,3.495,4.614,10.719*72
$GNGST,085711.40,2.409,1.228,0.711,70.6986,3.495,4.614,10.719*72
$GNGST,085711.50,2.405,1.227,0.711,70.6646,3.495,4.614,10.719*73
$GNGST,085711.60,2.405,1.227,0.711,70.6633,3.495,4.614,10.719*72
$GNGST,085711.70,2.405,1.227,0.711,70.6680,3.495,4.614,10.719*7B
$GNGST,085711.80,2.514,1.265,0.765,70.8381,3.495,4.614,10.719*7A
$GNGST,085711.90,2.405,1.227,0.711,70.6708,3.495,4.614,10.719*74
$GNGST,085712.00,2.406,1.227,0.711,70.6922,3.495,4.614,10.719*7B
$GNGST,085712.10,2.767,1.366,0.950,68.9423,3.495,4.614,10.719*7B
$GNGST,085712.20,2.619,1.291,0.863,66.9387,3.495,4.614,10.719*7F
$GNGST,085712.30,2.572,1.272,0.801,70.1862,3.495,4.614,10.719*76
$GNGST,085712.40,2.526,1.264,0.764,70.8428,3.495,4.614,10.719*70
$GNGST,085712.50,2.790,1.334,0.829,67.4554,3.495,4.614,10.719*7C
$GNGST,085712.60,2.807,1.302,0.837,68.4482,3.495,4.614,10.719*71
$GNGST,085712.70,3.042,1.506,1.139,44.4833,3.495,4.614,10.719*74
$GNGST,085712.80,2.406,1.228,0.712,70.7402,3.495,4.614,10.719*71
$GNGST,085712.90,2.417,1.234,0.713,70.8390,3.495,4.614,10.719*7F
$GNGST,085713.00,2.687,1.288,0.799,70.1690,3.495,4.614,10.719*75
$GNGST,085713.10,2.706,1.297,0.801,70.7632,3.495,4.614,10.719*72
$GNGST,085713.20,2.407,1.228,0.713,70.7807,3.495,4.614,10.719*73
$GNGST,085713.30,3.502,1.434,0.980,71.2102,3.495,4.614,10.719*70
$GNGST,085713.40,3.040,1.327,0.887,71.0970,3.495,4.614,10.719*78
$GNGST,085713.50,2.892,1.367,0.864,69.1338,3.495,4.614,10.719*78
$GNGST,085713.60,3.410,1.520,1.040,70.2554,3.495,4.614,10.719*71
$GNGST,085713.70,7.374,4.995,2.338,-30.6985,3.495,4.614,10.719*54
$GNGST,085713.80,7.373,4.995,2.338,-30.6932,3.495,4.614,10.719*50
$GNGST,085713.90,7.372,4.995,2.338,-30.6893,3.495,4.614,10.719*5A
$GNGST,085714.00,7.402,4.999,2.343,-30.6504,3.495,4.614,10.719*57
$GNGST,085714.10,7.389,4.997,2.342,-30.6701,3.495,4.614,10.719*5A
$GNGST,085714.20,7.384,4.998,2.339,-30.7029,3.495,4.614,10.719*5B
$GNGST,085714.30,7.417,5.004,2.352,-30.6560,3.495,4.614,10.719*5E
$GNGST,085714.40,7.576,5.014,2.705,-28.9480,3.495,4.614,10.719*51
$GNGST,085714.50,7.425,5.007,2.356,-30.6633,3.495,4.614,10.719*5B
$GNGST,085714.60,7.423,5.006,2.360,-30.6606,3.495,4.614,10.719*5C
$GNGST,085714.70,7.484,4.999,2.447,-30.3050,3.495,4.614,10.719*5C
$GNGST,085714.80,7.417,5.004,2.354,-30.6602,3.495,4.614,10.719*54
$GNGST,085714.90,7.393,4.997,2.349,-30.6637,3.495,4.614,10.719*56
$GNGST,085715.00,7.416,5.004,2.355,-30.6647,3.495,4.614,10.719*5C
$GNGST,085715.10,7.416,5.003,2.355,-30.6527,3.495,4.614,10.719*5F
$GNGST,085715.20,7.423,5.006,2.361,-30.6480,3.495,4.614,10.719*54
$GNGST,085715.30,7.409,5.003,2.354,-30.6397,3.495,4.614,10.719*5F
$GNGST,085715.40,7.410,5.002,2.357,-30.6417,3.495,4.614,10.719*5D
$GNGST,085715.50,7.421,5.005,2.361,-30.6272,3.495,4.614,10.719*59
$GNGST,085715.60,7.405,5.001,2.352,-30.6476,3.495,4.614,10.719*5A
$GNGST,085715.70,7.414,5.002,2.360,-30.6285,3.495,4.614,10.719*53
$GNGST,085715.80,7.422,5.004,2.364,-30.6394,3.495,4.614,10.719*5A
$GNGST,085715.90,7.413,5.003,2.356,-30.6504,3.495,4.614,10.719*50
$GNGST,085716.00,7.411,5.002,2.356,-30.6460,3.495,4.614,10.719*5A
$GNGST,085716.10,7.412,5.002,2.355,-30.6568,3.495,4.614,10.719*52
$GNGST,085716.20,7.412,5.002,2.354,-30.6493,3.495,4.614,10.719*55
$GNGST,085716.30,7.415,5.003,2.361,-30.6125,3.495,4.614,10.719*5C
$GNGST,085716.40,7.413,5.002,2.358,-30.6380,3.495,4.614,10.719*5B
$GNGST,085716.50,7.412,5.002,2.358,-30.6441,3.495,4.614,10.719*51
$GNGST,085716.60,7.425,5.005,2.366,-30.6041,3.495,4.614,10.719*58
$GNGST,085716.70,7.415,5.003,2.356,-30.6526,3.495,4.614,10.719*5B
$GNGST,085716.80,7.409,5.003,2.354,-30.6374,3.495,4.614,10.719*5A
$GNGST,085716.90,7.418,5.004,2.355,-30.6424,3.495,4.614,10.719*5F
$GNGST,085717.00,7.453,5.011,2.376,-30.5795,3.495,4.614,10.719*57
$GNGST,085717.10,7.465,5.012,2.393,-30.4934,3.495,4.614,10.719*5F
$GNGST,085717.20,7.637,5.048,2.515,-30.3768,3.495,4.614,10.719*5E
$GNGST,085717.30,7.510,5.019,2.433,-30.5966,3.495,4.614,10.719*5E
$GNGST,085717.40,7.433,5.006,2.372,-30.5914,3.495,4.614,10.719*50
$GNGST,085717.50,7.456,5.009,2.386,-30.5755,3.495,4.614,10.719*5D
$GNGST,085717.60,7.444,5.008,2.375,-30.6186,3.495,4.614,10.719*5B
$GNGST,085717.70,7.470,5.015,2.389,-30.6202,3.495,4.614,10.719*5D
$GNGST,085717.80,7.476,5.013,2.376,-30.6841,3.495,4.614,10.719*5F
$GNGST,085717.90,7.548,5.029,2.418,-30.6227,3.495,4.614,10.719*5E
$GNGST,085718.00,7.463,5.013,2.372,-30.7185,3.495,4.614,10.719*58
$GNGST,085718.10,7.506,5.018,2.411,-30.7830,3.495,4.614,10.719*55
$GNGST,085718.20,7.595,5.026,2.416,-30.7079,3.495,4.614,10.719*53
$GNGST,085718.30,7.475,5.013,2.393,-30.7335,3.495,4.614,10.719*5A
$GNGST,085718.40,7.459,5.011,2.379,-30.6557,3.495,4.614,10.719*56
$GNGST,085718.50,7.442,5.009,2.365,-30.7380,3.495,4.614,10.719*54
$GNGST,085718.60,7.462,5.014,2.369,-30.7369,3.495,4.614,10.719*52
$GNGST,085718.70,7.551,5.020,2.426,-30.5932,3.495,4.614,10.719*5F
$GNGST,085718.80,7.444,5.014,2.370,-30.7316,3.495,4.614,10.719*58
$GNGST,085718.90,7.482,5.016,2.387,-30.7612,3.495,4.614,10.719*58
$GNGST,085719.00,7.734,5.029,2.649,-30.8871,3.495,4.614,10.719*51
$GNGST,085719.10,7.586,5.028,2.523,-30.9153,3.495,4.614,10.719*5D
$GNGST,085719.20,7.803,5.167,2.582,-31.6711,3.495,4.614,10.719*51
$GNGST,085719.30,7.475,5.018,2.393,-30.6831,3.495,4.614,10.719*5E
$GNGST,085719.40,7.571,5.031,2.517,-30.5414,3.495,4.614,10.719*55
$GNGST,085719.50,7.503,5.024,2.398,-30.7128,3.495,4.614,10.719*5C
$GNGST,085719.60,7.560,5.029,2.491,-30.8140,3.495,4.614,10.719*58
$GNGST,085719.70,7.640,5.030,2.526,-30.8594,3.495,4.614,10.719*50
$GNGST,085719.80,7.468,5.018,2.374,-30.7543,3.495,4.614,10.719*59
$GNGST,085719.90,7.451,5.020,2.366,-30.7569,3.495,4.614,10.719*52
$GNGST,085720.00,7.535,5.063,2.383,-31.0470,3.495,4.614,10.719*51
$GNGST,085720.10,7.437,5.015,2.363,-30.7278,3.495,4.614,10.719*54
$GNGST,085720.20,7.451,5.017,2.366,-30.7195,3.495,4.614,10.719*50
$GNGST,085720.30,7.442,5.016,2.365,-30.7035,3.495,4.614,10.719*5A
$GNGST,085720.40,7.446,5.023,2.366,-30.7737,3.495,4.614,10.719*59
$GNGST,085720.50,7.446,5.021,2.366,-30.7398,3.495,4.614,10.719*5B
$GNGST,085720.60,7.457,5.025,2.375,-30.7747,3.495,4.614,10.719*58
$GNGST,085720.70,7.451,5.021,2.376,-30.6311,3.495,4.614,10.719*5E
$GNGST,085720.80,7.443,5.017,2.371,-30.7141,3.495,4.614,10.719*56
$GNGST,085720.90,7.458,5.021,2.387,-30.6307,3.495,4.614,10.719*50
$GNGST,085721.00,7.453,5.022,2.379,-30.6699,3.495,4.614,10.719*53
$GNGST,085721.10,7.448,5.021,2.373,-30.6906,3.495,4.614,10.719*58
$GNGST,085721.20,7.532,5.057,2.405,-30.7162,3.495,4.614,10.719*5B
$GNGST,085721.30,7.480,5.032,2.388,-30.8065,3.495,4.614,10.719*5A
$GNGST,085721.40,7.494,5.041,2.406,-30.9315,3.495,4.614,10.719*58
$GNGST,085721.50,7.477,5.036,2.394,-30.9107,3.495,4.614,10.719*59
$GNGST,085721.60,7.708,5.081,2.435,-30.4466,3.495,4.614,10.719*5E
$GNGST,085721.70,7.608,5.052,2.441,-30.6527,3.495,4.614,10.719*55
$GNGST,085721.80,7.494,5.030,2.415,-30.7407,3.495,4.614,10.719*5A
$GNGST,085721.90,7.459,5.025,2.380,-30.6464,3.495,4.614,10.719*51
$GNGST,085722.00,7.477,5.034,2.388,-30.6013,3.495,4.614,10.719*5B
$GNGST,085722.10,7.486,5.041,2.392,-30.5709,3.495,4.614,10.719*52
$GNGST,085722.20,7.477,5.036,2.381,-30.5746,3.495,4.614,10.719*56
$GNGST,085722.30,7.472,5.031,2.382,-30.5556,3.495,4.614,10.719*55
$GNGST,085722.40,7.490,5.043,2.385,-30.5410,3.495,4.614,10.719*5F
$GNGST,085722.50,7.493,5.046,2.388,-30.6269,3.495,4.614,10.719*5E
$GNGST,085722.60,7.652,5.097,2.499,-31.0515,3.495,4.614,10.719*52
$GNGST,085722.70,7.560,5.063,2.405,-30.2283,3.495,4.614,10.719*54
$GNGST,085722.80,7.617,5.078,2.438,-30.3413,3.495,4.614,10.719*52
$GNGST,085722.90,7.488,5.042,2.378,-30.4764,3.495,4.614,10.719*59
$GNGST,085723.00,7.548,5.081,2.396,-30.1818,3.495,4.614,10.719*52
$GNGST,085723.10,7.649,5.119,2.412,-30.7028,3.495,4.614,10.719*57
$GNGST,085723.20,7.497,5.048,2.370,-30.5316,3.495,4.614,10.719*5F
$GNGST,085723.30,7.500,5.049,2.371,-30.5962,3.495,4.614,10.719*58
$GNGST,085723.40,7.500,5.048,2.370,-30.6181,3.495,4.614,10.719*59
$GNGST,085723.50,7.484,5.050,2.369,-30.6059,3.495,4.614,10.719*50
$GNGST,085723.60,7.487,5.055,2.368,-30.6486,3.495,4.614,10.719*52
$GNGST,085723.70,7.636,5.138,2.422,-31.2828,3.495,4.614,10.719*55
$GNGST,085723.80,7.631,5.163,2.392,-30.8448,3.495,4.614,10.719*5E
$GNGST,085723.90,7.477,5.053,2.372,-30.7075,3.495,4.614,10.719*56
$GNGST,085724.00,7.495,5.063,2.377,-30.6817,3.495,4.614,10.719*5F
$GNGST,085724.10,7.591,5.086,2.469,-30.0342,3.495,4.614,10.719*55
$GNGST,085724.20,45.917,22.019,13.231,-34.3979,3.495,4.614,10.719*6F
$GNGST,085724.30,7.572,5.060,2.411,-30.6040,3.495,4.614,10.719*5A
$GNGST,085724.40,7.779,5.068,2.636,-30.9585,3.495,4.614,10.719*58
$GNGST,085724.50,7.531,5.048,2.401,-30.7884,3.495,4.614,10.719*51
$GNGST,085724.60,7.718,5.054,2.544,-30.8330,3.495,4.614,10.719*5D
$GNGST,085724.70,7.629,5.130,2.417,-30.1795,3.495,4.614,10.719*59
$GNGST,085724.80,7.566,5.079,2.426,-30.0906,3.495,4.614,10.719*55
$GNGST,085724.90,7.897,5.122,2.657,-29.7081,3.495,4.614,10.719*55
$GNGST,085725.00,7.795,5.155,2.512,-29.1336,3.495,4.614,10.719*5B
$GNGST,085725.10,9.311,5.137,2.511,-30.6755,3.495,4.614,10.719*55
$GNGST,085725.20,7.663,5.060,2.502,-30.6003,3.495,4.614,10.719*5D
$GNGST,085725.30,7.724,5.075,2.468,-30.4802,3.495,4.614,10.719*5C
$GNGST,085725.40,7.646,5.050,2.482,-30.6982,3.495,4.614,10.719*56
$GNGST,085725.50,8.074,5.093,2.720,-29.5813,3.495,4.614,10.719*59
$GNGST,085725.60,7.780,5.062,2.549,-31.2322,3.495,4.614,10.719*5D
$GNGST,085725.70,7.715,5.055,2.546,-31.4848,3.495,4.614,10.719*5A
$GNGST,085725.80,7.726,5.060,2.553,-31.5652,3.495,4.614,10.719*53
$GNGST,085725.90,7.768,5.061,2.539,-31.2661,3.495,4.614,10.719*52
$GNGST,085726.00,7.743,5.048,2.573,-30.7777,3.495,4.614,10.719*56
$GNGST,085726.10,7.568,5.039,2.445,-30.8365,3.495,4.614,10.719*56
$GNGST,085726.20,7.712,5.041,2.528,-31.1801,3.495,4.614,10.719*5E
$GNGST,085726.30,7.629,5.046,2.450,-30.8274,3.495,4.614,10.719*5F
$GNGST,085726.40,7.640,5.043,2.454,-30.7761,3.495,4.614,10.719*58
$GNGST,085726.50,7.690,5.153,2.463,-31.8516,3.495,4.614,10.719*5C
$GNGST,085726.60,49.617,20.020,14.817,-37.2271,3.495,4.614,10.719*6A
$GNGST,085726.70,7.652,5.065,2.439,-30.8301,3.495,4.614,10.719*5A
$GNGST,085726.80,7.629,5.039,2.471,-30.6903,3.495,4.614,10.719*5A
$GNGST,085726.90,7.693,5.041,2.525,-30.8732,3.495,4.614,10.719*57
$GNGST,085727.00,7.677,5.041,2.523,-30.8548,3.495,4.614,10.719*5C
$GNGST,085727.10,7.531,5.042,2.400,-30.8101,3.495,4.614,10.719*56
$GNGST,085727.20,7.626,5.045,2.484,-30.9562,3.495,4.614,10.719*5B
$GNGST,085727.30,7.508,5.039,2.391,-30.8024,3.495,4.614,10.719*5B
$GNGST,085727.40,7.531,5.049,2.401,-30.7712,3.495,4.614,10.719*52
$GNGST,085727.50,7.533,5.042,2.399,-30.7128,3.495,4.614,10.719*53
$GNGST,085727.60,7.633,5.042,2.482,-30.7483,3.495,4.614,10.719*5A
$GNGST,085727.70,7.528,5.042,2.396,-30.7095,3.495,4.614,10.719*53
$GNGST,085727.80,7.992,5.251,2.429,-31.7433,3.495,4.614,10.719*5B
$GNGST,085727.90,7.681,5.071,2.515,-31.2887,3.495,4.614,10.719*5F
$GNGST,085728.00,8.754,5.368,3.471,-41.6093,3.495,4.614,10.719*58
$GNGST,085728.10,8.135,5.144,2.899,-33.1670,3.495,4.614,10.719*56
$GNGST,085728.20,7.532,5.088,2.388,-30.8888,3.495,4.614,10.719*50
$GNGST,085728.30,7.527,5.082,2.388,-30.8673,3.495,4.614,10.719*55
$GNGST,085728.40,8.402,5.533,2.590,-32.3741,3.495,4.614,10.719*52
$GNGST,085728.50,52.587,22.646,12.255,-44.7353,3.495,4.614,10.719*69
$GNGST,085728.60,7.986,5.101,2.783,-34.0977,3.495,4.614,10.719*55
$GNGST,085728.70,7.590,5.106,2.445,-30.3519,3.495,4.614,10.719*52
$GNGST,085728.80,7.674,5.228,2.405,-30.2112,3.495,4.614,10.719*51
$GNGST,085728.90,7.545,5.092,2.397,-30.4714,3.495,4.614,10.719*58
$GNGST,085729.00,7.634,5.140,2.426,-30.2748,3.495,4.614,10.719*59
$GNGST,085729.10,7.822,5.264,2.424,-30.7702,3.495,4.614,10.719*5D
$GNGST,085729.20,7.614,5.085,2.470,-31.3276,3.495,4.614,10.719*5A
$GNGST,085729.30,52.718,22.388,13.250,-44.9612,3.495,4.614,10.719*67
$GNGST,085729.40,7.617,5.083,2.470,-31.2530,3.495,4.614,10.719*5D
$GNGST,085729.50,7.727,5.111,2.511,-31.7941,3.495,4.614,10.719*5D
$GNGST,085729.60,7.836,5.161,2.528,-29.6507,3.495,4.614,10.719*5A
$GNGST,085729.70,7.954,5.172,2.450,-30.1885,3.495,4.614,10.719*5A
$GNGST,085729.80,8.160,5.180,2.515,-29.5273,3.495,4.614,10.719*57
$GNGST,085729.90,8.207,5.625,2.481,-31.1924,3.495,4.614,10.719*54
$GNGST,085730.00,8.161,5.248,2.603,-31.7922,3.495,4.614,10.719*51
$GNGST,085730.10,7.760,5.116,2.483,-31.0774,3.495,4.614,10.719*50
$GNGST,085730.20,7.621,5.093,2.468,-31.0056,3.495,4.614,10.719*59
$GNGST,085730.30,7.745,5.103,2.556,-30.3637,3.495,4.614,10.719*5C
$GNGST,085730.40,7.877,5.106,2.653,-30.6994,3.495,4.614,10.719*55
$GNGST,085730.50,7.762,5.111,2.541,-30.6611,3.495,4.614,10.719*5B
$GNGST,085730.60,55.460,25.468,11.715,-46.2160,3.495,4.614,10.719*62
$GNGST,085730.70,7.799,5.154,2.505,-29.7981,3.495,4.614,10.719*53
$GNGST,085730.80,8.795,5.169,4.154,-22.4899,3.495,4.614,10.719*57
$GNGST,085730.90,8.157,5.107,3.046,-27.7655,3.495,4.614,10.719*5B
$GNGST,085731.00,55.863,27.540,9.907,-44.1706,3.495,4.614,10.719*50
$GNGST,085731.10,7.703,5.155,2.579,-29.4733,3.495,4.614,10.719*59
$GNGST,085731.20,56.438,27.951,11.489,-43.5732,3.495,4.614,10.719*69
$GNGST,085731.30,56.743,24.013,18.912,-43.0999,3.495,4.614,10.719*67
$GNGST,085731.40,7.629,5.059,2.564,-30.3749,3.495,4.614,10.719*56
$GNGST,085731.50,7.632,5.158,2.444,-30.6570,3.495,4.614,10.719*53
$GNGST,085731.60,7.528,5.038,2.440,-30.7991,3.495,4.614,10.719*59
$GNGST,085731.70,57.708,22.685,21.597,52.7642,3.495,4.614,10.719*4A
$GNGST,085731.80,7.526,5.036,2.445,-30.6472,3.495,4.614,10.719*53
$GNGST,085731.90,7.553,5.074,2.432,-30.3144,3.495,4.614,10.719*53
$GNGST,085732.00,58.659,26.224,19.498,51.4144,3.495,4.614,10.719*4B
$GNGST,085732.10,7.639,5.058,2.514,-30.9035,3.495,4.614,10.719*51
$GNGST,085732.20,7.682,5.049,2.587,-30.5644,3.495,4.614,10.719*54
$GNGST,085732.30,8.197,5.388,2.695,-32.6364,3.495,4.614,10.719*51
$GNGST,085732.40,58.582,24.083,22.353,83.4415,3.495,4.614,10.719*41
$GNGST,085732.50,7.548,5.061,2.425,-30.7652,3.495,4.614,10.719*50
$GNGST,085732.60,7.653,5.119,2.484,-30.2065,3.495,4.614,10.719*58
$GNGST,085732.70,7.769,5.158,2.644,-29.3496,3.495,4.614,10.719*5B
$GNGST,085732.80,58.078,25.096,21.000,59.3610,3.495,4.614,10.719*49
$GNGST,085732.90,7.841,5.144,2.504,-31.2750,3.495,4.614,10.719*5B
$GNGST,085733.00,7.714,5.106,2.462,-30.6546,3.495,4.614,10.719*5B
$GNGST,085733.10,7.657,5.057,2.541,-31.1074,3.495,4.614,10.719*5B
$GNGST,085733.20,7.657,5.057,2.541,-31.1074,3.495,4.614,10.719*58
$GNGST,085733.30,7.766,5.120,2.817,-33.6626,3.495,4.614,10.719*51
$GNGST,085733.40,57.908,24.753,21.798,-77.1556,3.495,4.614,10.719*6E
$GNGST,085733.50,57.904,24.826,21.792,-77.3368,3.495,4.614,10.719*6D
$GNGST,085733.60,7.540,5.066,2.441,-30.1993,3.495,4.614,10.719*5B
$GNGST,085733.70,57.946,25.033,21.746,-76.7919,3.495,4.614,10.719*64
$GNGST,085733.80,7.538,5.055,2.441,-30.8477,3.495,4.614,10.719*54
$GNGST,085733.90,7.600,5.076,2.473,-30.9416,3.495,4.614,10.719*5B
$GNGST,085734.00,7.652,5.058,2.576,-30.5390,3.495,4.614,10.719*5F
$GNGST,085734.10,7.590,5.063,2.557,-32.0984,3.495,4.614,10.719*50
$GNGST,085734.20,57.448,24.904,21.680,-84.9243,3.495,4.614,10.719*65
$GNGST,085734.30,57.323,24.830,21.646,-87.7931,3.495,4.614,10.719*61
$GNGST,085734.40,57.190,24.772,21.588,-88.5230,3.495,4.614,10.719*63
$GNGST,085734.50,57.043,24.708,21.520,-87.8646,3.495,4.614,10.719*65
$GNGST,085734.60,7.590,5.044,2.500,-31.4394,3.495,4.614,10.719*5C
$GNGST,085734.70,56.859,24.815,21.253,78.1267,3.495,4.614,10.719*46
$GNGST,085734.80,8.135,5.440,2.902,-39.7056,3.495,4.614,10.719*5E
$GNGST,085734.90,7.580,5.029,2.444,-30.7610,3.495,4.614,10.719*53
$GNGST,085735.00,8.383,5.490,2.823,-37.0854,3.495,4.614,10.719*54
$GNGST,085735.10,7.654,5.131,2.479,-31.8962,3.495,4.614,10.719*52
$GNGST,085735.20,7.588,5.063,2.597,-32.4234,3.495,4.614,10.719*53
$GNGST,085735.30,7.716,5.082,2.775,-33.7123,3.495,4.614,10.719*51
$GNGST,085735.40,7.872,4.924,4.407,-33.6995,3.495,4.614,10.719*5B
$GNGST,085735.50,,,,,,,*6E
$GNGST,085735.60,,,,,,,*6D
$GNGST,085735.70,,,,,,,*6C
$GNGST,085735.80,,,,,,,*63
$GNGST,085735.90,,,,,,,*62
$GNGST,085736.00,,,,,,,*68
$GNGST,085736.10,,,,,,,*69
$GNGST,085736.20,,,,,,,*6A
$GNGST,085736.30,,,,,,,*6B
$GNGST,085736.40,,,,,,,*6C
$GNGST,085736.50,,,,,,,*6D
$GNGST,085736.60,,,,,,,*6E
$GNGST,085736.70,,,,,,,*6F
$GNGST,085736.80,,,,,,,*60
$GNGST,085736.90,,,,,,,*61
$GNGST,085737.00,,,,,,,*69
$GNGST,085737.10,,,,,,,*68
$GNGST,085737.20,7.873,4.924,4.407,-33.7010,3.495,4.614,10.719*5B
$GNGST,085737.30,8.015,4.956,4.445,-35.4538,3.495,4.614,10.719*54
$GNGST,085737.40,8.061,4.965,4.434,-35.4752,3.495,4.614,10.719*58
$GNGST,085737.50,8.364,4.978,4.529,-30.6426,3.495,4.614,10.719*59
$GNGST,085737.60,7.965,4.941,4.436,-34.9565,3.495,4.614,10.719*56
$GNGST,085737.70,7.919,4.936,4.428,-34.0540,3.495,4.614,10.719*5D
$GNGST,085737.80,7.919,4.935,4.430,-34.0210,3.495,4.614,10.719*5A
$GNGST,085737.90,7.919,4.937,4.426,-33.9710,3.495,4.614,10.719*55
$GNGST,085738.00,7.908,4.933,4.421,-34.0169,3.495,4.614,10.719*56
$GNGST,085738.10,7.908,4.933,4.421,-34.0133,3.495,4.614,10.719*58
$GNGST,085738.20,7.907,4.933,4.420,-34.0179,3.495,4.614,10.719*5B
$GNGST,085738.30,7.907,4.933,4.420,-34.0179,3.495,4.614,10.719*5A
$GNGST,085738.40,7.908,4.933,4.421,-33.9877,3.495,4.614,10.719*5A
$GNGST,085738.50,7.929,4.939,4.437,-34.5361,3.495,4.614,10.719*52
$GNGST,085738.60,7.939,4.950,4.438,-35.2148,3.495,4.614,10.719*5F
$GNGST,085738.70,7.919,4.939,4.422,-34.0266,3.495,4.614,10.719*54
$GNGST,085738.80,7.914,4.935,4.425,-34.0783,3.495,4.614,10.719*53
$GNGST,085738.90,7.918,4.940,4.422,-34.2929,3.495,4.614,10.719*57
$GNGST,085739.00,7.917,4.942,4.419,-34.0201,3.495,4.614,10.719*59
$GNGST,085739.10,7.943,4.962,4.428,-35.3036,3.495,4.614,10.719*5D
$GNGST,085739.20,7.925,4.941,4.431,-34.6232,3.495,4.614,10.719*55
$GNGST,085739.30,7.913,4.936,4.425,-34.0957,3.495,4.614,10.719*5A
$GNGST,085739.40,7.924,4.937,4.435,-34.1224,3.495,4.614,10.719*57
$GNGST,085739.50,7.930,4.948,4.430,-35.0381,3.495,4.614,10.719*50
$GNGST,085739.60,7.918,4.941,4.427,-34.5866,3.495,4.614,10.719*50
$GNGST,085739.70,34.353,17.747,8.287,63.8925,3.495,4.614,10.719*7A
$GNGST,085739.80,34.353,17.747,8.287,63.8923,3.495,4.614,10.719*73
$GNGST,085739.90,34.353,17.747,8.287,63.8925,3.495,4.614,10.719*74
$GNGST,085740.00,34.353,17.747,8.287,63.8924,3.495,4.614,10.719*72
$GNGST,085740.10,34.365,17.752,8.296,63.8879,3.495,4.614,10.719*7B
$GNGST,085740.20,34.353,17.747,8.287,63.8925,3.495,4.614,10.719*71
$GNGST,085740.30,34.353,17.747,8.287,63.8924,3.495,4.614,10.719*71
$GNGST,085740.40,34.353,17.747,8.287,63.8925,3.495,4.614,10.719*77
$GNGST,085740.50,34.353,17.747,8.287,63.8925,3.495,4.614,10.719*76
$GNGST,085740.60,34.353,17.747,8.287,63.8924,3.495,4.614,10.719*74
$GNGST,085740.70,34.353,17.747,8.287,63.8925,3.495,4.614,10.719*74
$GNGST,085740.80,26.716,13.380,2.521,64.3260,3.495,4.614,10.719*71
$GNGST,085740.90,26.716,13.380,2.521,64.3260,3.495,4.614,10.719*70
$GNGST,085741.00,26.716,13.380,2.521,64.3260,3.495,4.614,10.719*78
$GNGST,085741.10,26.736,13.388,2.572,64.3555,3.495,4.614,10.719*74
$GNGST,085741.20,26.716,13.380,2.521,64.3260,3.495,4.614,10.719*7A
$GNGST,085741.30,26.716,13.380,2.521,64.3260,3.495,4.614,10.719*7B
$GNGST,085741.40,26.716,13.380,2.521,64.3260,3.495,4.614,10.719*7C
$GNGST,085741.50,26.744,13.391,2.578,64.3580,3.495,4.614,10.719*7F
$GNGST,085741.60,26.716,13.380,2.521,64.3260,3.495,4.614,10.719*7E
$GNGST,085741.70,13.268,6.681,1.735,62.1620,3.495,4.614,10.719*45
$GNGST,085741.80,13.265,6.680,1.732,62.1770,3.495,4.614,10.719*45
$GNGST,085741.90,13.265,6.680,1.732,62.1770,3.495,4.614,10.719*44
$GNGST,085742.00,13.265,6.680,1.732,62.1770,3.495,4.614,10.719*4E
$GNGST,085742.10,13.265,6.680,1.732,62.1770,3.495,4.614,10.719*4F
$GNGST,085742.20,13.265,6.680,1.732,62.1769,3.495,4.614,10.719*44
$GNGST,085742.30,13.265,6.680,1.732,62.1750,3.495,4.614,10.719*4F
$GNGST,085742.40,13.265,6.680,1.732,62.1771,3.495,4.614,10.719*4B
$GNGST,085742.50,13.265,6.680,1.732,62.1769,3.495,4.614,10.719*43
$GNGST,085742.60,5.901,2.776,1.279,76.4343,3.495,4.614,10.719*74
$GNGST,085742.70,5.901,2.776,1.279,76.4344,3.495,4.614,10.719*72
$GNGST,085742.80,5.901,2.776,1.279,76.4343,3.495,4.614,10.719*7A
$GNGST,085742.90,5.901,2.776,1.279,76.4344,3.495,4.614,10.719*7C
$GNGST,085743.00,5.901,2.776,1.279,76.4344,3.495,4.614,10.719*74
$GNGST,085743.10,5.901,2.776,1.279,76.4343,3.495,4.614,10.719*72
$GNGST,085743.20,5.901,2.776,1.279,76.4343,3.495,4.614,10.719*71
$GNGST,085743.30,5.901,2.776,1.279,76.4343,3.495,4.614,10.719*70
$GNGST,085743.40,5.901,2.776,1.279,76.4343,3.495,4.614,10.719*77
$GNGST,085743.50,2.732,1.268,0.732,82.8638,3.495,4.614,10.719*73
$GNGST,085743.60,2.732,1.268,0.732,82.8641,3.495,4.614,10.719*7E
$GNGST,085743.70,2.732,1.268,0.732,82.8622,3.495,4.614,10.719*7A
$GNGST,085743.80,2.732,1.268,0.732,82.8622,3.495,4.614,10.719*75
$GNGST,085743.90,2.732,1.268,0.732,82.8618,3.495,4.614,10.719*7D
$GNGST,085744.00,2.732,1.268,0.732,82.8640,3.495,4.614,10.719*7E
$GNGST,085744.10,2.732,1.268,0.732,82.8623,3.495,4.614,10.719*7A
$GNGST,085744.20,2.732,1.268,0.732,82.8637,3.495,4.614,10.719*7C
$GNGST,085744.30,2.732,1.268,0.732,82.8642,3.495,4.614,10.719*7F
$GNGST,085744.40,2.732,1.268,0.732,82.8623,3.495,4.614,10.719*7F
$GNGST,085744.50,2.210,0.972,0.609,76.8736,3.495,4.614,10.719*7D
$GNGST,085744.60,2.210,0.972,0.610,76.8722,3.495,4.614,10.719*73
$GNGST,085744.70,2.210,0.972,0.610,76.8730,3.495,4.614,10.719*71
$GNGST,085744.80,2.210,0.972,0.609,76.8741,3.495,4.614,10.719*70
$GNGST,085744.90,2.210,0.972,0.609,76.8737,3.495,4.614,10.719*70
$GNGST,085745.00,2.210,0.972,0.610,76.8727,3.495,4.614,10.719*71
$GNGST,085745.10,2.210,0.972,0.609,76.8737,3.495,4.614,10.719*79
$GNGST,085745.20,2.210,0.972,0.610,76.8728,3.495,4.614,10.719*7C
$GNGST,085745.30,2.210,0.972,0.610,76.8713,3.495,4.614,10.719*75
$GNGST,085745.40,2.210,0.972,0.610,76.8717,3.495,4.614,10.719*76
$GNGST,085745.50,2.210,0.972,0.610,76.8712,3.495,4.614,10.719*72
$GNGST,085745.60,1.669,0.722,0.475,74.5509,3.495,4.614,10.719*75
$GNGST,085745.70,1.669,0.722,0.475,74.5545,3.495,4.614,10.719*7C
$GNGST,085745.80,1.669,0.722,0.475,74.5545,3.495,4.614,10.719*73
$GNGST,085745.90,1.669,0.722,0.475,74.5544,3.495,4.614,10.719*73
$GNGST,085746.00,1.669,0.722,0.475,74.5546,3.495,4.614,10.719*7B
$GNGST,085746.10,1.669,0.722,0.475,74.5544,3.495,4.614,10.719*78
$GNGST,085746.20,1.669,0.722,0.475,74.5544,3.495,4.614,10.719*7B
$GNGST,085746.30,1.669,0.722,0.475,74.5387,3.495,4.614,10.719*73
$GNGST,085746.40,1.669,0.722,0.475,74.5464,3.495,4.614,10.719*7E
$GNGST,085746.50,1.669,0.722,0.475,74.5546,3.495,4.614,10.719*7E
$GNGST,085746.60,1.669,0.722,0.475,74.5546,3.495,4.614,10.719*7D
$GNGST,085746.70,1.669,0.722,0.475,74.5494,3.495,4.614,10.719*72
$GNGST,085746.80,1.372,0.579,0.398,70.0483,3.495,4.614,10.719*7D
$GNGST,085746.90,1.372,0.579,0.398,70.0479,3.495,4.614,10.719*79
$GNGST,085747.00,1.372,0.579,0.398,70.0470,3.495,4.614,10.719*78
$GNGST,085747.10,1.372,0.579,0.398,70.0479,3.495,4.614,10.719*70
$GNGST,085747.20,1.372,0.579,0.398,70.0466,3.495,4.614,10.719*7D
$GNGST,085747.30,1.372,0.579,0.398,70.0469,3.495,4.614,10.719*73
$GNGST,085747.40,1.372,0.579,0.398,70.0462,3.495,4.614,10.719*7F
$GNGST,085747.50,1.223,0.510,0.349,66.4078,3.495,4.614,10.719*74
$GNGST,085747.60,1.223,0.510,0.349,66.4077,3.495,4.614,10.719*78
$GNGST,085747.70,1.223,0.510,0.349,66.4067,3.495,4.614,10.719*78
$GNGST,085747.80,1.223,0.510,0.349,66.4073,3.495,4.614,10.719*72
$GNGST,085747.90,1.223,0.510,0.349,66.4043,3.495,4.614,10.719*70
$GNGST,085748.00,1.223,0.510,0.349,66.4062,3.495,4.614,10.719*75
$GNGST,085748.10,1.223,0.510,0.349,66.4034,3.495,4.614,10.719*77
$GNGST,085748.20,1.223,0.510,0.349,66.4093,3.495,4.614,10.719*79
$GNGST,085748.30,1.223,0.510,0.349,66.4065,3.495,4.614,10.719*71
$GNGST,085748.40,1.223,0.510,0.349,66.4065,3.495,4.614,10.719*76
$GNGST,085748.50,1.081,0.446,0.312,65.5046,3.495,4.614,10.719*72
$GNGST,085748.60,1.081,0.446,0.312,65.5076,3.495,4.614,10.719*72
$GNGST,085748.70,1.081,0.446,0.312,65.5069,3.495,4.614,10.719*7D
$GNGST,085748.80,1.081,0.446,0.312,65.5079,3.495,4.614,10.719*73
$GNGST,085748.90,1.081,0.446,0.312,65.5081,3.495,4.614,10.719*75
$GNGST,085749.00,1.081,0.446,0.312,65.5112,3.495,4.614,10.719*76
$GNGST,085749.10,1.081,0.446,0.312,65.5051,3.495,4.614,10.719*71
$GNGST,085749.20,1.081,0.446,0.312,65.5072,3.495,4.614,10.719*73
$GNGST,085749.30,1.081,0.446,0.312,65.5054,3.495,4.614,10.719*76
$GNGST,085749.40,1.081,0.446,0.312,65.5021,3.495,4.614,10.719*73
$GNGST,085749.50,1.081,0.446,0.312,65.5034,3.495,4.614,10.719*76
$GNGST,085749.60,1.081,0.446,0.312,65.5063,3.495,4.614,10.719*77
$GNGST,085749.70,1.081,0.446,0.312,65.5043,3.495,4.614,10.719*74
$GNGST,085749.80,0.974,0.391,0.281,68.6888,3.495,4.614,10.719*7E
$GNGST,085749.90,0.974,0.391,0.281,68.6865,3.495,4.614,10.719*7C
$GNGST,085750.00,0.974,0.391,0.281,68.6877,3.495,4.614,10.719*7E
$GNGST,085750.10,0.974,0.391,0.281,68.6898,3.495,4.614,10.719*7E
$GNGST,085750.20,0.974,0.391,0.281,68.6865,3.495,4.614,10.719*7F
$GNGST,085750.30,0.974,0.391,0.281,68.6853,3.495,4.614,10.719*7B
$GNGST,085750.40,0.974,0.391,0.281,68.6887,3.495,4.614,10.719*75
$GNGST,085750.50,0.974,0.391,0.281,68.6905,3.495,4.614,10.719*7F
$GNGST,085750.60,0.889,0.348,0.261,71.6288,3.495,4.614,10.719*73
$GNGST,085750.70,0.889,0.348,0.261,71.6241,3.495,4.614,10.719*77
$GNGST,085750.80,0.889,0.348,0.261,71.6268,3.495,4.614,10.719*73
$GNGST,085750.90,0.889,0.348,0.261,71.6271,3.495,4.614,10.719*7A
$GNGST,085751.00,0.889,0.348,0.261,71.6242,3.495,4.614,10.719*72
$GNGST,085751.10,0.889,0.348,0.261,71.6232,3.495,4.614,10.719*74
$GNGST,085751.20,0.889,0.348,0.261,71.6237,3.495,4.614,10.719*72
$GNGST,085751.30,0.889,0.348,0.261,71.6228,3.495,4.614,10.719*7D
$GNGST,085751.40,0.889,0.348,0.261,71.6240,3.495,4.614,10.719*74
$GNGST,085751.50,0.889,0.348,0.261,71.6255,3.495,4.614,10.719*71
$GNGST,085751.60,0.889,0.348,0.261,71.6225,3.495,4.614,10.719*75
$GNGST,085751.70,0.816,0.319,0.240,78.1239,3.495,4.614,10.719*76
$GNGST,085751.80,0.816,0.319,0.240,78.1235,3.495,4.614,10.719*75
$GNGST,085751.90,0.816,0.319,0.240,78.1230,3.495,4.614,10.719*71
$GNGST,085752.00,0.816,0.319,0.240,78.1263,3.495,4.614,10.719*7D
$GNGST,085752.10,0.816,0.319,0.240,78.1238,3.495,4.614,10.719*72
$GNGST,085752.20,0.816,0.319,0.240,78.1206,3.495,4.614,10.719*7C
$GNGST,085752.30,0.816,0.319,0.240,78.1319,3.495,4.614,10.719*72
$GNGST,085752.40,0.816,0.319,0.240,78.1268,3.495,4.614,10.719*72
$GNGST,085752.50,0.762,0.298,0.223,81.1396,3.495,4.614,10.719*74
$GNGST,085752.60,0.762,0.298,0.223,81.1732,3.495,4.614,10.719*7D
$GNGST,085752.70,0.762,0.298,0.223,81.1433,3.495,4.614,10.719*7E
$GNGST,085752.80,0.762,0.298,0.223,81.1408,3.495,4.614,10.719*79
$GNGST,085752.90,0.762,0.298,0.223,81.1353,3.495,4.614,10.719*71
$GNGST,085753.00,0.762,0.298,0.223,81.1325,3.495,4.614,10.719*78
$GNGST,085753.10,0.762,0.298,0.223,81.1165,3.495,4.614,10.719*7F
$GNGST,085753.20,0.762,0.298,0.223,81.1185,3.495,4.614,10.719*72
$GNGST,085753.30,0.762,0.298,0.223,81.1451,3.495,4.614,10.719*7F
$GNGST,085753.40,0.762,0.298,0.223,81.1320,3.495,4.614,10.719*79
$GNGST,085753.50,0.718,0.281,0.208,83.2812,3.495,4.614,10.719*7F
$GNGST,085753.60,0.718,0.281,0.208,83.2854,3.495,4.614,10.719*7E
$GNGST,085753.70,0.718,0.281,0.208,83.2860,3.495,4.614,10.719*78
$GNGST,085753.80,0.718,0.281,0.208,83.2809,3.495,4.614,10.719*78
$GNGST,085753.90,0.718,0.281,0.208,83.2854,3.495,4.614,10.719*71
$GNGST,085754.00,0.718,0.281,0.208,83.3189,3.495,4.614,10.719*77
$GNGST,085754.10,0.718,0.281,0.208,83.2875,3.495,4.614,10.719*7D
$GNGST,085754.20,0.718,0.281,0.208,83.2948,3.495,4.614,10.719*71
$GNGST,085754.30,0.718,0.281,0.208,83.2794,3.495,4.614,10.719*7F
$GNGST,085754.40,0.718,0.281,0.208,83.2959,3.495,4.614,10.719*77
$GNGST,085754.50,0.718,0.281,0.208,83.2834,3.495,4.614,10.719*7C
$GNGST,085754.60,0.718,0.281,0.208,83.2834,3.495,4.614,10.719*7F
$GNGST,085754.70,0.681,0.267,0.197,85.0764,3.495,4.614,10.719*7C
$GNGST,085754.80,0.681,0.267,0.197,85.0771,3.495,4.614,10.719*77
$GNGST,085754.90,0.681,0.267,0.197,85.0714,3.495,4.614,10.719*75
$GNGST,085755.00,0.681,0.267,0.197,85.0736,3.495,4.614,10.719*7D
$GNGST,085755.10,0.681,0.267,0.197,85.0786,3.495,4.614,10.719*77
$GNGST,085755.20,0.681,0.267,0.197,85.0850,3.495,4.614,10.719*70
$GNGST,085755.30,0.681,0.267,0.197,85.0725,3.495,4.614,10.719*7C
$GNGST,085755.40,0.681,0.267,0.197,85.0654,3.495,4.614,10.719*7C
$GNGST,085755.50,0.650,0.255,0.187,86.4806,3.495,4.614,10.719*7F
$GNGST,085755.60,0.650,0.255,0.187,86.4891,3.495,4.614,10.719*72
$GNGST,085755.70,0.650,0.255,0.187,86.4909,3.495,4.614,10.719*73
$GNGST,085755.80,0.650,0.255,0.187,86.4870,3.495,4.614,10.719*73
$GNGST,085755.90,0.650,0.255,0.187,86.4818,3.495,4.614,10.719*7C
$GNGST,085756.00,0.650,0.255,0.187,86.4895,3.495,4.614,10.719*73
$GNGST,085756.10,0.650,0.255,0.187,86.4885,3.495,4.614,10.719*73
$GNGST,085756.20,0.650,0.255,0.187,86.4680,3.495,4.614,10.719*7B
$GNGST,085756.30,0.650,0.255,0.187,86.4907,3.495,4.614,10.719*7A
$GNGST,085756.40,0.650,0.255,0.187,86.4855,3.495,4.614,10.719*7B
$GNGST,085756.50,0.650,0.255,0.187,86.4787,3.495,4.614,10.719*7A
$GNGST,085756.60,0.650,0.255,0.187,86.4809,3.495,4.614,10.719*70
$GNGST,085756.70,0.650,0.255,0.187,86.4853,3.495,4.614,10.719*7E
$GNGST,085756.80,0.627,0.246,0.179,86.5819,3.495,4.614,10.719*7D
$GNGST,085756.90,0.627,0.246,0.179,86.5858,3.495,4.614,10.719*79
$GNGST,085757.00,0.627,0.246,0.179,86.5689,3.495,4.614,10.719*73
$GNGST,085757.10,0.627,0.246,0.179,86.5750,3.495,4.614,10.719*77
$GNGST,085757.20,0.627,0.246,0.179,86.5866,3.495,4.614,10.719*7E
$GNGST,085757.30,0.627,0.246,0.179,86.5959,3.495,4.614,10.719*72
$GNGST,085757.40,0.627,0.246,0.179,86.5917,3.495,4.614,10.719*7F
$GNGST,085757.50,0.627,0.246,0.179,86.5876,3.495,4.614,10.719*78
$GNGST,085757.60,0.627,0.246,0.179,86.5782,3.495,4.614,10.719*7F
$GNGST,085757.70,0.627,0.246,0.179,86.5772,3.495,4.614,10.719*71
$GNGST,085757.80,0.627,0.246,0.179,86.5840,3.495,4.614,10.719*70
$GNGST,085757.90,0.608,0.237,0.173,86.1410,3.495,4.614,10.719*7D
$GNGST,085758.00,0.608,0.237,0.173,86.1412,3.495,4.614,10.719*79
$GNGST,085758.10,0.608,0.237,0.173,86.1426,3.495,4.614,10.719*7F
$GNGST,085758.20,0.608,0.237,0.173,86.1150,3.495,4.614,10.719*78
$GNGST,085758.30,0.608,0.237,0.173,86.1476,3.495,4.614,10.719*78
$GNGST,085758.40,0.608,0.237,0.173,86.1476,3.495,4.614,10.719*7F
$GNGST,085758.50,0.608,0.237,0.173,86.1433,3.495,4.614,10.719*7F
$GNGST,085758.60,0.608,0.237,0.173,86.1443,3.495,4.614,10.719*7B
$GNGST,085758.70,0.608,0.237,0.173,86.1523,3.495,4.614,10.719*7D
$GNGST,085758.80,0.589,0.230,0.168,85.8996,3.495,4.614,10.719*7D
$GNGST,085758.90,0.589,0.230,0.168,85.8904,3.495,4.614,10.719*77
$GNGST,085759.00,0.589,0.230,0.168,85.9022,3.495,4.614,10.719*73
$GNGST,085759.10,0.589,0.230,0.168,85.8994,3.495,4.614,10.719*77
$GNGST,085759.20,0.589,0.230,0.168,85.8971,3.495,4.614,10.719*7F
$GNGST,085759.30,0.589,0.230,0.168,85.8990,3.495,4.614,10.719*71
$GNGST,085759.40,0.589,0.230,0.168,85.8932,3.495,4.614,10.719*7E
$GNGST,085759.50,0.589,0.230,0.168,85.8942,3.495,4.614,10.719*78
$GNGST,085759.60,0.575,0.224,0.163,84.9941,3.495,4.614,10.719*75
$GNGST,085759.70,0.575,0.224,0.163,84.9911,3.495,4.614,10.719*71
$GNGST,085759.80,0.575,0.224,0.163,84.9923,3.495,4.614,10.719*7F
$GNGST,085759.90,0.575,0.224,0.163,84.9875,3.495,4.614,10.719*7C
$GNGST,085800.00,0.575,0.224,0.163,84.9876,3.495,4.614,10.719*75
$GNGST,085800.10,0.575,0.224,0.163,84.9882,3.495,4.614,10.719*7F
$GNGST,085800.20,0.575,0.224,0.163,84.9892,3.495,4.614,10.719*7D
$GNGST,085800.30,0.575,0.224,0.163,84.9887,3.495,4.614,10.719*78
$GNGST,085800.40,0.575,0.224,0.163,84.9916,3.495,4.614,10.719*76
$GNGST,085800.50,0.567,0.221,0.159,81.9659,3.495,4.614,10.719*79
$GNGST,085800.60,0.567,0.222,0.159,81.8484,3.495,4.614,10.719*7A
$GNGST,085800.70,0.567,0.221,0.159,81.9070,3.495,4.614,10.719*76
$GNGST,085800.80,0.567,0.221,0.159,81.9624,3.495,4.614,10.719*7E
$GNGST,085800.90,0.567,0.221,0.159,81.9095,3.495,4.614,10.719*73
$GNGST,085801.00,0.567,0.221,0.159,81.9467,3.495,4.614,10.719*72
$GNGST,085801.10,0.567,0.221,0.159,81.9222,3.495,4.614,10.719*74
$GNGST,085801.20,0.567,0.221,0.159,81.9735,3.495,4.614,10.719*74
$GNGST,085801.30,0.567,0.221,0.159,81.9780,3.495,4.614,10.719*7B
$GNGST,085801.40,0.567,0.221,0.159,81.9683,3.495,4.614,10.719*7E
$GNGST,085801.50,0.567,0.221,0.159,81.9700,3.495,4.614,10.719*75
$GNGST,085801.60,0.567,0.221,0.159,81.9691,3.495,4.614,10.719*7F
$GNGST,085801.70,0.567,0.221,0.159,81.9765,3.495,4.614,10.719*74
$GNGST,085801.80,0.556,0.216,0.155,81.4856,3.495,4.614,10.719*73
$GNGST,085801.90,0.556,0.216,0.155,81.5333,3.495,4.614,10.719*7B
$GNGST,085802.00,0.556,0.216,0.155,81.4856,3.495,4.614,10.719*78
$GNGST,085802.10,0.556,0.216,0.155,81.5271,3.495,4.614,10.719*77
$GNGST,085802.20,0.556,0.216,0.155,81.5111,3.495,4.614,10.719*71
$GNGST,085802.30,0.556,0.216,0.155,81.5247,3.495,4.614,10.719*70
$GNGST,085802.40,0.556,0.216,0.155,81.5333,3.495,4.614,10.719*75
$GNGST,085802.50,0.556,0.216,0.155,81.5480,3.495,4.614,10.719*7B
$GNGST,085802.60,0.544,0.211,0.151,81.0449,3.495,4.614,10.719*78
$GNGST,085802.70,0.543,0.211,0.151,81.0394,3.495,4.614,10.719*79
$GNGST,085802.80,0.544,0.211,0.151,81.0375,3.495,4.614,10.719*7E
$GNGST,085802.90,0.543,0.211,0.151,81.0379,3.495,4.614,10.719*74
$GNGST,085803.00,0.544,0.211,0.151,81.0406,3.495,4.614,10.719*74
$GNGST,085803.10,0.543,0.211,0.151,81.0439,3.495,4.614,10.719*7E
$GNGST,085803.20,0.543,0.211,0.151,81.0396,3.495,4.614,10.719*7F
$GNGST,085803.30,0.543,0.211,0.151,81.0413,3.495,4.614,10.719*74
$GNGST,085803.40,0.543,0.211,0.151,81.0433,3.495,4.614,10.719*71
$GNGST,085803.50,0.543,0.211,0.151,81.0359,3.495,4.614,10.719*7B
$GNGST,085803.60,0.543,0.211,0.151,81.0414,3.495,4.614,10.719*76
$GNGST,085803.70,0.533,0.206,0.148,80.4737,3.495,4.614,10.719*79
$GNGST,085803.80,0.533,0.206,0.148,80.4601,3.495,4.614,10.719*72
$GNGST,085803.90,0.533,0.206,0.148,80.4700,3.495,4.614,10.719*73
$GNGST,085804.00,0.533,0.206,0.148,80.4683,3.495,4.614,10.719*77
$GNGST,085804.10,0.533,0.206,0.148,80.4633,3.495,4.614,10.719*7D
$GNGST,085804.20,0.533,0.206,0.148,80.4735,3.495,4.614,10.719*79
$GNGST,085804.30,0.533,0.206,0.148,80.4735,3.495,4.614,10.719*78
$GNGST,085804.40,0.533,0.206,0.148,80.4604,3.495,4.614,10.719*7C
$GNGST,085804.50,0.533,0.206,0.148,80.4704,3.495,4.614,10.719*7C
$GNGST,085804.60,0.533,0.206,0.148,80.4646,3.495,4.614,10.719*78
$GNGST,085804.70,0.533,0.206,0.148,80.4732,3.495,4.614,10.719*7B
$GNGST,085804.80,0.524,0.202,0.145,79.5170,3.495,4.614,10.719*7C
$GNGST,085804.90,0.524,0.202,0.145,79.5229,3.495,4.614,10.719*72
$GNGST,085805.00,0.524,0.202,0.145,79.5173,3.495,4.614,10.719*76
$GNGST,085805.10,0.524,0.202,0.145,79.5149,3.495,4.614,10.719*7E
$GNGST,085805.20,0.524,0.202,0.145,79.5197,3.495,4.614,10.719*7E
$GNGST,085805.30,0.524,0.202,0.145,79.5177,3.495,4.614,10.719*71
$GNGST,085805.40,0.524,0.202,0.145,79.5152,3.495,4.614,10.719*71
$GNGST,085805.50,0.524,0.202,0.145,79.5196,3.495,4.614,10.719*78
$GNGST,085805.60,0.524,0.202,0.145,79.5103,3.495,4.614,10.719*77
$GNGST,085805.70,0.524,0.202,0.145,79.5092,3.495,4.614,10.719*7F
$GNGST,085805.80,0.511,0.197,0.141,79.6963,3.495,4.614,10.719*79
$GNGST,085805.90,0.511,0.197,0.141,79.6944,3.495,4.614,10.719*7D
$GNGST,085806.00,0.511,0.197,0.141,79.6910,3.495,4.614,10.719*76
$GNGST,085806.10,0.511,0.197,0.141,79.6978,3.495,4.614,10.719*79
$GNGST,085806.20,0.511,0.197,0.141,79.6928,3.495,4.614,10.719*7F
$GNGST,085806.30,0.511,0.197,0.141,79.7009,3.495,4.614,10.719*75
$GNGST,085806.40,0.511,0.197,0.141,79.6970,3.495,4.614,10.719*74
$GNGST,085806.50,0.503,0.194,0.139,78.8128,3.495,4.614,10.719*70
$GNGST,085806.60,0.503,0.194,0.139,78.8128,3.495,4.614,10.719*73
$GNGST,085806.70,0.503,0.194,0.139,78.8171,3.495,4.614,10.719*7E
$GNGST,085806.80,0.503,0.194,0.139,78.8141,3.495,4.614,10.719*72
$GNGST,085806.90,0.503,0.194,0.139,78.8141,3.495,4.614,10.719*73
$GNGST,085807.00,0.503,0.194,0.139,78.8241,3.495,4.614,10.719*78
$GNGST,085807.10,0.503,0.194,0.139,78.8119,3.495,4.614,10.719*77
$GNGST,085807.20,0.503,0.194,0.139,78.8266,3.495,4.614,10.719*7F
$GNGST,085807.30,0.503,0.194,0.139,78.8084,3.495,4.614,10.719*70
$GNGST,085807.40,0.503,0.194,0.139,78.8112,3.495,4.614,10.719*79
$GNGST,085807.50,0.503,0.194,0.139,78.8194,3.495,4.614,10.719*76
$GNGST,085807.60,0.503,0.194,0.139,78.8179,3.495,4.614,10.719*76
$GNGST,085807.70,0.503,0.194,0.139,78.8030,3.495,4.614,10.719*7B
$GNGST,085807.80,0.496,0.191,0.136,78.0706,3.495,4.614,10.719*79
$GNGST,085807.90,0.496,0.191,0.136,78.0720,3.495,4.614,10.719*7C
$GNGST,085808.00,0.496,0.191,0.136,78.0765,3.495,4.614,10.719*7B
$GNGST,085808.10,0.496,0.191,0.136,78.0736,3.495,4.614,10.719*7C
$GNGST,085808.20,0.496,0.191,0.136,78.0837,3.495,4.614,10.719*71
$GNGST,085808.30,0.496,0.191,0.136,78.0772,3.495,4.614,10.719*7E
$GNGST,085808.40,0.496,0.191,0.136,78.0705,3.495,4.614,10.719*79
$GNGST,085808.50,0.496,0.191,0.136,78.0772,3.495,4.614,10.719*78
$GNGST,085808.60,0.496,0.191,0.136,78.0798,3.495,4.614,10.719*7F
$GNGST,085808.70,0.496,0.191,0.136,78.0733,3.495,4.614,10.719*7F
$GNGST,085808.80,0.489,0.188,0.134,77.3910,3.495,4.614,10.719*77
$GNGST,085808.90,0.489,0.188,0.134,77.3911,3.495,4.614,10.719*77
$GNGST,085809.00,0.489,0.188,0.134,77.4047,3.495,4.614,10.719*72
$GNGST,085809.10,0.489,0.188,0.134,77.3863,3.495,4.614,10.719*7A
$GNGST,085809.20,0.489,0.188,0.134,77.3929,3.495,4.614,10.719*76
$GNGST,085809.30,0.489,0.188,0.134,77.3979,3.495,4.614,10.719*72
$GNGST,085809.40,0.489,0.188,0.134,77.4319,3.495,4.614,10.719*7E
$GNGST,085809.50,0.489,0.188,0.134,77.4281,3.495,4.614,10.719*7F
$GNGST,085809.60,0.489,0.188,0.134,77.4420,3.495,4.614,10.719*71
$GNGST,085809.70,0.489,0.188,0.134,77.3938,3.495,4.614,10.719*73
$GNGST,085809.80,0.489,0.188,0.134,77.4083,3.495,4.614,10.719*72
$GNGST,085809.90,0.489,0.188,0.134,77.4079,3.495,4.614,10.719*76
$GNGST,085810.00,0.489,0.188,0.134,77.3898,3.495,4.614,10.719*77
$GNGST,085810.10,0.489,0.188,0.134,77.3940,3.495,4.614,10.719*72
$GNGST,085810.20,0.489,0.188,0.134,77.3912,3.495,4.614,10.719*76
$GNGST,085810.30,0.489,0.188,0.134,77.3921,3.495,4.614,10.719*77
$GNGST,085810.40,0.482,0.185,0.132,76.4835,3.495,4.614,10.719*72
$GNGST,085810.50,0.482,0.185,0.132,76.7159,3.495,4.614,10.719*73
$GNGST,085810.60,0.475,0.181,0.130,76.1114,3.495,4.614,10.719*71
$GNGST,085810.70,0.475,0.181,0.130,76.1132,3.495,4.614,10.719*74
$GNGST,085810.80,0.475,0.181,0.130,76.0913,3.495,4.614,10.719*71
$GNGST,085810.90,0.475,0.181,0.130,76.1283,3.495,4.614,10.719*73
$GNGST,085811.00,0.475,0.181,0.130,76.1185,3.495,4.614,10.719*7E
$GNGST,085811.10,0.475,0.181,0.130,76.1271,3.495,4.614,10.719*77
$GNGST,085811.20,0.475,0.181,0.130,76.1293,3.495,4.614,10.719*78
$GNGST,085811.30,0.475,0.181,0.130,76.1163,3.495,4.614,10.719*75
$GNGST,085811.40,0.475,0.182,0.130,76.2256,3.495,4.614,10.719*77
$GNGST,085811.50,0.468,0.178,0.128,75.5626,3.495,4.614,10.719*71
$GNGST,085811.60,0.468,0.178,0.128,75.5626,3.495,4.614,10.719*72
$GNGST,085811.70,0.468,0.178,0.128,75.5597,3.495,4.614,10.719*7A
$GNGST,085811.80,0.469,0.178,0.128,75.5740,3.495,4.614,10.719*7C
$GNGST,085811.90,0.469,0.178,0.128,75.5841,3.495,4.614,10.719*73
$GNGST,085812.00,0.469,0.178,0.128,75.5588,3.495,4.614,10.719*71
$GNGST,085812.10,0.469,0.178,0.128,75.5702,3.495,4.614,10.719*70
$GNGST,085812.20,0.469,0.178,0.128,75.5728,3.495,4.614,10.719*7B
$GNGST,085812.30,0.469,0.179,0.128,75.4871,3.495,4.614,10.719*79
$GNGST,085812.40,0.469,0.179,0.128,75.6294,3.495,4.614,10.719*7D
$GNGST,085812.50,0.469,0.178,0.128,75.5725,3.495,4.614,10.719*71
$GNGST,085812.60,0.462,0.175,0.126,75.1583,3.495,4.614,10.719*70
$GNGST,085812.70,0.462,0.175,0.126,75.1607,3.495,4.614,10.719*7E
$GNGST,085812.80,0.462,0.176,0.126,75.1901,3.495,4.614,10.719*7B
$GNGST,085812.90,0.462,0.176,0.126,75.2146,3.495,4.614,10.719*72
$GNGST,085813.00,0.462,0.176,0.126,75.2024,3.495,4.614,10.719*7F
$GNGST,085813.10,0.462,0.175,0.126,75.1703,3.495,4.614,10.719*7C
$GNGST,085813.20,0.462,0.176,0.126,75.1994,3.495,4.614,10.719*7C
$GNGST,085813.30,0.462,0.176,0.126,75.2139,3.495,4.614,10.719*71
$GNGST,085813.40,0.462,0.176,0.126,75.2081,3.495,4.614,10.719*74
$GNGST,085813.50,0.462,0.176,0.126,75.2094,3.495,4.614,10.719*71
$GNGST,085813.60,0.462,0.176,0.126,75.2000,3.495,4.614,10.719*7F
$GNGST,085813.70,0.458,0.174,0.124,74.4252,3.495,4.614,10.719*75
$GNGST,085813.80,0.459,0.174,0.124,74.4290,3.495,4.614,10.719*75
$GNGST,085813.90,0.458,0.174,0.124,74.3695,3.495,4.614,10.719*73
$GNGST,085814.00,0.458,0.174,0.124,74.3762,3.495,4.614,10.719*74
$GNGST,085814.10,0.458,0.174,0.124,74.3691,3.495,4.614,10.719*78
$GNGST,085814.20,0.458,0.174,0.124,74.3426,3.495,4.614,10.719*75
$GNGST,085814.30,0.459,0.174,0.124,74.3377,3.495,4.614,10.719*76
$GNGST,085814.40,0.459,0.174,0.124,74.3946,3.495,4.614,10.719*79
$GNGST,085814.50,0.458,0.174,0.124,74.3316,3.495,4.614,10.719*76
$GNGST,085814.60,0.459,0.174,0.124,74.3486,3.495,4.614,10.719*7A
$GNGST,085814.70,0.458,0.174,0.124,74.2968,3.495,4.614,10.719*76
$GNGST,085814.80,0.457,0.175,0.121,72.2604,3.495,4.614,10.719*71
$GNGST,085814.90,0.457,0.175,0.121,72.2495,3.495,4.614,10.719*7A
$GNGST,085815.00,0.457,0.175,0.121,72.2527,3.495,4.614,10.719*7A
$GNGST,085815.10,0.457,0.175,0.121,72.2812,3.495,4.614,10.719*70
$GNGST,085815.20,0.457,0.175,0.121,72.2527,3.495,4.614,10.719*78
$GNGST,085815.30,0.458,0.175,0.121,72.2238,3.495,4.614,10.719*7F
$GNGST,085815.40,0.457,0.175,0.121,72.2644,3.495,4.614,10.719*78
$GNGST,085815.50,0.457,0.175,0.121,72.2467,3.495,4.614,10.719*7A
$GNGST,085815.60,0.453,0.174,0.118,71.1406,3.495,4.614,10.719*71
$GNGST,085815.70,0.453,0.174,0.118,71.1465,3.495,4.614,10.719*75
$GNGST,085815.80,0.453,0.174,0.118,71.1437,3.495,4.614,10.719*7D
$GNGST,085815.90,0.453,0.174,0.118,71.1590,3.495,4.614,10.719*70
$GNGST,085816.00,0.453,0.174,0.118,71.1506,3.495,4.614,10.719*75
$GNGST,085816.10,0.453,0.174,0.118,71.1848,3.495,4.614,10.719*73
$GNGST,085816.20,0.453,0.174,0.118,71.1538,3.495,4.614,10.719*7A
$GNGST,085816.30,0.453,0.174,0.118,71.1419,3.495,4.614,10.719*79
$GNGST,085816.40,0.453,0.174,0.118,71.1492,3.495,4.614,10.719*7D
$GNGST,085816.50,0.450,0.173,0.115,70.1784,3.495,4.614,10.719*70
$GNGST,085816.60,0.450,0.173,0.115,70.1782,3.495,4.614,10.719*75
$GNGST,085816.70,0.450,0.173,0.115,70.1803,3.495,4.614,10.719*72
$GNGST,085816.80,0.450,0.173,0.115,70.1793,3.495,4.614,10.719*7B
$GNGST,085816.90,0.450,0.173,0.115,70.1751,3.495,4.614,10.719*74
$GNGST,085817.00,0.450,0.173,0.115,70.1806,3.495,4.614,10.719*71
$GNGST,085817.10,0.450,0.173,0.115,70.1834,3.495,4.614,10.719*71
$GNGST,085817.20,0.450,0.174,0.115,70.2999,3.495,4.614,10.719*70
$GNGST,085817.30,0.450,0.173,0.115,70.0559,3.495,4.614,10.719*74
$GNGST,085817.40,0.450,0.174,0.115,70.4412,3.495,4.614,10.719*7E
$GNGST,085817.50,0.450,0.173,0.115,70.1828,3.495,4.614,10.719*78
$GNGST,085817.60,0.450,0.173,0.115,70.1932,3.495,4.614,10.719*71
$GNGST,085817.70,0.450,0.173,0.115,70.1896,3.495,4.614,10.719*7F
$GNGST,085817.80,0.450,0.173,0.115,70.1981,3.495,4.614,10.719*77
$GNGST,085817.90,0.448,0.173,0.114,69.4757,3.495,4.614,10.719*76
$GNGST,085818.00,0.448,0.173,0.114,69.4881,3.495,4.614,10.719*74
$GNGST,085818.10,0.448,0.173,0.114,69.5114,3.495,4.614,10.719*71
$GNGST,085818.20,0.448,0.173,0.114,69.4822,3.495,4.614,10.719*7F
$GNGST,085818.30,0.448,0.173,0.114,69.3856,3.495,4.614,10.719*7A
$GNGST,085818.40,0.448,0.173,0.114,69.4448,3.495,4.614,10.719*79
$GNGST,085818.50,0.448,0.173,0.114,69.4681,3.495,4.614,10.719*7F
$GNGST,085818.60,0.448,0.173,0.114,69.4385,3.495,4.614,10.719*7D
$GNGST,085818.70,0.448,0.173,0.114,69.4774,3.495,4.614,10.719*76
$GNGST,085818.80,0.445,0.173,0.113,69.3013,3.495,4.614,10.719*72
$GNGST,085818.90,0.445,0.173,0.113,69.2903,3.495,4.614,10.719*7A
$GNGST,085819.00,0.445,0.173,0.113,69.2856,3.495,4.614,10.719*73
$GNGST,085819.10,0.445,0.173,0.113,69.3017,3.495,4.614,10.719*7E
$GNGST,085819.20,0.445,0.173,0.113,69.2998,3.495,4.614,10.719*72
$GNGST,085819.30,0.445,0.173,0.113,69.3036,3.495,4.614,10.719*7F
$GNGST,085819.40,0.445,0.172,0.113,69.3005,3.495,4.614,10.719*79
$GNGST,085819.50,0.445,0.173,0.113,69.3038,3.495,4.614,10.719*77
$GNGST,085819.60,0.445,0.173,0.113,69.3098,3.495,4.614,10.719*7E
$GNGST,085819.70,0.443,0.173,0.110,68.4318,3.495,4.614,10.719*77
$GNGST,085819.80,0.444,0.173,0.110,68.4398,3.495,4.614,10.719*77
$GNGST,085819.90,0.443,0.173,0.110,68.4295,3.495,4.614,10.719*7D
$GNGST,085820.00,0.444,0.173,0.110,68.4263,3.495,4.614,10.719*70
$GNGST,085820.10,0.443,0.173,0.110,68.4313,3.495,4.614,10.719*70
$GNGST,085820.20,0.444,0.173,0.110,68.4323,3.495,4.614,10.719*77
$GNGST,085820.30,0.443,0.173,0.110,68.4348,3.495,4.614,10.719*7C
$GNGST,085820.40,0.443,0.173,0.110,68.4324,3.495,4.614,10.719*71
$GNGST,085820.50,0.442,0.173,0.109,68.0443,3.495,4.614,10.719*7B
$GNGST,085820.60,0.442,0.173,0.109,68.0204,3.495,4.614,10.719*7D
$GNGST,085820.70,0.442,0.173,0.109,68.0206,3.495,4.614,10.719*7E
$GNGST,085820.80,0.442,0.173,0.109,68.0942,3.495,4.614,10.719*7A
$GNGST,085820.90,0.442,0.173,0.109,68.0172,3.495,4.614,10.719*70
$GNGST,085821.00,0.442,0.173,0.109,68.0106,3.495,4.614,10.719*7B
$GNGST,085821.10,0.442,0.173,0.109,68.0284,3.495,4.614,10.719*73
$GNGST,085821.20,0.442,0.173,0.109,68.0116,3.495,4.614,10.719*78
$GNGST,085821.30,0.442,0.173,0.109,68.0187,3.495,4.614,10.719*71
$GNGST,085821.40,0.442,0.173,0.109,68.0177,3.495,4.614,10.719*79
$GNGST,085821.50,0.442,0.173,0.109,68.0170,3.495,4.614,10.719*7F
$GNGST,085821.60,0.438,0.172,0.108,67.8441,3.495,4.614,10.719*71
$GNGST,085821.70,0.438,0.172,0.108,67.8463,3.495,4.614,10.719*70
$GNGST,085821.80,0.438,0.172,0.108,67.8479,3.495,4.614,10.719*74
$GNGST,085821.90,0.438,0.172,0.108,67.8526,3.495,4.614,10.719*7E
$GNGST,085822.00,0.438,0.172,0.108,67.8476,3.495,4.614,10.719*70
$GNGST,085822.10,0.438,0.172,0.108,67.8441,3.495,4.614,10.719*75
$GNGST,085822.20,0.438,0.172,0.108,67.8476,3.495,4.614,10.719*72
$GNGST,085822.30,0.438,0.172,0.108,67.8476,3.495,4.614,10.719*73
$GNGST,085822.40,0.438,0.172,0.108,67.8517,3.495,4.614,10.719*72
$GNGST,085822.50,0.438,0.172,0.108,67.8472,3.495,4.614,10.719*71
$GNGST,085822.60,0.438,0.172,0.108,67.8518,3.495,4.614,10.719*7F
$GNGST,085822.70,0.438,0.172,0.108,67.8445,3.495,4.614,10.719*77
$GNGST,085822.80,0.435,0.171,0.107,67.7468,3.495,4.614,10.719*79
$GNGST,085822.90,0.435,0.171,0.107,67.7392,3.495,4.614,10.719*7A
$GNGST,085823.00,0.435,0.171,0.107,67.7354,3.495,4.614,10.719*78
$GNGST,085823.10,0.435,0.171,0.107,67.7425,3.495,4.614,10.719*78
$GNGST,085823.20,0.435,0.171,0.107,67.7400,3.495,4.614,10.719*7C
$GNGST,085823.30,0.435,0.171,0.107,67.7400,3.495,4.614,10.719*7D
$GNGST,085823.40,0.435,0.171,0.107,67.7436,3.495,4.614,10.719*7F
$GNGST,085823.50,0.435,0.171,0.107,67.7476,3.495,4.614,10.719*7A
$GNGST,085823.60,0.435,0.171,0.107,67.7468,3.495,4.614,10.719*76
$GNGST,085823.70,0.432,0.170,0.105,67.5847,3.495,4.614,10.719*70
$GNGST,085823.80,0.432,0.170,0.105,67.5851,3.495,4.614,10.719*78
$GNGST,085823.90,0.432,0.170,0.105,67.5852,3.495,4.614,10.719*7A
$GNGST,085824.00,0.432,0.170,0.105,67.5945,3.495,4.614,10.719*73
$GNGST,085824.10,0.432,0.170,0.105,67.5983,3.495,4.614,10.719*78
$GNGST,085824.20,0.432,0.170,0.105,67.5919,3.495,4.614,10.719*78
$GNGST,085824.30,0.432,0.170,0.105,67.5829,3.495,4.614,10.719*7B
$GNGST,085824.40,0.432,0.170,0.105,67.5976,3.495,4.614,10.719*77
$GNGST,085824.50,0.432,0.170,0.105,67.5872,3.495,4.614,10.719*73
$GNGST,085824.60,0.432,0.170,0.105,67.6062,3.495,4.614,10.719*7A
$GNGST,085824.70,0.432,0.170,0.105,67.6009,3.495,4.614,10.719*76
$GNGST,085824.80,0.429,0.169,0.104,67.4076,3.495,4.614,10.719*70
$GNGST,085824.90,0.429,0.169,0.104,67.4238,3.495,4.614,10.719*79
$GNGST,085825.00,0.429,0.169,0.104,67.4078,3.495,4.614,10.719*77
$GNGST,085825.10,0.429,0.169,0.104,67.4170,3.495,4.614,10.719*7F
$GNGST,085825.20,0.429,0.169,0.104,67.4210,3.495,4.614,10.719*79
$GNGST,085825.30,0.429,0.169,0.104,67.4164,3.495,4.614,10.719*78
$GNGST,085825.40,0.429,0.169,0.104,67.4184,3.495,4.614,10.719*71
$GNGST,085825.50,0.429,0.169,0.104,67.4161,3.495,4.614,10.719*7B
$GNGST,085825.60,0.429,0.169,0.104,67.4187,3.495,4.614,10.719*70
$GNGST,085825.70,0.426,0.168,0.103,67.2528,3.495,4.614,10.719*7F
$GNGST,085825.80,0.426,0.168,0.103,67.2576,3.495,4.614,10.719*7B
$GNGST,085825.90,0.426,0.168,0.103,67.2589,3.495,4.614,10.719*7A
$GNGST,085826.00,0.426,0.168,0.103,67.2608,3.495,4.614,10.719*7A
$GNGST,085826.10,0.426,0.168,0.103,67.2574,3.495,4.614,10.719*73
$GNGST,085826.20,0.426,0.168,0.103,67.2561,3.495,4.614,10.719*74
$GNGST,085826.30,0.426,0.168,0.103,67.1421,3.495,4.614,10.719*73
$GNGST,085826.40,0.426,0.168,0.103,67.2443,3.495,4.614,10.719*73
$GNGST,085826.50,0.426,0.168,0.103,67.1477,3.495,4.614,10.719*76
$GNGST,085826.60,0.424,0.167,0.102,67.1154,3.495,4.614,10.719*7D
$GNGST,085826.70,0.424,0.167,0.102,67.1052,3.495,4.614,10.719*7B
$GNGST,085826.80,0.424,0.167,0.102,67.1079,3.495,4.614,10.719*7D
$GNGST,085826.90,0.424,0.167,0.102,67.0795,3.495,4.614,10.719*78
$GNGST,085827.00,0.424,0.167,0.102,67.1101,3.495,4.614,10.719*7A
$GNGST,085827.10,0.424,0.167,0.102,67.1018,3.495,4.614,10.719*72
$GNGST,085827.20,0.424,0.167,0.102,67.1083,3.495,4.614,10.719*73
$GNGST,085827.30,0.424,0.167,0.102,67.0872,3.495,4.614,10.719*75
$GNGST,085827.40,0.424,0.167,0.102,67.1069,3.495,4.614,10.719*71
$GNGST,085827.50,0.424,0.167,0.102,67.0882,3.495,4.614,10.719*7C
$GNGST,085827.60,0.422,0.166,0.101,66.9247,3.495,4.614,10.719*70
$GNGST,085827.70,0.422,0.166,0.101,66.9398,3.495,4.614,10.719*72
$GNGST,085827.80,0.422,0.166,0.101,66.9444,3.495,4.614,10.719*7B
$GNGST,085827.90,0.422,0.166,0.101,66.9433,3.495,4.614,10.719*7A
$GNGST,085828.00,0.422,0.166,0.101,66.9543,3.495,4.614,10.719*7A
$GNGST,085828.10,0.422,0.166,0.101,66.9395,3.495,4.614,10.719*76
$GNGST,085828.20,0.422,0.166,0.101,66.9469,3.495,4.614,10.719*71
$GNGST,085828.30,0.422,0.166,0.101,66.9443,3.495,4.614,10.719*78
$GNGST,085828.40,0.422,0.166,0.101,66.9416,3.495,4.614,10.719*7F
$GNGST,085828.50,0.422,0.166,0.101,66.9429,3.495,4.614,10.719*72
$GNGST,085828.60,0.422,0.166,0.101,66.9446,3.495,4.614,10.719*78
$GNGST,085828.70,0.422,0.166,0.101,66.9370,3.495,4.614,10.719*7B
$GNGST,085828.80,0.420,0.166,0.100,66.8117,3.495,4.614,10.719*75
$GNGST,085828.90,0.420,0.166,0.100,66.8202,3.495,4.614,10.719*73
$GNGST,085829.00,0.420,0.166,0.100,66.8213,3.495,4.614,10.719*7B
$GNGST,085829.10,0.420,0.166,0.100,66.8173,3.495,4.614,10.719*7F
$GNGST,085829.20,0.420,0.166,0.100,66.8181,3.495,4.614,10.719*71
$GNGST,085829.30,0.420,0.166,0.100,66.8181,3.495,4.614,10.719*70
$GNGST,085829.40,0.420,0.166,0.100,66.8204,3.495,4.614,10.719*79
$GNGST,085829.50,0.420,0.166,0.100,66.8187,3.495,4.614,10.719*70
$GNGST,085829.60,0.420,0.166,0.100,66.8176,3.495,4.614,10.719*7D
$GNGST,085829.70,0.420,0.166,0.100,66.8202,3.495,4.614,10.719*7C
$GNGST,085829.80,0.420,0.166,0.100,66.8408,3.495,4.614,10.719*7F
$GNGST,085829.90,0.420,0.166,0.100,66.8296,3.495,4.614,10.719*7F
$GNGST,085830.00,0.418,0.165,0.099,66.7047,3.495,4.614,10.719*76
$GNGST,085830.10,0.418,0.165,0.099,66.7191,3.495,4.614,10.719*7D
$GNGST,085830.20,0.418,0.165,0.099,66.7164,3.495,4.614,10.719*74
$GNGST,085830.30,0.418,0.165,0.099,66.7085,3.495,4.614,10.719*7B
$GNGST,085830.40,0.418,0.165,0.099,66.7187,3.495,4.614,10.719*7F
$GNGST,085830.50,0.418,0.165,0.099,66.7187,3.495,4.614,10.719*7E
$GNGST,085830.60,0.414,0.163,0.098,67.0673,3.495,4.614,10.719*7C
$GNGST,085830.70,0.414,0.163,0.098,67.0676,3.495,4.614,10.719*78
$GNGST,085830.80,0.414,0.163,0.098,67.0582,3.495,4.614,10.719*7F
$GNGST,085830.90,0.414,0.163,0.098,67.0688,3.495,4.614,10.719*77
$GNGST,085831.00,0.414,0.163,0.098,67.1092,3.495,4.614,10.719*73
$GNGST,085831.10,0.414,0.163,0.098,67.0654,3.495,4.614,10.719*7F
$GNGST,085831.20,0.414,0.163,0.098,67.0445,3.495,4.614,10.719*7E
$GNGST,085831.30,0.414,0.163,0.098,67.0667,3.495,4.614,10.719*7D
$GNGST,085831.40,0.414,0.163,0.098,67.0628,3.495,4.614,10.719*71
$GNGST,085831.50,0.414,0.163,0.098,67.0626,3.495,4.614,10.719*7E
$GNGST,085831.60,0.414,0.163,0.098,67.0598,3.495,4.614,10.719*7B
$GNGST,085831.70,0.414,0.163,0.098,67.0630,3.495,4.614,10.719*7B
$GNGST,085831.80,0.414,0.163,0.098,67.0277,3.495,4.614,10.719*73
$GNGST,085831.90,0.410,0.161,0.097,67.3317,3.495,4.614,10.719*7F
$GNGST,085832.00,0.410,0.161,0.097,67.2172,3.495,4.614,10.719*75
$GNGST,085832.10,0.410,0.161,0.097,67.2702,3.495,4.614,10.719*75
$GNGST,085832.20,0.410,0.161,0.097,67.2144,3.495,4.614,10.719*72
$GNGST,085832.30,0.410,0.161,0.097,67.2716,3.495,4.614,10.719*72
$GNGST,085832.40,0.410,0.161,0.097,67.3041,3.495,4.614,10.719*71
$GNGST,085832.50,0.410,0.161,0.097,67.2446,3.495,4.614,10.719*72
$GNGST,085832.60,0.410,0.161,0.097,67.2507,3.495,4.614,10.719*75
$GNGST,085832.70,0.410,0.161,0.097,67.3041,3.495,4.614,10.719*72
$GNGST,085832.80,0.410,0.161,0.097,66.9726,3.495,4.614,10.719*70
$GNGST,085832.90,0.410,0.161,0.097,67.0989,3.495,4.614,10.719*72
$GNGST,085833.00,0.410,0.161,0.097,67.1781,3.495,4.614,10.719*7D
$GNGST,085833.10,0.410,0.161,0.097,67.3047,3.495,4.614,10.719*73
$GNGST,085833.20,0.410,0.161,0.097,67.2932,3.495,4.614,10.719*7A
$GNGST,085833.30,0.410,0.161,0.097,67.3042,3.495,4.614,10.719*74
$GNGST,085833.40,0.410,0.161,0.097,67.3042,3.495,4.614,10.719*73
$GNGST,085833.50,0.410,0.161,0.097,67.3042,3.495,4.614,10.719*72
$GNGST,085833.60,0.410,0.161,0.097,67.3042,3.495,4.614,10.719*71
$GNGST,085833.70,0.410,0.161,0.097,67.2361,3.495,4.614,10.719*73
$GNGST,085833.80,0.410,0.161,0.097,67.2361,3.495,4.614,10.719*7C
$GNGST,085833.90,0.410,0.161,0.097,67.3042,3.495,4.614,10.719*7E
$GNGST,085834.00,0.410,0.161,0.097,67.3042,3.495,4.614,10.719*70
$GNGST,085834.10,0.410,0.161,0.097,67.3042,3.495,4.614,10.719*71
$GNGST,085834.20,0.410,0.161,0.097,67.3042,3.495,4.614,10.719*72
$GNGST,085834.30,0.410,0.161,0.097,67.3042,3.495,4.614,10.719*73
$GNGST,085834.40,0.410,0.161,0.097,67.2718,3.495,4.614,10.719*7D
$GNGST,085834.50,0.410,0.161,0.097,67.3042,3.495,4.614,10.719*75
$GNGST,085834.60,0.410,0.161,0.097,67.2694,3.495,4.614,10.719*7A
$GNGST,085834.70,0.410,0.161,0.097,67.2713,3.495,4.614,10.719*75
$GNGST,085834.80,0.410,0.161,0.097,67.3042,3.495,4.614,10.719*78
$GNGST,085834.90,1.069,0.356,0.325,43.5266,3.495,4.614,10.719*7A
$GNGST,085835.00,0.410,0.161,0.097,67.3042,3.495,4.614,10.719*71
$GNGST,085835.10,0.410,0.161,0.097,67.2651,3.495,4.614,10.719*75
$GNGST,085835.20,0.410,0.161,0.097,67.3042,3.495,4.614,10.719*73
$GNGST,085835.30,1.443,0.456,0.402,82.7549,3.495,4.614,10.719*7D
$GNGST,085835.40,1.444,0.465,0.410,-85.8894,3.495,4.614,10.719*56
$GNGST,085835.50,1.378,0.446,0.392,78.5789,3.495,4.614,10.719*72
$GNGST,085835.60,0.450,0.246,0.103,50.4249,3.495,4.614,10.719*73
$GNGST,085835.70,0.450,0.246,0.103,50.4293,3.495,4.614,10.719*75
$GNGST,085835.80,0.450,0.246,0.103,50.4372,3.495,4.614,10.719*74
$GNGST,085835.90,0.450,0.246,0.103,50.4335,3.495,4.614,10.719*76
$GNGST,085836.00,0.450,0.246,0.103,50.4293,3.495,4.614,10.719*71
$GNGST,085836.10,0.450,0.246,0.103,50.4280,3.495,4.614,10.719*72
$GNGST,085836.20,0.450,0.246,0.103,50.4248,3.495,4.614,10.719*75
$GNGST,085836.30,0.450,0.246,0.103,50.4322,3.495,4.614,10.719*79
$GNGST,085836.40,0.450,0.246,0.103,50.4295,3.495,4.614,10.719*73
$GNGST,085836.50,0.450,0.246,0.103,50.4339,3.495,4.614,10.719*75
$GNGST,085836.60,0.450,0.246,0.103,50.4310,3.495,4.614,10.719*7D
$GNGST,085836.70,0.450,0.246,0.103,50.4314,3.495,4.614,10.719*78
$GNGST,085836.80,0.441,0.233,0.101,51.2943,3.495,4.614,10.719*78
$GNGST,085836.90,0.441,0.233,0.101,51.2863,3.495,4.614,10.719*7A
$GNGST,085837.00,0.441,0.233,0.101,51.2855,3.495,4.614,10.719*77
$GNGST,085837.10,0.441,0.233,0.101,51.2949,3.495,4.614,10.719*7A
$GNGST,085837.20,0.441,0.233,0.101,51.2890,3.495,4.614,10.719*7C
$GNGST,085837.30,0.441,0.233,0.101,51.2945,3.495,4.614,10.719*74
$GNGST,085837.40,0.441,0.233,0.101,51.2921,3.495,4.614,10.719*71
$GNGST,085837.50,0.441,0.233,0.101,51.2897,3.495,4.614,10.719*7C
$GNGST,085837.60,0.441,0.233,0.101,51.2794,3.495,4.614,10.719*73
$GNGST,085837.70,0.441,0.233,0.101,51.2900,3.495,4.614,10.719*71
$GNGST,085837.80,0.432,0.223,0.100,51.9764,3.495,4.614,10.719*7D
$GNGST,085837.90,0.432,0.223,0.100,51.9982,3.495,4.614,10.719*7A
$GNGST,085838.00,0.432,0.223,0.100,52.0075,3.495,4.614,10.719*77
$GNGST,085838.10,0.432,0.223,0.100,52.0101,3.495,4.614,10.719*74
$GNGST,085838.20,0.432,0.223,0.100,51.9226,3.495,4.614,10.719*7B
$GNGST,085838.30,0.432,0.223,0.100,52.0081,3.495,4.614,10.719*7F
$GNGST,085838.40,0.432,0.223,0.100,52.0081,3.495,4.614,10.719*78
$GNGST,085838.50,0.432,0.223,0.100,52.0101,3.495,4.614,10.719*70
$GNGST,085838.60,0.432,0.223,0.100,52.0101,3.495,4.614,10.719*73
$GNGST,085838.70,0.421,0.213,0.099,52.6427,3.495,4.614,10.719*75
$GNGST,085838.80,0.421,0.213,0.099,52.6461,3.495,4.614,10.719*78
$GNGST,085838.90,0.421,0.213,0.099,52.6427,3.495,4.614,10.719*7B
$GNGST,085839.00,0.421,0.213,0.099,52.6502,3.495,4.614,10.719*75
$GNGST,085839.10,0.421,0.213,0.099,52.6078,3.495,4.614,10.719*7C
$GNGST,085839.20,0.421,0.213,0.099,52.6336,3.495,4.614,10.719*76
$GNGST,085839.30,0.421,0.213,0.099,52.6545,3.495,4.614,10.719*75
$GNGST,085839.40,0.421,0.213,0.099,52.6266,3.495,4.614,10.719*74
$GNGST,085839.50,0.421,0.213,0.099,52.6366,3.495,4.614,10.719*74
$GNGST,085839.60,0.413,0.204,0.098,53.3983,3.495,4.614,10.719*74
$GNGST,085839.70,0.413,0.204,0.098,53.4285,3.495,4.614,10.719*7F
$GNGST,085839.80,0.413,0.204,0.098,53.4399,3.495,4.614,10.719*7C
$GNGST,085839.90,0.413,0.204,0.098,53.4437,3.495,4.614,10.719*7E
$GNGST,085840.00,0.413,0.204,0.098,53.4342,3.495,4.614,10.719*7C
$GNGST,085840.10,0.413,0.204,0.098,53.4289,3.495,4.614,10.719*7B
$GNGST,085840.20,0.413,0.204,0.098,53.4283,3.495,4.614,10.719*72
$GNGST,085840.30,0.413,0.204,0.098,53.4096,3.495,4.614,10.719*75
$GNGST,085840.40,0.413,0.204,0.098,53.4341,3.495,4.614,10.719*7B
$GNGST,085840.50,0.413,0.204,0.098,53.4359,3.495,4.614,10.719*73
$GNGST,085840.60,0.413,0.204,0.098,53.4337,3.495,4.614,10.719*78
$GNGST,085840.70,0.413,0.204,0.098,53.4401,3.495,4.614,10.719*7B
$GNGST,085840.80,0.413,0.204,0.098,53.4331,3.495,4.614,10.719*70
$GNGST,085840.90,0.406,0.196,0.097,54.2934,3.495,4.614,10.719*7C
$GNGST,085841.00,0.405,0.196,0.097,54.3117,3.495,4.614,10.719*7F
$GNGST,085841.10,0.406,0.196,0.097,54.2819,3.495,4.614,10.719*7B
$GNGST,085841.20,0.405,0.196,0.097,54.3075,3.495,4.614,10.719*78
$GNGST,085841.30,0.406,0.196,0.097,54.2817,3.495,4.614,10.719*77
$GNGST,085841.40,0.406,0.196,0.097,54.2749,3.495,4.614,10.719*74
$GNGST,085841.50,0.406,0.196,0.097,54.2734,3.495,4.614,10.719*7F
$GNGST,085841.60,0.399,0.190,0.095,54.9211,3.495,4.614,10.719*70
$GNGST,085841.70,0.399,0.190,0.095,54.9294,3.495,4.614,10.719*7C
$GNGST,085841.80,0.399,0.190,0.095,54.8865,3.495,4.614,10.719*76
$GNGST,085841.90,0.399,0.190,0.095,54.9231,3.495,4.614,10.719*7D
$GNGST,085842.00,0.399,0.190,0.095,54.9185,3.495,4.614,10.719*7B
$GNGST,085842.10,0.399,0.190,0.095,54.9200,3.495,4.614,10.719*74
$GNGST,085842.20,0.399,0.190,0.095,54.9200,3.495,4.614,10.719*77
$GNGST,085842.30,0.399,0.190,0.095,54.9148,3.495,4.614,10.719*79
$GNGST,085842.40,0.399,0.190,0.095,54.9211,3.495,4.614,10.719*71
$GNGST,085842.50,0.393,0.185,0.094,55.5014,3.495,4.614,10.719*75
$GNGST,085842.60,0.393,0.185,0.094,55.4916,3.495,4.614,10.719*7C
$GNGST,085842.70,0.393,0.186,0.094,55.4269,3.495,4.614,10.719*7D
$GNGST,085842.80,0.393,0.185,0.094,55.4721,3.495,4.614,10.719*78
$GNGST,085842.90,0.393,0.185,0.094,55.4454,3.495,4.614,10.719*78
$GNGST,085843.00,0.393,0.185,0.094,55.4860,3.495,4.614,10.719*7B
$GNGST,085843.10,0.393,0.185,0.094,55.4986,3.495,4.614,10.719*73
$GNGST,085843.20,0.393,0.185,0.094,55.4945,3.495,4.614,10.719*7F
$GNGST,085843.30,0.393,0.185,0.094,55.4295,3.495,4.614,10.719*78
$GNGST,085843.40,0.393,0.185,0.094,55.4830,3.495,4.614,10.719*7A
$GNGST,085843.50,0.391,0.183,0.093,56.0032,3.495,4.614,10.719*75
$GNGST,085843.60,0.391,0.183,0.093,55.9961,3.495,4.614,10.719*73
$GNGST,085843.70,0.391,0.183,0.093,55.9308,3.495,4.614,10.719*77
$GNGST,085843.80,0.391,0.183,0.093,55.9447,3.495,4.614,10.719*74
$GNGST,085843.90,0.391,0.183,0.093,56.0053,3.495,4.614,10.719*7E
$GNGST,085844.00,0.391,0.183,0.093,55.9910,3.495,4.614,10.719*74
$GNGST,085844.10,0.391,0.183,0.093,55.9962,3.495,4.614,10.719*70
$GNGST,085844.20,0.391,0.183,0.093,55.9881,3.495,4.614,10.719*7F
$GNGST,085844.30,0.391,0.183,0.093,55.9814,3.495,4.614,10.719*72
$GNGST,085844.40,0.391,0.183,0.093,55.9449,3.495,4.614,10.719*71
$GNGST,085844.50,0.389,0.181,0.093,56.4876,3.495,4.614,10.719*75
$GNGST,085844.60,0.389,0.181,0.093,56.4821,3.495,4.614,10.719*74
$GNGST,085844.70,0.389,0.181,0.093,56.4693,3.495,4.614,10.719*72
$GNGST,085844.80,0.389,0.181,0.093,56.4559,3.495,4.614,10.719*78
$GNGST,085844.90,0.390,0.181,0.093,56.3934,3.495,4.614,10.719*71
$GNGST,085845.00,0.389,0.181,0.093,56.4461,3.495,4.614,10.719*7B
$GNGST,085845.10,0.389,0.181,0.093,56.4350,3.495,4.614,10.719*7F
$GNGST,085845.20,0.390,0.181,0.093,56.4220,3.495,4.614,10.719*72
$GNGST,085845.30,0.389,0.181,0.093,56.4418,3.495,4.614,10.719*76
$GNGST,085845.40,0.390,0.181,0.093,56.3602,3.495,4.614,10.719*77
$GNGST,085845.50,0.389,0.180,0.092,56.6498,3.495,4.614,10.719*7A
$GNGST,085845.60,0.388,0.180,0.092,56.6822,3.495,4.614,10.719*75
$GNGST,085845.70,0.388,0.180,0.092,56.6800,3.495,4.614,10.719*74
$GNGST,085845.80,0.389,0.180,0.092,56.6596,3.495,4.614,10.719*78
$GNGST,085845.90,0.389,0.180,0.092,56.6220,3.495,4.614,10.719*73
$GNGST,085846.00,0.389,0.180,0.092,56.6493,3.495,4.614,10.719*77
$GNGST,085846.10,0.388,0.180,0.092,56.6741,3.495,4.614,10.719*7B
$GNGST,085846.20,0.389,0.180,0.092,56.6494,3.495,4.614,10.719*72
$GNGST,085846.30,0.389,0.180,0.092,56.6308,3.495,4.614,10.719*71
$GNGST,085846.40,0.389,0.180,0.092,56.6104,3.495,4.614,10.719*78
$GNGST,085846.50,0.389,0.180,0.092,56.5269,3.495,4.614,10.719*72
$GNGST,085846.60,0.389,0.180,0.092,56.6307,3.495,4.614,10.719*7B
$GNGST,085846.70,,,,,,,*67
$GNGST,085846.80,0.386,0.177,0.091,57.1128,3.495,4.614,10.719*78
$GNGST,085846.90,0.386,0.177,0.091,57.1673,3.495,4.614,10.719*70
$GNGST,085847.00,0.386,0.177,0.091,57.1673,3.495,4.614,10.719*78
$GNGST,085847.10,0.386,0.177,0.091,57.1673,3.495,4.614,10.719*79
$GNGST,085847.20,0.386,0.177,0.091,57.1673,3.495,4.614,10.719*7A
$GNGST,085847.30,0.386,0.177,0.091,57.1223,3.495,4.614,10.719*7A
$GNGST,085847.40,0.386,0.177,0.091,57.1223,3.495,4.614,10.719*7D
$GNGST,085847.50,0.386,0.177,0.091,57.1507,3.495,4.614,10.719*7D
$GNGST,085847.60,0.386,0.177,0.091,57.1223,3.495,4.614,10.719*7F
$GNGST,085847.70,0.386,0.177,0.091,57.1621,3.495,4.614,10.719*78
$GNGST,085847.80,0.386,0.177,0.091,57.1591,3.495,4.614,10.719*7F
$GNGST,085847.90,0.386,0.177,0.091,57.1223,3.495,4.614,10.719*70
$GNGST,085848.00,0.386,0.177,0.091,57.1564,3.495,4.614,10.719*72
$GNGST,085848.10,0.386,0.177,0.091,57.1615,3.495,4.614,10.719*76
$GNGST,085848.20,0.386,0.177,0.091,57.1565,3.495,4.614,10.719*71
$GNGST,085848.30,0.386,0.177,0.091,57.1593,3.495,4.614,10.719*79
$GNGST,085848.40,0.386,0.177,0.091,57.1576,3.495,4.614,10.719*75
$GNGST,085848.50,0.386,0.177,0.091,57.1601,3.495,4.614,10.719*77
$GNGST,085848.60,0.374,0.168,0.089,55.1142,3.495,4.614,10.719*7C
$GNGST,085848.70,0.374,0.168,0.089,55.1513,3.495,4.614,10.719*7D
$GNGST,085848.80,0.374,0.168,0.089,55.1855,3.495,4.614,10.719*7D
$GNGST,085848.90,0.374,0.168,0.089,55.1374,3.495,4.614,10.719*74
$GNGST,085849.00,0.374,0.168,0.089,55.1705,3.495,4.614,10.719*7E
$GNGST,085849.10,0.374,0.168,0.089,55.1515,3.495,4.614,10.719*7C
$GNGST,085849.20,0.374,0.168,0.089,55.1395,3.495,4.614,10.719*71
$GNGST,085849.30,0.374,0.168,0.089,55.1594,3.495,4.614,10.719*77
$GNGST,085849.40,0.374,0.168,0.089,55.1655,3.495,4.614,10.719*7E
$GNGST,085849.50,0.374,0.168,0.089,55.2490,3.495,4.614,10.719*77
$GNGST,085849.60,0.374,0.168,0.089,55.1748,3.495,4.614,10.719*71
$GNGST,085849.70,0.360,0.161,0.088,54.2727,3.495,4.614,10.719*76
$GNGST,085849.80,0.361,0.162,0.088,54.1868,3.495,4.614,10.719*7C
$GNGST,085849.90,0.361,0.162,0.088,54.1705,3.495,4.614,10.719*79
$GNGST,085850.00,0.360,0.162,0.088,54.2258,3.495,4.614,10.719*77
$GNGST,085850.10,0.360,0.161,0.088,54.2571,3.495,4.614,10.719*79
$GNGST,085850.20,0.360,0.161,0.088,54.2701,3.495,4.614,10.719*7F
$GNGST,085850.30,0.360,0.161,0.088,54.2792,3.495,4.614,10.719*74
$GNGST,085850.40,0.360,0.161,0.088,54.2763,3.495,4.614,10.719*7D
$GNGST,085850.50,0.361,0.162,0.088,54.1416,3.495,4.614,10.719*7C
$GNGST,085850.60,0.360,0.162,0.088,54.2533,3.495,4.614,10.719*7B
$GNGST,085850.70,0.360,0.161,0.088,54.2715,3.495,4.614,10.719*7F
$GNGST,085850.80,0.351,0.156,0.087,53.5841,3.495,4.614,10.719*77
$GNGST,085850.90,0.350,0.156,0.087,53.5704,3.495,4.614,10.719*79
$GNGST,085851.00,0.350,0.156,0.087,53.5407,3.495,4.614,10.719*71
$GNGST,085851.10,0.350,0.156,0.087,53.5623,3.495,4.614,10.719*74
$GNGST,085851.20,0.350,0.156,0.087,53.5461,3.495,4.614,10.719*73
$GNGST,085851.30,0.350,0.156,0.087,53.5597,3.495,4.614,10.719*7A
$GNGST,085851.40,0.350,0.156,0.087,53.5473,3.495,4.614,10.719*76
$GNGST,085851.50,0.351,0.157,0.087,53.4773,3.495,4.614,10.719*75
$GNGST,085851.60,0.350,0.156,0.087,53.5543,3.495,4.614,10.719*76
$GNGST,085851.70,0.346,0.154,0.086,52.9429,3.495,4.614,10.719*73
$GNGST,085851.80,0.346,0.154,0.086,52.9074,3.495,4.614,10.719*70
$GNGST,085851.90,0.345,0.154,0.086,52.9494,3.495,4.614,10.719*78
$GNGST,085852.00,0.345,0.154,0.086,52.9409,3.495,4.614,10.719*76
$GNGST,085852.10,0.345,0.154,0.086,52.9219,3.495,4.614,10.719*70
$GNGST,085852.20,0.345,0.154,0.086,52.9371,3.495,4.614,10.719*7C
$GNGST,085852.30,0.345,0.154,0.086,52.9564,3.495,4.614,10.719*7F
$GNGST,085852.40,0.345,0.154,0.086,52.8912,3.495,4.614,10.719*74
$GNGST,085852.50,0.345,0.154,0.086,52.8858,3.495,4.614,10.719*7A
$GNGST,085852.60,0.345,0.154,0.086,52.9127,3.495,4.614,10.719*79
$GNGST,085852.70,0.345,0.154,0.086,52.9322,3.495,4.614,10.719*7F
$GNGST,085852.80,0.340,0.151,0.085,52.4681,3.495,4.614,10.719*72
$GNGST,085852.90,0.340,0.152,0.085,52.3976,3.495,4.614,10.719*70
$GNGST,085853.00,0.340,0.151,0.085,52.4631,3.495,4.614,10.719*70
$GNGST,085853.10,0.340,0.151,0.085,52.4327,3.495,4.614,10.719*73
$GNGST,085853.20,0.340,0.151,0.085,52.4254,3.495,4.614,10.719*75
$GNGST,085853.30,0.340,0.151,0.085,52.4546,3.495,4.614,10.719*70
$GNGST,085853.40,0.340,0.152,0.085,52.3828,3.495,4.614,10.719*76
$GNGST,085853.50,0.340,0.151,0.085,52.4257,3.495,4.614,10.719*71
$GNGST,085853.60,0.340,0.151,0.085,52.4198,3.495,4.614,10.719*72
$GNGST,085853.70,0.340,0.151,0.085,52.4555,3.495,4.614,10.719*76
$GNGST,085853.80,0.336,0.149,0.084,51.8257,3.495,4.614,10.719*7A
$GNGST,085853.90,0.336,0.149,0.084,51.8262,3.495,4.614,10.719*7D
$GNGST,085854.00,0.336,0.149,0.085,51.8217,3.495,4.614,10.719*70
$GNGST,085854.10,0.336,0.149,0.085,51.7171,3.495,4.614,10.719*7D
$GNGST,085854.20,0.336,0.149,0.085,51.7745,3.495,4.614,10.719*7F
$GNGST,085854.30,0.336,0.149,0.085,51.7060,3.495,4.614,10.719*7E
$GNGST,085854.40,0.017,0.011,0.004,37.7735,3.495,4.614,10.719*7B
$GNGST,085854.50,0.016,0.009,0.004,37.3377,3.495,4.614,10.719*74
$GNGST,085854.60,0.016,0.009,0.004,37.4214,3.495,4.614,10.719*74
$GNGST,085854.70,0.016,0.008,0.004,37.7172,3.495,4.614,10.719*74
$GNGST,085854.80,0.016,0.009,0.004,41.6351,3.495,4.614,10.719*79
$GNGST,085854.90,0.017,0.010,0.004,35.4372,3.495,4.614,10.719*71
$GNGST,085855.00,0.017,0.009,0.004,36.6040,3.495,4.614,10.719*72
$GNGST,085855.10,0.016,0.008,0.004,37.5828,3.495,4.614,10.719*77
$GNGST,085855.20,0.016,0.008,0.004,37.9056,3.495,4.614,10.719*79
$GNGST,085855.30,0.017,0.010,0.004,35.0841,3.495,4.614,10.719*75
$GNGST,085855.40,0.017,0.010,0.004,35.4361,3.495,4.614,10.719*7F
$GNGST,085855.50,0.017,0.010,0.004,34.9751,3.495,4.614,10.719*75
$GNGST,085855.60,0.018,0.012,0.004,32.1950,3.495,4.614,10.719*7A
$GNGST,085855.70,0.016,0.010,0.004,35.4815,3.495,4.614,10.719*75
$GNGST,085855.80,0.021,0.015,0.005,36.9940,3.495,4.614,10.719*75
$GNGST,085855.90,0.020,0.013,0.005,37.2404,3.495,4.614,10.719*74
$GNGST,085856.00,0.021,0.014,0.005,36.4083,3.495,4.614,10.719*74
$GNGST,085856.10,0.021,0.014,0.005,36.1815,3.495,4.614,10.719*77
$GNGST,085856.20,0.020,0.014,0.005,36.7997,3.495,4.614,10.719*78
$GNGST,085856.30,0.021,0.014,0.005,37.5114,3.495,4.614,10.719*78
$GNGST,085856.40,0.020,0.014,0.005,37.2198,3.495,4.614,10.719*7D
$GNGST,085856.50,0.017,0.011,0.004,35.6549,3.495,4.614,10.719*72
$GNGST,085856.60,0.018,0.012,0.004,36.1189,3.495,4.614,10.719*71
$GNGST,085856.70,0.017,0.011,0.004,38.2292,3.495,4.614,10.719*78
$GNGST,085856.80,0.017,0.011,0.004,37.6757,3.495,4.614,10.719*70
$GNGST,085856.90,0.018,0.012,0.004,36.5024,3.495,4.614,10.719*7C
$GNGST,085857.00,0.018,0.011,0.005,39.3543,3.495,4.614,10.719*7B
$GNGST,085857.10,0.024,0.019,0.005,34.0203,3.495,4.614,10.719*70
$GNGST,085857.20,0.017,0.010,0.004,38.1621,3.495,4.614,10.719*72
$GNGST,085857.30,0.017,0.011,0.004,38.4777,3.495,4.614,10.719*75
$GNGST,085857.40,0.017,0.011,0.004,38.3260,3.495,4.614,10.719*76
$GNGST,085857.50,0.017,0.010,0.004,38.8059,3.495,4.614,10.719*75
$GNGST,085857.60,0.017,0.010,0.004,37.1481,3.495,4.614,10.719*71
$GNGST,085857.70,0.016,0.010,0.004,36.6370,3.495,4.614,10.719*7E
$GNGST,085857.80,0.018,0.012,0.004,34.0164,3.495,4.614,10.719*7E
$GNGST,085857.90,0.019,0.014,0.004,32.7051,3.495,4.614,10.719*7E
$GNGST,085858.00,0.019,0.013,0.005,36.5451,3.495,4.614,10.719*7C
$GNGST,085858.10,0.016,0.010,0.004,36.0526,3.495,4.614,10.719*74
$GNGST,085858.20,0.016,0.010,0.004,35.6878,3.495,4.614,10.719*74
$GNGST,085858.30,0.017,0.011,0.004,33.3124,3.495,4.614,10.719*76
$GNGST,085858.40,0.018,0.013,0.004,34.9080,3.495,4.614,10.719*7E
$GNGST,085858.50,0.017,0.011,0.004,35.5657,3.495,4.614,10.719*73
$GNGST,085858.60,0.018,0.012,0.004,35.5863,3.495,4.614,10.719*75
$GNGST,085858.70,0.016,0.010,0.004,37.0192,3.495,4.614,10.719*78
$GNGST,085858.80,0.017,0.011,0.004,35.3694,3.495,4.614,10.719*77
$GNGST,085858.90,0.016,0.009,0.005,38.7559,3.495,4.614,10.719*74
$GNGST,085859.00,0.016,0.011,0.004,36.5751,3.495,4.614,10.719*72
$GNGST,085859.10,0.019,0.012,0.005,31.8258,3.495,4.614,10.719*78
$GNGST,085859.20,0.017,0.011,0.005,34.2664,3.495,4.614,10.719*72
$GNGST,085859.30,0.016,0.009,0.004,36.6544,3.495,4.614,10.719*7D
$GNGST,085859.40,0.016,0.009,0.004,40.4658,3.495,4.614,10.719*77
$GNGST,085859.50,0.015,0.009,0.004,36.2160,3.495,4.614,10.719*7E
$GNGST,085859.60,0.015,0.008,0.004,37.3617,3.495,4.614,10.719*7B
$GNGST,085859.70,0.015,0.008,0.004,37.3616,3.495,4.614,10.719*7B
$GNGST,085859.80,0.015,0.009,0.004,36.8479,3.495,4.614,10.719*74
$GNGST,085859.90,0.016,0.010,0.004,35.4999,3.495,4.614,10.719*72
$GNGST,085900.00,0.016,0.010,0.004,34.9768,3.495,4.614,10.719*7A
$GNGST,085900.10,0.017,0.012,0.004,33.8815,3.495,4.614,10.719*7B
$GNGST,085900.20,0.016,0.011,0.004,33.1251,3.495,4.614,10.719*79
$GNGST,085900.30,0.017,0.011,0.004,37.1062,3.495,4.614,10.719*7F
$GNGST,085900.40,0.015,0.009,0.004,38.2762,3.495,4.614,10.719*78
$GNGST,085900.50,0.016,0.010,0.004,34.2592,3.495,4.614,10.719*73
$GNGST,085900.60,0.016,0.010,0.004,34.2590,3.495,4.614,10.719*72
$GNGST,085900.70,0.015,0.009,0.004,38.7273,3.495,4.614,10.719*7B
$GNGST,085900.80,0.015,0.009,0.004,38.2941,3.495,4.614,10.719*7B
$GNGST,085900.90,0.016,0.009,0.004,36.4460,3.495,4.614,10.719*7F
$GNGST,085901.00,0.016,0.010,0.004,33.9033,3.495,4.614,10.719*75
$GNGST,085901.10,0.015,0.009,0.004,36.3770,3.495,4.614,10.719*70
$GNGST,085901.20,0.015,0.009,0.004,38.2207,3.495,4.614,10.719*79
$GNGST,085901.30,0.015,0.009,0.004,38.4787,3.495,4.614,10.719*73
$GNGST,085901.40,0.016,0.010,0.004,39.9844,3.495,4.614,10.719*73
$GNGST,085901.50,0.016,0.010,0.005,37.7799,3.495,4.614,10.719*7C
$GNGST,085901.60,0.017,0.011,0.004,38.1004,3.495,4.614,10.719*74
$GNGST,085901.70,0.016,0.010,0.004,36.7853,3.495,4.614,10.719*77
$GNGST,085901.80,0.016,0.010,0.004,37.2406,3.495,4.614,10.719*70
$GNGST,085901.90,0.016,0.010,0.004,36.9441,3.495,4.614,10.719*78
$GNGST,085902.00,0.016,0.011,0.004,37.3128,3.495,4.614,10.719*72
$GNGST,085902.10,0.015,0.009,0.004,37.3127,3.495,4.614,10.719*76
$GNGST,085902.20,0.015,0.009,0.004,39.0858,3.495,4.614,10.719*79
$GNGST,085902.30,0.015,0.009,0.004,39.1174,3.495,4.614,10.719*7E
$GNGST,085902.40,0.015,0.010,0.004,40.7827,3.495,4.614,10.719*76
$GNGST,085902.50,0.016,0.010,0.004,36.3720,3.495,4.614,10.719*79
$GNGST,085902.60,0.017,0.011,0.004,33.4100,3.495,4.614,10.719*7C
$GNGST,085902.70,0.017,0.011,0.004,40.1445,3.495,4.614,10.719*78
$GNGST,085902.80,0.016,0.010,0.004,37.8672,3.495,4.614,10.719*78
$GNGST,085902.90,0.015,0.009,0.004,37.0757,3.495,4.614,10.719*7C
$GNGST,085903.00,0.016,0.010,0.004,35.4637,3.495,4.614,10.719*7E
$GNGST,085903.10,0.017,0.010,0.004,33.4114,3.495,4.614,10.719*7E
$GNGST,085903.20,0.015,0.009,0.004,37.0232,3.495,4.614,10.719*70
$GNGST,085903.30,0.015,0.009,0.004,36.5140,3.495,4.614,10.719*73
$GNGST,085903.40,0.016,0.011,0.004,36.2509,3.495,4.614,10.719*70
$GNGST,085903.50,0.015,0.010,0.004,34.1881,3.495,4.614,10.719*7F
$GNGST,085903.60,0.019,0.012,0.005,39.3155,3.495,4.614,10.719*7C
$GNGST,085903.70,0.018,0.012,0.004,33.6486,3.495,4.614,10.719*79
$GNGST,085903.80,0.017,0.010,0.004,42.5591,3.495,4.614,10.719*79
$GNGST,085903.90,0.016,0.010,0.004,35.2619,3.495,4.614,10.719*7D
$GNGST,085904.00,0.016,0.009,0.004,38.3822,3.495,4.614,10.719*71
$GNGST,085904.10,0.016,0.011,0.004,35.1536,3.495,4.614,10.719*7E
$GNGST,085904.20,0.017,0.010,0.005,33.9039,3.495,4.614,10.719*78
$GNGST,085904.30,0.016,0.010,0.004,36.9598,3.495,4.614,10.719*72
$GNGST,085904.40,0.016,0.010,0.004,33.8463,3.495,4.614,10.719*74
$GNGST,085904.50,0.016,0.010,0.004,37.3777,3.495,4.614,10.719*7C
$GNGST,085904.60,0.016,0.010,0.004,37.7450,3.495,4.614,10.719*7D
$GNGST,085904.70,0.018,0.010,0.005,33.1253,3.495,4.614,10.719*74
$GNGST,085904.80,0.019,0.012,0.005,34.9637,3.495,4.614,10.719*71
$GNGST,085904.90,0.016,0.009,0.005,32.7798,3.495,4.614,10.719*79
$GNGST,085905.00,0.016,0.010,0.004,34.9205,3.495,4.614,10.719*71
$GNGST,085905.10,0.015,0.009,0.004,35.7101,3.495,4.614,10.719*73
$GNGST,085905.20,0.016,0.009,0.005,32.7656,3.495,4.614,10.719*70
$GNGST,085905.30,0.015,0.009,0.004,36.4185,3.495,4.614,10.719*7D
$GNGST,085905.40,0.015,0.009,0.004,37.1481,3.495,4.614,10.719*7F
$GNGST,085905.50,0.014,0.008,0.004,38.9141,3.495,4.614,10.719*70
$GNGST,085905.60,0.016,0.009,0.004,36.0400,3.495,4.614,10.719*77
$GNGST,085905.70,0.016,0.011,0.004,37.9056,3.495,4.614,10.719*70
$GNGST,085905.80,0.019,0.013,0.004,38.9094,3.495,4.614,10.719*73
$GNGST,085905.90,0.015,0.008,0.004,38.4063,3.495,4.614,10.719*71
$GNGST,085906.00,0.015,0.008,0.004,35.3131,3.495,4.614,10.719*77
$GNGST,085906.10,0.020,0.009,0.005,44.2446,3.495,4.614,10.719*72
$GNGST,085906.20,0.019,0.010,0.004,39.4320,3.495,4.614,10.719*79
$GNGST,085906.30,0.019,0.009,0.005,37.2007,3.495,4.614,10.719*7F
$GNGST,085906.40,0.020,0.011,0.005,39.5261,3.495,4.614,10.719*70
$GNGST,085906.50,0.042,0.010,0.005,43.1949,3.495,4.614,10.719*7C
$GNGST,085906.60,0.017,0.008,0.004,36.2134,3.495,4.614,10.719*74
$GNGST,085906.70,0.014,0.007,0.004,38.8398,3.495,4.614,10.719*79
$GNGST,085906.80,0.014,0.007,0.004,38.4396,3.495,4.614,10.719*74
$GNGST,085906.90,0.020,0.010,0.005,34.6011,3.495,4.614,10.719*77
$GNGST,085907.00,0.020,0.012,0.005,39.7199,3.495,4.614,10.719*70
$GNGST,085907.10,0.017,0.009,0.004,38.8705,3.495,4.614,10.719*73
$GNGST,085907.20,0.019,0.011,0.005,34.2122,3.495,4.614,10.719*73
$GNGST,085907.30,0.017,0.009,0.005,36.6766,3.495,4.614,10.719*75
$GNGST,085907.40,0.019,0.011,0.005,35.6941,3.495,4.614,10.719*7D
$GNGST,085907.50,0.020,0.011,0.006,31.8191,3.495,4.614,10.719*7A
$GNGST,085907.60,0.018,0.010,0.005,39.3522,3.495,4.614,10.719*7F
$GNGST,085907.70,0.020,0.012,0.005,34.1610,3.495,4.614,10.719*7A
$GNGST,085907.80,0.019,0.010,0.005,42.0884,3.495,4.614,10.719*7E
$GNGST,085907.90,0.019,0.011,0.005,42.3776,3.495,4.614,10.719*7F
$GNGST,085908.00,0.019,0.012,0.005,42.1271,3.495,4.614,10.719*7A
$GNGST,085908.10,0.019,0.012,0.005,35.8291,3.495,4.614,10.719*7C
$GNGST,085908.20,0.018,0.010,0.005,43.3424,3.495,4.614,10.719*7E
$GNGST,085908.30,0.017,0.010,0.005,41.3163,3.495,4.614,10.719*74
$GNGST,085908.40,0.022,0.010,0.005,39.5900,3.495,4.614,10.719*71
$GNGST,085908.50,0.027,0.012,0.008,60.5066,3.495,4.614,10.719*7F
$GNGST,085908.60,0.019,0.010,0.005,45.6910,3.495,4.614,10.719*72
$GNGST,085908.70,0.017,0.009,0.005,40.2092,3.495,4.614,10.719*77
$GNGST,085908.80,0.019,0.012,0.004,36.6781,3.495,4.614,10.719*7D
$GNGST,085908.90,0.015,0.009,0.005,39.7159,3.495,4.614,10.719*76
$GNGST,085909.00,0.015,0.009,0.004,38.6468,3.495,4.614,10.719*78
$GNGST,085909.10,0.015,0.009,0.004,37.2442,3.495,4.614,10.719*7A
$GNGST,085909.20,0.014,0.008,0.004,38.1439,3.495,4.614,10.719*79
$GNGST,085909.30,0.017,0.009,0.005,39.9686,3.495,4.614,10.719*74
$GNGST,085909.40,0.016,0.009,0.005,38.9529,3.495,4.614,10.719*75
$GNGST,085909.50,0.015,0.009,0.004,40.7528,3.495,4.614,10.719*76
$GNGST,085909.60,0.014,0.008,0.004,36.2182,3.495,4.614,10.719*75
$GNGST,085909.70,0.016,0.009,0.004,40.6724,3.495,4.614,10.719*78
$GNGST,085909.80,0.016,0.009,0.004,38.8999,3.495,4.614,10.719*7E
$GNGST,085909.90,0.015,0.009,0.004,38.4494,3.495,4.614,10.719*70
$GNGST,085910.00,0.015,0.009,0.004,35.0665,3.495,4.614,10.719*74
$GNGST,085910.10,0.016,0.009,0.004,35.8759,3.495,4.614,10.719*70
$GNGST,085910.20,0.016,0.009,0.004,34.6954,3.495,4.614,10.719*7F
$GNGST,085910.30,0.015,0.009,0.004,35.6355,3.495,4.614,10.719*77
$GNGST,085910.40,0.015,0.009,0.004,36.6370,3.495,4.614,10.719*74
$GNGST,085910.50,0.015,0.009,0.004,35.7953,3.495,4.614,10.719*7C
$GNGST,085910.60,0.016,0.009,0.004,33.9952,3.495,4.614,10.719*75
$GNGST,085910.70,0.016,0.009,0.004,40.2037,3.495,4.614,10.719*71
$GNGST,085910.80,0.015,0.009,0.004,38.5633,3.495,4.614,10.719*77
$GNGST,085910.90,0.015,0.009,0.004,40.3105,3.495,4.614,10.719*7D
$GNGST,085911.00,0.016,0.010,0.005,40.4855,3.495,4.614,10.719*74
$GNGST,085911.10,0.016,0.010,0.004,37.5084,3.495,4.614,10.719*71
$GNGST,085911.20,0.016,0.009,0.004,41.5445,3.495,4.614,10.719*72
$GNGST,085911.30,0.016,0.009,0.004,41.1292,3.495,4.614,10.719*7B
$GNGST,085911.40,0.015,0.009,0.004,41.0049,3.495,4.614,10.719*7A
$GNGST,085911.50,0.019,0.012,0.005,51.4003,3.495,4.614,10.719*77
$GNGST,085911.60,0.014,0.008,0.004,36.8872,3.495,4.614,10.719*70
$GNGST,085911.70,0.014,0.008,0.004,36.3044,3.495,4.614,10.719*77
$GNGST,085911.80,0.016,0.008,0.004,36.2435,3.495,4.614,10.719*79
$GNGST,085911.90,0.014,0.008,0.004,32.3686,3.495,4.614,10.719*75
$GNGST,085912.00,0.014,0.009,0.004,38.4200,3.495,4.614,10.719*79
$GNGST,085912.10,0.016,0.010,0.004,40.1833,3.495,4.614,10.719*72
$GNGST,085912.20,0.016,0.009,0.004,37.3378,3.495,4.614,10.719*7F
$GNGST,085912.30,0.017,0.010,0.005,36.2386,3.495,4.614,10.719*77
$GNGST,085912.40,0.017,0.009,0.005,34.4031,3.495,4.614,10.719*73
$GNGST,085912.50,0.015,0.009,0.005,38.6795,3.495,4.614,10.719*77
$GNGST,085912.60,0.016,0.009,0.005,41.7276,3.495,4.614,10.719*70
$GNGST,085912.70,0.015,0.010,0.004,35.9200,3.495,4.614,10.719*77
$GNGST,085912.80,0.014,0.008,0.004,33.4094,3.495,4.614,10.719*74
$GNGST,085912.90,0.016,0.009,0.004,32.6290,3.495,4.614,10.719*73
$GNGST,085913.00,0.016,0.009,0.004,37.8184,3.495,4.614,10.719*76
$GNGST,085913.10,0.015,0.008,0.004,36.3411,3.495,4.614,10.719*76
$GNGST,085913.20,0.015,0.008,0.004,32.5040,3.495,4.614,10.719*77
$GNGST,085913.30,0.015,0.010,0.004,36.3113,3.495,4.614,10.719*7A
$GNGST,085913.40,0.015,0.009,0.004,39.0760,3.495,4.614,10.719*7B
$GNGST,085913.50,0.015,0.008,0.004,37.4642,3.495,4.614,10.719*70
$GNGST,085913.60,0.017,0.011,0.005,41.3225,3.495,4.614,10.719*7B
$GNGST,085913.70,0.016,0.008,0.005,36.0723,3.495,4.614,10.719*73
$GNGST,085913.80,0.014,0.008,0.005,37.4309,3.495,4.614,10.719*77
$GNGST,085913.90,0.014,0.008,0.004,32.3569,3.495,4.614,10.719*75
$GNGST,085914.00,0.015,0.008,0.004,29.6677,3.495,4.614,10.719*79
$GNGST,085914.10,0.015,0.008,0.005,31.6076,3.495,4.614,10.719*77
$GNGST,085914.20,0.015,0.008,0.005,33.9178,3.495,4.614,10.719*76
$GNGST,085914.30,0.015,0.008,0.004,30.8832,3.495,4.614,10.719*73
$GNGST,085914.40,0.014,0.008,0.004,31.4150,3.495,4.614,10.719*75
$GNGST,085914.50,0.014,0.007,0.004,35.0942,3.495,4.614,10.719*70
$GNGST,085914.60,0.014,0.007,0.004,32.2407,3.495,4.614,10.719*7A
$GNGST,085914.70,0.015,0.008,0.004,31.2961,3.495,4.614,10.719*7B
$GNGST,085914.80,0.014,0.007,0.004,37.8622,3.495,4.614,10.719*7E
$GNGST,085914.90,0.014,0.008,0.004,36.5091,3.495,4.614,10.719*72
$GNGST,085915.00,0.015,0.008,0.004,34.3298,3.495,4.614,10.719*74
$GNGST,085915.10,0.016,0.008,0.004,31.8453,3.495,4.614,10.719*79
$GNGST,085915.20,0.015,0.008,0.004,33.1960,3.495,4.614,10.719*7F
$GNGST,085915.30,0.015,0.008,0.004,36.5902,3.495,4.614,10.719*7B
$GNGST,085915.40,0.017,0.009,0.005,22.6078,3.495,4.614,10.719*7C
$GNGST,085915.50,0.016,0.009,0.005,29.2137,3.495,4.614,10.719*79
$GNGST,085915.60,0.017,0.010,0.005,30.8552,3.495,4.614,10.719*76
$GNGST,085915.70,0.015,0.008,0.004,35.0112,3.495,4.614,10.719*70
$GNGST,085915.80,0.015,0.008,0.004,37.9973,3.495,4.614,10.719*7B
$GNGST,085915.90,0.014,0.007,0.004,33.5956,3.495,4.614,10.719*7B
$GNGST,085916.00,0.014,0.007,0.004,34.1687,3.495,4.614,10.719*71
$GNGST,085916.10,0.014,0.008,0.004,38.1238,3.495,4.614,10.719*73
$GNGST,085916.20,0.016,0.009,0.005,33.2032,3.495,4.614,10.719*72
$GNGST,085916.30,0.015,0.009,0.005,38.3351,3.495,4.614,10.719*7C
$GNGST,085916.40,0.016,0.008,0.004,32.8443,3.495,4.614,10.719*7D
$GNGST,085916.50,0.015,0.008,0.004,35.3664,3.495,4.614,10.719*74
$GNGST,085916.60,0.016,0.007,0.004,31.8679,3.495,4.614,10.719*78
$GNGST,085916.70,0.017,0.008,0.005,34.8632,3.495,4.614,10.719*7C
$GNGST,085916.80,0.016,0.008,0.004,33.3108,3.495,4.614,10.719*71
$GNGST,085916.90,0.015,0.008,0.004,31.3319,3.495,4.614,10.719*73
$GNGST,085917.00,0.017,0.008,0.005,36.8428,3.495,4.614,10.719*71
$GNGST,085917.10,0.018,0.008,0.005,36.6146,3.495,4.614,10.719*7C
$GNGST,085917.20,0.015,0.008,0.004,31.4815,3.495,4.614,10.719*79
$GNGST,085917.30,0.015,0.008,0.004,31.8309,3.495,4.614,10.719*72
$GNGST,085917.40,0.015,0.007,0.004,28.1576,3.495,4.614,10.719*75
$GNGST,085917.50,0.016,0.008,0.004,29.0448,3.495,4.614,10.719*74
$GNGST,085917.60,0.017,0.009,0.004,31.6748,3.495,4.614,10.719*7B
$GNGST,085917.70,0.015,0.008,0.004,31.3344,3.495,4.614,10.719*74
$GNGST,085917.80,0.019,0.010,0.005,31.6714,3.495,4.614,10.719*7B
$GNGST,085917.90,0.016,0.008,0.005,32.4799,3.495,4.614,10.719*78
$GNGST,085918.00,0.017,0.009,0.004,29.4011,3.495,4.614,10.719*72
$GNGST,085918.10,0.018,0.009,0.005,27.3386,3.495,4.614,10.719*79
$GNGST,085918.20,0.017,0.010,0.004,29.9051,3.495,4.614,10.719*71
$GNGST,085918.30,0.017,0.009,0.004,34.3079,3.495,4.614,10.719*74
$GNGST,085918.40,0.018,0.009,0.005,28.0276,3.495,4.614,10.719*7E
$GNGST,085918.50,0.018,0.009,0.005,41.2072,3.495,4.614,10.719*74
$GNGST,085918.60,0.018,0.009,0.006,37.0756,3.495,4.614,10.719*76
$GNGST,085918.70,0.016,0.008,0.006,34.3451,3.495,4.614,10.719*7C
$GNGST,085918.80,0.017,0.010,0.005,34.9164,3.495,4.614,10.719*71
$GNGST,085918.90,0.018,0.009,0.005,46.9375,3.495,4.614,10.719*70
$GNGST,085919.00,0.016,0.008,0.005,38.4717,3.495,4.614,10.719*73
$GNGST,085919.10,0.017,0.008,0.005,41.6801,3.495,4.614,10.719*77
$GNGST,085919.20,0.019,0.009,0.007,-18.5677,3.495,4.614,10.719*54
$GNGST,085919.30,0.015,0.007,0.005,38.5349,3.495,4.614,10.719*72
$GNGST,085919.40,0.016,0.007,0.005,35.2015,3.495,4.614,10.719*76
$GNGST,085919.50,0.015,0.007,0.005,38.8039,3.495,4.614,10.719*7D
$GNGST,085919.60,0.018,0.008,0.005,32.2546,3.495,4.614,10.719*71
$GNGST,085919.70,0.016,0.008,0.005,39.7003,3.495,4.614,10.719*74
$GNGST,085919.80,0.016,0.007,0.005,39.8964,3.495,4.614,10.719*73
$GNGST,085919.90,0.017,0.007,0.005,36.8438,3.495,4.614,10.719*78
$GNGST,085920.00,0.017,0.008,0.005,33.7362,3.495,4.614,10.719*76
$GNGST,085920.10,0.018,0.008,0.005,37.9395,3.495,4.614,10.719*7A
$GNGST,085920.20,0.016,0.008,0.005,37.6996,3.495,4.614,10.719*71
$GNGST,085920.30,0.017,0.008,0.005,42.8762,3.495,4.614,10.719*78
$GNGST,085920.40,0.017,0.008,0.005,45.5096,3.495,4.614,10.719*79
$GNGST,085920.50,0.016,0.008,0.005,40.7808,3.495,4.614,10.719*71
$GNGST,085920.60,0.018,0.008,0.005,43.2393,3.495,4.614,10.719*73
$GNGST,085920.70,0.015,0.007,0.005,43.5769,3.495,4.614,10.719*76
$GNGST,085920.80,0.017,0.007,0.005,38.0437,3.495,4.614,10.719*7A
$GNGST,085920.90,0.016,0.008,0.005,31.0554,3.495,4.614,10.719*78
$GNGST,085921.00,0.018,0.008,0.006,24.0036,3.495,4.614,10.719*78
$GNGST,085921.10,0.015,0.007,0.005,45.9367,3.495,4.614,10.719*71
$GNGST,085921.20,0.016,0.008,0.004,36.5978,3.495,4.614,10.719*73
$GNGST,085921.30,0.016,0.008,0.005,34.3132,3.495,4.614,10.719*71
$GNGST,085921.40,0.016,0.007,0.005,39.7659,3.495,4.614,10.719*7A
$GNGST,085921.50,0.016,0.008,0.005,39.8993,3.495,4.614,10.719*72
$GNGST,085921.60,0.016,0.008,0.005,40.5160,3.495,4.614,10.719*76
$GNGST,085921.70,0.015,0.008,0.005,39.1282,3.495,4.614,10.719*71
$GNGST,085921.80,0.015,0.007,0.005,36.0518,3.495,4.614,10.719*7B
$GNGST,085921.90,0.019,0.009,0.006,34.4244,3.495,4.614,10.719*73
$GNGST,085922.00,0.016,0.008,0.006,34.7696,3.495,4.614,10.719*7F
$GNGST,085922.10,0.017,0.007,0.006,30.0281,3.495,4.614,10.719*71
$GNGST,085922.20,0.015,0.007,0.005,38.6205,3.495,4.614,10.719*71
$GNGST,085922.30,0.017,0.008,0.005,33.4571,3.495,4.614,10.719*70
$GNGST,085922.40,0.017,0.009,0.005,40.3016,3.495,4.614,10.719*71
$GNGST,085922.50,0.014,0.007,0.005,32.9215,3.495,4.614,10.719*73
$GNGST,085922.60,0.017,0.007,0.005,37.4346,3.495,4.614,10.719*7C
$GNGST,085922.70,0.016,0.009,0.005,37.2670,3.495,4.614,10.719*74
$GNGST,085922.80,0.014,0.007,0.005,48.4474,3.495,4.614,10.719*7F
$GNGST,085922.90,0.014,0.007,0.005,39.7824,3.495,4.614,10.719*72
$GNGST,085923.00,0.014,0.007,0.005,42.0658,3.495,4.614,10.719*74
$GNGST,085923.10,0.014,0.007,0.004,35.7048,3.495,4.614,10.719*74
$GNGST,085923.20,0.016,0.007,0.007,61.0574,3.495,4.614,10.719*7A
$GNGST,085923.30,0.017,0.008,0.006,37.7885,3.495,4.614,10.719*73
$GNGST,085923.40,0.015,0.007,0.006,54.3765,3.495,4.614,10.719*79
$GNGST,085923.50,0.019,0.010,0.006,36.2575,3.495,4.614,10.719*74
$GNGST,085923.60,0.015,0.008,0.005,39.2018,3.495,4.614,10.719*70
$GNGST,085923.70,0.015,0.008,0.005,42.7093,3.495,4.614,10.719*7B
$GNGST,085923.80,0.018,0.007,0.006,43.3284,3.495,4.614,10.719*74
$GNGST,085923.90,0.021,0.013,0.006,41.0240,3.495,4.614,10.719*73
$GNGST,085924.00,0.016,0.008,0.006,39.4326,3.495,4.614,10.719*79
$GNGST,085924.10,0.014,0.007,0.005,39.7938,3.495,4.614,10.719*70
$GNGST,085924.20,0.014,0.007,0.004,39.0853,3.495,4.614,10.719*79
$GNGST,085924.30,0.016,0.009,0.005,37.8389,3.495,4.614,10.719*7F
$GNGST,085924.40,0.021,0.011,0.008,17.3851,3.495,4.614,10.719*7F
$GNGST,085924.50,0.017,0.008,0.005,38.2629,3.495,4.614,10.719*73
$GNGST,085924.60,0.015,0.007,0.005,39.6501,3.495,4.614,10.719*71
$GNGST,085924.70,0.020,0.009,0.007,34.1437,3.495,4.614,10.719*74
$GNGST,085924.80,0.017,0.008,0.006,58.1992,3.495,4.614,10.719*77
$GNGST,085924.90,0.016,0.007,0.005,46.9797,3.495,4.614,10.719*77
$GNGST,085925.00,0.018,0.009,0.005,35.9645,3.495,4.614,10.719*75
$GNGST,085925.10,0.023,0.012,0.006,37.0551,3.495,4.614,10.719*78
$GNGST,085925.20,0.022,0.011,0.005,51.3463,3.495,4.614,10.719*79
$GNGST,085925.30,0.023,0.012,0.005,52.7715,3.495,4.614,10.719*7F
$GNGST,085925.40,0.022,0.011,0.006,52.7077,3.495,4.614,10.719*7A
$GNGST,085925.50,0.021,0.010,0.005,48.2463,3.495,4.614,10.719*75
$GNGST,085925.60,0.017,0.008,0.005,45.4086,3.495,4.614,10.719*7E
$GNGST,085925.70,0.015,0.007,0.005,42.5819,3.495,4.614,10.719*7A
$GNGST,085925.80,0.016,0.007,0.005,41.2476,3.495,4.614,10.719*77
$GNGST,085925.90,0.016,0.007,0.005,41.3134,3.495,4.614,10.719*74
$GNGST,085926.00,0.015,0.007,0.005,42.0659,3.495,4.614,10.719*71
$GNGST,085926.10,0.015,0.007,0.005,42.0659,3.495,4.614,10.719*70
$GNGST,085926.20,0.016,0.007,0.005,42.6761,3.495,4.614,10.719*7C
$GNGST,085926.30,0.018,0.009,0.005,40.4006,3.495,4.614,10.719*7B
$GNGST,085926.40,0.016,0.007,0.005,43.3139,3.495,4.614,10.719*75
$GNGST,085926.50,0.015,0.007,0.005,40.9508,3.495,4.614,10.719*78
$GNGST,085926.60,0.015,0.007,0.005,42.0659,3.495,4.614,10.719*77
$GNGST,085926.70,0.014,0.006,0.005,43.3017,3.495,4.614,10.719*78
$GNGST,085926.80,0.014,0.006,0.005,43.2672,3.495,4.614,10.719*73
$GNGST,085926.90,0.014,0.006,0.005,42.6624,3.495,4.614,10.719*74
$GNGST,085927.00,0.014,0.006,0.005,43.2675,3.495,4.614,10.719*7D
$GNGST,085927.10,0.014,0.006,0.005,42.5195,3.495,4.614,10.719*73
$GNGST,085927.20,0.014,0.006,0.005,42.8075,3.495,4.614,10.719*72
$GNGST,085927.30,0.014,0.006,0.005,42.4069,3.495,4.614,10.719*72
$GNGST,085927.40,0.014,0.006,0.005,42.4071,3.495,4.614,10.719*7C
$GNGST,085927.50,0.012,0.006,0.004,45.1091,3.495,4.614,10.719*76
$GNGST,085927.60,0.012,0.006,0.004,45.0957,3.495,4.614,10.719*77
$GNGST,085927.70,0.012,0.006,0.004,45.0957,3.495,4.614,10.719*76
$GNGST,085927.80,0.012,0.006,0.004,45.1012,3.495,4.614,10.719*70
$GNGST,085927.90,0.012,0.006,0.004,45.1012,3.495,4.614,10.719*71
$GNGST,085928.00,0.012,0.006,0.004,45.1012,3.495,4.614,10.719*77
$GNGST,085928.10,0.012,0.006,0.004,44.7008,3.495,4.614,10.719*7A
$GNGST,085928.20,0.012,0.006,0.004,44.6559,3.495,4.614,10.719*79
$GNGST,085928.30,0.012,0.006,0.004,44.8141,3.495,4.614,10.719*7B
$GNGST,085928.40,0.014,0.006,0.005,38.5697,3.495,4.614,10.719*71
$GNGST,085928.50,0.016,0.008,0.005,42.4198,3.495,4.614,10.719*78
$GNGST,085928.60,0.012,0.006,0.004,43.5580,3.495,4.614,10.719*7D
$GNGST,085928.70,0.012,0.006,0.004,43.5580,3.495,4.614,10.719*7C
$GNGST,085928.80,0.012,0.006,0.004,43.5579,3.495,4.614,10.719*75
$GNGST,085928.90,0.012,0.006,0.004,43.5102,3.495,4.614,10.719*7C
$GNGST,085929.00,0.012,0.006,0.004,43.5101,3.495,4.614,10.719*77
$GNGST,085929.10,0.012,0.006,0.004,43.8473,3.495,4.614,10.719*7B
$GNGST,085929.20,0.012,0.006,0.004,43.8473,3.495,4.614,10.719*78
$GNGST,085929.30,0.013,0.006,0.004,42.4878,3.495,4.614,10.719*72
$GNGST,085929.40,0.014,0.007,0.005,40.8961,3.495,4.614,10.719*75
$GNGST,085929.50,0.013,0.007,0.005,48.1637,3.495,4.614,10.719*7E
$GNGST,085929.60,0.015,0.007,0.006,50.0801,3.495,4.614,10.719*7B
$GNGST,085929.70,0.016,0.008,0.005,35.6262,3.495,4.614,10.719*7F
$GNGST,085929.80,0.015,0.007,0.005,44.1204,3.495,4.614,10.719*7D
$GNGST,085929.90,0.015,0.007,0.005,47.7980,3.495,4.614,10.719*7E
$GNGST,085930.00,0.016,0.007,0.005,47.7167,3.495,4.614,10.719*7D
$GNGST,085930.10,0.017,0.008,0.006,70.2300,3.495,4.614,10.719*73
$GNGST,085930.20,0.016,0.007,0.005,44.7754,3.495,4.614,10.719*7A
$GNGST,085930.30,0.020,0.008,0.006,38.7833,3.495,4.614,10.719*77
$GNGST,085930.40,0.027,0.010,0.007,40.7471,3.495,4.614,10.719*7A
$GNGST,085930.50,0.022,0.008,0.006,67.5504,3.495,4.614,10.719*72
$GNGST,085930.60,0.017,0.009,0.005,42.7126,3.495,4.614,10.719*74
$GNGST,085930.70,0.018,0.009,0.005,44.4769,3.495,4.614,10.719*72
$GNGST,085930.80,0.021,0.009,0.005,52.8246,3.495,4.614,10.719*74
$GNGST,085930.90,0.030,0.012,0.006,35.6329,3.495,4.614,10.719*7B
$GNGST,085931.00,0.018,0.008,0.006,47.9703,3.495,4.614,10.719*74
$GNGST,085931.10,0.019,0.009,0.006,41.7209,3.495,4.614,10.719*72
$GNGST,085931.20,0.019,0.011,0.005,44.0809,3.495,4.614,10.719*73
$GNGST,085931.30,0.022,0.008,0.006,54.4349,3.495,4.614,10.719*7B
$GNGST,085931.40,0.022,0.009,0.005,55.4639,3.495,4.614,10.719*7D
$GNGST,085931.50,0.024,0.008,0.007,44.4687,3.495,4.614,10.719*7C
$GNGST,085931.60,0.024,0.012,0.006,39.1057,3.495,4.614,10.719*71
$GNGST,085931.70,0.021,0.009,0.006,51.7964,3.495,4.614,10.719*7E
$GNGST,085931.80,0.019,0.010,0.006,52.4555,3.495,4.614,10.719*7C
$GNGST,085931.90,0.020,0.010,0.006,38.3703,3.495,4.614,10.719*7D
$GNGST,085932.00,0.018,0.008,0.005,44.2276,3.495,4.614,10.719*7B
$GNGST,085932.10,0.019,0.009,0.006,39.9502,3.495,4.614,10.719*7C
$GNGST,085932.20,0.021,0.009,0.006,45.6439,3.495,4.614,10.719*79
$GNGST,085932.30,0.021,0.009,0.006,45.6440,3.495,4.614,10.719*76
$GNGST,085932.40,0.018,0.008,0.006,44.5705,3.495,4.614,10.719*7A
$GNGST,085932.50,0.018,0.008,0.006,44.5707,3.495,4.614,10.719*79
$GNGST,085932.60,0.018,0.008,0.006,40.2472,3.495,4.614,10.719*78
$GNGST,085932.70,0.018,0.008,0.006,44.2376,3.495,4.614,10.719*7E
$GNGST,085932.80,0.017,0.007,0.005,45.8327,3.495,4.614,10.719*7D
$GNGST,085932.90,0.017,0.008,0.005,43.8970,3.495,4.614,10.719*7D
$GNGST,085933.00,0.019,0.008,0.006,40.0144,3.495,4.614,10.719*7C
$GNGST,085933.10,0.017,0.008,0.005,44.5280,3.495,4.614,10.719*7A
$GNGST,085933.20,0.018,0.008,0.005,44.5159,3.495,4.614,10.719*71
$GNGST,085933.30,0.017,0.008,0.005,43.6945,3.495,4.614,10.719*7E
$GNGST,085933.40,0.018,0.008,0.005,44.1846,3.495,4.614,10.719*74
$GNGST,085933.50,0.017,0.008,0.005,43.6947,3.495,4.614,10.719*7A
$GNGST,085933.60,0.017,0.008,0.005,44.7789,3.495,4.614,10.719*73
$GNGST,085933.70,0.015,0.006,0.005,49.0595,3.495,4.614,10.719*7B
$GNGST,085933.80,0.014,0.006,0.005,50.0612,3.495,4.614,10.719*71
$GNGST,085933.90,0.015,0.006,0.005,47.5578,3.495,4.614,10.719*7D
$GNGST,085934.00,0.015,0.006,0.005,47.5582,3.495,4.614,10.719*76
$GNGST,085934.10,0.014,0.006,0.005,49.8791,3.495,4.614,10.719*75
$GNGST,085934.20,0.014,0.006,0.005,50.4675,3.495,4.614,10.719*79
$GNGST,085934.30,0.014,0.006,0.005,50.0728,3.495,4.614,10.719*75
$GNGST,085934.40,0.014,0.006,0.005,50.3206,3.495,4.614,10.719*78
$GNGST,085934.50,0.014,0.006,0.005,47.8241,3.495,4.614,10.719*77
$GNGST,085934.60,0.014,0.006,0.005,47.8242,3.495,4.614,10.719*77
$GNGST,085934.70,0.014,0.006,0.005,47.8244,3.495,4.614,10.719*70
$GNGST,085934.80,0.014,0.006,0.005,47.8246,3.495,4.614,10.719*7D
$GNGST,085934.90,0.014,0.006,0.005,47.8247,3.495,4.614,10.719*7D
$GNGST,085935.00,0.014,0.006,0.005,47.8249,3.495,4.614,10.719*7B
$GNGST,085935.10,0.014,0.006,0.005,47.8250,3.495,4.614,10.719*72
$GNGST,085935.20,0.014,0.006,0.005,47.9471,3.495,4.614,10.719*75
$GNGST,085935.30,0.014,0.006,0.005,47.8253,3.495,4.614,10.719*73
$GNGST,085935.40,0.014,0.006,0.005,47.7429,3.495,4.614,10.719*70
$GNGST,085935.50,0.014,0.007,0.005,47.2237,3.495,4.614,10.719*7C
$GNGST,085935.60,0.014,0.007,0.005,44.8577,3.495,4.614,10.719*75
$GNGST,085935.70,0.014,0.006,0.005,47.9785,3.495,4.614,10.719*78
$GNGST,085935.80,0.013,0.006,0.005,47.1326,3.495,4.614,10.719*75
$GNGST,085935.90,0.013,0.006,0.005,47.1327,3.495,4.614,10.719*75
$GNGST,085936.00,0.014,0.006,0.005,47.5069,3.495,4.614,10.719*75
$GNGST,085936.10,0.013,0.006,0.005,46.7740,3.495,4.614,10.719*7C
$GNGST,085936.20,0.015,0.007,0.005,43.7383,3.495,4.614,10.719*76
$GNGST,085936.30,0.015,0.007,0.005,61.9177,3.495,4.614,10.719*70
$GNGST,085936.40,0.015,0.007,0.006,70.3203,3.495,4.614,10.719*7E
$GNGST,085936.50,0.016,0.007,0.006,55.4677,3.495,4.614,10.719*7B
$GNGST,085936.60,0.016,0.008,0.007,-88.2969,3.495,4.614,10.719*5D
$GNGST,085936.70,0.017,0.009,0.007,-48.8987,3.495,4.614,10.719*5A
$GNGST,085936.80,0.021,0.008,0.006,43.8841,3.495,4.614,10.719*7D
$GNGST,085936.90,0.015,0.007,0.006,30.7217,3.495,4.614,10.719*76
$GNGST,085937.00,0.020,0.009,0.008,-32.6097,3.495,4.614,10.719*5C
$GNGST,085937.10,0.019,0.008,0.006,25.9653,3.495,4.614,10.719*72
$GNGST,085937.20,0.015,0.008,0.005,36.8630,3.495,4.614,10.719*78
$GNGST,085937.30,0.019,0.008,0.005,46.4609,3.495,4.614,10.719*74
$GNGST,085937.40,0.016,0.008,0.005,42.0856,3.495,4.614,10.719*78
$GNGST,085937.50,0.019,0.008,0.006,42.2750,3.495,4.614,10.719*7E
$GNGST,085937.60,0.018,0.009,0.005,47.4229,3.495,4.614,10.719*76
$GNGST,085937.70,0.018,0.008,0.005,45.8686,3.495,4.614,10.719*79
$GNGST,085937.80,0.022,0.009,0.007,46.4171,3.495,4.614,10.719*7C
$GNGST,085937.90,0.022,0.009,0.006,59.1750,3.495,4.614,10.719*72
$GNGST,085938.00,0.021,0.009,0.006,52.0776,3.495,4.614,10.719*79
$GNGST,085938.10,0.020,0.008,0.005,49.4635,3.495,4.614,10.719*73
$GNGST,085938.20,0.026,0.009,0.008,28.1627,3.495,4.614,10.719*7B
$GNGST,085938.30,0.023,0.008,0.006,50.2893,3.495,4.614,10.719*7D
$GNGST,085938.40,0.017,0.007,0.005,43.7434,3.495,4.614,10.719*77
$GNGST,085938.50,0.024,0.011,0.008,-4.5454,3.495,4.614,10.719*66
$GNGST,085938.60,0.018,0.008,0.005,48.1845,3.495,4.614,10.719*72
$GNGST,085938.70,0.019,0.008,0.005,44.4880,3.495,4.614,10.719*72
$GNGST,085938.80,0.018,0.008,0.005,48.9012,3.495,4.614,10.719*7E
$GNGST,085938.90,0.018,0.008,0.005,45.8098,3.495,4.614,10.719*71
$GNGST,085939.00,0.029,0.011,0.006,45.7743,3.495,4.614,10.719*7E
$GNGST,085939.10,0.020,0.008,0.006,51.9474,3.495,4.614,10.719*72
$GNGST,085939.20,0.018,0.008,0.005,46.5254,3.495,4.614,10.719*77
$GNGST,085939.30,0.020,0.009,0.005,56.3634,3.495,4.614,10.719*79
$GNGST,085939.40,0.019,0.008,0.006,55.6108,3.495,4.614,10.719*78
$GNGST,085939.50,0.022,0.009,0.006,58.2679,3.495,4.614,10.719*78
$GNGST,085939.60,0.022,0.010,0.006,49.8764,3.495,4.614,10.719*74
$GNGST,085939.70,0.022,0.010,0.006,57.0909,3.495,4.614,10.719*77
$GNGST,085939.80,0.020,0.010,0.005,50.7399,3.495,4.614,10.719*7A
$GNGST,085939.90,0.023,0.012,0.005,54.8733,3.495,4.614,10.719*75
$GNGST,085940.00,0.022,0.009,0.005,54.4813,3.495,4.614,10.719*78
$GNGST,085940.10,0.020,0.008,0.006,48.2847,3.495,4.614,10.719*73
$GNGST,085940.20,0.022,0.010,0.006,44.5027,3.495,4.614,10.719*7E
$GNGST,085940.30,0.019,0.009,0.005,51.9273,3.495,4.614,10.719*77
$GNGST,085940.40,0.022,0.010,0.005,60.6518,3.495,4.614,10.719*77
$GNGST,085940.50,0.019,0.009,0.005,51.7458,3.495,4.614,10.719*70
$GNGST,085940.60,0.019,0.009,0.005,51.7459,3.495,4.614,10.719*72
$GNGST,085940.70,0.019,0.008,0.005,46.8116,3.495,4.614,10.719*75
$GNGST,085940.80,0.019,0.008,0.005,52.7053,3.495,4.614,10.719*70
$GNGST,085940.90,0.022,0.008,0.005,59.0348,3.495,4.614,10.719*7C
$GNGST,085941.00,0.016,0.007,0.005,48.4412,3.495,4.614,10.719*70
$GNGST,085941.10,0.021,0.008,0.006,67.2608,3.495,4.614,10.719*7B
$GNGST,085941.20,0.021,0.011,0.006,47.3094,3.495,4.614,10.719*70
$GNGST,085941.30,0.018,0.007,0.006,48.1438,3.495,4.614,10.719*73
$GNGST,085941.40,0.019,0.008,0.005,55.2031,3.495,4.614,10.719*7B
$GNGST,085941.50,0.021,0.008,0.006,45.7570,3.495,4.614,10.719*76
$GNGST,085941.60,0.016,0.007,0.005,46.9500,3.495,4.614,10.719*77
$GNGST,085941.70,0.020,0.008,0.006,60.0801,3.495,4.614,10.719*7E
$GNGST,085941.80,0.017,0.007,0.005,47.0014,3.495,4.614,10.719*70
$GNGST,085941.90,0.018,0.007,0.005,51.6092,3.495,4.614,10.719*71
$GNGST,085942.00,0.017,0.007,0.005,45.7681,3.495,4.614,10.719*74
$GNGST,085942.10,0.018,0.008,0.006,51.0034,3.495,4.614,10.719*7C
$GNGST,085942.20,0.024,0.008,0.008,12.4739,3.495,4.614,10.719*77
$GNGST,085942.30,0.019,0.008,0.006,46.4572,3.495,4.614,10.719*7A
$GNGST,085942.40,0.018,0.007,0.006,44.3081,3.495,4.614,10.719*7F
$GNGST,085942.50,0.019,0.008,0.005,45.4183,3.495,4.614,10.719*76
$GNGST,085942.60,0.023,0.008,0.006,39.2998,3.495,4.614,10.719*70
$GNGST,085942.70,0.020,0.008,0.005,51.5119,3.495,4.614,10.719*79
$GNGST,085942.80,0.023,0.010,0.008,-9.3082,3.495,4.614,10.719*64
$GNGST,085942.90,0.018,0.007,0.006,37.8671,3.495,4.614,10.719*74
$GNGST,085943.00,0.020,0.008,0.006,30.5387,3.495,4.614,10.719*7E
$GNGST,085943.10,0.018,0.008,0.005,47.9706,3.495,4.614,10.719*76
$GNGST,085943.20,0.018,0.008,0.005,40.4418,3.495,4.614,10.719*73
$GNGST,085943.30,0.020,0.007,0.006,41.4158,3.495,4.614,10.719*75
$GNGST,085943.40,0.018,0.007,0.006,33.4794,3.495,4.614,10.719*7A
$GNGST,085943.50,0.016,0.006,0.006,31.7715,3.495,4.614,10.719*7C
$GNGST,085943.60,0.017,0.006,0.006,39.1637,3.495,4.614,10.719*71
$GNGST,085943.70,0.015,0.006,0.005,33.4173,3.495,4.614,10.719*79
$GNGST,085943.80,0.015,0.006,0.005,35.2578,3.495,4.614,10.719*79
$GNGST,085943.90,0.017,0.007,0.005,31.9501,3.495,4.614,10.719*7A
$GNGST,085944.00,0.017,0.007,0.006,34.2129,3.495,4.614,10.719*77
$GNGST,085944.10,0.018,0.007,0.005,30.0749,3.495,4.614,10.719*7C
$GNGST,085944.20,0.015,0.006,0.006,-25.0317,3.495,4.614,10.719*56
$GNGST,085944.30,0.019,0.008,0.006,16.6642,3.495,4.614,10.719*7B
$GNGST,085944.40,0.019,0.007,0.005,30.9172,3.495,4.614,10.719*7F
$GNGST,085944.50,0.019,0.008,0.006,9.6643,3.495,4.614,10.719*42
$GNGST,085944.60,0.019,0.008,0.005,27.2506,3.495,4.614,10.719*78
$GNGST,085944.70,0.018,0.007,0.006,17.8486,3.495,4.614,10.719*74
$GNGST,085944.80,0.018,0.009,0.006,40.5480,3.495,4.614,10.719*7C
$GNGST,085944.90,0.015,0.006,0.006,16.7938,3.495,4.614,10.719*70
$GNGST,085945.00,0.015,0.006,0.006,24.4457,3.495,4.614,10.719*7E
$GNGST,085945.10,0.015,0.006,0.005,28.3685,3.495,4.614,10.719*7A
$GNGST,085945.20,0.016,0.007,0.006,-41.7905,3.495,4.614,10.719*59
$GNGST,085945.30,0.016,0.007,0.006,-41.5529,3.495,4.614,10.719*58
$GNGST,085945.40,0.016,0.006,0.005,-10.7579,3.495,4.614,10.719*5E
$GNGST,085945.50,0.019,0.007,0.006,19.7780,3.495,4.614,10.719*72
$GNGST,085945.60,0.019,0.007,0.006,14.4290,3.495,4.614,10.719*7B
$GNGST,085945.70,0.016,0.006,0.006,27.4152,3.495,4.614,10.719*79
$GNGST,085945.80,0.020,0.009,0.006,20.4133,3.495,4.614,10.719*7C
$GNGST,085945.90,0.024,0.009,0.006,0.5702,3.495,4.614,10.719*4E
$GNGST,085946.00,0.014,0.006,0.005,-11.6418,3.495,4.614,10.719*5D
$GNGST,085946.10,0.017,0.007,0.006,20.8283,3.495,4.614,10.719*78
$GNGST,085946.20,0.014,0.005,0.005,-14.1493,3.495,4.614,10.719*5D
$GNGST,085946.30,0.019,0.007,0.005,17.5821,3.495,4.614,10.719*7C
$GNGST,085946.40,0.022,0.008,0.006,18.9500,3.495,4.614,10.719*72
$GNGST,085946.50,0.020,0.007,0.005,30.6476,3.495,4.614,10.719*78
$GNGST,085946.60,0.019,0.007,0.006,16.2261,3.495,4.614,10.719*72
$GNGST,085946.70,0.016,0.006,0.005,18.6282,3.495,4.614,10.719*79
$GNGST,085946.80,0.017,0.007,0.005,4.4382,3.495,4.614,10.719*48
$GNGST,085946.90,0.016,0.006,0.006,16.3400,3.495,4.614,10.719*73
$GNGST,085947.00,0.016,0.006,0.006,19.4810,3.495,4.614,10.719*7E
$GNGST,085947.10,0.015,0.006,0.006,-21.6021,3.495,4.614,10.719*52
$GNGST,085947.20,0.022,0.011,0.007,23.0555,3.495,4.614,10.719*7D
$GNGST,085947.30,0.017,0.007,0.006,-27.4803,3.495,4.614,10.719*5F
$GNGST,085947.40,0.016,0.007,0.005,-41.3699,3.495,4.614,10.719*50
$GNGST,085947.50,0.021,0.011,0.006,-46.5939,3.495,4.614,10.719*55
$GNGST,085947.60,0.023,0.009,0.007,18.0276,3.495,4.614,10.719*7F
$GNGST,085947.70,0.015,0.006,0.005,-36.9476,3.495,4.614,10.719*58
$GNGST,085947.80,0.016,0.007,0.006,-39.8506,3.495,4.614,10.719*5E
$GNGST,085947.90,0.017,0.007,0.006,-15.7256,3.495,4.614,10.719*5D
$GNGST,085948.00,0.017,0.007,0.006,8.3816,3.495,4.614,10.719*40
$GNGST,085948.10,0.018,0.008,0.006,-59.8893,3.495,4.614,10.719*5E
$GNGST,085948.20,0.017,0.007,0.006,-35.5627,3.495,4.614,10.719*5B
$GNGST,085948.30,0.016,0.007,0.006,-44.1540,3.495,4.614,10.719*5B
$GNGST,085948.40,0.016,0.007,0.006,-37.7183,3.495,4.614,10.719*55
$GNGST,085948.50,0.017,0.007,0.006,-25.0411,3.495,4.614,10.719*5F
$GNGST,085948.60,0.017,0.007,0.006,-40.0422,3.495,4.614,10.719*5F
$GNGST,085948.70,0.025,0.009,0.007,33.3127,3.495,4.614,10.719*7A
$GNGST,085948.80,0.022,0.010,0.007,0.9702,3.495,4.614,10.719*41
$GNGST,085948.90,0.021,0.008,0.007,2.9102,3.495,4.614,10.719*4E
$GNGST,085949.00,0.030,0.016,0.007,-8.0219,3.495,4.614,10.719*6E
$GNGST,085949.10,0.016,0.006,0.006,-35.5398,3.495,4.614,10.719*58
$GNGST,085949.20,0.023,0.008,0.007,25.3959,3.495,4.614,10.719*7F
$GNGST,085949.30,0.024,0.008,0.006,7.6684,3.495,4.614,10.719*42
$GNGST,085949.40,0.021,0.007,0.006,0.3541,3.495,4.614,10.719*47
$GNGST,085949.50,0.016,0.007,0.006,-29.1603,3.495,4.614,10.719*53
$GNGST,085949.60,0.015,0.006,0.006,-36.6350,3.495,4.614,10.719*58
$GNGST,085949.70,0.016,0.007,0.006,-40.0625,3.495,4.614,10.719*5B
$GNGST,085949.80,0.017,0.008,0.006,-0.8151,3.495,4.614,10.719*62
$GNGST,085949.90,0.015,0.007,0.006,-40.8777,3.495,4.614,10.719*58
$GNGST,085950.00,0.016,0.007,0.006,-48.4737,3.495,4.614,10.719*5A
$GNGST,085950.10,0.015,0.006,0.005,-43.2742,3.495,4.614,10.719*55
$GNGST,085950.20,0.015,0.006,0.005,-44.1701,3.495,4.614,10.719*55
$GNGST,085950.30,0.016,0.006,0.006,-42.4333,3.495,4.614,10.719*52
$GNGST,085950.40,0.019,0.008,0.007,19.4824,3.495,4.614,10.719*7B
$GNGST,085950.50,0.017,0.008,0.006,-3.8499,3.495,4.614,10.719*65
$GNGST,085950.60,0.020,0.007,0.006,-15.1735,3.495,4.614,10.719*56
$GNGST,085950.70,0.015,0.006,0.005,-35.1093,3.495,4.614,10.719*5A
$GNGST,085950.80,0.014,0.006,0.005,-34.4370,3.495,4.614,10.719*5E
$GNGST,085950.90,0.015,0.006,0.005,-47.8616,3.495,4.614,10.719*53
$GNGST,085951.00,0.014,0.006,0.005,-36.4472,3.495,4.614,10.719*50
$GNGST,085951.10,0.014,0.006,0.005,-43.8868,3.495,4.614,10.719*58
$GNGST,085951.20,0.015,0.006,0.005,-38.8765,3.495,4.614,10.719*54
$GNGST,085951.30,0.015,0.006,0.005,-43.2605,3.495,4.614,10.719*54
$GNGST,085951.40,0.015,0.006,0.005,-43.1581,3.495,4.614,10.719*5F
$GNGST,085951.50,0.015,0.006,0.005,-34.8914,3.495,4.614,10.719*57
$GNGST,085951.60,0.015,0.006,0.006,-46.5848,3.495,4.614,10.719*57
$GNGST,085951.70,0.016,0.007,0.005,-47.3626,3.495,4.614,10.719*56
$GNGST,085951.80,0.016,0.007,0.006,-24.9977,3.495,4.614,10.719*5E
$GNGST,085951.90,0.015,0.007,0.005,-34.7267,3.495,4.614,10.719*5A
$GNGST,085952.00,0.015,0.006,0.006,-25.7304,3.495,4.614,10.719*56
$GNGST,085952.10,0.015,0.006,0.005,-30.0051,3.495,4.614,10.719*54
$GNGST,085952.20,0.016,0.007,0.006,-34.4167,3.495,4.614,10.719*52
$GNGST,085952.30,0.018,0.007,0.006,-2.2988,3.495,4.614,10.719*67
$GNGST,085952.40,0.018,0.007,0.006,2.3121,3.495,4.614,10.719*47
$GNGST,085952.50,0.023,0.009,0.007,-15.0351,3.495,4.614,10.719*5C
$GNGST,085952.60,0.028,0.011,0.006,21.6126,3.495,4.614,10.719*72
$GNGST,085952.70,0.023,0.008,0.007,-8.7700,3.495,4.614,10.719*64
$GNGST,085952.80,0.025,0.008,0.006,19.1224,3.495,4.614,10.719*74
$GNGST,085952.90,0.026,0.011,0.007,-3.2592,3.495,4.614,10.719*60
$GNGST,085953.00,0.019,0.007,0.006,0.7260,3.495,4.614,10.719*43
$GNGST,085953.10,0.016,0.007,0.006,-37.1830,3.495,4.614,10.719*5D
$GNGST,085953.20,0.019,0.007,0.005,-41.7321,3.495,4.614,10.719*5E
$GNGST,085953.30,0.017,0.007,0.005,-27.0348,3.495,4.614,10.719*59
$GNGST,085953.40,0.031,0.009,0.007,33.8338,3.495,4.614,10.719*71
$GNGST,085953.50,0.018,0.007,0.006,-15.9047,3.495,4.614,10.719*57
$GNGST,085953.60,0.021,0.008,0.006,-23.2223,3.495,4.614,10.719*5F
$GNGST,085953.70,0.017,0.007,0.006,-46.1799,3.495,4.614,10.719*50
$GNGST,085953.80,0.015,0.006,0.006,-46.9541,3.495,4.614,10.719*53
$GNGST,085953.90,0.016,0.007,0.005,-50.1630,3.495,4.614,10.719*59
$GNGST,085954.00,0.022,0.008,0.006,47.5662,3.495,4.614,10.719*74
$GNGST,085954.10,0.016,0.007,0.005,-41.2480,3.495,4.614,10.719*5C
$GNGST,085954.20,0.020,0.007,0.006,-54.5389,3.495,4.614,10.719*54
$GNGST,085954.30,0.017,0.007,0.006,-54.5067,3.495,4.614,10.719*52
$GNGST,085954.40,0.015,0.006,0.005,-52.5907,3.495,4.614,10.719*5C
$GNGST,085954.50,0.016,0.006,0.006,-33.8538,3.495,4.614,10.719*57
$GNGST,085954.60,0.016,0.007,0.005,-53.2554,3.495,4.614,10.719*50
$GNGST,085954.70,0.022,0.007,0.007,49.6424,3.495,4.614,10.719*70
$GNGST,085954.80,0.022,0.009,0.007,54.7605,3.495,4.614,10.719*7D
$GNGST,085954.90,0.018,0.007,0.006,-49.2690,3.495,4.614,10.719*52
$GNGST,085955.00,0.021,0.008,0.007,26.5894,3.495,4.614,10.719*77
$GNGST,085955.10,0.022,0.008,0.007,25.0075,3.495,4.614,10.719*74
$GNGST,085955.20,0.024,0.008,0.007,21.1187,3.495,4.614,10.719*78
$GNGST,085955.30,0.024,0.008,0.007,16.0278,3.495,4.614,10.719*7F
$GNGST,085955.40,0.022,0.008,0.006,1.3917,3.495,4.614,10.719*48
$GNGST,085955.50,0.018,0.007,0.006,-37.2925,3.495,4.614,10.719*57
$GNGST,085955.60,0.018,0.007,0.006,-60.5464,3.495,4.614,10.719*59
$GNGST,085955.70,0.018,0.007,0.006,-40.8383,3.495,4.614,10.719*59
$GNGST,085955.80,0.017,0.007,0.006,-42.9471,3.495,4.614,10.719*50
$GNGST,085955.90,0.019,0.008,0.006,-47.5980,3.495,4.614,10.719*5A
$GNGST,085956.00,0.019,0.007,0.007,-8.7937,3.495,4.614,10.719*6B
$GNGST,085956.10,0.022,0.008,0.007,16.1989,3.495,4.614,10.719*7C
$GNGST,085956.20,0.023,0.008,0.007,6.0782,3.495,4.614,10.719*4B
$GNGST,085956.30,0.023,0.008,0.007,4.5112,3.495,4.614,10.719*42
$GNGST,085956.40,0.019,0.007,0.007,-33.8280,3.495,4.614,10.719*5F
$GNGST,085956.50,0.022,0.010,0.007,-41.9657,3.495,4.614,10.719*5A
$GNGST,085956.60,0.026,0.013,0.007,-23.7259,3.495,4.614,10.719*5E
$GNGST,085956.70,0.028,0.014,0.007,-19.8944,3.495,4.614,10.719*57
$GNGST,085956.80,0.022,0.008,0.006,22.7235,3.495,4.614,10.719*79
$GNGST,085956.90,0.018,0.007,0.007,-36.1170,3.495,4.614,10.719*53
$GNGST,085957.00,0.030,0.015,0.008,-9.2303,3.495,4.614,10.719*64
$GNGST,085957.10,0.028,0.011,0.007,42.4417,3.495,4.614,10.719*71
$GNGST,085957.20,0.017,0.007,0.006,-60.7039,3.495,4.614,10.719*5E
$GNGST,085957.30,0.020,0.009,0.006,-57.1526,3.495,4.614,10.719*5C
$GNGST,085957.40,0.016,0.007,0.006,-47.5894,3.495,4.614,10.719*51
$GNGST,085957.50,0.018,0.009,0.006,-43.0118,3.495,4.614,10.719*5C
$GNGST,085957.60,0.017,0.007,0.006,-44.0051,3.495,4.614,10.719*55
$GNGST,085957.70,0.019,0.011,0.006,-48.5180,3.495,4.614,10.719*59
$GNGST,085957.80,0.017,0.007,0.006,-60.6538,3.495,4.614,10.719*51
$GNGST,085957.90,0.016,0.008,0.006,-61.8314,3.495,4.614,10.719*59
$GNGST,085958.00,0.016,0.008,0.006,-59.6948,3.495,4.614,10.719*59
$GNGST,085958.10,0.016,0.007,0.006,-71.2935,3.495,4.614,10.719*53
$GNGST,085958.20,0.015,0.006,0.006,-65.5438,3.495,4.614,10.719*50
$GNGST,085958.30,0.015,0.006,0.006,-60.3035,3.495,4.614,10.719*5B
$GNGST,085958.40,0.016,0.007,0.006,-69.5309,3.495,4.614,10.719*5D
$GNGST,085958.50,0.016,0.007,0.006,-81.2691,3.495,4.614,10.719*59
$GNGST,085958.60,0.016,0.007,0.006,-78.4247,3.495,4.614,10.719*55
$GNGST,085958.70,0.015,0.007,0.006,-70.4343,3.495,4.614,10.719*5A
$GNGST,085958.80,0.014,0.006,0.005,-62.9858,3.495,4.614,10.719*59
$GNGST,085958.90,0.015,0.007,0.005,-51.6124,3.495,4.614,10.719*55
$GNGST,085959.00,0.020,0.008,0.006,50.0362,3.495,4.614,10.719*7D
$GNGST,085959.10,0.014,0.006,0.005,-55.8404,3.495,4.614,10.719*51
$GNGST,085959.20,0.013,0.006,0.005,-60.7560,3.495,4.614,10.719*5F
$GNGST,085959.30,0.014,0.006,0.005,-66.5769,3.495,4.614,10.719*56
$GNGST,085959.40,0.015,0.006,0.005,-60.0496,3.495,4.614,10.719*50
$GNGST,085959.50,0.016,0.007,0.006,-50.4096,3.495,4.614,10.719*53
$GNGST,085959.60,0.019,0.009,0.006,-45.7029,3.495,4.614,10.719*52
$GNGST,085959.70,0.020,0.008,0.007,-1.4518,3.495,4.614,10.719*6D
$GNGST,085959.80,0.015,0.007,0.006,-47.5373,3.495,4.614,10.719*52
$GNGST,085959.90,0.015,0.006,0.006,-50.7527,3.495,4.614,10.719*51
$GNGST,090000.00,0.015,0.007,0.005,-55.8018,3.495,4.614,10.719*58
$GNGST,090000.10,0.016,0.008,0.005,-58.5289,3.495,4.614,10.719*5F
$GNGST,090000.20,0.016,0.007,0.006,-63.9184,3.495,4.614,10.719*5A
$GNGST,090000.30,0.016,0.008,0.005,-61.2719,3.495,4.614,10.719*5C
$GNGST,090000.40,0.018,0.010,0.006,-46.3122,3.495,4.614,10.719*55
$GNGST,090000.50,0.015,0.007,0.005,-53.1548,3.495,4.614,10.719*52
$GNGST,090000.60,0.014,0.006,0.005,-68.4815,3.495,4.614,10.719*59
$GNGST,090000.70,0.013,0.006,0.005,-59.7209,3.495,4.614,10.719*59
$GNGST,090000.80,0.013,0.006,0.005,-52.3120,3.495,4.614,10.719*51
$GNGST,090000.90,0.013,0.006,0.005,-56.0998,3.495,4.614,10.719*5C
$GNGST,090001.00,0.013,0.006,0.005,-61.7273,3.495,4.614,10.719*59
$GNGST,090001.10,0.014,0.006,0.005,-53.8925,3.495,4.614,10.719*59
$GNGST,090001.20,0.013,0.006,0.005,-57.4557,3.495,4.614,10.719*5C
$GNGST,090001.30,0.014,0.006,0.005,-49.8782,3.495,4.614,10.719*53
$GNGST,090001.40,0.013,0.006,0.005,-34.5228,3.495,4.614,10.719*51
$GNGST,090001.50,0.016,0.008,0.006,4.6265,3.495,4.614,10.719*4C
$GNGST,090001.60,0.013,0.006,0.005,-54.8866,3.495,4.614,10.719*58
$GNGST,090001.70,0.013,0.006,0.005,-56.4520,3.495,4.614,10.719*58
$GNGST,090001.80,0.017,0.007,0.006,42.6802,3.495,4.614,10.719*76
$GNGST,090001.90,0.013,0.006,0.005,-41.9255,3.495,4.614,10.719*58
$GNGST,090002.00,0.014,0.006,0.005,-41.0663,3.495,4.614,10.719*5D
$GNGST,090002.10,0.013,0.006,0.005,-45.4884,3.495,4.614,10.719*5C
$GNGST,090002.20,0.013,0.006,0.005,-53.2799,3.495,4.614,10.719*5D
$GNGST,090002.30,0.015,0.006,0.005,-12.6672,3.495,4.614,10.719*5F
$GNGST,090002.40,0.015,0.006,0.006,-20.7686,3.495,4.614,10.719*50
$GNGST,090002.50,0.013,0.006,0.005,-45.9458,3.495,4.614,10.719*58
$GNGST,090002.60,0.013,0.006,0.004,-46.2963,3.495,4.614,10.719*57
$GNGST,090002.70,0.013,0.006,0.005,-45.5794,3.495,4.614,10.719*55
$GNGST,090002.80,0.013,0.006,0.005,-41.9431,3.495,4.614,10.719*5E
$GNGST,090002.90,0.013,0.006,0.005,-44.5565,3.495,4.614,10.719*56
$GNGST,090003.00,0.013,0.006,0.005,-45.2498,3.495,4.614,10.719*5B
$GNGST,090003.10,0.013,0.006,0.005,-44.5567,3.495,4.614,10.719*5D
$GNGST,090003.20,0.013,0.006,0.005,-44.5568,3.495,4.614,10.719*51
$GNGST,090003.30,0.016,0.006,0.005,-4.7701,3.495,4.614,10.719*6E
$GNGST,090003.40,0.016,0.006,0.005,-13.7116,3.495,4.614,10.719*5F
$GNGST,090003.50,0.015,0.006,0.005,-10.7094,3.495,4.614,10.719*55
$GNGST,090003.60,0.016,0.007,0.005,-26.2654,3.495,4.614,10.719*5E
$GNGST,090003.70,0.015,0.006,0.005,-18.3618,3.495,4.614,10.719*59
$GNGST,090003.80,0.012,0.005,0.004,-46.9995,3.495,4.614,10.719*58
$GNGST,090003.90,0.012,0.005,0.005,-43.1251,3.495,4.614,10.719*56
$GNGST,090004.00,0.012,0.006,0.005,-55.4040,3.495,4.614,10.719*5B
$GNGST,090004.10,0.012,0.006,0.005,-46.9841,3.495,4.614,10.719*5C
$GNGST,090004.20,0.012,0.005,0.004,-48.9993,3.495,4.614,10.719*5D
$GNGST,090004.30,0.012,0.005,0.005,-48.5687,3.495,4.614,10.719*5B
$GNGST,090004.40,0.013,0.006,0.005,-50.6899,3.495,4.614,10.719*55
$GNGST,090004.50,0.013,0.005,0.005,-35.8464,3.495,4.614,10.719*54
$GNGST,090004.60,0.012,0.005,0.005,-42.5249,3.495,4.614,10.719*52
$GNGST,090004.70,0.013,0.006,0.005,-56.4672,3.495,4.614,10.719*59
$GNGST,090004.80,0.013,0.006,0.005,-43.5607,3.495,4.614,10.719*51
$GNGST,090004.90,0.013,0.006,0.005,-39.4618,3.495,4.614,10.719*52
$GNGST,090005.00,0.014,0.006,0.005,21.7481,3.495,4.614,10.719*78
$GNGST,090005.10,0.014,0.006,0.005,17.4091,3.495,4.614,10.719*7A
$GNGST,090005.20,0.013,0.005,0.005,-39.3254,3.495,4.614,10.719*50
$GNGST,090005.30,0.014,0.006,0.005,11.8756,3.495,4.614,10.719*7E
$GNGST,090005.40,0.012,0.005,0.005,-36.2426,3.495,4.614,10.719*5A
$GNGST,090005.50,0.013,0.006,0.005,31.7006,3.495,4.614,10.719*70
$GNGST,090005.60,0.011,0.005,0.004,-42.8566,3.495,4.614,10.719*56
$GNGST,090005.70,0.012,0.005,0.005,-55.3549,3.495,4.614,10.719*55
$GNGST,090005.80,0.013,0.005,0.005,-32.9580,3.495,4.614,10.719*55
$GNGST,090005.90,0.013,0.005,0.005,-56.1398,3.495,4.614,10.719*51
$GNGST,090006.00,0.013,0.005,0.005,-63.7809,3.495,4.614,10.719*58
$GNGST,090006.10,0.012,0.005,0.005,-48.9626,3.495,4.614,10.719*5C
$GNGST,090006.20,0.012,0.005,0.005,-34.5169,3.495,4.614,10.719*54
$GNGST,090006.30,0.012,0.005,0.005,-67.4298,3.495,4.614,10.719*5F
$GNGST,090006.40,0.012,0.005,0.005,-41.2619,3.495,4.614,10.719*57
$GNGST,090006.50,0.012,0.005,0.004,-44.1830,3.495,4.614,10.719*54
$GNGST,090006.60,0.012,0.005,0.004,-46.5235,3.495,4.614,10.719*5E
$GNGST,090006.70,0.012,0.005,0.004,-48.4879,3.495,4.614,10.719*52
$GNGST,090006.80,0.016,0.006,0.005,13.3664,3.495,4.614,10.719*7D
$GNGST,090006.90,0.013,0.005,0.005,-33.6650,3.495,4.614,10.719*57
$GNGST,090007.00,0.013,0.005,0.005,-32.5303,3.495,4.614,10.719*5E
$GNGST,090007.10,0.012,0.005,0.005,-46.7473,3.495,4.614,10.719*5F
$GNGST,090007.20,0.013,0.005,0.005,-27.8350,3.495,4.614,10.719*53
$GNGST,090007.30,0.011,0.005,0.004,-35.9016,3.495,4.614,10.719*52
$GNGST,090007.40,0.012,0.005,0.005,-21.4454,3.495,4.614,10.719*5D
$GNGST,090007.50,0.014,0.006,0.005,19.7625,3.495,4.614,10.719*78
$GNGST,090007.60,0.011,0.005,0.004,-37.4881,3.495,4.614,10.719*5E
$GNGST,090007.70,0.014,0.006,0.005,-43.6555,3.495,4.614,10.719*5D
$GNGST,090007.80,0.014,0.006,0.005,-37.3612,3.495,4.614,10.719*54
$GNGST,090007.90,0.013,0.006,0.005,-35.5851,3.495,4.614,10.719*5F
$GNGST,090008.00,0.013,0.006,0.004,-40.0228,3.495,4.614,10.719*5B
$GNGST,090008.10,0.019,0.006,0.006,5.4437,3.495,4.614,10.719*42
$GNGST,090008.20,0.016,0.006,0.005,-6.2909,3.495,4.614,10.719*65
$GNGST,090008.30,0.013,0.006,0.005,-36.9151,3.495,4.614,10.719*5C
$GNGST,090008.40,0.013,0.006,0.005,-36.1812,3.495,4.614,10.719*5D
$GNGST,090008.50,0.015,0.006,0.005,-8.0114,3.495,4.614,10.719*69
$GNGST,090008.60,0.012,0.006,0.005,-29.8181,3.495,4.614,10.719*5A
$GNGST,090008.70,0.012,0.006,0.005,-44.5923,3.495,4.614,10.719*5D
$GNGST,090008.80,0.012,0.006,0.005,-39.2796,3.495,4.614,10.719*5F
$GNGST,090008.90,0.016,0.007,0.005,-24.6734,3.495,4.614,10.719*5B
$GNGST,090009.00,0.013,0.006,0.005,-55.2825,3.495,4.614,10.719*5A
$GNGST,090009.10,0.013,0.007,0.004,-34.8953,3.495,4.614,10.719*56
$GNGST,090009.20,0.012,0.005,0.005,-32.3262,3.495,4.614,10.719*53
$GNGST,090009.30,0.012,0.005,0.005,-44.9592,3.495,4.614,10.719*51
$GNGST,090009.40,0.015,0.006,0.005,25.0536,3.495,4.614,10.719*7F
$GNGST,090009.50,0.012,0.005,0.005,-46.6293,3.495,4.614,10.719*5C
$GNGST,090009.60,0.012,0.006,0.004,-58.6872,3.495,4.614,10.719*57
$GNGST,090009.70,0.016,0.007,0.006,77.7759,3.495,4.614,10.719*76
$GNGST,090009.80,0.012,0.005,0.004,-47.4134,3.495,4.614,10.719*5D
$GNGST,090009.90,0.012,0.006,0.004,-47.6179,3.495,4.614,10.719*54
$GNGST,090010.00,0.014,0.006,0.005,-52.1001,3.495,4.614,10.719*5F
$GNGST,090010.10,0.012,0.006,0.004,-46.3459,3.495,4.614,10.719*57
$GNGST,090010.20,0.013,0.006,0.004,-47.5139,3.495,4.614,10.719*51
$GNGST,090010.30,0.014,0.006,0.005,-56.0035,3.495,4.614,10.719*5E
$GNGST,090010.40,0.013,0.007,0.004,-52.0509,3.495,4.614,10.719*50
$GNGST,090010.50,0.012,0.006,0.005,-43.9847,3.495,4.614,10.719*5E
$GNGST,090010.60,0.013,0.006,0.005,-41.7653,3.495,4.614,10.719*5B
$GNGST,090010.70,0.012,0.006,0.004,-40.8312,3.495,4.614,10.719*54
$GNGST,090010.80,0.014,0.007,0.005,-40.5996,3.495,4.614,10.719*56
$GNGST,090010.90,0.015,0.006,0.005,-68.4774,3.495,4.614,10.719*5E
$GNGST,090011.00,0.015,0.006,0.005,-65.4307,3.495,4.614,10.719*5B
$GNGST,090011.10,0.013,0.005,0.005,-72.1300,3.495,4.614,10.719*5B
$GNGST,090011.20,0.014,0.006,0.005,-45.4428,3.495,4.614,10.719*50
$GNGST,090011.30,0.015,0.006,0.005,-62.7124,3.495,4.614,10.719*5F
$GNGST,090011.40,0.017,0.006,0.006,-86.4653,3.495,4.614,10.719*57
$GNGST,090011.50,0.015,0.006,0.005,-70.0194,3.495,4.614,10.719*56
$GNGST,090011.60,0.013,0.006,0.005,-46.6056,3.495,4.614,10.719*5F
$GNGST,090011.70,0.014,0.006,0.005,-50.2038,3.495,4.614,10.719*52
$GNGST,090011.80,0.018,0.007,0.005,72.8916,3.495,4.614,10.719*72
$GNGST,090011.90,0.014,0.006,0.005,-56.8472,3.495,4.614,10.719*5A
$GNGST,090012.00,0.017,0.006,0.006,67.5114,3.495,4.614,10.719*77
$GNGST,090012.10,0.012,0.005,0.004,-45.1031,3.495,4.614,10.719*5D
$GNGST,090012.20,0.012,0.006,0.004,-54.5513,3.495,4.614,10.719*5C
$GNGST,090012.30,0.012,0.006,0.004,-55.2072,3.495,4.614,10.719*59
$GNGST,090012.40,0.020,0.007,0.007,31.7860,3.495,4.614,10.719*7C
$GNGST,090012.50,0.013,0.006,0.004,-43.6022,3.495,4.614,10.719*58
$GNGST,090012.60,0.013,0.006,0.004,-47.9376,3.495,4.614,10.719*52
$GNGST,090012.70,0.015,0.007,0.005,-33.5814,3.495,4.614,10.719*55
$GNGST,090012.80,0.013,0.006,0.004,-49.2289,3.495,4.614,10.719*58
$GNGST,090012.90,0.017,0.007,0.005,-86.1859,3.495,4.614,10.719*5A
$GNGST,090013.00,0.014,0.006,0.005,-59.6272,3.495,4.614,10.719*56
$GNGST,090013.10,0.013,0.006,0.004,-48.1441,3.495,4.614,10.719*50
$GNGST,090013.20,0.013,0.006,0.005,-45.0806,3.495,4.614,10.719*51
$GNGST,090013.30,0.014,0.006,0.005,-49.6570,3.495,4.614,10.719*51
$GNGST,090013.40,0.014,0.006,0.006,-73.3464,3.495,4.614,10.719*5D
$GNGST,090013.50,0.013,0.006,0.005,-39.8391,3.495,4.614,10.719*50
$GNGST,090013.60,0.012,0.005,0.004,-47.6973,3.495,4.614,10.719*51
$GNGST,090013.70,0.012,0.006,0.004,-46.8495,3.495,4.614,10.719*59
$GNGST,090013.80,0.012,0.005,0.005,-49.7228,3.495,4.614,10.719*54
$GNGST,090013.90,0.016,0.008,0.005,-43.6230,3.495,4.614,10.719*5E
$GNGST,090014.00,0.013,0.006,0.005,-55.9585,3.495,4.614,10.719*5A
$GNGST,090014.10,0.013,0.006,0.005,-46.4408,3.495,4.614,10.719*50
$GNGST,090014.20,0.013,0.005,0.005,-49.1846,3.495,4.614,10.719*5C
$GNGST,090014.30,0.014,0.006,0.004,-46.2311,3.495,4.614,10.719*5D
$GNGST,090014.40,0.013,0.006,0.004,-45.7511,3.495,4.614,10.719*5D
$GNGST,090014.50,0.018,0.007,0.005,50.9420,3.495,4.614,10.719*73
$GNGST,090014.60,0.013,0.006,0.005,-57.4131,3.495,4.614,10.719*58
$GNGST,090014.70,0.013,0.006,0.005,-62.0954,3.495,4.614,10.719*50
$GNGST,090014.80,0.022,0.008,0.006,56.7081,3.495,4.614,10.719*7C
$GNGST,090014.90,0.013,0.005,0.005,-41.5094,3.495,4.614,10.719*5C
$GNGST,090015.00,0.012,0.006,0.004,-41.6089,3.495,4.614,10.719*58
$GNGST,090015.10,0.016,0.006,0.005,-22.5051,3.495,4.614,10.719*5F
$GNGST,090015.20,0.018,0.007,0.006,7.6241,3.495,4.614,10.719*4A
$GNGST,090015.30,0.014,0.006,0.005,-6.8811,3.495,4.614,10.719*68
$GNGST,090015.40,0.016,0.006,0.006,59.6829,3.495,4.614,10.719*7C
$GNGST,090015.50,0.013,0.006,0.004,-33.5097,3.495,4.614,10.719*55
$GNGST,090015.60,0.013,0.007,0.004,-41.5270,3.495,4.614,10.719*59
$GNGST,090015.70,0.013,0.006,0.004,-40.6123,3.495,4.614,10.719*5E
$GNGST,090015.80,0.012,0.005,0.004,-40.9912,3.495,4.614,10.719*56
$GNGST,090015.90,0.014,0.006,0.005,13.3793,3.495,4.614,10.719*75
$GNGST,090016.00,0.017,0.007,0.006,83.9562,3.495,4.614,10.719*71
$GNGST,090016.10,0.016,0.006,0.006,89.5698,3.495,4.614,10.719*70
$GNGST,090016.20,0.017,0.007,0.005,6.9564,3.495,4.614,10.719*4B
$GNGST,090016.30,0.016,0.006,0.005,5.8375,3.495,4.614,10.719*4E
$GNGST,090016.40,0.016,0.007,0.006,31.3246,3.495,4.614,10.719*76
$GNGST,090016.50,0.016,0.006,0.006,1.2512,3.495,4.614,10.719*42
$GNGST,090016.60,0.016,0.006,0.006,30.8256,3.495,4.614,10.719*7E
$GNGST,090016.70,0.017,0.006,0.006,38.6548,3.495,4.614,10.719*70
$GNGST,090016.80,0.012,0.005,0.005,-22.9568,3.495,4.614,10.719*51
$GNGST,090016.90,0.012,0.005,0.004,-36.3578,3.495,4.614,10.719*5F
$GNGST,090017.00,0.015,0.007,0.005,5.5220,3.495,4.614,10.719*42
$GNGST,090017.10,0.012,0.005,0.004,-42.0713,3.495,4.614,10.719*59
$GNGST,090017.20,0.012,0.006,0.004,-37.1949,3.495,4.614,10.719*5B
$GNGST,090017.30,0.013,0.006,0.005,-24.0624,3.495,4.614,10.719*5D
$GNGST,090017.40,0.012,0.005,0.005,-38.8194,3.495,4.614,10.719*51
$GNGST,090017.50,0.012,0.005,0.005,-34.9283,3.495,4.614,10.719*58
$GNGST,090017.60,0.016,0.007,0.005,55.0964,3.495,4.614,10.719*7C
$GNGST,090017.70,0.012,0.005,0.005,-23.3477,3.495,4.614,10.719*5B
$GNGST,090017.80,0.015,0.006,0.005,64.3953,3.495,4.614,10.719*75
$GNGST,090017.90,0.014,0.006,0.005,13.5037,3.495,4.614,10.719*78
$GNGST,090018.00,0.014,0.005,0.005,6.5969,3.495,4.614,10.719*4B
$GNGST,090018.10,0.015,0.006,0.005,12.3988,3.495,4.614,10.719*74
$GNGST,090018.20,0.014,0.006,0.005,22.1423,3.495,4.614,10.719*7B
$GNGST,090018.30,0.015,0.006,0.006,33.3945,3.495,4.614,10.719*77
$GNGST,090018.40,0.016,0.006,0.006,1.3761,3.495,4.614,10.719*4A
$GNGST,090018.50,0.013,0.006,0.005,-15.8243,3.495,4.614,10.719*5B
$GNGST,090018.60,0.016,0.006,0.005,11.9507,3.495,4.614,10.719*72
$GNGST,090018.70,0.014,0.005,0.005,-22.7945,3.495,4.614,10.719*5B
$GNGST,090018.80,0.013,0.006,0.005,-31.6640,3.495,4.614,10.719*59
$GNGST,090018.90,0.012,0.005,0.005,-32.3117,3.495,4.614,10.719*59
$GNGST,090019.00,0.014,0.006,0.005,-31.7392,3.495,4.614,10.719*5C
$GNGST,090019.10,0.013,0.005,0.005,-36.1441,3.495,4.614,10.719*51
$GNGST,090019.20,0.013,0.006,0.005,-44.1469,3.495,4.614,10.719*5E
$GNGST,090019.30,0.014,0.006,0.005,-40.9316,3.495,4.614,10.719*5B
$GNGST,090019.40,0.013,0.006,0.005,-22.5925,3.495,4.614,10.719*59
$GNGST,090019.50,0.015,0.006,0.005,-40.4659,3.495,4.614,10.719*5F
$GNGST,090019.60,0.015,0.006,0.005,8.7784,3.495,4.614,10.719*4F
$GNGST,090019.70,0.012,0.005,0.005,-32.7110,3.495,4.614,10.719*55
$GNGST,090019.80,0.014,0.006,0.005,-12.3378,3.495,4.614,10.719*55
$GNGST,090019.90,0.013,0.005,0.005,-29.7193,3.495,4.614,10.719*5B
$GNGST,090020.00,0.013,0.005,0.005,-41.6718,3.495,4.614,10.719*52
$GNGST,090020.10,0.012,0.005,0.005,-30.6446,3.495,4.614,10.719*5C
$GNGST,090020.20,0.013,0.006,0.005,-28.2925,3.495,4.614,10.719*58
$GNGST,090020.30,0.016,0.006,0.005,-47.9327,3.495,4.614,10.719*56
$GNGST,090020.40,0.012,0.006,0.005,-27.0540,3.495,4.614,10.719*5D
$GNGST,090020.50,0.014,0.006,0.005,51.9931,3.495,4.614,10.719*75
$GNGST,090020.60,0.016,0.006,0.006,18.5102,3.495,4.614,10.719*7E
$GNGST,090020.70,0.014,0.006,0.005,-29.4694,3.495,4.614,10.719*58
$GNGST,090020.80,0.014,0.006,0.005,-1.8675,3.495,4.614,10.719*6E
$GNGST,090020.90,0.013,0.006,0.005,11.1819,3.495,4.614,10.719*79
$GNGST,090021.00,0.012,0.005,0.005,11.0640,3.495,4.614,10.719*70
$GNGST,090021.10,0.013,0.005,0.005,1.5225,3.495,4.614,10.719*43
$GNGST,090021.20,0.012,0.005,0.005,-31.8306,3.495,4.614,10.719*52
$GNGST,090021.30,0.014,0.006,0.005,17.3939,3.495,4.614,10.719*72
$GNGST,090021.40,0.016,0.007,0.005,38.1867,3.495,4.614,10.719*73
$GNGST,090021.50,0.012,0.005,0.005,-24.9484,3.495,4.614,10.719*5D
$GNGST,090021.60,0.012,0.005,0.005,-48.8968,3.495,4.614,10.719*5A
$GNGST,090021.70,0.012,0.005,0.005,-38.3070,3.495,4.614,10.719*57
$GNGST,090021.80,0.012,0.005,0.005,-11.2618,3.495,4.614,10.719*5A
$GNGST,090021.90,0.012,0.005,0.005,-18.3833,3.495,4.614,10.719*54
$GNGST,090022.00,0.012,0.005,0.005,-26.5147,3.495,4.614,10.719*5F
$GNGST,090022.10,0.012,0.005,0.005,-27.6114,3.495,4.614,10.719*5A
$GNGST,090022.20,0.013,0.005,0.005,-6.1658,3.495,4.614,10.719*63
$GNGST,090022.30,0.012,0.005,0.005,-9.7795,3.495,4.614,10.719*6A
$GNGST,090022.40,0.012,0.005,0.005,-30.1353,3.495,4.614,10.719*5F
$GNGST,090022.50,0.013,0.005,0.005,-8.1362,3.495,4.614,10.719*66
$GNGST,090022.60,0.013,0.005,0.005,2.9798,3.495,4.614,10.719*4B
$GNGST,090022.70,0.015,0.005,0.005,-28.4040,3.495,4.614,10.719*56
$GNGST,090022.80,0.012,0.005,0.004,-15.7903,3.495,4.614,10.719*5C
$GNGST,090022.90,0.012,0.005,0.004,-32.1170,3.495,4.614,10.719*52
$GNGST,090023.00,0.012,0.005,0.005,-22.8159,3.495,4.614,10.719*58
$GNGST,090023.10,0.012,0.005,0.005,-39.4342,3.495,4.614,10.719*57
$GNGST,090023.20,0.011,0.005,0.005,-26.1468,3.495,4.614,10.719*53
$GNGST,090023.30,0.012,0.005,0.005,25.1230,3.495,4.614,10.719*74
$GNGST,090023.40,0.012,0.005,0.005,-62.1661,3.495,4.614,10.719*5D
$GNGST,090023.50,0.013,0.006,0.005,18.7111,3.495,4.614,10.719*78
$GNGST,090023.60,0.016,0.010,0.005,-48.4304,3.495,4.614,10.719*54
$GNGST,090023.70,0.015,0.007,0.006,38.0370,3.495,4.614,10.719*7E
$GNGST,090023.80,0.013,0.007,0.005,-36.2143,3.495,4.614,10.719*57
$GNGST,090023.90,0.012,0.006,0.005,-18.3868,3.495,4.614,10.719*5B
$GNGST,090024.00,0.012,0.005,0.005,-33.2763,3.495,4.614,10.719*5A
$GNGST,090024.10,0.012,0.005,0.004,-7.6509,3.495,4.614,10.719*67
$GNGST,090024.20,0.013,0.006,0.005,-16.9497,3.495,4.614,10.719*5E
$GNGST,090024.30,0.015,0.007,0.005,19.5032,3.495,4.614,10.719*7D
$GNGST,090024.40,0.012,0.005,0.005,-17.7787,3.495,4.614,10.719*57
$GNGST,090024.50,0.013,0.006,0.005,-1.7995,3.495,4.614,10.719*6E
$GNGST,090024.60,0.013,0.006,0.005,-8.0045,3.495,4.614,10.719*67
$GNGST,090024.70,0.013,0.007,0.005,-12.6145,3.495,4.614,10.719*5B
$GNGST,090024.80,0.013,0.006,0.005,-12.9498,3.495,4.614,10.719*5F
$GNGST,090024.90,0.012,0.005,0.005,-4.1659,3.495,4.614,10.719*6C
$GNGST,090025.00,0.013,0.006,0.005,-20.9924,3.495,4.614,10.719*5D
$GNGST,090025.10,0.012,0.005,0.004,-3.6646,3.495,4.614,10.719*6A
$GNGST,090025.20,0.012,0.005,0.004,0.7355,3.495,4.614,10.719*41
$GNGST,090025.30,0.012,0.005,0.004,-10.3840,3.495,4.614,10.719*57
$GNGST,090025.40,0.013,0.006,0.005,4.9623,3.495,4.614,10.719*4A
$GNGST,090025.50,0.011,0.005,0.004,-6.5433,3.495,4.614,10.719*6B
$GNGST,090025.60,0.011,0.005,0.004,-9.0039,3.495,4.614,10.719*6C
$GNGST,090025.70,0.011,0.005,0.004,-7.6923,3.495,4.614,10.719*67
$GNGST,090025.80,0.012,0.005,0.004,-1.1512,3.495,4.614,10.719*64
$GNGST,090025.90,0.012,0.005,0.004,5.9807,3.495,4.614,10.719*4D
$GNGST,090026.00,0.013,0.006,0.004,-7.5591,3.495,4.614,10.719*64
$GNGST,090026.10,0.012,0.006,0.004,-13.1813,3.495,4.614,10.719*52
$GNGST,090026.20,0.012,0.005,0.005,1.1447,3.495,4.614,10.719*40
$GNGST,090026.30,0.012,0.005,0.004,0.0091,3.495,4.614,10.719*4F
$GNGST,090026.40,0.013,0.005,0.004,-7.3890,3.495,4.614,10.719*69
$GNGST,090026.50,0.013,0.005,0.004,5.0899,3.495,4.614,10.719*4D
$GNGST,090026.60,0.013,0.005,0.004,-14.4876,3.495,4.614,10.719*56
$GNGST,090026.70,0.014,0.006,0.005,21.6519,3.495,4.614,10.719*7F
$GNGST,090026.80,0.017,0.008,0.005,29.7371,3.495,4.614,10.719*7C
$GNGST,090026.90,0.013,0.006,0.005,2.2596,3.495,4.614,10.719*44
$GNGST,090027.00,0.013,0.005,0.004,-0.0285,3.495,4.614,10.719*66
$GNGST,090027.10,0.015,0.006,0.004,12.8960,3.495,4.614,10.719*74
$GNGST,090027.20,0.019,0.007,0.005,19.3386,3.495,4.614,10.719*79
$GNGST,090027.30,0.013,0.005,0.005,2.3073,3.495,4.614,10.719*43
$GNGST,090027.40,0.013,0.006,0.004,-13.9129,3.495,4.614,10.719*5F
$GNGST,090027.50,0.011,0.005,0.004,0.1525,3.495,4.614,10.719*40
$GNGST,090027.60,0.012,0.005,0.005,12.6472,3.495,4.614,10.719*76
$GNGST,090027.70,0.013,0.006,0.005,23.8738,3.495,4.614,10.719*74
$GNGST,090027.80,0.012,0.006,0.005,0.8499,3.495,4.614,10.719*43
$GNGST,090027.90,0.013,0.005,0.004,-5.2875,3.495,4.614,10.719*6D
$GNGST,090028.00,0.012,0.006,0.004,-3.9739,3.495,4.614,10.719*63
$GNGST,090028.10,0.013,0.006,0.005,12.5578,3.495,4.614,10.719*74
$GNGST,090028.20,0.012,0.005,0.005,5.9106,3.495,4.614,10.719*42
$GNGST,090028.30,0.013,0.006,0.004,7.0501,3.495,4.614,10.719*48
$GNGST,090028.40,0.014,0.006,0.005,14.1764,3.495,4.614,10.719*7B
$GNGST,090028.50,0.012,0.005,0.004,4.5082,3.495,4.614,10.719*44
$GNGST,090028.60,0.012,0.005,0.004,-16.7731,3.495,4.614,10.719*54
$GNGST,090028.70,0.012,0.005,0.004,-26.4325,3.495,4.614,10.719*54
$GNGST,090028.80,0.012,0.005,0.004,-22.2488,3.495,4.614,10.719*59
$GNGST,090028.90,0.013,0.005,0.004,7.5117,3.495,4.614,10.719*47
$GNGST,090029.00,0.011,0.005,0.004,-22.0998,3.495,4.614,10.719*5D
$GNGST,090029.10,0.012,0.005,0.004,-7.9584,3.495,4.614,10.719*60
$GNGST,090029.20,0.013,0.006,0.004,-15.0923,3.495,4.614,10.719*5A
$GNGST,090029.30,0.013,0.005,0.004,-8.2425,3.495,4.614,10.719*6D
$GNGST,090029.40,0.013,0.006,0.005,-4.0791,3.495,4.614,10.719*6A
$GNGST,090029.50,0.013,0.006,0.005,-21.4094,3.495,4.614,10.719*5A
$GNGST,090029.60,0.012,0.005,0.004,1.5908,3.495,4.614,10.719*48
$GNGST,090029.70,0.015,0.007,0.005,22.9412,3.495,4.614,10.719*76
$GNGST,090029.80,0.014,0.006,0.005,-15.8638,3.495,4.614,10.719*5B
$GNGST,090029.90,0.012,0.006,0.004,-9.8022,3.495,4.614,10.719*6D
$GNGST,090030.00,0.013,0.006,0.005,-43.0408,3.495,4.614,10.719*56
$GNGST,090030.10,0.014,0.006,0.005,-6.3848,3.495,4.614,10.719*6A
$GNGST,090030.20,0.018,0.007,0.006,14.8303,3.495,4.614,10.719*76
$GNGST,090030.30,0.017,0.008,0.005,22.4522,3.495,4.614,10.719*78
$GNGST,090030.40,0.017,0.008,0.005,9.6808,3.495,4.614,10.719*41
$GNGST,090030.50,0.017,0.009,0.005,19.4085,3.495,4.614,10.719*7F
$GNGST,090030.60,0.016,0.007,0.005,19.6168,3.495,4.614,10.719*73
$GNGST,090030.70,0.014,0.006,0.005,7.0956,3.495,4.614,10.719*4D
$GNGST,090030.80,0.012,0.005,0.004,2.3850,3.495,4.614,10.719*47
$GNGST,090030.90,0.013,0.005,0.005,0.7821,3.495,4.614,10.719*46
$GNGST,090031.00,0.013,0.006,0.005,1.2056,3.495,4.614,10.719*41
$GNGST,090031.10,0.014,0.006,0.005,-23.8477,3.495,4.614,10.719*57
$GNGST,090031.20,0.013,0.006,0.005,-2.0788,3.495,4.614,10.719*6B
$GNGST,090031.30,0.021,0.010,0.005,36.1887,3.495,4.614,10.719*77
$GNGST,090031.40,0.014,0.006,0.005,-38.7542,3.495,4.614,10.719*50
$GNGST,090031.50,0.014,0.006,0.005,-18.9304,3.495,4.614,10.719*59
$GNGST,090031.60,0.013,0.006,0.005,-33.2379,3.495,4.614,10.719*55
$GNGST,090031.70,0.013,0.006,0.005,-54.1517,3.495,4.614,10.719*58
$GNGST,090031.80,0.013,0.005,0.005,-14.3008,3.495,4.614,10.719*59
$GNGST,090031.90,0.013,0.005,0.005,-12.1051,3.495,4.614,10.719*50
$GNGST,090032.00,0.012,0.005,0.004,-16.4060,3.495,4.614,10.719*59
$GNGST,090032.10,0.013,0.005,0.005,-30.0391,3.495,4.614,10.719*55
$GNGST,090032.20,0.013,0.006,0.005,3.6857,3.495,4.614,10.719*4F
$GNGST,090032.30,0.015,0.006,0.005,-89.7806,3.495,4.614,10.719*52
$GNGST,090032.40,0.013,0.006,0.005,-25.5359,3.495,4.614,10.719*56
$GNGST,090032.50,0.014,0.006,0.005,2.5960,3.495,4.614,10.719*48
$GNGST,090032.60,0.015,0.006,0.005,-40.2888,3.495,4.614,10.719*51
$GNGST,090032.70,0.015,0.006,0.005,-13.1296,3.495,4.614,10.719*50
$GNGST,090032.80,0.015,0.006,0.005,-17.1420,3.495,4.614,10.719*50
$GNGST,090032.90,0.015,0.007,0.005,-33.7599,3.495,4.614,10.719*53
$GNGST,090033.00,0.013,0.006,0.005,-2.6930,3.495,4.614,10.719*60
$GNGST,090033.10,0.013,0.006,0.005,4.3106,3.495,4.614,10.719*42
$GNGST,090033.20,0.014,0.005,0.005,-18.0363,3.495,4.614,10.719*57
$GNGST,090033.30,0.014,0.006,0.005,13.6109,3.495,4.614,10.719*7B
$GNGST,090033.40,0.024,0.009,0.005,33.5060,3.495,4.614,10.719*7F
$GNGST,090033.50,0.013,0.006,0.004,-9.4193,3.495,4.614,10.719*6C
$GNGST,090033.60,0.015,0.007,0.005,-2.0990,3.495,4.614,10.719*6D
$GNGST,090033.70,0.014,0.006,0.005,13.3390,3.495,4.614,10.719*78
$GNGST,090033.80,0.018,0.009,0.005,26.8558,3.495,4.614,10.719*7B
$GNGST,090033.90,0.014,0.007,0.006,-30.5798,3.495,4.614,10.719*52
$GNGST,090034.00,0.015,0.007,0.006,-43.8531,3.495,4.614,10.719*55
$GNGST,090034.10,0.015,0.007,0.006,-32.4525,3.495,4.614,10.719*5B
$GNGST,090034.20,0.027,0.015,0.006,-5.9855,3.495,4.614,10.719*69
$GNGST,090034.30,0.014,0.007,0.005,-31.4077,3.495,4.614,10.719*5A
$GNGST,090034.40,0.015,0.007,0.005,-39.7121,3.495,4.614,10.719*55
$GNGST,090034.50,0.014,0.007,0.006,-19.7631,3.495,4.614,10.719*52
$GNGST,090034.60,0.014,0.006,0.005,-49.5237,3.495,4.614,10.719*56
$GNGST,090034.70,0.014,0.007,0.005,-15.5006,3.495,4.614,10.719*5F
$GNGST,090034.80,0.016,0.006,0.005,-35.8621,3.495,4.614,10.719*5F
$GNGST,090034.90,0.018,0.008,0.005,31.1764,3.495,4.614,10.719*7E
$GNGST,090035.00,0.012,0.005,0.005,4.5468,3.495,4.614,10.719*4C
$GNGST,090035.10,0.013,0.006,0.005,1.4206,3.495,4.614,10.719*45
$GNGST,090035.20,0.013,0.006,0.005,-19.5814,3.495,4.614,10.719*5A
$GNGST,090035.30,0.014,0.006,0.005,-16.0141,3.495,4.614,10.719*5F
$GNGST,090035.40,0.014,0.006,0.005,-14.1367,3.495,4.614,10.719*5D
$GNGST,090035.50,0.014,0.006,0.005,7.0691,3.495,4.614,10.719*4E
$GNGST,090035.60,0.013,0.005,0.005,-23.4308,3.495,4.614,10.719*53
$GNGST,090035.70,0.012,0.005,0.005,-12.7498,3.495,4.614,10.719*5C
$GNGST,090035.80,0.013,0.006,0.005,-25.2581,3.495,4.614,10.719*59
$GNGST,090035.90,0.012,0.006,0.005,-20.9493,3.495,4.614,10.719*55
$GNGST,090036.00,0.013,0.005,0.005,1.7275,3.495,4.614,10.719*43
$GNGST,090036.10,0.014,0.007,0.005,21.1130,3.495,4.614,10.719*71
$GNGST,090036.20,0.015,0.006,0.005,29.5325,3.495,4.614,10.719*78
$GNGST,090036.30,0.013,0.006,0.005,-50.0285,3.495,4.614,10.719*52
$GNGST,090036.40,0.017,0.008,0.007,-54.1856,3.495,4.614,10.719*5C
$GNGST,090036.50,0.026,0.013,0.007,25.0269,3.495,4.614,10.719*79
$GNGST,090036.60,0.018,0.007,0.006,8.9989,3.495,4.614,10.719*40
$GNGST,090036.70,0.013,0.006,0.005,-48.6749,3.495,4.614,10.719*5C
$GNGST,090036.80,0.014,0.006,0.005,-14.5011,3.495,4.614,10.719*54
$GNGST,090036.90,0.013,0.006,0.005,-32.5029,3.495,4.614,10.719*5D
$GNGST,090037.00,0.014,0.006,0.005,1.9143,3.495,4.614,10.719*4E
$GNGST,090037.10,0.014,0.006,0.005,3.2505,3.495,4.614,10.719*40
$GNGST,090037.20,0.014,0.006,0.005,-36.9964,3.495,4.614,10.719*58
$GNGST,090037.30,0.015,0.006,0.005,-56.1059,3.495,4.614,10.719*51
$GNGST,090037.40,0.018,0.008,0.006,-8.5452,3.495,4.614,10.719*66
$GNGST,090037.50,0.013,0.006,0.005,-35.9642,3.495,4.614,10.719*50
$GNGST,090037.60,0.016,0.007,0.005,-17.4398,3.495,4.614,10.719*58
$GNGST,090037.70,0.016,0.008,0.005,-19.5316,3.495,4.614,10.719*5F
$GNGST,090037.80,0.014,0.007,0.005,8.8052,3.495,4.614,10.719*4E
$GNGST,090037.90,0.017,0.009,0.006,8.5618,3.495,4.614,10.719*44
$GNGST,090038.00,0.013,0.005,0.005,-30.2909,3.495,4.614,10.719*57
$GNGST,090038.10,0.015,0.006,0.005,9.4699,3.495,4.614,10.719*44
$GNGST,090038.20,0.013,0.006,0.005,-15.2671,3.495,4.614,10.719*51
$GNGST,090038.30,0.014,0.006,0.005,-16.6418,3.495,4.614,10.719*5D
$GNGST,090038.40,0.014,0.006,0.005,-27.8625,3.495,4.614,10.719*5A
$GNGST,090038.50,0.016,0.006,0.005,-36.7253,3.495,4.614,10.719*53
$GNGST,090038.60,0.013,0.005,0.005,-33.2172,3.495,4.614,10.719*56
$GNGST,090038.70,0.013,0.005,0.005,-20.2830,3.495,4.614,10.719*5A
$GNGST,090038.80,0.013,0.006,0.005,-35.8074,3.495,4.614,10.719*50
$GNGST,090038.90,0.016,0.008,0.005,20.9251,3.495,4.614,10.719*77
$GNGST,090039.00,0.013,0.006,0.005,-14.2677,3.495,4.614,10.719*55
$GNGST,090039.10,0.016,0.007,0.006,-10.4773,3.495,4.614,10.719*54
$GNGST,090039.20,0.014,0.007,0.005,-26.7695,3.495,4.614,10.719*59
$GNGST,090039.30,0.019,0.009,0.006,-24.8921,3.495,4.614,10.719*55
$GNGST,090039.40,0.016,0.007,0.005,0.9119,3.495,4.614,10.719*49
$GNGST,090039.50,0.017,0.007,0.005,7.9094,3.495,4.614,10.719*4A
$GNGST,090039.60,0.021,0.010,0.006,17.4671,3.495,4.614,10.719*78
$GNGST,090039.70,0.013,0.006,0.005,9.7875,3.495,4.614,10.719*4A
$GNGST,090039.80,0.013,0.006,0.005,4.7754,3.495,4.614,10.719*44
$GNGST,090039.90,0.013,0.006,0.005,-7.3250,3.495,4.614,10.719*6E
$GNGST,090040.00,0.013,0.006,0.005,-17.3770,3.495,4.614,10.719*5F
$GNGST,090040.10,0.012,0.005,0.005,-40.8256,3.495,4.614,10.719*54
$GNGST,090040.20,0.012,0.005,0.005,-15.3656,3.495,4.614,10.719*58
$GNGST,090040.30,0.013,0.006,0.005,-20.8583,3.495,4.614,10.719*5D
$GNGST,090040.40,0.012,0.005,0.005,-22.6672,3.495,4.614,10.719*59
$GNGST,090040.50,0.014,0.006,0.005,-1.5569,3.495,4.614,10.719*66
$GNGST,090040.60,0.015,0.006,0.006,24.6131,3.495,4.614,10.719*77
$GNGST,090040.70,0.018,0.008,0.005,-73.8731,3.495,4.614,10.719*51
$GNGST,090040.80,0.017,0.008,0.005,-57.8664,3.495,4.614,10.719*56
$GNGST,090040.90,0.013,0.006,0.005,-58.5741,3.495,4.614,10.719*59
$GNGST,090041.00,0.019,0.009,0.008,54.1082,3.495,4.614,10.719*74
$GNGST,090041.10,0.021,0.008,0.007,-3.1202,3.495,4.614,10.719*65
$GNGST,090041.20,0.014,0.006,0.005,-59.4102,3.495,4.614,10.719*55
$GNGST,090041.30,0.013,0.006,0.006,-69.8184,3.495,4.614,10.719*51
$GNGST,090041.40,0.013,0.006,0.005,-4.7753,3.495,4.614,10.719*6D
$GNGST,090041.50,0.013,0.006,0.005,9.0026,3.495,4.614,10.719*4E
$GNGST,090041.60,0.012,0.005,0.005,-8.1499,3.495,4.614,10.719*62
$GNGST,090041.70,0.012,0.005,0.005,-6.1085,3.495,4.614,10.719*64
$GNGST,090041.80,0.013,0.005,0.005,-5.1734,3.495,4.614,10.719*64
$GNGST,090041.90,0.012,0.006,0.005,-33.2353,3.495,4.614,10.719*54
$GNGST,090042.00,0.012,0.005,0.005,19.0410,3.495,4.614,10.719*7A
$GNGST,090042.10,0.013,0.006,0.005,-4.8727,3.495,4.614,10.719*67
$GNGST,090042.20,0.012,0.006,0.005,-19.9288,3.495,4.614,10.719*58
$GNGST,090042.30,0.012,0.006,0.004,11.0864,3.495,4.614,10.719*7C
$GNGST,090042.40,0.013,0.006,0.004,-23.1256,3.495,4.614,10.719*5C
$GNGST,090042.50,0.014,0.007,0.005,-21.1199,3.495,4.614,10.719*58
$GNGST,090042.60,0.012,0.007,0.005,6.4513,3.495,4.614,10.719*46
$GNGST,090042.70,0.013,0.006,0.005,1.3050,3.495,4.614,10.719*45
$GNGST,090042.80,0.012,0.006,0.005,-6.2112,3.495,4.614,10.719*67
$GNGST,090042.90,0.011,0.005,0.004,-9.2353,3.495,4.614,10.719*6F
$GNGST,090043.00,0.011,0.005,0.004,-37.5976,3.495,4.614,10.719*50
$GNGST,090043.10,0.014,0.007,0.005,0.6998,3.495,4.614,10.719*4D
$GNGST,090043.20,0.011,0.005,0.004,-31.4585,3.495,4.614,10.719*55
$GNGST,090043.30,0.012,0.006,0.004,-24.5713,3.495,4.614,10.719*5C
$GNGST,090043.40,0.012,0.006,0.004,-15.4672,3.495,4.614,10.719*5E
$GNGST,090043.50,0.013,0.006,0.005,13.2203,3.495,4.614,10.719*70
$GNGST,090043.60,0.012,0.006,0.004,-3.3185,3.495,4.614,10.719*63
$GNGST,090043.70,0.012,0.005,0.004,13.2403,3.495,4.614,10.719*77
$GNGST,090043.80,0.013,0.006,0.005,-39.4591,3.495,4.614,10.719*52
$GNGST,090043.90,0.013,0.006,0.005,-42.4549,3.495,4.614,10.719*5A
$GNGST,090044.00,0.015,0.006,0.006,52.2429,3.495,4.614,10.719*7C
$GNGST,090044.10,0.015,0.007,0.005,43.0227,3.495,4.614,10.719*75
$GNGST,090044.20,0.013,0.006,0.004,24.6720,3.495,4.614,10.719*75
$GNGST,090044.30,0.014,0.007,0.005,28.9321,3.495,4.614,10.719*75
$GNGST,090044.40,0.013,0.006,0.004,8.6229,3.495,4.614,10.719*41
$GNGST,090044.50,0.012,0.006,0.004,8.8972,3.495,4.614,10.719*4A
$GNGST,090044.60,0.011,0.005,0.004,14.1147,3.495,4.614,10.719*73
$GNGST,090044.70,0.012,0.005,0.004,-11.9917,3.495,4.614,10.719*5C
$GNGST,090044.80,0.012,0.005,0.004,8.3076,3.495,4.614,10.719*42
$GNGST,090044.90,0.012,0.006,0.005,-43.3532,3.495,4.614,10.719*56
$GNGST,090045.00,0.011,0.005,0.004,-28.2453,3.495,4.614,10.719*55
$GNGST,090045.10,0.013,0.006,0.005,15.8149,3.495,4.614,10.719*73
$GNGST,090045.20,0.013,0.006,0.005,-54.1596,3.495,4.614,10.719*57
$GNGST,090045.30,0.012,0.005,0.004,-31.8404,3.495,4.614,10.719*55
$GNGST,090045.40,0.014,0.006,0.005,7.2713,3.495,4.614,10.719*41
$GNGST,090045.50,0.015,0.007,0.005,5.4047,3.495,4.614,10.719*42
$GNGST,090045.60,0.015,0.006,0.005,6.8311,3.495,4.614,10.719*4F
$GNGST,090045.70,0.013,0.006,0.005,-43.8485,3.495,4.614,10.719*5E
$GNGST,090045.80,0.012,0.005,0.005,-52.8324,3.495,4.614,10.719*5F
$GNGST,090045.90,0.012,0.005,0.005,-65.3625,3.495,4.614,10.719*55
$GNGST,090046.00,0.012,0.005,0.004,-52.6695,3.495,4.614,10.719*54
$GNGST,090046.10,0.013,0.005,0.005,-74.8478,3.495,4.614,10.719*5E
$GNGST,090046.20,0.014,0.005,0.005,-42.4879,3.495,4.614,10.719*5E
$GNGST,090046.30,0.013,0.005,0.005,-19.0288,3.495,4.614,10.719*56
$GNGST,090046.40,0.012,0.005,0.004,-42.9747,3.495,4.614,10.719*50
$GNGST,090046.50,0.013,0.005,0.005,29.3673,3.495,4.614,10.719*7D
$GNGST,090046.60,0.011,0.005,0.004,-49.5939,3.495,4.614,10.719*51
$GNGST,090046.70,0.012,0.005,0.004,-57.7001,3.495,4.614,10.719*5C
$GNGST,090046.80,0.017,0.006,0.005,38.2690,3.495,4.614,10.719*7B
$GNGST,090046.90,0.012,0.005,0.005,-50.9376,3.495,4.614,10.719*59
$GNGST,090047.00,0.011,0.005,0.004,-47.9441,3.495,4.614,10.719*56
$GNGST,090047.10,0.012,0.005,0.004,-62.4753,3.495,4.614,10.719*5E
$GNGST,090047.20,0.012,0.005,0.004,-55.0719,3.495,4.614,10.719*53
$GNGST,090047.30,0.012,0.005,0.004,-59.9341,3.495,4.614,10.719*5E
$GNGST,090047.40,0.012,0.005,0.004,-57.1284,3.495,4.614,10.719*57
$GNGST,090047.50,0.011,0.005,0.004,-48.3611,3.495,4.614,10.719*51
$GNGST,090047.60,0.012,0.005,0.005,-34.6569,3.495,4.614,10.719*52
$GNGST,090047.70,0.012,0.005,0.004,-46.0946,3.495,4.614,10.719*50
$GNGST,090047.80,0.011,0.005,0.004,-46.6976,3.495,4.614,10.719*59
$GNGST,090047.90,0.011,0.005,0.004,-39.7673,3.495,4.614,10.719*5B
$GNGST,090048.00,0.010,0.004,0.004,-34.9430,3.495,4.614,10.719*5B
$GNGST,090048.10,0.011,0.005,0.004,-48.3755,3.495,4.614,10.719*5B
$GNGST,090048.20,0.010,0.004,0.004,-35.8789,3.495,4.614,10.719*58
$GNGST,090048.30,0.011,0.005,0.004,-44.4901,3.495,4.614,10.719*5D
$GNGST,090048.40,0.010,0.005,0.004,-41.3239,3.495,4.614,10.719*59
$GNGST,090048.50,0.010,0.004,0.004,-38.3608,3.495,4.614,10.719*51
$GNGST,090048.60,0.010,0.004,0.004,-33.5242,3.495,4.614,10.719*55
$GNGST,090048.70,0.011,0.004,0.004,-28.0936,3.495,4.614,10.719*52
$GNGST,090048.80,0.010,0.005,0.004,-34.8415,3.495,4.614,10.719*54
$GNGST,090048.90,0.011,0.005,0.004,-11.3447,3.495,4.614,10.719*5F
$GNGST,090049.00,0.012,0.005,0.004,-20.6782,3.495,4.614,10.719*59
$GNGST,090049.10,0.015,0.006,0.004,16.0491,3.495,4.614,10.719*73
$GNGST,090049.20,0.014,0.005,0.004,19.0257,3.495,4.614,10.719*71
$GNGST,090049.30,0.012,0.005,0.004,-21.3460,3.495,4.614,10.719*51
$GNGST,090049.40,0.013,0.005,0.004,-17.8099,3.495,4.614,10.719*5B
$GNGST,090049.50,0.012,0.005,0.004,-12.1369,3.495,4.614,10.719*5B
$GNGST,090049.60,0.012,0.005,0.004,-17.7956,3.495,4.614,10.719*5D
$GNGST,090049.70,0.015,0.006,0.004,13.4363,3.495,4.614,10.719*7E
$GNGST,090049.80,0.011,0.005,0.004,-19.9720,3.495,4.614,10.719*5F
$GNGST,090049.90,0.011,0.004,0.004,-26.7869,3.495,4.614,10.719*5F
$GNGST,090050.00,0.011,0.004,0.004,-14.1938,3.495,4.614,10.719*5C
$GNGST,090050.10,0.011,0.004,0.004,-35.7472,3.495,4.614,10.719*5B
$GNGST,090050.20,0.011,0.005,0.004,-33.9651,3.495,4.614,10.719*52
$GNGST,090050.30,0.011,0.005,0.004,-35.6800,3.495,4.614,10.719*50
$GNGST,090050.40,0.011,0.004,0.004,-37.7474,3.495,4.614,10.719*5A
$GNGST,090050.50,0.012,0.005,0.004,-11.1427,3.495,4.614,10.719*5D
$GNGST,090050.60,0.011,0.005,0.004,-43.0106,3.495,4.614,10.719*5D
$GNGST,090050.70,0.010,0.004,0.004,-28.5894,3.495,4.614,10.719*56
$GNGST,090050.80,0.011,0.004,0.004,-34.1991,3.495,4.614,10.719*55
$GNGST,090050.90,0.010,0.004,0.004,-37.8796,3.495,4.614,10.719*56
$GNGST,090051.00,0.010,0.004,0.004,-30.5945,3.495,4.614,10.719*54
$GNGST,090051.10,0.011,0.004,0.004,-39.5072,3.495,4.614,10.719*50
$GNGST,090051.20,0.010,0.004,0.004,-42.6297,3.495,4.614,10.719*54
$GNGST,090051.30,0.011,0.005,0.004,-32.6349,3.495,4.614,10.719*50
$GNGST,090051.40,0.011,0.004,0.004,29.3510,3.495,4.614,10.719*7E
$GNGST,090051.50,0.010,0.004,0.004,-25.9070,3.495,4.614,10.719*56
$GNGST,090051.60,0.010,0.004,0.004,-44.8807,3.495,4.614,10.719*5B
$GNGST,090051.70,0.010,0.004,0.004,-40.9861,3.495,4.614,10.719*5F
$GNGST,090051.80,0.011,0.004,0.004,-33.3598,3.495,4.614,10.719*54
$GNGST,090051.90,0.011,0.005,0.005,53.4188,3.495,4.614,10.719*7C
$GNGST,090052.00,0.011,0.005,0.004,7.1620,3.495,4.614,10.719*46
$GNGST,090052.10,0.011,0.005,0.004,19.7019,3.495,4.614,10.719*72
$GNGST,090052.20,0.010,0.004,0.004,-36.9742,3.495,4.614,10.719*56
$GNGST,090052.30,0.011,0.005,0.004,-31.9091,3.495,4.614,10.719*59
$GNGST,090052.40,0.011,0.004,0.004,-22.5636,3.495,4.614,10.719*5A
$GNGST,090052.50,0.011,0.004,0.004,-12.9785,3.495,4.614,10.719*5D
$GNGST,090052.60,0.012,0.005,0.004,-55.1934,3.495,4.614,10.719*53
$GNGST,090052.70,0.012,0.004,0.004,-39.6374,3.495,4.614,10.719*50
$GNGST,090052.80,0.011,0.005,0.004,-32.9829,3.495,4.614,10.719*5A
$GNGST,090052.90,0.011,0.005,0.004,-29.4274,3.495,4.614,10.719*5E
$GNGST,090053.00,0.010,0.004,0.004,-48.8323,3.495,4.614,10.719*5E
$GNGST,090053.10,0.010,0.005,0.004,-53.8664,3.495,4.614,10.719*52
$GNGST,090053.20,0.013,0.006,0.004,-47.5857,3.495,4.614,10.719*57
$GNGST,090053.30,0.010,0.004,0.004,-40.9298,3.495,4.614,10.719*55
$GNGST,090053.40,0.010,0.004,0.004,-41.4528,3.495,4.614,10.719*52
$GNGST,090053.50,0.010,0.004,0.004,-41.3285,3.495,4.614,10.719*54
$GNGST,090053.60,0.010,0.004,0.004,-41.0072,3.495,4.614,10.719*5E
$GNGST,090053.70,0.010,0.004,0.004,-56.7365,3.495,4.614,10.719*5B
$GNGST,090053.80,0.011,0.005,0.004,-50.7034,3.495,4.614,10.719*55
$GNGST,090053.90,0.013,0.005,0.005,-28.6269,3.495,4.614,10.719*53
$GNGST,090054.00,0.011,0.005,0.004,75.5294,3.495,4.614,10.719*7A
$GNGST,090054.10,0.011,0.004,0.004,-3.2775,3.495,4.614,10.719*6B
$GNGST,090054.20,0.012,0.005,0.004,10.9145,3.495,4.614,10.719*7B
$GNGST,090054.30,0.011,0.005,0.004,-71.8716,3.495,4.614,10.719*52
$GNGST,090054.40,0.011,0.004,0.004,-62.5650,3.495,4.614,10.719*58
$GNGST,090054.50,0.012,0.005,0.005,-40.3731,3.495,4.614,10.719*5A
$GNGST,090054.60,0.012,0.005,0.005,13.0422,3.495,4.614,10.719*70
$GNGST,090054.70,0.011,0.005,0.004,-19.5169,3.495,4.614,10.719*5B
$GNGST,090054.80,0.012,0.004,0.004,-23.0838,3.495,4.614,10.719*57
$GNGST,090054.90,0.011,0.005,0.004,10.9600,3.495,4.614,10.719*75
$GNGST,090055.00,0.011,0.005,0.004,20.2640,3.495,4.614,10.719*71
$GNGST,090055.10,0.012,0.005,0.004,11.6869,3.495,4.614,10.719*70
$GNGST,090055.20,0.011,0.004,0.004,-37.4711,3.495,4.614,10.719*5A
$GNGST,090055.30,0.012,0.005,0.004,5.7649,3.495,4.614,10.719*4A
$GNGST,090055.40,0.014,0.005,0.005,-43.0244,3.495,4.614,10.719*5B
$GNGST,090055.50,0.013,0.006,0.005,29.5480,3.495,4.614,10.719*74
$GNGST,090055.60,0.011,0.005,0.004,-81.9596,3.495,4.614,10.719*52
$GNGST,090055.70,0.012,0.005,0.004,25.8596,3.495,4.614,10.719*72
$GNGST,090055.80,0.012,0.005,0.005,-51.0653,3.495,4.614,10.719*50
$GNGST,090055.90,0.013,0.006,0.004,17.6749,3.495,4.614,10.719*71
$GNGST,090056.00,0.012,0.005,0.004,18.5451,3.495,4.614,10.719*7F
$GNGST,090056.10,0.010,0.004,0.004,-1.9233,3.495,4.614,10.719*66
$GNGST,090056.20,0.012,0.005,0.004,2.1139,3.495,4.614,10.719*49
$GNGST,090056.30,0.011,0.005,0.004,1.4708,3.495,4.614,10.719*49
$GNGST,090056.40,0.011,0.005,0.004,22.8555,3.495,4.614,10.719*79
$GNGST,090056.50,0.011,0.005,0.004,31.4681,3.495,4.614,10.719*7C
$GNGST,090056.60,0.014,0.007,0.004,31.6962,3.495,4.614,10.719*78
$GNGST,090056.70,0.011,0.005,0.004,-37.9034,3.495,4.614,10.719*50
$GNGST,090056.80,0.015,0.007,0.005,11.0877,3.495,4.614,10.719*77
$GNGST,090056.90,0.012,0.005,0.004,23.8665,3.495,4.614,10.719*76
$GNGST,090057.00,0.011,0.004,0.004,1.0817,3.495,4.614,10.719*4F
$GNGST,090057.10,0.012,0.005,0.004,0.1093,3.495,4.614,10.719*48
$GNGST,090057.20,0.011,0.005,0.004,-25.3325,3.495,4.614,10.719*5E
$GNGST,090057.30,0.011,0.005,0.004,-15.3143,3.495,4.614,10.719*5E
$GNGST,090057.40,0.012,0.006,0.004,-5.9338,3.495,4.614,10.719*6C
$GNGST,090057.50,0.011,0.005,0.004,-39.1574,3.495,4.614,10.719*54
$GNGST,090057.60,0.011,0.004,0.004,-19.2454,3.495,4.614,10.719*54
$GNGST,090057.70,0.011,0.005,0.004,11.0156,3.495,4.614,10.719*74
$GNGST,090057.80,0.010,0.004,0.004,-40.1765,3.495,4.614,10.719*55
$GNGST,090057.90,0.011,0.005,0.004,-36.7554,3.495,4.614,10.719*53
$GNGST,090058.00,0.011,0.004,0.004,-23.9276,3.495,4.614,10.719*59
$GNGST,090058.10,0.010,0.004,0.004,-26.0497,3.495,4.614,10.719*5C
$GNGST,090058.20,0.011,0.004,0.004,12.3236,3.495,4.614,10.719*7A
$GNGST,090058.30,0.013,0.005,0.004,-20.9130,3.495,4.614,10.719*5B
$GNGST,090058.40,0.011,0.005,0.004,-13.9110,3.495,4.614,10.719*5C
$GNGST,090058.50,0.010,0.004,0.004,-39.0233,3.495,4.614,10.719*5E
$GNGST,090058.60,0.010,0.004,0.004,-25.5365,3.495,4.614,10.719*57
$GNGST,090058.70,0.011,0.004,0.004,-32.5008,3.495,4.614,10.719*59
$GNGST,090058.80,0.010,0.004,0.004,-51.5015,3.495,4.614,10.719*5E
$GNGST,090058.90,0.010,0.004,0.004,-51.6512,3.495,4.614,10.719*5E
$GNGST,090059.00,0.011,0.004,0.004,-30.3420,3.495,4.614,10.719*55
$GNGST,090059.10,0.012,0.005,0.005,-23.9222,3.495,4.614,10.719*5B
$GNGST,090059.20,0.012,0.005,0.004,5.5075,3.495,4.614,10.719*4C
$GNGST,090059.30,0.010,0.004,0.004,-42.8762,3.495,4.614,10.719*5C
$GNGST,090059.40,0.011,0.005,0.004,-34.8737,3.495,4.614,10.719*5A
$GNGST,090059.50,0.010,0.004,0.004,-20.2428,3.495,4.614,10.719*59
$GNGST,090059.60,0.011,0.004,0.004,-38.3233,3.495,4.614,10.719*5F
$GNGST,090059.70,0.010,0.004,0.004,-40.3855,3.495,4.614,10.719*5A
$GNGST,090059.80,0.010,0.004,0.004,-44.3098,3.495,4.614,10.719*58
$GNGST,090059.90,0.010,0.004,0.004,-40.2071,3.495,4.614,10.719*5B
$GNGST,090100.00,0.010,0.004,0.004,-40.2073,3.495,4.614,10.719*5D
$GNGST,090100.10,0.010,0.004,0.004,-40.2075,3.495,4.614,10.719*5A
$GNGST,090100.20,0.011,0.004,0.004,-4.1629,3.495,4.614,10.719*64
$GNGST,090100.30,0.010,0.004,0.004,-9.9013,3.495,4.614,10.719*6E
$GNGST,090100.40,0.010,0.004,0.004,-12.2356,3.495,4.614,10.719*5A
$GNGST,090100.50,0.010,0.004,0.004,-18.0070,3.495,4.614,10.719*54
$GNGST,090100.60,0.010,0.004,0.004,-9.9942,3.495,4.614,10.719*66
$GNGST,090100.70,0.010,0.004,0.004,-41.1708,3.495,4.614,10.719*53
$GNGST,090100.80,0.010,0.004,0.004,-47.4590,3.495,4.614,10.719*5C
$GNGST,090100.90,0.011,0.004,0.004,-43.7576,3.495,4.614,10.719*53
$GNGST,090101.00,0.009,0.004,0.004,-46.0259,3.495,4.614,10.719*5A
$GNGST,090101.10,0.009,0.004,0.004,-46.2830,3.495,4.614,10.719*5C
$GNGST,090101.20,0.010,0.004,0.004,-45.5449,3.495,4.614,10.719*51
$GNGST,090101.30,0.010,0.004,0.004,-43.4866,3.495,4.614,10.719*56
$GNGST,090101.40,0.011,0.004,0.004,-38.1480,3.495,4.614,10.719*5D
$GNGST,090101.50,0.011,0.005,0.004,-48.7271,3.495,4.614,10.719*54
$GNGST,090101.60,0.011,0.005,0.004,-47.3461,3.495,4.614,10.719*5B
$GNGST,090101.70,0.010,0.004,0.004,-48.6923,3.495,4.614,10.719*5B
$GNGST,090101.80,0.010,0.005,0.004,-52.2286,3.495,4.614,10.719*5E
$GNGST,090101.90,0.009,0.004,0.004,-38.9952,3.495,4.614,10.719*53
$GNGST,090102.00,0.009,0.004,0.004,-38.9954,3.495,4.614,10.719*5F
$GNGST,090102.10,0.009,0.004,0.004,-37.7565,3.495,4.614,10.719*51
$GNGST,090102.20,0.009,0.004,0.004,-37.5068,3.495,4.614,10.719*58
$GNGST,090102.30,0.010,0.004,0.004,-28.4285,3.495,4.614,10.719*5F
$GNGST,090102.40,0.011,0.005,0.004,-4.5548,3.495,4.614,10.719*61
$GNGST,090102.50,0.010,0.004,0.004,-29.7528,3.495,4.614,10.719*5B
$GNGST,090102.60,0.010,0.004,0.004,-42.9846,3.495,4.614,10.719*5E
$GNGST,090102.70,0.011,0.004,0.004,-16.9259,3.495,4.614,10.719*5B
$GNGST,090102.80,0.011,0.004,0.004,-27.6621,3.495,4.614,10.719*52
$GNGST,090102.90,0.010,0.004,0.004,-15.9576,3.495,4.614,10.719*5D
$GNGST,090103.00,0.011,0.004,0.004,-20.3251,3.495,4.614,10.719*5A
$GNGST,090103.10,0.010,0.004,0.004,-32.7661,3.495,4.614,10.719*5A
$GNGST,090103.20,0.010,0.004,0.004,-34.1904,3.495,4.614,10.719*55
$GNGST,090103.30,0.010,0.004,0.004,-26.7736,3.495,4.614,10.719*5E
$GNGST,090103.40,0.011,0.004,0.004,-18.7498,3.495,4.614,10.719*52
$GNGST,090103.50,0.010,0.004,0.004,-12.3076,3.495,4.614,10.719*58
$GNGST,090103.60,0.010,0.004,0.004,-10.8842,3.495,4.614,10.719*5D
$GNGST,090103.70,0.010,0.004,0.004,-11.2440,3.495,4.614,10.719*59
$GNGST,090103.80,0.010,0.004,0.004,-42.6025,3.495,4.614,10.719*53
$GNGST,090103.90,0.009,0.004,0.004,-40.9031,3.495,4.614,10.719*52
$GNGST,090104.00,0.009,0.004,0.004,-40.6409,3.495,4.614,10.719*5C
$GNGST,090104.10,0.009,0.004,0.004,-40.6410,3.495,4.614,10.719*55
$GNGST,090104.20,0.010,0.004,0.004,-44.9158,3.495,4.614,10.719*5C
$GNGST,090104.30,0.010,0.004,0.004,-47.3314,3.495,4.614,10.719*5E
$GNGST,090104.40,0.010,0.004,0.004,-43.7176,3.495,4.614,10.719*5F
$GNGST,090104.50,0.010,0.004,0.004,-45.8947,3.495,4.614,10.719*5D
$GNGST,090104.60,0.010,0.004,0.004,-36.3774,3.495,4.614,10.719*5F
$GNGST,090104.70,0.009,0.004,0.004,-39.3354,3.495,4.614,10.719*5F
$GNGST,090104.80,0.009,0.004,0.004,-38.8414,3.495,4.614,10.719*59
$GNGST,090104.90,0.009,0.004,0.004,-35.8967,3.495,4.614,10.719*5C
$GNGST,090105.00,0.009,0.004,0.004,-35.8967,3.495,4.614,10.719*54
$GNGST,090105.10,0.009,0.004,0.004,-39.0785,3.495,4.614,10.719*53
$GNGST,090105.20,0.009,0.004,0.004,-38.9987,3.495,4.614,10.719*54
$GNGST,090105.30,0.009,0.004,0.004,-38.7611,3.495,4.614,10.719*5B
$GNGST,090105.40,0.009,0.004,0.004,-35.6546,3.495,4.614,10.719*51
$GNGST,090105.50,0.009,0.004,0.004,-37.6902,3.495,4.614,10.719*5E
$GNGST,090105.60,0.009,0.004,0.004,-35.6546,3.495,4.614,10.719*53
$GNGST,090105.70,0.009,0.004,0.004,-35.6547,3.495,4.614,10.719*53
$GNGST,090105.80,0.009,0.004,0.004,-35.8519,3.495,4.614,10.719*59
$GNGST,090105.90,0.009,0.004,0.004,-35.8519,3.495,4.614,10.719*58
$GNGST,090106.00,0.009,0.004,0.004,-36.9195,3.495,4.614,10.719*50
$GNGST,090106.10,0.009,0.004,0.004,-37.5359,3.495,4.614,10.719*5E
$GNGST,090106.20,0.009,0.004,0.004,-37.2178,3.495,4.614,10.719*5B
$GNGST,090106.30,0.009,0.004,0.004,-37.1480,3.495,4.614,10.719*5B
$GNGST,090106.40,0.009,0.004,0.004,-38.1383,3.495,4.614,10.719*57
$GNGST,090106.50,0.009,0.004,0.004,-37.6258,3.495,4.614,10.719*59
$GNGST,090106.60,0.009,0.004,0.004,-37.6259,3.495,4.614,10.719*5B
$GNGST,090106.70,0.009,0.004,0.004,-38.2826,3.495,4.614,10.719*53
$GNGST,090106.80,0.009,0.004,0.004,-38.3246,3.495,4.614,10.719*51
$GNGST,090106.90,0.009,0.004,0.004,-38.2026,3.495,4.614,10.719*55
$GNGST,090107.00,0.009,0.004,0.004,-35.4850,3.495,4.614,10.719*5F
$GNGST,090107.10,0.009,0.004,0.004,-35.4850,3.495,4.614,10.719*5E
$GNGST,090107.20,0.009,0.004,0.004,-35.4850,3.495,4.614,10.719*5D
$GNGST,090107.30,0.009,0.004,0.004,-39.3819,3.495,4.614,10.719*5A
$GNGST,090107.40,0.009,0.004,0.004,-36.7001,3.495,4.614,10.719*57
$GNGST,090107.50,0.009,0.004,0.004,-39.4667,3.495,4.614,10.719*5C
$GNGST,090107.60,0.009,0.004,0.004,-39.4668,3.495,4.614,10.719*50
$GNGST,090107.70,0.009,0.004,0.004,-38.5508,3.495,4.614,10.719*54
$GNGST,090107.80,0.009,0.004,0.004,-39.9722,3.495,4.614,10.719*5C
$GNGST,090107.90,0.009,0.004,0.004,-38.5891,3.495,4.614,10.719*57
$GNGST,090108.00,0.009,0.004,0.004,-39.2892,3.495,4.614,10.719*54
$GNGST,090108.10,0.009,0.004,0.004,-39.2894,3.495,4.614,10.719*53
$GNGST,090108.20,0.009,0.004,0.004,-40.3284,3.495,4.614,10.719*54
$GNGST,090108.30,0.009,0.004,0.004,-39.7525,3.495,4.614,10.719*53
$GNGST,090108.40,0.009,0.004,0.004,-41.3623,3.495,4.614,10.719*5A
$GNGST,090108.50,0.009,0.004,0.004,-41.3624,3.495,4.614,10.719*5C
$GNGST,090108.60,0.009,0.004,0.004,-41.3625,3.495,4.614,10.719*5E
$GNGST,090108.70,0.009,0.004,0.004,-41.3626,3.495,4.614,10.719*5C
$GNGST,090108.80,0.009,0.004,0.004,-41.5841,3.495,4.614,10.719*5A
$GNGST,090108.90,0.009,0.004,0.003,-38.0388,3.495,4.614,10.719*59
$GNGST,090109.00,0.009,0.004,0.003,-38.0387,3.495,4.614,10.719*5E
$GNGST,090109.10,0.009,0.004,0.003,-38.8809,3.495,4.614,10.719*5A
$GNGST,090109.20,0.009,0.004,0.003,-37.4410,3.495,4.614,10.719*5E
$GNGST,090109.30,0.009,0.004,0.004,-40.5220,3.495,4.614,10.719*5C
$GNGST,090109.40,0.009,0.004,0.004,-34.8570,3.495,4.614,10.719*57
$GNGST,090109.50,0.009,0.004,0.004,-36.2484,3.495,4.614,10.719*54
$GNGST,090109.60,0.009,0.004,0.004,-40.6880,3.495,4.614,10.719*5A
$GNGST,090109.70,0.009,0.004,0.004,-40.2219,3.495,4.614,10.719*55
$GNGST,090109.80,0.009,0.004,0.003,-39.6035,3.495,4.614,10.719*5B
$GNGST,090109.90,0.009,0.004,0.004,-37.8528,3.495,4.614,10.719*54
$GNGST,090110.00,0.009,0.004,0.003,-38.7129,3.495,4.614,10.719*57
$GNGST,090110.10,0.009,0.004,0.003,-38.9567,3.495,4.614,10.719*56
$GNGST,090110.20,0.009,0.004,0.004,-35.5877,3.495,4.614,10.719*5F
$GNGST,090110.30,0.009,0.004,0.003,-39.4461,3.495,4.614,10.719*5F
$GNGST,090110.40,0.009,0.004,0.003,-38.8012,3.495,4.614,10.719*55
$GNGST,090110.50,0.009,0.004,0.004,-40.1955,3.495,4.614,10.719*5F
$GNGST,090110.60,0.009,0.004,0.004,-39.9502,3.495,4.614,10.719*54
$GNGST,090110.70,0.009,0.004,0.003,-36.8696,3.495,4.614,10.719*52
$GNGST,090110.80,0.009,0.004,0.003,-36.4062,3.495,4.614,10.719*5C
$GNGST,090110.90,0.009,0.004,0.003,-36.4063,3.495,4.614,10.719*5C
$GNGST,090111.00,0.009,0.004,0.003,-36.4064,3.495,4.614,10.719*53
$GNGST,090111.10,0.009,0.004,0.003,-36.1912,3.495,4.614,10.719*5F
$GNGST,090111.20,0.009,0.004,0.003,-36.3805,3.495,4.614,10.719*59
$GNGST,090111.30,0.009,0.004,0.003,-36.3806,3.495,4.614,10.719*5B
$GNGST,090111.40,0.009,0.004,0.003,-36.3806,3.495,4.614,10.719*5C
$GNGST,090111.50,0.009,0.004,0.003,-36.4067,3.495,4.614,10.719*55
$GNGST,090111.60,0.009,0.004,0.003,-38.6639,3.495,4.614,10.719*57
$GNGST,090111.70,0.009,0.004,0.003,-35.8299,3.495,4.614,10.719*5B
$GNGST,090111.80,0.009,0.004,0.003,-35.9505,3.495,4.614,10.719*57
$GNGST,090111.90,0.009,0.004,0.003,-37.0806,3.495,4.614,10.719*53
$GNGST,090112.00,0.009,0.004,0.003,-35.9507,3.495,4.614,10.719*5E
$GNGST,090112.10,0.009,0.004,0.003,-35.9507,3.495,4.614,10.719*5F
$GNGST,090112.20,0.009,0.004,0.003,-36.7649,3.495,4.614,10.719*58
$GNGST,090112.30,0.009,0.004,0.003,-34.7099,3.495,4.614,10.719*50
$GNGST,090112.40,0.009,0.004,0.003,-37.1146,3.495,4.614,10.719*51
$GNGST,090112.50,0.009,0.004,0.003,-37.1147,3.495,4.614,10.719*51
$GNGST,090112.60,0.009,0.004,0.003,-37.1147,3.495,4.614,10.719*52
$GNGST,090112.70,0.009,0.004,0.003,-36.9220,3.495,4.614,10.719*58
$GNGST,090112.80,0.009,0.004,0.003,-36.2870,3.495,4.614,10.719*53
$GNGST,090112.90,0.009,0.004,0.003,-36.2871,3.495,4.614,10.719*53
$GNGST,090113.00,0.009,0.004,0.003,-36.0926,3.495,4.614,10.719*5A
$GNGST,090113.10,0.009,0.004,0.003,-37.0462,3.495,4.614,10.719*57
$GNGST,090113.20,0.009,0.004,0.003,-37.0462,3.495,4.614,10.719*54
$GNGST,090113.30,0.009,0.004,0.003,-36.3439,3.495,4.614,10.719*59
$GNGST,090113.40,0.009,0.004,0.003,-36.3440,3.495,4.614,10.719*50
$GNGST,090113.50,0.009,0.004,0.003,-36.3441,3.495,4.614,10.719*50
$GNGST,090113.60,0.009,0.004,0.003,-36.3442,3.495,4.614,10.719*50
$GNGST,090113.70,0.009,0.004,0.003,-36.3443,3.495,4.614,10.719*50
$GNGST,090113.80,0.009,0.004,0.003,-38.4424,3.495,4.614,10.719*57
$GNGST,090113.90,0.009,0.004,0.003,-37.1570,3.495,4.614,10.719*5C
$GNGST,090114.00,0.009,0.004,0.003,-36.6922,3.495,4.614,10.719*5F
$GNGST,090114.10,0.009,0.004,0.003,-38.0420,3.495,4.614,10.719*59
$GNGST,090114.20,0.009,0.004,0.003,-36.6926,3.495,4.614,10.719*59
$GNGST,090114.30,0.009,0.004,0.003,-38.1295,3.495,4.614,10.719*52
$GNGST,090114.40,0.009,0.004,0.003,-37.9028,3.495,4.614,10.719*56
$GNGST,090114.50,0.009,0.004,0.003,-34.3638,3.495,4.614,10.719*59
$GNGST,090114.60,0.009,0.004,0.003,-34.3639,3.495,4.614,10.719*5B
$GNGST,090114.70,0.009,0.004,0.003,-34.3640,3.495,4.614,10.719*54
$GNGST,090114.80,0.009,0.004,0.003,-35.7542,3.495,4.614,10.719*5F
$GNGST,090114.90,0.009,0.004,0.003,-34.3641,3.495,4.614,10.719*5B
$GNGST,090115.00,0.009,0.004,0.003,-36.5924,3.495,4.614,10.719*5B
$GNGST,090115.10,0.009,0.004,0.003,-35.9672,3.495,4.614,10.719*59
$GNGST,090115.20,0.009,0.004,0.003,-36.1122,3.495,4.614,10.719*53
$GNGST,090115.30,0.009,0.004,0.003,-33.7486,3.495,4.614,10.719*5A
$GNGST,090115.40,0.009,0.004,0.003,-34.3646,3.495,4.614,10.719*50
$GNGST,090115.50,0.009,0.004,0.003,-33.7582,3.495,4.614,10.719*59
$GNGST,090115.60,0.009,0.004,0.003,-33.7583,3.495,4.614,10.719*5B
$GNGST,090115.70,0.009,0.004,0.003,-33.4128,3.495,4.614,10.719*5C
$GNGST,090115.80,0.009,0.004,0.004,-25.3417,3.495,4.614,10.719*5D
$GNGST,090115.90,0.009,0.004,0.003,-33.7586,3.495,4.614,10.719*51
$GNGST,090116.00,0.009,0.004,0.003,-33.2311,3.495,4.614,10.719*56
$GNGST,090116.10,0.009,0.004,0.003,-33.4654,3.495,4.614,10.719*55
$GNGST,090116.20,0.009,0.004,0.003,-35.7319,3.495,4.614,10.719*5F
$GNGST,090116.30,0.009,0.004,0.003,-35.4545,3.495,4.614,10.719*52
$GNGST,090116.40,0.009,0.004,0.003,-33.9379,3.495,4.614,10.719*57
$GNGST,090116.50,0.009,0.004,0.003,-33.1754,3.495,4.614,10.719*55
$GNGST,090116.60,0.009,0.004,0.003,-36.2136,3.495,4.614,10.719*52
$GNGST,090116.70,0.009,0.004,0.003,-33.1492,3.495,4.614,10.719*5E
$GNGST,090116.80,0.009,0.004,0.003,-34.7165,3.495,4.614,10.719*5D
$GNGST,090116.90,0.009,0.004,0.003,-34.7166,3.495,4.614,10.719*5F
$GNGST,090117.00,0.009,0.004,0.003,-32.4405,3.495,4.614,10.719*52
$GNGST,090117.10,0.009,0.004,0.003,-34.6657,3.495,4.614,10.719*52
$GNGST,090117.20,0.009,0.004,0.003,-35.2819,3.495,4.614,10.719*50
$GNGST,090117.30,0.009,0.004,0.003,-35.2398,3.495,4.614,10.719*53
$GNGST,090117.40,0.009,0.004,0.003,-35.0005,3.495,4.614,10.719*51
$GNGST,090117.50,0.009,0.004,0.003,-36.7151,3.495,4.614,10.719*54
$GNGST,090117.60,0.009,0.004,0.003,-32.4404,3.495,4.614,10.719*55
$GNGST,090117.70,0.009,0.004,0.003,-32.5309,3.495,4.614,10.719*5F
$GNGST,090117.80,0.009,0.004,0.003,-33.9956,3.495,4.614,10.719*5D
$GNGST,090117.90,0.009,0.004,0.003,-33.1813,3.495,4.614,10.719*54
$GNGST,090118.00,0.009,0.004,0.003,-33.1814,3.495,4.614,10.719*55
$GNGST,090118.10,0.009,0.004,0.003,-33.9959,3.495,4.614,10.719*54
$GNGST,090118.20,0.009,0.004,0.003,-36.6622,3.495,4.614,10.719*5E
$GNGST,090118.30,0.009,0.004,0.003,-34.2412,3.495,4.614,10.719*58
$GNGST,090118.40,0.009,0.004,0.003,-33.9962,3.495,4.614,10.719*59
$GNGST,090118.50,0.009,0.004,0.003,-36.0890,3.495,4.614,10.719*58
$GNGST,090118.60,0.009,0.004,0.003,-33.9964,3.495,4.614,10.719*5D
$GNGST,090118.70,0.009,0.004,0.003,-33.9965,3.495,4.614,10.719*5D
$GNGST,090118.80,0.009,0.004,0.003,-37.0718,3.495,4.614,10.719*5B
$GNGST,090118.90,0.009,0.004,0.003,-38.5397,3.495,4.614,10.719*53
$GNGST,090119.00,0.009,0.004,0.003,-39.0105,3.495,4.614,10.719*56
$GNGST,090119.10,0.009,0.004,0.003,-37.0352,3.495,4.614,10.719*59
$GNGST,090119.20,0.009,0.004,0.003,-38.2781,3.495,4.614,10.719*5D
$GNGST,090119.30,0.009,0.004,0.003,-38.5400,3.495,4.614,10.719*51
$GNGST,090119.40,0.009,0.004,0.003,-41.1002,3.495,4.614,10.719*5A
$GNGST,090119.50,0.009,0.004,0.003,-38.5359,3.495,4.614,10.719*5C
$GNGST,090119.60,0.009,0.004,0.003,-38.5435,3.495,4.614,10.719*52
$GNGST,090119.70,0.009,0.004,0.003,-36.7405,3.495,4.614,10.719*5C
$GNGST,090119.80,0.009,0.004,0.003,-36.1713,3.495,4.614,10.719*51
$GNGST,090119.90,0.009,0.004,0.003,-37.0723,3.495,4.614,10.719*53
$GNGST,090120.00,0.009,0.004,0.003,-36.7164,3.495,4.614,10.719*53
$GNGST,090120.10,0.009,0.004,0.003,-36.9742,3.495,4.614,10.719*5E
$GNGST,090120.20,0.009,0.004,0.003,-36.4912,3.495,4.614,10.719*5B
$GNGST,090120.30,0.009,0.004,0.003,-38.6284,3.495,4.614,10.719*52
$GNGST,090120.40,0.009,0.004,0.003,-38.6286,3.495,4.614,10.719*57
$GNGST,090120.50,0.009,0.004,0.003,-38.6287,3.495,4.614,10.719*57
$GNGST,090120.60,0.009,0.004,0.003,-38.3298,3.495,4.614,10.719*5F
$GNGST,090120.70,0.009,0.004,0.003,-38.6290,3.495,4.614,10.719*53
$GNGST,090120.80,0.009,0.004,0.003,-38.9433,3.495,4.614,10.719*5C
$GNGST,090120.90,0.009,0.004,0.003,-36.2425,3.495,4.614,10.719*5F
$GNGST,090121.00,0.009,0.004,0.003,-36.2426,3.495,4.614,10.719*54
$GNGST,090121.10,0.009,0.004,0.003,-36.6600,3.495,4.614,10.719*57
$GNGST,090121.20,0.009,0.004,0.004,-29.1398,3.495,4.614,10.719*5E
$GNGST,090121.30,0.009,0.004,0.003,-36.7890,3.495,4.614,10.719*53
$GNGST,090121.40,0.009,0.004,0.003,-38.3242,3.495,4.614,10.719*5B
$GNGST,090121.50,0.009,0.004,0.003,-27.0334,3.495,4.614,10.719*57
$GNGST,090121.60,0.009,0.004,0.003,-26.5159,3.495,4.614,10.719*59
$GNGST,090121.70,0.009,0.004,0.003,-28.8694,3.495,4.614,10.719*5D
$GNGST,090121.80,0.009,0.004,0.003,-26.3885,3.495,4.614,10.719*59
$GNGST,090121.90,0.009,0.004,0.003,-28.4952,3.495,4.614,10.719*5A
$GNGST,090122.00,0.009,0.004,0.003,-28.6404,3.495,4.614,10.719*5C
$GNGST,090122.10,0.009,0.004,0.003,-28.4155,3.495,4.614,10.719*5E
$GNGST,090122.20,0.009,0.004,0.003,-28.4954,3.495,4.614,10.719*54
$GNGST,090122.30,0.009,0.004,0.003,-29.0134,3.495,4.614,10.719*5E
$GNGST,090122.40,0.009,0.004,0.003,-27.8987,3.495,4.614,10.719*5F
$GNGST,090122.50,0.009,0.004,0.003,-26.9994,3.495,4.614,10.719*5C
$GNGST,090122.60,0.009,0.004,0.003,-29.0136,3.495,4.614,10.719*59
$GNGST,090122.70,0.009,0.004,0.003,-28.8701,3.495,4.614,10.719*53
$GNGST,090122.80,0.009,0.004,0.003,-28.6827,3.495,4.614,10.719*59
$GNGST,090122.90,0.009,0.004,0.003,-28.9953,3.495,4.614,10.719*55
$GNGST,090123.00,0.009,0.004,0.003,-28.9954,3.495,4.614,10.719*5A
$GNGST,090123.10,0.009,0.004,0.003,-29.1865,3.495,4.614,10.719*51
$GNGST,090123.20,0.009,0.004,0.003,-27.4517,3.495,4.614,10.719*51
$GNGST,090123.30,0.009,0.004,0.003,-29.5210,3.495,4.614,10.719*5F
$GNGST,090123.40,0.009,0.004,0.003,-29.5210,3.495,4.614,10.719*58
$GNGST,090123.50,0.009,0.004,0.003,-29.5348,3.495,4.614,10.719*55
$GNGST,090123.60,0.009,0.004,0.003,-28.9065,3.495,4.614,10.719*57
$GNGST,090123.70,0.009,0.004,0.003,-31.5221,3.495,4.614,10.719*50
$GNGST,090123.80,0.009,0.004,0.003,-30.6396,3.495,4.614,10.719*50
$GNGST,090123.90,0.009,0.004,0.003,-30.6417,3.495,4.614,10.719*5F
$GNGST,090124.00,0.009,0.004,0.003,-31.1598,3.495,4.614,10.719*51
$GNGST,090124.10,0.009,0.004,0.003,-31.1599,3.495,4.614,10.719*51
$GNGST,090124.20,0.009,0.004,0.003,-31.1600,3.495,4.614,10.719*51
$GNGST,090124.30,0.009,0.004,0.003,-31.1600,3.495,4.614,10.719*50
$GNGST,090124.40,0.009,0.004,0.003,-31.5373,3.495,4.614,10.719*52
$GNGST,090124.50,0.009,0.004,0.003,-33.4750,3.495,4.614,10.719*55
$GNGST,090124.60,0.009,0.004,0.003,-33.9113,3.495,4.614,10.719*5A
$GNGST,090124.70,0.009,0.004,0.003,-33.9708,3.495,4.614,10.719*57
$GNGST,090124.80,0.009,0.004,0.003,-33.9709,3.495,4.614,10.719*59
$GNGST,090124.90,0.009,0.004,0.003,-33.9710,3.495,4.614,10.719*50
$GNGST,090125.00,0.009,0.004,0.003,-33.9712,3.495,4.614,10.719*5A
$GNGST,090125.10,0.009,0.004,0.003,-33.9713,3.495,4.614,10.719*5A
$GNGST,090125.20,0.009,0.004,0.003,-33.9714,3.495,4.614,10.719*5E
$GNGST,090125.30,0.009,0.004,0.003,-33.9715,3.495,4.614,10.719*5E
$GNGST,090125.40,0.009,0.004,0.003,-34.6172,3.495,4.614,10.719*56
$GNGST,090125.50,0.009,0.004,0.003,-35.1545,3.495,4.614,10.719*51
$GNGST,090125.60,0.009,0.004,0.003,-35.4794,3.495,4.614,10.719*59
$GNGST,090125.70,0.009,0.004,0.003,-35.3676,3.495,4.614,10.719*52
$GNGST,090125.80,0.009,0.004,0.003,-34.1318,3.495,4.614,10.719*53
$GNGST,090125.90,0.009,0.004,0.003,-35.3678,3.495,4.614,10.719*52
$GNGST,090126.00,0.009,0.004,0.003,-35.3679,3.495,4.614,10.719*59
$GNGST,090126.10,0.009,0.004,0.003,-36.9557,3.495,4.614,10.719*5E
$GNGST,090126.20,0.009,0.004,0.003,-37.2571,3.495,4.614,10.719*53
$GNGST,090126.30,0.009,0.004,0.003,-37.1196,3.495,4.614,10.719*5C
$GNGST,090126.40,0.009,0.004,0.003,-37.0573,3.495,4.614,10.719*55
$GNGST,090126.50,0.009,0.004,0.003,-37.1197,3.495,4.614,10.719*5B
$GNGST,090126.60,0.009,0.004,0.003,-37.1198,3.495,4.614,10.719*57
$GNGST,090126.70,0.009,0.004,0.003,-37.0573,3.495,4.614,10.719*56
$GNGST,090126.80,0.009,0.004,0.003,-37.4848,3.495,4.614,10.719*58
$GNGST,090126.90,0.009,0.004,0.003,-37.4215,3.495,4.614,10.719*5B
$GNGST,090127.00,0.009,0.004,0.003,-37.5610,3.495,4.614,10.719*53
$GNGST,090127.10,0.009,0.004,0.003,-37.1772,3.495,4.614,10.719*53
$GNGST,090127.20,0.009,0.004,0.003,-37.6165,3.495,4.614,10.719*57
$GNGST,090127.30,0.009,0.004,0.003,-36.7212,3.495,4.614,10.719*55
$GNGST,090127.40,0.009,0.004,0.003,-37.6016,3.495,4.614,10.719*54
$GNGST,090127.50,0.009,0.004,0.003,-34.0573,3.495,4.614,10.719*56
$GNGST,090127.60,0.009,0.004,0.004,-25.9089,3.495,4.614,10.719*5B
$GNGST,090127.70,0.009,0.004,0.003,-33.9286,3.495,4.614,10.719*57
$GNGST,090127.80,0.009,0.004,0.003,-34.0576,3.495,4.614,10.719*5E
$GNGST,090127.90,0.009,0.004,0.003,-34.0577,3.495,4.614,10.719*5E
$GNGST,090128.00,0.009,0.004,0.003,-36.4609,3.495,4.614,10.719*54
$GNGST,090128.10,0.009,0.004,0.003,-35.0047,3.495,4.614,10.719*5E
$GNGST,090128.20,0.009,0.004,0.003,-36.2706,3.495,4.614,10.719*5E
$GNGST,090128.30,0.009,0.004,0.003,-36.4613,3.495,4.614,10.719*5C
$GNGST,090128.40,0.009,0.004,0.003,-35.0050,3.495,4.614,10.719*5D
$GNGST,090128.50,0.009,0.004,0.003,-32.6842,3.495,4.614,10.719*56
$GNGST,090128.60,0.009,0.004,0.003,-32.9318,3.495,4.614,10.719*5E
$GNGST,090128.70,0.009,0.004,0.003,-34.3622,3.495,4.614,10.719*5F
$GNGST,090128.80,0.009,0.004,0.003,-33.6350,3.495,4.614,10.719*52
$GNGST,090128.90,0.009,0.004,0.003,-33.4015,3.495,4.614,10.719*53
$GNGST,090129.00,0.009,0.004,0.003,-33.3076,3.495,4.614,10.719*59
$GNGST,090129.10,0.009,0.004,0.003,-35.1609,3.495,4.614,10.719*52
$GNGST,090129.20,0.009,0.004,0.003,-33.6353,3.495,4.614,10.719*5A
$GNGST,090129.30,0.009,0.004,0.003,-35.2606,3.495,4.614,10.719*5C
$GNGST,090129.40,0.009,0.004,0.003,-35.2607,3.495,4.614,10.719*5A
$GNGST,090129.50,0.009,0.004,0.003,-34.3017,3.495,4.614,10.719*5C
$GNGST,090129.60,0.009,0.004,0.003,-34.3018,3.495,4.614,10.719*50
$GNGST,090129.70,0.009,0.004,0.003,-30.0119,3.495,4.614,10.719*56
$GNGST,090129.80,0.009,0.004,0.003,-34.2662,3.495,4.614,10.719*54
$GNGST,090129.90,0.009,0.004,0.003,-33.2191,3.495,4.614,10.719*59
$GNGST,090130.00,0.009,0.004,0.003,-33.2192,3.495,4.614,10.719*5B
$GNGST,090130.10,0.009,0.004,0.003,-34.3171,3.495,4.614,10.719*51
$GNGST,090130.20,0.009,0.004,0.003,-34.3172,3.495,4.614,10.719*51
$GNGST,090130.30,0.009,0.004,0.003,-35.0207,3.495,4.614,10.719*53
$GNGST,090130.40,0.009,0.004,0.003,-33.2195,3.495,4.614,10.719*58
$GNGST,090130.50,0.009,0.004,0.003,-34.1381,3.495,4.614,10.719*5A
$GNGST,090130.60,0.009,0.004,0.003,-32.9604,3.495,4.614,10.719*5F
$GNGST,090130.70,0.009,0.004,0.003,-34.7629,3.495,4.614,10.719*59
$GNGST,090130.80,0.009,0.004,0.003,-34.2677,3.495,4.614,10.719*58
$GNGST,090130.90,0.009,0.004,0.003,-34.2678,3.495,4.614,10.719*56
$GNGST,090131.00,0.009,0.004,0.003,-34.2679,3.495,4.614,10.719*5F
$GNGST,090131.10,0.009,0.004,0.003,-34.5888,3.495,4.614,10.719*59
$GNGST,090131.20,0.009,0.004,0.003,-35.0765,3.495,4.614,10.719*52
$GNGST,090131.30,0.009,0.004,0.003,-36.3415,3.495,4.614,10.719*57
$GNGST,090131.40,0.009,0.004,0.003,-35.0869,3.495,4.614,10.719*57
$GNGST,090131.50,0.009,0.004,0.003,-35.0870,3.495,4.614,10.719*5E
$GNGST,090131.60,0.009,0.004,0.003,-27.5619,3.495,4.614,10.719*5A
$GNGST,090131.70,0.009,0.004,0.003,-35.1811,3.495,4.614,10.719*5A
$GNGST,090131.80,0.009,0.004,0.003,-32.5535,3.495,4.614,10.719*5D
$GNGST,090131.90,0.009,0.004,0.003,-34.5236,3.495,4.614,10.719*5E
$GNGST,090132.00,0.009,0.004,0.003,-35.7814,3.495,4.614,10.719*5D
$GNGST,090132.10,0.009,0.004,0.003,-32.6144,3.495,4.614,10.719*56
$GNGST,090132.20,0.009,0.004,0.003,-32.5392,3.495,4.614,10.719*5F
$GNGST,090132.30,0.009,0.004,0.003,-35.7817,3.495,4.614,10.719*5D
$GNGST,090132.40,0.009,0.004,0.003,-35.7819,3.495,4.614,10.719*54
$GNGST,090132.50,0.009,0.004,0.003,-35.7820,3.495,4.614,10.719*5F
$GNGST,090132.60,0.009,0.004,0.003,-35.7821,3.495,4.614,10.719*5D
$GNGST,090132.70,0.009,0.004,0.003,-32.0527,3.495,4.614,10.719*57
$GNGST,090132.80,0.009,0.004,0.003,-34.0953,3.495,4.614,10.719*51
$GNGST,090132.90,0.009,0.004,0.003,-32.2169,3.495,4.614,10.719*55
$GNGST,090133.00,0.009,0.004,0.003,-35.0040,3.495,4.614,10.719*52
$GNGST,090133.10,0.009,0.004,0.003,-35.0041,3.495,4.614,10.719*52
$GNGST,090133.20,0.009,0.004,0.003,-37.8624,3.495,4.614,10.719*5E
$GNGST,090133.30,0.009,0.004,0.003,-34.6091,3.495,4.614,10.719*5A
$GNGST,090133.40,0.009,0.004,0.003,-34.8453,3.495,4.614,10.719*59
$GNGST,090133.50,0.009,0.004,0.003,-34.8454,3.495,4.614,10.719*5F
$GNGST,090133.60,0.009,0.004,0.003,-31.8793,3.495,4.614,10.719*51
$GNGST,090133.70,0.009,0.004,0.003,-32.1243,3.495,4.614,10.719*52
$GNGST,090133.80,0.009,0.004,0.003,-31.8795,3.495,4.614,10.719*59
$GNGST,090133.90,0.009,0.004,0.003,-31.8796,3.495,4.614,10.719*5B
$GNGST,090134.00,0.009,0.004,0.003,-33.8989,3.495,4.614,10.719*57
$GNGST,090134.10,0.009,0.004,0.003,-32.4193,3.495,4.614,10.719*58
$GNGST,090134.20,0.009,0.004,0.003,-32.4194,3.495,4.614,10.719*5C
$GNGST,090134.30,0.009,0.004,0.003,-34.5362,3.495,4.614,10.719*51
$GNGST,090134.40,0.009,0.004,0.003,-33.7351,3.495,4.614,10.719*53
$GNGST,090134.50,0.009,0.004,0.003,-33.8823,3.495,4.614,10.719*53
$GNGST,090134.60,0.009,0.004,0.003,-34.5365,3.495,4.614,10.719*53
$GNGST,090134.70,0.009,0.004,0.003,-32.8882,3.495,4.614,10.719*5B
$GNGST,090134.80,0.009,0.004,0.003,-33.0308,3.495,4.614,10.719*54
$GNGST,090134.90,0.009,0.004,0.003,-33.0309,3.495,4.614,10.719*54
$GNGST,090135.00,0.009,0.004,0.003,-35.1632,3.495,4.614,10.719*56
$GNGST,090135.10,0.009,0.004,0.003,-33.0310,3.495,4.614,10.719*55
$GNGST,090135.20,0.009,0.004,0.003,-33.0311,3.495,4.614,10.719*57
$GNGST,090135.30,0.009,0.004,0.003,-33.1307,3.495,4.614,10.719*50
$GNGST,090135.40,0.009,0.004,0.003,-33.5740,3.495,4.614,10.719*54
$GNGST,090135.50,0.009,0.004,0.003,-35.8132,3.495,4.614,10.719*5D
$GNGST,090135.60,0.009,0.004,0.003,-33.5742,3.495,4.614,10.719*54
$GNGST,090135.70,0.009,0.004,0.003,-33.5743,3.495,4.614,10.719*54
$GNGST,090135.80,0.009,0.004,0.003,-33.2121,3.495,4.614,10.719*5E
$GNGST,090135.90,0.009,0.004,0.003,-32.6576,3.495,4.614,10.719*5C
$GNGST,090136.00,0.009,0.004,0.003,-33.8537,3.495,4.614,10.719*5C
$GNGST,090136.10,0.009,0.004,0.003,-33.0653,3.495,4.614,10.719*54
$GNGST,090136.20,0.009,0.004,0.003,-35.1574,3.495,4.614,10.719*56
$GNGST,090136.30,0.009,0.004,0.003,-32.5724,3.495,4.614,10.719*53
$GNGST,090136.40,0.009,0.004,0.003,-32.5725,3.495,4.614,10.719*55
$GNGST,090136.50,0.009,0.004,0.003,-35.2485,3.495,4.614,10.719*5D
$GNGST,090136.60,0.009,0.004,0.003,-32.3648,3.495,4.614,10.719*5B
$GNGST,090136.70,0.009,0.004,0.003,-32.2158,3.495,4.614,10.719*5D
$GNGST,090136.80,0.009,0.004,0.003,-32.3650,3.495,4.614,10.719*5C
$GNGST,090136.90,0.009,0.004,0.003,-32.8383,3.495,4.614,10.719*5D
$GNGST,090137.00,0.009,0.004,0.003,-32.8384,3.495,4.614,10.719*52
$GNGST,090137.10,0.009,0.004,0.003,-32.8385,3.495,4.614,10.719*52
$GNGST,090137.20,0.009,0.004,0.003,-32.8385,3.495,4.614,10.719*51
$GNGST,090137.30,0.009,0.004,0.003,-32.3654,3.495,4.614,10.719*52
$GNGST,090137.40,0.009,0.004,0.003,-32.8387,3.495,4.614,10.719*55
$GNGST,090137.50,0.009,0.004,0.003,-36.6956,3.495,4.614,10.719*58
$GNGST,090137.60,0.009,0.004,0.003,-34.8678,3.495,4.614,10.719*54
$GNGST,090137.70,0.009,0.004,0.003,-32.7646,3.495,4.614,10.719*51
$GNGST,090137.80,0.009,0.004,0.003,-32.5054,3.495,4.614,10.719*59
$GNGST,090137.90,0.009,0.004,0.003,-31.1714,3.495,4.614,10.719*5C
$GNGST,090138.00,0.009,0.004,0.003,-32.6236,3.495,4.614,10.719*5B
$GNGST,090138.10,0.009,0.004,0.003,-32.8830,3.495,4.614,10.719*58
$GNGST,090138.20,0.009,0.004,0.003,-32.6237,3.495,4.614,10.719*58
$GNGST,090138.30,0.009,0.004,0.003,-32.8404,3.495,4.614,10.719*51
$GNGST,090138.40,0.009,0.004,0.003,-33.9605,3.495,4.614,10.719*55
$GNGST,090138.50,0.009,0.004,0.003,-37.1460,3.495,4.614,10.719*59
$GNGST,090138.60,0.009,0.004,0.003,-34.9950,3.495,4.614,10.719*5F
$GNGST,090138.70,0.009,0.004,0.003,-37.1462,3.495,4.614,10.719*59
$GNGST,090138.80,0.009,0.004,0.003,-32.1201,3.495,4.614,10.719*50
$GNGST,090138.90,0.009,0.004,0.003,-34.0869,3.495,4.614,10.719*52
$GNGST,090139.00,0.009,0.004,0.003,-32.1203,3.495,4.614,10.719*5B
$GNGST,090139.10,0.009,0.004,0.003,-32.1203,3.495,4.614,10.719*5A
$GNGST,090139.20,0.009,0.004,0.003,-35.8206,3.495,4.614,10.719*52
$GNGST,090139.30,0.009,0.004,0.003,-32.1205,3.495,4.614,10.719*5E
$GNGST,090139.40,0.009,0.004,0.003,-35.8208,3.495,4.614,10.719*5A
$GNGST,090139.50,0.009,0.004,0.003,-35.8209,3.495,4.614,10.719*5A
$GNGST,090139.60,0.009,0.004,0.003,-35.8210,3.495,4.614,10.719*51
$GNGST,090139.70,0.009,0.004,0.003,-35.6582,3.495,4.614,10.719*52
$GNGST,090139.80,0.009,0.004,0.003,-33.3989,3.495,4.614,10.719*59
$GNGST,090139.90,0.009,0.004,0.003,-34.6001,3.495,4.614,10.719*53
$GNGST,090140.00,0.009,0.004,0.003,-35.3973,3.495,4.614,10.719*5C
$GNGST,090140.10,0.009,0.004,0.003,-36.8587,3.495,4.614,10.719*52
$GNGST,090140.20,0.009,0.004,0.003,-33.6578,3.495,4.614,10.719*5A
$GNGST,090140.30,0.009,0.004,0.003,-33.5267,3.495,4.614,10.719*51
$GNGST,090140.40,0.009,0.004,0.003,-33.5267,3.495,4.614,10.719*56
$GNGST,090140.50,0.009,0.004,0.003,-35.6655,3.495,4.614,10.719*57
$GNGST,090140.60,0.009,0.004,0.003,-33.5268,3.495,4.614,10.719*5B
$GNGST,090140.70,0.009,0.004,0.003,-34.7218,3.495,4.614,10.719*58
$GNGST,090140.80,0.009,0.004,0.003,-35.2308,3.495,4.614,10.719*53
$GNGST,090140.90,0.009,0.004,0.003,-32.9670,3.495,4.614,10.719*54
$GNGST,090141.00,0.009,0.004,0.003,-33.5394,3.495,4.614,10.719*5E
$GNGST,090141.10,0.009,0.004,0.003,-25.1551,3.495,4.614,10.719*53
$GNGST,090141.20,0.009,0.004,0.003,-33.1005,3.495,4.614,10.719*53
$GNGST,090141.30,0.009,0.004,0.003,-34.5574,3.495,4.614,10.719*52
$GNGST,090141.40,0.009,0.004,0.003,-35.1028,3.495,4.614,10.719*5C
$GNGST,090141.50,0.009,0.004,0.003,-35.0570,3.495,4.614,10.719*54
$GNGST,090141.60,0.009,0.004,0.003,-34.6817,3.495,4.614,10.719*5C
$GNGST,090141.70,0.009,0.004,0.003,-35.4996,3.495,4.614,10.719*56
$GNGST,090141.80,0.009,0.004,0.003,-33.6059,3.495,4.614,10.719*57
$GNGST,090141.90,0.009,0.004,0.003,-35.0573,3.495,4.614,10.719*5B
$GNGST,090142.00,0.009,0.004,0.003,-34.7555,3.495,4.614,10.719*53
$GNGST,090142.10,0.009,0.004,0.003,-33.6062,3.495,4.614,10.719*55
$GNGST,090142.20,0.009,0.004,0.003,-43.2960,3.495,4.614,10.719*5E
$GNGST,090142.30,0.009,0.004,0.003,-27.4126,3.495,4.614,10.719*51
$GNGST,090142.40,0.009,0.004,0.004,-37.9533,3.495,4.614,10.719*5D
$GNGST,090142.50,0.009,0.004,0.004,-7.8576,3.495,4.614,10.719*6F
$GNGST,090142.60,0.009,0.004,0.003,-31.6920,3.495,4.614,10.719*5F
$GNGST,090142.70,0.009,0.004,0.003,-27.5787,3.495,4.614,10.719*59
$GNGST,090142.80,0.009,0.004,0.003,-32.0869,3.495,4.614,10.719*58
$GNGST,090142.90,0.009,0.004,0.003,-32.0869,3.495,4.614,10.719*59
$GNGST,090143.00,0.009,0.004,0.003,-32.0870,3.495,4.614,10.719*59
$GNGST,090143.10,0.009,0.004,0.003,-32.0091,3.495,4.614,10.719*5F
$GNGST,090143.20,0.009,0.004,0.003,-27.5795,3.495,4.614,10.719*5E
$GNGST,090143.30,0.009,0.004,0.003,-27.5797,3.495,4.614,10.719*5D
$GNGST,090143.40,0.009,0.004,0.003,-27.5798,3.495,4.614,10.719*55
$GNGST,090143.50,0.009,0.004,0.003,-27.5800,3.495,4.614,10.719*5A
$GNGST,090143.60,0.009,0.004,0.003,-24.9836,3.495,4.614,10.719*53
$GNGST,090143.70,0.009,0.004,0.003,-28.5989,3.495,4.614,10.719*57
$GNGST,090143.80,0.009,0.004,0.003,-24.9839,3.495,4.614,10.719*52
$GNGST,090143.90,0.009,0.004,0.003,-24.9840,3.495,4.614,10.719*5D
$GNGST,090144.00,0.009,0.004,0.003,-28.7776,3.495,4.614,10.719*5B
$GNGST,090144.10,0.009,0.004,0.003,-24.9840,3.495,4.614,10.719*52
$GNGST,090144.20,0.010,0.004,0.004,-26.3879,3.495,4.614,10.719*5C
$GNGST,090144.30,0.010,0.004,0.004,-18.8588,3.495,4.614,10.719*58
$GNGST,090144.40,0.009,0.004,0.004,-8.7452,3.495,4.614,10.719*6F
$GNGST,090144.50,0.009,0.004,0.004,-30.2655,3.495,4.614,10.719*55
$GNGST,090144.60,0.010,0.004,0.004,-22.1874,3.495,4.614,10.719*53
$GNGST,090144.70,0.010,0.004,0.004,-22.1872,3.495,4.614,10.719*54
$GNGST,090144.80,0.009,0.004,0.003,-28.7244,3.495,4.614,10.719*57
$GNGST,090144.90,0.009,0.004,0.003,-33.2567,3.495,4.614,10.719*5F
$GNGST,090145.00,0.009,0.004,0.003,-28.7247,3.495,4.614,10.719*5D
$GNGST,090145.10,0.009,0.004,0.003,-32.6570,3.495,4.614,10.719*55
$GNGST,090145.20,0.009,0.004,0.003,-28.7249,3.495,4.614,10.719*51
$GNGST,090145.30,0.009,0.004,0.003,-35.0341,3.495,4.614,10.719*52
$GNGST,090145.40,0.009,0.004,0.003,-34.5383,3.495,4.614,10.719*5F
$GNGST,090145.50,0.009,0.004,0.003,-35.0342,3.495,4.614,10.719*57
$GNGST,090145.60,0.009,0.004,0.003,-35.0422,3.495,4.614,10.719*55
$GNGST,090145.70,0.009,0.004,0.003,-33.9521,3.495,4.614,10.719*59
$GNGST,090145.80,0.009,0.004,0.003,-36.4788,3.495,4.614,10.719*5F
$GNGST,090145.90,0.009,0.004,0.003,-36.4789,3.495,4.614,10.719*5F
$GNGST,090146.00,0.009,0.004,0.003,-36.0318,3.495,4.614,10.719*5D
$GNGST,090146.10,0.009,0.004,0.003,-36.6154,3.495,4.614,10.719*50
$GNGST,090146.20,0.009,0.004,0.003,-36.8041,3.495,4.614,10.719*58
$GNGST,090146.30,0.009,0.004,0.003,-36.0842,3.495,4.614,10.719*5A
$GNGST,090146.40,0.009,0.004,0.003,-36.5059,3.495,4.614,10.719*5A
$GNGST,090146.50,0.009,0.004,0.003,-36.5060,3.495,4.614,10.719*51
$GNGST,090146.60,0.009,0.004,0.003,-37.4391,3.495,4.614,10.719*5F
$GNGST,090146.70,0.009,0.004,0.003,-37.0036,3.495,4.614,10.719*54
$GNGST,090146.80,0.009,0.004,0.003,-37.0037,3.495,4.614,10.719*5A
$GNGST,090146.90,0.009,0.004,0.003,-39.0109,3.495,4.614,10.719*59
$GNGST,090147.00,0.009,0.004,0.003,-39.2991,3.495,4.614,10.719*5A
$GNGST,090147.10,0.009,0.004,0.003,-38.8354,3.495,4.614,10.719*53
$GNGST,090147.20,0.009,0.004,0.003,-39.8993,3.495,4.614,10.719*50
$GNGST,090147.30,0.009,0.004,0.003,-40.0432,3.495,4.614,10.719*51
$GNGST,090147.40,0.009,0.004,0.003,-39.5497,3.495,4.614,10.719*52
$GNGST,090147.50,0.009,0.004,0.003,-39.3860,3.495,4.614,10.719*51
$GNGST,090147.60,0.009,0.004,0.003,-40.4471,3.495,4.614,10.719*57
$GNGST,090147.70,0.009,0.004,0.003,-39.7305,3.495,4.614,10.719*5F
$GNGST,090147.80,0.009,0.004,0.003,-39.3708,3.495,4.614,10.719*5D
$GNGST,090147.90,0.009,0.004,0.003,-40.0342,3.495,4.614,10.719*5B
$GNGST,090148.00,0.009,0.004,0.003,-40.1451,3.495,4.614,10.719*59
$GNGST,090148.10,0.009,0.004,0.003,-41.2450,3.495,4.614,10.719*5B
$GNGST,090148.20,0.009,0.004,0.003,-41.7579,3.495,4.614,10.719*57
$GNGST,090148.30,0.009,0.004,0.003,-41.6219,3.495,4.614,10.719*56
$GNGST,090148.40,0.009,0.004,0.003,-40.1169,3.495,4.614,10.719*53
$GNGST,090148.50,0.009,0.004,0.003,-40.1861,3.495,4.614,10.719*53
$GNGST,090148.60,0.009,0.004,0.003,-40.5612,3.495,4.614,10.719*5E
$GNGST,090148.70,0.009,0.004,0.003,-40.5614,3.495,4.614,10.719*59
$GNGST,090148.80,0.009,0.004,0.003,-40.6577,3.495,4.614,10.719*53
$GNGST,090148.90,0.009,0.004,0.003,-40.7425,3.495,4.614,10.719*55
$GNGST,090149.00,0.009,0.004,0.003,-41.0627,3.495,4.614,10.719*5B
$GNGST,090149.10,0.009,0.004,0.003,-41.9217,3.495,4.614,10.719*54
$GNGST,090149.20,0.009,0.004,0.003,-40.8010,3.495,4.614,10.719*52
$GNGST,090149.30,0.009,0.004,0.003,-41.0631,3.495,4.614,10.719*5F
$GNGST,090149.40,0.009,0.004,0.003,-40.3155,3.495,4.614,10.719*5F
$GNGST,090149.50,0.009,0.004,0.003,-40.4326,3.495,4.614,10.719*5F
$GNGST,090149.60,0.009,0.004,0.003,-41.2034,3.495,4.614,10.719*5B
$GNGST,090149.70,0.009,0.004,0.003,-40.9249,3.495,4.614,10.719*58
$GNGST,090149.80,0.009,0.004,0.004,-42.9067,3.495,4.614,10.719*5C
$GNGST,090149.90,0.009,0.004,0.004,-42.9068,3.495,4.614,10.719*52
$GNGST,090150.00,0.009,0.004,0.004,-43.9328,3.495,4.614,10.719*55
$GNGST,090150.10,0.009,0.004,0.004,-43.5129,3.495,4.614,10.719*5B
$GNGST,090150.20,0.009,0.004,0.004,-42.9071,3.495,4.614,10.719*59
$GNGST,090150.30,0.009,0.004,0.004,-42.9600,3.495,4.614,10.719*58
$GNGST,090150.40,0.009,0.004,0.004,-42.9073,3.495,4.614,10.719*5D
$GNGST,090150.50,0.009,0.004,0.003,-42.1311,3.495,4.614,10.719*54
$GNGST,090150.60,0.009,0.004,0.003,-41.9864,3.495,4.614,10.719*55
$GNGST,090150.70,0.009,0.004,0.003,-42.2088,3.495,4.614,10.719*56
$GNGST,090150.80,0.009,0.004,0.003,-41.9866,3.495,4.614,10.719*59
$GNGST,090150.90,0.009,0.004,0.003,-42.2090,3.495,4.614,10.719*51
$GNGST,090151.00,0.009,0.004,0.003,-42.3488,3.495,4.614,10.719*55
$GNGST,090151.10,0.009,0.004,0.003,-42.2092,3.495,4.614,10.719*5A
$GNGST,090151.20,0.009,0.004,0.003,-42.2093,3.495,4.614,10.719*58
$GNGST,090151.30,0.009,0.004,0.003,-42.2094,3.495,4.614,10.719*5E
$GNGST,090151.40,0.009,0.004,0.003,-42.3492,3.495,4.614,10.719*5A
$GNGST,090151.50,0.009,0.004,0.003,-41.9833,3.495,4.614,10.719*55
$GNGST,090151.60,0.009,0.004,0.003,-40.1457,3.495,4.614,10.719*51
$GNGST,090151.70,0.009,0.004,0.003,-40.2221,3.495,4.614,10.719*54
$GNGST,090151.80,0.009,0.004,0.003,-41.9932,3.495,4.614,10.719*58
$GNGST,090151.90,0.009,0.004,0.003,-42.0623,3.495,4.614,10.719*5C
$GNGST,090152.00,0.009,0.004,0.003,-40.4431,3.495,4.614,10.719*51
$GNGST,090152.10,0.009,0.004,0.003,-40.5229,3.495,4.614,10.719*5E
$GNGST,090152.20,0.009,0.004,0.003,-40.5230,3.495,4.614,10.719*55
$GNGST,090152.30,0.009,0.004,0.003,-40.3846,3.495,4.614,10.719*59
$GNGST,090152.40,0.009,0.004,0.003,-40.3847,3.495,4.614,10.719*5F
$GNGST,090152.50,0.009,0.004,0.003,-40.5232,3.495,4.614,10.719*50
$GNGST,090152.60,0.009,0.004,0.003,-40.4374,3.495,4.614,10.719*51
$GNGST,090152.70,0.009,0.004,0.003,-40.4375,3.495,4.614,10.719*51
$GNGST,090152.80,0.009,0.004,0.003,-40.4922,3.495,4.614,10.719*56
$GNGST,090152.90,0.009,0.004,0.003,-40.4923,3.495,4.614,10.719*56
$GNGST,090153.00,0.009,0.004,0.003,-40.7376,3.495,4.614,10.719*57
$GNGST,090153.10,0.009,0.004,0.003,-40.3568,3.495,4.614,10.719*5B
$GNGST,090153.20,0.009,0.004,0.003,-40.3569,3.495,4.614,10.719*59
$GNGST,090153.30,0.009,0.004,0.003,-40.3570,3.495,4.614,10.719*50
$GNGST,090153.40,0.009,0.004,0.003,-40.3571,3.495,4.614,10.719*56
$GNGST,090153.50,0.009,0.004,0.003,-40.5995,3.495,4.614,10.719*57
$GNGST,090153.60,0.009,0.004,0.003,-40.5996,3.495,4.614,10.719*57
$GNGST,090153.70,0.009,0.004,0.003,-42.4055,3.495,4.614,10.719*53
$GNGST,090153.80,0.009,0.004,0.003,-40.7018,3.495,4.614,10.719*54
$GNGST,090153.90,0.009,0.004,0.003,-42.5032,3.495,4.614,10.719*5D
$GNGST,090154.00,0.009,0.004,0.003,-43.1345,3.495,4.614,10.719*55
$GNGST,090154.10,0.009,0.004,0.003,-40.8380,3.495,4.614,10.719*57
$GNGST,090154.20,0.009,0.004,0.003,-41.9459,3.495,4.614,10.719*57
$GNGST,090154.30,0.009,0.004,0.003,-42.1887,3.495,4.614,10.719*52
$GNGST,090154.40,0.009,0.004,0.003,-41.9461,3.495,4.614,10.719*5A
$GNGST,090154.50,0.009,0.004,0.003,-41.9462,3.495,4.614,10.719*58
$GNGST,090154.60,0.009,0.004,0.003,-41.9463,3.495,4.614,10.719*5A
$GNGST,090154.70,0.009,0.004,0.003,-41.9464,3.495,4.614,10.719*5C
$GNGST,090154.80,0.009,0.004,0.003,-41.9465,3.495,4.614,10.719*52
$GNGST,090154.90,0.009,0.004,0.003,-41.1978,3.495,4.614,10.719*5A
$GNGST,090155.00,0.009,0.004,0.003,-42.0366,3.495,4.614,10.719*55
$GNGST,090155.10,0.009,0.004,0.003,-41.6929,3.495,4.614,10.719*50
$GNGST,090155.20,0.009,0.004,0.003,-41.1982,3.495,4.614,10.719*55
$GNGST,090155.30,0.009,0.004,0.003,-42.0819,3.495,4.614,10.719*55
$GNGST,090155.40,0.009,0.004,0.003,-42.2664,3.495,4.614,10.719*54
$GNGST,090155.50,0.009,0.004,0.003,-42.2665,3.495,4.614,10.719*54
$GNGST,090155.60,0.009,0.004,0.003,-43.2644,3.495,4.614,10.719*55
$GNGST,090155.70,0.009,0.004,0.003,-43.2522,3.495,4.614,10.719*57
$GNGST,090155.80,0.009,0.004,0.003,-42.8098,3.495,4.614,10.719*57
$GNGST,090155.90,0.009,0.004,0.003,-43.8376,3.495,4.614,10.719*54
$GNGST,090156.00,0.009,0.004,0.003,-42.4212,3.495,4.614,10.719*50
$GNGST,090156.10,0.009,0.004,0.003,-41.4177,3.495,4.614,10.719*52
$GNGST,090156.20,0.009,0.004,0.003,-41.1644,3.495,4.614,10.719*53
$GNGST,090156.30,0.009,0.004,0.003,-41.8326,3.495,4.614,10.719*5A
$GNGST,090156.40,0.009,0.004,0.003,-41.5257,3.495,4.614,10.719*57
$GNGST,090156.50,0.009,0.004,0.003,-41.8328,3.495,4.614,10.719*52
$GNGST,090156.60,0.009,0.004,0.003,-42.8346,3.495,4.614,10.719*5A
$GNGST,090156.70,0.009,0.004,0.003,-41.4033,3.495,4.614,10.719*55
$GNGST,090156.80,0.009,0.004,0.003,-41.4034,3.495,4.614,10.719*5D
$GNGST,090156.90,0.009,0.004,0.003,-41.0084,3.495,4.614,10.719*53
$GNGST,090157.00,0.009,0.004,0.003,-41.2855,3.495,4.614,10.719*5D
$GNGST,090157.10,0.009,0.004,0.003,-41.2856,3.495,4.614,10.719*5F
$GNGST,090157.20,0.009,0.004,0.003,-41.2857,3.495,4.614,10.719*5D
$GNGST,090157.30,0.009,0.004,0.003,-41.2170,3.495,4.614,10.719*50
$GNGST,090157.40,0.009,0.004,0.003,-41.0089,3.495,4.614,10.719*52
$GNGST,090157.50,0.009,0.004,0.003,-41.3628,3.495,4.614,10.719*5D
$GNGST,090157.60,0.009,0.004,0.004,-41.4952,3.495,4.614,10.719*5C
$GNGST,090157.70,0.009,0.004,0.003,-42.5446,3.495,4.614,10.719*50
$GNGST,090157.80,0.009,0.004,0.003,-42.4809,3.495,4.614,10.719*59
$GNGST,090157.90,0.009,0.004,0.003,-42.7320,3.495,4.614,10.719*5B
$GNGST,090158.00,0.009,0.004,0.003,-42.7766,3.495,4.614,10.719*5B
$GNGST,090158.10,0.009,0.004,0.003,-42.1032,3.495,4.614,10.719*5A
$GNGST,090158.20,0.009,0.004,0.003,-42.5044,3.495,4.614,10.719*5C
$GNGST,090158.30,0.009,0.004,0.003,-42.7324,3.495,4.614,10.719*5A
$GNGST,090158.40,0.009,0.004,0.003,-42.7324,3.495,4.614,10.719*5D
$GNGST,090158.50,0.009,0.004,0.003,-43.0053,3.495,4.614,10.719*59
$GNGST,090158.60,0.009,0.004,0.003,-43.1383,3.495,4.614,10.719*55
$GNGST,090158.70,0.009,0.004,0.003,-43.0055,3.495,4.614,10.719*5D
$GNGST,090158.80,0.009,0.004,0.003,-39.0944,3.495,4.614,10.719*56
$GNGST,090158.90,0.009,0.004,0.003,-39.3607,3.495,4.614,10.719*5C
$GNGST,090159.00,0.009,0.004,0.003,-39.3608,3.495,4.614,10.719*5B
$GNGST,090159.10,0.009,0.004,0.003,-39.7791,3.495,4.614,10.719*5F
$GNGST,090159.20,0.009,0.004,0.003,-39.3575,3.495,4.614,10.719*50
$GNGST,090159.30,0.009,0.004,0.003,-39.6178,3.495,4.614,10.719*5D
$GNGST,090159.40,0.009,0.004,0.003,-39.3612,3.495,4.614,10.719*54
$GNGST,090159.50,0.009,0.004,0.003,-39.2202,3.495,4.614,10.719*51
$GNGST,090159.60,0.009,0.004,0.003,-40.3120,3.495,4.614,10.719*5E
$GNGST,090159.70,0.009,0.004,0.003,-39.8417,3.495,4.614,10.719*5B
$GNGST,090159.80,0.009,0.004,0.003,-40.3158,3.495,4.614,10.719*5F
$GNGST,090159.90,0.009,0.004,0.003,-40.9458,3.495,4.614,10.719*51
$GNGST,090200.00,0.009,0.004,0.003,-40.9730,3.495,4.614,10.719*5A
$GNGST,090200.10,0.009,0.004,0.003,-40.9731,3.495,4.614,10.719*5A
$GNGST,090200.20,0.009,0.004,0.003,-41.1923,3.495,4.614,10.719*5D
$GNGST,090200.30,0.009,0.004,0.003,-41.4516,3.495,4.614,10.719*53
$GNGST,090200.40,0.009,0.004,0.003,-40.3128,3.495,4.614,10.719*5B
$GNGST,090200.50,0.009,0.004,0.003,-41.4518,3.495,4.614,10.719*5B
$GNGST,090200.60,0.009,0.004,0.003,-40.5643,3.495,4.614,10.719*55
$GNGST,090200.70,0.009,0.004,0.003,-40.3131,3.495,4.614,10.719*50
$GNGST,090200.80,0.009,0.004,0.003,-40.5645,3.495,4.614,10.719*5D
$GNGST,090200.90,0.009,0.004,0.003,-41.4521,3.495,4.614,10.719*5D
$GNGST,090201.00,0.009,0.004,0.003,-42.0367,3.495,4.614,10.719*56
$GNGST,090201.10,0.009,0.004,0.003,-42.2945,3.495,4.614,10.719*5F
$GNGST,090201.20,0.009,0.004,0.003,-42.5706,3.495,4.614,10.719*52
$GNGST,090201.30,0.009,0.004,0.003,-42.2947,3.495,4.614,10.719*5F
$GNGST,090201.40,0.009,0.004,0.003,-42.5708,3.495,4.614,10.719*5A
$GNGST,090201.50,0.009,0.004,0.003,-42.5709,3.495,4.614,10.719*5A
$GNGST,090201.60,0.009,0.004,0.003,-40.9268,3.495,4.614,10.719*55
$GNGST,090201.70,0.009,0.004,0.003,-40.9269,3.495,4.614,10.719*55
$GNGST,090201.80,0.009,0.004,0.003,-41.4205,3.495,4.614,10.719*5C
$GNGST,090201.90,0.009,0.004,0.003,-40.9706,3.495,4.614,10.719*57
$GNGST,090202.00,0.009,0.004,0.003,-40.7192,3.495,4.614,10.719*58
$GNGST,090202.10,0.009,0.004,0.003,-40.7588,3.495,4.614,10.719*56
$GNGST,090202.20,0.009,0.004,0.003,-41.4609,3.495,4.614,10.719*5D
$GNGST,090202.30,0.009,0.004,0.003,-41.4211,3.495,4.614,10.719*51
$GNGST,090202.40,0.009,0.004,0.003,-41.2516,3.495,4.614,10.719*50
$GNGST,090202.50,0.009,0.004,0.003,-41.2518,3.495,4.614,10.719*5F
$GNGST,090202.60,0.009,0.004,0.003,-41.3991,3.495,4.614,10.719*50
$GNGST,090202.70,0.009,0.004,0.003,-40.9792,3.495,4.614,10.719*57
$GNGST,090202.80,0.009,0.004,0.003,-41.0992,3.495,4.614,10.719*5E
$GNGST,090202.90,0.009,0.004,0.003,-41.4003,3.495,4.614,10.719*5A
$GNGST,090203.00,0.009,0.004,0.003,-41.0738,3.495,4.614,10.719*59
$GNGST,090203.10,0.009,0.004,0.003,-41.3530,3.495,4.614,10.719*51
$GNGST,090203.20,0.009,0.004,0.003,-41.3532,3.495,4.614,10.719*50
$GNGST,090203.30,0.009,0.004,0.003,-41.7070,3.495,4.614,10.719*56
$GNGST,090203.40,0.009,0.004,0.003,-40.9050,3.495,4.614,10.719*5C
$GNGST,090203.50,0.009,0.004,0.003,-40.9051,3.495,4.614,10.719*5C
$GNGST,090203.60,0.009,0.004,0.003,-41.1928,3.495,4.614,10.719*51
$GNGST,090203.70,0.009,0.004,0.003,-41.9256,3.495,4.614,10.719*5A
$GNGST,090203.80,0.009,0.004,0.003,-42.5845,3.495,4.614,10.719*52
$GNGST,090203.90,0.009,0.004,0.003,-44.5485,3.495,4.614,10.719*55
$GNGST,090204.00,0.009,0.004,0.003,-42.4207,3.495,4.614,10.719*50
$GNGST,090204.10,0.009,0.004,0.003,-42.7111,3.495,4.614,10.719*56
$GNGST,090204.20,0.009,0.004,0.003,-42.8541,3.495,4.614,10.719*5B
$GNGST,090204.30,0.009,0.004,0.003,-42.7113,3.495,4.614,10.719*56
$GNGST,090204.40,0.009,0.004,0.003,-42.9883,3.495,4.614,10.719*5F
$GNGST,090204.50,0.009,0.004,0.003,-42.8544,3.495,4.614,10.719*59
$GNGST,090204.60,0.009,0.004,0.003,-39.6754,3.495,4.614,10.719*5B
$GNGST,090204.70,0.009,0.004,0.003,-43.0406,3.495,4.614,10.719*55
$GNGST,090204.80,0.009,0.004,0.003,-40.5575,3.495,4.614,10.719*59
$GNGST,090204.90,0.011,0.005,0.004,-52.4995,3.495,4.614,10.719*57
$GNGST,090205.00,0.009,0.004,0.003,-40.9962,3.495,4.614,10.719*56
$GNGST,090205.10,0.009,0.004,0.003,-37.9462,3.495,4.614,10.719*5A
$GNGST,090205.20,0.010,0.005,0.004,-0.8166,3.495,4.614,10.719*63
$GNGST,090205.30,0.011,0.005,0.004,7.5268,3.495,4.614,10.719*49
$GNGST,090205.40,0.009,0.004,0.004,-27.3305,3.495,4.614,10.719*55
$GNGST,090205.50,0.009,0.004,0.003,-40.7308,3.495,4.614,10.719*5B
$GNGST,090205.60,0.010,0.004,0.004,-36.9176,3.495,4.614,10.719*53
$GNGST,090205.70,0.009,0.004,0.004,-44.7301,3.495,4.614,10.719*53
$GNGST,090205.80,0.010,0.004,0.004,19.8681,3.495,4.614,10.719*73
$GNGST,090205.90,0.009,0.004,0.004,-32.0619,3.495,4.614,10.719*57
$GNGST,090206.00,0.010,0.004,0.004,-23.6471,3.495,4.614,10.719*5F
$GNGST,090206.10,0.010,0.004,0.004,-23.1037,3.495,4.614,10.719*5F
$GNGST,090206.20,0.010,0.004,0.004,9.3269,3.495,4.614,10.719*42
$GNGST,090206.30,0.010,0.004,0.004,-52.4633,3.495,4.614,10.719*5C
$GNGST,090206.40,0.011,0.005,0.004,13.5273,3.495,4.614,10.719*72
$GNGST,090206.50,0.011,0.005,0.004,9.0687,3.495,4.614,10.719*42
$GNGST,090206.60,0.010,0.004,0.004,-60.5002,3.495,4.614,10.719*5D
$GNGST,090206.70,0.012,0.006,0.005,-20.6394,3.495,4.614,10.719*56
$GNGST,090206.80,0.009,0.004,0.004,-47.5669,3.495,4.614,10.719*55
$GNGST,090206.90,0.012,0.005,0.004,-57.4933,3.495,4.614,10.719*5F
$GNGST,090207.00,0.011,0.005,0.004,-60.5804,3.495,4.614,10.719*54
$GNGST,090207.10,0.010,0.004,0.004,5.7246,3.495,4.614,10.719*45
$GNGST,090207.20,0.011,0.005,0.004,32.2310,3.495,4.614,10.719*75
$GNGST,090207.30,0.012,0.005,0.004,18.6690,3.495,4.614,10.719*76
$GNGST,090207.40,0.011,0.005,0.004,-28.2351,3.495,4.614,10.719*50
$GNGST,090207.50,0.012,0.005,0.004,-14.8261,3.495,4.614,10.719*55
$GNGST,090207.60,0.013,0.005,0.005,-25.2227,3.495,4.614,10.719*5C
$GNGST,090207.70,0.012,0.005,0.004,19.7631,3.495,4.614,10.719*79
$GNGST,090207.80,0.011,0.005,0.004,-29.9103,3.495,4.614,10.719*53
$GNGST,090207.90,0.011,0.005,0.004,-41.6334,3.495,4.614,10.719*55
$GNGST,090208.00,0.011,0.004,0.004,-31.4843,3.495,4.614,10.719*5C
$GNGST,090208.10,0.011,0.004,0.004,-28.2873,3.495,4.614,10.719*50
$GNGST,090208.20,0.012,0.005,0.004,-22.4461,3.495,4.614,10.719*52
$GNGST,090208.30,0.014,0.006,0.006,37.3276,3.495,4.614,10.719*7A
$GNGST,090208.40,0.011,0.005,0.004,-17.9531,3.495,4.614,10.719*58
$GNGST,090208.50,0.011,0.005,0.004,-37.4052,3.495,4.614,10.719*56
$GNGST,090208.60,0.012,0.005,0.004,-35.4387,3.495,4.614,10.719*5F
$GNGST,090208.70,0.012,0.005,0.004,-35.4273,3.495,4.614,10.719*54
$GNGST,090208.80,0.012,0.005,0.004,-41.8768,3.495,4.614,10.719*5B
$GNGST,090208.90,0.012,0.005,0.004,-49.7936,3.495,4.614,10.719*58
$GNGST,090209.00,0.011,0.005,0.004,-36.4660,3.495,4.614,10.719*54
$GNGST,090209.10,0.011,0.005,0.004,-36.6785,3.495,4.614,10.719*5D
$GNGST,090209.20,0.012,0.005,0.004,-21.4473,3.495,4.614,10.719*53
$GNGST,090209.30,0.012,0.005,0.004,-55.2886,3.495,4.614,10.719*51
$GNGST,090209.40,0.017,0.006,0.005,-4.1531,3.495,4.614,10.719*67
$GNGST,090209.50,0.011,0.005,0.004,-43.4974,3.495,4.614,10.719*59
$GNGST,090209.60,0.014,0.007,0.005,-51.6748,3.495,4.614,10.719*5C
$GNGST,090209.70,0.013,0.006,0.004,-45.0914,3.495,4.614,10.719*5E
$GNGST,090209.80,0.012,0.005,0.004,-42.3653,3.495,4.614,10.719*5B
$GNGST,090209.90,0.014,0.005,0.005,-42.2223,3.495,4.614,10.719*5F
$GNGST,090210.00,0.011,0.005,0.004,-50.9591,3.495,4.614,10.719*5C
$GNGST,090210.10,0.012,0.006,0.004,-53.8288,3.495,4.614,10.719*50
$GNGST,090210.20,0.011,0.005,0.004,-43.8567,3.495,4.614,10.719*54
$GNGST,090210.30,0.013,0.005,0.004,-18.1401,3.495,4.614,10.719*51
$GNGST,090210.40,0.013,0.005,0.004,-51.8608,3.495,4.614,10.719*59
$GNGST,090210.50,0.011,0.005,0.004,-45.1484,3.495,4.614,10.719*50
$GNGST,090210.60,0.012,0.005,0.004,-40.3611,3.495,4.614,10.719*59
$GNGST,090210.70,0.011,0.005,0.004,-42.1099,3.495,4.614,10.719*5D
$GNGST,090210.80,0.013,0.005,0.004,-39.1646,3.495,4.614,10.719*58
$GNGST,090210.90,0.011,0.005,0.004,-30.7417,3.495,4.614,10.719*52
$GNGST,090211.00,0.013,0.006,0.005,-40.7987,3.495,4.614,10.719*59
$GNGST,090211.10,0.011,0.005,0.004,-53.4893,3.495,4.614,10.719*5D
$GNGST,090211.20,0.012,0.005,0.004,-47.8852,3.495,4.614,10.719*59
$GNGST,090211.30,0.013,0.005,0.004,-7.9379,3.495,4.614,10.719*6E
$GNGST,090211.40,0.010,0.004,0.004,-41.6494,3.495,4.614,10.719*52
$GNGST,090211.50,0.010,0.005,0.004,-45.7617,3.495,4.614,10.719*5E
$GNGST,090211.60,0.010,0.005,0.004,-46.1513,3.495,4.614,10.719*5F
$GNGST,090211.70,0.011,0.005,0.004,-42.4030,3.495,4.614,10.719*5A
$GNGST,090211.80,0.010,0.004,0.004,-34.6939,3.495,4.614,10.719*56
$GNGST,090211.90,0.010,0.004,0.004,-36.0467,3.495,4.614,10.719*55
$GNGST,090212.00,0.012,0.005,0.004,4.9514,3.495,4.614,10.719*4C
$GNGST,090212.10,0.011,0.004,0.004,-33.0700,3.495,4.614,10.719*58
$GNGST,090212.20,0.011,0.004,0.004,-26.8730,3.495,4.614,10.719*54
$GNGST,090212.30,0.011,0.005,0.004,-16.0238,3.495,4.614,10.719*52
$GNGST,090212.40,0.011,0.004,0.004,-20.8295,3.495,4.614,10.719*5E
$GNGST,090212.50,0.012,0.005,0.004,-33.9731,3.495,4.614,10.719*55
$GNGST,090212.60,0.010,0.004,0.004,-32.3819,3.495,4.614,10.719*5B
$GNGST,090212.70,0.010,0.004,0.004,-33.0442,3.495,4.614,10.719*5A
$GNGST,090212.80,0.011,0.005,0.004,-23.5496,3.495,4.614,10.719*58
$GNGST,090212.90,0.010,0.004,0.003,-40.7368,3.495,4.614,10.719*5F
$GNGST,090213.00,0.010,0.004,0.004,-40.0310,3.495,4.614,10.719*58
$GNGST,090213.10,0.010,0.004,0.004,-36.8671,3.495,4.614,10.719*52
$GNGST,090213.20,0.011,0.005,0.004,-45.3540,3.495,4.614,10.719*5F
$GNGST,090213.30,0.010,0.005,0.004,-40.9060,3.495,4.614,10.719*57
$GNGST,090213.40,0.011,0.005,0.004,-39.9299,3.495,4.614,10.719*5B
$GNGST,090213.50,0.012,0.006,0.004,-56.2966,3.495,4.614,10.719*53
$GNGST,090213.60,0.011,0.005,0.004,-34.9036,3.495,4.614,10.719*53
$GNGST,090213.70,0.011,0.004,0.004,-37.7808,3.495,4.614,10.719*5B
$GNGST,090213.80,0.011,0.004,0.004,-31.8386,3.495,4.614,10.719*50
$GNGST,090213.90,0.011,0.005,0.004,-25.4775,3.495,4.614,10.719*51
$GNGST,090214.00,0.011,0.005,0.004,-32.4610,3.495,4.614,10.719*5B
$GNGST,090214.10,0.010,0.005,0.004,-34.8513,3.495,4.614,10.719*51
$GNGST,090214.20,0.011,0.005,0.004,-41.8526,3.495,4.614,10.719*57
$GNGST,090214.30,0.011,0.004,0.004,-28.7612,3.495,4.614,10.719*53
$GNGST,090214.40,0.016,0.005,0.005,-46.9546,3.495,4.614,10.719*57
$GNGST,090214.50,0.012,0.005,0.004,-28.8204,3.495,4.614,10.719*5B
$GNGST,090214.60,0.011,0.004,0.004,-35.7815,3.495,4.614,10.719*53
$GNGST,090214.70,0.012,0.005,0.004,-24.4610,3.495,4.614,10.719*58
$GNGST,090214.80,0.011,0.005,0.004,-32.8530,3.495,4.614,10.719*5E
$GNGST,090214.90,0.012,0.005,0.004,-19.5178,3.495,4.614,10.719*50
$GNGST,090215.00,0.012,0.005,0.004,-42.4989,3.495,4.614,10.719*51
$GNGST,090215.10,0.012,0.005,0.004,-31.9107,3.495,4.614,10.719*57
$GNGST,090215.20,0.010,0.004,0.004,-36.0605,3.495,4.614,10.719*5C
$GNGST,090215.30,0.010,0.005,0.004,-39.0438,3.495,4.614,10.719*5F
$GNGST,090215.40,0.009,0.004,0.003,-31.6684,3.495,4.614,10.719*5D
$GNGST,090215.50,0.009,0.004,0.003,-31.6684,3.495,4.614,10.719*5C
$GNGST,090215.60,0.009,0.004,0.003,-31.6684,3.495,4.614,10.719*5F
$GNGST,090215.70,0.010,0.004,0.004,-37.2959,3.495,4.614,10.719*5C
$GNGST,090215.80,0.010,0.004,0.003,-34.0949,3.495,4.614,10.719*54
$GNGST,090215.90,0.010,0.004,0.004,-29.1119,3.495,4.614,10.719*52
$GNGST,090216.00,0.010,0.004,0.003,-34.1366,3.495,4.614,10.719*59
$GNGST,090216.10,0.011,0.004,0.004,-30.2456,3.495,4.614,10.719*5D
$GNGST,090216.20,0.011,0.004,0.004,-21.6025,3.495,4.614,10.719*5A
$GNGST,090216.30,0.010,0.004,0.004,-35.4144,3.495,4.614,10.719*5B
$GNGST,090216.40,0.010,0.004,0.004,-28.9031,3.495,4.614,10.719*5E
$GNGST,090216.50,0.009,0.004,0.003,-33.9939,3.495,4.614,10.719*5B
$GNGST,090216.60,0.010,0.004,0.003,-37.2742,3.495,4.614,10.719*5D
$GNGST,090216.70,0.010,0.005,0.004,-41.1920,3.495,4.614,10.719*52
$GNGST,090216.80,0.011,0.005,0.004,-35.1860,3.495,4.614,10.719*5A
$GNGST,090216.90,0.010,0.004,0.004,-20.7577,3.495,4.614,10.719*52
$GNGST,090217.00,0.011,0.004,0.004,-34.2239,3.495,4.614,10.719*56
$GNGST,090217.10,0.011,0.004,0.004,-34.7126,3.495,4.614,10.719*5F
$GNGST,090217.20,0.009,0.004,0.003,-33.4449,3.495,4.614,10.719*5A
$GNGST,090217.30,0.010,0.004,0.004,-37.4631,3.495,4.614,10.719*5D
$GNGST,090217.40,0.009,0.004,0.003,-35.4862,3.495,4.614,10.719*5F
$GNGST,090217.50,0.009,0.004,0.003,-35.2469,3.495,4.614,10.719*5F
$GNGST,090217.60,0.010,0.004,0.004,-22.6574,3.495,4.614,10.719*5C
$GNGST,090217.70,0.009,0.004,0.003,-36.0916,3.495,4.614,10.719*59
$GNGST,090217.80,0.010,0.004,0.004,-25.3396,3.495,4.614,10.719*5A
$GNGST,090217.90,0.009,0.004,0.003,-32.0380,3.495,4.614,10.719*56
$GNGST,090218.00,0.010,0.004,0.004,-49.1280,3.495,4.614,10.719*53
$GNGST,090218.10,0.010,0.004,0.004,-42.5641,3.495,4.614,10.719*54
$GNGST,090218.20,0.010,0.004,0.003,-36.4555,3.495,4.614,10.719*54
$GNGST,090218.30,0.010,0.004,0.004,-41.4493,3.495,4.614,10.719*59
$GNGST,090218.40,0.010,0.004,0.004,-30.4376,3.495,4.614,10.719*54
$GNGST,090218.50,0.010,0.004,0.004,-35.2971,3.495,4.614,10.719*5B
$GNGST,090218.60,0.010,0.004,0.004,-37.6341,3.495,4.614,10.719*57
$GNGST,090218.70,0.010,0.004,0.003,-40.6208,3.495,4.614,10.719*5D
$GNGST,090218.80,0.010,0.004,0.004,-40.3179,3.495,4.614,10.719*55
$GNGST,090218.90,0.010,0.004,0.004,-40.4626,3.495,4.614,10.719*5E
$GNGST,090219.00,0.010,0.004,0.004,-37.9570,3.495,4.614,10.719*5B
$GNGST,090219.10,0.010,0.004,0.004,-41.6065,3.495,4.614,10.719*55
$GNGST,090219.20,0.010,0.004,0.004,-33.1868,3.495,4.614,10.719*51
$GNGST,090219.30,0.011,0.005,0.004,-40.7504,3.495,4.614,10.719*55
$GNGST,090219.40,0.011,0.005,0.004,-36.5045,3.495,4.614,10.719*51
$GNGST,090219.50,0.011,0.004,0.004,-36.4430,3.495,4.614,10.719*56
$GNGST,090219.60,0.012,0.005,0.004,-50.3334,3.495,4.614,10.719*53
$GNGST,090219.70,0.011,0.004,0.004,-49.0602,3.495,4.614,10.719*5B
$GNGST,090219.80,0.010,0.004,0.004,-32.8771,3.495,4.614,10.719*54
$GNGST,090219.90,0.011,0.004,0.004,-33.8028,3.495,4.614,10.719*5E
$GNGST,090220.00,0.010,0.004,0.004,-40.0949,3.495,4.614,10.719*5E
$GNGST,090220.10,0.010,0.004,0.004,-37.0854,3.495,4.614,10.719*52
$GNGST,090220.20,0.010,0.004,0.004,-37.0116,3.495,4.614,10.719*5E
$GNGST,090220.30,0.010,0.004,0.004,-35.5721,3.495,4.614,10.719*5A
$GNGST,090220.40,0.011,0.005,0.004,-29.3400,3.495,4.614,10.719*56
$GNGST,090220.50,0.010,0.004,0.004,-35.4947,3.495,4.614,10.719*53
$GNGST,090220.60,0.010,0.004,0.004,-26.1398,3.495,4.614,10.719*5F
$GNGST,090220.70,0.010,0.004,0.004,-33.2553,3.495,4.614,10.719*58
$GNGST,090220.80,0.011,0.005,0.004,-44.5144,3.495,4.614,10.719*52
$GNGST,090220.90,0.011,0.005,0.004,-42.9473,3.495,4.614,10.719*58
$GNGST,090221.00,0.011,0.005,0.004,-39.4256,3.495,4.614,10.719*50
$GNGST,090221.10,0.010,0.004,0.003,-37.8532,3.495,4.614,10.719*51
$GNGST,090221.20,0.010,0.005,0.004,-53.4400,3.495,4.614,10.719*5A
$GNGST,090221.30,0.010,0.004,0.004,-41.0349,3.495,4.614,10.719*57
$GNGST,090221.40,0.010,0.004,0.004,-42.5130,3.495,4.614,10.719*5A
$GNGST,090221.50,0.010,0.005,0.004,-50.6512,3.495,4.614,10.719*5E
$GNGST,090221.60,0.010,0.004,0.004,-53.4419,3.495,4.614,10.719*57
$GNGST,090221.70,0.010,0.004,0.003,-42.1135,3.495,4.614,10.719*5F
$GNGST,090221.80,0.011,0.005,0.004,-59.8328,3.495,4.614,10.719*5A
$GNGST,090221.90,0.011,0.004,0.004,-57.8473,3.495,4.614,10.719*5D
$GNGST,090222.00,0.010,0.004,0.004,-49.6658,3.495,4.614,10.719*5C
$GNGST,090222.10,0.010,0.004,0.003,-43.5383,3.495,4.614,10.719*50
$GNGST,090222.20,0.010,0.004,0.004,-36.1988,3.495,4.614,10.719*53
$GNGST,090222.30,0.011,0.004,0.004,-30.2976,3.495,4.614,10.719*57
$GNGST,090222.40,0.010,0.004,0.004,-49.6415,3.495,4.614,10.719*53
$GNGST,090222.50,0.010,0.004,0.004,-35.7110,3.495,4.614,10.719*58
$GNGST,090222.60,0.010,0.005,0.004,-54.2708,3.495,4.614,10.719*57
$GNGST,090222.70,0.010,0.004,0.004,-42.7132,3.495,4.614,10.719*5A
$GNGST,090222.80,0.010,0.005,0.004,-47.1963,3.495,4.614,10.719*5B
$GNGST,090222.90,0.010,0.004,0.004,-44.2845,3.495,4.614,10.719*5E
$GNGST,090223.00,0.011,0.004,0.004,-30.4917,3.495,4.614,10.719*54
$GNGST,090223.10,0.010,0.004,0.004,-31.2398,3.495,4.614,10.719*5E
$GNGST,090223.20,0.010,0.004,0.004,-25.4874,3.495,4.614,10.719*57
$GNGST,090223.30,0.010,0.004,0.004,-36.3987,3.495,4.614,10.719*5E
$GNGST,090223.40,0.010,0.004,0.004,-40.9370,3.495,4.614,10.719*50
$GNGST,090223.50,0.011,0.004,0.004,-36.2442,3.495,4.614,10.719*5C
$GNGST,090223.60,0.011,0.005,0.004,-37.8099,3.495,4.614,10.719*57
$GNGST,090223.70,0.010,0.004,0.003,-43.1682,3.495,4.614,10.719*57
$GNGST,090223.80,0.011,0.004,0.004,-23.9497,3.495,4.614,10.719*56
$GNGST,090223.90,0.010,0.004,0.003,-43.1683,3.495,4.614,10.719*58
$GNGST,090224.00,0.011,0.004,0.004,-51.1002,3.495,4.614,10.719*5C
$GNGST,090224.10,0.011,0.004,0.004,-41.4794,3.495,4.614,10.719*51
$GNGST,090224.20,0.011,0.005,0.004,-41.8223,3.495,4.614,10.719*56
$GNGST,090224.30,0.011,0.004,0.004,-45.0389,3.495,4.614,10.719*5B
$GNGST,090224.40,0.013,0.005,0.004,-46.6360,3.495,4.614,10.719*5D
$GNGST,090224.50,0.012,0.005,0.004,-27.2747,3.495,4.614,10.719*5F
$GNGST,090224.60,0.010,0.004,0.003,-43.2918,3.495,4.614,10.719*5E
$GNGST,090224.70,0.010,0.004,0.003,-43.8306,3.495,4.614,10.719*50
$GNGST,090224.80,0.010,0.004,0.003,-43.0422,3.495,4.614,10.719*56
$GNGST,090224.90,0.010,0.004,0.004,-42.3833,3.495,4.614,10.719*5E
$GNGST,090225.00,0.010,0.004,0.004,-43.0053,3.495,4.614,10.719*5A
$GNGST,090225.10,0.010,0.004,0.004,-43.0053,3.495,4.614,10.719*5B
$GNGST,090225.20,0.010,0.004,0.004,-43.0054,3.495,4.614,10.719*5F
$GNGST,090225.30,0.010,0.004,0.004,-43.2437,3.495,4.614,10.719*5D
$GNGST,090225.40,0.010,0.004,0.004,-42.1707,3.495,4.614,10.719*58
$GNGST,090225.50,0.010,0.004,0.004,-43.2438,3.495,4.614,10.719*54
$GNGST,090225.60,0.010,0.004,0.004,-43.2438,3.495,4.614,10.719*57
$GNGST,090225.70,0.010,0.004,0.004,-43.2438,3.495,4.614,10.719*56
$GNGST,090225.80,0.010,0.004,0.004,-43.2438,3.495,4.614,10.719*59
$GNGST,090225.90,0.010,0.004,0.004,-43.2439,3.495,4.614,10.719*59
$GNGST,090226.00,0.012,0.005,0.004,-29.8450,3.495,4.614,10.719*59
$GNGST,090226.10,0.011,0.005,0.004,-31.0609,3.495,4.614,10.719*54
$GNGST,090226.20,0.010,0.004,0.003,-42.5613,3.495,4.614,10.719*5A
$GNGST,090226.30,0.010,0.004,0.004,-39.5721,3.495,4.614,10.719*50
$GNGST,090226.40,0.011,0.005,0.004,-30.7202,3.495,4.614,10.719*58
$GNGST,090226.50,0.010,0.004,0.004,-39.0687,3.495,4.614,10.719*5E
$GNGST,090226.60,0.010,0.004,0.004,-41.6842,3.495,4.614,10.719*53
$GNGST,090226.70,0.010,0.005,0.004,-45.7476,3.495,4.614,10.719*5D
$GNGST,090226.80,0.010,0.004,0.003,-43.0515,3.495,4.614,10.719*51
$GNGST,090226.90,0.011,0.005,0.004,-39.1794,3.495,4.614,10.719*50
$GNGST,090227.00,0.010,0.004,0.004,-43.0731,3.495,4.614,10.719*5B
$GNGST,090227.10,0.010,0.004,0.003,-46.0954,3.495,4.614,10.719*55
$GNGST,090227.20,0.010,0.004,0.003,-45.4181,3.495,4.614,10.719*51
$GNGST,090227.30,0.012,0.005,0.004,-49.1354,3.495,4.614,10.719*57
$GNGST,090227.40,0.012,0.005,0.004,-30.6086,3.495,4.614,10.719*55
$GNGST,090227.50,0.011,0.004,0.004,-37.6866,3.495,4.614,10.719*57
$GNGST,090227.60,0.014,0.006,0.005,22.8298,3.495,4.614,10.719*7E
$GNGST,090227.70,0.010,0.004,0.004,-42.2677,3.495,4.614,10.719*5C
$GNGST,090227.80,0.012,0.005,0.004,-35.6929,3.495,4.614,10.719*50
$GNGST,090227.90,0.010,0.004,0.004,-37.4204,3.495,4.614,10.719*56
$GNGST,090228.00,0.010,0.004,0.004,-44.2352,3.495,4.614,10.719*50
$GNGST,090228.10,0.010,0.004,0.004,-49.3656,3.495,4.614,10.719*5C
$GNGST,090228.20,0.010,0.004,0.003,-44.9618,3.495,4.614,10.719*55
$GNGST,090228.30,0.010,0.004,0.003,-44.9618,3.495,4.614,10.719*54
$GNGST,090228.40,0.010,0.004,0.003,-44.9619,3.495,4.614,10.719*52
$GNGST,090228.50,0.010,0.004,0.003,-44.9619,3.495,4.614,10.719*53
$GNGST,090228.60,0.010,0.004,0.004,-35.7631,3.495,4.614,10.719*55
$GNGST,090228.70,0.010,0.004,0.003,-44.9619,3.495,4.614,10.719*51
$GNGST,090228.80,0.010,0.004,0.004,-50.3703,3.495,4.614,10.719*5C
$GNGST,090228.90,0.010,0.004,0.003,-50.9252,3.495,4.614,10.719*51
$GNGST,090229.00,0.011,0.005,0.004,-48.7589,3.495,4.614,10.719*58
$GNGST,090229.10,0.011,0.005,0.004,-41.7020,3.495,4.614,10.719*56
$GNGST,090229.20,0.010,0.004,0.004,-46.6203,3.495,4.614,10.719*50
$GNGST,090229.30,0.010,0.004,0.004,-47.4407,3.495,4.614,10.719*50
$GNGST,090229.40,0.010,0.004,0.004,-51.8312,3.495,4.614,10.719*5F
$GNGST,090229.50,0.010,0.004,0.004,-58.1727,3.495,4.614,10.719*5C
$GNGST,090229.60,0.010,0.004,0.003,-45.1962,3.495,4.614,10.719*5B
$GNGST,090229.70,0.010,0.004,0.004,-49.9832,3.495,4.614,10.719*5D
$GNGST,090229.80,0.010,0.004,0.004,-46.1386,3.495,4.614,10.719*51
$GNGST,090229.90,0.010,0.005,0.004,-58.1060,3.495,4.614,10.719*55
$GNGST,090230.00,0.010,0.004,0.003,-45.1962,3.495,4.614,10.719*55
$GNGST,090230.10,0.010,0.004,0.003,-45.1963,3.495,4.614,10.719*55
$GNGST,090230.20,0.010,0.004,0.003,-50.9243,3.495,4.614,10.719*53
$GNGST,090230.30,0.010,0.004,0.003,-45.1963,3.495,4.614,10.719*57
$GNGST,090230.40,0.010,0.004,0.003,-45.1963,3.495,4.614,10.719*50
$GNGST,090230.50,0.010,0.004,0.004,-44.6561,3.495,4.614,10.719*5E
$GNGST,090230.60,0.010,0.004,0.003,-47.9070,3.495,4.614,10.719*53
$GNGST,090230.70,0.011,0.005,0.004,-44.1820,3.495,4.614,10.719*53
$GNGST,090230.80,0.010,0.004,0.003,-45.7007,3.495,4.614,10.719*51
$GNGST,090230.90,0.010,0.004,0.004,-52.8633,3.495,4.614,10.719*5F
$GNGST,090231.00,0.011,0.005,0.004,-53.6874,3.495,4.614,10.719*55
$GNGST,090231.10,0.010,0.004,0.004,-45.0235,3.495,4.614,10.719*5A
$GNGST,090231.20,0.010,0.005,0.004,-44.3975,3.495,4.614,10.719*55
$GNGST,090231.30,0.011,0.005,0.004,-50.9961,3.495,4.614,10.719*5F
$GNGST,090231.40,0.013,0.005,0.005,-30.1884,3.495,4.614,10.719*5F
$GNGST,090231.50,0.011,0.005,0.004,-55.9592,3.495,4.614,10.719*5C
$GNGST,090231.60,0.010,0.004,0.003,-43.7400,3.495,4.614,10.719*5B
$GNGST,090231.70,0.011,0.005,0.004,-63.6250,3.495,4.614,10.719*5D
$GNGST,090231.80,0.010,0.005,0.004,-75.4919,3.495,4.614,10.719*50
$GNGST,090231.90,0.010,0.004,0.004,-55.2002,3.495,4.614,10.719*57
$GNGST,090232.00,0.010,0.004,0.004,-24.5104,3.495,4.614,10.719*5B
$GNGST,090232.10,0.011,0.004,0.004,-52.0925,3.495,4.614,10.719*54
$GNGST,090232.20,0.009,0.004,0.003,-49.3379,3.495,4.614,10.719*53
$GNGST,090232.30,0.010,0.004,0.004,-55.3423,3.495,4.614,10.719*58
$GNGST,090232.40,0.011,0.004,0.004,-45.0981,3.495,4.614,10.719*59
$GNGST,090232.50,0.011,0.004,0.004,-44.2764,3.495,4.614,10.719*5E
$GNGST,090232.60,0.009,0.004,0.003,-49.7015,3.495,4.614,10.719*5A
$GNGST,090232.70,0.009,0.004,0.003,-48.6117,3.495,4.614,10.719*58
$GNGST,090232.80,0.009,0.004,0.003,-48.3347,3.495,4.614,10.719*55
$GNGST,090232.90,0.010,0.004,0.003,-48.7722,3.495,4.614,10.719*5F
$GNGST,090233.00,0.011,0.004,0.004,-39.3669,3.495,4.614,10.719*5D
$GNGST,090233.10,0.011,0.005,0.004,-43.6086,3.495,4.614,10.719*52
$GNGST,090233.20,0.010,0.004,0.004,-42.5391,3.495,4.614,10.719*56
$GNGST,090233.30,0.010,0.004,0.004,-37.0915,3.495,4.614,10.719*56
$GNGST,090233.40,0.011,0.004,0.004,-41.2548,3.495,4.614,10.719*57
$GNGST,090233.50,0.009,0.004,0.003,-46.2985,3.495,4.614,10.719*52
$GNGST,090233.60,0.011,0.005,0.004,-43.8300,3.495,4.614,10.719*56
$GNGST,090233.70,0.010,0.004,0.003,-47.9071,3.495,4.614,10.719*50
$GNGST,090233.80,0.010,0.004,0.004,-44.1381,3.495,4.614,10.719*5F
$GNGST,090233.90,0.010,0.004,0.004,-53.1116,3.495,4.614,10.719*54
$GNGST,090234.00,0.010,0.004,0.004,-32.0832,3.495,4.614,10.719*53
$GNGST,090234.10,0.011,0.004,0.004,-12.5981,3.495,4.614,10.719*5D
$GNGST,090234.20,0.010,0.004,0.004,-8.9425,3.495,4.614,10.719*6B
$GNGST,090234.30,0.010,0.004,0.004,-29.0250,3.495,4.614,10.719*54
$GNGST,090234.40,0.010,0.004,0.004,-47.5093,3.495,4.614,10.719*53
$GNGST,090234.50,0.010,0.004,0.004,-36.9081,3.495,4.614,10.719*5B
$GNGST,090234.60,0.010,0.004,0.004,-47.0251,3.495,4.614,10.719*58
$GNGST,090234.70,0.009,0.004,0.004,-46.4633,3.495,4.614,10.719*54
$GNGST,090234.80,0.009,0.004,0.004,-46.4632,3.495,4.614,10.719*5A
$GNGST,090234.90,0.010,0.004,0.004,-34.1679,3.495,4.614,10.719*5C
$GNGST,090235.00,0.009,0.004,0.004,-46.4631,3.495,4.614,10.719*50
$GNGST,090235.10,0.011,0.005,0.004,-19.7716,3.495,4.614,10.719*54
$GNGST,090235.20,0.010,0.004,0.004,-32.4805,3.495,4.614,10.719*50
$GNGST,090235.30,0.009,0.004,0.004,-47.0439,3.495,4.614,10.719*5C
$GNGST,090235.40,0.011,0.004,0.004,-4.9532,3.495,4.614,10.719*66
$GNGST,090235.50,0.011,0.004,0.004,-22.9373,3.495,4.614,10.719*50
$GNGST,090235.60,0.010,0.004,0.004,-25.9883,3.495,4.614,10.719*51
$GNGST,090235.70,0.011,0.004,0.004,-46.4900,3.495,4.614,10.719*53
$GNGST,090235.80,0.010,0.004,0.004,-44.3372,3.495,4.614,10.719*57
$GNGST,090235.90,0.010,0.004,0.004,1.3270,3.495,4.614,10.719*49
$GNGST,090236.00,0.010,0.004,0.004,-27.3174,3.495,4.614,10.719*5D
$GNGST,090236.10,0.009,0.004,0.004,-44.7257,3.495,4.614,10.719*57
$GNGST,090236.20,0.009,0.004,0.004,-44.7257,3.495,4.614,10.719*54
$GNGST,090236.30,0.010,0.004,0.004,-36.9449,3.495,4.614,10.719*5F
$GNGST,090236.40,0.011,0.005,0.004,-38.0831,3.495,4.614,10.719*5C
$GNGST,090236.50,0.010,0.004,0.004,-41.0020,3.495,4.614,10.719*5B
$GNGST,090236.60,0.011,0.005,0.004,-46.5150,3.495,4.614,10.719*5C
$GNGST,090236.70,0.011,0.005,0.004,-46.0019,3.495,4.614,10.719*54
$GNGST,090236.80,0.010,0.004,0.004,-50.7748,3.495,4.614,10.719*58
$GNGST,090236.90,0.010,0.004,0.004,-53.3879,3.495,4.614,10.719*53
$GNGST,090237.00,0.010,0.005,0.004,-54.2129,3.495,4.614,10.719*50
$GNGST,090237.10,0.011,0.005,0.004,-41.3801,3.495,4.614,10.719*56
$GNGST,090237.20,0.012,0.005,0.004,-71.5206,3.495,4.614,10.719*5E
$GNGST,090237.30,0.010,0.004,0.004,-63.4871,3.495,4.614,10.719*54
$GNGST,090237.40,0.011,0.005,0.004,-49.5836,3.495,4.614,10.719*59
$GNGST,090237.50,0.011,0.004,0.004,-41.3178,3.495,4.614,10.719*54
$GNGST,090237.60,0.011,0.005,0.004,-51.7497,3.495,4.614,10.719*57
$GNGST,090237.70,0.011,0.005,0.004,-30.4225,3.495,4.614,10.719*5D
$GNGST,090237.80,0.011,0.004,0.004,-35.4928,3.495,4.614,10.719*50
$GNGST,090237.90,0.011,0.005,0.004,-35.2588,3.495,4.614,10.719*50
$GNGST,090238.00,0.010,0.004,0.004,-37.1512,3.495,4.614,10.719*54
$GNGST,090238.10,0.011,0.005,0.004,-39.2113,3.495,4.614,10.719*5D
$GNGST,090238.20,0.010,0.004,0.004,-42.7673,3.495,4.614,10.719*56
$GNGST,090238.30,0.012,0.005,0.004,-47.9524,3.495,4.614,10.719*5E
$GNGST,090238.40,0.012,0.004,0.004,-34.9997,3.495,4.614,10.719*58
$GNGST,090238.50,0.011,0.005,0.004,-45.7298,3.495,4.614,10.719*57
$GNGST,090238.60,0.010,0.005,0.003,-52.1331,3.495,4.614,10.719*50
$GNGST,090238.70,0.009,0.004,0.003,-40.9940,3.495,4.614,10.719*5F
$GNGST,090238.80,0.010,0.004,0.003,-43.5835,3.495,4.614,10.719*54
$GNGST,090238.90,0.010,0.004,0.003,-43.2381,3.495,4.614,10.719*56
$GNGST,090239.00,0.010,0.004,0.003,-43.2381,3.495,4.614,10.719*5E
$GNGST,090239.10,0.009,0.004,0.003,-40.8055,3.495,4.614,10.719*54
$GNGST,090239.20,0.009,0.004,0.003,-40.8055,3.495,4.614,10.719*57
$GNGST,090239.30,0.009,0.004,0.003,-40.8055,3.495,4.614,10.719*56
$GNGST,090239.40,0.009,0.004,0.003,-40.8055,3.495,4.614,10.719*51
$GNGST,090239.50,0.010,0.004,0.003,-43.2378,3.495,4.614,10.719*5D
$GNGST,090239.60,0.009,0.004,0.003,-39.6701,3.495,4.614,10.719*55
$GNGST,090239.70,0.009,0.004,0.003,-40.2427,3.495,4.614,10.719*59
$GNGST,090239.80,0.009,0.004,0.003,-39.5695,3.495,4.614,10.719*54
$GNGST,090239.90,0.009,0.004,0.003,-40.2427,3.495,4.614,10.719*57
$GNGST,090240.00,0.009,0.004,0.003,-40.2428,3.495,4.614,10.719*5F
$GNGST,090240.10,0.009,0.004,0.003,-40.2428,3.495,4.614,10.719*5E
$GNGST,090240.20,0.009,0.004,0.003,-40.0812,3.495,4.614,10.719*5A
$GNGST,090240.30,0.009,0.004,0.003,-40.0812,3.495,4.614,10.719*5B
$GNGST,090240.40,0.009,0.004,0.003,-40.2429,3.495,4.614,10.719*5A
$GNGST,090240.50,0.009,0.004,0.003,-40.2429,3.495,4.614,10.719*5B
$GNGST,090240.60,0.009,0.004,0.003,-39.8292,3.495,4.614,10.719*5A
$GNGST,090240.70,0.009,0.004,0.003,-39.8292,3.495,4.614,10.719*5B
$GNGST,090240.80,0.009,0.004,0.003,-39.9939,3.495,4.614,10.719*5F
$GNGST,090240.90,0.009,0.004,0.003,-39.9939,3.495,4.614,10.719*5E
$GNGST,090241.00,0.009,0.004,0.003,-41.2901,3.495,4.614,10.719*59
$GNGST,090241.10,0.009,0.004,0.003,-41.2901,3.495,4.614,10.719*58
$GNGST,090241.20,0.009,0.004,0.003,-40.6042,3.495,4.614,10.719*50
$GNGST,090241.30,0.009,0.004,0.003,-42.0199,3.495,4.614,10.719*52
$GNGST,090241.40,0.009,0.004,0.003,-39.6404,3.495,4.614,10.719*5E
$GNGST,090241.50,0.009,0.004,0.003,-39.8347,3.495,4.614,10.719*51
$GNGST,090241.60,0.009,0.004,0.003,-42.4766,3.495,4.614,10.719*55
$GNGST,090241.70,0.009,0.004,0.003,-40.8999,3.495,4.614,10.719*54
$GNGST,090241.80,0.009,0.004,0.003,-44.3230,3.495,4.614,10.719*5C
$GNGST,090241.90,0.009,0.004,0.003,-41.6845,3.495,4.614,10.719*55
$GNGST,090242.00,0.009,0.004,0.003,-41.6178,3.495,4.614,10.719*58
$GNGST,090242.10,0.009,0.004,0.003,-42.4768,3.495,4.614,10.719*5F
$GNGST,090242.20,0.009,0.004,0.003,-42.4768,3.495,4.614,10.719*5C
$GNGST,090242.30,0.009,0.004,0.003,-42.4768,3.495,4.614,10.719*5D
$GNGST,090242.40,0.009,0.004,0.003,-42.2685,3.495,4.614,10.719*5E
$GNGST,090242.50,0.009,0.004,0.003,-41.0046,3.495,4.614,10.719*57
$GNGST,090242.60,0.009,0.004,0.003,-42.2686,3.495,4.614,10.719*5F
$GNGST,090242.70,0.009,0.004,0.003,-41.5759,3.495,4.614,10.719*59
$GNGST,090242.80,0.009,0.004,0.003,-42.4266,3.495,4.614,10.719*5D
$GNGST,090242.90,0.009,0.004,0.003,-42.4266,3.495,4.614,10.719*5C
$GNGST,090243.00,0.009,0.004,0.003,-42.4521,3.495,4.614,10.719*50
$GNGST,090243.10,0.009,0.004,0.003,-42.4522,3.495,4.614,10.719*52
$GNGST,090243.20,0.009,0.004,0.003,-43.0989,3.495,4.614,10.719*59
$GNGST,090243.30,0.009,0.004,0.003,-42.4522,3.495,4.614,10.719*50
$GNGST,090243.40,0.009,0.004,0.003,-42.4522,3.495,4.614,10.719*57
$GNGST,090243.50,0.009,0.004,0.003,-41.7184,3.495,4.614,10.719*5E
$GNGST,090243.60,0.009,0.004,0.003,-42.4522,3.495,4.614,10.719*55
$GNGST,090243.70,0.009,0.004,0.003,-40.2658,3.495,4.614,10.719*5E
$GNGST,090243.80,0.009,0.004,0.003,-35.5068,3.495,4.614,10.719*51
$GNGST,090243.90,0.009,0.004,0.003,-37.4474,3.495,4.614,10.719*5A
$GNGST,090244.00,0.009,0.004,0.003,-35.8153,3.495,4.614,10.719*5A
$GNGST,090244.10,0.009,0.004,0.003,-35.7657,3.495,4.614,10.719*57
$GNGST,090244.20,0.009,0.004,0.003,-35.7658,3.495,4.614,10.719*5B
$GNGST,090244.30,0.009,0.004,0.003,-35.9323,3.495,4.614,10.719*5D
$GNGST,090244.40,0.009,0.004,0.003,-35.7784,3.495,4.614,10.719*5D
$GNGST,090244.50,0.009,0.004,0.003,-37.8096,3.495,4.614,10.719*55
$GNGST,090244.60,0.009,0.004,0.003,-37.8566,3.495,4.614,10.719*5C
$GNGST,090244.70,0.009,0.004,0.003,-36.9878,3.495,4.614,10.719*5F
$GNGST,090244.80,0.009,0.004,0.003,-37.8098,3.495,4.614,10.719*56
$GNGST,090244.90,0.009,0.004,0.003,-38.0214,3.495,4.614,10.719*56
$GNGST,090245.00,0.009,0.004,0.003,-39.5229,3.495,4.614,10.719*54
$GNGST,090245.10,0.009,0.004,0.003,-38.0215,3.495,4.614,10.719*5E
$GNGST,090245.20,0.009,0.004,0.003,-38.2047,3.495,4.614,10.719*5A
$GNGST,090245.30,0.009,0.004,0.003,-38.0810,3.495,4.614,10.719*53
$GNGST,090245.40,0.009,0.004,0.003,-38.0194,3.495,4.614,10.719*51
$GNGST,090245.50,0.009,0.004,0.003,-37.9298,3.495,4.614,10.719*59
$GNGST,090245.60,0.009,0.004,0.003,-39.5492,3.495,4.614,10.719*54
$GNGST,090245.70,0.009,0.004,0.003,-39.5047,3.495,4.614,10.719*59
$GNGST,090245.80,0.009,0.004,0.003,-39.4691,3.495,4.614,10.719*5A
$GNGST,090245.90,0.009,0.004,0.003,-39.5494,3.495,4.614,10.719*5D
$GNGST,090246.00,0.009,0.004,0.003,-37.0884,3.495,4.614,10.719*51
$GNGST,090246.10,0.009,0.004,0.003,-38.5544,3.495,4.614,10.719*5B
$GNGST,090246.20,0.009,0.004,0.003,-36.9642,3.495,4.614,10.719*5F
$GNGST,090246.30,0.009,0.004,0.003,-37.1266,3.495,4.614,10.719*55
$GNGST,090246.40,0.009,0.004,0.003,-37.0516,3.495,4.614,10.719*53
$GNGST,090246.50,0.009,0.004,0.003,-36.9176,3.495,4.614,10.719*58
$GNGST,090246.60,0.009,0.004,0.003,-36.3957,3.495,4.614,10.719*5A
$GNGST,090246.70,0.009,0.004,0.003,-36.5562,3.495,4.614,10.719*57
$GNGST,090246.80,0.009,0.004,0.003,-36.5563,3.495,4.614,10.719*59
$GNGST,090246.90,0.009,0.004,0.003,-36.5564,3.495,4.614,10.719*5F
$GNGST,090247.00,0.009,0.004,0.003,-38.2649,3.495,4.614,10.719*52
$GNGST,090247.10,0.009,0.004,0.003,-38.3221,3.495,4.614,10.719*58
$GNGST,090247.20,0.009,0.004,0.003,-38.3222,3.495,4.614,10.719*58
$GNGST,090247.30,0.009,0.004,0.003,-38.3223,3.495,4.614,10.719*58
$GNGST,090247.40,0.009,0.004,0.003,-38.3223,3.495,4.614,10.719*5F
$GNGST,090247.50,0.009,0.004,0.003,-37.4795,3.495,4.614,10.719*5E
$GNGST,090247.60,0.009,0.004,0.003,-35.5072,3.495,4.614,10.719*50
$GNGST,090247.70,0.009,0.004,0.003,-36.1730,3.495,4.614,10.719*57
$GNGST,090247.80,0.009,0.004,0.003,-36.1731,3.495,4.614,10.719*59
$GNGST,090247.90,0.009,0.004,0.003,-37.0429,3.495,4.614,10.719*52
$GNGST,090248.00,0.009,0.004,0.003,-36.3799,3.495,4.614,10.719*5E
$GNGST,090248.10,0.009,0.004,0.003,-37.7412,3.495,4.614,10.719*5A
$GNGST,090248.20,0.009,0.004,0.003,-37.3186,3.495,4.614,10.719*55
$GNGST,090248.30,0.009,0.004,0.003,-36.9509,3.495,4.614,10.719*5C
$GNGST,090248.40,0.009,0.004,0.003,-37.1487,3.495,4.614,10.719*55
$GNGST,090248.50,0.009,0.004,0.003,-37.9009,3.495,4.614,10.719*5E
$GNGST,090248.60,0.009,0.004,0.003,-39.4496,3.495,4.614,10.719*5C
$GNGST,090248.70,0.009,0.004,0.003,-39.9170,3.495,4.614,10.719*5D
$GNGST,090248.80,0.009,0.004,0.003,-39.6295,3.495,4.614,10.719*55
$GNGST,090248.90,0.009,0.004,0.003,-39.9171,3.495,4.614,10.719*52
$GNGST,090249.00,0.009,0.004,0.003,-40.8243,3.495,4.614,10.719*57
$GNGST,090249.10,0.009,0.004,0.003,-42.0593,3.495,4.614,10.719*56
$GNGST,090249.20,0.009,0.004,0.003,-42.5207,3.495,4.614,10.719*5A
$GNGST,090249.30,0.009,0.004,0.003,-40.5523,3.495,4.614,10.719*58
$GNGST,090249.40,0.009,0.004,0.003,-41.7927,3.495,4.614,10.719*54
$GNGST,090249.50,0.009,0.004,0.003,-39.7456,3.495,4.614,10.719*51
$GNGST,090249.60,0.009,0.004,0.003,-42.9901,3.495,4.614,10.719*5F
$GNGST,090249.70,0.009,0.004,0.003,-40.5524,3.495,4.614,10.719*5B
$GNGST,090249.80,0.009,0.004,0.003,-40.8258,3.495,4.614,10.719*55
$GNGST,090249.90,0.009,0.004,0.003,-40.4524,3.495,4.614,10.719*54
$GNGST,090250.00,0.009,0.004,0.003,-42.6214,3.495,4.614,10.719*51
$GNGST,090250.10,0.009,0.004,0.003,-40.4156,3.495,4.614,10.719*55
$GNGST,090250.20,0.009,0.004,0.003,-40.6936,3.495,4.614,10.719*5A
$GNGST,090250.30,0.009,0.004,0.003,-40.8259,3.495,4.614,10.719*57
$GNGST,090250.40,0.009,0.004,0.003,-40.8259,3.495,4.614,10.719*50
$GNGST,090250.50,0.009,0.004,0.003,-42.0447,3.495,4.614,10.719*52
$GNGST,090250.60,0.009,0.004,0.003,-42.0787,3.495,4.614,10.719*5E
$GNGST,090250.70,0.009,0.004,0.003,-39.8216,3.495,4.614,10.719*56
$GNGST,090250.80,0.009,0.004,0.003,-39.8438,3.495,4.614,10.719*53
$GNGST,090250.90,0.009,0.004,0.003,-40.1083,3.495,4.614,10.719*51
$GNGST,090251.00,0.009,0.004,0.003,-40.0059,3.495,4.614,10.719*5F
$GNGST,090251.10,0.009,0.004,0.003,-40.1084,3.495,4.614,10.719*5F
$GNGST,090251.20,0.009,0.004,0.003,-40.1084,3.495,4.614,10.719*5C
$GNGST,090251.30,0.009,0.004,0.003,-40.1085,3.495,4.614,10.719*5C
$GNGST,090251.40,0.009,0.004,0.003,-40.2964,3.495,4.614,10.719*5E
$GNGST,090251.50,0.009,0.004,0.003,-40.1653,3.495,4.614,10.719*57
$GNGST,090251.60,0.009,0.004,0.003,-40.2964,3.495,4.614,10.719*5C
$GNGST,090251.70,0.009,0.004,0.003,-40.2964,3.495,4.614,10.719*5D
$GNGST,090251.80,0.009,0.004,0.003,-40.1654,3.495,4.614,10.719*5D
$GNGST,090251.90,0.009,0.004,0.003,-39.2098,3.495,4.614,10.719*57
$GNGST,090252.00,0.009,0.004,0.003,-39.2735,3.495,4.614,10.719*5D
$GNGST,090252.10,0.009,0.004,0.003,-40.6492,3.495,4.614,10.719*58
$GNGST,090252.20,0.009,0.004,0.003,-40.6492,3.495,4.614,10.719*5B
$GNGST,090252.30,0.009,0.004,0.003,-40.6492,3.495,4.614,10.719*5A
$GNGST,090252.40,0.009,0.004,0.003,-40.6493,3.495,4.614,10.719*5C
$GNGST,090252.50,0.009,0.004,0.003,-40.6493,3.495,4.614,10.719*5D
$GNGST,090252.60,0.009,0.004,0.003,-39.1299,3.495,4.614,10.719*5B
$GNGST,090252.70,0.009,0.004,0.003,-39.0653,3.495,4.614,10.719*59
$GNGST,090252.80,0.009,0.004,0.003,-40.6493,3.495,4.614,10.719*50
$GNGST,090252.90,0.009,0.004,0.003,-37.0637,3.495,4.614,10.719*5B
$GNGST,090253.00,0.009,0.004,0.003,-36.1464,3.495,4.614,10.719*57
$GNGST,090253.10,0.009,0.004,0.003,-36.0709,3.495,4.614,10.719*5F
$GNGST,090253.20,0.009,0.004,0.003,-36.0711,3.495,4.614,10.719*55
$GNGST,090253.30,0.009,0.004,0.003,-36.0712,3.495,4.614,10.719*57
$GNGST,090253.40,0.009,0.004,0.003,-37.2372,3.495,4.614,10.719*51
$GNGST,090253.50,0.009,0.004,0.003,-36.0714,3.495,4.614,10.719*57
$GNGST,090253.60,0.009,0.004,0.003,-37.2374,3.495,4.614,10.719*55
$GNGST,090253.70,0.009,0.004,0.003,-37.2194,3.495,4.614,10.719*58
$GNGST,090253.80,0.009,0.004,0.003,-37.4639,3.495,4.614,10.719*51
$GNGST,090253.90,0.009,0.004,0.003,-39.2479,3.495,4.614,10.719*5E
$GNGST,090254.00,0.009,0.004,0.003,-37.2877,3.495,4.614,10.719*5C
$GNGST,090254.10,0.009,0.004,0.003,-37.2198,3.495,4.614,10.719*55
$GNGST,090254.20,0.009,0.004,0.003,-37.2150,3.495,4.614,10.719*52
$GNGST,090254.30,0.009,0.004,0.003,-38.3015,3.495,4.614,10.719*5D
$GNGST,090254.40,0.009,0.004,0.003,-38.3458,3.495,4.614,10.719*57
$GNGST,090254.50,0.009,0.004,0.003,-39.4276,3.495,4.614,10.719*5A
$GNGST,090254.60,0.009,0.004,0.003,-39.5313,3.495,4.614,10.719*5A
$GNGST,090254.70,0.009,0.004,0.003,-39.5313,3.495,4.614,10.719*5B
$GNGST,090254.80,0.009,0.004,0.003,-39.5860,3.495,4.614,10.719*5B
$GNGST,090254.90,0.009,0.004,0.003,-39.2577,3.495,4.614,10.719*56
$GNGST,090255.00,0.009,0.004,0.003,-38.6077,3.495,4.614,10.719*5E
$GNGST,090255.10,0.009,0.004,0.003,-39.4728,3.495,4.614,10.719*51
$GNGST,090255.20,0.009,0.004,0.003,-40.8025,3.495,4.614,10.719*5A
$GNGST,090255.30,0.009,0.004,0.003,-39.2579,3.495,4.614,10.719*53
$GNGST,090255.40,0.009,0.004,0.003,-39.3350,3.495,4.614,10.719*58
$GNGST,090255.50,0.009,0.004,0.003,-39.3984,3.495,4.614,10.719*5A
$GNGST,090255.60,0.009,0.004,0.003,-39.9437,3.495,4.614,10.719*56
$GNGST,090255.70,0.009,0.004,0.003,-39.9437,3.495,4.614,10.719*57
$GNGST,090255.80,0.009,0.004,0.003,-39.9705,3.495,4.614,10.719*5A
$GNGST,090255.90,0.009,0.004,0.003,-41.8938,3.495,4.614,10.719*55
$GNGST,090256.00,0.009,0.004,0.003,-41.5631,3.495,4.614,10.719*54
$GNGST,090256.10,0.009,0.004,0.003,-41.6643,3.495,4.614,10.719*53
$GNGST,090256.20,0.009,0.004,0.003,-41.6643,3.495,4.614,10.719*50
$GNGST,090256.30,0.009,0.004,0.003,-41.7449,3.495,4.614,10.719*58
$GNGST,090256.40,0.009,0.004,0.003,-41.6644,3.495,4.614,10.719*51
$GNGST,090256.50,0.009,0.004,0.003,-41.5947,3.495,4.614,10.719*5F
$GNGST,090256.60,0.009,0.004,0.003,-41.5171,3.495,4.614,10.719*51
$GNGST,090256.70,0.009,0.004,0.003,-41.5915,3.495,4.614,10.719*5A
$GNGST,090256.80,0.009,0.004,0.003,-41.5171,3.495,4.614,10.719*5F
$GNGST,090256.90,0.009,0.004,0.003,-41.7352,3.495,4.614,10.719*5F
$GNGST,090257.00,0.009,0.004,0.003,-43.2665,3.495,4.614,10.719*51
$GNGST,090257.10,0.009,0.004,0.003,-43.3505,3.495,4.614,10.719*54
$GNGST,090257.20,0.009,0.004,0.003,-43.4150,3.495,4.614,10.719*54
$GNGST,090257.30,0.009,0.004,0.003,-43.3505,3.495,4.614,10.719*56
$GNGST,090257.40,0.009,0.004,0.003,-41.6238,3.495,4.614,10.719*5F
$GNGST,090257.50,0.009,0.004,0.003,-41.7046,3.495,4.614,10.719*54
$GNGST,090257.60,0.009,0.004,0.003,-40.2001,3.495,4.614,10.719*50
$GNGST,090257.70,0.009,0.004,0.003,-40.1177,3.495,4.614,10.719*52
$GNGST,090257.80,0.009,0.004,0.003,-40.2002,3.495,4.614,10.719*5D
$GNGST,090257.90,0.009,0.004,0.003,-40.1435,3.495,4.614,10.719*5F
$GNGST,090258.00,0.009,0.004,0.003,-41.1094,3.495,4.614,10.719*57
$GNGST,090258.10,0.009,0.004,0.003,-41.8365,3.495,4.614,10.719*52
$GNGST,090258.20,0.009,0.004,0.003,-41.1094,3.495,4.614,10.719*55
$GNGST,090258.30,0.009,0.004,0.003,-41.1094,3.495,4.614,10.719*54
$GNGST,090258.40,0.009,0.004,0.003,-41.1095,3.495,4.614,10.719*52
$GNGST,090258.50,0.009,0.004,0.003,-41.8366,3.495,4.614,10.719*55
$GNGST,090258.60,0.009,0.004,0.003,-41.8366,3.495,4.614,10.719*56
$GNGST,090258.70,0.009,0.004,0.003,-37.3885,3.495,4.614,10.719*5B
$GNGST,090258.80,0.009,0.004,0.003,-37.2211,3.495,4.614,10.719*52
$GNGST,090258.90,0.009,0.004,0.003,-37.6516,3.495,4.614,10.719*57
$GNGST,090259.00,0.009,0.004,0.003,-37.6517,3.495,4.614,10.719*5E
$GNGST,090259.10,0.009,0.004,0.003,-37.9273,3.495,4.614,10.719*55
$GNGST,090259.20,0.009,0.004,0.003,-37.9979,3.495,4.614,10.719*57
$GNGST,090259.30,0.009,0.004,0.003,-38.1700,3.495,4.614,10.719*51
$GNGST,090259.40,0.009,0.004,0.003,-37.4453,3.495,4.614,10.719*59
$GNGST,090259.50,0.009,0.004,0.003,-36.9763,3.495,4.614,10.719*54
$GNGST,090259.60,0.009,0.004,0.003,-38.2613,3.495,4.614,10.719*54
$GNGST,090259.70,0.009,0.004,0.003,-38.3230,3.495,4.614,10.719*51
$GNGST,090259.80,0.009,0.004,0.003,-37.3084,3.495,4.614,10.719*5C
$GNGST,090259.90,0.009,0.004,0.003,-37.3736,3.495,4.614,10.719*53
$GNGST,090300.00,0.009,0.004,0.003,-37.3737,3.495,4.614,10.719*56
$GNGST,090300.10,0.009,0.004,0.003,-37.3737,3.495,4.614,10.719*57
$GNGST,090300.20,0.009,0.004,0.003,-37.3087,3.495,4.614,10.719*58
$GNGST,090300.30,0.009,0.004,0.003,-37.3739,3.495,4.614,10.719*5B
$GNGST,090300.40,0.009,0.004,0.003,-37.3740,3.495,4.614,10.719*52
$GNGST,090300.50,0.009,0.004,0.003,-39.1000,3.495,4.614,10.719*5C
$GNGST,090300.60,0.009,0.004,0.003,-38.1303,3.495,4.614,10.719*5E
$GNGST,090300.70,0.009,0.004,0.003,-38.1304,3.495,4.614,10.719*58
$GNGST,090300.80,0.009,0.004,0.003,-38.1304,3.495,4.614,10.719*57
$GNGST,090300.90,0.009,0.004,0.003,-39.1869,3.495,4.614,10.719*57
$GNGST,090301.00,0.009,0.004,0.003,-39.1870,3.495,4.614,10.719*57
$GNGST,090301.10,0.009,0.004,0.003,-39.4100,3.495,4.614,10.719*5D
$GNGST,090301.20,0.009,0.004,0.003,-40.6993,3.495,4.614,10.719*50
$GNGST,090301.30,0.009,0.004,0.003,-40.3991,3.495,4.614,10.719*56
$GNGST,090301.40,0.009,0.004,0.003,-41.6709,3.495,4.614,10.719*5A
$GNGST,090301.50,0.009,0.004,0.003,-41.6710,3.495,4.614,10.719*53
$GNGST,090301.60,0.009,0.004,0.003,-40.6996,3.495,4.614,10.719*51
$GNGST,090301.70,0.009,0.004,0.003,-41.7834,3.495,4.614,10.719*59
$GNGST,090301.80,0.009,0.004,0.003,-41.6711,3.495,4.614,10.719*5F
$GNGST,090301.90,0.009,0.004,0.003,-42.6921,3.495,4.614,10.719*50
$GNGST,090302.00,0.009,0.004,0.003,-42.0768,3.495,4.614,10.719*5F
$GNGST,090302.10,0.009,0.004,0.003,-39.1895,3.495,4.614,10.719*5E
$GNGST,090302.20,0.009,0.004,0.003,-41.2078,3.495,4.614,10.719*5A
$GNGST,090302.30,0.009,0.004,0.003,-41.2078,3.495,4.614,10.719*5B
$GNGST,090302.40,0.009,0.004,0.003,-41.4020,3.495,4.614,10.719*57
$GNGST,090302.50,0.009,0.004,0.003,-39.1898,3.495,4.614,10.719*57
$GNGST,090302.60,0.009,0.004,0.003,-42.1514,3.495,4.614,10.719*51
$GNGST,090302.70,0.009,0.004,0.003,-39.3655,3.495,4.614,10.719*58
$GNGST,090302.80,0.009,0.004,0.003,-41.5079,3.495,4.614,10.719*56
$GNGST,090302.90,0.009,0.004,0.003,-40.4732,3.495,4.614,10.719*5F
$GNGST,090303.00,0.009,0.004,0.003,-40.4732,3.495,4.614,10.719*57
$GNGST,090303.10,0.009,0.004,0.003,-39.5327,3.495,4.614,10.719*59
$GNGST,090303.20,0.009,0.004,0.003,-40.4733,3.495,4.614,10.719*54
$GNGST,090303.30,0.009,0.004,0.003,-39.6059,3.495,4.614,10.719*52
$GNGST,090303.40,0.009,0.004,0.003,-40.8816,3.495,4.614,10.719*56
$GNGST,090303.50,0.009,0.004,0.003,-40.4039,3.495,4.614,10.719*5E
$GNGST,090303.60,0.009,0.004,0.003,-39.1612,3.495,4.614,10.719*59
$GNGST,090303.70,0.009,0.004,0.003,-40.0048,3.495,4.614,10.719*5E
$GNGST,090303.80,0.009,0.004,0.003,-38.9468,3.495,4.614,10.719*51
$GNGST,090303.90,0.009,0.004,0.003,-41.5448,3.495,4.614,10.719*50
$GNGST,090304.00,0.009,0.004,0.003,-41.5448,3.495,4.614,10.719*5E
$GNGST,090304.10,0.009,0.004,0.003,-39.5685,3.495,4.614,10.719*53
$GNGST,090304.20,0.009,0.004,0.003,-39.5686,3.495,4.614,10.719*53
$GNGST,090304.30,0.009,0.004,0.003,-39.5686,3.495,4.614,10.719*52
$GNGST,090304.40,0.009,0.004,0.003,-38.9471,3.495,4.614,10.719*52
$GNGST,090304.50,0.009,0.004,0.003,-39.5731,3.495,4.614,10.719*59
$GNGST,090304.60,0.009,0.004,0.003,-38.7790,3.495,4.614,10.719*52
$GNGST,090304.70,0.009,0.004,0.003,-40.1023,3.495,4.614,10.719*55
$GNGST,090304.80,0.009,0.004,0.003,-40.8448,3.495,4.614,10.719*5A
$GNGST,090304.90,0.009,0.004,0.003,-41.3085,3.495,4.614,10.719*54
$GNGST,090305.00,0.009,0.004,0.003,-41.3085,3.495,4.614,10.719*5C
$GNGST,090305.10,0.009,0.004,0.003,-40.9701,3.495,4.614,10.719*5D
$GNGST,090305.20,0.009,0.004,0.003,-40.9701,3.495,4.614,10.719*5E
$GNGST,090305.30,0.009,0.004,0.003,-41.0280,3.495,4.614,10.719*5B
$GNGST,090305.40,0.009,0.004,0.003,-40.1642,3.495,4.614,10.719*56
$GNGST,090305.50,0.009,0.004,0.003,-40.0561,3.495,4.614,10.719*54
$GNGST,090305.60,0.009,0.004,0.003,-40.0562,3.495,4.614,10.719*54
$GNGST,090305.70,0.009,0.004,0.003,-39.9832,3.495,4.614,10.719*5A
$GNGST,090305.80,0.009,0.004,0.003,-41.3475,3.495,4.614,10.719*5F
$GNGST,090305.90,0.009,0.004,0.003,-41.3930,3.495,4.614,10.719*52
$GNGST,090306.00,0.009,0.004,0.003,-40.7169,3.495,4.614,10.719*59
$GNGST,090306.10,0.009,0.004,0.003,-41.4096,3.495,4.614,10.719*5B
$GNGST,090306.20,0.009,0.004,0.003,-41.4096,3.495,4.614,10.719*58
$GNGST,090306.30,0.009,0.004,0.003,-41.5682,3.495,4.614,10.719*5B
$GNGST,090306.40,0.009,0.004,0.003,-42.4537,3.495,4.614,10.719*53
$GNGST,090306.50,0.009,0.004,0.003,-41.8740,3.495,4.614,10.719*5F
$GNGST,090306.60,0.009,0.004,0.003,-41.3893,3.495,4.614,10.719*56
$GNGST,090306.70,0.009,0.004,0.003,-42.3166,3.495,4.614,10.719*57
$GNGST,090306.80,0.009,0.004,0.003,-41.5945,3.495,4.614,10.719*54
$GNGST,090306.90,0.009,0.004,0.003,-42.4462,3.495,4.614,10.719*5F
$GNGST,090307.00,0.010,0.004,0.003,-42.3366,3.495,4.614,10.719*5B
$GNGST,090307.10,0.010,0.004,0.003,-42.2774,3.495,4.614,10.719*5C
$GNGST,090307.20,0.009,0.004,0.003,-42.5161,3.495,4.614,10.719*52
$GNGST,090307.30,0.009,0.004,0.003,-42.3875,3.495,4.614,10.719*59
$GNGST,090307.40,0.009,0.004,0.003,-42.3875,3.495,4.614,10.719*5E
$GNGST,090307.50,0.009,0.004,0.003,-42.3875,3.495,4.614,10.719*5F
$GNGST,090307.60,0.009,0.004,0.003,-39.4100,3.495,4.614,10.719*5C
$GNGST,090307.70,0.009,0.004,0.003,-41.0354,3.495,4.614,10.719*55
$GNGST,090307.80,0.009,0.004,0.003,-41.0354,3.495,4.614,10.719*5A
$GNGST,090307.90,0.009,0.004,0.003,-40.1861,3.495,4.614,10.719*56
$GNGST,090308.00,0.010,0.004,0.003,-41.1594,3.495,4.614,10.719*5E
$GNGST,090308.10,0.010,0.004,0.003,-41.2099,3.495,4.614,10.719*54
$GNGST,090308.20,0.009,0.004,0.003,-40.2407,3.495,4.614,10.719*5D
$GNGST,090308.30,0.010,0.004,0.003,-41.2101,3.495,4.614,10.719*56
$GNGST,090308.40,0.009,0.004,0.003,-40.4415,3.495,4.614,10.719*5E
$GNGST,090308.50,0.009,0.004,0.003,-41.3916,3.495,4.614,10.719*57
$GNGST,090308.60,0.009,0.004,0.003,-41.2748,3.495,4.614,10.719*50
$GNGST,090308.70,0.009,0.004,0.003,-40.5836,3.495,4.614,10.719*51
$GNGST,090308.80,0.009,0.004,0.003,-41.4419,3.495,4.614,10.719*5F
$GNGST,090308.90,0.009,0.004,0.003,-43.4665,3.495,4.614,10.719*55
$GNGST,090309.00,0.009,0.004,0.003,-42.7288,3.495,4.614,10.719*58
$GNGST,090309.10,0.009,0.004,0.003,-41.8913,3.495,4.614,10.719*5C
$GNGST,090309.20,0.009,0.004,0.003,-43.6767,3.495,4.614,10.719*5E
$GNGST,090309.30,0.009,0.004,0.003,-43.6170,3.495,4.614,10.719*5F
$GNGST,090309.40,0.009,0.004,0.003,-43.6766,3.495,4.614,10.719*59
$GNGST,090309.50,0.009,0.004,0.003,-43.6766,3.495,4.614,10.719*58
$GNGST,090309.60,0.009,0.004,0.003,-43.2620,3.495,4.614,10.719*5C
$GNGST,090309.70,0.009,0.004,0.003,-43.6764,3.495,4.614,10.719*58
$GNGST,090309.80,0.009,0.004,0.003,-42.8512,3.495,4.614,10.719*5B
$GNGST,090309.90,0.009,0.004,0.003,-42.9546,3.495,4.614,10.719*5A
$GNGST,090310.00,0.009,0.004,0.003,-43.6763,3.495,4.614,10.719*50
$GNGST,090310.10,0.009,0.004,0.003,-43.6762,3.495,4.614,10.719*50
$GNGST,090310.20,0.009,0.004,0.003,-44.2615,3.495,4.614,10.719*51
$GNGST,090310.30,0.009,0.004,0.003,-40.1739,3.495,4.614,10.719*58
$GNGST,090310.40,0.009,0.004,0.003,-41.0370,3.495,4.614,10.719*56
$GNGST,090310.50,0.009,0.004,0.003,-40.9898,3.495,4.614,10.719*52
$GNGST,090310.60,0.009,0.004,0.003,-40.0372,3.495,4.614,10.719*57
$GNGST,090310.70,0.009,0.004,0.003,-41.0494,3.495,4.614,10.719*58
$GNGST,090310.80,0.009,0.004,0.003,-41.8268,3.495,4.614,10.719*5A
$GNGST,090310.90,0.009,0.004,0.003,-41.8646,3.495,4.614,10.719*53
$GNGST,090311.00,0.009,0.004,0.003,-40.9522,3.495,4.614,10.719*5A
$GNGST,090311.10,0.009,0.004,0.003,-41.8646,3.495,4.614,10.719*5A
$GNGST,090311.20,0.009,0.004,0.003,-40.9522,3.495,4.614,10.719*58
$GNGST,090311.30,0.009,0.004,0.003,-40.9522,3.495,4.614,10.719*59
$GNGST,090311.40,0.009,0.004,0.003,-40.9523,3.495,4.614,10.719*5F
$GNGST,090311.50,0.009,0.004,0.003,-40.5898,3.495,4.614,10.719*5F
$GNGST,090311.60,0.009,0.004,0.003,-40.5899,3.495,4.614,10.719*5D
$GNGST,090311.70,0.009,0.004,0.003,-40.6256,3.495,4.614,10.719*56
$GNGST,090311.80,0.009,0.004,0.003,-40.4559,3.495,4.614,10.719*53
$GNGST,090311.90,0.009,0.004,0.003,-41.5141,3.495,4.614,10.719*5F
$GNGST,090312.00,0.009,0.004,0.003,-40.5490,3.495,4.614,10.719*5D
$GNGST,090312.10,0.009,0.004,0.003,-40.5490,3.495,4.614,10.719*5C
$GNGST,090312.20,0.009,0.004,0.003,-40.6257,3.495,4.614,10.719*51
$GNGST,090312.30,0.009,0.004,0.003,-41.5455,3.495,4.614,10.719*56
$GNGST,090312.40,0.009,0.004,0.003,-41.5455,3.495,4.614,10.719*51
$GNGST,090312.50,0.009,0.004,0.003,-41.5455,3.495,4.614,10.719*50
$GNGST,090312.60,0.009,0.004,0.003,-41.5455,3.495,4.614,10.719*53
$GNGST,090312.70,0.009,0.004,0.003,-42.1518,3.495,4.614,10.719*5D
$GNGST,090312.80,0.009,0.004,0.003,-41.4964,3.495,4.614,10.719*53
$GNGST,090312.90,0.009,0.004,0.003,-43.0112,3.495,4.614,10.719*5D
$GNGST,090313.00,0.009,0.004,0.003,-42.4694,3.495,4.614,10.719*59
$GNGST,090313.10,0.010,0.004,0.003,-40.2613,3.495,4.614,10.719*5B
$GNGST,090313.20,0.010,0.004,0.003,-37.6935,3.495,4.614,10.719*57
$GNGST,090313.30,0.011,0.004,0.004,-38.8823,3.495,4.614,10.719*57
$GNGST,090313.40,0.009,0.004,0.003,-43.5663,3.495,4.614,10.719*55
$GNGST,090313.50,0.009,0.004,0.003,-43.5663,3.495,4.614,10.719*54
$GNGST,090313.60,0.009,0.004,0.003,-43.5663,3.495,4.614,10.719*57
$GNGST,090313.70,0.010,0.004,0.004,-46.4708,3.495,4.614,10.719*51
$GNGST,090313.80,0.009,0.004,0.003,-44.5603,3.495,4.614,10.719*58
$GNGST,090313.90,0.009,0.004,0.003,-44.3577,3.495,4.614,10.719*5F
$GNGST,090314.00,0.009,0.004,0.003,-44.3577,3.495,4.614,10.719*51
$GNGST,090314.10,0.009,0.004,0.003,-42.6937,3.495,4.614,10.719*5B
$GNGST,090314.20,0.009,0.004,0.003,-44.3576,3.495,4.614,10.719*52
$GNGST,090314.30,0.009,0.004,0.003,-44.3575,3.495,4.614,10.719*50
$GNGST,090314.40,0.009,0.004,0.003,-44.3575,3.495,4.614,10.719*57
$GNGST,090314.50,0.010,0.004,0.004,-27.9023,3.495,4.614,10.719*50
$GNGST,090314.60,0.009,0.004,0.003,-44.3574,3.495,4.614,10.719*54
$GNGST,090314.70,0.009,0.004,0.003,-44.3574,3.495,4.614,10.719*55
$GNGST,090314.80,0.009,0.004,0.003,-44.3574,3.495,4.614,10.719*5A
$GNGST,090314.90,0.009,0.004,0.003,-41.5805,3.495,4.614,10.719*53
$GNGST,090315.00,0.009,0.004,0.003,-41.5805,3.495,4.614,10.719*5B
$GNGST,090315.10,0.009,0.004,0.003,-41.5805,3.495,4.614,10.719*5A
$GNGST,090315.20,0.009,0.004,0.003,-41.5805,3.495,4.614,10.719*59
$GNGST,090315.30,0.009,0.004,0.003,-41.5805,3.495,4.614,10.719*58
$GNGST,090315.40,0.009,0.004,0.003,-41.5805,3.495,4.614,10.719*5F
$GNGST,090315.50,0.009,0.004,0.003,-41.5804,3.495,4.614,10.719*5F
$GNGST,090315.60,0.009,0.004,0.003,-43.1476,3.495,4.614,10.719*53
$GNGST,090315.70,0.009,0.004,0.003,-43.4386,3.495,4.614,10.719*5F
$GNGST,090315.80,0.009,0.004,0.003,-39.8522,3.495,4.614,10.719*59
$GNGST,090315.90,0.009,0.004,0.003,-41.1724,3.495,4.614,10.719*5A
$GNGST,090316.00,0.009,0.004,0.003,-40.7341,3.495,4.614,10.719*50
$GNGST,090316.10,0.009,0.004,0.003,-40.4599,3.495,4.614,10.719*51
$GNGST,090316.20,0.009,0.004,0.003,-41.9356,3.495,4.614,10.719*5B
$GNGST,090316.30,0.009,0.004,0.003,-39.7303,3.495,4.614,10.719*5B
$GNGST,090316.40,0.009,0.004,0.003,-40.7341,3.495,4.614,10.719*54
$GNGST,090316.50,0.009,0.004,0.003,-41.9684,3.495,4.614,10.719*56
$GNGST,090316.60,0.009,0.004,0.003,-43.6413,3.495,4.614,10.719*54
$GNGST,090316.70,0.010,0.004,0.003,-44.4954,3.495,4.614,10.719*56
$GNGST,090316.80,0.009,0.004,0.003,-44.1354,3.495,4.614,10.719*5E
$GNGST,090316.90,0.009,0.004,0.003,-43.9851,3.495,4.614,10.719*5E
$GNGST,090317.00,0.009,0.004,0.003,-43.9851,3.495,4.614,10.719*56
$GNGST,090317.10,0.009,0.004,0.003,-43.9850,3.495,4.614,10.719*56
$GNGST,090317.20,0.009,0.004,0.003,-43.9850,3.495,4.614,10.719*55
$GNGST,090317.30,0.010,0.004,0.003,-39.8889,3.495,4.614,10.719*54
$GNGST,090317.40,0.009,0.004,0.003,-43.9850,3.495,4.614,10.719*53
$GNGST,090317.50,0.009,0.004,0.003,-42.6146,3.495,4.614,10.719*52
$GNGST,090317.60,0.009,0.004,0.003,-42.7336,3.495,4.614,10.719*55
$GNGST,090317.70,0.009,0.004,0.003,-42.1269,3.495,4.614,10.719*59
$GNGST,090317.80,0.010,0.004,0.004,-38.4574,3.495,4.614,10.719*5A
$GNGST,090317.90,0.010,0.004,0.003,-41.2267,3.495,4.614,10.719*51
$GNGST,090318.00,0.009,0.004,0.003,-48.7607,3.495,4.614,10.719*51
$GNGST,090318.10,0.010,0.004,0.003,-47.1286,3.495,4.614,10.719*5C
$GNGST,090318.20,0.009,0.004,0.003,-42.7214,3.495,4.614,10.719*5F
$GNGST,090318.30,0.010,0.004,0.004,-45.1053,3.495,4.614,10.719*51
$GNGST,090318.40,0.010,0.004,0.004,-49.5279,3.495,4.614,10.719*54
$GNGST,090318.50,0.009,0.004,0.003,-42.7477,3.495,4.614,10.719*5B
$GNGST,090318.60,0.009,0.004,0.003,-42.1980,3.495,4.614,10.719*5B
$GNGST,090318.70,0.010,0.004,0.004,-37.9873,3.495,4.614,10.719*52
$GNGST,090318.80,0.009,0.004,0.003,-42.1980,3.495,4.614,10.719*55
$GNGST,090318.90,0.010,0.004,0.004,-31.4154,3.495,4.614,10.719*5B
$GNGST,090319.00,0.010,0.004,0.004,-32.9826,3.495,4.614,10.719*51
$GNGST,090319.10,0.010,0.004,0.004,-39.0878,3.495,4.614,10.719*59
$GNGST,090319.20,0.010,0.004,0.004,-38.2844,3.495,4.614,10.719*56
$GNGST,090319.30,0.010,0.004,0.004,-36.0654,3.495,4.614,10.719*54
$GNGST,090319.40,0.010,0.004,0.004,-35.6604,3.495,4.614,10.719*53
$GNGST,090319.50,0.010,0.004,0.004,-32.8085,3.495,4.614,10.719*54
$GNGST,090319.60,0.010,0.004,0.003,-36.9675,3.495,4.614,10.719*5C
$GNGST,090319.70,0.010,0.004,0.003,-40.6535,3.495,4.614,10.719*54
$GNGST,090319.80,0.010,0.005,0.004,-42.4261,3.495,4.614,10.719*5B
$GNGST,090319.90,0.011,0.004,0.004,-49.3396,3.495,4.614,10.719*5F
$GNGST,090320.00,0.010,0.004,0.004,2.3012,3.495,4.614,10.719*40
$GNGST,090320.10,0.009,0.004,0.003,-42.4045,3.495,4.614,10.719*52
$GNGST,090320.20,0.010,0.004,0.004,-37.0635,3.495,4.614,10.719*59
$GNGST,090320.30,0.009,0.004,0.003,-44.7313,3.495,4.614,10.719*55
$GNGST,090320.40,0.010,0.004,0.004,-25.4267,3.495,4.614,10.719*5B
$GNGST,090320.50,0.010,0.004,0.004,-47.2264,3.495,4.614,10.719*5B
$GNGST,090320.60,0.010,0.004,0.003,-46.8137,3.495,4.614,10.719*51
$GNGST,090320.70,0.010,0.004,0.003,-46.8136,3.495,4.614,10.719*51
$GNGST,090320.80,0.010,0.004,0.003,-50.9976,3.495,4.614,10.719*54
$GNGST,090320.90,0.011,0.005,0.004,-26.8165,3.495,4.614,10.719*58
$GNGST,090321.00,0.011,0.004,0.004,-38.6379,3.495,4.614,10.719*5F
$GNGST,090321.10,0.011,0.004,0.004,-38.0895,3.495,4.614,10.719*51
$GNGST,090321.20,0.009,0.004,0.003,-41.6106,3.495,4.614,10.719*57
$GNGST,090321.30,0.011,0.004,0.004,-28.3663,3.495,4.614,10.719*56
$GNGST,090321.40,0.010,0.004,0.004,-36.3107,3.495,4.614,10.719*5A
$GNGST,090321.50,0.010,0.004,0.004,-19.2445,3.495,4.614,10.719*54
$GNGST,090321.60,0.009,0.004,0.003,-41.6106,3.495,4.614,10.719*53
$GNGST,090321.70,0.009,0.004,0.003,-41.6106,3.495,4.614,10.719*52
$GNGST,090321.80,0.011,0.005,0.004,-50.8409,3.495,4.614,10.719*56
$GNGST,090321.90,0.010,0.004,0.004,-44.1883,3.495,4.614,10.719*55
$GNGST,090322.00,0.010,0.004,0.004,-43.5694,3.495,4.614,10.719*54
$GNGST,090322.10,0.010,0.004,0.004,-35.8145,3.495,4.614,10.719*52
$GNGST,090322.20,0.010,0.004,0.004,-40.2166,3.495,4.614,10.719*58
$GNGST,090322.30,0.012,0.005,0.004,-46.7896,3.495,4.614,10.719*5F
$GNGST,090322.40,0.010,0.004,0.004,-43.2281,3.495,4.614,10.719*57
$GNGST,090322.50,0.010,0.004,0.004,-45.2311,3.495,4.614,10.719*58
$GNGST,090322.60,0.010,0.005,0.004,-51.5020,3.495,4.614,10.719*59
$GNGST,090322.70,0.009,0.004,0.003,-43.6003,3.495,4.614,10.719*57
$GNGST,090322.80,0.009,0.004,0.003,-43.6003,3.495,4.614,10.719*58
$GNGST,090322.90,0.010,0.004,0.004,-23.7182,3.495,4.614,10.719*59
$GNGST,090323.00,0.010,0.004,0.004,-45.5571,3.495,4.614,10.719*5B
$GNGST,090323.10,0.011,0.004,0.004,-26.8389,3.495,4.614,10.719*52
$GNGST,090323.20,0.010,0.004,0.003,-44.5806,3.495,4.614,10.719*52
$GNGST,090323.30,0.010,0.004,0.004,-19.9569,3.495,4.614,10.719*54
$GNGST,090323.40,0.010,0.004,0.004,-42.9769,3.495,4.614,10.719*5F
$GNGST,090323.50,0.010,0.004,0.004,-37.1512,3.495,4.614,10.719*5A
$GNGST,090323.60,0.011,0.004,0.004,-48.2248,3.495,4.614,10.719*5B
$GNGST,090323.70,0.011,0.004,0.004,-28.1656,3.495,4.614,10.719*54
$GNGST,090323.80,0.010,0.004,0.004,-38.5546,3.495,4.614,10.719*5D
$GNGST,090323.90,0.011,0.005,0.004,-34.4724,3.495,4.614,10.719*57
$GNGST,090324.00,0.010,0.004,0.003,-53.6521,3.495,4.614,10.719*5A
$GNGST,090324.10,0.010,0.004,0.004,-51.4970,3.495,4.614,10.719*54
$GNGST,090324.20,0.010,0.004,0.004,-58.0052,3.495,4.614,10.719*53
$GNGST,090324.30,0.011,0.004,0.004,-48.7024,3.495,4.614,10.719*54
$GNGST,090324.40,0.010,0.004,0.003,-50.3942,3.495,4.614,10.719*51
$GNGST,090324.50,0.010,0.004,0.004,-37.6776,3.495,4.614,10.719*5A
$GNGST,090324.60,0.010,0.004,0.004,-57.4827,3.495,4.614,10.719*56
$GNGST,090324.70,0.010,0.004,0.003,-50.3238,3.495,4.614,10.719*54
$GNGST,090324.80,0.010,0.004,0.003,-46.9656,3.495,4.614,10.719*5A
$GNGST,090324.90,0.010,0.004,0.004,-52.2807,3.495,4.614,10.719*58
$GNGST,090325.00,0.010,0.004,0.003,-56.1914,3.495,4.614,10.719*53
$GNGST,090325.10,0.010,0.004,0.003,-50.5682,3.495,4.614,10.719*50
$GNGST,090325.20,0.010,0.004,0.003,-52.9295,3.495,4.614,10.719*5F
$GNGST,090325.30,0.010,0.004,0.004,-51.9221,3.495,4.614,10.719*55
$GNGST,090325.40,0.011,0.004,0.004,-34.3791,3.495,4.614,10.719*54
$GNGST,090325.50,0.010,0.004,0.003,-41.7323,3.495,4.614,10.719*58
$GNGST,090325.60,0.010,0.004,0.003,-46.8008,3.495,4.614,10.719*59
$GNGST,090325.70,0.011,0.004,0.004,-59.2726,3.495,4.614,10.719*51
$GNGST,090325.80,0.009,0.004,0.003,-45.7365,3.495,4.614,10.719*5B
$GNGST,090325.90,0.010,0.004,0.003,-44.2301,3.495,4.614,10.719*54
$GNGST,090326.00,0.010,0.004,0.004,-47.6500,3.495,4.614,10.719*59
$GNGST,090326.10,0.010,0.004,0.003,-43.0431,3.495,4.614,10.719*5E
$GNGST,090326.20,0.010,0.004,0.004,-53.7545,3.495,4.614,10.719*5E
$GNGST,090326.30,0.010,0.004,0.004,-48.0894,3.495,4.614,10.719*53
$GNGST,090326.40,0.010,0.004,0.004,-60.6219,3.495,4.614,10.719*57
$GNGST,090326.50,0.010,0.004,0.003,-51.7307,3.495,4.614,10.719*5C
$GNGST,090326.60,0.009,0.004,0.003,-43.3769,3.495,4.614,10.719*5C
$GNGST,090326.70,0.009,0.004,0.003,-43.8146,3.495,4.614,10.719*5D
$GNGST,090326.80,0.010,0.004,0.004,-44.5544,3.495,4.614,10.719*51
$GNGST,090326.90,0.010,0.004,0.003,-45.8109,3.495,4.614,10.719*56
$GNGST,090327.00,0.010,0.004,0.004,-53.8711,3.495,4.614,10.719*51
$GNGST,090327.10,0.009,0.004,0.003,-44.5967,3.495,4.614,10.719*5B
$GNGST,090327.20,0.009,0.004,0.003,-43.8145,3.495,4.614,10.719*5A
$GNGST,090327.30,0.009,0.004,0.003,-43.9836,3.495,4.614,10.719*57
$GNGST,090327.40,0.009,0.004,0.003,-43.9581,3.495,4.614,10.719*51
$GNGST,090327.50,0.009,0.004,0.003,-43.9581,3.495,4.614,10.719*50
$GNGST,090327.60,0.009,0.004,0.003,-44.6562,3.495,4.614,10.719*56
$GNGST,090327.70,0.009,0.004,0.003,-43.8824,3.495,4.614,10.719*51
$GNGST,090327.80,0.009,0.004,0.003,-44.6561,3.495,4.614,10.719*5B
$GNGST,090327.90,0.009,0.004,0.003,-44.6692,3.495,4.614,10.719*55
$GNGST,090328.00,0.009,0.004,0.003,-44.8562,3.495,4.614,10.719*51
$GNGST,090328.10,0.009,0.004,0.003,-44.7889,3.495,4.614,10.719*57
$GNGST,090328.20,0.009,0.004,0.003,-44.6689,3.495,4.614,10.719*5B
$GNGST,090328.30,0.009,0.004,0.003,-44.6689,3.495,4.614,10.719*5A
$GNGST,090328.40,0.009,0.004,0.003,-44.6688,3.495,4.614,10.719*5C
$GNGST,090328.50,0.010,0.004,0.003,-45.9672,3.495,4.614,10.719*5E
$GNGST,090328.60,0.010,0.004,0.004,-50.9828,3.495,4.614,10.719*5F
$GNGST,090328.70,0.010,0.004,0.004,-49.1596,3.495,4.614,10.719*56
$GNGST,090328.80,0.009,0.004,0.003,-47.0406,3.495,4.614,10.719*51
$GNGST,090328.90,0.010,0.004,0.004,-41.9866,3.495,4.614,10.719*5A
$GNGST,090329.00,0.009,0.004,0.004,-48.9416,3.495,4.614,10.719*58
$GNGST,090329.10,0.009,0.004,0.003,-44.0126,3.495,4.614,10.719*5D
$GNGST,090329.20,0.009,0.004,0.003,-44.2206,3.495,4.614,10.719*5D
$GNGST,090329.30,0.011,0.005,0.004,-29.7232,3.495,4.614,10.719*5A
$GNGST,090329.40,0.010,0.004,0.003,-38.4645,3.495,4.614,10.719*5D
$GNGST,090329.50,0.010,0.004,0.004,-43.6522,3.495,4.614,10.719*57
$GNGST,090329.60,0.010,0.004,0.004,-43.1015,3.495,4.614,10.719*52
$GNGST,090329.70,0.010,0.004,0.003,-52.5646,3.495,4.614,10.719*50
$GNGST,090329.80,0.010,0.004,0.004,-46.1787,3.495,4.614,10.719*55
$GNGST,090329.90,0.010,0.004,0.004,-46.0121,3.495,4.614,10.719*5F
$GNGST,090330.00,0.011,0.004,0.004,-62.7900,3.495,4.614,10.719*55
$GNGST,090330.10,0.010,0.004,0.004,-50.9609,3.495,4.614,10.719*5C
$GNGST,090330.20,0.010,0.004,0.004,-26.1317,3.495,4.614,10.719*5C
$GNGST,090330.30,0.010,0.004,0.004,-47.6845,3.495,4.614,10.719*51
$GNGST,090330.40,0.010,0.004,0.004,-51.3056,3.495,4.614,10.719*5E
$GNGST,090330.50,0.011,0.004,0.004,88.8222,3.495,4.614,10.719*7D
$GNGST,090330.60,0.010,0.004,0.004,-6.4505,3.495,4.614,10.719*6A
$GNGST,090330.70,0.011,0.005,0.004,52.5820,3.495,4.614,10.719*7C
$GNGST,090330.80,0.010,0.004,0.004,-46.0847,3.495,4.614,10.719*5F
$GNGST,090330.90,0.010,0.004,0.004,-38.8827,3.495,4.614,10.719*59
$GNGST,090331.00,0.012,0.005,0.004,74.6759,3.495,4.614,10.719*7F
$GNGST,090331.10,0.012,0.005,0.004,57.2284,3.495,4.614,10.719*7E
$GNGST,090331.20,0.012,0.005,0.004,68.0040,3.495,4.614,10.719*79
$GNGST,090331.30,0.011,0.005,0.004,68.6365,3.495,4.614,10.719*79
$GNGST,090331.40,0.011,0.005,0.004,59.4504,3.495,4.614,10.719*7F
$GNGST,090331.50,0.011,0.004,0.004,50.7872,3.495,4.614,10.719*79
$GNGST,090331.60,0.012,0.005,0.004,49.5210,3.495,4.614,10.719*7C
$GNGST,090331.70,0.012,0.005,0.004,49.5412,3.495,4.614,10.719*79
$GNGST,090331.80,0.012,0.005,0.004,49.2200,3.495,4.614,10.719*74
$GNGST,090331.90,0.013,0.005,0.004,39.2963,3.495,4.614,10.719*7D
$GNGST,090332.00,0.013,0.005,0.004,35.4570,3.495,4.614,10.719*73
$GNGST,090332.10,0.013,0.006,0.004,38.4145,3.495,4.614,10.719*7E
$GNGST,090332.20,0.013,0.005,0.004,36.0580,3.495,4.614,10.719*79
$GNGST,090332.30,0.013,0.005,0.004,36.9029,3.495,4.614,10.719*77
$GNGST,090332.40,0.014,0.006,0.005,34.0135,3.495,4.614,10.719*72
$GNGST,090332.50,0.014,0.006,0.005,38.3311,3.495,4.614,10.719*78
$GNGST,090332.60,0.010,0.004,0.004,63.6838,3.495,4.614,10.719*77
$GNGST,090332.70,0.010,0.004,0.004,63.6844,3.495,4.614,10.719*7D
$GNGST,090332.80,0.010,0.004,0.004,63.6850,3.495,4.614,10.719*77
$GNGST,090332.90,0.011,0.004,0.004,64.0160,3.495,4.614,10.719*7C
$GNGST,090333.00,0.011,0.004,0.004,64.9578,3.495,4.614,10.719*70
$GNGST,090333.10,0.010,0.004,0.004,63.6868,3.495,4.614,10.719*74
$GNGST,090333.20,0.010,0.004,0.004,63.6874,3.495,4.614,10.719*7A
$GNGST,090333.30,0.011,0.004,0.004,42.2642,3.495,4.614,10.719*76
$GNGST,090333.40,0.010,0.004,0.004,71.0709,3.495,4.614,10.719*7C
$GNGST,090333.50,0.010,0.004,0.004,63.6893,3.495,4.614,10.719*74
$GNGST,090333.60,0.012,0.004,0.004,59.3265,3.495,4.614,10.719*7A
$GNGST,090333.70,0.010,0.004,0.004,70.6673,3.495,4.614,10.719*74
$GNGST,090333.80,0.010,0.004,0.004,71.0733,3.495,4.614,10.719*79
$GNGST,090333.90,0.010,0.004,0.004,-48.0736,3.495,4.614,10.719*5A
$GNGST,090334.00,0.010,0.004,0.004,-48.0046,3.495,4.614,10.719*54
$GNGST,090334.10,0.010,0.004,0.004,-48.0732,3.495,4.614,10.719*51
$GNGST,090334.20,0.010,0.004,0.004,-48.0977,3.495,4.614,10.719*5D
$GNGST,090334.30,0.010,0.004,0.004,-48.2867,3.495,4.614,10.719*5E
$GNGST,090334.40,0.010,0.004,0.004,-48.2754,3.495,4.614,10.719*56
$GNGST,090334.50,0.010,0.004,0.004,-47.9227,3.495,4.614,10.719*52
$GNGST,090334.60,0.010,0.004,0.004,-47.9225,3.495,4.614,10.719*53
$GNGST,090334.70,0.010,0.004,0.004,-46.0088,3.495,4.614,10.719*5F
$GNGST,090334.80,0.010,0.004,0.004,-45.9736,3.495,4.614,10.719*58
$GNGST,090334.90,0.010,0.004,0.004,-76.8294,3.495,4.614,10.719*55
$GNGST,090335.00,0.012,0.005,0.004,73.8991,3.495,4.614,10.719*78
$GNGST,090335.10,0.010,0.004,0.004,-66.3776,3.495,4.614,10.719*5F
$GNGST,090335.20,0.010,0.004,0.004,-61.1158,3.495,4.614,10.719*53
$GNGST,090335.30,0.010,0.004,0.004,-46.4651,3.495,4.614,10.719*5C
$GNGST,090335.40,0.010,0.004,0.004,-56.5611,3.495,4.614,10.719*5F
$GNGST,090335.50,0.012,0.004,0.004,88.8614,3.495,4.614,10.719*7A
$GNGST,090335.60,0.011,0.004,0.004,-82.3369,3.495,4.614,10.719*59
$GNGST,090335.70,0.013,0.006,0.004,68.0532,3.495,4.614,10.719*7A
$GNGST,090335.80,0.013,0.005,0.004,-70.9479,3.495,4.614,10.719*55
$GNGST,090335.90,0.011,0.004,0.004,8.4630,3.495,4.614,10.719*47
$GNGST,090336.00,0.011,0.004,0.004,56.7621,3.495,4.614,10.719*75
$GNGST,090336.10,0.011,0.004,0.004,58.7633,3.495,4.614,10.719*79
$GNGST,090336.20,0.012,0.005,0.004,-63.6435,3.495,4.614,10.719*58
$GNGST,090336.30,0.013,0.005,0.005,-33.4022,3.495,4.614,10.719*5C
$GNGST,090336.40,0.013,0.005,0.005,-85.1637,3.495,4.614,10.719*51
$GNGST,090336.50,0.011,0.005,0.004,29.7330,3.495,4.614,10.719*7C
$GNGST,090336.60,0.011,0.004,0.004,56.7204,3.495,4.614,10.719*70
$GNGST,090336.70,0.010,0.004,0.004,-68.0856,3.495,4.614,10.719*5A
$GNGST,090336.80,0.010,0.004,0.004,-49.2061,3.495,4.614,10.719*58
$GNGST,090336.90,0.012,0.005,0.004,56.1956,3.495,4.614,10.719*77
$GNGST,090337.00,0.011,0.005,0.004,74.4388,3.495,4.614,10.719*70
$GNGST,090337.10,0.010,0.004,0.004,-54.6095,3.495,4.614,10.719*53
$GNGST,090337.20,0.012,0.005,0.004,-69.4418,3.495,4.614,10.719*5E
$GNGST,090337.30,0.011,0.004,0.004,49.9994,3.495,4.614,10.719*76
$GNGST,090337.40,0.011,0.005,0.004,57.4647,3.495,4.614,10.719*73
$GNGST,090337.50,0.011,0.004,0.004,10.6927,3.495,4.614,10.719*7B
$GNGST,090337.60,0.010,0.004,0.004,-16.7572,3.495,4.614,10.719*5F
$GNGST,090337.70,0.010,0.004,0.004,-58.0948,3.495,4.614,10.719*56
$GNGST,090337.80,0.011,0.004,0.004,-51.3315,3.495,4.614,10.719*50
$GNGST,090337.90,0.011,0.004,0.004,22.9565,3.495,4.614,10.719*73
$GNGST,090338.00,0.010,0.004,0.004,73.6469,3.495,4.614,10.719*72
$GNGST,090338.10,0.011,0.004,0.004,70.7414,3.495,4.614,10.719*7A
$GNGST,090338.20,0.011,0.004,0.004,-40.6526,3.495,4.614,10.719*56
$GNGST,090338.30,0.010,0.004,0.004,-63.4791,3.495,4.614,10.719*5B
$GNGST,090338.40,0.010,0.004,0.004,-74.5116,3.495,4.614,10.719*52
$GNGST,090338.50,0.010,0.004,0.004,-72.7562,3.495,4.614,10.719*50
$GNGST,090338.60,0.010,0.004,0.004,-44.5763,3.495,4.614,10.719*57
$GNGST,090338.70,0.010,0.004,0.004,-41.3706,3.495,4.614,10.719*56
$GNGST,090338.80,0.010,0.004,0.004,-37.9605,3.495,4.614,10.719*50
$GNGST,090338.90,0.010,0.004,0.004,-45.1665,3.495,4.614,10.719*5A
$GNGST,090339.00,0.011,0.004,0.004,-50.8267,3.495,4.614,10.719*58
$GNGST,090339.10,0.010,0.004,0.004,-52.6624,3.495,4.614,10.719*57
$GNGST,090339.20,0.012,0.005,0.004,-48.4355,3.495,4.614,10.719*5D
$GNGST,090339.30,0.011,0.004,0.004,-47.0906,3.495,4.614,10.719*59
$GNGST,090339.40,0.010,0.004,0.004,-46.9716,3.495,4.614,10.719*58
$GNGST,090339.50,0.011,0.004,0.004,-41.7514,3.495,4.614,10.719*51
$GNGST,090339.60,0.010,0.004,0.004,-39.8761,3.495,4.614,10.719*53
$GNGST,090339.70,0.010,0.004,0.004,-23.2632,3.495,4.614,10.719*54
$GNGST,090339.80,0.010,0.004,0.004,-38.5279,3.495,4.614,10.719*5D
$GNGST,090339.90,0.010,0.004,0.004,-33.4578,3.495,4.614,10.719*50
$GNGST,090340.00,0.010,0.004,0.004,-13.7178,3.495,4.614,10.719*52
$GNGST,090340.10,0.010,0.004,0.004,-41.5383,3.495,4.614,10.719*50
$GNGST,090340.20,0.010,0.004,0.004,-32.0224,3.495,4.614,10.719*5E
$GNGST,090340.30,0.010,0.004,0.004,-42.4593,3.495,4.614,10.719*57
$GNGST,090340.40,0.010,0.004,0.004,-38.2712,3.495,4.614,10.719*50
$GNGST,090340.50,0.010,0.004,0.004,-32.2428,3.495,4.614,10.719*51
$GNGST,090340.60,0.011,0.005,0.004,-34.4776,3.495,4.614,10.719*5A
$GNGST,090340.70,0.010,0.004,0.004,-35.1083,3.495,4.614,10.719*52
$GNGST,090340.80,0.010,0.004,0.004,-39.3957,3.495,4.614,10.719*53
$GNGST,090340.90,0.010,0.004,0.004,-39.1967,3.495,4.614,10.719*53
$GNGST,090341.00,0.011,0.005,0.004,-42.6241,3.495,4.614,10.719*5F
$GNGST,090341.10,0.011,0.005,0.004,-29.7023,3.495,4.614,10.719*54
$GNGST,090341.20,0.010,0.004,0.004,-41.8582,3.495,4.614,10.719*58
$GNGST,090341.30,0.011,0.004,0.004,-31.3273,3.495,4.614,10.719*5D
$GNGST,090341.40,0.010,0.004,0.004,-50.5774,3.495,4.614,10.719*58
$GNGST,090341.50,0.011,0.004,0.004,-41.8103,3.495,4.614,10.719*53
$GNGST,090341.60,0.009,0.004,0.003,-42.7940,3.495,4.614,10.719*5D
$GNGST,090341.70,0.009,0.004,0.003,-42.7939,3.495,4.614,10.719*52
$GNGST,090341.80,0.009,0.004,0.003,-42.7938,3.495,4.614,10.719*5C
$GNGST,090341.90,0.010,0.004,0.004,-50.2400,3.495,4.614,10.719*52
$GNGST,090342.00,0.009,0.004,0.003,-42.7937,3.495,4.614,10.719*58
$GNGST,090342.10,0.009,0.004,0.003,-42.7936,3.495,4.614,10.719*58
$GNGST,090342.20,0.009,0.004,0.003,-42.7936,3.495,4.614,10.719*5B
$GNGST,090342.30,0.009,0.004,0.003,-42.7935,3.495,4.614,10.719*59
$GNGST,090342.40,0.011,0.005,0.004,-47.9621,3.495,4.614,10.719*50
$GNGST,090342.50,0.010,0.004,0.003,-49.5019,3.495,4.614,10.719*59
$GNGST,090342.60,0.009,0.004,0.003,-43.9050,3.495,4.614,10.719*59
$GNGST,090342.70,0.009,0.004,0.003,-43.2784,3.495,4.614,10.719*5D
$GNGST,090342.80,0.010,0.004,0.003,-44.7541,3.495,4.614,10.719*53
$GNGST,090342.90,0.009,0.004,0.003,-43.9047,3.495,4.614,10.719*50
$GNGST,090343.00,0.010,0.005,0.004,-52.9969,3.495,4.614,10.719*53
$GNGST,090343.10,0.010,0.004,0.004,-44.2995,3.495,4.614,10.719*5C
$GNGST,090343.20,0.010,0.004,0.004,-45.7934,3.495,4.614,10.719*50
$GNGST,090343.30,0.010,0.004,0.004,-57.4819,3.495,4.614,10.719*5F
$GNGST,090343.40,0.010,0.004,0.004,-43.5038,3.495,4.614,10.719*57
$GNGST,090343.50,0.010,0.004,0.003,-44.2198,3.495,4.614,10.719*5A
$GNGST,090343.60,0.010,0.004,0.004,-57.0346,3.495,4.614,10.719*5F
$GNGST,090343.70,0.010,0.004,0.004,-55.1025,3.495,4.614,10.719*5B
$GNGST,090343.80,0.011,0.004,0.004,-51.3144,3.495,4.614,10.719*55
$GNGST,090343.90,0.010,0.004,0.004,-52.3851,3.495,4.614,10.719*5B
$GNGST,090344.00,0.009,0.004,0.003,-45.5593,3.495,4.614,10.719*59
$GNGST,090344.10,0.010,0.004,0.004,-51.8520,3.495,4.614,10.719*57
$GNGST,090344.20,0.009,0.004,0.003,-45.3857,3.495,4.614,10.719*58
$GNGST,090344.30,0.010,0.004,0.003,-49.7695,3.495,4.614,10.719*59
$GNGST,090344.40,0.010,0.004,0.004,-45.8129,3.495,4.614,10.719*5A
$GNGST,090344.50,0.009,0.004,0.003,-45.8887,3.495,4.614,10.719*59
$GNGST,090344.60,0.010,0.004,0.003,-50.0148,3.495,4.614,10.719*54
$GNGST,090344.70,0.010,0.004,0.004,-53.7229,3.495,4.614,10.719*52
$GNGST,090344.80,0.009,0.004,0.003,-47.3333,3.495,4.614,10.719*59
$GNGST,090344.90,0.009,0.004,0.003,-47.3331,3.495,4.614,10.719*5A
$GNGST,090345.00,0.009,0.004,0.003,-46.9260,3.495,4.614,10.719*5C
$GNGST,090345.10,0.009,0.004,0.003,-47.0390,3.495,4.614,10.719*5B
$GNGST,090345.20,0.010,0.004,0.004,-63.6269,3.495,4.614,10.719*50
$GNGST,090345.30,0.010,0.004,0.004,-66.0633,3.495,4.614,10.719*59
$GNGST,090345.40,0.010,0.004,0.004,-46.9620,3.495,4.614,10.719*57
$GNGST,090345.50,0.010,0.004,0.004,-73.5263,3.495,4.614,10.719*5F
$GNGST,090345.60,0.010,0.004,0.004,-84.2228,3.495,4.614,10.719*5C
$GNGST,090345.70,0.009,0.004,0.003,-48.2377,3.495,4.614,10.719*59
$GNGST,090345.80,0.009,0.004,0.003,-47.1793,3.495,4.614,10.719*54
$GNGST,090345.90,0.009,0.004,0.003,-48.2273,3.495,4.614,10.719*52
$GNGST,090346.00,0.009,0.004,0.003,-48.2196,3.495,4.614,10.719*50
$GNGST,090346.10,0.009,0.004,0.003,-46.8778,3.495,4.614,10.719*53
$GNGST,090346.20,0.010,0.004,0.003,-52.8137,3.495,4.614,10.719*50
$GNGST,090346.30,0.009,0.004,0.003,-46.8775,3.495,4.614,10.719*5C
$GNGST,090346.40,0.010,0.004,0.003,-47.1713,3.495,4.614,10.719*5B
$GNGST,090346.50,0.010,0.004,0.003,-48.6416,3.495,4.614,10.719*54
$GNGST,090346.60,0.009,0.004,0.003,-48.2269,3.495,4.614,10.719*55
$GNGST,090346.70,0.009,0.004,0.003,-46.8876,3.495,4.614,10.719*54
$GNGST,090346.80,0.009,0.004,0.003,-47.1765,3.495,4.614,10.719*5E
$GNGST,090346.90,0.009,0.004,0.003,-46.8761,3.495,4.614,10.719*53
$GNGST,090347.00,0.009,0.004,0.003,-47.4421,3.495,4.614,10.719*51
$GNGST,090347.10,0.009,0.004,0.003,-46.8759,3.495,4.614,10.719*51
$GNGST,090347.20,0.009,0.004,0.003,-47.3421,3.495,4.614,10.719*54
$GNGST,090347.30,0.009,0.004,0.003,-47.1648,3.495,4.614,10.719*5A
$GNGST,090347.40,0.010,0.004,0.004,-41.6366,3.495,4.614,10.719*5A
$GNGST,090347.50,0.010,0.004,0.004,-47.6829,3.495,4.614,10.719*5D
$GNGST,090347.60,0.011,0.004,0.004,-68.6267,3.495,4.614,10.719*52
$GNGST,090347.70,0.009,0.004,0.003,-47.4143,3.495,4.614,10.719*57
$GNGST,090347.80,0.009,0.004,0.003,-47.4142,3.495,4.614,10.719*59
$GNGST,090347.90,0.009,0.004,0.003,-47.4141,3.495,4.614,10.719*5B
$GNGST,090348.00,0.009,0.004,0.003,-47.7001,3.495,4.614,10.719*5B
$GNGST,090348.10,0.009,0.004,0.003,-47.4231,3.495,4.614,10.719*58
$GNGST,090348.20,0.009,0.004,0.003,-47.7089,3.495,4.614,10.719*59
$GNGST,090348.30,0.009,0.004,0.003,-47.6473,3.495,4.614,10.719*58
$GNGST,090348.40,0.010,0.004,0.004,-54.6483,3.495,4.614,10.719*5D
$GNGST,090348.50,0.009,0.004,0.003,-47.7084,3.495,4.614,10.719*53
$GNGST,090348.60,0.010,0.004,0.004,-58.9077,3.495,4.614,10.719*53
$GNGST,090348.70,0.010,0.004,0.004,-45.6747,3.495,4.614,10.719*55
$GNGST,090348.80,0.009,0.004,0.003,-44.3135,3.495,4.614,10.719*52
$GNGST,090348.90,0.009,0.004,0.003,-44.3134,3.495,4.614,10.719*52
$GNGST,090349.00,0.009,0.004,0.003,-44.3134,3.495,4.614,10.719*5A
$GNGST,090349.10,0.009,0.004,0.003,-44.3133,3.495,4.614,10.719*5C
$GNGST,090349.20,0.010,0.004,0.004,-74.5682,3.495,4.614,10.719*58
$GNGST,090349.30,0.010,0.004,0.004,-62.2382,3.495,4.614,10.719*5C
$GNGST,090349.40,0.010,0.004,0.004,-54.2839,3.495,4.614,10.719*55
$GNGST,090349.50,0.010,0.004,0.003,-42.2995,3.495,4.614,10.719*53
$GNGST,090349.60,0.009,0.004,0.003,-44.5410,3.495,4.614,10.719*59
$GNGST,090349.70,0.010,0.004,0.004,-28.8513,3.495,4.614,10.719*52
$GNGST,090349.80,0.009,0.004,0.003,-45.3959,3.495,4.614,10.719*50
$GNGST,090349.90,0.010,0.004,0.004,-46.7560,3.495,4.614,10.719*5F
$GNGST,090350.00,0.010,0.004,0.004,-51.1614,3.495,4.614,10.719*5E
$GNGST,090350.10,0.010,0.004,0.004,-62.4814,3.495,4.614,10.719*54
$GNGST,090350.20,0.012,0.004,0.004,52.5290,3.495,4.614,10.719*7C
$GNGST,090350.30,0.009,0.004,0.003,-45.2469,3.495,4.614,10.719*5C
$GNGST,090350.40,0.010,0.004,0.003,-55.0349,3.495,4.614,10.719*55
$GNGST,090350.50,0.010,0.004,0.003,-48.3030,3.495,4.614,10.719*56
$GNGST,090350.60,0.011,0.004,0.004,-65.1602,3.495,4.614,10.719*59
$GNGST,090350.70,0.010,0.004,0.004,-50.4041,3.495,4.614,10.719*5B
$GNGST,090350.80,0.011,0.004,0.004,-69.4013,3.495,4.614,10.719*58
$GNGST,090350.90,0.011,0.004,0.004,45.4265,3.495,4.614,10.719*79
$GNGST,090351.00,0.010,0.004,0.004,-50.6792,3.495,4.614,10.719*56
$GNGST,090351.10,0.010,0.004,0.004,-48.5957,3.495,4.614,10.719*5A
$GNGST,090351.20,0.010,0.004,0.004,-48.5958,3.495,4.614,10.719*56
$GNGST,090351.30,0.010,0.004,0.004,-48.3781,3.495,4.614,10.719*5B
$GNGST,090351.40,0.010,0.004,0.004,-65.0270,3.495,4.614,10.719*5B
$GNGST,090351.50,0.010,0.004,0.004,-65.5664,3.495,4.614,10.719*5E
$GNGST,090351.60,0.010,0.004,0.004,-56.7899,3.495,4.614,10.719*53
$GNGST,090351.70,0.011,0.004,0.004,-61.8335,3.495,4.614,10.719*55
$GNGST,090351.80,0.010,0.004,0.003,-48.3167,3.495,4.614,10.719*59
$GNGST,090351.90,0.011,0.004,0.004,-73.6333,3.495,4.614,10.719*50
$GNGST,090352.00,0.011,0.004,0.004,-82.6760,3.495,4.614,10.719*56
$GNGST,090352.10,0.011,0.004,0.004,67.4965,3.495,4.614,10.719*78
$GNGST,090352.20,0.011,0.004,0.004,-42.8800,3.495,4.614,10.719*5F
$GNGST,090352.30,0.011,0.004,0.004,81.0901,3.495,4.614,10.719*74
$GNGST,090352.40,0.010,0.004,0.004,-69.1479,3.495,4.614,10.719*5A
$GNGST,090352.50,0.010,0.004,0.004,-39.3021,3.495,4.614,10.719*55
$GNGST,090352.60,0.010,0.004,0.004,-47.4257,3.495,4.614,10.719*5B
$GNGST,090352.70,0.010,0.004,0.004,-48.5900,3.495,4.614,10.719*5D
$GNGST,090352.80,0.010,0.004,0.004,-60.9563,3.495,4.614,10.719*5D
$GNGST,090352.90,0.011,0.004,0.004,-82.8408,3.495,4.614,10.719*5C
$GNGST,090353.00,0.011,0.004,0.004,-45.8385,3.495,4.614,10.719*5D
$GNGST,090353.10,0.012,0.004,0.004,-84.2848,3.495,4.614,10.719*52
$GNGST,090353.20,0.011,0.004,0.004,84.7335,3.495,4.614,10.719*7B
$GNGST,090353.30,0.011,0.004,0.004,80.8211,3.495,4.614,10.719*76
$GNGST,090353.40,0.010,0.004,0.003,-47.6064,3.495,4.614,10.719*5F
$GNGST,090353.50,0.011,0.004,0.004,-43.9566,3.495,4.614,10.719*54
$GNGST,090353.60,0.010,0.004,0.004,-47.0358,3.495,4.614,10.719*50
$GNGST,090353.70,0.009,0.004,0.003,-42.2026,3.495,4.614,10.719*53
$GNGST,090353.80,0.009,0.004,0.003,-42.2025,3.495,4.614,10.719*5F
$GNGST,090353.90,0.009,0.004,0.003,-42.2025,3.495,4.614,10.719*5E
$GNGST,090354.00,0.009,0.004,0.003,-42.2025,3.495,4.614,10.719*50
$GNGST,090354.10,0.009,0.004,0.003,-42.2024,3.495,4.614,10.719*50
$GNGST,090354.20,0.010,0.004,0.004,-45.6541,3.495,4.614,10.719*59
$GNGST,090354.30,0.010,0.004,0.004,-48.1610,3.495,4.614,10.719*55
$GNGST,090354.40,0.010,0.004,0.004,-64.7884,3.495,4.614,10.719*59
$GNGST,090354.50,0.009,0.004,0.003,-42.2023,3.495,4.614,10.719*53
$GNGST,090354.60,0.011,0.004,0.004,57.2452,3.495,4.614,10.719*75
$GNGST,090354.70,0.010,0.004,0.004,-48.7803,3.495,4.614,10.719*5B
$GNGST,090354.80,0.011,0.004,0.004,44.2174,3.495,4.614,10.719*78
$GNGST,090354.90,0.011,0.004,0.004,51.7523,3.495,4.614,10.719*7E
$GNGST,090355.00,0.011,0.004,0.004,30.2205,3.495,4.614,10.719*77
$GNGST,090355.10,0.009,0.004,0.004,-41.5211,3.495,4.614,10.719*56
$GNGST,090355.20,0.011,0.004,0.004,41.7518,3.495,4.614,10.719*7D
$GNGST,090355.30,0.010,0.004,0.004,-47.0455,3.495,4.614,10.719*59
$GNGST,090355.40,0.011,0.004,0.004,-11.3625,3.495,4.614,10.719*5A
$GNGST,090355.50,0.011,0.004,0.004,-46.0409,3.495,4.614,10.719*56
$GNGST,090355.60,0.012,0.004,0.004,9.5270,3.495,4.614,10.719*4D
$GNGST,090355.70,0.011,0.004,0.004,68.4278,3.495,4.614,10.719*71
$GNGST,090355.80,0.010,0.004,0.004,-43.7442,3.495,4.614,10.719*57
$GNGST,090355.90,0.010,0.004,0.004,-43.7442,3.495,4.614,10.719*56
$GNGST,090356.00,0.010,0.004,0.004,-37.8161,3.495,4.614,10.719*54
$GNGST,090356.10,0.010,0.004,0.004,-66.4582,3.495,4.614,10.719*54
$GNGST,090356.20,0.010,0.004,0.004,-74.2071,3.495,4.614,10.719*5B
$GNGST,090356.30,0.010,0.004,0.004,-38.2033,3.495,4.614,10.719*54
$GNGST,090356.40,0.010,0.004,0.004,-35.3749,3.495,4.614,10.719*55
$GNGST,090356.50,0.010,0.004,0.004,-38.2638,3.495,4.614,10.719*5F
$GNGST,090356.60,0.009,0.004,0.004,-38.1021,3.495,4.614,10.719*59
$GNGST,090356.70,0.012,0.005,0.004,61.7416,3.495,4.614,10.719*74
$GNGST,090356.80,0.012,0.004,0.004,-76.9959,3.495,4.614,10.719*59
$GNGST,090356.90,0.011,0.004,0.004,-80.2959,3.495,4.614,10.719*59
$GNGST,090357.00,0.010,0.004,0.004,-55.5054,3.495,4.614,10.719*5B
$GNGST,090357.10,0.011,0.004,0.004,-88.6702,3.495,4.614,10.719*5C
$GNGST,090357.20,0.011,0.004,0.004,-21.7521,3.495,4.614,10.719*5E
$GNGST,090357.30,0.012,0.004,0.004,57.6100,3.495,4.614,10.719*76
$GNGST,090357.40,0.012,0.005,0.004,30.3152,3.495,4.614,10.719*73
$GNGST,090357.50,0.010,0.004,0.004,-54.6996,3.495,4.614,10.719*5B
$GNGST,090357.60,0.010,0.004,0.004,-54.6994,3.495,4.614,10.719*5A
$GNGST,090357.70,0.010,0.004,0.004,-44.9679,3.495,4.614,10.719*59
$GNGST,090357.80,0.011,0.005,0.004,-54.2432,3.495,4.614,10.719*51
$GNGST,090357.90,0.012,0.004,0.004,-30.4427,3.495,4.614,10.719*52
$GNGST,090358.00,0.011,0.004,0.004,-58.0698,3.495,4.614,10.719*5B
$GNGST,090358.10,0.011,0.005,0.004,-48.5057,3.495,4.614,10.719*5A
$GNGST,090358.20,0.011,0.004,0.004,-59.1870,3.495,4.614,10.719*51
$GNGST,090358.30,0.011,0.005,0.004,-56.9079,3.495,4.614,10.719*57
$GNGST,090358.40,0.012,0.005,0.005,-14.3122,3.495,4.614,10.719*51
$GNGST,090358.50,0.011,0.005,0.004,-27.3500,3.495,4.614,10.719*56
$GNGST,090358.60,0.010,0.004,0.004,-56.9018,3.495,4.614,10.719*55
$GNGST,090358.70,0.011,0.005,0.004,-39.0284,3.495,4.614,10.719*53
$GNGST,090358.80,0.011,0.004,0.004,-49.4139,3.495,4.614,10.719*5B
$GNGST,090358.90,0.010,0.004,0.004,-72.4250,3.495,4.614,10.719*5F
$GNGST,090359.00,0.012,0.004,0.004,-65.2565,3.495,4.614,10.719*54
$GNGST,090359.10,0.012,0.004,0.004,-57.5430,3.495,4.614,10.719*52
$GNGST,090359.20,0.012,0.004,0.004,26.8330,3.495,4.614,10.719*70
$GNGST,090359.30,0.012,0.005,0.004,-79.4516,3.495,4.614,10.719*59
$GNGST,090359.40,0.012,0.005,0.004,-0.5926,3.495,4.614,10.719*6E
$GNGST,090359.50,0.010,0.004,0.004,-61.7534,3.495,4.614,10.719*56
$GNGST,090359.60,0.010,0.004,0.004,-60.6804,3.495,4.614,10.719*5B
$GNGST,090359.70,0.010,0.004,0.004,-59.5901,3.495,4.614,10.719*57
$GNGST,090359.80,0.010,0.004,0.004,-59.5896,3.495,4.614,10.719*57
$GNGST,090359.90,0.010,0.004,0.004,-56.0138,3.495,4.614,10.719*51
$GNGST,090400.00,0.010,0.004,0.004,-60.6647,3.495,4.614,10.719*5F
$GNGST,090400.10,0.010,0.004,0.004,-57.6778,3.495,4.614,10.719*57
$GNGST,090400.20,0.010,0.004,0.004,-45.8604,3.495,4.614,10.719*53
$GNGST,090400.30,0.011,0.004,0.004,-71.1507,3.495,4.614,10.719*5D
$GNGST,090400.40,0.010,0.004,0.004,-59.9295,3.495,4.614,10.719*55
$GNGST,090400.50,0.010,0.004,0.004,-35.2918,3.495,4.614,10.719*5B
$GNGST,090400.60,0.012,0.004,0.004,-34.2732,3.495,4.614,10.719*5D
$GNGST,090400.70,0.011,0.004,0.004,57.6772,3.495,4.614,10.719*77
$GNGST,090400.80,0.011,0.004,0.004,13.9433,3.495,4.614,10.719*71
$GNGST,090400.90,0.012,0.005,0.004,30.1285,3.495,4.614,10.719*70
$GNGST,090401.00,0.011,0.004,0.004,-65.5643,3.495,4.614,10.719*5D
$GNGST,090401.10,0.011,0.004,0.004,-49.9891,3.495,4.614,10.719*5F
$GNGST,090401.20,0.011,0.004,0.004,-88.6774,3.495,4.614,10.719*5A
$GNGST,090401.30,0.011,0.004,0.004,-74.9520,3.495,4.614,10.719*54
$GNGST,090401.40,0.011,0.004,0.004,-38.8319,3.495,4.614,10.719*56
$GNGST,090401.50,0.011,0.004,0.004,-51.7373,3.495,4.614,10.719*5B
$GNGST,090401.60,0.011,0.004,0.004,-58.0269,3.495,4.614,10.719*5C
$GNGST,090401.70,0.010,0.004,0.004,-73.8133,3.495,4.614,10.719*51
$GNGST,090401.80,0.013,0.005,0.004,-72.6227,3.495,4.614,10.719*55
$GNGST,090401.90,0.012,0.005,0.004,-59.3981,3.495,4.614,10.719*5E
$GNGST,090402.00,0.012,0.005,0.004,-56.6769,3.495,4.614,10.719*56
$GNGST,090402.10,0.013,0.005,0.004,84.6689,3.495,4.614,10.719*7B
$GNGST,090402.20,0.011,0.004,0.004,42.6202,3.495,4.614,10.719*76
$GNGST,090402.30,0.011,0.004,0.004,-69.2423,3.495,4.614,10.719*52
$GNGST,090402.40,0.012,0.004,0.004,53.2666,3.495,4.614,10.719*71
$GNGST,090402.50,0.011,0.004,0.004,73.1677,3.495,4.614,10.719*72
$GNGST,090402.60,0.012,0.005,0.004,41.8960,3.495,4.614,10.719*72
$GNGST,090402.70,0.012,0.004,0.004,89.5771,3.495,4.614,10.719*75
$GNGST,090402.80,0.010,0.004,0.004,-54.0978,3.495,4.614,10.719*57
$GNGST,090402.90,0.010,0.004,0.004,-29.7680,3.495,4.614,10.719*53
$GNGST,090403.00,0.010,0.004,0.004,-54.0971,3.495,4.614,10.719*57
$GNGST,090403.10,0.010,0.004,0.004,-54.0967,3.495,4.614,10.719*51
$GNGST,090403.20,0.010,0.004,0.004,-52.1845,3.495,4.614,10.719*54
$GNGST,090403.30,0.010,0.004,0.004,-41.0343,3.495,4.614,10.719*5B
$GNGST,090403.40,0.010,0.004,0.004,-54.0957,3.495,4.614,10.719*57
$GNGST,090403.50,0.011,0.004,0.004,-36.2942,3.495,4.614,10.719*55
$GNGST,090403.60,0.011,0.004,0.004,-64.2974,3.495,4.614,10.719*54
$GNGST,090403.70,0.010,0.004,0.004,-54.0947,3.495,4.614,10.719*55
$GNGST,090403.80,0.010,0.004,0.004,-57.0539,3.495,4.614,10.719*5C
$GNGST,090403.90,0.010,0.004,0.004,-56.9527,3.495,4.614,10.719*5A
$GNGST,090404.00,0.011,0.004,0.004,-38.3644,3.495,4.614,10.719*51
$GNGST,090404.10,0.012,0.006,0.004,78.1800,3.495,4.614,10.719*74
$GNGST,090404.20,0.013,0.005,0.004,-62.6625,3.495,4.614,10.719*5D
$GNGST,090404.30,0.012,0.005,0.004,-52.1687,3.495,4.614,10.719*51
$GNGST,090404.40,0.010,0.004,0.004,-48.4839,3.495,4.614,10.719*50
$GNGST,090404.50,0.010,0.004,0.004,-30.1160,3.495,4.614,10.719*5E
$GNGST,090404.60,0.012,0.005,0.004,-24.1295,3.495,4.614,10.719*52
$GNGST,090404.70,0.011,0.004,0.004,-36.5029,3.495,4.614,10.719*53
$GNGST,090404.80,0.011,0.004,0.004,-57.0903,3.495,4.614,10.719*5F
$GNGST,090404.90,0.011,0.004,0.004,-26.5841,3.495,4.614,10.719*5A
$GNGST,090405.00,0.011,0.004,0.004,-47.0195,3.495,4.614,10.719*50
$GNGST,090405.10,0.011,0.004,0.004,-47.0189,3.495,4.614,10.719*5C
$GNGST,090405.20,0.010,0.004,0.004,-57.0348,3.495,4.614,10.719*50
$GNGST,090405.30,0.011,0.004,0.004,-33.8898,3.495,4.614,10.719*5C
$GNGST,090405.40,0.011,0.004,0.004,-44.2980,3.495,4.614,10.719*59
$GNGST,090405.50,0.010,0.004,0.004,-49.2465,3.495,4.614,10.719*52
$GNGST,090405.60,0.011,0.005,0.004,-39.2063,3.495,4.614,10.719*54
$GNGST,090405.70,0.011,0.004,0.004,-32.8793,3.495,4.614,10.719*5D
$GNGST,090405.80,0.011,0.005,0.004,-48.0313,3.495,4.614,10.719*5A
$GNGST,090405.90,0.011,0.004,0.004,-43.1743,3.495,4.614,10.719*51
$GNGST,090406.00,0.011,0.004,0.004,-53.6584,3.495,4.614,10.719*54
$GNGST,090406.10,0.011,0.005,0.004,-54.5672,3.495,4.614,10.719*5A
$GNGST,090406.20,0.010,0.004,0.004,-40.4149,3.495,4.614,10.719*52
$GNGST,090406.30,0.011,0.005,0.004,-50.2685,3.495,4.614,10.719*53
$GNGST,090406.40,0.011,0.005,0.004,-51.7159,3.495,4.614,10.719*56
$GNGST,090406.50,0.011,0.004,0.004,-52.0007,3.495,4.614,10.719*58
$GNGST,090406.60,0.011,0.004,0.004,-52.7789,3.495,4.614,10.719*5D
$GNGST,090406.70,0.011,0.004,0.004,-48.2059,3.495,4.614,10.719*58
$GNGST,090406.80,0.010,0.004,0.004,-45.1460,3.495,4.614,10.719*56
$GNGST,090406.90,0.011,0.005,0.004,-52.3074,3.495,4.614,10.719*52
$GNGST,090407.00,0.012,0.005,0.004,-44.5609,3.495,4.614,10.719*54
$GNGST,090407.10,0.010,0.004,0.004,-47.2205,3.495,4.614,10.719*5A
$GNGST,090407.20,0.010,0.004,0.004,-45.3960,3.495,4.614,10.719*52
$GNGST,090407.30,0.010,0.004,0.004,-45.1451,3.495,4.614,10.719*5E
$GNGST,090407.40,0.011,0.005,0.004,-55.0434,3.495,4.614,10.719*5A
$GNGST,090407.50,0.011,0.005,0.004,-53.4880,3.495,4.614,10.719*5A
$GNGST,090407.60,0.011,0.005,0.004,-53.8461,3.495,4.614,10.719*56
$GNGST,090407.70,0.012,0.005,0.004,-39.6438,3.495,4.614,10.719*5A
$GNGST,090407.80,0.010,0.004,0.004,-45.8820,3.495,4.614,10.719*56
$GNGST,090407.90,0.011,0.004,0.004,-70.3241,3.495,4.614,10.719*56
$GNGST,090408.00,0.011,0.004,0.004,-42.3781,3.495,4.614,10.719*58
$GNGST,090408.10,0.011,0.004,0.004,-43.0347,3.495,4.614,10.719*55
$GNGST,090408.20,0.011,0.004,0.004,-57.1914,3.495,4.614,10.719*5E
$GNGST,090408.30,0.011,0.004,0.004,-61.5108,3.495,4.614,10.719*5B
$GNGST,090408.40,0.012,0.005,0.004,-45.7812,3.495,4.614,10.719*58
$GNGST,090408.50,0.011,0.004,0.004,-59.9774,3.495,4.614,10.719*57
$GNGST,090408.60,0.011,0.004,0.004,-36.0500,3.495,4.614,10.719*55
$GNGST,090408.70,0.010,0.004,0.004,-46.4988,3.495,4.614,10.719*5A
$GNGST,090408.80,0.011,0.004,0.004,-45.0199,3.495,4.614,10.719*5B
$GNGST,090408.90,0.010,0.004,0.004,-27.6003,3.495,4.614,10.719*5B
$GNGST,090409.00,0.010,0.004,0.004,-46.8755,3.495,4.614,10.719*5E
$GNGST,090409.10,0.011,0.004,0.004,-52.3230,3.495,4.614,10.719*56
$GNGST,090409.20,0.011,0.004,0.004,-69.1636,3.495,4.614,10.719*5D
$GNGST,090409.30,0.011,0.004,0.004,-42.0433,3.495,4.614,10.719*53
$GNGST,090409.40,0.011,0.004,0.004,-30.7446,3.495,4.614,10.719*54
$GNGST,090409.50,0.012,0.005,0.004,-51.9706,3.495,4.614,10.719*59
$GNGST,090409.60,0.012,0.005,0.004,-53.0687,3.495,4.614,10.719*59
$GNGST,090409.70,0.010,0.004,0.004,-45.2742,3.495,4.614,10.719*56
$GNGST,090409.80,0.010,0.004,0.004,-46.8539,3.495,4.614,10.719*5E
$GNGST,090409.90,0.010,0.004,0.004,-46.8537,3.495,4.614,10.719*51
$GNGST,090410.00,0.011,0.004,0.004,-45.0222,3.495,4.614,10.719*59
$GNGST,090410.10,0.012,0.005,0.004,-39.7437,3.495,4.614,10.719*54
$GNGST,090410.20,0.011,0.005,0.004,-54.3768,3.495,4.614,10.719*52
$GNGST,090410.30,0.011,0.004,0.004,-57.2556,3.495,4.614,10.719*5F
$GNGST,090410.40,0.013,0.005,0.004,-29.0617,3.495,4.614,10.719*56
$GNGST,090410.50,0.010,0.004,0.004,-48.3279,3.495,4.614,10.719*5D
$GNGST,090410.60,0.012,0.005,0.004,-66.7060,3.495,4.614,10.719*5F
$GNGST,090410.70,0.012,0.005,0.004,-63.6396,3.495,4.614,10.719*50
$GNGST,090410.80,0.011,0.005,0.004,-59.5945,3.495,4.614,10.719*52
$GNGST,090410.90,0.011,0.005,0.004,-48.4644,3.495,4.614,10.719*5C
$GNGST,090411.00,0.010,0.004,0.004,-44.4379,3.495,4.614,10.719*53
$GNGST,090411.10,0.010,0.004,0.004,-51.1506,3.495,4.614,10.719*5D
$GNGST,090411.20,0.012,0.005,0.004,-58.8326,3.495,4.614,10.719*59
$GNGST,090411.30,0.012,0.005,0.004,-34.5349,3.495,4.614,10.719*56
$GNGST,090411.40,0.012,0.005,0.004,-55.5154,3.495,4.614,10.719*58
$GNGST,090411.50,0.010,0.004,0.004,-46.5816,3.495,4.614,10.719*57
$GNGST,090411.60,0.010,0.004,0.004,-46.5815,3.495,4.614,10.719*57
$GNGST,090411.70,0.010,0.004,0.004,-48.2974,3.495,4.614,10.719*59
$GNGST,090411.80,0.011,0.004,0.004,-44.4639,3.495,4.614,10.719*5B
$GNGST,090411.90,0.011,0.005,0.004,-50.9849,3.495,4.614,10.719*5A
$GNGST,090412.00,0.011,0.005,0.004,-44.9948,3.495,4.614,10.719*55
$GNGST,090412.10,0.012,0.005,0.004,-41.3214,3.495,4.614,10.719*5A
$GNGST,090412.20,0.011,0.005,0.004,-39.5300,3.495,4.614,10.719*57
$GNGST,090412.30,0.011,0.005,0.004,-39.0685,3.495,4.614,10.719*5B
$GNGST,090412.40,0.012,0.005,0.004,-38.8504,3.495,4.614,10.719*5C
$GNGST,090412.50,0.011,0.005,0.004,-48.4296,3.495,4.614,10.719*59
$GNGST,090412.60,0.012,0.005,0.004,-42.3126,3.495,4.614,10.719*5C
$GNGST,090412.70,0.012,0.005,0.004,-35.8009,3.495,4.614,10.719*5A
$GNGST,090412.80,0.011,0.005,0.004,-63.3558,3.495,4.614,10.719*5F
$GNGST,090412.90,0.010,0.005,0.004,-61.0997,3.495,4.614,10.719*51
$GNGST,090413.00,0.012,0.005,0.004,-54.5932,3.495,4.614,10.719*57
$GNGST,090413.10,0.011,0.005,0.004,-71.4419,3.495,4.614,10.719*57
$GNGST,090413.20,0.012,0.005,0.004,-53.6505,3.495,4.614,10.719*59
$GNGST,090413.30,0.011,0.005,0.004,-55.5640,3.495,4.614,10.719*5C
$GNGST,090413.40,0.014,0.006,0.005,85.1671,3.495,4.614,10.719*7A
$GNGST,090413.50,0.013,0.005,0.004,-63.1033,3.495,4.614,10.719*5B
$GNGST,090413.60,0.010,0.004,0.004,-48.3335,3.495,4.614,10.719*54
$GNGST,090413.70,0.011,0.004,0.004,-51.5649,3.495,4.614,10.719*54
$GNGST,090413.80,0.010,0.004,0.004,-54.5364,3.495,4.614,10.719*55
$GNGST,090413.90,0.010,0.004,0.004,-54.5363,3.495,4.614,10.719*53
$GNGST,090414.00,0.010,0.004,0.004,-53.0991,3.495,4.614,10.719*58
$GNGST,090414.10,0.011,0.005,0.004,-40.7976,3.495,4.614,10.719*55
$GNGST,090414.20,0.010,0.004,0.004,-55.8009,3.495,4.614,10.719*5C
$GNGST,090414.30,0.010,0.004,0.004,-54.5360,3.495,4.614,10.719*5D
$GNGST,090414.40,0.010,0.004,0.004,-54.5359,3.495,4.614,10.719*50
$GNGST,090414.50,0.012,0.005,0.004,-49.3314,3.495,4.614,10.719*51
$GNGST,090414.60,0.010,0.004,0.004,-55.8006,3.495,4.614,10.719*57
$GNGST,090414.70,0.011,0.005,0.004,-49.8402,3.495,4.614,10.719*5B
$GNGST,090414.80,0.011,0.004,0.004,-43.0103,3.495,4.614,10.719*53
$GNGST,090414.90,0.010,0.004,0.004,-53.8516,3.495,4.614,10.719*5A
$GNGST,090415.00,0.011,0.004,0.004,-55.7965,3.495,4.614,10.719*52
$GNGST,090415.10,0.013,0.005,0.005,-8.5049,3.495,4.614,10.719*6C
$GNGST,090415.20,0.013,0.005,0.005,-35.3440,3.495,4.614,10.719*5A
$GNGST,090415.30,0.012,0.005,0.004,-37.9738,3.495,4.614,10.719*5F
$GNGST,090415.40,0.013,0.005,0.005,12.7784,3.495,4.614,10.719*7B
$GNGST,090415.50,0.012,0.005,0.004,-74.8698,3.495,4.614,10.719*54
$GNGST,090415.60,0.011,0.005,0.004,-41.3688,3.495,4.614,10.719*58
$GNGST,090415.70,0.010,0.004,0.004,-54.6901,3.495,4.614,10.719*56
$GNGST,090415.80,0.011,0.004,0.004,-55.1541,3.495,4.614,10.719*56
$GNGST,090415.90,0.012,0.005,0.004,-45.6126,3.495,4.614,10.719*56
$GNGST,090416.00,0.012,0.005,0.004,-64.1613,3.495,4.614,10.719*59
$GNGST,090416.10,0.013,0.005,0.004,-63.4643,3.495,4.614,10.719*5E
$GNGST,090416.20,0.012,0.005,0.004,-55.7034,3.495,4.614,10.719*5C
$GNGST,090416.30,0.012,0.005,0.004,-49.1898,3.495,4.614,10.719*58
$GNGST,090416.40,0.012,0.005,0.004,-66.1149,3.495,4.614,10.719*57
$GNGST,090416.50,0.011,0.005,0.004,-51.6277,3.495,4.614,10.719*58
$GNGST,090416.60,0.012,0.005,0.004,-65.6268,3.495,4.614,10.719*51
$GNGST,090416.70,0.012,0.005,0.004,80.5604,3.495,4.614,10.719*7B
$GNGST,090416.80,0.011,0.005,0.004,-35.4687,3.495,4.614,10.719*5E
$GNGST,090416.90,0.010,0.004,0.004,-53.2090,3.495,4.614,10.719*59
$GNGST,090417.00,0.010,0.004,0.004,-47.5180,3.495,4.614,10.719*53
$GNGST,090417.10,0.010,0.004,0.004,-51.2123,3.495,4.614,10.719*5B
$GNGST,090417.20,0.010,0.004,0.004,-51.2122,3.495,4.614,10.719*59
$GNGST,090417.30,0.011,0.005,0.004,-50.8967,3.495,4.614,10.719*5A
$GNGST,090417.40,0.011,0.005,0.004,-51.6944,3.495,4.614,10.719*53
$GNGST,090417.50,0.010,0.004,0.004,-54.1832,3.495,4.614,10.719*50
$GNGST,090417.60,0.011,0.004,0.004,-54.6984,3.495,4.614,10.719*59
$GNGST,090417.70,0.012,0.005,0.004,-64.7982,3.495,4.614,10.719*5E
$GNGST,090417.80,0.010,0.004,0.004,-48.9315,3.495,4.614,10.719*56
$GNGST,090417.90,0.010,0.004,0.004,-48.9315,3.495,4.614,10.719*57
$GNGST,090418.00,0.011,0.005,0.004,-54.1750,3.495,4.614,10.719*51
$GNGST,090418.10,0.011,0.005,0.004,-43.2557,3.495,4.614,10.719*50
$GNGST,090418.20,0.011,0.004,0.004,-61.9810,3.495,4.614,10.719*57
$GNGST,090418.30,0.011,0.005,0.004,-40.1227,3.495,4.614,10.719*52
$GNGST,090418.40,0.011,0.005,0.004,-34.8572,3.495,4.614,10.719*58
$GNGST,090418.50,0.011,0.005,0.004,-45.2429,3.495,4.614,10.719*5A
$GNGST,090418.60,0.012,0.005,0.004,-87.0141,3.495,4.614,10.719*5D
$GNGST,090418.70,0.012,0.006,0.004,-62.8447,3.495,4.614,10.719*5F
$GNGST,090418.80,0.011,0.005,0.004,-56.0567,3.495,4.614,10.719*5C
$GNGST,090418.90,0.011,0.005,0.004,-55.1521,3.495,4.614,10.719*5D
$GNGST,090419.00,0.010,0.004,0.004,-49.9975,3.495,4.614,10.719*5D
$GNGST,090419.10,0.011,0.005,0.004,-48.5768,3.495,4.614,10.719*53
$GNGST,090419.20,0.012,0.005,0.004,-40.8533,3.495,4.614,10.719*5A
$GNGST,090419.30,0.011,0.004,0.004,-58.4996,3.495,4.614,10.719*5F
$GNGST,090419.40,0.010,0.004,0.004,-50.7884,3.495,4.614,10.719*50
$GNGST,090419.50,0.010,0.004,0.004,-50.1953,3.495,4.614,10.719*5C
$GNGST,090419.60,0.011,0.005,0.004,-84.5071,3.495,4.614,10.719*5B
$GNGST,090419.70,0.010,0.004,0.004,-50.1953,3.495,4.614,10.719*5E
$GNGST,090419.80,0.010,0.004,0.004,-51.0063,3.495,4.614,10.719*5B
$GNGST,090419.90,0.010,0.004,0.004,-58.5834,3.495,4.614,10.719*5C
$GNGST,090420.00,0.011,0.004,0.004,-55.5669,3.495,4.614,10.719*55
$GNGST,090420.10,0.010,0.004,0.004,-52.0438,3.495,4.614,10.719*51
$GNGST,090420.20,0.011,0.005,0.004,-50.2830,3.495,4.614,10.719*56
$GNGST,090420.30,0.011,0.005,0.004,-44.2152,3.495,4.614,10.719*5F
$GNGST,090420.40,0.011,0.004,0.004,-52.8939,3.495,4.614,10.719*51
$GNGST,090420.50,0.010,0.004,0.004,-50.2364,3.495,4.614,10.719*5B
$GNGST,090420.60,0.010,0.004,0.004,-50.2364,3.495,4.614,10.719*58
$GNGST,090420.70,0.011,0.005,0.004,-58.3783,3.495,4.614,10.719*5D
$GNGST,090420.80,0.011,0.005,0.004,-65.6273,3.495,4.614,10.719*53
$GNGST,090420.90,0.012,0.005,0.004,-62.9129,3.495,4.614,10.719*55
$GNGST,090421.00,0.011,0.005,0.004,-46.2770,3.495,4.614,10.719*59
$GNGST,090421.10,0.011,0.005,0.004,-50.5926,3.495,4.614,10.719*55
$GNGST,090421.20,0.010,0.004,0.004,-51.1819,3.495,4.614,10.719*5E
$GNGST,090421.30,0.010,0.004,0.004,-52.3009,3.495,4.614,10.719*57
$GNGST,090421.40,0.010,0.004,0.004,-51.1820,3.495,4.614,10.719*52
$GNGST,090421.50,0.010,0.004,0.004,-52.3011,3.495,4.614,10.719*58
$GNGST,090421.60,0.012,0.005,0.004,-50.3549,3.495,4.614,10.719*52
$GNGST,090421.70,0.012,0.005,0.004,-58.3765,3.495,4.614,10.719*57
$GNGST,090421.80,0.010,0.004,0.004,-51.5692,3.495,4.614,10.719*5D
$GNGST,090421.90,0.010,0.004,0.004,-51.5692,3.495,4.614,10.719*5C
$GNGST,090422.00,0.010,0.004,0.004,-51.5693,3.495,4.614,10.719*57
$GNGST,090422.10,0.011,0.005,0.004,-51.3776,3.495,4.614,10.719*5A
$GNGST,090422.20,0.010,0.004,0.004,-51.5693,3.495,4.614,10.719*55
$GNGST,090422.30,0.010,0.004,0.004,-51.5693,3.495,4.614,10.719*54
$GNGST,090422.40,0.010,0.004,0.004,-50.6179,3.495,4.614,10.719*52
$GNGST,090422.50,0.010,0.004,0.004,-50.6180,3.495,4.614,10.719*55
$GNGST,090422.60,0.015,0.007,0.004,-69.7364,3.495,4.614,10.719*53
$GNGST,090422.70,0.011,0.004,0.004,-62.4994,3.495,4.614,10.719*58
$GNGST,090422.80,0.011,0.004,0.004,-62.4995,3.495,4.614,10.719*56
$GNGST,090422.90,0.010,0.004,0.004,-52.5852,3.495,4.614,10.719*5E
$GNGST,090423.00,0.012,0.004,0.004,-83.2804,3.495,4.614,10.719*5C
$GNGST,090423.10,0.010,0.004,0.004,-52.6393,3.495,4.614,10.719*52
$GNGST,090423.20,0.012,0.005,0.004,-70.4091,3.495,4.614,10.719*51
$GNGST,090423.30,0.012,0.005,0.004,-76.8548,3.495,4.614,10.719*5B
$GNGST,090423.40,0.012,0.005,0.004,-65.8699,3.495,4.614,10.719*51
$GNGST,090423.50,0.010,0.004,0.004,-52.6393,3.495,4.614,10.719*56
$GNGST,090423.60,0.010,0.004,0.004,-52.6393,3.495,4.614,10.719*55
$GNGST,090423.70,0.012,0.004,0.004,-52.4858,3.495,4.614,10.719*58
$GNGST,090423.80,0.011,0.005,0.004,-44.3911,3.495,4.614,10.719*59
$GNGST,090423.90,0.011,0.005,0.004,-52.2807,3.495,4.614,10.719*58
$GNGST,090424.00,0.012,0.005,0.004,-54.2644,3.495,4.614,10.719*5A
$GNGST,090424.10,0.011,0.005,0.004,-58.6551,3.495,4.614,10.719*57
$GNGST,090424.20,0.011,0.004,0.004,-59.2013,3.495,4.614,10.719*53
$GNGST,090424.30,0.013,0.005,0.004,-63.1355,3.495,4.614,10.719*5A
$GNGST,090424.40,0.012,0.005,0.004,-43.8569,3.495,4.614,10.719*5E
$GNGST,090424.50,0.010,0.004,0.004,-54.9466,3.495,4.614,10.719*55
$GNGST,090424.60,0.011,0.004,0.004,-43.6810,3.495,4.614,10.719*53
$GNGST,090424.70,0.010,0.004,0.004,-54.9465,3.495,4.614,10.719*54
$GNGST,090424.80,0.010,0.004,0.004,-58.0571,3.495,4.614,10.719*5A
$GNGST,090424.90,0.011,0.004,0.004,-41.5503,3.495,4.614,10.719*52
$GNGST,090425.00,0.010,0.004,0.004,-58.0567,3.495,4.614,10.719*54
$GNGST,090425.10,0.011,0.004,0.004,-43.6447,3.495,4.614,10.719*5B
$GNGST,090425.20,0.010,0.004,0.004,-54.9463,3.495,4.614,10.719*56
$GNGST,090425.30,0.011,0.004,0.004,-49.9464,3.495,4.614,10.719*5D
$GNGST,090425.40,0.011,0.004,0.004,-33.6650,3.495,4.614,10.719*5D
$GNGST,090425.50,0.010,0.004,0.004,-53.8149,3.495,4.614,10.719*5A
$GNGST,090425.60,0.010,0.004,0.004,-52.6945,3.495,4.614,10.719*52
$GNGST,090425.70,0.010,0.004,0.004,-59.0342,3.495,4.614,10.719*53
$GNGST,090425.80,0.012,0.004,0.004,-49.9041,3.495,4.614,10.719*56
$GNGST,090425.90,0.012,0.005,0.004,-45.1557,3.495,4.614,10.719*50
$GNGST,090426.00,0.011,0.005,0.004,-53.8808,3.495,4.614,10.719*50
$GNGST,090426.10,0.011,0.005,0.004,-57.6667,3.495,4.614,10.719*5C
$GNGST,090426.20,0.012,0.005,0.004,-47.7290,3.495,4.614,10.719*50
$GNGST,090426.30,0.012,0.005,0.004,-41.4097,3.495,4.614,10.719*51
$GNGST,090426.40,0.014,0.006,0.004,-42.0637,3.495,4.614,10.719*58
$GNGST,090426.50,0.011,0.005,0.004,-45.8575,3.495,4.614,10.719*55
$GNGST,090426.60,0.012,0.004,0.004,84.8496,3.495,4.614,10.719*78
$GNGST,090426.70,0.010,0.004,0.004,-55.2423,3.495,4.614,10.719*5E
$GNGST,090426.80,0.013,0.005,0.004,-54.3533,3.495,4.614,10.719*53
$GNGST,090426.90,0.013,0.005,0.004,-52.1012,3.495,4.614,10.719*50
$GNGST,090427.00,0.012,0.005,0.004,-50.2453,3.495,4.614,10.719*59
$GNGST,090427.10,0.013,0.005,0.004,-46.6200,3.495,4.614,10.719*5A
$GNGST,090427.20,0.012,0.004,0.004,-50.9123,3.495,4.614,10.719*53
$GNGST,090427.30,0.011,0.004,0.004,-62.3046,3.495,4.614,10.719*58
$GNGST,090427.40,0.010,0.004,0.004,-53.6813,3.495,4.614,10.719*51
$GNGST,090427.50,0.012,0.005,0.004,-39.2490,3.495,4.614,10.719*5C
$GNGST,090427.60,0.010,0.004,0.004,-53.6812,3.495,4.614,10.719*52
$GNGST,090427.70,0.012,0.005,0.004,-48.6365,3.495,4.614,10.719*51
$GNGST,090427.80,0.013,0.005,0.005,-41.3066,3.495,4.614,10.719*52
$GNGST,090427.90,0.011,0.004,0.004,-46.8297,3.495,4.614,10.719*51
$GNGST,090428.00,0.012,0.005,0.004,-41.8139,3.495,4.614,10.719*55
$GNGST,090428.10,0.011,0.005,0.004,-53.7410,3.495,4.614,10.719*55
$GNGST,090428.20,0.011,0.005,0.004,-51.5634,3.495,4.614,10.719*52
$GNGST,090428.30,0.012,0.005,0.004,-53.2964,3.495,4.614,10.719*5F
$GNGST,090428.40,0.012,0.005,0.004,-52.7133,3.495,4.614,10.719*56
$GNGST,090428.50,0.011,0.005,0.004,-58.2380,3.495,4.614,10.719*51
$GNGST,090428.60,0.011,0.005,0.004,-58.2508,3.495,4.614,10.719*54
$GNGST,090428.70,0.012,0.005,0.005,-59.5833,3.495,4.614,10.719*54
$GNGST,090428.80,0.012,0.006,0.004,-62.0472,3.495,4.614,10.719*5D
$GNGST,090428.90,0.011,0.005,0.004,-69.7498,3.495,4.614,10.719*54
$GNGST,090429.00,0.012,0.005,0.004,-79.4013,3.495,4.614,10.719*5A
$GNGST,090429.10,0.014,0.006,0.005,-88.7343,3.495,4.614,10.719*54
$GNGST,090429.20,0.013,0.006,0.005,-61.6663,3.495,4.614,10.719*51
$GNGST,090429.30,0.012,0.005,0.004,-67.8939,3.495,4.614,10.719*5B
$GNGST,090429.40,0.012,0.005,0.004,-68.7874,3.495,4.614,10.719*54
$GNGST,090429.50,0.013,0.005,0.005,-73.3476,3.495,4.614,10.719*55
$GNGST,090429.60,0.013,0.006,0.005,-67.2027,3.495,4.614,10.719*51
$GNGST,090429.70,0.011,0.005,0.004,-85.5800,3.495,4.614,10.719*56
$GNGST,090429.80,0.012,0.005,0.004,-40.3605,3.495,4.614,10.719*5E
$GNGST,090429.90,0.012,0.005,0.004,-60.0815,3.495,4.614,10.719*51
$GNGST,090430.00,0.011,0.004,0.004,-61.6456,3.495,4.614,10.719*5E
$GNGST,090430.10,0.011,0.004,0.004,-65.0639,3.495,4.614,10.719*56
$GNGST,090430.20,0.012,0.005,0.004,-56.6146,3.495,4.614,10.719*5E
$GNGST,090430.30,0.013,0.005,0.004,-68.7899,3.495,4.614,10.719*59
$GNGST,090430.40,0.011,0.005,0.004,-72.8369,3.495,4.614,10.719*5C
$GNGST,090430.50,0.011,0.005,0.004,-64.6817,3.495,4.614,10.719*56
$GNGST,090430.60,0.011,0.004,0.004,-56.8285,3.495,4.614,10.719*5A
$GNGST,090430.70,0.012,0.005,0.004,-66.9690,3.495,4.614,10.719*5B
$GNGST,090430.80,0.011,0.005,0.004,-55.0641,3.495,4.614,10.719*52
$GNGST,090430.90,0.011,0.005,0.004,-57.7412,3.495,4.614,10.719*52
$GNGST,090431.00,0.011,0.004,0.004,-57.9522,3.495,4.614,10.719*57
$GNGST,090431.10,0.013,0.006,0.004,-55.8349,3.495,4.614,10.719*5E
$GNGST,090431.20,0.012,0.005,0.004,-45.1303,3.495,4.614,10.719*59
$GNGST,090431.30,0.012,0.005,0.004,-36.4641,3.495,4.614,10.719*5A
$GNGST,090431.40,0.013,0.005,0.005,0.0068,3.495,4.614,10.719*4C
$GNGST,090431.50,0.014,0.007,0.005,79.8665,3.495,4.614,10.719*75
$GNGST,090431.60,0.012,0.005,0.004,-35.8329,3.495,4.614,10.719*5B
$GNGST,090431.70,0.010,0.004,0.004,-52.2534,3.495,4.614,10.719*58
$GNGST,090431.80,0.010,0.004,0.004,-52.2534,3.495,4.614,10.719*57
$GNGST,090431.90,0.011,0.005,0.004,-29.7881,3.495,4.614,10.719*5C
$GNGST,090432.00,0.011,0.005,0.004,-38.0538,3.495,4.614,10.719*5E
$GNGST,090432.10,0.011,0.005,0.004,-58.8556,3.495,4.614,10.719*59
$GNGST,090432.20,0.011,0.005,0.004,-46.2893,3.495,4.614,10.719*5B
$GNGST,090432.30,0.011,0.005,0.004,-53.1937,3.495,4.614,10.719*52
$GNGST,090432.40,0.012,0.005,0.004,-44.0530,3.495,4.614,10.719*5A
$GNGST,090432.50,0.011,0.005,0.004,-26.2653,3.495,4.614,10.719*58
$GNGST,090432.60,0.012,0.006,0.004,-33.0057,3.495,4.614,10.719*5F
$GNGST,090432.70,0.011,0.004,0.004,-53.5655,3.495,4.614,10.719*58
$GNGST,090432.80,0.011,0.005,0.004,-50.2027,3.495,4.614,10.719*51
$GNGST,090432.90,0.012,0.005,0.004,-54.5740,3.495,4.614,10.719*56
$GNGST,090433.00,0.012,0.005,0.004,-70.7589,3.495,4.614,10.719*5D
$GNGST,090433.10,0.011,0.004,0.004,-49.3283,3.495,4.614,10.719*5D
$GNGST,090433.20,0.013,0.005,0.004,-49.6828,3.495,4.614,10.719*53
$GNGST,090433.30,0.012,0.005,0.004,-38.0413,3.495,4.614,10.719*57
$GNGST,090433.40,0.012,0.005,0.004,-23.5933,3.495,4.614,10.719*50
$GNGST,090433.50,0.010,0.004,0.004,-50.1051,3.495,4.614,10.719*5F
$GNGST,090433.60,0.012,0.005,0.004,-46.0448,3.495,4.614,10.719*55
$GNGST,090433.70,0.011,0.004,0.004,-38.2776,3.495,4.614,10.719*53
$GNGST,090433.80,0.012,0.005,0.004,-42.3793,3.495,4.614,10.719*59
$GNGST,090433.90,0.011,0.004,0.004,-68.9503,3.495,4.614,10.719*53
$GNGST,090434.00,0.011,0.005,0.004,49.1123,3.495,4.614,10.719*7C
$GNGST,090434.10,0.011,0.005,0.005,63.4542,3.495,4.614,10.719*72
$GNGST,090434.20,0.011,0.005,0.004,18.1467,3.495,4.614,10.719*7F
$GNGST,090434.30,0.011,0.004,0.004,-28.8592,3.495,4.614,10.719*53
$GNGST,090434.40,0.012,0.005,0.004,-87.2272,3.495,4.614,10.719*50
$GNGST,090434.50,0.012,0.005,0.004,-28.8192,3.495,4.614,10.719*53
$GNGST,090434.60,0.012,0.005,0.005,28.1699,3.495,4.614,10.719*79
$GNGST,090434.70,0.011,0.004,0.004,-57.3780,3.495,4.614,10.719*55
$GNGST,090434.80,0.011,0.004,0.004,-22.9934,3.495,4.614,10.719*53
$GNGST,090434.90,0.012,0.004,0.004,-33.7308,3.495,4.614,10.719*5A
$GNGST,090435.00,0.012,0.004,0.004,-59.2708,3.495,4.614,10.719*5F
$GNGST,090435.10,0.012,0.005,0.004,-58.4688,3.495,4.614,10.719*51
$GNGST,090435.20,0.012,0.005,0.004,-48.8466,3.495,4.614,10.719*5D
$GNGST,090435.30,0.011,0.005,0.004,-54.2063,3.495,4.614,10.719*59
$GNGST,090435.40,0.012,0.005,0.004,-40.5142,3.495,4.614,10.719*5D
$GNGST,090435.50,0.013,0.005,0.004,-50.2169,3.495,4.614,10.719*52
$GNGST,090435.60,0.012,0.005,0.004,-41.1123,3.495,4.614,10.719*5D
$GNGST,090435.70,0.014,0.006,0.005,-37.7879,3.495,4.614,10.719*59
$GNGST,090435.80,0.010,0.005,0.004,-59.1594,3.495,4.614,10.719*50
$GNGST,090435.90,0.012,0.005,0.004,-67.1235,3.495,4.614,10.719*52
$GNGST,090436.00,0.012,0.005,0.004,-48.0703,3.495,4.614,10.719*54
$GNGST,090436.10,0.012,0.005,0.004,-55.7658,3.495,4.614,10.719*51
$GNGST,090436.20,0.012,0.005,0.004,-64.6989,3.495,4.614,10.719*52
$GNGST,090436.30,0.011,0.005,0.004,-54.7737,3.495,4.614,10.719*59
$GNGST,090436.40,0.011,0.005,0.004,-45.4920,3.495,4.614,10.719*55
$GNGST,090436.50,0.013,0.005,0.005,-76.6072,3.495,4.614,10.719*5B
$GNGST,090436.60,0.013,0.005,0.005,-33.8610,3.495,4.614,10.719*55
$GNGST,090436.70,0.012,0.005,0.004,-46.5745,3.495,4.614,10.719*5A
$GNGST,090436.80,0.011,0.005,0.004,-48.8057,3.495,4.614,10.719*51
$GNGST,090436.90,0.012,0.005,0.004,-64.0029,3.495,4.614,10.719*5C
$GNGST,090437.00,0.014,0.006,0.005,-38.1608,3.495,4.614,10.719*5D
$GNGST,090437.10,0.012,0.005,0.005,-46.8921,3.495,4.614,10.719*5D
$GNGST,090437.20,0.013,0.005,0.004,-45.5500,3.495,4.614,10.719*5F
$GNGST,090437.30,0.013,0.005,0.005,-32.3514,3.495,4.614,10.719*5C
$GNGST,090437.40,0.013,0.005,0.004,-46.3980,3.495,4.614,10.719*58
$GNGST,090437.50,0.014,0.005,0.004,-36.6859,3.495,4.614,10.719*59
$GNGST,090437.60,0.012,0.004,0.004,-80.7345,3.495,4.614,10.719*57
$GNGST,090437.70,0.016,0.008,0.004,-55.3342,3.495,4.614,10.719*55
$GNGST,090437.80,0.014,0.005,0.004,-71.3783,3.495,4.614,10.719*5A
$GNGST,090437.90,0.015,0.006,0.005,-44.4610,3.495,4.614,10.719*52
$GNGST,090438.00,0.016,0.006,0.006,-75.9276,3.495,4.614,10.719*5F
$GNGST,090438.10,0.013,0.005,0.005,-34.6228,3.495,4.614,10.719*5A
$GNGST,090438.20,0.014,0.006,0.005,89.1739,3.495,4.614,10.719*74
$GNGST,090438.30,0.012,0.005,0.005,-7.3944,3.495,4.614,10.719*6D
$GNGST,090438.40,0.013,0.006,0.005,-46.7599,3.495,4.614,10.719*55
$GNGST,090438.50,0.012,0.005,0.004,-72.2523,3.495,4.614,10.719*54
$GNGST,090438.60,0.013,0.006,0.004,-68.9355,3.495,4.614,10.719*52
$GNGST,090438.70,0.013,0.005,0.004,-62.4270,3.495,4.614,10.719*51
$GNGST,090438.80,0.013,0.006,0.004,-17.7559,3.495,4.614,10.719*50
$GNGST,090438.90,0.015,0.007,0.005,-15.4772,3.495,4.614,10.719*5D
$GNGST,090439.00,0.012,0.005,0.004,-39.0741,3.495,4.614,10.719*5B
$GNGST,090439.10,0.013,0.007,0.004,-53.1857,3.495,4.614,10.719*5C
$GNGST,090439.20,0.013,0.006,0.004,-54.1283,3.495,4.614,10.719*5A
$GNGST,090439.30,0.015,0.006,0.005,-45.3812,3.495,4.614,10.719*5C
$GNGST,090439.40,0.012,0.005,0.004,-63.5321,3.495,4.614,10.719*57
$GNGST,090439.50,0.014,0.006,0.004,-61.3388,3.495,4.614,10.719*54
$GNGST,090439.60,0.012,0.005,0.004,-6.2547,3.495,4.614,10.719*67
$GNGST,090439.70,0.015,0.008,0.005,-47.1439,3.495,4.614,10.719*53
$GNGST,090439.80,0.016,0.008,0.005,-52.9415,3.495,4.614,10.719*5D
$GNGST,090439.90,0.014,0.006,0.004,-59.7486,3.495,4.614,10.719*5E
$GNGST,090440.00,0.013,0.006,0.005,-62.2607,3.495,4.614,10.719*59
$GNGST,090440.10,0.012,0.005,0.004,-83.3814,3.495,4.614,10.719*59
$GNGST,090440.20,0.014,0.007,0.004,-54.2353,3.495,4.614,10.719*5D
$GNGST,090440.30,0.013,0.006,0.005,-51.2824,3.495,4.614,10.719*55
$GNGST,090440.40,0.012,0.005,0.004,-53.7027,3.495,4.614,10.719*5D
$GNGST,090440.50,0.012,0.005,0.004,-48.5460,3.495,4.614,10.719*53
$GNGST,090440.60,0.016,0.007,0.005,-38.6606,3.495,4.614,10.719*51
$GNGST,090440.70,0.012,0.005,0.004,-45.6646,3.495,4.614,10.719*59
$GNGST,090440.80,0.012,0.005,0.004,-64.2460,3.495,4.614,10.719*57
$GNGST,090440.90,0.012,0.005,0.004,-44.2543,3.495,4.614,10.719*54
$GNGST,090441.00,0.013,0.005,0.005,3.8470,3.495,4.614,10.719*49
$GNGST,090441.10,0.011,0.005,0.004,-44.7405,3.495,4.614,10.719*58
$GNGST,090441.20,0.014,0.007,0.004,-45.8319,3.495,4.614,10.719*58
$GNGST,090441.30,0.012,0.005,0.004,-56.3391,3.495,4.614,10.719*54
$GNGST,090441.40,0.013,0.005,0.004,-51.8326,3.495,4.614,10.719*52
$GNGST,090441.50,0.011,0.005,0.004,-43.4209,3.495,4.614,10.719*52
$GNGST,090441.60,0.012,0.005,0.005,-9.7138,3.495,4.614,10.719*6F
$GNGST,090441.70,0.015,0.006,0.005,-51.8025,3.495,4.614,10.719*55
$GNGST,090441.80,0.011,0.004,0.004,-38.9228,3.495,4.614,10.719*5C
$GNGST,090441.90,0.012,0.005,0.004,24.8728,3.495,4.614,10.719*7B
$GNGST,090442.00,0.013,0.006,0.005,41.1565,3.495,4.614,10.719*73
$GNGST,090442.10,0.012,0.006,0.004,-48.1924,3.495,4.614,10.719*5F
$GNGST,090442.20,0.014,0.006,0.004,-58.8991,3.495,4.614,10.719*5C
$GNGST,090442.30,0.012,0.005,0.004,-43.8148,3.495,4.614,10.719*5E
$GNGST,090442.40,0.014,0.006,0.004,-48.6839,3.495,4.614,10.719*56
$GNGST,090442.50,0.013,0.005,0.005,-83.8456,3.495,4.614,10.719*5E
$GNGST,090442.60,0.013,0.005,0.005,-77.3502,3.495,4.614,10.719*5D
$GNGST,090442.70,0.012,0.005,0.005,-25.6614,3.495,4.614,10.719*5B
$GNGST,090442.80,0.011,0.005,0.004,78.5403,3.495,4.614,10.719*74
$GNGST,090442.90,0.012,0.005,0.004,56.6305,3.495,4.614,10.719*78
$GNGST,090443.00,0.012,0.005,0.004,-66.2063,3.495,4.614,10.719*59
$GNGST,090443.10,0.012,0.005,0.004,-57.1090,3.495,4.614,10.719*55
$GNGST,090443.20,0.012,0.005,0.004,-18.0368,3.495,4.614,10.719*58
$GNGST,090443.30,0.013,0.006,0.005,-24.4040,3.495,4.614,10.719*58
$GNGST,090443.40,0.012,0.006,0.004,-49.7491,3.495,4.614,10.719*5F
$GNGST,090443.50,0.016,0.006,0.006,-23.7289,3.495,4.614,10.719*5B
$GNGST,090443.60,0.013,0.005,0.005,1.6162,3.495,4.614,10.719*47
$GNGST,090443.70,0.013,0.006,0.005,-12.5782,3.495,4.614,10.719*51
$GNGST,090443.80,0.017,0.008,0.005,-49.5324,3.495,4.614,10.719*52
$GNGST,090443.90,0.013,0.005,0.005,-77.0295,3.495,4.614,10.719*59
$GNGST,090444.00,0.013,0.006,0.005,-26.8864,3.495,4.614,10.719*5C
$GNGST,090444.10,0.013,0.005,0.005,-33.5241,3.495,4.614,10.719*5A
$GNGST,090444.20,0.015,0.006,0.005,9.6816,3.495,4.614,10.719*43
$GNGST,090444.30,0.013,0.006,0.004,3.4016,3.495,4.614,10.719*45
$GNGST,090444.40,0.012,0.005,0.004,3.4335,3.495,4.614,10.719*42
$GNGST,090444.50,0.013,0.005,0.004,21.5815,3.495,4.614,10.719*7A
$GNGST,090444.60,0.013,0.006,0.005,59.9172,3.495,4.614,10.719*70
$GNGST,090444.70,0.013,0.005,0.005,-67.1401,3.495,4.614,10.719*5B
$GNGST,090444.80,0.013,0.006,0.005,-79.0104,3.495,4.614,10.719*59
$GNGST,090444.90,0.013,0.007,0.004,-83.2494,3.495,4.614,10.719*53
$GNGST,090445.00,0.013,0.006,0.005,-85.9494,3.495,4.614,10.719*56
$GNGST,090445.10,0.013,0.005,0.004,-84.3735,3.495,4.614,10.719*56
$GNGST,090445.20,0.016,0.007,0.005,-73.1879,3.495,4.614,10.719*5E
$GNGST,090445.30,0.014,0.007,0.004,-48.4994,3.495,4.614,10.719*53
$GNGST,090445.40,0.019,0.007,0.005,-41.3105,3.495,4.614,10.719*56
$GNGST,090445.50,0.012,0.005,0.004,-61.4888,3.495,4.614,10.719*56
$GNGST,090445.60,0.013,0.006,0.005,-68.1421,3.495,4.614,10.719*55
$GNGST,090445.70,0.012,0.005,0.004,-67.3904,3.495,4.614,10.719*50
$GNGST,090445.80,0.012,0.005,0.004,-53.3970,3.495,4.614,10.719*5B
$GNGST,090445.90,0.012,0.006,0.004,-65.2960,3.495,4.614,10.719*5C
$GNGST,090446.00,0.011,0.005,0.004,-87.5689,3.495,4.614,10.719*55
$GNGST,090446.10,0.017,0.007,0.005,86.5043,3.495,4.614,10.719*7D
$GNGST,090446.20,0.015,0.009,0.004,-55.7121,3.495,4.614,10.719*57
$GNGST,090446.30,0.018,0.007,0.005,86.4759,3.495,4.614,10.719*7D
$GNGST,090446.40,0.014,0.007,0.005,-72.3338,3.495,4.614,10.719*54
$GNGST,090446.50,0.014,0.006,0.005,87.2590,3.495,4.614,10.719*76
$GNGST,090446.60,0.013,0.006,0.005,82.2245,3.495,4.614,10.719*78
$GNGST,090446.70,0.012,0.005,0.005,-3.1266,3.495,4.614,10.719*6D
$GNGST,090446.80,0.011,0.004,0.004,-54.7331,3.495,4.614,10.719*56
$GNGST,090446.90,0.011,0.004,0.004,-56.7913,3.495,4.614,10.719*5F
$GNGST,090447.00,0.012,0.005,0.004,-69.3136,3.495,4.614,10.719*52
$GNGST,090447.10,0.012,0.005,0.004,-55.6167,3.495,4.614,10.719*5D
$GNGST,090447.20,0.012,0.005,0.004,-50.4637,3.495,4.614,10.719*5B
$GNGST,090447.30,0.012,0.005,0.004,-42.6982,3.495,4.614,10.719*5A
$GNGST,090447.40,0.014,0.005,0.004,-40.5797,3.495,4.614,10.719*50
$GNGST,090447.50,0.011,0.004,0.004,-2.4497,3.495,4.614,10.719*61
$GNGST,090447.60,0.011,0.005,0.004,-22.6868,3.495,4.614,10.719*5F
$GNGST,090447.70,0.013,0.006,0.005,-24.6143,3.495,4.614,10.719*58
$GNGST,090447.80,0.011,0.005,0.004,-20.8377,3.495,4.614,10.719*58
$GNGST,090447.90,0.013,0.006,0.005,-21.6570,3.495,4.614,10.719*57
$GNGST,090448.00,0.013,0.006,0.005,55.8450,3.495,4.614,10.719*72
$GNGST,090448.10,0.012,0.005,0.005,-32.2499,3.495,4.614,10.719*52
$GNGST,090448.20,0.012,0.006,0.004,10.1852,3.495,4.614,10.719*76
$GNGST,090448.30,0.013,0.005,0.005,15.3254,3.495,4.614,10.719*7F
$GNGST,090448.40,0.013,0.005,0.005,-4.4158,3.495,4.614,10.719*6D
$GNGST,090448.50,0.012,0.005,0.005,19.8068,3.495,4.614,10.719*72
$GNGST,090448.60,0.012,0.005,0.004,22.6639,3.495,4.614,10.719*74
$GNGST,090448.70,0.015,0.006,0.005,43.6480,3.495,4.614,10.719*77
$GNGST,090448.80,0.011,0.005,0.004,7.0353,3.495,4.614,10.719*41
$GNGST,090448.90,0.012,0.005,0.005,15.1161,3.495,4.614,10.719*73
$GNGST,090449.00,0.011,0.005,0.004,25.1375,3.495,4.614,10.719*7D
$GNGST,090449.10,0.011,0.004,0.004,-3.6429,3.495,4.614,10.719*6D
$GNGST,090449.20,0.011,0.004,0.004,-8.6682,3.495,4.614,10.719*66
$GNGST,090449.30,0.011,0.005,0.004,-37.6935,3.495,4.614,10.719*59
$GNGST,090449.40,0.011,0.005,0.004,-14.0215,3.495,4.614,10.719*50
$GNGST,090449.50,0.011,0.005,0.004,-26.1142,3.495,4.614,10.719*50
$GNGST,090449.60,0.010,0.004,0.004,-16.7401,3.495,4.614,10.719*54
$GNGST,090449.70,0.011,0.005,0.004,-59.7574,3.495,4.614,10.719*5D
$GNGST,090449.80,0.010,0.004,0.004,-45.1261,3.495,4.614,10.719*5A
$GNGST,090449.90,0.011,0.005,0.004,-37.1448,3.495,4.614,10.719*53
$GNGST,090450.00,0.012,0.005,0.005,-10.1145,3.495,4.614,10.719*5D
$GNGST,090450.10,0.010,0.005,0.004,-56.2450,3.495,4.614,10.719*5F
$GNGST,090450.20,0.011,0.004,0.004,28.6439,3.495,4.614,10.719*73
$GNGST,090450.30,0.010,0.004,0.004,-58.3241,3.495,4.614,10.719*55
$GNGST,090450.40,0.011,0.004,0.004,-53.8232,3.495,4.614,10.719*57
$GNGST,090450.50,0.011,0.004,0.004,42.0278,3.495,4.614,10.719*7D
$GNGST,090450.60,0.011,0.004,0.004,49.5420,3.495,4.614,10.719*7B
$GNGST,090450.70,0.011,0.004,0.004,-38.0012,3.495,4.614,10.719*51
$GNGST,090450.80,0.011,0.005,0.004,-61.2033,3.495,4.614,10.719*52
$GNGST,090450.90,0.010,0.004,0.004,-43.9544,3.495,4.614,10.719*5D
$GNGST,090451.00,0.010,0.005,0.004,-56.1954,3.495,4.614,10.719*55
$GNGST,090451.10,0.011,0.005,0.004,69.4014,3.495,4.614,10.719*7C
$GNGST,090451.20,0.011,0.005,0.004,43.5886,3.495,4.614,10.719*75
$GNGST,090451.30,0.012,0.005,0.004,43.2557,3.495,4.614,10.719*71
$GNGST,090451.40,0.011,0.004,0.004,47.9561,3.495,4.614,10.719*7E
$GNGST,090451.50,0.012,0.006,0.004,-49.4515,3.495,4.614,10.719*53
$GNGST,090451.60,0.011,0.005,0.004,-12.9232,3.495,4.614,10.719*51
$GNGST,090451.70,0.010,0.004,0.004,-81.3527,3.495,4.614,10.719*53
$GNGST,090451.80,0.010,0.004,0.004,-59.5216,3.495,4.614,10.719*5A
$GNGST,090451.90,0.010,0.004,0.004,-81.4386,3.495,4.614,10.719*57
$GNGST,090452.00,0.010,0.004,0.004,-53.8829,3.495,4.614,10.719*50
$GNGST,090452.10,0.011,0.005,0.004,-63.1634,3.495,4.614,10.719*59
$GNGST,090452.20,0.011,0.005,0.004,-66.0849,3.495,4.614,10.719*5A
$GNGST,090452.30,0.010,0.005,0.004,-62.0014,3.495,4.614,10.719*5E
$GNGST,090452.40,0.011,0.005,0.004,-70.3494,3.495,4.614,10.719*54
$GNGST,090452.50,0.010,0.005,0.004,-65.7275,3.495,4.614,10.719*5D
$GNGST,090452.60,0.012,0.006,0.004,-57.5964,3.495,4.614,10.719*57
$GNGST,090452.70,0.011,0.005,0.004,-53.6890,3.495,4.614,10.719*5B
$GNGST,090452.80,0.011,0.005,0.004,23.4238,3.495,4.614,10.719*74
$GNGST,090452.90,0.010,0.005,0.004,32.4374,3.495,4.614,10.719*7D
$GNGST,090453.00,0.011,0.005,0.004,-44.2997,3.495,4.614,10.719*59
$GNGST,090453.10,0.012,0.006,0.004,-53.3895,3.495,4.614,10.719*5C
$GNGST,090453.20,0.010,0.005,0.004,-46.0530,3.495,4.614,10.719*5B
$GNGST,090453.30,0.010,0.005,0.004,-39.4902,3.495,4.614,10.719*5B
$GNGST,090453.40,0.010,0.004,0.004,-45.5125,3.495,4.614,10.719*5A
$GNGST,090453.50,0.011,0.005,0.004,-47.5583,3.495,4.614,10.719*51
$GNGST,090453.60,0.009,0.004,0.004,30.2531,3.495,4.614,10.719*79
$GNGST,090453.70,0.009,0.004,0.004,30.2531,3.495,4.614,10.719*78
$GNGST,090453.80,0.011,0.004,0.004,-0.1543,3.495,4.614,10.719*66
$GNGST,090453.90,0.010,0.004,0.004,-50.6501,3.495,4.614,10.719*52
$GNGST,090454.00,0.011,0.005,0.004,-59.0736,3.495,4.614,10.719*55
$GNGST,090454.10,0.013,0.006,0.004,-54.7068,3.495,4.614,10.719*53
$GNGST,090454.20,0.011,0.005,0.004,-69.5766,3.495,4.614,10.719*54
$GNGST,090454.30,0.011,0.005,0.004,-61.4249,3.495,4.614,10.719*54
$GNGST,090454.40,0.013,0.006,0.004,-65.4792,3.495,4.614,10.719*55
$GNGST,090454.50,0.011,0.005,0.004,-77.7706,3.495,4.614,10.719*58
$GNGST,090454.60,0.010,0.005,0.004,-63.5006,3.495,4.614,10.719*5A
$GNGST,090454.70,0.014,0.006,0.004,-63.3662,3.495,4.614,10.719*5E
$GNGST,090454.80,0.010,0.004,0.004,-57.2959,3.495,4.614,10.719*56
$GNGST,090454.90,0.011,0.004,0.004,-68.0258,3.495,4.614,10.719*52
$GNGST,090455.00,0.010,0.004,0.004,-59.4576,3.495,4.614,10.719*56
$GNGST,090455.10,0.011,0.005,0.004,-37.4711,3.495,4.614,10.719*5C
$GNGST,090455.20,0.010,0.004,0.004,35.3114,3.495,4.614,10.719*74
$GNGST,090455.30,0.010,0.004,0.004,-54.0686,3.495,4.614,10.719*50
$GNGST,090455.40,0.011,0.005,0.004,-69.0719,3.495,4.614,10.719*5E
$GNGST,090455.50,0.011,0.005,0.004,-75.1374,3.495,4.614,10.719*5C
$GNGST,090455.60,0.011,0.005,0.004,-61.8071,3.495,4.614,10.719*55
$GNGST,090455.70,0.011,0.005,0.004,-65.0982,3.495,4.614,10.719*5D
$GNGST,090455.80,0.011,0.004,0.004,14.4897,3.495,4.614,10.719*79
$GNGST,090455.90,0.010,0.004,0.004,-39.9045,3.495,4.614,10.719*51
$GNGST,090456.00,0.011,0.005,0.004,-49.0216,3.495,4.614,10.719*51
$GNGST,090456.10,0.010,0.004,0.004,-30.1189,3.495,4.614,10.719*5A
$GNGST,090456.20,0.011,0.005,0.004,34.9711,3.495,4.614,10.719*7F
$GNGST,090456.30,0.011,0.005,0.004,15.5669,3.495,4.614,10.719*7F
$GNGST,090456.40,0.011,0.005,0.004,30.1737,3.495,4.614,10.719*71
$GNGST,090456.50,0.011,0.004,0.004,79.7781,3.495,4.614,10.719*77
$GNGST,090456.60,0.010,0.004,0.004,85.2960,3.495,4.614,10.719*72
$GNGST,090456.70,0.010,0.004,0.004,-74.3042,3.495,4.614,10.719*58
$GNGST,090456.80,0.009,0.004,0.004,-84.6471,3.495,4.614,10.719*51
$GNGST,090456.90,0.011,0.005,0.004,-79.4058,3.495,4.614,10.719*57
$GNGST,090457.00,0.011,0.005,0.004,-54.5274,3.495,4.614,10.719*5D
$GNGST,090457.10,0.012,0.005,0.004,-51.1823,3.495,4.614,10.719*56
$GNGST,090457.20,0.011,0.005,0.004,-54.4796,3.495,4.614,10.719*57
$GNGST,090457.30,0.010,0.004,0.004,-73.8226,3.495,4.614,10.719*51
$GNGST,090457.40,0.011,0.004,0.004,-65.1318,3.495,4.614,10.719*55
$GNGST,090457.50,0.010,0.004,0.004,-77.9780,3.495,4.614,10.719*5B
$GNGST,090457.60,0.010,0.004,0.004,81.2659,3.495,4.614,10.719*72
$GNGST,090457.70,0.011,0.005,0.004,-61.4324,3.495,4.614,10.719*59
$GNGST,090457.80,0.010,0.004,0.004,-59.3002,3.495,4.614,10.719*5D
$GNGST,090457.90,0.010,0.004,0.004,-63.0737,3.495,4.614,10.719*57
$GNGST,090458.00,0.010,0.004,0.004,-79.9108,3.495,4.614,10.719*59
$GNGST,090458.10,0.011,0.004,0.004,-35.4471,3.495,4.614,10.719*57
$GNGST,090458.20,0.010,0.004,0.004,-32.0492,3.495,4.614,10.719*5B
$GNGST,090458.30,0.011,0.004,0.004,50.8332,3.495,4.614,10.719*77
$GNGST,090458.40,0.011,0.004,0.004,-62.6937,3.495,4.614,10.719*5D
$GNGST,090458.50,0.011,0.005,0.004,-45.0968,3.495,4.614,10.719*54
$GNGST,090458.60,0.011,0.004,0.004,-43.8217,3.495,4.614,10.719*5B
$GNGST,090458.70,0.011,0.004,0.004,-50.5541,3.495,4.614,10.719*51
$GNGST,090458.80,0.009,0.004,0.004,-56.7490,3.495,4.614,10.719*5E
$GNGST,090458.90,0.010,0.004,0.004,-33.3526,3.495,4.614,10.719*5C
$GNGST,090459.00,0.012,0.005,0.004,-68.8273,3.495,4.614,10.719*55
$GNGST,090459.10,0.012,0.004,0.004,86.0329,3.495,4.614,10.719*7E
$GNGST,090459.20,0.012,0.004,0.004,73.1439,3.495,4.614,10.719*70
$GNGST,090459.30,0.011,0.004,0.004,-64.4544,3.495,4.614,10.719*57
$GNGST,090459.40,0.010,0.004,0.004,-50.0952,3.495,4.614,10.719*59
$GNGST,090459.50,0.012,0.005,0.004,-57.3390,3.495,4.614,10.719*5B
$GNGST,090459.60,0.011,0.004,0.004,-55.2568,3.495,4.614,10.719*58
$GNGST,090459.70,0.012,0.005,0.005,31.6194,3.495,4.614,10.719*76
$GNGST,090459.80,0.010,0.004,0.004,-32.2600,3.495,4.614,10.719*5B
$GNGST,090459.90,0.010,0.004,0.004,-73.9577,3.495,4.614,10.719*57
$GNGST,090500.00,0.011,0.004,0.004,-84.6469,3.495,4.614,10.719*5B
$GNGST,090500.10,0.012,0.005,0.004,-44.4380,3.495,4.614,10.719*56
$GNGST,090500.20,0.010,0.004,0.004,-37.4438,3.495,4.614,10.719*56
$GNGST,090500.30,0.010,0.004,0.004,-40.8187,3.495,4.614,10.719*5A
$GNGST,090500.40,0.011,0.004,0.004,-58.8819,3.495,4.614,10.719*5B
$GNGST,090500.50,0.011,0.005,0.004,-53.6777,3.495,4.614,10.719*59
$GNGST,090500.60,0.011,0.004,0.004,72.5828,3.495,4.614,10.719*73
$GNGST,090500.70,0.012,0.005,0.004,-74.7402,3.495,4.614,10.719*5D
$GNGST,090500.80,0.010,0.004,0.004,65.4128,3.495,4.614,10.719*72
$GNGST,090500.90,0.010,0.004,0.004,64.0953,3.495,4.614,10.719*72
$GNGST,090501.00,0.010,0.004,0.004,65.0302,3.495,4.614,10.719*75
$GNGST,090501.10,0.011,0.004,0.004,52.3921,3.495,4.614,10.719*79
$GNGST,090501.20,0.011,0.004,0.004,-88.8957,3.495,4.614,10.719*5A
$GNGST,090501.30,0.010,0.004,0.004,64.1214,3.495,4.614,10.719*70
$GNGST,090501.40,0.011,0.004,0.004,39.6160,3.495,4.614,10.719*79
$GNGST,090501.50,0.011,0.004,0.004,67.8561,3.495,4.614,10.719*78
$GNGST,090501.60,0.011,0.004,0.004,-81.0034,3.495,4.614,10.719*53
$GNGST,090501.70,0.012,0.005,0.004,62.6923,3.495,4.614,10.719*79
$GNGST,090501.80,0.013,0.005,0.005,-69.8938,3.495,4.614,10.719*54
$GNGST,090501.90,0.011,0.005,0.004,68.6737,3.495,4.614,10.719*75
$GNGST,090502.00,0.011,0.005,0.004,62.8423,3.495,4.614,10.719*7D
$GNGST,090502.10,0.010,0.004,0.004,84.6861,3.495,4.614,10.719*70
$GNGST,090502.20,0.010,0.004,0.004,68.3160,3.495,4.614,10.719*7C
$GNGST,090502.30,0.011,0.004,0.004,85.9367,3.495,4.614,10.719*70
$GNGST,090502.40,0.010,0.004,0.004,-67.9926,3.495,4.614,10.719*58
$GNGST,090502.50,0.010,0.004,0.004,-37.8740,3.495,4.614,10.719*53
$GNGST,090502.60,0.010,0.004,0.004,-33.1701,3.495,4.614,10.719*58
$GNGST,090502.70,0.010,0.004,0.004,84.4985,3.495,4.614,10.719*7F
$GNGST,090502.80,0.011,0.004,0.004,-45.6710,3.495,4.614,10.719*51
$GNGST,090502.90,0.010,0.004,0.004,-50.8087,3.495,4.614,10.719*52
$GNGST,090503.00,0.010,0.004,0.004,-49.2202,3.495,4.614,10.719*57
$GNGST,090503.10,0.014,0.005,0.005,-35.1241,3.495,4.614,10.719*5D
$GNGST,090503.20,0.010,0.004,0.004,-34.6836,3.495,4.614,10.719*56
$GNGST,090503.30,0.011,0.005,0.004,-16.6198,3.495,4.614,10.719*5A
$GNGST,090503.40,0.011,0.004,0.004,-45.1376,3.495,4.614,10.719*5F
$GNGST,090503.50,0.012,0.005,0.004,-59.8684,3.495,4.614,10.719*50
$GNGST,090503.60,0.010,0.004,0.004,-15.5096,3.495,4.614,10.719*50
$GNGST,090503.70,0.010,0.004,0.004,-29.7092,3.495,4.614,10.719*58
$GNGST,090503.80,0.011,0.005,0.004,-38.7470,3.495,4.614,10.719*5F
$GNGST,090503.90,0.011,0.004,0.004,-47.4556,3.495,4.614,10.719*51
$GNGST,090504.00,0.010,0.004,0.004,-49.2204,3.495,4.614,10.719*56
$GNGST,090504.10,0.012,0.005,0.004,-63.6996,3.495,4.614,10.719*58
$GNGST,090504.20,0.013,0.005,0.004,-55.8689,3.495,4.614,10.719*50
$GNGST,090504.30,0.011,0.005,0.004,-41.6517,3.495,4.614,10.719*5C
$GNGST,090504.40,0.011,0.004,0.004,-55.6170,3.495,4.614,10.719*5A
$GNGST,090504.50,0.011,0.004,0.004,-69.1208,3.495,4.614,10.719*5F
$GNGST,090504.60,0.011,0.004,0.004,89.9603,3.495,4.614,10.719*78
$GNGST,090504.70,0.010,0.004,0.004,-45.9607,3.495,4.614,10.719*51
$GNGST,090504.80,0.010,0.004,0.004,-45.4831,3.495,4.614,10.719*58
$GNGST,090504.90,0.011,0.005,0.004,-32.6782,3.495,4.614,10.719*5C
$GNGST,090505.00,0.011,0.005,0.004,-66.3641,3.495,4.614,10.719*5E
$GNGST,090505.10,0.011,0.005,0.004,-44.9569,3.495,4.614,10.719*5C
$GNGST,090505.20,0.012,0.005,0.004,-57.4847,3.495,4.614,10.719*52
$GNGST,090505.30,0.012,0.005,0.004,-47.4155,3.495,4.614,10.719*58
$GNGST,090505.40,0.013,0.006,0.004,-67.7010,3.495,4.614,10.719*5C
$GNGST,090505.50,0.012,0.005,0.004,83.7848,3.495,4.614,10.719*7D
$GNGST,090505.60,0.011,0.005,0.004,-33.3829,3.495,4.614,10.719*58
$GNGST,090505.70,0.012,0.005,0.004,-38.8508,3.495,4.614,10.719*54
$GNGST,090505.80,0.012,0.005,0.004,-29.0604,3.495,4.614,10.719*5C
$GNGST,090505.90,0.012,0.005,0.004,-38.5087,3.495,4.614,10.719*55
$GNGST,090506.00,0.013,0.005,0.004,-56.5092,3.495,4.614,10.719*52
$GNGST,090506.10,0.013,0.005,0.004,-52.5842,3.495,4.614,10.719*52
$GNGST,090506.20,0.012,0.005,0.004,-50.4116,3.495,4.614,10.719*5B
$GNGST,090506.30,0.013,0.005,0.005,-27.5793,3.495,4.614,10.719*50
$GNGST,090506.40,0.012,0.005,0.004,-57.1380,3.495,4.614,10.719*52
$GNGST,090506.50,0.012,0.005,0.004,-48.8164,3.495,4.614,10.719*5C
$GNGST,090506.60,0.011,0.005,0.004,-63.2071,3.495,4.614,10.719*5A
$GNGST,090506.70,0.011,0.005,0.004,-44.2515,3.495,4.614,10.719*59
$GNGST,090506.80,0.011,0.004,0.004,82.0919,3.495,4.614,10.719*72
$GNGST,090506.90,0.013,0.005,0.004,-65.2543,3.495,4.614,10.719*55
$GNGST,090507.00,0.013,0.005,0.004,76.3843,3.495,4.614,10.719*7E
$GNGST,090507.10,0.012,0.005,0.004,-57.4839,3.495,4.614,10.719*5A
$GNGST,090507.20,0.011,0.004,0.004,21.5662,3.495,4.614,10.719*76
$GNGST,090507.30,0.012,0.005,0.004,85.3749,3.495,4.614,10.719*75
$GNGST,090507.40,0.014,0.006,0.005,-40.7603,3.495,4.614,10.719*59
$GNGST,090507.50,0.017,0.006,0.005,14.3368,3.495,4.614,10.719*7B
$GNGST,090507.60,0.013,0.005,0.005,-77.1191,3.495,4.614,10.719*51
$GNGST,090507.70,0.013,0.005,0.005,6.8213,3.495,4.614,10.719*4B
$GNGST,090507.80,0.012,0.005,0.004,17.7065,3.495,4.614,10.719*78
$GNGST,090507.90,0.012,0.005,0.004,-63.0632,3.495,4.614,10.719*54
$GNGST,090508.00,0.012,0.005,0.004,-7.3479,3.495,4.614,10.719*6E
$GNGST,090508.10,0.013,0.005,0.005,26.7751,3.495,4.614,10.719*7C
$GNGST,090508.20,0.012,0.005,0.004,-71.6210,3.495,4.614,10.719*51
$GNGST,090508.30,0.016,0.007,0.005,-39.0086,3.495,4.614,10.719*50
$GNGST,090508.40,0.012,0.005,0.004,76.6910,3.495,4.614,10.719*76
$GNGST,090508.50,0.012,0.005,0.005,57.5268,3.495,4.614,10.719*72
$GNGST,090508.60,0.012,0.005,0.004,71.0170,3.495,4.614,10.719*7B
$GNGST,090508.70,0.012,0.005,0.004,-75.1667,3.495,4.614,10.719*53
$GNGST,090508.80,0.012,0.005,0.004,48.1498,3.495,4.614,10.719*7D
$GNGST,090508.90,0.011,0.005,0.004,29.9150,3.495,4.614,10.719*71
$GNGST,090509.00,0.012,0.005,0.004,-62.3753,3.495,4.614,10.719*57
$GNGST,090509.10,0.011,0.004,0.004,38.0590,3.495,4.614,10.719*78
$GNGST,090509.20,0.011,0.004,0.004,73.1007,3.495,4.614,10.719*7E
$GNGST,090509.30,0.012,0.004,0.004,-7.4198,3.495,4.614,10.719*60
$GNGST,090509.40,0.012,0.005,0.005,-35.4927,3.495,4.614,10.719*5A
$GNGST,090509.50,0.013,0.005,0.004,-85.9098,3.495,4.614,10.719*50
$GNGST,090509.60,0.012,0.005,0.004,-49.9908,3.495,4.614,10.719*52
$GNGST,090509.70,0.010,0.004,0.004,69.3828,3.495,4.614,10.719*76
$GNGST,090509.80,0.011,0.005,0.004,61.5968,3.495,4.614,10.719*72
$GNGST,090509.90,0.012,0.005,0.005,74.7241,3.495,4.614,10.719*77
$GNGST,090510.00,0.011,0.005,0.004,69.9832,3.495,4.614,10.719*78
$GNGST,090510.10,0.011,0.004,0.004,44.9523,3.495,4.614,10.719*7A
$GNGST,090510.20,0.012,0.005,0.004,51.7220,3.495,4.614,10.719*75
$GNGST,090510.30,0.011,0.005,0.004,47.8754,3.495,4.614,10.719*79
$GNGST,090510.40,0.011,0.004,0.004,81.1318,3.495,4.614,10.719*70
$GNGST,090510.50,0.011,0.005,0.004,-55.9869,3.495,4.614,10.719*51
$GNGST,090510.60,0.012,0.005,0.004,88.5285,3.495,4.614,10.719*78
$GNGST,090510.70,0.012,0.004,0.004,-76.5864,3.495,4.614,10.719*51
$GNGST,090510.80,0.011,0.004,0.004,80.9532,3.495,4.614,10.719*7B
$GNGST,090510.90,0.013,0.005,0.005,-26.6584,3.495,4.614,10.719*5B
$GNGST,090511.00,0.013,0.005,0.004,-65.7623,3.495,4.614,10.719*5A
$GNGST,090511.10,0.012,0.005,0.004,30.5509,3.495,4.614,10.719*7E
$GNGST,090511.20,0.012,0.005,0.005,-58.5938,3.495,4.614,10.719*51
$GNGST,090511.30,0.013,0.006,0.005,-12.1821,3.495,4.614,10.719*51
$GNGST,090511.40,0.012,0.005,0.004,38.8461,3.495,4.614,10.719*71
$GNGST,090511.50,0.012,0.005,0.005,-3.5953,3.495,4.614,10.719*65
$GNGST,090511.60,0.015,0.006,0.005,-49.8514,3.495,4.614,10.719*5E
$GNGST,090511.70,0.011,0.004,0.004,-89.9557,3.495,4.614,10.719*52
$GNGST,090511.80,0.013,0.005,0.005,-85.5447,3.495,4.614,10.719*5F
$GNGST,090511.90,0.013,0.005,0.005,16.9427,3.495,4.614,10.719*73
$GNGST,090512.00,0.012,0.005,0.004,82.6012,3.495,4.614,10.719*79
$GNGST,090512.10,0.013,0.005,0.005,-75.7852,3.495,4.614,10.719*50
$GNGST,090512.20,0.013,0.006,0.005,-86.6966,3.495,4.614,10.719*5B
$GNGST,090512.30,0.011,0.005,0.004,81.3341,3.495,4.614,10.719*7A
$GNGST,090512.40,0.012,0.005,0.004,71.0726,3.495,4.614,10.719*77
$GNGST,090512.50,0.016,0.007,0.005,74.2767,3.495,4.614,10.719*73
$GNGST,090512.60,0.012,0.005,0.004,-76.5644,3.495,4.614,10.719*5F
$GNGST,090512.70,0.011,0.005,0.004,87.3490,3.495,4.614,10.719*73
$GNGST,090512.80,0.012,0.005,0.004,-81.6477,3.495,4.614,10.719*58
$GNGST,090512.90,0.012,0.005,0.004,-78.0127,3.495,4.614,10.719*59
$GNGST,090513.00,0.012,0.005,0.004,-69.5626,3.495,4.614,10.719*52
$GNGST,090513.10,0.013,0.005,0.004,-88.4020,3.495,4.614,10.719*5C
$GNGST,090513.20,0.012,0.005,0.004,66.2217,3.495,4.614,10.719*73
$GNGST,090513.30,0.012,0.005,0.004,-62.5652,3.495,4.614,10.719*59
$GNGST,090513.40,0.013,0.005,0.004,-71.3155,3.495,4.614,10.719*5B
$GNGST,090513.50,0.013,0.005,0.004,85.9085,3.495,4.614,10.719*7A
$GNGST,090513.60,0.012,0.005,0.004,-89.7278,3.495,4.614,10.719*57
$GNGST,090513.70,0.012,0.005,0.004,-89.7268,3.495,4.614,10.719*57
$GNGST,090513.80,0.014,0.006,0.005,-59.0334,3.495,4.614,10.719*5E
$GNGST,090513.90,0.012,0.005,0.005,72.7745,3.495,4.614,10.719*7B
$GNGST,090514.00,0.012,0.005,0.004,86.0759,3.495,4.614,10.719*75
$GNGST,090514.10,0.011,0.004,0.004,-76.1692,3.495,4.614,10.719*53
$GNGST,090514.20,0.012,0.005,0.005,82.5183,3.495,4.614,10.719*76
$GNGST,090514.30,0.012,0.006,0.004,86.8522,3.495,4.614,10.719*73
$GNGST,090514.40,0.012,0.005,0.004,83.6204,3.495,4.614,10.719*7F
$GNGST,090514.50,0.012,0.005,0.004,-67.4274,3.495,4.614,10.719*5C
$GNGST,090514.60,0.012,0.005,0.004,68.6400,3.495,4.614,10.719*7A
$GNGST,090514.70,0.012,0.005,0.004,-64.1588,3.495,4.614,10.719*5C
$GNGST,090514.80,0.012,0.005,0.004,-88.8967,3.495,4.614,10.719*55
$GNGST,090514.90,0.013,0.006,0.004,49.8527,3.495,4.614,10.719*7E
$GNGST,090515.00,0.012,0.005,0.004,69.2655,3.495,4.614,10.719*7A
$GNGST,090515.10,0.012,0.005,0.004,79.7556,3.495,4.614,10.719*7F
$GNGST,090515.20,0.013,0.005,0.004,-79.0088,3.495,4.614,10.719*51
$GNGST,090515.30,0.012,0.005,0.004,-68.8003,3.495,4.614,10.719*5A
$GNGST,090515.40,0.012,0.005,0.004,-85.7158,3.495,4.614,10.719*5E
$GNGST,090515.50,0.014,0.006,0.005,-73.9035,3.495,4.614,10.719*56
$GNGST,090515.60,0.012,0.005,0.004,81.6216,3.495,4.614,10.719*7D
$GNGST,090515.70,0.012,0.005,0.005,-50.3920,3.495,4.614,10.719*57
$GNGST,090515.80,0.013,0.005,0.005,89.0349,3.495,4.614,10.719*76
$GNGST,090515.90,0.013,0.005,0.004,-86.0345,3.495,4.614,10.719*58
$GNGST,090516.00,0.014,0.007,0.004,-68.0529,3.495,4.614,10.719*5B
$GNGST,090516.10,0.012,0.005,0.004,-80.3338,3.495,4.614,10.719*5D
$GNGST,090516.20,0.013,0.005,0.004,-62.4012,3.495,4.614,10.719*5F
$GNGST,090516.30,0.012,0.005,0.004,-71.2756,3.495,4.614,10.719*5C
$GNGST,090516.40,0.012,0.005,0.004,69.1141,3.495,4.614,10.719*7C
$GNGST,090516.50,0.012,0.005,0.004,-83.8747,3.495,4.614,10.719*5D
$GNGST,090516.60,0.013,0.005,0.005,85.6738,3.495,4.614,10.719*73
$GNGST,090516.70,0.012,0.005,0.004,-79.6054,3.495,4.614,10.719*51
$GNGST,090516.80,0.013,0.005,0.004,-72.1633,3.495,4.614,10.719*54
$GNGST,090516.90,0.012,0.005,0.004,-75.3348,3.495,4.614,10.719*58
$GNGST,090517.00,0.013,0.006,0.004,-77.7164,3.495,4.614,10.719*58
$GNGST,090517.10,0.013,0.005,0.004,-65.3452,3.495,4.614,10.719*5D
$GNGST,090517.20,0.014,0.006,0.004,-70.3250,3.495,4.614,10.719*5A
$GNGST,090517.30,0.013,0.005,0.004,-66.5721,3.495,4.614,10.719*5D
$GNGST,090517.40,0.013,0.005,0.004,70.9655,3.495,4.614,10.719*7E
$GNGST,090517.50,0.012,0.005,0.004,89.6710,3.495,4.614,10.719*77
$GNGST,090517.60,0.014,0.007,0.004,81.7661,3.495,4.614,10.719*7E
$GNGST,090517.70,0.016,0.006,0.005,74.1132,3.495,4.614,10.719*70
$GNGST,090517.80,0.012,0.005,0.004,-61.9472,3.495,4.614,10.719*59
$GNGST,090517.90,0.012,0.005,0.004,-79.8018,3.495,4.614,10.719*58
$GNGST,090518.00,0.011,0.004,0.004,83.5988,3.495,4.614,10.719*79
$GNGST,090518.10,0.012,0.005,0.004,-77.0597,3.495,4.614,10.719*5B
$GNGST,090518.20,0.013,0.006,0.004,82.4768,3.495,4.614,10.719*7B
$GNGST,090518.30,0.013,0.005,0.004,-78.3256,3.495,4.614,10.719*5E
$GNGST,090518.40,0.012,0.006,0.004,-88.6995,3.495,4.614,10.719*55
$GNGST,090518.50,0.012,0.006,0.004,-89.7603,3.495,4.614,10.719*54
$GNGST,090518.60,0.012,0.005,0.004,67.5266,3.495,4.614,10.719*7C
$GNGST,090518.70,0.012,0.005,0.004,54.0949,3.495,4.614,10.719*7E
$GNGST,090518.80,0.012,0.005,0.004,-86.5383,3.495,4.614,10.719*5A
$GNGST,090518.90,0.011,0.004,0.004,70.8761,3.495,4.614,10.719*78
$GNGST,090519.00,0.012,0.005,0.004,-80.1566,3.495,4.614,10.719*5C
$GNGST,090519.10,0.013,0.005,0.004,60.5663,3.495,4.614,10.719*7D
$GNGST,090519.20,0.012,0.005,0.004,75.2322,3.495,4.614,10.719*7C
$GNGST,090519.30,0.011,0.004,0.004,-85.2183,3.495,4.614,10.719*54
$GNGST,090519.40,0.012,0.005,0.004,-65.4445,3.495,4.614,10.719*56
$GNGST,090519.50,0.012,0.005,0.004,-69.0728,3.495,4.614,10.719*57
$GNGST,090519.60,0.014,0.006,0.005,-78.6077,3.495,4.614,10.719*5B
$GNGST,090519.70,0.013,0.005,0.005,88.5168,3.495,4.614,10.719*70
$GNGST,090519.80,0.014,0.007,0.004,70.8387,3.495,4.614,10.719*72
$GNGST,090519.90,0.016,0.007,0.005,75.9453,3.495,4.614,10.719*7A
$GNGST,090520.00,0.015,0.007,0.005,70.3963,3.495,4.614,10.719*7B
$GNGST,090520.10,0.011,0.005,0.004,-68.8350,3.495,4.614,10.719*58
$GNGST,090520.20,0.012,0.005,0.005,-81.1479,3.495,4.614,10.719*5B
$GNGST,090520.30,0.012,0.006,0.004,-87.2104,3.495,4.614,10.719*52
$GNGST,090520.40,0.012,0.005,0.004,-74.1023,3.495,4.614,10.719*5D
$GNGST,090520.50,0.013,0.005,0.004,81.2382,3.495,4.614,10.719*71
$GNGST,090520.60,0.012,0.005,0.005,-26.7018,3.495,4.614,10.719*57
$GNGST,090520.70,0.012,0.005,0.004,79.8002,3.495,4.614,10.719*74
$GNGST,090520.80,0.011,0.004,0.004,71.5334,3.495,4.614,10.719*7A
$GNGST,090520.90,0.013,0.006,0.004,80.7820,3.495,4.614,10.719*79
$GNGST,090521.00,0.013,0.006,0.004,-82.0839,3.495,4.614,10.719*51
$GNGST,090521.10,0.012,0.005,0.004,-71.8126,3.495,4.614,10.719*51
$GNGST,090521.20,0.013,0.006,0.004,-69.1166,3.495,4.614,10.719*54
$GNGST,090521.30,0.013,0.005,0.004,-76.3260,3.495,4.614,10.719*5F
$GNGST,090521.40,0.014,0.006,0.005,-85.4727,3.495,4.614,10.719*50
$GNGST,090521.50,0.012,0.005,0.004,-73.3811,3.495,4.614,10.719*51
$GNGST,090521.60,0.011,0.005,0.004,63.7537,3.495,4.614,10.719*70
$GNGST,090521.70,0.012,0.005,0.004,83.5889,3.495,4.614,10.719*76
$GNGST,090521.80,0.012,0.005,0.004,69.8955,3.495,4.614,10.719*70
$GNGST,090521.90,0.012,0.005,0.004,68.8409,3.495,4.614,10.719*74
$GNGST,090522.00,0.012,0.005,0.004,-72.5573,3.495,4.614,10.719*59
$GNGST,090522.10,0.016,0.006,0.005,48.3478,3.495,4.614,10.719*76
$GNGST,090522.20,0.012,0.005,0.004,56.9720,3.495,4.614,10.719*78
$GNGST,090522.30,0.012,0.005,0.004,-68.8354,3.495,4.614,10.719*5F
$GNGST,090522.40,0.012,0.005,0.004,75.9007,3.495,4.614,10.719*7D
$GNGST,090522.50,0.013,0.005,0.004,73.7957,3.495,4.614,10.719*79
$GNGST,090522.60,0.015,0.006,0.005,38.5803,3.495,4.614,10.719*73
$GNGST,090522.70,0.012,0.005,0.004,60.5684,3.495,4.614,10.719*7B
$GNGST,090522.80,0.012,0.005,0.004,73.3661,3.495,4.614,10.719*7B
$GNGST,090522.90,0.012,0.005,0.004,89.9235,3.495,4.614,10.719*70
$GNGST,090523.00,0.012,0.005,0.004,85.3635,3.495,4.614,10.719*7A
$GNGST,090523.10,0.014,0.006,0.005,-85.4852,3.495,4.614,10.719*5A
$GNGST,090523.20,0.012,0.005,0.004,-76.1059,3.495,4.614,10.719*57
$GNGST,090523.30,0.012,0.005,0.004,-86.5094,3.495,4.614,10.719*5C
$GNGST,090523.40,0.013,0.005,0.004,64.5928,3.495,4.614,10.719*75
$GNGST,090523.50,0.013,0.006,0.004,-85.5061,3.495,4.614,10.719*51
$GNGST,090523.60,0.016,0.008,0.005,64.4042,3.495,4.614,10.719*7A
$GNGST,090523.70,0.013,0.006,0.004,-77.9367,3.495,4.614,10.719*57
$GNGST,090523.80,0.013,0.006,0.004,85.8127,3.495,4.614,10.719*7F
$GNGST,090523.90,0.012,0.005,0.004,-83.7596,3.495,4.614,10.719*56
$GNGST,090524.00,0.013,0.006,0.004,85.2034,3.495,4.614,10.719*79
$GNGST,090524.10,0.013,0.005,0.004,-86.9195,3.495,4.614,10.719*54
$GNGST,090524.20,0.015,0.006,0.005,82.5850,3.495,4.614,10.719*76
$GNGST,090524.30,0.014,0.006,0.004,-82.9351,3.495,4.614,10.719*5C
$GNGST,090524.40,0.013,0.005,0.004,-86.7702,3.495,4.614,10.719*57
$GNGST,090524.50,0.013,0.005,0.004,78.9888,3.495,4.614,10.719*79
$GNGST,090524.60,0.013,0.006,0.004,88.2045,3.495,4.614,10.719*74
$GNGST,090524.70,0.014,0.006,0.004,-74.7302,3.495,4.614,10.719*59
$GNGST,090524.80,0.013,0.006,0.004,-66.2538,3.495,4.614,10.719*58
$GNGST,090524.90,0.012,0.005,0.004,-83.7335,3.495,4.614,10.719*5E
$GNGST,090525.00,0.013,0.005,0.004,-78.8854,3.495,4.614,10.719*50
$GNGST,090525.10,0.014,0.006,0.004,-62.6076,3.495,4.614,10.719*58
$GNGST,090525.20,0.015,0.006,0.005,-72.7406,3.495,4.614,10.719*58
$GNGST,090525.30,0.015,0.007,0.005,-58.3951,3.495,4.614,10.719*5B
$GNGST,090525.40,0.013,0.006,0.004,-60.2142,3.495,4.614,10.719*5A
$GNGST,090525.50,0.028,0.017,0.006,86.5304,3.495,4.614,10.719*73
$GNGST,090525.60,0.016,0.007,0.005,-76.2289,3.495,4.614,10.719*5E
$GNGST,090525.70,0.016,0.007,0.005,-77.0130,3.495,4.614,10.719*5D
$GNGST,090525.80,0.013,0.005,0.004,-74.6379,3.495,4.614,10.719*5E
$GNGST,090525.90,0.014,0.006,0.005,-73.1813,3.495,4.614,10.719*5D
$GNGST,090526.00,0.016,0.008,0.005,82.7769,3.495,4.614,10.719*7C
$GNGST,090526.10,0.015,0.007,0.005,77.2871,3.495,4.614,10.719*78
$GNGST,090526.20,0.021,0.011,0.005,81.4263,3.495,4.614,10.719*7D
$GNGST,090526.30,0.016,0.007,0.005,-41.3842,3.495,4.614,10.719*50
$GNGST,090526.40,0.014,0.006,0.005,-77.7399,3.495,4.614,10.719*58
$GNGST,090526.50,0.013,0.006,0.004,-80.5774,3.495,4.614,10.719*52
$GNGST,090526.60,0.013,0.006,0.004,89.8392,3.495,4.614,10.719*74
$GNGST,090526.70,0.015,0.008,0.005,88.5214,3.495,4.614,10.719*7F
$GNGST,090526.80,0.015,0.006,0.005,-70.6402,3.495,4.614,10.719*56
$GNGST,090526.90,0.016,0.006,0.005,-85.5976,3.495,4.614,10.719*53
$GNGST,090527.00,0.014,0.006,0.005,86.5420,3.495,4.614,10.719*79
$GNGST,090527.10,0.014,0.007,0.005,78.9803,3.495,4.614,10.719*79
$GNGST,090527.20,0.014,0.005,0.005,77.6745,3.495,4.614,10.719*75
$GNGST,090527.30,0.016,0.006,0.005,-75.1789,3.495,4.614,10.719*5D
$GNGST,090527.40,0.015,0.006,0.005,-44.4515,3.495,4.614,10.719*59
$GNGST,090527.50,0.013,0.006,0.005,-81.0343,3.495,4.614,10.719*56
$GNGST,090527.60,0.013,0.006,0.005,-35.6429,3.495,4.614,10.719*57
$GNGST,090527.70,0.016,0.006,0.005,-71.8476,3.495,4.614,10.719*57
$GNGST,090527.80,0.015,0.006,0.005,76.0338,3.495,4.614,10.719*74
$GNGST,090527.90,0.014,0.006,0.005,-39.3227,3.495,4.614,10.719*5E
$GNGST,090528.00,0.017,0.007,0.005,-42.3787,3.495,4.614,10.719*59
$GNGST,090528.10,0.022,0.013,0.006,72.5237,3.495,4.614,10.719*7E
$GNGST,090528.20,0.020,0.010,0.005,72.6150,3.495,4.614,10.719*7E
$GNGST,090528.30,0.014,0.006,0.005,81.1968,3.495,4.614,10.719*77
$GNGST,090528.40,0.018,0.008,0.006,66.8743,3.495,4.614,10.719*76
$GNGST,090528.50,0.020,0.009,0.007,27.3507,3.495,4.614,10.719*70
$GNGST,090528.60,0.016,0.006,0.005,-84.7534,3.495,4.614,10.719*5B
$GNGST,090528.70,0.016,0.007,0.005,-42.7878,3.495,4.614,10.719*54
$GNGST,090528.80,0.016,0.007,0.005,-59.4266,3.495,4.614,10.719*57
$GNGST,090528.90,0.017,0.007,0.006,62.5327,3.495,4.614,10.719*74
$GNGST,090529.00,0.016,0.007,0.005,-79.2956,3.495,4.614,10.719*52
$GNGST,090529.10,0.016,0.007,0.005,88.0622,3.495,4.614,10.719*7E
$GNGST,090529.20,0.016,0.006,0.005,-77.6272,3.495,4.614,10.719*56
$GNGST,090529.30,0.015,0.006,0.005,73.4245,3.495,4.614,10.719*7B
$GNGST,090529.40,0.016,0.007,0.005,-69.6773,3.495,4.614,10.719*5A
$GNGST,090529.50,0.014,0.006,0.005,82.1938,3.495,4.614,10.719*76
$GNGST,090529.60,0.017,0.006,0.005,-74.3005,3.495,4.614,10.719*57
$GNGST,090529.70,0.014,0.007,0.005,-82.7306,3.495,4.614,10.719*59
$GNGST,090529.80,0.014,0.007,0.005,86.9177,3.495,4.614,10.719*75
$GNGST,090529.90,0.017,0.008,0.005,-76.6756,3.495,4.614,10.719*50
$GNGST,090530.00,0.016,0.008,0.005,89.9835,3.495,4.614,10.719*78
$GNGST,090530.10,0.018,0.008,0.006,85.3682,3.495,4.614,10.719*70
$GNGST,090530.20,0.016,0.008,0.006,-52.2873,3.495,4.614,10.719*5B
$GNGST,090530.30,0.018,0.008,0.006,87.1811,3.495,4.614,10.719*76
$GNGST,090530.40,0.016,0.008,0.005,89.8668,3.495,4.614,10.719*7B
$GNGST,090530.50,0.016,0.007,0.005,-81.8004,3.495,4.614,10.719*5C
$GNGST,090530.60,0.016,0.008,0.005,89.5935,3.495,4.614,10.719*73
$GNGST,090530.70,0.018,0.007,0.005,-80.5140,3.495,4.614,10.719*5D
$GNGST,090530.80,0.016,0.007,0.005,-82.8287,3.495,4.614,10.719*5B
$GNGST,090530.90,0.015,0.006,0.005,-74.0917,3.495,4.614,10.719*5B
$GNGST,090531.00,0.015,0.006,0.005,-69.6497,3.495,4.614,10.719*5C
$GNGST,090531.10,0.017,0.007,0.005,85.0771,3.495,4.614,10.719*7C
$GNGST,090531.20,0.023,0.013,0.008,-34.5908,3.495,4.614,10.719*52
$GNGST,090531.30,0.017,0.007,0.005,-80.2331,3.495,4.614,10.719*54
$GNGST,090531.40,0.016,0.007,0.005,84.0455,3.495,4.614,10.719*7C
$GNGST,090531.50,0.018,0.008,0.005,79.8751,3.495,4.614,10.719*71
$GNGST,090531.60,0.037,0.021,0.007,72.4652,3.495,4.614,10.719*73
$GNGST,090531.70,0.015,0.007,0.005,71.4371,3.495,4.614,10.719*73
$GNGST,090531.80,0.014,0.007,0.005,-85.1101,3.495,4.614,10.719*5B
$GNGST,090531.90,0.015,0.006,0.005,-81.3917,3.495,4.614,10.719*53
$GNGST,090532.00,0.016,0.008,0.005,-70.8563,3.495,4.614,10.719*5E
$GNGST,090532.10,0.015,0.008,0.005,82.8531,3.495,4.614,10.719*7B
$GNGST,090532.20,0.015,0.007,0.005,76.3886,3.495,4.614,10.719*76
$GNGST,090532.30,0.015,0.007,0.005,-78.6252,3.495,4.614,10.719*52
$GNGST,090532.40,0.015,0.007,0.005,75.1848,3.495,4.614,10.719*73
$GNGST,090532.50,0.014,0.006,0.005,81.7767,3.495,4.614,10.719*7D
$GNGST,090532.60,0.019,0.008,0.005,67.9257,3.495,4.614,10.719*7D
$GNGST,090532.70,0.016,0.007,0.005,78.2517,3.495,4.614,10.719*7A
$GNGST,090532.80,0.021,0.008,0.006,82.7181,3.495,4.614,10.719*76
$GNGST,090532.90,0.016,0.007,0.006,-84.6591,3.495,4.614,10.719*53
$GNGST,090533.00,0.021,0.009,0.006,-76.7976,3.495,4.614,10.719*58
$GNGST,090533.10,0.020,0.008,0.006,83.0076,3.495,4.614,10.719*70
$GNGST,090533.20,0.015,0.007,0.005,84.2469,3.495,4.614,10.719*76
$GNGST,090533.30,0.032,0.025,0.007,53.7228,3.495,4.614,10.719*7C
$GNGST,090533.40,0.021,0.008,0.005,85.5089,3.495,4.614,10.719*74
$GNGST,090533.50,0.018,0.008,0.005,79.6104,3.495,4.614,10.719*7B
$GNGST,090533.60,0.025,0.010,0.006,-67.6024,3.495,4.614,10.719*5D
$GNGST,090533.70,0.020,0.011,0.005,70.7519,3.495,4.614,10.719*7A
$GNGST,090533.80,0.020,0.011,0.005,71.3228,3.495,4.614,10.719*75
$GNGST,090533.90,0.016,0.008,0.005,80.9683,3.495,4.614,10.719*78
$GNGST,090534.00,0.015,0.006,0.004,-89.3785,3.495,4.614,10.719*53
$GNGST,090534.10,0.016,0.009,0.005,72.0667,3.495,4.614,10.719*78
$GNGST,090534.20,0.018,0.010,0.005,74.1719,3.495,4.614,10.719*72
$GNGST,090534.30,0.016,0.007,0.005,-82.8793,3.495,4.614,10.719*54
$GNGST,090534.40,0.018,0.007,0.005,-86.6543,3.495,4.614,10.719*58
$GNGST,090534.50,0.017,0.008,0.005,83.0289,3.495,4.614,10.719*76
$GNGST,090534.60,0.017,0.009,0.005,-87.1832,3.495,4.614,10.719*56
$GNGST,090534.70,0.018,0.010,0.005,83.2008,3.495,4.614,10.719*7B
$GNGST,090534.80,0.015,0.007,0.005,87.0579,3.495,4.614,10.719*7A
$GNGST,090534.90,0.017,0.007,0.005,75.8866,3.495,4.614,10.719*7F
$GNGST,090535.00,0.014,0.007,0.005,79.6323,3.495,4.614,10.719*7C
$GNGST,090535.10,0.017,0.007,0.004,-82.3000,3.495,4.614,10.719*51
$GNGST,090535.20,0.014,0.006,0.004,86.0178,3.495,4.614,10.719*74
$GNGST,090535.30,0.016,0.009,0.005,72.9772,3.495,4.614,10.719*77
$GNGST,090535.40,0.017,0.007,0.004,-84.3464,3.495,4.614,10.719*54
$GNGST,090535.50,0.013,0.006,0.004,-86.6930,3.495,4.614,10.719*5B
$GNGST,090535.60,0.013,0.006,0.004,-88.8150,3.495,4.614,10.719*56
$GNGST,090535.70,0.015,0.007,0.004,-86.9074,3.495,4.614,10.719*58
$GNGST,090535.80,0.015,0.007,0.004,-84.7843,3.495,4.614,10.719*57
$GNGST,090535.90,0.015,0.006,0.004,87.6759,3.495,4.614,10.719*7C
$GNGST,090536.00,0.016,0.007,0.004,-85.8919,3.495,4.614,10.719*5F
$GNGST,090536.10,0.017,0.007,0.004,-82.8854,3.495,4.614,10.719*50
$GNGST,090536.20,0.016,0.008,0.005,83.3282,3.495,4.614,10.719*7A
$GNGST,090536.30,0.020,0.009,0.005,-65.8057,3.495,4.614,10.719*5B
$GNGST,090536.40,0.016,0.007,0.005,86.6618,3.495,4.614,10.719*74
$GNGST,090536.50,0.017,0.007,0.005,-86.4634,3.495,4.614,10.719*55
$GNGST,090536.60,0.018,0.009,0.005,83.0793,3.495,4.614,10.719*77
$GNGST,090536.70,0.016,0.007,0.005,-85.4498,3.495,4.614,10.719*51
$GNGST,090536.80,0.015,0.007,0.004,-82.5107,3.495,4.614,10.719*59
$GNGST,090536.90,0.020,0.011,0.005,69.3051,3.495,4.614,10.719*74
$GNGST,090537.00,0.017,0.008,0.005,75.7981,3.495,4.614,10.719*7D
$GNGST,090537.10,0.018,0.008,0.005,-80.5625,3.495,4.614,10.719*57
$GNGST,090537.20,0.015,0.007,0.005,-81.9181,3.495,4.614,10.719*52
$GNGST,090537.30,0.015,0.007,0.004,-82.6583,3.495,4.614,10.719*58
$GNGST,090537.40,0.020,0.012,0.005,69.1405,3.495,4.614,10.719*7C
$GNGST,090537.50,0.020,0.009,0.005,-84.6256,3.495,4.614,10.719*5E
$GNGST,090537.60,0.018,0.009,0.005,80.8229,3.495,4.614,10.719*79
$GNGST,090537.70,0.015,0.007,0.005,-76.7774,3.495,4.614,10.719*5D
$GNGST,090537.80,0.016,0.007,0.005,-69.8510,3.495,4.614,10.719*50
$GNGST,090537.90,0.018,0.008,0.005,-89.6907,3.495,4.614,10.719*5A
$GNGST,090538.00,0.020,0.010,0.006,74.3442,3.495,4.614,10.719*7B
$GNGST,090538.10,0.016,0.007,0.005,-84.8874,3.495,4.614,10.719*5A
$GNGST,090538.20,0.016,0.007,0.005,-83.4417,3.495,4.614,10.719*5B
$GNGST,090538.30,0.019,0.008,0.005,-76.6905,3.495,4.614,10.719*5C
$GNGST,090538.40,0.021,0.010,0.005,87.8869,3.495,4.614,10.719*7F
$GNGST,090538.50,0.019,0.008,0.005,-85.6253,3.495,4.614,10.719*5E
$GNGST,090538.60,0.020,0.010,0.005,89.9509,3.495,4.614,10.719*78
$GNGST,090538.70,0.021,0.013,0.005,-86.9835,3.495,4.614,10.719*5B
$GNGST,090538.80,0.018,0.008,0.005,88.2443,3.495,4.614,10.719*71
$GNGST,090538.90,0.020,0.008,0.005,-74.2791,3.495,4.614,10.719*59
$GNGST,090539.00,0.040,0.022,0.006,84.4580,3.495,4.614,10.719*7A
$GNGST,090539.10,0.016,0.007,0.005,-89.9445,3.495,4.614,10.719*59
$GNGST,090539.20,0.018,0.007,0.005,-87.5991,3.495,4.614,10.719*52
$GNGST,090539.30,0.015,0.007,0.005,-89.9199,3.495,4.614,10.719*5C
$GNGST,090539.40,0.019,0.010,0.005,-72.0989,3.495,4.614,10.719*55
$GNGST,090539.50,0.026,0.014,0.007,63.1042,3.495,4.614,10.719*7C
$GNGST,090539.60,0.016,0.008,0.004,-77.3573,3.495,4.614,10.719*5F
$GNGST,090539.70,0.017,0.007,0.005,-84.6355,3.495,4.614,10.719*5A
$GNGST,090539.80,0.020,0.011,0.006,-62.5493,3.495,4.614,10.719*53
$GNGST,090539.90,0.021,0.012,0.005,-80.8989,3.495,4.614,10.719*54
$GNGST,090540.00,0.024,0.012,0.006,-78.6381,3.495,4.614,10.719*5E
$GNGST,090540.10,0.020,0.011,0.006,82.0166,3.495,4.614,10.719*7D
$GNGST,090540.20,0.019,0.009,0.005,79.3769,3.495,4.614,10.719*70
$GNGST,090540.30,0.018,0.010,0.005,-88.9082,3.495,4.614,10.719*53
$GNGST,090540.40,0.019,0.010,0.005,84.7663,3.495,4.614,10.719*73
$GNGST,090540.50,0.019,0.011,0.005,82.6618,3.495,4.614,10.719*78
$GNGST,090540.60,0.018,0.008,0.005,85.9028,3.495,4.614,10.719*7F
$GNGST,090540.70,0.027,0.014,0.006,65.1728,3.495,4.614,10.719*7D
$GNGST,090540.80,0.023,0.012,0.006,69.0764,3.495,4.614,10.719*75
$GNGST,090540.90,0.023,0.013,0.006,62.6099,3.495,4.614,10.719*7D
$GNGST,090541.00,0.021,0.010,0.006,78.8325,3.495,4.614,10.719*75
$GNGST,090541.10,0.022,0.009,0.006,82.0786,3.495,4.614,10.719*7F
$GNGST,090541.20,0.020,0.009,0.005,84.1466,3.495,4.614,10.719*77
$GNGST,090541.30,0.020,0.009,0.005,82.2373,3.495,4.614,10.719*70
$GNGST,090541.40,0.019,0.009,0.005,84.4254,3.495,4.614,10.719*79
$GNGST,090541.50,0.020,0.010,0.005,-89.6655,3.495,4.614,10.719*5D
$GNGST,090541.60,0.018,0.009,0.005,-86.6291,3.495,4.614,10.719*5E
$GNGST,090541.70,0.021,0.010,0.006,-88.5808,3.495,4.614,10.719*59
$GNGST,090541.80,0.017,0.010,0.005,65.4292,3.495,4.614,10.719*76
$GNGST,090541.90,0.015,0.008,0.005,71.1498,3.495,4.614,10.719*70
$GNGST,090542.00,0.020,0.011,0.005,66.2333,3.495,4.614,10.719*77
$GNGST,090542.10,0.016,0.009,0.004,76.7440,3.495,4.614,10.719*7C
$GNGST,090542.20,0.017,0.008,0.005,84.3763,3.495,4.614,10.719*75
$GNGST,090542.30,0.015,0.008,0.004,80.5640,3.495,4.614,10.719*75
$GNGST,090542.40,0.017,0.009,0.005,77.3507,3.495,4.614,10.719*7E
$GNGST,090542.50,0.018,0.008,0.005,84.0760,3.495,4.614,10.719*7D
$GNGST,090542.60,0.016,0.008,0.004,80.5340,3.495,4.614,10.719*76
$GNGST,090542.70,0.022,0.012,0.005,66.3843,3.495,4.614,10.719*7C
$GNGST,090542.80,0.017,0.008,0.005,77.9427,3.495,4.614,10.719*7A
$GNGST,090542.90,0.016,0.007,0.005,85.0691,3.495,4.614,10.719*7E
$GNGST,090543.00,0.019,0.009,0.006,80.3312,3.495,4.614,10.719*7C
$GNGST,090543.10,0.019,0.010,0.005,63.1600,3.495,4.614,10.719*7F
$GNGST,090543.20,0.016,0.007,0.005,81.4444,3.495,4.614,10.719*7E
$GNGST,090543.30,0.021,0.011,0.006,65.8634,3.495,4.614,10.719*7C
$GNGST,090543.40,0.017,0.009,0.005,78.1856,3.495,4.614,10.719*7B
$GNGST,090543.50,0.019,0.009,0.005,73.9117,3.495,4.614,10.719*7B
$GNGST,090543.60,0.018,0.009,0.005,78.4142,3.495,4.614,10.719*7F
$GNGST,090543.70,0.019,0.010,0.005,70.4368,3.495,4.614,10.719*75
$GNGST,090543.80,0.020,0.011,0.005,55.8157,3.495,4.614,10.719*74
$GNGST,090543.90,0.021,0.012,0.006,61.4350,3.495,4.614,10.719*7A
$GNGST,090544.00,0.017,0.009,0.005,69.2366,3.495,4.614,10.719*73
$GNGST,090544.10,0.018,0.009,0.005,60.0197,3.495,4.614,10.719*7A
$GNGST,090544.20,0.017,0.009,0.005,68.1747,3.495,4.614,10.719*74
$GNGST,090544.30,0.018,0.009,0.005,61.3717,3.495,4.614,10.719*74
$GNGST,090544.40,0.015,0.008,0.005,72.0114,3.495,4.614,10.719*7B
$GNGST,090544.50,0.020,0.012,0.006,53.1161,3.495,4.614,10.719*74
$GNGST,090544.60,0.016,0.008,0.005,77.0492,3.495,4.614,10.719*74
$GNGST,090544.70,0.016,0.008,0.005,74.0867,3.495,4.614,10.719*70
$GNGST,090544.80,0.016,0.008,0.005,71.5741,3.495,4.614,10.719*74
$GNGST,090544.90,0.016,0.009,0.004,70.6954,3.495,4.614,10.719*7D
$GNGST,090545.00,0.021,0.012,0.005,66.4430,3.495,4.614,10.719*70
$GNGST,090545.10,0.020,0.010,0.005,80.2772,3.495,4.614,10.719*79
$GNGST,090545.20,0.017,0.010,0.005,70.8401,3.495,4.614,10.719*7C
$GNGST,090545.30,0.018,0.010,0.005,64.6670,3.495,4.614,10.719*7D
$GNGST,090545.40,0.017,0.010,0.005,66.7147,3.495,4.614,10.719*75
$GNGST,090545.50,0.017,0.009,0.005,71.6431,3.495,4.614,10.719*7F
$GNGST,090545.60,0.018,0.010,0.005,72.3563,3.495,4.614,10.719*7B
$GNGST,090545.70,0.016,0.009,0.004,70.2815,3.495,4.614,10.719*72
$GNGST,090545.80,0.017,0.009,0.004,71.5793,3.495,4.614,10.719*7B
$GNGST,090545.90,0.017,0.010,0.004,65.9406,3.495,4.614,10.719*74
$GNGST,090546.00,0.017,0.009,0.005,71.5387,3.495,4.614,10.719*70
$GNGST,090546.10,0.018,0.011,0.005,67.9949,3.495,4.614,10.719*74
$GNGST,090546.20,0.020,0.012,0.005,67.8473,3.495,4.614,10.719*7A
$GNGST,090546.30,0.014,0.007,0.004,79.3725,3.495,4.614,10.719*7D
$GNGST,090546.40,0.017,0.009,0.005,81.7509,3.495,4.614,10.719*79
$GNGST,090546.50,0.013,0.006,0.004,78.6445,3.495,4.614,10.719*7C
$GNGST,090546.60,0.013,0.006,0.004,78.6446,3.495,4.614,10.719*7C
$GNGST,090546.70,0.013,0.006,0.004,78.6447,3.495,4.614,10.719*7C
$GNGST,090546.80,0.014,0.007,0.005,84.9428,3.495,4.614,10.719*71
$GNGST,090546.90,0.013,0.006,0.004,78.6449,3.495,4.614,10.719*7C
$GNGST,090547.00,0.015,0.007,0.005,72.6627,3.495,4.614,10.719*72
$GNGST,090547.10,0.018,0.007,0.005,72.4995,3.495,4.614,10.719*7A
$GNGST,090547.20,0.013,0.006,0.004,78.6453,3.495,4.614,10.719*7D
$GNGST,090547.30,0.013,0.006,0.004,78.6345,3.495,4.614,10.719*7C
$GNGST,090547.40,0.013,0.006,0.004,84.9328,3.495,4.614,10.719*7C
$GNGST,090547.50,0.025,0.014,0.005,74.8640,3.495,4.614,10.719*7F
$GNGST,090547.60,0.018,0.010,0.005,75.3168,3.495,4.614,10.719*71
$GNGST,090547.70,0.018,0.010,0.005,72.6116,3.495,4.614,10.719*7B
$GNGST,090547.80,0.019,0.011,0.005,70.6013,3.495,4.614,10.719*72
$GNGST,090547.90,0.016,0.008,0.004,76.8397,3.495,4.614,10.719*72
$GNGST,090548.00,0.016,0.008,0.004,76.8396,3.495,4.614,10.719*75
$GNGST,090548.10,0.016,0.008,0.005,76.9576,3.495,4.614,10.719*7C
$GNGST,090548.20,0.016,0.008,0.005,69.7714,3.495,4.614,10.719*79
$GNGST,090548.30,0.021,0.012,0.005,85.5020,3.495,4.614,10.719*77
$GNGST,090548.40,0.017,0.009,0.005,71.4212,3.495,4.614,10.719*76
$GNGST,090548.50,0.019,0.011,0.005,59.5028,3.495,4.614,10.719*70
$GNGST,090548.60,0.016,0.008,0.004,68.3538,3.495,4.614,10.719*75
$GNGST,090548.70,0.015,0.008,0.005,68.5863,3.495,4.614,10.719*73
$GNGST,090548.80,0.015,0.008,0.004,70.2296,3.495,4.614,10.719*73
$GNGST,090548.90,0.015,0.008,0.004,70.1546,3.495,4.614,10.719*7B
$GNGST,090549.00,0.016,0.009,0.005,71.2416,3.495,4.614,10.719*76
$GNGST,090549.10,0.014,0.008,0.004,70.3266,3.495,4.614,10.719*74
$GNGST,090549.20,0.018,0.009,0.005,74.6720,3.495,4.614,10.719*7D
$GNGST,090549.30,0.016,0.009,0.004,69.6296,3.495,4.614,10.719*77
$GNGST,090549.40,0.020,0.013,0.005,61.0158,3.495,4.614,10.719*70
$GNGST,090549.50,0.021,0.012,0.005,87.2992,3.495,4.614,10.719*75
$GNGST,090549.60,0.016,0.009,0.004,72.6224,3.495,4.614,10.719*71
$GNGST,090549.70,0.017,0.009,0.005,64.3657,3.495,4.614,10.719*72
$GNGST,090549.80,0.016,0.009,0.004,64.1750,3.495,4.614,10.719*79
$GNGST,090549.90,0.015,0.008,0.004,69.7119,3.495,4.614,10.719*7A
$GNGST,090550.00,0.016,0.009,0.004,68.9070,3.495,4.614,10.719*78
$GNGST,090550.10,0.015,0.008,0.005,68.0747,3.495,4.614,10.719*70
$GNGST,090550.20,0.016,0.009,0.005,71.0655,3.495,4.614,10.719*7B
$GNGST,090550.30,0.021,0.010,0.005,74.1940,3.495,4.614,10.719*79
$GNGST,090550.40,0.016,0.009,0.005,73.1141,3.495,4.614,10.719*7C
$GNGST,090550.50,0.019,0.011,0.005,68.3374,3.495,4.614,10.719*77
$GNGST,090550.60,0.016,0.009,0.005,56.1737,3.495,4.614,10.719*7E
$GNGST,090550.70,0.015,0.008,0.005,59.0901,3.495,4.614,10.719*78
$GNGST,090550.80,0.015,0.008,0.005,68.2886,3.495,4.614,10.719*79
$GNGST,090550.90,0.015,0.008,0.005,62.9440,3.495,4.614,10.719*7F
$GNGST,090551.00,0.019,0.010,0.005,69.4159,3.495,4.614,10.719*79
$GNGST,090551.10,0.020,0.012,0.005,60.2708,3.495,4.614,10.719*7D
$GNGST,090551.20,0.015,0.008,0.004,63.0137,3.495,4.614,10.719*79
$GNGST,090551.30,0.019,0.011,0.005,60.1968,3.495,4.614,10.719*7D
$GNGST,090551.40,0.020,0.011,0.005,64.3363,3.495,4.614,10.719*77
$GNGST,090551.50,0.019,0.011,0.005,58.3921,3.495,4.614,10.719*7F
$GNGST,090551.60,0.019,0.011,0.005,59.6726,3.495,4.614,10.719*71
$GNGST,090551.70,0.020,0.011,0.005,59.2997,3.495,4.614,10.719*7A
$GNGST,090551.80,0.019,0.010,0.005,63.3049,3.495,4.614,10.719*7C
$GNGST,090551.90,0.019,0.010,0.005,63.4060,3.495,4.614,10.719*71
$GNGST,090552.00,0.020,0.012,0.005,66.7192,3.495,4.614,10.719*79
$GNGST,090552.10,0.018,0.010,0.005,66.0644,3.495,4.614,10.719*7A
$GNGST,090552.20,0.020,0.011,0.005,68.3370,3.495,4.614,10.719*7C
$GNGST,090552.30,0.022,0.014,0.005,67.3722,3.495,4.614,10.719*76
$GNGST,090552.40,0.020,0.012,0.005,66.0305,3.495,4.614,10.719*76
$GNGST,090552.50,0.018,0.010,0.005,66.3915,3.495,4.614,10.719*76
$GNGST,090552.60,0.020,0.011,0.005,69.4234,3.495,4.614,10.719*7F
$GNGST,090552.70,0.019,0.012,0.005,65.9969,3.495,4.614,10.719*75
$GNGST,090552.80,0.019,0.011,0.005,62.7718,3.495,4.614,10.719*78
$GNGST,090552.90,0.017,0.009,0.005,65.3351,3.495,4.614,10.719*74
$GNGST,090553.00,0.018,0.010,0.005,62.7045,3.495,4.614,10.719*7E
$GNGST,090553.10,0.018,0.011,0.004,68.4006,3.495,4.614,10.719*71
$GNGST,090553.20,0.023,0.013,0.005,74.3401,3.495,4.614,10.719*70
$GNGST,090553.30,0.019,0.010,0.005,63.1326,3.495,4.614,10.719*7D
$GNGST,090553.40,0.025,0.015,0.006,78.6263,3.495,4.614,10.719*7E
$GNGST,090553.50,0.021,0.013,0.005,63.9749,3.495,4.614,10.719*76
$GNGST,090553.60,0.020,0.011,0.005,61.2278,3.495,4.614,10.719*78
$GNGST,090553.70,0.022,0.014,0.005,70.0456,3.495,4.614,10.719*76
$GNGST,090553.80,0.020,0.011,0.005,63.2187,3.495,4.614,10.719*77
$GNGST,090553.90,0.020,0.012,0.005,61.1708,3.495,4.614,10.719*75
$GNGST,090554.00,0.019,0.012,0.005,58.1724,3.495,4.614,10.719*75
$GNGST,090554.10,0.019,0.011,0.005,60.9008,3.495,4.614,10.719*7D
$GNGST,090554.20,0.021,0.012,0.005,66.4046,3.495,4.614,10.719*77
$GNGST,090554.30,0.022,0.014,0.006,61.9748,3.495,4.614,10.719*73
$GNGST,090554.40,0.021,0.014,0.005,59.6409,3.495,4.614,10.719*76
$GNGST,090554.50,0.021,0.012,0.005,67.1858,3.495,4.614,10.719*73
$GNGST,090554.60,0.024,0.014,0.005,70.4318,3.495,4.614,10.719*7F
$GNGST,090554.70,0.019,0.011,0.005,61.2487,3.495,4.614,10.719*72
$GNGST,090554.80,0.019,0.011,0.005,60.6844,3.495,4.614,10.719*7B
$GNGST,090554.90,0.020,0.012,0.005,64.9868,3.495,4.614,10.719*76
$GNGST,090555.00,0.019,0.011,0.005,64.1650,3.495,4.614,10.719*7A
$GNGST,090555.10,0.022,0.014,0.005,67.4121,3.495,4.614,10.719*71
$GNGST,090555.20,0.029,0.018,0.006,71.3978,3.495,4.614,10.719*72
$GNGST,090555.30,0.021,0.013,0.005,63.5195,3.495,4.614,10.719*7D
$GNGST,090555.40,0.019,0.012,0.005,62.7600,3.495,4.614,10.719*78
$GNGST,090555.50,0.020,0.012,0.005,56.4244,3.495,4.614,10.719*73
$GNGST,090555.60,0.019,0.011,0.005,58.3069,3.495,4.614,10.719*7D
$GNGST,090555.70,0.018,0.011,0.005,59.8002,3.495,4.614,10.719*7A
$GNGST,090555.80,0.022,0.013,0.005,61.3807,3.495,4.614,10.719*73
$GNGST,090555.90,0.017,0.010,0.004,61.4706,3.495,4.614,10.719*7F
$GNGST,090556.00,0.020,0.011,0.005,64.3050,3.495,4.614,10.719*77
$GNGST,090556.10,0.020,0.013,0.005,63.7819,3.495,4.614,10.719*72
$GNGST,090556.20,0.020,0.013,0.005,58.2580,3.495,4.614,10.719*71
$GNGST,090556.30,0.020,0.013,0.005,58.6943,3.495,4.614,10.719*77
$GNGST,090556.40,0.023,0.015,0.005,54.6807,3.495,4.614,10.719*78
$GNGST,090556.50,0.023,0.015,0.006,53.8200,3.495,4.614,10.719*7E
$GNGST,090556.60,0.021,0.014,0.005,56.5822,3.495,4.614,10.719*7F
$GNGST,090556.70,0.021,0.013,0.005,56.7769,3.495,4.614,10.719*7B
$GNGST,090556.80,0.028,0.020,0.006,51.5617,3.495,4.614,10.719*73
$GNGST,090556.90,0.027,0.016,0.007,59.0484,3.495,4.614,10.719*7C
$GNGST,090557.00,0.041,0.023,0.011,63.1686,3.495,4.614,10.719*7D
$GNGST,090557.10,0.047,0.035,0.008,42.8431,3.495,4.614,10.719*71
$GNGST,090557.20,0.031,0.020,0.007,51.4941,3.495,4.614,10.719*7C
$GNGST,090557.30,0.024,0.017,0.006,46.7192,3.495,4.614,10.719*7F
$GNGST,090557.40,0.020,0.014,0.005,54.6852,3.495,4.614,10.719*7B
$GNGST,090557.50,0.019,0.012,0.004,54.9647,3.495,4.614,10.719*72
$GNGST,090557.60,0.018,0.012,0.004,54.0714,3.495,4.614,10.719*7E
$GNGST,090557.70,0.019,0.013,0.004,54.8400,3.495,4.614,10.719*71
$GNGST,090557.80,0.020,0.012,0.005,56.3006,3.495,4.614,10.719*7F
$GNGST,090557.90,0.021,0.013,0.005,55.4134,3.495,4.614,10.719*7A
$GNGST,090558.00,0.020,0.012,0.005,56.3008,3.495,4.614,10.719*76
$GNGST,090558.10,0.020,0.012,0.005,56.3009,3.495,4.614,10.719*76
$GNGST,090558.20,0.020,0.012,0.005,56.3010,3.495,4.614,10.719*7D
$GNGST,090558.30,0.021,0.013,0.005,54.9095,3.495,4.614,10.719*79
$GNGST,090558.40,0.020,0.012,0.005,56.3012,3.495,4.614,10.719*79
$GNGST,090558.50,0.021,0.013,0.005,54.9097,3.495,4.614,10.719*7D
$GNGST,090558.60,0.021,0.013,0.005,54.9098,3.495,4.614,10.719*71
$GNGST,090558.70,0.024,0.016,0.005,54.8875,3.495,4.614,10.719*7A
$GNGST,090558.80,0.019,0.012,0.005,56.6380,3.495,4.614,10.719*72
$GNGST,090558.90,0.019,0.012,0.005,56.7389,3.495,4.614,10.719*7B
$GNGST,090559.00,0.019,0.012,0.005,56.7389,3.495,4.614,10.719*73
$GNGST,090559.10,0.019,0.012,0.005,56.7390,3.495,4.614,10.719*7A
$GNGST,090559.20,0.019,0.012,0.005,56.7391,3.495,4.614,10.719*78
$GNGST,090559.30,0.021,0.013,0.005,53.9906,3.495,4.614,10.719*7C
$GNGST,090559.40,0.024,0.016,0.006,53.6411,3.495,4.614,10.719*7C
$GNGST,090559.50,0.026,0.017,0.006,52.9485,3.495,4.614,10.719*7D
$GNGST,090559.60,0.026,0.017,0.006,61.4265,3.495,4.614,10.719*7B
$GNGST,090559.70,0.027,0.016,0.006,65.3549,3.495,4.614,10.719*70
$GNGST,090559.80,0.022,0.015,0.005,54.5273,3.495,4.614,10.719*70
$GNGST,090559.90,0.023,0.015,0.005,53.4267,3.495,4.614,10.719*73
$GNGST,090600.00,0.027,0.019,0.006,52.5271,3.495,4.614,10.719*79
$GNGST,090600.10,0.036,0.020,0.007,59.4659,3.495,4.614,10.719*77
$GNGST,090600.20,0.027,0.016,0.006,54.1453,3.495,4.614,10.719*70
$GNGST,090600.30,0.029,0.017,0.007,55.3377,3.495,4.614,10.719*7D
$GNGST,090600.40,0.031,0.017,0.007,56.4551,3.495,4.614,10.719*75
$GNGST,090600.50,0.027,0.017,0.006,53.9274,3.495,4.614,10.719*7A
$GNGST,090600.60,0.028,0.017,0.006,54.2862,3.495,4.614,10.719*77
$GNGST,090600.70,0.034,0.025,0.007,58.0551,3.495,4.614,10.719*78
$GNGST,090600.80,0.024,0.016,0.006,56.0773,3.495,4.614,10.719*7B
$GNGST,090600.90,0.023,0.016,0.006,57.2687,3.495,4.614,10.719*74
$GNGST,090601.00,0.022,0.015,0.005,54.3548,3.495,4.614,10.719*7F
$GNGST,090601.10,0.026,0.017,0.006,56.5703,3.495,4.614,10.719*72
$GNGST,090601.20,0.024,0.017,0.006,51.8210,3.495,4.614,10.719*7E
$GNGST,090601.30,0.026,0.019,0.006,51.1695,3.495,4.614,10.719*73
$GNGST,090601.40,0.026,0.019,0.006,53.4250,3.495,4.614,10.719*7E
$GNGST,090601.50,0.030,0.022,0.007,54.8139,3.495,4.614,10.719*76
$GNGST,090601.60,0.028,0.019,0.007,58.5471,3.495,4.614,10.719*7C
$GNGST,090601.70,0.034,0.023,0.007,62.2537,3.495,4.614,10.719*74
$GNGST,090601.80,0.029,0.019,0.006,56.4230,3.495,4.614,10.719*7E
$GNGST,090601.90,0.036,0.023,0.008,68.0231,3.495,4.614,10.719*7E
$GNGST,090602.00,0.031,0.022,0.007,64.9923,3.495,4.614,10.719*70
$GNGST,090602.10,0.027,0.019,0.006,56.9690,3.495,4.614,10.719*79
$GNGST,090602.20,0.029,0.020,0.007,50.1122,3.495,4.614,10.719*7F
$GNGST,090602.30,0.043,0.026,0.011,61.0167,3.495,4.614,10.719*71
$GNGST,090602.40,0.038,0.025,0.009,45.5214,3.495,4.614,10.719*74
$GNGST,090602.50,0.040,0.027,0.009,42.7673,3.495,4.614,10.719*78
$GNGST,090602.60,0.051,0.030,0.011,74.0128,3.495,4.614,10.719*7F
$GNGST,090602.70,0.040,0.025,0.008,45.2457,3.495,4.614,10.719*7F
$GNGST,090602.80,0.029,0.019,0.007,53.0845,3.495,4.614,10.719*75
$GNGST,090602.90,0.030,0.020,0.007,51.7818,3.495,4.614,10.719*7B
$GNGST,090603.00,0.029,0.019,0.007,52.2137,3.495,4.614,10.719*73
$GNGST,090603.10,0.030,0.019,0.007,52.8475,3.495,4.614,10.719*73
$GNGST,090603.20,0.026,0.017,0.007,52.5653,3.495,4.614,10.719*72
$GNGST,090603.30,0.034,0.023,0.007,50.1165,3.495,4.614,10.719*73
$GNGST,090603.40,0.033,0.021,0.007,49.3811,3.495,4.614,10.719*71
$GNGST,090603.50,0.034,0.021,0.007,46.0983,3.495,4.614,10.719*71
$GNGST,090603.60,0.033,0.020,0.007,47.8958,3.495,4.614,10.719*7B
$GNGST,090603.70,0.066,0.022,0.009,50.2874,3.495,4.614,10.719*75
$GNGST,090603.80,0.042,0.021,0.008,51.7646,3.495,4.614,10.719*75
$GNGST,090603.90,0.055,0.024,0.009,47.1619,3.495,4.614,10.719*7D
$GNGST,090604.00,0.060,0.027,0.010,43.3609,3.495,4.614,10.719*79
$GNGST,090604.10,0.053,0.025,0.010,43.2748,3.495,4.614,10.719*7F
$GNGST,090604.20,0.084,0.053,0.015,67.5027,3.495,4.614,10.719*7D
$GNGST,090604.30,0.053,0.026,0.010,43.2893,3.495,4.614,10.719*77
$GNGST,090604.40,0.059,0.025,0.010,42.6709,3.495,4.614,10.719*70
$GNGST,090604.50,0.048,0.025,0.008,43.5643,3.495,4.614,10.719*75
$GNGST,090604.60,0.039,0.024,0.007,50.5931,3.495,4.614,10.719*76
$GNGST,090604.70,0.041,0.026,0.008,47.8054,3.495,4.614,10.719*74
$GNGST,090604.80,0.071,0.050,0.015,62.7079,3.495,4.614,10.719*72
$GNGST,090604.90,0.047,0.030,0.010,60.0005,3.495,4.614,10.719*7B
$GNGST,090605.00,0.046,0.027,0.010,44.4504,3.495,4.614,10.719*72
$GNGST,090605.10,0.043,0.024,0.008,47.9452,3.495,4.614,10.719*70
$GNGST,090605.20,0.067,0.032,0.009,39.8046,3.495,4.614,10.719*7A
$GNGST,090605.30,0.069,0.033,0.010,34.8352,3.495,4.614,10.719*77
$GNGST,090605.40,0.069,0.033,0.010,34.8342,3.495,4.614,10.719*71
$GNGST,090605.50,0.041,0.024,0.008,47.7262,3.495,4.614,10.719*7D
$GNGST,090605.60,0.044,0.025,0.009,50.9220,3.495,4.614,10.719*75
$GNGST,090605.70,0.034,0.023,0.007,48.4319,3.495,4.614,10.719*74
$GNGST,090605.80,0.034,0.023,0.007,48.3409,3.495,4.614,10.719*7A
$GNGST,090605.90,0.034,0.023,0.007,48.3409,3.495,4.614,10.719*7B
$GNGST,090606.00,0.034,0.023,0.007,48.5938,3.495,4.614,10.719*78
$GNGST,090606.10,0.034,0.023,0.007,48.5773,3.495,4.614,10.719*78
$GNGST,090606.20,0.034,0.023,0.007,48.5773,3.495,4.614,10.719*7B
$GNGST,090606.30,0.034,0.023,0.007,48.5774,3.495,4.614,10.719*7D
$GNGST,090606.40,0.034,0.023,0.007,48.5774,3.495,4.614,10.719*7A
$GNGST,090606.50,0.035,0.023,0.007,48.7229,3.495,4.614,10.719*75
$GNGST,090606.60,0.034,0.023,0.007,48.5776,3.495,4.614,10.719*7A
$GNGST,090606.70,0.035,0.023,0.007,48.7230,3.495,4.614,10.719*7F
$GNGST,090606.80,0.026,0.018,0.005,52.6090,3.495,4.614,10.719*7A
$GNGST,090606.90,0.026,0.017,0.005,52.8253,3.495,4.614,10.719*77
$GNGST,090607.00,0.026,0.017,0.005,52.8253,3.495,4.614,10.719*7F
$GNGST,090607.10,0.026,0.017,0.005,52.8254,3.495,4.614,10.719*79
$GNGST,090607.20,0.026,0.017,0.005,52.8254,3.495,4.614,10.719*7A
$GNGST,090607.30,0.026,0.017,0.005,52.8255,3.495,4.614,10.719*7A
$GNGST,090607.40,0.026,0.017,0.005,52.8256,3.495,4.614,10.719*7E
$GNGST,090607.50,0.026,0.017,0.005,52.8256,3.495,4.614,10.719*7F
$GNGST,090607.60,0.026,0.017,0.005,52.8257,3.495,4.614,10.719*7D
$GNGST,090607.70,0.026,0.017,0.005,52.8257,3.495,4.614,10.719*7C
$GNGST,090607.80,0.026,0.017,0.005,52.8258,3.495,4.614,10.719*7C
$GNGST,090607.90,0.024,0.016,0.006,52.7122,3.495,4.614,10.719*7C
$GNGST,090608.00,0.024,0.016,0.006,52.7123,3.495,4.614,10.719*7B
$GNGST,090608.10,0.024,0.016,0.006,52.7123,3.495,4.614,10.719*7A
$GNGST,090608.20,0.024,0.016,0.006,52.7124,3.495,4.614,10.719*7E
$GNGST,090608.30,0.024,0.016,0.006,52.7124,3.495,4.614,10.719*7F
$GNGST,090608.40,0.024,0.016,0.006,52.7125,3.495,4.614,10.719*79
$GNGST,090608.50,0.024,0.016,0.006,52.7125,3.495,4.614,10.719*78
$GNGST,090608.60,0.025,0.016,0.006,53.6419,3.495,4.614,10.719*70
$GNGST,090608.70,0.024,0.016,0.006,52.7126,3.495,4.614,10.719*79
$GNGST,090608.80,0.024,0.016,0.006,52.7127,3.495,4.614,10.719*77
$GNGST,090608.90,0.024,0.016,0.006,52.7127,3.495,4.614,10.719*76
$GNGST,090609.00,0.024,0.016,0.006,51.9926,3.495,4.614,10.719*7A
$GNGST,090609.10,0.024,0.016,0.006,51.9927,3.495,4.614,10.719*7A
$GNGST,090609.20,0.024,0.016,0.006,51.9927,3.495,4.614,10.719*79
$GNGST,090609.30,0.024,0.016,0.006,51.9928,3.495,4.614,10.719*77
$GNGST,090609.40,0.024,0.016,0.006,51.9928,3.495,4.614,10.719*70
$GNGST,090609.50,0.025,0.016,0.006,51.9617,3.495,4.614,10.719*73
$GNGST,090609.60,0.025,0.016,0.006,51.9617,3.495,4.614,10.719*70
$GNGST,090609.70,0.026,0.018,0.006,52.7071,3.495,4.614,10.719*77
$GNGST,090609.80,0.026,0.017,0.006,52.4685,3.495,4.614,10.719*79
$GNGST,090609.90,0.029,0.019,0.007,54.3109,3.495,4.614,10.719*7A
$GNGST,090610.00,0.038,0.020,0.007,53.9626,3.495,4.614,10.719*76
$GNGST,090610.10,0.028,0.018,0.006,53.0558,3.495,4.614,10.719*7F
$GNGST,090610.20,0.028,0.018,0.006,52.1846,3.495,4.614,10.719*7E
$GNGST,090610.30,0.033,0.021,0.007,56.6457,3.495,4.614,10.719*71
$GNGST,090610.40,0.045,0.036,0.008,73.6468,3.495,4.614,10.719*75
$GNGST,090610.50,0.057,0.043,0.011,68.4031,3.495,4.614,10.719*7D
$GNGST,090610.60,0.036,0.020,0.007,55.6930,3.495,4.614,10.719*7F
$GNGST,090610.70,0.036,0.021,0.006,52.2414,3.495,4.614,10.719*76
$GNGST,090610.80,0.052,0.041,0.010,35.3865,3.495,4.614,10.719*70
$GNGST,090610.90,0.040,0.028,0.008,49.0105,3.495,4.614,10.719*73
$GNGST,090611.00,0.034,0.024,0.008,48.9675,3.495,4.614,10.719*7C
$GNGST,090611.10,0.043,0.035,0.008,50.7616,3.495,4.614,10.719*7F
$GNGST,090611.20,0.035,0.024,0.007,49.3502,3.495,4.614,10.719*78
$GNGST,090611.30,0.038,0.026,0.008,45.5142,3.495,4.614,10.719*73
$GNGST,090611.40,0.037,0.026,0.008,49.3144,3.495,4.614,10.719*77
$GNGST,090611.50,0.050,0.032,0.012,68.3090,3.495,4.614,10.719*72
$GNGST,090611.60,0.039,0.025,0.010,48.7189,3.495,4.614,10.719*75
$GNGST,090611.70,0.037,0.025,0.009,47.4676,3.495,4.614,10.719*79
$GNGST,090611.80,0.063,0.038,0.011,51.4022,3.495,4.614,10.719*72
$GNGST,090611.90,0.043,0.028,0.011,53.1305,3.495,4.614,10.719*71
$GNGST,090612.00,0.039,0.026,0.009,45.6339,3.495,4.614,10.719*7E
$GNGST,090612.10,0.040,0.026,0.009,45.8423,3.495,4.614,10.719*73
$GNGST,090612.20,0.036,0.025,0.008,49.3646,3.495,4.614,10.719*75
$GNGST,090612.30,0.038,0.026,0.009,46.7241,3.495,4.614,10.719*70
$GNGST,090612.40,0.037,0.025,0.008,48.7325,3.495,4.614,10.719*77
$GNGST,090612.50,0.041,0.027,0.009,47.5489,3.495,4.614,10.719*78
$GNGST,090612.60,0.040,0.025,0.009,46.8376,3.495,4.614,10.719*73
$GNGST,090612.70,0.041,0.027,0.009,45.1516,3.495,4.614,10.719*7B
$GNGST,090612.80,0.039,0.026,0.009,47.2217,3.495,4.614,10.719*7D
$GNGST,090612.90,0.041,0.029,0.009,44.4117,3.495,4.614,10.719*7A
$GNGST,090613.00,0.038,0.026,0.009,48.1712,3.495,4.614,10.719*79
$GNGST,090613.10,0.038,0.025,0.009,48.3294,3.495,4.614,10.719*72
$GNGST,090613.20,0.047,0.035,0.010,55.2280,3.495,4.614,10.719*78
$GNGST,090613.30,0.043,0.029,0.010,45.5636,3.495,4.614,10.719*7F
$GNGST,090613.40,0.040,0.027,0.009,48.9504,3.495,4.614,10.719*7E
$GNGST,090613.50,0.036,0.025,0.008,49.4513,3.495,4.614,10.719*77
$GNGST,090613.60,0.035,0.024,0.007,49.5377,3.495,4.614,10.719*7C
$GNGST,090613.70,0.035,0.024,0.007,49.5368,3.495,4.614,10.719*73
$GNGST,090613.80,0.035,0.024,0.007,49.5368,3.495,4.614,10.719*7C
$GNGST,090613.90,0.035,0.024,0.007,49.5369,3.495,4.614,10.719*7C
$GNGST,090614.00,0.035,0.024,0.007,49.5369,3.495,4.614,10.719*72
$GNGST,090614.10,0.035,0.025,0.007,49.4811,3.495,4.614,10.719*77
$GNGST,090614.20,0.035,0.025,0.007,49.4811,3.495,4.614,10.719*74
$GNGST,090614.30,0.035,0.025,0.007,49.4811,3.495,4.614,10.719*75
$GNGST,090614.40,0.035,0.025,0.007,49.4996,3.495,4.614,10.719*7C
$GNGST,090614.50,0.035,0.025,0.007,49.4997,3.495,4.614,10.719*7C
$GNGST,090614.60,0.035,0.025,0.007,49.4997,3.495,4.614,10.719*7F
$GNGST,090614.70,0.027,0.019,0.006,50.7368,3.495,4.614,10.719*72
$GNGST,090614.80,0.028,0.019,0.006,51.2124,3.495,4.614,10.719*7C
$GNGST,090614.90,0.028,0.020,0.007,51.4618,3.495,4.614,10.719*78
$GNGST,090615.00,0.028,0.020,0.007,51.4618,3.495,4.614,10.719*70
$GNGST,090615.10,0.028,0.020,0.007,51.4618,3.495,4.614,10.719*71
$GNGST,090615.20,0.028,0.020,0.006,51.4427,3.495,4.614,10.719*7D
$GNGST,090615.30,0.028,0.020,0.006,51.4427,3.495,4.614,10.719*7C
$GNGST,090615.40,0.028,0.020,0.006,51.4427,3.495,4.614,10.719*7B
$GNGST,090615.50,0.028,0.020,0.006,51.4112,3.495,4.614,10.719*79
$GNGST,090615.60,0.028,0.020,0.006,51.4112,3.495,4.614,10.719*7A
$GNGST,090615.70,0.028,0.020,0.006,51.4112,3.495,4.614,10.719*7B
$GNGST,090615.80,0.029,0.020,0.007,50.5619,3.495,4.614,10.719*78
$GNGST,090615.90,0.029,0.020,0.007,50.5605,3.495,4.614,10.719*74
$GNGST,090616.00,0.029,0.020,0.007,50.5605,3.495,4.614,10.719*7E
$GNGST,090616.10,0.029,0.020,0.007,50.5605,3.495,4.614,10.719*7F
$GNGST,090616.20,0.029,0.020,0.007,50.5605,3.495,4.614,10.719*7C
$GNGST,090616.30,0.029,0.020,0.007,50.7460,3.495,4.614,10.719*7E
$GNGST,090616.40,0.029,0.020,0.007,50.7446,3.495,4.614,10.719*7D
$GNGST,090616.50,0.029,0.020,0.007,50.7446,3.495,4.614,10.719*7C
$GNGST,090616.60,0.029,0.020,0.007,51.0753,3.495,4.614,10.719*7E
$GNGST,090616.70,0.027,0.018,0.006,50.4207,3.495,4.614,10.719*7A
$GNGST,090616.80,0.027,0.018,0.006,50.3333,3.495,4.614,10.719*74
$GNGST,090616.90,0.027,0.018,0.006,50.4208,3.495,4.614,10.719*7B
$GNGST,090617.00,0.027,0.018,0.006,50.4208,3.495,4.614,10.719*73
$GNGST,090617.10,0.027,0.018,0.006,50.4209,3.495,4.614,10.719*73
$GNGST,090617.20,0.027,0.018,0.006,50.4209,3.495,4.614,10.719*70
$GNGST,090617.30,0.027,0.018,0.006,50.4156,3.495,4.614,10.719*78
$GNGST,090617.40,0.027,0.018,0.006,50.4661,3.495,4.614,10.719*7C
$GNGST,090617.50,0.027,0.018,0.006,50.4662,3.495,4.614,10.719*7E
$GNGST,090617.60,0.027,0.018,0.006,50.4158,3.495,4.614,10.719*73
$GNGST,090617.70,0.027,0.018,0.006,50.4158,3.495,4.614,10.719*72
$GNGST,090617.80,0.026,0.017,0.006,49.9242,3.495,4.614,10.719*7E
$GNGST,090617.90,0.026,0.017,0.006,49.9242,3.495,4.614,10.719*7F
$GNGST,090618.00,0.026,0.017,0.006,49.9242,3.495,4.614,10.719*79
$GNGST,090618.10,0.026,0.017,0.006,49.9243,3.495,4.614,10.719*79
$GNGST,090618.20,0.026,0.018,0.006,51.1242,3.495,4.614,10.719*75
$GNGST,090618.30,0.026,0.018,0.006,51.3507,3.495,4.614,10.719*70
$GNGST,090618.40,0.026,0.018,0.006,51.3507,3.495,4.614,10.719*77
$GNGST,090618.50,0.026,0.018,0.006,51.1243,3.495,4.614,10.719*73
$GNGST,090618.60,0.026,0.018,0.006,51.1244,3.495,4.614,10.719*77
$GNGST,090618.70,0.027,0.018,0.006,51.4463,3.495,4.614,10.719*71
$GNGST,090618.80,0.026,0.018,0.006,51.3509,3.495,4.614,10.719*75
$GNGST,090618.90,0.026,0.018,0.006,52.2110,3.495,4.614,10.719*7A
$GNGST,090619.00,0.026,0.018,0.006,52.2110,3.495,4.614,10.719*72
$GNGST,090619.10,0.026,0.018,0.006,52.2049,3.495,4.614,10.719*7E
$GNGST,090619.20,0.026,0.018,0.006,52.4751,3.495,4.614,10.719*75
$GNGST,090619.30,0.026,0.018,0.006,52.4752,3.495,4.614,10.719*77
$GNGST,090619.40,0.026,0.018,0.006,52.4752,3.495,4.614,10.719*70
$GNGST,090619.50,0.026,0.018,0.006,52.4753,3.495,4.614,10.719*70
$GNGST,090619.60,0.026,0.018,0.006,52.4753,3.495,4.614,10.719*73
$GNGST,090619.70,0.026,0.018,0.006,52.4754,3.495,4.614,10.719*75
$GNGST,090619.80,0.026,0.018,0.006,50.9919,3.495,4.614,10.719*72
$GNGST,090619.90,0.026,0.018,0.006,50.9978,3.495,4.614,10.719*74
$GNGST,090620.00,0.026,0.018,0.006,50.9978,3.495,4.614,10.719*77
$GNGST,090620.10,0.026,0.018,0.006,50.9921,3.495,4.614,10.719*7A
$GNGST,090620.20,0.026,0.018,0.006,50.9921,3.495,4.614,10.719*79
$GNGST,090620.30,0.026,0.017,0.006,49.7876,3.495,4.614,10.719*72
$GNGST,090620.40,0.026,0.018,0.006,51.2228,3.495,4.614,10.719*77
$GNGST,090620.50,0.026,0.018,0.006,51.2229,3.495,4.614,10.719*77
$GNGST,090620.60,0.026,0.018,0.006,51.2668,3.495,4.614,10.719*75
$GNGST,090620.70,0.027,0.018,0.006,48.0932,3.495,4.614,10.719*7F
$GNGST,090620.80,0.027,0.018,0.006,48.0933,3.495,4.614,10.719*71
$GNGST,090620.90,0.027,0.018,0.006,48.0933,3.495,4.614,10.719*70
$GNGST,090621.00,0.027,0.018,0.006,48.0933,3.495,4.614,10.719*78
$GNGST,090621.10,0.027,0.018,0.006,48.0933,3.495,4.614,10.719*79
$GNGST,090621.20,0.027,0.018,0.006,48.0934,3.495,4.614,10.719*7D
$GNGST,090621.30,0.027,0.018,0.006,48.0934,3.495,4.614,10.719*7C
$GNGST,090621.40,0.027,0.018,0.006,48.0934,3.495,4.614,10.719*7B
$GNGST,090621.50,0.027,0.018,0.006,48.5807,3.495,4.614,10.719*7E
$GNGST,090621.60,0.027,0.018,0.006,48.5807,3.495,4.614,10.719*7D
$GNGST,090621.70,0.027,0.018,0.006,48.5808,3.495,4.614,10.719*73
$GNGST,090621.80,0.027,0.018,0.006,48.5808,3.495,4.614,10.719*7C
$GNGST,090621.90,0.027,0.018,0.006,48.5808,3.495,4.614,10.719*7D
$GNGST,090622.00,0.027,0.019,0.006,49.7603,3.495,4.614,10.719*70
$GNGST,090622.10,0.027,0.019,0.006,49.7603,3.495,4.614,10.719*71
$GNGST,090622.20,0.027,0.018,0.006,48.5809,3.495,4.614,10.719*74
$GNGST,090622.30,0.027,0.018,0.006,48.5809,3.495,4.614,10.719*75
$GNGST,090622.40,0.028,0.019,0.007,50.0209,3.495,4.614,10.719*7B
$GNGST,090622.50,0.027,0.019,0.006,49.7605,3.495,4.614,10.719*73
$GNGST,090622.60,0.028,0.019,0.007,49.9976,3.495,4.614,10.719*7B
$GNGST,090622.70,0.028,0.019,0.007,49.9976,3.495,4.614,10.719*7A
$GNGST,090622.80,0.026,0.018,0.006,49.1065,3.495,4.614,10.719*78
$GNGST,090622.90,0.027,0.019,0.006,50.2752,3.495,4.614,10.719*71
$GNGST,090623.00,0.027,0.019,0.006,50.2752,3.495,4.614,10.719*79
$GNGST,090623.10,0.028,0.019,0.006,49.9429,3.495,4.614,10.719*7B
$GNGST,090623.20,0.027,0.019,0.006,50.2697,3.495,4.614,10.719*73
$GNGST,090623.30,0.027,0.019,0.006,50.2698,3.495,4.614,10.719*7D
$GNGST,090623.40,0.027,0.019,0.006,50.5062,3.495,4.614,10.719*7E
$GNGST,090623.50,0.027,0.019,0.006,50.5063,3.495,4.614,10.719*7E
$GNGST,090623.60,0.027,0.019,0.006,50.5063,3.495,4.614,10.719*7D
$GNGST,090623.70,0.027,0.018,0.006,48.9819,3.495,4.614,10.719*7D
$GNGST,090623.80,0.028,0.019,0.006,50.1374,3.495,4.614,10.719*7D
$GNGST,090623.90,0.028,0.019,0.006,50.0512,3.495,4.614,10.719*7B
$GNGST,090624.00,0.028,0.019,0.006,50.1375,3.495,4.614,10.719*73
$GNGST,090624.10,0.028,0.019,0.006,50.1376,3.495,4.614,10.719*71
$GNGST,090624.20,0.028,0.019,0.006,50.3721,3.495,4.614,10.719*76
$GNGST,090624.30,0.028,0.019,0.006,50.3721,3.495,4.614,10.719*77
$GNGST,090624.40,0.028,0.019,0.006,50.3722,3.495,4.614,10.719*73